target,csv_col,csv_raw,csv_norm,matched_html_header,matched_html_index,matched_html_value,year,player_id,player_name,html_header,html_row,csv_file,line
CSV_IP,IP,85.0,85,投球回,13,85,1950,41743801,大友　工,年度|所属球団|登板|勝利|敗北|セーブ|H|HP|完投|完封勝|無四球|勝率|打者|投球回|安打|本塁打|四球|死球|三振|暴投|ボーク|失点|自責点|防御率,1950|読　売|15|4|4||||5|0|0|.500|356|85|85||71|3|39|0|44|1|0|41|35|3.71,_data\master_csv__rescrape_staging\pitching_1950_CL_from_master.csv,2
CSV_IP,IP,85.0,85,安打,14,85,1950,41743801,大友　工,年度|所属球団|登板|勝利|敗北|セーブ|H|HP|完投|完封勝|無四球|勝率|打者|投球回|安打|本塁打|四球|死球|三振|暴投|ボーク|失点|自責点|防御率,1950|読　売|15|4|4||||5|0|0|.500|356|85|85||71|3|39|0|44|1|0|41|35|3.71,_data\master_csv__rescrape_staging\pitching_1950_CL_from_master.csv,2
CSV_ER,ER,0,0,完封勝,9,0,1950,41743801,大友　工,年度|所属球団|登板|勝利|敗北|セーブ|H|HP|完投|完封勝|無四球|勝率|打者|投球回|安打|本塁打|四球|死球|三振|暴投|ボーク|失点|自責点|防御率,1950|読　売|15|4|4||||5|0|0|.500|356|85|85||71|3|39|0|44|1|0|41|35|3.71,_data\master_csv__rescrape_staging\pitching_1950_CL_from_master.csv,2
CSV_ER,ER,0,0,無四球,10,0,1950,41743801,大友　工,年度|所属球団|登板|勝利|敗北|セーブ|H|HP|完投|完封勝|無四球|勝率|打者|投球回|安打|本塁打|四球|死球|三振|暴投|ボーク|失点|自責点|防御率,1950|読　売|15|4|4||||5|0|0|.500|356|85|85||71|3|39|0|44|1|0|41|35|3.71,_data\master_csv__rescrape_staging\pitching_1950_CL_from_master.csv,2
CSV_ER,ER,0,0,暴投,19,0,1950,41743801,大友　工,年度|所属球団|登板|勝利|敗北|セーブ|H|HP|完投|完封勝|無四球|勝率|打者|投球回|安打|本塁打|四球|死球|三振|暴投|ボーク|失点|自責点|防御率,1950|読　売|15|4|4||||5|0|0|.500|356|85|85||71|3|39|0|44|1|0|41|35|3.71,_data\master_csv__rescrape_staging\pitching_1950_CL_from_master.csv,2
CSV_ER,ER,0,0,自責点,22,0,1950,41743801,大友　工,年度|所属球団|登板|勝利|敗北|セーブ|H|HP|完投|完封勝|無四球|勝率|打者|投球回|安打|本塁打|四球|死球|三振|暴投|ボーク|失点|自責点|防御率,1950|読　売|15|4|4||||5|0|0|.500|356|85|85||71|3|39|0|44|1|0|41|35|3.71,_data\master_csv__rescrape_staging\pitching_1950_CL_from_master.csv,2
CSV_ER,ER,0,0,index_7,7,0,1950,41743801,大友　工,,1950|読　売|17|32|31|2|4|0|0|0|4|1|0|0|0||1|0|14|0|.129|.129|,_data\master_csv__rescrape_staging\pitching_1950_CL_from_master.csv,2
CSV_ER,ER,0,0,index_8,8,0,1950,41743801,大友　工,,1950|読　売|17|32|31|2|4|0|0|0|4|1|0|0|0||1|0|14|0|.129|.129|,_data\master_csv__rescrape_staging\pitching_1950_CL_from_master.csv,2
CSV_ER,ER,0,0,index_9,9,0,1950,41743801,大友　工,,1950|読　売|17|32|31|2|4|0|0|0|4|1|0|0|0||1|0|14|0|.129|.129|,_data\master_csv__rescrape_staging\pitching_1950_CL_from_master.csv,2
CSV_ER,ER,0,0,index_12,12,0,1950,41743801,大友　工,,1950|読　売|17|32|31|2|4|0|0|0|4|1|0|0|0||1|0|14|0|.129|.129|,_data\master_csv__rescrape_staging\pitching_1950_CL_from_master.csv,2
CSV_ER,ER,0,0,index_13,13,0,1950,41743801,大友　工,,1950|読　売|17|32|31|2|4|0|0|0|4|1|0|0|0||1|0|14|0|.129|.129|,_data\master_csv__rescrape_staging\pitching_1950_CL_from_master.csv,2
CSV_ER,ER,0,0,index_14,14,0,1950,41743801,大友　工,,1950|読　売|17|32|31|2|4|0|0|0|4|1|0|0|0||1|0|14|0|.129|.129|,_data\master_csv__rescrape_staging\pitching_1950_CL_from_master.csv,2
CSV_ER,ER,0,0,index_17,17,0,1950,41743801,大友　工,,1950|読　売|17|32|31|2|4|0|0|0|4|1|0|0|0||1|0|14|0|.129|.129|,_data\master_csv__rescrape_staging\pitching_1950_CL_from_master.csv,2
CSV_ER,ER,0,0,index_19,19,0,1950,41743801,大友　工,,1950|読　売|17|32|31|2|4|0|0|0|4|1|0|0|0||1|0|14|0|.129|.129|,_data\master_csv__rescrape_staging\pitching_1950_CL_from_master.csv,2
CSV_ERA,ERA,41.0,41,防御率,23,41,1950,41743801,大友　工,年度|所属球団|登板|勝利|敗北|セーブ|H|HP|完投|完封勝|無四球|勝率|打者|投球回|安打|本塁打|四球|死球|三振|暴投|ボーク|失点|自責点|防御率,1950|読　売|15|4|4||||5|0|0|.500|356|85|85||71|3|39|0|44|1|0|41|35|3.71,_data\master_csv__rescrape_staging\pitching_1950_CL_from_master.csv,2
CSV_IP,IP,244.0,244,投球回,13,244,1950,71373893,多田　文久三,年度|所属球団|登板|勝利|敗北|セーブ|H|HP|完投|完封勝|無四球|勝率|打者|投球回|安打|本塁打|四球|死球|三振|暴投|ボーク|失点|自責点|防御率,1950|読　売|40|14|9||||13|2|1|.609|1009|244|244||215|12|89|5|138|2|0|103|79|2.91,_data\master_csv__rescrape_staging\pitching_1950_CL_from_master.csv,3
CSV_IP,IP,244.0,244,安打,14,244,1950,71373893,多田　文久三,年度|所属球団|登板|勝利|敗北|セーブ|H|HP|完投|完封勝|無四球|勝率|打者|投球回|安打|本塁打|四球|死球|三振|暴投|ボーク|失点|自責点|防御率,1950|読　売|40|14|9||||13|2|1|.609|1009|244|244||215|12|89|5|138|2|0|103|79|2.91,_data\master_csv__rescrape_staging\pitching_1950_CL_from_master.csv,3
CSV_ER,ER,0,0,自責点,22,0,1950,71373893,多田　文久三,年度|所属球団|登板|勝利|敗北|セーブ|H|HP|完投|完封勝|無四球|勝率|打者|投球回|安打|本塁打|四球|死球|三振|暴投|ボーク|失点|自責点|防御率,1950|読　売|40|14|9||||13|2|1|.609|1009|244|244||215|12|89|5|138|2|0|103|79|2.91,_data\master_csv__rescrape_staging\pitching_1950_CL_from_master.csv,3
CSV_ER,ER,0,0,index_12,12,0,1950,71373893,多田　文久三,,1950|読　売|42|106|92|16|20|3|1|3|34|17|0|0|1||13|0|19|1|.217|.370|,_data\master_csv__rescrape_staging\pitching_1950_CL_from_master.csv,3
CSV_ER,ER,0,0,index_13,13,0,1950,71373893,多田　文久三,,1950|読　売|42|106|92|16|20|3|1|3|34|17|0|0|1||13|0|19|1|.217|.370|,_data\master_csv__rescrape_staging\pitching_1950_CL_from_master.csv,3
CSV_ER,ER,0,0,index_17,17,0,1950,71373893,多田　文久三,,1950|読　売|42|106|92|16|20|3|1|3|34|17|0|0|1||13|0|19|1|.217|.370|,_data\master_csv__rescrape_staging\pitching_1950_CL_from_master.csv,3
CSV_ERA,ERA,103.0,103,防御率,23,103,1950,71373893,多田　文久三,年度|所属球団|登板|勝利|敗北|セーブ|H|HP|完投|完封勝|無四球|勝率|打者|投球回|安打|本塁打|四球|死球|三振|暴投|ボーク|失点|自責点|防御率,1950|読　売|40|14|9||||13|2|1|.609|1009|244|244||215|12|89|5|138|2|0|103|79|2.91,_data\master_csv__rescrape_staging\pitching_1950_CL_from_master.csv,3
CSV_ER,ER,0,0,自責点,22,0,1950,01703878,中尾　碩志,年度|所属球団|登板|勝利|敗北|セーブ|H|HP|完投|完封勝|無四球|勝率|打者|投球回|安打|本塁打|四球|死球|三振|暴投|ボーク|失点|自責点|防御率,1950|読　売|38|12|11||||8|2|1|.522|838|194 .1|194|.1|193|26|76|1|112|3|0|105|84|3.88,_data\master_csv__rescrape_staging\pitching_1950_CL_from_master.csv,4
CSV_ER,ER,0,0,index_8,8,0,1950,01703878,中尾　碩志,,1950|読　売|38|79|72|3|10|2|0|0|12|4|1|0|2||5|0|14|2|.139|.167|,_data\master_csv__rescrape_staging\pitching_1950_CL_from_master.csv,4
CSV_ER,ER,0,0,index_9,9,0,1950,01703878,中尾　碩志,,1950|読　売|38|79|72|3|10|2|0|0|12|4|1|0|2||5|0|14|2|.139|.167|,_data\master_csv__rescrape_staging\pitching_1950_CL_from_master.csv,4
CSV_ER,ER,0,0,index_13,13,0,1950,01703878,中尾　碩志,,1950|読　売|38|79|72|3|10|2|0|0|12|4|1|0|2||5|0|14|2|.139|.167|,_data\master_csv__rescrape_staging\pitching_1950_CL_from_master.csv,4
CSV_ER,ER,0,0,index_17,17,0,1950,01703878,中尾　碩志,,1950|読　売|38|79|72|3|10|2|0|0|12|4|1|0|2||5|0|14|2|.139|.167|,_data\master_csv__rescrape_staging\pitching_1950_CL_from_master.csv,4
CSV_ERA,ERA,105.0,105,防御率,23,105,1950,01703878,中尾　碩志,年度|所属球団|登板|勝利|敗北|セーブ|H|HP|完投|完封勝|無四球|勝率|打者|投球回|安打|本塁打|四球|死球|三振|暴投|ボーク|失点|自責点|防御率,1950|読　売|38|12|11||||8|2|1|.522|838|194 .1|194|.1|193|26|76|1|112|3|0|105|84|3.88,_data\master_csv__rescrape_staging\pitching_1950_CL_from_master.csv,4
CSV_ER,ER,0,0,自責点,22,0,1950,81783895,藤本　英雄,年度|所属球団|登板|勝利|敗北|セーブ|H|HP|完投|完封勝|無四球|勝率|打者|投球回|安打|本塁打|四球|死球|三振|暴投|ボーク|失点|自責点|防御率,1950|読　売|49|26|14||||33|6|8|.650|1442|360 .1|360|.1|307|25|70|2|156|1|0|117|98|2.44,_data\master_csv__rescrape_staging\pitching_1950_CL_from_master.csv,5
CSV_ER,ER,0,0,index_14,14,0,1950,81783895,藤本　英雄,,1950|読　売|88|194|172|19|49|4|1|7|76|24|2|2|0||22|0|13|7|.285|.442|,_data\master_csv__rescrape_staging\pitching_1950_CL_from_master.csv,5
CSV_ER,ER,0,0,index_17,17,0,1950,81783895,藤本　英雄,,1950|読　売|88|194|172|19|49|4|1|7|76|24|2|2|0||22|0|13|7|.285|.442|,_data\master_csv__rescrape_staging\pitching_1950_CL_from_master.csv,5
CSV_ERA,ERA,117.0,117,防御率,23,117,1950,81783895,藤本　英雄,年度|所属球団|登板|勝利|敗北|セーブ|H|HP|完投|完封勝|無四球|勝率|打者|投球回|安打|本塁打|四球|死球|三振|暴投|ボーク|失点|自責点|防御率,1950|読　売|49|26|14||||33|6|8|.650|1442|360 .1|360|.1|307|25|70|2|156|1|0|117|98|2.44,_data\master_csv__rescrape_staging\pitching_1950_CL_from_master.csv,5
CSV_IP,IP,314.0,314,投球回,13,314,1950,31933895,別所　毅彦,年度|所属球団|登板|勝利|敗北|セーブ|H|HP|完投|完封勝|無四球|勝率|打者|投球回|安打|本塁打|四球|死球|三振|暴投|ボーク|失点|自責点|防御率,1950|読　売|43|22|11||||27|8|0|.667|1287|314|314||273|24|93|4|157|1|1|114|89|2.55,_data\master_csv__rescrape_staging\pitching_1950_CL_from_master.csv,6
CSV_IP,IP,314.0,314,安打,14,314,1950,31933895,別所　毅彦,年度|所属球団|登板|勝利|敗北|セーブ|H|HP|完投|完封勝|無四球|勝率|打者|投球回|安打|本塁打|四球|死球|三振|暴投|ボーク|失点|自責点|防御率,1950|読　売|43|22|11||||27|8|0|.667|1287|314|314||273|24|93|4|157|1|1|114|89|2.55,_data\master_csv__rescrape_staging\pitching_1950_CL_from_master.csv,6
CSV_ER,ER,1,1,失点,21,1,1950,31933895,別所　毅彦,年度|所属球団|登板|勝利|敗北|セーブ|H|HP|完投|完封勝|無四球|勝率|打者|投球回|安打|本塁打|四球|死球|三振|暴投|ボーク|失点|自責点|防御率,1950|読　売|43|22|11||||27|8|0|.667|1287|314|314||273|24|93|4|157|1|1|114|89|2.55,_data\master_csv__rescrape_staging\pitching_1950_CL_from_master.csv,6
CSV_ER,ER,1,1,自責点,22,1,1950,31933895,別所　毅彦,年度|所属球団|登板|勝利|敗北|セーブ|H|HP|完投|完封勝|無四球|勝率|打者|投球回|安打|本塁打|四球|死球|三振|暴投|ボーク|失点|自責点|防御率,1950|読　売|43|22|11||||27|8|0|.667|1287|314|314||273|24|93|4|157|1|1|114|89|2.55,_data\master_csv__rescrape_staging\pitching_1950_CL_from_master.csv,6
CSV_ER,ER,1,1,index_13,13,1,1950,31933895,別所　毅彦,,1950|読　売|67|161|151|25|52|12|2|4|80|28|0|1|0||10|0|6|3|.344|.530|,_data\master_csv__rescrape_staging\pitching_1950_CL_from_master.csv,6
CSV_ERA,ERA,114.0,114,防御率,23,114,1950,31933895,別所　毅彦,年度|所属球団|登板|勝利|敗北|セーブ|H|HP|完投|完封勝|無四球|勝率|打者|投球回|安打|本塁打|四球|死球|三振|暴投|ボーク|失点|自責点|防御率,1950|読　売|43|22|11||||27|8|0|.667|1287|314|314||273|24|93|4|157|1|1|114|89|2.55,_data\master_csv__rescrape_staging\pitching_1950_CL_from_master.csv,6
CSV_IP,IP,278.0,278,投球回,13,278,1950,31133898,阿部　八郎,年度|所属球団|登板|勝利|敗北|セーブ|H|HP|完投|完封勝|無四球|勝率|打者|投球回|安打|本塁打|四球|死球|三振|暴投|ボーク|失点|自責点|防御率,1950|阪　急|53|14|18||||14|4|0|.438|1180|278|278||251|16|104|1|156|2|2|134|109|3.53,_data\master_csv__rescrape_staging\pitching_1950_PL_from_master.csv,2
CSV_IP,IP,278.0,278,安打,14,278,1950,31133898,阿部　八郎,年度|所属球団|登板|勝利|敗北|セーブ|H|HP|完投|完封勝|無四球|勝率|打者|投球回|安打|本塁打|四球|死球|三振|暴投|ボーク|失点|自責点|防御率,1950|阪　急|53|14|18||||14|4|0|.438|1180|278|278||251|16|104|1|156|2|2|134|109|3.53,_data\master_csv__rescrape_staging\pitching_1950_PL_from_master.csv,2
CSV_ER,ER,2,2,失点,21,2,1950,31133898,阿部　八郎,年度|所属球団|登板|勝利|敗北|セーブ|H|HP|完投|完封勝|無四球|勝率|打者|投球回|安打|本塁打|四球|死球|三振|暴投|ボーク|失点|自責点|防御率,1950|阪　急|53|14|18||||14|4|0|.438|1180|278|278||251|16|104|1|156|2|2|134|109|3.53,_data\master_csv__rescrape_staging\pitching_1950_PL_from_master.csv,2
CSV_ER,ER,2,2,自責点,22,2,1950,31133898,阿部　八郎,年度|所属球団|登板|勝利|敗北|セーブ|H|HP|完投|完封勝|無四球|勝率|打者|投球回|安打|本塁打|四球|死球|三振|暴投|ボーク|失点|自責点|防御率,1950|阪　急|53|14|18||||14|4|0|.438|1180|278|278||251|16|104|1|156|2|2|134|109|3.53,_data\master_csv__rescrape_staging\pitching_1950_PL_from_master.csv,2
CSV_ERA,ERA,134.0,134,防御率,23,134,1950,31133898,阿部　八郎,年度|所属球団|登板|勝利|敗北|セーブ|H|HP|完投|完封勝|無四球|勝率|打者|投球回|安打|本塁打|四球|死球|三振|暴投|ボーク|失点|自責点|防御率,1950|阪　急|53|14|18||||14|4|0|.438|1180|278|278||251|16|104|1|156|2|2|134|109|3.53,_data\master_csv__rescrape_staging\pitching_1950_PL_from_master.csv,2
CSV_ER,ER,0,0,完封勝,9,0,1950,01603801,柴田　英治,年度|所属球団|登板|勝利|敗北|セーブ|H|HP|完投|完封勝|無四球|勝率|打者|投球回|安打|本塁打|四球|死球|三振|暴投|ボーク|失点|自責点|防御率,1950|阪　急|14|4|3||||3|0|2|.571|311|75 .2|75|.2|72|7|9|1|32|0|0|29|22|2.61,_data\master_csv__rescrape_staging\pitching_1950_PL_from_master.csv,4
CSV_ER,ER,0,0,失点,21,0,1950,01603801,柴田　英治,年度|所属球団|登板|勝利|敗北|セーブ|H|HP|完投|完封勝|無四球|勝率|打者|投球回|安打|本塁打|四球|死球|三振|暴投|ボーク|失点|自責点|防御率,1950|阪　急|14|4|3||||3|0|2|.571|311|75 .2|75|.2|72|7|9|1|32|0|0|29|22|2.61,_data\master_csv__rescrape_staging\pitching_1950_PL_from_master.csv,4
CSV_ER,ER,0,0,自責点,22,0,1950,01603801,柴田　英治,年度|所属球団|登板|勝利|敗北|セーブ|H|HP|完投|完封勝|無四球|勝率|打者|投球回|安打|本塁打|四球|死球|三振|暴投|ボーク|失点|自責点|防御率,1950|阪　急|14|4|3||||3|0|2|.571|311|75 .2|75|.2|72|7|9|1|32|0|0|29|22|2.61,_data\master_csv__rescrape_staging\pitching_1950_PL_from_master.csv,4
CSV_ER,ER,0,0,index_7,7,0,1950,01603801,柴田　英治,,1950|阪　急|14|28|28|1|5|0|0|0|5|1|0|0|0||0|0|10|3|.179|.179|,_data\master_csv__rescrape_staging\pitching_1950_PL_from_master.csv,4
CSV_ER,ER,0,0,index_8,8,0,1950,01603801,柴田　英治,,1950|阪　急|14|28|28|1|5|0|0|0|5|1|0|0|0||0|0|10|3|.179|.179|,_data\master_csv__rescrape_staging\pitching_1950_PL_from_master.csv,4
CSV_ER,ER,0,0,index_9,9,0,1950,01603801,柴田　英治,,1950|阪　急|14|28|28|1|5|0|0|0|5|1|0|0|0||0|0|10|3|.179|.179|,_data\master_csv__rescrape_staging\pitching_1950_PL_from_master.csv,4
CSV_ER,ER,0,0,index_12,12,0,1950,01603801,柴田　英治,,1950|阪　急|14|28|28|1|5|0|0|0|5|1|0|0|0||0|0|10|3|.179|.179|,_data\master_csv__rescrape_staging\pitching_1950_PL_from_master.csv,4
CSV_ER,ER,0,0,index_13,13,0,1950,01603801,柴田　英治,,1950|阪　急|14|28|28|1|5|0|0|0|5|1|0|0|0||0|0|10|3|.179|.179|,_data\master_csv__rescrape_staging\pitching_1950_PL_from_master.csv,4
CSV_ER,ER,0,0,index_14,14,0,1950,01603801,柴田　英治,,1950|阪　急|14|28|28|1|5|0|0|0|5|1|0|0|0||0|0|10|3|.179|.179|,_data\master_csv__rescrape_staging\pitching_1950_PL_from_master.csv,4
CSV_ER,ER,0,0,index_16,16,0,1950,01603801,柴田　英治,,1950|阪　急|14|28|28|1|5|0|0|0|5|1|0|0|0||0|0|10|3|.179|.179|,_data\master_csv__rescrape_staging\pitching_1950_PL_from_master.csv,4
CSV_ER,ER,0,0,index_17,17,0,1950,01603801,柴田　英治,,1950|阪　急|14|28|28|1|5|0|0|0|5|1|0|0|0||0|0|10|3|.179|.179|,_data\master_csv__rescrape_staging\pitching_1950_PL_from_master.csv,4
CSV_ERA,ERA,29.0,29,防御率,23,29,1950,01603801,柴田　英治,年度|所属球団|登板|勝利|敗北|セーブ|H|HP|完投|完封勝|無四球|勝率|打者|投球回|安打|本塁打|四球|死球|三振|暴投|ボーク|失点|自責点|防御率,1950|阪　急|14|4|3||||3|0|2|.571|311|75 .2|75|.2|72|7|9|1|32|0|0|29|22|2.61,_data\master_csv__rescrape_staging\pitching_1950_PL_from_master.csv,4
CSV_IP,IP,328.0,328,投球回,13,328,1950,61563895,天保　義夫,年度|所属球団|登板|勝利|敗北|セーブ|H|HP|完投|完封勝|無四球|勝率|打者|投球回|安打|本塁打|四球|死球|三振|暴投|ボーク|失点|自責点|防御率,1950|阪　急|57|18|24||||21|0|3|.429|1380|328|328||322|20|102|0|141|6|0|164|134|3.68,_data\master_csv__rescrape_staging\pitching_1950_PL_from_master.csv,5
CSV_IP,IP,328.0,328,安打,14,328,1950,61563895,天保　義夫,年度|所属球団|登板|勝利|敗北|セーブ|H|HP|完投|完封勝|無四球|勝率|打者|投球回|安打|本塁打|四球|死球|三振|暴投|ボーク|失点|自責点|防御率,1950|阪　急|57|18|24||||21|0|3|.429|1380|328|328||322|20|102|0|141|6|0|164|134|3.68,_data\master_csv__rescrape_staging\pitching_1950_PL_from_master.csv,5
CSV_ER,ER,0,0,完封勝,9,0,1950,61563895,天保　義夫,年度|所属球団|登板|勝利|敗北|セーブ|H|HP|完投|完封勝|無四球|勝率|打者|投球回|安打|本塁打|四球|死球|三振|暴投|ボーク|失点|自責点|防御率,1950|阪　急|57|18|24||||21|0|3|.429|1380|328|328||322|20|102|0|141|6|0|164|134|3.68,_data\master_csv__rescrape_staging\pitching_1950_PL_from_master.csv,5
CSV_ER,ER,0,0,暴投,19,0,1950,61563895,天保　義夫,年度|所属球団|登板|勝利|敗北|セーブ|H|HP|完投|完封勝|無四球|勝率|打者|投球回|安打|本塁打|四球|死球|三振|暴投|ボーク|失点|自責点|防御率,1950|阪　急|57|18|24||||21|0|3|.429|1380|328|328||322|20|102|0|141|6|0|164|134|3.68,_data\master_csv__rescrape_staging\pitching_1950_PL_from_master.csv,5
CSV_ER,ER,0,0,自責点,22,0,1950,61563895,天保　義夫,年度|所属球団|登板|勝利|敗北|セーブ|H|HP|完投|完封勝|無四球|勝率|打者|投球回|安打|本塁打|四球|死球|三振|暴投|ボーク|失点|自責点|防御率,1950|阪　急|57|18|24||||21|0|3|.429|1380|328|328||322|20|102|0|141|6|0|164|134|3.68,_data\master_csv__rescrape_staging\pitching_1950_PL_from_master.csv,5
CSV_ER,ER,0,0,index_14,14,0,1950,61563895,天保　義夫,,1950|阪　急|57|139|128|11|27|3|2|1|37|13|3|1|0||9|2|16|2|.211|.289|,_data\master_csv__rescrape_staging\pitching_1950_PL_from_master.csv,5
CSV_ERA,ERA,164.0,164,防御率,23,164,1950,61563895,天保　義夫,年度|所属球団|登板|勝利|敗北|セーブ|H|HP|完投|完封勝|無四球|勝率|打者|投球回|安打|本塁打|四球|死球|三振|暴投|ボーク|失点|自責点|防御率,1950|阪　急|57|18|24||||21|0|3|.429|1380|328|328||322|20|102|0|141|6|0|164|134|3.68,_data\master_csv__rescrape_staging\pitching_1950_PL_from_master.csv,5
CSV_ER,ER,0,0,失点,21,0,1950,81783878,野口　二郎,年度|所属球団|登板|勝利|敗北|セーブ|H|HP|完投|完封勝|無四球|勝率|打者|投球回|安打|本塁打|四球|死球|三振|暴投|ボーク|失点|自責点|防御率,1950|阪　急|35|15|9||||10|2|7|.625|750|181 .2|181|.2|190|20|14|1|61|0|0|85|64|3.16,_data\master_csv__rescrape_staging\pitching_1950_PL_from_master.csv,6
CSV_ER,ER,0,0,自責点,22,0,1950,81783878,野口　二郎,年度|所属球団|登板|勝利|敗北|セーブ|H|HP|完投|完封勝|無四球|勝率|打者|投球回|安打|本塁打|四球|死球|三振|暴投|ボーク|失点|自責点|防御率,1950|阪　急|35|15|9||||10|2|7|.625|750|181 .2|181|.2|190|20|14|1|61|0|0|85|64|3.16,_data\master_csv__rescrape_staging\pitching_1950_PL_from_master.csv,6
CSV_ER,ER,0,0,index_17,17,0,1950,81783878,野口　二郎,,1950|阪　急|107|342|332|28|86|16|1|3|113|41|8|3|1||9|0|11|11|.259|.340|,_data\master_csv__rescrape_staging\pitching_1950_PL_from_master.csv,6
CSV_ERA,ERA,85.0,85,防御率,23,85,1950,81783878,野口　二郎,年度|所属球団|登板|勝利|敗北|セーブ|H|HP|完投|完封勝|無四球|勝率|打者|投球回|安打|本塁打|四球|死球|三振|暴投|ボーク|失点|自責点|防御率,1950|阪　急|35|15|9||||10|2|7|.625|750|181 .2|181|.2|190|20|14|1|61|0|0|85|64|3.16,_data\master_csv__rescrape_staging\pitching_1950_PL_from_master.csv,6
CSV_IP,IP,28.0,28,投球回,13,28,1950,31533894,浜崎　真二,年度|所属球団|登板|勝利|敗北|セーブ|H|HP|完投|完封勝|無四球|勝率|打者|投球回|安打|本塁打|四球|死球|三振|暴投|ボーク|失点|自責点|防御率,1950|阪　急|9|1|2||||0|0|0|.333|129|28|28||34|3|19|0|12|2|0|25|22|7.07,_data\master_csv__rescrape_staging\pitching_1950_PL_from_master.csv,7
CSV_IP,IP,28.0,28,安打,14,28,1950,31533894,浜崎　真二,年度|所属球団|登板|勝利|敗北|セーブ|H|HP|完投|完封勝|無四球|勝率|打者|投球回|安打|本塁打|四球|死球|三振|暴投|ボーク|失点|自責点|防御率,1950|阪　急|9|1|2||||0|0|0|.333|129|28|28||34|3|19|0|12|2|0|25|22|7.07,_data\master_csv__rescrape_staging\pitching_1950_PL_from_master.csv,7
CSV_ER,ER,0,0,完投,8,0,1950,31533894,浜崎　真二,年度|所属球団|登板|勝利|敗北|セーブ|H|HP|完投|完封勝|無四球|勝率|打者|投球回|安打|本塁打|四球|死球|三振|暴投|ボーク|失点|自責点|防御率,1950|阪　急|9|1|2||||0|0|0|.333|129|28|28||34|3|19|0|12|2|0|25|22|7.07,_data\master_csv__rescrape_staging\pitching_1950_PL_from_master.csv,7
CSV_ER,ER,0,0,完封勝,9,0,1950,31533894,浜崎　真二,年度|所属球団|登板|勝利|敗北|セーブ|H|HP|完投|完封勝|無四球|勝率|打者|投球回|安打|本塁打|四球|死球|三振|暴投|ボーク|失点|自責点|防御率,1950|阪　急|9|1|2||||0|0|0|.333|129|28|28||34|3|19|0|12|2|0|25|22|7.07,_data\master_csv__rescrape_staging\pitching_1950_PL_from_master.csv,7
CSV_ER,ER,0,0,無四球,10,0,1950,31533894,浜崎　真二,年度|所属球団|登板|勝利|敗北|セーブ|H|HP|完投|完封勝|無四球|勝率|打者|投球回|安打|本塁打|四球|死球|三振|暴投|ボーク|失点|自責点|防御率,1950|阪　急|9|1|2||||0|0|0|.333|129|28|28||34|3|19|0|12|2|0|25|22|7.07,_data\master_csv__rescrape_staging\pitching_1950_PL_from_master.csv,7
CSV_ER,ER,0,0,暴投,19,0,1950,31533894,浜崎　真二,年度|所属球団|登板|勝利|敗北|セーブ|H|HP|完投|完封勝|無四球|勝率|打者|投球回|安打|本塁打|四球|死球|三振|暴投|ボーク|失点|自責点|防御率,1950|阪　急|9|1|2||||0|0|0|.333|129|28|28||34|3|19|0|12|2|0|25|22|7.07,_data\master_csv__rescrape_staging\pitching_1950_PL_from_master.csv,7
CSV_ER,ER,0,0,自責点,22,0,1950,31533894,浜崎　真二,年度|所属球団|登板|勝利|敗北|セーブ|H|HP|完投|完封勝|無四球|勝率|打者|投球回|安打|本塁打|四球|死球|三振|暴投|ボーク|失点|自責点|防御率,1950|阪　急|9|1|2||||0|0|0|.333|129|28|28||34|3|19|0|12|2|0|25|22|7.07,_data\master_csv__rescrape_staging\pitching_1950_PL_from_master.csv,7
CSV_ER,ER,0,0,index_7,7,0,1950,31533894,浜崎　真二,,1950|阪　急|11|12|12|1|3|0|1|0|5|1|0|0|0||0|0|1|0|.250|.417|,_data\master_csv__rescrape_staging\pitching_1950_PL_from_master.csv,7
CSV_ER,ER,0,0,index_9,9,0,1950,31533894,浜崎　真二,,1950|阪　急|11|12|12|1|3|0|1|0|5|1|0|0|0||0|0|1|0|.250|.417|,_data\master_csv__rescrape_staging\pitching_1950_PL_from_master.csv,7
CSV_ER,ER,0,0,index_12,12,0,1950,31533894,浜崎　真二,,1950|阪　急|11|12|12|1|3|0|1|0|5|1|0|0|0||0|0|1|0|.250|.417|,_data\master_csv__rescrape_staging\pitching_1950_PL_from_master.csv,7
CSV_ER,ER,0,0,index_13,13,0,1950,31533894,浜崎　真二,,1950|阪　急|11|12|12|1|3|0|1|0|5|1|0|0|0||0|0|1|0|.250|.417|,_data\master_csv__rescrape_staging\pitching_1950_PL_from_master.csv,7
CSV_ER,ER,0,0,index_14,14,0,1950,31533894,浜崎　真二,,1950|阪　急|11|12|12|1|3|0|1|0|5|1|0|0|0||0|0|1|0|.250|.417|,_data\master_csv__rescrape_staging\pitching_1950_PL_from_master.csv,7
CSV_ER,ER,0,0,index_16,16,0,1950,31533894,浜崎　真二,,1950|阪　急|11|12|12|1|3|0|1|0|5|1|0|0|0||0|0|1|0|.250|.417|,_data\master_csv__rescrape_staging\pitching_1950_PL_from_master.csv,7
CSV_ER,ER,0,0,index_17,17,0,1950,31533894,浜崎　真二,,1950|阪　急|11|12|12|1|3|0|1|0|5|1|0|0|0||0|0|1|0|.250|.417|,_data\master_csv__rescrape_staging\pitching_1950_PL_from_master.csv,7
CSV_ER,ER,0,0,index_19,19,0,1950,31533894,浜崎　真二,,1950|阪　急|11|12|12|1|3|0|1|0|5|1|0|0|0||0|0|1|0|.250|.417|,_data\master_csv__rescrape_staging\pitching_1950_PL_from_master.csv,7
CSV_ERA,ERA,25.0,25,防御率,23,25,1950,31533894,浜崎　真二,年度|所属球団|登板|勝利|敗北|セーブ|H|HP|完投|完封勝|無四球|勝率|打者|投球回|安打|本塁打|四球|死球|三振|暴投|ボーク|失点|自責点|防御率,1950|阪　急|9|1|2||||0|0|0|.333|129|28|28||34|3|19|0|12|2|0|25|22|7.07,_data\master_csv__rescrape_staging\pitching_1950_PL_from_master.csv,7
CSV_ER,ER,3,3,完投,8,3,1951,41743801,大友　工,年度|所属球団|登板|勝利|敗北|セーブ|H|HP|完投|完封勝|無四球|勝率|打者|投球回|安打|本塁打|四球|死球|三振|暴投|ボーク|失点|自責点|防御率,1951|読　売|29|11|4||||3|0|0|.733|556|137 .2|137|.2|114|11|43|3|51|1|3|44|37|2.41,_data\master_csv__rescrape_staging\pitching_1951_CL_from_master.csv,2
CSV_ER,ER,3,3,暴投,19,3,1951,41743801,大友　工,年度|所属球団|登板|勝利|敗北|セーブ|H|HP|完投|完封勝|無四球|勝率|打者|投球回|安打|本塁打|四球|死球|三振|暴投|ボーク|失点|自責点|防御率,1951|読　売|29|11|4||||3|0|0|.733|556|137 .2|137|.2|114|11|43|3|51|1|3|44|37|2.41,_data\master_csv__rescrape_staging\pitching_1951_CL_from_master.csv,2
CSV_ER,ER,3,3,自責点,22,3,1951,41743801,大友　工,年度|所属球団|登板|勝利|敗北|セーブ|H|HP|完投|完封勝|無四球|勝率|打者|投球回|安打|本塁打|四球|死球|三振|暴投|ボーク|失点|自責点|防御率,1951|読　売|29|11|4||||3|0|0|.733|556|137 .2|137|.2|114|11|43|3|51|1|3|44|37|2.41,_data\master_csv__rescrape_staging\pitching_1951_CL_from_master.csv,2
CSV_ERA,ERA,44.0,44,防御率,23,44,1951,41743801,大友　工,年度|所属球団|登板|勝利|敗北|セーブ|H|HP|完投|完封勝|無四球|勝率|打者|投球回|安打|本塁打|四球|死球|三振|暴投|ボーク|失点|自責点|防御率,1951|読　売|29|11|4||||3|0|0|.733|556|137 .2|137|.2|114|11|43|3|51|1|3|44|37|2.41,_data\master_csv__rescrape_staging\pitching_1951_CL_from_master.csv,2
CSV_ER,ER,2,2,自責点,22,2,1951,01703878,中尾　碩志,年度|所属球団|登板|勝利|敗北|セーブ|H|HP|完投|完封勝|無四球|勝率|打者|投球回|安打|本塁打|四球|死球|三振|暴投|ボーク|失点|自責点|防御率,1951|読　売|29|9|6||||4|0|1|.600|541|130 .1|130|.1|124|8|37|0|60|0|2|56|44|3.02,_data\master_csv__rescrape_staging\pitching_1951_CL_from_master.csv,5
CSV_ERA,ERA,56.0,56,防御率,23,56,1951,01703878,中尾　碩志,年度|所属球団|登板|勝利|敗北|セーブ|H|HP|完投|完封勝|無四球|勝率|打者|投球回|安打|本塁打|四球|死球|三振|暴投|ボーク|失点|自責点|防御率,1951|読　売|29|9|6||||4|0|1|.600|541|130 .1|130|.1|124|8|37|0|60|0|2|56|44|3.02,_data\master_csv__rescrape_staging\pitching_1951_CL_from_master.csv,5
CSV_ERA,ERA,56.0,56,index_3,3,56,1951,01703878,中尾　碩志,,1951|読　売|29|56|45|6|12|5|1|0|19|4|0|0|5||6|0|10|0|.267|.422|,_data\master_csv__rescrape_staging\pitching_1951_CL_from_master.csv,5
CSV_ER,ER,1,1,失点,21,1,1951,81783895,藤本　英雄,年度|所属球団|登板|勝利|敗北|セーブ|H|HP|完投|完封勝|無四球|勝率|打者|投球回|安打|本塁打|四球|死球|三振|暴投|ボーク|失点|自責点|防御率,1951|読　売|31|15|7||||16|3|3|.682|822|206 .1|206|.1|189|7|41|3|88|1|1|89|72|3.13,_data\master_csv__rescrape_staging\pitching_1951_CL_from_master.csv,6
CSV_ER,ER,1,1,自責点,22,1,1951,81783895,藤本　英雄,年度|所属球団|登板|勝利|敗北|セーブ|H|HP|完投|完封勝|無四球|勝率|打者|投球回|安打|本塁打|四球|死球|三振|暴投|ボーク|失点|自責点|防御率,1951|読　売|31|15|7||||16|3|3|.682|822|206 .1|206|.1|189|7|41|3|88|1|1|89|72|3.13,_data\master_csv__rescrape_staging\pitching_1951_CL_from_master.csv,6
CSV_ER,ER,1,1,index_8,8,1,1951,81783895,藤本　英雄,,1951|読　売|55|104|88|9|25|3|1|0|30|18|1|0|2||13|1|10|4|.284|.341|,_data\master_csv__rescrape_staging\pitching_1951_CL_from_master.csv,6
CSV_ER,ER,1,1,index_12,12,1,1951,81783895,藤本　英雄,,1951|読　売|55|104|88|9|25|3|1|0|30|18|1|0|2||13|1|10|4|.284|.341|,_data\master_csv__rescrape_staging\pitching_1951_CL_from_master.csv,6
CSV_ER,ER,1,1,index_17,17,1,1951,81783895,藤本　英雄,,1951|読　売|55|104|88|9|25|3|1|0|30|18|1|0|2||13|1|10|4|.284|.341|,_data\master_csv__rescrape_staging\pitching_1951_CL_from_master.csv,6
CSV_ERA,ERA,89.0,89,防御率,23,89,1951,81783895,藤本　英雄,年度|所属球団|登板|勝利|敗北|セーブ|H|HP|完投|完封勝|無四球|勝率|打者|投球回|安打|本塁打|四球|死球|三振|暴投|ボーク|失点|自責点|防御率,1951|読　売|31|15|7||||16|3|3|.682|822|206 .1|206|.1|189|7|41|3|88|1|1|89|72|3.13,_data\master_csv__rescrape_staging\pitching_1951_CL_from_master.csv,6
CSV_ER,ER,0,0,自責点,22,0,1951,31933895,別所　毅彦,年度|所属球団|登板|勝利|敗北|セーブ|H|HP|完投|完封勝|無四球|勝率|打者|投球回|安打|本塁打|四球|死球|三振|暴投|ボーク|失点|自責点|防御率,1951|読　売|47|21|9||||25|4|4|.700|1222|301 .1|301|.1|252|15|88|1|131|3|0|112|82|2.44,_data\master_csv__rescrape_staging\pitching_1951_CL_from_master.csv,7
CSV_ER,ER,0,0,index_13,13,0,1951,31933895,別所　毅彦,,1951|読　売|54|134|127|18|31|2|1|6|53|12|1|0|1||6|0|11|4|.244|.417|,_data\master_csv__rescrape_staging\pitching_1951_CL_from_master.csv,7
CSV_ER,ER,0,0,index_17,17,0,1951,31933895,別所　毅彦,,1951|読　売|54|134|127|18|31|2|1|6|53|12|1|0|1||6|0|11|4|.244|.417|,_data\master_csv__rescrape_staging\pitching_1951_CL_from_master.csv,7
CSV_ERA,ERA,112.0,112,防御率,23,112,1951,31933895,別所　毅彦,年度|所属球団|登板|勝利|敗北|セーブ|H|HP|完投|完封勝|無四球|勝率|打者|投球回|安打|本塁打|四球|死球|三振|暴投|ボーク|失点|自責点|防御率,1951|読　売|47|21|9||||25|4|4|.700|1222|301 .1|301|.1|252|15|88|1|131|3|0|112|82|2.44,_data\master_csv__rescrape_staging\pitching_1951_CL_from_master.csv,7
CSV_ER,ER,2,2,自責点,22,2,1951,03203801,松田　清,年度|所属球団|登板|勝利|敗北|セーブ|H|HP|完投|完封勝|無四球|勝率|打者|投球回|安打|本塁打|四球|死球|三振|暴投|ボーク|失点|自責点|防御率,1951|読　売|34|23|3||||15|4|0|.885|896|227 .2|227|.2|186|5|64|5|93|3|2|61|51|2.01,_data\master_csv__rescrape_staging\pitching_1951_CL_from_master.csv,8
CSV_ERA,ERA,61.0,61,防御率,23,61,1951,03203801,松田　清,年度|所属球団|登板|勝利|敗北|セーブ|H|HP|完投|完封勝|無四球|勝率|打者|投球回|安打|本塁打|四球|死球|三振|暴投|ボーク|失点|自責点|防御率,1951|読　売|34|23|3||||15|4|0|.885|896|227 .2|227|.2|186|5|64|5|93|3|2|61|51|2.01,_data\master_csv__rescrape_staging\pitching_1951_CL_from_master.csv,8
CSV_ER,ER,0,0,無四球,10,0,1951,31133898,阿部　八郎,年度|所属球団|登板|勝利|敗北|セーブ|H|HP|完投|完封勝|無四球|勝率|打者|投球回|安打|本塁打|四球|死球|三振|暴投|ボーク|失点|自責点|防御率,1951|阪　急|40|12|14||||14|2|0|.462|1098|254 .2|254|.2|232|12|100|1|150|2|0|102|79|2.79,_data\master_csv__rescrape_staging\pitching_1951_PL_from_master.csv,2
CSV_ER,ER,0,0,自責点,22,0,1951,31133898,阿部　八郎,年度|所属球団|登板|勝利|敗北|セーブ|H|HP|完投|完封勝|無四球|勝率|打者|投球回|安打|本塁打|四球|死球|三振|暴投|ボーク|失点|自責点|防御率,1951|阪　急|40|12|14||||14|2|0|.462|1098|254 .2|254|.2|232|12|100|1|150|2|0|102|79|2.79,_data\master_csv__rescrape_staging\pitching_1951_PL_from_master.csv,2
CSV_ER,ER,0,0,index_9,9,0,1951,31133898,阿部　八郎,,1951|阪　急|43|103|101|7|18|4|1|0|24|9|0|0|1||1|0|11|2|.178|.238|,_data\master_csv__rescrape_staging\pitching_1951_PL_from_master.csv,2
CSV_ER,ER,0,0,index_12,12,0,1951,31133898,阿部　八郎,,1951|阪　急|43|103|101|7|18|4|1|0|24|9|0|0|1||1|0|11|2|.178|.238|,_data\master_csv__rescrape_staging\pitching_1951_PL_from_master.csv,2
CSV_ER,ER,0,0,index_13,13,0,1951,31133898,阿部　八郎,,1951|阪　急|43|103|101|7|18|4|1|0|24|9|0|0|1||1|0|11|2|.178|.238|,_data\master_csv__rescrape_staging\pitching_1951_PL_from_master.csv,2
CSV_ER,ER,0,0,index_17,17,0,1951,31133898,阿部　八郎,,1951|阪　急|43|103|101|7|18|4|1|0|24|9|0|0|1||1|0|11|2|.178|.238|,_data\master_csv__rescrape_staging\pitching_1951_PL_from_master.csv,2
CSV_ERA,ERA,102.0,102,防御率,23,102,1951,31133898,阿部　八郎,年度|所属球団|登板|勝利|敗北|セーブ|H|HP|完投|完封勝|無四球|勝率|打者|投球回|安打|本塁打|四球|死球|三振|暴投|ボーク|失点|自責点|防御率,1951|阪　急|40|12|14||||14|2|0|.462|1098|254 .2|254|.2|232|12|100|1|150|2|0|102|79|2.79,_data\master_csv__rescrape_staging\pitching_1951_PL_from_master.csv,2
CSV_ER,ER,0,0,勝利,3,0,1951,21023801,川口　敬次郎,年度|所属球団|登板|勝利|敗北|セーブ|H|HP|完投|完封勝|無四球|勝率|打者|投球回|安打|本塁打|四球|死球|三振|暴投|ボーク|失点|自責点|防御率,1951|阪　急|13|0|0||||0|0|0|.000|176|36 .1|36|.1|45|4|13|3|9|0|0|26|15|3.65,_data\master_csv__rescrape_staging\pitching_1951_PL_from_master.csv,3
CSV_ER,ER,0,0,敗北,4,0,1951,21023801,川口　敬次郎,年度|所属球団|登板|勝利|敗北|セーブ|H|HP|完投|完封勝|無四球|勝率|打者|投球回|安打|本塁打|四球|死球|三振|暴投|ボーク|失点|自責点|防御率,1951|阪　急|13|0|0||||0|0|0|.000|176|36 .1|36|.1|45|4|13|3|9|0|0|26|15|3.65,_data\master_csv__rescrape_staging\pitching_1951_PL_from_master.csv,3
CSV_ER,ER,0,0,完投,8,0,1951,21023801,川口　敬次郎,年度|所属球団|登板|勝利|敗北|セーブ|H|HP|完投|完封勝|無四球|勝率|打者|投球回|安打|本塁打|四球|死球|三振|暴投|ボーク|失点|自責点|防御率,1951|阪　急|13|0|0||||0|0|0|.000|176|36 .1|36|.1|45|4|13|3|9|0|0|26|15|3.65,_data\master_csv__rescrape_staging\pitching_1951_PL_from_master.csv,3
CSV_ER,ER,0,0,完封勝,9,0,1951,21023801,川口　敬次郎,年度|所属球団|登板|勝利|敗北|セーブ|H|HP|完投|完封勝|無四球|勝率|打者|投球回|安打|本塁打|四球|死球|三振|暴投|ボーク|失点|自責点|防御率,1951|阪　急|13|0|0||||0|0|0|.000|176|36 .1|36|.1|45|4|13|3|9|0|0|26|15|3.65,_data\master_csv__rescrape_staging\pitching_1951_PL_from_master.csv,3
CSV_ER,ER,0,0,無四球,10,0,1951,21023801,川口　敬次郎,年度|所属球団|登板|勝利|敗北|セーブ|H|HP|完投|完封勝|無四球|勝率|打者|投球回|安打|本塁打|四球|死球|三振|暴投|ボーク|失点|自責点|防御率,1951|阪　急|13|0|0||||0|0|0|.000|176|36 .1|36|.1|45|4|13|3|9|0|0|26|15|3.65,_data\master_csv__rescrape_staging\pitching_1951_PL_from_master.csv,3
CSV_ER,ER,0,0,勝率,11,.000,1951,21023801,川口　敬次郎,年度|所属球団|登板|勝利|敗北|セーブ|H|HP|完投|完封勝|無四球|勝率|打者|投球回|安打|本塁打|四球|死球|三振|暴投|ボーク|失点|自責点|防御率,1951|阪　急|13|0|0||||0|0|0|.000|176|36 .1|36|.1|45|4|13|3|9|0|0|26|15|3.65,_data\master_csv__rescrape_staging\pitching_1951_PL_from_master.csv,3
CSV_ER,ER,0,0,失点,21,0,1951,21023801,川口　敬次郎,年度|所属球団|登板|勝利|敗北|セーブ|H|HP|完投|完封勝|無四球|勝率|打者|投球回|安打|本塁打|四球|死球|三振|暴投|ボーク|失点|自責点|防御率,1951|阪　急|13|0|0||||0|0|0|.000|176|36 .1|36|.1|45|4|13|3|9|0|0|26|15|3.65,_data\master_csv__rescrape_staging\pitching_1951_PL_from_master.csv,3
CSV_ER,ER,0,0,自責点,22,0,1951,21023801,川口　敬次郎,年度|所属球団|登板|勝利|敗北|セーブ|H|HP|完投|完封勝|無四球|勝率|打者|投球回|安打|本塁打|四球|死球|三振|暴投|ボーク|失点|自責点|防御率,1951|阪　急|13|0|0||||0|0|0|.000|176|36 .1|36|.1|45|4|13|3|9|0|0|26|15|3.65,_data\master_csv__rescrape_staging\pitching_1951_PL_from_master.csv,3
CSV_ER,ER,0,0,index_5,5,0,1951,21023801,川口　敬次郎,,1951|阪　急|14|10|10|0|2|0|0|0|2|0|0|0|0||0|0|0|1|.200|.200|,_data\master_csv__rescrape_staging\pitching_1951_PL_from_master.csv,3
CSV_ER,ER,0,0,index_7,7,0,1951,21023801,川口　敬次郎,,1951|阪　急|14|10|10|0|2|0|0|0|2|0|0|0|0||0|0|0|1|.200|.200|,_data\master_csv__rescrape_staging\pitching_1951_PL_from_master.csv,3
CSV_ER,ER,0,0,index_8,8,0,1951,21023801,川口　敬次郎,,1951|阪　急|14|10|10|0|2|0|0|0|2|0|0|0|0||0|0|0|1|.200|.200|,_data\master_csv__rescrape_staging\pitching_1951_PL_from_master.csv,3
CSV_ER,ER,0,0,index_9,9,0,1951,21023801,川口　敬次郎,,1951|阪　急|14|10|10|0|2|0|0|0|2|0|0|0|0||0|0|0|1|.200|.200|,_data\master_csv__rescrape_staging\pitching_1951_PL_from_master.csv,3
CSV_ER,ER,0,0,index_11,11,0,1951,21023801,川口　敬次郎,,1951|阪　急|14|10|10|0|2|0|0|0|2|0|0|0|0||0|0|0|1|.200|.200|,_data\master_csv__rescrape_staging\pitching_1951_PL_from_master.csv,3
CSV_ER,ER,0,0,index_12,12,0,1951,21023801,川口　敬次郎,,1951|阪　急|14|10|10|0|2|0|0|0|2|0|0|0|0||0|0|0|1|.200|.200|,_data\master_csv__rescrape_staging\pitching_1951_PL_from_master.csv,3
CSV_ER,ER,0,0,index_13,13,0,1951,21023801,川口　敬次郎,,1951|阪　急|14|10|10|0|2|0|0|0|2|0|0|0|0||0|0|0|1|.200|.200|,_data\master_csv__rescrape_staging\pitching_1951_PL_from_master.csv,3
CSV_ER,ER,0,0,index_14,14,0,1951,21023801,川口　敬次郎,,1951|阪　急|14|10|10|0|2|0|0|0|2|0|0|0|0||0|0|0|1|.200|.200|,_data\master_csv__rescrape_staging\pitching_1951_PL_from_master.csv,3
CSV_ER,ER,0,0,index_16,16,0,1951,21023801,川口　敬次郎,,1951|阪　急|14|10|10|0|2|0|0|0|2|0|0|0|0||0|0|0|1|.200|.200|,_data\master_csv__rescrape_staging\pitching_1951_PL_from_master.csv,3
CSV_ER,ER,0,0,index_17,17,0,1951,21023801,川口　敬次郎,,1951|阪　急|14|10|10|0|2|0|0|0|2|0|0|0|0||0|0|0|1|.200|.200|,_data\master_csv__rescrape_staging\pitching_1951_PL_from_master.csv,3
CSV_ER,ER,0,0,index_18,18,0,1951,21023801,川口　敬次郎,,1951|阪　急|14|10|10|0|2|0|0|0|2|0|0|0|0||0|0|0|1|.200|.200|,_data\master_csv__rescrape_staging\pitching_1951_PL_from_master.csv,3
CSV_ERA,ERA,26.0,26,防御率,23,26,1951,21023801,川口　敬次郎,年度|所属球団|登板|勝利|敗北|セーブ|H|HP|完投|完封勝|無四球|勝率|打者|投球回|安打|本塁打|四球|死球|三振|暴投|ボーク|失点|自責点|防御率,1951|阪　急|13|0|0||||0|0|0|.000|176|36 .1|36|.1|45|4|13|3|9|0|0|26|15|3.65,_data\master_csv__rescrape_staging\pitching_1951_PL_from_master.csv,3
CSV_ER,ER,1,1,完封勝,9,1,1951,01603801,柴田　英治,年度|所属球団|登板|勝利|敗北|セーブ|H|HP|完投|完封勝|無四球|勝率|打者|投球回|安打|本塁打|四球|死球|三振|暴投|ボーク|失点|自責点|防御率,1951|阪　急|33|6|13||||5|1|1|.316|734|175 .2|175|.2|184|9|30|6|55|0|1|76|66|3.38,_data\master_csv__rescrape_staging\pitching_1951_PL_from_master.csv,4
CSV_ER,ER,1,1,無四球,10,1,1951,01603801,柴田　英治,年度|所属球団|登板|勝利|敗北|セーブ|H|HP|完投|完封勝|無四球|勝率|打者|投球回|安打|本塁打|四球|死球|三振|暴投|ボーク|失点|自責点|防御率,1951|阪　急|33|6|13||||5|1|1|.316|734|175 .2|175|.2|184|9|30|6|55|0|1|76|66|3.38,_data\master_csv__rescrape_staging\pitching_1951_PL_from_master.csv,4
CSV_ER,ER,1,1,自責点,22,1,1951,01603801,柴田　英治,年度|所属球団|登板|勝利|敗北|セーブ|H|HP|完投|完封勝|無四球|勝率|打者|投球回|安打|本塁打|四球|死球|三振|暴投|ボーク|失点|自責点|防御率,1951|阪　急|33|6|13||||5|1|1|.316|734|175 .2|175|.2|184|9|30|6|55|0|1|76|66|3.38,_data\master_csv__rescrape_staging\pitching_1951_PL_from_master.csv,4
CSV_ER,ER,1,1,index_7,7,1,1951,01603801,柴田　英治,,1951|阪　急|33|61|60|3|10|1|0|0|11|2|0|0|0||1|0|10|1|.167|.183|,_data\master_csv__rescrape_staging\pitching_1951_PL_from_master.csv,4
CSV_ER,ER,1,1,index_16,16,1,1951,01603801,柴田　英治,,1951|阪　急|33|61|60|3|10|1|0|0|11|2|0|0|0||1|0|10|1|.167|.183|,_data\master_csv__rescrape_staging\pitching_1951_PL_from_master.csv,4
CSV_ER,ER,1,1,index_19,19,1,1951,01603801,柴田　英治,,1951|阪　急|33|61|60|3|10|1|0|0|11|2|0|0|0||1|0|10|1|.167|.183|,_data\master_csv__rescrape_staging\pitching_1951_PL_from_master.csv,4
CSV_ERA,ERA,76.0,76,防御率,23,76,1951,01603801,柴田　英治,年度|所属球団|登板|勝利|敗北|セーブ|H|HP|完投|完封勝|無四球|勝率|打者|投球回|安打|本塁打|四球|死球|三振|暴投|ボーク|失点|自責点|防御率,1951|阪　急|33|6|13||||5|1|1|.316|734|175 .2|175|.2|184|9|30|6|55|0|1|76|66|3.38,_data\master_csv__rescrape_staging\pitching_1951_PL_from_master.csv,4
CSV_IP,IP,65.0,65,投球回,13,65,1951,21523803,鈴木　幸雄,年度|所属球団|登板|勝利|敗北|セーブ|H|HP|完投|完封勝|無四球|勝率|打者|投球回|安打|本塁打|四球|死球|三振|暴投|ボーク|失点|自責点|防御率,1951|阪　急|19|4|3||||2|1|1|.571|270|65|65||62|3|16|5|23|0|1|31|27|3.74,_data\master_csv__rescrape_staging\pitching_1951_PL_from_master.csv,5
CSV_IP,IP,65.0,65,安打,14,65,1951,21523803,鈴木　幸雄,年度|所属球団|登板|勝利|敗北|セーブ|H|HP|完投|完封勝|無四球|勝率|打者|投球回|安打|本塁打|四球|死球|三振|暴投|ボーク|失点|自責点|防御率,1951|阪　急|19|4|3||||2|1|1|.571|270|65|65||62|3|16|5|23|0|1|31|27|3.74,_data\master_csv__rescrape_staging\pitching_1951_PL_from_master.csv,5
CSV_ER,ER,1,1,完封勝,9,1,1951,21523803,鈴木　幸雄,年度|所属球団|登板|勝利|敗北|セーブ|H|HP|完投|完封勝|無四球|勝率|打者|投球回|安打|本塁打|四球|死球|三振|暴投|ボーク|失点|自責点|防御率,1951|阪　急|19|4|3||||2|1|1|.571|270|65|65||62|3|16|5|23|0|1|31|27|3.74,_data\master_csv__rescrape_staging\pitching_1951_PL_from_master.csv,5
CSV_ER,ER,1,1,無四球,10,1,1951,21523803,鈴木　幸雄,年度|所属球団|登板|勝利|敗北|セーブ|H|HP|完投|完封勝|無四球|勝率|打者|投球回|安打|本塁打|四球|死球|三振|暴投|ボーク|失点|自責点|防御率,1951|阪　急|19|4|3||||2|1|1|.571|270|65|65||62|3|16|5|23|0|1|31|27|3.74,_data\master_csv__rescrape_staging\pitching_1951_PL_from_master.csv,5
CSV_ER,ER,1,1,自責点,22,1,1951,21523803,鈴木　幸雄,年度|所属球団|登板|勝利|敗北|セーブ|H|HP|完投|完封勝|無四球|勝率|打者|投球回|安打|本塁打|四球|死球|三振|暴投|ボーク|失点|自責点|防御率,1951|阪　急|19|4|3||||2|1|1|.571|270|65|65||62|3|16|5|23|0|1|31|27|3.74,_data\master_csv__rescrape_staging\pitching_1951_PL_from_master.csv,5
CSV_ER,ER,1,1,index_18,18,1,1951,21523803,鈴木　幸雄,,1951|阪　急|19|25|25|2|4|0|0|0|4|0|0|0|0||0|0|1|2|.160|.160|,_data\master_csv__rescrape_staging\pitching_1951_PL_from_master.csv,5
CSV_ERA,ERA,31.0,31,防御率,23,31,1951,21523803,鈴木　幸雄,年度|所属球団|登板|勝利|敗北|セーブ|H|HP|完投|完封勝|無四球|勝率|打者|投球回|安打|本塁打|四球|死球|三振|暴投|ボーク|失点|自責点|防御率,1951|阪　急|19|4|3||||2|1|1|.571|270|65|65||62|3|16|5|23|0|1|31|27|3.74,_data\master_csv__rescrape_staging\pitching_1951_PL_from_master.csv,5
CSV_ER,ER,1,1,完封勝,9,1,1951,61563895,天保　義夫,年度|所属球団|登板|勝利|敗北|セーブ|H|HP|完投|完封勝|無四球|勝率|打者|投球回|安打|本塁打|四球|死球|三振|暴投|ボーク|失点|自責点|防御率,1951|阪　急|29|9|10||||9|1|4|.474|665|157 .1|157|.1|156|9|48|1|44|1|1|67|51|2.91,_data\master_csv__rescrape_staging\pitching_1951_PL_from_master.csv,6
CSV_ER,ER,1,1,暴投,19,1,1951,61563895,天保　義夫,年度|所属球団|登板|勝利|敗北|セーブ|H|HP|完投|完封勝|無四球|勝率|打者|投球回|安打|本塁打|四球|死球|三振|暴投|ボーク|失点|自責点|防御率,1951|阪　急|29|9|10||||9|1|4|.474|665|157 .1|157|.1|156|9|48|1|44|1|1|67|51|2.91,_data\master_csv__rescrape_staging\pitching_1951_PL_from_master.csv,6
CSV_ER,ER,1,1,失点,21,1,1951,61563895,天保　義夫,年度|所属球団|登板|勝利|敗北|セーブ|H|HP|完投|完封勝|無四球|勝率|打者|投球回|安打|本塁打|四球|死球|三振|暴投|ボーク|失点|自責点|防御率,1951|阪　急|29|9|10||||9|1|4|.474|665|157 .1|157|.1|156|9|48|1|44|1|1|67|51|2.91,_data\master_csv__rescrape_staging\pitching_1951_PL_from_master.csv,6
CSV_ER,ER,1,1,自責点,22,1,1951,61563895,天保　義夫,年度|所属球団|登板|勝利|敗北|セーブ|H|HP|完投|完封勝|無四球|勝率|打者|投球回|安打|本塁打|四球|死球|三振|暴投|ボーク|失点|自責点|防御率,1951|阪　急|29|9|10||||9|1|4|.474|665|157 .1|157|.1|156|9|48|1|44|1|1|67|51|2.91,_data\master_csv__rescrape_staging\pitching_1951_PL_from_master.csv,6
CSV_ER,ER,1,1,index_8,8,1,1951,61563895,天保　義夫,,1951|阪　急|35|73|71|7|15|3|1|0|20|12|2|0|1||1|0|12|2|.211|.282|,_data\master_csv__rescrape_staging\pitching_1951_PL_from_master.csv,6
CSV_ER,ER,1,1,index_14,14,1,1951,61563895,天保　義夫,,1951|阪　急|35|73|71|7|15|3|1|0|20|12|2|0|1||1|0|12|2|.211|.282|,_data\master_csv__rescrape_staging\pitching_1951_PL_from_master.csv,6
CSV_ER,ER,1,1,index_16,16,1,1951,61563895,天保　義夫,,1951|阪　急|35|73|71|7|15|3|1|0|20|12|2|0|1||1|0|12|2|.211|.282|,_data\master_csv__rescrape_staging\pitching_1951_PL_from_master.csv,6
CSV_ERA,ERA,67.0,67,防御率,23,67,1951,61563895,天保　義夫,年度|所属球団|登板|勝利|敗北|セーブ|H|HP|完投|完封勝|無四球|勝率|打者|投球回|安打|本塁打|四球|死球|三振|暴投|ボーク|失点|自責点|防御率,1951|阪　急|29|9|10||||9|1|4|.474|665|157 .1|157|.1|156|9|48|1|44|1|1|67|51|2.91,_data\master_csv__rescrape_staging\pitching_1951_PL_from_master.csv,6
CSV_ER,ER,1,1,自責点,22,1,1952,41743801,大友　工,年度|所属球団|登板|勝利|敗北|セーブ|H|HP|完投|完封勝|無四球|勝率|打者|投球回|安打|本塁打|四球|死球|三振|暴投|ボーク|失点|自責点|防御率,1952|読　売|40|17|8||||9|4|2|.680|827|207 .1|207|.1|158|10|51|4|120|2|1|78|52|2.25,_data\master_csv__rescrape_staging\pitching_1952_CL_from_master.csv,3
CSV_ER,ER,1,1,index_9,9,1,1952,41743801,大友　工,,1952|読　売|40|82|73|10|15|2|0|1|20|14|2|0|5||4|0|12|3|.205|.274|,_data\master_csv__rescrape_staging\pitching_1952_CL_from_master.csv,3
CSV_ERA,ERA,78.0,78,防御率,23,78,1952,41743801,大友　工,年度|所属球団|登板|勝利|敗北|セーブ|H|HP|完投|完封勝|無四球|勝率|打者|投球回|安打|本塁打|四球|死球|三振|暴投|ボーク|失点|自責点|防御率,1952|読　売|40|17|8||||9|4|2|.680|827|207 .1|207|.1|158|10|51|4|120|2|1|78|52|2.25,_data\master_csv__rescrape_staging\pitching_1952_CL_from_master.csv,3
CSV_ER,ER,1,1,勝利,3,1,1952,01703878,中尾　碩志,年度|所属球団|登板|勝利|敗北|セーブ|H|HP|完投|完封勝|無四球|勝率|打者|投球回|安打|本塁打|四球|死球|三振|暴投|ボーク|失点|自責点|防御率,1952|読　売|14|1|2||||1|0|0|.333|193|42 .1|42|.1|42|1|27|2|23|0|1|26|19|3.98,_data\master_csv__rescrape_staging\pitching_1952_CL_from_master.csv,4
CSV_ER,ER,1,1,完投,8,1,1952,01703878,中尾　碩志,年度|所属球団|登板|勝利|敗北|セーブ|H|HP|完投|完封勝|無四球|勝率|打者|投球回|安打|本塁打|四球|死球|三振|暴投|ボーク|失点|自責点|防御率,1952|読　売|14|1|2||||1|0|0|.333|193|42 .1|42|.1|42|1|27|2|23|0|1|26|19|3.98,_data\master_csv__rescrape_staging\pitching_1952_CL_from_master.csv,4
CSV_ER,ER,1,1,死球,17,1,1952,01703878,中尾　碩志,年度|所属球団|登板|勝利|敗北|セーブ|H|HP|完投|完封勝|無四球|勝率|打者|投球回|安打|本塁打|四球|死球|三振|暴投|ボーク|失点|自責点|防御率,1952|読　売|14|1|2||||1|0|0|.333|193|42 .1|42|.1|42|1|27|2|23|0|1|26|19|3.98,_data\master_csv__rescrape_staging\pitching_1952_CL_from_master.csv,4
CSV_ER,ER,1,1,自責点,22,1,1952,01703878,中尾　碩志,年度|所属球団|登板|勝利|敗北|セーブ|H|HP|完投|完封勝|無四球|勝率|打者|投球回|安打|本塁打|四球|死球|三振|暴投|ボーク|失点|自責点|防御率,1952|読　売|14|1|2||||1|0|0|.333|193|42 .1|42|.1|42|1|27|2|23|0|1|26|19|3.98,_data\master_csv__rescrape_staging\pitching_1952_CL_from_master.csv,4
CSV_ER,ER,1,1,index_7,7,1,1952,01703878,中尾　碩志,,1952|読　売|14|17|14|3|2|1|0|0|3|1|0|0|0||3|0|4|1|.143|.214|,_data\master_csv__rescrape_staging\pitching_1952_CL_from_master.csv,4
CSV_ER,ER,1,1,index_11,11,1,1952,01703878,中尾　碩志,,1952|読　売|14|17|14|3|2|1|0|0|3|1|0|0|0||3|0|4|1|.143|.214|,_data\master_csv__rescrape_staging\pitching_1952_CL_from_master.csv,4
CSV_ER,ER,1,1,index_19,19,1,1952,01703878,中尾　碩志,,1952|読　売|14|17|14|3|2|1|0|0|3|1|0|0|0||3|0|4|1|.143|.214|,_data\master_csv__rescrape_staging\pitching_1952_CL_from_master.csv,4
CSV_ERA,ERA,26.0,26,防御率,23,26,1952,01703878,中尾　碩志,年度|所属球団|登板|勝利|敗北|セーブ|H|HP|完投|完封勝|無四球|勝率|打者|投球回|安打|本塁打|四球|死球|三振|暴投|ボーク|失点|自責点|防御率,1952|読　売|14|1|2||||1|0|0|.333|193|42 .1|42|.1|42|1|27|2|23|0|1|26|19|3.98,_data\master_csv__rescrape_staging\pitching_1952_CL_from_master.csv,4
CSV_ER,ER,0,0,完封勝,9,0,1952,91293805,西田　亨,年度|所属球団|登板|勝利|敗北|セーブ|H|HP|完投|完封勝|無四球|勝率|打者|投球回|安打|本塁打|四球|死球|三振|暴投|ボーク|失点|自責点|防御率,1952|読　売|21|3|1||||2|0|1|.750|312|75 .1|75|.1|69|6|25|3|30|1|0|42|27|3.20,_data\master_csv__rescrape_staging\pitching_1952_CL_from_master.csv,5
CSV_ER,ER,0,0,自責点,22,0,1952,91293805,西田　亨,年度|所属球団|登板|勝利|敗北|セーブ|H|HP|完投|完封勝|無四球|勝率|打者|投球回|安打|本塁打|四球|死球|三振|暴投|ボーク|失点|自責点|防御率,1952|読　売|21|3|1||||2|0|1|.750|312|75 .1|75|.1|69|6|25|3|30|1|0|42|27|3.20,_data\master_csv__rescrape_staging\pitching_1952_CL_from_master.csv,5
CSV_ER,ER,0,0,index_9,9,0,1952,91293805,西田　亨,,1952|読　売|21|29|28|4|7|1|1|0|10|2|0|0|1||0|0|3|1|.250|.357|,_data\master_csv__rescrape_staging\pitching_1952_CL_from_master.csv,5
CSV_ER,ER,0,0,index_12,12,0,1952,91293805,西田　亨,,1952|読　売|21|29|28|4|7|1|1|0|10|2|0|0|1||0|0|3|1|.250|.357|,_data\master_csv__rescrape_staging\pitching_1952_CL_from_master.csv,5
CSV_ER,ER,0,0,index_13,13,0,1952,91293805,西田　亨,,1952|読　売|21|29|28|4|7|1|1|0|10|2|0|0|1||0|0|3|1|.250|.357|,_data\master_csv__rescrape_staging\pitching_1952_CL_from_master.csv,5
CSV_ER,ER,0,0,index_16,16,0,1952,91293805,西田　亨,,1952|読　売|21|29|28|4|7|1|1|0|10|2|0|0|1||0|0|3|1|.250|.357|,_data\master_csv__rescrape_staging\pitching_1952_CL_from_master.csv,5
CSV_ER,ER,0,0,index_17,17,0,1952,91293805,西田　亨,,1952|読　売|21|29|28|4|7|1|1|0|10|2|0|0|1||0|0|3|1|.250|.357|,_data\master_csv__rescrape_staging\pitching_1952_CL_from_master.csv,5
CSV_ERA,ERA,42.0,42,防御率,23,42,1952,91293805,西田　亨,年度|所属球団|登板|勝利|敗北|セーブ|H|HP|完投|完封勝|無四球|勝率|打者|投球回|安打|本塁打|四球|死球|三振|暴投|ボーク|失点|自責点|防御率,1952|読　売|21|3|1||||2|0|1|.750|312|75 .1|75|.1|69|6|25|3|30|1|0|42|27|3.20,_data\master_csv__rescrape_staging\pitching_1952_CL_from_master.csv,5
CSV_ER,ER,0,0,失点,21,0,1952,81783895,藤本　英雄,年度|所属球団|登板|勝利|敗北|セーブ|H|HP|完投|完封勝|無四球|勝率|打者|投球回|安打|本塁打|四球|死球|三振|暴投|ボーク|失点|自責点|防御率,1952|読　売|34|16|6||||14|5|3|.727|830|213 .2|213|.2|169|11|38|2|89|0|0|68|56|2.36,_data\master_csv__rescrape_staging\pitching_1952_CL_from_master.csv,6
CSV_ER,ER,0,0,自責点,22,0,1952,81783895,藤本　英雄,年度|所属球団|登板|勝利|敗北|セーブ|H|HP|完投|完封勝|無四球|勝率|打者|投球回|安打|本塁打|四球|死球|三振|暴投|ボーク|失点|自責点|防御率,1952|読　売|34|16|6||||14|5|3|.727|830|213 .2|213|.2|169|11|38|2|89|0|0|68|56|2.36,_data\master_csv__rescrape_staging\pitching_1952_CL_from_master.csv,6
CSV_ER,ER,0,0,index_8,8,0,1952,81783895,藤本　英雄,,1952|読　売|38|98|86|6|18|2|0|1|23|10|1|0|3||9|0|6|6|.209|.267|,_data\master_csv__rescrape_staging\pitching_1952_CL_from_master.csv,6
CSV_ER,ER,0,0,index_13,13,0,1952,81783895,藤本　英雄,,1952|読　売|38|98|86|6|18|2|0|1|23|10|1|0|3||9|0|6|6|.209|.267|,_data\master_csv__rescrape_staging\pitching_1952_CL_from_master.csv,6
CSV_ER,ER,0,0,index_17,17,0,1952,81783895,藤本　英雄,,1952|読　売|38|98|86|6|18|2|0|1|23|10|1|0|3||9|0|6|6|.209|.267|,_data\master_csv__rescrape_staging\pitching_1952_CL_from_master.csv,6
CSV_ERA,ERA,68.0,68,防御率,23,68,1952,81783895,藤本　英雄,年度|所属球団|登板|勝利|敗北|セーブ|H|HP|完投|完封勝|無四球|勝率|打者|投球回|安打|本塁打|四球|死球|三振|暴投|ボーク|失点|自責点|防御率,1952|読　売|34|16|6||||14|5|3|.727|830|213 .2|213|.2|169|11|38|2|89|0|0|68|56|2.36,_data\master_csv__rescrape_staging\pitching_1952_CL_from_master.csv,6
CSV_ER,ER,1,1,自責点,22,1,1952,31933895,別所　毅彦,年度|所属球団|登板|勝利|敗北|セーブ|H|HP|完投|完封勝|無四球|勝率|打者|投球回|安打|本塁打|四球|死球|三振|暴投|ボーク|失点|自責点|防御率,1952|読　売|52|33|13||||28|7|6|.717|1473|371 .1|371|.1|299|13|93|6|153|5|1|107|80|1.94,_data\master_csv__rescrape_staging\pitching_1952_CL_from_master.csv,7
CSV_ER,ER,1,1,index_12,12,1,1952,31933895,別所　毅彦,,1952|読　売|58|163|147|15|40|5|0|5|60|26|1|0|4||12|0|13|3|.272|.408|,_data\master_csv__rescrape_staging\pitching_1952_CL_from_master.csv,7
CSV_ERA,ERA,107.0,107,防御率,23,107,1952,31933895,別所　毅彦,年度|所属球団|登板|勝利|敗北|セーブ|H|HP|完投|完封勝|無四球|勝率|打者|投球回|安打|本塁打|四球|死球|三振|暴投|ボーク|失点|自責点|防御率,1952|読　売|52|33|13||||28|7|6|.717|1473|371 .1|371|.1|299|13|93|6|153|5|1|107|80|1.94,_data\master_csv__rescrape_staging\pitching_1952_CL_from_master.csv,7
CSV_ER,ER,1,1,完投,8,1,1952,01103894,池田　善蔵,年度|所属球団|登板|勝利|敗北|セーブ|H|HP|完投|完封勝|無四球|勝率|打者|投球回|安打|本塁打|四球|死球|三振|暴投|ボーク|失点|自責点|防御率,1952|阪　急|25|5|6||||1|1|0|.455|434|99 .1|99|.1|94|5|51|1|39|5|1|53|47|4.23,_data\master_csv__rescrape_staging\pitching_1952_PL_from_master.csv,2
CSV_ER,ER,1,1,完封勝,9,1,1952,01103894,池田　善蔵,年度|所属球団|登板|勝利|敗北|セーブ|H|HP|完投|完封勝|無四球|勝率|打者|投球回|安打|本塁打|四球|死球|三振|暴投|ボーク|失点|自責点|防御率,1952|阪　急|25|5|6||||1|1|0|.455|434|99 .1|99|.1|94|5|51|1|39|5|1|53|47|4.23,_data\master_csv__rescrape_staging\pitching_1952_PL_from_master.csv,2
CSV_ER,ER,1,1,暴投,19,1,1952,01103894,池田　善蔵,年度|所属球団|登板|勝利|敗北|セーブ|H|HP|完投|完封勝|無四球|勝率|打者|投球回|安打|本塁打|四球|死球|三振|暴投|ボーク|失点|自責点|防御率,1952|阪　急|25|5|6||||1|1|0|.455|434|99 .1|99|.1|94|5|51|1|39|5|1|53|47|4.23,_data\master_csv__rescrape_staging\pitching_1952_PL_from_master.csv,2
CSV_ER,ER,1,1,自責点,22,1,1952,01103894,池田　善蔵,年度|所属球団|登板|勝利|敗北|セーブ|H|HP|完投|完封勝|無四球|勝率|打者|投球回|安打|本塁打|四球|死球|三振|暴投|ボーク|失点|自責点|防御率,1952|阪　急|25|5|6||||1|1|0|.455|434|99 .1|99|.1|94|5|51|1|39|5|1|53|47|4.23,_data\master_csv__rescrape_staging\pitching_1952_PL_from_master.csv,2
CSV_ER,ER,1,1,index_8,8,1,1952,01103894,池田　善蔵,,1952|阪　急|25|31|28|3|3|0|1|0|5|2|0|0|0||3|0|4|0|.107|.179|,_data\master_csv__rescrape_staging\pitching_1952_PL_from_master.csv,2
CSV_ERA,ERA,53.0,53,防御率,23,53,1952,01103894,池田　善蔵,年度|所属球団|登板|勝利|敗北|セーブ|H|HP|完投|完封勝|無四球|勝率|打者|投球回|安打|本塁打|四球|死球|三振|暴投|ボーク|失点|自責点|防御率,1952|阪　急|25|5|6||||1|1|0|.455|434|99 .1|99|.1|94|5|51|1|39|5|1|53|47|4.23,_data\master_csv__rescrape_staging\pitching_1952_PL_from_master.csv,2
CSV_ER,ER,0,0,暴投,19,0,1952,01603801,柴田　英治,年度|所属球団|登板|勝利|敗北|セーブ|H|HP|完投|完封勝|無四球|勝率|打者|投球回|安打|本塁打|四球|死球|三振|暴投|ボーク|失点|自責点|防御率,1952|阪　急|28|10|11||||8|4|3|.476|632|155 .2|155|.2|149|7|24|0|56|0|0|69|55|3.17,_data\master_csv__rescrape_staging\pitching_1952_PL_from_master.csv,6
CSV_ER,ER,0,0,失点,21,0,1952,01603801,柴田　英治,年度|所属球団|登板|勝利|敗北|セーブ|H|HP|完投|完封勝|無四球|勝率|打者|投球回|安打|本塁打|四球|死球|三振|暴投|ボーク|失点|自責点|防御率,1952|阪　急|28|10|11||||8|4|3|.476|632|155 .2|155|.2|149|7|24|0|56|0|0|69|55|3.17,_data\master_csv__rescrape_staging\pitching_1952_PL_from_master.csv,6
CSV_ER,ER,0,0,自責点,22,0,1952,01603801,柴田　英治,年度|所属球団|登板|勝利|敗北|セーブ|H|HP|完投|完封勝|無四球|勝率|打者|投球回|安打|本塁打|四球|死球|三振|暴投|ボーク|失点|自責点|防御率,1952|阪　急|28|10|11||||8|4|3|.476|632|155 .2|155|.2|149|7|24|0|56|0|0|69|55|3.17,_data\master_csv__rescrape_staging\pitching_1952_PL_from_master.csv,6
CSV_ER,ER,0,0,index_7,7,0,1952,01603801,柴田　英治,,1952|阪　急|28|56|54|6|7|0|0|0|7|0|0|0|1||1|0|5|2|.130|.130|,_data\master_csv__rescrape_staging\pitching_1952_PL_from_master.csv,6
CSV_ER,ER,0,0,index_8,8,0,1952,01603801,柴田　英治,,1952|阪　急|28|56|54|6|7|0|0|0|7|0|0|0|1||1|0|5|2|.130|.130|,_data\master_csv__rescrape_staging\pitching_1952_PL_from_master.csv,6
CSV_ER,ER,0,0,index_9,9,0,1952,01603801,柴田　英治,,1952|阪　急|28|56|54|6|7|0|0|0|7|0|0|0|1||1|0|5|2|.130|.130|,_data\master_csv__rescrape_staging\pitching_1952_PL_from_master.csv,6
CSV_ER,ER,0,0,index_11,11,0,1952,01603801,柴田　英治,,1952|阪　急|28|56|54|6|7|0|0|0|7|0|0|0|1||1|0|5|2|.130|.130|,_data\master_csv__rescrape_staging\pitching_1952_PL_from_master.csv,6
CSV_ER,ER,0,0,index_12,12,0,1952,01603801,柴田　英治,,1952|阪　急|28|56|54|6|7|0|0|0|7|0|0|0|1||1|0|5|2|.130|.130|,_data\master_csv__rescrape_staging\pitching_1952_PL_from_master.csv,6
CSV_ER,ER,0,0,index_13,13,0,1952,01603801,柴田　英治,,1952|阪　急|28|56|54|6|7|0|0|0|7|0|0|0|1||1|0|5|2|.130|.130|,_data\master_csv__rescrape_staging\pitching_1952_PL_from_master.csv,6
CSV_ER,ER,0,0,index_17,17,0,1952,01603801,柴田　英治,,1952|阪　急|28|56|54|6|7|0|0|0|7|0|0|0|1||1|0|5|2|.130|.130|,_data\master_csv__rescrape_staging\pitching_1952_PL_from_master.csv,6
CSV_ERA,ERA,69.0,69,防御率,23,69,1952,01603801,柴田　英治,年度|所属球団|登板|勝利|敗北|セーブ|H|HP|完投|完封勝|無四球|勝率|打者|投球回|安打|本塁打|四球|死球|三振|暴投|ボーク|失点|自責点|防御率,1952|阪　急|28|10|11||||8|4|3|.476|632|155 .2|155|.2|149|7|24|0|56|0|0|69|55|3.17,_data\master_csv__rescrape_staging\pitching_1952_PL_from_master.csv,6
CSV_ER,ER,0,0,完封勝,9,0,1952,21523803,鈴木　幸雄,年度|所属球団|登板|勝利|敗北|セーブ|H|HP|完投|完封勝|無四球|勝率|打者|投球回|安打|本塁打|四球|死球|三振|暴投|ボーク|失点|自責点|防御率,1952|阪　急|28|8|8||||6|0|2|.500|647|156 .2|156|.2|138|13|41|3|91|0|0|68|62|3.55,_data\master_csv__rescrape_staging\pitching_1952_PL_from_master.csv,7
CSV_ER,ER,0,0,失点,21,0,1952,21523803,鈴木　幸雄,年度|所属球団|登板|勝利|敗北|セーブ|H|HP|完投|完封勝|無四球|勝率|打者|投球回|安打|本塁打|四球|死球|三振|暴投|ボーク|失点|自責点|防御率,1952|阪　急|28|8|8||||6|0|2|.500|647|156 .2|156|.2|138|13|41|3|91|0|0|68|62|3.55,_data\master_csv__rescrape_staging\pitching_1952_PL_from_master.csv,7
CSV_ER,ER,0,0,自責点,22,0,1952,21523803,鈴木　幸雄,年度|所属球団|登板|勝利|敗北|セーブ|H|HP|完投|完封勝|無四球|勝率|打者|投球回|安打|本塁打|四球|死球|三振|暴投|ボーク|失点|自責点|防御率,1952|阪　急|28|8|8||||6|0|2|.500|647|156 .2|156|.2|138|13|41|3|91|0|0|68|62|3.55,_data\master_csv__rescrape_staging\pitching_1952_PL_from_master.csv,7
CSV_ER,ER,0,0,index_7,7,0,1952,21523803,鈴木　幸雄,,1952|阪　急|28|59|51|2|5|0|0|0|5|1|0|1|3||4|1|8|1|.098|.098|,_data\master_csv__rescrape_staging\pitching_1952_PL_from_master.csv,7
CSV_ER,ER,0,0,index_8,8,0,1952,21523803,鈴木　幸雄,,1952|阪　急|28|59|51|2|5|0|0|0|5|1|0|1|3||4|1|8|1|.098|.098|,_data\master_csv__rescrape_staging\pitching_1952_PL_from_master.csv,7
CSV_ER,ER,0,0,index_9,9,0,1952,21523803,鈴木　幸雄,,1952|阪　急|28|59|51|2|5|0|0|0|5|1|0|1|3||4|1|8|1|.098|.098|,_data\master_csv__rescrape_staging\pitching_1952_PL_from_master.csv,7
CSV_ER,ER,0,0,index_12,12,0,1952,21523803,鈴木　幸雄,,1952|阪　急|28|59|51|2|5|0|0|0|5|1|0|1|3||4|1|8|1|.098|.098|,_data\master_csv__rescrape_staging\pitching_1952_PL_from_master.csv,7
CSV_ERA,ERA,68.0,68,防御率,23,68,1952,21523803,鈴木　幸雄,年度|所属球団|登板|勝利|敗北|セーブ|H|HP|完投|完封勝|無四球|勝率|打者|投球回|安打|本塁打|四球|死球|三振|暴投|ボーク|失点|自責点|防御率,1952|阪　急|28|8|8||||6|0|2|.500|647|156 .2|156|.2|138|13|41|3|91|0|0|68|62|3.55,_data\master_csv__rescrape_staging\pitching_1952_PL_from_master.csv,7
CSV_ER,ER,0,0,完封勝,9,0,1952,61563895,天保　義夫,年度|所属球団|登板|勝利|敗北|セーブ|H|HP|完投|完封勝|無四球|勝率|打者|投球回|安打|本塁打|四球|死球|三振|暴投|ボーク|失点|自責点|防御率,1952|阪　急|23|4|12||||7|0|1|.250|454|106 .1|106|.1|112|6|28|3|30|1|0|57|45|3.79,_data\master_csv__rescrape_staging\pitching_1952_PL_from_master.csv,10
CSV_ER,ER,0,0,自責点,22,0,1952,61563895,天保　義夫,年度|所属球団|登板|勝利|敗北|セーブ|H|HP|完投|完封勝|無四球|勝率|打者|投球回|安打|本塁打|四球|死球|三振|暴投|ボーク|失点|自責点|防御率,1952|阪　急|23|4|12||||7|0|1|.250|454|106 .1|106|.1|112|6|28|3|30|1|0|57|45|3.79,_data\master_csv__rescrape_staging\pitching_1952_PL_from_master.csv,10
CSV_ER,ER,0,0,index_7,7,0,1952,61563895,天保　義夫,,1952|阪　急|26|43|37|2|4|0|1|0|6|1|0|0|3||3|0|7|0|.108|.162|,_data\master_csv__rescrape_staging\pitching_1952_PL_from_master.csv,10
CSV_ER,ER,0,0,index_9,9,0,1952,61563895,天保　義夫,,1952|阪　急|26|43|37|2|4|0|1|0|6|1|0|0|3||3|0|7|0|.108|.162|,_data\master_csv__rescrape_staging\pitching_1952_PL_from_master.csv,10
CSV_ER,ER,0,0,index_12,12,0,1952,61563895,天保　義夫,,1952|阪　急|26|43|37|2|4|0|1|0|6|1|0|0|3||3|0|7|0|.108|.162|,_data\master_csv__rescrape_staging\pitching_1952_PL_from_master.csv,10
CSV_ER,ER,0,0,index_13,13,0,1952,61563895,天保　義夫,,1952|阪　急|26|43|37|2|4|0|1|0|6|1|0|0|3||3|0|7|0|.108|.162|,_data\master_csv__rescrape_staging\pitching_1952_PL_from_master.csv,10
CSV_ER,ER,0,0,index_17,17,0,1952,61563895,天保　義夫,,1952|阪　急|26|43|37|2|4|0|1|0|6|1|0|0|3||3|0|7|0|.108|.162|,_data\master_csv__rescrape_staging\pitching_1952_PL_from_master.csv,10
CSV_ER,ER,0,0,index_19,19,0,1952,61563895,天保　義夫,,1952|阪　急|26|43|37|2|4|0|1|0|6|1|0|0|3||3|0|7|0|.108|.162|,_data\master_csv__rescrape_staging\pitching_1952_PL_from_master.csv,10
CSV_ERA,ERA,57.0,57,防御率,23,57,1952,61563895,天保　義夫,年度|所属球団|登板|勝利|敗北|セーブ|H|HP|完投|完封勝|無四球|勝率|打者|投球回|安打|本塁打|四球|死球|三振|暴投|ボーク|失点|自責点|防御率,1952|阪　急|23|4|12||||7|0|1|.250|454|106 .1|106|.1|112|6|28|3|30|1|0|57|45|3.79,_data\master_csv__rescrape_staging\pitching_1952_PL_from_master.csv,10
CSV_ER,ER,6,6,自責点,22,6,1952,51253805,Ｊ．ニューベリー,年度|所属球団|登板|勝利|敗北|セーブ|H|HP|完投|完封勝|無四球|勝率|打者|投球回|安打|本塁打|四球|死球|三振|暴投|ボーク|失点|自責点|防御率,1952|阪　急|36|11|10||||10|1|2|.524|830|206 .1|206|.1|183|7|65|2|100|1|6|84|74|3.22,_data\master_csv__rescrape_staging\pitching_1952_PL_from_master.csv,11
CSV_ERA,ERA,84.0,84,防御率,23,84,1952,51253805,Ｊ．ニューベリー,年度|所属球団|登板|勝利|敗北|セーブ|H|HP|完投|完封勝|無四球|勝率|打者|投球回|安打|本塁打|四球|死球|三振|暴投|ボーク|失点|自責点|防御率,1952|阪　急|36|11|10||||10|1|2|.524|830|206 .1|206|.1|183|7|65|2|100|1|6|84|74|3.22,_data\master_csv__rescrape_staging\pitching_1952_PL_from_master.csv,11
CSV_ER,ER,1,1,暴投,19,1,1953,41143805,入谷　正典,年度|所属球団|登板|勝利|敗北|セーブ|H|HP|完投|完封勝|無四球|勝率|打者|投球回|安打|本塁打|四球|死球|三振|暴投|ボーク|失点|自責点|防御率,1953|読　売|29|11|7||||10|2|0|.611|716|174 .1|174|.1|159|14|44|1|63|0|1|61|46|2.37,_data\master_csv__rescrape_staging\pitching_1953_CL_from_master.csv,2
CSV_ER,ER,1,1,自責点,22,1,1953,41143805,入谷　正典,年度|所属球団|登板|勝利|敗北|セーブ|H|HP|完投|完封勝|無四球|勝率|打者|投球回|安打|本塁打|四球|死球|三振|暴投|ボーク|失点|自責点|防御率,1953|読　売|29|11|7||||10|2|0|.611|716|174 .1|174|.1|159|14|44|1|63|0|1|61|46|2.37,_data\master_csv__rescrape_staging\pitching_1953_CL_from_master.csv,2
CSV_ER,ER,1,1,index_8,8,1,1953,41143805,入谷　正典,,1953|読　売|29|76|70|10|16|3|1|0|21|6|0|0|2||4|0|12|1|.229|.300|,_data\master_csv__rescrape_staging\pitching_1953_CL_from_master.csv,2
CSV_ER,ER,1,1,index_19,19,1,1953,41143805,入谷　正典,,1953|読　売|29|76|70|10|16|3|1|0|21|6|0|0|2||4|0|12|1|.229|.300|,_data\master_csv__rescrape_staging\pitching_1953_CL_from_master.csv,2
CSV_ERA,ERA,61.0,61,防御率,23,61,1953,41143805,入谷　正典,年度|所属球団|登板|勝利|敗北|セーブ|H|HP|完投|完封勝|無四球|勝率|打者|投球回|安打|本塁打|四球|死球|三振|暴投|ボーク|失点|自責点|防御率,1953|読　売|29|11|7||||10|2|0|.611|716|174 .1|174|.1|159|14|44|1|63|0|1|61|46|2.37,_data\master_csv__rescrape_staging\pitching_1953_CL_from_master.csv,2
CSV_ER,ER,1,1,暴投,19,1,1953,41743801,大友　工,年度|所属球団|登板|勝利|敗北|セーブ|H|HP|完投|完封勝|無四球|勝率|打者|投球回|安打|本塁打|四球|死球|三振|暴投|ボーク|失点|自責点|防御率,1953|読　売|43|27|6||||22|3|4|.818|1076|281 .1|281|.1|199|13|63|1|173|1|1|65|58|1.85,_data\master_csv__rescrape_staging\pitching_1953_CL_from_master.csv,4
CSV_ER,ER,1,1,失点,21,1,1953,41743801,大友　工,年度|所属球団|登板|勝利|敗北|セーブ|H|HP|完投|完封勝|無四球|勝率|打者|投球回|安打|本塁打|四球|死球|三振|暴投|ボーク|失点|自責点|防御率,1953|読　売|43|27|6||||22|3|4|.818|1076|281 .1|281|.1|199|13|63|1|173|1|1|65|58|1.85,_data\master_csv__rescrape_staging\pitching_1953_CL_from_master.csv,4
CSV_ER,ER,1,1,自責点,22,1,1953,41743801,大友　工,年度|所属球団|登板|勝利|敗北|セーブ|H|HP|完投|完封勝|無四球|勝率|打者|投球回|安打|本塁打|四球|死球|三振|暴投|ボーク|失点|自責点|防御率,1953|読　売|43|27|6||||22|3|4|.818|1076|281 .1|281|.1|199|13|63|1|173|1|1|65|58|1.85,_data\master_csv__rescrape_staging\pitching_1953_CL_from_master.csv,4
CSV_ER,ER,1,1,index_16,16,1,1953,41743801,大友　工,,1953|読　売|43|117|102|15|26|6|0|0|32|6|0|0|14||1|0|16|1|.255|.314|,_data\master_csv__rescrape_staging\pitching_1953_CL_from_master.csv,4
CSV_ER,ER,1,1,index_19,19,1,1953,41743801,大友　工,,1953|読　売|43|117|102|15|26|6|0|0|32|6|0|0|14||1|0|16|1|.255|.314|,_data\master_csv__rescrape_staging\pitching_1953_CL_from_master.csv,4
CSV_ERA,ERA,65.0,65,防御率,23,65,1953,41743801,大友　工,年度|所属球団|登板|勝利|敗北|セーブ|H|HP|完投|完封勝|無四球|勝率|打者|投球回|安打|本塁打|四球|死球|三振|暴投|ボーク|失点|自責点|防御率,1953|読　売|43|27|6||||22|3|4|.818|1076|281 .1|281|.1|199|13|63|1|173|1|1|65|58|1.85,_data\master_csv__rescrape_staging\pitching_1953_CL_from_master.csv,4
CSV_ER,ER,0,0,無四球,10,0,1953,01703878,中尾　碩志,年度|所属球団|登板|勝利|敗北|セーブ|H|HP|完投|完封勝|無四球|勝率|打者|投球回|安打|本塁打|四球|死球|三振|暴投|ボーク|失点|自責点|防御率,1953|読　売|34|14|8||||6|2|0|.636|734|181 .2|181|.2|157|5|40|2|68|0|0|76|55|2.72,_data\master_csv__rescrape_staging\pitching_1953_CL_from_master.csv,8
CSV_ER,ER,0,0,失点,21,0,1953,01703878,中尾　碩志,年度|所属球団|登板|勝利|敗北|セーブ|H|HP|完投|完封勝|無四球|勝率|打者|投球回|安打|本塁打|四球|死球|三振|暴投|ボーク|失点|自責点|防御率,1953|読　売|34|14|8||||6|2|0|.636|734|181 .2|181|.2|157|5|40|2|68|0|0|76|55|2.72,_data\master_csv__rescrape_staging\pitching_1953_CL_from_master.csv,8
CSV_ER,ER,0,0,自責点,22,0,1953,01703878,中尾　碩志,年度|所属球団|登板|勝利|敗北|セーブ|H|HP|完投|完封勝|無四球|勝率|打者|投球回|安打|本塁打|四球|死球|三振|暴投|ボーク|失点|自責点|防御率,1953|読　売|34|14|8||||6|2|0|.636|734|181 .2|181|.2|157|5|40|2|68|0|0|76|55|2.72,_data\master_csv__rescrape_staging\pitching_1953_CL_from_master.csv,8
CSV_ER,ER,0,0,index_7,7,0,1953,01703878,中尾　碩志,,1953|読　売|34|72|59|6|11|0|0|0|11|4|0|0|5||7|1|20|1|.186|.186|,_data\master_csv__rescrape_staging\pitching_1953_CL_from_master.csv,8
CSV_ER,ER,0,0,index_8,8,0,1953,01703878,中尾　碩志,,1953|読　売|34|72|59|6|11|0|0|0|11|4|0|0|5||7|1|20|1|.186|.186|,_data\master_csv__rescrape_staging\pitching_1953_CL_from_master.csv,8
CSV_ER,ER,0,0,index_9,9,0,1953,01703878,中尾　碩志,,1953|読　売|34|72|59|6|11|0|0|0|11|4|0|0|5||7|1|20|1|.186|.186|,_data\master_csv__rescrape_staging\pitching_1953_CL_from_master.csv,8
CSV_ER,ER,0,0,index_12,12,0,1953,01703878,中尾　碩志,,1953|読　売|34|72|59|6|11|0|0|0|11|4|0|0|5||7|1|20|1|.186|.186|,_data\master_csv__rescrape_staging\pitching_1953_CL_from_master.csv,8
CSV_ER,ER,0,0,index_13,13,0,1953,01703878,中尾　碩志,,1953|読　売|34|72|59|6|11|0|0|0|11|4|0|0|5||7|1|20|1|.186|.186|,_data\master_csv__rescrape_staging\pitching_1953_CL_from_master.csv,8
CSV_ERA,ERA,76.0,76,防御率,23,76,1953,01703878,中尾　碩志,年度|所属球団|登板|勝利|敗北|セーブ|H|HP|完投|完封勝|無四球|勝率|打者|投球回|安打|本塁打|四球|死球|三振|暴投|ボーク|失点|自責点|防御率,1953|読　売|34|14|8||||6|2|0|.636|734|181 .2|181|.2|157|5|40|2|68|0|0|76|55|2.72,_data\master_csv__rescrape_staging\pitching_1953_CL_from_master.csv,8
CSV_ER,ER,0,0,失点,21,0,1953,81783895,藤本　英雄,年度|所属球団|登板|勝利|敗北|セーブ|H|HP|完投|完封勝|無四球|勝率|打者|投球回|安打|本塁打|四球|死球|三振|暴投|ボーク|失点|自責点|防御率,1953|読　売|29|17|6||||13|3|7|.739|777|198 .2|198|.2|166|9|30|1|73|0|0|60|46|2.08,_data\master_csv__rescrape_staging\pitching_1953_CL_from_master.csv,9
CSV_ER,ER,0,0,自責点,22,0,1953,81783895,藤本　英雄,年度|所属球団|登板|勝利|敗北|セーブ|H|HP|完投|完封勝|無四球|勝率|打者|投球回|安打|本塁打|四球|死球|三振|暴投|ボーク|失点|自責点|防御率,1953|読　売|29|17|6||||13|3|7|.739|777|198 .2|198|.2|166|9|30|1|73|0|0|60|46|2.08,_data\master_csv__rescrape_staging\pitching_1953_CL_from_master.csv,9
CSV_ER,ER,0,0,index_8,8,0,1953,81783895,藤本　英雄,,1953|読　売|29|83|74|9|21|4|0|1|28|11|0|0|6||3|0|8|5|.284|.378|,_data\master_csv__rescrape_staging\pitching_1953_CL_from_master.csv,9
CSV_ER,ER,0,0,index_12,12,0,1953,81783895,藤本　英雄,,1953|読　売|29|83|74|9|21|4|0|1|28|11|0|0|6||3|0|8|5|.284|.378|,_data\master_csv__rescrape_staging\pitching_1953_CL_from_master.csv,9
CSV_ER,ER,0,0,index_13,13,0,1953,81783895,藤本　英雄,,1953|読　売|29|83|74|9|21|4|0|1|28|11|0|0|6||3|0|8|5|.284|.378|,_data\master_csv__rescrape_staging\pitching_1953_CL_from_master.csv,9
CSV_ER,ER,0,0,index_17,17,0,1953,81783895,藤本　英雄,,1953|読　売|29|83|74|9|21|4|0|1|28|11|0|0|6||3|0|8|5|.284|.378|,_data\master_csv__rescrape_staging\pitching_1953_CL_from_master.csv,9
CSV_ERA,ERA,60.0,60,防御率,23,60,1953,81783895,藤本　英雄,年度|所属球団|登板|勝利|敗北|セーブ|H|HP|完投|完封勝|無四球|勝率|打者|投球回|安打|本塁打|四球|死球|三振|暴投|ボーク|失点|自責点|防御率,1953|読　売|29|17|6||||13|3|7|.739|777|198 .2|198|.2|166|9|30|1|73|0|0|60|46|2.08,_data\master_csv__rescrape_staging\pitching_1953_CL_from_master.csv,9
CSV_ER,ER,0,0,自責点,22,0,1953,31933895,別所　毅彦,年度|所属球団|登板|勝利|敗北|セーブ|H|HP|完投|完封勝|無四球|勝率|打者|投球回|安打|本塁打|四球|死球|三振|暴投|ボーク|失点|自責点|防御率,1953|読　売|32|16|8||||16|4|1|.667|781|191 .1|191|.1|179|10|43|5|75|3|0|70|56|2.63,_data\master_csv__rescrape_staging\pitching_1953_CL_from_master.csv,10
CSV_ER,ER,0,0,index_12,12,0,1953,31933895,別所　毅彦,,1953|読　売|33|78|75|6|18|4|1|1|27|7|0|0|1||2|0|10|1|.240|.360|,_data\master_csv__rescrape_staging\pitching_1953_CL_from_master.csv,10
CSV_ER,ER,0,0,index_13,13,0,1953,31933895,別所　毅彦,,1953|読　売|33|78|75|6|18|4|1|1|27|7|0|0|1||2|0|10|1|.240|.360|,_data\master_csv__rescrape_staging\pitching_1953_CL_from_master.csv,10
CSV_ER,ER,0,0,index_17,17,0,1953,31933895,別所　毅彦,,1953|読　売|33|78|75|6|18|4|1|1|27|7|0|0|1||2|0|10|1|.240|.360|,_data\master_csv__rescrape_staging\pitching_1953_CL_from_master.csv,10
CSV_ERA,ERA,70.0,70,防御率,23,70,1953,31933895,別所　毅彦,年度|所属球団|登板|勝利|敗北|セーブ|H|HP|完投|完封勝|無四球|勝率|打者|投球回|安打|本塁打|四球|死球|三振|暴投|ボーク|失点|自責点|防御率,1953|読　売|32|16|8||||16|4|1|.667|781|191 .1|191|.1|179|10|43|5|75|3|0|70|56|2.63,_data\master_csv__rescrape_staging\pitching_1953_CL_from_master.csv,10
CSV_ER,ER,0,0,無四球,10,0,1953,31133898,阿部　八郎,年度|所属球団|登板|勝利|敗北|セーブ|H|HP|完投|完封勝|無四球|勝率|打者|投球回|安打|本塁打|四球|死球|三振|暴投|ボーク|失点|自責点|防御率,1953|阪　急|23|11|4||||8|2|0|.733|594|148 .1|148|.1|121|6|41|2|90|3|0|38|31|1.87,_data\master_csv__rescrape_staging\pitching_1953_PL_from_master.csv,2
CSV_ER,ER,0,0,自責点,22,0,1953,31133898,阿部　八郎,年度|所属球団|登板|勝利|敗北|セーブ|H|HP|完投|完封勝|無四球|勝率|打者|投球回|安打|本塁打|四球|死球|三振|暴投|ボーク|失点|自責点|防御率,1953|阪　急|23|11|4||||8|2|0|.733|594|148 .1|148|.1|121|6|41|2|90|3|0|38|31|1.87,_data\master_csv__rescrape_staging\pitching_1953_PL_from_master.csv,2
CSV_ER,ER,0,0,index_8,8,0,1953,31133898,阿部　八郎,,1953|阪　急|23|54|51|4|17|4|0|0|21|3|0|0|2||0|1|8|1|.333|.412|,_data\master_csv__rescrape_staging\pitching_1953_PL_from_master.csv,2
CSV_ER,ER,0,0,index_9,9,0,1953,31133898,阿部　八郎,,1953|阪　急|23|54|51|4|17|4|0|0|21|3|0|0|2||0|1|8|1|.333|.412|,_data\master_csv__rescrape_staging\pitching_1953_PL_from_master.csv,2
CSV_ER,ER,0,0,index_12,12,0,1953,31133898,阿部　八郎,,1953|阪　急|23|54|51|4|17|4|0|0|21|3|0|0|2||0|1|8|1|.333|.412|,_data\master_csv__rescrape_staging\pitching_1953_PL_from_master.csv,2
CSV_ER,ER,0,0,index_13,13,0,1953,31133898,阿部　八郎,,1953|阪　急|23|54|51|4|17|4|0|0|21|3|0|0|2||0|1|8|1|.333|.412|,_data\master_csv__rescrape_staging\pitching_1953_PL_from_master.csv,2
CSV_ER,ER,0,0,index_16,16,0,1953,31133898,阿部　八郎,,1953|阪　急|23|54|51|4|17|4|0|0|21|3|0|0|2||0|1|8|1|.333|.412|,_data\master_csv__rescrape_staging\pitching_1953_PL_from_master.csv,2
CSV_ERA,ERA,38.0,38,防御率,23,38,1953,31133898,阿部　八郎,年度|所属球団|登板|勝利|敗北|セーブ|H|HP|完投|完封勝|無四球|勝率|打者|投球回|安打|本塁打|四球|死球|三振|暴投|ボーク|失点|自責点|防御率,1953|阪　急|23|11|4||||8|2|0|.733|594|148 .1|148|.1|121|6|41|2|90|3|0|38|31|1.87,_data\master_csv__rescrape_staging\pitching_1953_PL_from_master.csv,2
CSV_IP,IP,125.0,125,投球回,13,125,1953,01103894,池田　善蔵,年度|所属球団|登板|勝利|敗北|セーブ|H|HP|完投|完封勝|無四球|勝率|打者|投球回|安打|本塁打|四球|死球|三振|暴投|ボーク|失点|自責点|防御率,1953|阪　急|33|4|9||||1|0|0|.308|521|125|125||113|5|40|0|42|4|1|50|42|3.02,_data\master_csv__rescrape_staging\pitching_1953_PL_from_master.csv,4
CSV_IP,IP,125.0,125,安打,14,125,1953,01103894,池田　善蔵,年度|所属球団|登板|勝利|敗北|セーブ|H|HP|完投|完封勝|無四球|勝率|打者|投球回|安打|本塁打|四球|死球|三振|暴投|ボーク|失点|自責点|防御率,1953|阪　急|33|4|9||||1|0|0|.308|521|125|125||113|5|40|0|42|4|1|50|42|3.02,_data\master_csv__rescrape_staging\pitching_1953_PL_from_master.csv,4
CSV_ER,ER,1,1,完投,8,1,1953,01103894,池田　善蔵,年度|所属球団|登板|勝利|敗北|セーブ|H|HP|完投|完封勝|無四球|勝率|打者|投球回|安打|本塁打|四球|死球|三振|暴投|ボーク|失点|自責点|防御率,1953|阪　急|33|4|9||||1|0|0|.308|521|125|125||113|5|40|0|42|4|1|50|42|3.02,_data\master_csv__rescrape_staging\pitching_1953_PL_from_master.csv,4
CSV_ER,ER,1,1,自責点,22,1,1953,01103894,池田　善蔵,年度|所属球団|登板|勝利|敗北|セーブ|H|HP|完投|完封勝|無四球|勝率|打者|投球回|安打|本塁打|四球|死球|三振|暴投|ボーク|失点|自責点|防御率,1953|阪　急|33|4|9||||1|0|0|.308|521|125|125||113|5|40|0|42|4|1|50|42|3.02,_data\master_csv__rescrape_staging\pitching_1953_PL_from_master.csv,4
CSV_ER,ER,1,1,index_5,5,1,1953,01103894,池田　善蔵,,1953|阪　急|33|40|35|1|6|1|0|0|7|0|0|0|3||2|0|5|0|.171|.200|,_data\master_csv__rescrape_staging\pitching_1953_PL_from_master.csv,4
CSV_ER,ER,1,1,index_7,7,1,1953,01103894,池田　善蔵,,1953|阪　急|33|40|35|1|6|1|0|0|7|0|0|0|3||2|0|5|0|.171|.200|,_data\master_csv__rescrape_staging\pitching_1953_PL_from_master.csv,4
CSV_ERA,ERA,50.0,50,防御率,23,50,1953,01103894,池田　善蔵,年度|所属球団|登板|勝利|敗北|セーブ|H|HP|完投|完封勝|無四球|勝率|打者|投球回|安打|本塁打|四球|死球|三振|暴投|ボーク|失点|自責点|防御率,1953|阪　急|33|4|9||||1|0|0|.308|521|125|125||113|5|40|0|42|4|1|50|42|3.02,_data\master_csv__rescrape_staging\pitching_1953_PL_from_master.csv,4
CSV_ER,ER,1,1,自責点,22,1,1953,41743807,Ｒ．ゲインズ,年度|所属球団|登板|勝利|敗北|セーブ|H|HP|完投|完封勝|無四球|勝率|打者|投球回|安打|本塁打|四球|死球|三振|暴投|ボーク|失点|自責点|防御率,1953|阪　急|36|14|9||||14|4|2|.609|904|220 .2|220|.2|184|9|94|0|142|5|1|76|62|2.52,_data\master_csv__rescrape_staging\pitching_1953_PL_from_master.csv,6
CSV_ER,ER,1,1,index_7,7,1,1953,41743807,Ｒ．ゲインズ,,1953|阪　急|36|82|69|6|9|1|0|0|10|1|0|0|7||6|0|20|2|.130|.145|,_data\master_csv__rescrape_staging\pitching_1953_PL_from_master.csv,6
CSV_ER,ER,1,1,index_11,11,1,1953,41743807,Ｒ．ゲインズ,,1953|阪　急|36|82|69|6|9|1|0|0|10|1|0|0|7||6|0|20|2|.130|.145|,_data\master_csv__rescrape_staging\pitching_1953_PL_from_master.csv,6
CSV_ERA,ERA,76.0,76,防御率,23,76,1953,41743807,Ｒ．ゲインズ,年度|所属球団|登板|勝利|敗北|セーブ|H|HP|完投|完封勝|無四球|勝率|打者|投球回|安打|本塁打|四球|死球|三振|暴投|ボーク|失点|自責点|防御率,1953|阪　急|36|14|9||||14|4|2|.609|904|220 .2|220|.2|184|9|94|0|142|5|1|76|62|2.52,_data\master_csv__rescrape_staging\pitching_1953_PL_from_master.csv,6
CSV_IP,IP,75.0,75,投球回,13,75,1953,41443801,佐藤　平七,年度|所属球団|登板|勝利|敗北|セーブ|H|HP|完投|完封勝|無四球|勝率|打者|投球回|安打|本塁打|四球|死球|三振|暴投|ボーク|失点|自責点|防御率,1953|阪　急|22|4|4||||3|0|2|.500|321|75|75||74|1|25|2|28|2|0|29|20|2.40,_data\master_csv__rescrape_staging\pitching_1953_PL_from_master.csv,7
CSV_IP,IP,75.0,75,安打,14,75,1953,41443801,佐藤　平七,年度|所属球団|登板|勝利|敗北|セーブ|H|HP|完投|完封勝|無四球|勝率|打者|投球回|安打|本塁打|四球|死球|三振|暴投|ボーク|失点|自責点|防御率,1953|阪　急|22|4|4||||3|0|2|.500|321|75|75||74|1|25|2|28|2|0|29|20|2.40,_data\master_csv__rescrape_staging\pitching_1953_PL_from_master.csv,7
CSV_ER,ER,0,0,完封勝,9,0,1953,41443801,佐藤　平七,年度|所属球団|登板|勝利|敗北|セーブ|H|HP|完投|完封勝|無四球|勝率|打者|投球回|安打|本塁打|四球|死球|三振|暴投|ボーク|失点|自責点|防御率,1953|阪　急|22|4|4||||3|0|2|.500|321|75|75||74|1|25|2|28|2|0|29|20|2.40,_data\master_csv__rescrape_staging\pitching_1953_PL_from_master.csv,7
CSV_ER,ER,0,0,自責点,22,0,1953,41443801,佐藤　平七,年度|所属球団|登板|勝利|敗北|セーブ|H|HP|完投|完封勝|無四球|勝率|打者|投球回|安打|本塁打|四球|死球|三振|暴投|ボーク|失点|自責点|防御率,1953|阪　急|22|4|4||||3|0|2|.500|321|75|75||74|1|25|2|28|2|0|29|20|2.40,_data\master_csv__rescrape_staging\pitching_1953_PL_from_master.csv,7
CSV_ER,ER,0,0,index_8,8,0,1953,41443801,佐藤　平七,,1953|阪　急|22|25|21|3|5|2|0|0|7|0|0|0|3||1|0|3|0|.238|.333|,_data\master_csv__rescrape_staging\pitching_1953_PL_from_master.csv,7
CSV_ER,ER,0,0,index_9,9,0,1953,41443801,佐藤　平七,,1953|阪　急|22|25|21|3|5|2|0|0|7|0|0|0|3||1|0|3|0|.238|.333|,_data\master_csv__rescrape_staging\pitching_1953_PL_from_master.csv,7
CSV_ER,ER,0,0,index_11,11,0,1953,41443801,佐藤　平七,,1953|阪　急|22|25|21|3|5|2|0|0|7|0|0|0|3||1|0|3|0|.238|.333|,_data\master_csv__rescrape_staging\pitching_1953_PL_from_master.csv,7
CSV_ER,ER,0,0,index_12,12,0,1953,41443801,佐藤　平七,,1953|阪　急|22|25|21|3|5|2|0|0|7|0|0|0|3||1|0|3|0|.238|.333|,_data\master_csv__rescrape_staging\pitching_1953_PL_from_master.csv,7
CSV_ER,ER,0,0,index_13,13,0,1953,41443801,佐藤　平七,,1953|阪　急|22|25|21|3|5|2|0|0|7|0|0|0|3||1|0|3|0|.238|.333|,_data\master_csv__rescrape_staging\pitching_1953_PL_from_master.csv,7
CSV_ER,ER,0,0,index_17,17,0,1953,41443801,佐藤　平七,,1953|阪　急|22|25|21|3|5|2|0|0|7|0|0|0|3||1|0|3|0|.238|.333|,_data\master_csv__rescrape_staging\pitching_1953_PL_from_master.csv,7
CSV_ER,ER,0,0,index_19,19,0,1953,41443801,佐藤　平七,,1953|阪　急|22|25|21|3|5|2|0|0|7|0|0|0|3||1|0|3|0|.238|.333|,_data\master_csv__rescrape_staging\pitching_1953_PL_from_master.csv,7
CSV_ERA,ERA,29.0,29,防御率,23,29,1953,41443801,佐藤　平七,年度|所属球団|登板|勝利|敗北|セーブ|H|HP|完投|完封勝|無四球|勝率|打者|投球回|安打|本塁打|四球|死球|三振|暴投|ボーク|失点|自責点|防御率,1953|阪　急|22|4|4||||3|0|2|.500|321|75|75||74|1|25|2|28|2|0|29|20|2.40,_data\master_csv__rescrape_staging\pitching_1953_PL_from_master.csv,7
CSV_ER,ER,0,0,自責点,22,0,1953,01603801,柴田　英治,年度|所属球団|登板|勝利|敗北|セーブ|H|HP|完投|完封勝|無四球|勝率|打者|投球回|安打|本塁打|四球|死球|三振|暴投|ボーク|失点|自責点|防御率,1953|阪　急|43|17|13||||8|2|2|.567|865|209 .2|209|.2|214|12|40|3|98|1|0|86|71|3.04,_data\master_csv__rescrape_staging\pitching_1953_PL_from_master.csv,8
CSV_ER,ER,0,0,index_9,9,0,1953,01603801,柴田　英治,,1953|阪　急|43|74|66|7|8|2|1|0|12|5|0|0|5||3|0|9|1|.121|.182|,_data\master_csv__rescrape_staging\pitching_1953_PL_from_master.csv,8
CSV_ER,ER,0,0,index_12,12,0,1953,01603801,柴田　英治,,1953|阪　急|43|74|66|7|8|2|1|0|12|5|0|0|5||3|0|9|1|.121|.182|,_data\master_csv__rescrape_staging\pitching_1953_PL_from_master.csv,8
CSV_ER,ER,0,0,index_13,13,0,1953,01603801,柴田　英治,,1953|阪　急|43|74|66|7|8|2|1|0|12|5|0|0|5||3|0|9|1|.121|.182|,_data\master_csv__rescrape_staging\pitching_1953_PL_from_master.csv,8
CSV_ER,ER,0,0,index_17,17,0,1953,01603801,柴田　英治,,1953|阪　急|43|74|66|7|8|2|1|0|12|5|0|0|5||3|0|9|1|.121|.182|,_data\master_csv__rescrape_staging\pitching_1953_PL_from_master.csv,8
CSV_ERA,ERA,86.0,86,防御率,23,86,1953,01603801,柴田　英治,年度|所属球団|登板|勝利|敗北|セーブ|H|HP|完投|完封勝|無四球|勝率|打者|投球回|安打|本塁打|四球|死球|三振|暴投|ボーク|失点|自責点|防御率,1953|阪　急|43|17|13||||8|2|2|.567|865|209 .2|209|.2|214|12|40|3|98|1|0|86|71|3.04,_data\master_csv__rescrape_staging\pitching_1953_PL_from_master.csv,8
CSV_IP,IP,115.0,115,投球回,13,115,1954,41143805,入谷　正典,年度|所属球団|登板|勝利|敗北|セーブ|H|HP|完投|完封勝|無四球|勝率|打者|投球回|安打|本塁打|四球|死球|三振|暴投|ボーク|失点|自責点|防御率,1954|読　売|23|7|6||||5|2|1|.538|458|115|115||105|7|18|1|45|0|0|41|30|2.35,_data\master_csv__rescrape_staging\pitching_1954_CL_from_master.csv,2
CSV_IP,IP,115.0,115,安打,14,115,1954,41143805,入谷　正典,年度|所属球団|登板|勝利|敗北|セーブ|H|HP|完投|完封勝|無四球|勝率|打者|投球回|安打|本塁打|四球|死球|三振|暴投|ボーク|失点|自責点|防御率,1954|読　売|23|7|6||||5|2|1|.538|458|115|115||105|7|18|1|45|0|0|41|30|2.35,_data\master_csv__rescrape_staging\pitching_1954_CL_from_master.csv,2
CSV_ER,ER,0,0,失点,21,0,1954,41143805,入谷　正典,年度|所属球団|登板|勝利|敗北|セーブ|H|HP|完投|完封勝|無四球|勝率|打者|投球回|安打|本塁打|四球|死球|三振|暴投|ボーク|失点|自責点|防御率,1954|読　売|23|7|6||||5|2|1|.538|458|115|115||105|7|18|1|45|0|0|41|30|2.35,_data\master_csv__rescrape_staging\pitching_1954_CL_from_master.csv,2
CSV_ER,ER,0,0,自責点,22,0,1954,41143805,入谷　正典,年度|所属球団|登板|勝利|敗北|セーブ|H|HP|完投|完封勝|無四球|勝率|打者|投球回|安打|本塁打|四球|死球|三振|暴投|ボーク|失点|自責点|防御率,1954|読　売|23|7|6||||5|2|1|.538|458|115|115||105|7|18|1|45|0|0|41|30|2.35,_data\master_csv__rescrape_staging\pitching_1954_CL_from_master.csv,2
CSV_ER,ER,0,0,index_8,8,0,1954,41143805,入谷　正典,,1954|読　売|23|47|42|7|14|4|0|0|18|5|0|0|2|0|3|0|6|2|.333|.429|,_data\master_csv__rescrape_staging\pitching_1954_CL_from_master.csv,2
CSV_ER,ER,0,0,index_9,9,0,1954,41143805,入谷　正典,,1954|読　売|23|47|42|7|14|4|0|0|18|5|0|0|2|0|3|0|6|2|.333|.429|,_data\master_csv__rescrape_staging\pitching_1954_CL_from_master.csv,2
CSV_ER,ER,0,0,index_12,12,0,1954,41143805,入谷　正典,,1954|読　売|23|47|42|7|14|4|0|0|18|5|0|0|2|0|3|0|6|2|.333|.429|,_data\master_csv__rescrape_staging\pitching_1954_CL_from_master.csv,2
CSV_ER,ER,0,0,index_13,13,0,1954,41143805,入谷　正典,,1954|読　売|23|47|42|7|14|4|0|0|18|5|0|0|2|0|3|0|6|2|.333|.429|,_data\master_csv__rescrape_staging\pitching_1954_CL_from_master.csv,2
CSV_ER,ER,0,0,index_15,15,0,1954,41143805,入谷　正典,,1954|読　売|23|47|42|7|14|4|0|0|18|5|0|0|2|0|3|0|6|2|.333|.429|,_data\master_csv__rescrape_staging\pitching_1954_CL_from_master.csv,2
CSV_ER,ER,0,0,index_17,17,0,1954,41143805,入谷　正典,,1954|読　売|23|47|42|7|14|4|0|0|18|5|0|0|2|0|3|0|6|2|.333|.429|,_data\master_csv__rescrape_staging\pitching_1954_CL_from_master.csv,2
CSV_ERA,ERA,41.0,41,防御率,23,41,1954,41143805,入谷　正典,年度|所属球団|登板|勝利|敗北|セーブ|H|HP|完投|完封勝|無四球|勝率|打者|投球回|安打|本塁打|四球|死球|三振|暴投|ボーク|失点|自責点|防御率,1954|読　売|23|7|6||||5|2|1|.538|458|115|115||105|7|18|1|45|0|0|41|30|2.35,_data\master_csv__rescrape_staging\pitching_1954_CL_from_master.csv,2
CSV_ER,ER,0,0,失点,21,0,1954,41743801,大友　工,年度|所属球団|登板|勝利|敗北|セーブ|H|HP|完投|完封勝|無四球|勝率|打者|投球回|安打|本塁打|四球|死球|三振|暴投|ボーク|失点|自責点|防御率,1954|読　売|48|21|15||||17|5|4|.583|1081|278 .2|278|.2|202|13|62|9|199|0|0|63|52|1.68,_data\master_csv__rescrape_staging\pitching_1954_CL_from_master.csv,3
CSV_ER,ER,0,0,自責点,22,0,1954,41743801,大友　工,年度|所属球団|登板|勝利|敗北|セーブ|H|HP|完投|完封勝|無四球|勝率|打者|投球回|安打|本塁打|四球|死球|三振|暴投|ボーク|失点|自責点|防御率,1954|読　売|48|21|15||||17|5|4|.583|1081|278 .2|278|.2|202|13|62|9|199|0|0|63|52|1.68,_data\master_csv__rescrape_staging\pitching_1954_CL_from_master.csv,3
CSV_ER,ER,0,0,index_9,9,0,1954,41743801,大友　工,,1954|読　売|48|108|95|14|20|3|1|0|25|6|1|0|7|0|3|3|23|0|.211|.263|,_data\master_csv__rescrape_staging\pitching_1954_CL_from_master.csv,3
CSV_ER,ER,0,0,index_13,13,0,1954,41743801,大友　工,,1954|読　売|48|108|95|14|20|3|1|0|25|6|1|0|7|0|3|3|23|0|.211|.263|,_data\master_csv__rescrape_staging\pitching_1954_CL_from_master.csv,3
CSV_ER,ER,0,0,index_15,15,0,1954,41743801,大友　工,,1954|読　売|48|108|95|14|20|3|1|0|25|6|1|0|7|0|3|3|23|0|.211|.263|,_data\master_csv__rescrape_staging\pitching_1954_CL_from_master.csv,3
CSV_ER,ER,0,0,index_19,19,0,1954,41743801,大友　工,,1954|読　売|48|108|95|14|20|3|1|0|25|6|1|0|7|0|3|3|23|0|.211|.263|,_data\master_csv__rescrape_staging\pitching_1954_CL_from_master.csv,3
CSV_ERA,ERA,63.0,63,防御率,23,63,1954,41743801,大友　工,年度|所属球団|登板|勝利|敗北|セーブ|H|HP|完投|完封勝|無四球|勝率|打者|投球回|安打|本塁打|四球|死球|三振|暴投|ボーク|失点|自責点|防御率,1954|読　売|48|21|15||||17|5|4|.583|1081|278 .2|278|.2|202|13|62|9|199|0|0|63|52|1.68,_data\master_csv__rescrape_staging\pitching_1954_CL_from_master.csv,3
CSV_IP,IP,115.0,115,投球回,13,115,1954,01503807,笠原　正行,年度|所属球団|登板|勝利|敗北|セーブ|H|HP|完投|完封勝|無四球|勝率|打者|投球回|安打|本塁打|四球|死球|三振|暴投|ボーク|失点|自責点|防御率,1954|読　売|30|9|4||||3|2|0|.692|503|115|115||128|7|41|5|28|3|1|60|46|3.60,_data\master_csv__rescrape_staging\pitching_1954_CL_from_master.csv,4
CSV_IP,IP,115.0,115,安打,14,115,1954,01503807,笠原　正行,年度|所属球団|登板|勝利|敗北|セーブ|H|HP|完投|完封勝|無四球|勝率|打者|投球回|安打|本塁打|四球|死球|三振|暴投|ボーク|失点|自責点|防御率,1954|読　売|30|9|4||||3|2|0|.692|503|115|115||128|7|41|5|28|3|1|60|46|3.60,_data\master_csv__rescrape_staging\pitching_1954_CL_from_master.csv,4
CSV_ER,ER,1,1,自責点,22,1,1954,01503807,笠原　正行,年度|所属球団|登板|勝利|敗北|セーブ|H|HP|完投|完封勝|無四球|勝率|打者|投球回|安打|本塁打|四球|死球|三振|暴投|ボーク|失点|自責点|防御率,1954|読　売|30|9|4||||3|2|0|.692|503|115|115||128|7|41|5|28|3|1|60|46|3.60,_data\master_csv__rescrape_staging\pitching_1954_CL_from_master.csv,4
CSV_ERA,ERA,60.0,60,防御率,23,60,1954,01503807,笠原　正行,年度|所属球団|登板|勝利|敗北|セーブ|H|HP|完投|完封勝|無四球|勝率|打者|投球回|安打|本塁打|四球|死球|三振|暴投|ボーク|失点|自責点|防御率,1954|読　売|30|9|4||||3|2|0|.692|503|115|115||128|7|41|5|28|3|1|60|46|3.60,_data\master_csv__rescrape_staging\pitching_1954_CL_from_master.csv,4
CSV_ER,ER,0,0,自責点,22,0,1954,01703878,中尾　碩志,年度|所属球団|登板|勝利|敗北|セーブ|H|HP|完投|完封勝|無四球|勝率|打者|投球回|安打|本塁打|四球|死球|三振|暴投|ボーク|失点|自責点|防御率,1954|読　売|37|15|5||||8|4|1|.750|743|187 .2|187|.2|161|12|44|5|76|2|0|63|54|2.59,_data\master_csv__rescrape_staging\pitching_1954_CL_from_master.csv,6
CSV_ER,ER,0,0,index_7,7,0,1954,01703878,中尾　碩志,,1954|読　売|37|75|65|10|9|0|1|1|14|5|1|0|5|0|4|1|16|0|.138|.215|,_data\master_csv__rescrape_staging\pitching_1954_CL_from_master.csv,6
CSV_ER,ER,0,0,index_13,13,0,1954,01703878,中尾　碩志,,1954|読　売|37|75|65|10|9|0|1|1|14|5|1|0|5|0|4|1|16|0|.138|.215|,_data\master_csv__rescrape_staging\pitching_1954_CL_from_master.csv,6
CSV_ER,ER,0,0,index_15,15,0,1954,01703878,中尾　碩志,,1954|読　売|37|75|65|10|9|0|1|1|14|5|1|0|5|0|4|1|16|0|.138|.215|,_data\master_csv__rescrape_staging\pitching_1954_CL_from_master.csv,6
CSV_ER,ER,0,0,index_19,19,0,1954,01703878,中尾　碩志,,1954|読　売|37|75|65|10|9|0|1|1|14|5|1|0|5|0|4|1|16|0|.138|.215|,_data\master_csv__rescrape_staging\pitching_1954_CL_from_master.csv,6
CSV_ERA,ERA,63.0,63,防御率,23,63,1954,01703878,中尾　碩志,年度|所属球団|登板|勝利|敗北|セーブ|H|HP|完投|完封勝|無四球|勝率|打者|投球回|安打|本塁打|四球|死球|三振|暴投|ボーク|失点|自責点|防御率,1954|読　売|37|15|5||||8|4|1|.750|743|187 .2|187|.2|161|12|44|5|76|2|0|63|54|2.59,_data\master_csv__rescrape_staging\pitching_1954_CL_from_master.csv,6
CSV_IP,IP,330.0,330,投球回,13,330,1954,31933895,別所　毅彦,年度|所属球団|登板|勝利|敗北|セーブ|H|HP|完投|完封勝|無四球|勝率|打者|投球回|安打|本塁打|四球|死球|三振|暴投|ボーク|失点|自責点|防御率,1954|読　売|50|26|12||||23|6|7|.684|1279|330|330||269|13|50|6|158|0|0|84|66|1.80,_data\master_csv__rescrape_staging\pitching_1954_CL_from_master.csv,8
CSV_IP,IP,330.0,330,安打,14,330,1954,31933895,別所　毅彦,年度|所属球団|登板|勝利|敗北|セーブ|H|HP|完投|完封勝|無四球|勝率|打者|投球回|安打|本塁打|四球|死球|三振|暴投|ボーク|失点|自責点|防御率,1954|読　売|50|26|12||||23|6|7|.684|1279|330|330||269|13|50|6|158|0|0|84|66|1.80,_data\master_csv__rescrape_staging\pitching_1954_CL_from_master.csv,8
CSV_ER,ER,0,0,失点,21,0,1954,31933895,別所　毅彦,年度|所属球団|登板|勝利|敗北|セーブ|H|HP|完投|完封勝|無四球|勝率|打者|投球回|安打|本塁打|四球|死球|三振|暴投|ボーク|失点|自責点|防御率,1954|読　売|50|26|12||||23|6|7|.684|1279|330|330||269|13|50|6|158|0|0|84|66|1.80,_data\master_csv__rescrape_staging\pitching_1954_CL_from_master.csv,8
CSV_ER,ER,0,0,自責点,22,0,1954,31933895,別所　毅彦,年度|所属球団|登板|勝利|敗北|セーブ|H|HP|完投|完封勝|無四球|勝率|打者|投球回|安打|本塁打|四球|死球|三振|暴投|ボーク|失点|自責点|防御率,1954|読　売|50|26|12||||23|6|7|.684|1279|330|330||269|13|50|6|158|0|0|84|66|1.80,_data\master_csv__rescrape_staging\pitching_1954_CL_from_master.csv,8
CSV_ER,ER,0,0,index_8,8,0,1954,31933895,別所　毅彦,,1954|読　売|50|129|123|11|28|3|0|3|40|10|0|0|3|0|3|0|10|4|.228|.325|,_data\master_csv__rescrape_staging\pitching_1954_CL_from_master.csv,8
CSV_ER,ER,0,0,index_12,12,0,1954,31933895,別所　毅彦,,1954|読　売|50|129|123|11|28|3|0|3|40|10|0|0|3|0|3|0|10|4|.228|.325|,_data\master_csv__rescrape_staging\pitching_1954_CL_from_master.csv,8
CSV_ER,ER,0,0,index_13,13,0,1954,31933895,別所　毅彦,,1954|読　売|50|129|123|11|28|3|0|3|40|10|0|0|3|0|3|0|10|4|.228|.325|,_data\master_csv__rescrape_staging\pitching_1954_CL_from_master.csv,8
CSV_ER,ER,0,0,index_15,15,0,1954,31933895,別所　毅彦,,1954|読　売|50|129|123|11|28|3|0|3|40|10|0|0|3|0|3|0|10|4|.228|.325|,_data\master_csv__rescrape_staging\pitching_1954_CL_from_master.csv,8
CSV_ER,ER,0,0,index_17,17,0,1954,31933895,別所　毅彦,,1954|読　売|50|129|123|11|28|3|0|3|40|10|0|0|3|0|3|0|10|4|.228|.325|,_data\master_csv__rescrape_staging\pitching_1954_CL_from_master.csv,8
CSV_ERA,ERA,84.0,84,防御率,23,84,1954,31933895,別所　毅彦,年度|所属球団|登板|勝利|敗北|セーブ|H|HP|完投|完封勝|無四球|勝率|打者|投球回|安打|本塁打|四球|死球|三振|暴投|ボーク|失点|自責点|防御率,1954|読　売|50|26|12||||23|6|7|.684|1279|330|330||269|13|50|6|158|0|0|84|66|1.80,_data\master_csv__rescrape_staging\pitching_1954_CL_from_master.csv,8
CSV_ER,ER,1,1,無四球,10,1,1954,31133898,阿部　八郎,年度|所属球団|登板|勝利|敗北|セーブ|H|HP|完投|完封勝|無四球|勝率|打者|投球回|安打|本塁打|四球|死球|三振|暴投|ボーク|失点|自責点|防御率,1954|阪　急|25|6|6||||6|0|1|.500|522|125 .1|125|.1|121|8|36|1|71|2|1|57|46|3.29,_data\master_csv__rescrape_staging\pitching_1954_PL_from_master.csv,2
CSV_ER,ER,1,1,暴投,19,1,1954,31133898,阿部　八郎,年度|所属球団|登板|勝利|敗北|セーブ|H|HP|完投|完封勝|無四球|勝率|打者|投球回|安打|本塁打|四球|死球|三振|暴投|ボーク|失点|自責点|防御率,1954|阪　急|25|6|6||||6|0|1|.500|522|125 .1|125|.1|121|8|36|1|71|2|1|57|46|3.29,_data\master_csv__rescrape_staging\pitching_1954_PL_from_master.csv,2
CSV_ER,ER,1,1,自責点,22,1,1954,31133898,阿部　八郎,年度|所属球団|登板|勝利|敗北|セーブ|H|HP|完投|完封勝|無四球|勝率|打者|投球回|安打|本塁打|四球|死球|三振|暴投|ボーク|失点|自責点|防御率,1954|阪　急|25|6|6||||6|0|1|.500|522|125 .1|125|.1|121|8|36|1|71|2|1|57|46|3.29,_data\master_csv__rescrape_staging\pitching_1954_PL_from_master.csv,2
CSV_ER,ER,1,1,index_8,8,1,1954,31133898,阿部　八郎,,1954|阪　急|25|47|43|5|11|3|1|1|19|2|0|0|2|0|2|0|10|1|.256|.442|,_data\master_csv__rescrape_staging\pitching_1954_PL_from_master.csv,2
CSV_ER,ER,1,1,index_9,9,1,1954,31133898,阿部　八郎,,1954|阪　急|25|47|43|5|11|3|1|1|19|2|0|0|2|0|2|0|10|1|.256|.442|,_data\master_csv__rescrape_staging\pitching_1954_PL_from_master.csv,2
CSV_ER,ER,1,1,index_19,19,1,1954,31133898,阿部　八郎,,1954|阪　急|25|47|43|5|11|3|1|1|19|2|0|0|2|0|2|0|10|1|.256|.442|,_data\master_csv__rescrape_staging\pitching_1954_PL_from_master.csv,2
CSV_ERA,ERA,57.0,57,防御率,23,57,1954,31133898,阿部　八郎,年度|所属球団|登板|勝利|敗北|セーブ|H|HP|完投|完封勝|無四球|勝率|打者|投球回|安打|本塁打|四球|死球|三振|暴投|ボーク|失点|自責点|防御率,1954|阪　急|25|6|6||||6|0|1|.500|522|125 .1|125|.1|121|8|36|1|71|2|1|57|46|3.29,_data\master_csv__rescrape_staging\pitching_1954_PL_from_master.csv,2
CSV_ER,ER,1,1,自責点,22,1,1954,91793809,梶本　隆夫,年度|所属球団|登板|勝利|敗北|セーブ|H|HP|完投|完封勝|無四球|勝率|打者|投球回|安打|本塁打|四球|死球|三振|暴投|ボーク|失点|自責点|防御率,1954|阪　急|55|20|12||||17|2|0|.625|1300|309 .1|309|.1|266|19|118|4|228|2|1|112|94|2.73,_data\master_csv__rescrape_staging\pitching_1954_PL_from_master.csv,5
CSV_ER,ER,1,1,index_8,8,1,1954,91793809,梶本　隆夫,,1954|阪　急|69|149|136|15|37|9|1|1|51|19|0|0|5|1|5|2|21|2|.272|.375|,_data\master_csv__rescrape_staging\pitching_1954_PL_from_master.csv,5
CSV_ER,ER,1,1,index_9,9,1,1954,91793809,梶本　隆夫,,1954|阪　急|69|149|136|15|37|9|1|1|51|19|0|0|5|1|5|2|21|2|.272|.375|,_data\master_csv__rescrape_staging\pitching_1954_PL_from_master.csv,5
CSV_ER,ER,1,1,index_15,15,1,1954,91793809,梶本　隆夫,,1954|阪　急|69|149|136|15|37|9|1|1|51|19|0|0|5|1|5|2|21|2|.272|.375|,_data\master_csv__rescrape_staging\pitching_1954_PL_from_master.csv,5
CSV_ERA,ERA,112.0,112,防御率,23,112,1954,91793809,梶本　隆夫,年度|所属球団|登板|勝利|敗北|セーブ|H|HP|完投|完封勝|無四球|勝率|打者|投球回|安打|本塁打|四球|死球|三振|暴投|ボーク|失点|自責点|防御率,1954|阪　急|55|20|12||||17|2|0|.625|1300|309 .1|309|.1|266|19|118|4|228|2|1|112|94|2.73,_data\master_csv__rescrape_staging\pitching_1954_PL_from_master.csv,5
CSV_IP,IP,29.0,29,投球回,13,29,1954,51053809,国頭　光仁,年度|所属球団|登板|勝利|敗北|セーブ|H|HP|完投|完封勝|無四球|勝率|打者|投球回|安打|本塁打|四球|死球|三振|暴投|ボーク|失点|自責点|防御率,1954|阪　急|9|1|4||||0|0|0|.200|134|29|29||25|2|23|2|11|0|0|22|19|5.90,_data\master_csv__rescrape_staging\pitching_1954_PL_from_master.csv,7
CSV_IP,IP,29.0,29,安打,14,29,1954,51053809,国頭　光仁,年度|所属球団|登板|勝利|敗北|セーブ|H|HP|完投|完封勝|無四球|勝率|打者|投球回|安打|本塁打|四球|死球|三振|暴投|ボーク|失点|自責点|防御率,1954|阪　急|9|1|4||||0|0|0|.200|134|29|29||25|2|23|2|11|0|0|22|19|5.90,_data\master_csv__rescrape_staging\pitching_1954_PL_from_master.csv,7
CSV_ER,ER,0,0,完投,8,0,1954,51053809,国頭　光仁,年度|所属球団|登板|勝利|敗北|セーブ|H|HP|完投|完封勝|無四球|勝率|打者|投球回|安打|本塁打|四球|死球|三振|暴投|ボーク|失点|自責点|防御率,1954|阪　急|9|1|4||||0|0|0|.200|134|29|29||25|2|23|2|11|0|0|22|19|5.90,_data\master_csv__rescrape_staging\pitching_1954_PL_from_master.csv,7
CSV_ER,ER,0,0,完封勝,9,0,1954,51053809,国頭　光仁,年度|所属球団|登板|勝利|敗北|セーブ|H|HP|完投|完封勝|無四球|勝率|打者|投球回|安打|本塁打|四球|死球|三振|暴投|ボーク|失点|自責点|防御率,1954|阪　急|9|1|4||||0|0|0|.200|134|29|29||25|2|23|2|11|0|0|22|19|5.90,_data\master_csv__rescrape_staging\pitching_1954_PL_from_master.csv,7
CSV_ER,ER,0,0,無四球,10,0,1954,51053809,国頭　光仁,年度|所属球団|登板|勝利|敗北|セーブ|H|HP|完投|完封勝|無四球|勝率|打者|投球回|安打|本塁打|四球|死球|三振|暴投|ボーク|失点|自責点|防御率,1954|阪　急|9|1|4||||0|0|0|.200|134|29|29||25|2|23|2|11|0|0|22|19|5.90,_data\master_csv__rescrape_staging\pitching_1954_PL_from_master.csv,7
CSV_ER,ER,0,0,失点,21,0,1954,51053809,国頭　光仁,年度|所属球団|登板|勝利|敗北|セーブ|H|HP|完投|完封勝|無四球|勝率|打者|投球回|安打|本塁打|四球|死球|三振|暴投|ボーク|失点|自責点|防御率,1954|阪　急|9|1|4||||0|0|0|.200|134|29|29||25|2|23|2|11|0|0|22|19|5.90,_data\master_csv__rescrape_staging\pitching_1954_PL_from_master.csv,7
CSV_ER,ER,0,0,自責点,22,0,1954,51053809,国頭　光仁,年度|所属球団|登板|勝利|敗北|セーブ|H|HP|完投|完封勝|無四球|勝率|打者|投球回|安打|本塁打|四球|死球|三振|暴投|ボーク|失点|自責点|防御率,1954|阪　急|9|1|4||||0|0|0|.200|134|29|29||25|2|23|2|11|0|0|22|19|5.90,_data\master_csv__rescrape_staging\pitching_1954_PL_from_master.csv,7
CSV_ER,ER,0,0,index_8,8,0,1954,51053809,国頭　光仁,,1954|阪　急|9|12|9|3|2|1|0|0|3|0|0|0|1|0|2|0|3|0|.222|.333|,_data\master_csv__rescrape_staging\pitching_1954_PL_from_master.csv,7
CSV_ER,ER,0,0,index_9,9,0,1954,51053809,国頭　光仁,,1954|阪　急|9|12|9|3|2|1|0|0|3|0|0|0|1|0|2|0|3|0|.222|.333|,_data\master_csv__rescrape_staging\pitching_1954_PL_from_master.csv,7
CSV_ER,ER,0,0,index_11,11,0,1954,51053809,国頭　光仁,,1954|阪　急|9|12|9|3|2|1|0|0|3|0|0|0|1|0|2|0|3|0|.222|.333|,_data\master_csv__rescrape_staging\pitching_1954_PL_from_master.csv,7
CSV_ER,ER,0,0,index_12,12,0,1954,51053809,国頭　光仁,,1954|阪　急|9|12|9|3|2|1|0|0|3|0|0|0|1|0|2|0|3|0|.222|.333|,_data\master_csv__rescrape_staging\pitching_1954_PL_from_master.csv,7
CSV_ER,ER,0,0,index_13,13,0,1954,51053809,国頭　光仁,,1954|阪　急|9|12|9|3|2|1|0|0|3|0|0|0|1|0|2|0|3|0|.222|.333|,_data\master_csv__rescrape_staging\pitching_1954_PL_from_master.csv,7
CSV_ER,ER,0,0,index_15,15,0,1954,51053809,国頭　光仁,,1954|阪　急|9|12|9|3|2|1|0|0|3|0|0|0|1|0|2|0|3|0|.222|.333|,_data\master_csv__rescrape_staging\pitching_1954_PL_from_master.csv,7
CSV_ER,ER,0,0,index_17,17,0,1954,51053809,国頭　光仁,,1954|阪　急|9|12|9|3|2|1|0|0|3|0|0|0|1|0|2|0|3|0|.222|.333|,_data\master_csv__rescrape_staging\pitching_1954_PL_from_master.csv,7
CSV_ER,ER,0,0,index_19,19,0,1954,51053809,国頭　光仁,,1954|阪　急|9|12|9|3|2|1|0|0|3|0|0|0|1|0|2|0|3|0|.222|.333|,_data\master_csv__rescrape_staging\pitching_1954_PL_from_master.csv,7
CSV_ERA,ERA,22.0,22,防御率,23,22,1954,51053809,国頭　光仁,年度|所属球団|登板|勝利|敗北|セーブ|H|HP|完投|完封勝|無四球|勝率|打者|投球回|安打|本塁打|四球|死球|三振|暴投|ボーク|失点|自責点|防御率,1954|阪　急|9|1|4||||0|0|0|.200|134|29|29||25|2|23|2|11|0|0|22|19|5.90,_data\master_csv__rescrape_staging\pitching_1954_PL_from_master.csv,7
CSV_ER,ER,1,1,無四球,10,1,1954,01603801,柴田　英治,年度|所属球団|登板|勝利|敗北|セーブ|H|HP|完投|完封勝|無四球|勝率|打者|投球回|安打|本塁打|四球|死球|三振|暴投|ボーク|失点|自責点|防御率,1954|阪　急|46|17|16||||8|4|1|.515|946|234 .2|234|.2|196|11|57|8|117|1|1|85|67|2.57,_data\master_csv__rescrape_staging\pitching_1954_PL_from_master.csv,9
CSV_ER,ER,1,1,失点,21,1,1954,01603801,柴田　英治,年度|所属球団|登板|勝利|敗北|セーブ|H|HP|完投|完封勝|無四球|勝率|打者|投球回|安打|本塁打|四球|死球|三振|暴投|ボーク|失点|自責点|防御率,1954|阪　急|46|17|16||||8|4|1|.515|946|234 .2|234|.2|196|11|57|8|117|1|1|85|67|2.57,_data\master_csv__rescrape_staging\pitching_1954_PL_from_master.csv,9
CSV_ER,ER,1,1,自責点,22,1,1954,01603801,柴田　英治,年度|所属球団|登板|勝利|敗北|セーブ|H|HP|完投|完封勝|無四球|勝率|打者|投球回|安打|本塁打|四球|死球|三振|暴投|ボーク|失点|自責点|防御率,1954|阪　急|46|17|16||||8|4|1|.515|946|234 .2|234|.2|196|11|57|8|117|1|1|85|67|2.57,_data\master_csv__rescrape_staging\pitching_1954_PL_from_master.csv,9
CSV_ER,ER,1,1,index_8,8,1,1954,01603801,柴田　英治,,1954|阪　急|46|89|84|6|12|3|1|0|17|2|0|0|4|0|1|0|15|3|.143|.202|,_data\master_csv__rescrape_staging\pitching_1954_PL_from_master.csv,9
CSV_ER,ER,1,1,index_16,16,1,1954,01603801,柴田　英治,,1954|阪　急|46|89|84|6|12|3|1|0|17|2|0|0|4|0|1|0|15|3|.143|.202|,_data\master_csv__rescrape_staging\pitching_1954_PL_from_master.csv,9
CSV_ERA,ERA,85.0,85,防御率,23,85,1954,01603801,柴田　英治,年度|所属球団|登板|勝利|敗北|セーブ|H|HP|完投|完封勝|無四球|勝率|打者|投球回|安打|本塁打|四球|死球|三振|暴投|ボーク|失点|自責点|防御率,1954|阪　急|46|17|16||||8|4|1|.515|946|234 .2|234|.2|196|11|57|8|117|1|1|85|67|2.57,_data\master_csv__rescrape_staging\pitching_1954_PL_from_master.csv,9
CSV_ER,ER,1,1,無四球,10,1,1954,21523803,鈴木　幸雄,年度|所属球団|登板|勝利|敗北|セーブ|H|HP|完投|完封勝|無四球|勝率|打者|投球回|安打|本塁打|四球|死球|三振|暴投|ボーク|失点|自責点|防御率,1954|阪　急|31|5|7||||6|2|1|.417|612|150 .1|150|.1|127|12|42|4|79|0|1|60|54|3.22,_data\master_csv__rescrape_staging\pitching_1954_PL_from_master.csv,10
CSV_ER,ER,1,1,自責点,22,1,1954,21523803,鈴木　幸雄,年度|所属球団|登板|勝利|敗北|セーブ|H|HP|完投|完封勝|無四球|勝率|打者|投球回|安打|本塁打|四球|死球|三振|暴投|ボーク|失点|自責点|防御率,1954|阪　急|31|5|7||||6|2|1|.417|612|150 .1|150|.1|127|12|42|4|79|0|1|60|54|3.22,_data\master_csv__rescrape_staging\pitching_1954_PL_from_master.csv,10
CSV_ER,ER,1,1,index_19,19,1,1954,21523803,鈴木　幸雄,,1954|阪　急|31|52|45|4|8|0|0|0|8|2|0|0|4|0|3|0|6|1|.178|.178|,_data\master_csv__rescrape_staging\pitching_1954_PL_from_master.csv,10
CSV_ERA,ERA,60.0,60,防御率,23,60,1954,21523803,鈴木　幸雄,年度|所属球団|登板|勝利|敗北|セーブ|H|HP|完投|完封勝|無四球|勝率|打者|投球回|安打|本塁打|四球|死球|三振|暴投|ボーク|失点|自責点|防御率,1954|阪　急|31|5|7||||6|2|1|.417|612|150 .1|150|.1|127|12|42|4|79|0|1|60|54|3.22,_data\master_csv__rescrape_staging\pitching_1954_PL_from_master.csv,10
CSV_ER,ER,0,0,失点,21,0,1955,41743801,大友　工,年度|所属球団|登板|勝利|敗北|セーブ|H|HP|完投|完封勝|無四球|勝率|打者|投球回|安打|本塁打|四球|死球|三振|暴投|ボーク|失点|自責点|防御率,1955|読　売|42|30|6||||25|7|3|.833|1164|303 .2|303|.2|213|15|54|9|206|0|0|73|59|1.75,_data\master_csv__rescrape_staging\pitching_1955_CL_from_master.csv,4
CSV_ER,ER,0,0,自責点,22,0,1955,41743801,大友　工,年度|所属球団|登板|勝利|敗北|セーブ|H|HP|完投|完封勝|無四球|勝率|打者|投球回|安打|本塁打|四球|死球|三振|暴投|ボーク|失点|自責点|防御率,1955|読　売|42|30|6||||25|7|3|.833|1164|303 .2|303|.2|213|15|54|9|206|0|0|73|59|1.75,_data\master_csv__rescrape_staging\pitching_1955_CL_from_master.csv,4
CSV_ER,ER,0,0,index_8,8,0,1955,41743801,大友　工,,1955|読　売|42|129|116|11|24|4|0|0|28|13|0|0|9|0|2|2|33|3|.207|.241|,_data\master_csv__rescrape_staging\pitching_1955_CL_from_master.csv,4
CSV_ER,ER,0,0,index_9,9,0,1955,41743801,大友　工,,1955|読　売|42|129|116|11|24|4|0|0|28|13|0|0|9|0|2|2|33|3|.207|.241|,_data\master_csv__rescrape_staging\pitching_1955_CL_from_master.csv,4
CSV_ER,ER,0,0,index_12,12,0,1955,41743801,大友　工,,1955|読　売|42|129|116|11|24|4|0|0|28|13|0|0|9|0|2|2|33|3|.207|.241|,_data\master_csv__rescrape_staging\pitching_1955_CL_from_master.csv,4
CSV_ER,ER,0,0,index_13,13,0,1955,41743801,大友　工,,1955|読　売|42|129|116|11|24|4|0|0|28|13|0|0|9|0|2|2|33|3|.207|.241|,_data\master_csv__rescrape_staging\pitching_1955_CL_from_master.csv,4
CSV_ER,ER,0,0,index_15,15,0,1955,41743801,大友　工,,1955|読　売|42|129|116|11|24|4|0|0|28|13|0|0|9|0|2|2|33|3|.207|.241|,_data\master_csv__rescrape_staging\pitching_1955_CL_from_master.csv,4
CSV_ERA,ERA,73.0,73,防御率,23,73,1955,41743801,大友　工,年度|所属球団|登板|勝利|敗北|セーブ|H|HP|完投|完封勝|無四球|勝率|打者|投球回|安打|本塁打|四球|死球|三振|暴投|ボーク|失点|自責点|防御率,1955|読　売|42|30|6||||25|7|3|.833|1164|303 .2|303|.2|213|15|54|9|206|0|0|73|59|1.75,_data\master_csv__rescrape_staging\pitching_1955_CL_from_master.csv,4
CSV_IP,IP,183.0,183,投球回,13,183,1955,01703878,中尾　碩志,年度|所属球団|登板|勝利|敗北|セーブ|H|HP|完投|完封勝|無四球|勝率|打者|投球回|安打|本塁打|四球|死球|三振|暴投|ボーク|失点|自責点|防御率,1955|読　売|31|16|9||||7|1|3|.640|722|183|183||149|11|44|5|81|0|0|54|43|2.11,_data\master_csv__rescrape_staging\pitching_1955_CL_from_master.csv,6
CSV_IP,IP,183.0,183,安打,14,183,1955,01703878,中尾　碩志,年度|所属球団|登板|勝利|敗北|セーブ|H|HP|完投|完封勝|無四球|勝率|打者|投球回|安打|本塁打|四球|死球|三振|暴投|ボーク|失点|自責点|防御率,1955|読　売|31|16|9||||7|1|3|.640|722|183|183||149|11|44|5|81|0|0|54|43|2.11,_data\master_csv__rescrape_staging\pitching_1955_CL_from_master.csv,6
CSV_ER,ER,0,0,失点,21,0,1955,01703878,中尾　碩志,年度|所属球団|登板|勝利|敗北|セーブ|H|HP|完投|完封勝|無四球|勝率|打者|投球回|安打|本塁打|四球|死球|三振|暴投|ボーク|失点|自責点|防御率,1955|読　売|31|16|9||||7|1|3|.640|722|183|183||149|11|44|5|81|0|0|54|43|2.11,_data\master_csv__rescrape_staging\pitching_1955_CL_from_master.csv,6
CSV_ER,ER,0,0,自責点,22,0,1955,01703878,中尾　碩志,年度|所属球団|登板|勝利|敗北|セーブ|H|HP|完投|完封勝|無四球|勝率|打者|投球回|安打|本塁打|四球|死球|三振|暴投|ボーク|失点|自責点|防御率,1955|読　売|31|16|9||||7|1|3|.640|722|183|183||149|11|44|5|81|0|0|54|43|2.11,_data\master_csv__rescrape_staging\pitching_1955_CL_from_master.csv,6
CSV_ER,ER,0,0,index_5,5,0,1955,01703878,中尾　碩志,,1955|読　売|31|69|57|0|10|0|0|0|10|7|0|0|7|1|4|0|21|0|.175|.175|,_data\master_csv__rescrape_staging\pitching_1955_CL_from_master.csv,6
CSV_ER,ER,0,0,index_7,7,0,1955,01703878,中尾　碩志,,1955|読　売|31|69|57|0|10|0|0|0|10|7|0|0|7|1|4|0|21|0|.175|.175|,_data\master_csv__rescrape_staging\pitching_1955_CL_from_master.csv,6
CSV_ER,ER,0,0,index_8,8,0,1955,01703878,中尾　碩志,,1955|読　売|31|69|57|0|10|0|0|0|10|7|0|0|7|1|4|0|21|0|.175|.175|,_data\master_csv__rescrape_staging\pitching_1955_CL_from_master.csv,6
CSV_ER,ER,0,0,index_9,9,0,1955,01703878,中尾　碩志,,1955|読　売|31|69|57|0|10|0|0|0|10|7|0|0|7|1|4|0|21|0|.175|.175|,_data\master_csv__rescrape_staging\pitching_1955_CL_from_master.csv,6
CSV_ER,ER,0,0,index_12,12,0,1955,01703878,中尾　碩志,,1955|読　売|31|69|57|0|10|0|0|0|10|7|0|0|7|1|4|0|21|0|.175|.175|,_data\master_csv__rescrape_staging\pitching_1955_CL_from_master.csv,6
CSV_ER,ER,0,0,index_13,13,0,1955,01703878,中尾　碩志,,1955|読　売|31|69|57|0|10|0|0|0|10|7|0|0|7|1|4|0|21|0|.175|.175|,_data\master_csv__rescrape_staging\pitching_1955_CL_from_master.csv,6
CSV_ER,ER,0,0,index_17,17,0,1955,01703878,中尾　碩志,,1955|読　売|31|69|57|0|10|0|0|0|10|7|0|0|7|1|4|0|21|0|.175|.175|,_data\master_csv__rescrape_staging\pitching_1955_CL_from_master.csv,6
CSV_ER,ER,0,0,index_19,19,0,1955,01703878,中尾　碩志,,1955|読　売|31|69|57|0|10|0|0|0|10|7|0|0|7|1|4|0|21|0|.175|.175|,_data\master_csv__rescrape_staging\pitching_1955_CL_from_master.csv,6
CSV_ERA,ERA,54.0,54,防御率,23,54,1955,01703878,中尾　碩志,年度|所属球団|登板|勝利|敗北|セーブ|H|HP|完投|完封勝|無四球|勝率|打者|投球回|安打|本塁打|四球|死球|三振|暴投|ボーク|失点|自責点|防御率,1955|読　売|31|16|9||||7|1|3|.640|722|183|183||149|11|44|5|81|0|0|54|43|2.11,_data\master_csv__rescrape_staging\pitching_1955_CL_from_master.csv,6
CSV_IP,IP,312.0,312,投球回,13,312,1955,31933895,別所　毅彦,年度|所属球団|登板|勝利|敗北|セーブ|H|HP|完投|完封勝|無四球|勝率|打者|投球回|安打|本塁打|四球|死球|三振|暴投|ボーク|失点|自責点|防御率,1955|読　売|50|23|8||||17|7|5|.742|1197|312|312||241|12|45|2|152|1|0|65|46|1.33,_data\master_csv__rescrape_staging\pitching_1955_CL_from_master.csv,9
CSV_IP,IP,312.0,312,安打,14,312,1955,31933895,別所　毅彦,年度|所属球団|登板|勝利|敗北|セーブ|H|HP|完投|完封勝|無四球|勝率|打者|投球回|安打|本塁打|四球|死球|三振|暴投|ボーク|失点|自責点|防御率,1955|読　売|50|23|8||||17|7|5|.742|1197|312|312||241|12|45|2|152|1|0|65|46|1.33,_data\master_csv__rescrape_staging\pitching_1955_CL_from_master.csv,9
CSV_ER,ER,0,0,自責点,22,0,1955,31933895,別所　毅彦,年度|所属球団|登板|勝利|敗北|セーブ|H|HP|完投|完封勝|無四球|勝率|打者|投球回|安打|本塁打|四球|死球|三振|暴投|ボーク|失点|自責点|防御率,1955|読　売|50|23|8||||17|7|5|.742|1197|312|312||241|12|45|2|152|1|0|65|46|1.33,_data\master_csv__rescrape_staging\pitching_1955_CL_from_master.csv,9
CSV_ER,ER,0,0,index_8,8,0,1955,31933895,別所　毅彦,,1955|読　売|50|122|113|8|25|4|0|1|32|11|0|0|6|1|2|0|16|3|.221|.283|,_data\master_csv__rescrape_staging\pitching_1955_CL_from_master.csv,9
CSV_ER,ER,0,0,index_12,12,0,1955,31933895,別所　毅彦,,1955|読　売|50|122|113|8|25|4|0|1|32|11|0|0|6|1|2|0|16|3|.221|.283|,_data\master_csv__rescrape_staging\pitching_1955_CL_from_master.csv,9
CSV_ER,ER,0,0,index_13,13,0,1955,31933895,別所　毅彦,,1955|読　売|50|122|113|8|25|4|0|1|32|11|0|0|6|1|2|0|16|3|.221|.283|,_data\master_csv__rescrape_staging\pitching_1955_CL_from_master.csv,9
CSV_ER,ER,0,0,index_17,17,0,1955,31933895,別所　毅彦,,1955|読　売|50|122|113|8|25|4|0|1|32|11|0|0|6|1|2|0|16|3|.221|.283|,_data\master_csv__rescrape_staging\pitching_1955_CL_from_master.csv,9
CSV_ERA,ERA,65.0,65,防御率,23,65,1955,31933895,別所　毅彦,年度|所属球団|登板|勝利|敗北|セーブ|H|HP|完投|完封勝|無四球|勝率|打者|投球回|安打|本塁打|四球|死球|三振|暴投|ボーク|失点|自責点|防御率,1955|読　売|50|23|8||||17|7|5|.742|1197|312|312||241|12|45|2|152|1|0|65|46|1.33,_data\master_csv__rescrape_staging\pitching_1955_CL_from_master.csv,9
CSV_ER,ER,0,0,自責点,22,0,1955,53353809,安原　達佳,年度|所属球団|登板|勝利|敗北|セーブ|H|HP|完投|完封勝|無四球|勝率|打者|投球回|安打|本塁打|四球|死球|三振|暴投|ボーク|失点|自責点|防御率,1955|読　売|37|12|8||||8|4|1|.600|777|195 .1|195|.1|144|11|64|3|98|3|0|48|38|1.74,_data\master_csv__rescrape_staging\pitching_1955_CL_from_master.csv,13
CSV_ER,ER,0,0,index_8,8,0,1955,53353809,安原　達佳,,1955|読　売|37|75|72|7|25|6|0|0|31|4|0|0|3|0|0|0|15|0|.347|.431|,_data\master_csv__rescrape_staging\pitching_1955_CL_from_master.csv,13
CSV_ER,ER,0,0,index_9,9,0,1955,53353809,安原　達佳,,1955|読　売|37|75|72|7|25|6|0|0|31|4|0|0|3|0|0|0|15|0|.347|.431|,_data\master_csv__rescrape_staging\pitching_1955_CL_from_master.csv,13
CSV_ER,ER,0,0,index_12,12,0,1955,53353809,安原　達佳,,1955|読　売|37|75|72|7|25|6|0|0|31|4|0|0|3|0|0|0|15|0|.347|.431|,_data\master_csv__rescrape_staging\pitching_1955_CL_from_master.csv,13
CSV_ER,ER,0,0,index_13,13,0,1955,53353809,安原　達佳,,1955|読　売|37|75|72|7|25|6|0|0|31|4|0|0|3|0|0|0|15|0|.347|.431|,_data\master_csv__rescrape_staging\pitching_1955_CL_from_master.csv,13
CSV_ER,ER,0,0,index_15,15,0,1955,53353809,安原　達佳,,1955|読　売|37|75|72|7|25|6|0|0|31|4|0|0|3|0|0|0|15|0|.347|.431|,_data\master_csv__rescrape_staging\pitching_1955_CL_from_master.csv,13
CSV_ER,ER,0,0,index_16,16,0,1955,53353809,安原　達佳,,1955|読　売|37|75|72|7|25|6|0|0|31|4|0|0|3|0|0|0|15|0|.347|.431|,_data\master_csv__rescrape_staging\pitching_1955_CL_from_master.csv,13
CSV_ER,ER,0,0,index_17,17,0,1955,53353809,安原　達佳,,1955|読　売|37|75|72|7|25|6|0|0|31|4|0|0|3|0|0|0|15|0|.347|.431|,_data\master_csv__rescrape_staging\pitching_1955_CL_from_master.csv,13
CSV_ER,ER,0,0,index_19,19,0,1955,53353809,安原　達佳,,1955|読　売|37|75|72|7|25|6|0|0|31|4|0|0|3|0|0|0|15|0|.347|.431|,_data\master_csv__rescrape_staging\pitching_1955_CL_from_master.csv,13
CSV_ERA,ERA,48.0,48,防御率,23,48,1955,53353809,安原　達佳,年度|所属球団|登板|勝利|敗北|セーブ|H|HP|完投|完封勝|無四球|勝率|打者|投球回|安打|本塁打|四球|死球|三振|暴投|ボーク|失点|自責点|防御率,1955|読　売|37|12|8||||8|4|1|.600|777|195 .1|195|.1|144|11|64|3|98|3|0|48|38|1.74,_data\master_csv__rescrape_staging\pitching_1955_CL_from_master.csv,13
CSV_ER,ER,0,0,自責点,22,0,1955,11513807,大崎　三男,年度|所属球団|登板|勝利|敗北|セーブ|H|HP|完投|完封勝|無四球|勝率|打者|投球回|安打|本塁打|四球|死球|三振|暴投|ボーク|失点|自責点|防御率,1955|阪　神|39|8|13||||3|1|1|.381|750|182 .2|182|.2|166|7|40|7|76|1|0|77|61|3.00,_data\master_csv__rescrape_staging\pitching_1955_CL_from_master.csv,16
CSV_ER,ER,0,0,index_8,8,0,1955,11513807,大崎　三男,,1955|阪　神|39|55|53|3|9|1|0|0|10|2|0|0|1|0|1|0|6|1|.170|.189|,_data\master_csv__rescrape_staging\pitching_1955_CL_from_master.csv,16
CSV_ER,ER,0,0,index_9,9,0,1955,11513807,大崎　三男,,1955|阪　神|39|55|53|3|9|1|0|0|10|2|0|0|1|0|1|0|6|1|.170|.189|,_data\master_csv__rescrape_staging\pitching_1955_CL_from_master.csv,16
CSV_ER,ER,0,0,index_12,12,0,1955,11513807,大崎　三男,,1955|阪　神|39|55|53|3|9|1|0|0|10|2|0|0|1|0|1|0|6|1|.170|.189|,_data\master_csv__rescrape_staging\pitching_1955_CL_from_master.csv,16
CSV_ER,ER,0,0,index_13,13,0,1955,11513807,大崎　三男,,1955|阪　神|39|55|53|3|9|1|0|0|10|2|0|0|1|0|1|0|6|1|.170|.189|,_data\master_csv__rescrape_staging\pitching_1955_CL_from_master.csv,16
CSV_ER,ER,0,0,index_15,15,0,1955,11513807,大崎　三男,,1955|阪　神|39|55|53|3|9|1|0|0|10|2|0|0|1|0|1|0|6|1|.170|.189|,_data\master_csv__rescrape_staging\pitching_1955_CL_from_master.csv,16
CSV_ER,ER,0,0,index_17,17,0,1955,11513807,大崎　三男,,1955|阪　神|39|55|53|3|9|1|0|0|10|2|0|0|1|0|1|0|6|1|.170|.189|,_data\master_csv__rescrape_staging\pitching_1955_CL_from_master.csv,16
CSV_ERA,ERA,77.0,77,防御率,23,77,1955,11513807,大崎　三男,年度|所属球団|登板|勝利|敗北|セーブ|H|HP|完投|完封勝|無四球|勝率|打者|投球回|安打|本塁打|四球|死球|三振|暴投|ボーク|失点|自責点|防御率,1955|阪　神|39|8|13||||3|1|1|.381|750|182 .2|182|.2|166|7|40|7|76|1|0|77|61|3.00,_data\master_csv__rescrape_staging\pitching_1955_CL_from_master.csv,16
CSV_ER,ER,1,1,自責点,22,1,1955,31133898,阿部　八郎,年度|所属球団|登板|勝利|敗北|セーブ|H|HP|完投|完封勝|無四球|勝率|打者|投球回|安打|本塁打|四球|死球|三振|暴投|ボーク|失点|自責点|防御率,1955|阪　急|46|15|11||||10|2|0|.577|874|212 .2|212|.2|172|10|85|3|124|0|1|74|52|2.20,_data\master_csv__rescrape_staging\pitching_1955_PL_from_master.csv,2
CSV_ER,ER,1,1,index_15,15,1,1955,31133898,阿部　八郎,,1955|阪　急|46|79|74|5|18|3|0|0|21|7|0|0|3|1|0|1|15|0|.243|.284|,_data\master_csv__rescrape_staging\pitching_1955_PL_from_master.csv,2
CSV_ER,ER,1,1,index_17,17,1,1955,31133898,阿部　八郎,,1955|阪　急|46|79|74|5|18|3|0|0|21|7|0|0|3|1|0|1|15|0|.243|.284|,_data\master_csv__rescrape_staging\pitching_1955_PL_from_master.csv,2
CSV_ERA,ERA,74.0,74,防御率,23,74,1955,31133898,阿部　八郎,年度|所属球団|登板|勝利|敗北|セーブ|H|HP|完投|完封勝|無四球|勝率|打者|投球回|安打|本塁打|四球|死球|三振|暴投|ボーク|失点|自責点|防御率,1955|阪　急|46|15|11||||10|2|0|.577|874|212 .2|212|.2|172|10|85|3|124|0|1|74|52|2.20,_data\master_csv__rescrape_staging\pitching_1955_PL_from_master.csv,2
CSV_ERA,ERA,74.0,74,index_4,4,74,1955,31133898,阿部　八郎,,1955|阪　急|46|79|74|5|18|3|0|0|21|7|0|0|3|1|0|1|15|0|.243|.284|,_data\master_csv__rescrape_staging\pitching_1955_PL_from_master.csv,2
CSV_ER,ER,1,1,自責点,22,1,1955,91793809,梶本　隆夫,年度|所属球団|登板|勝利|敗北|セーブ|H|HP|完投|完封勝|無四球|勝率|打者|投球回|安打|本塁打|四球|死球|三振|暴投|ボーク|失点|自責点|防御率,1955|阪　急|49|18|14||||19|6|2|.563|1112|273 .1|273|.1|232|10|84|4|222|4|1|104|87|2.86,_data\master_csv__rescrape_staging\pitching_1955_PL_from_master.csv,3
CSV_ER,ER,1,1,index_8,8,1,1955,91793809,梶本　隆夫,,1955|阪　急|57|114|102|6|22|0|1|1|27|9|0|0|0|0|12|0|18|2|.216|.265|,_data\master_csv__rescrape_staging\pitching_1955_PL_from_master.csv,3
CSV_ER,ER,1,1,index_9,9,1,1955,91793809,梶本　隆夫,,1955|阪　急|57|114|102|6|22|0|1|1|27|9|0|0|0|0|12|0|18|2|.216|.265|,_data\master_csv__rescrape_staging\pitching_1955_PL_from_master.csv,3
CSV_ERA,ERA,104.0,104,防御率,23,104,1955,91793809,梶本　隆夫,年度|所属球団|登板|勝利|敗北|セーブ|H|HP|完投|完封勝|無四球|勝率|打者|投球回|安打|本塁打|四球|死球|三振|暴投|ボーク|失点|自責点|防御率,1955|阪　急|49|18|14||||19|6|2|.563|1112|273 .1|273|.1|232|10|84|4|222|4|1|104|87|2.86,_data\master_csv__rescrape_staging\pitching_1955_PL_from_master.csv,3
CSV_ER,ER,0,0,完封勝,9,0,1955,01603801,柴田　英治,年度|所属球団|登板|勝利|敗北|セーブ|H|HP|完投|完封勝|無四球|勝率|打者|投球回|安打|本塁打|四球|死球|三振|暴投|ボーク|失点|自責点|防御率,1955|阪　急|50|17|8||||3|0|2|.680|946|235 .2|235|.2|219|4|39|5|111|0|0|78|67|2.56,_data\master_csv__rescrape_staging\pitching_1955_PL_from_master.csv,6
CSV_ER,ER,0,0,失点,21,0,1955,01603801,柴田　英治,年度|所属球団|登板|勝利|敗北|セーブ|H|HP|完投|完封勝|無四球|勝率|打者|投球回|安打|本塁打|四球|死球|三振|暴投|ボーク|失点|自責点|防御率,1955|阪　急|50|17|8||||3|0|2|.680|946|235 .2|235|.2|219|4|39|5|111|0|0|78|67|2.56,_data\master_csv__rescrape_staging\pitching_1955_PL_from_master.csv,6
CSV_ER,ER,0,0,自責点,22,0,1955,01603801,柴田　英治,年度|所属球団|登板|勝利|敗北|セーブ|H|HP|完投|完封勝|無四球|勝率|打者|投球回|安打|本塁打|四球|死球|三振|暴投|ボーク|失点|自責点|防御率,1955|阪　急|50|17|8||||3|0|2|.680|946|235 .2|235|.2|219|4|39|5|111|0|0|78|67|2.56,_data\master_csv__rescrape_staging\pitching_1955_PL_from_master.csv,6
CSV_ER,ER,0,0,index_7,7,0,1955,01603801,柴田　英治,,1955|阪　急|50|86|72|4|13|0|1|0|15|4|1|0|14|0|0|0|13|0|.181|.208|,_data\master_csv__rescrape_staging\pitching_1955_PL_from_master.csv,6
CSV_ER,ER,0,0,index_9,9,0,1955,01603801,柴田　英治,,1955|阪　急|50|86|72|4|13|0|1|0|15|4|1|0|14|0|0|0|13|0|.181|.208|,_data\master_csv__rescrape_staging\pitching_1955_PL_from_master.csv,6
CSV_ER,ER,0,0,index_13,13,0,1955,01603801,柴田　英治,,1955|阪　急|50|86|72|4|13|0|1|0|15|4|1|0|14|0|0|0|13|0|.181|.208|,_data\master_csv__rescrape_staging\pitching_1955_PL_from_master.csv,6
CSV_ER,ER,0,0,index_15,15,0,1955,01603801,柴田　英治,,1955|阪　急|50|86|72|4|13|0|1|0|15|4|1|0|14|0|0|0|13|0|.181|.208|,_data\master_csv__rescrape_staging\pitching_1955_PL_from_master.csv,6
CSV_ER,ER,0,0,index_16,16,0,1955,01603801,柴田　英治,,1955|阪　急|50|86|72|4|13|0|1|0|15|4|1|0|14|0|0|0|13|0|.181|.208|,_data\master_csv__rescrape_staging\pitching_1955_PL_from_master.csv,6
CSV_ER,ER,0,0,index_17,17,0,1955,01603801,柴田　英治,,1955|阪　急|50|86|72|4|13|0|1|0|15|4|1|0|14|0|0|0|13|0|.181|.208|,_data\master_csv__rescrape_staging\pitching_1955_PL_from_master.csv,6
CSV_ER,ER,0,0,index_19,19,0,1955,01603801,柴田　英治,,1955|阪　急|50|86|72|4|13|0|1|0|15|4|1|0|14|0|0|0|13|0|.181|.208|,_data\master_csv__rescrape_staging\pitching_1955_PL_from_master.csv,6
CSV_ERA,ERA,78.0,78,防御率,23,78,1955,01603801,柴田　英治,年度|所属球団|登板|勝利|敗北|セーブ|H|HP|完投|完封勝|無四球|勝率|打者|投球回|安打|本塁打|四球|死球|三振|暴投|ボーク|失点|自責点|防御率,1955|阪　急|50|17|8||||3|0|2|.680|946|235 .2|235|.2|219|4|39|5|111|0|0|78|67|2.56,_data\master_csv__rescrape_staging\pitching_1955_PL_from_master.csv,6
CSV_IP,IP,48.0,48,投球回,13,48,1955,21523803,鈴木　幸雄,年度|所属球団|登板|勝利|敗北|セーブ|H|HP|完投|完封勝|無四球|勝率|打者|投球回|安打|本塁打|四球|死球|三振|暴投|ボーク|失点|自責点|防御率,1955|阪　急|19|2|2||||0|0|0|.500|199|48|48||42|6|15|0|15|0|0|25|23|4.31,_data\master_csv__rescrape_staging\pitching_1955_PL_from_master.csv,7
CSV_IP,IP,48.0,48,安打,14,48,1955,21523803,鈴木　幸雄,年度|所属球団|登板|勝利|敗北|セーブ|H|HP|完投|完封勝|無四球|勝率|打者|投球回|安打|本塁打|四球|死球|三振|暴投|ボーク|失点|自責点|防御率,1955|阪　急|19|2|2||||0|0|0|.500|199|48|48||42|6|15|0|15|0|0|25|23|4.31,_data\master_csv__rescrape_staging\pitching_1955_PL_from_master.csv,7
CSV_ER,ER,0,0,完投,8,0,1955,21523803,鈴木　幸雄,年度|所属球団|登板|勝利|敗北|セーブ|H|HP|完投|完封勝|無四球|勝率|打者|投球回|安打|本塁打|四球|死球|三振|暴投|ボーク|失点|自責点|防御率,1955|阪　急|19|2|2||||0|0|0|.500|199|48|48||42|6|15|0|15|0|0|25|23|4.31,_data\master_csv__rescrape_staging\pitching_1955_PL_from_master.csv,7
CSV_ER,ER,0,0,完封勝,9,0,1955,21523803,鈴木　幸雄,年度|所属球団|登板|勝利|敗北|セーブ|H|HP|完投|完封勝|無四球|勝率|打者|投球回|安打|本塁打|四球|死球|三振|暴投|ボーク|失点|自責点|防御率,1955|阪　急|19|2|2||||0|0|0|.500|199|48|48||42|6|15|0|15|0|0|25|23|4.31,_data\master_csv__rescrape_staging\pitching_1955_PL_from_master.csv,7
CSV_ER,ER,0,0,無四球,10,0,1955,21523803,鈴木　幸雄,年度|所属球団|登板|勝利|敗北|セーブ|H|HP|完投|完封勝|無四球|勝率|打者|投球回|安打|本塁打|四球|死球|三振|暴投|ボーク|失点|自責点|防御率,1955|阪　急|19|2|2||||0|0|0|.500|199|48|48||42|6|15|0|15|0|0|25|23|4.31,_data\master_csv__rescrape_staging\pitching_1955_PL_from_master.csv,7
CSV_ER,ER,0,0,暴投,19,0,1955,21523803,鈴木　幸雄,年度|所属球団|登板|勝利|敗北|セーブ|H|HP|完投|完封勝|無四球|勝率|打者|投球回|安打|本塁打|四球|死球|三振|暴投|ボーク|失点|自責点|防御率,1955|阪　急|19|2|2||||0|0|0|.500|199|48|48||42|6|15|0|15|0|0|25|23|4.31,_data\master_csv__rescrape_staging\pitching_1955_PL_from_master.csv,7
CSV_ER,ER,0,0,失点,21,0,1955,21523803,鈴木　幸雄,年度|所属球団|登板|勝利|敗北|セーブ|H|HP|完投|完封勝|無四球|勝率|打者|投球回|安打|本塁打|四球|死球|三振|暴投|ボーク|失点|自責点|防御率,1955|阪　急|19|2|2||||0|0|0|.500|199|48|48||42|6|15|0|15|0|0|25|23|4.31,_data\master_csv__rescrape_staging\pitching_1955_PL_from_master.csv,7
CSV_ER,ER,0,0,自責点,22,0,1955,21523803,鈴木　幸雄,年度|所属球団|登板|勝利|敗北|セーブ|H|HP|完投|完封勝|無四球|勝率|打者|投球回|安打|本塁打|四球|死球|三振|暴投|ボーク|失点|自責点|防御率,1955|阪　急|19|2|2||||0|0|0|.500|199|48|48||42|6|15|0|15|0|0|25|23|4.31,_data\master_csv__rescrape_staging\pitching_1955_PL_from_master.csv,7
CSV_ER,ER,0,0,index_7,7,0,1955,21523803,鈴木　幸雄,,1955|阪　急|19|11|10|1|1|0|0|0|1|0|0|0|1|0|0|0|3|1|.100|.100|,_data\master_csv__rescrape_staging\pitching_1955_PL_from_master.csv,7
CSV_ER,ER,0,0,index_8,8,0,1955,21523803,鈴木　幸雄,,1955|阪　急|19|11|10|1|1|0|0|0|1|0|0|0|1|0|0|0|3|1|.100|.100|,_data\master_csv__rescrape_staging\pitching_1955_PL_from_master.csv,7
CSV_ER,ER,0,0,index_9,9,0,1955,21523803,鈴木　幸雄,,1955|阪　急|19|11|10|1|1|0|0|0|1|0|0|0|1|0|0|0|3|1|.100|.100|,_data\master_csv__rescrape_staging\pitching_1955_PL_from_master.csv,7
CSV_ER,ER,0,0,index_11,11,0,1955,21523803,鈴木　幸雄,,1955|阪　急|19|11|10|1|1|0|0|0|1|0|0|0|1|0|0|0|3|1|.100|.100|,_data\master_csv__rescrape_staging\pitching_1955_PL_from_master.csv,7
CSV_ER,ER,0,0,index_12,12,0,1955,21523803,鈴木　幸雄,,1955|阪　急|19|11|10|1|1|0|0|0|1|0|0|0|1|0|0|0|3|1|.100|.100|,_data\master_csv__rescrape_staging\pitching_1955_PL_from_master.csv,7
CSV_ER,ER,0,0,index_13,13,0,1955,21523803,鈴木　幸雄,,1955|阪　急|19|11|10|1|1|0|0|0|1|0|0|0|1|0|0|0|3|1|.100|.100|,_data\master_csv__rescrape_staging\pitching_1955_PL_from_master.csv,7
CSV_ER,ER,0,0,index_15,15,0,1955,21523803,鈴木　幸雄,,1955|阪　急|19|11|10|1|1|0|0|0|1|0|0|0|1|0|0|0|3|1|.100|.100|,_data\master_csv__rescrape_staging\pitching_1955_PL_from_master.csv,7
CSV_ER,ER,0,0,index_16,16,0,1955,21523803,鈴木　幸雄,,1955|阪　急|19|11|10|1|1|0|0|0|1|0|0|0|1|0|0|0|3|1|.100|.100|,_data\master_csv__rescrape_staging\pitching_1955_PL_from_master.csv,7
CSV_ER,ER,0,0,index_17,17,0,1955,21523803,鈴木　幸雄,,1955|阪　急|19|11|10|1|1|0|0|0|1|0|0|0|1|0|0|0|3|1|.100|.100|,_data\master_csv__rescrape_staging\pitching_1955_PL_from_master.csv,7
CSV_ERA,ERA,25.0,25,防御率,23,25,1955,21523803,鈴木　幸雄,年度|所属球団|登板|勝利|敗北|セーブ|H|HP|完投|完封勝|無四球|勝率|打者|投球回|安打|本塁打|四球|死球|三振|暴投|ボーク|失点|自責点|防御率,1955|阪　急|19|2|2||||0|0|0|.500|199|48|48||42|6|15|0|15|0|0|25|23|4.31,_data\master_csv__rescrape_staging\pitching_1955_PL_from_master.csv,7
CSV_IP,IP,138.0,138,投球回,13,138,1955,91293800,Ａ．スピアマン,年度|所属球団|登板|勝利|敗北|セーブ|H|HP|完投|完封勝|無四球|勝率|打者|投球回|安打|本塁打|四球|死球|三振|暴投|ボーク|失点|自責点|防御率,1955|阪　急|31|9|8||||2|1|0|.529|567|138|138||115|3|54|2|79|4|2|46|39|2.54,_data\master_csv__rescrape_staging\pitching_1955_PL_from_master.csv,8
CSV_IP,IP,138.0,138,安打,14,138,1955,91293800,Ａ．スピアマン,年度|所属球団|登板|勝利|敗北|セーブ|H|HP|完投|完封勝|無四球|勝率|打者|投球回|安打|本塁打|四球|死球|三振|暴投|ボーク|失点|自責点|防御率,1955|阪　急|31|9|8||||2|1|0|.529|567|138|138||115|3|54|2|79|4|2|46|39|2.54,_data\master_csv__rescrape_staging\pitching_1955_PL_from_master.csv,8
CSV_ER,ER,2,2,完投,8,2,1955,91293800,Ａ．スピアマン,年度|所属球団|登板|勝利|敗北|セーブ|H|HP|完投|完封勝|無四球|勝率|打者|投球回|安打|本塁打|四球|死球|三振|暴投|ボーク|失点|自責点|防御率,1955|阪　急|31|9|8||||2|1|0|.529|567|138|138||115|3|54|2|79|4|2|46|39|2.54,_data\master_csv__rescrape_staging\pitching_1955_PL_from_master.csv,8
CSV_ER,ER,2,2,暴投,19,2,1955,91293800,Ａ．スピアマン,年度|所属球団|登板|勝利|敗北|セーブ|H|HP|完投|完封勝|無四球|勝率|打者|投球回|安打|本塁打|四球|死球|三振|暴投|ボーク|失点|自責点|防御率,1955|阪　急|31|9|8||||2|1|0|.529|567|138|138||115|3|54|2|79|4|2|46|39|2.54,_data\master_csv__rescrape_staging\pitching_1955_PL_from_master.csv,8
CSV_ER,ER,2,2,自責点,22,2,1955,91293800,Ａ．スピアマン,年度|所属球団|登板|勝利|敗北|セーブ|H|HP|完投|完封勝|無四球|勝率|打者|投球回|安打|本塁打|四球|死球|三振|暴投|ボーク|失点|自責点|防御率,1955|阪　急|31|9|8||||2|1|0|.529|567|138|138||115|3|54|2|79|4|2|46|39|2.54,_data\master_csv__rescrape_staging\pitching_1955_PL_from_master.csv,8
CSV_ER,ER,2,2,index_16,16,2,1955,91293800,Ａ．スピアマン,,1955|阪　急|31|49|44|4|8|0|0|0|8|3|0|0|3|0|2|0|12|0|.182|.182|,_data\master_csv__rescrape_staging\pitching_1955_PL_from_master.csv,8
CSV_ERA,ERA,46.0,46,防御率,23,46,1955,91293800,Ａ．スピアマン,年度|所属球団|登板|勝利|敗北|セーブ|H|HP|完投|完封勝|無四球|勝率|打者|投球回|安打|本塁打|四球|死球|三振|暴投|ボーク|失点|自責点|防御率,1955|阪　急|31|9|8||||2|1|0|.529|567|138|138||115|3|54|2|79|4|2|46|39|2.54,_data\master_csv__rescrape_staging\pitching_1955_PL_from_master.csv,8
CSV_IP,IP,155.0,155,投球回,13,155,1956,41743801,大友　工,年度|所属球団|登板|勝利|敗北|セーブ|H|HP|完投|完封勝|無四球|勝率|打者|投球回|安打|本塁打|四球|死球|三振|暴投|ボーク|失点|自責点|防御率,1956|読　売|29|12|7||||6|2|1|.632|585|155|155||100|8|32|1|84|1|0|33|28|1.63,_data\master_csv__rescrape_staging\pitching_1956_CL_from_master.csv,4
CSV_IP,IP,155.0,155,安打,14,155,1956,41743801,大友　工,年度|所属球団|登板|勝利|敗北|セーブ|H|HP|完投|完封勝|無四球|勝率|打者|投球回|安打|本塁打|四球|死球|三振|暴投|ボーク|失点|自責点|防御率,1956|読　売|29|12|7||||6|2|1|.632|585|155|155||100|8|32|1|84|1|0|33|28|1.63,_data\master_csv__rescrape_staging\pitching_1956_CL_from_master.csv,4
CSV_ER,ER,0,0,自責点,22,0,1956,41743801,大友　工,年度|所属球団|登板|勝利|敗北|セーブ|H|HP|完投|完封勝|無四球|勝率|打者|投球回|安打|本塁打|四球|死球|三振|暴投|ボーク|失点|自責点|防御率,1956|読　売|29|12|7||||6|2|1|.632|585|155|155||100|8|32|1|84|1|0|33|28|1.63,_data\master_csv__rescrape_staging\pitching_1956_CL_from_master.csv,4
CSV_ER,ER,0,0,index_8,8,0,1956,41743801,大友　工,,1956|読　売|29|58|50|2|6|1|0|0|7|6|0|0|6|1|0|1|12|0|.120|.140|,_data\master_csv__rescrape_staging\pitching_1956_CL_from_master.csv,4
CSV_ER,ER,0,0,index_9,9,0,1956,41743801,大友　工,,1956|読　売|29|58|50|2|6|1|0|0|7|6|0|0|6|1|0|1|12|0|.120|.140|,_data\master_csv__rescrape_staging\pitching_1956_CL_from_master.csv,4
CSV_ER,ER,0,0,index_12,12,0,1956,41743801,大友　工,,1956|読　売|29|58|50|2|6|1|0|0|7|6|0|0|6|1|0|1|12|0|.120|.140|,_data\master_csv__rescrape_staging\pitching_1956_CL_from_master.csv,4
CSV_ER,ER,0,0,index_13,13,0,1956,41743801,大友　工,,1956|読　売|29|58|50|2|6|1|0|0|7|6|0|0|6|1|0|1|12|0|.120|.140|,_data\master_csv__rescrape_staging\pitching_1956_CL_from_master.csv,4
CSV_ER,ER,0,0,index_16,16,0,1956,41743801,大友　工,,1956|読　売|29|58|50|2|6|1|0|0|7|6|0|0|6|1|0|1|12|0|.120|.140|,_data\master_csv__rescrape_staging\pitching_1956_CL_from_master.csv,4
CSV_ER,ER,0,0,index_19,19,0,1956,41743801,大友　工,,1956|読　売|29|58|50|2|6|1|0|0|7|6|0|0|6|1|0|1|12|0|.120|.140|,_data\master_csv__rescrape_staging\pitching_1956_CL_from_master.csv,4
CSV_ERA,ERA,33.0,33,防御率,23,33,1956,41743801,大友　工,年度|所属球団|登板|勝利|敗北|セーブ|H|HP|完投|完封勝|無四球|勝率|打者|投球回|安打|本塁打|四球|死球|三振|暴投|ボーク|失点|自責点|防御率,1956|読　売|29|12|7||||6|2|1|.632|585|155|155||100|8|32|1|84|1|0|33|28|1.63,_data\master_csv__rescrape_staging\pitching_1956_CL_from_master.csv,4
CSV_ER,ER,0,0,無四球,10,0,1956,51753802,木戸　美摸,年度|所属球団|登板|勝利|敗北|セーブ|H|HP|完投|完封勝|無四球|勝率|打者|投球回|安打|本塁打|四球|死球|三振|暴投|ボーク|失点|自責点|防御率,1956|読　売|25|3|1||||1|1|0|.750|277|73 .1|73|.1|57|8|11|0|20|2|0|24|22|2.68,_data\master_csv__rescrape_staging\pitching_1956_CL_from_master.csv,5
CSV_ER,ER,0,0,暴投,19,0,1956,51753802,木戸　美摸,年度|所属球団|登板|勝利|敗北|セーブ|H|HP|完投|完封勝|無四球|勝率|打者|投球回|安打|本塁打|四球|死球|三振|暴投|ボーク|失点|自責点|防御率,1956|読　売|25|3|1||||1|1|0|.750|277|73 .1|73|.1|57|8|11|0|20|2|0|24|22|2.68,_data\master_csv__rescrape_staging\pitching_1956_CL_from_master.csv,5
CSV_ER,ER,0,0,自責点,22,0,1956,51753802,木戸　美摸,年度|所属球団|登板|勝利|敗北|セーブ|H|HP|完投|完封勝|無四球|勝率|打者|投球回|安打|本塁打|四球|死球|三振|暴投|ボーク|失点|自責点|防御率,1956|読　売|25|3|1||||1|1|0|.750|277|73 .1|73|.1|57|8|11|0|20|2|0|24|22|2.68,_data\master_csv__rescrape_staging\pitching_1956_CL_from_master.csv,5
CSV_ER,ER,0,0,index_7,7,0,1956,51753802,木戸　美摸,,1956|読　売|25|22|20|3|5|0|0|1|8|2|0|0|2|0|0|0|3|0|.250|.400|,_data\master_csv__rescrape_staging\pitching_1956_CL_from_master.csv,5
CSV_ER,ER,0,0,index_8,8,0,1956,51753802,木戸　美摸,,1956|読　売|25|22|20|3|5|0|0|1|8|2|0|0|2|0|0|0|3|0|.250|.400|,_data\master_csv__rescrape_staging\pitching_1956_CL_from_master.csv,5
CSV_ER,ER,0,0,index_12,12,0,1956,51753802,木戸　美摸,,1956|読　売|25|22|20|3|5|0|0|1|8|2|0|0|2|0|0|0|3|0|.250|.400|,_data\master_csv__rescrape_staging\pitching_1956_CL_from_master.csv,5
CSV_ER,ER,0,0,index_13,13,0,1956,51753802,木戸　美摸,,1956|読　売|25|22|20|3|5|0|0|1|8|2|0|0|2|0|0|0|3|0|.250|.400|,_data\master_csv__rescrape_staging\pitching_1956_CL_from_master.csv,5
CSV_ER,ER,0,0,index_15,15,0,1956,51753802,木戸　美摸,,1956|読　売|25|22|20|3|5|0|0|1|8|2|0|0|2|0|0|0|3|0|.250|.400|,_data\master_csv__rescrape_staging\pitching_1956_CL_from_master.csv,5
CSV_ER,ER,0,0,index_16,16,0,1956,51753802,木戸　美摸,,1956|読　売|25|22|20|3|5|0|0|1|8|2|0|0|2|0|0|0|3|0|.250|.400|,_data\master_csv__rescrape_staging\pitching_1956_CL_from_master.csv,5
CSV_ER,ER,0,0,index_17,17,0,1956,51753802,木戸　美摸,,1956|読　売|25|22|20|3|5|0|0|1|8|2|0|0|2|0|0|0|3|0|.250|.400|,_data\master_csv__rescrape_staging\pitching_1956_CL_from_master.csv,5
CSV_ER,ER,0,0,index_19,19,0,1956,51753802,木戸　美摸,,1956|読　売|25|22|20|3|5|0|0|1|8|2|0|0|2|0|0|0|3|0|.250|.400|,_data\master_csv__rescrape_staging\pitching_1956_CL_from_master.csv,5
CSV_ERA,ERA,24.0,24,防御率,23,24,1956,51753802,木戸　美摸,年度|所属球団|登板|勝利|敗北|セーブ|H|HP|完投|完封勝|無四球|勝率|打者|投球回|安打|本塁打|四球|死球|三振|暴投|ボーク|失点|自責点|防御率,1956|読　売|25|3|1||||1|1|0|.750|277|73 .1|73|.1|57|8|11|0|20|2|0|24|22|2.68,_data\master_csv__rescrape_staging\pitching_1956_CL_from_master.csv,5
CSV_ER,ER,0,0,無四球,10,0,1956,01703878,中尾　碩志,年度|所属球団|登板|勝利|敗北|セーブ|H|HP|完投|完封勝|無四球|勝率|打者|投球回|安打|本塁打|四球|死球|三振|暴投|ボーク|失点|自責点|防御率,1956|読　売|29|5|7||||3|2|0|.417|400|93 .2|93|.2|92|4|28|3|41|1|0|29|21|2.01,_data\master_csv__rescrape_staging\pitching_1956_CL_from_master.csv,8
CSV_ER,ER,0,0,自責点,22,0,1956,01703878,中尾　碩志,年度|所属球団|登板|勝利|敗北|セーブ|H|HP|完投|完封勝|無四球|勝率|打者|投球回|安打|本塁打|四球|死球|三振|暴投|ボーク|失点|自責点|防御率,1956|読　売|29|5|7||||3|2|0|.417|400|93 .2|93|.2|92|4|28|3|41|1|0|29|21|2.01,_data\master_csv__rescrape_staging\pitching_1956_CL_from_master.csv,8
CSV_ER,ER,0,0,index_8,8,0,1956,01703878,中尾　碩志,,1956|読　売|29|30|24|2|4|1|0|0|5|2|0|0|5|0|1|0|4|0|.167|.208|,_data\master_csv__rescrape_staging\pitching_1956_CL_from_master.csv,8
CSV_ER,ER,0,0,index_9,9,0,1956,01703878,中尾　碩志,,1956|読　売|29|30|24|2|4|1|0|0|5|2|0|0|5|0|1|0|4|0|.167|.208|,_data\master_csv__rescrape_staging\pitching_1956_CL_from_master.csv,8
CSV_ER,ER,0,0,index_12,12,0,1956,01703878,中尾　碩志,,1956|読　売|29|30|24|2|4|1|0|0|5|2|0|0|5|0|1|0|4|0|.167|.208|,_data\master_csv__rescrape_staging\pitching_1956_CL_from_master.csv,8
CSV_ER,ER,0,0,index_13,13,0,1956,01703878,中尾　碩志,,1956|読　売|29|30|24|2|4|1|0|0|5|2|0|0|5|0|1|0|4|0|.167|.208|,_data\master_csv__rescrape_staging\pitching_1956_CL_from_master.csv,8
CSV_ER,ER,0,0,index_15,15,0,1956,01703878,中尾　碩志,,1956|読　売|29|30|24|2|4|1|0|0|5|2|0|0|5|0|1|0|4|0|.167|.208|,_data\master_csv__rescrape_staging\pitching_1956_CL_from_master.csv,8
CSV_ER,ER,0,0,index_17,17,0,1956,01703878,中尾　碩志,,1956|読　売|29|30|24|2|4|1|0|0|5|2|0|0|5|0|1|0|4|0|.167|.208|,_data\master_csv__rescrape_staging\pitching_1956_CL_from_master.csv,8
CSV_ER,ER,0,0,index_19,19,0,1956,01703878,中尾　碩志,,1956|読　売|29|30|24|2|4|1|0|0|5|2|0|0|5|0|1|0|4|0|.167|.208|,_data\master_csv__rescrape_staging\pitching_1956_CL_from_master.csv,8
CSV_ERA,ERA,29.0,29,登板,2,29,1956,01703878,中尾　碩志,年度|所属球団|登板|勝利|敗北|セーブ|H|HP|完投|完封勝|無四球|勝率|打者|投球回|安打|本塁打|四球|死球|三振|暴投|ボーク|失点|自責点|防御率,1956|読　売|29|5|7||||3|2|0|.417|400|93 .2|93|.2|92|4|28|3|41|1|0|29|21|2.01,_data\master_csv__rescrape_staging\pitching_1956_CL_from_master.csv,8
CSV_ERA,ERA,29.0,29,防御率,23,29,1956,01703878,中尾　碩志,年度|所属球団|登板|勝利|敗北|セーブ|H|HP|完投|完封勝|無四球|勝率|打者|投球回|安打|本塁打|四球|死球|三振|暴投|ボーク|失点|自責点|防御率,1956|読　売|29|5|7||||3|2|0|.417|400|93 .2|93|.2|92|4|28|3|41|1|0|29|21|2.01,_data\master_csv__rescrape_staging\pitching_1956_CL_from_master.csv,8
CSV_ERA,ERA,29.0,29,index_2,2,29,1956,01703878,中尾　碩志,,1956|読　売|29|30|24|2|4|1|0|0|5|2|0|0|5|0|1|0|4|0|.167|.208|,_data\master_csv__rescrape_staging\pitching_1956_CL_from_master.csv,8
CSV_ER,ER,0,0,失点,21,0,1956,31933895,別所　毅彦,年度|所属球団|登板|勝利|敗北|セーブ|H|HP|完投|完封勝|無四球|勝率|打者|投球回|安打|本塁打|四球|死球|三振|暴投|ボーク|失点|自責点|防御率,1956|読　売|54|27|15||||26|5|9|.643|1327|340 .1|340|.1|282|11|60|5|185|0|0|90|73|1.93,_data\master_csv__rescrape_staging\pitching_1956_CL_from_master.csv,9
CSV_ER,ER,0,0,自責点,22,0,1956,31933895,別所　毅彦,年度|所属球団|登板|勝利|敗北|セーブ|H|HP|完投|完封勝|無四球|勝率|打者|投球回|安打|本塁打|四球|死球|三振|暴投|ボーク|失点|自責点|防御率,1956|読　売|54|27|15||||26|5|9|.643|1327|340 .1|340|.1|282|11|60|5|185|0|0|90|73|1.93,_data\master_csv__rescrape_staging\pitching_1956_CL_from_master.csv,9
CSV_ER,ER,0,0,index_8,8,0,1956,31933895,別所　毅彦,,1956|読　売|54|124|115|12|28|3|0|1|34|10|0|0|5|2|2|0|20|3|.243|.296|,_data\master_csv__rescrape_staging\pitching_1956_CL_from_master.csv,9
CSV_ER,ER,0,0,index_12,12,0,1956,31933895,別所　毅彦,,1956|読　売|54|124|115|12|28|3|0|1|34|10|0|0|5|2|2|0|20|3|.243|.296|,_data\master_csv__rescrape_staging\pitching_1956_CL_from_master.csv,9
CSV_ER,ER,0,0,index_13,13,0,1956,31933895,別所　毅彦,,1956|読　売|54|124|115|12|28|3|0|1|34|10|0|0|5|2|2|0|20|3|.243|.296|,_data\master_csv__rescrape_staging\pitching_1956_CL_from_master.csv,9
CSV_ER,ER,0,0,index_17,17,0,1956,31933895,別所　毅彦,,1956|読　売|54|124|115|12|28|3|0|1|34|10|0|0|5|2|2|0|20|3|.243|.296|,_data\master_csv__rescrape_staging\pitching_1956_CL_from_master.csv,9
CSV_ERA,ERA,90.0,90,防御率,23,90,1956,31933895,別所　毅彦,年度|所属球団|登板|勝利|敗北|セーブ|H|HP|完投|完封勝|無四球|勝率|打者|投球回|安打|本塁打|四球|死球|三振|暴投|ボーク|失点|自責点|防御率,1956|読　売|54|27|15||||26|5|9|.643|1327|340 .1|340|.1|282|11|60|5|185|0|0|90|73|1.93,_data\master_csv__rescrape_staging\pitching_1956_CL_from_master.csv,9
CSV_ER,ER,0,0,自責点,22,0,1956,23323800,堀内　庄,年度|所属球団|登板|勝利|敗北|セーブ|H|HP|完投|完封勝|無四球|勝率|打者|投球回|安打|本塁打|四球|死球|三振|暴投|ボーク|失点|自責点|防御率,1956|読　売|37|14|4||||7|4|2|.778|742|190 .2|190|.2|125|7|63|2|143|1|0|34|31|1.46,_data\master_csv__rescrape_staging\pitching_1956_CL_from_master.csv,10
CSV_ER,ER,0,0,index_7,7,0,1956,23323800,堀内　庄,,1956|読　売|37|67|64|5|11|0|0|0|11|2|0|0|1|0|2|0|13|0|.172|.172|,_data\master_csv__rescrape_staging\pitching_1956_CL_from_master.csv,10
CSV_ER,ER,0,0,index_8,8,0,1956,23323800,堀内　庄,,1956|読　売|37|67|64|5|11|0|0|0|11|2|0|0|1|0|2|0|13|0|.172|.172|,_data\master_csv__rescrape_staging\pitching_1956_CL_from_master.csv,10
CSV_ER,ER,0,0,index_9,9,0,1956,23323800,堀内　庄,,1956|読　売|37|67|64|5|11|0|0|0|11|2|0|0|1|0|2|0|13|0|.172|.172|,_data\master_csv__rescrape_staging\pitching_1956_CL_from_master.csv,10
CSV_ER,ER,0,0,index_12,12,0,1956,23323800,堀内　庄,,1956|読　売|37|67|64|5|11|0|0|0|11|2|0|0|1|0|2|0|13|0|.172|.172|,_data\master_csv__rescrape_staging\pitching_1956_CL_from_master.csv,10
CSV_ER,ER,0,0,index_13,13,0,1956,23323800,堀内　庄,,1956|読　売|37|67|64|5|11|0|0|0|11|2|0|0|1|0|2|0|13|0|.172|.172|,_data\master_csv__rescrape_staging\pitching_1956_CL_from_master.csv,10
CSV_ER,ER,0,0,index_15,15,0,1956,23323800,堀内　庄,,1956|読　売|37|67|64|5|11|0|0|0|11|2|0|0|1|0|2|0|13|0|.172|.172|,_data\master_csv__rescrape_staging\pitching_1956_CL_from_master.csv,10
CSV_ER,ER,0,0,index_17,17,0,1956,23323800,堀内　庄,,1956|読　売|37|67|64|5|11|0|0|0|11|2|0|0|1|0|2|0|13|0|.172|.172|,_data\master_csv__rescrape_staging\pitching_1956_CL_from_master.csv,10
CSV_ER,ER,0,0,index_19,19,0,1956,23323800,堀内　庄,,1956|読　売|37|67|64|5|11|0|0|0|11|2|0|0|1|0|2|0|13|0|.172|.172|,_data\master_csv__rescrape_staging\pitching_1956_CL_from_master.csv,10
CSV_ERA,ERA,34.0,34,防御率,23,34,1956,23323800,堀内　庄,年度|所属球団|登板|勝利|敗北|セーブ|H|HP|完投|完封勝|無四球|勝率|打者|投球回|安打|本塁打|四球|死球|三振|暴投|ボーク|失点|自責点|防御率,1956|読　売|37|14|4||||7|4|2|.778|742|190 .2|190|.2|125|7|63|2|143|1|0|34|31|1.46,_data\master_csv__rescrape_staging\pitching_1956_CL_from_master.csv,10
CSV_ER,ER,0,0,暴投,19,0,1956,31133898,阿部　八郎,年度|所属球団|登板|勝利|敗北|セーブ|H|HP|完投|完封勝|無四球|勝率|打者|投球回|安打|本塁打|四球|死球|三振|暴投|ボーク|失点|自責点|防御率,1956|阪　急|44|14|12||||6|2|2|.538|775|191 .2|191|.2|172|8|51|0|108|2|0|60|53|2.48,_data\master_csv__rescrape_staging\pitching_1956_PL_from_master.csv,2
CSV_ER,ER,0,0,自責点,22,0,1956,31133898,阿部　八郎,年度|所属球団|登板|勝利|敗北|セーブ|H|HP|完投|完封勝|無四球|勝率|打者|投球回|安打|本塁打|四球|死球|三振|暴投|ボーク|失点|自責点|防御率,1956|阪　急|44|14|12||||6|2|2|.538|775|191 .2|191|.2|172|8|51|0|108|2|0|60|53|2.48,_data\master_csv__rescrape_staging\pitching_1956_PL_from_master.csv,2
CSV_ER,ER,0,0,index_8,8,0,1956,31133898,阿部　八郎,,1956|阪　急|44|65|62|3|8|1|0|1|12|3|0|0|1|1|1|0|11|1|.129|.194|,_data\master_csv__rescrape_staging\pitching_1956_PL_from_master.csv,2
CSV_ER,ER,0,0,index_12,12,0,1956,31133898,阿部　八郎,,1956|阪　急|44|65|62|3|8|1|0|1|12|3|0|0|1|1|1|0|11|1|.129|.194|,_data\master_csv__rescrape_staging\pitching_1956_PL_from_master.csv,2
CSV_ER,ER,0,0,index_13,13,0,1956,31133898,阿部　八郎,,1956|阪　急|44|65|62|3|8|1|0|1|12|3|0|0|1|1|1|0|11|1|.129|.194|,_data\master_csv__rescrape_staging\pitching_1956_PL_from_master.csv,2
CSV_ER,ER,0,0,index_17,17,0,1956,31133898,阿部　八郎,,1956|阪　急|44|65|62|3|8|1|0|1|12|3|0|0|1|1|1|0|11|1|.129|.194|,_data\master_csv__rescrape_staging\pitching_1956_PL_from_master.csv,2
CSV_ERA,ERA,60.0,60,防御率,23,60,1956,31133898,阿部　八郎,年度|所属球団|登板|勝利|敗北|セーブ|H|HP|完投|完封勝|無四球|勝率|打者|投球回|安打|本塁打|四球|死球|三振|暴投|ボーク|失点|自責点|防御率,1956|阪　急|44|14|12||||6|2|2|.538|775|191 .2|191|.2|172|8|51|0|108|2|0|60|53|2.48,_data\master_csv__rescrape_staging\pitching_1956_PL_from_master.csv,2
CSV_ER,ER,0,0,自責点,22,0,1956,91793809,梶本　隆夫,年度|所属球団|登板|勝利|敗北|セーブ|H|HP|完投|完封勝|無四球|勝率|打者|投球回|安打|本塁打|四球|死球|三振|暴投|ボーク|失点|自責点|防御率,1956|阪　急|68|28|17||||20|5|2|.622|1478|364 .1|364|.1|284|13|118|12|327|5|0|110|91|2.24,_data\master_csv__rescrape_staging\pitching_1956_PL_from_master.csv,5
CSV_ER,ER,0,0,index_9,9,0,1956,91793809,梶本　隆夫,,1956|阪　急|72|153|139|8|34|1|1|0|37|20|0|0|7|1|5|1|23|1|.245|.266|,_data\master_csv__rescrape_staging\pitching_1956_PL_from_master.csv,5
CSV_ER,ER,0,0,index_12,12,0,1956,91793809,梶本　隆夫,,1956|阪　急|72|153|139|8|34|1|1|0|37|20|0|0|7|1|5|1|23|1|.245|.266|,_data\master_csv__rescrape_staging\pitching_1956_PL_from_master.csv,5
CSV_ER,ER,0,0,index_13,13,0,1956,91793809,梶本　隆夫,,1956|阪　急|72|153|139|8|34|1|1|0|37|20|0|0|7|1|5|1|23|1|.245|.266|,_data\master_csv__rescrape_staging\pitching_1956_PL_from_master.csv,5
CSV_ERA,ERA,110.0,110,防御率,23,110,1956,91793809,梶本　隆夫,年度|所属球団|登板|勝利|敗北|セーブ|H|HP|完投|完封勝|無四球|勝率|打者|投球回|安打|本塁打|四球|死球|三振|暴投|ボーク|失点|自責点|防御率,1956|阪　急|68|28|17||||20|5|2|.622|1478|364 .1|364|.1|284|13|118|12|327|5|0|110|91|2.24,_data\master_csv__rescrape_staging\pitching_1956_PL_from_master.csv,5
CSV_ER,ER,0,0,無四球,10,0,1956,01603801,柴田　英治,年度|所属球団|登板|勝利|敗北|セーブ|H|HP|完投|完封勝|無四球|勝率|打者|投球回|安打|本塁打|四球|死球|三振|暴投|ボーク|失点|自責点|防御率,1956|阪　急|44|12|8||||2|2|0|.600|768|192 .2|192|.2|177|8|31|4|77|0|0|67|54|2.52,_data\master_csv__rescrape_staging\pitching_1956_PL_from_master.csv,8
CSV_ER,ER,0,0,失点,21,0,1956,01603801,柴田　英治,年度|所属球団|登板|勝利|敗北|セーブ|H|HP|完投|完封勝|無四球|勝率|打者|投球回|安打|本塁打|四球|死球|三振|暴投|ボーク|失点|自責点|防御率,1956|阪　急|44|12|8||||2|2|0|.600|768|192 .2|192|.2|177|8|31|4|77|0|0|67|54|2.52,_data\master_csv__rescrape_staging\pitching_1956_PL_from_master.csv,8
CSV_ER,ER,0,0,自責点,22,0,1956,01603801,柴田　英治,年度|所属球団|登板|勝利|敗北|セーブ|H|HP|完投|完封勝|無四球|勝率|打者|投球回|安打|本塁打|四球|死球|三振|暴投|ボーク|失点|自責点|防御率,1956|阪　急|44|12|8||||2|2|0|.600|768|192 .2|192|.2|177|8|31|4|77|0|0|67|54|2.52,_data\master_csv__rescrape_staging\pitching_1956_PL_from_master.csv,8
CSV_ER,ER,0,0,index_8,8,0,1956,01603801,柴田　英治,,1956|阪　急|44|65|56|3|9|2|0|0|11|4|0|0|7|0|2|0|4|0|.161|.196|,_data\master_csv__rescrape_staging\pitching_1956_PL_from_master.csv,8
CSV_ER,ER,0,0,index_9,9,0,1956,01603801,柴田　英治,,1956|阪　急|44|65|56|3|9|2|0|0|11|4|0|0|7|0|2|0|4|0|.161|.196|,_data\master_csv__rescrape_staging\pitching_1956_PL_from_master.csv,8
CSV_ER,ER,0,0,index_12,12,0,1956,01603801,柴田　英治,,1956|阪　急|44|65|56|3|9|2|0|0|11|4|0|0|7|0|2|0|4|0|.161|.196|,_data\master_csv__rescrape_staging\pitching_1956_PL_from_master.csv,8
CSV_ER,ER,0,0,index_13,13,0,1956,01603801,柴田　英治,,1956|阪　急|44|65|56|3|9|2|0|0|11|4|0|0|7|0|2|0|4|0|.161|.196|,_data\master_csv__rescrape_staging\pitching_1956_PL_from_master.csv,8
CSV_ER,ER,0,0,index_15,15,0,1956,01603801,柴田　英治,,1956|阪　急|44|65|56|3|9|2|0|0|11|4|0|0|7|0|2|0|4|0|.161|.196|,_data\master_csv__rescrape_staging\pitching_1956_PL_from_master.csv,8
CSV_ER,ER,0,0,index_17,17,0,1956,01603801,柴田　英治,,1956|阪　急|44|65|56|3|9|2|0|0|11|4|0|0|7|0|2|0|4|0|.161|.196|,_data\master_csv__rescrape_staging\pitching_1956_PL_from_master.csv,8
CSV_ER,ER,0,0,index_19,19,0,1956,01603801,柴田　英治,,1956|阪　急|44|65|56|3|9|2|0|0|11|4|0|0|7|0|2|0|4|0|.161|.196|,_data\master_csv__rescrape_staging\pitching_1956_PL_from_master.csv,8
CSV_ERA,ERA,67.0,67,防御率,23,67,1956,01603801,柴田　英治,年度|所属球団|登板|勝利|敗北|セーブ|H|HP|完投|完封勝|無四球|勝率|打者|投球回|安打|本塁打|四球|死球|三振|暴投|ボーク|失点|自責点|防御率,1956|阪　急|44|12|8||||2|2|0|.600|768|192 .2|192|.2|177|8|31|4|77|0|0|67|54|2.52,_data\master_csv__rescrape_staging\pitching_1956_PL_from_master.csv,8
CSV_ER,ER,1,1,自責点,22,1,1956,61563803,種田　弘,年度|所属球団|登板|勝利|敗北|セーブ|H|HP|完投|完封勝|無四球|勝率|打者|投球回|安打|本塁打|四球|死球|三振|暴投|ボーク|失点|自責点|防御率,1956|阪　急|41|17|8||||10|4|5|.680|941|242 .2|242|.2|178|7|35|4|95|0|1|60|42|1.56,_data\master_csv__rescrape_staging\pitching_1956_PL_from_master.csv,10
CSV_ERA,ERA,60.0,60,防御率,23,60,1956,61563803,種田　弘,年度|所属球団|登板|勝利|敗北|セーブ|H|HP|完投|完封勝|無四球|勝率|打者|投球回|安打|本塁打|四球|死球|三振|暴投|ボーク|失点|自責点|防御率,1956|阪　急|41|17|8||||10|4|5|.680|941|242 .2|242|.2|178|7|35|4|95|0|1|60|42|1.56,_data\master_csv__rescrape_staging\pitching_1956_PL_from_master.csv,10
CSV_ER,ER,0,0,完封勝,9,0,1956,63963801,原田　孝一,年度|所属球団|登板|勝利|敗北|セーブ|H|HP|完投|完封勝|無四球|勝率|打者|投球回|安打|本塁打|四球|死球|三振|暴投|ボーク|失点|自責点|防御率,1956|阪　急|27|5|3||||2|0|0|.625|375|86 .2|86|.2|88|3|27|1|35|1|0|41|32|3.31,_data\master_csv__rescrape_staging\pitching_1956_PL_from_master.csv,11
CSV_ER,ER,0,0,無四球,10,0,1956,63963801,原田　孝一,年度|所属球団|登板|勝利|敗北|セーブ|H|HP|完投|完封勝|無四球|勝率|打者|投球回|安打|本塁打|四球|死球|三振|暴投|ボーク|失点|自責点|防御率,1956|阪　急|27|5|3||||2|0|0|.625|375|86 .2|86|.2|88|3|27|1|35|1|0|41|32|3.31,_data\master_csv__rescrape_staging\pitching_1956_PL_from_master.csv,11
CSV_ER,ER,0,0,自責点,22,0,1956,63963801,原田　孝一,年度|所属球団|登板|勝利|敗北|セーブ|H|HP|完投|完封勝|無四球|勝率|打者|投球回|安打|本塁打|四球|死球|三振|暴投|ボーク|失点|自責点|防御率,1956|阪　急|27|5|3||||2|0|0|.625|375|86 .2|86|.2|88|3|27|1|35|1|0|41|32|3.31,_data\master_csv__rescrape_staging\pitching_1956_PL_from_master.csv,11
CSV_ER,ER,0,0,index_5,5,0,1956,63963801,原田　孝一,,1956|阪　急|27|31|28|0|5|1|0|0|6|0|0|0|2|0|1|0|5|0|.179|.214|,_data\master_csv__rescrape_staging\pitching_1956_PL_from_master.csv,11
CSV_ER,ER,0,0,index_8,8,0,1956,63963801,原田　孝一,,1956|阪　急|27|31|28|0|5|1|0|0|6|0|0|0|2|0|1|0|5|0|.179|.214|,_data\master_csv__rescrape_staging\pitching_1956_PL_from_master.csv,11
CSV_ER,ER,0,0,index_9,9,0,1956,63963801,原田　孝一,,1956|阪　急|27|31|28|0|5|1|0|0|6|0|0|0|2|0|1|0|5|0|.179|.214|,_data\master_csv__rescrape_staging\pitching_1956_PL_from_master.csv,11
CSV_ER,ER,0,0,index_11,11,0,1956,63963801,原田　孝一,,1956|阪　急|27|31|28|0|5|1|0|0|6|0|0|0|2|0|1|0|5|0|.179|.214|,_data\master_csv__rescrape_staging\pitching_1956_PL_from_master.csv,11
CSV_ER,ER,0,0,index_12,12,0,1956,63963801,原田　孝一,,1956|阪　急|27|31|28|0|5|1|0|0|6|0|0|0|2|0|1|0|5|0|.179|.214|,_data\master_csv__rescrape_staging\pitching_1956_PL_from_master.csv,11
CSV_ER,ER,0,0,index_13,13,0,1956,63963801,原田　孝一,,1956|阪　急|27|31|28|0|5|1|0|0|6|0|0|0|2|0|1|0|5|0|.179|.214|,_data\master_csv__rescrape_staging\pitching_1956_PL_from_master.csv,11
CSV_ER,ER,0,0,index_15,15,0,1956,63963801,原田　孝一,,1956|阪　急|27|31|28|0|5|1|0|0|6|0|0|0|2|0|1|0|5|0|.179|.214|,_data\master_csv__rescrape_staging\pitching_1956_PL_from_master.csv,11
CSV_ER,ER,0,0,index_17,17,0,1956,63963801,原田　孝一,,1956|阪　急|27|31|28|0|5|1|0|0|6|0|0|0|2|0|1|0|5|0|.179|.214|,_data\master_csv__rescrape_staging\pitching_1956_PL_from_master.csv,11
CSV_ER,ER,0,0,index_19,19,0,1956,63963801,原田　孝一,,1956|阪　急|27|31|28|0|5|1|0|0|6|0|0|0|2|0|1|0|5|0|.179|.214|,_data\master_csv__rescrape_staging\pitching_1956_PL_from_master.csv,11
CSV_ERA,ERA,41.0,41,防御率,23,41,1956,63963801,原田　孝一,年度|所属球団|登板|勝利|敗北|セーブ|H|HP|完投|完封勝|無四球|勝率|打者|投球回|安打|本塁打|四球|死球|三振|暴投|ボーク|失点|自責点|防御率,1956|阪　急|27|5|3||||2|0|0|.625|375|86 .2|86|.2|88|3|27|1|35|1|0|41|32|3.31,_data\master_csv__rescrape_staging\pitching_1956_PL_from_master.csv,11
CSV_IP,IP,81.0,81,投球回,13,81,1957,41743801,大友　工,年度|所属球団|登板|勝利|敗北|セーブ|H|HP|完投|完封勝|無四球|勝率|打者|投球回|安打|本塁打|四球|死球|三振|暴投|ボーク|失点|自責点|防御率,1957|読　売|21|5|4||||3|2|2|.556|327|81|81||78|10|13|3|46|0|0|39|35|3.89,_data\master_csv__rescrape_staging\pitching_1957_CL_from_master.csv,2
CSV_IP,IP,81.0,81,安打,14,81,1957,41743801,大友　工,年度|所属球団|登板|勝利|敗北|セーブ|H|HP|完投|完封勝|無四球|勝率|打者|投球回|安打|本塁打|四球|死球|三振|暴投|ボーク|失点|自責点|防御率,1957|読　売|21|5|4||||3|2|2|.556|327|81|81||78|10|13|3|46|0|0|39|35|3.89,_data\master_csv__rescrape_staging\pitching_1957_CL_from_master.csv,2
CSV_ER,ER,0,0,失点,21,0,1957,41743801,大友　工,年度|所属球団|登板|勝利|敗北|セーブ|H|HP|完投|完封勝|無四球|勝率|打者|投球回|安打|本塁打|四球|死球|三振|暴投|ボーク|失点|自責点|防御率,1957|読　売|21|5|4||||3|2|2|.556|327|81|81||78|10|13|3|46|0|0|39|35|3.89,_data\master_csv__rescrape_staging\pitching_1957_CL_from_master.csv,2
CSV_ER,ER,0,0,自責点,22,0,1957,41743801,大友　工,年度|所属球団|登板|勝利|敗北|セーブ|H|HP|完投|完封勝|無四球|勝率|打者|投球回|安打|本塁打|四球|死球|三振|暴投|ボーク|失点|自責点|防御率,1957|読　売|21|5|4||||3|2|2|.556|327|81|81||78|10|13|3|46|0|0|39|35|3.89,_data\master_csv__rescrape_staging\pitching_1957_CL_from_master.csv,2
CSV_ER,ER,0,0,index_7,7,0,1957,41743801,大友　工,,1957|読　売|21|25|24|1|5|0|0|1|8|3|0|0|1|0|0|0|4|2|.208|.333|,_data\master_csv__rescrape_staging\pitching_1957_CL_from_master.csv,2
CSV_ER,ER,0,0,index_8,8,0,1957,41743801,大友　工,,1957|読　売|21|25|24|1|5|0|0|1|8|3|0|0|1|0|0|0|4|2|.208|.333|,_data\master_csv__rescrape_staging\pitching_1957_CL_from_master.csv,2
CSV_ER,ER,0,0,index_12,12,0,1957,41743801,大友　工,,1957|読　売|21|25|24|1|5|0|0|1|8|3|0|0|1|0|0|0|4|2|.208|.333|,_data\master_csv__rescrape_staging\pitching_1957_CL_from_master.csv,2
CSV_ER,ER,0,0,index_13,13,0,1957,41743801,大友　工,,1957|読　売|21|25|24|1|5|0|0|1|8|3|0|0|1|0|0|0|4|2|.208|.333|,_data\master_csv__rescrape_staging\pitching_1957_CL_from_master.csv,2
CSV_ER,ER,0,0,index_15,15,0,1957,41743801,大友　工,,1957|読　売|21|25|24|1|5|0|0|1|8|3|0|0|1|0|0|0|4|2|.208|.333|,_data\master_csv__rescrape_staging\pitching_1957_CL_from_master.csv,2
CSV_ER,ER,0,0,index_16,16,0,1957,41743801,大友　工,,1957|読　売|21|25|24|1|5|0|0|1|8|3|0|0|1|0|0|0|4|2|.208|.333|,_data\master_csv__rescrape_staging\pitching_1957_CL_from_master.csv,2
CSV_ER,ER,0,0,index_17,17,0,1957,41743801,大友　工,,1957|読　売|21|25|24|1|5|0|0|1|8|3|0|0|1|0|0|0|4|2|.208|.333|,_data\master_csv__rescrape_staging\pitching_1957_CL_from_master.csv,2
CSV_ERA,ERA,39.0,39,防御率,23,39,1957,41743801,大友　工,年度|所属球団|登板|勝利|敗北|セーブ|H|HP|完投|完封勝|無四球|勝率|打者|投球回|安打|本塁打|四球|死球|三振|暴投|ボーク|失点|自責点|防御率,1957|読　売|21|5|4||||3|2|2|.556|327|81|81||78|10|13|3|46|0|0|39|35|3.89,_data\master_csv__rescrape_staging\pitching_1957_CL_from_master.csv,2
CSV_IP,IP,202.0,202,投球回,13,202,1957,51753802,木戸　美摸,年度|所属球団|登板|勝利|敗北|セーブ|H|HP|完投|完封勝|無四球|勝率|打者|投球回|安打|本塁打|四球|死球|三振|暴投|ボーク|失点|自責点|防御率,1957|読　売|44|17|7||||5|0|0|.708|808|202|202||155|16|50|6|134|3|0|71|53|2.36,_data\master_csv__rescrape_staging\pitching_1957_CL_from_master.csv,3
CSV_IP,IP,202.0,202,安打,14,202,1957,51753802,木戸　美摸,年度|所属球団|登板|勝利|敗北|セーブ|H|HP|完投|完封勝|無四球|勝率|打者|投球回|安打|本塁打|四球|死球|三振|暴投|ボーク|失点|自責点|防御率,1957|読　売|44|17|7||||5|0|0|.708|808|202|202||155|16|50|6|134|3|0|71|53|2.36,_data\master_csv__rescrape_staging\pitching_1957_CL_from_master.csv,3
CSV_ER,ER,0,0,完封勝,9,0,1957,51753802,木戸　美摸,年度|所属球団|登板|勝利|敗北|セーブ|H|HP|完投|完封勝|無四球|勝率|打者|投球回|安打|本塁打|四球|死球|三振|暴投|ボーク|失点|自責点|防御率,1957|読　売|44|17|7||||5|0|0|.708|808|202|202||155|16|50|6|134|3|0|71|53|2.36,_data\master_csv__rescrape_staging\pitching_1957_CL_from_master.csv,3
CSV_ER,ER,0,0,無四球,10,0,1957,51753802,木戸　美摸,年度|所属球団|登板|勝利|敗北|セーブ|H|HP|完投|完封勝|無四球|勝率|打者|投球回|安打|本塁打|四球|死球|三振|暴投|ボーク|失点|自責点|防御率,1957|読　売|44|17|7||||5|0|0|.708|808|202|202||155|16|50|6|134|3|0|71|53|2.36,_data\master_csv__rescrape_staging\pitching_1957_CL_from_master.csv,3
CSV_ER,ER,0,0,自責点,22,0,1957,51753802,木戸　美摸,年度|所属球団|登板|勝利|敗北|セーブ|H|HP|完投|完封勝|無四球|勝率|打者|投球回|安打|本塁打|四球|死球|三振|暴投|ボーク|失点|自責点|防御率,1957|読　売|44|17|7||||5|0|0|.708|808|202|202||155|16|50|6|134|3|0|71|53|2.36,_data\master_csv__rescrape_staging\pitching_1957_CL_from_master.csv,3
CSV_ER,ER,0,0,index_9,9,0,1957,51753802,木戸　美摸,,1957|読　売|44|72|66|3|15|2|1|0|19|3|0|0|4|0|2|0|14|0|.227|.288|,_data\master_csv__rescrape_staging\pitching_1957_CL_from_master.csv,3
CSV_ER,ER,0,0,index_12,12,0,1957,51753802,木戸　美摸,,1957|読　売|44|72|66|3|15|2|1|0|19|3|0|0|4|0|2|0|14|0|.227|.288|,_data\master_csv__rescrape_staging\pitching_1957_CL_from_master.csv,3
CSV_ER,ER,0,0,index_13,13,0,1957,51753802,木戸　美摸,,1957|読　売|44|72|66|3|15|2|1|0|19|3|0|0|4|0|2|0|14|0|.227|.288|,_data\master_csv__rescrape_staging\pitching_1957_CL_from_master.csv,3
CSV_ER,ER,0,0,index_15,15,0,1957,51753802,木戸　美摸,,1957|読　売|44|72|66|3|15|2|1|0|19|3|0|0|4|0|2|0|14|0|.227|.288|,_data\master_csv__rescrape_staging\pitching_1957_CL_from_master.csv,3
CSV_ER,ER,0,0,index_17,17,0,1957,51753802,木戸　美摸,,1957|読　売|44|72|66|3|15|2|1|0|19|3|0|0|4|0|2|0|14|0|.227|.288|,_data\master_csv__rescrape_staging\pitching_1957_CL_from_master.csv,3
CSV_ER,ER,0,0,index_19,19,0,1957,51753802,木戸　美摸,,1957|読　売|44|72|66|3|15|2|1|0|19|3|0|0|4|0|2|0|14|0|.227|.288|,_data\master_csv__rescrape_staging\pitching_1957_CL_from_master.csv,3
CSV_ERA,ERA,71.0,71,防御率,23,71,1957,51753802,木戸　美摸,年度|所属球団|登板|勝利|敗北|セーブ|H|HP|完投|完封勝|無四球|勝率|打者|投球回|安打|本塁打|四球|死球|三振|暴投|ボーク|失点|自責点|防御率,1957|読　売|44|17|7||||5|0|0|.708|808|202|202||155|16|50|6|134|3|0|71|53|2.36,_data\master_csv__rescrape_staging\pitching_1957_CL_from_master.csv,3
CSV_ER,ER,1,1,完投,8,1,1957,51053800,後藤　修,年度|所属球団|登板|勝利|敗北|セーブ|H|HP|完投|完封勝|無四球|勝率|打者|投球回|安打|本塁打|四球|死球|三振|暴投|ボーク|失点|自責点|防御率,1957|読　売|26|2|3||||1|0|0|.400|329|80 .1|80|.1|67|12|27|2|61|0|1|29|27|3.00,_data\master_csv__rescrape_staging\pitching_1957_CL_from_master.csv,4
CSV_ER,ER,1,1,自責点,22,1,1957,51053800,後藤　修,年度|所属球団|登板|勝利|敗北|セーブ|H|HP|完投|完封勝|無四球|勝率|打者|投球回|安打|本塁打|四球|死球|三振|暴投|ボーク|失点|自責点|防御率,1957|読　売|26|2|3||||1|0|0|.400|329|80 .1|80|.1|67|12|27|2|61|0|1|29|27|3.00,_data\master_csv__rescrape_staging\pitching_1957_CL_from_master.csv,4
CSV_ER,ER,1,1,index_8,8,1,1957,51053800,後藤　修,,1957|読　売|26|23|19|0|3|0|1|0|5|1|0|0|4|0|0|0|7|0|.158|.263|,_data\master_csv__rescrape_staging\pitching_1957_CL_from_master.csv,4
CSV_ER,ER,1,1,index_11,11,1,1957,51053800,後藤　修,,1957|読　売|26|23|19|0|3|0|1|0|5|1|0|0|4|0|0|0|7|0|.158|.263|,_data\master_csv__rescrape_staging\pitching_1957_CL_from_master.csv,4
CSV_ERA,ERA,29.0,29,防御率,23,29,1957,51053800,後藤　修,年度|所属球団|登板|勝利|敗北|セーブ|H|HP|完投|完封勝|無四球|勝率|打者|投球回|安打|本塁打|四球|死球|三振|暴投|ボーク|失点|自責点|防御率,1957|読　売|26|2|3||||1|0|0|.400|329|80 .1|80|.1|67|12|27|2|61|0|1|29|27|3.00,_data\master_csv__rescrape_staging\pitching_1957_CL_from_master.csv,4
CSV_ER,ER,0,0,完封勝,9,0,1957,41243804,藤田　元司,年度|所属球団|登板|勝利|敗北|セーブ|H|HP|完投|完封勝|無四球|勝率|打者|投球回|安打|本塁打|四球|死球|三振|暴投|ボーク|失点|自責点|防御率,1957|読　売|60|17|13||||4|0|0|.567|964|235 .2|235|.2|190|10|80|5|156|7|0|86|65|2.48,_data\master_csv__rescrape_staging\pitching_1957_CL_from_master.csv,10
CSV_ER,ER,0,0,無四球,10,0,1957,41243804,藤田　元司,年度|所属球団|登板|勝利|敗北|セーブ|H|HP|完投|完封勝|無四球|勝率|打者|投球回|安打|本塁打|四球|死球|三振|暴投|ボーク|失点|自責点|防御率,1957|読　売|60|17|13||||4|0|0|.567|964|235 .2|235|.2|190|10|80|5|156|7|0|86|65|2.48,_data\master_csv__rescrape_staging\pitching_1957_CL_from_master.csv,10
CSV_ER,ER,0,0,自責点,22,0,1957,41243804,藤田　元司,年度|所属球団|登板|勝利|敗北|セーブ|H|HP|完投|完封勝|無四球|勝率|打者|投球回|安打|本塁打|四球|死球|三振|暴投|ボーク|失点|自責点|防御率,1957|読　売|60|17|13||||4|0|0|.567|964|235 .2|235|.2|190|10|80|5|156|7|0|86|65|2.48,_data\master_csv__rescrape_staging\pitching_1957_CL_from_master.csv,10
CSV_ER,ER,0,0,index_7,7,0,1957,41243804,藤田　元司,,1957|読　売|60|81|77|4|10|0|0|0|10|5|0|0|3|0|1|0|40|0|.130|.130|,_data\master_csv__rescrape_staging\pitching_1957_CL_from_master.csv,10
CSV_ER,ER,0,0,index_8,8,0,1957,41243804,藤田　元司,,1957|読　売|60|81|77|4|10|0|0|0|10|5|0|0|3|0|1|0|40|0|.130|.130|,_data\master_csv__rescrape_staging\pitching_1957_CL_from_master.csv,10
CSV_ER,ER,0,0,index_9,9,0,1957,41243804,藤田　元司,,1957|読　売|60|81|77|4|10|0|0|0|10|5|0|0|3|0|1|0|40|0|.130|.130|,_data\master_csv__rescrape_staging\pitching_1957_CL_from_master.csv,10
CSV_ER,ER,0,0,index_12,12,0,1957,41243804,藤田　元司,,1957|読　売|60|81|77|4|10|0|0|0|10|5|0|0|3|0|1|0|40|0|.130|.130|,_data\master_csv__rescrape_staging\pitching_1957_CL_from_master.csv,10
CSV_ER,ER,0,0,index_13,13,0,1957,41243804,藤田　元司,,1957|読　売|60|81|77|4|10|0|0|0|10|5|0|0|3|0|1|0|40|0|.130|.130|,_data\master_csv__rescrape_staging\pitching_1957_CL_from_master.csv,10
CSV_ER,ER,0,0,index_15,15,0,1957,41243804,藤田　元司,,1957|読　売|60|81|77|4|10|0|0|0|10|5|0|0|3|0|1|0|40|0|.130|.130|,_data\master_csv__rescrape_staging\pitching_1957_CL_from_master.csv,10
CSV_ER,ER,0,0,index_17,17,0,1957,41243804,藤田　元司,,1957|読　売|60|81|77|4|10|0|0|0|10|5|0|0|3|0|1|0|40|0|.130|.130|,_data\master_csv__rescrape_staging\pitching_1957_CL_from_master.csv,10
CSV_ER,ER,0,0,index_19,19,0,1957,41243804,藤田　元司,,1957|読　売|60|81|77|4|10|0|0|0|10|5|0|0|3|0|1|0|40|0|.130|.130|,_data\master_csv__rescrape_staging\pitching_1957_CL_from_master.csv,10
CSV_ERA,ERA,86.0,86,防御率,23,86,1957,41243804,藤田　元司,年度|所属球団|登板|勝利|敗北|セーブ|H|HP|完投|完封勝|無四球|勝率|打者|投球回|安打|本塁打|四球|死球|三振|暴投|ボーク|失点|自責点|防御率,1957|読　売|60|17|13||||4|0|0|.567|964|235 .2|235|.2|190|10|80|5|156|7|0|86|65|2.48,_data\master_csv__rescrape_staging\pitching_1957_CL_from_master.csv,10
CSV_ER,ER,0,0,自責点,22,0,1957,31933895,別所　毅彦,年度|所属球団|登板|勝利|敗北|セーブ|H|HP|完投|完封勝|無四球|勝率|打者|投球回|安打|本塁打|四球|死球|三振|暴投|ボーク|失点|自責点|防御率,1957|読　売|40|14|11||||13|4|3|.560|885|219 .2|219|.2|205|9|45|8|100|5|0|81|61|2.50,_data\master_csv__rescrape_staging\pitching_1957_CL_from_master.csv,11
CSV_ER,ER,0,0,index_8,8,0,1957,31933895,別所　毅彦,,1957|読　売|41|85|77|9|17|4|0|1|24|5|0|0|5|0|3|0|20|1|.221|.312|,_data\master_csv__rescrape_staging\pitching_1957_CL_from_master.csv,11
CSV_ER,ER,0,0,index_12,12,0,1957,31933895,別所　毅彦,,1957|読　売|41|85|77|9|17|4|0|1|24|5|0|0|5|0|3|0|20|1|.221|.312|,_data\master_csv__rescrape_staging\pitching_1957_CL_from_master.csv,11
CSV_ER,ER,0,0,index_13,13,0,1957,31933895,別所　毅彦,,1957|読　売|41|85|77|9|17|4|0|1|24|5|0|0|5|0|3|0|20|1|.221|.312|,_data\master_csv__rescrape_staging\pitching_1957_CL_from_master.csv,11
CSV_ER,ER,0,0,index_15,15,0,1957,31933895,別所　毅彦,,1957|読　売|41|85|77|9|17|4|0|1|24|5|0|0|5|0|3|0|20|1|.221|.312|,_data\master_csv__rescrape_staging\pitching_1957_CL_from_master.csv,11
CSV_ER,ER,0,0,index_17,17,0,1957,31933895,別所　毅彦,,1957|読　売|41|85|77|9|17|4|0|1|24|5|0|0|5|0|3|0|20|1|.221|.312|,_data\master_csv__rescrape_staging\pitching_1957_CL_from_master.csv,11
CSV_ERA,ERA,81.0,81,防御率,23,81,1957,31933895,別所　毅彦,年度|所属球団|登板|勝利|敗北|セーブ|H|HP|完投|完封勝|無四球|勝率|打者|投球回|安打|本塁打|四球|死球|三振|暴投|ボーク|失点|自責点|防御率,1957|読　売|40|14|11||||13|4|3|.560|885|219 .2|219|.2|205|9|45|8|100|5|0|81|61|2.50,_data\master_csv__rescrape_staging\pitching_1957_CL_from_master.csv,11
CSV_ER,ER,0,0,暴投,19,0,1957,31133898,阿部　八郎,年度|所属球団|登板|勝利|敗北|セーブ|H|HP|完投|完封勝|無四球|勝率|打者|投球回|安打|本塁打|四球|死球|三振|暴投|ボーク|失点|自責点|防御率,1957|阪　急|28|6|8||||7|4|2|.429|508|122 .2|122|.2|121|4|30|0|61|1|0|46|42|3.07,_data\master_csv__rescrape_staging\pitching_1957_PL_from_master.csv,2
CSV_ER,ER,0,0,自責点,22,0,1957,31133898,阿部　八郎,年度|所属球団|登板|勝利|敗北|セーブ|H|HP|完投|完封勝|無四球|勝率|打者|投球回|安打|本塁打|四球|死球|三振|暴投|ボーク|失点|自責点|防御率,1957|阪　急|28|6|8||||7|4|2|.429|508|122 .2|122|.2|121|4|30|0|61|1|0|46|42|3.07,_data\master_csv__rescrape_staging\pitching_1957_PL_from_master.csv,2
CSV_ER,ER,0,0,index_8,8,0,1957,31133898,阿部　八郎,,1957|阪　急|28|40|39|3|11|2|0|0|13|3|0|0|1|0|0|0|6|0|.282|.333|,_data\master_csv__rescrape_staging\pitching_1957_PL_from_master.csv,2
CSV_ER,ER,0,0,index_9,9,0,1957,31133898,阿部　八郎,,1957|阪　急|28|40|39|3|11|2|0|0|13|3|0|0|1|0|0|0|6|0|.282|.333|,_data\master_csv__rescrape_staging\pitching_1957_PL_from_master.csv,2
CSV_ER,ER,0,0,index_12,12,0,1957,31133898,阿部　八郎,,1957|阪　急|28|40|39|3|11|2|0|0|13|3|0|0|1|0|0|0|6|0|.282|.333|,_data\master_csv__rescrape_staging\pitching_1957_PL_from_master.csv,2
CSV_ER,ER,0,0,index_13,13,0,1957,31133898,阿部　八郎,,1957|阪　急|28|40|39|3|11|2|0|0|13|3|0|0|1|0|0|0|6|0|.282|.333|,_data\master_csv__rescrape_staging\pitching_1957_PL_from_master.csv,2
CSV_ER,ER,0,0,index_15,15,0,1957,31133898,阿部　八郎,,1957|阪　急|28|40|39|3|11|2|0|0|13|3|0|0|1|0|0|0|6|0|.282|.333|,_data\master_csv__rescrape_staging\pitching_1957_PL_from_master.csv,2
CSV_ER,ER,0,0,index_16,16,0,1957,31133898,阿部　八郎,,1957|阪　急|28|40|39|3|11|2|0|0|13|3|0|0|1|0|0|0|6|0|.282|.333|,_data\master_csv__rescrape_staging\pitching_1957_PL_from_master.csv,2
CSV_ER,ER,0,0,index_17,17,0,1957,31133898,阿部　八郎,,1957|阪　急|28|40|39|3|11|2|0|0|13|3|0|0|1|0|0|0|6|0|.282|.333|,_data\master_csv__rescrape_staging\pitching_1957_PL_from_master.csv,2
CSV_ER,ER,0,0,index_19,19,0,1957,31133898,阿部　八郎,,1957|阪　急|28|40|39|3|11|2|0|0|13|3|0|0|1|0|0|0|6|0|.282|.333|,_data\master_csv__rescrape_staging\pitching_1957_PL_from_master.csv,2
CSV_ERA,ERA,46.0,46,防御率,23,46,1957,31133898,阿部　八郎,年度|所属球団|登板|勝利|敗北|セーブ|H|HP|完投|完封勝|無四球|勝率|打者|投球回|安打|本塁打|四球|死球|三振|暴投|ボーク|失点|自責点|防御率,1957|阪　急|28|6|8||||7|4|2|.429|508|122 .2|122|.2|121|4|30|0|61|1|0|46|42|3.07,_data\master_csv__rescrape_staging\pitching_1957_PL_from_master.csv,2
CSV_IP,IP,57.0,57,投球回,13,57,1957,91193802,秋本　祐作,年度|所属球団|登板|勝利|敗北|セーブ|H|HP|完投|完封勝|無四球|勝率|打者|投球回|安打|本塁打|四球|死球|三振|暴投|ボーク|失点|自責点|防御率,1957|阪　急|22|2|2||||0|0|0|.500|234|57|57||49|3|20|3|39|0|0|30|25|3.95,_data\master_csv__rescrape_staging\pitching_1957_PL_from_master.csv,3
CSV_IP,IP,57.0,57,安打,14,57,1957,91193802,秋本　祐作,年度|所属球団|登板|勝利|敗北|セーブ|H|HP|完投|完封勝|無四球|勝率|打者|投球回|安打|本塁打|四球|死球|三振|暴投|ボーク|失点|自責点|防御率,1957|阪　急|22|2|2||||0|0|0|.500|234|57|57||49|3|20|3|39|0|0|30|25|3.95,_data\master_csv__rescrape_staging\pitching_1957_PL_from_master.csv,3
CSV_ER,ER,0,0,完投,8,0,1957,91193802,秋本　祐作,年度|所属球団|登板|勝利|敗北|セーブ|H|HP|完投|完封勝|無四球|勝率|打者|投球回|安打|本塁打|四球|死球|三振|暴投|ボーク|失点|自責点|防御率,1957|阪　急|22|2|2||||0|0|0|.500|234|57|57||49|3|20|3|39|0|0|30|25|3.95,_data\master_csv__rescrape_staging\pitching_1957_PL_from_master.csv,3
CSV_ER,ER,0,0,完封勝,9,0,1957,91193802,秋本　祐作,年度|所属球団|登板|勝利|敗北|セーブ|H|HP|完投|完封勝|無四球|勝率|打者|投球回|安打|本塁打|四球|死球|三振|暴投|ボーク|失点|自責点|防御率,1957|阪　急|22|2|2||||0|0|0|.500|234|57|57||49|3|20|3|39|0|0|30|25|3.95,_data\master_csv__rescrape_staging\pitching_1957_PL_from_master.csv,3
CSV_ER,ER,0,0,無四球,10,0,1957,91193802,秋本　祐作,年度|所属球団|登板|勝利|敗北|セーブ|H|HP|完投|完封勝|無四球|勝率|打者|投球回|安打|本塁打|四球|死球|三振|暴投|ボーク|失点|自責点|防御率,1957|阪　急|22|2|2||||0|0|0|.500|234|57|57||49|3|20|3|39|0|0|30|25|3.95,_data\master_csv__rescrape_staging\pitching_1957_PL_from_master.csv,3
CSV_ER,ER,0,0,失点,21,0,1957,91193802,秋本　祐作,年度|所属球団|登板|勝利|敗北|セーブ|H|HP|完投|完封勝|無四球|勝率|打者|投球回|安打|本塁打|四球|死球|三振|暴投|ボーク|失点|自責点|防御率,1957|阪　急|22|2|2||||0|0|0|.500|234|57|57||49|3|20|3|39|0|0|30|25|3.95,_data\master_csv__rescrape_staging\pitching_1957_PL_from_master.csv,3
CSV_ER,ER,0,0,自責点,22,0,1957,91193802,秋本　祐作,年度|所属球団|登板|勝利|敗北|セーブ|H|HP|完投|完封勝|無四球|勝率|打者|投球回|安打|本塁打|四球|死球|三振|暴投|ボーク|失点|自責点|防御率,1957|阪　急|22|2|2||||0|0|0|.500|234|57|57||49|3|20|3|39|0|0|30|25|3.95,_data\master_csv__rescrape_staging\pitching_1957_PL_from_master.csv,3
CSV_ER,ER,0,0,index_5,5,0,1957,91193802,秋本　祐作,,1957|阪　急|22|13|13|0|0|0|0|0|0|0|0|0|0|0|0|0|4|0|.000|.000|,_data\master_csv__rescrape_staging\pitching_1957_PL_from_master.csv,3
CSV_ER,ER,0,0,index_6,6,0,1957,91193802,秋本　祐作,,1957|阪　急|22|13|13|0|0|0|0|0|0|0|0|0|0|0|0|0|4|0|.000|.000|,_data\master_csv__rescrape_staging\pitching_1957_PL_from_master.csv,3
CSV_ER,ER,0,0,index_7,7,0,1957,91193802,秋本　祐作,,1957|阪　急|22|13|13|0|0|0|0|0|0|0|0|0|0|0|0|0|4|0|.000|.000|,_data\master_csv__rescrape_staging\pitching_1957_PL_from_master.csv,3
CSV_ER,ER,0,0,index_8,8,0,1957,91193802,秋本　祐作,,1957|阪　急|22|13|13|0|0|0|0|0|0|0|0|0|0|0|0|0|4|0|.000|.000|,_data\master_csv__rescrape_staging\pitching_1957_PL_from_master.csv,3
CSV_ER,ER,0,0,index_9,9,0,1957,91193802,秋本　祐作,,1957|阪　急|22|13|13|0|0|0|0|0|0|0|0|0|0|0|0|0|4|0|.000|.000|,_data\master_csv__rescrape_staging\pitching_1957_PL_from_master.csv,3
CSV_ER,ER,0,0,index_10,10,0,1957,91193802,秋本　祐作,,1957|阪　急|22|13|13|0|0|0|0|0|0|0|0|0|0|0|0|0|4|0|.000|.000|,_data\master_csv__rescrape_staging\pitching_1957_PL_from_master.csv,3
CSV_ER,ER,0,0,index_11,11,0,1957,91193802,秋本　祐作,,1957|阪　急|22|13|13|0|0|0|0|0|0|0|0|0|0|0|0|0|4|0|.000|.000|,_data\master_csv__rescrape_staging\pitching_1957_PL_from_master.csv,3
CSV_ER,ER,0,0,index_12,12,0,1957,91193802,秋本　祐作,,1957|阪　急|22|13|13|0|0|0|0|0|0|0|0|0|0|0|0|0|4|0|.000|.000|,_data\master_csv__rescrape_staging\pitching_1957_PL_from_master.csv,3
CSV_ER,ER,0,0,index_13,13,0,1957,91193802,秋本　祐作,,1957|阪　急|22|13|13|0|0|0|0|0|0|0|0|0|0|0|0|0|4|0|.000|.000|,_data\master_csv__rescrape_staging\pitching_1957_PL_from_master.csv,3
CSV_ER,ER,0,0,index_14,14,0,1957,91193802,秋本　祐作,,1957|阪　急|22|13|13|0|0|0|0|0|0|0|0|0|0|0|0|0|4|0|.000|.000|,_data\master_csv__rescrape_staging\pitching_1957_PL_from_master.csv,3
CSV_ER,ER,0,0,index_15,15,0,1957,91193802,秋本　祐作,,1957|阪　急|22|13|13|0|0|0|0|0|0|0|0|0|0|0|0|0|4|0|.000|.000|,_data\master_csv__rescrape_staging\pitching_1957_PL_from_master.csv,3
CSV_ER,ER,0,0,index_16,16,0,1957,91193802,秋本　祐作,,1957|阪　急|22|13|13|0|0|0|0|0|0|0|0|0|0|0|0|0|4|0|.000|.000|,_data\master_csv__rescrape_staging\pitching_1957_PL_from_master.csv,3
CSV_ER,ER,0,0,index_17,17,0,1957,91193802,秋本　祐作,,1957|阪　急|22|13|13|0|0|0|0|0|0|0|0|0|0|0|0|0|4|0|.000|.000|,_data\master_csv__rescrape_staging\pitching_1957_PL_from_master.csv,3
CSV_ER,ER,0,0,index_19,19,0,1957,91193802,秋本　祐作,,1957|阪　急|22|13|13|0|0|0|0|0|0|0|0|0|0|0|0|0|4|0|.000|.000|,_data\master_csv__rescrape_staging\pitching_1957_PL_from_master.csv,3
CSV_ER,ER,0,0,index_20,20,.000,1957,91193802,秋本　祐作,,1957|阪　急|22|13|13|0|0|0|0|0|0|0|0|0|0|0|0|0|4|0|.000|.000|,_data\master_csv__rescrape_staging\pitching_1957_PL_from_master.csv,3
CSV_ER,ER,0,0,index_21,21,.000,1957,91193802,秋本　祐作,,1957|阪　急|22|13|13|0|0|0|0|0|0|0|0|0|0|0|0|0|4|0|.000|.000|,_data\master_csv__rescrape_staging\pitching_1957_PL_from_master.csv,3
CSV_ERA,ERA,30.0,30,防御率,23,30,1957,91193802,秋本　祐作,年度|所属球団|登板|勝利|敗北|セーブ|H|HP|完投|完封勝|無四球|勝率|打者|投球回|安打|本塁打|四球|死球|三振|暴投|ボーク|失点|自責点|防御率,1957|阪　急|22|2|2||||0|0|0|.500|234|57|57||49|3|20|3|39|0|0|30|25|3.95,_data\master_csv__rescrape_staging\pitching_1957_PL_from_master.csv,3
CSV_ER,ER,0,0,自責点,22,0,1957,91793809,梶本　隆夫,年度|所属球団|登板|勝利|敗北|セーブ|H|HP|完投|完封勝|無四球|勝率|打者|投球回|安打|本塁打|四球|死球|三振|暴投|ボーク|失点|自責点|防御率,1957|阪　急|53|24|16||||26|7|4|.600|1328|337 .1|337|.1|259|13|92|4|301|5|0|95|72|1.92,_data\master_csv__rescrape_staging\pitching_1957_PL_from_master.csv,4
CSV_ER,ER,0,0,index_8,8,0,1957,91793809,梶本　隆夫,,1957|阪　急|53|125|119|5|22|2|0|1|27|5|0|1|1|1|3|1|24|3|.185|.227|,_data\master_csv__rescrape_staging\pitching_1957_PL_from_master.csv,4
CSV_ER,ER,0,0,index_12,12,0,1957,91793809,梶本　隆夫,,1957|阪　急|53|125|119|5|22|2|0|1|27|5|0|1|1|1|3|1|24|3|.185|.227|,_data\master_csv__rescrape_staging\pitching_1957_PL_from_master.csv,4
CSV_ERA,ERA,95.0,95,防御率,23,95,1957,91793809,梶本　隆夫,年度|所属球団|登板|勝利|敗北|セーブ|H|HP|完投|完封勝|無四球|勝率|打者|投球回|安打|本塁打|四球|死球|三振|暴投|ボーク|失点|自責点|防御率,1957|阪　急|53|24|16||||26|7|4|.600|1328|337 .1|337|.1|259|13|92|4|301|5|0|95|72|1.92,_data\master_csv__rescrape_staging\pitching_1957_PL_from_master.csv,4
CSV_ER,ER,0,0,完封勝,9,0,1957,01603801,柴田　英治,年度|所属球団|登板|勝利|敗北|セーブ|H|HP|完投|完封勝|無四球|勝率|打者|投球回|安打|本塁打|四球|死球|三振|暴投|ボーク|失点|自責点|防御率,1957|阪　急|37|4|4||||2|0|0|.500|465|112 .2|112|.2|108|5|25|1|47|2|0|47|41|3.27,_data\master_csv__rescrape_staging\pitching_1957_PL_from_master.csv,7
CSV_ER,ER,0,0,無四球,10,0,1957,01603801,柴田　英治,年度|所属球団|登板|勝利|敗北|セーブ|H|HP|完投|完封勝|無四球|勝率|打者|投球回|安打|本塁打|四球|死球|三振|暴投|ボーク|失点|自責点|防御率,1957|阪　急|37|4|4||||2|0|0|.500|465|112 .2|112|.2|108|5|25|1|47|2|0|47|41|3.27,_data\master_csv__rescrape_staging\pitching_1957_PL_from_master.csv,7
CSV_ER,ER,0,0,自責点,22,0,1957,01603801,柴田　英治,年度|所属球団|登板|勝利|敗北|セーブ|H|HP|完投|完封勝|無四球|勝率|打者|投球回|安打|本塁打|四球|死球|三振|暴投|ボーク|失点|自責点|防御率,1957|阪　急|37|4|4||||2|0|0|.500|465|112 .2|112|.2|108|5|25|1|47|2|0|47|41|3.27,_data\master_csv__rescrape_staging\pitching_1957_PL_from_master.csv,7
CSV_ER,ER,0,0,index_8,8,0,1957,01603801,柴田　英治,,1957|阪　急|37|29|28|1|2|1|0|0|3|0|0|0|1|0|0|0|4|0|.071|.107|,_data\master_csv__rescrape_staging\pitching_1957_PL_from_master.csv,7
CSV_ER,ER,0,0,index_9,9,0,1957,01603801,柴田　英治,,1957|阪　急|37|29|28|1|2|1|0|0|3|0|0|0|1|0|0|0|4|0|.071|.107|,_data\master_csv__rescrape_staging\pitching_1957_PL_from_master.csv,7
CSV_ER,ER,0,0,index_11,11,0,1957,01603801,柴田　英治,,1957|阪　急|37|29|28|1|2|1|0|0|3|0|0|0|1|0|0|0|4|0|.071|.107|,_data\master_csv__rescrape_staging\pitching_1957_PL_from_master.csv,7
CSV_ER,ER,0,0,index_12,12,0,1957,01603801,柴田　英治,,1957|阪　急|37|29|28|1|2|1|0|0|3|0|0|0|1|0|0|0|4|0|.071|.107|,_data\master_csv__rescrape_staging\pitching_1957_PL_from_master.csv,7
CSV_ER,ER,0,0,index_13,13,0,1957,01603801,柴田　英治,,1957|阪　急|37|29|28|1|2|1|0|0|3|0|0|0|1|0|0|0|4|0|.071|.107|,_data\master_csv__rescrape_staging\pitching_1957_PL_from_master.csv,7
CSV_ER,ER,0,0,index_15,15,0,1957,01603801,柴田　英治,,1957|阪　急|37|29|28|1|2|1|0|0|3|0|0|0|1|0|0|0|4|0|.071|.107|,_data\master_csv__rescrape_staging\pitching_1957_PL_from_master.csv,7
CSV_ER,ER,0,0,index_16,16,0,1957,01603801,柴田　英治,,1957|阪　急|37|29|28|1|2|1|0|0|3|0|0|0|1|0|0|0|4|0|.071|.107|,_data\master_csv__rescrape_staging\pitching_1957_PL_from_master.csv,7
CSV_ER,ER,0,0,index_17,17,0,1957,01603801,柴田　英治,,1957|阪　急|37|29|28|1|2|1|0|0|3|0|0|0|1|0|0|0|4|0|.071|.107|,_data\master_csv__rescrape_staging\pitching_1957_PL_from_master.csv,7
CSV_ER,ER,0,0,index_19,19,0,1957,01603801,柴田　英治,,1957|阪　急|37|29|28|1|2|1|0|0|3|0|0|0|1|0|0|0|4|0|.071|.107|,_data\master_csv__rescrape_staging\pitching_1957_PL_from_master.csv,7
CSV_ERA,ERA,47.0,47,ボーク,20,47,1957,01603801,柴田　英治,年度|所属球団|登板|勝利|敗北|セーブ|H|HP|完投|完封勝|無四球|勝率|打者|投球回|安打|本塁打|四球|死球|三振|暴投|ボーク|失点|自責点|防御率,1957|阪　急|37|4|4||||2|0|0|.500|465|112 .2|112|.2|108|5|25|1|47|2|0|47|41|3.27,_data\master_csv__rescrape_staging\pitching_1957_PL_from_master.csv,7
CSV_ERA,ERA,47.0,47,防御率,23,47,1957,01603801,柴田　英治,年度|所属球団|登板|勝利|敗北|セーブ|H|HP|完投|完封勝|無四球|勝率|打者|投球回|安打|本塁打|四球|死球|三振|暴投|ボーク|失点|自責点|防御率,1957|阪　急|37|4|4||||2|0|0|.500|465|112 .2|112|.2|108|5|25|1|47|2|0|47|41|3.27,_data\master_csv__rescrape_staging\pitching_1957_PL_from_master.csv,7
CSV_ER,ER,0,0,失点,21,0,1957,61563803,種田　弘,年度|所属球団|登板|勝利|敗北|セーブ|H|HP|完投|完封勝|無四球|勝率|打者|投球回|安打|本塁打|四球|死球|三振|暴投|ボーク|失点|自責点|防御率,1957|阪　急|36|8|7||||6|2|1|.533|592|149 .1|149|.1|139|4|21|2|66|0|0|45|33|1.98,_data\master_csv__rescrape_staging\pitching_1957_PL_from_master.csv,9
CSV_ER,ER,0,0,自責点,22,0,1957,61563803,種田　弘,年度|所属球団|登板|勝利|敗北|セーブ|H|HP|完投|完封勝|無四球|勝率|打者|投球回|安打|本塁打|四球|死球|三振|暴投|ボーク|失点|自責点|防御率,1957|阪　急|36|8|7||||6|2|1|.533|592|149 .1|149|.1|139|4|21|2|66|0|0|45|33|1.98,_data\master_csv__rescrape_staging\pitching_1957_PL_from_master.csv,9
CSV_ER,ER,0,0,index_8,8,0,1957,61563803,種田　弘,,1957|阪　急|36|54|47|8|10|2|0|0|12|3|0|0|3|0|4|0|7|0|.213|.255|,_data\master_csv__rescrape_staging\pitching_1957_PL_from_master.csv,9
CSV_ER,ER,0,0,index_9,9,0,1957,61563803,種田　弘,,1957|阪　急|36|54|47|8|10|2|0|0|12|3|0|0|3|0|4|0|7|0|.213|.255|,_data\master_csv__rescrape_staging\pitching_1957_PL_from_master.csv,9
CSV_ER,ER,0,0,index_12,12,0,1957,61563803,種田　弘,,1957|阪　急|36|54|47|8|10|2|0|0|12|3|0|0|3|0|4|0|7|0|.213|.255|,_data\master_csv__rescrape_staging\pitching_1957_PL_from_master.csv,9
CSV_ER,ER,0,0,index_13,13,0,1957,61563803,種田　弘,,1957|阪　急|36|54|47|8|10|2|0|0|12|3|0|0|3|0|4|0|7|0|.213|.255|,_data\master_csv__rescrape_staging\pitching_1957_PL_from_master.csv,9
CSV_ER,ER,0,0,index_15,15,0,1957,61563803,種田　弘,,1957|阪　急|36|54|47|8|10|2|0|0|12|3|0|0|3|0|4|0|7|0|.213|.255|,_data\master_csv__rescrape_staging\pitching_1957_PL_from_master.csv,9
CSV_ER,ER,0,0,index_17,17,0,1957,61563803,種田　弘,,1957|阪　急|36|54|47|8|10|2|0|0|12|3|0|0|3|0|4|0|7|0|.213|.255|,_data\master_csv__rescrape_staging\pitching_1957_PL_from_master.csv,9
CSV_ER,ER,0,0,index_19,19,0,1957,61563803,種田　弘,,1957|阪　急|36|54|47|8|10|2|0|0|12|3|0|0|3|0|4|0|7|0|.213|.255|,_data\master_csv__rescrape_staging\pitching_1957_PL_from_master.csv,9
CSV_ERA,ERA,45.0,45,防御率,23,45,1957,61563803,種田　弘,年度|所属球団|登板|勝利|敗北|セーブ|H|HP|完投|完封勝|無四球|勝率|打者|投球回|安打|本塁打|四球|死球|三振|暴投|ボーク|失点|自責点|防御率,1957|阪　急|36|8|7||||6|2|1|.533|592|149 .1|149|.1|139|4|21|2|66|0|0|45|33|1.98,_data\master_csv__rescrape_staging\pitching_1957_PL_from_master.csv,9
CSV_ER,ER,1,1,勝利,3,1,1958,51753802,木戸　美摸,年度|所属球団|登板|勝利|敗北|セーブ|H|HP|完投|完封勝|無四球|勝率|打者|投球回|安打|本塁打|四球|死球|三振|暴投|ボーク|失点|自責点|防御率,1958|読　売|13|1|3||||0|0|0|.250|140|32 .2|32|.2|37|3|8|1|14|0|1|24|20|5.45,_data\master_csv__rescrape_staging\pitching_1958_CL_from_master.csv,3
CSV_ER,ER,1,1,暴投,19,1,1958,51753802,木戸　美摸,年度|所属球団|登板|勝利|敗北|セーブ|H|HP|完投|完封勝|無四球|勝率|打者|投球回|安打|本塁打|四球|死球|三振|暴投|ボーク|失点|自責点|防御率,1958|読　売|13|1|3||||0|0|0|.250|140|32 .2|32|.2|37|3|8|1|14|0|1|24|20|5.45,_data\master_csv__rescrape_staging\pitching_1958_CL_from_master.csv,3
CSV_ER,ER,1,1,自責点,22,1,1958,51753802,木戸　美摸,年度|所属球団|登板|勝利|敗北|セーブ|H|HP|完投|完封勝|無四球|勝率|打者|投球回|安打|本塁打|四球|死球|三振|暴投|ボーク|失点|自責点|防御率,1958|読　売|13|1|3||||0|0|0|.250|140|32 .2|32|.2|37|3|8|1|14|0|1|24|20|5.45,_data\master_csv__rescrape_staging\pitching_1958_CL_from_master.csv,3
CSV_ER,ER,1,1,index_5,5,1,1958,51753802,木戸　美摸,,1958|読　売|13|11|10|1|3|1|0|0|4|0|0|0|1|0|0|0|4|0|.300|.400|,_data\master_csv__rescrape_staging\pitching_1958_CL_from_master.csv,3
CSV_ER,ER,1,1,index_7,7,1,1958,51753802,木戸　美摸,,1958|読　売|13|11|10|1|3|1|0|0|4|0|0|0|1|0|0|0|4|0|.300|.400|,_data\master_csv__rescrape_staging\pitching_1958_CL_from_master.csv,3
CSV_ER,ER,1,1,index_14,14,1,1958,51753802,木戸　美摸,,1958|読　売|13|11|10|1|3|1|0|0|4|0|0|0|1|0|0|0|4|0|.300|.400|,_data\master_csv__rescrape_staging\pitching_1958_CL_from_master.csv,3
CSV_ERA,ERA,24.0,24,防御率,23,24,1958,51753802,木戸　美摸,年度|所属球団|登板|勝利|敗北|セーブ|H|HP|完投|完封勝|無四球|勝率|打者|投球回|安打|本塁打|四球|死球|三振|暴投|ボーク|失点|自責点|防御率,1958|読　売|13|1|3||||0|0|0|.250|140|32 .2|32|.2|37|3|8|1|14|0|1|24|20|5.45,_data\master_csv__rescrape_staging\pitching_1958_CL_from_master.csv,3
CSV_IP,IP,359.0,359,投球回,13,359,1958,41243804,藤田　元司,年度|所属球団|登板|勝利|敗北|セーブ|H|HP|完投|完封勝|無四球|勝率|打者|投球回|安打|本塁打|四球|死球|三振|暴投|ボーク|失点|自責点|防御率,1958|読　売|58|29|13||||24|7|1|.690|1380|359|359||251|11|114|5|199|11|0|75|61|1.53,_data\master_csv__rescrape_staging\pitching_1958_CL_from_master.csv,8
CSV_IP,IP,359.0,359,安打,14,359,1958,41243804,藤田　元司,年度|所属球団|登板|勝利|敗北|セーブ|H|HP|完投|完封勝|無四球|勝率|打者|投球回|安打|本塁打|四球|死球|三振|暴投|ボーク|失点|自責点|防御率,1958|読　売|58|29|13||||24|7|1|.690|1380|359|359||251|11|114|5|199|11|0|75|61|1.53,_data\master_csv__rescrape_staging\pitching_1958_CL_from_master.csv,8
CSV_ER,ER,0,0,自責点,22,0,1958,41243804,藤田　元司,年度|所属球団|登板|勝利|敗北|セーブ|H|HP|完投|完封勝|無四球|勝率|打者|投球回|安打|本塁打|四球|死球|三振|暴投|ボーク|失点|自責点|防御率,1958|読　売|58|29|13||||24|7|1|.690|1380|359|359||251|11|114|5|199|11|0|75|61|1.53,_data\master_csv__rescrape_staging\pitching_1958_CL_from_master.csv,8
CSV_ER,ER,0,0,index_9,9,0,1958,41243804,藤田　元司,,1958|読　売|58|131|110|6|14|3|1|0|19|4|0|0|16|0|5|0|48|0|.127|.173|,_data\master_csv__rescrape_staging\pitching_1958_CL_from_master.csv,8
CSV_ER,ER,0,0,index_12,12,0,1958,41243804,藤田　元司,,1958|読　売|58|131|110|6|14|3|1|0|19|4|0|0|16|0|5|0|48|0|.127|.173|,_data\master_csv__rescrape_staging\pitching_1958_CL_from_master.csv,8
CSV_ER,ER,0,0,index_13,13,0,1958,41243804,藤田　元司,,1958|読　売|58|131|110|6|14|3|1|0|19|4|0|0|16|0|5|0|48|0|.127|.173|,_data\master_csv__rescrape_staging\pitching_1958_CL_from_master.csv,8
CSV_ER,ER,0,0,index_15,15,0,1958,41243804,藤田　元司,,1958|読　売|58|131|110|6|14|3|1|0|19|4|0|0|16|0|5|0|48|0|.127|.173|,_data\master_csv__rescrape_staging\pitching_1958_CL_from_master.csv,8
CSV_ER,ER,0,0,index_17,17,0,1958,41243804,藤田　元司,,1958|読　売|58|131|110|6|14|3|1|0|19|4|0|0|16|0|5|0|48|0|.127|.173|,_data\master_csv__rescrape_staging\pitching_1958_CL_from_master.csv,8
CSV_ER,ER,0,0,index_19,19,0,1958,41243804,藤田　元司,,1958|読　売|58|131|110|6|14|3|1|0|19|4|0|0|16|0|5|0|48|0|.127|.173|,_data\master_csv__rescrape_staging\pitching_1958_CL_from_master.csv,8
CSV_ERA,ERA,75.0,75,防御率,23,75,1958,41243804,藤田　元司,年度|所属球団|登板|勝利|敗北|セーブ|H|HP|完投|完封勝|無四球|勝率|打者|投球回|安打|本塁打|四球|死球|三振|暴投|ボーク|失点|自責点|防御率,1958|読　売|58|29|13||||24|7|1|.690|1380|359|359||251|11|114|5|199|11|0|75|61|1.53,_data\master_csv__rescrape_staging\pitching_1958_CL_from_master.csv,8
CSV_ER,ER,0,0,失点,21,0,1958,31933895,別所　毅彦,年度|所属球団|登板|勝利|敗北|セーブ|H|HP|完投|完封勝|無四球|勝率|打者|投球回|安打|本塁打|四球|死球|三振|暴投|ボーク|失点|自責点|防御率,1958|読　売|26|9|5||||5|1|1|.643|508|126 .1|126|.1|111|8|33|1|42|0|0|47|36|2.55,_data\master_csv__rescrape_staging\pitching_1958_CL_from_master.csv,9
CSV_ER,ER,0,0,自責点,22,0,1958,31933895,別所　毅彦,年度|所属球団|登板|勝利|敗北|セーブ|H|HP|完投|完封勝|無四球|勝率|打者|投球回|安打|本塁打|四球|死球|三振|暴投|ボーク|失点|自責点|防御率,1958|読　売|26|9|5||||5|1|1|.643|508|126 .1|126|.1|111|8|33|1|42|0|0|47|36|2.55,_data\master_csv__rescrape_staging\pitching_1958_CL_from_master.csv,9
CSV_ER,ER,0,0,index_8,8,0,1958,31933895,別所　毅彦,,1958|読　売|26|46|41|1|11|3|0|0|14|3|0|0|5|0|0|0|8|1|.268|.341|,_data\master_csv__rescrape_staging\pitching_1958_CL_from_master.csv,9
CSV_ER,ER,0,0,index_9,9,0,1958,31933895,別所　毅彦,,1958|読　売|26|46|41|1|11|3|0|0|14|3|0|0|5|0|0|0|8|1|.268|.341|,_data\master_csv__rescrape_staging\pitching_1958_CL_from_master.csv,9
CSV_ER,ER,0,0,index_12,12,0,1958,31933895,別所　毅彦,,1958|読　売|26|46|41|1|11|3|0|0|14|3|0|0|5|0|0|0|8|1|.268|.341|,_data\master_csv__rescrape_staging\pitching_1958_CL_from_master.csv,9
CSV_ER,ER,0,0,index_13,13,0,1958,31933895,別所　毅彦,,1958|読　売|26|46|41|1|11|3|0|0|14|3|0|0|5|0|0|0|8|1|.268|.341|,_data\master_csv__rescrape_staging\pitching_1958_CL_from_master.csv,9
CSV_ER,ER,0,0,index_15,15,0,1958,31933895,別所　毅彦,,1958|読　売|26|46|41|1|11|3|0|0|14|3|0|0|5|0|0|0|8|1|.268|.341|,_data\master_csv__rescrape_staging\pitching_1958_CL_from_master.csv,9
CSV_ER,ER,0,0,index_16,16,0,1958,31933895,別所　毅彦,,1958|読　売|26|46|41|1|11|3|0|0|14|3|0|0|5|0|0|0|8|1|.268|.341|,_data\master_csv__rescrape_staging\pitching_1958_CL_from_master.csv,9
CSV_ER,ER,0,0,index_17,17,0,1958,31933895,別所　毅彦,,1958|読　売|26|46|41|1|11|3|0|0|14|3|0|0|5|0|0|0|8|1|.268|.341|,_data\master_csv__rescrape_staging\pitching_1958_CL_from_master.csv,9
CSV_ERA,ERA,47.0,47,防御率,23,47,1958,31933895,別所　毅彦,年度|所属球団|登板|勝利|敗北|セーブ|H|HP|完投|完封勝|無四球|勝率|打者|投球回|安打|本塁打|四球|死球|三振|暴投|ボーク|失点|自責点|防御率,1958|読　売|26|9|5||||5|1|1|.643|508|126 .1|126|.1|111|8|33|1|42|0|0|47|36|2.55,_data\master_csv__rescrape_staging\pitching_1958_CL_from_master.csv,9
CSV_ER,ER,0,0,自責点,22,0,1958,23323800,堀内　庄,年度|所属球団|登板|勝利|敗北|セーブ|H|HP|完投|完封勝|無四球|勝率|打者|投球回|安打|本塁打|四球|死球|三振|暴投|ボーク|失点|自責点|防御率,1958|読　売|43|14|13||||8|2|1|.519|903|223 .2|223|.2|173|12|73|1|218|7|0|78|69|2.77,_data\master_csv__rescrape_staging\pitching_1958_CL_from_master.csv,10
CSV_ER,ER,0,0,index_8,8,0,1958,23323800,堀内　庄,,1958|読　売|43|83|69|7|17|1|0|2|24|9|0|0|10|0|2|2|10|1|.246|.348|,_data\master_csv__rescrape_staging\pitching_1958_CL_from_master.csv,10
CSV_ER,ER,0,0,index_12,12,0,1958,23323800,堀内　庄,,1958|読　売|43|83|69|7|17|1|0|2|24|9|0|0|10|0|2|2|10|1|.246|.348|,_data\master_csv__rescrape_staging\pitching_1958_CL_from_master.csv,10
CSV_ER,ER,0,0,index_13,13,0,1958,23323800,堀内　庄,,1958|読　売|43|83|69|7|17|1|0|2|24|9|0|0|10|0|2|2|10|1|.246|.348|,_data\master_csv__rescrape_staging\pitching_1958_CL_from_master.csv,10
CSV_ER,ER,0,0,index_15,15,0,1958,23323800,堀内　庄,,1958|読　売|43|83|69|7|17|1|0|2|24|9|0|0|10|0|2|2|10|1|.246|.348|,_data\master_csv__rescrape_staging\pitching_1958_CL_from_master.csv,10
CSV_ERA,ERA,78.0,78,防御率,23,78,1958,23323800,堀内　庄,年度|所属球団|登板|勝利|敗北|セーブ|H|HP|完投|完封勝|無四球|勝率|打者|投球回|安打|本塁打|四球|死球|三振|暴投|ボーク|失点|自責点|防御率,1958|読　売|43|14|13||||8|2|1|.519|903|223 .2|223|.2|173|12|73|1|218|7|0|78|69|2.77,_data\master_csv__rescrape_staging\pitching_1958_CL_from_master.csv,10
CSV_ER,ER,0,0,自責点,22,0,1958,53353809,安原　達佳,年度|所属球団|登板|勝利|敗北|セーブ|H|HP|完投|完封勝|無四球|勝率|打者|投球回|安打|本塁打|四球|死球|三振|暴投|ボーク|失点|自責点|防御率,1958|読　売|39|14|10||||7|3|3|.583|743|189 .2|189|.2|151|17|30|3|97|5|0|65|57|2.70,_data\master_csv__rescrape_staging\pitching_1958_CL_from_master.csv,11
CSV_ER,ER,0,0,index_8,8,0,1958,53353809,安原　達佳,,1958|読　売|39|68|63|7|15|1|0|3|25|8|0|0|4|1|0|0|19|1|.238|.397|,_data\master_csv__rescrape_staging\pitching_1958_CL_from_master.csv,11
CSV_ER,ER,0,0,index_12,12,0,1958,53353809,安原　達佳,,1958|読　売|39|68|63|7|15|1|0|3|25|8|0|0|4|1|0|0|19|1|.238|.397|,_data\master_csv__rescrape_staging\pitching_1958_CL_from_master.csv,11
CSV_ER,ER,0,0,index_13,13,0,1958,53353809,安原　達佳,,1958|読　売|39|68|63|7|15|1|0|3|25|8|0|0|4|1|0|0|19|1|.238|.397|,_data\master_csv__rescrape_staging\pitching_1958_CL_from_master.csv,11
CSV_ER,ER,0,0,index_16,16,0,1958,53353809,安原　達佳,,1958|読　売|39|68|63|7|15|1|0|3|25|8|0|0|4|1|0|0|19|1|.238|.397|,_data\master_csv__rescrape_staging\pitching_1958_CL_from_master.csv,11
CSV_ER,ER,0,0,index_17,17,0,1958,53353809,安原　達佳,,1958|読　売|39|68|63|7|15|1|0|3|25|8|0|0|4|1|0|0|19|1|.238|.397|,_data\master_csv__rescrape_staging\pitching_1958_CL_from_master.csv,11
CSV_ERA,ERA,65.0,65,防御率,23,65,1958,53353809,安原　達佳,年度|所属球団|登板|勝利|敗北|セーブ|H|HP|完投|完封勝|無四球|勝率|打者|投球回|安打|本塁打|四球|死球|三振|暴投|ボーク|失点|自責点|防御率,1958|読　売|39|14|10||||7|3|3|.583|743|189 .2|189|.2|151|17|30|3|97|5|0|65|57|2.70,_data\master_csv__rescrape_staging\pitching_1958_CL_from_master.csv,11
CSV_ER,ER,1,1,完封勝,9,1,1958,31133898,阿部　八郎,年度|所属球団|登板|勝利|敗北|セーブ|H|HP|完投|完封勝|無四球|勝率|打者|投球回|安打|本塁打|四球|死球|三振|暴投|ボーク|失点|自責点|防御率,1958|阪　急|22|6|8||||2|1|0|.429|334|82 .1|82|.1|82|3|18|0|27|1|1|28|27|2.93,_data\master_csv__rescrape_staging\pitching_1958_PL_from_master.csv,2
CSV_ER,ER,1,1,失点,21,1,1958,31133898,阿部　八郎,年度|所属球団|登板|勝利|敗北|セーブ|H|HP|完投|完封勝|無四球|勝率|打者|投球回|安打|本塁打|四球|死球|三振|暴投|ボーク|失点|自責点|防御率,1958|阪　急|22|6|8||||2|1|0|.429|334|82 .1|82|.1|82|3|18|0|27|1|1|28|27|2.93,_data\master_csv__rescrape_staging\pitching_1958_PL_from_master.csv,2
CSV_ER,ER,1,1,自責点,22,1,1958,31133898,阿部　八郎,年度|所属球団|登板|勝利|敗北|セーブ|H|HP|完投|完封勝|無四球|勝率|打者|投球回|安打|本塁打|四球|死球|三振|暴投|ボーク|失点|自責点|防御率,1958|阪　急|22|6|8||||2|1|0|.429|334|82 .1|82|.1|82|3|18|0|27|1|1|28|27|2.93,_data\master_csv__rescrape_staging\pitching_1958_PL_from_master.csv,2
CSV_ER,ER,1,1,index_16,16,1,1958,31133898,阿部　八郎,,1958|阪　急|24|31|30|6|8|2|0|0|10|3|0|0|0|0|1|0|4|0|.267|.333|,_data\master_csv__rescrape_staging\pitching_1958_PL_from_master.csv,2
CSV_ERA,ERA,28.0,28,防御率,23,28,1958,31133898,阿部　八郎,年度|所属球団|登板|勝利|敗北|セーブ|H|HP|完投|完封勝|無四球|勝率|打者|投球回|安打|本塁打|四球|死球|三振|暴投|ボーク|失点|自責点|防御率,1958|阪　急|22|6|8||||2|1|0|.429|334|82 .1|82|.1|82|3|18|0|27|1|1|28|27|2.93,_data\master_csv__rescrape_staging\pitching_1958_PL_from_master.csv,2
CSV_IP,IP,205.0,205,投球回,13,205,1958,91193802,秋本　祐作,年度|所属球団|登板|勝利|敗北|セーブ|H|HP|完投|完封勝|無四球|勝率|打者|投球回|安打|本塁打|四球|死球|三振|暴投|ボーク|失点|自責点|防御率,1958|阪　急|48|14|4||||7|2|2|.778|805|205|205||173|3|48|3|109|0|0|54|43|1.89,_data\master_csv__rescrape_staging\pitching_1958_PL_from_master.csv,3
CSV_IP,IP,205.0,205,安打,14,205,1958,91193802,秋本　祐作,年度|所属球団|登板|勝利|敗北|セーブ|H|HP|完投|完封勝|無四球|勝率|打者|投球回|安打|本塁打|四球|死球|三振|暴投|ボーク|失点|自責点|防御率,1958|阪　急|48|14|4||||7|2|2|.778|805|205|205||173|3|48|3|109|0|0|54|43|1.89,_data\master_csv__rescrape_staging\pitching_1958_PL_from_master.csv,3
CSV_ER,ER,0,0,失点,21,0,1958,91193802,秋本　祐作,年度|所属球団|登板|勝利|敗北|セーブ|H|HP|完投|完封勝|無四球|勝率|打者|投球回|安打|本塁打|四球|死球|三振|暴投|ボーク|失点|自責点|防御率,1958|阪　急|48|14|4||||7|2|2|.778|805|205|205||173|3|48|3|109|0|0|54|43|1.89,_data\master_csv__rescrape_staging\pitching_1958_PL_from_master.csv,3
CSV_ER,ER,0,0,自責点,22,0,1958,91193802,秋本　祐作,年度|所属球団|登板|勝利|敗北|セーブ|H|HP|完投|完封勝|無四球|勝率|打者|投球回|安打|本塁打|四球|死球|三振|暴投|ボーク|失点|自責点|防御率,1958|阪　急|48|14|4||||7|2|2|.778|805|205|205||173|3|48|3|109|0|0|54|43|1.89,_data\master_csv__rescrape_staging\pitching_1958_PL_from_master.csv,3
CSV_ER,ER,0,0,index_7,7,0,1958,91193802,秋本　祐作,,1958|阪　急|48|63|61|2|11|0|0|1|14|2|0|0|2|0|0|0|21|0|.180|.230|,_data\master_csv__rescrape_staging\pitching_1958_PL_from_master.csv,3
CSV_ER,ER,0,0,index_8,8,0,1958,91193802,秋本　祐作,,1958|阪　急|48|63|61|2|11|0|0|1|14|2|0|0|2|0|0|0|21|0|.180|.230|,_data\master_csv__rescrape_staging\pitching_1958_PL_from_master.csv,3
CSV_ER,ER,0,0,index_12,12,0,1958,91193802,秋本　祐作,,1958|阪　急|48|63|61|2|11|0|0|1|14|2|0|0|2|0|0|0|21|0|.180|.230|,_data\master_csv__rescrape_staging\pitching_1958_PL_from_master.csv,3
CSV_ER,ER,0,0,index_13,13,0,1958,91193802,秋本　祐作,,1958|阪　急|48|63|61|2|11|0|0|1|14|2|0|0|2|0|0|0|21|0|.180|.230|,_data\master_csv__rescrape_staging\pitching_1958_PL_from_master.csv,3
CSV_ER,ER,0,0,index_15,15,0,1958,91193802,秋本　祐作,,1958|阪　急|48|63|61|2|11|0|0|1|14|2|0|0|2|0|0|0|21|0|.180|.230|,_data\master_csv__rescrape_staging\pitching_1958_PL_from_master.csv,3
CSV_ER,ER,0,0,index_16,16,0,1958,91193802,秋本　祐作,,1958|阪　急|48|63|61|2|11|0|0|1|14|2|0|0|2|0|0|0|21|0|.180|.230|,_data\master_csv__rescrape_staging\pitching_1958_PL_from_master.csv,3
CSV_ER,ER,0,0,index_17,17,0,1958,91193802,秋本　祐作,,1958|阪　急|48|63|61|2|11|0|0|1|14|2|0|0|2|0|0|0|21|0|.180|.230|,_data\master_csv__rescrape_staging\pitching_1958_PL_from_master.csv,3
CSV_ER,ER,0,0,index_19,19,0,1958,91193802,秋本　祐作,,1958|阪　急|48|63|61|2|11|0|0|1|14|2|0|0|2|0|0|0|21|0|.180|.230|,_data\master_csv__rescrape_staging\pitching_1958_PL_from_master.csv,3
CSV_ERA,ERA,54.0,54,防御率,23,54,1958,91193802,秋本　祐作,年度|所属球団|登板|勝利|敗北|セーブ|H|HP|完投|完封勝|無四球|勝率|打者|投球回|安打|本塁打|四球|死球|三振|暴投|ボーク|失点|自責点|防御率,1958|阪　急|48|14|4||||7|2|2|.778|805|205|205||173|3|48|3|109|0|0|54|43|1.89,_data\master_csv__rescrape_staging\pitching_1958_PL_from_master.csv,3
CSV_IP,IP,265.0,265,投球回,13,265,1958,91793809,梶本　隆夫,年度|所属球団|登板|勝利|敗北|セーブ|H|HP|完投|完封勝|無四球|勝率|打者|投球回|安打|本塁打|四球|死球|三振|暴投|ボーク|失点|自責点|防御率,1958|阪　急|44|16|18||||15|3|3|.471|1078|265|265||232|18|79|5|186|4|0|98|88|2.99,_data\master_csv__rescrape_staging\pitching_1958_PL_from_master.csv,5
CSV_IP,IP,265.0,265,安打,14,265,1958,91793809,梶本　隆夫,年度|所属球団|登板|勝利|敗北|セーブ|H|HP|完投|完封勝|無四球|勝率|打者|投球回|安打|本塁打|四球|死球|三振|暴投|ボーク|失点|自責点|防御率,1958|阪　急|44|16|18||||15|3|3|.471|1078|265|265||232|18|79|5|186|4|0|98|88|2.99,_data\master_csv__rescrape_staging\pitching_1958_PL_from_master.csv,5
CSV_ER,ER,0,0,自責点,22,0,1958,91793809,梶本　隆夫,年度|所属球団|登板|勝利|敗北|セーブ|H|HP|完投|完封勝|無四球|勝率|打者|投球回|安打|本塁打|四球|死球|三振|暴投|ボーク|失点|自責点|防御率,1958|阪　急|44|16|18||||15|3|3|.471|1078|265|265||232|18|79|5|186|4|0|98|88|2.99,_data\master_csv__rescrape_staging\pitching_1958_PL_from_master.csv,5
CSV_ER,ER,0,0,index_8,8,0,1958,91793809,梶本　隆夫,,1958|阪　急|44|96|84|3|13|2|0|0|15|2|0|1|5|0|7|0|21|3|.155|.179|,_data\master_csv__rescrape_staging\pitching_1958_PL_from_master.csv,5
CSV_ER,ER,0,0,index_9,9,0,1958,91793809,梶本　隆夫,,1958|阪　急|44|96|84|3|13|2|0|0|15|2|0|1|5|0|7|0|21|3|.155|.179|,_data\master_csv__rescrape_staging\pitching_1958_PL_from_master.csv,5
CSV_ER,ER,0,0,index_12,12,0,1958,91793809,梶本　隆夫,,1958|阪　急|44|96|84|3|13|2|0|0|15|2|0|1|5|0|7|0|21|3|.155|.179|,_data\master_csv__rescrape_staging\pitching_1958_PL_from_master.csv,5
CSV_ER,ER,0,0,index_15,15,0,1958,91793809,梶本　隆夫,,1958|阪　急|44|96|84|3|13|2|0|0|15|2|0|1|5|0|7|0|21|3|.155|.179|,_data\master_csv__rescrape_staging\pitching_1958_PL_from_master.csv,5
CSV_ER,ER,0,0,index_17,17,0,1958,91793809,梶本　隆夫,,1958|阪　急|44|96|84|3|13|2|0|0|15|2|0|1|5|0|7|0|21|3|.155|.179|,_data\master_csv__rescrape_staging\pitching_1958_PL_from_master.csv,5
CSV_ERA,ERA,98.0,98,防御率,23,98,1958,91793809,梶本　隆夫,年度|所属球団|登板|勝利|敗北|セーブ|H|HP|完投|完封勝|無四球|勝率|打者|投球回|安打|本塁打|四球|死球|三振|暴投|ボーク|失点|自責点|防御率,1958|阪　急|44|16|18||||15|3|3|.471|1078|265|265||232|18|79|5|186|4|0|98|88|2.99,_data\master_csv__rescrape_staging\pitching_1958_PL_from_master.csv,5
CSV_IP,IP,131.0,131,投球回,13,131,1958,61563803,種田　弘,年度|所属球団|登板|勝利|敗北|セーブ|H|HP|完投|完封勝|無四球|勝率|打者|投球回|安打|本塁打|四球|死球|三振|暴投|ボーク|失点|自責点|防御率,1958|阪　急|33|3|5||||3|0|0|.375|540|131|131||137|5|29|2|55|1|0|54|44|3.02,_data\master_csv__rescrape_staging\pitching_1958_PL_from_master.csv,8
CSV_IP,IP,131.0,131,安打,14,131,1958,61563803,種田　弘,年度|所属球団|登板|勝利|敗北|セーブ|H|HP|完投|完封勝|無四球|勝率|打者|投球回|安打|本塁打|四球|死球|三振|暴投|ボーク|失点|自責点|防御率,1958|阪　急|33|3|5||||3|0|0|.375|540|131|131||137|5|29|2|55|1|0|54|44|3.02,_data\master_csv__rescrape_staging\pitching_1958_PL_from_master.csv,8
CSV_ER,ER,0,0,完封勝,9,0,1958,61563803,種田　弘,年度|所属球団|登板|勝利|敗北|セーブ|H|HP|完投|完封勝|無四球|勝率|打者|投球回|安打|本塁打|四球|死球|三振|暴投|ボーク|失点|自責点|防御率,1958|阪　急|33|3|5||||3|0|0|.375|540|131|131||137|5|29|2|55|1|0|54|44|3.02,_data\master_csv__rescrape_staging\pitching_1958_PL_from_master.csv,8
CSV_ER,ER,0,0,無四球,10,0,1958,61563803,種田　弘,年度|所属球団|登板|勝利|敗北|セーブ|H|HP|完投|完封勝|無四球|勝率|打者|投球回|安打|本塁打|四球|死球|三振|暴投|ボーク|失点|自責点|防御率,1958|阪　急|33|3|5||||3|0|0|.375|540|131|131||137|5|29|2|55|1|0|54|44|3.02,_data\master_csv__rescrape_staging\pitching_1958_PL_from_master.csv,8
CSV_ER,ER,0,0,自責点,22,0,1958,61563803,種田　弘,年度|所属球団|登板|勝利|敗北|セーブ|H|HP|完投|完封勝|無四球|勝率|打者|投球回|安打|本塁打|四球|死球|三振|暴投|ボーク|失点|自責点|防御率,1958|阪　急|33|3|5||||3|0|0|.375|540|131|131||137|5|29|2|55|1|0|54|44|3.02,_data\master_csv__rescrape_staging\pitching_1958_PL_from_master.csv,8
CSV_ER,ER,0,0,index_9,9,0,1958,61563803,種田　弘,,1958|阪　急|33|43|39|4|9|1|1|0|12|4|0|0|3|0|1|0|9|0|.231|.308|,_data\master_csv__rescrape_staging\pitching_1958_PL_from_master.csv,8
CSV_ER,ER,0,0,index_12,12,0,1958,61563803,種田　弘,,1958|阪　急|33|43|39|4|9|1|1|0|12|4|0|0|3|0|1|0|9|0|.231|.308|,_data\master_csv__rescrape_staging\pitching_1958_PL_from_master.csv,8
CSV_ER,ER,0,0,index_13,13,0,1958,61563803,種田　弘,,1958|阪　急|33|43|39|4|9|1|1|0|12|4|0|0|3|0|1|0|9|0|.231|.308|,_data\master_csv__rescrape_staging\pitching_1958_PL_from_master.csv,8
CSV_ER,ER,0,0,index_15,15,0,1958,61563803,種田　弘,,1958|阪　急|33|43|39|4|9|1|1|0|12|4|0|0|3|0|1|0|9|0|.231|.308|,_data\master_csv__rescrape_staging\pitching_1958_PL_from_master.csv,8
CSV_ER,ER,0,0,index_17,17,0,1958,61563803,種田　弘,,1958|阪　急|33|43|39|4|9|1|1|0|12|4|0|0|3|0|1|0|9|0|.231|.308|,_data\master_csv__rescrape_staging\pitching_1958_PL_from_master.csv,8
CSV_ER,ER,0,0,index_19,19,0,1958,61563803,種田　弘,,1958|阪　急|33|43|39|4|9|1|1|0|12|4|0|0|3|0|1|0|9|0|.231|.308|,_data\master_csv__rescrape_staging\pitching_1958_PL_from_master.csv,8
CSV_ERA,ERA,54.0,54,防御率,23,54,1958,61563803,種田　弘,年度|所属球団|登板|勝利|敗北|セーブ|H|HP|完投|完封勝|無四球|勝率|打者|投球回|安打|本塁打|四球|死球|三振|暴投|ボーク|失点|自責点|防御率,1958|阪　急|33|3|5||||3|0|0|.375|540|131|131||137|5|29|2|55|1|0|54|44|3.02,_data\master_csv__rescrape_staging\pitching_1958_PL_from_master.csv,8
CSV_ER,ER,0,0,完封勝,9,0,1958,71073804,西田　稔,年度|所属球団|登板|勝利|敗北|セーブ|H|HP|完投|完封勝|無四球|勝率|打者|投球回|安打|本塁打|四球|死球|三振|暴投|ボーク|失点|自責点|防御率,1958|阪　急|26|6|1||||1|0|0|.857|237|59 .1|59|.1|48|2|18|0|30|1|0|24|19|2.85,_data\master_csv__rescrape_staging\pitching_1958_PL_from_master.csv,9
CSV_ER,ER,0,0,無四球,10,0,1958,71073804,西田　稔,年度|所属球団|登板|勝利|敗北|セーブ|H|HP|完投|完封勝|無四球|勝率|打者|投球回|安打|本塁打|四球|死球|三振|暴投|ボーク|失点|自責点|防御率,1958|阪　急|26|6|1||||1|0|0|.857|237|59 .1|59|.1|48|2|18|0|30|1|0|24|19|2.85,_data\master_csv__rescrape_staging\pitching_1958_PL_from_master.csv,9
CSV_ER,ER,0,0,暴投,19,0,1958,71073804,西田　稔,年度|所属球団|登板|勝利|敗北|セーブ|H|HP|完投|完封勝|無四球|勝率|打者|投球回|安打|本塁打|四球|死球|三振|暴投|ボーク|失点|自責点|防御率,1958|阪　急|26|6|1||||1|0|0|.857|237|59 .1|59|.1|48|2|18|0|30|1|0|24|19|2.85,_data\master_csv__rescrape_staging\pitching_1958_PL_from_master.csv,9
CSV_ER,ER,0,0,自責点,22,0,1958,71073804,西田　稔,年度|所属球団|登板|勝利|敗北|セーブ|H|HP|完投|完封勝|無四球|勝率|打者|投球回|安打|本塁打|四球|死球|三振|暴投|ボーク|失点|自責点|防御率,1958|阪　急|26|6|1||||1|0|0|.857|237|59 .1|59|.1|48|2|18|0|30|1|0|24|19|2.85,_data\master_csv__rescrape_staging\pitching_1958_PL_from_master.csv,9
CSV_ER,ER,0,0,index_8,8,0,1958,71073804,西田　稔,,1958|阪　急|26|16|14|3|4|1|0|0|5|2|0|0|1|0|0|1|4|0|.286|.357|,_data\master_csv__rescrape_staging\pitching_1958_PL_from_master.csv,9
CSV_ER,ER,0,0,index_9,9,0,1958,71073804,西田　稔,,1958|阪　急|26|16|14|3|4|1|0|0|5|2|0|0|1|0|0|1|4|0|.286|.357|,_data\master_csv__rescrape_staging\pitching_1958_PL_from_master.csv,9
CSV_ER,ER,0,0,index_12,12,0,1958,71073804,西田　稔,,1958|阪　急|26|16|14|3|4|1|0|0|5|2|0|0|1|0|0|1|4|0|.286|.357|,_data\master_csv__rescrape_staging\pitching_1958_PL_from_master.csv,9
CSV_ER,ER,0,0,index_13,13,0,1958,71073804,西田　稔,,1958|阪　急|26|16|14|3|4|1|0|0|5|2|0|0|1|0|0|1|4|0|.286|.357|,_data\master_csv__rescrape_staging\pitching_1958_PL_from_master.csv,9
CSV_ER,ER,0,0,index_15,15,0,1958,71073804,西田　稔,,1958|阪　急|26|16|14|3|4|1|0|0|5|2|0|0|1|0|0|1|4|0|.286|.357|,_data\master_csv__rescrape_staging\pitching_1958_PL_from_master.csv,9
CSV_ER,ER,0,0,index_16,16,0,1958,71073804,西田　稔,,1958|阪　急|26|16|14|3|4|1|0|0|5|2|0|0|1|0|0|1|4|0|.286|.357|,_data\master_csv__rescrape_staging\pitching_1958_PL_from_master.csv,9
CSV_ER,ER,0,0,index_19,19,0,1958,71073804,西田　稔,,1958|阪　急|26|16|14|3|4|1|0|0|5|2|0|0|1|0|0|1|4|0|.286|.357|,_data\master_csv__rescrape_staging\pitching_1958_PL_from_master.csv,9
CSV_ERA,ERA,24.0,24,防御率,23,24,1958,71073804,西田　稔,年度|所属球団|登板|勝利|敗北|セーブ|H|HP|完投|完封勝|無四球|勝率|打者|投球回|安打|本塁打|四球|死球|三振|暴投|ボーク|失点|自責点|防御率,1958|阪　急|26|6|1||||1|0|0|.857|237|59 .1|59|.1|48|2|18|0|30|1|0|24|19|2.85,_data\master_csv__rescrape_staging\pitching_1958_PL_from_master.csv,9
CSV_IP,IP,154.0,154,投球回,13,154,1959,61163808,伊藤　芳明,年度|所属球団|登板|勝利|敗北|セーブ|H|HP|完投|完封勝|無四球|勝率|打者|投球回|安打|本塁打|四球|死球|三振|暴投|ボーク|失点|自責点|防御率,1959|読　売|36|7|9||||6|4|1|.438|627|154|154||115|16|64|2|131|1|0|58|51|2.98,_data\master_csv__rescrape_staging\pitching_1959_CL_from_master.csv,2
CSV_IP,IP,154.0,154,安打,14,154,1959,61163808,伊藤　芳明,年度|所属球団|登板|勝利|敗北|セーブ|H|HP|完投|完封勝|無四球|勝率|打者|投球回|安打|本塁打|四球|死球|三振|暴投|ボーク|失点|自責点|防御率,1959|読　売|36|7|9||||6|4|1|.438|627|154|154||115|16|64|2|131|1|0|58|51|2.98,_data\master_csv__rescrape_staging\pitching_1959_CL_from_master.csv,2
CSV_ER,ER,0,0,自責点,22,0,1959,61163808,伊藤　芳明,年度|所属球団|登板|勝利|敗北|セーブ|H|HP|完投|完封勝|無四球|勝率|打者|投球回|安打|本塁打|四球|死球|三振|暴投|ボーク|失点|自責点|防御率,1959|読　売|36|7|9||||6|4|1|.438|627|154|154||115|16|64|2|131|1|0|58|51|2.98,_data\master_csv__rescrape_staging\pitching_1959_CL_from_master.csv,2
CSV_ER,ER,0,0,index_5,5,0,1959,61163808,伊藤　芳明,,1959|読　売|36|48|44|0|4|0|0|0|4|1|0|0|2|0|2|0|13|0|.091|.091|,_data\master_csv__rescrape_staging\pitching_1959_CL_from_master.csv,2
CSV_ER,ER,0,0,index_7,7,0,1959,61163808,伊藤　芳明,,1959|読　売|36|48|44|0|4|0|0|0|4|1|0|0|2|0|2|0|13|0|.091|.091|,_data\master_csv__rescrape_staging\pitching_1959_CL_from_master.csv,2
CSV_ER,ER,0,0,index_8,8,0,1959,61163808,伊藤　芳明,,1959|読　売|36|48|44|0|4|0|0|0|4|1|0|0|2|0|2|0|13|0|.091|.091|,_data\master_csv__rescrape_staging\pitching_1959_CL_from_master.csv,2
CSV_ER,ER,0,0,index_9,9,0,1959,61163808,伊藤　芳明,,1959|読　売|36|48|44|0|4|0|0|0|4|1|0|0|2|0|2|0|13|0|.091|.091|,_data\master_csv__rescrape_staging\pitching_1959_CL_from_master.csv,2
CSV_ER,ER,0,0,index_12,12,0,1959,61163808,伊藤　芳明,,1959|読　売|36|48|44|0|4|0|0|0|4|1|0|0|2|0|2|0|13|0|.091|.091|,_data\master_csv__rescrape_staging\pitching_1959_CL_from_master.csv,2
CSV_ER,ER,0,0,index_13,13,0,1959,61163808,伊藤　芳明,,1959|読　売|36|48|44|0|4|0|0|0|4|1|0|0|2|0|2|0|13|0|.091|.091|,_data\master_csv__rescrape_staging\pitching_1959_CL_from_master.csv,2
CSV_ER,ER,0,0,index_15,15,0,1959,61163808,伊藤　芳明,,1959|読　売|36|48|44|0|4|0|0|0|4|1|0|0|2|0|2|0|13|0|.091|.091|,_data\master_csv__rescrape_staging\pitching_1959_CL_from_master.csv,2
CSV_ER,ER,0,0,index_17,17,0,1959,61163808,伊藤　芳明,,1959|読　売|36|48|44|0|4|0|0|0|4|1|0|0|2|0|2|0|13|0|.091|.091|,_data\master_csv__rescrape_staging\pitching_1959_CL_from_master.csv,2
CSV_ER,ER,0,0,index_19,19,0,1959,61163808,伊藤　芳明,,1959|読　売|36|48|44|0|4|0|0|0|4|1|0|0|2|0|2|0|13|0|.091|.091|,_data\master_csv__rescrape_staging\pitching_1959_CL_from_master.csv,2
CSV_ERA,ERA,58.0,58,防御率,23,58,1959,61163808,伊藤　芳明,年度|所属球団|登板|勝利|敗北|セーブ|H|HP|完投|完封勝|無四球|勝率|打者|投球回|安打|本塁打|四球|死球|三振|暴投|ボーク|失点|自責点|防御率,1959|読　売|36|7|9||||6|4|1|.438|627|154|154||115|16|64|2|131|1|0|58|51|2.98,_data\master_csv__rescrape_staging\pitching_1959_CL_from_master.csv,2
CSV_IP,IP,85.0,85,投球回,13,85,1959,51753802,木戸　美摸,年度|所属球団|登板|勝利|敗北|セーブ|H|HP|完投|完封勝|無四球|勝率|打者|投球回|安打|本塁打|四球|死球|三振|暴投|ボーク|失点|自責点|防御率,1959|読　売|31|5|4||||0|0|0|.556|350|85|85||72|7|27|7|54|2|1|38|37|3.92,_data\master_csv__rescrape_staging\pitching_1959_CL_from_master.csv,3
CSV_IP,IP,85.0,85,安打,14,85,1959,51753802,木戸　美摸,年度|所属球団|登板|勝利|敗北|セーブ|H|HP|完投|完封勝|無四球|勝率|打者|投球回|安打|本塁打|四球|死球|三振|暴投|ボーク|失点|自責点|防御率,1959|読　売|31|5|4||||0|0|0|.556|350|85|85||72|7|27|7|54|2|1|38|37|3.92,_data\master_csv__rescrape_staging\pitching_1959_CL_from_master.csv,3
CSV_ER,ER,1,1,自責点,22,1,1959,51753802,木戸　美摸,年度|所属球団|登板|勝利|敗北|セーブ|H|HP|完投|完封勝|無四球|勝率|打者|投球回|安打|本塁打|四球|死球|三振|暴投|ボーク|失点|自責点|防御率,1959|読　売|31|5|4||||0|0|0|.556|350|85|85||72|7|27|7|54|2|1|38|37|3.92,_data\master_csv__rescrape_staging\pitching_1959_CL_from_master.csv,3
CSV_ER,ER,1,1,index_5,5,1,1959,51753802,木戸　美摸,,1959|読　売|31|27|26|1|7|0|0|0|7|0|0|0|1|0|0|0|5|1|.269|.269|,_data\master_csv__rescrape_staging\pitching_1959_CL_from_master.csv,3
CSV_ER,ER,1,1,index_14,14,1,1959,51753802,木戸　美摸,,1959|読　売|31|27|26|1|7|0|0|0|7|0|0|0|1|0|0|0|5|1|.269|.269|,_data\master_csv__rescrape_staging\pitching_1959_CL_from_master.csv,3
CSV_ER,ER,1,1,index_19,19,1,1959,51753802,木戸　美摸,,1959|読　売|31|27|26|1|7|0|0|0|7|0|0|0|1|0|0|0|5|1|.269|.269|,_data\master_csv__rescrape_staging\pitching_1959_CL_from_master.csv,3
CSV_ERA,ERA,38.0,38,防御率,23,38,1959,51753802,木戸　美摸,年度|所属球団|登板|勝利|敗北|セーブ|H|HP|完投|完封勝|無四球|勝率|打者|投球回|安打|本塁打|四球|死球|三振|暴投|ボーク|失点|自責点|防御率,1959|読　売|31|5|4||||0|0|0|.556|350|85|85||72|7|27|7|54|2|1|38|37|3.92,_data\master_csv__rescrape_staging\pitching_1959_CL_from_master.csv,3
CSV_IP,IP,330.0,330,投球回,13,330,1959,41243804,藤田　元司,年度|所属球団|登板|勝利|敗北|セーブ|H|HP|完投|完封勝|無四球|勝率|打者|投球回|安打|本塁打|四球|死球|三振|暴投|ボーク|失点|自責点|防御率,1959|読　売|55|27|11||||24|3|2|.711|1288|330|330||250|14|93|4|181|6|0|76|67|1.83,_data\master_csv__rescrape_staging\pitching_1959_CL_from_master.csv,8
CSV_IP,IP,330.0,330,安打,14,330,1959,41243804,藤田　元司,年度|所属球団|登板|勝利|敗北|セーブ|H|HP|完投|完封勝|無四球|勝率|打者|投球回|安打|本塁打|四球|死球|三振|暴投|ボーク|失点|自責点|防御率,1959|読　売|55|27|11||||24|3|2|.711|1288|330|330||250|14|93|4|181|6|0|76|67|1.83,_data\master_csv__rescrape_staging\pitching_1959_CL_from_master.csv,8
CSV_ER,ER,0,0,自責点,22,0,1959,41243804,藤田　元司,年度|所属球団|登板|勝利|敗北|セーブ|H|HP|完投|完封勝|無四球|勝率|打者|投球回|安打|本塁打|四球|死球|三振|暴投|ボーク|失点|自責点|防御率,1959|読　売|55|27|11||||24|3|2|.711|1288|330|330||250|14|93|4|181|6|0|76|67|1.83,_data\master_csv__rescrape_staging\pitching_1959_CL_from_master.csv,8
CSV_ER,ER,0,0,index_8,8,0,1959,41243804,藤田　元司,,1959|読　売|55|123|108|8|10|2|0|1|15|7|1|0|9|2|4|0|45|1|.093|.139|,_data\master_csv__rescrape_staging\pitching_1959_CL_from_master.csv,8
CSV_ER,ER,0,0,index_13,13,0,1959,41243804,藤田　元司,,1959|読　売|55|123|108|8|10|2|0|1|15|7|1|0|9|2|4|0|45|1|.093|.139|,_data\master_csv__rescrape_staging\pitching_1959_CL_from_master.csv,8
CSV_ER,ER,0,0,index_17,17,0,1959,41243804,藤田　元司,,1959|読　売|55|123|108|8|10|2|0|1|15|7|1|0|9|2|4|0|45|1|.093|.139|,_data\master_csv__rescrape_staging\pitching_1959_CL_from_master.csv,8
CSV_ERA,ERA,76.0,76,防御率,23,76,1959,41243804,藤田　元司,年度|所属球団|登板|勝利|敗北|セーブ|H|HP|完投|完封勝|無四球|勝率|打者|投球回|安打|本塁打|四球|死球|三振|暴投|ボーク|失点|自責点|防御率,1959|読　売|55|27|11||||24|3|2|.711|1288|330|330||250|14|93|4|181|6|0|76|67|1.83,_data\master_csv__rescrape_staging\pitching_1959_CL_from_master.csv,8
CSV_IP,IP,110.0,110,投球回,13,110,1959,31933895,別所　毅彦,年度|所属球団|登板|勝利|敗北|セーブ|H|HP|完投|完封勝|無四球|勝率|打者|投球回|安打|本塁打|四球|死球|三振|暴投|ボーク|失点|自責点|防御率,1959|読　売|22|7|7||||3|0|0|.500|449|110|110||98|8|23|3|56|1|0|41|35|2.86,_data\master_csv__rescrape_staging\pitching_1959_CL_from_master.csv,9
CSV_IP,IP,110.0,110,安打,14,110,1959,31933895,別所　毅彦,年度|所属球団|登板|勝利|敗北|セーブ|H|HP|完投|完封勝|無四球|勝率|打者|投球回|安打|本塁打|四球|死球|三振|暴投|ボーク|失点|自責点|防御率,1959|読　売|22|7|7||||3|0|0|.500|449|110|110||98|8|23|3|56|1|0|41|35|2.86,_data\master_csv__rescrape_staging\pitching_1959_CL_from_master.csv,9
CSV_ER,ER,0,0,完封勝,9,0,1959,31933895,別所　毅彦,年度|所属球団|登板|勝利|敗北|セーブ|H|HP|完投|完封勝|無四球|勝率|打者|投球回|安打|本塁打|四球|死球|三振|暴投|ボーク|失点|自責点|防御率,1959|読　売|22|7|7||||3|0|0|.500|449|110|110||98|8|23|3|56|1|0|41|35|2.86,_data\master_csv__rescrape_staging\pitching_1959_CL_from_master.csv,9
CSV_ER,ER,0,0,無四球,10,0,1959,31933895,別所　毅彦,年度|所属球団|登板|勝利|敗北|セーブ|H|HP|完投|完封勝|無四球|勝率|打者|投球回|安打|本塁打|四球|死球|三振|暴投|ボーク|失点|自責点|防御率,1959|読　売|22|7|7||||3|0|0|.500|449|110|110||98|8|23|3|56|1|0|41|35|2.86,_data\master_csv__rescrape_staging\pitching_1959_CL_from_master.csv,9
CSV_ER,ER,0,0,自責点,22,0,1959,31933895,別所　毅彦,年度|所属球団|登板|勝利|敗北|セーブ|H|HP|完投|完封勝|無四球|勝率|打者|投球回|安打|本塁打|四球|死球|三振|暴投|ボーク|失点|自責点|防御率,1959|読　売|22|7|7||||3|0|0|.500|449|110|110||98|8|23|3|56|1|0|41|35|2.86,_data\master_csv__rescrape_staging\pitching_1959_CL_from_master.csv,9
CSV_ER,ER,0,0,index_7,7,0,1959,31933895,別所　毅彦,,1959|読　売|22|44|40|1|3|0|0|0|3|3|0|0|3|1|0|0|10|2|.075|.075|,_data\master_csv__rescrape_staging\pitching_1959_CL_from_master.csv,9
CSV_ER,ER,0,0,index_8,8,0,1959,31933895,別所　毅彦,,1959|読　売|22|44|40|1|3|0|0|0|3|3|0|0|3|1|0|0|10|2|.075|.075|,_data\master_csv__rescrape_staging\pitching_1959_CL_from_master.csv,9
CSV_ER,ER,0,0,index_9,9,0,1959,31933895,別所　毅彦,,1959|読　売|22|44|40|1|3|0|0|0|3|3|0|0|3|1|0|0|10|2|.075|.075|,_data\master_csv__rescrape_staging\pitching_1959_CL_from_master.csv,9
CSV_ER,ER,0,0,index_12,12,0,1959,31933895,別所　毅彦,,1959|読　売|22|44|40|1|3|0|0|0|3|3|0|0|3|1|0|0|10|2|.075|.075|,_data\master_csv__rescrape_staging\pitching_1959_CL_from_master.csv,9
CSV_ER,ER,0,0,index_13,13,0,1959,31933895,別所　毅彦,,1959|読　売|22|44|40|1|3|0|0|0|3|3|0|0|3|1|0|0|10|2|.075|.075|,_data\master_csv__rescrape_staging\pitching_1959_CL_from_master.csv,9
CSV_ER,ER,0,0,index_16,16,0,1959,31933895,別所　毅彦,,1959|読　売|22|44|40|1|3|0|0|0|3|3|0|0|3|1|0|0|10|2|.075|.075|,_data\master_csv__rescrape_staging\pitching_1959_CL_from_master.csv,9
CSV_ER,ER,0,0,index_17,17,0,1959,31933895,別所　毅彦,,1959|読　売|22|44|40|1|3|0|0|0|3|3|0|0|3|1|0|0|10|2|.075|.075|,_data\master_csv__rescrape_staging\pitching_1959_CL_from_master.csv,9
CSV_ERA,ERA,41.0,41,防御率,23,41,1959,31933895,別所　毅彦,年度|所属球団|登板|勝利|敗北|セーブ|H|HP|完投|完封勝|無四球|勝率|打者|投球回|安打|本塁打|四球|死球|三振|暴投|ボーク|失点|自責点|防御率,1959|読　売|22|7|7||||3|0|0|.500|449|110|110||98|8|23|3|56|1|0|41|35|2.86,_data\master_csv__rescrape_staging\pitching_1959_CL_from_master.csv,9
CSV_ER,ER,0,0,暴投,19,0,1959,23323800,堀内　庄,年度|所属球団|登板|勝利|敗北|セーブ|H|HP|完投|完封勝|無四球|勝率|打者|投球回|安打|本塁打|四球|死球|三振|暴投|ボーク|失点|自責点|防御率,1959|読　売|16|8|3||||7|3|2|.727|376|96 .2|96|.2|64|3|26|0|56|2|0|30|21|1.95,_data\master_csv__rescrape_staging\pitching_1959_CL_from_master.csv,10
CSV_ER,ER,0,0,自責点,22,0,1959,23323800,堀内　庄,年度|所属球団|登板|勝利|敗北|セーブ|H|HP|完投|完封勝|無四球|勝率|打者|投球回|安打|本塁打|四球|死球|三振|暴投|ボーク|失点|自責点|防御率,1959|読　売|16|8|3||||7|3|2|.727|376|96 .2|96|.2|64|3|26|0|56|2|0|30|21|1.95,_data\master_csv__rescrape_staging\pitching_1959_CL_from_master.csv,10
CSV_ER,ER,0,0,index_7,7,0,1959,23323800,堀内　庄,,1959|読　売|16|36|33|4|8|0|0|0|8|3|0|0|0|0|3|0|4|0|.242|.242|,_data\master_csv__rescrape_staging\pitching_1959_CL_from_master.csv,10
CSV_ER,ER,0,0,index_8,8,0,1959,23323800,堀内　庄,,1959|読　売|16|36|33|4|8|0|0|0|8|3|0|0|0|0|3|0|4|0|.242|.242|,_data\master_csv__rescrape_staging\pitching_1959_CL_from_master.csv,10
CSV_ER,ER,0,0,index_9,9,0,1959,23323800,堀内　庄,,1959|読　売|16|36|33|4|8|0|0|0|8|3|0|0|0|0|3|0|4|0|.242|.242|,_data\master_csv__rescrape_staging\pitching_1959_CL_from_master.csv,10
CSV_ER,ER,0,0,index_12,12,0,1959,23323800,堀内　庄,,1959|読　売|16|36|33|4|8|0|0|0|8|3|0|0|0|0|3|0|4|0|.242|.242|,_data\master_csv__rescrape_staging\pitching_1959_CL_from_master.csv,10
CSV_ER,ER,0,0,index_13,13,0,1959,23323800,堀内　庄,,1959|読　売|16|36|33|4|8|0|0|0|8|3|0|0|0|0|3|0|4|0|.242|.242|,_data\master_csv__rescrape_staging\pitching_1959_CL_from_master.csv,10
CSV_ER,ER,0,0,index_14,14,0,1959,23323800,堀内　庄,,1959|読　売|16|36|33|4|8|0|0|0|8|3|0|0|0|0|3|0|4|0|.242|.242|,_data\master_csv__rescrape_staging\pitching_1959_CL_from_master.csv,10
CSV_ER,ER,0,0,index_15,15,0,1959,23323800,堀内　庄,,1959|読　売|16|36|33|4|8|0|0|0|8|3|0|0|0|0|3|0|4|0|.242|.242|,_data\master_csv__rescrape_staging\pitching_1959_CL_from_master.csv,10
CSV_ER,ER,0,0,index_17,17,0,1959,23323800,堀内　庄,,1959|読　売|16|36|33|4|8|0|0|0|8|3|0|0|0|0|3|0|4|0|.242|.242|,_data\master_csv__rescrape_staging\pitching_1959_CL_from_master.csv,10
CSV_ER,ER,0,0,index_19,19,0,1959,23323800,堀内　庄,,1959|読　売|16|36|33|4|8|0|0|0|8|3|0|0|0|0|3|0|4|0|.242|.242|,_data\master_csv__rescrape_staging\pitching_1959_CL_from_master.csv,10
CSV_ERA,ERA,30.0,30,防御率,23,30,1959,23323800,堀内　庄,年度|所属球団|登板|勝利|敗北|セーブ|H|HP|完投|完封勝|無四球|勝率|打者|投球回|安打|本塁打|四球|死球|三振|暴投|ボーク|失点|自責点|防御率,1959|読　売|16|8|3||||7|3|2|.727|376|96 .2|96|.2|64|3|26|0|56|2|0|30|21|1.95,_data\master_csv__rescrape_staging\pitching_1959_CL_from_master.csv,10
CSV_IP,IP,112.0,112,投球回,13,112,1959,91193802,秋本　祐作,年度|所属球団|登板|勝利|敗北|セーブ|H|HP|完投|完封勝|無四球|勝率|打者|投球回|安打|本塁打|四球|死球|三振|暴投|ボーク|失点|自責点|防御率,1959|阪　急|40|3|9||||2|1|0|.250|490|112|112||128|3|37|4|68|0|0|58|51|4.10,_data\master_csv__rescrape_staging\pitching_1959_PL_from_master.csv,2
CSV_IP,IP,112.0,112,安打,14,112,1959,91193802,秋本　祐作,年度|所属球団|登板|勝利|敗北|セーブ|H|HP|完投|完封勝|無四球|勝率|打者|投球回|安打|本塁打|四球|死球|三振|暴投|ボーク|失点|自責点|防御率,1959|阪　急|40|3|9||||2|1|0|.250|490|112|112||128|3|37|4|68|0|0|58|51|4.10,_data\master_csv__rescrape_staging\pitching_1959_PL_from_master.csv,2
CSV_ER,ER,0,0,無四球,10,0,1959,91193802,秋本　祐作,年度|所属球団|登板|勝利|敗北|セーブ|H|HP|完投|完封勝|無四球|勝率|打者|投球回|安打|本塁打|四球|死球|三振|暴投|ボーク|失点|自責点|防御率,1959|阪　急|40|3|9||||2|1|0|.250|490|112|112||128|3|37|4|68|0|0|58|51|4.10,_data\master_csv__rescrape_staging\pitching_1959_PL_from_master.csv,2
CSV_ER,ER,0,0,失点,21,0,1959,91193802,秋本　祐作,年度|所属球団|登板|勝利|敗北|セーブ|H|HP|完投|完封勝|無四球|勝率|打者|投球回|安打|本塁打|四球|死球|三振|暴投|ボーク|失点|自責点|防御率,1959|阪　急|40|3|9||||2|1|0|.250|490|112|112||128|3|37|4|68|0|0|58|51|4.10,_data\master_csv__rescrape_staging\pitching_1959_PL_from_master.csv,2
CSV_ER,ER,0,0,自責点,22,0,1959,91193802,秋本　祐作,年度|所属球団|登板|勝利|敗北|セーブ|H|HP|完投|完封勝|無四球|勝率|打者|投球回|安打|本塁打|四球|死球|三振|暴投|ボーク|失点|自責点|防御率,1959|阪　急|40|3|9||||2|1|0|.250|490|112|112||128|3|37|4|68|0|0|58|51|4.10,_data\master_csv__rescrape_staging\pitching_1959_PL_from_master.csv,2
CSV_ER,ER,0,0,index_5,5,0,1959,91193802,秋本　祐作,,1959|阪　急|40|25|25|0|0|0|0|0|0|0|0|0|0|0|0|0|8|0|.000|.000|,_data\master_csv__rescrape_staging\pitching_1959_PL_from_master.csv,2
CSV_ER,ER,0,0,index_6,6,0,1959,91193802,秋本　祐作,,1959|阪　急|40|25|25|0|0|0|0|0|0|0|0|0|0|0|0|0|8|0|.000|.000|,_data\master_csv__rescrape_staging\pitching_1959_PL_from_master.csv,2
CSV_ER,ER,0,0,index_7,7,0,1959,91193802,秋本　祐作,,1959|阪　急|40|25|25|0|0|0|0|0|0|0|0|0|0|0|0|0|8|0|.000|.000|,_data\master_csv__rescrape_staging\pitching_1959_PL_from_master.csv,2
CSV_ER,ER,0,0,index_8,8,0,1959,91193802,秋本　祐作,,1959|阪　急|40|25|25|0|0|0|0|0|0|0|0|0|0|0|0|0|8|0|.000|.000|,_data\master_csv__rescrape_staging\pitching_1959_PL_from_master.csv,2
CSV_ER,ER,0,0,index_9,9,0,1959,91193802,秋本　祐作,,1959|阪　急|40|25|25|0|0|0|0|0|0|0|0|0|0|0|0|0|8|0|.000|.000|,_data\master_csv__rescrape_staging\pitching_1959_PL_from_master.csv,2
CSV_ER,ER,0,0,index_10,10,0,1959,91193802,秋本　祐作,,1959|阪　急|40|25|25|0|0|0|0|0|0|0|0|0|0|0|0|0|8|0|.000|.000|,_data\master_csv__rescrape_staging\pitching_1959_PL_from_master.csv,2
CSV_ER,ER,0,0,index_11,11,0,1959,91193802,秋本　祐作,,1959|阪　急|40|25|25|0|0|0|0|0|0|0|0|0|0|0|0|0|8|0|.000|.000|,_data\master_csv__rescrape_staging\pitching_1959_PL_from_master.csv,2
CSV_ER,ER,0,0,index_12,12,0,1959,91193802,秋本　祐作,,1959|阪　急|40|25|25|0|0|0|0|0|0|0|0|0|0|0|0|0|8|0|.000|.000|,_data\master_csv__rescrape_staging\pitching_1959_PL_from_master.csv,2
CSV_ER,ER,0,0,index_13,13,0,1959,91193802,秋本　祐作,,1959|阪　急|40|25|25|0|0|0|0|0|0|0|0|0|0|0|0|0|8|0|.000|.000|,_data\master_csv__rescrape_staging\pitching_1959_PL_from_master.csv,2
CSV_ER,ER,0,0,index_14,14,0,1959,91193802,秋本　祐作,,1959|阪　急|40|25|25|0|0|0|0|0|0|0|0|0|0|0|0|0|8|0|.000|.000|,_data\master_csv__rescrape_staging\pitching_1959_PL_from_master.csv,2
CSV_ER,ER,0,0,index_15,15,0,1959,91193802,秋本　祐作,,1959|阪　急|40|25|25|0|0|0|0|0|0|0|0|0|0|0|0|0|8|0|.000|.000|,_data\master_csv__rescrape_staging\pitching_1959_PL_from_master.csv,2
CSV_ER,ER,0,0,index_16,16,0,1959,91193802,秋本　祐作,,1959|阪　急|40|25|25|0|0|0|0|0|0|0|0|0|0|0|0|0|8|0|.000|.000|,_data\master_csv__rescrape_staging\pitching_1959_PL_from_master.csv,2
CSV_ER,ER,0,0,index_17,17,0,1959,91193802,秋本　祐作,,1959|阪　急|40|25|25|0|0|0|0|0|0|0|0|0|0|0|0|0|8|0|.000|.000|,_data\master_csv__rescrape_staging\pitching_1959_PL_from_master.csv,2
CSV_ER,ER,0,0,index_19,19,0,1959,91193802,秋本　祐作,,1959|阪　急|40|25|25|0|0|0|0|0|0|0|0|0|0|0|0|0|8|0|.000|.000|,_data\master_csv__rescrape_staging\pitching_1959_PL_from_master.csv,2
CSV_ER,ER,0,0,index_20,20,.000,1959,91193802,秋本　祐作,,1959|阪　急|40|25|25|0|0|0|0|0|0|0|0|0|0|0|0|0|8|0|.000|.000|,_data\master_csv__rescrape_staging\pitching_1959_PL_from_master.csv,2
CSV_ER,ER,0,0,index_21,21,.000,1959,91193802,秋本　祐作,,1959|阪　急|40|25|25|0|0|0|0|0|0|0|0|0|0|0|0|0|8|0|.000|.000|,_data\master_csv__rescrape_staging\pitching_1959_PL_from_master.csv,2
CSV_ERA,ERA,58.0,58,防御率,23,58,1959,91193802,秋本　祐作,年度|所属球団|登板|勝利|敗北|セーブ|H|HP|完投|完封勝|無四球|勝率|打者|投球回|安打|本塁打|四球|死球|三振|暴投|ボーク|失点|自責点|防御率,1959|阪　急|40|3|9||||2|1|0|.250|490|112|112||128|3|37|4|68|0|0|58|51|4.10,_data\master_csv__rescrape_staging\pitching_1959_PL_from_master.csv,2
CSV_ER,ER,0,0,完封勝,9,0,1959,51153808,安藤　治久,年度|所属球団|登板|勝利|敗北|セーブ|H|HP|完投|完封勝|無四球|勝率|打者|投球回|安打|本塁打|四球|死球|三振|暴投|ボーク|失点|自責点|防御率,1959|阪　急|44|8|10||||5|0|0|.444|728|169 .2|169|.2|167|13|60|3|125|3|0|70|61|3.23,_data\master_csv__rescrape_staging\pitching_1959_PL_from_master.csv,3
CSV_ER,ER,0,0,無四球,10,0,1959,51153808,安藤　治久,年度|所属球団|登板|勝利|敗北|セーブ|H|HP|完投|完封勝|無四球|勝率|打者|投球回|安打|本塁打|四球|死球|三振|暴投|ボーク|失点|自責点|防御率,1959|阪　急|44|8|10||||5|0|0|.444|728|169 .2|169|.2|167|13|60|3|125|3|0|70|61|3.23,_data\master_csv__rescrape_staging\pitching_1959_PL_from_master.csv,3
CSV_ER,ER,0,0,自責点,22,0,1959,51153808,安藤　治久,年度|所属球団|登板|勝利|敗北|セーブ|H|HP|完投|完封勝|無四球|勝率|打者|投球回|安打|本塁打|四球|死球|三振|暴投|ボーク|失点|自責点|防御率,1959|阪　急|44|8|10||||5|0|0|.444|728|169 .2|169|.2|167|13|60|3|125|3|0|70|61|3.23,_data\master_csv__rescrape_staging\pitching_1959_PL_from_master.csv,3
CSV_ER,ER,0,0,index_8,8,0,1959,51153808,安藤　治久,,1959|阪　急|44|45|39|3|7|2|0|0|9|1|0|0|4|0|2|0|12|0|.179|.231|,_data\master_csv__rescrape_staging\pitching_1959_PL_from_master.csv,3
CSV_ER,ER,0,0,index_9,9,0,1959,51153808,安藤　治久,,1959|阪　急|44|45|39|3|7|2|0|0|9|1|0|0|4|0|2|0|12|0|.179|.231|,_data\master_csv__rescrape_staging\pitching_1959_PL_from_master.csv,3
CSV_ER,ER,0,0,index_12,12,0,1959,51153808,安藤　治久,,1959|阪　急|44|45|39|3|7|2|0|0|9|1|0|0|4|0|2|0|12|0|.179|.231|,_data\master_csv__rescrape_staging\pitching_1959_PL_from_master.csv,3
CSV_ER,ER,0,0,index_13,13,0,1959,51153808,安藤　治久,,1959|阪　急|44|45|39|3|7|2|0|0|9|1|0|0|4|0|2|0|12|0|.179|.231|,_data\master_csv__rescrape_staging\pitching_1959_PL_from_master.csv,3
CSV_ER,ER,0,0,index_15,15,0,1959,51153808,安藤　治久,,1959|阪　急|44|45|39|3|7|2|0|0|9|1|0|0|4|0|2|0|12|0|.179|.231|,_data\master_csv__rescrape_staging\pitching_1959_PL_from_master.csv,3
CSV_ER,ER,0,0,index_17,17,0,1959,51153808,安藤　治久,,1959|阪　急|44|45|39|3|7|2|0|0|9|1|0|0|4|0|2|0|12|0|.179|.231|,_data\master_csv__rescrape_staging\pitching_1959_PL_from_master.csv,3
CSV_ER,ER,0,0,index_19,19,0,1959,51153808,安藤　治久,,1959|阪　急|44|45|39|3|7|2|0|0|9|1|0|0|4|0|2|0|12|0|.179|.231|,_data\master_csv__rescrape_staging\pitching_1959_PL_from_master.csv,3
CSV_ERA,ERA,70.0,70,防御率,23,70,1959,51153808,安藤　治久,年度|所属球団|登板|勝利|敗北|セーブ|H|HP|完投|完封勝|無四球|勝率|打者|投球回|安打|本塁打|四球|死球|三振|暴投|ボーク|失点|自責点|防御率,1959|阪　急|44|8|10||||5|0|0|.444|728|169 .2|169|.2|167|13|60|3|125|3|0|70|61|3.23,_data\master_csv__rescrape_staging\pitching_1959_PL_from_master.csv,3
CSV_ER,ER,0,0,完封勝,9,0,1959,71173808,足立　光宏,年度|所属球団|登板|勝利|敗北|セーブ|H|HP|完投|完封勝|無四球|勝率|打者|投球回|安打|本塁打|四球|死球|三振|暴投|ボーク|失点|自責点|防御率,1959|阪　急|36|4|7||||2|0|0|.364|466|111 .2|111|.2|113|4|25|3|63|0|0|57|47|3.78,_data\master_csv__rescrape_staging\pitching_1959_PL_from_master.csv,4
CSV_ER,ER,0,0,無四球,10,0,1959,71173808,足立　光宏,年度|所属球団|登板|勝利|敗北|セーブ|H|HP|完投|完封勝|無四球|勝率|打者|投球回|安打|本塁打|四球|死球|三振|暴投|ボーク|失点|自責点|防御率,1959|阪　急|36|4|7||||2|0|0|.364|466|111 .2|111|.2|113|4|25|3|63|0|0|57|47|3.78,_data\master_csv__rescrape_staging\pitching_1959_PL_from_master.csv,4
CSV_ER,ER,0,0,失点,21,0,1959,71173808,足立　光宏,年度|所属球団|登板|勝利|敗北|セーブ|H|HP|完投|完封勝|無四球|勝率|打者|投球回|安打|本塁打|四球|死球|三振|暴投|ボーク|失点|自責点|防御率,1959|阪　急|36|4|7||||2|0|0|.364|466|111 .2|111|.2|113|4|25|3|63|0|0|57|47|3.78,_data\master_csv__rescrape_staging\pitching_1959_PL_from_master.csv,4
CSV_ER,ER,0,0,自責点,22,0,1959,71173808,足立　光宏,年度|所属球団|登板|勝利|敗北|セーブ|H|HP|完投|完封勝|無四球|勝率|打者|投球回|安打|本塁打|四球|死球|三振|暴投|ボーク|失点|自責点|防御率,1959|阪　急|36|4|7||||2|0|0|.364|466|111 .2|111|.2|113|4|25|3|63|0|0|57|47|3.78,_data\master_csv__rescrape_staging\pitching_1959_PL_from_master.csv,4
CSV_ER,ER,0,0,index_5,5,0,1959,71173808,足立　光宏,,1959|阪　急|36|27|24|0|2|0|0|0|2|1|0|0|3|0|0|0|5|0|.083|.083|,_data\master_csv__rescrape_staging\pitching_1959_PL_from_master.csv,4
CSV_ER,ER,0,0,index_7,7,0,1959,71173808,足立　光宏,,1959|阪　急|36|27|24|0|2|0|0|0|2|1|0|0|3|0|0|0|5|0|.083|.083|,_data\master_csv__rescrape_staging\pitching_1959_PL_from_master.csv,4
CSV_ER,ER,0,0,index_8,8,0,1959,71173808,足立　光宏,,1959|阪　急|36|27|24|0|2|0|0|0|2|1|0|0|3|0|0|0|5|0|.083|.083|,_data\master_csv__rescrape_staging\pitching_1959_PL_from_master.csv,4
CSV_ER,ER,0,0,index_9,9,0,1959,71173808,足立　光宏,,1959|阪　急|36|27|24|0|2|0|0|0|2|1|0|0|3|0|0|0|5|0|.083|.083|,_data\master_csv__rescrape_staging\pitching_1959_PL_from_master.csv,4
CSV_ER,ER,0,0,index_12,12,0,1959,71173808,足立　光宏,,1959|阪　急|36|27|24|0|2|0|0|0|2|1|0|0|3|0|0|0|5|0|.083|.083|,_data\master_csv__rescrape_staging\pitching_1959_PL_from_master.csv,4
CSV_ER,ER,0,0,index_13,13,0,1959,71173808,足立　光宏,,1959|阪　急|36|27|24|0|2|0|0|0|2|1|0|0|3|0|0|0|5|0|.083|.083|,_data\master_csv__rescrape_staging\pitching_1959_PL_from_master.csv,4
CSV_ER,ER,0,0,index_15,15,0,1959,71173808,足立　光宏,,1959|阪　急|36|27|24|0|2|0|0|0|2|1|0|0|3|0|0|0|5|0|.083|.083|,_data\master_csv__rescrape_staging\pitching_1959_PL_from_master.csv,4
CSV_ER,ER,0,0,index_16,16,0,1959,71173808,足立　光宏,,1959|阪　急|36|27|24|0|2|0|0|0|2|1|0|0|3|0|0|0|5|0|.083|.083|,_data\master_csv__rescrape_staging\pitching_1959_PL_from_master.csv,4
CSV_ER,ER,0,0,index_17,17,0,1959,71173808,足立　光宏,,1959|阪　急|36|27|24|0|2|0|0|0|2|1|0|0|3|0|0|0|5|0|.083|.083|,_data\master_csv__rescrape_staging\pitching_1959_PL_from_master.csv,4
CSV_ER,ER,0,0,index_19,19,0,1959,71173808,足立　光宏,,1959|阪　急|36|27|24|0|2|0|0|0|2|1|0|0|3|0|0|0|5|0|.083|.083|,_data\master_csv__rescrape_staging\pitching_1959_PL_from_master.csv,4
CSV_ERA,ERA,57.0,57,防御率,23,57,1959,71173808,足立　光宏,年度|所属球団|登板|勝利|敗北|セーブ|H|HP|完投|完封勝|無四球|勝率|打者|投球回|安打|本塁打|四球|死球|三振|暴投|ボーク|失点|自責点|防御率,1959|阪　急|36|4|7||||2|0|0|.364|466|111 .2|111|.2|113|4|25|3|63|0|0|57|47|3.78,_data\master_csv__rescrape_staging\pitching_1959_PL_from_master.csv,4
CSV_ER,ER,0,0,勝利,3,0,1959,41143806,石井　茂雄,年度|所属球団|登板|勝利|敗北|セーブ|H|HP|完投|完封勝|無四球|勝率|打者|投球回|安打|本塁打|四球|死球|三振|暴投|ボーク|失点|自責点|防御率,1959|阪　急|25|0|1||||0|0|0|.000|231|55 .2|55|.2|43|8|25|0|41|0|0|33|28|4.50,_data\master_csv__rescrape_staging\pitching_1959_PL_from_master.csv,5
CSV_ER,ER,0,0,完投,8,0,1959,41143806,石井　茂雄,年度|所属球団|登板|勝利|敗北|セーブ|H|HP|完投|完封勝|無四球|勝率|打者|投球回|安打|本塁打|四球|死球|三振|暴投|ボーク|失点|自責点|防御率,1959|阪　急|25|0|1||||0|0|0|.000|231|55 .2|55|.2|43|8|25|0|41|0|0|33|28|4.50,_data\master_csv__rescrape_staging\pitching_1959_PL_from_master.csv,5
CSV_ER,ER,0,0,完封勝,9,0,1959,41143806,石井　茂雄,年度|所属球団|登板|勝利|敗北|セーブ|H|HP|完投|完封勝|無四球|勝率|打者|投球回|安打|本塁打|四球|死球|三振|暴投|ボーク|失点|自責点|防御率,1959|阪　急|25|0|1||||0|0|0|.000|231|55 .2|55|.2|43|8|25|0|41|0|0|33|28|4.50,_data\master_csv__rescrape_staging\pitching_1959_PL_from_master.csv,5
CSV_ER,ER,0,0,無四球,10,0,1959,41143806,石井　茂雄,年度|所属球団|登板|勝利|敗北|セーブ|H|HP|完投|完封勝|無四球|勝率|打者|投球回|安打|本塁打|四球|死球|三振|暴投|ボーク|失点|自責点|防御率,1959|阪　急|25|0|1||||0|0|0|.000|231|55 .2|55|.2|43|8|25|0|41|0|0|33|28|4.50,_data\master_csv__rescrape_staging\pitching_1959_PL_from_master.csv,5
CSV_ER,ER,0,0,勝率,11,.000,1959,41143806,石井　茂雄,年度|所属球団|登板|勝利|敗北|セーブ|H|HP|完投|完封勝|無四球|勝率|打者|投球回|安打|本塁打|四球|死球|三振|暴投|ボーク|失点|自責点|防御率,1959|阪　急|25|0|1||||0|0|0|.000|231|55 .2|55|.2|43|8|25|0|41|0|0|33|28|4.50,_data\master_csv__rescrape_staging\pitching_1959_PL_from_master.csv,5
CSV_ER,ER,0,0,暴投,19,0,1959,41143806,石井　茂雄,年度|所属球団|登板|勝利|敗北|セーブ|H|HP|完投|完封勝|無四球|勝率|打者|投球回|安打|本塁打|四球|死球|三振|暴投|ボーク|失点|自責点|防御率,1959|阪　急|25|0|1||||0|0|0|.000|231|55 .2|55|.2|43|8|25|0|41|0|0|33|28|4.50,_data\master_csv__rescrape_staging\pitching_1959_PL_from_master.csv,5
CSV_ER,ER,0,0,失点,21,0,1959,41143806,石井　茂雄,年度|所属球団|登板|勝利|敗北|セーブ|H|HP|完投|完封勝|無四球|勝率|打者|投球回|安打|本塁打|四球|死球|三振|暴投|ボーク|失点|自責点|防御率,1959|阪　急|25|0|1||||0|0|0|.000|231|55 .2|55|.2|43|8|25|0|41|0|0|33|28|4.50,_data\master_csv__rescrape_staging\pitching_1959_PL_from_master.csv,5
CSV_ER,ER,0,0,自責点,22,0,1959,41143806,石井　茂雄,年度|所属球団|登板|勝利|敗北|セーブ|H|HP|完投|完封勝|無四球|勝率|打者|投球回|安打|本塁打|四球|死球|三振|暴投|ボーク|失点|自責点|防御率,1959|阪　急|25|0|1||||0|0|0|.000|231|55 .2|55|.2|43|8|25|0|41|0|0|33|28|4.50,_data\master_csv__rescrape_staging\pitching_1959_PL_from_master.csv,5
CSV_ER,ER,0,0,index_7,7,0,1959,41143806,石井　茂雄,,1959|阪　急|25|15|13|2|5|0|0|0|5|0|0|0|2|0|0|0|3|0|.385|.385|,_data\master_csv__rescrape_staging\pitching_1959_PL_from_master.csv,5
CSV_ER,ER,0,0,index_8,8,0,1959,41143806,石井　茂雄,,1959|阪　急|25|15|13|2|5|0|0|0|5|0|0|0|2|0|0|0|3|0|.385|.385|,_data\master_csv__rescrape_staging\pitching_1959_PL_from_master.csv,5
CSV_ER,ER,0,0,index_9,9,0,1959,41143806,石井　茂雄,,1959|阪　急|25|15|13|2|5|0|0|0|5|0|0|0|2|0|0|0|3|0|.385|.385|,_data\master_csv__rescrape_staging\pitching_1959_PL_from_master.csv,5
CSV_ER,ER,0,0,index_11,11,0,1959,41143806,石井　茂雄,,1959|阪　急|25|15|13|2|5|0|0|0|5|0|0|0|2|0|0|0|3|0|.385|.385|,_data\master_csv__rescrape_staging\pitching_1959_PL_from_master.csv,5
CSV_ER,ER,0,0,index_12,12,0,1959,41143806,石井　茂雄,,1959|阪　急|25|15|13|2|5|0|0|0|5|0|0|0|2|0|0|0|3|0|.385|.385|,_data\master_csv__rescrape_staging\pitching_1959_PL_from_master.csv,5
CSV_ER,ER,0,0,index_13,13,0,1959,41143806,石井　茂雄,,1959|阪　急|25|15|13|2|5|0|0|0|5|0|0|0|2|0|0|0|3|0|.385|.385|,_data\master_csv__rescrape_staging\pitching_1959_PL_from_master.csv,5
CSV_ER,ER,0,0,index_15,15,0,1959,41143806,石井　茂雄,,1959|阪　急|25|15|13|2|5|0|0|0|5|0|0|0|2|0|0|0|3|0|.385|.385|,_data\master_csv__rescrape_staging\pitching_1959_PL_from_master.csv,5
CSV_ER,ER,0,0,index_16,16,0,1959,41143806,石井　茂雄,,1959|阪　急|25|15|13|2|5|0|0|0|5|0|0|0|2|0|0|0|3|0|.385|.385|,_data\master_csv__rescrape_staging\pitching_1959_PL_from_master.csv,5
CSV_ER,ER,0,0,index_17,17,0,1959,41143806,石井　茂雄,,1959|阪　急|25|15|13|2|5|0|0|0|5|0|0|0|2|0|0|0|3|0|.385|.385|,_data\master_csv__rescrape_staging\pitching_1959_PL_from_master.csv,5
CSV_ER,ER,0,0,index_19,19,0,1959,41143806,石井　茂雄,,1959|阪　急|25|15|13|2|5|0|0|0|5|0|0|0|2|0|0|0|3|0|.385|.385|,_data\master_csv__rescrape_staging\pitching_1959_PL_from_master.csv,5
CSV_ERA,ERA,33.0,33,防御率,23,33,1959,41143806,石井　茂雄,年度|所属球団|登板|勝利|敗北|セーブ|H|HP|完投|完封勝|無四球|勝率|打者|投球回|安打|本塁打|四球|死球|三振|暴投|ボーク|失点|自責点|防御率,1959|阪　急|25|0|1||||0|0|0|.000|231|55 .2|55|.2|43|8|25|0|41|0|0|33|28|4.50,_data\master_csv__rescrape_staging\pitching_1959_PL_from_master.csv,5
CSV_ER,ER,0,0,失点,21,0,1959,91793809,梶本　隆夫,年度|所属球団|登板|勝利|敗北|セーブ|H|HP|完投|完封勝|無四球|勝率|打者|投球回|安打|本塁打|四球|死球|三振|暴投|ボーク|失点|自責点|防御率,1959|阪　急|39|11|17||||5|2|1|.393|847|199 .1|199|.1|198|14|58|5|136|0|0|86|72|3.24,_data\master_csv__rescrape_staging\pitching_1959_PL_from_master.csv,6
CSV_ER,ER,0,0,自責点,22,0,1959,91793809,梶本　隆夫,年度|所属球団|登板|勝利|敗北|セーブ|H|HP|完投|完封勝|無四球|勝率|打者|投球回|安打|本塁打|四球|死球|三振|暴投|ボーク|失点|自責点|防御率,1959|阪　急|39|11|17||||5|2|1|.393|847|199 .1|199|.1|198|14|58|5|136|0|0|86|72|3.24,_data\master_csv__rescrape_staging\pitching_1959_PL_from_master.csv,6
CSV_ER,ER,0,0,index_8,8,0,1959,91793809,梶本　隆夫,,1959|阪　急|39|68|65|4|14|2|0|1|19|5|0|0|1|0|2|0|10|1|.215|.292|,_data\master_csv__rescrape_staging\pitching_1959_PL_from_master.csv,6
CSV_ER,ER,0,0,index_12,12,0,1959,91793809,梶本　隆夫,,1959|阪　急|39|68|65|4|14|2|0|1|19|5|0|0|1|0|2|0|10|1|.215|.292|,_data\master_csv__rescrape_staging\pitching_1959_PL_from_master.csv,6
CSV_ER,ER,0,0,index_13,13,0,1959,91793809,梶本　隆夫,,1959|阪　急|39|68|65|4|14|2|0|1|19|5|0|0|1|0|2|0|10|1|.215|.292|,_data\master_csv__rescrape_staging\pitching_1959_PL_from_master.csv,6
CSV_ER,ER,0,0,index_15,15,0,1959,91793809,梶本　隆夫,,1959|阪　急|39|68|65|4|14|2|0|1|19|5|0|0|1|0|2|0|10|1|.215|.292|,_data\master_csv__rescrape_staging\pitching_1959_PL_from_master.csv,6
CSV_ER,ER,0,0,index_17,17,0,1959,91793809,梶本　隆夫,,1959|阪　急|39|68|65|4|14|2|0|1|19|5|0|0|1|0|2|0|10|1|.215|.292|,_data\master_csv__rescrape_staging\pitching_1959_PL_from_master.csv,6
CSV_ERA,ERA,86.0,86,防御率,23,86,1959,91793809,梶本　隆夫,年度|所属球団|登板|勝利|敗北|セーブ|H|HP|完投|完封勝|無四球|勝率|打者|投球回|安打|本塁打|四球|死球|三振|暴投|ボーク|失点|自責点|防御率,1959|阪　急|39|11|17||||5|2|1|.393|847|199 .1|199|.1|198|14|58|5|136|0|0|86|72|3.24,_data\master_csv__rescrape_staging\pitching_1959_PL_from_master.csv,6
CSV_ER,ER,0,0,完封勝,9,0,1960,51153821,青木　宥明,年度|所属球団|登板|勝利|敗北|セーブ|H|HP|完投|完封勝|無四球|勝率|打者|投球回|安打|本塁打|四球|死球|三振|暴投|ボーク|失点|自責点|防御率,1960|読　売|23|6|2||||1|0|0|.750|277|64 .2|64|.2|62|4|19|4|33|0|0|32|27|3.74,_data\master_csv__rescrape_staging\pitching_1960_CL_from_master.csv,2
CSV_ER,ER,0,0,無四球,10,0,1960,51153821,青木　宥明,年度|所属球団|登板|勝利|敗北|セーブ|H|HP|完投|完封勝|無四球|勝率|打者|投球回|安打|本塁打|四球|死球|三振|暴投|ボーク|失点|自責点|防御率,1960|読　売|23|6|2||||1|0|0|.750|277|64 .2|64|.2|62|4|19|4|33|0|0|32|27|3.74,_data\master_csv__rescrape_staging\pitching_1960_CL_from_master.csv,2
CSV_ER,ER,0,0,失点,21,0,1960,51153821,青木　宥明,年度|所属球団|登板|勝利|敗北|セーブ|H|HP|完投|完封勝|無四球|勝率|打者|投球回|安打|本塁打|四球|死球|三振|暴投|ボーク|失点|自責点|防御率,1960|読　売|23|6|2||||1|0|0|.750|277|64 .2|64|.2|62|4|19|4|33|0|0|32|27|3.74,_data\master_csv__rescrape_staging\pitching_1960_CL_from_master.csv,2
CSV_ER,ER,0,0,自責点,22,0,1960,51153821,青木　宥明,年度|所属球団|登板|勝利|敗北|セーブ|H|HP|完投|完封勝|無四球|勝率|打者|投球回|安打|本塁打|四球|死球|三振|暴投|ボーク|失点|自責点|防御率,1960|読　売|23|6|2||||1|0|0|.750|277|64 .2|64|.2|62|4|19|4|33|0|0|32|27|3.74,_data\master_csv__rescrape_staging\pitching_1960_CL_from_master.csv,2
CSV_ER,ER,0,0,index_7,7,0,1960,51153821,青木　宥明,,1960|読　売|23|22|21|1|1|0|0|0|1|0|0|0|1|0|0|0|10|0|.048|.048|,_data\master_csv__rescrape_staging\pitching_1960_CL_from_master.csv,2
CSV_ER,ER,0,0,index_8,8,0,1960,51153821,青木　宥明,,1960|読　売|23|22|21|1|1|0|0|0|1|0|0|0|1|0|0|0|10|0|.048|.048|,_data\master_csv__rescrape_staging\pitching_1960_CL_from_master.csv,2
CSV_ER,ER,0,0,index_9,9,0,1960,51153821,青木　宥明,,1960|読　売|23|22|21|1|1|0|0|0|1|0|0|0|1|0|0|0|10|0|.048|.048|,_data\master_csv__rescrape_staging\pitching_1960_CL_from_master.csv,2
CSV_ER,ER,0,0,index_11,11,0,1960,51153821,青木　宥明,,1960|読　売|23|22|21|1|1|0|0|0|1|0|0|0|1|0|0|0|10|0|.048|.048|,_data\master_csv__rescrape_staging\pitching_1960_CL_from_master.csv,2
CSV_ER,ER,0,0,index_12,12,0,1960,51153821,青木　宥明,,1960|読　売|23|22|21|1|1|0|0|0|1|0|0|0|1|0|0|0|10|0|.048|.048|,_data\master_csv__rescrape_staging\pitching_1960_CL_from_master.csv,2
CSV_ER,ER,0,0,index_13,13,0,1960,51153821,青木　宥明,,1960|読　売|23|22|21|1|1|0|0|0|1|0|0|0|1|0|0|0|10|0|.048|.048|,_data\master_csv__rescrape_staging\pitching_1960_CL_from_master.csv,2
CSV_ER,ER,0,0,index_15,15,0,1960,51153821,青木　宥明,,1960|読　売|23|22|21|1|1|0|0|0|1|0|0|0|1|0|0|0|10|0|.048|.048|,_data\master_csv__rescrape_staging\pitching_1960_CL_from_master.csv,2
CSV_ER,ER,0,0,index_16,16,0,1960,51153821,青木　宥明,,1960|読　売|23|22|21|1|1|0|0|0|1|0|0|0|1|0|0|0|10|0|.048|.048|,_data\master_csv__rescrape_staging\pitching_1960_CL_from_master.csv,2
CSV_ER,ER,0,0,index_17,17,0,1960,51153821,青木　宥明,,1960|読　売|23|22|21|1|1|0|0|0|1|0|0|0|1|0|0|0|10|0|.048|.048|,_data\master_csv__rescrape_staging\pitching_1960_CL_from_master.csv,2
CSV_ER,ER,0,0,index_19,19,0,1960,51153821,青木　宥明,,1960|読　売|23|22|21|1|1|0|0|0|1|0|0|0|1|0|0|0|10|0|.048|.048|,_data\master_csv__rescrape_staging\pitching_1960_CL_from_master.csv,2
CSV_ERA,ERA,32.0,32,防御率,23,32,1960,51153821,青木　宥明,年度|所属球団|登板|勝利|敗北|セーブ|H|HP|完投|完封勝|無四球|勝率|打者|投球回|安打|本塁打|四球|死球|三振|暴投|ボーク|失点|自責点|防御率,1960|読　売|23|6|2||||1|0|0|.750|277|64 .2|64|.2|62|4|19|4|33|0|0|32|27|3.74,_data\master_csv__rescrape_staging\pitching_1960_CL_from_master.csv,2
CSV_ER,ER,0,0,無四球,10,0,1960,61163808,伊藤　芳明,年度|所属球団|登板|勝利|敗北|セーブ|H|HP|完投|完封勝|無四球|勝率|打者|投球回|安打|本塁打|四球|死球|三振|暴投|ボーク|失点|自責点|防御率,1960|読　売|53|10|9||||5|1|0|.526|747|187 .2|187|.2|150|20|58|1|157|4|0|76|67|3.21,_data\master_csv__rescrape_staging\pitching_1960_CL_from_master.csv,3
CSV_ER,ER,0,0,自責点,22,0,1960,61163808,伊藤　芳明,年度|所属球団|登板|勝利|敗北|セーブ|H|HP|完投|完封勝|無四球|勝率|打者|投球回|安打|本塁打|四球|死球|三振|暴投|ボーク|失点|自責点|防御率,1960|読　売|53|10|9||||5|1|0|.526|747|187 .2|187|.2|150|20|58|1|157|4|0|76|67|3.21,_data\master_csv__rescrape_staging\pitching_1960_CL_from_master.csv,3
CSV_ER,ER,0,0,index_7,7,0,1960,61163808,伊藤　芳明,,1960|読　売|54|61|57|3|7|0|0|0|7|1|0|0|0|0|4|0|17|1|.123|.123|,_data\master_csv__rescrape_staging\pitching_1960_CL_from_master.csv,3
CSV_ER,ER,0,0,index_8,8,0,1960,61163808,伊藤　芳明,,1960|読　売|54|61|57|3|7|0|0|0|7|1|0|0|0|0|4|0|17|1|.123|.123|,_data\master_csv__rescrape_staging\pitching_1960_CL_from_master.csv,3
CSV_ER,ER,0,0,index_9,9,0,1960,61163808,伊藤　芳明,,1960|読　売|54|61|57|3|7|0|0|0|7|1|0|0|0|0|4|0|17|1|.123|.123|,_data\master_csv__rescrape_staging\pitching_1960_CL_from_master.csv,3
CSV_ER,ER,0,0,index_12,12,0,1960,61163808,伊藤　芳明,,1960|読　売|54|61|57|3|7|0|0|0|7|1|0|0|0|0|4|0|17|1|.123|.123|,_data\master_csv__rescrape_staging\pitching_1960_CL_from_master.csv,3
CSV_ER,ER,0,0,index_13,13,0,1960,61163808,伊藤　芳明,,1960|読　売|54|61|57|3|7|0|0|0|7|1|0|0|0|0|4|0|17|1|.123|.123|,_data\master_csv__rescrape_staging\pitching_1960_CL_from_master.csv,3
CSV_ER,ER,0,0,index_14,14,0,1960,61163808,伊藤　芳明,,1960|読　売|54|61|57|3|7|0|0|0|7|1|0|0|0|0|4|0|17|1|.123|.123|,_data\master_csv__rescrape_staging\pitching_1960_CL_from_master.csv,3
CSV_ER,ER,0,0,index_15,15,0,1960,61163808,伊藤　芳明,,1960|読　売|54|61|57|3|7|0|0|0|7|1|0|0|0|0|4|0|17|1|.123|.123|,_data\master_csv__rescrape_staging\pitching_1960_CL_from_master.csv,3
CSV_ER,ER,0,0,index_17,17,0,1960,61163808,伊藤　芳明,,1960|読　売|54|61|57|3|7|0|0|0|7|1|0|0|0|0|4|0|17|1|.123|.123|,_data\master_csv__rescrape_staging\pitching_1960_CL_from_master.csv,3
CSV_ERA,ERA,76.0,76,防御率,23,76,1960,61163808,伊藤　芳明,年度|所属球団|登板|勝利|敗北|セーブ|H|HP|完投|完封勝|無四球|勝率|打者|投球回|安打|本塁打|四球|死球|三振|暴投|ボーク|失点|自責点|防御率,1960|読　売|53|10|9||||5|1|0|.526|747|187 .2|187|.2|150|20|58|1|157|4|0|76|67|3.21,_data\master_csv__rescrape_staging\pitching_1960_CL_from_master.csv,3
CSV_IP,IP,61.0,61,投球回,13,61,1960,81983804,中村　稔,年度|所属球団|登板|勝利|敗北|セーブ|H|HP|完投|完封勝|無四球|勝率|打者|投球回|安打|本塁打|四球|死球|三振|暴投|ボーク|失点|自責点|防御率,1960|読　売|35|2|4||||0|0|0|.333|264|61|61||69|5|16|1|38|1|0|36|35|5.16,_data\master_csv__rescrape_staging\pitching_1960_CL_from_master.csv,9
CSV_IP,IP,61.0,61,安打,14,61,1960,81983804,中村　稔,年度|所属球団|登板|勝利|敗北|セーブ|H|HP|完投|完封勝|無四球|勝率|打者|投球回|安打|本塁打|四球|死球|三振|暴投|ボーク|失点|自責点|防御率,1960|読　売|35|2|4||||0|0|0|.333|264|61|61||69|5|16|1|38|1|0|36|35|5.16,_data\master_csv__rescrape_staging\pitching_1960_CL_from_master.csv,9
CSV_ER,ER,0,0,完投,8,0,1960,81983804,中村　稔,年度|所属球団|登板|勝利|敗北|セーブ|H|HP|完投|完封勝|無四球|勝率|打者|投球回|安打|本塁打|四球|死球|三振|暴投|ボーク|失点|自責点|防御率,1960|読　売|35|2|4||||0|0|0|.333|264|61|61||69|5|16|1|38|1|0|36|35|5.16,_data\master_csv__rescrape_staging\pitching_1960_CL_from_master.csv,9
CSV_ER,ER,0,0,完封勝,9,0,1960,81983804,中村　稔,年度|所属球団|登板|勝利|敗北|セーブ|H|HP|完投|完封勝|無四球|勝率|打者|投球回|安打|本塁打|四球|死球|三振|暴投|ボーク|失点|自責点|防御率,1960|読　売|35|2|4||||0|0|0|.333|264|61|61||69|5|16|1|38|1|0|36|35|5.16,_data\master_csv__rescrape_staging\pitching_1960_CL_from_master.csv,9
CSV_ER,ER,0,0,無四球,10,0,1960,81983804,中村　稔,年度|所属球団|登板|勝利|敗北|セーブ|H|HP|完投|完封勝|無四球|勝率|打者|投球回|安打|本塁打|四球|死球|三振|暴投|ボーク|失点|自責点|防御率,1960|読　売|35|2|4||||0|0|0|.333|264|61|61||69|5|16|1|38|1|0|36|35|5.16,_data\master_csv__rescrape_staging\pitching_1960_CL_from_master.csv,9
CSV_ER,ER,0,0,自責点,22,0,1960,81983804,中村　稔,年度|所属球団|登板|勝利|敗北|セーブ|H|HP|完投|完封勝|無四球|勝率|打者|投球回|安打|本塁打|四球|死球|三振|暴投|ボーク|失点|自責点|防御率,1960|読　売|35|2|4||||0|0|0|.333|264|61|61||69|5|16|1|38|1|0|36|35|5.16,_data\master_csv__rescrape_staging\pitching_1960_CL_from_master.csv,9
CSV_ER,ER,0,0,index_5,5,0,1960,81983804,中村　稔,,1960|読　売|35|15|15|0|4|1|0|0|5|1|0|0|0|0|0|0|8|0|.267|.333|,_data\master_csv__rescrape_staging\pitching_1960_CL_from_master.csv,9
CSV_ER,ER,0,0,index_8,8,0,1960,81983804,中村　稔,,1960|読　売|35|15|15|0|4|1|0|0|5|1|0|0|0|0|0|0|8|0|.267|.333|,_data\master_csv__rescrape_staging\pitching_1960_CL_from_master.csv,9
CSV_ER,ER,0,0,index_9,9,0,1960,81983804,中村　稔,,1960|読　売|35|15|15|0|4|1|0|0|5|1|0|0|0|0|0|0|8|0|.267|.333|,_data\master_csv__rescrape_staging\pitching_1960_CL_from_master.csv,9
CSV_ER,ER,0,0,index_12,12,0,1960,81983804,中村　稔,,1960|読　売|35|15|15|0|4|1|0|0|5|1|0|0|0|0|0|0|8|0|.267|.333|,_data\master_csv__rescrape_staging\pitching_1960_CL_from_master.csv,9
CSV_ER,ER,0,0,index_13,13,0,1960,81983804,中村　稔,,1960|読　売|35|15|15|0|4|1|0|0|5|1|0|0|0|0|0|0|8|0|.267|.333|,_data\master_csv__rescrape_staging\pitching_1960_CL_from_master.csv,9
CSV_ER,ER,0,0,index_14,14,0,1960,81983804,中村　稔,,1960|読　売|35|15|15|0|4|1|0|0|5|1|0|0|0|0|0|0|8|0|.267|.333|,_data\master_csv__rescrape_staging\pitching_1960_CL_from_master.csv,9
CSV_ER,ER,0,0,index_15,15,0,1960,81983804,中村　稔,,1960|読　売|35|15|15|0|4|1|0|0|5|1|0|0|0|0|0|0|8|0|.267|.333|,_data\master_csv__rescrape_staging\pitching_1960_CL_from_master.csv,9
CSV_ER,ER,0,0,index_16,16,0,1960,81983804,中村　稔,,1960|読　売|35|15|15|0|4|1|0|0|5|1|0|0|0|0|0|0|8|0|.267|.333|,_data\master_csv__rescrape_staging\pitching_1960_CL_from_master.csv,9
CSV_ER,ER,0,0,index_17,17,0,1960,81983804,中村　稔,,1960|読　売|35|15|15|0|4|1|0|0|5|1|0|0|0|0|0|0|8|0|.267|.333|,_data\master_csv__rescrape_staging\pitching_1960_CL_from_master.csv,9
CSV_ER,ER,0,0,index_19,19,0,1960,81983804,中村　稔,,1960|読　売|35|15|15|0|4|1|0|0|5|1|0|0|0|0|0|0|8|0|.267|.333|,_data\master_csv__rescrape_staging\pitching_1960_CL_from_master.csv,9
CSV_ERA,ERA,36.0,36,防御率,23,36,1960,81983804,中村　稔,年度|所属球団|登板|勝利|敗北|セーブ|H|HP|完投|完封勝|無四球|勝率|打者|投球回|安打|本塁打|四球|死球|三振|暴投|ボーク|失点|自責点|防御率,1960|読　売|35|2|4||||0|0|0|.333|264|61|61||69|5|16|1|38|1|0|36|35|5.16,_data\master_csv__rescrape_staging\pitching_1960_CL_from_master.csv,9
CSV_IP,IP,141.0,141,投球回,13,141,1960,41243804,藤田　元司,年度|所属球団|登板|勝利|敗北|セーブ|H|HP|完投|完封勝|無四球|勝率|打者|投球回|安打|本塁打|四球|死球|三振|暴投|ボーク|失点|自責点|防御率,1960|読　売|36|7|12||||4|2|0|.368|592|141|141||128|12|53|1|70|4|0|60|48|3.06,_data\master_csv__rescrape_staging\pitching_1960_CL_from_master.csv,11
CSV_IP,IP,141.0,141,安打,14,141,1960,41243804,藤田　元司,年度|所属球団|登板|勝利|敗北|セーブ|H|HP|完投|完封勝|無四球|勝率|打者|投球回|安打|本塁打|四球|死球|三振|暴投|ボーク|失点|自責点|防御率,1960|読　売|36|7|12||||4|2|0|.368|592|141|141||128|12|53|1|70|4|0|60|48|3.06,_data\master_csv__rescrape_staging\pitching_1960_CL_from_master.csv,11
CSV_ER,ER,0,0,無四球,10,0,1960,41243804,藤田　元司,年度|所属球団|登板|勝利|敗北|セーブ|H|HP|完投|完封勝|無四球|勝率|打者|投球回|安打|本塁打|四球|死球|三振|暴投|ボーク|失点|自責点|防御率,1960|読　売|36|7|12||||4|2|0|.368|592|141|141||128|12|53|1|70|4|0|60|48|3.06,_data\master_csv__rescrape_staging\pitching_1960_CL_from_master.csv,11
CSV_ER,ER,0,0,自責点,22,0,1960,41243804,藤田　元司,年度|所属球団|登板|勝利|敗北|セーブ|H|HP|完投|完封勝|無四球|勝率|打者|投球回|安打|本塁打|四球|死球|三振|暴投|ボーク|失点|自責点|防御率,1960|読　売|36|7|12||||4|2|0|.368|592|141|141||128|12|53|1|70|4|0|60|48|3.06,_data\master_csv__rescrape_staging\pitching_1960_CL_from_master.csv,11
CSV_ER,ER,0,0,index_7,7,0,1960,41243804,藤田　元司,,1960|読　売|38|46|43|1|3|0|0|0|3|1|1|0|1|0|2|0|15|0|.070|.070|,_data\master_csv__rescrape_staging\pitching_1960_CL_from_master.csv,11
CSV_ER,ER,0,0,index_8,8,0,1960,41243804,藤田　元司,,1960|読　売|38|46|43|1|3|0|0|0|3|1|1|0|1|0|2|0|15|0|.070|.070|,_data\master_csv__rescrape_staging\pitching_1960_CL_from_master.csv,11
CSV_ER,ER,0,0,index_9,9,0,1960,41243804,藤田　元司,,1960|読　売|38|46|43|1|3|0|0|0|3|1|1|0|1|0|2|0|15|0|.070|.070|,_data\master_csv__rescrape_staging\pitching_1960_CL_from_master.csv,11
CSV_ER,ER,0,0,index_13,13,0,1960,41243804,藤田　元司,,1960|読　売|38|46|43|1|3|0|0|0|3|1|1|0|1|0|2|0|15|0|.070|.070|,_data\master_csv__rescrape_staging\pitching_1960_CL_from_master.csv,11
CSV_ER,ER,0,0,index_15,15,0,1960,41243804,藤田　元司,,1960|読　売|38|46|43|1|3|0|0|0|3|1|1|0|1|0|2|0|15|0|.070|.070|,_data\master_csv__rescrape_staging\pitching_1960_CL_from_master.csv,11
CSV_ER,ER,0,0,index_17,17,0,1960,41243804,藤田　元司,,1960|読　売|38|46|43|1|3|0|0|0|3|1|1|0|1|0|2|0|15|0|.070|.070|,_data\master_csv__rescrape_staging\pitching_1960_CL_from_master.csv,11
CSV_ER,ER,0,0,index_19,19,0,1960,41243804,藤田　元司,,1960|読　売|38|46|43|1|3|0|0|0|3|1|1|0|1|0|2|0|15|0|.070|.070|,_data\master_csv__rescrape_staging\pitching_1960_CL_from_master.csv,11
CSV_ERA,ERA,60.0,60,防御率,23,60,1960,41243804,藤田　元司,年度|所属球団|登板|勝利|敗北|セーブ|H|HP|完投|完封勝|無四球|勝率|打者|投球回|安打|本塁打|四球|死球|三振|暴投|ボーク|失点|自責点|防御率,1960|読　売|36|7|12||||4|2|0|.368|592|141|141||128|12|53|1|70|4|0|60|48|3.06,_data\master_csv__rescrape_staging\pitching_1960_CL_from_master.csv,11
CSV_ER,ER,0,0,自責点,22,0,1960,31933895,別所　毅彦,年度|所属球団|登板|勝利|敗北|セーブ|H|HP|完投|完封勝|無四球|勝率|打者|投球回|安打|本塁打|四球|死球|三振|暴投|ボーク|失点|自責点|防御率,1960|読　売|35|9|4||||3|1|1|.692|536|129 .1|129|.1|117|11|37|7|72|1|0|52|44|3.05,_data\master_csv__rescrape_staging\pitching_1960_CL_from_master.csv,13
CSV_ER,ER,0,0,index_8,8,0,1960,31933895,別所　毅彦,,1960|読　売|37|45|39|4|7|2|0|1|12|3|0|0|5|0|1|0|7|0|.179|.308|,_data\master_csv__rescrape_staging\pitching_1960_CL_from_master.csv,13
CSV_ER,ER,0,0,index_12,12,0,1960,31933895,別所　毅彦,,1960|読　売|37|45|39|4|7|2|0|1|12|3|0|0|5|0|1|0|7|0|.179|.308|,_data\master_csv__rescrape_staging\pitching_1960_CL_from_master.csv,13
CSV_ER,ER,0,0,index_13,13,0,1960,31933895,別所　毅彦,,1960|読　売|37|45|39|4|7|2|0|1|12|3|0|0|5|0|1|0|7|0|.179|.308|,_data\master_csv__rescrape_staging\pitching_1960_CL_from_master.csv,13
CSV_ER,ER,0,0,index_15,15,0,1960,31933895,別所　毅彦,,1960|読　売|37|45|39|4|7|2|0|1|12|3|0|0|5|0|1|0|7|0|.179|.308|,_data\master_csv__rescrape_staging\pitching_1960_CL_from_master.csv,13
CSV_ER,ER,0,0,index_17,17,0,1960,31933895,別所　毅彦,,1960|読　売|37|45|39|4|7|2|0|1|12|3|0|0|5|0|1|0|7|0|.179|.308|,_data\master_csv__rescrape_staging\pitching_1960_CL_from_master.csv,13
CSV_ER,ER,0,0,index_19,19,0,1960,31933895,別所　毅彦,,1960|読　売|37|45|39|4|7|2|0|1|12|3|0|0|5|0|1|0|7|0|.179|.308|,_data\master_csv__rescrape_staging\pitching_1960_CL_from_master.csv,13
CSV_ERA,ERA,52.0,52,防御率,23,52,1960,31933895,別所　毅彦,年度|所属球団|登板|勝利|敗北|セーブ|H|HP|完投|完封勝|無四球|勝率|打者|投球回|安打|本塁打|四球|死球|三振|暴投|ボーク|失点|自責点|防御率,1960|読　売|35|9|4||||3|1|1|.692|536|129 .1|129|.1|117|11|37|7|72|1|0|52|44|3.05,_data\master_csv__rescrape_staging\pitching_1960_CL_from_master.csv,13
CSV_IP,IP,143.0,143,投球回,13,143,1960,91193802,秋本　祐作,年度|所属球団|登板|勝利|敗北|セーブ|H|HP|完投|完封勝|無四球|勝率|打者|投球回|安打|本塁打|四球|死球|三振|暴投|ボーク|失点|自責点|防御率,1960|阪　急|36|6|8||||3|2|0|.429|603|143|143||140|7|45|5|100|0|0|61|54|3.40,_data\master_csv__rescrape_staging\pitching_1960_PL_from_master.csv,2
CSV_IP,IP,143.0,143,安打,14,143,1960,91193802,秋本　祐作,年度|所属球団|登板|勝利|敗北|セーブ|H|HP|完投|完封勝|無四球|勝率|打者|投球回|安打|本塁打|四球|死球|三振|暴投|ボーク|失点|自責点|防御率,1960|阪　急|36|6|8||||3|2|0|.429|603|143|143||140|7|45|5|100|0|0|61|54|3.40,_data\master_csv__rescrape_staging\pitching_1960_PL_from_master.csv,2
CSV_ER,ER,0,0,無四球,10,0,1960,91193802,秋本　祐作,年度|所属球団|登板|勝利|敗北|セーブ|H|HP|完投|完封勝|無四球|勝率|打者|投球回|安打|本塁打|四球|死球|三振|暴投|ボーク|失点|自責点|防御率,1960|阪　急|36|6|8||||3|2|0|.429|603|143|143||140|7|45|5|100|0|0|61|54|3.40,_data\master_csv__rescrape_staging\pitching_1960_PL_from_master.csv,2
CSV_ER,ER,0,0,失点,21,0,1960,91193802,秋本　祐作,年度|所属球団|登板|勝利|敗北|セーブ|H|HP|完投|完封勝|無四球|勝率|打者|投球回|安打|本塁打|四球|死球|三振|暴投|ボーク|失点|自責点|防御率,1960|阪　急|36|6|8||||3|2|0|.429|603|143|143||140|7|45|5|100|0|0|61|54|3.40,_data\master_csv__rescrape_staging\pitching_1960_PL_from_master.csv,2
CSV_ER,ER,0,0,自責点,22,0,1960,91193802,秋本　祐作,年度|所属球団|登板|勝利|敗北|セーブ|H|HP|完投|完封勝|無四球|勝率|打者|投球回|安打|本塁打|四球|死球|三振|暴投|ボーク|失点|自責点|防御率,1960|阪　急|36|6|8||||3|2|0|.429|603|143|143||140|7|45|5|100|0|0|61|54|3.40,_data\master_csv__rescrape_staging\pitching_1960_PL_from_master.csv,2
CSV_ER,ER,0,0,index_7,7,0,1960,91193802,秋本　祐作,,1960|阪　急|38|41|40|1|2|0|0|0|2|0|0|0|1|0|0|0|13|0|.050|.050|,_data\master_csv__rescrape_staging\pitching_1960_PL_from_master.csv,2
CSV_ER,ER,0,0,index_8,8,0,1960,91193802,秋本　祐作,,1960|阪　急|38|41|40|1|2|0|0|0|2|0|0|0|1|0|0|0|13|0|.050|.050|,_data\master_csv__rescrape_staging\pitching_1960_PL_from_master.csv,2
CSV_ER,ER,0,0,index_9,9,0,1960,91193802,秋本　祐作,,1960|阪　急|38|41|40|1|2|0|0|0|2|0|0|0|1|0|0|0|13|0|.050|.050|,_data\master_csv__rescrape_staging\pitching_1960_PL_from_master.csv,2
CSV_ER,ER,0,0,index_11,11,0,1960,91193802,秋本　祐作,,1960|阪　急|38|41|40|1|2|0|0|0|2|0|0|0|1|0|0|0|13|0|.050|.050|,_data\master_csv__rescrape_staging\pitching_1960_PL_from_master.csv,2
CSV_ER,ER,0,0,index_12,12,0,1960,91193802,秋本　祐作,,1960|阪　急|38|41|40|1|2|0|0|0|2|0|0|0|1|0|0|0|13|0|.050|.050|,_data\master_csv__rescrape_staging\pitching_1960_PL_from_master.csv,2
CSV_ER,ER,0,0,index_13,13,0,1960,91193802,秋本　祐作,,1960|阪　急|38|41|40|1|2|0|0|0|2|0|0|0|1|0|0|0|13|0|.050|.050|,_data\master_csv__rescrape_staging\pitching_1960_PL_from_master.csv,2
CSV_ER,ER,0,0,index_15,15,0,1960,91193802,秋本　祐作,,1960|阪　急|38|41|40|1|2|0|0|0|2|0|0|0|1|0|0|0|13|0|.050|.050|,_data\master_csv__rescrape_staging\pitching_1960_PL_from_master.csv,2
CSV_ER,ER,0,0,index_16,16,0,1960,91193802,秋本　祐作,,1960|阪　急|38|41|40|1|2|0|0|0|2|0|0|0|1|0|0|0|13|0|.050|.050|,_data\master_csv__rescrape_staging\pitching_1960_PL_from_master.csv,2
CSV_ER,ER,0,0,index_17,17,0,1960,91193802,秋本　祐作,,1960|阪　急|38|41|40|1|2|0|0|0|2|0|0|0|1|0|0|0|13|0|.050|.050|,_data\master_csv__rescrape_staging\pitching_1960_PL_from_master.csv,2
CSV_ER,ER,0,0,index_19,19,0,1960,91193802,秋本　祐作,,1960|阪　急|38|41|40|1|2|0|0|0|2|0|0|0|1|0|0|0|13|0|.050|.050|,_data\master_csv__rescrape_staging\pitching_1960_PL_from_master.csv,2
CSV_ERA,ERA,61.0,61,防御率,23,61,1960,91193802,秋本　祐作,年度|所属球団|登板|勝利|敗北|セーブ|H|HP|完投|完封勝|無四球|勝率|打者|投球回|安打|本塁打|四球|死球|三振|暴投|ボーク|失点|自責点|防御率,1960|阪　急|36|6|8||||3|2|0|.429|603|143|143||140|7|45|5|100|0|0|61|54|3.40,_data\master_csv__rescrape_staging\pitching_1960_PL_from_master.csv,2
CSV_ER,ER,0,0,失点,21,0,1960,51153808,安藤　治久,年度|所属球団|登板|勝利|敗北|セーブ|H|HP|完投|完封勝|無四球|勝率|打者|投球回|安打|本塁打|四球|死球|三振|暴投|ボーク|失点|自責点|防御率,1960|阪　急|42|7|13||||4|2|2|.350|700|166 .1|166|.1|177|13|40|3|103|0|0|78|64|3.45,_data\master_csv__rescrape_staging\pitching_1960_PL_from_master.csv,3
CSV_ER,ER,0,0,自責点,22,0,1960,51153808,安藤　治久,年度|所属球団|登板|勝利|敗北|セーブ|H|HP|完投|完封勝|無四球|勝率|打者|投球回|安打|本塁打|四球|死球|三振|暴投|ボーク|失点|自責点|防御率,1960|阪　急|42|7|13||||4|2|2|.350|700|166 .1|166|.1|177|13|40|3|103|0|0|78|64|3.45,_data\master_csv__rescrape_staging\pitching_1960_PL_from_master.csv,3
CSV_ER,ER,0,0,index_7,7,0,1960,51153808,安藤　治久,,1960|阪　急|42|44|42|1|2|0|0|0|2|1|0|1|1|0|1|0|13|1|.048|.048|,_data\master_csv__rescrape_staging\pitching_1960_PL_from_master.csv,3
CSV_ER,ER,0,0,index_8,8,0,1960,51153808,安藤　治久,,1960|阪　急|42|44|42|1|2|0|0|0|2|1|0|1|1|0|1|0|13|1|.048|.048|,_data\master_csv__rescrape_staging\pitching_1960_PL_from_master.csv,3
CSV_ER,ER,0,0,index_9,9,0,1960,51153808,安藤　治久,,1960|阪　急|42|44|42|1|2|0|0|0|2|1|0|1|1|0|1|0|13|1|.048|.048|,_data\master_csv__rescrape_staging\pitching_1960_PL_from_master.csv,3
CSV_ER,ER,0,0,index_12,12,0,1960,51153808,安藤　治久,,1960|阪　急|42|44|42|1|2|0|0|0|2|1|0|1|1|0|1|0|13|1|.048|.048|,_data\master_csv__rescrape_staging\pitching_1960_PL_from_master.csv,3
CSV_ER,ER,0,0,index_15,15,0,1960,51153808,安藤　治久,,1960|阪　急|42|44|42|1|2|0|0|0|2|1|0|1|1|0|1|0|13|1|.048|.048|,_data\master_csv__rescrape_staging\pitching_1960_PL_from_master.csv,3
CSV_ER,ER,0,0,index_17,17,0,1960,51153808,安藤　治久,,1960|阪　急|42|44|42|1|2|0|0|0|2|1|0|1|1|0|1|0|13|1|.048|.048|,_data\master_csv__rescrape_staging\pitching_1960_PL_from_master.csv,3
CSV_ERA,ERA,78.0,78,防御率,23,78,1960,51153808,安藤　治久,年度|所属球団|登板|勝利|敗北|セーブ|H|HP|完投|完封勝|無四球|勝率|打者|投球回|安打|本塁打|四球|死球|三振|暴投|ボーク|失点|自責点|防御率,1960|阪　急|42|7|13||||4|2|2|.350|700|166 .1|166|.1|177|13|40|3|103|0|0|78|64|3.45,_data\master_csv__rescrape_staging\pitching_1960_PL_from_master.csv,3
CSV_ER,ER,0,0,無四球,10,0,1960,71173808,足立　光宏,年度|所属球団|登板|勝利|敗北|セーブ|H|HP|完投|完封勝|無四球|勝率|打者|投球回|安打|本塁打|四球|死球|三振|暴投|ボーク|失点|自責点|防御率,1960|阪　急|41|4|7||||1|1|0|.364|449|112 .1|112|.1|101|6|19|3|52|1|0|42|40|3.19,_data\master_csv__rescrape_staging\pitching_1960_PL_from_master.csv,4
CSV_ER,ER,0,0,自責点,22,0,1960,71173808,足立　光宏,年度|所属球団|登板|勝利|敗北|セーブ|H|HP|完投|完封勝|無四球|勝率|打者|投球回|安打|本塁打|四球|死球|三振|暴投|ボーク|失点|自責点|防御率,1960|阪　急|41|4|7||||1|1|0|.364|449|112 .1|112|.1|101|6|19|3|52|1|0|42|40|3.19,_data\master_csv__rescrape_staging\pitching_1960_PL_from_master.csv,4
CSV_ER,ER,0,0,index_8,8,0,1960,71173808,足立　光宏,,1960|阪　急|41|17|14|1|3|2|0|0|5|0|0|0|2|0|1|0|0|0|.214|.357|,_data\master_csv__rescrape_staging\pitching_1960_PL_from_master.csv,4
CSV_ER,ER,0,0,index_9,9,0,1960,71173808,足立　光宏,,1960|阪　急|41|17|14|1|3|2|0|0|5|0|0|0|2|0|1|0|0|0|.214|.357|,_data\master_csv__rescrape_staging\pitching_1960_PL_from_master.csv,4
CSV_ER,ER,0,0,index_11,11,0,1960,71173808,足立　光宏,,1960|阪　急|41|17|14|1|3|2|0|0|5|0|0|0|2|0|1|0|0|0|.214|.357|,_data\master_csv__rescrape_staging\pitching_1960_PL_from_master.csv,4
CSV_ER,ER,0,0,index_12,12,0,1960,71173808,足立　光宏,,1960|阪　急|41|17|14|1|3|2|0|0|5|0|0|0|2|0|1|0|0|0|.214|.357|,_data\master_csv__rescrape_staging\pitching_1960_PL_from_master.csv,4
CSV_ER,ER,0,0,index_13,13,0,1960,71173808,足立　光宏,,1960|阪　急|41|17|14|1|3|2|0|0|5|0|0|0|2|0|1|0|0|0|.214|.357|,_data\master_csv__rescrape_staging\pitching_1960_PL_from_master.csv,4
CSV_ER,ER,0,0,index_15,15,0,1960,71173808,足立　光宏,,1960|阪　急|41|17|14|1|3|2|0|0|5|0|0|0|2|0|1|0|0|0|.214|.357|,_data\master_csv__rescrape_staging\pitching_1960_PL_from_master.csv,4
CSV_ER,ER,0,0,index_17,17,0,1960,71173808,足立　光宏,,1960|阪　急|41|17|14|1|3|2|0|0|5|0|0|0|2|0|1|0|0|0|.214|.357|,_data\master_csv__rescrape_staging\pitching_1960_PL_from_master.csv,4
CSV_ER,ER,0,0,index_18,18,0,1960,71173808,足立　光宏,,1960|阪　急|41|17|14|1|3|2|0|0|5|0|0|0|2|0|1|0|0|0|.214|.357|,_data\master_csv__rescrape_staging\pitching_1960_PL_from_master.csv,4
CSV_ER,ER,0,0,index_19,19,0,1960,71173808,足立　光宏,,1960|阪　急|41|17|14|1|3|2|0|0|5|0|0|0|2|0|1|0|0|0|.214|.357|,_data\master_csv__rescrape_staging\pitching_1960_PL_from_master.csv,4
CSV_ERA,ERA,42.0,42,防御率,23,42,1960,71173808,足立　光宏,年度|所属球団|登板|勝利|敗北|セーブ|H|HP|完投|完封勝|無四球|勝率|打者|投球回|安打|本塁打|四球|死球|三振|暴投|ボーク|失点|自責点|防御率,1960|阪　急|41|4|7||||1|1|0|.364|449|112 .1|112|.1|101|6|19|3|52|1|0|42|40|3.19,_data\master_csv__rescrape_staging\pitching_1960_PL_from_master.csv,4
CSV_ER,ER,0,0,暴投,19,0,1960,41143806,石井　茂雄,年度|所属球団|登板|勝利|敗北|セーブ|H|HP|完投|完封勝|無四球|勝率|打者|投球回|安打|本塁打|四球|死球|三振|暴投|ボーク|失点|自責点|防御率,1960|阪　急|27|2|2||||1|1|1|.500|282|67 .1|67|.1|54|3|27|0|55|1|0|30|23|3.04,_data\master_csv__rescrape_staging\pitching_1960_PL_from_master.csv,5
CSV_ER,ER,0,0,自責点,22,0,1960,41143806,石井　茂雄,年度|所属球団|登板|勝利|敗北|セーブ|H|HP|完投|完封勝|無四球|勝率|打者|投球回|安打|本塁打|四球|死球|三振|暴投|ボーク|失点|自責点|防御率,1960|阪　急|27|2|2||||1|1|1|.500|282|67 .1|67|.1|54|3|27|0|55|1|0|30|23|3.04,_data\master_csv__rescrape_staging\pitching_1960_PL_from_master.csv,5
CSV_ER,ER,0,0,index_8,8,0,1960,41143806,石井　茂雄,,1960|阪　急|27|12|12|1|4|1|0|0|5|0|0|0|0|0|0|0|3|0|.333|.417|,_data\master_csv__rescrape_staging\pitching_1960_PL_from_master.csv,5
CSV_ER,ER,0,0,index_9,9,0,1960,41143806,石井　茂雄,,1960|阪　急|27|12|12|1|4|1|0|0|5|0|0|0|0|0|0|0|3|0|.333|.417|,_data\master_csv__rescrape_staging\pitching_1960_PL_from_master.csv,5
CSV_ER,ER,0,0,index_11,11,0,1960,41143806,石井　茂雄,,1960|阪　急|27|12|12|1|4|1|0|0|5|0|0|0|0|0|0|0|3|0|.333|.417|,_data\master_csv__rescrape_staging\pitching_1960_PL_from_master.csv,5
CSV_ER,ER,0,0,index_12,12,0,1960,41143806,石井　茂雄,,1960|阪　急|27|12|12|1|4|1|0|0|5|0|0|0|0|0|0|0|3|0|.333|.417|,_data\master_csv__rescrape_staging\pitching_1960_PL_from_master.csv,5
CSV_ER,ER,0,0,index_13,13,0,1960,41143806,石井　茂雄,,1960|阪　急|27|12|12|1|4|1|0|0|5|0|0|0|0|0|0|0|3|0|.333|.417|,_data\master_csv__rescrape_staging\pitching_1960_PL_from_master.csv,5
CSV_ER,ER,0,0,index_14,14,0,1960,41143806,石井　茂雄,,1960|阪　急|27|12|12|1|4|1|0|0|5|0|0|0|0|0|0|0|3|0|.333|.417|,_data\master_csv__rescrape_staging\pitching_1960_PL_from_master.csv,5
CSV_ER,ER,0,0,index_15,15,0,1960,41143806,石井　茂雄,,1960|阪　急|27|12|12|1|4|1|0|0|5|0|0|0|0|0|0|0|3|0|.333|.417|,_data\master_csv__rescrape_staging\pitching_1960_PL_from_master.csv,5
CSV_ER,ER,0,0,index_16,16,0,1960,41143806,石井　茂雄,,1960|阪　急|27|12|12|1|4|1|0|0|5|0|0|0|0|0|0|0|3|0|.333|.417|,_data\master_csv__rescrape_staging\pitching_1960_PL_from_master.csv,5
CSV_ER,ER,0,0,index_17,17,0,1960,41143806,石井　茂雄,,1960|阪　急|27|12|12|1|4|1|0|0|5|0|0|0|0|0|0|0|3|0|.333|.417|,_data\master_csv__rescrape_staging\pitching_1960_PL_from_master.csv,5
CSV_ER,ER,0,0,index_19,19,0,1960,41143806,石井　茂雄,,1960|阪　急|27|12|12|1|4|1|0|0|5|0|0|0|0|0|0|0|3|0|.333|.417|,_data\master_csv__rescrape_staging\pitching_1960_PL_from_master.csv,5
CSV_ERA,ERA,30.0,30,防御率,23,30,1960,41143806,石井　茂雄,年度|所属球団|登板|勝利|敗北|セーブ|H|HP|完投|完封勝|無四球|勝率|打者|投球回|安打|本塁打|四球|死球|三振|暴投|ボーク|失点|自責点|防御率,1960|阪　急|27|2|2||||1|1|1|.500|282|67 .1|67|.1|54|3|27|0|55|1|0|30|23|3.04,_data\master_csv__rescrape_staging\pitching_1960_PL_from_master.csv,5
CSV_ER,ER,0,0,自責点,22,0,1960,91793809,梶本　隆夫,年度|所属球団|登板|勝利|敗北|セーブ|H|HP|完投|完封勝|無四球|勝率|打者|投球回|安打|本塁打|四球|死球|三振|暴投|ボーク|失点|自責点|防御率,1960|阪　急|48|21|18||||18|4|4|.538|1228|297 .2|297|.2|266|31|82|4|171|1|0|97|84|2.54,_data\master_csv__rescrape_staging\pitching_1960_PL_from_master.csv,6
CSV_ER,ER,0,0,index_8,8,0,1960,91793809,梶本　隆夫,,1960|阪　急|49|111|104|8|23|6|0|1|32|13|0|0|3|0|4|0|15|0|.221|.308|,_data\master_csv__rescrape_staging\pitching_1960_PL_from_master.csv,6
CSV_ER,ER,0,0,index_12,12,0,1960,91793809,梶本　隆夫,,1960|阪　急|49|111|104|8|23|6|0|1|32|13|0|0|3|0|4|0|15|0|.221|.308|,_data\master_csv__rescrape_staging\pitching_1960_PL_from_master.csv,6
CSV_ER,ER,0,0,index_13,13,0,1960,91793809,梶本　隆夫,,1960|阪　急|49|111|104|8|23|6|0|1|32|13|0|0|3|0|4|0|15|0|.221|.308|,_data\master_csv__rescrape_staging\pitching_1960_PL_from_master.csv,6
CSV_ER,ER,0,0,index_15,15,0,1960,91793809,梶本　隆夫,,1960|阪　急|49|111|104|8|23|6|0|1|32|13|0|0|3|0|4|0|15|0|.221|.308|,_data\master_csv__rescrape_staging\pitching_1960_PL_from_master.csv,6
CSV_ER,ER,0,0,index_17,17,0,1960,91793809,梶本　隆夫,,1960|阪　急|49|111|104|8|23|6|0|1|32|13|0|0|3|0|4|0|15|0|.221|.308|,_data\master_csv__rescrape_staging\pitching_1960_PL_from_master.csv,6
CSV_ER,ER,0,0,index_19,19,0,1960,91793809,梶本　隆夫,,1960|阪　急|49|111|104|8|23|6|0|1|32|13|0|0|3|0|4|0|15|0|.221|.308|,_data\master_csv__rescrape_staging\pitching_1960_PL_from_master.csv,6
CSV_ERA,ERA,97.0,97,防御率,23,97,1960,91793809,梶本　隆夫,年度|所属球団|登板|勝利|敗北|セーブ|H|HP|完投|完封勝|無四球|勝率|打者|投球回|安打|本塁打|四球|死球|三振|暴投|ボーク|失点|自責点|防御率,1960|阪　急|48|21|18||||18|4|4|.538|1228|297 .2|297|.2|266|31|82|4|171|1|0|97|84|2.54,_data\master_csv__rescrape_staging\pitching_1960_PL_from_master.csv,6
CSV_ER,ER,1,1,完投,8,1,1961,61163808,伊藤　芳明,年度|所属球団|登板|勝利|敗北|セーブ|H|HP|完投|完封勝|無四球|勝率|打者|投球回|安打|本塁打|四球|死球|三振|暴投|ボーク|失点|自責点|防御率,1961|読　売|51|13|6||||1|1|0|.684|778|187 .2|187|.2|146|9|83|3|166|2|1|49|44|2.11,_data\master_csv__rescrape_staging\pitching_1961_CL_from_master.csv,3
CSV_ER,ER,1,1,完封勝,9,1,1961,61163808,伊藤　芳明,年度|所属球団|登板|勝利|敗北|セーブ|H|HP|完投|完封勝|無四球|勝率|打者|投球回|安打|本塁打|四球|死球|三振|暴投|ボーク|失点|自責点|防御率,1961|読　売|51|13|6||||1|1|0|.684|778|187 .2|187|.2|146|9|83|3|166|2|1|49|44|2.11,_data\master_csv__rescrape_staging\pitching_1961_CL_from_master.csv,3
CSV_ER,ER,1,1,自責点,22,1,1961,61163808,伊藤　芳明,年度|所属球団|登板|勝利|敗北|セーブ|H|HP|完投|完封勝|無四球|勝率|打者|投球回|安打|本塁打|四球|死球|三振|暴投|ボーク|失点|自責点|防御率,1961|読　売|51|13|6||||1|1|0|.684|778|187 .2|187|.2|146|9|83|3|166|2|1|49|44|2.11,_data\master_csv__rescrape_staging\pitching_1961_CL_from_master.csv,3
CSV_ER,ER,1,1,index_7,7,1,1961,61163808,伊藤　芳明,,1961|読　売|51|65|60|3|13|1|0|0|14|1|0|0|5|0|0|0|11|0|.217|.233|,_data\master_csv__rescrape_staging\pitching_1961_CL_from_master.csv,3
CSV_ER,ER,1,1,index_11,11,1,1961,61163808,伊藤　芳明,,1961|読　売|51|65|60|3|13|1|0|0|14|1|0|0|5|0|0|0|11|0|.217|.233|,_data\master_csv__rescrape_staging\pitching_1961_CL_from_master.csv,3
CSV_ERA,ERA,49.0,49,防御率,23,49,1961,61163808,伊藤　芳明,年度|所属球団|登板|勝利|敗北|セーブ|H|HP|完投|完封勝|無四球|勝率|打者|投球回|安打|本塁打|四球|死球|三振|暴投|ボーク|失点|自責点|防御率,1961|読　売|51|13|6||||1|1|0|.684|778|187 .2|187|.2|146|9|83|3|166|2|1|49|44|2.11,_data\master_csv__rescrape_staging\pitching_1961_CL_from_master.csv,3
CSV_IP,IP,241.0,241,投球回,13,241,1961,81983804,中村　稔,年度|所属球団|登板|勝利|敗北|セーブ|H|HP|完投|完封勝|無四球|勝率|打者|投球回|安打|本塁打|四球|死球|三振|暴投|ボーク|失点|自責点|防御率,1961|読　売|63|17|10||||5|3|0|.630|975|241|241||202|13|63|9|142|5|1|69|57|2.13,_data\master_csv__rescrape_staging\pitching_1961_CL_from_master.csv,10
CSV_IP,IP,241.0,241,安打,14,241,1961,81983804,中村　稔,年度|所属球団|登板|勝利|敗北|セーブ|H|HP|完投|完封勝|無四球|勝率|打者|投球回|安打|本塁打|四球|死球|三振|暴投|ボーク|失点|自責点|防御率,1961|読　売|63|17|10||||5|3|0|.630|975|241|241||202|13|63|9|142|5|1|69|57|2.13,_data\master_csv__rescrape_staging\pitching_1961_CL_from_master.csv,10
CSV_ER,ER,1,1,自責点,22,1,1961,81983804,中村　稔,年度|所属球団|登板|勝利|敗北|セーブ|H|HP|完投|完封勝|無四球|勝率|打者|投球回|安打|本塁打|四球|死球|三振|暴投|ボーク|失点|自責点|防御率,1961|読　売|63|17|10||||5|3|0|.630|975|241|241||202|13|63|9|142|5|1|69|57|2.13,_data\master_csv__rescrape_staging\pitching_1961_CL_from_master.csv,10
CSV_ER,ER,1,1,index_7,7,1,1961,81983804,中村　稔,,1961|読　売|63|74|68|4|10|1|0|0|11|2|0|0|2|0|4|0|17|0|.147|.162|,_data\master_csv__rescrape_staging\pitching_1961_CL_from_master.csv,10
CSV_ERA,ERA,69.0,69,防御率,23,69,1961,81983804,中村　稔,年度|所属球団|登板|勝利|敗北|セーブ|H|HP|完投|完封勝|無四球|勝率|打者|投球回|安打|本塁打|四球|死球|三振|暴投|ボーク|失点|自責点|防御率,1961|読　売|63|17|10||||5|3|0|.630|975|241|241||202|13|63|9|142|5|1|69|57|2.13,_data\master_csv__rescrape_staging\pitching_1961_CL_from_master.csv,10
CSV_IP,IP,141.0,141,投球回,13,141,1961,41243804,藤田　元司,年度|所属球団|登板|勝利|敗北|セーブ|H|HP|完投|完封勝|無四球|勝率|打者|投球回|安打|本塁打|四球|死球|三振|暴投|ボーク|失点|自責点|防御率,1961|読　売|42|8|13||||3|1|0|.381|589|141|141||130|4|61|3|64|4|0|54|43|2.74,_data\master_csv__rescrape_staging\pitching_1961_CL_from_master.csv,12
CSV_IP,IP,141.0,141,安打,14,141,1961,41243804,藤田　元司,年度|所属球団|登板|勝利|敗北|セーブ|H|HP|完投|完封勝|無四球|勝率|打者|投球回|安打|本塁打|四球|死球|三振|暴投|ボーク|失点|自責点|防御率,1961|読　売|42|8|13||||3|1|0|.381|589|141|141||130|4|61|3|64|4|0|54|43|2.74,_data\master_csv__rescrape_staging\pitching_1961_CL_from_master.csv,12
CSV_ER,ER,0,0,無四球,10,0,1961,41243804,藤田　元司,年度|所属球団|登板|勝利|敗北|セーブ|H|HP|完投|完封勝|無四球|勝率|打者|投球回|安打|本塁打|四球|死球|三振|暴投|ボーク|失点|自責点|防御率,1961|読　売|42|8|13||||3|1|0|.381|589|141|141||130|4|61|3|64|4|0|54|43|2.74,_data\master_csv__rescrape_staging\pitching_1961_CL_from_master.csv,12
CSV_ER,ER,0,0,自責点,22,0,1961,41243804,藤田　元司,年度|所属球団|登板|勝利|敗北|セーブ|H|HP|完投|完封勝|無四球|勝率|打者|投球回|安打|本塁打|四球|死球|三振|暴投|ボーク|失点|自責点|防御率,1961|読　売|42|8|13||||3|1|0|.381|589|141|141||130|4|61|3|64|4|0|54|43|2.74,_data\master_csv__rescrape_staging\pitching_1961_CL_from_master.csv,12
CSV_ER,ER,0,0,index_5,5,0,1961,41243804,藤田　元司,,1961|読　売|43|44|39|0|3|0|0|0|3|0|0|0|4|0|1|0|18|0|.077|.077|,_data\master_csv__rescrape_staging\pitching_1961_CL_from_master.csv,12
CSV_ER,ER,0,0,index_7,7,0,1961,41243804,藤田　元司,,1961|読　売|43|44|39|0|3|0|0|0|3|0|0|0|4|0|1|0|18|0|.077|.077|,_data\master_csv__rescrape_staging\pitching_1961_CL_from_master.csv,12
CSV_ER,ER,0,0,index_8,8,0,1961,41243804,藤田　元司,,1961|読　売|43|44|39|0|3|0|0|0|3|0|0|0|4|0|1|0|18|0|.077|.077|,_data\master_csv__rescrape_staging\pitching_1961_CL_from_master.csv,12
CSV_ER,ER,0,0,index_9,9,0,1961,41243804,藤田　元司,,1961|読　売|43|44|39|0|3|0|0|0|3|0|0|0|4|0|1|0|18|0|.077|.077|,_data\master_csv__rescrape_staging\pitching_1961_CL_from_master.csv,12
CSV_ER,ER,0,0,index_11,11,0,1961,41243804,藤田　元司,,1961|読　売|43|44|39|0|3|0|0|0|3|0|0|0|4|0|1|0|18|0|.077|.077|,_data\master_csv__rescrape_staging\pitching_1961_CL_from_master.csv,12
CSV_ER,ER,0,0,index_12,12,0,1961,41243804,藤田　元司,,1961|読　売|43|44|39|0|3|0|0|0|3|0|0|0|4|0|1|0|18|0|.077|.077|,_data\master_csv__rescrape_staging\pitching_1961_CL_from_master.csv,12
CSV_ER,ER,0,0,index_13,13,0,1961,41243804,藤田　元司,,1961|読　売|43|44|39|0|3|0|0|0|3|0|0|0|4|0|1|0|18|0|.077|.077|,_data\master_csv__rescrape_staging\pitching_1961_CL_from_master.csv,12
CSV_ER,ER,0,0,index_15,15,0,1961,41243804,藤田　元司,,1961|読　売|43|44|39|0|3|0|0|0|3|0|0|0|4|0|1|0|18|0|.077|.077|,_data\master_csv__rescrape_staging\pitching_1961_CL_from_master.csv,12
CSV_ER,ER,0,0,index_17,17,0,1961,41243804,藤田　元司,,1961|読　売|43|44|39|0|3|0|0|0|3|0|0|0|4|0|1|0|18|0|.077|.077|,_data\master_csv__rescrape_staging\pitching_1961_CL_from_master.csv,12
CSV_ER,ER,0,0,index_19,19,0,1961,41243804,藤田　元司,,1961|読　売|43|44|39|0|3|0|0|0|3|0|0|0|4|0|1|0|18|0|.077|.077|,_data\master_csv__rescrape_staging\pitching_1961_CL_from_master.csv,12
CSV_ERA,ERA,54.0,54,防御率,23,54,1961,41243804,藤田　元司,年度|所属球団|登板|勝利|敗北|セーブ|H|HP|完投|完封勝|無四球|勝率|打者|投球回|安打|本塁打|四球|死球|三振|暴投|ボーク|失点|自責点|防御率,1961|読　売|42|8|13||||3|1|0|.381|589|141|141||130|4|61|3|64|4|0|54|43|2.74,_data\master_csv__rescrape_staging\pitching_1961_CL_from_master.csv,12
CSV_ER,ER,1,1,暴投,19,1,1961,23323800,堀内　庄,年度|所属球団|登板|勝利|敗北|セーブ|H|HP|完投|完封勝|無四球|勝率|打者|投球回|安打|本塁打|四球|死球|三振|暴投|ボーク|失点|自責点|防御率,1961|読　売|29|5|2||||0|0|0|.714|303|76 .1|76|.1|64|5|19|1|34|1|1|27|26|3.04,_data\master_csv__rescrape_staging\pitching_1961_CL_from_master.csv,13
CSV_ER,ER,1,1,失点,21,1,1961,23323800,堀内　庄,年度|所属球団|登板|勝利|敗北|セーブ|H|HP|完投|完封勝|無四球|勝率|打者|投球回|安打|本塁打|四球|死球|三振|暴投|ボーク|失点|自責点|防御率,1961|読　売|29|5|2||||0|0|0|.714|303|76 .1|76|.1|64|5|19|1|34|1|1|27|26|3.04,_data\master_csv__rescrape_staging\pitching_1961_CL_from_master.csv,13
CSV_ER,ER,1,1,自責点,22,1,1961,23323800,堀内　庄,年度|所属球団|登板|勝利|敗北|セーブ|H|HP|完投|完封勝|無四球|勝率|打者|投球回|安打|本塁打|四球|死球|三振|暴投|ボーク|失点|自責点|防御率,1961|読　売|29|5|2||||0|0|0|.714|303|76 .1|76|.1|64|5|19|1|34|1|1|27|26|3.04,_data\master_csv__rescrape_staging\pitching_1961_CL_from_master.csv,13
CSV_ER,ER,1,1,index_5,5,1,1961,23323800,堀内　庄,,1961|読　売|32|16|13|1|2|0|0|0|2|0|0|0|2|0|1|0|3|0|.154|.154|,_data\master_csv__rescrape_staging\pitching_1961_CL_from_master.csv,13
CSV_ER,ER,1,1,index_16,16,1,1961,23323800,堀内　庄,,1961|読　売|32|16|13|1|2|0|0|0|2|0|0|0|2|0|1|0|3|0|.154|.154|,_data\master_csv__rescrape_staging\pitching_1961_CL_from_master.csv,13
CSV_ERA,ERA,27.0,27,防御率,23,27,1961,23323800,堀内　庄,年度|所属球団|登板|勝利|敗北|セーブ|H|HP|完投|完封勝|無四球|勝率|打者|投球回|安打|本塁打|四球|死球|三振|暴投|ボーク|失点|自責点|防御率,1961|読　売|29|5|2||||0|0|0|.714|303|76 .1|76|.1|64|5|19|1|34|1|1|27|26|3.04,_data\master_csv__rescrape_staging\pitching_1961_CL_from_master.csv,13
CSV_ER,ER,0,0,無四球,10,0,1961,11213821,堀本　律雄,年度|所属球団|登板|勝利|敗北|セーブ|H|HP|完投|完封勝|無四球|勝率|打者|投球回|安打|本塁打|四球|死球|三振|暴投|ボーク|失点|自責点|防御率,1961|読　売|40|11|12||||7|2|0|.478|751|179 .1|179|.1|156|15|73|5|93|1|0|68|62|3.10,_data\master_csv__rescrape_staging\pitching_1961_CL_from_master.csv,14
CSV_ER,ER,0,0,自責点,22,0,1961,11213821,堀本　律雄,年度|所属球団|登板|勝利|敗北|セーブ|H|HP|完投|完封勝|無四球|勝率|打者|投球回|安打|本塁打|四球|死球|三振|暴投|ボーク|失点|自責点|防御率,1961|読　売|40|11|12||||7|2|0|.478|751|179 .1|179|.1|156|15|73|5|93|1|0|68|62|3.10,_data\master_csv__rescrape_staging\pitching_1961_CL_from_master.csv,14
CSV_ER,ER,0,0,index_7,7,0,1961,11213821,堀本　律雄,,1961|読　売|43|60|54|1|4|0|0|0|4|1|0|0|3|0|2|1|11|1|.074|.074|,_data\master_csv__rescrape_staging\pitching_1961_CL_from_master.csv,14
CSV_ER,ER,0,0,index_8,8,0,1961,11213821,堀本　律雄,,1961|読　売|43|60|54|1|4|0|0|0|4|1|0|0|3|0|2|1|11|1|.074|.074|,_data\master_csv__rescrape_staging\pitching_1961_CL_from_master.csv,14
CSV_ER,ER,0,0,index_9,9,0,1961,11213821,堀本　律雄,,1961|読　売|43|60|54|1|4|0|0|0|4|1|0|0|3|0|2|1|11|1|.074|.074|,_data\master_csv__rescrape_staging\pitching_1961_CL_from_master.csv,14
CSV_ER,ER,0,0,index_12,12,0,1961,11213821,堀本　律雄,,1961|読　売|43|60|54|1|4|0|0|0|4|1|0|0|3|0|2|1|11|1|.074|.074|,_data\master_csv__rescrape_staging\pitching_1961_CL_from_master.csv,14
CSV_ER,ER,0,0,index_13,13,0,1961,11213821,堀本　律雄,,1961|読　売|43|60|54|1|4|0|0|0|4|1|0|0|3|0|2|1|11|1|.074|.074|,_data\master_csv__rescrape_staging\pitching_1961_CL_from_master.csv,14
CSV_ER,ER,0,0,index_15,15,0,1961,11213821,堀本　律雄,,1961|読　売|43|60|54|1|4|0|0|0|4|1|0|0|3|0|2|1|11|1|.074|.074|,_data\master_csv__rescrape_staging\pitching_1961_CL_from_master.csv,14
CSV_ERA,ERA,68.0,68,防御率,23,68,1961,11213821,堀本　律雄,年度|所属球団|登板|勝利|敗北|セーブ|H|HP|完投|完封勝|無四球|勝率|打者|投球回|安打|本塁打|四球|死球|三振|暴投|ボーク|失点|自責点|防御率,1961|読　売|40|11|12||||7|2|0|.478|751|179 .1|179|.1|156|15|73|5|93|1|0|68|62|3.10,_data\master_csv__rescrape_staging\pitching_1961_CL_from_master.csv,14
CSV_IP,IP,161.0,161,投球回,13,161,1961,91193802,秋本　祐作,年度|所属球団|登板|勝利|敗北|セーブ|H|HP|完投|完封勝|無四球|勝率|打者|投球回|安打|本塁打|四球|死球|三振|暴投|ボーク|失点|自責点|防御率,1961|阪　急|44|6|10||||3|0|0|.375|669|161|161||163|9|37|2|81|0|0|75|68|3.80,_data\master_csv__rescrape_staging\pitching_1961_PL_from_master.csv,2
CSV_IP,IP,161.0,161,安打,14,161,1961,91193802,秋本　祐作,年度|所属球団|登板|勝利|敗北|セーブ|H|HP|完投|完封勝|無四球|勝率|打者|投球回|安打|本塁打|四球|死球|三振|暴投|ボーク|失点|自責点|防御率,1961|阪　急|44|6|10||||3|0|0|.375|669|161|161||163|9|37|2|81|0|0|75|68|3.80,_data\master_csv__rescrape_staging\pitching_1961_PL_from_master.csv,2
CSV_ER,ER,0,0,完封勝,9,0,1961,91193802,秋本　祐作,年度|所属球団|登板|勝利|敗北|セーブ|H|HP|完投|完封勝|無四球|勝率|打者|投球回|安打|本塁打|四球|死球|三振|暴投|ボーク|失点|自責点|防御率,1961|阪　急|44|6|10||||3|0|0|.375|669|161|161||163|9|37|2|81|0|0|75|68|3.80,_data\master_csv__rescrape_staging\pitching_1961_PL_from_master.csv,2
CSV_ER,ER,0,0,無四球,10,0,1961,91193802,秋本　祐作,年度|所属球団|登板|勝利|敗北|セーブ|H|HP|完投|完封勝|無四球|勝率|打者|投球回|安打|本塁打|四球|死球|三振|暴投|ボーク|失点|自責点|防御率,1961|阪　急|44|6|10||||3|0|0|.375|669|161|161||163|9|37|2|81|0|0|75|68|3.80,_data\master_csv__rescrape_staging\pitching_1961_PL_from_master.csv,2
CSV_ER,ER,0,0,失点,21,0,1961,91193802,秋本　祐作,年度|所属球団|登板|勝利|敗北|セーブ|H|HP|完投|完封勝|無四球|勝率|打者|投球回|安打|本塁打|四球|死球|三振|暴投|ボーク|失点|自責点|防御率,1961|阪　急|44|6|10||||3|0|0|.375|669|161|161||163|9|37|2|81|0|0|75|68|3.80,_data\master_csv__rescrape_staging\pitching_1961_PL_from_master.csv,2
CSV_ER,ER,0,0,自責点,22,0,1961,91193802,秋本　祐作,年度|所属球団|登板|勝利|敗北|セーブ|H|HP|完投|完封勝|無四球|勝率|打者|投球回|安打|本塁打|四球|死球|三振|暴投|ボーク|失点|自責点|防御率,1961|阪　急|44|6|10||||3|0|0|.375|669|161|161||163|9|37|2|81|0|0|75|68|3.80,_data\master_csv__rescrape_staging\pitching_1961_PL_from_master.csv,2
CSV_ER,ER,0,0,index_5,5,0,1961,91193802,秋本　祐作,,1961|阪　急|44|40|38|0|3|1|0|0|4|0|0|0|2|0|0|0|15|2|.079|.105|,_data\master_csv__rescrape_staging\pitching_1961_PL_from_master.csv,2
CSV_ER,ER,0,0,index_8,8,0,1961,91193802,秋本　祐作,,1961|阪　急|44|40|38|0|3|1|0|0|4|0|0|0|2|0|0|0|15|2|.079|.105|,_data\master_csv__rescrape_staging\pitching_1961_PL_from_master.csv,2
CSV_ER,ER,0,0,index_9,9,0,1961,91193802,秋本　祐作,,1961|阪　急|44|40|38|0|3|1|0|0|4|0|0|0|2|0|0|0|15|2|.079|.105|,_data\master_csv__rescrape_staging\pitching_1961_PL_from_master.csv,2
CSV_ER,ER,0,0,index_11,11,0,1961,91193802,秋本　祐作,,1961|阪　急|44|40|38|0|3|1|0|0|4|0|0|0|2|0|0|0|15|2|.079|.105|,_data\master_csv__rescrape_staging\pitching_1961_PL_from_master.csv,2
CSV_ER,ER,0,0,index_12,12,0,1961,91193802,秋本　祐作,,1961|阪　急|44|40|38|0|3|1|0|0|4|0|0|0|2|0|0|0|15|2|.079|.105|,_data\master_csv__rescrape_staging\pitching_1961_PL_from_master.csv,2
CSV_ER,ER,0,0,index_13,13,0,1961,91193802,秋本　祐作,,1961|阪　急|44|40|38|0|3|1|0|0|4|0|0|0|2|0|0|0|15|2|.079|.105|,_data\master_csv__rescrape_staging\pitching_1961_PL_from_master.csv,2
CSV_ER,ER,0,0,index_15,15,0,1961,91193802,秋本　祐作,,1961|阪　急|44|40|38|0|3|1|0|0|4|0|0|0|2|0|0|0|15|2|.079|.105|,_data\master_csv__rescrape_staging\pitching_1961_PL_from_master.csv,2
CSV_ER,ER,0,0,index_16,16,0,1961,91193802,秋本　祐作,,1961|阪　急|44|40|38|0|3|1|0|0|4|0|0|0|2|0|0|0|15|2|.079|.105|,_data\master_csv__rescrape_staging\pitching_1961_PL_from_master.csv,2
CSV_ER,ER,0,0,index_17,17,0,1961,91193802,秋本　祐作,,1961|阪　急|44|40|38|0|3|1|0|0|4|0|0|0|2|0|0|0|15|2|.079|.105|,_data\master_csv__rescrape_staging\pitching_1961_PL_from_master.csv,2
CSV_ERA,ERA,75.0,75,防御率,23,75,1961,91193802,秋本　祐作,年度|所属球団|登板|勝利|敗北|セーブ|H|HP|完投|完封勝|無四球|勝率|打者|投球回|安打|本塁打|四球|死球|三振|暴投|ボーク|失点|自責点|防御率,1961|阪　急|44|6|10||||3|0|0|.375|669|161|161||163|9|37|2|81|0|0|75|68|3.80,_data\master_csv__rescrape_staging\pitching_1961_PL_from_master.csv,2
CSV_ER,ER,0,0,無四球,10,0,1961,51153808,安藤　治久,年度|所属球団|登板|勝利|敗北|セーブ|H|HP|完投|完封勝|無四球|勝率|打者|投球回|安打|本塁打|四球|死球|三振|暴投|ボーク|失点|自責点|防御率,1961|阪　急|47|6|7||||2|1|0|.462|639|153 .1|153|.1|154|7|41|3|97|1|0|60|48|2.81,_data\master_csv__rescrape_staging\pitching_1961_PL_from_master.csv,3
CSV_ER,ER,0,0,自責点,22,0,1961,51153808,安藤　治久,年度|所属球団|登板|勝利|敗北|セーブ|H|HP|完投|完封勝|無四球|勝率|打者|投球回|安打|本塁打|四球|死球|三振|暴投|ボーク|失点|自責点|防御率,1961|阪　急|47|6|7||||2|1|0|.462|639|153 .1|153|.1|154|7|41|3|97|1|0|60|48|2.81,_data\master_csv__rescrape_staging\pitching_1961_PL_from_master.csv,3
CSV_ER,ER,0,0,index_8,8,0,1961,51153808,安藤　治久,,1961|阪　急|47|35|29|2|6|1|0|0|7|0|0|0|6|0|0|0|10|0|.207|.241|,_data\master_csv__rescrape_staging\pitching_1961_PL_from_master.csv,3
CSV_ER,ER,0,0,index_9,9,0,1961,51153808,安藤　治久,,1961|阪　急|47|35|29|2|6|1|0|0|7|0|0|0|6|0|0|0|10|0|.207|.241|,_data\master_csv__rescrape_staging\pitching_1961_PL_from_master.csv,3
CSV_ER,ER,0,0,index_11,11,0,1961,51153808,安藤　治久,,1961|阪　急|47|35|29|2|6|1|0|0|7|0|0|0|6|0|0|0|10|0|.207|.241|,_data\master_csv__rescrape_staging\pitching_1961_PL_from_master.csv,3
CSV_ER,ER,0,0,index_12,12,0,1961,51153808,安藤　治久,,1961|阪　急|47|35|29|2|6|1|0|0|7|0|0|0|6|0|0|0|10|0|.207|.241|,_data\master_csv__rescrape_staging\pitching_1961_PL_from_master.csv,3
CSV_ER,ER,0,0,index_13,13,0,1961,51153808,安藤　治久,,1961|阪　急|47|35|29|2|6|1|0|0|7|0|0|0|6|0|0|0|10|0|.207|.241|,_data\master_csv__rescrape_staging\pitching_1961_PL_from_master.csv,3
CSV_ER,ER,0,0,index_15,15,0,1961,51153808,安藤　治久,,1961|阪　急|47|35|29|2|6|1|0|0|7|0|0|0|6|0|0|0|10|0|.207|.241|,_data\master_csv__rescrape_staging\pitching_1961_PL_from_master.csv,3
CSV_ER,ER,0,0,index_16,16,0,1961,51153808,安藤　治久,,1961|阪　急|47|35|29|2|6|1|0|0|7|0|0|0|6|0|0|0|10|0|.207|.241|,_data\master_csv__rescrape_staging\pitching_1961_PL_from_master.csv,3
CSV_ER,ER,0,0,index_17,17,0,1961,51153808,安藤　治久,,1961|阪　急|47|35|29|2|6|1|0|0|7|0|0|0|6|0|0|0|10|0|.207|.241|,_data\master_csv__rescrape_staging\pitching_1961_PL_from_master.csv,3
CSV_ER,ER,0,0,index_19,19,0,1961,51153808,安藤　治久,,1961|阪　急|47|35|29|2|6|1|0|0|7|0|0|0|6|0|0|0|10|0|.207|.241|,_data\master_csv__rescrape_staging\pitching_1961_PL_from_master.csv,3
CSV_ERA,ERA,60.0,60,防御率,23,60,1961,51153808,安藤　治久,年度|所属球団|登板|勝利|敗北|セーブ|H|HP|完投|完封勝|無四球|勝率|打者|投球回|安打|本塁打|四球|死球|三振|暴投|ボーク|失点|自責点|防御率,1961|阪　急|47|6|7||||2|1|0|.462|639|153 .1|153|.1|154|7|41|3|97|1|0|60|48|2.81,_data\master_csv__rescrape_staging\pitching_1961_PL_from_master.csv,3
CSV_IP,IP,62.0,62,投球回,13,62,1961,71173808,足立　光宏,年度|所属球団|登板|勝利|敗北|セーブ|H|HP|完投|完封勝|無四球|勝率|打者|投球回|安打|本塁打|四球|死球|三振|暴投|ボーク|失点|自責点|防御率,1961|阪　急|27|1|4||||0|0|0|.200|267|62|62||71|7|11|2|37|0|0|33|28|4.06,_data\master_csv__rescrape_staging\pitching_1961_PL_from_master.csv,4
CSV_IP,IP,62.0,62,安打,14,62,1961,71173808,足立　光宏,年度|所属球団|登板|勝利|敗北|セーブ|H|HP|完投|完封勝|無四球|勝率|打者|投球回|安打|本塁打|四球|死球|三振|暴投|ボーク|失点|自責点|防御率,1961|阪　急|27|1|4||||0|0|0|.200|267|62|62||71|7|11|2|37|0|0|33|28|4.06,_data\master_csv__rescrape_staging\pitching_1961_PL_from_master.csv,4
CSV_ER,ER,0,0,完投,8,0,1961,71173808,足立　光宏,年度|所属球団|登板|勝利|敗北|セーブ|H|HP|完投|完封勝|無四球|勝率|打者|投球回|安打|本塁打|四球|死球|三振|暴投|ボーク|失点|自責点|防御率,1961|阪　急|27|1|4||||0|0|0|.200|267|62|62||71|7|11|2|37|0|0|33|28|4.06,_data\master_csv__rescrape_staging\pitching_1961_PL_from_master.csv,4
CSV_ER,ER,0,0,完封勝,9,0,1961,71173808,足立　光宏,年度|所属球団|登板|勝利|敗北|セーブ|H|HP|完投|完封勝|無四球|勝率|打者|投球回|安打|本塁打|四球|死球|三振|暴投|ボーク|失点|自責点|防御率,1961|阪　急|27|1|4||||0|0|0|.200|267|62|62||71|7|11|2|37|0|0|33|28|4.06,_data\master_csv__rescrape_staging\pitching_1961_PL_from_master.csv,4
CSV_ER,ER,0,0,無四球,10,0,1961,71173808,足立　光宏,年度|所属球団|登板|勝利|敗北|セーブ|H|HP|完投|完封勝|無四球|勝率|打者|投球回|安打|本塁打|四球|死球|三振|暴投|ボーク|失点|自責点|防御率,1961|阪　急|27|1|4||||0|0|0|.200|267|62|62||71|7|11|2|37|0|0|33|28|4.06,_data\master_csv__rescrape_staging\pitching_1961_PL_from_master.csv,4
CSV_ER,ER,0,0,失点,21,0,1961,71173808,足立　光宏,年度|所属球団|登板|勝利|敗北|セーブ|H|HP|完投|完封勝|無四球|勝率|打者|投球回|安打|本塁打|四球|死球|三振|暴投|ボーク|失点|自責点|防御率,1961|阪　急|27|1|4||||0|0|0|.200|267|62|62||71|7|11|2|37|0|0|33|28|4.06,_data\master_csv__rescrape_staging\pitching_1961_PL_from_master.csv,4
CSV_ER,ER,0,0,自責点,22,0,1961,71173808,足立　光宏,年度|所属球団|登板|勝利|敗北|セーブ|H|HP|完投|完封勝|無四球|勝率|打者|投球回|安打|本塁打|四球|死球|三振|暴投|ボーク|失点|自責点|防御率,1961|阪　急|27|1|4||||0|0|0|.200|267|62|62||71|7|11|2|37|0|0|33|28|4.06,_data\master_csv__rescrape_staging\pitching_1961_PL_from_master.csv,4
CSV_ER,ER,0,0,index_5,5,0,1961,71173808,足立　光宏,,1961|阪　急|28|11|10|0|2|0|0|0|2|0|0|0|1|0|0|0|2|0|.200|.200|,_data\master_csv__rescrape_staging\pitching_1961_PL_from_master.csv,4
CSV_ER,ER,0,0,index_7,7,0,1961,71173808,足立　光宏,,1961|阪　急|28|11|10|0|2|0|0|0|2|0|0|0|1|0|0|0|2|0|.200|.200|,_data\master_csv__rescrape_staging\pitching_1961_PL_from_master.csv,4
CSV_ER,ER,0,0,index_8,8,0,1961,71173808,足立　光宏,,1961|阪　急|28|11|10|0|2|0|0|0|2|0|0|0|1|0|0|0|2|0|.200|.200|,_data\master_csv__rescrape_staging\pitching_1961_PL_from_master.csv,4
CSV_ER,ER,0,0,index_9,9,0,1961,71173808,足立　光宏,,1961|阪　急|28|11|10|0|2|0|0|0|2|0|0|0|1|0|0|0|2|0|.200|.200|,_data\master_csv__rescrape_staging\pitching_1961_PL_from_master.csv,4
CSV_ER,ER,0,0,index_11,11,0,1961,71173808,足立　光宏,,1961|阪　急|28|11|10|0|2|0|0|0|2|0|0|0|1|0|0|0|2|0|.200|.200|,_data\master_csv__rescrape_staging\pitching_1961_PL_from_master.csv,4
CSV_ER,ER,0,0,index_12,12,0,1961,71173808,足立　光宏,,1961|阪　急|28|11|10|0|2|0|0|0|2|0|0|0|1|0|0|0|2|0|.200|.200|,_data\master_csv__rescrape_staging\pitching_1961_PL_from_master.csv,4
CSV_ER,ER,0,0,index_13,13,0,1961,71173808,足立　光宏,,1961|阪　急|28|11|10|0|2|0|0|0|2|0|0|0|1|0|0|0|2|0|.200|.200|,_data\master_csv__rescrape_staging\pitching_1961_PL_from_master.csv,4
CSV_ER,ER,0,0,index_15,15,0,1961,71173808,足立　光宏,,1961|阪　急|28|11|10|0|2|0|0|0|2|0|0|0|1|0|0|0|2|0|.200|.200|,_data\master_csv__rescrape_staging\pitching_1961_PL_from_master.csv,4
CSV_ER,ER,0,0,index_16,16,0,1961,71173808,足立　光宏,,1961|阪　急|28|11|10|0|2|0|0|0|2|0|0|0|1|0|0|0|2|0|.200|.200|,_data\master_csv__rescrape_staging\pitching_1961_PL_from_master.csv,4
CSV_ER,ER,0,0,index_17,17,0,1961,71173808,足立　光宏,,1961|阪　急|28|11|10|0|2|0|0|0|2|0|0|0|1|0|0|0|2|0|.200|.200|,_data\master_csv__rescrape_staging\pitching_1961_PL_from_master.csv,4
CSV_ER,ER,0,0,index_19,19,0,1961,71173808,足立　光宏,,1961|阪　急|28|11|10|0|2|0|0|0|2|0|0|0|1|0|0|0|2|0|.200|.200|,_data\master_csv__rescrape_staging\pitching_1961_PL_from_master.csv,4
CSV_ERA,ERA,33.0,33,防御率,23,33,1961,71173808,足立　光宏,年度|所属球団|登板|勝利|敗北|セーブ|H|HP|完投|完封勝|無四球|勝率|打者|投球回|安打|本塁打|四球|死球|三振|暴投|ボーク|失点|自責点|防御率,1961|阪　急|27|1|4||||0|0|0|.200|267|62|62||71|7|11|2|37|0|0|33|28|4.06,_data\master_csv__rescrape_staging\pitching_1961_PL_from_master.csv,4
CSV_ER,ER,0,0,完投,8,0,1961,41143806,石井　茂雄,年度|所属球団|登板|勝利|敗北|セーブ|H|HP|完投|完封勝|無四球|勝率|打者|投球回|安打|本塁打|四球|死球|三振|暴投|ボーク|失点|自責点|防御率,1961|阪　急|11|1|1||||0|0|0|.500|119|26 .2|26|.2|31|5|7|0|9|1|0|20|16|5.33,_data\master_csv__rescrape_staging\pitching_1961_PL_from_master.csv,6
CSV_ER,ER,0,0,完封勝,9,0,1961,41143806,石井　茂雄,年度|所属球団|登板|勝利|敗北|セーブ|H|HP|完投|完封勝|無四球|勝率|打者|投球回|安打|本塁打|四球|死球|三振|暴投|ボーク|失点|自責点|防御率,1961|阪　急|11|1|1||||0|0|0|.500|119|26 .2|26|.2|31|5|7|0|9|1|0|20|16|5.33,_data\master_csv__rescrape_staging\pitching_1961_PL_from_master.csv,6
CSV_ER,ER,0,0,無四球,10,0,1961,41143806,石井　茂雄,年度|所属球団|登板|勝利|敗北|セーブ|H|HP|完投|完封勝|無四球|勝率|打者|投球回|安打|本塁打|四球|死球|三振|暴投|ボーク|失点|自責点|防御率,1961|阪　急|11|1|1||||0|0|0|.500|119|26 .2|26|.2|31|5|7|0|9|1|0|20|16|5.33,_data\master_csv__rescrape_staging\pitching_1961_PL_from_master.csv,6
CSV_ER,ER,0,0,暴投,19,0,1961,41143806,石井　茂雄,年度|所属球団|登板|勝利|敗北|セーブ|H|HP|完投|完封勝|無四球|勝率|打者|投球回|安打|本塁打|四球|死球|三振|暴投|ボーク|失点|自責点|防御率,1961|阪　急|11|1|1||||0|0|0|.500|119|26 .2|26|.2|31|5|7|0|9|1|0|20|16|5.33,_data\master_csv__rescrape_staging\pitching_1961_PL_from_master.csv,6
CSV_ER,ER,0,0,自責点,22,0,1961,41143806,石井　茂雄,年度|所属球団|登板|勝利|敗北|セーブ|H|HP|完投|完封勝|無四球|勝率|打者|投球回|安打|本塁打|四球|死球|三振|暴投|ボーク|失点|自責点|防御率,1961|阪　急|11|1|1||||0|0|0|.500|119|26 .2|26|.2|31|5|7|0|9|1|0|20|16|5.33,_data\master_csv__rescrape_staging\pitching_1961_PL_from_master.csv,6
CSV_ER,ER,0,0,index_5,5,0,1961,41143806,石井　茂雄,,1961|阪　急|11|4|4|0|1|1|0|0|2|2|0|0|0|0|0|0|2|0|.250|.500|,_data\master_csv__rescrape_staging\pitching_1961_PL_from_master.csv,6
CSV_ER,ER,0,0,index_8,8,0,1961,41143806,石井　茂雄,,1961|阪　急|11|4|4|0|1|1|0|0|2|2|0|0|0|0|0|0|2|0|.250|.500|,_data\master_csv__rescrape_staging\pitching_1961_PL_from_master.csv,6
CSV_ER,ER,0,0,index_9,9,0,1961,41143806,石井　茂雄,,1961|阪　急|11|4|4|0|1|1|0|0|2|2|0|0|0|0|0|0|2|0|.250|.500|,_data\master_csv__rescrape_staging\pitching_1961_PL_from_master.csv,6
CSV_ER,ER,0,0,index_12,12,0,1961,41143806,石井　茂雄,,1961|阪　急|11|4|4|0|1|1|0|0|2|2|0|0|0|0|0|0|2|0|.250|.500|,_data\master_csv__rescrape_staging\pitching_1961_PL_from_master.csv,6
CSV_ER,ER,0,0,index_13,13,0,1961,41143806,石井　茂雄,,1961|阪　急|11|4|4|0|1|1|0|0|2|2|0|0|0|0|0|0|2|0|.250|.500|,_data\master_csv__rescrape_staging\pitching_1961_PL_from_master.csv,6
CSV_ER,ER,0,0,index_14,14,0,1961,41143806,石井　茂雄,,1961|阪　急|11|4|4|0|1|1|0|0|2|2|0|0|0|0|0|0|2|0|.250|.500|,_data\master_csv__rescrape_staging\pitching_1961_PL_from_master.csv,6
CSV_ER,ER,0,0,index_15,15,0,1961,41143806,石井　茂雄,,1961|阪　急|11|4|4|0|1|1|0|0|2|2|0|0|0|0|0|0|2|0|.250|.500|,_data\master_csv__rescrape_staging\pitching_1961_PL_from_master.csv,6
CSV_ER,ER,0,0,index_16,16,0,1961,41143806,石井　茂雄,,1961|阪　急|11|4|4|0|1|1|0|0|2|2|0|0|0|0|0|0|2|0|.250|.500|,_data\master_csv__rescrape_staging\pitching_1961_PL_from_master.csv,6
CSV_ER,ER,0,0,index_17,17,0,1961,41143806,石井　茂雄,,1961|阪　急|11|4|4|0|1|1|0|0|2|2|0|0|0|0|0|0|2|0|.250|.500|,_data\master_csv__rescrape_staging\pitching_1961_PL_from_master.csv,6
CSV_ER,ER,0,0,index_19,19,0,1961,41143806,石井　茂雄,,1961|阪　急|11|4|4|0|1|1|0|0|2|2|0|0|0|0|0|0|2|0|.250|.500|,_data\master_csv__rescrape_staging\pitching_1961_PL_from_master.csv,6
CSV_ERA,ERA,20.0,20,防御率,23,20,1961,41143806,石井　茂雄,年度|所属球団|登板|勝利|敗北|セーブ|H|HP|完投|完封勝|無四球|勝率|打者|投球回|安打|本塁打|四球|死球|三振|暴投|ボーク|失点|自責点|防御率,1961|阪　急|11|1|1||||0|0|0|.500|119|26 .2|26|.2|31|5|7|0|9|1|0|20|16|5.33,_data\master_csv__rescrape_staging\pitching_1961_PL_from_master.csv,6
CSV_ER,ER,0,0,自責点,22,0,1961,91793809,梶本　隆夫,年度|所属球団|登板|勝利|敗北|セーブ|H|HP|完投|完封勝|無四球|勝率|打者|投球回|安打|本塁打|四球|死球|三振|暴投|ボーク|失点|自責点|防御率,1961|阪　急|54|17|23||||17|3|4|.425|1105|269 .2|269|.2|261|25|56|2|141|1|0|108|84|2.80,_data\master_csv__rescrape_staging\pitching_1961_PL_from_master.csv,7
CSV_ER,ER,0,0,index_8,8,0,1961,91793809,梶本　隆夫,,1961|阪　急|57|105|99|7|23|4|0|0|27|9|0|0|1|1|4|0|16|2|.232|.273|,_data\master_csv__rescrape_staging\pitching_1961_PL_from_master.csv,7
CSV_ER,ER,0,0,index_9,9,0,1961,91793809,梶本　隆夫,,1961|阪　急|57|105|99|7|23|4|0|0|27|9|0|0|1|1|4|0|16|2|.232|.273|,_data\master_csv__rescrape_staging\pitching_1961_PL_from_master.csv,7
CSV_ER,ER,0,0,index_12,12,0,1961,91793809,梶本　隆夫,,1961|阪　急|57|105|99|7|23|4|0|0|27|9|0|0|1|1|4|0|16|2|.232|.273|,_data\master_csv__rescrape_staging\pitching_1961_PL_from_master.csv,7
CSV_ER,ER,0,0,index_13,13,0,1961,91793809,梶本　隆夫,,1961|阪　急|57|105|99|7|23|4|0|0|27|9|0|0|1|1|4|0|16|2|.232|.273|,_data\master_csv__rescrape_staging\pitching_1961_PL_from_master.csv,7
CSV_ER,ER,0,0,index_17,17,0,1961,91793809,梶本　隆夫,,1961|阪　急|57|105|99|7|23|4|0|0|27|9|0|0|1|1|4|0|16|2|.232|.273|,_data\master_csv__rescrape_staging\pitching_1961_PL_from_master.csv,7
CSV_ERA,ERA,108.0,108,防御率,23,108,1961,91793809,梶本　隆夫,年度|所属球団|登板|勝利|敗北|セーブ|H|HP|完投|完封勝|無四球|勝率|打者|投球回|安打|本塁打|四球|死球|三振|暴投|ボーク|失点|自責点|防御率,1961|阪　急|54|17|23||||17|3|4|.425|1105|269 .2|269|.2|261|25|56|2|141|1|0|108|84|2.80,_data\master_csv__rescrape_staging\pitching_1961_PL_from_master.csv,7
CSV_IP,IP,123.0,123,投球回,13,123,1962,61163808,伊藤　芳明,年度|所属球団|登板|勝利|敗北|セーブ|H|HP|完投|完封勝|無四球|勝率|打者|投球回|安打|本塁打|四球|死球|三振|暴投|ボーク|失点|自責点|防御率,1962|読　売|39|4|5||||3|1|0|.444|520|123|123||108|9|55|2|96|5|1|44|37|2.71,_data\master_csv__rescrape_staging\pitching_1962_CL_from_master.csv,2
CSV_IP,IP,123.0,123,安打,14,123,1962,61163808,伊藤　芳明,年度|所属球団|登板|勝利|敗北|セーブ|H|HP|完投|完封勝|無四球|勝率|打者|投球回|安打|本塁打|四球|死球|三振|暴投|ボーク|失点|自責点|防御率,1962|読　売|39|4|5||||3|1|0|.444|520|123|123||108|9|55|2|96|5|1|44|37|2.71,_data\master_csv__rescrape_staging\pitching_1962_CL_from_master.csv,2
CSV_ER,ER,1,1,完封勝,9,1,1962,61163808,伊藤　芳明,年度|所属球団|登板|勝利|敗北|セーブ|H|HP|完投|完封勝|無四球|勝率|打者|投球回|安打|本塁打|四球|死球|三振|暴投|ボーク|失点|自責点|防御率,1962|読　売|39|4|5||||3|1|0|.444|520|123|123||108|9|55|2|96|5|1|44|37|2.71,_data\master_csv__rescrape_staging\pitching_1962_CL_from_master.csv,2
CSV_ER,ER,1,1,自責点,22,1,1962,61163808,伊藤　芳明,年度|所属球団|登板|勝利|敗北|セーブ|H|HP|完投|完封勝|無四球|勝率|打者|投球回|安打|本塁打|四球|死球|三振|暴投|ボーク|失点|自責点|防御率,1962|読　売|39|4|5||||3|1|0|.444|520|123|123||108|9|55|2|96|5|1|44|37|2.71,_data\master_csv__rescrape_staging\pitching_1962_CL_from_master.csv,2
CSV_ER,ER,1,1,index_7,7,1,1962,61163808,伊藤　芳明,,1962|読　売|39|39|36|3|6|1|0|0|7|2|0|0|2|0|1|0|9|2|.167|.194|,_data\master_csv__rescrape_staging\pitching_1962_CL_from_master.csv,2
CSV_ER,ER,1,1,index_16,16,1,1962,61163808,伊藤　芳明,,1962|読　売|39|39|36|3|6|1|0|0|7|2|0|0|2|0|1|0|9|2|.167|.194|,_data\master_csv__rescrape_staging\pitching_1962_CL_from_master.csv,2
CSV_ERA,ERA,44.0,44,防御率,23,44,1962,61163808,伊藤　芳明,年度|所属球団|登板|勝利|敗北|セーブ|H|HP|完投|完封勝|無四球|勝率|打者|投球回|安打|本塁打|四球|死球|三振|暴投|ボーク|失点|自責点|防御率,1962|読　売|39|4|5||||3|1|0|.444|520|123|123||108|9|55|2|96|5|1|44|37|2.71,_data\master_csv__rescrape_staging\pitching_1962_CL_from_master.csv,2
CSV_ER,ER,0,0,自責点,22,0,1962,51053825,城之内　邦雄,年度|所属球団|登板|勝利|敗北|セーブ|H|HP|完投|完封勝|無四球|勝率|打者|投球回|安打|本塁打|四球|死球|三振|暴投|ボーク|失点|自責点|防御率,1962|読　売|56|24|12||||14|5|2|.667|1091|280 .2|280|.2|207|11|62|8|173|3|0|78|69|2.21,_data\master_csv__rescrape_staging\pitching_1962_CL_from_master.csv,4
CSV_ER,ER,0,0,index_8,8,0,1962,51053825,城之内　邦雄,,1962|読　売|56|99|88|8|12|2|0|1|17|4|0|0|7|0|3|1|50|0|.136|.193|,_data\master_csv__rescrape_staging\pitching_1962_CL_from_master.csv,4
CSV_ER,ER,0,0,index_12,12,0,1962,51053825,城之内　邦雄,,1962|読　売|56|99|88|8|12|2|0|1|17|4|0|0|7|0|3|1|50|0|.136|.193|,_data\master_csv__rescrape_staging\pitching_1962_CL_from_master.csv,4
CSV_ER,ER,0,0,index_13,13,0,1962,51053825,城之内　邦雄,,1962|読　売|56|99|88|8|12|2|0|1|17|4|0|0|7|0|3|1|50|0|.136|.193|,_data\master_csv__rescrape_staging\pitching_1962_CL_from_master.csv,4
CSV_ER,ER,0,0,index_15,15,0,1962,51053825,城之内　邦雄,,1962|読　売|56|99|88|8|12|2|0|1|17|4|0|0|7|0|3|1|50|0|.136|.193|,_data\master_csv__rescrape_staging\pitching_1962_CL_from_master.csv,4
CSV_ER,ER,0,0,index_19,19,0,1962,51053825,城之内　邦雄,,1962|読　売|56|99|88|8|12|2|0|1|17|4|0|0|7|0|3|1|50|0|.136|.193|,_data\master_csv__rescrape_staging\pitching_1962_CL_from_master.csv,4
CSV_ERA,ERA,78.0,78,防御率,23,78,1962,51053825,城之内　邦雄,年度|所属球団|登板|勝利|敗北|セーブ|H|HP|完投|完封勝|無四球|勝率|打者|投球回|安打|本塁打|四球|死球|三振|暴投|ボーク|失点|自責点|防御率,1962|読　売|56|24|12||||14|5|2|.667|1091|280 .2|280|.2|207|11|62|8|173|3|0|78|69|2.21,_data\master_csv__rescrape_staging\pitching_1962_CL_from_master.csv,4
CSV_ER,ER,0,0,失点,21,0,1962,81983804,中村　稔,年度|所属球団|登板|勝利|敗北|セーブ|H|HP|完投|完封勝|無四球|勝率|打者|投球回|安打|本塁打|四球|死球|三振|暴投|ボーク|失点|自責点|防御率,1962|読　売|52|9|12||||6|2|1|.429|819|212 .1|212|.1|150|14|54|7|133|0|0|59|54|2.28,_data\master_csv__rescrape_staging\pitching_1962_CL_from_master.csv,7
CSV_ER,ER,0,0,自責点,22,0,1962,81983804,中村　稔,年度|所属球団|登板|勝利|敗北|セーブ|H|HP|完投|完封勝|無四球|勝率|打者|投球回|安打|本塁打|四球|死球|三振|暴投|ボーク|失点|自責点|防御率,1962|読　売|52|9|12||||6|2|1|.429|819|212 .1|212|.1|150|14|54|7|133|0|0|59|54|2.28,_data\master_csv__rescrape_staging\pitching_1962_CL_from_master.csv,7
CSV_ER,ER,0,0,index_7,7,0,1962,81983804,中村　稔,,1962|読　売|52|72|62|1|3|0|0|0|3|1|0|0|7|0|3|0|31|0|.048|.048|,_data\master_csv__rescrape_staging\pitching_1962_CL_from_master.csv,7
CSV_ER,ER,0,0,index_8,8,0,1962,81983804,中村　稔,,1962|読　売|52|72|62|1|3|0|0|0|3|1|0|0|7|0|3|0|31|0|.048|.048|,_data\master_csv__rescrape_staging\pitching_1962_CL_from_master.csv,7
CSV_ER,ER,0,0,index_9,9,0,1962,81983804,中村　稔,,1962|読　売|52|72|62|1|3|0|0|0|3|1|0|0|7|0|3|0|31|0|.048|.048|,_data\master_csv__rescrape_staging\pitching_1962_CL_from_master.csv,7
CSV_ER,ER,0,0,index_12,12,0,1962,81983804,中村　稔,,1962|読　売|52|72|62|1|3|0|0|0|3|1|0|0|7|0|3|0|31|0|.048|.048|,_data\master_csv__rescrape_staging\pitching_1962_CL_from_master.csv,7
CSV_ER,ER,0,0,index_13,13,0,1962,81983804,中村　稔,,1962|読　売|52|72|62|1|3|0|0|0|3|1|0|0|7|0|3|0|31|0|.048|.048|,_data\master_csv__rescrape_staging\pitching_1962_CL_from_master.csv,7
CSV_ER,ER,0,0,index_15,15,0,1962,81983804,中村　稔,,1962|読　売|52|72|62|1|3|0|0|0|3|1|0|0|7|0|3|0|31|0|.048|.048|,_data\master_csv__rescrape_staging\pitching_1962_CL_from_master.csv,7
CSV_ER,ER,0,0,index_17,17,0,1962,81983804,中村　稔,,1962|読　売|52|72|62|1|3|0|0|0|3|1|0|0|7|0|3|0|31|0|.048|.048|,_data\master_csv__rescrape_staging\pitching_1962_CL_from_master.csv,7
CSV_ER,ER,0,0,index_19,19,0,1962,81983804,中村　稔,,1962|読　売|52|72|62|1|3|0|0|0|3|1|0|0|7|0|3|0|31|0|.048|.048|,_data\master_csv__rescrape_staging\pitching_1962_CL_from_master.csv,7
CSV_ERA,ERA,59.0,59,防御率,23,59,1962,81983804,中村　稔,年度|所属球団|登板|勝利|敗北|セーブ|H|HP|完投|完封勝|無四球|勝率|打者|投球回|安打|本塁打|四球|死球|三振|暴投|ボーク|失点|自責点|防御率,1962|読　売|52|9|12||||6|2|1|.429|819|212 .1|212|.1|150|14|54|7|133|0|0|59|54|2.28,_data\master_csv__rescrape_staging\pitching_1962_CL_from_master.csv,7
CSV_ER,ER,0,0,自責点,22,0,1962,41243804,藤田　元司,年度|所属球団|登板|勝利|敗北|セーブ|H|HP|完投|完封勝|無四球|勝率|打者|投球回|安打|本塁打|四球|死球|三振|暴投|ボーク|失点|自責点|防御率,1962|読　売|42|13|11||||6|2|1|.542|805|199 .2|199|.2|165|9|58|4|103|5|0|55|45|2.03,_data\master_csv__rescrape_staging\pitching_1962_CL_from_master.csv,8
CSV_ER,ER,0,0,index_9,9,0,1962,41243804,藤田　元司,,1962|読　売|42|67|58|4|5|1|1|0|8|1|0|0|6|1|2|0|24|0|.086|.138|,_data\master_csv__rescrape_staging\pitching_1962_CL_from_master.csv,8
CSV_ER,ER,0,0,index_12,12,0,1962,41243804,藤田　元司,,1962|読　売|42|67|58|4|5|1|1|0|8|1|0|0|6|1|2|0|24|0|.086|.138|,_data\master_csv__rescrape_staging\pitching_1962_CL_from_master.csv,8
CSV_ER,ER,0,0,index_13,13,0,1962,41243804,藤田　元司,,1962|読　売|42|67|58|4|5|1|1|0|8|1|0|0|6|1|2|0|24|0|.086|.138|,_data\master_csv__rescrape_staging\pitching_1962_CL_from_master.csv,8
CSV_ER,ER,0,0,index_17,17,0,1962,41243804,藤田　元司,,1962|読　売|42|67|58|4|5|1|1|0|8|1|0|0|6|1|2|0|24|0|.086|.138|,_data\master_csv__rescrape_staging\pitching_1962_CL_from_master.csv,8
CSV_ER,ER,0,0,index_19,19,0,1962,41243804,藤田　元司,,1962|読　売|42|67|58|4|5|1|1|0|8|1|0|0|6|1|2|0|24|0|.086|.138|,_data\master_csv__rescrape_staging\pitching_1962_CL_from_master.csv,8
CSV_ERA,ERA,55.0,55,防御率,23,55,1962,41243804,藤田　元司,年度|所属球団|登板|勝利|敗北|セーブ|H|HP|完投|完封勝|無四球|勝率|打者|投球回|安打|本塁打|四球|死球|三振|暴投|ボーク|失点|自責点|防御率,1962|読　売|42|13|11||||6|2|1|.542|805|199 .2|199|.2|165|9|58|4|103|5|0|55|45|2.03,_data\master_csv__rescrape_staging\pitching_1962_CL_from_master.csv,8
CSV_ER,ER,0,0,完封勝,9,0,1962,23323800,堀内　庄,年度|所属球団|登板|勝利|敗北|セーブ|H|HP|完投|完封勝|無四球|勝率|打者|投球回|安打|本塁打|四球|死球|三振|暴投|ボーク|失点|自責点|防御率,1962|読　売|35|6|8||||1|0|1|.429|430|112 .2|112|.2|74|5|27|1|83|2|0|29|21|1.67,_data\master_csv__rescrape_staging\pitching_1962_CL_from_master.csv,9
CSV_ER,ER,0,0,自責点,22,0,1962,23323800,堀内　庄,年度|所属球団|登板|勝利|敗北|セーブ|H|HP|完投|完封勝|無四球|勝率|打者|投球回|安打|本塁打|四球|死球|三振|暴投|ボーク|失点|自責点|防御率,1962|読　売|35|6|8||||1|0|1|.429|430|112 .2|112|.2|74|5|27|1|83|2|0|29|21|1.67,_data\master_csv__rescrape_staging\pitching_1962_CL_from_master.csv,9
CSV_ER,ER,0,0,index_9,9,0,1962,23323800,堀内　庄,,1962|読　売|35|36|33|5|7|1|1|0|10|4|1|0|1|0|2|0|6|0|.212|.303|,_data\master_csv__rescrape_staging\pitching_1962_CL_from_master.csv,9
CSV_ER,ER,0,0,index_13,13,0,1962,23323800,堀内　庄,,1962|読　売|35|36|33|5|7|1|1|0|10|4|1|0|1|0|2|0|6|0|.212|.303|,_data\master_csv__rescrape_staging\pitching_1962_CL_from_master.csv,9
CSV_ER,ER,0,0,index_15,15,0,1962,23323800,堀内　庄,,1962|読　売|35|36|33|5|7|1|1|0|10|4|1|0|1|0|2|0|6|0|.212|.303|,_data\master_csv__rescrape_staging\pitching_1962_CL_from_master.csv,9
CSV_ER,ER,0,0,index_17,17,0,1962,23323800,堀内　庄,,1962|読　売|35|36|33|5|7|1|1|0|10|4|1|0|1|0|2|0|6|0|.212|.303|,_data\master_csv__rescrape_staging\pitching_1962_CL_from_master.csv,9
CSV_ER,ER,0,0,index_19,19,0,1962,23323800,堀内　庄,,1962|読　売|35|36|33|5|7|1|1|0|10|4|1|0|1|0|2|0|6|0|.212|.303|,_data\master_csv__rescrape_staging\pitching_1962_CL_from_master.csv,9
CSV_ERA,ERA,29.0,29,防御率,23,29,1962,23323800,堀内　庄,年度|所属球団|登板|勝利|敗北|セーブ|H|HP|完投|完封勝|無四球|勝率|打者|投球回|安打|本塁打|四球|死球|三振|暴投|ボーク|失点|自責点|防御率,1962|読　売|35|6|8||||1|0|1|.429|430|112 .2|112|.2|74|5|27|1|83|2|0|29|21|1.67,_data\master_csv__rescrape_staging\pitching_1962_CL_from_master.csv,9
CSV_ER,ER,0,0,完封勝,9,0,1962,91193802,秋本　祐作,年度|所属球団|登板|勝利|敗北|セーブ|H|HP|完投|完封勝|無四球|勝率|打者|投球回|安打|本塁打|四球|死球|三振|暴投|ボーク|失点|自責点|防御率,1962|阪　急|30|2|7||||2|0|0|.222|359|81 .1|81|.1|96|7|20|0|56|0|0|48|37|4.06,_data\master_csv__rescrape_staging\pitching_1962_PL_from_master.csv,3
CSV_ER,ER,0,0,無四球,10,0,1962,91193802,秋本　祐作,年度|所属球団|登板|勝利|敗北|セーブ|H|HP|完投|完封勝|無四球|勝率|打者|投球回|安打|本塁打|四球|死球|三振|暴投|ボーク|失点|自責点|防御率,1962|阪　急|30|2|7||||2|0|0|.222|359|81 .1|81|.1|96|7|20|0|56|0|0|48|37|4.06,_data\master_csv__rescrape_staging\pitching_1962_PL_from_master.csv,3
CSV_ER,ER,0,0,暴投,19,0,1962,91193802,秋本　祐作,年度|所属球団|登板|勝利|敗北|セーブ|H|HP|完投|完封勝|無四球|勝率|打者|投球回|安打|本塁打|四球|死球|三振|暴投|ボーク|失点|自責点|防御率,1962|阪　急|30|2|7||||2|0|0|.222|359|81 .1|81|.1|96|7|20|0|56|0|0|48|37|4.06,_data\master_csv__rescrape_staging\pitching_1962_PL_from_master.csv,3
CSV_ER,ER,0,0,失点,21,0,1962,91193802,秋本　祐作,年度|所属球団|登板|勝利|敗北|セーブ|H|HP|完投|完封勝|無四球|勝率|打者|投球回|安打|本塁打|四球|死球|三振|暴投|ボーク|失点|自責点|防御率,1962|阪　急|30|2|7||||2|0|0|.222|359|81 .1|81|.1|96|7|20|0|56|0|0|48|37|4.06,_data\master_csv__rescrape_staging\pitching_1962_PL_from_master.csv,3
CSV_ER,ER,0,0,自責点,22,0,1962,91193802,秋本　祐作,年度|所属球団|登板|勝利|敗北|セーブ|H|HP|完投|完封勝|無四球|勝率|打者|投球回|安打|本塁打|四球|死球|三振|暴投|ボーク|失点|自責点|防御率,1962|阪　急|30|2|7||||2|0|0|.222|359|81 .1|81|.1|96|7|20|0|56|0|0|48|37|4.06,_data\master_csv__rescrape_staging\pitching_1962_PL_from_master.csv,3
CSV_ER,ER,0,0,index_7,7,0,1962,91193802,秋本　祐作,,1962|阪　急|31|22|17|2|2|0|0|0|2|0|0|0|4|0|1|0|7|0|.118|.118|.167,_data\master_csv__rescrape_staging\pitching_1962_PL_from_master.csv,3
CSV_ER,ER,0,0,index_8,8,0,1962,91193802,秋本　祐作,,1962|阪　急|31|22|17|2|2|0|0|0|2|0|0|0|4|0|1|0|7|0|.118|.118|.167,_data\master_csv__rescrape_staging\pitching_1962_PL_from_master.csv,3
CSV_ER,ER,0,0,index_9,9,0,1962,91193802,秋本　祐作,,1962|阪　急|31|22|17|2|2|0|0|0|2|0|0|0|4|0|1|0|7|0|.118|.118|.167,_data\master_csv__rescrape_staging\pitching_1962_PL_from_master.csv,3
CSV_ER,ER,0,0,index_11,11,0,1962,91193802,秋本　祐作,,1962|阪　急|31|22|17|2|2|0|0|0|2|0|0|0|4|0|1|0|7|0|.118|.118|.167,_data\master_csv__rescrape_staging\pitching_1962_PL_from_master.csv,3
CSV_ER,ER,0,0,index_12,12,0,1962,91193802,秋本　祐作,,1962|阪　急|31|22|17|2|2|0|0|0|2|0|0|0|4|0|1|0|7|0|.118|.118|.167,_data\master_csv__rescrape_staging\pitching_1962_PL_from_master.csv,3
CSV_ER,ER,0,0,index_13,13,0,1962,91193802,秋本　祐作,,1962|阪　急|31|22|17|2|2|0|0|0|2|0|0|0|4|0|1|0|7|0|.118|.118|.167,_data\master_csv__rescrape_staging\pitching_1962_PL_from_master.csv,3
CSV_ER,ER,0,0,index_15,15,0,1962,91193802,秋本　祐作,,1962|阪　急|31|22|17|2|2|0|0|0|2|0|0|0|4|0|1|0|7|0|.118|.118|.167,_data\master_csv__rescrape_staging\pitching_1962_PL_from_master.csv,3
CSV_ER,ER,0,0,index_17,17,0,1962,91193802,秋本　祐作,,1962|阪　急|31|22|17|2|2|0|0|0|2|0|0|0|4|0|1|0|7|0|.118|.118|.167,_data\master_csv__rescrape_staging\pitching_1962_PL_from_master.csv,3
CSV_ER,ER,0,0,index_19,19,0,1962,91193802,秋本　祐作,,1962|阪　急|31|22|17|2|2|0|0|0|2|0|0|0|4|0|1|0|7|0|.118|.118|.167,_data\master_csv__rescrape_staging\pitching_1962_PL_from_master.csv,3
CSV_ERA,ERA,48.0,48,防御率,23,48,1962,91193802,秋本　祐作,年度|所属球団|登板|勝利|敗北|セーブ|H|HP|完投|完封勝|無四球|勝率|打者|投球回|安打|本塁打|四球|死球|三振|暴投|ボーク|失点|自責点|防御率,1962|阪　急|30|2|7||||2|0|0|.222|359|81 .1|81|.1|96|7|20|0|56|0|0|48|37|4.06,_data\master_csv__rescrape_staging\pitching_1962_PL_from_master.csv,3
CSV_ER,ER,0,0,無四球,10,0,1962,51153808,安藤　治久,年度|所属球団|登板|勝利|敗北|セーブ|H|HP|完投|完封勝|無四球|勝率|打者|投球回|安打|本塁打|四球|死球|三振|暴投|ボーク|失点|自責点|防御率,1962|阪　急|36|7|11||||4|2|0|.389|517|120 .1|120|.1|130|9|32|4|52|1|0|61|53|3.94,_data\master_csv__rescrape_staging\pitching_1962_PL_from_master.csv,4
CSV_ER,ER,0,0,自責点,22,0,1962,51153808,安藤　治久,年度|所属球団|登板|勝利|敗北|セーブ|H|HP|完投|完封勝|無四球|勝率|打者|投球回|安打|本塁打|四球|死球|三振|暴投|ボーク|失点|自責点|防御率,1962|阪　急|36|7|11||||4|2|0|.389|517|120 .1|120|.1|130|9|32|4|52|1|0|61|53|3.94,_data\master_csv__rescrape_staging\pitching_1962_PL_from_master.csv,4
CSV_ER,ER,0,0,index_7,7,0,1962,51153808,安藤　治久,,1962|阪　急|37|33|31|2|2|0|1|0|4|0|0|0|2|0|0|0|10|0|.065|.129|.065,_data\master_csv__rescrape_staging\pitching_1962_PL_from_master.csv,4
CSV_ER,ER,0,0,index_9,9,0,1962,51153808,安藤　治久,,1962|阪　急|37|33|31|2|2|0|1|0|4|0|0|0|2|0|0|0|10|0|.065|.129|.065,_data\master_csv__rescrape_staging\pitching_1962_PL_from_master.csv,4
CSV_ER,ER,0,0,index_11,11,0,1962,51153808,安藤　治久,,1962|阪　急|37|33|31|2|2|0|1|0|4|0|0|0|2|0|0|0|10|0|.065|.129|.065,_data\master_csv__rescrape_staging\pitching_1962_PL_from_master.csv,4
CSV_ER,ER,0,0,index_12,12,0,1962,51153808,安藤　治久,,1962|阪　急|37|33|31|2|2|0|1|0|4|0|0|0|2|0|0|0|10|0|.065|.129|.065,_data\master_csv__rescrape_staging\pitching_1962_PL_from_master.csv,4
CSV_ER,ER,0,0,index_13,13,0,1962,51153808,安藤　治久,,1962|阪　急|37|33|31|2|2|0|1|0|4|0|0|0|2|0|0|0|10|0|.065|.129|.065,_data\master_csv__rescrape_staging\pitching_1962_PL_from_master.csv,4
CSV_ER,ER,0,0,index_15,15,0,1962,51153808,安藤　治久,,1962|阪　急|37|33|31|2|2|0|1|0|4|0|0|0|2|0|0|0|10|0|.065|.129|.065,_data\master_csv__rescrape_staging\pitching_1962_PL_from_master.csv,4
CSV_ER,ER,0,0,index_16,16,0,1962,51153808,安藤　治久,,1962|阪　急|37|33|31|2|2|0|1|0|4|0|0|0|2|0|0|0|10|0|.065|.129|.065,_data\master_csv__rescrape_staging\pitching_1962_PL_from_master.csv,4
CSV_ER,ER,0,0,index_17,17,0,1962,51153808,安藤　治久,,1962|阪　急|37|33|31|2|2|0|1|0|4|0|0|0|2|0|0|0|10|0|.065|.129|.065,_data\master_csv__rescrape_staging\pitching_1962_PL_from_master.csv,4
CSV_ER,ER,0,0,index_19,19,0,1962,51153808,安藤　治久,,1962|阪　急|37|33|31|2|2|0|1|0|4|0|0|0|2|0|0|0|10|0|.065|.129|.065,_data\master_csv__rescrape_staging\pitching_1962_PL_from_master.csv,4
CSV_ERA,ERA,61.0,61,防御率,23,61,1962,51153808,安藤　治久,年度|所属球団|登板|勝利|敗北|セーブ|H|HP|完投|完封勝|無四球|勝率|打者|投球回|安打|本塁打|四球|死球|三振|暴投|ボーク|失点|自責点|防御率,1962|阪　急|36|7|11||||4|2|0|.389|517|120 .1|120|.1|130|9|32|4|52|1|0|61|53|3.94,_data\master_csv__rescrape_staging\pitching_1962_PL_from_master.csv,4
CSV_ER,ER,0,0,失点,21,0,1962,71173808,足立　光宏,年度|所属球団|登板|勝利|敗北|セーブ|H|HP|完投|完封勝|無四球|勝率|打者|投球回|安打|本塁打|四球|死球|三振|暴投|ボーク|失点|自責点|防御率,1962|阪　急|39|8|4||||4|4|2|.667|483|123 .2|123|.2|92|8|22|1|94|0|0|32|27|1.96,_data\master_csv__rescrape_staging\pitching_1962_PL_from_master.csv,5
CSV_ER,ER,0,0,自責点,22,0,1962,71173808,足立　光宏,年度|所属球団|登板|勝利|敗北|セーブ|H|HP|完投|完封勝|無四球|勝率|打者|投球回|安打|本塁打|四球|死球|三振|暴投|ボーク|失点|自責点|防御率,1962|阪　急|39|8|4||||4|4|2|.667|483|123 .2|123|.2|92|8|22|1|94|0|0|32|27|1.96,_data\master_csv__rescrape_staging\pitching_1962_PL_from_master.csv,5
CSV_ER,ER,0,0,index_8,8,0,1962,71173808,足立　光宏,,1962|阪　急|43|27|21|4|7|1|0|0|8|3|0|0|3|0|3|0|4|0|.333|.381|.417,_data\master_csv__rescrape_staging\pitching_1962_PL_from_master.csv,5
CSV_ER,ER,0,0,index_9,9,0,1962,71173808,足立　光宏,,1962|阪　急|43|27|21|4|7|1|0|0|8|3|0|0|3|0|3|0|4|0|.333|.381|.417,_data\master_csv__rescrape_staging\pitching_1962_PL_from_master.csv,5
CSV_ER,ER,0,0,index_12,12,0,1962,71173808,足立　光宏,,1962|阪　急|43|27|21|4|7|1|0|0|8|3|0|0|3|0|3|0|4|0|.333|.381|.417,_data\master_csv__rescrape_staging\pitching_1962_PL_from_master.csv,5
CSV_ER,ER,0,0,index_13,13,0,1962,71173808,足立　光宏,,1962|阪　急|43|27|21|4|7|1|0|0|8|3|0|0|3|0|3|0|4|0|.333|.381|.417,_data\master_csv__rescrape_staging\pitching_1962_PL_from_master.csv,5
CSV_ER,ER,0,0,index_15,15,0,1962,71173808,足立　光宏,,1962|阪　急|43|27|21|4|7|1|0|0|8|3|0|0|3|0|3|0|4|0|.333|.381|.417,_data\master_csv__rescrape_staging\pitching_1962_PL_from_master.csv,5
CSV_ER,ER,0,0,index_17,17,0,1962,71173808,足立　光宏,,1962|阪　急|43|27|21|4|7|1|0|0|8|3|0|0|3|0|3|0|4|0|.333|.381|.417,_data\master_csv__rescrape_staging\pitching_1962_PL_from_master.csv,5
CSV_ER,ER,0,0,index_19,19,0,1962,71173808,足立　光宏,,1962|阪　急|43|27|21|4|7|1|0|0|8|3|0|0|3|0|3|0|4|0|.333|.381|.417,_data\master_csv__rescrape_staging\pitching_1962_PL_from_master.csv,5
CSV_ERA,ERA,32.0,32,防御率,23,32,1962,71173808,足立　光宏,年度|所属球団|登板|勝利|敗北|セーブ|H|HP|完投|完封勝|無四球|勝率|打者|投球回|安打|本塁打|四球|死球|三振|暴投|ボーク|失点|自責点|防御率,1962|阪　急|39|8|4||||4|4|2|.667|483|123 .2|123|.2|92|8|22|1|94|0|0|32|27|1.96,_data\master_csv__rescrape_staging\pitching_1962_PL_from_master.csv,5
CSV_ER,ER,0,0,完封勝,9,0,1962,41143806,石井　茂雄,年度|所属球団|登板|勝利|敗北|セーブ|H|HP|完投|完封勝|無四球|勝率|打者|投球回|安打|本塁打|四球|死球|三振|暴投|ボーク|失点|自責点|防御率,1962|阪　急|47|4|9||||1|0|0|.308|622|147 .1|147|.1|137|8|52|5|98|1|0|75|70|4.26,_data\master_csv__rescrape_staging\pitching_1962_PL_from_master.csv,6
CSV_ER,ER,0,0,無四球,10,0,1962,41143806,石井　茂雄,年度|所属球団|登板|勝利|敗北|セーブ|H|HP|完投|完封勝|無四球|勝率|打者|投球回|安打|本塁打|四球|死球|三振|暴投|ボーク|失点|自責点|防御率,1962|阪　急|47|4|9||||1|0|0|.308|622|147 .1|147|.1|137|8|52|5|98|1|0|75|70|4.26,_data\master_csv__rescrape_staging\pitching_1962_PL_from_master.csv,6
CSV_ER,ER,0,0,自責点,22,0,1962,41143806,石井　茂雄,年度|所属球団|登板|勝利|敗北|セーブ|H|HP|完投|完封勝|無四球|勝率|打者|投球回|安打|本塁打|四球|死球|三振|暴投|ボーク|失点|自責点|防御率,1962|阪　急|47|4|9||||1|0|0|.308|622|147 .1|147|.1|137|8|52|5|98|1|0|75|70|4.26,_data\master_csv__rescrape_staging\pitching_1962_PL_from_master.csv,6
CSV_ER,ER,0,0,index_7,7,0,1962,41143806,石井　茂雄,,1962|阪　急|49|32|31|1|3|0|0|0|3|1|0|0|1|0|0|0|9|0|.097|.097|.097,_data\master_csv__rescrape_staging\pitching_1962_PL_from_master.csv,6
CSV_ER,ER,0,0,index_8,8,0,1962,41143806,石井　茂雄,,1962|阪　急|49|32|31|1|3|0|0|0|3|1|0|0|1|0|0|0|9|0|.097|.097|.097,_data\master_csv__rescrape_staging\pitching_1962_PL_from_master.csv,6
CSV_ER,ER,0,0,index_9,9,0,1962,41143806,石井　茂雄,,1962|阪　急|49|32|31|1|3|0|0|0|3|1|0|0|1|0|0|0|9|0|.097|.097|.097,_data\master_csv__rescrape_staging\pitching_1962_PL_from_master.csv,6
CSV_ER,ER,0,0,index_12,12,0,1962,41143806,石井　茂雄,,1962|阪　急|49|32|31|1|3|0|0|0|3|1|0|0|1|0|0|0|9|0|.097|.097|.097,_data\master_csv__rescrape_staging\pitching_1962_PL_from_master.csv,6
CSV_ER,ER,0,0,index_13,13,0,1962,41143806,石井　茂雄,,1962|阪　急|49|32|31|1|3|0|0|0|3|1|0|0|1|0|0|0|9|0|.097|.097|.097,_data\master_csv__rescrape_staging\pitching_1962_PL_from_master.csv,6
CSV_ER,ER,0,0,index_15,15,0,1962,41143806,石井　茂雄,,1962|阪　急|49|32|31|1|3|0|0|0|3|1|0|0|1|0|0|0|9|0|.097|.097|.097,_data\master_csv__rescrape_staging\pitching_1962_PL_from_master.csv,6
CSV_ER,ER,0,0,index_16,16,0,1962,41143806,石井　茂雄,,1962|阪　急|49|32|31|1|3|0|0|0|3|1|0|0|1|0|0|0|9|0|.097|.097|.097,_data\master_csv__rescrape_staging\pitching_1962_PL_from_master.csv,6
CSV_ER,ER,0,0,index_17,17,0,1962,41143806,石井　茂雄,,1962|阪　急|49|32|31|1|3|0|0|0|3|1|0|0|1|0|0|0|9|0|.097|.097|.097,_data\master_csv__rescrape_staging\pitching_1962_PL_from_master.csv,6
CSV_ER,ER,0,0,index_19,19,0,1962,41143806,石井　茂雄,,1962|阪　急|49|32|31|1|3|0|0|0|3|1|0|0|1|0|0|0|9|0|.097|.097|.097,_data\master_csv__rescrape_staging\pitching_1962_PL_from_master.csv,6
CSV_ERA,ERA,75.0,75,防御率,23,75,1962,41143806,石井　茂雄,年度|所属球団|登板|勝利|敗北|セーブ|H|HP|完投|完封勝|無四球|勝率|打者|投球回|安打|本塁打|四球|死球|三振|暴投|ボーク|失点|自責点|防御率,1962|阪　急|47|4|9||||1|0|0|.308|622|147 .1|147|.1|137|8|52|5|98|1|0|75|70|4.26,_data\master_csv__rescrape_staging\pitching_1962_PL_from_master.csv,6
CSV_ER,ER,0,0,完封勝,9,0,1962,91793809,梶本　隆夫,年度|所属球団|登板|勝利|敗北|セーブ|H|HP|完投|完封勝|無四球|勝率|打者|投球回|安打|本塁打|四球|死球|三振|暴投|ボーク|失点|自責点|防御率,1962|阪　急|50|14|15||||12|0|0|.483|983|235 .2|235|.2|244|18|59|3|154|7|0|103|86|3.28,_data\master_csv__rescrape_staging\pitching_1962_PL_from_master.csv,8
CSV_ER,ER,0,0,無四球,10,0,1962,91793809,梶本　隆夫,年度|所属球団|登板|勝利|敗北|セーブ|H|HP|完投|完封勝|無四球|勝率|打者|投球回|安打|本塁打|四球|死球|三振|暴投|ボーク|失点|自責点|防御率,1962|阪　急|50|14|15||||12|0|0|.483|983|235 .2|235|.2|244|18|59|3|154|7|0|103|86|3.28,_data\master_csv__rescrape_staging\pitching_1962_PL_from_master.csv,8
CSV_ER,ER,0,0,自責点,22,0,1962,91793809,梶本　隆夫,年度|所属球団|登板|勝利|敗北|セーブ|H|HP|完投|完封勝|無四球|勝率|打者|投球回|安打|本塁打|四球|死球|三振|暴投|ボーク|失点|自責点|防御率,1962|阪　急|50|14|15||||12|0|0|.483|983|235 .2|235|.2|244|18|59|3|154|7|0|103|86|3.28,_data\master_csv__rescrape_staging\pitching_1962_PL_from_master.csv,8
CSV_ER,ER,0,0,index_8,8,0,1962,91793809,梶本　隆夫,,1962|阪　急|56|97|92|9|24|4|0|2|34|9|0|0|1|0|3|1|12|3|.261|.370|.292,_data\master_csv__rescrape_staging\pitching_1962_PL_from_master.csv,8
CSV_ER,ER,0,0,index_12,12,0,1962,91793809,梶本　隆夫,,1962|阪　急|56|97|92|9|24|4|0|2|34|9|0|0|1|0|3|1|12|3|.261|.370|.292,_data\master_csv__rescrape_staging\pitching_1962_PL_from_master.csv,8
CSV_ER,ER,0,0,index_13,13,0,1962,91793809,梶本　隆夫,,1962|阪　急|56|97|92|9|24|4|0|2|34|9|0|0|1|0|3|1|12|3|.261|.370|.292,_data\master_csv__rescrape_staging\pitching_1962_PL_from_master.csv,8
CSV_ER,ER,0,0,index_15,15,0,1962,91793809,梶本　隆夫,,1962|阪　急|56|97|92|9|24|4|0|2|34|9|0|0|1|0|3|1|12|3|.261|.370|.292,_data\master_csv__rescrape_staging\pitching_1962_PL_from_master.csv,8
CSV_ERA,ERA,103.0,103,防御率,23,103,1962,91793809,梶本　隆夫,年度|所属球団|登板|勝利|敗北|セーブ|H|HP|完投|完封勝|無四球|勝率|打者|投球回|安打|本塁打|四球|死球|三振|暴投|ボーク|失点|自責点|防御率,1962|阪　急|50|14|15||||12|0|0|.483|983|235 .2|235|.2|244|18|59|3|154|7|0|103|86|3.28,_data\master_csv__rescrape_staging\pitching_1962_PL_from_master.csv,8
CSV_ER,ER,0,0,自責点,22,0,1963,61163808,伊藤　芳明,年度|所属球団|登板|勝利|敗北|セーブ|H|HP|完投|完封勝|無四球|勝率|打者|投球回|安打|本塁打|四球|死球|三振|暴投|ボーク|失点|自責点|防御率,1963|読　売|39|19|8||||18|10|2|.704|917|236 .1|236|.1|153|12|78|1|166|3|0|56|50|1.90,_data\master_csv__rescrape_staging\pitching_1963_CL_from_master.csv,2
CSV_ER,ER,0,0,index_7,7,0,1963,61163808,伊藤　芳明,,1963|読　売|39|92|84|4|15|0|0|1|18|4|0|0|3|0|5|0|20|2|.179|.214|,_data\master_csv__rescrape_staging\pitching_1963_CL_from_master.csv,2
CSV_ER,ER,0,0,index_8,8,0,1963,61163808,伊藤　芳明,,1963|読　売|39|92|84|4|15|0|0|1|18|4|0|0|3|0|5|0|20|2|.179|.214|,_data\master_csv__rescrape_staging\pitching_1963_CL_from_master.csv,2
CSV_ER,ER,0,0,index_12,12,0,1963,61163808,伊藤　芳明,,1963|読　売|39|92|84|4|15|0|0|1|18|4|0|0|3|0|5|0|20|2|.179|.214|,_data\master_csv__rescrape_staging\pitching_1963_CL_from_master.csv,2
CSV_ER,ER,0,0,index_13,13,0,1963,61163808,伊藤　芳明,,1963|読　売|39|92|84|4|15|0|0|1|18|4|0|0|3|0|5|0|20|2|.179|.214|,_data\master_csv__rescrape_staging\pitching_1963_CL_from_master.csv,2
CSV_ER,ER,0,0,index_15,15,0,1963,61163808,伊藤　芳明,,1963|読　売|39|92|84|4|15|0|0|1|18|4|0|0|3|0|5|0|20|2|.179|.214|,_data\master_csv__rescrape_staging\pitching_1963_CL_from_master.csv,2
CSV_ER,ER,0,0,index_17,17,0,1963,61163808,伊藤　芳明,,1963|読　売|39|92|84|4|15|0|0|1|18|4|0|0|3|0|5|0|20|2|.179|.214|,_data\master_csv__rescrape_staging\pitching_1963_CL_from_master.csv,2
CSV_ERA,ERA,56.0,56,防御率,23,56,1963,61163808,伊藤　芳明,年度|所属球団|登板|勝利|敗北|セーブ|H|HP|完投|完封勝|無四球|勝率|打者|投球回|安打|本塁打|四球|死球|三振|暴投|ボーク|失点|自責点|防御率,1963|読　売|39|19|8||||18|10|2|.704|917|236 .1|236|.1|153|12|78|1|166|3|0|56|50|1.90,_data\master_csv__rescrape_staging\pitching_1963_CL_from_master.csv,2
CSV_ER,ER,0,0,失点,21,0,1963,51753808,北川　芳男,年度|所属球団|登板|勝利|敗北|セーブ|H|HP|完投|完封勝|無四球|勝率|打者|投球回|安打|本塁打|四球|死球|三振|暴投|ボーク|失点|自責点|防御率,1963|読　売|35|11|7||||6|2|2|.611|682|172 .1|172|.1|151|11|26|3|52|0|0|56|47|2.45,_data\master_csv__rescrape_staging\pitching_1963_CL_from_master.csv,4
CSV_ER,ER,0,0,自責点,22,0,1963,51753808,北川　芳男,年度|所属球団|登板|勝利|敗北|セーブ|H|HP|完投|完封勝|無四球|勝率|打者|投球回|安打|本塁打|四球|死球|三振|暴投|ボーク|失点|自責点|防御率,1963|読　売|35|11|7||||6|2|2|.611|682|172 .1|172|.1|151|11|26|3|52|0|0|56|47|2.45,_data\master_csv__rescrape_staging\pitching_1963_CL_from_master.csv,4
CSV_ER,ER,0,0,index_8,8,0,1963,51753808,北川　芳男,,1963|読　売|35|61|57|4|12|1|0|2|19|4|1|0|2|0|2|0|22|1|.211|.333|,_data\master_csv__rescrape_staging\pitching_1963_CL_from_master.csv,4
CSV_ER,ER,0,0,index_13,13,0,1963,51753808,北川　芳男,,1963|読　売|35|61|57|4|12|1|0|2|19|4|1|0|2|0|2|0|22|1|.211|.333|,_data\master_csv__rescrape_staging\pitching_1963_CL_from_master.csv,4
CSV_ER,ER,0,0,index_15,15,0,1963,51753808,北川　芳男,,1963|読　売|35|61|57|4|12|1|0|2|19|4|1|0|2|0|2|0|22|1|.211|.333|,_data\master_csv__rescrape_staging\pitching_1963_CL_from_master.csv,4
CSV_ER,ER,0,0,index_17,17,0,1963,51753808,北川　芳男,,1963|読　売|35|61|57|4|12|1|0|2|19|4|1|0|2|0|2|0|22|1|.211|.333|,_data\master_csv__rescrape_staging\pitching_1963_CL_from_master.csv,4
CSV_ERA,ERA,56.0,56,防御率,23,56,1963,51753808,北川　芳男,年度|所属球団|登板|勝利|敗北|セーブ|H|HP|完投|完封勝|無四球|勝率|打者|投球回|安打|本塁打|四球|死球|三振|暴投|ボーク|失点|自責点|防御率,1963|読　売|35|11|7||||6|2|2|.611|682|172 .1|172|.1|151|11|26|3|52|0|0|56|47|2.45,_data\master_csv__rescrape_staging\pitching_1963_CL_from_master.csv,4
CSV_ER,ER,0,0,自責点,22,0,1963,51053825,城之内　邦雄,年度|所属球団|登板|勝利|敗北|セーブ|H|HP|完投|完封勝|無四球|勝率|打者|投球回|安打|本塁打|四球|死球|三振|暴投|ボーク|失点|自責点|防御率,1963|読　売|45|17|14||||12|3|3|.548|994|247 .2|247|.2|219|15|53|9|112|3|0|97|74|2.69,_data\master_csv__rescrape_staging\pitching_1963_CL_from_master.csv,5
CSV_ER,ER,0,0,index_8,8,0,1963,51053825,城之内　邦雄,,1963|読　売|45|94|84|6|12|2|0|0|14|1|0|0|8|0|2|0|36|1|.143|.167|,_data\master_csv__rescrape_staging\pitching_1963_CL_from_master.csv,5
CSV_ER,ER,0,0,index_9,9,0,1963,51053825,城之内　邦雄,,1963|読　売|45|94|84|6|12|2|0|0|14|1|0|0|8|0|2|0|36|1|.143|.167|,_data\master_csv__rescrape_staging\pitching_1963_CL_from_master.csv,5
CSV_ER,ER,0,0,index_12,12,0,1963,51053825,城之内　邦雄,,1963|読　売|45|94|84|6|12|2|0|0|14|1|0|0|8|0|2|0|36|1|.143|.167|,_data\master_csv__rescrape_staging\pitching_1963_CL_from_master.csv,5
CSV_ER,ER,0,0,index_13,13,0,1963,51053825,城之内　邦雄,,1963|読　売|45|94|84|6|12|2|0|0|14|1|0|0|8|0|2|0|36|1|.143|.167|,_data\master_csv__rescrape_staging\pitching_1963_CL_from_master.csv,5
CSV_ER,ER,0,0,index_15,15,0,1963,51053825,城之内　邦雄,,1963|読　売|45|94|84|6|12|2|0|0|14|1|0|0|8|0|2|0|36|1|.143|.167|,_data\master_csv__rescrape_staging\pitching_1963_CL_from_master.csv,5
CSV_ER,ER,0,0,index_17,17,0,1963,51053825,城之内　邦雄,,1963|読　売|45|94|84|6|12|2|0|0|14|1|0|0|8|0|2|0|36|1|.143|.167|,_data\master_csv__rescrape_staging\pitching_1963_CL_from_master.csv,5
CSV_ERA,ERA,97.0,97,防御率,23,97,1963,51053825,城之内　邦雄,年度|所属球団|登板|勝利|敗北|セーブ|H|HP|完投|完封勝|無四球|勝率|打者|投球回|安打|本塁打|四球|死球|三振|暴投|ボーク|失点|自責点|防御率,1963|読　売|45|17|14||||12|3|3|.548|994|247 .2|247|.2|219|15|53|9|112|3|0|97|74|2.69,_data\master_csv__rescrape_staging\pitching_1963_CL_from_master.csv,5
CSV_ER,ER,1,1,自責点,22,1,1963,41943823,高橋　明,年度|所属球団|登板|勝利|敗北|セーブ|H|HP|完投|完封勝|無四球|勝率|打者|投球回|安打|本塁打|四球|死球|三振|暴投|ボーク|失点|自責点|防御率,1963|読　売|42|14|13||||12|3|5|.519|826|208 .2|208|.2|186|11|31|4|82|2|1|71|65|2.80,_data\master_csv__rescrape_staging\pitching_1963_CL_from_master.csv,6
CSV_ER,ER,1,1,index_5,5,1,1963,41943823,高橋　明,,1963|読　売|42|71|59|1|8|0|1|0|10|2|0|0|7|0|4|1|30|1|.136|.169|,_data\master_csv__rescrape_staging\pitching_1963_CL_from_master.csv,6
CSV_ER,ER,1,1,index_8,8,1,1963,41943823,高橋　明,,1963|読　売|42|71|59|1|8|0|1|0|10|2|0|0|7|0|4|1|30|1|.136|.169|,_data\master_csv__rescrape_staging\pitching_1963_CL_from_master.csv,6
CSV_ER,ER,1,1,index_17,17,1,1963,41943823,高橋　明,,1963|読　売|42|71|59|1|8|0|1|0|10|2|0|0|7|0|4|1|30|1|.136|.169|,_data\master_csv__rescrape_staging\pitching_1963_CL_from_master.csv,6
CSV_ER,ER,1,1,index_19,19,1,1963,41943823,高橋　明,,1963|読　売|42|71|59|1|8|0|1|0|10|2|0|0|7|0|4|1|30|1|.136|.169|,_data\master_csv__rescrape_staging\pitching_1963_CL_from_master.csv,6
CSV_ERA,ERA,71.0,71,防御率,23,71,1963,41943823,高橋　明,年度|所属球団|登板|勝利|敗北|セーブ|H|HP|完投|完封勝|無四球|勝率|打者|投球回|安打|本塁打|四球|死球|三振|暴投|ボーク|失点|自責点|防御率,1963|読　売|42|14|13||||12|3|5|.519|826|208 .2|208|.2|186|11|31|4|82|2|1|71|65|2.80,_data\master_csv__rescrape_staging\pitching_1963_CL_from_master.csv,6
CSV_ERA,ERA,71.0,71,index_3,3,71,1963,41943823,高橋　明,,1963|読　売|42|71|59|1|8|0|1|0|10|2|0|0|7|0|4|1|30|1|.136|.169|,_data\master_csv__rescrape_staging\pitching_1963_CL_from_master.csv,6
CSV_IP,IP,101.0,101,投球回,13,101,1963,81983804,中村　稔,年度|所属球団|登板|勝利|敗北|セーブ|H|HP|完投|完封勝|無四球|勝率|打者|投球回|安打|本塁打|四球|死球|三振|暴投|ボーク|失点|自責点|防御率,1963|読　売|30|3|4||||2|1|0|.429|400|101|101||82|6|21|4|35|2|1|42|35|3.12,_data\master_csv__rescrape_staging\pitching_1963_CL_from_master.csv,7
CSV_IP,IP,101.0,101,安打,14,101,1963,81983804,中村　稔,年度|所属球団|登板|勝利|敗北|セーブ|H|HP|完投|完封勝|無四球|勝率|打者|投球回|安打|本塁打|四球|死球|三振|暴投|ボーク|失点|自責点|防御率,1963|読　売|30|3|4||||2|1|0|.429|400|101|101||82|6|21|4|35|2|1|42|35|3.12,_data\master_csv__rescrape_staging\pitching_1963_CL_from_master.csv,7
CSV_ER,ER,1,1,完封勝,9,1,1963,81983804,中村　稔,年度|所属球団|登板|勝利|敗北|セーブ|H|HP|完投|完封勝|無四球|勝率|打者|投球回|安打|本塁打|四球|死球|三振|暴投|ボーク|失点|自責点|防御率,1963|読　売|30|3|4||||2|1|0|.429|400|101|101||82|6|21|4|35|2|1|42|35|3.12,_data\master_csv__rescrape_staging\pitching_1963_CL_from_master.csv,7
CSV_ER,ER,1,1,自責点,22,1,1963,81983804,中村　稔,年度|所属球団|登板|勝利|敗北|セーブ|H|HP|完投|完封勝|無四球|勝率|打者|投球回|安打|本塁打|四球|死球|三振|暴投|ボーク|失点|自責点|防御率,1963|読　売|30|3|4||||2|1|0|.429|400|101|101||82|6|21|4|35|2|1|42|35|3.12,_data\master_csv__rescrape_staging\pitching_1963_CL_from_master.csv,7
CSV_ER,ER,1,1,index_6,6,1,1963,81983804,中村　稔,,1963|読　売|30|30|26|0|1|0|0|0|1|0|0|0|1|0|3|0|13|0|.038|.038|,_data\master_csv__rescrape_staging\pitching_1963_CL_from_master.csv,7
CSV_ER,ER,1,1,index_10,10,1,1963,81983804,中村　稔,,1963|読　売|30|30|26|0|1|0|0|0|1|0|0|0|1|0|3|0|13|0|.038|.038|,_data\master_csv__rescrape_staging\pitching_1963_CL_from_master.csv,7
CSV_ER,ER,1,1,index_14,14,1,1963,81983804,中村　稔,,1963|読　売|30|30|26|0|1|0|0|0|1|0|0|0|1|0|3|0|13|0|.038|.038|,_data\master_csv__rescrape_staging\pitching_1963_CL_from_master.csv,7
CSV_ERA,ERA,42.0,42,防御率,23,42,1963,81983804,中村　稔,年度|所属球団|登板|勝利|敗北|セーブ|H|HP|完投|完封勝|無四球|勝率|打者|投球回|安打|本塁打|四球|死球|三振|暴投|ボーク|失点|自責点|防御率,1963|読　売|30|3|4||||2|1|0|.429|400|101|101||82|6|21|4|35|2|1|42|35|3.12,_data\master_csv__rescrape_staging\pitching_1963_CL_from_master.csv,7
CSV_IP,IP,67.0,67,投球回,13,67,1963,91193802,秋本　祐作,年度|所属球団|登板|勝利|敗北|セーブ|H|HP|完投|完封勝|無四球|勝率|打者|投球回|安打|本塁打|四球|死球|三振|暴投|ボーク|失点|自責点|防御率,1963|阪　急|26|0|3||||0|0|0|.000|294|67|67||79|8|16|2|36|0|0|44|31|4.16,_data\master_csv__rescrape_staging\pitching_1963_PL_from_master.csv,2
CSV_IP,IP,67.0,67,安打,14,67,1963,91193802,秋本　祐作,年度|所属球団|登板|勝利|敗北|セーブ|H|HP|完投|完封勝|無四球|勝率|打者|投球回|安打|本塁打|四球|死球|三振|暴投|ボーク|失点|自責点|防御率,1963|阪　急|26|0|3||||0|0|0|.000|294|67|67||79|8|16|2|36|0|0|44|31|4.16,_data\master_csv__rescrape_staging\pitching_1963_PL_from_master.csv,2
CSV_ER,ER,0,0,勝利,3,0,1963,91193802,秋本　祐作,年度|所属球団|登板|勝利|敗北|セーブ|H|HP|完投|完封勝|無四球|勝率|打者|投球回|安打|本塁打|四球|死球|三振|暴投|ボーク|失点|自責点|防御率,1963|阪　急|26|0|3||||0|0|0|.000|294|67|67||79|8|16|2|36|0|0|44|31|4.16,_data\master_csv__rescrape_staging\pitching_1963_PL_from_master.csv,2
CSV_ER,ER,0,0,完投,8,0,1963,91193802,秋本　祐作,年度|所属球団|登板|勝利|敗北|セーブ|H|HP|完投|完封勝|無四球|勝率|打者|投球回|安打|本塁打|四球|死球|三振|暴投|ボーク|失点|自責点|防御率,1963|阪　急|26|0|3||||0|0|0|.000|294|67|67||79|8|16|2|36|0|0|44|31|4.16,_data\master_csv__rescrape_staging\pitching_1963_PL_from_master.csv,2
CSV_ER,ER,0,0,完封勝,9,0,1963,91193802,秋本　祐作,年度|所属球団|登板|勝利|敗北|セーブ|H|HP|完投|完封勝|無四球|勝率|打者|投球回|安打|本塁打|四球|死球|三振|暴投|ボーク|失点|自責点|防御率,1963|阪　急|26|0|3||||0|0|0|.000|294|67|67||79|8|16|2|36|0|0|44|31|4.16,_data\master_csv__rescrape_staging\pitching_1963_PL_from_master.csv,2
CSV_ER,ER,0,0,無四球,10,0,1963,91193802,秋本　祐作,年度|所属球団|登板|勝利|敗北|セーブ|H|HP|完投|完封勝|無四球|勝率|打者|投球回|安打|本塁打|四球|死球|三振|暴投|ボーク|失点|自責点|防御率,1963|阪　急|26|0|3||||0|0|0|.000|294|67|67||79|8|16|2|36|0|0|44|31|4.16,_data\master_csv__rescrape_staging\pitching_1963_PL_from_master.csv,2
CSV_ER,ER,0,0,勝率,11,.000,1963,91193802,秋本　祐作,年度|所属球団|登板|勝利|敗北|セーブ|H|HP|完投|完封勝|無四球|勝率|打者|投球回|安打|本塁打|四球|死球|三振|暴投|ボーク|失点|自責点|防御率,1963|阪　急|26|0|3||||0|0|0|.000|294|67|67||79|8|16|2|36|0|0|44|31|4.16,_data\master_csv__rescrape_staging\pitching_1963_PL_from_master.csv,2
CSV_ER,ER,0,0,失点,21,0,1963,91193802,秋本　祐作,年度|所属球団|登板|勝利|敗北|セーブ|H|HP|完投|完封勝|無四球|勝率|打者|投球回|安打|本塁打|四球|死球|三振|暴投|ボーク|失点|自責点|防御率,1963|阪　急|26|0|3||||0|0|0|.000|294|67|67||79|8|16|2|36|0|0|44|31|4.16,_data\master_csv__rescrape_staging\pitching_1963_PL_from_master.csv,2
CSV_ER,ER,0,0,自責点,22,0,1963,91193802,秋本　祐作,年度|所属球団|登板|勝利|敗北|セーブ|H|HP|完投|完封勝|無四球|勝率|打者|投球回|安打|本塁打|四球|死球|三振|暴投|ボーク|失点|自責点|防御率,1963|阪　急|26|0|3||||0|0|0|.000|294|67|67||79|8|16|2|36|0|0|44|31|4.16,_data\master_csv__rescrape_staging\pitching_1963_PL_from_master.csv,2
CSV_ER,ER,0,0,index_5,5,0,1963,91193802,秋本　祐作,,1963|阪　急|29|10|8|0|0|0|0|0|0|0|0|0|1|0|1|0|5|0|.000|.000|.111,_data\master_csv__rescrape_staging\pitching_1963_PL_from_master.csv,2
CSV_ER,ER,0,0,index_6,6,0,1963,91193802,秋本　祐作,,1963|阪　急|29|10|8|0|0|0|0|0|0|0|0|0|1|0|1|0|5|0|.000|.000|.111,_data\master_csv__rescrape_staging\pitching_1963_PL_from_master.csv,2
CSV_ER,ER,0,0,index_7,7,0,1963,91193802,秋本　祐作,,1963|阪　急|29|10|8|0|0|0|0|0|0|0|0|0|1|0|1|0|5|0|.000|.000|.111,_data\master_csv__rescrape_staging\pitching_1963_PL_from_master.csv,2
CSV_ER,ER,0,0,index_8,8,0,1963,91193802,秋本　祐作,,1963|阪　急|29|10|8|0|0|0|0|0|0|0|0|0|1|0|1|0|5|0|.000|.000|.111,_data\master_csv__rescrape_staging\pitching_1963_PL_from_master.csv,2
CSV_ER,ER,0,0,index_9,9,0,1963,91193802,秋本　祐作,,1963|阪　急|29|10|8|0|0|0|0|0|0|0|0|0|1|0|1|0|5|0|.000|.000|.111,_data\master_csv__rescrape_staging\pitching_1963_PL_from_master.csv,2
CSV_ER,ER,0,0,index_10,10,0,1963,91193802,秋本　祐作,,1963|阪　急|29|10|8|0|0|0|0|0|0|0|0|0|1|0|1|0|5|0|.000|.000|.111,_data\master_csv__rescrape_staging\pitching_1963_PL_from_master.csv,2
CSV_ER,ER,0,0,index_11,11,0,1963,91193802,秋本　祐作,,1963|阪　急|29|10|8|0|0|0|0|0|0|0|0|0|1|0|1|0|5|0|.000|.000|.111,_data\master_csv__rescrape_staging\pitching_1963_PL_from_master.csv,2
CSV_ER,ER,0,0,index_12,12,0,1963,91193802,秋本　祐作,,1963|阪　急|29|10|8|0|0|0|0|0|0|0|0|0|1|0|1|0|5|0|.000|.000|.111,_data\master_csv__rescrape_staging\pitching_1963_PL_from_master.csv,2
CSV_ER,ER,0,0,index_13,13,0,1963,91193802,秋本　祐作,,1963|阪　急|29|10|8|0|0|0|0|0|0|0|0|0|1|0|1|0|5|0|.000|.000|.111,_data\master_csv__rescrape_staging\pitching_1963_PL_from_master.csv,2
CSV_ER,ER,0,0,index_15,15,0,1963,91193802,秋本　祐作,,1963|阪　急|29|10|8|0|0|0|0|0|0|0|0|0|1|0|1|0|5|0|.000|.000|.111,_data\master_csv__rescrape_staging\pitching_1963_PL_from_master.csv,2
CSV_ER,ER,0,0,index_17,17,0,1963,91193802,秋本　祐作,,1963|阪　急|29|10|8|0|0|0|0|0|0|0|0|0|1|0|1|0|5|0|.000|.000|.111,_data\master_csv__rescrape_staging\pitching_1963_PL_from_master.csv,2
CSV_ER,ER,0,0,index_19,19,0,1963,91193802,秋本　祐作,,1963|阪　急|29|10|8|0|0|0|0|0|0|0|0|0|1|0|1|0|5|0|.000|.000|.111,_data\master_csv__rescrape_staging\pitching_1963_PL_from_master.csv,2
CSV_ER,ER,0,0,index_20,20,.000,1963,91193802,秋本　祐作,,1963|阪　急|29|10|8|0|0|0|0|0|0|0|0|0|1|0|1|0|5|0|.000|.000|.111,_data\master_csv__rescrape_staging\pitching_1963_PL_from_master.csv,2
CSV_ER,ER,0,0,index_21,21,.000,1963,91193802,秋本　祐作,,1963|阪　急|29|10|8|0|0|0|0|0|0|0|0|0|1|0|1|0|5|0|.000|.000|.111,_data\master_csv__rescrape_staging\pitching_1963_PL_from_master.csv,2
CSV_ERA,ERA,44.0,44,防御率,23,44,1963,91193802,秋本　祐作,年度|所属球団|登板|勝利|敗北|セーブ|H|HP|完投|完封勝|無四球|勝率|打者|投球回|安打|本塁打|四球|死球|三振|暴投|ボーク|失点|自責点|防御率,1963|阪　急|26|0|3||||0|0|0|.000|294|67|67||79|8|16|2|36|0|0|44|31|4.16,_data\master_csv__rescrape_staging\pitching_1963_PL_from_master.csv,2
CSV_ER,ER,0,0,無四球,10,0,1963,51153808,安藤　治久,年度|所属球団|登板|勝利|敗北|セーブ|H|HP|完投|完封勝|無四球|勝率|打者|投球回|安打|本塁打|四球|死球|三振|暴投|ボーク|失点|自責点|防御率,1963|阪　急|29|7|10||||3|1|0|.412|508|114 .2|114|.2|126|10|47|4|37|1|0|68|60|4.70,_data\master_csv__rescrape_staging\pitching_1963_PL_from_master.csv,3
CSV_ER,ER,0,0,自責点,22,0,1963,51153808,安藤　治久,年度|所属球団|登板|勝利|敗北|セーブ|H|HP|完投|完封勝|無四球|勝率|打者|投球回|安打|本塁打|四球|死球|三振|暴投|ボーク|失点|自責点|防御率,1963|阪　急|29|7|10||||3|1|0|.412|508|114 .2|114|.2|126|10|47|4|37|1|0|68|60|4.70,_data\master_csv__rescrape_staging\pitching_1963_PL_from_master.csv,3
CSV_ER,ER,0,0,index_8,8,0,1963,51153808,安藤　治久,,1963|阪　急|35|36|28|5|8|2|0|1|13|5|1|0|5|1|2|0|7|0|.286|.464|.333,_data\master_csv__rescrape_staging\pitching_1963_PL_from_master.csv,3
CSV_ER,ER,0,0,index_13,13,0,1963,51153808,安藤　治久,,1963|阪　急|35|36|28|5|8|2|0|1|13|5|1|0|5|1|2|0|7|0|.286|.464|.333,_data\master_csv__rescrape_staging\pitching_1963_PL_from_master.csv,3
CSV_ER,ER,0,0,index_17,17,0,1963,51153808,安藤　治久,,1963|阪　急|35|36|28|5|8|2|0|1|13|5|1|0|5|1|2|0|7|0|.286|.464|.333,_data\master_csv__rescrape_staging\pitching_1963_PL_from_master.csv,3
CSV_ER,ER,0,0,index_19,19,0,1963,51153808,安藤　治久,,1963|阪　急|35|36|28|5|8|2|0|1|13|5|1|0|5|1|2|0|7|0|.286|.464|.333,_data\master_csv__rescrape_staging\pitching_1963_PL_from_master.csv,3
CSV_ERA,ERA,68.0,68,防御率,23,68,1963,51153808,安藤　治久,年度|所属球団|登板|勝利|敗北|セーブ|H|HP|完投|完封勝|無四球|勝率|打者|投球回|安打|本塁打|四球|死球|三振|暴投|ボーク|失点|自責点|防御率,1963|阪　急|29|7|10||||3|1|0|.412|508|114 .2|114|.2|126|10|47|4|37|1|0|68|60|4.70,_data\master_csv__rescrape_staging\pitching_1963_PL_from_master.csv,3
CSV_ER,ER,0,0,無四球,10,0,1963,71173808,足立　光宏,年度|所属球団|登板|勝利|敗北|セーブ|H|HP|完投|完封勝|無四球|勝率|打者|投球回|安打|本塁打|四球|死球|三振|暴投|ボーク|失点|自責点|防御率,1963|阪　急|47|6|18||||5|2|0|.250|803|200 .2|200|.2|187|24|31|6|121|0|0|89|77|3.45,_data\master_csv__rescrape_staging\pitching_1963_PL_from_master.csv,4
CSV_ER,ER,0,0,失点,21,0,1963,71173808,足立　光宏,年度|所属球団|登板|勝利|敗北|セーブ|H|HP|完投|完封勝|無四球|勝率|打者|投球回|安打|本塁打|四球|死球|三振|暴投|ボーク|失点|自責点|防御率,1963|阪　急|47|6|18||||5|2|0|.250|803|200 .2|200|.2|187|24|31|6|121|0|0|89|77|3.45,_data\master_csv__rescrape_staging\pitching_1963_PL_from_master.csv,4
CSV_ER,ER,0,0,自責点,22,0,1963,71173808,足立　光宏,年度|所属球団|登板|勝利|敗北|セーブ|H|HP|完投|完封勝|無四球|勝率|打者|投球回|安打|本塁打|四球|死球|三振|暴投|ボーク|失点|自責点|防御率,1963|阪　急|47|6|18||||5|2|0|.250|803|200 .2|200|.2|187|24|31|6|121|0|0|89|77|3.45,_data\master_csv__rescrape_staging\pitching_1963_PL_from_master.csv,4
CSV_ER,ER,0,0,index_8,8,0,1963,71173808,足立　光宏,,1963|阪　急|51|62|59|5|9|1|0|0|10|1|0|0|0|0|3|0|15|0|.153|.169|.194,_data\master_csv__rescrape_staging\pitching_1963_PL_from_master.csv,4
CSV_ER,ER,0,0,index_9,9,0,1963,71173808,足立　光宏,,1963|阪　急|51|62|59|5|9|1|0|0|10|1|0|0|0|0|3|0|15|0|.153|.169|.194,_data\master_csv__rescrape_staging\pitching_1963_PL_from_master.csv,4
CSV_ER,ER,0,0,index_12,12,0,1963,71173808,足立　光宏,,1963|阪　急|51|62|59|5|9|1|0|0|10|1|0|0|0|0|3|0|15|0|.153|.169|.194,_data\master_csv__rescrape_staging\pitching_1963_PL_from_master.csv,4
CSV_ER,ER,0,0,index_13,13,0,1963,71173808,足立　光宏,,1963|阪　急|51|62|59|5|9|1|0|0|10|1|0|0|0|0|3|0|15|0|.153|.169|.194,_data\master_csv__rescrape_staging\pitching_1963_PL_from_master.csv,4
CSV_ER,ER,0,0,index_14,14,0,1963,71173808,足立　光宏,,1963|阪　急|51|62|59|5|9|1|0|0|10|1|0|0|0|0|3|0|15|0|.153|.169|.194,_data\master_csv__rescrape_staging\pitching_1963_PL_from_master.csv,4
CSV_ER,ER,0,0,index_15,15,0,1963,71173808,足立　光宏,,1963|阪　急|51|62|59|5|9|1|0|0|10|1|0|0|0|0|3|0|15|0|.153|.169|.194,_data\master_csv__rescrape_staging\pitching_1963_PL_from_master.csv,4
CSV_ER,ER,0,0,index_17,17,0,1963,71173808,足立　光宏,,1963|阪　急|51|62|59|5|9|1|0|0|10|1|0|0|0|0|3|0|15|0|.153|.169|.194,_data\master_csv__rescrape_staging\pitching_1963_PL_from_master.csv,4
CSV_ER,ER,0,0,index_19,19,0,1963,71173808,足立　光宏,,1963|阪　急|51|62|59|5|9|1|0|0|10|1|0|0|0|0|3|0|15|0|.153|.169|.194,_data\master_csv__rescrape_staging\pitching_1963_PL_from_master.csv,4
CSV_ERA,ERA,89.0,89,防御率,23,89,1963,71173808,足立　光宏,年度|所属球団|登板|勝利|敗北|セーブ|H|HP|完投|完封勝|無四球|勝率|打者|投球回|安打|本塁打|四球|死球|三振|暴投|ボーク|失点|自責点|防御率,1963|阪　急|47|6|18||||5|2|0|.250|803|200 .2|200|.2|187|24|31|6|121|0|0|89|77|3.45,_data\master_csv__rescrape_staging\pitching_1963_PL_from_master.csv,4
CSV_IP,IP,256.0,256,投球回,13,256,1963,41143806,石井　茂雄,年度|所属球団|登板|勝利|敗北|セーブ|H|HP|完投|完封勝|無四球|勝率|打者|投球回|安打|本塁打|四球|死球|三振|暴投|ボーク|失点|自責点|防御率,1963|阪　急|49|17|17||||11|1|2|.500|1046|256|256||253|22|59|1|144|1|0|96|83|2.92,_data\master_csv__rescrape_staging\pitching_1963_PL_from_master.csv,5
CSV_IP,IP,256.0,256,安打,14,256,1963,41143806,石井　茂雄,年度|所属球団|登板|勝利|敗北|セーブ|H|HP|完投|完封勝|無四球|勝率|打者|投球回|安打|本塁打|四球|死球|三振|暴投|ボーク|失点|自責点|防御率,1963|阪　急|49|17|17||||11|1|2|.500|1046|256|256||253|22|59|1|144|1|0|96|83|2.92,_data\master_csv__rescrape_staging\pitching_1963_PL_from_master.csv,5
CSV_ER,ER,0,0,自責点,22,0,1963,41143806,石井　茂雄,年度|所属球団|登板|勝利|敗北|セーブ|H|HP|完投|完封勝|無四球|勝率|打者|投球回|安打|本塁打|四球|死球|三振|暴投|ボーク|失点|自責点|防御率,1963|阪　急|49|17|17||||11|1|2|.500|1046|256|256||253|22|59|1|144|1|0|96|83|2.92,_data\master_csv__rescrape_staging\pitching_1963_PL_from_master.csv,5
CSV_ER,ER,0,0,index_9,9,0,1963,41143806,石井　茂雄,,1963|阪　急|55|83|75|6|12|3|1|0|17|6|0|0|3|0|4|1|14|0|.160|.227|.213,_data\master_csv__rescrape_staging\pitching_1963_PL_from_master.csv,5
CSV_ER,ER,0,0,index_12,12,0,1963,41143806,石井　茂雄,,1963|阪　急|55|83|75|6|12|3|1|0|17|6|0|0|3|0|4|1|14|0|.160|.227|.213,_data\master_csv__rescrape_staging\pitching_1963_PL_from_master.csv,5
CSV_ER,ER,0,0,index_13,13,0,1963,41143806,石井　茂雄,,1963|阪　急|55|83|75|6|12|3|1|0|17|6|0|0|3|0|4|1|14|0|.160|.227|.213,_data\master_csv__rescrape_staging\pitching_1963_PL_from_master.csv,5
CSV_ER,ER,0,0,index_15,15,0,1963,41143806,石井　茂雄,,1963|阪　急|55|83|75|6|12|3|1|0|17|6|0|0|3|0|4|1|14|0|.160|.227|.213,_data\master_csv__rescrape_staging\pitching_1963_PL_from_master.csv,5
CSV_ER,ER,0,0,index_19,19,0,1963,41143806,石井　茂雄,,1963|阪　急|55|83|75|6|12|3|1|0|17|6|0|0|3|0|4|1|14|0|.160|.227|.213,_data\master_csv__rescrape_staging\pitching_1963_PL_from_master.csv,5
CSV_ERA,ERA,96.0,96,防御率,23,96,1963,41143806,石井　茂雄,年度|所属球団|登板|勝利|敗北|セーブ|H|HP|完投|完封勝|無四球|勝率|打者|投球回|安打|本塁打|四球|死球|三振|暴投|ボーク|失点|自責点|防御率,1963|阪　急|49|17|17||||11|1|2|.500|1046|256|256||253|22|59|1|144|1|0|96|83|2.92,_data\master_csv__rescrape_staging\pitching_1963_PL_from_master.csv,5
CSV_ER,ER,0,0,無四球,10,0,1963,91793809,梶本　隆夫,年度|所属球団|登板|勝利|敗北|セーブ|H|HP|完投|完封勝|無四球|勝率|打者|投球回|安打|本塁打|四球|死球|三振|暴投|ボーク|失点|自責点|防御率,1963|阪　急|46|9|17||||7|1|0|.346|790|180 .1|180|.1|204|19|57|1|107|1|0|98|87|4.33,_data\master_csv__rescrape_staging\pitching_1963_PL_from_master.csv,7
CSV_ER,ER,0,0,自責点,22,0,1963,91793809,梶本　隆夫,年度|所属球団|登板|勝利|敗北|セーブ|H|HP|完投|完封勝|無四球|勝率|打者|投球回|安打|本塁打|四球|死球|三振|暴投|ボーク|失点|自責点|防御率,1963|阪　急|46|9|17||||7|1|0|.346|790|180 .1|180|.1|204|19|57|1|107|1|0|98|87|4.33,_data\master_csv__rescrape_staging\pitching_1963_PL_from_master.csv,7
CSV_ER,ER,0,0,index_8,8,0,1963,91793809,梶本　隆夫,,1963|阪　急|62|87|82|6|13|1|0|1|17|9|0|0|0|0|5|0|19|4|.159|.207|.207,_data\master_csv__rescrape_staging\pitching_1963_PL_from_master.csv,7
CSV_ER,ER,0,0,index_12,12,0,1963,91793809,梶本　隆夫,,1963|阪　急|62|87|82|6|13|1|0|1|17|9|0|0|0|0|5|0|19|4|.159|.207|.207,_data\master_csv__rescrape_staging\pitching_1963_PL_from_master.csv,7
CSV_ER,ER,0,0,index_13,13,0,1963,91793809,梶本　隆夫,,1963|阪　急|62|87|82|6|13|1|0|1|17|9|0|0|0|0|5|0|19|4|.159|.207|.207,_data\master_csv__rescrape_staging\pitching_1963_PL_from_master.csv,7
CSV_ER,ER,0,0,index_14,14,0,1963,91793809,梶本　隆夫,,1963|阪　急|62|87|82|6|13|1|0|1|17|9|0|0|0|0|5|0|19|4|.159|.207|.207,_data\master_csv__rescrape_staging\pitching_1963_PL_from_master.csv,7
CSV_ER,ER,0,0,index_15,15,0,1963,91793809,梶本　隆夫,,1963|阪　急|62|87|82|6|13|1|0|1|17|9|0|0|0|0|5|0|19|4|.159|.207|.207,_data\master_csv__rescrape_staging\pitching_1963_PL_from_master.csv,7
CSV_ER,ER,0,0,index_17,17,0,1963,91793809,梶本　隆夫,,1963|阪　急|62|87|82|6|13|1|0|1|17|9|0|0|0|0|5|0|19|4|.159|.207|.207,_data\master_csv__rescrape_staging\pitching_1963_PL_from_master.csv,7
CSV_ERA,ERA,98.0,98,防御率,23,98,1963,91793809,梶本　隆夫,年度|所属球団|登板|勝利|敗北|セーブ|H|HP|完投|完封勝|無四球|勝率|打者|投球回|安打|本塁打|四球|死球|三振|暴投|ボーク|失点|自責点|防御率,1963|阪　急|46|9|17||||7|1|0|.346|790|180 .1|180|.1|204|19|57|1|107|1|0|98|87|4.33,_data\master_csv__rescrape_staging\pitching_1963_PL_from_master.csv,7
CSV_ER,ER,2,2,完封勝,9,2,1964,61163808,伊藤　芳明,年度|所属球団|登板|勝利|敗北|セーブ|H|HP|完投|完封勝|無四球|勝率|打者|投球回|安打|本塁打|四球|死球|三振|暴投|ボーク|失点|自責点|防御率,1964|読　売|44|11|12||||9|2|1|.478|847|206 .2|206|.2|173|21|75|4|130|1|2|84|79|3.43,_data\master_csv__rescrape_staging\pitching_1964_CL_from_master.csv,2
CSV_ER,ER,2,2,自責点,22,2,1964,61163808,伊藤　芳明,年度|所属球団|登板|勝利|敗北|セーブ|H|HP|完投|完封勝|無四球|勝率|打者|投球回|安打|本塁打|四球|死球|三振|暴投|ボーク|失点|自責点|防御率,1964|読　売|44|11|12||||9|2|1|.478|847|206 .2|206|.2|173|21|75|4|130|1|2|84|79|3.43,_data\master_csv__rescrape_staging\pitching_1964_CL_from_master.csv,2
CSV_ER,ER,2,2,index_7,7,2,1964,61163808,伊藤　芳明,,1964|読　売|45|74|66|4|11|2|0|0|13|8|0|0|3|1|4|0|15|0|.167|.197|,_data\master_csv__rescrape_staging\pitching_1964_CL_from_master.csv,2
CSV_ERA,ERA,84.0,84,防御率,23,84,1964,61163808,伊藤　芳明,年度|所属球団|登板|勝利|敗北|セーブ|H|HP|完投|完封勝|無四球|勝率|打者|投球回|安打|本塁打|四球|死球|三振|暴投|ボーク|失点|自責点|防御率,1964|読　売|44|11|12||||9|2|1|.478|847|206 .2|206|.2|173|21|75|4|130|1|2|84|79|3.43,_data\master_csv__rescrape_staging\pitching_1964_CL_from_master.csv,2
CSV_ER,ER,0,0,失点,21,0,1964,51753808,北川　芳男,年度|所属球団|登板|勝利|敗北|セーブ|H|HP|完投|完封勝|無四球|勝率|打者|投球回|安打|本塁打|四球|死球|三振|暴投|ボーク|失点|自責点|防御率,1964|読　売|38|8|5||||2|1|1|.615|528|130 .1|130|.1|127|15|31|4|35|0|0|52|47|3.25,_data\master_csv__rescrape_staging\pitching_1964_CL_from_master.csv,4
CSV_ER,ER,0,0,自責点,22,0,1964,51753808,北川　芳男,年度|所属球団|登板|勝利|敗北|セーブ|H|HP|完投|完封勝|無四球|勝率|打者|投球回|安打|本塁打|四球|死球|三振|暴投|ボーク|失点|自責点|防御率,1964|読　売|38|8|5||||2|1|1|.615|528|130 .1|130|.1|127|15|31|4|35|0|0|52|47|3.25,_data\master_csv__rescrape_staging\pitching_1964_CL_from_master.csv,4
CSV_ER,ER,0,0,index_8,8,0,1964,51753808,北川　芳男,,1964|読　売|39|43|39|1|5|3|0|0|8|2|0|0|3|0|1|0|9|1|.128|.205|,_data\master_csv__rescrape_staging\pitching_1964_CL_from_master.csv,4
CSV_ER,ER,0,0,index_9,9,0,1964,51753808,北川　芳男,,1964|読　売|39|43|39|1|5|3|0|0|8|2|0|0|3|0|1|0|9|1|.128|.205|,_data\master_csv__rescrape_staging\pitching_1964_CL_from_master.csv,4
CSV_ER,ER,0,0,index_12,12,0,1964,51753808,北川　芳男,,1964|読　売|39|43|39|1|5|3|0|0|8|2|0|0|3|0|1|0|9|1|.128|.205|,_data\master_csv__rescrape_staging\pitching_1964_CL_from_master.csv,4
CSV_ER,ER,0,0,index_13,13,0,1964,51753808,北川　芳男,,1964|読　売|39|43|39|1|5|3|0|0|8|2|0|0|3|0|1|0|9|1|.128|.205|,_data\master_csv__rescrape_staging\pitching_1964_CL_from_master.csv,4
CSV_ER,ER,0,0,index_15,15,0,1964,51753808,北川　芳男,,1964|読　売|39|43|39|1|5|3|0|0|8|2|0|0|3|0|1|0|9|1|.128|.205|,_data\master_csv__rescrape_staging\pitching_1964_CL_from_master.csv,4
CSV_ER,ER,0,0,index_17,17,0,1964,51753808,北川　芳男,,1964|読　売|39|43|39|1|5|3|0|0|8|2|0|0|3|0|1|0|9|1|.128|.205|,_data\master_csv__rescrape_staging\pitching_1964_CL_from_master.csv,4
CSV_ERA,ERA,52.0,52,防御率,23,52,1964,51753808,北川　芳男,年度|所属球団|登板|勝利|敗北|セーブ|H|HP|完投|完封勝|無四球|勝率|打者|投球回|安打|本塁打|四球|死球|三振|暴投|ボーク|失点|自責点|防御率,1964|読　売|38|8|5||||2|1|1|.615|528|130 .1|130|.1|127|15|31|4|35|0|0|52|47|3.25,_data\master_csv__rescrape_staging\pitching_1964_CL_from_master.csv,4
CSV_IP,IP,262.0,262,投球回,13,262,1964,51053825,城之内　邦雄,年度|所属球団|登板|勝利|敗北|セーブ|H|HP|完投|完封勝|無四球|勝率|打者|投球回|安打|本塁打|四球|死球|三振|暴投|ボーク|失点|自責点|防御率,1964|読　売|52|18|16||||17|5|4|.529|1040|262|262||238|15|39|6|119|2|0|79|65|2.23,_data\master_csv__rescrape_staging\pitching_1964_CL_from_master.csv,5
CSV_IP,IP,262.0,262,安打,14,262,1964,51053825,城之内　邦雄,年度|所属球団|登板|勝利|敗北|セーブ|H|HP|完投|完封勝|無四球|勝率|打者|投球回|安打|本塁打|四球|死球|三振|暴投|ボーク|失点|自責点|防御率,1964|読　売|52|18|16||||17|5|4|.529|1040|262|262||238|15|39|6|119|2|0|79|65|2.23,_data\master_csv__rescrape_staging\pitching_1964_CL_from_master.csv,5
CSV_ER,ER,0,0,自責点,22,0,1964,51053825,城之内　邦雄,年度|所属球団|登板|勝利|敗北|セーブ|H|HP|完投|完封勝|無四球|勝率|打者|投球回|安打|本塁打|四球|死球|三振|暴投|ボーク|失点|自責点|防御率,1964|読　売|52|18|16||||17|5|4|.529|1040|262|262||238|15|39|6|119|2|0|79|65|2.23,_data\master_csv__rescrape_staging\pitching_1964_CL_from_master.csv,5
CSV_ER,ER,0,0,index_9,9,0,1964,51053825,城之内　邦雄,,1964|読　売|52|93|82|3|11|1|1|0|14|1|0|0|7|0|4|0|41|0|.134|.171|,_data\master_csv__rescrape_staging\pitching_1964_CL_from_master.csv,5
CSV_ER,ER,0,0,index_12,12,0,1964,51053825,城之内　邦雄,,1964|読　売|52|93|82|3|11|1|1|0|14|1|0|0|7|0|4|0|41|0|.134|.171|,_data\master_csv__rescrape_staging\pitching_1964_CL_from_master.csv,5
CSV_ER,ER,0,0,index_13,13,0,1964,51053825,城之内　邦雄,,1964|読　売|52|93|82|3|11|1|1|0|14|1|0|0|7|0|4|0|41|0|.134|.171|,_data\master_csv__rescrape_staging\pitching_1964_CL_from_master.csv,5
CSV_ER,ER,0,0,index_15,15,0,1964,51053825,城之内　邦雄,,1964|読　売|52|93|82|3|11|1|1|0|14|1|0|0|7|0|4|0|41|0|.134|.171|,_data\master_csv__rescrape_staging\pitching_1964_CL_from_master.csv,5
CSV_ER,ER,0,0,index_17,17,0,1964,51053825,城之内　邦雄,,1964|読　売|52|93|82|3|11|1|1|0|14|1|0|0|7|0|4|0|41|0|.134|.171|,_data\master_csv__rescrape_staging\pitching_1964_CL_from_master.csv,5
CSV_ER,ER,0,0,index_19,19,0,1964,51053825,城之内　邦雄,,1964|読　売|52|93|82|3|11|1|1|0|14|1|0|0|7|0|4|0|41|0|.134|.171|,_data\master_csv__rescrape_staging\pitching_1964_CL_from_master.csv,5
CSV_ERA,ERA,79.0,79,防御率,23,79,1964,51053825,城之内　邦雄,年度|所属球団|登板|勝利|敗北|セーブ|H|HP|完投|完封勝|無四球|勝率|打者|投球回|安打|本塁打|四球|死球|三振|暴投|ボーク|失点|自責点|防御率,1964|読　売|52|18|16||||17|5|4|.529|1040|262|262||238|15|39|6|119|2|0|79|65|2.23,_data\master_csv__rescrape_staging\pitching_1964_CL_from_master.csv,5
CSV_IP,IP,181.0,181,投球回,13,181,1964,41943823,高橋　明,年度|所属球団|登板|勝利|敗北|セーブ|H|HP|完投|完封勝|無四球|勝率|打者|投球回|安打|本塁打|四球|死球|三振|暴投|ボーク|失点|自責点|防御率,1964|読　売|35|12|14||||10|2|5|.462|742|181|181||190|17|27|1|90|1|1|71|61|3.03,_data\master_csv__rescrape_staging\pitching_1964_CL_from_master.csv,6
CSV_IP,IP,181.0,181,安打,14,181,1964,41943823,高橋　明,年度|所属球団|登板|勝利|敗北|セーブ|H|HP|完投|完封勝|無四球|勝率|打者|投球回|安打|本塁打|四球|死球|三振|暴投|ボーク|失点|自責点|防御率,1964|読　売|35|12|14||||10|2|5|.462|742|181|181||190|17|27|1|90|1|1|71|61|3.03,_data\master_csv__rescrape_staging\pitching_1964_CL_from_master.csv,6
CSV_ER,ER,1,1,暴投,19,1,1964,41943823,高橋　明,年度|所属球団|登板|勝利|敗北|セーブ|H|HP|完投|完封勝|無四球|勝率|打者|投球回|安打|本塁打|四球|死球|三振|暴投|ボーク|失点|自責点|防御率,1964|読　売|35|12|14||||10|2|5|.462|742|181|181||190|17|27|1|90|1|1|71|61|3.03,_data\master_csv__rescrape_staging\pitching_1964_CL_from_master.csv,6
CSV_ER,ER,1,1,失点,21,1,1964,41943823,高橋　明,年度|所属球団|登板|勝利|敗北|セーブ|H|HP|完投|完封勝|無四球|勝率|打者|投球回|安打|本塁打|四球|死球|三振|暴投|ボーク|失点|自責点|防御率,1964|読　売|35|12|14||||10|2|5|.462|742|181|181||190|17|27|1|90|1|1|71|61|3.03,_data\master_csv__rescrape_staging\pitching_1964_CL_from_master.csv,6
CSV_ER,ER,1,1,自責点,22,1,1964,41943823,高橋　明,年度|所属球団|登板|勝利|敗北|セーブ|H|HP|完投|完封勝|無四球|勝率|打者|投球回|安打|本塁打|四球|死球|三振|暴投|ボーク|失点|自責点|防御率,1964|読　売|35|12|14||||10|2|5|.462|742|181|181||190|17|27|1|90|1|1|71|61|3.03,_data\master_csv__rescrape_staging\pitching_1964_CL_from_master.csv,6
CSV_ER,ER,1,1,index_11,11,1,1964,41943823,高橋　明,,1964|読　売|37|65|57|0|5|0|0|0|5|1|1|0|4|0|4|0|24|0|.088|.088|,_data\master_csv__rescrape_staging\pitching_1964_CL_from_master.csv,6
CSV_ER,ER,1,1,index_12,12,1,1964,41943823,高橋　明,,1964|読　売|37|65|57|0|5|0|0|0|5|1|1|0|4|0|4|0|24|0|.088|.088|,_data\master_csv__rescrape_staging\pitching_1964_CL_from_master.csv,6
CSV_ERA,ERA,71.0,71,防御率,23,71,1964,41943823,高橋　明,年度|所属球団|登板|勝利|敗北|セーブ|H|HP|完投|完封勝|無四球|勝率|打者|投球回|安打|本塁打|四球|死球|三振|暴投|ボーク|失点|自責点|防御率,1964|読　売|35|12|14||||10|2|5|.462|742|181|181||190|17|27|1|90|1|1|71|61|3.03,_data\master_csv__rescrape_staging\pitching_1964_CL_from_master.csv,6
CSV_ER,ER,0,0,無四球,10,0,1964,41243804,藤田　元司,年度|所属球団|登板|勝利|敗北|セーブ|H|HP|完投|完封勝|無四球|勝率|打者|投球回|安打|本塁打|四球|死球|三振|暴投|ボーク|失点|自責点|防御率,1964|読　売|41|8|11||||3|2|0|.421|710|175 .1|175|.1|149|15|61|3|86|6|0|63|53|2.73,_data\master_csv__rescrape_staging\pitching_1964_CL_from_master.csv,10
CSV_ER,ER,0,0,自責点,22,0,1964,41243804,藤田　元司,年度|所属球団|登板|勝利|敗北|セーブ|H|HP|完投|完封勝|無四球|勝率|打者|投球回|安打|本塁打|四球|死球|三振|暴投|ボーク|失点|自責点|防御率,1964|読　売|41|8|11||||3|2|0|.421|710|175 .1|175|.1|149|15|61|3|86|6|0|63|53|2.73,_data\master_csv__rescrape_staging\pitching_1964_CL_from_master.csv,10
CSV_ER,ER,0,0,index_8,8,0,1964,41243804,藤田　元司,,1964|読　売|42|60|52|3|6|1|0|1|10|6|0|1|3|1|4|0|21|0|.115|.192|,_data\master_csv__rescrape_staging\pitching_1964_CL_from_master.csv,10
CSV_ER,ER,0,0,index_12,12,0,1964,41243804,藤田　元司,,1964|読　売|42|60|52|3|6|1|0|1|10|6|0|1|3|1|4|0|21|0|.115|.192|,_data\master_csv__rescrape_staging\pitching_1964_CL_from_master.csv,10
CSV_ER,ER,0,0,index_17,17,0,1964,41243804,藤田　元司,,1964|読　売|42|60|52|3|6|1|0|1|10|6|0|1|3|1|4|0|21|0|.115|.192|,_data\master_csv__rescrape_staging\pitching_1964_CL_from_master.csv,10
CSV_ER,ER,0,0,index_19,19,0,1964,41243804,藤田　元司,,1964|読　売|42|60|52|3|6|1|0|1|10|6|0|1|3|1|4|0|21|0|.115|.192|,_data\master_csv__rescrape_staging\pitching_1964_CL_from_master.csv,10
CSV_ERA,ERA,63.0,63,防御率,23,63,1964,41243804,藤田　元司,年度|所属球団|登板|勝利|敗北|セーブ|H|HP|完投|完封勝|無四球|勝率|打者|投球回|安打|本塁打|四球|死球|三振|暴投|ボーク|失点|自責点|防御率,1964|読　売|41|8|11||||3|2|0|.421|710|175 .1|175|.1|149|15|61|3|86|6|0|63|53|2.73,_data\master_csv__rescrape_staging\pitching_1964_CL_from_master.csv,10
CSV_ER,ER,0,0,完封勝,9,0,1964,51153808,安藤　治久,年度|所属球団|登板|勝利|敗北|セーブ|H|HP|完投|完封勝|無四球|勝率|打者|投球回|安打|本塁打|四球|死球|三振|暴投|ボーク|失点|自責点|防御率,1964|阪　急|31|4|3||||3|0|0|.571|453|109 .2|109|.2|101|5|33|3|42|0|0|50|43|3.52,_data\master_csv__rescrape_staging\pitching_1964_PL_from_master.csv,3
CSV_ER,ER,0,0,無四球,10,0,1964,51153808,安藤　治久,年度|所属球団|登板|勝利|敗北|セーブ|H|HP|完投|完封勝|無四球|勝率|打者|投球回|安打|本塁打|四球|死球|三振|暴投|ボーク|失点|自責点|防御率,1964|阪　急|31|4|3||||3|0|0|.571|453|109 .2|109|.2|101|5|33|3|42|0|0|50|43|3.52,_data\master_csv__rescrape_staging\pitching_1964_PL_from_master.csv,3
CSV_ER,ER,0,0,失点,21,0,1964,51153808,安藤　治久,年度|所属球団|登板|勝利|敗北|セーブ|H|HP|完投|完封勝|無四球|勝率|打者|投球回|安打|本塁打|四球|死球|三振|暴投|ボーク|失点|自責点|防御率,1964|阪　急|31|4|3||||3|0|0|.571|453|109 .2|109|.2|101|5|33|3|42|0|0|50|43|3.52,_data\master_csv__rescrape_staging\pitching_1964_PL_from_master.csv,3
CSV_ER,ER,0,0,自責点,22,0,1964,51153808,安藤　治久,年度|所属球団|登板|勝利|敗北|セーブ|H|HP|完投|完封勝|無四球|勝率|打者|投球回|安打|本塁打|四球|死球|三振|暴投|ボーク|失点|自責点|防御率,1964|阪　急|31|4|3||||3|0|0|.571|453|109 .2|109|.2|101|5|33|3|42|0|0|50|43|3.52,_data\master_csv__rescrape_staging\pitching_1964_PL_from_master.csv,3
CSV_ER,ER,0,0,index_7,7,0,1964,51153808,安藤　治久,,1964|阪　急|38|26|23|7|7|0|0|1|10|3|1|0|1|0|2|0|2|0|.304|.435|.360,_data\master_csv__rescrape_staging\pitching_1964_PL_from_master.csv,3
CSV_ER,ER,0,0,index_8,8,0,1964,51153808,安藤　治久,,1964|阪　急|38|26|23|7|7|0|0|1|10|3|1|0|1|0|2|0|2|0|.304|.435|.360,_data\master_csv__rescrape_staging\pitching_1964_PL_from_master.csv,3
CSV_ER,ER,0,0,index_13,13,0,1964,51153808,安藤　治久,,1964|阪　急|38|26|23|7|7|0|0|1|10|3|1|0|1|0|2|0|2|0|.304|.435|.360,_data\master_csv__rescrape_staging\pitching_1964_PL_from_master.csv,3
CSV_ER,ER,0,0,index_15,15,0,1964,51153808,安藤　治久,,1964|阪　急|38|26|23|7|7|0|0|1|10|3|1|0|1|0|2|0|2|0|.304|.435|.360,_data\master_csv__rescrape_staging\pitching_1964_PL_from_master.csv,3
CSV_ER,ER,0,0,index_17,17,0,1964,51153808,安藤　治久,,1964|阪　急|38|26|23|7|7|0|0|1|10|3|1|0|1|0|2|0|2|0|.304|.435|.360,_data\master_csv__rescrape_staging\pitching_1964_PL_from_master.csv,3
CSV_ER,ER,0,0,index_19,19,0,1964,51153808,安藤　治久,,1964|阪　急|38|26|23|7|7|0|0|1|10|3|1|0|1|0|2|0|2|0|.304|.435|.360,_data\master_csv__rescrape_staging\pitching_1964_PL_from_master.csv,3
CSV_ERA,ERA,50.0,50,防御率,23,50,1964,51153808,安藤　治久,年度|所属球団|登板|勝利|敗北|セーブ|H|HP|完投|完封勝|無四球|勝率|打者|投球回|安打|本塁打|四球|死球|三振|暴投|ボーク|失点|自責点|防御率,1964|阪　急|31|4|3||||3|0|0|.571|453|109 .2|109|.2|101|5|33|3|42|0|0|50|43|3.52,_data\master_csv__rescrape_staging\pitching_1964_PL_from_master.csv,3
CSV_IP,IP,236.0,236,投球回,13,236,1964,71173808,足立　光宏,年度|所属球団|登板|勝利|敗北|セーブ|H|HP|完投|完封勝|無四球|勝率|打者|投球回|安打|本塁打|四球|死球|三振|暴投|ボーク|失点|自責点|防御率,1964|阪　急|46|13|15||||8|4|2|.464|927|236|236||200|26|37|5|125|0|0|82|73|2.78,_data\master_csv__rescrape_staging\pitching_1964_PL_from_master.csv,4
CSV_IP,IP,236.0,236,安打,14,236,1964,71173808,足立　光宏,年度|所属球団|登板|勝利|敗北|セーブ|H|HP|完投|完封勝|無四球|勝率|打者|投球回|安打|本塁打|四球|死球|三振|暴投|ボーク|失点|自責点|防御率,1964|阪　急|46|13|15||||8|4|2|.464|927|236|236||200|26|37|5|125|0|0|82|73|2.78,_data\master_csv__rescrape_staging\pitching_1964_PL_from_master.csv,4
CSV_ER,ER,0,0,失点,21,0,1964,71173808,足立　光宏,年度|所属球団|登板|勝利|敗北|セーブ|H|HP|完投|完封勝|無四球|勝率|打者|投球回|安打|本塁打|四球|死球|三振|暴投|ボーク|失点|自責点|防御率,1964|阪　急|46|13|15||||8|4|2|.464|927|236|236||200|26|37|5|125|0|0|82|73|2.78,_data\master_csv__rescrape_staging\pitching_1964_PL_from_master.csv,4
CSV_ER,ER,0,0,自責点,22,0,1964,71173808,足立　光宏,年度|所属球団|登板|勝利|敗北|セーブ|H|HP|完投|完封勝|無四球|勝率|打者|投球回|安打|本塁打|四球|死球|三振|暴投|ボーク|失点|自責点|防御率,1964|阪　急|46|13|15||||8|4|2|.464|927|236|236||200|26|37|5|125|0|0|82|73|2.78,_data\master_csv__rescrape_staging\pitching_1964_PL_from_master.csv,4
CSV_ER,ER,0,0,index_12,12,0,1964,71173808,足立　光宏,,1964|阪　急|48|75|67|7|19|1|3|1|29|6|0|0|6|1|1|0|9|1|.284|.433|.294,_data\master_csv__rescrape_staging\pitching_1964_PL_from_master.csv,4
CSV_ER,ER,0,0,index_13,13,0,1964,71173808,足立　光宏,,1964|阪　急|48|75|67|7|19|1|3|1|29|6|0|0|6|1|1|0|9|1|.284|.433|.294,_data\master_csv__rescrape_staging\pitching_1964_PL_from_master.csv,4
CSV_ER,ER,0,0,index_17,17,0,1964,71173808,足立　光宏,,1964|阪　急|48|75|67|7|19|1|3|1|29|6|0|0|6|1|1|0|9|1|.284|.433|.294,_data\master_csv__rescrape_staging\pitching_1964_PL_from_master.csv,4
CSV_ERA,ERA,82.0,82,防御率,23,82,1964,71173808,足立　光宏,年度|所属球団|登板|勝利|敗北|セーブ|H|HP|完投|完封勝|無四球|勝率|打者|投球回|安打|本塁打|四球|死球|三振|暴投|ボーク|失点|自責点|防御率,1964|阪　急|46|13|15||||8|4|2|.464|927|236|236||200|26|37|5|125|0|0|82|73|2.78,_data\master_csv__rescrape_staging\pitching_1964_PL_from_master.csv,4
CSV_IP,IP,325.0,325,投球回,13,325,1964,41143806,石井　茂雄,年度|所属球団|登板|勝利|敗北|セーブ|H|HP|完投|完封勝|無四球|勝率|打者|投球回|安打|本塁打|四球|死球|三振|暴投|ボーク|失点|自責点|防御率,1964|阪　急|62|28|15||||18|3|4|.651|1325|325|325||304|21|63|8|176|1|0|122|103|2.85,_data\master_csv__rescrape_staging\pitching_1964_PL_from_master.csv,5
CSV_IP,IP,325.0,325,安打,14,325,1964,41143806,石井　茂雄,年度|所属球団|登板|勝利|敗北|セーブ|H|HP|完投|完封勝|無四球|勝率|打者|投球回|安打|本塁打|四球|死球|三振|暴投|ボーク|失点|自責点|防御率,1964|阪　急|62|28|15||||18|3|4|.651|1325|325|325||304|21|63|8|176|1|0|122|103|2.85,_data\master_csv__rescrape_staging\pitching_1964_PL_from_master.csv,5
CSV_ER,ER,0,0,自責点,22,0,1964,41143806,石井　茂雄,年度|所属球団|登板|勝利|敗北|セーブ|H|HP|完投|完封勝|無四球|勝率|打者|投球回|安打|本塁打|四球|死球|三振|暴投|ボーク|失点|自責点|防御率,1964|阪　急|62|28|15||||18|3|4|.651|1325|325|325||304|21|63|8|176|1|0|122|103|2.85,_data\master_csv__rescrape_staging\pitching_1964_PL_from_master.csv,5
CSV_ER,ER,0,0,index_13,13,0,1964,41143806,石井　茂雄,,1964|阪　急|64|111|103|17|27|8|1|3|46|7|1|0|3|0|5|0|18|1|.262|.447|.296,_data\master_csv__rescrape_staging\pitching_1964_PL_from_master.csv,5
CSV_ER,ER,0,0,index_15,15,0,1964,41143806,石井　茂雄,,1964|阪　急|64|111|103|17|27|8|1|3|46|7|1|0|3|0|5|0|18|1|.262|.447|.296,_data\master_csv__rescrape_staging\pitching_1964_PL_from_master.csv,5
CSV_ER,ER,0,0,index_17,17,0,1964,41143806,石井　茂雄,,1964|阪　急|64|111|103|17|27|8|1|3|46|7|1|0|3|0|5|0|18|1|.262|.447|.296,_data\master_csv__rescrape_staging\pitching_1964_PL_from_master.csv,5
CSV_ERA,ERA,122.0,122,防御率,23,122,1964,41143806,石井　茂雄,年度|所属球団|登板|勝利|敗北|セーブ|H|HP|完投|完封勝|無四球|勝率|打者|投球回|安打|本塁打|四球|死球|三振|暴投|ボーク|失点|自責点|防御率,1964|阪　急|62|28|15||||18|3|4|.651|1325|325|325||304|21|63|8|176|1|0|122|103|2.85,_data\master_csv__rescrape_staging\pitching_1964_PL_from_master.csv,5
CSV_ER,ER,0,0,敗北,4,0,1964,61563825,大石　弥太郎,年度|所属球団|登板|勝利|敗北|セーブ|H|HP|完投|完封勝|無四球|勝率|打者|投球回|安打|本塁打|四球|死球|三振|暴投|ボーク|失点|自責点|防御率,1964|阪　急|25|1|0||||0|0|0|1.000|186|43 .2|43|.2|48|5|6|1|18|0|0|28|22|4.50,_data\master_csv__rescrape_staging\pitching_1964_PL_from_master.csv,6
CSV_ER,ER,0,0,完投,8,0,1964,61563825,大石　弥太郎,年度|所属球団|登板|勝利|敗北|セーブ|H|HP|完投|完封勝|無四球|勝率|打者|投球回|安打|本塁打|四球|死球|三振|暴投|ボーク|失点|自責点|防御率,1964|阪　急|25|1|0||||0|0|0|1.000|186|43 .2|43|.2|48|5|6|1|18|0|0|28|22|4.50,_data\master_csv__rescrape_staging\pitching_1964_PL_from_master.csv,6
CSV_ER,ER,0,0,完封勝,9,0,1964,61563825,大石　弥太郎,年度|所属球団|登板|勝利|敗北|セーブ|H|HP|完投|完封勝|無四球|勝率|打者|投球回|安打|本塁打|四球|死球|三振|暴投|ボーク|失点|自責点|防御率,1964|阪　急|25|1|0||||0|0|0|1.000|186|43 .2|43|.2|48|5|6|1|18|0|0|28|22|4.50,_data\master_csv__rescrape_staging\pitching_1964_PL_from_master.csv,6
CSV_ER,ER,0,0,無四球,10,0,1964,61563825,大石　弥太郎,年度|所属球団|登板|勝利|敗北|セーブ|H|HP|完投|完封勝|無四球|勝率|打者|投球回|安打|本塁打|四球|死球|三振|暴投|ボーク|失点|自責点|防御率,1964|阪　急|25|1|0||||0|0|0|1.000|186|43 .2|43|.2|48|5|6|1|18|0|0|28|22|4.50,_data\master_csv__rescrape_staging\pitching_1964_PL_from_master.csv,6
CSV_ER,ER,0,0,失点,21,0,1964,61563825,大石　弥太郎,年度|所属球団|登板|勝利|敗北|セーブ|H|HP|完投|完封勝|無四球|勝率|打者|投球回|安打|本塁打|四球|死球|三振|暴投|ボーク|失点|自責点|防御率,1964|阪　急|25|1|0||||0|0|0|1.000|186|43 .2|43|.2|48|5|6|1|18|0|0|28|22|4.50,_data\master_csv__rescrape_staging\pitching_1964_PL_from_master.csv,6
CSV_ER,ER,0,0,自責点,22,0,1964,61563825,大石　弥太郎,年度|所属球団|登板|勝利|敗北|セーブ|H|HP|完投|完封勝|無四球|勝率|打者|投球回|安打|本塁打|四球|死球|三振|暴投|ボーク|失点|自責点|防御率,1964|阪　急|25|1|0||||0|0|0|1.000|186|43 .2|43|.2|48|5|6|1|18|0|0|28|22|4.50,_data\master_csv__rescrape_staging\pitching_1964_PL_from_master.csv,6
CSV_ER,ER,0,0,index_5,5,0,1964,61563825,大石　弥太郎,,1964|阪　急|26|5|4|0|1|0|0|0|1|0|0|0|0|0|1|0|2|0|.250|.250|.400,_data\master_csv__rescrape_staging\pitching_1964_PL_from_master.csv,6
CSV_ER,ER,0,0,index_7,7,0,1964,61563825,大石　弥太郎,,1964|阪　急|26|5|4|0|1|0|0|0|1|0|0|0|0|0|1|0|2|0|.250|.250|.400,_data\master_csv__rescrape_staging\pitching_1964_PL_from_master.csv,6
CSV_ER,ER,0,0,index_8,8,0,1964,61563825,大石　弥太郎,,1964|阪　急|26|5|4|0|1|0|0|0|1|0|0|0|0|0|1|0|2|0|.250|.250|.400,_data\master_csv__rescrape_staging\pitching_1964_PL_from_master.csv,6
CSV_ER,ER,0,0,index_9,9,0,1964,61563825,大石　弥太郎,,1964|阪　急|26|5|4|0|1|0|0|0|1|0|0|0|0|0|1|0|2|0|.250|.250|.400,_data\master_csv__rescrape_staging\pitching_1964_PL_from_master.csv,6
CSV_ER,ER,0,0,index_11,11,0,1964,61563825,大石　弥太郎,,1964|阪　急|26|5|4|0|1|0|0|0|1|0|0|0|0|0|1|0|2|0|.250|.250|.400,_data\master_csv__rescrape_staging\pitching_1964_PL_from_master.csv,6
CSV_ER,ER,0,0,index_12,12,0,1964,61563825,大石　弥太郎,,1964|阪　急|26|5|4|0|1|0|0|0|1|0|0|0|0|0|1|0|2|0|.250|.250|.400,_data\master_csv__rescrape_staging\pitching_1964_PL_from_master.csv,6
CSV_ER,ER,0,0,index_13,13,0,1964,61563825,大石　弥太郎,,1964|阪　急|26|5|4|0|1|0|0|0|1|0|0|0|0|0|1|0|2|0|.250|.250|.400,_data\master_csv__rescrape_staging\pitching_1964_PL_from_master.csv,6
CSV_ER,ER,0,0,index_14,14,0,1964,61563825,大石　弥太郎,,1964|阪　急|26|5|4|0|1|0|0|0|1|0|0|0|0|0|1|0|2|0|.250|.250|.400,_data\master_csv__rescrape_staging\pitching_1964_PL_from_master.csv,6
CSV_ER,ER,0,0,index_15,15,0,1964,61563825,大石　弥太郎,,1964|阪　急|26|5|4|0|1|0|0|0|1|0|0|0|0|0|1|0|2|0|.250|.250|.400,_data\master_csv__rescrape_staging\pitching_1964_PL_from_master.csv,6
CSV_ER,ER,0,0,index_17,17,0,1964,61563825,大石　弥太郎,,1964|阪　急|26|5|4|0|1|0|0|0|1|0|0|0|0|0|1|0|2|0|.250|.250|.400,_data\master_csv__rescrape_staging\pitching_1964_PL_from_master.csv,6
CSV_ER,ER,0,0,index_19,19,0,1964,61563825,大石　弥太郎,,1964|阪　急|26|5|4|0|1|0|0|0|1|0|0|0|0|0|1|0|2|0|.250|.250|.400,_data\master_csv__rescrape_staging\pitching_1964_PL_from_master.csv,6
CSV_ERA,ERA,28.0,28,防御率,23,28,1964,61563825,大石　弥太郎,年度|所属球団|登板|勝利|敗北|セーブ|H|HP|完投|完封勝|無四球|勝率|打者|投球回|安打|本塁打|四球|死球|三振|暴投|ボーク|失点|自責点|防御率,1964|阪　急|25|1|0||||0|0|0|1.000|186|43 .2|43|.2|48|5|6|1|18|0|0|28|22|4.50,_data\master_csv__rescrape_staging\pitching_1964_PL_from_master.csv,6
CSV_ER,ER,0,0,自責点,22,0,1964,91793809,梶本　隆夫,年度|所属球団|登板|勝利|敗北|セーブ|H|HP|完投|完封勝|無四球|勝率|打者|投球回|安打|本塁打|四球|死球|三振|暴投|ボーク|失点|自責点|防御率,1964|阪　急|53|9|13||||6|1|1|.409|980|231 .2|231|.2|237|11|61|2|142|3|0|96|86|3.34,_data\master_csv__rescrape_staging\pitching_1964_PL_from_master.csv,7
CSV_ER,ER,0,0,index_8,8,0,1964,91793809,梶本　隆夫,,1964|阪　急|56|77|72|6|10|1|0|3|20|9|0|0|0|2|2|1|14|3|.139|.278|.173,_data\master_csv__rescrape_staging\pitching_1964_PL_from_master.csv,7
CSV_ER,ER,0,0,index_12,12,0,1964,91793809,梶本　隆夫,,1964|阪　急|56|77|72|6|10|1|0|3|20|9|0|0|0|2|2|1|14|3|.139|.278|.173,_data\master_csv__rescrape_staging\pitching_1964_PL_from_master.csv,7
CSV_ER,ER,0,0,index_13,13,0,1964,91793809,梶本　隆夫,,1964|阪　急|56|77|72|6|10|1|0|3|20|9|0|0|0|2|2|1|14|3|.139|.278|.173,_data\master_csv__rescrape_staging\pitching_1964_PL_from_master.csv,7
CSV_ER,ER,0,0,index_14,14,0,1964,91793809,梶本　隆夫,,1964|阪　急|56|77|72|6|10|1|0|3|20|9|0|0|0|2|2|1|14|3|.139|.278|.173,_data\master_csv__rescrape_staging\pitching_1964_PL_from_master.csv,7
CSV_ERA,ERA,96.0,96,防御率,23,96,1964,91793809,梶本　隆夫,年度|所属球団|登板|勝利|敗北|セーブ|H|HP|完投|完封勝|無四球|勝率|打者|投球回|安打|本塁打|四球|死球|三振|暴投|ボーク|失点|自責点|防御率,1964|阪　急|53|9|13||||6|1|1|.409|980|231 .2|231|.2|237|11|61|2|142|3|0|96|86|3.34,_data\master_csv__rescrape_staging\pitching_1964_PL_from_master.csv,7
CSV_ER,ER,0,0,完投,8,0,1965,61163808,伊藤　芳明,年度|所属球団|登板|勝利|敗北|セーブ|H|HP|完投|完封勝|無四球|勝率|打者|投球回|安打|本塁打|四球|死球|三振|暴投|ボーク|失点|自責点|防御率,1965|読　売|23|2|5||||0|0|0|.286|277|66 .2|66|.2|41|10|31|0|55|0|0|33|31|4.16,_data\master_csv__rescrape_staging\pitching_1965_CL_from_master.csv,3
CSV_ER,ER,0,0,完封勝,9,0,1965,61163808,伊藤　芳明,年度|所属球団|登板|勝利|敗北|セーブ|H|HP|完投|完封勝|無四球|勝率|打者|投球回|安打|本塁打|四球|死球|三振|暴投|ボーク|失点|自責点|防御率,1965|読　売|23|2|5||||0|0|0|.286|277|66 .2|66|.2|41|10|31|0|55|0|0|33|31|4.16,_data\master_csv__rescrape_staging\pitching_1965_CL_from_master.csv,3
CSV_ER,ER,0,0,無四球,10,0,1965,61163808,伊藤　芳明,年度|所属球団|登板|勝利|敗北|セーブ|H|HP|完投|完封勝|無四球|勝率|打者|投球回|安打|本塁打|四球|死球|三振|暴投|ボーク|失点|自責点|防御率,1965|読　売|23|2|5||||0|0|0|.286|277|66 .2|66|.2|41|10|31|0|55|0|0|33|31|4.16,_data\master_csv__rescrape_staging\pitching_1965_CL_from_master.csv,3
CSV_ER,ER,0,0,暴投,19,0,1965,61163808,伊藤　芳明,年度|所属球団|登板|勝利|敗北|セーブ|H|HP|完投|完封勝|無四球|勝率|打者|投球回|安打|本塁打|四球|死球|三振|暴投|ボーク|失点|自責点|防御率,1965|読　売|23|2|5||||0|0|0|.286|277|66 .2|66|.2|41|10|31|0|55|0|0|33|31|4.16,_data\master_csv__rescrape_staging\pitching_1965_CL_from_master.csv,3
CSV_ER,ER,0,0,失点,21,0,1965,61163808,伊藤　芳明,年度|所属球団|登板|勝利|敗北|セーブ|H|HP|完投|完封勝|無四球|勝率|打者|投球回|安打|本塁打|四球|死球|三振|暴投|ボーク|失点|自責点|防御率,1965|読　売|23|2|5||||0|0|0|.286|277|66 .2|66|.2|41|10|31|0|55|0|0|33|31|4.16,_data\master_csv__rescrape_staging\pitching_1965_CL_from_master.csv,3
CSV_ER,ER,0,0,自責点,22,0,1965,61163808,伊藤　芳明,年度|所属球団|登板|勝利|敗北|セーブ|H|HP|完投|完封勝|無四球|勝率|打者|投球回|安打|本塁打|四球|死球|三振|暴投|ボーク|失点|自責点|防御率,1965|読　売|23|2|5||||0|0|0|.286|277|66 .2|66|.2|41|10|31|0|55|0|0|33|31|4.16,_data\master_csv__rescrape_staging\pitching_1965_CL_from_master.csv,3
CSV_ER,ER,0,0,index_7,7,0,1965,61163808,伊藤　芳明,,1965|読　売|23|20|18|1|4|0|0|0|4|3|0|0|2|0|0|0|6|0|.222|.222|,_data\master_csv__rescrape_staging\pitching_1965_CL_from_master.csv,3
CSV_ER,ER,0,0,index_8,8,0,1965,61163808,伊藤　芳明,,1965|読　売|23|20|18|1|4|0|0|0|4|3|0|0|2|0|0|0|6|0|.222|.222|,_data\master_csv__rescrape_staging\pitching_1965_CL_from_master.csv,3
CSV_ER,ER,0,0,index_9,9,0,1965,61163808,伊藤　芳明,,1965|読　売|23|20|18|1|4|0|0|0|4|3|0|0|2|0|0|0|6|0|.222|.222|,_data\master_csv__rescrape_staging\pitching_1965_CL_from_master.csv,3
CSV_ER,ER,0,0,index_12,12,0,1965,61163808,伊藤　芳明,,1965|読　売|23|20|18|1|4|0|0|0|4|3|0|0|2|0|0|0|6|0|.222|.222|,_data\master_csv__rescrape_staging\pitching_1965_CL_from_master.csv,3
CSV_ER,ER,0,0,index_13,13,0,1965,61163808,伊藤　芳明,,1965|読　売|23|20|18|1|4|0|0|0|4|3|0|0|2|0|0|0|6|0|.222|.222|,_data\master_csv__rescrape_staging\pitching_1965_CL_from_master.csv,3
CSV_ER,ER,0,0,index_15,15,0,1965,61163808,伊藤　芳明,,1965|読　売|23|20|18|1|4|0|0|0|4|3|0|0|2|0|0|0|6|0|.222|.222|,_data\master_csv__rescrape_staging\pitching_1965_CL_from_master.csv,3
CSV_ER,ER,0,0,index_16,16,0,1965,61163808,伊藤　芳明,,1965|読　売|23|20|18|1|4|0|0|0|4|3|0|0|2|0|0|0|6|0|.222|.222|,_data\master_csv__rescrape_staging\pitching_1965_CL_from_master.csv,3
CSV_ER,ER,0,0,index_17,17,0,1965,61163808,伊藤　芳明,,1965|読　売|23|20|18|1|4|0|0|0|4|3|0|0|2|0|0|0|6|0|.222|.222|,_data\master_csv__rescrape_staging\pitching_1965_CL_from_master.csv,3
CSV_ER,ER,0,0,index_19,19,0,1965,61163808,伊藤　芳明,,1965|読　売|23|20|18|1|4|0|0|0|4|3|0|0|2|0|0|0|6|0|.222|.222|,_data\master_csv__rescrape_staging\pitching_1965_CL_from_master.csv,3
CSV_ERA,ERA,33.0,33,防御率,23,33,1965,61163808,伊藤　芳明,年度|所属球団|登板|勝利|敗北|セーブ|H|HP|完投|完封勝|無四球|勝率|打者|投球回|安打|本塁打|四球|死球|三振|暴投|ボーク|失点|自責点|防御率,1965|読　売|23|2|5||||0|0|0|.286|277|66 .2|66|.2|41|10|31|0|55|0|0|33|31|4.16,_data\master_csv__rescrape_staging\pitching_1965_CL_from_master.csv,3
CSV_ER,ER,0,0,暴投,19,0,1965,71073801,金田　正一,年度|所属球団|登板|勝利|敗北|セーブ|H|HP|完投|完封勝|無四球|勝率|打者|投球回|安打|本塁打|四球|死球|三振|暴投|ボーク|失点|自責点|防御率,1965|読　売|28|11|6||||9|3|5|.647|542|141 .2|141|.2|95|12|36|0|100|1|0|38|29|1.84,_data\master_csv__rescrape_staging\pitching_1965_CL_from_master.csv,4
CSV_ER,ER,0,0,自責点,22,0,1965,71073801,金田　正一,年度|所属球団|登板|勝利|敗北|セーブ|H|HP|完投|完封勝|無四球|勝率|打者|投球回|安打|本塁打|四球|死球|三振|暴投|ボーク|失点|自責点|防御率,1965|読　売|28|11|6||||9|3|5|.647|542|141 .2|141|.2|95|12|36|0|100|1|0|38|29|1.84,_data\master_csv__rescrape_staging\pitching_1965_CL_from_master.csv,4
CSV_ER,ER,0,0,index_8,8,0,1965,71073801,金田　正一,,1965|読　売|31|56|49|5|6|1|0|1|10|4|0|0|5|0|2|0|12|2|.122|.204|,_data\master_csv__rescrape_staging\pitching_1965_CL_from_master.csv,4
CSV_ER,ER,0,0,index_12,12,0,1965,71073801,金田　正一,,1965|読　売|31|56|49|5|6|1|0|1|10|4|0|0|5|0|2|0|12|2|.122|.204|,_data\master_csv__rescrape_staging\pitching_1965_CL_from_master.csv,4
CSV_ER,ER,0,0,index_13,13,0,1965,71073801,金田　正一,,1965|読　売|31|56|49|5|6|1|0|1|10|4|0|0|5|0|2|0|12|2|.122|.204|,_data\master_csv__rescrape_staging\pitching_1965_CL_from_master.csv,4
CSV_ER,ER,0,0,index_15,15,0,1965,71073801,金田　正一,,1965|読　売|31|56|49|5|6|1|0|1|10|4|0|0|5|0|2|0|12|2|.122|.204|,_data\master_csv__rescrape_staging\pitching_1965_CL_from_master.csv,4
CSV_ER,ER,0,0,index_17,17,0,1965,71073801,金田　正一,,1965|読　売|31|56|49|5|6|1|0|1|10|4|0|0|5|0|2|0|12|2|.122|.204|,_data\master_csv__rescrape_staging\pitching_1965_CL_from_master.csv,4
CSV_ERA,ERA,38.0,38,防御率,23,38,1965,71073801,金田　正一,年度|所属球団|登板|勝利|敗北|セーブ|H|HP|完投|完封勝|無四球|勝率|打者|投球回|安打|本塁打|四球|死球|三振|暴投|ボーク|失点|自責点|防御率,1965|読　売|28|11|6||||9|3|5|.647|542|141 .2|141|.2|95|12|36|0|100|1|0|38|29|1.84,_data\master_csv__rescrape_staging\pitching_1965_CL_from_master.csv,4
CSV_IP,IP,83.0,83,投球回,13,83,1965,51753808,北川　芳男,年度|所属球団|登板|勝利|敗北|セーブ|H|HP|完投|完封勝|無四球|勝率|打者|投球回|安打|本塁打|四球|死球|三振|暴投|ボーク|失点|自責点|防御率,1965|読　売|40|3|3||||0|0|0|.500|336|83|83||86|5|10|1|18|0|0|37|27|2.93,_data\master_csv__rescrape_staging\pitching_1965_CL_from_master.csv,5
CSV_IP,IP,83.0,83,安打,14,83,1965,51753808,北川　芳男,年度|所属球団|登板|勝利|敗北|セーブ|H|HP|完投|完封勝|無四球|勝率|打者|投球回|安打|本塁打|四球|死球|三振|暴投|ボーク|失点|自責点|防御率,1965|読　売|40|3|3||||0|0|0|.500|336|83|83||86|5|10|1|18|0|0|37|27|2.93,_data\master_csv__rescrape_staging\pitching_1965_CL_from_master.csv,5
CSV_ER,ER,0,0,完投,8,0,1965,51753808,北川　芳男,年度|所属球団|登板|勝利|敗北|セーブ|H|HP|完投|完封勝|無四球|勝率|打者|投球回|安打|本塁打|四球|死球|三振|暴投|ボーク|失点|自責点|防御率,1965|読　売|40|3|3||||0|0|0|.500|336|83|83||86|5|10|1|18|0|0|37|27|2.93,_data\master_csv__rescrape_staging\pitching_1965_CL_from_master.csv,5
CSV_ER,ER,0,0,完封勝,9,0,1965,51753808,北川　芳男,年度|所属球団|登板|勝利|敗北|セーブ|H|HP|完投|完封勝|無四球|勝率|打者|投球回|安打|本塁打|四球|死球|三振|暴投|ボーク|失点|自責点|防御率,1965|読　売|40|3|3||||0|0|0|.500|336|83|83||86|5|10|1|18|0|0|37|27|2.93,_data\master_csv__rescrape_staging\pitching_1965_CL_from_master.csv,5
CSV_ER,ER,0,0,無四球,10,0,1965,51753808,北川　芳男,年度|所属球団|登板|勝利|敗北|セーブ|H|HP|完投|完封勝|無四球|勝率|打者|投球回|安打|本塁打|四球|死球|三振|暴投|ボーク|失点|自責点|防御率,1965|読　売|40|3|3||||0|0|0|.500|336|83|83||86|5|10|1|18|0|0|37|27|2.93,_data\master_csv__rescrape_staging\pitching_1965_CL_from_master.csv,5
CSV_ER,ER,0,0,失点,21,0,1965,51753808,北川　芳男,年度|所属球団|登板|勝利|敗北|セーブ|H|HP|完投|完封勝|無四球|勝率|打者|投球回|安打|本塁打|四球|死球|三振|暴投|ボーク|失点|自責点|防御率,1965|読　売|40|3|3||||0|0|0|.500|336|83|83||86|5|10|1|18|0|0|37|27|2.93,_data\master_csv__rescrape_staging\pitching_1965_CL_from_master.csv,5
CSV_ER,ER,0,0,自責点,22,0,1965,51753808,北川　芳男,年度|所属球団|登板|勝利|敗北|セーブ|H|HP|完投|完封勝|無四球|勝率|打者|投球回|安打|本塁打|四球|死球|三振|暴投|ボーク|失点|自責点|防御率,1965|読　売|40|3|3||||0|0|0|.500|336|83|83||86|5|10|1|18|0|0|37|27|2.93,_data\master_csv__rescrape_staging\pitching_1965_CL_from_master.csv,5
CSV_ER,ER,0,0,index_5,5,0,1965,51753808,北川　芳男,,1965|読　売|40|14|12|0|0|0|0|0|0|1|0|0|2|0|0|0|4|0|.000|.000|,_data\master_csv__rescrape_staging\pitching_1965_CL_from_master.csv,5
CSV_ER,ER,0,0,index_6,6,0,1965,51753808,北川　芳男,,1965|読　売|40|14|12|0|0|0|0|0|0|1|0|0|2|0|0|0|4|0|.000|.000|,_data\master_csv__rescrape_staging\pitching_1965_CL_from_master.csv,5
CSV_ER,ER,0,0,index_7,7,0,1965,51753808,北川　芳男,,1965|読　売|40|14|12|0|0|0|0|0|0|1|0|0|2|0|0|0|4|0|.000|.000|,_data\master_csv__rescrape_staging\pitching_1965_CL_from_master.csv,5
CSV_ER,ER,0,0,index_8,8,0,1965,51753808,北川　芳男,,1965|読　売|40|14|12|0|0|0|0|0|0|1|0|0|2|0|0|0|4|0|.000|.000|,_data\master_csv__rescrape_staging\pitching_1965_CL_from_master.csv,5
CSV_ER,ER,0,0,index_9,9,0,1965,51753808,北川　芳男,,1965|読　売|40|14|12|0|0|0|0|0|0|1|0|0|2|0|0|0|4|0|.000|.000|,_data\master_csv__rescrape_staging\pitching_1965_CL_from_master.csv,5
CSV_ER,ER,0,0,index_10,10,0,1965,51753808,北川　芳男,,1965|読　売|40|14|12|0|0|0|0|0|0|1|0|0|2|0|0|0|4|0|.000|.000|,_data\master_csv__rescrape_staging\pitching_1965_CL_from_master.csv,5
CSV_ER,ER,0,0,index_12,12,0,1965,51753808,北川　芳男,,1965|読　売|40|14|12|0|0|0|0|0|0|1|0|0|2|0|0|0|4|0|.000|.000|,_data\master_csv__rescrape_staging\pitching_1965_CL_from_master.csv,5
CSV_ER,ER,0,0,index_13,13,0,1965,51753808,北川　芳男,,1965|読　売|40|14|12|0|0|0|0|0|0|1|0|0|2|0|0|0|4|0|.000|.000|,_data\master_csv__rescrape_staging\pitching_1965_CL_from_master.csv,5
CSV_ER,ER,0,0,index_15,15,0,1965,51753808,北川　芳男,,1965|読　売|40|14|12|0|0|0|0|0|0|1|0|0|2|0|0|0|4|0|.000|.000|,_data\master_csv__rescrape_staging\pitching_1965_CL_from_master.csv,5
CSV_ER,ER,0,0,index_16,16,0,1965,51753808,北川　芳男,,1965|読　売|40|14|12|0|0|0|0|0|0|1|0|0|2|0|0|0|4|0|.000|.000|,_data\master_csv__rescrape_staging\pitching_1965_CL_from_master.csv,5
CSV_ER,ER,0,0,index_17,17,0,1965,51753808,北川　芳男,,1965|読　売|40|14|12|0|0|0|0|0|0|1|0|0|2|0|0|0|4|0|.000|.000|,_data\master_csv__rescrape_staging\pitching_1965_CL_from_master.csv,5
CSV_ER,ER,0,0,index_19,19,0,1965,51753808,北川　芳男,,1965|読　売|40|14|12|0|0|0|0|0|0|1|0|0|2|0|0|0|4|0|.000|.000|,_data\master_csv__rescrape_staging\pitching_1965_CL_from_master.csv,5
CSV_ER,ER,0,0,index_20,20,.000,1965,51753808,北川　芳男,,1965|読　売|40|14|12|0|0|0|0|0|0|1|0|0|2|0|0|0|4|0|.000|.000|,_data\master_csv__rescrape_staging\pitching_1965_CL_from_master.csv,5
CSV_ER,ER,0,0,index_21,21,.000,1965,51753808,北川　芳男,,1965|読　売|40|14|12|0|0|0|0|0|0|1|0|0|2|0|0|0|4|0|.000|.000|,_data\master_csv__rescrape_staging\pitching_1965_CL_from_master.csv,5
CSV_ERA,ERA,37.0,37,防御率,23,37,1965,51753808,北川　芳男,年度|所属球団|登板|勝利|敗北|セーブ|H|HP|完投|完封勝|無四球|勝率|打者|投球回|安打|本塁打|四球|死球|三振|暴投|ボーク|失点|自責点|防御率,1965|読　売|40|3|3||||0|0|0|.500|336|83|83||86|5|10|1|18|0|0|37|27|2.93,_data\master_csv__rescrape_staging\pitching_1965_CL_from_master.csv,5
CSV_IP,IP,258.0,258,投球回,13,258,1965,51053825,城之内　邦雄,年度|所属球団|登板|勝利|敗北|セーブ|H|HP|完投|完封勝|無四球|勝率|打者|投球回|安打|本塁打|四球|死球|三振|暴投|ボーク|失点|自責点|防御率,1965|読　売|52|21|12||||13|6|5|.636|1008|258|258||206|12|52|12|121|2|0|80|70|2.44,_data\master_csv__rescrape_staging\pitching_1965_CL_from_master.csv,7
CSV_IP,IP,258.0,258,安打,14,258,1965,51053825,城之内　邦雄,年度|所属球団|登板|勝利|敗北|セーブ|H|HP|完投|完封勝|無四球|勝率|打者|投球回|安打|本塁打|四球|死球|三振|暴投|ボーク|失点|自責点|防御率,1965|読　売|52|21|12||||13|6|5|.636|1008|258|258||206|12|52|12|121|2|0|80|70|2.44,_data\master_csv__rescrape_staging\pitching_1965_CL_from_master.csv,7
CSV_ER,ER,0,0,自責点,22,0,1965,51053825,城之内　邦雄,年度|所属球団|登板|勝利|敗北|セーブ|H|HP|完投|完封勝|無四球|勝率|打者|投球回|安打|本塁打|四球|死球|三振|暴投|ボーク|失点|自責点|防御率,1965|読　売|52|21|12||||13|6|5|.636|1008|258|258||206|12|52|12|121|2|0|80|70|2.44,_data\master_csv__rescrape_staging\pitching_1965_CL_from_master.csv,7
CSV_ER,ER,0,0,index_7,7,0,1965,51053825,城之内　邦雄,,1965|読　売|52|97|89|4|7|0|0|1|10|3|0|0|5|0|3|0|40|0|.079|.112|,_data\master_csv__rescrape_staging\pitching_1965_CL_from_master.csv,7
CSV_ER,ER,0,0,index_8,8,0,1965,51053825,城之内　邦雄,,1965|読　売|52|97|89|4|7|0|0|1|10|3|0|0|5|0|3|0|40|0|.079|.112|,_data\master_csv__rescrape_staging\pitching_1965_CL_from_master.csv,7
CSV_ER,ER,0,0,index_12,12,0,1965,51053825,城之内　邦雄,,1965|読　売|52|97|89|4|7|0|0|1|10|3|0|0|5|0|3|0|40|0|.079|.112|,_data\master_csv__rescrape_staging\pitching_1965_CL_from_master.csv,7
CSV_ER,ER,0,0,index_13,13,0,1965,51053825,城之内　邦雄,,1965|読　売|52|97|89|4|7|0|0|1|10|3|0|0|5|0|3|0|40|0|.079|.112|,_data\master_csv__rescrape_staging\pitching_1965_CL_from_master.csv,7
CSV_ER,ER,0,0,index_15,15,0,1965,51053825,城之内　邦雄,,1965|読　売|52|97|89|4|7|0|0|1|10|3|0|0|5|0|3|0|40|0|.079|.112|,_data\master_csv__rescrape_staging\pitching_1965_CL_from_master.csv,7
CSV_ER,ER,0,0,index_17,17,0,1965,51053825,城之内　邦雄,,1965|読　売|52|97|89|4|7|0|0|1|10|3|0|0|5|0|3|0|40|0|.079|.112|,_data\master_csv__rescrape_staging\pitching_1965_CL_from_master.csv,7
CSV_ER,ER,0,0,index_19,19,0,1965,51053825,城之内　邦雄,,1965|読　売|52|97|89|4|7|0|0|1|10|3|0|0|5|0|3|0|40|0|.079|.112|,_data\master_csv__rescrape_staging\pitching_1965_CL_from_master.csv,7
CSV_ERA,ERA,80.0,80,防御率,23,80,1965,51053825,城之内　邦雄,年度|所属球団|登板|勝利|敗北|セーブ|H|HP|完投|完封勝|無四球|勝率|打者|投球回|安打|本塁打|四球|死球|三振|暴投|ボーク|失点|自責点|防御率,1965|読　売|52|21|12||||13|6|5|.636|1008|258|258||206|12|52|12|121|2|0|80|70|2.44,_data\master_csv__rescrape_staging\pitching_1965_CL_from_master.csv,7
CSV_IP,IP,136.0,136,投球回,13,136,1965,41943823,高橋　明,年度|所属球団|登板|勝利|敗北|セーブ|H|HP|完投|完封勝|無四球|勝率|打者|投球回|安打|本塁打|四球|死球|三振|暴投|ボーク|失点|自責点|防御率,1965|読　売|32|4|7||||2|0|0|.364|564|136|136||140|12|28|4|77|0|0|49|47|3.11,_data\master_csv__rescrape_staging\pitching_1965_CL_from_master.csv,8
CSV_IP,IP,136.0,136,安打,14,136,1965,41943823,高橋　明,年度|所属球団|登板|勝利|敗北|セーブ|H|HP|完投|完封勝|無四球|勝率|打者|投球回|安打|本塁打|四球|死球|三振|暴投|ボーク|失点|自責点|防御率,1965|読　売|32|4|7||||2|0|0|.364|564|136|136||140|12|28|4|77|0|0|49|47|3.11,_data\master_csv__rescrape_staging\pitching_1965_CL_from_master.csv,8
CSV_ER,ER,0,0,完封勝,9,0,1965,41943823,高橋　明,年度|所属球団|登板|勝利|敗北|セーブ|H|HP|完投|完封勝|無四球|勝率|打者|投球回|安打|本塁打|四球|死球|三振|暴投|ボーク|失点|自責点|防御率,1965|読　売|32|4|7||||2|0|0|.364|564|136|136||140|12|28|4|77|0|0|49|47|3.11,_data\master_csv__rescrape_staging\pitching_1965_CL_from_master.csv,8
CSV_ER,ER,0,0,無四球,10,0,1965,41943823,高橋　明,年度|所属球団|登板|勝利|敗北|セーブ|H|HP|完投|完封勝|無四球|勝率|打者|投球回|安打|本塁打|四球|死球|三振|暴投|ボーク|失点|自責点|防御率,1965|読　売|32|4|7||||2|0|0|.364|564|136|136||140|12|28|4|77|0|0|49|47|3.11,_data\master_csv__rescrape_staging\pitching_1965_CL_from_master.csv,8
CSV_ER,ER,0,0,失点,21,0,1965,41943823,高橋　明,年度|所属球団|登板|勝利|敗北|セーブ|H|HP|完投|完封勝|無四球|勝率|打者|投球回|安打|本塁打|四球|死球|三振|暴投|ボーク|失点|自責点|防御率,1965|読　売|32|4|7||||2|0|0|.364|564|136|136||140|12|28|4|77|0|0|49|47|3.11,_data\master_csv__rescrape_staging\pitching_1965_CL_from_master.csv,8
CSV_ER,ER,0,0,自責点,22,0,1965,41943823,高橋　明,年度|所属球団|登板|勝利|敗北|セーブ|H|HP|完投|完封勝|無四球|勝率|打者|投球回|安打|本塁打|四球|死球|三振|暴投|ボーク|失点|自責点|防御率,1965|読　売|32|4|7||||2|0|0|.364|564|136|136||140|12|28|4|77|0|0|49|47|3.11,_data\master_csv__rescrape_staging\pitching_1965_CL_from_master.csv,8
CSV_ER,ER,0,0,index_5,5,0,1965,41943823,高橋　明,,1965|読　売|32|38|33|0|2|0|0|0|2|2|0|0|4|0|1|0|7|2|.061|.061|,_data\master_csv__rescrape_staging\pitching_1965_CL_from_master.csv,8
CSV_ER,ER,0,0,index_7,7,0,1965,41943823,高橋　明,,1965|読　売|32|38|33|0|2|0|0|0|2|2|0|0|4|0|1|0|7|2|.061|.061|,_data\master_csv__rescrape_staging\pitching_1965_CL_from_master.csv,8
CSV_ER,ER,0,0,index_8,8,0,1965,41943823,高橋　明,,1965|読　売|32|38|33|0|2|0|0|0|2|2|0|0|4|0|1|0|7|2|.061|.061|,_data\master_csv__rescrape_staging\pitching_1965_CL_from_master.csv,8
CSV_ER,ER,0,0,index_9,9,0,1965,41943823,高橋　明,,1965|読　売|32|38|33|0|2|0|0|0|2|2|0|0|4|0|1|0|7|2|.061|.061|,_data\master_csv__rescrape_staging\pitching_1965_CL_from_master.csv,8
CSV_ER,ER,0,0,index_12,12,0,1965,41943823,高橋　明,,1965|読　売|32|38|33|0|2|0|0|0|2|2|0|0|4|0|1|0|7|2|.061|.061|,_data\master_csv__rescrape_staging\pitching_1965_CL_from_master.csv,8
CSV_ER,ER,0,0,index_13,13,0,1965,41943823,高橋　明,,1965|読　売|32|38|33|0|2|0|0|0|2|2|0|0|4|0|1|0|7|2|.061|.061|,_data\master_csv__rescrape_staging\pitching_1965_CL_from_master.csv,8
CSV_ER,ER,0,0,index_15,15,0,1965,41943823,高橋　明,,1965|読　売|32|38|33|0|2|0|0|0|2|2|0|0|4|0|1|0|7|2|.061|.061|,_data\master_csv__rescrape_staging\pitching_1965_CL_from_master.csv,8
CSV_ER,ER,0,0,index_17,17,0,1965,41943823,高橋　明,,1965|読　売|32|38|33|0|2|0|0|0|2|2|0|0|4|0|1|0|7|2|.061|.061|,_data\master_csv__rescrape_staging\pitching_1965_CL_from_master.csv,8
CSV_ERA,ERA,49.0,49,防御率,23,49,1965,41943823,高橋　明,年度|所属球団|登板|勝利|敗北|セーブ|H|HP|完投|完封勝|無四球|勝率|打者|投球回|安打|本塁打|四球|死球|三振|暴投|ボーク|失点|自責点|防御率,1965|読　売|32|4|7||||2|0|0|.364|564|136|136||140|12|28|4|77|0|0|49|47|3.11,_data\master_csv__rescrape_staging\pitching_1965_CL_from_master.csv,8
CSV_ER,ER,0,0,完封勝,9,0,1965,91193802,秋本　祐作,年度|所属球団|登板|勝利|敗北|セーブ|H|HP|完投|完封勝|無四球|勝率|打者|投球回|安打|本塁打|四球|死球|三振|暴投|ボーク|失点|自責点|防御率,1965|阪　急|32|2|4||||1|0|0|.333|317|79 .2|79|.2|75|8|15|2|56|0|0|24|16|1.80,_data\master_csv__rescrape_staging\pitching_1965_PL_from_master.csv,2
CSV_ER,ER,0,0,無四球,10,0,1965,91193802,秋本　祐作,年度|所属球団|登板|勝利|敗北|セーブ|H|HP|完投|完封勝|無四球|勝率|打者|投球回|安打|本塁打|四球|死球|三振|暴投|ボーク|失点|自責点|防御率,1965|阪　急|32|2|4||||1|0|0|.333|317|79 .2|79|.2|75|8|15|2|56|0|0|24|16|1.80,_data\master_csv__rescrape_staging\pitching_1965_PL_from_master.csv,2
CSV_ER,ER,0,0,失点,21,0,1965,91193802,秋本　祐作,年度|所属球団|登板|勝利|敗北|セーブ|H|HP|完投|完封勝|無四球|勝率|打者|投球回|安打|本塁打|四球|死球|三振|暴投|ボーク|失点|自責点|防御率,1965|阪　急|32|2|4||||1|0|0|.333|317|79 .2|79|.2|75|8|15|2|56|0|0|24|16|1.80,_data\master_csv__rescrape_staging\pitching_1965_PL_from_master.csv,2
CSV_ER,ER,0,0,自責点,22,0,1965,91193802,秋本　祐作,年度|所属球団|登板|勝利|敗北|セーブ|H|HP|完投|完封勝|無四球|勝率|打者|投球回|安打|本塁打|四球|死球|三振|暴投|ボーク|失点|自責点|防御率,1965|阪　急|32|2|4||||1|0|0|.333|317|79 .2|79|.2|75|8|15|2|56|0|0|24|16|1.80,_data\master_csv__rescrape_staging\pitching_1965_PL_from_master.csv,2
CSV_ER,ER,0,0,index_7,7,0,1965,91193802,秋本　祐作,,1965|阪　急|33|16|14|1|1|0|0|0|1|0|0|0|2|0|0|0|4|0|.071|.071|.071,_data\master_csv__rescrape_staging\pitching_1965_PL_from_master.csv,2
CSV_ER,ER,0,0,index_8,8,0,1965,91193802,秋本　祐作,,1965|阪　急|33|16|14|1|1|0|0|0|1|0|0|0|2|0|0|0|4|0|.071|.071|.071,_data\master_csv__rescrape_staging\pitching_1965_PL_from_master.csv,2
CSV_ER,ER,0,0,index_9,9,0,1965,91193802,秋本　祐作,,1965|阪　急|33|16|14|1|1|0|0|0|1|0|0|0|2|0|0|0|4|0|.071|.071|.071,_data\master_csv__rescrape_staging\pitching_1965_PL_from_master.csv,2
CSV_ER,ER,0,0,index_11,11,0,1965,91193802,秋本　祐作,,1965|阪　急|33|16|14|1|1|0|0|0|1|0|0|0|2|0|0|0|4|0|.071|.071|.071,_data\master_csv__rescrape_staging\pitching_1965_PL_from_master.csv,2
CSV_ER,ER,0,0,index_12,12,0,1965,91193802,秋本　祐作,,1965|阪　急|33|16|14|1|1|0|0|0|1|0|0|0|2|0|0|0|4|0|.071|.071|.071,_data\master_csv__rescrape_staging\pitching_1965_PL_from_master.csv,2
CSV_ER,ER,0,0,index_13,13,0,1965,91193802,秋本　祐作,,1965|阪　急|33|16|14|1|1|0|0|0|1|0|0|0|2|0|0|0|4|0|.071|.071|.071,_data\master_csv__rescrape_staging\pitching_1965_PL_from_master.csv,2
CSV_ER,ER,0,0,index_15,15,0,1965,91193802,秋本　祐作,,1965|阪　急|33|16|14|1|1|0|0|0|1|0|0|0|2|0|0|0|4|0|.071|.071|.071,_data\master_csv__rescrape_staging\pitching_1965_PL_from_master.csv,2
CSV_ER,ER,0,0,index_16,16,0,1965,91193802,秋本　祐作,,1965|阪　急|33|16|14|1|1|0|0|0|1|0|0|0|2|0|0|0|4|0|.071|.071|.071,_data\master_csv__rescrape_staging\pitching_1965_PL_from_master.csv,2
CSV_ER,ER,0,0,index_17,17,0,1965,91193802,秋本　祐作,,1965|阪　急|33|16|14|1|1|0|0|0|1|0|0|0|2|0|0|0|4|0|.071|.071|.071,_data\master_csv__rescrape_staging\pitching_1965_PL_from_master.csv,2
CSV_ER,ER,0,0,index_19,19,0,1965,91193802,秋本　祐作,,1965|阪　急|33|16|14|1|1|0|0|0|1|0|0|0|2|0|0|0|4|0|.071|.071|.071,_data\master_csv__rescrape_staging\pitching_1965_PL_from_master.csv,2
CSV_ERA,ERA,24.0,24,防御率,23,24,1965,91193802,秋本　祐作,年度|所属球団|登板|勝利|敗北|セーブ|H|HP|完投|完封勝|無四球|勝率|打者|投球回|安打|本塁打|四球|死球|三振|暴投|ボーク|失点|自責点|防御率,1965|阪　急|32|2|4||||1|0|0|.333|317|79 .2|79|.2|75|8|15|2|56|0|0|24|16|1.80,_data\master_csv__rescrape_staging\pitching_1965_PL_from_master.csv,2
CSV_IP,IP,171.0,171,投球回,13,171,1965,71173808,足立　光宏,年度|所属球団|登板|勝利|敗北|セーブ|H|HP|完投|完封勝|無四球|勝率|打者|投球回|安打|本塁打|四球|死球|三振|暴投|ボーク|失点|自責点|防御率,1965|阪　急|31|15|9||||10|4|2|.625|684|171|171||146|14|35|11|104|0|0|59|52|2.74,_data\master_csv__rescrape_staging\pitching_1965_PL_from_master.csv,3
CSV_IP,IP,171.0,171,安打,14,171,1965,71173808,足立　光宏,年度|所属球団|登板|勝利|敗北|セーブ|H|HP|完投|完封勝|無四球|勝率|打者|投球回|安打|本塁打|四球|死球|三振|暴投|ボーク|失点|自責点|防御率,1965|阪　急|31|15|9||||10|4|2|.625|684|171|171||146|14|35|11|104|0|0|59|52|2.74,_data\master_csv__rescrape_staging\pitching_1965_PL_from_master.csv,3
CSV_ER,ER,0,0,失点,21,0,1965,71173808,足立　光宏,年度|所属球団|登板|勝利|敗北|セーブ|H|HP|完投|完封勝|無四球|勝率|打者|投球回|安打|本塁打|四球|死球|三振|暴投|ボーク|失点|自責点|防御率,1965|阪　急|31|15|9||||10|4|2|.625|684|171|171||146|14|35|11|104|0|0|59|52|2.74,_data\master_csv__rescrape_staging\pitching_1965_PL_from_master.csv,3
CSV_ER,ER,0,0,自責点,22,0,1965,71173808,足立　光宏,年度|所属球団|登板|勝利|敗北|セーブ|H|HP|完投|完封勝|無四球|勝率|打者|投球回|安打|本塁打|四球|死球|三振|暴投|ボーク|失点|自責点|防御率,1965|阪　急|31|15|9||||10|4|2|.625|684|171|171||146|14|35|11|104|0|0|59|52|2.74,_data\master_csv__rescrape_staging\pitching_1965_PL_from_master.csv,3
CSV_ER,ER,0,0,index_7,7,0,1965,71173808,足立　光宏,,1965|阪　急|34|58|53|3|10|0|0|0|10|1|1|0|5|0|0|0|10|1|.189|.189|.189,_data\master_csv__rescrape_staging\pitching_1965_PL_from_master.csv,3
CSV_ER,ER,0,0,index_8,8,0,1965,71173808,足立　光宏,,1965|阪　急|34|58|53|3|10|0|0|0|10|1|1|0|5|0|0|0|10|1|.189|.189|.189,_data\master_csv__rescrape_staging\pitching_1965_PL_from_master.csv,3
CSV_ER,ER,0,0,index_9,9,0,1965,71173808,足立　光宏,,1965|阪　急|34|58|53|3|10|0|0|0|10|1|1|0|5|0|0|0|10|1|.189|.189|.189,_data\master_csv__rescrape_staging\pitching_1965_PL_from_master.csv,3
CSV_ER,ER,0,0,index_13,13,0,1965,71173808,足立　光宏,,1965|阪　急|34|58|53|3|10|0|0|0|10|1|1|0|5|0|0|0|10|1|.189|.189|.189,_data\master_csv__rescrape_staging\pitching_1965_PL_from_master.csv,3
CSV_ER,ER,0,0,index_15,15,0,1965,71173808,足立　光宏,,1965|阪　急|34|58|53|3|10|0|0|0|10|1|1|0|5|0|0|0|10|1|.189|.189|.189,_data\master_csv__rescrape_staging\pitching_1965_PL_from_master.csv,3
CSV_ER,ER,0,0,index_16,16,0,1965,71173808,足立　光宏,,1965|阪　急|34|58|53|3|10|0|0|0|10|1|1|0|5|0|0|0|10|1|.189|.189|.189,_data\master_csv__rescrape_staging\pitching_1965_PL_from_master.csv,3
CSV_ER,ER,0,0,index_17,17,0,1965,71173808,足立　光宏,,1965|阪　急|34|58|53|3|10|0|0|0|10|1|1|0|5|0|0|0|10|1|.189|.189|.189,_data\master_csv__rescrape_staging\pitching_1965_PL_from_master.csv,3
CSV_ERA,ERA,59.0,59,防御率,23,59,1965,71173808,足立　光宏,年度|所属球団|登板|勝利|敗北|セーブ|H|HP|完投|完封勝|無四球|勝率|打者|投球回|安打|本塁打|四球|死球|三振|暴投|ボーク|失点|自責点|防御率,1965|阪　急|31|15|9||||10|4|2|.625|684|171|171||146|14|35|11|104|0|0|59|52|2.74,_data\master_csv__rescrape_staging\pitching_1965_PL_from_master.csv,3
CSV_IP,IP,302.0,302,投球回,13,302,1965,41143806,石井　茂雄,年度|所属球団|登板|勝利|敗北|セーブ|H|HP|完投|完封勝|無四球|勝率|打者|投球回|安打|本塁打|四球|死球|三振|暴投|ボーク|失点|自責点|防御率,1965|阪　急|51|21|17||||18|4|5|.553|1215|302|302||277|27|51|4|151|1|1|115|95|2.83,_data\master_csv__rescrape_staging\pitching_1965_PL_from_master.csv,4
CSV_IP,IP,302.0,302,安打,14,302,1965,41143806,石井　茂雄,年度|所属球団|登板|勝利|敗北|セーブ|H|HP|完投|完封勝|無四球|勝率|打者|投球回|安打|本塁打|四球|死球|三振|暴投|ボーク|失点|自責点|防御率,1965|阪　急|51|21|17||||18|4|5|.553|1215|302|302||277|27|51|4|151|1|1|115|95|2.83,_data\master_csv__rescrape_staging\pitching_1965_PL_from_master.csv,4
CSV_ER,ER,1,1,失点,21,1,1965,41143806,石井　茂雄,年度|所属球団|登板|勝利|敗北|セーブ|H|HP|完投|完封勝|無四球|勝率|打者|投球回|安打|本塁打|四球|死球|三振|暴投|ボーク|失点|自責点|防御率,1965|阪　急|51|21|17||||18|4|5|.553|1215|302|302||277|27|51|4|151|1|1|115|95|2.83,_data\master_csv__rescrape_staging\pitching_1965_PL_from_master.csv,4
CSV_ER,ER,1,1,自責点,22,1,1965,41143806,石井　茂雄,年度|所属球団|登板|勝利|敗北|セーブ|H|HP|完投|完封勝|無四球|勝率|打者|投球回|安打|本塁打|四球|死球|三振|暴投|ボーク|失点|自責点|防御率,1965|阪　急|51|21|17||||18|4|5|.553|1215|302|302||277|27|51|4|151|1|1|115|95|2.83,_data\master_csv__rescrape_staging\pitching_1965_PL_from_master.csv,4
CSV_ER,ER,1,1,index_8,8,1,1965,41143806,石井　茂雄,,1965|阪　急|56|108|102|7|18|5|1|2|31|7|0|1|4|1|0|1|31|1|.176|.304|.184,_data\master_csv__rescrape_staging\pitching_1965_PL_from_master.csv,4
CSV_ER,ER,1,1,index_13,13,1,1965,41143806,石井　茂雄,,1965|阪　急|56|108|102|7|18|5|1|2|31|7|0|1|4|1|0|1|31|1|.176|.304|.184,_data\master_csv__rescrape_staging\pitching_1965_PL_from_master.csv,4
CSV_ER,ER,1,1,index_15,15,1,1965,41143806,石井　茂雄,,1965|阪　急|56|108|102|7|18|5|1|2|31|7|0|1|4|1|0|1|31|1|.176|.304|.184,_data\master_csv__rescrape_staging\pitching_1965_PL_from_master.csv,4
CSV_ER,ER,1,1,index_17,17,1,1965,41143806,石井　茂雄,,1965|阪　急|56|108|102|7|18|5|1|2|31|7|0|1|4|1|0|1|31|1|.176|.304|.184,_data\master_csv__rescrape_staging\pitching_1965_PL_from_master.csv,4
CSV_ER,ER,1,1,index_19,19,1,1965,41143806,石井　茂雄,,1965|阪　急|56|108|102|7|18|5|1|2|31|7|0|1|4|1|0|1|31|1|.176|.304|.184,_data\master_csv__rescrape_staging\pitching_1965_PL_from_master.csv,4
CSV_ERA,ERA,115.0,115,防御率,23,115,1965,41143806,石井　茂雄,年度|所属球団|登板|勝利|敗北|セーブ|H|HP|完投|完封勝|無四球|勝率|打者|投球回|安打|本塁打|四球|死球|三振|暴投|ボーク|失点|自責点|防御率,1965|阪　急|51|21|17||||18|4|5|.553|1215|302|302||277|27|51|4|151|1|1|115|95|2.83,_data\master_csv__rescrape_staging\pitching_1965_PL_from_master.csv,4
CSV_ER,ER,0,0,無四球,10,0,1965,91793809,梶本　隆夫,年度|所属球団|登板|勝利|敗北|セーブ|H|HP|完投|完封勝|無四球|勝率|打者|投球回|安打|本塁打|四球|死球|三振|暴投|ボーク|失点|自責点|防御率,1965|阪　急|51|5|11||||2|1|0|.313|747|177 .1|177|.1|183|16|50|1|137|1|0|76|71|3.61,_data\master_csv__rescrape_staging\pitching_1965_PL_from_master.csv,6
CSV_ER,ER,0,0,自責点,22,0,1965,91793809,梶本　隆夫,年度|所属球団|登板|勝利|敗北|セーブ|H|HP|完投|完封勝|無四球|勝率|打者|投球回|安打|本塁打|四球|死球|三振|暴投|ボーク|失点|自責点|防御率,1965|阪　急|51|5|11||||2|1|0|.313|747|177 .1|177|.1|183|16|50|1|137|1|0|76|71|3.61,_data\master_csv__rescrape_staging\pitching_1965_PL_from_master.csv,6
CSV_ER,ER,0,0,index_5,5,0,1965,91793809,梶本　隆夫,,1965|阪　急|55|56|49|0|8|3|0|0|11|2|0|0|1|0|6|0|10|1|.163|.224|.255,_data\master_csv__rescrape_staging\pitching_1965_PL_from_master.csv,6
CSV_ER,ER,0,0,index_8,8,0,1965,91793809,梶本　隆夫,,1965|阪　急|55|56|49|0|8|3|0|0|11|2|0|0|1|0|6|0|10|1|.163|.224|.255,_data\master_csv__rescrape_staging\pitching_1965_PL_from_master.csv,6
CSV_ER,ER,0,0,index_9,9,0,1965,91793809,梶本　隆夫,,1965|阪　急|55|56|49|0|8|3|0|0|11|2|0|0|1|0|6|0|10|1|.163|.224|.255,_data\master_csv__rescrape_staging\pitching_1965_PL_from_master.csv,6
CSV_ER,ER,0,0,index_12,12,0,1965,91793809,梶本　隆夫,,1965|阪　急|55|56|49|0|8|3|0|0|11|2|0|0|1|0|6|0|10|1|.163|.224|.255,_data\master_csv__rescrape_staging\pitching_1965_PL_from_master.csv,6
CSV_ER,ER,0,0,index_13,13,0,1965,91793809,梶本　隆夫,,1965|阪　急|55|56|49|0|8|3|0|0|11|2|0|0|1|0|6|0|10|1|.163|.224|.255,_data\master_csv__rescrape_staging\pitching_1965_PL_from_master.csv,6
CSV_ER,ER,0,0,index_15,15,0,1965,91793809,梶本　隆夫,,1965|阪　急|55|56|49|0|8|3|0|0|11|2|0|0|1|0|6|0|10|1|.163|.224|.255,_data\master_csv__rescrape_staging\pitching_1965_PL_from_master.csv,6
CSV_ER,ER,0,0,index_17,17,0,1965,91793809,梶本　隆夫,,1965|阪　急|55|56|49|0|8|3|0|0|11|2|0|0|1|0|6|0|10|1|.163|.224|.255,_data\master_csv__rescrape_staging\pitching_1965_PL_from_master.csv,6
CSV_ERA,ERA,76.0,76,防御率,23,76,1965,91793809,梶本　隆夫,年度|所属球団|登板|勝利|敗北|セーブ|H|HP|完投|完封勝|無四球|勝率|打者|投球回|安打|本塁打|四球|死球|三振|暴投|ボーク|失点|自責点|防御率,1965|阪　急|51|5|11||||2|1|0|.313|747|177 .1|177|.1|183|16|50|1|137|1|0|76|71|3.61,_data\master_csv__rescrape_staging\pitching_1965_PL_from_master.csv,6
CSV_IP,IP,118.0,118,投球回,13,118,1965,51753823,佐藤　公博,年度|所属球団|登板|勝利|敗北|セーブ|H|HP|完投|完封勝|無四球|勝率|打者|投球回|安打|本塁打|四球|死球|三振|暴投|ボーク|失点|自責点|防御率,1965|阪　急|42|3|6||||2|1|1|.333|495|118|118||117|8|30|2|48|1|0|57|49|3.74,_data\master_csv__rescrape_staging\pitching_1965_PL_from_master.csv,8
CSV_IP,IP,118.0,118,安打,14,118,1965,51753823,佐藤　公博,年度|所属球団|登板|勝利|敗北|セーブ|H|HP|完投|完封勝|無四球|勝率|打者|投球回|安打|本塁打|四球|死球|三振|暴投|ボーク|失点|自責点|防御率,1965|阪　急|42|3|6||||2|1|1|.333|495|118|118||117|8|30|2|48|1|0|57|49|3.74,_data\master_csv__rescrape_staging\pitching_1965_PL_from_master.csv,8
CSV_ER,ER,0,0,自責点,22,0,1965,51753823,佐藤　公博,年度|所属球団|登板|勝利|敗北|セーブ|H|HP|完投|完封勝|無四球|勝率|打者|投球回|安打|本塁打|四球|死球|三振|暴投|ボーク|失点|自責点|防御率,1965|阪　急|42|3|6||||2|1|1|.333|495|118|118||117|8|30|2|48|1|0|57|49|3.74,_data\master_csv__rescrape_staging\pitching_1965_PL_from_master.csv,8
CSV_ER,ER,0,0,index_5,5,0,1965,51753823,佐藤　公博,,1965|阪　急|46|26|23|0|1|0|0|0|1|0|0|0|3|0|0|0|7|1|.043|.043|.043,_data\master_csv__rescrape_staging\pitching_1965_PL_from_master.csv,8
CSV_ER,ER,0,0,index_7,7,0,1965,51753823,佐藤　公博,,1965|阪　急|46|26|23|0|1|0|0|0|1|0|0|0|3|0|0|0|7|1|.043|.043|.043,_data\master_csv__rescrape_staging\pitching_1965_PL_from_master.csv,8
CSV_ER,ER,0,0,index_8,8,0,1965,51753823,佐藤　公博,,1965|阪　急|46|26|23|0|1|0|0|0|1|0|0|0|3|0|0|0|7|1|.043|.043|.043,_data\master_csv__rescrape_staging\pitching_1965_PL_from_master.csv,8
CSV_ER,ER,0,0,index_9,9,0,1965,51753823,佐藤　公博,,1965|阪　急|46|26|23|0|1|0|0|0|1|0|0|0|3|0|0|0|7|1|.043|.043|.043,_data\master_csv__rescrape_staging\pitching_1965_PL_from_master.csv,8
CSV_ER,ER,0,0,index_11,11,0,1965,51753823,佐藤　公博,,1965|阪　急|46|26|23|0|1|0|0|0|1|0|0|0|3|0|0|0|7|1|.043|.043|.043,_data\master_csv__rescrape_staging\pitching_1965_PL_from_master.csv,8
CSV_ER,ER,0,0,index_12,12,0,1965,51753823,佐藤　公博,,1965|阪　急|46|26|23|0|1|0|0|0|1|0|0|0|3|0|0|0|7|1|.043|.043|.043,_data\master_csv__rescrape_staging\pitching_1965_PL_from_master.csv,8
CSV_ER,ER,0,0,index_13,13,0,1965,51753823,佐藤　公博,,1965|阪　急|46|26|23|0|1|0|0|0|1|0|0|0|3|0|0|0|7|1|.043|.043|.043,_data\master_csv__rescrape_staging\pitching_1965_PL_from_master.csv,8
CSV_ER,ER,0,0,index_15,15,0,1965,51753823,佐藤　公博,,1965|阪　急|46|26|23|0|1|0|0|0|1|0|0|0|3|0|0|0|7|1|.043|.043|.043,_data\master_csv__rescrape_staging\pitching_1965_PL_from_master.csv,8
CSV_ER,ER,0,0,index_16,16,0,1965,51753823,佐藤　公博,,1965|阪　急|46|26|23|0|1|0|0|0|1|0|0|0|3|0|0|0|7|1|.043|.043|.043,_data\master_csv__rescrape_staging\pitching_1965_PL_from_master.csv,8
CSV_ER,ER,0,0,index_17,17,0,1965,51753823,佐藤　公博,,1965|阪　急|46|26|23|0|1|0|0|0|1|0|0|0|3|0|0|0|7|1|.043|.043|.043,_data\master_csv__rescrape_staging\pitching_1965_PL_from_master.csv,8
CSV_ERA,ERA,57.0,57,防御率,23,57,1965,51753823,佐藤　公博,年度|所属球団|登板|勝利|敗北|セーブ|H|HP|完投|完封勝|無四球|勝率|打者|投球回|安打|本塁打|四球|死球|三振|暴投|ボーク|失点|自責点|防御率,1965|阪　急|42|3|6||||2|1|1|.333|495|118|118||117|8|30|2|48|1|0|57|49|3.74,_data\master_csv__rescrape_staging\pitching_1965_PL_from_master.csv,8
CSV_ER,ER,0,0,完封勝,9,0,1966,71073801,金田　正一,年度|所属球団|登板|勝利|敗北|セーブ|H|HP|完投|完封勝|無四球|勝率|打者|投球回|安打|本塁打|四球|死球|三振|暴投|ボーク|失点|自責点|防御率,1966|読　売|19|4|6||||1|0|0|.400|341|84 .1|84|.1|72|12|25|3|58|2|0|36|32|3.43,_data\master_csv__rescrape_staging\pitching_1966_CL_from_master.csv,2
CSV_ER,ER,0,0,無四球,10,0,1966,71073801,金田　正一,年度|所属球団|登板|勝利|敗北|セーブ|H|HP|完投|完封勝|無四球|勝率|打者|投球回|安打|本塁打|四球|死球|三振|暴投|ボーク|失点|自責点|防御率,1966|読　売|19|4|6||||1|0|0|.400|341|84 .1|84|.1|72|12|25|3|58|2|0|36|32|3.43,_data\master_csv__rescrape_staging\pitching_1966_CL_from_master.csv,2
CSV_ER,ER,0,0,自責点,22,0,1966,71073801,金田　正一,年度|所属球団|登板|勝利|敗北|セーブ|H|HP|完投|完封勝|無四球|勝率|打者|投球回|安打|本塁打|四球|死球|三振|暴投|ボーク|失点|自責点|防御率,1966|読　売|19|4|6||||1|0|0|.400|341|84 .1|84|.1|72|12|25|3|58|2|0|36|32|3.43,_data\master_csv__rescrape_staging\pitching_1966_CL_from_master.csv,2
CSV_ER,ER,0,0,index_8,8,0,1966,71073801,金田　正一,,1966|読　売|19|26|23|1|4|1|0|0|5|2|0|0|1|0|2|0|1|0|.174|.217|,_data\master_csv__rescrape_staging\pitching_1966_CL_from_master.csv,2
CSV_ER,ER,0,0,index_9,9,0,1966,71073801,金田　正一,,1966|読　売|19|26|23|1|4|1|0|0|5|2|0|0|1|0|2|0|1|0|.174|.217|,_data\master_csv__rescrape_staging\pitching_1966_CL_from_master.csv,2
CSV_ER,ER,0,0,index_12,12,0,1966,71073801,金田　正一,,1966|読　売|19|26|23|1|4|1|0|0|5|2|0|0|1|0|2|0|1|0|.174|.217|,_data\master_csv__rescrape_staging\pitching_1966_CL_from_master.csv,2
CSV_ER,ER,0,0,index_13,13,0,1966,71073801,金田　正一,,1966|読　売|19|26|23|1|4|1|0|0|5|2|0|0|1|0|2|0|1|0|.174|.217|,_data\master_csv__rescrape_staging\pitching_1966_CL_from_master.csv,2
CSV_ER,ER,0,0,index_15,15,0,1966,71073801,金田　正一,,1966|読　売|19|26|23|1|4|1|0|0|5|2|0|0|1|0|2|0|1|0|.174|.217|,_data\master_csv__rescrape_staging\pitching_1966_CL_from_master.csv,2
CSV_ER,ER,0,0,index_17,17,0,1966,71073801,金田　正一,,1966|読　売|19|26|23|1|4|1|0|0|5|2|0|0|1|0|2|0|1|0|.174|.217|,_data\master_csv__rescrape_staging\pitching_1966_CL_from_master.csv,2
CSV_ER,ER,0,0,index_19,19,0,1966,71073801,金田　正一,,1966|読　売|19|26|23|1|4|1|0|0|5|2|0|0|1|0|2|0|1|0|.174|.217|,_data\master_csv__rescrape_staging\pitching_1966_CL_from_master.csv,2
CSV_ERA,ERA,36.0,36,防御率,23,36,1966,71073801,金田　正一,年度|所属球団|登板|勝利|敗北|セーブ|H|HP|完投|完封勝|無四球|勝率|打者|投球回|安打|本塁打|四球|死球|三振|暴投|ボーク|失点|自責点|防御率,1966|読　売|19|4|6||||1|0|0|.400|341|84 .1|84|.1|72|12|25|3|58|2|0|36|32|3.43,_data\master_csv__rescrape_staging\pitching_1966_CL_from_master.csv,2
CSV_IP,IP,282.0,282,投球回,13,282,1966,51053825,城之内　邦雄,年度|所属球団|登板|勝利|敗北|セーブ|H|HP|完投|完封勝|無四球|勝率|打者|投球回|安打|本塁打|四球|死球|三振|暴投|ボーク|失点|自責点|防御率,1966|読　売|40|21|8||||21|6|5|.724|1108|282|282||231|11|53|7|134|0|0|70|63|2.01,_data\master_csv__rescrape_staging\pitching_1966_CL_from_master.csv,4
CSV_IP,IP,282.0,282,安打,14,282,1966,51053825,城之内　邦雄,年度|所属球団|登板|勝利|敗北|セーブ|H|HP|完投|完封勝|無四球|勝率|打者|投球回|安打|本塁打|四球|死球|三振|暴投|ボーク|失点|自責点|防御率,1966|読　売|40|21|8||||21|6|5|.724|1108|282|282||231|11|53|7|134|0|0|70|63|2.01,_data\master_csv__rescrape_staging\pitching_1966_CL_from_master.csv,4
CSV_ER,ER,0,0,失点,21,0,1966,51053825,城之内　邦雄,年度|所属球団|登板|勝利|敗北|セーブ|H|HP|完投|完封勝|無四球|勝率|打者|投球回|安打|本塁打|四球|死球|三振|暴投|ボーク|失点|自責点|防御率,1966|読　売|40|21|8||||21|6|5|.724|1108|282|282||231|11|53|7|134|0|0|70|63|2.01,_data\master_csv__rescrape_staging\pitching_1966_CL_from_master.csv,4
CSV_ER,ER,0,0,自責点,22,0,1966,51053825,城之内　邦雄,年度|所属球団|登板|勝利|敗北|セーブ|H|HP|完投|完封勝|無四球|勝率|打者|投球回|安打|本塁打|四球|死球|三振|暴投|ボーク|失点|自責点|防御率,1966|読　売|40|21|8||||21|6|5|.724|1108|282|282||231|11|53|7|134|0|0|70|63|2.01,_data\master_csv__rescrape_staging\pitching_1966_CL_from_master.csv,4
CSV_ER,ER,0,0,index_7,7,0,1966,51053825,城之内　邦雄,,1966|読　売|40|103|93|4|5|0|0|1|8|2|0|0|6|0|4|0|54|2|.054|.086|,_data\master_csv__rescrape_staging\pitching_1966_CL_from_master.csv,4
CSV_ER,ER,0,0,index_8,8,0,1966,51053825,城之内　邦雄,,1966|読　売|40|103|93|4|5|0|0|1|8|2|0|0|6|0|4|0|54|2|.054|.086|,_data\master_csv__rescrape_staging\pitching_1966_CL_from_master.csv,4
CSV_ER,ER,0,0,index_12,12,0,1966,51053825,城之内　邦雄,,1966|読　売|40|103|93|4|5|0|0|1|8|2|0|0|6|0|4|0|54|2|.054|.086|,_data\master_csv__rescrape_staging\pitching_1966_CL_from_master.csv,4
CSV_ER,ER,0,0,index_13,13,0,1966,51053825,城之内　邦雄,,1966|読　売|40|103|93|4|5|0|0|1|8|2|0|0|6|0|4|0|54|2|.054|.086|,_data\master_csv__rescrape_staging\pitching_1966_CL_from_master.csv,4
CSV_ER,ER,0,0,index_15,15,0,1966,51053825,城之内　邦雄,,1966|読　売|40|103|93|4|5|0|0|1|8|2|0|0|6|0|4|0|54|2|.054|.086|,_data\master_csv__rescrape_staging\pitching_1966_CL_from_master.csv,4
CSV_ER,ER,0,0,index_17,17,0,1966,51053825,城之内　邦雄,,1966|読　売|40|103|93|4|5|0|0|1|8|2|0|0|6|0|4|0|54|2|.054|.086|,_data\master_csv__rescrape_staging\pitching_1966_CL_from_master.csv,4
CSV_ERA,ERA,70.0,70,防御率,23,70,1966,51053825,城之内　邦雄,年度|所属球団|登板|勝利|敗北|セーブ|H|HP|完投|完封勝|無四球|勝率|打者|投球回|安打|本塁打|四球|死球|三振|暴投|ボーク|失点|自責点|防御率,1966|読　売|40|21|8||||21|6|5|.724|1108|282|282||231|11|53|7|134|0|0|70|63|2.01,_data\master_csv__rescrape_staging\pitching_1966_CL_from_master.csv,4
CSV_IP,IP,177.0,177,投球回,13,177,1966,81983804,中村　稔,年度|所属球団|登板|勝利|敗北|セーブ|H|HP|完投|完封勝|無四球|勝率|打者|投球回|安打|本塁打|四球|死球|三振|暴投|ボーク|失点|自責点|防御率,1966|読　売|32|11|7||||8|2|2|.611|701|177|177||150|15|36|3|85|0|1|62|52|2.64,_data\master_csv__rescrape_staging\pitching_1966_CL_from_master.csv,9
CSV_IP,IP,177.0,177,安打,14,177,1966,81983804,中村　稔,年度|所属球団|登板|勝利|敗北|セーブ|H|HP|完投|完封勝|無四球|勝率|打者|投球回|安打|本塁打|四球|死球|三振|暴投|ボーク|失点|自責点|防御率,1966|読　売|32|11|7||||8|2|2|.611|701|177|177||150|15|36|3|85|0|1|62|52|2.64,_data\master_csv__rescrape_staging\pitching_1966_CL_from_master.csv,9
CSV_ER,ER,1,1,自責点,22,1,1966,81983804,中村　稔,年度|所属球団|登板|勝利|敗北|セーブ|H|HP|完投|完封勝|無四球|勝率|打者|投球回|安打|本塁打|四球|死球|三振|暴投|ボーク|失点|自責点|防御率,1966|読　売|32|11|7||||8|2|2|.611|701|177|177||150|15|36|3|85|0|1|62|52|2.64,_data\master_csv__rescrape_staging\pitching_1966_CL_from_master.csv,9
CSV_ER,ER,1,1,index_7,7,1,1966,81983804,中村　稔,,1966|読　売|32|65|56|2|9|1|0|0|10|9|0|0|6|2|1|0|21|1|.161|.179|,_data\master_csv__rescrape_staging\pitching_1966_CL_from_master.csv,9
CSV_ER,ER,1,1,index_16,16,1,1966,81983804,中村　稔,,1966|読　売|32|65|56|2|9|1|0|0|10|9|0|0|6|2|1|0|21|1|.161|.179|,_data\master_csv__rescrape_staging\pitching_1966_CL_from_master.csv,9
CSV_ER,ER,1,1,index_19,19,1,1966,81983804,中村　稔,,1966|読　売|32|65|56|2|9|1|0|0|10|9|0|0|6|2|1|0|21|1|.161|.179|,_data\master_csv__rescrape_staging\pitching_1966_CL_from_master.csv,9
CSV_ERA,ERA,62.0,62,防御率,23,62,1966,81983804,中村　稔,年度|所属球団|登板|勝利|敗北|セーブ|H|HP|完投|完封勝|無四球|勝率|打者|投球回|安打|本塁打|四球|死球|三振|暴投|ボーク|失点|自責点|防御率,1966|読　売|32|11|7||||8|2|2|.611|701|177|177||150|15|36|3|85|0|1|62|52|2.64,_data\master_csv__rescrape_staging\pitching_1966_CL_from_master.csv,9
CSV_IP,IP,181.0,181,投球回,13,181,1966,91093822,堀内　恒夫,年度|所属球団|登板|勝利|敗北|セーブ|H|HP|完投|完封勝|無四球|勝率|打者|投球回|安打|本塁打|四球|死球|三振|暴投|ボーク|失点|自責点|防御率,1966|読　売|33|16|2||||14|7|1|.889|714|181|181||125|5|69|4|117|5|0|34|28|1.39,_data\master_csv__rescrape_staging\pitching_1966_CL_from_master.csv,10
CSV_IP,IP,181.0,181,安打,14,181,1966,91093822,堀内　恒夫,年度|所属球団|登板|勝利|敗北|セーブ|H|HP|完投|完封勝|無四球|勝率|打者|投球回|安打|本塁打|四球|死球|三振|暴投|ボーク|失点|自責点|防御率,1966|読　売|33|16|2||||14|7|1|.889|714|181|181||125|5|69|4|117|5|0|34|28|1.39,_data\master_csv__rescrape_staging\pitching_1966_CL_from_master.csv,10
CSV_ER,ER,0,0,自責点,22,0,1966,91093822,堀内　恒夫,年度|所属球団|登板|勝利|敗北|セーブ|H|HP|完投|完封勝|無四球|勝率|打者|投球回|安打|本塁打|四球|死球|三振|暴投|ボーク|失点|自責点|防御率,1966|読　売|33|16|2||||14|7|1|.889|714|181|181||125|5|69|4|117|5|0|34|28|1.39,_data\master_csv__rescrape_staging\pitching_1966_CL_from_master.csv,10
CSV_ER,ER,0,0,index_8,8,0,1966,91093822,堀内　恒夫,,1966|読　売|33|69|64|6|16|5|0|2|27|6|0|0|5|0|0|0|16|1|.250|.422|,_data\master_csv__rescrape_staging\pitching_1966_CL_from_master.csv,10
CSV_ER,ER,0,0,index_12,12,0,1966,91093822,堀内　恒夫,,1966|読　売|33|69|64|6|16|5|0|2|27|6|0|0|5|0|0|0|16|1|.250|.422|,_data\master_csv__rescrape_staging\pitching_1966_CL_from_master.csv,10
CSV_ER,ER,0,0,index_13,13,0,1966,91093822,堀内　恒夫,,1966|読　売|33|69|64|6|16|5|0|2|27|6|0|0|5|0|0|0|16|1|.250|.422|,_data\master_csv__rescrape_staging\pitching_1966_CL_from_master.csv,10
CSV_ER,ER,0,0,index_15,15,0,1966,91093822,堀内　恒夫,,1966|読　売|33|69|64|6|16|5|0|2|27|6|0|0|5|0|0|0|16|1|.250|.422|,_data\master_csv__rescrape_staging\pitching_1966_CL_from_master.csv,10
CSV_ER,ER,0,0,index_16,16,0,1966,91093822,堀内　恒夫,,1966|読　売|33|69|64|6|16|5|0|2|27|6|0|0|5|0|0|0|16|1|.250|.422|,_data\master_csv__rescrape_staging\pitching_1966_CL_from_master.csv,10
CSV_ER,ER,0,0,index_17,17,0,1966,91093822,堀内　恒夫,,1966|読　売|33|69|64|6|16|5|0|2|27|6|0|0|5|0|0|0|16|1|.250|.422|,_data\master_csv__rescrape_staging\pitching_1966_CL_from_master.csv,10
CSV_ERA,ERA,34.0,34,防御率,23,34,1966,91093822,堀内　恒夫,年度|所属球団|登板|勝利|敗北|セーブ|H|HP|完投|完封勝|無四球|勝率|打者|投球回|安打|本塁打|四球|死球|三振|暴投|ボーク|失点|自責点|防御率,1966|読　売|33|16|2||||14|7|1|.889|714|181|181||125|5|69|4|117|5|0|34|28|1.39,_data\master_csv__rescrape_staging\pitching_1966_CL_from_master.csv,10
CSV_ER,ER,0,0,失点,21,0,1966,41643829,渡辺　秀武,年度|所属球団|登板|勝利|敗北|セーブ|H|HP|完投|完封勝|無四球|勝率|打者|投球回|安打|本塁打|四球|死球|三振|暴投|ボーク|失点|自責点|防御率,1966|読　売|42|13|6||||6|1|2|.684|599|154 .1|154|.1|124|14|20|7|66|0|0|42|40|2.34,_data\master_csv__rescrape_staging\pitching_1966_CL_from_master.csv,14
CSV_ER,ER,0,0,自責点,22,0,1966,41643829,渡辺　秀武,年度|所属球団|登板|勝利|敗北|セーブ|H|HP|完投|完封勝|無四球|勝率|打者|投球回|安打|本塁打|四球|死球|三振|暴投|ボーク|失点|自責点|防御率,1966|読　売|42|13|6||||6|1|2|.684|599|154 .1|154|.1|124|14|20|7|66|0|0|42|40|2.34,_data\master_csv__rescrape_staging\pitching_1966_CL_from_master.csv,14
CSV_ER,ER,0,0,index_7,7,0,1966,41643829,渡辺　秀武,,1966|読　売|43|56|51|1|9|0|0|0|9|3|0|0|5|0|0|0|17|0|.176|.176|,_data\master_csv__rescrape_staging\pitching_1966_CL_from_master.csv,14
CSV_ER,ER,0,0,index_8,8,0,1966,41643829,渡辺　秀武,,1966|読　売|43|56|51|1|9|0|0|0|9|3|0|0|5|0|0|0|17|0|.176|.176|,_data\master_csv__rescrape_staging\pitching_1966_CL_from_master.csv,14
CSV_ER,ER,0,0,index_9,9,0,1966,41643829,渡辺　秀武,,1966|読　売|43|56|51|1|9|0|0|0|9|3|0|0|5|0|0|0|17|0|.176|.176|,_data\master_csv__rescrape_staging\pitching_1966_CL_from_master.csv,14
CSV_ER,ER,0,0,index_12,12,0,1966,41643829,渡辺　秀武,,1966|読　売|43|56|51|1|9|0|0|0|9|3|0|0|5|0|0|0|17|0|.176|.176|,_data\master_csv__rescrape_staging\pitching_1966_CL_from_master.csv,14
CSV_ER,ER,0,0,index_13,13,0,1966,41643829,渡辺　秀武,,1966|読　売|43|56|51|1|9|0|0|0|9|3|0|0|5|0|0|0|17|0|.176|.176|,_data\master_csv__rescrape_staging\pitching_1966_CL_from_master.csv,14
CSV_ER,ER,0,0,index_15,15,0,1966,41643829,渡辺　秀武,,1966|読　売|43|56|51|1|9|0|0|0|9|3|0|0|5|0|0|0|17|0|.176|.176|,_data\master_csv__rescrape_staging\pitching_1966_CL_from_master.csv,14
CSV_ER,ER,0,0,index_16,16,0,1966,41643829,渡辺　秀武,,1966|読　売|43|56|51|1|9|0|0|0|9|3|0|0|5|0|0|0|17|0|.176|.176|,_data\master_csv__rescrape_staging\pitching_1966_CL_from_master.csv,14
CSV_ER,ER,0,0,index_17,17,0,1966,41643829,渡辺　秀武,,1966|読　売|43|56|51|1|9|0|0|0|9|3|0|0|5|0|0|0|17|0|.176|.176|,_data\master_csv__rescrape_staging\pitching_1966_CL_from_master.csv,14
CSV_ER,ER,0,0,index_19,19,0,1966,41643829,渡辺　秀武,,1966|読　売|43|56|51|1|9|0|0|0|9|3|0|0|5|0|0|0|17|0|.176|.176|,_data\master_csv__rescrape_staging\pitching_1966_CL_from_master.csv,14
CSV_ERA,ERA,42.0,42,登板,2,42,1966,41643829,渡辺　秀武,年度|所属球団|登板|勝利|敗北|セーブ|H|HP|完投|完封勝|無四球|勝率|打者|投球回|安打|本塁打|四球|死球|三振|暴投|ボーク|失点|自責点|防御率,1966|読　売|42|13|6||||6|1|2|.684|599|154 .1|154|.1|124|14|20|7|66|0|0|42|40|2.34,_data\master_csv__rescrape_staging\pitching_1966_CL_from_master.csv,14
CSV_ERA,ERA,42.0,42,防御率,23,42,1966,41643829,渡辺　秀武,年度|所属球団|登板|勝利|敗北|セーブ|H|HP|完投|完封勝|無四球|勝率|打者|投球回|安打|本塁打|四球|死球|三振|暴投|ボーク|失点|自責点|防御率,1966|読　売|42|13|6||||6|1|2|.684|599|154 .1|154|.1|124|14|20|7|66|0|0|42|40|2.34,_data\master_csv__rescrape_staging\pitching_1966_CL_from_master.csv,14
CSV_ER,ER,3,3,自責点,22,3,1966,91193802,秋本　祐作,年度|所属球団|登板|勝利|敗北|セーブ|H|HP|完投|完封勝|無四球|勝率|打者|投球回|安打|本塁打|四球|死球|三振|暴投|ボーク|失点|自責点|防御率,1966|阪　急|42|2|4||||1|0|0|.333|433|104 .1|104|.1|107|8|29|4|47|1|3|47|44|3.81,_data\master_csv__rescrape_staging\pitching_1966_PL_from_master.csv,2
CSV_ERA,ERA,47.0,47,ボーク,20,47,1966,91193802,秋本　祐作,年度|所属球団|登板|勝利|敗北|セーブ|H|HP|完投|完封勝|無四球|勝率|打者|投球回|安打|本塁打|四球|死球|三振|暴投|ボーク|失点|自責点|防御率,1966|阪　急|42|2|4||||1|0|0|.333|433|104 .1|104|.1|107|8|29|4|47|1|3|47|44|3.81,_data\master_csv__rescrape_staging\pitching_1966_PL_from_master.csv,2
CSV_ERA,ERA,47.0,47,防御率,23,47,1966,91193802,秋本　祐作,年度|所属球団|登板|勝利|敗北|セーブ|H|HP|完投|完封勝|無四球|勝率|打者|投球回|安打|本塁打|四球|死球|三振|暴投|ボーク|失点|自責点|防御率,1966|阪　急|42|2|4||||1|0|0|.333|433|104 .1|104|.1|107|8|29|4|47|1|3|47|44|3.81,_data\master_csv__rescrape_staging\pitching_1966_PL_from_master.csv,2
CSV_ER,ER,0,0,失点,21,0,1966,71173808,足立　光宏,年度|所属球団|登板|勝利|敗北|セーブ|H|HP|完投|完封勝|無四球|勝率|打者|投球回|安打|本塁打|四球|死球|三振|暴投|ボーク|失点|自責点|防御率,1966|阪　急|52|17|14||||10|3|2|.548|1099|270 .1|270|.1|243|27|49|14|158|0|0|98|79|2.63,_data\master_csv__rescrape_staging\pitching_1966_PL_from_master.csv,3
CSV_ER,ER,0,0,自責点,22,0,1966,71173808,足立　光宏,年度|所属球団|登板|勝利|敗北|セーブ|H|HP|完投|完封勝|無四球|勝率|打者|投球回|安打|本塁打|四球|死球|三振|暴投|ボーク|失点|自責点|防御率,1966|阪　急|52|17|14||||10|3|2|.548|1099|270 .1|270|.1|243|27|49|14|158|0|0|98|79|2.63,_data\master_csv__rescrape_staging\pitching_1966_PL_from_master.csv,3
CSV_ER,ER,0,0,index_7,7,0,1966,71173808,足立　光宏,,1966|阪　急|55|90|79|5|10|0|0|0|10|4|1|0|9|1|1|0|29|1|.127|.127|.138,_data\master_csv__rescrape_staging\pitching_1966_PL_from_master.csv,3
CSV_ER,ER,0,0,index_8,8,0,1966,71173808,足立　光宏,,1966|阪　急|55|90|79|5|10|0|0|0|10|4|1|0|9|1|1|0|29|1|.127|.127|.138,_data\master_csv__rescrape_staging\pitching_1966_PL_from_master.csv,3
CSV_ER,ER,0,0,index_9,9,0,1966,71173808,足立　光宏,,1966|阪　急|55|90|79|5|10|0|0|0|10|4|1|0|9|1|1|0|29|1|.127|.127|.138,_data\master_csv__rescrape_staging\pitching_1966_PL_from_master.csv,3
CSV_ER,ER,0,0,index_13,13,0,1966,71173808,足立　光宏,,1966|阪　急|55|90|79|5|10|0|0|0|10|4|1|0|9|1|1|0|29|1|.127|.127|.138,_data\master_csv__rescrape_staging\pitching_1966_PL_from_master.csv,3
CSV_ER,ER,0,0,index_17,17,0,1966,71173808,足立　光宏,,1966|阪　急|55|90|79|5|10|0|0|0|10|4|1|0|9|1|1|0|29|1|.127|.127|.138,_data\master_csv__rescrape_staging\pitching_1966_PL_from_master.csv,3
CSV_ERA,ERA,98.0,98,防御率,23,98,1966,71173808,足立　光宏,年度|所属球団|登板|勝利|敗北|セーブ|H|HP|完投|完封勝|無四球|勝率|打者|投球回|安打|本塁打|四球|死球|三振|暴投|ボーク|失点|自責点|防御率,1966|阪　急|52|17|14||||10|3|2|.548|1099|270 .1|270|.1|243|27|49|14|158|0|0|98|79|2.63,_data\master_csv__rescrape_staging\pitching_1966_PL_from_master.csv,3
CSV_ER,ER,0,0,無四球,10,0,1966,41143806,石井　茂雄,年度|所属球団|登板|勝利|敗北|セーブ|H|HP|完投|完封勝|無四球|勝率|打者|投球回|安打|本塁打|四球|死球|三振|暴投|ボーク|失点|自責点|防御率,1966|阪　急|38|10|13||||11|4|0|.435|763|189 .1|189|.1|170|17|49|4|72|1|0|65|58|2.76,_data\master_csv__rescrape_staging\pitching_1966_PL_from_master.csv,4
CSV_ER,ER,0,0,自責点,22,0,1966,41143806,石井　茂雄,年度|所属球団|登板|勝利|敗北|セーブ|H|HP|完投|完封勝|無四球|勝率|打者|投球回|安打|本塁打|四球|死球|三振|暴投|ボーク|失点|自責点|防御率,1966|阪　急|38|10|13||||11|4|0|.435|763|189 .1|189|.1|170|17|49|4|72|1|0|65|58|2.76,_data\master_csv__rescrape_staging\pitching_1966_PL_from_master.csv,4
CSV_ER,ER,0,0,index_5,5,0,1966,41143806,石井　茂雄,,1966|阪　急|42|64|58|0|7|2|0|0|9|3|0|0|5|1|0|0|11|0|.121|.155|.121,_data\master_csv__rescrape_staging\pitching_1966_PL_from_master.csv,4
CSV_ER,ER,0,0,index_8,8,0,1966,41143806,石井　茂雄,,1966|阪　急|42|64|58|0|7|2|0|0|9|3|0|0|5|1|0|0|11|0|.121|.155|.121,_data\master_csv__rescrape_staging\pitching_1966_PL_from_master.csv,4
CSV_ER,ER,0,0,index_9,9,0,1966,41143806,石井　茂雄,,1966|阪　急|42|64|58|0|7|2|0|0|9|3|0|0|5|1|0|0|11|0|.121|.155|.121,_data\master_csv__rescrape_staging\pitching_1966_PL_from_master.csv,4
CSV_ER,ER,0,0,index_12,12,0,1966,41143806,石井　茂雄,,1966|阪　急|42|64|58|0|7|2|0|0|9|3|0|0|5|1|0|0|11|0|.121|.155|.121,_data\master_csv__rescrape_staging\pitching_1966_PL_from_master.csv,4
CSV_ER,ER,0,0,index_13,13,0,1966,41143806,石井　茂雄,,1966|阪　急|42|64|58|0|7|2|0|0|9|3|0|0|5|1|0|0|11|0|.121|.155|.121,_data\master_csv__rescrape_staging\pitching_1966_PL_from_master.csv,4
CSV_ER,ER,0,0,index_16,16,0,1966,41143806,石井　茂雄,,1966|阪　急|42|64|58|0|7|2|0|0|9|3|0|0|5|1|0|0|11|0|.121|.155|.121,_data\master_csv__rescrape_staging\pitching_1966_PL_from_master.csv,4
CSV_ER,ER,0,0,index_17,17,0,1966,41143806,石井　茂雄,,1966|阪　急|42|64|58|0|7|2|0|0|9|3|0|0|5|1|0|0|11|0|.121|.155|.121,_data\master_csv__rescrape_staging\pitching_1966_PL_from_master.csv,4
CSV_ER,ER,0,0,index_19,19,0,1966,41143806,石井　茂雄,,1966|阪　急|42|64|58|0|7|2|0|0|9|3|0|0|5|1|0|0|11|0|.121|.155|.121,_data\master_csv__rescrape_staging\pitching_1966_PL_from_master.csv,4
CSV_ERA,ERA,65.0,65,防御率,23,65,1966,41143806,石井　茂雄,年度|所属球団|登板|勝利|敗北|セーブ|H|HP|完投|完封勝|無四球|勝率|打者|投球回|安打|本塁打|四球|死球|三振|暴投|ボーク|失点|自責点|防御率,1966|阪　急|38|10|13||||11|4|0|.435|763|189 .1|189|.1|170|17|49|4|72|1|0|65|58|2.76,_data\master_csv__rescrape_staging\pitching_1966_PL_from_master.csv,4
CSV_ER,ER,0,0,完封勝,9,0,1966,91793809,梶本　隆夫,年度|所属球団|登板|勝利|敗北|セーブ|H|HP|完投|完封勝|無四球|勝率|打者|投球回|安打|本塁打|四球|死球|三振|暴投|ボーク|失点|自責点|防御率,1966|阪　急|39|2|15||||3|0|0|.118|586|141 .2|141|.2|120|18|47|4|112|4|0|69|58|3.68,_data\master_csv__rescrape_staging\pitching_1966_PL_from_master.csv,6
CSV_ER,ER,0,0,無四球,10,0,1966,91793809,梶本　隆夫,年度|所属球団|登板|勝利|敗北|セーブ|H|HP|完投|完封勝|無四球|勝率|打者|投球回|安打|本塁打|四球|死球|三振|暴投|ボーク|失点|自責点|防御率,1966|阪　急|39|2|15||||3|0|0|.118|586|141 .2|141|.2|120|18|47|4|112|4|0|69|58|3.68,_data\master_csv__rescrape_staging\pitching_1966_PL_from_master.csv,6
CSV_ER,ER,0,0,自責点,22,0,1966,91793809,梶本　隆夫,年度|所属球団|登板|勝利|敗北|セーブ|H|HP|完投|完封勝|無四球|勝率|打者|投球回|安打|本塁打|四球|死球|三振|暴投|ボーク|失点|自責点|防御率,1966|阪　急|39|2|15||||3|0|0|.118|586|141 .2|141|.2|120|18|47|4|112|4|0|69|58|3.68,_data\master_csv__rescrape_staging\pitching_1966_PL_from_master.csv,6
CSV_ER,ER,0,0,index_5,5,0,1966,91793809,梶本　隆夫,,1966|阪　急|42|46|45|0|10|0|0|0|10|2|0|0|0|0|1|0|9|2|.222|.222|.239,_data\master_csv__rescrape_staging\pitching_1966_PL_from_master.csv,6
CSV_ER,ER,0,0,index_7,7,0,1966,91793809,梶本　隆夫,,1966|阪　急|42|46|45|0|10|0|0|0|10|2|0|0|0|0|1|0|9|2|.222|.222|.239,_data\master_csv__rescrape_staging\pitching_1966_PL_from_master.csv,6
CSV_ER,ER,0,0,index_8,8,0,1966,91793809,梶本　隆夫,,1966|阪　急|42|46|45|0|10|0|0|0|10|2|0|0|0|0|1|0|9|2|.222|.222|.239,_data\master_csv__rescrape_staging\pitching_1966_PL_from_master.csv,6
CSV_ER,ER,0,0,index_9,9,0,1966,91793809,梶本　隆夫,,1966|阪　急|42|46|45|0|10|0|0|0|10|2|0|0|0|0|1|0|9|2|.222|.222|.239,_data\master_csv__rescrape_staging\pitching_1966_PL_from_master.csv,6
CSV_ER,ER,0,0,index_12,12,0,1966,91793809,梶本　隆夫,,1966|阪　急|42|46|45|0|10|0|0|0|10|2|0|0|0|0|1|0|9|2|.222|.222|.239,_data\master_csv__rescrape_staging\pitching_1966_PL_from_master.csv,6
CSV_ER,ER,0,0,index_13,13,0,1966,91793809,梶本　隆夫,,1966|阪　急|42|46|45|0|10|0|0|0|10|2|0|0|0|0|1|0|9|2|.222|.222|.239,_data\master_csv__rescrape_staging\pitching_1966_PL_from_master.csv,6
CSV_ER,ER,0,0,index_14,14,0,1966,91793809,梶本　隆夫,,1966|阪　急|42|46|45|0|10|0|0|0|10|2|0|0|0|0|1|0|9|2|.222|.222|.239,_data\master_csv__rescrape_staging\pitching_1966_PL_from_master.csv,6
CSV_ER,ER,0,0,index_15,15,0,1966,91793809,梶本　隆夫,,1966|阪　急|42|46|45|0|10|0|0|0|10|2|0|0|0|0|1|0|9|2|.222|.222|.239,_data\master_csv__rescrape_staging\pitching_1966_PL_from_master.csv,6
CSV_ER,ER,0,0,index_17,17,0,1966,91793809,梶本　隆夫,,1966|阪　急|42|46|45|0|10|0|0|0|10|2|0|0|0|0|1|0|9|2|.222|.222|.239,_data\master_csv__rescrape_staging\pitching_1966_PL_from_master.csv,6
CSV_ERA,ERA,69.0,69,防御率,23,69,1966,91793809,梶本　隆夫,年度|所属球団|登板|勝利|敗北|セーブ|H|HP|完投|完封勝|無四球|勝率|打者|投球回|安打|本塁打|四球|死球|三振|暴投|ボーク|失点|自責点|防御率,1966|阪　急|39|2|15||||3|0|0|.118|586|141 .2|141|.2|120|18|47|4|112|4|0|69|58|3.68,_data\master_csv__rescrape_staging\pitching_1966_PL_from_master.csv,6
CSV_ER,ER,0,0,勝利,3,0,1966,51353821,柿本　実,年度|所属球団|登板|勝利|敗北|セーブ|H|HP|完投|完封勝|無四球|勝率|打者|投球回|安打|本塁打|四球|死球|三振|暴投|ボーク|失点|自責点|防御率,1966|阪　急|16|0|1||||0|0|0|.000|155|35 .1|35|.1|42|5|7|4|19|0|0|22|22|5.66,_data\master_csv__rescrape_staging\pitching_1966_PL_from_master.csv,7
CSV_ER,ER,0,0,完投,8,0,1966,51353821,柿本　実,年度|所属球団|登板|勝利|敗北|セーブ|H|HP|完投|完封勝|無四球|勝率|打者|投球回|安打|本塁打|四球|死球|三振|暴投|ボーク|失点|自責点|防御率,1966|阪　急|16|0|1||||0|0|0|.000|155|35 .1|35|.1|42|5|7|4|19|0|0|22|22|5.66,_data\master_csv__rescrape_staging\pitching_1966_PL_from_master.csv,7
CSV_ER,ER,0,0,完封勝,9,0,1966,51353821,柿本　実,年度|所属球団|登板|勝利|敗北|セーブ|H|HP|完投|完封勝|無四球|勝率|打者|投球回|安打|本塁打|四球|死球|三振|暴投|ボーク|失点|自責点|防御率,1966|阪　急|16|0|1||||0|0|0|.000|155|35 .1|35|.1|42|5|7|4|19|0|0|22|22|5.66,_data\master_csv__rescrape_staging\pitching_1966_PL_from_master.csv,7
CSV_ER,ER,0,0,無四球,10,0,1966,51353821,柿本　実,年度|所属球団|登板|勝利|敗北|セーブ|H|HP|完投|完封勝|無四球|勝率|打者|投球回|安打|本塁打|四球|死球|三振|暴投|ボーク|失点|自責点|防御率,1966|阪　急|16|0|1||||0|0|0|.000|155|35 .1|35|.1|42|5|7|4|19|0|0|22|22|5.66,_data\master_csv__rescrape_staging\pitching_1966_PL_from_master.csv,7
CSV_ER,ER,0,0,勝率,11,.000,1966,51353821,柿本　実,年度|所属球団|登板|勝利|敗北|セーブ|H|HP|完投|完封勝|無四球|勝率|打者|投球回|安打|本塁打|四球|死球|三振|暴投|ボーク|失点|自責点|防御率,1966|阪　急|16|0|1||||0|0|0|.000|155|35 .1|35|.1|42|5|7|4|19|0|0|22|22|5.66,_data\master_csv__rescrape_staging\pitching_1966_PL_from_master.csv,7
CSV_ER,ER,0,0,失点,21,0,1966,51353821,柿本　実,年度|所属球団|登板|勝利|敗北|セーブ|H|HP|完投|完封勝|無四球|勝率|打者|投球回|安打|本塁打|四球|死球|三振|暴投|ボーク|失点|自責点|防御率,1966|阪　急|16|0|1||||0|0|0|.000|155|35 .1|35|.1|42|5|7|4|19|0|0|22|22|5.66,_data\master_csv__rescrape_staging\pitching_1966_PL_from_master.csv,7
CSV_ER,ER,0,0,自責点,22,0,1966,51353821,柿本　実,年度|所属球団|登板|勝利|敗北|セーブ|H|HP|完投|完封勝|無四球|勝率|打者|投球回|安打|本塁打|四球|死球|三振|暴投|ボーク|失点|自責点|防御率,1966|阪　急|16|0|1||||0|0|0|.000|155|35 .1|35|.1|42|5|7|4|19|0|0|22|22|5.66,_data\master_csv__rescrape_staging\pitching_1966_PL_from_master.csv,7
CSV_ER,ER,0,0,index_5,5,0,1966,51353821,柿本　実,,1966|阪　急|19|5|5|0|0|0|0|0|0|0|0|0|0|0|0|0|0|0|.000|.000|.000,_data\master_csv__rescrape_staging\pitching_1966_PL_from_master.csv,7
CSV_ER,ER,0,0,index_6,6,0,1966,51353821,柿本　実,,1966|阪　急|19|5|5|0|0|0|0|0|0|0|0|0|0|0|0|0|0|0|.000|.000|.000,_data\master_csv__rescrape_staging\pitching_1966_PL_from_master.csv,7
CSV_ER,ER,0,0,index_7,7,0,1966,51353821,柿本　実,,1966|阪　急|19|5|5|0|0|0|0|0|0|0|0|0|0|0|0|0|0|0|.000|.000|.000,_data\master_csv__rescrape_staging\pitching_1966_PL_from_master.csv,7
CSV_ER,ER,0,0,index_8,8,0,1966,51353821,柿本　実,,1966|阪　急|19|5|5|0|0|0|0|0|0|0|0|0|0|0|0|0|0|0|.000|.000|.000,_data\master_csv__rescrape_staging\pitching_1966_PL_from_master.csv,7
CSV_ER,ER,0,0,index_9,9,0,1966,51353821,柿本　実,,1966|阪　急|19|5|5|0|0|0|0|0|0|0|0|0|0|0|0|0|0|0|.000|.000|.000,_data\master_csv__rescrape_staging\pitching_1966_PL_from_master.csv,7
CSV_ER,ER,0,0,index_10,10,0,1966,51353821,柿本　実,,1966|阪　急|19|5|5|0|0|0|0|0|0|0|0|0|0|0|0|0|0|0|.000|.000|.000,_data\master_csv__rescrape_staging\pitching_1966_PL_from_master.csv,7
CSV_ER,ER,0,0,index_11,11,0,1966,51353821,柿本　実,,1966|阪　急|19|5|5|0|0|0|0|0|0|0|0|0|0|0|0|0|0|0|.000|.000|.000,_data\master_csv__rescrape_staging\pitching_1966_PL_from_master.csv,7
CSV_ER,ER,0,0,index_12,12,0,1966,51353821,柿本　実,,1966|阪　急|19|5|5|0|0|0|0|0|0|0|0|0|0|0|0|0|0|0|.000|.000|.000,_data\master_csv__rescrape_staging\pitching_1966_PL_from_master.csv,7
CSV_ER,ER,0,0,index_13,13,0,1966,51353821,柿本　実,,1966|阪　急|19|5|5|0|0|0|0|0|0|0|0|0|0|0|0|0|0|0|.000|.000|.000,_data\master_csv__rescrape_staging\pitching_1966_PL_from_master.csv,7
CSV_ER,ER,0,0,index_14,14,0,1966,51353821,柿本　実,,1966|阪　急|19|5|5|0|0|0|0|0|0|0|0|0|0|0|0|0|0|0|.000|.000|.000,_data\master_csv__rescrape_staging\pitching_1966_PL_from_master.csv,7
CSV_ER,ER,0,0,index_15,15,0,1966,51353821,柿本　実,,1966|阪　急|19|5|5|0|0|0|0|0|0|0|0|0|0|0|0|0|0|0|.000|.000|.000,_data\master_csv__rescrape_staging\pitching_1966_PL_from_master.csv,7
CSV_ER,ER,0,0,index_16,16,0,1966,51353821,柿本　実,,1966|阪　急|19|5|5|0|0|0|0|0|0|0|0|0|0|0|0|0|0|0|.000|.000|.000,_data\master_csv__rescrape_staging\pitching_1966_PL_from_master.csv,7
CSV_ER,ER,0,0,index_17,17,0,1966,51353821,柿本　実,,1966|阪　急|19|5|5|0|0|0|0|0|0|0|0|0|0|0|0|0|0|0|.000|.000|.000,_data\master_csv__rescrape_staging\pitching_1966_PL_from_master.csv,7
CSV_ER,ER,0,0,index_18,18,0,1966,51353821,柿本　実,,1966|阪　急|19|5|5|0|0|0|0|0|0|0|0|0|0|0|0|0|0|0|.000|.000|.000,_data\master_csv__rescrape_staging\pitching_1966_PL_from_master.csv,7
CSV_ER,ER,0,0,index_19,19,0,1966,51353821,柿本　実,,1966|阪　急|19|5|5|0|0|0|0|0|0|0|0|0|0|0|0|0|0|0|.000|.000|.000,_data\master_csv__rescrape_staging\pitching_1966_PL_from_master.csv,7
CSV_ER,ER,0,0,index_20,20,.000,1966,51353821,柿本　実,,1966|阪　急|19|5|5|0|0|0|0|0|0|0|0|0|0|0|0|0|0|0|.000|.000|.000,_data\master_csv__rescrape_staging\pitching_1966_PL_from_master.csv,7
CSV_ER,ER,0,0,index_21,21,.000,1966,51353821,柿本　実,,1966|阪　急|19|5|5|0|0|0|0|0|0|0|0|0|0|0|0|0|0|0|.000|.000|.000,_data\master_csv__rescrape_staging\pitching_1966_PL_from_master.csv,7
CSV_ER,ER,0,0,index_22,22,.000,1966,51353821,柿本　実,,1966|阪　急|19|5|5|0|0|0|0|0|0|0|0|0|0|0|0|0|0|0|.000|.000|.000,_data\master_csv__rescrape_staging\pitching_1966_PL_from_master.csv,7
CSV_ERA,ERA,22.0,22,防御率,23,22,1966,51353821,柿本　実,年度|所属球団|登板|勝利|敗北|セーブ|H|HP|完投|完封勝|無四球|勝率|打者|投球回|安打|本塁打|四球|死球|三振|暴投|ボーク|失点|自責点|防御率,1966|阪　急|16|0|1||||0|0|0|.000|155|35 .1|35|.1|42|5|7|4|19|0|0|22|22|5.66,_data\master_csv__rescrape_staging\pitching_1966_PL_from_master.csv,7
CSV_ERA,ERA,22.0,22,index_24,24,22,1966,51353821,柿本　実,年度|所属球団|登板|勝利|敗北|セーブ|H|HP|完投|完封勝|無四球|勝率|打者|投球回|安打|本塁打|四球|死球|三振|暴投|ボーク|失点|自責点|防御率,1966|阪　急|16|0|1||||0|0|0|.000|155|35 .1|35|.1|42|5|7|4|19|0|0|22|22|5.66,_data\master_csv__rescrape_staging\pitching_1966_PL_from_master.csv,7
CSV_IP,IP,170.0,170,投球回,13,170,1967,71073801,金田　正一,年度|所属球団|登板|勝利|敗北|セーブ|H|HP|完投|完封勝|無四球|勝率|打者|投球回|安打|本塁打|四球|死球|三振|暴投|ボーク|失点|自責点|防御率,1967|読　売|33|16|5||||6|1|1|.762|698|170|170||146|13|57|3|132|3|0|47|43|2.28,_data\master_csv__rescrape_staging\pitching_1967_CL_from_master.csv,3
CSV_IP,IP,170.0,170,安打,14,170,1967,71073801,金田　正一,年度|所属球団|登板|勝利|敗北|セーブ|H|HP|完投|完封勝|無四球|勝率|打者|投球回|安打|本塁打|四球|死球|三振|暴投|ボーク|失点|自責点|防御率,1967|読　売|33|16|5||||6|1|1|.762|698|170|170||146|13|57|3|132|3|0|47|43|2.28,_data\master_csv__rescrape_staging\pitching_1967_CL_from_master.csv,3
CSV_ER,ER,0,0,自責点,22,0,1967,71073801,金田　正一,年度|所属球団|登板|勝利|敗北|セーブ|H|HP|完投|完封勝|無四球|勝率|打者|投球回|安打|本塁打|四球|死球|三振|暴投|ボーク|失点|自責点|防御率,1967|読　売|33|16|5||||6|1|1|.762|698|170|170||146|13|57|3|132|3|0|47|43|2.28,_data\master_csv__rescrape_staging\pitching_1967_CL_from_master.csv,3
CSV_ER,ER,0,0,index_8,8,0,1967,71073801,金田　正一,,1967|読　売|34|65|59|6|16|2|0|0|18|4|0|0|3|1|1|1|7|3|.271|.305|,_data\master_csv__rescrape_staging\pitching_1967_CL_from_master.csv,3
CSV_ER,ER,0,0,index_9,9,0,1967,71073801,金田　正一,,1967|読　売|34|65|59|6|16|2|0|0|18|4|0|0|3|1|1|1|7|3|.271|.305|,_data\master_csv__rescrape_staging\pitching_1967_CL_from_master.csv,3
CSV_ER,ER,0,0,index_12,12,0,1967,71073801,金田　正一,,1967|読　売|34|65|59|6|16|2|0|0|18|4|0|0|3|1|1|1|7|3|.271|.305|,_data\master_csv__rescrape_staging\pitching_1967_CL_from_master.csv,3
CSV_ER,ER,0,0,index_13,13,0,1967,71073801,金田　正一,,1967|読　売|34|65|59|6|16|2|0|0|18|4|0|0|3|1|1|1|7|3|.271|.305|,_data\master_csv__rescrape_staging\pitching_1967_CL_from_master.csv,3
CSV_ERA,ERA,47.0,47,防御率,23,47,1967,71073801,金田　正一,年度|所属球団|登板|勝利|敗北|セーブ|H|HP|完投|完封勝|無四球|勝率|打者|投球回|安打|本塁打|四球|死球|三振|暴投|ボーク|失点|自責点|防御率,1967|読　売|33|16|5||||6|1|1|.762|698|170|170||146|13|57|3|132|3|0|47|43|2.28,_data\master_csv__rescrape_staging\pitching_1967_CL_from_master.csv,3
CSV_IP,IP,227.0,227,投球回,13,227,1967,51053825,城之内　邦雄,年度|所属球団|登板|勝利|敗北|セーブ|H|HP|完投|完封勝|無四球|勝率|打者|投球回|安打|本塁打|四球|死球|三振|暴投|ボーク|失点|自責点|防御率,1967|読　売|33|17|8||||16|5|3|.680|895|227|227||190|23|37|4|94|2|0|73|65|2.58,_data\master_csv__rescrape_staging\pitching_1967_CL_from_master.csv,4
CSV_IP,IP,227.0,227,安打,14,227,1967,51053825,城之内　邦雄,年度|所属球団|登板|勝利|敗北|セーブ|H|HP|完投|完封勝|無四球|勝率|打者|投球回|安打|本塁打|四球|死球|三振|暴投|ボーク|失点|自責点|防御率,1967|読　売|33|17|8||||16|5|3|.680|895|227|227||190|23|37|4|94|2|0|73|65|2.58,_data\master_csv__rescrape_staging\pitching_1967_CL_from_master.csv,4
CSV_ER,ER,0,0,自責点,22,0,1967,51053825,城之内　邦雄,年度|所属球団|登板|勝利|敗北|セーブ|H|HP|完投|完封勝|無四球|勝率|打者|投球回|安打|本塁打|四球|死球|三振|暴投|ボーク|失点|自責点|防御率,1967|読　売|33|17|8||||16|5|3|.680|895|227|227||190|23|37|4|94|2|0|73|65|2.58,_data\master_csv__rescrape_staging\pitching_1967_CL_from_master.csv,4
CSV_ER,ER,0,0,index_8,8,0,1967,51053825,城之内　邦雄,,1967|読　売|33|90|80|3|9|1|0|0|10|3|0|0|9|0|1|0|37|1|.113|.125|,_data\master_csv__rescrape_staging\pitching_1967_CL_from_master.csv,4
CSV_ER,ER,0,0,index_9,9,0,1967,51053825,城之内　邦雄,,1967|読　売|33|90|80|3|9|1|0|0|10|3|0|0|9|0|1|0|37|1|.113|.125|,_data\master_csv__rescrape_staging\pitching_1967_CL_from_master.csv,4
CSV_ER,ER,0,0,index_12,12,0,1967,51053825,城之内　邦雄,,1967|読　売|33|90|80|3|9|1|0|0|10|3|0|0|9|0|1|0|37|1|.113|.125|,_data\master_csv__rescrape_staging\pitching_1967_CL_from_master.csv,4
CSV_ER,ER,0,0,index_13,13,0,1967,51053825,城之内　邦雄,,1967|読　売|33|90|80|3|9|1|0|0|10|3|0|0|9|0|1|0|37|1|.113|.125|,_data\master_csv__rescrape_staging\pitching_1967_CL_from_master.csv,4
CSV_ER,ER,0,0,index_15,15,0,1967,51053825,城之内　邦雄,,1967|読　売|33|90|80|3|9|1|0|0|10|3|0|0|9|0|1|0|37|1|.113|.125|,_data\master_csv__rescrape_staging\pitching_1967_CL_from_master.csv,4
CSV_ER,ER,0,0,index_17,17,0,1967,51053825,城之内　邦雄,,1967|読　売|33|90|80|3|9|1|0|0|10|3|0|0|9|0|1|0|37|1|.113|.125|,_data\master_csv__rescrape_staging\pitching_1967_CL_from_master.csv,4
CSV_ERA,ERA,73.0,73,防御率,23,73,1967,51053825,城之内　邦雄,年度|所属球団|登板|勝利|敗北|セーブ|H|HP|完投|完封勝|無四球|勝率|打者|投球回|安打|本塁打|四球|死球|三振|暴投|ボーク|失点|自責点|防御率,1967|読　売|33|17|8||||16|5|3|.680|895|227|227||190|23|37|4|94|2|0|73|65|2.58,_data\master_csv__rescrape_staging\pitching_1967_CL_from_master.csv,4
CSV_IP,IP,144.0,144,投球回,13,144,1967,81583822,菅原　勝矢,年度|所属球団|登板|勝利|敗北|セーブ|H|HP|完投|完封勝|無四球|勝率|打者|投球回|安打|本塁打|四球|死球|三振|暴投|ボーク|失点|自責点|防御率,1967|読　売|32|11|4||||4|3|2|.733|557|144|144||101|10|36|3|107|0|1|48|44|2.75,_data\master_csv__rescrape_staging\pitching_1967_CL_from_master.csv,5
CSV_IP,IP,144.0,144,安打,14,144,1967,81583822,菅原　勝矢,年度|所属球団|登板|勝利|敗北|セーブ|H|HP|完投|完封勝|無四球|勝率|打者|投球回|安打|本塁打|四球|死球|三振|暴投|ボーク|失点|自責点|防御率,1967|読　売|32|11|4||||4|3|2|.733|557|144|144||101|10|36|3|107|0|1|48|44|2.75,_data\master_csv__rescrape_staging\pitching_1967_CL_from_master.csv,5
CSV_ER,ER,1,1,自責点,22,1,1967,81583822,菅原　勝矢,年度|所属球団|登板|勝利|敗北|セーブ|H|HP|完投|完封勝|無四球|勝率|打者|投球回|安打|本塁打|四球|死球|三振|暴投|ボーク|失点|自責点|防御率,1967|読　売|32|11|4||||4|3|2|.733|557|144|144||101|10|36|3|107|0|1|48|44|2.75,_data\master_csv__rescrape_staging\pitching_1967_CL_from_master.csv,5
CSV_ER,ER,1,1,index_11,11,1,1967,81583822,菅原　勝矢,,1967|読　売|32|47|44|3|4|0|0|0|4|1|0|0|2|0|1|0|16|0|.091|.091|,_data\master_csv__rescrape_staging\pitching_1967_CL_from_master.csv,5
CSV_ER,ER,1,1,index_16,16,1,1967,81583822,菅原　勝矢,,1967|読　売|32|47|44|3|4|0|0|0|4|1|0|0|2|0|1|0|16|0|.091|.091|,_data\master_csv__rescrape_staging\pitching_1967_CL_from_master.csv,5
CSV_ERA,ERA,48.0,48,防御率,23,48,1967,81583822,菅原　勝矢,年度|所属球団|登板|勝利|敗北|セーブ|H|HP|完投|完封勝|無四球|勝率|打者|投球回|安打|本塁打|四球|死球|三振|暴投|ボーク|失点|自責点|防御率,1967|読　売|32|11|4||||4|3|2|.733|557|144|144||101|10|36|3|107|0|1|48|44|2.75,_data\master_csv__rescrape_staging\pitching_1967_CL_from_master.csv,5
CSV_ER,ER,0,0,敗北,4,0,1967,41943823,高橋　明,年度|所属球団|登板|勝利|敗北|セーブ|H|HP|完投|完封勝|無四球|勝率|打者|投球回|安打|本塁打|四球|死球|三振|暴投|ボーク|失点|自責点|防御率,1967|読　売|24|1|0||||0|0|0|1.000|221|55 .2|55|.2|48|13|8|3|29|1|0|28|25|4.02,_data\master_csv__rescrape_staging\pitching_1967_CL_from_master.csv,6
CSV_ER,ER,0,0,完投,8,0,1967,41943823,高橋　明,年度|所属球団|登板|勝利|敗北|セーブ|H|HP|完投|完封勝|無四球|勝率|打者|投球回|安打|本塁打|四球|死球|三振|暴投|ボーク|失点|自責点|防御率,1967|読　売|24|1|0||||0|0|0|1.000|221|55 .2|55|.2|48|13|8|3|29|1|0|28|25|4.02,_data\master_csv__rescrape_staging\pitching_1967_CL_from_master.csv,6
CSV_ER,ER,0,0,完封勝,9,0,1967,41943823,高橋　明,年度|所属球団|登板|勝利|敗北|セーブ|H|HP|完投|完封勝|無四球|勝率|打者|投球回|安打|本塁打|四球|死球|三振|暴投|ボーク|失点|自責点|防御率,1967|読　売|24|1|0||||0|0|0|1.000|221|55 .2|55|.2|48|13|8|3|29|1|0|28|25|4.02,_data\master_csv__rescrape_staging\pitching_1967_CL_from_master.csv,6
CSV_ER,ER,0,0,無四球,10,0,1967,41943823,高橋　明,年度|所属球団|登板|勝利|敗北|セーブ|H|HP|完投|完封勝|無四球|勝率|打者|投球回|安打|本塁打|四球|死球|三振|暴投|ボーク|失点|自責点|防御率,1967|読　売|24|1|0||||0|0|0|1.000|221|55 .2|55|.2|48|13|8|3|29|1|0|28|25|4.02,_data\master_csv__rescrape_staging\pitching_1967_CL_from_master.csv,6
CSV_ER,ER,0,0,自責点,22,0,1967,41943823,高橋　明,年度|所属球団|登板|勝利|敗北|セーブ|H|HP|完投|完封勝|無四球|勝率|打者|投球回|安打|本塁打|四球|死球|三振|暴投|ボーク|失点|自責点|防御率,1967|読　売|24|1|0||||0|0|0|1.000|221|55 .2|55|.2|48|13|8|3|29|1|0|28|25|4.02,_data\master_csv__rescrape_staging\pitching_1967_CL_from_master.csv,6
CSV_ER,ER,0,0,index_5,5,0,1967,41943823,高橋　明,,1967|読　売|24|12|10|0|2|0|0|0|2|0|0|0|1|0|1|0|1|1|.200|.200|,_data\master_csv__rescrape_staging\pitching_1967_CL_from_master.csv,6
CSV_ER,ER,0,0,index_7,7,0,1967,41943823,高橋　明,,1967|読　売|24|12|10|0|2|0|0|0|2|0|0|0|1|0|1|0|1|1|.200|.200|,_data\master_csv__rescrape_staging\pitching_1967_CL_from_master.csv,6
CSV_ER,ER,0,0,index_8,8,0,1967,41943823,高橋　明,,1967|読　売|24|12|10|0|2|0|0|0|2|0|0|0|1|0|1|0|1|1|.200|.200|,_data\master_csv__rescrape_staging\pitching_1967_CL_from_master.csv,6
CSV_ER,ER,0,0,index_9,9,0,1967,41943823,高橋　明,,1967|読　売|24|12|10|0|2|0|0|0|2|0|0|0|1|0|1|0|1|1|.200|.200|,_data\master_csv__rescrape_staging\pitching_1967_CL_from_master.csv,6
CSV_ER,ER,0,0,index_11,11,0,1967,41943823,高橋　明,,1967|読　売|24|12|10|0|2|0|0|0|2|0|0|0|1|0|1|0|1|1|.200|.200|,_data\master_csv__rescrape_staging\pitching_1967_CL_from_master.csv,6
CSV_ER,ER,0,0,index_12,12,0,1967,41943823,高橋　明,,1967|読　売|24|12|10|0|2|0|0|0|2|0|0|0|1|0|1|0|1|1|.200|.200|,_data\master_csv__rescrape_staging\pitching_1967_CL_from_master.csv,6
CSV_ER,ER,0,0,index_13,13,0,1967,41943823,高橋　明,,1967|読　売|24|12|10|0|2|0|0|0|2|0|0|0|1|0|1|0|1|1|.200|.200|,_data\master_csv__rescrape_staging\pitching_1967_CL_from_master.csv,6
CSV_ER,ER,0,0,index_15,15,0,1967,41943823,高橋　明,,1967|読　売|24|12|10|0|2|0|0|0|2|0|0|0|1|0|1|0|1|1|.200|.200|,_data\master_csv__rescrape_staging\pitching_1967_CL_from_master.csv,6
CSV_ER,ER,0,0,index_17,17,0,1967,41943823,高橋　明,,1967|読　売|24|12|10|0|2|0|0|0|2|0|0|0|1|0|1|0|1|1|.200|.200|,_data\master_csv__rescrape_staging\pitching_1967_CL_from_master.csv,6
CSV_ERA,ERA,28.0,28,防御率,23,28,1967,41943823,高橋　明,年度|所属球団|登板|勝利|敗北|セーブ|H|HP|完投|完封勝|無四球|勝率|打者|投球回|安打|本塁打|四球|死球|三振|暴投|ボーク|失点|自責点|防御率,1967|読　売|24|1|0||||0|0|0|1.000|221|55 .2|55|.2|48|13|8|3|29|1|0|28|25|4.02,_data\master_csv__rescrape_staging\pitching_1967_CL_from_master.csv,6
CSV_ER,ER,0,0,完封勝,9,0,1967,01703820,高橋　一三,年度|所属球団|登板|勝利|敗北|セーブ|H|HP|完投|完封勝|無四球|勝率|打者|投球回|安打|本塁打|四球|死球|三振|暴投|ボーク|失点|自責点|防御率,1967|読　売|28|6|7||||2|0|0|.462|426|104 .1|104|.1|87|11|31|3|89|1|0|45|36|3.12,_data\master_csv__rescrape_staging\pitching_1967_CL_from_master.csv,8
CSV_ER,ER,0,0,無四球,10,0,1967,01703820,高橋　一三,年度|所属球団|登板|勝利|敗北|セーブ|H|HP|完投|完封勝|無四球|勝率|打者|投球回|安打|本塁打|四球|死球|三振|暴投|ボーク|失点|自責点|防御率,1967|読　売|28|6|7||||2|0|0|.462|426|104 .1|104|.1|87|11|31|3|89|1|0|45|36|3.12,_data\master_csv__rescrape_staging\pitching_1967_CL_from_master.csv,8
CSV_ER,ER,0,0,自責点,22,0,1967,01703820,高橋　一三,年度|所属球団|登板|勝利|敗北|セーブ|H|HP|完投|完封勝|無四球|勝率|打者|投球回|安打|本塁打|四球|死球|三振|暴投|ボーク|失点|自責点|防御率,1967|読　売|28|6|7||||2|0|0|.462|426|104 .1|104|.1|87|11|31|3|89|1|0|45|36|3.12,_data\master_csv__rescrape_staging\pitching_1967_CL_from_master.csv,8
CSV_ER,ER,0,0,index_7,7,0,1967,01703820,高橋　一三,,1967|読　売|28|35|30|1|1|0|0|0|1|1|0|0|2|0|3|0|10|0|.033|.033|,_data\master_csv__rescrape_staging\pitching_1967_CL_from_master.csv,8
CSV_ER,ER,0,0,index_8,8,0,1967,01703820,高橋　一三,,1967|読　売|28|35|30|1|1|0|0|0|1|1|0|0|2|0|3|0|10|0|.033|.033|,_data\master_csv__rescrape_staging\pitching_1967_CL_from_master.csv,8
CSV_ER,ER,0,0,index_9,9,0,1967,01703820,高橋　一三,,1967|読　売|28|35|30|1|1|0|0|0|1|1|0|0|2|0|3|0|10|0|.033|.033|,_data\master_csv__rescrape_staging\pitching_1967_CL_from_master.csv,8
CSV_ER,ER,0,0,index_12,12,0,1967,01703820,高橋　一三,,1967|読　売|28|35|30|1|1|0|0|0|1|1|0|0|2|0|3|0|10|0|.033|.033|,_data\master_csv__rescrape_staging\pitching_1967_CL_from_master.csv,8
CSV_ER,ER,0,0,index_13,13,0,1967,01703820,高橋　一三,,1967|読　売|28|35|30|1|1|0|0|0|1|1|0|0|2|0|3|0|10|0|.033|.033|,_data\master_csv__rescrape_staging\pitching_1967_CL_from_master.csv,8
CSV_ER,ER,0,0,index_15,15,0,1967,01703820,高橋　一三,,1967|読　売|28|35|30|1|1|0|0|0|1|1|0|0|2|0|3|0|10|0|.033|.033|,_data\master_csv__rescrape_staging\pitching_1967_CL_from_master.csv,8
CSV_ER,ER,0,0,index_17,17,0,1967,01703820,高橋　一三,,1967|読　売|28|35|30|1|1|0|0|0|1|1|0|0|2|0|3|0|10|0|.033|.033|,_data\master_csv__rescrape_staging\pitching_1967_CL_from_master.csv,8
CSV_ER,ER,0,0,index_19,19,0,1967,01703820,高橋　一三,,1967|読　売|28|35|30|1|1|0|0|0|1|1|0|0|2|0|3|0|10|0|.033|.033|,_data\master_csv__rescrape_staging\pitching_1967_CL_from_master.csv,8
CSV_ERA,ERA,45.0,45,防御率,23,45,1967,01703820,高橋　一三,年度|所属球団|登板|勝利|敗北|セーブ|H|HP|完投|完封勝|無四球|勝率|打者|投球回|安打|本塁打|四球|死球|三振|暴投|ボーク|失点|自責点|防御率,1967|読　売|28|6|7||||2|0|0|.462|426|104 .1|104|.1|87|11|31|3|89|1|0|45|36|3.12,_data\master_csv__rescrape_staging\pitching_1967_CL_from_master.csv,8
CSV_ER,ER,0,0,敗北,4,0,1967,91193802,秋本　祐作,年度|所属球団|登板|勝利|敗北|セーブ|H|HP|完投|完封勝|無四球|勝率|打者|投球回|安打|本塁打|四球|死球|三振|暴投|ボーク|失点|自責点|防御率,1967|阪　急|27|1|0||||0|0|0|1.000|200|47 .2|47|.2|46|2|15|4|25|0|0|22|20|3.75,_data\master_csv__rescrape_staging\pitching_1967_PL_from_master.csv,2
CSV_ER,ER,0,0,完投,8,0,1967,91193802,秋本　祐作,年度|所属球団|登板|勝利|敗北|セーブ|H|HP|完投|完封勝|無四球|勝率|打者|投球回|安打|本塁打|四球|死球|三振|暴投|ボーク|失点|自責点|防御率,1967|阪　急|27|1|0||||0|0|0|1.000|200|47 .2|47|.2|46|2|15|4|25|0|0|22|20|3.75,_data\master_csv__rescrape_staging\pitching_1967_PL_from_master.csv,2
CSV_ER,ER,0,0,完封勝,9,0,1967,91193802,秋本　祐作,年度|所属球団|登板|勝利|敗北|セーブ|H|HP|完投|完封勝|無四球|勝率|打者|投球回|安打|本塁打|四球|死球|三振|暴投|ボーク|失点|自責点|防御率,1967|阪　急|27|1|0||||0|0|0|1.000|200|47 .2|47|.2|46|2|15|4|25|0|0|22|20|3.75,_data\master_csv__rescrape_staging\pitching_1967_PL_from_master.csv,2
CSV_ER,ER,0,0,無四球,10,0,1967,91193802,秋本　祐作,年度|所属球団|登板|勝利|敗北|セーブ|H|HP|完投|完封勝|無四球|勝率|打者|投球回|安打|本塁打|四球|死球|三振|暴投|ボーク|失点|自責点|防御率,1967|阪　急|27|1|0||||0|0|0|1.000|200|47 .2|47|.2|46|2|15|4|25|0|0|22|20|3.75,_data\master_csv__rescrape_staging\pitching_1967_PL_from_master.csv,2
CSV_ER,ER,0,0,失点,21,0,1967,91193802,秋本　祐作,年度|所属球団|登板|勝利|敗北|セーブ|H|HP|完投|完封勝|無四球|勝率|打者|投球回|安打|本塁打|四球|死球|三振|暴投|ボーク|失点|自責点|防御率,1967|阪　急|27|1|0||||0|0|0|1.000|200|47 .2|47|.2|46|2|15|4|25|0|0|22|20|3.75,_data\master_csv__rescrape_staging\pitching_1967_PL_from_master.csv,2
CSV_ER,ER,0,0,自責点,22,0,1967,91193802,秋本　祐作,年度|所属球団|登板|勝利|敗北|セーブ|H|HP|完投|完封勝|無四球|勝率|打者|投球回|安打|本塁打|四球|死球|三振|暴投|ボーク|失点|自責点|防御率,1967|阪　急|27|1|0||||0|0|0|1.000|200|47 .2|47|.2|46|2|15|4|25|0|0|22|20|3.75,_data\master_csv__rescrape_staging\pitching_1967_PL_from_master.csv,2
CSV_ER,ER,0,0,index_5,5,0,1967,91193802,秋本　祐作,,1967|阪　急|28|5|4|0|0|0|0|0|0|0|0|0|0|0|1|0|4|0|.000|.000|.200,_data\master_csv__rescrape_staging\pitching_1967_PL_from_master.csv,2
CSV_ER,ER,0,0,index_6,6,0,1967,91193802,秋本　祐作,,1967|阪　急|28|5|4|0|0|0|0|0|0|0|0|0|0|0|1|0|4|0|.000|.000|.200,_data\master_csv__rescrape_staging\pitching_1967_PL_from_master.csv,2
CSV_ER,ER,0,0,index_7,7,0,1967,91193802,秋本　祐作,,1967|阪　急|28|5|4|0|0|0|0|0|0|0|0|0|0|0|1|0|4|0|.000|.000|.200,_data\master_csv__rescrape_staging\pitching_1967_PL_from_master.csv,2
CSV_ER,ER,0,0,index_8,8,0,1967,91193802,秋本　祐作,,1967|阪　急|28|5|4|0|0|0|0|0|0|0|0|0|0|0|1|0|4|0|.000|.000|.200,_data\master_csv__rescrape_staging\pitching_1967_PL_from_master.csv,2
CSV_ER,ER,0,0,index_9,9,0,1967,91193802,秋本　祐作,,1967|阪　急|28|5|4|0|0|0|0|0|0|0|0|0|0|0|1|0|4|0|.000|.000|.200,_data\master_csv__rescrape_staging\pitching_1967_PL_from_master.csv,2
CSV_ER,ER,0,0,index_10,10,0,1967,91193802,秋本　祐作,,1967|阪　急|28|5|4|0|0|0|0|0|0|0|0|0|0|0|1|0|4|0|.000|.000|.200,_data\master_csv__rescrape_staging\pitching_1967_PL_from_master.csv,2
CSV_ER,ER,0,0,index_11,11,0,1967,91193802,秋本　祐作,,1967|阪　急|28|5|4|0|0|0|0|0|0|0|0|0|0|0|1|0|4|0|.000|.000|.200,_data\master_csv__rescrape_staging\pitching_1967_PL_from_master.csv,2
CSV_ER,ER,0,0,index_12,12,0,1967,91193802,秋本　祐作,,1967|阪　急|28|5|4|0|0|0|0|0|0|0|0|0|0|0|1|0|4|0|.000|.000|.200,_data\master_csv__rescrape_staging\pitching_1967_PL_from_master.csv,2
CSV_ER,ER,0,0,index_13,13,0,1967,91193802,秋本　祐作,,1967|阪　急|28|5|4|0|0|0|0|0|0|0|0|0|0|0|1|0|4|0|.000|.000|.200,_data\master_csv__rescrape_staging\pitching_1967_PL_from_master.csv,2
CSV_ER,ER,0,0,index_14,14,0,1967,91193802,秋本　祐作,,1967|阪　急|28|5|4|0|0|0|0|0|0|0|0|0|0|0|1|0|4|0|.000|.000|.200,_data\master_csv__rescrape_staging\pitching_1967_PL_from_master.csv,2
CSV_ER,ER,0,0,index_15,15,0,1967,91193802,秋本　祐作,,1967|阪　急|28|5|4|0|0|0|0|0|0|0|0|0|0|0|1|0|4|0|.000|.000|.200,_data\master_csv__rescrape_staging\pitching_1967_PL_from_master.csv,2
CSV_ER,ER,0,0,index_17,17,0,1967,91193802,秋本　祐作,,1967|阪　急|28|5|4|0|0|0|0|0|0|0|0|0|0|0|1|0|4|0|.000|.000|.200,_data\master_csv__rescrape_staging\pitching_1967_PL_from_master.csv,2
CSV_ER,ER,0,0,index_19,19,0,1967,91193802,秋本　祐作,,1967|阪　急|28|5|4|0|0|0|0|0|0|0|0|0|0|0|1|0|4|0|.000|.000|.200,_data\master_csv__rescrape_staging\pitching_1967_PL_from_master.csv,2
CSV_ER,ER,0,0,index_20,20,.000,1967,91193802,秋本　祐作,,1967|阪　急|28|5|4|0|0|0|0|0|0|0|0|0|0|0|1|0|4|0|.000|.000|.200,_data\master_csv__rescrape_staging\pitching_1967_PL_from_master.csv,2
CSV_ER,ER,0,0,index_21,21,.000,1967,91193802,秋本　祐作,,1967|阪　急|28|5|4|0|0|0|0|0|0|0|0|0|0|0|1|0|4|0|.000|.000|.200,_data\master_csv__rescrape_staging\pitching_1967_PL_from_master.csv,2
CSV_ERA,ERA,22.0,22,防御率,23,22,1967,91193802,秋本　祐作,年度|所属球団|登板|勝利|敗北|セーブ|H|HP|完投|完封勝|無四球|勝率|打者|投球回|安打|本塁打|四球|死球|三振|暴投|ボーク|失点|自責点|防御率,1967|阪　急|27|1|0||||0|0|0|1.000|200|47 .2|47|.2|46|2|15|4|25|0|0|22|20|3.75,_data\master_csv__rescrape_staging\pitching_1967_PL_from_master.csv,2
CSV_IP,IP,268.0,268,投球回,13,268,1967,71173808,足立　光宏,年度|所属球団|登板|勝利|敗北|セーブ|H|HP|完投|完封勝|無四球|勝率|打者|投球回|安打|本塁打|四球|死球|三振|暴投|ボーク|失点|自責点|防御率,1967|阪　急|43|20|10||||17|5|1|.667|1042|268|268||191|13|60|9|130|0|0|65|52|1.75,_data\master_csv__rescrape_staging\pitching_1967_PL_from_master.csv,3
CSV_IP,IP,268.0,268,安打,14,268,1967,71173808,足立　光宏,年度|所属球団|登板|勝利|敗北|セーブ|H|HP|完投|完封勝|無四球|勝率|打者|投球回|安打|本塁打|四球|死球|三振|暴投|ボーク|失点|自責点|防御率,1967|阪　急|43|20|10||||17|5|1|.667|1042|268|268||191|13|60|9|130|0|0|65|52|1.75,_data\master_csv__rescrape_staging\pitching_1967_PL_from_master.csv,3
CSV_ER,ER,0,0,失点,21,0,1967,71173808,足立　光宏,年度|所属球団|登板|勝利|敗北|セーブ|H|HP|完投|完封勝|無四球|勝率|打者|投球回|安打|本塁打|四球|死球|三振|暴投|ボーク|失点|自責点|防御率,1967|阪　急|43|20|10||||17|5|1|.667|1042|268|268||191|13|60|9|130|0|0|65|52|1.75,_data\master_csv__rescrape_staging\pitching_1967_PL_from_master.csv,3
CSV_ER,ER,0,0,自責点,22,0,1967,71173808,足立　光宏,年度|所属球団|登板|勝利|敗北|セーブ|H|HP|完投|完封勝|無四球|勝率|打者|投球回|安打|本塁打|四球|死球|三振|暴投|ボーク|失点|自責点|防御率,1967|阪　急|43|20|10||||17|5|1|.667|1042|268|268||191|13|60|9|130|0|0|65|52|1.75,_data\master_csv__rescrape_staging\pitching_1967_PL_from_master.csv,3
CSV_ER,ER,0,0,index_8,8,0,1967,71173808,足立　光宏,,1967|阪　急|44|93|86|6|10|3|0|0|13|2|0|0|3|1|3|0|27|2|.116|.151|.146,_data\master_csv__rescrape_staging\pitching_1967_PL_from_master.csv,3
CSV_ER,ER,0,0,index_9,9,0,1967,71173808,足立　光宏,,1967|阪　急|44|93|86|6|10|3|0|0|13|2|0|0|3|1|3|0|27|2|.116|.151|.146,_data\master_csv__rescrape_staging\pitching_1967_PL_from_master.csv,3
CSV_ER,ER,0,0,index_12,12,0,1967,71173808,足立　光宏,,1967|阪　急|44|93|86|6|10|3|0|0|13|2|0|0|3|1|3|0|27|2|.116|.151|.146,_data\master_csv__rescrape_staging\pitching_1967_PL_from_master.csv,3
CSV_ER,ER,0,0,index_13,13,0,1967,71173808,足立　光宏,,1967|阪　急|44|93|86|6|10|3|0|0|13|2|0|0|3|1|3|0|27|2|.116|.151|.146,_data\master_csv__rescrape_staging\pitching_1967_PL_from_master.csv,3
CSV_ER,ER,0,0,index_17,17,0,1967,71173808,足立　光宏,,1967|阪　急|44|93|86|6|10|3|0|0|13|2|0|0|3|1|3|0|27|2|.116|.151|.146,_data\master_csv__rescrape_staging\pitching_1967_PL_from_master.csv,3
CSV_ERA,ERA,65.0,65,防御率,23,65,1967,71173808,足立　光宏,年度|所属球団|登板|勝利|敗北|セーブ|H|HP|完投|完封勝|無四球|勝率|打者|投球回|安打|本塁打|四球|死球|三振|暴投|ボーク|失点|自責点|防御率,1967|阪　急|43|20|10||||17|5|1|.667|1042|268|268||191|13|60|9|130|0|0|65|52|1.75,_data\master_csv__rescrape_staging\pitching_1967_PL_from_master.csv,3
CSV_ER,ER,0,0,無四球,10,0,1967,41143806,石井　茂雄,年度|所属球団|登板|勝利|敗北|セーブ|H|HP|完投|完封勝|無四球|勝率|打者|投球回|安打|本塁打|四球|死球|三振|暴投|ボーク|失点|自責点|防御率,1967|阪　急|36|9|4||||5|1|0|.692|561|134 .2|134|.2|138|8|27|5|47|1|0|67|56|3.73,_data\master_csv__rescrape_staging\pitching_1967_PL_from_master.csv,4
CSV_ER,ER,0,0,自責点,22,0,1967,41143806,石井　茂雄,年度|所属球団|登板|勝利|敗北|セーブ|H|HP|完投|完封勝|無四球|勝率|打者|投球回|安打|本塁打|四球|死球|三振|暴投|ボーク|失点|自責点|防御率,1967|阪　急|36|9|4||||5|1|0|.692|561|134 .2|134|.2|138|8|27|5|47|1|0|67|56|3.73,_data\master_csv__rescrape_staging\pitching_1967_PL_from_master.csv,4
CSV_ER,ER,0,0,index_8,8,0,1967,41143806,石井　茂雄,,1967|阪　急|36|39|35|5|14|1|0|2|21|6|0|0|0|1|3|0|11|0|.400|.600|.447,_data\master_csv__rescrape_staging\pitching_1967_PL_from_master.csv,4
CSV_ER,ER,0,0,index_12,12,0,1967,41143806,石井　茂雄,,1967|阪　急|36|39|35|5|14|1|0|2|21|6|0|0|0|1|3|0|11|0|.400|.600|.447,_data\master_csv__rescrape_staging\pitching_1967_PL_from_master.csv,4
CSV_ER,ER,0,0,index_13,13,0,1967,41143806,石井　茂雄,,1967|阪　急|36|39|35|5|14|1|0|2|21|6|0|0|0|1|3|0|11|0|.400|.600|.447,_data\master_csv__rescrape_staging\pitching_1967_PL_from_master.csv,4
CSV_ER,ER,0,0,index_14,14,0,1967,41143806,石井　茂雄,,1967|阪　急|36|39|35|5|14|1|0|2|21|6|0|0|0|1|3|0|11|0|.400|.600|.447,_data\master_csv__rescrape_staging\pitching_1967_PL_from_master.csv,4
CSV_ER,ER,0,0,index_17,17,0,1967,41143806,石井　茂雄,,1967|阪　急|36|39|35|5|14|1|0|2|21|6|0|0|0|1|3|0|11|0|.400|.600|.447,_data\master_csv__rescrape_staging\pitching_1967_PL_from_master.csv,4
CSV_ER,ER,0,0,index_19,19,0,1967,41143806,石井　茂雄,,1967|阪　急|36|39|35|5|14|1|0|2|21|6|0|0|0|1|3|0|11|0|.400|.600|.447,_data\master_csv__rescrape_staging\pitching_1967_PL_from_master.csv,4
CSV_ERA,ERA,67.0,67,防御率,23,67,1967,41143806,石井　茂雄,年度|所属球団|登板|勝利|敗北|セーブ|H|HP|完投|完封勝|無四球|勝率|打者|投球回|安打|本塁打|四球|死球|三振|暴投|ボーク|失点|自責点|防御率,1967|阪　急|36|9|4||||5|1|0|.692|561|134 .2|134|.2|138|8|27|5|47|1|0|67|56|3.73,_data\master_csv__rescrape_staging\pitching_1967_PL_from_master.csv,4
CSV_ER,ER,0,0,完投,8,0,1967,41343808,大石　清,年度|所属球団|登板|勝利|敗北|セーブ|H|HP|完投|完封勝|無四球|勝率|打者|投球回|安打|本塁打|四球|死球|三振|暴投|ボーク|失点|自責点|防御率,1967|阪　急|47|5|8||||0|0|0|.385|448|111 .1|111|.1|87|12|41|4|77|1|0|35|32|2.59,_data\master_csv__rescrape_staging\pitching_1967_PL_from_master.csv,5
CSV_ER,ER,0,0,完封勝,9,0,1967,41343808,大石　清,年度|所属球団|登板|勝利|敗北|セーブ|H|HP|完投|完封勝|無四球|勝率|打者|投球回|安打|本塁打|四球|死球|三振|暴投|ボーク|失点|自責点|防御率,1967|阪　急|47|5|8||||0|0|0|.385|448|111 .1|111|.1|87|12|41|4|77|1|0|35|32|2.59,_data\master_csv__rescrape_staging\pitching_1967_PL_from_master.csv,5
CSV_ER,ER,0,0,無四球,10,0,1967,41343808,大石　清,年度|所属球団|登板|勝利|敗北|セーブ|H|HP|完投|完封勝|無四球|勝率|打者|投球回|安打|本塁打|四球|死球|三振|暴投|ボーク|失点|自責点|防御率,1967|阪　急|47|5|8||||0|0|0|.385|448|111 .1|111|.1|87|12|41|4|77|1|0|35|32|2.59,_data\master_csv__rescrape_staging\pitching_1967_PL_from_master.csv,5
CSV_ER,ER,0,0,自責点,22,0,1967,41343808,大石　清,年度|所属球団|登板|勝利|敗北|セーブ|H|HP|完投|完封勝|無四球|勝率|打者|投球回|安打|本塁打|四球|死球|三振|暴投|ボーク|失点|自責点|防御率,1967|阪　急|47|5|8||||0|0|0|.385|448|111 .1|111|.1|87|12|41|4|77|1|0|35|32|2.59,_data\master_csv__rescrape_staging\pitching_1967_PL_from_master.csv,5
CSV_ER,ER,0,0,index_7,7,0,1967,41343808,大石　清,,1967|阪　急|47|21|18|1|3|0|0|0|3|1|0|0|1|0|2|0|7|0|.167|.167|.250,_data\master_csv__rescrape_staging\pitching_1967_PL_from_master.csv,5
CSV_ER,ER,0,0,index_8,8,0,1967,41343808,大石　清,,1967|阪　急|47|21|18|1|3|0|0|0|3|1|0|0|1|0|2|0|7|0|.167|.167|.250,_data\master_csv__rescrape_staging\pitching_1967_PL_from_master.csv,5
CSV_ER,ER,0,0,index_9,9,0,1967,41343808,大石　清,,1967|阪　急|47|21|18|1|3|0|0|0|3|1|0|0|1|0|2|0|7|0|.167|.167|.250,_data\master_csv__rescrape_staging\pitching_1967_PL_from_master.csv,5
CSV_ER,ER,0,0,index_12,12,0,1967,41343808,大石　清,,1967|阪　急|47|21|18|1|3|0|0|0|3|1|0|0|1|0|2|0|7|0|.167|.167|.250,_data\master_csv__rescrape_staging\pitching_1967_PL_from_master.csv,5
CSV_ER,ER,0,0,index_13,13,0,1967,41343808,大石　清,,1967|阪　急|47|21|18|1|3|0|0|0|3|1|0|0|1|0|2|0|7|0|.167|.167|.250,_data\master_csv__rescrape_staging\pitching_1967_PL_from_master.csv,5
CSV_ER,ER,0,0,index_15,15,0,1967,41343808,大石　清,,1967|阪　急|47|21|18|1|3|0|0|0|3|1|0|0|1|0|2|0|7|0|.167|.167|.250,_data\master_csv__rescrape_staging\pitching_1967_PL_from_master.csv,5
CSV_ER,ER,0,0,index_17,17,0,1967,41343808,大石　清,,1967|阪　急|47|21|18|1|3|0|0|0|3|1|0|0|1|0|2|0|7|0|.167|.167|.250,_data\master_csv__rescrape_staging\pitching_1967_PL_from_master.csv,5
CSV_ER,ER,0,0,index_19,19,0,1967,41343808,大石　清,,1967|阪　急|47|21|18|1|3|0|0|0|3|1|0|0|1|0|2|0|7|0|.167|.167|.250,_data\master_csv__rescrape_staging\pitching_1967_PL_from_master.csv,5
CSV_ERA,ERA,35.0,35,防御率,23,35,1967,41343808,大石　清,年度|所属球団|登板|勝利|敗北|セーブ|H|HP|完投|完封勝|無四球|勝率|打者|投球回|安打|本塁打|四球|死球|三振|暴投|ボーク|失点|自責点|防御率,1967|阪　急|47|5|8||||0|0|0|.385|448|111 .1|111|.1|87|12|41|4|77|1|0|35|32|2.59,_data\master_csv__rescrape_staging\pitching_1967_PL_from_master.csv,5
CSV_ER,ER,0,0,自責点,22,0,1967,91793809,梶本　隆夫,年度|所属球団|登板|勝利|敗北|セーブ|H|HP|完投|完封勝|無四球|勝率|打者|投球回|安打|本塁打|四球|死球|三振|暴投|ボーク|失点|自責点|防御率,1967|阪　急|37|15|9||||9|3|2|.625|786|188 .1|188|.1|167|11|70|4|136|5|0|58|51|2.44,_data\master_csv__rescrape_staging\pitching_1967_PL_from_master.csv,6
CSV_ER,ER,0,0,index_8,8,0,1967,91793809,梶本　隆夫,,1967|阪　急|39|73|69|7|17|2|0|1|22|6|0|0|2|0|1|1|15|1|.246|.319|.268,_data\master_csv__rescrape_staging\pitching_1967_PL_from_master.csv,6
CSV_ER,ER,0,0,index_12,12,0,1967,91793809,梶本　隆夫,,1967|阪　急|39|73|69|7|17|2|0|1|22|6|0|0|2|0|1|1|15|1|.246|.319|.268,_data\master_csv__rescrape_staging\pitching_1967_PL_from_master.csv,6
CSV_ER,ER,0,0,index_13,13,0,1967,91793809,梶本　隆夫,,1967|阪　急|39|73|69|7|17|2|0|1|22|6|0|0|2|0|1|1|15|1|.246|.319|.268,_data\master_csv__rescrape_staging\pitching_1967_PL_from_master.csv,6
CSV_ER,ER,0,0,index_15,15,0,1967,91793809,梶本　隆夫,,1967|阪　急|39|73|69|7|17|2|0|1|22|6|0|0|2|0|1|1|15|1|.246|.319|.268,_data\master_csv__rescrape_staging\pitching_1967_PL_from_master.csv,6
CSV_ERA,ERA,58.0,58,防御率,23,58,1967,91793809,梶本　隆夫,年度|所属球団|登板|勝利|敗北|セーブ|H|HP|完投|完封勝|無四球|勝率|打者|投球回|安打|本塁打|四球|死球|三振|暴投|ボーク|失点|自責点|防御率,1967|阪　急|37|15|9||||9|3|2|.625|786|188 .1|188|.1|167|11|70|4|136|5|0|58|51|2.44,_data\master_csv__rescrape_staging\pitching_1967_PL_from_master.csv,6
CSV_ER,ER,0,0,完封勝,9,0,1968,71073801,金田　正一,年度|所属球団|登板|勝利|敗北|セーブ|H|HP|完投|完封勝|無四球|勝率|打者|投球回|安打|本塁打|四球|死球|三振|暴投|ボーク|失点|自責点|防御率,1968|読　売|32|11|10||||4|0|0|.524|585|138 .1|138|.1|122|21|71|0|87|3|0|57|53|3.46,_data\master_csv__rescrape_staging\pitching_1968_CL_from_master.csv,3
CSV_ER,ER,0,0,無四球,10,0,1968,71073801,金田　正一,年度|所属球団|登板|勝利|敗北|セーブ|H|HP|完投|完封勝|無四球|勝率|打者|投球回|安打|本塁打|四球|死球|三振|暴投|ボーク|失点|自責点|防御率,1968|読　売|32|11|10||||4|0|0|.524|585|138 .1|138|.1|122|21|71|0|87|3|0|57|53|3.46,_data\master_csv__rescrape_staging\pitching_1968_CL_from_master.csv,3
CSV_ER,ER,0,0,暴投,19,0,1968,71073801,金田　正一,年度|所属球団|登板|勝利|敗北|セーブ|H|HP|完投|完封勝|無四球|勝率|打者|投球回|安打|本塁打|四球|死球|三振|暴投|ボーク|失点|自責点|防御率,1968|読　売|32|11|10||||4|0|0|.524|585|138 .1|138|.1|122|21|71|0|87|3|0|57|53|3.46,_data\master_csv__rescrape_staging\pitching_1968_CL_from_master.csv,3
CSV_ER,ER,0,0,自責点,22,0,1968,71073801,金田　正一,年度|所属球団|登板|勝利|敗北|セーブ|H|HP|完投|完封勝|無四球|勝率|打者|投球回|安打|本塁打|四球|死球|三振|暴投|ボーク|失点|自責点|防御率,1968|読　売|32|11|10||||4|0|0|.524|585|138 .1|138|.1|122|21|71|0|87|3|0|57|53|3.46,_data\master_csv__rescrape_staging\pitching_1968_CL_from_master.csv,3
CSV_ER,ER,0,0,index_7,7,0,1968,71073801,金田　正一,,1968|読　売|52|78|76|3|19|0|0|1|22|7|0|0|0|1|0|1|13|3|.250|.289|,_data\master_csv__rescrape_staging\pitching_1968_CL_from_master.csv,3
CSV_ER,ER,0,0,index_8,8,0,1968,71073801,金田　正一,,1968|読　売|52|78|76|3|19|0|0|1|22|7|0|0|0|1|0|1|13|3|.250|.289|,_data\master_csv__rescrape_staging\pitching_1968_CL_from_master.csv,3
CSV_ER,ER,0,0,index_12,12,0,1968,71073801,金田　正一,,1968|読　売|52|78|76|3|19|0|0|1|22|7|0|0|0|1|0|1|13|3|.250|.289|,_data\master_csv__rescrape_staging\pitching_1968_CL_from_master.csv,3
CSV_ER,ER,0,0,index_13,13,0,1968,71073801,金田　正一,,1968|読　売|52|78|76|3|19|0|0|1|22|7|0|0|0|1|0|1|13|3|.250|.289|,_data\master_csv__rescrape_staging\pitching_1968_CL_from_master.csv,3
CSV_ER,ER,0,0,index_14,14,0,1968,71073801,金田　正一,,1968|読　売|52|78|76|3|19|0|0|1|22|7|0|0|0|1|0|1|13|3|.250|.289|,_data\master_csv__rescrape_staging\pitching_1968_CL_from_master.csv,3
CSV_ER,ER,0,0,index_16,16,0,1968,71073801,金田　正一,,1968|読　売|52|78|76|3|19|0|0|1|22|7|0|0|0|1|0|1|13|3|.250|.289|,_data\master_csv__rescrape_staging\pitching_1968_CL_from_master.csv,3
CSV_ERA,ERA,57.0,57,防御率,23,57,1968,71073801,金田　正一,年度|所属球団|登板|勝利|敗北|セーブ|H|HP|完投|完封勝|無四球|勝率|打者|投球回|安打|本塁打|四球|死球|三振|暴投|ボーク|失点|自責点|防御率,1968|読　売|32|11|10||||4|0|0|.524|585|138 .1|138|.1|122|21|71|0|87|3|0|57|53|3.46,_data\master_csv__rescrape_staging\pitching_1968_CL_from_master.csv,3
CSV_ER,ER,1,1,完封勝,9,1,1968,91593820,倉田　誠,年度|所属球団|登板|勝利|敗北|セーブ|H|HP|完投|完封勝|無四球|勝率|打者|投球回|安打|本塁打|四球|死球|三振|暴投|ボーク|失点|自責点|防御率,1968|読　売|21|6|5||||4|1|0|.545|389|96 .2|96|.2|68|10|43|2|54|7|1|38|36|3.34,_data\master_csv__rescrape_staging\pitching_1968_CL_from_master.csv,4
CSV_ER,ER,1,1,自責点,22,1,1968,91593820,倉田　誠,年度|所属球団|登板|勝利|敗北|セーブ|H|HP|完投|完封勝|無四球|勝率|打者|投球回|安打|本塁打|四球|死球|三振|暴投|ボーク|失点|自責点|防御率,1968|読　売|21|6|5||||4|1|0|.545|389|96 .2|96|.2|68|10|43|2|54|7|1|38|36|3.34,_data\master_csv__rescrape_staging\pitching_1968_CL_from_master.csv,4
CSV_ER,ER,1,1,index_7,7,1,1968,91593820,倉田　誠,,1968|読　売|21|39|34|2|3|1|0|0|4|0|0|0|3|0|2|0|20|1|.088|.118|,_data\master_csv__rescrape_staging\pitching_1968_CL_from_master.csv,4
CSV_ER,ER,1,1,index_19,19,1,1968,91593820,倉田　誠,,1968|読　売|21|39|34|2|3|1|0|0|4|0|0|0|3|0|2|0|20|1|.088|.118|,_data\master_csv__rescrape_staging\pitching_1968_CL_from_master.csv,4
CSV_ERA,ERA,38.0,38,防御率,23,38,1968,91593820,倉田　誠,年度|所属球団|登板|勝利|敗北|セーブ|H|HP|完投|完封勝|無四球|勝率|打者|投球回|安打|本塁打|四球|死球|三振|暴投|ボーク|失点|自責点|防御率,1968|読　売|21|6|5||||4|1|0|.545|389|96 .2|96|.2|68|10|43|2|54|7|1|38|36|3.34,_data\master_csv__rescrape_staging\pitching_1968_CL_from_master.csv,4
CSV_IP,IP,42.0,42,投球回,13,42,1968,31733821,嵯峨　健四郎,年度|所属球団|登板|勝利|敗北|セーブ|H|HP|完投|完封勝|無四球|勝率|打者|投球回|安打|本塁打|四球|死球|三振|暴投|ボーク|失点|自責点|防御率,1968|読　売|14|2|0||||1|1|0|1.000|180|42|42||38|7|19|2|26|1|0|22|20|4.29,_data\master_csv__rescrape_staging\pitching_1968_CL_from_master.csv,5
CSV_IP,IP,42.0,42,安打,14,42,1968,31733821,嵯峨　健四郎,年度|所属球団|登板|勝利|敗北|セーブ|H|HP|完投|完封勝|無四球|勝率|打者|投球回|安打|本塁打|四球|死球|三振|暴投|ボーク|失点|自責点|防御率,1968|読　売|14|2|0||||1|1|0|1.000|180|42|42||38|7|19|2|26|1|0|22|20|4.29,_data\master_csv__rescrape_staging\pitching_1968_CL_from_master.csv,5
CSV_ER,ER,0,0,敗北,4,0,1968,31733821,嵯峨　健四郎,年度|所属球団|登板|勝利|敗北|セーブ|H|HP|完投|完封勝|無四球|勝率|打者|投球回|安打|本塁打|四球|死球|三振|暴投|ボーク|失点|自責点|防御率,1968|読　売|14|2|0||||1|1|0|1.000|180|42|42||38|7|19|2|26|1|0|22|20|4.29,_data\master_csv__rescrape_staging\pitching_1968_CL_from_master.csv,5
CSV_ER,ER,0,0,無四球,10,0,1968,31733821,嵯峨　健四郎,年度|所属球団|登板|勝利|敗北|セーブ|H|HP|完投|完封勝|無四球|勝率|打者|投球回|安打|本塁打|四球|死球|三振|暴投|ボーク|失点|自責点|防御率,1968|読　売|14|2|0||||1|1|0|1.000|180|42|42||38|7|19|2|26|1|0|22|20|4.29,_data\master_csv__rescrape_staging\pitching_1968_CL_from_master.csv,5
CSV_ER,ER,0,0,自責点,22,0,1968,31733821,嵯峨　健四郎,年度|所属球団|登板|勝利|敗北|セーブ|H|HP|完投|完封勝|無四球|勝率|打者|投球回|安打|本塁打|四球|死球|三振|暴投|ボーク|失点|自責点|防御率,1968|読　売|14|2|0||||1|1|0|1.000|180|42|42||38|7|19|2|26|1|0|22|20|4.29,_data\master_csv__rescrape_staging\pitching_1968_CL_from_master.csv,5
CSV_ER,ER,0,0,index_7,7,0,1968,31733821,嵯峨　健四郎,,1968|読　売|14|12|11|1|1|0|0|0|1|0|0|0|1|0|0|0|4|1|.091|.091|,_data\master_csv__rescrape_staging\pitching_1968_CL_from_master.csv,5
CSV_ER,ER,0,0,index_8,8,0,1968,31733821,嵯峨　健四郎,,1968|読　売|14|12|11|1|1|0|0|0|1|0|0|0|1|0|0|0|4|1|.091|.091|,_data\master_csv__rescrape_staging\pitching_1968_CL_from_master.csv,5
CSV_ER,ER,0,0,index_9,9,0,1968,31733821,嵯峨　健四郎,,1968|読　売|14|12|11|1|1|0|0|0|1|0|0|0|1|0|0|0|4|1|.091|.091|,_data\master_csv__rescrape_staging\pitching_1968_CL_from_master.csv,5
CSV_ER,ER,0,0,index_11,11,0,1968,31733821,嵯峨　健四郎,,1968|読　売|14|12|11|1|1|0|0|0|1|0|0|0|1|0|0|0|4|1|.091|.091|,_data\master_csv__rescrape_staging\pitching_1968_CL_from_master.csv,5
CSV_ER,ER,0,0,index_12,12,0,1968,31733821,嵯峨　健四郎,,1968|読　売|14|12|11|1|1|0|0|0|1|0|0|0|1|0|0|0|4|1|.091|.091|,_data\master_csv__rescrape_staging\pitching_1968_CL_from_master.csv,5
CSV_ER,ER,0,0,index_13,13,0,1968,31733821,嵯峨　健四郎,,1968|読　売|14|12|11|1|1|0|0|0|1|0|0|0|1|0|0|0|4|1|.091|.091|,_data\master_csv__rescrape_staging\pitching_1968_CL_from_master.csv,5
CSV_ER,ER,0,0,index_15,15,0,1968,31733821,嵯峨　健四郎,,1968|読　売|14|12|11|1|1|0|0|0|1|0|0|0|1|0|0|0|4|1|.091|.091|,_data\master_csv__rescrape_staging\pitching_1968_CL_from_master.csv,5
CSV_ER,ER,0,0,index_16,16,0,1968,31733821,嵯峨　健四郎,,1968|読　売|14|12|11|1|1|0|0|0|1|0|0|0|1|0|0|0|4|1|.091|.091|,_data\master_csv__rescrape_staging\pitching_1968_CL_from_master.csv,5
CSV_ER,ER,0,0,index_17,17,0,1968,31733821,嵯峨　健四郎,,1968|読　売|14|12|11|1|1|0|0|0|1|0|0|0|1|0|0|0|4|1|.091|.091|,_data\master_csv__rescrape_staging\pitching_1968_CL_from_master.csv,5
CSV_ERA,ERA,22.0,22,防御率,23,22,1968,31733821,嵯峨　健四郎,年度|所属球団|登板|勝利|敗北|セーブ|H|HP|完投|完封勝|無四球|勝率|打者|投球回|安打|本塁打|四球|死球|三振|暴投|ボーク|失点|自責点|防御率,1968|読　売|14|2|0||||1|1|0|1.000|180|42|42||38|7|19|2|26|1|0|22|20|4.29,_data\master_csv__rescrape_staging\pitching_1968_CL_from_master.csv,5
CSV_IP,IP,162.0,162,投球回,13,162,1968,51053825,城之内　邦雄,年度|所属球団|登板|勝利|敗北|セーブ|H|HP|完投|完封勝|無四球|勝率|打者|投球回|安打|本塁打|四球|死球|三振|暴投|ボーク|失点|自責点|防御率,1968|読　売|30|11|7||||9|4|1|.611|654|162|162||147|19|40|6|83|0|0|63|55|3.06,_data\master_csv__rescrape_staging\pitching_1968_CL_from_master.csv,6
CSV_IP,IP,162.0,162,安打,14,162,1968,51053825,城之内　邦雄,年度|所属球団|登板|勝利|敗北|セーブ|H|HP|完投|完封勝|無四球|勝率|打者|投球回|安打|本塁打|四球|死球|三振|暴投|ボーク|失点|自責点|防御率,1968|読　売|30|11|7||||9|4|1|.611|654|162|162||147|19|40|6|83|0|0|63|55|3.06,_data\master_csv__rescrape_staging\pitching_1968_CL_from_master.csv,6
CSV_ER,ER,0,0,失点,21,0,1968,51053825,城之内　邦雄,年度|所属球団|登板|勝利|敗北|セーブ|H|HP|完投|完封勝|無四球|勝率|打者|投球回|安打|本塁打|四球|死球|三振|暴投|ボーク|失点|自責点|防御率,1968|読　売|30|11|7||||9|4|1|.611|654|162|162||147|19|40|6|83|0|0|63|55|3.06,_data\master_csv__rescrape_staging\pitching_1968_CL_from_master.csv,6
CSV_ER,ER,0,0,自責点,22,0,1968,51053825,城之内　邦雄,年度|所属球団|登板|勝利|敗北|セーブ|H|HP|完投|完封勝|無四球|勝率|打者|投球回|安打|本塁打|四球|死球|三振|暴投|ボーク|失点|自責点|防御率,1968|読　売|30|11|7||||9|4|1|.611|654|162|162||147|19|40|6|83|0|0|63|55|3.06,_data\master_csv__rescrape_staging\pitching_1968_CL_from_master.csv,6
CSV_ER,ER,0,0,index_9,9,0,1968,51053825,城之内　邦雄,,1968|読　売|30|64|59|3|7|1|1|0|10|3|0|0|4|0|1|0|31|1|.119|.169|,_data\master_csv__rescrape_staging\pitching_1968_CL_from_master.csv,6
CSV_ER,ER,0,0,index_12,12,0,1968,51053825,城之内　邦雄,,1968|読　売|30|64|59|3|7|1|1|0|10|3|0|0|4|0|1|0|31|1|.119|.169|,_data\master_csv__rescrape_staging\pitching_1968_CL_from_master.csv,6
CSV_ER,ER,0,0,index_13,13,0,1968,51053825,城之内　邦雄,,1968|読　売|30|64|59|3|7|1|1|0|10|3|0|0|4|0|1|0|31|1|.119|.169|,_data\master_csv__rescrape_staging\pitching_1968_CL_from_master.csv,6
CSV_ER,ER,0,0,index_15,15,0,1968,51053825,城之内　邦雄,,1968|読　売|30|64|59|3|7|1|1|0|10|3|0|0|4|0|1|0|31|1|.119|.169|,_data\master_csv__rescrape_staging\pitching_1968_CL_from_master.csv,6
CSV_ER,ER,0,0,index_17,17,0,1968,51053825,城之内　邦雄,,1968|読　売|30|64|59|3|7|1|1|0|10|3|0|0|4|0|1|0|31|1|.119|.169|,_data\master_csv__rescrape_staging\pitching_1968_CL_from_master.csv,6
CSV_ERA,ERA,63.0,63,防御率,23,63,1968,51053825,城之内　邦雄,年度|所属球団|登板|勝利|敗北|セーブ|H|HP|完投|完封勝|無四球|勝率|打者|投球回|安打|本塁打|四球|死球|三振|暴投|ボーク|失点|自責点|防御率,1968|読　売|30|11|7||||9|4|1|.611|654|162|162||147|19|40|6|83|0|0|63|55|3.06,_data\master_csv__rescrape_staging\pitching_1968_CL_from_master.csv,6
CSV_IP,IP,72.0,72,投球回,13,72,1968,81583822,菅原　勝矢,年度|所属球団|登板|勝利|敗北|セーブ|H|HP|完投|完封勝|無四球|勝率|打者|投球回|安打|本塁打|四球|死球|三振|暴投|ボーク|失点|自責点|防御率,1968|読　売|22|4|1||||1|1|0|.800|312|72|72||67|11|36|2|49|3|1|36|34|4.25,_data\master_csv__rescrape_staging\pitching_1968_CL_from_master.csv,7
CSV_IP,IP,72.0,72,安打,14,72,1968,81583822,菅原　勝矢,年度|所属球団|登板|勝利|敗北|セーブ|H|HP|完投|完封勝|無四球|勝率|打者|投球回|安打|本塁打|四球|死球|三振|暴投|ボーク|失点|自責点|防御率,1968|読　売|22|4|1||||1|1|0|.800|312|72|72||67|11|36|2|49|3|1|36|34|4.25,_data\master_csv__rescrape_staging\pitching_1968_CL_from_master.csv,7
CSV_ER,ER,1,1,敗北,4,1,1968,81583822,菅原　勝矢,年度|所属球団|登板|勝利|敗北|セーブ|H|HP|完投|完封勝|無四球|勝率|打者|投球回|安打|本塁打|四球|死球|三振|暴投|ボーク|失点|自責点|防御率,1968|読　売|22|4|1||||1|1|0|.800|312|72|72||67|11|36|2|49|3|1|36|34|4.25,_data\master_csv__rescrape_staging\pitching_1968_CL_from_master.csv,7
CSV_ER,ER,1,1,完投,8,1,1968,81583822,菅原　勝矢,年度|所属球団|登板|勝利|敗北|セーブ|H|HP|完投|完封勝|無四球|勝率|打者|投球回|安打|本塁打|四球|死球|三振|暴投|ボーク|失点|自責点|防御率,1968|読　売|22|4|1||||1|1|0|.800|312|72|72||67|11|36|2|49|3|1|36|34|4.25,_data\master_csv__rescrape_staging\pitching_1968_CL_from_master.csv,7
CSV_ER,ER,1,1,完封勝,9,1,1968,81583822,菅原　勝矢,年度|所属球団|登板|勝利|敗北|セーブ|H|HP|完投|完封勝|無四球|勝率|打者|投球回|安打|本塁打|四球|死球|三振|暴投|ボーク|失点|自責点|防御率,1968|読　売|22|4|1||||1|1|0|.800|312|72|72||67|11|36|2|49|3|1|36|34|4.25,_data\master_csv__rescrape_staging\pitching_1968_CL_from_master.csv,7
CSV_ER,ER,1,1,自責点,22,1,1968,81583822,菅原　勝矢,年度|所属球団|登板|勝利|敗北|セーブ|H|HP|完投|完封勝|無四球|勝率|打者|投球回|安打|本塁打|四球|死球|三振|暴投|ボーク|失点|自責点|防御率,1968|読　売|22|4|1||||1|1|0|.800|312|72|72||67|11|36|2|49|3|1|36|34|4.25,_data\master_csv__rescrape_staging\pitching_1968_CL_from_master.csv,7
CSV_ER,ER,1,1,index_5,5,1,1968,81583822,菅原　勝矢,,1968|読　売|22|27|24|1|1|0|0|0|1|1|0|0|3|0|0|0|19|0|.042|.042|,_data\master_csv__rescrape_staging\pitching_1968_CL_from_master.csv,7
CSV_ER,ER,1,1,index_6,6,1,1968,81583822,菅原　勝矢,,1968|読　売|22|27|24|1|1|0|0|0|1|1|0|0|3|0|0|0|19|0|.042|.042|,_data\master_csv__rescrape_staging\pitching_1968_CL_from_master.csv,7
CSV_ER,ER,1,1,index_10,10,1,1968,81583822,菅原　勝矢,,1968|読　売|22|27|24|1|1|0|0|0|1|1|0|0|3|0|0|0|19|0|.042|.042|,_data\master_csv__rescrape_staging\pitching_1968_CL_from_master.csv,7
CSV_ER,ER,1,1,index_11,11,1,1968,81583822,菅原　勝矢,,1968|読　売|22|27|24|1|1|0|0|0|1|1|0|0|3|0|0|0|19|0|.042|.042|,_data\master_csv__rescrape_staging\pitching_1968_CL_from_master.csv,7
CSV_ERA,ERA,36.0,36,三振,18,36,1968,81583822,菅原　勝矢,年度|所属球団|登板|勝利|敗北|セーブ|H|HP|完投|完封勝|無四球|勝率|打者|投球回|安打|本塁打|四球|死球|三振|暴投|ボーク|失点|自責点|防御率,1968|読　売|22|4|1||||1|1|0|.800|312|72|72||67|11|36|2|49|3|1|36|34|4.25,_data\master_csv__rescrape_staging\pitching_1968_CL_from_master.csv,7
CSV_ERA,ERA,36.0,36,防御率,23,36,1968,81583822,菅原　勝矢,年度|所属球団|登板|勝利|敗北|セーブ|H|HP|完投|完封勝|無四球|勝率|打者|投球回|安打|本塁打|四球|死球|三振|暴投|ボーク|失点|自責点|防御率,1968|読　売|22|4|1||||1|1|0|.800|312|72|72||67|11|36|2|49|3|1|36|34|4.25,_data\master_csv__rescrape_staging\pitching_1968_CL_from_master.csv,7
CSV_ER,ER,0,0,自責点,22,0,1968,41143806,石井　茂雄,年度|所属球団|登板|勝利|敗北|セーブ|H|HP|完投|完封勝|無四球|勝率|打者|投球回|安打|本塁打|四球|死球|三振|暴投|ボーク|失点|自責点|防御率,1968|阪　急|41|11|14||||7|4|2|.440|740|180 .2|180|.2|172|17|47|7|79|1|0|72|59|2.93,_data\master_csv__rescrape_staging\pitching_1968_PL_from_master.csv,4
CSV_ER,ER,0,0,index_8,8,0,1968,41143806,石井　茂雄,,1968|阪　急|41|59|54|3|8|2|0|0|10|2|0|0|3|1|0|1|16|0|.148|.185|.164,_data\master_csv__rescrape_staging\pitching_1968_PL_from_master.csv,4
CSV_ER,ER,0,0,index_9,9,0,1968,41143806,石井　茂雄,,1968|阪　急|41|59|54|3|8|2|0|0|10|2|0|0|3|1|0|1|16|0|.148|.185|.164,_data\master_csv__rescrape_staging\pitching_1968_PL_from_master.csv,4
CSV_ER,ER,0,0,index_12,12,0,1968,41143806,石井　茂雄,,1968|阪　急|41|59|54|3|8|2|0|0|10|2|0|0|3|1|0|1|16|0|.148|.185|.164,_data\master_csv__rescrape_staging\pitching_1968_PL_from_master.csv,4
CSV_ER,ER,0,0,index_13,13,0,1968,41143806,石井　茂雄,,1968|阪　急|41|59|54|3|8|2|0|0|10|2|0|0|3|1|0|1|16|0|.148|.185|.164,_data\master_csv__rescrape_staging\pitching_1968_PL_from_master.csv,4
CSV_ER,ER,0,0,index_16,16,0,1968,41143806,石井　茂雄,,1968|阪　急|41|59|54|3|8|2|0|0|10|2|0|0|3|1|0|1|16|0|.148|.185|.164,_data\master_csv__rescrape_staging\pitching_1968_PL_from_master.csv,4
CSV_ER,ER,0,0,index_19,19,0,1968,41143806,石井　茂雄,,1968|阪　急|41|59|54|3|8|2|0|0|10|2|0|0|3|1|0|1|16|0|.148|.185|.164,_data\master_csv__rescrape_staging\pitching_1968_PL_from_master.csv,4
CSV_ERA,ERA,72.0,72,防御率,23,72,1968,41143806,石井　茂雄,年度|所属球団|登板|勝利|敗北|セーブ|H|HP|完投|完封勝|無四球|勝率|打者|投球回|安打|本塁打|四球|死球|三振|暴投|ボーク|失点|自責点|防御率,1968|阪　急|41|11|14||||7|4|2|.440|740|180 .2|180|.2|172|17|47|7|79|1|0|72|59|2.93,_data\master_csv__rescrape_staging\pitching_1968_PL_from_master.csv,4
CSV_IP,IP,100.0,100,投球回,13,100,1968,41343808,大石　清,年度|所属球団|登板|勝利|敗北|セーブ|H|HP|完投|完封勝|無四球|勝率|打者|投球回|安打|本塁打|四球|死球|三振|暴投|ボーク|失点|自責点|防御率,1968|阪　急|48|10|3||||0|0|0|.769|412|100|100||87|11|35|4|71|0|0|33|30|2.70,_data\master_csv__rescrape_staging\pitching_1968_PL_from_master.csv,5
CSV_IP,IP,100.0,100,安打,14,100,1968,41343808,大石　清,年度|所属球団|登板|勝利|敗北|セーブ|H|HP|完投|完封勝|無四球|勝率|打者|投球回|安打|本塁打|四球|死球|三振|暴投|ボーク|失点|自責点|防御率,1968|阪　急|48|10|3||||0|0|0|.769|412|100|100||87|11|35|4|71|0|0|33|30|2.70,_data\master_csv__rescrape_staging\pitching_1968_PL_from_master.csv,5
CSV_ER,ER,0,0,完投,8,0,1968,41343808,大石　清,年度|所属球団|登板|勝利|敗北|セーブ|H|HP|完投|完封勝|無四球|勝率|打者|投球回|安打|本塁打|四球|死球|三振|暴投|ボーク|失点|自責点|防御率,1968|阪　急|48|10|3||||0|0|0|.769|412|100|100||87|11|35|4|71|0|0|33|30|2.70,_data\master_csv__rescrape_staging\pitching_1968_PL_from_master.csv,5
CSV_ER,ER,0,0,完封勝,9,0,1968,41343808,大石　清,年度|所属球団|登板|勝利|敗北|セーブ|H|HP|完投|完封勝|無四球|勝率|打者|投球回|安打|本塁打|四球|死球|三振|暴投|ボーク|失点|自責点|防御率,1968|阪　急|48|10|3||||0|0|0|.769|412|100|100||87|11|35|4|71|0|0|33|30|2.70,_data\master_csv__rescrape_staging\pitching_1968_PL_from_master.csv,5
CSV_ER,ER,0,0,無四球,10,0,1968,41343808,大石　清,年度|所属球団|登板|勝利|敗北|セーブ|H|HP|完投|完封勝|無四球|勝率|打者|投球回|安打|本塁打|四球|死球|三振|暴投|ボーク|失点|自責点|防御率,1968|阪　急|48|10|3||||0|0|0|.769|412|100|100||87|11|35|4|71|0|0|33|30|2.70,_data\master_csv__rescrape_staging\pitching_1968_PL_from_master.csv,5
CSV_ER,ER,0,0,失点,21,0,1968,41343808,大石　清,年度|所属球団|登板|勝利|敗北|セーブ|H|HP|完投|完封勝|無四球|勝率|打者|投球回|安打|本塁打|四球|死球|三振|暴投|ボーク|失点|自責点|防御率,1968|阪　急|48|10|3||||0|0|0|.769|412|100|100||87|11|35|4|71|0|0|33|30|2.70,_data\master_csv__rescrape_staging\pitching_1968_PL_from_master.csv,5
CSV_ER,ER,0,0,自責点,22,0,1968,41343808,大石　清,年度|所属球団|登板|勝利|敗北|セーブ|H|HP|完投|完封勝|無四球|勝率|打者|投球回|安打|本塁打|四球|死球|三振|暴投|ボーク|失点|自責点|防御率,1968|阪　急|48|10|3||||0|0|0|.769|412|100|100||87|11|35|4|71|0|0|33|30|2.70,_data\master_csv__rescrape_staging\pitching_1968_PL_from_master.csv,5
CSV_ER,ER,0,0,index_7,7,0,1968,41343808,大石　清,,1968|阪　急|48|18|18|1|4|0|0|0|4|2|0|0|0|0|0|0|7|0|.222|.222|.222,_data\master_csv__rescrape_staging\pitching_1968_PL_from_master.csv,5
CSV_ER,ER,0,0,index_8,8,0,1968,41343808,大石　清,,1968|阪　急|48|18|18|1|4|0|0|0|4|2|0|0|0|0|0|0|7|0|.222|.222|.222,_data\master_csv__rescrape_staging\pitching_1968_PL_from_master.csv,5
CSV_ER,ER,0,0,index_9,9,0,1968,41343808,大石　清,,1968|阪　急|48|18|18|1|4|0|0|0|4|2|0|0|0|0|0|0|7|0|.222|.222|.222,_data\master_csv__rescrape_staging\pitching_1968_PL_from_master.csv,5
CSV_ER,ER,0,0,index_12,12,0,1968,41343808,大石　清,,1968|阪　急|48|18|18|1|4|0|0|0|4|2|0|0|0|0|0|0|7|0|.222|.222|.222,_data\master_csv__rescrape_staging\pitching_1968_PL_from_master.csv,5
CSV_ER,ER,0,0,index_13,13,0,1968,41343808,大石　清,,1968|阪　急|48|18|18|1|4|0|0|0|4|2|0|0|0|0|0|0|7|0|.222|.222|.222,_data\master_csv__rescrape_staging\pitching_1968_PL_from_master.csv,5
CSV_ER,ER,0,0,index_14,14,0,1968,41343808,大石　清,,1968|阪　急|48|18|18|1|4|0|0|0|4|2|0|0|0|0|0|0|7|0|.222|.222|.222,_data\master_csv__rescrape_staging\pitching_1968_PL_from_master.csv,5
CSV_ER,ER,0,0,index_15,15,0,1968,41343808,大石　清,,1968|阪　急|48|18|18|1|4|0|0|0|4|2|0|0|0|0|0|0|7|0|.222|.222|.222,_data\master_csv__rescrape_staging\pitching_1968_PL_from_master.csv,5
CSV_ER,ER,0,0,index_16,16,0,1968,41343808,大石　清,,1968|阪　急|48|18|18|1|4|0|0|0|4|2|0|0|0|0|0|0|7|0|.222|.222|.222,_data\master_csv__rescrape_staging\pitching_1968_PL_from_master.csv,5
CSV_ER,ER,0,0,index_17,17,0,1968,41343808,大石　清,,1968|阪　急|48|18|18|1|4|0|0|0|4|2|0|0|0|0|0|0|7|0|.222|.222|.222,_data\master_csv__rescrape_staging\pitching_1968_PL_from_master.csv,5
CSV_ER,ER,0,0,index_19,19,0,1968,41343808,大石　清,,1968|阪　急|48|18|18|1|4|0|0|0|4|2|0|0|0|0|0|0|7|0|.222|.222|.222,_data\master_csv__rescrape_staging\pitching_1968_PL_from_master.csv,5
CSV_ERA,ERA,33.0,33,防御率,23,33,1968,41343808,大石　清,年度|所属球団|登板|勝利|敗北|セーブ|H|HP|完投|完封勝|無四球|勝率|打者|投球回|安打|本塁打|四球|死球|三振|暴投|ボーク|失点|自責点|防御率,1968|阪　急|48|10|3||||0|0|0|.769|412|100|100||87|11|35|4|71|0|0|33|30|2.70,_data\master_csv__rescrape_staging\pitching_1968_PL_from_master.csv,5
CSV_ER,ER,0,0,無四球,10,0,1968,91793809,梶本　隆夫,年度|所属球団|登板|勝利|敗北|セーブ|H|HP|完投|完封勝|無四球|勝率|打者|投球回|安打|本塁打|四球|死球|三振|暴投|ボーク|失点|自責点|防御率,1968|阪　急|45|12|8||||7|2|0|.600|926|221 .1|221|.1|207|27|63|5|175|1|0|82|73|2.97,_data\master_csv__rescrape_staging\pitching_1968_PL_from_master.csv,6
CSV_ER,ER,0,0,自責点,22,0,1968,91793809,梶本　隆夫,年度|所属球団|登板|勝利|敗北|セーブ|H|HP|完投|完封勝|無四球|勝率|打者|投球回|安打|本塁打|四球|死球|三振|暴投|ボーク|失点|自責点|防御率,1968|阪　急|45|12|8||||7|2|0|.600|926|221 .1|221|.1|207|27|63|5|175|1|0|82|73|2.97,_data\master_csv__rescrape_staging\pitching_1968_PL_from_master.csv,6
CSV_ER,ER,0,0,index_7,7,0,1968,91793809,梶本　隆夫,,1968|阪　急|45|75|64|5|9|0|0|0|9|4|0|0|1|2|8|0|15|0|.141|.141|.236,_data\master_csv__rescrape_staging\pitching_1968_PL_from_master.csv,6
CSV_ER,ER,0,0,index_8,8,0,1968,91793809,梶本　隆夫,,1968|阪　急|45|75|64|5|9|0|0|0|9|4|0|0|1|2|8|0|15|0|.141|.141|.236,_data\master_csv__rescrape_staging\pitching_1968_PL_from_master.csv,6
CSV_ER,ER,0,0,index_9,9,0,1968,91793809,梶本　隆夫,,1968|阪　急|45|75|64|5|9|0|0|0|9|4|0|0|1|2|8|0|15|0|.141|.141|.236,_data\master_csv__rescrape_staging\pitching_1968_PL_from_master.csv,6
CSV_ER,ER,0,0,index_12,12,0,1968,91793809,梶本　隆夫,,1968|阪　急|45|75|64|5|9|0|0|0|9|4|0|0|1|2|8|0|15|0|.141|.141|.236,_data\master_csv__rescrape_staging\pitching_1968_PL_from_master.csv,6
CSV_ER,ER,0,0,index_13,13,0,1968,91793809,梶本　隆夫,,1968|阪　急|45|75|64|5|9|0|0|0|9|4|0|0|1|2|8|0|15|0|.141|.141|.236,_data\master_csv__rescrape_staging\pitching_1968_PL_from_master.csv,6
CSV_ER,ER,0,0,index_17,17,0,1968,91793809,梶本　隆夫,,1968|阪　急|45|75|64|5|9|0|0|0|9|4|0|0|1|2|8|0|15|0|.141|.141|.236,_data\master_csv__rescrape_staging\pitching_1968_PL_from_master.csv,6
CSV_ER,ER,0,0,index_19,19,0,1968,91793809,梶本　隆夫,,1968|阪　急|45|75|64|5|9|0|0|0|9|4|0|0|1|2|8|0|15|0|.141|.141|.236,_data\master_csv__rescrape_staging\pitching_1968_PL_from_master.csv,6
CSV_ERA,ERA,82.0,82,防御率,23,82,1968,91793809,梶本　隆夫,年度|所属球団|登板|勝利|敗北|セーブ|H|HP|完投|完封勝|無四球|勝率|打者|投球回|安打|本塁打|四球|死球|三振|暴投|ボーク|失点|自責点|防御率,1968|阪　急|45|12|8||||7|2|0|.600|926|221 .1|221|.1|207|27|63|5|175|1|0|82|73|2.97,_data\master_csv__rescrape_staging\pitching_1968_PL_from_master.csv,6
CSV_IP,IP,194.0,194,投球回,13,194,1968,71273824,水谷　孝,年度|所属球団|登板|勝利|敗北|セーブ|H|HP|完投|完封勝|無四球|勝率|打者|投球回|安打|本塁打|四球|死球|三振|暴投|ボーク|失点|自責点|防御率,1968|阪　急|46|15|7||||4|1|1|.682|782|194|194||158|16|60|1|98|2|0|63|61|2.83,_data\master_csv__rescrape_staging\pitching_1968_PL_from_master.csv,12
CSV_IP,IP,194.0,194,安打,14,194,1968,71273824,水谷　孝,年度|所属球団|登板|勝利|敗北|セーブ|H|HP|完投|完封勝|無四球|勝率|打者|投球回|安打|本塁打|四球|死球|三振|暴投|ボーク|失点|自責点|防御率,1968|阪　急|46|15|7||||4|1|1|.682|782|194|194||158|16|60|1|98|2|0|63|61|2.83,_data\master_csv__rescrape_staging\pitching_1968_PL_from_master.csv,12
CSV_ER,ER,0,0,自責点,22,0,1968,71273824,水谷　孝,年度|所属球団|登板|勝利|敗北|セーブ|H|HP|完投|完封勝|無四球|勝率|打者|投球回|安打|本塁打|四球|死球|三振|暴投|ボーク|失点|自責点|防御率,1968|阪　急|46|15|7||||4|1|1|.682|782|194|194||158|16|60|1|98|2|0|63|61|2.83,_data\master_csv__rescrape_staging\pitching_1968_PL_from_master.csv,12
CSV_ER,ER,0,0,index_8,8,0,1968,71273824,水谷　孝,,1968|阪　急|47|60|57|3|11|2|0|0|13|2|0|0|2|0|0|1|7|2|.193|.228|.207,_data\master_csv__rescrape_staging\pitching_1968_PL_from_master.csv,12
CSV_ER,ER,0,0,index_9,9,0,1968,71273824,水谷　孝,,1968|阪　急|47|60|57|3|11|2|0|0|13|2|0|0|2|0|0|1|7|2|.193|.228|.207,_data\master_csv__rescrape_staging\pitching_1968_PL_from_master.csv,12
CSV_ER,ER,0,0,index_12,12,0,1968,71273824,水谷　孝,,1968|阪　急|47|60|57|3|11|2|0|0|13|2|0|0|2|0|0|1|7|2|.193|.228|.207,_data\master_csv__rescrape_staging\pitching_1968_PL_from_master.csv,12
CSV_ER,ER,0,0,index_13,13,0,1968,71273824,水谷　孝,,1968|阪　急|47|60|57|3|11|2|0|0|13|2|0|0|2|0|0|1|7|2|.193|.228|.207,_data\master_csv__rescrape_staging\pitching_1968_PL_from_master.csv,12
CSV_ER,ER,0,0,index_15,15,0,1968,71273824,水谷　孝,,1968|阪　急|47|60|57|3|11|2|0|0|13|2|0|0|2|0|0|1|7|2|.193|.228|.207,_data\master_csv__rescrape_staging\pitching_1968_PL_from_master.csv,12
CSV_ER,ER,0,0,index_16,16,0,1968,71273824,水谷　孝,,1968|阪　急|47|60|57|3|11|2|0|0|13|2|0|0|2|0|0|1|7|2|.193|.228|.207,_data\master_csv__rescrape_staging\pitching_1968_PL_from_master.csv,12
CSV_ERA,ERA,63.0,63,防御率,23,63,1968,71273824,水谷　孝,年度|所属球団|登板|勝利|敗北|セーブ|H|HP|完投|完封勝|無四球|勝率|打者|投球回|安打|本塁打|四球|死球|三振|暴投|ボーク|失点|自責点|防御率,1968|阪　急|46|15|7||||4|1|1|.682|782|194|194||158|16|60|1|98|2|0|63|61|2.83,_data\master_csv__rescrape_staging\pitching_1968_PL_from_master.csv,12
CSV_ER,ER,0,0,完投,8,0,1968,21023826,宮本　幸信,年度|所属球団|登板|勝利|敗北|セーブ|H|HP|完投|完封勝|無四球|勝率|打者|投球回|安打|本塁打|四球|死球|三振|暴投|ボーク|失点|自責点|防御率,1968|阪　急|38|3|4||||0|0|0|.429|342|80 .2|80|.2|68|4|43|2|53|1|0|32|28|3.11,_data\master_csv__rescrape_staging\pitching_1968_PL_from_master.csv,13
CSV_ER,ER,0,0,完封勝,9,0,1968,21023826,宮本　幸信,年度|所属球団|登板|勝利|敗北|セーブ|H|HP|完投|完封勝|無四球|勝率|打者|投球回|安打|本塁打|四球|死球|三振|暴投|ボーク|失点|自責点|防御率,1968|阪　急|38|3|4||||0|0|0|.429|342|80 .2|80|.2|68|4|43|2|53|1|0|32|28|3.11,_data\master_csv__rescrape_staging\pitching_1968_PL_from_master.csv,13
CSV_ER,ER,0,0,無四球,10,0,1968,21023826,宮本　幸信,年度|所属球団|登板|勝利|敗北|セーブ|H|HP|完投|完封勝|無四球|勝率|打者|投球回|安打|本塁打|四球|死球|三振|暴投|ボーク|失点|自責点|防御率,1968|阪　急|38|3|4||||0|0|0|.429|342|80 .2|80|.2|68|4|43|2|53|1|0|32|28|3.11,_data\master_csv__rescrape_staging\pitching_1968_PL_from_master.csv,13
CSV_ER,ER,0,0,自責点,22,0,1968,21023826,宮本　幸信,年度|所属球団|登板|勝利|敗北|セーブ|H|HP|完投|完封勝|無四球|勝率|打者|投球回|安打|本塁打|四球|死球|三振|暴投|ボーク|失点|自責点|防御率,1968|阪　急|38|3|4||||0|0|0|.429|342|80 .2|80|.2|68|4|43|2|53|1|0|32|28|3.11,_data\master_csv__rescrape_staging\pitching_1968_PL_from_master.csv,13
CSV_ER,ER,0,0,index_5,5,0,1968,21023826,宮本　幸信,,1968|阪　急|39|14|14|0|0|0|0|0|0|0|0|0|0|0|0|0|7|1|.000|.000|.000,_data\master_csv__rescrape_staging\pitching_1968_PL_from_master.csv,13
CSV_ER,ER,0,0,index_6,6,0,1968,21023826,宮本　幸信,,1968|阪　急|39|14|14|0|0|0|0|0|0|0|0|0|0|0|0|0|7|1|.000|.000|.000,_data\master_csv__rescrape_staging\pitching_1968_PL_from_master.csv,13
CSV_ER,ER,0,0,index_7,7,0,1968,21023826,宮本　幸信,,1968|阪　急|39|14|14|0|0|0|0|0|0|0|0|0|0|0|0|0|7|1|.000|.000|.000,_data\master_csv__rescrape_staging\pitching_1968_PL_from_master.csv,13
CSV_ER,ER,0,0,index_8,8,0,1968,21023826,宮本　幸信,,1968|阪　急|39|14|14|0|0|0|0|0|0|0|0|0|0|0|0|0|7|1|.000|.000|.000,_data\master_csv__rescrape_staging\pitching_1968_PL_from_master.csv,13
CSV_ER,ER,0,0,index_9,9,0,1968,21023826,宮本　幸信,,1968|阪　急|39|14|14|0|0|0|0|0|0|0|0|0|0|0|0|0|7|1|.000|.000|.000,_data\master_csv__rescrape_staging\pitching_1968_PL_from_master.csv,13
CSV_ER,ER,0,0,index_10,10,0,1968,21023826,宮本　幸信,,1968|阪　急|39|14|14|0|0|0|0|0|0|0|0|0|0|0|0|0|7|1|.000|.000|.000,_data\master_csv__rescrape_staging\pitching_1968_PL_from_master.csv,13
CSV_ER,ER,0,0,index_11,11,0,1968,21023826,宮本　幸信,,1968|阪　急|39|14|14|0|0|0|0|0|0|0|0|0|0|0|0|0|7|1|.000|.000|.000,_data\master_csv__rescrape_staging\pitching_1968_PL_from_master.csv,13
CSV_ER,ER,0,0,index_12,12,0,1968,21023826,宮本　幸信,,1968|阪　急|39|14|14|0|0|0|0|0|0|0|0|0|0|0|0|0|7|1|.000|.000|.000,_data\master_csv__rescrape_staging\pitching_1968_PL_from_master.csv,13
CSV_ER,ER,0,0,index_13,13,0,1968,21023826,宮本　幸信,,1968|阪　急|39|14|14|0|0|0|0|0|0|0|0|0|0|0|0|0|7|1|.000|.000|.000,_data\master_csv__rescrape_staging\pitching_1968_PL_from_master.csv,13
CSV_ER,ER,0,0,index_14,14,0,1968,21023826,宮本　幸信,,1968|阪　急|39|14|14|0|0|0|0|0|0|0|0|0|0|0|0|0|7|1|.000|.000|.000,_data\master_csv__rescrape_staging\pitching_1968_PL_from_master.csv,13
CSV_ER,ER,0,0,index_15,15,0,1968,21023826,宮本　幸信,,1968|阪　急|39|14|14|0|0|0|0|0|0|0|0|0|0|0|0|0|7|1|.000|.000|.000,_data\master_csv__rescrape_staging\pitching_1968_PL_from_master.csv,13
CSV_ER,ER,0,0,index_16,16,0,1968,21023826,宮本　幸信,,1968|阪　急|39|14|14|0|0|0|0|0|0|0|0|0|0|0|0|0|7|1|.000|.000|.000,_data\master_csv__rescrape_staging\pitching_1968_PL_from_master.csv,13
CSV_ER,ER,0,0,index_17,17,0,1968,21023826,宮本　幸信,,1968|阪　急|39|14|14|0|0|0|0|0|0|0|0|0|0|0|0|0|7|1|.000|.000|.000,_data\master_csv__rescrape_staging\pitching_1968_PL_from_master.csv,13
CSV_ER,ER,0,0,index_20,20,.000,1968,21023826,宮本　幸信,,1968|阪　急|39|14|14|0|0|0|0|0|0|0|0|0|0|0|0|0|7|1|.000|.000|.000,_data\master_csv__rescrape_staging\pitching_1968_PL_from_master.csv,13
CSV_ER,ER,0,0,index_21,21,.000,1968,21023826,宮本　幸信,,1968|阪　急|39|14|14|0|0|0|0|0|0|0|0|0|0|0|0|0|7|1|.000|.000|.000,_data\master_csv__rescrape_staging\pitching_1968_PL_from_master.csv,13
CSV_ER,ER,0,0,index_22,22,.000,1968,21023826,宮本　幸信,,1968|阪　急|39|14|14|0|0|0|0|0|0|0|0|0|0|0|0|0|7|1|.000|.000|.000,_data\master_csv__rescrape_staging\pitching_1968_PL_from_master.csv,13
CSV_ERA,ERA,32.0,32,防御率,23,32,1968,21023826,宮本　幸信,年度|所属球団|登板|勝利|敗北|セーブ|H|HP|完投|完封勝|無四球|勝率|打者|投球回|安打|本塁打|四球|死球|三振|暴投|ボーク|失点|自責点|防御率,1968|阪　急|38|3|4||||0|0|0|.429|342|80 .2|80|.2|68|4|43|2|53|1|0|32|28|3.11,_data\master_csv__rescrape_staging\pitching_1968_PL_from_master.csv,13
CSV_ER,ER,0,0,完封勝,9,0,1969,71073801,金田　正一,年度|所属球団|登板|勝利|敗北|セーブ|H|HP|完投|完封勝|無四球|勝率|打者|投球回|安打|本塁打|四球|死球|三振|暴投|ボーク|失点|自責点|防御率,1969|読　売|18|5|4||||1|0|0|.556|311|72 .1|72|.1|65|8|35|0|48|3|0|39|34|4.25,_data\master_csv__rescrape_staging\pitching_1969_CL_from_master.csv,2
CSV_ER,ER,0,0,無四球,10,0,1969,71073801,金田　正一,年度|所属球団|登板|勝利|敗北|セーブ|H|HP|完投|完封勝|無四球|勝率|打者|投球回|安打|本塁打|四球|死球|三振|暴投|ボーク|失点|自責点|防御率,1969|読　売|18|5|4||||1|0|0|.556|311|72 .1|72|.1|65|8|35|0|48|3|0|39|34|4.25,_data\master_csv__rescrape_staging\pitching_1969_CL_from_master.csv,2
CSV_ER,ER,0,0,暴投,19,0,1969,71073801,金田　正一,年度|所属球団|登板|勝利|敗北|セーブ|H|HP|完投|完封勝|無四球|勝率|打者|投球回|安打|本塁打|四球|死球|三振|暴投|ボーク|失点|自責点|防御率,1969|読　売|18|5|4||||1|0|0|.556|311|72 .1|72|.1|65|8|35|0|48|3|0|39|34|4.25,_data\master_csv__rescrape_staging\pitching_1969_CL_from_master.csv,2
CSV_ER,ER,0,0,自責点,22,0,1969,71073801,金田　正一,年度|所属球団|登板|勝利|敗北|セーブ|H|HP|完投|完封勝|無四球|勝率|打者|投球回|安打|本塁打|四球|死球|三振|暴投|ボーク|失点|自責点|防御率,1969|読　売|18|5|4||||1|0|0|.556|311|72 .1|72|.1|65|8|35|0|48|3|0|39|34|4.25,_data\master_csv__rescrape_staging\pitching_1969_CL_from_master.csv,2
CSV_ER,ER,0,0,index_7,7,0,1969,71073801,金田　正一,,1969|読　売|20|35|32|2|7|0|0|0|7|4|0|0|1|0|1|1|8|0|.219|.219|,_data\master_csv__rescrape_staging\pitching_1969_CL_from_master.csv,2
CSV_ER,ER,0,0,index_8,8,0,1969,71073801,金田　正一,,1969|読　売|20|35|32|2|7|0|0|0|7|4|0|0|1|0|1|1|8|0|.219|.219|,_data\master_csv__rescrape_staging\pitching_1969_CL_from_master.csv,2
CSV_ER,ER,0,0,index_9,9,0,1969,71073801,金田　正一,,1969|読　売|20|35|32|2|7|0|0|0|7|4|0|0|1|0|1|1|8|0|.219|.219|,_data\master_csv__rescrape_staging\pitching_1969_CL_from_master.csv,2
CSV_ER,ER,0,0,index_12,12,0,1969,71073801,金田　正一,,1969|読　売|20|35|32|2|7|0|0|0|7|4|0|0|1|0|1|1|8|0|.219|.219|,_data\master_csv__rescrape_staging\pitching_1969_CL_from_master.csv,2
CSV_ER,ER,0,0,index_13,13,0,1969,71073801,金田　正一,,1969|読　売|20|35|32|2|7|0|0|0|7|4|0|0|1|0|1|1|8|0|.219|.219|,_data\master_csv__rescrape_staging\pitching_1969_CL_from_master.csv,2
CSV_ER,ER,0,0,index_15,15,0,1969,71073801,金田　正一,,1969|読　売|20|35|32|2|7|0|0|0|7|4|0|0|1|0|1|1|8|0|.219|.219|,_data\master_csv__rescrape_staging\pitching_1969_CL_from_master.csv,2
CSV_ER,ER,0,0,index_19,19,0,1969,71073801,金田　正一,,1969|読　売|20|35|32|2|7|0|0|0|7|4|0|0|1|0|1|1|8|0|.219|.219|,_data\master_csv__rescrape_staging\pitching_1969_CL_from_master.csv,2
CSV_ERA,ERA,39.0,39,防御率,23,39,1969,71073801,金田　正一,年度|所属球団|登板|勝利|敗北|セーブ|H|HP|完投|完封勝|無四球|勝率|打者|投球回|安打|本塁打|四球|死球|三振|暴投|ボーク|失点|自責点|防御率,1969|読　売|18|5|4||||1|0|0|.556|311|72 .1|72|.1|65|8|35|0|48|3|0|39|34|4.25,_data\master_csv__rescrape_staging\pitching_1969_CL_from_master.csv,2
CSV_ER,ER,0,0,自責点,22,0,1969,51053825,城之内　邦雄,年度|所属球団|登板|勝利|敗北|セーブ|H|HP|完投|完封勝|無四球|勝率|打者|投球回|安打|本塁打|四球|死球|三振|暴投|ボーク|失点|自責点|防御率,1969|読　売|20|4|5||||5|1|1|.444|492|120 .1|120|.1|106|20|29|6|41|2|0|56|55|4.13,_data\master_csv__rescrape_staging\pitching_1969_CL_from_master.csv,4
CSV_ER,ER,0,0,index_7,7,0,1969,51053825,城之内　邦雄,,1969|読　売|20|41|36|1|1|0|0|0|1|1|0|0|5|0|0|0|20|1|.028|.028|,_data\master_csv__rescrape_staging\pitching_1969_CL_from_master.csv,4
CSV_ER,ER,0,0,index_8,8,0,1969,51053825,城之内　邦雄,,1969|読　売|20|41|36|1|1|0|0|0|1|1|0|0|5|0|0|0|20|1|.028|.028|,_data\master_csv__rescrape_staging\pitching_1969_CL_from_master.csv,4
CSV_ER,ER,0,0,index_9,9,0,1969,51053825,城之内　邦雄,,1969|読　売|20|41|36|1|1|0|0|0|1|1|0|0|5|0|0|0|20|1|.028|.028|,_data\master_csv__rescrape_staging\pitching_1969_CL_from_master.csv,4
CSV_ER,ER,0,0,index_12,12,0,1969,51053825,城之内　邦雄,,1969|読　売|20|41|36|1|1|0|0|0|1|1|0|0|5|0|0|0|20|1|.028|.028|,_data\master_csv__rescrape_staging\pitching_1969_CL_from_master.csv,4
CSV_ER,ER,0,0,index_13,13,0,1969,51053825,城之内　邦雄,,1969|読　売|20|41|36|1|1|0|0|0|1|1|0|0|5|0|0|0|20|1|.028|.028|,_data\master_csv__rescrape_staging\pitching_1969_CL_from_master.csv,4
CSV_ER,ER,0,0,index_15,15,0,1969,51053825,城之内　邦雄,,1969|読　売|20|41|36|1|1|0|0|0|1|1|0|0|5|0|0|0|20|1|.028|.028|,_data\master_csv__rescrape_staging\pitching_1969_CL_from_master.csv,4
CSV_ER,ER,0,0,index_16,16,0,1969,51053825,城之内　邦雄,,1969|読　売|20|41|36|1|1|0|0|0|1|1|0|0|5|0|0|0|20|1|.028|.028|,_data\master_csv__rescrape_staging\pitching_1969_CL_from_master.csv,4
CSV_ER,ER,0,0,index_17,17,0,1969,51053825,城之内　邦雄,,1969|読　売|20|41|36|1|1|0|0|0|1|1|0|0|5|0|0|0|20|1|.028|.028|,_data\master_csv__rescrape_staging\pitching_1969_CL_from_master.csv,4
CSV_ERA,ERA,56.0,56,防御率,23,56,1969,51053825,城之内　邦雄,年度|所属球団|登板|勝利|敗北|セーブ|H|HP|完投|完封勝|無四球|勝率|打者|投球回|安打|本塁打|四球|死球|三振|暴投|ボーク|失点|自責点|防御率,1969|読　売|20|4|5||||5|1|1|.444|492|120 .1|120|.1|106|20|29|6|41|2|0|56|55|4.13,_data\master_csv__rescrape_staging\pitching_1969_CL_from_master.csv,4
CSV_ER,ER,1,1,失点,21,1,1969,41943823,高橋　明,年度|所属球団|登板|勝利|敗北|セーブ|H|HP|完投|完封勝|無四球|勝率|打者|投球回|安打|本塁打|四球|死球|三振|暴投|ボーク|失点|自責点|防御率,1969|読　売|32|10|5||||3|0|0|.667|457|111 .2|111|.2|100|16|29|3|53|1|1|46|44|3.54,_data\master_csv__rescrape_staging\pitching_1969_CL_from_master.csv,6
CSV_ER,ER,1,1,自責点,22,1,1969,41943823,高橋　明,年度|所属球団|登板|勝利|敗北|セーブ|H|HP|完投|完封勝|無四球|勝率|打者|投球回|安打|本塁打|四球|死球|三振|暴投|ボーク|失点|自責点|防御率,1969|読　売|32|10|5||||3|0|0|.667|457|111 .2|111|.2|100|16|29|3|53|1|1|46|44|3.54,_data\master_csv__rescrape_staging\pitching_1969_CL_from_master.csv,6
CSV_ER,ER,1,1,index_8,8,1,1969,41943823,高橋　明,,1969|読　売|32|39|34|4|7|0|1|0|9|2|0|0|2|2|1|0|12|1|.206|.265|,_data\master_csv__rescrape_staging\pitching_1969_CL_from_master.csv,6
CSV_ER,ER,1,1,index_16,16,1,1969,41943823,高橋　明,,1969|読　売|32|39|34|4|7|0|1|0|9|2|0|0|2|2|1|0|12|1|.206|.265|,_data\master_csv__rescrape_staging\pitching_1969_CL_from_master.csv,6
CSV_ER,ER,1,1,index_19,19,1,1969,41943823,高橋　明,,1969|読　売|32|39|34|4|7|0|1|0|9|2|0|0|2|2|1|0|12|1|.206|.265|,_data\master_csv__rescrape_staging\pitching_1969_CL_from_master.csv,6
CSV_ERA,ERA,46.0,46,防御率,23,46,1969,41943823,高橋　明,年度|所属球団|登板|勝利|敗北|セーブ|H|HP|完投|完封勝|無四球|勝率|打者|投球回|安打|本塁打|四球|死球|三振|暴投|ボーク|失点|自責点|防御率,1969|読　売|32|10|5||||3|0|0|.667|457|111 .2|111|.2|100|16|29|3|53|1|1|46|44|3.54,_data\master_csv__rescrape_staging\pitching_1969_CL_from_master.csv,6
CSV_IP,IP,256.0,256,投球回,13,256,1969,01703820,高橋　一三,年度|所属球団|登板|勝利|敗北|セーブ|H|HP|完投|完封勝|無四球|勝率|打者|投球回|安打|本塁打|四球|死球|三振|暴投|ボーク|失点|自責点|防御率,1969|読　売|45|22|5||||19|3|2|.815|1018|256|256||180|25|83|9|221|3|0|67|63|2.21,_data\master_csv__rescrape_staging\pitching_1969_CL_from_master.csv,7
CSV_IP,IP,256.0,256,安打,14,256,1969,01703820,高橋　一三,年度|所属球団|登板|勝利|敗北|セーブ|H|HP|完投|完封勝|無四球|勝率|打者|投球回|安打|本塁打|四球|死球|三振|暴投|ボーク|失点|自責点|防御率,1969|読　売|45|22|5||||19|3|2|.815|1018|256|256||180|25|83|9|221|3|0|67|63|2.21,_data\master_csv__rescrape_staging\pitching_1969_CL_from_master.csv,7
CSV_ER,ER,0,0,自責点,22,0,1969,01703820,高橋　一三,年度|所属球団|登板|勝利|敗北|セーブ|H|HP|完投|完封勝|無四球|勝率|打者|投球回|安打|本塁打|四球|死球|三振|暴投|ボーク|失点|自責点|防御率,1969|読　売|45|22|5||||19|3|2|.815|1018|256|256||180|25|83|9|221|3|0|67|63|2.21,_data\master_csv__rescrape_staging\pitching_1969_CL_from_master.csv,7
CSV_ER,ER,0,0,index_8,8,0,1969,01703820,高橋　一三,,1969|読　売|45|102|95|2|18|1|0|0|19|3|0|0|5|0|2|0|35|1|.189|.200|,_data\master_csv__rescrape_staging\pitching_1969_CL_from_master.csv,7
CSV_ER,ER,0,0,index_9,9,0,1969,01703820,高橋　一三,,1969|読　売|45|102|95|2|18|1|0|0|19|3|0|0|5|0|2|0|35|1|.189|.200|,_data\master_csv__rescrape_staging\pitching_1969_CL_from_master.csv,7
CSV_ER,ER,0,0,index_12,12,0,1969,01703820,高橋　一三,,1969|読　売|45|102|95|2|18|1|0|0|19|3|0|0|5|0|2|0|35|1|.189|.200|,_data\master_csv__rescrape_staging\pitching_1969_CL_from_master.csv,7
CSV_ER,ER,0,0,index_13,13,0,1969,01703820,高橋　一三,,1969|読　売|45|102|95|2|18|1|0|0|19|3|0|0|5|0|2|0|35|1|.189|.200|,_data\master_csv__rescrape_staging\pitching_1969_CL_from_master.csv,7
CSV_ER,ER,0,0,index_15,15,0,1969,01703820,高橋　一三,,1969|読　売|45|102|95|2|18|1|0|0|19|3|0|0|5|0|2|0|35|1|.189|.200|,_data\master_csv__rescrape_staging\pitching_1969_CL_from_master.csv,7
CSV_ER,ER,0,0,index_17,17,0,1969,01703820,高橋　一三,,1969|読　売|45|102|95|2|18|1|0|0|19|3|0|0|5|0|2|0|35|1|.189|.200|,_data\master_csv__rescrape_staging\pitching_1969_CL_from_master.csv,7
CSV_ERA,ERA,67.0,67,防御率,23,67,1969,01703820,高橋　一三,年度|所属球団|登板|勝利|敗北|セーブ|H|HP|完投|完封勝|無四球|勝率|打者|投球回|安打|本塁打|四球|死球|三振|暴投|ボーク|失点|自責点|防御率,1969|読　売|45|22|5||||19|3|2|.815|1018|256|256||180|25|83|9|221|3|0|67|63|2.21,_data\master_csv__rescrape_staging\pitching_1969_CL_from_master.csv,7
CSV_ER,ER,0,0,完投,8,0,1969,51753828,田中　章,年度|所属球団|登板|勝利|敗北|セーブ|H|HP|完投|完封勝|無四球|勝率|打者|投球回|安打|本塁打|四球|死球|三振|暴投|ボーク|失点|自責点|防御率,1969|読　売|35|3|3||||0|0|0|.500|294|73 .1|73|.1|58|8|14|3|56|0|0|30|24|2.96,_data\master_csv__rescrape_staging\pitching_1969_CL_from_master.csv,8
CSV_ER,ER,0,0,完封勝,9,0,1969,51753828,田中　章,年度|所属球団|登板|勝利|敗北|セーブ|H|HP|完投|完封勝|無四球|勝率|打者|投球回|安打|本塁打|四球|死球|三振|暴投|ボーク|失点|自責点|防御率,1969|読　売|35|3|3||||0|0|0|.500|294|73 .1|73|.1|58|8|14|3|56|0|0|30|24|2.96,_data\master_csv__rescrape_staging\pitching_1969_CL_from_master.csv,8
CSV_ER,ER,0,0,無四球,10,0,1969,51753828,田中　章,年度|所属球団|登板|勝利|敗北|セーブ|H|HP|完投|完封勝|無四球|勝率|打者|投球回|安打|本塁打|四球|死球|三振|暴投|ボーク|失点|自責点|防御率,1969|読　売|35|3|3||||0|0|0|.500|294|73 .1|73|.1|58|8|14|3|56|0|0|30|24|2.96,_data\master_csv__rescrape_staging\pitching_1969_CL_from_master.csv,8
CSV_ER,ER,0,0,失点,21,0,1969,51753828,田中　章,年度|所属球団|登板|勝利|敗北|セーブ|H|HP|完投|完封勝|無四球|勝率|打者|投球回|安打|本塁打|四球|死球|三振|暴投|ボーク|失点|自責点|防御率,1969|読　売|35|3|3||||0|0|0|.500|294|73 .1|73|.1|58|8|14|3|56|0|0|30|24|2.96,_data\master_csv__rescrape_staging\pitching_1969_CL_from_master.csv,8
CSV_ER,ER,0,0,自責点,22,0,1969,51753828,田中　章,年度|所属球団|登板|勝利|敗北|セーブ|H|HP|完投|完封勝|無四球|勝率|打者|投球回|安打|本塁打|四球|死球|三振|暴投|ボーク|失点|自責点|防御率,1969|読　売|35|3|3||||0|0|0|.500|294|73 .1|73|.1|58|8|14|3|56|0|0|30|24|2.96,_data\master_csv__rescrape_staging\pitching_1969_CL_from_master.csv,8
CSV_ER,ER,0,0,index_5,5,0,1969,51753828,田中　章,,1969|読　売|35|17|16|0|2|0|0|0|2|0|0|0|0|0|0|1|5|0|.125|.125|,_data\master_csv__rescrape_staging\pitching_1969_CL_from_master.csv,8
CSV_ER,ER,0,0,index_7,7,0,1969,51753828,田中　章,,1969|読　売|35|17|16|0|2|0|0|0|2|0|0|0|0|0|0|1|5|0|.125|.125|,_data\master_csv__rescrape_staging\pitching_1969_CL_from_master.csv,8
CSV_ER,ER,0,0,index_8,8,0,1969,51753828,田中　章,,1969|読　売|35|17|16|0|2|0|0|0|2|0|0|0|0|0|0|1|5|0|.125|.125|,_data\master_csv__rescrape_staging\pitching_1969_CL_from_master.csv,8
CSV_ER,ER,0,0,index_9,9,0,1969,51753828,田中　章,,1969|読　売|35|17|16|0|2|0|0|0|2|0|0|0|0|0|0|1|5|0|.125|.125|,_data\master_csv__rescrape_staging\pitching_1969_CL_from_master.csv,8
CSV_ER,ER,0,0,index_11,11,0,1969,51753828,田中　章,,1969|読　売|35|17|16|0|2|0|0|0|2|0|0|0|0|0|0|1|5|0|.125|.125|,_data\master_csv__rescrape_staging\pitching_1969_CL_from_master.csv,8
CSV_ER,ER,0,0,index_12,12,0,1969,51753828,田中　章,,1969|読　売|35|17|16|0|2|0|0|0|2|0|0|0|0|0|0|1|5|0|.125|.125|,_data\master_csv__rescrape_staging\pitching_1969_CL_from_master.csv,8
CSV_ER,ER,0,0,index_13,13,0,1969,51753828,田中　章,,1969|読　売|35|17|16|0|2|0|0|0|2|0|0|0|0|0|0|1|5|0|.125|.125|,_data\master_csv__rescrape_staging\pitching_1969_CL_from_master.csv,8
CSV_ER,ER,0,0,index_14,14,0,1969,51753828,田中　章,,1969|読　売|35|17|16|0|2|0|0|0|2|0|0|0|0|0|0|1|5|0|.125|.125|,_data\master_csv__rescrape_staging\pitching_1969_CL_from_master.csv,8
CSV_ER,ER,0,0,index_15,15,0,1969,51753828,田中　章,,1969|読　売|35|17|16|0|2|0|0|0|2|0|0|0|0|0|0|1|5|0|.125|.125|,_data\master_csv__rescrape_staging\pitching_1969_CL_from_master.csv,8
CSV_ER,ER,0,0,index_16,16,0,1969,51753828,田中　章,,1969|読　売|35|17|16|0|2|0|0|0|2|0|0|0|0|0|0|1|5|0|.125|.125|,_data\master_csv__rescrape_staging\pitching_1969_CL_from_master.csv,8
CSV_ER,ER,0,0,index_19,19,0,1969,51753828,田中　章,,1969|読　売|35|17|16|0|2|0|0|0|2|0|0|0|0|0|0|1|5|0|.125|.125|,_data\master_csv__rescrape_staging\pitching_1969_CL_from_master.csv,8
CSV_ERA,ERA,30.0,30,防御率,23,30,1969,51753828,田中　章,年度|所属球団|登板|勝利|敗北|セーブ|H|HP|完投|完封勝|無四球|勝率|打者|投球回|安打|本塁打|四球|死球|三振|暴投|ボーク|失点|自責点|防御率,1969|読　売|35|3|3||||0|0|0|.500|294|73 .1|73|.1|58|8|14|3|56|0|0|30|24|2.96,_data\master_csv__rescrape_staging\pitching_1969_CL_from_master.csv,8
CSV_ER,ER,0,0,完投,8,0,1969,71173808,足立　光宏,年度|所属球団|登板|勝利|敗北|セーブ|H|HP|完投|完封勝|無四球|勝率|打者|投球回|安打|本塁打|四球|死球|三振|暴投|ボーク|失点|自責点|防御率,1969|阪　急|33|2|1||||0|0|0|.667|265|60 .1|60|.1|73|10|10|6|32|0|0|39|32|4.80,_data\master_csv__rescrape_staging\pitching_1969_PL_from_master.csv,2
CSV_ER,ER,0,0,完封勝,9,0,1969,71173808,足立　光宏,年度|所属球団|登板|勝利|敗北|セーブ|H|HP|完投|完封勝|無四球|勝率|打者|投球回|安打|本塁打|四球|死球|三振|暴投|ボーク|失点|自責点|防御率,1969|阪　急|33|2|1||||0|0|0|.667|265|60 .1|60|.1|73|10|10|6|32|0|0|39|32|4.80,_data\master_csv__rescrape_staging\pitching_1969_PL_from_master.csv,2
CSV_ER,ER,0,0,無四球,10,0,1969,71173808,足立　光宏,年度|所属球団|登板|勝利|敗北|セーブ|H|HP|完投|完封勝|無四球|勝率|打者|投球回|安打|本塁打|四球|死球|三振|暴投|ボーク|失点|自責点|防御率,1969|阪　急|33|2|1||||0|0|0|.667|265|60 .1|60|.1|73|10|10|6|32|0|0|39|32|4.80,_data\master_csv__rescrape_staging\pitching_1969_PL_from_master.csv,2
CSV_ER,ER,0,0,失点,21,0,1969,71173808,足立　光宏,年度|所属球団|登板|勝利|敗北|セーブ|H|HP|完投|完封勝|無四球|勝率|打者|投球回|安打|本塁打|四球|死球|三振|暴投|ボーク|失点|自責点|防御率,1969|阪　急|33|2|1||||0|0|0|.667|265|60 .1|60|.1|73|10|10|6|32|0|0|39|32|4.80,_data\master_csv__rescrape_staging\pitching_1969_PL_from_master.csv,2
CSV_ER,ER,0,0,自責点,22,0,1969,71173808,足立　光宏,年度|所属球団|登板|勝利|敗北|セーブ|H|HP|完投|完封勝|無四球|勝率|打者|投球回|安打|本塁打|四球|死球|三振|暴投|ボーク|失点|自責点|防御率,1969|阪　急|33|2|1||||0|0|0|.667|265|60 .1|60|.1|73|10|10|6|32|0|0|39|32|4.80,_data\master_csv__rescrape_staging\pitching_1969_PL_from_master.csv,2
CSV_ER,ER,0,0,index_5,5,0,1969,71173808,足立　光宏,,1969|阪　急|33|7|7|0|1|0|0|0|1|0|0|0|0|0|0|0|1|0|.143|.143|.143,_data\master_csv__rescrape_staging\pitching_1969_PL_from_master.csv,2
CSV_ER,ER,0,0,index_7,7,0,1969,71173808,足立　光宏,,1969|阪　急|33|7|7|0|1|0|0|0|1|0|0|0|0|0|0|0|1|0|.143|.143|.143,_data\master_csv__rescrape_staging\pitching_1969_PL_from_master.csv,2
CSV_ER,ER,0,0,index_8,8,0,1969,71173808,足立　光宏,,1969|阪　急|33|7|7|0|1|0|0|0|1|0|0|0|0|0|0|0|1|0|.143|.143|.143,_data\master_csv__rescrape_staging\pitching_1969_PL_from_master.csv,2
CSV_ER,ER,0,0,index_9,9,0,1969,71173808,足立　光宏,,1969|阪　急|33|7|7|0|1|0|0|0|1|0|0|0|0|0|0|0|1|0|.143|.143|.143,_data\master_csv__rescrape_staging\pitching_1969_PL_from_master.csv,2
CSV_ER,ER,0,0,index_11,11,0,1969,71173808,足立　光宏,,1969|阪　急|33|7|7|0|1|0|0|0|1|0|0|0|0|0|0|0|1|0|.143|.143|.143,_data\master_csv__rescrape_staging\pitching_1969_PL_from_master.csv,2
CSV_ER,ER,0,0,index_12,12,0,1969,71173808,足立　光宏,,1969|阪　急|33|7|7|0|1|0|0|0|1|0|0|0|0|0|0|0|1|0|.143|.143|.143,_data\master_csv__rescrape_staging\pitching_1969_PL_from_master.csv,2
CSV_ER,ER,0,0,index_13,13,0,1969,71173808,足立　光宏,,1969|阪　急|33|7|7|0|1|0|0|0|1|0|0|0|0|0|0|0|1|0|.143|.143|.143,_data\master_csv__rescrape_staging\pitching_1969_PL_from_master.csv,2
CSV_ER,ER,0,0,index_14,14,0,1969,71173808,足立　光宏,,1969|阪　急|33|7|7|0|1|0|0|0|1|0|0|0|0|0|0|0|1|0|.143|.143|.143,_data\master_csv__rescrape_staging\pitching_1969_PL_from_master.csv,2
CSV_ER,ER,0,0,index_15,15,0,1969,71173808,足立　光宏,,1969|阪　急|33|7|7|0|1|0|0|0|1|0|0|0|0|0|0|0|1|0|.143|.143|.143,_data\master_csv__rescrape_staging\pitching_1969_PL_from_master.csv,2
CSV_ER,ER,0,0,index_16,16,0,1969,71173808,足立　光宏,,1969|阪　急|33|7|7|0|1|0|0|0|1|0|0|0|0|0|0|0|1|0|.143|.143|.143,_data\master_csv__rescrape_staging\pitching_1969_PL_from_master.csv,2
CSV_ER,ER,0,0,index_17,17,0,1969,71173808,足立　光宏,,1969|阪　急|33|7|7|0|1|0|0|0|1|0|0|0|0|0|0|0|1|0|.143|.143|.143,_data\master_csv__rescrape_staging\pitching_1969_PL_from_master.csv,2
CSV_ER,ER,0,0,index_19,19,0,1969,71173808,足立　光宏,,1969|阪　急|33|7|7|0|1|0|0|0|1|0|0|0|0|0|0|0|1|0|.143|.143|.143,_data\master_csv__rescrape_staging\pitching_1969_PL_from_master.csv,2
CSV_ERA,ERA,39.0,39,防御率,23,39,1969,71173808,足立　光宏,年度|所属球団|登板|勝利|敗北|セーブ|H|HP|完投|完封勝|無四球|勝率|打者|投球回|安打|本塁打|四球|死球|三振|暴投|ボーク|失点|自責点|防御率,1969|阪　急|33|2|1||||0|0|0|.667|265|60 .1|60|.1|73|10|10|6|32|0|0|39|32|4.80,_data\master_csv__rescrape_staging\pitching_1969_PL_from_master.csv,2
CSV_ER,ER,0,0,自責点,22,0,1969,41143806,石井　茂雄,年度|所属球団|登板|勝利|敗北|セーブ|H|HP|完投|完封勝|無四球|勝率|打者|投球回|安打|本塁打|四球|死球|三振|暴投|ボーク|失点|自責点|防御率,1969|阪　急|44|12|6||||8|1|2|.667|792|197 .2|197|.2|179|21|41|4|86|1|0|79|68|3.09,_data\master_csv__rescrape_staging\pitching_1969_PL_from_master.csv,3
CSV_ER,ER,0,0,index_8,8,0,1969,41143806,石井　茂雄,,1969|阪　急|44|62|54|1|8|2|0|0|10|4|1|0|5|0|3|0|23|1|.148|.185|.193,_data\master_csv__rescrape_staging\pitching_1969_PL_from_master.csv,3
CSV_ER,ER,0,0,index_9,9,0,1969,41143806,石井　茂雄,,1969|阪　急|44|62|54|1|8|2|0|0|10|4|1|0|5|0|3|0|23|1|.148|.185|.193,_data\master_csv__rescrape_staging\pitching_1969_PL_from_master.csv,3
CSV_ER,ER,0,0,index_13,13,0,1969,41143806,石井　茂雄,,1969|阪　急|44|62|54|1|8|2|0|0|10|4|1|0|5|0|3|0|23|1|.148|.185|.193,_data\master_csv__rescrape_staging\pitching_1969_PL_from_master.csv,3
CSV_ER,ER,0,0,index_15,15,0,1969,41143806,石井　茂雄,,1969|阪　急|44|62|54|1|8|2|0|0|10|4|1|0|5|0|3|0|23|1|.148|.185|.193,_data\master_csv__rescrape_staging\pitching_1969_PL_from_master.csv,3
CSV_ER,ER,0,0,index_17,17,0,1969,41143806,石井　茂雄,,1969|阪　急|44|62|54|1|8|2|0|0|10|4|1|0|5|0|3|0|23|1|.148|.185|.193,_data\master_csv__rescrape_staging\pitching_1969_PL_from_master.csv,3
CSV_ERA,ERA,79.0,79,防御率,23,79,1969,41143806,石井　茂雄,年度|所属球団|登板|勝利|敗北|セーブ|H|HP|完投|完封勝|無四球|勝率|打者|投球回|安打|本塁打|四球|死球|三振|暴投|ボーク|失点|自責点|防御率,1969|阪　急|44|12|6||||8|1|2|.667|792|197 .2|197|.2|179|21|41|4|86|1|0|79|68|3.09,_data\master_csv__rescrape_staging\pitching_1969_PL_from_master.csv,3
CSV_ER,ER,0,0,完投,8,0,1969,41343808,大石　清,年度|所属球団|登板|勝利|敗北|セーブ|H|HP|完投|完封勝|無四球|勝率|打者|投球回|安打|本塁打|四球|死球|三振|暴投|ボーク|失点|自責点|防御率,1969|阪　急|43|6|4||||0|0|0|.600|320|79 .1|79|.1|63|14|26|3|37|0|0|32|28|3.19,_data\master_csv__rescrape_staging\pitching_1969_PL_from_master.csv,5
CSV_ER,ER,0,0,完封勝,9,0,1969,41343808,大石　清,年度|所属球団|登板|勝利|敗北|セーブ|H|HP|完投|完封勝|無四球|勝率|打者|投球回|安打|本塁打|四球|死球|三振|暴投|ボーク|失点|自責点|防御率,1969|阪　急|43|6|4||||0|0|0|.600|320|79 .1|79|.1|63|14|26|3|37|0|0|32|28|3.19,_data\master_csv__rescrape_staging\pitching_1969_PL_from_master.csv,5
CSV_ER,ER,0,0,無四球,10,0,1969,41343808,大石　清,年度|所属球団|登板|勝利|敗北|セーブ|H|HP|完投|完封勝|無四球|勝率|打者|投球回|安打|本塁打|四球|死球|三振|暴投|ボーク|失点|自責点|防御率,1969|阪　急|43|6|4||||0|0|0|.600|320|79 .1|79|.1|63|14|26|3|37|0|0|32|28|3.19,_data\master_csv__rescrape_staging\pitching_1969_PL_from_master.csv,5
CSV_ER,ER,0,0,失点,21,0,1969,41343808,大石　清,年度|所属球団|登板|勝利|敗北|セーブ|H|HP|完投|完封勝|無四球|勝率|打者|投球回|安打|本塁打|四球|死球|三振|暴投|ボーク|失点|自責点|防御率,1969|阪　急|43|6|4||||0|0|0|.600|320|79 .1|79|.1|63|14|26|3|37|0|0|32|28|3.19,_data\master_csv__rescrape_staging\pitching_1969_PL_from_master.csv,5
CSV_ER,ER,0,0,自責点,22,0,1969,41343808,大石　清,年度|所属球団|登板|勝利|敗北|セーブ|H|HP|完投|完封勝|無四球|勝率|打者|投球回|安打|本塁打|四球|死球|三振|暴投|ボーク|失点|自責点|防御率,1969|阪　急|43|6|4||||0|0|0|.600|320|79 .1|79|.1|63|14|26|3|37|0|0|32|28|3.19,_data\master_csv__rescrape_staging\pitching_1969_PL_from_master.csv,5
CSV_ER,ER,0,0,index_8,8,0,1969,41343808,大石　清,,1969|阪　急|43|15|15|1|5|1|0|0|6|1|0|0|0|0|0|0|2|0|.333|.400|.333,_data\master_csv__rescrape_staging\pitching_1969_PL_from_master.csv,5
CSV_ER,ER,0,0,index_9,9,0,1969,41343808,大石　清,,1969|阪　急|43|15|15|1|5|1|0|0|6|1|0|0|0|0|0|0|2|0|.333|.400|.333,_data\master_csv__rescrape_staging\pitching_1969_PL_from_master.csv,5
CSV_ER,ER,0,0,index_12,12,0,1969,41343808,大石　清,,1969|阪　急|43|15|15|1|5|1|0|0|6|1|0|0|0|0|0|0|2|0|.333|.400|.333,_data\master_csv__rescrape_staging\pitching_1969_PL_from_master.csv,5
CSV_ER,ER,0,0,index_13,13,0,1969,41343808,大石　清,,1969|阪　急|43|15|15|1|5|1|0|0|6|1|0|0|0|0|0|0|2|0|.333|.400|.333,_data\master_csv__rescrape_staging\pitching_1969_PL_from_master.csv,5
CSV_ER,ER,0,0,index_14,14,0,1969,41343808,大石　清,,1969|阪　急|43|15|15|1|5|1|0|0|6|1|0|0|0|0|0|0|2|0|.333|.400|.333,_data\master_csv__rescrape_staging\pitching_1969_PL_from_master.csv,5
CSV_ER,ER,0,0,index_15,15,0,1969,41343808,大石　清,,1969|阪　急|43|15|15|1|5|1|0|0|6|1|0|0|0|0|0|0|2|0|.333|.400|.333,_data\master_csv__rescrape_staging\pitching_1969_PL_from_master.csv,5
CSV_ER,ER,0,0,index_16,16,0,1969,41343808,大石　清,,1969|阪　急|43|15|15|1|5|1|0|0|6|1|0|0|0|0|0|0|2|0|.333|.400|.333,_data\master_csv__rescrape_staging\pitching_1969_PL_from_master.csv,5
CSV_ER,ER,0,0,index_17,17,0,1969,41343808,大石　清,,1969|阪　急|43|15|15|1|5|1|0|0|6|1|0|0|0|0|0|0|2|0|.333|.400|.333,_data\master_csv__rescrape_staging\pitching_1969_PL_from_master.csv,5
CSV_ER,ER,0,0,index_19,19,0,1969,41343808,大石　清,,1969|阪　急|43|15|15|1|5|1|0|0|6|1|0|0|0|0|0|0|2|0|.333|.400|.333,_data\master_csv__rescrape_staging\pitching_1969_PL_from_master.csv,5
CSV_ERA,ERA,32.0,32,防御率,23,32,1969,41343808,大石　清,年度|所属球団|登板|勝利|敗北|セーブ|H|HP|完投|完封勝|無四球|勝率|打者|投球回|安打|本塁打|四球|死球|三振|暴投|ボーク|失点|自責点|防御率,1969|阪　急|43|6|4||||0|0|0|.600|320|79 .1|79|.1|63|14|26|3|37|0|0|32|28|3.19,_data\master_csv__rescrape_staging\pitching_1969_PL_from_master.csv,5
CSV_ER,ER,0,0,自責点,22,0,1969,91793809,梶本　隆夫,年度|所属球団|登板|勝利|敗北|セーブ|H|HP|完投|完封勝|無四球|勝率|打者|投球回|安打|本塁打|四球|死球|三振|暴投|ボーク|失点|自責点|防御率,1969|阪　急|40|18|10||||9|1|1|.643|766|187 .2|187|.2|178|16|39|4|93|5|0|73|62|2.97,_data\master_csv__rescrape_staging\pitching_1969_PL_from_master.csv,6
CSV_ER,ER,0,0,index_8,8,0,1969,91793809,梶本　隆夫,,1969|阪　急|40|64|58|5|8|2|0|0|10|4|0|0|1|0|5|0|19|1|.138|.172|.206,_data\master_csv__rescrape_staging\pitching_1969_PL_from_master.csv,6
CSV_ER,ER,0,0,index_9,9,0,1969,91793809,梶本　隆夫,,1969|阪　急|40|64|58|5|8|2|0|0|10|4|0|0|1|0|5|0|19|1|.138|.172|.206,_data\master_csv__rescrape_staging\pitching_1969_PL_from_master.csv,6
CSV_ER,ER,0,0,index_12,12,0,1969,91793809,梶本　隆夫,,1969|阪　急|40|64|58|5|8|2|0|0|10|4|0|0|1|0|5|0|19|1|.138|.172|.206,_data\master_csv__rescrape_staging\pitching_1969_PL_from_master.csv,6
CSV_ER,ER,0,0,index_13,13,0,1969,91793809,梶本　隆夫,,1969|阪　急|40|64|58|5|8|2|0|0|10|4|0|0|1|0|5|0|19|1|.138|.172|.206,_data\master_csv__rescrape_staging\pitching_1969_PL_from_master.csv,6
CSV_ER,ER,0,0,index_15,15,0,1969,91793809,梶本　隆夫,,1969|阪　急|40|64|58|5|8|2|0|0|10|4|0|0|1|0|5|0|19|1|.138|.172|.206,_data\master_csv__rescrape_staging\pitching_1969_PL_from_master.csv,6
CSV_ER,ER,0,0,index_17,17,0,1969,91793809,梶本　隆夫,,1969|阪　急|40|64|58|5|8|2|0|0|10|4|0|0|1|0|5|0|19|1|.138|.172|.206,_data\master_csv__rescrape_staging\pitching_1969_PL_from_master.csv,6
CSV_ERA,ERA,73.0,73,防御率,23,73,1969,91793809,梶本　隆夫,年度|所属球団|登板|勝利|敗北|セーブ|H|HP|完投|完封勝|無四球|勝率|打者|投球回|安打|本塁打|四球|死球|三振|暴投|ボーク|失点|自責点|防御率,1969|阪　急|40|18|10||||9|1|1|.643|766|187 .2|187|.2|178|16|39|4|93|5|0|73|62|2.97,_data\master_csv__rescrape_staging\pitching_1969_PL_from_master.csv,6
CSV_ER,ER,1,1,自責点,22,1,1969,71373822,佐々木　誠吾,年度|所属球団|登板|勝利|敗北|セーブ|H|HP|完投|完封勝|無四球|勝率|打者|投球回|安打|本塁打|四球|死球|三振|暴投|ボーク|失点|自責点|防御率,1969|阪　急|21|5|2||||2|0|0|.714|329|79 .2|79|.2|65|10|20|2|45|0|1|29|26|2.93,_data\master_csv__rescrape_staging\pitching_1969_PL_from_master.csv,7
CSV_ER,ER,1,1,index_16,16,1,1969,71373822,佐々木　誠吾,,1969|阪　急|21|26|25|0|2|0|0|0|2|0|0|0|0|0|1|0|9|1|.080|.080|.115,_data\master_csv__rescrape_staging\pitching_1969_PL_from_master.csv,7
CSV_ER,ER,1,1,index_19,19,1,1969,71373822,佐々木　誠吾,,1969|阪　急|21|26|25|0|2|0|0|0|2|0|0|0|0|0|1|0|9|1|.080|.080|.115,_data\master_csv__rescrape_staging\pitching_1969_PL_from_master.csv,7
CSV_ERA,ERA,29.0,29,防御率,23,29,1969,71373822,佐々木　誠吾,年度|所属球団|登板|勝利|敗北|セーブ|H|HP|完投|完封勝|無四球|勝率|打者|投球回|安打|本塁打|四球|死球|三振|暴投|ボーク|失点|自責点|防御率,1969|阪　急|21|5|2||||2|0|0|.714|329|79 .2|79|.2|65|10|20|2|45|0|1|29|26|2.93,_data\master_csv__rescrape_staging\pitching_1969_PL_from_master.csv,7
CSV_IP,IP,118.0,118,投球回,13,118,1970,51053825,城之内　邦雄,年度|所属球団|登板|勝利|敗北|セーブ|H|HP|完投|完封勝|無四球|勝率|打者|投球回|安打|本塁打|四球|死球|三振|暴投|ボーク|失点|自責点|防御率,1970|読　売|21|7|6||||5|1|4|.538|475|118|118||111|13|16|2|50|0|0|42|39|2.97,_data\master_csv__rescrape_staging\pitching_1970_CL_from_master.csv,5
CSV_IP,IP,118.0,118,安打,14,118,1970,51053825,城之内　邦雄,年度|所属球団|登板|勝利|敗北|セーブ|H|HP|完投|完封勝|無四球|勝率|打者|投球回|安打|本塁打|四球|死球|三振|暴投|ボーク|失点|自責点|防御率,1970|読　売|21|7|6||||5|1|4|.538|475|118|118||111|13|16|2|50|0|0|42|39|2.97,_data\master_csv__rescrape_staging\pitching_1970_CL_from_master.csv,5
CSV_ER,ER,0,0,失点,21,0,1970,51053825,城之内　邦雄,年度|所属球団|登板|勝利|敗北|セーブ|H|HP|完投|完封勝|無四球|勝率|打者|投球回|安打|本塁打|四球|死球|三振|暴投|ボーク|失点|自責点|防御率,1970|読　売|21|7|6||||5|1|4|.538|475|118|118||111|13|16|2|50|0|0|42|39|2.97,_data\master_csv__rescrape_staging\pitching_1970_CL_from_master.csv,5
CSV_ER,ER,0,0,自責点,22,0,1970,51053825,城之内　邦雄,年度|所属球団|登板|勝利|敗北|セーブ|H|HP|完投|完封勝|無四球|勝率|打者|投球回|安打|本塁打|四球|死球|三振|暴投|ボーク|失点|自責点|防御率,1970|読　売|21|7|6||||5|1|4|.538|475|118|118||111|13|16|2|50|0|0|42|39|2.97,_data\master_csv__rescrape_staging\pitching_1970_CL_from_master.csv,5
CSV_ER,ER,0,0,index_8,8,0,1970,51053825,城之内　邦雄,,1970|読　売|21|43|41|1|5|1|0|0|6|5|0|0|2|0|0|0|24|0|.122|.146|,_data\master_csv__rescrape_staging\pitching_1970_CL_from_master.csv,5
CSV_ER,ER,0,0,index_9,9,0,1970,51053825,城之内　邦雄,,1970|読　売|21|43|41|1|5|1|0|0|6|5|0|0|2|0|0|0|24|0|.122|.146|,_data\master_csv__rescrape_staging\pitching_1970_CL_from_master.csv,5
CSV_ER,ER,0,0,index_12,12,0,1970,51053825,城之内　邦雄,,1970|読　売|21|43|41|1|5|1|0|0|6|5|0|0|2|0|0|0|24|0|.122|.146|,_data\master_csv__rescrape_staging\pitching_1970_CL_from_master.csv,5
CSV_ER,ER,0,0,index_13,13,0,1970,51053825,城之内　邦雄,,1970|読　売|21|43|41|1|5|1|0|0|6|5|0|0|2|0|0|0|24|0|.122|.146|,_data\master_csv__rescrape_staging\pitching_1970_CL_from_master.csv,5
CSV_ER,ER,0,0,index_15,15,0,1970,51053825,城之内　邦雄,,1970|読　売|21|43|41|1|5|1|0|0|6|5|0|0|2|0|0|0|24|0|.122|.146|,_data\master_csv__rescrape_staging\pitching_1970_CL_from_master.csv,5
CSV_ER,ER,0,0,index_16,16,0,1970,51053825,城之内　邦雄,,1970|読　売|21|43|41|1|5|1|0|0|6|5|0|0|2|0|0|0|24|0|.122|.146|,_data\master_csv__rescrape_staging\pitching_1970_CL_from_master.csv,5
CSV_ER,ER,0,0,index_17,17,0,1970,51053825,城之内　邦雄,,1970|読　売|21|43|41|1|5|1|0|0|6|5|0|0|2|0|0|0|24|0|.122|.146|,_data\master_csv__rescrape_staging\pitching_1970_CL_from_master.csv,5
CSV_ER,ER,0,0,index_19,19,0,1970,51053825,城之内　邦雄,,1970|読　売|21|43|41|1|5|1|0|0|6|5|0|0|2|0|0|0|24|0|.122|.146|,_data\master_csv__rescrape_staging\pitching_1970_CL_from_master.csv,5
CSV_ERA,ERA,42.0,42,防御率,23,42,1970,51053825,城之内　邦雄,年度|所属球団|登板|勝利|敗北|セーブ|H|HP|完投|完封勝|無四球|勝率|打者|投球回|安打|本塁打|四球|死球|三振|暴投|ボーク|失点|自責点|防御率,1970|読　売|21|7|6||||5|1|4|.538|475|118|118||111|13|16|2|50|0|0|42|39|2.97,_data\master_csv__rescrape_staging\pitching_1970_CL_from_master.csv,5
CSV_IP,IP,215.0,215,投球回,13,215,1970,01703820,高橋　一三,年度|所属球団|登板|勝利|敗北|セーブ|H|HP|完投|完封勝|無四球|勝率|打者|投球回|安打|本塁打|四球|死球|三振|暴投|ボーク|失点|自責点|防御率,1970|読　売|35|12|10||||10|5|1|.545|890|215|215||167|23|89|6|180|2|0|77|71|2.97,_data\master_csv__rescrape_staging\pitching_1970_CL_from_master.csv,8
CSV_IP,IP,215.0,215,安打,14,215,1970,01703820,高橋　一三,年度|所属球団|登板|勝利|敗北|セーブ|H|HP|完投|完封勝|無四球|勝率|打者|投球回|安打|本塁打|四球|死球|三振|暴投|ボーク|失点|自責点|防御率,1970|読　売|35|12|10||||10|5|1|.545|890|215|215||167|23|89|6|180|2|0|77|71|2.97,_data\master_csv__rescrape_staging\pitching_1970_CL_from_master.csv,8
CSV_ER,ER,0,0,自責点,22,0,1970,01703820,高橋　一三,年度|所属球団|登板|勝利|敗北|セーブ|H|HP|完投|完封勝|無四球|勝率|打者|投球回|安打|本塁打|四球|死球|三振|暴投|ボーク|失点|自責点|防御率,1970|読　売|35|12|10||||10|5|1|.545|890|215|215||167|23|89|6|180|2|0|77|71|2.97,_data\master_csv__rescrape_staging\pitching_1970_CL_from_master.csv,8
CSV_ER,ER,0,0,index_7,7,0,1970,01703820,高橋　一三,,1970|読　売|35|76|73|4|10|0|0|0|10|4|0|0|2|0|1|0|33|1|.137|.137|,_data\master_csv__rescrape_staging\pitching_1970_CL_from_master.csv,8
CSV_ER,ER,0,0,index_8,8,0,1970,01703820,高橋　一三,,1970|読　売|35|76|73|4|10|0|0|0|10|4|0|0|2|0|1|0|33|1|.137|.137|,_data\master_csv__rescrape_staging\pitching_1970_CL_from_master.csv,8
CSV_ER,ER,0,0,index_9,9,0,1970,01703820,高橋　一三,,1970|読　売|35|76|73|4|10|0|0|0|10|4|0|0|2|0|1|0|33|1|.137|.137|,_data\master_csv__rescrape_staging\pitching_1970_CL_from_master.csv,8
CSV_ER,ER,0,0,index_12,12,0,1970,01703820,高橋　一三,,1970|読　売|35|76|73|4|10|0|0|0|10|4|0|0|2|0|1|0|33|1|.137|.137|,_data\master_csv__rescrape_staging\pitching_1970_CL_from_master.csv,8
CSV_ER,ER,0,0,index_13,13,0,1970,01703820,高橋　一三,,1970|読　売|35|76|73|4|10|0|0|0|10|4|0|0|2|0|1|0|33|1|.137|.137|,_data\master_csv__rescrape_staging\pitching_1970_CL_from_master.csv,8
CSV_ER,ER,0,0,index_15,15,0,1970,01703820,高橋　一三,,1970|読　売|35|76|73|4|10|0|0|0|10|4|0|0|2|0|1|0|33|1|.137|.137|,_data\master_csv__rescrape_staging\pitching_1970_CL_from_master.csv,8
CSV_ER,ER,0,0,index_17,17,0,1970,01703820,高橋　一三,,1970|読　売|35|76|73|4|10|0|0|0|10|4|0|0|2|0|1|0|33|1|.137|.137|,_data\master_csv__rescrape_staging\pitching_1970_CL_from_master.csv,8
CSV_ERA,ERA,77.0,77,防御率,23,77,1970,01703820,高橋　一三,年度|所属球団|登板|勝利|敗北|セーブ|H|HP|完投|完封勝|無四球|勝率|打者|投球回|安打|本塁打|四球|死球|三振|暴投|ボーク|失点|自責点|防御率,1970|読　売|35|12|10||||10|5|1|.545|890|215|215||167|23|89|6|180|2|0|77|71|2.97,_data\master_csv__rescrape_staging\pitching_1970_CL_from_master.csv,8
CSV_ER,ER,0,0,無四球,10,0,1970,91093822,堀内　恒夫,年度|所属球団|登板|勝利|敗北|セーブ|H|HP|完投|完封勝|無四球|勝率|打者|投球回|安打|本塁打|四球|死球|三振|暴投|ボーク|失点|自責点|防御率,1970|読　売|42|18|10||||18|1|0|.643|1130|282 .2|282|.2|202|22|103|7|228|2|0|82|65|2.07,_data\master_csv__rescrape_staging\pitching_1970_CL_from_master.csv,10
CSV_ER,ER,0,0,自責点,22,0,1970,91093822,堀内　恒夫,年度|所属球団|登板|勝利|敗北|セーブ|H|HP|完投|完封勝|無四球|勝率|打者|投球回|安打|本塁打|四球|死球|三振|暴投|ボーク|失点|自責点|防御率,1970|読　売|42|18|10||||18|1|0|.643|1130|282 .2|282|.2|202|22|103|7|228|2|0|82|65|2.07,_data\master_csv__rescrape_staging\pitching_1970_CL_from_master.csv,10
CSV_ER,ER,0,0,index_8,8,0,1970,91093822,堀内　恒夫,,1970|読　売|42|103|99|1|13|1|0|1|17|5|0|0|3|0|1|0|19|2|.131|.172|,_data\master_csv__rescrape_staging\pitching_1970_CL_from_master.csv,10
CSV_ER,ER,0,0,index_12,12,0,1970,91093822,堀内　恒夫,,1970|読　売|42|103|99|1|13|1|0|1|17|5|0|0|3|0|1|0|19|2|.131|.172|,_data\master_csv__rescrape_staging\pitching_1970_CL_from_master.csv,10
CSV_ER,ER,0,0,index_13,13,0,1970,91093822,堀内　恒夫,,1970|読　売|42|103|99|1|13|1|0|1|17|5|0|0|3|0|1|0|19|2|.131|.172|,_data\master_csv__rescrape_staging\pitching_1970_CL_from_master.csv,10
CSV_ER,ER,0,0,index_15,15,0,1970,91093822,堀内　恒夫,,1970|読　売|42|103|99|1|13|1|0|1|17|5|0|0|3|0|1|0|19|2|.131|.172|,_data\master_csv__rescrape_staging\pitching_1970_CL_from_master.csv,10
CSV_ER,ER,0,0,index_17,17,0,1970,91093822,堀内　恒夫,,1970|読　売|42|103|99|1|13|1|0|1|17|5|0|0|3|0|1|0|19|2|.131|.172|,_data\master_csv__rescrape_staging\pitching_1970_CL_from_master.csv,10
CSV_ERA,ERA,82.0,82,防御率,23,82,1970,91093822,堀内　恒夫,年度|所属球団|登板|勝利|敗北|セーブ|H|HP|完投|完封勝|無四球|勝率|打者|投球回|安打|本塁打|四球|死球|三振|暴投|ボーク|失点|自責点|防御率,1970|読　売|42|18|10||||18|1|0|.643|1130|282 .2|282|.2|202|22|103|7|228|2|0|82|65|2.07,_data\master_csv__rescrape_staging\pitching_1970_CL_from_master.csv,10
CSV_ER,ER,0,0,完投,8,0,1970,31233828,山内　新一,年度|所属球団|登板|勝利|敗北|セーブ|H|HP|完投|完封勝|無四球|勝率|打者|投球回|安打|本塁打|四球|死球|三振|暴投|ボーク|失点|自責点|防御率,1970|読　売|41|8|4||||0|0|0|.667|430|111 .1|111|.1|85|7|23|4|57|0|0|28|22|1.78,_data\master_csv__rescrape_staging\pitching_1970_CL_from_master.csv,12
CSV_ER,ER,0,0,完封勝,9,0,1970,31233828,山内　新一,年度|所属球団|登板|勝利|敗北|セーブ|H|HP|完投|完封勝|無四球|勝率|打者|投球回|安打|本塁打|四球|死球|三振|暴投|ボーク|失点|自責点|防御率,1970|読　売|41|8|4||||0|0|0|.667|430|111 .1|111|.1|85|7|23|4|57|0|0|28|22|1.78,_data\master_csv__rescrape_staging\pitching_1970_CL_from_master.csv,12
CSV_ER,ER,0,0,無四球,10,0,1970,31233828,山内　新一,年度|所属球団|登板|勝利|敗北|セーブ|H|HP|完投|完封勝|無四球|勝率|打者|投球回|安打|本塁打|四球|死球|三振|暴投|ボーク|失点|自責点|防御率,1970|読　売|41|8|4||||0|0|0|.667|430|111 .1|111|.1|85|7|23|4|57|0|0|28|22|1.78,_data\master_csv__rescrape_staging\pitching_1970_CL_from_master.csv,12
CSV_ER,ER,0,0,失点,21,0,1970,31233828,山内　新一,年度|所属球団|登板|勝利|敗北|セーブ|H|HP|完投|完封勝|無四球|勝率|打者|投球回|安打|本塁打|四球|死球|三振|暴投|ボーク|失点|自責点|防御率,1970|読　売|41|8|4||||0|0|0|.667|430|111 .1|111|.1|85|7|23|4|57|0|0|28|22|1.78,_data\master_csv__rescrape_staging\pitching_1970_CL_from_master.csv,12
CSV_ER,ER,0,0,自責点,22,0,1970,31233828,山内　新一,年度|所属球団|登板|勝利|敗北|セーブ|H|HP|完投|完封勝|無四球|勝率|打者|投球回|安打|本塁打|四球|死球|三振|暴投|ボーク|失点|自責点|防御率,1970|読　売|41|8|4||||0|0|0|.667|430|111 .1|111|.1|85|7|23|4|57|0|0|28|22|1.78,_data\master_csv__rescrape_staging\pitching_1970_CL_from_master.csv,12
CSV_ER,ER,0,0,index_8,8,0,1970,31233828,山内　新一,,1970|読　売|41|31|30|2|5|2|0|0|7|0|0|0|0|0|1|0|8|0|.167|.233|,_data\master_csv__rescrape_staging\pitching_1970_CL_from_master.csv,12
CSV_ER,ER,0,0,index_9,9,0,1970,31233828,山内　新一,,1970|読　売|41|31|30|2|5|2|0|0|7|0|0|0|0|0|1|0|8|0|.167|.233|,_data\master_csv__rescrape_staging\pitching_1970_CL_from_master.csv,12
CSV_ER,ER,0,0,index_11,11,0,1970,31233828,山内　新一,,1970|読　売|41|31|30|2|5|2|0|0|7|0|0|0|0|0|1|0|8|0|.167|.233|,_data\master_csv__rescrape_staging\pitching_1970_CL_from_master.csv,12
CSV_ER,ER,0,0,index_12,12,0,1970,31233828,山内　新一,,1970|読　売|41|31|30|2|5|2|0|0|7|0|0|0|0|0|1|0|8|0|.167|.233|,_data\master_csv__rescrape_staging\pitching_1970_CL_from_master.csv,12
CSV_ER,ER,0,0,index_13,13,0,1970,31233828,山内　新一,,1970|読　売|41|31|30|2|5|2|0|0|7|0|0|0|0|0|1|0|8|0|.167|.233|,_data\master_csv__rescrape_staging\pitching_1970_CL_from_master.csv,12
CSV_ER,ER,0,0,index_14,14,0,1970,31233828,山内　新一,,1970|読　売|41|31|30|2|5|2|0|0|7|0|0|0|0|0|1|0|8|0|.167|.233|,_data\master_csv__rescrape_staging\pitching_1970_CL_from_master.csv,12
CSV_ER,ER,0,0,index_15,15,0,1970,31233828,山内　新一,,1970|読　売|41|31|30|2|5|2|0|0|7|0|0|0|0|0|1|0|8|0|.167|.233|,_data\master_csv__rescrape_staging\pitching_1970_CL_from_master.csv,12
CSV_ER,ER,0,0,index_17,17,0,1970,31233828,山内　新一,,1970|読　売|41|31|30|2|5|2|0|0|7|0|0|0|0|0|1|0|8|0|.167|.233|,_data\master_csv__rescrape_staging\pitching_1970_CL_from_master.csv,12
CSV_ER,ER,0,0,index_19,19,0,1970,31233828,山内　新一,,1970|読　売|41|31|30|2|5|2|0|0|7|0|0|0|0|0|1|0|8|0|.167|.233|,_data\master_csv__rescrape_staging\pitching_1970_CL_from_master.csv,12
CSV_ERA,ERA,28.0,28,防御率,23,28,1970,31233828,山内　新一,年度|所属球団|登板|勝利|敗北|セーブ|H|HP|完投|完封勝|無四球|勝率|打者|投球回|安打|本塁打|四球|死球|三振|暴投|ボーク|失点|自責点|防御率,1970|読　売|41|8|4||||0|0|0|.667|430|111 .1|111|.1|85|7|23|4|57|0|0|28|22|1.78,_data\master_csv__rescrape_staging\pitching_1970_CL_from_master.csv,12
CSV_ER,ER,0,0,自責点,22,0,1970,41643829,渡辺　秀武,年度|所属球団|登板|勝利|敗北|セーブ|H|HP|完投|完封勝|無四球|勝率|打者|投球回|安打|本塁打|四球|死球|三振|暴投|ボーク|失点|自責点|防御率,1970|読　売|42|23|8||||18|7|3|.742|1011|260 .1|260|.1|200|20|39|14|183|3|0|75|73|2.53,_data\master_csv__rescrape_staging\pitching_1970_CL_from_master.csv,14
CSV_ER,ER,0,0,index_9,9,0,1970,41643829,渡辺　秀武,,1970|読　売|42|90|83|6|12|1|1|0|15|5|0|0|2|0|3|2|24|2|.145|.181|,_data\master_csv__rescrape_staging\pitching_1970_CL_from_master.csv,14
CSV_ER,ER,0,0,index_12,12,0,1970,41643829,渡辺　秀武,,1970|読　売|42|90|83|6|12|1|1|0|15|5|0|0|2|0|3|2|24|2|.145|.181|,_data\master_csv__rescrape_staging\pitching_1970_CL_from_master.csv,14
CSV_ER,ER,0,0,index_13,13,0,1970,41643829,渡辺　秀武,,1970|読　売|42|90|83|6|12|1|1|0|15|5|0|0|2|0|3|2|24|2|.145|.181|,_data\master_csv__rescrape_staging\pitching_1970_CL_from_master.csv,14
CSV_ER,ER,0,0,index_15,15,0,1970,41643829,渡辺　秀武,,1970|読　売|42|90|83|6|12|1|1|0|15|5|0|0|2|0|3|2|24|2|.145|.181|,_data\master_csv__rescrape_staging\pitching_1970_CL_from_master.csv,14
CSV_ERA,ERA,75.0,75,防御率,23,75,1970,41643829,渡辺　秀武,年度|所属球団|登板|勝利|敗北|セーブ|H|HP|完投|完封勝|無四球|勝率|打者|投球回|安打|本塁打|四球|死球|三振|暴投|ボーク|失点|自責点|防御率,1970|読　売|42|23|8||||18|7|3|.742|1011|260 .1|260|.1|200|20|39|14|183|3|0|75|73|2.53,_data\master_csv__rescrape_staging\pitching_1970_CL_from_master.csv,14
CSV_IP,IP,117.0,117,投球回,13,117,1970,71173808,足立　光宏,年度|所属球団|登板|勝利|敗北|セーブ|H|HP|完投|完封勝|無四球|勝率|打者|投球回|安打|本塁打|四球|死球|三振|暴投|ボーク|失点|自責点|防御率,1970|阪　急|46|9|2||||3|0|0|.818|469|117|117||112|11|24|3|59|0|0|45|39|3.00,_data\master_csv__rescrape_staging\pitching_1970_PL_from_master.csv,2
CSV_IP,IP,117.0,117,安打,14,117,1970,71173808,足立　光宏,年度|所属球団|登板|勝利|敗北|セーブ|H|HP|完投|完封勝|無四球|勝率|打者|投球回|安打|本塁打|四球|死球|三振|暴投|ボーク|失点|自責点|防御率,1970|阪　急|46|9|2||||3|0|0|.818|469|117|117||112|11|24|3|59|0|0|45|39|3.00,_data\master_csv__rescrape_staging\pitching_1970_PL_from_master.csv,2
CSV_ER,ER,0,0,完封勝,9,0,1970,71173808,足立　光宏,年度|所属球団|登板|勝利|敗北|セーブ|H|HP|完投|完封勝|無四球|勝率|打者|投球回|安打|本塁打|四球|死球|三振|暴投|ボーク|失点|自責点|防御率,1970|阪　急|46|9|2||||3|0|0|.818|469|117|117||112|11|24|3|59|0|0|45|39|3.00,_data\master_csv__rescrape_staging\pitching_1970_PL_from_master.csv,2
CSV_ER,ER,0,0,無四球,10,0,1970,71173808,足立　光宏,年度|所属球団|登板|勝利|敗北|セーブ|H|HP|完投|完封勝|無四球|勝率|打者|投球回|安打|本塁打|四球|死球|三振|暴投|ボーク|失点|自責点|防御率,1970|阪　急|46|9|2||||3|0|0|.818|469|117|117||112|11|24|3|59|0|0|45|39|3.00,_data\master_csv__rescrape_staging\pitching_1970_PL_from_master.csv,2
CSV_ER,ER,0,0,失点,21,0,1970,71173808,足立　光宏,年度|所属球団|登板|勝利|敗北|セーブ|H|HP|完投|完封勝|無四球|勝率|打者|投球回|安打|本塁打|四球|死球|三振|暴投|ボーク|失点|自責点|防御率,1970|阪　急|46|9|2||||3|0|0|.818|469|117|117||112|11|24|3|59|0|0|45|39|3.00,_data\master_csv__rescrape_staging\pitching_1970_PL_from_master.csv,2
CSV_ER,ER,0,0,自責点,22,0,1970,71173808,足立　光宏,年度|所属球団|登板|勝利|敗北|セーブ|H|HP|完投|完封勝|無四球|勝率|打者|投球回|安打|本塁打|四球|死球|三振|暴投|ボーク|失点|自責点|防御率,1970|阪　急|46|9|2||||3|0|0|.818|469|117|117||112|11|24|3|59|0|0|45|39|3.00,_data\master_csv__rescrape_staging\pitching_1970_PL_from_master.csv,2
CSV_ER,ER,0,0,index_8,8,0,1970,71173808,足立　光宏,,1970|阪　急|48|27|22|2|5|1|0|0|6|2|1|0|3|0|2|0|2|0|.227|.273|.292,_data\master_csv__rescrape_staging\pitching_1970_PL_from_master.csv,2
CSV_ER,ER,0,0,index_9,9,0,1970,71173808,足立　光宏,,1970|阪　急|48|27|22|2|5|1|0|0|6|2|1|0|3|0|2|0|2|0|.227|.273|.292,_data\master_csv__rescrape_staging\pitching_1970_PL_from_master.csv,2
CSV_ER,ER,0,0,index_13,13,0,1970,71173808,足立　光宏,,1970|阪　急|48|27|22|2|5|1|0|0|6|2|1|0|3|0|2|0|2|0|.227|.273|.292,_data\master_csv__rescrape_staging\pitching_1970_PL_from_master.csv,2
CSV_ER,ER,0,0,index_15,15,0,1970,71173808,足立　光宏,,1970|阪　急|48|27|22|2|5|1|0|0|6|2|1|0|3|0|2|0|2|0|.227|.273|.292,_data\master_csv__rescrape_staging\pitching_1970_PL_from_master.csv,2
CSV_ER,ER,0,0,index_17,17,0,1970,71173808,足立　光宏,,1970|阪　急|48|27|22|2|5|1|0|0|6|2|1|0|3|0|2|0|2|0|.227|.273|.292,_data\master_csv__rescrape_staging\pitching_1970_PL_from_master.csv,2
CSV_ER,ER,0,0,index_19,19,0,1970,71173808,足立　光宏,,1970|阪　急|48|27|22|2|5|1|0|0|6|2|1|0|3|0|2|0|2|0|.227|.273|.292,_data\master_csv__rescrape_staging\pitching_1970_PL_from_master.csv,2
CSV_ERA,ERA,45.0,45,防御率,23,45,1970,71173808,足立　光宏,年度|所属球団|登板|勝利|敗北|セーブ|H|HP|完投|完封勝|無四球|勝率|打者|投球回|安打|本塁打|四球|死球|三振|暴投|ボーク|失点|自責点|防御率,1970|阪　急|46|9|2||||3|0|0|.818|469|117|117||112|11|24|3|59|0|0|45|39|3.00,_data\master_csv__rescrape_staging\pitching_1970_PL_from_master.csv,2
CSV_ER,ER,0,0,自責点,22,0,1970,41143806,石井　茂雄,年度|所属球団|登板|勝利|敗北|セーブ|H|HP|完投|完封勝|無四球|勝率|打者|投球回|安打|本塁打|四球|死球|三振|暴投|ボーク|失点|自責点|防御率,1970|阪　急|40|16|12||||13|2|3|.571|927|229 .1|229|.1|202|26|54|4|109|2|0|90|82|3.22,_data\master_csv__rescrape_staging\pitching_1970_PL_from_master.csv,4
CSV_ER,ER,0,0,index_8,8,0,1970,41143806,石井　茂雄,,1970|阪　急|40|79|74|8|14|5|0|1|22|7|0|0|4|0|1|0|23|1|.189|.297|.200,_data\master_csv__rescrape_staging\pitching_1970_PL_from_master.csv,4
CSV_ER,ER,0,0,index_12,12,0,1970,41143806,石井　茂雄,,1970|阪　急|40|79|74|8|14|5|0|1|22|7|0|0|4|0|1|0|23|1|.189|.297|.200,_data\master_csv__rescrape_staging\pitching_1970_PL_from_master.csv,4
CSV_ER,ER,0,0,index_13,13,0,1970,41143806,石井　茂雄,,1970|阪　急|40|79|74|8|14|5|0|1|22|7|0|0|4|0|1|0|23|1|.189|.297|.200,_data\master_csv__rescrape_staging\pitching_1970_PL_from_master.csv,4
CSV_ER,ER,0,0,index_15,15,0,1970,41143806,石井　茂雄,,1970|阪　急|40|79|74|8|14|5|0|1|22|7|0|0|4|0|1|0|23|1|.189|.297|.200,_data\master_csv__rescrape_staging\pitching_1970_PL_from_master.csv,4
CSV_ER,ER,0,0,index_17,17,0,1970,41143806,石井　茂雄,,1970|阪　急|40|79|74|8|14|5|0|1|22|7|0|0|4|0|1|0|23|1|.189|.297|.200,_data\master_csv__rescrape_staging\pitching_1970_PL_from_master.csv,4
CSV_ERA,ERA,90.0,90,防御率,23,90,1970,41143806,石井　茂雄,年度|所属球団|登板|勝利|敗北|セーブ|H|HP|完投|完封勝|無四球|勝率|打者|投球回|安打|本塁打|四球|死球|三振|暴投|ボーク|失点|自責点|防御率,1970|阪　急|40|16|12||||13|2|3|.571|927|229 .1|229|.1|202|26|54|4|109|2|0|90|82|3.22,_data\master_csv__rescrape_staging\pitching_1970_PL_from_master.csv,4
CSV_ER,ER,0,0,完封勝,9,0,1970,91793809,梶本　隆夫,年度|所属球団|登板|勝利|敗北|セーブ|H|HP|完投|完封勝|無四球|勝率|打者|投球回|安打|本塁打|四球|死球|三振|暴投|ボーク|失点|自責点|防御率,1970|阪　急|29|4|9||||4|0|1|.308|452|103 .1|103|.1|116|17|35|2|56|1|0|62|55|4.81,_data\master_csv__rescrape_staging\pitching_1970_PL_from_master.csv,6
CSV_ER,ER,0,0,自責点,22,0,1970,91793809,梶本　隆夫,年度|所属球団|登板|勝利|敗北|セーブ|H|HP|完投|完封勝|無四球|勝率|打者|投球回|安打|本塁打|四球|死球|三振|暴投|ボーク|失点|自責点|防御率,1970|阪　急|29|4|9||||4|0|1|.308|452|103 .1|103|.1|116|17|35|2|56|1|0|62|55|4.81,_data\master_csv__rescrape_staging\pitching_1970_PL_from_master.csv,6
CSV_ER,ER,0,0,index_8,8,0,1970,91793809,梶本　隆夫,,1970|阪　急|29|34|31|3|2|1|0|0|3|0|0|0|1|0|2|0|12|1|.065|.097|.121,_data\master_csv__rescrape_staging\pitching_1970_PL_from_master.csv,6
CSV_ER,ER,0,0,index_9,9,0,1970,91793809,梶本　隆夫,,1970|阪　急|29|34|31|3|2|1|0|0|3|0|0|0|1|0|2|0|12|1|.065|.097|.121,_data\master_csv__rescrape_staging\pitching_1970_PL_from_master.csv,6
CSV_ER,ER,0,0,index_11,11,0,1970,91793809,梶本　隆夫,,1970|阪　急|29|34|31|3|2|1|0|0|3|0|0|0|1|0|2|0|12|1|.065|.097|.121,_data\master_csv__rescrape_staging\pitching_1970_PL_from_master.csv,6
CSV_ER,ER,0,0,index_12,12,0,1970,91793809,梶本　隆夫,,1970|阪　急|29|34|31|3|2|1|0|0|3|0|0|0|1|0|2|0|12|1|.065|.097|.121,_data\master_csv__rescrape_staging\pitching_1970_PL_from_master.csv,6
CSV_ER,ER,0,0,index_13,13,0,1970,91793809,梶本　隆夫,,1970|阪　急|29|34|31|3|2|1|0|0|3|0|0|0|1|0|2|0|12|1|.065|.097|.121,_data\master_csv__rescrape_staging\pitching_1970_PL_from_master.csv,6
CSV_ER,ER,0,0,index_15,15,0,1970,91793809,梶本　隆夫,,1970|阪　急|29|34|31|3|2|1|0|0|3|0|0|0|1|0|2|0|12|1|.065|.097|.121,_data\master_csv__rescrape_staging\pitching_1970_PL_from_master.csv,6
CSV_ER,ER,0,0,index_17,17,0,1970,91793809,梶本　隆夫,,1970|阪　急|29|34|31|3|2|1|0|0|3|0|0|0|1|0|2|0|12|1|.065|.097|.121,_data\master_csv__rescrape_staging\pitching_1970_PL_from_master.csv,6
CSV_ERA,ERA,62.0,62,防御率,23,62,1970,91793809,梶本　隆夫,年度|所属球団|登板|勝利|敗北|セーブ|H|HP|完投|完封勝|無四球|勝率|打者|投球回|安打|本塁打|四球|死球|三振|暴投|ボーク|失点|自責点|防御率,1970|阪　急|29|4|9||||4|0|1|.308|452|103 .1|103|.1|116|17|35|2|56|1|0|62|55|4.81,_data\master_csv__rescrape_staging\pitching_1970_PL_from_master.csv,6
CSV_ER,ER,0,0,勝利,3,0,1970,51053829,戸田　善紀,年度|所属球団|登板|勝利|敗北|セーブ|H|HP|完投|完封勝|無四球|勝率|打者|投球回|安打|本塁打|四球|死球|三振|暴投|ボーク|失点|自責点|防御率,1970|阪　急|17|0|0||||0|0|0|.000|140|33 .2|33|.2|33|6|8|1|32|0|0|20|19|5.03,_data\master_csv__rescrape_staging\pitching_1970_PL_from_master.csv,9
CSV_ER,ER,0,0,敗北,4,0,1970,51053829,戸田　善紀,年度|所属球団|登板|勝利|敗北|セーブ|H|HP|完投|完封勝|無四球|勝率|打者|投球回|安打|本塁打|四球|死球|三振|暴投|ボーク|失点|自責点|防御率,1970|阪　急|17|0|0||||0|0|0|.000|140|33 .2|33|.2|33|6|8|1|32|0|0|20|19|5.03,_data\master_csv__rescrape_staging\pitching_1970_PL_from_master.csv,9
CSV_ER,ER,0,0,完投,8,0,1970,51053829,戸田　善紀,年度|所属球団|登板|勝利|敗北|セーブ|H|HP|完投|完封勝|無四球|勝率|打者|投球回|安打|本塁打|四球|死球|三振|暴投|ボーク|失点|自責点|防御率,1970|阪　急|17|0|0||||0|0|0|.000|140|33 .2|33|.2|33|6|8|1|32|0|0|20|19|5.03,_data\master_csv__rescrape_staging\pitching_1970_PL_from_master.csv,9
CSV_ER,ER,0,0,完封勝,9,0,1970,51053829,戸田　善紀,年度|所属球団|登板|勝利|敗北|セーブ|H|HP|完投|完封勝|無四球|勝率|打者|投球回|安打|本塁打|四球|死球|三振|暴投|ボーク|失点|自責点|防御率,1970|阪　急|17|0|0||||0|0|0|.000|140|33 .2|33|.2|33|6|8|1|32|0|0|20|19|5.03,_data\master_csv__rescrape_staging\pitching_1970_PL_from_master.csv,9
CSV_ER,ER,0,0,無四球,10,0,1970,51053829,戸田　善紀,年度|所属球団|登板|勝利|敗北|セーブ|H|HP|完投|完封勝|無四球|勝率|打者|投球回|安打|本塁打|四球|死球|三振|暴投|ボーク|失点|自責点|防御率,1970|阪　急|17|0|0||||0|0|0|.000|140|33 .2|33|.2|33|6|8|1|32|0|0|20|19|5.03,_data\master_csv__rescrape_staging\pitching_1970_PL_from_master.csv,9
CSV_ER,ER,0,0,勝率,11,.000,1970,51053829,戸田　善紀,年度|所属球団|登板|勝利|敗北|セーブ|H|HP|完投|完封勝|無四球|勝率|打者|投球回|安打|本塁打|四球|死球|三振|暴投|ボーク|失点|自責点|防御率,1970|阪　急|17|0|0||||0|0|0|.000|140|33 .2|33|.2|33|6|8|1|32|0|0|20|19|5.03,_data\master_csv__rescrape_staging\pitching_1970_PL_from_master.csv,9
CSV_ER,ER,0,0,失点,21,0,1970,51053829,戸田　善紀,年度|所属球団|登板|勝利|敗北|セーブ|H|HP|完投|完封勝|無四球|勝率|打者|投球回|安打|本塁打|四球|死球|三振|暴投|ボーク|失点|自責点|防御率,1970|阪　急|17|0|0||||0|0|0|.000|140|33 .2|33|.2|33|6|8|1|32|0|0|20|19|5.03,_data\master_csv__rescrape_staging\pitching_1970_PL_from_master.csv,9
CSV_ER,ER,0,0,自責点,22,0,1970,51053829,戸田　善紀,年度|所属球団|登板|勝利|敗北|セーブ|H|HP|完投|完封勝|無四球|勝率|打者|投球回|安打|本塁打|四球|死球|三振|暴投|ボーク|失点|自責点|防御率,1970|阪　急|17|0|0||||0|0|0|.000|140|33 .2|33|.2|33|6|8|1|32|0|0|20|19|5.03,_data\master_csv__rescrape_staging\pitching_1970_PL_from_master.csv,9
CSV_ER,ER,0,0,index_5,5,0,1970,51053829,戸田　善紀,,1970|阪　急|17|5|5|0|0|0|0|0|0|0|0|0|0|0|0|0|1|0|.000|.000|.000,_data\master_csv__rescrape_staging\pitching_1970_PL_from_master.csv,9
CSV_ER,ER,0,0,index_6,6,0,1970,51053829,戸田　善紀,,1970|阪　急|17|5|5|0|0|0|0|0|0|0|0|0|0|0|0|0|1|0|.000|.000|.000,_data\master_csv__rescrape_staging\pitching_1970_PL_from_master.csv,9
CSV_ER,ER,0,0,index_7,7,0,1970,51053829,戸田　善紀,,1970|阪　急|17|5|5|0|0|0|0|0|0|0|0|0|0|0|0|0|1|0|.000|.000|.000,_data\master_csv__rescrape_staging\pitching_1970_PL_from_master.csv,9
CSV_ER,ER,0,0,index_8,8,0,1970,51053829,戸田　善紀,,1970|阪　急|17|5|5|0|0|0|0|0|0|0|0|0|0|0|0|0|1|0|.000|.000|.000,_data\master_csv__rescrape_staging\pitching_1970_PL_from_master.csv,9
CSV_ER,ER,0,0,index_9,9,0,1970,51053829,戸田　善紀,,1970|阪　急|17|5|5|0|0|0|0|0|0|0|0|0|0|0|0|0|1|0|.000|.000|.000,_data\master_csv__rescrape_staging\pitching_1970_PL_from_master.csv,9
CSV_ER,ER,0,0,index_10,10,0,1970,51053829,戸田　善紀,,1970|阪　急|17|5|5|0|0|0|0|0|0|0|0|0|0|0|0|0|1|0|.000|.000|.000,_data\master_csv__rescrape_staging\pitching_1970_PL_from_master.csv,9
CSV_ER,ER,0,0,index_11,11,0,1970,51053829,戸田　善紀,,1970|阪　急|17|5|5|0|0|0|0|0|0|0|0|0|0|0|0|0|1|0|.000|.000|.000,_data\master_csv__rescrape_staging\pitching_1970_PL_from_master.csv,9
CSV_ER,ER,0,0,index_12,12,0,1970,51053829,戸田　善紀,,1970|阪　急|17|5|5|0|0|0|0|0|0|0|0|0|0|0|0|0|1|0|.000|.000|.000,_data\master_csv__rescrape_staging\pitching_1970_PL_from_master.csv,9
CSV_ER,ER,0,0,index_13,13,0,1970,51053829,戸田　善紀,,1970|阪　急|17|5|5|0|0|0|0|0|0|0|0|0|0|0|0|0|1|0|.000|.000|.000,_data\master_csv__rescrape_staging\pitching_1970_PL_from_master.csv,9
CSV_ER,ER,0,0,index_14,14,0,1970,51053829,戸田　善紀,,1970|阪　急|17|5|5|0|0|0|0|0|0|0|0|0|0|0|0|0|1|0|.000|.000|.000,_data\master_csv__rescrape_staging\pitching_1970_PL_from_master.csv,9
CSV_ER,ER,0,0,index_15,15,0,1970,51053829,戸田　善紀,,1970|阪　急|17|5|5|0|0|0|0|0|0|0|0|0|0|0|0|0|1|0|.000|.000|.000,_data\master_csv__rescrape_staging\pitching_1970_PL_from_master.csv,9
CSV_ER,ER,0,0,index_16,16,0,1970,51053829,戸田　善紀,,1970|阪　急|17|5|5|0|0|0|0|0|0|0|0|0|0|0|0|0|1|0|.000|.000|.000,_data\master_csv__rescrape_staging\pitching_1970_PL_from_master.csv,9
CSV_ER,ER,0,0,index_17,17,0,1970,51053829,戸田　善紀,,1970|阪　急|17|5|5|0|0|0|0|0|0|0|0|0|0|0|0|0|1|0|.000|.000|.000,_data\master_csv__rescrape_staging\pitching_1970_PL_from_master.csv,9
CSV_ER,ER,0,0,index_19,19,0,1970,51053829,戸田　善紀,,1970|阪　急|17|5|5|0|0|0|0|0|0|0|0|0|0|0|0|0|1|0|.000|.000|.000,_data\master_csv__rescrape_staging\pitching_1970_PL_from_master.csv,9
CSV_ER,ER,0,0,index_20,20,.000,1970,51053829,戸田　善紀,,1970|阪　急|17|5|5|0|0|0|0|0|0|0|0|0|0|0|0|0|1|0|.000|.000|.000,_data\master_csv__rescrape_staging\pitching_1970_PL_from_master.csv,9
CSV_ER,ER,0,0,index_21,21,.000,1970,51053829,戸田　善紀,,1970|阪　急|17|5|5|0|0|0|0|0|0|0|0|0|0|0|0|0|1|0|.000|.000|.000,_data\master_csv__rescrape_staging\pitching_1970_PL_from_master.csv,9
CSV_ER,ER,0,0,index_22,22,.000,1970,51053829,戸田　善紀,,1970|阪　急|17|5|5|0|0|0|0|0|0|0|0|0|0|0|0|0|1|0|.000|.000|.000,_data\master_csv__rescrape_staging\pitching_1970_PL_from_master.csv,9
CSV_ERA,ERA,20.0,20,防御率,23,20,1970,51053829,戸田　善紀,年度|所属球団|登板|勝利|敗北|セーブ|H|HP|完投|完封勝|無四球|勝率|打者|投球回|安打|本塁打|四球|死球|三振|暴投|ボーク|失点|自責点|防御率,1970|阪　急|17|0|0||||0|0|0|.000|140|33 .2|33|.2|33|6|8|1|32|0|0|20|19|5.03,_data\master_csv__rescrape_staging\pitching_1970_PL_from_master.csv,9
CSV_ER,ER,0,0,完封勝,9,0,1970,21023826,宮本　幸信,年度|所属球団|登板|勝利|敗北|セーブ|H|HP|完投|完封勝|無四球|勝率|打者|投球回|安打|本塁打|四球|死球|三振|暴投|ボーク|失点|自責点|防御率,1970|阪　急|45|8|9||||4|0|0|.471|669|155 .2|155|.2|153|13|76|6|74|5|0|72|66|3.81,_data\master_csv__rescrape_staging\pitching_1970_PL_from_master.csv,13
CSV_ER,ER,0,0,無四球,10,0,1970,21023826,宮本　幸信,年度|所属球団|登板|勝利|敗北|セーブ|H|HP|完投|完封勝|無四球|勝率|打者|投球回|安打|本塁打|四球|死球|三振|暴投|ボーク|失点|自責点|防御率,1970|阪　急|45|8|9||||4|0|0|.471|669|155 .2|155|.2|153|13|76|6|74|5|0|72|66|3.81,_data\master_csv__rescrape_staging\pitching_1970_PL_from_master.csv,13
CSV_ER,ER,0,0,自責点,22,0,1970,21023826,宮本　幸信,年度|所属球団|登板|勝利|敗北|セーブ|H|HP|完投|完封勝|無四球|勝率|打者|投球回|安打|本塁打|四球|死球|三振|暴投|ボーク|失点|自責点|防御率,1970|阪　急|45|8|9||||4|0|0|.471|669|155 .2|155|.2|153|13|76|6|74|5|0|72|66|3.81,_data\master_csv__rescrape_staging\pitching_1970_PL_from_master.csv,13
CSV_ER,ER,0,0,index_8,8,0,1970,21023826,宮本　幸信,,1970|阪　急|45|46|41|2|7|1|0|0|8|0|0|0|2|0|3|0|17|2|.171|.195|.227,_data\master_csv__rescrape_staging\pitching_1970_PL_from_master.csv,13
CSV_ER,ER,0,0,index_9,9,0,1970,21023826,宮本　幸信,,1970|阪　急|45|46|41|2|7|1|0|0|8|0|0|0|2|0|3|0|17|2|.171|.195|.227,_data\master_csv__rescrape_staging\pitching_1970_PL_from_master.csv,13
CSV_ER,ER,0,0,index_11,11,0,1970,21023826,宮本　幸信,,1970|阪　急|45|46|41|2|7|1|0|0|8|0|0|0|2|0|3|0|17|2|.171|.195|.227,_data\master_csv__rescrape_staging\pitching_1970_PL_from_master.csv,13
CSV_ER,ER,0,0,index_12,12,0,1970,21023826,宮本　幸信,,1970|阪　急|45|46|41|2|7|1|0|0|8|0|0|0|2|0|3|0|17|2|.171|.195|.227,_data\master_csv__rescrape_staging\pitching_1970_PL_from_master.csv,13
CSV_ER,ER,0,0,index_13,13,0,1970,21023826,宮本　幸信,,1970|阪　急|45|46|41|2|7|1|0|0|8|0|0|0|2|0|3|0|17|2|.171|.195|.227,_data\master_csv__rescrape_staging\pitching_1970_PL_from_master.csv,13
CSV_ER,ER,0,0,index_15,15,0,1970,21023826,宮本　幸信,,1970|阪　急|45|46|41|2|7|1|0|0|8|0|0|0|2|0|3|0|17|2|.171|.195|.227,_data\master_csv__rescrape_staging\pitching_1970_PL_from_master.csv,13
CSV_ER,ER,0,0,index_17,17,0,1970,21023826,宮本　幸信,,1970|阪　急|45|46|41|2|7|1|0|0|8|0|0|0|2|0|3|0|17|2|.171|.195|.227,_data\master_csv__rescrape_staging\pitching_1970_PL_from_master.csv,13
CSV_ERA,ERA,72.0,72,防御率,23,72,1970,21023826,宮本　幸信,年度|所属球団|登板|勝利|敗北|セーブ|H|HP|完投|完封勝|無四球|勝率|打者|投球回|安打|本塁打|四球|死球|三振|暴投|ボーク|失点|自責点|防御率,1970|阪　急|45|8|9||||4|0|0|.471|669|155 .2|155|.2|153|13|76|6|74|5|0|72|66|3.81,_data\master_csv__rescrape_staging\pitching_1970_PL_from_master.csv,13
CSV_ER,ER,0,0,完投,8,0,1971,91593820,倉田　誠,年度|所属球団|登板|勝利|敗北|セーブ|H|HP|完投|完封勝|無四球|勝率|打者|投球回|安打|本塁打|四球|死球|三振|暴投|ボーク|失点|自責点|防御率,1971|読　売|44|5|4||||0|0|0|.556|368|89 .2|89|.2|75|7|36|1|77|1|0|27|25|2.50,_data\master_csv__rescrape_staging\pitching_1971_CL_from_master.csv,2
CSV_ER,ER,0,0,完封勝,9,0,1971,91593820,倉田　誠,年度|所属球団|登板|勝利|敗北|セーブ|H|HP|完投|完封勝|無四球|勝率|打者|投球回|安打|本塁打|四球|死球|三振|暴投|ボーク|失点|自責点|防御率,1971|読　売|44|5|4||||0|0|0|.556|368|89 .2|89|.2|75|7|36|1|77|1|0|27|25|2.50,_data\master_csv__rescrape_staging\pitching_1971_CL_from_master.csv,2
CSV_ER,ER,0,0,無四球,10,0,1971,91593820,倉田　誠,年度|所属球団|登板|勝利|敗北|セーブ|H|HP|完投|完封勝|無四球|勝率|打者|投球回|安打|本塁打|四球|死球|三振|暴投|ボーク|失点|自責点|防御率,1971|読　売|44|5|4||||0|0|0|.556|368|89 .2|89|.2|75|7|36|1|77|1|0|27|25|2.50,_data\master_csv__rescrape_staging\pitching_1971_CL_from_master.csv,2
CSV_ER,ER,0,0,自責点,22,0,1971,91593820,倉田　誠,年度|所属球団|登板|勝利|敗北|セーブ|H|HP|完投|完封勝|無四球|勝率|打者|投球回|安打|本塁打|四球|死球|三振|暴投|ボーク|失点|自責点|防御率,1971|読　売|44|5|4||||0|0|0|.556|368|89 .2|89|.2|75|7|36|1|77|1|0|27|25|2.50,_data\master_csv__rescrape_staging\pitching_1971_CL_from_master.csv,2
CSV_ER,ER,0,0,index_7,7,0,1971,91593820,倉田　誠,,1971|読　売|44|18|16|1|1|0|0|0|1|1|0|0|1|0|1|0|9|0|.063|.063|,_data\master_csv__rescrape_staging\pitching_1971_CL_from_master.csv,2
CSV_ER,ER,0,0,index_8,8,0,1971,91593820,倉田　誠,,1971|読　売|44|18|16|1|1|0|0|0|1|1|0|0|1|0|1|0|9|0|.063|.063|,_data\master_csv__rescrape_staging\pitching_1971_CL_from_master.csv,2
CSV_ER,ER,0,0,index_9,9,0,1971,91593820,倉田　誠,,1971|読　売|44|18|16|1|1|0|0|0|1|1|0|0|1|0|1|0|9|0|.063|.063|,_data\master_csv__rescrape_staging\pitching_1971_CL_from_master.csv,2
CSV_ER,ER,0,0,index_12,12,0,1971,91593820,倉田　誠,,1971|読　売|44|18|16|1|1|0|0|0|1|1|0|0|1|0|1|0|9|0|.063|.063|,_data\master_csv__rescrape_staging\pitching_1971_CL_from_master.csv,2
CSV_ER,ER,0,0,index_13,13,0,1971,91593820,倉田　誠,,1971|読　売|44|18|16|1|1|0|0|0|1|1|0|0|1|0|1|0|9|0|.063|.063|,_data\master_csv__rescrape_staging\pitching_1971_CL_from_master.csv,2
CSV_ER,ER,0,0,index_15,15,0,1971,91593820,倉田　誠,,1971|読　売|44|18|16|1|1|0|0|0|1|1|0|0|1|0|1|0|9|0|.063|.063|,_data\master_csv__rescrape_staging\pitching_1971_CL_from_master.csv,2
CSV_ER,ER,0,0,index_17,17,0,1971,91593820,倉田　誠,,1971|読　売|44|18|16|1|1|0|0|0|1|1|0|0|1|0|1|0|9|0|.063|.063|,_data\master_csv__rescrape_staging\pitching_1971_CL_from_master.csv,2
CSV_ER,ER,0,0,index_19,19,0,1971,91593820,倉田　誠,,1971|読　売|44|18|16|1|1|0|0|0|1|1|0|0|1|0|1|0|9|0|.063|.063|,_data\master_csv__rescrape_staging\pitching_1971_CL_from_master.csv,2
CSV_ERA,ERA,27.0,27,防御率,23,27,1971,91593820,倉田　誠,年度|所属球団|登板|勝利|敗北|セーブ|H|HP|完投|完封勝|無四球|勝率|打者|投球回|安打|本塁打|四球|死球|三振|暴投|ボーク|失点|自責点|防御率,1971|読　売|44|5|4||||0|0|0|.556|368|89 .2|89|.2|75|7|36|1|77|1|0|27|25|2.50,_data\master_csv__rescrape_staging\pitching_1971_CL_from_master.csv,2
CSV_IP,IP,36.0,36,投球回,13,36,1971,51753841,小坂　敏彦,年度|所属球団|登板|勝利|敗北|セーブ|H|HP|完投|完封勝|無四球|勝率|打者|投球回|安打|本塁打|四球|死球|三振|暴投|ボーク|失点|自責点|防御率,1971|読　売|17|2|2||||0|0|0|.500|154|36|36||26|6|19|1|34|1|0|22|22|5.50,_data\master_csv__rescrape_staging\pitching_1971_CL_from_master.csv,3
CSV_IP,IP,36.0,36,安打,14,36,1971,51753841,小坂　敏彦,年度|所属球団|登板|勝利|敗北|セーブ|H|HP|完投|完封勝|無四球|勝率|打者|投球回|安打|本塁打|四球|死球|三振|暴投|ボーク|失点|自責点|防御率,1971|読　売|17|2|2||||0|0|0|.500|154|36|36||26|6|19|1|34|1|0|22|22|5.50,_data\master_csv__rescrape_staging\pitching_1971_CL_from_master.csv,3
CSV_ER,ER,0,0,完投,8,0,1971,51753841,小坂　敏彦,年度|所属球団|登板|勝利|敗北|セーブ|H|HP|完投|完封勝|無四球|勝率|打者|投球回|安打|本塁打|四球|死球|三振|暴投|ボーク|失点|自責点|防御率,1971|読　売|17|2|2||||0|0|0|.500|154|36|36||26|6|19|1|34|1|0|22|22|5.50,_data\master_csv__rescrape_staging\pitching_1971_CL_from_master.csv,3
CSV_ER,ER,0,0,完封勝,9,0,1971,51753841,小坂　敏彦,年度|所属球団|登板|勝利|敗北|セーブ|H|HP|完投|完封勝|無四球|勝率|打者|投球回|安打|本塁打|四球|死球|三振|暴投|ボーク|失点|自責点|防御率,1971|読　売|17|2|2||||0|0|0|.500|154|36|36||26|6|19|1|34|1|0|22|22|5.50,_data\master_csv__rescrape_staging\pitching_1971_CL_from_master.csv,3
CSV_ER,ER,0,0,無四球,10,0,1971,51753841,小坂　敏彦,年度|所属球団|登板|勝利|敗北|セーブ|H|HP|完投|完封勝|無四球|勝率|打者|投球回|安打|本塁打|四球|死球|三振|暴投|ボーク|失点|自責点|防御率,1971|読　売|17|2|2||||0|0|0|.500|154|36|36||26|6|19|1|34|1|0|22|22|5.50,_data\master_csv__rescrape_staging\pitching_1971_CL_from_master.csv,3
CSV_ER,ER,0,0,自責点,22,0,1971,51753841,小坂　敏彦,年度|所属球団|登板|勝利|敗北|セーブ|H|HP|完投|完封勝|無四球|勝率|打者|投球回|安打|本塁打|四球|死球|三振|暴投|ボーク|失点|自責点|防御率,1971|読　売|17|2|2||||0|0|0|.500|154|36|36||26|6|19|1|34|1|0|22|22|5.50,_data\master_csv__rescrape_staging\pitching_1971_CL_from_master.csv,3
CSV_ER,ER,0,0,index_6,6,0,1971,51753841,小坂　敏彦,,1971|読　売|17|9|8|1|0|0|0|0|0|0|0|0|0|0|1|0|3|0|.000|.000|,_data\master_csv__rescrape_staging\pitching_1971_CL_from_master.csv,3
CSV_ER,ER,0,0,index_7,7,0,1971,51753841,小坂　敏彦,,1971|読　売|17|9|8|1|0|0|0|0|0|0|0|0|0|0|1|0|3|0|.000|.000|,_data\master_csv__rescrape_staging\pitching_1971_CL_from_master.csv,3
CSV_ER,ER,0,0,index_8,8,0,1971,51753841,小坂　敏彦,,1971|読　売|17|9|8|1|0|0|0|0|0|0|0|0|0|0|1|0|3|0|.000|.000|,_data\master_csv__rescrape_staging\pitching_1971_CL_from_master.csv,3
CSV_ER,ER,0,0,index_9,9,0,1971,51753841,小坂　敏彦,,1971|読　売|17|9|8|1|0|0|0|0|0|0|0|0|0|0|1|0|3|0|.000|.000|,_data\master_csv__rescrape_staging\pitching_1971_CL_from_master.csv,3
CSV_ER,ER,0,0,index_10,10,0,1971,51753841,小坂　敏彦,,1971|読　売|17|9|8|1|0|0|0|0|0|0|0|0|0|0|1|0|3|0|.000|.000|,_data\master_csv__rescrape_staging\pitching_1971_CL_from_master.csv,3
CSV_ER,ER,0,0,index_11,11,0,1971,51753841,小坂　敏彦,,1971|読　売|17|9|8|1|0|0|0|0|0|0|0|0|0|0|1|0|3|0|.000|.000|,_data\master_csv__rescrape_staging\pitching_1971_CL_from_master.csv,3
CSV_ER,ER,0,0,index_12,12,0,1971,51753841,小坂　敏彦,,1971|読　売|17|9|8|1|0|0|0|0|0|0|0|0|0|0|1|0|3|0|.000|.000|,_data\master_csv__rescrape_staging\pitching_1971_CL_from_master.csv,3
CSV_ER,ER,0,0,index_13,13,0,1971,51753841,小坂　敏彦,,1971|読　売|17|9|8|1|0|0|0|0|0|0|0|0|0|0|1|0|3|0|.000|.000|,_data\master_csv__rescrape_staging\pitching_1971_CL_from_master.csv,3
CSV_ER,ER,0,0,index_14,14,0,1971,51753841,小坂　敏彦,,1971|読　売|17|9|8|1|0|0|0|0|0|0|0|0|0|0|1|0|3|0|.000|.000|,_data\master_csv__rescrape_staging\pitching_1971_CL_from_master.csv,3
CSV_ER,ER,0,0,index_15,15,0,1971,51753841,小坂　敏彦,,1971|読　売|17|9|8|1|0|0|0|0|0|0|0|0|0|0|1|0|3|0|.000|.000|,_data\master_csv__rescrape_staging\pitching_1971_CL_from_master.csv,3
CSV_ER,ER,0,0,index_17,17,0,1971,51753841,小坂　敏彦,,1971|読　売|17|9|8|1|0|0|0|0|0|0|0|0|0|0|1|0|3|0|.000|.000|,_data\master_csv__rescrape_staging\pitching_1971_CL_from_master.csv,3
CSV_ER,ER,0,0,index_19,19,0,1971,51753841,小坂　敏彦,,1971|読　売|17|9|8|1|0|0|0|0|0|0|0|0|0|0|1|0|3|0|.000|.000|,_data\master_csv__rescrape_staging\pitching_1971_CL_from_master.csv,3
CSV_ER,ER,0,0,index_20,20,.000,1971,51753841,小坂　敏彦,,1971|読　売|17|9|8|1|0|0|0|0|0|0|0|0|0|0|1|0|3|0|.000|.000|,_data\master_csv__rescrape_staging\pitching_1971_CL_from_master.csv,3
CSV_ER,ER,0,0,index_21,21,.000,1971,51753841,小坂　敏彦,,1971|読　売|17|9|8|1|0|0|0|0|0|0|0|0|0|0|1|0|3|0|.000|.000|,_data\master_csv__rescrape_staging\pitching_1971_CL_from_master.csv,3
CSV_ERA,ERA,22.0,22,防御率,23,22,1971,51753841,小坂　敏彦,年度|所属球団|登板|勝利|敗北|セーブ|H|HP|完投|完封勝|無四球|勝率|打者|投球回|安打|本塁打|四球|死球|三振|暴投|ボーク|失点|自責点|防御率,1971|読　売|17|2|2||||0|0|0|.500|154|36|36||26|6|19|1|34|1|0|22|22|5.50,_data\master_csv__rescrape_staging\pitching_1971_CL_from_master.csv,3
CSV_ERA,ERA,22.0,22,index_24,24,22,1971,51753841,小坂　敏彦,年度|所属球団|登板|勝利|敗北|セーブ|H|HP|完投|完封勝|無四球|勝率|打者|投球回|安打|本塁打|四球|死球|三振|暴投|ボーク|失点|自責点|防御率,1971|読　売|17|2|2||||0|0|0|.500|154|36|36||26|6|19|1|34|1|0|22|22|5.50,_data\master_csv__rescrape_staging\pitching_1971_CL_from_master.csv,3
CSV_ER,ER,1,1,完封勝,9,1,1971,81583822,菅原　勝矢,年度|所属球団|登板|勝利|敗北|セーブ|H|HP|完投|完封勝|無四球|勝率|打者|投球回|安打|本塁打|四球|死球|三振|暴投|ボーク|失点|自責点|防御率,1971|読　売|25|4|0||||2|1|0|1.000|334|78 .2|78|.2|66|4|35|6|57|4|1|30|22|2.51,_data\master_csv__rescrape_staging\pitching_1971_CL_from_master.csv,6
CSV_ER,ER,1,1,勝率,11,1.000,1971,81583822,菅原　勝矢,年度|所属球団|登板|勝利|敗北|セーブ|H|HP|完投|完封勝|無四球|勝率|打者|投球回|安打|本塁打|四球|死球|三振|暴投|ボーク|失点|自責点|防御率,1971|読　売|25|4|0||||2|1|0|1.000|334|78 .2|78|.2|66|4|35|6|57|4|1|30|22|2.51,_data\master_csv__rescrape_staging\pitching_1971_CL_from_master.csv,6
CSV_ER,ER,1,1,自責点,22,1,1971,81583822,菅原　勝矢,年度|所属球団|登板|勝利|敗北|セーブ|H|HP|完投|完封勝|無四球|勝率|打者|投球回|安打|本塁打|四球|死球|三振|暴投|ボーク|失点|自責点|防御率,1971|読　売|25|4|0||||2|1|0|1.000|334|78 .2|78|.2|66|4|35|6|57|4|1|30|22|2.51,_data\master_csv__rescrape_staging\pitching_1971_CL_from_master.csv,6
CSV_ER,ER,1,1,index_6,6,1,1971,81583822,菅原　勝矢,,1971|読　売|25|23|19|0|1|1|0|0|2|0|0|0|2|0|2|0|12|0|.053|.105|,_data\master_csv__rescrape_staging\pitching_1971_CL_from_master.csv,6
CSV_ER,ER,1,1,index_7,7,1,1971,81583822,菅原　勝矢,,1971|読　売|25|23|19|0|1|1|0|0|2|0|0|0|2|0|2|0|12|0|.053|.105|,_data\master_csv__rescrape_staging\pitching_1971_CL_from_master.csv,6
CSV_ERA,ERA,30.0,30,防御率,23,30,1971,81583822,菅原　勝矢,年度|所属球団|登板|勝利|敗北|セーブ|H|HP|完投|完封勝|無四球|勝率|打者|投球回|安打|本塁打|四球|死球|三振|暴投|ボーク|失点|自責点|防御率,1971|読　売|25|4|0||||2|1|0|1.000|334|78 .2|78|.2|66|4|35|6|57|4|1|30|22|2.51,_data\master_csv__rescrape_staging\pitching_1971_CL_from_master.csv,6
CSV_ER,ER,0,0,無四球,10,0,1971,71973843,関本　四十四,年度|所属球団|登板|勝利|敗北|セーブ|H|HP|完投|完封勝|無四球|勝率|打者|投球回|安打|本塁打|四球|死球|三振|暴投|ボーク|失点|自責点|防御率,1971|読　売|35|10|11||||3|1|0|.476|587|146 .2|146|.2|118|6|39|3|68|1|0|49|35|2.14,_data\master_csv__rescrape_staging\pitching_1971_CL_from_master.csv,7
CSV_ER,ER,0,0,自責点,22,0,1971,71973843,関本　四十四,年度|所属球団|登板|勝利|敗北|セーブ|H|HP|完投|完封勝|無四球|勝率|打者|投球回|安打|本塁打|四球|死球|三振|暴投|ボーク|失点|自責点|防御率,1971|読　売|35|10|11||||3|1|0|.476|587|146 .2|146|.2|118|6|39|3|68|1|0|49|35|2.14,_data\master_csv__rescrape_staging\pitching_1971_CL_from_master.csv,7
CSV_ER,ER,0,0,index_8,8,0,1971,71973843,関本　四十四,,1971|読　売|35|43|36|2|3|2|0|0|5|0|0|0|4|0|3|0|14|0|.083|.139|,_data\master_csv__rescrape_staging\pitching_1971_CL_from_master.csv,7
CSV_ER,ER,0,0,index_9,9,0,1971,71973843,関本　四十四,,1971|読　売|35|43|36|2|3|2|0|0|5|0|0|0|4|0|3|0|14|0|.083|.139|,_data\master_csv__rescrape_staging\pitching_1971_CL_from_master.csv,7
CSV_ER,ER,0,0,index_11,11,0,1971,71973843,関本　四十四,,1971|読　売|35|43|36|2|3|2|0|0|5|0|0|0|4|0|3|0|14|0|.083|.139|,_data\master_csv__rescrape_staging\pitching_1971_CL_from_master.csv,7
CSV_ER,ER,0,0,index_12,12,0,1971,71973843,関本　四十四,,1971|読　売|35|43|36|2|3|2|0|0|5|0|0|0|4|0|3|0|14|0|.083|.139|,_data\master_csv__rescrape_staging\pitching_1971_CL_from_master.csv,7
CSV_ER,ER,0,0,index_13,13,0,1971,71973843,関本　四十四,,1971|読　売|35|43|36|2|3|2|0|0|5|0|0|0|4|0|3|0|14|0|.083|.139|,_data\master_csv__rescrape_staging\pitching_1971_CL_from_master.csv,7
CSV_ER,ER,0,0,index_15,15,0,1971,71973843,関本　四十四,,1971|読　売|35|43|36|2|3|2|0|0|5|0|0|0|4|0|3|0|14|0|.083|.139|,_data\master_csv__rescrape_staging\pitching_1971_CL_from_master.csv,7
CSV_ER,ER,0,0,index_17,17,0,1971,71973843,関本　四十四,,1971|読　売|35|43|36|2|3|2|0|0|5|0|0|0|4|0|3|0|14|0|.083|.139|,_data\master_csv__rescrape_staging\pitching_1971_CL_from_master.csv,7
CSV_ER,ER,0,0,index_19,19,0,1971,71973843,関本　四十四,,1971|読　売|35|43|36|2|3|2|0|0|5|0|0|0|4|0|3|0|14|0|.083|.139|,_data\master_csv__rescrape_staging\pitching_1971_CL_from_master.csv,7
CSV_ERA,ERA,49.0,49,防御率,23,49,1971,71973843,関本　四十四,年度|所属球団|登板|勝利|敗北|セーブ|H|HP|完投|完封勝|無四球|勝率|打者|投球回|安打|本塁打|四球|死球|三振|暴投|ボーク|失点|自責点|防御率,1971|読　売|35|10|11||||3|1|0|.476|587|146 .2|146|.2|118|6|39|3|68|1|0|49|35|2.14,_data\master_csv__rescrape_staging\pitching_1971_CL_from_master.csv,7
CSV_ER,ER,1,1,完封勝,9,1,1971,01703820,高橋　一三,年度|所属球団|登板|勝利|敗北|セーブ|H|HP|完投|完封勝|無四球|勝率|打者|投球回|安打|本塁打|四球|死球|三振|暴投|ボーク|失点|自責点|防御率,1971|読　売|41|14|7||||13|1|0|.667|904|226 .2|226|.2|164|28|72|6|151|4|1|80|74|2.93,_data\master_csv__rescrape_staging\pitching_1971_CL_from_master.csv,8
CSV_ER,ER,1,1,自責点,22,1,1971,01703820,高橋　一三,年度|所属球団|登板|勝利|敗北|セーブ|H|HP|完投|完封勝|無四球|勝率|打者|投球回|安打|本塁打|四球|死球|三振|暴投|ボーク|失点|自責点|防御率,1971|読　売|41|14|7||||13|1|0|.667|904|226 .2|226|.2|164|28|72|6|151|4|1|80|74|2.93,_data\master_csv__rescrape_staging\pitching_1971_CL_from_master.csv,8
CSV_ER,ER,1,1,index_7,7,1,1971,01703820,高橋　一三,,1971|読　売|41|84|74|6|14|1|1|0|17|2|0|0|6|0|4|0|21|0|.189|.230|,_data\master_csv__rescrape_staging\pitching_1971_CL_from_master.csv,8
CSV_ER,ER,1,1,index_8,8,1,1971,01703820,高橋　一三,,1971|読　売|41|84|74|6|14|1|1|0|17|2|0|0|6|0|4|0|21|0|.189|.230|,_data\master_csv__rescrape_staging\pitching_1971_CL_from_master.csv,8
CSV_ERA,ERA,80.0,80,防御率,23,80,1971,01703820,高橋　一三,年度|所属球団|登板|勝利|敗北|セーブ|H|HP|完投|完封勝|無四球|勝率|打者|投球回|安打|本塁打|四球|死球|三振|暴投|ボーク|失点|自責点|防御率,1971|読　売|41|14|7||||13|1|0|.667|904|226 .2|226|.2|164|28|72|6|151|4|1|80|74|2.93,_data\master_csv__rescrape_staging\pitching_1971_CL_from_master.csv,8
CSV_ER,ER,0,0,失点,21,0,1971,71173808,足立　光宏,年度|所属球団|登板|勝利|敗北|セーブ|H|HP|完投|完封勝|無四球|勝率|打者|投球回|安打|本塁打|四球|死球|三振|暴投|ボーク|失点|自責点|防御率,1971|阪　急|43|19|8||||18|4|3|.704|996|252 .2|252|.2|200|21|55|11|116|0|0|80|70|2.49,_data\master_csv__rescrape_staging\pitching_1971_PL_from_master.csv,2
CSV_ER,ER,0,0,自責点,22,0,1971,71173808,足立　光宏,年度|所属球団|登板|勝利|敗北|セーブ|H|HP|完投|完封勝|無四球|勝率|打者|投球回|安打|本塁打|四球|死球|三振|暴投|ボーク|失点|自責点|防御率,1971|阪　急|43|19|8||||18|4|3|.704|996|252 .2|252|.2|200|21|55|11|116|0|0|80|70|2.49,_data\master_csv__rescrape_staging\pitching_1971_PL_from_master.csv,2
CSV_ER,ER,0,0,index_8,8,0,1971,71173808,足立　光宏,,1971|阪　急|43|93|82|8|15|1|0|0|16|2|4|0|6|1|4|0|21|1|.183|.195|.221,_data\master_csv__rescrape_staging\pitching_1971_PL_from_master.csv,2
CSV_ER,ER,0,0,index_9,9,0,1971,71173808,足立　光宏,,1971|阪　急|43|93|82|8|15|1|0|0|16|2|4|0|6|1|4|0|21|1|.183|.195|.221,_data\master_csv__rescrape_staging\pitching_1971_PL_from_master.csv,2
CSV_ER,ER,0,0,index_13,13,0,1971,71173808,足立　光宏,,1971|阪　急|43|93|82|8|15|1|0|0|16|2|4|0|6|1|4|0|21|1|.183|.195|.221,_data\master_csv__rescrape_staging\pitching_1971_PL_from_master.csv,2
CSV_ER,ER,0,0,index_17,17,0,1971,71173808,足立　光宏,,1971|阪　急|43|93|82|8|15|1|0|0|16|2|4|0|6|1|4|0|21|1|.183|.195|.221,_data\master_csv__rescrape_staging\pitching_1971_PL_from_master.csv,2
CSV_ERA,ERA,80.0,80,防御率,23,80,1971,71173808,足立　光宏,年度|所属球団|登板|勝利|敗北|セーブ|H|HP|完投|完封勝|無四球|勝率|打者|投球回|安打|本塁打|四球|死球|三振|暴投|ボーク|失点|自責点|防御率,1971|阪　急|43|19|8||||18|4|3|.704|996|252 .2|252|.2|200|21|55|11|116|0|0|80|70|2.49,_data\master_csv__rescrape_staging\pitching_1971_PL_from_master.csv,2
CSV_ER,ER,0,0,無四球,10,0,1971,41143806,石井　茂雄,年度|所属球団|登板|勝利|敗北|セーブ|H|HP|完投|完封勝|無四球|勝率|打者|投球回|安打|本塁打|四球|死球|三振|暴投|ボーク|失点|自責点|防御率,1971|阪　急|26|7|7||||4|1|0|.500|388|90 .2|90|.2|91|8|28|6|43|0|0|41|33|3.26,_data\master_csv__rescrape_staging\pitching_1971_PL_from_master.csv,3
CSV_ER,ER,0,0,失点,21,0,1971,41143806,石井　茂雄,年度|所属球団|登板|勝利|敗北|セーブ|H|HP|完投|完封勝|無四球|勝率|打者|投球回|安打|本塁打|四球|死球|三振|暴投|ボーク|失点|自責点|防御率,1971|阪　急|26|7|7||||4|1|0|.500|388|90 .2|90|.2|91|8|28|6|43|0|0|41|33|3.26,_data\master_csv__rescrape_staging\pitching_1971_PL_from_master.csv,3
CSV_ER,ER,0,0,自責点,22,0,1971,41143806,石井　茂雄,年度|所属球団|登板|勝利|敗北|セーブ|H|HP|完投|完封勝|無四球|勝率|打者|投球回|安打|本塁打|四球|死球|三振|暴投|ボーク|失点|自責点|防御率,1971|阪　急|26|7|7||||4|1|0|.500|388|90 .2|90|.2|91|8|28|6|43|0|0|41|33|3.26,_data\master_csv__rescrape_staging\pitching_1971_PL_from_master.csv,3
CSV_ER,ER,0,0,index_5,5,0,1971,41143806,石井　茂雄,,1971|阪　急|26|28|27|0|4|0|0|0|4|2|0|0|0|0|1|0|7|0|.148|.148|.179,_data\master_csv__rescrape_staging\pitching_1971_PL_from_master.csv,3
CSV_ER,ER,0,0,index_7,7,0,1971,41143806,石井　茂雄,,1971|阪　急|26|28|27|0|4|0|0|0|4|2|0|0|0|0|1|0|7|0|.148|.148|.179,_data\master_csv__rescrape_staging\pitching_1971_PL_from_master.csv,3
CSV_ER,ER,0,0,index_8,8,0,1971,41143806,石井　茂雄,,1971|阪　急|26|28|27|0|4|0|0|0|4|2|0|0|0|0|1|0|7|0|.148|.148|.179,_data\master_csv__rescrape_staging\pitching_1971_PL_from_master.csv,3
CSV_ER,ER,0,0,index_9,9,0,1971,41143806,石井　茂雄,,1971|阪　急|26|28|27|0|4|0|0|0|4|2|0|0|0|0|1|0|7|0|.148|.148|.179,_data\master_csv__rescrape_staging\pitching_1971_PL_from_master.csv,3
CSV_ER,ER,0,0,index_12,12,0,1971,41143806,石井　茂雄,,1971|阪　急|26|28|27|0|4|0|0|0|4|2|0|0|0|0|1|0|7|0|.148|.148|.179,_data\master_csv__rescrape_staging\pitching_1971_PL_from_master.csv,3
CSV_ER,ER,0,0,index_13,13,0,1971,41143806,石井　茂雄,,1971|阪　急|26|28|27|0|4|0|0|0|4|2|0|0|0|0|1|0|7|0|.148|.148|.179,_data\master_csv__rescrape_staging\pitching_1971_PL_from_master.csv,3
CSV_ER,ER,0,0,index_14,14,0,1971,41143806,石井　茂雄,,1971|阪　急|26|28|27|0|4|0|0|0|4|2|0|0|0|0|1|0|7|0|.148|.148|.179,_data\master_csv__rescrape_staging\pitching_1971_PL_from_master.csv,3
CSV_ER,ER,0,0,index_15,15,0,1971,41143806,石井　茂雄,,1971|阪　急|26|28|27|0|4|0|0|0|4|2|0|0|0|0|1|0|7|0|.148|.148|.179,_data\master_csv__rescrape_staging\pitching_1971_PL_from_master.csv,3
CSV_ER,ER,0,0,index_17,17,0,1971,41143806,石井　茂雄,,1971|阪　急|26|28|27|0|4|0|0|0|4|2|0|0|0|0|1|0|7|0|.148|.148|.179,_data\master_csv__rescrape_staging\pitching_1971_PL_from_master.csv,3
CSV_ER,ER,0,0,index_19,19,0,1971,41143806,石井　茂雄,,1971|阪　急|26|28|27|0|4|0|0|0|4|2|0|0|0|0|1|0|7|0|.148|.148|.179,_data\master_csv__rescrape_staging\pitching_1971_PL_from_master.csv,3
CSV_ERA,ERA,41.0,41,防御率,23,41,1971,41143806,石井　茂雄,年度|所属球団|登板|勝利|敗北|セーブ|H|HP|完投|完封勝|無四球|勝率|打者|投球回|安打|本塁打|四球|死球|三振|暴投|ボーク|失点|自責点|防御率,1971|阪　急|26|7|7||||4|1|0|.500|388|90 .2|90|.2|91|8|28|6|43|0|0|41|33|3.26,_data\master_csv__rescrape_staging\pitching_1971_PL_from_master.csv,3
CSV_IP,IP,136.0,136,投球回,13,136,1971,91793809,梶本　隆夫,年度|所属球団|登板|勝利|敗北|セーブ|H|HP|完投|完封勝|無四球|勝率|打者|投球回|安打|本塁打|四球|死球|三振|暴投|ボーク|失点|自責点|防御率,1971|阪　急|33|6|8||||4|1|0|.429|576|136|136||134|12|43|1|74|0|1|57|52|3.44,_data\master_csv__rescrape_staging\pitching_1971_PL_from_master.csv,5
CSV_IP,IP,136.0,136,安打,14,136,1971,91793809,梶本　隆夫,年度|所属球団|登板|勝利|敗北|セーブ|H|HP|完投|完封勝|無四球|勝率|打者|投球回|安打|本塁打|四球|死球|三振|暴投|ボーク|失点|自責点|防御率,1971|阪　急|33|6|8||||4|1|0|.429|576|136|136||134|12|43|1|74|0|1|57|52|3.44,_data\master_csv__rescrape_staging\pitching_1971_PL_from_master.csv,5
CSV_ER,ER,1,1,完封勝,9,1,1971,91793809,梶本　隆夫,年度|所属球団|登板|勝利|敗北|セーブ|H|HP|完投|完封勝|無四球|勝率|打者|投球回|安打|本塁打|四球|死球|三振|暴投|ボーク|失点|自責点|防御率,1971|阪　急|33|6|8||||4|1|0|.429|576|136|136||134|12|43|1|74|0|1|57|52|3.44,_data\master_csv__rescrape_staging\pitching_1971_PL_from_master.csv,5
CSV_ER,ER,1,1,暴投,19,1,1971,91793809,梶本　隆夫,年度|所属球団|登板|勝利|敗北|セーブ|H|HP|完投|完封勝|無四球|勝率|打者|投球回|安打|本塁打|四球|死球|三振|暴投|ボーク|失点|自責点|防御率,1971|阪　急|33|6|8||||4|1|0|.429|576|136|136||134|12|43|1|74|0|1|57|52|3.44,_data\master_csv__rescrape_staging\pitching_1971_PL_from_master.csv,5
CSV_ER,ER,1,1,自責点,22,1,1971,91793809,梶本　隆夫,年度|所属球団|登板|勝利|敗北|セーブ|H|HP|完投|完封勝|無四球|勝率|打者|投球回|安打|本塁打|四球|死球|三振|暴投|ボーク|失点|自責点|防御率,1971|阪　急|33|6|8||||4|1|0|.429|576|136|136||134|12|43|1|74|0|1|57|52|3.44,_data\master_csv__rescrape_staging\pitching_1971_PL_from_master.csv,5
CSV_ER,ER,1,1,index_7,7,1,1971,91793809,梶本　隆夫,,1971|阪　急|34|45|37|5|9|1|0|1|13|3|0|0|2|0|6|0|12|1|.243|.351|.349,_data\master_csv__rescrape_staging\pitching_1971_PL_from_master.csv,5
CSV_ER,ER,1,1,index_9,9,1,1971,91793809,梶本　隆夫,,1971|阪　急|34|45|37|5|9|1|0|1|13|3|0|0|2|0|6|0|12|1|.243|.351|.349,_data\master_csv__rescrape_staging\pitching_1971_PL_from_master.csv,5
CSV_ER,ER,1,1,index_19,19,1,1971,91793809,梶本　隆夫,,1971|阪　急|34|45|37|5|9|1|0|1|13|3|0|0|2|0|6|0|12|1|.243|.351|.349,_data\master_csv__rescrape_staging\pitching_1971_PL_from_master.csv,5
CSV_ERA,ERA,57.0,57,防御率,23,57,1971,91793809,梶本　隆夫,年度|所属球団|登板|勝利|敗北|セーブ|H|HP|完投|完封勝|無四球|勝率|打者|投球回|安打|本塁打|四球|死球|三振|暴投|ボーク|失点|自責点|防御率,1971|阪　急|33|6|8||||4|1|0|.429|576|136|136||134|12|43|1|74|0|1|57|52|3.44,_data\master_csv__rescrape_staging\pitching_1971_PL_from_master.csv,5
CSV_ER,ER,0,0,完投,8,0,1971,81583843,児玉　好弘,年度|所属球団|登板|勝利|敗北|セーブ|H|HP|完投|完封勝|無四球|勝率|打者|投球回|安打|本塁打|四球|死球|三振|暴投|ボーク|失点|自責点|防御率,1971|阪　急|40|6|3||||0|0|0|.667|387|91 .1|91|.1|90|13|32|4|44|0|0|51|46|4.55,_data\master_csv__rescrape_staging\pitching_1971_PL_from_master.csv,6
CSV_ER,ER,0,0,完封勝,9,0,1971,81583843,児玉　好弘,年度|所属球団|登板|勝利|敗北|セーブ|H|HP|完投|完封勝|無四球|勝率|打者|投球回|安打|本塁打|四球|死球|三振|暴投|ボーク|失点|自責点|防御率,1971|阪　急|40|6|3||||0|0|0|.667|387|91 .1|91|.1|90|13|32|4|44|0|0|51|46|4.55,_data\master_csv__rescrape_staging\pitching_1971_PL_from_master.csv,6
CSV_ER,ER,0,0,無四球,10,0,1971,81583843,児玉　好弘,年度|所属球団|登板|勝利|敗北|セーブ|H|HP|完投|完封勝|無四球|勝率|打者|投球回|安打|本塁打|四球|死球|三振|暴投|ボーク|失点|自責点|防御率,1971|阪　急|40|6|3||||0|0|0|.667|387|91 .1|91|.1|90|13|32|4|44|0|0|51|46|4.55,_data\master_csv__rescrape_staging\pitching_1971_PL_from_master.csv,6
CSV_ER,ER,0,0,失点,21,0,1971,81583843,児玉　好弘,年度|所属球団|登板|勝利|敗北|セーブ|H|HP|完投|完封勝|無四球|勝率|打者|投球回|安打|本塁打|四球|死球|三振|暴投|ボーク|失点|自責点|防御率,1971|阪　急|40|6|3||||0|0|0|.667|387|91 .1|91|.1|90|13|32|4|44|0|0|51|46|4.55,_data\master_csv__rescrape_staging\pitching_1971_PL_from_master.csv,6
CSV_ER,ER,0,0,自責点,22,0,1971,81583843,児玉　好弘,年度|所属球団|登板|勝利|敗北|セーブ|H|HP|完投|完封勝|無四球|勝率|打者|投球回|安打|本塁打|四球|死球|三振|暴投|ボーク|失点|自責点|防御率,1971|阪　急|40|6|3||||0|0|0|.667|387|91 .1|91|.1|90|13|32|4|44|0|0|51|46|4.55,_data\master_csv__rescrape_staging\pitching_1971_PL_from_master.csv,6
CSV_ER,ER,0,0,index_7,7,0,1971,81583843,児玉　好弘,,1971|阪　急|40|19|18|1|1|0|0|0|1|0|0|0|1|0|0|0|9|0|.056|.056|.056,_data\master_csv__rescrape_staging\pitching_1971_PL_from_master.csv,6
CSV_ER,ER,0,0,index_8,8,0,1971,81583843,児玉　好弘,,1971|阪　急|40|19|18|1|1|0|0|0|1|0|0|0|1|0|0|0|9|0|.056|.056|.056,_data\master_csv__rescrape_staging\pitching_1971_PL_from_master.csv,6
CSV_ER,ER,0,0,index_9,9,0,1971,81583843,児玉　好弘,,1971|阪　急|40|19|18|1|1|0|0|0|1|0|0|0|1|0|0|0|9|0|.056|.056|.056,_data\master_csv__rescrape_staging\pitching_1971_PL_from_master.csv,6
CSV_ER,ER,0,0,index_11,11,0,1971,81583843,児玉　好弘,,1971|阪　急|40|19|18|1|1|0|0|0|1|0|0|0|1|0|0|0|9|0|.056|.056|.056,_data\master_csv__rescrape_staging\pitching_1971_PL_from_master.csv,6
CSV_ER,ER,0,0,index_12,12,0,1971,81583843,児玉　好弘,,1971|阪　急|40|19|18|1|1|0|0|0|1|0|0|0|1|0|0|0|9|0|.056|.056|.056,_data\master_csv__rescrape_staging\pitching_1971_PL_from_master.csv,6
CSV_ER,ER,0,0,index_13,13,0,1971,81583843,児玉　好弘,,1971|阪　急|40|19|18|1|1|0|0|0|1|0|0|0|1|0|0|0|9|0|.056|.056|.056,_data\master_csv__rescrape_staging\pitching_1971_PL_from_master.csv,6
CSV_ER,ER,0,0,index_15,15,0,1971,81583843,児玉　好弘,,1971|阪　急|40|19|18|1|1|0|0|0|1|0|0|0|1|0|0|0|9|0|.056|.056|.056,_data\master_csv__rescrape_staging\pitching_1971_PL_from_master.csv,6
CSV_ER,ER,0,0,index_16,16,0,1971,81583843,児玉　好弘,,1971|阪　急|40|19|18|1|1|0|0|0|1|0|0|0|1|0|0|0|9|0|.056|.056|.056,_data\master_csv__rescrape_staging\pitching_1971_PL_from_master.csv,6
CSV_ER,ER,0,0,index_17,17,0,1971,81583843,児玉　好弘,,1971|阪　急|40|19|18|1|1|0|0|0|1|0|0|0|1|0|0|0|9|0|.056|.056|.056,_data\master_csv__rescrape_staging\pitching_1971_PL_from_master.csv,6
CSV_ER,ER,0,0,index_19,19,0,1971,81583843,児玉　好弘,,1971|阪　急|40|19|18|1|1|0|0|0|1|0|0|0|1|0|0|0|9|0|.056|.056|.056,_data\master_csv__rescrape_staging\pitching_1971_PL_from_master.csv,6
CSV_ERA,ERA,51.0,51,防御率,23,51,1971,81583843,児玉　好弘,年度|所属球団|登板|勝利|敗北|セーブ|H|HP|完投|完封勝|無四球|勝率|打者|投球回|安打|本塁打|四球|死球|三振|暴投|ボーク|失点|自責点|防御率,1971|阪　急|40|6|3||||0|0|0|.667|387|91 .1|91|.1|90|13|32|4|44|0|0|51|46|4.55,_data\master_csv__rescrape_staging\pitching_1971_PL_from_master.csv,6
CSV_ER,ER,1,1,無四球,10,1,1971,21023826,宮本　幸信,年度|所属球団|登板|勝利|敗北|セーブ|H|HP|完投|完封勝|無四球|勝率|打者|投球回|安打|本塁打|四球|死球|三振|暴投|ボーク|失点|自責点|防御率,1971|阪　急|34|4|3||||2|0|1|.571|442|103 .1|103|.1|102|15|38|2|58|1|1|54|48|4.19,_data\master_csv__rescrape_staging\pitching_1971_PL_from_master.csv,11
CSV_ER,ER,1,1,失点,21,1,1971,21023826,宮本　幸信,年度|所属球団|登板|勝利|敗北|セーブ|H|HP|完投|完封勝|無四球|勝率|打者|投球回|安打|本塁打|四球|死球|三振|暴投|ボーク|失点|自責点|防御率,1971|阪　急|34|4|3||||2|0|1|.571|442|103 .1|103|.1|102|15|38|2|58|1|1|54|48|4.19,_data\master_csv__rescrape_staging\pitching_1971_PL_from_master.csv,11
CSV_ER,ER,1,1,自責点,22,1,1971,21023826,宮本　幸信,年度|所属球団|登板|勝利|敗北|セーブ|H|HP|完投|完封勝|無四球|勝率|打者|投球回|安打|本塁打|四球|死球|三振|暴投|ボーク|失点|自責点|防御率,1971|阪　急|34|4|3||||2|0|1|.571|442|103 .1|103|.1|102|15|38|2|58|1|1|54|48|4.19,_data\master_csv__rescrape_staging\pitching_1971_PL_from_master.csv,11
CSV_ER,ER,1,1,index_6,6,1,1971,21023826,宮本　幸信,,1971|阪　急|34|24|23|0|1|1|0|0|2|1|0|0|0|0|1|0|11|0|.043|.087|.083,_data\master_csv__rescrape_staging\pitching_1971_PL_from_master.csv,11
CSV_ER,ER,1,1,index_7,7,1,1971,21023826,宮本　幸信,,1971|阪　急|34|24|23|0|1|1|0|0|2|1|0|0|0|0|1|0|11|0|.043|.087|.083,_data\master_csv__rescrape_staging\pitching_1971_PL_from_master.csv,11
CSV_ER,ER,1,1,index_11,11,1,1971,21023826,宮本　幸信,,1971|阪　急|34|24|23|0|1|1|0|0|2|1|0|0|0|0|1|0|11|0|.043|.087|.083,_data\master_csv__rescrape_staging\pitching_1971_PL_from_master.csv,11
CSV_ER,ER,1,1,index_16,16,1,1971,21023826,宮本　幸信,,1971|阪　急|34|24|23|0|1|1|0|0|2|1|0|0|0|0|1|0|11|0|.043|.087|.083,_data\master_csv__rescrape_staging\pitching_1971_PL_from_master.csv,11
CSV_ERA,ERA,54.0,54,防御率,23,54,1971,21023826,宮本　幸信,年度|所属球団|登板|勝利|敗北|セーブ|H|HP|完投|完封勝|無四球|勝率|打者|投球回|安打|本塁打|四球|死球|三振|暴投|ボーク|失点|自責点|防御率,1971|阪　急|34|4|3||||2|0|1|.571|442|103 .1|103|.1|102|15|38|2|58|1|1|54|48|4.19,_data\master_csv__rescrape_staging\pitching_1971_PL_from_master.csv,11
CSV_ER,ER,3,3,失点,21,3,1972,91593820,倉田　誠,年度|所属球団|登板|勝利|敗北|セーブ|H|HP|完投|完封勝|無四球|勝率|打者|投球回|安打|本塁打|四球|死球|三振|暴投|ボーク|失点|自責点|防御率,1972|読　売|36|4|4||||1|0|0|.500|465|104 .2|104|.2|94|13|66|2|71|3|3|60|55|4.71,_data\master_csv__rescrape_staging\pitching_1972_CL_from_master.csv,3
CSV_ER,ER,3,3,自責点,22,3,1972,91593820,倉田　誠,年度|所属球団|登板|勝利|敗北|セーブ|H|HP|完投|完封勝|無四球|勝率|打者|投球回|安打|本塁打|四球|死球|三振|暴投|ボーク|失点|自責点|防御率,1972|読　売|36|4|4||||1|0|0|.500|465|104 .2|104|.2|94|13|66|2|71|3|3|60|55|4.71,_data\master_csv__rescrape_staging\pitching_1972_CL_from_master.csv,3
CSV_ERA,ERA,60.0,60,防御率,23,60,1972,91593820,倉田　誠,年度|所属球団|登板|勝利|敗北|セーブ|H|HP|完投|完封勝|無四球|勝率|打者|投球回|安打|本塁打|四球|死球|三振|暴投|ボーク|失点|自責点|防御率,1972|読　売|36|4|4||||1|0|0|.500|465|104 .2|104|.2|94|13|66|2|71|3|3|60|55|4.71,_data\master_csv__rescrape_staging\pitching_1972_CL_from_master.csv,3
CSV_IP,IP,70.0,70,投球回,13,70,1972,51753841,小坂　敏彦,年度|所属球団|登板|勝利|敗北|セーブ|H|HP|完投|完封勝|無四球|勝率|打者|投球回|安打|本塁打|四球|死球|三振|暴投|ボーク|失点|自責点|防御率,1972|読　売|23|4|4||||1|0|0|.500|300|70|70||66|9|31|0|40|0|0|31|30|3.86,_data\master_csv__rescrape_staging\pitching_1972_CL_from_master.csv,4
CSV_IP,IP,70.0,70,安打,14,70,1972,51753841,小坂　敏彦,年度|所属球団|登板|勝利|敗北|セーブ|H|HP|完投|完封勝|無四球|勝率|打者|投球回|安打|本塁打|四球|死球|三振|暴投|ボーク|失点|自責点|防御率,1972|読　売|23|4|4||||1|0|0|.500|300|70|70||66|9|31|0|40|0|0|31|30|3.86,_data\master_csv__rescrape_staging\pitching_1972_CL_from_master.csv,4
CSV_ER,ER,0,0,完封勝,9,0,1972,51753841,小坂　敏彦,年度|所属球団|登板|勝利|敗北|セーブ|H|HP|完投|完封勝|無四球|勝率|打者|投球回|安打|本塁打|四球|死球|三振|暴投|ボーク|失点|自責点|防御率,1972|読　売|23|4|4||||1|0|0|.500|300|70|70||66|9|31|0|40|0|0|31|30|3.86,_data\master_csv__rescrape_staging\pitching_1972_CL_from_master.csv,4
CSV_ER,ER,0,0,無四球,10,0,1972,51753841,小坂　敏彦,年度|所属球団|登板|勝利|敗北|セーブ|H|HP|完投|完封勝|無四球|勝率|打者|投球回|安打|本塁打|四球|死球|三振|暴投|ボーク|失点|自責点|防御率,1972|読　売|23|4|4||||1|0|0|.500|300|70|70||66|9|31|0|40|0|0|31|30|3.86,_data\master_csv__rescrape_staging\pitching_1972_CL_from_master.csv,4
CSV_ER,ER,0,0,暴投,19,0,1972,51753841,小坂　敏彦,年度|所属球団|登板|勝利|敗北|セーブ|H|HP|完投|完封勝|無四球|勝率|打者|投球回|安打|本塁打|四球|死球|三振|暴投|ボーク|失点|自責点|防御率,1972|読　売|23|4|4||||1|0|0|.500|300|70|70||66|9|31|0|40|0|0|31|30|3.86,_data\master_csv__rescrape_staging\pitching_1972_CL_from_master.csv,4
CSV_ER,ER,0,0,失点,21,0,1972,51753841,小坂　敏彦,年度|所属球団|登板|勝利|敗北|セーブ|H|HP|完投|完封勝|無四球|勝率|打者|投球回|安打|本塁打|四球|死球|三振|暴投|ボーク|失点|自責点|防御率,1972|読　売|23|4|4||||1|0|0|.500|300|70|70||66|9|31|0|40|0|0|31|30|3.86,_data\master_csv__rescrape_staging\pitching_1972_CL_from_master.csv,4
CSV_ER,ER,0,0,自責点,22,0,1972,51753841,小坂　敏彦,年度|所属球団|登板|勝利|敗北|セーブ|H|HP|完投|完封勝|無四球|勝率|打者|投球回|安打|本塁打|四球|死球|三振|暴投|ボーク|失点|自責点|防御率,1972|読　売|23|4|4||||1|0|0|.500|300|70|70||66|9|31|0|40|0|0|31|30|3.86,_data\master_csv__rescrape_staging\pitching_1972_CL_from_master.csv,4
CSV_ER,ER,0,0,index_7,7,0,1972,51753841,小坂　敏彦,,1972|読　売|23|25|15|3|2|0|0|0|2|2|0|0|4|0|5|1|6|0|.133|.133|,_data\master_csv__rescrape_staging\pitching_1972_CL_from_master.csv,4
CSV_ER,ER,0,0,index_8,8,0,1972,51753841,小坂　敏彦,,1972|読　売|23|25|15|3|2|0|0|0|2|2|0|0|4|0|5|1|6|0|.133|.133|,_data\master_csv__rescrape_staging\pitching_1972_CL_from_master.csv,4
CSV_ER,ER,0,0,index_9,9,0,1972,51753841,小坂　敏彦,,1972|読　売|23|25|15|3|2|0|0|0|2|2|0|0|4|0|5|1|6|0|.133|.133|,_data\master_csv__rescrape_staging\pitching_1972_CL_from_master.csv,4
CSV_ER,ER,0,0,index_12,12,0,1972,51753841,小坂　敏彦,,1972|読　売|23|25|15|3|2|0|0|0|2|2|0|0|4|0|5|1|6|0|.133|.133|,_data\master_csv__rescrape_staging\pitching_1972_CL_from_master.csv,4
CSV_ER,ER,0,0,index_13,13,0,1972,51753841,小坂　敏彦,,1972|読　売|23|25|15|3|2|0|0|0|2|2|0|0|4|0|5|1|6|0|.133|.133|,_data\master_csv__rescrape_staging\pitching_1972_CL_from_master.csv,4
CSV_ER,ER,0,0,index_15,15,0,1972,51753841,小坂　敏彦,,1972|読　売|23|25|15|3|2|0|0|0|2|2|0|0|4|0|5|1|6|0|.133|.133|,_data\master_csv__rescrape_staging\pitching_1972_CL_from_master.csv,4
CSV_ER,ER,0,0,index_19,19,0,1972,51753841,小坂　敏彦,,1972|読　売|23|25|15|3|2|0|0|0|2|2|0|0|4|0|5|1|6|0|.133|.133|,_data\master_csv__rescrape_staging\pitching_1972_CL_from_master.csv,4
CSV_ERA,ERA,31.0,31,三振,18,31,1972,51753841,小坂　敏彦,年度|所属球団|登板|勝利|敗北|セーブ|H|HP|完投|完封勝|無四球|勝率|打者|投球回|安打|本塁打|四球|死球|三振|暴投|ボーク|失点|自責点|防御率,1972|読　売|23|4|4||||1|0|0|.500|300|70|70||66|9|31|0|40|0|0|31|30|3.86,_data\master_csv__rescrape_staging\pitching_1972_CL_from_master.csv,4
CSV_ERA,ERA,31.0,31,防御率,23,31,1972,51753841,小坂　敏彦,年度|所属球団|登板|勝利|敗北|セーブ|H|HP|完投|完封勝|無四球|勝率|打者|投球回|安打|本塁打|四球|死球|三振|暴投|ボーク|失点|自責点|防御率,1972|読　売|23|4|4||||1|0|0|.500|300|70|70||66|9|31|0|40|0|0|31|30|3.86,_data\master_csv__rescrape_staging\pitching_1972_CL_from_master.csv,4
CSV_ER,ER,0,0,完封勝,9,0,1972,81583822,菅原　勝矢,年度|所属球団|登板|勝利|敗北|セーブ|H|HP|完投|完封勝|無四球|勝率|打者|投球回|安打|本塁打|四球|死球|三振|暴投|ボーク|失点|自責点|防御率,1972|読　売|33|13|2||||2|0|0|.867|439|103 .2|103|.2|79|7|44|4|81|2|0|33|28|2.42,_data\master_csv__rescrape_staging\pitching_1972_CL_from_master.csv,5
CSV_ER,ER,0,0,無四球,10,0,1972,81583822,菅原　勝矢,年度|所属球団|登板|勝利|敗北|セーブ|H|HP|完投|完封勝|無四球|勝率|打者|投球回|安打|本塁打|四球|死球|三振|暴投|ボーク|失点|自責点|防御率,1972|読　売|33|13|2||||2|0|0|.867|439|103 .2|103|.2|79|7|44|4|81|2|0|33|28|2.42,_data\master_csv__rescrape_staging\pitching_1972_CL_from_master.csv,5
CSV_ER,ER,0,0,自責点,22,0,1972,81583822,菅原　勝矢,年度|所属球団|登板|勝利|敗北|セーブ|H|HP|完投|完封勝|無四球|勝率|打者|投球回|安打|本塁打|四球|死球|三振|暴投|ボーク|失点|自責点|防御率,1972|読　売|33|13|2||||2|0|0|.867|439|103 .2|103|.2|79|7|44|4|81|2|0|33|28|2.42,_data\master_csv__rescrape_staging\pitching_1972_CL_from_master.csv,5
CSV_ER,ER,0,0,index_7,7,0,1972,81583822,菅原　勝矢,,1972|読　売|33|35|31|1|1|0|0|0|1|1|0|0|1|0|3|0|18|0|.032|.032|,_data\master_csv__rescrape_staging\pitching_1972_CL_from_master.csv,5
CSV_ER,ER,0,0,index_8,8,0,1972,81583822,菅原　勝矢,,1972|読　売|33|35|31|1|1|0|0|0|1|1|0|0|1|0|3|0|18|0|.032|.032|,_data\master_csv__rescrape_staging\pitching_1972_CL_from_master.csv,5
CSV_ER,ER,0,0,index_9,9,0,1972,81583822,菅原　勝矢,,1972|読　売|33|35|31|1|1|0|0|0|1|1|0|0|1|0|3|0|18|0|.032|.032|,_data\master_csv__rescrape_staging\pitching_1972_CL_from_master.csv,5
CSV_ER,ER,0,0,index_12,12,0,1972,81583822,菅原　勝矢,,1972|読　売|33|35|31|1|1|0|0|0|1|1|0|0|1|0|3|0|18|0|.032|.032|,_data\master_csv__rescrape_staging\pitching_1972_CL_from_master.csv,5
CSV_ER,ER,0,0,index_13,13,0,1972,81583822,菅原　勝矢,,1972|読　売|33|35|31|1|1|0|0|0|1|1|0|0|1|0|3|0|18|0|.032|.032|,_data\master_csv__rescrape_staging\pitching_1972_CL_from_master.csv,5
CSV_ER,ER,0,0,index_15,15,0,1972,81583822,菅原　勝矢,,1972|読　売|33|35|31|1|1|0|0|0|1|1|0|0|1|0|3|0|18|0|.032|.032|,_data\master_csv__rescrape_staging\pitching_1972_CL_from_master.csv,5
CSV_ER,ER,0,0,index_17,17,0,1972,81583822,菅原　勝矢,,1972|読　売|33|35|31|1|1|0|0|0|1|1|0|0|1|0|3|0|18|0|.032|.032|,_data\master_csv__rescrape_staging\pitching_1972_CL_from_master.csv,5
CSV_ER,ER,0,0,index_19,19,0,1972,81583822,菅原　勝矢,,1972|読　売|33|35|31|1|1|0|0|0|1|1|0|0|1|0|3|0|18|0|.032|.032|,_data\master_csv__rescrape_staging\pitching_1972_CL_from_master.csv,5
CSV_ERA,ERA,33.0,33,登板,2,33,1972,81583822,菅原　勝矢,年度|所属球団|登板|勝利|敗北|セーブ|H|HP|完投|完封勝|無四球|勝率|打者|投球回|安打|本塁打|四球|死球|三振|暴投|ボーク|失点|自責点|防御率,1972|読　売|33|13|2||||2|0|0|.867|439|103 .2|103|.2|79|7|44|4|81|2|0|33|28|2.42,_data\master_csv__rescrape_staging\pitching_1972_CL_from_master.csv,5
CSV_ERA,ERA,33.0,33,防御率,23,33,1972,81583822,菅原　勝矢,年度|所属球団|登板|勝利|敗北|セーブ|H|HP|完投|完封勝|無四球|勝率|打者|投球回|安打|本塁打|四球|死球|三振|暴投|ボーク|失点|自責点|防御率,1972|読　売|33|13|2||||2|0|0|.867|439|103 .2|103|.2|79|7|44|4|81|2|0|33|28|2.42,_data\master_csv__rescrape_staging\pitching_1972_CL_from_master.csv,5
CSV_ERA,ERA,33.0,33,index_2,2,33,1972,81583822,菅原　勝矢,,1972|読　売|33|35|31|1|1|0|0|0|1|1|0|0|1|0|3|0|18|0|.032|.032|,_data\master_csv__rescrape_staging\pitching_1972_CL_from_master.csv,5
CSV_ER,ER,0,0,完封勝,9,0,1972,71973843,関本　四十四,年度|所属球団|登板|勝利|敗北|セーブ|H|HP|完投|完封勝|無四球|勝率|打者|投球回|安打|本塁打|四球|死球|三振|暴投|ボーク|失点|自責点|防御率,1972|読　売|23|2|6||||2|0|0|.250|304|70 .2|70|.2|79|4|25|1|34|2|0|37|34|4.31,_data\master_csv__rescrape_staging\pitching_1972_CL_from_master.csv,6
CSV_ER,ER,0,0,無四球,10,0,1972,71973843,関本　四十四,年度|所属球団|登板|勝利|敗北|セーブ|H|HP|完投|完封勝|無四球|勝率|打者|投球回|安打|本塁打|四球|死球|三振|暴投|ボーク|失点|自責点|防御率,1972|読　売|23|2|6||||2|0|0|.250|304|70 .2|70|.2|79|4|25|1|34|2|0|37|34|4.31,_data\master_csv__rescrape_staging\pitching_1972_CL_from_master.csv,6
CSV_ER,ER,0,0,自責点,22,0,1972,71973843,関本　四十四,年度|所属球団|登板|勝利|敗北|セーブ|H|HP|完投|完封勝|無四球|勝率|打者|投球回|安打|本塁打|四球|死球|三振|暴投|ボーク|失点|自責点|防御率,1972|読　売|23|2|6||||2|0|0|.250|304|70 .2|70|.2|79|4|25|1|34|2|0|37|34|4.31,_data\master_csv__rescrape_staging\pitching_1972_CL_from_master.csv,6
CSV_ER,ER,0,0,index_5,5,0,1972,71973843,関本　四十四,,1972|読　売|23|22|20|0|1|0|0|0|1|0|0|0|2|0|0|0|11|0|.050|.050|,_data\master_csv__rescrape_staging\pitching_1972_CL_from_master.csv,6
CSV_ER,ER,0,0,index_7,7,0,1972,71973843,関本　四十四,,1972|読　売|23|22|20|0|1|0|0|0|1|0|0|0|2|0|0|0|11|0|.050|.050|,_data\master_csv__rescrape_staging\pitching_1972_CL_from_master.csv,6
CSV_ER,ER,0,0,index_8,8,0,1972,71973843,関本　四十四,,1972|読　売|23|22|20|0|1|0|0|0|1|0|0|0|2|0|0|0|11|0|.050|.050|,_data\master_csv__rescrape_staging\pitching_1972_CL_from_master.csv,6
CSV_ER,ER,0,0,index_9,9,0,1972,71973843,関本　四十四,,1972|読　売|23|22|20|0|1|0|0|0|1|0|0|0|2|0|0|0|11|0|.050|.050|,_data\master_csv__rescrape_staging\pitching_1972_CL_from_master.csv,6
CSV_ER,ER,0,0,index_11,11,0,1972,71973843,関本　四十四,,1972|読　売|23|22|20|0|1|0|0|0|1|0|0|0|2|0|0|0|11|0|.050|.050|,_data\master_csv__rescrape_staging\pitching_1972_CL_from_master.csv,6
CSV_ER,ER,0,0,index_12,12,0,1972,71973843,関本　四十四,,1972|読　売|23|22|20|0|1|0|0|0|1|0|0|0|2|0|0|0|11|0|.050|.050|,_data\master_csv__rescrape_staging\pitching_1972_CL_from_master.csv,6
CSV_ER,ER,0,0,index_13,13,0,1972,71973843,関本　四十四,,1972|読　売|23|22|20|0|1|0|0|0|1|0|0|0|2|0|0|0|11|0|.050|.050|,_data\master_csv__rescrape_staging\pitching_1972_CL_from_master.csv,6
CSV_ER,ER,0,0,index_15,15,0,1972,71973843,関本　四十四,,1972|読　売|23|22|20|0|1|0|0|0|1|0|0|0|2|0|0|0|11|0|.050|.050|,_data\master_csv__rescrape_staging\pitching_1972_CL_from_master.csv,6
CSV_ER,ER,0,0,index_16,16,0,1972,71973843,関本　四十四,,1972|読　売|23|22|20|0|1|0|0|0|1|0|0|0|2|0|0|0|11|0|.050|.050|,_data\master_csv__rescrape_staging\pitching_1972_CL_from_master.csv,6
CSV_ER,ER,0,0,index_17,17,0,1972,71973843,関本　四十四,,1972|読　売|23|22|20|0|1|0|0|0|1|0|0|0|2|0|0|0|11|0|.050|.050|,_data\master_csv__rescrape_staging\pitching_1972_CL_from_master.csv,6
CSV_ER,ER,0,0,index_19,19,0,1972,71973843,関本　四十四,,1972|読　売|23|22|20|0|1|0|0|0|1|0|0|0|2|0|0|0|11|0|.050|.050|,_data\master_csv__rescrape_staging\pitching_1972_CL_from_master.csv,6
CSV_ERA,ERA,37.0,37,防御率,23,37,1972,71973843,関本　四十四,年度|所属球団|登板|勝利|敗北|セーブ|H|HP|完投|完封勝|無四球|勝率|打者|投球回|安打|本塁打|四球|死球|三振|暴投|ボーク|失点|自責点|防御率,1972|読　売|23|2|6||||2|0|0|.250|304|70 .2|70|.2|79|4|25|1|34|2|0|37|34|4.31,_data\master_csv__rescrape_staging\pitching_1972_CL_from_master.csv,6
CSV_ER,ER,0,0,完封勝,9,0,1972,01703820,高橋　一三,年度|所属球団|登板|勝利|敗北|セーブ|H|HP|完投|完封勝|無四球|勝率|打者|投球回|安打|本塁打|四球|死球|三振|暴投|ボーク|失点|自責点|防御率,1972|読　売|43|12|11||||11|0|0|.522|895|214 .1|214|.1|172|22|113|3|170|3|0|81|71|2.99,_data\master_csv__rescrape_staging\pitching_1972_CL_from_master.csv,7
CSV_ER,ER,0,0,無四球,10,0,1972,01703820,高橋　一三,年度|所属球団|登板|勝利|敗北|セーブ|H|HP|完投|完封勝|無四球|勝率|打者|投球回|安打|本塁打|四球|死球|三振|暴投|ボーク|失点|自責点|防御率,1972|読　売|43|12|11||||11|0|0|.522|895|214 .1|214|.1|172|22|113|3|170|3|0|81|71|2.99,_data\master_csv__rescrape_staging\pitching_1972_CL_from_master.csv,7
CSV_ER,ER,0,0,自責点,22,0,1972,01703820,高橋　一三,年度|所属球団|登板|勝利|敗北|セーブ|H|HP|完投|完封勝|無四球|勝率|打者|投球回|安打|本塁打|四球|死球|三振|暴投|ボーク|失点|自責点|防御率,1972|読　売|43|12|11||||11|0|0|.522|895|214 .1|214|.1|172|22|113|3|170|3|0|81|71|2.99,_data\master_csv__rescrape_staging\pitching_1972_CL_from_master.csv,7
CSV_ER,ER,0,0,index_7,7,0,1972,01703820,高橋　一三,,1972|読　売|43|77|68|8|10|0|0|0|10|3|0|0|7|0|2|0|21|1|.147|.147|,_data\master_csv__rescrape_staging\pitching_1972_CL_from_master.csv,7
CSV_ER,ER,0,0,index_8,8,0,1972,01703820,高橋　一三,,1972|読　売|43|77|68|8|10|0|0|0|10|3|0|0|7|0|2|0|21|1|.147|.147|,_data\master_csv__rescrape_staging\pitching_1972_CL_from_master.csv,7
CSV_ER,ER,0,0,index_9,9,0,1972,01703820,高橋　一三,,1972|読　売|43|77|68|8|10|0|0|0|10|3|0|0|7|0|2|0|21|1|.147|.147|,_data\master_csv__rescrape_staging\pitching_1972_CL_from_master.csv,7
CSV_ER,ER,0,0,index_12,12,0,1972,01703820,高橋　一三,,1972|読　売|43|77|68|8|10|0|0|0|10|3|0|0|7|0|2|0|21|1|.147|.147|,_data\master_csv__rescrape_staging\pitching_1972_CL_from_master.csv,7
CSV_ER,ER,0,0,index_13,13,0,1972,01703820,高橋　一三,,1972|読　売|43|77|68|8|10|0|0|0|10|3|0|0|7|0|2|0|21|1|.147|.147|,_data\master_csv__rescrape_staging\pitching_1972_CL_from_master.csv,7
CSV_ER,ER,0,0,index_15,15,0,1972,01703820,高橋　一三,,1972|読　売|43|77|68|8|10|0|0|0|10|3|0|0|7|0|2|0|21|1|.147|.147|,_data\master_csv__rescrape_staging\pitching_1972_CL_from_master.csv,7
CSV_ER,ER,0,0,index_17,17,0,1972,01703820,高橋　一三,,1972|読　売|43|77|68|8|10|0|0|0|10|3|0|0|7|0|2|0|21|1|.147|.147|,_data\master_csv__rescrape_staging\pitching_1972_CL_from_master.csv,7
CSV_ERA,ERA,81.0,81,防御率,23,81,1972,01703820,高橋　一三,年度|所属球団|登板|勝利|敗北|セーブ|H|HP|完投|完封勝|無四球|勝率|打者|投球回|安打|本塁打|四球|死球|三振|暴投|ボーク|失点|自責点|防御率,1972|読　売|43|12|11||||11|0|0|.522|895|214 .1|214|.1|172|22|113|3|170|3|0|81|71|2.99,_data\master_csv__rescrape_staging\pitching_1972_CL_from_master.csv,7
CSV_ER,ER,0,0,失点,21,0,1972,71173808,足立　光宏,年度|所属球団|登板|勝利|敗北|セーブ|H|HP|完投|完封勝|無四球|勝率|打者|投球回|安打|本塁打|四球|死球|三振|暴投|ボーク|失点|自責点|防御率,1972|阪　急|34|16|6||||12|1|2|.727|785|195 .1|195|.1|174|25|31|4|71|0|0|69|57|2.63,_data\master_csv__rescrape_staging\pitching_1972_PL_from_master.csv,2
CSV_ER,ER,0,0,自責点,22,0,1972,71173808,足立　光宏,年度|所属球団|登板|勝利|敗北|セーブ|H|HP|完投|完封勝|無四球|勝率|打者|投球回|安打|本塁打|四球|死球|三振|暴投|ボーク|失点|自責点|防御率,1972|阪　急|34|16|6||||12|1|2|.727|785|195 .1|195|.1|174|25|31|4|71|0|0|69|57|2.63,_data\master_csv__rescrape_staging\pitching_1972_PL_from_master.csv,2
CSV_ER,ER,0,0,index_7,7,0,1972,71173808,足立　光宏,,1972|阪　急|34|68|62|1|9|0|1|0|11|5|0|1|5|0|0|1|10|0|.145|.177|.159,_data\master_csv__rescrape_staging\pitching_1972_PL_from_master.csv,2
CSV_ER,ER,0,0,index_9,9,0,1972,71173808,足立　光宏,,1972|阪　急|34|68|62|1|9|0|1|0|11|5|0|1|5|0|0|1|10|0|.145|.177|.159,_data\master_csv__rescrape_staging\pitching_1972_PL_from_master.csv,2
CSV_ER,ER,0,0,index_12,12,0,1972,71173808,足立　光宏,,1972|阪　急|34|68|62|1|9|0|1|0|11|5|0|1|5|0|0|1|10|0|.145|.177|.159,_data\master_csv__rescrape_staging\pitching_1972_PL_from_master.csv,2
CSV_ER,ER,0,0,index_15,15,0,1972,71173808,足立　光宏,,1972|阪　急|34|68|62|1|9|0|1|0|11|5|0|1|5|0|0|1|10|0|.145|.177|.159,_data\master_csv__rescrape_staging\pitching_1972_PL_from_master.csv,2
CSV_ER,ER,0,0,index_16,16,0,1972,71173808,足立　光宏,,1972|阪　急|34|68|62|1|9|0|1|0|11|5|0|1|5|0|0|1|10|0|.145|.177|.159,_data\master_csv__rescrape_staging\pitching_1972_PL_from_master.csv,2
CSV_ER,ER,0,0,index_19,19,0,1972,71173808,足立　光宏,,1972|阪　急|34|68|62|1|9|0|1|0|11|5|0|1|5|0|0|1|10|0|.145|.177|.159,_data\master_csv__rescrape_staging\pitching_1972_PL_from_master.csv,2
CSV_ERA,ERA,69.0,69,防御率,23,69,1972,71173808,足立　光宏,年度|所属球団|登板|勝利|敗北|セーブ|H|HP|完投|完封勝|無四球|勝率|打者|投球回|安打|本塁打|四球|死球|三振|暴投|ボーク|失点|自責点|防御率,1972|阪　急|34|16|6||||12|1|2|.727|785|195 .1|195|.1|174|25|31|4|71|0|0|69|57|2.63,_data\master_csv__rescrape_staging\pitching_1972_PL_from_master.csv,2
CSV_ER,ER,0,0,完封勝,9,0,1972,41143806,石井　茂雄,年度|所属球団|登板|勝利|敗北|セーブ|H|HP|完投|完封勝|無四球|勝率|打者|投球回|安打|本塁打|四球|死球|三振|暴投|ボーク|失点|自責点|防御率,1972|阪　急|23|5|4||||3|0|0|.556|435|100 .2|100|.2|115|16|24|3|39|0|0|59|46|4.10,_data\master_csv__rescrape_staging\pitching_1972_PL_from_master.csv,4
CSV_ER,ER,0,0,無四球,10,0,1972,41143806,石井　茂雄,年度|所属球団|登板|勝利|敗北|セーブ|H|HP|完投|完封勝|無四球|勝率|打者|投球回|安打|本塁打|四球|死球|三振|暴投|ボーク|失点|自責点|防御率,1972|阪　急|23|5|4||||3|0|0|.556|435|100 .2|100|.2|115|16|24|3|39|0|0|59|46|4.10,_data\master_csv__rescrape_staging\pitching_1972_PL_from_master.csv,4
CSV_ER,ER,0,0,失点,21,0,1972,41143806,石井　茂雄,年度|所属球団|登板|勝利|敗北|セーブ|H|HP|完投|完封勝|無四球|勝率|打者|投球回|安打|本塁打|四球|死球|三振|暴投|ボーク|失点|自責点|防御率,1972|阪　急|23|5|4||||3|0|0|.556|435|100 .2|100|.2|115|16|24|3|39|0|0|59|46|4.10,_data\master_csv__rescrape_staging\pitching_1972_PL_from_master.csv,4
CSV_ER,ER,0,0,自責点,22,0,1972,41143806,石井　茂雄,年度|所属球団|登板|勝利|敗北|セーブ|H|HP|完投|完封勝|無四球|勝率|打者|投球回|安打|本塁打|四球|死球|三振|暴投|ボーク|失点|自責点|防御率,1972|阪　急|23|5|4||||3|0|0|.556|435|100 .2|100|.2|115|16|24|3|39|0|0|59|46|4.10,_data\master_csv__rescrape_staging\pitching_1972_PL_from_master.csv,4
CSV_ER,ER,0,0,index_8,8,0,1972,41143806,石井　茂雄,,1972|阪　急|24|30|24|3|4|1|0|2|11|3|1|1|3|0|3|0|8|0|.167|.458|.259,_data\master_csv__rescrape_staging\pitching_1972_PL_from_master.csv,4
CSV_ER,ER,0,0,index_15,15,0,1972,41143806,石井　茂雄,,1972|阪　急|24|30|24|3|4|1|0|2|11|3|1|1|3|0|3|0|8|0|.167|.458|.259,_data\master_csv__rescrape_staging\pitching_1972_PL_from_master.csv,4
CSV_ER,ER,0,0,index_17,17,0,1972,41143806,石井　茂雄,,1972|阪　急|24|30|24|3|4|1|0|2|11|3|1|1|3|0|3|0|8|0|.167|.458|.259,_data\master_csv__rescrape_staging\pitching_1972_PL_from_master.csv,4
CSV_ER,ER,0,0,index_19,19,0,1972,41143806,石井　茂雄,,1972|阪　急|24|30|24|3|4|1|0|2|11|3|1|1|3|0|3|0|8|0|.167|.458|.259,_data\master_csv__rescrape_staging\pitching_1972_PL_from_master.csv,4
CSV_ERA,ERA,59.0,59,防御率,23,59,1972,41143806,石井　茂雄,年度|所属球団|登板|勝利|敗北|セーブ|H|HP|完投|完封勝|無四球|勝率|打者|投球回|安打|本塁打|四球|死球|三振|暴投|ボーク|失点|自責点|防御率,1972|阪　急|23|5|4||||3|0|0|.556|435|100 .2|100|.2|115|16|24|3|39|0|0|59|46|4.10,_data\master_csv__rescrape_staging\pitching_1972_PL_from_master.csv,4
CSV_IP,IP,69.0,69,投球回,13,69,1972,91793809,梶本　隆夫,年度|所属球団|登板|勝利|敗北|セーブ|H|HP|完投|完封勝|無四球|勝率|打者|投球回|安打|本塁打|四球|死球|三振|暴投|ボーク|失点|自責点|防御率,1972|阪　急|17|2|5||||2|1|0|.286|298|69|69||66|11|28|3|35|0|0|34|28|3.65,_data\master_csv__rescrape_staging\pitching_1972_PL_from_master.csv,6
CSV_IP,IP,69.0,69,安打,14,69,1972,91793809,梶本　隆夫,年度|所属球団|登板|勝利|敗北|セーブ|H|HP|完投|完封勝|無四球|勝率|打者|投球回|安打|本塁打|四球|死球|三振|暴投|ボーク|失点|自責点|防御率,1972|阪　急|17|2|5||||2|1|0|.286|298|69|69||66|11|28|3|35|0|0|34|28|3.65,_data\master_csv__rescrape_staging\pitching_1972_PL_from_master.csv,6
CSV_ER,ER,0,0,無四球,10,0,1972,91793809,梶本　隆夫,年度|所属球団|登板|勝利|敗北|セーブ|H|HP|完投|完封勝|無四球|勝率|打者|投球回|安打|本塁打|四球|死球|三振|暴投|ボーク|失点|自責点|防御率,1972|阪　急|17|2|5||||2|1|0|.286|298|69|69||66|11|28|3|35|0|0|34|28|3.65,_data\master_csv__rescrape_staging\pitching_1972_PL_from_master.csv,6
CSV_ER,ER,0,0,失点,21,0,1972,91793809,梶本　隆夫,年度|所属球団|登板|勝利|敗北|セーブ|H|HP|完投|完封勝|無四球|勝率|打者|投球回|安打|本塁打|四球|死球|三振|暴投|ボーク|失点|自責点|防御率,1972|阪　急|17|2|5||||2|1|0|.286|298|69|69||66|11|28|3|35|0|0|34|28|3.65,_data\master_csv__rescrape_staging\pitching_1972_PL_from_master.csv,6
CSV_ER,ER,0,0,自責点,22,0,1972,91793809,梶本　隆夫,年度|所属球団|登板|勝利|敗北|セーブ|H|HP|完投|完封勝|無四球|勝率|打者|投球回|安打|本塁打|四球|死球|三振|暴投|ボーク|失点|自責点|防御率,1972|阪　急|17|2|5||||2|1|0|.286|298|69|69||66|11|28|3|35|0|0|34|28|3.65,_data\master_csv__rescrape_staging\pitching_1972_PL_from_master.csv,6
CSV_ER,ER,0,0,index_5,5,0,1972,91793809,梶本　隆夫,,1972|阪　急|18|19|17|0|1|0|0|0|1|0|0|0|1|0|1|0|7|1|.059|.059|.111,_data\master_csv__rescrape_staging\pitching_1972_PL_from_master.csv,6
CSV_ER,ER,0,0,index_7,7,0,1972,91793809,梶本　隆夫,,1972|阪　急|18|19|17|0|1|0|0|0|1|0|0|0|1|0|1|0|7|1|.059|.059|.111,_data\master_csv__rescrape_staging\pitching_1972_PL_from_master.csv,6
CSV_ER,ER,0,0,index_8,8,0,1972,91793809,梶本　隆夫,,1972|阪　急|18|19|17|0|1|0|0|0|1|0|0|0|1|0|1|0|7|1|.059|.059|.111,_data\master_csv__rescrape_staging\pitching_1972_PL_from_master.csv,6
CSV_ER,ER,0,0,index_9,9,0,1972,91793809,梶本　隆夫,,1972|阪　急|18|19|17|0|1|0|0|0|1|0|0|0|1|0|1|0|7|1|.059|.059|.111,_data\master_csv__rescrape_staging\pitching_1972_PL_from_master.csv,6
CSV_ER,ER,0,0,index_11,11,0,1972,91793809,梶本　隆夫,,1972|阪　急|18|19|17|0|1|0|0|0|1|0|0|0|1|0|1|0|7|1|.059|.059|.111,_data\master_csv__rescrape_staging\pitching_1972_PL_from_master.csv,6
CSV_ER,ER,0,0,index_12,12,0,1972,91793809,梶本　隆夫,,1972|阪　急|18|19|17|0|1|0|0|0|1|0|0|0|1|0|1|0|7|1|.059|.059|.111,_data\master_csv__rescrape_staging\pitching_1972_PL_from_master.csv,6
CSV_ER,ER,0,0,index_13,13,0,1972,91793809,梶本　隆夫,,1972|阪　急|18|19|17|0|1|0|0|0|1|0|0|0|1|0|1|0|7|1|.059|.059|.111,_data\master_csv__rescrape_staging\pitching_1972_PL_from_master.csv,6
CSV_ER,ER,0,0,index_15,15,0,1972,91793809,梶本　隆夫,,1972|阪　急|18|19|17|0|1|0|0|0|1|0|0|0|1|0|1|0|7|1|.059|.059|.111,_data\master_csv__rescrape_staging\pitching_1972_PL_from_master.csv,6
CSV_ER,ER,0,0,index_17,17,0,1972,91793809,梶本　隆夫,,1972|阪　急|18|19|17|0|1|0|0|0|1|0|0|0|1|0|1|0|7|1|.059|.059|.111,_data\master_csv__rescrape_staging\pitching_1972_PL_from_master.csv,6
CSV_ERA,ERA,34.0,34,防御率,23,34,1972,91793809,梶本　隆夫,年度|所属球団|登板|勝利|敗北|セーブ|H|HP|完投|完封勝|無四球|勝率|打者|投球回|安打|本塁打|四球|死球|三振|暴投|ボーク|失点|自責点|防御率,1972|阪　急|17|2|5||||2|1|0|.286|298|69|69||66|11|28|3|35|0|0|34|28|3.65,_data\master_csv__rescrape_staging\pitching_1972_PL_from_master.csv,6
CSV_ER,ER,0,0,完投,8,0,1972,81583843,児玉　好弘,年度|所属球団|登板|勝利|敗北|セーブ|H|HP|完投|完封勝|無四球|勝率|打者|投球回|安打|本塁打|四球|死球|三振|暴投|ボーク|失点|自責点|防御率,1972|阪　急|39|10|4||||0|0|0|.714|373|94 .2|94|.2|88|7|16|1|27|0|0|32|28|2.65,_data\master_csv__rescrape_staging\pitching_1972_PL_from_master.csv,7
CSV_ER,ER,0,0,完封勝,9,0,1972,81583843,児玉　好弘,年度|所属球団|登板|勝利|敗北|セーブ|H|HP|完投|完封勝|無四球|勝率|打者|投球回|安打|本塁打|四球|死球|三振|暴投|ボーク|失点|自責点|防御率,1972|阪　急|39|10|4||||0|0|0|.714|373|94 .2|94|.2|88|7|16|1|27|0|0|32|28|2.65,_data\master_csv__rescrape_staging\pitching_1972_PL_from_master.csv,7
CSV_ER,ER,0,0,無四球,10,0,1972,81583843,児玉　好弘,年度|所属球団|登板|勝利|敗北|セーブ|H|HP|完投|完封勝|無四球|勝率|打者|投球回|安打|本塁打|四球|死球|三振|暴投|ボーク|失点|自責点|防御率,1972|阪　急|39|10|4||||0|0|0|.714|373|94 .2|94|.2|88|7|16|1|27|0|0|32|28|2.65,_data\master_csv__rescrape_staging\pitching_1972_PL_from_master.csv,7
CSV_ER,ER,0,0,失点,21,0,1972,81583843,児玉　好弘,年度|所属球団|登板|勝利|敗北|セーブ|H|HP|完投|完封勝|無四球|勝率|打者|投球回|安打|本塁打|四球|死球|三振|暴投|ボーク|失点|自責点|防御率,1972|阪　急|39|10|4||||0|0|0|.714|373|94 .2|94|.2|88|7|16|1|27|0|0|32|28|2.65,_data\master_csv__rescrape_staging\pitching_1972_PL_from_master.csv,7
CSV_ER,ER,0,0,自責点,22,0,1972,81583843,児玉　好弘,年度|所属球団|登板|勝利|敗北|セーブ|H|HP|完投|完封勝|無四球|勝率|打者|投球回|安打|本塁打|四球|死球|三振|暴投|ボーク|失点|自責点|防御率,1972|阪　急|39|10|4||||0|0|0|.714|373|94 .2|94|.2|88|7|16|1|27|0|0|32|28|2.65,_data\master_csv__rescrape_staging\pitching_1972_PL_from_master.csv,7
CSV_ER,ER,0,0,index_5,5,0,1972,81583843,児玉　好弘,,1972|阪　急|39|17|15|0|2|0|0|0|2|0|0|0|1|0|1|0|6|0|.133|.133|.188,_data\master_csv__rescrape_staging\pitching_1972_PL_from_master.csv,7
CSV_ER,ER,0,0,index_7,7,0,1972,81583843,児玉　好弘,,1972|阪　急|39|17|15|0|2|0|0|0|2|0|0|0|1|0|1|0|6|0|.133|.133|.188,_data\master_csv__rescrape_staging\pitching_1972_PL_from_master.csv,7
CSV_ER,ER,0,0,index_8,8,0,1972,81583843,児玉　好弘,,1972|阪　急|39|17|15|0|2|0|0|0|2|0|0|0|1|0|1|0|6|0|.133|.133|.188,_data\master_csv__rescrape_staging\pitching_1972_PL_from_master.csv,7
CSV_ER,ER,0,0,index_9,9,0,1972,81583843,児玉　好弘,,1972|阪　急|39|17|15|0|2|0|0|0|2|0|0|0|1|0|1|0|6|0|.133|.133|.188,_data\master_csv__rescrape_staging\pitching_1972_PL_from_master.csv,7
CSV_ER,ER,0,0,index_11,11,0,1972,81583843,児玉　好弘,,1972|阪　急|39|17|15|0|2|0|0|0|2|0|0|0|1|0|1|0|6|0|.133|.133|.188,_data\master_csv__rescrape_staging\pitching_1972_PL_from_master.csv,7
CSV_ER,ER,0,0,index_12,12,0,1972,81583843,児玉　好弘,,1972|阪　急|39|17|15|0|2|0|0|0|2|0|0|0|1|0|1|0|6|0|.133|.133|.188,_data\master_csv__rescrape_staging\pitching_1972_PL_from_master.csv,7
CSV_ER,ER,0,0,index_13,13,0,1972,81583843,児玉　好弘,,1972|阪　急|39|17|15|0|2|0|0|0|2|0|0|0|1|0|1|0|6|0|.133|.133|.188,_data\master_csv__rescrape_staging\pitching_1972_PL_from_master.csv,7
CSV_ER,ER,0,0,index_15,15,0,1972,81583843,児玉　好弘,,1972|阪　急|39|17|15|0|2|0|0|0|2|0|0|0|1|0|1|0|6|0|.133|.133|.188,_data\master_csv__rescrape_staging\pitching_1972_PL_from_master.csv,7
CSV_ER,ER,0,0,index_17,17,0,1972,81583843,児玉　好弘,,1972|阪　急|39|17|15|0|2|0|0|0|2|0|0|0|1|0|1|0|6|0|.133|.133|.188,_data\master_csv__rescrape_staging\pitching_1972_PL_from_master.csv,7
CSV_ER,ER,0,0,index_19,19,0,1972,81583843,児玉　好弘,,1972|阪　急|39|17|15|0|2|0|0|0|2|0|0|0|1|0|1|0|6|0|.133|.133|.188,_data\master_csv__rescrape_staging\pitching_1972_PL_from_master.csv,7
CSV_ERA,ERA,32.0,32,防御率,23,32,1972,81583843,児玉　好弘,年度|所属球団|登板|勝利|敗北|セーブ|H|HP|完投|完封勝|無四球|勝率|打者|投球回|安打|本塁打|四球|死球|三振|暴投|ボーク|失点|自責点|防御率,1972|阪　急|39|10|4||||0|0|0|.714|373|94 .2|94|.2|88|7|16|1|27|0|0|32|28|2.65,_data\master_csv__rescrape_staging\pitching_1972_PL_from_master.csv,7
CSV_ER,ER,0,0,完封勝,9,0,1972,51053829,戸田　善紀,年度|所属球団|登板|勝利|敗北|セーブ|H|HP|完投|完封勝|無四球|勝率|打者|投球回|安打|本塁打|四球|死球|三振|暴投|ボーク|失点|自責点|防御率,1972|阪　急|34|8|4||||3|0|1|.667|414|103 .1|103|.1|89|17|24|2|72|2|0|40|38|3.32,_data\master_csv__rescrape_staging\pitching_1972_PL_from_master.csv,8
CSV_ER,ER,0,0,自責点,22,0,1972,51053829,戸田　善紀,年度|所属球団|登板|勝利|敗北|セーブ|H|HP|完投|完封勝|無四球|勝率|打者|投球回|安打|本塁打|四球|死球|三振|暴投|ボーク|失点|自責点|防御率,1972|阪　急|34|8|4||||3|0|1|.667|414|103 .1|103|.1|89|17|24|2|72|2|0|40|38|3.32,_data\master_csv__rescrape_staging\pitching_1972_PL_from_master.csv,8
CSV_ER,ER,0,0,index_7,7,0,1972,51053829,戸田　善紀,,1972|阪　急|35|23|19|1|2|0|0|0|2|1|1|0|3|0|1|0|9|1|.105|.105|.150,_data\master_csv__rescrape_staging\pitching_1972_PL_from_master.csv,8
CSV_ER,ER,0,0,index_8,8,0,1972,51053829,戸田　善紀,,1972|阪　急|35|23|19|1|2|0|0|0|2|1|1|0|3|0|1|0|9|1|.105|.105|.150,_data\master_csv__rescrape_staging\pitching_1972_PL_from_master.csv,8
CSV_ER,ER,0,0,index_9,9,0,1972,51053829,戸田　善紀,,1972|阪　急|35|23|19|1|2|0|0|0|2|1|1|0|3|0|1|0|9|1|.105|.105|.150,_data\master_csv__rescrape_staging\pitching_1972_PL_from_master.csv,8
CSV_ER,ER,0,0,index_13,13,0,1972,51053829,戸田　善紀,,1972|阪　急|35|23|19|1|2|0|0|0|2|1|1|0|3|0|1|0|9|1|.105|.105|.150,_data\master_csv__rescrape_staging\pitching_1972_PL_from_master.csv,8
CSV_ER,ER,0,0,index_15,15,0,1972,51053829,戸田　善紀,,1972|阪　急|35|23|19|1|2|0|0|0|2|1|1|0|3|0|1|0|9|1|.105|.105|.150,_data\master_csv__rescrape_staging\pitching_1972_PL_from_master.csv,8
CSV_ER,ER,0,0,index_17,17,0,1972,51053829,戸田　善紀,,1972|阪　急|35|23|19|1|2|0|0|0|2|1|1|0|3|0|1|0|9|1|.105|.105|.150,_data\master_csv__rescrape_staging\pitching_1972_PL_from_master.csv,8
CSV_ERA,ERA,40.0,40,防御率,23,40,1972,51053829,戸田　善紀,年度|所属球団|登板|勝利|敗北|セーブ|H|HP|完投|完封勝|無四球|勝率|打者|投球回|安打|本塁打|四球|死球|三振|暴投|ボーク|失点|自責点|防御率,1972|阪　急|34|8|4||||3|0|1|.667|414|103 .1|103|.1|89|17|24|2|72|2|0|40|38|3.32,_data\master_csv__rescrape_staging\pitching_1972_PL_from_master.csv,8
CSV_ER,ER,0,0,敗北,4,0,1973,91393849,小川　邦和,年度|所属球団|登板|勝利|敗北|セーブ|H|HP|完投|完封勝|無四球|勝率|打者|投球回|安打|本塁打|四球|死球|三振|暴投|ボーク|失点|自責点|防御率,1973|読　売|32|3|0||||0|0|0|1.000|231|57 .2|57|.2|50|12|16|0|34|1|0|23|21|3.26,_data\master_csv__rescrape_staging\pitching_1973_CL_from_master.csv,3
CSV_ER,ER,0,0,完投,8,0,1973,91393849,小川　邦和,年度|所属球団|登板|勝利|敗北|セーブ|H|HP|完投|完封勝|無四球|勝率|打者|投球回|安打|本塁打|四球|死球|三振|暴投|ボーク|失点|自責点|防御率,1973|読　売|32|3|0||||0|0|0|1.000|231|57 .2|57|.2|50|12|16|0|34|1|0|23|21|3.26,_data\master_csv__rescrape_staging\pitching_1973_CL_from_master.csv,3
CSV_ER,ER,0,0,完封勝,9,0,1973,91393849,小川　邦和,年度|所属球団|登板|勝利|敗北|セーブ|H|HP|完投|完封勝|無四球|勝率|打者|投球回|安打|本塁打|四球|死球|三振|暴投|ボーク|失点|自責点|防御率,1973|読　売|32|3|0||||0|0|0|1.000|231|57 .2|57|.2|50|12|16|0|34|1|0|23|21|3.26,_data\master_csv__rescrape_staging\pitching_1973_CL_from_master.csv,3
CSV_ER,ER,0,0,無四球,10,0,1973,91393849,小川　邦和,年度|所属球団|登板|勝利|敗北|セーブ|H|HP|完投|完封勝|無四球|勝率|打者|投球回|安打|本塁打|四球|死球|三振|暴投|ボーク|失点|自責点|防御率,1973|読　売|32|3|0||||0|0|0|1.000|231|57 .2|57|.2|50|12|16|0|34|1|0|23|21|3.26,_data\master_csv__rescrape_staging\pitching_1973_CL_from_master.csv,3
CSV_ER,ER,0,0,暴投,19,0,1973,91393849,小川　邦和,年度|所属球団|登板|勝利|敗北|セーブ|H|HP|完投|完封勝|無四球|勝率|打者|投球回|安打|本塁打|四球|死球|三振|暴投|ボーク|失点|自責点|防御率,1973|読　売|32|3|0||||0|0|0|1.000|231|57 .2|57|.2|50|12|16|0|34|1|0|23|21|3.26,_data\master_csv__rescrape_staging\pitching_1973_CL_from_master.csv,3
CSV_ER,ER,0,0,自責点,22,0,1973,91393849,小川　邦和,年度|所属球団|登板|勝利|敗北|セーブ|H|HP|完投|完封勝|無四球|勝率|打者|投球回|安打|本塁打|四球|死球|三振|暴投|ボーク|失点|自責点|防御率,1973|読　売|32|3|0||||0|0|0|1.000|231|57 .2|57|.2|50|12|16|0|34|1|0|23|21|3.26,_data\master_csv__rescrape_staging\pitching_1973_CL_from_master.csv,3
CSV_ER,ER,0,0,index_5,5,0,1973,91393849,小川　邦和,,1973|読　売|32|9|7|0|1|0|0|0|1|0|0|0|1|0|1|0|3|1|.143|.143|,_data\master_csv__rescrape_staging\pitching_1973_CL_from_master.csv,3
CSV_ER,ER,0,0,index_7,7,0,1973,91393849,小川　邦和,,1973|読　売|32|9|7|0|1|0|0|0|1|0|0|0|1|0|1|0|3|1|.143|.143|,_data\master_csv__rescrape_staging\pitching_1973_CL_from_master.csv,3
CSV_ER,ER,0,0,index_8,8,0,1973,91393849,小川　邦和,,1973|読　売|32|9|7|0|1|0|0|0|1|0|0|0|1|0|1|0|3|1|.143|.143|,_data\master_csv__rescrape_staging\pitching_1973_CL_from_master.csv,3
CSV_ER,ER,0,0,index_9,9,0,1973,91393849,小川　邦和,,1973|読　売|32|9|7|0|1|0|0|0|1|0|0|0|1|0|1|0|3|1|.143|.143|,_data\master_csv__rescrape_staging\pitching_1973_CL_from_master.csv,3
CSV_ER,ER,0,0,index_11,11,0,1973,91393849,小川　邦和,,1973|読　売|32|9|7|0|1|0|0|0|1|0|0|0|1|0|1|0|3|1|.143|.143|,_data\master_csv__rescrape_staging\pitching_1973_CL_from_master.csv,3
CSV_ER,ER,0,0,index_12,12,0,1973,91393849,小川　邦和,,1973|読　売|32|9|7|0|1|0|0|0|1|0|0|0|1|0|1|0|3|1|.143|.143|,_data\master_csv__rescrape_staging\pitching_1973_CL_from_master.csv,3
CSV_ER,ER,0,0,index_13,13,0,1973,91393849,小川　邦和,,1973|読　売|32|9|7|0|1|0|0|0|1|0|0|0|1|0|1|0|3|1|.143|.143|,_data\master_csv__rescrape_staging\pitching_1973_CL_from_master.csv,3
CSV_ER,ER,0,0,index_15,15,0,1973,91393849,小川　邦和,,1973|読　売|32|9|7|0|1|0|0|0|1|0|0|0|1|0|1|0|3|1|.143|.143|,_data\master_csv__rescrape_staging\pitching_1973_CL_from_master.csv,3
CSV_ER,ER,0,0,index_17,17,0,1973,91393849,小川　邦和,,1973|読　売|32|9|7|0|1|0|0|0|1|0|0|0|1|0|1|0|3|1|.143|.143|,_data\master_csv__rescrape_staging\pitching_1973_CL_from_master.csv,3
CSV_ERA,ERA,23.0,23,防御率,23,23,1973,91393849,小川　邦和,年度|所属球団|登板|勝利|敗北|セーブ|H|HP|完投|完封勝|無四球|勝率|打者|投球回|安打|本塁打|四球|死球|三振|暴投|ボーク|失点|自責点|防御率,1973|読　売|32|3|0||||0|0|0|1.000|231|57 .2|57|.2|50|12|16|0|34|1|0|23|21|3.26,_data\master_csv__rescrape_staging\pitching_1973_CL_from_master.csv,3
CSV_ER,ER,0,0,自責点,22,0,1973,91593820,倉田　誠,年度|所属球団|登板|勝利|敗北|セーブ|H|HP|完投|完封勝|無四球|勝率|打者|投球回|安打|本塁打|四球|死球|三振|暴投|ボーク|失点|自責点|防御率,1973|読　売|49|18|9||||8|2|1|.667|780|187 .1|187|.1|156|13|63|5|142|3|0|66|57|2.74,_data\master_csv__rescrape_staging\pitching_1973_CL_from_master.csv,4
CSV_ER,ER,0,0,index_8,8,0,1973,91593820,倉田　誠,,1973|読　売|49|67|62|2|6|1|0|0|7|4|0|0|5|0|0|0|23|1|.097|.113|,_data\master_csv__rescrape_staging\pitching_1973_CL_from_master.csv,4
CSV_ER,ER,0,0,index_9,9,0,1973,91593820,倉田　誠,,1973|読　売|49|67|62|2|6|1|0|0|7|4|0|0|5|0|0|0|23|1|.097|.113|,_data\master_csv__rescrape_staging\pitching_1973_CL_from_master.csv,4
CSV_ER,ER,0,0,index_12,12,0,1973,91593820,倉田　誠,,1973|読　売|49|67|62|2|6|1|0|0|7|4|0|0|5|0|0|0|23|1|.097|.113|,_data\master_csv__rescrape_staging\pitching_1973_CL_from_master.csv,4
CSV_ER,ER,0,0,index_13,13,0,1973,91593820,倉田　誠,,1973|読　売|49|67|62|2|6|1|0|0|7|4|0|0|5|0|0|0|23|1|.097|.113|,_data\master_csv__rescrape_staging\pitching_1973_CL_from_master.csv,4
CSV_ER,ER,0,0,index_15,15,0,1973,91593820,倉田　誠,,1973|読　売|49|67|62|2|6|1|0|0|7|4|0|0|5|0|0|0|23|1|.097|.113|,_data\master_csv__rescrape_staging\pitching_1973_CL_from_master.csv,4
CSV_ER,ER,0,0,index_16,16,0,1973,91593820,倉田　誠,,1973|読　売|49|67|62|2|6|1|0|0|7|4|0|0|5|0|0|0|23|1|.097|.113|,_data\master_csv__rescrape_staging\pitching_1973_CL_from_master.csv,4
CSV_ER,ER,0,0,index_17,17,0,1973,91593820,倉田　誠,,1973|読　売|49|67|62|2|6|1|0|0|7|4|0|0|5|0|0|0|23|1|.097|.113|,_data\master_csv__rescrape_staging\pitching_1973_CL_from_master.csv,4
CSV_ERA,ERA,66.0,66,防御率,23,66,1973,91593820,倉田　誠,年度|所属球団|登板|勝利|敗北|セーブ|H|HP|完投|完封勝|無四球|勝率|打者|投球回|安打|本塁打|四球|死球|三振|暴投|ボーク|失点|自責点|防御率,1973|読　売|49|18|9||||8|2|1|.667|780|187 .1|187|.1|156|13|63|5|142|3|0|66|57|2.74,_data\master_csv__rescrape_staging\pitching_1973_CL_from_master.csv,4
CSV_IP,IP,140.0,140,投球回,13,140,1973,71973843,関本　四十四,年度|所属球団|登板|勝利|敗北|セーブ|H|HP|完投|完封勝|無四球|勝率|打者|投球回|安打|本塁打|四球|死球|三振|暴投|ボーク|失点|自責点|防御率,1973|読　売|38|4|10||||4|1|0|.286|593|140|140||143|17|46|3|69|0|0|63|53|3.41,_data\master_csv__rescrape_staging\pitching_1973_CL_from_master.csv,8
CSV_IP,IP,140.0,140,安打,14,140,1973,71973843,関本　四十四,年度|所属球団|登板|勝利|敗北|セーブ|H|HP|完投|完封勝|無四球|勝率|打者|投球回|安打|本塁打|四球|死球|三振|暴投|ボーク|失点|自責点|防御率,1973|読　売|38|4|10||||4|1|0|.286|593|140|140||143|17|46|3|69|0|0|63|53|3.41,_data\master_csv__rescrape_staging\pitching_1973_CL_from_master.csv,8
CSV_ER,ER,0,0,無四球,10,0,1973,71973843,関本　四十四,年度|所属球団|登板|勝利|敗北|セーブ|H|HP|完投|完封勝|無四球|勝率|打者|投球回|安打|本塁打|四球|死球|三振|暴投|ボーク|失点|自責点|防御率,1973|読　売|38|4|10||||4|1|0|.286|593|140|140||143|17|46|3|69|0|0|63|53|3.41,_data\master_csv__rescrape_staging\pitching_1973_CL_from_master.csv,8
CSV_ER,ER,0,0,失点,21,0,1973,71973843,関本　四十四,年度|所属球団|登板|勝利|敗北|セーブ|H|HP|完投|完封勝|無四球|勝率|打者|投球回|安打|本塁打|四球|死球|三振|暴投|ボーク|失点|自責点|防御率,1973|読　売|38|4|10||||4|1|0|.286|593|140|140||143|17|46|3|69|0|0|63|53|3.41,_data\master_csv__rescrape_staging\pitching_1973_CL_from_master.csv,8
CSV_ER,ER,0,0,自責点,22,0,1973,71973843,関本　四十四,年度|所属球団|登板|勝利|敗北|セーブ|H|HP|完投|完封勝|無四球|勝率|打者|投球回|安打|本塁打|四球|死球|三振|暴投|ボーク|失点|自責点|防御率,1973|読　売|38|4|10||||4|1|0|.286|593|140|140||143|17|46|3|69|0|0|63|53|3.41,_data\master_csv__rescrape_staging\pitching_1973_CL_from_master.csv,8
CSV_ER,ER,0,0,index_7,7,0,1973,71973843,関本　四十四,,1973|読　売|38|46|41|1|1|0|0|0|1|1|0|0|3|0|2|0|23|1|.024|.024|,_data\master_csv__rescrape_staging\pitching_1973_CL_from_master.csv,8
CSV_ER,ER,0,0,index_8,8,0,1973,71973843,関本　四十四,,1973|読　売|38|46|41|1|1|0|0|0|1|1|0|0|3|0|2|0|23|1|.024|.024|,_data\master_csv__rescrape_staging\pitching_1973_CL_from_master.csv,8
CSV_ER,ER,0,0,index_9,9,0,1973,71973843,関本　四十四,,1973|読　売|38|46|41|1|1|0|0|0|1|1|0|0|3|0|2|0|23|1|.024|.024|,_data\master_csv__rescrape_staging\pitching_1973_CL_from_master.csv,8
CSV_ER,ER,0,0,index_12,12,0,1973,71973843,関本　四十四,,1973|読　売|38|46|41|1|1|0|0|0|1|1|0|0|3|0|2|0|23|1|.024|.024|,_data\master_csv__rescrape_staging\pitching_1973_CL_from_master.csv,8
CSV_ER,ER,0,0,index_13,13,0,1973,71973843,関本　四十四,,1973|読　売|38|46|41|1|1|0|0|0|1|1|0|0|3|0|2|0|23|1|.024|.024|,_data\master_csv__rescrape_staging\pitching_1973_CL_from_master.csv,8
CSV_ER,ER,0,0,index_15,15,0,1973,71973843,関本　四十四,,1973|読　売|38|46|41|1|1|0|0|0|1|1|0|0|3|0|2|0|23|1|.024|.024|,_data\master_csv__rescrape_staging\pitching_1973_CL_from_master.csv,8
CSV_ER,ER,0,0,index_17,17,0,1973,71973843,関本　四十四,,1973|読　売|38|46|41|1|1|0|0|0|1|1|0|0|3|0|2|0|23|1|.024|.024|,_data\master_csv__rescrape_staging\pitching_1973_CL_from_master.csv,8
CSV_ERA,ERA,63.0,63,防御率,23,63,1973,71973843,関本　四十四,年度|所属球団|登板|勝利|敗北|セーブ|H|HP|完投|完封勝|無四球|勝率|打者|投球回|安打|本塁打|四球|死球|三振|暴投|ボーク|失点|自責点|防御率,1973|読　売|38|4|10||||4|1|0|.286|593|140|140||143|17|46|3|69|0|0|63|53|3.41,_data\master_csv__rescrape_staging\pitching_1973_CL_from_master.csv,8
CSV_ER,ER,0,0,自責点,22,0,1973,01703820,高橋　一三,年度|所属球団|登板|勝利|敗北|セーブ|H|HP|完投|完封勝|無四球|勝率|打者|投球回|安打|本塁打|四球|死球|三振|暴投|ボーク|失点|自責点|防御率,1973|読　売|45|23|13||||24|7|2|.639|1247|306 .1|306|.1|215|32|139|9|238|5|0|82|75|2.21,_data\master_csv__rescrape_staging\pitching_1973_CL_from_master.csv,9
CSV_ER,ER,0,0,index_9,9,0,1973,01703820,高橋　一三,,1973|読　売|45|121|111|13|21|2|1|0|25|6|1|0|8|1|1|0|25|0|.189|.225|,_data\master_csv__rescrape_staging\pitching_1973_CL_from_master.csv,9
CSV_ER,ER,0,0,index_13,13,0,1973,01703820,高橋　一三,,1973|読　売|45|121|111|13|21|2|1|0|25|6|1|0|8|1|1|0|25|0|.189|.225|,_data\master_csv__rescrape_staging\pitching_1973_CL_from_master.csv,9
CSV_ER,ER,0,0,index_17,17,0,1973,01703820,高橋　一三,,1973|読　売|45|121|111|13|21|2|1|0|25|6|1|0|8|1|1|0|25|0|.189|.225|,_data\master_csv__rescrape_staging\pitching_1973_CL_from_master.csv,9
CSV_ER,ER,0,0,index_19,19,0,1973,01703820,高橋　一三,,1973|読　売|45|121|111|13|21|2|1|0|25|6|1|0|8|1|1|0|25|0|.189|.225|,_data\master_csv__rescrape_staging\pitching_1973_CL_from_master.csv,9
CSV_ERA,ERA,82.0,82,防御率,23,82,1973,01703820,高橋　一三,年度|所属球団|登板|勝利|敗北|セーブ|H|HP|完投|完封勝|無四球|勝率|打者|投球回|安打|本塁打|四球|死球|三振|暴投|ボーク|失点|自責点|防御率,1973|読　売|45|23|13||||24|7|2|.639|1247|306 .1|306|.1|215|32|139|9|238|5|0|82|75|2.21,_data\master_csv__rescrape_staging\pitching_1973_CL_from_master.csv,9
CSV_ER,ER,0,0,完封勝,9,0,1973,11913824,高橋　善正,年度|所属球団|登板|勝利|敗北|セーブ|H|HP|完投|完封勝|無四球|勝率|打者|投球回|安打|本塁打|四球|死球|三振|暴投|ボーク|失点|自責点|防御率,1973|読　売|25|1|5||||1|0|0|.167|291|70 .1|70|.1|74|14|11|3|50|2|0|31|27|3.47,_data\master_csv__rescrape_staging\pitching_1973_CL_from_master.csv,10
CSV_ER,ER,0,0,無四球,10,0,1973,11913824,高橋　善正,年度|所属球団|登板|勝利|敗北|セーブ|H|HP|完投|完封勝|無四球|勝率|打者|投球回|安打|本塁打|四球|死球|三振|暴投|ボーク|失点|自責点|防御率,1973|読　売|25|1|5||||1|0|0|.167|291|70 .1|70|.1|74|14|11|3|50|2|0|31|27|3.47,_data\master_csv__rescrape_staging\pitching_1973_CL_from_master.csv,10
CSV_ER,ER,0,0,自責点,22,0,1973,11913824,高橋　善正,年度|所属球団|登板|勝利|敗北|セーブ|H|HP|完投|完封勝|無四球|勝率|打者|投球回|安打|本塁打|四球|死球|三振|暴投|ボーク|失点|自責点|防御率,1973|読　売|25|1|5||||1|0|0|.167|291|70 .1|70|.1|74|14|11|3|50|2|0|31|27|3.47,_data\master_csv__rescrape_staging\pitching_1973_CL_from_master.csv,10
CSV_ER,ER,0,0,index_5,5,0,1973,11913824,高橋　善正,,1973|読　売|25|17|14|0|1|0|0|0|1|2|0|0|2|0|1|0|6|0|.071|.071|,_data\master_csv__rescrape_staging\pitching_1973_CL_from_master.csv,10
CSV_ER,ER,0,0,index_7,7,0,1973,11913824,高橋　善正,,1973|読　売|25|17|14|0|1|0|0|0|1|2|0|0|2|0|1|0|6|0|.071|.071|,_data\master_csv__rescrape_staging\pitching_1973_CL_from_master.csv,10
CSV_ER,ER,0,0,index_8,8,0,1973,11913824,高橋　善正,,1973|読　売|25|17|14|0|1|0|0|0|1|2|0|0|2|0|1|0|6|0|.071|.071|,_data\master_csv__rescrape_staging\pitching_1973_CL_from_master.csv,10
CSV_ER,ER,0,0,index_9,9,0,1973,11913824,高橋　善正,,1973|読　売|25|17|14|0|1|0|0|0|1|2|0|0|2|0|1|0|6|0|.071|.071|,_data\master_csv__rescrape_staging\pitching_1973_CL_from_master.csv,10
CSV_ER,ER,0,0,index_12,12,0,1973,11913824,高橋　善正,,1973|読　売|25|17|14|0|1|0|0|0|1|2|0|0|2|0|1|0|6|0|.071|.071|,_data\master_csv__rescrape_staging\pitching_1973_CL_from_master.csv,10
CSV_ER,ER,0,0,index_13,13,0,1973,11913824,高橋　善正,,1973|読　売|25|17|14|0|1|0|0|0|1|2|0|0|2|0|1|0|6|0|.071|.071|,_data\master_csv__rescrape_staging\pitching_1973_CL_from_master.csv,10
CSV_ER,ER,0,0,index_15,15,0,1973,11913824,高橋　善正,,1973|読　売|25|17|14|0|1|0|0|0|1|2|0|0|2|0|1|0|6|0|.071|.071|,_data\master_csv__rescrape_staging\pitching_1973_CL_from_master.csv,10
CSV_ER,ER,0,0,index_17,17,0,1973,11913824,高橋　善正,,1973|読　売|25|17|14|0|1|0|0|0|1|2|0|0|2|0|1|0|6|0|.071|.071|,_data\master_csv__rescrape_staging\pitching_1973_CL_from_master.csv,10
CSV_ER,ER,0,0,index_19,19,0,1973,11913824,高橋　善正,,1973|読　売|25|17|14|0|1|0|0|0|1|2|0|0|2|0|1|0|6|0|.071|.071|,_data\master_csv__rescrape_staging\pitching_1973_CL_from_master.csv,10
CSV_ERA,ERA,31.0,31,防御率,23,31,1973,11913824,高橋　善正,年度|所属球団|登板|勝利|敗北|セーブ|H|HP|完投|完封勝|無四球|勝率|打者|投球回|安打|本塁打|四球|死球|三振|暴投|ボーク|失点|自責点|防御率,1973|読　売|25|1|5||||1|0|0|.167|291|70 .1|70|.1|74|14|11|3|50|2|0|31|27|3.47,_data\master_csv__rescrape_staging\pitching_1973_CL_from_master.csv,10
CSV_IP,IP,103.0,103,投球回,13,103,1973,71173808,足立　光宏,年度|所属球団|登板|勝利|敗北|セーブ|H|HP|完投|完封勝|無四球|勝率|打者|投球回|安打|本塁打|四球|死球|三振|暴投|ボーク|失点|自責点|防御率,1973|阪　急|27|4|6||||3|0|1|.400|443|103|103||117|20|23|6|41|0|7|60|53|4.63,_data\master_csv__rescrape_staging\pitching_1973_PL_from_master.csv,2
CSV_IP,IP,103.0,103,安打,14,103,1973,71173808,足立　光宏,年度|所属球団|登板|勝利|敗北|セーブ|H|HP|完投|完封勝|無四球|勝率|打者|投球回|安打|本塁打|四球|死球|三振|暴投|ボーク|失点|自責点|防御率,1973|阪　急|27|4|6||||3|0|1|.400|443|103|103||117|20|23|6|41|0|7|60|53|4.63,_data\master_csv__rescrape_staging\pitching_1973_PL_from_master.csv,2
CSV_ER,ER,7,7,自責点,22,7,1973,71173808,足立　光宏,年度|所属球団|登板|勝利|敗北|セーブ|H|HP|完投|完封勝|無四球|勝率|打者|投球回|安打|本塁打|四球|死球|三振|暴投|ボーク|失点|自責点|防御率,1973|阪　急|27|4|6||||3|0|1|.400|443|103|103||117|20|23|6|41|0|7|60|53|4.63,_data\master_csv__rescrape_staging\pitching_1973_PL_from_master.csv,2
CSV_ERA,ERA,60.0,60,防御率,23,60,1973,71173808,足立　光宏,年度|所属球団|登板|勝利|敗北|セーブ|H|HP|完投|完封勝|無四球|勝率|打者|投球回|安打|本塁打|四球|死球|三振|暴投|ボーク|失点|自責点|防御率,1973|阪　急|27|4|6||||3|0|1|.400|443|103|103||117|20|23|6|41|0|7|60|53|4.63,_data\master_csv__rescrape_staging\pitching_1973_PL_from_master.csv,2
CSV_ER,ER,0,0,完封勝,9,0,1973,71173841,新井　良夫,年度|所属球団|登板|勝利|敗北|セーブ|H|HP|完投|完封勝|無四球|勝率|打者|投球回|安打|本塁打|四球|死球|三振|暴投|ボーク|失点|自責点|防御率,1973|阪　急|51|2|2||||1|0|0|.500|451|111 .2|111|.2|100|9|22|2|55|3|0|38|36|2.89,_data\master_csv__rescrape_staging\pitching_1973_PL_from_master.csv,3
CSV_ER,ER,0,0,無四球,10,0,1973,71173841,新井　良夫,年度|所属球団|登板|勝利|敗北|セーブ|H|HP|完投|完封勝|無四球|勝率|打者|投球回|安打|本塁打|四球|死球|三振|暴投|ボーク|失点|自責点|防御率,1973|阪　急|51|2|2||||1|0|0|.500|451|111 .2|111|.2|100|9|22|2|55|3|0|38|36|2.89,_data\master_csv__rescrape_staging\pitching_1973_PL_from_master.csv,3
CSV_ER,ER,0,0,自責点,22,0,1973,71173841,新井　良夫,年度|所属球団|登板|勝利|敗北|セーブ|H|HP|完投|完封勝|無四球|勝率|打者|投球回|安打|本塁打|四球|死球|三振|暴投|ボーク|失点|自責点|防御率,1973|阪　急|51|2|2||||1|0|0|.500|451|111 .2|111|.2|100|9|22|2|55|3|0|38|36|2.89,_data\master_csv__rescrape_staging\pitching_1973_PL_from_master.csv,3
CSV_ER,ER,0,0,index_7,7,0,1973,71173841,新井　良夫,,1973|阪　急|52|19|17|2|3|0|0|0|3|3|0|0|1|0|1|0|5|2|.176|.176|.222,_data\master_csv__rescrape_staging\pitching_1973_PL_from_master.csv,3
CSV_ER,ER,0,0,index_8,8,0,1973,71173841,新井　良夫,,1973|阪　急|52|19|17|2|3|0|0|0|3|3|0|0|1|0|1|0|5|2|.176|.176|.222,_data\master_csv__rescrape_staging\pitching_1973_PL_from_master.csv,3
CSV_ER,ER,0,0,index_9,9,0,1973,71173841,新井　良夫,,1973|阪　急|52|19|17|2|3|0|0|0|3|3|0|0|1|0|1|0|5|2|.176|.176|.222,_data\master_csv__rescrape_staging\pitching_1973_PL_from_master.csv,3
CSV_ER,ER,0,0,index_12,12,0,1973,71173841,新井　良夫,,1973|阪　急|52|19|17|2|3|0|0|0|3|3|0|0|1|0|1|0|5|2|.176|.176|.222,_data\master_csv__rescrape_staging\pitching_1973_PL_from_master.csv,3
CSV_ER,ER,0,0,index_13,13,0,1973,71173841,新井　良夫,,1973|阪　急|52|19|17|2|3|0|0|0|3|3|0|0|1|0|1|0|5|2|.176|.176|.222,_data\master_csv__rescrape_staging\pitching_1973_PL_from_master.csv,3
CSV_ER,ER,0,0,index_15,15,0,1973,71173841,新井　良夫,,1973|阪　急|52|19|17|2|3|0|0|0|3|3|0|0|1|0|1|0|5|2|.176|.176|.222,_data\master_csv__rescrape_staging\pitching_1973_PL_from_master.csv,3
CSV_ER,ER,0,0,index_17,17,0,1973,71173841,新井　良夫,,1973|阪　急|52|19|17|2|3|0|0|0|3|3|0|0|1|0|1|0|5|2|.176|.176|.222,_data\master_csv__rescrape_staging\pitching_1973_PL_from_master.csv,3
CSV_ERA,ERA,38.0,38,防御率,23,38,1973,71173841,新井　良夫,年度|所属球団|登板|勝利|敗北|セーブ|H|HP|完投|完封勝|無四球|勝率|打者|投球回|安打|本塁打|四球|死球|三振|暴投|ボーク|失点|自責点|防御率,1973|阪　急|51|2|2||||1|0|0|.500|451|111 .2|111|.2|100|9|22|2|55|3|0|38|36|2.89,_data\master_csv__rescrape_staging\pitching_1973_PL_from_master.csv,3
CSV_ER,ER,0,0,完投,8,0,1973,81583843,児玉　好弘,年度|所属球団|登板|勝利|敗北|セーブ|H|HP|完投|完封勝|無四球|勝率|打者|投球回|安打|本塁打|四球|死球|三振|暴投|ボーク|失点|自責点|防御率,1973|阪　急|30|4|4||||0|0|0|.500|217|51 .2|51|.2|58|5|11|2|18|1|0|28|21|3.63,_data\master_csv__rescrape_staging\pitching_1973_PL_from_master.csv,6
CSV_ER,ER,0,0,完封勝,9,0,1973,81583843,児玉　好弘,年度|所属球団|登板|勝利|敗北|セーブ|H|HP|完投|完封勝|無四球|勝率|打者|投球回|安打|本塁打|四球|死球|三振|暴投|ボーク|失点|自責点|防御率,1973|阪　急|30|4|4||||0|0|0|.500|217|51 .2|51|.2|58|5|11|2|18|1|0|28|21|3.63,_data\master_csv__rescrape_staging\pitching_1973_PL_from_master.csv,6
CSV_ER,ER,0,0,無四球,10,0,1973,81583843,児玉　好弘,年度|所属球団|登板|勝利|敗北|セーブ|H|HP|完投|完封勝|無四球|勝率|打者|投球回|安打|本塁打|四球|死球|三振|暴投|ボーク|失点|自責点|防御率,1973|阪　急|30|4|4||||0|0|0|.500|217|51 .2|51|.2|58|5|11|2|18|1|0|28|21|3.63,_data\master_csv__rescrape_staging\pitching_1973_PL_from_master.csv,6
CSV_ER,ER,0,0,自責点,22,0,1973,81583843,児玉　好弘,年度|所属球団|登板|勝利|敗北|セーブ|H|HP|完投|完封勝|無四球|勝率|打者|投球回|安打|本塁打|四球|死球|三振|暴投|ボーク|失点|自責点|防御率,1973|阪　急|30|4|4||||0|0|0|.500|217|51 .2|51|.2|58|5|11|2|18|1|0|28|21|3.63,_data\master_csv__rescrape_staging\pitching_1973_PL_from_master.csv,6
CSV_ER,ER,0,0,index_7,7,0,1973,81583843,児玉　好弘,,1973|阪　急|31|8|4|1|1|0|0|0|1|0|0|0|3|0|1|0|1|0|.250|.250|.400,_data\master_csv__rescrape_staging\pitching_1973_PL_from_master.csv,6
CSV_ER,ER,0,0,index_8,8,0,1973,81583843,児玉　好弘,,1973|阪　急|31|8|4|1|1|0|0|0|1|0|0|0|3|0|1|0|1|0|.250|.250|.400,_data\master_csv__rescrape_staging\pitching_1973_PL_from_master.csv,6
CSV_ER,ER,0,0,index_9,9,0,1973,81583843,児玉　好弘,,1973|阪　急|31|8|4|1|1|0|0|0|1|0|0|0|3|0|1|0|1|0|.250|.250|.400,_data\master_csv__rescrape_staging\pitching_1973_PL_from_master.csv,6
CSV_ER,ER,0,0,index_11,11,0,1973,81583843,児玉　好弘,,1973|阪　急|31|8|4|1|1|0|0|0|1|0|0|0|3|0|1|0|1|0|.250|.250|.400,_data\master_csv__rescrape_staging\pitching_1973_PL_from_master.csv,6
CSV_ER,ER,0,0,index_12,12,0,1973,81583843,児玉　好弘,,1973|阪　急|31|8|4|1|1|0|0|0|1|0|0|0|3|0|1|0|1|0|.250|.250|.400,_data\master_csv__rescrape_staging\pitching_1973_PL_from_master.csv,6
CSV_ER,ER,0,0,index_13,13,0,1973,81583843,児玉　好弘,,1973|阪　急|31|8|4|1|1|0|0|0|1|0|0|0|3|0|1|0|1|0|.250|.250|.400,_data\master_csv__rescrape_staging\pitching_1973_PL_from_master.csv,6
CSV_ER,ER,0,0,index_15,15,0,1973,81583843,児玉　好弘,,1973|阪　急|31|8|4|1|1|0|0|0|1|0|0|0|3|0|1|0|1|0|.250|.250|.400,_data\master_csv__rescrape_staging\pitching_1973_PL_from_master.csv,6
CSV_ER,ER,0,0,index_17,17,0,1973,81583843,児玉　好弘,,1973|阪　急|31|8|4|1|1|0|0|0|1|0|0|0|3|0|1|0|1|0|.250|.250|.400,_data\master_csv__rescrape_staging\pitching_1973_PL_from_master.csv,6
CSV_ER,ER,0,0,index_19,19,0,1973,81583843,児玉　好弘,,1973|阪　急|31|8|4|1|1|0|0|0|1|0|0|0|3|0|1|0|1|0|.250|.250|.400,_data\master_csv__rescrape_staging\pitching_1973_PL_from_master.csv,6
CSV_ERA,ERA,28.0,28,防御率,23,28,1973,81583843,児玉　好弘,年度|所属球団|登板|勝利|敗北|セーブ|H|HP|完投|完封勝|無四球|勝率|打者|投球回|安打|本塁打|四球|死球|三振|暴投|ボーク|失点|自責点|防御率,1973|阪　急|30|4|4||||0|0|0|.500|217|51 .2|51|.2|58|5|11|2|18|1|0|28|21|3.63,_data\master_csv__rescrape_staging\pitching_1973_PL_from_master.csv,6
CSV_ER,ER,2,2,失点,21,2,1973,51053829,戸田　善紀,年度|所属球団|登板|勝利|敗北|セーブ|H|HP|完投|完封勝|無四球|勝率|打者|投球回|安打|本塁打|四球|死球|三振|暴投|ボーク|失点|自責点|防御率,1973|阪　急|39|8|9||||1|0|0|.471|572|138 .2|138|.2|131|19|45|1|71|2|2|55|47|3.04,_data\master_csv__rescrape_staging\pitching_1973_PL_from_master.csv,8
CSV_ER,ER,2,2,自責点,22,2,1973,51053829,戸田　善紀,年度|所属球団|登板|勝利|敗北|セーブ|H|HP|完投|完封勝|無四球|勝率|打者|投球回|安打|本塁打|四球|死球|三振|暴投|ボーク|失点|自責点|防御率,1973|阪　急|39|8|9||||1|0|0|.471|572|138 .2|138|.2|131|19|45|1|71|2|2|55|47|3.04,_data\master_csv__rescrape_staging\pitching_1973_PL_from_master.csv,8
CSV_ER,ER,2,2,index_19,19,2,1973,51053829,戸田　善紀,,1973|阪　急|39|38|33|0|3|0|0|0|3|0|1|0|1|0|4|0|13|2|.091|.091|.189,_data\master_csv__rescrape_staging\pitching_1973_PL_from_master.csv,8
CSV_ERA,ERA,55.0,55,防御率,23,55,1973,51053829,戸田　善紀,年度|所属球団|登板|勝利|敗北|セーブ|H|HP|完投|完封勝|無四球|勝率|打者|投球回|安打|本塁打|四球|死球|三振|暴投|ボーク|失点|自責点|防御率,1973|阪　急|39|8|9||||1|0|0|.471|572|138 .2|138|.2|131|19|45|1|71|2|2|55|47|3.04,_data\master_csv__rescrape_staging\pitching_1973_PL_from_master.csv,8
CSV_ER,ER,0,0,完投,8,0,1973,91293820,三好　幸雄,年度|所属球団|登板|勝利|敗北|セーブ|H|HP|完投|完封勝|無四球|勝率|打者|投球回|安打|本塁打|四球|死球|三振|暴投|ボーク|失点|自責点|防御率,1973|阪　急|17|1|3||||0|0|0|.250|173|40 .1|40|.1|39|7|18|2|14|1|0|24|21|4.73,_data\master_csv__rescrape_staging\pitching_1973_PL_from_master.csv,10
CSV_ER,ER,0,0,完封勝,9,0,1973,91293820,三好　幸雄,年度|所属球団|登板|勝利|敗北|セーブ|H|HP|完投|完封勝|無四球|勝率|打者|投球回|安打|本塁打|四球|死球|三振|暴投|ボーク|失点|自責点|防御率,1973|阪　急|17|1|3||||0|0|0|.250|173|40 .1|40|.1|39|7|18|2|14|1|0|24|21|4.73,_data\master_csv__rescrape_staging\pitching_1973_PL_from_master.csv,10
CSV_ER,ER,0,0,無四球,10,0,1973,91293820,三好　幸雄,年度|所属球団|登板|勝利|敗北|セーブ|H|HP|完投|完封勝|無四球|勝率|打者|投球回|安打|本塁打|四球|死球|三振|暴投|ボーク|失点|自責点|防御率,1973|阪　急|17|1|3||||0|0|0|.250|173|40 .1|40|.1|39|7|18|2|14|1|0|24|21|4.73,_data\master_csv__rescrape_staging\pitching_1973_PL_from_master.csv,10
CSV_ER,ER,0,0,自責点,22,0,1973,91293820,三好　幸雄,年度|所属球団|登板|勝利|敗北|セーブ|H|HP|完投|完封勝|無四球|勝率|打者|投球回|安打|本塁打|四球|死球|三振|暴投|ボーク|失点|自責点|防御率,1973|阪　急|17|1|3||||0|0|0|.250|173|40 .1|40|.1|39|7|18|2|14|1|0|24|21|4.73,_data\master_csv__rescrape_staging\pitching_1973_PL_from_master.csv,10
CSV_ER,ER,0,0,index_5,5,0,1973,91293820,三好　幸雄,,1973|阪　急|17|8|6|0|1|0|0|0|1|0|0|0|2|0|0|0|4|0|.167|.167|.167,_data\master_csv__rescrape_staging\pitching_1973_PL_from_master.csv,10
CSV_ER,ER,0,0,index_7,7,0,1973,91293820,三好　幸雄,,1973|阪　急|17|8|6|0|1|0|0|0|1|0|0|0|2|0|0|0|4|0|.167|.167|.167,_data\master_csv__rescrape_staging\pitching_1973_PL_from_master.csv,10
CSV_ER,ER,0,0,index_8,8,0,1973,91293820,三好　幸雄,,1973|阪　急|17|8|6|0|1|0|0|0|1|0|0|0|2|0|0|0|4|0|.167|.167|.167,_data\master_csv__rescrape_staging\pitching_1973_PL_from_master.csv,10
CSV_ER,ER,0,0,index_9,9,0,1973,91293820,三好　幸雄,,1973|阪　急|17|8|6|0|1|0|0|0|1|0|0|0|2|0|0|0|4|0|.167|.167|.167,_data\master_csv__rescrape_staging\pitching_1973_PL_from_master.csv,10
CSV_ER,ER,0,0,index_11,11,0,1973,91293820,三好　幸雄,,1973|阪　急|17|8|6|0|1|0|0|0|1|0|0|0|2|0|0|0|4|0|.167|.167|.167,_data\master_csv__rescrape_staging\pitching_1973_PL_from_master.csv,10
CSV_ER,ER,0,0,index_12,12,0,1973,91293820,三好　幸雄,,1973|阪　急|17|8|6|0|1|0|0|0|1|0|0|0|2|0|0|0|4|0|.167|.167|.167,_data\master_csv__rescrape_staging\pitching_1973_PL_from_master.csv,10
CSV_ER,ER,0,0,index_13,13,0,1973,91293820,三好　幸雄,,1973|阪　急|17|8|6|0|1|0|0|0|1|0|0|0|2|0|0|0|4|0|.167|.167|.167,_data\master_csv__rescrape_staging\pitching_1973_PL_from_master.csv,10
CSV_ER,ER,0,0,index_15,15,0,1973,91293820,三好　幸雄,,1973|阪　急|17|8|6|0|1|0|0|0|1|0|0|0|2|0|0|0|4|0|.167|.167|.167,_data\master_csv__rescrape_staging\pitching_1973_PL_from_master.csv,10
CSV_ER,ER,0,0,index_16,16,0,1973,91293820,三好　幸雄,,1973|阪　急|17|8|6|0|1|0|0|0|1|0|0|0|2|0|0|0|4|0|.167|.167|.167,_data\master_csv__rescrape_staging\pitching_1973_PL_from_master.csv,10
CSV_ER,ER,0,0,index_17,17,0,1973,91293820,三好　幸雄,,1973|阪　急|17|8|6|0|1|0|0|0|1|0|0|0|2|0|0|0|4|0|.167|.167|.167,_data\master_csv__rescrape_staging\pitching_1973_PL_from_master.csv,10
CSV_ER,ER,0,0,index_19,19,0,1973,91293820,三好　幸雄,,1973|阪　急|17|8|6|0|1|0|0|0|1|0|0|0|2|0|0|0|4|0|.167|.167|.167,_data\master_csv__rescrape_staging\pitching_1973_PL_from_master.csv,10
CSV_ERA,ERA,24.0,24,防御率,23,24,1973,91293820,三好　幸雄,年度|所属球団|登板|勝利|敗北|セーブ|H|HP|完投|完封勝|無四球|勝率|打者|投球回|安打|本塁打|四球|死球|三振|暴投|ボーク|失点|自責点|防御率,1973|阪　急|17|1|3||||0|0|0|.250|173|40 .1|40|.1|39|7|18|2|14|1|0|24|21|4.73,_data\master_csv__rescrape_staging\pitching_1973_PL_from_master.csv,10
CSV_ER,ER,0,0,セーブ,5,0,1974,91393849,小川　邦和,年度|所属球団|登板|勝利|敗北|セーブ|H|HP|完投|完封勝|無四球|勝率|打者|投球回|安打|本塁打|四球|死球|三振|暴投|ボーク|失点|自責点|防御率,1974|読　売|42|12|4|0|||2|1|0|.750|417|102 .1|102|.1|86|15|38|4|73|1|0|44|43|3.79,_data\master_csv__rescrape_staging\pitching_1974_CL_from_master.csv,2
CSV_ER,ER,0,0,無四球,10,0,1974,91393849,小川　邦和,年度|所属球団|登板|勝利|敗北|セーブ|H|HP|完投|完封勝|無四球|勝率|打者|投球回|安打|本塁打|四球|死球|三振|暴投|ボーク|失点|自責点|防御率,1974|読　売|42|12|4|0|||2|1|0|.750|417|102 .1|102|.1|86|15|38|4|73|1|0|44|43|3.79,_data\master_csv__rescrape_staging\pitching_1974_CL_from_master.csv,2
CSV_ER,ER,0,0,自責点,22,0,1974,91393849,小川　邦和,年度|所属球団|登板|勝利|敗北|セーブ|H|HP|完投|完封勝|無四球|勝率|打者|投球回|安打|本塁打|四球|死球|三振|暴投|ボーク|失点|自責点|防御率,1974|読　売|42|12|4|0|||2|1|0|.750|417|102 .1|102|.1|86|15|38|4|73|1|0|44|43|3.79,_data\master_csv__rescrape_staging\pitching_1974_CL_from_master.csv,2
CSV_ER,ER,0,0,index_8,8,0,1974,91393849,小川　邦和,,1974|読　売|42|26|20|2|4|1|0|0|5|2|0|0|3|0|2|0|5|0|.200|.250|,_data\master_csv__rescrape_staging\pitching_1974_CL_from_master.csv,2
CSV_ER,ER,0,0,index_9,9,0,1974,91393849,小川　邦和,,1974|読　売|42|26|20|2|4|1|0|0|5|2|0|0|3|0|2|0|5|0|.200|.250|,_data\master_csv__rescrape_staging\pitching_1974_CL_from_master.csv,2
CSV_ER,ER,0,0,index_12,12,0,1974,91393849,小川　邦和,,1974|読　売|42|26|20|2|4|1|0|0|5|2|0|0|3|0|2|0|5|0|.200|.250|,_data\master_csv__rescrape_staging\pitching_1974_CL_from_master.csv,2
CSV_ER,ER,0,0,index_13,13,0,1974,91393849,小川　邦和,,1974|読　売|42|26|20|2|4|1|0|0|5|2|0|0|3|0|2|0|5|0|.200|.250|,_data\master_csv__rescrape_staging\pitching_1974_CL_from_master.csv,2
CSV_ER,ER,0,0,index_15,15,0,1974,91393849,小川　邦和,,1974|読　売|42|26|20|2|4|1|0|0|5|2|0|0|3|0|2|0|5|0|.200|.250|,_data\master_csv__rescrape_staging\pitching_1974_CL_from_master.csv,2
CSV_ER,ER,0,0,index_17,17,0,1974,91393849,小川　邦和,,1974|読　売|42|26|20|2|4|1|0|0|5|2|0|0|3|0|2|0|5|0|.200|.250|,_data\master_csv__rescrape_staging\pitching_1974_CL_from_master.csv,2
CSV_ER,ER,0,0,index_19,19,0,1974,91393849,小川　邦和,,1974|読　売|42|26|20|2|4|1|0|0|5|2|0|0|3|0|2|0|5|0|.200|.250|,_data\master_csv__rescrape_staging\pitching_1974_CL_from_master.csv,2
CSV_ERA,ERA,44.0,44,防御率,23,44,1974,91393849,小川　邦和,年度|所属球団|登板|勝利|敗北|セーブ|H|HP|完投|完封勝|無四球|勝率|打者|投球回|安打|本塁打|四球|死球|三振|暴投|ボーク|失点|自責点|防御率,1974|読　売|42|12|4|0|||2|1|0|.750|417|102 .1|102|.1|86|15|38|4|73|1|0|44|43|3.79,_data\master_csv__rescrape_staging\pitching_1974_CL_from_master.csv,2
CSV_ER,ER,0,0,完投,8,0,1974,91593820,倉田　誠,年度|所属球団|登板|勝利|敗北|セーブ|H|HP|完投|完封勝|無四球|勝率|打者|投球回|安打|本塁打|四球|死球|三振|暴投|ボーク|失点|自責点|防御率,1974|読　売|38|5|3|6|||0|0|0|.625|307|74 .1|74|.1|65|7|26|2|52|1|0|33|26|3.16,_data\master_csv__rescrape_staging\pitching_1974_CL_from_master.csv,3
CSV_ER,ER,0,0,完封勝,9,0,1974,91593820,倉田　誠,年度|所属球団|登板|勝利|敗北|セーブ|H|HP|完投|完封勝|無四球|勝率|打者|投球回|安打|本塁打|四球|死球|三振|暴投|ボーク|失点|自責点|防御率,1974|読　売|38|5|3|6|||0|0|0|.625|307|74 .1|74|.1|65|7|26|2|52|1|0|33|26|3.16,_data\master_csv__rescrape_staging\pitching_1974_CL_from_master.csv,3
CSV_ER,ER,0,0,無四球,10,0,1974,91593820,倉田　誠,年度|所属球団|登板|勝利|敗北|セーブ|H|HP|完投|完封勝|無四球|勝率|打者|投球回|安打|本塁打|四球|死球|三振|暴投|ボーク|失点|自責点|防御率,1974|読　売|38|5|3|6|||0|0|0|.625|307|74 .1|74|.1|65|7|26|2|52|1|0|33|26|3.16,_data\master_csv__rescrape_staging\pitching_1974_CL_from_master.csv,3
CSV_ER,ER,0,0,自責点,22,0,1974,91593820,倉田　誠,年度|所属球団|登板|勝利|敗北|セーブ|H|HP|完投|完封勝|無四球|勝率|打者|投球回|安打|本塁打|四球|死球|三振|暴投|ボーク|失点|自責点|防御率,1974|読　売|38|5|3|6|||0|0|0|.625|307|74 .1|74|.1|65|7|26|2|52|1|0|33|26|3.16,_data\master_csv__rescrape_staging\pitching_1974_CL_from_master.csv,3
CSV_ER,ER,0,0,index_7,7,0,1974,91593820,倉田　誠,,1974|読　売|38|16|16|1|2|0|0|0|2|0|0|0|0|0|0|0|5|0|.125|.125|,_data\master_csv__rescrape_staging\pitching_1974_CL_from_master.csv,3
CSV_ER,ER,0,0,index_8,8,0,1974,91593820,倉田　誠,,1974|読　売|38|16|16|1|2|0|0|0|2|0|0|0|0|0|0|0|5|0|.125|.125|,_data\master_csv__rescrape_staging\pitching_1974_CL_from_master.csv,3
CSV_ER,ER,0,0,index_9,9,0,1974,91593820,倉田　誠,,1974|読　売|38|16|16|1|2|0|0|0|2|0|0|0|0|0|0|0|5|0|.125|.125|,_data\master_csv__rescrape_staging\pitching_1974_CL_from_master.csv,3
CSV_ER,ER,0,0,index_11,11,0,1974,91593820,倉田　誠,,1974|読　売|38|16|16|1|2|0|0|0|2|0|0|0|0|0|0|0|5|0|.125|.125|,_data\master_csv__rescrape_staging\pitching_1974_CL_from_master.csv,3
CSV_ER,ER,0,0,index_12,12,0,1974,91593820,倉田　誠,,1974|読　売|38|16|16|1|2|0|0|0|2|0|0|0|0|0|0|0|5|0|.125|.125|,_data\master_csv__rescrape_staging\pitching_1974_CL_from_master.csv,3
CSV_ER,ER,0,0,index_13,13,0,1974,91593820,倉田　誠,,1974|読　売|38|16|16|1|2|0|0|0|2|0|0|0|0|0|0|0|5|0|.125|.125|,_data\master_csv__rescrape_staging\pitching_1974_CL_from_master.csv,3
CSV_ER,ER,0,0,index_14,14,0,1974,91593820,倉田　誠,,1974|読　売|38|16|16|1|2|0|0|0|2|0|0|0|0|0|0|0|5|0|.125|.125|,_data\master_csv__rescrape_staging\pitching_1974_CL_from_master.csv,3
CSV_ER,ER,0,0,index_15,15,0,1974,91593820,倉田　誠,,1974|読　売|38|16|16|1|2|0|0|0|2|0|0|0|0|0|0|0|5|0|.125|.125|,_data\master_csv__rescrape_staging\pitching_1974_CL_from_master.csv,3
CSV_ER,ER,0,0,index_16,16,0,1974,91593820,倉田　誠,,1974|読　売|38|16|16|1|2|0|0|0|2|0|0|0|0|0|0|0|5|0|.125|.125|,_data\master_csv__rescrape_staging\pitching_1974_CL_from_master.csv,3
CSV_ER,ER,0,0,index_17,17,0,1974,91593820,倉田　誠,,1974|読　売|38|16|16|1|2|0|0|0|2|0|0|0|0|0|0|0|5|0|.125|.125|,_data\master_csv__rescrape_staging\pitching_1974_CL_from_master.csv,3
CSV_ER,ER,0,0,index_19,19,0,1974,91593820,倉田　誠,,1974|読　売|38|16|16|1|2|0|0|0|2|0|0|0|0|0|0|0|5|0|.125|.125|,_data\master_csv__rescrape_staging\pitching_1974_CL_from_master.csv,3
CSV_ERA,ERA,33.0,33,防御率,23,33,1974,91593820,倉田　誠,年度|所属球団|登板|勝利|敗北|セーブ|H|HP|完投|完封勝|無四球|勝率|打者|投球回|安打|本塁打|四球|死球|三振|暴投|ボーク|失点|自責点|防御率,1974|読　売|38|5|3|6|||0|0|0|.625|307|74 .1|74|.1|65|7|26|2|52|1|0|33|26|3.16,_data\master_csv__rescrape_staging\pitching_1974_CL_from_master.csv,3
CSV_ER,ER,0,0,無四球,10,0,1974,71573847,小林　繁,年度|所属球団|登板|勝利|敗北|セーブ|H|HP|完投|完封勝|無四球|勝率|打者|投球回|安打|本塁打|四球|死球|三振|暴投|ボーク|失点|自責点|防御率,1974|読　売|44|8|5|2|||2|1|0|.615|538|130 .1|130|.1|125|10|29|4|72|2|0|48|35|2.42,_data\master_csv__rescrape_staging\pitching_1974_CL_from_master.csv,4
CSV_ER,ER,0,0,自責点,22,0,1974,71573847,小林　繁,年度|所属球団|登板|勝利|敗北|セーブ|H|HP|完投|完封勝|無四球|勝率|打者|投球回|安打|本塁打|四球|死球|三振|暴投|ボーク|失点|自責点|防御率,1974|読　売|44|8|5|2|||2|1|0|.615|538|130 .1|130|.1|125|10|29|4|72|2|0|48|35|2.42,_data\master_csv__rescrape_staging\pitching_1974_CL_from_master.csv,4
CSV_ER,ER,0,0,index_5,5,0,1974,71573847,小林　繁,,1974|読　売|44|33|27|0|2|0|0|0|2|1|0|0|1|1|4|0|13|0|.074|.074|,_data\master_csv__rescrape_staging\pitching_1974_CL_from_master.csv,4
CSV_ER,ER,0,0,index_7,7,0,1974,71573847,小林　繁,,1974|読　売|44|33|27|0|2|0|0|0|2|1|0|0|1|1|4|0|13|0|.074|.074|,_data\master_csv__rescrape_staging\pitching_1974_CL_from_master.csv,4
CSV_ER,ER,0,0,index_8,8,0,1974,71573847,小林　繁,,1974|読　売|44|33|27|0|2|0|0|0|2|1|0|0|1|1|4|0|13|0|.074|.074|,_data\master_csv__rescrape_staging\pitching_1974_CL_from_master.csv,4
CSV_ER,ER,0,0,index_9,9,0,1974,71573847,小林　繁,,1974|読　売|44|33|27|0|2|0|0|0|2|1|0|0|1|1|4|0|13|0|.074|.074|,_data\master_csv__rescrape_staging\pitching_1974_CL_from_master.csv,4
CSV_ER,ER,0,0,index_12,12,0,1974,71573847,小林　繁,,1974|読　売|44|33|27|0|2|0|0|0|2|1|0|0|1|1|4|0|13|0|.074|.074|,_data\master_csv__rescrape_staging\pitching_1974_CL_from_master.csv,4
CSV_ER,ER,0,0,index_13,13,0,1974,71573847,小林　繁,,1974|読　売|44|33|27|0|2|0|0|0|2|1|0|0|1|1|4|0|13|0|.074|.074|,_data\master_csv__rescrape_staging\pitching_1974_CL_from_master.csv,4
CSV_ER,ER,0,0,index_17,17,0,1974,71573847,小林　繁,,1974|読　売|44|33|27|0|2|0|0|0|2|1|0|0|1|1|4|0|13|0|.074|.074|,_data\master_csv__rescrape_staging\pitching_1974_CL_from_master.csv,4
CSV_ER,ER,0,0,index_19,19,0,1974,71573847,小林　繁,,1974|読　売|44|33|27|0|2|0|0|0|2|1|0|0|1|1|4|0|13|0|.074|.074|,_data\master_csv__rescrape_staging\pitching_1974_CL_from_master.csv,4
CSV_ERA,ERA,48.0,48,防御率,23,48,1974,71573847,小林　繁,年度|所属球団|登板|勝利|敗北|セーブ|H|HP|完投|完封勝|無四球|勝率|打者|投球回|安打|本塁打|四球|死球|三振|暴投|ボーク|失点|自責点|防御率,1974|読　売|44|8|5|2|||2|1|0|.615|538|130 .1|130|.1|125|10|29|4|72|2|0|48|35|2.42,_data\master_csv__rescrape_staging\pitching_1974_CL_from_master.csv,4
CSV_IP,IP,162.0,162,投球回,13,162,1974,71973843,関本　四十四,年度|所属球団|登板|勝利|敗北|セーブ|H|HP|完投|完封勝|無四球|勝率|打者|投球回|安打|本塁打|四球|死球|三振|暴投|ボーク|失点|自責点|防御率,1974|読　売|37|10|5|1|||6|3|0|.667|652|162|162||136|9|39|11|55|1|0|45|41|2.28,_data\master_csv__rescrape_staging\pitching_1974_CL_from_master.csv,6
CSV_IP,IP,162.0,162,安打,14,162,1974,71973843,関本　四十四,年度|所属球団|登板|勝利|敗北|セーブ|H|HP|完投|完封勝|無四球|勝率|打者|投球回|安打|本塁打|四球|死球|三振|暴投|ボーク|失点|自責点|防御率,1974|読　売|37|10|5|1|||6|3|0|.667|652|162|162||136|9|39|11|55|1|0|45|41|2.28,_data\master_csv__rescrape_staging\pitching_1974_CL_from_master.csv,6
CSV_ER,ER,0,0,無四球,10,0,1974,71973843,関本　四十四,年度|所属球団|登板|勝利|敗北|セーブ|H|HP|完投|完封勝|無四球|勝率|打者|投球回|安打|本塁打|四球|死球|三振|暴投|ボーク|失点|自責点|防御率,1974|読　売|37|10|5|1|||6|3|0|.667|652|162|162||136|9|39|11|55|1|0|45|41|2.28,_data\master_csv__rescrape_staging\pitching_1974_CL_from_master.csv,6
CSV_ER,ER,0,0,自責点,22,0,1974,71973843,関本　四十四,年度|所属球団|登板|勝利|敗北|セーブ|H|HP|完投|完封勝|無四球|勝率|打者|投球回|安打|本塁打|四球|死球|三振|暴投|ボーク|失点|自責点|防御率,1974|読　売|37|10|5|1|||6|3|0|.667|652|162|162||136|9|39|11|55|1|0|45|41|2.28,_data\master_csv__rescrape_staging\pitching_1974_CL_from_master.csv,6
CSV_ER,ER,0,0,index_7,7,0,1974,71973843,関本　四十四,,1974|読　売|37|53|44|2|5|0|0|0|5|0|0|0|7|0|2|0|19|0|.114|.114|,_data\master_csv__rescrape_staging\pitching_1974_CL_from_master.csv,6
CSV_ER,ER,0,0,index_8,8,0,1974,71973843,関本　四十四,,1974|読　売|37|53|44|2|5|0|0|0|5|0|0|0|7|0|2|0|19|0|.114|.114|,_data\master_csv__rescrape_staging\pitching_1974_CL_from_master.csv,6
CSV_ER,ER,0,0,index_9,9,0,1974,71973843,関本　四十四,,1974|読　売|37|53|44|2|5|0|0|0|5|0|0|0|7|0|2|0|19|0|.114|.114|,_data\master_csv__rescrape_staging\pitching_1974_CL_from_master.csv,6
CSV_ER,ER,0,0,index_11,11,0,1974,71973843,関本　四十四,,1974|読　売|37|53|44|2|5|0|0|0|5|0|0|0|7|0|2|0|19|0|.114|.114|,_data\master_csv__rescrape_staging\pitching_1974_CL_from_master.csv,6
CSV_ER,ER,0,0,index_12,12,0,1974,71973843,関本　四十四,,1974|読　売|37|53|44|2|5|0|0|0|5|0|0|0|7|0|2|0|19|0|.114|.114|,_data\master_csv__rescrape_staging\pitching_1974_CL_from_master.csv,6
CSV_ER,ER,0,0,index_13,13,0,1974,71973843,関本　四十四,,1974|読　売|37|53|44|2|5|0|0|0|5|0|0|0|7|0|2|0|19|0|.114|.114|,_data\master_csv__rescrape_staging\pitching_1974_CL_from_master.csv,6
CSV_ER,ER,0,0,index_15,15,0,1974,71973843,関本　四十四,,1974|読　売|37|53|44|2|5|0|0|0|5|0|0|0|7|0|2|0|19|0|.114|.114|,_data\master_csv__rescrape_staging\pitching_1974_CL_from_master.csv,6
CSV_ER,ER,0,0,index_17,17,0,1974,71973843,関本　四十四,,1974|読　売|37|53|44|2|5|0|0|0|5|0|0|0|7|0|2|0|19|0|.114|.114|,_data\master_csv__rescrape_staging\pitching_1974_CL_from_master.csv,6
CSV_ER,ER,0,0,index_19,19,0,1974,71973843,関本　四十四,,1974|読　売|37|53|44|2|5|0|0|0|5|0|0|0|7|0|2|0|19|0|.114|.114|,_data\master_csv__rescrape_staging\pitching_1974_CL_from_master.csv,6
CSV_ERA,ERA,45.0,45,防御率,23,45,1974,71973843,関本　四十四,年度|所属球団|登板|勝利|敗北|セーブ|H|HP|完投|完封勝|無四球|勝率|打者|投球回|安打|本塁打|四球|死球|三振|暴投|ボーク|失点|自責点|防御率,1974|読　売|37|10|5|1|||6|3|0|.667|652|162|162||136|9|39|11|55|1|0|45|41|2.28,_data\master_csv__rescrape_staging\pitching_1974_CL_from_master.csv,6
CSV_ER,ER,0,0,セーブ,5,0,1974,01703820,高橋　一三,年度|所属球団|登板|勝利|敗北|セーブ|H|HP|完投|完封勝|無四球|勝率|打者|投球回|安打|本塁打|四球|死球|三振|暴投|ボーク|失点|自責点|防御率,1974|読　売|37|2|11|0|||2|1|0|.154|547|121 .1|121|.1|136|13|51|8|75|1|0|74|69|5.13,_data\master_csv__rescrape_staging\pitching_1974_CL_from_master.csv,7
CSV_ER,ER,0,0,無四球,10,0,1974,01703820,高橋　一三,年度|所属球団|登板|勝利|敗北|セーブ|H|HP|完投|完封勝|無四球|勝率|打者|投球回|安打|本塁打|四球|死球|三振|暴投|ボーク|失点|自責点|防御率,1974|読　売|37|2|11|0|||2|1|0|.154|547|121 .1|121|.1|136|13|51|8|75|1|0|74|69|5.13,_data\master_csv__rescrape_staging\pitching_1974_CL_from_master.csv,7
CSV_ER,ER,0,0,自責点,22,0,1974,01703820,高橋　一三,年度|所属球団|登板|勝利|敗北|セーブ|H|HP|完投|完封勝|無四球|勝率|打者|投球回|安打|本塁打|四球|死球|三振|暴投|ボーク|失点|自責点|防御率,1974|読　売|37|2|11|0|||2|1|0|.154|547|121 .1|121|.1|136|13|51|8|75|1|0|74|69|5.13,_data\master_csv__rescrape_staging\pitching_1974_CL_from_master.csv,7
CSV_ER,ER,0,0,index_8,8,0,1974,01703820,高橋　一三,,1974|読　売|37|37|34|1|5|1|0|0|6|2|0|0|2|0|1|0|13|2|.147|.176|,_data\master_csv__rescrape_staging\pitching_1974_CL_from_master.csv,7
CSV_ER,ER,0,0,index_9,9,0,1974,01703820,高橋　一三,,1974|読　売|37|37|34|1|5|1|0|0|6|2|0|0|2|0|1|0|13|2|.147|.176|,_data\master_csv__rescrape_staging\pitching_1974_CL_from_master.csv,7
CSV_ER,ER,0,0,index_12,12,0,1974,01703820,高橋　一三,,1974|読　売|37|37|34|1|5|1|0|0|6|2|0|0|2|0|1|0|13|2|.147|.176|,_data\master_csv__rescrape_staging\pitching_1974_CL_from_master.csv,7
CSV_ER,ER,0,0,index_13,13,0,1974,01703820,高橋　一三,,1974|読　売|37|37|34|1|5|1|0|0|6|2|0|0|2|0|1|0|13|2|.147|.176|,_data\master_csv__rescrape_staging\pitching_1974_CL_from_master.csv,7
CSV_ER,ER,0,0,index_15,15,0,1974,01703820,高橋　一三,,1974|読　売|37|37|34|1|5|1|0|0|6|2|0|0|2|0|1|0|13|2|.147|.176|,_data\master_csv__rescrape_staging\pitching_1974_CL_from_master.csv,7
CSV_ER,ER,0,0,index_17,17,0,1974,01703820,高橋　一三,,1974|読　売|37|37|34|1|5|1|0|0|6|2|0|0|2|0|1|0|13|2|.147|.176|,_data\master_csv__rescrape_staging\pitching_1974_CL_from_master.csv,7
CSV_ERA,ERA,74.0,74,防御率,23,74,1974,01703820,高橋　一三,年度|所属球団|登板|勝利|敗北|セーブ|H|HP|完投|完封勝|無四球|勝率|打者|投球回|安打|本塁打|四球|死球|三振|暴投|ボーク|失点|自責点|防御率,1974|読　売|37|2|11|0|||2|1|0|.154|547|121 .1|121|.1|136|13|51|8|75|1|0|74|69|5.13,_data\master_csv__rescrape_staging\pitching_1974_CL_from_master.csv,7
CSV_ER,ER,1,1,セーブ,5,1,1974,71173808,足立　光宏,年度|所属球団|登板|勝利|敗北|セーブ|H|HP|完投|完封勝|無四球|勝率|打者|投球回|安打|本塁打|四球|死球|三振|暴投|ボーク|失点|自責点|防御率,1974|阪　急|30|10|9|1|||8|3|0|.526|758|180 .2|180|.2|183|17|40|11|66|1|1|76|63|3.13,_data\master_csv__rescrape_staging\pitching_1974_PL_from_master.csv,2
CSV_ER,ER,1,1,失点,21,1,1974,71173808,足立　光宏,年度|所属球団|登板|勝利|敗北|セーブ|H|HP|完投|完封勝|無四球|勝率|打者|投球回|安打|本塁打|四球|死球|三振|暴投|ボーク|失点|自責点|防御率,1974|阪　急|30|10|9|1|||8|3|0|.526|758|180 .2|180|.2|183|17|40|11|66|1|1|76|63|3.13,_data\master_csv__rescrape_staging\pitching_1974_PL_from_master.csv,2
CSV_ER,ER,1,1,自責点,22,1,1974,71173808,足立　光宏,年度|所属球団|登板|勝利|敗北|セーブ|H|HP|完投|完封勝|無四球|勝率|打者|投球回|安打|本塁打|四球|死球|三振|暴投|ボーク|失点|自責点|防御率,1974|阪　急|30|10|9|1|||8|3|0|.526|758|180 .2|180|.2|183|17|40|11|66|1|1|76|63|3.13,_data\master_csv__rescrape_staging\pitching_1974_PL_from_master.csv,2
CSV_ER,ER,1,1,index_15,15,1,1974,71173808,足立　光宏,,1974|阪　急|30|61|52|5|8|0|0|0|8|5|3|0|6|1|2|0|10|0|.154|.154|.185,_data\master_csv__rescrape_staging\pitching_1974_PL_from_master.csv,2
CSV_ERA,ERA,76.0,76,防御率,23,76,1974,71173808,足立　光宏,年度|所属球団|登板|勝利|敗北|セーブ|H|HP|完投|完封勝|無四球|勝率|打者|投球回|安打|本塁打|四球|死球|三振|暴投|ボーク|失点|自責点|防御率,1974|阪　急|30|10|9|1|||8|3|0|.526|758|180 .2|180|.2|183|17|40|11|66|1|1|76|63|3.13,_data\master_csv__rescrape_staging\pitching_1974_PL_from_master.csv,2
CSV_IP,IP,30.0,30,投球回,13,30,1974,81583843,児玉　好弘,年度|所属球団|登板|勝利|敗北|セーブ|H|HP|完投|完封勝|無四球|勝率|打者|投球回|安打|本塁打|四球|死球|三振|暴投|ボーク|失点|自責点|防御率,1974|阪　急|16|2|0|0|||0|0|0|1.000|138|30|30||44|5|7|2|13|1|0|24|22|6.60,_data\master_csv__rescrape_staging\pitching_1974_PL_from_master.csv,9
CSV_IP,IP,30.0,30,安打,14,30,1974,81583843,児玉　好弘,年度|所属球団|登板|勝利|敗北|セーブ|H|HP|完投|完封勝|無四球|勝率|打者|投球回|安打|本塁打|四球|死球|三振|暴投|ボーク|失点|自責点|防御率,1974|阪　急|16|2|0|0|||0|0|0|1.000|138|30|30||44|5|7|2|13|1|0|24|22|6.60,_data\master_csv__rescrape_staging\pitching_1974_PL_from_master.csv,9
CSV_ER,ER,0,0,敗北,4,0,1974,81583843,児玉　好弘,年度|所属球団|登板|勝利|敗北|セーブ|H|HP|完投|完封勝|無四球|勝率|打者|投球回|安打|本塁打|四球|死球|三振|暴投|ボーク|失点|自責点|防御率,1974|阪　急|16|2|0|0|||0|0|0|1.000|138|30|30||44|5|7|2|13|1|0|24|22|6.60,_data\master_csv__rescrape_staging\pitching_1974_PL_from_master.csv,9
CSV_ER,ER,0,0,セーブ,5,0,1974,81583843,児玉　好弘,年度|所属球団|登板|勝利|敗北|セーブ|H|HP|完投|完封勝|無四球|勝率|打者|投球回|安打|本塁打|四球|死球|三振|暴投|ボーク|失点|自責点|防御率,1974|阪　急|16|2|0|0|||0|0|0|1.000|138|30|30||44|5|7|2|13|1|0|24|22|6.60,_data\master_csv__rescrape_staging\pitching_1974_PL_from_master.csv,9
CSV_ER,ER,0,0,完投,8,0,1974,81583843,児玉　好弘,年度|所属球団|登板|勝利|敗北|セーブ|H|HP|完投|完封勝|無四球|勝率|打者|投球回|安打|本塁打|四球|死球|三振|暴投|ボーク|失点|自責点|防御率,1974|阪　急|16|2|0|0|||0|0|0|1.000|138|30|30||44|5|7|2|13|1|0|24|22|6.60,_data\master_csv__rescrape_staging\pitching_1974_PL_from_master.csv,9
CSV_ER,ER,0,0,完封勝,9,0,1974,81583843,児玉　好弘,年度|所属球団|登板|勝利|敗北|セーブ|H|HP|完投|完封勝|無四球|勝率|打者|投球回|安打|本塁打|四球|死球|三振|暴投|ボーク|失点|自責点|防御率,1974|阪　急|16|2|0|0|||0|0|0|1.000|138|30|30||44|5|7|2|13|1|0|24|22|6.60,_data\master_csv__rescrape_staging\pitching_1974_PL_from_master.csv,9
CSV_ER,ER,0,0,無四球,10,0,1974,81583843,児玉　好弘,年度|所属球団|登板|勝利|敗北|セーブ|H|HP|完投|完封勝|無四球|勝率|打者|投球回|安打|本塁打|四球|死球|三振|暴投|ボーク|失点|自責点|防御率,1974|阪　急|16|2|0|0|||0|0|0|1.000|138|30|30||44|5|7|2|13|1|0|24|22|6.60,_data\master_csv__rescrape_staging\pitching_1974_PL_from_master.csv,9
CSV_ER,ER,0,0,自責点,22,0,1974,81583843,児玉　好弘,年度|所属球団|登板|勝利|敗北|セーブ|H|HP|完投|完封勝|無四球|勝率|打者|投球回|安打|本塁打|四球|死球|三振|暴投|ボーク|失点|自責点|防御率,1974|阪　急|16|2|0|0|||0|0|0|1.000|138|30|30||44|5|7|2|13|1|0|24|22|6.60,_data\master_csv__rescrape_staging\pitching_1974_PL_from_master.csv,9
CSV_ER,ER,0,0,index_8,8,0,1974,81583843,児玉　好弘,,1974|阪　急|16|6|5|1|2|1|0|0|3|0|0|0|1|0|0|0|3|0|.400|.600|.400,_data\master_csv__rescrape_staging\pitching_1974_PL_from_master.csv,9
CSV_ER,ER,0,0,index_9,9,0,1974,81583843,児玉　好弘,,1974|阪　急|16|6|5|1|2|1|0|0|3|0|0|0|1|0|0|0|3|0|.400|.600|.400,_data\master_csv__rescrape_staging\pitching_1974_PL_from_master.csv,9
CSV_ER,ER,0,0,index_11,11,0,1974,81583843,児玉　好弘,,1974|阪　急|16|6|5|1|2|1|0|0|3|0|0|0|1|0|0|0|3|0|.400|.600|.400,_data\master_csv__rescrape_staging\pitching_1974_PL_from_master.csv,9
CSV_ER,ER,0,0,index_12,12,0,1974,81583843,児玉　好弘,,1974|阪　急|16|6|5|1|2|1|0|0|3|0|0|0|1|0|0|0|3|0|.400|.600|.400,_data\master_csv__rescrape_staging\pitching_1974_PL_from_master.csv,9
CSV_ER,ER,0,0,index_13,13,0,1974,81583843,児玉　好弘,,1974|阪　急|16|6|5|1|2|1|0|0|3|0|0|0|1|0|0|0|3|0|.400|.600|.400,_data\master_csv__rescrape_staging\pitching_1974_PL_from_master.csv,9
CSV_ER,ER,0,0,index_15,15,0,1974,81583843,児玉　好弘,,1974|阪　急|16|6|5|1|2|1|0|0|3|0|0|0|1|0|0|0|3|0|.400|.600|.400,_data\master_csv__rescrape_staging\pitching_1974_PL_from_master.csv,9
CSV_ER,ER,0,0,index_16,16,0,1974,81583843,児玉　好弘,,1974|阪　急|16|6|5|1|2|1|0|0|3|0|0|0|1|0|0|0|3|0|.400|.600|.400,_data\master_csv__rescrape_staging\pitching_1974_PL_from_master.csv,9
CSV_ER,ER,0,0,index_17,17,0,1974,81583843,児玉　好弘,,1974|阪　急|16|6|5|1|2|1|0|0|3|0|0|0|1|0|0|0|3|0|.400|.600|.400,_data\master_csv__rescrape_staging\pitching_1974_PL_from_master.csv,9
CSV_ER,ER,0,0,index_19,19,0,1974,81583843,児玉　好弘,,1974|阪　急|16|6|5|1|2|1|0|0|3|0|0|0|1|0|0|0|3|0|.400|.600|.400,_data\master_csv__rescrape_staging\pitching_1974_PL_from_master.csv,9
CSV_ERA,ERA,24.0,24,防御率,23,24,1974,81583843,児玉　好弘,年度|所属球団|登板|勝利|敗北|セーブ|H|HP|完投|完封勝|無四球|勝率|打者|投球回|安打|本塁打|四球|死球|三振|暴投|ボーク|失点|自責点|防御率,1974|阪　急|16|2|0|0|||0|0|0|1.000|138|30|30||44|5|7|2|13|1|0|24|22|6.60,_data\master_csv__rescrape_staging\pitching_1974_PL_from_master.csv,9
CSV_IP,IP,136.0,136,投球回,13,136,1974,31933826,竹村　一義,年度|所属球団|登板|勝利|敗北|セーブ|H|HP|完投|完封勝|無四球|勝率|打者|投球回|安打|本塁打|四球|死球|三振|暴投|ボーク|失点|自責点|防御率,1974|阪　急|31|9|3|0|||2|0|0|.750|592|136|136||135|14|42|10|60|3|0|69|61|4.04,_data\master_csv__rescrape_staging\pitching_1974_PL_from_master.csv,10
CSV_IP,IP,136.0,136,安打,14,136,1974,31933826,竹村　一義,年度|所属球団|登板|勝利|敗北|セーブ|H|HP|完投|完封勝|無四球|勝率|打者|投球回|安打|本塁打|四球|死球|三振|暴投|ボーク|失点|自責点|防御率,1974|阪　急|31|9|3|0|||2|0|0|.750|592|136|136||135|14|42|10|60|3|0|69|61|4.04,_data\master_csv__rescrape_staging\pitching_1974_PL_from_master.csv,10
CSV_ER,ER,0,0,セーブ,5,0,1974,31933826,竹村　一義,年度|所属球団|登板|勝利|敗北|セーブ|H|HP|完投|完封勝|無四球|勝率|打者|投球回|安打|本塁打|四球|死球|三振|暴投|ボーク|失点|自責点|防御率,1974|阪　急|31|9|3|0|||2|0|0|.750|592|136|136||135|14|42|10|60|3|0|69|61|4.04,_data\master_csv__rescrape_staging\pitching_1974_PL_from_master.csv,10
CSV_ER,ER,0,0,完封勝,9,0,1974,31933826,竹村　一義,年度|所属球団|登板|勝利|敗北|セーブ|H|HP|完投|完封勝|無四球|勝率|打者|投球回|安打|本塁打|四球|死球|三振|暴投|ボーク|失点|自責点|防御率,1974|阪　急|31|9|3|0|||2|0|0|.750|592|136|136||135|14|42|10|60|3|0|69|61|4.04,_data\master_csv__rescrape_staging\pitching_1974_PL_from_master.csv,10
CSV_ER,ER,0,0,無四球,10,0,1974,31933826,竹村　一義,年度|所属球団|登板|勝利|敗北|セーブ|H|HP|完投|完封勝|無四球|勝率|打者|投球回|安打|本塁打|四球|死球|三振|暴投|ボーク|失点|自責点|防御率,1974|阪　急|31|9|3|0|||2|0|0|.750|592|136|136||135|14|42|10|60|3|0|69|61|4.04,_data\master_csv__rescrape_staging\pitching_1974_PL_from_master.csv,10
CSV_ER,ER,0,0,自責点,22,0,1974,31933826,竹村　一義,年度|所属球団|登板|勝利|敗北|セーブ|H|HP|完投|完封勝|無四球|勝率|打者|投球回|安打|本塁打|四球|死球|三振|暴投|ボーク|失点|自責点|防御率,1974|阪　急|31|9|3|0|||2|0|0|.750|592|136|136||135|14|42|10|60|3|0|69|61|4.04,_data\master_csv__rescrape_staging\pitching_1974_PL_from_master.csv,10
CSV_ER,ER,0,0,index_7,7,0,1974,31933826,竹村　一義,,1974|阪　急|32|46|41|3|10|0|0|0|10|5|5|0|3|1|1|0|9|1|.244|.244|.262,_data\master_csv__rescrape_staging\pitching_1974_PL_from_master.csv,10
CSV_ER,ER,0,0,index_8,8,0,1974,31933826,竹村　一義,,1974|阪　急|32|46|41|3|10|0|0|0|10|5|5|0|3|1|1|0|9|1|.244|.244|.262,_data\master_csv__rescrape_staging\pitching_1974_PL_from_master.csv,10
CSV_ER,ER,0,0,index_9,9,0,1974,31933826,竹村　一義,,1974|阪　急|32|46|41|3|10|0|0|0|10|5|5|0|3|1|1|0|9|1|.244|.244|.262,_data\master_csv__rescrape_staging\pitching_1974_PL_from_master.csv,10
CSV_ER,ER,0,0,index_13,13,0,1974,31933826,竹村　一義,,1974|阪　急|32|46|41|3|10|0|0|0|10|5|5|0|3|1|1|0|9|1|.244|.244|.262,_data\master_csv__rescrape_staging\pitching_1974_PL_from_master.csv,10
CSV_ER,ER,0,0,index_17,17,0,1974,31933826,竹村　一義,,1974|阪　急|32|46|41|3|10|0|0|0|10|5|5|0|3|1|1|0|9|1|.244|.244|.262,_data\master_csv__rescrape_staging\pitching_1974_PL_from_master.csv,10
CSV_ERA,ERA,69.0,69,防御率,23,69,1974,31933826,竹村　一義,年度|所属球団|登板|勝利|敗北|セーブ|H|HP|完投|完封勝|無四球|勝率|打者|投球回|安打|本塁打|四球|死球|三振|暴投|ボーク|失点|自責点|防御率,1974|阪　急|31|9|3|0|||2|0|0|.750|592|136|136||135|14|42|10|60|3|0|69|61|4.04,_data\master_csv__rescrape_staging\pitching_1974_PL_from_master.csv,10
CSV_ER,ER,2,2,自責点,22,2,1974,51053829,戸田　善紀,年度|所属球団|登板|勝利|敗北|セーブ|H|HP|完投|完封勝|無四球|勝率|打者|投球回|安打|本塁打|四球|死球|三振|暴投|ボーク|失点|自責点|防御率,1974|阪　急|41|6|6|8|||1|0|0|.500|493|120 .1|120|.1|101|13|44|3|69|1|2|51|46|3.45,_data\master_csv__rescrape_staging\pitching_1974_PL_from_master.csv,11
CSV_ER,ER,2,2,index_5,5,2,1974,51053829,戸田　善紀,,1974|阪　急|41|30|26|2|2|0|0|0|2|1|1|0|2|0|2|0|10|1|.077|.077|.143,_data\master_csv__rescrape_staging\pitching_1974_PL_from_master.csv,11
CSV_ER,ER,2,2,index_6,6,2,1974,51053829,戸田　善紀,,1974|阪　急|41|30|26|2|2|0|0|0|2|1|1|0|2|0|2|0|10|1|.077|.077|.143,_data\master_csv__rescrape_staging\pitching_1974_PL_from_master.csv,11
CSV_ER,ER,2,2,index_10,10,2,1974,51053829,戸田　善紀,,1974|阪　急|41|30|26|2|2|0|0|0|2|1|1|0|2|0|2|0|10|1|.077|.077|.143,_data\master_csv__rescrape_staging\pitching_1974_PL_from_master.csv,11
CSV_ER,ER,2,2,index_14,14,2,1974,51053829,戸田　善紀,,1974|阪　急|41|30|26|2|2|0|0|0|2|1|1|0|2|0|2|0|10|1|.077|.077|.143,_data\master_csv__rescrape_staging\pitching_1974_PL_from_master.csv,11
CSV_ER,ER,2,2,index_16,16,2,1974,51053829,戸田　善紀,,1974|阪　急|41|30|26|2|2|0|0|0|2|1|1|0|2|0|2|0|10|1|.077|.077|.143,_data\master_csv__rescrape_staging\pitching_1974_PL_from_master.csv,11
CSV_ERA,ERA,51.0,51,防御率,23,51,1974,51053829,戸田　善紀,年度|所属球団|登板|勝利|敗北|セーブ|H|HP|完投|完封勝|無四球|勝率|打者|投球回|安打|本塁打|四球|死球|三振|暴投|ボーク|失点|自責点|防御率,1974|阪　急|41|6|6|8|||1|0|0|.500|493|120 .1|120|.1|101|13|44|3|69|1|2|51|46|3.45,_data\master_csv__rescrape_staging\pitching_1974_PL_from_master.csv,11
CSV_ER,ER,1,1,勝利,3,1,1974,91293820,三好　幸雄,年度|所属球団|登板|勝利|敗北|セーブ|H|HP|完投|完封勝|無四球|勝率|打者|投球回|安打|本塁打|四球|死球|三振|暴投|ボーク|失点|自責点|防御率,1974|阪　急|26|1|3|0|||1|1|0|.250|263|59 .1|59|.1|62|5|28|5|33|2|1|31|21|3.20,_data\master_csv__rescrape_staging\pitching_1974_PL_from_master.csv,12
CSV_ER,ER,1,1,完投,8,1,1974,91293820,三好　幸雄,年度|所属球団|登板|勝利|敗北|セーブ|H|HP|完投|完封勝|無四球|勝率|打者|投球回|安打|本塁打|四球|死球|三振|暴投|ボーク|失点|自責点|防御率,1974|阪　急|26|1|3|0|||1|1|0|.250|263|59 .1|59|.1|62|5|28|5|33|2|1|31|21|3.20,_data\master_csv__rescrape_staging\pitching_1974_PL_from_master.csv,12
CSV_ER,ER,1,1,完封勝,9,1,1974,91293820,三好　幸雄,年度|所属球団|登板|勝利|敗北|セーブ|H|HP|完投|完封勝|無四球|勝率|打者|投球回|安打|本塁打|四球|死球|三振|暴投|ボーク|失点|自責点|防御率,1974|阪　急|26|1|3|0|||1|1|0|.250|263|59 .1|59|.1|62|5|28|5|33|2|1|31|21|3.20,_data\master_csv__rescrape_staging\pitching_1974_PL_from_master.csv,12
CSV_ER,ER,1,1,自責点,22,1,1974,91293820,三好　幸雄,年度|所属球団|登板|勝利|敗北|セーブ|H|HP|完投|完封勝|無四球|勝率|打者|投球回|安打|本塁打|四球|死球|三振|暴投|ボーク|失点|自責点|防御率,1974|阪　急|26|1|3|0|||1|1|0|.250|263|59 .1|59|.1|62|5|28|5|33|2|1|31|21|3.20,_data\master_csv__rescrape_staging\pitching_1974_PL_from_master.csv,12
CSV_ER,ER,1,1,index_5,5,1,1974,91293820,三好　幸雄,,1974|阪　急|28|12|9|1|2|0|0|0|2|0|0|0|1|0|2|0|5|0|.222|.222|.364,_data\master_csv__rescrape_staging\pitching_1974_PL_from_master.csv,12
CSV_ER,ER,1,1,index_14,14,1,1974,91293820,三好　幸雄,,1974|阪　急|28|12|9|1|2|0|0|0|2|0|0|0|1|0|2|0|5|0|.222|.222|.364,_data\master_csv__rescrape_staging\pitching_1974_PL_from_master.csv,12
CSV_ERA,ERA,31.0,31,防御率,23,31,1974,91293820,三好　幸雄,年度|所属球団|登板|勝利|敗北|セーブ|H|HP|完投|完封勝|無四球|勝率|打者|投球回|安打|本塁打|四球|死球|三振|暴投|ボーク|失点|自責点|防御率,1974|阪　急|26|1|3|0|||1|1|0|.250|263|59 .1|59|.1|62|5|28|5|33|2|1|31|21|3.20,_data\master_csv__rescrape_staging\pitching_1974_PL_from_master.csv,12
CSV_ER,ER,0,0,無四球,10,0,1975,91393849,小川　邦和,年度|所属球団|登板|勝利|敗北|セーブ|H|HP|完投|完封勝|無四球|勝率|打者|投球回|安打|本塁打|四球|死球|三振|暴投|ボーク|失点|自責点|防御率,1975|読　売|53|8|10|4|||3|1|0|.444|543|129 .2|129|.2|121|13|38|7|62|4|0|65|54|3.74,_data\master_csv__rescrape_staging\pitching_1975_CL_from_master.csv,2
CSV_ER,ER,0,0,自責点,22,0,1975,91393849,小川　邦和,年度|所属球団|登板|勝利|敗北|セーブ|H|HP|完投|完封勝|無四球|勝率|打者|投球回|安打|本塁打|四球|死球|三振|暴投|ボーク|失点|自責点|防御率,1975|読　売|53|8|10|4|||3|1|0|.444|543|129 .2|129|.2|121|13|38|7|62|4|0|65|54|3.74,_data\master_csv__rescrape_staging\pitching_1975_CL_from_master.csv,2
CSV_ER,ER,0,0,index_5,5,0,1975,91393849,小川　邦和,,1975|読　売|53|33|28|0|4|0|0|0|4|0|0|0|4|0|1|0|12|0|.143|.143|,_data\master_csv__rescrape_staging\pitching_1975_CL_from_master.csv,2
CSV_ER,ER,0,0,index_7,7,0,1975,91393849,小川　邦和,,1975|読　売|53|33|28|0|4|0|0|0|4|0|0|0|4|0|1|0|12|0|.143|.143|,_data\master_csv__rescrape_staging\pitching_1975_CL_from_master.csv,2
CSV_ER,ER,0,0,index_8,8,0,1975,91393849,小川　邦和,,1975|読　売|53|33|28|0|4|0|0|0|4|0|0|0|4|0|1|0|12|0|.143|.143|,_data\master_csv__rescrape_staging\pitching_1975_CL_from_master.csv,2
CSV_ER,ER,0,0,index_9,9,0,1975,91393849,小川　邦和,,1975|読　売|53|33|28|0|4|0|0|0|4|0|0|0|4|0|1|0|12|0|.143|.143|,_data\master_csv__rescrape_staging\pitching_1975_CL_from_master.csv,2
CSV_ER,ER,0,0,index_11,11,0,1975,91393849,小川　邦和,,1975|読　売|53|33|28|0|4|0|0|0|4|0|0|0|4|0|1|0|12|0|.143|.143|,_data\master_csv__rescrape_staging\pitching_1975_CL_from_master.csv,2
CSV_ER,ER,0,0,index_12,12,0,1975,91393849,小川　邦和,,1975|読　売|53|33|28|0|4|0|0|0|4|0|0|0|4|0|1|0|12|0|.143|.143|,_data\master_csv__rescrape_staging\pitching_1975_CL_from_master.csv,2
CSV_ER,ER,0,0,index_13,13,0,1975,91393849,小川　邦和,,1975|読　売|53|33|28|0|4|0|0|0|4|0|0|0|4|0|1|0|12|0|.143|.143|,_data\master_csv__rescrape_staging\pitching_1975_CL_from_master.csv,2
CSV_ER,ER,0,0,index_15,15,0,1975,91393849,小川　邦和,,1975|読　売|53|33|28|0|4|0|0|0|4|0|0|0|4|0|1|0|12|0|.143|.143|,_data\master_csv__rescrape_staging\pitching_1975_CL_from_master.csv,2
CSV_ER,ER,0,0,index_17,17,0,1975,91393849,小川　邦和,,1975|読　売|53|33|28|0|4|0|0|0|4|0|0|0|4|0|1|0|12|0|.143|.143|,_data\master_csv__rescrape_staging\pitching_1975_CL_from_master.csv,2
CSV_ER,ER,0,0,index_19,19,0,1975,91393849,小川　邦和,,1975|読　売|53|33|28|0|4|0|0|0|4|0|0|0|4|0|1|0|12|0|.143|.143|,_data\master_csv__rescrape_staging\pitching_1975_CL_from_master.csv,2
CSV_ERA,ERA,65.0,65,防御率,23,65,1975,91393849,小川　邦和,年度|所属球団|登板|勝利|敗北|セーブ|H|HP|完投|完封勝|無四球|勝率|打者|投球回|安打|本塁打|四球|死球|三振|暴投|ボーク|失点|自責点|防御率,1975|読　売|53|8|10|4|||3|1|0|.444|543|129 .2|129|.2|121|13|38|7|62|4|0|65|54|3.74,_data\master_csv__rescrape_staging\pitching_1975_CL_from_master.csv,2
CSV_IP,IP,57.0,57,投球回,13,57,1975,91593820,倉田　誠,年度|所属球団|登板|勝利|敗北|セーブ|H|HP|完投|完封勝|無四球|勝率|打者|投球回|安打|本塁打|四球|死球|三振|暴投|ボーク|失点|自責点|防御率,1975|読　売|35|3|4|2|||0|0|0|.429|239|57|57||50|5|24|4|37|1|0|22|17|2.68,_data\master_csv__rescrape_staging\pitching_1975_CL_from_master.csv,3
CSV_IP,IP,57.0,57,安打,14,57,1975,91593820,倉田　誠,年度|所属球団|登板|勝利|敗北|セーブ|H|HP|完投|完封勝|無四球|勝率|打者|投球回|安打|本塁打|四球|死球|三振|暴投|ボーク|失点|自責点|防御率,1975|読　売|35|3|4|2|||0|0|0|.429|239|57|57||50|5|24|4|37|1|0|22|17|2.68,_data\master_csv__rescrape_staging\pitching_1975_CL_from_master.csv,3
CSV_ER,ER,0,0,完投,8,0,1975,91593820,倉田　誠,年度|所属球団|登板|勝利|敗北|セーブ|H|HP|完投|完封勝|無四球|勝率|打者|投球回|安打|本塁打|四球|死球|三振|暴投|ボーク|失点|自責点|防御率,1975|読　売|35|3|4|2|||0|0|0|.429|239|57|57||50|5|24|4|37|1|0|22|17|2.68,_data\master_csv__rescrape_staging\pitching_1975_CL_from_master.csv,3
CSV_ER,ER,0,0,完封勝,9,0,1975,91593820,倉田　誠,年度|所属球団|登板|勝利|敗北|セーブ|H|HP|完投|完封勝|無四球|勝率|打者|投球回|安打|本塁打|四球|死球|三振|暴投|ボーク|失点|自責点|防御率,1975|読　売|35|3|4|2|||0|0|0|.429|239|57|57||50|5|24|4|37|1|0|22|17|2.68,_data\master_csv__rescrape_staging\pitching_1975_CL_from_master.csv,3
CSV_ER,ER,0,0,無四球,10,0,1975,91593820,倉田　誠,年度|所属球団|登板|勝利|敗北|セーブ|H|HP|完投|完封勝|無四球|勝率|打者|投球回|安打|本塁打|四球|死球|三振|暴投|ボーク|失点|自責点|防御率,1975|読　売|35|3|4|2|||0|0|0|.429|239|57|57||50|5|24|4|37|1|0|22|17|2.68,_data\master_csv__rescrape_staging\pitching_1975_CL_from_master.csv,3
CSV_ER,ER,0,0,自責点,22,0,1975,91593820,倉田　誠,年度|所属球団|登板|勝利|敗北|セーブ|H|HP|完投|完封勝|無四球|勝率|打者|投球回|安打|本塁打|四球|死球|三振|暴投|ボーク|失点|自責点|防御率,1975|読　売|35|3|4|2|||0|0|0|.429|239|57|57||50|5|24|4|37|1|0|22|17|2.68,_data\master_csv__rescrape_staging\pitching_1975_CL_from_master.csv,3
CSV_ER,ER,0,0,index_5,5,0,1975,91593820,倉田　誠,,1975|読　売|35|6|6|0|0|0|0|0|0|0|0|0|0|0|0|0|1|0|.000|.000|,_data\master_csv__rescrape_staging\pitching_1975_CL_from_master.csv,3
CSV_ER,ER,0,0,index_6,6,0,1975,91593820,倉田　誠,,1975|読　売|35|6|6|0|0|0|0|0|0|0|0|0|0|0|0|0|1|0|.000|.000|,_data\master_csv__rescrape_staging\pitching_1975_CL_from_master.csv,3
CSV_ER,ER,0,0,index_7,7,0,1975,91593820,倉田　誠,,1975|読　売|35|6|6|0|0|0|0|0|0|0|0|0|0|0|0|0|1|0|.000|.000|,_data\master_csv__rescrape_staging\pitching_1975_CL_from_master.csv,3
CSV_ER,ER,0,0,index_8,8,0,1975,91593820,倉田　誠,,1975|読　売|35|6|6|0|0|0|0|0|0|0|0|0|0|0|0|0|1|0|.000|.000|,_data\master_csv__rescrape_staging\pitching_1975_CL_from_master.csv,3
CSV_ER,ER,0,0,index_9,9,0,1975,91593820,倉田　誠,,1975|読　売|35|6|6|0|0|0|0|0|0|0|0|0|0|0|0|0|1|0|.000|.000|,_data\master_csv__rescrape_staging\pitching_1975_CL_from_master.csv,3
CSV_ER,ER,0,0,index_10,10,0,1975,91593820,倉田　誠,,1975|読　売|35|6|6|0|0|0|0|0|0|0|0|0|0|0|0|0|1|0|.000|.000|,_data\master_csv__rescrape_staging\pitching_1975_CL_from_master.csv,3
CSV_ER,ER,0,0,index_11,11,0,1975,91593820,倉田　誠,,1975|読　売|35|6|6|0|0|0|0|0|0|0|0|0|0|0|0|0|1|0|.000|.000|,_data\master_csv__rescrape_staging\pitching_1975_CL_from_master.csv,3
CSV_ER,ER,0,0,index_12,12,0,1975,91593820,倉田　誠,,1975|読　売|35|6|6|0|0|0|0|0|0|0|0|0|0|0|0|0|1|0|.000|.000|,_data\master_csv__rescrape_staging\pitching_1975_CL_from_master.csv,3
CSV_ER,ER,0,0,index_13,13,0,1975,91593820,倉田　誠,,1975|読　売|35|6|6|0|0|0|0|0|0|0|0|0|0|0|0|0|1|0|.000|.000|,_data\master_csv__rescrape_staging\pitching_1975_CL_from_master.csv,3
CSV_ER,ER,0,0,index_14,14,0,1975,91593820,倉田　誠,,1975|読　売|35|6|6|0|0|0|0|0|0|0|0|0|0|0|0|0|1|0|.000|.000|,_data\master_csv__rescrape_staging\pitching_1975_CL_from_master.csv,3
CSV_ER,ER,0,0,index_15,15,0,1975,91593820,倉田　誠,,1975|読　売|35|6|6|0|0|0|0|0|0|0|0|0|0|0|0|0|1|0|.000|.000|,_data\master_csv__rescrape_staging\pitching_1975_CL_from_master.csv,3
CSV_ER,ER,0,0,index_16,16,0,1975,91593820,倉田　誠,,1975|読　売|35|6|6|0|0|0|0|0|0|0|0|0|0|0|0|0|1|0|.000|.000|,_data\master_csv__rescrape_staging\pitching_1975_CL_from_master.csv,3
CSV_ER,ER,0,0,index_17,17,0,1975,91593820,倉田　誠,,1975|読　売|35|6|6|0|0|0|0|0|0|0|0|0|0|0|0|0|1|0|.000|.000|,_data\master_csv__rescrape_staging\pitching_1975_CL_from_master.csv,3
CSV_ER,ER,0,0,index_19,19,0,1975,91593820,倉田　誠,,1975|読　売|35|6|6|0|0|0|0|0|0|0|0|0|0|0|0|0|1|0|.000|.000|,_data\master_csv__rescrape_staging\pitching_1975_CL_from_master.csv,3
CSV_ER,ER,0,0,index_20,20,.000,1975,91593820,倉田　誠,,1975|読　売|35|6|6|0|0|0|0|0|0|0|0|0|0|0|0|0|1|0|.000|.000|,_data\master_csv__rescrape_staging\pitching_1975_CL_from_master.csv,3
CSV_ER,ER,0,0,index_21,21,.000,1975,91593820,倉田　誠,,1975|読　売|35|6|6|0|0|0|0|0|0|0|0|0|0|0|0|0|1|0|.000|.000|,_data\master_csv__rescrape_staging\pitching_1975_CL_from_master.csv,3
CSV_ERA,ERA,22.0,22,防御率,23,22,1975,91593820,倉田　誠,年度|所属球団|登板|勝利|敗北|セーブ|H|HP|完投|完封勝|無四球|勝率|打者|投球回|安打|本塁打|四球|死球|三振|暴投|ボーク|失点|自責点|防御率,1975|読　売|35|3|4|2|||0|0|0|.429|239|57|57||50|5|24|4|37|1|0|22|17|2.68,_data\master_csv__rescrape_staging\pitching_1975_CL_from_master.csv,3
CSV_ER,ER,0,0,セーブ,5,0,1975,71573847,小林　繁,年度|所属球団|登板|勝利|敗北|セーブ|H|HP|完投|完封勝|無四球|勝率|打者|投球回|安打|本塁打|四球|死球|三振|暴投|ボーク|失点|自責点|防御率,1975|読　売|28|5|6|0|||3|1|1|.455|456|106 .1|106|.1|103|8|32|14|42|0|0|50|39|3.31,_data\master_csv__rescrape_staging\pitching_1975_CL_from_master.csv,4
CSV_ER,ER,0,0,失点,21,0,1975,71573847,小林　繁,年度|所属球団|登板|勝利|敗北|セーブ|H|HP|完投|完封勝|無四球|勝率|打者|投球回|安打|本塁打|四球|死球|三振|暴投|ボーク|失点|自責点|防御率,1975|読　売|28|5|6|0|||3|1|1|.455|456|106 .1|106|.1|103|8|32|14|42|0|0|50|39|3.31,_data\master_csv__rescrape_staging\pitching_1975_CL_from_master.csv,4
CSV_ER,ER,0,0,自責点,22,0,1975,71573847,小林　繁,年度|所属球団|登板|勝利|敗北|セーブ|H|HP|完投|完封勝|無四球|勝率|打者|投球回|安打|本塁打|四球|死球|三振|暴投|ボーク|失点|自責点|防御率,1975|読　売|28|5|6|0|||3|1|1|.455|456|106 .1|106|.1|103|8|32|14|42|0|0|50|39|3.31,_data\master_csv__rescrape_staging\pitching_1975_CL_from_master.csv,4
CSV_ER,ER,0,0,index_5,5,0,1975,71573847,小林　繁,,1975|読　売|28|33|32|0|1|0|0|0|1|0|0|0|1|0|0|0|10|0|.031|.031|,_data\master_csv__rescrape_staging\pitching_1975_CL_from_master.csv,4
CSV_ER,ER,0,0,index_7,7,0,1975,71573847,小林　繁,,1975|読　売|28|33|32|0|1|0|0|0|1|0|0|0|1|0|0|0|10|0|.031|.031|,_data\master_csv__rescrape_staging\pitching_1975_CL_from_master.csv,4
CSV_ER,ER,0,0,index_8,8,0,1975,71573847,小林　繁,,1975|読　売|28|33|32|0|1|0|0|0|1|0|0|0|1|0|0|0|10|0|.031|.031|,_data\master_csv__rescrape_staging\pitching_1975_CL_from_master.csv,4
CSV_ER,ER,0,0,index_9,9,0,1975,71573847,小林　繁,,1975|読　売|28|33|32|0|1|0|0|0|1|0|0|0|1|0|0|0|10|0|.031|.031|,_data\master_csv__rescrape_staging\pitching_1975_CL_from_master.csv,4
CSV_ER,ER,0,0,index_11,11,0,1975,71573847,小林　繁,,1975|読　売|28|33|32|0|1|0|0|0|1|0|0|0|1|0|0|0|10|0|.031|.031|,_data\master_csv__rescrape_staging\pitching_1975_CL_from_master.csv,4
CSV_ER,ER,0,0,index_12,12,0,1975,71573847,小林　繁,,1975|読　売|28|33|32|0|1|0|0|0|1|0|0|0|1|0|0|0|10|0|.031|.031|,_data\master_csv__rescrape_staging\pitching_1975_CL_from_master.csv,4
CSV_ER,ER,0,0,index_13,13,0,1975,71573847,小林　繁,,1975|読　売|28|33|32|0|1|0|0|0|1|0|0|0|1|0|0|0|10|0|.031|.031|,_data\master_csv__rescrape_staging\pitching_1975_CL_from_master.csv,4
CSV_ER,ER,0,0,index_15,15,0,1975,71573847,小林　繁,,1975|読　売|28|33|32|0|1|0|0|0|1|0|0|0|1|0|0|0|10|0|.031|.031|,_data\master_csv__rescrape_staging\pitching_1975_CL_from_master.csv,4
CSV_ER,ER,0,0,index_16,16,0,1975,71573847,小林　繁,,1975|読　売|28|33|32|0|1|0|0|0|1|0|0|0|1|0|0|0|10|0|.031|.031|,_data\master_csv__rescrape_staging\pitching_1975_CL_from_master.csv,4
CSV_ER,ER,0,0,index_17,17,0,1975,71573847,小林　繁,,1975|読　売|28|33|32|0|1|0|0|0|1|0|0|0|1|0|0|0|10|0|.031|.031|,_data\master_csv__rescrape_staging\pitching_1975_CL_from_master.csv,4
CSV_ER,ER,0,0,index_19,19,0,1975,71573847,小林　繁,,1975|読　売|28|33|32|0|1|0|0|0|1|0|0|0|1|0|0|0|10|0|.031|.031|,_data\master_csv__rescrape_staging\pitching_1975_CL_from_master.csv,4
CSV_ERA,ERA,50.0,50,防御率,23,50,1975,71573847,小林　繁,年度|所属球団|登板|勝利|敗北|セーブ|H|HP|完投|完封勝|無四球|勝率|打者|投球回|安打|本塁打|四球|死球|三振|暴投|ボーク|失点|自責点|防御率,1975|読　売|28|5|6|0|||3|1|1|.455|456|106 .1|106|.1|103|8|32|14|42|0|0|50|39|3.31,_data\master_csv__rescrape_staging\pitching_1975_CL_from_master.csv,4
CSV_ER,ER,0,0,勝利,3,0,1975,61763843,島野　修,年度|所属球団|登板|勝利|敗北|セーブ|H|HP|完投|完封勝|無四球|勝率|打者|投球回|安打|本塁打|四球|死球|三振|暴投|ボーク|失点|自責点|防御率,1975|読　売|13|0|3|0|||1|0|0|.000|167|36 .1|36|.1|52|9|11|1|9|0|0|26|25|6.25,_data\master_csv__rescrape_staging\pitching_1975_CL_from_master.csv,5
CSV_ER,ER,0,0,セーブ,5,0,1975,61763843,島野　修,年度|所属球団|登板|勝利|敗北|セーブ|H|HP|完投|完封勝|無四球|勝率|打者|投球回|安打|本塁打|四球|死球|三振|暴投|ボーク|失点|自責点|防御率,1975|読　売|13|0|3|0|||1|0|0|.000|167|36 .1|36|.1|52|9|11|1|9|0|0|26|25|6.25,_data\master_csv__rescrape_staging\pitching_1975_CL_from_master.csv,5
CSV_ER,ER,0,0,完封勝,9,0,1975,61763843,島野　修,年度|所属球団|登板|勝利|敗北|セーブ|H|HP|完投|完封勝|無四球|勝率|打者|投球回|安打|本塁打|四球|死球|三振|暴投|ボーク|失点|自責点|防御率,1975|読　売|13|0|3|0|||1|0|0|.000|167|36 .1|36|.1|52|9|11|1|9|0|0|26|25|6.25,_data\master_csv__rescrape_staging\pitching_1975_CL_from_master.csv,5
CSV_ER,ER,0,0,無四球,10,0,1975,61763843,島野　修,年度|所属球団|登板|勝利|敗北|セーブ|H|HP|完投|完封勝|無四球|勝率|打者|投球回|安打|本塁打|四球|死球|三振|暴投|ボーク|失点|自責点|防御率,1975|読　売|13|0|3|0|||1|0|0|.000|167|36 .1|36|.1|52|9|11|1|9|0|0|26|25|6.25,_data\master_csv__rescrape_staging\pitching_1975_CL_from_master.csv,5
CSV_ER,ER,0,0,勝率,11,.000,1975,61763843,島野　修,年度|所属球団|登板|勝利|敗北|セーブ|H|HP|完投|完封勝|無四球|勝率|打者|投球回|安打|本塁打|四球|死球|三振|暴投|ボーク|失点|自責点|防御率,1975|読　売|13|0|3|0|||1|0|0|.000|167|36 .1|36|.1|52|9|11|1|9|0|0|26|25|6.25,_data\master_csv__rescrape_staging\pitching_1975_CL_from_master.csv,5
CSV_ER,ER,0,0,失点,21,0,1975,61763843,島野　修,年度|所属球団|登板|勝利|敗北|セーブ|H|HP|完投|完封勝|無四球|勝率|打者|投球回|安打|本塁打|四球|死球|三振|暴投|ボーク|失点|自責点|防御率,1975|読　売|13|0|3|0|||1|0|0|.000|167|36 .1|36|.1|52|9|11|1|9|0|0|26|25|6.25,_data\master_csv__rescrape_staging\pitching_1975_CL_from_master.csv,5
CSV_ER,ER,0,0,自責点,22,0,1975,61763843,島野　修,年度|所属球団|登板|勝利|敗北|セーブ|H|HP|完投|完封勝|無四球|勝率|打者|投球回|安打|本塁打|四球|死球|三振|暴投|ボーク|失点|自責点|防御率,1975|読　売|13|0|3|0|||1|0|0|.000|167|36 .1|36|.1|52|9|11|1|9|0|0|26|25|6.25,_data\master_csv__rescrape_staging\pitching_1975_CL_from_master.csv,5
CSV_ER,ER,0,0,index_5,5,0,1975,61763843,島野　修,,1975|読　売|13|11|10|0|0|0|0|0|0|0|0|0|1|0|0|0|4|0|.000|.000|,_data\master_csv__rescrape_staging\pitching_1975_CL_from_master.csv,5
CSV_ER,ER,0,0,index_6,6,0,1975,61763843,島野　修,,1975|読　売|13|11|10|0|0|0|0|0|0|0|0|0|1|0|0|0|4|0|.000|.000|,_data\master_csv__rescrape_staging\pitching_1975_CL_from_master.csv,5
CSV_ER,ER,0,0,index_7,7,0,1975,61763843,島野　修,,1975|読　売|13|11|10|0|0|0|0|0|0|0|0|0|1|0|0|0|4|0|.000|.000|,_data\master_csv__rescrape_staging\pitching_1975_CL_from_master.csv,5
CSV_ER,ER,0,0,index_8,8,0,1975,61763843,島野　修,,1975|読　売|13|11|10|0|0|0|0|0|0|0|0|0|1|0|0|0|4|0|.000|.000|,_data\master_csv__rescrape_staging\pitching_1975_CL_from_master.csv,5
CSV_ER,ER,0,0,index_9,9,0,1975,61763843,島野　修,,1975|読　売|13|11|10|0|0|0|0|0|0|0|0|0|1|0|0|0|4|0|.000|.000|,_data\master_csv__rescrape_staging\pitching_1975_CL_from_master.csv,5
CSV_ER,ER,0,0,index_10,10,0,1975,61763843,島野　修,,1975|読　売|13|11|10|0|0|0|0|0|0|0|0|0|1|0|0|0|4|0|.000|.000|,_data\master_csv__rescrape_staging\pitching_1975_CL_from_master.csv,5
CSV_ER,ER,0,0,index_11,11,0,1975,61763843,島野　修,,1975|読　売|13|11|10|0|0|0|0|0|0|0|0|0|1|0|0|0|4|0|.000|.000|,_data\master_csv__rescrape_staging\pitching_1975_CL_from_master.csv,5
CSV_ER,ER,0,0,index_12,12,0,1975,61763843,島野　修,,1975|読　売|13|11|10|0|0|0|0|0|0|0|0|0|1|0|0|0|4|0|.000|.000|,_data\master_csv__rescrape_staging\pitching_1975_CL_from_master.csv,5
CSV_ER,ER,0,0,index_13,13,0,1975,61763843,島野　修,,1975|読　売|13|11|10|0|0|0|0|0|0|0|0|0|1|0|0|0|4|0|.000|.000|,_data\master_csv__rescrape_staging\pitching_1975_CL_from_master.csv,5
CSV_ER,ER,0,0,index_15,15,0,1975,61763843,島野　修,,1975|読　売|13|11|10|0|0|0|0|0|0|0|0|0|1|0|0|0|4|0|.000|.000|,_data\master_csv__rescrape_staging\pitching_1975_CL_from_master.csv,5
CSV_ER,ER,0,0,index_16,16,0,1975,61763843,島野　修,,1975|読　売|13|11|10|0|0|0|0|0|0|0|0|0|1|0|0|0|4|0|.000|.000|,_data\master_csv__rescrape_staging\pitching_1975_CL_from_master.csv,5
CSV_ER,ER,0,0,index_17,17,0,1975,61763843,島野　修,,1975|読　売|13|11|10|0|0|0|0|0|0|0|0|0|1|0|0|0|4|0|.000|.000|,_data\master_csv__rescrape_staging\pitching_1975_CL_from_master.csv,5
CSV_ER,ER,0,0,index_19,19,0,1975,61763843,島野　修,,1975|読　売|13|11|10|0|0|0|0|0|0|0|0|0|1|0|0|0|4|0|.000|.000|,_data\master_csv__rescrape_staging\pitching_1975_CL_from_master.csv,5
CSV_ER,ER,0,0,index_20,20,.000,1975,61763843,島野　修,,1975|読　売|13|11|10|0|0|0|0|0|0|0|0|0|1|0|0|0|4|0|.000|.000|,_data\master_csv__rescrape_staging\pitching_1975_CL_from_master.csv,5
CSV_ER,ER,0,0,index_21,21,.000,1975,61763843,島野　修,,1975|読　売|13|11|10|0|0|0|0|0|0|0|0|0|1|0|0|0|4|0|.000|.000|,_data\master_csv__rescrape_staging\pitching_1975_CL_from_master.csv,5
CSV_ERA,ERA,26.0,26,防御率,23,26,1975,61763843,島野　修,年度|所属球団|登板|勝利|敗北|セーブ|H|HP|完投|完封勝|無四球|勝率|打者|投球回|安打|本塁打|四球|死球|三振|暴投|ボーク|失点|自責点|防御率,1975|読　売|13|0|3|0|||1|0|0|.000|167|36 .1|36|.1|52|9|11|1|9|0|0|26|25|6.25,_data\master_csv__rescrape_staging\pitching_1975_CL_from_master.csv,5
CSV_ER,ER,0,0,勝利,3,0,1975,71973843,関本　四十四,年度|所属球団|登板|勝利|敗北|セーブ|H|HP|完投|完封勝|無四球|勝率|打者|投球回|安打|本塁打|四球|死球|三振|暴投|ボーク|失点|自責点|防御率,1975|読　売|14|0|4|0|||0|0|0|.000|220|47 .2|47|.2|59|7|19|3|18|0|0|27|21|3.94,_data\master_csv__rescrape_staging\pitching_1975_CL_from_master.csv,7
CSV_ER,ER,0,0,セーブ,5,0,1975,71973843,関本　四十四,年度|所属球団|登板|勝利|敗北|セーブ|H|HP|完投|完封勝|無四球|勝率|打者|投球回|安打|本塁打|四球|死球|三振|暴投|ボーク|失点|自責点|防御率,1975|読　売|14|0|4|0|||0|0|0|.000|220|47 .2|47|.2|59|7|19|3|18|0|0|27|21|3.94,_data\master_csv__rescrape_staging\pitching_1975_CL_from_master.csv,7
CSV_ER,ER,0,0,完投,8,0,1975,71973843,関本　四十四,年度|所属球団|登板|勝利|敗北|セーブ|H|HP|完投|完封勝|無四球|勝率|打者|投球回|安打|本塁打|四球|死球|三振|暴投|ボーク|失点|自責点|防御率,1975|読　売|14|0|4|0|||0|0|0|.000|220|47 .2|47|.2|59|7|19|3|18|0|0|27|21|3.94,_data\master_csv__rescrape_staging\pitching_1975_CL_from_master.csv,7
CSV_ER,ER,0,0,完封勝,9,0,1975,71973843,関本　四十四,年度|所属球団|登板|勝利|敗北|セーブ|H|HP|完投|完封勝|無四球|勝率|打者|投球回|安打|本塁打|四球|死球|三振|暴投|ボーク|失点|自責点|防御率,1975|読　売|14|0|4|0|||0|0|0|.000|220|47 .2|47|.2|59|7|19|3|18|0|0|27|21|3.94,_data\master_csv__rescrape_staging\pitching_1975_CL_from_master.csv,7
CSV_ER,ER,0,0,無四球,10,0,1975,71973843,関本　四十四,年度|所属球団|登板|勝利|敗北|セーブ|H|HP|完投|完封勝|無四球|勝率|打者|投球回|安打|本塁打|四球|死球|三振|暴投|ボーク|失点|自責点|防御率,1975|読　売|14|0|4|0|||0|0|0|.000|220|47 .2|47|.2|59|7|19|3|18|0|0|27|21|3.94,_data\master_csv__rescrape_staging\pitching_1975_CL_from_master.csv,7
CSV_ER,ER,0,0,勝率,11,.000,1975,71973843,関本　四十四,年度|所属球団|登板|勝利|敗北|セーブ|H|HP|完投|完封勝|無四球|勝率|打者|投球回|安打|本塁打|四球|死球|三振|暴投|ボーク|失点|自責点|防御率,1975|読　売|14|0|4|0|||0|0|0|.000|220|47 .2|47|.2|59|7|19|3|18|0|0|27|21|3.94,_data\master_csv__rescrape_staging\pitching_1975_CL_from_master.csv,7
CSV_ER,ER,0,0,失点,21,0,1975,71973843,関本　四十四,年度|所属球団|登板|勝利|敗北|セーブ|H|HP|完投|完封勝|無四球|勝率|打者|投球回|安打|本塁打|四球|死球|三振|暴投|ボーク|失点|自責点|防御率,1975|読　売|14|0|4|0|||0|0|0|.000|220|47 .2|47|.2|59|7|19|3|18|0|0|27|21|3.94,_data\master_csv__rescrape_staging\pitching_1975_CL_from_master.csv,7
CSV_ER,ER,0,0,自責点,22,0,1975,71973843,関本　四十四,年度|所属球団|登板|勝利|敗北|セーブ|H|HP|完投|完封勝|無四球|勝率|打者|投球回|安打|本塁打|四球|死球|三振|暴投|ボーク|失点|自責点|防御率,1975|読　売|14|0|4|0|||0|0|0|.000|220|47 .2|47|.2|59|7|19|3|18|0|0|27|21|3.94,_data\master_csv__rescrape_staging\pitching_1975_CL_from_master.csv,7
CSV_ER,ER,0,0,index_5,5,0,1975,71973843,関本　四十四,,1975|読　売|14|17|14|0|2|0|0|0|2|1|0|0|1|0|2|0|4|0|.143|.143|,_data\master_csv__rescrape_staging\pitching_1975_CL_from_master.csv,7
CSV_ER,ER,0,0,index_7,7,0,1975,71973843,関本　四十四,,1975|読　売|14|17|14|0|2|0|0|0|2|1|0|0|1|0|2|0|4|0|.143|.143|,_data\master_csv__rescrape_staging\pitching_1975_CL_from_master.csv,7
CSV_ER,ER,0,0,index_8,8,0,1975,71973843,関本　四十四,,1975|読　売|14|17|14|0|2|0|0|0|2|1|0|0|1|0|2|0|4|0|.143|.143|,_data\master_csv__rescrape_staging\pitching_1975_CL_from_master.csv,7
CSV_ER,ER,0,0,index_9,9,0,1975,71973843,関本　四十四,,1975|読　売|14|17|14|0|2|0|0|0|2|1|0|0|1|0|2|0|4|0|.143|.143|,_data\master_csv__rescrape_staging\pitching_1975_CL_from_master.csv,7
CSV_ER,ER,0,0,index_12,12,0,1975,71973843,関本　四十四,,1975|読　売|14|17|14|0|2|0|0|0|2|1|0|0|1|0|2|0|4|0|.143|.143|,_data\master_csv__rescrape_staging\pitching_1975_CL_from_master.csv,7
CSV_ER,ER,0,0,index_13,13,0,1975,71973843,関本　四十四,,1975|読　売|14|17|14|0|2|0|0|0|2|1|0|0|1|0|2|0|4|0|.143|.143|,_data\master_csv__rescrape_staging\pitching_1975_CL_from_master.csv,7
CSV_ER,ER,0,0,index_15,15,0,1975,71973843,関本　四十四,,1975|読　売|14|17|14|0|2|0|0|0|2|1|0|0|1|0|2|0|4|0|.143|.143|,_data\master_csv__rescrape_staging\pitching_1975_CL_from_master.csv,7
CSV_ER,ER,0,0,index_17,17,0,1975,71973843,関本　四十四,,1975|読　売|14|17|14|0|2|0|0|0|2|1|0|0|1|0|2|0|4|0|.143|.143|,_data\master_csv__rescrape_staging\pitching_1975_CL_from_master.csv,7
CSV_ER,ER,0,0,index_19,19,0,1975,71973843,関本　四十四,,1975|読　売|14|17|14|0|2|0|0|0|2|1|0|0|1|0|2|0|4|0|.143|.143|,_data\master_csv__rescrape_staging\pitching_1975_CL_from_master.csv,7
CSV_ERA,ERA,27.0,27,防御率,23,27,1975,71973843,関本　四十四,年度|所属球団|登板|勝利|敗北|セーブ|H|HP|完投|完封勝|無四球|勝率|打者|投球回|安打|本塁打|四球|死球|三振|暴投|ボーク|失点|自責点|防御率,1975|読　売|14|0|4|0|||0|0|0|.000|220|47 .2|47|.2|59|7|19|3|18|0|0|27|21|3.94,_data\master_csv__rescrape_staging\pitching_1975_CL_from_master.csv,7
CSV_ER,ER,0,0,セーブ,5,0,1975,71173808,足立　光宏,年度|所属球団|登板|勝利|敗北|セーブ|H|HP|完投|完封勝|無四球|勝率|打者|投球回|安打|本塁打|四球|死球|三振|暴投|ボーク|失点|自責点|防御率,1975|阪　急|26|11|10|0|||16|1|3|.524|780|191 .2|191|.2|177|12|32|11|66|0|0|69|58|2.72,_data\master_csv__rescrape_staging\pitching_1975_PL_from_master.csv,2
CSV_ER,ER,0,0,失点,21,0,1975,71173808,足立　光宏,年度|所属球団|登板|勝利|敗北|セーブ|H|HP|完投|完封勝|無四球|勝率|打者|投球回|安打|本塁打|四球|死球|三振|暴投|ボーク|失点|自責点|防御率,1975|阪　急|26|11|10|0|||16|1|3|.524|780|191 .2|191|.2|177|12|32|11|66|0|0|69|58|2.72,_data\master_csv__rescrape_staging\pitching_1975_PL_from_master.csv,2
CSV_ER,ER,0,0,自責点,22,0,1975,71173808,足立　光宏,年度|所属球団|登板|勝利|敗北|セーブ|H|HP|完投|完封勝|無四球|勝率|打者|投球回|安打|本塁打|四球|死球|三振|暴投|ボーク|失点|自責点|防御率,1975|阪　急|26|11|10|0|||16|1|3|.524|780|191 .2|191|.2|177|12|32|11|66|0|0|69|58|2.72,_data\master_csv__rescrape_staging\pitching_1975_PL_from_master.csv,2
CSV_ER,ER,0,0,index_3,3,0,1975,71173808,足立　光宏,,1975|阪　急|29|0|0|0|0|0|0|0|0|0|0|0|0|0|0|0|0|0|.000|.000|.000,_data\master_csv__rescrape_staging\pitching_1975_PL_from_master.csv,2
CSV_ER,ER,0,0,index_4,4,0,1975,71173808,足立　光宏,,1975|阪　急|29|0|0|0|0|0|0|0|0|0|0|0|0|0|0|0|0|0|.000|.000|.000,_data\master_csv__rescrape_staging\pitching_1975_PL_from_master.csv,2
CSV_ER,ER,0,0,index_5,5,0,1975,71173808,足立　光宏,,1975|阪　急|29|0|0|0|0|0|0|0|0|0|0|0|0|0|0|0|0|0|.000|.000|.000,_data\master_csv__rescrape_staging\pitching_1975_PL_from_master.csv,2
CSV_ER,ER,0,0,index_6,6,0,1975,71173808,足立　光宏,,1975|阪　急|29|0|0|0|0|0|0|0|0|0|0|0|0|0|0|0|0|0|.000|.000|.000,_data\master_csv__rescrape_staging\pitching_1975_PL_from_master.csv,2
CSV_ER,ER,0,0,index_7,7,0,1975,71173808,足立　光宏,,1975|阪　急|29|0|0|0|0|0|0|0|0|0|0|0|0|0|0|0|0|0|.000|.000|.000,_data\master_csv__rescrape_staging\pitching_1975_PL_from_master.csv,2
CSV_ER,ER,0,0,index_8,8,0,1975,71173808,足立　光宏,,1975|阪　急|29|0|0|0|0|0|0|0|0|0|0|0|0|0|0|0|0|0|.000|.000|.000,_data\master_csv__rescrape_staging\pitching_1975_PL_from_master.csv,2
CSV_ER,ER,0,0,index_9,9,0,1975,71173808,足立　光宏,,1975|阪　急|29|0|0|0|0|0|0|0|0|0|0|0|0|0|0|0|0|0|.000|.000|.000,_data\master_csv__rescrape_staging\pitching_1975_PL_from_master.csv,2
CSV_ER,ER,0,0,index_10,10,0,1975,71173808,足立　光宏,,1975|阪　急|29|0|0|0|0|0|0|0|0|0|0|0|0|0|0|0|0|0|.000|.000|.000,_data\master_csv__rescrape_staging\pitching_1975_PL_from_master.csv,2
CSV_ER,ER,0,0,index_11,11,0,1975,71173808,足立　光宏,,1975|阪　急|29|0|0|0|0|0|0|0|0|0|0|0|0|0|0|0|0|0|.000|.000|.000,_data\master_csv__rescrape_staging\pitching_1975_PL_from_master.csv,2
CSV_ER,ER,0,0,index_12,12,0,1975,71173808,足立　光宏,,1975|阪　急|29|0|0|0|0|0|0|0|0|0|0|0|0|0|0|0|0|0|.000|.000|.000,_data\master_csv__rescrape_staging\pitching_1975_PL_from_master.csv,2
CSV_ER,ER,0,0,index_13,13,0,1975,71173808,足立　光宏,,1975|阪　急|29|0|0|0|0|0|0|0|0|0|0|0|0|0|0|0|0|0|.000|.000|.000,_data\master_csv__rescrape_staging\pitching_1975_PL_from_master.csv,2
CSV_ER,ER,0,0,index_14,14,0,1975,71173808,足立　光宏,,1975|阪　急|29|0|0|0|0|0|0|0|0|0|0|0|0|0|0|0|0|0|.000|.000|.000,_data\master_csv__rescrape_staging\pitching_1975_PL_from_master.csv,2
CSV_ER,ER,0,0,index_15,15,0,1975,71173808,足立　光宏,,1975|阪　急|29|0|0|0|0|0|0|0|0|0|0|0|0|0|0|0|0|0|.000|.000|.000,_data\master_csv__rescrape_staging\pitching_1975_PL_from_master.csv,2
CSV_ER,ER,0,0,index_16,16,0,1975,71173808,足立　光宏,,1975|阪　急|29|0|0|0|0|0|0|0|0|0|0|0|0|0|0|0|0|0|.000|.000|.000,_data\master_csv__rescrape_staging\pitching_1975_PL_from_master.csv,2
CSV_ER,ER,0,0,index_17,17,0,1975,71173808,足立　光宏,,1975|阪　急|29|0|0|0|0|0|0|0|0|0|0|0|0|0|0|0|0|0|.000|.000|.000,_data\master_csv__rescrape_staging\pitching_1975_PL_from_master.csv,2
CSV_ER,ER,0,0,index_18,18,0,1975,71173808,足立　光宏,,1975|阪　急|29|0|0|0|0|0|0|0|0|0|0|0|0|0|0|0|0|0|.000|.000|.000,_data\master_csv__rescrape_staging\pitching_1975_PL_from_master.csv,2
CSV_ER,ER,0,0,index_19,19,0,1975,71173808,足立　光宏,,1975|阪　急|29|0|0|0|0|0|0|0|0|0|0|0|0|0|0|0|0|0|.000|.000|.000,_data\master_csv__rescrape_staging\pitching_1975_PL_from_master.csv,2
CSV_ER,ER,0,0,index_20,20,.000,1975,71173808,足立　光宏,,1975|阪　急|29|0|0|0|0|0|0|0|0|0|0|0|0|0|0|0|0|0|.000|.000|.000,_data\master_csv__rescrape_staging\pitching_1975_PL_from_master.csv,2
CSV_ER,ER,0,0,index_21,21,.000,1975,71173808,足立　光宏,,1975|阪　急|29|0|0|0|0|0|0|0|0|0|0|0|0|0|0|0|0|0|.000|.000|.000,_data\master_csv__rescrape_staging\pitching_1975_PL_from_master.csv,2
CSV_ER,ER,0,0,index_22,22,.000,1975,71173808,足立　光宏,,1975|阪　急|29|0|0|0|0|0|0|0|0|0|0|0|0|0|0|0|0|0|.000|.000|.000,_data\master_csv__rescrape_staging\pitching_1975_PL_from_master.csv,2
CSV_ERA,ERA,69.0,69,防御率,23,69,1975,71173808,足立　光宏,年度|所属球団|登板|勝利|敗北|セーブ|H|HP|完投|完封勝|無四球|勝率|打者|投球回|安打|本塁打|四球|死球|三振|暴投|ボーク|失点|自責点|防御率,1975|阪　急|26|11|10|0|||16|1|3|.524|780|191 .2|191|.2|177|12|32|11|66|0|0|69|58|2.72,_data\master_csv__rescrape_staging\pitching_1975_PL_from_master.csv,2
CSV_ER,ER,0,0,セーブ,5,0,1975,21523822,白石　静生,年度|所属球団|登板|勝利|敗北|セーブ|H|HP|完投|完封勝|無四球|勝率|打者|投球回|安打|本塁打|四球|死球|三振|暴投|ボーク|失点|自責点|防御率,1975|阪　急|23|3|8|0|||4|0|1|.273|414|94 .1|94|.1|90|15|47|3|36|0|0|43|40|3.83,_data\master_csv__rescrape_staging\pitching_1975_PL_from_master.csv,6
CSV_ER,ER,0,0,完封勝,9,0,1975,21523822,白石　静生,年度|所属球団|登板|勝利|敗北|セーブ|H|HP|完投|完封勝|無四球|勝率|打者|投球回|安打|本塁打|四球|死球|三振|暴投|ボーク|失点|自責点|防御率,1975|阪　急|23|3|8|0|||4|0|1|.273|414|94 .1|94|.1|90|15|47|3|36|0|0|43|40|3.83,_data\master_csv__rescrape_staging\pitching_1975_PL_from_master.csv,6
CSV_ER,ER,0,0,失点,21,0,1975,21523822,白石　静生,年度|所属球団|登板|勝利|敗北|セーブ|H|HP|完投|完封勝|無四球|勝率|打者|投球回|安打|本塁打|四球|死球|三振|暴投|ボーク|失点|自責点|防御率,1975|阪　急|23|3|8|0|||4|0|1|.273|414|94 .1|94|.1|90|15|47|3|36|0|0|43|40|3.83,_data\master_csv__rescrape_staging\pitching_1975_PL_from_master.csv,6
CSV_ER,ER,0,0,自責点,22,0,1975,21523822,白石　静生,年度|所属球団|登板|勝利|敗北|セーブ|H|HP|完投|完封勝|無四球|勝率|打者|投球回|安打|本塁打|四球|死球|三振|暴投|ボーク|失点|自責点|防御率,1975|阪　急|23|3|8|0|||4|0|1|.273|414|94 .1|94|.1|90|15|47|3|36|0|0|43|40|3.83,_data\master_csv__rescrape_staging\pitching_1975_PL_from_master.csv,6
CSV_ER,ER,0,0,index_3,3,0,1975,21523822,白石　静生,,1975|阪　急|25|0|0|0|0|0|0|0|0|0|0|0|0|0|0|0|0|0|.000|.000|.000,_data\master_csv__rescrape_staging\pitching_1975_PL_from_master.csv,6
CSV_ER,ER,0,0,index_4,4,0,1975,21523822,白石　静生,,1975|阪　急|25|0|0|0|0|0|0|0|0|0|0|0|0|0|0|0|0|0|.000|.000|.000,_data\master_csv__rescrape_staging\pitching_1975_PL_from_master.csv,6
CSV_ER,ER,0,0,index_5,5,0,1975,21523822,白石　静生,,1975|阪　急|25|0|0|0|0|0|0|0|0|0|0|0|0|0|0|0|0|0|.000|.000|.000,_data\master_csv__rescrape_staging\pitching_1975_PL_from_master.csv,6
CSV_ER,ER,0,0,index_6,6,0,1975,21523822,白石　静生,,1975|阪　急|25|0|0|0|0|0|0|0|0|0|0|0|0|0|0|0|0|0|.000|.000|.000,_data\master_csv__rescrape_staging\pitching_1975_PL_from_master.csv,6
CSV_ER,ER,0,0,index_7,7,0,1975,21523822,白石　静生,,1975|阪　急|25|0|0|0|0|0|0|0|0|0|0|0|0|0|0|0|0|0|.000|.000|.000,_data\master_csv__rescrape_staging\pitching_1975_PL_from_master.csv,6
CSV_ER,ER,0,0,index_8,8,0,1975,21523822,白石　静生,,1975|阪　急|25|0|0|0|0|0|0|0|0|0|0|0|0|0|0|0|0|0|.000|.000|.000,_data\master_csv__rescrape_staging\pitching_1975_PL_from_master.csv,6
CSV_ER,ER,0,0,index_9,9,0,1975,21523822,白石　静生,,1975|阪　急|25|0|0|0|0|0|0|0|0|0|0|0|0|0|0|0|0|0|.000|.000|.000,_data\master_csv__rescrape_staging\pitching_1975_PL_from_master.csv,6
CSV_ER,ER,0,0,index_10,10,0,1975,21523822,白石　静生,,1975|阪　急|25|0|0|0|0|0|0|0|0|0|0|0|0|0|0|0|0|0|.000|.000|.000,_data\master_csv__rescrape_staging\pitching_1975_PL_from_master.csv,6
CSV_ER,ER,0,0,index_11,11,0,1975,21523822,白石　静生,,1975|阪　急|25|0|0|0|0|0|0|0|0|0|0|0|0|0|0|0|0|0|.000|.000|.000,_data\master_csv__rescrape_staging\pitching_1975_PL_from_master.csv,6
CSV_ER,ER,0,0,index_12,12,0,1975,21523822,白石　静生,,1975|阪　急|25|0|0|0|0|0|0|0|0|0|0|0|0|0|0|0|0|0|.000|.000|.000,_data\master_csv__rescrape_staging\pitching_1975_PL_from_master.csv,6
CSV_ER,ER,0,0,index_13,13,0,1975,21523822,白石　静生,,1975|阪　急|25|0|0|0|0|0|0|0|0|0|0|0|0|0|0|0|0|0|.000|.000|.000,_data\master_csv__rescrape_staging\pitching_1975_PL_from_master.csv,6
CSV_ER,ER,0,0,index_14,14,0,1975,21523822,白石　静生,,1975|阪　急|25|0|0|0|0|0|0|0|0|0|0|0|0|0|0|0|0|0|.000|.000|.000,_data\master_csv__rescrape_staging\pitching_1975_PL_from_master.csv,6
CSV_ER,ER,0,0,index_15,15,0,1975,21523822,白石　静生,,1975|阪　急|25|0|0|0|0|0|0|0|0|0|0|0|0|0|0|0|0|0|.000|.000|.000,_data\master_csv__rescrape_staging\pitching_1975_PL_from_master.csv,6
CSV_ER,ER,0,0,index_16,16,0,1975,21523822,白石　静生,,1975|阪　急|25|0|0|0|0|0|0|0|0|0|0|0|0|0|0|0|0|0|.000|.000|.000,_data\master_csv__rescrape_staging\pitching_1975_PL_from_master.csv,6
CSV_ER,ER,0,0,index_17,17,0,1975,21523822,白石　静生,,1975|阪　急|25|0|0|0|0|0|0|0|0|0|0|0|0|0|0|0|0|0|.000|.000|.000,_data\master_csv__rescrape_staging\pitching_1975_PL_from_master.csv,6
CSV_ER,ER,0,0,index_18,18,0,1975,21523822,白石　静生,,1975|阪　急|25|0|0|0|0|0|0|0|0|0|0|0|0|0|0|0|0|0|.000|.000|.000,_data\master_csv__rescrape_staging\pitching_1975_PL_from_master.csv,6
CSV_ER,ER,0,0,index_19,19,0,1975,21523822,白石　静生,,1975|阪　急|25|0|0|0|0|0|0|0|0|0|0|0|0|0|0|0|0|0|.000|.000|.000,_data\master_csv__rescrape_staging\pitching_1975_PL_from_master.csv,6
CSV_ER,ER,0,0,index_20,20,.000,1975,21523822,白石　静生,,1975|阪　急|25|0|0|0|0|0|0|0|0|0|0|0|0|0|0|0|0|0|.000|.000|.000,_data\master_csv__rescrape_staging\pitching_1975_PL_from_master.csv,6
CSV_ER,ER,0,0,index_21,21,.000,1975,21523822,白石　静生,,1975|阪　急|25|0|0|0|0|0|0|0|0|0|0|0|0|0|0|0|0|0|.000|.000|.000,_data\master_csv__rescrape_staging\pitching_1975_PL_from_master.csv,6
CSV_ER,ER,0,0,index_22,22,.000,1975,21523822,白石　静生,,1975|阪　急|25|0|0|0|0|0|0|0|0|0|0|0|0|0|0|0|0|0|.000|.000|.000,_data\master_csv__rescrape_staging\pitching_1975_PL_from_master.csv,6
CSV_ERA,ERA,43.0,43,防御率,23,43,1975,21523822,白石　静生,年度|所属球団|登板|勝利|敗北|セーブ|H|HP|完投|完封勝|無四球|勝率|打者|投球回|安打|本塁打|四球|死球|三振|暴投|ボーク|失点|自責点|防御率,1975|阪　急|23|3|8|0|||4|0|1|.273|414|94 .1|94|.1|90|15|47|3|36|0|0|43|40|3.83,_data\master_csv__rescrape_staging\pitching_1975_PL_from_master.csv,6
CSV_ER,ER,0,0,セーブ,5,0,1975,31933826,竹村　一義,年度|所属球団|登板|勝利|敗北|セーブ|H|HP|完投|完封勝|無四球|勝率|打者|投球回|安打|本塁打|四球|死球|三振|暴投|ボーク|失点|自責点|防御率,1975|阪　急|26|11|6|0|||7|0|1|.647|581|137 .1|137|.1|126|19|53|3|45|3|0|64|53|3.48,_data\master_csv__rescrape_staging\pitching_1975_PL_from_master.csv,7
CSV_ER,ER,0,0,完封勝,9,0,1975,31933826,竹村　一義,年度|所属球団|登板|勝利|敗北|セーブ|H|HP|完投|完封勝|無四球|勝率|打者|投球回|安打|本塁打|四球|死球|三振|暴投|ボーク|失点|自責点|防御率,1975|阪　急|26|11|6|0|||7|0|1|.647|581|137 .1|137|.1|126|19|53|3|45|3|0|64|53|3.48,_data\master_csv__rescrape_staging\pitching_1975_PL_from_master.csv,7
CSV_ER,ER,0,0,自責点,22,0,1975,31933826,竹村　一義,年度|所属球団|登板|勝利|敗北|セーブ|H|HP|完投|完封勝|無四球|勝率|打者|投球回|安打|本塁打|四球|死球|三振|暴投|ボーク|失点|自責点|防御率,1975|阪　急|26|11|6|0|||7|0|1|.647|581|137 .1|137|.1|126|19|53|3|45|3|0|64|53|3.48,_data\master_csv__rescrape_staging\pitching_1975_PL_from_master.csv,7
CSV_ER,ER,0,0,index_3,3,0,1975,31933826,竹村　一義,,1975|阪　急|28|0|0|0|0|0|0|0|0|0|0|0|0|0|0|0|0|0|.000|.000|.000,_data\master_csv__rescrape_staging\pitching_1975_PL_from_master.csv,7
CSV_ER,ER,0,0,index_4,4,0,1975,31933826,竹村　一義,,1975|阪　急|28|0|0|0|0|0|0|0|0|0|0|0|0|0|0|0|0|0|.000|.000|.000,_data\master_csv__rescrape_staging\pitching_1975_PL_from_master.csv,7
CSV_ER,ER,0,0,index_5,5,0,1975,31933826,竹村　一義,,1975|阪　急|28|0|0|0|0|0|0|0|0|0|0|0|0|0|0|0|0|0|.000|.000|.000,_data\master_csv__rescrape_staging\pitching_1975_PL_from_master.csv,7
CSV_ER,ER,0,0,index_6,6,0,1975,31933826,竹村　一義,,1975|阪　急|28|0|0|0|0|0|0|0|0|0|0|0|0|0|0|0|0|0|.000|.000|.000,_data\master_csv__rescrape_staging\pitching_1975_PL_from_master.csv,7
CSV_ER,ER,0,0,index_7,7,0,1975,31933826,竹村　一義,,1975|阪　急|28|0|0|0|0|0|0|0|0|0|0|0|0|0|0|0|0|0|.000|.000|.000,_data\master_csv__rescrape_staging\pitching_1975_PL_from_master.csv,7
CSV_ER,ER,0,0,index_8,8,0,1975,31933826,竹村　一義,,1975|阪　急|28|0|0|0|0|0|0|0|0|0|0|0|0|0|0|0|0|0|.000|.000|.000,_data\master_csv__rescrape_staging\pitching_1975_PL_from_master.csv,7
CSV_ER,ER,0,0,index_9,9,0,1975,31933826,竹村　一義,,1975|阪　急|28|0|0|0|0|0|0|0|0|0|0|0|0|0|0|0|0|0|.000|.000|.000,_data\master_csv__rescrape_staging\pitching_1975_PL_from_master.csv,7
CSV_ER,ER,0,0,index_10,10,0,1975,31933826,竹村　一義,,1975|阪　急|28|0|0|0|0|0|0|0|0|0|0|0|0|0|0|0|0|0|.000|.000|.000,_data\master_csv__rescrape_staging\pitching_1975_PL_from_master.csv,7
CSV_ER,ER,0,0,index_11,11,0,1975,31933826,竹村　一義,,1975|阪　急|28|0|0|0|0|0|0|0|0|0|0|0|0|0|0|0|0|0|.000|.000|.000,_data\master_csv__rescrape_staging\pitching_1975_PL_from_master.csv,7
CSV_ER,ER,0,0,index_12,12,0,1975,31933826,竹村　一義,,1975|阪　急|28|0|0|0|0|0|0|0|0|0|0|0|0|0|0|0|0|0|.000|.000|.000,_data\master_csv__rescrape_staging\pitching_1975_PL_from_master.csv,7
CSV_ER,ER,0,0,index_13,13,0,1975,31933826,竹村　一義,,1975|阪　急|28|0|0|0|0|0|0|0|0|0|0|0|0|0|0|0|0|0|.000|.000|.000,_data\master_csv__rescrape_staging\pitching_1975_PL_from_master.csv,7
CSV_ER,ER,0,0,index_14,14,0,1975,31933826,竹村　一義,,1975|阪　急|28|0|0|0|0|0|0|0|0|0|0|0|0|0|0|0|0|0|.000|.000|.000,_data\master_csv__rescrape_staging\pitching_1975_PL_from_master.csv,7
CSV_ER,ER,0,0,index_15,15,0,1975,31933826,竹村　一義,,1975|阪　急|28|0|0|0|0|0|0|0|0|0|0|0|0|0|0|0|0|0|.000|.000|.000,_data\master_csv__rescrape_staging\pitching_1975_PL_from_master.csv,7
CSV_ER,ER,0,0,index_16,16,0,1975,31933826,竹村　一義,,1975|阪　急|28|0|0|0|0|0|0|0|0|0|0|0|0|0|0|0|0|0|.000|.000|.000,_data\master_csv__rescrape_staging\pitching_1975_PL_from_master.csv,7
CSV_ER,ER,0,0,index_17,17,0,1975,31933826,竹村　一義,,1975|阪　急|28|0|0|0|0|0|0|0|0|0|0|0|0|0|0|0|0|0|.000|.000|.000,_data\master_csv__rescrape_staging\pitching_1975_PL_from_master.csv,7
CSV_ER,ER,0,0,index_18,18,0,1975,31933826,竹村　一義,,1975|阪　急|28|0|0|0|0|0|0|0|0|0|0|0|0|0|0|0|0|0|.000|.000|.000,_data\master_csv__rescrape_staging\pitching_1975_PL_from_master.csv,7
CSV_ER,ER,0,0,index_19,19,0,1975,31933826,竹村　一義,,1975|阪　急|28|0|0|0|0|0|0|0|0|0|0|0|0|0|0|0|0|0|.000|.000|.000,_data\master_csv__rescrape_staging\pitching_1975_PL_from_master.csv,7
CSV_ER,ER,0,0,index_20,20,.000,1975,31933826,竹村　一義,,1975|阪　急|28|0|0|0|0|0|0|0|0|0|0|0|0|0|0|0|0|0|.000|.000|.000,_data\master_csv__rescrape_staging\pitching_1975_PL_from_master.csv,7
CSV_ER,ER,0,0,index_21,21,.000,1975,31933826,竹村　一義,,1975|阪　急|28|0|0|0|0|0|0|0|0|0|0|0|0|0|0|0|0|0|.000|.000|.000,_data\master_csv__rescrape_staging\pitching_1975_PL_from_master.csv,7
CSV_ER,ER,0,0,index_22,22,.000,1975,31933826,竹村　一義,,1975|阪　急|28|0|0|0|0|0|0|0|0|0|0|0|0|0|0|0|0|0|.000|.000|.000,_data\master_csv__rescrape_staging\pitching_1975_PL_from_master.csv,7
CSV_ERA,ERA,64.0,64,防御率,23,64,1975,31933826,竹村　一義,年度|所属球団|登板|勝利|敗北|セーブ|H|HP|完投|完封勝|無四球|勝率|打者|投球回|安打|本塁打|四球|死球|三振|暴投|ボーク|失点|自責点|防御率,1975|阪　急|26|11|6|0|||7|0|1|.647|581|137 .1|137|.1|126|19|53|3|45|3|0|64|53|3.48,_data\master_csv__rescrape_staging\pitching_1975_PL_from_master.csv,7
CSV_ER,ER,0,0,セーブ,5,0,1975,51053829,戸田　善紀,年度|所属球団|登板|勝利|敗北|セーブ|H|HP|完投|完封勝|無四球|勝率|打者|投球回|安打|本塁打|四球|死球|三振|暴投|ボーク|失点|自責点|防御率,1975|阪　急|26|11|5|0|||8|3|0|.688|522|125 .1|125|.1|113|17|43|1|57|0|0|51|44|3.17,_data\master_csv__rescrape_staging\pitching_1975_PL_from_master.csv,8
CSV_ER,ER,0,0,無四球,10,0,1975,51053829,戸田　善紀,年度|所属球団|登板|勝利|敗北|セーブ|H|HP|完投|完封勝|無四球|勝率|打者|投球回|安打|本塁打|四球|死球|三振|暴投|ボーク|失点|自責点|防御率,1975|阪　急|26|11|5|0|||8|3|0|.688|522|125 .1|125|.1|113|17|43|1|57|0|0|51|44|3.17,_data\master_csv__rescrape_staging\pitching_1975_PL_from_master.csv,8
CSV_ER,ER,0,0,失点,21,0,1975,51053829,戸田　善紀,年度|所属球団|登板|勝利|敗北|セーブ|H|HP|完投|完封勝|無四球|勝率|打者|投球回|安打|本塁打|四球|死球|三振|暴投|ボーク|失点|自責点|防御率,1975|阪　急|26|11|5|0|||8|3|0|.688|522|125 .1|125|.1|113|17|43|1|57|0|0|51|44|3.17,_data\master_csv__rescrape_staging\pitching_1975_PL_from_master.csv,8
CSV_ER,ER,0,0,自責点,22,0,1975,51053829,戸田　善紀,年度|所属球団|登板|勝利|敗北|セーブ|H|HP|完投|完封勝|無四球|勝率|打者|投球回|安打|本塁打|四球|死球|三振|暴投|ボーク|失点|自責点|防御率,1975|阪　急|26|11|5|0|||8|3|0|.688|522|125 .1|125|.1|113|17|43|1|57|0|0|51|44|3.17,_data\master_csv__rescrape_staging\pitching_1975_PL_from_master.csv,8
CSV_ER,ER,0,0,index_3,3,0,1975,51053829,戸田　善紀,,1975|阪　急|32|0|0|0|0|0|0|0|0|0|0|0|0|0|0|0|0|0|.000|.000|.000,_data\master_csv__rescrape_staging\pitching_1975_PL_from_master.csv,8
CSV_ER,ER,0,0,index_4,4,0,1975,51053829,戸田　善紀,,1975|阪　急|32|0|0|0|0|0|0|0|0|0|0|0|0|0|0|0|0|0|.000|.000|.000,_data\master_csv__rescrape_staging\pitching_1975_PL_from_master.csv,8
CSV_ER,ER,0,0,index_5,5,0,1975,51053829,戸田　善紀,,1975|阪　急|32|0|0|0|0|0|0|0|0|0|0|0|0|0|0|0|0|0|.000|.000|.000,_data\master_csv__rescrape_staging\pitching_1975_PL_from_master.csv,8
CSV_ER,ER,0,0,index_6,6,0,1975,51053829,戸田　善紀,,1975|阪　急|32|0|0|0|0|0|0|0|0|0|0|0|0|0|0|0|0|0|.000|.000|.000,_data\master_csv__rescrape_staging\pitching_1975_PL_from_master.csv,8
CSV_ER,ER,0,0,index_7,7,0,1975,51053829,戸田　善紀,,1975|阪　急|32|0|0|0|0|0|0|0|0|0|0|0|0|0|0|0|0|0|.000|.000|.000,_data\master_csv__rescrape_staging\pitching_1975_PL_from_master.csv,8
CSV_ER,ER,0,0,index_8,8,0,1975,51053829,戸田　善紀,,1975|阪　急|32|0|0|0|0|0|0|0|0|0|0|0|0|0|0|0|0|0|.000|.000|.000,_data\master_csv__rescrape_staging\pitching_1975_PL_from_master.csv,8
CSV_ER,ER,0,0,index_9,9,0,1975,51053829,戸田　善紀,,1975|阪　急|32|0|0|0|0|0|0|0|0|0|0|0|0|0|0|0|0|0|.000|.000|.000,_data\master_csv__rescrape_staging\pitching_1975_PL_from_master.csv,8
CSV_ER,ER,0,0,index_10,10,0,1975,51053829,戸田　善紀,,1975|阪　急|32|0|0|0|0|0|0|0|0|0|0|0|0|0|0|0|0|0|.000|.000|.000,_data\master_csv__rescrape_staging\pitching_1975_PL_from_master.csv,8
CSV_ER,ER,0,0,index_11,11,0,1975,51053829,戸田　善紀,,1975|阪　急|32|0|0|0|0|0|0|0|0|0|0|0|0|0|0|0|0|0|.000|.000|.000,_data\master_csv__rescrape_staging\pitching_1975_PL_from_master.csv,8
CSV_ER,ER,0,0,index_12,12,0,1975,51053829,戸田　善紀,,1975|阪　急|32|0|0|0|0|0|0|0|0|0|0|0|0|0|0|0|0|0|.000|.000|.000,_data\master_csv__rescrape_staging\pitching_1975_PL_from_master.csv,8
CSV_ER,ER,0,0,index_13,13,0,1975,51053829,戸田　善紀,,1975|阪　急|32|0|0|0|0|0|0|0|0|0|0|0|0|0|0|0|0|0|.000|.000|.000,_data\master_csv__rescrape_staging\pitching_1975_PL_from_master.csv,8
CSV_ER,ER,0,0,index_14,14,0,1975,51053829,戸田　善紀,,1975|阪　急|32|0|0|0|0|0|0|0|0|0|0|0|0|0|0|0|0|0|.000|.000|.000,_data\master_csv__rescrape_staging\pitching_1975_PL_from_master.csv,8
CSV_ER,ER,0,0,index_15,15,0,1975,51053829,戸田　善紀,,1975|阪　急|32|0|0|0|0|0|0|0|0|0|0|0|0|0|0|0|0|0|.000|.000|.000,_data\master_csv__rescrape_staging\pitching_1975_PL_from_master.csv,8
CSV_ER,ER,0,0,index_16,16,0,1975,51053829,戸田　善紀,,1975|阪　急|32|0|0|0|0|0|0|0|0|0|0|0|0|0|0|0|0|0|.000|.000|.000,_data\master_csv__rescrape_staging\pitching_1975_PL_from_master.csv,8
CSV_ER,ER,0,0,index_17,17,0,1975,51053829,戸田　善紀,,1975|阪　急|32|0|0|0|0|0|0|0|0|0|0|0|0|0|0|0|0|0|.000|.000|.000,_data\master_csv__rescrape_staging\pitching_1975_PL_from_master.csv,8
CSV_ER,ER,0,0,index_18,18,0,1975,51053829,戸田　善紀,,1975|阪　急|32|0|0|0|0|0|0|0|0|0|0|0|0|0|0|0|0|0|.000|.000|.000,_data\master_csv__rescrape_staging\pitching_1975_PL_from_master.csv,8
CSV_ER,ER,0,0,index_19,19,0,1975,51053829,戸田　善紀,,1975|阪　急|32|0|0|0|0|0|0|0|0|0|0|0|0|0|0|0|0|0|.000|.000|.000,_data\master_csv__rescrape_staging\pitching_1975_PL_from_master.csv,8
CSV_ER,ER,0,0,index_20,20,.000,1975,51053829,戸田　善紀,,1975|阪　急|32|0|0|0|0|0|0|0|0|0|0|0|0|0|0|0|0|0|.000|.000|.000,_data\master_csv__rescrape_staging\pitching_1975_PL_from_master.csv,8
CSV_ER,ER,0,0,index_21,21,.000,1975,51053829,戸田　善紀,,1975|阪　急|32|0|0|0|0|0|0|0|0|0|0|0|0|0|0|0|0|0|.000|.000|.000,_data\master_csv__rescrape_staging\pitching_1975_PL_from_master.csv,8
CSV_ER,ER,0,0,index_22,22,.000,1975,51053829,戸田　善紀,,1975|阪　急|32|0|0|0|0|0|0|0|0|0|0|0|0|0|0|0|0|0|.000|.000|.000,_data\master_csv__rescrape_staging\pitching_1975_PL_from_master.csv,8
CSV_ERA,ERA,51.0,51,防御率,23,51,1975,51053829,戸田　善紀,年度|所属球団|登板|勝利|敗北|セーブ|H|HP|完投|完封勝|無四球|勝率|打者|投球回|安打|本塁打|四球|死球|三振|暴投|ボーク|失点|自責点|防御率,1975|阪　急|26|11|5|0|||8|3|0|.688|522|125 .1|125|.1|113|17|43|1|57|0|0|51|44|3.17,_data\master_csv__rescrape_staging\pitching_1975_PL_from_master.csv,8
CSV_ER,ER,0,0,完投,8,0,1975,91293820,三好　幸雄,年度|所属球団|登板|勝利|敗北|セーブ|H|HP|完投|完封勝|無四球|勝率|打者|投球回|安打|本塁打|四球|死球|三振|暴投|ボーク|失点|自責点|防御率,1975|阪　急|27|2|2|1|||0|0|0|.500|462|108 .1|108|.1|111|9|45|8|36|3|0|44|38|3.17,_data\master_csv__rescrape_staging\pitching_1975_PL_from_master.csv,9
CSV_ER,ER,0,0,完封勝,9,0,1975,91293820,三好　幸雄,年度|所属球団|登板|勝利|敗北|セーブ|H|HP|完投|完封勝|無四球|勝率|打者|投球回|安打|本塁打|四球|死球|三振|暴投|ボーク|失点|自責点|防御率,1975|阪　急|27|2|2|1|||0|0|0|.500|462|108 .1|108|.1|111|9|45|8|36|3|0|44|38|3.17,_data\master_csv__rescrape_staging\pitching_1975_PL_from_master.csv,9
CSV_ER,ER,0,0,無四球,10,0,1975,91293820,三好　幸雄,年度|所属球団|登板|勝利|敗北|セーブ|H|HP|完投|完封勝|無四球|勝率|打者|投球回|安打|本塁打|四球|死球|三振|暴投|ボーク|失点|自責点|防御率,1975|阪　急|27|2|2|1|||0|0|0|.500|462|108 .1|108|.1|111|9|45|8|36|3|0|44|38|3.17,_data\master_csv__rescrape_staging\pitching_1975_PL_from_master.csv,9
CSV_ER,ER,0,0,自責点,22,0,1975,91293820,三好　幸雄,年度|所属球団|登板|勝利|敗北|セーブ|H|HP|完投|完封勝|無四球|勝率|打者|投球回|安打|本塁打|四球|死球|三振|暴投|ボーク|失点|自責点|防御率,1975|阪　急|27|2|2|1|||0|0|0|.500|462|108 .1|108|.1|111|9|45|8|36|3|0|44|38|3.17,_data\master_csv__rescrape_staging\pitching_1975_PL_from_master.csv,9
CSV_ER,ER,0,0,index_3,3,0,1975,91293820,三好　幸雄,,1975|阪　急|29|0|0|0|0|0|0|0|0|0|0|0|0|0|0|0|0|0|.000|.000|.000,_data\master_csv__rescrape_staging\pitching_1975_PL_from_master.csv,9
CSV_ER,ER,0,0,index_4,4,0,1975,91293820,三好　幸雄,,1975|阪　急|29|0|0|0|0|0|0|0|0|0|0|0|0|0|0|0|0|0|.000|.000|.000,_data\master_csv__rescrape_staging\pitching_1975_PL_from_master.csv,9
CSV_ER,ER,0,0,index_5,5,0,1975,91293820,三好　幸雄,,1975|阪　急|29|0|0|0|0|0|0|0|0|0|0|0|0|0|0|0|0|0|.000|.000|.000,_data\master_csv__rescrape_staging\pitching_1975_PL_from_master.csv,9
CSV_ER,ER,0,0,index_6,6,0,1975,91293820,三好　幸雄,,1975|阪　急|29|0|0|0|0|0|0|0|0|0|0|0|0|0|0|0|0|0|.000|.000|.000,_data\master_csv__rescrape_staging\pitching_1975_PL_from_master.csv,9
CSV_ER,ER,0,0,index_7,7,0,1975,91293820,三好　幸雄,,1975|阪　急|29|0|0|0|0|0|0|0|0|0|0|0|0|0|0|0|0|0|.000|.000|.000,_data\master_csv__rescrape_staging\pitching_1975_PL_from_master.csv,9
CSV_ER,ER,0,0,index_8,8,0,1975,91293820,三好　幸雄,,1975|阪　急|29|0|0|0|0|0|0|0|0|0|0|0|0|0|0|0|0|0|.000|.000|.000,_data\master_csv__rescrape_staging\pitching_1975_PL_from_master.csv,9
CSV_ER,ER,0,0,index_9,9,0,1975,91293820,三好　幸雄,,1975|阪　急|29|0|0|0|0|0|0|0|0|0|0|0|0|0|0|0|0|0|.000|.000|.000,_data\master_csv__rescrape_staging\pitching_1975_PL_from_master.csv,9
CSV_ER,ER,0,0,index_10,10,0,1975,91293820,三好　幸雄,,1975|阪　急|29|0|0|0|0|0|0|0|0|0|0|0|0|0|0|0|0|0|.000|.000|.000,_data\master_csv__rescrape_staging\pitching_1975_PL_from_master.csv,9
CSV_ER,ER,0,0,index_11,11,0,1975,91293820,三好　幸雄,,1975|阪　急|29|0|0|0|0|0|0|0|0|0|0|0|0|0|0|0|0|0|.000|.000|.000,_data\master_csv__rescrape_staging\pitching_1975_PL_from_master.csv,9
CSV_ER,ER,0,0,index_12,12,0,1975,91293820,三好　幸雄,,1975|阪　急|29|0|0|0|0|0|0|0|0|0|0|0|0|0|0|0|0|0|.000|.000|.000,_data\master_csv__rescrape_staging\pitching_1975_PL_from_master.csv,9
CSV_ER,ER,0,0,index_13,13,0,1975,91293820,三好　幸雄,,1975|阪　急|29|0|0|0|0|0|0|0|0|0|0|0|0|0|0|0|0|0|.000|.000|.000,_data\master_csv__rescrape_staging\pitching_1975_PL_from_master.csv,9
CSV_ER,ER,0,0,index_14,14,0,1975,91293820,三好　幸雄,,1975|阪　急|29|0|0|0|0|0|0|0|0|0|0|0|0|0|0|0|0|0|.000|.000|.000,_data\master_csv__rescrape_staging\pitching_1975_PL_from_master.csv,9
CSV_ER,ER,0,0,index_15,15,0,1975,91293820,三好　幸雄,,1975|阪　急|29|0|0|0|0|0|0|0|0|0|0|0|0|0|0|0|0|0|.000|.000|.000,_data\master_csv__rescrape_staging\pitching_1975_PL_from_master.csv,9
CSV_ER,ER,0,0,index_16,16,0,1975,91293820,三好　幸雄,,1975|阪　急|29|0|0|0|0|0|0|0|0|0|0|0|0|0|0|0|0|0|.000|.000|.000,_data\master_csv__rescrape_staging\pitching_1975_PL_from_master.csv,9
CSV_ER,ER,0,0,index_17,17,0,1975,91293820,三好　幸雄,,1975|阪　急|29|0|0|0|0|0|0|0|0|0|0|0|0|0|0|0|0|0|.000|.000|.000,_data\master_csv__rescrape_staging\pitching_1975_PL_from_master.csv,9
CSV_ER,ER,0,0,index_18,18,0,1975,91293820,三好　幸雄,,1975|阪　急|29|0|0|0|0|0|0|0|0|0|0|0|0|0|0|0|0|0|.000|.000|.000,_data\master_csv__rescrape_staging\pitching_1975_PL_from_master.csv,9
CSV_ER,ER,0,0,index_19,19,0,1975,91293820,三好　幸雄,,1975|阪　急|29|0|0|0|0|0|0|0|0|0|0|0|0|0|0|0|0|0|.000|.000|.000,_data\master_csv__rescrape_staging\pitching_1975_PL_from_master.csv,9
CSV_ER,ER,0,0,index_20,20,.000,1975,91293820,三好　幸雄,,1975|阪　急|29|0|0|0|0|0|0|0|0|0|0|0|0|0|0|0|0|0|.000|.000|.000,_data\master_csv__rescrape_staging\pitching_1975_PL_from_master.csv,9
CSV_ER,ER,0,0,index_21,21,.000,1975,91293820,三好　幸雄,,1975|阪　急|29|0|0|0|0|0|0|0|0|0|0|0|0|0|0|0|0|0|.000|.000|.000,_data\master_csv__rescrape_staging\pitching_1975_PL_from_master.csv,9
CSV_ER,ER,0,0,index_22,22,.000,1975,91293820,三好　幸雄,,1975|阪　急|29|0|0|0|0|0|0|0|0|0|0|0|0|0|0|0|0|0|.000|.000|.000,_data\master_csv__rescrape_staging\pitching_1975_PL_from_master.csv,9
CSV_ERA,ERA,44.0,44,防御率,23,44,1975,91293820,三好　幸雄,年度|所属球団|登板|勝利|敗北|セーブ|H|HP|完投|完封勝|無四球|勝率|打者|投球回|安打|本塁打|四球|死球|三振|暴投|ボーク|失点|自責点|防御率,1975|阪　急|27|2|2|1|||0|0|0|.500|462|108 .1|108|.1|111|9|45|8|36|3|0|44|38|3.17,_data\master_csv__rescrape_staging\pitching_1975_PL_from_master.csv,9
CSV_ER,ER,0,0,完投,8,0,1976,91393849,小川　邦和,年度|所属球団|登板|勝利|敗北|セーブ|H|HP|完投|完封勝|無四球|勝率|打者|投球回|安打|本塁打|四球|死球|三振|暴投|ボーク|失点|自責点|防御率,1976|読　売|36|3|2|1|||0|0|0|.600|282|68 .2|68|.2|71|13|13|3|32|0|0|28|25|3.26,_data\master_csv__rescrape_staging\pitching_1976_CL_from_master.csv,2
CSV_ER,ER,0,0,完封勝,9,0,1976,91393849,小川　邦和,年度|所属球団|登板|勝利|敗北|セーブ|H|HP|完投|完封勝|無四球|勝率|打者|投球回|安打|本塁打|四球|死球|三振|暴投|ボーク|失点|自責点|防御率,1976|読　売|36|3|2|1|||0|0|0|.600|282|68 .2|68|.2|71|13|13|3|32|0|0|28|25|3.26,_data\master_csv__rescrape_staging\pitching_1976_CL_from_master.csv,2
CSV_ER,ER,0,0,無四球,10,0,1976,91393849,小川　邦和,年度|所属球団|登板|勝利|敗北|セーブ|H|HP|完投|完封勝|無四球|勝率|打者|投球回|安打|本塁打|四球|死球|三振|暴投|ボーク|失点|自責点|防御率,1976|読　売|36|3|2|1|||0|0|0|.600|282|68 .2|68|.2|71|13|13|3|32|0|0|28|25|3.26,_data\master_csv__rescrape_staging\pitching_1976_CL_from_master.csv,2
CSV_ER,ER,0,0,失点,21,0,1976,91393849,小川　邦和,年度|所属球団|登板|勝利|敗北|セーブ|H|HP|完投|完封勝|無四球|勝率|打者|投球回|安打|本塁打|四球|死球|三振|暴投|ボーク|失点|自責点|防御率,1976|読　売|36|3|2|1|||0|0|0|.600|282|68 .2|68|.2|71|13|13|3|32|0|0|28|25|3.26,_data\master_csv__rescrape_staging\pitching_1976_CL_from_master.csv,2
CSV_ER,ER,0,0,自責点,22,0,1976,91393849,小川　邦和,年度|所属球団|登板|勝利|敗北|セーブ|H|HP|完投|完封勝|無四球|勝率|打者|投球回|安打|本塁打|四球|死球|三振|暴投|ボーク|失点|自責点|防御率,1976|読　売|36|3|2|1|||0|0|0|.600|282|68 .2|68|.2|71|13|13|3|32|0|0|28|25|3.26,_data\master_csv__rescrape_staging\pitching_1976_CL_from_master.csv,2
CSV_ER,ER,0,0,index_7,7,0,1976,91393849,小川　邦和,,1976|読　売|36|12|10|1|1|0|0|0|1|0|0|0|2|0|0|0|2|0|.100|.100|,_data\master_csv__rescrape_staging\pitching_1976_CL_from_master.csv,2
CSV_ER,ER,0,0,index_8,8,0,1976,91393849,小川　邦和,,1976|読　売|36|12|10|1|1|0|0|0|1|0|0|0|2|0|0|0|2|0|.100|.100|,_data\master_csv__rescrape_staging\pitching_1976_CL_from_master.csv,2
CSV_ER,ER,0,0,index_9,9,0,1976,91393849,小川　邦和,,1976|読　売|36|12|10|1|1|0|0|0|1|0|0|0|2|0|0|0|2|0|.100|.100|,_data\master_csv__rescrape_staging\pitching_1976_CL_from_master.csv,2
CSV_ER,ER,0,0,index_11,11,0,1976,91393849,小川　邦和,,1976|読　売|36|12|10|1|1|0|0|0|1|0|0|0|2|0|0|0|2|0|.100|.100|,_data\master_csv__rescrape_staging\pitching_1976_CL_from_master.csv,2
CSV_ER,ER,0,0,index_12,12,0,1976,91393849,小川　邦和,,1976|読　売|36|12|10|1|1|0|0|0|1|0|0|0|2|0|0|0|2|0|.100|.100|,_data\master_csv__rescrape_staging\pitching_1976_CL_from_master.csv,2
CSV_ER,ER,0,0,index_13,13,0,1976,91393849,小川　邦和,,1976|読　売|36|12|10|1|1|0|0|0|1|0|0|0|2|0|0|0|2|0|.100|.100|,_data\master_csv__rescrape_staging\pitching_1976_CL_from_master.csv,2
CSV_ER,ER,0,0,index_15,15,0,1976,91393849,小川　邦和,,1976|読　売|36|12|10|1|1|0|0|0|1|0|0|0|2|0|0|0|2|0|.100|.100|,_data\master_csv__rescrape_staging\pitching_1976_CL_from_master.csv,2
CSV_ER,ER,0,0,index_16,16,0,1976,91393849,小川　邦和,,1976|読　売|36|12|10|1|1|0|0|0|1|0|0|0|2|0|0|0|2|0|.100|.100|,_data\master_csv__rescrape_staging\pitching_1976_CL_from_master.csv,2
CSV_ER,ER,0,0,index_17,17,0,1976,91393849,小川　邦和,,1976|読　売|36|12|10|1|1|0|0|0|1|0|0|0|2|0|0|0|2|0|.100|.100|,_data\master_csv__rescrape_staging\pitching_1976_CL_from_master.csv,2
CSV_ER,ER,0,0,index_19,19,0,1976,91393849,小川　邦和,,1976|読　売|36|12|10|1|1|0|0|0|1|0|0|0|2|0|0|0|2|0|.100|.100|,_data\master_csv__rescrape_staging\pitching_1976_CL_from_master.csv,2
CSV_ERA,ERA,28.0,28,防御率,23,28,1976,91393849,小川　邦和,年度|所属球団|登板|勝利|敗北|セーブ|H|HP|完投|完封勝|無四球|勝率|打者|投球回|安打|本塁打|四球|死球|三振|暴投|ボーク|失点|自責点|防御率,1976|読　売|36|3|2|1|||0|0|0|.600|282|68 .2|68|.2|71|13|13|3|32|0|0|28|25|3.26,_data\master_csv__rescrape_staging\pitching_1976_CL_from_master.csv,2
CSV_IP,IP,168.0,168,投球回,13,168,1976,31333845,加藤　初,年度|所属球団|登板|勝利|敗北|セーブ|H|HP|完投|完封勝|無四球|勝率|打者|投球回|安打|本塁打|四球|死球|三振|暴投|ボーク|失点|自責点|防御率,1976|読　売|46|15|4|8|||4|1|0|.789|696|168|168||141|21|63|2|161|8|0|72|69|3.70,_data\master_csv__rescrape_staging\pitching_1976_CL_from_master.csv,3
CSV_IP,IP,168.0,168,安打,14,168,1976,31333845,加藤　初,年度|所属球団|登板|勝利|敗北|セーブ|H|HP|完投|完封勝|無四球|勝率|打者|投球回|安打|本塁打|四球|死球|三振|暴投|ボーク|失点|自責点|防御率,1976|読　売|46|15|4|8|||4|1|0|.789|696|168|168||141|21|63|2|161|8|0|72|69|3.70,_data\master_csv__rescrape_staging\pitching_1976_CL_from_master.csv,3
CSV_ER,ER,0,0,無四球,10,0,1976,31333845,加藤　初,年度|所属球団|登板|勝利|敗北|セーブ|H|HP|完投|完封勝|無四球|勝率|打者|投球回|安打|本塁打|四球|死球|三振|暴投|ボーク|失点|自責点|防御率,1976|読　売|46|15|4|8|||4|1|0|.789|696|168|168||141|21|63|2|161|8|0|72|69|3.70,_data\master_csv__rescrape_staging\pitching_1976_CL_from_master.csv,3
CSV_ER,ER,0,0,自責点,22,0,1976,31333845,加藤　初,年度|所属球団|登板|勝利|敗北|セーブ|H|HP|完投|完封勝|無四球|勝率|打者|投球回|安打|本塁打|四球|死球|三振|暴投|ボーク|失点|自責点|防御率,1976|読　売|46|15|4|8|||4|1|0|.789|696|168|168||141|21|63|2|161|8|0|72|69|3.70,_data\master_csv__rescrape_staging\pitching_1976_CL_from_master.csv,3
CSV_ER,ER,0,0,index_8,8,0,1976,31333845,加藤　初,,1976|読　売|46|59|48|6|13|1|0|0|14|4|0|0|8|0|3|0|19|0|.271|.292|,_data\master_csv__rescrape_staging\pitching_1976_CL_from_master.csv,3
CSV_ER,ER,0,0,index_9,9,0,1976,31333845,加藤　初,,1976|読　売|46|59|48|6|13|1|0|0|14|4|0|0|8|0|3|0|19|0|.271|.292|,_data\master_csv__rescrape_staging\pitching_1976_CL_from_master.csv,3
CSV_ER,ER,0,0,index_12,12,0,1976,31333845,加藤　初,,1976|読　売|46|59|48|6|13|1|0|0|14|4|0|0|8|0|3|0|19|0|.271|.292|,_data\master_csv__rescrape_staging\pitching_1976_CL_from_master.csv,3
CSV_ER,ER,0,0,index_13,13,0,1976,31333845,加藤　初,,1976|読　売|46|59|48|6|13|1|0|0|14|4|0|0|8|0|3|0|19|0|.271|.292|,_data\master_csv__rescrape_staging\pitching_1976_CL_from_master.csv,3
CSV_ER,ER,0,0,index_15,15,0,1976,31333845,加藤　初,,1976|読　売|46|59|48|6|13|1|0|0|14|4|0|0|8|0|3|0|19|0|.271|.292|,_data\master_csv__rescrape_staging\pitching_1976_CL_from_master.csv,3
CSV_ER,ER,0,0,index_17,17,0,1976,31333845,加藤　初,,1976|読　売|46|59|48|6|13|1|0|0|14|4|0|0|8|0|3|0|19|0|.271|.292|,_data\master_csv__rescrape_staging\pitching_1976_CL_from_master.csv,3
CSV_ER,ER,0,0,index_19,19,0,1976,31333845,加藤　初,,1976|読　売|46|59|48|6|13|1|0|0|14|4|0|0|8|0|3|0|19|0|.271|.292|,_data\master_csv__rescrape_staging\pitching_1976_CL_from_master.csv,3
CSV_ERA,ERA,72.0,72,防御率,23,72,1976,31333845,加藤　初,年度|所属球団|登板|勝利|敗北|セーブ|H|HP|完投|完封勝|無四球|勝率|打者|投球回|安打|本塁打|四球|死球|三振|暴投|ボーク|失点|自責点|防御率,1976|読　売|46|15|4|8|||4|1|0|.789|696|168|168||141|21|63|2|161|8|0|72|69|3.70,_data\master_csv__rescrape_staging\pitching_1976_CL_from_master.csv,3
CSV_ER,ER,0,0,失点,21,0,1976,71573847,小林　繁,年度|所属球団|登板|勝利|敗北|セーブ|H|HP|完投|完封勝|無四球|勝率|打者|投球回|安打|本塁打|四球|死球|三振|暴投|ボーク|失点|自責点|防御率,1976|読　売|43|18|8|2|||7|1|1|.692|868|217 .1|217|.1|192|30|47|9|129|0|0|77|72|2.99,_data\master_csv__rescrape_staging\pitching_1976_CL_from_master.csv,5
CSV_ER,ER,0,0,自責点,22,0,1976,71573847,小林　繁,年度|所属球団|登板|勝利|敗北|セーブ|H|HP|完投|完封勝|無四球|勝率|打者|投球回|安打|本塁打|四球|死球|三振|暴投|ボーク|失点|自責点|防御率,1976|読　売|43|18|8|2|||7|1|1|.692|868|217 .1|217|.1|192|30|47|9|129|0|0|77|72|2.99,_data\master_csv__rescrape_staging\pitching_1976_CL_from_master.csv,5
CSV_ER,ER,0,0,index_7,7,0,1976,71573847,小林　繁,,1976|読　売|43|86|78|5|10|0|0|0|10|4|0|0|6|0|2|0|30|0|.128|.128|,_data\master_csv__rescrape_staging\pitching_1976_CL_from_master.csv,5
CSV_ER,ER,0,0,index_8,8,0,1976,71573847,小林　繁,,1976|読　売|43|86|78|5|10|0|0|0|10|4|0|0|6|0|2|0|30|0|.128|.128|,_data\master_csv__rescrape_staging\pitching_1976_CL_from_master.csv,5
CSV_ER,ER,0,0,index_9,9,0,1976,71573847,小林　繁,,1976|読　売|43|86|78|5|10|0|0|0|10|4|0|0|6|0|2|0|30|0|.128|.128|,_data\master_csv__rescrape_staging\pitching_1976_CL_from_master.csv,5
CSV_ER,ER,0,0,index_12,12,0,1976,71573847,小林　繁,,1976|読　売|43|86|78|5|10|0|0|0|10|4|0|0|6|0|2|0|30|0|.128|.128|,_data\master_csv__rescrape_staging\pitching_1976_CL_from_master.csv,5
CSV_ER,ER,0,0,index_13,13,0,1976,71573847,小林　繁,,1976|読　売|43|86|78|5|10|0|0|0|10|4|0|0|6|0|2|0|30|0|.128|.128|,_data\master_csv__rescrape_staging\pitching_1976_CL_from_master.csv,5
CSV_ER,ER,0,0,index_15,15,0,1976,71573847,小林　繁,,1976|読　売|43|86|78|5|10|0|0|0|10|4|0|0|6|0|2|0|30|0|.128|.128|,_data\master_csv__rescrape_staging\pitching_1976_CL_from_master.csv,5
CSV_ER,ER,0,0,index_17,17,0,1976,71573847,小林　繁,,1976|読　売|43|86|78|5|10|0|0|0|10|4|0|0|6|0|2|0|30|0|.128|.128|,_data\master_csv__rescrape_staging\pitching_1976_CL_from_master.csv,5
CSV_ER,ER,0,0,index_19,19,0,1976,71573847,小林　繁,,1976|読　売|43|86|78|5|10|0|0|0|10|4|0|0|6|0|2|0|30|0|.128|.128|,_data\master_csv__rescrape_staging\pitching_1976_CL_from_master.csv,5
CSV_ERA,ERA,77.0,77,防御率,23,77,1976,71573847,小林　繁,年度|所属球団|登板|勝利|敗北|セーブ|H|HP|完投|完封勝|無四球|勝率|打者|投球回|安打|本塁打|四球|死球|三振|暴投|ボーク|失点|自責点|防御率,1976|読　売|43|18|8|2|||7|1|1|.692|868|217 .1|217|.1|192|30|47|9|129|0|0|77|72|2.99,_data\master_csv__rescrape_staging\pitching_1976_CL_from_master.csv,5
CSV_ER,ER,0,0,完投,8,0,1976,11913824,高橋　良昌,年度|所属球団|登板|勝利|敗北|セーブ|H|HP|完投|完封勝|無四球|勝率|打者|投球回|安打|本塁打|四球|死球|三振|暴投|ボーク|失点|自責点|防御率,1976|読　売|25|3|1|1|||0|0|0|.750|252|62 .2|62|.2|62|12|12|3|39|0|0|27|24|3.43,_data\master_csv__rescrape_staging\pitching_1976_CL_from_master.csv,7
CSV_ER,ER,0,0,完封勝,9,0,1976,11913824,高橋　良昌,年度|所属球団|登板|勝利|敗北|セーブ|H|HP|完投|完封勝|無四球|勝率|打者|投球回|安打|本塁打|四球|死球|三振|暴投|ボーク|失点|自責点|防御率,1976|読　売|25|3|1|1|||0|0|0|.750|252|62 .2|62|.2|62|12|12|3|39|0|0|27|24|3.43,_data\master_csv__rescrape_staging\pitching_1976_CL_from_master.csv,7
CSV_ER,ER,0,0,無四球,10,0,1976,11913824,高橋　良昌,年度|所属球団|登板|勝利|敗北|セーブ|H|HP|完投|完封勝|無四球|勝率|打者|投球回|安打|本塁打|四球|死球|三振|暴投|ボーク|失点|自責点|防御率,1976|読　売|25|3|1|1|||0|0|0|.750|252|62 .2|62|.2|62|12|12|3|39|0|0|27|24|3.43,_data\master_csv__rescrape_staging\pitching_1976_CL_from_master.csv,7
CSV_ER,ER,0,0,失点,21,0,1976,11913824,高橋　良昌,年度|所属球団|登板|勝利|敗北|セーブ|H|HP|完投|完封勝|無四球|勝率|打者|投球回|安打|本塁打|四球|死球|三振|暴投|ボーク|失点|自責点|防御率,1976|読　売|25|3|1|1|||0|0|0|.750|252|62 .2|62|.2|62|12|12|3|39|0|0|27|24|3.43,_data\master_csv__rescrape_staging\pitching_1976_CL_from_master.csv,7
CSV_ER,ER,0,0,自責点,22,0,1976,11913824,高橋　良昌,年度|所属球団|登板|勝利|敗北|セーブ|H|HP|完投|完封勝|無四球|勝率|打者|投球回|安打|本塁打|四球|死球|三振|暴投|ボーク|失点|自責点|防御率,1976|読　売|25|3|1|1|||0|0|0|.750|252|62 .2|62|.2|62|12|12|3|39|0|0|27|24|3.43,_data\master_csv__rescrape_staging\pitching_1976_CL_from_master.csv,7
CSV_ER,ER,0,0,index_5,5,0,1976,11913824,高橋　良昌,,1976|読　売|25|19|14|0|2|0|0|0|2|1|0|0|4|0|1|0|3|0|.143|.143|,_data\master_csv__rescrape_staging\pitching_1976_CL_from_master.csv,7
CSV_ER,ER,0,0,index_7,7,0,1976,11913824,高橋　良昌,,1976|読　売|25|19|14|0|2|0|0|0|2|1|0|0|4|0|1|0|3|0|.143|.143|,_data\master_csv__rescrape_staging\pitching_1976_CL_from_master.csv,7
CSV_ER,ER,0,0,index_8,8,0,1976,11913824,高橋　良昌,,1976|読　売|25|19|14|0|2|0|0|0|2|1|0|0|4|0|1|0|3|0|.143|.143|,_data\master_csv__rescrape_staging\pitching_1976_CL_from_master.csv,7
CSV_ER,ER,0,0,index_9,9,0,1976,11913824,高橋　良昌,,1976|読　売|25|19|14|0|2|0|0|0|2|1|0|0|4|0|1|0|3|0|.143|.143|,_data\master_csv__rescrape_staging\pitching_1976_CL_from_master.csv,7
CSV_ER,ER,0,0,index_12,12,0,1976,11913824,高橋　良昌,,1976|読　売|25|19|14|0|2|0|0|0|2|1|0|0|4|0|1|0|3|0|.143|.143|,_data\master_csv__rescrape_staging\pitching_1976_CL_from_master.csv,7
CSV_ER,ER,0,0,index_13,13,0,1976,11913824,高橋　良昌,,1976|読　売|25|19|14|0|2|0|0|0|2|1|0|0|4|0|1|0|3|0|.143|.143|,_data\master_csv__rescrape_staging\pitching_1976_CL_from_master.csv,7
CSV_ER,ER,0,0,index_15,15,0,1976,11913824,高橋　良昌,,1976|読　売|25|19|14|0|2|0|0|0|2|1|0|0|4|0|1|0|3|0|.143|.143|,_data\master_csv__rescrape_staging\pitching_1976_CL_from_master.csv,7
CSV_ER,ER,0,0,index_17,17,0,1976,11913824,高橋　良昌,,1976|読　売|25|19|14|0|2|0|0|0|2|1|0|0|4|0|1|0|3|0|.143|.143|,_data\master_csv__rescrape_staging\pitching_1976_CL_from_master.csv,7
CSV_ER,ER,0,0,index_19,19,0,1976,11913824,高橋　良昌,,1976|読　売|25|19|14|0|2|0|0|0|2|1|0|0|4|0|1|0|3|0|.143|.143|,_data\master_csv__rescrape_staging\pitching_1976_CL_from_master.csv,7
CSV_ERA,ERA,27.0,27,防御率,23,27,1976,11913824,高橋　良昌,年度|所属球団|登板|勝利|敗北|セーブ|H|HP|完投|完封勝|無四球|勝率|打者|投球回|安打|本塁打|四球|死球|三振|暴投|ボーク|失点|自責点|防御率,1976|読　売|25|3|1|1|||0|0|0|.750|252|62 .2|62|.2|62|12|12|3|39|0|0|27|24|3.43,_data\master_csv__rescrape_staging\pitching_1976_CL_from_master.csv,7
CSV_ER,ER,0,0,自責点,22,0,1976,91093843,新浦　寿夫,年度|所属球団|登板|勝利|敗北|セーブ|H|HP|完投|完封勝|無四球|勝率|打者|投球回|安打|本塁打|四球|死球|三振|暴投|ボーク|失点|自責点|防御率,1976|読　売|50|11|11|5|||10|3|1|.500|818|197 .1|197|.1|156|20|81|2|162|2|0|82|68|3.11,_data\master_csv__rescrape_staging\pitching_1976_CL_from_master.csv,10
CSV_ER,ER,0,0,index_8,8,0,1976,91093843,新浦　寿夫,,1976|読　売|50|70|66|2|12|1|0|0|13|1|0|0|4|0|0|0|27|0|.182|.197|,_data\master_csv__rescrape_staging\pitching_1976_CL_from_master.csv,10
CSV_ER,ER,0,0,index_9,9,0,1976,91093843,新浦　寿夫,,1976|読　売|50|70|66|2|12|1|0|0|13|1|0|0|4|0|0|0|27|0|.182|.197|,_data\master_csv__rescrape_staging\pitching_1976_CL_from_master.csv,10
CSV_ER,ER,0,0,index_12,12,0,1976,91093843,新浦　寿夫,,1976|読　売|50|70|66|2|12|1|0|0|13|1|0|0|4|0|0|0|27|0|.182|.197|,_data\master_csv__rescrape_staging\pitching_1976_CL_from_master.csv,10
CSV_ER,ER,0,0,index_13,13,0,1976,91093843,新浦　寿夫,,1976|読　売|50|70|66|2|12|1|0|0|13|1|0|0|4|0|0|0|27|0|.182|.197|,_data\master_csv__rescrape_staging\pitching_1976_CL_from_master.csv,10
CSV_ER,ER,0,0,index_15,15,0,1976,91093843,新浦　寿夫,,1976|読　売|50|70|66|2|12|1|0|0|13|1|0|0|4|0|0|0|27|0|.182|.197|,_data\master_csv__rescrape_staging\pitching_1976_CL_from_master.csv,10
CSV_ER,ER,0,0,index_16,16,0,1976,91093843,新浦　寿夫,,1976|読　売|50|70|66|2|12|1|0|0|13|1|0|0|4|0|0|0|27|0|.182|.197|,_data\master_csv__rescrape_staging\pitching_1976_CL_from_master.csv,10
CSV_ER,ER,0,0,index_17,17,0,1976,91093843,新浦　寿夫,,1976|読　売|50|70|66|2|12|1|0|0|13|1|0|0|4|0|0|0|27|0|.182|.197|,_data\master_csv__rescrape_staging\pitching_1976_CL_from_master.csv,10
CSV_ER,ER,0,0,index_19,19,0,1976,91093843,新浦　寿夫,,1976|読　売|50|70|66|2|12|1|0|0|13|1|0|0|4|0|0|0|27|0|.182|.197|,_data\master_csv__rescrape_staging\pitching_1976_CL_from_master.csv,10
CSV_ERA,ERA,82.0,82,防御率,23,82,1976,91093843,新浦　寿夫,年度|所属球団|登板|勝利|敗北|セーブ|H|HP|完投|完封勝|無四球|勝率|打者|投球回|安打|本塁打|四球|死球|三振|暴投|ボーク|失点|自責点|防御率,1976|読　売|50|11|11|5|||10|3|1|.500|818|197 .1|197|.1|156|20|81|2|162|2|0|82|68|3.11,_data\master_csv__rescrape_staging\pitching_1976_CL_from_master.csv,10
CSV_ER,ER,0,0,自責点,22,0,1976,71173808,足立　光宏,年度|所属球団|登板|勝利|敗北|セーブ|H|HP|完投|完封勝|無四球|勝率|打者|投球回|安打|本塁打|四球|死球|三振|暴投|ボーク|失点|自責点|防御率,1976|阪　急|31|17|8|1|||14|2|3|.680|868|212 .2|212|.2|207|18|27|14|67|2|0|80|60|2.54,_data\master_csv__rescrape_staging\pitching_1976_PL_from_master.csv,2
CSV_ER,ER,0,0,index_3,3,0,1976,71173808,足立　光宏,,1976|阪　急|31|0|0|0|0|0|0|0|0|0|0|0|0|0|0|0|0|0|.000|.000|.000,_data\master_csv__rescrape_staging\pitching_1976_PL_from_master.csv,2
CSV_ER,ER,0,0,index_4,4,0,1976,71173808,足立　光宏,,1976|阪　急|31|0|0|0|0|0|0|0|0|0|0|0|0|0|0|0|0|0|.000|.000|.000,_data\master_csv__rescrape_staging\pitching_1976_PL_from_master.csv,2
CSV_ER,ER,0,0,index_5,5,0,1976,71173808,足立　光宏,,1976|阪　急|31|0|0|0|0|0|0|0|0|0|0|0|0|0|0|0|0|0|.000|.000|.000,_data\master_csv__rescrape_staging\pitching_1976_PL_from_master.csv,2
CSV_ER,ER,0,0,index_6,6,0,1976,71173808,足立　光宏,,1976|阪　急|31|0|0|0|0|0|0|0|0|0|0|0|0|0|0|0|0|0|.000|.000|.000,_data\master_csv__rescrape_staging\pitching_1976_PL_from_master.csv,2
CSV_ER,ER,0,0,index_7,7,0,1976,71173808,足立　光宏,,1976|阪　急|31|0|0|0|0|0|0|0|0|0|0|0|0|0|0|0|0|0|.000|.000|.000,_data\master_csv__rescrape_staging\pitching_1976_PL_from_master.csv,2
CSV_ER,ER,0,0,index_8,8,0,1976,71173808,足立　光宏,,1976|阪　急|31|0|0|0|0|0|0|0|0|0|0|0|0|0|0|0|0|0|.000|.000|.000,_data\master_csv__rescrape_staging\pitching_1976_PL_from_master.csv,2
CSV_ER,ER,0,0,index_9,9,0,1976,71173808,足立　光宏,,1976|阪　急|31|0|0|0|0|0|0|0|0|0|0|0|0|0|0|0|0|0|.000|.000|.000,_data\master_csv__rescrape_staging\pitching_1976_PL_from_master.csv,2
CSV_ER,ER,0,0,index_10,10,0,1976,71173808,足立　光宏,,1976|阪　急|31|0|0|0|0|0|0|0|0|0|0|0|0|0|0|0|0|0|.000|.000|.000,_data\master_csv__rescrape_staging\pitching_1976_PL_from_master.csv,2
CSV_ER,ER,0,0,index_11,11,0,1976,71173808,足立　光宏,,1976|阪　急|31|0|0|0|0|0|0|0|0|0|0|0|0|0|0|0|0|0|.000|.000|.000,_data\master_csv__rescrape_staging\pitching_1976_PL_from_master.csv,2
CSV_ER,ER,0,0,index_12,12,0,1976,71173808,足立　光宏,,1976|阪　急|31|0|0|0|0|0|0|0|0|0|0|0|0|0|0|0|0|0|.000|.000|.000,_data\master_csv__rescrape_staging\pitching_1976_PL_from_master.csv,2
CSV_ER,ER,0,0,index_13,13,0,1976,71173808,足立　光宏,,1976|阪　急|31|0|0|0|0|0|0|0|0|0|0|0|0|0|0|0|0|0|.000|.000|.000,_data\master_csv__rescrape_staging\pitching_1976_PL_from_master.csv,2
CSV_ER,ER,0,0,index_14,14,0,1976,71173808,足立　光宏,,1976|阪　急|31|0|0|0|0|0|0|0|0|0|0|0|0|0|0|0|0|0|.000|.000|.000,_data\master_csv__rescrape_staging\pitching_1976_PL_from_master.csv,2
CSV_ER,ER,0,0,index_15,15,0,1976,71173808,足立　光宏,,1976|阪　急|31|0|0|0|0|0|0|0|0|0|0|0|0|0|0|0|0|0|.000|.000|.000,_data\master_csv__rescrape_staging\pitching_1976_PL_from_master.csv,2
CSV_ER,ER,0,0,index_16,16,0,1976,71173808,足立　光宏,,1976|阪　急|31|0|0|0|0|0|0|0|0|0|0|0|0|0|0|0|0|0|.000|.000|.000,_data\master_csv__rescrape_staging\pitching_1976_PL_from_master.csv,2
CSV_ER,ER,0,0,index_17,17,0,1976,71173808,足立　光宏,,1976|阪　急|31|0|0|0|0|0|0|0|0|0|0|0|0|0|0|0|0|0|.000|.000|.000,_data\master_csv__rescrape_staging\pitching_1976_PL_from_master.csv,2
CSV_ER,ER,0,0,index_18,18,0,1976,71173808,足立　光宏,,1976|阪　急|31|0|0|0|0|0|0|0|0|0|0|0|0|0|0|0|0|0|.000|.000|.000,_data\master_csv__rescrape_staging\pitching_1976_PL_from_master.csv,2
CSV_ER,ER,0,0,index_19,19,0,1976,71173808,足立　光宏,,1976|阪　急|31|0|0|0|0|0|0|0|0|0|0|0|0|0|0|0|0|0|.000|.000|.000,_data\master_csv__rescrape_staging\pitching_1976_PL_from_master.csv,2
CSV_ER,ER,0,0,index_20,20,.000,1976,71173808,足立　光宏,,1976|阪　急|31|0|0|0|0|0|0|0|0|0|0|0|0|0|0|0|0|0|.000|.000|.000,_data\master_csv__rescrape_staging\pitching_1976_PL_from_master.csv,2
CSV_ER,ER,0,0,index_21,21,.000,1976,71173808,足立　光宏,,1976|阪　急|31|0|0|0|0|0|0|0|0|0|0|0|0|0|0|0|0|0|.000|.000|.000,_data\master_csv__rescrape_staging\pitching_1976_PL_from_master.csv,2
CSV_ER,ER,0,0,index_22,22,.000,1976,71173808,足立　光宏,,1976|阪　急|31|0|0|0|0|0|0|0|0|0|0|0|0|0|0|0|0|0|.000|.000|.000,_data\master_csv__rescrape_staging\pitching_1976_PL_from_master.csv,2
CSV_ERA,ERA,80.0,80,防御率,23,80,1976,71173808,足立　光宏,年度|所属球団|登板|勝利|敗北|セーブ|H|HP|完投|完封勝|無四球|勝率|打者|投球回|安打|本塁打|四球|死球|三振|暴投|ボーク|失点|自責点|防御率,1976|阪　急|31|17|8|1|||14|2|3|.680|868|212 .2|212|.2|207|18|27|14|67|2|0|80|60|2.54,_data\master_csv__rescrape_staging\pitching_1976_PL_from_master.csv,2
CSV_IP,IP,25.0,25,投球回,13,25,1976,71173841,新井　良夫,年度|所属球団|登板|勝利|敗北|セーブ|H|HP|完投|完封勝|無四球|勝率|打者|投球回|安打|本塁打|四球|死球|三振|暴投|ボーク|失点|自責点|防御率,1976|阪　急|7|1|1|0|||1|0|0|.500|114|25|25||30|8|11|0|7|0|0|26|23|8.28,_data\master_csv__rescrape_staging\pitching_1976_PL_from_master.csv,3
CSV_IP,IP,25.0,25,安打,14,25,1976,71173841,新井　良夫,年度|所属球団|登板|勝利|敗北|セーブ|H|HP|完投|完封勝|無四球|勝率|打者|投球回|安打|本塁打|四球|死球|三振|暴投|ボーク|失点|自責点|防御率,1976|阪　急|7|1|1|0|||1|0|0|.500|114|25|25||30|8|11|0|7|0|0|26|23|8.28,_data\master_csv__rescrape_staging\pitching_1976_PL_from_master.csv,3
CSV_ER,ER,0,0,セーブ,5,0,1976,71173841,新井　良夫,年度|所属球団|登板|勝利|敗北|セーブ|H|HP|完投|完封勝|無四球|勝率|打者|投球回|安打|本塁打|四球|死球|三振|暴投|ボーク|失点|自責点|防御率,1976|阪　急|7|1|1|0|||1|0|0|.500|114|25|25||30|8|11|0|7|0|0|26|23|8.28,_data\master_csv__rescrape_staging\pitching_1976_PL_from_master.csv,3
CSV_ER,ER,0,0,完封勝,9,0,1976,71173841,新井　良夫,年度|所属球団|登板|勝利|敗北|セーブ|H|HP|完投|完封勝|無四球|勝率|打者|投球回|安打|本塁打|四球|死球|三振|暴投|ボーク|失点|自責点|防御率,1976|阪　急|7|1|1|0|||1|0|0|.500|114|25|25||30|8|11|0|7|0|0|26|23|8.28,_data\master_csv__rescrape_staging\pitching_1976_PL_from_master.csv,3
CSV_ER,ER,0,0,無四球,10,0,1976,71173841,新井　良夫,年度|所属球団|登板|勝利|敗北|セーブ|H|HP|完投|完封勝|無四球|勝率|打者|投球回|安打|本塁打|四球|死球|三振|暴投|ボーク|失点|自責点|防御率,1976|阪　急|7|1|1|0|||1|0|0|.500|114|25|25||30|8|11|0|7|0|0|26|23|8.28,_data\master_csv__rescrape_staging\pitching_1976_PL_from_master.csv,3
CSV_ER,ER,0,0,暴投,19,0,1976,71173841,新井　良夫,年度|所属球団|登板|勝利|敗北|セーブ|H|HP|完投|完封勝|無四球|勝率|打者|投球回|安打|本塁打|四球|死球|三振|暴投|ボーク|失点|自責点|防御率,1976|阪　急|7|1|1|0|||1|0|0|.500|114|25|25||30|8|11|0|7|0|0|26|23|8.28,_data\master_csv__rescrape_staging\pitching_1976_PL_from_master.csv,3
CSV_ER,ER,0,0,失点,21,0,1976,71173841,新井　良夫,年度|所属球団|登板|勝利|敗北|セーブ|H|HP|完投|完封勝|無四球|勝率|打者|投球回|安打|本塁打|四球|死球|三振|暴投|ボーク|失点|自責点|防御率,1976|阪　急|7|1|1|0|||1|0|0|.500|114|25|25||30|8|11|0|7|0|0|26|23|8.28,_data\master_csv__rescrape_staging\pitching_1976_PL_from_master.csv,3
CSV_ER,ER,0,0,自責点,22,0,1976,71173841,新井　良夫,年度|所属球団|登板|勝利|敗北|セーブ|H|HP|完投|完封勝|無四球|勝率|打者|投球回|安打|本塁打|四球|死球|三振|暴投|ボーク|失点|自責点|防御率,1976|阪　急|7|1|1|0|||1|0|0|.500|114|25|25||30|8|11|0|7|0|0|26|23|8.28,_data\master_csv__rescrape_staging\pitching_1976_PL_from_master.csv,3
CSV_ER,ER,0,0,index_3,3,0,1976,71173841,新井　良夫,,1976|阪　急|7|0|0|0|0|0|0|0|0|0|0|0|0|0|0|0|0|0|.000|.000|.000,_data\master_csv__rescrape_staging\pitching_1976_PL_from_master.csv,3
CSV_ER,ER,0,0,index_4,4,0,1976,71173841,新井　良夫,,1976|阪　急|7|0|0|0|0|0|0|0|0|0|0|0|0|0|0|0|0|0|.000|.000|.000,_data\master_csv__rescrape_staging\pitching_1976_PL_from_master.csv,3
CSV_ER,ER,0,0,index_5,5,0,1976,71173841,新井　良夫,,1976|阪　急|7|0|0|0|0|0|0|0|0|0|0|0|0|0|0|0|0|0|.000|.000|.000,_data\master_csv__rescrape_staging\pitching_1976_PL_from_master.csv,3
CSV_ER,ER,0,0,index_6,6,0,1976,71173841,新井　良夫,,1976|阪　急|7|0|0|0|0|0|0|0|0|0|0|0|0|0|0|0|0|0|.000|.000|.000,_data\master_csv__rescrape_staging\pitching_1976_PL_from_master.csv,3
CSV_ER,ER,0,0,index_7,7,0,1976,71173841,新井　良夫,,1976|阪　急|7|0|0|0|0|0|0|0|0|0|0|0|0|0|0|0|0|0|.000|.000|.000,_data\master_csv__rescrape_staging\pitching_1976_PL_from_master.csv,3
CSV_ER,ER,0,0,index_8,8,0,1976,71173841,新井　良夫,,1976|阪　急|7|0|0|0|0|0|0|0|0|0|0|0|0|0|0|0|0|0|.000|.000|.000,_data\master_csv__rescrape_staging\pitching_1976_PL_from_master.csv,3
CSV_ER,ER,0,0,index_9,9,0,1976,71173841,新井　良夫,,1976|阪　急|7|0|0|0|0|0|0|0|0|0|0|0|0|0|0|0|0|0|.000|.000|.000,_data\master_csv__rescrape_staging\pitching_1976_PL_from_master.csv,3
CSV_ER,ER,0,0,index_10,10,0,1976,71173841,新井　良夫,,1976|阪　急|7|0|0|0|0|0|0|0|0|0|0|0|0|0|0|0|0|0|.000|.000|.000,_data\master_csv__rescrape_staging\pitching_1976_PL_from_master.csv,3
CSV_ER,ER,0,0,index_11,11,0,1976,71173841,新井　良夫,,1976|阪　急|7|0|0|0|0|0|0|0|0|0|0|0|0|0|0|0|0|0|.000|.000|.000,_data\master_csv__rescrape_staging\pitching_1976_PL_from_master.csv,3
CSV_ER,ER,0,0,index_12,12,0,1976,71173841,新井　良夫,,1976|阪　急|7|0|0|0|0|0|0|0|0|0|0|0|0|0|0|0|0|0|.000|.000|.000,_data\master_csv__rescrape_staging\pitching_1976_PL_from_master.csv,3
CSV_ER,ER,0,0,index_13,13,0,1976,71173841,新井　良夫,,1976|阪　急|7|0|0|0|0|0|0|0|0|0|0|0|0|0|0|0|0|0|.000|.000|.000,_data\master_csv__rescrape_staging\pitching_1976_PL_from_master.csv,3
CSV_ER,ER,0,0,index_14,14,0,1976,71173841,新井　良夫,,1976|阪　急|7|0|0|0|0|0|0|0|0|0|0|0|0|0|0|0|0|0|.000|.000|.000,_data\master_csv__rescrape_staging\pitching_1976_PL_from_master.csv,3
CSV_ER,ER,0,0,index_15,15,0,1976,71173841,新井　良夫,,1976|阪　急|7|0|0|0|0|0|0|0|0|0|0|0|0|0|0|0|0|0|.000|.000|.000,_data\master_csv__rescrape_staging\pitching_1976_PL_from_master.csv,3
CSV_ER,ER,0,0,index_16,16,0,1976,71173841,新井　良夫,,1976|阪　急|7|0|0|0|0|0|0|0|0|0|0|0|0|0|0|0|0|0|.000|.000|.000,_data\master_csv__rescrape_staging\pitching_1976_PL_from_master.csv,3
CSV_ER,ER,0,0,index_17,17,0,1976,71173841,新井　良夫,,1976|阪　急|7|0|0|0|0|0|0|0|0|0|0|0|0|0|0|0|0|0|.000|.000|.000,_data\master_csv__rescrape_staging\pitching_1976_PL_from_master.csv,3
CSV_ER,ER,0,0,index_18,18,0,1976,71173841,新井　良夫,,1976|阪　急|7|0|0|0|0|0|0|0|0|0|0|0|0|0|0|0|0|0|.000|.000|.000,_data\master_csv__rescrape_staging\pitching_1976_PL_from_master.csv,3
CSV_ER,ER,0,0,index_19,19,0,1976,71173841,新井　良夫,,1976|阪　急|7|0|0|0|0|0|0|0|0|0|0|0|0|0|0|0|0|0|.000|.000|.000,_data\master_csv__rescrape_staging\pitching_1976_PL_from_master.csv,3
CSV_ER,ER,0,0,index_20,20,.000,1976,71173841,新井　良夫,,1976|阪　急|7|0|0|0|0|0|0|0|0|0|0|0|0|0|0|0|0|0|.000|.000|.000,_data\master_csv__rescrape_staging\pitching_1976_PL_from_master.csv,3
CSV_ER,ER,0,0,index_21,21,.000,1976,71173841,新井　良夫,,1976|阪　急|7|0|0|0|0|0|0|0|0|0|0|0|0|0|0|0|0|0|.000|.000|.000,_data\master_csv__rescrape_staging\pitching_1976_PL_from_master.csv,3
CSV_ER,ER,0,0,index_22,22,.000,1976,71173841,新井　良夫,,1976|阪　急|7|0|0|0|0|0|0|0|0|0|0|0|0|0|0|0|0|0|.000|.000|.000,_data\master_csv__rescrape_staging\pitching_1976_PL_from_master.csv,3
CSV_ERA,ERA,26.0,26,防御率,23,26,1976,71173841,新井　良夫,年度|所属球団|登板|勝利|敗北|セーブ|H|HP|完投|完封勝|無四球|勝率|打者|投球回|安打|本塁打|四球|死球|三振|暴投|ボーク|失点|自責点|防御率,1976|阪　急|7|1|1|0|||1|0|0|.500|114|25|25||30|8|11|0|7|0|0|26|23|8.28,_data\master_csv__rescrape_staging\pitching_1976_PL_from_master.csv,3
CSV_ER,ER,0,0,セーブ,5,0,1976,51353843,今井　雄太郎,年度|所属球団|登板|勝利|敗北|セーブ|H|HP|完投|完封勝|無四球|勝率|打者|投球回|安打|本塁打|四球|死球|三振|暴投|ボーク|失点|自責点|防御率,1976|阪　急|16|3|3|0|||2|1|1|.500|276|64 .2|64|.2|66|5|27|2|34|1|0|38|33|4.57,_data\master_csv__rescrape_staging\pitching_1976_PL_from_master.csv,4
CSV_ER,ER,0,0,自責点,22,0,1976,51353843,今井　雄太郎,年度|所属球団|登板|勝利|敗北|セーブ|H|HP|完投|完封勝|無四球|勝率|打者|投球回|安打|本塁打|四球|死球|三振|暴投|ボーク|失点|自責点|防御率,1976|阪　急|16|3|3|0|||2|1|1|.500|276|64 .2|64|.2|66|5|27|2|34|1|0|38|33|4.57,_data\master_csv__rescrape_staging\pitching_1976_PL_from_master.csv,4
CSV_ER,ER,0,0,index_3,3,0,1976,51353843,今井　雄太郎,,1976|阪　急|16|0|0|0|0|0|0|0|0|0|0|0|0|0|0|0|0|0|.000|.000|.000,_data\master_csv__rescrape_staging\pitching_1976_PL_from_master.csv,4
CSV_ER,ER,0,0,index_4,4,0,1976,51353843,今井　雄太郎,,1976|阪　急|16|0|0|0|0|0|0|0|0|0|0|0|0|0|0|0|0|0|.000|.000|.000,_data\master_csv__rescrape_staging\pitching_1976_PL_from_master.csv,4
CSV_ER,ER,0,0,index_5,5,0,1976,51353843,今井　雄太郎,,1976|阪　急|16|0|0|0|0|0|0|0|0|0|0|0|0|0|0|0|0|0|.000|.000|.000,_data\master_csv__rescrape_staging\pitching_1976_PL_from_master.csv,4
CSV_ER,ER,0,0,index_6,6,0,1976,51353843,今井　雄太郎,,1976|阪　急|16|0|0|0|0|0|0|0|0|0|0|0|0|0|0|0|0|0|.000|.000|.000,_data\master_csv__rescrape_staging\pitching_1976_PL_from_master.csv,4
CSV_ER,ER,0,0,index_7,7,0,1976,51353843,今井　雄太郎,,1976|阪　急|16|0|0|0|0|0|0|0|0|0|0|0|0|0|0|0|0|0|.000|.000|.000,_data\master_csv__rescrape_staging\pitching_1976_PL_from_master.csv,4
CSV_ER,ER,0,0,index_8,8,0,1976,51353843,今井　雄太郎,,1976|阪　急|16|0|0|0|0|0|0|0|0|0|0|0|0|0|0|0|0|0|.000|.000|.000,_data\master_csv__rescrape_staging\pitching_1976_PL_from_master.csv,4
CSV_ER,ER,0,0,index_9,9,0,1976,51353843,今井　雄太郎,,1976|阪　急|16|0|0|0|0|0|0|0|0|0|0|0|0|0|0|0|0|0|.000|.000|.000,_data\master_csv__rescrape_staging\pitching_1976_PL_from_master.csv,4
CSV_ER,ER,0,0,index_10,10,0,1976,51353843,今井　雄太郎,,1976|阪　急|16|0|0|0|0|0|0|0|0|0|0|0|0|0|0|0|0|0|.000|.000|.000,_data\master_csv__rescrape_staging\pitching_1976_PL_from_master.csv,4
CSV_ER,ER,0,0,index_11,11,0,1976,51353843,今井　雄太郎,,1976|阪　急|16|0|0|0|0|0|0|0|0|0|0|0|0|0|0|0|0|0|.000|.000|.000,_data\master_csv__rescrape_staging\pitching_1976_PL_from_master.csv,4
CSV_ER,ER,0,0,index_12,12,0,1976,51353843,今井　雄太郎,,1976|阪　急|16|0|0|0|0|0|0|0|0|0|0|0|0|0|0|0|0|0|.000|.000|.000,_data\master_csv__rescrape_staging\pitching_1976_PL_from_master.csv,4
CSV_ER,ER,0,0,index_13,13,0,1976,51353843,今井　雄太郎,,1976|阪　急|16|0|0|0|0|0|0|0|0|0|0|0|0|0|0|0|0|0|.000|.000|.000,_data\master_csv__rescrape_staging\pitching_1976_PL_from_master.csv,4
CSV_ER,ER,0,0,index_14,14,0,1976,51353843,今井　雄太郎,,1976|阪　急|16|0|0|0|0|0|0|0|0|0|0|0|0|0|0|0|0|0|.000|.000|.000,_data\master_csv__rescrape_staging\pitching_1976_PL_from_master.csv,4
CSV_ER,ER,0,0,index_15,15,0,1976,51353843,今井　雄太郎,,1976|阪　急|16|0|0|0|0|0|0|0|0|0|0|0|0|0|0|0|0|0|.000|.000|.000,_data\master_csv__rescrape_staging\pitching_1976_PL_from_master.csv,4
CSV_ER,ER,0,0,index_16,16,0,1976,51353843,今井　雄太郎,,1976|阪　急|16|0|0|0|0|0|0|0|0|0|0|0|0|0|0|0|0|0|.000|.000|.000,_data\master_csv__rescrape_staging\pitching_1976_PL_from_master.csv,4
CSV_ER,ER,0,0,index_17,17,0,1976,51353843,今井　雄太郎,,1976|阪　急|16|0|0|0|0|0|0|0|0|0|0|0|0|0|0|0|0|0|.000|.000|.000,_data\master_csv__rescrape_staging\pitching_1976_PL_from_master.csv,4
CSV_ER,ER,0,0,index_18,18,0,1976,51353843,今井　雄太郎,,1976|阪　急|16|0|0|0|0|0|0|0|0|0|0|0|0|0|0|0|0|0|.000|.000|.000,_data\master_csv__rescrape_staging\pitching_1976_PL_from_master.csv,4
CSV_ER,ER,0,0,index_19,19,0,1976,51353843,今井　雄太郎,,1976|阪　急|16|0|0|0|0|0|0|0|0|0|0|0|0|0|0|0|0|0|.000|.000|.000,_data\master_csv__rescrape_staging\pitching_1976_PL_from_master.csv,4
CSV_ER,ER,0,0,index_20,20,.000,1976,51353843,今井　雄太郎,,1976|阪　急|16|0|0|0|0|0|0|0|0|0|0|0|0|0|0|0|0|0|.000|.000|.000,_data\master_csv__rescrape_staging\pitching_1976_PL_from_master.csv,4
CSV_ER,ER,0,0,index_21,21,.000,1976,51353843,今井　雄太郎,,1976|阪　急|16|0|0|0|0|0|0|0|0|0|0|0|0|0|0|0|0|0|.000|.000|.000,_data\master_csv__rescrape_staging\pitching_1976_PL_from_master.csv,4
CSV_ER,ER,0,0,index_22,22,.000,1976,51353843,今井　雄太郎,,1976|阪　急|16|0|0|0|0|0|0|0|0|0|0|0|0|0|0|0|0|0|.000|.000|.000,_data\master_csv__rescrape_staging\pitching_1976_PL_from_master.csv,4
CSV_ERA,ERA,38.0,38,防御率,23,38,1976,51353843,今井　雄太郎,年度|所属球団|登板|勝利|敗北|セーブ|H|HP|完投|完封勝|無四球|勝率|打者|投球回|安打|本塁打|四球|死球|三振|暴投|ボーク|失点|自責点|防御率,1976|阪　急|16|3|3|0|||2|1|1|.500|276|64 .2|64|.2|66|5|27|2|34|1|0|38|33|4.57,_data\master_csv__rescrape_staging\pitching_1976_PL_from_master.csv,4
CSV_ER,ER,0,0,セーブ,5,0,1976,61563825,大石　弥太郎,年度|所属球団|登板|勝利|敗北|セーブ|H|HP|完投|完封勝|無四球|勝率|打者|投球回|安打|本塁打|四球|死球|三振|暴投|ボーク|失点|自責点|防御率,1976|阪　急|13|4|3|0|||4|2|0|.571|269|61 .1|61|.1|68|8|22|2|15|2|0|28|26|3.84,_data\master_csv__rescrape_staging\pitching_1976_PL_from_master.csv,5
CSV_ER,ER,0,0,無四球,10,0,1976,61563825,大石　弥太郎,年度|所属球団|登板|勝利|敗北|セーブ|H|HP|完投|完封勝|無四球|勝率|打者|投球回|安打|本塁打|四球|死球|三振|暴投|ボーク|失点|自責点|防御率,1976|阪　急|13|4|3|0|||4|2|0|.571|269|61 .1|61|.1|68|8|22|2|15|2|0|28|26|3.84,_data\master_csv__rescrape_staging\pitching_1976_PL_from_master.csv,5
CSV_ER,ER,0,0,自責点,22,0,1976,61563825,大石　弥太郎,年度|所属球団|登板|勝利|敗北|セーブ|H|HP|完投|完封勝|無四球|勝率|打者|投球回|安打|本塁打|四球|死球|三振|暴投|ボーク|失点|自責点|防御率,1976|阪　急|13|4|3|0|||4|2|0|.571|269|61 .1|61|.1|68|8|22|2|15|2|0|28|26|3.84,_data\master_csv__rescrape_staging\pitching_1976_PL_from_master.csv,5
CSV_ER,ER,0,0,index_5,5,0,1976,61563825,大石　弥太郎,,1976|阪　急|13|1|1|0|0|0|0|0|0|0|0|0|0|0|0|0|0|0|.000|.000|.000,_data\master_csv__rescrape_staging\pitching_1976_PL_from_master.csv,5
CSV_ER,ER,0,0,index_6,6,0,1976,61563825,大石　弥太郎,,1976|阪　急|13|1|1|0|0|0|0|0|0|0|0|0|0|0|0|0|0|0|.000|.000|.000,_data\master_csv__rescrape_staging\pitching_1976_PL_from_master.csv,5
CSV_ER,ER,0,0,index_7,7,0,1976,61563825,大石　弥太郎,,1976|阪　急|13|1|1|0|0|0|0|0|0|0|0|0|0|0|0|0|0|0|.000|.000|.000,_data\master_csv__rescrape_staging\pitching_1976_PL_from_master.csv,5
CSV_ER,ER,0,0,index_8,8,0,1976,61563825,大石　弥太郎,,1976|阪　急|13|1|1|0|0|0|0|0|0|0|0|0|0|0|0|0|0|0|.000|.000|.000,_data\master_csv__rescrape_staging\pitching_1976_PL_from_master.csv,5
CSV_ER,ER,0,0,index_9,9,0,1976,61563825,大石　弥太郎,,1976|阪　急|13|1|1|0|0|0|0|0|0|0|0|0|0|0|0|0|0|0|.000|.000|.000,_data\master_csv__rescrape_staging\pitching_1976_PL_from_master.csv,5
CSV_ER,ER,0,0,index_10,10,0,1976,61563825,大石　弥太郎,,1976|阪　急|13|1|1|0|0|0|0|0|0|0|0|0|0|0|0|0|0|0|.000|.000|.000,_data\master_csv__rescrape_staging\pitching_1976_PL_from_master.csv,5
CSV_ER,ER,0,0,index_11,11,0,1976,61563825,大石　弥太郎,,1976|阪　急|13|1|1|0|0|0|0|0|0|0|0|0|0|0|0|0|0|0|.000|.000|.000,_data\master_csv__rescrape_staging\pitching_1976_PL_from_master.csv,5
CSV_ER,ER,0,0,index_12,12,0,1976,61563825,大石　弥太郎,,1976|阪　急|13|1|1|0|0|0|0|0|0|0|0|0|0|0|0|0|0|0|.000|.000|.000,_data\master_csv__rescrape_staging\pitching_1976_PL_from_master.csv,5
CSV_ER,ER,0,0,index_13,13,0,1976,61563825,大石　弥太郎,,1976|阪　急|13|1|1|0|0|0|0|0|0|0|0|0|0|0|0|0|0|0|.000|.000|.000,_data\master_csv__rescrape_staging\pitching_1976_PL_from_master.csv,5
CSV_ER,ER,0,0,index_14,14,0,1976,61563825,大石　弥太郎,,1976|阪　急|13|1|1|0|0|0|0|0|0|0|0|0|0|0|0|0|0|0|.000|.000|.000,_data\master_csv__rescrape_staging\pitching_1976_PL_from_master.csv,5
CSV_ER,ER,0,0,index_15,15,0,1976,61563825,大石　弥太郎,,1976|阪　急|13|1|1|0|0|0|0|0|0|0|0|0|0|0|0|0|0|0|.000|.000|.000,_data\master_csv__rescrape_staging\pitching_1976_PL_from_master.csv,5
CSV_ER,ER,0,0,index_16,16,0,1976,61563825,大石　弥太郎,,1976|阪　急|13|1|1|0|0|0|0|0|0|0|0|0|0|0|0|0|0|0|.000|.000|.000,_data\master_csv__rescrape_staging\pitching_1976_PL_from_master.csv,5
CSV_ER,ER,0,0,index_17,17,0,1976,61563825,大石　弥太郎,,1976|阪　急|13|1|1|0|0|0|0|0|0|0|0|0|0|0|0|0|0|0|.000|.000|.000,_data\master_csv__rescrape_staging\pitching_1976_PL_from_master.csv,5
CSV_ER,ER,0,0,index_18,18,0,1976,61563825,大石　弥太郎,,1976|阪　急|13|1|1|0|0|0|0|0|0|0|0|0|0|0|0|0|0|0|.000|.000|.000,_data\master_csv__rescrape_staging\pitching_1976_PL_from_master.csv,5
CSV_ER,ER,0,0,index_19,19,0,1976,61563825,大石　弥太郎,,1976|阪　急|13|1|1|0|0|0|0|0|0|0|0|0|0|0|0|0|0|0|.000|.000|.000,_data\master_csv__rescrape_staging\pitching_1976_PL_from_master.csv,5
CSV_ER,ER,0,0,index_20,20,.000,1976,61563825,大石　弥太郎,,1976|阪　急|13|1|1|0|0|0|0|0|0|0|0|0|0|0|0|0|0|0|.000|.000|.000,_data\master_csv__rescrape_staging\pitching_1976_PL_from_master.csv,5
CSV_ER,ER,0,0,index_21,21,.000,1976,61563825,大石　弥太郎,,1976|阪　急|13|1|1|0|0|0|0|0|0|0|0|0|0|0|0|0|0|0|.000|.000|.000,_data\master_csv__rescrape_staging\pitching_1976_PL_from_master.csv,5
CSV_ER,ER,0,0,index_22,22,.000,1976,61563825,大石　弥太郎,,1976|阪　急|13|1|1|0|0|0|0|0|0|0|0|0|0|0|0|0|0|0|.000|.000|.000,_data\master_csv__rescrape_staging\pitching_1976_PL_from_master.csv,5
CSV_ERA,ERA,28.0,28,防御率,23,28,1976,61563825,大石　弥太郎,年度|所属球団|登板|勝利|敗北|セーブ|H|HP|完投|完封勝|無四球|勝率|打者|投球回|安打|本塁打|四球|死球|三振|暴投|ボーク|失点|自責点|防御率,1976|阪　急|13|4|3|0|||4|2|0|.571|269|61 .1|61|.1|68|8|22|2|15|2|0|28|26|3.84,_data\master_csv__rescrape_staging\pitching_1976_PL_from_master.csv,5
CSV_ER,ER,0,0,完封勝,9,0,1976,21523822,白石　静生,年度|所属球団|登板|勝利|敗北|セーブ|H|HP|完投|完封勝|無四球|勝率|打者|投球回|安打|本塁打|四球|死球|三振|暴投|ボーク|失点|自責点|防御率,1976|阪　急|21|4|5|2|||2|0|0|.444|308|69 .2|69|.2|65|9|42|3|30|0|0|40|34|4.37,_data\master_csv__rescrape_staging\pitching_1976_PL_from_master.csv,6
CSV_ER,ER,0,0,無四球,10,0,1976,21523822,白石　静生,年度|所属球団|登板|勝利|敗北|セーブ|H|HP|完投|完封勝|無四球|勝率|打者|投球回|安打|本塁打|四球|死球|三振|暴投|ボーク|失点|自責点|防御率,1976|阪　急|21|4|5|2|||2|0|0|.444|308|69 .2|69|.2|65|9|42|3|30|0|0|40|34|4.37,_data\master_csv__rescrape_staging\pitching_1976_PL_from_master.csv,6
CSV_ER,ER,0,0,失点,21,0,1976,21523822,白石　静生,年度|所属球団|登板|勝利|敗北|セーブ|H|HP|完投|完封勝|無四球|勝率|打者|投球回|安打|本塁打|四球|死球|三振|暴投|ボーク|失点|自責点|防御率,1976|阪　急|21|4|5|2|||2|0|0|.444|308|69 .2|69|.2|65|9|42|3|30|0|0|40|34|4.37,_data\master_csv__rescrape_staging\pitching_1976_PL_from_master.csv,6
CSV_ER,ER,0,0,自責点,22,0,1976,21523822,白石　静生,年度|所属球団|登板|勝利|敗北|セーブ|H|HP|完投|完封勝|無四球|勝率|打者|投球回|安打|本塁打|四球|死球|三振|暴投|ボーク|失点|自責点|防御率,1976|阪　急|21|4|5|2|||2|0|0|.444|308|69 .2|69|.2|65|9|42|3|30|0|0|40|34|4.37,_data\master_csv__rescrape_staging\pitching_1976_PL_from_master.csv,6
CSV_ER,ER,0,0,index_3,3,0,1976,21523822,白石　静生,,1976|阪　急|21|0|0|0|0|0|0|0|0|0|0|0|0|0|0|0|0|0|.000|.000|.000,_data\master_csv__rescrape_staging\pitching_1976_PL_from_master.csv,6
CSV_ER,ER,0,0,index_4,4,0,1976,21523822,白石　静生,,1976|阪　急|21|0|0|0|0|0|0|0|0|0|0|0|0|0|0|0|0|0|.000|.000|.000,_data\master_csv__rescrape_staging\pitching_1976_PL_from_master.csv,6
CSV_ER,ER,0,0,index_5,5,0,1976,21523822,白石　静生,,1976|阪　急|21|0|0|0|0|0|0|0|0|0|0|0|0|0|0|0|0|0|.000|.000|.000,_data\master_csv__rescrape_staging\pitching_1976_PL_from_master.csv,6
CSV_ER,ER,0,0,index_6,6,0,1976,21523822,白石　静生,,1976|阪　急|21|0|0|0|0|0|0|0|0|0|0|0|0|0|0|0|0|0|.000|.000|.000,_data\master_csv__rescrape_staging\pitching_1976_PL_from_master.csv,6
CSV_ER,ER,0,0,index_7,7,0,1976,21523822,白石　静生,,1976|阪　急|21|0|0|0|0|0|0|0|0|0|0|0|0|0|0|0|0|0|.000|.000|.000,_data\master_csv__rescrape_staging\pitching_1976_PL_from_master.csv,6
CSV_ER,ER,0,0,index_8,8,0,1976,21523822,白石　静生,,1976|阪　急|21|0|0|0|0|0|0|0|0|0|0|0|0|0|0|0|0|0|.000|.000|.000,_data\master_csv__rescrape_staging\pitching_1976_PL_from_master.csv,6
CSV_ER,ER,0,0,index_9,9,0,1976,21523822,白石　静生,,1976|阪　急|21|0|0|0|0|0|0|0|0|0|0|0|0|0|0|0|0|0|.000|.000|.000,_data\master_csv__rescrape_staging\pitching_1976_PL_from_master.csv,6
CSV_ER,ER,0,0,index_10,10,0,1976,21523822,白石　静生,,1976|阪　急|21|0|0|0|0|0|0|0|0|0|0|0|0|0|0|0|0|0|.000|.000|.000,_data\master_csv__rescrape_staging\pitching_1976_PL_from_master.csv,6
CSV_ER,ER,0,0,index_11,11,0,1976,21523822,白石　静生,,1976|阪　急|21|0|0|0|0|0|0|0|0|0|0|0|0|0|0|0|0|0|.000|.000|.000,_data\master_csv__rescrape_staging\pitching_1976_PL_from_master.csv,6
CSV_ER,ER,0,0,index_12,12,0,1976,21523822,白石　静生,,1976|阪　急|21|0|0|0|0|0|0|0|0|0|0|0|0|0|0|0|0|0|.000|.000|.000,_data\master_csv__rescrape_staging\pitching_1976_PL_from_master.csv,6
CSV_ER,ER,0,0,index_13,13,0,1976,21523822,白石　静生,,1976|阪　急|21|0|0|0|0|0|0|0|0|0|0|0|0|0|0|0|0|0|.000|.000|.000,_data\master_csv__rescrape_staging\pitching_1976_PL_from_master.csv,6
CSV_ER,ER,0,0,index_14,14,0,1976,21523822,白石　静生,,1976|阪　急|21|0|0|0|0|0|0|0|0|0|0|0|0|0|0|0|0|0|.000|.000|.000,_data\master_csv__rescrape_staging\pitching_1976_PL_from_master.csv,6
CSV_ER,ER,0,0,index_15,15,0,1976,21523822,白石　静生,,1976|阪　急|21|0|0|0|0|0|0|0|0|0|0|0|0|0|0|0|0|0|.000|.000|.000,_data\master_csv__rescrape_staging\pitching_1976_PL_from_master.csv,6
CSV_ER,ER,0,0,index_16,16,0,1976,21523822,白石　静生,,1976|阪　急|21|0|0|0|0|0|0|0|0|0|0|0|0|0|0|0|0|0|.000|.000|.000,_data\master_csv__rescrape_staging\pitching_1976_PL_from_master.csv,6
CSV_ER,ER,0,0,index_17,17,0,1976,21523822,白石　静生,,1976|阪　急|21|0|0|0|0|0|0|0|0|0|0|0|0|0|0|0|0|0|.000|.000|.000,_data\master_csv__rescrape_staging\pitching_1976_PL_from_master.csv,6
CSV_ER,ER,0,0,index_18,18,0,1976,21523822,白石　静生,,1976|阪　急|21|0|0|0|0|0|0|0|0|0|0|0|0|0|0|0|0|0|.000|.000|.000,_data\master_csv__rescrape_staging\pitching_1976_PL_from_master.csv,6
CSV_ER,ER,0,0,index_19,19,0,1976,21523822,白石　静生,,1976|阪　急|21|0|0|0|0|0|0|0|0|0|0|0|0|0|0|0|0|0|.000|.000|.000,_data\master_csv__rescrape_staging\pitching_1976_PL_from_master.csv,6
CSV_ER,ER,0,0,index_20,20,.000,1976,21523822,白石　静生,,1976|阪　急|21|0|0|0|0|0|0|0|0|0|0|0|0|0|0|0|0|0|.000|.000|.000,_data\master_csv__rescrape_staging\pitching_1976_PL_from_master.csv,6
CSV_ER,ER,0,0,index_21,21,.000,1976,21523822,白石　静生,,1976|阪　急|21|0|0|0|0|0|0|0|0|0|0|0|0|0|0|0|0|0|.000|.000|.000,_data\master_csv__rescrape_staging\pitching_1976_PL_from_master.csv,6
CSV_ER,ER,0,0,index_22,22,.000,1976,21523822,白石　静生,,1976|阪　急|21|0|0|0|0|0|0|0|0|0|0|0|0|0|0|0|0|0|.000|.000|.000,_data\master_csv__rescrape_staging\pitching_1976_PL_from_master.csv,6
CSV_ERA,ERA,40.0,40,防御率,23,40,1976,21523822,白石　静生,年度|所属球団|登板|勝利|敗北|セーブ|H|HP|完投|完封勝|無四球|勝率|打者|投球回|安打|本塁打|四球|死球|三振|暴投|ボーク|失点|自責点|防御率,1976|阪　急|21|4|5|2|||2|0|0|.444|308|69 .2|69|.2|65|9|42|3|30|0|0|40|34|4.37,_data\master_csv__rescrape_staging\pitching_1976_PL_from_master.csv,6
CSV_ER,ER,0,0,完封勝,9,0,1977,71173824,浅野　啓司,年度|所属球団|登板|勝利|敗北|セーブ|H|HP|完投|完封勝|無四球|勝率|打者|投球回|安打|本塁打|四球|死球|三振|暴投|ボーク|失点|自責点|防御率,1977|読　売|31|9|4|1|||2|0|0|.692|394|93 .1|93|.1|86|13|38|1|61|3|0|32|26|2.52,_data\master_csv__rescrape_staging\pitching_1977_CL_from_master.csv,2
CSV_ER,ER,0,0,無四球,10,0,1977,71173824,浅野　啓司,年度|所属球団|登板|勝利|敗北|セーブ|H|HP|完投|完封勝|無四球|勝率|打者|投球回|安打|本塁打|四球|死球|三振|暴投|ボーク|失点|自責点|防御率,1977|読　売|31|9|4|1|||2|0|0|.692|394|93 .1|93|.1|86|13|38|1|61|3|0|32|26|2.52,_data\master_csv__rescrape_staging\pitching_1977_CL_from_master.csv,2
CSV_ER,ER,0,0,自責点,22,0,1977,71173824,浅野　啓司,年度|所属球団|登板|勝利|敗北|セーブ|H|HP|完投|完封勝|無四球|勝率|打者|投球回|安打|本塁打|四球|死球|三振|暴投|ボーク|失点|自責点|防御率,1977|読　売|31|9|4|1|||2|0|0|.692|394|93 .1|93|.1|86|13|38|1|61|3|0|32|26|2.52,_data\master_csv__rescrape_staging\pitching_1977_CL_from_master.csv,2
CSV_ER,ER,0,0,index_5,5,0,1977,71173824,浅野　啓司,,1977|読　売|31|25|21|0|3|0|0|0|3|0|0|0|4|0|0|0|5|0|.143|.143|,_data\master_csv__rescrape_staging\pitching_1977_CL_from_master.csv,2
CSV_ER,ER,0,0,index_7,7,0,1977,71173824,浅野　啓司,,1977|読　売|31|25|21|0|3|0|0|0|3|0|0|0|4|0|0|0|5|0|.143|.143|,_data\master_csv__rescrape_staging\pitching_1977_CL_from_master.csv,2
CSV_ER,ER,0,0,index_8,8,0,1977,71173824,浅野　啓司,,1977|読　売|31|25|21|0|3|0|0|0|3|0|0|0|4|0|0|0|5|0|.143|.143|,_data\master_csv__rescrape_staging\pitching_1977_CL_from_master.csv,2
CSV_ER,ER,0,0,index_9,9,0,1977,71173824,浅野　啓司,,1977|読　売|31|25|21|0|3|0|0|0|3|0|0|0|4|0|0|0|5|0|.143|.143|,_data\master_csv__rescrape_staging\pitching_1977_CL_from_master.csv,2
CSV_ER,ER,0,0,index_11,11,0,1977,71173824,浅野　啓司,,1977|読　売|31|25|21|0|3|0|0|0|3|0|0|0|4|0|0|0|5|0|.143|.143|,_data\master_csv__rescrape_staging\pitching_1977_CL_from_master.csv,2
CSV_ER,ER,0,0,index_12,12,0,1977,71173824,浅野　啓司,,1977|読　売|31|25|21|0|3|0|0|0|3|0|0|0|4|0|0|0|5|0|.143|.143|,_data\master_csv__rescrape_staging\pitching_1977_CL_from_master.csv,2
CSV_ER,ER,0,0,index_13,13,0,1977,71173824,浅野　啓司,,1977|読　売|31|25|21|0|3|0|0|0|3|0|0|0|4|0|0|0|5|0|.143|.143|,_data\master_csv__rescrape_staging\pitching_1977_CL_from_master.csv,2
CSV_ER,ER,0,0,index_15,15,0,1977,71173824,浅野　啓司,,1977|読　売|31|25|21|0|3|0|0|0|3|0|0|0|4|0|0|0|5|0|.143|.143|,_data\master_csv__rescrape_staging\pitching_1977_CL_from_master.csv,2
CSV_ER,ER,0,0,index_16,16,0,1977,71173824,浅野　啓司,,1977|読　売|31|25|21|0|3|0|0|0|3|0|0|0|4|0|0|0|5|0|.143|.143|,_data\master_csv__rescrape_staging\pitching_1977_CL_from_master.csv,2
CSV_ER,ER,0,0,index_17,17,0,1977,71173824,浅野　啓司,,1977|読　売|31|25|21|0|3|0|0|0|3|0|0|0|4|0|0|0|5|0|.143|.143|,_data\master_csv__rescrape_staging\pitching_1977_CL_from_master.csv,2
CSV_ER,ER,0,0,index_19,19,0,1977,71173824,浅野　啓司,,1977|読　売|31|25|21|0|3|0|0|0|3|0|0|0|4|0|0|0|5|0|.143|.143|,_data\master_csv__rescrape_staging\pitching_1977_CL_from_master.csv,2
CSV_ERA,ERA,32.0,32,防御率,23,32,1977,71173824,浅野　啓司,年度|所属球団|登板|勝利|敗北|セーブ|H|HP|完投|完封勝|無四球|勝率|打者|投球回|安打|本塁打|四球|死球|三振|暴投|ボーク|失点|自責点|防御率,1977|読　売|31|9|4|1|||2|0|0|.692|394|93 .1|93|.1|86|13|38|1|61|3|0|32|26|2.52,_data\master_csv__rescrape_staging\pitching_1977_CL_from_master.csv,2
CSV_ER,ER,2,2,自責点,22,2,1977,71573847,小林　繁,年度|所属球団|登板|勝利|敗北|セーブ|H|HP|完投|完封勝|無四球|勝率|打者|投球回|安打|本塁打|四球|死球|三振|暴投|ボーク|失点|自責点|防御率,1977|読　売|42|18|8|7|||11|3|0|.692|897|216 .1|216|.1|197|25|65|4|155|0|2|89|70|2.92,_data\master_csv__rescrape_staging\pitching_1977_CL_from_master.csv,6
CSV_ERA,ERA,89.0,89,防御率,23,89,1977,71573847,小林　繁,年度|所属球団|登板|勝利|敗北|セーブ|H|HP|完投|完封勝|無四球|勝率|打者|投球回|安打|本塁打|四球|死球|三振|暴投|ボーク|失点|自責点|防御率,1977|読　売|42|18|8|7|||11|3|0|.692|897|216 .1|216|.1|197|25|65|4|155|0|2|89|70|2.92,_data\master_csv__rescrape_staging\pitching_1977_CL_from_master.csv,6
CSV_ER,ER,0,0,完投,8,0,1977,11913824,高橋　良昌,年度|所属球団|登板|勝利|敗北|セーブ|H|HP|完投|完封勝|無四球|勝率|打者|投球回|安打|本塁打|四球|死球|三振|暴投|ボーク|失点|自責点|防御率,1977|読　売|45|3|2|3|||0|0|0|.600|241|55 .2|55|.2|58|9|22|0|30|3|0|34|27|4.34,_data\master_csv__rescrape_staging\pitching_1977_CL_from_master.csv,9
CSV_ER,ER,0,0,完封勝,9,0,1977,11913824,高橋　良昌,年度|所属球団|登板|勝利|敗北|セーブ|H|HP|完投|完封勝|無四球|勝率|打者|投球回|安打|本塁打|四球|死球|三振|暴投|ボーク|失点|自責点|防御率,1977|読　売|45|3|2|3|||0|0|0|.600|241|55 .2|55|.2|58|9|22|0|30|3|0|34|27|4.34,_data\master_csv__rescrape_staging\pitching_1977_CL_from_master.csv,9
CSV_ER,ER,0,0,無四球,10,0,1977,11913824,高橋　良昌,年度|所属球団|登板|勝利|敗北|セーブ|H|HP|完投|完封勝|無四球|勝率|打者|投球回|安打|本塁打|四球|死球|三振|暴投|ボーク|失点|自責点|防御率,1977|読　売|45|3|2|3|||0|0|0|.600|241|55 .2|55|.2|58|9|22|0|30|3|0|34|27|4.34,_data\master_csv__rescrape_staging\pitching_1977_CL_from_master.csv,9
CSV_ER,ER,0,0,暴投,19,0,1977,11913824,高橋　良昌,年度|所属球団|登板|勝利|敗北|セーブ|H|HP|完投|完封勝|無四球|勝率|打者|投球回|安打|本塁打|四球|死球|三振|暴投|ボーク|失点|自責点|防御率,1977|読　売|45|3|2|3|||0|0|0|.600|241|55 .2|55|.2|58|9|22|0|30|3|0|34|27|4.34,_data\master_csv__rescrape_staging\pitching_1977_CL_from_master.csv,9
CSV_ER,ER,0,0,自責点,22,0,1977,11913824,高橋　良昌,年度|所属球団|登板|勝利|敗北|セーブ|H|HP|完投|完封勝|無四球|勝率|打者|投球回|安打|本塁打|四球|死球|三振|暴投|ボーク|失点|自責点|防御率,1977|読　売|45|3|2|3|||0|0|0|.600|241|55 .2|55|.2|58|9|22|0|30|3|0|34|27|4.34,_data\master_csv__rescrape_staging\pitching_1977_CL_from_master.csv,9
CSV_ER,ER,0,0,index_7,7,0,1977,11913824,高橋　良昌,,1977|読　売|45|8|5|2|1|0|0|0|1|0|0|0|1|0|2|0|0|1|.200|.200|,_data\master_csv__rescrape_staging\pitching_1977_CL_from_master.csv,9
CSV_ER,ER,0,0,index_8,8,0,1977,11913824,高橋　良昌,,1977|読　売|45|8|5|2|1|0|0|0|1|0|0|0|1|0|2|0|0|1|.200|.200|,_data\master_csv__rescrape_staging\pitching_1977_CL_from_master.csv,9
CSV_ER,ER,0,0,index_9,9,0,1977,11913824,高橋　良昌,,1977|読　売|45|8|5|2|1|0|0|0|1|0|0|0|1|0|2|0|0|1|.200|.200|,_data\master_csv__rescrape_staging\pitching_1977_CL_from_master.csv,9
CSV_ER,ER,0,0,index_11,11,0,1977,11913824,高橋　良昌,,1977|読　売|45|8|5|2|1|0|0|0|1|0|0|0|1|0|2|0|0|1|.200|.200|,_data\master_csv__rescrape_staging\pitching_1977_CL_from_master.csv,9
CSV_ER,ER,0,0,index_12,12,0,1977,11913824,高橋　良昌,,1977|読　売|45|8|5|2|1|0|0|0|1|0|0|0|1|0|2|0|0|1|.200|.200|,_data\master_csv__rescrape_staging\pitching_1977_CL_from_master.csv,9
CSV_ER,ER,0,0,index_13,13,0,1977,11913824,高橋　良昌,,1977|読　売|45|8|5|2|1|0|0|0|1|0|0|0|1|0|2|0|0|1|.200|.200|,_data\master_csv__rescrape_staging\pitching_1977_CL_from_master.csv,9
CSV_ER,ER,0,0,index_15,15,0,1977,11913824,高橋　良昌,,1977|読　売|45|8|5|2|1|0|0|0|1|0|0|0|1|0|2|0|0|1|.200|.200|,_data\master_csv__rescrape_staging\pitching_1977_CL_from_master.csv,9
CSV_ER,ER,0,0,index_17,17,0,1977,11913824,高橋　良昌,,1977|読　売|45|8|5|2|1|0|0|0|1|0|0|0|1|0|2|0|0|1|.200|.200|,_data\master_csv__rescrape_staging\pitching_1977_CL_from_master.csv,9
CSV_ER,ER,0,0,index_18,18,0,1977,11913824,高橋　良昌,,1977|読　売|45|8|5|2|1|0|0|0|1|0|0|0|1|0|2|0|0|1|.200|.200|,_data\master_csv__rescrape_staging\pitching_1977_CL_from_master.csv,9
CSV_ERA,ERA,34.0,34,防御率,23,34,1977,11913824,高橋　良昌,年度|所属球団|登板|勝利|敗北|セーブ|H|HP|完投|完封勝|無四球|勝率|打者|投球回|安打|本塁打|四球|死球|三振|暴投|ボーク|失点|自責点|防御率,1977|読　売|45|3|2|3|||0|0|0|.600|241|55 .2|55|.2|58|9|22|0|30|3|0|34|27|4.34,_data\master_csv__rescrape_staging\pitching_1977_CL_from_master.csv,9
CSV_IP,IP,136.0,136,投球回,13,136,1977,91093843,新浦　寿夫,年度|所属球団|登板|勝利|敗北|セーブ|H|HP|完投|完封勝|無四球|勝率|打者|投球回|安打|本塁打|四球|死球|三振|暴投|ボーク|失点|自責点|防御率,1977|読　売|44|11|3|9|||5|1|0|.786|549|136|136||104|10|60|1|96|2|1|38|35|2.32,_data\master_csv__rescrape_staging\pitching_1977_CL_from_master.csv,12
CSV_IP,IP,136.0,136,安打,14,136,1977,91093843,新浦　寿夫,年度|所属球団|登板|勝利|敗北|セーブ|H|HP|完投|完封勝|無四球|勝率|打者|投球回|安打|本塁打|四球|死球|三振|暴投|ボーク|失点|自責点|防御率,1977|読　売|44|11|3|9|||5|1|0|.786|549|136|136||104|10|60|1|96|2|1|38|35|2.32,_data\master_csv__rescrape_staging\pitching_1977_CL_from_master.csv,12
CSV_ER,ER,1,1,完封勝,9,1,1977,91093843,新浦　寿夫,年度|所属球団|登板|勝利|敗北|セーブ|H|HP|完投|完封勝|無四球|勝率|打者|投球回|安打|本塁打|四球|死球|三振|暴投|ボーク|失点|自責点|防御率,1977|読　売|44|11|3|9|||5|1|0|.786|549|136|136||104|10|60|1|96|2|1|38|35|2.32,_data\master_csv__rescrape_staging\pitching_1977_CL_from_master.csv,12
CSV_ER,ER,1,1,暴投,19,1,1977,91093843,新浦　寿夫,年度|所属球団|登板|勝利|敗北|セーブ|H|HP|完投|完封勝|無四球|勝率|打者|投球回|安打|本塁打|四球|死球|三振|暴投|ボーク|失点|自責点|防御率,1977|読　売|44|11|3|9|||5|1|0|.786|549|136|136||104|10|60|1|96|2|1|38|35|2.32,_data\master_csv__rescrape_staging\pitching_1977_CL_from_master.csv,12
CSV_ER,ER,1,1,自責点,22,1,1977,91093843,新浦　寿夫,年度|所属球団|登板|勝利|敗北|セーブ|H|HP|完投|完封勝|無四球|勝率|打者|投球回|安打|本塁打|四球|死球|三振|暴投|ボーク|失点|自責点|防御率,1977|読　売|44|11|3|9|||5|1|0|.786|549|136|136||104|10|60|1|96|2|1|38|35|2.32,_data\master_csv__rescrape_staging\pitching_1977_CL_from_master.csv,12
CSV_ER,ER,1,1,index_5,5,1,1977,91093843,新浦　寿夫,,1977|読　売|44|42|35|1|5|1|0|0|6|1|0|0|5|0|2|0|17|0|.143|.171|,_data\master_csv__rescrape_staging\pitching_1977_CL_from_master.csv,12
CSV_ER,ER,1,1,index_7,7,1,1977,91093843,新浦　寿夫,,1977|読　売|44|42|35|1|5|1|0|0|6|1|0|0|5|0|2|0|17|0|.143|.171|,_data\master_csv__rescrape_staging\pitching_1977_CL_from_master.csv,12
CSV_ER,ER,1,1,index_11,11,1,1977,91093843,新浦　寿夫,,1977|読　売|44|42|35|1|5|1|0|0|6|1|0|0|5|0|2|0|17|0|.143|.171|,_data\master_csv__rescrape_staging\pitching_1977_CL_from_master.csv,12
CSV_ERA,ERA,38.0,38,防御率,23,38,1977,91093843,新浦　寿夫,年度|所属球団|登板|勝利|敗北|セーブ|H|HP|完投|完封勝|無四球|勝率|打者|投球回|安打|本塁打|四球|死球|三振|暴投|ボーク|失点|自責点|防御率,1977|読　売|44|11|3|9|||5|1|0|.786|549|136|136||104|10|60|1|96|2|1|38|35|2.32,_data\master_csv__rescrape_staging\pitching_1977_CL_from_master.csv,12
CSV_IP,IP,118.0,118,投球回,13,118,1977,91793842,西本　聖,年度|所属球団|登板|勝利|敗北|セーブ|H|HP|完投|完封勝|無四球|勝率|打者|投球回|安打|本塁打|四球|死球|三振|暴投|ボーク|失点|自責点|防御率,1977|読　売|47|8|5|4|||2|1|0|.615|486|118|118||115|10|31|5|54|1|0|44|35|2.67,_data\master_csv__rescrape_staging\pitching_1977_CL_from_master.csv,13
CSV_IP,IP,118.0,118,安打,14,118,1977,91793842,西本　聖,年度|所属球団|登板|勝利|敗北|セーブ|H|HP|完投|完封勝|無四球|勝率|打者|投球回|安打|本塁打|四球|死球|三振|暴投|ボーク|失点|自責点|防御率,1977|読　売|47|8|5|4|||2|1|0|.615|486|118|118||115|10|31|5|54|1|0|44|35|2.67,_data\master_csv__rescrape_staging\pitching_1977_CL_from_master.csv,13
CSV_ER,ER,0,0,無四球,10,0,1977,91793842,西本　聖,年度|所属球団|登板|勝利|敗北|セーブ|H|HP|完投|完封勝|無四球|勝率|打者|投球回|安打|本塁打|四球|死球|三振|暴投|ボーク|失点|自責点|防御率,1977|読　売|47|8|5|4|||2|1|0|.615|486|118|118||115|10|31|5|54|1|0|44|35|2.67,_data\master_csv__rescrape_staging\pitching_1977_CL_from_master.csv,13
CSV_ER,ER,0,0,自責点,22,0,1977,91793842,西本　聖,年度|所属球団|登板|勝利|敗北|セーブ|H|HP|完投|完封勝|無四球|勝率|打者|投球回|安打|本塁打|四球|死球|三振|暴投|ボーク|失点|自責点|防御率,1977|読　売|47|8|5|4|||2|1|0|.615|486|118|118||115|10|31|5|54|1|0|44|35|2.67,_data\master_csv__rescrape_staging\pitching_1977_CL_from_master.csv,13
CSV_ER,ER,0,0,index_8,8,0,1977,91793842,西本　聖,,1977|読　売|47|30|28|2|6|1|0|1|10|2|0|0|2|0|0|0|7|0|.214|.357|,_data\master_csv__rescrape_staging\pitching_1977_CL_from_master.csv,13
CSV_ER,ER,0,0,index_12,12,0,1977,91793842,西本　聖,,1977|読　売|47|30|28|2|6|1|0|1|10|2|0|0|2|0|0|0|7|0|.214|.357|,_data\master_csv__rescrape_staging\pitching_1977_CL_from_master.csv,13
CSV_ER,ER,0,0,index_13,13,0,1977,91793842,西本　聖,,1977|読　売|47|30|28|2|6|1|0|1|10|2|0|0|2|0|0|0|7|0|.214|.357|,_data\master_csv__rescrape_staging\pitching_1977_CL_from_master.csv,13
CSV_ER,ER,0,0,index_15,15,0,1977,91793842,西本　聖,,1977|読　売|47|30|28|2|6|1|0|1|10|2|0|0|2|0|0|0|7|0|.214|.357|,_data\master_csv__rescrape_staging\pitching_1977_CL_from_master.csv,13
CSV_ER,ER,0,0,index_16,16,0,1977,91793842,西本　聖,,1977|読　売|47|30|28|2|6|1|0|1|10|2|0|0|2|0|0|0|7|0|.214|.357|,_data\master_csv__rescrape_staging\pitching_1977_CL_from_master.csv,13
CSV_ER,ER,0,0,index_17,17,0,1977,91793842,西本　聖,,1977|読　売|47|30|28|2|6|1|0|1|10|2|0|0|2|0|0|0|7|0|.214|.357|,_data\master_csv__rescrape_staging\pitching_1977_CL_from_master.csv,13
CSV_ER,ER,0,0,index_19,19,0,1977,91793842,西本　聖,,1977|読　売|47|30|28|2|6|1|0|1|10|2|0|0|2|0|0|0|7|0|.214|.357|,_data\master_csv__rescrape_staging\pitching_1977_CL_from_master.csv,13
CSV_ERA,ERA,44.0,44,防御率,23,44,1977,91793842,西本　聖,年度|所属球団|登板|勝利|敗北|セーブ|H|HP|完投|完封勝|無四球|勝率|打者|投球回|安打|本塁打|四球|死球|三振|暴投|ボーク|失点|自責点|防御率,1977|読　売|47|8|5|4|||2|1|0|.615|486|118|118||115|10|31|5|54|1|0|44|35|2.67,_data\master_csv__rescrape_staging\pitching_1977_CL_from_master.csv,13
CSV_IP,IP,114.0,114,投球回,13,114,1977,71173808,足立　光宏,年度|所属球団|登板|勝利|敗北|セーブ|H|HP|完投|完封勝|無四球|勝率|打者|投球回|安打|本塁打|四球|死球|三振|暴投|ボーク|失点|自責点|防御率,1977|阪　急|20|7|7|0|||7|2|3|.500|461|114|114||117|10|17|3|38|0|0|54|40|3.16,_data\master_csv__rescrape_staging\pitching_1977_PL_from_master.csv,2
CSV_IP,IP,114.0,114,安打,14,114,1977,71173808,足立　光宏,年度|所属球団|登板|勝利|敗北|セーブ|H|HP|完投|完封勝|無四球|勝率|打者|投球回|安打|本塁打|四球|死球|三振|暴投|ボーク|失点|自責点|防御率,1977|阪　急|20|7|7|0|||7|2|3|.500|461|114|114||117|10|17|3|38|0|0|54|40|3.16,_data\master_csv__rescrape_staging\pitching_1977_PL_from_master.csv,2
CSV_ER,ER,0,0,セーブ,5,0,1977,71173808,足立　光宏,年度|所属球団|登板|勝利|敗北|セーブ|H|HP|完投|完封勝|無四球|勝率|打者|投球回|安打|本塁打|四球|死球|三振|暴投|ボーク|失点|自責点|防御率,1977|阪　急|20|7|7|0|||7|2|3|.500|461|114|114||117|10|17|3|38|0|0|54|40|3.16,_data\master_csv__rescrape_staging\pitching_1977_PL_from_master.csv,2
CSV_ER,ER,0,0,失点,21,0,1977,71173808,足立　光宏,年度|所属球団|登板|勝利|敗北|セーブ|H|HP|完投|完封勝|無四球|勝率|打者|投球回|安打|本塁打|四球|死球|三振|暴投|ボーク|失点|自責点|防御率,1977|阪　急|20|7|7|0|||7|2|3|.500|461|114|114||117|10|17|3|38|0|0|54|40|3.16,_data\master_csv__rescrape_staging\pitching_1977_PL_from_master.csv,2
CSV_ER,ER,0,0,自責点,22,0,1977,71173808,足立　光宏,年度|所属球団|登板|勝利|敗北|セーブ|H|HP|完投|完封勝|無四球|勝率|打者|投球回|安打|本塁打|四球|死球|三振|暴投|ボーク|失点|自責点|防御率,1977|阪　急|20|7|7|0|||7|2|3|.500|461|114|114||117|10|17|3|38|0|0|54|40|3.16,_data\master_csv__rescrape_staging\pitching_1977_PL_from_master.csv,2
CSV_ER,ER,0,0,index_3,3,0,1977,71173808,足立　光宏,,1977|阪　急|21|0|0|0|0|0|0|0|0|0|0|0|0|0|0|0|0|0|.000|.000|.000,_data\master_csv__rescrape_staging\pitching_1977_PL_from_master.csv,2
CSV_ER,ER,0,0,index_4,4,0,1977,71173808,足立　光宏,,1977|阪　急|21|0|0|0|0|0|0|0|0|0|0|0|0|0|0|0|0|0|.000|.000|.000,_data\master_csv__rescrape_staging\pitching_1977_PL_from_master.csv,2
CSV_ER,ER,0,0,index_5,5,0,1977,71173808,足立　光宏,,1977|阪　急|21|0|0|0|0|0|0|0|0|0|0|0|0|0|0|0|0|0|.000|.000|.000,_data\master_csv__rescrape_staging\pitching_1977_PL_from_master.csv,2
CSV_ER,ER,0,0,index_6,6,0,1977,71173808,足立　光宏,,1977|阪　急|21|0|0|0|0|0|0|0|0|0|0|0|0|0|0|0|0|0|.000|.000|.000,_data\master_csv__rescrape_staging\pitching_1977_PL_from_master.csv,2
CSV_ER,ER,0,0,index_7,7,0,1977,71173808,足立　光宏,,1977|阪　急|21|0|0|0|0|0|0|0|0|0|0|0|0|0|0|0|0|0|.000|.000|.000,_data\master_csv__rescrape_staging\pitching_1977_PL_from_master.csv,2
CSV_ER,ER,0,0,index_8,8,0,1977,71173808,足立　光宏,,1977|阪　急|21|0|0|0|0|0|0|0|0|0|0|0|0|0|0|0|0|0|.000|.000|.000,_data\master_csv__rescrape_staging\pitching_1977_PL_from_master.csv,2
CSV_ER,ER,0,0,index_9,9,0,1977,71173808,足立　光宏,,1977|阪　急|21|0|0|0|0|0|0|0|0|0|0|0|0|0|0|0|0|0|.000|.000|.000,_data\master_csv__rescrape_staging\pitching_1977_PL_from_master.csv,2
CSV_ER,ER,0,0,index_10,10,0,1977,71173808,足立　光宏,,1977|阪　急|21|0|0|0|0|0|0|0|0|0|0|0|0|0|0|0|0|0|.000|.000|.000,_data\master_csv__rescrape_staging\pitching_1977_PL_from_master.csv,2
CSV_ER,ER,0,0,index_11,11,0,1977,71173808,足立　光宏,,1977|阪　急|21|0|0|0|0|0|0|0|0|0|0|0|0|0|0|0|0|0|.000|.000|.000,_data\master_csv__rescrape_staging\pitching_1977_PL_from_master.csv,2
CSV_ER,ER,0,0,index_12,12,0,1977,71173808,足立　光宏,,1977|阪　急|21|0|0|0|0|0|0|0|0|0|0|0|0|0|0|0|0|0|.000|.000|.000,_data\master_csv__rescrape_staging\pitching_1977_PL_from_master.csv,2
CSV_ER,ER,0,0,index_13,13,0,1977,71173808,足立　光宏,,1977|阪　急|21|0|0|0|0|0|0|0|0|0|0|0|0|0|0|0|0|0|.000|.000|.000,_data\master_csv__rescrape_staging\pitching_1977_PL_from_master.csv,2
CSV_ER,ER,0,0,index_14,14,0,1977,71173808,足立　光宏,,1977|阪　急|21|0|0|0|0|0|0|0|0|0|0|0|0|0|0|0|0|0|.000|.000|.000,_data\master_csv__rescrape_staging\pitching_1977_PL_from_master.csv,2
CSV_ER,ER,0,0,index_15,15,0,1977,71173808,足立　光宏,,1977|阪　急|21|0|0|0|0|0|0|0|0|0|0|0|0|0|0|0|0|0|.000|.000|.000,_data\master_csv__rescrape_staging\pitching_1977_PL_from_master.csv,2
CSV_ER,ER,0,0,index_16,16,0,1977,71173808,足立　光宏,,1977|阪　急|21|0|0|0|0|0|0|0|0|0|0|0|0|0|0|0|0|0|.000|.000|.000,_data\master_csv__rescrape_staging\pitching_1977_PL_from_master.csv,2
CSV_ER,ER,0,0,index_17,17,0,1977,71173808,足立　光宏,,1977|阪　急|21|0|0|0|0|0|0|0|0|0|0|0|0|0|0|0|0|0|.000|.000|.000,_data\master_csv__rescrape_staging\pitching_1977_PL_from_master.csv,2
CSV_ER,ER,0,0,index_18,18,0,1977,71173808,足立　光宏,,1977|阪　急|21|0|0|0|0|0|0|0|0|0|0|0|0|0|0|0|0|0|.000|.000|.000,_data\master_csv__rescrape_staging\pitching_1977_PL_from_master.csv,2
CSV_ER,ER,0,0,index_19,19,0,1977,71173808,足立　光宏,,1977|阪　急|21|0|0|0|0|0|0|0|0|0|0|0|0|0|0|0|0|0|.000|.000|.000,_data\master_csv__rescrape_staging\pitching_1977_PL_from_master.csv,2
CSV_ER,ER,0,0,index_20,20,.000,1977,71173808,足立　光宏,,1977|阪　急|21|0|0|0|0|0|0|0|0|0|0|0|0|0|0|0|0|0|.000|.000|.000,_data\master_csv__rescrape_staging\pitching_1977_PL_from_master.csv,2
CSV_ER,ER,0,0,index_21,21,.000,1977,71173808,足立　光宏,,1977|阪　急|21|0|0|0|0|0|0|0|0|0|0|0|0|0|0|0|0|0|.000|.000|.000,_data\master_csv__rescrape_staging\pitching_1977_PL_from_master.csv,2
CSV_ER,ER,0,0,index_22,22,.000,1977,71173808,足立　光宏,,1977|阪　急|21|0|0|0|0|0|0|0|0|0|0|0|0|0|0|0|0|0|.000|.000|.000,_data\master_csv__rescrape_staging\pitching_1977_PL_from_master.csv,2
CSV_ERA,ERA,54.0,54,防御率,23,54,1977,71173808,足立　光宏,年度|所属球団|登板|勝利|敗北|セーブ|H|HP|完投|完封勝|無四球|勝率|打者|投球回|安打|本塁打|四球|死球|三振|暴投|ボーク|失点|自責点|防御率,1977|阪　急|20|7|7|0|||7|2|3|.500|461|114|114||117|10|17|3|38|0|0|54|40|3.16,_data\master_csv__rescrape_staging\pitching_1977_PL_from_master.csv,2
CSV_ER,ER,2,2,無四球,10,2,1977,31333843,稲葉　光雄,年度|所属球団|登板|勝利|敗北|セーブ|H|HP|完投|完封勝|無四球|勝率|打者|投球回|安打|本塁打|四球|死球|三振|暴投|ボーク|失点|自責点|防御率,1977|阪　急|30|17|6|1|||9|4|2|.739|757|190 .2|190|.2|146|17|51|7|104|0|2|56|52|2.45,_data\master_csv__rescrape_staging\pitching_1977_PL_from_master.csv,3
CSV_ER,ER,2,2,自責点,22,2,1977,31333843,稲葉　光雄,年度|所属球団|登板|勝利|敗北|セーブ|H|HP|完投|完封勝|無四球|勝率|打者|投球回|安打|本塁打|四球|死球|三振|暴投|ボーク|失点|自責点|防御率,1977|阪　急|30|17|6|1|||9|4|2|.739|757|190 .2|190|.2|146|17|51|7|104|0|2|56|52|2.45,_data\master_csv__rescrape_staging\pitching_1977_PL_from_master.csv,3
CSV_ERA,ERA,56.0,56,防御率,23,56,1977,31333843,稲葉　光雄,年度|所属球団|登板|勝利|敗北|セーブ|H|HP|完投|完封勝|無四球|勝率|打者|投球回|安打|本塁打|四球|死球|三振|暴投|ボーク|失点|自責点|防御率,1977|阪　急|30|17|6|1|||9|4|2|.739|757|190 .2|190|.2|146|17|51|7|104|0|2|56|52|2.45,_data\master_csv__rescrape_staging\pitching_1977_PL_from_master.csv,3
CSV_ER,ER,0,0,セーブ,5,0,1977,51353843,今井　雄太郎,年度|所属球団|登板|勝利|敗北|セーブ|H|HP|完投|完封勝|無四球|勝率|打者|投球回|安打|本塁打|四球|死球|三振|暴投|ボーク|失点|自責点|防御率,1977|阪　急|12|1|3|0|||3|0|0|.250|222|46 .2|46|.2|55|7|26|2|32|0|0|30|22|4.21,_data\master_csv__rescrape_staging\pitching_1977_PL_from_master.csv,4
CSV_ER,ER,0,0,完封勝,9,0,1977,51353843,今井　雄太郎,年度|所属球団|登板|勝利|敗北|セーブ|H|HP|完投|完封勝|無四球|勝率|打者|投球回|安打|本塁打|四球|死球|三振|暴投|ボーク|失点|自責点|防御率,1977|阪　急|12|1|3|0|||3|0|0|.250|222|46 .2|46|.2|55|7|26|2|32|0|0|30|22|4.21,_data\master_csv__rescrape_staging\pitching_1977_PL_from_master.csv,4
CSV_ER,ER,0,0,無四球,10,0,1977,51353843,今井　雄太郎,年度|所属球団|登板|勝利|敗北|セーブ|H|HP|完投|完封勝|無四球|勝率|打者|投球回|安打|本塁打|四球|死球|三振|暴投|ボーク|失点|自責点|防御率,1977|阪　急|12|1|3|0|||3|0|0|.250|222|46 .2|46|.2|55|7|26|2|32|0|0|30|22|4.21,_data\master_csv__rescrape_staging\pitching_1977_PL_from_master.csv,4
CSV_ER,ER,0,0,失点,21,0,1977,51353843,今井　雄太郎,年度|所属球団|登板|勝利|敗北|セーブ|H|HP|完投|完封勝|無四球|勝率|打者|投球回|安打|本塁打|四球|死球|三振|暴投|ボーク|失点|自責点|防御率,1977|阪　急|12|1|3|0|||3|0|0|.250|222|46 .2|46|.2|55|7|26|2|32|0|0|30|22|4.21,_data\master_csv__rescrape_staging\pitching_1977_PL_from_master.csv,4
CSV_ER,ER,0,0,自責点,22,0,1977,51353843,今井　雄太郎,年度|所属球団|登板|勝利|敗北|セーブ|H|HP|完投|完封勝|無四球|勝率|打者|投球回|安打|本塁打|四球|死球|三振|暴投|ボーク|失点|自責点|防御率,1977|阪　急|12|1|3|0|||3|0|0|.250|222|46 .2|46|.2|55|7|26|2|32|0|0|30|22|4.21,_data\master_csv__rescrape_staging\pitching_1977_PL_from_master.csv,4
CSV_ER,ER,0,0,index_3,3,0,1977,51353843,今井　雄太郎,,1977|阪　急|13|0|0|0|0|0|0|0|0|0|0|0|0|0|0|0|0|0|.000|.000|.000,_data\master_csv__rescrape_staging\pitching_1977_PL_from_master.csv,4
CSV_ER,ER,0,0,index_4,4,0,1977,51353843,今井　雄太郎,,1977|阪　急|13|0|0|0|0|0|0|0|0|0|0|0|0|0|0|0|0|0|.000|.000|.000,_data\master_csv__rescrape_staging\pitching_1977_PL_from_master.csv,4
CSV_ER,ER,0,0,index_5,5,0,1977,51353843,今井　雄太郎,,1977|阪　急|13|0|0|0|0|0|0|0|0|0|0|0|0|0|0|0|0|0|.000|.000|.000,_data\master_csv__rescrape_staging\pitching_1977_PL_from_master.csv,4
CSV_ER,ER,0,0,index_6,6,0,1977,51353843,今井　雄太郎,,1977|阪　急|13|0|0|0|0|0|0|0|0|0|0|0|0|0|0|0|0|0|.000|.000|.000,_data\master_csv__rescrape_staging\pitching_1977_PL_from_master.csv,4
CSV_ER,ER,0,0,index_7,7,0,1977,51353843,今井　雄太郎,,1977|阪　急|13|0|0|0|0|0|0|0|0|0|0|0|0|0|0|0|0|0|.000|.000|.000,_data\master_csv__rescrape_staging\pitching_1977_PL_from_master.csv,4
CSV_ER,ER,0,0,index_8,8,0,1977,51353843,今井　雄太郎,,1977|阪　急|13|0|0|0|0|0|0|0|0|0|0|0|0|0|0|0|0|0|.000|.000|.000,_data\master_csv__rescrape_staging\pitching_1977_PL_from_master.csv,4
CSV_ER,ER,0,0,index_9,9,0,1977,51353843,今井　雄太郎,,1977|阪　急|13|0|0|0|0|0|0|0|0|0|0|0|0|0|0|0|0|0|.000|.000|.000,_data\master_csv__rescrape_staging\pitching_1977_PL_from_master.csv,4
CSV_ER,ER,0,0,index_10,10,0,1977,51353843,今井　雄太郎,,1977|阪　急|13|0|0|0|0|0|0|0|0|0|0|0|0|0|0|0|0|0|.000|.000|.000,_data\master_csv__rescrape_staging\pitching_1977_PL_from_master.csv,4
CSV_ER,ER,0,0,index_11,11,0,1977,51353843,今井　雄太郎,,1977|阪　急|13|0|0|0|0|0|0|0|0|0|0|0|0|0|0|0|0|0|.000|.000|.000,_data\master_csv__rescrape_staging\pitching_1977_PL_from_master.csv,4
CSV_ER,ER,0,0,index_12,12,0,1977,51353843,今井　雄太郎,,1977|阪　急|13|0|0|0|0|0|0|0|0|0|0|0|0|0|0|0|0|0|.000|.000|.000,_data\master_csv__rescrape_staging\pitching_1977_PL_from_master.csv,4
CSV_ER,ER,0,0,index_13,13,0,1977,51353843,今井　雄太郎,,1977|阪　急|13|0|0|0|0|0|0|0|0|0|0|0|0|0|0|0|0|0|.000|.000|.000,_data\master_csv__rescrape_staging\pitching_1977_PL_from_master.csv,4
CSV_ER,ER,0,0,index_14,14,0,1977,51353843,今井　雄太郎,,1977|阪　急|13|0|0|0|0|0|0|0|0|0|0|0|0|0|0|0|0|0|.000|.000|.000,_data\master_csv__rescrape_staging\pitching_1977_PL_from_master.csv,4
CSV_ER,ER,0,0,index_15,15,0,1977,51353843,今井　雄太郎,,1977|阪　急|13|0|0|0|0|0|0|0|0|0|0|0|0|0|0|0|0|0|.000|.000|.000,_data\master_csv__rescrape_staging\pitching_1977_PL_from_master.csv,4
CSV_ER,ER,0,0,index_16,16,0,1977,51353843,今井　雄太郎,,1977|阪　急|13|0|0|0|0|0|0|0|0|0|0|0|0|0|0|0|0|0|.000|.000|.000,_data\master_csv__rescrape_staging\pitching_1977_PL_from_master.csv,4
CSV_ER,ER,0,0,index_17,17,0,1977,51353843,今井　雄太郎,,1977|阪　急|13|0|0|0|0|0|0|0|0|0|0|0|0|0|0|0|0|0|.000|.000|.000,_data\master_csv__rescrape_staging\pitching_1977_PL_from_master.csv,4
CSV_ER,ER,0,0,index_18,18,0,1977,51353843,今井　雄太郎,,1977|阪　急|13|0|0|0|0|0|0|0|0|0|0|0|0|0|0|0|0|0|.000|.000|.000,_data\master_csv__rescrape_staging\pitching_1977_PL_from_master.csv,4
CSV_ER,ER,0,0,index_19,19,0,1977,51353843,今井　雄太郎,,1977|阪　急|13|0|0|0|0|0|0|0|0|0|0|0|0|0|0|0|0|0|.000|.000|.000,_data\master_csv__rescrape_staging\pitching_1977_PL_from_master.csv,4
CSV_ER,ER,0,0,index_20,20,.000,1977,51353843,今井　雄太郎,,1977|阪　急|13|0|0|0|0|0|0|0|0|0|0|0|0|0|0|0|0|0|.000|.000|.000,_data\master_csv__rescrape_staging\pitching_1977_PL_from_master.csv,4
CSV_ER,ER,0,0,index_21,21,.000,1977,51353843,今井　雄太郎,,1977|阪　急|13|0|0|0|0|0|0|0|0|0|0|0|0|0|0|0|0|0|.000|.000|.000,_data\master_csv__rescrape_staging\pitching_1977_PL_from_master.csv,4
CSV_ER,ER,0,0,index_22,22,.000,1977,51353843,今井　雄太郎,,1977|阪　急|13|0|0|0|0|0|0|0|0|0|0|0|0|0|0|0|0|0|.000|.000|.000,_data\master_csv__rescrape_staging\pitching_1977_PL_from_master.csv,4
CSV_ERA,ERA,30.0,30,防御率,23,30,1977,51353843,今井　雄太郎,年度|所属球団|登板|勝利|敗北|セーブ|H|HP|完投|完封勝|無四球|勝率|打者|投球回|安打|本塁打|四球|死球|三振|暴投|ボーク|失点|自責点|防御率,1977|阪　急|12|1|3|0|||3|0|0|.250|222|46 .2|46|.2|55|7|26|2|32|0|0|30|22|4.21,_data\master_csv__rescrape_staging\pitching_1977_PL_from_master.csv,4
CSV_IP,IP,34.0,34,投球回,13,34,1977,11513826,川畑　和人,年度|所属球団|登板|勝利|敗北|セーブ|H|HP|完投|完封勝|無四球|勝率|打者|投球回|安打|本塁打|四球|死球|三振|暴投|ボーク|失点|自責点|防御率,1977|阪　急|12|1|2|0|||0|0|0|.333|163|34|34||34|2|27|2|11|1|0|23|13|3.44,_data\master_csv__rescrape_staging\pitching_1977_PL_from_master.csv,6
CSV_IP,IP,34.0,34,安打,14,34,1977,11513826,川畑　和人,年度|所属球団|登板|勝利|敗北|セーブ|H|HP|完投|完封勝|無四球|勝率|打者|投球回|安打|本塁打|四球|死球|三振|暴投|ボーク|失点|自責点|防御率,1977|阪　急|12|1|2|0|||0|0|0|.333|163|34|34||34|2|27|2|11|1|0|23|13|3.44,_data\master_csv__rescrape_staging\pitching_1977_PL_from_master.csv,6
CSV_IP,IP,34.0,34,四球,16,34,1977,11513826,川畑　和人,年度|所属球団|登板|勝利|敗北|セーブ|H|HP|完投|完封勝|無四球|勝率|打者|投球回|安打|本塁打|四球|死球|三振|暴投|ボーク|失点|自責点|防御率,1977|阪　急|12|1|2|0|||0|0|0|.333|163|34|34||34|2|27|2|11|1|0|23|13|3.44,_data\master_csv__rescrape_staging\pitching_1977_PL_from_master.csv,6
CSV_ER,ER,0,0,セーブ,5,0,1977,11513826,川畑　和人,年度|所属球団|登板|勝利|敗北|セーブ|H|HP|完投|完封勝|無四球|勝率|打者|投球回|安打|本塁打|四球|死球|三振|暴投|ボーク|失点|自責点|防御率,1977|阪　急|12|1|2|0|||0|0|0|.333|163|34|34||34|2|27|2|11|1|0|23|13|3.44,_data\master_csv__rescrape_staging\pitching_1977_PL_from_master.csv,6
CSV_ER,ER,0,0,完投,8,0,1977,11513826,川畑　和人,年度|所属球団|登板|勝利|敗北|セーブ|H|HP|完投|完封勝|無四球|勝率|打者|投球回|安打|本塁打|四球|死球|三振|暴投|ボーク|失点|自責点|防御率,1977|阪　急|12|1|2|0|||0|0|0|.333|163|34|34||34|2|27|2|11|1|0|23|13|3.44,_data\master_csv__rescrape_staging\pitching_1977_PL_from_master.csv,6
CSV_ER,ER,0,0,完封勝,9,0,1977,11513826,川畑　和人,年度|所属球団|登板|勝利|敗北|セーブ|H|HP|完投|完封勝|無四球|勝率|打者|投球回|安打|本塁打|四球|死球|三振|暴投|ボーク|失点|自責点|防御率,1977|阪　急|12|1|2|0|||0|0|0|.333|163|34|34||34|2|27|2|11|1|0|23|13|3.44,_data\master_csv__rescrape_staging\pitching_1977_PL_from_master.csv,6
CSV_ER,ER,0,0,無四球,10,0,1977,11513826,川畑　和人,年度|所属球団|登板|勝利|敗北|セーブ|H|HP|完投|完封勝|無四球|勝率|打者|投球回|安打|本塁打|四球|死球|三振|暴投|ボーク|失点|自責点|防御率,1977|阪　急|12|1|2|0|||0|0|0|.333|163|34|34||34|2|27|2|11|1|0|23|13|3.44,_data\master_csv__rescrape_staging\pitching_1977_PL_from_master.csv,6
CSV_ER,ER,0,0,自責点,22,0,1977,11513826,川畑　和人,年度|所属球団|登板|勝利|敗北|セーブ|H|HP|完投|完封勝|無四球|勝率|打者|投球回|安打|本塁打|四球|死球|三振|暴投|ボーク|失点|自責点|防御率,1977|阪　急|12|1|2|0|||0|0|0|.333|163|34|34||34|2|27|2|11|1|0|23|13|3.44,_data\master_csv__rescrape_staging\pitching_1977_PL_from_master.csv,6
CSV_ER,ER,0,0,index_3,3,0,1977,11513826,川畑　和人,,1977|阪　急|12|0|0|0|0|0|0|0|0|0|0|0|0|0|0|0|0|0|.000|.000|.000,_data\master_csv__rescrape_staging\pitching_1977_PL_from_master.csv,6
CSV_ER,ER,0,0,index_4,4,0,1977,11513826,川畑　和人,,1977|阪　急|12|0|0|0|0|0|0|0|0|0|0|0|0|0|0|0|0|0|.000|.000|.000,_data\master_csv__rescrape_staging\pitching_1977_PL_from_master.csv,6
CSV_ER,ER,0,0,index_5,5,0,1977,11513826,川畑　和人,,1977|阪　急|12|0|0|0|0|0|0|0|0|0|0|0|0|0|0|0|0|0|.000|.000|.000,_data\master_csv__rescrape_staging\pitching_1977_PL_from_master.csv,6
CSV_ER,ER,0,0,index_6,6,0,1977,11513826,川畑　和人,,1977|阪　急|12|0|0|0|0|0|0|0|0|0|0|0|0|0|0|0|0|0|.000|.000|.000,_data\master_csv__rescrape_staging\pitching_1977_PL_from_master.csv,6
CSV_ER,ER,0,0,index_7,7,0,1977,11513826,川畑　和人,,1977|阪　急|12|0|0|0|0|0|0|0|0|0|0|0|0|0|0|0|0|0|.000|.000|.000,_data\master_csv__rescrape_staging\pitching_1977_PL_from_master.csv,6
CSV_ER,ER,0,0,index_8,8,0,1977,11513826,川畑　和人,,1977|阪　急|12|0|0|0|0|0|0|0|0|0|0|0|0|0|0|0|0|0|.000|.000|.000,_data\master_csv__rescrape_staging\pitching_1977_PL_from_master.csv,6
CSV_ER,ER,0,0,index_9,9,0,1977,11513826,川畑　和人,,1977|阪　急|12|0|0|0|0|0|0|0|0|0|0|0|0|0|0|0|0|0|.000|.000|.000,_data\master_csv__rescrape_staging\pitching_1977_PL_from_master.csv,6
CSV_ER,ER,0,0,index_10,10,0,1977,11513826,川畑　和人,,1977|阪　急|12|0|0|0|0|0|0|0|0|0|0|0|0|0|0|0|0|0|.000|.000|.000,_data\master_csv__rescrape_staging\pitching_1977_PL_from_master.csv,6
CSV_ER,ER,0,0,index_11,11,0,1977,11513826,川畑　和人,,1977|阪　急|12|0|0|0|0|0|0|0|0|0|0|0|0|0|0|0|0|0|.000|.000|.000,_data\master_csv__rescrape_staging\pitching_1977_PL_from_master.csv,6
CSV_ER,ER,0,0,index_12,12,0,1977,11513826,川畑　和人,,1977|阪　急|12|0|0|0|0|0|0|0|0|0|0|0|0|0|0|0|0|0|.000|.000|.000,_data\master_csv__rescrape_staging\pitching_1977_PL_from_master.csv,6
CSV_ER,ER,0,0,index_13,13,0,1977,11513826,川畑　和人,,1977|阪　急|12|0|0|0|0|0|0|0|0|0|0|0|0|0|0|0|0|0|.000|.000|.000,_data\master_csv__rescrape_staging\pitching_1977_PL_from_master.csv,6
CSV_ER,ER,0,0,index_14,14,0,1977,11513826,川畑　和人,,1977|阪　急|12|0|0|0|0|0|0|0|0|0|0|0|0|0|0|0|0|0|.000|.000|.000,_data\master_csv__rescrape_staging\pitching_1977_PL_from_master.csv,6
CSV_ER,ER,0,0,index_15,15,0,1977,11513826,川畑　和人,,1977|阪　急|12|0|0|0|0|0|0|0|0|0|0|0|0|0|0|0|0|0|.000|.000|.000,_data\master_csv__rescrape_staging\pitching_1977_PL_from_master.csv,6
CSV_ER,ER,0,0,index_16,16,0,1977,11513826,川畑　和人,,1977|阪　急|12|0|0|0|0|0|0|0|0|0|0|0|0|0|0|0|0|0|.000|.000|.000,_data\master_csv__rescrape_staging\pitching_1977_PL_from_master.csv,6
CSV_ER,ER,0,0,index_17,17,0,1977,11513826,川畑　和人,,1977|阪　急|12|0|0|0|0|0|0|0|0|0|0|0|0|0|0|0|0|0|.000|.000|.000,_data\master_csv__rescrape_staging\pitching_1977_PL_from_master.csv,6
CSV_ER,ER,0,0,index_18,18,0,1977,11513826,川畑　和人,,1977|阪　急|12|0|0|0|0|0|0|0|0|0|0|0|0|0|0|0|0|0|.000|.000|.000,_data\master_csv__rescrape_staging\pitching_1977_PL_from_master.csv,6
CSV_ER,ER,0,0,index_19,19,0,1977,11513826,川畑　和人,,1977|阪　急|12|0|0|0|0|0|0|0|0|0|0|0|0|0|0|0|0|0|.000|.000|.000,_data\master_csv__rescrape_staging\pitching_1977_PL_from_master.csv,6
CSV_ER,ER,0,0,index_20,20,.000,1977,11513826,川畑　和人,,1977|阪　急|12|0|0|0|0|0|0|0|0|0|0|0|0|0|0|0|0|0|.000|.000|.000,_data\master_csv__rescrape_staging\pitching_1977_PL_from_master.csv,6
CSV_ER,ER,0,0,index_21,21,.000,1977,11513826,川畑　和人,,1977|阪　急|12|0|0|0|0|0|0|0|0|0|0|0|0|0|0|0|0|0|.000|.000|.000,_data\master_csv__rescrape_staging\pitching_1977_PL_from_master.csv,6
CSV_ER,ER,0,0,index_22,22,.000,1977,11513826,川畑　和人,,1977|阪　急|12|0|0|0|0|0|0|0|0|0|0|0|0|0|0|0|0|0|.000|.000|.000,_data\master_csv__rescrape_staging\pitching_1977_PL_from_master.csv,6
CSV_ERA,ERA,23.0,23,防御率,23,23,1977,11513826,川畑　和人,年度|所属球団|登板|勝利|敗北|セーブ|H|HP|完投|完封勝|無四球|勝率|打者|投球回|安打|本塁打|四球|死球|三振|暴投|ボーク|失点|自責点|防御率,1977|阪　急|12|1|2|0|||0|0|0|.333|163|34|34||34|2|27|2|11|1|0|23|13|3.44,_data\master_csv__rescrape_staging\pitching_1977_PL_from_master.csv,6
CSV_ER,ER,0,0,無四球,10,0,1977,91393844,佐藤　義則,年度|所属球団|登板|勝利|敗北|セーブ|H|HP|完投|完封勝|無四球|勝率|打者|投球回|安打|本塁打|四球|死球|三振|暴投|ボーク|失点|自責点|防御率,1977|阪　急|20|7|3|1|||5|1|0|.700|474|109 .2|109|.2|104|11|50|5|75|4|0|48|47|3.85,_data\master_csv__rescrape_staging\pitching_1977_PL_from_master.csv,8
CSV_ER,ER,0,0,自責点,22,0,1977,91393844,佐藤　義則,年度|所属球団|登板|勝利|敗北|セーブ|H|HP|完投|完封勝|無四球|勝率|打者|投球回|安打|本塁打|四球|死球|三振|暴投|ボーク|失点|自責点|防御率,1977|阪　急|20|7|3|1|||5|1|0|.700|474|109 .2|109|.2|104|11|50|5|75|4|0|48|47|3.85,_data\master_csv__rescrape_staging\pitching_1977_PL_from_master.csv,8
CSV_ER,ER,0,0,index_3,3,0,1977,91393844,佐藤　義則,,1977|阪　急|23|0|0|0|0|0|0|0|0|0|0|0|0|0|0|0|0|0|.000|.000|.000,_data\master_csv__rescrape_staging\pitching_1977_PL_from_master.csv,8
CSV_ER,ER,0,0,index_4,4,0,1977,91393844,佐藤　義則,,1977|阪　急|23|0|0|0|0|0|0|0|0|0|0|0|0|0|0|0|0|0|.000|.000|.000,_data\master_csv__rescrape_staging\pitching_1977_PL_from_master.csv,8
CSV_ER,ER,0,0,index_5,5,0,1977,91393844,佐藤　義則,,1977|阪　急|23|0|0|0|0|0|0|0|0|0|0|0|0|0|0|0|0|0|.000|.000|.000,_data\master_csv__rescrape_staging\pitching_1977_PL_from_master.csv,8
CSV_ER,ER,0,0,index_6,6,0,1977,91393844,佐藤　義則,,1977|阪　急|23|0|0|0|0|0|0|0|0|0|0|0|0|0|0|0|0|0|.000|.000|.000,_data\master_csv__rescrape_staging\pitching_1977_PL_from_master.csv,8
CSV_ER,ER,0,0,index_7,7,0,1977,91393844,佐藤　義則,,1977|阪　急|23|0|0|0|0|0|0|0|0|0|0|0|0|0|0|0|0|0|.000|.000|.000,_data\master_csv__rescrape_staging\pitching_1977_PL_from_master.csv,8
CSV_ER,ER,0,0,index_8,8,0,1977,91393844,佐藤　義則,,1977|阪　急|23|0|0|0|0|0|0|0|0|0|0|0|0|0|0|0|0|0|.000|.000|.000,_data\master_csv__rescrape_staging\pitching_1977_PL_from_master.csv,8
CSV_ER,ER,0,0,index_9,9,0,1977,91393844,佐藤　義則,,1977|阪　急|23|0|0|0|0|0|0|0|0|0|0|0|0|0|0|0|0|0|.000|.000|.000,_data\master_csv__rescrape_staging\pitching_1977_PL_from_master.csv,8
CSV_ER,ER,0,0,index_10,10,0,1977,91393844,佐藤　義則,,1977|阪　急|23|0|0|0|0|0|0|0|0|0|0|0|0|0|0|0|0|0|.000|.000|.000,_data\master_csv__rescrape_staging\pitching_1977_PL_from_master.csv,8
CSV_ER,ER,0,0,index_11,11,0,1977,91393844,佐藤　義則,,1977|阪　急|23|0|0|0|0|0|0|0|0|0|0|0|0|0|0|0|0|0|.000|.000|.000,_data\master_csv__rescrape_staging\pitching_1977_PL_from_master.csv,8
CSV_ER,ER,0,0,index_12,12,0,1977,91393844,佐藤　義則,,1977|阪　急|23|0|0|0|0|0|0|0|0|0|0|0|0|0|0|0|0|0|.000|.000|.000,_data\master_csv__rescrape_staging\pitching_1977_PL_from_master.csv,8
CSV_ER,ER,0,0,index_13,13,0,1977,91393844,佐藤　義則,,1977|阪　急|23|0|0|0|0|0|0|0|0|0|0|0|0|0|0|0|0|0|.000|.000|.000,_data\master_csv__rescrape_staging\pitching_1977_PL_from_master.csv,8
CSV_ER,ER,0,0,index_14,14,0,1977,91393844,佐藤　義則,,1977|阪　急|23|0|0|0|0|0|0|0|0|0|0|0|0|0|0|0|0|0|.000|.000|.000,_data\master_csv__rescrape_staging\pitching_1977_PL_from_master.csv,8
CSV_ER,ER,0,0,index_15,15,0,1977,91393844,佐藤　義則,,1977|阪　急|23|0|0|0|0|0|0|0|0|0|0|0|0|0|0|0|0|0|.000|.000|.000,_data\master_csv__rescrape_staging\pitching_1977_PL_from_master.csv,8
CSV_ER,ER,0,0,index_16,16,0,1977,91393844,佐藤　義則,,1977|阪　急|23|0|0|0|0|0|0|0|0|0|0|0|0|0|0|0|0|0|.000|.000|.000,_data\master_csv__rescrape_staging\pitching_1977_PL_from_master.csv,8
CSV_ER,ER,0,0,index_17,17,0,1977,91393844,佐藤　義則,,1977|阪　急|23|0|0|0|0|0|0|0|0|0|0|0|0|0|0|0|0|0|.000|.000|.000,_data\master_csv__rescrape_staging\pitching_1977_PL_from_master.csv,8
CSV_ER,ER,0,0,index_18,18,0,1977,91393844,佐藤　義則,,1977|阪　急|23|0|0|0|0|0|0|0|0|0|0|0|0|0|0|0|0|0|.000|.000|.000,_data\master_csv__rescrape_staging\pitching_1977_PL_from_master.csv,8
CSV_ER,ER,0,0,index_19,19,0,1977,91393844,佐藤　義則,,1977|阪　急|23|0|0|0|0|0|0|0|0|0|0|0|0|0|0|0|0|0|.000|.000|.000,_data\master_csv__rescrape_staging\pitching_1977_PL_from_master.csv,8
CSV_ER,ER,0,0,index_20,20,.000,1977,91393844,佐藤　義則,,1977|阪　急|23|0|0|0|0|0|0|0|0|0|0|0|0|0|0|0|0|0|.000|.000|.000,_data\master_csv__rescrape_staging\pitching_1977_PL_from_master.csv,8
CSV_ER,ER,0,0,index_21,21,.000,1977,91393844,佐藤　義則,,1977|阪　急|23|0|0|0|0|0|0|0|0|0|0|0|0|0|0|0|0|0|.000|.000|.000,_data\master_csv__rescrape_staging\pitching_1977_PL_from_master.csv,8
CSV_ER,ER,0,0,index_22,22,.000,1977,91393844,佐藤　義則,,1977|阪　急|23|0|0|0|0|0|0|0|0|0|0|0|0|0|0|0|0|0|.000|.000|.000,_data\master_csv__rescrape_staging\pitching_1977_PL_from_master.csv,8
CSV_ERA,ERA,48.0,48,防御率,23,48,1977,91393844,佐藤　義則,年度|所属球団|登板|勝利|敗北|セーブ|H|HP|完投|完封勝|無四球|勝率|打者|投球回|安打|本塁打|四球|死球|三振|暴投|ボーク|失点|自責点|防御率,1977|阪　急|20|7|3|1|||5|1|0|.700|474|109 .2|109|.2|104|11|50|5|75|4|0|48|47|3.85,_data\master_csv__rescrape_staging\pitching_1977_PL_from_master.csv,8
CSV_ER,ER,0,0,セーブ,5,0,1978,71173824,浅野　啓司,年度|所属球団|登板|勝利|敗北|セーブ|H|HP|完投|完封勝|無四球|勝率|打者|投球回|安打|本塁打|四球|死球|三振|暴投|ボーク|失点|自責点|防御率,1978|読　売|23|2|3|0|||0|0|0|.400|206|45 .2|45|.2|45|2|29|0|21|0|0|33|29|5.67,_data\master_csv__rescrape_staging\pitching_1978_CL_from_master.csv,2
CSV_ER,ER,0,0,完投,8,0,1978,71173824,浅野　啓司,年度|所属球団|登板|勝利|敗北|セーブ|H|HP|完投|完封勝|無四球|勝率|打者|投球回|安打|本塁打|四球|死球|三振|暴投|ボーク|失点|自責点|防御率,1978|読　売|23|2|3|0|||0|0|0|.400|206|45 .2|45|.2|45|2|29|0|21|0|0|33|29|5.67,_data\master_csv__rescrape_staging\pitching_1978_CL_from_master.csv,2
CSV_ER,ER,0,0,完封勝,9,0,1978,71173824,浅野　啓司,年度|所属球団|登板|勝利|敗北|セーブ|H|HP|完投|完封勝|無四球|勝率|打者|投球回|安打|本塁打|四球|死球|三振|暴投|ボーク|失点|自責点|防御率,1978|読　売|23|2|3|0|||0|0|0|.400|206|45 .2|45|.2|45|2|29|0|21|0|0|33|29|5.67,_data\master_csv__rescrape_staging\pitching_1978_CL_from_master.csv,2
CSV_ER,ER,0,0,無四球,10,0,1978,71173824,浅野　啓司,年度|所属球団|登板|勝利|敗北|セーブ|H|HP|完投|完封勝|無四球|勝率|打者|投球回|安打|本塁打|四球|死球|三振|暴投|ボーク|失点|自責点|防御率,1978|読　売|23|2|3|0|||0|0|0|.400|206|45 .2|45|.2|45|2|29|0|21|0|0|33|29|5.67,_data\master_csv__rescrape_staging\pitching_1978_CL_from_master.csv,2
CSV_ER,ER,0,0,暴投,19,0,1978,71173824,浅野　啓司,年度|所属球団|登板|勝利|敗北|セーブ|H|HP|完投|完封勝|無四球|勝率|打者|投球回|安打|本塁打|四球|死球|三振|暴投|ボーク|失点|自責点|防御率,1978|読　売|23|2|3|0|||0|0|0|.400|206|45 .2|45|.2|45|2|29|0|21|0|0|33|29|5.67,_data\master_csv__rescrape_staging\pitching_1978_CL_from_master.csv,2
CSV_ER,ER,0,0,失点,21,0,1978,71173824,浅野　啓司,年度|所属球団|登板|勝利|敗北|セーブ|H|HP|完投|完封勝|無四球|勝率|打者|投球回|安打|本塁打|四球|死球|三振|暴投|ボーク|失点|自責点|防御率,1978|読　売|23|2|3|0|||0|0|0|.400|206|45 .2|45|.2|45|2|29|0|21|0|0|33|29|5.67,_data\master_csv__rescrape_staging\pitching_1978_CL_from_master.csv,2
CSV_ER,ER,0,0,自責点,22,0,1978,71173824,浅野　啓司,年度|所属球団|登板|勝利|敗北|セーブ|H|HP|完投|完封勝|無四球|勝率|打者|投球回|安打|本塁打|四球|死球|三振|暴投|ボーク|失点|自責点|防御率,1978|読　売|23|2|3|0|||0|0|0|.400|206|45 .2|45|.2|45|2|29|0|21|0|0|33|29|5.67,_data\master_csv__rescrape_staging\pitching_1978_CL_from_master.csv,2
CSV_ER,ER,0,0,index_7,7,0,1978,71173824,浅野　啓司,,1978|読　売|23|11|10|1|1|0|0|0|1|0|0|0|0|0|1|0|6|1|.100|.100|,_data\master_csv__rescrape_staging\pitching_1978_CL_from_master.csv,2
CSV_ER,ER,0,0,index_8,8,0,1978,71173824,浅野　啓司,,1978|読　売|23|11|10|1|1|0|0|0|1|0|0|0|0|0|1|0|6|1|.100|.100|,_data\master_csv__rescrape_staging\pitching_1978_CL_from_master.csv,2
CSV_ER,ER,0,0,index_9,9,0,1978,71173824,浅野　啓司,,1978|読　売|23|11|10|1|1|0|0|0|1|0|0|0|0|0|1|0|6|1|.100|.100|,_data\master_csv__rescrape_staging\pitching_1978_CL_from_master.csv,2
CSV_ER,ER,0,0,index_11,11,0,1978,71173824,浅野　啓司,,1978|読　売|23|11|10|1|1|0|0|0|1|0|0|0|0|0|1|0|6|1|.100|.100|,_data\master_csv__rescrape_staging\pitching_1978_CL_from_master.csv,2
CSV_ER,ER,0,0,index_12,12,0,1978,71173824,浅野　啓司,,1978|読　売|23|11|10|1|1|0|0|0|1|0|0|0|0|0|1|0|6|1|.100|.100|,_data\master_csv__rescrape_staging\pitching_1978_CL_from_master.csv,2
CSV_ER,ER,0,0,index_13,13,0,1978,71173824,浅野　啓司,,1978|読　売|23|11|10|1|1|0|0|0|1|0|0|0|0|0|1|0|6|1|.100|.100|,_data\master_csv__rescrape_staging\pitching_1978_CL_from_master.csv,2
CSV_ER,ER,0,0,index_14,14,0,1978,71173824,浅野　啓司,,1978|読　売|23|11|10|1|1|0|0|0|1|0|0|0|0|0|1|0|6|1|.100|.100|,_data\master_csv__rescrape_staging\pitching_1978_CL_from_master.csv,2
CSV_ER,ER,0,0,index_15,15,0,1978,71173824,浅野　啓司,,1978|読　売|23|11|10|1|1|0|0|0|1|0|0|0|0|0|1|0|6|1|.100|.100|,_data\master_csv__rescrape_staging\pitching_1978_CL_from_master.csv,2
CSV_ER,ER,0,0,index_17,17,0,1978,71173824,浅野　啓司,,1978|読　売|23|11|10|1|1|0|0|0|1|0|0|0|0|0|1|0|6|1|.100|.100|,_data\master_csv__rescrape_staging\pitching_1978_CL_from_master.csv,2
CSV_ERA,ERA,33.0,33,防御率,23,33,1978,71173824,浅野　啓司,年度|所属球団|登板|勝利|敗北|セーブ|H|HP|完投|完封勝|無四球|勝率|打者|投球回|安打|本塁打|四球|死球|三振|暴投|ボーク|失点|自責点|防御率,1978|読　売|23|2|3|0|||0|0|0|.400|206|45 .2|45|.2|45|2|29|0|21|0|0|33|29|5.67,_data\master_csv__rescrape_staging\pitching_1978_CL_from_master.csv,2
CSV_ER,ER,1,1,敗北,4,1,1978,01303849,小俣　進,年度|所属球団|登板|勝利|敗北|セーブ|H|HP|完投|完封勝|無四球|勝率|打者|投球回|安打|本塁打|四球|死球|三振|暴投|ボーク|失点|自責点|防御率,1978|読　売|29|2|1|0|||0|0|0|.667|249|57 .1|57|.1|60|3|29|0|28|1|1|27|27|4.26,_data\master_csv__rescrape_staging\pitching_1978_CL_from_master.csv,3
CSV_ER,ER,1,1,失点,21,1,1978,01303849,小俣　進,年度|所属球団|登板|勝利|敗北|セーブ|H|HP|完投|完封勝|無四球|勝率|打者|投球回|安打|本塁打|四球|死球|三振|暴投|ボーク|失点|自責点|防御率,1978|読　売|29|2|1|0|||0|0|0|.667|249|57 .1|57|.1|60|3|29|0|28|1|1|27|27|4.26,_data\master_csv__rescrape_staging\pitching_1978_CL_from_master.csv,3
CSV_ER,ER,1,1,自責点,22,1,1978,01303849,小俣　進,年度|所属球団|登板|勝利|敗北|セーブ|H|HP|完投|完封勝|無四球|勝率|打者|投球回|安打|本塁打|四球|死球|三振|暴投|ボーク|失点|自責点|防御率,1978|読　売|29|2|1|0|||0|0|0|.667|249|57 .1|57|.1|60|3|29|0|28|1|1|27|27|4.26,_data\master_csv__rescrape_staging\pitching_1978_CL_from_master.csv,3
CSV_ER,ER,1,1,index_5,5,1,1978,01303849,小俣　進,,1978|読　売|29|8|7|1|0|0|0|0|0|0|0|0|0|0|1|0|5|0|.000|.000|,_data\master_csv__rescrape_staging\pitching_1978_CL_from_master.csv,3
CSV_ER,ER,1,1,index_16,16,1,1978,01303849,小俣　進,,1978|読　売|29|8|7|1|0|0|0|0|0|0|0|0|0|0|1|0|5|0|.000|.000|,_data\master_csv__rescrape_staging\pitching_1978_CL_from_master.csv,3
CSV_ERA,ERA,27.0,27,防御率,23,27,1978,01303849,小俣　進,年度|所属球団|登板|勝利|敗北|セーブ|H|HP|完投|完封勝|無四球|勝率|打者|投球回|安打|本塁打|四球|死球|三振|暴投|ボーク|失点|自責点|防御率,1978|読　売|29|2|1|0|||0|0|0|.667|249|57 .1|57|.1|60|3|29|0|28|1|1|27|27|4.26,_data\master_csv__rescrape_staging\pitching_1978_CL_from_master.csv,3
CSV_ERA,ERA,27.0,27,index_24,24,27,1978,01303849,小俣　進,年度|所属球団|登板|勝利|敗北|セーブ|H|HP|完投|完封勝|無四球|勝率|打者|投球回|安打|本塁打|四球|死球|三振|暴投|ボーク|失点|自責点|防御率,1978|読　売|29|2|1|0|||0|0|0|.667|249|57 .1|57|.1|60|3|29|0|28|1|1|27|27|4.26,_data\master_csv__rescrape_staging\pitching_1978_CL_from_master.csv,3
CSV_IP,IP,157.0,157,投球回,13,157,1978,31333845,加藤　初,年度|所属球団|登板|勝利|敗北|セーブ|H|HP|完投|完封勝|無四球|勝率|打者|投球回|安打|本塁打|四球|死球|三振|暴投|ボーク|失点|自責点|防御率,1978|読　売|34|8|5|3|||4|0|0|.615|661|157|157||146|17|64|8|114|5|1|70|63|3.61,_data\master_csv__rescrape_staging\pitching_1978_CL_from_master.csv,4
CSV_IP,IP,157.0,157,安打,14,157,1978,31333845,加藤　初,年度|所属球団|登板|勝利|敗北|セーブ|H|HP|完投|完封勝|無四球|勝率|打者|投球回|安打|本塁打|四球|死球|三振|暴投|ボーク|失点|自責点|防御率,1978|読　売|34|8|5|3|||4|0|0|.615|661|157|157||146|17|64|8|114|5|1|70|63|3.61,_data\master_csv__rescrape_staging\pitching_1978_CL_from_master.csv,4
CSV_ER,ER,1,1,自責点,22,1,1978,31333845,加藤　初,年度|所属球団|登板|勝利|敗北|セーブ|H|HP|完投|完封勝|無四球|勝率|打者|投球回|安打|本塁打|四球|死球|三振|暴投|ボーク|失点|自責点|防御率,1978|読　売|34|8|5|3|||4|0|0|.615|661|157|157||146|17|64|8|114|5|1|70|63|3.61,_data\master_csv__rescrape_staging\pitching_1978_CL_from_master.csv,4
CSV_ER,ER,1,1,index_5,5,1,1978,31333845,加藤　初,,1978|読　売|34|60|51|1|4|0|0|0|4|2|0|0|5|1|3|0|18|0|.078|.078|,_data\master_csv__rescrape_staging\pitching_1978_CL_from_master.csv,4
CSV_ER,ER,1,1,index_15,15,1,1978,31333845,加藤　初,,1978|読　売|34|60|51|1|4|0|0|0|4|2|0|0|5|1|3|0|18|0|.078|.078|,_data\master_csv__rescrape_staging\pitching_1978_CL_from_master.csv,4
CSV_ERA,ERA,70.0,70,防御率,23,70,1978,31333845,加藤　初,年度|所属球団|登板|勝利|敗北|セーブ|H|HP|完投|完封勝|無四球|勝率|打者|投球回|安打|本塁打|四球|死球|三振|暴投|ボーク|失点|自責点|防御率,1978|読　売|34|8|5|3|||4|0|0|.615|661|157|157||146|17|64|8|114|5|1|70|63|3.61,_data\master_csv__rescrape_staging\pitching_1978_CL_from_master.csv,4
CSV_ER,ER,1,1,自責点,22,1,1978,71573847,小林　繁,年度|所属球団|登板|勝利|敗北|セーブ|H|HP|完投|完封勝|無四球|勝率|打者|投球回|安打|本塁打|四球|死球|三振|暴投|ボーク|失点|自責点|防御率,1978|読　売|43|13|12|2|||5|0|2|.520|805|191 .1|191|.1|176|23|73|12|130|3|1|97|87|4.10,_data\master_csv__rescrape_staging\pitching_1978_CL_from_master.csv,5
CSV_ER,ER,1,1,index_11,11,1,1978,71573847,小林　繁,,1978|読　売|43|76|67|3|12|2|0|0|14|1|0|0|5|0|4|0|27|0|.179|.209|,_data\master_csv__rescrape_staging\pitching_1978_CL_from_master.csv,5
CSV_ERA,ERA,97.0,97,防御率,23,97,1978,71573847,小林　繁,年度|所属球団|登板|勝利|敗北|セーブ|H|HP|完投|完封勝|無四球|勝率|打者|投球回|安打|本塁打|四球|死球|三振|暴投|ボーク|失点|自責点|防御率,1978|読　売|43|13|12|2|||5|0|2|.520|805|191 .1|191|.1|176|23|73|12|130|3|1|97|87|4.10,_data\master_csv__rescrape_staging\pitching_1978_CL_from_master.csv,5
CSV_ER,ER,0,0,完投,8,0,1978,91593846,角　三男,年度|所属球団|登板|勝利|敗北|セーブ|H|HP|完投|完封勝|無四球|勝率|打者|投球回|安打|本塁打|四球|死球|三振|暴投|ボーク|失点|自責点|防御率,1978|読　売|60|5|7|7|||0|0|0|.417|477|112 .2|112|.2|76|6|77|6|89|1|0|38|36|2.87,_data\master_csv__rescrape_staging\pitching_1978_CL_from_master.csv,8
CSV_ER,ER,0,0,完封勝,9,0,1978,91593846,角　三男,年度|所属球団|登板|勝利|敗北|セーブ|H|HP|完投|完封勝|無四球|勝率|打者|投球回|安打|本塁打|四球|死球|三振|暴投|ボーク|失点|自責点|防御率,1978|読　売|60|5|7|7|||0|0|0|.417|477|112 .2|112|.2|76|6|77|6|89|1|0|38|36|2.87,_data\master_csv__rescrape_staging\pitching_1978_CL_from_master.csv,8
CSV_ER,ER,0,0,無四球,10,0,1978,91593846,角　三男,年度|所属球団|登板|勝利|敗北|セーブ|H|HP|完投|完封勝|無四球|勝率|打者|投球回|安打|本塁打|四球|死球|三振|暴投|ボーク|失点|自責点|防御率,1978|読　売|60|5|7|7|||0|0|0|.417|477|112 .2|112|.2|76|6|77|6|89|1|0|38|36|2.87,_data\master_csv__rescrape_staging\pitching_1978_CL_from_master.csv,8
CSV_ER,ER,0,0,自責点,22,0,1978,91593846,角　三男,年度|所属球団|登板|勝利|敗北|セーブ|H|HP|完投|完封勝|無四球|勝率|打者|投球回|安打|本塁打|四球|死球|三振|暴投|ボーク|失点|自責点|防御率,1978|読　売|60|5|7|7|||0|0|0|.417|477|112 .2|112|.2|76|6|77|6|89|1|0|38|36|2.87,_data\master_csv__rescrape_staging\pitching_1978_CL_from_master.csv,8
CSV_ER,ER,0,0,index_7,7,0,1978,91593846,角　三男,,1978|読　売|60|28|27|1|3|0|0|0|3|0|0|0|0|0|1|0|11|0|.111|.111|,_data\master_csv__rescrape_staging\pitching_1978_CL_from_master.csv,8
CSV_ER,ER,0,0,index_8,8,0,1978,91593846,角　三男,,1978|読　売|60|28|27|1|3|0|0|0|3|0|0|0|0|0|1|0|11|0|.111|.111|,_data\master_csv__rescrape_staging\pitching_1978_CL_from_master.csv,8
CSV_ER,ER,0,0,index_9,9,0,1978,91593846,角　三男,,1978|読　売|60|28|27|1|3|0|0|0|3|0|0|0|0|0|1|0|11|0|.111|.111|,_data\master_csv__rescrape_staging\pitching_1978_CL_from_master.csv,8
CSV_ER,ER,0,0,index_11,11,0,1978,91593846,角　三男,,1978|読　売|60|28|27|1|3|0|0|0|3|0|0|0|0|0|1|0|11|0|.111|.111|,_data\master_csv__rescrape_staging\pitching_1978_CL_from_master.csv,8
CSV_ER,ER,0,0,index_12,12,0,1978,91593846,角　三男,,1978|読　売|60|28|27|1|3|0|0|0|3|0|0|0|0|0|1|0|11|0|.111|.111|,_data\master_csv__rescrape_staging\pitching_1978_CL_from_master.csv,8
CSV_ER,ER,0,0,index_13,13,0,1978,91593846,角　三男,,1978|読　売|60|28|27|1|3|0|0|0|3|0|0|0|0|0|1|0|11|0|.111|.111|,_data\master_csv__rescrape_staging\pitching_1978_CL_from_master.csv,8
CSV_ER,ER,0,0,index_14,14,0,1978,91593846,角　三男,,1978|読　売|60|28|27|1|3|0|0|0|3|0|0|0|0|0|1|0|11|0|.111|.111|,_data\master_csv__rescrape_staging\pitching_1978_CL_from_master.csv,8
CSV_ER,ER,0,0,index_15,15,0,1978,91593846,角　三男,,1978|読　売|60|28|27|1|3|0|0|0|3|0|0|0|0|0|1|0|11|0|.111|.111|,_data\master_csv__rescrape_staging\pitching_1978_CL_from_master.csv,8
CSV_ER,ER,0,0,index_17,17,0,1978,91593846,角　三男,,1978|読　売|60|28|27|1|3|0|0|0|3|0|0|0|0|0|1|0|11|0|.111|.111|,_data\master_csv__rescrape_staging\pitching_1978_CL_from_master.csv,8
CSV_ER,ER,0,0,index_19,19,0,1978,91593846,角　三男,,1978|読　売|60|28|27|1|3|0|0|0|3|0|0|0|0|0|1|0|11|0|.111|.111|,_data\master_csv__rescrape_staging\pitching_1978_CL_from_master.csv,8
CSV_ERA,ERA,38.0,38,防御率,23,38,1978,91593846,角　三男,年度|所属球団|登板|勝利|敗北|セーブ|H|HP|完投|完封勝|無四球|勝率|打者|投球回|安打|本塁打|四球|死球|三振|暴投|ボーク|失点|自責点|防御率,1978|読　売|60|5|7|7|||0|0|0|.417|477|112 .2|112|.2|76|6|77|6|89|1|0|38|36|2.87,_data\master_csv__rescrape_staging\pitching_1978_CL_from_master.csv,8
CSV_ER,ER,0,0,完封勝,9,0,1978,71173808,足立　光宏,年度|所属球団|登板|勝利|敗北|セーブ|H|HP|完投|完封勝|無四球|勝率|打者|投球回|安打|本塁打|四球|死球|三振|暴投|ボーク|失点|自責点|防御率,1978|阪　急|15|4|6|1|||3|0|0|.400|371|85 .2|85|.2|101|13|12|6|23|0|0|47|40|4.19,_data\master_csv__rescrape_staging\pitching_1978_PL_from_master.csv,2
CSV_ER,ER,0,0,無四球,10,0,1978,71173808,足立　光宏,年度|所属球団|登板|勝利|敗北|セーブ|H|HP|完投|完封勝|無四球|勝率|打者|投球回|安打|本塁打|四球|死球|三振|暴投|ボーク|失点|自責点|防御率,1978|阪　急|15|4|6|1|||3|0|0|.400|371|85 .2|85|.2|101|13|12|6|23|0|0|47|40|4.19,_data\master_csv__rescrape_staging\pitching_1978_PL_from_master.csv,2
CSV_ER,ER,0,0,失点,21,0,1978,71173808,足立　光宏,年度|所属球団|登板|勝利|敗北|セーブ|H|HP|完投|完封勝|無四球|勝率|打者|投球回|安打|本塁打|四球|死球|三振|暴投|ボーク|失点|自責点|防御率,1978|阪　急|15|4|6|1|||3|0|0|.400|371|85 .2|85|.2|101|13|12|6|23|0|0|47|40|4.19,_data\master_csv__rescrape_staging\pitching_1978_PL_from_master.csv,2
CSV_ER,ER,0,0,自責点,22,0,1978,71173808,足立　光宏,年度|所属球団|登板|勝利|敗北|セーブ|H|HP|完投|完封勝|無四球|勝率|打者|投球回|安打|本塁打|四球|死球|三振|暴投|ボーク|失点|自責点|防御率,1978|阪　急|15|4|6|1|||3|0|0|.400|371|85 .2|85|.2|101|13|12|6|23|0|0|47|40|4.19,_data\master_csv__rescrape_staging\pitching_1978_PL_from_master.csv,2
CSV_ER,ER,0,0,index_3,3,0,1978,71173808,足立　光宏,,1978|阪　急|15|0|0|0|0|0|0|0|0|0|0|0|0|0|0|0|0|0|.000|.000|.000,_data\master_csv__rescrape_staging\pitching_1978_PL_from_master.csv,2
CSV_ER,ER,0,0,index_4,4,0,1978,71173808,足立　光宏,,1978|阪　急|15|0|0|0|0|0|0|0|0|0|0|0|0|0|0|0|0|0|.000|.000|.000,_data\master_csv__rescrape_staging\pitching_1978_PL_from_master.csv,2
CSV_ER,ER,0,0,index_5,5,0,1978,71173808,足立　光宏,,1978|阪　急|15|0|0|0|0|0|0|0|0|0|0|0|0|0|0|0|0|0|.000|.000|.000,_data\master_csv__rescrape_staging\pitching_1978_PL_from_master.csv,2
CSV_ER,ER,0,0,index_6,6,0,1978,71173808,足立　光宏,,1978|阪　急|15|0|0|0|0|0|0|0|0|0|0|0|0|0|0|0|0|0|.000|.000|.000,_data\master_csv__rescrape_staging\pitching_1978_PL_from_master.csv,2
CSV_ER,ER,0,0,index_7,7,0,1978,71173808,足立　光宏,,1978|阪　急|15|0|0|0|0|0|0|0|0|0|0|0|0|0|0|0|0|0|.000|.000|.000,_data\master_csv__rescrape_staging\pitching_1978_PL_from_master.csv,2
CSV_ER,ER,0,0,index_8,8,0,1978,71173808,足立　光宏,,1978|阪　急|15|0|0|0|0|0|0|0|0|0|0|0|0|0|0|0|0|0|.000|.000|.000,_data\master_csv__rescrape_staging\pitching_1978_PL_from_master.csv,2
CSV_ER,ER,0,0,index_9,9,0,1978,71173808,足立　光宏,,1978|阪　急|15|0|0|0|0|0|0|0|0|0|0|0|0|0|0|0|0|0|.000|.000|.000,_data\master_csv__rescrape_staging\pitching_1978_PL_from_master.csv,2
CSV_ER,ER,0,0,index_10,10,0,1978,71173808,足立　光宏,,1978|阪　急|15|0|0|0|0|0|0|0|0|0|0|0|0|0|0|0|0|0|.000|.000|.000,_data\master_csv__rescrape_staging\pitching_1978_PL_from_master.csv,2
CSV_ER,ER,0,0,index_11,11,0,1978,71173808,足立　光宏,,1978|阪　急|15|0|0|0|0|0|0|0|0|0|0|0|0|0|0|0|0|0|.000|.000|.000,_data\master_csv__rescrape_staging\pitching_1978_PL_from_master.csv,2
CSV_ER,ER,0,0,index_12,12,0,1978,71173808,足立　光宏,,1978|阪　急|15|0|0|0|0|0|0|0|0|0|0|0|0|0|0|0|0|0|.000|.000|.000,_data\master_csv__rescrape_staging\pitching_1978_PL_from_master.csv,2
CSV_ER,ER,0,0,index_13,13,0,1978,71173808,足立　光宏,,1978|阪　急|15|0|0|0|0|0|0|0|0|0|0|0|0|0|0|0|0|0|.000|.000|.000,_data\master_csv__rescrape_staging\pitching_1978_PL_from_master.csv,2
CSV_ER,ER,0,0,index_14,14,0,1978,71173808,足立　光宏,,1978|阪　急|15|0|0|0|0|0|0|0|0|0|0|0|0|0|0|0|0|0|.000|.000|.000,_data\master_csv__rescrape_staging\pitching_1978_PL_from_master.csv,2
CSV_ER,ER,0,0,index_15,15,0,1978,71173808,足立　光宏,,1978|阪　急|15|0|0|0|0|0|0|0|0|0|0|0|0|0|0|0|0|0|.000|.000|.000,_data\master_csv__rescrape_staging\pitching_1978_PL_from_master.csv,2
CSV_ER,ER,0,0,index_16,16,0,1978,71173808,足立　光宏,,1978|阪　急|15|0|0|0|0|0|0|0|0|0|0|0|0|0|0|0|0|0|.000|.000|.000,_data\master_csv__rescrape_staging\pitching_1978_PL_from_master.csv,2
CSV_ER,ER,0,0,index_17,17,0,1978,71173808,足立　光宏,,1978|阪　急|15|0|0|0|0|0|0|0|0|0|0|0|0|0|0|0|0|0|.000|.000|.000,_data\master_csv__rescrape_staging\pitching_1978_PL_from_master.csv,2
CSV_ER,ER,0,0,index_18,18,0,1978,71173808,足立　光宏,,1978|阪　急|15|0|0|0|0|0|0|0|0|0|0|0|0|0|0|0|0|0|.000|.000|.000,_data\master_csv__rescrape_staging\pitching_1978_PL_from_master.csv,2
CSV_ER,ER,0,0,index_19,19,0,1978,71173808,足立　光宏,,1978|阪　急|15|0|0|0|0|0|0|0|0|0|0|0|0|0|0|0|0|0|.000|.000|.000,_data\master_csv__rescrape_staging\pitching_1978_PL_from_master.csv,2
CSV_ER,ER,0,0,index_20,20,.000,1978,71173808,足立　光宏,,1978|阪　急|15|0|0|0|0|0|0|0|0|0|0|0|0|0|0|0|0|0|.000|.000|.000,_data\master_csv__rescrape_staging\pitching_1978_PL_from_master.csv,2
CSV_ER,ER,0,0,index_21,21,.000,1978,71173808,足立　光宏,,1978|阪　急|15|0|0|0|0|0|0|0|0|0|0|0|0|0|0|0|0|0|.000|.000|.000,_data\master_csv__rescrape_staging\pitching_1978_PL_from_master.csv,2
CSV_ER,ER,0,0,index_22,22,.000,1978,71173808,足立　光宏,,1978|阪　急|15|0|0|0|0|0|0|0|0|0|0|0|0|0|0|0|0|0|.000|.000|.000,_data\master_csv__rescrape_staging\pitching_1978_PL_from_master.csv,2
CSV_ERA,ERA,47.0,47,防御率,23,47,1978,71173808,足立　光宏,年度|所属球団|登板|勝利|敗北|セーブ|H|HP|完投|完封勝|無四球|勝率|打者|投球回|安打|本塁打|四球|死球|三振|暴投|ボーク|失点|自責点|防御率,1978|阪　急|15|4|6|1|||3|0|0|.400|371|85 .2|85|.2|101|13|12|6|23|0|0|47|40|4.19,_data\master_csv__rescrape_staging\pitching_1978_PL_from_master.csv,2
CSV_IP,IP,164.0,164,投球回,13,164,1978,31333843,稲葉　光雄,年度|所属球団|登板|勝利|敗北|セーブ|H|HP|完投|完封勝|無四球|勝率|打者|投球回|安打|本塁打|四球|死球|三振|暴投|ボーク|失点|自責点|防御率,1978|阪　急|25|10|5|0|||7|3|0|.667|679|164|164||159|17|51|3|74|2|0|62|53|2.91,_data\master_csv__rescrape_staging\pitching_1978_PL_from_master.csv,3
CSV_IP,IP,164.0,164,安打,14,164,1978,31333843,稲葉　光雄,年度|所属球団|登板|勝利|敗北|セーブ|H|HP|完投|完封勝|無四球|勝率|打者|投球回|安打|本塁打|四球|死球|三振|暴投|ボーク|失点|自責点|防御率,1978|阪　急|25|10|5|0|||7|3|0|.667|679|164|164||159|17|51|3|74|2|0|62|53|2.91,_data\master_csv__rescrape_staging\pitching_1978_PL_from_master.csv,3
CSV_ER,ER,0,0,セーブ,5,0,1978,31333843,稲葉　光雄,年度|所属球団|登板|勝利|敗北|セーブ|H|HP|完投|完封勝|無四球|勝率|打者|投球回|安打|本塁打|四球|死球|三振|暴投|ボーク|失点|自責点|防御率,1978|阪　急|25|10|5|0|||7|3|0|.667|679|164|164||159|17|51|3|74|2|0|62|53|2.91,_data\master_csv__rescrape_staging\pitching_1978_PL_from_master.csv,3
CSV_ER,ER,0,0,無四球,10,0,1978,31333843,稲葉　光雄,年度|所属球団|登板|勝利|敗北|セーブ|H|HP|完投|完封勝|無四球|勝率|打者|投球回|安打|本塁打|四球|死球|三振|暴投|ボーク|失点|自責点|防御率,1978|阪　急|25|10|5|0|||7|3|0|.667|679|164|164||159|17|51|3|74|2|0|62|53|2.91,_data\master_csv__rescrape_staging\pitching_1978_PL_from_master.csv,3
CSV_ER,ER,0,0,自責点,22,0,1978,31333843,稲葉　光雄,年度|所属球団|登板|勝利|敗北|セーブ|H|HP|完投|完封勝|無四球|勝率|打者|投球回|安打|本塁打|四球|死球|三振|暴投|ボーク|失点|自責点|防御率,1978|阪　急|25|10|5|0|||7|3|0|.667|679|164|164||159|17|51|3|74|2|0|62|53|2.91,_data\master_csv__rescrape_staging\pitching_1978_PL_from_master.csv,3
CSV_ER,ER,0,0,index_3,3,0,1978,31333843,稲葉　光雄,,1978|阪　急|26|0|0|0|0|0|0|0|0|0|0|0|0|0|0|0|0|0|.000|.000|.000,_data\master_csv__rescrape_staging\pitching_1978_PL_from_master.csv,3
CSV_ER,ER,0,0,index_4,4,0,1978,31333843,稲葉　光雄,,1978|阪　急|26|0|0|0|0|0|0|0|0|0|0|0|0|0|0|0|0|0|.000|.000|.000,_data\master_csv__rescrape_staging\pitching_1978_PL_from_master.csv,3
CSV_ER,ER,0,0,index_5,5,0,1978,31333843,稲葉　光雄,,1978|阪　急|26|0|0|0|0|0|0|0|0|0|0|0|0|0|0|0|0|0|.000|.000|.000,_data\master_csv__rescrape_staging\pitching_1978_PL_from_master.csv,3
CSV_ER,ER,0,0,index_6,6,0,1978,31333843,稲葉　光雄,,1978|阪　急|26|0|0|0|0|0|0|0|0|0|0|0|0|0|0|0|0|0|.000|.000|.000,_data\master_csv__rescrape_staging\pitching_1978_PL_from_master.csv,3
CSV_ER,ER,0,0,index_7,7,0,1978,31333843,稲葉　光雄,,1978|阪　急|26|0|0|0|0|0|0|0|0|0|0|0|0|0|0|0|0|0|.000|.000|.000,_data\master_csv__rescrape_staging\pitching_1978_PL_from_master.csv,3
CSV_ER,ER,0,0,index_8,8,0,1978,31333843,稲葉　光雄,,1978|阪　急|26|0|0|0|0|0|0|0|0|0|0|0|0|0|0|0|0|0|.000|.000|.000,_data\master_csv__rescrape_staging\pitching_1978_PL_from_master.csv,3
CSV_ER,ER,0,0,index_9,9,0,1978,31333843,稲葉　光雄,,1978|阪　急|26|0|0|0|0|0|0|0|0|0|0|0|0|0|0|0|0|0|.000|.000|.000,_data\master_csv__rescrape_staging\pitching_1978_PL_from_master.csv,3
CSV_ER,ER,0,0,index_10,10,0,1978,31333843,稲葉　光雄,,1978|阪　急|26|0|0|0|0|0|0|0|0|0|0|0|0|0|0|0|0|0|.000|.000|.000,_data\master_csv__rescrape_staging\pitching_1978_PL_from_master.csv,3
CSV_ER,ER,0,0,index_11,11,0,1978,31333843,稲葉　光雄,,1978|阪　急|26|0|0|0|0|0|0|0|0|0|0|0|0|0|0|0|0|0|.000|.000|.000,_data\master_csv__rescrape_staging\pitching_1978_PL_from_master.csv,3
CSV_ER,ER,0,0,index_12,12,0,1978,31333843,稲葉　光雄,,1978|阪　急|26|0|0|0|0|0|0|0|0|0|0|0|0|0|0|0|0|0|.000|.000|.000,_data\master_csv__rescrape_staging\pitching_1978_PL_from_master.csv,3
CSV_ER,ER,0,0,index_13,13,0,1978,31333843,稲葉　光雄,,1978|阪　急|26|0|0|0|0|0|0|0|0|0|0|0|0|0|0|0|0|0|.000|.000|.000,_data\master_csv__rescrape_staging\pitching_1978_PL_from_master.csv,3
CSV_ER,ER,0,0,index_14,14,0,1978,31333843,稲葉　光雄,,1978|阪　急|26|0|0|0|0|0|0|0|0|0|0|0|0|0|0|0|0|0|.000|.000|.000,_data\master_csv__rescrape_staging\pitching_1978_PL_from_master.csv,3
CSV_ER,ER,0,0,index_15,15,0,1978,31333843,稲葉　光雄,,1978|阪　急|26|0|0|0|0|0|0|0|0|0|0|0|0|0|0|0|0|0|.000|.000|.000,_data\master_csv__rescrape_staging\pitching_1978_PL_from_master.csv,3
CSV_ER,ER,0,0,index_16,16,0,1978,31333843,稲葉　光雄,,1978|阪　急|26|0|0|0|0|0|0|0|0|0|0|0|0|0|0|0|0|0|.000|.000|.000,_data\master_csv__rescrape_staging\pitching_1978_PL_from_master.csv,3
CSV_ER,ER,0,0,index_17,17,0,1978,31333843,稲葉　光雄,,1978|阪　急|26|0|0|0|0|0|0|0|0|0|0|0|0|0|0|0|0|0|.000|.000|.000,_data\master_csv__rescrape_staging\pitching_1978_PL_from_master.csv,3
CSV_ER,ER,0,0,index_18,18,0,1978,31333843,稲葉　光雄,,1978|阪　急|26|0|0|0|0|0|0|0|0|0|0|0|0|0|0|0|0|0|.000|.000|.000,_data\master_csv__rescrape_staging\pitching_1978_PL_from_master.csv,3
CSV_ER,ER,0,0,index_19,19,0,1978,31333843,稲葉　光雄,,1978|阪　急|26|0|0|0|0|0|0|0|0|0|0|0|0|0|0|0|0|0|.000|.000|.000,_data\master_csv__rescrape_staging\pitching_1978_PL_from_master.csv,3
CSV_ER,ER,0,0,index_20,20,.000,1978,31333843,稲葉　光雄,,1978|阪　急|26|0|0|0|0|0|0|0|0|0|0|0|0|0|0|0|0|0|.000|.000|.000,_data\master_csv__rescrape_staging\pitching_1978_PL_from_master.csv,3
CSV_ER,ER,0,0,index_21,21,.000,1978,31333843,稲葉　光雄,,1978|阪　急|26|0|0|0|0|0|0|0|0|0|0|0|0|0|0|0|0|0|.000|.000|.000,_data\master_csv__rescrape_staging\pitching_1978_PL_from_master.csv,3
CSV_ER,ER,0,0,index_22,22,.000,1978,31333843,稲葉　光雄,,1978|阪　急|26|0|0|0|0|0|0|0|0|0|0|0|0|0|0|0|0|0|.000|.000|.000,_data\master_csv__rescrape_staging\pitching_1978_PL_from_master.csv,3
CSV_ERA,ERA,62.0,62,防御率,23,62,1978,31333843,稲葉　光雄,年度|所属球団|登板|勝利|敗北|セーブ|H|HP|完投|完封勝|無四球|勝率|打者|投球回|安打|本塁打|四球|死球|三振|暴投|ボーク|失点|自責点|防御率,1978|阪　急|25|10|5|0|||7|3|0|.667|679|164|164||159|17|51|3|74|2|0|62|53|2.91,_data\master_csv__rescrape_staging\pitching_1978_PL_from_master.csv,3
CSV_ER,ER,0,0,失点,21,0,1978,51353843,今井　雄太郎,年度|所属球団|登板|勝利|敗北|セーブ|H|HP|完投|完封勝|無四球|勝率|打者|投球回|安打|本塁打|四球|死球|三振|暴投|ボーク|失点|自責点|防御率,1978|阪　急|34|13|4|1|||12|2|4|.765|766|188 .2|188|.2|165|15|49|6|122|0|0|67|50|2.38,_data\master_csv__rescrape_staging\pitching_1978_PL_from_master.csv,4
CSV_ER,ER,0,0,自責点,22,0,1978,51353843,今井　雄太郎,年度|所属球団|登板|勝利|敗北|セーブ|H|HP|完投|完封勝|無四球|勝率|打者|投球回|安打|本塁打|四球|死球|三振|暴投|ボーク|失点|自責点|防御率,1978|阪　急|34|13|4|1|||12|2|4|.765|766|188 .2|188|.2|165|15|49|6|122|0|0|67|50|2.38,_data\master_csv__rescrape_staging\pitching_1978_PL_from_master.csv,4
CSV_ER,ER,0,0,index_3,3,0,1978,51353843,今井　雄太郎,,1978|阪　急|34|0|0|0|0|0|0|0|0|0|0|0|0|0|0|0|0|0|.000|.000|.000,_data\master_csv__rescrape_staging\pitching_1978_PL_from_master.csv,4
CSV_ER,ER,0,0,index_4,4,0,1978,51353843,今井　雄太郎,,1978|阪　急|34|0|0|0|0|0|0|0|0|0|0|0|0|0|0|0|0|0|.000|.000|.000,_data\master_csv__rescrape_staging\pitching_1978_PL_from_master.csv,4
CSV_ER,ER,0,0,index_5,5,0,1978,51353843,今井　雄太郎,,1978|阪　急|34|0|0|0|0|0|0|0|0|0|0|0|0|0|0|0|0|0|.000|.000|.000,_data\master_csv__rescrape_staging\pitching_1978_PL_from_master.csv,4
CSV_ER,ER,0,0,index_6,6,0,1978,51353843,今井　雄太郎,,1978|阪　急|34|0|0|0|0|0|0|0|0|0|0|0|0|0|0|0|0|0|.000|.000|.000,_data\master_csv__rescrape_staging\pitching_1978_PL_from_master.csv,4
CSV_ER,ER,0,0,index_7,7,0,1978,51353843,今井　雄太郎,,1978|阪　急|34|0|0|0|0|0|0|0|0|0|0|0|0|0|0|0|0|0|.000|.000|.000,_data\master_csv__rescrape_staging\pitching_1978_PL_from_master.csv,4
CSV_ER,ER,0,0,index_8,8,0,1978,51353843,今井　雄太郎,,1978|阪　急|34|0|0|0|0|0|0|0|0|0|0|0|0|0|0|0|0|0|.000|.000|.000,_data\master_csv__rescrape_staging\pitching_1978_PL_from_master.csv,4
CSV_ER,ER,0,0,index_9,9,0,1978,51353843,今井　雄太郎,,1978|阪　急|34|0|0|0|0|0|0|0|0|0|0|0|0|0|0|0|0|0|.000|.000|.000,_data\master_csv__rescrape_staging\pitching_1978_PL_from_master.csv,4
CSV_ER,ER,0,0,index_10,10,0,1978,51353843,今井　雄太郎,,1978|阪　急|34|0|0|0|0|0|0|0|0|0|0|0|0|0|0|0|0|0|.000|.000|.000,_data\master_csv__rescrape_staging\pitching_1978_PL_from_master.csv,4
CSV_ER,ER,0,0,index_11,11,0,1978,51353843,今井　雄太郎,,1978|阪　急|34|0|0|0|0|0|0|0|0|0|0|0|0|0|0|0|0|0|.000|.000|.000,_data\master_csv__rescrape_staging\pitching_1978_PL_from_master.csv,4
CSV_ER,ER,0,0,index_12,12,0,1978,51353843,今井　雄太郎,,1978|阪　急|34|0|0|0|0|0|0|0|0|0|0|0|0|0|0|0|0|0|.000|.000|.000,_data\master_csv__rescrape_staging\pitching_1978_PL_from_master.csv,4
CSV_ER,ER,0,0,index_13,13,0,1978,51353843,今井　雄太郎,,1978|阪　急|34|0|0|0|0|0|0|0|0|0|0|0|0|0|0|0|0|0|.000|.000|.000,_data\master_csv__rescrape_staging\pitching_1978_PL_from_master.csv,4
CSV_ER,ER,0,0,index_14,14,0,1978,51353843,今井　雄太郎,,1978|阪　急|34|0|0|0|0|0|0|0|0|0|0|0|0|0|0|0|0|0|.000|.000|.000,_data\master_csv__rescrape_staging\pitching_1978_PL_from_master.csv,4
CSV_ER,ER,0,0,index_15,15,0,1978,51353843,今井　雄太郎,,1978|阪　急|34|0|0|0|0|0|0|0|0|0|0|0|0|0|0|0|0|0|.000|.000|.000,_data\master_csv__rescrape_staging\pitching_1978_PL_from_master.csv,4
CSV_ER,ER,0,0,index_16,16,0,1978,51353843,今井　雄太郎,,1978|阪　急|34|0|0|0|0|0|0|0|0|0|0|0|0|0|0|0|0|0|.000|.000|.000,_data\master_csv__rescrape_staging\pitching_1978_PL_from_master.csv,4
CSV_ER,ER,0,0,index_17,17,0,1978,51353843,今井　雄太郎,,1978|阪　急|34|0|0|0|0|0|0|0|0|0|0|0|0|0|0|0|0|0|.000|.000|.000,_data\master_csv__rescrape_staging\pitching_1978_PL_from_master.csv,4
CSV_ER,ER,0,0,index_18,18,0,1978,51353843,今井　雄太郎,,1978|阪　急|34|0|0|0|0|0|0|0|0|0|0|0|0|0|0|0|0|0|.000|.000|.000,_data\master_csv__rescrape_staging\pitching_1978_PL_from_master.csv,4
CSV_ER,ER,0,0,index_19,19,0,1978,51353843,今井　雄太郎,,1978|阪　急|34|0|0|0|0|0|0|0|0|0|0|0|0|0|0|0|0|0|.000|.000|.000,_data\master_csv__rescrape_staging\pitching_1978_PL_from_master.csv,4
CSV_ER,ER,0,0,index_20,20,.000,1978,51353843,今井　雄太郎,,1978|阪　急|34|0|0|0|0|0|0|0|0|0|0|0|0|0|0|0|0|0|.000|.000|.000,_data\master_csv__rescrape_staging\pitching_1978_PL_from_master.csv,4
CSV_ER,ER,0,0,index_21,21,.000,1978,51353843,今井　雄太郎,,1978|阪　急|34|0|0|0|0|0|0|0|0|0|0|0|0|0|0|0|0|0|.000|.000|.000,_data\master_csv__rescrape_staging\pitching_1978_PL_from_master.csv,4
CSV_ER,ER,0,0,index_22,22,.000,1978,51353843,今井　雄太郎,,1978|阪　急|34|0|0|0|0|0|0|0|0|0|0|0|0|0|0|0|0|0|.000|.000|.000,_data\master_csv__rescrape_staging\pitching_1978_PL_from_master.csv,4
CSV_ERA,ERA,67.0,67,防御率,23,67,1978,51353843,今井　雄太郎,年度|所属球団|登板|勝利|敗北|セーブ|H|HP|完投|完封勝|無四球|勝率|打者|投球回|安打|本塁打|四球|死球|三振|暴投|ボーク|失点|自責点|防御率,1978|阪　急|34|13|4|1|||12|2|4|.765|766|188 .2|188|.2|165|15|49|6|122|0|0|67|50|2.38,_data\master_csv__rescrape_staging\pitching_1978_PL_from_master.csv,4
CSV_ER,ER,0,0,セーブ,5,0,1978,71373844,三枝　規悦,年度|所属球団|登板|勝利|敗北|セーブ|H|HP|完投|完封勝|無四球|勝率|打者|投球回|安打|本塁打|四球|死球|三振|暴投|ボーク|失点|自責点|防御率,1978|阪　急|24|4|2|0|||1|0|0|.667|322|78 .2|78|.2|81|8|15|3|26|1|0|32|29|3.30,_data\master_csv__rescrape_staging\pitching_1978_PL_from_master.csv,5
CSV_ER,ER,0,0,完封勝,9,0,1978,71373844,三枝　規悦,年度|所属球団|登板|勝利|敗北|セーブ|H|HP|完投|完封勝|無四球|勝率|打者|投球回|安打|本塁打|四球|死球|三振|暴投|ボーク|失点|自責点|防御率,1978|阪　急|24|4|2|0|||1|0|0|.667|322|78 .2|78|.2|81|8|15|3|26|1|0|32|29|3.30,_data\master_csv__rescrape_staging\pitching_1978_PL_from_master.csv,5
CSV_ER,ER,0,0,無四球,10,0,1978,71373844,三枝　規悦,年度|所属球団|登板|勝利|敗北|セーブ|H|HP|完投|完封勝|無四球|勝率|打者|投球回|安打|本塁打|四球|死球|三振|暴投|ボーク|失点|自責点|防御率,1978|阪　急|24|4|2|0|||1|0|0|.667|322|78 .2|78|.2|81|8|15|3|26|1|0|32|29|3.30,_data\master_csv__rescrape_staging\pitching_1978_PL_from_master.csv,5
CSV_ER,ER,0,0,自責点,22,0,1978,71373844,三枝　規悦,年度|所属球団|登板|勝利|敗北|セーブ|H|HP|完投|完封勝|無四球|勝率|打者|投球回|安打|本塁打|四球|死球|三振|暴投|ボーク|失点|自責点|防御率,1978|阪　急|24|4|2|0|||1|0|0|.667|322|78 .2|78|.2|81|8|15|3|26|1|0|32|29|3.30,_data\master_csv__rescrape_staging\pitching_1978_PL_from_master.csv,5
CSV_ER,ER,0,0,index_3,3,0,1978,71373844,三枝　規悦,,1978|阪　急|24|0|0|0|0|0|0|0|0|0|0|0|0|0|0|0|0|0|.000|.000|.000,_data\master_csv__rescrape_staging\pitching_1978_PL_from_master.csv,5
CSV_ER,ER,0,0,index_4,4,0,1978,71373844,三枝　規悦,,1978|阪　急|24|0|0|0|0|0|0|0|0|0|0|0|0|0|0|0|0|0|.000|.000|.000,_data\master_csv__rescrape_staging\pitching_1978_PL_from_master.csv,5
CSV_ER,ER,0,0,index_5,5,0,1978,71373844,三枝　規悦,,1978|阪　急|24|0|0|0|0|0|0|0|0|0|0|0|0|0|0|0|0|0|.000|.000|.000,_data\master_csv__rescrape_staging\pitching_1978_PL_from_master.csv,5
CSV_ER,ER,0,0,index_6,6,0,1978,71373844,三枝　規悦,,1978|阪　急|24|0|0|0|0|0|0|0|0|0|0|0|0|0|0|0|0|0|.000|.000|.000,_data\master_csv__rescrape_staging\pitching_1978_PL_from_master.csv,5
CSV_ER,ER,0,0,index_7,7,0,1978,71373844,三枝　規悦,,1978|阪　急|24|0|0|0|0|0|0|0|0|0|0|0|0|0|0|0|0|0|.000|.000|.000,_data\master_csv__rescrape_staging\pitching_1978_PL_from_master.csv,5
CSV_ER,ER,0,0,index_8,8,0,1978,71373844,三枝　規悦,,1978|阪　急|24|0|0|0|0|0|0|0|0|0|0|0|0|0|0|0|0|0|.000|.000|.000,_data\master_csv__rescrape_staging\pitching_1978_PL_from_master.csv,5
CSV_ER,ER,0,0,index_9,9,0,1978,71373844,三枝　規悦,,1978|阪　急|24|0|0|0|0|0|0|0|0|0|0|0|0|0|0|0|0|0|.000|.000|.000,_data\master_csv__rescrape_staging\pitching_1978_PL_from_master.csv,5
CSV_ER,ER,0,0,index_10,10,0,1978,71373844,三枝　規悦,,1978|阪　急|24|0|0|0|0|0|0|0|0|0|0|0|0|0|0|0|0|0|.000|.000|.000,_data\master_csv__rescrape_staging\pitching_1978_PL_from_master.csv,5
CSV_ER,ER,0,0,index_11,11,0,1978,71373844,三枝　規悦,,1978|阪　急|24|0|0|0|0|0|0|0|0|0|0|0|0|0|0|0|0|0|.000|.000|.000,_data\master_csv__rescrape_staging\pitching_1978_PL_from_master.csv,5
CSV_ER,ER,0,0,index_12,12,0,1978,71373844,三枝　規悦,,1978|阪　急|24|0|0|0|0|0|0|0|0|0|0|0|0|0|0|0|0|0|.000|.000|.000,_data\master_csv__rescrape_staging\pitching_1978_PL_from_master.csv,5
CSV_ER,ER,0,0,index_13,13,0,1978,71373844,三枝　規悦,,1978|阪　急|24|0|0|0|0|0|0|0|0|0|0|0|0|0|0|0|0|0|.000|.000|.000,_data\master_csv__rescrape_staging\pitching_1978_PL_from_master.csv,5
CSV_ER,ER,0,0,index_14,14,0,1978,71373844,三枝　規悦,,1978|阪　急|24|0|0|0|0|0|0|0|0|0|0|0|0|0|0|0|0|0|.000|.000|.000,_data\master_csv__rescrape_staging\pitching_1978_PL_from_master.csv,5
CSV_ER,ER,0,0,index_15,15,0,1978,71373844,三枝　規悦,,1978|阪　急|24|0|0|0|0|0|0|0|0|0|0|0|0|0|0|0|0|0|.000|.000|.000,_data\master_csv__rescrape_staging\pitching_1978_PL_from_master.csv,5
CSV_ER,ER,0,0,index_16,16,0,1978,71373844,三枝　規悦,,1978|阪　急|24|0|0|0|0|0|0|0|0|0|0|0|0|0|0|0|0|0|.000|.000|.000,_data\master_csv__rescrape_staging\pitching_1978_PL_from_master.csv,5
CSV_ER,ER,0,0,index_17,17,0,1978,71373844,三枝　規悦,,1978|阪　急|24|0|0|0|0|0|0|0|0|0|0|0|0|0|0|0|0|0|.000|.000|.000,_data\master_csv__rescrape_staging\pitching_1978_PL_from_master.csv,5
CSV_ER,ER,0,0,index_18,18,0,1978,71373844,三枝　規悦,,1978|阪　急|24|0|0|0|0|0|0|0|0|0|0|0|0|0|0|0|0|0|.000|.000|.000,_data\master_csv__rescrape_staging\pitching_1978_PL_from_master.csv,5
CSV_ER,ER,0,0,index_19,19,0,1978,71373844,三枝　規悦,,1978|阪　急|24|0|0|0|0|0|0|0|0|0|0|0|0|0|0|0|0|0|.000|.000|.000,_data\master_csv__rescrape_staging\pitching_1978_PL_from_master.csv,5
CSV_ER,ER,0,0,index_20,20,.000,1978,71373844,三枝　規悦,,1978|阪　急|24|0|0|0|0|0|0|0|0|0|0|0|0|0|0|0|0|0|.000|.000|.000,_data\master_csv__rescrape_staging\pitching_1978_PL_from_master.csv,5
CSV_ER,ER,0,0,index_21,21,.000,1978,71373844,三枝　規悦,,1978|阪　急|24|0|0|0|0|0|0|0|0|0|0|0|0|0|0|0|0|0|.000|.000|.000,_data\master_csv__rescrape_staging\pitching_1978_PL_from_master.csv,5
CSV_ER,ER,0,0,index_22,22,.000,1978,71373844,三枝　規悦,,1978|阪　急|24|0|0|0|0|0|0|0|0|0|0|0|0|0|0|0|0|0|.000|.000|.000,_data\master_csv__rescrape_staging\pitching_1978_PL_from_master.csv,5
CSV_ERA,ERA,32.0,32,防御率,23,32,1978,71373844,三枝　規悦,年度|所属球団|登板|勝利|敗北|セーブ|H|HP|完投|完封勝|無四球|勝率|打者|投球回|安打|本塁打|四球|死球|三振|暴投|ボーク|失点|自責点|防御率,1978|阪　急|24|4|2|0|||1|0|0|.667|322|78 .2|78|.2|81|8|15|3|26|1|0|32|29|3.30,_data\master_csv__rescrape_staging\pitching_1978_PL_from_master.csv,5
CSV_IP,IP,194.0,194,投球回,13,194,1978,91393844,佐藤　義則,年度|所属球団|登板|勝利|敗北|セーブ|H|HP|完投|完封勝|無四球|勝率|打者|投球回|安打|本塁打|四球|死球|三振|暴投|ボーク|失点|自責点|防御率,1978|阪　急|33|13|8|1|||12|3|1|.619|814|194|194||176|22|73|6|114|3|0|88|78|3.62,_data\master_csv__rescrape_staging\pitching_1978_PL_from_master.csv,6
CSV_IP,IP,194.0,194,安打,14,194,1978,91393844,佐藤　義則,年度|所属球団|登板|勝利|敗北|セーブ|H|HP|完投|完封勝|無四球|勝率|打者|投球回|安打|本塁打|四球|死球|三振|暴投|ボーク|失点|自責点|防御率,1978|阪　急|33|13|8|1|||12|3|1|.619|814|194|194||176|22|73|6|114|3|0|88|78|3.62,_data\master_csv__rescrape_staging\pitching_1978_PL_from_master.csv,6
CSV_ER,ER,0,0,自責点,22,0,1978,91393844,佐藤　義則,年度|所属球団|登板|勝利|敗北|セーブ|H|HP|完投|完封勝|無四球|勝率|打者|投球回|安打|本塁打|四球|死球|三振|暴投|ボーク|失点|自責点|防御率,1978|阪　急|33|13|8|1|||12|3|1|.619|814|194|194||176|22|73|6|114|3|0|88|78|3.62,_data\master_csv__rescrape_staging\pitching_1978_PL_from_master.csv,6
CSV_ER,ER,0,0,index_3,3,0,1978,91393844,佐藤　義則,,1978|阪　急|34|0|0|0|0|0|0|0|0|0|0|0|0|0|0|0|0|0|.000|.000|.000,_data\master_csv__rescrape_staging\pitching_1978_PL_from_master.csv,6
CSV_ER,ER,0,0,index_4,4,0,1978,91393844,佐藤　義則,,1978|阪　急|34|0|0|0|0|0|0|0|0|0|0|0|0|0|0|0|0|0|.000|.000|.000,_data\master_csv__rescrape_staging\pitching_1978_PL_from_master.csv,6
CSV_ER,ER,0,0,index_5,5,0,1978,91393844,佐藤　義則,,1978|阪　急|34|0|0|0|0|0|0|0|0|0|0|0|0|0|0|0|0|0|.000|.000|.000,_data\master_csv__rescrape_staging\pitching_1978_PL_from_master.csv,6
CSV_ER,ER,0,0,index_6,6,0,1978,91393844,佐藤　義則,,1978|阪　急|34|0|0|0|0|0|0|0|0|0|0|0|0|0|0|0|0|0|.000|.000|.000,_data\master_csv__rescrape_staging\pitching_1978_PL_from_master.csv,6
CSV_ER,ER,0,0,index_7,7,0,1978,91393844,佐藤　義則,,1978|阪　急|34|0|0|0|0|0|0|0|0|0|0|0|0|0|0|0|0|0|.000|.000|.000,_data\master_csv__rescrape_staging\pitching_1978_PL_from_master.csv,6
CSV_ER,ER,0,0,index_8,8,0,1978,91393844,佐藤　義則,,1978|阪　急|34|0|0|0|0|0|0|0|0|0|0|0|0|0|0|0|0|0|.000|.000|.000,_data\master_csv__rescrape_staging\pitching_1978_PL_from_master.csv,6
CSV_ER,ER,0,0,index_9,9,0,1978,91393844,佐藤　義則,,1978|阪　急|34|0|0|0|0|0|0|0|0|0|0|0|0|0|0|0|0|0|.000|.000|.000,_data\master_csv__rescrape_staging\pitching_1978_PL_from_master.csv,6
CSV_ER,ER,0,0,index_10,10,0,1978,91393844,佐藤　義則,,1978|阪　急|34|0|0|0|0|0|0|0|0|0|0|0|0|0|0|0|0|0|.000|.000|.000,_data\master_csv__rescrape_staging\pitching_1978_PL_from_master.csv,6
CSV_ER,ER,0,0,index_11,11,0,1978,91393844,佐藤　義則,,1978|阪　急|34|0|0|0|0|0|0|0|0|0|0|0|0|0|0|0|0|0|.000|.000|.000,_data\master_csv__rescrape_staging\pitching_1978_PL_from_master.csv,6
CSV_ER,ER,0,0,index_12,12,0,1978,91393844,佐藤　義則,,1978|阪　急|34|0|0|0|0|0|0|0|0|0|0|0|0|0|0|0|0|0|.000|.000|.000,_data\master_csv__rescrape_staging\pitching_1978_PL_from_master.csv,6
CSV_ER,ER,0,0,index_13,13,0,1978,91393844,佐藤　義則,,1978|阪　急|34|0|0|0|0|0|0|0|0|0|0|0|0|0|0|0|0|0|.000|.000|.000,_data\master_csv__rescrape_staging\pitching_1978_PL_from_master.csv,6
CSV_ER,ER,0,0,index_14,14,0,1978,91393844,佐藤　義則,,1978|阪　急|34|0|0|0|0|0|0|0|0|0|0|0|0|0|0|0|0|0|.000|.000|.000,_data\master_csv__rescrape_staging\pitching_1978_PL_from_master.csv,6
CSV_ER,ER,0,0,index_15,15,0,1978,91393844,佐藤　義則,,1978|阪　急|34|0|0|0|0|0|0|0|0|0|0|0|0|0|0|0|0|0|.000|.000|.000,_data\master_csv__rescrape_staging\pitching_1978_PL_from_master.csv,6
CSV_ER,ER,0,0,index_16,16,0,1978,91393844,佐藤　義則,,1978|阪　急|34|0|0|0|0|0|0|0|0|0|0|0|0|0|0|0|0|0|.000|.000|.000,_data\master_csv__rescrape_staging\pitching_1978_PL_from_master.csv,6
CSV_ER,ER,0,0,index_17,17,0,1978,91393844,佐藤　義則,,1978|阪　急|34|0|0|0|0|0|0|0|0|0|0|0|0|0|0|0|0|0|.000|.000|.000,_data\master_csv__rescrape_staging\pitching_1978_PL_from_master.csv,6
CSV_ER,ER,0,0,index_18,18,0,1978,91393844,佐藤　義則,,1978|阪　急|34|0|0|0|0|0|0|0|0|0|0|0|0|0|0|0|0|0|.000|.000|.000,_data\master_csv__rescrape_staging\pitching_1978_PL_from_master.csv,6
CSV_ER,ER,0,0,index_19,19,0,1978,91393844,佐藤　義則,,1978|阪　急|34|0|0|0|0|0|0|0|0|0|0|0|0|0|0|0|0|0|.000|.000|.000,_data\master_csv__rescrape_staging\pitching_1978_PL_from_master.csv,6
CSV_ER,ER,0,0,index_20,20,.000,1978,91393844,佐藤　義則,,1978|阪　急|34|0|0|0|0|0|0|0|0|0|0|0|0|0|0|0|0|0|.000|.000|.000,_data\master_csv__rescrape_staging\pitching_1978_PL_from_master.csv,6
CSV_ER,ER,0,0,index_21,21,.000,1978,91393844,佐藤　義則,,1978|阪　急|34|0|0|0|0|0|0|0|0|0|0|0|0|0|0|0|0|0|.000|.000|.000,_data\master_csv__rescrape_staging\pitching_1978_PL_from_master.csv,6
CSV_ER,ER,0,0,index_22,22,.000,1978,91393844,佐藤　義則,,1978|阪　急|34|0|0|0|0|0|0|0|0|0|0|0|0|0|0|0|0|0|.000|.000|.000,_data\master_csv__rescrape_staging\pitching_1978_PL_from_master.csv,6
CSV_ERA,ERA,88.0,88,防御率,23,88,1978,91393844,佐藤　義則,年度|所属球団|登板|勝利|敗北|セーブ|H|HP|完投|完封勝|無四球|勝率|打者|投球回|安打|本塁打|四球|死球|三振|暴投|ボーク|失点|自責点|防御率,1978|阪　急|33|13|8|1|||12|3|1|.619|814|194|194||176|22|73|6|114|3|0|88|78|3.62,_data\master_csv__rescrape_staging\pitching_1978_PL_from_master.csv,6
CSV_ER,ER,0,0,セーブ,5,0,1979,71173824,浅野　啓司,年度|所属球団|登板|勝利|敗北|セーブ|H|HP|完投|完封勝|無四球|勝率|打者|投球回|安打|本塁打|四球|死球|三振|暴投|ボーク|失点|自責点|防御率,1979|読　売|21|2|3|0|||0|0|0|.400|229|49 .1|49|.1|60|8|27|1|33|2|0|34|33|6.06,_data\master_csv__rescrape_staging\pitching_1979_CL_from_master.csv,2
CSV_ER,ER,0,0,完投,8,0,1979,71173824,浅野　啓司,年度|所属球団|登板|勝利|敗北|セーブ|H|HP|完投|完封勝|無四球|勝率|打者|投球回|安打|本塁打|四球|死球|三振|暴投|ボーク|失点|自責点|防御率,1979|読　売|21|2|3|0|||0|0|0|.400|229|49 .1|49|.1|60|8|27|1|33|2|0|34|33|6.06,_data\master_csv__rescrape_staging\pitching_1979_CL_from_master.csv,2
CSV_ER,ER,0,0,完封勝,9,0,1979,71173824,浅野　啓司,年度|所属球団|登板|勝利|敗北|セーブ|H|HP|完投|完封勝|無四球|勝率|打者|投球回|安打|本塁打|四球|死球|三振|暴投|ボーク|失点|自責点|防御率,1979|読　売|21|2|3|0|||0|0|0|.400|229|49 .1|49|.1|60|8|27|1|33|2|0|34|33|6.06,_data\master_csv__rescrape_staging\pitching_1979_CL_from_master.csv,2
CSV_ER,ER,0,0,無四球,10,0,1979,71173824,浅野　啓司,年度|所属球団|登板|勝利|敗北|セーブ|H|HP|完投|完封勝|無四球|勝率|打者|投球回|安打|本塁打|四球|死球|三振|暴投|ボーク|失点|自責点|防御率,1979|読　売|21|2|3|0|||0|0|0|.400|229|49 .1|49|.1|60|8|27|1|33|2|0|34|33|6.06,_data\master_csv__rescrape_staging\pitching_1979_CL_from_master.csv,2
CSV_ER,ER,0,0,自責点,22,0,1979,71173824,浅野　啓司,年度|所属球団|登板|勝利|敗北|セーブ|H|HP|完投|完封勝|無四球|勝率|打者|投球回|安打|本塁打|四球|死球|三振|暴投|ボーク|失点|自責点|防御率,1979|読　売|21|2|3|0|||0|0|0|.400|229|49 .1|49|.1|60|8|27|1|33|2|0|34|33|6.06,_data\master_csv__rescrape_staging\pitching_1979_CL_from_master.csv,2
CSV_ER,ER,0,0,index_8,8,0,1979,71173824,浅野　啓司,,1979|読　売|21|13|12|2|2|1|0|0|3|0|0|0|1|0|0|0|4|0|.167|.250|,_data\master_csv__rescrape_staging\pitching_1979_CL_from_master.csv,2
CSV_ER,ER,0,0,index_9,9,0,1979,71173824,浅野　啓司,,1979|読　売|21|13|12|2|2|1|0|0|3|0|0|0|1|0|0|0|4|0|.167|.250|,_data\master_csv__rescrape_staging\pitching_1979_CL_from_master.csv,2
CSV_ER,ER,0,0,index_11,11,0,1979,71173824,浅野　啓司,,1979|読　売|21|13|12|2|2|1|0|0|3|0|0|0|1|0|0|0|4|0|.167|.250|,_data\master_csv__rescrape_staging\pitching_1979_CL_from_master.csv,2
CSV_ER,ER,0,0,index_12,12,0,1979,71173824,浅野　啓司,,1979|読　売|21|13|12|2|2|1|0|0|3|0|0|0|1|0|0|0|4|0|.167|.250|,_data\master_csv__rescrape_staging\pitching_1979_CL_from_master.csv,2
CSV_ER,ER,0,0,index_13,13,0,1979,71173824,浅野　啓司,,1979|読　売|21|13|12|2|2|1|0|0|3|0|0|0|1|0|0|0|4|0|.167|.250|,_data\master_csv__rescrape_staging\pitching_1979_CL_from_master.csv,2
CSV_ER,ER,0,0,index_15,15,0,1979,71173824,浅野　啓司,,1979|読　売|21|13|12|2|2|1|0|0|3|0|0|0|1|0|0|0|4|0|.167|.250|,_data\master_csv__rescrape_staging\pitching_1979_CL_from_master.csv,2
CSV_ER,ER,0,0,index_16,16,0,1979,71173824,浅野　啓司,,1979|読　売|21|13|12|2|2|1|0|0|3|0|0|0|1|0|0|0|4|0|.167|.250|,_data\master_csv__rescrape_staging\pitching_1979_CL_from_master.csv,2
CSV_ER,ER,0,0,index_17,17,0,1979,71173824,浅野　啓司,,1979|読　売|21|13|12|2|2|1|0|0|3|0|0|0|1|0|0|0|4|0|.167|.250|,_data\master_csv__rescrape_staging\pitching_1979_CL_from_master.csv,2
CSV_ER,ER,0,0,index_19,19,0,1979,71173824,浅野　啓司,,1979|読　売|21|13|12|2|2|1|0|0|3|0|0|0|1|0|0|0|4|0|.167|.250|,_data\master_csv__rescrape_staging\pitching_1979_CL_from_master.csv,2
CSV_ERA,ERA,34.0,34,防御率,23,34,1979,71173824,浅野　啓司,年度|所属球団|登板|勝利|敗北|セーブ|H|HP|完投|完封勝|無四球|勝率|打者|投球回|安打|本塁打|四球|死球|三振|暴投|ボーク|失点|自責点|防御率,1979|読　売|21|2|3|0|||0|0|0|.400|229|49 .1|49|.1|60|8|27|1|33|2|0|34|33|6.06,_data\master_csv__rescrape_staging\pitching_1979_CL_from_master.csv,2
CSV_IP,IP,39.0,39,投球回,13,39,1979,41143806,石井　茂雄,年度|所属球団|登板|勝利|敗北|セーブ|H|HP|完投|完封勝|無四球|勝率|打者|投球回|安打|本塁打|四球|死球|三振|暴投|ボーク|失点|自責点|防御率,1979|読　売|15|2|2|0|||0|0|0|.500|169|39|39||40|7|10|2|21|0|0|20|16|3.69,_data\master_csv__rescrape_staging\pitching_1979_CL_from_master.csv,4
CSV_IP,IP,39.0,39,安打,14,39,1979,41143806,石井　茂雄,年度|所属球団|登板|勝利|敗北|セーブ|H|HP|完投|完封勝|無四球|勝率|打者|投球回|安打|本塁打|四球|死球|三振|暴投|ボーク|失点|自責点|防御率,1979|読　売|15|2|2|0|||0|0|0|.500|169|39|39||40|7|10|2|21|0|0|20|16|3.69,_data\master_csv__rescrape_staging\pitching_1979_CL_from_master.csv,4
CSV_ER,ER,0,0,セーブ,5,0,1979,41143806,石井　茂雄,年度|所属球団|登板|勝利|敗北|セーブ|H|HP|完投|完封勝|無四球|勝率|打者|投球回|安打|本塁打|四球|死球|三振|暴投|ボーク|失点|自責点|防御率,1979|読　売|15|2|2|0|||0|0|0|.500|169|39|39||40|7|10|2|21|0|0|20|16|3.69,_data\master_csv__rescrape_staging\pitching_1979_CL_from_master.csv,4
CSV_ER,ER,0,0,完投,8,0,1979,41143806,石井　茂雄,年度|所属球団|登板|勝利|敗北|セーブ|H|HP|完投|完封勝|無四球|勝率|打者|投球回|安打|本塁打|四球|死球|三振|暴投|ボーク|失点|自責点|防御率,1979|読　売|15|2|2|0|||0|0|0|.500|169|39|39||40|7|10|2|21|0|0|20|16|3.69,_data\master_csv__rescrape_staging\pitching_1979_CL_from_master.csv,4
CSV_ER,ER,0,0,完封勝,9,0,1979,41143806,石井　茂雄,年度|所属球団|登板|勝利|敗北|セーブ|H|HP|完投|完封勝|無四球|勝率|打者|投球回|安打|本塁打|四球|死球|三振|暴投|ボーク|失点|自責点|防御率,1979|読　売|15|2|2|0|||0|0|0|.500|169|39|39||40|7|10|2|21|0|0|20|16|3.69,_data\master_csv__rescrape_staging\pitching_1979_CL_from_master.csv,4
CSV_ER,ER,0,0,無四球,10,0,1979,41143806,石井　茂雄,年度|所属球団|登板|勝利|敗北|セーブ|H|HP|完投|完封勝|無四球|勝率|打者|投球回|安打|本塁打|四球|死球|三振|暴投|ボーク|失点|自責点|防御率,1979|読　売|15|2|2|0|||0|0|0|.500|169|39|39||40|7|10|2|21|0|0|20|16|3.69,_data\master_csv__rescrape_staging\pitching_1979_CL_from_master.csv,4
CSV_ER,ER,0,0,失点,21,0,1979,41143806,石井　茂雄,年度|所属球団|登板|勝利|敗北|セーブ|H|HP|完投|完封勝|無四球|勝率|打者|投球回|安打|本塁打|四球|死球|三振|暴投|ボーク|失点|自責点|防御率,1979|読　売|15|2|2|0|||0|0|0|.500|169|39|39||40|7|10|2|21|0|0|20|16|3.69,_data\master_csv__rescrape_staging\pitching_1979_CL_from_master.csv,4
CSV_ER,ER,0,0,自責点,22,0,1979,41143806,石井　茂雄,年度|所属球団|登板|勝利|敗北|セーブ|H|HP|完投|完封勝|無四球|勝率|打者|投球回|安打|本塁打|四球|死球|三振|暴投|ボーク|失点|自責点|防御率,1979|読　売|15|2|2|0|||0|0|0|.500|169|39|39||40|7|10|2|21|0|0|20|16|3.69,_data\master_csv__rescrape_staging\pitching_1979_CL_from_master.csv,4
CSV_ER,ER,0,0,index_5,5,0,1979,41143806,石井　茂雄,,1979|読　売|15|10|7|0|0|0|0|0|0|0|0|0|3|0|0|0|3|0|.000|.000|,_data\master_csv__rescrape_staging\pitching_1979_CL_from_master.csv,4
CSV_ER,ER,0,0,index_6,6,0,1979,41143806,石井　茂雄,,1979|読　売|15|10|7|0|0|0|0|0|0|0|0|0|3|0|0|0|3|0|.000|.000|,_data\master_csv__rescrape_staging\pitching_1979_CL_from_master.csv,4
CSV_ER,ER,0,0,index_7,7,0,1979,41143806,石井　茂雄,,1979|読　売|15|10|7|0|0|0|0|0|0|0|0|0|3|0|0|0|3|0|.000|.000|,_data\master_csv__rescrape_staging\pitching_1979_CL_from_master.csv,4
CSV_ER,ER,0,0,index_8,8,0,1979,41143806,石井　茂雄,,1979|読　売|15|10|7|0|0|0|0|0|0|0|0|0|3|0|0|0|3|0|.000|.000|,_data\master_csv__rescrape_staging\pitching_1979_CL_from_master.csv,4
CSV_ER,ER,0,0,index_9,9,0,1979,41143806,石井　茂雄,,1979|読　売|15|10|7|0|0|0|0|0|0|0|0|0|3|0|0|0|3|0|.000|.000|,_data\master_csv__rescrape_staging\pitching_1979_CL_from_master.csv,4
CSV_ER,ER,0,0,index_10,10,0,1979,41143806,石井　茂雄,,1979|読　売|15|10|7|0|0|0|0|0|0|0|0|0|3|0|0|0|3|0|.000|.000|,_data\master_csv__rescrape_staging\pitching_1979_CL_from_master.csv,4
CSV_ER,ER,0,0,index_11,11,0,1979,41143806,石井　茂雄,,1979|読　売|15|10|7|0|0|0|0|0|0|0|0|0|3|0|0|0|3|0|.000|.000|,_data\master_csv__rescrape_staging\pitching_1979_CL_from_master.csv,4
CSV_ER,ER,0,0,index_12,12,0,1979,41143806,石井　茂雄,,1979|読　売|15|10|7|0|0|0|0|0|0|0|0|0|3|0|0|0|3|0|.000|.000|,_data\master_csv__rescrape_staging\pitching_1979_CL_from_master.csv,4
CSV_ER,ER,0,0,index_13,13,0,1979,41143806,石井　茂雄,,1979|読　売|15|10|7|0|0|0|0|0|0|0|0|0|3|0|0|0|3|0|.000|.000|,_data\master_csv__rescrape_staging\pitching_1979_CL_from_master.csv,4
CSV_ER,ER,0,0,index_15,15,0,1979,41143806,石井　茂雄,,1979|読　売|15|10|7|0|0|0|0|0|0|0|0|0|3|0|0|0|3|0|.000|.000|,_data\master_csv__rescrape_staging\pitching_1979_CL_from_master.csv,4
CSV_ER,ER,0,0,index_16,16,0,1979,41143806,石井　茂雄,,1979|読　売|15|10|7|0|0|0|0|0|0|0|0|0|3|0|0|0|3|0|.000|.000|,_data\master_csv__rescrape_staging\pitching_1979_CL_from_master.csv,4
CSV_ER,ER,0,0,index_17,17,0,1979,41143806,石井　茂雄,,1979|読　売|15|10|7|0|0|0|0|0|0|0|0|0|3|0|0|0|3|0|.000|.000|,_data\master_csv__rescrape_staging\pitching_1979_CL_from_master.csv,4
CSV_ER,ER,0,0,index_19,19,0,1979,41143806,石井　茂雄,,1979|読　売|15|10|7|0|0|0|0|0|0|0|0|0|3|0|0|0|3|0|.000|.000|,_data\master_csv__rescrape_staging\pitching_1979_CL_from_master.csv,4
CSV_ER,ER,0,0,index_20,20,.000,1979,41143806,石井　茂雄,,1979|読　売|15|10|7|0|0|0|0|0|0|0|0|0|3|0|0|0|3|0|.000|.000|,_data\master_csv__rescrape_staging\pitching_1979_CL_from_master.csv,4
CSV_ER,ER,0,0,index_21,21,.000,1979,41143806,石井　茂雄,,1979|読　売|15|10|7|0|0|0|0|0|0|0|0|0|3|0|0|0|3|0|.000|.000|,_data\master_csv__rescrape_staging\pitching_1979_CL_from_master.csv,4
CSV_ERA,ERA,20.0,20,防御率,23,20,1979,41143806,石井　茂雄,年度|所属球団|登板|勝利|敗北|セーブ|H|HP|完投|完封勝|無四球|勝率|打者|投球回|安打|本塁打|四球|死球|三振|暴投|ボーク|失点|自責点|防御率,1979|読　売|15|2|2|0|||0|0|0|.500|169|39|39||40|7|10|2|21|0|0|20|16|3.69,_data\master_csv__rescrape_staging\pitching_1979_CL_from_master.csv,4
CSV_IP,IP,161.0,161,投球回,13,161,1979,91193848,江川　卓,年度|所属球団|登板|勝利|敗北|セーブ|H|HP|完投|完封勝|無四球|勝率|打者|投球回|安打|本塁打|四球|死球|三振|暴投|ボーク|失点|自責点|防御率,1979|読　売|27|9|10|0|||7|2|1|.474|653|161|161||132|22|50|0|138|0|1|57|50|2.80,_data\master_csv__rescrape_staging\pitching_1979_CL_from_master.csv,5
CSV_IP,IP,161.0,161,安打,14,161,1979,91193848,江川　卓,年度|所属球団|登板|勝利|敗北|セーブ|H|HP|完投|完封勝|無四球|勝率|打者|投球回|安打|本塁打|四球|死球|三振|暴投|ボーク|失点|自責点|防御率,1979|読　売|27|9|10|0|||7|2|1|.474|653|161|161||132|22|50|0|138|0|1|57|50|2.80,_data\master_csv__rescrape_staging\pitching_1979_CL_from_master.csv,5
CSV_ER,ER,1,1,無四球,10,1,1979,91193848,江川　卓,年度|所属球団|登板|勝利|敗北|セーブ|H|HP|完投|完封勝|無四球|勝率|打者|投球回|安打|本塁打|四球|死球|三振|暴投|ボーク|失点|自責点|防御率,1979|読　売|27|9|10|0|||7|2|1|.474|653|161|161||132|22|50|0|138|0|1|57|50|2.80,_data\master_csv__rescrape_staging\pitching_1979_CL_from_master.csv,5
CSV_ER,ER,1,1,自責点,22,1,1979,91193848,江川　卓,年度|所属球団|登板|勝利|敗北|セーブ|H|HP|完投|完封勝|無四球|勝率|打者|投球回|安打|本塁打|四球|死球|三振|暴投|ボーク|失点|自責点|防御率,1979|読　売|27|9|10|0|||7|2|1|.474|653|161|161||132|22|50|0|138|0|1|57|50|2.80,_data\master_csv__rescrape_staging\pitching_1979_CL_from_master.csv,5
CSV_ER,ER,1,1,index_11,11,1,1979,91193848,江川　卓,,1979|読　売|27|59|55|2|3|0|0|0|3|1|0|0|3|0|1|0|28|2|.055|.055|,_data\master_csv__rescrape_staging\pitching_1979_CL_from_master.csv,5
CSV_ER,ER,1,1,index_16,16,1,1979,91193848,江川　卓,,1979|読　売|27|59|55|2|3|0|0|0|3|1|0|0|3|0|1|0|28|2|.055|.055|,_data\master_csv__rescrape_staging\pitching_1979_CL_from_master.csv,5
CSV_ERA,ERA,57.0,57,防御率,23,57,1979,91193848,江川　卓,年度|所属球団|登板|勝利|敗北|セーブ|H|HP|完投|完封勝|無四球|勝率|打者|投球回|安打|本塁打|四球|死球|三振|暴投|ボーク|失点|自責点|防御率,1979|読　売|27|9|10|0|||7|2|1|.474|653|161|161||132|22|50|0|138|0|1|57|50|2.80,_data\master_csv__rescrape_staging\pitching_1979_CL_from_master.csv,5
CSV_IP,IP,142.0,142,投球回,13,142,1979,31333845,加藤　初,年度|所属球団|登板|勝利|敗北|セーブ|H|HP|完投|完封勝|無四球|勝率|打者|投球回|安打|本塁打|四球|死球|三振|暴投|ボーク|失点|自責点|防御率,1979|読　売|36|7|10|2|||1|0|0|.412|596|142|142||124|23|57|1|98|1|0|68|63|3.99,_data\master_csv__rescrape_staging\pitching_1979_CL_from_master.csv,7
CSV_IP,IP,142.0,142,安打,14,142,1979,31333845,加藤　初,年度|所属球団|登板|勝利|敗北|セーブ|H|HP|完投|完封勝|無四球|勝率|打者|投球回|安打|本塁打|四球|死球|三振|暴投|ボーク|失点|自責点|防御率,1979|読　売|36|7|10|2|||1|0|0|.412|596|142|142||124|23|57|1|98|1|0|68|63|3.99,_data\master_csv__rescrape_staging\pitching_1979_CL_from_master.csv,7
CSV_ER,ER,0,0,完封勝,9,0,1979,31333845,加藤　初,年度|所属球団|登板|勝利|敗北|セーブ|H|HP|完投|完封勝|無四球|勝率|打者|投球回|安打|本塁打|四球|死球|三振|暴投|ボーク|失点|自責点|防御率,1979|読　売|36|7|10|2|||1|0|0|.412|596|142|142||124|23|57|1|98|1|0|68|63|3.99,_data\master_csv__rescrape_staging\pitching_1979_CL_from_master.csv,7
CSV_ER,ER,0,0,無四球,10,0,1979,31333845,加藤　初,年度|所属球団|登板|勝利|敗北|セーブ|H|HP|完投|完封勝|無四球|勝率|打者|投球回|安打|本塁打|四球|死球|三振|暴投|ボーク|失点|自責点|防御率,1979|読　売|36|7|10|2|||1|0|0|.412|596|142|142||124|23|57|1|98|1|0|68|63|3.99,_data\master_csv__rescrape_staging\pitching_1979_CL_from_master.csv,7
CSV_ER,ER,0,0,自責点,22,0,1979,31333845,加藤　初,年度|所属球団|登板|勝利|敗北|セーブ|H|HP|完投|完封勝|無四球|勝率|打者|投球回|安打|本塁打|四球|死球|三振|暴投|ボーク|失点|自責点|防御率,1979|読　売|36|7|10|2|||1|0|0|.412|596|142|142||124|23|57|1|98|1|0|68|63|3.99,_data\master_csv__rescrape_staging\pitching_1979_CL_from_master.csv,7
CSV_ER,ER,0,0,index_7,7,0,1979,31333845,加藤　初,,1979|読　売|36|46|42|1|8|0|0|0|8|3|0|0|1|0|3|0|11|0|.190|.190|,_data\master_csv__rescrape_staging\pitching_1979_CL_from_master.csv,7
CSV_ER,ER,0,0,index_8,8,0,1979,31333845,加藤　初,,1979|読　売|36|46|42|1|8|0|0|0|8|3|0|0|1|0|3|0|11|0|.190|.190|,_data\master_csv__rescrape_staging\pitching_1979_CL_from_master.csv,7
CSV_ER,ER,0,0,index_9,9,0,1979,31333845,加藤　初,,1979|読　売|36|46|42|1|8|0|0|0|8|3|0|0|1|0|3|0|11|0|.190|.190|,_data\master_csv__rescrape_staging\pitching_1979_CL_from_master.csv,7
CSV_ER,ER,0,0,index_12,12,0,1979,31333845,加藤　初,,1979|読　売|36|46|42|1|8|0|0|0|8|3|0|0|1|0|3|0|11|0|.190|.190|,_data\master_csv__rescrape_staging\pitching_1979_CL_from_master.csv,7
CSV_ER,ER,0,0,index_13,13,0,1979,31333845,加藤　初,,1979|読　売|36|46|42|1|8|0|0|0|8|3|0|0|1|0|3|0|11|0|.190|.190|,_data\master_csv__rescrape_staging\pitching_1979_CL_from_master.csv,7
CSV_ER,ER,0,0,index_15,15,0,1979,31333845,加藤　初,,1979|読　売|36|46|42|1|8|0|0|0|8|3|0|0|1|0|3|0|11|0|.190|.190|,_data\master_csv__rescrape_staging\pitching_1979_CL_from_master.csv,7
CSV_ER,ER,0,0,index_17,17,0,1979,31333845,加藤　初,,1979|読　売|36|46|42|1|8|0|0|0|8|3|0|0|1|0|3|0|11|0|.190|.190|,_data\master_csv__rescrape_staging\pitching_1979_CL_from_master.csv,7
CSV_ER,ER,0,0,index_19,19,0,1979,31333845,加藤　初,,1979|読　売|36|46|42|1|8|0|0|0|8|3|0|0|1|0|3|0|11|0|.190|.190|,_data\master_csv__rescrape_staging\pitching_1979_CL_from_master.csv,7
CSV_ERA,ERA,68.0,68,防御率,23,68,1979,31333845,加藤　初,年度|所属球団|登板|勝利|敗北|セーブ|H|HP|完投|完封勝|無四球|勝率|打者|投球回|安打|本塁打|四球|死球|三振|暴投|ボーク|失点|自責点|防御率,1979|読　売|36|7|10|2|||1|0|0|.412|596|142|142||124|23|57|1|98|1|0|68|63|3.99,_data\master_csv__rescrape_staging\pitching_1979_CL_from_master.csv,7
CSV_IP,IP,59.0,59,投球回,13,59,1979,71373848,鹿取　義隆,年度|所属球団|登板|勝利|敗北|セーブ|H|HP|完投|完封勝|無四球|勝率|打者|投球回|安打|本塁打|四球|死球|三振|暴投|ボーク|失点|自責点|防御率,1979|読　売|38|3|2|2|||0|0|0|.600|244|59|59||45|5|25|5|29|0|1|24|22|3.36,_data\master_csv__rescrape_staging\pitching_1979_CL_from_master.csv,8
CSV_IP,IP,59.0,59,安打,14,59,1979,71373848,鹿取　義隆,年度|所属球団|登板|勝利|敗北|セーブ|H|HP|完投|完封勝|無四球|勝率|打者|投球回|安打|本塁打|四球|死球|三振|暴投|ボーク|失点|自責点|防御率,1979|読　売|38|3|2|2|||0|0|0|.600|244|59|59||45|5|25|5|29|0|1|24|22|3.36,_data\master_csv__rescrape_staging\pitching_1979_CL_from_master.csv,8
CSV_ER,ER,1,1,自責点,22,1,1979,71373848,鹿取　義隆,年度|所属球団|登板|勝利|敗北|セーブ|H|HP|完投|完封勝|無四球|勝率|打者|投球回|安打|本塁打|四球|死球|三振|暴投|ボーク|失点|自責点|防御率,1979|読　売|38|3|2|2|||0|0|0|.600|244|59|59||45|5|25|5|29|0|1|24|22|3.36,_data\master_csv__rescrape_staging\pitching_1979_CL_from_master.csv,8
CSV_ER,ER,1,1,index_6,6,1,1979,71373848,鹿取　義隆,,1979|読　売|38|12|11|0|1|0|0|0|1|0|0|0|1|0|0|0|4|0|.091|.091|,_data\master_csv__rescrape_staging\pitching_1979_CL_from_master.csv,8
CSV_ER,ER,1,1,index_10,10,1,1979,71373848,鹿取　義隆,,1979|読　売|38|12|11|0|1|0|0|0|1|0|0|0|1|0|0|0|4|0|.091|.091|,_data\master_csv__rescrape_staging\pitching_1979_CL_from_master.csv,8
CSV_ER,ER,1,1,index_14,14,1,1979,71373848,鹿取　義隆,,1979|読　売|38|12|11|0|1|0|0|0|1|0|0|0|1|0|0|0|4|0|.091|.091|,_data\master_csv__rescrape_staging\pitching_1979_CL_from_master.csv,8
CSV_ERA,ERA,24.0,24,防御率,23,24,1979,71373848,鹿取　義隆,年度|所属球団|登板|勝利|敗北|セーブ|H|HP|完投|完封勝|無四球|勝率|打者|投球回|安打|本塁打|四球|死球|三振|暴投|ボーク|失点|自責点|防御率,1979|読　売|38|3|2|2|||0|0|0|.600|244|59|59||45|5|25|5|29|0|1|24|22|3.36,_data\master_csv__rescrape_staging\pitching_1979_CL_from_master.csv,8
CSV_IP,IP,151.0,151,投球回,13,151,1979,31333843,稲葉　光雄,年度|所属球団|登板|勝利|敗北|セーブ|H|HP|完投|完封勝|無四球|勝率|打者|投球回|安打|本塁打|四球|死球|三振|暴投|ボーク|失点|自責点|防御率,1979|阪　急|23|11|9|0|||9|1|1|.550|646|151|151||154|23|47|5|84|1|1|84|73|4.35,_data\master_csv__rescrape_staging\pitching_1979_PL_from_master.csv,3
CSV_IP,IP,151.0,151,安打,14,151,1979,31333843,稲葉　光雄,年度|所属球団|登板|勝利|敗北|セーブ|H|HP|完投|完封勝|無四球|勝率|打者|投球回|安打|本塁打|四球|死球|三振|暴投|ボーク|失点|自責点|防御率,1979|阪　急|23|11|9|0|||9|1|1|.550|646|151|151||154|23|47|5|84|1|1|84|73|4.35,_data\master_csv__rescrape_staging\pitching_1979_PL_from_master.csv,3
CSV_ER,ER,1,1,完封勝,9,1,1979,31333843,稲葉　光雄,年度|所属球団|登板|勝利|敗北|セーブ|H|HP|完投|完封勝|無四球|勝率|打者|投球回|安打|本塁打|四球|死球|三振|暴投|ボーク|失点|自責点|防御率,1979|阪　急|23|11|9|0|||9|1|1|.550|646|151|151||154|23|47|5|84|1|1|84|73|4.35,_data\master_csv__rescrape_staging\pitching_1979_PL_from_master.csv,3
CSV_ER,ER,1,1,無四球,10,1,1979,31333843,稲葉　光雄,年度|所属球団|登板|勝利|敗北|セーブ|H|HP|完投|完封勝|無四球|勝率|打者|投球回|安打|本塁打|四球|死球|三振|暴投|ボーク|失点|自責点|防御率,1979|阪　急|23|11|9|0|||9|1|1|.550|646|151|151||154|23|47|5|84|1|1|84|73|4.35,_data\master_csv__rescrape_staging\pitching_1979_PL_from_master.csv,3
CSV_ER,ER,1,1,失点,21,1,1979,31333843,稲葉　光雄,年度|所属球団|登板|勝利|敗北|セーブ|H|HP|完投|完封勝|無四球|勝率|打者|投球回|安打|本塁打|四球|死球|三振|暴投|ボーク|失点|自責点|防御率,1979|阪　急|23|11|9|0|||9|1|1|.550|646|151|151||154|23|47|5|84|1|1|84|73|4.35,_data\master_csv__rescrape_staging\pitching_1979_PL_from_master.csv,3
CSV_ER,ER,1,1,自責点,22,1,1979,31333843,稲葉　光雄,年度|所属球団|登板|勝利|敗北|セーブ|H|HP|完投|完封勝|無四球|勝率|打者|投球回|安打|本塁打|四球|死球|三振|暴投|ボーク|失点|自責点|防御率,1979|阪　急|23|11|9|0|||9|1|1|.550|646|151|151||154|23|47|5|84|1|1|84|73|4.35,_data\master_csv__rescrape_staging\pitching_1979_PL_from_master.csv,3
CSV_ERA,ERA,84.0,84,ボーク,20,84,1979,31333843,稲葉　光雄,年度|所属球団|登板|勝利|敗北|セーブ|H|HP|完投|完封勝|無四球|勝率|打者|投球回|安打|本塁打|四球|死球|三振|暴投|ボーク|失点|自責点|防御率,1979|阪　急|23|11|9|0|||9|1|1|.550|646|151|151||154|23|47|5|84|1|1|84|73|4.35,_data\master_csv__rescrape_staging\pitching_1979_PL_from_master.csv,3
CSV_ERA,ERA,84.0,84,防御率,23,84,1979,31333843,稲葉　光雄,年度|所属球団|登板|勝利|敗北|セーブ|H|HP|完投|完封勝|無四球|勝率|打者|投球回|安打|本塁打|四球|死球|三振|暴投|ボーク|失点|自責点|防御率,1979|阪　急|23|11|9|0|||9|1|1|.550|646|151|151||154|23|47|5|84|1|1|84|73|4.35,_data\master_csv__rescrape_staging\pitching_1979_PL_from_master.csv,3
CSV_ER,ER,0,0,セーブ,5,0,1979,51353843,今井　雄太郎,年度|所属球団|登板|勝利|敗北|セーブ|H|HP|完投|完封勝|無四球|勝率|打者|投球回|安打|本塁打|四球|死球|三振|暴投|ボーク|失点|自責点|防御率,1979|阪　急|27|11|7|0|||9|2|1|.611|727|166 .2|166|.2|179|12|72|7|65|6|0|85|79|4.26,_data\master_csv__rescrape_staging\pitching_1979_PL_from_master.csv,4
CSV_ER,ER,0,0,自責点,22,0,1979,51353843,今井　雄太郎,年度|所属球団|登板|勝利|敗北|セーブ|H|HP|完投|完封勝|無四球|勝率|打者|投球回|安打|本塁打|四球|死球|三振|暴投|ボーク|失点|自責点|防御率,1979|阪　急|27|11|7|0|||9|2|1|.611|727|166 .2|166|.2|179|12|72|7|65|6|0|85|79|4.26,_data\master_csv__rescrape_staging\pitching_1979_PL_from_master.csv,4
CSV_ER,ER,0,0,index_3,3,0,1979,51353843,今井　雄太郎,,1979|阪　急|28|0|0|0|0|0|0|0|0|0|0|0|0|0|0|0|0|0|.000|.000|.000,_data\master_csv__rescrape_staging\pitching_1979_PL_from_master.csv,4
CSV_ER,ER,0,0,index_4,4,0,1979,51353843,今井　雄太郎,,1979|阪　急|28|0|0|0|0|0|0|0|0|0|0|0|0|0|0|0|0|0|.000|.000|.000,_data\master_csv__rescrape_staging\pitching_1979_PL_from_master.csv,4
CSV_ER,ER,0,0,index_5,5,0,1979,51353843,今井　雄太郎,,1979|阪　急|28|0|0|0|0|0|0|0|0|0|0|0|0|0|0|0|0|0|.000|.000|.000,_data\master_csv__rescrape_staging\pitching_1979_PL_from_master.csv,4
CSV_ER,ER,0,0,index_6,6,0,1979,51353843,今井　雄太郎,,1979|阪　急|28|0|0|0|0|0|0|0|0|0|0|0|0|0|0|0|0|0|.000|.000|.000,_data\master_csv__rescrape_staging\pitching_1979_PL_from_master.csv,4
CSV_ER,ER,0,0,index_7,7,0,1979,51353843,今井　雄太郎,,1979|阪　急|28|0|0|0|0|0|0|0|0|0|0|0|0|0|0|0|0|0|.000|.000|.000,_data\master_csv__rescrape_staging\pitching_1979_PL_from_master.csv,4
CSV_ER,ER,0,0,index_8,8,0,1979,51353843,今井　雄太郎,,1979|阪　急|28|0|0|0|0|0|0|0|0|0|0|0|0|0|0|0|0|0|.000|.000|.000,_data\master_csv__rescrape_staging\pitching_1979_PL_from_master.csv,4
CSV_ER,ER,0,0,index_9,9,0,1979,51353843,今井　雄太郎,,1979|阪　急|28|0|0|0|0|0|0|0|0|0|0|0|0|0|0|0|0|0|.000|.000|.000,_data\master_csv__rescrape_staging\pitching_1979_PL_from_master.csv,4
CSV_ER,ER,0,0,index_10,10,0,1979,51353843,今井　雄太郎,,1979|阪　急|28|0|0|0|0|0|0|0|0|0|0|0|0|0|0|0|0|0|.000|.000|.000,_data\master_csv__rescrape_staging\pitching_1979_PL_from_master.csv,4
CSV_ER,ER,0,0,index_11,11,0,1979,51353843,今井　雄太郎,,1979|阪　急|28|0|0|0|0|0|0|0|0|0|0|0|0|0|0|0|0|0|.000|.000|.000,_data\master_csv__rescrape_staging\pitching_1979_PL_from_master.csv,4
CSV_ER,ER,0,0,index_12,12,0,1979,51353843,今井　雄太郎,,1979|阪　急|28|0|0|0|0|0|0|0|0|0|0|0|0|0|0|0|0|0|.000|.000|.000,_data\master_csv__rescrape_staging\pitching_1979_PL_from_master.csv,4
CSV_ER,ER,0,0,index_13,13,0,1979,51353843,今井　雄太郎,,1979|阪　急|28|0|0|0|0|0|0|0|0|0|0|0|0|0|0|0|0|0|.000|.000|.000,_data\master_csv__rescrape_staging\pitching_1979_PL_from_master.csv,4
CSV_ER,ER,0,0,index_14,14,0,1979,51353843,今井　雄太郎,,1979|阪　急|28|0|0|0|0|0|0|0|0|0|0|0|0|0|0|0|0|0|.000|.000|.000,_data\master_csv__rescrape_staging\pitching_1979_PL_from_master.csv,4
CSV_ER,ER,0,0,index_15,15,0,1979,51353843,今井　雄太郎,,1979|阪　急|28|0|0|0|0|0|0|0|0|0|0|0|0|0|0|0|0|0|.000|.000|.000,_data\master_csv__rescrape_staging\pitching_1979_PL_from_master.csv,4
CSV_ER,ER,0,0,index_16,16,0,1979,51353843,今井　雄太郎,,1979|阪　急|28|0|0|0|0|0|0|0|0|0|0|0|0|0|0|0|0|0|.000|.000|.000,_data\master_csv__rescrape_staging\pitching_1979_PL_from_master.csv,4
CSV_ER,ER,0,0,index_17,17,0,1979,51353843,今井　雄太郎,,1979|阪　急|28|0|0|0|0|0|0|0|0|0|0|0|0|0|0|0|0|0|.000|.000|.000,_data\master_csv__rescrape_staging\pitching_1979_PL_from_master.csv,4
CSV_ER,ER,0,0,index_18,18,0,1979,51353843,今井　雄太郎,,1979|阪　急|28|0|0|0|0|0|0|0|0|0|0|0|0|0|0|0|0|0|.000|.000|.000,_data\master_csv__rescrape_staging\pitching_1979_PL_from_master.csv,4
CSV_ER,ER,0,0,index_19,19,0,1979,51353843,今井　雄太郎,,1979|阪　急|28|0|0|0|0|0|0|0|0|0|0|0|0|0|0|0|0|0|.000|.000|.000,_data\master_csv__rescrape_staging\pitching_1979_PL_from_master.csv,4
CSV_ER,ER,0,0,index_20,20,.000,1979,51353843,今井　雄太郎,,1979|阪　急|28|0|0|0|0|0|0|0|0|0|0|0|0|0|0|0|0|0|.000|.000|.000,_data\master_csv__rescrape_staging\pitching_1979_PL_from_master.csv,4
CSV_ER,ER,0,0,index_21,21,.000,1979,51353843,今井　雄太郎,,1979|阪　急|28|0|0|0|0|0|0|0|0|0|0|0|0|0|0|0|0|0|.000|.000|.000,_data\master_csv__rescrape_staging\pitching_1979_PL_from_master.csv,4
CSV_ER,ER,0,0,index_22,22,.000,1979,51353843,今井　雄太郎,,1979|阪　急|28|0|0|0|0|0|0|0|0|0|0|0|0|0|0|0|0|0|.000|.000|.000,_data\master_csv__rescrape_staging\pitching_1979_PL_from_master.csv,4
CSV_ERA,ERA,85.0,85,防御率,23,85,1979,51353843,今井　雄太郎,年度|所属球団|登板|勝利|敗北|セーブ|H|HP|完投|完封勝|無四球|勝率|打者|投球回|安打|本塁打|四球|死球|三振|暴投|ボーク|失点|自責点|防御率,1979|阪　急|27|11|7|0|||9|2|1|.611|727|166 .2|166|.2|179|12|72|7|65|6|0|85|79|4.26,_data\master_csv__rescrape_staging\pitching_1979_PL_from_master.csv,4
CSV_ER,ER,0,0,セーブ,5,0,1979,71373844,三枝　規悦,年度|所属球団|登板|勝利|敗北|セーブ|H|HP|完投|完封勝|無四球|勝率|打者|投球回|安打|本塁打|四球|死球|三振|暴投|ボーク|失点|自責点|防御率,1979|阪　急|16|4|1|0|||2|0|0|.800|251|57 .1|57|.1|67|15|12|3|23|0|0|35|33|5.21,_data\master_csv__rescrape_staging\pitching_1979_PL_from_master.csv,5
CSV_ER,ER,0,0,完封勝,9,0,1979,71373844,三枝　規悦,年度|所属球団|登板|勝利|敗北|セーブ|H|HP|完投|完封勝|無四球|勝率|打者|投球回|安打|本塁打|四球|死球|三振|暴投|ボーク|失点|自責点|防御率,1979|阪　急|16|4|1|0|||2|0|0|.800|251|57 .1|57|.1|67|15|12|3|23|0|0|35|33|5.21,_data\master_csv__rescrape_staging\pitching_1979_PL_from_master.csv,5
CSV_ER,ER,0,0,無四球,10,0,1979,71373844,三枝　規悦,年度|所属球団|登板|勝利|敗北|セーブ|H|HP|完投|完封勝|無四球|勝率|打者|投球回|安打|本塁打|四球|死球|三振|暴投|ボーク|失点|自責点|防御率,1979|阪　急|16|4|1|0|||2|0|0|.800|251|57 .1|57|.1|67|15|12|3|23|0|0|35|33|5.21,_data\master_csv__rescrape_staging\pitching_1979_PL_from_master.csv,5
CSV_ER,ER,0,0,失点,21,0,1979,71373844,三枝　規悦,年度|所属球団|登板|勝利|敗北|セーブ|H|HP|完投|完封勝|無四球|勝率|打者|投球回|安打|本塁打|四球|死球|三振|暴投|ボーク|失点|自責点|防御率,1979|阪　急|16|4|1|0|||2|0|0|.800|251|57 .1|57|.1|67|15|12|3|23|0|0|35|33|5.21,_data\master_csv__rescrape_staging\pitching_1979_PL_from_master.csv,5
CSV_ER,ER,0,0,自責点,22,0,1979,71373844,三枝　規悦,年度|所属球団|登板|勝利|敗北|セーブ|H|HP|完投|完封勝|無四球|勝率|打者|投球回|安打|本塁打|四球|死球|三振|暴投|ボーク|失点|自責点|防御率,1979|阪　急|16|4|1|0|||2|0|0|.800|251|57 .1|57|.1|67|15|12|3|23|0|0|35|33|5.21,_data\master_csv__rescrape_staging\pitching_1979_PL_from_master.csv,5
CSV_ER,ER,0,0,index_3,3,0,1979,71373844,三枝　規悦,,1979|阪　急|16|0|0|0|0|0|0|0|0|0|0|0|0|0|0|0|0|0|.000|.000|.000,_data\master_csv__rescrape_staging\pitching_1979_PL_from_master.csv,5
CSV_ER,ER,0,0,index_4,4,0,1979,71373844,三枝　規悦,,1979|阪　急|16|0|0|0|0|0|0|0|0|0|0|0|0|0|0|0|0|0|.000|.000|.000,_data\master_csv__rescrape_staging\pitching_1979_PL_from_master.csv,5
CSV_ER,ER,0,0,index_5,5,0,1979,71373844,三枝　規悦,,1979|阪　急|16|0|0|0|0|0|0|0|0|0|0|0|0|0|0|0|0|0|.000|.000|.000,_data\master_csv__rescrape_staging\pitching_1979_PL_from_master.csv,5
CSV_ER,ER,0,0,index_6,6,0,1979,71373844,三枝　規悦,,1979|阪　急|16|0|0|0|0|0|0|0|0|0|0|0|0|0|0|0|0|0|.000|.000|.000,_data\master_csv__rescrape_staging\pitching_1979_PL_from_master.csv,5
CSV_ER,ER,0,0,index_7,7,0,1979,71373844,三枝　規悦,,1979|阪　急|16|0|0|0|0|0|0|0|0|0|0|0|0|0|0|0|0|0|.000|.000|.000,_data\master_csv__rescrape_staging\pitching_1979_PL_from_master.csv,5
CSV_ER,ER,0,0,index_8,8,0,1979,71373844,三枝　規悦,,1979|阪　急|16|0|0|0|0|0|0|0|0|0|0|0|0|0|0|0|0|0|.000|.000|.000,_data\master_csv__rescrape_staging\pitching_1979_PL_from_master.csv,5
CSV_ER,ER,0,0,index_9,9,0,1979,71373844,三枝　規悦,,1979|阪　急|16|0|0|0|0|0|0|0|0|0|0|0|0|0|0|0|0|0|.000|.000|.000,_data\master_csv__rescrape_staging\pitching_1979_PL_from_master.csv,5
CSV_ER,ER,0,0,index_10,10,0,1979,71373844,三枝　規悦,,1979|阪　急|16|0|0|0|0|0|0|0|0|0|0|0|0|0|0|0|0|0|.000|.000|.000,_data\master_csv__rescrape_staging\pitching_1979_PL_from_master.csv,5
CSV_ER,ER,0,0,index_11,11,0,1979,71373844,三枝　規悦,,1979|阪　急|16|0|0|0|0|0|0|0|0|0|0|0|0|0|0|0|0|0|.000|.000|.000,_data\master_csv__rescrape_staging\pitching_1979_PL_from_master.csv,5
CSV_ER,ER,0,0,index_12,12,0,1979,71373844,三枝　規悦,,1979|阪　急|16|0|0|0|0|0|0|0|0|0|0|0|0|0|0|0|0|0|.000|.000|.000,_data\master_csv__rescrape_staging\pitching_1979_PL_from_master.csv,5
CSV_ER,ER,0,0,index_13,13,0,1979,71373844,三枝　規悦,,1979|阪　急|16|0|0|0|0|0|0|0|0|0|0|0|0|0|0|0|0|0|.000|.000|.000,_data\master_csv__rescrape_staging\pitching_1979_PL_from_master.csv,5
CSV_ER,ER,0,0,index_14,14,0,1979,71373844,三枝　規悦,,1979|阪　急|16|0|0|0|0|0|0|0|0|0|0|0|0|0|0|0|0|0|.000|.000|.000,_data\master_csv__rescrape_staging\pitching_1979_PL_from_master.csv,5
CSV_ER,ER,0,0,index_15,15,0,1979,71373844,三枝　規悦,,1979|阪　急|16|0|0|0|0|0|0|0|0|0|0|0|0|0|0|0|0|0|.000|.000|.000,_data\master_csv__rescrape_staging\pitching_1979_PL_from_master.csv,5
CSV_ER,ER,0,0,index_16,16,0,1979,71373844,三枝　規悦,,1979|阪　急|16|0|0|0|0|0|0|0|0|0|0|0|0|0|0|0|0|0|.000|.000|.000,_data\master_csv__rescrape_staging\pitching_1979_PL_from_master.csv,5
CSV_ER,ER,0,0,index_17,17,0,1979,71373844,三枝　規悦,,1979|阪　急|16|0|0|0|0|0|0|0|0|0|0|0|0|0|0|0|0|0|.000|.000|.000,_data\master_csv__rescrape_staging\pitching_1979_PL_from_master.csv,5
CSV_ER,ER,0,0,index_18,18,0,1979,71373844,三枝　規悦,,1979|阪　急|16|0|0|0|0|0|0|0|0|0|0|0|0|0|0|0|0|0|.000|.000|.000,_data\master_csv__rescrape_staging\pitching_1979_PL_from_master.csv,5
CSV_ER,ER,0,0,index_19,19,0,1979,71373844,三枝　規悦,,1979|阪　急|16|0|0|0|0|0|0|0|0|0|0|0|0|0|0|0|0|0|.000|.000|.000,_data\master_csv__rescrape_staging\pitching_1979_PL_from_master.csv,5
CSV_ER,ER,0,0,index_20,20,.000,1979,71373844,三枝　規悦,,1979|阪　急|16|0|0|0|0|0|0|0|0|0|0|0|0|0|0|0|0|0|.000|.000|.000,_data\master_csv__rescrape_staging\pitching_1979_PL_from_master.csv,5
CSV_ER,ER,0,0,index_21,21,.000,1979,71373844,三枝　規悦,,1979|阪　急|16|0|0|0|0|0|0|0|0|0|0|0|0|0|0|0|0|0|.000|.000|.000,_data\master_csv__rescrape_staging\pitching_1979_PL_from_master.csv,5
CSV_ER,ER,0,0,index_22,22,.000,1979,71373844,三枝　規悦,,1979|阪　急|16|0|0|0|0|0|0|0|0|0|0|0|0|0|0|0|0|0|.000|.000|.000,_data\master_csv__rescrape_staging\pitching_1979_PL_from_master.csv,5
CSV_ERA,ERA,35.0,35,防御率,23,35,1979,71373844,三枝　規悦,年度|所属球団|登板|勝利|敗北|セーブ|H|HP|完投|完封勝|無四球|勝率|打者|投球回|安打|本塁打|四球|死球|三振|暴投|ボーク|失点|自責点|防御率,1979|阪　急|16|4|1|0|||2|0|0|.800|251|57 .1|57|.1|67|15|12|3|23|0|0|35|33|5.21,_data\master_csv__rescrape_staging\pitching_1979_PL_from_master.csv,5
CSV_ER,ER,0,0,無四球,10,0,1979,91393844,佐藤　義則,年度|所属球団|登板|勝利|敗北|セーブ|H|HP|完投|完封勝|無四球|勝率|打者|投球回|安打|本塁打|四球|死球|三振|暴投|ボーク|失点|自責点|防御率,1979|阪　急|26|10|6|2|||11|1|0|.625|696|155 .1|155|.1|177|22|65|4|92|1|0|85|74|4.30,_data\master_csv__rescrape_staging\pitching_1979_PL_from_master.csv,6
CSV_ER,ER,0,0,自責点,22,0,1979,91393844,佐藤　義則,年度|所属球団|登板|勝利|敗北|セーブ|H|HP|完投|完封勝|無四球|勝率|打者|投球回|安打|本塁打|四球|死球|三振|暴投|ボーク|失点|自責点|防御率,1979|阪　急|26|10|6|2|||11|1|0|.625|696|155 .1|155|.1|177|22|65|4|92|1|0|85|74|4.30,_data\master_csv__rescrape_staging\pitching_1979_PL_from_master.csv,6
CSV_ER,ER,0,0,index_3,3,0,1979,91393844,佐藤　義則,,1979|阪　急|28|0|0|0|0|0|0|0|0|0|0|0|0|0|0|0|0|0|.000|.000|.000,_data\master_csv__rescrape_staging\pitching_1979_PL_from_master.csv,6
CSV_ER,ER,0,0,index_4,4,0,1979,91393844,佐藤　義則,,1979|阪　急|28|0|0|0|0|0|0|0|0|0|0|0|0|0|0|0|0|0|.000|.000|.000,_data\master_csv__rescrape_staging\pitching_1979_PL_from_master.csv,6
CSV_ER,ER,0,0,index_5,5,0,1979,91393844,佐藤　義則,,1979|阪　急|28|0|0|0|0|0|0|0|0|0|0|0|0|0|0|0|0|0|.000|.000|.000,_data\master_csv__rescrape_staging\pitching_1979_PL_from_master.csv,6
CSV_ER,ER,0,0,index_6,6,0,1979,91393844,佐藤　義則,,1979|阪　急|28|0|0|0|0|0|0|0|0|0|0|0|0|0|0|0|0|0|.000|.000|.000,_data\master_csv__rescrape_staging\pitching_1979_PL_from_master.csv,6
CSV_ER,ER,0,0,index_7,7,0,1979,91393844,佐藤　義則,,1979|阪　急|28|0|0|0|0|0|0|0|0|0|0|0|0|0|0|0|0|0|.000|.000|.000,_data\master_csv__rescrape_staging\pitching_1979_PL_from_master.csv,6
CSV_ER,ER,0,0,index_8,8,0,1979,91393844,佐藤　義則,,1979|阪　急|28|0|0|0|0|0|0|0|0|0|0|0|0|0|0|0|0|0|.000|.000|.000,_data\master_csv__rescrape_staging\pitching_1979_PL_from_master.csv,6
CSV_ER,ER,0,0,index_9,9,0,1979,91393844,佐藤　義則,,1979|阪　急|28|0|0|0|0|0|0|0|0|0|0|0|0|0|0|0|0|0|.000|.000|.000,_data\master_csv__rescrape_staging\pitching_1979_PL_from_master.csv,6
CSV_ER,ER,0,0,index_10,10,0,1979,91393844,佐藤　義則,,1979|阪　急|28|0|0|0|0|0|0|0|0|0|0|0|0|0|0|0|0|0|.000|.000|.000,_data\master_csv__rescrape_staging\pitching_1979_PL_from_master.csv,6
CSV_ER,ER,0,0,index_11,11,0,1979,91393844,佐藤　義則,,1979|阪　急|28|0|0|0|0|0|0|0|0|0|0|0|0|0|0|0|0|0|.000|.000|.000,_data\master_csv__rescrape_staging\pitching_1979_PL_from_master.csv,6
CSV_ER,ER,0,0,index_12,12,0,1979,91393844,佐藤　義則,,1979|阪　急|28|0|0|0|0|0|0|0|0|0|0|0|0|0|0|0|0|0|.000|.000|.000,_data\master_csv__rescrape_staging\pitching_1979_PL_from_master.csv,6
CSV_ER,ER,0,0,index_13,13,0,1979,91393844,佐藤　義則,,1979|阪　急|28|0|0|0|0|0|0|0|0|0|0|0|0|0|0|0|0|0|.000|.000|.000,_data\master_csv__rescrape_staging\pitching_1979_PL_from_master.csv,6
CSV_ER,ER,0,0,index_14,14,0,1979,91393844,佐藤　義則,,1979|阪　急|28|0|0|0|0|0|0|0|0|0|0|0|0|0|0|0|0|0|.000|.000|.000,_data\master_csv__rescrape_staging\pitching_1979_PL_from_master.csv,6
CSV_ER,ER,0,0,index_15,15,0,1979,91393844,佐藤　義則,,1979|阪　急|28|0|0|0|0|0|0|0|0|0|0|0|0|0|0|0|0|0|.000|.000|.000,_data\master_csv__rescrape_staging\pitching_1979_PL_from_master.csv,6
CSV_ER,ER,0,0,index_16,16,0,1979,91393844,佐藤　義則,,1979|阪　急|28|0|0|0|0|0|0|0|0|0|0|0|0|0|0|0|0|0|.000|.000|.000,_data\master_csv__rescrape_staging\pitching_1979_PL_from_master.csv,6
CSV_ER,ER,0,0,index_17,17,0,1979,91393844,佐藤　義則,,1979|阪　急|28|0|0|0|0|0|0|0|0|0|0|0|0|0|0|0|0|0|.000|.000|.000,_data\master_csv__rescrape_staging\pitching_1979_PL_from_master.csv,6
CSV_ER,ER,0,0,index_18,18,0,1979,91393844,佐藤　義則,,1979|阪　急|28|0|0|0|0|0|0|0|0|0|0|0|0|0|0|0|0|0|.000|.000|.000,_data\master_csv__rescrape_staging\pitching_1979_PL_from_master.csv,6
CSV_ER,ER,0,0,index_19,19,0,1979,91393844,佐藤　義則,,1979|阪　急|28|0|0|0|0|0|0|0|0|0|0|0|0|0|0|0|0|0|.000|.000|.000,_data\master_csv__rescrape_staging\pitching_1979_PL_from_master.csv,6
CSV_ER,ER,0,0,index_20,20,.000,1979,91393844,佐藤　義則,,1979|阪　急|28|0|0|0|0|0|0|0|0|0|0|0|0|0|0|0|0|0|.000|.000|.000,_data\master_csv__rescrape_staging\pitching_1979_PL_from_master.csv,6
CSV_ER,ER,0,0,index_21,21,.000,1979,91393844,佐藤　義則,,1979|阪　急|28|0|0|0|0|0|0|0|0|0|0|0|0|0|0|0|0|0|.000|.000|.000,_data\master_csv__rescrape_staging\pitching_1979_PL_from_master.csv,6
CSV_ER,ER,0,0,index_22,22,.000,1979,91393844,佐藤　義則,,1979|阪　急|28|0|0|0|0|0|0|0|0|0|0|0|0|0|0|0|0|0|.000|.000|.000,_data\master_csv__rescrape_staging\pitching_1979_PL_from_master.csv,6
CSV_ERA,ERA,85.0,85,防御率,23,85,1979,91393844,佐藤　義則,年度|所属球団|登板|勝利|敗北|セーブ|H|HP|完投|完封勝|無四球|勝率|打者|投球回|安打|本塁打|四球|死球|三振|暴投|ボーク|失点|自責点|防御率,1979|阪　急|26|10|6|2|||11|1|0|.625|696|155 .1|155|.1|177|22|65|4|92|1|0|85|74|4.30,_data\master_csv__rescrape_staging\pitching_1979_PL_from_master.csv,6
CSV_ER,ER,0,0,セーブ,5,0,1979,21523822,白石　静生,年度|所属球団|登板|勝利|敗北|セーブ|H|HP|完投|完封勝|無四球|勝率|打者|投球回|安打|本塁打|四球|死球|三振|暴投|ボーク|失点|自責点|防御率,1979|阪　急|20|8|5|0|||5|0|0|.615|557|125 .1|125|.1|129|23|52|4|57|1|0|64|58|4.18,_data\master_csv__rescrape_staging\pitching_1979_PL_from_master.csv,7
CSV_ER,ER,0,0,完封勝,9,0,1979,21523822,白石　静生,年度|所属球団|登板|勝利|敗北|セーブ|H|HP|完投|完封勝|無四球|勝率|打者|投球回|安打|本塁打|四球|死球|三振|暴投|ボーク|失点|自責点|防御率,1979|阪　急|20|8|5|0|||5|0|0|.615|557|125 .1|125|.1|129|23|52|4|57|1|0|64|58|4.18,_data\master_csv__rescrape_staging\pitching_1979_PL_from_master.csv,7
CSV_ER,ER,0,0,無四球,10,0,1979,21523822,白石　静生,年度|所属球団|登板|勝利|敗北|セーブ|H|HP|完投|完封勝|無四球|勝率|打者|投球回|安打|本塁打|四球|死球|三振|暴投|ボーク|失点|自責点|防御率,1979|阪　急|20|8|5|0|||5|0|0|.615|557|125 .1|125|.1|129|23|52|4|57|1|0|64|58|4.18,_data\master_csv__rescrape_staging\pitching_1979_PL_from_master.csv,7
CSV_ER,ER,0,0,自責点,22,0,1979,21523822,白石　静生,年度|所属球団|登板|勝利|敗北|セーブ|H|HP|完投|完封勝|無四球|勝率|打者|投球回|安打|本塁打|四球|死球|三振|暴投|ボーク|失点|自責点|防御率,1979|阪　急|20|8|5|0|||5|0|0|.615|557|125 .1|125|.1|129|23|52|4|57|1|0|64|58|4.18,_data\master_csv__rescrape_staging\pitching_1979_PL_from_master.csv,7
CSV_ER,ER,0,0,index_3,3,0,1979,21523822,白石　静生,,1979|阪　急|20|0|0|0|0|0|0|0|0|0|0|0|0|0|0|0|0|0|.000|.000|.000,_data\master_csv__rescrape_staging\pitching_1979_PL_from_master.csv,7
CSV_ER,ER,0,0,index_4,4,0,1979,21523822,白石　静生,,1979|阪　急|20|0|0|0|0|0|0|0|0|0|0|0|0|0|0|0|0|0|.000|.000|.000,_data\master_csv__rescrape_staging\pitching_1979_PL_from_master.csv,7
CSV_ER,ER,0,0,index_5,5,0,1979,21523822,白石　静生,,1979|阪　急|20|0|0|0|0|0|0|0|0|0|0|0|0|0|0|0|0|0|.000|.000|.000,_data\master_csv__rescrape_staging\pitching_1979_PL_from_master.csv,7
CSV_ER,ER,0,0,index_6,6,0,1979,21523822,白石　静生,,1979|阪　急|20|0|0|0|0|0|0|0|0|0|0|0|0|0|0|0|0|0|.000|.000|.000,_data\master_csv__rescrape_staging\pitching_1979_PL_from_master.csv,7
CSV_ER,ER,0,0,index_7,7,0,1979,21523822,白石　静生,,1979|阪　急|20|0|0|0|0|0|0|0|0|0|0|0|0|0|0|0|0|0|.000|.000|.000,_data\master_csv__rescrape_staging\pitching_1979_PL_from_master.csv,7
CSV_ER,ER,0,0,index_8,8,0,1979,21523822,白石　静生,,1979|阪　急|20|0|0|0|0|0|0|0|0|0|0|0|0|0|0|0|0|0|.000|.000|.000,_data\master_csv__rescrape_staging\pitching_1979_PL_from_master.csv,7
CSV_ER,ER,0,0,index_9,9,0,1979,21523822,白石　静生,,1979|阪　急|20|0|0|0|0|0|0|0|0|0|0|0|0|0|0|0|0|0|.000|.000|.000,_data\master_csv__rescrape_staging\pitching_1979_PL_from_master.csv,7
CSV_ER,ER,0,0,index_10,10,0,1979,21523822,白石　静生,,1979|阪　急|20|0|0|0|0|0|0|0|0|0|0|0|0|0|0|0|0|0|.000|.000|.000,_data\master_csv__rescrape_staging\pitching_1979_PL_from_master.csv,7
CSV_ER,ER,0,0,index_11,11,0,1979,21523822,白石　静生,,1979|阪　急|20|0|0|0|0|0|0|0|0|0|0|0|0|0|0|0|0|0|.000|.000|.000,_data\master_csv__rescrape_staging\pitching_1979_PL_from_master.csv,7
CSV_ER,ER,0,0,index_12,12,0,1979,21523822,白石　静生,,1979|阪　急|20|0|0|0|0|0|0|0|0|0|0|0|0|0|0|0|0|0|.000|.000|.000,_data\master_csv__rescrape_staging\pitching_1979_PL_from_master.csv,7
CSV_ER,ER,0,0,index_13,13,0,1979,21523822,白石　静生,,1979|阪　急|20|0|0|0|0|0|0|0|0|0|0|0|0|0|0|0|0|0|.000|.000|.000,_data\master_csv__rescrape_staging\pitching_1979_PL_from_master.csv,7
CSV_ER,ER,0,0,index_14,14,0,1979,21523822,白石　静生,,1979|阪　急|20|0|0|0|0|0|0|0|0|0|0|0|0|0|0|0|0|0|.000|.000|.000,_data\master_csv__rescrape_staging\pitching_1979_PL_from_master.csv,7
CSV_ER,ER,0,0,index_15,15,0,1979,21523822,白石　静生,,1979|阪　急|20|0|0|0|0|0|0|0|0|0|0|0|0|0|0|0|0|0|.000|.000|.000,_data\master_csv__rescrape_staging\pitching_1979_PL_from_master.csv,7
CSV_ER,ER,0,0,index_16,16,0,1979,21523822,白石　静生,,1979|阪　急|20|0|0|0|0|0|0|0|0|0|0|0|0|0|0|0|0|0|.000|.000|.000,_data\master_csv__rescrape_staging\pitching_1979_PL_from_master.csv,7
CSV_ER,ER,0,0,index_17,17,0,1979,21523822,白石　静生,,1979|阪　急|20|0|0|0|0|0|0|0|0|0|0|0|0|0|0|0|0|0|.000|.000|.000,_data\master_csv__rescrape_staging\pitching_1979_PL_from_master.csv,7
CSV_ER,ER,0,0,index_18,18,0,1979,21523822,白石　静生,,1979|阪　急|20|0|0|0|0|0|0|0|0|0|0|0|0|0|0|0|0|0|.000|.000|.000,_data\master_csv__rescrape_staging\pitching_1979_PL_from_master.csv,7
CSV_ER,ER,0,0,index_19,19,0,1979,21523822,白石　静生,,1979|阪　急|20|0|0|0|0|0|0|0|0|0|0|0|0|0|0|0|0|0|.000|.000|.000,_data\master_csv__rescrape_staging\pitching_1979_PL_from_master.csv,7
CSV_ER,ER,0,0,index_20,20,.000,1979,21523822,白石　静生,,1979|阪　急|20|0|0|0|0|0|0|0|0|0|0|0|0|0|0|0|0|0|.000|.000|.000,_data\master_csv__rescrape_staging\pitching_1979_PL_from_master.csv,7
CSV_ER,ER,0,0,index_21,21,.000,1979,21523822,白石　静生,,1979|阪　急|20|0|0|0|0|0|0|0|0|0|0|0|0|0|0|0|0|0|.000|.000|.000,_data\master_csv__rescrape_staging\pitching_1979_PL_from_master.csv,7
CSV_ER,ER,0,0,index_22,22,.000,1979,21523822,白石　静生,,1979|阪　急|20|0|0|0|0|0|0|0|0|0|0|0|0|0|0|0|0|0|.000|.000|.000,_data\master_csv__rescrape_staging\pitching_1979_PL_from_master.csv,7
CSV_ERA,ERA,64.0,64,防御率,23,64,1979,21523822,白石　静生,年度|所属球団|登板|勝利|敗北|セーブ|H|HP|完投|完封勝|無四球|勝率|打者|投球回|安打|本塁打|四球|死球|三振|暴投|ボーク|失点|自責点|防御率,1979|阪　急|20|8|5|0|||5|0|0|.615|557|125 .1|125|.1|129|23|52|4|57|1|0|64|58|4.18,_data\master_csv__rescrape_staging\pitching_1979_PL_from_master.csv,7
