year,league,team,player_id,player_name_ja,player_name_en,G,PA,AB,R,H,2B,3B,HR,TB,RBI,SB,CS,SH,SF,BB,IBB,HBP,SO,GDP,AVG,OBP,SLG,OPS,1B,IsoP,IsoD,IOPS,BB%,K%,BB/K,BABIP,GPA,NOI,SecA,TA,打率,安打,本塁打,打点,試合,打席,打数,単打,二塁打,三塁打,得点,出塁率,長打率,四球,敬遠,死球,三振,塁打,盗塁,盗塁死,犠打,犠飛,併殺打,RC,XR
1994,CL,阪神タイガース,11013847,真弓　明信,A.Mayumi,65.0,76.0,63.0,5.0,17.0,3.0,0.0,2.0,26.0,30.0,0.0,0,0.0,5.0,8.0,0,0.0,13.0,3.0,0.27,0.329,0.413,0.742,12.0,0.14299999999999996,0.059,0.472,10.526315789473683,17.105263157894736,0.6153846153846154,0.2830188679245283,0.2513,466.6666666666667,0.2698412698412698,0.6938775510204082,0.27,17.0,2.0,30.0,65.0,76.0,63.0,12.0,3.0,0.0,5.0,0.329,0.413,8.0,0,0.0,,26.0,0.0,0,0.0,5.0,,9.154929577464788,9.172
1994,CL,読売ジャイアンツ,1103860,井上　真二,S.Inoue,11.0,13.0,10.0,2.0,1.0,0.0,0.0,1.0,4.0,1.0,1.0,0,1.0,0.0,2.0,0,0.0,6.0,0.0,0.1,0.25,0.4,0.65,0.0,0.30000000000000004,0.15,0.55,15.384615384615385,46.15384615384615,0.3333333333333333,0.0,0.21250000000000002,383.3333333333333,0.6,0.7777777777777778,0.1,1.0,1.0,1.0,11.0,13.0,10.0,0.0,0.0,0.0,2.0,0.25,0.4,2.0,0,0.0,,4.0,1.0,0,1.0,0.0,,1.0,1.3980000000000001
1994,CL,広島東洋カープ,1103863,井上　祐二,Y.Inoue,17.0,4.0,4.0,0.0,0.0,0.0,0.0,0.0,0.0,0.0,0.0,0,0.0,0.0,0.0,0,0.0,3.0,1.0,0.0,0.0,0.0,0.0,0.0,0.0,0.0,0.0,0.0,75.0,0.0,0.0,0.0,0.0,0.0,0.0,0.0,0.0,0.0,0.0,17.0,4.0,4.0,0.0,0.0,0.0,0.0,0.0,0.0,0.0,0,0.0,,0.0,0.0,0,0.0,0.0,,0.0,-0.392
1994,CL,阪神タイガース,1103864,猪俣　隆,T.Inomata,15.0,14.0,13.0,0.0,1.0,0.0,0.0,0.0,1.0,0.0,0.0,0,0.0,0.0,1.0,0,0.0,8.0,1.0,0.077,0.143,0.077,0.21999999999999997,1.0,0.0,0.06599999999999999,0.143,7.142857142857142,57.14285714285714,0.125,0.2,0.0836,168.66666666666666,0.07692307692307693,0.15384615384615385,0.077,1.0,0.0,0.0,15.0,14.0,13.0,1.0,0.0,0.0,0.0,0.143,0.077,1.0,0,0.0,,1.0,0.0,0,0.0,0.0,,0.14285714285714285,-0.3460000000000001
1994,CL,読売ジャイアンツ,1103883,元木　大介,D.Motoki,90.0,248.0,218.0,26.0,61.0,6.0,0.0,4.0,79.0,25.0,2.0,0,6.0,1.0,21.0,0,2.0,23.0,3.0,0.28,0.347,0.362,0.709,51.0,0.08199999999999996,0.06699999999999995,0.4289999999999999,8.46774193548387,9.274193548387096,0.9130434782608695,0.296875,0.24664999999999998,467.66666666666663,0.18807339449541285,0.65,0.28,61.0,4.0,25.0,90.0,248.0,218.0,51.0,6.0,0.0,26.0,0.347,0.362,21.0,0,2.0,,79.0,2.0,0,6.0,1.0,,27.10460251046025,28.144
1994,CL,阪神タイガース,11213864,八木　裕,H.Yagi,71.0,280.0,247.0,27.0,64.0,9.0,4.0,6.0,99.0,28.0,1.0,1,7.0,4.0,21.0,0,1.0,47.0,11.0,0.259,0.315,0.401,0.716,45.0,0.14200000000000002,0.055999999999999994,0.457,7.5,16.785714285714285,0.44680851063829785,0.29292929292929293,0.24200000000000002,448.6666666666667,0.23076923076923078,0.6288659793814433,0.259,64.0,6.0,28.0,71.0,280.0,247.0,45.0,9.0,4.0,27.0,0.315,0.401,21.0,0,1.0,,99.0,1.0,1,7.0,4.0,,31.399253731343283,31.285999999999998
1994,CL,横浜DeNAベイスターズ,11213867,畠山　準,H.Hatayama,127.0,510.0,449.0,51.0,131.0,27.0,1.0,11.0,193.0,46.0,1.0,1,6.0,1.0,50.0,0,4.0,105.0,12.0,0.292,0.367,0.43,0.7969999999999999,92.0,0.138,0.07500000000000001,0.505,9.803921568627452,20.588235294117645,0.47619047619047616,0.3592814371257485,0.27265,510.3333333333333,0.2516703786191537,0.7515151515151515,0.292,131.0,11.0,46.0,127.0,510.0,449.0,92.0,27.0,1.0,51.0,0.367,0.43,50.0,0,4.0,,193.0,1.0,1,6.0,1.0,,70.00601202404809,69.15600000000002
1994,CL,読売ジャイアンツ,11313860,大久保　博元,H.Ookubo,62.0,130.0,119.0,14.0,35.0,2.0,0.0,9.0,64.0,18.0,0.0,0,0.0,1.0,9.0,0,1.0,27.0,2.0,0.294,0.346,0.538,0.884,24.0,0.24400000000000005,0.05199999999999999,0.5900000000000001,6.923076923076923,20.76923076923077,0.3333333333333333,0.30952380952380953,0.2902,525.3333333333334,0.31932773109243695,0.8604651162790697,0.294,35.0,9.0,18.0,62.0,130.0,119.0,24.0,2.0,0.0,14.0,0.346,0.538,9.0,0,1.0,,64.0,0.0,0,0.0,1.0,,22.0,21.467999999999996
1994,CL,東京ヤクルトスワローズ,11313864,大野　雄次,Y.Oono,57.0,114.0,97.0,11.0,21.0,2.0,0.0,5.0,38.0,12.0,1,0,0.0,0.0,17.0,0,0.0,30.0,4.0,0.216,0.333,0.392,0.7250000000000001,14.0,0.17600000000000002,0.11700000000000002,0.509,14.912280701754385,26.31578947368421,0.5666666666666667,0.25806451612903225,0.24785000000000001,463.6666666666667,0.35051546391752575,0.6875,0.216,21.0,5.0,12.0,57.0,114.0,97.0,14.0,2.0,0.0,11.0,0.333,0.392,17.0,0,0.0,,38.0,1,0,0.0,0.0,,12.666666666666666,13.802
1994,CL,中日ドラゴンズ,11313883,小島　弘務,H.Kojima,33.0,12.0,9.0,0.0,1.0,0.0,0.0,0.0,1.0,0.0,0.0,0,3.0,0.0,0.0,0,0.0,5.0,1.0,0.111,0.111,0.111,0.222,1.0,0.0,0.0,0.111,0.0,41.66666666666667,0.0,0.25,0.0777,148.0,0.0,0.1111111111111111,0.111,1.0,0.0,0.0,33.0,12.0,9.0,1.0,0.0,0.0,0.0,0.111,0.111,0.0,0,0.0,,1.0,0.0,0,3.0,0.0,,0.1111111111111111,-0.28400000000000003
1994,CL,横浜DeNAベイスターズ,11313885,有働　克也,K.Udou,28.0,43.0,38.0,2.0,5.0,3.0,0.0,0.0,8.0,5.0,0.0,0,2.0,1.0,2.0,0,0.0,13.0,1.0,0.132,0.171,0.211,0.382,2.0,0.07899999999999999,0.03900000000000001,0.25,4.651162790697675,30.23255813953488,0.15384615384615385,0.19230769230769232,0.1297,241.33333333333334,0.13157894736842105,0.29411764705882354,0.132,5.0,0.0,5.0,28.0,43.0,38.0,2.0,3.0,0.0,2.0,0.171,0.211,2.0,0,0.0,,8.0,0.0,0,2.0,1.0,,1.4,0.5860000000000003
1994,CL,東京ヤクルトスワローズ,11313887,小倉　恒,H.Ogura,13.0,0.0,0.0,0.0,0.0,0.0,0.0,0.0,0.0,0.0,0.0,0,0.0,0.0,0.0,0,0.0,0.0,0.0,,,,0.0,0.0,0.0,0.0,,nan,nan,nan,nan,0.0,0.0,nan,nan,,0.0,0.0,0.0,13.0,0.0,0.0,0.0,0.0,0.0,0.0,,,0.0,0,0.0,,0.0,0.0,0,0.0,0.0,,nan,0.0
1994,CL,広島東洋カープ,11413868,本原　正治,M.Motohara,1.0,0.0,0.0,0.0,0.0,0.0,0.0,0.0,0.0,0.0,0.0,0,0.0,0.0,0.0,0,0.0,0.0,0.0,,,,0.0,0.0,0.0,0.0,,nan,nan,nan,nan,0.0,0.0,nan,nan,,0.0,0.0,0.0,1.0,0.0,0.0,0.0,0.0,0.0,0.0,,,0.0,0,0.0,,0.0,0.0,0,0.0,0.0,,nan,0.0
1994,CL,読売ジャイアンツ,11513862,桑田　真澄,M.Kuwata,31.0,83.0,73.0,7.0,21.0,0.0,1.0,1.0,26.0,7.0,0.0,0,5.0,0.0,5.0,0,0.0,15.0,0.0,0.288,0.333,0.356,0.6890000000000001,19.0,0.068,0.04500000000000004,0.401,6.024096385542169,18.072289156626507,0.3333333333333333,0.3508771929824561,0.23885,451.6666666666667,0.136986301369863,0.5961538461538461,0.288,21.0,1.0,7.0,31.0,83.0,73.0,19.0,0.0,1.0,7.0,0.333,0.356,5.0,0,0.0,,26.0,0.0,0,5.0,0.0,,8.666666666666666,8.533999999999999
1994,CL,横浜DeNAベイスターズ,11513866,大川　隆哉,R.Ookawa,8.0,3.0,3.0,1.0,0.0,0.0,0.0,0.0,0.0,0.0,1,0,0.0,0.0,0.0,0,0.0,2.0,0.0,0.0,0.0,0.0,0.0,0.0,0.0,0.0,0.0,0.0,66.66666666666666,0.0,0.0,0.0,0.0,0.0,0.0,0.0,0.0,0.0,0.0,8.0,3.0,3.0,0.0,0.0,0.0,1.0,0.0,0.0,0.0,0,0.0,,0.0,1,0,0.0,0.0,,0.0,-0.29400000000000004
1994,CL,東京ヤクルトスワローズ,11513883,岡林　洋一,Y.Okabayashi,31.0,66.0,57.0,4.0,9.0,0.0,1.0,0.0,11.0,4.0,1,0,5.0,0.0,4.0,0,0.0,23.0,1.0,0.158,0.213,0.193,0.406,8.0,0.035,0.05499999999999999,0.248,6.0606060606060606,34.84848484848485,0.17391304347826086,0.2647058823529412,0.1441,277.3333333333333,0.10526315789473684,0.30612244897959184,0.158,9.0,0.0,4.0,31.0,66.0,57.0,8.0,0.0,1.0,4.0,0.213,0.193,4.0,0,0.0,,11.0,1,0,5.0,0.0,,2.3442622950819674,1.6559999999999997
1994,CL,東京ヤクルトスワローズ,11613881,古田　敦也,A.Furuta,76.0,287.0,260.0,24.0,62.0,9.0,0.0,3.0,80.0,19.0,3,0,1.0,3.0,20.0,0,3.0,40.0,11.0,0.238,0.297,0.308,0.605,50.0,0.07,0.059,0.367,6.968641114982578,13.937282229965156,0.5,0.2681818181818182,0.21065,399.6666666666667,0.14615384615384616,0.49282296650717705,0.238,62.0,3.0,19.0,76.0,287.0,260.0,50.0,9.0,0.0,24.0,0.297,0.308,20.0,0,3.0,,80.0,3,0,1.0,3.0,,23.428571428571427,23.986
1994,CL,横浜DeNAベイスターズ,11613889,D.スコット,D.Scott,25.0,0.0,0.0,0.0,0.0,0.0,0.0,0.0,0.0,0.0,0.0,0,0.0,0.0,0.0,0,0.0,0.0,0.0,,,,0.0,0.0,0.0,0.0,,nan,nan,nan,nan,0.0,0.0,nan,nan,,0.0,0.0,0.0,25.0,0.0,0.0,0.0,0.0,0.0,0.0,,,0.0,0,0.0,,0.0,0.0,0,0.0,0.0,,nan,0.0
1994,CL,広島東洋カープ,11713866,川島　堅,K.Kawashima,2.0,0.0,0.0,0.0,0.0,0.0,0.0,0.0,0.0,0.0,0.0,0,0.0,0.0,0.0,0,0.0,0.0,0.0,,,,0.0,0.0,0.0,0.0,,nan,nan,nan,nan,0.0,0.0,nan,nan,,0.0,0.0,0.0,2.0,0.0,0.0,0.0,0.0,0.0,0.0,,,0.0,0,0.0,,0.0,0.0,0,0.0,0.0,,nan,0.0
1994,CL,阪神タイガース,11713883,湯舟　敏郎,T.Yufune,24.0,45.0,36.0,1.0,3.0,0.0,0.0,0.0,3.0,1.0,0.0,0,7.0,1.0,1.0,0,0.0,20.0,0.0,0.083,0.105,0.083,0.188,3.0,0.0,0.021999999999999992,0.105,2.2222222222222223,44.44444444444444,0.05,0.17647058823529413,0.068,132.66666666666666,0.027777777777777776,0.12121212121212122,0.083,3.0,0.0,1.0,24.0,45.0,36.0,3.0,0.0,0.0,1.0,0.105,0.083,1.0,0,0.0,,3.0,0.0,0,7.0,1.0,,0.32432432432432434,-1.404
1994,CL,中日ドラゴンズ,11713887,佐藤　秀樹,H.Satou,30.0,50.0,46.0,6.0,10.0,2.0,0.0,0.0,12.0,2.0,0.0,0,1.0,0.0,3.0,0,0.0,18.0,0.0,0.217,0.265,0.261,0.526,8.0,0.04400000000000001,0.048000000000000015,0.309,6.0,36.0,0.16666666666666666,0.35714285714285715,0.1845,352.00000000000006,0.10869565217391304,0.4166666666666667,0.217,10.0,0.0,2.0,30.0,50.0,46.0,8.0,2.0,0.0,6.0,0.265,0.261,3.0,0,0.0,,12.0,0.0,0,1.0,0.0,,3.183673469387755,2.9019999999999997
1994,CL,広島東洋カープ,1203869,前田　康伺,K.Maeda,14.0,0.0,0.0,0.0,0.0,0.0,0.0,0.0,0.0,0.0,0.0,0,0.0,0.0,0.0,0,0.0,0.0,0.0,,,,0.0,0.0,0.0,0.0,,nan,nan,nan,nan,0.0,0.0,nan,nan,,0.0,0.0,0.0,14.0,0.0,0.0,0.0,0.0,0.0,0.0,,,0.0,0,0.0,,0.0,0.0,0,0.0,0.0,,nan,0.0
1994,CL,読売ジャイアンツ,1203889,J.ジョーンズ,J.Jones,15.0,23.0,20.0,0.0,6.0,0.0,0.0,0.0,6.0,1.0,0.0,0,1.0,0.0,2.0,0,0.0,10.0,1.0,0.3,0.364,0.3,0.6639999999999999,6.0,0.0,0.064,0.364,8.695652173913043,43.47826086956522,0.2,0.6,0.2388,463.99999999999994,0.1,0.5333333333333333,0.3,6.0,0.0,1.0,15.0,23.0,20.0,6.0,0.0,0.0,0.0,0.364,0.3,2.0,0,0.0,,6.0,0.0,0,1.0,0.0,,2.1818181818181817,2.2880000000000003
1994,CL,広島東洋カープ,13013868,近藤　芳久,Y.Kondou,42.0,41.0,36.0,2.0,5.0,0.0,0.0,0.0,5.0,1.0,0.0,0,5.0,0.0,0.0,0,0.0,16.0,1.0,0.139,0.139,0.139,0.278,5.0,0.0,0.0,0.139,0.0,39.02439024390244,0.0,0.25,0.09730000000000001,185.33333333333334,0.0,0.15625,0.139,5.0,0.0,1.0,42.0,41.0,36.0,5.0,0.0,0.0,2.0,0.139,0.139,0.0,0,0.0,,5.0,0.0,0,5.0,0.0,,0.6944444444444444,-0.5380000000000003
1994,CL,中日ドラゴンズ,1303848,川又　米利,Y.Kawamata,85.0,133.0,104.0,12.0,28.0,4.0,0.0,2.0,38.0,12.0,0.0,0,0.0,2.0,24.0,0,2.0,15.0,4.0,0.269,0.409,0.365,0.774,22.0,0.09599999999999997,0.13999999999999996,0.5049999999999999,18.045112781954884,11.278195488721805,1.6,0.29213483146067415,0.2753,530.6666666666666,0.3269230769230769,0.8,0.269,28.0,2.0,12.0,85.0,133.0,104.0,22.0,4.0,0.0,12.0,0.409,0.365,24.0,0,2.0,,38.0,0.0,0,0.0,2.0,,15.4375,17.891999999999996
1994,CL,広島東洋カープ,1303864,紀藤　真琴,M.Kitou,31.0,71.0,59.0,7.0,8.0,2.0,0.0,0.0,10.0,3.0,0.0,0,6.0,1.0,5.0,0,0.0,19.0,2.0,0.136,0.2,0.169,0.369,6.0,0.033,0.064,0.233,7.042253521126761,26.76056338028169,0.2631578947368421,0.1951219512195122,0.13225,256.33333333333337,0.11864406779661017,0.2830188679245283,0.136,8.0,0.0,3.0,31.0,71.0,59.0,6.0,2.0,0.0,7.0,0.2,0.169,5.0,0,0.0,,10.0,0.0,0,6.0,1.0,,2.03125,1.0919999999999996
1994,CL,東京ヤクルトスワローズ,1303865,金森　栄治,E.Kanamori,71.0,72.0,70.0,1.0,19.0,3.0,0.0,0.0,22.0,5.0,0.0,0,0.0,0.0,2.0,0,0.0,10.0,4.0,0.271,0.292,0.314,0.606,16.0,0.04299999999999998,0.020999999999999963,0.3349999999999999,2.7777777777777777,13.88888888888889,0.2,0.31666666666666665,0.20989999999999998,396.6666666666667,0.07142857142857142,0.43636363636363634,0.271,19.0,0.0,5.0,71.0,72.0,70.0,16.0,3.0,0.0,1.0,0.292,0.314,2.0,0,0.0,,22.0,0.0,0,0.0,0.0,,6.416666666666667,5.822
1994,CL,中日ドラゴンズ,1303868,山﨑　武司,T.Yamasaki,38.0,50.0,42.0,7.0,11.0,3.0,0.0,3.0,23.0,13.0,1.0,0,0.0,0.0,8.0,0,0.0,13.0,0.0,0.262,0.38,0.548,0.928,5.0,0.28600000000000003,0.118,0.666,16.0,26.0,0.6153846153846154,0.3076923076923077,0.30800000000000005,562.6666666666666,0.5,1.032258064516129,0.262,11.0,3.0,13.0,38.0,50.0,42.0,5.0,3.0,0.0,7.0,0.38,0.548,8.0,0,0.0,,23.0,1.0,0,0.0,0.0,,8.74,8.762
1994,CL,中日ドラゴンズ,1303869,鹿島　忠,T.Kashima,23.0,1.0,1.0,0.0,1.0,0.0,0.0,0.0,1.0,0.0,0.0,0,0.0,0.0,0.0,0,0.0,0.0,0.0,1.0,1.0,1.0,2.0,1.0,0.0,0.0,1.0,0.0,0.0,nan,1.0,0.7,1333.3333333333333,0.0,nan,1.0,1.0,0.0,0.0,23.0,1.0,1.0,1.0,0.0,0.0,0.0,1.0,1.0,0.0,0,0.0,,1.0,0.0,0,0.0,0.0,,1.0,0.5
1994,CL,横浜DeNAベイスターズ,13113883,加藤　将斗,M.Katou,27.0,27.0,26.0,1.0,1.0,0.0,0.0,0.0,1.0,2.0,0.0,0,0.0,0.0,1.0,0,0.0,16.0,2.0,0.038,0.074,0.038,0.11199999999999999,1.0,0.0,0.036,0.074,3.7037037037037033,59.25925925925925,0.0625,0.1,0.0428,86.66666666666667,0.038461538461538464,0.07407407407407407,0.038,1.0,0.0,2.0,27.0,27.0,26.0,1.0,0.0,0.0,1.0,0.074,0.038,1.0,0,0.0,,1.0,0.0,0,0.0,0.0,,0.07407407407407407,-1.62
1994,CL,東京ヤクルトスワローズ,13913868,柳田　聖人,S.Yanagita,53.0,60.0,52.0,14.0,9.0,2.0,0.0,0.0,11.0,3.0,1,0,2.0,2.0,4.0,0,0.0,5.0,3.0,0.173,0.224,0.212,0.436,7.0,0.03900000000000001,0.05100000000000002,0.263,6.666666666666667,8.333333333333332,0.8,0.1836734693877551,0.1538,294.6666666666667,0.11538461538461539,0.32608695652173914,0.173,9.0,0.0,3.0,53.0,60.0,52.0,7.0,2.0,0.0,14.0,0.224,0.212,4.0,0,0.0,,11.0,1,0,2.0,2.0,,2.5535714285714284,2.0459999999999994
1994,CL,中日ドラゴンズ,1403862,山本昌,M.Yamamotomasa（yamamoto,29.0,86.0,66.0,4.0,10.0,0.0,0.0,0.0,10.0,4.0,1.0,0,14.0,0.0,6.0,0,0.0,25.0,0.0,0.152,0.222,0.152,0.374,10.0,0.0,0.07,0.222,6.976744186046512,29.069767441860467,0.24,0.24390243902439024,0.1379,272.6666666666667,0.10606060606060606,0.30357142857142855,0.152,10.0,0.0,4.0,29.0,86.0,66.0,10.0,0.0,0.0,4.0,0.222,0.152,6.0,0,0.0,,10.0,1.0,0,14.0,0.0,,2.2222222222222223,1.6719999999999997
1994,CL,中日ドラゴンズ,1403887,吉鶴　憲治,K.Yoshitsuru,4.0,3.0,3.0,0.0,1.0,0.0,0.0,0.0,1.0,0.0,0.0,0,0.0,0.0,0.0,0,0.0,0.0,0.0,0.333,0.333,0.333,0.666,1.0,0.0,0.0,0.333,0.0,0.0,nan,0.3333333333333333,0.23310000000000003,444.0,0.0,0.5,0.333,1.0,0.0,0.0,4.0,3.0,3.0,1.0,0.0,0.0,0.0,0.333,0.333,0.0,0,0.0,,1.0,0.0,0,0.0,0.0,,0.3333333333333333,0.304
1994,CL,東京ヤクルトスワローズ,15013868,鈴木　平,T.Suzuki,2.0,0.0,0.0,0.0,0.0,0.0,0.0,0.0,0.0,0.0,0.0,0,0.0,0.0,0.0,0,0.0,0.0,0.0,,,,0.0,0.0,0.0,0.0,,nan,nan,nan,nan,0.0,0.0,nan,nan,,0.0,0.0,0.0,2.0,0.0,0.0,0.0,0.0,0.0,0.0,,,0.0,0,0.0,,0.0,0.0,0,0.0,0.0,,nan,0.0
1994,CL,東京ヤクルトスワローズ,1503862,桜井　伸一,S.Sakurai,78.0,196.0,181.0,19.0,41.0,6.0,2.0,5.0,66.0,22.0,1.0,0,0.0,0.0,10.0,0,5.0,29.0,7.0,0.227,0.286,0.365,0.651,28.0,0.13799999999999998,0.05899999999999997,0.4239999999999999,5.1020408163265305,14.795918367346939,0.3448275862068966,0.24489795918367346,0.21994999999999998,407.66666666666663,0.19889502762430938,0.5578231292517006,0.227,41.0,5.0,22.0,78.0,196.0,181.0,28.0,6.0,2.0,19.0,0.286,0.365,10.0,0,5.0,,66.0,1.0,0,0.0,0.0,,17.623036649214658,19.009999999999998
1994,CL,横浜DeNAベイスターズ,1503866,野村　弘樹,H.Nomura,14.0,27.0,23.0,2.0,5.0,3.0,0.0,0.0,8.0,3.0,0.0,0,2.0,0.0,2.0,0,0.0,6.0,0.0,0.217,0.28,0.348,0.628,2.0,0.13099999999999998,0.06300000000000003,0.411,7.4074074074074066,22.22222222222222,0.3333333333333333,0.29411764705882354,0.21300000000000002,396.0,0.21739130434782608,0.5555555555555556,0.217,5.0,0.0,3.0,14.0,27.0,23.0,2.0,3.0,0.0,2.0,0.28,0.348,2.0,0,0.0,,8.0,0.0,0,2.0,0.0,,2.24,2.056
1994,CL,中日ドラゴンズ,1503868,北村　俊介,S.Kitamura,17.0,22.0,18.0,1.0,5.0,0.0,0.0,0.0,5.0,0.0,1.0,0,0.0,0.0,4.0,0,0.0,2.0,0.0,0.278,0.409,0.278,0.687,5.0,0.0,0.13099999999999995,0.409,18.181818181818183,9.090909090909092,2.0,0.3125,0.25355,501.6666666666667,0.2777777777777778,0.7692307692307693,0.278,5.0,0.0,0.0,17.0,22.0,18.0,5.0,0.0,0.0,1.0,0.409,0.278,4.0,0,0.0,,5.0,1.0,0,0.0,0.0,,2.0454545454545454,2.726
1994,CL,広島東洋カープ,1503869,小早川　毅彦,T.Kobayakawa,93.0,169.0,150.0,13.0,37.0,4.0,0.0,6.0,59.0,18.0,0.0,0,0.0,1.0,18.0,0,0.0,29.0,4.0,0.247,0.325,0.393,0.718,27.0,0.14600000000000002,0.07800000000000001,0.471,10.650887573964498,17.159763313609467,0.6206896551724138,0.2672413793103448,0.24450000000000002,456.0,0.26666666666666666,0.6581196581196581,0.247,37.0,6.0,18.0,93.0,169.0,150.0,27.0,4.0,0.0,13.0,0.325,0.393,18.0,0,0.0,,59.0,0.0,0,0.0,1.0,,19.31547619047619,19.886000000000003
1994,CL,東京ヤクルトスワローズ,1503881,河野　亮,R.Kawano,6.0,8.0,7.0,0.0,0.0,0.0,0.0,0.0,0.0,0.0,0.0,0,0.0,0.0,0.0,0,1.0,4.0,1.0,0.0,0.125,0.0,0.125,0.0,0.0,0.125,0.125,0.0,50.0,0.0,0.0,0.05625,125.0,0.0,0.125,0.0,0.0,0.0,0.0,6.0,8.0,7.0,0.0,0.0,0.0,0.0,0.125,0.0,0.0,0,1.0,,0.0,0.0,0,0.0,0.0,,0.0,-0.35600000000000004
1994,CL,横浜DeNAベイスターズ,1503887,小桧山　雅仁,M.Kohiyama,28.0,12.0,11.0,0.0,3.0,0.0,0.0,0.0,3.0,2.0,0.0,0,1.0,0.0,0.0,0,0.0,4.0,0.0,0.273,0.273,0.273,0.546,3.0,0.0,0.0,0.273,0.0,33.33333333333333,0.0,0.42857142857142855,0.19110000000000002,364.00000000000006,0.0,0.375,0.273,3.0,0.0,2.0,28.0,12.0,11.0,3.0,0.0,0.0,0.0,0.273,0.273,0.0,0,0.0,,3.0,0.0,0,1.0,0.0,,0.8181818181818182,0.716
1994,CL,東京ヤクルトスワローズ,15213868,飯田　哲也,T.Iida,117.0,503.0,458.0,57.0,133.0,19.0,4.0,3.0,169.0,37.0,30,14,6.0,4.0,34.0,0,1.0,54.0,6.0,0.29,0.338,0.369,0.7070000000000001,107.0,0.07900000000000001,0.04800000000000004,0.417,6.759443339960239,10.73558648111332,0.6296296296296297,0.32098765432098764,0.24435,461.0,0.18340611353711792,0.6586102719033232,0.29,133.0,3.0,37.0,117.0,503.0,458.0,107.0,19.0,4.0,57.0,0.338,0.369,34.0,0,1.0,,169.0,30,14,6.0,4.0,,57.363821138211385,57.87999999999999
1994,CL,横浜DeNAベイスターズ,15713868,宮里　太,F.Miyazato,91.0,144.0,126.0,28.0,30.0,3.0,0.0,0.0,33.0,12.0,6,2,2.0,1.0,14.0,0,1.0,9.0,3.0,0.238,0.317,0.262,0.579,27.0,0.02400000000000002,0.07900000000000001,0.341,9.722222222222223,6.25,1.5555555555555556,0.2542372881355932,0.20815,404.3333333333333,0.15079365079365079,0.5050505050505051,0.238,30.0,0.0,12.0,91.0,144.0,126.0,27.0,3.0,0.0,28.0,0.317,0.262,14.0,0,1.0,,33.0,6,2,2.0,1.0,,10.371428571428572,11.561999999999998
1994,CL,横浜DeNAベイスターズ,15913868,横谷　彰将,A.Yokotani,55.0,54.0,45.0,6.0,12.0,1.0,0.0,1.0,16.0,9.0,0,1,0.0,2.0,7.0,0,0.0,6.0,1.0,0.267,0.352,0.356,0.708,10.0,0.08899999999999997,0.08499999999999996,0.4409999999999999,12.962962962962962,11.11111111111111,1.1666666666666667,0.275,0.24739999999999998,470.66666666666663,0.26666666666666666,0.7058823529411765,0.267,12.0,1.0,9.0,55.0,54.0,45.0,10.0,1.0,0.0,6.0,0.352,0.356,7.0,0,0.0,,16.0,0,1,0.0,2.0,,5.846153846153846,6.416
1994,CL,東京ヤクルトスワローズ,1603881,松元　繁,S.Matsumoto,16.0,7.0,7.0,1.0,2.0,0.0,0.0,0.0,2.0,1.0,0.0,0,0.0,0.0,0.0,0,0.0,1.0,0.0,0.286,0.286,0.286,0.572,2.0,0.0,0.0,0.286,0.0,14.285714285714285,0.0,0.3333333333333333,0.2002,381.3333333333333,0.0,0.4,0.286,2.0,0.0,1.0,16.0,7.0,7.0,2.0,0.0,0.0,1.0,0.286,0.286,0.0,0,0.0,,2.0,0.0,0,0.0,0.0,,0.5714285714285714,0.51
1994,CL,阪神タイガース,1703883,関川　浩一,K.Sekikawa,103.0,320.0,283.0,27.0,76.0,8.0,1.0,2.0,92.0,27.0,4.0,0,9.0,2.0,26.0,0,0.0,37.0,5.0,0.269,0.328,0.325,0.653,65.0,0.055999999999999994,0.059,0.384,8.125,11.5625,0.7027027027027027,0.3008130081300813,0.22885,436.33333333333337,0.1625441696113074,0.5754716981132075,0.269,76.0,2.0,27.0,103.0,320.0,283.0,65.0,8.0,1.0,27.0,0.328,0.325,26.0,0,0.0,,92.0,4.0,0,9.0,2.0,,30.368932038834952,31.193999999999996
1994,CL,中日ドラゴンズ,1803881,山田　喜久夫,K.Yamada,24.0,1.0,1.0,0.0,0.0,0.0,0.0,0.0,0.0,0.0,0.0,0,0.0,0.0,0.0,0,0.0,0.0,0.0,0.0,0.0,0.0,0.0,0.0,0.0,0.0,0.0,0.0,0.0,nan,0.0,0.0,0.0,0.0,0.0,0.0,0.0,0.0,0.0,24.0,1.0,1.0,0.0,0.0,0.0,0.0,0.0,0.0,0.0,0,0.0,,0.0,0.0,0,0.0,0.0,,0.0,-0.098
1994,CL,東京ヤクルトスワローズ,1803885,J.ハウエル,J.Howell,105.0,431.0,363.0,54.0,91.0,14.0,0.0,20.0,165.0,56.0,7.0,0,0.0,3.0,62.0,0,3.0,74.0,5.0,0.251,0.362,0.455,0.817,57.0,0.20400000000000001,0.11099999999999999,0.5660000000000001,14.385150812064964,17.16937354988399,0.8378378378378378,0.2610294117647059,0.27665,513.6666666666667,0.3939393939393939,0.855595667870036,0.251,91.0,20.0,56.0,105.0,431.0,363.0,57.0,14.0,0.0,54.0,0.362,0.455,62.0,0,3.0,,165.0,7.0,0,0.0,3.0,,59.4,63.434
1994,CL,阪神タイガース,1903881,SHINJO,T.Shinjou（shinjou,122.0,506.0,466.0,54.0,117.0,23.0,7.0,17.0,205.0,68.0,5.0,0,2.0,2.0,30.0,0,6.0,93.0,9.0,0.251,0.304,0.44,0.744,70.0,0.189,0.05299999999999999,0.493,5.928853754940711,18.379446640316203,0.3225806451612903,0.27932960893854747,0.24680000000000002,450.6666666666667,0.26394849785407726,0.6871508379888268,0.251,117.0,17.0,68.0,122.0,506.0,466.0,70.0,23.0,7.0,54.0,0.304,0.44,30.0,0,6.0,,205.0,5.0,0,2.0,2.0,,60.756048387096776,61.89800000000001
1994,CL,中日ドラゴンズ,1903889,平田　洋,H.Hirata,2.0,0.0,0.0,0.0,0.0,0.0,0.0,0.0,0.0,0.0,0.0,0,0.0,0.0,0.0,0,0.0,0.0,0.0,,,,0.0,0.0,0.0,0.0,,nan,nan,nan,nan,0.0,0.0,nan,nan,,0.0,0.0,0.0,2.0,0.0,0.0,0.0,0.0,0.0,0.0,,,0.0,0,0.0,,0.0,0.0,0,0.0,0.0,,nan,0.0
1994,CL,東京ヤクルトスワローズ,21023860,秦　真司,S.Hata,92.0,264.0,248.0,25.0,65.0,6.0,4.0,9.0,106.0,31.0,6,1,1.0,1.0,14.0,0,0.0,32.0,10.0,0.262,0.3,0.427,0.727,46.0,0.16499999999999998,0.03799999999999998,0.4649999999999999,5.303030303030303,12.121212121212121,0.4375,0.2692307692307692,0.24175000000000002,442.33333333333337,0.22580645161290322,0.6269430051813472,0.262,65.0,9.0,31.0,92.0,264.0,248.0,46.0,6.0,4.0,25.0,0.3,0.427,14.0,0,0.0,,106.0,6,1,1.0,1.0,,31.9618320610687,31.305999999999994
1994,CL,阪神タイガース,21023889,藪　恵壹,K.Yabu,26.0,67.0,56.0,1.0,10.0,2.0,0.0,0.0,12.0,2.0,0.0,0,7.0,1.0,3.0,0,0.0,18.0,2.0,0.179,0.217,0.214,0.431,8.0,0.035,0.038000000000000006,0.252,4.477611940298507,26.865671641791046,0.16666666666666666,0.2564102564102564,0.15115,288.3333333333333,0.08928571428571429,0.3125,0.179,10.0,0.0,2.0,26.0,67.0,56.0,8.0,2.0,0.0,1.0,0.217,0.214,3.0,0,0.0,,12.0,0.0,0,7.0,1.0,,2.6440677966101696,1.9219999999999997
1994,CL,中日ドラゴンズ,21123866,立浪　和義,K.Tatsunami,129.0,581.0,489.0,90.0,134.0,27.0,1.0,10.0,193.0,53.0,12,2,2.0,5.0,83.0,0,2.0,50.0,10.0,0.274,0.378,0.395,0.773,96.0,0.121,0.10399999999999998,0.499,14.285714285714285,8.605851979345955,1.66,0.2857142857142857,0.26885000000000003,509.6666666666667,0.294478527607362,0.7671232876712328,0.274,134.0,10.0,53.0,129.0,581.0,489.0,96.0,27.0,1.0,90.0,0.378,0.395,83.0,0,2.0,,193.0,12,2,2.0,5.0,,73.21853146853147,76.5
1994,CL,中日ドラゴンズ,21123889,遠藤　政隆,M.Endou,13.0,3.0,2.0,1.0,1.0,0.0,0.0,0.0,1.0,0.0,0.0,0,1.0,0.0,0.0,0,0.0,0.0,0.0,0.5,0.5,0.5,1.0,1.0,0.0,0.0,0.5,0.0,0.0,nan,0.5,0.35,666.6666666666666,0.0,1.0,0.5,1.0,0.0,0.0,13.0,3.0,2.0,1.0,0.0,0.0,1.0,0.5,0.5,0.0,0,0.0,,1.0,0.0,0,1.0,0.0,,0.5,0.402
1994,CL,読売ジャイアンツ,21223869,水野　雄仁,K.Mizuno,27.0,0.0,0.0,0.0,0.0,0.0,0.0,0.0,0.0,0.0,0.0,0,0.0,0.0,0.0,0,0.0,0.0,0.0,,,,0.0,0.0,0.0,0.0,,nan,nan,nan,nan,0.0,0.0,nan,nan,,0.0,0.0,0.0,27.0,0.0,0.0,0.0,0.0,0.0,0.0,,,0.0,0,0.0,,0.0,0.0,0,0.0,0.0,,nan,0.0
1994,CL,読売ジャイアンツ,21223889,D.グラッデン,D.Gladden,98.0,410.0,374.0,46.0,100.0,19.0,0.0,15.0,164.0,37.0,2,1,6.0,1.0,29.0,0,0.0,64.0,6.0,0.267,0.319,0.439,0.758,66.0,0.172,0.05199999999999999,0.491,7.073170731707316,15.609756097560975,0.453125,0.28716216216216217,0.2533,465.33333333333337,0.25133689839572193,0.6928571428571428,0.267,100.0,15.0,37.0,98.0,410.0,374.0,66.0,19.0,0.0,46.0,0.319,0.439,29.0,0,0.0,,164.0,2,1,6.0,1.0,,52.49627791563275,51.178
1994,CL,阪神タイガース,21323846,久保　康生,Y.Kubo,50.0,5.0,4.0,0.0,1.0,0.0,0.0,0.0,1.0,0.0,0.0,0,0.0,0.0,1.0,0,0.0,0.0,0.0,0.25,0.4,0.25,0.65,1.0,0.0,0.15000000000000002,0.4,20.0,0.0,nan,0.25,0.24250000000000002,483.3333333333333,0.25,0.6666666666666666,0.25,1.0,0.0,0.0,50.0,5.0,4.0,1.0,0.0,0.0,0.0,0.4,0.25,1.0,0,0.0,,1.0,0.0,0,0.0,0.0,,0.4,0.536
1994,CL,東京ヤクルトスワローズ,21323866,中西　親志,C.Nakanishi,26.0,55.0,50.0,0.0,7.0,0.0,0.0,0.0,7.0,1.0,1,0,1.0,0.0,4.0,0,0.0,13.0,1.0,0.14,0.204,0.14,0.344,7.0,0.0,0.06399999999999997,0.204,7.2727272727272725,23.636363636363637,0.3076923076923077,0.1891891891891892,0.1268,250.66666666666666,0.08,0.25,0.14,7.0,0.0,1.0,26.0,55.0,50.0,7.0,0.0,0.0,0.0,0.204,0.14,4.0,0,0.0,,7.0,1,0,1.0,0.0,,1.4259259259259258,0.6059999999999999
1994,CL,読売ジャイアンツ,21323869,川相　昌弘,M.Kawai,130.0,567.0,473.0,69.0,143.0,18.0,4.0,0.0,169.0,33.0,3,0,35.0,2.0,54.0,0,3.0,51.0,13.0,0.302,0.376,0.357,0.733,121.0,0.05499999999999999,0.07400000000000001,0.431,9.523809523809524,8.994708994708994,1.0588235294117647,0.33726415094339623,0.25845,495.0,0.16913319238900634,0.6588921282798834,0.302,143.0,0.0,33.0,130.0,567.0,473.0,121.0,18.0,4.0,69.0,0.376,0.357,54.0,0,3.0,,169.0,3,0,35.0,2.0,,63.17457305502846,64.08999999999999
1994,CL,阪神タイガース,21423862,吉田　康夫,Y.Yoshida,6.0,5.0,5.0,0.0,0.0,0.0,0.0,0.0,0.0,0.0,0.0,0,0.0,0.0,0.0,0,0.0,1.0,0.0,0.0,0.0,0.0,0.0,0.0,0.0,0.0,0.0,0.0,20.0,0.0,0.0,0.0,0.0,0.0,0.0,0.0,0.0,0.0,0.0,6.0,5.0,5.0,0.0,0.0,0.0,0.0,0.0,0.0,0.0,0,0.0,,0.0,0.0,0,0.0,0.0,,0.0,-0.49
1994,CL,広島東洋カープ,21423887,吉本　亮,R.Yoshimoto,21.0,25.0,23.0,2.0,7.0,1.0,0.0,1.0,11.0,5.0,0.0,0,0.0,1.0,0.0,0,1.0,8.0,1.0,0.304,0.32,0.478,0.798,5.0,0.174,0.016000000000000014,0.494,0.0,32.0,0.0,0.4,0.2635,479.3333333333333,0.17391304347826086,0.7058823529411765,0.304,7.0,1.0,5.0,21.0,25.0,23.0,5.0,1.0,0.0,2.0,0.32,0.478,0.0,0,1.0,,11.0,0.0,0,0.0,1.0,,3.347826086956522,3.422
1994,CL,中日ドラゴンズ,21523868,山口　幸司,K.Yamaguchi,15.0,3.0,3.0,0.0,1.0,0.0,0.0,0.0,1.0,0.0,0.0,0,0.0,0.0,0.0,0,0.0,1.0,0.0,0.333,0.333,0.333,0.666,1.0,0.0,0.0,0.333,0.0,33.33333333333333,0.0,0.5,0.23310000000000003,444.0,0.0,0.5,0.333,1.0,0.0,0.0,15.0,3.0,3.0,1.0,0.0,0.0,0.0,0.333,0.333,0.0,0,0.0,,1.0,0.0,0,0.0,0.0,,0.3333333333333333,0.304
1994,CL,横浜DeNAベイスターズ,21523887,佐伯　貴弘,T.Saeki,107.0,318.0,283.0,31.0,73.0,20.0,0.0,11.0,126.0,44.0,3,0,0.0,2.0,30.0,0,3.0,59.0,7.0,0.258,0.333,0.445,0.778,42.0,0.187,0.07500000000000001,0.52,9.433962264150944,18.553459119496853,0.5084745762711864,0.28837209302325584,0.2611,481.33333333333337,0.29328621908127206,0.7327188940092166,0.258,73.0,11.0,44.0,107.0,318.0,283.0,42.0,20.0,0.0,31.0,0.333,0.445,30.0,0,3.0,,126.0,3,0,0.0,2.0,,41.46325878594249,41.55
1994,CL,阪神タイガース,21623860,和田　豊,Y.Wada,130.0,601.0,519.0,76.0,165.0,13.0,3.0,2.0,190.0,43.0,8,7,11.0,3.0,65.0,0,3.0,40.0,6.0,0.318,0.395,0.366,0.761,147.0,0.04799999999999999,0.07700000000000001,0.443,10.8153078202995,6.655574043261231,1.625,0.33958333333333335,0.26925,517.0,0.18689788053949905,0.7361111111111112,0.318,165.0,2.0,43.0,130.0,601.0,519.0,147.0,13.0,3.0,76.0,0.395,0.366,65.0,0,3.0,,190.0,8,7,11.0,3.0,,74.82876712328768,77.868
1994,CL,阪神タイガース,21623887,郭李　建夫,T.Kakuri,49.0,15.0,15.0,1.0,3.0,0.0,0.0,0.0,3.0,1.0,0.0,0,0.0,0.0,0.0,0,0.0,9.0,0.0,0.2,0.2,0.2,0.4,3.0,0.0,0.0,0.2,0.0,60.0,0.0,0.5,0.14,266.6666666666667,0.0,0.25,0.2,3.0,0.0,1.0,49.0,15.0,15.0,3.0,0.0,0.0,1.0,0.2,0.2,0.0,0,0.0,,3.0,0.0,0,0.0,0.0,,0.6,0.32399999999999984
1994,CL,東京ヤクルトスワローズ,21723864,内藤　尚行,N.Naitou,12.0,2.0,1.0,0.0,0.0,0.0,0.0,0.0,0.0,0.0,0.0,0,1.0,0.0,0.0,0,0.0,0.0,0.0,0.0,0.0,0.0,0.0,0.0,0.0,0.0,0.0,0.0,0.0,nan,0.0,0.0,0.0,0.0,0.0,0.0,0.0,0.0,0.0,12.0,2.0,1.0,0.0,0.0,0.0,0.0,0.0,0.0,0.0,0,0.0,,0.0,0.0,0,1.0,0.0,,0.0,-0.098
1994,CL,広島東洋カープ,21723881,佐々岡　真司,S.Sasaoka,41.0,39.0,33.0,1.0,6.0,1.0,0.0,0.0,7.0,1.0,0.0,0,3.0,0.0,3.0,0,0.0,7.0,2.0,0.182,0.25,0.212,0.46199999999999997,5.0,0.03,0.068,0.28,7.6923076923076925,17.94871794871795,0.42857142857142855,0.23076923076923078,0.1655,320.66666666666663,0.12121212121212122,0.3448275862068966,0.182,6.0,0.0,1.0,41.0,39.0,33.0,5.0,1.0,0.0,1.0,0.25,0.212,3.0,0,0.0,,7.0,0.0,0,3.0,0.0,,1.75,1.564
1994,CL,阪神タイガース,21723883,T.オマリー,T.O'malley,124.0,524.0,430.0,61.0,135.0,18.0,2.0,15.0,202.0,74.0,2,1,0.0,4.0,89.0,0,1.0,74.0,15.0,0.314,0.429,0.47,0.899,100.0,0.15599999999999997,0.11499999999999999,0.585,16.984732824427482,14.122137404580155,1.2027027027027026,0.34782608695652173,0.31055,585.6666666666666,0.36511627906976746,0.9451612903225807,0.314,135.0,15.0,74.0,124.0,524.0,430.0,100.0,18.0,2.0,61.0,0.429,0.47,89.0,0,1.0,,202.0,2,1,0.0,4.0,,87.18304431599229,87.61000000000001
1994,CL,中日ドラゴンズ,21723889,鳥越　裕介,Y.Torigoe,30.0,73.0,67.0,8.0,15.0,2.0,1.0,0.0,19.0,3.0,2,1,1.0,0.0,4.0,0,1.0,17.0,1.0,0.224,0.278,0.284,0.562,12.0,0.05999999999999997,0.05400000000000002,0.3379999999999999,5.47945205479452,23.28767123287671,0.23529411764705882,0.3,0.1961,372.6666666666667,0.13432835820895522,0.4716981132075472,0.224,15.0,0.0,3.0,30.0,73.0,67.0,12.0,2.0,1.0,8.0,0.278,0.284,4.0,0,1.0,,19.0,2,1,1.0,0.0,,5.084507042253521,5.214
1994,CL,読売ジャイアンツ,21823868,後藤　孝志,K.Gotou,20.0,7.0,6.0,1.0,0.0,0.0,0.0,0.0,0.0,0.0,0.0,0,0.0,0.0,1.0,0,0.0,2.0,0.0,0.0,0.143,0.0,0.143,0.0,0.0,0.143,0.143,14.285714285714285,28.57142857142857,0.5,0.0,0.06434999999999999,143.0,0.16666666666666666,0.16666666666666666,0.0,0.0,0.0,0.0,20.0,7.0,6.0,0.0,0.0,0.0,1.0,0.143,0.0,1.0,0,0.0,,0.0,0.0,0,0.0,0.0,,0.0,-0.25800000000000006
1994,CL,阪神タイガース,21923861,長嶋　清幸,K.Nagashima,70.0,132.0,113.0,13.0,35.0,5.0,1.0,4.0,54.0,16.0,0,2,2.0,1.0,15.0,0,1.0,25.0,5.0,0.31,0.392,0.478,0.87,25.0,0.16799999999999998,0.08200000000000002,0.56,11.363636363636363,18.939393939393938,0.6,0.36470588235294116,0.2959,551.3333333333334,0.3185840707964602,0.8674698795180723,0.31,35.0,4.0,16.0,70.0,132.0,113.0,25.0,5.0,1.0,13.0,0.392,0.478,15.0,0,1.0,,54.0,0,2,2.0,1.0,,21.09375,20.896
1994,CL,広島東洋カープ,21923862,長冨　浩志,H.Nagadomi,17.0,12.0,12.0,0.0,3.0,0.0,0.0,0.0,3.0,2.0,0.0,0,0.0,0.0,0.0,0,0.0,3.0,1.0,0.25,0.25,0.25,0.5,3.0,0.0,0.0,0.25,0.0,25.0,0.0,0.3333333333333333,0.175,333.3333333333333,0.0,0.3,0.25,3.0,0.0,2.0,17.0,12.0,12.0,3.0,0.0,0.0,0.0,0.25,0.25,0.0,0,0.0,,3.0,0.0,0,0.0,0.0,,0.75,0.618
1994,CL,阪神タイガース,21923863,中田　良弘,Y.Nakada,2.0,0.0,0.0,0.0,0.0,0.0,0.0,0.0,0.0,0.0,0.0,0,0.0,0.0,0.0,0,0.0,0.0,0.0,,,,0.0,0.0,0.0,0.0,,nan,nan,nan,nan,0.0,0.0,nan,nan,,0.0,0.0,0.0,2.0,0.0,0.0,0.0,0.0,0.0,0.0,,,0.0,0,0.0,,0.0,0.0,0,0.0,0.0,,nan,0.0
1994,CL,中日ドラゴンズ,21923887,鶴田　泰,Y.Tsuruta,22.0,12.0,9.0,1.0,0.0,0.0,0.0,0.0,0.0,0.0,0.0,0,2.0,0.0,1.0,0,0.0,3.0,1.0,0.0,0.1,0.0,0.1,0.0,0.0,0.1,0.1,8.333333333333332,25.0,0.3333333333333333,0.0,0.045000000000000005,100.0,0.1111111111111111,0.1,0.0,0.0,0.0,0.0,22.0,12.0,9.0,0.0,0.0,0.0,1.0,0.1,0.0,1.0,0,0.0,,0.0,0.0,0,2.0,0.0,,0.0,-0.552
1994,CL,広島東洋カープ,23423868,河田　雄祐,Y.Kawada,78.0,106.0,91.0,21.0,24.0,6.0,0.0,2.0,36.0,11.0,5,3,2.0,0.0,13.0,0,0.0,21.0,2.0,0.264,0.356,0.396,0.752,16.0,0.132,0.09199999999999997,0.488,12.264150943396226,19.81132075471698,0.6190476190476191,0.3235294117647059,0.2592,488.0,0.3076923076923077,0.7536231884057971,0.264,24.0,2.0,11.0,78.0,106.0,91.0,16.0,6.0,0.0,21.0,0.356,0.396,13.0,0,0.0,,36.0,5,3,2.0,0.0,,12.807692307692308,13.463999999999999
1994,CL,広島東洋カープ,23923868,片瀬　清利,K.Katase,17.0,27.0,21.0,0.0,1.0,0.0,0.0,0.0,1.0,1.0,0.0,0,6.0,0.0,0.0,0,0.0,7.0,0.0,0.048,0.048,0.048,0.096,1.0,0.0,0.0,0.048,0.0,25.925925925925924,0.0,0.07142857142857142,0.033600000000000005,64.0,0.0,0.05,0.048,1.0,0.0,1.0,17.0,27.0,21.0,1.0,0.0,0.0,0.0,0.048,0.048,0.0,0,0.0,,1.0,0.0,0,6.0,0.0,,0.047619047619047616,-1.46
1994,CL,東京ヤクルトスワローズ,25223868,城　友博,T.Jou,27.0,40.0,36.0,5.0,10.0,3.0,0.0,0.0,13.0,1.0,3,0,2.0,0.0,2.0,0,0.0,5.0,0.0,0.278,0.316,0.361,0.677,7.0,0.08299999999999996,0.03799999999999998,0.3989999999999999,5.0,12.5,0.4,0.3225806451612903,0.23245,436.33333333333337,0.1388888888888889,0.5769230769230769,0.278,10.0,0.0,1.0,27.0,40.0,36.0,7.0,3.0,0.0,5.0,0.316,0.361,2.0,0,0.0,,13.0,3,0,2.0,0.0,,4.105263157894737,3.7720000000000002
1994,CL,横浜DeNAベイスターズ,25723868,堀江　賢治,K.Horie,20.0,27.0,21.0,1.0,7.0,0.0,0.0,0.0,7.0,0.0,0.0,0,0.0,0.0,6.0,0,0.0,5.0,1.0,0.333,0.481,0.333,0.8140000000000001,7.0,0.0,0.14799999999999996,0.481,22.22222222222222,18.51851851851852,1.2,0.4375,0.2997,592.0,0.2857142857142857,0.8666666666666667,0.333,7.0,0.0,0.0,20.0,27.0,21.0,7.0,0.0,0.0,1.0,0.481,0.333,6.0,0,0.0,,7.0,0.0,0,0.0,0.0,,3.3703703703703702,4.1080000000000005
1994,CL,東京ヤクルトスワローズ,25923868,川崎　憲次郎,K.Kawasaki,23.0,38.0,36.0,1.0,5.0,0.0,0.0,0.0,5.0,1.0,0.0,0,2.0,0.0,0.0,0,0.0,13.0,1.0,0.139,0.139,0.139,0.278,5.0,0.0,0.0,0.139,0.0,34.21052631578947,0.0,0.21739130434782608,0.09730000000000001,185.33333333333334,0.0,0.15625,0.139,5.0,0.0,1.0,23.0,38.0,36.0,5.0,0.0,0.0,1.0,0.139,0.139,0.0,0,0.0,,5.0,0.0,0,2.0,0.0,,0.6944444444444444,-0.5380000000000003
1994,CL,中日ドラゴンズ,31033860,二宮　正己,M.Ninomiya,14.0,0.0,0.0,0.0,0.0,0.0,0.0,0.0,0.0,0.0,0.0,0,0.0,0.0,0.0,0,0.0,0.0,0.0,,,,0.0,0.0,0.0,0.0,,nan,nan,nan,nan,0.0,0.0,nan,nan,,0.0,0.0,0.0,14.0,0.0,0.0,0.0,0.0,0.0,0.0,,,0.0,0,0.0,,0.0,0.0,0,0.0,0.0,,nan,0.0
1994,CL,阪神タイガース,31033865,南牟礼　豊蔵,T.Minamimure,96.0,96.0,89.0,20.0,22.0,3.0,1.0,2.0,33.0,12.0,2,3,0.0,0.0,7.0,0,0.0,19.0,0.0,0.247,0.302,0.371,0.673,16.0,0.124,0.05499999999999999,0.426,7.291666666666667,19.791666666666664,0.3684210526315789,0.29411764705882354,0.22865,425.66666666666663,0.23595505617977527,0.6417910447761194,0.247,22.0,2.0,12.0,96.0,96.0,89.0,16.0,3.0,1.0,20.0,0.302,0.371,7.0,0,0.0,,33.0,2,3,0.0,0.0,,9.96875,10.363999999999997
1994,CL,広島東洋カープ,31033866,渡辺　伸治,S.Watanabe,19.0,19.0,19.0,0.0,3.0,2.0,0.0,0.0,5.0,2.0,0.0,0,0.0,0.0,0.0,0,0.0,7.0,1.0,0.158,0.158,0.263,0.42100000000000004,1.0,0.10500000000000001,0.0,0.263,0.0,36.84210526315789,0.0,0.25,0.13685,245.66666666666669,0.10526315789473684,0.29411764705882354,0.158,3.0,0.0,2.0,19.0,19.0,19.0,1.0,2.0,0.0,0.0,0.158,0.263,0.0,0,0.0,,5.0,0.0,0,0.0,0.0,,0.7894736842105263,0.3719999999999999
1994,CL,横浜DeNAベイスターズ,31033889,万永　貴司,T.Manei,15.0,28.0,26.0,3.0,7.0,0.0,0.0,0.0,7.0,5.0,0.0,0,1.0,0.0,1.0,0,0.0,5.0,0.0,0.269,0.296,0.269,0.565,7.0,0.0,0.02699999999999997,0.296,3.571428571428571,17.857142857142858,0.2,0.3333333333333333,0.20045,385.6666666666667,0.038461538461538464,0.42105263157894735,0.269,7.0,0.0,5.0,15.0,28.0,26.0,7.0,0.0,0.0,3.0,0.296,0.269,1.0,0,0.0,,7.0,0.0,0,1.0,0.0,,2.074074074074074,1.968
1994,CL,中日ドラゴンズ,3103885,A.パウエル,A.Powell,110.0,475.0,423.0,61.0,137.0,23.0,0.0,20.0,220.0,76.0,0.0,0,0.0,5.0,42.0,0,5.0,73.0,14.0,0.324,0.387,0.52,0.907,94.0,0.196,0.063,0.583,8.842105263157894,15.368421052631579,0.5753424657534246,0.3492537313432836,0.30415000000000003,560.3333333333334,0.29550827423167847,0.89,0.324,137.0,20.0,76.0,110.0,475.0,423.0,94.0,23.0,0.0,61.0,0.387,0.52,42.0,0,5.0,,220.0,0.0,0,0.0,5.0,,84.68817204301075,79.842
1994,CL,広島東洋カープ,31133881,秋村　謙宏,N.Akimura,27.0,2.0,2.0,0.0,1.0,0.0,0.0,0.0,1.0,0.0,0.0,0,0.0,0.0,0.0,0,0.0,1.0,0.0,0.5,0.5,0.5,1.0,1.0,0.0,0.0,0.5,0.0,50.0,0.0,1.0,0.35,666.6666666666666,0.0,1.0,0.5,1.0,0.0,0.0,27.0,2.0,2.0,1.0,0.0,0.0,0.0,0.5,0.5,0.0,0,0.0,,1.0,0.0,0,0.0,0.0,,0.5,0.402
1994,CL,東京ヤクルトスワローズ,31133885,石井　一久,K.Ishii,54.0,28.0,26.0,0.0,2.0,0.0,0.0,0.0,2.0,0.0,0.0,0,1.0,0.0,1.0,0,0.0,17.0,0.0,0.077,0.111,0.077,0.188,2.0,0.0,0.034,0.111,3.571428571428571,60.71428571428571,0.058823529411764705,0.2222222222222222,0.0692,136.66666666666666,0.038461538461538464,0.125,0.077,2.0,0.0,0.0,54.0,28.0,26.0,2.0,0.0,0.0,0.0,0.111,0.077,1.0,0,0.0,,2.0,0.0,0,1.0,0.0,,0.2222222222222222,-1.0220000000000002
1994,CL,中日ドラゴンズ,31233860,彦野　利勝,T.Hikono,118.0,418.0,363.0,41.0,103.0,17.0,3.0,6.0,144.0,49.0,1.0,1,3.0,4.0,45.0,0,3.0,61.0,14.0,0.284,0.364,0.397,0.761,77.0,0.11300000000000004,0.08000000000000002,0.477,10.76555023923445,14.5933014354067,0.7377049180327869,0.3233333333333333,0.26305,496.3333333333333,0.2396694214876033,0.7043795620437956,0.284,103.0,6.0,49.0,118.0,418.0,363.0,77.0,17.0,3.0,41.0,0.364,0.397,45.0,0,3.0,,144.0,1.0,1,3.0,4.0,,52.23529411764706,53.040000000000006
1994,CL,横浜DeNAベイスターズ,31333862,大塚　義樹,Y.Ootsuka,4.0,4.0,4.0,2.0,2.0,0.0,0.0,2.0,8.0,5.0,0.0,0,0.0,0.0,0.0,0,0.0,0.0,0.0,0.5,0.5,2.0,2.5,0.0,1.5,0.0,2.0,0.0,0.0,nan,0.0,0.725,1166.6666666666665,1.5,4.0,0.5,2.0,2.0,5.0,4.0,4.0,4.0,0.0,0.0,0.0,2.0,0.5,2.0,0.0,0,0.0,,8.0,0.0,0,0.0,0.0,,4.0,2.6839999999999997
1994,CL,読売ジャイアンツ,31433867,槙原　寛己,H.Makihara,34.0,68.0,57.0,1.0,6.0,0.0,0.0,0.0,6.0,3.0,0.0,0,10.0,1.0,0.0,0,0.0,25.0,1.0,0.105,0.103,0.105,0.208,6.0,0.0,-0.0020000000000000018,0.103,0.0,36.76470588235294,0.0,0.18181818181818182,0.0726,137.99999999999997,0.0,0.11538461538461539,0.105,6.0,0.0,3.0,34.0,68.0,57.0,6.0,0.0,0.0,1.0,0.103,0.105,0.0,0,0.0,,6.0,0.0,0,10.0,1.0,,0.631578947368421,-1.9980000000000002
1994,CL,読売ジャイアンツ,31433868,木田　優夫,M.Kida,29.0,29.0,26.0,2.0,5.0,2.0,0.0,0.0,7.0,0.0,0.0,0,3.0,0.0,0.0,0,0.0,10.0,1.0,0.192,0.192,0.269,0.461,3.0,0.07700000000000001,0.0,0.269,0.0,34.48275862068966,0.0,0.3125,0.15365,281.6666666666667,0.07692307692307693,0.3181818181818182,0.192,5.0,0.0,0.0,29.0,29.0,26.0,3.0,2.0,0.0,2.0,0.192,0.269,0.0,0,0.0,,7.0,0.0,0,3.0,0.0,,1.3461538461538463,0.8819999999999997
1994,CL,阪神タイガース,31433885,桧山　進次郎,S.Hiyama,32.0,36.0,36.0,6.0,10.0,2.0,0.0,2.0,18.0,7.0,0.0,0,0.0,0.0,0.0,0,0.0,15.0,0.0,0.278,0.278,0.5,0.778,6.0,0.22199999999999998,0.0,0.5,0.0,41.66666666666667,0.0,0.42105263157894735,0.2501,444.66666666666663,0.2222222222222222,0.6923076923076923,0.278,10.0,2.0,7.0,32.0,36.0,36.0,6.0,2.0,0.0,6.0,0.278,0.5,0.0,0,0.0,,18.0,0.0,0,0.0,0.0,,5.0,4.771999999999999
1994,CL,東京ヤクルトスワローズ,31433887,山本　樹,T.Yamamoto,13.0,0.0,0.0,0.0,0.0,0.0,0.0,0.0,0.0,0.0,0.0,0,0.0,0.0,0.0,0,0.0,0.0,0.0,,,,0.0,0.0,0.0,0.0,,nan,nan,nan,nan,0.0,0.0,nan,nan,,0.0,0.0,0.0,13.0,0.0,0.0,0.0,0.0,0.0,0.0,,,0.0,0,0.0,,0.0,0.0,0,0.0,0.0,,nan,0.0
1994,CL,中日ドラゴンズ,31533846,小松　辰雄,T.Komatsu,11.0,13.0,13.0,0.0,0.0,0.0,0.0,0.0,0.0,0.0,0.0,0,0.0,0.0,0.0,0,0.0,3.0,1.0,0.0,0.0,0.0,0.0,0.0,0.0,0.0,0.0,0.0,23.076923076923077,0.0,0.0,0.0,0.0,0.0,0.0,0.0,0.0,0.0,0.0,11.0,13.0,13.0,0.0,0.0,0.0,0.0,0.0,0.0,0.0,0,0.0,,0.0,0.0,0,0.0,0.0,,0.0,-1.274
1994,CL,横浜DeNAベイスターズ,31533866,岡本　透,T.Okamoto,7.0,10.0,9.0,0.0,0.0,0.0,0.0,0.0,0.0,0.0,0.0,0,1.0,0.0,0.0,0,0.0,4.0,0.0,0.0,0.0,0.0,0.0,0.0,0.0,0.0,0.0,0.0,40.0,0.0,0.0,0.0,0.0,0.0,0.0,0.0,0.0,0.0,0.0,7.0,10.0,9.0,0.0,0.0,0.0,0.0,0.0,0.0,0.0,0,0.0,,0.0,0.0,0,1.0,0.0,,0.0,-0.882
1994,CL,中日ドラゴンズ,31533868,酒井　忠晴,T.Sakai,66.0,54.0,45.0,7.0,9.0,2.0,0.0,0.0,11.0,0.0,0.0,0,3.0,0.0,4.0,0,2.0,9.0,1.0,0.2,0.294,0.244,0.538,7.0,0.043999999999999984,0.09399999999999997,0.3379999999999999,7.4074074074074066,16.666666666666664,0.4444444444444444,0.25,0.1933,375.3333333333333,0.13333333333333333,0.4594594594594595,0.2,9.0,0.0,0.0,66.0,54.0,45.0,7.0,2.0,0.0,7.0,0.294,0.244,4.0,0,2.0,,11.0,0.0,0,3.0,0.0,,2.9183673469387754,3.392
1994,CL,東京ヤクルトスワローズ,31533883,小坂　勝仁,K.Osaka,14.0,1.0,1.0,0.0,0.0,0.0,0.0,0.0,0.0,0.0,0.0,0,0.0,0.0,0.0,0,0.0,1.0,0.0,0.0,0.0,0.0,0.0,0.0,0.0,0.0,0.0,0.0,100.0,0.0,nan,0.0,0.0,0.0,0.0,0.0,0.0,0.0,0.0,14.0,1.0,1.0,0.0,0.0,0.0,0.0,0.0,0.0,0.0,0,0.0,,0.0,0.0,0,0.0,0.0,,0.0,-0.098
1994,CL,読売ジャイアンツ,31633868,石毛　博史,H.Ishige,45.0,6.0,4.0,0.0,0.0,0.0,0.0,0.0,0.0,0.0,0.0,0,1.0,0.0,1.0,0,0.0,4.0,0.0,0.0,0.2,0.0,0.2,0.0,0.0,0.2,0.2,16.666666666666664,66.66666666666666,0.25,nan,0.09000000000000001,200.0,0.25,0.25,0.0,0.0,0.0,0.0,45.0,6.0,4.0,0.0,0.0,0.0,0.0,0.2,0.0,1.0,0,0.0,,0.0,0.0,0,1.0,0.0,,0.0,-0.062
1994,CL,広島東洋カープ,31633881,前田　智徳,T.Maeda,123.0,554.0,492.0,66.0,158.0,26.0,0.0,20.0,244.0,66.0,4,3,2.0,3.0,57.0,0,0.0,56.0,12.0,0.321,0.389,0.496,0.885,112.0,0.175,0.068,0.5640000000000001,10.288808664259928,10.108303249097473,1.0178571428571428,0.32935560859188545,0.29905000000000004,554.3333333333334,0.2967479674796748,0.8786127167630058,0.321,158.0,20.0,66.0,123.0,554.0,492.0,112.0,26.0,0.0,66.0,0.389,0.496,57.0,0,0.0,,244.0,4,3,2.0,3.0,,95.55555555555556,90.138
1994,CL,読売ジャイアンツ,31633889,H.コトー,H.Cotto,107.0,403.0,383.0,45.0,96.0,16.0,0.0,18.0,166.0,52.0,2,4,1.0,2.0,14.0,0,3.0,82.0,11.0,0.251,0.281,0.433,0.714,62.0,0.182,0.030000000000000027,0.463,3.4739454094292808,20.34739454094293,0.17073170731707318,0.2736842105263158,0.23470000000000002,425.3333333333333,0.2297650130548303,0.62751677852349,0.251,96.0,18.0,52.0,107.0,403.0,383.0,62.0,16.0,0.0,45.0,0.281,0.433,14.0,0,3.0,,166.0,2,4,1.0,2.0,,45.994962216624685,46.64399999999999
1994,CL,広島東洋カープ,31733866,高　信二,S.Kou,60.0,49.0,40.0,3.0,6.0,2.0,0.0,1.0,11.0,5.0,1,0,5.0,0.0,4.0,0,0.0,5.0,0.0,0.15,0.227,0.275,0.502,3.0,0.12500000000000003,0.07700000000000001,0.352,8.16326530612245,10.204081632653061,0.8,0.14705882352941177,0.1709,318.66666666666663,0.225,0.4411764705882353,0.15,6.0,1.0,5.0,60.0,49.0,40.0,3.0,2.0,0.0,3.0,0.227,0.275,4.0,0,0.0,,11.0,1,0,5.0,0.0,,2.5,2.368
1994,CL,阪神タイガース,31733883,田村　勤,T.Tamura,11.0,1.0,1.0,0.0,0.0,0.0,0.0,0.0,0.0,0.0,0.0,0,0.0,0.0,0.0,0,0.0,1.0,0.0,0.0,0.0,0.0,0.0,0.0,0.0,0.0,0.0,0.0,100.0,0.0,nan,0.0,0.0,0.0,0.0,0.0,0.0,0.0,0.0,11.0,1.0,1.0,0.0,0.0,0.0,0.0,0.0,0.0,0.0,0,0.0,,0.0,0.0,0,0.0,0.0,,0.0,-0.098
1994,CL,阪神タイガース,33133868,太田　貴,T.Oota,4.0,0.0,0.0,0.0,0.0,0.0,0.0,0.0,0.0,0.0,0.0,0,0.0,0.0,0.0,0,0.0,0.0,0.0,,,,0.0,0.0,0.0,0.0,,nan,nan,nan,nan,0.0,0.0,nan,nan,,0.0,0.0,0.0,4.0,0.0,0.0,0.0,0.0,0.0,0.0,,,0.0,0,0.0,,0.0,0.0,0,0.0,0.0,,nan,0.0
1994,CL,横浜DeNAベイスターズ,33133883,渡部　高史,T.Watabe,25.0,4.0,3.0,0.0,0.0,0.0,0.0,0.0,0.0,0.0,0.0,0,1.0,0.0,0.0,0,0.0,1.0,0.0,0.0,0.0,0.0,0.0,0.0,0.0,0.0,0.0,0.0,25.0,0.0,0.0,0.0,0.0,0.0,0.0,0.0,0.0,0.0,0.0,25.0,4.0,3.0,0.0,0.0,0.0,0.0,0.0,0.0,0.0,0,0.0,,0.0,0.0,0,1.0,0.0,,0.0,-0.29400000000000004
1994,CL,広島東洋カープ,33233868,西山　秀二,S.Nishiyama,126.0,438.0,387.0,44.0,110.0,10.0,6.0,3.0,141.0,32.0,9,1,13.0,3.0,35.0,0,0.0,73.0,10.0,0.284,0.341,0.364,0.7050000000000001,91.0,0.08000000000000002,0.05700000000000005,0.421,7.9908675799086755,16.666666666666664,0.4794520547945205,0.34076433121019106,0.24445,462.33333333333337,0.1731266149870801,0.6167247386759582,0.284,110.0,3.0,32.0,126.0,438.0,387.0,91.0,10.0,6.0,44.0,0.341,0.364,35.0,0,0.0,,141.0,9,1,13.0,3.0,,48.447867298578196,47.84400000000001
1994,CL,阪神タイガース,3503868,金子　誠一,S.Kaneko,12.0,13.0,13.0,0.0,4.0,1.0,0.0,0.0,5.0,0.0,0.0,0,0.0,0.0,0.0,0,0.0,2.0,1.0,0.308,0.308,0.385,0.6930000000000001,3.0,0.07700000000000001,0.0,0.385,0.0,15.384615384615385,0.0,0.36363636363636365,0.23485,436.33333333333337,0.07692307692307693,0.5,0.308,4.0,0.0,0.0,12.0,13.0,13.0,3.0,1.0,0.0,0.0,0.308,0.385,0.0,0,0.0,,5.0,0.0,0,0.0,0.0,,1.5384615384615385,1.3379999999999996
1994,CL,東京ヤクルトスワローズ,35233868,笘篠　賢治,K.Tomashino,17.0,32.0,31.0,2.0,5.0,0.0,0.0,1.0,8.0,4.0,0.0,0,0.0,0.0,0.0,0,1.0,7.0,0.0,0.161,0.188,0.258,0.446,4.0,0.097,0.026999999999999996,0.285,0.0,21.875,0.0,0.17391304347826086,0.1491,274.0,0.0967741935483871,0.34615384615384615,0.161,5.0,1.0,4.0,17.0,32.0,31.0,4.0,0.0,0.0,2.0,0.188,0.258,0.0,0,1.0,,8.0,0.0,0,0.0,0.0,,1.2903225806451613,1.222
1994,CL,広島東洋カープ,41143885,伊藤　真,M.Itou,1.0,0.0,0.0,0.0,0.0,0.0,0.0,0.0,0.0,0.0,0.0,0,0.0,0.0,0.0,0,0.0,0.0,0.0,,,,0.0,0.0,0.0,0.0,,nan,nan,nan,nan,0.0,0.0,nan,nan,,0.0,0.0,0.0,1.0,0.0,0.0,0.0,0.0,0.0,0.0,,,0.0,0,0.0,,0.0,0.0,0,0.0,0.0,,nan,0.0
1994,CL,読売ジャイアンツ,41243867,藤田　浩雅,H.Fujita,7.0,8.0,7.0,1.0,2.0,1.0,0.0,1.0,6.0,3.0,0.0,0,0.0,0.0,1.0,0,0.0,0.0,0.0,0.286,0.375,0.857,1.232,0.0,0.571,0.08900000000000002,0.946,12.5,0.0,nan,0.16666666666666666,0.383,660.6666666666667,0.7142857142857143,1.4,0.286,2.0,1.0,3.0,7.0,8.0,7.0,0.0,1.0,0.0,1.0,0.375,0.857,1.0,0,0.0,,6.0,0.0,0,0.0,0.0,,2.25,2.0
1994,CL,読売ジャイアンツ,41243868,吉田　修司,S.Yoshida,2.0,0.0,0.0,0.0,0.0,0.0,0.0,0.0,0.0,0.0,0.0,0,0.0,0.0,0.0,0,0.0,0.0,0.0,,,,0.0,0.0,0.0,0.0,,nan,nan,nan,nan,0.0,0.0,nan,nan,,0.0,0.0,0.0,2.0,0.0,0.0,0.0,0.0,0.0,0.0,,,0.0,0,0.0,,0.0,0.0,0,0.0,0.0,,nan,0.0
1994,CL,中日ドラゴンズ,41243889,D.ヘンリー,D.Henry,32.0,11.0,10.0,0.0,0.0,0.0,0.0,0.0,0.0,0.0,0.0,0,0.0,0.0,1.0,0,0.0,5.0,1.0,0.0,0.091,0.0,0.091,0.0,0.0,0.091,0.091,9.090909090909092,45.45454545454545,0.2,0.0,0.04095,91.0,0.1,0.09090909090909091,0.0,0.0,0.0,0.0,32.0,11.0,10.0,0.0,0.0,0.0,0.0,0.091,0.0,1.0,0,0.0,,0.0,0.0,0,0.0,0.0,,0.0,-0.6499999999999999
1994,CL,中日ドラゴンズ,41343864,神山　一義,K.Kouyama,6.0,8.0,7.0,0.0,1.0,0.0,0.0,0.0,1.0,0.0,0.0,0,0.0,0.0,1.0,0,0.0,2.0,1.0,0.143,0.25,0.143,0.393,1.0,0.0,0.10700000000000001,0.25,12.5,25.0,0.5,0.2,0.14825,297.66666666666663,0.14285714285714285,0.2857142857142857,0.143,1.0,0.0,0.0,6.0,8.0,7.0,1.0,0.0,0.0,0.0,0.25,0.143,1.0,0,0.0,,1.0,0.0,0,0.0,0.0,,0.25,0.242
1994,CL,読売ジャイアンツ,41343866,長嶋　一茂,K.Nagashima,46.0,32.0,29.0,5.0,5.0,1.0,0.0,1.0,9.0,1.0,0.0,0,0.0,0.0,3.0,0,0.0,7.0,4.0,0.172,0.25,0.31,0.56,3.0,0.138,0.07800000000000001,0.388,9.375,21.875,0.42857142857142855,0.19047619047619047,0.19,353.3333333333333,0.2413793103448276,0.42857142857142855,0.172,5.0,1.0,1.0,46.0,32.0,29.0,3.0,1.0,0.0,5.0,0.25,0.31,3.0,0,0.0,,9.0,0.0,0,0.0,0.0,,2.25,2.297999999999999
1994,CL,中日ドラゴンズ,41343883,矢野　燿大,A.Yano,35.0,53.0,46.0,5.0,10.0,2.0,0.0,1.0,15.0,2.0,0,1,3.0,0.0,3.0,0,1.0,9.0,2.0,0.217,0.28,0.326,0.6060000000000001,7.0,0.10900000000000001,0.06300000000000003,0.389,5.660377358490567,16.9811320754717,0.3333333333333333,0.25,0.20750000000000002,388.66666666666674,0.1956521739130435,0.5263157894736842,0.217,10.0,1.0,2.0,35.0,53.0,46.0,7.0,2.0,0.0,5.0,0.28,0.326,3.0,0,1.0,,15.0,0,1,3.0,0.0,,3.979591836734694,4.3519999999999985
1994,CL,広島東洋カープ,41343885,金本　知憲,T.Kanemoto,90.0,293.0,257.0,41.0,69.0,14.0,2.0,17.0,138.0,43.0,2,0,3.0,2.0,31.0,0,0.0,64.0,3.0,0.268,0.345,0.537,0.882,36.0,0.269,0.07699999999999996,0.614,10.580204778156997,21.843003412969285,0.484375,0.29213483146067415,0.2895,524.0,0.38910505836575876,0.8848167539267016,0.268,69.0,17.0,43.0,90.0,293.0,257.0,36.0,14.0,2.0,41.0,0.345,0.537,31.0,0,0.0,,138.0,2,0,3.0,2.0,,47.916666666666664,46.446000000000005
1994,CL,横浜DeNAベイスターズ,41343889,川﨑　義文,Y.Kawasaki,1.0,1.0,0.0,0.0,0.0,0.0,0.0,0.0,0.0,0.0,0.0,0,1.0,0.0,0.0,0,0.0,0.0,0.0,,,,0.0,0.0,0.0,0.0,,0.0,0.0,nan,nan,0.0,0.0,nan,nan,,0.0,0.0,0.0,1.0,1.0,0.0,0.0,0.0,0.0,0.0,,,0.0,0,0.0,,0.0,0.0,0,1.0,0.0,,nan,0.0
1994,CL,読売ジャイアンツ,41443860,宮本　和知,K.Miyamoto,25.0,20.0,16.0,1.0,6.0,1.0,0.0,0.0,7.0,3.0,0.0,0,3.0,0.0,1.0,0,0.0,3.0,0.0,0.375,0.412,0.438,0.85,5.0,0.063,0.03699999999999998,0.475,5.0,15.0,0.3333333333333333,0.46153846153846156,0.2949,557.9999999999999,0.125,0.8,0.375,6.0,0.0,3.0,25.0,20.0,16.0,5.0,1.0,0.0,1.0,0.412,0.438,1.0,0,0.0,,7.0,0.0,0,3.0,0.0,,2.8823529411764706,2.57
1994,CL,東京ヤクルトスワローズ,41443862,乱橋　幸仁,Y.Ranbashi,10.0,0.0,0.0,0.0,0.0,0.0,0.0,0.0,0.0,0.0,0.0,0,0.0,0.0,0.0,0,0.0,0.0,0.0,,,,0.0,0.0,0.0,0.0,,nan,nan,nan,nan,0.0,0.0,nan,nan,,0.0,0.0,0.0,10.0,0.0,0.0,0.0,0.0,0.0,0.0,,,0.0,0,0.0,,0.0,0.0,0,0.0,0.0,,nan,0.0
1994,CL,横浜DeNAベイスターズ,41443885,三浦　大輔,D.Miura,22.0,12.0,10.0,1.0,1.0,0.0,0.0,0.0,1.0,0.0,0.0,0,1.0,0.0,1.0,0,0.0,3.0,1.0,0.1,0.182,0.1,0.28200000000000003,1.0,0.0,0.08199999999999999,0.182,8.333333333333332,25.0,0.3333333333333333,0.14285714285714285,0.1069,215.33333333333331,0.1,0.2,0.1,1.0,0.0,0.0,22.0,12.0,10.0,1.0,0.0,0.0,1.0,0.182,0.1,1.0,0,0.0,,1.0,0.0,0,1.0,0.0,,0.18181818181818182,-0.051999999999999935
1994,CL,東京ヤクルトスワローズ,41543862,坂口　千仙,C.Sakaguchi,15.0,13.0,10.0,2.0,1.0,0.0,0.0,0.0,1.0,0.0,0.0,0,2.0,0.0,0.0,0,1.0,2.0,1.0,0.1,0.182,0.1,0.28200000000000003,1.0,0.0,0.08199999999999999,0.182,0.0,15.384615384615385,0.0,0.125,0.1069,215.33333333333331,0.0,0.2,0.1,1.0,0.0,0.0,15.0,13.0,10.0,1.0,0.0,0.0,2.0,0.182,0.1,0.0,0,1.0,,1.0,0.0,0,2.0,0.0,,0.1,-0.051999999999999935
1994,CL,横浜DeNAベイスターズ,41543866,盛田　幸妃,K.Morita,47.0,13.0,13.0,0.0,1.0,0.0,0.0,0.0,1.0,0.0,0.0,0,0.0,0.0,0.0,0,0.0,7.0,0.0,0.077,0.077,0.077,0.154,1.0,0.0,0.0,0.077,0.0,53.84615384615385,0.0,0.16666666666666666,0.0539,102.66666666666667,0.0,0.08333333333333333,0.077,1.0,0.0,0.0,47.0,13.0,13.0,1.0,0.0,0.0,0.0,0.077,0.077,0.0,0,0.0,,1.0,0.0,0,0.0,0.0,,0.07692307692307693,-0.6760000000000002
1994,CL,東京ヤクルトスワローズ,41543883,新井　潔,K.Arai,42.0,118.0,99.0,11.0,22.0,3.0,0.0,2.0,31.0,7.0,0,1,3.0,1.0,13.0,0,2.0,16.0,2.0,0.222,0.322,0.313,0.635,17.0,0.091,0.1,0.413,11.016949152542372,13.559322033898304,0.8125,0.24390243902439024,0.22315000000000002,426.3333333333333,0.23232323232323232,0.5949367088607594,0.222,22.0,2.0,7.0,42.0,118.0,99.0,17.0,3.0,0.0,11.0,0.322,0.313,13.0,0,2.0,,31.0,0,1,3.0,1.0,,9.6875,11.123999999999999
1994,CL,読売ジャイアンツ,41643868,杉山　直輝,N.Sugiyama,3.0,0.0,0.0,0.0,0.0,0.0,0.0,0.0,0.0,0.0,0.0,0,0.0,0.0,0.0,0,0.0,0.0,0.0,,,,0.0,0.0,0.0,0.0,,nan,nan,nan,nan,0.0,0.0,nan,nan,,0.0,0.0,0.0,3.0,0.0,0.0,0.0,0.0,0.0,0.0,,,0.0,0,0.0,,0.0,0.0,0,0.0,0.0,,nan,0.0
1994,CL,広島東洋カープ,41643887,L.メディーナ,L.Medina,106.0,420.0,384.0,48.0,104.0,23.0,3.0,14.0,175.0,70.0,0.0,0,0.0,2.0,32.0,0,2.0,106.0,11.0,0.271,0.329,0.456,0.785,64.0,0.185,0.057999999999999996,0.514,7.6190476190476195,25.238095238095237,0.3018867924528302,0.3383458646616541,0.26205,481.0,0.2682291666666667,0.718213058419244,0.271,104.0,14.0,70.0,106.0,420.0,384.0,64.0,23.0,3.0,48.0,0.329,0.456,32.0,0,2.0,,175.0,0.0,0,0.0,2.0,,57.21153846153846,55.620000000000005
1994,CL,広島東洋カープ,41843883,瀬戸　輝信,T.Seto,34.0,44.0,37.0,3.0,7.0,0.0,1.0,0.0,9.0,3.0,0.0,0,3.0,0.0,4.0,0,0.0,9.0,2.0,0.189,0.268,0.243,0.511,6.0,0.05399999999999999,0.07900000000000001,0.322,9.090909090909092,20.454545454545457,0.4444444444444444,0.25,0.18135,349.00000000000006,0.16216216216216217,0.40625,0.189,7.0,0.0,3.0,34.0,44.0,37.0,6.0,0.0,1.0,3.0,0.268,0.243,4.0,0,0.0,,9.0,0.0,0,3.0,0.0,,2.4146341463414633,2.4200000000000004
1994,CL,広島東洋カープ,43243868,野村　謙二郎,K.Nomura,130.0,614.0,558.0,77.0,169.0,20.0,4.0,10.0,227.0,61.0,37,14,4.0,3.0,45.0,0,4.0,75.0,7.0,0.303,0.357,0.407,0.764,135.0,0.10399999999999998,0.05399999999999999,0.4609999999999999,7.32899022801303,12.214983713355048,0.6,0.33403361344537813,0.26239999999999997,492.66666666666663,0.20967741935483872,0.7323232323232324,0.303,169.0,10.0,61.0,130.0,614.0,558.0,135.0,20.0,4.0,77.0,0.357,0.407,45.0,0,4.0,,227.0,37,14,4.0,3.0,,80.56053067993366,81.028
1994,CL,中日ドラゴンズ,43743868,松井　隆昌,T.Matsui,13.0,13.0,12.0,1.0,2.0,0.0,0.0,0.0,2.0,0.0,0.0,0,0.0,0.0,1.0,0,0.0,2.0,1.0,0.167,0.231,0.167,0.398,2.0,0.0,0.064,0.231,7.6923076923076925,15.384615384615385,0.5,0.2,0.1457,286.6666666666667,0.08333333333333333,0.2727272727272727,0.167,2.0,0.0,0.0,13.0,13.0,12.0,2.0,0.0,0.0,1.0,0.231,0.167,1.0,0,0.0,,2.0,0.0,0,0.0,0.0,,0.46153846153846156,0.3500000000000001
1994,CL,横浜DeNAベイスターズ,51053863,原　伸樹,S.Hara,28.0,29.0,28.0,2.0,7.0,0.0,0.0,0.0,7.0,4.0,0.0,0,0.0,0.0,1.0,0,0.0,5.0,0.0,0.25,0.276,0.25,0.526,7.0,0.0,0.026000000000000023,0.276,3.4482758620689653,17.24137931034483,0.2,0.30434782608695654,0.18670000000000003,359.3333333333333,0.03571428571428571,0.38095238095238093,0.25,7.0,0.0,4.0,28.0,29.0,28.0,7.0,0.0,0.0,2.0,0.276,0.25,1.0,0,0.0,,7.0,0.0,0,0.0,0.0,,1.9310344827586208,1.7719999999999998
1994,CL,東京ヤクルトスワローズ,51053865,宮本　賢治,K.Miyamoto,17.0,8.0,8.0,2.0,2.0,0.0,0.0,0.0,2.0,0.0,0.0,0,0.0,0.0,0.0,0,0.0,1.0,0.0,0.25,0.25,0.25,0.5,2.0,0.0,0.0,0.25,0.0,12.5,0.0,0.2857142857142857,0.175,333.3333333333333,0.0,0.3333333333333333,0.25,2.0,0.0,0.0,17.0,8.0,8.0,2.0,0.0,0.0,2.0,0.25,0.25,0.0,0,0.0,,2.0,0.0,0,0.0,0.0,,0.5,0.4119999999999999
1994,CL,東京ヤクルトスワローズ,51153862,荒井　幸雄,Y.Arai,105.0,369.0,314.0,26.0,84.0,23.0,1.0,2.0,115.0,15.0,2,1,9.0,2.0,41.0,0,3.0,41.0,4.0,0.268,0.356,0.366,0.722,58.0,0.09799999999999998,0.08799999999999997,0.4539999999999999,11.11111111111111,11.11111111111111,1.0,0.30036630036630035,0.25170000000000003,478.0,0.23248407643312102,0.6837606837606838,0.268,84.0,2.0,15.0,105.0,369.0,314.0,58.0,23.0,1.0,26.0,0.356,0.366,41.0,0,3.0,,115.0,2,1,9.0,2.0,,40.49295774647887,41.64000000000001
1994,CL,読売ジャイアンツ,51253865,吉村　禎章,S.Yoshimura,81.0,174.0,160.0,14.0,28.0,6.0,0.0,3.0,43.0,23.0,0.0,0,0.0,0.0,14.0,0,0.0,20.0,9.0,0.175,0.241,0.269,0.51,19.0,0.09400000000000003,0.066,0.335,8.045977011494253,11.494252873563218,0.7,0.18248175182481752,0.17570000000000002,330.6666666666667,0.18125,0.40425531914893614,0.175,28.0,3.0,23.0,81.0,174.0,160.0,19.0,6.0,0.0,14.0,0.241,0.269,14.0,0,0.0,,43.0,0.0,0,0.0,0.0,,10.379310344827585,9.824000000000002
1994,CL,東京ヤクルトスワローズ,51253881,西村　龍次,T.Nishimura,27.0,41.0,36.0,0.0,0.0,0.0,0.0,0.0,0.0,0.0,0.0,0,2.0,0.0,2.0,0,1.0,23.0,1.0,0.0,0.077,0.0,0.077,0.0,0.0,0.077,0.077,4.878048780487805,56.09756097560976,0.08695652173913043,0.0,0.03465,77.0,0.05555555555555555,0.08108108108108109,0.0,0.0,0.0,0.0,27.0,41.0,36.0,0.0,0.0,0.0,0.0,0.077,0.0,2.0,0,1.0,,0.0,0.0,0,2.0,0.0,,0.0,-2.5380000000000003
1994,CL,読売ジャイアンツ,51253887,松井　秀喜,H.Matsui,130.0,569.0,503.0,70.0,148.0,23.0,4.0,20.0,239.0,66.0,6,3,1.0,4.0,57.0,0,4.0,101.0,12.0,0.294,0.368,0.475,0.843,101.0,0.181,0.07400000000000001,0.5489999999999999,10.017574692442881,17.75043936731107,0.5643564356435643,0.3316062176165803,0.28435,526.3333333333334,0.30019880715705766,0.8256130790190735,0.294,148.0,20.0,66.0,130.0,569.0,503.0,101.0,23.0,4.0,70.0,0.368,0.475,57.0,0,4.0,,239.0,6,3,1.0,4.0,,87.49107142857143,85.9
1994,CL,読売ジャイアンツ,51353865,岡崎　郁,K.Okazaki,111.0,363.0,327.0,35.0,84.0,15.0,0.0,6.0,117.0,45.0,1.0,1,1.0,3.0,32.0,0,0.0,32.0,13.0,0.257,0.32,0.358,0.6779999999999999,63.0,0.10099999999999998,0.063,0.421,8.81542699724518,8.81542699724518,1.0,0.2671232876712329,0.2335,439.33333333333337,0.2018348623853211,0.5859375,0.257,84.0,6.0,45.0,111.0,363.0,327.0,63.0,15.0,0.0,35.0,0.32,0.358,32.0,0,0.0,,117.0,1.0,1,1.0,3.0,,37.8050139275766,37.866
1994,CL,東京ヤクルトスワローズ,51553842,角　富士夫,F.Sumi,1.0,0.0,0.0,0.0,0.0,0.0,0.0,0.0,0.0,0.0,0.0,0,0.0,0.0,0.0,0,0.0,0.0,0.0,,,,0.0,0.0,0.0,0.0,,nan,nan,nan,nan,0.0,0.0,nan,nan,,0.0,0.0,0.0,1.0,0.0,0.0,0.0,0.0,0.0,0.0,,,0.0,0,0.0,,0.0,0.0,0,0.0,0.0,,nan,0.0
1994,CL,広島東洋カープ,51553863,川口　和久,K.Kawaguchi,33.0,52.0,41.0,1.0,12.0,0.0,0.0,0.0,12.0,4.0,1,0,10.0,0.0,1.0,0,0.0,17.0,0.0,0.293,0.31,0.293,0.603,12.0,0.0,0.017000000000000015,0.31,1.9230769230769231,32.69230769230769,0.058823529411764705,0.5,0.21275,407.6666666666667,0.024390243902439025,0.4482758620689655,0.293,12.0,0.0,4.0,33.0,52.0,41.0,12.0,0.0,0.0,1.0,0.31,0.293,1.0,0,0.0,,12.0,1,0,10.0,0.0,,3.7142857142857144,3.488
1994,CL,中日ドラゴンズ,51553866,北野　勝則,K.Kitano,44.0,5.0,3.0,0.0,0.0,0.0,0.0,0.0,0.0,0.0,0.0,0,2.0,0.0,0.0,0,0.0,2.0,0.0,0.0,0.0,0.0,0.0,0.0,0.0,0.0,0.0,0.0,40.0,0.0,0.0,0.0,0.0,0.0,0.0,0.0,0.0,0.0,0.0,44.0,5.0,3.0,0.0,0.0,0.0,0.0,0.0,0.0,0.0,0,0.0,,0.0,0.0,0,2.0,0.0,,0.0,-0.29400000000000004
1994,CL,阪神タイガース,51553867,木戸　克彦,K.Kido,34.0,73.0,67.0,5.0,19.0,5.0,0.0,1.0,27.0,1.0,0.0,0,1.0,0.0,5.0,0,0.0,8.0,0.0,0.284,0.333,0.403,0.736,13.0,0.11900000000000005,0.049000000000000044,0.452,6.8493150684931505,10.95890410958904,0.625,0.3103448275862069,0.25060000000000004,467.33333333333337,0.19402985074626866,0.6666666666666666,0.284,19.0,1.0,1.0,34.0,73.0,67.0,13.0,5.0,0.0,5.0,0.333,0.403,5.0,0,0.0,,27.0,0.0,0,1.0,0.0,,9.0,8.485999999999999
1994,CL,中日ドラゴンズ,51553868,前原　博之,H.Maehara,100.0,255.0,228.0,22.0,47.0,7.0,2.0,4.0,70.0,26.0,1.0,1,9.0,0.0,17.0,0,1.0,54.0,4.0,0.206,0.264,0.307,0.571,34.0,0.101,0.058000000000000024,0.365,6.666666666666667,21.176470588235293,0.3148148148148148,0.2529411764705882,0.19555,366.33333333333337,0.17982456140350878,0.4810810810810811,0.206,47.0,4.0,26.0,100.0,255.0,228.0,34.0,7.0,2.0,22.0,0.264,0.307,17.0,0,1.0,,70.0,1.0,1,9.0,0.0,,18.285714285714285,18.261999999999993
1994,CL,阪神タイガース,51553881,葛西　稔,M.Kasai,11.0,6.0,4.0,1.0,0.0,0.0,0.0,0.0,0.0,0.0,0.0,0,0.0,0.0,2.0,0,0.0,3.0,0.0,0.0,0.333,0.0,0.333,0.0,0.0,0.333,0.333,33.33333333333333,50.0,0.6666666666666666,0.0,0.14985,333.0,0.5,0.5,0.0,0.0,0.0,0.0,11.0,6.0,4.0,0.0,0.0,0.0,1.0,0.333,0.0,2.0,0,0.0,,0.0,0.0,0,0.0,0.0,,0.0,0.268
1994,CL,東京ヤクルトスワローズ,51553883,高津　臣吾,S.Takatsu,47.0,16.0,14.0,1.0,0.0,0.0,0.0,0.0,0.0,0.0,0.0,0,2.0,0.0,0.0,0,0.0,8.0,0.0,0.0,0.0,0.0,0.0,0.0,0.0,0.0,0.0,0.0,50.0,0.0,0.0,0.0,0.0,0.0,0.0,0.0,0.0,0.0,0.0,47.0,16.0,14.0,0.0,0.0,0.0,1.0,0.0,0.0,0.0,0,0.0,,0.0,0.0,0,2.0,0.0,,0.0,-1.372
1994,CL,阪神タイガース,51553885,久慈　照嘉,T.Kuji,130.0,532.0,439.0,40.0,110.0,14.0,1.0,0.0,126.0,14.0,2,5,38.0,1.0,53.0,0,1.0,76.0,6.0,0.251,0.332,0.287,0.619,95.0,0.035999999999999976,0.08100000000000002,0.368,9.962406015037594,14.285714285714285,0.6973684210526315,0.3021978021978022,0.22115,427.6666666666667,0.16856492027334852,0.5522388059701493,0.251,110.0,0.0,14.0,130.0,532.0,439.0,95.0,14.0,1.0,40.0,0.332,0.287,53.0,0,1.0,,126.0,2,5,38.0,1.0,,41.74390243902439,45.098
1994,CL,横浜DeNAベイスターズ,51653885,山根　善伸,Y.Yamane,6.0,1.0,1.0,0.0,0.0,0.0,0.0,0.0,0.0,0.0,0.0,0,0.0,0.0,0.0,0,0.0,1.0,0.0,0.0,0.0,0.0,0.0,0.0,0.0,0.0,0.0,0.0,100.0,0.0,nan,0.0,0.0,0.0,0.0,0.0,0.0,0.0,0.0,6.0,1.0,1.0,0.0,0.0,0.0,0.0,0.0,0.0,0.0,0,0.0,,0.0,0.0,0,0.0,0.0,,0.0,-0.098
1994,CL,広島東洋カープ,51653889,C.リベラ,C.Rivera,2.0,2.0,2.0,0.0,1.0,0.0,0.0,0.0,1.0,1.0,0.0,0,0.0,0.0,0.0,0,0.0,0.0,0.0,0.5,0.5,0.5,1.0,1.0,0.0,0.0,0.5,0.0,0.0,nan,0.5,0.35,666.6666666666666,0.0,1.0,0.5,1.0,0.0,1.0,2.0,2.0,2.0,1.0,0.0,0.0,0.0,0.5,0.5,0.0,0,0.0,,1.0,0.0,0,0.0,0.0,,0.5,0.402
1994,CL,横浜DeNAベイスターズ,51753864,デニー,T.Deni（deni,4.0,0.0,0.0,0.0,0.0,0.0,0.0,0.0,0.0,0.0,0.0,0,0.0,0.0,0.0,0,0.0,0.0,0.0,,,,0.0,0.0,0.0,0.0,,nan,nan,nan,nan,0.0,0.0,nan,nan,,0.0,0.0,0.0,4.0,0.0,0.0,0.0,0.0,0.0,0.0,,,0.0,0,0.0,,0.0,0.0,0,0.0,0.0,,nan,0.0
1994,CL,広島東洋カープ,51753885,佐藤　貞治,S.Satou,3.0,0.0,0.0,0.0,0.0,0.0,0.0,0.0,0.0,0.0,0.0,0,0.0,0.0,0.0,0,0.0,0.0,0.0,,,,0.0,0.0,0.0,0.0,,nan,nan,nan,nan,0.0,0.0,nan,nan,,0.0,0.0,0.0,3.0,0.0,0.0,0.0,0.0,0.0,0.0,,,0.0,0,0.0,,0.0,0.0,0,0.0,0.0,,nan,0.0
1994,CL,読売ジャイアンツ,51853868,緒方　耕一,K.Ogata,113.0,195.0,174.0,22.0,40.0,4.0,4.0,0.0,52.0,7.0,9,2,5.0,2.0,14.0,0,0.0,26.0,0.0,0.23,0.284,0.299,0.583,32.0,0.06899999999999998,0.053999999999999965,0.353,7.179487179487179,13.333333333333334,0.5384615384615384,0.26666666666666666,0.20255,383.66666666666663,0.16091954022988506,0.5074626865671642,0.23,40.0,0.0,7.0,113.0,195.0,174.0,32.0,4.0,4.0,22.0,0.284,0.299,14.0,0,0.0,,52.0,9,2,5.0,2.0,,14.936170212765957,14.888
1994,CL,阪神タイガース,51953887,竹内　昌也,Y.Takeuchi,13.0,13.0,12.0,0.0,1.0,0.0,0.0,0.0,1.0,1.0,0.0,0,0.0,0.0,1.0,0,0.0,6.0,0.0,0.083,0.154,0.083,0.237,1.0,0.0,0.071,0.154,7.6923076923076925,46.15384615384615,0.16666666666666666,0.16666666666666666,0.09005,181.66666666666666,0.08333333333333333,0.18181818181818182,0.083,1.0,0.0,1.0,13.0,13.0,12.0,1.0,0.0,0.0,0.0,0.154,0.083,1.0,0,0.0,,1.0,0.0,0,0.0,0.0,,0.15384615384615385,-0.248
1994,CL,横浜DeNAベイスターズ,51953889,波留　敏夫,T.Haru,53.0,187.0,168.0,26.0,50.0,12.0,2.0,3.0,75.0,10.0,7,3,1.0,0.0,13.0,0,5.0,33.0,1.0,0.298,0.366,0.446,0.812,33.0,0.14800000000000002,0.068,0.514,6.951871657754011,17.647058823529413,0.3939393939393939,0.3560606060606061,0.2762,514.6666666666666,0.24404761904761904,0.8067226890756303,0.298,50.0,3.0,10.0,53.0,187.0,168.0,33.0,12.0,2.0,26.0,0.366,0.446,13.0,0,5.0,,75.0,7,3,1.0,0.0,,26.104972375690608,26.455999999999996
1994,CL,広島東洋カープ,53253868,江藤　智,A.Etou,105.0,466.0,390.0,83.0,125.0,21.0,0.0,28.0,230.0,81.0,7,1,0.0,6.0,69.0,0,1.0,81.0,6.0,0.321,0.418,0.59,1.008,76.0,0.26899999999999996,0.09699999999999998,0.6869999999999999,14.806866952789699,17.381974248927037,0.8518518518518519,0.33797909407665505,0.3356,614.6666666666667,0.44871794871794873,1.1107011070110702,0.321,125.0,28.0,81.0,105.0,466.0,390.0,76.0,21.0,0.0,83.0,0.418,0.59,69.0,0,1.0,,230.0,7,1,0.0,6.0,,97.21132897603486,90.75
1994,CL,阪神タイガース,53553868,亀山　努,T.Kameyama,105.0,377.0,327.0,49.0,93.0,11.0,4.0,9.0,139.0,28.0,5.0,5,3.0,1.0,45.0,0,1.0,64.0,10.0,0.284,0.372,0.425,0.7969999999999999,69.0,0.14100000000000001,0.08800000000000002,0.513,11.936339522546419,16.976127320954905,0.703125,0.32941176470588235,0.27365,513.6666666666667,0.29357798165137616,0.7786885245901639,0.284,93.0,9.0,28.0,105.0,377.0,327.0,69.0,11.0,4.0,49.0,0.372,0.425,45.0,0,1.0,,139.0,5.0,5,3.0,1.0,,51.564516129032256,52.688
1994,CL,東京ヤクルトスワローズ,55253868,幸田　正広,M.Kouda,22.0,35.0,28.0,3.0,5.0,0.0,0.0,0.0,5.0,1.0,1,0,1.0,0.0,6.0,0,0.0,10.0,2.0,0.179,0.324,0.179,0.503,5.0,0.0,0.14500000000000002,0.324,17.142857142857142,28.57142857142857,0.6,0.2777777777777778,0.19055,383.66666666666663,0.21428571428571427,0.44,0.179,5.0,0.0,1.0,22.0,35.0,28.0,5.0,0.0,0.0,3.0,0.324,0.179,6.0,0,0.0,,5.0,1,0,1.0,0.0,,1.6176470588235294,2.2260000000000004
1994,CL,阪神タイガース,55653868,米崎　薫臣,K.Yonezaki,53.0,53.0,44.0,7.0,12.0,1.0,1.0,0.0,15.0,6.0,0.0,0,2.0,0.0,7.0,0,0.0,10.0,0.0,0.273,0.373,0.341,0.714,10.0,0.068,0.09999999999999998,0.441,13.20754716981132,18.867924528301888,0.7,0.35294117647058826,0.2531,486.6666666666667,0.22727272727272727,0.6875,0.273,12.0,0.0,6.0,53.0,53.0,44.0,10.0,1.0,1.0,7.0,0.373,0.341,7.0,0,0.0,,15.0,0.0,0,2.0,0.0,,5.588235294117647,5.934
1994,CL,横浜DeNAベイスターズ,61063885,永池　恭男,Y.Nagaike,46.0,89.0,71.0,7.0,17.0,2.0,0.0,0.0,19.0,3.0,2,0,6.0,1.0,9.0,0,2.0,10.0,1.0,0.239,0.337,0.268,0.605,15.0,0.029000000000000026,0.09800000000000003,0.366,10.112359550561797,11.235955056179774,0.9,0.27419354838709675,0.21865,426.3333333333333,0.15492957746478872,0.5454545454545454,0.239,17.0,0.0,3.0,46.0,89.0,71.0,15.0,2.0,0.0,7.0,0.337,0.268,9.0,0,2.0,,19.0,2,0,6.0,1.0,,6.175,7.2780000000000005
1994,CL,東京ヤクルトスワローズ,61063889,山部　太,F.Yamabe,19.0,22.0,19.0,0.0,2.0,0.0,0.0,0.0,2.0,2.0,0.0,0,2.0,0.0,1.0,0,0.0,11.0,0.0,0.105,0.15,0.105,0.255,2.0,0.0,0.045,0.15,4.545454545454546,50.0,0.09090909090909091,0.25,0.09375,185.0,0.05263157894736842,0.17647058823529413,0.105,2.0,0.0,2.0,19.0,22.0,19.0,2.0,0.0,0.0,0.0,0.15,0.105,1.0,0,0.0,,2.0,0.0,0,2.0,0.0,,0.3,-0.3360000000000001
1994,CL,中日ドラゴンズ,61163881,井上　一樹,K.Inoue,30.0,55.0,51.0,6.0,13.0,5.0,1.0,0.0,20.0,4.0,0.0,0,0.0,0.0,4.0,0,0.0,16.0,1.0,0.255,0.309,0.392,0.7010000000000001,7.0,0.137,0.05399999999999999,0.446,7.2727272727272725,29.09090909090909,0.25,0.37142857142857144,0.23705,439.66666666666663,0.21568627450980393,0.6153846153846154,0.255,13.0,0.0,4.0,30.0,55.0,51.0,7.0,5.0,1.0,6.0,0.309,0.392,4.0,0,0.0,,20.0,0.0,0,0.0,0.0,,6.181818181818182,5.736000000000001
1994,CL,阪神タイガース,61263860,古溝　克之,K.Furumizo,61.0,15.0,14.0,1.0,1.0,0.0,0.0,0.0,1.0,0.0,0,1,0.0,0.0,1.0,0,0.0,6.0,0.0,0.071,0.133,0.071,0.20400000000000001,1.0,0.0,0.06200000000000001,0.133,6.666666666666667,40.0,0.16666666666666666,0.125,0.0776,156.66666666666669,0.14285714285714285,0.23076923076923078,0.071,1.0,0.0,0.0,61.0,15.0,14.0,1.0,0.0,0.0,1.0,0.133,0.071,1.0,0,0.0,,1.0,0,1,0.0,0.0,,0.13333333333333333,-0.264
1994,CL,読売ジャイアンツ,61263868,松谷　竜二郎,R.Matsutani,7.0,3.0,2.0,0.0,0.0,0.0,0.0,0.0,0.0,0.0,0.0,0,1.0,0.0,0.0,0,0.0,2.0,0.0,0.0,0.0,0.0,0.0,0.0,0.0,0.0,0.0,0.0,66.66666666666666,0.0,nan,0.0,0.0,0.0,0.0,0.0,0.0,0.0,0.0,7.0,3.0,2.0,0.0,0.0,0.0,0.0,0.0,0.0,0.0,0,0.0,,0.0,0.0,0,1.0,0.0,,0.0,-0.196
1994,CL,読売ジャイアンツ,61263887,門奈　哲寛,T.Monna,6.0,3.0,2.0,0.0,1.0,0.0,0.0,0.0,1.0,2.0,0.0,0,1.0,0.0,0.0,0,0.0,1.0,0.0,0.5,0.5,0.5,1.0,1.0,0.0,0.0,0.5,0.0,33.33333333333333,0.0,1.0,0.35,666.6666666666666,0.0,1.0,0.5,1.0,0.0,2.0,6.0,3.0,2.0,1.0,0.0,0.0,0.0,0.5,0.5,0.0,0,0.0,,1.0,0.0,0,1.0,0.0,,0.5,0.402
1994,CL,中日ドラゴンズ,61263889,D.ジェームズ,D.James,100.0,402.0,373.0,38.0,98.0,11.0,0.0,8.0,133.0,40.0,4,6,1.0,2.0,25.0,0,1.0,46.0,13.0,0.263,0.309,0.357,0.6659999999999999,79.0,0.09399999999999997,0.045999999999999985,0.4029999999999999,6.218905472636816,11.442786069651742,0.5434782608695652,0.2803738317757009,0.2283,428.0,0.1769436997319035,0.5729166666666666,0.263,98.0,8.0,40.0,100.0,402.0,373.0,79.0,11.0,0.0,38.0,0.309,0.357,25.0,0,1.0,,133.0,4,6,1.0,2.0,,41.10301507537689,41.64999999999999
1994,CL,広島東洋カープ,61363867,加藤　哲郎,T.Katou,8.0,0.0,0.0,0.0,0.0,0.0,0.0,0.0,0.0,0.0,0.0,0,0.0,0.0,0.0,0,0.0,0.0,0.0,,,,0.0,0.0,0.0,0.0,,nan,nan,nan,nan,0.0,0.0,nan,nan,,0.0,0.0,0.0,8.0,0.0,0.0,0.0,0.0,0.0,0.0,,,0.0,0,0.0,,0.0,0.0,0,0.0,0.0,,nan,0.0
1994,CL,中日ドラゴンズ,61363868,清水　雅治,M.Shimizu,108.0,250.0,218.0,35.0,60.0,6.0,2.0,0.0,70.0,18.0,23,9,10.0,0.0,22.0,0,0.0,33.0,5.0,0.275,0.342,0.321,0.663,52.0,0.045999999999999985,0.067,0.388,8.799999999999999,13.200000000000001,0.6666666666666666,0.32432432432432434,0.23415000000000002,449.0,0.18807339449541285,0.6196319018404908,0.275,60.0,0.0,18.0,108.0,250.0,218.0,52.0,6.0,2.0,35.0,0.342,0.321,22.0,0,0.0,,70.0,23,9,10.0,0.0,,23.916666666666668,25.795999999999992
1994,CL,阪神タイガース,61363881,岡本　圭治,K.Okamoto,74.0,85.0,72.0,14.0,13.0,3.0,0.0,0.0,16.0,2.0,3,0,2.0,0.0,10.0,0,1.0,13.0,2.0,0.181,0.289,0.222,0.511,10.0,0.04100000000000001,0.10799999999999998,0.3299999999999999,11.76470588235294,15.294117647058824,0.7692307692307693,0.22033898305084745,0.18555,363.0,0.18055555555555555,0.4426229508196721,0.181,13.0,0.0,2.0,74.0,85.0,72.0,10.0,3.0,0.0,14.0,0.289,0.222,10.0,0,1.0,,16.0,3,0,2.0,0.0,,4.487804878048781,5.008000000000001
1994,CL,中日ドラゴンズ,61363883,山本　保司,Y.Yamamoto,25.0,63.0,57.0,5.0,11.0,4.0,0.0,0.0,15.0,3.0,0.0,0,3.0,1.0,2.0,0,0.0,5.0,3.0,0.193,0.217,0.263,0.48,7.0,0.07,0.023999999999999994,0.287,3.1746031746031744,7.936507936507936,0.4,0.20754716981132076,0.1634,304.66666666666663,0.10526315789473684,0.3469387755102041,0.193,11.0,0.0,3.0,25.0,63.0,57.0,7.0,4.0,0.0,5.0,0.217,0.263,2.0,0,0.0,,15.0,0.0,0,3.0,1.0,,3.305084745762712,2.532
1994,CL,読売ジャイアンツ,61363887,木村　龍治,R.Kimura,7.0,1.0,1.0,0.0,1.0,0.0,0.0,0.0,1.0,0.0,0.0,0,0.0,0.0,0.0,0,0.0,0.0,0.0,1.0,1.0,1.0,2.0,1.0,0.0,0.0,1.0,0.0,0.0,nan,1.0,0.7,1333.3333333333333,0.0,nan,1.0,1.0,0.0,0.0,7.0,1.0,1.0,1.0,0.0,0.0,0.0,1.0,1.0,0.0,0,0.0,,1.0,0.0,0,0.0,0.0,,1.0,0.5
1994,CL,読売ジャイアンツ,61563860,香田　勲男,I.Kouda,24.0,21.0,18.0,0.0,1.0,0.0,0.0,0.0,1.0,0.0,0.0,0,3.0,0.0,0.0,0,0.0,10.0,0.0,0.056,0.056,0.056,0.112,1.0,0.0,0.0,0.056,0.0,47.61904761904761,0.0,0.125,0.0392,74.66666666666667,0.0,0.058823529411764705,0.056,1.0,0.0,0.0,24.0,21.0,18.0,1.0,0.0,0.0,0.0,0.056,0.056,0.0,0,0.0,,1.0,0.0,0,3.0,0.0,,0.05555555555555555,-1.1660000000000001
1994,CL,広島東洋カープ,61563866,石橋　文雄,F.Ishibashi,3.0,2.0,2.0,0.0,0.0,0.0,0.0,0.0,0.0,0.0,0.0,0,0.0,0.0,0.0,0,0.0,0.0,0.0,0.0,0.0,0.0,0.0,0.0,0.0,0.0,0.0,0.0,0.0,nan,0.0,0.0,0.0,0.0,0.0,0.0,0.0,0.0,0.0,3.0,2.0,2.0,0.0,0.0,0.0,0.0,0.0,0.0,0.0,0,0.0,,0.0,0.0,0,0.0,0.0,,0.0,-0.196
1994,CL,横浜DeNAベイスターズ,61563867,駒田　徳広,N.Komada,130.0,558.0,525.0,60.0,149.0,33.0,2.0,13.0,225.0,68.0,0,1,0.0,3.0,28.0,0,2.0,95.0,29.0,0.284,0.321,0.429,0.75,101.0,0.14500000000000002,0.03700000000000003,0.466,5.017921146953405,17.025089605734767,0.29473684210526313,0.3238095238095238,0.2517,463.99999999999994,0.2,0.6320987654320988,0.284,149.0,13.0,68.0,130.0,558.0,525.0,101.0,33.0,2.0,60.0,0.321,0.429,28.0,0,2.0,,225.0,0,1,0.0,3.0,,72.01627486437613,68.292
1994,CL,中日ドラゴンズ,61563868,大豊　泰昭,Y.Taihou,130.0,560.0,477.0,83.0,148.0,24.0,2.0,38.0,290.0,107.0,1,2,0.0,9.0,71.0,0,3.0,97.0,6.0,0.31,0.396,0.608,1.004,84.0,0.298,0.08600000000000002,0.694,12.678571428571427,17.32142857142857,0.7319587628865979,0.31339031339031337,0.33020000000000005,598.6666666666666,0.45073375262054505,1.0925373134328358,0.31,148.0,38.0,107.0,130.0,560.0,477.0,84.0,24.0,2.0,83.0,0.396,0.608,71.0,0,3.0,,290.0,1,2,0.0,9.0,,115.89416058394161,108.61800000000001
1994,CL,横浜DeNAベイスターズ,61563885,斎藤　隆,T.Saitou,28.0,67.0,63.0,2.0,13.0,2.0,0.0,0.0,15.0,4.0,0.0,0,0.0,0.0,4.0,0,0.0,32.0,1.0,0.206,0.254,0.238,0.492,11.0,0.032,0.048000000000000015,0.286,5.970149253731343,47.76119402985074,0.125,0.41935483870967744,0.1738,333.3333333333333,0.09523809523809523,0.37254901960784315,0.206,13.0,0.0,4.0,28.0,67.0,63.0,11.0,2.0,0.0,2.0,0.254,0.238,4.0,0,0.0,,15.0,0.0,0,0.0,0.0,,3.8059701492537314,3.3599999999999994
1994,CL,横浜DeNAベイスターズ,61663887,R.ローズ,R.Rose,130.0,574.0,510.0,71.0,151.0,28.0,4.0,15.0,232.0,86.0,1.0,1,0.0,7.0,55.0,0,2.0,72.0,25.0,0.296,0.362,0.455,0.817,104.0,0.15900000000000003,0.066,0.521,9.581881533101045,12.543554006968641,0.7638888888888888,0.31627906976744186,0.27665,513.6666666666667,0.26862745098039215,0.7552083333333334,0.296,151.0,15.0,86.0,130.0,574.0,510.0,104.0,28.0,4.0,71.0,0.362,0.455,55.0,0,2.0,,232.0,1.0,1,0.0,7.0,,84.58761061946903,81.728
1994,CL,中日ドラゴンズ,61763864,中村　武志,T.Nakamura,125.0,456.0,398.0,37.0,102.0,16.0,0.0,9.0,145.0,50.0,1,0,8.0,0.0,46.0,0,4.0,48.0,14.0,0.256,0.339,0.364,0.7030000000000001,77.0,0.10799999999999998,0.08300000000000002,0.447,10.087719298245613,10.526315789473683,0.9583333333333334,0.2727272727272727,0.24355000000000002,460.33333333333337,0.2236180904522613,0.6290322580645161,0.256,102.0,9.0,50.0,125.0,456.0,398.0,77.0,16.0,0.0,37.0,0.339,0.364,46.0,0,4.0,,145.0,1,0,8.0,0.0,,48.333333333333336,50.47199999999999
1994,CL,横浜DeNAベイスターズ,61763881,佐々木　主浩,K.Sasaki,31.0,8.0,7.0,0.0,0.0,0.0,0.0,0.0,0.0,0.0,0.0,0,1.0,0.0,0.0,0,0.0,3.0,1.0,0.0,0.0,0.0,0.0,0.0,0.0,0.0,0.0,0.0,37.5,0.0,0.0,0.0,0.0,0.0,0.0,0.0,0.0,0.0,0.0,31.0,8.0,7.0,0.0,0.0,0.0,0.0,0.0,0.0,0.0,0,0.0,,0.0,0.0,0,1.0,0.0,,0.0,-0.686
1994,CL,広島東洋カープ,61863883,松本　隆,T.Matsumoto,1.0,1.0,0.0,0.0,0.0,0.0,0.0,0.0,0.0,0.0,0.0,0,1.0,0.0,0.0,0,0.0,0.0,0.0,,,,0.0,0.0,0.0,0.0,,0.0,0.0,nan,nan,0.0,0.0,nan,nan,,0.0,0.0,0.0,1.0,1.0,0.0,0.0,0.0,0.0,0.0,,,0.0,0,0.0,,0.0,0.0,0,1.0,0.0,,nan,0.0
1994,CL,読売ジャイアンツ,61963846,屋鋪　要,K.Yashiki,87.0,34.0,29.0,10.0,4.0,1.0,0.0,0.0,5.0,2.0,4,2,0.0,1.0,4.0,0,0.0,5.0,0.0,0.138,0.235,0.172,0.407,3.0,0.033999999999999975,0.09699999999999998,0.2689999999999999,11.76470588235294,14.705882352941178,0.8,0.16,0.14875,292.3333333333333,0.2413793103448276,0.44,0.138,4.0,0.0,2.0,87.0,34.0,29.0,3.0,1.0,0.0,10.0,0.235,0.172,4.0,0,0.0,,5.0,4,2,0.0,1.0,,1.2121212121212122,1.4499999999999997
1994,CL,阪神タイガース,61963860,仲田　幸司,K.Nakada,24.0,38.0,34.0,3.0,3.0,1.0,0.0,0.0,4.0,1.0,0.0,0,2.0,1.0,1.0,0,0.0,15.0,2.0,0.088,0.111,0.118,0.22899999999999998,2.0,0.03,0.023000000000000007,0.141,2.631578947368421,39.473684210526315,0.06666666666666667,0.15,0.07944999999999999,150.33333333333331,0.058823529411764705,0.15151515151515152,0.088,3.0,0.0,1.0,24.0,38.0,34.0,2.0,1.0,0.0,3.0,0.111,0.118,1.0,0,0.0,,4.0,0.0,0,2.0,1.0,,0.45714285714285713,-0.9880000000000004
1994,CL,阪神タイガース,61963869,中西　清起,K.Nakanishi,46.0,10.0,8.0,0.0,0.0,0.0,0.0,0.0,0.0,0.0,0.0,0,1.0,0.0,1.0,0,0.0,6.0,0.0,0.0,0.111,0.0,0.111,0.0,0.0,0.111,0.111,10.0,60.0,0.16666666666666666,0.0,0.04995,111.0,0.125,0.125,0.0,0.0,0.0,0.0,46.0,10.0,8.0,0.0,0.0,0.0,0.0,0.111,0.0,1.0,0,0.0,,0.0,0.0,0,1.0,0.0,,0.0,-0.454
1994,CL,広島東洋カープ,61963881,鈴木　哲,T.Suzuki,37.0,13.0,11.0,1.0,1.0,0.0,0.0,0.0,1.0,0.0,0.0,0,1.0,0.0,1.0,0,0.0,3.0,0.0,0.091,0.167,0.091,0.258,1.0,0.0,0.07600000000000001,0.167,7.6923076923076925,23.076923076923077,0.3333333333333333,0.125,0.09790000000000001,197.33333333333334,0.09090909090909091,0.2,0.091,1.0,0.0,0.0,37.0,13.0,11.0,1.0,0.0,0.0,1.0,0.167,0.091,1.0,0,0.0,,1.0,0.0,0,1.0,0.0,,0.16666666666666666,-0.1499999999999999
1994,CL,広島東洋カープ,63063868,望月　秀継,H.Mochizuki,52.0,20.0,19.0,1.0,3.0,0.0,0.0,1.0,6.0,2.0,0.0,0,1.0,0.0,0.0,0,0.0,6.0,0.0,0.158,0.158,0.316,0.474,2.0,0.158,0.0,0.316,0.0,30.0,0.0,0.16666666666666666,0.1501,263.3333333333333,0.15789473684210525,0.375,0.158,3.0,1.0,2.0,52.0,20.0,19.0,2.0,0.0,0.0,1.0,0.158,0.316,0.0,0,0.0,,6.0,0.0,0,1.0,0.0,,0.9473684210526315,0.8719999999999999
1994,CL,横浜DeNAベイスターズ,65163868,秋元　宏作,K.Akimoto,49.0,66.0,60.0,4.0,14.0,4.0,0.0,0.0,18.0,3.0,0.0,0,0.0,0.0,6.0,0,0.0,18.0,1.0,0.233,0.303,0.3,0.603,10.0,0.06699999999999998,0.06999999999999998,0.37,9.090909090909092,27.27272727272727,0.3333333333333333,0.3333333333333333,0.21134999999999998,402.99999999999994,0.16666666666666666,0.5106382978723404,0.233,14.0,0.0,3.0,49.0,66.0,60.0,10.0,4.0,0.0,4.0,0.303,0.3,6.0,0,0.0,,18.0,0.0,0,0.0,0.0,,5.454545454545454,5.351999999999999
1994,CL,横浜DeNAベイスターズ,65563868,石井　琢朗,T.Ishii,130.0,559.0,451.0,68.0,113.0,21.0,2.0,3.0,147.0,40.0,10,6,39.0,0.0,69.0,0,0.0,66.0,6.0,0.251,0.35,0.326,0.6759999999999999,87.0,0.07500000000000001,0.09899999999999998,0.425,12.343470483005367,11.806797853309481,1.0454545454545454,0.2879581151832461,0.239,458.6666666666667,0.24168514412416853,0.6453488372093024,0.251,113.0,3.0,40.0,130.0,559.0,451.0,87.0,21.0,2.0,68.0,0.35,0.326,69.0,0,0.0,,147.0,10,6,39.0,0.0,,51.45,55.74599999999999
1994,CL,中日ドラゴンズ,71073860,野中　徹博,T.Nonaka,21.0,1.0,1.0,0.0,0.0,0.0,0.0,0.0,0.0,0.0,0.0,0,0.0,0.0,0.0,0,0.0,1.0,0.0,0.0,0.0,0.0,0.0,0.0,0.0,0.0,0.0,0.0,100.0,0.0,nan,0.0,0.0,0.0,0.0,0.0,0.0,0.0,0.0,21.0,1.0,1.0,0.0,0.0,0.0,0.0,0.0,0.0,0.0,0,0.0,,0.0,0.0,0,0.0,0.0,,0.0,-0.098
1994,CL,読売ジャイアンツ,71073863,原　辰徳,T.Hara,67.0,227.0,200.0,26.0,58.0,4.0,1.0,14.0,106.0,36.0,0,2,2.0,1.0,22.0,0,2.0,21.0,5.0,0.29,0.364,0.53,0.894,39.0,0.24000000000000005,0.07400000000000001,0.6040000000000001,9.691629955947137,9.251101321585903,1.0476190476190477,0.26506024096385544,0.2963,540.6666666666666,0.36,0.8979591836734694,0.29,58.0,14.0,36.0,67.0,227.0,200.0,39.0,4.0,1.0,26.0,0.364,0.53,22.0,0,2.0,,106.0,0,2,2.0,1.0,,38.1981981981982,37.944
1994,CL,中日ドラゴンズ,71073887,野口　茂樹,S.Noguchi,8.0,1.0,1.0,0.0,0.0,0.0,0.0,0.0,0.0,0.0,0.0,0,0.0,0.0,0.0,0,0.0,1.0,0.0,0.0,0.0,0.0,0.0,0.0,0.0,0.0,0.0,0.0,100.0,0.0,nan,0.0,0.0,0.0,0.0,0.0,0.0,0.0,0.0,8.0,1.0,1.0,0.0,0.0,0.0,0.0,0.0,0.0,0.0,0,0.0,,0.0,0.0,0,0.0,0.0,,0.0,-0.098
1994,CL,広島東洋カープ,71173866,音　重鎮,S.Oto,115.0,344.0,306.0,40.0,90.0,17.0,1.0,5.0,124.0,39.0,2,3,8.0,5.0,24.0,0,1.0,60.0,9.0,0.294,0.342,0.405,0.7470000000000001,67.0,0.11100000000000004,0.04800000000000004,0.453,6.976744186046512,17.441860465116278,0.4,0.34552845528455284,0.25515,477.00000000000006,0.19934640522875818,0.6755555555555556,0.294,90.0,5.0,39.0,115.0,344.0,306.0,67.0,17.0,1.0,40.0,0.342,0.405,24.0,0,1.0,,124.0,2,3,8.0,5.0,,42.836363636363636,41.602000000000004
1994,CL,東京ヤクルトスワローズ,71173867,荒木　大輔,D.Araki,20.0,28.0,25.0,0.0,6.0,1.0,0.0,0.0,7.0,3.0,0.0,0,0.0,0.0,3.0,0,0.0,9.0,1.0,0.24,0.321,0.28,0.601,5.0,0.040000000000000036,0.08100000000000002,0.361,10.714285714285714,32.142857142857146,0.3333333333333333,0.375,0.21445,414.3333333333333,0.16,0.5,0.24,6.0,0.0,3.0,20.0,28.0,25.0,5.0,1.0,0.0,0.0,0.321,0.28,3.0,0,0.0,,7.0,0.0,0,0.0,0.0,,2.25,2.348
1994,CL,中日ドラゴンズ,71173868,今中　慎二,S.Imanaka,28.0,71.0,64.0,3.0,10.0,1.0,0.0,0.0,11.0,2.0,0.0,0,5.0,0.0,2.0,0,0.0,31.0,1.0,0.156,0.182,0.172,0.354,9.0,0.015999999999999986,0.025999999999999995,0.1979999999999999,2.8169014084507045,43.66197183098591,0.06451612903225806,0.30303030303030304,0.1249,239.33333333333331,0.046875,0.23636363636363636,0.156,10.0,0.0,2.0,28.0,71.0,64.0,9.0,1.0,0.0,3.0,0.182,0.172,2.0,0,0.0,,11.0,0.0,0,5.0,0.0,,2.0,0.5880000000000001
1994,CL,横浜DeNAベイスターズ,71173887,五十嵐　英樹,H.Igarashi,38.0,20.0,19.0,0.0,1.0,0.0,0.0,0.0,1.0,1.0,0.0,0,1.0,0.0,0.0,0,0.0,12.0,0.0,0.053,0.053,0.053,0.106,1.0,0.0,0.0,0.053,0.0,60.0,0.0,0.14285714285714285,0.0371,70.66666666666667,0.0,0.05555555555555555,0.053,1.0,0.0,1.0,38.0,20.0,19.0,1.0,0.0,0.0,0.0,0.053,0.053,0.0,0,0.0,,1.0,0.0,0,1.0,0.0,,0.05263157894736842,-1.264
1994,CL,東京ヤクルトスワローズ,71273860,広澤　克実,K.Hirosawa,130.0,552.0,501.0,63.0,136.0,27.0,3.0,26.0,247.0,73.0,6,1,0.0,5.0,45.0,0,1.0,78.0,21.0,0.271,0.33,0.493,0.823,80.0,0.22199999999999998,0.059,0.552,8.152173913043478,14.130434782608695,0.5769230769230769,0.2736318407960199,0.27175000000000005,494.33333333333337,0.313373253493014,0.7616580310880829,0.271,136.0,26.0,73.0,130.0,552.0,501.0,80.0,27.0,3.0,63.0,0.33,0.493,45.0,0,1.0,,247.0,6,1,0.0,5.0,,81.88095238095238,79.59
1994,CL,広島東洋カープ,71273881,仁平　馨,K.Nihei,82.0,163.0,150.0,26.0,40.0,3.0,1.0,3.0,54.0,17.0,11,3,2.0,0.0,10.0,0,1.0,37.0,4.0,0.267,0.317,0.36,0.677,33.0,0.09299999999999997,0.04999999999999999,0.41,6.134969325153374,22.699386503067483,0.2702702702702703,0.33636363636363636,0.23265,437.0,0.18,0.5964912280701754,0.267,40.0,3.0,17.0,82.0,163.0,150.0,33.0,3.0,1.0,26.0,0.317,0.36,10.0,0,1.0,,54.0,11,3,2.0,0.0,,16.875,17.409999999999997
1994,CL,中日ドラゴンズ,71373883,森田　幸一,K.Morita,4.0,1.0,1.0,0.0,0.0,0.0,0.0,0.0,0.0,0.0,0.0,0,0.0,0.0,0.0,0,0.0,0.0,0.0,0.0,0.0,0.0,0.0,0.0,0.0,0.0,0.0,0.0,0.0,nan,0.0,0.0,0.0,0.0,0.0,0.0,0.0,0.0,0.0,4.0,1.0,1.0,0.0,0.0,0.0,0.0,0.0,0.0,0.0,0,0.0,,0.0,0.0,0,0.0,0.0,,0.0,-0.098
1994,CL,中日ドラゴンズ,71373885,落合　英二,E.Ochiai,27.0,1.0,1.0,0.0,0.0,0.0,0.0,0.0,0.0,0.0,0.0,0,0.0,0.0,0.0,0,0.0,0.0,0.0,0.0,0.0,0.0,0.0,0.0,0.0,0.0,0.0,0.0,0.0,nan,0.0,0.0,0.0,0.0,0.0,0.0,0.0,0.0,0.0,27.0,1.0,1.0,0.0,0.0,0.0,0.0,0.0,0.0,0.0,0,0.0,,0.0,0.0,0,0.0,0.0,,0.0,-0.098
1994,CL,広島東洋カープ,71473862,山田　和利,K.Yamada,49.0,87.0,70.0,11.0,14.0,2.0,0.0,0.0,16.0,7.0,1,0,6.0,1.0,10.0,0,0.0,18.0,2.0,0.2,0.296,0.229,0.525,12.0,0.028999999999999998,0.09599999999999997,0.3249999999999999,11.494252873563218,20.689655172413794,0.5555555555555556,0.2641509433962264,0.19044999999999998,372.3333333333333,0.17142857142857143,0.4482758620689655,0.2,14.0,0.0,7.0,49.0,87.0,70.0,12.0,2.0,0.0,11.0,0.296,0.229,10.0,0,0.0,,16.0,1,0,6.0,1.0,,4.8,5.252
1994,CL,阪神タイガース,71473867,御子柴　進,S.Mikoshiba,24.0,31.0,22.0,1.0,2.0,0.0,0.0,0.0,2.0,0.0,0.0,0,7.0,0.0,2.0,0,0.0,13.0,0.0,0.091,0.167,0.091,0.258,2.0,0.0,0.07600000000000001,0.167,6.451612903225806,41.935483870967744,0.15384615384615385,0.2222222222222222,0.09790000000000001,197.33333333333334,0.09090909090909091,0.2,0.091,2.0,0.0,0.0,24.0,31.0,22.0,2.0,0.0,0.0,1.0,0.167,0.091,2.0,0,0.0,,2.0,0.0,0,7.0,0.0,,0.3333333333333333,-0.2999999999999998
1994,CL,東京ヤクルトスワローズ,71473889,J.クラーク,J.Clark,99.0,415.0,376.0,61.0,110.0,15.0,1.0,20.0,187.0,53.0,3,2,0.0,2.0,23.0,0,14.0,66.0,9.0,0.293,0.354,0.497,0.851,74.0,0.20400000000000001,0.061,0.558,5.542168674698795,15.903614457831324,0.3484848484848485,0.3082191780821918,0.28354999999999997,519.6666666666666,0.2712765957446808,0.8218181818181818,0.293,110.0,20.0,53.0,99.0,415.0,376.0,74.0,15.0,1.0,61.0,0.354,0.497,23.0,0,14.0,,187.0,3,2,0.0,2.0,,62.333333333333336,64.142
1994,CL,読売ジャイアンツ,71573881,柏田　貴史,T.Kashiwada,16.0,2.0,1.0,0.0,0.0,0.0,0.0,0.0,0.0,0.0,0.0,0,1.0,0.0,0.0,0,0.0,1.0,0.0,0.0,0.0,0.0,0.0,0.0,0.0,0.0,0.0,0.0,50.0,0.0,nan,0.0,0.0,0.0,0.0,0.0,0.0,0.0,0.0,16.0,2.0,1.0,0.0,0.0,0.0,0.0,0.0,0.0,0.0,0,0.0,,0.0,0.0,0,1.0,0.0,,0.0,-0.098
1994,CL,東京ヤクルトスワローズ,71573883,伊林　厚志,A.Ibayashi,28.0,1.0,1.0,0.0,0.0,0.0,0.0,0.0,0.0,0.0,0.0,0,0.0,0.0,0.0,0,0.0,1.0,0.0,0.0,0.0,0.0,0.0,0.0,0.0,0.0,0.0,0.0,100.0,0.0,nan,0.0,0.0,0.0,0.0,0.0,0.0,0.0,0.0,28.0,1.0,1.0,0.0,0.0,0.0,0.0,0.0,0.0,0.0,0,0.0,,0.0,0.0,0,0.0,0.0,,0.0,-0.098
1994,CL,中日ドラゴンズ,71673881,松井　達徳,T.Matsui,44.0,74.0,68.0,1.0,15.0,2.0,0.0,0.0,17.0,5.0,0.0,0,0.0,0.0,6.0,0,0.0,18.0,1.0,0.221,0.284,0.25,0.534,13.0,0.028999999999999998,0.06299999999999997,0.3129999999999999,8.108108108108109,24.324324324324326,0.3333333333333333,0.3,0.1903,367.3333333333333,0.11764705882352941,0.42592592592592593,0.221,15.0,0.0,5.0,44.0,74.0,68.0,13.0,2.0,0.0,1.0,0.284,0.25,6.0,0,0.0,,17.0,0.0,0,0.0,0.0,,4.824324324324325,4.726
1994,CL,東京ヤクルトスワローズ,71773864,土橋　勝征,K.Dobashi,106.0,354.0,307.0,32.0,78.0,13.0,0.0,12.0,127.0,28.0,4,2,8.0,2.0,30.0,0,7.0,34.0,5.0,0.254,0.332,0.414,0.746,53.0,0.15999999999999998,0.07800000000000001,0.492,8.47457627118644,9.6045197740113,0.8823529411764706,0.2509505703422053,0.2529,470.0,0.26384364820846906,0.7094017094017094,0.254,78.0,12.0,28.0,106.0,354.0,307.0,53.0,13.0,0.0,32.0,0.332,0.414,30.0,0,7.0,,127.0,4,2,8.0,2.0,,40.70029673590504,43.267999999999994
1994,CL,阪神タイガース,71773883,山﨑　一玄,K.Yamazaki,24.0,51.0,40.0,2.0,5.0,3.0,0.0,0.0,8.0,0.0,0.0,0,11.0,0.0,0.0,0,0.0,13.0,2.0,0.125,0.125,0.2,0.325,2.0,0.07500000000000001,0.0,0.2,0.0,25.49019607843137,0.0,0.18518518518518517,0.10625000000000001,191.66666666666666,0.075,0.21621621621621623,0.125,5.0,0.0,0.0,24.0,51.0,40.0,2.0,3.0,0.0,2.0,0.125,0.2,0.0,0,0.0,,8.0,0.0,0,11.0,0.0,,1.0,-0.27
1994,CL,中日ドラゴンズ,71773885,佐野　心,K.Sano,6.0,1.0,1.0,1.0,0.0,0.0,0.0,0.0,0.0,0.0,1,0,0.0,0.0,0.0,0,0.0,1.0,0.0,0.0,0.0,0.0,0.0,0.0,0.0,0.0,0.0,0.0,100.0,0.0,nan,0.0,0.0,0.0,0.0,0.0,0.0,0.0,0.0,6.0,1.0,1.0,0.0,0.0,0.0,1.0,0.0,0.0,0.0,0,0.0,,0.0,1,0,0.0,0.0,,0.0,-0.098
1994,CL,中日ドラゴンズ,71773887,神野　純一,J.Jinno,46.0,108.0,83.0,8.0,16.0,1.0,1.0,0.0,19.0,1.0,5,1,7.0,0.0,17.0,0,1.0,23.0,2.0,0.193,0.337,0.229,0.5660000000000001,14.0,0.036000000000000004,0.14400000000000002,0.373,15.74074074074074,21.296296296296298,0.7391304347826086,0.26666666666666666,0.2089,413.3333333333333,0.25301204819277107,0.5507246376811594,0.193,16.0,0.0,1.0,46.0,108.0,83.0,14.0,1.0,1.0,8.0,0.337,0.229,17.0,0,1.0,,19.0,5,1,7.0,0.0,,6.27,8.314
1994,CL,広島東洋カープ,71873883,高橋　英樹,H.Takahashi,27.0,4.0,4.0,1.0,3.0,0.0,0.0,0.0,3.0,0.0,0.0,0,0.0,0.0,0.0,0,0.0,0.0,0.0,0.75,0.75,0.75,1.5,3.0,0.0,0.0,0.75,0.0,0.0,nan,0.75,0.525,1000.0,0.0,3.0,0.75,3.0,0.0,0.0,27.0,4.0,4.0,3.0,0.0,0.0,1.0,0.75,0.75,0.0,0,0.0,,3.0,0.0,0,0.0,0.0,,2.25,1.402
1994,CL,横浜DeNAベイスターズ,71973860,高橋　眞裕,M.Takahashi,81.0,159.0,131.0,18.0,26.0,5.0,2.0,1.0,38.0,11.0,1,2,8.0,1.0,19.0,0,0.0,21.0,1.0,0.198,0.298,0.29,0.588,18.0,0.09199999999999997,0.09999999999999998,0.3899999999999999,11.949685534591195,13.20754716981132,0.9047619047619048,0.22727272727272727,0.2066,394.6666666666667,0.25190839694656486,0.5566037735849056,0.198,26.0,1.0,11.0,81.0,159.0,131.0,18.0,5.0,2.0,18.0,0.298,0.29,19.0,0,0.0,,38.0,1,2,8.0,1.0,,11.4,12.459999999999999
1994,CL,阪神タイガース,71973865,平田　勝男,K.Hirata,1.0,1.0,0.0,0.0,0.0,0.0,0.0,0.0,0.0,0.0,0.0,0,1.0,0.0,0.0,0,0.0,0.0,0.0,,,,0.0,0.0,0.0,0.0,,0.0,0.0,nan,nan,0.0,0.0,nan,nan,,0.0,0.0,0.0,1.0,1.0,0.0,0.0,0.0,0.0,0.0,,,0.0,0,0.0,,0.0,0.0,0,1.0,0.0,,nan,0.0
1994,CL,横浜DeNAベイスターズ,73173883,宮川　一彦,K.Miyakawa,4.0,6.0,6.0,0.0,0.0,0.0,0.0,0.0,0.0,0.0,0.0,0,0.0,0.0,0.0,0,0.0,4.0,0.0,0.0,0.0,0.0,0.0,0.0,0.0,0.0,0.0,0.0,66.66666666666666,0.0,0.0,0.0,0.0,0.0,0.0,0.0,0.0,0.0,0.0,4.0,6.0,6.0,0.0,0.0,0.0,0.0,0.0,0.0,0.0,0,0.0,,0.0,0.0,0,0.0,0.0,,0.0,-0.5880000000000001
1994,CL,阪神タイガース,73373868,岩田　徹,T.Iwata,1.0,1.0,1.0,0.0,0.0,0.0,0.0,0.0,0.0,0.0,0.0,0,0.0,0.0,0.0,0,0.0,0.0,0.0,0.0,0.0,0.0,0.0,0.0,0.0,0.0,0.0,0.0,0.0,nan,0.0,0.0,0.0,0.0,0.0,0.0,0.0,0.0,0.0,1.0,1.0,1.0,0.0,0.0,0.0,0.0,0.0,0.0,0.0,0,0.0,,0.0,0.0,0,0.0,0.0,,0.0,-0.098
1994,CL,中日ドラゴンズ,73373881,種田　仁,H.Taneda,41.0,139.0,120.0,14.0,19.0,5.0,1.0,3.0,35.0,10.0,6,0,7.0,1.0,11.0,0,0.0,27.0,7.0,0.158,0.227,0.292,0.519,10.0,0.13399999999999998,0.069,0.361,7.913669064748201,19.424460431654676,0.4074074074074074,0.17582417582417584,0.17515,324.33333333333337,0.225,0.42592592592592593,0.158,19.0,3.0,10.0,41.0,139.0,120.0,10.0,5.0,1.0,14.0,0.227,0.292,11.0,0,0.0,,35.0,6,0,7.0,1.0,,8.01526717557252,7.692
1994,CL,阪神タイガース,73573868,星野　おさむ,O.Hoshino,1.0,0.0,0.0,0.0,0.0,0.0,0.0,0.0,0.0,0.0,0.0,0,0.0,0.0,0.0,0,0.0,0.0,0.0,,,,0.0,0.0,0.0,0.0,,nan,nan,nan,nan,0.0,0.0,nan,nan,,0.0,0.0,0.0,1.0,0.0,0.0,0.0,0.0,0.0,0.0,,,0.0,0,0.0,,0.0,0.0,0,0.0,0.0,,nan,0.0
1994,CL,東京ヤクルトスワローズ,73973868,広永　益隆,Y.Hironaga,44.0,49.0,42.0,1.0,10.0,2.0,0.0,1.0,15.0,2.0,0.0,0,0.0,0.0,7.0,0,0.0,14.0,2.0,0.238,0.347,0.357,0.704,7.0,0.119,0.10899999999999999,0.4659999999999999,14.285714285714285,28.57142857142857,0.5,0.3333333333333333,0.24539999999999998,465.99999999999994,0.2857142857142857,0.6470588235294118,0.238,10.0,1.0,2.0,44.0,49.0,42.0,7.0,2.0,0.0,1.0,0.347,0.357,7.0,0,0.0,,15.0,0.0,0,0.0,0.0,,5.204081632653061,5.553999999999999
1994,CL,横浜DeNAベイスターズ,75373868,中村　日出夫,H.Nakamura,18.0,18.0,17.0,1.0,2.0,0.0,0.0,0.0,2.0,1.0,0.0,0,0.0,0.0,1.0,0,0.0,8.0,1.0,0.118,0.167,0.118,0.28500000000000003,2.0,0.0,0.049000000000000016,0.167,5.555555555555555,44.44444444444444,0.125,0.2222222222222222,0.10465,206.33333333333334,0.058823529411764705,0.1875,0.118,2.0,0.0,1.0,18.0,18.0,17.0,2.0,0.0,0.0,1.0,0.167,0.118,1.0,0,0.0,,2.0,0.0,0,0.0,0.0,,0.3333333333333333,-0.1399999999999999
1994,CL,横浜DeNAベイスターズ,75573868,田辺　学,M.Tanabe,35.0,30.0,27.0,1.0,4.0,0.0,0.0,0.0,4.0,0.0,0.0,0,1.0,0.0,2.0,0,0.0,17.0,0.0,0.148,0.207,0.148,0.355,4.0,0.0,0.059,0.207,6.666666666666667,56.666666666666664,0.11764705882352941,0.4,0.13015,256.3333333333333,0.07407407407407407,0.2608695652173913,0.148,4.0,0.0,0.0,35.0,30.0,27.0,4.0,0.0,0.0,1.0,0.207,0.148,2.0,0,0.0,,4.0,0.0,0,1.0,0.0,,0.8275862068965517,0.40600000000000014
1994,CL,横浜DeNAベイスターズ,81083864,森山　良二,R.Moriyama,19.0,4.0,3.0,0.0,2.0,0.0,0.0,0.0,2.0,1.0,0.0,0,1.0,0.0,0.0,0,0.0,1.0,0.0,0.667,0.667,0.667,1.334,2.0,0.0,0.0,0.667,0.0,25.0,0.0,1.0,0.46690000000000004,889.3333333333334,0.0,2.0,0.667,2.0,0.0,1.0,19.0,4.0,3.0,2.0,0.0,0.0,0.0,0.667,0.667,0.0,0,0.0,,2.0,0.0,0,1.0,0.0,,1.3333333333333333,0.902
1994,CL,読売ジャイアンツ,81183848,落合　博満,H.Ochiai,129.0,540.0,447.0,53.0,125.0,19.0,0.0,15.0,189.0,68.0,0.0,0,0.0,6.0,81.0,0,6.0,56.0,13.0,0.28,0.393,0.423,0.8160000000000001,91.0,0.14299999999999996,0.11299999999999999,0.536,15.0,10.37037037037037,1.4464285714285714,0.2879581151832461,0.2826,534.0,0.3243847874720358,0.8238805970149253,0.28,125.0,15.0,68.0,129.0,540.0,447.0,91.0,19.0,0.0,53.0,0.393,0.423,81.0,0,6.0,,189.0,0.0,0,0.0,6.0,,73.73863636363636,77.93400000000001
1994,CL,阪神タイガース,81183863,石嶺　和彦,K.Ishimine,130.0,502.0,467.0,39.0,115.0,17.0,1.0,17.0,185.0,77.0,1.0,1,0.0,9.0,22.0,0,4.0,82.0,14.0,0.246,0.281,0.396,0.677,80.0,0.15000000000000002,0.03500000000000003,0.431,4.382470119521913,16.334661354581673,0.2682926829268293,0.259946949602122,0.22545,413.00000000000006,0.19914346895074947,0.5792349726775956,0.246,115.0,17.0,77.0,130.0,502.0,467.0,80.0,17.0,1.0,39.0,0.281,0.396,22.0,0,4.0,,185.0,1.0,1,0.0,9.0,,51.830265848670756,52.02400000000001
1994,CL,東京ヤクルトスワローズ,81183869,池山　隆寛,T.Ikeyama,99.0,402.0,362.0,46.0,94.0,16.0,0.0,19.0,167.0,55.0,8,2,0.0,4.0,35.0,0,1.0,83.0,9.0,0.26,0.323,0.461,0.784,59.0,0.201,0.063,0.524,8.706467661691542,20.64676616915423,0.42168674698795183,0.2840909090909091,0.2606,476.6666666666667,0.30386740331491713,0.740072202166065,0.26,94.0,19.0,55.0,99.0,402.0,362.0,59.0,16.0,0.0,46.0,0.323,0.461,35.0,0,1.0,,167.0,8,2,0.0,4.0,,54.26448362720403,54.355999999999995
1994,CL,中日ドラゴンズ,81183887,伊礼　忠彦,T.Irei,6.0,3.0,3.0,1.0,1.0,0.0,0.0,0.0,1.0,0.0,0.0,0,0.0,0.0,0.0,0,0.0,1.0,0.0,0.333,0.333,0.333,0.666,1.0,0.0,0.0,0.333,0.0,33.33333333333333,0.0,0.5,0.23310000000000003,444.0,0.0,0.5,0.333,1.0,0.0,0.0,6.0,3.0,3.0,1.0,0.0,0.0,1.0,0.333,0.333,0.0,0,0.0,,1.0,0.0,0,0.0,0.0,,0.3333333333333333,0.304
1994,CL,横浜DeNAベイスターズ,81183889,大家　友和,T.Ooka,17.0,3.0,3.0,0.0,0.0,0.0,0.0,0.0,0.0,0.0,0.0,0,0.0,0.0,0.0,0,0.0,2.0,0.0,0.0,0.0,0.0,0.0,0.0,0.0,0.0,0.0,0.0,66.66666666666666,0.0,0.0,0.0,0.0,0.0,0.0,0.0,0.0,0.0,0.0,17.0,3.0,3.0,0.0,0.0,0.0,0.0,0.0,0.0,0.0,0,0.0,,0.0,0.0,0,0.0,0.0,,0.0,-0.29400000000000004
1994,CL,読売ジャイアンツ,81283868,橋本　清,K.Hashimoto,52.0,4.0,4.0,0.0,0.0,0.0,0.0,0.0,0.0,0.0,0.0,0,0.0,0.0,0.0,0,0.0,2.0,0.0,0.0,0.0,0.0,0.0,0.0,0.0,0.0,0.0,0.0,50.0,0.0,0.0,0.0,0.0,0.0,0.0,0.0,0.0,0.0,0.0,52.0,4.0,4.0,0.0,0.0,0.0,0.0,0.0,0.0,0.0,0,0.0,,0.0,0.0,0,0.0,0.0,,0.0,-0.392
1994,CL,読売ジャイアンツ,81283869,村田　真一,S.Murata,120.0,380.0,330.0,29.0,82.0,12.0,0.0,10.0,124.0,41.0,1.0,1,5.0,3.0,36.0,0,6.0,88.0,5.0,0.248,0.331,0.376,0.7070000000000001,60.0,0.128,0.08300000000000002,0.459,9.473684210526317,23.157894736842106,0.4090909090909091,0.30638297872340425,0.24295,456.33333333333337,0.23939393939393938,0.6600790513833992,0.248,82.0,10.0,41.0,120.0,380.0,330.0,60.0,12.0,0.0,29.0,0.331,0.376,36.0,0,6.0,,124.0,1.0,1,5.0,3.0,,39.978142076502735,42.77600000000001
1994,CL,阪神タイガース,81283887,山下　和輝,K.Yamashita,2.0,2.0,2.0,0.0,1.0,0.0,0.0,0.0,1.0,0.0,0.0,0,0.0,0.0,0.0,0,0.0,0.0,0.0,0.5,0.5,0.5,1.0,1.0,0.0,0.0,0.5,0.0,0.0,nan,0.5,0.35,666.6666666666666,0.0,1.0,0.5,1.0,0.0,0.0,2.0,2.0,2.0,1.0,0.0,0.0,0.0,0.5,0.5,0.0,0,0.0,,1.0,0.0,0,0.0,0.0,,0.5,0.402
1994,CL,阪神タイガース,81283889,R.ディアー,R.Deer,70.0,226.0,192.0,21.0,29.0,4.0,0.0,8.0,57.0,21.0,0.0,0,0.0,0.0,32.0,0,2.0,76.0,4.0,0.151,0.279,0.297,0.5760000000000001,17.0,0.146,0.12800000000000003,0.425,14.15929203539823,33.6283185840708,0.42105263157894735,0.19444444444444445,0.19980000000000003,378.0,0.3125,0.5449101796407185,0.151,29.0,8.0,21.0,70.0,226.0,192.0,17.0,4.0,0.0,21.0,0.279,0.297,32.0,0,2.0,,57.0,0.0,0,0.0,0.0,,15.522321428571429,18.145999999999997
1994,CL,読売ジャイアンツ,81383844,篠塚　和典,K.Shinozuka,57.0,161.0,147.0,22.0,35.0,5.0,0.0,2.0,46.0,13.0,0.0,0,3.0,1.0,9.0,0,1.0,15.0,5.0,0.238,0.285,0.313,0.598,28.0,0.07500000000000001,0.046999999999999986,0.36,5.590062111801243,9.316770186335404,0.6,0.25190839694656486,0.20650000000000002,389.3333333333333,0.1360544217687075,0.47863247863247865,0.238,35.0,2.0,13.0,57.0,161.0,147.0,28.0,5.0,0.0,22.0,0.285,0.313,9.0,0,1.0,,46.0,0.0,0,3.0,1.0,,12.974358974358974,12.804
1994,CL,読売ジャイアンツ,81383860,岸川　勝也,K.Kishikawa,25.0,39.0,34.0,5.0,7.0,1.0,0.0,1.0,11.0,5.0,0.0,0,0.0,0.0,5.0,0,0.0,7.0,1.0,0.206,0.308,0.324,0.632,5.0,0.11800000000000002,0.10200000000000001,0.426,12.82051282051282,17.94871794871795,0.7142857142857143,0.23076923076923078,0.21960000000000002,416.0,0.2647058823529412,0.5714285714285714,0.206,7.0,1.0,5.0,25.0,39.0,34.0,5.0,1.0,0.0,5.0,0.308,0.324,5.0,0,0.0,,11.0,0.0,0,0.0,0.0,,3.3846153846153846,3.6640000000000006
1994,CL,中日ドラゴンズ,81383863,郭　源治,G.Kaku,21.0,52.0,46.0,1.0,4.0,0.0,0.0,0.0,4.0,1.0,0.0,0,4.0,0.0,2.0,0,0.0,21.0,0.0,0.087,0.125,0.087,0.212,4.0,0.0,0.038000000000000006,0.125,3.8461538461538463,40.38461538461539,0.09523809523809523,0.16,0.078,154.0,0.043478260869565216,0.14285714285714285,0.087,4.0,0.0,1.0,21.0,52.0,46.0,4.0,0.0,0.0,1.0,0.125,0.087,2.0,0,0.0,,4.0,0.0,0,4.0,0.0,,0.5,-1.4560000000000004
1994,CL,東京ヤクルトスワローズ,81383866,橋上　秀樹,H.Hashigami,7.0,7.0,7.0,0.0,1.0,0.0,0.0,0.0,1.0,1.0,0.0,0,0.0,0.0,0.0,0,0.0,2.0,0.0,0.143,0.143,0.143,0.286,1.0,0.0,0.0,0.143,0.0,28.57142857142857,0.0,0.2,0.1001,190.66666666666666,0.0,0.16666666666666666,0.143,1.0,0.0,1.0,7.0,7.0,7.0,1.0,0.0,0.0,0.0,0.143,0.143,0.0,0,0.0,,1.0,0.0,0,0.0,0.0,,0.14285714285714285,-0.08800000000000008
1994,CL,横浜DeNAベイスターズ,81383889,河原　隆一,R.Kawahara,1.0,0.0,0.0,0.0,0.0,0.0,0.0,0.0,0.0,0.0,0.0,0,0.0,0.0,0.0,0,0.0,0.0,0.0,,,,0.0,0.0,0.0,0.0,,nan,nan,nan,nan,0.0,0.0,nan,nan,,0.0,0.0,0.0,1.0,0.0,0.0,0.0,0.0,0.0,0.0,,,0.0,0,0.0,,0.0,0.0,0,0.0,0.0,,nan,0.0
1994,CL,広島東洋カープ,81583866,緒方　孝市,K.Ogata,57.0,141.0,126.0,16.0,35.0,2.0,2.0,5.0,56.0,14.0,12,5,2.0,1.0,10.0,0,2.0,25.0,3.0,0.278,0.338,0.444,0.782,26.0,0.16599999999999998,0.06,0.504,7.092198581560284,17.73049645390071,0.4,0.30927835051546393,0.2631,486.0,0.2857142857142857,0.776595744680851,0.278,35.0,5.0,14.0,57.0,141.0,126.0,26.0,2.0,2.0,16.0,0.338,0.444,10.0,0,2.0,,56.0,12,5,2.0,1.0,,18.529411764705884,19.662
1994,CL,読売ジャイアンツ,81583869,斎藤　雅樹,M.Saitou,32.0,75.0,63.0,4.0,4.0,2.0,0.0,0.0,6.0,1.0,0.0,0,7.0,1.0,4.0,0,0.0,31.0,0.0,0.063,0.118,0.095,0.213,2.0,0.032,0.05499999999999999,0.15,5.333333333333334,41.333333333333336,0.12903225806451613,0.12121212121212122,0.07685,149.66666666666666,0.09523809523809523,0.1694915254237288,0.063,4.0,0.0,1.0,32.0,75.0,63.0,2.0,2.0,0.0,4.0,0.118,0.095,4.0,0,0.0,,6.0,0.0,0,7.0,1.0,,0.7164179104477612,-2.0220000000000002
1994,CL,横浜DeNAベイスターズ,81683887,G.ブラッグス,G.Braggs,122.0,534.0,448.0,84.0,141.0,25.0,1.0,35.0,273.0,91.0,1,0,0.0,6.0,68.0,0,12.0,83.0,14.0,0.315,0.414,0.609,1.023,80.0,0.294,0.09899999999999998,0.708,12.734082397003746,15.543071161048688,0.8192771084337349,0.31547619047619047,0.33855,617.0,0.44642857142857145,1.0996884735202492,0.315,141.0,35.0,91.0,122.0,534.0,448.0,80.0,25.0,1.0,84.0,0.414,0.609,68.0,0,12.0,,273.0,1,0,0.0,6.0,,110.57558139534883,105.754
1994,CL,読売ジャイアンツ,81783865,西岡　良洋,Y.Nishioka,33.0,27.0,23.0,1.0,2.0,0.0,0.0,0.0,2.0,1.0,0,1,2.0,0.0,2.0,0,0.0,2.0,0.0,0.087,0.16,0.087,0.247,2.0,0.0,0.07300000000000001,0.16,7.4074074074074066,7.4074074074074066,1.0,0.09523809523809523,0.09375,189.0,0.13043478260869565,0.23809523809523808,0.087,2.0,0.0,1.0,33.0,27.0,23.0,2.0,0.0,0.0,1.0,0.16,0.087,2.0,0,0.0,,2.0,0,1,2.0,0.0,,0.32,-0.2180000000000002
1994,CL,横浜DeNAベイスターズ,81783868,島田　直也,N.Shimada,50.0,30.0,20.0,1.0,4.0,0.0,0.0,0.0,4.0,3.0,0.0,0,6.0,0.0,4.0,0,0.0,5.0,0.0,0.2,0.333,0.2,0.533,4.0,0.0,0.133,0.333,13.333333333333334,16.666666666666664,0.8,0.26666666666666666,0.19985000000000003,399.6666666666667,0.2,0.5,0.2,4.0,0.0,3.0,50.0,30.0,20.0,4.0,0.0,0.0,1.0,0.333,0.2,4.0,0,0.0,,4.0,0.0,0,6.0,0.0,,1.3333333333333333,1.7520000000000002
1994,CL,中日ドラゴンズ,81883881,与田　剛士,T.Yoda,7.0,4.0,2.0,0.0,0.0,0.0,0.0,0.0,0.0,0.0,0.0,0,2.0,0.0,0.0,0,0.0,1.0,0.0,0.0,0.0,0.0,0.0,0.0,0.0,0.0,0.0,0.0,25.0,0.0,0.0,0.0,0.0,0.0,0.0,0.0,0.0,0.0,0.0,7.0,4.0,2.0,0.0,0.0,0.0,0.0,0.0,0.0,0.0,0,0.0,,0.0,0.0,0,2.0,0.0,,0.0,-0.196
1994,CL,横浜DeNAベイスターズ,81883883,水尾　嘉孝,Y.Mizuo,13.0,1.0,1.0,0.0,0.0,0.0,0.0,0.0,0.0,0.0,0.0,0,0.0,0.0,0.0,0,0.0,1.0,0.0,0.0,0.0,0.0,0.0,0.0,0.0,0.0,0.0,0.0,100.0,0.0,nan,0.0,0.0,0.0,0.0,0.0,0.0,0.0,0.0,13.0,1.0,1.0,0.0,0.0,0.0,0.0,0.0,0.0,0.0,0,0.0,,0.0,0.0,0,0.0,0.0,,0.0,-0.098
1994,CL,読売ジャイアンツ,81983864,福王　昭仁,A.Fukuou,32.0,34.0,33.0,5.0,8.0,0.0,2.0,1.0,15.0,3.0,0.0,0,1.0,0.0,0.0,0,0.0,6.0,0.0,0.242,0.242,0.455,0.6970000000000001,5.0,0.21300000000000002,0.0,0.455,0.0,17.647058823529413,0.0,0.2692307692307692,0.22265000000000001,393.6666666666667,0.21212121212121213,0.6,0.242,8.0,1.0,3.0,32.0,34.0,33.0,5.0,0.0,2.0,5.0,0.242,0.455,0.0,0,0.0,,15.0,0.0,0,1.0,0.0,,3.6363636363636362,3.5699999999999994
1994,CL,広島東洋カープ,83283868,佐藤　裕幸,H.Satou,2.0,5.0,5.0,0.0,1.0,1.0,0.0,0.0,2.0,0.0,0.0,0,0.0,0.0,0.0,0,0.0,1.0,0.0,0.2,0.2,0.4,0.6000000000000001,0.0,0.2,0.0,0.4,0.0,20.0,0.0,0.25,0.19,333.33333333333337,0.2,0.5,0.2,1.0,0.0,0.0,2.0,5.0,5.0,0.0,1.0,0.0,0.0,0.2,0.4,0.0,0,0.0,,2.0,0.0,0,0.0,0.0,,0.4,0.32799999999999996
1994,CL,阪神タイガース,83383868,鮎川　義文,Y.Ayukawa,55.0,162.0,140.0,17.0,36.0,9.0,0.0,2.0,51.0,10.0,0,2,4.0,2.0,12.0,0,4.0,32.0,2.0,0.257,0.329,0.364,0.6930000000000001,25.0,0.10699999999999998,0.07200000000000001,0.436,7.4074074074074066,19.753086419753085,0.375,0.3148148148148148,0.23905,450.33333333333337,0.20714285714285716,0.6509433962264151,0.257,36.0,2.0,10.0,55.0,162.0,140.0,25.0,9.0,0.0,17.0,0.329,0.364,12.0,0,4.0,,51.0,0,2,4.0,2.0,,16.105263157894736,17.308
1994,CL,広島東洋カープ,83783868,御船　英之,H.Mifune,36.0,124.0,108.0,11.0,31.0,5.0,1.0,1.0,41.0,13.0,0.0,0,8.0,0.0,8.0,0,0.0,20.0,5.0,0.287,0.336,0.38,0.716,24.0,0.09300000000000003,0.049000000000000044,0.429,6.451612903225806,16.129032258064516,0.4,0.3448275862068966,0.2462,462.6666666666667,0.16666666666666666,0.5975609756097561,0.287,31.0,1.0,13.0,36.0,124.0,108.0,24.0,5.0,1.0,11.0,0.336,0.38,8.0,0,0.0,,41.0,0.0,0,8.0,0.0,,13.78448275862069,13.174000000000003
1994,CL,横浜DeNAベイスターズ,85583868,谷繁　元信,M.Tanishige,129.0,415.0,359.0,29.0,82.0,19.0,2.0,5.0,120.0,36.0,0,1,8.0,1.0,42.0,0,5.0,94.0,8.0,0.228,0.317,0.334,0.651,56.0,0.10600000000000001,0.089,0.423,10.120481927710843,22.650602409638555,0.44680851063829785,0.2950191570881226,0.22615000000000002,428.33333333333337,0.22562674094707522,0.5894736842105263,0.228,82.0,5.0,36.0,129.0,415.0,359.0,56.0,19.0,2.0,29.0,0.317,0.334,42.0,0,5.0,,120.0,0,1,8.0,1.0,,37.1072319201995,39.504000000000005
1994,CL,広島東洋カープ,91093867,西田　真二,S.Nishida,41.0,40.0,36.0,0.0,8.0,0.0,0.0,0.0,8.0,8.0,0.0,0,0.0,1.0,3.0,0,0.0,9.0,4.0,0.222,0.275,0.222,0.497,8.0,0.0,0.05300000000000002,0.275,7.5,22.5,0.3333333333333333,0.2857142857142857,0.17925000000000002,349.00000000000006,0.08333333333333333,0.34375,0.222,8.0,0.0,8.0,41.0,40.0,36.0,8.0,0.0,0.0,0.0,0.275,0.222,3.0,0,0.0,,8.0,0.0,0,0.0,1.0,,2.2564102564102564,2.246
1994,CL,中日ドラゴンズ,91093869,仁村　徹,T.Nimura,99.0,342.0,306.0,31.0,79.0,8.0,2.0,4.0,103.0,30.0,3,2,4.0,3.0,27.0,0,2.0,56.0,8.0,0.258,0.32,0.337,0.657,65.0,0.07900000000000001,0.062,0.399,7.894736842105263,16.374269005847953,0.48214285714285715,0.30120481927710846,0.22825,432.33333333333337,0.17320261437908496,0.5702127659574469,0.258,79.0,4.0,30.0,99.0,342.0,306.0,65.0,8.0,2.0,31.0,0.32,0.337,27.0,0,2.0,,103.0,3,2,4.0,3.0,,32.786786786786784,33.78399999999999
1994,CL,広島東洋カープ,91193844,大野　豊,Y.Oono,43.0,1.0,1.0,0.0,0.0,0.0,0.0,0.0,0.0,0.0,0.0,0,0.0,0.0,0.0,0,0.0,1.0,0.0,0.0,0.0,0.0,0.0,0.0,0.0,0.0,0.0,0.0,100.0,0.0,nan,0.0,0.0,0.0,0.0,0.0,0.0,0.0,0.0,43.0,1.0,1.0,0.0,0.0,0.0,0.0,0.0,0.0,0.0,0,0.0,,0.0,0.0,0,0.0,0.0,,0.0,-0.098
1994,CL,東京ヤクルトスワローズ,91193862,伊東　昭光,A.Itou,33.0,59.0,47.0,2.0,7.0,1.0,0.0,1.0,11.0,4.0,0.0,0,7.0,0.0,5.0,0,0.0,17.0,2.0,0.149,0.231,0.234,0.465,5.0,0.08500000000000002,0.08200000000000002,0.316,8.47457627118644,28.8135593220339,0.29411764705882354,0.20689655172413793,0.16245,309.0,0.19148936170212766,0.38095238095238093,0.149,7.0,1.0,4.0,33.0,59.0,47.0,5.0,1.0,0.0,2.0,0.231,0.234,5.0,0,0.0,,11.0,0.0,0,7.0,0.0,,2.5384615384615383,2.3900000000000006
1994,CL,中日ドラゴンズ,91193866,小森　哲也,T.Komori,14.0,38.0,30.0,4.0,10.0,1.0,0.0,0.0,11.0,2.0,1,2,5.0,0.0,2.0,0,1.0,5.0,0.0,0.333,0.394,0.367,0.761,9.0,0.033999999999999975,0.061,0.428,5.263157894736842,13.157894736842104,0.4,0.4,0.26905,516.3333333333333,0.16666666666666666,0.8,0.333,10.0,0.0,2.0,14.0,38.0,30.0,9.0,1.0,0.0,4.0,0.394,0.367,2.0,0,1.0,,11.0,1,2,5.0,0.0,,4.125,4.61
1994,CL,広島東洋カープ,91193887,池田　郁夫,I.Ikeda,2.0,1.0,1.0,0.0,0.0,0.0,0.0,0.0,0.0,0.0,0.0,0,0.0,0.0,0.0,0,0.0,0.0,0.0,0.0,0.0,0.0,0.0,0.0,0.0,0.0,0.0,0.0,0.0,nan,0.0,0.0,0.0,0.0,0.0,0.0,0.0,0.0,0.0,2.0,1.0,1.0,0.0,0.0,0.0,0.0,0.0,0.0,0.0,0,0.0,,0.0,0.0,0,0.0,0.0,,0.0,-0.098
1994,CL,東京ヤクルトスワローズ,91293864,山田　勉,T.Yamada,36.0,21.0,17.0,1.0,2.0,0.0,0.0,0.0,2.0,1.0,0.0,0,3.0,0.0,1.0,0,0.0,5.0,1.0,0.118,0.167,0.118,0.28500000000000003,2.0,0.0,0.049000000000000016,0.167,4.761904761904762,23.809523809523807,0.2,0.16666666666666666,0.10465,206.33333333333334,0.058823529411764705,0.1875,0.118,2.0,0.0,1.0,36.0,21.0,17.0,2.0,0.0,0.0,1.0,0.167,0.118,1.0,0,0.0,,2.0,0.0,0,3.0,0.0,,0.3333333333333333,-0.1399999999999999
1994,CL,東京ヤクルトスワローズ,91293881,野口　寿浩,T.Noguchi,63.0,156.0,141.0,8.0,38.0,5.0,1.0,0.0,45.0,10.0,3,1,3.0,1.0,9.0,0,2.0,25.0,4.0,0.27,0.32,0.319,0.639,32.0,0.04899999999999999,0.04999999999999999,0.369,5.769230769230769,16.025641025641026,0.36,0.3247863247863248,0.22375,426.3333333333333,0.12056737588652482,0.5327102803738317,0.27,38.0,0.0,10.0,63.0,156.0,141.0,32.0,5.0,1.0,8.0,0.32,0.319,9.0,0,2.0,,45.0,3,1,3.0,1.0,,14.1,14.355999999999998
1994,CL,阪神タイガース,91293885,萩原　誠,M.Hagiwara,20.0,25.0,24.0,2.0,2.0,1.0,0.0,0.0,3.0,0.0,1.0,1,0.0,0.0,1.0,0,0.0,7.0,0.0,0.083,0.12,0.125,0.245,1.0,0.041999999999999996,0.03699999999999999,0.1619999999999999,4.0,28.000000000000004,0.14285714285714285,0.11764705882352941,0.08524999999999999,161.66666666666666,0.125,0.22727272727272727,0.083,2.0,0.0,0.0,20.0,25.0,24.0,1.0,1.0,0.0,2.0,0.12,0.125,1.0,0,0.0,,3.0,1.0,1,0.0,0.0,,0.36,-0.42600000000000016
1994,CL,東京ヤクルトスワローズ,91293887,真中　満,M.Manaka,27.0,82.0,76.0,9.0,25.0,3.0,1.0,1.0,33.0,6.0,0.0,0,2.0,1.0,3.0,0,0.0,12.0,0.0,0.329,0.35,0.434,0.784,20.0,0.10499999999999998,0.020999999999999963,0.4549999999999999,3.6585365853658534,14.634146341463413,0.25,0.375,0.266,494.66666666666663,0.14473684210526316,0.7058823529411765,0.329,25.0,1.0,6.0,27.0,82.0,76.0,20.0,3.0,1.0,9.0,0.35,0.434,3.0,0,0.0,,33.0,0.0,0,2.0,1.0,,11.69620253164557,10.631999999999998
1994,CL,広島東洋カープ,91393842,北別府　学,M.Kitabeppu,11.0,17.0,14.0,0.0,0.0,0.0,0.0,0.0,0.0,1.0,0.0,0,2.0,0.0,1.0,0,0.0,8.0,1.0,0.0,0.067,0.0,0.067,0.0,0.0,0.067,0.067,5.88235294117647,47.05882352941176,0.125,0.0,0.030150000000000003,67.0,0.07142857142857142,0.06666666666666667,0.0,0.0,0.0,1.0,11.0,17.0,14.0,0.0,0.0,0.0,0.0,0.067,0.0,1.0,0,0.0,,0.0,0.0,0,2.0,0.0,,0.0,-1.042
1994,CL,読売ジャイアンツ,91393862,岡田　展和,H.Okada,41.0,8.0,7.0,0.0,1.0,0.0,0.0,0.0,1.0,0.0,0.0,0,1.0,0.0,0.0,0,0.0,3.0,0.0,0.143,0.143,0.143,0.286,1.0,0.0,0.0,0.143,0.0,37.5,0.0,0.25,0.1001,190.66666666666666,0.0,0.16666666666666666,0.143,1.0,0.0,0.0,41.0,8.0,7.0,1.0,0.0,0.0,0.0,0.143,0.143,0.0,0,0.0,,1.0,0.0,0,1.0,0.0,,0.14285714285714285,-0.08800000000000008
1994,CL,東京ヤクルトスワローズ,91393865,金澤　次男,T.Kanazawa,23.0,2.0,2.0,0.0,0.0,0.0,0.0,0.0,0.0,0.0,0.0,0,0.0,0.0,0.0,0,0.0,2.0,0.0,0.0,0.0,0.0,0.0,0.0,0.0,0.0,0.0,0.0,100.0,0.0,nan,0.0,0.0,0.0,0.0,0.0,0.0,0.0,0.0,23.0,2.0,2.0,0.0,0.0,0.0,0.0,0.0,0.0,0.0,0,0.0,,0.0,0.0,0,0.0,0.0,,0.0,-0.196
1994,CL,東京ヤクルトスワローズ,91493881,広沢　好輝,Y.Hirosawa,4.0,6.0,6.0,0.0,1.0,0.0,0.0,0.0,1.0,0.0,0.0,0,0.0,0.0,0.0,0,0.0,0.0,0.0,0.167,0.167,0.167,0.334,1.0,0.0,0.0,0.167,0.0,0.0,nan,0.16666666666666666,0.1169,222.66666666666669,0.0,0.2,0.167,1.0,0.0,0.0,4.0,6.0,6.0,1.0,0.0,0.0,0.0,0.167,0.167,0.0,0,0.0,,1.0,0.0,0,0.0,0.0,,0.16666666666666666,0.010000000000000009
1994,CL,広島東洋カープ,91493885,町田　公二郎,K.Machida,18.0,32.0,26.0,0.0,2.0,0.0,0.0,0.0,2.0,1.0,0.0,0,0.0,0.0,6.0,0,0.0,7.0,0.0,0.077,0.25,0.077,0.327,2.0,0.0,0.173,0.25,18.75,21.875,0.8571428571428571,0.10526315789473684,0.13175,275.6666666666667,0.23076923076923078,0.3333333333333333,0.077,2.0,0.0,1.0,18.0,32.0,26.0,2.0,0.0,0.0,0.0,0.25,0.077,6.0,0,0.0,,2.0,0.0,0,0.0,0.0,,0.5,0.6279999999999997
1994,CL,横浜DeNAベイスターズ,91593866,進藤　達哉,T.Shindou,80.0,327.0,283.0,34.0,67.0,14.0,2.0,4.0,97.0,23.0,3,5,6.0,2.0,34.0,0,2.0,40.0,6.0,0.237,0.321,0.343,0.664,47.0,0.10600000000000004,0.08400000000000002,0.427,10.397553516819572,12.232415902140673,0.85,0.26141078838174275,0.23020000000000002,435.33333333333337,0.24381625441696114,0.6216216216216216,0.237,67.0,4.0,23.0,80.0,327.0,283.0,47.0,14.0,2.0,34.0,0.321,0.343,34.0,0,2.0,,97.0,3,5,6.0,2.0,,30.905362776025235,33.032
1994,CL,東京ヤクルトスワローズ,91593889,斎藤　充弘,M.Saitou,1.0,1.0,1.0,0.0,0.0,0.0,0.0,0.0,0.0,0.0,0.0,0,0.0,0.0,0.0,0,0.0,0.0,0.0,0.0,0.0,0.0,0.0,0.0,0.0,0.0,0.0,0.0,0.0,nan,0.0,0.0,0.0,0.0,0.0,0.0,0.0,0.0,0.0,1.0,1.0,1.0,0.0,0.0,0.0,0.0,0.0,0.0,0.0,0,0.0,,0.0,0.0,0,0.0,0.0,,0.0,-0.098
1994,CL,中日ドラゴンズ,91693881,松永　幸男,Y.Matsunaga,4.0,0.0,0.0,0.0,0.0,0.0,0.0,0.0,0.0,0.0,0.0,0,0.0,0.0,0.0,0,0.0,0.0,0.0,,,,0.0,0.0,0.0,0.0,,nan,nan,nan,nan,0.0,0.0,nan,nan,,0.0,0.0,0.0,4.0,0.0,0.0,0.0,0.0,0.0,0.0,,,0.0,0,0.0,,0.0,0.0,0,0.0,0.0,,nan,0.0
1994,CL,阪神タイガース,91693885,弓長　起浩,T.Yuminaga,55.0,5.0,4.0,0.0,0.0,0.0,0.0,0.0,0.0,0.0,0.0,0,0.0,0.0,1.0,0,0.0,1.0,0.0,0.0,0.2,0.0,0.2,0.0,0.0,0.2,0.2,20.0,20.0,1.0,0.0,0.09000000000000001,200.0,0.25,0.25,0.0,0.0,0.0,0.0,55.0,5.0,4.0,0.0,0.0,0.0,0.0,0.2,0.0,1.0,0,0.0,,0.0,0.0,0,0.0,0.0,,0.0,-0.062
1994,CL,広島東洋カープ,91793860,正田　耕三,K.Shouda,122.0,526.0,464.0,55.0,130.0,6.0,0.0,5.0,151.0,34.0,3.0,3,24.0,2.0,35.0,0,1.0,31.0,5.0,0.28,0.331,0.325,0.656,119.0,0.044999999999999984,0.05099999999999999,0.376,6.653992395437262,5.893536121673003,1.1290322580645162,0.29069767441860467,0.23020000000000002,439.33333333333337,0.1271551724137931,0.56047197640118,0.28,130.0,5.0,34.0,122.0,526.0,464.0,119.0,6.0,0.0,55.0,0.331,0.325,35.0,0,1.0,,151.0,3.0,3,24.0,2.0,,49.92985971943888,50.708
1994,CL,阪神タイガース,91793862,大門　和彦,K.Daimon,5.0,3.0,3.0,1.0,1.0,0.0,0.0,0.0,1.0,0.0,0.0,0,0.0,0.0,0.0,0,0.0,0.0,0.0,0.333,0.333,0.333,0.666,1.0,0.0,0.0,0.333,0.0,0.0,nan,0.3333333333333333,0.23310000000000003,444.0,0.0,0.5,0.333,1.0,0.0,0.0,5.0,3.0,3.0,1.0,0.0,0.0,1.0,0.333,0.333,0.0,0,0.0,,1.0,0.0,0,0.0,0.0,,0.3333333333333333,0.304
1994,CL,広島東洋カープ,91893885,M.ブラウン,M.Brown,28.0,113.0,104.0,11.0,27.0,4.0,1.0,4.0,45.0,14.0,1,2,0.0,1.0,7.0,0,1.0,19.0,6.0,0.26,0.31,0.433,0.743,18.0,0.173,0.04999999999999999,0.483,6.1946902654867255,16.8141592920354,0.3684210526315789,0.2804878048780488,0.24775000000000003,454.33333333333337,0.25961538461538464,0.6626506024096386,0.26,27.0,4.0,14.0,28.0,113.0,104.0,18.0,4.0,1.0,11.0,0.31,0.433,7.0,0,1.0,,45.0,1,2,0.0,1.0,,13.783783783783784,14.134
1994,CL,広島東洋カープ,91993860,高山　郁夫,I.Takayama,9.0,11.0,8.0,0.0,1.0,0.0,0.0,0.0,1.0,1.0,0.0,0,3.0,0.0,0.0,0,0.0,6.0,0.0,0.125,0.125,0.125,0.25,1.0,0.0,0.0,0.125,0.0,54.54545454545454,0.0,0.5,0.0875,166.66666666666666,0.0,0.14285714285714285,0.125,1.0,0.0,1.0,9.0,11.0,8.0,1.0,0.0,0.0,0.0,0.125,0.125,0.0,0,0.0,,1.0,0.0,0,3.0,0.0,,0.125,-0.18600000000000005
1994,CL,中日ドラゴンズ,91993862,中山　裕章,H.Nakayama,6.0,0.0,0.0,0.0,0.0,0.0,0.0,0.0,0.0,0.0,0.0,0,0.0,0.0,0.0,0,0.0,0.0,0.0,,,,0.0,0.0,0.0,0.0,,nan,nan,nan,nan,0.0,0.0,nan,nan,,0.0,0.0,0.0,6.0,0.0,0.0,0.0,0.0,0.0,0.0,,,0.0,0,0.0,,0.0,0.0,0,0.0,0.0,,nan,0.0
1994,CL,横浜DeNAベイスターズ,93193883,鈴木尚,T.Suzukitaka（suzuki,48.0,81.0,77.0,6.0,20.0,0.0,1.0,3.0,31.0,8.0,0,1,0.0,0.0,3.0,0,1.0,18.0,1.0,0.26,0.296,0.403,0.6990000000000001,16.0,0.14300000000000002,0.035999999999999976,0.439,3.7037037037037033,22.22222222222222,0.16666666666666666,0.30357142857142855,0.23395,430.33333333333337,0.19480519480519481,0.6206896551724138,0.26,20.0,3.0,8.0,48.0,81.0,77.0,16.0,0.0,1.0,6.0,0.296,0.403,3.0,0,1.0,,31.0,0,1,0.0,0.0,,8.9125,9.274
1994,CL,阪神タイガース,93393868,山田　勝彦,K.Yamada,58.0,114.0,103.0,8.0,21.0,2.0,0.0,3.0,32.0,8.0,2,0,4.0,1.0,6.0,0,0.0,17.0,1.0,0.204,0.245,0.311,0.556,16.0,0.10700000000000001,0.04100000000000001,0.352,5.263157894736842,14.912280701754385,0.35294117647058826,0.21428571428571427,0.188,348.6666666666667,0.1650485436893204,0.4578313253012048,0.204,21.0,3.0,8.0,58.0,114.0,103.0,16.0,2.0,0.0,8.0,0.245,0.311,6.0,0,0.0,,32.0,2,0,4.0,1.0,,7.926605504587156,7.704000000000001
1994,CL,広島東洋カープ,93793868,小早川　幸二,K.Kobayakawa,1.0,0.0,0.0,0.0,0.0,0.0,0.0,0.0,0.0,0.0,0.0,0,0.0,0.0,0.0,0,0.0,0.0,0.0,,,,0.0,0.0,0.0,0.0,,nan,nan,nan,nan,0.0,0.0,nan,nan,,0.0,0.0,0.0,1.0,0.0,0.0,0.0,0.0,0.0,0.0,,,0.0,0,0.0,,0.0,0.0,0,0.0,0.0,,nan,0.0
