year,league,team,player_id,player_name_ja,player_name_en,G,PA,AB,R,H,2B,3B,HR,TB,RBI,SB,CS,SH,SF,BB,IBB,HBP,SO,GDP,AVG,OBP,SLG,OPS,1B,IsoP,IsoD,IOPS,BB%,K%,BB/K,BABIP,GPA,NOI,SecA,TA,打率,安打,本塁打,打点,試合,打席,打数,単打,二塁打,三塁打,得点,出塁率,長打率,四球,敬遠,死球,三振,塁打,盗塁,盗塁死,犠打,犠飛,併殺打,RC,XR
1967,CL,読売ジャイアンツ,1003807,高倉　照幸,T.Takakura,73.0,249.0,226.0,30.0,62.0,8.0,2.0,15.0,119.0,44.0,0.0,0,1.0,4.0,17.0,0,0.0,34.0,11.0,0.274,0.32,0.527,0.847,37.0,0.253,0.045999999999999985,0.573,6.827309236947792,13.654618473895583,0.5,0.2596685082872928,0.27575000000000005,495.6666666666667,0.3274336283185841,0.7771428571428571,0.274,62.0,15.0,44.0,73.0,249.0,226.0,37.0,8.0,2.0,30.0,0.32,0.527,17.0,0,0.0,,119.0,0.0,0,1.0,4.0,,38.68724279835391,37.477999999999994
1967,CL,中日ドラゴンズ,1003820,菱川　章,A.Hishikawa,54.0,74.0,72.0,10.0,19.0,4.0,0.0,2.0,29.0,8.0,1.0,0,0.0,0.0,2.0,0,0.0,18.0,2.0,0.264,0.284,0.403,0.687,13.0,0.139,0.019999999999999962,0.423,2.7027027027027026,24.324324324324326,0.1111111111111111,0.3269230769230769,0.22855,418.3333333333333,0.18055555555555555,0.5818181818181818,0.264,19.0,2.0,8.0,54.0,74.0,72.0,13.0,4.0,0.0,10.0,0.284,0.403,2.0,0,0.0,,29.0,1.0,0,0.0,0.0,,8.22972972972973,7.905999999999998
1967,CL,東京ヤクルトスワローズ,11013808,巽　一,H.Tatsumi,49.0,51.0,47.0,1.0,7.0,2.0,0.0,0.0,9.0,2.0,0.0,0,2.0,0.0,2.0,0,0.0,12.0,0.0,0.149,0.184,0.191,0.375,5.0,0.04200000000000001,0.035,0.226,3.9215686274509802,23.52941176470588,0.16666666666666666,0.2,0.13055,247.66666666666666,0.0851063829787234,0.275,0.149,7.0,0.0,2.0,49.0,51.0,47.0,5.0,2.0,0.0,1.0,0.184,0.191,2.0,0,0.0,,9.0,0.0,0,2.0,0.0,,1.653061224489796,0.6799999999999997
1967,CL,阪神タイガース,11013820,野田　征稔,M.Noda,40.0,39.0,37.0,2.0,3.0,0.0,0.0,0.0,3.0,0.0,1,0,1.0,0.0,0.0,0,1.0,13.0,1.0,0.081,0.105,0.081,0.186,3.0,0.0,0.023999999999999994,0.105,0.0,33.33333333333333,0.0,0.125,0.0675,132.0,0.0,0.11428571428571428,0.081,3.0,0.0,0.0,40.0,39.0,37.0,3.0,0.0,0.0,2.0,0.105,0.081,0.0,0,1.0,,3.0,1,0,1.0,0.0,,0.24324324324324326,-1.5020000000000002
1967,CL,読売ジャイアンツ,11013825,柴田　勲,I.Shibata,126.0,541.0,470.0,88.0,135.0,15.0,2.0,18.0,208.0,50.0,70,13,1.0,3.0,64.0,0,3.0,70.0,3.0,0.287,0.374,0.443,0.817,100.0,0.15600000000000003,0.08700000000000002,0.53,11.829944547134936,12.939001848428836,0.9142857142857143,0.3038961038961039,0.27905,521.6666666666667,0.3191489361702128,0.8520710059171598,0.287,135.0,18.0,50.0,126.0,541.0,470.0,100.0,15.0,2.0,88.0,0.374,0.443,64.0,0,3.0,,208.0,70,13,1.0,3.0,,77.51310861423221,80.42
1967,CL,中日ドラゴンズ,11013829,千原　陽三郎,Y.Chihara,109.0,269.0,246.0,33.0,69.0,17.0,0.0,7.0,107.0,33.0,0,2,2.0,1.0,19.0,0,1.0,43.0,2.0,0.28,0.333,0.435,0.768,45.0,0.15499999999999997,0.05299999999999999,0.488,7.063197026022305,15.985130111524162,0.4418604651162791,0.3147208121827411,0.2586,478.0,0.23983739837398374,0.7206703910614525,0.28,69.0,7.0,33.0,109.0,269.0,246.0,45.0,17.0,0.0,33.0,0.333,0.435,19.0,0,1.0,,107.0,0,2,2.0,1.0,,35.532075471698114,34.434
1967,CL,横浜DeNAベイスターズ,1103802,秋山　登,N.Akiyama,2.0,2.0,2.0,0.0,1.0,0.0,0.0,0.0,1.0,1.0,0.0,0,0.0,0.0,0.0,0,0.0,1.0,0.0,0.5,0.5,0.5,1.0,1.0,0.0,0.0,0.5,0.0,50.0,0.0,1.0,0.35,666.6666666666666,0.0,1.0,0.5,1.0,0.0,1.0,2.0,2.0,2.0,1.0,0.0,0.0,0.0,0.5,0.5,0.0,0,0.0,,1.0,0.0,0,0.0,0.0,,0.5,0.402
1967,CL,広島東洋カープ,1103820,井上　修,O.Inoue,75.0,162.0,144.0,7.0,23.0,2.0,0.0,0.0,25.0,7.0,2.0,0,5.0,0.0,10.0,0,3.0,25.0,1.0,0.16,0.229,0.174,0.403,21.0,0.013999999999999985,0.069,0.243,6.172839506172839,15.432098765432098,0.4,0.19327731092436976,0.14655,287.00000000000006,0.09722222222222222,0.32786885245901637,0.16,23.0,0.0,7.0,75.0,162.0,144.0,21.0,2.0,0.0,7.0,0.229,0.174,10.0,0,3.0,,25.0,2.0,0,5.0,0.0,,5.357142857142857,4.731999999999999
1967,CL,東京ヤクルトスワローズ,1103822,大塚　弥寿男,Y.Ootsuka,54.0,111.0,105.0,7.0,18.0,0.0,1.0,1.0,23.0,7.0,0.0,0,1.0,1.0,4.0,0,0.0,16.0,2.0,0.171,0.2,0.219,0.41900000000000004,16.0,0.04799999999999999,0.028999999999999998,0.248,3.6036036036036037,14.414414414414415,0.25,0.19101123595505617,0.14475000000000002,273.0,0.08571428571428572,0.30337078651685395,0.171,18.0,1.0,7.0,54.0,111.0,105.0,16.0,0.0,1.0,7.0,0.2,0.219,4.0,0,0.0,,23.0,0.0,0,1.0,1.0,,4.6422018348623855,3.273999999999999
1967,CL,横浜DeNAベイスターズ,1103823,伊藤　勲,I.Itou,106.0,321.0,289.0,23.0,68.0,16.0,0.0,5.0,99.0,22.0,2.0,0,3.0,0.0,25.0,0,4.0,46.0,7.0,0.235,0.305,0.343,0.648,47.0,0.10800000000000004,0.07,0.413,7.78816199376947,14.330218068535824,0.5434782608695652,0.2647058823529412,0.22300000000000003,419.3333333333333,0.20069204152249134,0.5701754385964912,0.235,68.0,5.0,22.0,106.0,321.0,289.0,47.0,16.0,0.0,23.0,0.305,0.343,25.0,0,4.0,,99.0,2.0,0,3.0,0.0,,29.321656050955415,30.491999999999997
1967,CL,横浜DeNAベイスターズ,11213824,松岡　功祐,K.Matsuoka,123.0,447.0,406.0,36.0,99.0,19.0,2.0,0.0,122.0,20.0,11,13,4.0,2.0,30.0,0,5.0,70.0,5.0,0.244,0.302,0.3,0.602,78.0,0.055999999999999994,0.057999999999999996,0.358,6.7114093959731544,15.659955257270694,0.42857142857142855,0.29289940828402367,0.21089999999999998,401.99999999999994,0.1625615763546798,0.5448717948717948,0.244,99.0,0.0,20.0,123.0,447.0,406.0,78.0,19.0,2.0,36.0,0.302,0.3,30.0,0,5.0,,122.0,11,13,4.0,2.0,,36.096330275229356,38.56400000000001
1967,CL,広島東洋カープ,11213825,高岡　重樹,S.Takaoka,27.0,35.0,35.0,1.0,9.0,1.0,0.0,0.0,10.0,1.0,0.0,0,0.0,0.0,0.0,0,0.0,4.0,1.0,0.257,0.257,0.286,0.5429999999999999,8.0,0.02899999999999997,0.0,0.286,0.0,11.428571428571429,0.0,0.2903225806451613,0.18714999999999998,352.3333333333333,0.02857142857142857,0.37037037037037035,0.257,9.0,0.0,1.0,27.0,35.0,35.0,8.0,1.0,0.0,1.0,0.257,0.286,0.0,0,0.0,,10.0,0.0,0,0.0,0.0,,2.5714285714285716,2.1719999999999997
1967,CL,広島東洋カープ,11213827,梁川　郁雄,I.Yanagawa,5.0,6.0,6.0,0.0,0.0,0.0,0.0,0.0,0.0,0.0,0.0,0,0.0,0.0,0.0,0,0.0,0.0,0.0,0.0,0.0,0.0,0.0,0.0,0.0,0.0,0.0,0.0,0.0,nan,0.0,0.0,0.0,0.0,0.0,0.0,0.0,0.0,0.0,5.0,6.0,6.0,0.0,0.0,0.0,0.0,0.0,0.0,0.0,0,0.0,,0.0,0.0,0,0.0,0.0,,0.0,-0.5880000000000001
1967,CL,東京ヤクルトスワローズ,11313822,木樽　正明,M.Kitaru,44.0,47.0,38.0,4.0,5.0,2.0,0.0,0.0,7.0,1.0,0.0,0,4.0,1.0,4.0,0,0.0,13.0,1.0,0.132,0.209,0.184,0.393,3.0,0.05199999999999999,0.07699999999999999,0.261,8.51063829787234,27.659574468085108,0.3076923076923077,0.19230769230769232,0.14005,270.3333333333333,0.15789473684210525,0.3235294117647059,0.132,5.0,0.0,1.0,44.0,47.0,38.0,3.0,2.0,0.0,4.0,0.209,0.184,4.0,0,0.0,,7.0,0.0,0,4.0,1.0,,1.5,1.0259999999999998
1967,CL,中日ドラゴンズ,11313824,伊藤　久敏,H.Itou,28.0,3.0,3.0,0.0,0.0,0.0,0.0,0.0,0.0,0.0,0.0,0,0.0,0.0,0.0,0,0.0,2.0,0.0,0.0,0.0,0.0,0.0,0.0,0.0,0.0,0.0,0.0,66.66666666666666,0.0,0.0,0.0,0.0,0.0,0.0,0.0,0.0,0.0,0.0,28.0,3.0,3.0,0.0,0.0,0.0,0.0,0.0,0.0,0.0,0,0.0,,0.0,0.0,0,0.0,0.0,,0.0,-0.29400000000000004
1967,CL,東京ヤクルトスワローズ,11313827,岡本　凱孝,Y.Okamoto,122.0,337.0,316.0,18.0,79.0,9.0,0.0,6.0,106.0,30.0,1,8,6.0,1.0,9.0,0,5.0,29.0,7.0,0.25,0.281,0.335,0.6160000000000001,64.0,0.08500000000000002,0.031000000000000028,0.366,2.6706231454005933,8.605341246290802,0.3103448275862069,0.25886524822695034,0.2102,392.66666666666674,0.13924050632911392,0.5245901639344263,0.25,79.0,6.0,30.0,122.0,337.0,316.0,64.0,9.0,0.0,18.0,0.281,0.335,9.0,0,5.0,,106.0,1,8,6.0,1.0,,28.701538461538462,29.95399999999999
1967,CL,東京ヤクルトスワローズ,11313829,石岡　康三,K.Ishioka,24.0,14.0,14.0,1.0,2.0,0.0,0.0,0.0,2.0,1.0,0.0,0,0.0,0.0,0.0,0,0.0,8.0,0.0,0.143,0.143,0.143,0.286,2.0,0.0,0.0,0.143,0.0,57.14285714285714,0.0,0.3333333333333333,0.1001,190.66666666666666,0.0,0.16666666666666666,0.143,2.0,0.0,1.0,24.0,14.0,14.0,2.0,0.0,0.0,1.0,0.143,0.143,0.0,0,0.0,,2.0,0.0,0,0.0,0.0,,0.2857142857142857,-0.17600000000000016
1967,CL,中日ドラゴンズ,11413808,水谷　寿伸,H.Mizutani,33.0,47.0,43.0,1.0,3.0,1.0,0.0,0.0,4.0,3.0,0.0,0,4.0,0.0,0.0,0,0.0,17.0,0.0,0.07,0.07,0.093,0.163,2.0,0.022999999999999993,0.0,0.093,0.0,36.17021276595745,0.0,0.11538461538461539,0.05475000000000001,101.0,0.023255813953488372,0.1,0.07,3.0,0.0,3.0,33.0,47.0,43.0,2.0,1.0,0.0,1.0,0.07,0.093,0.0,0,0.0,,4.0,0.0,0,4.0,0.0,,0.27906976744186046,-2.2
1967,CL,読売ジャイアンツ,11413824,山下　司,T.Yamashita,1.0,0.0,0.0,0.0,0.0,0.0,0.0,0.0,0.0,0.0,0.0,0,0.0,0.0,0.0,0,0.0,0.0,0.0,,,,0.0,0.0,0.0,0.0,,nan,nan,nan,nan,0.0,0.0,nan,nan,,0.0,0.0,0.0,1.0,0.0,0.0,0.0,0.0,0.0,0.0,,,0.0,0,0.0,,0.0,0.0,0,0.0,0.0,,nan,0.0
1967,CL,横浜DeNAベイスターズ,11513802,小野　正一,S.Ono,24.0,12.0,12.0,0.0,3.0,0.0,0.0,0.0,3.0,0.0,0.0,0,0.0,0.0,0.0,0,0.0,1.0,0.0,0.25,0.25,0.25,0.5,3.0,0.0,0.0,0.25,0.0,8.333333333333332,0.0,0.2727272727272727,0.175,333.3333333333333,0.0,0.3333333333333333,0.25,3.0,0.0,0.0,24.0,12.0,12.0,3.0,0.0,0.0,0.0,0.25,0.25,0.0,0,0.0,,3.0,0.0,0,0.0,0.0,,0.75,0.618
1967,CL,東京ヤクルトスワローズ,11513822,L.ジャクソン,L.Jackson,117.0,480.0,439.0,72.0,130.0,27.0,1.0,28.0,243.0,79.0,13,7,1.0,2.0,36.0,0,2.0,76.0,10.0,0.296,0.351,0.554,0.905,74.0,0.25800000000000006,0.05499999999999999,0.609,7.5,15.833333333333332,0.47368421052631576,0.3026706231454006,0.29645,535.6666666666666,0.3553530751708428,0.9028213166144201,0.296,130.0,28.0,79.0,117.0,480.0,439.0,74.0,27.0,1.0,72.0,0.351,0.554,36.0,0,2.0,,243.0,13,7,1.0,2.0,,84.92210526315789,81.31800000000001
1967,CL,中日ドラゴンズ,11513824,大場　隆広,T.Ooba,4.0,0.0,0.0,0.0,0.0,0.0,0.0,0.0,0.0,0.0,0.0,0,0.0,0.0,0.0,0,0.0,0.0,0.0,,,,0.0,0.0,0.0,0.0,,nan,nan,nan,nan,0.0,0.0,nan,nan,,0.0,0.0,0.0,4.0,0.0,0.0,0.0,0.0,0.0,0.0,,,0.0,0,0.0,,0.0,0.0,0,0.0,0.0,,nan,0.0
1967,CL,横浜DeNAベイスターズ,11513827,日下　正勝,M.Kusaka,78.0,52.0,49.0,7.0,9.0,2.0,0.0,0.0,11.0,3.0,0,3,0.0,0.0,2.0,0,1.0,12.0,1.0,0.184,0.231,0.224,0.455,7.0,0.04000000000000001,0.047000000000000014,0.271,3.8461538461538463,23.076923076923077,0.16666666666666666,0.24324324324324326,0.15995,305.6666666666667,0.14285714285714285,0.4146341463414634,0.184,9.0,0.0,3.0,78.0,52.0,49.0,7.0,2.0,0.0,7.0,0.231,0.224,2.0,0,1.0,,11.0,0,3,0.0,0.0,,2.372549019607843,2.55
1967,CL,東京ヤクルトスワローズ,11613804,矢頭　高雄,T.Yatou,18.0,25.0,23.0,0.0,3.0,0.0,0.0,0.0,3.0,0.0,0.0,0,1.0,0.0,1.0,0,0.0,6.0,0.0,0.13,0.167,0.13,0.29700000000000004,3.0,0.0,0.037000000000000005,0.167,4.0,24.0,0.16666666666666666,0.17647058823529413,0.10765000000000001,210.33333333333334,0.043478260869565216,0.2,0.13,3.0,0.0,0.0,18.0,25.0,23.0,3.0,0.0,0.0,0.0,0.167,0.13,1.0,0,0.0,,3.0,0.0,0,1.0,0.0,,0.5,-0.1299999999999999
1967,CL,東京ヤクルトスワローズ,11613825,西田　孝之,T.Nishida,111.0,301.0,259.0,45.0,55.0,10.0,3.0,2.0,77.0,20.0,32,6,17.0,1.0,19.0,0,5.0,47.0,5.0,0.212,0.278,0.297,0.575,40.0,0.08499999999999999,0.06600000000000003,0.363,6.312292358803987,15.614617940199334,0.40425531914893614,0.25118483412322273,0.19935000000000003,377.0,0.18146718146718147,0.5119617224880383,0.212,55.0,2.0,20.0,111.0,301.0,259.0,40.0,10.0,3.0,45.0,0.278,0.297,19.0,0,5.0,,77.0,32,6,17.0,1.0,,20.496402877697843,22.208000000000002
1967,CL,読売ジャイアンツ,11713820,末次　利光,T.Suetsugu,77.0,141.0,127.0,17.0,31.0,4.0,1.0,5.0,52.0,13.0,3,2,4.0,0.0,10.0,0,0.0,27.0,2.0,0.244,0.299,0.409,0.708,21.0,0.16499999999999998,0.05499999999999999,0.4639999999999999,7.092198581560284,19.148936170212767,0.37037037037037035,0.2736842105263158,0.2368,435.33333333333337,0.25984251968503935,0.6530612244897959,0.244,31.0,5.0,13.0,77.0,141.0,127.0,21.0,4.0,1.0,17.0,0.299,0.409,10.0,0,0.0,,52.0,3,2,4.0,0.0,,15.562043795620438,15.871999999999996
1967,CL,中日ドラゴンズ,11713822,杉　斉英,N.Sugi,2.0,4.0,4.0,0.0,0.0,0.0,0.0,0.0,0.0,0.0,0.0,0,0.0,0.0,0.0,0,0.0,2.0,0.0,0.0,0.0,0.0,0.0,0.0,0.0,0.0,0.0,0.0,50.0,0.0,0.0,0.0,0.0,0.0,0.0,0.0,0.0,0.0,0.0,2.0,4.0,4.0,0.0,0.0,0.0,0.0,0.0,0.0,0.0,0,0.0,,0.0,0.0,0,0.0,0.0,,0.0,-0.392
1967,CL,東京ヤクルトスワローズ,11713824,佐々木　剛,T.Sasaki,2.0,0.0,0.0,0.0,0.0,0.0,0.0,0.0,0.0,0.0,0.0,0,0.0,0.0,0.0,0,0.0,0.0,0.0,,,,0.0,0.0,0.0,0.0,,nan,nan,nan,nan,0.0,0.0,nan,nan,,0.0,0.0,0.0,2.0,0.0,0.0,0.0,0.0,0.0,0.0,,,0.0,0,0.0,,0.0,0.0,0,0.0,0.0,,nan,0.0
1967,CL,東京ヤクルトスワローズ,11913804,醍醐　猛夫,T.Daigo,124.0,374.0,345.0,24.0,75.0,11.0,1.0,2.0,94.0,26.0,0,2,4.0,3.0,21.0,0,1.0,48.0,5.0,0.217,0.262,0.272,0.534,61.0,0.05500000000000002,0.04500000000000001,0.317,5.614973262032086,12.834224598930483,0.4375,0.24496644295302014,0.1859,352.6666666666667,0.12173913043478261,0.4290909090909091,0.217,75.0,2.0,26.0,124.0,374.0,345.0,61.0,11.0,1.0,24.0,0.262,0.272,21.0,0,1.0,,94.0,0,2,4.0,3.0,,24.65573770491803,23.5
1967,CL,広島東洋カープ,11913820,寺岡　孝,T.Teraoka,69.0,159.0,152.0,13.0,33.0,7.0,0.0,5.0,55.0,14.0,1.0,1,0.0,1.0,4.0,0,2.0,31.0,4.0,0.217,0.245,0.362,0.607,21.0,0.145,0.027999999999999997,0.39,2.515723270440252,19.49685534591195,0.12903225806451613,0.23931623931623933,0.20074999999999998,365.66666666666663,0.17763157894736842,0.5040650406504065,0.217,33.0,5.0,14.0,69.0,159.0,152.0,21.0,7.0,0.0,13.0,0.245,0.362,4.0,0,2.0,,55.0,1.0,1,0.0,1.0,,13.044871794871796,13.237999999999998
1967,CL,中日ドラゴンズ,1203820,水谷　実智郎,M.Mizutani,10.0,1.0,1.0,0.0,0.0,0.0,0.0,0.0,0.0,0.0,0.0,0,0.0,0.0,0.0,0,0.0,0.0,0.0,0.0,0.0,0.0,0.0,0.0,0.0,0.0,0.0,0.0,0.0,nan,0.0,0.0,0.0,0.0,0.0,0.0,0.0,0.0,0.0,10.0,1.0,1.0,0.0,0.0,0.0,0.0,0.0,0.0,0.0,0,0.0,,0.0,0.0,0,0.0,0.0,,0.0,-0.098
1967,CL,東京ヤクルトスワローズ,1303800,榎本　喜八,K.Enomoto,117.0,468.0,372.0,55.0,108.0,13.0,1.0,15.0,168.0,50.0,3.0,0,0.0,5.0,83.0,0,8.0,33.0,8.0,0.29,0.425,0.452,0.877,79.0,0.16200000000000003,0.135,0.587,17.735042735042736,7.051282051282051,2.515151515151515,0.2826747720364742,0.30425,575.6666666666666,0.3924731182795699,0.9632352941176471,0.29,108.0,15.0,50.0,117.0,468.0,372.0,79.0,13.0,1.0,55.0,0.425,0.452,83.0,0,8.0,,168.0,3.0,0,0.0,5.0,,70.52307692307693,76.19800000000001
1967,CL,横浜DeNAベイスターズ,1303820,及川　宣士,N.Oikawa,30.0,23.0,18.0,1.0,3.0,0.0,0.0,0.0,3.0,0.0,0.0,0,4.0,0.0,1.0,0,0.0,4.0,0.0,0.167,0.211,0.167,0.378,3.0,0.0,0.043999999999999984,0.211,4.3478260869565215,17.391304347826086,0.25,0.21428571428571427,0.1367,266.6666666666667,0.05555555555555555,0.26666666666666666,0.167,3.0,0.0,0.0,30.0,23.0,18.0,3.0,0.0,0.0,1.0,0.211,0.167,1.0,0,0.0,,3.0,0.0,0,4.0,0.0,,0.631578947368421,0.3600000000000001
1967,CL,広島東洋カープ,1303822,佐野　真樹夫,M.Sano,67.0,169.0,152.0,14.0,32.0,2.0,0.0,1.0,37.0,8.0,2.0,0,1.0,0.0,12.0,0,4.0,22.0,2.0,0.211,0.286,0.243,0.5289999999999999,29.0,0.032,0.07499999999999998,0.3179999999999999,7.100591715976331,13.017751479289942,0.5454545454545454,0.24031007751937986,0.18944999999999998,367.0,0.125,0.45081967213114754,0.211,32.0,1.0,8.0,67.0,169.0,152.0,29.0,2.0,0.0,14.0,0.286,0.243,12.0,0,4.0,,37.0,2.0,0,1.0,0.0,,9.926829268292684,11.26
1967,CL,東京ヤクルトスワローズ,1303825,石戸　四六,S.Ishito,51.0,87.0,74.0,2.0,9.0,0.0,0.0,0.0,9.0,1.0,0.0,0,7.0,0.0,5.0,0,1.0,23.0,0.0,0.122,0.188,0.122,0.31,9.0,0.0,0.066,0.188,5.747126436781609,26.436781609195403,0.21739130434782608,0.17647058823529413,0.11510000000000001,228.66666666666666,0.06756756756756757,0.23076923076923078,0.122,9.0,0.0,1.0,51.0,87.0,74.0,9.0,0.0,0.0,2.0,0.188,0.122,5.0,0,1.0,,9.0,0.0,0,7.0,0.0,,1.5949367088607596,0.11000000000000032
1967,CL,広島東洋カープ,1303829,小川　弘文,H.Ogawa,40.0,45.0,44.0,1.0,8.0,0.0,0.0,0.0,8.0,2.0,0.0,0,0.0,0.0,0.0,0,1.0,11.0,0.0,0.182,0.2,0.182,0.382,8.0,0.0,0.018000000000000016,0.2,0.0,24.444444444444443,0.0,0.24242424242424243,0.1355,260.6666666666667,0.0,0.25,0.182,8.0,0.0,2.0,40.0,45.0,44.0,8.0,0.0,0.0,1.0,0.2,0.182,0.0,0,1.0,,8.0,0.0,0,0.0,0.0,,1.4545454545454546,0.802
1967,CL,東京ヤクルトスワローズ,1403824,李　源国,G.Ri,1.0,0.0,0.0,0.0,0.0,0.0,0.0,0.0,0.0,0.0,0.0,0,0.0,0.0,0.0,0,0.0,0.0,0.0,,,,0.0,0.0,0.0,0.0,,nan,nan,nan,nan,0.0,0.0,nan,nan,,0.0,0.0,0.0,1.0,0.0,0.0,0.0,0.0,0.0,0.0,,,0.0,0,0.0,,0.0,0.0,0,0.0,0.0,,nan,0.0
1967,CL,東京ヤクルトスワローズ,1503804,小淵　泰輔,T.Kobuchi,91.0,213.0,189.0,29.0,48.0,8.0,1.0,12.0,94.0,29.0,2.0,0,1.0,0.0,20.0,0,3.0,38.0,7.0,0.254,0.335,0.497,0.8320000000000001,27.0,0.243,0.08100000000000002,0.5780000000000001,9.389671361502346,17.84037558685446,0.5263157894736842,0.2589928057553957,0.275,500.6666666666667,0.35978835978835977,0.8040540540540541,0.254,48.0,12.0,29.0,91.0,213.0,189.0,27.0,8.0,1.0,29.0,0.335,0.497,20.0,0,3.0,,94.0,2.0,0,1.0,0.0,,30.583732057416267,31.712
1967,CL,横浜DeNAベイスターズ,1503806,近藤　和彦,K.Kondou,119.0,483.0,422.0,62.0,138.0,18.0,0.0,7.0,177.0,33.0,6,0,16.0,3.0,37.0,0,5.0,54.0,4.0,0.327,0.385,0.419,0.804,113.0,0.09199999999999997,0.057999999999999996,0.477,7.6604554865424435,11.180124223602485,0.6851851851851852,0.3598901098901099,0.278,524.6666666666666,0.1990521327014218,0.7881944444444444,0.327,138.0,7.0,33.0,119.0,483.0,422.0,113.0,18.0,0.0,62.0,0.385,0.419,37.0,0,5.0,,177.0,6,0,16.0,3.0,,67.48366013071896,67.00799999999998
1967,CL,横浜DeNAベイスターズ,1503821,近藤　昭仁,A.Kondou,128.0,438.0,398.0,38.0,99.0,19.0,1.0,7.0,141.0,27.0,9.0,0,20.0,1.0,19.0,0,0.0,52.0,8.0,0.249,0.282,0.354,0.6359999999999999,72.0,0.10499999999999998,0.032999999999999974,0.3869999999999999,4.337899543378995,11.87214611872146,0.36538461538461536,0.27058823529411763,0.21539999999999998,399.99999999999994,0.17587939698492464,0.5504885993485342,0.249,99.0,7.0,27.0,128.0,438.0,398.0,72.0,19.0,1.0,38.0,0.282,0.354,19.0,0,0.0,,141.0,9.0,0,20.0,1.0,,39.89928057553957,39.388
1967,CL,広島東洋カープ,1503825,漆畑　勝久,K.Urushibata,59.0,117.0,107.0,10.0,22.0,3.0,0.0,3.0,34.0,8.0,2.0,0,1.0,0.0,8.0,0,1.0,25.0,2.0,0.206,0.267,0.318,0.585,16.0,0.11200000000000002,0.061000000000000026,0.379,6.837606837606838,21.367521367521366,0.32,0.24050632911392406,0.19965,373.0,0.205607476635514,0.5172413793103449,0.206,22.0,3.0,8.0,59.0,117.0,107.0,16.0,3.0,0.0,10.0,0.267,0.318,8.0,0,1.0,,34.0,2.0,0,1.0,0.0,,8.869565217391305,9.479999999999999
1967,CL,中日ドラゴンズ,1503827,島野　育夫,I.Shimano,86.0,151.0,136.0,13.0,28.0,2.0,1.0,0.0,32.0,8.0,2.0,0,7.0,1.0,6.0,0,1.0,33.0,0.0,0.206,0.243,0.235,0.478,25.0,0.028999999999999998,0.037000000000000005,0.272,3.9735099337748347,21.85430463576159,0.18181818181818182,0.2692307692307692,0.1681,321.3333333333333,0.08823529411764706,0.37962962962962965,0.206,28.0,0.0,8.0,86.0,151.0,136.0,25.0,2.0,1.0,13.0,0.243,0.235,6.0,0,1.0,,32.0,2.0,0,7.0,1.0,,7.661971830985915,7.065999999999999
1967,CL,中日ドラゴンズ,1503829,木俣　達彦,T.Kimata,84.0,241.0,219.0,34.0,49.0,13.0,0.0,15.0,107.0,32.0,0.0,0,3.0,0.0,18.0,0,1.0,35.0,6.0,0.224,0.286,0.489,0.7749999999999999,21.0,0.265,0.06199999999999997,0.5509999999999999,7.468879668049793,14.522821576763487,0.5142857142857142,0.20118343195266272,0.25095,448.99999999999994,0.3470319634703196,0.7159090909090909,0.224,49.0,15.0,32.0,84.0,241.0,219.0,21.0,13.0,0.0,34.0,0.286,0.489,18.0,0,1.0,,107.0,0.0,0,3.0,0.0,,30.248945147679326,31.069999999999997
1967,CL,阪神タイガース,1603829,和田　徹,T.Wada,87.0,249.0,237.0,25.0,55.0,8.0,1.0,8.0,89.0,29.0,1.0,0,0.0,0.0,9.0,0,3.0,47.0,4.0,0.232,0.269,0.376,0.645,38.0,0.144,0.037000000000000005,0.413,3.614457831325301,18.87550200803213,0.19148936170212766,0.25824175824175827,0.21505000000000002,394.3333333333333,0.18565400843881857,0.5483870967741935,0.232,55.0,8.0,29.0,87.0,249.0,237.0,38.0,8.0,1.0,25.0,0.269,0.376,9.0,0,3.0,,89.0,1.0,0,0.0,0.0,,23.15447154471545,23.62399999999999
1967,CL,読売ジャイアンツ,1703820,高橋　一三,K.Takahashi,28.0,35.0,30.0,1.0,1.0,0.0,0.0,0.0,1.0,1.0,0.0,0,2.0,0.0,3.0,0,0.0,10.0,0.0,0.033,0.121,0.033,0.154,1.0,0.0,0.088,0.121,8.571428571428571,28.57142857142857,0.3,0.05,0.0627,132.0,0.1,0.13793103448275862,0.033,1.0,0.0,1.0,28.0,35.0,30.0,1.0,0.0,0.0,1.0,0.121,0.033,3.0,0,0.0,,1.0,0.0,0,2.0,0.0,,0.12121212121212122,-1.352
1967,CL,東京ヤクルトスワローズ,1803800,八田　正,T.Hatta,102.0,267.0,247.0,33.0,70.0,8.0,1.0,4.0,92.0,17.0,6.0,0,1.0,1.0,17.0,0,1.0,18.0,3.0,0.283,0.331,0.372,0.7030000000000001,57.0,0.08900000000000002,0.04800000000000004,0.42,6.367041198501873,6.741573033707865,0.9444444444444444,0.2920353982300885,0.24195,455.0,0.18218623481781376,0.6444444444444445,0.283,70.0,4.0,17.0,102.0,267.0,247.0,57.0,8.0,1.0,33.0,0.331,0.372,17.0,0,1.0,,92.0,6.0,0,1.0,1.0,,30.318181818181817,30.73399999999999
1967,CL,東京ヤクルトスワローズ,1903806,戸梶　正夫,M.Tokaji,16.0,19.0,19.0,3.0,4.0,0.0,0.0,0.0,4.0,1.0,0.0,0,0.0,0.0,0.0,0,0.0,5.0,0.0,0.211,0.211,0.211,0.422,4.0,0.0,0.0,0.211,0.0,26.31578947368421,0.0,0.2857142857142857,0.1477,281.3333333333333,0.0,0.26666666666666666,0.211,4.0,0.0,1.0,16.0,19.0,19.0,4.0,0.0,0.0,3.0,0.211,0.211,0.0,0,0.0,,4.0,0.0,0,0.0,0.0,,0.8421052631578947,0.53
1967,CL,東京ヤクルトスワローズ,1903822,浜口　政信,M.Hamaguchi,10.0,4.0,4.0,0.0,0.0,0.0,0.0,0.0,0.0,0.0,0.0,0,0.0,0.0,0.0,0,0.0,2.0,0.0,0.0,0.0,0.0,0.0,0.0,0.0,0.0,0.0,0.0,50.0,0.0,0.0,0.0,0.0,0.0,0.0,0.0,0.0,0.0,0.0,10.0,4.0,4.0,0.0,0.0,0.0,0.0,0.0,0.0,0.0,0,0.0,,0.0,0.0,0,0.0,0.0,,0.0,-0.392
1967,CL,中日ドラゴンズ,1903823,高木　一巳,K.Takagi,7.0,0.0,0.0,0.0,0.0,0.0,0.0,0.0,0.0,0.0,0.0,0,0.0,0.0,0.0,0,0.0,0.0,0.0,,,,0.0,0.0,0.0,0.0,,nan,nan,nan,nan,0.0,0.0,nan,nan,,0.0,0.0,0.0,7.0,0.0,0.0,0.0,0.0,0.0,0.0,,,0.0,0,0.0,,0.0,0.0,0,0.0,0.0,,nan,0.0
1967,CL,横浜DeNAベイスターズ,1903829,高橋　重行,S.Takahashi,57.0,62.0,57.0,1.0,7.0,2.0,0.0,0.0,9.0,5.0,0.0,0,2.0,0.0,3.0,0,0.0,26.0,1.0,0.123,0.167,0.158,0.325,5.0,0.035,0.04400000000000001,0.202,4.838709677419355,41.935483870967744,0.11538461538461539,0.22580645161290322,0.11465,219.66666666666669,0.08771929824561403,0.23529411764705882,0.123,7.0,0.0,5.0,57.0,62.0,57.0,5.0,2.0,0.0,1.0,0.167,0.158,3.0,0,0.0,,9.0,0.0,0,2.0,0.0,,1.5,0.02999999999999936
1967,CL,横浜DeNAベイスターズ,21023820,平岡　一郎,I.Hiraoka,57.0,12.0,9.0,0.0,0.0,0.0,0.0,0.0,0.0,0.0,0.0,0,2.0,0.0,1.0,0,0.0,5.0,0.0,0.0,0.1,0.0,0.1,0.0,0.0,0.1,0.1,8.333333333333332,41.66666666666667,0.2,0.0,0.045000000000000005,100.0,0.1111111111111111,0.1111111111111111,0.0,0.0,0.0,0.0,57.0,12.0,9.0,0.0,0.0,0.0,0.0,0.1,0.0,1.0,0,0.0,,0.0,0.0,0,2.0,0.0,,0.0,-0.552
1967,CL,横浜DeNAベイスターズ,21023824,福嶋　久晃,H.Fukushima,5.0,6.0,6.0,0.0,0.0,0.0,0.0,0.0,0.0,0.0,0.0,0,0.0,0.0,0.0,0,0.0,1.0,0.0,0.0,0.0,0.0,0.0,0.0,0.0,0.0,0.0,0.0,16.666666666666664,0.0,0.0,0.0,0.0,0.0,0.0,0.0,0.0,0.0,0.0,5.0,6.0,6.0,0.0,0.0,0.0,0.0,0.0,0.0,0.0,0,0.0,,0.0,0.0,0,0.0,0.0,,0.0,-0.5880000000000001
1967,CL,阪神タイガース,21123820,池田　純一,J.Ikeda,116.0,350.0,333.0,31.0,78.0,13.0,1.0,9.0,120.0,23.0,4,1,1.0,2.0,12.0,0,2.0,52.0,6.0,0.234,0.264,0.36,0.624,55.0,0.12599999999999997,0.03,0.39,3.428571428571429,14.857142857142858,0.23076923076923078,0.2518248175182482,0.20879999999999999,384.0,0.16516516516516516,0.5172413793103449,0.234,78.0,9.0,23.0,116.0,350.0,333.0,55.0,13.0,1.0,31.0,0.264,0.36,12.0,0,2.0,,120.0,4,1,1.0,2.0,,31.304347826086957,30.669999999999995
1967,CL,中日ドラゴンズ,21123824,伊熊　博一,H.Iguma,17.0,16.0,16.0,0.0,1.0,1.0,0.0,0.0,2.0,0.0,0.0,0,0.0,0.0,0.0,0,0.0,7.0,0.0,0.062,0.062,0.125,0.187,0.0,0.063,0.0,0.125,0.0,43.75,0.0,0.1111111111111111,0.05915,103.66666666666666,0.0625,0.13333333333333333,0.062,1.0,0.0,0.0,17.0,16.0,16.0,0.0,1.0,0.0,0.0,0.062,0.125,0.0,0,0.0,,2.0,0.0,0,0.0,0.0,,0.125,-0.75
1967,CL,読売ジャイアンツ,21123825,相羽　欣厚,Y.Aiba,80.0,138.0,126.0,16.0,31.0,6.0,0.0,2.0,43.0,8.0,3,2,1.0,0.0,11.0,0,0.0,20.0,3.0,0.246,0.307,0.341,0.648,23.0,0.09500000000000003,0.061,0.402,7.971014492753622,14.492753623188406,0.55,0.27884615384615385,0.2234,420.6666666666667,0.1984126984126984,0.5714285714285714,0.246,31.0,2.0,8.0,80.0,138.0,126.0,23.0,6.0,0.0,16.0,0.307,0.341,11.0,0,0.0,,43.0,3,2,1.0,0.0,,13.182481751824817,13.379999999999997
1967,CL,東京ヤクルトスワローズ,21223808,前田　益穂,M.Maeda,131.0,519.0,457.0,46.0,115.0,19.0,3.0,12.0,176.0,50.0,22,6,14.0,4.0,38.0,0,6.0,67.0,9.0,0.252,0.315,0.385,0.7,81.0,0.133,0.063,0.448,7.321772639691715,12.909441233140656,0.5671641791044776,0.2696335078534031,0.23800000000000002,443.33333333333337,0.22975929978118162,0.6438746438746439,0.252,115.0,12.0,50.0,131.0,519.0,457.0,81.0,19.0,3.0,46.0,0.315,0.385,38.0,0,6.0,,176.0,22,6,14.0,4.0,,54.4,56.663999999999994
1967,CL,横浜DeNAベイスターズ,21223821,森中　千香良,C.Morinaka,47.0,91.0,85.0,6.0,8.0,1.0,0.0,1.0,12.0,2.0,0.0,0,4.0,0.0,2.0,0,0.0,37.0,0.0,0.094,0.115,0.141,0.256,6.0,0.046999999999999986,0.021000000000000005,0.1619999999999999,2.197802197802198,40.65934065934066,0.05405405405405406,0.14893617021276595,0.087,162.0,0.07058823529411765,0.18181818181818182,0.094,8.0,1.0,2.0,47.0,91.0,85.0,6.0,1.0,0.0,6.0,0.115,0.141,2.0,0,0.0,,12.0,0.0,0,4.0,0.0,,1.3793103448275863,-1.726
1967,CL,横浜DeNAベイスターズ,21323820,大石　勝彦,K.Ooishi,9.0,6.0,5.0,3.0,1.0,0.0,1.0,0.0,3.0,0.0,1.0,1,0.0,0.0,1.0,0,0.0,1.0,0.0,0.2,0.333,0.6,0.933,0.0,0.39999999999999997,0.133,0.733,16.666666666666664,16.666666666666664,1.0,0.25,0.29985,533.0,0.8,1.25,0.2,1.0,0.0,0.0,9.0,6.0,5.0,0.0,0.0,1.0,3.0,0.333,0.6,1.0,0,0.0,,3.0,1.0,1,0.0,0.0,,1.0,1.158
1967,CL,読売ジャイアンツ,21323822,才所　俊郎,T.Saishiyo,2.0,1.0,1.0,0.0,0.0,0.0,0.0,0.0,0.0,0.0,0,1,0.0,0.0,0.0,0,0.0,1.0,0.0,0.0,0.0,0.0,0.0,0.0,0.0,0.0,0.0,0.0,100.0,0.0,nan,0.0,0.0,1.0,1.0,0.0,0.0,0.0,0.0,2.0,1.0,1.0,0.0,0.0,0.0,0.0,0.0,0.0,0.0,0,0.0,,0.0,0,1,0.0,0.0,,0.0,0.08199999999999999
1967,CL,読売ジャイアンツ,21323824,上田　武司,T.Ueda,10.0,19.0,18.0,1.0,3.0,0.0,0.0,0.0,3.0,0.0,0.0,0,0.0,0.0,1.0,0,0.0,4.0,0.0,0.167,0.211,0.167,0.378,3.0,0.0,0.043999999999999984,0.211,5.263157894736842,21.052631578947366,0.25,0.21428571428571427,0.1367,266.6666666666667,0.05555555555555555,0.26666666666666666,0.167,3.0,0.0,0.0,10.0,19.0,18.0,3.0,0.0,0.0,1.0,0.211,0.167,1.0,0,0.0,,3.0,0.0,0,0.0,0.0,,0.631578947368421,0.3600000000000001
1967,CL,阪神タイガース,21323827,クレス,M.Krsnich,43.0,148.0,135.0,14.0,29.0,2.0,0.0,5.0,46.0,17.0,1,0,0.0,1.0,8.0,0,4.0,22.0,5.0,0.215,0.277,0.341,0.6180000000000001,22.0,0.12600000000000003,0.06200000000000003,0.403,5.405405405405405,14.864864864864865,0.36363636363636365,0.22018348623853212,0.20990000000000003,390.66666666666674,0.18518518518518517,0.5225225225225225,0.215,29.0,5.0,17.0,43.0,148.0,135.0,22.0,2.0,0.0,14.0,0.277,0.341,8.0,0,4.0,,46.0,1,0,0.0,1.0,,11.902097902097902,13.212000000000002
1967,CL,広島東洋カープ,21423820,渡辺　澄雄,S.Watanabe,3.0,0.0,0.0,0.0,0.0,0.0,0.0,0.0,0.0,0.0,0.0,0,0.0,0.0,0.0,0,0.0,0.0,0.0,,,,0.0,0.0,0.0,0.0,,nan,nan,nan,nan,0.0,0.0,nan,nan,,0.0,0.0,0.0,3.0,0.0,0.0,0.0,0.0,0.0,0.0,,,0.0,0,0.0,,0.0,0.0,0,0.0,0.0,,nan,0.0
1967,CL,東京ヤクルトスワローズ,21423824,D.ロバーツ,D.Roberts,126.0,527.0,459.0,72.0,124.0,26.0,2.0,28.0,238.0,89.0,2.0,2,1.0,7.0,55.0,0,5.0,67.0,4.0,0.27,0.35,0.519,0.869,68.0,0.249,0.07999999999999996,0.599,10.436432637571158,12.7134724857685,0.8208955223880597,0.2587601078167116,0.28725,523.0,0.37254901960784315,0.8849557522123894,0.27,124.0,28.0,89.0,126.0,527.0,459.0,68.0,26.0,2.0,72.0,0.35,0.519,55.0,0,5.0,,238.0,2.0,2,1.0,7.0,,82.88326848249027,82.45
1967,CL,東京ヤクルトスワローズ,21423829,無徒　史郎,S.Muto,62.0,70.0,62.0,7.0,9.0,1.0,1.0,1.0,15.0,10.0,0,1,0.0,0.0,7.0,0,1.0,18.0,1.0,0.145,0.243,0.242,0.485,6.0,0.097,0.098,0.3399999999999999,10.0,25.71428571428571,0.3888888888888889,0.18604651162790697,0.16985,323.6666666666667,0.22580645161290322,0.4444444444444444,0.145,9.0,1.0,10.0,62.0,70.0,62.0,6.0,1.0,1.0,7.0,0.243,0.242,7.0,0,1.0,,15.0,0,1,0.0,0.0,,3.4782608695652173,3.8259999999999996
1967,CL,阪神タイガース,21523820,交告　弘利,H.Kouketsu,2.0,0.0,0.0,0.0,0.0,0.0,0.0,0.0,0.0,0.0,0.0,0,0.0,0.0,0.0,0,0.0,0.0,0.0,,,,0.0,0.0,0.0,0.0,,nan,nan,nan,nan,0.0,0.0,nan,nan,,0.0,0.0,0.0,2.0,0.0,0.0,0.0,0.0,0.0,0.0,,,0.0,0,0.0,,0.0,0.0,0,0.0,0.0,,nan,0.0
1967,CL,広島東洋カープ,21523822,白石　静生,S.Shiraishi,26.0,30.0,28.0,2.0,3.0,0.0,0.0,0.0,3.0,1.0,0.0,0,1.0,0.0,1.0,0,0.0,10.0,0.0,0.107,0.138,0.107,0.245,3.0,0.0,0.031000000000000014,0.138,3.3333333333333335,33.33333333333333,0.1,0.16666666666666666,0.08885000000000001,173.66666666666669,0.03571428571428571,0.16,0.107,3.0,0.0,1.0,26.0,30.0,28.0,3.0,0.0,0.0,2.0,0.138,0.107,1.0,0,0.0,,3.0,0.0,0,1.0,0.0,,0.41379310344827586,-0.6200000000000001
1967,CL,読売ジャイアンツ,21623804,吉田　勝豊,K.Yoshida,41.0,79.0,74.0,6.0,15.0,2.0,0.0,2.0,23.0,7.0,0,1,0.0,0.0,5.0,0,0.0,12.0,0.0,0.203,0.253,0.311,0.5640000000000001,11.0,0.10799999999999998,0.04999999999999999,0.361,6.329113924050633,15.18987341772152,0.4166666666666667,0.21666666666666667,0.1916,356.6666666666667,0.1891891891891892,0.4915254237288136,0.203,15.0,2.0,7.0,41.0,79.0,74.0,11.0,2.0,0.0,6.0,0.253,0.311,5.0,0,0.0,,23.0,0,1,0.0,0.0,,5.822784810126582,5.868
1967,CL,横浜DeNAベイスターズ,21623825,林　健造,K.Hayashi,40.0,56.0,52.0,2.0,5.0,2.0,0.0,0.0,7.0,1.0,1.0,1,2.0,0.0,2.0,0,0.0,16.0,1.0,0.096,0.13,0.135,0.265,3.0,0.03900000000000001,0.034,0.169,3.571428571428571,28.57142857142857,0.125,0.1388888888888889,0.09225,175.00000000000003,0.09615384615384616,0.20833333333333334,0.096,5.0,0.0,1.0,40.0,56.0,52.0,3.0,2.0,0.0,2.0,0.13,0.135,2.0,0,0.0,,7.0,1.0,1,2.0,0.0,,0.9074074074074074,-0.8259999999999996
1967,CL,東京ヤクルトスワローズ,21623829,渡辺　一史,K.Watanabe,1.0,0.0,0.0,0.0,0.0,0.0,0.0,0.0,0.0,0.0,0.0,0,0.0,0.0,0.0,0,0.0,0.0,0.0,,,,0.0,0.0,0.0,0.0,,nan,nan,nan,nan,0.0,0.0,nan,nan,,0.0,0.0,0.0,1.0,0.0,0.0,0.0,0.0,0.0,0.0,,,0.0,0,0.0,,0.0,0.0,0,0.0,0.0,,nan,0.0
1967,CL,東京ヤクルトスワローズ,21723806,鈴木　隆,T.Suzuki,41.0,9.0,9.0,0.0,3.0,0.0,0.0,0.0,3.0,0.0,0.0,0,0.0,0.0,0.0,0,0.0,1.0,0.0,0.333,0.333,0.333,0.666,3.0,0.0,0.0,0.333,0.0,11.11111111111111,0.0,0.375,0.23310000000000003,444.0,0.0,0.5,0.333,3.0,0.0,0.0,41.0,9.0,9.0,3.0,0.0,0.0,0.0,0.333,0.333,0.0,0,0.0,,3.0,0.0,0,0.0,0.0,,1.0,0.9119999999999999
1967,CL,横浜DeNAベイスターズ,21723824,D.スチュアート,D.Stuart,125.0,474.0,432.0,62.0,121.0,18.0,0.0,33.0,238.0,79.0,1.0,1,0.0,1.0,37.0,0,4.0,100.0,15.0,0.28,0.342,0.551,0.893,70.0,0.271,0.062,0.613,7.805907172995781,21.09704641350211,0.37,0.29333333333333333,0.29165,525.6666666666667,0.3587962962962963,0.8588957055214724,0.28,121.0,33.0,79.0,125.0,474.0,432.0,70.0,18.0,0.0,62.0,0.342,0.551,37.0,0,4.0,,238.0,1.0,1,0.0,1.0,,80.17910447761194,78.71199999999999
1967,CL,阪神タイガース,21723827,辻　恭彦,Y.Tsuji,26.0,34.0,32.0,6.0,6.0,0.0,0.0,3.0,15.0,6.0,0.0,0,0.0,0.0,2.0,0,0.0,7.0,1.0,0.188,0.235,0.469,0.704,3.0,0.28099999999999997,0.046999999999999986,0.516,5.88235294117647,20.588235294117645,0.2857142857142857,0.13636363636363635,0.22299999999999998,391.3333333333333,0.34375,0.6296296296296297,0.188,6.0,3.0,6.0,26.0,34.0,32.0,3.0,0.0,0.0,6.0,0.235,0.469,2.0,0,0.0,,15.0,0.0,0,0.0,0.0,,3.5294117647058822,3.9320000000000004
1967,CL,広島東洋カープ,21723829,雑賀　幸男,Y.Saiga,18.0,30.0,30.0,2.0,8.0,1.0,1.0,0.0,11.0,2.0,0.0,0,0.0,0.0,0.0,0,0.0,5.0,1.0,0.267,0.267,0.367,0.634,6.0,0.09999999999999998,0.0,0.367,0.0,16.666666666666664,0.0,0.32,0.2119,389.33333333333337,0.1,0.4782608695652174,0.267,8.0,0.0,2.0,18.0,30.0,30.0,6.0,1.0,1.0,2.0,0.267,0.367,0.0,0,0.0,,11.0,0.0,0,0.0,0.0,,2.933333333333333,2.6039999999999996
1967,CL,読売ジャイアンツ,21923800,国松　彰,A.Kunimatsu,117.0,343.0,308.0,31.0,80.0,8.0,0.0,8.0,112.0,38.0,6,4,4.0,0.0,29.0,0,2.0,22.0,14.0,0.26,0.327,0.364,0.6910000000000001,64.0,0.10399999999999998,0.067,0.431,8.454810495626822,6.41399416909621,1.3181818181818181,0.2589928057553957,0.23815,448.33333333333337,0.21103896103896103,0.6074380165289256,0.26,80.0,8.0,38.0,117.0,343.0,308.0,64.0,8.0,0.0,31.0,0.327,0.364,29.0,0,2.0,,112.0,6,4,4.0,0.0,,36.225519287833826,37.886
1967,CL,中日ドラゴンズ,21923823,高木　時夫,T.Takagi,7.0,4.0,4.0,0.0,1.0,0.0,0.0,0.0,1.0,0.0,0.0,0,0.0,0.0,0.0,0,0.0,2.0,0.0,0.25,0.25,0.25,0.5,1.0,0.0,0.0,0.25,0.0,50.0,0.0,0.5,0.175,333.3333333333333,0.0,0.3333333333333333,0.25,1.0,0.0,0.0,7.0,4.0,4.0,1.0,0.0,0.0,0.0,0.25,0.25,0.0,0,0.0,,1.0,0.0,0,0.0,0.0,,0.25,0.20599999999999996
1967,CL,横浜DeNAベイスターズ,23123825,山田　忠男,T.Yamada,18.0,6.0,5.0,0.0,0.0,0.0,0.0,0.0,0.0,0.0,0.0,0,1.0,0.0,0.0,0,0.0,2.0,0.0,0.0,0.0,0.0,0.0,0.0,0.0,0.0,0.0,0.0,33.33333333333333,0.0,0.0,0.0,0.0,0.0,0.0,0.0,0.0,0.0,0.0,18.0,6.0,5.0,0.0,0.0,0.0,0.0,0.0,0.0,0.0,0,0.0,,0.0,0.0,0,1.0,0.0,,0.0,-0.49
1967,CL,東京ヤクルトスワローズ,31033804,並木　輝男,T.Namiki,1.0,1.0,1.0,0.0,0.0,0.0,0.0,0.0,0.0,0.0,0.0,0,0.0,0.0,0.0,0,0.0,0.0,0.0,0.0,0.0,0.0,0.0,0.0,0.0,0.0,0.0,0.0,0.0,nan,0.0,0.0,0.0,0.0,0.0,0.0,0.0,0.0,0.0,1.0,1.0,1.0,0.0,0.0,0.0,0.0,0.0,0.0,0.0,0,0.0,,0.0,0.0,0,0.0,0.0,,0.0,-0.098
1967,CL,阪神タイガース,31033822,藤田　平,T.Fujita,131.0,561.0,530.0,67.0,154.0,30.0,10.0,16.0,252.0,44.0,7,6,1.0,2.0,24.0,0,4.0,65.0,7.0,0.291,0.325,0.475,0.8,98.0,0.184,0.03400000000000003,0.509,4.27807486631016,11.58645276292335,0.36923076923076925,0.30598669623059865,0.265,483.3333333333333,0.24150943396226415,0.7467362924281984,0.291,154.0,16.0,44.0,131.0,561.0,530.0,98.0,30.0,10.0,67.0,0.325,0.475,24.0,0,4.0,,252.0,7,6,1.0,2.0,,80.96750902527076,77.51199999999999
1967,CL,広島東洋カープ,31033824,東山　親雄,C.Higashiyama,7.0,6.0,6.0,0.0,1.0,0.0,0.0,0.0,1.0,0.0,0.0,0,0.0,0.0,0.0,0,0.0,2.0,0.0,0.167,0.167,0.167,0.334,1.0,0.0,0.0,0.167,0.0,33.33333333333333,0.0,0.25,0.1169,222.66666666666669,0.0,0.2,0.167,1.0,0.0,0.0,7.0,6.0,6.0,1.0,0.0,0.0,0.0,0.167,0.167,0.0,0,0.0,,1.0,0.0,0,0.0,0.0,,0.16666666666666666,0.010000000000000009
1967,CL,東京ヤクルトスワローズ,31033825,渋谷　誠司,S.Shibutani,15.0,4.0,4.0,1.0,1.0,0.0,0.0,0.0,1.0,0.0,0.0,0,0.0,0.0,0.0,0,0.0,2.0,0.0,0.25,0.25,0.25,0.5,1.0,0.0,0.0,0.25,0.0,50.0,0.0,0.5,0.175,333.3333333333333,0.0,0.3333333333333333,0.25,1.0,0.0,0.0,15.0,4.0,4.0,1.0,0.0,0.0,1.0,0.25,0.25,0.0,0,0.0,,1.0,0.0,0,0.0,0.0,,0.25,0.20599999999999996
1967,CL,横浜DeNAベイスターズ,31133820,阿部　成宏,N.Abe,3.0,0.0,0.0,0.0,0.0,0.0,0.0,0.0,0.0,0.0,0.0,0,0.0,0.0,0.0,0,0.0,0.0,0.0,,,,0.0,0.0,0.0,0.0,,nan,nan,nan,nan,0.0,0.0,nan,nan,,0.0,0.0,0.0,3.0,0.0,0.0,0.0,0.0,0.0,0.0,,,0.0,0,0.0,,0.0,0.0,0,0.0,0.0,,nan,0.0
1967,CL,中日ドラゴンズ,31133822,相川　進,S.Aikawa,34.0,60.0,55.0,8.0,14.0,4.0,1.0,2.0,26.0,5.0,1,0,0.0,0.0,5.0,0,0.0,16.0,0.0,0.255,0.317,0.473,0.79,7.0,0.21799999999999997,0.062,0.5349999999999999,8.333333333333332,26.666666666666668,0.3125,0.32432432432432434,0.2609,474.6666666666667,0.3090909090909091,0.7560975609756098,0.255,14.0,2.0,5.0,34.0,60.0,55.0,7.0,4.0,1.0,8.0,0.317,0.473,5.0,0,0.0,,26.0,1,0,0.0,0.0,,8.233333333333333,7.932000000000001
1967,CL,広島東洋カープ,31133824,青木　勝男,K.Aoki,1.0,1.0,1.0,0.0,0.0,0.0,0.0,0.0,0.0,0.0,0.0,0,0.0,0.0,0.0,0,0.0,0.0,0.0,0.0,0.0,0.0,0.0,0.0,0.0,0.0,0.0,0.0,0.0,nan,0.0,0.0,0.0,0.0,0.0,0.0,0.0,0.0,0.0,1.0,1.0,1.0,0.0,0.0,0.0,0.0,0.0,0.0,0.0,0,0.0,,0.0,0.0,0,0.0,0.0,,0.0,-0.098
1967,CL,横浜DeNAベイスターズ,31133825,F.アグリー,F.Agcaoili,75.0,148.0,132.0,13.0,34.0,5.0,0.0,4.0,51.0,13.0,0.0,0,0.0,1.0,14.0,0,1.0,22.0,5.0,0.258,0.331,0.386,0.7170000000000001,25.0,0.128,0.07300000000000001,0.459,9.45945945945946,14.864864864864865,0.6363636363636364,0.2803738317757009,0.24545,459.6666666666667,0.23484848484848486,0.6407766990291263,0.258,34.0,4.0,13.0,75.0,148.0,132.0,25.0,5.0,0.0,13.0,0.331,0.386,14.0,0,1.0,,51.0,0.0,0,0.0,1.0,,16.767123287671232,17.205999999999996
1967,CL,東京ヤクルトスワローズ,31233807,豊田　泰光,Y.Toyoda,106.0,346.0,309.0,34.0,76.0,18.0,2.0,9.0,125.0,36.0,3,4,0.0,2.0,32.0,0,3.0,60.0,4.0,0.246,0.321,0.405,0.726,47.0,0.15900000000000003,0.07500000000000001,0.48,9.248554913294797,17.341040462427745,0.5333333333333333,0.2768595041322314,0.2457,456.0,0.2750809061488673,0.6919831223628692,0.246,76.0,9.0,36.0,106.0,346.0,309.0,47.0,18.0,2.0,34.0,0.321,0.405,32.0,0,3.0,,125.0,3,4,0.0,2.0,,39.589442815249264,40.93599999999999
1967,CL,東京ヤクルトスワローズ,31233820,細田　正彦,M.Hosoda,5.0,2.0,2.0,0.0,1.0,0.0,0.0,0.0,1.0,0.0,0.0,0,0.0,0.0,0.0,0,0.0,0.0,0.0,0.5,0.5,0.5,1.0,1.0,0.0,0.0,0.5,0.0,0.0,nan,0.5,0.35,666.6666666666666,0.0,1.0,0.5,1.0,0.0,0.0,5.0,2.0,2.0,1.0,0.0,0.0,0.0,0.5,0.5,0.0,0,0.0,,1.0,0.0,0,0.0,0.0,,0.5,0.402
1967,CL,広島東洋カープ,31233822,山本　真一,S.Yamamoto,1.0,0.0,0.0,0.0,0.0,0.0,0.0,0.0,0.0,0.0,0.0,0,0.0,0.0,0.0,0,0.0,0.0,0.0,,,,0.0,0.0,0.0,0.0,,nan,nan,nan,nan,0.0,0.0,nan,nan,,0.0,0.0,0.0,1.0,0.0,0.0,0.0,0.0,0.0,0.0,,,0.0,0,0.0,,0.0,0.0,0,0.0,0.0,,nan,0.0
1967,CL,阪神タイガース,31233827,山尾　孝雄,T.Yamao,52.0,45.0,42.0,5.0,6.0,1.0,0.0,0.0,7.0,1.0,1,0,1.0,0.0,2.0,0,0.0,11.0,2.0,0.143,0.182,0.167,0.349,5.0,0.02400000000000002,0.03900000000000001,0.206,4.444444444444445,24.444444444444443,0.18181818181818182,0.1935483870967742,0.12365000000000001,237.66666666666666,0.07142857142857142,0.23684210526315788,0.143,6.0,0.0,1.0,52.0,45.0,42.0,5.0,1.0,0.0,5.0,0.182,0.167,2.0,0,0.0,,7.0,1,0,1.0,0.0,,1.2727272727272727,0.35199999999999987
1967,CL,東京ヤクルトスワローズ,31233829,S.パリス,S.Palys,100.0,264.0,245.0,21.0,68.0,11.0,1.0,6.0,99.0,42.0,1,2,0.0,3.0,13.0,0,3.0,35.0,6.0,0.278,0.318,0.404,0.722,50.0,0.126,0.03999999999999998,0.444,4.924242424242424,13.257575757575758,0.37142857142857144,0.2995169082125604,0.2441,452.6666666666667,0.18775510204081633,0.639344262295082,0.278,68.0,6.0,42.0,100.0,264.0,245.0,50.0,11.0,1.0,21.0,0.318,0.404,13.0,0,3.0,,99.0,1,2,0.0,3.0,,31.08139534883721,30.894000000000002
1967,CL,広島東洋カープ,31333806,今津　光男,M.Imazu,115.0,337.0,308.0,25.0,57.0,9.0,1.0,2.0,74.0,20.0,13,3,9.0,1.0,17.0,0,2.0,31.0,10.0,0.185,0.232,0.24,0.472,45.0,0.05499999999999999,0.047000000000000014,0.287,5.044510385756676,9.198813056379821,0.5483870967741935,0.19927536231884058,0.1644,312.0,0.12012987012987013,0.367816091954023,0.185,57.0,2.0,20.0,115.0,337.0,308.0,45.0,9.0,1.0,25.0,0.232,0.24,17.0,0,2.0,,74.0,13,3,9.0,1.0,,16.84923076923077,15.111999999999998
1967,CL,広島東洋カープ,31333825,池田　英俊,H.Ikeda,9.0,16.0,16.0,0.0,0.0,0.0,0.0,0.0,0.0,0.0,0.0,0,0.0,0.0,0.0,0,0.0,3.0,2.0,0.0,0.0,0.0,0.0,0.0,0.0,0.0,0.0,0.0,18.75,0.0,0.0,0.0,0.0,0.0,0.0,0.0,0.0,0.0,0.0,9.0,16.0,16.0,0.0,0.0,0.0,0.0,0.0,0.0,0.0,0,0.0,,0.0,0.0,0,0.0,0.0,,0.0,-1.568
1967,CL,横浜DeNAベイスターズ,31433808,峰　国安,K.Mine,23.0,2.0,2.0,0.0,0.0,0.0,0.0,0.0,0.0,0.0,0.0,0,0.0,0.0,0.0,0,0.0,1.0,0.0,0.0,0.0,0.0,0.0,0.0,0.0,0.0,0.0,0.0,50.0,0.0,0.0,0.0,0.0,0.0,0.0,0.0,0.0,0.0,0.0,23.0,2.0,2.0,0.0,0.0,0.0,0.0,0.0,0.0,0.0,0,0.0,,0.0,0.0,0,0.0,0.0,,0.0,-0.196
1967,CL,東京ヤクルトスワローズ,31433820,山崎　裕之,H.Yamazaki,113.0,367.0,339.0,26.0,76.0,12.0,4.0,7.0,117.0,34.0,8,4,6.0,0.0,19.0,0,3.0,78.0,5.0,0.224,0.271,0.345,0.616,53.0,0.12099999999999997,0.047000000000000014,0.392,5.177111716621254,21.25340599455041,0.24358974358974358,0.27165354330708663,0.2082,386.0,0.1887905604719764,0.5335820895522388,0.224,76.0,7.0,34.0,113.0,367.0,339.0,53.0,12.0,4.0,26.0,0.271,0.345,19.0,0,3.0,,117.0,8,4,6.0,0.0,,31.047486033519554,31.58599999999999
1967,CL,広島東洋カープ,31433821,竜　憲一,K.Ryuu,33.0,19.0,18.0,1.0,3.0,0.0,1.0,0.0,5.0,2.0,0.0,0,1.0,0.0,0.0,0,0.0,2.0,0.0,0.167,0.167,0.278,0.44500000000000006,2.0,0.11100000000000002,0.0,0.278,0.0,10.526315789473683,0.0,0.1875,0.14465,259.6666666666667,0.1111111111111111,0.3333333333333333,0.167,3.0,0.0,2.0,33.0,19.0,18.0,2.0,0.0,1.0,1.0,0.167,0.278,0.0,0,0.0,,5.0,0.0,0,1.0,0.0,,0.8333333333333334,0.5700000000000001
1967,CL,横浜DeNAベイスターズ,31433824,山下　律夫,R.Yamashita,23.0,11.0,9.0,0.0,3.0,0.0,0.0,0.0,3.0,1.0,0.0,0,1.0,0.0,1.0,0,0.0,4.0,0.0,0.333,0.4,0.333,0.7330000000000001,3.0,0.0,0.067,0.4,9.090909090909092,36.36363636363637,0.25,0.6,0.26325000000000004,511.0,0.1111111111111111,0.6666666666666666,0.333,3.0,0.0,1.0,23.0,11.0,9.0,3.0,0.0,0.0,0.0,0.4,0.333,1.0,0,0.0,,3.0,0.0,0,1.0,0.0,,1.2,1.242
1967,CL,広島東洋カープ,31533800,大和田　明,A.Oowada,107.0,325.0,301.0,24.0,66.0,6.0,1.0,8.0,98.0,30.0,1.0,1,3.0,5.0,15.0,0,1.0,24.0,8.0,0.219,0.255,0.326,0.581,51.0,0.10700000000000001,0.036000000000000004,0.362,4.615384615384616,7.384615384615385,0.625,0.2116788321167883,0.19625,363.6666666666667,0.15946843853820597,0.4732510288065844,0.219,66.0,8.0,30.0,107.0,325.0,301.0,51.0,6.0,1.0,24.0,0.255,0.326,15.0,0,1.0,,98.0,1.0,1,3.0,5.0,,25.120253164556964,24.809999999999995
1967,CL,中日ドラゴンズ,31733800,葛城　隆雄,T.Katsuragi,127.0,416.0,384.0,50.0,106.0,20.0,2.0,20.0,190.0,59.0,4,2,1.0,5.0,19.0,0,7.0,41.0,10.0,0.276,0.318,0.495,0.813,64.0,0.21899999999999997,0.04199999999999998,0.5369999999999999,4.567307692307692,9.85576923076923,0.4634146341463415,0.2621951219512195,0.26685000000000003,483.0,0.2734375,0.7569444444444444,0.276,106.0,20.0,59.0,127.0,416.0,384.0,64.0,20.0,2.0,50.0,0.318,0.495,19.0,0,7.0,,190.0,4,2,1.0,5.0,,58.93300248138958,58.976
1967,CL,中日ドラゴンズ,31733823,権藤　博,H.Gondou,107.0,331.0,288.0,34.0,62.0,8.0,3.0,5.0,91.0,27.0,6.0,6,26.0,4.0,11.0,0,2.0,50.0,3.0,0.215,0.246,0.316,0.562,46.0,0.101,0.031,0.347,3.3232628398791544,15.105740181268882,0.22,0.24050632911392406,0.1897,351.3333333333333,0.1597222222222222,0.48034934497816595,0.215,62.0,5.0,27.0,107.0,331.0,288.0,46.0,8.0,3.0,34.0,0.246,0.316,11.0,0,2.0,,91.0,6.0,6,26.0,4.0,,22.217391304347824,22.301999999999996
1967,CL,東京ヤクルトスワローズ,31733824,嵯峨野　昇,N.Sagano,1.0,0.0,0.0,0.0,0.0,0.0,0.0,0.0,0.0,0.0,0.0,0,0.0,0.0,0.0,0,0.0,0.0,0.0,,,,0.0,0.0,0.0,0.0,,nan,nan,nan,nan,0.0,0.0,nan,nan,,0.0,0.0,0.0,1.0,0.0,0.0,0.0,0.0,0.0,0.0,,,0.0,0,0.0,,0.0,0.0,0,0.0,0.0,,nan,0.0
1967,CL,中日ドラゴンズ,31733825,門岡　信行,N.Kadooka,30.0,56.0,50.0,3.0,8.0,1.0,0.0,0.0,9.0,1.0,0.0,0,5.0,0.0,0.0,0,1.0,13.0,1.0,0.16,0.176,0.18,0.356,7.0,0.01999999999999999,0.015999999999999986,0.1959999999999999,0.0,23.214285714285715,0.0,0.21621621621621623,0.12419999999999999,236.0,0.02,0.23255813953488372,0.16,8.0,0.0,1.0,30.0,56.0,50.0,7.0,1.0,0.0,3.0,0.176,0.18,0.0,0,1.0,,9.0,0.0,0,5.0,0.0,,1.44,0.4339999999999993
1967,CL,中日ドラゴンズ,31833802,法元　英明,H.Houmoto,72.0,94.0,87.0,5.0,24.0,4.0,1.0,1.0,33.0,9.0,0.0,0,1.0,2.0,4.0,0,0.0,4.0,3.0,0.276,0.301,0.379,0.6799999999999999,18.0,0.10299999999999998,0.024999999999999967,0.4039999999999999,4.25531914893617,4.25531914893617,1.0,0.27380952380952384,0.2302,427.33333333333337,0.14942528735632185,0.5606060606060606,0.276,24.0,1.0,9.0,72.0,94.0,87.0,18.0,4.0,1.0,5.0,0.301,0.379,4.0,0,0.0,,33.0,0.0,0,1.0,2.0,,10.153846153846153,9.505999999999997
1967,CL,阪神タイガース,31833807,吉田　義男,Y.Yoshida,113.0,390.0,351.0,29.0,82.0,7.0,2.0,2.0,99.0,22.0,6,10,22.0,1.0,13.0,0,3.0,20.0,13.0,0.234,0.266,0.282,0.548,71.0,0.04799999999999996,0.032,0.3139999999999999,3.3333333333333335,5.128205128205128,0.65,0.24242424242424243,0.1902,360.0,0.11396011396011396,0.4432624113475177,0.234,82.0,2.0,22.0,113.0,390.0,351.0,71.0,7.0,2.0,29.0,0.266,0.282,13.0,0,3.0,,99.0,6,10,22.0,1.0,,25.837912087912088,26.217999999999996
1967,CL,東京ヤクルトスワローズ,31933807,小山　正明,M.Koyama,47.0,79.0,71.0,5.0,13.0,1.0,0.0,0.0,14.0,7.0,0.0,0,5.0,0.0,3.0,0,0.0,15.0,1.0,0.183,0.216,0.197,0.41300000000000003,12.0,0.014000000000000012,0.033,0.23,3.79746835443038,18.9873417721519,0.2,0.23214285714285715,0.14645,281.6666666666667,0.056338028169014086,0.288135593220339,0.183,13.0,0.0,7.0,47.0,79.0,71.0,12.0,1.0,0.0,5.0,0.216,0.197,3.0,0,0.0,,14.0,0.0,0,5.0,0.0,,3.027027027027027,2.026
1967,CL,東京ヤクルトスワローズ,31933808,坂井　勝二,K.Sakai,46.0,87.0,75.0,1.0,7.0,1.0,0.0,0.0,8.0,1.0,0.0,0,6.0,0.0,6.0,0,0.0,29.0,0.0,0.093,0.16,0.107,0.267,6.0,0.013999999999999999,0.067,0.174,6.896551724137931,33.33333333333333,0.20689655172413793,0.15217391304347827,0.09875,195.66666666666666,0.09333333333333334,0.20588235294117646,0.093,7.0,0.0,1.0,46.0,87.0,75.0,6.0,1.0,0.0,1.0,0.16,0.107,6.0,0,0.0,,8.0,0.0,0,6.0,0.0,,1.2839506172839505,-0.9640000000000013
1967,CL,広島東洋カープ,31933822,中村　光哉,M.Nakamura,6.0,0.0,0.0,0.0,0.0,0.0,0.0,0.0,0.0,0.0,0.0,0,0.0,0.0,0.0,0,0.0,0.0,0.0,,,,0.0,0.0,0.0,0.0,,nan,nan,nan,nan,0.0,0.0,nan,nan,,0.0,0.0,0.0,6.0,0.0,0.0,0.0,0.0,0.0,0.0,,,0.0,0,0.0,,0.0,0.0,0,0.0,0.0,,nan,0.0
1967,CL,東京ヤクルトスワローズ,31933824,武上　四郎,S.Takegami,107.0,431.0,405.0,45.0,121.0,12.0,6.0,3.0,154.0,27.0,5,11,5.0,1.0,16.0,0,4.0,41.0,7.0,0.299,0.331,0.38,0.7110000000000001,100.0,0.08100000000000002,0.03200000000000003,0.412,3.7122969837587005,9.51276102088167,0.3902439024390244,0.3259668508287293,0.24395,457.6666666666667,0.14814814814814814,0.6357388316151202,0.299,121.0,3.0,27.0,107.0,431.0,405.0,100.0,12.0,6.0,45.0,0.331,0.38,16.0,0,4.0,,154.0,5,11,5.0,1.0,,50.11401425178147,49.947999999999986
1967,CL,読売ジャイアンツ,33133825,宮田　征典,Y.Miyata,28.0,9.0,9.0,1.0,0.0,0.0,0.0,0.0,0.0,0.0,0.0,0,0.0,0.0,0.0,0,0.0,5.0,0.0,0.0,0.0,0.0,0.0,0.0,0.0,0.0,0.0,0.0,55.55555555555556,0.0,0.0,0.0,0.0,0.0,0.0,0.0,0.0,0.0,0.0,28.0,9.0,9.0,0.0,0.0,0.0,1.0,0.0,0.0,0.0,0,0.0,,0.0,0.0,0,0.0,0.0,,0.0,-0.882
1967,CL,阪神タイガース,33333802,若生　智男,T.Wakou,47.0,45.0,42.0,0.0,2.0,0.0,0.0,0.0,2.0,1.0,0.0,0,2.0,0.0,1.0,0,0.0,26.0,1.0,0.048,0.07,0.048,0.11800000000000001,2.0,0.0,0.022000000000000006,0.07,2.2222222222222223,57.77777777777777,0.038461538461538464,0.125,0.04350000000000001,86.0,0.023809523809523808,0.07317073170731707,0.048,2.0,0.0,1.0,47.0,45.0,42.0,2.0,0.0,0.0,0.0,0.07,0.048,1.0,0,0.0,,2.0,0.0,0,2.0,0.0,,0.13953488372093023,-2.59
1967,CL,広島東洋カープ,3703800,横溝　桂,K.Yokomizo,100.0,292.0,262.0,18.0,60.0,12.0,0.0,3.0,81.0,27.0,1.0,0,0.0,1.0,23.0,0,6.0,27.0,6.0,0.229,0.305,0.309,0.614,45.0,0.07999999999999999,0.07599999999999998,0.385,7.876712328767123,9.246575342465754,0.8518518518518519,0.2446351931330472,0.21450000000000002,408.0,0.1717557251908397,0.5336538461538461,0.229,60.0,3.0,27.0,100.0,292.0,262.0,45.0,12.0,0.0,18.0,0.305,0.309,23.0,0,6.0,,81.0,1.0,0,0.0,1.0,,23.589473684210525,25.414
1967,CL,中日ドラゴンズ,41043822,松本　忍,S.Matsumoto,22.0,13.0,12.0,0.0,1.0,0.0,1.0,0.0,3.0,1.0,0.0,0,0.0,0.0,1.0,0,0.0,8.0,0.0,0.083,0.154,0.25,0.404,0.0,0.16699999999999998,0.071,0.3209999999999999,7.6923076923076925,61.53846153846154,0.125,0.25,0.1318,237.33333333333334,0.25,0.36363636363636365,0.083,1.0,0.0,1.0,22.0,13.0,12.0,0.0,0.0,1.0,0.0,0.154,0.25,1.0,0,0.0,,3.0,0.0,0,0.0,0.0,,0.46153846153846156,0.29200000000000004
1967,CL,東京ヤクルトスワローズ,41043823,徳武　定之,S.Tokutake,93.0,233.0,205.0,18.0,53.0,7.0,0.0,6.0,78.0,19.0,0,2,0.0,3.0,25.0,0,0.0,26.0,6.0,0.259,0.335,0.38,0.7150000000000001,40.0,0.121,0.07600000000000001,0.456,10.72961373390558,11.158798283261802,0.9615384615384616,0.26704545454545453,0.24575000000000002,461.6666666666667,0.25365853658536586,0.6645569620253164,0.259,53.0,6.0,19.0,93.0,233.0,205.0,40.0,7.0,0.0,18.0,0.335,0.38,25.0,0,0.0,,78.0,0,2,0.0,3.0,,26.452173913043477,27.394
1967,CL,横浜DeNAベイスターズ,41043824,淵上　澄雄,S.Fuchigami,2.0,0.0,0.0,0.0,0.0,0.0,0.0,0.0,0.0,0.0,0.0,0,0.0,0.0,0.0,0,0.0,0.0,0.0,,,,0.0,0.0,0.0,0.0,,nan,nan,nan,nan,0.0,0.0,nan,nan,,0.0,0.0,0.0,2.0,0.0,0.0,0.0,0.0,0.0,0.0,,,0.0,0,0.0,,0.0,0.0,0,0.0,0.0,,nan,0.0
1967,CL,読売ジャイアンツ,41043825,千田　啓介,K.Senda,57.0,37.0,29.0,10.0,5.0,0.0,0.0,0.0,5.0,1.0,3,4,1.0,0.0,7.0,0,0.0,6.0,1.0,0.172,0.333,0.172,0.505,5.0,0.0,0.16100000000000003,0.333,18.91891891891892,16.216216216216218,1.1666666666666667,0.21739130434782608,0.19285000000000002,390.33333333333337,0.3793103448275862,0.64,0.172,5.0,0.0,1.0,57.0,37.0,29.0,5.0,0.0,0.0,10.0,0.333,0.172,7.0,0,0.0,,5.0,3,4,1.0,0.0,,1.6666666666666667,3.178
1967,CL,広島東洋カープ,41043829,西川　克弘,K.Nishikawa,34.0,8.0,8.0,0.0,0.0,0.0,0.0,0.0,0.0,0.0,0.0,0,0.0,0.0,0.0,0,0.0,4.0,0.0,0.0,0.0,0.0,0.0,0.0,0.0,0.0,0.0,0.0,50.0,0.0,0.0,0.0,0.0,0.0,0.0,0.0,0.0,0.0,0.0,34.0,8.0,8.0,0.0,0.0,0.0,0.0,0.0,0.0,0.0,0,0.0,,0.0,0.0,0,0.0,0.0,,0.0,-0.784
1967,CL,中日ドラゴンズ,41143808,伊藤　竜彦,T.Itou,102.0,263.0,246.0,24.0,58.0,10.0,2.0,1.0,75.0,17.0,2,5,5.0,2.0,9.0,0,1.0,32.0,4.0,0.236,0.264,0.305,0.569,45.0,0.069,0.028000000000000025,0.333,3.4220532319391634,12.167300380228136,0.28125,0.2651162790697674,0.19505,365.6666666666667,0.12601626016260162,0.46875,0.236,58.0,1.0,17.0,102.0,263.0,246.0,45.0,10.0,2.0,24.0,0.264,0.305,9.0,0,1.0,,75.0,2,5,5.0,2.0,,19.705882352941178,18.995999999999995
1967,CL,中日ドラゴンズ,41143824,井手　峻,T.Ide,17.0,8.0,6.0,1.0,0.0,0.0,0.0,0.0,0.0,0.0,0.0,0,1.0,0.0,1.0,0,0.0,2.0,0.0,0.0,0.143,0.0,0.143,0.0,0.0,0.143,0.143,12.5,25.0,0.5,0.0,0.06434999999999999,143.0,0.16666666666666666,0.16666666666666666,0.0,0.0,0.0,0.0,17.0,8.0,6.0,0.0,0.0,0.0,1.0,0.143,0.0,1.0,0,0.0,,0.0,0.0,0,1.0,0.0,,0.0,-0.25800000000000006
1967,CL,阪神タイガース,41243806,本屋敷　錦吾,K.Motoyashiki,66.0,134.0,122.0,10.0,31.0,1.0,2.0,0.0,36.0,7.0,1.0,1,2.0,2.0,7.0,0,1.0,20.0,2.0,0.254,0.295,0.295,0.59,28.0,0.04099999999999998,0.04099999999999998,0.3359999999999999,5.223880597014925,14.925373134328357,0.35,0.2980769230769231,0.20650000000000002,393.3333333333333,0.10655737704918032,0.4838709677419355,0.254,31.0,0.0,7.0,66.0,134.0,122.0,28.0,1.0,2.0,10.0,0.295,0.295,7.0,0,1.0,,36.0,1.0,1,2.0,2.0,,10.604651162790697,10.702
1967,CL,広島東洋カープ,41243820,宮本　洋二郎,Y.Miyamoto,34.0,33.0,30.0,0.0,3.0,0.0,0.0,0.0,3.0,3.0,0.0,0,2.0,0.0,1.0,0,0.0,13.0,0.0,0.1,0.129,0.1,0.229,3.0,0.0,0.028999999999999998,0.129,3.0303030303030303,39.39393939393939,0.07692307692307693,0.17647058823529413,0.08305000000000001,162.33333333333334,0.03333333333333333,0.14814814814814814,0.1,3.0,0.0,3.0,34.0,33.0,30.0,3.0,0.0,0.0,0.0,0.129,0.1,1.0,0,0.0,,3.0,0.0,0,2.0,0.0,,0.3870967741935484,-0.8159999999999998
1967,CL,東京ヤクルトスワローズ,41243824,八木沢　荘六,S.Yagisawa,1.0,0.0,0.0,0.0,0.0,0.0,0.0,0.0,0.0,0.0,0.0,0,0.0,0.0,0.0,0,0.0,0.0,0.0,,,,0.0,0.0,0.0,0.0,,nan,nan,nan,nan,0.0,0.0,nan,nan,,0.0,0.0,0.0,1.0,0.0,0.0,0.0,0.0,0.0,0.0,,,0.0,0,0.0,,0.0,0.0,0,0.0,0.0,,nan,0.0
1967,CL,阪神タイガース,41243829,古沢　憲司,K.Furusawa,21.0,6.0,6.0,1.0,1.0,1.0,0.0,0.0,2.0,0.0,0.0,0,0.0,0.0,0.0,0,0.0,5.0,0.0,0.167,0.167,0.333,0.5,0.0,0.166,0.0,0.333,0.0,83.33333333333334,0.0,1.0,0.1584,278.0,0.16666666666666666,0.4,0.167,1.0,0.0,0.0,21.0,6.0,6.0,0.0,1.0,0.0,1.0,0.167,0.333,0.0,0,0.0,,2.0,0.0,0,0.0,0.0,,0.3333333333333333,0.22999999999999998
1967,CL,阪神タイガース,41343824,江夏　豊,Y.Enatsu,42.0,79.0,77.0,3.0,11.0,1.0,0.0,1.0,15.0,7.0,0.0,0,1.0,0.0,1.0,0,0.0,29.0,3.0,0.143,0.154,0.195,0.349,9.0,0.05200000000000002,0.01100000000000001,0.206,1.2658227848101267,36.708860759493675,0.034482758620689655,0.2127659574468085,0.11805,219.0,0.06493506493506493,0.2318840579710145,0.143,11.0,1.0,7.0,42.0,79.0,77.0,9.0,1.0,0.0,3.0,0.154,0.195,1.0,0,0.0,,15.0,0.0,0,1.0,0.0,,2.3076923076923075,0.5220000000000002
1967,CL,横浜DeNAベイスターズ,41343825,稲川　誠,M.Inagawa,29.0,16.0,16.0,0.0,3.0,0.0,1.0,0.0,5.0,3.0,0.0,0,0.0,0.0,0.0,0,0.0,8.0,0.0,0.188,0.188,0.312,0.5,2.0,0.124,0.0,0.312,0.0,50.0,0.0,0.375,0.16260000000000002,292.0,0.125,0.38461538461538464,0.188,3.0,0.0,3.0,29.0,16.0,16.0,2.0,0.0,1.0,0.0,0.188,0.312,0.0,0,0.0,,5.0,0.0,0,0.0,0.0,,0.9375,0.766
1967,CL,東京ヤクルトスワローズ,41443804,村田　元一,G.Murata,34.0,58.0,55.0,3.0,5.0,1.0,1.0,0.0,8.0,2.0,0.0,0,2.0,0.0,1.0,0,0.0,20.0,1.0,0.091,0.107,0.145,0.252,3.0,0.05399999999999999,0.016,0.1609999999999999,1.7241379310344827,34.48275862068966,0.05,0.14285714285714285,0.0844,155.33333333333331,0.07272727272727272,0.17647058823529413,0.091,5.0,0.0,2.0,34.0,58.0,55.0,3.0,1.0,1.0,3.0,0.107,0.145,1.0,0,0.0,,8.0,0.0,0,2.0,0.0,,0.8571428571428571,-1.3100000000000005
1967,CL,横浜DeNAベイスターズ,41543808,金光　秀憲,H.Kanemitsu,71.0,85.0,78.0,4.0,12.0,2.0,0.0,1.0,17.0,10.0,0.0,0,0.0,1.0,5.0,0,1.0,10.0,1.0,0.154,0.212,0.218,0.43,9.0,0.064,0.057999999999999996,0.276,5.88235294117647,11.76470588235294,0.5,0.16176470588235295,0.1499,284.6666666666667,0.1282051282051282,0.34328358208955223,0.154,12.0,1.0,10.0,71.0,85.0,78.0,9.0,2.0,0.0,4.0,0.212,0.218,5.0,0,1.0,,17.0,0.0,0,0.0,1.0,,3.4819277108433737,2.8919999999999995
1967,CL,中日ドラゴンズ,41543820,佐々木　孝次,K.Sasaki,7.0,4.0,4.0,0.0,0.0,0.0,0.0,0.0,0.0,0.0,0.0,0,0.0,0.0,0.0,0,0.0,1.0,0.0,0.0,0.0,0.0,0.0,0.0,0.0,0.0,0.0,0.0,25.0,0.0,0.0,0.0,0.0,0.0,0.0,0.0,0.0,0.0,0.0,7.0,4.0,4.0,0.0,0.0,0.0,0.0,0.0,0.0,0.0,0,0.0,,0.0,0.0,0,0.0,0.0,,0.0,-0.392
1967,CL,中日ドラゴンズ,41543821,近藤　瑞郎,M.Kondou,1.0,0.0,0.0,0.0,0.0,0.0,0.0,0.0,0.0,0.0,0.0,0,0.0,0.0,0.0,0,0.0,0.0,0.0,,,,0.0,0.0,0.0,0.0,,nan,nan,nan,nan,0.0,0.0,nan,nan,,0.0,0.0,0.0,1.0,0.0,0.0,0.0,0.0,0.0,0.0,,,0.0,0,0.0,,0.0,0.0,0,0.0,0.0,,nan,0.0
1967,CL,中日ドラゴンズ,41543822,新宅　洋志,H.Shintaku,88.0,264.0,242.0,24.0,52.0,7.0,0.0,6.0,77.0,24.0,1.0,1,6.0,0.0,14.0,0,2.0,43.0,3.0,0.215,0.264,0.318,0.5820000000000001,39.0,0.10300000000000001,0.049000000000000016,0.367,5.303030303030303,16.28787878787879,0.32558139534883723,0.23834196891191708,0.1983,370.0,0.1652892561983471,0.48704663212435234,0.215,52.0,6.0,24.0,88.0,264.0,242.0,39.0,7.0,0.0,24.0,0.264,0.318,14.0,0,2.0,,77.0,1.0,1,6.0,0.0,,19.8515625,20.02
1967,CL,東京ヤクルトスワローズ,41543824,川藤　竜之輔,R.Kawatou,2.0,0.0,0.0,0.0,0.0,0.0,0.0,0.0,0.0,0.0,0.0,0,0.0,0.0,0.0,0,0.0,0.0,0.0,,,,0.0,0.0,0.0,0.0,,nan,nan,nan,nan,0.0,0.0,nan,nan,,0.0,0.0,0.0,2.0,0.0,0.0,0.0,0.0,0.0,0.0,,,0.0,0,0.0,,0.0,0.0,0,0.0,0.0,,nan,0.0
1967,CL,広島東洋カープ,41543827,城野　勝博,K.Jouno,19.0,21.0,18.0,0.0,4.0,0.0,0.0,0.0,4.0,1.0,0.0,0,2.0,0.0,1.0,0,0.0,5.0,0.0,0.222,0.263,0.222,0.485,4.0,0.0,0.04100000000000001,0.263,4.761904761904762,23.809523809523807,0.2,0.3076923076923077,0.17385,337.0,0.05555555555555555,0.35714285714285715,0.222,4.0,0.0,1.0,19.0,21.0,18.0,4.0,0.0,0.0,0.0,0.263,0.222,1.0,0,0.0,,4.0,0.0,0,2.0,0.0,,1.0526315789473684,0.958
1967,CL,東京ヤクルトスワローズ,41543829,倉島　今朝徳,K.Kurashima,8.0,11.0,11.0,3.0,4.0,0.0,0.0,1.0,7.0,1.0,0.0,0,0.0,0.0,0.0,0,0.0,1.0,0.0,0.364,0.364,0.636,1.0,3.0,0.272,0.0,0.636,0.0,9.090909090909092,0.0,0.3333333333333333,0.3228,576.0,0.2727272727272727,1.0,0.364,4.0,1.0,1.0,8.0,11.0,11.0,3.0,0.0,0.0,3.0,0.364,0.636,0.0,0,0.0,,7.0,0.0,0,0.0,0.0,,2.5454545454545454,2.254
1967,CL,中日ドラゴンズ,41643800,中　暁生,T.Naka,101.0,423.0,376.0,65.0,129.0,20.0,5.0,10.0,189.0,36.0,25,13,1.0,4.0,39.0,0,0.0,27.0,1.0,0.343,0.401,0.503,0.904,94.0,0.15999999999999998,0.057999999999999996,0.5609999999999999,9.219858156028367,6.382978723404255,1.4444444444444444,0.3469387755102041,0.3062,568.6666666666666,0.2978723404255319,0.9717741935483871,0.343,129.0,10.0,36.0,101.0,423.0,376.0,94.0,20.0,5.0,65.0,0.401,0.503,39.0,0,0.0,,189.0,25,13,1.0,4.0,,76.51084337349397,72.004
1967,CL,読売ジャイアンツ,41643829,渡辺　秀武,H.Watanabe,34.0,64.0,54.0,4.0,3.0,0.0,0.0,0.0,3.0,1.0,0.0,0,8.0,0.0,2.0,0,0.0,20.0,2.0,0.056,0.089,0.056,0.145,3.0,0.0,0.032999999999999995,0.089,3.125,31.25,0.1,0.08823529411764706,0.05405,107.66666666666666,0.037037037037037035,0.09433962264150944,0.056,3.0,0.0,1.0,34.0,64.0,54.0,3.0,0.0,0.0,4.0,0.089,0.056,2.0,0,0.0,,3.0,0.0,0,8.0,0.0,,0.26785714285714285,-2.838
1967,CL,中日ドラゴンズ,41743822,高岡　英司,E.Takaoka,7.0,4.0,4.0,0.0,4.0,1.0,0.0,0.0,5.0,2.0,0.0,0,0.0,0.0,0.0,0,0.0,0.0,0.0,1.0,1.0,1.25,2.25,3.0,0.25,0.0,1.25,0.0,0.0,nan,1.0,0.7625,1416.6666666666667,0.25,nan,1.0,4.0,0.0,2.0,7.0,4.0,4.0,3.0,1.0,0.0,0.0,1.0,1.25,0.0,0,0.0,,5.0,0.0,0,0.0,0.0,,5.0,2.2199999999999998
1967,CL,広島東洋カープ,41743824,須山　成二,S.Suyama,4.0,0.0,0.0,0.0,0.0,0.0,0.0,0.0,0.0,0.0,0.0,0,0.0,0.0,0.0,0,0.0,0.0,0.0,,,,0.0,0.0,0.0,0.0,,nan,nan,nan,nan,0.0,0.0,nan,nan,,0.0,0.0,0.0,4.0,0.0,0.0,0.0,0.0,0.0,0.0,,,0.0,0,0.0,,0.0,0.0,0,0.0,0.0,,nan,0.0
1967,CL,阪神タイガース,41743827,辻　佳紀,Y.Tsuji,95.0,279.0,256.0,19.0,63.0,7.0,2.0,11.0,107.0,30.0,2.0,2,1.0,3.0,16.0,0,3.0,62.0,6.0,0.246,0.295,0.418,0.713,43.0,0.172,0.04899999999999999,0.4669999999999999,5.734767025089606,22.22222222222222,0.25806451612903225,0.27956989247311825,0.23725000000000002,434.33333333333337,0.2421875,0.6432160804020101,0.246,63.0,11.0,30.0,95.0,279.0,256.0,43.0,7.0,2.0,19.0,0.295,0.418,16.0,0,3.0,,107.0,2.0,2,1.0,3.0,,31.077205882352942,32.175999999999995
1967,CL,東京ヤクルトスワローズ,41743829,迫田　七郎,S.Sakota,7.0,1.0,1.0,0.0,0.0,0.0,0.0,0.0,0.0,0.0,0.0,0,0.0,0.0,0.0,0,0.0,1.0,0.0,0.0,0.0,0.0,0.0,0.0,0.0,0.0,0.0,0.0,100.0,0.0,nan,0.0,0.0,0.0,0.0,0.0,0.0,0.0,0.0,7.0,1.0,1.0,0.0,0.0,0.0,0.0,0.0,0.0,0.0,0,0.0,,0.0,0.0,0,0.0,0.0,,0.0,-0.098
1967,CL,横浜DeNAベイスターズ,41843825,松原　誠,M.Matsubara,126.0,451.0,409.0,41.0,101.0,28.0,0.0,14.0,171.0,58.0,5,6,2.0,1.0,36.0,0,3.0,65.0,15.0,0.247,0.312,0.418,0.73,59.0,0.17099999999999999,0.065,0.483,7.982261640798225,14.412416851441243,0.5538461538461539,0.2628398791540785,0.2449,451.33333333333337,0.27383863080684595,0.6687306501547987,0.247,101.0,14.0,58.0,126.0,451.0,409.0,59.0,28.0,0.0,41.0,0.312,0.418,36.0,0,3.0,,171.0,5,6,2.0,1.0,,52.64494382022472,53.586
1967,CL,阪神タイガース,41943806,遠井　吾郎,G.Tooi,135.0,545.0,489.0,54.0,151.0,28.0,3.0,10.0,215.0,58.0,2,4,2.0,6.0,45.0,0,3.0,70.0,10.0,0.309,0.366,0.44,0.806,110.0,0.131,0.056999999999999995,0.497,8.256880733944955,12.844036697247708,0.6428571428571429,0.3397590361445783,0.2747,512.6666666666666,0.2310838445807771,0.7672413793103449,0.309,151.0,10.0,58.0,135.0,545.0,489.0,110.0,28.0,3.0,54.0,0.366,0.44,45.0,0,3.0,,215.0,2,4,2.0,6.0,,78.91385767790263,76.11600000000001
1967,CL,東京ヤクルトスワローズ,41943820,成田　文男,F.Narita,56.0,86.0,78.0,5.0,13.0,1.0,2.0,0.0,18.0,3.0,0.0,0,6.0,0.0,2.0,0,0.0,24.0,0.0,0.167,0.188,0.231,0.41900000000000004,10.0,0.064,0.02099999999999999,0.252,2.3255813953488373,27.906976744186046,0.08333333333333333,0.24074074074074073,0.14235,265.0,0.08974358974358974,0.3076923076923077,0.167,13.0,0.0,3.0,56.0,86.0,78.0,10.0,1.0,2.0,5.0,0.188,0.231,2.0,0,0.0,,18.0,0.0,0,6.0,0.0,,3.375,2.089999999999999
1967,CL,読売ジャイアンツ,41943822,林　千代作,C.Hayashi,5.0,5.0,5.0,0.0,0.0,0.0,0.0,0.0,0.0,0.0,0.0,0,0.0,0.0,0.0,0,0.0,2.0,0.0,0.0,0.0,0.0,0.0,0.0,0.0,0.0,0.0,0.0,40.0,0.0,0.0,0.0,0.0,0.0,0.0,0.0,0.0,0.0,0.0,5.0,5.0,5.0,0.0,0.0,0.0,0.0,0.0,0.0,0.0,0,0.0,,0.0,0.0,0,0.0,0.0,,0.0,-0.49
1967,CL,読売ジャイアンツ,41943823,高橋　明,A.Takahashi,24.0,12.0,10.0,0.0,2.0,0.0,0.0,0.0,2.0,0.0,0.0,0,1.0,0.0,1.0,0,0.0,1.0,1.0,0.2,0.273,0.2,0.47300000000000003,2.0,0.0,0.07300000000000001,0.273,8.333333333333332,8.333333333333332,1.0,0.2222222222222222,0.17285,339.6666666666667,0.1,0.3333333333333333,0.2,2.0,0.0,0.0,24.0,12.0,10.0,2.0,0.0,0.0,0.0,0.273,0.2,1.0,0,0.0,,2.0,0.0,0,1.0,0.0,,0.5454545454545454,0.546
1967,CL,阪神タイガース,41943824,西村　公一,K.Nishimura,10.0,10.0,10.0,1.0,0.0,0.0,0.0,0.0,0.0,0.0,0.0,0,0.0,0.0,0.0,0,0.0,4.0,0.0,0.0,0.0,0.0,0.0,0.0,0.0,0.0,0.0,0.0,40.0,0.0,0.0,0.0,0.0,0.0,0.0,0.0,0.0,0.0,0.0,10.0,10.0,10.0,0.0,0.0,0.0,1.0,0.0,0.0,0.0,0,0.0,,0.0,0.0,0,0.0,0.0,,0.0,-0.98
1967,CL,東京ヤクルトスワローズ,41943827,長谷川　一夫,K.Hasegawa,18.0,23.0,22.0,5.0,5.0,2.0,0.0,0.0,7.0,0.0,0.0,0,1.0,0.0,0.0,0,0.0,4.0,1.0,0.227,0.227,0.318,0.545,3.0,0.091,0.0,0.318,0.0,17.391304347826086,0.0,0.2777777777777778,0.18165,333.0,0.09090909090909091,0.3888888888888889,0.227,5.0,0.0,0.0,18.0,23.0,22.0,3.0,2.0,0.0,5.0,0.227,0.318,0.0,0,0.0,,7.0,0.0,0,1.0,0.0,,1.5909090909090908,1.2739999999999998
1967,CL,読売ジャイアンツ,41943829,滝　安治,Y.Taki,13.0,30.0,27.0,6.0,7.0,0.0,0.0,3.0,16.0,5.0,0,1,0.0,0.0,3.0,0,0.0,6.0,1.0,0.259,0.333,0.593,0.9259999999999999,4.0,0.33399999999999996,0.07400000000000001,0.667,10.0,20.0,0.5,0.2222222222222222,0.29810000000000003,530.6666666666666,0.48148148148148145,0.9523809523809523,0.259,7.0,3.0,5.0,13.0,30.0,27.0,4.0,0.0,0.0,6.0,0.333,0.593,3.0,0,0.0,,16.0,0,1,0.0,0.0,,5.333333333333333,5.53
1967,CL,東京ヤクルトスワローズ,43143802,山本　八郎,H.Yamamoto,18.0,41.0,40.0,1.0,2.0,0.0,0.0,0.0,2.0,0.0,0.0,0,0.0,0.0,1.0,0,0.0,10.0,0.0,0.05,0.073,0.05,0.123,2.0,0.0,0.022999999999999993,0.073,2.4390243902439024,24.390243902439025,0.1,0.06666666666666667,0.04535,89.66666666666666,0.025,0.07894736842105263,0.05,2.0,0.0,0.0,18.0,41.0,40.0,2.0,0.0,0.0,1.0,0.073,0.05,1.0,0,0.0,,2.0,0.0,0,0.0,0.0,,0.14634146341463414,-2.394
1967,CL,中日ドラゴンズ,43143825,山中　巽,T.Yamanaka,24.0,45.0,40.0,3.0,8.0,0.0,0.0,0.0,8.0,1.0,0.0,0,4.0,0.0,1.0,0,0.0,10.0,0.0,0.2,0.22,0.2,0.42000000000000004,8.0,0.0,0.01999999999999999,0.22,2.2222222222222223,22.22222222222222,0.1,0.26666666666666666,0.14900000000000002,286.6666666666667,0.025,0.28125,0.2,8.0,0.0,1.0,24.0,45.0,40.0,8.0,0.0,0.0,3.0,0.22,0.2,1.0,0,0.0,,8.0,0.0,0,4.0,0.0,,1.7560975609756098,1.194
1967,CL,読売ジャイアンツ,43543800,森　昌彦,M.Mori,109.0,360.0,331.0,28.0,92.0,10.0,0.0,6.0,120.0,31.0,3,0,1.0,3.0,22.0,0,3.0,22.0,11.0,0.278,0.326,0.363,0.6890000000000001,76.0,0.08499999999999996,0.04799999999999999,0.411,6.111111111111111,6.111111111111111,1.0,0.28104575163398693,0.23745,447.0,0.1510574018126888,0.58,0.278,92.0,6.0,31.0,109.0,360.0,331.0,76.0,10.0,0.0,28.0,0.326,0.363,22.0,0,3.0,,120.0,3,0,1.0,3.0,,38.75354107648725,38.668000000000006
1967,CL,読売ジャイアンツ,51053825,城之内　邦雄,K.Jounouchi,33.0,90.0,80.0,3.0,9.0,1.0,0.0,0.0,10.0,3.0,0.0,0,9.0,0.0,1.0,0,0.0,37.0,1.0,0.113,0.123,0.125,0.248,8.0,0.011999999999999997,0.009999999999999995,0.135,1.1111111111111112,41.11111111111111,0.02702702702702703,0.20930232558139536,0.08660000000000001,164.66666666666666,0.025,0.1527777777777778,0.113,9.0,0.0,3.0,33.0,90.0,80.0,8.0,1.0,0.0,3.0,0.123,0.125,1.0,0,0.0,,10.0,0.0,0,9.0,0.0,,1.2345679012345678,-1.9080000000000004
1967,CL,広島東洋カープ,51153802,阿南　準郎,J.Anan,90.0,144.0,134.0,11.0,24.0,4.0,0.0,1.0,31.0,11.0,6,0,2.0,1.0,7.0,0,0.0,15.0,3.0,0.179,0.218,0.231,0.449,19.0,0.05200000000000002,0.03900000000000001,0.27,4.861111111111112,10.416666666666668,0.4666666666666667,0.19327731092436976,0.15585000000000002,295.0,0.1044776119402985,0.336283185840708,0.179,24.0,1.0,11.0,90.0,144.0,134.0,19.0,4.0,0.0,11.0,0.218,0.231,7.0,0,0.0,,31.0,6,0,2.0,1.0,,6.815602836879433,5.349999999999998
1967,CL,東京ヤクルトスワローズ,51153820,赤井　喜代次,K.Akai,9.0,5.0,5.0,0.0,0.0,0.0,0.0,0.0,0.0,0.0,0,1,0.0,0.0,0.0,0,0.0,1.0,0.0,0.0,0.0,0.0,0.0,0.0,0.0,0.0,0.0,0.0,20.0,0.0,0.0,0.0,0.0,0.2,0.2,0.0,0.0,0.0,0.0,9.0,5.0,5.0,0.0,0.0,0.0,0.0,0.0,0.0,0.0,0,0.0,,0.0,0,1,0.0,0.0,,0.0,-0.31
1967,CL,中日ドラゴンズ,51153824,秋元　肇,H.Akimoto,1.0,0.0,0.0,0.0,0.0,0.0,0.0,0.0,0.0,0.0,0.0,0,0.0,0.0,0.0,0,0.0,0.0,0.0,,,,0.0,0.0,0.0,0.0,,nan,nan,nan,nan,0.0,0.0,nan,nan,,0.0,0.0,0.0,1.0,0.0,0.0,0.0,0.0,0.0,0.0,,,0.0,0,0.0,,0.0,0.0,0,0.0,0.0,,nan,0.0
1967,CL,阪神タイガース,51153825,安部　和春,K.Abe,24.0,5.0,5.0,0.0,2.0,1.0,0.0,0.0,3.0,0.0,0.0,0,0.0,0.0,0.0,0,0.0,1.0,0.0,0.4,0.4,0.6,1.0,1.0,0.19999999999999996,0.0,0.6,0.0,20.0,0.0,0.5,0.33,600.0,0.2,1.0,0.4,2.0,0.0,0.0,24.0,5.0,5.0,1.0,1.0,0.0,0.0,0.4,0.6,0.0,0,0.0,,3.0,0.0,0,0.0,0.0,,1.2,0.9259999999999999
1967,CL,広島東洋カープ,51153829,安仁屋　宗八,S.Aniya,45.0,57.0,54.0,1.0,6.0,1.0,0.0,0.0,7.0,1.0,0.0,0,2.0,0.0,1.0,0,0.0,16.0,0.0,0.111,0.127,0.13,0.257,5.0,0.019000000000000003,0.016,0.146,1.7543859649122806,28.07017543859649,0.0625,0.15789473684210525,0.08965000000000001,170.33333333333334,0.037037037037037035,0.16666666666666666,0.111,6.0,0.0,1.0,45.0,57.0,54.0,5.0,1.0,0.0,1.0,0.127,0.13,1.0,0,0.0,,7.0,0.0,0,2.0,0.0,,0.8909090909090909,-1.1540000000000008
1967,CL,中日ドラゴンズ,51253808,板東　英二,E.Bandou,51.0,30.0,27.0,1.0,3.0,1.0,0.0,0.0,4.0,1.0,0.0,0,1.0,0.0,2.0,0,0.0,8.0,0.0,0.111,0.172,0.148,0.31999999999999995,2.0,0.03699999999999999,0.060999999999999985,0.2089999999999999,6.666666666666667,26.666666666666668,0.25,0.15789473684210525,0.1144,221.33333333333331,0.1111111111111111,0.25,0.111,3.0,0.0,1.0,51.0,30.0,27.0,2.0,1.0,0.0,1.0,0.172,0.148,2.0,0,0.0,,4.0,0.0,0,1.0,0.0,,0.6896551724137931,0.02799999999999958
1967,CL,広島東洋カープ,51253824,三村　敏之,T.Mimura,42.0,106.0,99.0,7.0,18.0,3.0,0.0,2.0,27.0,7.0,0.0,0,1.0,0.0,6.0,0,0.0,24.0,0.0,0.182,0.229,0.273,0.502,13.0,0.09100000000000003,0.047000000000000014,0.32,5.660377358490567,22.641509433962266,0.25,0.2191780821917808,0.1713,320.0,0.15151515151515152,0.4074074074074074,0.182,18.0,2.0,7.0,42.0,106.0,99.0,13.0,3.0,0.0,7.0,0.229,0.273,6.0,0,0.0,,27.0,0.0,0,1.0,0.0,,6.171428571428572,5.581999999999999
1967,CL,中日ドラゴンズ,51253825,竹中　惇,A.Takenaka,67.0,48.0,45.0,7.0,9.0,2.0,0.0,1.0,14.0,2.0,2,1,3.0,0.0,0.0,0,0.0,7.0,1.0,0.2,0.2,0.311,0.511,6.0,0.11099999999999999,0.0,0.311,0.0,14.583333333333334,0.0,0.21621621621621623,0.16775,303.6666666666667,0.13333333333333333,0.40540540540540543,0.2,9.0,1.0,2.0,67.0,48.0,45.0,6.0,2.0,0.0,7.0,0.2,0.311,0.0,0,0.0,,14.0,2,1,3.0,0.0,,2.8,2.5319999999999987
1967,CL,広島東洋カープ,51253829,羽里　功,I.Hari,4.0,0.0,0.0,0.0,0.0,0.0,0.0,0.0,0.0,0.0,0.0,0,0.0,0.0,0.0,0,0.0,0.0,0.0,,,,0.0,0.0,0.0,0.0,,nan,nan,nan,nan,0.0,0.0,nan,nan,,0.0,0.0,0.0,4.0,0.0,0.0,0.0,0.0,0.0,0.0,,,0.0,0,0.0,,0.0,0.0,0,0.0,0.0,,nan,0.0
1967,CL,横浜DeNAベイスターズ,51353820,江尻　亮,A.Ejiri,117.0,316.0,297.0,36.0,73.0,11.0,4.0,7.0,113.0,21.0,4,5,2.0,1.0,10.0,0,6.0,22.0,7.0,0.246,0.283,0.38,0.663,51.0,0.134,0.03699999999999998,0.417,3.1645569620253164,6.962025316455696,0.45454545454545453,0.24535315985130113,0.22235,409.66666666666663,0.18518518518518517,0.5800865800865801,0.246,73.0,7.0,21.0,117.0,316.0,297.0,51.0,11.0,4.0,36.0,0.283,0.38,10.0,0,6.0,,113.0,4,5,2.0,1.0,,30.550488599348533,31.887999999999995
1967,CL,阪神タイガース,51353821,柿本　実,M.Kakimoto,20.0,28.0,26.0,0.0,5.0,0.0,0.0,0.0,5.0,0.0,0,1,2.0,0.0,0.0,0,0.0,9.0,0.0,0.192,0.192,0.192,0.384,5.0,0.0,0.0,0.192,0.0,32.142857142857146,0.0,0.29411764705882354,0.13440000000000002,256.0,0.038461538461538464,0.2857142857142857,0.192,5.0,0.0,0.0,20.0,28.0,26.0,5.0,0.0,0.0,0.0,0.192,0.192,0.0,0,0.0,,5.0,0,1,2.0,0.0,,0.9615384615384616,0.6219999999999999
1967,CL,中日ドラゴンズ,51353822,北角　富士雄,F.Kitakado,20.0,2.0,1.0,0.0,0.0,0.0,0.0,0.0,0.0,0.0,0.0,0,1.0,0.0,0.0,0,0.0,0.0,0.0,0.0,0.0,0.0,0.0,0.0,0.0,0.0,0.0,0.0,0.0,nan,0.0,0.0,0.0,0.0,0.0,0.0,0.0,0.0,0.0,20.0,2.0,1.0,0.0,0.0,0.0,0.0,0.0,0.0,0.0,0,0.0,,0.0,0.0,0,1.0,0.0,,0.0,-0.098
1967,CL,東京ヤクルトスワローズ,51353825,池辺　豪則,T.Ikebe,128.0,500.0,455.0,50.0,130.0,27.0,1.0,6.0,177.0,44.0,10,11,12.0,2.0,21.0,0,10.0,55.0,3.0,0.286,0.33,0.389,0.7190000000000001,96.0,0.10300000000000004,0.04400000000000004,0.433,4.2,11.0,0.38181818181818183,0.31313131313131315,0.24575000000000002,459.6666666666667,0.17362637362637362,0.6676829268292683,0.286,130.0,6.0,44.0,128.0,500.0,455.0,96.0,27.0,1.0,50.0,0.33,0.389,21.0,0,10.0,,177.0,10,11,12.0,2.0,,56.14915966386555,57.48000000000001
1967,CL,中日ドラゴンズ,51353829,一枝　修平,S.Ichieda,117.0,423.0,391.0,26.0,90.0,22.0,2.0,6.0,134.0,36.0,3,8,9.0,1.0,19.0,0,3.0,60.0,6.0,0.23,0.271,0.343,0.6140000000000001,60.0,0.11300000000000002,0.04100000000000001,0.384,4.491725768321513,14.184397163120568,0.31666666666666665,0.25766871165644173,0.20770000000000002,385.33333333333337,0.1815856777493606,0.5342019543973942,0.23,90.0,6.0,36.0,117.0,423.0,391.0,60.0,22.0,2.0,26.0,0.271,0.343,19.0,0,3.0,,134.0,3,8,9.0,1.0,,35.62439024390244,35.762
1967,CL,阪神タイガース,51453808,村山　実,M.Murayama,30.0,61.0,51.0,7.0,7.0,0.0,0.0,0.0,7.0,1.0,0.0,0,2.0,0.0,8.0,0,0.0,15.0,0.0,0.137,0.254,0.137,0.391,7.0,0.0,0.11699999999999999,0.254,13.114754098360656,24.59016393442623,0.5333333333333333,0.19444444444444445,0.14855000000000002,299.6666666666667,0.1568627450980392,0.3409090909090909,0.137,7.0,0.0,1.0,30.0,61.0,51.0,7.0,0.0,0.0,7.0,0.254,0.137,8.0,0,0.0,,7.0,0.0,0,2.0,0.0,,1.7796610169491525,1.8280000000000003
1967,CL,東京ヤクルトスワローズ,51453823,牧　勝彦,K.Maki,12.0,0.0,0.0,0.0,0.0,0.0,0.0,0.0,0.0,0.0,0.0,0,0.0,0.0,0.0,0,0.0,0.0,0.0,,,,0.0,0.0,0.0,0.0,,nan,nan,nan,nan,0.0,0.0,nan,nan,,0.0,0.0,0.0,12.0,0.0,0.0,0.0,0.0,0.0,0.0,,,0.0,0,0.0,,0.0,0.0,0,0.0,0.0,,nan,0.0
1967,CL,読売ジャイアンツ,51453829,松村　正晴,M.Matsumura,7.0,4.0,4.0,0.0,1.0,0.0,0.0,0.0,1.0,0.0,0.0,0,0.0,0.0,0.0,0,0.0,2.0,0.0,0.25,0.25,0.25,0.5,1.0,0.0,0.0,0.25,0.0,50.0,0.0,0.5,0.175,333.3333333333333,0.0,0.3333333333333333,0.25,1.0,0.0,0.0,7.0,4.0,4.0,1.0,0.0,0.0,0.0,0.25,0.25,0.0,0,0.0,,1.0,0.0,0,0.0,0.0,,0.25,0.20599999999999996
1967,CL,広島東洋カープ,51553808,興津　立雄,T.Okitsu,38.0,120.0,111.0,12.0,27.0,5.0,0.0,3.0,41.0,9.0,1.0,1,0.0,0.0,9.0,0,0.0,22.0,3.0,0.243,0.3,0.369,0.669,19.0,0.126,0.056999999999999995,0.426,7.5,18.333333333333332,0.4090909090909091,0.27906976744186046,0.22725,423.0,0.21621621621621623,0.5862068965517241,0.243,27.0,3.0,9.0,38.0,120.0,111.0,19.0,5.0,0.0,12.0,0.3,0.369,9.0,0,0.0,,41.0,1.0,1,0.0,0.0,,12.3,12.338
1967,CL,東京ヤクルトスワローズ,51553824,奥柿　幸雄,S.Okugaki,41.0,52.0,48.0,3.0,8.0,0.0,0.0,1.0,11.0,3.0,0.0,0,0.0,1.0,3.0,0,0.0,11.0,2.0,0.167,0.212,0.229,0.441,7.0,0.062,0.044999999999999984,0.274,5.769230769230769,21.153846153846153,0.2727272727272727,0.1891891891891892,0.15265,288.3333333333333,0.125,0.3333333333333333,0.167,8.0,1.0,3.0,41.0,52.0,48.0,7.0,0.0,0.0,3.0,0.212,0.229,3.0,0,0.0,,11.0,0.0,0,0.0,1.0,,2.372549019607843,2.01
1967,CL,読売ジャイアンツ,51653829,吉沢　秀和,H.Yoshizawa,1.0,0.0,0.0,0.0,0.0,0.0,0.0,0.0,0.0,0.0,0.0,0,0.0,0.0,0.0,0,0.0,0.0,0.0,,,,0.0,0.0,0.0,0.0,,nan,nan,nan,nan,0.0,0.0,nan,nan,,0.0,0.0,0.0,1.0,0.0,0.0,0.0,0.0,0.0,0.0,,,0.0,0,0.0,,0.0,0.0,0,0.0,0.0,,nan,0.0
1967,CL,横浜DeNAベイスターズ,51753806,島田　源太郎,G.Shimada,15.0,10.0,10.0,0.0,2.0,0.0,0.0,0.0,2.0,0.0,0.0,0,0.0,0.0,0.0,0,0.0,1.0,1.0,0.2,0.2,0.2,0.4,2.0,0.0,0.0,0.2,0.0,10.0,0.0,0.2222222222222222,0.14,266.6666666666667,0.0,0.2222222222222222,0.2,2.0,0.0,0.0,15.0,10.0,10.0,2.0,0.0,0.0,0.0,0.2,0.2,0.0,0,0.0,,2.0,0.0,0,0.0,0.0,,0.4,0.21599999999999997
1967,CL,広島東洋カープ,51753820,外木場　義郎,Y.Sotokoba,23.0,21.0,19.0,1.0,4.0,0.0,0.0,0.0,4.0,3.0,0.0,0,2.0,0.0,0.0,0,0.0,5.0,0.0,0.211,0.211,0.211,0.422,4.0,0.0,0.0,0.211,0.0,23.809523809523807,0.0,0.2857142857142857,0.1477,281.3333333333333,0.0,0.26666666666666666,0.211,4.0,0.0,3.0,23.0,21.0,19.0,4.0,0.0,0.0,1.0,0.211,0.211,0.0,0,0.0,,4.0,0.0,0,2.0,0.0,,0.8421052631578947,0.53
1967,CL,中日ドラゴンズ,51753823,佐藤　公博,K.Satou,29.0,24.0,21.0,0.0,1.0,0.0,0.0,0.0,1.0,0.0,0.0,0,3.0,0.0,0.0,0,0.0,8.0,0.0,0.048,0.048,0.048,0.096,1.0,0.0,0.0,0.048,0.0,33.33333333333333,0.0,0.07692307692307693,0.033600000000000005,64.0,0.0,0.05,0.048,1.0,0.0,0.0,29.0,24.0,21.0,1.0,0.0,0.0,0.0,0.048,0.048,0.0,0,0.0,,1.0,0.0,0,3.0,0.0,,0.047619047619047616,-1.46
1967,CL,横浜DeNAベイスターズ,51753829,佐藤　一誠,I.Satou,2.0,5.0,5.0,1.0,2.0,0.0,0.0,1.0,5.0,2.0,0.0,0,0.0,0.0,0.0,0,0.0,1.0,1.0,0.4,0.4,1.0,1.4,1.0,0.6,0.0,1.0,0.0,20.0,0.0,0.3333333333333333,0.43000000000000005,733.3333333333334,0.6,1.25,0.4,2.0,1.0,2.0,2.0,5.0,5.0,1.0,0.0,0.0,1.0,0.4,1.0,0.0,0,0.0,,5.0,0.0,0,0.0,0.0,,2.0,1.646
1967,CL,阪神タイガース,51853805,山内　一弘,K.Yamauchi,130.0,531.0,482.0,64.0,125.0,12.0,2.0,18.0,195.0,63.0,5,3,0.0,5.0,42.0,0,2.0,42.0,11.0,0.259,0.318,0.405,0.7230000000000001,93.0,0.14600000000000002,0.059,0.464,7.909604519774012,7.909604519774012,1.0,0.2505854800936768,0.24435,453.0,0.23858921161825727,0.657608695652174,0.259,125.0,18.0,63.0,130.0,531.0,482.0,93.0,12.0,2.0,64.0,0.318,0.405,42.0,0,2.0,,195.0,5,3,0.0,5.0,,62.146946564885496,63.214
1967,CL,阪神タイガース,51953807,権藤　正利,M.Gondou,40.0,39.0,36.0,2.0,6.0,1.0,0.0,0.0,7.0,3.0,0.0,0,3.0,0.0,0.0,0,0.0,6.0,0.0,0.167,0.167,0.194,0.361,5.0,0.026999999999999996,0.0,0.194,0.0,15.384615384615385,0.0,0.2,0.12365000000000001,231.66666666666669,0.027777777777777776,0.23333333333333334,0.167,6.0,0.0,3.0,40.0,39.0,36.0,5.0,1.0,0.0,2.0,0.167,0.194,0.0,0,0.0,,7.0,0.0,0,3.0,0.0,,1.1666666666666667,0.2799999999999998
1967,CL,読売ジャイアンツ,51953820,土井　正三,S.Doi,131.0,517.0,454.0,71.0,131.0,18.0,5.0,9.0,186.0,34.0,19,8,22.0,1.0,39.0,0,1.0,43.0,4.0,0.289,0.345,0.41,0.7549999999999999,99.0,0.121,0.055999999999999994,0.4659999999999999,7.543520309477756,8.317214700193423,0.9069767441860465,0.3027295285359802,0.25775,481.66666666666663,0.22466960352422907,0.7155963302752294,0.289,131.0,9.0,34.0,131.0,517.0,454.0,99.0,18.0,5.0,71.0,0.345,0.41,39.0,0,1.0,,186.0,19,8,22.0,1.0,,64.13793103448276,63.605999999999995
1967,CL,読売ジャイアンツ,51953824,槌田　誠,M.Tsuchida,25.0,41.0,39.0,5.0,9.0,0.0,1.0,2.0,17.0,8.0,0.0,0,0.0,1.0,1.0,0,0.0,7.0,0.0,0.231,0.244,0.436,0.6799999999999999,6.0,0.205,0.012999999999999984,0.4489999999999999,2.4390243902439024,17.073170731707318,0.14285714285714285,0.22580645161290322,0.2188,389.3333333333333,0.23076923076923078,0.6,0.231,9.0,2.0,8.0,25.0,41.0,39.0,6.0,0.0,1.0,5.0,0.244,0.436,1.0,0,0.0,,17.0,0.0,0,0.0,1.0,,4.25,4.3100000000000005
1967,CL,東京ヤクルトスワローズ,61063820,福富　邦夫,K.Fukutomi,93.0,149.0,134.0,24.0,29.0,5.0,2.0,2.0,44.0,5.0,1,2,2.0,1.0,10.0,0,1.0,24.0,1.0,0.216,0.274,0.328,0.6020000000000001,20.0,0.11200000000000002,0.058000000000000024,0.386,6.7114093959731544,16.10738255033557,0.4166666666666667,0.24770642201834864,0.2053,383.33333333333337,0.20149253731343283,0.5377358490566038,0.216,29.0,2.0,5.0,93.0,149.0,134.0,20.0,5.0,2.0,24.0,0.274,0.328,10.0,0,1.0,,44.0,1,2,2.0,1.0,,11.916666666666666,12.259999999999996
1967,CL,広島東洋カープ,61063822,水谷　実雄,J.Mizutani,3.0,5.0,4.0,0.0,1.0,0.0,0.0,0.0,1.0,0.0,0.0,0,0.0,0.0,1.0,0,0.0,0.0,0.0,0.25,0.4,0.25,0.65,1.0,0.0,0.15000000000000002,0.4,20.0,0.0,nan,0.25,0.24250000000000002,483.3333333333333,0.25,0.6666666666666666,0.25,1.0,0.0,0.0,3.0,5.0,4.0,1.0,0.0,0.0,0.0,0.4,0.25,1.0,0,0.0,,1.0,0.0,0,0.0,0.0,,0.4,0.536
1967,CL,阪神タイガース,61163800,石川　緑,M.Ishikawa,22.0,6.0,4.0,0.0,0.0,0.0,0.0,0.0,0.0,0.0,0.0,0,1.0,0.0,1.0,0,0.0,4.0,0.0,0.0,0.2,0.0,0.2,0.0,0.0,0.2,0.2,16.666666666666664,66.66666666666666,0.25,nan,0.09000000000000001,200.0,0.25,0.25,0.0,0.0,0.0,0.0,22.0,6.0,4.0,0.0,0.0,0.0,0.0,0.2,0.0,1.0,0,0.0,,0.0,0.0,0,1.0,0.0,,0.0,-0.062
1967,CL,中日ドラゴンズ,61163807,井上　登,N.Inoue,14.0,14.0,14.0,0.0,3.0,1.0,0.0,0.0,4.0,1.0,0.0,0,0.0,0.0,0.0,0,0.0,3.0,1.0,0.214,0.214,0.286,0.5,2.0,0.07199999999999998,0.0,0.286,0.0,21.428571428571427,0.0,0.2727272727272727,0.1678,309.33333333333337,0.07142857142857142,0.3333333333333333,0.214,3.0,0.0,1.0,14.0,14.0,14.0,2.0,1.0,0.0,0.0,0.214,0.286,0.0,0,0.0,,4.0,0.0,0,0.0,0.0,,0.8571428571428571,0.6419999999999999
1967,CL,東京ヤクルトスワローズ,61163809,石黒　和弘,K.Ishiguro,110.0,376.0,351.0,36.0,84.0,18.0,0.0,9.0,129.0,24.0,14,5,6.0,0.0,19.0,0,0.0,43.0,7.0,0.239,0.278,0.368,0.646,57.0,0.129,0.039000000000000035,0.407,5.053191489361701,11.436170212765957,0.4418604651162791,0.2508361204013378,0.21710000000000002,400.6666666666667,0.19658119658119658,0.5583941605839416,0.239,84.0,9.0,24.0,110.0,376.0,351.0,57.0,18.0,0.0,36.0,0.278,0.368,19.0,0,0.0,,129.0,14,5,6.0,0.0,,35.91081081081081,35.42400000000001
1967,CL,横浜DeNAベイスターズ,61163821,小川　敏明,T.Ogawa,5.0,5.0,5.0,0.0,1.0,0.0,0.0,0.0,1.0,0.0,0.0,0,0.0,0.0,0.0,0,0.0,1.0,0.0,0.2,0.2,0.2,0.4,1.0,0.0,0.0,0.2,0.0,20.0,0.0,0.25,0.14,266.6666666666667,0.0,0.25,0.2,1.0,0.0,0.0,5.0,5.0,5.0,1.0,0.0,0.0,0.0,0.2,0.2,0.0,0,0.0,,1.0,0.0,0,0.0,0.0,,0.2,0.10799999999999998
1967,CL,広島東洋カープ,61163822,鎌田　豊,Y.Kamata,37.0,105.0,100.0,13.0,21.0,0.0,1.0,3.0,32.0,8.0,1,0,1.0,1.0,3.0,0,0.0,33.0,0.0,0.21,0.231,0.32,0.551,17.0,0.11000000000000001,0.02100000000000002,0.341,2.857142857142857,31.428571428571427,0.09090909090909091,0.27692307692307694,0.18395,337.6666666666667,0.14,0.4430379746835443,0.21,21.0,3.0,8.0,37.0,105.0,100.0,17.0,0.0,1.0,13.0,0.231,0.32,3.0,0,0.0,,32.0,1,0,1.0,1.0,,7.456310679611651,7.108
1967,CL,東京ヤクルトスワローズ,61163824,井上　洋一,Y.Inoue,6.0,3.0,3.0,1.0,0.0,0.0,0.0,0.0,0.0,0.0,0,1,0.0,0.0,0.0,0,0.0,2.0,0.0,0.0,0.0,0.0,0.0,0.0,0.0,0.0,0.0,0.0,66.66666666666666,0.0,0.0,0.0,0.0,0.3333333333333333,0.3333333333333333,0.0,0.0,0.0,0.0,6.0,3.0,3.0,0.0,0.0,0.0,1.0,0.0,0.0,0.0,0,0.0,,0.0,0,1,0.0,0.0,,0.0,-0.11400000000000005
1967,CL,東京ヤクルトスワローズ,61263806,森　徹,T.Mori,91.0,265.0,256.0,20.0,65.0,9.0,2.0,10.0,108.0,33.0,4,1,0.0,0.0,8.0,0,1.0,45.0,11.0,0.254,0.279,0.422,0.7010000000000001,44.0,0.16799999999999998,0.025000000000000022,0.447,3.018867924528302,16.9811320754717,0.17777777777777778,0.2736318407960199,0.23105000000000003,419.6666666666667,0.203125,0.5841584158415841,0.254,65.0,10.0,33.0,91.0,265.0,256.0,44.0,9.0,2.0,20.0,0.279,0.422,8.0,0,1.0,,108.0,4,1,0.0,0.0,,29.863636363636363,29.392
1967,CL,東京ヤクルトスワローズ,61263821,矢ノ浦　国満,K.Yanoura,120.0,490.0,445.0,49.0,102.0,14.0,4.0,4.0,136.0,31.0,5,7,12.0,1.0,28.0,0,4.0,58.0,9.0,0.229,0.28,0.306,0.5860000000000001,80.0,0.07699999999999999,0.05100000000000002,0.357,5.714285714285714,11.83673469387755,0.4827586206896552,0.2552083333333333,0.2025,382.0,0.1550561797752809,0.4971590909090909,0.229,102.0,4.0,31.0,120.0,490.0,445.0,80.0,14.0,4.0,49.0,0.28,0.306,28.0,0,4.0,,136.0,5,7,12.0,1.0,,37.3784355179704,38.20599999999999
1967,CL,東京ヤクルトスワローズ,61263825,妻島　芳郎,Y.Tsumashima,31.0,17.0,14.0,0.0,0.0,0.0,0.0,0.0,0.0,0.0,0.0,0,3.0,0.0,0.0,0,0.0,9.0,0.0,0.0,0.0,0.0,0.0,0.0,0.0,0.0,0.0,0.0,52.94117647058824,0.0,0.0,0.0,0.0,0.0,0.0,0.0,0.0,0.0,0.0,31.0,17.0,14.0,0.0,0.0,0.0,0.0,0.0,0.0,0.0,0,0.0,,0.0,0.0,0,3.0,0.0,,0.0,-1.372
1967,CL,広島東洋カープ,61363802,鵜狩　道旺,M.Ugari,20.0,3.0,2.0,0.0,0.0,0.0,0.0,0.0,0.0,0.0,0.0,0,1.0,0.0,0.0,0,0.0,1.0,0.0,0.0,0.0,0.0,0.0,0.0,0.0,0.0,0.0,0.0,33.33333333333333,0.0,0.0,0.0,0.0,0.0,0.0,0.0,0.0,0.0,0.0,20.0,3.0,2.0,0.0,0.0,0.0,0.0,0.0,0.0,0.0,0,0.0,,0.0,0.0,0,1.0,0.0,,0.0,-0.196
1967,CL,広島東洋カープ,61363808,大羽　進,S.Ooba,35.0,46.0,45.0,3.0,11.0,2.0,1.0,0.0,15.0,3.0,0.0,0,0.0,1.0,0.0,0,0.0,5.0,3.0,0.244,0.239,0.333,0.5720000000000001,8.0,0.08900000000000002,-0.0050000000000000044,0.328,0.0,10.869565217391305,0.0,0.2682926829268293,0.1908,350.0,0.08888888888888889,0.40540540540540543,0.244,11.0,0.0,3.0,35.0,46.0,45.0,8.0,2.0,1.0,3.0,0.239,0.333,0.0,0,0.0,,15.0,0.0,0,0.0,1.0,,3.6666666666666665,3.1479999999999992
1967,CL,東京ヤクルトスワローズ,61363820,大塚　徹,T.Ootsuka,26.0,17.0,16.0,2.0,3.0,0.0,0.0,0.0,3.0,1.0,0.0,0,0.0,0.0,0.0,0,1.0,2.0,1.0,0.188,0.235,0.188,0.423,3.0,0.0,0.046999999999999986,0.235,0.0,11.76470588235294,0.0,0.21428571428571427,0.15275,297.66666666666663,0.0,0.2857142857142857,0.188,3.0,0.0,1.0,26.0,17.0,16.0,3.0,0.0,0.0,2.0,0.235,0.188,0.0,0,1.0,,3.0,0.0,0,0.0,0.0,,0.5625,0.556
1967,CL,阪神タイガース,61363824,大倉　英貴,H.Ookura,21.0,34.0,30.0,2.0,8.0,1.0,0.0,1.0,12.0,1.0,0,1,0.0,0.0,2.0,0,2.0,7.0,0.0,0.267,0.353,0.4,0.753,6.0,0.133,0.08599999999999997,0.486,5.88235294117647,20.588235294117645,0.2857142857142857,0.3181818181818182,0.25885,486.33333333333326,0.23333333333333334,0.7727272727272727,0.267,8.0,1.0,1.0,21.0,34.0,30.0,6.0,1.0,0.0,2.0,0.353,0.4,2.0,0,2.0,,12.0,0,1,0.0,0.0,,3.75,4.504
1967,CL,阪神タイガース,61363827,久代　義明,Y.Kushiro,6.0,9.0,8.0,1.0,3.0,2.0,0.0,0.0,5.0,2.0,0.0,0,0.0,0.0,1.0,0,0.0,0.0,0.0,0.375,0.444,0.625,1.069,1.0,0.25,0.069,0.694,11.11111111111111,0.0,nan,0.375,0.35605,652.3333333333334,0.375,1.2,0.375,3.0,0.0,2.0,6.0,9.0,8.0,1.0,2.0,0.0,1.0,0.444,0.625,1.0,0,0.0,,5.0,0.0,0,0.0,0.0,,2.2222222222222223,1.78
1967,CL,阪神タイガース,61463800,谷本　稔,M.Tanimoto,6.0,6.0,6.0,0.0,0.0,0.0,0.0,0.0,0.0,0.0,0.0,0,0.0,0.0,0.0,0,0.0,1.0,0.0,0.0,0.0,0.0,0.0,0.0,0.0,0.0,0.0,0.0,16.666666666666664,0.0,0.0,0.0,0.0,0.0,0.0,0.0,0.0,0.0,0.0,6.0,6.0,6.0,0.0,0.0,0.0,0.0,0.0,0.0,0.0,0,0.0,,0.0,0.0,0,0.0,0.0,,0.0,-0.5880000000000001
1967,CL,阪神タイガース,61563804,西園寺　昭夫,A.Saionji,68.0,220.0,197.0,18.0,54.0,6.0,3.0,1.0,69.0,9.0,2,1,1.0,1.0,21.0,0,0.0,30.0,3.0,0.274,0.342,0.35,0.692,44.0,0.07599999999999996,0.068,0.418,9.545454545454547,13.636363636363635,0.7,0.31736526946107785,0.2414,458.6666666666667,0.18781725888324874,0.6232876712328768,0.274,54.0,1.0,9.0,68.0,220.0,197.0,44.0,6.0,3.0,18.0,0.342,0.35,21.0,0,0.0,,69.0,2,1,1.0,1.0,,23.738532110091743,23.976
1967,CL,横浜DeNAベイスターズ,61563824,鬼頭　洋,H.Kitou,15.0,13.0,12.0,0.0,2.0,0.0,0.0,0.0,2.0,0.0,0.0,0,0.0,0.0,1.0,0,0.0,4.0,0.0,0.167,0.231,0.167,0.398,2.0,0.0,0.064,0.231,7.6923076923076925,30.76923076923077,0.25,0.25,0.1457,286.6666666666667,0.08333333333333333,0.3,0.167,2.0,0.0,0.0,15.0,13.0,12.0,2.0,0.0,0.0,0.0,0.231,0.167,1.0,0,0.0,,2.0,0.0,0,0.0,0.0,,0.46153846153846156,0.3500000000000001
1967,CL,広島東洋カープ,61563825,大石　弥太郎,Y.Ooishi,52.0,60.0,55.0,1.0,8.0,2.0,0.0,0.0,10.0,3.0,0.0,0,4.0,0.0,1.0,0,0.0,17.0,0.0,0.145,0.161,0.182,0.34299999999999997,6.0,0.037000000000000005,0.016000000000000014,0.198,1.6666666666666667,28.333333333333332,0.058823529411764705,0.21052631578947367,0.11795,221.66666666666669,0.05454545454545454,0.23404255319148937,0.145,8.0,0.0,3.0,52.0,60.0,55.0,6.0,2.0,0.0,1.0,0.161,0.182,1.0,0,0.0,,10.0,0.0,0,4.0,0.0,,1.6071428571428572,0.1639999999999997
1967,CL,読売ジャイアンツ,61563829,黒江　透修,Y.Kuroe,129.0,480.0,424.0,59.0,118.0,21.0,4.0,9.0,174.0,49.0,10,8,7.0,1.0,40.0,0,8.0,51.0,4.0,0.278,0.351,0.41,0.7609999999999999,84.0,0.13199999999999995,0.07299999999999995,0.4829999999999999,8.333333333333332,10.625,0.7843137254901961,0.29863013698630136,0.26045,487.66666666666663,0.24528301886792453,0.7419354838709677,0.278,118.0,9.0,49.0,129.0,480.0,424.0,84.0,21.0,4.0,59.0,0.351,0.41,40.0,0,8.0,,174.0,10,8,7.0,1.0,,59.25,61.532
1967,CL,中日ドラゴンズ,61763822,竹内　洋,H.Takeuchi,3.0,1.0,1.0,0.0,0.0,0.0,0.0,0.0,0.0,0.0,0.0,0,0.0,0.0,0.0,0,0.0,1.0,0.0,0.0,0.0,0.0,0.0,0.0,0.0,0.0,0.0,0.0,100.0,0.0,nan,0.0,0.0,0.0,0.0,0.0,0.0,0.0,0.0,3.0,1.0,1.0,0.0,0.0,0.0,0.0,0.0,0.0,0.0,0,0.0,,0.0,0.0,0,0.0,0.0,,0.0,-0.098
1967,CL,東京ヤクルトスワローズ,61763824,園田　喜則,Y.Sonoda,22.0,21.0,20.0,0.0,4.0,0.0,1.0,0.0,6.0,0.0,0.0,0,0.0,0.0,1.0,0,0.0,4.0,0.0,0.2,0.238,0.3,0.538,3.0,0.09999999999999998,0.03799999999999998,0.3379999999999999,4.761904761904762,19.047619047619047,0.25,0.25,0.18209999999999998,337.99999999999994,0.15,0.4375,0.2,4.0,0.0,0.0,22.0,21.0,20.0,3.0,0.0,1.0,0.0,0.238,0.3,1.0,0,0.0,,6.0,0.0,0,0.0,0.0,,1.4285714285714286,1.302
1967,CL,東京ヤクルトスワローズ,61763829,篠田　勇,I.Shinoda,16.0,34.0,31.0,1.0,7.0,0.0,0.0,0.0,7.0,0.0,0,2,2.0,0.0,1.0,0,0.0,2.0,0.0,0.226,0.25,0.226,0.476,7.0,0.0,0.023999999999999994,0.25,2.941176470588235,5.88235294117647,0.5,0.2413793103448276,0.169,325.33333333333337,0.0967741935483871,0.4166666666666667,0.226,7.0,0.0,0.0,16.0,34.0,31.0,7.0,0.0,0.0,1.0,0.25,0.226,1.0,0,0.0,,7.0,0,2,2.0,0.0,,1.75,1.838
1967,CL,広島東洋カープ,61963824,西本　充志,A.Nishimoto,5.0,0.0,0.0,0.0,0.0,0.0,0.0,0.0,0.0,0.0,0.0,0,0.0,0.0,0.0,0,0.0,0.0,0.0,,,,0.0,0.0,0.0,0.0,,nan,nan,nan,nan,0.0,0.0,nan,nan,,0.0,0.0,0.0,5.0,0.0,0.0,0.0,0.0,0.0,0.0,,,0.0,0,0.0,,0.0,0.0,0,0.0,0.0,,nan,0.0
1967,CL,横浜DeNAベイスターズ,61963825,重松　省三,S.Shigematsu,107.0,218.0,204.0,21.0,40.0,8.0,0.0,4.0,60.0,13.0,4,1,3.0,2.0,8.0,0,1.0,37.0,3.0,0.196,0.228,0.294,0.522,28.0,0.09799999999999998,0.032,0.3259999999999999,3.669724770642202,16.972477064220186,0.21621621621621623,0.21818181818181817,0.1761,326.0,0.14215686274509803,0.41916167664670656,0.196,40.0,4.0,13.0,107.0,218.0,204.0,28.0,8.0,0.0,21.0,0.228,0.294,8.0,0,1.0,,60.0,4,1,3.0,2.0,,13.584905660377359,12.597999999999995
1967,CL,読売ジャイアンツ,61963829,種部　儀康,N.Tanebe,19.0,4.0,3.0,0.0,0.0,0.0,0.0,0.0,0.0,0.0,0.0,0,1.0,0.0,0.0,0,0.0,1.0,0.0,0.0,0.0,0.0,0.0,0.0,0.0,0.0,0.0,0.0,25.0,0.0,0.0,0.0,0.0,0.0,0.0,0.0,0.0,0.0,0.0,19.0,4.0,3.0,0.0,0.0,0.0,0.0,0.0,0.0,0.0,0,0.0,,0.0,0.0,0,1.0,0.0,,0.0,-0.29400000000000004
1967,CL,読売ジャイアンツ,71073801,金田　正一,M.Kaneda,34.0,65.0,59.0,6.0,16.0,2.0,0.0,0.0,18.0,4.0,0.0,0,3.0,1.0,1.0,0,1.0,7.0,3.0,0.271,0.29,0.305,0.595,14.0,0.033999999999999975,0.01899999999999996,0.3239999999999999,1.5384615384615385,10.76923076923077,0.14285714285714285,0.3018867924528302,0.20675,391.6666666666667,0.05084745762711865,0.43478260869565216,0.271,16.0,0.0,4.0,34.0,65.0,59.0,14.0,2.0,0.0,6.0,0.29,0.305,1.0,0,1.0,,18.0,0.0,0,3.0,1.0,,5.1,4.885999999999999
1967,CL,読売ジャイアンツ,71073802,田中　久寿男,K.Tanaka,74.0,186.0,165.0,23.0,48.0,9.0,1.0,8.0,83.0,24.0,1,2,3.0,1.0,14.0,0,3.0,32.0,1.0,0.291,0.355,0.503,0.858,30.0,0.21200000000000002,0.064,0.567,7.526881720430108,17.20430107526882,0.4375,0.31746031746031744,0.2855,522.6666666666666,0.3090909090909091,0.864406779661017,0.291,48.0,8.0,24.0,74.0,186.0,165.0,30.0,9.0,1.0,23.0,0.355,0.503,14.0,0,3.0,,83.0,1,2,3.0,1.0,,28.748603351955307,28.543999999999997
1967,CL,横浜DeNAベイスターズ,71073824,平松　政次,M.Hiramatsu,16.0,20.0,18.0,0.0,2.0,1.0,0.0,0.0,3.0,0.0,0.0,0,2.0,0.0,0.0,0,0.0,7.0,0.0,0.111,0.111,0.167,0.278,1.0,0.05600000000000001,0.0,0.167,0.0,35.0,0.0,0.18181818181818182,0.0917,166.66666666666669,0.05555555555555555,0.1875,0.111,2.0,0.0,0.0,16.0,20.0,18.0,1.0,1.0,0.0,0.0,0.111,0.167,0.0,0,0.0,,3.0,0.0,0,2.0,0.0,,0.3333333333333333,-0.3480000000000001
1967,CL,阪神タイガース,71173821,朝井　茂治,S.Asai,79.0,273.0,252.0,18.0,49.0,6.0,1.0,3.0,66.0,18.0,6,5,2.0,2.0,16.0,0,1.0,32.0,4.0,0.194,0.244,0.262,0.506,39.0,0.068,0.04999999999999999,0.312,5.86080586080586,11.72161172161172,0.5,0.2100456621004566,0.1753,331.3333333333333,0.15079365079365079,0.4251207729468599,0.194,49.0,3.0,18.0,79.0,273.0,252.0,39.0,6.0,1.0,18.0,0.244,0.262,16.0,0,1.0,,66.0,6,5,2.0,2.0,,16.007462686567163,15.795999999999996
1967,CL,阪神タイガース,71173822,石床　幹雄,M.Ishidoko,1.0,0.0,0.0,0.0,0.0,0.0,0.0,0.0,0.0,0.0,0.0,0,0.0,0.0,0.0,0,0.0,0.0,0.0,,,,0.0,0.0,0.0,0.0,,nan,nan,nan,nan,0.0,0.0,nan,nan,,0.0,0.0,0.0,1.0,0.0,0.0,0.0,0.0,0.0,0.0,,,0.0,0,0.0,,0.0,0.0,0,0.0,0.0,,nan,0.0
1967,CL,東京ヤクルトスワローズ,71173824,浅野　啓司,K.Asano,51.0,41.0,37.0,1.0,4.0,1.0,0.0,0.0,5.0,1.0,0.0,0,3.0,1.0,0.0,0,0.0,7.0,1.0,0.108,0.105,0.135,0.24,3.0,0.02700000000000001,-0.0030000000000000027,0.132,0.0,17.073170731707318,0.0,0.12903225806451613,0.081,150.0,0.02702702702702703,0.14705882352941177,0.108,4.0,0.0,1.0,51.0,41.0,37.0,3.0,1.0,0.0,1.0,0.105,0.135,0.0,0,0.0,,5.0,0.0,0,3.0,1.0,,0.5405405405405406,-1.0140000000000002
1967,CL,東京ヤクルトスワローズ,71173827,石田　二宣,T.Ishida,1.0,1.0,1.0,0.0,0.0,0.0,0.0,0.0,0.0,0.0,0.0,0,0.0,0.0,0.0,0,0.0,0.0,0.0,0.0,0.0,0.0,0.0,0.0,0.0,0.0,0.0,0.0,0.0,nan,0.0,0.0,0.0,0.0,0.0,0.0,0.0,0.0,0.0,1.0,1.0,1.0,0.0,0.0,0.0,0.0,0.0,0.0,0.0,0,0.0,,0.0,0.0,0,0.0,0.0,,0.0,-0.098
1967,CL,東京ヤクルトスワローズ,71273822,山本　寛,H.Yamamoto,3.0,1.0,1.0,0.0,0.0,0.0,0.0,0.0,0.0,0.0,0.0,0,0.0,0.0,0.0,0,0.0,0.0,0.0,0.0,0.0,0.0,0.0,0.0,0.0,0.0,0.0,0.0,0.0,nan,0.0,0.0,0.0,0.0,0.0,0.0,0.0,0.0,0.0,3.0,1.0,1.0,0.0,0.0,0.0,0.0,0.0,0.0,0.0,0,0.0,,0.0,0.0,0,0.0,0.0,,0.0,-0.098
1967,CL,中日ドラゴンズ,71373808,江藤　慎一,S.Etou,132.0,553.0,481.0,85.0,133.0,20.0,1.0,34.0,257.0,78.0,6.0,6,0.0,4.0,64.0,0,4.0,49.0,9.0,0.277,0.363,0.534,0.897,78.0,0.257,0.08599999999999997,0.62,11.573236889692586,8.860759493670885,1.3061224489795917,0.2462686567164179,0.29685,541.0,0.40332640332640335,0.927170868347339,0.277,133.0,34.0,78.0,132.0,553.0,481.0,78.0,20.0,1.0,85.0,0.363,0.534,64.0,0,4.0,,257.0,6.0,6,0.0,4.0,,92.89724770642202,92.816
1967,CL,東京ヤクルトスワローズ,71373824,岩崎　忠義,T.Iwasaki,9.0,7.0,7.0,1.0,1.0,0.0,0.0,0.0,1.0,0.0,0.0,0,0.0,0.0,0.0,0,0.0,1.0,0.0,0.143,0.143,0.143,0.286,1.0,0.0,0.0,0.143,0.0,14.285714285714285,0.0,0.16666666666666666,0.1001,190.66666666666666,0.0,0.16666666666666666,0.143,1.0,0.0,0.0,9.0,7.0,7.0,1.0,0.0,0.0,1.0,0.143,0.143,0.0,0,0.0,,1.0,0.0,0,0.0,0.0,,0.14285714285714285,-0.08800000000000008
1967,CL,読売ジャイアンツ,71473808,柳田　利夫,T.Yanagida,8.0,8.0,6.0,1.0,1.0,0.0,0.0,0.0,1.0,0.0,10,4,0.0,0.0,2.0,0,0.0,2.0,1.0,0.167,0.375,0.167,0.542,1.0,0.0,0.208,0.375,25.0,25.0,1.0,0.25,0.21050000000000002,430.66666666666663,0.3333333333333333,0.5,0.167,1.0,0.0,0.0,8.0,8.0,6.0,1.0,0.0,0.0,1.0,0.375,0.167,2.0,0,0.0,,1.0,10,4,0.0,0.0,,0.375,0.6700000000000002
1967,CL,読売ジャイアンツ,71473820,吉田　孝司,T.Yoshida,11.0,24.0,21.0,3.0,5.0,0.0,0.0,0.0,5.0,1.0,0.0,0,0.0,0.0,3.0,0,0.0,4.0,0.0,0.238,0.333,0.238,0.571,5.0,0.0,0.09500000000000003,0.333,12.5,16.666666666666664,0.75,0.29411764705882354,0.20935,412.3333333333333,0.14285714285714285,0.5,0.238,5.0,0.0,1.0,11.0,24.0,21.0,5.0,0.0,0.0,3.0,0.333,0.238,3.0,0,0.0,,5.0,0.0,0,0.0,0.0,,1.6666666666666667,1.9220000000000002
1967,CL,東京ヤクルトスワローズ,71473824,吉江　喜一,Y.Yoshie,1.0,0.0,0.0,0.0,0.0,0.0,0.0,0.0,0.0,0.0,0.0,0,0.0,0.0,0.0,0,0.0,0.0,0.0,,,,0.0,0.0,0.0,0.0,,nan,nan,nan,nan,0.0,0.0,nan,nan,,0.0,0.0,0.0,1.0,0.0,0.0,0.0,0.0,0.0,0.0,,,0.0,0,0.0,,0.0,0.0,0,0.0,0.0,,nan,0.0
1967,CL,東京ヤクルトスワローズ,71573804,城戸　則文,N.Kido,104.0,319.0,289.0,22.0,72.0,12.0,2.0,5.0,103.0,25.0,2,3,2.0,0.0,28.0,0,0.0,54.0,7.0,0.249,0.315,0.356,0.671,53.0,0.10699999999999998,0.066,0.422,8.77742946708464,16.927899686520377,0.5185185185185185,0.29130434782608694,0.23075,433.66666666666663,0.21453287197231835,0.5982142857142857,0.249,72.0,5.0,25.0,104.0,319.0,289.0,53.0,12.0,2.0,22.0,0.315,0.356,28.0,0,0.0,,103.0,2,3,2.0,0.0,,32.49211356466877,32.934
1967,CL,広島東洋カープ,71573806,古葉　竹識,T.Koba,118.0,479.0,453.0,52.0,107.0,15.0,2.0,2.0,132.0,20.0,19,10,1.0,1.0,24.0,0,0.0,28.0,10.0,0.236,0.274,0.291,0.565,88.0,0.05499999999999999,0.038000000000000034,0.329,5.010438413361169,5.845511482254697,0.8571428571428571,0.24764150943396226,0.19605,371.0,0.13024282560706402,0.46629213483146065,0.236,107.0,2.0,20.0,118.0,479.0,453.0,88.0,15.0,2.0,52.0,0.274,0.291,24.0,0,0.0,,132.0,19,10,1.0,1.0,,36.25157232704402,35.57199999999999
1967,CL,広島東洋カープ,71573820,衣笠　祥雄,S.Kinugasa,28.0,52.0,48.0,6.0,12.0,2.0,0.0,2.0,20.0,5.0,1.0,1,0.0,0.0,3.0,0,1.0,13.0,2.0,0.25,0.308,0.417,0.725,8.0,0.16699999999999998,0.057999999999999996,0.475,5.769230769230769,25.0,0.23076923076923078,0.30303030303030304,0.24285,446.99999999999994,0.25,0.6578947368421053,0.25,12.0,2.0,5.0,28.0,52.0,48.0,8.0,2.0,0.0,6.0,0.308,0.417,3.0,0,1.0,,20.0,1.0,1,0.0,0.0,,5.882352941176471,6.292
1967,CL,横浜DeNAベイスターズ,71573822,柴田　信夫,N.Shibata,11.0,7.0,6.0,1.0,1.0,0.0,0.0,0.0,1.0,0.0,2,0,0.0,0.0,1.0,0,0.0,1.0,1.0,0.167,0.286,0.167,0.45299999999999996,1.0,0.0,0.11899999999999997,0.286,14.285714285714285,14.285714285714285,1.0,0.2,0.17045,341.6666666666667,0.16666666666666666,0.3333333333333333,0.167,1.0,0.0,0.0,11.0,7.0,6.0,1.0,0.0,0.0,1.0,0.286,0.167,1.0,0,0.0,,1.0,2,0,0.0,0.0,,0.2857142857142857,0.3400000000000001
1967,CL,東京ヤクルトスワローズ,71573827,里見　進,S.Satomi,12.0,10.0,10.0,0.0,3.0,1.0,0.0,0.0,4.0,1.0,0.0,0,0.0,0.0,0.0,0,0.0,1.0,1.0,0.3,0.3,0.4,0.7,2.0,0.10000000000000003,0.0,0.4,0.0,10.0,0.0,0.3333333333333333,0.23500000000000001,433.33333333333337,0.1,0.5,0.3,3.0,0.0,1.0,12.0,10.0,10.0,2.0,1.0,0.0,0.0,0.3,0.4,0.0,0,0.0,,4.0,0.0,0,0.0,0.0,,1.2,1.0339999999999998
1967,CL,広島東洋カープ,71673823,山本　一義,K.Yamamoto,119.0,481.0,421.0,47.0,131.0,20.0,1.0,16.0,201.0,58.0,3,5,0.0,5.0,50.0,0,5.0,39.0,14.0,0.311,0.387,0.477,0.864,94.0,0.16599999999999998,0.07600000000000001,0.5529999999999999,10.395010395010395,8.108108108108109,1.2820512820512822,0.30997304582210244,0.2934,546.0,0.29691211401425177,0.8585526315789473,0.311,131.0,16.0,58.0,119.0,481.0,421.0,94.0,20.0,1.0,47.0,0.387,0.477,50.0,0,5.0,,201.0,3,5,0.0,5.0,,77.24203821656052,76.11
1967,CL,東京ヤクルトスワローズ,71673829,竜　隆行,T.Ryuu,1.0,0.0,0.0,0.0,0.0,0.0,0.0,0.0,0.0,0.0,0.0,0,0.0,0.0,0.0,0,0.0,0.0,0.0,,,,0.0,0.0,0.0,0.0,,nan,nan,nan,nan,0.0,0.0,nan,nan,,0.0,0.0,0.0,1.0,0.0,0.0,0.0,0.0,0.0,0.0,,,0.0,0,0.0,,0.0,0.0,0,0.0,0.0,,nan,0.0
1967,CL,読売ジャイアンツ,71773821,塩原　明,A.Shiobara,29.0,37.0,36.0,1.0,7.0,1.0,0.0,0.0,8.0,3.0,0.0,0,0.0,0.0,1.0,0,0.0,6.0,0.0,0.194,0.216,0.222,0.438,6.0,0.027999999999999997,0.021999999999999992,0.244,2.7027027027027026,16.216216216216218,0.16666666666666666,0.23333333333333334,0.1527,290.0,0.05555555555555555,0.3103448275862069,0.194,7.0,0.0,3.0,29.0,37.0,36.0,6.0,1.0,0.0,1.0,0.216,0.222,1.0,0,0.0,,8.0,0.0,0,0.0,0.0,,1.7297297297297298,1.2079999999999997
1967,CL,東京ヤクルトスワローズ,71773827,高山　忠克,T.Takayama,88.0,192.0,185.0,21.0,46.0,8.0,3.0,7.0,81.0,23.0,1,0,2.0,0.0,4.0,0,1.0,35.0,3.0,0.249,0.268,0.438,0.706,28.0,0.189,0.019000000000000017,0.457,2.083333333333333,18.229166666666664,0.11428571428571428,0.2727272727272727,0.23010000000000003,414.00000000000006,0.21081081081081082,0.6056338028169014,0.249,46.0,7.0,23.0,88.0,192.0,185.0,28.0,8.0,3.0,21.0,0.268,0.438,4.0,0,1.0,,81.0,1,0,2.0,0.0,,21.428571428571427,20.988
1967,CL,東京ヤクルトスワローズ,71773829,佐藤　進,S.Satou,38.0,69.0,59.0,8.0,13.0,2.0,0.0,1.0,18.0,5.0,0.0,0,2.0,1.0,7.0,0,0.0,19.0,1.0,0.22,0.299,0.305,0.604,10.0,0.08499999999999999,0.07899999999999999,0.384,10.144927536231885,27.536231884057973,0.3684210526315789,0.3,0.2108,400.6666666666667,0.2033898305084746,0.5319148936170213,0.22,13.0,1.0,5.0,38.0,69.0,59.0,10.0,2.0,0.0,8.0,0.299,0.305,7.0,0,0.0,,18.0,0.0,0,2.0,1.0,,5.454545454545454,5.6819999999999995
1967,CL,東京ヤクルトスワローズ,71973808,島野　雅亘,M.Shimano,23.0,32.0,32.0,2.0,3.0,1.0,0.0,0.0,4.0,0.0,0.0,0,0.0,0.0,0.0,0,0.0,8.0,1.0,0.094,0.094,0.125,0.219,2.0,0.031,0.0,0.125,0.0,25.0,0.0,0.125,0.07355,135.66666666666666,0.03125,0.13333333333333333,0.094,3.0,0.0,0.0,23.0,32.0,32.0,2.0,1.0,0.0,2.0,0.094,0.125,0.0,0,0.0,,4.0,0.0,0,0.0,0.0,,0.375,-1.122
1967,CL,東京ヤクルトスワローズ,71973820,東条　文博,F.Toujou,79.0,161.0,156.0,19.0,30.0,7.0,1.0,0.0,39.0,6.0,3,2,0.0,1.0,3.0,0,1.0,19.0,0.0,0.192,0.211,0.25,0.46099999999999997,22.0,0.057999999999999996,0.01899999999999999,0.269,1.8633540372670807,11.801242236024844,0.15789473684210525,0.21739130434782608,0.15744999999999998,294.3333333333333,0.08974358974358974,0.35714285714285715,0.192,30.0,0.0,6.0,79.0,161.0,156.0,22.0,7.0,1.0,19.0,0.211,0.25,3.0,0,1.0,,39.0,3,2,0.0,1.0,,8.09433962264151,6.411999999999997
1967,CL,東京ヤクルトスワローズ,71973824,得津　高宏,T.Tokutsu,62.0,140.0,131.0,15.0,37.0,2.0,2.0,1.0,46.0,9.0,0,1,0.0,0.0,8.0,0,1.0,24.0,0.0,0.282,0.329,0.351,0.6799999999999999,32.0,0.069,0.04700000000000004,0.398,5.714285714285714,17.142857142857142,0.3333333333333333,0.33962264150943394,0.2358,446.0,0.13740458015267176,0.5957446808510638,0.282,37.0,1.0,9.0,62.0,140.0,131.0,32.0,2.0,2.0,15.0,0.329,0.351,8.0,0,1.0,,46.0,0,1,0.0,0.0,,14.892086330935252,14.898000000000003
1967,CL,横浜DeNAベイスターズ,71973825,佐々木　吉郎,K.Sasaki,34.0,14.0,13.0,0.0,0.0,0.0,0.0,0.0,0.0,0.0,0.0,0,1.0,0.0,0.0,0,0.0,7.0,0.0,0.0,0.0,0.0,0.0,0.0,0.0,0.0,0.0,0.0,50.0,0.0,0.0,0.0,0.0,0.0,0.0,0.0,0.0,0.0,0.0,34.0,14.0,13.0,0.0,0.0,0.0,0.0,0.0,0.0,0.0,0,0.0,,0.0,0.0,0,1.0,0.0,,0.0,-1.274
1967,CL,横浜DeNAベイスターズ,71973829,関根　知雄,T.Sekine,23.0,30.0,26.0,2.0,4.0,1.0,0.0,0.0,5.0,1.0,0.0,0,0.0,0.0,3.0,0,1.0,7.0,0.0,0.154,0.267,0.192,0.459,3.0,0.038000000000000006,0.11300000000000002,0.305,10.0,23.333333333333332,0.42857142857142855,0.21052631578947367,0.16815000000000002,331.0,0.15384615384615385,0.4090909090909091,0.154,4.0,0.0,1.0,23.0,30.0,26.0,3.0,1.0,0.0,2.0,0.267,0.192,3.0,0,1.0,,5.0,0.0,0,0.0,0.0,,1.206896551724138,1.384
1967,CL,横浜DeNAベイスターズ,81083802,土井　淳,K.Doi,71.0,123.0,105.0,4.0,26.0,3.0,0.0,2.0,35.0,9.0,0,2,10.0,0.0,8.0,0,0.0,18.0,2.0,0.248,0.301,0.333,0.634,21.0,0.08500000000000002,0.05299999999999999,0.386,6.504065040650407,14.634146341463413,0.4444444444444444,0.2823529411764706,0.2187,412.0,0.18095238095238095,0.5555555555555556,0.248,26.0,2.0,9.0,71.0,123.0,105.0,21.0,3.0,0.0,4.0,0.301,0.333,8.0,0,0.0,,35.0,0,2,10.0,0.0,,10.530973451327434,10.797999999999998
1967,CL,横浜DeNAベイスターズ,81083820,古田　忠司,T.Furuta,49.0,45.0,40.0,9.0,9.0,1.0,0.0,0.0,10.0,1.0,1,2,4.0,0.0,0.0,0,1.0,6.0,1.0,0.225,0.244,0.25,0.494,8.0,0.024999999999999994,0.01899999999999999,0.269,0.0,13.333333333333334,0.0,0.2647058823529412,0.1723,327.3333333333333,0.075,0.40625,0.225,9.0,0.0,1.0,49.0,45.0,40.0,8.0,1.0,0.0,9.0,0.244,0.25,0.0,0,1.0,,10.0,1,2,4.0,0.0,,2.25,2.372
1967,CL,広島東洋カープ,81083827,八木　孝,T.Yagi,7.0,2.0,2.0,3.0,1.0,0.0,0.0,0.0,1.0,0.0,0.0,0,0.0,0.0,0.0,0,0.0,1.0,0.0,0.5,0.5,0.5,1.0,1.0,0.0,0.0,0.5,0.0,50.0,0.0,1.0,0.35,666.6666666666666,0.0,1.0,0.5,1.0,0.0,0.0,7.0,2.0,2.0,1.0,0.0,0.0,3.0,0.5,0.5,0.0,0,0.0,,1.0,0.0,0,0.0,0.0,,0.5,0.402
1967,CL,横浜DeNAベイスターズ,81183820,今井　務,T.Imai,3.0,3.0,3.0,0.0,0.0,0.0,0.0,0.0,0.0,0.0,0.0,0,0.0,0.0,0.0,0,0.0,3.0,0.0,0.0,0.0,0.0,0.0,0.0,0.0,0.0,0.0,0.0,100.0,0.0,nan,0.0,0.0,0.0,0.0,0.0,0.0,0.0,0.0,3.0,3.0,3.0,0.0,0.0,0.0,0.0,0.0,0.0,0.0,0,0.0,,0.0,0.0,0,0.0,0.0,,0.0,-0.29400000000000004
1967,CL,広島東洋カープ,81183822,川内　雄富,K.Kawauchi,46.0,76.0,67.0,8.0,10.0,0.0,0.0,1.0,13.0,3.0,0,1,0.0,0.0,5.0,0,4.0,15.0,1.0,0.149,0.25,0.194,0.444,9.0,0.04500000000000001,0.101,0.295,6.578947368421052,19.736842105263158,0.3333333333333333,0.17647058823529413,0.161,314.66666666666663,0.13432835820895522,0.39655172413793105,0.149,10.0,1.0,3.0,46.0,76.0,67.0,9.0,0.0,0.0,8.0,0.25,0.194,5.0,0,4.0,,13.0,0,1,0.0,0.0,,2.7083333333333335,3.5039999999999996
1967,CL,読売ジャイアンツ,81183827,大橋　勲,I.Oohashi,60.0,128.0,117.0,5.0,32.0,6.0,0.0,1.0,41.0,11.0,0.0,0,3.0,1.0,6.0,0,1.0,11.0,8.0,0.274,0.312,0.35,0.6619999999999999,25.0,0.07599999999999996,0.03799999999999998,0.3879999999999999,4.6875,8.59375,0.5454545454545454,0.29245283018867924,0.2279,428.66666666666663,0.1282051282051282,0.5161290322580645,0.274,32.0,1.0,11.0,60.0,128.0,117.0,25.0,6.0,0.0,5.0,0.312,0.35,6.0,0,1.0,,41.0,0.0,0,3.0,1.0,,12.666666666666666,12.24
1967,CL,読売ジャイアンツ,81283806,森永　勝也,K.Morinaga,83.0,123.0,110.0,9.0,27.0,3.0,1.0,3.0,41.0,15.0,0,1,0.0,1.0,11.0,0,1.0,6.0,3.0,0.245,0.317,0.373,0.69,20.0,0.128,0.07200000000000001,0.445,8.94308943089431,4.878048780487805,1.8333333333333333,0.23529411764705882,0.2359,441.33333333333337,0.23636363636363636,0.627906976744186,0.245,27.0,3.0,15.0,83.0,123.0,110.0,20.0,3.0,1.0,9.0,0.317,0.373,11.0,0,1.0,,41.0,0,1,0.0,1.0,,12.87603305785124,13.526
1967,CL,東京ヤクルトスワローズ,81283827,別部　捷夫,Y.Wakebe,70.0,103.0,85.0,5.0,21.0,4.0,0.0,2.0,31.0,20.0,0.0,0,0.0,2.0,16.0,0,0.0,12.0,6.0,0.247,0.359,0.365,0.724,15.0,0.118,0.11199999999999999,0.477,15.53398058252427,11.650485436893204,1.3333333333333333,0.2602739726027397,0.2528,480.66666666666663,0.3058823529411765,0.6714285714285714,0.247,21.0,2.0,20.0,70.0,103.0,85.0,15.0,4.0,0.0,5.0,0.359,0.365,16.0,0,0.0,,31.0,0.0,0,0.0,2.0,,11.356435643564357,12.267999999999999
1967,CL,読売ジャイアンツ,81383808,王　貞治,S.Ou,133.0,566.0,426.0,94.0,139.0,22.0,3.0,47.0,308.0,108.0,3,5,0.0,3.0,130.0,0,7.0,65.0,7.0,0.326,0.488,0.723,1.2109999999999999,67.0,0.39699999999999996,0.16199999999999998,0.885,22.968197879858657,11.484098939929329,2.0,0.2902208201892745,0.40035,729.0,0.7136150234741784,1.530612244897959,0.326,139.0,47.0,108.0,133.0,566.0,426.0,67.0,22.0,3.0,94.0,0.488,0.723,130.0,0,7.0,,308.0,3,5,0.0,3.0,,149.01438848920864,138.124
1967,CL,中日ドラゴンズ,81383821,久保　征弘,M.Kubo,54.0,8.0,7.0,0.0,0.0,0.0,0.0,0.0,0.0,0.0,0.0,0,1.0,0.0,0.0,0,0.0,4.0,0.0,0.0,0.0,0.0,0.0,0.0,0.0,0.0,0.0,0.0,50.0,0.0,0.0,0.0,0.0,0.0,0.0,0.0,0.0,0.0,0.0,54.0,8.0,7.0,0.0,0.0,0.0,0.0,0.0,0.0,0.0,0,0.0,,0.0,0.0,0,1.0,0.0,,0.0,-0.686
1967,CL,横浜DeNAベイスターズ,81383823,長田　幸雄,Y.Osada,109.0,340.0,316.0,37.0,85.0,18.0,0.0,16.0,151.0,49.0,0,2,2.0,1.0,20.0,0,1.0,45.0,10.0,0.269,0.314,0.478,0.792,51.0,0.20899999999999996,0.044999999999999984,0.5229999999999999,5.88235294117647,13.23529411764706,0.4444444444444444,0.26953125,0.26080000000000003,473.3333333333333,0.27848101265822783,0.7219917012448133,0.269,85.0,16.0,49.0,109.0,340.0,316.0,51.0,18.0,0.0,37.0,0.314,0.478,20.0,0,1.0,,151.0,0,2,2.0,1.0,,47.1875,46.152
1967,CL,広島東洋カープ,81383827,久保　祥次,S.Kubo,106.0,283.0,258.0,25.0,57.0,8.0,0.0,8.0,89.0,30.0,1.0,1,7.0,2.0,14.0,0,2.0,44.0,6.0,0.221,0.264,0.345,0.609,41.0,0.12399999999999997,0.04300000000000001,0.388,4.946996466431095,15.547703180212014,0.3181818181818182,0.23557692307692307,0.20505,379.0,0.1821705426356589,0.5120772946859904,0.221,57.0,8.0,30.0,106.0,283.0,258.0,41.0,8.0,0.0,25.0,0.264,0.345,14.0,0,2.0,,89.0,1.0,1,7.0,2.0,,23.231617647058822,23.542
1967,CL,横浜DeNAベイスターズ,81483825,西　三雄,M.Nishi,25.0,15.0,13.0,1.0,3.0,2.0,0.0,0.0,5.0,0.0,0.0,0,2.0,0.0,0.0,0,0.0,1.0,1.0,0.231,0.231,0.385,0.616,1.0,0.154,0.0,0.385,0.0,6.666666666666667,0.0,0.25,0.2002,359.3333333333333,0.15384615384615385,0.45454545454545453,0.231,3.0,0.0,0.0,25.0,15.0,13.0,1.0,2.0,0.0,1.0,0.231,0.385,0.0,0,0.0,,5.0,0.0,0,2.0,0.0,,1.1538461538461537,0.96
1967,CL,中日ドラゴンズ,81583808,河村　保彦,Y.Kawamura,6.0,1.0,0.0,0.0,0.0,0.0,0.0,0.0,0.0,0.0,0.0,0,0.0,0.0,1.0,0,0.0,0.0,0.0,,1.0,,1.0,0.0,0.0,1.0,,100.0,0.0,nan,nan,0.45,1000.0,nan,nan,,0.0,0.0,0.0,6.0,1.0,0.0,0.0,0.0,0.0,0.0,1.0,,1.0,0,0.0,,0.0,0.0,0,0.0,0.0,,0.0,0.33
1967,CL,読売ジャイアンツ,81583822,菅原　勝矢,K.Sugawara,32.0,47.0,44.0,3.0,4.0,0.0,0.0,0.0,4.0,1.0,0.0,0,2.0,0.0,1.0,0,0.0,16.0,0.0,0.091,0.111,0.091,0.202,4.0,0.0,0.020000000000000004,0.111,2.127659574468085,34.04255319148936,0.0625,0.14285714285714285,0.0727,141.33333333333334,0.022727272727272728,0.125,0.091,4.0,0.0,1.0,32.0,47.0,44.0,4.0,0.0,0.0,3.0,0.111,0.091,1.0,0,0.0,,4.0,0.0,0,2.0,0.0,,0.4444444444444444,-1.5899999999999999
1967,CL,横浜DeNAベイスターズ,81583824,岸　勝之,K.Kishi,2.0,0.0,0.0,0.0,0.0,0.0,0.0,0.0,0.0,0.0,0.0,0,0.0,0.0,0.0,0,0.0,0.0,0.0,,,,0.0,0.0,0.0,0.0,,nan,nan,nan,nan,0.0,0.0,nan,nan,,0.0,0.0,0.0,2.0,0.0,0.0,0.0,0.0,0.0,0.0,,,0.0,0,0.0,,0.0,0.0,0,0.0,0.0,,nan,0.0
1967,CL,東京ヤクルトスワローズ,81583829,児玉　禎彦,Y.Kodama,27.0,32.0,28.0,3.0,5.0,1.0,0.0,0.0,6.0,3.0,1.0,1,0.0,0.0,3.0,0,1.0,6.0,1.0,0.179,0.281,0.214,0.495,4.0,0.035,0.10200000000000004,0.316,9.375,18.75,0.5,0.22727272727272727,0.17995,352.33333333333337,0.17857142857142858,0.4583333333333333,0.179,5.0,0.0,3.0,27.0,32.0,28.0,4.0,1.0,0.0,3.0,0.281,0.214,3.0,0,1.0,,6.0,1.0,1,0.0,0.0,,1.5483870967741935,1.9659999999999997
1967,CL,阪神タイガース,81683802,藤本　勝巳,K.Fujimoto,51.0,62.0,55.0,4.0,11.0,1.0,0.0,2.0,18.0,5.0,0.0,0,0.0,0.0,7.0,0,0.0,18.0,0.0,0.2,0.29,0.327,0.617,8.0,0.127,0.08999999999999997,0.417,11.29032258064516,29.03225806451613,0.3888888888888889,0.2571428571428571,0.21225,398.99999999999994,0.2545454545454545,0.5681818181818182,0.2,11.0,2.0,5.0,51.0,62.0,55.0,8.0,1.0,0.0,4.0,0.29,0.327,7.0,0,0.0,,18.0,0.0,0,0.0,0.0,,5.225806451612903,5.598
1967,CL,阪神タイガース,81683825,藤井　栄治,E.Fujii,125.0,490.0,459.0,35.0,122.0,24.0,1.0,9.0,175.0,52.0,1,3,3.0,3.0,25.0,0,0.0,42.0,14.0,0.266,0.302,0.381,0.683,88.0,0.11499999999999999,0.035999999999999976,0.417,5.1020408163265305,8.571428571428571,0.5952380952380952,0.2749391727493917,0.23115,429.0,0.17647058823529413,0.5783475783475783,0.266,122.0,9.0,52.0,125.0,490.0,459.0,88.0,24.0,1.0,35.0,0.302,0.381,25.0,0,0.0,,175.0,1,3,3.0,3.0,,53.150826446280995,51.044000000000004
1967,CL,広島東洋カープ,81783804,田中　尊,T.Tanaka,82.0,166.0,159.0,9.0,33.0,3.0,0.0,0.0,36.0,5.0,0.0,0,1.0,0.0,6.0,0,0.0,11.0,1.0,0.208,0.236,0.226,0.46199999999999997,30.0,0.018000000000000016,0.027999999999999997,0.254,3.614457831325301,6.626506024096386,0.5454545454545454,0.22297297297297297,0.1627,311.33333333333337,0.05660377358490566,0.33070866141732286,0.208,33.0,0.0,5.0,82.0,166.0,159.0,30.0,3.0,0.0,9.0,0.236,0.226,6.0,0,0.0,,36.0,0.0,0,1.0,0.0,,8.50909090909091,6.792
1967,CL,中日ドラゴンズ,81783821,高木　守道,M.Takagi,118.0,491.0,455.0,59.0,133.0,25.0,1.0,19.0,217.0,66.0,9,3,2.0,7.0,26.0,0,1.0,60.0,10.0,0.292,0.327,0.477,0.804,88.0,0.185,0.03500000000000003,0.512,5.295315682281059,12.219959266802444,0.43333333333333335,0.29765013054830286,0.26639999999999997,486.0,0.24835164835164836,0.7439759036144579,0.292,133.0,19.0,66.0,118.0,491.0,455.0,88.0,25.0,1.0,59.0,0.327,0.477,26.0,0,1.0,,217.0,9,3,2.0,7.0,,71.73180873180873,68.29400000000001
1967,CL,広島東洋カープ,81783822,竹野　充昿,M.Takeno,57.0,37.0,33.0,4.0,8.0,2.0,0.0,0.0,10.0,1.0,0,1,1.0,0.0,3.0,0,0.0,3.0,1.0,0.242,0.306,0.303,0.609,6.0,0.061,0.064,0.367,8.108108108108109,8.108108108108109,1.0,0.26666666666666666,0.21344999999999997,407.0,0.18181818181818182,0.5384615384615384,0.242,8.0,0.0,1.0,57.0,37.0,33.0,6.0,2.0,0.0,4.0,0.306,0.303,3.0,0,0.0,,10.0,0,1,1.0,0.0,,3.0555555555555554,3.1599999999999993
1967,CL,横浜DeNAベイスターズ,81783823,杉本　公孝,K.Sugimoto,50.0,54.0,50.0,2.0,11.0,3.0,1.0,1.0,19.0,7.0,0.0,0,0.0,1.0,3.0,0,0.0,13.0,1.0,0.22,0.259,0.38,0.639,6.0,0.16,0.03900000000000001,0.419,5.555555555555555,24.074074074074073,0.23076923076923078,0.2702702702702703,0.21155000000000002,385.6666666666667,0.22,0.55,0.22,11.0,1.0,7.0,50.0,54.0,50.0,6.0,3.0,1.0,2.0,0.259,0.38,3.0,0,0.0,,19.0,0.0,0,0.0,1.0,,5.018867924528302,4.808000000000001
1967,CL,横浜DeNAベイスターズ,81783824,高垣　義広,Y.Takagaki,14.0,13.0,13.0,2.0,3.0,0.0,0.0,0.0,3.0,1.0,0.0,0,0.0,0.0,0.0,0,0.0,6.0,1.0,0.231,0.231,0.231,0.462,3.0,0.0,0.0,0.231,0.0,46.15384615384615,0.0,0.42857142857142855,0.1617,308.0,0.0,0.2727272727272727,0.231,3.0,0.0,1.0,14.0,13.0,13.0,3.0,0.0,0.0,2.0,0.231,0.231,0.0,0,0.0,,3.0,0.0,0,0.0,0.0,,0.6923076923076923,0.52
1967,CL,東京ヤクルトスワローズ,81883825,丸山　完二,K.Maruyama,105.0,295.0,261.0,34.0,64.0,11.0,2.0,4.0,91.0,26.0,5.0,5,2.0,4.0,28.0,0,0.0,38.0,3.0,0.245,0.314,0.349,0.663,47.0,0.10399999999999998,0.069,0.418,9.491525423728813,12.88135593220339,0.7368421052631579,0.26905829596412556,0.22855,430.33333333333337,0.22988505747126436,0.62,0.245,64.0,4.0,26.0,105.0,295.0,261.0,47.0,11.0,2.0,34.0,0.314,0.349,28.0,0,0.0,,91.0,5.0,5,2.0,4.0,,28.968858131487888,30.093999999999998
1967,CL,読売ジャイアンツ,81983802,須藤　豊,Y.Sudou,37.0,47.0,43.0,2.0,11.0,2.0,0.0,1.0,16.0,6.0,0,1,1.0,0.0,3.0,0,0.0,7.0,1.0,0.256,0.304,0.372,0.6759999999999999,8.0,0.11599999999999999,0.04799999999999999,0.42,6.382978723404255,14.893617021276595,0.42857142857142855,0.2857142857142857,0.2298,428.0,0.20930232558139536,0.6060606060606061,0.256,11.0,1.0,6.0,37.0,47.0,43.0,8.0,2.0,0.0,2.0,0.304,0.372,3.0,0,0.0,,16.0,0,1,1.0,0.0,,4.869565217391305,4.913999999999999
1967,CL,読売ジャイアンツ,81983804,中村　稔,M.Nakamura,33.0,25.0,25.0,0.0,3.0,0.0,0.0,0.0,3.0,0.0,0.0,0,0.0,0.0,0.0,0,0.0,8.0,0.0,0.12,0.12,0.12,0.24,3.0,0.0,0.0,0.12,0.0,32.0,0.0,0.17647058823529413,0.08399999999999999,160.0,0.0,0.13636363636363635,0.12,3.0,0.0,0.0,33.0,25.0,25.0,3.0,0.0,0.0,0.0,0.12,0.12,0.0,0,0.0,,3.0,0.0,0,0.0,0.0,,0.36,-0.6560000000000001
1967,CL,読売ジャイアンツ,81983806,長嶋　茂雄,S.Nagashima,122.0,515.0,474.0,65.0,134.0,25.0,3.0,19.0,222.0,77.0,2,3,0.0,3.0,37.0,0,1.0,37.0,24.0,0.283,0.334,0.468,0.802,87.0,0.18500000000000005,0.051000000000000045,0.5190000000000001,7.184466019417475,7.184466019417475,1.0,0.27315914489311166,0.26730000000000004,490.0,0.270042194092827,0.7225274725274725,0.283,134.0,19.0,77.0,122.0,515.0,474.0,87.0,25.0,3.0,65.0,0.334,0.468,37.0,0,1.0,,222.0,2,3,0.0,3.0,,74.28962818003914,71.74000000000001
1967,CL,横浜DeNAベイスターズ,81983820,新治　伸治,S.Niihari,6.0,0.0,0.0,0.0,0.0,0.0,0.0,0.0,0.0,0.0,0.0,0,0.0,0.0,0.0,0,0.0,0.0,0.0,,,,0.0,0.0,0.0,0.0,,nan,nan,nan,nan,0.0,0.0,nan,nan,,0.0,0.0,0.0,6.0,0.0,0.0,0.0,0.0,0.0,0.0,,,0.0,0,0.0,,0.0,0.0,0,0.0,0.0,,nan,0.0
1967,CL,中日ドラゴンズ,81983822,広野　功,I.Hirono,121.0,427.0,390.0,45.0,91.0,11.0,4.0,19.0,167.0,60.0,2,5,0.0,4.0,26.0,0,7.0,91.0,7.0,0.233,0.29,0.428,0.718,57.0,0.19499999999999998,0.05699999999999997,0.485,6.0889929742388755,21.311475409836063,0.2857142857142857,0.2535211267605634,0.2375,432.66666666666663,0.2743589743589744,0.6699346405228758,0.233,91.0,19.0,60.0,121.0,427.0,390.0,57.0,11.0,4.0,45.0,0.29,0.428,26.0,0,7.0,,167.0,2,5,0.0,4.0,,46.96875,50.428000000000004
1967,CL,中日ドラゴンズ,81983824,橋本　勝隆,K.Hashimoto,1.0,0.0,0.0,0.0,0.0,0.0,0.0,0.0,0.0,0.0,0.0,0,0.0,0.0,0.0,0,0.0,0.0,0.0,,,,0.0,0.0,0.0,0.0,,nan,nan,nan,nan,0.0,0.0,nan,nan,,0.0,0.0,0.0,1.0,0.0,0.0,0.0,0.0,0.0,0.0,,,0.0,0,0.0,,0.0,0.0,0,0.0,0.0,,nan,0.0
1967,CL,東京ヤクルトスワローズ,81983825,篠原　良昭,Y.Shinohara,69.0,149.0,128.0,20.0,30.0,4.0,0.0,2.0,40.0,5.0,1,4,2.0,1.0,15.0,0,2.0,11.0,2.0,0.234,0.322,0.312,0.634,24.0,0.07799999999999999,0.088,0.4,10.06711409395973,7.38255033557047,1.3636363636363635,0.2413793103448276,0.2229,426.0,0.2265625,0.61,0.234,30.0,2.0,5.0,69.0,149.0,128.0,24.0,4.0,0.0,20.0,0.322,0.312,15.0,0,2.0,,40.0,1,4,2.0,1.0,,12.587412587412587,14.485999999999995
1967,CL,中日ドラゴンズ,91093821,浜中　祥和,Y.Hamanaka,37.0,34.0,32.0,7.0,5.0,0.0,0.0,0.0,5.0,2.0,4,3,0.0,0.0,1.0,0,1.0,2.0,0.0,0.156,0.206,0.156,0.362,5.0,0.0,0.04999999999999999,0.206,2.941176470588235,5.88235294117647,0.5,0.16666666666666666,0.13169999999999998,258.0,0.125,0.37037037037037035,0.156,5.0,0.0,2.0,37.0,34.0,32.0,5.0,0.0,0.0,7.0,0.206,0.156,1.0,0,1.0,,5.0,4,3,0.0,0.0,,0.9090909090909091,1.0540000000000003
1967,CL,読売ジャイアンツ,91093822,堀内　恒夫,T.Horiuchi,23.0,61.0,54.0,6.0,13.0,2.0,0.0,4.0,27.0,12.0,0.0,0,6.0,0.0,0.0,0,1.0,12.0,1.0,0.241,0.255,0.5,0.755,7.0,0.259,0.014000000000000012,0.514,0.0,19.672131147540984,0.0,0.23684210526315788,0.23975000000000002,421.66666666666663,0.25925925925925924,0.6666666666666666,0.241,13.0,4.0,12.0,23.0,61.0,54.0,7.0,2.0,0.0,6.0,0.255,0.5,0.0,0,1.0,,27.0,0.0,0,6.0,0.0,,6.5,7.012
1967,CL,阪神タイガース,91093824,平山　英雄,H.Hirayama,7.0,1.0,1.0,0.0,0.0,0.0,0.0,0.0,0.0,0.0,0.0,0,0.0,0.0,0.0,0,0.0,1.0,0.0,0.0,0.0,0.0,0.0,0.0,0.0,0.0,0.0,0.0,100.0,0.0,nan,0.0,0.0,0.0,0.0,0.0,0.0,0.0,0.0,7.0,1.0,1.0,0.0,0.0,0.0,0.0,0.0,0.0,0.0,0,0.0,,0.0,0.0,0,0.0,0.0,,0.0,-0.098
1967,CL,東京ヤクルトスワローズ,91093825,鈴木　皖武,K.Suzuki,53.0,34.0,29.0,3.0,5.0,1.0,0.0,0.0,6.0,0.0,0.0,0,2.0,0.0,3.0,0,0.0,9.0,0.0,0.172,0.25,0.207,0.45699999999999996,4.0,0.035,0.07800000000000001,0.285,8.823529411764707,26.47058823529412,0.3333333333333333,0.25,0.16425,319.0,0.13793103448275862,0.375,0.172,5.0,0.0,0.0,53.0,34.0,29.0,4.0,1.0,0.0,3.0,0.25,0.207,3.0,0,0.0,,6.0,0.0,0,2.0,0.0,,1.5,1.3579999999999997
1967,CL,東京ヤクルトスワローズ,91193820,井石　礼司,R.Iishi,88.0,262.0,240.0,18.0,52.0,7.0,2.0,7.0,84.0,27.0,3,1,3.0,1.0,16.0,0,2.0,54.0,4.0,0.217,0.27,0.35,0.62,36.0,0.13299999999999998,0.05300000000000002,0.403,6.106870229007633,20.610687022900763,0.2962962962962963,0.25,0.20900000000000002,386.6666666666667,0.20416666666666666,0.5364583333333334,0.217,52.0,7.0,27.0,88.0,262.0,240.0,36.0,7.0,2.0,18.0,0.27,0.35,16.0,0,2.0,,84.0,3,1,3.0,1.0,,22.3125,22.895999999999994
1967,CL,読売ジャイアンツ,91193822,江藤　省三,S.Etou,2.0,2.0,2.0,0.0,0.0,0.0,0.0,0.0,0.0,0.0,0.0,0,0.0,0.0,0.0,0,0.0,0.0,0.0,0.0,0.0,0.0,0.0,0.0,0.0,0.0,0.0,0.0,0.0,nan,0.0,0.0,0.0,0.0,0.0,0.0,0.0,0.0,0.0,2.0,2.0,2.0,0.0,0.0,0.0,0.0,0.0,0.0,0.0,0,0.0,,0.0,0.0,0,0.0,0.0,,0.0,-0.196
1967,CL,阪神タイガース,91193825,安藤　統男,M.Andou,63.0,84.0,77.0,5.0,17.0,2.0,1.0,1.0,24.0,5.0,1.0,1,2.0,0.0,5.0,0,0.0,14.0,3.0,0.221,0.268,0.312,0.5800000000000001,13.0,0.091,0.047000000000000014,0.359,5.952380952380952,16.666666666666664,0.35714285714285715,0.25806451612903225,0.1986,372.0,0.16883116883116883,0.47619047619047616,0.221,17.0,1.0,5.0,63.0,84.0,77.0,13.0,2.0,1.0,5.0,0.268,0.312,5.0,0,0.0,,24.0,1.0,1,2.0,0.0,,6.439024390243903,6.37
1967,CL,東京ヤクルトスワローズ,91193829,相沢　勝,M.Aizawa,17.0,4.0,4.0,0.0,0.0,0.0,0.0,0.0,0.0,0.0,0.0,0,0.0,0.0,0.0,0,0.0,1.0,0.0,0.0,0.0,0.0,0.0,0.0,0.0,0.0,0.0,0.0,25.0,0.0,0.0,0.0,0.0,0.0,0.0,0.0,0.0,0.0,0.0,17.0,4.0,4.0,0.0,0.0,0.0,0.0,0.0,0.0,0.0,0,0.0,,0.0,0.0,0,0.0,0.0,,0.0,-0.392
1967,CL,広島東洋カープ,91293820,三好　幸雄,Y.Miyoshi,42.0,21.0,19.0,1.0,1.0,0.0,0.0,0.0,1.0,0.0,0.0,0,1.0,0.0,1.0,0,0.0,4.0,0.0,0.053,0.1,0.053,0.153,1.0,0.0,0.04700000000000001,0.1,4.761904761904762,19.047619047619047,0.25,0.06666666666666667,0.05825,117.66666666666667,0.05263157894736842,0.1111111111111111,0.053,1.0,0.0,0.0,42.0,21.0,19.0,1.0,0.0,0.0,1.0,0.1,0.053,1.0,0,0.0,,1.0,0.0,0,1.0,0.0,,0.1,-0.9339999999999999
1967,CL,広島東洋カープ,91293821,宮川　孝雄,T.Miyagawa,81.0,96.0,80.0,5.0,24.0,3.0,1.0,0.0,29.0,14.0,0,1,0.0,0.0,8.0,0,8.0,10.0,2.0,0.3,0.417,0.362,0.7789999999999999,20.0,0.062,0.11699999999999999,0.479,8.333333333333332,10.416666666666668,0.8,0.34285714285714286,0.27815,537.6666666666666,0.175,0.7931034482758621,0.3,24.0,0.0,14.0,81.0,96.0,80.0,20.0,3.0,1.0,5.0,0.417,0.362,8.0,0,8.0,,29.0,0,1,0.0,0.0,,10.545454545454545,13.172
1967,CL,東京ヤクルトスワローズ,91293822,横山　小次郎,K.Yokoyama,8.0,2.0,2.0,0.0,0.0,0.0,0.0,0.0,0.0,0.0,0.0,0,0.0,0.0,0.0,0,0.0,0.0,0.0,0.0,0.0,0.0,0.0,0.0,0.0,0.0,0.0,0.0,0.0,nan,0.0,0.0,0.0,0.0,0.0,0.0,0.0,0.0,0.0,8.0,2.0,2.0,0.0,0.0,0.0,0.0,0.0,0.0,0.0,0,0.0,,0.0,0.0,0,0.0,0.0,,0.0,-0.196
1967,CL,東京ヤクルトスワローズ,91293827,山田　正雄,M.Yamada,80.0,121.0,114.0,7.0,26.0,4.0,0.0,0.0,30.0,12.0,1,2,4.0,1.0,2.0,0,0.0,15.0,0.0,0.228,0.239,0.263,0.502,22.0,0.035,0.010999999999999982,0.274,1.6528925619834711,12.396694214876034,0.13333333333333333,0.26,0.1733,326.6666666666667,0.07017543859649122,0.38636363636363635,0.228,26.0,0.0,12.0,80.0,121.0,114.0,22.0,4.0,0.0,7.0,0.239,0.263,2.0,0,0.0,,30.0,1,2,4.0,1.0,,7.241379310344827,6.275999999999998
1967,CL,東京ヤクルトスワローズ,91293829,半沢　士郎,S.Hanzawa,4.0,0.0,0.0,0.0,0.0,0.0,0.0,0.0,0.0,0.0,0.0,0,0.0,0.0,0.0,0,0.0,0.0,0.0,,,,0.0,0.0,0.0,0.0,,nan,nan,nan,nan,0.0,0.0,nan,nan,,0.0,0.0,0.0,4.0,0.0,0.0,0.0,0.0,0.0,0.0,,,0.0,0,0.0,,0.0,0.0,0,0.0,0.0,,nan,0.0
1967,CL,東京ヤクルトスワローズ,91393822,佐藤　元彦,M.Satou,47.0,49.0,45.0,0.0,9.0,0.0,0.0,0.0,9.0,1.0,0.0,0,3.0,0.0,1.0,0,0.0,9.0,0.0,0.2,0.217,0.2,0.41700000000000004,9.0,0.0,0.016999999999999987,0.217,2.0408163265306123,18.367346938775512,0.1111111111111111,0.25,0.14765,283.6666666666667,0.022222222222222223,0.2777777777777778,0.2,9.0,0.0,1.0,47.0,49.0,45.0,9.0,0.0,0.0,0.0,0.217,0.2,1.0,0,0.0,,9.0,0.0,0,3.0,0.0,,1.9565217391304348,1.302
1967,CL,東京ヤクルトスワローズ,91393823,大坂　雅彦,M.Oosaka,93.0,54.0,48.0,13.0,9.0,3.0,0.0,3.0,21.0,5.0,5,1,3.0,0.0,3.0,0,0.0,11.0,1.0,0.188,0.235,0.438,0.673,3.0,0.25,0.046999999999999986,0.485,5.555555555555555,20.37037037037037,0.2727272727272727,0.17647058823529413,0.21525,381.0,0.3333333333333333,0.625,0.188,9.0,3.0,5.0,93.0,54.0,48.0,3.0,3.0,0.0,13.0,0.235,0.438,3.0,0,0.0,,21.0,5,1,3.0,0.0,,4.9411764705882355,5.328
1967,CL,読売ジャイアンツ,91393824,宇佐美　敏晴,T.Usami,3.0,3.0,3.0,0.0,0.0,0.0,0.0,0.0,0.0,0.0,0.0,0,0.0,0.0,0.0,0,0.0,0.0,0.0,0.0,0.0,0.0,0.0,0.0,0.0,0.0,0.0,0.0,0.0,nan,0.0,0.0,0.0,0.0,0.0,0.0,0.0,0.0,0.0,3.0,3.0,3.0,0.0,0.0,0.0,0.0,0.0,0.0,0.0,0,0.0,,0.0,0.0,0,0.0,0.0,,0.0,-0.29400000000000004
1967,CL,東京ヤクルトスワローズ,91393825,石谷　訓啓,K.Ishitani,2.0,0.0,0.0,0.0,0.0,0.0,0.0,0.0,0.0,0.0,0.0,0,0.0,0.0,0.0,0,0.0,0.0,0.0,,,,0.0,0.0,0.0,0.0,,nan,nan,nan,nan,0.0,0.0,nan,nan,,0.0,0.0,0.0,2.0,0.0,0.0,0.0,0.0,0.0,0.0,,,0.0,0,0.0,,0.0,0.0,0,0.0,0.0,,nan,0.0
1967,CL,中日ドラゴンズ,91393829,小川　健太郎,K.Ogawa,55.0,99.0,92.0,3.0,11.0,2.0,0.0,0.0,13.0,4.0,0,1,4.0,0.0,3.0,0,0.0,53.0,0.0,0.12,0.147,0.141,0.288,9.0,0.02099999999999999,0.026999999999999996,0.1679999999999999,3.0303030303030303,53.535353535353536,0.05660377358490566,0.28205128205128205,0.10139999999999999,193.99999999999997,0.06521739130434782,0.20987654320987653,0.12,11.0,0.0,4.0,55.0,99.0,92.0,9.0,2.0,0.0,3.0,0.147,0.141,3.0,0,0.0,,13.0,0,1,4.0,0.0,,1.9157894736842105,-0.8280000000000012
1967,CL,東京ヤクルトスワローズ,91593824,加藤　俊夫,T.Katou,41.0,48.0,45.0,1.0,4.0,0.0,0.0,0.0,4.0,2.0,0.0,0,0.0,0.0,2.0,0,1.0,9.0,0.0,0.089,0.146,0.089,0.235,4.0,0.0,0.056999999999999995,0.146,4.166666666666666,18.75,0.2222222222222222,0.1111111111111111,0.08795,175.66666666666666,0.044444444444444446,0.17073170731707318,0.089,4.0,0.0,2.0,41.0,48.0,45.0,4.0,0.0,0.0,1.0,0.146,0.089,2.0,0,1.0,,4.0,0.0,0,0.0,0.0,,0.5106382978723404,-1.0279999999999996
1967,CL,阪神タイガース,91693807,三宅　伸和,N.Miyake,1.0,0.0,0.0,0.0,0.0,0.0,0.0,0.0,0.0,0.0,0.0,0,0.0,0.0,0.0,0,0.0,0.0,0.0,,,,0.0,0.0,0.0,0.0,,nan,nan,nan,nan,0.0,0.0,nan,nan,,0.0,0.0,0.0,1.0,0.0,0.0,0.0,0.0,0.0,0.0,,,0.0,0,0.0,,0.0,0.0,0,0.0,0.0,,nan,0.0
1967,CL,阪神タイガース,91693825,G.バッキー,G.Bacque,38.0,92.0,88.0,6.0,14.0,3.0,0.0,1.0,20.0,2.0,0.0,0,4.0,0.0,0.0,0,0.0,23.0,3.0,0.159,0.159,0.227,0.386,10.0,0.068,0.0,0.227,0.0,25.0,0.0,0.203125,0.1283,234.66666666666669,0.06818181818181818,0.2597402597402597,0.159,14.0,1.0,2.0,38.0,92.0,88.0,10.0,3.0,0.0,6.0,0.159,0.227,0.0,0,0.0,,20.0,0.0,0,4.0,0.0,,3.1818181818181817,1.347999999999999
1967,CL,横浜DeNAベイスターズ,91793808,桑田　武,T.Kuwata,118.0,444.0,400.0,62.0,106.0,14.0,1.0,27.0,203.0,63.0,5,2,2.0,1.0,35.0,0,6.0,73.0,9.0,0.265,0.333,0.507,0.8400000000000001,64.0,0.242,0.068,0.575,7.882882882882883,16.441441441441444,0.4794520547945205,0.26245847176079734,0.2766,502.0,0.335,0.8118811881188119,0.265,106.0,27.0,63.0,118.0,444.0,400.0,64.0,14.0,1.0,62.0,0.333,0.507,35.0,0,6.0,,203.0,5,2,2.0,1.0,,65.8,67.078
1967,CL,読売ジャイアンツ,91893825,益田　昭雄,A.Masuda,4.0,0.0,0.0,0.0,0.0,0.0,0.0,0.0,0.0,0.0,0.0,0,0.0,0.0,0.0,0,0.0,0.0,0.0,,,,0.0,0.0,0.0,0.0,,nan,nan,nan,nan,0.0,0.0,nan,nan,,0.0,0.0,0.0,4.0,0.0,0.0,0.0,0.0,0.0,0.0,,,0.0,0,0.0,,0.0,0.0,0,0.0,0.0,,nan,0.0
1967,CL,中日ドラゴンズ,91993824,鳥谷　元,H.Toriya,4.0,0.0,0.0,0.0,0.0,0.0,0.0,0.0,0.0,0.0,0.0,0,0.0,0.0,0.0,0,0.0,0.0,0.0,,,,0.0,0.0,0.0,0.0,,nan,nan,nan,nan,0.0,0.0,nan,nan,,0.0,0.0,0.0,4.0,0.0,0.0,0.0,0.0,0.0,0.0,,,0.0,0,0.0,,0.0,0.0,0,0.0,0.0,,nan,0.0
1967,CL,広島東洋カープ,91993829,苑田　聡彦,T.Sonoda,109.0,425.0,402.0,55.0,107.0,18.0,6.0,8.0,161.0,35.0,8,7,6.0,1.0,13.0,0,3.0,65.0,6.0,0.266,0.294,0.4,0.694,75.0,0.134,0.02799999999999997,0.428,3.058823529411765,15.294117647058824,0.2,0.3,0.2323,427.33333333333337,0.18407960199004975,0.6112956810631229,0.266,107.0,8.0,35.0,109.0,425.0,402.0,75.0,18.0,6.0,55.0,0.294,0.4,13.0,0,3.0,,161.0,8,7,6.0,1.0,,46.55421686746988,45.85000000000001
1967,CL,広島東洋カープ,93393800,藤井　弘,H.Fujii,125.0,429.0,365.0,40.0,92.0,17.0,1.0,14.0,153.0,57.0,1,5,0.0,3.0,56.0,0,5.0,75.0,8.0,0.252,0.357,0.419,0.776,60.0,0.16699999999999998,0.10499999999999998,0.524,13.053613053613052,17.482517482517483,0.7466666666666667,0.27956989247311825,0.26539999999999997,496.66666666666663,0.33424657534246577,0.7793594306049823,0.252,92.0,14.0,57.0,125.0,429.0,365.0,60.0,17.0,1.0,40.0,0.357,0.419,56.0,0,5.0,,153.0,1,5,0.0,3.0,,53.78622327790974,57.715999999999994
