year,league,team,player_id,player_name_ja,player_name_en,G,PA,AB,R,H,2B,3B,HR,TB,RBI,SB,CS,SH,SF,BB,IBB,HBP,SO,GDP,AVG,OBP,SLG,OPS,1B,IsoP,IsoD,IOPS,BB%,K%,BB/K,BABIP,GPA,NOI,SecA,TA,打率,安打,本塁打,打点,試合,打席,打数,単打,二塁打,三塁打,得点,出塁率,長打率,四球,敬遠,死球,三振,塁打,盗塁,盗塁死,犠打,犠飛,併殺打,RC,XR
2019,PL,千葉ロッテマリーンズ,1005112,田中　靖洋,Y.Tanaka,44.0,0.0,0.0,0.0,0.0,0.0,0.0,0.0,0.0,0.0,0.0,0,0.0,0.0,0.0,0,0.0,0.0,0.0,,,,0.0,0.0,0.0,0.0,,nan,nan,nan,nan,0.0,0.0,nan,nan,,0.0,0.0,0.0,44.0,0.0,0.0,0.0,0.0,0.0,0.0,,,0.0,0,0.0,,0.0,0.0,0,0.0,0.0,,nan,0.0
2019,PL,福岡ソフトバンクホークス,1005133,千賀　滉大,K.Senga,26.0,6.0,6.0,0.0,2.0,1.0,0.0,0.0,3.0,0.0,0.0,0,0.0,0.0,0.0,0,0.0,2.0,0.0,0.333,0.333,0.5,0.833,1.0,0.16699999999999998,0.0,0.5,0.0,33.33333333333333,0.0,0.5,0.27485000000000004,499.6666666666667,0.16666666666666666,0.75,0.333,2.0,0.0,0.0,26.0,6.0,6.0,1.0,1.0,0.0,0.0,0.333,0.5,0.0,0,0.0,,3.0,0.0,0,0.0,0.0,,1.0,0.828
2019,PL,福岡ソフトバンクホークス,1005135,武田　翔太,S.Takeda,32.0,1.0,1.0,0.0,0.0,0.0,0.0,0.0,0.0,0.0,0.0,0,0.0,0.0,0.0,0,0.0,0.0,0.0,0.0,0.0,0.0,0.0,0.0,0.0,0.0,0.0,0.0,0.0,nan,0.0,0.0,0.0,0.0,0.0,0.0,0.0,0.0,0.0,32.0,1.0,1.0,0.0,0.0,0.0,0.0,0.0,0.0,0.0,0,0.0,,0.0,0.0,0,0.0,0.0,,0.0,-0.098
2019,PL,福岡ソフトバンクホークス,1005136,高橋　礼,R.Takahashi,23.0,4.0,4.0,0.0,1.0,0.0,0.0,0.0,1.0,0.0,0.0,0,0.0,0.0,0.0,0,0.0,2.0,0.0,0.25,0.25,0.25,0.5,1.0,0.0,0.0,0.25,0.0,50.0,0.0,0.5,0.175,333.3333333333333,0.0,0.3333333333333333,0.25,1.0,0.0,0.0,23.0,4.0,4.0,1.0,0.0,0.0,0.0,0.25,0.25,0.0,0,0.0,,1.0,0.0,0,0.0,0.0,,0.25,0.20599999999999996
2019,PL,福岡ソフトバンクホークス,1005137,東浜　巨,N.Higashihama,7.0,0.0,0.0,0.0,0.0,0.0,0.0,0.0,0.0,0.0,0.0,0,0.0,0.0,0.0,0,0.0,0.0,0.0,,,,0.0,0.0,0.0,0.0,,nan,nan,nan,nan,0.0,0.0,nan,nan,,0.0,0.0,0.0,7.0,0.0,0.0,0.0,0.0,0.0,0.0,,,0.0,0,0.0,,0.0,0.0,0,0.0,0.0,,nan,0.0
2019,PL,オリックス・バファローズ,11015119,成瀬　善久,Y.Naruse,6.0,0.0,0.0,0.0,0.0,0.0,0.0,0.0,0.0,0.0,0.0,0,0.0,0.0,0.0,0,0.0,0.0,0.0,,,,0.0,0.0,0.0,0.0,,nan,nan,nan,nan,0.0,0.0,nan,nan,,0.0,0.0,0.0,6.0,0.0,0.0,0.0,0.0,0.0,0.0,,,0.0,0,0.0,,0.0,0.0,0,0.0,0.0,,nan,0.0
2019,PL,東北楽天ゴールデンイーグルス,11015133,塩見　貴洋,T.Shiomi,9.0,2.0,2.0,0.0,0.0,0.0,0.0,0.0,0.0,0.0,0.0,0,0.0,0.0,0.0,0,0.0,1.0,0.0,0.0,0.0,0.0,0.0,0.0,0.0,0.0,0.0,0.0,50.0,0.0,0.0,0.0,0.0,0.0,0.0,0.0,0.0,0.0,0.0,9.0,2.0,2.0,0.0,0.0,0.0,0.0,0.0,0.0,0.0,0,0.0,,0.0,0.0,0,0.0,0.0,,0.0,-0.196
2019,PL,東北楽天ゴールデンイーグルス,11015138,辰己　涼介,R.Tatsumi,124.0,369.0,314.0,42.0,72.0,12.0,2.0,4.0,100.0,25.0,13,3,10.0,2.0,39.0,0,4.0,101.0,4.0,0.229,0.32,0.318,0.638,54.0,0.089,0.091,0.409,10.569105691056912,27.371273712737125,0.38613861386138615,0.3222748815165877,0.22350000000000003,426.0,0.2229299363057325,0.5934959349593496,0.229,72.0,4.0,25.0,124.0,369.0,314.0,54.0,12.0,2.0,42.0,0.32,0.318,39.0,0,4.0,,100.0,13,3,10.0,2.0,,31.444759206798867,34.494
2019,PL,オリックス・バファローズ,11015139,東明　大貴,D.Toumei,7.0,0.0,0.0,0.0,0.0,0.0,0.0,0.0,0.0,0.0,0.0,0,0.0,0.0,0.0,0,0.0,0.0,0.0,,,,0.0,0.0,0.0,0.0,,nan,nan,nan,nan,0.0,0.0,nan,nan,,0.0,0.0,0.0,7.0,0.0,0.0,0.0,0.0,0.0,0.0,,,0.0,0,0.0,,0.0,0.0,0,0.0,0.0,,nan,0.0
2019,PL,福岡ソフトバンクホークス,1105138,泉　圭輔,K.Izumi,14.0,0.0,0.0,0.0,0.0,0.0,0.0,0.0,0.0,0.0,0.0,0,0.0,0.0,0.0,0,0.0,0.0,0.0,,,,0.0,0.0,0.0,0.0,,nan,nan,nan,nan,0.0,0.0,nan,nan,,0.0,0.0,0.0,14.0,0.0,0.0,0.0,0.0,0.0,0.0,,,0.0,0,0.0,,0.0,0.0,0,0.0,0.0,,nan,0.0
2019,PL,福岡ソフトバンクホークス,11215116,中村　晃,A.Nakamura,44.0,159.0,139.0,10.0,34.0,3.0,1.0,3.0,48.0,11.0,0.0,0,3.0,1.0,15.0,0,1.0,13.0,0.0,0.245,0.321,0.345,0.6659999999999999,27.0,0.09999999999999998,0.07600000000000001,0.421,9.433962264150944,8.176100628930817,1.1538461538461537,0.25,0.2307,436.0,0.20863309352517986,0.6095238095238096,0.245,34.0,3.0,11.0,44.0,159.0,139.0,27.0,3.0,1.0,10.0,0.321,0.345,15.0,0,1.0,,48.0,0.0,0,3.0,1.0,,15.272727272727273,16.009999999999998
2019,PL,北海道日本ハムファイターズ,11215118,中島　卓也,T.Nakashima,120.0,328.0,291.0,39.0,64.0,5.0,1.0,0.0,71.0,16.0,12,5,12.0,1.0,22.0,0,2.0,70.0,2.0,0.22,0.278,0.244,0.522,58.0,0.023999999999999994,0.058000000000000024,0.302,6.707317073170732,21.341463414634145,0.3142857142857143,0.2882882882882883,0.18610000000000002,359.3333333333333,0.11683848797250859,0.4366812227074236,0.22,64.0,0.0,16.0,120.0,328.0,291.0,58.0,5.0,1.0,39.0,0.278,0.244,22.0,0,2.0,,71.0,12,5,12.0,1.0,,19.507987220447284,20.214
2019,PL,東北楽天ゴールデンイーグルス,11215134,田中　和基,K.Tanaka,59.0,193.0,160.0,22.0,30.0,6.0,2.0,1.0,43.0,9.0,3,7,5.0,2.0,26.0,0,0.0,37.0,3.0,0.188,0.298,0.269,0.567,21.0,0.08100000000000002,0.10999999999999999,0.379,13.471502590673575,19.170984455958546,0.7027027027027027,0.23387096774193547,0.20135,387.6666666666667,0.2875,0.5714285714285714,0.188,30.0,1.0,9.0,59.0,193.0,160.0,21.0,6.0,2.0,22.0,0.298,0.269,26.0,0,0.0,,43.0,3,7,5.0,2.0,,12.946236559139784,15.440000000000003
2019,PL,福岡ソフトバンクホークス,11215135,塚田　正義,M.Tsukada,18.0,24.0,18.0,1.0,4.0,0.0,0.0,1.0,7.0,3.0,0.0,0,0.0,0.0,5.0,0,1.0,6.0,1.0,0.222,0.417,0.389,0.806,3.0,0.167,0.19499999999999998,0.584,20.833333333333336,25.0,0.8333333333333334,0.2727272727272727,0.2849,546.6666666666666,0.4444444444444444,0.8666666666666667,0.222,4.0,1.0,3.0,18.0,24.0,18.0,3.0,0.0,0.0,1.0,0.417,0.389,5.0,0,1.0,,7.0,0.0,0,0.0,0.0,,2.739130434782609,3.548
2019,PL,福岡ソフトバンクホークス,11315110,江川　智晃,T.Egawa,11.0,17.0,15.0,1.0,5.0,0.0,0.0,0.0,5.0,0.0,0.0,0,0.0,0.0,1.0,0,1.0,3.0,0.0,0.333,0.412,0.333,0.745,5.0,0.0,0.07899999999999996,0.412,5.88235294117647,17.647058823529413,0.3333333333333333,0.4166666666666667,0.26865,523.0,0.06666666666666667,0.7,0.333,5.0,0.0,0.0,11.0,17.0,15.0,5.0,0.0,0.0,1.0,0.412,0.333,1.0,0,1.0,,5.0,0.0,0,0.0,0.0,,1.875,2.18
2019,PL,北海道日本ハムファイターズ,11315134,今井　順之助,J.Imai,2.0,7.0,7.0,0.0,1.0,0.0,0.0,0.0,1.0,1.0,0.0,0,0.0,0.0,0.0,0,0.0,2.0,0.0,0.143,0.143,0.143,0.286,1.0,0.0,0.0,0.143,0.0,28.57142857142857,0.0,0.2,0.1001,190.66666666666666,0.0,0.16666666666666666,0.143,1.0,0.0,1.0,2.0,7.0,7.0,1.0,0.0,0.0,0.0,0.143,0.143,0.0,0,0.0,,1.0,0.0,0,0.0,0.0,,0.14285714285714285,-0.08800000000000008
2019,PL,埼玉西武ライオンズ,11315136,伊藤　翔,S.Itou,6.0,0.0,0.0,0.0,0.0,0.0,0.0,0.0,0.0,0.0,0.0,0,0.0,0.0,0.0,0,0.0,0.0,0.0,,,,0.0,0.0,0.0,0.0,,nan,nan,nan,nan,0.0,0.0,nan,nan,,0.0,0.0,0.0,6.0,0.0,0.0,0.0,0.0,0.0,0.0,,,0.0,0,0.0,,0.0,0.0,0,0.0,0.0,,nan,0.0
2019,PL,千葉ロッテマリーンズ,11315139,井上　晴哉,S.Inoue,129.0,509.0,429.0,60.0,108.0,16.0,1.0,24.0,198.0,65.0,0.0,0,0.0,3.0,67.0,0,9.0,98.0,10.0,0.252,0.362,0.462,0.8240000000000001,67.0,0.21000000000000002,0.10999999999999999,0.5720000000000001,13.163064833005894,19.25343811394892,0.6836734693877551,0.2709677419354839,0.2784,516.0,0.36596736596736595,0.8277945619335347,0.252,108.0,24.0,65.0,129.0,509.0,429.0,67.0,16.0,1.0,60.0,0.362,0.462,67.0,0,9.0,,198.0,0.0,0,0.0,3.0,,69.85887096774194,74.242
2019,PL,埼玉西武ライオンズ,11415135,永江　恭平,K.Nagae,27.0,26.0,21.0,4.0,2.0,1.0,0.0,0.0,3.0,1.0,1.0,1,1.0,0.0,4.0,0,0.0,12.0,0.0,0.095,0.24,0.143,0.383,1.0,0.04799999999999999,0.145,0.288,15.384615384615385,46.15384615384615,0.3333333333333333,0.2222222222222222,0.14375,287.66666666666663,0.2857142857142857,0.42105263157894735,0.095,2.0,0.0,1.0,27.0,26.0,21.0,1.0,1.0,0.0,4.0,0.24,0.143,4.0,0,0.0,,3.0,1.0,1,1.0,0.0,,0.72,0.8580000000000001
2019,PL,福岡ソフトバンクホークス,11415137,美間　優槻,Y.Mima,15.0,22.0,22.0,4.0,2.0,1.0,0.0,1.0,6.0,1.0,0.0,0,0.0,0.0,0.0,0,0.0,5.0,0.0,0.091,0.091,0.273,0.364,0.0,0.18200000000000002,0.0,0.273,0.0,22.727272727272727,0.0,0.0625,0.1092,182.0,0.18181818181818182,0.3,0.091,2.0,1.0,1.0,15.0,22.0,22.0,0.0,1.0,0.0,4.0,0.091,0.273,0.0,0,0.0,,6.0,0.0,0,0.0,0.0,,0.5454545454545454,0.20000000000000018
2019,PL,福岡ソフトバンクホークス,11415138,野村　大樹,D.Nomura,2.0,2.0,2.0,0.0,1.0,0.0,0.0,0.0,1.0,0.0,0.0,0,0.0,0.0,0.0,0,0.0,0.0,0.0,0.5,0.5,0.5,1.0,1.0,0.0,0.0,0.5,0.0,0.0,nan,0.5,0.35,666.6666666666666,0.0,1.0,0.5,1.0,0.0,0.0,2.0,2.0,2.0,1.0,0.0,0.0,0.0,0.5,0.5,0.0,0,0.0,,1.0,0.0,0,0.0,0.0,,0.5,0.402
2019,PL,オリックス・バファローズ,11515132,大城　滉二,K.Ooshiro,91.0,345.0,302.0,36.0,79.0,18.0,2.0,3.0,110.0,28.0,11,10,11.0,1.0,25.0,0,6.0,56.0,4.0,0.262,0.329,0.364,0.6930000000000001,56.0,0.10199999999999998,0.067,0.431,7.246376811594203,16.231884057971012,0.44642857142857145,0.3114754098360656,0.23905,450.33333333333337,0.2185430463576159,0.6651982378854625,0.262,79.0,3.0,28.0,91.0,345.0,302.0,56.0,18.0,2.0,36.0,0.329,0.364,25.0,0,6.0,,110.0,11,10,11.0,1.0,,34.984709480122326,37.536
2019,PL,千葉ロッテマリーンズ,11515138,小島　和哉,K.Ojima,10.0,0.0,0.0,0.0,0.0,0.0,0.0,0.0,0.0,0.0,0.0,0,0.0,0.0,0.0,0,0.0,0.0,0.0,,,,0.0,0.0,0.0,0.0,,nan,nan,nan,nan,0.0,0.0,nan,nan,,0.0,0.0,0.0,10.0,0.0,0.0,0.0,0.0,0.0,0.0,,,0.0,0,0.0,,0.0,0.0,0,0.0,0.0,,nan,0.0
2019,PL,千葉ロッテマリーンズ,11515139,岡　大海,H.Oka,95.0,182.0,154.0,36.0,35.0,8.0,1.0,6.0,63.0,16.0,13,1,3.0,1.0,18.0,0,6.0,32.0,5.0,0.227,0.33,0.409,0.739,20.0,0.18199999999999997,0.10300000000000001,0.512,9.89010989010989,17.582417582417584,0.5625,0.24786324786324787,0.25075000000000003,466.33333333333337,0.3051948051948052,0.7096774193548387,0.227,35.0,6.0,16.0,95.0,182.0,154.0,20.0,8.0,1.0,36.0,0.33,0.409,18.0,0,6.0,,63.0,13,1,3.0,1.0,,19.412790697674417,21.878
2019,PL,福岡ソフトバンクホークス,11615114,福田　秀平,S.Fukuda,80.0,183.0,166.0,27.0,43.0,8.0,0.0,9.0,78.0,26.0,9,3,4.0,2.0,11.0,0,0.0,48.0,1.0,0.259,0.302,0.47,0.772,26.0,0.21099999999999997,0.04299999999999998,0.5129999999999999,6.0109289617486334,26.229508196721312,0.22916666666666666,0.3063063063063063,0.25339999999999996,458.6666666666667,0.29518072289156627,0.7419354838709677,0.259,43.0,9.0,26.0,80.0,183.0,166.0,26.0,8.0,0.0,27.0,0.302,0.47,11.0,0,0.0,,78.0,9,3,4.0,2.0,,23.796610169491526,23.836
2019,PL,北海道日本ハムファイターズ,11615135,藤岡　貴裕,T.Fujioka,2.0,0.0,0.0,0.0,0.0,0.0,0.0,0.0,0.0,0.0,0.0,0,0.0,0.0,0.0,0,0.0,0.0,0.0,,,,0.0,0.0,0.0,0.0,,nan,nan,nan,nan,0.0,0.0,nan,nan,,0.0,0.0,0.0,2.0,0.0,0.0,0.0,0.0,0.0,0.0,,,0.0,0,0.0,,0.0,0.0,0,0.0,0.0,,nan,0.0
2019,PL,北海道日本ハムファイターズ,11615137,谷内　亮太,R.Yachi,24.0,26.0,25.0,1.0,2.0,0.0,0.0,0.0,2.0,1.0,0.0,0,0.0,0.0,0.0,0,1.0,8.0,2.0,0.08,0.115,0.08,0.195,2.0,0.0,0.035,0.115,0.0,30.76923076923077,0.0,0.11764705882352941,0.07175000000000001,141.66666666666666,0.0,0.12,0.08,2.0,0.0,1.0,24.0,26.0,25.0,2.0,0.0,0.0,1.0,0.115,0.08,0.0,0,1.0,,2.0,0.0,0,0.0,0.0,,0.16,-0.9239999999999999
2019,PL,福岡ソフトバンクホークス,11715131,川原　弘之,H.Kawahara,19.0,0.0,0.0,0.0,0.0,0.0,0.0,0.0,0.0,0.0,0.0,0,0.0,0.0,0.0,0,0.0,0.0,0.0,,,,0.0,0.0,0.0,0.0,,nan,nan,nan,nan,0.0,0.0,nan,nan,,0.0,0.0,0.0,19.0,0.0,0.0,0.0,0.0,0.0,0.0,,,0.0,0,0.0,,0.0,0.0,0,0.0,0.0,,nan,0.0
2019,PL,福岡ソフトバンクホークス,11715132,川瀬　晃,H.Kawase,29.0,37.0,34.0,1.0,6.0,0.0,0.0,0.0,6.0,1.0,1.0,1,2.0,0.0,1.0,0,0.0,5.0,1.0,0.176,0.2,0.176,0.376,6.0,0.0,0.02400000000000002,0.2,2.7027027027027026,13.513513513513514,0.2,0.20689655172413793,0.134,258.66666666666663,0.058823529411764705,0.27586206896551724,0.176,6.0,0.0,1.0,29.0,37.0,34.0,6.0,0.0,0.0,1.0,0.2,0.176,1.0,0,0.0,,6.0,1.0,1,2.0,0.0,,1.2,0.766
2019,PL,福岡ソフトバンクホークス,11815117,和田　毅,T.Wada,12.0,2.0,1.0,0.0,0.0,0.0,0.0,0.0,0.0,0.0,0.0,0,0.0,0.0,1.0,0,0.0,1.0,0.0,0.0,0.5,0.0,0.5,0.0,0.0,0.5,0.5,50.0,50.0,1.0,nan,0.225,500.0,1.0,1.0,0.0,0.0,0.0,0.0,12.0,2.0,1.0,0.0,0.0,0.0,0.0,0.5,0.0,1.0,0,0.0,,0.0,0.0,0,0.0,0.0,,0.0,0.232
2019,PL,オリックス・バファローズ,11815130,宗　佑磨,Y.Mune,54.0,177.0,148.0,16.0,40.0,6.0,1.0,2.0,54.0,14.0,7,3,4.0,1.0,13.0,0,11.0,30.0,4.0,0.27,0.37,0.365,0.735,31.0,0.09499999999999997,0.09999999999999998,0.4649999999999999,7.344632768361582,16.94915254237288,0.43333333333333335,0.3247863247863248,0.25775000000000003,491.66666666666663,0.20270270270270271,0.7232142857142857,0.27,40.0,2.0,14.0,54.0,177.0,148.0,31.0,6.0,1.0,16.0,0.37,0.365,13.0,0,11.0,,54.0,7,3,4.0,1.0,,17.77639751552795,21.615999999999996
2019,PL,東北楽天ゴールデンイーグルス,11815132,堀内　謙伍,K.Horiuchi,65.0,140.0,122.0,6.0,19.0,2.0,2.0,0.0,25.0,13.0,0.0,0,11.0,0.0,5.0,0,2.0,41.0,2.0,0.156,0.202,0.205,0.40700000000000003,15.0,0.04899999999999999,0.04600000000000001,0.251,3.571428571428571,29.28571428571429,0.12195121951219512,0.2345679012345679,0.14215,270.3333333333333,0.09016393442622951,0.3047619047619048,0.156,19.0,0.0,13.0,65.0,140.0,122.0,15.0,2.0,2.0,6.0,0.202,0.205,5.0,0,2.0,,25.0,0.0,0,11.0,0.0,,4.724409448818897,3.235999999999999
2019,PL,東北楽天ゴールデンイーグルス,11815135,三好　匠,T.Miyoshi,17.0,4.0,4.0,0.0,1.0,0.0,0.0,0.0,1.0,1.0,1,0,0.0,0.0,0.0,0,0.0,1.0,0.0,0.25,0.25,0.25,0.5,1.0,0.0,0.0,0.25,0.0,25.0,0.0,0.3333333333333333,0.175,333.3333333333333,0.0,0.3333333333333333,0.25,1.0,0.0,1.0,17.0,4.0,4.0,1.0,0.0,0.0,0.0,0.25,0.25,0.0,0,0.0,,1.0,1,0,0.0,0.0,,0.25,0.20599999999999996
2019,PL,福岡ソフトバンクホークス,11815136,増田　珠,S.Masuda,2.0,4.0,4.0,0.0,0.0,0.0,0.0,0.0,0.0,0.0,0.0,0,0.0,0.0,0.0,0,0.0,1.0,0.0,0.0,0.0,0.0,0.0,0.0,0.0,0.0,0.0,0.0,25.0,0.0,0.0,0.0,0.0,0.0,0.0,0.0,0.0,0.0,0.0,2.0,4.0,4.0,0.0,0.0,0.0,0.0,0.0,0.0,0.0,0,0.0,,0.0,0.0,0,0.0,0.0,,0.0,-0.392
2019,PL,北海道日本ハムファイターズ,11815138,万波　中正,C.Mannami,2.0,4.0,4.0,0.0,0.0,0.0,0.0,0.0,0.0,0.0,0.0,0,0.0,0.0,0.0,0,0.0,2.0,0.0,0.0,0.0,0.0,0.0,0.0,0.0,0.0,0.0,0.0,50.0,0.0,0.0,0.0,0.0,0.0,0.0,0.0,0.0,0.0,0.0,2.0,4.0,4.0,0.0,0.0,0.0,0.0,0.0,0.0,0.0,0,0.0,,0.0,0.0,0,0.0,0.0,,0.0,-0.392
2019,PL,北海道日本ハムファイターズ,11915111,田中　賢介,K.Tanaka,89.0,170.0,153.0,15.0,39.0,6.0,2.0,1.0,52.0,16.0,0.0,0,2.0,1.0,14.0,0,0.0,17.0,3.0,0.255,0.315,0.34,0.655,30.0,0.08500000000000002,0.06,0.4,8.235294117647058,10.0,0.8235294117647058,0.27941176470588236,0.22675,428.33333333333337,0.17647058823529413,0.5641025641025641,0.255,39.0,1.0,16.0,89.0,170.0,153.0,30.0,6.0,2.0,15.0,0.315,0.34,14.0,0,0.0,,52.0,0.0,0,2.0,1.0,,16.50299401197605,16.288
2019,PL,オリックス・バファローズ,11915130,齋藤　綱記,K.Saitou,11.0,0.0,0.0,0.0,0.0,0.0,0.0,0.0,0.0,0.0,0.0,0,0.0,0.0,0.0,0,0.0,0.0,0.0,,,,0.0,0.0,0.0,0.0,,nan,nan,nan,nan,0.0,0.0,nan,nan,,0.0,0.0,0.0,11.0,0.0,0.0,0.0,0.0,0.0,0.0,,,0.0,0,0.0,,0.0,0.0,0,0.0,0.0,,nan,0.0
2019,PL,福岡ソフトバンクホークス,11915137,髙田　知季,T.Takata,93.0,125.0,115.0,6.0,18.0,1.0,0.0,0.0,19.0,10.0,2,0,6.0,0.0,3.0,0,1.0,36.0,1.0,0.157,0.185,0.165,0.35,17.0,0.008000000000000007,0.027999999999999997,0.193,2.4,28.799999999999997,0.08333333333333333,0.22784810126582278,0.1245,240.0,0.034782608695652174,0.23469387755102042,0.157,18.0,0.0,10.0,93.0,125.0,115.0,17.0,1.0,0.0,6.0,0.185,0.165,3.0,0,1.0,,19.0,2,0,6.0,0.0,,3.3813559322033897,1.0340000000000007
2019,PL,千葉ロッテマリーンズ,1205118,西野　勇士,Y.Nishino,37.0,0.0,0.0,0.0,0.0,0.0,0.0,0.0,0.0,0.0,0.0,0,0.0,0.0,0.0,0,0.0,0.0,0.0,,,,0.0,0.0,0.0,0.0,,nan,nan,nan,nan,0.0,0.0,nan,nan,,0.0,0.0,0.0,37.0,0.0,0.0,0.0,0.0,0.0,0.0,,,0.0,0,0.0,,0.0,0.0,0,0.0,0.0,,nan,0.0
2019,PL,埼玉西武ライオンズ,1205130,戸川　大輔,D.Togawa,10.0,25.0,23.0,3.0,4.0,1.0,0.0,1.0,8.0,1.0,0,1,0.0,0.0,2.0,0,0.0,4.0,0.0,0.174,0.24,0.348,0.588,2.0,0.174,0.066,0.414,8.0,16.0,0.5,0.16666666666666666,0.195,356.0,0.30434782608695654,0.5789473684210527,0.174,4.0,1.0,1.0,10.0,25.0,23.0,2.0,1.0,0.0,3.0,0.24,0.348,2.0,0,0.0,,8.0,0,1,0.0,0.0,,1.92,2.138
2019,PL,埼玉西武ライオンズ,1205134,田村　伊知郎,I.Tamura,6.0,0.0,0.0,0.0,0.0,0.0,0.0,0.0,0.0,0.0,0.0,0,0.0,0.0,0.0,0,0.0,0.0,0.0,,,,0.0,0.0,0.0,0.0,,nan,nan,nan,nan,0.0,0.0,nan,nan,,0.0,0.0,0.0,6.0,0.0,0.0,0.0,0.0,0.0,0.0,,,0.0,0,0.0,,0.0,0.0,0,0.0,0.0,,nan,0.0
2019,PL,千葉ロッテマリーンズ,1205137,松永　昂大,T.Matsunaga,46.0,0.0,0.0,0.0,0.0,0.0,0.0,0.0,0.0,0.0,0.0,0,0.0,0.0,0.0,0,0.0,0.0,0.0,,,,0.0,0.0,0.0,0.0,,nan,nan,nan,nan,0.0,0.0,nan,nan,,0.0,0.0,0.0,46.0,0.0,0.0,0.0,0.0,0.0,0.0,,,0.0,0,0.0,,0.0,0.0,0,0.0,0.0,,nan,0.0
2019,PL,千葉ロッテマリーンズ,1205138,中村　稔弥,T.Nakamura,10.0,0.0,0.0,0.0,0.0,0.0,0.0,0.0,0.0,0.0,0.0,0,0.0,0.0,0.0,0,0.0,0.0,0.0,,,,0.0,0.0,0.0,0.0,,nan,nan,nan,nan,0.0,0.0,nan,nan,,0.0,0.0,0.0,10.0,0.0,0.0,0.0,0.0,0.0,0.0,,,0.0,0,0.0,,0.0,0.0,0,0.0,0.0,,nan,0.0
2019,PL,埼玉西武ライオンズ,13015136,K.マーティン,K.Martin,41.0,0.0,0.0,0.0,0.0,0.0,0.0,0.0,0.0,0.0,0.0,0,0.0,0.0,0.0,0,0.0,0.0,0.0,,,,0.0,0.0,0.0,0.0,,nan,nan,nan,nan,0.0,0.0,nan,nan,,0.0,0.0,0.0,41.0,0.0,0.0,0.0,0.0,0.0,0.0,,,0.0,0,0.0,,0.0,0.0,0,0.0,0.0,,nan,0.0
2019,PL,東北楽天ゴールデンイーグルス,1305115,今江　年晶,T.Imae,26.0,79.0,76.0,7.0,21.0,2.0,0.0,1.0,26.0,7.0,0,1,0.0,0.0,3.0,0,0.0,16.0,6.0,0.276,0.304,0.342,0.646,18.0,0.066,0.02799999999999997,0.37,3.79746835443038,20.253164556962027,0.1875,0.3389830508474576,0.2223,418.0,0.11842105263157894,0.4918032786885246,0.276,21.0,1.0,7.0,26.0,79.0,76.0,18.0,2.0,0.0,7.0,0.304,0.342,3.0,0,0.0,,26.0,0,1,0.0,0.0,,7.89873417721519,7.659999999999998
2019,PL,埼玉西武ライオンズ,1305133,榎田　大樹,D.Enokida,13.0,1.0,1.0,0.0,0.0,0.0,0.0,0.0,0.0,0.0,0.0,0,0.0,0.0,0.0,0,0.0,0.0,0.0,0.0,0.0,0.0,0.0,0.0,0.0,0.0,0.0,0.0,0.0,nan,0.0,0.0,0.0,0.0,0.0,0.0,0.0,0.0,0.0,13.0,1.0,1.0,0.0,0.0,0.0,0.0,0.0,0.0,0.0,0,0.0,,0.0,0.0,0,0.0,0.0,,0.0,-0.098
2019,PL,東北楽天ゴールデンイーグルス,1305139,内田　靖人,Y.Uchida,2.0,5.0,2.0,0.0,0.0,0.0,0.0,0.0,0.0,0.0,0.0,0,0.0,0.0,2.0,0,1.0,0.0,0.0,0.0,0.6,0.0,0.6,0.0,0.0,0.6,0.6,40.0,0.0,nan,0.0,0.27,600.0,1.0,1.5,0.0,0.0,0.0,0.0,2.0,5.0,2.0,0.0,0.0,0.0,0.0,0.6,0.0,2.0,0,1.0,,0.0,0.0,0,0.0,0.0,,0.0,0.794
2019,PL,埼玉西武ライオンズ,13115130,山田　遥楓,H.Yamada,4.0,13.0,12.0,2.0,2.0,0.0,0.0,0.0,2.0,0.0,0.0,0,0.0,0.0,1.0,0,0.0,4.0,1.0,0.167,0.231,0.167,0.398,2.0,0.0,0.064,0.231,7.6923076923076925,30.76923076923077,0.25,0.25,0.1457,286.6666666666667,0.08333333333333333,0.2727272727272727,0.167,2.0,0.0,0.0,4.0,13.0,12.0,2.0,0.0,0.0,2.0,0.231,0.167,1.0,0,0.0,,2.0,0.0,0,0.0,0.0,,0.46153846153846156,0.3500000000000001
2019,PL,オリックス・バファローズ,13115136,山足　達也,T.Yamaashi,28.0,64.0,61.0,3.0,10.0,0.0,1.0,1.0,15.0,8.0,0,1,0.0,0.0,2.0,0,1.0,12.0,1.0,0.164,0.203,0.246,0.449,8.0,0.08199999999999999,0.03900000000000001,0.285,3.125,18.75,0.16666666666666666,0.1875,0.15285,285.00000000000006,0.13114754098360656,0.36538461538461536,0.164,10.0,1.0,8.0,28.0,64.0,61.0,8.0,0.0,1.0,3.0,0.203,0.246,2.0,0,1.0,,15.0,0,1,0.0,0.0,,2.857142857142857,2.652
2019,PL,北海道日本ハムファイターズ,13115138,吉田　輝星,K.Yoshida,4.0,1.0,1.0,0.0,0.0,0.0,0.0,0.0,0.0,0.0,0.0,0,0.0,0.0,0.0,0,0.0,0.0,0.0,0.0,0.0,0.0,0.0,0.0,0.0,0.0,0.0,0.0,0.0,nan,0.0,0.0,0.0,0.0,0.0,0.0,0.0,0.0,0.0,4.0,1.0,1.0,0.0,0.0,0.0,0.0,0.0,0.0,0.0,0,0.0,,0.0,0.0,0,0.0,0.0,,0.0,-0.098
2019,PL,オリックス・バファローズ,13315132,吉田　凌,R.Yoshida,4.0,0.0,0.0,0.0,0.0,0.0,0.0,0.0,0.0,0.0,0.0,0,0.0,0.0,0.0,0,0.0,0.0,0.0,,,,0.0,0.0,0.0,0.0,,nan,nan,nan,nan,0.0,0.0,nan,nan,,0.0,0.0,0.0,4.0,0.0,0.0,0.0,0.0,0.0,0.0,,,0.0,0,0.0,,0.0,0.0,0,0.0,0.0,,nan,0.0
2019,PL,埼玉西武ライオンズ,13315138,Z.ニール,Z.Neal,17.0,2.0,2.0,0.0,0.0,0.0,0.0,0.0,0.0,0.0,0.0,0,0.0,0.0,0.0,0,0.0,0.0,0.0,0.0,0.0,0.0,0.0,0.0,0.0,0.0,0.0,0.0,0.0,nan,0.0,0.0,0.0,0.0,0.0,0.0,0.0,0.0,0.0,17.0,2.0,2.0,0.0,0.0,0.0,0.0,0.0,0.0,0.0,0,0.0,,0.0,0.0,0,0.0,0.0,,0.0,-0.196
2019,PL,福岡ソフトバンクホークス,13515130,R.バンデンハーク,R.Vandenhurk,3.0,0.0,0.0,0.0,0.0,0.0,0.0,0.0,0.0,0.0,0.0,0,0.0,0.0,0.0,0,0.0,0.0,0.0,,,,0.0,0.0,0.0,0.0,,nan,nan,nan,nan,0.0,0.0,nan,nan,,0.0,0.0,0.0,3.0,0.0,0.0,0.0,0.0,0.0,0.0,,,0.0,0,0.0,,0.0,0.0,0,0.0,0.0,,nan,0.0
2019,PL,千葉ロッテマリーンズ,13715136,M.ボルシンガー,M.Bolsinger,20.0,2.0,2.0,0.0,0.0,0.0,0.0,0.0,0.0,0.0,0.0,0,0.0,0.0,0.0,0,0.0,1.0,0.0,0.0,0.0,0.0,0.0,0.0,0.0,0.0,0.0,0.0,50.0,0.0,0.0,0.0,0.0,0.0,0.0,0.0,0.0,0.0,0.0,20.0,2.0,2.0,0.0,0.0,0.0,0.0,0.0,0.0,0.0,0,0.0,,0.0,0.0,0,0.0,0.0,,0.0,-0.196
2019,PL,オリックス・バファローズ,1405136,西村　凌,R.Nishimura,19.0,53.0,49.0,3.0,13.0,3.0,0.0,2.0,22.0,4.0,2,0,2.0,0.0,2.0,0,0.0,10.0,1.0,0.265,0.294,0.449,0.743,8.0,0.184,0.02899999999999997,0.478,3.7735849056603774,18.867924528301888,0.2,0.2972972972972973,0.24455,443.66666666666663,0.22448979591836735,0.6486486486486487,0.265,13.0,2.0,4.0,19.0,53.0,49.0,8.0,3.0,0.0,3.0,0.294,0.449,2.0,0,0.0,,22.0,2,0,2.0,0.0,,6.470588235294118,6.171999999999999
2019,PL,福岡ソフトバンクホークス,1405139,森　唯斗,Y.Mori,54.0,0.0,0.0,0.0,0.0,0.0,0.0,0.0,0.0,0.0,0.0,0,0.0,0.0,0.0,0,0.0,0.0,0.0,,,,0.0,0.0,0.0,0.0,,nan,nan,nan,nan,0.0,0.0,nan,nan,,0.0,0.0,0.0,54.0,0.0,0.0,0.0,0.0,0.0,0.0,,,0.0,0,0.0,,0.0,0.0,0,0.0,0.0,,nan,0.0
2019,PL,東北楽天ゴールデンイーグルス,1505118,辛島　航,W.Karashima,27.0,3.0,3.0,0.0,0.0,0.0,0.0,0.0,0.0,0.0,0.0,0,0.0,0.0,0.0,0,0.0,2.0,0.0,0.0,0.0,0.0,0.0,0.0,0.0,0.0,0.0,0.0,66.66666666666666,0.0,0.0,0.0,0.0,0.0,0.0,0.0,0.0,0.0,0.0,27.0,3.0,3.0,0.0,0.0,0.0,0.0,0.0,0.0,0.0,0,0.0,,0.0,0.0,0,0.0,0.0,,0.0,-0.29400000000000004
2019,PL,福岡ソフトバンクホークス,1505130,笠谷　俊介,S.Kasaya,2.0,0.0,0.0,0.0,0.0,0.0,0.0,0.0,0.0,0.0,0.0,0,0.0,0.0,0.0,0,0.0,0.0,0.0,,,,0.0,0.0,0.0,0.0,,nan,nan,nan,nan,0.0,0.0,nan,nan,,0.0,0.0,0.0,2.0,0.0,0.0,0.0,0.0,0.0,0.0,,,0.0,0,0.0,,0.0,0.0,0,0.0,0.0,,nan,0.0
2019,PL,東北楽天ゴールデンイーグルス,1505132,オコエ　瑠偉,R.Okoe,52.0,122.0,110.0,12.0,20.0,4.0,0.0,3.0,33.0,15.0,5,1,2.0,1.0,6.0,0,3.0,29.0,3.0,0.182,0.242,0.3,0.542,13.0,0.118,0.06,0.36,4.918032786885246,23.770491803278688,0.20689655172413793,0.21518987341772153,0.1839,341.99999999999994,0.18181818181818182,0.46236559139784944,0.182,20.0,3.0,15.0,52.0,122.0,110.0,13.0,4.0,0.0,12.0,0.242,0.3,6.0,0,3.0,,33.0,5,1,2.0,1.0,,7.396551724137931,8.029999999999998
2019,PL,オリックス・バファローズ,1505134,神戸　文也,F.Kanbe,19.0,0.0,0.0,0.0,0.0,0.0,0.0,0.0,0.0,0.0,0.0,0,0.0,0.0,0.0,0,0.0,0.0,0.0,,,,0.0,0.0,0.0,0.0,,nan,nan,nan,nan,0.0,0.0,nan,nan,,0.0,0.0,0.0,19.0,0.0,0.0,0.0,0.0,0.0,0.0,,,0.0,0,0.0,,0.0,0.0,0,0.0,0.0,,nan,0.0
2019,PL,北海道日本ハムファイターズ,1505136,北浦　竜次,R.Kitaura,6.0,0.0,0.0,0.0,0.0,0.0,0.0,0.0,0.0,0.0,0.0,0,0.0,0.0,0.0,0,0.0,0.0,0.0,,,,0.0,0.0,0.0,0.0,,nan,nan,nan,nan,0.0,0.0,nan,nan,,0.0,0.0,0.0,6.0,0.0,0.0,0.0,0.0,0.0,0.0,,,0.0,0,0.0,,0.0,0.0,0,0.0,0.0,,nan,0.0
2019,PL,埼玉西武ライオンズ,1505137,金子　侑司,Y.Kaneko,133.0,524.0,463.0,60.0,116.0,8.0,1.0,3.0,135.0,33.0,41,10,6.0,3.0,49.0,0,3.0,81.0,3.0,0.251,0.324,0.292,0.616,104.0,0.04099999999999998,0.07300000000000001,0.365,9.351145038167939,15.458015267175574,0.6049382716049383,0.29581151832460734,0.2188,421.3333333333333,0.16846652267818574,0.5628571428571428,0.251,116.0,3.0,33.0,133.0,524.0,463.0,104.0,8.0,1.0,60.0,0.324,0.292,49.0,0,3.0,,135.0,41,10,6.0,3.0,,43.505859375,48.074
2019,PL,北海道日本ハムファイターズ,1605132,平沼　翔太,S.Hiranuma,73.0,184.0,165.0,20.0,39.0,9.0,2.0,1.0,55.0,16.0,2,1,5.0,1.0,10.0,0,3.0,26.0,3.0,0.236,0.291,0.333,0.624,27.0,0.09700000000000003,0.05499999999999999,0.388,5.434782608695652,14.130434782608695,0.38461538461538464,0.2733812949640288,0.2142,401.99999999999994,0.16363636363636364,0.5348837209302325,0.236,39.0,1.0,16.0,73.0,184.0,165.0,27.0,9.0,2.0,20.0,0.291,0.333,10.0,0,3.0,,55.0,2,1,5.0,1.0,,15.4,15.622000000000002
2019,PL,東北楽天ゴールデンイーグルス,1605133,美馬　学,M.Mima,25.0,4.0,4.0,1.0,1.0,0.0,0.0,0.0,1.0,0.0,0.0,0,0.0,0.0,0.0,0,0.0,1.0,0.0,0.25,0.25,0.25,0.5,1.0,0.0,0.0,0.25,0.0,25.0,0.0,0.3333333333333333,0.175,333.3333333333333,0.0,0.3333333333333333,0.25,1.0,0.0,0.0,25.0,4.0,4.0,1.0,0.0,0.0,1.0,0.25,0.25,0.0,0,0.0,,1.0,0.0,0,0.0,0.0,,0.25,0.20599999999999996
2019,PL,福岡ソフトバンクホークス,1605135,松田　遼馬,R.Matsuda,51.0,0.0,0.0,0.0,0.0,0.0,0.0,0.0,0.0,0.0,0.0,0,0.0,0.0,0.0,0,0.0,0.0,0.0,,,,0.0,0.0,0.0,0.0,,nan,nan,nan,nan,0.0,0.0,nan,nan,,0.0,0.0,0.0,51.0,0.0,0.0,0.0,0.0,0.0,0.0,,,0.0,0,0.0,,0.0,0.0,0,0.0,0.0,,nan,0.0
2019,PL,オリックス・バファローズ,1605136,福田　周平,S.Fukuda,135.0,583.0,492.0,65.0,123.0,13.0,5.0,2.0,152.0,38.0,30,14,19.0,2.0,62.0,0,8.0,57.0,7.0,0.25,0.342,0.309,0.651,103.0,0.059,0.09200000000000003,0.401,10.634648370497427,9.777015437392796,1.087719298245614,0.27816091954022987,0.23115000000000002,445.0,0.21341463414634146,0.6276595744680851,0.25,123.0,2.0,38.0,135.0,583.0,492.0,103.0,13.0,5.0,65.0,0.342,0.309,62.0,0,8.0,,152.0,30,14,19.0,2.0,,50.75812274368231,58.39799999999999
2019,PL,福岡ソフトバンクホークス,1705130,栗原　陵矢,R.Kurihara,32.0,45.0,39.0,4.0,9.0,0.0,1.0,1.0,14.0,7.0,0.0,0,0.0,1.0,3.0,0,2.0,10.0,1.0,0.231,0.311,0.359,0.6699999999999999,7.0,0.12799999999999997,0.07999999999999999,0.4389999999999999,6.666666666666667,22.22222222222222,0.3,0.27586206896551724,0.2297,430.66666666666663,0.20512820512820512,0.6129032258064516,0.231,9.0,1.0,7.0,32.0,45.0,39.0,7.0,0.0,1.0,4.0,0.311,0.359,3.0,0,2.0,,14.0,0.0,0,0.0,1.0,,4.0,4.690000000000001
2019,PL,埼玉西武ライオンズ,1705135,駒月　仁人,H.Komazuki,7.0,7.0,7.0,1.0,1.0,0.0,0.0,0.0,1.0,0.0,0.0,0,0.0,0.0,0.0,0,0.0,1.0,0.0,0.143,0.143,0.143,0.286,1.0,0.0,0.0,0.143,0.0,14.285714285714285,0.0,0.16666666666666666,0.1001,190.66666666666666,0.0,0.16666666666666666,0.143,1.0,0.0,0.0,7.0,7.0,7.0,1.0,0.0,0.0,1.0,0.143,0.143,0.0,0,0.0,,1.0,0.0,0,0.0,0.0,,0.14285714285714285,-0.08800000000000008
2019,PL,東北楽天ゴールデンイーグルス,1705136,近藤　弘樹,H.Kondou,2.0,0.0,0.0,0.0,0.0,0.0,0.0,0.0,0.0,0.0,0.0,0,0.0,0.0,0.0,0,0.0,0.0,0.0,,,,0.0,0.0,0.0,0.0,,nan,nan,nan,nan,0.0,0.0,nan,nan,,0.0,0.0,0.0,2.0,0.0,0.0,0.0,0.0,0.0,0.0,,,0.0,0,0.0,,0.0,0.0,0,0.0,0.0,,nan,0.0
2019,PL,東北楽天ゴールデンイーグルス,1905114,嶋　基宏,M.Shima,57.0,131.0,110.0,12.0,23.0,5.0,0.0,3.0,37.0,15.0,0.0,0,7.0,0.0,13.0,0,1.0,20.0,3.0,0.209,0.298,0.336,0.634,15.0,0.12700000000000003,0.089,0.425,9.923664122137405,15.267175572519085,0.65,0.22988505747126436,0.21810000000000002,410.0,0.24545454545454545,0.5666666666666667,0.209,23.0,3.0,15.0,57.0,131.0,110.0,15.0,5.0,0.0,12.0,0.298,0.336,13.0,0,1.0,,37.0,0.0,0,7.0,0.0,,10.829268292682928,11.514
2019,PL,埼玉西武ライオンズ,1905130,佐野　泰雄,Y.Sano,44.0,0.0,0.0,0.0,0.0,0.0,0.0,0.0,0.0,0.0,0.0,0,0.0,0.0,0.0,0,0.0,0.0,0.0,,,,0.0,0.0,0.0,0.0,,nan,nan,nan,nan,0.0,0.0,nan,nan,,0.0,0.0,0.0,44.0,0.0,0.0,0.0,0.0,0.0,0.0,,,0.0,0,0.0,,0.0,0.0,0,0.0,0.0,,nan,0.0
2019,PL,北海道日本ハムファイターズ,1905133,斎藤　佑樹,Y.Saitou,11.0,0.0,0.0,0.0,0.0,0.0,0.0,0.0,0.0,0.0,0.0,0,0.0,0.0,0.0,0,0.0,0.0,0.0,,,,0.0,0.0,0.0,0.0,,nan,nan,nan,nan,0.0,0.0,nan,nan,,0.0,0.0,0.0,11.0,0.0,0.0,0.0,0.0,0.0,0.0,,,0.0,0,0.0,,0.0,0.0,0,0.0,0.0,,nan,0.0
2019,PL,オリックス・バファローズ,1905134,澤田　圭佑,K.Sawada,28.0,0.0,0.0,0.0,0.0,0.0,0.0,0.0,0.0,0.0,0.0,0,0.0,0.0,0.0,0,0.0,0.0,0.0,,,,0.0,0.0,0.0,0.0,,nan,nan,nan,nan,0.0,0.0,nan,nan,,0.0,0.0,0.0,28.0,0.0,0.0,0.0,0.0,0.0,0.0,,,0.0,0,0.0,,0.0,0.0,0,0.0,0.0,,nan,0.0
2019,PL,北海道日本ハムファイターズ,21025131,中村　勝,M.Nakamura,1.0,0.0,0.0,0.0,0.0,0.0,0.0,0.0,0.0,0.0,0.0,0,0.0,0.0,0.0,0,0.0,0.0,0.0,,,,0.0,0.0,0.0,0.0,,nan,nan,nan,nan,0.0,0.0,nan,nan,,0.0,0.0,0.0,1.0,0.0,0.0,0.0,0.0,0.0,0.0,,,0.0,0,0.0,,0.0,0.0,0,0.0,0.0,,nan,0.0
2019,PL,オリックス・バファローズ,21025132,竹安　大知,D.Takeyasu,10.0,4.0,4.0,0.0,0.0,0.0,0.0,0.0,0.0,0.0,0.0,0,0.0,0.0,0.0,0,0.0,3.0,0.0,0.0,0.0,0.0,0.0,0.0,0.0,0.0,0.0,0.0,75.0,0.0,0.0,0.0,0.0,0.0,0.0,0.0,0.0,0.0,0.0,10.0,4.0,4.0,0.0,0.0,0.0,0.0,0.0,0.0,0.0,0,0.0,,0.0,0.0,0,0.0,0.0,,0.0,-0.392
2019,PL,東北楽天ゴールデンイーグルス,21025139,西宮　悠介,Y.Nishimiya,14.0,0.0,0.0,0.0,0.0,0.0,0.0,0.0,0.0,0.0,0.0,0,0.0,0.0,0.0,0,0.0,0.0,0.0,,,,0.0,0.0,0.0,0.0,,nan,nan,nan,nan,0.0,0.0,nan,nan,,0.0,0.0,0.0,14.0,0.0,0.0,0.0,0.0,0.0,0.0,,,0.0,0,0.0,,0.0,0.0,0,0.0,0.0,,nan,0.0
2019,PL,北海道日本ハムファイターズ,21125134,石井　一成,K.Ishii,76.0,226.0,196.0,26.0,44.0,10.0,3.0,4.0,72.0,22.0,2,3,13.0,1.0,16.0,0,0.0,61.0,3.0,0.224,0.282,0.367,0.649,27.0,0.143,0.05799999999999997,0.4249999999999999,7.079646017699115,26.991150442477874,0.26229508196721313,0.30303030303030304,0.21864999999999998,404.3333333333333,0.23979591836734693,0.5870967741935483,0.224,44.0,4.0,22.0,76.0,226.0,196.0,27.0,10.0,3.0,26.0,0.282,0.367,16.0,0,0.0,,72.0,2,3,13.0,1.0,,20.37735849056604,20.503999999999998
2019,PL,東北楽天ゴールデンイーグルス,21225110,藤田　一也,K.Fujita,61.0,136.0,124.0,13.0,32.0,4.0,0.0,2.0,42.0,10.0,1,0,4.0,0.0,7.0,0,1.0,16.0,1.0,0.258,0.303,0.339,0.642,26.0,0.08100000000000002,0.044999999999999984,0.384,5.147058823529411,11.76470588235294,0.4375,0.2830188679245283,0.22110000000000002,416.0,0.13709677419354838,0.5376344086021505,0.258,32.0,2.0,10.0,61.0,136.0,124.0,26.0,4.0,0.0,13.0,0.303,0.339,7.0,0,1.0,,42.0,1,0,4.0,0.0,,12.50381679389313,12.383999999999999
2019,PL,千葉ロッテマリーンズ,21225132,東條　大樹,T.Toujou,58.0,0.0,0.0,0.0,0.0,0.0,0.0,0.0,0.0,0.0,0.0,0,0.0,0.0,0.0,0,0.0,0.0,0.0,,,,0.0,0.0,0.0,0.0,,nan,nan,nan,nan,0.0,0.0,nan,nan,,0.0,0.0,0.0,58.0,0.0,0.0,0.0,0.0,0.0,0.0,,,0.0,0,0.0,,0.0,0.0,0,0.0,0.0,,nan,0.0
2019,PL,北海道日本ハムファイターズ,21225133,西川　遥輝,H.Nishikawa,142.0,651.0,548.0,88.0,158.0,26.0,6.0,5.0,211.0,41.0,19,5,8.0,0.0,93.0,0,2.0,111.0,5.0,0.288,0.393,0.385,0.778,121.0,0.09700000000000003,0.10500000000000004,0.49,14.285714285714285,17.050691244239633,0.8378378378378378,0.3541666666666667,0.2731,521.3333333333334,0.2755474452554745,0.7873417721518987,0.288,158.0,5.0,41.0,142.0,651.0,548.0,121.0,26.0,6.0,88.0,0.393,0.385,93.0,0,2.0,,211.0,19,5,8.0,0.0,,82.62246489859595,86.69
2019,PL,オリックス・バファローズ,21225137,松葉　貴大,T.Matsuba,5.0,0.0,0.0,0.0,0.0,0.0,0.0,0.0,0.0,0.0,0.0,0,0.0,0.0,0.0,0,0.0,0.0,0.0,,,,0.0,0.0,0.0,0.0,,nan,nan,nan,nan,0.0,0.0,nan,nan,,0.0,0.0,0.0,5.0,0.0,0.0,0.0,0.0,0.0,0.0,,,0.0,0,0.0,,0.0,0.0,0,0.0,0.0,,nan,0.0
2019,PL,千葉ロッテマリーンズ,21225139,二木　康太,K.Futaki,22.0,6.0,5.0,1.0,0.0,0.0,0.0,0.0,0.0,0.0,0.0,0,0.0,0.0,1.0,0,0.0,4.0,0.0,0.0,0.167,0.0,0.167,0.0,0.0,0.167,0.167,16.666666666666664,66.66666666666666,0.25,0.0,0.07515000000000001,167.0,0.2,0.2,0.0,0.0,0.0,0.0,22.0,6.0,5.0,0.0,0.0,0.0,1.0,0.167,0.0,1.0,0,0.0,,0.0,0.0,0,0.0,0.0,,0.0,-0.15999999999999998
2019,PL,福岡ソフトバンクホークス,21325113,内川　聖一,S.Uchikawa,137.0,535.0,500.0,49.0,128.0,21.0,0.0,12.0,185.0,41.0,3,0,1.0,4.0,28.0,0,2.0,49.0,16.0,0.256,0.296,0.37,0.6659999999999999,95.0,0.11399999999999999,0.03999999999999998,0.41,5.233644859813085,9.158878504672897,0.5714285714285714,0.2618510158013544,0.22569999999999998,419.3333333333333,0.17,0.5541237113402062,0.256,128.0,12.0,41.0,137.0,535.0,500.0,95.0,21.0,0.0,49.0,0.296,0.37,28.0,0,2.0,,185.0,3,0,1.0,4.0,,54.65909090909091,53.34400000000001
2019,PL,千葉ロッテマリーンズ,21425112,細谷　圭,K.Hosoya,29.0,20.0,19.0,3.0,3.0,1.0,0.0,0.0,4.0,1.0,0.0,0,0.0,0.0,1.0,0,0.0,7.0,0.0,0.158,0.2,0.211,0.41100000000000003,2.0,0.05299999999999999,0.04200000000000001,0.253,5.0,35.0,0.14285714285714285,0.25,0.14275000000000002,270.3333333333333,0.10526315789473684,0.3125,0.158,3.0,0.0,1.0,29.0,20.0,19.0,2.0,1.0,0.0,3.0,0.2,0.211,1.0,0,0.0,,4.0,0.0,0,0.0,0.0,,0.8,0.48199999999999976
2019,PL,福岡ソフトバンクホークス,21425114,長谷川　勇也,Y.Hasegawa,25.0,54.0,43.0,6.0,13.0,4.0,0.0,3.0,26.0,9.0,1,0,0.0,2.0,7.0,0,2.0,4.0,1.0,0.302,0.407,0.605,1.012,6.0,0.303,0.10499999999999998,0.71,12.962962962962962,7.4074074074074066,1.75,0.2631578947368421,0.3344,608.6666666666667,0.46511627906976744,1.1290322580645162,0.302,13.0,3.0,9.0,25.0,54.0,43.0,6.0,4.0,0.0,6.0,0.407,0.605,7.0,0,2.0,,26.0,1,0,0.0,2.0,,10.4,10.23
2019,PL,埼玉西武ライオンズ,21425139,山川　穂高,H.Yamakawa,143.0,626.0,524.0,93.0,134.0,20.0,0.0,43.0,283.0,120.0,1,0,0.0,3.0,86.0,0,13.0,142.0,13.0,0.256,0.372,0.54,0.912,71.0,0.28400000000000003,0.11599999999999999,0.656,13.738019169329075,22.683706070287542,0.6056338028169014,0.26608187134502925,0.3024,552.0,0.4484732824427481,0.9478908188585607,0.256,134.0,43.0,120.0,143.0,626.0,524.0,71.0,20.0,0.0,93.0,0.372,0.54,86.0,0,13.0,,283.0,1,0,0.0,3.0,,102.06557377049181,106.27000000000001
2019,PL,千葉ロッテマリーンズ,21525116,唐川　侑己,Y.Karakawa,40.0,0.0,0.0,0.0,0.0,0.0,0.0,0.0,0.0,0.0,0.0,0,0.0,0.0,0.0,0,0.0,0.0,0.0,,,,0.0,0.0,0.0,0.0,,nan,nan,nan,nan,0.0,0.0,nan,nan,,0.0,0.0,0.0,40.0,0.0,0.0,0.0,0.0,0.0,0.0,,,0.0,0,0.0,,0.0,0.0,0,0.0,0.0,,nan,0.0
2019,PL,千葉ロッテマリーンズ,21525130,香月　一也,K.Katsuki,26.0,33.0,33.0,3.0,5.0,0.0,0.0,1.0,8.0,3.0,0.0,0,0.0,0.0,0.0,0,0.0,9.0,0.0,0.152,0.152,0.242,0.394,4.0,0.09,0.0,0.242,0.0,27.27272727272727,0.0,0.17391304347826086,0.12890000000000001,232.66666666666666,0.09090909090909091,0.2857142857142857,0.152,5.0,1.0,3.0,26.0,33.0,33.0,4.0,0.0,0.0,3.0,0.152,0.242,0.0,0,0.0,,8.0,0.0,0,0.0,0.0,,1.2121212121212122,0.6959999999999997
2019,PL,千葉ロッテマリーンズ,21525132,柿沼　友哉,T.Kakinuma,34.0,73.0,54.0,5.0,9.0,0.0,0.0,1.0,12.0,2.0,0.0,0,10.0,0.0,4.0,0,5.0,20.0,0.0,0.167,0.286,0.222,0.508,8.0,0.05499999999999999,0.11899999999999997,0.3409999999999999,5.47945205479452,27.397260273972602,0.2,0.24242424242424243,0.18419999999999997,360.0,0.12962962962962962,0.4666666666666667,0.167,9.0,1.0,2.0,34.0,73.0,54.0,8.0,0.0,0.0,5.0,0.286,0.222,4.0,0,5.0,,12.0,0.0,0,10.0,0.0,,2.689655172413793,4.0
2019,PL,オリックス・バファローズ,21525137,金田　和之,K.Kaneda,6.0,0.0,0.0,0.0,0.0,0.0,0.0,0.0,0.0,0.0,0.0,0,0.0,0.0,0.0,0,0.0,0.0,0.0,,,,0.0,0.0,0.0,0.0,,nan,nan,nan,nan,0.0,0.0,nan,nan,,0.0,0.0,0.0,6.0,0.0,0.0,0.0,0.0,0.0,0.0,,,0.0,0,0.0,,0.0,0.0,0,0.0,0.0,,nan,0.0
2019,PL,福岡ソフトバンクホークス,21525139,加治屋　蓮,R.Kajiya,30.0,0.0,0.0,0.0,0.0,0.0,0.0,0.0,0.0,0.0,0.0,0,0.0,0.0,0.0,0,0.0,0.0,0.0,,,,0.0,0.0,0.0,0.0,,nan,nan,nan,nan,0.0,0.0,nan,nan,,0.0,0.0,0.0,30.0,0.0,0.0,0.0,0.0,0.0,0.0,,,0.0,0,0.0,,0.0,0.0,0,0.0,0.0,,nan,0.0
2019,PL,北海道日本ハムファイターズ,21625135,松本　剛,G.Matsumoto,4.0,3.0,3.0,0.0,1.0,0.0,0.0,0.0,1.0,0.0,0.0,0,0.0,0.0,0.0,0,0.0,0.0,0.0,0.333,0.333,0.333,0.666,1.0,0.0,0.0,0.333,0.0,0.0,nan,0.3333333333333333,0.23310000000000003,444.0,0.0,0.5,0.333,1.0,0.0,0.0,4.0,3.0,3.0,1.0,0.0,0.0,0.0,0.333,0.333,0.0,0,0.0,,1.0,0.0,0,0.0,0.0,,0.3333333333333333,0.304
2019,PL,北海道日本ハムファイターズ,21725112,黒羽根　利規,T.Kurobane,4.0,3.0,2.0,1.0,0.0,0.0,0.0,0.0,0.0,1.0,0.0,0,0.0,0.0,1.0,0,0.0,1.0,0.0,0.0,0.333,0.0,0.333,0.0,0.0,0.333,0.333,33.33333333333333,33.33333333333333,1.0,0.0,0.14985,333.0,0.5,0.5,0.0,0.0,0.0,1.0,4.0,3.0,2.0,0.0,0.0,0.0,1.0,0.333,0.0,1.0,0,0.0,,0.0,0.0,0,0.0,0.0,,0.0,0.134
2019,PL,埼玉西武ライオンズ,21725116,斉藤　彰吾,S.Saitou,3.0,3.0,3.0,0.0,0.0,0.0,0.0,0.0,0.0,0.0,0.0,0,0.0,0.0,0.0,0,0.0,3.0,0.0,0.0,0.0,0.0,0.0,0.0,0.0,0.0,0.0,0.0,100.0,0.0,nan,0.0,0.0,0.0,0.0,0.0,0.0,0.0,0.0,3.0,3.0,3.0,0.0,0.0,0.0,0.0,0.0,0.0,0.0,0,0.0,,0.0,0.0,0,0.0,0.0,,0.0,-0.29400000000000004
2019,PL,東北楽天ゴールデンイーグルス,21725117,久保　裕也,Y.Kubo,22.0,0.0,0.0,0.0,0.0,0.0,0.0,0.0,0.0,0.0,0.0,0,0.0,0.0,0.0,0,0.0,0.0,0.0,,,,0.0,0.0,0.0,0.0,,nan,nan,nan,nan,0.0,0.0,nan,nan,,0.0,0.0,0.0,22.0,0.0,0.0,0.0,0.0,0.0,0.0,,,0.0,0,0.0,,0.0,0.0,0,0.0,0.0,,nan,0.0
2019,PL,埼玉西武ライオンズ,21725133,熊代　聖人,M.Kumashiro,33.0,17.0,15.0,5.0,4.0,1.0,0.0,0.0,5.0,0.0,2,1,1.0,0.0,1.0,0,0.0,5.0,0.0,0.267,0.312,0.333,0.645,3.0,0.066,0.044999999999999984,0.378,5.88235294117647,29.411764705882355,0.2,0.4,0.22365000000000002,423.0,0.2,0.6363636363636364,0.267,4.0,0.0,0.0,33.0,17.0,15.0,3.0,1.0,0.0,5.0,0.312,0.333,1.0,0,0.0,,5.0,2,1,1.0,0.0,,1.5625,1.652
2019,PL,オリックス・バファローズ,21725134,小林　慶祐,K.Kobayashi,20.0,0.0,0.0,0.0,0.0,0.0,0.0,0.0,0.0,0.0,0.0,0,0.0,0.0,0.0,0,0.0,0.0,0.0,,,,0.0,0.0,0.0,0.0,,nan,nan,nan,nan,0.0,0.0,nan,nan,,0.0,0.0,0.0,20.0,0.0,0.0,0.0,0.0,0.0,0.0,,,0.0,0,0.0,,0.0,0.0,0,0.0,0.0,,nan,0.0
2019,PL,オリックス・バファローズ,21725137,白崎　浩之,H.Shirasaki,25.0,54.0,49.0,6.0,10.0,0.0,0.0,2.0,16.0,6.0,0.0,0,0.0,0.0,5.0,0,0.0,14.0,1.0,0.204,0.278,0.327,0.605,8.0,0.12300000000000003,0.07400000000000004,0.401,9.25925925925926,25.925925925925924,0.35714285714285715,0.24242424242424243,0.20685000000000003,387.0,0.22448979591836735,0.525,0.204,10.0,2.0,6.0,25.0,54.0,49.0,8.0,0.0,0.0,6.0,0.278,0.327,5.0,0,0.0,,16.0,0.0,0,0.0,0.0,,4.444444444444445,4.707999999999999
2019,PL,東北楽天ゴールデンイーグルス,21725139,今野　龍太,R.Konno,4.0,0.0,0.0,0.0,0.0,0.0,0.0,0.0,0.0,0.0,0.0,0,0.0,0.0,0.0,0,0.0,0.0,0.0,,,,0.0,0.0,0.0,0.0,,nan,nan,nan,nan,0.0,0.0,nan,nan,,0.0,0.0,0.0,4.0,0.0,0.0,0.0,0.0,0.0,0.0,,,0.0,0,0.0,,0.0,0.0,0,0.0,0.0,,nan,0.0
2019,PL,オリックス・バファローズ,21825130,山﨑　福也,S.Yamasaki,36.0,0.0,0.0,0.0,0.0,0.0,0.0,0.0,0.0,0.0,0.0,0,0.0,0.0,0.0,0,0.0,0.0,0.0,,,,0.0,0.0,0.0,0.0,,nan,nan,nan,nan,0.0,0.0,nan,nan,,0.0,0.0,0.0,36.0,0.0,0.0,0.0,0.0,0.0,0.0,,,0.0,0,0.0,,0.0,0.0,0,0.0,0.0,,nan,0.0
2019,PL,埼玉西武ライオンズ,21825132,南川　忠亮,T.Minamikawa,1.0,0.0,0.0,0.0,0.0,0.0,0.0,0.0,0.0,0.0,0.0,0,0.0,0.0,0.0,0,0.0,0.0,0.0,,,,0.0,0.0,0.0,0.0,,nan,nan,nan,nan,0.0,0.0,nan,nan,,0.0,0.0,0.0,1.0,0.0,0.0,0.0,0.0,0.0,0.0,,,0.0,0,0.0,,0.0,0.0,0,0.0,0.0,,nan,0.0
2019,PL,埼玉西武ライオンズ,21825138,山野辺　翔,K.Yamanobe,9.0,18.0,14.0,1.0,1.0,1.0,0.0,0.0,2.0,1.0,1,0,0.0,0.0,2.0,0,2.0,4.0,1.0,0.071,0.278,0.143,0.42100000000000004,0.0,0.072,0.20700000000000002,0.35,11.11111111111111,22.22222222222222,0.5,0.1,0.16085000000000002,325.6666666666667,0.21428571428571427,0.42857142857142855,0.071,1.0,0.0,1.0,9.0,18.0,14.0,0.0,1.0,0.0,1.0,0.278,0.143,2.0,0,2.0,,2.0,1,0,0.0,0.0,,0.375,0.766
2019,PL,千葉ロッテマリーンズ,21923889,福浦　和也,K.Fukuura,1.0,4.0,4.0,0.0,0.0,0.0,0.0,0.0,0.0,0.0,0.0,0,0.0,0.0,0.0,0,0.0,0.0,0.0,0.0,0.0,0.0,0.0,0.0,0.0,0.0,0.0,0.0,0.0,nan,0.0,0.0,0.0,0.0,0.0,0.0,0.0,0.0,0.0,1.0,4.0,4.0,0.0,0.0,0.0,0.0,0.0,0.0,0.0,0,0.0,,0.0,0.0,0,0.0,0.0,,0.0,-0.392
2019,PL,千葉ロッテマリーンズ,21925116,髙濱　卓也,T.Takahama,8.0,7.0,7.0,0.0,2.0,2.0,0.0,0.0,4.0,3.0,0.0,0,0.0,0.0,0.0,0,0.0,3.0,0.0,0.286,0.286,0.571,0.857,0.0,0.285,0.0,0.571,0.0,42.857142857142854,0.0,0.5,0.27144999999999997,476.33333333333326,0.2857142857142857,0.8,0.286,2.0,0.0,3.0,8.0,7.0,7.0,0.0,2.0,0.0,0.0,0.286,0.571,0.0,0,0.0,,4.0,0.0,0,0.0,0.0,,1.1428571428571428,0.95
2019,PL,福岡ソフトバンクホークス,21925136,周東　佑京,U.Shuutou,102.0,114.0,102.0,39.0,20.0,3.0,2.0,1.0,30.0,6.0,25,5,10.0,0.0,2.0,0,0.0,27.0,1.0,0.196,0.212,0.294,0.506,14.0,0.09799999999999998,0.015999999999999986,0.3099999999999999,1.7543859649122806,23.684210526315788,0.07407407407407407,0.25675675675675674,0.1689,310.0,0.16666666666666666,0.4457831325301205,0.196,20.0,1.0,6.0,102.0,114.0,102.0,14.0,3.0,2.0,39.0,0.212,0.294,2.0,0,0.0,,30.0,25,5,10.0,0.0,,6.346153846153846,6.204000000000001
2019,PL,オリックス・バファローズ,23325136,A.アルバース,A.Albers,13.0,0.0,0.0,0.0,0.0,0.0,0.0,0.0,0.0,0.0,0.0,0,0.0,0.0,0.0,0,0.0,0.0,0.0,,,,0.0,0.0,0.0,0.0,,nan,nan,nan,nan,0.0,0.0,nan,nan,,0.0,0.0,0.0,13.0,0.0,0.0,0.0,0.0,0.0,0.0,,,0.0,0,0.0,,0.0,0.0,0,0.0,0.0,,nan,0.0
2019,PL,東北楽天ゴールデンイーグルス,23325138,J.ブラッシュ,J.Blash,128.0,527.0,426.0,66.0,111.0,20.0,0.0,33.0,230.0,95.0,2,3,0.0,3.0,81.0,0,17.0,157.0,7.0,0.261,0.397,0.54,0.937,58.0,0.279,0.136,0.676,15.370018975332068,29.79127134724858,0.5159235668789809,0.3263598326359833,0.31365,577.0000000000001,0.4765258215962441,1.0279503105590062,0.261,111.0,33.0,95.0,128.0,527.0,426.0,58.0,20.0,0.0,66.0,0.397,0.54,81.0,0,17.0,,230.0,2,3,0.0,3.0,,87.10059171597634,92.92999999999999
2019,PL,千葉ロッテマリーンズ,23525130,B.レアード,B.Laird,139.0,553.0,487.0,59.0,121.0,18.0,0.0,32.0,235.0,89.0,0.0,0,0.0,3.0,55.0,0,8.0,128.0,18.0,0.248,0.333,0.483,0.8160000000000001,71.0,0.235,0.08500000000000002,0.5680000000000001,9.945750452079565,23.146473779385172,0.4296875,0.2696969696969697,0.2706,494.0,0.3470225872689938,0.7760416666666666,0.248,121.0,32.0,89.0,139.0,553.0,487.0,71.0,18.0,0.0,59.0,0.333,0.483,55.0,0,8.0,,235.0,0.0,0,0.0,3.0,,76.30996309963099,79.46199999999999
2019,PL,千葉ロッテマリーンズ,23525133,チェン・グァンユウ,G.（chiぇn,44.0,0.0,0.0,0.0,0.0,0.0,0.0,0.0,0.0,0.0,0.0,0,0.0,0.0,0.0,0,0.0,0.0,0.0,,,,0.0,0.0,0.0,0.0,,nan,nan,nan,nan,0.0,0.0,nan,nan,,0.0,0.0,0.0,44.0,0.0,0.0,0.0,0.0,0.0,0.0,,,0.0,0,0.0,,0.0,0.0,0,0.0,0.0,,nan,0.0
2019,PL,北海道日本ハムファイターズ,23525138,王　柏融,B.Wan,88.0,340.0,306.0,18.0,78.0,13.0,0.0,3.0,100.0,35.0,1,0,0.0,3.0,25.0,0,6.0,65.0,6.0,0.255,0.321,0.327,0.648,62.0,0.07200000000000001,0.066,0.393,7.352941176470589,19.11764705882353,0.38461538461538464,0.3112033195020747,0.2262,430.0,0.15359477124183007,0.5598290598290598,0.255,78.0,3.0,35.0,88.0,340.0,306.0,62.0,13.0,0.0,18.0,0.321,0.327,25.0,0,6.0,,100.0,1,0,0.0,3.0,,31.117824773413897,32.565999999999995
2019,PL,埼玉西武ライオンズ,23525139,D.ヒース,D.Heath,34.0,0.0,0.0,0.0,0.0,0.0,0.0,0.0,0.0,0.0,0.0,0,0.0,0.0,0.0,0,0.0,0.0,0.0,,,,0.0,0.0,0.0,0.0,,nan,nan,nan,nan,0.0,0.0,nan,nan,,0.0,0.0,0.0,34.0,0.0,0.0,0.0,0.0,0.0,0.0,,,0.0,0,0.0,,0.0,0.0,0,0.0,0.0,,nan,0.0
2019,PL,千葉ロッテマリーンズ,23725138,L.マーティン,L.Martin,52.0,228.0,194.0,32.0,45.0,9.0,0.0,14.0,96.0,39.0,3.0,3,0.0,1.0,26.0,0,7.0,57.0,4.0,0.232,0.342,0.495,0.837,22.0,0.263,0.11000000000000001,0.605,11.403508771929824,25.0,0.45614035087719296,0.25,0.27765,507.0,0.41237113402061853,0.8627450980392157,0.232,45.0,14.0,39.0,52.0,228.0,194.0,22.0,9.0,0.0,32.0,0.342,0.495,26.0,0,7.0,,96.0,3.0,3,0.0,1.0,,30.98181818181818,34.468
2019,PL,埼玉西武ライオンズ,31035130,高木　勇人,H.Takagi,2.0,0.0,0.0,0.0,0.0,0.0,0.0,0.0,0.0,0.0,0.0,0,0.0,0.0,0.0,0,0.0,0.0,0.0,,,,0.0,0.0,0.0,0.0,,nan,nan,nan,nan,0.0,0.0,nan,nan,,0.0,0.0,0.0,2.0,0.0,0.0,0.0,0.0,0.0,0.0,,,0.0,0,0.0,,0.0,0.0,0,0.0,0.0,,nan,0.0
2019,PL,千葉ロッテマリーンズ,31035132,高野　圭佑,K.Takano,2.0,0.0,0.0,0.0,0.0,0.0,0.0,0.0,0.0,0.0,0.0,0,0.0,0.0,0.0,0,0.0,0.0,0.0,,,,0.0,0.0,0.0,0.0,,nan,nan,nan,nan,0.0,0.0,nan,nan,,0.0,0.0,0.0,2.0,0.0,0.0,0.0,0.0,0.0,0.0,,,0.0,0,0.0,,0.0,0.0,0,0.0,0.0,,nan,0.0
2019,PL,埼玉西武ライオンズ,31035134,鈴木　将平,S.Suzuki,16.0,28.0,26.0,4.0,4.0,0.0,0.0,0.0,4.0,1.0,1.0,1,1.0,0.0,1.0,0,0.0,6.0,1.0,0.154,0.185,0.154,0.33899999999999997,4.0,0.0,0.031,0.185,3.571428571428571,21.428571428571427,0.16666666666666666,0.2,0.12175,236.33333333333334,0.07692307692307693,0.2608695652173913,0.154,4.0,0.0,1.0,16.0,28.0,26.0,4.0,0.0,0.0,4.0,0.185,0.154,1.0,0,0.0,,4.0,1.0,1,1.0,0.0,,0.7407407407407407,0.3540000000000001
2019,PL,埼玉西武ライオンズ,31035136,平良　海馬,K.Taira,26.0,0.0,0.0,0.0,0.0,0.0,0.0,0.0,0.0,0.0,0.0,0,0.0,0.0,0.0,0,0.0,0.0,0.0,,,,0.0,0.0,0.0,0.0,,nan,nan,nan,nan,0.0,0.0,nan,nan,,0.0,0.0,0.0,26.0,0.0,0.0,0.0,0.0,0.0,0.0,,,0.0,0,0.0,,0.0,0.0,0,0.0,0.0,,nan,0.0
2019,PL,東北楽天ゴールデンイーグルス,3105130,Z.ウィーラー,Z.Wheeler,117.0,472.0,411.0,53.0,100.0,15.0,0.0,19.0,172.0,67.0,5.0,0,0.0,10.0,43.0,0,8.0,96.0,22.0,0.243,0.32,0.418,0.738,66.0,0.175,0.07700000000000001,0.495,9.110169491525424,20.33898305084746,0.4479166666666667,0.2647058823529412,0.2485,459.33333333333337,0.291970802919708,0.6846846846846847,0.243,100.0,19.0,67.0,117.0,472.0,411.0,66.0,15.0,0.0,53.0,0.32,0.418,43.0,0,8.0,,172.0,5.0,0,0.0,10.0,,54.17621145374449,58.412
2019,PL,北海道日本ハムファイターズ,3105132,横尾　俊建,T.Yokoo,78.0,191.0,170.0,7.0,32.0,10.0,0.0,3.0,51.0,13.0,0.0,0,1.0,1.0,15.0,0,4.0,34.0,4.0,0.188,0.268,0.3,0.5680000000000001,19.0,0.11199999999999999,0.08000000000000002,0.38,7.853403141361256,17.801047120418847,0.4411764705882353,0.21641791044776118,0.1956,368.0,0.2,0.49295774647887325,0.188,32.0,3.0,13.0,78.0,191.0,170.0,19.0,10.0,0.0,7.0,0.268,0.3,15.0,0,4.0,,51.0,0.0,0,1.0,1.0,,12.956756756756757,13.765999999999998
2019,PL,オリックス・バファローズ,3105138,T.エップラー,T.Eppler,24.0,0.0,0.0,0.0,0.0,0.0,0.0,0.0,0.0,0.0,0.0,0,0.0,0.0,0.0,0,0.0,0.0,0.0,,,,0.0,0.0,0.0,0.0,,nan,nan,nan,nan,0.0,0.0,nan,nan,,0.0,0.0,0.0,24.0,0.0,0.0,0.0,0.0,0.0,0.0,,,0.0,0,0.0,,0.0,0.0,0,0.0,0.0,,nan,0.0
2019,PL,北海道日本ハムファイターズ,31135130,淺間　大基,D.Asama,13.0,33.0,29.0,4.0,6.0,2.0,1.0,0.0,10.0,1.0,0.0,0,3.0,0.0,1.0,0,0.0,5.0,0.0,0.207,0.233,0.345,0.578,3.0,0.13799999999999998,0.026000000000000023,0.371,3.0303030303030303,15.151515151515152,0.2,0.25,0.1911,348.0,0.1724137931034483,0.4782608695652174,0.207,6.0,0.0,1.0,13.0,33.0,29.0,3.0,2.0,1.0,4.0,0.233,0.345,1.0,0,0.0,,10.0,0.0,0,3.0,0.0,,2.3333333333333335,2.0559999999999996
2019,PL,埼玉西武ライオンズ,31135133,秋山　翔吾,S.Akiyama,143.0,678.0,590.0,112.0,179.0,31.0,4.0,20.0,278.0,62.0,12,8,0.0,1.0,78.0,0,9.0,108.0,8.0,0.303,0.392,0.471,0.863,124.0,0.16799999999999998,0.08900000000000002,0.56,11.504424778761061,15.929203539823009,0.7222222222222222,0.3434125269978402,0.29415,549.0,0.3135593220338983,0.8902147971360382,0.303,179.0,20.0,62.0,143.0,678.0,590.0,124.0,31.0,4.0,112.0,0.392,0.471,78.0,0,9.0,,278.0,12,8,0.0,1.0,,106.95508982035928,107.15199999999999
2019,PL,オリックス・バファローズ,31135135,安達　了一,R.Adachi,56.0,179.0,155.0,18.0,43.0,6.0,1.0,2.0,57.0,20.0,10,2,4.0,1.0,18.0,0,1.0,29.0,5.0,0.277,0.354,0.368,0.722,34.0,0.09099999999999997,0.07699999999999996,0.4449999999999999,10.05586592178771,16.201117318435752,0.6206896551724138,0.328,0.25129999999999997,476.66666666666663,0.21935483870967742,0.6666666666666666,0.277,43.0,2.0,20.0,56.0,179.0,155.0,34.0,6.0,1.0,18.0,0.354,0.368,18.0,0,1.0,,57.0,10,2,4.0,1.0,,20.09826589595376,20.894
2019,PL,千葉ロッテマリーンズ,31135138,東妻　勇輔,Y.Azuma,24.0,0.0,0.0,0.0,0.0,0.0,0.0,0.0,0.0,0.0,0.0,0,0.0,0.0,0.0,0,0.0,0.0,0.0,,,,0.0,0.0,0.0,0.0,,nan,nan,nan,nan,0.0,0.0,nan,nan,,0.0,0.0,0.0,24.0,0.0,0.0,0.0,0.0,0.0,0.0,,,0.0,0,0.0,,0.0,0.0,0,0.0,0.0,,nan,0.0
2019,PL,福岡ソフトバンクホークス,31235134,田中　正義,S.Tanaka,1.0,0.0,0.0,0.0,0.0,0.0,0.0,0.0,0.0,0.0,0.0,0,0.0,0.0,0.0,0,0.0,0.0,0.0,,,,0.0,0.0,0.0,0.0,,nan,nan,nan,nan,0.0,0.0,nan,nan,,0.0,0.0,0.0,1.0,0.0,0.0,0.0,0.0,0.0,0.0,,,0.0,0,0.0,,0.0,0.0,0,0.0,0.0,,nan,0.0
2019,PL,福岡ソフトバンクホークス,31335116,岩嵜　翔,S.Iwasaki,2.0,0.0,0.0,0.0,0.0,0.0,0.0,0.0,0.0,0.0,0.0,0,0.0,0.0,0.0,0,0.0,0.0,0.0,,,,0.0,0.0,0.0,0.0,,nan,nan,nan,nan,0.0,0.0,nan,nan,,0.0,0.0,0.0,2.0,0.0,0.0,0.0,0.0,0.0,0.0,,,0.0,0,0.0,,0.0,0.0,0,0.0,0.0,,nan,0.0
2019,PL,福岡ソフトバンクホークス,31335131,今宮　健太,K.Imamiya,106.0,426.0,383.0,44.0,98.0,15.0,0.0,14.0,155.0,41.0,4,5,7.0,1.0,32.0,0,3.0,67.0,3.0,0.256,0.317,0.405,0.722,69.0,0.14900000000000002,0.061,0.466,7.511737089201878,15.727699530516432,0.47761194029850745,0.27722772277227725,0.2439,452.0,0.2454308093994778,0.6770833333333334,0.256,98.0,14.0,41.0,106.0,426.0,383.0,69.0,15.0,0.0,44.0,0.317,0.405,32.0,0,3.0,,155.0,4,5,7.0,1.0,,48.55421686746988,49.98
2019,PL,北海道日本ハムファイターズ,31335132,井口　和朋,K.Iguchi,32.0,0.0,0.0,0.0,0.0,0.0,0.0,0.0,0.0,0.0,0.0,0,0.0,0.0,0.0,0,0.0,0.0,0.0,,,,0.0,0.0,0.0,0.0,,nan,nan,nan,nan,0.0,0.0,nan,nan,,0.0,0.0,0.0,32.0,0.0,0.0,0.0,0.0,0.0,0.0,,,0.0,0,0.0,,0.0,0.0,0,0.0,0.0,,nan,0.0
2019,PL,埼玉西武ライオンズ,31335134,今井　達也,T.Imai,23.0,3.0,3.0,0.0,0.0,0.0,0.0,0.0,0.0,0.0,0.0,0,0.0,0.0,0.0,0,0.0,2.0,0.0,0.0,0.0,0.0,0.0,0.0,0.0,0.0,0.0,0.0,66.66666666666666,0.0,0.0,0.0,0.0,0.0,0.0,0.0,0.0,0.0,0.0,23.0,3.0,3.0,0.0,0.0,0.0,0.0,0.0,0.0,0.0,0,0.0,,0.0,0.0,0,0.0,0.0,,0.0,-0.29400000000000004
2019,PL,東北楽天ゴールデンイーグルス,31435133,福井　優也,Y.Fukui,8.0,0.0,0.0,0.0,0.0,0.0,0.0,0.0,0.0,0.0,0.0,0,0.0,0.0,0.0,0,0.0,0.0,0.0,,,,0.0,0.0,0.0,0.0,,nan,nan,nan,nan,0.0,0.0,nan,nan,,0.0,0.0,0.0,8.0,0.0,0.0,0.0,0.0,0.0,0.0,,,0.0,0,0.0,,0.0,0.0,0,0.0,0.0,,nan,0.0
2019,PL,千葉ロッテマリーンズ,31435134,土肥　星也,S.Dohi,6.0,4.0,4.0,0.0,0.0,0.0,0.0,0.0,0.0,0.0,0.0,0,0.0,0.0,0.0,0,0.0,4.0,0.0,0.0,0.0,0.0,0.0,0.0,0.0,0.0,0.0,0.0,100.0,0.0,nan,0.0,0.0,0.0,0.0,0.0,0.0,0.0,0.0,6.0,4.0,4.0,0.0,0.0,0.0,0.0,0.0,0.0,0.0,0,0.0,,0.0,0.0,0,0.0,0.0,,0.0,-0.392
2019,PL,オリックス・バファローズ,31435136,西浦　颯大,H.Nishiura,77.0,239.0,220.0,24.0,43.0,8.0,1.0,1.0,56.0,18.0,8,3,5.0,1.0,13.0,0,0.0,56.0,1.0,0.195,0.239,0.255,0.494,33.0,0.06,0.043999999999999984,0.299,5.439330543933055,23.430962343096233,0.23214285714285715,0.25609756097560976,0.1713,324.0,0.1318181818181818,0.4044943820224719,0.195,43.0,1.0,18.0,77.0,239.0,220.0,33.0,8.0,1.0,24.0,0.239,0.255,13.0,0,0.0,,56.0,8,3,5.0,1.0,,13.459227467811159,12.223999999999997
2019,PL,オリックス・バファローズ,31535130,小田　裕也,Y.Oda,82.0,203.0,180.0,21.0,37.0,5.0,2.0,3.0,55.0,21.0,9,5,3.0,2.0,12.0,0,6.0,47.0,0.0,0.206,0.275,0.306,0.581,27.0,0.1,0.06900000000000003,0.375,5.911330049261084,23.15270935960591,0.2553191489361702,0.25757575757575757,0.20025,377.0,0.19444444444444445,0.5454545454545454,0.206,37.0,3.0,21.0,82.0,203.0,180.0,27.0,5.0,2.0,21.0,0.275,0.306,12.0,0,6.0,,55.0,9,5,3.0,2.0,,14.036458333333334,16.326
2019,PL,埼玉西武ライオンズ,31535132,愛斗,A.Aito（takeda,42.0,57.0,53.0,7.0,8.0,1.0,0.0,0.0,9.0,3.0,0.0,0,1.0,0.0,3.0,0,0.0,11.0,2.0,0.151,0.196,0.17,0.366,7.0,0.019000000000000017,0.04500000000000001,0.215,5.263157894736842,19.298245614035086,0.2727272727272727,0.19047619047619047,0.1307,252.6666666666667,0.07547169811320754,0.2553191489361702,0.151,8.0,0.0,3.0,42.0,57.0,53.0,7.0,1.0,0.0,7.0,0.196,0.17,3.0,0,0.0,,9.0,0.0,0,1.0,0.0,,1.7678571428571428,0.7999999999999998
2019,PL,東北楽天ゴールデンイーグルス,31535135,釜田　佳直,Y.Kamata,5.0,0.0,0.0,0.0,0.0,0.0,0.0,0.0,0.0,0.0,0.0,0,0.0,0.0,0.0,0,0.0,0.0,0.0,,,,0.0,0.0,0.0,0.0,,nan,nan,nan,nan,0.0,0.0,nan,nan,,0.0,0.0,0.0,5.0,0.0,0.0,0.0,0.0,0.0,0.0,,,0.0,0,0.0,,0.0,0.0,0,0.0,0.0,,nan,0.0
2019,PL,埼玉西武ライオンズ,31535139,岡田　雅利,M.Okada,36.0,78.0,61.0,8.0,16.0,3.0,1.0,1.0,24.0,7.0,0.0,0,6.0,0.0,9.0,0,2.0,12.0,1.0,0.262,0.375,0.393,0.768,11.0,0.131,0.11299999999999999,0.506,11.538461538461538,15.384615384615385,0.75,0.3125,0.267,506.0,0.2786885245901639,0.7608695652173914,0.262,16.0,1.0,7.0,36.0,78.0,61.0,11.0,3.0,1.0,8.0,0.375,0.393,9.0,0,2.0,,24.0,0.0,0,6.0,0.0,,8.571428571428571,9.36
2019,PL,千葉ロッテマリーンズ,31635110,涌井　秀章,H.Wakui,18.0,2.0,2.0,0.0,0.0,0.0,0.0,0.0,0.0,0.0,0.0,0,0.0,0.0,0.0,0,0.0,2.0,0.0,0.0,0.0,0.0,0.0,0.0,0.0,0.0,0.0,0.0,100.0,0.0,nan,0.0,0.0,0.0,0.0,0.0,0.0,0.0,0.0,18.0,2.0,2.0,0.0,0.0,0.0,0.0,0.0,0.0,0.0,0,0.0,,0.0,0.0,0,0.0,0.0,,0.0,-0.196
2019,PL,北海道日本ハムファイターズ,31635116,村田　透,T.Murata,13.0,0.0,0.0,0.0,0.0,0.0,0.0,0.0,0.0,0.0,0.0,0,0.0,0.0,0.0,0,0.0,0.0,0.0,,,,0.0,0.0,0.0,0.0,,nan,nan,nan,nan,0.0,0.0,nan,nan,,0.0,0.0,0.0,13.0,0.0,0.0,0.0,0.0,0.0,0.0,,,0.0,0,0.0,,0.0,0.0,0,0.0,0.0,,nan,0.0
2019,PL,千葉ロッテマリーンズ,31635138,藤原　恭大,K.Fujiwara,6.0,19.0,19.0,0.0,2.0,0.0,0.0,0.0,2.0,2.0,0.0,0,0.0,0.0,0.0,0,0.0,6.0,0.0,0.105,0.105,0.105,0.21,2.0,0.0,0.0,0.105,0.0,31.57894736842105,0.0,0.15384615384615385,0.0735,139.99999999999997,0.0,0.11764705882352941,0.105,2.0,0.0,2.0,6.0,19.0,19.0,2.0,0.0,0.0,0.0,0.105,0.105,0.0,0,0.0,,2.0,0.0,0,0.0,0.0,,0.21052631578947367,-0.6660000000000001
2019,PL,福岡ソフトバンクホークス,31735134,九鬼　隆平,R.Kuki,2.0,3.0,2.0,0.0,0.0,0.0,0.0,0.0,0.0,0.0,0.0,0,0.0,0.0,0.0,0,1.0,1.0,0.0,0.0,0.333,0.0,0.333,0.0,0.0,0.333,0.333,0.0,33.33333333333333,0.0,0.0,0.14985,333.0,0.0,0.5,0.0,0.0,0.0,0.0,2.0,3.0,2.0,0.0,0.0,0.0,0.0,0.333,0.0,0.0,0,1.0,,0.0,0.0,0,0.0,0.0,,0.0,0.134
2019,PL,埼玉西武ライオンズ,31835132,本田　圭佑,K.Honda,16.0,2.0,2.0,0.0,0.0,0.0,0.0,0.0,0.0,0.0,0.0,0,0.0,0.0,0.0,0,0.0,0.0,0.0,0.0,0.0,0.0,0.0,0.0,0.0,0.0,0.0,0.0,0.0,nan,0.0,0.0,0.0,0.0,0.0,0.0,0.0,0.0,0.0,16.0,2.0,2.0,0.0,0.0,0.0,0.0,0.0,0.0,0.0,0,0.0,,0.0,0.0,0,0.0,0.0,,0.0,-0.196
2019,PL,福岡ソフトバンクホークス,31835133,柳田　悠岐,Y.Yanagita,38.0,157.0,128.0,17.0,37.0,6.0,1.0,7.0,66.0,23.0,4,1,0.0,0.0,28.0,0,1.0,28.0,4.0,0.289,0.42,0.516,0.9359999999999999,23.0,0.22700000000000004,0.131,0.647,17.8343949044586,17.8343949044586,1.0,0.3225806451612903,0.318,592.0,0.453125,1.0105263157894737,0.289,37.0,7.0,23.0,38.0,157.0,128.0,23.0,6.0,1.0,17.0,0.42,0.516,28.0,0,1.0,,66.0,4,1,0.0,0.0,,27.5,27.772
2019,PL,オリックス・バファローズ,33035134,C.マレーロ,C.Marrero,43.0,133.0,123.0,8.0,26.0,7.0,0.0,2.0,39.0,14.0,0.0,0,0.0,2.0,7.0,0,1.0,35.0,5.0,0.211,0.256,0.317,0.573,17.0,0.10600000000000001,0.04500000000000001,0.362,5.263157894736842,26.31578947368421,0.2,0.2727272727272727,0.19445,361.6666666666667,0.16260162601626016,0.46078431372549017,0.211,26.0,2.0,14.0,43.0,133.0,123.0,17.0,7.0,0.0,8.0,0.256,0.317,7.0,0,1.0,,39.0,0.0,0,0.0,2.0,,9.9,9.553999999999998
2019,PL,千葉ロッテマリーンズ,3305133,ブランドン,B.Mann,14.0,0.0,0.0,0.0,0.0,0.0,0.0,0.0,0.0,0.0,0.0,0,0.0,0.0,0.0,0,0.0,0.0,0.0,,,,0.0,0.0,0.0,0.0,,nan,nan,nan,nan,0.0,0.0,nan,nan,,0.0,0.0,0.0,14.0,0.0,0.0,0.0,0.0,0.0,0.0,,,0.0,0,0.0,,0.0,0.0,0,0.0,0.0,,nan,0.0
2019,PL,東北楽天ゴールデンイーグルス,3305138,A.ブセニッツ,A.Busenitz,54.0,0.0,0.0,0.0,0.0,0.0,0.0,0.0,0.0,0.0,0.0,0,0.0,0.0,0.0,0,0.0,0.0,0.0,,,,0.0,0.0,0.0,0.0,,nan,nan,nan,nan,0.0,0.0,nan,nan,,0.0,0.0,0.0,54.0,0.0,0.0,0.0,0.0,0.0,0.0,,,0.0,0,0.0,,0.0,0.0,0,0.0,0.0,,nan,0.0
2019,PL,福岡ソフトバンクホークス,33135134,三森　大貴,M.Mimori,24.0,51.0,48.0,7.0,10.0,2.0,2.0,0.0,16.0,1.0,3,2,0.0,0.0,2.0,0,1.0,17.0,0.0,0.208,0.255,0.333,0.5880000000000001,6.0,0.12500000000000003,0.047000000000000014,0.38,3.9215686274509802,33.33333333333333,0.11764705882352941,0.3225806451612903,0.198,366.0,0.20833333333333334,0.5526315789473685,0.208,10.0,0.0,1.0,24.0,51.0,48.0,6.0,2.0,2.0,7.0,0.255,0.333,2.0,0,1.0,,16.0,3,2,0.0,0.0,,3.84,4.146
2019,PL,北海道日本ハムファイターズ,33335138,J.バーベイト,J.Barbato,15.0,0.0,0.0,0.0,0.0,0.0,0.0,0.0,0.0,0.0,0.0,0,0.0,0.0,0.0,0,0.0,0.0,0.0,,,,0.0,0.0,0.0,0.0,,nan,nan,nan,nan,0.0,0.0,nan,nan,,0.0,0.0,0.0,15.0,0.0,0.0,0.0,0.0,0.0,0.0,,,0.0,0,0.0,,0.0,0.0,0,0.0,0.0,,nan,0.0
2019,PL,福岡ソフトバンクホークス,3505139,A.デスパイネ,A.Despaigne,130.0,519.0,448.0,61.0,116.0,9.0,0.0,36.0,233.0,88.0,1.0,0,0.0,3.0,63.0,0,5.0,119.0,6.0,0.259,0.355,0.52,0.875,71.0,0.261,0.09599999999999997,0.616,12.138728323699421,22.928709055876688,0.5294117647058824,0.2702702702702703,0.28975,528.3333333333334,0.40401785714285715,0.893491124260355,0.259,116.0,36.0,88.0,130.0,519.0,448.0,71.0,9.0,0.0,61.0,0.355,0.52,63.0,0,5.0,,233.0,1.0,0,0.0,3.0,,81.6183953033268,83.904
2019,PL,福岡ソフトバンクホークス,41045114,髙谷　裕亮,H.Takaya,55.0,42.0,30.0,2.0,5.0,0.0,0.0,1.0,8.0,1.0,0.0,0,7.0,0.0,5.0,0,0.0,15.0,0.0,0.167,0.286,0.267,0.5529999999999999,4.0,0.1,0.11899999999999997,0.386,11.904761904761903,35.714285714285715,0.3333333333333333,0.2857142857142857,0.19544999999999998,375.0,0.26666666666666666,0.52,0.167,5.0,1.0,1.0,55.0,42.0,30.0,4.0,0.0,0.0,2.0,0.286,0.267,5.0,0,0.0,,8.0,0.0,0,7.0,0.0,,2.2857142857142856,2.6399999999999997
2019,PL,福岡ソフトバンクホークス,41045131,西田　哲朗,T.Nishida,7.0,8.0,8.0,2.0,1.0,1.0,0.0,0.0,2.0,1.0,0.0,0,0.0,0.0,0.0,0,0.0,0.0,0.0,0.125,0.125,0.25,0.375,0.0,0.125,0.0,0.25,0.0,0.0,nan,0.125,0.11875,208.33333333333331,0.125,0.2857142857142857,0.125,1.0,0.0,1.0,7.0,8.0,8.0,0.0,1.0,0.0,2.0,0.125,0.25,0.0,0,0.0,,2.0,0.0,0,0.0,0.0,,0.25,0.03399999999999992
2019,PL,北海道日本ハムファイターズ,41045133,谷口　雄也,Y.Taniguchi,30.0,50.0,48.0,4.0,11.0,2.0,0.0,2.0,19.0,10.0,0.0,0,0.0,0.0,2.0,0,0.0,12.0,1.0,0.229,0.26,0.396,0.656,7.0,0.167,0.031,0.427,4.0,24.0,0.16666666666666666,0.2647058823529412,0.21600000000000003,392.0,0.20833333333333334,0.5526315789473685,0.229,11.0,2.0,10.0,30.0,50.0,48.0,7.0,2.0,0.0,4.0,0.26,0.396,2.0,0,0.0,,19.0,0.0,0,0.0,0.0,,4.94,4.853999999999998
2019,PL,オリックス・バファローズ,41045136,田嶋　大樹,D.Tajima,10.0,2.0,2.0,0.0,0.0,0.0,0.0,0.0,0.0,0.0,0.0,0,0.0,0.0,0.0,0,0.0,2.0,0.0,0.0,0.0,0.0,0.0,0.0,0.0,0.0,0.0,0.0,100.0,0.0,nan,0.0,0.0,0.0,0.0,0.0,0.0,0.0,0.0,10.0,2.0,2.0,0.0,0.0,0.0,0.0,0.0,0.0,0.0,0,0.0,,0.0,0.0,0,0.0,0.0,,0.0,-0.196
2019,PL,北海道日本ハムファイターズ,41045139,白村　明弘,A.Hakumura,1.0,3.0,3.0,0.0,0.0,0.0,0.0,0.0,0.0,0.0,0.0,0,0.0,0.0,0.0,0,0.0,3.0,0.0,0.0,0.0,0.0,0.0,0.0,0.0,0.0,0.0,0.0,100.0,0.0,nan,0.0,0.0,0.0,0.0,0.0,0.0,0.0,0.0,1.0,3.0,3.0,0.0,0.0,0.0,0.0,0.0,0.0,0.0,0,0.0,,0.0,0.0,0,0.0,0.0,,0.0,-0.29400000000000004
2019,PL,東北楽天ゴールデンイーグルス,41145132,足立　祐一,Y.Adachi,21.0,47.0,39.0,4.0,6.0,1.0,0.0,2.0,13.0,4.0,0.0,0,5.0,1.0,1.0,0,1.0,12.0,0.0,0.154,0.19,0.333,0.523,3.0,0.17900000000000002,0.036000000000000004,0.369,2.127659574468085,25.53191489361702,0.08333333333333333,0.15384615384615385,0.16875,301.0,0.20512820512820512,0.45454545454545453,0.154,6.0,2.0,4.0,21.0,47.0,39.0,3.0,1.0,0.0,4.0,0.19,0.333,1.0,0,1.0,,13.0,0.0,0,5.0,1.0,,2.275,2.526
2019,PL,千葉ロッテマリーンズ,41145139,石川　歩,A.Ishikawa,27.0,1.0,1.0,0.0,0.0,0.0,0.0,0.0,0.0,0.0,0.0,0,0.0,0.0,0.0,0,0.0,1.0,0.0,0.0,0.0,0.0,0.0,0.0,0.0,0.0,0.0,0.0,100.0,0.0,nan,0.0,0.0,0.0,0.0,0.0,0.0,0.0,0.0,27.0,1.0,1.0,0.0,0.0,0.0,0.0,0.0,0.0,0.0,0,0.0,,0.0,0.0,0,0.0,0.0,,0.0,-0.098
2019,PL,埼玉西武ライオンズ,41245130,外崎　修汰,S.Tonosaki,143.0,621.0,533.0,96.0,146.0,27.0,6.0,26.0,263.0,90.0,22,6,14.0,6.0,63.0,0,5.0,132.0,9.0,0.274,0.353,0.493,0.846,87.0,0.21899999999999997,0.07899999999999996,0.572,10.144927536231885,21.256038647342994,0.4772727272727273,0.31496062992125984,0.2821,517.3333333333333,0.34896810506566606,0.851010101010101,0.274,146.0,26.0,90.0,143.0,621.0,533.0,87.0,27.0,6.0,96.0,0.353,0.493,63.0,0,5.0,,263.0,22,6,14.0,6.0,,92.22651006711409,92.21400000000001
2019,PL,オリックス・バファローズ,41245134,張　奕,Y.Chou,8.0,0.0,0.0,0.0,0.0,0.0,0.0,0.0,0.0,0.0,0.0,0,0.0,0.0,0.0,0,0.0,0.0,0.0,,,,0.0,0.0,0.0,0.0,,nan,nan,nan,nan,0.0,0.0,nan,nan,,0.0,0.0,0.0,8.0,0.0,0.0,0.0,0.0,0.0,0.0,,,0.0,0,0.0,,0.0,0.0,0,0.0,0.0,,nan,0.0
2019,PL,千葉ロッテマリーンズ,41245136,永野　将司,S.Nagano,5.0,0.0,0.0,0.0,0.0,0.0,0.0,0.0,0.0,0.0,0.0,0,0.0,0.0,0.0,0,0.0,0.0,0.0,,,,0.0,0.0,0.0,0.0,,nan,nan,nan,nan,0.0,0.0,nan,nan,,0.0,0.0,0.0,5.0,0.0,0.0,0.0,0.0,0.0,0.0,,,0.0,0,0.0,,0.0,0.0,0,0.0,0.0,,nan,0.0
2019,PL,北海道日本ハムファイターズ,41245138,生田目　翼,T.Nabatame,4.0,0.0,0.0,0.0,0.0,0.0,0.0,0.0,0.0,0.0,0.0,0,0.0,0.0,0.0,0,0.0,0.0,0.0,,,,0.0,0.0,0.0,0.0,,nan,nan,nan,nan,0.0,0.0,nan,nan,,0.0,0.0,0.0,4.0,0.0,0.0,0.0,0.0,0.0,0.0,,,0.0,0,0.0,,0.0,0.0,0,0.0,0.0,,nan,0.0
2019,PL,東北楽天ゴールデンイーグルス,41245139,古川　侑利,Y.Furukawa,8.0,1.0,1.0,0.0,0.0,0.0,0.0,0.0,0.0,0.0,0.0,0,0.0,0.0,0.0,0,0.0,1.0,0.0,0.0,0.0,0.0,0.0,0.0,0.0,0.0,0.0,0.0,100.0,0.0,nan,0.0,0.0,0.0,0.0,0.0,0.0,0.0,0.0,8.0,1.0,1.0,0.0,0.0,0.0,0.0,0.0,0.0,0.0,0,0.0,,0.0,0.0,0,0.0,0.0,,0.0,-0.098
2019,PL,北海道日本ハムファイターズ,41345110,金子　千尋,C.Kaneko,26.0,3.0,3.0,0.0,0.0,0.0,0.0,0.0,0.0,0.0,0.0,0,0.0,0.0,0.0,0,0.0,3.0,0.0,0.0,0.0,0.0,0.0,0.0,0.0,0.0,0.0,0.0,100.0,0.0,nan,0.0,0.0,0.0,0.0,0.0,0.0,0.0,0.0,26.0,3.0,3.0,0.0,0.0,0.0,0.0,0.0,0.0,0.0,0,0.0,,0.0,0.0,0,0.0,0.0,,0.0,-0.29400000000000004
2019,PL,北海道日本ハムファイターズ,41345118,大田　泰示,T.Oota,132.0,594.0,557.0,79.0,161.0,28.0,1.0,20.0,251.0,77.0,6,2,0.0,5.0,27.0,0,5.0,111.0,22.0,0.289,0.325,0.451,0.776,112.0,0.16200000000000003,0.03600000000000003,0.487,4.545454545454546,18.68686868686869,0.24324324324324326,0.3271461716937355,0.259,475.33333333333337,0.21364452423698385,0.6818181818181818,0.289,161.0,20.0,77.0,132.0,594.0,557.0,112.0,28.0,1.0,79.0,0.325,0.451,27.0,0,5.0,,251.0,6,2,0.0,5.0,,80.8013698630137,78.112
2019,PL,千葉ロッテマリーンズ,41345131,大谷　智久,T.Ootani,2.0,0.0,0.0,0.0,0.0,0.0,0.0,0.0,0.0,0.0,0.0,0,0.0,0.0,0.0,0,0.0,0.0,0.0,,,,0.0,0.0,0.0,0.0,,nan,nan,nan,nan,0.0,0.0,nan,nan,,0.0,0.0,0.0,2.0,0.0,0.0,0.0,0.0,0.0,0.0,,,0.0,0,0.0,,0.0,0.0,0,0.0,0.0,,nan,0.0
2019,PL,北海道日本ハムファイターズ,41345132,上原　健太,K.Uehara,13.0,3.0,3.0,0.0,0.0,0.0,0.0,0.0,0.0,0.0,0.0,0,0.0,0.0,0.0,0,0.0,3.0,0.0,0.0,0.0,0.0,0.0,0.0,0.0,0.0,0.0,0.0,100.0,0.0,nan,0.0,0.0,0.0,0.0,0.0,0.0,0.0,0.0,13.0,3.0,3.0,0.0,0.0,0.0,0.0,0.0,0.0,0.0,0,0.0,,0.0,0.0,0,0.0,0.0,,0.0,-0.29400000000000004
2019,PL,福岡ソフトバンクホークス,41345136,大竹　耕太郎,K.Ootake,17.0,3.0,3.0,0.0,0.0,0.0,0.0,0.0,0.0,0.0,0.0,0,0.0,0.0,0.0,0,0.0,2.0,1.0,0.0,0.0,0.0,0.0,0.0,0.0,0.0,0.0,0.0,66.66666666666666,0.0,0.0,0.0,0.0,0.0,0.0,0.0,0.0,0.0,0.0,17.0,3.0,3.0,0.0,0.0,0.0,0.0,0.0,0.0,0.0,0,0.0,,0.0,0.0,0,0.0,0.0,,0.0,-0.29400000000000004
2019,PL,北海道日本ハムファイターズ,41345139,浦野　博司,H.Urano,25.0,0.0,0.0,0.0,0.0,0.0,0.0,0.0,0.0,0.0,0.0,0,0.0,0.0,0.0,0,0.0,0.0,0.0,,,,0.0,0.0,0.0,0.0,,nan,nan,nan,nan,0.0,0.0,nan,nan,,0.0,0.0,0.0,25.0,0.0,0.0,0.0,0.0,0.0,0.0,,,0.0,0,0.0,,0.0,0.0,0,0.0,0.0,,nan,0.0
2019,PL,北海道日本ハムファイターズ,41445116,宮西　尚生,N.Miyanishi,55.0,0.0,0.0,0.0,0.0,0.0,0.0,0.0,0.0,0.0,0.0,0,0.0,0.0,0.0,0,0.0,0.0,0.0,,,,0.0,0.0,0.0,0.0,,nan,nan,nan,nan,0.0,0.0,nan,nan,,0.0,0.0,0.0,55.0,0.0,0.0,0.0,0.0,0.0,0.0,,,0.0,0,0.0,,0.0,0.0,0,0.0,0.0,,nan,0.0
2019,PL,埼玉西武ライオンズ,41445132,野田　昇吾,S.Noda,23.0,0.0,0.0,0.0,0.0,0.0,0.0,0.0,0.0,0.0,0.0,0,0.0,0.0,0.0,0,0.0,0.0,0.0,,,,0.0,0.0,0.0,0.0,,nan,nan,nan,nan,0.0,0.0,nan,nan,,0.0,0.0,0.0,23.0,0.0,0.0,0.0,0.0,0.0,0.0,,,0.0,0,0.0,,0.0,0.0,0,0.0,0.0,,nan,0.0
2019,PL,千葉ロッテマリーンズ,41545114,角中　勝也,K.Kakunaka,108.0,435.0,368.0,47.0,95.0,17.0,1.0,8.0,138.0,48.0,2.0,2,3.0,4.0,55.0,0,5.0,63.0,10.0,0.258,0.359,0.375,0.734,69.0,0.11699999999999999,0.10099999999999998,0.476,12.643678160919542,14.482758620689657,0.873015873015873,0.28903654485049834,0.25529999999999997,484.0,0.2717391304347826,0.7067137809187279,0.258,95.0,8.0,48.0,108.0,435.0,368.0,69.0,17.0,1.0,47.0,0.359,0.375,55.0,0,5.0,,138.0,2.0,2,3.0,4.0,,48.93617021276596,52.70599999999999
2019,PL,北海道日本ハムファイターズ,41545132,加藤　貴之,T.Katou,26.0,1.0,1.0,0.0,0.0,0.0,0.0,0.0,0.0,0.0,0.0,0,0.0,0.0,0.0,0,0.0,0.0,0.0,0.0,0.0,0.0,0.0,0.0,0.0,0.0,0.0,0.0,0.0,nan,0.0,0.0,0.0,0.0,0.0,0.0,0.0,0.0,0.0,26.0,1.0,1.0,0.0,0.0,0.0,0.0,0.0,0.0,0.0,0,0.0,,0.0,0.0,0,0.0,0.0,,0.0,-0.098
2019,PL,北海道日本ハムファイターズ,41545136,清宮　幸太郎,K.Kiyomiya,81.0,278.0,250.0,26.0,51.0,11.0,1.0,7.0,85.0,33.0,0,1,0.0,4.0,21.0,0,3.0,75.0,4.0,0.204,0.27,0.34,0.6100000000000001,32.0,0.13600000000000004,0.06600000000000003,0.406,7.553956834532374,26.978417266187048,0.28,0.2558139534883721,0.20650000000000002,383.33333333333337,0.224,0.541871921182266,0.204,51.0,7.0,33.0,81.0,278.0,250.0,32.0,11.0,1.0,26.0,0.27,0.34,21.0,0,3.0,,85.0,0,1,0.0,4.0,,22.583025830258304,23.637999999999998
2019,PL,オリックス・バファローズ,41645133,宮﨑　祐樹,Y.Miyazaki,15.0,28.0,23.0,1.0,3.0,0.0,0.0,0.0,3.0,1.0,0.0,0,0.0,1.0,2.0,0,2.0,9.0,0.0,0.13,0.25,0.13,0.38,3.0,0.0,0.12,0.25,7.142857142857142,32.142857142857146,0.2222222222222222,0.2,0.14500000000000002,293.3333333333333,0.08695652173913043,0.35,0.13,3.0,0.0,1.0,15.0,28.0,23.0,3.0,0.0,0.0,1.0,0.25,0.13,2.0,0,2.0,,3.0,0.0,0,0.0,1.0,,0.6,0.8600000000000003
2019,PL,千葉ロッテマリーンズ,41645136,藤岡　裕大,Y.Fujioka,81.0,278.0,250.0,36.0,66.0,14.0,1.0,2.0,88.0,21.0,3,1,10.0,2.0,16.0,0,0.0,33.0,4.0,0.264,0.306,0.352,0.6579999999999999,49.0,0.08799999999999997,0.04199999999999998,0.3939999999999999,5.755395683453238,11.870503597122301,0.48484848484848486,0.29493087557603687,0.22569999999999998,423.3333333333333,0.156,0.5585106382978723,0.264,66.0,2.0,21.0,81.0,278.0,250.0,49.0,14.0,1.0,36.0,0.306,0.352,16.0,0,0.0,,88.0,3,1,10.0,2.0,,27.127819548872182,25.928
2019,PL,千葉ロッテマリーンズ,41645138,松田　進,S.Matsuda,3.0,6.0,5.0,0.0,1.0,0.0,0.0,0.0,1.0,1.0,0,1,0.0,0.0,1.0,0,0.0,1.0,0.0,0.2,0.333,0.2,0.533,1.0,0.0,0.133,0.333,16.666666666666664,16.666666666666664,1.0,0.25,0.19985000000000003,399.6666666666667,0.4,0.75,0.2,1.0,0.0,1.0,3.0,6.0,5.0,1.0,0.0,0.0,0.0,0.333,0.2,1.0,0,0.0,,1.0,0,1,0.0,0.0,,0.3333333333333333,0.618
2019,PL,オリックス・バファローズ,41645139,若月　健矢,K.Wakatsuki,138.0,348.0,298.0,21.0,53.0,9.0,0.0,1.0,65.0,21.0,2,0,25.0,0.0,21.0,0,4.0,73.0,4.0,0.178,0.241,0.218,0.45899999999999996,43.0,0.04000000000000001,0.063,0.281,6.0344827586206895,20.977011494252874,0.2876712328767123,0.23214285714285715,0.16295,313.66666666666663,0.11073825503355705,0.3614457831325301,0.178,53.0,1.0,21.0,138.0,348.0,298.0,43.0,9.0,0.0,21.0,0.241,0.218,21.0,0,4.0,,65.0,2,0,25.0,0.0,,15.078369905956112,13.66
2019,PL,埼玉西武ライオンズ,41745114,木村　文紀,F.Kimura,130.0,441.0,391.0,46.0,86.0,12.0,3.0,10.0,134.0,38.0,16,9,15.0,6.0,24.0,0,5.0,101.0,3.0,0.22,0.27,0.343,0.613,61.0,0.12300000000000003,0.05000000000000002,0.393,5.442176870748299,22.90249433106576,0.2376237623762376,0.26573426573426573,0.20725000000000002,384.33333333333337,0.2071611253196931,0.5584415584415584,0.22,86.0,10.0,38.0,130.0,441.0,391.0,61.0,12.0,3.0,46.0,0.27,0.343,24.0,0,5.0,,134.0,16,9,15.0,6.0,,35.51807228915663,37.959999999999994
2019,PL,北海道日本ハムファイターズ,41745135,近藤　健介,K.Kondou,138.0,600.0,490.0,74.0,148.0,32.0,5.0,2.0,196.0,59.0,1,4,0.0,5.0,103.0,0,2.0,81.0,11.0,0.302,0.422,0.4,0.8220000000000001,109.0,0.09800000000000003,0.12,0.52,17.166666666666668,13.5,1.271604938271605,0.35436893203883496,0.2899,555.3333333333334,0.3163265306122449,0.8640226628895185,0.302,148.0,2.0,59.0,138.0,600.0,490.0,109.0,32.0,5.0,74.0,0.422,0.4,103.0,0,2.0,,196.0,1,4,0.0,5.0,,82.96121416526138,87.47399999999999
2019,PL,埼玉西武ライオンズ,41745136,齊藤　大将,H.Saitou,9.0,0.0,0.0,0.0,0.0,0.0,0.0,0.0,0.0,0.0,0.0,0,0.0,0.0,0.0,0,0.0,0.0,0.0,,,,0.0,0.0,0.0,0.0,,nan,nan,nan,nan,0.0,0.0,nan,nan,,0.0,0.0,0.0,9.0,0.0,0.0,0.0,0.0,0.0,0.0,,,0.0,0,0.0,,0.0,0.0,0,0.0,0.0,,nan,0.0
2019,PL,北海道日本ハムファイターズ,41845114,吉川　光夫,M.Yoshikawa,4.0,0.0,0.0,0.0,0.0,0.0,0.0,0.0,0.0,0.0,0.0,0,0.0,0.0,0.0,0,0.0,0.0,0.0,,,,0.0,0.0,0.0,0.0,,nan,nan,nan,nan,0.0,0.0,nan,nan,,0.0,0.0,0.0,4.0,0.0,0.0,0.0,0.0,0.0,0.0,,,0.0,0,0.0,,0.0,0.0,0,0.0,0.0,,nan,0.0
2019,PL,東北楽天ゴールデンイーグルス,41845132,村林　一輝,I.Murabayashi,49.0,25.0,24.0,2.0,2.0,1.0,0.0,0.0,3.0,0.0,0,1,1.0,0.0,0.0,0,0.0,5.0,1.0,0.083,0.083,0.125,0.20800000000000002,1.0,0.041999999999999996,0.0,0.125,0.0,20.0,0.0,0.10526315789473684,0.0686,124.66666666666667,0.08333333333333333,0.17391304347826086,0.083,2.0,0.0,0.0,49.0,25.0,24.0,1.0,1.0,0.0,2.0,0.083,0.125,0.0,0,0.0,,3.0,0,1,1.0,0.0,,0.25,-0.7560000000000002
2019,PL,埼玉西武ライオンズ,41945116,武隈　祥太,S.Takekuma,10.0,0.0,0.0,0.0,0.0,0.0,0.0,0.0,0.0,0.0,0.0,0,0.0,0.0,0.0,0,0.0,0.0,0.0,,,,0.0,0.0,0.0,0.0,,nan,nan,nan,nan,0.0,0.0,nan,nan,,0.0,0.0,0.0,10.0,0.0,0.0,0.0,0.0,0.0,0.0,,,0.0,0,0.0,,0.0,0.0,0,0.0,0.0,,nan,0.0
2019,PL,千葉ロッテマリーンズ,41945136,菅野　剛士,T.Sugano,28.0,73.0,66.0,7.0,13.0,2.0,0.0,3.0,24.0,7.0,0.0,0,0.0,0.0,6.0,0,1.0,11.0,0.0,0.197,0.274,0.364,0.638,8.0,0.16699999999999998,0.07700000000000001,0.441,8.21917808219178,15.068493150684931,0.5454545454545454,0.19230769230769232,0.2143,395.33333333333337,0.25757575757575757,0.5849056603773585,0.197,13.0,3.0,7.0,28.0,73.0,66.0,8.0,2.0,0.0,7.0,0.274,0.364,6.0,0,1.0,,24.0,0.0,0,0.0,0.0,,6.333333333333333,6.876
2019,PL,千葉ロッテマリーンズ,41945137,田村　龍弘,T.Tamura,100.0,321.0,284.0,30.0,69.0,12.0,1.0,3.0,92.0,31.0,1,2,12.0,3.0,22.0,0,0.0,59.0,8.0,0.243,0.294,0.324,0.618,53.0,0.08100000000000002,0.05099999999999999,0.375,6.853582554517133,18.38006230529595,0.3728813559322034,0.29333333333333333,0.2133,401.99999999999994,0.16549295774647887,0.5201793721973094,0.243,69.0,3.0,31.0,100.0,321.0,284.0,53.0,12.0,1.0,30.0,0.294,0.324,22.0,0,0.0,,92.0,1,2,12.0,3.0,,27.359477124183005,27.049999999999997
2019,PL,埼玉西武ライオンズ,43145137,相内　誠,M.Aiuchi,2.0,0.0,0.0,0.0,0.0,0.0,0.0,0.0,0.0,0.0,0.0,0,0.0,0.0,0.0,0,0.0,0.0,0.0,,,,0.0,0.0,0.0,0.0,,nan,nan,nan,nan,0.0,0.0,nan,nan,,0.0,0.0,0.0,2.0,0.0,0.0,0.0,0.0,0.0,0.0,,,0.0,0,0.0,,0.0,0.0,0,0.0,0.0,,nan,0.0
2019,PL,北海道日本ハムファイターズ,43745136,B.ロドリゲス,B.Rodriguez,34.0,0.0,0.0,0.0,0.0,0.0,0.0,0.0,0.0,0.0,0.0,0,0.0,0.0,0.0,0,0.0,0.0,0.0,,,,0.0,0.0,0.0,0.0,,nan,nan,nan,nan,0.0,0.0,nan,nan,,0.0,0.0,0.0,34.0,0.0,0.0,0.0,0.0,0.0,0.0,,,0.0,0,0.0,,0.0,0.0,0,0.0,0.0,,nan,0.0
2019,PL,福岡ソフトバンクホークス,51055110,中田　賢一,K.Nakata,1.0,0.0,0.0,0.0,0.0,0.0,0.0,0.0,0.0,0.0,0.0,0,0.0,0.0,0.0,0,0.0,0.0,0.0,,,,0.0,0.0,0.0,0.0,,nan,nan,nan,nan,0.0,0.0,nan,nan,,0.0,0.0,0.0,1.0,0.0,0.0,0.0,0.0,0.0,0.0,,,0.0,0,0.0,,0.0,0.0,0,0.0,0.0,,nan,0.0
2019,PL,オリックス・バファローズ,51055135,髙城　俊人,S.Takajou,5.0,12.0,11.0,1.0,2.0,0.0,0.0,0.0,2.0,0.0,0.0,0,0.0,0.0,1.0,0,0.0,4.0,0.0,0.182,0.25,0.182,0.432,2.0,0.0,0.068,0.25,8.333333333333332,33.33333333333333,0.25,0.2857142857142857,0.158,310.66666666666663,0.09090909090909091,0.3333333333333333,0.182,2.0,0.0,0.0,5.0,12.0,11.0,2.0,0.0,0.0,1.0,0.25,0.182,1.0,0,0.0,,2.0,0.0,0,0.0,0.0,,0.5,0.44800000000000006
2019,PL,福岡ソフトバンクホークス,51055136,田浦　文丸,F.Taura,8.0,0.0,0.0,0.0,0.0,0.0,0.0,0.0,0.0,0.0,0.0,0,0.0,0.0,0.0,0,0.0,0.0,0.0,,,,0.0,0.0,0.0,0.0,,nan,nan,nan,nan,0.0,0.0,nan,nan,,0.0,0.0,0.0,8.0,0.0,0.0,0.0,0.0,0.0,0.0,,,0.0,0,0.0,,0.0,0.0,0,0.0,0.0,,nan,0.0
2019,PL,東北楽天ゴールデンイーグルス,51055137,則本　昂大,T.Norimoto,12.0,0.0,0.0,0.0,0.0,0.0,0.0,0.0,0.0,0.0,0.0,0,0.0,0.0,0.0,0,0.0,0.0,0.0,,,,0.0,0.0,0.0,0.0,,nan,nan,nan,nan,0.0,0.0,nan,nan,,0.0,0.0,0.0,12.0,0.0,0.0,0.0,0.0,0.0,0.0,,,0.0,0,0.0,,0.0,0.0,0,0.0,0.0,,nan,0.0
2019,PL,東北楽天ゴールデンイーグルス,51155118,浅村　栄斗,H.Asamura,143.0,635.0,529.0,93.0,139.0,26.0,2.0,33.0,268.0,92.0,1.0,1,0.0,9.0,93.0,0,4.0,162.0,12.0,0.263,0.372,0.507,0.879,78.0,0.244,0.10899999999999999,0.616,14.645669291338583,25.511811023622048,0.5740740740740741,0.30903790087463556,0.29415,541.0,0.4215500945179584,0.9104477611940298,0.263,139.0,33.0,92.0,143.0,635.0,529.0,78.0,26.0,2.0,93.0,0.372,0.507,93.0,0,4.0,,268.0,1.0,1,0.0,9.0,,99.96141479099678,101.28999999999999
2019,PL,福岡ソフトバンクホークス,51155119,明石　健志,K.Akashi,99.0,315.0,282.0,31.0,70.0,12.0,3.0,5.0,103.0,21.0,6,2,5.0,1.0,26.0,0,1.0,66.0,6.0,0.248,0.313,0.365,0.6779999999999999,50.0,0.11699999999999999,0.065,0.43,8.253968253968253,20.952380952380953,0.3939393939393939,0.30660377358490565,0.2321,434.66666666666663,0.21631205673758866,0.6055045871559633,0.248,70.0,5.0,21.0,99.0,315.0,282.0,50.0,12.0,3.0,31.0,0.313,0.365,26.0,0,1.0,,103.0,6,2,5.0,1.0,,32.103896103896105,32.45399999999999
2019,PL,北海道日本ハムファイターズ,51155130,有原　航平,K.Arihara,24.0,4.0,2.0,0.0,0.0,0.0,0.0,0.0,0.0,0.0,0.0,0,2.0,0.0,0.0,0,0.0,1.0,0.0,0.0,0.0,0.0,0.0,0.0,0.0,0.0,0.0,0.0,25.0,0.0,0.0,0.0,0.0,0.0,0.0,0.0,0.0,0.0,0.0,24.0,4.0,2.0,0.0,0.0,0.0,0.0,0.0,0.0,0.0,0,0.0,,0.0,0.0,0,2.0,0.0,,0.0,-0.196
2019,PL,千葉ロッテマリーンズ,51155134,有吉　優樹,Y.Ariyoshi,2.0,0.0,0.0,0.0,0.0,0.0,0.0,0.0,0.0,0.0,0.0,0,0.0,0.0,0.0,0,0.0,0.0,0.0,,,,0.0,0.0,0.0,0.0,,nan,nan,nan,nan,0.0,0.0,nan,nan,,0.0,0.0,0.0,2.0,0.0,0.0,0.0,0.0,0.0,0.0,,,0.0,0,0.0,,0.0,0.0,0,0.0,0.0,,nan,0.0
2019,PL,オリックス・バファローズ,51155138,荒西　祐大,Y.Aranishi,13.0,3.0,3.0,0.0,0.0,0.0,0.0,0.0,0.0,0.0,0.0,0,0.0,0.0,0.0,0,0.0,1.0,0.0,0.0,0.0,0.0,0.0,0.0,0.0,0.0,0.0,0.0,33.33333333333333,0.0,0.0,0.0,0.0,0.0,0.0,0.0,0.0,0.0,0.0,13.0,3.0,3.0,0.0,0.0,0.0,0.0,0.0,0.0,0.0,0,0.0,,0.0,0.0,0,0.0,0.0,,0.0,-0.29400000000000004
2019,PL,埼玉西武ライオンズ,51255132,多和田　真三郎,S.Tawata,12.0,0.0,0.0,0.0,0.0,0.0,0.0,0.0,0.0,0.0,0.0,0,0.0,0.0,0.0,0,0.0,0.0,0.0,,,,0.0,0.0,0.0,0.0,,nan,nan,nan,nan,0.0,0.0,nan,nan,,0.0,0.0,0.0,12.0,0.0,0.0,0.0,0.0,0.0,0.0,,,0.0,0,0.0,,0.0,0.0,0,0.0,0.0,,nan,0.0
2019,PL,福岡ソフトバンクホークス,51255137,真砂　勇介,Y.Masago,12.0,23.0,21.0,4.0,3.0,0.0,0.0,0.0,3.0,1.0,2,0,1.0,0.0,1.0,0,0.0,11.0,0.0,0.143,0.182,0.143,0.32499999999999996,3.0,0.0,0.03900000000000001,0.182,4.3478260869565215,47.82608695652174,0.09090909090909091,0.3,0.11765,229.66666666666666,0.047619047619047616,0.2222222222222222,0.143,3.0,0.0,1.0,12.0,23.0,21.0,3.0,0.0,0.0,4.0,0.182,0.143,1.0,0,0.0,,3.0,2,0,1.0,0.0,,0.5454545454545454,0.06600000000000006
2019,PL,オリックス・バファローズ,51255138,中川　圭太,K.Nakagawa,111.0,396.0,364.0,39.0,105.0,21.0,2.0,3.0,139.0,32.0,9,5,4.0,2.0,25.0,0,1.0,62.0,6.0,0.288,0.334,0.382,0.716,79.0,0.09400000000000003,0.04600000000000004,0.428,6.313131313131313,15.656565656565657,0.4032258064516129,0.3388704318936877,0.24580000000000002,461.33333333333337,0.17582417582417584,0.6415094339622641,0.288,105.0,3.0,32.0,111.0,396.0,364.0,79.0,21.0,2.0,39.0,0.334,0.382,25.0,0,1.0,,139.0,9,5,4.0,2.0,,46.45244215938303,45.117999999999995
2019,PL,北海道日本ハムファイターズ,51355135,上沢　直之,N.Uwasawa,11.0,2.0,2.0,0.0,0.0,0.0,0.0,0.0,0.0,0.0,0.0,0,0.0,0.0,0.0,0,0.0,0.0,0.0,0.0,0.0,0.0,0.0,0.0,0.0,0.0,0.0,0.0,0.0,nan,0.0,0.0,0.0,0.0,0.0,0.0,0.0,0.0,0.0,11.0,2.0,2.0,0.0,0.0,0.0,0.0,0.0,0.0,0.0,0,0.0,,0.0,0.0,0,0.0,0.0,,0.0,-0.196
2019,PL,東北楽天ゴールデンイーグルス,51455118,橋本　到,I.Hashimoto,11.0,10.0,9.0,1.0,0.0,0.0,0.0,0.0,0.0,0.0,1,0,0.0,0.0,1.0,0,0.0,3.0,0.0,0.0,0.1,0.0,0.1,0.0,0.0,0.1,0.1,10.0,30.0,0.3333333333333333,0.0,0.045000000000000005,100.0,0.1111111111111111,0.1111111111111111,0.0,0.0,0.0,0.0,11.0,10.0,9.0,0.0,0.0,0.0,1.0,0.1,0.0,1.0,0,0.0,,0.0,1,0,0.0,0.0,,0.0,-0.552
2019,PL,千葉ロッテマリーンズ,51455130,中村　奨吾,S.Nakamura,143.0,586.0,512.0,68.0,119.0,22.0,0.0,17.0,192.0,59.0,12,6,6.0,3.0,53.0,0,12.0,96.0,10.0,0.232,0.317,0.375,0.692,80.0,0.143,0.08499999999999999,0.4599999999999999,9.044368600682594,16.38225255972696,0.5520833333333334,0.2537313432835821,0.2364,442.0,0.2578125,0.652605459057072,0.232,119.0,17.0,59.0,143.0,586.0,512.0,80.0,22.0,0.0,68.0,0.317,0.375,53.0,0,12.0,,192.0,12,6,6.0,3.0,,58.4495575221239,64.33600000000001
2019,PL,オリックス・バファローズ,51455131,松井　雅人,M.Matsui,24.0,42.0,36.0,5.0,7.0,0.0,0.0,0.0,7.0,2.0,0.0,0,3.0,0.0,3.0,0,0.0,7.0,0.0,0.194,0.256,0.194,0.45,7.0,0.0,0.062,0.256,7.142857142857142,16.666666666666664,0.42857142857142855,0.2413793103448276,0.1637,320.66666666666663,0.08333333333333333,0.3448275862068966,0.194,7.0,0.0,2.0,24.0,42.0,36.0,7.0,0.0,0.0,5.0,0.256,0.194,3.0,0,0.0,,7.0,0.0,0,3.0,0.0,,1.794871794871795,1.6480000000000001
2019,PL,千葉ロッテマリーンズ,51455139,三木　亮,R.Miki,89.0,145.0,126.0,20.0,27.0,3.0,0.0,2.0,36.0,15.0,5,0,8.0,1.0,6.0,0,4.0,38.0,1.0,0.214,0.27,0.286,0.556,22.0,0.07199999999999998,0.05600000000000002,0.3419999999999999,4.137931034482759,26.20689655172414,0.15789473684210525,0.28735632183908044,0.193,365.33333333333337,0.11904761904761904,0.46,0.214,27.0,2.0,15.0,89.0,145.0,126.0,22.0,3.0,0.0,20.0,0.27,0.286,6.0,0,4.0,,36.0,5,0,8.0,1.0,,9.0,9.638
2019,PL,東北楽天ゴールデンイーグルス,51555130,小野　郁,F.Ono,13.0,0.0,0.0,0.0,0.0,0.0,0.0,0.0,0.0,0.0,0.0,0,0.0,0.0,0.0,0,0.0,0.0,0.0,,,,0.0,0.0,0.0,0.0,,nan,nan,nan,nan,0.0,0.0,nan,nan,,0.0,0.0,0.0,13.0,0.0,0.0,0.0,0.0,0.0,0.0,,,0.0,0,0.0,,0.0,0.0,0,0.0,0.0,,nan,0.0
2019,PL,埼玉西武ライオンズ,51555131,小川　龍也,R.Ogawa,55.0,0.0,0.0,0.0,0.0,0.0,0.0,0.0,0.0,0.0,0.0,0,0.0,0.0,0.0,0,0.0,0.0,0.0,,,,0.0,0.0,0.0,0.0,,nan,nan,nan,nan,0.0,0.0,nan,nan,,0.0,0.0,0.0,55.0,0.0,0.0,0.0,0.0,0.0,0.0,,,0.0,0,0.0,,0.0,0.0,0,0.0,0.0,,nan,0.0
2019,PL,福岡ソフトバンクホークス,51555135,釜元　豪,G.Kamamoto,86.0,189.0,173.0,18.0,38.0,2.0,1.0,4.0,54.0,11.0,11,1,4.0,0.0,12.0,0,0.0,56.0,2.0,0.22,0.27,0.312,0.5820000000000001,31.0,0.092,0.05000000000000002,0.362,6.349206349206349,29.629629629629626,0.21428571428571427,0.3008849557522124,0.1995,374.0,0.1676300578034682,0.48905109489051096,0.22,38.0,4.0,11.0,86.0,189.0,173.0,31.0,2.0,1.0,18.0,0.27,0.312,12.0,0,0.0,,54.0,11,1,4.0,0.0,,14.594594594594595,14.650000000000002
2019,PL,北海道日本ハムファイターズ,51555137,鍵谷　陽平,Y.Kagiya,18.0,0.0,0.0,0.0,0.0,0.0,0.0,0.0,0.0,0.0,0.0,0,0.0,0.0,0.0,0,0.0,0.0,0.0,,,,0.0,0.0,0.0,0.0,,nan,nan,nan,nan,0.0,0.0,nan,nan,,0.0,0.0,0.0,18.0,0.0,0.0,0.0,0.0,0.0,0.0,,,0.0,0,0.0,,0.0,0.0,0,0.0,0.0,,nan,0.0
2019,PL,福岡ソフトバンクホークス,51555138,甲斐野　央,H.Kaino,66.0,0.0,0.0,0.0,0.0,0.0,0.0,0.0,0.0,0.0,0.0,0,0.0,0.0,0.0,0,0.0,0.0,0.0,,,,0.0,0.0,0.0,0.0,,nan,nan,nan,nan,0.0,0.0,nan,nan,,0.0,0.0,0.0,66.0,0.0,0.0,0.0,0.0,0.0,0.0,,,0.0,0,0.0,,0.0,0.0,0,0.0,0.0,,nan,0.0
2019,PL,福岡ソフトバンクホークス,51655112,松田　宣浩,N.Matsuda,143.0,576.0,534.0,64.0,139.0,25.0,2.0,30.0,258.0,76.0,5,3,2.0,4.0,33.0,0,3.0,115.0,14.0,0.26,0.305,0.483,0.788,82.0,0.22299999999999998,0.044999999999999984,0.528,5.729166666666666,19.96527777777778,0.28695652173913044,0.27735368956743,0.258,465.99999999999994,0.2902621722846442,0.726161369193154,0.26,139.0,30.0,76.0,143.0,576.0,534.0,82.0,25.0,2.0,64.0,0.305,0.483,33.0,0,3.0,,258.0,5,3,2.0,4.0,,78.26455026455027,77.99000000000001
2019,PL,北海道日本ハムファイターズ,51753888,實松　一成,K.Sanematsu,5.0,1.0,1.0,0.0,0.0,0.0,0.0,0.0,0.0,0.0,0.0,0,0.0,0.0,0.0,0,0.0,0.0,0.0,0.0,0.0,0.0,0.0,0.0,0.0,0.0,0.0,0.0,0.0,nan,0.0,0.0,0.0,0.0,0.0,0.0,0.0,0.0,0.0,5.0,1.0,1.0,0.0,0.0,0.0,0.0,0.0,0.0,0.0,0,0.0,,0.0,0.0,0,0.0,0.0,,0.0,-0.098
2019,PL,オリックス・バファローズ,51755112,岸田　護,M.Kishida,1.0,0.0,0.0,0.0,0.0,0.0,0.0,0.0,0.0,0.0,0.0,0,0.0,0.0,0.0,0,0.0,0.0,0.0,,,,0.0,0.0,0.0,0.0,,nan,nan,nan,nan,0.0,0.0,nan,nan,,0.0,0.0,0.0,1.0,0.0,0.0,0.0,0.0,0.0,0.0,,,0.0,0,0.0,,0.0,0.0,0,0.0,0.0,,nan,0.0
2019,PL,埼玉西武ライオンズ,51755115,栗山　巧,T.Kuriyama,123.0,466.0,409.0,35.0,103.0,21.0,0.0,7.0,145.0,54.0,0.0,0,3.0,3.0,48.0,0,3.0,100.0,13.0,0.252,0.333,0.355,0.688,75.0,0.10299999999999998,0.08100000000000002,0.436,10.300429184549357,21.45922746781116,0.48,0.31475409836065577,0.2386,451.33333333333337,0.2200488997555012,0.6144200626959248,0.252,103.0,7.0,54.0,123.0,466.0,409.0,75.0,21.0,0.0,35.0,0.333,0.355,48.0,0,3.0,,145.0,0.0,0,3.0,3.0,,47.91028446389497,49.542
2019,PL,東北楽天ゴールデンイーグルス,51755132,熊原　健人,K.Kumabara,1.0,0.0,0.0,0.0,0.0,0.0,0.0,0.0,0.0,0.0,0.0,0,0.0,0.0,0.0,0,0.0,0.0,0.0,,,,0.0,0.0,0.0,0.0,,nan,nan,nan,nan,0.0,0.0,nan,nan,,0.0,0.0,0.0,1.0,0.0,0.0,0.0,0.0,0.0,0.0,,,0.0,0,0.0,,0.0,0.0,0,0.0,0.0,,nan,0.0
2019,PL,オリックス・バファローズ,51755136,鈴木　康平,K.Suzuki,19.0,4.0,4.0,0.0,0.0,0.0,0.0,0.0,0.0,0.0,0.0,0,0.0,0.0,0.0,0,0.0,3.0,0.0,0.0,0.0,0.0,0.0,0.0,0.0,0.0,0.0,0.0,75.0,0.0,0.0,0.0,0.0,0.0,0.0,0.0,0.0,0.0,0.0,19.0,4.0,4.0,0.0,0.0,0.0,0.0,0.0,0.0,0.0,0,0.0,,0.0,0.0,0,0.0,0.0,,0.0,-0.392
2019,PL,オリックス・バファローズ,51755138,宜保　翔,S.Gibo,8.0,28.0,26.0,0.0,6.0,1.0,0.0,0.0,7.0,0.0,0.0,0,0.0,0.0,2.0,0,0.0,7.0,0.0,0.231,0.286,0.269,0.5549999999999999,5.0,0.038000000000000006,0.054999999999999966,0.3239999999999999,7.142857142857142,25.0,0.2857142857142857,0.3157894736842105,0.19594999999999999,375.66666666666663,0.11538461538461539,0.45,0.231,6.0,0.0,0.0,8.0,28.0,26.0,5.0,1.0,0.0,0.0,0.286,0.269,2.0,0,0.0,,7.0,0.0,0,0.0,0.0,,2.0,1.92
2019,PL,北海道日本ハムファイターズ,51855134,堀　瑞輝,M.Hori,53.0,0.0,0.0,0.0,0.0,0.0,0.0,0.0,0.0,0.0,0.0,0,0.0,0.0,0.0,0,0.0,0.0,0.0,,,,0.0,0.0,0.0,0.0,,nan,nan,nan,nan,0.0,0.0,nan,nan,,0.0,0.0,0.0,53.0,0.0,0.0,0.0,0.0,0.0,0.0,,,0.0,0,0.0,,0.0,0.0,0,0.0,0.0,,nan,0.0
2019,PL,オリックス・バファローズ,51855137,B.ディクソン,B.Dickson,37.0,0.0,0.0,0.0,0.0,0.0,0.0,0.0,0.0,0.0,0.0,0,0.0,0.0,0.0,0,0.0,0.0,0.0,,,,0.0,0.0,0.0,0.0,,nan,nan,nan,nan,0.0,0.0,nan,nan,,0.0,0.0,0.0,37.0,0.0,0.0,0.0,0.0,0.0,0.0,,,0.0,0,0.0,,0.0,0.0,0,0.0,0.0,,nan,0.0
2019,PL,福岡ソフトバンクホークス,51955136,椎野　新,A.Shiino,36.0,0.0,0.0,0.0,0.0,0.0,0.0,0.0,0.0,0.0,0.0,0,0.0,0.0,0.0,0,0.0,0.0,0.0,,,,0.0,0.0,0.0,0.0,,nan,nan,nan,nan,0.0,0.0,nan,nan,,0.0,0.0,0.0,36.0,0.0,0.0,0.0,0.0,0.0,0.0,,,0.0,0,0.0,,0.0,0.0,0,0.0,0.0,,nan,0.0
2019,PL,オリックス・バファローズ,53355134,山本　由伸,Y.Yamamoto,20.0,2.0,1.0,0.0,0.0,0.0,0.0,0.0,0.0,0.0,0.0,0,1.0,0.0,0.0,0,0.0,0.0,0.0,0.0,0.0,0.0,0.0,0.0,0.0,0.0,0.0,0.0,0.0,nan,0.0,0.0,0.0,0.0,0.0,0.0,0.0,0.0,0.0,20.0,2.0,1.0,0.0,0.0,0.0,0.0,0.0,0.0,0.0,0,0.0,,0.0,0.0,0,1.0,0.0,,0.0,-0.098
2019,PL,千葉ロッテマリーンズ,53355138,K.バルガス,K.Vargas,35.0,102.0,84.0,4.0,15.0,5.0,0.0,1.0,23.0,6.0,0.0,0,0.0,0.0,16.0,0,2.0,36.0,2.0,0.179,0.324,0.274,0.5980000000000001,9.0,0.09500000000000003,0.14500000000000002,0.419,15.686274509803921,35.294117647058826,0.4444444444444444,0.2978723404255319,0.21430000000000002,415.3333333333333,0.2857142857142857,0.5774647887323944,0.179,15.0,1.0,6.0,35.0,102.0,84.0,9.0,5.0,0.0,4.0,0.324,0.274,16.0,0,2.0,,23.0,0.0,0,0.0,0.0,,7.13,8.718
2019,PL,福岡ソフトバンクホークス,53555132,R.スアレス,R.Suarez,9.0,1.0,1.0,0.0,0.0,0.0,0.0,0.0,0.0,0.0,0.0,0,0.0,0.0,0.0,0,0.0,1.0,0.0,0.0,0.0,0.0,0.0,0.0,0.0,0.0,0.0,0.0,100.0,0.0,nan,0.0,0.0,0.0,0.0,0.0,0.0,0.0,0.0,9.0,1.0,1.0,0.0,0.0,0.0,0.0,0.0,0.0,0.0,0,0.0,,0.0,0.0,0,0.0,0.0,,0.0,-0.098
2019,PL,千葉ロッテマリーンズ,53555138,J.レイビン,J.Ravin,2.0,0.0,0.0,0.0,0.0,0.0,0.0,0.0,0.0,0.0,0.0,0,0.0,0.0,0.0,0,0.0,0.0,0.0,,,,0.0,0.0,0.0,0.0,,nan,nan,nan,nan,0.0,0.0,nan,nan,,0.0,0.0,0.0,2.0,0.0,0.0,0.0,0.0,0.0,0.0,,,0.0,0,0.0,,0.0,0.0,0,0.0,0.0,,nan,0.0
2019,PL,オリックス・バファローズ,53755136,S.モヤ,S.Moya,64.0,255.0,242.0,24.0,59.0,7.0,0.0,10.0,96.0,35.0,0.0,0,0.0,1.0,10.0,0,2.0,59.0,7.0,0.244,0.278,0.397,0.675,42.0,0.15300000000000002,0.03400000000000003,0.431,3.9215686274509802,23.137254901960784,0.1694915254237288,0.28160919540229884,0.22435000000000002,410.3333333333333,0.19421487603305784,0.5684210526315789,0.244,59.0,10.0,35.0,64.0,255.0,242.0,42.0,7.0,0.0,24.0,0.278,0.397,10.0,0,2.0,,96.0,0.0,0,0.0,1.0,,26.285714285714285,26.465999999999998
2019,PL,北海道日本ハムファイターズ,61065116,中田　翔,S.Nakata,124.0,514.0,450.0,55.0,109.0,21.0,0.0,24.0,202.0,80.0,0.0,0,0.0,4.0,55.0,0,5.0,83.0,16.0,0.242,0.329,0.449,0.778,64.0,0.20700000000000002,0.08700000000000002,0.536,10.700389105058365,16.147859922178988,0.6626506024096386,0.24495677233429394,0.26030000000000003,478.6666666666667,0.3288888888888889,0.7338935574229691,0.242,109.0,24.0,80.0,124.0,514.0,450.0,64.0,21.0,0.0,55.0,0.329,0.449,55.0,0,5.0,,202.0,0.0,0,0.0,4.0,,65.6,68.06200000000001
2019,PL,北海道日本ハムファイターズ,61065136,田中　瑛斗,E.Tanaka,1.0,0.0,0.0,0.0,0.0,0.0,0.0,0.0,0.0,0.0,0.0,0,0.0,0.0,0.0,0,0.0,0.0,0.0,,,,0.0,0.0,0.0,0.0,,nan,nan,nan,nan,0.0,0.0,nan,nan,,0.0,0.0,0.0,1.0,0.0,0.0,0.0,0.0,0.0,0.0,,,0.0,0,0.0,,0.0,0.0,0,0.0,0.0,,nan,0.0
2019,PL,オリックス・バファローズ,61065137,伏見　寅威,T.Fushimi,39.0,72.0,61.0,4.0,10.0,0.0,0.0,1.0,13.0,9.0,0,1,0.0,1.0,8.0,0,2.0,16.0,2.0,0.164,0.278,0.213,0.491,9.0,0.04899999999999999,0.11400000000000002,0.327,11.11111111111111,22.22222222222222,0.5,0.2,0.17835,349.00000000000006,0.19672131147540983,0.4528301886792453,0.164,10.0,1.0,9.0,39.0,72.0,61.0,9.0,0.0,0.0,4.0,0.278,0.213,8.0,0,2.0,,13.0,0,1,0.0,1.0,,3.391304347826087,4.422
2019,PL,オリックス・バファローズ,61065138,富山　凌雅,R.Tomiyama,1.0,0.0,0.0,0.0,0.0,0.0,0.0,0.0,0.0,0.0,0.0,0,0.0,0.0,0.0,0,0.0,0.0,0.0,,,,0.0,0.0,0.0,0.0,,nan,nan,nan,nan,0.0,0.0,nan,nan,,0.0,0.0,0.0,1.0,0.0,0.0,0.0,0.0,0.0,0.0,,,0.0,0,0.0,,0.0,0.0,0,0.0,0.0,,nan,0.0
2019,PL,北海道日本ハムファイターズ,61165130,石川　直也,N.Ishikawa,60.0,0.0,0.0,0.0,0.0,0.0,0.0,0.0,0.0,0.0,0.0,0,0.0,0.0,0.0,0,0.0,0.0,0.0,,,,0.0,0.0,0.0,0.0,,nan,nan,nan,nan,0.0,0.0,nan,nan,,0.0,0.0,0.0,60.0,0.0,0.0,0.0,0.0,0.0,0.0,,,0.0,0,0.0,,0.0,0.0,0,0.0,0.0,,nan,0.0
2019,PL,東北楽天ゴールデンイーグルス,61165134,石原　彪,T.Ishihara,4.0,7.0,7.0,0.0,0.0,0.0,0.0,0.0,0.0,0.0,0.0,0,0.0,0.0,0.0,0,0.0,5.0,0.0,0.0,0.0,0.0,0.0,0.0,0.0,0.0,0.0,0.0,71.42857142857143,0.0,0.0,0.0,0.0,0.0,0.0,0.0,0.0,0.0,0.0,4.0,7.0,7.0,0.0,0.0,0.0,0.0,0.0,0.0,0.0,0,0.0,,0.0,0.0,0,0.0,0.0,,0.0,-0.686
2019,PL,福岡ソフトバンクホークス,61165139,石川　柊太,S.Ishikawa,2.0,0.0,0.0,0.0,0.0,0.0,0.0,0.0,0.0,0.0,0.0,0,0.0,0.0,0.0,0,0.0,0.0,0.0,,,,0.0,0.0,0.0,0.0,,nan,nan,nan,nan,0.0,0.0,nan,nan,,0.0,0.0,0.0,2.0,0.0,0.0,0.0,0.0,0.0,0.0,,,0.0,0,0.0,,0.0,0.0,0,0.0,0.0,,nan,0.0
2019,PL,福岡ソフトバンクホークス,61265118,二保　旭,A.Niho,8.0,0.0,0.0,0.0,0.0,0.0,0.0,0.0,0.0,0.0,0.0,0,0.0,0.0,0.0,0,0.0,0.0,0.0,,,,0.0,0.0,0.0,0.0,,nan,nan,nan,nan,0.0,0.0,nan,nan,,0.0,0.0,0.0,8.0,0.0,0.0,0.0,0.0,0.0,0.0,,,0.0,0,0.0,,0.0,0.0,0,0.0,0.0,,nan,0.0
2019,PL,埼玉西武ライオンズ,61265137,水口　大地,D.Mizuguchi,20.0,11.0,10.0,5.0,0.0,0.0,0.0,0.0,0.0,0.0,2,0,0.0,0.0,1.0,0,0.0,4.0,0.0,0.0,0.091,0.0,0.091,0.0,0.0,0.091,0.091,9.090909090909092,36.36363636363637,0.25,0.0,0.04095,91.0,0.1,0.1,0.0,0.0,0.0,0.0,20.0,11.0,10.0,0.0,0.0,0.0,5.0,0.091,0.0,1.0,0,0.0,,0.0,2,0,0.0,0.0,,0.0,-0.6499999999999999
2019,PL,オリックス・バファローズ,61365112,T-岡田,T.Teぃokada（okada,20.0,56.0,50.0,4.0,6.0,0.0,0.0,1.0,9.0,2.0,0.0,0,0.0,0.0,6.0,0,0.0,19.0,3.0,0.12,0.214,0.18,0.394,5.0,0.06,0.094,0.274,10.714285714285714,33.92857142857143,0.3157894736842105,0.16666666666666666,0.14129999999999998,274.0,0.18,0.3191489361702128,0.12,6.0,1.0,2.0,20.0,56.0,50.0,5.0,0.0,0.0,4.0,0.214,0.18,6.0,0,0.0,,9.0,0.0,0,0.0,0.0,,1.9285714285714286,1.6079999999999997
2019,PL,北海道日本ハムファイターズ,61365132,宇佐見　真吾,S.Usami,45.0,103.0,96.0,4.0,19.0,3.0,0.0,0.0,22.0,9.0,0.0,0,1.0,0.0,6.0,0,0.0,19.0,4.0,0.198,0.245,0.229,0.474,16.0,0.031,0.046999999999999986,0.276,5.825242718446602,18.446601941747574,0.3157894736842105,0.24675324675324675,0.1675,321.33333333333337,0.09375,0.345679012345679,0.198,19.0,0.0,9.0,45.0,103.0,96.0,16.0,3.0,0.0,4.0,0.245,0.229,6.0,0,0.0,,22.0,0.0,0,1.0,0.0,,5.392156862745098,4.594
2019,PL,千葉ロッテマリーンズ,61365133,江村　直也,N.Emura,23.0,35.0,31.0,3.0,3.0,0.0,0.0,1.0,6.0,4.0,0.0,0,2.0,0.0,2.0,0,0.0,10.0,2.0,0.097,0.152,0.194,0.346,2.0,0.097,0.05499999999999999,0.249,5.714285714285714,28.57142857142857,0.2,0.1,0.1169,216.66666666666669,0.16129032258064516,0.26666666666666666,0.097,3.0,1.0,4.0,23.0,35.0,31.0,2.0,0.0,0.0,3.0,0.152,0.194,2.0,0,0.0,,6.0,0.0,0,2.0,0.0,,0.9090909090909091,0.35599999999999987
2019,PL,オリックス・バファローズ,61365135,海田　智行,T.Kaida,55.0,0.0,0.0,0.0,0.0,0.0,0.0,0.0,0.0,0.0,0.0,0,0.0,0.0,0.0,0,0.0,0.0,0.0,,,,0.0,0.0,0.0,0.0,,nan,nan,nan,nan,0.0,0.0,nan,nan,,0.0,0.0,0.0,55.0,0.0,0.0,0.0,0.0,0.0,0.0,,,0.0,0,0.0,,0.0,0.0,0,0.0,0.0,,nan,0.0
2019,PL,福岡ソフトバンクホークス,61365138,奥村　政稔,M.Okumura,12.0,0.0,0.0,0.0,0.0,0.0,0.0,0.0,0.0,0.0,0.0,0,0.0,0.0,0.0,0,0.0,0.0,0.0,,,,0.0,0.0,0.0,0.0,,nan,nan,nan,nan,0.0,0.0,nan,nan,,0.0,0.0,0.0,12.0,0.0,0.0,0.0,0.0,0.0,0.0,,,0.0,0,0.0,,0.0,0.0,0,0.0,0.0,,nan,0.0
2019,PL,オリックス・バファローズ,61465131,山田　修義,N.Yamada,40.0,0.0,0.0,0.0,0.0,0.0,0.0,0.0,0.0,0.0,0.0,0,0.0,0.0,0.0,0,0.0,0.0,0.0,,,,0.0,0.0,0.0,0.0,,nan,nan,nan,nan,0.0,0.0,nan,nan,,0.0,0.0,0.0,40.0,0.0,0.0,0.0,0.0,0.0,0.0,,,0.0,0,0.0,,0.0,0.0,0,0.0,0.0,,nan,0.0
2019,PL,福岡ソフトバンクホークス,61465133,牧原　大成,T.Makihara,114.0,436.0,409.0,37.0,99.0,14.0,2.0,3.0,126.0,27.0,10,13,12.0,1.0,10.0,0,4.0,85.0,2.0,0.242,0.267,0.308,0.575,80.0,0.066,0.025000000000000022,0.333,2.293577981651376,19.495412844036696,0.11764705882352941,0.2981366459627329,0.19715,369.6666666666667,0.12224938875305623,0.49038461538461536,0.242,99.0,3.0,27.0,114.0,436.0,409.0,80.0,14.0,2.0,37.0,0.267,0.308,10.0,0,4.0,,126.0,10,13,12.0,1.0,,32.77804295942721,33.059999999999995
2019,PL,オリックス・バファローズ,61465138,左澤　優,Y.Hidarisawa,4.0,0.0,0.0,0.0,0.0,0.0,0.0,0.0,0.0,0.0,0.0,0,0.0,0.0,0.0,0,0.0,0.0,0.0,,,,0.0,0.0,0.0,0.0,,nan,nan,nan,nan,0.0,0.0,nan,nan,,0.0,0.0,0.0,4.0,0.0,0.0,0.0,0.0,0.0,0.0,,,0.0,0,0.0,,0.0,0.0,0,0.0,0.0,,nan,0.0
2019,PL,福岡ソフトバンクホークス,61665130,松本　裕樹,Y.Matsumoto,7.0,3.0,2.0,0.0,1.0,1.0,0.0,0.0,2.0,1.0,0.0,0,1.0,0.0,0.0,0,0.0,1.0,0.0,0.5,0.5,1.0,1.5,0.0,0.5,0.0,1.0,0.0,33.33333333333333,0.0,1.0,0.475,833.3333333333333,0.5,2.0,0.5,1.0,0.0,1.0,7.0,3.0,2.0,0.0,1.0,0.0,0.0,0.5,1.0,0.0,0,0.0,,2.0,0.0,0,1.0,0.0,,1.0,0.622
2019,PL,東北楽天ゴールデンイーグルス,61665134,藤平　尚真,S.Fujihira,3.0,0.0,0.0,0.0,0.0,0.0,0.0,0.0,0.0,0.0,0.0,0,0.0,0.0,0.0,0,0.0,0.0,0.0,,,,0.0,0.0,0.0,0.0,,nan,nan,nan,nan,0.0,0.0,nan,nan,,0.0,0.0,0.0,3.0,0.0,0.0,0.0,0.0,0.0,0.0,,,0.0,0,0.0,,0.0,0.0,0,0.0,0.0,,nan,0.0
2019,PL,東北楽天ゴールデンイーグルス,61665139,和田　恋,R.Wada,31.0,113.0,107.0,7.0,27.0,4.0,1.0,2.0,39.0,11.0,0.0,0,1.0,1.0,3.0,0,1.0,32.0,4.0,0.252,0.277,0.364,0.641,20.0,0.11199999999999999,0.025000000000000022,0.389,2.6548672566371683,28.31858407079646,0.09375,0.33783783783783783,0.21565,398.33333333333337,0.14018691588785046,0.5119047619047619,0.252,27.0,2.0,11.0,31.0,113.0,107.0,20.0,4.0,1.0,7.0,0.277,0.364,3.0,0,1.0,,39.0,0.0,0,1.0,1.0,,10.636363636363637,10.279999999999998
2019,PL,千葉ロッテマリーンズ,61765134,酒居　知史,T.Sakai,54.0,0.0,0.0,0.0,0.0,0.0,0.0,0.0,0.0,0.0,0.0,0,0.0,0.0,0.0,0,0.0,0.0,0.0,,,,0.0,0.0,0.0,0.0,,nan,nan,nan,nan,0.0,0.0,nan,nan,,0.0,0.0,0.0,54.0,0.0,0.0,0.0,0.0,0.0,0.0,,,0.0,0,0.0,,0.0,0.0,0,0.0,0.0,,nan,0.0
2019,PL,北海道日本ハムファイターズ,61765139,杉浦　稔大,T.Sugiura,14.0,0.0,0.0,0.0,0.0,0.0,0.0,0.0,0.0,0.0,0.0,0,0.0,0.0,0.0,0,0.0,0.0,0.0,,,,0.0,0.0,0.0,0.0,,nan,nan,nan,nan,0.0,0.0,nan,nan,,0.0,0.0,0.0,14.0,0.0,0.0,0.0,0.0,0.0,0.0,,,0.0,0,0.0,,0.0,0.0,0,0.0,0.0,,nan,0.0
2019,PL,東北楽天ゴールデンイーグルス,61865132,茂木　栄五郎,E.Mogi,141.0,648.0,568.0,86.0,160.0,28.0,6.0,13.0,239.0,55.0,7,5,9.0,2.0,66.0,0,3.0,121.0,7.0,0.282,0.358,0.421,0.7789999999999999,113.0,0.139,0.07600000000000001,0.497,10.185185185185185,18.67283950617284,0.5454545454545454,0.33715596330275227,0.26635,498.3333333333333,0.2640845070422535,0.7542168674698795,0.282,160.0,13.0,55.0,141.0,648.0,568.0,113.0,28.0,6.0,86.0,0.358,0.421,66.0,0,3.0,,239.0,7,5,9.0,2.0,,85.1955835962145,85.30599999999998
2019,PL,東北楽天ゴールデンイーグルス,61865138,弓削　隼人,H.Yuge,8.0,0.0,0.0,0.0,0.0,0.0,0.0,0.0,0.0,0.0,0.0,0,0.0,0.0,0.0,0,0.0,0.0,0.0,,,,0.0,0.0,0.0,0.0,,nan,nan,nan,nan,0.0,0.0,nan,nan,,0.0,0.0,0.0,8.0,0.0,0.0,0.0,0.0,0.0,0.0,,,0.0,0,0.0,,0.0,0.0,0,0.0,0.0,,nan,0.0
2019,PL,北海道日本ハムファイターズ,61965130,清水　優心,Y.Shimizu,98.0,246.0,216.0,17.0,56.0,8.0,0.0,5.0,79.0,24.0,0,1,9.0,1.0,19.0,0,1.0,51.0,6.0,0.259,0.321,0.366,0.687,43.0,0.10699999999999998,0.062,0.428,7.723577235772358,20.73170731707317,0.37254901960784315,0.3167701863354037,0.23595,443.0,0.19907407407407407,0.6024096385542169,0.259,56.0,5.0,24.0,98.0,246.0,216.0,43.0,8.0,0.0,17.0,0.321,0.366,19.0,0,1.0,,79.0,0,1,9.0,1.0,,25.21276595744681,25.559999999999995
2019,PL,オリックス・バファローズ,61965132,杉本　裕太郎,Y.Sugimoto,18.0,51.0,51.0,5.0,8.0,1.0,0.0,4.0,21.0,7.0,1,0,0.0,0.0,0.0,0,0.0,22.0,2.0,0.157,0.157,0.412,0.569,3.0,0.255,0.0,0.412,0.0,43.13725490196079,0.0,0.16,0.17365,294.3333333333333,0.2549019607843137,0.4666666666666667,0.157,8.0,4.0,7.0,18.0,51.0,51.0,3.0,1.0,0.0,5.0,0.157,0.412,0.0,0,0.0,,21.0,1,0,0.0,0.0,,3.2941176470588234,3.765999999999999
2019,PL,埼玉西武ライオンズ,63165130,郭　俊麟,J.Kuぉ,2.0,0.0,0.0,0.0,0.0,0.0,0.0,0.0,0.0,0.0,0.0,0,0.0,0.0,0.0,0,0.0,0.0,0.0,,,,0.0,0.0,0.0,0.0,,nan,nan,nan,nan,0.0,0.0,nan,nan,,0.0,0.0,0.0,2.0,0.0,0.0,0.0,0.0,0.0,0.0,,,0.0,0,0.0,,0.0,0.0,0,0.0,0.0,,nan,0.0
2019,PL,オリックス・バファローズ,63165132,吉田　正尚,M.Yoshida,143.0,610.0,521.0,92.0,168.0,24.0,2.0,29.0,283.0,85.0,5,1,0.0,5.0,79.0,0,5.0,64.0,12.0,0.322,0.413,0.543,0.956,113.0,0.22100000000000003,0.09099999999999997,0.634,12.950819672131148,10.491803278688524,1.234375,0.3210161662817552,0.3216,594.0,0.3742802303262956,1.0082191780821919,0.322,168.0,29.0,85.0,143.0,610.0,521.0,113.0,24.0,2.0,92.0,0.413,0.543,79.0,0,5.0,,283.0,5,1,0.0,5.0,,116.50166666666667,110.92600000000002
2019,PL,福岡ソフトバンクホークス,63965134,L.モイネロ,L.Moinelo,60.0,0.0,0.0,0.0,0.0,0.0,0.0,0.0,0.0,0.0,0.0,0,0.0,0.0,0.0,0,0.0,0.0,0.0,,,,0.0,0.0,0.0,0.0,,nan,nan,nan,nan,0.0,0.0,nan,nan,,0.0,0.0,0.0,60.0,0.0,0.0,0.0,0.0,0.0,0.0,,,0.0,0,0.0,,0.0,0.0,0,0.0,0.0,,nan,0.0
2019,PL,福岡ソフトバンクホークス,63965136,A.ミランダ,A.Miranda,18.0,0.0,0.0,0.0,0.0,0.0,0.0,0.0,0.0,0.0,0.0,0,0.0,0.0,0.0,0,0.0,0.0,0.0,,,,0.0,0.0,0.0,0.0,,nan,nan,nan,nan,0.0,0.0,nan,nan,,0.0,0.0,0.0,18.0,0.0,0.0,0.0,0.0,0.0,0.0,,,0.0,0,0.0,,0.0,0.0,0,0.0,0.0,,nan,0.0
2019,PL,埼玉西武ライオンズ,71075130,髙橋　光成,K.Takahashi,21.0,5.0,5.0,0.0,0.0,0.0,0.0,0.0,0.0,0.0,0.0,0,0.0,0.0,0.0,0,0.0,4.0,0.0,0.0,0.0,0.0,0.0,0.0,0.0,0.0,0.0,0.0,80.0,0.0,0.0,0.0,0.0,0.0,0.0,0.0,0.0,0.0,0.0,21.0,5.0,5.0,0.0,0.0,0.0,0.0,0.0,0.0,0.0,0,0.0,,0.0,0.0,0,0.0,0.0,,0.0,-0.49
2019,PL,福岡ソフトバンクホークス,71075132,髙橋　純平,J.Takahashi,45.0,0.0,0.0,0.0,0.0,0.0,0.0,0.0,0.0,0.0,0.0,0,0.0,0.0,0.0,0,0.0,0.0,0.0,,,,0.0,0.0,0.0,0.0,,nan,nan,nan,nan,0.0,0.0,nan,nan,,0.0,0.0,0.0,45.0,0.0,0.0,0.0,0.0,0.0,0.0,,,0.0,0,0.0,,0.0,0.0,0,0.0,0.0,,nan,0.0
2019,PL,埼玉西武ライオンズ,71075136,高木　渉,W.Takagi,1.0,1.0,1.0,0.0,0.0,0.0,0.0,0.0,0.0,0.0,0.0,0,0.0,0.0,0.0,0,0.0,0.0,0.0,0.0,0.0,0.0,0.0,0.0,0.0,0.0,0.0,0.0,0.0,nan,0.0,0.0,0.0,0.0,0.0,0.0,0.0,0.0,0.0,1.0,1.0,1.0,0.0,0.0,0.0,0.0,0.0,0.0,0.0,0,0.0,,0.0,0.0,0,0.0,0.0,,0.0,-0.098
2019,PL,千葉ロッテマリーンズ,71175116,阿部　和成,K.Abe,4.0,0.0,0.0,0.0,0.0,0.0,0.0,0.0,0.0,0.0,0.0,0,0.0,0.0,0.0,0,0.0,0.0,0.0,,,,0.0,0.0,0.0,0.0,,nan,nan,nan,nan,0.0,0.0,nan,nan,,0.0,0.0,0.0,4.0,0.0,0.0,0.0,0.0,0.0,0.0,,,0.0,0,0.0,,0.0,0.0,0,0.0,0.0,,nan,0.0
2019,PL,東北楽天ゴールデンイーグルス,71175130,安樂　智大,T.Anraku,9.0,0.0,0.0,0.0,0.0,0.0,0.0,0.0,0.0,0.0,0.0,0,0.0,0.0,0.0,0,0.0,0.0,0.0,,,,0.0,0.0,0.0,0.0,,nan,nan,nan,nan,0.0,0.0,nan,nan,,0.0,0.0,0.0,9.0,0.0,0.0,0.0,0.0,0.0,0.0,,,0.0,0,0.0,,0.0,0.0,0,0.0,0.0,,nan,0.0
2019,PL,オリックス・バファローズ,71175134,飯田　大祐,D.Iida,8.0,16.0,13.0,0.0,0.0,0.0,0.0,0.0,0.0,0.0,0.0,0,3.0,0.0,0.0,0,0.0,4.0,1.0,0.0,0.0,0.0,0.0,0.0,0.0,0.0,0.0,0.0,25.0,0.0,0.0,0.0,0.0,0.0,0.0,0.0,0.0,0.0,0.0,8.0,16.0,13.0,0.0,0.0,0.0,0.0,0.0,0.0,0.0,0,0.0,,0.0,0.0,0,3.0,0.0,,0.0,-1.274
2019,PL,埼玉西武ライオンズ,71175138,粟津　凱士,K.Awatsu,1.0,0.0,0.0,0.0,0.0,0.0,0.0,0.0,0.0,0.0,0.0,0,0.0,0.0,0.0,0,0.0,0.0,0.0,,,,0.0,0.0,0.0,0.0,,nan,nan,nan,nan,0.0,0.0,nan,nan,,0.0,0.0,0.0,1.0,0.0,0.0,0.0,0.0,0.0,0.0,,,0.0,0,0.0,,0.0,0.0,0,0.0,0.0,,nan,0.0
2019,PL,北海道日本ハムファイターズ,71275117,鶴岡　慎也,S.Tsuruoka,35.0,69.0,62.0,4.0,11.0,2.0,0.0,1.0,16.0,4.0,0.0,0,4.0,0.0,3.0,0,0.0,13.0,2.0,0.177,0.215,0.258,0.473,8.0,0.08100000000000002,0.038000000000000006,0.296,4.3478260869565215,18.84057971014493,0.23076923076923078,0.20833333333333334,0.16125,301.0,0.12903225806451613,0.3584905660377358,0.177,11.0,1.0,4.0,35.0,69.0,62.0,8.0,2.0,0.0,4.0,0.215,0.258,3.0,0,0.0,,16.0,0.0,0,4.0,0.0,,3.4461538461538463,2.871999999999999
2019,PL,千葉ロッテマリーンズ,71275134,種市　篤暉,A.Taneichi,26.0,1.0,1.0,0.0,0.0,0.0,0.0,0.0,0.0,0.0,0.0,0,0.0,0.0,0.0,0,0.0,1.0,0.0,0.0,0.0,0.0,0.0,0.0,0.0,0.0,0.0,0.0,100.0,0.0,nan,0.0,0.0,0.0,0.0,0.0,0.0,0.0,0.0,26.0,1.0,1.0,0.0,0.0,0.0,0.0,0.0,0.0,0.0,0,0.0,,0.0,0.0,0,0.0,0.0,,0.0,-0.098
2019,PL,東北楽天ゴールデンイーグルス,71275136,寺岡　寛治,K.Teraoka,1.0,0.0,0.0,0.0,0.0,0.0,0.0,0.0,0.0,0.0,0.0,0,0.0,0.0,0.0,0,0.0,0.0,0.0,,,,0.0,0.0,0.0,0.0,,nan,nan,nan,nan,0.0,0.0,nan,nan,,0.0,0.0,0.0,1.0,0.0,0.0,0.0,0.0,0.0,0.0,,,0.0,0,0.0,,0.0,0.0,0,0.0,0.0,,nan,0.0
2019,PL,埼玉西武ライオンズ,71275137,増田　達至,T.Masuda,65.0,0.0,0.0,0.0,0.0,0.0,0.0,0.0,0.0,0.0,0.0,0,0.0,0.0,0.0,0,0.0,0.0,0.0,,,,0.0,0.0,0.0,0.0,,nan,nan,nan,nan,0.0,0.0,nan,nan,,0.0,0.0,0.0,65.0,0.0,0.0,0.0,0.0,0.0,0.0,,,0.0,0,0.0,,0.0,0.0,0,0.0,0.0,,nan,0.0
2019,PL,東北楽天ゴールデンイーグルス,71375112,銀次,G.Ginji（akaminai,141.0,590.0,529.0,56.0,161.0,24.0,1.0,5.0,202.0,56.0,2,5,4.0,1.0,52.0,0,4.0,58.0,19.0,0.304,0.37,0.382,0.752,131.0,0.07800000000000001,0.066,0.448,8.813559322033898,9.830508474576272,0.896551724137931,0.3340471092077088,0.262,497.3333333333333,0.18525519848771266,0.6795865633074936,0.304,161.0,5.0,56.0,141.0,590.0,529.0,131.0,24.0,1.0,56.0,0.37,0.382,52.0,0,4.0,,202.0,2,5,4.0,1.0,,74.05507745266782,74.33600000000001
2019,PL,東北楽天ゴールデンイーグルス,71375132,石橋　良太,R.Ishibashi,28.0,3.0,3.0,1.0,0.0,0.0,0.0,0.0,0.0,0.0,0.0,0,0.0,0.0,0.0,0,0.0,2.0,0.0,0.0,0.0,0.0,0.0,0.0,0.0,0.0,0.0,0.0,66.66666666666666,0.0,0.0,0.0,0.0,0.0,0.0,0.0,0.0,0.0,0.0,28.0,3.0,3.0,0.0,0.0,0.0,1.0,0.0,0.0,0.0,0,0.0,,0.0,0.0,0,0.0,0.0,,0.0,-0.29400000000000004
2019,PL,オリックス・バファローズ,71375133,岩本　輝,A.Iwamoto,9.0,0.0,0.0,0.0,0.0,0.0,0.0,0.0,0.0,0.0,0.0,0,0.0,0.0,0.0,0,0.0,0.0,0.0,,,,0.0,0.0,0.0,0.0,,nan,nan,nan,nan,0.0,0.0,nan,nan,,0.0,0.0,0.0,9.0,0.0,0.0,0.0,0.0,0.0,0.0,,,0.0,0,0.0,,0.0,0.0,0,0.0,0.0,,nan,0.0
2019,PL,東北楽天ゴールデンイーグルス,71375138,太田　光,H.Oota,55.0,112.0,96.0,10.0,21.0,2.0,0.0,1.0,26.0,6.0,1,0,8.0,0.0,7.0,0,1.0,23.0,2.0,0.219,0.279,0.271,0.55,18.0,0.05200000000000002,0.060000000000000026,0.331,6.25,20.535714285714285,0.30434782608695654,0.2777777777777778,0.19330000000000003,369.33333333333337,0.125,0.44155844155844154,0.219,21.0,1.0,6.0,55.0,112.0,96.0,18.0,2.0,0.0,10.0,0.279,0.271,7.0,0,1.0,,26.0,1,0,8.0,0.0,,7.067961165048544,7.169999999999999
2019,PL,オリックス・バファローズ,71475113,山崎　勝己,K.Yamazaki,24.0,8.0,8.0,0.0,0.0,0.0,0.0,0.0,0.0,0.0,0.0,0,0.0,0.0,0.0,0,0.0,5.0,1.0,0.0,0.0,0.0,0.0,0.0,0.0,0.0,0.0,0.0,62.5,0.0,0.0,0.0,0.0,0.0,0.0,0.0,0.0,0.0,0.0,24.0,8.0,8.0,0.0,0.0,0.0,0.0,0.0,0.0,0.0,0,0.0,,0.0,0.0,0,0.0,0.0,,0.0,-0.784
2019,PL,千葉ロッテマリーンズ,71475115,細川　亨,T.Hosokawa,31.0,8.0,6.0,0.0,2.0,0.0,0.0,0.0,2.0,1.0,0.0,0,2.0,0.0,0.0,0,0.0,1.0,0.0,0.333,0.333,0.333,0.666,2.0,0.0,0.0,0.333,0.0,12.5,0.0,0.4,0.23310000000000003,444.0,0.0,0.5,0.333,2.0,0.0,1.0,31.0,8.0,6.0,2.0,0.0,0.0,0.0,0.333,0.333,0.0,0,0.0,,2.0,0.0,0,2.0,0.0,,0.6666666666666666,0.608
2019,PL,オリックス・バファローズ,71475131,松井　佑介,Y.Matsui,7.0,18.0,18.0,2.0,6.0,1.0,0.0,1.0,10.0,1.0,0.0,0,0.0,0.0,0.0,0,0.0,3.0,1.0,0.333,0.333,0.556,0.889,4.0,0.22300000000000003,0.0,0.556,0.0,16.666666666666664,0.0,0.35714285714285715,0.28885000000000005,518.3333333333333,0.2222222222222222,0.7692307692307693,0.333,6.0,1.0,1.0,7.0,18.0,18.0,4.0,1.0,0.0,2.0,0.333,0.556,0.0,0,0.0,,10.0,0.0,0,0.0,0.0,,3.3333333333333335,2.984
2019,PL,東北楽天ゴールデンイーグルス,71475133,福山　博之,H.Fukuyama,7.0,0.0,0.0,0.0,0.0,0.0,0.0,0.0,0.0,0.0,0.0,0,0.0,0.0,0.0,0,0.0,0.0,0.0,,,,0.0,0.0,0.0,0.0,,nan,nan,nan,nan,0.0,0.0,nan,nan,,0.0,0.0,0.0,7.0,0.0,0.0,0.0,0.0,0.0,0.0,,,0.0,0,0.0,,0.0,0.0,0,0.0,0.0,,nan,0.0
2019,PL,東北楽天ゴールデンイーグルス,71475136,西巻　賢二,K.Nishimaki,2.0,1.0,1.0,0.0,0.0,0.0,0.0,0.0,0.0,0.0,0.0,0,0.0,0.0,0.0,0,0.0,1.0,0.0,0.0,0.0,0.0,0.0,0.0,0.0,0.0,0.0,0.0,100.0,0.0,nan,0.0,0.0,0.0,0.0,0.0,0.0,0.0,0.0,2.0,1.0,1.0,0.0,0.0,0.0,0.0,0.0,0.0,0.0,0,0.0,,0.0,0.0,0,0.0,0.0,,0.0,-0.098
2019,PL,千葉ロッテマリーンズ,71575131,荻野　貴司,T.Ogino,125.0,569.0,508.0,76.0,160.0,35.0,7.0,10.0,239.0,46.0,28,10,9.0,4.0,40.0,0,8.0,56.0,4.0,0.315,0.371,0.47,0.841,108.0,0.15499999999999997,0.055999999999999994,0.526,7.029876977152901,9.84182776801406,0.7142857142857143,0.336322869955157,0.28445,527.6666666666666,0.25393700787401574,0.84375,0.315,160.0,10.0,46.0,125.0,569.0,508.0,108.0,35.0,7.0,76.0,0.371,0.47,40.0,0,8.0,,239.0,28,10,9.0,4.0,,87.22627737226277,84.416
2019,PL,千葉ロッテマリーンズ,71675135,益田　直也,N.Masuda,60.0,0.0,0.0,0.0,0.0,0.0,0.0,0.0,0.0,0.0,0.0,0,0.0,0.0,0.0,0,0.0,0.0,0.0,,,,0.0,0.0,0.0,0.0,,nan,nan,nan,nan,0.0,0.0,nan,nan,,0.0,0.0,0.0,60.0,0.0,0.0,0.0,0.0,0.0,0.0,,,0.0,0,0.0,,0.0,0.0,0,0.0,0.0,,nan,0.0
2019,PL,オリックス・バファローズ,71675139,吉田　一将,K.Yoshida,33.0,0.0,0.0,0.0,0.0,0.0,0.0,0.0,0.0,0.0,0.0,0,0.0,0.0,0.0,0,0.0,0.0,0.0,,,,0.0,0.0,0.0,0.0,,nan,nan,nan,nan,0.0,0.0,nan,nan,,0.0,0.0,0.0,33.0,0.0,0.0,0.0,0.0,0.0,0.0,,,0.0,0,0.0,,0.0,0.0,0,0.0,0.0,,nan,0.0
2019,PL,埼玉西武ライオンズ,71775134,源田　壮亮,S.Genda,135.0,609.0,540.0,90.0,148.0,23.0,6.0,2.0,189.0,41.0,30,9,25.0,3.0,40.0,0,1.0,67.0,9.0,0.274,0.324,0.35,0.6739999999999999,117.0,0.07599999999999996,0.04999999999999999,0.3999999999999999,6.568144499178982,11.001642036124796,0.5970149253731343,0.3080168776371308,0.2333,440.66666666666663,0.16666666666666666,0.5960099750623441,0.274,148.0,2.0,41.0,135.0,609.0,540.0,117.0,23.0,6.0,90.0,0.324,0.35,40.0,0,1.0,,189.0,30,9,25.0,3.0,,61.262068965517244,60.913999999999994
2019,PL,埼玉西武ライオンズ,71775135,小石　博孝,H.Koishi,8.0,0.0,0.0,0.0,0.0,0.0,0.0,0.0,0.0,0.0,0.0,0,0.0,0.0,0.0,0,0.0,0.0,0.0,,,,0.0,0.0,0.0,0.0,,nan,nan,nan,nan,0.0,0.0,nan,nan,,0.0,0.0,0.0,8.0,0.0,0.0,0.0,0.0,0.0,0.0,,,0.0,0,0.0,,0.0,0.0,0,0.0,0.0,,nan,0.0
2019,PL,東北楽天ゴールデンイーグルス,71775137,島井　寛仁,H.Shimai,10.0,2.0,1.0,4.0,0.0,0.0,0.0,0.0,0.0,0.0,1.0,1,0.0,0.0,1.0,0,0.0,0.0,0.0,0.0,0.5,0.0,0.5,0.0,0.0,0.5,0.5,50.0,0.0,nan,0.0,0.225,500.0,2.0,2.0,0.0,0.0,0.0,0.0,10.0,2.0,1.0,0.0,0.0,0.0,4.0,0.5,0.0,1.0,0,0.0,,0.0,1.0,1,0.0,0.0,,0.0,0.41200000000000003
2019,PL,東北楽天ゴールデンイーグルス,71875133,山下　斐紹,A.Yamashita,31.0,66.0,60.0,8.0,11.0,1.0,0.0,3.0,21.0,5.0,0.0,0,3.0,0.0,1.0,0,2.0,13.0,0.0,0.183,0.222,0.35,0.572,7.0,0.16699999999999998,0.03900000000000001,0.389,1.5151515151515151,19.696969696969695,0.07692307692307693,0.18181818181818182,0.1874,338.6666666666667,0.18333333333333332,0.4897959183673469,0.183,11.0,3.0,5.0,31.0,66.0,60.0,7.0,1.0,0.0,8.0,0.222,0.35,1.0,0,2.0,,21.0,0.0,0,3.0,0.0,,4.131147540983607,4.727999999999999
2019,PL,埼玉西武ライオンズ,71875138,森脇　亮介,R.Moriwaki,29.0,1.0,1.0,0.0,0.0,0.0,0.0,0.0,0.0,0.0,0.0,0,0.0,0.0,0.0,0,0.0,1.0,0.0,0.0,0.0,0.0,0.0,0.0,0.0,0.0,0.0,0.0,100.0,0.0,nan,0.0,0.0,0.0,0.0,0.0,0.0,0.0,0.0,29.0,1.0,1.0,0.0,0.0,0.0,0.0,0.0,0.0,0.0,0,0.0,,0.0,0.0,0,0.0,0.0,,0.0,-0.098
2019,PL,千葉ロッテマリーンズ,71975134,佐々木　千隼,C.Sasaki,7.0,0.0,0.0,0.0,0.0,0.0,0.0,0.0,0.0,0.0,0.0,0,0.0,0.0,0.0,0,0.0,0.0,0.0,,,,0.0,0.0,0.0,0.0,,nan,nan,nan,nan,0.0,0.0,nan,nan,,0.0,0.0,0.0,7.0,0.0,0.0,0.0,0.0,0.0,0.0,,,0.0,0,0.0,,0.0,0.0,0,0.0,0.0,,nan,0.0
2019,PL,東北楽天ゴールデンイーグルス,71975135,島内　宏明,H.Shimauchi,133.0,585.0,506.0,68.0,145.0,21.0,5.0,10.0,206.0,57.0,3,4,9.0,1.0,58.0,0,11.0,65.0,11.0,0.287,0.372,0.407,0.7789999999999999,109.0,0.12,0.08500000000000002,0.492,9.914529914529915,11.11111111111111,0.8923076923076924,0.3125,0.26915,507.6666666666667,0.24308300395256918,0.75,0.287,145.0,10.0,57.0,133.0,585.0,506.0,109.0,21.0,5.0,68.0,0.372,0.407,58.0,0,11.0,,206.0,3,4,9.0,1.0,,74.14539007092199,77.332
2019,PL,東北楽天ゴールデンイーグルス,73175136,山﨑　剛,T.Yamasaki,16.0,30.0,27.0,4.0,9.0,4.0,0.0,1.0,16.0,2.0,4,0,3.0,0.0,0.0,0,0.0,5.0,0.0,0.333,0.333,0.593,0.9259999999999999,4.0,0.25999999999999995,0.0,0.593,0.0,16.666666666666664,0.0,0.38095238095238093,0.29810000000000003,530.6666666666666,0.25925925925925924,0.8888888888888888,0.333,9.0,1.0,2.0,16.0,30.0,27.0,4.0,4.0,0.0,4.0,0.333,0.593,0.0,0,0.0,,16.0,4,0,3.0,0.0,,5.333333333333333,4.556
2019,PL,東北楽天ゴールデンイーグルス,73175138,渡邊　佳明,Y.Watanabe,77.0,245.0,218.0,15.0,49.0,8.0,1.0,1.0,62.0,26.0,0.0,0,11.0,1.0,14.0,0,1.0,40.0,5.0,0.225,0.274,0.284,0.558,39.0,0.05899999999999997,0.049000000000000016,0.3329999999999999,5.714285714285714,16.3265306122449,0.35,0.2696629213483146,0.1943,368.6666666666667,0.12385321100917432,0.4425287356321839,0.225,49.0,1.0,26.0,77.0,245.0,218.0,39.0,8.0,1.0,15.0,0.274,0.284,14.0,0,1.0,,62.0,0.0,0,11.0,1.0,,16.836206896551722,16.127999999999997
2019,PL,東北楽天ゴールデンイーグルス,73375136,渡邊　佑樹,Y.Watanabe,1.0,0.0,0.0,0.0,0.0,0.0,0.0,0.0,0.0,0.0,0.0,0,0.0,0.0,0.0,0,0.0,0.0,0.0,,,,0.0,0.0,0.0,0.0,,nan,nan,nan,nan,0.0,0.0,nan,nan,,0.0,0.0,0.0,1.0,0.0,0.0,0.0,0.0,0.0,0.0,,,0.0,0,0.0,,0.0,0.0,0,0.0,0.0,,nan,0.0
2019,PL,北海道日本ハムファイターズ,73375138,J.ハンコック,J.Hancock,8.0,0.0,0.0,0.0,0.0,0.0,0.0,0.0,0.0,0.0,0.0,0,0.0,0.0,0.0,0,0.0,0.0,0.0,,,,0.0,0.0,0.0,0.0,,nan,nan,nan,nan,0.0,0.0,nan,nan,,0.0,0.0,0.0,8.0,0.0,0.0,0.0,0.0,0.0,0.0,,,0.0,0,0.0,,0.0,0.0,0,0.0,0.0,,nan,0.0
2019,PL,東北楽天ゴールデンイーグルス,73575132,宋　家豪,C.Son,48.0,0.0,0.0,0.0,0.0,0.0,0.0,0.0,0.0,0.0,0.0,0,0.0,0.0,0.0,0,0.0,0.0,0.0,,,,0.0,0.0,0.0,0.0,,nan,nan,nan,nan,0.0,0.0,nan,nan,,0.0,0.0,0.0,48.0,0.0,0.0,0.0,0.0,0.0,0.0,,,0.0,0,0.0,,0.0,0.0,0,0.0,0.0,,nan,0.0
2019,PL,オリックス・バファローズ,73975134,S.ロメロ,S.Romero,81.0,331.0,295.0,47.0,90.0,15.0,0.0,18.0,159.0,63.0,3.0,3,0.0,6.0,25.0,0,5.0,83.0,3.0,0.305,0.363,0.539,0.902,57.0,0.23400000000000004,0.057999999999999996,0.597,7.552870090634441,25.075528700906347,0.30120481927710846,0.36,0.29810000000000003,542.6666666666666,0.3288135593220339,0.9230769230769231,0.305,90.0,18.0,63.0,81.0,331.0,295.0,57.0,15.0,0.0,47.0,0.363,0.539,25.0,0,5.0,,159.0,3.0,3,0.0,6.0,,57.140625,55.57000000000001
2019,PL,埼玉西武ライオンズ,81085115,中村　剛也,T.Nakamura,135.0,557.0,496.0,69.0,142.0,30.0,0.0,30.0,262.0,123.0,2,1,0.0,3.0,54.0,0,4.0,123.0,12.0,0.286,0.359,0.528,0.887,82.0,0.24200000000000005,0.07300000000000001,0.601,9.694793536804308,22.082585278276483,0.43902439024390244,0.3236994219653179,0.29355,535.0,0.3528225806451613,0.8770491803278688,0.286,142.0,30.0,123.0,135.0,557.0,496.0,82.0,30.0,0.0,69.0,0.359,0.528,54.0,0,4.0,,262.0,2,1,0.0,3.0,,93.36727272727273,90.428
2019,PL,埼玉西武ライオンズ,81085116,中田　祥多,S.Nakata,2.0,9.0,8.0,0.0,1.0,0.0,0.0,0.0,1.0,0.0,0.0,0,1.0,0.0,0.0,0,0.0,4.0,0.0,0.125,0.125,0.125,0.25,1.0,0.0,0.0,0.125,0.0,44.44444444444444,0.0,0.25,0.0875,166.66666666666666,0.0,0.14285714285714285,0.125,1.0,0.0,0.0,2.0,9.0,8.0,1.0,0.0,0.0,0.0,0.125,0.125,0.0,0,0.0,,1.0,0.0,0,1.0,0.0,,0.125,-0.18600000000000005
2019,PL,オリックス・バファローズ,81085131,比嘉　幹貴,M.Higa,45.0,0.0,0.0,0.0,0.0,0.0,0.0,0.0,0.0,0.0,0.0,0,0.0,0.0,0.0,0,0.0,0.0,0.0,,,,0.0,0.0,0.0,0.0,,nan,nan,nan,nan,0.0,0.0,nan,nan,,0.0,0.0,0.0,45.0,0.0,0.0,0.0,0.0,0.0,0.0,,,0.0,0,0.0,,0.0,0.0,0,0.0,0.0,,nan,0.0
2019,PL,オリックス・バファローズ,81085138,頓宮　裕真,Y.Tonguu,28.0,93.0,91.0,5.0,18.0,5.0,0.0,3.0,32.0,10.0,0.0,0,0.0,1.0,1.0,0,0.0,22.0,3.0,0.198,0.204,0.352,0.5559999999999999,10.0,0.15399999999999997,0.005999999999999978,0.358,1.0752688172043012,23.655913978494624,0.045454545454545456,0.22388059701492538,0.1798,321.3333333333333,0.16483516483516483,0.4342105263157895,0.198,18.0,3.0,10.0,28.0,93.0,91.0,10.0,5.0,0.0,5.0,0.204,0.352,1.0,0,0.0,,32.0,0.0,0,0.0,1.0,,6.608695652173913,6.096
2019,PL,千葉ロッテマリーンズ,81185130,石崎　剛,T.Ishizaki,2.0,0.0,0.0,0.0,0.0,0.0,0.0,0.0,0.0,0.0,0.0,0,0.0,0.0,0.0,0,0.0,0.0,0.0,,,,0.0,0.0,0.0,0.0,,nan,nan,nan,nan,0.0,0.0,nan,nan,,0.0,0.0,0.0,2.0,0.0,0.0,0.0,0.0,0.0,0.0,,,0.0,0,0.0,,0.0,0.0,0,0.0,0.0,,nan,0.0
2019,PL,北海道日本ハムファイターズ,81185139,石川　亮,R.Ishikawa,46.0,86.0,75.0,3.0,15.0,3.0,0.0,0.0,18.0,3.0,0.0,0,9.0,0.0,2.0,0,0.0,29.0,2.0,0.2,0.221,0.24,0.46099999999999997,12.0,0.03999999999999998,0.02099999999999999,0.261,2.3255813953488373,33.72093023255814,0.06896551724137931,0.32608695652173914,0.15944999999999998,301.0,0.06666666666666667,0.3225806451612903,0.2,15.0,0.0,3.0,46.0,86.0,75.0,12.0,3.0,0.0,3.0,0.221,0.24,2.0,0,0.0,,18.0,0.0,0,9.0,0.0,,3.9740259740259742,2.9400000000000004
2019,PL,オリックス・バファローズ,81285131,増井　浩俊,H.Masui,53.0,0.0,0.0,0.0,0.0,0.0,0.0,0.0,0.0,0.0,0.0,0,0.0,0.0,0.0,0,0.0,0.0,0.0,,,,0.0,0.0,0.0,0.0,,nan,nan,nan,nan,0.0,0.0,nan,nan,,0.0,0.0,0.0,53.0,0.0,0.0,0.0,0.0,0.0,0.0,,,0.0,0,0.0,,0.0,0.0,0,0.0,0.0,,nan,0.0
2019,PL,東北楽天ゴールデンイーグルス,81285139,松井　裕樹,Y.Matsui,68.0,0.0,0.0,0.0,0.0,0.0,0.0,0.0,0.0,0.0,0.0,0,0.0,0.0,0.0,0,0.0,0.0,0.0,,,,0.0,0.0,0.0,0.0,,nan,nan,nan,nan,0.0,0.0,nan,nan,,0.0,0.0,0.0,68.0,0.0,0.0,0.0,0.0,0.0,0.0,,,0.0,0,0.0,,0.0,0.0,0,0.0,0.0,,nan,0.0
2019,PL,埼玉西武ライオンズ,81385133,大石　達也,T.Ooishi,2.0,0.0,0.0,0.0,0.0,0.0,0.0,0.0,0.0,0.0,0.0,0,0.0,0.0,0.0,0,0.0,0.0,0.0,,,,0.0,0.0,0.0,0.0,,nan,nan,nan,nan,0.0,0.0,nan,nan,,0.0,0.0,0.0,2.0,0.0,0.0,0.0,0.0,0.0,0.0,,,0.0,0,0.0,,0.0,0.0,0,0.0,0.0,,nan,0.0
2019,PL,東北楽天ゴールデンイーグルス,81385138,小郷　裕哉,Y.Ogou,22.0,34.0,29.0,7.0,5.0,2.0,0.0,1.0,10.0,4.0,0.0,0,1.0,0.0,4.0,0,0.0,11.0,0.0,0.172,0.273,0.345,0.618,2.0,0.173,0.10100000000000003,0.446,11.76470588235294,32.35294117647059,0.36363636363636365,0.23529411764705882,0.2091,388.0,0.3103448275862069,0.5833333333333334,0.172,5.0,1.0,4.0,22.0,34.0,29.0,2.0,2.0,0.0,7.0,0.273,0.345,4.0,0,0.0,,10.0,0.0,0,1.0,0.0,,2.727272727272727,2.848
2019,PL,東北楽天ゴールデンイーグルス,81485130,フェルナンド,L.Fernando,16.0,39.0,34.0,1.0,8.0,1.0,0.0,0.0,9.0,7.0,0.0,0,1.0,1.0,2.0,0,1.0,10.0,1.0,0.235,0.289,0.265,0.554,7.0,0.030000000000000027,0.05399999999999999,0.319,5.128205128205128,25.64102564102564,0.2,0.32,0.1963,377.3333333333333,0.08823529411764706,0.4444444444444444,0.235,8.0,0.0,7.0,16.0,39.0,34.0,7.0,1.0,0.0,1.0,0.289,0.265,2.0,0,1.0,,9.0,0.0,0,1.0,1.0,,2.5,2.662
2019,PL,福岡ソフトバンクホークス,81585112,川島　慶三,K.Kawashima,47.0,88.0,66.0,14.0,24.0,5.0,1.0,1.0,34.0,8.0,4,1,2.0,2.0,17.0,0,1.0,9.0,3.0,0.364,0.488,0.515,1.0030000000000001,17.0,0.15100000000000002,0.124,0.639,19.318181818181817,10.227272727272728,1.8888888888888888,0.39655172413793105,0.34835,659.6666666666666,0.42424242424242425,1.1777777777777778,0.364,24.0,1.0,8.0,47.0,88.0,66.0,17.0,5.0,1.0,14.0,0.488,0.515,17.0,0,1.0,,34.0,4,1,2.0,2.0,,16.795180722891565,16.584
2019,PL,北海道日本ハムファイターズ,81585137,公文　克彦,K.Kumon,61.0,0.0,0.0,0.0,0.0,0.0,0.0,0.0,0.0,0.0,0.0,0,0.0,0.0,0.0,0,0.0,0.0,0.0,,,,0.0,0.0,0.0,0.0,,nan,nan,nan,nan,0.0,0.0,nan,nan,,0.0,0.0,0.0,61.0,0.0,0.0,0.0,0.0,0.0,0.0,,,0.0,0,0.0,,0.0,0.0,0,0.0,0.0,,nan,0.0
2019,PL,千葉ロッテマリーンズ,81685135,三家　和真,K.Mike,25.0,22.0,21.0,3.0,6.0,1.0,1.0,1.0,12.0,5.0,0.0,0,0.0,0.0,1.0,0,0.0,8.0,0.0,0.286,0.318,0.571,0.889,3.0,0.285,0.03200000000000003,0.603,4.545454545454546,36.36363636363637,0.125,0.4166666666666667,0.28585,508.3333333333333,0.3333333333333333,0.8666666666666667,0.286,6.0,1.0,5.0,25.0,22.0,21.0,3.0,1.0,1.0,3.0,0.318,0.571,1.0,0,0.0,,12.0,0.0,0,0.0,0.0,,3.8181818181818183,3.5599999999999996
2019,PL,埼玉西武ライオンズ,81685138,松本　航,W.Matsumoto,16.0,4.0,2.0,0.0,0.0,0.0,0.0,0.0,0.0,0.0,0.0,0,2.0,0.0,0.0,0,0.0,1.0,0.0,0.0,0.0,0.0,0.0,0.0,0.0,0.0,0.0,0.0,25.0,0.0,0.0,0.0,0.0,0.0,0.0,0.0,0.0,0.0,0.0,16.0,4.0,2.0,0.0,0.0,0.0,0.0,0.0,0.0,0.0,0,0.0,,0.0,0.0,0,2.0,0.0,,0.0,-0.196
2019,PL,北海道日本ハムファイターズ,81685139,渡邉　諒,R.Watanabe,132.0,543.0,481.0,60.0,126.0,16.0,5.0,11.0,185.0,58.0,0,2,3.0,5.0,48.0,0,6.0,120.0,8.0,0.262,0.333,0.385,0.718,94.0,0.123,0.07100000000000001,0.456,8.83977900552486,22.099447513812155,0.4,0.323943661971831,0.2461,461.33333333333337,0.22661122661122662,0.6639118457300276,0.262,126.0,11.0,58.0,132.0,543.0,481.0,94.0,16.0,5.0,60.0,0.333,0.385,48.0,0,6.0,,185.0,0,2,3.0,5.0,,60.85066162570889,62.949999999999996
2019,PL,東北楽天ゴールデンイーグルス,81785116,由規,Y.Yoshinori（satou,1.0,0.0,0.0,0.0,0.0,0.0,0.0,0.0,0.0,0.0,0.0,0,0.0,0.0,0.0,0,0.0,0.0,0.0,,,,0.0,0.0,0.0,0.0,,nan,nan,nan,nan,0.0,0.0,nan,nan,,0.0,0.0,0.0,1.0,0.0,0.0,0.0,0.0,0.0,0.0,,,0.0,0,0.0,,0.0,0.0,0,0.0,0.0,,nan,0.0
2019,PL,北海道日本ハムファイターズ,81785118,杉谷　拳士,K.Sugiya,83.0,157.0,134.0,15.0,28.0,4.0,1.0,4.0,46.0,12.0,5,1,6.0,1.0,13.0,0,3.0,36.0,2.0,0.209,0.291,0.343,0.634,19.0,0.13400000000000004,0.08199999999999999,0.425,8.280254777070063,22.929936305732486,0.3611111111111111,0.25263157894736843,0.2167,405.3333333333333,0.23880597014925373,0.5833333333333334,0.209,28.0,4.0,12.0,83.0,157.0,134.0,19.0,4.0,1.0,15.0,0.291,0.343,13.0,0,3.0,,46.0,5,1,6.0,1.0,,12.829931972789115,14.252
2019,PL,オリックス・バファローズ,81785132,近藤　大亮,T.Kondou,52.0,0.0,0.0,0.0,0.0,0.0,0.0,0.0,0.0,0.0,0.0,0,0.0,0.0,0.0,0,0.0,0.0,0.0,,,,0.0,0.0,0.0,0.0,,nan,nan,nan,nan,0.0,0.0,nan,nan,,0.0,0.0,0.0,52.0,0.0,0.0,0.0,0.0,0.0,0.0,,,0.0,0,0.0,,0.0,0.0,0,0.0,0.0,,nan,0.0
2019,PL,オリックス・バファローズ,81785133,駿太,S.Shunta（gotou,91.0,194.0,165.0,17.0,37.0,7.0,3.0,1.0,53.0,22.0,4,3,6.0,1.0,19.0,0,3.0,47.0,1.0,0.224,0.314,0.321,0.635,26.0,0.097,0.09,0.411,9.793814432989691,24.22680412371134,0.40425531914893614,0.3050847457627119,0.22155000000000002,421.0,0.23030303030303031,0.6046511627906976,0.224,37.0,1.0,22.0,91.0,194.0,165.0,26.0,7.0,3.0,17.0,0.314,0.321,19.0,0,3.0,,53.0,4,3,6.0,1.0,,16.130434782608695,17.856
2019,PL,オリックス・バファローズ,81785134,榊原　翼,T.Sakakibara,13.0,3.0,3.0,0.0,0.0,0.0,0.0,0.0,0.0,0.0,0.0,0,0.0,0.0,0.0,0,0.0,3.0,0.0,0.0,0.0,0.0,0.0,0.0,0.0,0.0,0.0,0.0,100.0,0.0,nan,0.0,0.0,0.0,0.0,0.0,0.0,0.0,0.0,13.0,3.0,3.0,0.0,0.0,0.0,0.0,0.0,0.0,0.0,0,0.0,,0.0,0.0,0,0.0,0.0,,0.0,-0.29400000000000004
2019,PL,埼玉西武ライオンズ,81785138,佐藤　龍世,R.Satou,52.0,63.0,59.0,6.0,13.0,6.0,0.0,2.0,25.0,7.0,0.0,0,1.0,0.0,3.0,0,0.0,14.0,1.0,0.22,0.258,0.424,0.6819999999999999,5.0,0.204,0.038000000000000006,0.4619999999999999,4.761904761904762,22.22222222222222,0.21428571428571427,0.2558139534883721,0.22210000000000002,399.3333333333333,0.2542372881355932,0.5957446808510638,0.22,13.0,2.0,7.0,52.0,63.0,59.0,5.0,6.0,0.0,6.0,0.258,0.424,3.0,0,0.0,,25.0,0.0,0,1.0,0.0,,6.451612903225806,6.1819999999999995
2019,PL,東北楽天ゴールデンイーグルス,81885114,渡辺　直人,N.Watanabe,19.0,19.0,16.0,1.0,1.0,0.0,0.0,1.0,4.0,1.0,0.0,0,1.0,0.0,1.0,0,1.0,7.0,0.0,0.062,0.167,0.25,0.41700000000000004,0.0,0.188,0.10500000000000001,0.355,5.263157894736842,36.84210526315789,0.14285714285714285,0.0,0.13765,250.33333333333334,0.25,0.4,0.062,1.0,1.0,1.0,19.0,19.0,16.0,0.0,0.0,0.0,1.0,0.167,0.25,1.0,0,1.0,,4.0,0.0,0,1.0,0.0,,0.47058823529411764,0.6300000000000001
2019,PL,オリックス・バファローズ,81985130,鈴木　優,Y.Suzuki,1.0,0.0,0.0,0.0,0.0,0.0,0.0,0.0,0.0,0.0,0.0,0,0.0,0.0,0.0,0,0.0,0.0,0.0,,,,0.0,0.0,0.0,0.0,,nan,nan,nan,nan,0.0,0.0,nan,nan,,0.0,0.0,0.0,1.0,0.0,0.0,0.0,0.0,0.0,0.0,,,0.0,0,0.0,,0.0,0.0,0,0.0,0.0,,nan,0.0
2019,PL,東北楽天ゴールデンイーグルス,81985131,戸村　健次,K.Tomura,6.0,1.0,1.0,0.0,0.0,0.0,0.0,0.0,0.0,0.0,0.0,0,0.0,0.0,0.0,0,0.0,0.0,0.0,0.0,0.0,0.0,0.0,0.0,0.0,0.0,0.0,0.0,0.0,nan,0.0,0.0,0.0,0.0,0.0,0.0,0.0,0.0,0.0,6.0,1.0,1.0,0.0,0.0,0.0,0.0,0.0,0.0,0.0,0,0.0,,0.0,0.0,0,0.0,0.0,,0.0,-0.098
2019,PL,オリックス・バファローズ,81985132,鈴木　昂平,K.Suzuki,58.0,53.0,44.0,3.0,10.0,1.0,0.0,0.0,11.0,0.0,0.0,0,2.0,0.0,4.0,0,3.0,12.0,2.0,0.227,0.333,0.25,0.583,9.0,0.022999999999999993,0.10600000000000001,0.356,7.547169811320755,22.641509433962266,0.3333333333333333,0.3125,0.21235,416.3333333333333,0.11363636363636363,0.5,0.227,10.0,0.0,0.0,58.0,53.0,44.0,9.0,1.0,0.0,3.0,0.333,0.25,4.0,0,3.0,,11.0,0.0,0,2.0,0.0,,3.2083333333333335,4.197999999999999
2019,PL,東北楽天ゴールデンイーグルス,81985134,菅原　秀,S.Sugahara,9.0,0.0,0.0,0.0,0.0,0.0,0.0,0.0,0.0,0.0,0.0,0,0.0,0.0,0.0,0,0.0,0.0,0.0,,,,0.0,0.0,0.0,0.0,,nan,nan,nan,nan,0.0,0.0,nan,nan,,0.0,0.0,0.0,9.0,0.0,0.0,0.0,0.0,0.0,0.0,,,0.0,0,0.0,,0.0,0.0,0,0.0,0.0,,nan,0.0
2019,PL,千葉ロッテマリーンズ,81985135,鈴木　大地,D.Suzuki,140.0,614.0,527.0,76.0,152.0,34.0,4.0,15.0,239.0,68.0,3,1,13.0,2.0,56.0,0,16.0,75.0,11.0,0.288,0.373,0.454,0.827,99.0,0.16600000000000004,0.08500000000000002,0.539,9.120521172638437,12.214983713355048,0.7466666666666667,0.3120728929384966,0.28135,524.3333333333334,0.2732447817836812,0.8082901554404145,0.288,152.0,15.0,68.0,140.0,614.0,527.0,99.0,34.0,4.0,76.0,0.373,0.454,56.0,0,16.0,,239.0,3,1,13.0,2.0,,85.26929674099486,86.93
2019,PL,北海道日本ハムファイターズ,81985136,鈴木　遼太郎,R.Suzuki,1.0,0.0,0.0,0.0,0.0,0.0,0.0,0.0,0.0,0.0,0.0,0,0.0,0.0,0.0,0,0.0,0.0,0.0,,,,0.0,0.0,0.0,0.0,,nan,nan,nan,nan,0.0,0.0,nan,nan,,0.0,0.0,0.0,1.0,0.0,0.0,0.0,0.0,0.0,0.0,,,0.0,0,0.0,,0.0,0.0,0,0.0,0.0,,nan,0.0
2019,PL,北海道日本ハムファイターズ,83185132,吉田　侑樹,Y.Yoshida,9.0,0.0,0.0,0.0,0.0,0.0,0.0,0.0,0.0,0.0,0.0,0,0.0,0.0,0.0,0,0.0,0.0,0.0,,,,0.0,0.0,0.0,0.0,,nan,nan,nan,nan,0.0,0.0,nan,nan,,0.0,0.0,0.0,9.0,0.0,0.0,0.0,0.0,0.0,0.0,,,0.0,0,0.0,,0.0,0.0,0,0.0,0.0,,nan,0.0
2019,PL,オリックス・バファローズ,83185134,山岡　泰輔,T.Yamaoka,26.0,5.0,5.0,0.0,0.0,0.0,0.0,0.0,0.0,0.0,0.0,0,0.0,0.0,0.0,0,0.0,2.0,0.0,0.0,0.0,0.0,0.0,0.0,0.0,0.0,0.0,0.0,40.0,0.0,0.0,0.0,0.0,0.0,0.0,0.0,0.0,0.0,0.0,26.0,5.0,5.0,0.0,0.0,0.0,0.0,0.0,0.0,0.0,0,0.0,,0.0,0.0,0,0.0,0.0,,0.0,-0.49
2019,PL,オリックス・バファローズ,83385138,J.メネセス,J.Meneses,29.0,118.0,102.0,7.0,21.0,4.0,0.0,4.0,37.0,14.0,0,1,0.0,3.0,13.0,0,0.0,28.0,3.0,0.206,0.288,0.363,0.651,13.0,0.157,0.08199999999999999,0.4449999999999999,11.016949152542372,23.728813559322035,0.4642857142857143,0.2328767123287671,0.22035,409.0,0.29411764705882354,0.6071428571428571,0.206,21.0,4.0,14.0,29.0,118.0,102.0,13.0,4.0,0.0,7.0,0.288,0.363,13.0,0,0.0,,37.0,0,1,0.0,3.0,,10.939130434782609,11.671999999999999
2019,PL,埼玉西武ライオンズ,83385139,E.メヒア,E.Mejia,75.0,147.0,128.0,13.0,27.0,9.0,0.0,6.0,54.0,31.0,0.0,0,0.0,4.0,15.0,0,0.0,46.0,2.0,0.211,0.286,0.422,0.708,12.0,0.211,0.07499999999999998,0.497,10.204081632653061,31.292517006802722,0.32608695652173914,0.2625,0.23419999999999996,426.66666666666663,0.328125,0.6699029126213593,0.211,27.0,6.0,31.0,75.0,147.0,128.0,12.0,9.0,0.0,13.0,0.286,0.422,15.0,0,0.0,,54.0,0.0,0,0.0,4.0,,15.86013986013986,16.172
2019,PL,福岡ソフトバンクホークス,83785136,Y.グラシアル,Y.Gracial,103.0,410.0,373.0,61.0,119.0,17.0,1.0,28.0,222.0,68.0,4,3,4.0,4.0,22.0,0,7.0,84.0,10.0,0.319,0.365,0.595,0.96,73.0,0.27599999999999997,0.045999999999999985,0.641,5.365853658536586,20.48780487804878,0.2619047619047619,0.3433962264150943,0.313,563.3333333333334,0.34316353887399464,0.9621212121212122,0.319,119.0,28.0,68.0,103.0,410.0,373.0,73.0,17.0,1.0,61.0,0.365,0.595,22.0,0,7.0,,222.0,4,3,4.0,4.0,,79.24556962025316,75.318
2019,PL,福岡ソフトバンクホークス,83985134,O.コラス,O.Colas,7.0,21.0,18.0,2.0,5.0,0.0,0.0,1.0,8.0,2.0,0.0,0,0.0,0.0,1.0,0,2.0,6.0,0.0,0.278,0.381,0.444,0.825,4.0,0.16599999999999998,0.10299999999999998,0.5469999999999999,4.761904761904762,28.57142857142857,0.16666666666666666,0.36363636363636365,0.28245000000000003,529.0,0.2222222222222222,0.8461538461538461,0.278,5.0,1.0,2.0,7.0,21.0,18.0,4.0,0.0,0.0,2.0,0.381,0.444,1.0,0,2.0,,8.0,0.0,0,0.0,0.0,,2.526315789473684,3.1559999999999997
2019,PL,東北楽天ゴールデンイーグルス,91095134,高梨　雄平,Y.Takanashi,48.0,0.0,0.0,0.0,0.0,0.0,0.0,0.0,0.0,0.0,0.0,0,0.0,0.0,0.0,0,0.0,0.0,0.0,,,,0.0,0.0,0.0,0.0,,nan,nan,nan,nan,0.0,0.0,nan,nan,,0.0,0.0,0.0,48.0,0.0,0.0,0.0,0.0,0.0,0.0,,,0.0,0,0.0,,0.0,0.0,0,0.0,0.0,,nan,0.0
2019,PL,東北楽天ゴールデンイーグルス,91195112,青山　浩二,K.Aoyama,62.0,0.0,0.0,0.0,0.0,0.0,0.0,0.0,0.0,0.0,0.0,0,0.0,0.0,0.0,0,0.0,0.0,0.0,,,,0.0,0.0,0.0,0.0,,nan,nan,nan,nan,0.0,0.0,nan,nan,,0.0,0.0,0.0,62.0,0.0,0.0,0.0,0.0,0.0,0.0,,,0.0,0,0.0,,0.0,0.0,0,0.0,0.0,,nan,0.0
2019,PL,北海道日本ハムファイターズ,91195139,秋吉　亮,R.Akiyoshi,53.0,0.0,0.0,0.0,0.0,0.0,0.0,0.0,0.0,0.0,0.0,0,0.0,0.0,0.0,0,0.0,0.0,0.0,,,,0.0,0.0,0.0,0.0,,nan,nan,nan,nan,0.0,0.0,nan,nan,,0.0,0.0,0.0,53.0,0.0,0.0,0.0,0.0,0.0,0.0,,,0.0,0,0.0,,0.0,0.0,0,0.0,0.0,,nan,0.0
2019,PL,千葉ロッテマリーンズ,91295114,李　杜軒,T.Ri,1.0,1.0,1.0,0.0,0.0,0.0,0.0,0.0,0.0,0.0,0.0,0,0.0,0.0,0.0,0,0.0,1.0,0.0,0.0,0.0,0.0,0.0,0.0,0.0,0.0,0.0,0.0,100.0,0.0,nan,0.0,0.0,0.0,0.0,0.0,0.0,0.0,0.0,1.0,1.0,1.0,0.0,0.0,0.0,0.0,0.0,0.0,0.0,0,0.0,,0.0,0.0,0,0.0,0.0,,0.0,-0.098
2019,PL,北海道日本ハムファイターズ,91295134,玉井　大翔,T.Tamai,65.0,0.0,0.0,0.0,0.0,0.0,0.0,0.0,0.0,0.0,0.0,0,0.0,0.0,0.0,0,0.0,0.0,0.0,,,,0.0,0.0,0.0,0.0,,nan,nan,nan,nan,0.0,0.0,nan,nan,,0.0,0.0,0.0,65.0,0.0,0.0,0.0,0.0,0.0,0.0,,,0.0,0,0.0,,0.0,0.0,0,0.0,0.0,,nan,0.0
2019,PL,埼玉西武ライオンズ,91295135,十亀　剣,K.Togame,19.0,2.0,2.0,0.0,0.0,0.0,0.0,0.0,0.0,0.0,0.0,0,0.0,0.0,0.0,0,0.0,1.0,0.0,0.0,0.0,0.0,0.0,0.0,0.0,0.0,0.0,0.0,50.0,0.0,0.0,0.0,0.0,0.0,0.0,0.0,0.0,0.0,0.0,19.0,2.0,2.0,0.0,0.0,0.0,0.0,0.0,0.0,0.0,0,0.0,,0.0,0.0,0,0.0,0.0,,0.0,-0.196
2019,PL,千葉ロッテマリーンズ,91395130,岩下　大輝,D.Iwashita,21.0,3.0,2.0,0.0,0.0,0.0,0.0,0.0,0.0,0.0,0.0,0,1.0,0.0,0.0,0,0.0,2.0,0.0,0.0,0.0,0.0,0.0,0.0,0.0,0.0,0.0,0.0,66.66666666666666,0.0,nan,0.0,0.0,0.0,0.0,0.0,0.0,0.0,0.0,21.0,3.0,2.0,0.0,0.0,0.0,0.0,0.0,0.0,0.0,0,0.0,,0.0,0.0,0,1.0,0.0,,0.0,-0.196
2019,PL,オリックス・バファローズ,91395138,太田　椋,R.Oota,6.0,16.0,13.0,1.0,0.0,0.0,0.0,0.0,0.0,0.0,0.0,0,0.0,0.0,2.0,0,1.0,7.0,0.0,0.0,0.188,0.0,0.188,0.0,0.0,0.188,0.188,12.5,43.75,0.2857142857142857,0.0,0.08460000000000001,188.0,0.15384615384615385,0.23076923076923078,0.0,0.0,0.0,0.0,6.0,16.0,13.0,0.0,0.0,0.0,1.0,0.188,0.0,2.0,0,1.0,,0.0,0.0,0,0.0,0.0,,0.0,-0.28400000000000003
2019,PL,福岡ソフトバンクホークス,91395139,上林　誠知,S.Uebayashi,99.0,286.0,258.0,28.0,50.0,6.0,2.0,11.0,93.0,31.0,10,4,6.0,1.0,18.0,0,3.0,75.0,2.0,0.194,0.254,0.36,0.614,31.0,0.16599999999999998,0.06,0.42,6.293706293706294,26.223776223776223,0.24,0.2254335260115607,0.20429999999999998,374.0,0.25193798449612403,0.5619047619047619,0.194,50.0,11.0,31.0,99.0,286.0,258.0,31.0,6.0,2.0,28.0,0.254,0.36,18.0,0,3.0,,93.0,10,4,6.0,1.0,,22.91304347826087,25.005999999999993
2019,PL,オリックス・バファローズ,91495130,西野　真弘,M.Nishino,56.0,188.0,166.0,21.0,40.0,5.0,1.0,1.0,50.0,14.0,1,0,3.0,1.0,16.0,0,2.0,24.0,1.0,0.241,0.314,0.301,0.615,33.0,0.06,0.07300000000000001,0.374,8.51063829787234,12.76595744680851,0.6666666666666666,0.2746478873239437,0.21655000000000002,414.3333333333333,0.1566265060240964,0.5354330708661418,0.241,40.0,1.0,14.0,56.0,188.0,166.0,33.0,5.0,1.0,21.0,0.314,0.301,16.0,0,2.0,,50.0,1,0,3.0,1.0,,15.384615384615385,16.172000000000004
2019,PL,北海道日本ハムファイターズ,91495136,西村　天裕,T.Nishimura,35.0,0.0,0.0,0.0,0.0,0.0,0.0,0.0,0.0,0.0,0.0,0,0.0,0.0,0.0,0,0.0,0.0,0.0,,,,0.0,0.0,0.0,0.0,,nan,nan,nan,nan,0.0,0.0,nan,nan,,0.0,0.0,0.0,35.0,0.0,0.0,0.0,0.0,0.0,0.0,,,0.0,0,0.0,,0.0,0.0,0,0.0,0.0,,nan,0.0
2019,PL,埼玉西武ライオンズ,91495139,森　友哉,T.Mori,135.0,573.0,492.0,96.0,162.0,34.0,2.0,23.0,269.0,105.0,3,2,1.0,6.0,72.0,0,2.0,89.0,9.0,0.329,0.413,0.547,0.96,103.0,0.21800000000000003,0.08399999999999996,0.631,12.56544502617801,15.532286212914483,0.8089887640449438,0.3601036269430052,0.3226,595.3333333333333,0.3678861788617886,1.0176991150442478,0.329,162.0,23.0,105.0,135.0,573.0,492.0,103.0,34.0,2.0,96.0,0.413,0.547,72.0,0,2.0,,269.0,3,2,1.0,6.0,,111.6063829787234,103.62000000000003
2019,PL,福岡ソフトバンクホークス,91595133,甲斐　拓也,T.Kai,137.0,454.0,377.0,42.0,98.0,15.0,0.0,11.0,146.0,43.0,9,4,23.0,3.0,50.0,0,1.0,114.0,9.0,0.26,0.346,0.387,0.733,72.0,0.127,0.08599999999999997,0.473,11.013215859030836,25.11013215859031,0.43859649122807015,0.3411764705882353,0.25245,475.0,0.27055702917771884,0.6979166666666666,0.26,98.0,11.0,43.0,137.0,454.0,377.0,72.0,15.0,0.0,42.0,0.346,0.387,50.0,0,1.0,,146.0,9,4,23.0,3.0,,50.604215456674474,52.848
2019,PL,福岡ソフトバンクホークス,91595135,嘉弥真　新也,S.Kayama,54.0,0.0,0.0,0.0,0.0,0.0,0.0,0.0,0.0,0.0,0.0,0,0.0,0.0,0.0,0,0.0,0.0,0.0,,,,0.0,0.0,0.0,0.0,,nan,nan,nan,nan,0.0,0.0,nan,nan,,0.0,0.0,0.0,54.0,0.0,0.0,0.0,0.0,0.0,0.0,,,0.0,0,0.0,,0.0,0.0,0,0.0,0.0,,nan,0.0
2019,PL,千葉ロッテマリーンズ,91595137,加藤　翔平,S.Katou,60.0,120.0,109.0,12.0,22.0,3.0,1.0,4.0,39.0,9.0,4,2,2.0,0.0,7.0,0,2.0,32.0,2.0,0.202,0.263,0.358,0.621,14.0,0.15599999999999997,0.061,0.419,5.833333333333333,26.666666666666668,0.21875,0.2465753424657534,0.20785,382.33333333333337,0.23853211009174313,0.5617977528089888,0.202,22.0,4.0,9.0,60.0,120.0,109.0,14.0,3.0,1.0,12.0,0.263,0.358,7.0,0,2.0,,39.0,4,2,2.0,0.0,,9.75,10.764
2019,PL,千葉ロッテマリーンズ,91695132,平沢　大河,T.Hirasawa,51.0,108.0,91.0,10.0,18.0,3.0,1.0,1.0,26.0,8.0,0,2,5.0,0.0,12.0,0,0.0,28.0,0.0,0.198,0.291,0.286,0.577,13.0,0.08799999999999997,0.09299999999999997,0.3789999999999999,11.11111111111111,25.925925925925924,0.42857142857142855,0.27419354838709675,0.20244999999999996,386.3333333333333,0.24175824175824176,0.547945205479452,0.198,18.0,1.0,8.0,51.0,108.0,91.0,13.0,3.0,1.0,10.0,0.291,0.286,12.0,0,0.0,,26.0,0,2,5.0,0.0,,7.572815533980583,8.305999999999997
2019,PL,千葉ロッテマリーンズ,91695133,南　昌輝,M.Minami,4.0,0.0,0.0,0.0,0.0,0.0,0.0,0.0,0.0,0.0,0.0,0,0.0,0.0,0.0,0,0.0,0.0,0.0,,,,0.0,0.0,0.0,0.0,,nan,nan,nan,nan,0.0,0.0,nan,nan,,0.0,0.0,0.0,4.0,0.0,0.0,0.0,0.0,0.0,0.0,,,0.0,0,0.0,,0.0,0.0,0,0.0,0.0,,nan,0.0
2019,PL,埼玉西武ライオンズ,91695134,平井　克典,K.Hirai,81.0,1.0,1.0,0.0,0.0,0.0,0.0,0.0,0.0,0.0,0.0,0,0.0,0.0,0.0,0,0.0,1.0,0.0,0.0,0.0,0.0,0.0,0.0,0.0,0.0,0.0,0.0,100.0,0.0,nan,0.0,0.0,0.0,0.0,0.0,0.0,0.0,0.0,81.0,1.0,1.0,0.0,0.0,0.0,0.0,0.0,0.0,0.0,0,0.0,,0.0,0.0,0,0.0,0.0,,0.0,-0.098
2019,PL,千葉ロッテマリーンズ,91695139,吉田　裕太,Y.Yoshida,32.0,56.0,47.0,2.0,11.0,1.0,0.0,2.0,18.0,7.0,0,1,4.0,0.0,5.0,0,0.0,13.0,2.0,0.234,0.308,0.383,0.6910000000000001,8.0,0.149,0.07399999999999998,0.4569999999999999,8.928571428571429,23.214285714285715,0.38461538461538464,0.28125,0.23435,435.66666666666663,0.2765957446808511,0.631578947368421,0.234,11.0,2.0,7.0,32.0,56.0,47.0,8.0,1.0,0.0,2.0,0.308,0.383,5.0,0,0.0,,18.0,0,1,4.0,0.0,,5.538461538461538,5.901999999999999
2019,PL,東北楽天ゴールデンイーグルス,91795114,岸　孝之,T.Kishi,15.0,5.0,5.0,0.0,0.0,0.0,0.0,0.0,0.0,0.0,0.0,0,0.0,0.0,0.0,0,0.0,5.0,0.0,0.0,0.0,0.0,0.0,0.0,0.0,0.0,0.0,0.0,100.0,0.0,nan,0.0,0.0,0.0,0.0,0.0,0.0,0.0,0.0,15.0,5.0,5.0,0.0,0.0,0.0,0.0,0.0,0.0,0.0,0,0.0,,0.0,0.0,0,0.0,0.0,,0.0,-0.49
2019,PL,千葉ロッテマリーンズ,91795131,清田　育宏,I.Kiyota,117.0,377.0,336.0,49.0,85.0,8.0,2.0,10.0,127.0,57.0,1,3,2.0,2.0,35.0,0,2.0,77.0,6.0,0.253,0.325,0.378,0.7030000000000001,65.0,0.125,0.07200000000000001,0.45,9.283819628647215,20.424403183023873,0.45454545454545453,0.29880478087649404,0.24075000000000002,451.0,0.23809523809523808,0.6498054474708171,0.253,85.0,10.0,57.0,117.0,377.0,336.0,65.0,8.0,2.0,49.0,0.325,0.378,35.0,0,2.0,,127.0,1,3,2.0,2.0,,41.078167115902964,42.891999999999996
2019,PL,埼玉西武ライオンズ,91795132,國場　翼,T.Kokuba,15.0,0.0,0.0,0.0,0.0,0.0,0.0,0.0,0.0,0.0,0.0,0,0.0,0.0,0.0,0,0.0,0.0,0.0,,,,0.0,0.0,0.0,0.0,,nan,nan,nan,nan,0.0,0.0,nan,nan,,0.0,0.0,0.0,15.0,0.0,0.0,0.0,0.0,0.0,0.0,,,0.0,0,0.0,,0.0,0.0,0,0.0,0.0,,nan,0.0
2019,PL,北海道日本ハムファイターズ,91795134,郡　拓也,T.Koori,2.0,4.0,4.0,0.0,1.0,0.0,0.0,0.0,1.0,0.0,0.0,0,0.0,0.0,0.0,0,0.0,2.0,0.0,0.25,0.25,0.25,0.5,1.0,0.0,0.0,0.25,0.0,50.0,0.0,0.5,0.175,333.3333333333333,0.0,0.3333333333333333,0.25,1.0,0.0,0.0,2.0,4.0,4.0,1.0,0.0,0.0,0.0,0.25,0.25,0.0,0,0.0,,1.0,0.0,0,0.0,0.0,,0.25,0.20599999999999996
2019,PL,オリックス・バファローズ,91795135,小島　脩平,S.Kojima,103.0,266.0,246.0,23.0,54.0,9.0,0.0,4.0,75.0,18.0,7,4,3.0,1.0,16.0,0,0.0,49.0,2.0,0.22,0.266,0.305,0.571,41.0,0.08499999999999999,0.04600000000000001,0.351,6.015037593984962,18.421052631578945,0.32653061224489793,0.25773195876288657,0.19595,367.6666666666667,0.16666666666666666,0.4896907216494845,0.22,54.0,4.0,18.0,103.0,266.0,246.0,41.0,9.0,0.0,23.0,0.266,0.305,16.0,0,0.0,,75.0,7,4,3.0,1.0,,20.0381679389313,19.924
2019,PL,東北楽天ゴールデンイーグルス,91795137,下水流　昂,K.Shimozuru,50.0,101.0,88.0,12.0,22.0,2.0,0.0,2.0,30.0,6.0,0,1,2.0,0.0,10.0,0,1.0,28.0,1.0,0.25,0.333,0.341,0.674,18.0,0.09100000000000003,0.08300000000000002,0.424,9.900990099009901,27.722772277227726,0.35714285714285715,0.3448275862068966,0.23510000000000003,446.6666666666667,0.2159090909090909,0.6268656716417911,0.25,22.0,2.0,6.0,50.0,101.0,88.0,18.0,2.0,0.0,12.0,0.333,0.341,10.0,0,1.0,,30.0,0,1,2.0,0.0,,9.795918367346939,10.661999999999999
2019,PL,埼玉西武ライオンズ,91895132,松本　直晃,N.Matsumoto,4.0,0.0,0.0,0.0,0.0,0.0,0.0,0.0,0.0,0.0,0.0,0,0.0,0.0,0.0,0,0.0,0.0,0.0,,,,0.0,0.0,0.0,0.0,,nan,nan,nan,nan,0.0,0.0,nan,nan,,0.0,0.0,0.0,4.0,0.0,0.0,0.0,0.0,0.0,0.0,,,0.0,0,0.0,,0.0,0.0,0,0.0,0.0,,nan,0.0
2019,PL,オリックス・バファローズ,91995130,佐野　皓大,K.Sano,68.0,130.0,121.0,22.0,25.0,5.0,1.0,1.0,35.0,9.0,12,3,3.0,0.0,5.0,0,1.0,43.0,2.0,0.207,0.244,0.289,0.5329999999999999,18.0,0.08199999999999999,0.037000000000000005,0.3259999999999999,3.8461538461538463,33.07692307692307,0.11627906976744186,0.3116883116883117,0.18205,340.3333333333333,0.1487603305785124,0.4489795918367347,0.207,25.0,1.0,9.0,68.0,130.0,121.0,18.0,5.0,1.0,22.0,0.244,0.289,5.0,0,1.0,,35.0,12,3,3.0,0.0,,8.333333333333334,8.191999999999997
2019,PL,オリックス・バファローズ,91995137,武田　健吾,K.Takeda,6.0,9.0,8.0,0.0,1.0,0.0,0.0,0.0,1.0,0.0,0.0,0,0.0,0.0,0.0,0,1.0,1.0,0.0,0.125,0.222,0.125,0.347,1.0,0.0,0.097,0.222,0.0,11.11111111111111,0.0,0.14285714285714285,0.13115,263.6666666666667,0.0,0.2857142857142857,0.125,1.0,0.0,0.0,6.0,9.0,8.0,1.0,0.0,0.0,0.0,0.222,0.125,0.0,0,1.0,,1.0,0.0,0,0.0,0.0,,0.125,0.14400000000000002
2019,PL,福岡ソフトバンクホークス,91995138,杉山　一樹,K.Sugiyama,2.0,0.0,0.0,0.0,0.0,0.0,0.0,0.0,0.0,0.0,0.0,0,0.0,0.0,0.0,0,0.0,0.0,0.0,,,,0.0,0.0,0.0,0.0,,nan,nan,nan,nan,0.0,0.0,nan,nan,,0.0,0.0,0.0,2.0,0.0,0.0,0.0,0.0,0.0,0.0,,,0.0,0,0.0,,0.0,0.0,0,0.0,0.0,,nan,0.0
2019,PL,東北楽天ゴールデンイーグルス,93195134,森原　康平,K.Morihara,64.0,0.0,0.0,0.0,0.0,0.0,0.0,0.0,0.0,0.0,0.0,0,0.0,0.0,0.0,0,0.0,0.0,0.0,,,,0.0,0.0,0.0,0.0,,nan,nan,nan,nan,0.0,0.0,nan,nan,,0.0,0.0,0.0,64.0,0.0,0.0,0.0,0.0,0.0,0.0,,,0.0,0,0.0,,0.0,0.0,0,0.0,0.0,,nan,0.0
2019,PL,埼玉西武ライオンズ,93395134,廖　任磊,R.Ryao,3.0,0.0,0.0,0.0,0.0,0.0,0.0,0.0,0.0,0.0,0.0,0,0.0,0.0,0.0,0,0.0,0.0,0.0,,,,0.0,0.0,0.0,0.0,,nan,nan,nan,nan,0.0,0.0,nan,nan,,0.0,0.0,0.0,3.0,0.0,0.0,0.0,0.0,0.0,0.0,,,0.0,0,0.0,,0.0,0.0,0,0.0,0.0,,nan,0.0
2019,PL,東北楽天ゴールデンイーグルス,93795134,F.ハーマン,F.Herrmann,50.0,0.0,0.0,0.0,0.0,0.0,0.0,0.0,0.0,0.0,0.0,0,0.0,0.0,0.0,0,0.0,0.0,0.0,,,,0.0,0.0,0.0,0.0,,nan,nan,nan,nan,0.0,0.0,nan,nan,,0.0,0.0,0.0,50.0,0.0,0.0,0.0,0.0,0.0,0.0,,,0.0,0,0.0,,0.0,0.0,0,0.0,0.0,,nan,0.0
