year,league,team,player_id,player_name_ja,player_name_en,G,PA,AB,R,H,2B,3B,HR,TB,RBI,SB,CS,SH,SF,BB,IBB,HBP,SO,GDP,AVG,OBP,SLG,OPS,1B,IsoP,IsoD,IOPS,BB%,K%,BB/K,BABIP,GPA,NOI,SecA,TA,打率,安打,本塁打,打点,試合,打席,打数,単打,二塁打,三塁打,得点,出塁率,長打率,四球,敬遠,死球,三振,塁打,盗塁,盗塁死,犠打,犠飛,併殺打,RC,XR
2007,PL,埼玉西武ライオンズ,1005113,中島　宏之,H.Nakajima,143.0,593.0,533.0,68.0,160.0,28.0,5.0,12.0,234.0,74.0,4.0,0,1.0,5.0,41.0,0,13.0,134.0,15.0,0.3,0.361,0.439,0.8,115.0,0.139,0.061,0.5,6.913996627318718,22.596964586846543,0.30597014925373134,0.37755102040816324,0.2722,507.3333333333333,0.22326454033771106,0.7525773195876289,0.3,160.0,12.0,74.0,143.0,593.0,533.0,115.0,28.0,5.0,68.0,0.361,0.439,41.0,0,13.0,,234.0,4.0,0,1.0,5.0,,81.94076655052265,82.126
2007,PL,オリックス・バファローズ,11013882,平下　晃司,K.Hirashita,8.0,14.0,13.0,0.0,1.0,1.0,0.0,0.0,2.0,0.0,0.0,0,1.0,0.0,0.0,0,0.0,4.0,1.0,0.077,0.077,0.154,0.23099999999999998,0.0,0.077,0.0,0.154,0.0,28.57142857142857,0.0,0.1111111111111111,0.07314999999999999,128.33333333333331,0.07692307692307693,0.15384615384615385,0.077,1.0,0.0,0.0,8.0,14.0,13.0,0.0,1.0,0.0,0.0,0.077,0.154,0.0,0,0.0,,2.0,0.0,0,1.0,0.0,,0.15384615384615385,-0.4560000000000002
2007,PL,オリックス・バファローズ,11013889,的山　哲也,T.Matoyama,42.0,62.0,55.0,5.0,11.0,4.0,0.0,1.0,18.0,4.0,0.0,0,1.0,0.0,5.0,0,1.0,17.0,2.0,0.2,0.279,0.327,0.6060000000000001,6.0,0.127,0.07900000000000001,0.406,8.064516129032258,27.419354838709676,0.29411764705882354,0.2702702702702703,0.20730000000000004,388.0,0.21818181818181817,0.5217391304347826,0.2,11.0,1.0,4.0,42.0,62.0,55.0,6.0,4.0,0.0,5.0,0.279,0.327,5.0,0,1.0,,18.0,0.0,0,1.0,0.0,,4.8,4.988
2007,PL,オリックス・バファローズ,11015115,辻　俊哉,T.Tsuji,12.0,39.0,33.0,2.0,6.0,2.0,0.0,0.0,8.0,3.0,0.0,0,2.0,0.0,4.0,0,0.0,8.0,1.0,0.182,0.27,0.242,0.512,4.0,0.06,0.08800000000000002,0.33,10.256410256410255,20.51282051282051,0.5,0.24,0.182,350.6666666666667,0.18181818181818182,0.42857142857142855,0.182,6.0,0.0,3.0,12.0,39.0,33.0,4.0,2.0,0.0,2.0,0.27,0.242,4.0,0,0.0,,8.0,0.0,0,2.0,0.0,,2.1621621621621623,2.114
2007,PL,千葉ロッテマリーンズ,11015119,成瀬　善久,Y.Naruse,24.0,5.0,4.0,0.0,1.0,0.0,0.0,0.0,1.0,0.0,0.0,0,1.0,0.0,0.0,0,0.0,1.0,0.0,0.25,0.25,0.25,0.5,1.0,0.0,0.0,0.25,0.0,20.0,0.0,0.3333333333333333,0.175,333.3333333333333,0.0,0.3333333333333333,0.25,1.0,0.0,0.0,24.0,5.0,4.0,1.0,0.0,0.0,0.0,0.25,0.25,0.0,0,0.0,,1.0,0.0,0,1.0,0.0,,0.25,0.20599999999999996
2007,PL,東北楽天ゴールデンイーグルス,1103884,礒部　公一,K.Isobe,123.0,486.0,441.0,43.0,122.0,20.0,2.0,5.0,161.0,48.0,5,3,5.0,5.0,33.0,0,2.0,72.0,16.0,0.277,0.326,0.365,0.6910000000000001,95.0,0.08799999999999997,0.04899999999999999,0.414,6.790123456790123,14.814814814814813,0.4583333333333333,0.3170731707317073,0.23795,447.66666666666663,0.17006802721088435,0.5940298507462687,0.277,122.0,5.0,48.0,123.0,486.0,441.0,95.0,20.0,2.0,43.0,0.326,0.365,33.0,0,2.0,,161.0,5,3,5.0,5.0,,52.64767932489451,52.007999999999996
2007,PL,東北楽天ゴールデンイーグルス,1105111,岩隈　久志,H.Iwakuma,16.0,0.0,0.0,0.0,0.0,0.0,0.0,0.0,0.0,0.0,0.0,0,0.0,0.0,0.0,0,0.0,0.0,0.0,,,,0.0,0.0,0.0,0.0,,nan,nan,nan,nan,0.0,0.0,nan,nan,,0.0,0.0,0.0,16.0,0.0,0.0,0.0,0.0,0.0,0.0,,,0.0,0,0.0,,0.0,0.0,0,0.0,0.0,,nan,0.0
2007,PL,北海道日本ハムファイターズ,1105119,稲田　直人,N.Inada,83.0,175.0,160.0,15.0,44.0,2.0,1.0,0.0,48.0,14.0,0,1,8.0,2.0,5.0,0,0.0,23.0,3.0,0.275,0.293,0.3,0.593,41.0,0.024999999999999967,0.01799999999999996,0.3179999999999999,2.857142857142857,13.142857142857142,0.21739130434782608,0.31654676258992803,0.20684999999999998,392.99999999999994,0.0625,0.453781512605042,0.275,44.0,0.0,14.0,83.0,175.0,160.0,41.0,2.0,1.0,15.0,0.293,0.3,5.0,0,0.0,,48.0,0,1,8.0,2.0,,14.254545454545454,13.441999999999998
2007,PL,埼玉西武ライオンズ,11215113,野田　浩輔,K.Noda,19.0,29.0,25.0,0.0,7.0,0.0,0.0,0.0,7.0,3.0,1,0,0.0,0.0,4.0,0,0.0,5.0,1.0,0.28,0.379,0.28,0.659,7.0,0.0,0.09899999999999998,0.379,13.793103448275861,17.24137931034483,0.8,0.35,0.24055,472.3333333333333,0.16,0.5789473684210527,0.28,7.0,0.0,3.0,19.0,29.0,25.0,7.0,0.0,0.0,0.0,0.379,0.28,4.0,0,0.0,,7.0,1,0,0.0,0.0,,2.6551724137931036,3.056
2007,PL,東北楽天ゴールデンイーグルス,11215114,田中　将大,M.Tanaka,28.0,3.0,2.0,0.0,0.0,0.0,0.0,0.0,0.0,0.0,0.0,0,1.0,0.0,0.0,0,0.0,1.0,0.0,0.0,0.0,0.0,0.0,0.0,0.0,0.0,0.0,0.0,33.33333333333333,0.0,0.0,0.0,0.0,0.0,0.0,0.0,0.0,0.0,0.0,28.0,3.0,2.0,0.0,0.0,0.0,0.0,0.0,0.0,0.0,0,0.0,,0.0,0.0,0,1.0,0.0,,0.0,-0.196
2007,PL,福岡ソフトバンクホークス,11215119,馬原　孝浩,T.Mahara,54.0,0.0,0.0,0.0,0.0,0.0,0.0,0.0,0.0,0.0,0.0,0,0.0,0.0,0.0,0,0.0,0.0,0.0,,,,0.0,0.0,0.0,0.0,,nan,nan,nan,nan,0.0,0.0,nan,nan,,0.0,0.0,0.0,54.0,0.0,0.0,0.0,0.0,0.0,0.0,,,0.0,0,0.0,,0.0,0.0,0,0.0,0.0,,nan,0.0
2007,PL,東北楽天ゴールデンイーグルス,11313887,小倉　恒,H.Ogura,39.0,1.0,1.0,0.0,0.0,0.0,0.0,0.0,0.0,0.0,0.0,0,0.0,0.0,0.0,0,0.0,0.0,0.0,0.0,0.0,0.0,0.0,0.0,0.0,0.0,0.0,0.0,0.0,nan,0.0,0.0,0.0,0.0,0.0,0.0,0.0,0.0,0.0,39.0,1.0,1.0,0.0,0.0,0.0,0.0,0.0,0.0,0.0,0,0.0,,0.0,0.0,0,0.0,0.0,,0.0,-0.098
2007,PL,福岡ソフトバンクホークス,11313889,大村　直之,N.Oomura,113.0,487.0,455.0,44.0,145.0,20.0,0.0,1.0,168.0,31.0,11,7,10.0,3.0,9.0,0,10.0,51.0,12.0,0.319,0.344,0.369,0.713,124.0,0.04999999999999999,0.024999999999999967,0.3939999999999999,1.8480492813141685,10.472279260780287,0.17647058823529413,0.35467980295566504,0.24705,466.99999999999994,0.08571428571428572,0.6024844720496895,0.319,145.0,1.0,31.0,113.0,487.0,455.0,124.0,20.0,0.0,44.0,0.344,0.369,9.0,0,10.0,,168.0,11,7,10.0,3.0,,55.758620689655174,54.99
2007,PL,福岡ソフトバンクホークス,11315110,江川　智晃,T.Egawa,8.0,17.0,17.0,1.0,4.0,0.0,1.0,1.0,9.0,4.0,0.0,0,0.0,0.0,0.0,0,0.0,5.0,0.0,0.235,0.235,0.529,0.764,2.0,0.29400000000000004,0.0,0.529,0.0,29.411764705882355,0.0,0.2727272727272727,0.238,411.3333333333333,0.29411764705882354,0.6923076923076923,0.235,4.0,1.0,4.0,8.0,17.0,17.0,2.0,0.0,1.0,1.0,0.235,0.529,0.0,0,0.0,,9.0,0.0,0,0.0,0.0,,2.1176470588235294,2.206
2007,PL,埼玉西武ライオンズ,11315114,岩﨑　哲也,T.Iwasaki,55.0,1.0,1.0,0.0,0.0,0.0,0.0,0.0,0.0,0.0,0.0,0,0.0,0.0,0.0,0,0.0,1.0,0.0,0.0,0.0,0.0,0.0,0.0,0.0,0.0,0.0,0.0,100.0,0.0,nan,0.0,0.0,0.0,0.0,0.0,0.0,0.0,0.0,55.0,1.0,1.0,0.0,0.0,0.0,0.0,0.0,0.0,0.0,0,0.0,,0.0,0.0,0,0.0,0.0,,0.0,-0.098
2007,PL,北海道日本ハムファイターズ,11415110,MICHEAL,M.Maikeru（nakamura,56.0,0.0,0.0,0.0,0.0,0.0,0.0,0.0,0.0,0.0,0.0,0,0.0,0.0,0.0,0,0.0,0.0,0.0,,,,0.0,0.0,0.0,0.0,,nan,nan,nan,nan,0.0,0.0,nan,nan,,0.0,0.0,0.0,56.0,0.0,0.0,0.0,0.0,0.0,0.0,,,0.0,0,0.0,,0.0,0.0,0,0.0,0.0,,nan,0.0
2007,PL,オリックス・バファローズ,11513888,川越　英隆,H.Kawagoe,24.0,3.0,2.0,0.0,0.0,0.0,0.0,0.0,0.0,0.0,0.0,0,1.0,0.0,0.0,0,0.0,2.0,0.0,0.0,0.0,0.0,0.0,0.0,0.0,0.0,0.0,0.0,66.66666666666666,0.0,nan,0.0,0.0,0.0,0.0,0.0,0.0,0.0,0.0,24.0,3.0,2.0,0.0,0.0,0.0,0.0,0.0,0.0,0.0,0,0.0,,0.0,0.0,0,1.0,0.0,,0.0,-0.196
2007,PL,埼玉西武ライオンズ,11515114,大﨑　雄太朗,Y.Oosaki,7.0,25.0,21.0,2.0,4.0,1.0,0.0,0.0,5.0,0.0,0.0,0,2.0,0.0,1.0,0,1.0,1.0,0.0,0.19,0.261,0.238,0.499,3.0,0.04799999999999999,0.07100000000000001,0.309,4.0,4.0,1.0,0.2,0.17695,340.3333333333333,0.09523809523809523,0.4117647058823529,0.19,4.0,0.0,0.0,7.0,25.0,21.0,3.0,1.0,0.0,2.0,0.261,0.238,1.0,0,1.0,,5.0,0.0,0,2.0,0.0,,1.1363636363636365,1.2139999999999997
2007,PL,オリックス・バファローズ,11613883,村松　有人,A.Muramatsu,128.0,506.0,453.0,56.0,131.0,11.0,3.0,0.0,148.0,28.0,9,6,19.0,3.0,27.0,0,4.0,58.0,6.0,0.289,0.333,0.327,0.66,117.0,0.038000000000000034,0.04400000000000004,0.371,5.33596837944664,11.462450592885375,0.46551724137931033,0.32914572864321606,0.23160000000000003,442.0,0.11037527593818984,0.5640243902439024,0.289,131.0,0.0,28.0,128.0,506.0,453.0,117.0,11.0,3.0,56.0,0.333,0.327,27.0,0,4.0,,148.0,9,6,19.0,3.0,,48.71666666666667,49.29400000000001
2007,PL,埼玉西武ライオンズ,11615110,山岸　穣,M.Yamagishi,18.0,0.0,0.0,0.0,0.0,0.0,0.0,0.0,0.0,0.0,0.0,0,0.0,0.0,0.0,0,0.0,0.0,0.0,,,,0.0,0.0,0.0,0.0,,nan,nan,nan,nan,0.0,0.0,nan,nan,,0.0,0.0,0.0,18.0,0.0,0.0,0.0,0.0,0.0,0.0,,,0.0,0,0.0,,0.0,0.0,0,0.0,0.0,,nan,0.0
2007,PL,オリックス・バファローズ,11615115,本柳　和也,K.Motoyanagi,49.0,0.0,0.0,0.0,0.0,0.0,0.0,0.0,0.0,0.0,0.0,0,0.0,0.0,0.0,0,0.0,0.0,0.0,,,,0.0,0.0,0.0,0.0,,nan,nan,nan,nan,0.0,0.0,nan,nan,,0.0,0.0,0.0,49.0,0.0,0.0,0.0,0.0,0.0,0.0,,,0.0,0,0.0,,0.0,0.0,0,0.0,0.0,,nan,0.0
2007,PL,埼玉西武ライオンズ,11713886,正津　英志,E.Shoutsu,26.0,0.0,0.0,0.0,0.0,0.0,0.0,0.0,0.0,0.0,0.0,0,0.0,0.0,0.0,0,0.0,0.0,0.0,,,,0.0,0.0,0.0,0.0,,nan,nan,nan,nan,0.0,0.0,nan,nan,,0.0,0.0,0.0,26.0,0.0,0.0,0.0,0.0,0.0,0.0,,,0.0,0,0.0,,0.0,0.0,0,0.0,0.0,,nan,0.0
2007,PL,東北楽天ゴールデンイーグルス,11715112,河田　寿司,H.Kawata,11.0,17.0,15.0,0.0,4.0,2.0,0.0,0.0,6.0,0.0,0.0,0,0.0,0.0,2.0,0,0.0,3.0,0.0,0.267,0.353,0.4,0.753,2.0,0.133,0.08599999999999997,0.486,11.76470588235294,17.647058823529413,0.6666666666666666,0.3333333333333333,0.25885,486.33333333333326,0.26666666666666666,0.7272727272727273,0.267,4.0,0.0,0.0,11.0,17.0,15.0,2.0,2.0,0.0,0.0,0.353,0.4,2.0,0,0.0,,6.0,0.0,0,0.0,0.0,,2.1176470588235294,2.0220000000000002
2007,PL,北海道日本ハムファイターズ,11715114,金子　洋平,Y.Kaneko,33.0,65.0,62.0,4.0,8.0,2.0,0.0,3.0,19.0,10.0,1,0,1.0,0.0,2.0,0,0.0,23.0,3.0,0.129,0.156,0.306,0.46199999999999997,3.0,0.177,0.026999999999999996,0.3329999999999999,3.076923076923077,35.38461538461539,0.08695652173913043,0.1388888888888889,0.1467,258.0,0.20967741935483872,0.3684210526315789,0.129,8.0,3.0,10.0,33.0,65.0,62.0,3.0,2.0,0.0,4.0,0.156,0.306,2.0,0,0.0,,19.0,1,0,1.0,0.0,,2.96875,2.628
2007,PL,福岡ソフトバンクホークス,11815117,和田　毅,T.Wada,26.0,8.0,6.0,0.0,0.0,0.0,0.0,0.0,0.0,0.0,0.0,0,2.0,0.0,0.0,0,0.0,3.0,0.0,0.0,0.0,0.0,0.0,0.0,0.0,0.0,0.0,0.0,37.5,0.0,0.0,0.0,0.0,0.0,0.0,0.0,0.0,0.0,0.0,26.0,8.0,6.0,0.0,0.0,0.0,0.0,0.0,0.0,0.0,0,0.0,,0.0,0.0,0,2.0,0.0,,0.0,-0.5880000000000001
2007,PL,北海道日本ハムファイターズ,11915111,田中　賢介,K.Tanaka,144.0,638.0,526.0,66.0,134.0,24.0,7.0,3.0,181.0,31.0,27,14,58.0,2.0,43.0,0,9.0,107.0,2.0,0.255,0.321,0.344,0.665,100.0,0.08899999999999997,0.066,0.41,6.739811912225706,16.77115987460815,0.40186915887850466,0.3133971291866029,0.23045,435.66666666666663,0.19771863117870722,0.6269035532994924,0.255,134.0,3.0,31.0,144.0,638.0,526.0,100.0,24.0,7.0,66.0,0.321,0.344,43.0,0,9.0,,181.0,27,14,58.0,2.0,,56.30404217926186,60.143999999999984
2007,PL,埼玉西武ライオンズ,11915117,G　後藤　武敏,T.Gomesu,20.0,42.0,37.0,2.0,6.0,0.0,0.0,0.0,6.0,1.0,0.0,0,1.0,1.0,3.0,0,0.0,12.0,1.0,0.162,0.22,0.162,0.382,6.0,0.0,0.057999999999999996,0.22,7.142857142857142,28.57142857142857,0.25,0.23076923076923078,0.1395,274.0,0.08108108108108109,0.28125,0.162,6.0,0.0,1.0,20.0,42.0,37.0,6.0,0.0,0.0,2.0,0.22,0.162,3.0,0,0.0,,6.0,0.0,0,1.0,1.0,,1.35,0.952
2007,PL,千葉ロッテマリーンズ,1203886,藤田　宗一,S.Fujita,31.0,0.0,0.0,0.0,0.0,0.0,0.0,0.0,0.0,0.0,0.0,0,0.0,0.0,0.0,0,0.0,0.0,0.0,,,,0.0,0.0,0.0,0.0,,nan,nan,nan,nan,0.0,0.0,nan,nan,,0.0,0.0,0.0,31.0,0.0,0.0,0.0,0.0,0.0,0.0,,,0.0,0,0.0,,0.0,0.0,0,0.0,0.0,,nan,0.0
2007,PL,千葉ロッテマリーンズ,1205111,南　竜介,R.Minami,10.0,5.0,5.0,0.0,1.0,0.0,0.0,0.0,1.0,0.0,0.0,0,0.0,0.0,0.0,0,0.0,2.0,0.0,0.2,0.2,0.2,0.4,1.0,0.0,0.0,0.2,0.0,40.0,0.0,0.3333333333333333,0.14,266.6666666666667,0.0,0.25,0.2,1.0,0.0,0.0,10.0,5.0,5.0,1.0,0.0,0.0,0.0,0.2,0.2,0.0,0,0.0,,1.0,0.0,0,0.0,0.0,,0.2,0.10799999999999998
2007,PL,千葉ロッテマリーンズ,1205112,根元　俊一,S.Nemoto,34.0,90.0,79.0,9.0,21.0,3.0,0.0,1.0,27.0,9.0,3,0,5.0,0.0,4.0,0,2.0,24.0,0.0,0.266,0.318,0.342,0.66,17.0,0.07600000000000001,0.05199999999999999,0.394,4.444444444444445,26.666666666666668,0.16666666666666666,0.37037037037037035,0.22860000000000003,432.0,0.12658227848101267,0.5689655172413793,0.266,21.0,1.0,9.0,34.0,90.0,79.0,17.0,3.0,0.0,9.0,0.318,0.342,4.0,0,2.0,,27.0,3,0,5.0,0.0,,8.132530120481928,8.396
2007,PL,埼玉西武ライオンズ,1205119,山崎　敏,S.Yamazaki,45.0,2.0,2.0,0.0,0.0,0.0,0.0,0.0,0.0,0.0,0.0,0,0.0,0.0,0.0,0,0.0,2.0,0.0,0.0,0.0,0.0,0.0,0.0,0.0,0.0,0.0,0.0,100.0,0.0,nan,0.0,0.0,0.0,0.0,0.0,0.0,0.0,0.0,45.0,2.0,2.0,0.0,0.0,0.0,0.0,0.0,0.0,0.0,0,0.0,,0.0,0.0,0,0.0,0.0,,0.0,-0.196
2007,PL,東北楽天ゴールデンイーグルス,1303868,山﨑　武司,T.Yamasaki,141.0,594.0,506.0,86.0,132.0,27.0,2.0,43.0,292.0,108.0,1.0,0,0.0,7.0,71.0,0,10.0,142.0,28.0,0.261,0.359,0.577,0.9359999999999999,60.0,0.31599999999999995,0.09799999999999998,0.6749999999999999,11.952861952861953,23.905723905723907,0.5,0.27134146341463417,0.30579999999999996,551.3333333333334,0.45849802371541504,0.9303482587064676,0.261,132.0,43.0,108.0,141.0,594.0,506.0,60.0,27.0,2.0,86.0,0.359,0.577,71.0,0,10.0,,292.0,1.0,0,0.0,7.0,,102.7313691507799,103.698
2007,PL,北海道日本ハムファイターズ,1303886,小田　智之,T.Oda,34.0,79.0,73.0,3.0,12.0,4.0,0.0,0.0,16.0,3.0,0.0,0,1.0,0.0,5.0,0,0.0,12.0,1.0,0.164,0.218,0.219,0.437,8.0,0.05499999999999999,0.05399999999999999,0.273,6.329113924050633,15.18987341772152,0.4166666666666667,0.19672131147540983,0.15285,291.0,0.1232876712328767,0.3387096774193548,0.164,12.0,0.0,3.0,34.0,79.0,73.0,8.0,4.0,0.0,3.0,0.218,0.219,5.0,0,0.0,,16.0,0.0,0,1.0,0.0,,3.4871794871794872,2.5519999999999987
2007,PL,埼玉西武ライオンズ,1305110,片岡　治大,Y.Kataoka,116.0,486.0,422.0,40.0,108.0,19.0,2.0,3.0,140.0,34.0,9.0,0,35.0,6.0,17.0,0,6.0,51.0,7.0,0.256,0.29,0.332,0.622,84.0,0.07600000000000001,0.033999999999999975,0.366,3.4979423868312756,10.493827160493826,0.3333333333333333,0.2807486631016043,0.21350000000000002,400.6666666666667,0.13744075829383887,0.5358255451713395,0.256,108.0,3.0,34.0,116.0,486.0,422.0,84.0,19.0,2.0,40.0,0.29,0.332,17.0,0,6.0,,140.0,9.0,0,35.0,6.0,,39.863325740318906,40.518
2007,PL,千葉ロッテマリーンズ,1305115,今江　年晶,T.Imae,102.0,338.0,305.0,32.0,76.0,14.0,2.0,9.0,121.0,42.0,0.0,0,12.0,4.0,13.0,0,3.0,55.0,8.0,0.249,0.283,0.397,0.6799999999999999,51.0,0.14800000000000002,0.033999999999999975,0.431,3.8461538461538463,16.272189349112427,0.23636363636363636,0.27346938775510204,0.2266,415.3333333333333,0.1901639344262295,0.5780590717299579,0.249,76.0,9.0,42.0,102.0,338.0,305.0,51.0,14.0,2.0,32.0,0.283,0.397,13.0,0,3.0,,121.0,0.0,0,12.0,4.0,,33.86477987421384,33.458
2007,PL,オリックス・バファローズ,1305119,香月　良太,R.Katsuki,3.0,0.0,0.0,0.0,0.0,0.0,0.0,0.0,0.0,0.0,0.0,0,0.0,0.0,0.0,0,0.0,0.0,0.0,,,,0.0,0.0,0.0,0.0,,nan,nan,nan,nan,0.0,0.0,nan,nan,,0.0,0.0,0.0,3.0,0.0,0.0,0.0,0.0,0.0,0.0,,,0.0,0,0.0,,0.0,0.0,0,0.0,0.0,,nan,0.0
2007,PL,福岡ソフトバンクホークス,13315110,R.ガトームソン,R.Guttormson,22.0,3.0,3.0,0.0,1.0,0.0,0.0,0.0,1.0,0.0,0.0,0,0.0,0.0,0.0,0,0.0,1.0,0.0,0.333,0.333,0.333,0.666,1.0,0.0,0.0,0.333,0.0,33.33333333333333,0.0,0.5,0.23310000000000003,444.0,0.0,0.5,0.333,1.0,0.0,0.0,22.0,3.0,3.0,1.0,0.0,0.0,0.0,0.333,0.333,0.0,0,0.0,,1.0,0.0,0,0.0,0.0,,0.3333333333333333,0.304
2007,PL,東北楽天ゴールデンイーグルス,13315112,インチェ,I.Inchiぇ（rin,4.0,0.0,0.0,0.0,0.0,0.0,0.0,0.0,0.0,0.0,0.0,0,0.0,0.0,0.0,0,0.0,0.0,0.0,,,,0.0,0.0,0.0,0.0,,nan,nan,nan,nan,0.0,0.0,nan,nan,,0.0,0.0,0.0,4.0,0.0,0.0,0.0,0.0,0.0,0.0,,,0.0,0,0.0,,0.0,0.0,0,0.0,0.0,,nan,0.0
2007,PL,福岡ソフトバンクホークス,13315114,C.ニコースキー,C.Nitkowski,46.0,0.0,0.0,0.0,0.0,0.0,0.0,0.0,0.0,0.0,0.0,0,0.0,0.0,0.0,0,0.0,0.0,0.0,,,,0.0,0.0,0.0,0.0,,nan,nan,nan,nan,0.0,0.0,nan,nan,,0.0,0.0,0.0,46.0,0.0,0.0,0.0,0.0,0.0,0.0,,,0.0,0,0.0,,0.0,0.0,0,0.0,0.0,,nan,0.0
2007,PL,北海道日本ハムファイターズ,13515114,B.スウィーニー,B.Sweeney,21.0,0.0,0.0,0.0,0.0,0.0,0.0,0.0,0.0,0.0,0.0,0,0.0,0.0,0.0,0,0.0,0.0,0.0,,,,0.0,0.0,0.0,0.0,,nan,nan,nan,nan,0.0,0.0,nan,nan,,0.0,0.0,0.0,21.0,0.0,0.0,0.0,0.0,0.0,0.0,,,0.0,0,0.0,,0.0,0.0,0,0.0,0.0,,nan,0.0
2007,PL,千葉ロッテマリーンズ,13515117,J.ズレータ,J.Zuleta,77.0,326.0,277.0,36.0,74.0,10.0,1.0,15.0,131.0,51.0,2,0,0.0,3.0,38.0,0,8.0,88.0,9.0,0.267,0.368,0.473,0.841,48.0,0.20599999999999996,0.10099999999999998,0.574,11.65644171779141,26.993865030674847,0.4318181818181818,0.3333333333333333,0.28385,525.6666666666666,0.34296028880866425,0.8349056603773585,0.267,74.0,15.0,51.0,77.0,326.0,277.0,48.0,10.0,1.0,36.0,0.368,0.473,38.0,0,8.0,,131.0,2,0,0.0,3.0,,46.577777777777776,49.126000000000005
2007,PL,東北楽天ゴールデンイーグルス,1505111,佐藤　宏志,H.Satou,1.0,0.0,0.0,0.0,0.0,0.0,0.0,0.0,0.0,0.0,0.0,0,0.0,0.0,0.0,0,0.0,0.0,0.0,,,,0.0,0.0,0.0,0.0,,nan,nan,nan,nan,0.0,0.0,nan,nan,,0.0,0.0,0.0,1.0,0.0,0.0,0.0,0.0,0.0,0.0,,,0.0,0,0.0,,0.0,0.0,0,0.0,0.0,,nan,0.0
2007,PL,千葉ロッテマリーンズ,1505114,大嶺　祐太,Y.Oomine,1.0,0.0,0.0,0.0,0.0,0.0,0.0,0.0,0.0,0.0,0.0,0,0.0,0.0,0.0,0,0.0,0.0,0.0,,,,0.0,0.0,0.0,0.0,,nan,nan,nan,nan,0.0,0.0,nan,nan,,0.0,0.0,0.0,1.0,0.0,0.0,0.0,0.0,0.0,0.0,,,0.0,0,0.0,,0.0,0.0,0,0.0,0.0,,nan,0.0
2007,PL,埼玉西武ライオンズ,1505119,黒瀬　春樹,H.Kurose,12.0,14.0,13.0,0.0,2.0,0.0,0.0,0.0,2.0,0.0,0.0,0,1.0,0.0,0.0,0,0.0,4.0,0.0,0.154,0.154,0.154,0.308,2.0,0.0,0.0,0.154,0.0,28.57142857142857,0.0,0.2222222222222222,0.1078,205.33333333333334,0.0,0.18181818181818182,0.154,2.0,0.0,0.0,12.0,14.0,13.0,2.0,0.0,0.0,0.0,0.154,0.154,0.0,0,0.0,,2.0,0.0,0,1.0,0.0,,0.3076923076923077,-0.07800000000000007
2007,PL,埼玉西武ライオンズ,1605111,ミンチェ,M.Minchiぇ（shuu,15.0,1.0,0.0,0.0,0.0,0.0,0.0,0.0,0.0,0.0,0.0,0,0.0,0.0,1.0,0,0.0,0.0,0.0,,1.0,,1.0,0.0,0.0,1.0,,100.0,0.0,nan,nan,0.45,1000.0,nan,nan,,0.0,0.0,0.0,15.0,1.0,0.0,0.0,0.0,0.0,0.0,1.0,,1.0,0,0.0,,0.0,0.0,0,0.0,0.0,,0.0,0.33
2007,PL,東北楽天ゴールデンイーグルス,1703883,関川　浩一,K.Sekikawa,17.0,25.0,24.0,4.0,5.0,2.0,0.0,0.0,7.0,2.0,0.0,0,0.0,0.0,0.0,0,1.0,5.0,0.0,0.208,0.24,0.292,0.532,3.0,0.08399999999999999,0.032,0.3239999999999999,0.0,20.0,0.0,0.2631578947368421,0.181,337.3333333333333,0.08333333333333333,0.42105263157894735,0.208,5.0,0.0,2.0,17.0,25.0,24.0,3.0,2.0,0.0,4.0,0.24,0.292,0.0,0,1.0,,7.0,0.0,0,0.0,0.0,,1.4583333333333333,1.408
2007,PL,東北楽天ゴールデンイーグルス,1705112,草野　大輔,D.Kusano,119.0,387.0,344.0,45.0,110.0,19.0,2.0,8.0,157.0,44.0,1,2,1.0,2.0,32.0,0,8.0,34.0,7.0,0.32,0.389,0.456,0.845,81.0,0.136,0.069,0.525,8.2687338501292,8.785529715762273,0.9411764705882353,0.3355263157894737,0.28905000000000003,541.0,0.23546511627906977,0.8257261410788381,0.32,110.0,8.0,44.0,119.0,387.0,344.0,81.0,19.0,2.0,45.0,0.389,0.456,32.0,0,8.0,,157.0,1,2,1.0,2.0,,59.29255319148936,58.408
2007,PL,埼玉西武ライオンズ,1805112,山本　歩,A.Yamamoto,5.0,0.0,0.0,0.0,0.0,0.0,0.0,0.0,0.0,0.0,0.0,0,0.0,0.0,0.0,0,0.0,0.0,0.0,,,,0.0,0.0,0.0,0.0,,nan,nan,nan,nan,0.0,0.0,nan,nan,,0.0,0.0,0.0,5.0,0.0,0.0,0.0,0.0,0.0,0.0,,,0.0,0,0.0,,0.0,0.0,0,0.0,0.0,,nan,0.0
2007,PL,東北楽天ゴールデンイーグルス,1903884,谷中　真二,S.Taninaka,2.0,0.0,0.0,0.0,0.0,0.0,0.0,0.0,0.0,0.0,0.0,0,0.0,0.0,0.0,0,0.0,0.0,0.0,,,,0.0,0.0,0.0,0.0,,nan,nan,nan,nan,0.0,0.0,nan,nan,,0.0,0.0,0.0,2.0,0.0,0.0,0.0,0.0,0.0,0.0,,,0.0,0,0.0,,0.0,0.0,0,0.0,0.0,,nan,0.0
2007,PL,オリックス・バファローズ,1903886,ユウキ,Y.Yuuki（tanaka,16.0,5.0,5.0,0.0,0.0,0.0,0.0,0.0,0.0,0.0,0.0,0,0.0,0.0,0.0,0,0.0,5.0,0.0,0.0,0.0,0.0,0.0,0.0,0.0,0.0,0.0,0.0,100.0,0.0,nan,0.0,0.0,0.0,0.0,0.0,0.0,0.0,0.0,16.0,5.0,5.0,0.0,0.0,0.0,0.0,0.0,0.0,0.0,0,0.0,,0.0,0.0,0,0.0,0.0,,0.0,-0.49
2007,PL,東北楽天ゴールデンイーグルス,1905114,嶋　基宏,M.Shima,125.0,354.0,312.0,33.0,57.0,6.0,0.0,2.0,69.0,16.0,3,2,20.0,1.0,20.0,0,1.0,74.0,6.0,0.183,0.234,0.221,0.455,49.0,0.038000000000000006,0.05100000000000002,0.272,5.649717514124294,20.903954802259886,0.2702702702702703,0.2320675105485232,0.16055,307.6666666666667,0.10897435897435898,0.3524904214559387,0.183,57.0,2.0,16.0,125.0,354.0,312.0,49.0,6.0,0.0,33.0,0.234,0.221,20.0,0,1.0,,69.0,3,2,20.0,1.0,,16.003012048192772,14.0
2007,PL,千葉ロッテマリーンズ,21025111,塀内　久雄,H.Heiuchi,88.0,146.0,134.0,17.0,25.0,11.0,1.0,0.0,38.0,7.0,2,0,5.0,1.0,6.0,0,0.0,41.0,2.0,0.187,0.22,0.284,0.504,13.0,0.09699999999999998,0.033,0.3169999999999999,4.10958904109589,28.08219178082192,0.14634146341463414,0.26595744680851063,0.16999999999999998,314.66666666666663,0.1417910447761194,0.3963963963963964,0.187,25.0,0.0,7.0,88.0,146.0,134.0,13.0,11.0,1.0,17.0,0.22,0.284,6.0,0,0.0,,38.0,2,0,5.0,1.0,,8.414285714285715,6.758000000000001
2007,PL,東北楽天ゴールデンイーグルス,21125110,一場　靖弘,Y.Ichiba,12.0,0.0,0.0,0.0,0.0,0.0,0.0,0.0,0.0,0.0,0.0,0,0.0,0.0,0.0,0,0.0,0.0,0.0,,,,0.0,0.0,0.0,0.0,,nan,nan,nan,nan,0.0,0.0,nan,nan,,0.0,0.0,0.0,12.0,0.0,0.0,0.0,0.0,0.0,0.0,,,0.0,0,0.0,,0.0,0.0,0,0.0,0.0,,nan,0.0
2007,PL,東北楽天ゴールデンイーグルス,21125115,有銘　兼久,K.Arime,52.0,4.0,4.0,0.0,1.0,0.0,0.0,0.0,1.0,0.0,0.0,0,0.0,0.0,0.0,0,0.0,2.0,0.0,0.25,0.25,0.25,0.5,1.0,0.0,0.0,0.25,0.0,50.0,0.0,0.5,0.175,333.3333333333333,0.0,0.3333333333333333,0.25,1.0,0.0,0.0,52.0,4.0,4.0,1.0,0.0,0.0,0.0,0.25,0.25,0.0,0,0.0,,1.0,0.0,0,0.0,0.0,,0.25,0.20599999999999996
2007,PL,東北楽天ゴールデンイーグルス,21225114,永井　怜,S.Nagai,38.0,4.0,4.0,0.0,0.0,0.0,0.0,0.0,0.0,0.0,0.0,0,0.0,0.0,0.0,0,0.0,3.0,0.0,0.0,0.0,0.0,0.0,0.0,0.0,0.0,0.0,0.0,75.0,0.0,0.0,0.0,0.0,0.0,0.0,0.0,0.0,0.0,0.0,38.0,4.0,4.0,0.0,0.0,0.0,0.0,0.0,0.0,0.0,0,0.0,,0.0,0.0,0,0.0,0.0,,0.0,-0.392
2007,PL,東北楽天ゴールデンイーグルス,21225117,中島　俊哉,T.Nakashima,8.0,16.0,15.0,1.0,6.0,1.0,0.0,0.0,7.0,2.0,0,1,0.0,0.0,1.0,0,0.0,4.0,0.0,0.4,0.438,0.467,0.905,5.0,0.067,0.03799999999999998,0.505,6.25,25.0,0.25,0.5454545454545454,0.31385,593.6666666666666,0.2,1.0,0.4,6.0,0.0,2.0,8.0,16.0,15.0,5.0,1.0,0.0,1.0,0.438,0.467,1.0,0,0.0,,7.0,0,1,0.0,0.0,,3.0625,2.848
2007,PL,埼玉西武ライオンズ,21323880,河原　純一,J.Kawahara,3.0,0.0,0.0,0.0,0.0,0.0,0.0,0.0,0.0,0.0,0.0,0,0.0,0.0,0.0,0,0.0,0.0,0.0,,,,0.0,0.0,0.0,0.0,,nan,nan,nan,nan,0.0,0.0,nan,nan,,0.0,0.0,0.0,3.0,0.0,0.0,0.0,0.0,0.0,0.0,,,0.0,0,0.0,,0.0,0.0,0,0.0,0.0,,nan,0.0
2007,PL,オリックス・バファローズ,21323887,菊地原　毅,T.Kikuchihara,28.0,0.0,0.0,0.0,0.0,0.0,0.0,0.0,0.0,0.0,0.0,0,0.0,0.0,0.0,0,0.0,0.0,0.0,,,,0.0,0.0,0.0,0.0,,nan,nan,nan,nan,0.0,0.0,nan,nan,,0.0,0.0,0.0,28.0,0.0,0.0,0.0,0.0,0.0,0.0,,,0.0,0,0.0,,0.0,0.0,0,0.0,0.0,,nan,0.0
2007,PL,北海道日本ハムファイターズ,21323889,金子　誠,M.Kaneko,132.0,470.0,419.0,34.0,102.0,15.0,4.0,4.0,137.0,53.0,9,5,20.0,0.0,27.0,0,4.0,78.0,9.0,0.243,0.296,0.327,0.623,79.0,0.08400000000000002,0.05299999999999999,0.38,5.74468085106383,16.595744680851062,0.34615384615384615,0.29080118694362017,0.21494999999999997,404.99999999999994,0.15990453460620524,0.5306748466257669,0.243,102.0,4.0,53.0,132.0,470.0,419.0,79.0,15.0,4.0,34.0,0.296,0.327,27.0,0,4.0,,137.0,9,5,20.0,0.0,,39.625560538116595,40.28399999999999
2007,PL,北海道日本ハムファイターズ,21325119,歌藤　達夫,T.Katou,11.0,0.0,0.0,0.0,0.0,0.0,0.0,0.0,0.0,0.0,0.0,0,0.0,0.0,0.0,0,0.0,0.0,0.0,,,,0.0,0.0,0.0,0.0,,nan,nan,nan,nan,0.0,0.0,nan,nan,,0.0,0.0,0.0,11.0,0.0,0.0,0.0,0.0,0.0,0.0,,,0.0,0,0.0,,0.0,0.0,0,0.0,0.0,,nan,0.0
2007,PL,オリックス・バファローズ,21425115,牧田　勝吾,S.Makita,9.0,26.0,24.0,3.0,7.0,2.0,0.0,1.0,12.0,3.0,0.0,0,1.0,1.0,0.0,0,0.0,4.0,3.0,0.292,0.28,0.5,0.78,4.0,0.20800000000000002,-0.011999999999999955,0.488,0.0,15.384615384615385,0.0,0.3,0.251,446.66666666666663,0.20833333333333334,0.6,0.292,7.0,1.0,3.0,9.0,26.0,24.0,4.0,2.0,0.0,3.0,0.28,0.5,0.0,0,0.0,,12.0,0.0,0,1.0,1.0,,3.5,3.2139999999999995
2007,PL,福岡ソフトバンクホークス,21523886,篠原　貴行,T.Shinohara,37.0,0.0,0.0,0.0,0.0,0.0,0.0,0.0,0.0,0.0,0.0,0,0.0,0.0,0.0,0,0.0,0.0,0.0,,,,0.0,0.0,0.0,0.0,,nan,nan,nan,nan,0.0,0.0,nan,nan,,0.0,0.0,0.0,37.0,0.0,0.0,0.0,0.0,0.0,0.0,,,0.0,0,0.0,,0.0,0.0,0,0.0,0.0,,nan,0.0
2007,PL,オリックス・バファローズ,21525113,加藤　康介,K.Katou,2.0,0.0,0.0,0.0,0.0,0.0,0.0,0.0,0.0,0.0,0.0,0,0.0,0.0,0.0,0,0.0,0.0,0.0,,,,0.0,0.0,0.0,0.0,,nan,nan,nan,nan,0.0,0.0,nan,nan,,0.0,0.0,0.0,2.0,0.0,0.0,0.0,0.0,0.0,0.0,,,0.0,0,0.0,,0.0,0.0,0,0.0,0.0,,nan,0.0
2007,PL,千葉ロッテマリーンズ,21525114,荻野　忠寛,T.Ogino,58.0,0.0,0.0,0.0,0.0,0.0,0.0,0.0,0.0,0.0,0.0,0,0.0,0.0,0.0,0,0.0,0.0,0.0,,,,0.0,0.0,0.0,0.0,,nan,nan,nan,nan,0.0,0.0,nan,nan,,0.0,0.0,0.0,58.0,0.0,0.0,0.0,0.0,0.0,0.0,,,0.0,0,0.0,,0.0,0.0,0,0.0,0.0,,nan,0.0
2007,PL,福岡ソフトバンクホークス,21525115,神内　靖,Y.Kamiuchi,8.0,0.0,0.0,0.0,0.0,0.0,0.0,0.0,0.0,0.0,0.0,0,0.0,0.0,0.0,0,0.0,0.0,0.0,,,,0.0,0.0,0.0,0.0,,nan,nan,nan,nan,0.0,0.0,nan,nan,,0.0,0.0,0.0,8.0,0.0,0.0,0.0,0.0,0.0,0.0,,,0.0,0,0.0,,0.0,0.0,0,0.0,0.0,,nan,0.0
2007,PL,オリックス・バファローズ,21525117,加藤　大輔,D.Katou,63.0,0.0,0.0,0.0,0.0,0.0,0.0,0.0,0.0,0.0,0.0,0,0.0,0.0,0.0,0,0.0,0.0,0.0,,,,0.0,0.0,0.0,0.0,,nan,nan,nan,nan,0.0,0.0,nan,nan,,0.0,0.0,0.0,63.0,0.0,0.0,0.0,0.0,0.0,0.0,,,0.0,0,0.0,,0.0,0.0,0,0.0,0.0,,nan,0.0
2007,PL,東北楽天ゴールデンイーグルス,21823881,吉岡　雄二,Y.Yoshioka,23.0,47.0,44.0,5.0,11.0,3.0,0.0,0.0,14.0,5.0,1,0,0.0,0.0,3.0,0,0.0,8.0,3.0,0.25,0.298,0.318,0.616,8.0,0.068,0.04799999999999999,0.366,6.382978723404255,17.02127659574468,0.375,0.3055555555555556,0.2136,403.99999999999994,0.13636363636363635,0.4722222222222222,0.25,11.0,0.0,5.0,23.0,47.0,44.0,8.0,3.0,0.0,5.0,0.298,0.318,3.0,0,0.0,,14.0,1,0,0.0,0.0,,4.170212765957447,3.9160000000000004
2007,PL,北海道日本ハムファイターズ,21825112,陽　岱鋼,D.You,55.0,116.0,109.0,12.0,26.0,8.0,2.0,0.0,38.0,10.0,3,2,4.0,0.0,2.0,0,1.0,30.0,0.0,0.239,0.259,0.349,0.608,16.0,0.10999999999999999,0.020000000000000018,0.369,1.7241379310344827,25.862068965517242,0.06666666666666667,0.3291139240506329,0.20379999999999998,375.33333333333337,0.14678899082568808,0.5180722891566265,0.239,26.0,0.0,10.0,55.0,116.0,109.0,16.0,8.0,2.0,12.0,0.259,0.349,2.0,0,1.0,,38.0,3,2,4.0,0.0,,9.585585585585585,9.055999999999997
2007,PL,千葉ロッテマリーンズ,21923889,福浦　和也,K.Fukuura,110.0,445.0,395.0,41.0,102.0,20.0,1.0,4.0,136.0,57.0,0,1,2.0,6.0,38.0,0,4.0,44.0,8.0,0.258,0.325,0.344,0.669,77.0,0.08599999999999997,0.067,0.411,8.539325842696629,9.887640449438202,0.8636363636363636,0.2776203966005666,0.23225,439.66666666666663,0.1848101265822785,0.5946843853820598,0.258,102.0,4.0,57.0,110.0,445.0,395.0,77.0,20.0,1.0,41.0,0.325,0.344,38.0,0,4.0,,136.0,0,1,2.0,6.0,,43.97228637413395,45.02600000000001
2007,PL,オリックス・バファローズ,21925117,坂口　智隆,T.Sakaguchi,46.0,149.0,137.0,13.0,33.0,6.0,1.0,0.0,41.0,8.0,4,1,6.0,0.0,5.0,0,1.0,21.0,0.0,0.241,0.273,0.299,0.5720000000000001,26.0,0.057999999999999996,0.03200000000000003,0.331,3.3557046979865772,14.093959731543624,0.23809523809523808,0.28448275862068967,0.1976,372.6666666666667,0.10218978102189781,0.46153846153846156,0.241,33.0,0.0,8.0,46.0,149.0,137.0,26.0,6.0,1.0,13.0,0.273,0.299,5.0,0,1.0,,41.0,4,1,6.0,0.0,,10.971830985915492,10.328
2007,PL,東北楽天ゴールデンイーグルス,23325114,林　恩宇,O.Rin,8.0,0.0,0.0,0.0,0.0,0.0,0.0,0.0,0.0,0.0,0.0,0,0.0,0.0,0.0,0,0.0,0.0,0.0,,,,0.0,0.0,0.0,0.0,,nan,nan,nan,nan,0.0,0.0,nan,nan,,0.0,0.0,0.0,8.0,0.0,0.0,0.0,0.0,0.0,0.0,,,0.0,0,0.0,,0.0,0.0,0,0.0,0.0,,nan,0.0
2007,PL,東北楽天ゴールデンイーグルス,31035113,鉄平,T.Teppei（tsuchiya,135.0,524.0,472.0,57.0,120.0,18.0,2.0,10.0,172.0,48.0,8,6,12.0,1.0,36.0,0,3.0,73.0,6.0,0.254,0.311,0.364,0.675,90.0,0.10999999999999999,0.056999999999999995,0.421,6.870229007633588,13.931297709923665,0.4931506849315068,0.28205128205128205,0.23095,432.33333333333337,0.19915254237288135,0.6061452513966481,0.254,120.0,10.0,48.0,135.0,524.0,472.0,90.0,18.0,2.0,57.0,0.311,0.364,36.0,0,3.0,,172.0,8,6,12.0,1.0,,52.818897637795274,53.894
2007,PL,東北楽天ゴールデンイーグルス,31035115,竜太郎,R.Ryuutarou（tsuji,3.0,6.0,5.0,0.0,0.0,0.0,0.0,0.0,0.0,0.0,0.0,0,0.0,0.0,1.0,0,0.0,1.0,0.0,0.0,0.167,0.0,0.167,0.0,0.0,0.167,0.167,16.666666666666664,16.666666666666664,1.0,0.0,0.07515000000000001,167.0,0.2,0.2,0.0,0.0,0.0,0.0,3.0,6.0,5.0,0.0,0.0,0.0,0.0,0.167,0.0,1.0,0,0.0,,0.0,0.0,0,0.0,0.0,,0.0,-0.15999999999999998
2007,PL,オリックス・バファローズ,31035117,下山　真二,S.Shimoyama,111.0,365.0,324.0,28.0,79.0,12.0,2.0,7.0,116.0,24.0,0,3,13.0,0.0,26.0,0,2.0,79.0,11.0,0.244,0.304,0.358,0.6619999999999999,58.0,0.11399999999999999,0.06,0.418,7.123287671232877,21.643835616438356,0.3291139240506329,0.3025210084033613,0.2263,423.3333333333333,0.2037037037037037,0.57421875,0.244,79.0,7.0,24.0,111.0,365.0,324.0,58.0,12.0,2.0,28.0,0.304,0.358,26.0,0,2.0,,116.0,0,3,13.0,0.0,,34.8,35.56999999999999
2007,PL,埼玉西武ライオンズ,3105112,A.グラマン,A.Graman,40.0,3.0,3.0,0.0,0.0,0.0,0.0,0.0,0.0,0.0,0.0,0,0.0,0.0,0.0,0,0.0,3.0,0.0,0.0,0.0,0.0,0.0,0.0,0.0,0.0,0.0,0.0,100.0,0.0,nan,0.0,0.0,0.0,0.0,0.0,0.0,0.0,0.0,40.0,3.0,3.0,0.0,0.0,0.0,0.0,0.0,0.0,0.0,0,0.0,,0.0,0.0,0,0.0,0.0,,0.0,-0.29400000000000004
2007,PL,オリックス・バファローズ,31133888,相川　良太,R.Aikawa,13.0,24.0,24.0,0.0,3.0,1.0,0.0,0.0,4.0,0.0,0.0,0,0.0,0.0,0.0,0,0.0,6.0,2.0,0.125,0.125,0.167,0.29200000000000004,2.0,0.04200000000000001,0.0,0.167,0.0,25.0,0.0,0.16666666666666666,0.098,180.66666666666666,0.041666666666666664,0.17391304347826086,0.125,3.0,0.0,0.0,13.0,24.0,24.0,2.0,1.0,0.0,0.0,0.125,0.167,0.0,0,0.0,,4.0,0.0,0,0.0,0.0,,0.5,-0.3380000000000003
2007,PL,埼玉西武ライオンズ,31133889,石井　貴,T.Ishii,8.0,0.0,0.0,0.0,0.0,0.0,0.0,0.0,0.0,0.0,0.0,0,0.0,0.0,0.0,0,0.0,0.0,0.0,,,,0.0,0.0,0.0,0.0,,nan,nan,nan,nan,0.0,0.0,nan,nan,,0.0,0.0,0.0,8.0,0.0,0.0,0.0,0.0,0.0,0.0,,,0.0,0,0.0,,0.0,0.0,0,0.0,0.0,,nan,0.0
2007,PL,東北楽天ゴールデンイーグルス,31135115,朝井　秀樹,H.Asai,31.0,6.0,5.0,0.0,0.0,0.0,0.0,0.0,0.0,0.0,0.0,0,1.0,0.0,0.0,0,0.0,1.0,0.0,0.0,0.0,0.0,0.0,0.0,0.0,0.0,0.0,0.0,16.666666666666664,0.0,0.0,0.0,0.0,0.0,0.0,0.0,0.0,0.0,0.0,31.0,6.0,5.0,0.0,0.0,0.0,0.0,0.0,0.0,0.0,0,0.0,,0.0,0.0,0,1.0,0.0,,0.0,-0.49
2007,PL,埼玉西武ライオンズ,31233884,宮越　徹,A.Miyakoshi,3.0,0.0,0.0,0.0,0.0,0.0,0.0,0.0,0.0,0.0,0.0,0,0.0,0.0,0.0,0,0.0,0.0,0.0,,,,0.0,0.0,0.0,0.0,,nan,nan,nan,nan,0.0,0.0,nan,nan,,0.0,0.0,0.0,3.0,0.0,0.0,0.0,0.0,0.0,0.0,,,0.0,0,0.0,,0.0,0.0,0,0.0,0.0,,nan,0.0
2007,PL,東北楽天ゴールデンイーグルス,31233887,牧野　塁,R.Makino,18.0,0.0,0.0,0.0,0.0,0.0,0.0,0.0,0.0,0.0,0.0,0,0.0,0.0,0.0,0,0.0,0.0,0.0,,,,0.0,0.0,0.0,0.0,,nan,nan,nan,nan,0.0,0.0,nan,nan,,0.0,0.0,0.0,18.0,0.0,0.0,0.0,0.0,0.0,0.0,,,0.0,0,0.0,,0.0,0.0,0,0.0,0.0,,nan,0.0
2007,PL,オリックス・バファローズ,31235112,中山　慎也,S.Nakayama,2.0,0.0,0.0,0.0,0.0,0.0,0.0,0.0,0.0,0.0,0.0,0,0.0,0.0,0.0,0,0.0,0.0,0.0,,,,0.0,0.0,0.0,0.0,,nan,nan,nan,nan,0.0,0.0,nan,nan,,0.0,0.0,0.0,2.0,0.0,0.0,0.0,0.0,0.0,0.0,,,0.0,0,0.0,,0.0,0.0,0,0.0,0.0,,nan,0.0
2007,PL,埼玉西武ライオンズ,31335111,貝塚　政秀,M.Kaizuka,19.0,36.0,33.0,0.0,5.0,0.0,0.0,0.0,5.0,1.0,0.0,0,1.0,0.0,2.0,0,0.0,8.0,0.0,0.152,0.2,0.152,0.352,5.0,0.0,0.048000000000000015,0.2,5.555555555555555,22.22222222222222,0.25,0.2,0.128,250.6666666666667,0.06060606060606061,0.25,0.152,5.0,0.0,1.0,19.0,36.0,33.0,5.0,0.0,0.0,0.0,0.2,0.152,2.0,0,0.0,,5.0,0.0,0,1.0,0.0,,1.0,0.4159999999999999
2007,PL,埼玉西武ライオンズ,31433884,和田　一浩,K.Wada,138.0,548.0,501.0,77.0,158.0,23.0,1.0,18.0,237.0,49.0,7,1,0.0,2.0,42.0,0,3.0,65.0,22.0,0.315,0.37,0.473,0.843,116.0,0.15799999999999997,0.05499999999999999,0.528,7.664233576642336,11.861313868613138,0.6461538461538462,0.3333333333333333,0.28475,527.6666666666666,0.2435129740518962,0.7753424657534247,0.315,158.0,18.0,49.0,138.0,548.0,501.0,116.0,23.0,1.0,77.0,0.37,0.473,42.0,0,3.0,,237.0,7,1,0.0,2.0,,87.29281767955801,82.936
2007,PL,埼玉西武ライオンズ,31435113,水田　圭介,K.Mizuta,19.0,13.0,10.0,3.0,2.0,0.0,0.0,0.0,2.0,0.0,1,0,1.0,0.0,1.0,0,1.0,2.0,0.0,0.2,0.333,0.2,0.533,2.0,0.0,0.133,0.333,7.6923076923076925,15.384615384615385,0.5,0.25,0.19985000000000003,399.6666666666667,0.1,0.5,0.2,2.0,0.0,0.0,19.0,13.0,10.0,2.0,0.0,0.0,3.0,0.333,0.2,1.0,0,1.0,,2.0,1,0,1.0,0.0,,0.5454545454545454,0.8760000000000001
2007,PL,千葉ロッテマリーンズ,31435117,西岡　剛,T.Nishioka,130.0,559.0,494.0,76.0,148.0,31.0,3.0,3.0,194.0,40.0,27,13,7.0,4.0,50.0,0,4.0,73.0,3.0,0.3,0.366,0.393,0.759,111.0,0.09300000000000003,0.066,0.459,8.94454382826476,13.059033989266547,0.684931506849315,0.34360189573459715,0.26295,497.0,0.22064777327935223,0.7478510028653295,0.3,148.0,3.0,40.0,130.0,559.0,494.0,111.0,31.0,3.0,76.0,0.366,0.393,50.0,0,4.0,,194.0,27,13,7.0,4.0,,70.61029411764706,71.51199999999999
2007,PL,千葉ロッテマリーンズ,31533880,黒木　知宏,T.Kuroki,1.0,0.0,0.0,0.0,0.0,0.0,0.0,0.0,0.0,0.0,0.0,0,0.0,0.0,0.0,0,0.0,0.0,0.0,,,,0.0,0.0,0.0,0.0,,nan,nan,nan,nan,0.0,0.0,nan,nan,,0.0,0.0,0.0,1.0,0.0,0.0,0.0,0.0,0.0,0.0,,,0.0,0,0.0,,0.0,0.0,0,0.0,0.0,,nan,0.0
2007,PL,福岡ソフトバンクホークス,31533889,小久保　裕紀,H.Kokubo,124.0,514.0,466.0,70.0,129.0,26.0,0.0,25.0,230.0,82.0,2,4,2.0,2.0,41.0,0,3.0,103.0,9.0,0.277,0.338,0.494,0.8320000000000001,78.0,0.21699999999999997,0.061,0.5549999999999999,7.976653696498054,20.038910505836576,0.39805825242718446,0.3058823529411765,0.2756,502.6666666666667,0.3133047210300429,0.8034682080924855,0.277,129.0,25.0,82.0,124.0,514.0,466.0,78.0,26.0,0.0,70.0,0.338,0.494,41.0,0,3.0,,230.0,2,4,2.0,2.0,,77.12031558185404,75.934
2007,PL,東北楽天ゴールデンイーグルス,31535113,沖原　佳典,Y.Okihara,6.0,21.0,18.0,2.0,3.0,1.0,0.0,0.0,4.0,0.0,0.0,0,1.0,0.0,0.0,0,2.0,4.0,0.0,0.167,0.25,0.222,0.472,2.0,0.05499999999999999,0.08299999999999999,0.305,0.0,19.047619047619047,0.0,0.21428571428571427,0.168,324.0,0.05555555555555555,0.4,0.167,3.0,0.0,0.0,6.0,21.0,18.0,2.0,1.0,0.0,2.0,0.25,0.222,0.0,0,2.0,,4.0,0.0,0,1.0,0.0,,0.6666666666666666,0.9099999999999999
2007,PL,埼玉西武ライオンズ,31535117,長田　秀一郎,S.Osada,22.0,0.0,0.0,0.0,0.0,0.0,0.0,0.0,0.0,0.0,0.0,0,0.0,0.0,0.0,0,0.0,0.0,0.0,,,,0.0,0.0,0.0,0.0,,nan,nan,nan,nan,0.0,0.0,nan,nan,,0.0,0.0,0.0,22.0,0.0,0.0,0.0,0.0,0.0,0.0,,,0.0,0,0.0,,0.0,0.0,0,0.0,0.0,,nan,0.0
2007,PL,福岡ソフトバンクホークス,31535119,城所　龍磨,R.Kidokoro,22.0,39.0,36.0,3.0,4.0,2.0,0.0,1.0,9.0,2.0,0.0,0,1.0,1.0,1.0,0,0.0,14.0,0.0,0.111,0.132,0.25,0.382,1.0,0.139,0.021000000000000005,0.271,2.564102564102564,35.8974358974359,0.07142857142857142,0.13636363636363635,0.12190000000000001,215.33333333333331,0.16666666666666666,0.3125,0.111,4.0,1.0,2.0,22.0,39.0,36.0,1.0,2.0,0.0,3.0,0.132,0.25,1.0,0,0.0,,9.0,0.0,0,1.0,1.0,,1.2162162162162162,0.5739999999999998
2007,PL,埼玉西武ライオンズ,31635110,涌井　秀章,H.Wakui,29.0,8.0,8.0,0.0,1.0,0.0,0.0,0.0,1.0,0.0,0.0,0,0.0,0.0,0.0,0,0.0,3.0,0.0,0.125,0.125,0.125,0.25,1.0,0.0,0.0,0.125,0.0,37.5,0.0,0.2,0.0875,166.66666666666666,0.0,0.14285714285714285,0.125,1.0,0.0,0.0,29.0,8.0,8.0,1.0,0.0,0.0,0.0,0.125,0.125,0.0,0,0.0,,1.0,0.0,0,0.0,0.0,,0.125,-0.18600000000000005
2007,PL,東北楽天ゴールデンイーグルス,31635112,松崎　伸吾,S.Matsuzaki,19.0,1.0,1.0,0.0,0.0,0.0,0.0,0.0,0.0,0.0,0.0,0,0.0,0.0,0.0,0,0.0,1.0,0.0,0.0,0.0,0.0,0.0,0.0,0.0,0.0,0.0,0.0,100.0,0.0,nan,0.0,0.0,0.0,0.0,0.0,0.0,0.0,0.0,19.0,1.0,1.0,0.0,0.0,0.0,0.0,0.0,0.0,0.0,0,0.0,,0.0,0.0,0,0.0,0.0,,0.0,-0.098
2007,PL,福岡ソフトバンクホークス,31635117,森本　学,S.Morimoto,41.0,114.0,105.0,13.0,21.0,5.0,1.0,0.0,28.0,8.0,2.0,2,3.0,0.0,6.0,0,0.0,27.0,1.0,0.2,0.243,0.267,0.51,15.0,0.067,0.04299999999999998,0.31,5.263157894736842,23.684210526315788,0.2222222222222222,0.2692307692307692,0.1761,332.0,0.14285714285714285,0.4235294117647059,0.2,21.0,0.0,8.0,41.0,114.0,105.0,15.0,5.0,1.0,13.0,0.243,0.267,6.0,0,0.0,,28.0,2.0,2,3.0,0.0,,6.8108108108108105,6.247999999999999
2007,PL,千葉ロッテマリーンズ,31733881,小宮山　悟,S.Komiyama,41.0,0.0,0.0,0.0,0.0,0.0,0.0,0.0,0.0,0.0,0.0,0,0.0,0.0,0.0,0,0.0,0.0,0.0,,,,0.0,0.0,0.0,0.0,,nan,nan,nan,nan,0.0,0.0,nan,nan,,0.0,0.0,0.0,41.0,0.0,0.0,0.0,0.0,0.0,0.0,,,0.0,0,0.0,,0.0,0.0,0,0.0,0.0,,nan,0.0
2007,PL,千葉ロッテマリーンズ,31733888,里崎　智也,T.Satozaki,127.0,528.0,477.0,56.0,129.0,27.0,3.0,14.0,204.0,75.0,1,0,4.0,6.0,36.0,0,5.0,109.0,4.0,0.27,0.324,0.428,0.752,85.0,0.15799999999999997,0.05399999999999999,0.482,6.8181818181818175,20.643939393939394,0.3302752293577982,0.3194444444444444,0.2528,466.6666666666667,0.23270440251572327,0.6960227272727273,0.27,129.0,14.0,75.0,127.0,528.0,477.0,85.0,27.0,3.0,56.0,0.324,0.428,36.0,0,5.0,,204.0,1,0,4.0,6.0,,65.6140350877193,64.646
2007,PL,千葉ロッテマリーンズ,31735117,神田　義英,Y.Kanda,16.0,0.0,0.0,0.0,0.0,0.0,0.0,0.0,0.0,0.0,0.0,0,0.0,0.0,0.0,0,0.0,0.0,0.0,,,,0.0,0.0,0.0,0.0,,nan,nan,nan,nan,0.0,0.0,nan,nan,,0.0,0.0,0.0,16.0,0.0,0.0,0.0,0.0,0.0,0.0,,,0.0,0,0.0,,0.0,0.0,0,0.0,0.0,,nan,0.0
2007,PL,埼玉西武ライオンズ,31735119,G.G.佐藤,T.Jijisatou（satou,136.0,542.0,486.0,65.0,136.0,31.0,3.0,25.0,248.0,69.0,7.0,7,0.0,2.0,38.0,0,16.0,103.0,13.0,0.28,0.351,0.51,0.861,77.0,0.22999999999999998,0.07099999999999995,0.581,7.011070110701106,19.00369003690037,0.36893203883495146,0.30833333333333335,0.28545,521.0,0.3230452674897119,0.8512396694214877,0.28,136.0,25.0,69.0,136.0,542.0,486.0,77.0,31.0,3.0,65.0,0.351,0.51,38.0,0,16.0,,248.0,7.0,7,0.0,2.0,,82.35114503816794,84.72
2007,PL,福岡ソフトバンクホークス,31835112,柳瀬　明宏,A.Yanase,44.0,0.0,0.0,0.0,0.0,0.0,0.0,0.0,0.0,0.0,0.0,0,0.0,0.0,0.0,0,0.0,0.0,0.0,,,,0.0,0.0,0.0,0.0,,nan,nan,nan,nan,0.0,0.0,nan,nan,,0.0,0.0,0.0,44.0,0.0,0.0,0.0,0.0,0.0,0.0,,,0.0,0,0.0,,0.0,0.0,0,0.0,0.0,,nan,0.0
2007,PL,北海道日本ハムファイターズ,31933884,髙橋　信二,S.Takahashi,112.0,422.0,385.0,38.0,98.0,23.0,0.0,10.0,151.0,43.0,2,0,4.0,3.0,26.0,0,4.0,64.0,9.0,0.255,0.306,0.392,0.698,65.0,0.137,0.05099999999999999,0.443,6.161137440758294,15.165876777251185,0.40625,0.2802547770700637,0.2357,436.66666666666663,0.2051948051948052,0.6114864864864865,0.255,98.0,10.0,43.0,112.0,422.0,385.0,65.0,23.0,0.0,38.0,0.306,0.392,26.0,0,4.0,,151.0,2,0,4.0,3.0,,45.557177615571774,45.233999999999995
2007,PL,オリックス・バファローズ,31935114,小松　聖,S.Komatsu,8.0,0.0,0.0,0.0,0.0,0.0,0.0,0.0,0.0,0.0,0.0,0,0.0,0.0,0.0,0,0.0,0.0,0.0,,,,0.0,0.0,0.0,0.0,,nan,nan,nan,nan,0.0,0.0,nan,nan,,0.0,0.0,0.0,8.0,0.0,0.0,0.0,0.0,0.0,0.0,,,0.0,0,0.0,,0.0,0.0,0,0.0,0.0,,nan,0.0
2007,PL,福岡ソフトバンクホークス,31935115,杉内　俊哉,T.Sugiuchi,28.0,6.0,6.0,0.0,1.0,1.0,0.0,0.0,2.0,0.0,0.0,0,0.0,0.0,0.0,0,0.0,4.0,0.0,0.167,0.167,0.333,0.5,0.0,0.166,0.0,0.333,0.0,66.66666666666666,0.0,0.5,0.1584,278.0,0.16666666666666666,0.4,0.167,1.0,0.0,0.0,28.0,6.0,6.0,0.0,1.0,0.0,0.0,0.167,0.333,0.0,0,0.0,,2.0,0.0,0,0.0,0.0,,0.3333333333333333,0.22999999999999998
2007,PL,北海道日本ハムファイターズ,31935119,須永　英輝,H.Sunaga,4.0,0.0,0.0,0.0,0.0,0.0,0.0,0.0,0.0,0.0,0.0,0,0.0,0.0,0.0,0,0.0,0.0,0.0,,,,0.0,0.0,0.0,0.0,,nan,nan,nan,nan,0.0,0.0,nan,nan,,0.0,0.0,0.0,4.0,0.0,0.0,0.0,0.0,0.0,0.0,,,0.0,0,0.0,,0.0,0.0,0,0.0,0.0,,nan,0.0
2007,PL,東北楽天ゴールデンイーグルス,3305117,J.フェルナンデス,J.Fernandez,132.0,502.0,444.0,52.0,120.0,15.0,1.0,22.0,203.0,79.0,7.0,0,0.0,4.0,49.0,0,5.0,94.0,16.0,0.27,0.347,0.457,0.804,82.0,0.187,0.07699999999999996,0.534,9.760956175298805,18.725099601593627,0.5212765957446809,0.29518072289156627,0.2704,499.3333333333333,0.3130630630630631,0.7764705882352941,0.27,120.0,22.0,79.0,132.0,502.0,444.0,82.0,15.0,1.0,52.0,0.347,0.457,49.0,0,5.0,,203.0,7.0,0,0.0,4.0,,69.58823529411765,71.84800000000001
2007,PL,オリックス・バファローズ,33135114,C.アレン,C.Allen,78.0,300.0,290.0,28.0,83.0,14.0,1.0,4.0,111.0,34.0,2,1,0.0,2.0,8.0,0,0.0,54.0,10.0,0.286,0.303,0.383,0.6859999999999999,64.0,0.09700000000000003,0.017000000000000015,0.4,2.666666666666667,18.0,0.14814814814814814,0.33760683760683763,0.2321,430.66666666666663,0.12758620689655173,0.5529953917050692,0.286,83.0,4.0,34.0,78.0,300.0,290.0,64.0,14.0,1.0,28.0,0.303,0.383,8.0,0,0.0,,111.0,2,1,0.0,2.0,,33.895973154362416,31.413999999999994
2007,PL,北海道日本ハムファイターズ,33535114,A.グリーン,A.Green,18.0,67.0,61.0,2.0,12.0,5.0,0.0,0.0,17.0,3.0,0.0,0,0.0,0.0,6.0,0,0.0,12.0,1.0,0.197,0.269,0.279,0.548,7.0,0.08200000000000002,0.07200000000000001,0.351,8.955223880597014,17.91044776119403,0.5,0.24489795918367346,0.19080000000000003,362.00000000000006,0.18032786885245902,0.46,0.197,12.0,0.0,3.0,18.0,67.0,61.0,7.0,5.0,0.0,2.0,0.269,0.279,6.0,0,0.0,,17.0,0.0,0,0.0,0.0,,4.567164179104478,4.278
2007,PL,オリックス・バファローズ,33535117,T.デイビー,T.Davey,26.0,4.0,4.0,0.0,0.0,0.0,0.0,0.0,0.0,0.0,0.0,0,0.0,0.0,0.0,0,0.0,1.0,0.0,0.0,0.0,0.0,0.0,0.0,0.0,0.0,0.0,0.0,25.0,0.0,0.0,0.0,0.0,0.0,0.0,0.0,0.0,0.0,0.0,26.0,4.0,4.0,0.0,0.0,0.0,0.0,0.0,0.0,0.0,0,0.0,,0.0,0.0,0,0.0,0.0,,0.0,-0.392
2007,PL,北海道日本ハムファイターズ,33735114,M.ジョーンズ,M.Jones,30.0,102.0,94.0,3.0,15.0,6.0,1.0,1.0,26.0,7.0,1,0,1.0,1.0,4.0,0,2.0,32.0,2.0,0.16,0.208,0.277,0.485,7.0,0.11700000000000002,0.04799999999999999,0.325,3.9215686274509802,31.372549019607842,0.125,0.22580645161290322,0.16285,300.3333333333333,0.1595744680851064,0.3950617283950617,0.16,15.0,1.0,7.0,30.0,102.0,94.0,7.0,6.0,1.0,3.0,0.208,0.277,4.0,0,2.0,,26.0,1,0,1.0,1.0,,5.040816326530612,4.537999999999999
2007,PL,千葉ロッテマリーンズ,3505112,M.ワトソン,M.Watson,51.0,150.0,138.0,12.0,28.0,7.0,0.0,4.0,47.0,13.0,0.0,0,0.0,0.0,12.0,0,0.0,25.0,9.0,0.203,0.267,0.341,0.6080000000000001,17.0,0.138,0.064,0.405,8.0,16.666666666666664,0.48,0.22018348623853212,0.20540000000000003,380.6666666666667,0.2246376811594203,0.4957983193277311,0.203,28.0,4.0,13.0,51.0,150.0,138.0,17.0,7.0,0.0,12.0,0.267,0.341,12.0,0,0.0,,47.0,0.0,0,0.0,0.0,,12.533333333333333,12.479999999999997
2007,PL,東北楽天ゴールデンイーグルス,41043882,松本　輝,A.Matsumoto,33.0,0.0,0.0,0.0,0.0,0.0,0.0,0.0,0.0,0.0,0.0,0,0.0,0.0,0.0,0,0.0,0.0,0.0,,,,0.0,0.0,0.0,0.0,,nan,nan,nan,nan,0.0,0.0,nan,nan,,0.0,0.0,0.0,33.0,0.0,0.0,0.0,0.0,0.0,0.0,,,0.0,0,0.0,,0.0,0.0,0,0.0,0.0,,nan,0.0
2007,PL,埼玉西武ライオンズ,41043888,星野　智樹,T.Hoshino,37.0,0.0,0.0,0.0,0.0,0.0,0.0,0.0,0.0,0.0,0.0,0,0.0,0.0,0.0,0,0.0,0.0,0.0,,,,0.0,0.0,0.0,0.0,,nan,nan,nan,nan,0.0,0.0,nan,nan,,0.0,0.0,0.0,37.0,0.0,0.0,0.0,0.0,0.0,0.0,,,0.0,0,0.0,,0.0,0.0,0,0.0,0.0,,nan,0.0
2007,PL,福岡ソフトバンクホークス,41045114,髙谷　裕亮,H.Takaya,12.0,30.0,23.0,2.0,3.0,2.0,0.0,0.0,5.0,4.0,0.0,0,2.0,0.0,5.0,0,0.0,15.0,0.0,0.13,0.286,0.217,0.503,1.0,0.087,0.15599999999999997,0.373,16.666666666666664,50.0,0.3333333333333333,0.375,0.18294999999999997,358.33333333333326,0.30434782608695654,0.5,0.13,3.0,0.0,4.0,12.0,30.0,23.0,1.0,2.0,0.0,2.0,0.286,0.217,5.0,0,0.0,,5.0,0.0,0,2.0,0.0,,1.4285714285714286,1.63
2007,PL,東北楽天ゴールデンイーグルス,41045115,長坂　健冶,K.Nagasaka,1.0,2.0,2.0,0.0,0.0,0.0,0.0,0.0,0.0,0.0,0.0,0,0.0,0.0,0.0,0,0.0,0.0,1.0,0.0,0.0,0.0,0.0,0.0,0.0,0.0,0.0,0.0,0.0,nan,0.0,0.0,0.0,0.0,0.0,0.0,0.0,0.0,0.0,1.0,2.0,2.0,0.0,0.0,0.0,0.0,0.0,0.0,0.0,0,0.0,,0.0,0.0,0,0.0,0.0,,0.0,-0.196
2007,PL,北海道日本ハムファイターズ,41045117,武田　久,H.Takeda,64.0,1.0,1.0,0.0,0.0,0.0,0.0,0.0,0.0,0.0,0.0,0,0.0,0.0,0.0,0,0.0,1.0,0.0,0.0,0.0,0.0,0.0,0.0,0.0,0.0,0.0,0.0,100.0,0.0,nan,0.0,0.0,0.0,0.0,0.0,0.0,0.0,0.0,64.0,1.0,1.0,0.0,0.0,0.0,0.0,0.0,0.0,0.0,0,0.0,,0.0,0.0,0,0.0,0.0,,0.0,-0.098
2007,PL,千葉ロッテマリーンズ,41143880,サブロー,S.Saburo（oomura,133.0,528.0,472.0,67.0,127.0,28.0,4.0,7.0,184.0,68.0,13,5,3.0,6.0,43.0,0,4.0,105.0,5.0,0.269,0.331,0.39,0.7210000000000001,88.0,0.121,0.062,0.452,8.143939393939394,19.886363636363637,0.4095238095238095,0.32786885245901637,0.24645,461.0,0.22245762711864406,0.6742857142857143,0.269,127.0,7.0,68.0,133.0,528.0,472.0,88.0,28.0,4.0,67.0,0.331,0.39,43.0,0,4.0,,184.0,13,5,3.0,6.0,,60.737864077669904,61.0
2007,PL,オリックス・バファローズ,41145113,阿部　真宏,M.Abe,77.0,281.0,239.0,30.0,62.0,14.0,1.0,0.0,78.0,18.0,2,1,18.0,1.0,18.0,0,5.0,21.0,4.0,0.259,0.323,0.326,0.649,47.0,0.067,0.064,0.39,6.405693950177936,7.473309608540925,0.8571428571428571,0.2831050228310502,0.22685,431.6666666666667,0.14644351464435146,0.56353591160221,0.259,62.0,0.0,18.0,77.0,281.0,239.0,47.0,14.0,1.0,30.0,0.323,0.326,18.0,0,5.0,,78.0,2,1,18.0,1.0,,24.280155642023345,25.044
2007,PL,オリックス・バファローズ,41243868,吉田　修司,S.Yoshida,36.0,0.0,0.0,0.0,0.0,0.0,0.0,0.0,0.0,0.0,0.0,0,0.0,0.0,0.0,0,0.0,0.0,0.0,,,,0.0,0.0,0.0,0.0,,nan,nan,nan,nan,0.0,0.0,nan,nan,,0.0,0.0,0.0,36.0,0.0,0.0,0.0,0.0,0.0,0.0,,,0.0,0,0.0,,0.0,0.0,0,0.0,0.0,,nan,0.0
2007,PL,福岡ソフトバンクホークス,41243886,星野　順治,J.Hoshino,5.0,0.0,0.0,0.0,0.0,0.0,0.0,0.0,0.0,0.0,0.0,0,0.0,0.0,0.0,0,0.0,0.0,0.0,,,,0.0,0.0,0.0,0.0,,nan,nan,nan,nan,0.0,0.0,nan,nan,,0.0,0.0,0.0,5.0,0.0,0.0,0.0,0.0,0.0,0.0,,,0.0,0,0.0,,0.0,0.0,0,0.0,0.0,,nan,0.0
2007,PL,北海道日本ハムファイターズ,41243888,森本　稀哲,H.Morimoto,144.0,660.0,584.0,91.0,175.0,27.0,3.0,3.0,217.0,44.0,31,3,17.0,6.0,47.0,0,6.0,111.0,6.0,0.3,0.355,0.372,0.727,142.0,0.07200000000000001,0.05499999999999999,0.427,7.121212121212121,16.818181818181817,0.42342342342342343,0.36134453781512604,0.25275000000000003,479.0,0.15753424657534246,0.6578313253012048,0.3,175.0,3.0,44.0,144.0,660.0,584.0,142.0,27.0,3.0,91.0,0.355,0.372,47.0,0,6.0,,217.0,31,3,17.0,6.0,,76.34548335974644,75.828
2007,PL,埼玉西武ライオンズ,41245113,帆足　和幸,K.Hoashi,14.0,0.0,0.0,0.0,0.0,0.0,0.0,0.0,0.0,0.0,0.0,0,0.0,0.0,0.0,0,0.0,0.0,0.0,,,,0.0,0.0,0.0,0.0,,nan,nan,nan,nan,0.0,0.0,nan,nan,,0.0,0.0,0.0,14.0,0.0,0.0,0.0,0.0,0.0,0.0,,,0.0,0,0.0,,0.0,0.0,0,0.0,0.0,,nan,0.0
2007,PL,千葉ロッテマリーンズ,41245114,中郷　大樹,T.Nakagou,6.0,0.0,0.0,0.0,0.0,0.0,0.0,0.0,0.0,0.0,0.0,0,0.0,0.0,0.0,0,0.0,0.0,0.0,,,,0.0,0.0,0.0,0.0,,nan,nan,nan,nan,0.0,0.0,nan,nan,,0.0,0.0,0.0,6.0,0.0,0.0,0.0,0.0,0.0,0.0,,,0.0,0,0.0,,0.0,0.0,0,0.0,0.0,,nan,0.0
2007,PL,オリックス・バファローズ,41245117,長田　昌浩,M.Nagata,5.0,5.0,5.0,0.0,0.0,0.0,0.0,0.0,0.0,0.0,0,1,0.0,0.0,0.0,0,0.0,1.0,0.0,0.0,0.0,0.0,0.0,0.0,0.0,0.0,0.0,0.0,20.0,0.0,0.0,0.0,0.0,0.2,0.2,0.0,0.0,0.0,0.0,5.0,5.0,5.0,0.0,0.0,0.0,0.0,0.0,0.0,0.0,0,0.0,,0.0,0,1,0.0,0.0,,0.0,-0.31
2007,PL,北海道日本ハムファイターズ,41343888,金澤　健人,T.Kanazawa,10.0,0.0,0.0,0.0,0.0,0.0,0.0,0.0,0.0,0.0,0.0,0,0.0,0.0,0.0,0,0.0,0.0,0.0,,,,0.0,0.0,0.0,0.0,,nan,nan,nan,nan,0.0,0.0,nan,nan,,0.0,0.0,0.0,10.0,0.0,0.0,0.0,0.0,0.0,0.0,,,0.0,0,0.0,,0.0,0.0,0,0.0,0.0,,nan,0.0
2007,PL,オリックス・バファローズ,41345110,金子　千尋,C.Kaneko,36.0,0.0,0.0,0.0,0.0,0.0,0.0,0.0,0.0,0.0,0.0,0,0.0,0.0,0.0,0,0.0,0.0,0.0,,,,0.0,0.0,0.0,0.0,,nan,nan,nan,nan,0.0,0.0,nan,nan,,0.0,0.0,0.0,36.0,0.0,0.0,0.0,0.0,0.0,0.0,,,0.0,0,0.0,,0.0,0.0,0,0.0,0.0,,nan,0.0
2007,PL,福岡ソフトバンクホークス,41345111,川﨑　宗則,M.Kawasaki,95.0,427.0,383.0,57.0,126.0,12.0,7.0,4.0,164.0,43.0,23,8,10.0,1.0,29.0,0,4.0,46.0,3.0,0.329,0.381,0.428,0.8089999999999999,103.0,0.09899999999999998,0.05199999999999999,0.48,6.791569086651054,10.772833723653395,0.6304347826086957,0.3652694610778443,0.27845000000000003,523.6666666666667,0.195822454308094,0.7884615384615384,0.329,126.0,4.0,43.0,95.0,427.0,383.0,103.0,12.0,7.0,57.0,0.381,0.428,29.0,0,4.0,,164.0,23,8,10.0,1.0,,61.699029126213595,60.324000000000005
2007,PL,オリックス・バファローズ,41345113,大久保　勝信,M.Ookubo,42.0,0.0,0.0,0.0,0.0,0.0,0.0,0.0,0.0,0.0,0.0,0,0.0,0.0,0.0,0,0.0,0.0,0.0,,,,0.0,0.0,0.0,0.0,,nan,nan,nan,nan,0.0,0.0,nan,nan,,0.0,0.0,0.0,42.0,0.0,0.0,0.0,0.0,0.0,0.0,,,0.0,0,0.0,,0.0,0.0,0,0.0,0.0,,nan,0.0
2007,PL,北海道日本ハムファイターズ,41345115,江尻　慎太郎,S.Ejiri,42.0,1.0,1.0,0.0,0.0,0.0,0.0,0.0,0.0,0.0,0.0,0,0.0,0.0,0.0,0,0.0,1.0,0.0,0.0,0.0,0.0,0.0,0.0,0.0,0.0,0.0,0.0,100.0,0.0,nan,0.0,0.0,0.0,0.0,0.0,0.0,0.0,0.0,42.0,1.0,1.0,0.0,0.0,0.0,0.0,0.0,0.0,0.0,0,0.0,,0.0,0.0,0,0.0,0.0,,0.0,-0.098
2007,PL,オリックス・バファローズ,41345117,大西　宏明,H.Oonishi,83.0,257.0,227.0,28.0,56.0,8.0,0.0,4.0,76.0,16.0,3,2,5.0,2.0,20.0,0,3.0,55.0,4.0,0.247,0.313,0.335,0.648,44.0,0.08800000000000002,0.066,0.401,7.782101167315175,21.40077821011673,0.36363636363636365,0.3058823529411765,0.22460000000000002,424.6666666666667,0.18502202643171806,0.5771428571428572,0.247,56.0,4.0,16.0,83.0,257.0,227.0,44.0,8.0,0.0,28.0,0.313,0.335,20.0,0,3.0,,76.0,3,2,5.0,2.0,,23.384615384615383,24.712
2007,PL,北海道日本ハムファイターズ,41345119,金森　敬之,T.Kanamori,15.0,0.0,0.0,0.0,0.0,0.0,0.0,0.0,0.0,0.0,0.0,0,0.0,0.0,0.0,0,0.0,0.0,0.0,,,,0.0,0.0,0.0,0.0,,nan,nan,nan,nan,0.0,0.0,nan,nan,,0.0,0.0,0.0,15.0,0.0,0.0,0.0,0.0,0.0,0.0,,,0.0,0,0.0,,0.0,0.0,0,0.0,0.0,,nan,0.0
2007,PL,福岡ソフトバンクホークス,41445112,本多　雄一,Y.Honda,141.0,612.0,550.0,62.0,151.0,25.0,5.0,2.0,192.0,42.0,34,13,23.0,2.0,35.0,0,2.0,112.0,5.0,0.275,0.319,0.349,0.6679999999999999,119.0,0.07399999999999995,0.043999999999999984,0.3929999999999999,5.718954248366013,18.30065359477124,0.3125,0.3401826484018265,0.2308,435.33333333333337,0.1618181818181818,0.599009900990099,0.275,151.0,2.0,42.0,141.0,612.0,550.0,119.0,25.0,5.0,62.0,0.319,0.349,35.0,0,2.0,,192.0,34,13,23.0,2.0,,61.04615384615385,61.02799999999999
2007,PL,福岡ソフトバンクホークス,41445113,秋親,A.Akichika（yamada,6.0,0.0,0.0,0.0,0.0,0.0,0.0,0.0,0.0,0.0,0.0,0,0.0,0.0,0.0,0,0.0,0.0,0.0,,,,0.0,0.0,0.0,0.0,,nan,nan,nan,nan,0.0,0.0,nan,nan,,0.0,0.0,0.0,6.0,0.0,0.0,0.0,0.0,0.0,0.0,,,0.0,0,0.0,,0.0,0.0,0,0.0,0.0,,nan,0.0
2007,PL,埼玉西武ライオンズ,41445114,原　拓也,T.Hara,12.0,16.0,15.0,0.0,3.0,0.0,0.0,0.0,3.0,0.0,0.0,0,1.0,0.0,0.0,0,0.0,3.0,0.0,0.2,0.2,0.2,0.4,3.0,0.0,0.0,0.2,0.0,18.75,0.0,0.25,0.14,266.6666666666667,0.0,0.25,0.2,3.0,0.0,0.0,12.0,16.0,15.0,3.0,0.0,0.0,0.0,0.2,0.2,0.0,0,0.0,,3.0,0.0,0,1.0,0.0,,0.6,0.32399999999999984
2007,PL,福岡ソフトバンクホークス,41543889,佐藤　誠,M.Satou,27.0,0.0,0.0,0.0,0.0,0.0,0.0,0.0,0.0,0.0,0.0,0,0.0,0.0,0.0,0,0.0,0.0,0.0,,,,0.0,0.0,0.0,0.0,,nan,nan,nan,nan,0.0,0.0,nan,nan,,0.0,0.0,0.0,27.0,0.0,0.0,0.0,0.0,0.0,0.0,,,0.0,0,0.0,,0.0,0.0,0,0.0,0.0,,nan,0.0
2007,PL,北海道日本ハムファイターズ,41545110,工藤　隆人,T.Kudou,72.0,231.0,215.0,23.0,62.0,6.0,4.0,0.0,76.0,17.0,9,1,3.0,0.0,12.0,0,1.0,44.0,0.0,0.288,0.329,0.353,0.6819999999999999,52.0,0.065,0.041000000000000036,0.394,5.194805194805195,19.047619047619047,0.2727272727272727,0.36257309941520466,0.2363,446.66666666666663,0.12558139534883722,0.5882352941176471,0.288,62.0,0.0,17.0,72.0,231.0,215.0,52.0,6.0,4.0,23.0,0.329,0.353,12.0,0,1.0,,76.0,9,1,3.0,0.0,,24.77533039647577,23.956000000000003
2007,PL,千葉ロッテマリーンズ,41545111,清水　直行,N.Shimizu,25.0,8.0,8.0,0.0,1.0,0.0,0.0,0.0,1.0,0.0,0.0,0,0.0,0.0,0.0,0,0.0,3.0,0.0,0.125,0.125,0.125,0.25,1.0,0.0,0.0,0.125,0.0,37.5,0.0,0.2,0.0875,166.66666666666666,0.0,0.14285714285714285,0.125,1.0,0.0,0.0,25.0,8.0,8.0,1.0,0.0,0.0,0.0,0.125,0.125,0.0,0,0.0,,1.0,0.0,0,0.0,0.0,,0.125,-0.18600000000000005
2007,PL,千葉ロッテマリーンズ,41545114,角中　勝也,K.Kakunaka,9.0,17.0,17.0,2.0,4.0,0.0,0.0,0.0,4.0,2.0,0,1,0.0,0.0,0.0,0,0.0,4.0,1.0,0.235,0.235,0.235,0.47,4.0,0.0,0.0,0.235,0.0,23.52941176470588,0.0,0.3076923076923077,0.16449999999999998,313.3333333333333,0.058823529411764705,0.35714285714285715,0.235,4.0,0.0,2.0,9.0,17.0,17.0,4.0,0.0,0.0,2.0,0.235,0.235,0.0,0,0.0,,4.0,0,1,0.0,0.0,,0.9411764705882353,0.9060000000000001
2007,PL,オリックス・バファローズ,41643883,水口　栄二,E.Mizuguchi,52.0,95.0,83.0,4.0,19.0,3.0,1.0,0.0,24.0,10.0,1.0,1,1.0,1.0,9.0,0,1.0,14.0,1.0,0.229,0.309,0.289,0.598,15.0,0.05999999999999997,0.07999999999999999,0.369,9.473684210526317,14.736842105263156,0.6428571428571429,0.2714285714285714,0.2113,405.3333333333333,0.18072289156626506,0.5384615384615384,0.229,19.0,0.0,10.0,52.0,95.0,83.0,15.0,3.0,1.0,4.0,0.309,0.289,9.0,0,1.0,,24.0,1.0,1,1.0,1.0,,7.304347826086956,7.9079999999999995
2007,PL,オリックス・バファローズ,41645112,森山　周,M.Moriyama,11.0,15.0,13.0,1.0,0.0,0.0,0.0,0.0,0.0,0.0,0.0,0,2.0,0.0,0.0,0,0.0,0.0,0.0,0.0,0.0,0.0,0.0,0.0,0.0,0.0,0.0,0.0,0.0,nan,0.0,0.0,0.0,0.0,0.0,0.0,0.0,0.0,0.0,11.0,15.0,13.0,0.0,0.0,0.0,1.0,0.0,0.0,0.0,0,0.0,,0.0,0.0,0,2.0,0.0,,0.0,-1.274
2007,PL,埼玉西武ライオンズ,41645113,A.カブレラ,A.Cabrera,119.0,501.0,441.0,51.0,130.0,15.0,0.0,27.0,226.0,81.0,0,2,0.0,1.0,53.0,0,6.0,109.0,8.0,0.295,0.377,0.512,0.889,88.0,0.21700000000000003,0.08200000000000002,0.5940000000000001,10.578842315369261,21.756487025948104,0.48623853211009177,0.3366013071895425,0.29764999999999997,547.6666666666666,0.3424036281179138,0.8996865203761756,0.295,130.0,27.0,81.0,119.0,501.0,441.0,88.0,15.0,0.0,51.0,0.377,0.512,53.0,0,6.0,,226.0,0,2,0.0,1.0,,83.72064777327935,83.03199999999998
2007,PL,オリックス・バファローズ,41645119,D.セラフィニ,D.Serafini,9.0,0.0,0.0,0.0,0.0,0.0,0.0,0.0,0.0,0.0,0.0,0,0.0,0.0,0.0,0,0.0,0.0,0.0,,,,0.0,0.0,0.0,0.0,,nan,nan,nan,nan,0.0,0.0,nan,nan,,0.0,0.0,0.0,9.0,0.0,0.0,0.0,0.0,0.0,0.0,,,0.0,0,0.0,,0.0,0.0,0,0.0,0.0,,nan,0.0
2007,PL,北海道日本ハムファイターズ,41743862,田中　幸雄,Y.Tanaka,65.0,141.0,135.0,16.0,30.0,4.0,0.0,5.0,49.0,19.0,0.0,0,1.0,0.0,5.0,0,0.0,28.0,4.0,0.222,0.25,0.363,0.613,21.0,0.141,0.027999999999999997,0.391,3.546099290780142,19.858156028368796,0.17857142857142858,0.24509803921568626,0.20325,371.0,0.17777777777777778,0.4954128440366973,0.222,30.0,5.0,19.0,65.0,141.0,135.0,21.0,4.0,0.0,16.0,0.25,0.363,5.0,0,0.0,,49.0,0.0,0,1.0,0.0,,12.25,11.939999999999996
2007,PL,福岡ソフトバンクホークス,41743880,多村　仁志,H.Tamura,132.0,553.0,509.0,61.0,138.0,28.0,3.0,13.0,211.0,68.0,3,2,2.0,1.0,38.0,0,3.0,117.0,8.0,0.271,0.325,0.415,0.74,94.0,0.14399999999999996,0.05399999999999999,0.469,6.871609403254973,21.15732368896926,0.3247863247863248,0.32894736842105265,0.25,463.33333333333337,0.2220039292730845,0.6701846965699209,0.271,138.0,13.0,68.0,132.0,553.0,509.0,94.0,28.0,3.0,61.0,0.325,0.415,38.0,0,3.0,,211.0,3,2,2.0,1.0,,67.89031078610603,66.532
2007,PL,東北楽天ゴールデンイーグルス,41743886,高須　洋介,Y.Takasu,130.0,551.0,481.0,54.0,136.0,26.0,1.0,1.0,167.0,44.0,15,6,30.0,2.0,32.0,0,6.0,51.0,11.0,0.283,0.334,0.347,0.681,108.0,0.064,0.051000000000000045,0.398,5.807622504537205,9.25589836660617,0.6274509803921569,0.31322505800464034,0.23705,449.6666666666667,0.14345114345114346,0.5926966292134831,0.283,136.0,1.0,44.0,130.0,551.0,481.0,108.0,26.0,1.0,54.0,0.334,0.347,32.0,0,6.0,,167.0,15,6,30.0,2.0,,54.69005847953216,55.010000000000005
2007,PL,東北楽天ゴールデンイーグルス,41745110,塩川　達也,T.Shiokawa,84.0,113.0,95.0,19.0,18.0,2.0,0.0,0.0,20.0,4.0,5,3,8.0,1.0,9.0,0,0.0,25.0,2.0,0.189,0.257,0.211,0.46799999999999997,16.0,0.021999999999999992,0.068,0.279,7.964601769911504,22.123893805309734,0.36,0.2535211267605634,0.1684,327.33333333333337,0.14736842105263157,0.4050632911392405,0.189,18.0,0.0,4.0,84.0,113.0,95.0,16.0,2.0,0.0,19.0,0.257,0.211,9.0,0,0.0,,20.0,5,3,8.0,1.0,,5.1923076923076925,5.403999999999999
2007,PL,福岡ソフトバンクホークス,41745112,小斉　祐輔,Y.Kosai,4.0,8.0,7.0,1.0,1.0,0.0,0.0,0.0,1.0,0.0,0.0,0,0.0,0.0,1.0,0,0.0,3.0,0.0,0.143,0.25,0.143,0.393,1.0,0.0,0.10700000000000001,0.25,12.5,37.5,0.3333333333333333,0.25,0.14825,297.66666666666663,0.14285714285714285,0.3333333333333333,0.143,1.0,0.0,0.0,4.0,8.0,7.0,1.0,0.0,0.0,1.0,0.25,0.143,1.0,0,0.0,,1.0,0.0,0,0.0,0.0,,0.25,0.242
2007,PL,埼玉西武ライオンズ,41745114,木村　文紀,F.Kimura,1.0,0.0,0.0,0.0,0.0,0.0,0.0,0.0,0.0,0.0,0.0,0,0.0,0.0,0.0,0,0.0,0.0,0.0,,,,0.0,0.0,0.0,0.0,,nan,nan,nan,nan,0.0,0.0,nan,nan,,0.0,0.0,0.0,1.0,0.0,0.0,0.0,0.0,0.0,0.0,,,0.0,0,0.0,,0.0,0.0,0,0.0,0.0,,nan,0.0
2007,PL,北海道日本ハムファイターズ,41845114,吉川　光夫,M.Yoshikawa,20.0,6.0,6.0,0.0,0.0,0.0,0.0,0.0,0.0,0.0,0.0,0,0.0,0.0,0.0,0,0.0,4.0,0.0,0.0,0.0,0.0,0.0,0.0,0.0,0.0,0.0,0.0,66.66666666666666,0.0,0.0,0.0,0.0,0.0,0.0,0.0,0.0,0.0,0.0,20.0,6.0,6.0,0.0,0.0,0.0,0.0,0.0,0.0,0.0,0,0.0,,0.0,0.0,0,0.0,0.0,,0.0,-0.5880000000000001
2007,PL,東北楽天ゴールデンイーグルス,41845117,リック,R.Short,115.0,458.0,418.0,31.0,138.0,31.0,0.0,4.0,181.0,53.0,2.0,2,3.0,2.0,29.0,0,6.0,44.0,22.0,0.33,0.38,0.433,0.813,103.0,0.10299999999999998,0.04999999999999999,0.483,6.331877729257641,9.606986899563319,0.6590909090909091,0.3602150537634409,0.27925,524.3333333333334,0.17703349282296652,0.7218543046357616,0.33,138.0,4.0,53.0,115.0,458.0,418.0,103.0,31.0,0.0,31.0,0.38,0.433,29.0,0,6.0,,181.0,2.0,2,3.0,2.0,,67.62192393736018,64.05
2007,PL,東北楽天ゴールデンイーグルス,41943880,福盛　和男,K.Fukumori,34.0,1.0,0.0,0.0,0.0,0.0,0.0,0.0,0.0,0.0,0.0,0,1.0,0.0,0.0,0,0.0,0.0,0.0,,,,0.0,0.0,0.0,0.0,,0.0,0.0,nan,nan,0.0,0.0,nan,nan,,0.0,0.0,0.0,34.0,1.0,0.0,0.0,0.0,0.0,0.0,,,0.0,0,0.0,,0.0,0.0,0,1.0,0.0,,nan,0.0
2007,PL,千葉ロッテマリーンズ,41943886,代田　建紀,T.Daita,37.0,15.0,11.0,5.0,4.0,2.0,0.0,0.0,6.0,1.0,5,2,0.0,0.0,3.0,0,1.0,3.0,0.0,0.364,0.533,0.545,1.078,2.0,0.18100000000000005,0.16900000000000004,0.7140000000000001,20.0,20.0,1.0,0.5,0.3761,714.6666666666666,0.6363636363636364,1.7142857142857142,0.364,4.0,0.0,1.0,37.0,15.0,11.0,2.0,2.0,0.0,5.0,0.533,0.545,3.0,0,1.0,,6.0,5,2,0.0,0.0,,3.0,3.434
2007,PL,埼玉西武ライオンズ,41943889,福地　寿樹,K.Fukuchi,117.0,356.0,319.0,43.0,87.0,14.0,3.0,0.0,107.0,20.0,28,7,13.0,1.0,15.0,0,8.0,47.0,6.0,0.273,0.321,0.335,0.656,70.0,0.062,0.04799999999999999,0.383,4.213483146067416,13.202247191011235,0.3191489361702128,0.31868131868131866,0.22820000000000001,432.6666666666667,0.13166144200626959,0.5756302521008403,0.273,87.0,0.0,20.0,117.0,356.0,319.0,70.0,14.0,3.0,43.0,0.321,0.335,15.0,0,8.0,,107.0,28,7,13.0,1.0,,32.67664670658683,34.31399999999999
2007,PL,福岡ソフトバンクホークス,43345114,アダム,A.Hyzdu,47.0,149.0,136.0,13.0,37.0,8.0,0.0,7.0,66.0,14.0,0.0,0,1.0,1.0,11.0,0,0.0,33.0,2.0,0.272,0.324,0.485,0.8089999999999999,22.0,0.21299999999999997,0.05199999999999999,0.5369999999999999,7.38255033557047,22.14765100671141,0.3333333333333333,0.30927835051546393,0.26705,485.6666666666667,0.29411764705882354,0.7623762376237624,0.272,37.0,7.0,14.0,47.0,149.0,136.0,22.0,8.0,0.0,13.0,0.324,0.485,11.0,0,0.0,,66.0,0.0,0,1.0,1.0,,21.551020408163264,20.767999999999994
2007,PL,東北楽天ゴールデンイーグルス,51053888,藤井　彰人,A.Fujii,76.0,110.0,98.0,8.0,23.0,5.0,0.0,0.0,28.0,7.0,1,3,3.0,2.0,6.0,0,1.0,13.0,5.0,0.235,0.28,0.286,0.5660000000000001,18.0,0.05099999999999999,0.04500000000000004,0.331,5.454545454545454,11.818181818181818,0.46153846153846156,0.26436781609195403,0.1975,375.33333333333337,0.14285714285714285,0.475,0.235,23.0,0.0,7.0,76.0,110.0,98.0,18.0,5.0,0.0,8.0,0.28,0.286,6.0,0,1.0,,28.0,1,3,3.0,2.0,,7.8076923076923075,8.099999999999998
2007,PL,埼玉西武ライオンズ,51153888,赤田　将吾,S.Akada,20.0,44.0,37.0,6.0,6.0,1.0,0.0,0.0,7.0,2.0,1,0,1.0,0.0,5.0,0,1.0,8.0,0.0,0.162,0.279,0.189,0.468,5.0,0.026999999999999996,0.11700000000000002,0.306,11.363636363636363,18.181818181818183,0.625,0.20689655172413793,0.1728,342.0,0.16216216216216217,0.41935483870967744,0.162,6.0,0.0,2.0,20.0,44.0,37.0,5.0,1.0,0.0,6.0,0.279,0.189,5.0,0,1.0,,7.0,1,0,1.0,0.0,,1.8333333333333333,2.161999999999999
2007,PL,福岡ソフトバンクホークス,51155119,明石　健志,K.Akashi,15.0,18.0,17.0,3.0,3.0,1.0,0.0,0.0,4.0,1.0,0.0,0,0.0,0.0,1.0,0,0.0,6.0,1.0,0.176,0.222,0.235,0.45699999999999996,2.0,0.059,0.04600000000000001,0.281,5.555555555555555,33.33333333333333,0.16666666666666666,0.2727272727272727,0.15865,300.3333333333333,0.11764705882352941,0.3333333333333333,0.176,3.0,0.0,1.0,15.0,18.0,17.0,2.0,1.0,0.0,3.0,0.222,0.235,1.0,0,0.0,,4.0,0.0,0,0.0,0.0,,0.8888888888888888,0.6779999999999997
2007,PL,東北楽天ゴールデンイーグルス,51253866,吉田　豊彦,T.Yoshida,16.0,0.0,0.0,0.0,0.0,0.0,0.0,0.0,0.0,0.0,0.0,0,0.0,0.0,0.0,0,0.0,0.0,0.0,,,,0.0,0.0,0.0,0.0,,nan,nan,nan,nan,0.0,0.0,nan,nan,,0.0,0.0,0.0,16.0,0.0,0.0,0.0,0.0,0.0,0.0,,,0.0,0,0.0,,0.0,0.0,0,0.0,0.0,,nan,0.0
2007,PL,北海道日本ハムファイターズ,51255110,橋本　義隆,Y.Hashimoto,5.0,0.0,0.0,0.0,0.0,0.0,0.0,0.0,0.0,0.0,0.0,0,0.0,0.0,0.0,0,0.0,0.0,0.0,,,,0.0,0.0,0.0,0.0,,nan,nan,nan,nan,0.0,0.0,nan,nan,,0.0,0.0,0.0,5.0,0.0,0.0,0.0,0.0,0.0,0.0,,,0.0,0,0.0,,0.0,0.0,0,0.0,0.0,,nan,0.0
2007,PL,福岡ソフトバンクホークス,51255119,三瀬　幸司,K.Mise,28.0,0.0,0.0,0.0,0.0,0.0,0.0,0.0,0.0,0.0,0.0,0,0.0,0.0,0.0,0,0.0,0.0,0.0,,,,0.0,0.0,0.0,0.0,,nan,nan,nan,nan,0.0,0.0,nan,nan,,0.0,0.0,0.0,28.0,0.0,0.0,0.0,0.0,0.0,0.0,,,0.0,0,0.0,,0.0,0.0,0,0.0,0.0,,nan,0.0
2007,PL,東北楽天ゴールデンイーグルス,51355110,大廣　翔治,S.Oohiro,11.0,20.0,19.0,1.0,2.0,0.0,0.0,0.0,2.0,0.0,0.0,0,1.0,0.0,0.0,0,0.0,6.0,2.0,0.105,0.105,0.105,0.21,2.0,0.0,0.0,0.105,0.0,30.0,0.0,0.15384615384615385,0.0735,139.99999999999997,0.0,0.10526315789473684,0.105,2.0,0.0,0.0,11.0,20.0,19.0,2.0,0.0,0.0,1.0,0.105,0.105,0.0,0,0.0,,2.0,0.0,0,1.0,0.0,,0.21052631578947367,-0.6660000000000001
2007,PL,埼玉西武ライオンズ,51355119,岡本　篤志,A.Okamoto,2.0,0.0,0.0,0.0,0.0,0.0,0.0,0.0,0.0,0.0,0.0,0,0.0,0.0,0.0,0,0.0,0.0,0.0,,,,0.0,0.0,0.0,0.0,,nan,nan,nan,nan,0.0,0.0,nan,nan,,0.0,0.0,0.0,2.0,0.0,0.0,0.0,0.0,0.0,0.0,,,0.0,0,0.0,,0.0,0.0,0,0.0,0.0,,nan,0.0
2007,PL,埼玉西武ライオンズ,51455113,三井　浩二,K.Mitsui,47.0,0.0,0.0,0.0,0.0,0.0,0.0,0.0,0.0,0.0,0.0,0,0.0,0.0,0.0,0,0.0,0.0,0.0,,,,0.0,0.0,0.0,0.0,,nan,nan,nan,nan,0.0,0.0,nan,nan,,0.0,0.0,0.0,47.0,0.0,0.0,0.0,0.0,0.0,0.0,,,0.0,0,0.0,,0.0,0.0,0,0.0,0.0,,nan,0.0
2007,PL,千葉ロッテマリーンズ,51455117,早坂　圭介,K.Hayasaka,6.0,7.0,7.0,0.0,1.0,0.0,0.0,0.0,1.0,0.0,0.0,0,0.0,0.0,0.0,0,0.0,0.0,0.0,0.143,0.143,0.143,0.286,1.0,0.0,0.0,0.143,0.0,0.0,nan,0.14285714285714285,0.1001,190.66666666666666,0.0,0.16666666666666666,0.143,1.0,0.0,0.0,6.0,7.0,7.0,1.0,0.0,0.0,0.0,0.143,0.143,0.0,0,0.0,,1.0,0.0,0,0.0,0.0,,0.14285714285714285,-0.08800000000000008
2007,PL,北海道日本ハムファイターズ,51555110,菊地　和正,K.Kikuchi,1.0,0.0,0.0,0.0,0.0,0.0,0.0,0.0,0.0,0.0,0.0,0,0.0,0.0,0.0,0,0.0,0.0,0.0,,,,0.0,0.0,0.0,0.0,,nan,nan,nan,nan,0.0,0.0,nan,nan,,0.0,0.0,0.0,1.0,0.0,0.0,0.0,0.0,0.0,0.0,,,0.0,0,0.0,,0.0,0.0,0,0.0,0.0,,nan,0.0
2007,PL,福岡ソフトバンクホークス,51555112,甲藤　啓介,K.Kattou,1.0,0.0,0.0,0.0,0.0,0.0,0.0,0.0,0.0,0.0,0.0,0,0.0,0.0,0.0,0,0.0,0.0,0.0,,,,0.0,0.0,0.0,0.0,,nan,nan,nan,nan,0.0,0.0,nan,nan,,0.0,0.0,0.0,1.0,0.0,0.0,0.0,0.0,0.0,0.0,,,0.0,0,0.0,,0.0,0.0,0,0.0,0.0,,nan,0.0
2007,PL,福岡ソフトバンクホークス,51555114,大隣　憲司,K.Ootonari,8.0,2.0,2.0,0.0,1.0,0.0,0.0,0.0,1.0,0.0,0.0,0,0.0,0.0,0.0,0,0.0,0.0,0.0,0.5,0.5,0.5,1.0,1.0,0.0,0.0,0.5,0.0,0.0,nan,0.5,0.35,666.6666666666666,0.0,1.0,0.5,1.0,0.0,0.0,8.0,2.0,2.0,1.0,0.0,0.0,0.0,0.5,0.5,0.0,0,0.0,,1.0,0.0,0,0.0,0.0,,0.5,0.402
2007,PL,埼玉西武ライオンズ,51555117,小野寺　力,C.Onodera,44.0,0.0,0.0,0.0,0.0,0.0,0.0,0.0,0.0,0.0,0.0,0,0.0,0.0,0.0,0,0.0,0.0,0.0,,,,0.0,0.0,0.0,0.0,,nan,nan,nan,nan,0.0,0.0,nan,nan,,0.0,0.0,0.0,44.0,0.0,0.0,0.0,0.0,0.0,0.0,,,0.0,0,0.0,,0.0,0.0,0,0.0,0.0,,nan,0.0
2007,PL,オリックス・バファローズ,51653860,吉井　理人,M.Yoshii,10.0,0.0,0.0,0.0,0.0,0.0,0.0,0.0,0.0,0.0,0.0,0,0.0,0.0,0.0,0,0.0,0.0,0.0,,,,0.0,0.0,0.0,0.0,,nan,nan,nan,nan,0.0,0.0,nan,nan,,0.0,0.0,0.0,10.0,0.0,0.0,0.0,0.0,0.0,0.0,,,0.0,0,0.0,,0.0,0.0,0,0.0,0.0,,nan,0.0
2007,PL,東北楽天ゴールデンイーグルス,51655110,渡辺　恒樹,K.Watanabe,65.0,0.0,0.0,0.0,0.0,0.0,0.0,0.0,0.0,0.0,0.0,0,0.0,0.0,0.0,0,0.0,0.0,0.0,,,,0.0,0.0,0.0,0.0,,nan,nan,nan,nan,0.0,0.0,nan,nan,,0.0,0.0,0.0,65.0,0.0,0.0,0.0,0.0,0.0,0.0,,,0.0,0,0.0,,0.0,0.0,0,0.0,0.0,,nan,0.0
2007,PL,福岡ソフトバンクホークス,51655112,松田　宣浩,N.Matsuda,74.0,221.0,193.0,28.0,49.0,13.0,2.0,7.0,87.0,22.0,3,0,6.0,2.0,17.0,0,3.0,35.0,5.0,0.254,0.321,0.451,0.772,27.0,0.197,0.067,0.518,7.6923076923076925,15.837104072398189,0.4857142857142857,0.27450980392156865,0.2572,471.33333333333337,0.2849740932642487,0.7181208053691275,0.254,49.0,7.0,22.0,74.0,221.0,193.0,27.0,13.0,2.0,28.0,0.321,0.451,17.0,0,3.0,,87.0,3,0,6.0,2.0,,27.34285714285714,27.507999999999996
2007,PL,埼玉西武ライオンズ,51753880,高木　浩之,H.Takagi,15.0,33.0,31.0,1.0,2.0,0.0,0.0,1.0,5.0,1.0,0.0,0,1.0,0.0,1.0,0,0.0,6.0,0.0,0.065,0.094,0.161,0.255,1.0,0.096,0.028999999999999998,0.19,3.0303030303030303,18.181818181818183,0.16666666666666666,0.041666666666666664,0.08255000000000001,147.66666666666666,0.12903225806451613,0.20689655172413793,0.065,2.0,1.0,1.0,15.0,33.0,31.0,1.0,0.0,0.0,1.0,0.094,0.161,1.0,0,0.0,,5.0,0.0,0,1.0,0.0,,0.46875,-0.5720000000000001
2007,PL,東北楽天ゴールデンイーグルス,51753889,高波　文一,F.Takanami,50.0,9.0,9.0,13.0,1.0,0.0,0.0,0.0,1.0,0.0,5,2,0.0,0.0,0.0,0,0.0,2.0,1.0,0.111,0.111,0.111,0.222,1.0,0.0,0.0,0.111,0.0,22.22222222222222,0.0,0.14285714285714285,0.0777,148.0,0.2222222222222222,0.3333333333333333,0.111,1.0,0.0,0.0,50.0,9.0,9.0,1.0,0.0,0.0,13.0,0.111,0.111,0.0,0,0.0,,1.0,5,2,0.0,0.0,,0.1111111111111111,0.07599999999999996
2007,PL,オリックス・バファローズ,51755112,岸田　護,M.Kishida,39.0,1.0,1.0,0.0,0.0,0.0,0.0,0.0,0.0,0.0,0.0,0,0.0,0.0,0.0,0,0.0,1.0,0.0,0.0,0.0,0.0,0.0,0.0,0.0,0.0,0.0,0.0,100.0,0.0,nan,0.0,0.0,0.0,0.0,0.0,0.0,0.0,0.0,39.0,1.0,1.0,0.0,0.0,0.0,0.0,0.0,0.0,0.0,0,0.0,,0.0,0.0,0,0.0,0.0,,0.0,-0.098
2007,PL,埼玉西武ライオンズ,51755115,栗山　巧,T.Kuriyama,112.0,362.0,302.0,39.0,84.0,18.0,2.0,5.0,121.0,29.0,8,3,9.0,1.0,45.0,0,5.0,53.0,8.0,0.278,0.38,0.401,0.781,59.0,0.123,0.10199999999999998,0.503,12.430939226519337,14.64088397790055,0.8490566037735849,0.3224489795918367,0.27125,513.6666666666667,0.2814569536423841,0.7699115044247787,0.278,84.0,5.0,29.0,112.0,362.0,302.0,59.0,18.0,2.0,39.0,0.38,0.401,45.0,0,5.0,,121.0,8,3,9.0,1.0,,44.98270893371758,47.416
2007,PL,北海道日本ハムファイターズ,51855114,山本　一徳,K.Yamamoto,12.0,0.0,0.0,0.0,0.0,0.0,0.0,0.0,0.0,0.0,0.0,0,0.0,0.0,0.0,0,0.0,0.0,0.0,,,,0.0,0.0,0.0,0.0,,nan,nan,nan,nan,0.0,0.0,nan,nan,,0.0,0.0,0.0,12.0,0.0,0.0,0.0,0.0,0.0,0.0,,,0.0,0,0.0,,0.0,0.0,0,0.0,0.0,,nan,0.0
2007,PL,埼玉西武ライオンズ,51953880,西口　文也,F.Nishiguchi,25.0,4.0,3.0,0.0,1.0,0.0,0.0,0.0,1.0,0.0,0.0,0,1.0,0.0,0.0,0,0.0,1.0,0.0,0.333,0.333,0.333,0.666,1.0,0.0,0.0,0.333,0.0,25.0,0.0,0.5,0.23310000000000003,444.0,0.0,0.5,0.333,1.0,0.0,0.0,25.0,4.0,3.0,1.0,0.0,0.0,0.0,0.333,0.333,0.0,0,0.0,,1.0,0.0,0,1.0,0.0,,0.3333333333333333,0.304
2007,PL,福岡ソフトバンクホークス,51955119,竹岡　和宏,K.Takeoka,7.0,0.0,0.0,0.0,0.0,0.0,0.0,0.0,0.0,0.0,0.0,0,0.0,0.0,0.0,0,0.0,0.0,0.0,,,,0.0,0.0,0.0,0.0,,nan,nan,nan,nan,0.0,0.0,nan,nan,,0.0,0.0,0.0,7.0,0.0,0.0,0.0,0.0,0.0,0.0,,,0.0,0,0.0,,0.0,0.0,0,0.0,0.0,,nan,0.0
2007,PL,埼玉西武ライオンズ,53253868,江藤　智,A.Etou,43.0,118.0,109.0,10.0,25.0,5.0,1.0,3.0,41.0,17.0,0.0,0,0.0,0.0,8.0,0,1.0,28.0,2.0,0.229,0.288,0.376,0.6639999999999999,16.0,0.147,0.05899999999999997,0.4349999999999999,6.779661016949152,23.728813559322035,0.2857142857142857,0.28205128205128205,0.2236,413.3333333333333,0.22018348623853212,0.5813953488372093,0.229,25.0,3.0,17.0,43.0,118.0,109.0,16.0,5.0,1.0,10.0,0.288,0.376,8.0,0,1.0,,41.0,0.0,0,0.0,0.0,,11.564102564102564,11.697999999999999
2007,PL,福岡ソフトバンクホークス,53355114,B.ブキャナン,B.Buchanan,99.0,307.0,288.0,25.0,82.0,19.0,0.0,11.0,134.0,48.0,1.0,1,0.0,1.0,13.0,0,5.0,82.0,8.0,0.285,0.326,0.465,0.791,52.0,0.18000000000000005,0.041000000000000036,0.506,4.234527687296417,26.710097719869708,0.15853658536585366,0.3622448979591837,0.26295,481.0,0.22916666666666666,0.7149532710280374,0.285,82.0,11.0,48.0,99.0,307.0,288.0,52.0,19.0,0.0,25.0,0.326,0.465,13.0,0,5.0,,134.0,1.0,1,0.0,1.0,,42.29235880398671,41.45199999999999
2007,PL,北海道日本ハムファイターズ,53555112,R.グリン,R.Glynn,24.0,9.0,7.0,0.0,0.0,0.0,0.0,0.0,0.0,0.0,0.0,0,2.0,0.0,0.0,0,0.0,3.0,0.0,0.0,0.0,0.0,0.0,0.0,0.0,0.0,0.0,0.0,33.33333333333333,0.0,0.0,0.0,0.0,0.0,0.0,0.0,0.0,0.0,0.0,24.0,9.0,7.0,0.0,0.0,0.0,0.0,0.0,0.0,0.0,0,0.0,,0.0,0.0,0,2.0,0.0,,0.0,-0.686
2007,PL,東北楽天ゴールデンイーグルス,53755114,A.バス,A.Bass,5.0,0.0,0.0,0.0,0.0,0.0,0.0,0.0,0.0,0.0,0.0,0,0.0,0.0,0.0,0,0.0,0.0,0.0,,,,0.0,0.0,0.0,0.0,,nan,nan,nan,nan,0.0,0.0,nan,nan,,0.0,0.0,0.0,5.0,0.0,0.0,0.0,0.0,0.0,0.0,,,0.0,0,0.0,,0.0,0.0,0,0.0,0.0,,nan,0.0
2007,PL,福岡ソフトバンクホークス,61063884,松中　信彦,N.Matsunaka,123.0,519.0,440.0,60.0,117.0,26.0,1.0,15.0,190.0,68.0,1,0,0.0,6.0,68.0,0,5.0,66.0,5.0,0.266,0.366,0.432,0.798,75.0,0.16599999999999998,0.09999999999999998,0.532,13.102119460500964,12.716763005780345,1.0303030303030303,0.27945205479452057,0.2727,510.0,0.32045454545454544,0.801829268292683,0.266,117.0,15.0,68.0,123.0,519.0,440.0,75.0,26.0,1.0,60.0,0.366,0.432,68.0,0,5.0,,190.0,1,0,0.0,6.0,,69.19291338582677,71.296
2007,PL,埼玉西武ライオンズ,61065119,松坂　健太,K.Matsusaka,3.0,10.0,9.0,1.0,2.0,0.0,0.0,1.0,5.0,1.0,1,0,0.0,0.0,0.0,0,1.0,3.0,0.0,0.222,0.3,0.556,0.8560000000000001,1.0,0.3340000000000001,0.07799999999999999,0.6340000000000001,0.0,30.0,0.0,0.2,0.274,485.3333333333333,0.3333333333333333,0.8571428571428571,0.222,2.0,1.0,1.0,3.0,10.0,9.0,1.0,0.0,0.0,1.0,0.3,0.556,0.0,0,1.0,,5.0,1,0,0.0,0.0,,1.1111111111111112,1.584
2007,PL,北海道日本ハムファイターズ,61163888,伊藤　剛,T.Itou,11.0,0.0,0.0,0.0,0.0,0.0,0.0,0.0,0.0,0.0,0.0,0,0.0,0.0,0.0,0,0.0,0.0,0.0,,,,0.0,0.0,0.0,0.0,,nan,nan,nan,nan,0.0,0.0,nan,nan,,0.0,0.0,0.0,11.0,0.0,0.0,0.0,0.0,0.0,0.0,,,0.0,0,0.0,,0.0,0.0,0,0.0,0.0,,nan,0.0
2007,PL,千葉ロッテマリーンズ,61163889,大塚　明,A.Ootsuka,49.0,56.0,46.0,8.0,7.0,0.0,0.0,0.0,7.0,1.0,4,1,3.0,1.0,6.0,0,0.0,9.0,2.0,0.152,0.245,0.152,0.397,7.0,0.0,0.093,0.245,10.714285714285714,16.071428571428573,0.6666666666666666,0.18421052631578946,0.14825,295.66666666666663,0.15217391304347827,0.34146341463414637,0.152,7.0,0.0,1.0,49.0,56.0,46.0,7.0,0.0,0.0,8.0,0.245,0.152,6.0,0,0.0,,7.0,4,1,3.0,1.0,,1.75,1.838
2007,PL,オリックス・バファローズ,61265111,迎　祐一郎,Y.Mukae,14.0,45.0,38.0,2.0,7.0,0.0,0.0,1.0,10.0,5.0,1,0,2.0,1.0,4.0,0,0.0,11.0,3.0,0.184,0.256,0.263,0.519,6.0,0.07900000000000001,0.07200000000000001,0.335,8.88888888888889,24.444444444444443,0.36363636363636365,0.2222222222222222,0.18095,343.6666666666667,0.18421052631578946,0.4117647058823529,0.184,7.0,1.0,5.0,14.0,45.0,38.0,6.0,0.0,0.0,2.0,0.256,0.263,4.0,0,0.0,,10.0,1,0,2.0,1.0,,2.619047619047619,2.7219999999999995
2007,PL,東北楽天ゴールデンイーグルス,61265113,牧田　明久,A.Makida,97.0,177.0,162.0,18.0,43.0,6.0,0.0,1.0,52.0,9.0,4.0,4,4.0,0.0,11.0,0,0.0,28.0,2.0,0.265,0.312,0.321,0.633,36.0,0.055999999999999994,0.046999999999999986,0.368,6.214689265536723,15.819209039548024,0.39285714285714285,0.3157894736842105,0.22065,419.0,0.14814814814814814,0.5537190082644629,0.265,43.0,1.0,9.0,97.0,177.0,162.0,36.0,6.0,0.0,18.0,0.312,0.321,11.0,0,0.0,,52.0,4.0,4,4.0,0.0,,16.23121387283237,16.448
2007,PL,オリックス・バファローズ,61265115,平野　恵一,K.Hirano,58.0,176.0,153.0,16.0,33.0,4.0,1.0,1.0,42.0,11.0,5,2,5.0,2.0,13.0,0,3.0,36.0,0.0,0.216,0.287,0.275,0.562,27.0,0.059000000000000025,0.07099999999999998,0.346,7.386363636363637,20.454545454545457,0.3611111111111111,0.2711864406779661,0.1979,378.66666666666663,0.1568627450980392,0.5,0.216,33.0,1.0,11.0,58.0,176.0,153.0,27.0,4.0,1.0,16.0,0.287,0.275,13.0,0,3.0,,42.0,5,2,5.0,2.0,,11.63855421686747,12.74
2007,PL,埼玉西武ライオンズ,61365113,大沼　幸二,K.Oonuma,9.0,0.0,0.0,0.0,0.0,0.0,0.0,0.0,0.0,0.0,0.0,0,0.0,0.0,0.0,0,0.0,0.0,0.0,,,,0.0,0.0,0.0,0.0,,nan,nan,nan,nan,0.0,0.0,nan,nan,,0.0,0.0,0.0,9.0,0.0,0.0,0.0,0.0,0.0,0.0,,,0.0,0,0.0,,0.0,0.0,0,0.0,0.0,,nan,0.0
2007,PL,福岡ソフトバンクホークス,61365117,大野　隆治,R.Oono,2.0,0.0,0.0,0.0,0.0,0.0,0.0,0.0,0.0,0.0,0.0,0,0.0,0.0,0.0,0,0.0,0.0,0.0,,,,0.0,0.0,0.0,0.0,,nan,nan,nan,nan,0.0,0.0,nan,nan,,0.0,0.0,0.0,2.0,0.0,0.0,0.0,0.0,0.0,0.0,,,0.0,0,0.0,,0.0,0.0,0,0.0,0.0,,nan,0.0
2007,PL,オリックス・バファローズ,61465110,光原　逸裕,A.Mitsuhara,2.0,0.0,0.0,0.0,0.0,0.0,0.0,0.0,0.0,0.0,0.0,0,0.0,0.0,0.0,0,0.0,0.0,0.0,,,,0.0,0.0,0.0,0.0,,nan,nan,nan,nan,0.0,0.0,nan,nan,,0.0,0.0,0.0,2.0,0.0,0.0,0.0,0.0,0.0,0.0,,,0.0,0,0.0,,0.0,0.0,0,0.0,0.0,,nan,0.0
2007,PL,福岡ソフトバンクホークス,61465113,山村　路直,M.Yamamura,23.0,0.0,0.0,0.0,0.0,0.0,0.0,0.0,0.0,0.0,0.0,0,0.0,0.0,0.0,0,0.0,0.0,0.0,,,,0.0,0.0,0.0,0.0,,nan,nan,nan,nan,0.0,0.0,nan,nan,,0.0,0.0,0.0,23.0,0.0,0.0,0.0,0.0,0.0,0.0,,,0.0,0,0.0,,0.0,0.0,0,0.0,0.0,,nan,0.0
2007,PL,千葉ロッテマリーンズ,61465119,ベニー,B.Agbayani,122.0,454.0,390.0,45.0,106.0,21.0,0.0,13.0,166.0,51.0,7,4,0.0,3.0,53.0,0,8.0,86.0,12.0,0.272,0.368,0.426,0.794,72.0,0.15399999999999997,0.09599999999999997,0.522,11.674008810572687,18.94273127753304,0.6162790697674418,0.3163265306122449,0.2721,510.0,0.3,0.7804054054054054,0.272,106.0,13.0,51.0,122.0,454.0,390.0,72.0,21.0,0.0,45.0,0.368,0.426,53.0,0,8.0,,166.0,7,4,0.0,3.0,,59.580135440180584,62.858
2007,PL,千葉ロッテマリーンズ,61563884,小林宏,H.Kobayashihiro（kobayashi,25.0,4.0,4.0,0.0,1.0,0.0,0.0,0.0,1.0,0.0,0.0,0,0.0,0.0,0.0,0,0.0,2.0,0.0,0.25,0.25,0.25,0.5,1.0,0.0,0.0,0.25,0.0,50.0,0.0,0.5,0.175,333.3333333333333,0.0,0.3333333333333333,0.25,1.0,0.0,0.0,25.0,4.0,4.0,1.0,0.0,0.0,0.0,0.25,0.25,0.0,0,0.0,,1.0,0.0,0,0.0,0.0,,0.25,0.20599999999999996
2007,PL,千葉ロッテマリーンズ,61563888,小林　雅英,M.Kobayashi,49.0,0.0,0.0,0.0,0.0,0.0,0.0,0.0,0.0,0.0,0.0,0,0.0,0.0,0.0,0,0.0,0.0,0.0,,,,0.0,0.0,0.0,0.0,,nan,nan,nan,nan,0.0,0.0,nan,nan,,0.0,0.0,0.0,49.0,0.0,0.0,0.0,0.0,0.0,0.0,,,0.0,0,0.0,,0.0,0.0,0,0.0,0.0,,nan,0.0
2007,PL,千葉ロッテマリーンズ,61565110,久保　康友,Y.Kubo,21.0,3.0,1.0,0.0,0.0,0.0,0.0,0.0,0.0,0.0,0.0,0,2.0,0.0,0.0,0,0.0,0.0,0.0,0.0,0.0,0.0,0.0,0.0,0.0,0.0,0.0,0.0,0.0,nan,0.0,0.0,0.0,0.0,0.0,0.0,0.0,0.0,0.0,21.0,3.0,1.0,0.0,0.0,0.0,0.0,0.0,0.0,0.0,0,0.0,,0.0,0.0,0,2.0,0.0,,0.0,-0.098
2007,PL,千葉ロッテマリーンズ,61565112,川﨑　雄介,Y.Kawasaki,48.0,0.0,0.0,0.0,0.0,0.0,0.0,0.0,0.0,0.0,0.0,0,0.0,0.0,0.0,0,0.0,0.0,0.0,,,,0.0,0.0,0.0,0.0,,nan,nan,nan,nan,0.0,0.0,nan,nan,,0.0,0.0,0.0,48.0,0.0,0.0,0.0,0.0,0.0,0.0,,,0.0,0,0.0,,0.0,0.0,0,0.0,0.0,,nan,0.0
2007,PL,北海道日本ハムファイターズ,61665112,八木　智哉,T.Yagi,15.0,0.0,0.0,0.0,0.0,0.0,0.0,0.0,0.0,0.0,0.0,0,0.0,0.0,0.0,0,0.0,0.0,0.0,,,,0.0,0.0,0.0,0.0,,nan,nan,nan,nan,0.0,0.0,nan,nan,,0.0,0.0,0.0,15.0,0.0,0.0,0.0,0.0,0.0,0.0,,,0.0,0,0.0,,0.0,0.0,0,0.0,0.0,,nan,0.0
2007,PL,福岡ソフトバンクホークス,61665114,森福　允彦,M.Morifuku,7.0,0.0,0.0,0.0,0.0,0.0,0.0,0.0,0.0,0.0,0.0,0,0.0,0.0,0.0,0,0.0,0.0,0.0,,,,0.0,0.0,0.0,0.0,,nan,nan,nan,nan,0.0,0.0,nan,nan,,0.0,0.0,0.0,7.0,0.0,0.0,0.0,0.0,0.0,0.0,,,0.0,0,0.0,,0.0,0.0,0,0.0,0.0,,nan,0.0
2007,PL,北海道日本ハムファイターズ,61763888,建山　義紀,Y.Tateyama,7.0,0.0,0.0,0.0,0.0,0.0,0.0,0.0,0.0,0.0,0.0,0,0.0,0.0,0.0,0,0.0,0.0,0.0,,,,0.0,0.0,0.0,0.0,,nan,nan,nan,nan,0.0,0.0,nan,nan,,0.0,0.0,0.0,7.0,0.0,0.0,0.0,0.0,0.0,0.0,,,0.0,0,0.0,,0.0,0.0,0,0.0,0.0,,nan,0.0
2007,PL,埼玉西武ライオンズ,61765111,高山　久,H.Takayama,29.0,61.0,54.0,6.0,11.0,2.0,0.0,2.0,19.0,7.0,0.0,0,2.0,1.0,4.0,0,0.0,12.0,2.0,0.204,0.254,0.352,0.606,7.0,0.148,0.05000000000000002,0.402,6.557377049180328,19.672131147540984,0.3333333333333333,0.21951219512195122,0.20229999999999998,371.33333333333337,0.2222222222222222,0.5111111111111111,0.204,11.0,2.0,7.0,29.0,61.0,54.0,7.0,2.0,0.0,6.0,0.254,0.352,4.0,0,0.0,,19.0,0.0,0,2.0,1.0,,4.913793103448276,4.925999999999998
2007,PL,埼玉西武ライオンズ,61765113,佐藤　友亮,T.Satou,68.0,180.0,159.0,15.0,35.0,5.0,0.0,1.0,43.0,7.0,3,1,7.0,2.0,11.0,0,1.0,19.0,3.0,0.22,0.272,0.27,0.542,29.0,0.05000000000000002,0.05200000000000002,0.322,6.111111111111111,10.555555555555555,0.5789473684210527,0.24113475177304963,0.1899,362.00000000000006,0.12578616352201258,0.4409448818897638,0.22,35.0,1.0,7.0,68.0,180.0,159.0,29.0,5.0,0.0,15.0,0.272,0.27,11.0,0,1.0,,43.0,3,1,7.0,2.0,,11.635294117647058,11.528000000000002
2007,PL,福岡ソフトバンクホークス,61963886,辻　武史,T.Tsuji,54.0,52.0,45.0,8.0,9.0,3.0,0.0,0.0,12.0,4.0,0.0,0,3.0,1.0,2.0,0,1.0,9.0,1.0,0.2,0.245,0.267,0.512,6.0,0.067,0.044999999999999984,0.312,3.8461538461538463,17.307692307692307,0.2222222222222222,0.24324324324324326,0.177,334.0,0.1111111111111111,0.40540540540540543,0.2,9.0,0.0,4.0,54.0,52.0,45.0,6.0,3.0,0.0,8.0,0.245,0.267,2.0,0,1.0,,12.0,0.0,0,3.0,1.0,,2.8085106382978724,2.6220000000000003
2007,PL,北海道日本ハムファイターズ,61965110,ダルビッシュ　有,Y.Darubisshu,26.0,8.0,8.0,0.0,0.0,0.0,0.0,0.0,0.0,0.0,0.0,0,0.0,0.0,0.0,0,0.0,4.0,0.0,0.0,0.0,0.0,0.0,0.0,0.0,0.0,0.0,0.0,50.0,0.0,0.0,0.0,0.0,0.0,0.0,0.0,0.0,0.0,0.0,26.0,8.0,8.0,0.0,0.0,0.0,0.0,0.0,0.0,0.0,0,0.0,,0.0,0.0,0,0.0,0.0,,0.0,-0.784
2007,PL,福岡ソフトバンクホークス,61965115,田上　秀則,H.Tanoue,91.0,274.0,258.0,22.0,68.0,10.0,1.0,9.0,107.0,26.0,0,1,2.0,1.0,11.0,0,2.0,58.0,8.0,0.264,0.298,0.415,0.713,48.0,0.15099999999999997,0.033999999999999975,0.4489999999999999,4.014598540145985,21.16788321167883,0.1896551724137931,0.3072916666666667,0.23785,436.33333333333337,0.19767441860465115,0.6111111111111112,0.264,68.0,9.0,26.0,91.0,274.0,258.0,48.0,10.0,1.0,22.0,0.298,0.415,11.0,0,2.0,,107.0,0,1,2.0,1.0,,31.423791821561338,31.05
2007,PL,埼玉西武ライオンズ,63165114,J.ジョンソン,J.Johnson,7.0,1.0,1.0,0.0,0.0,0.0,0.0,0.0,0.0,0.0,0.0,0,0.0,0.0,0.0,0,0.0,0.0,1.0,0.0,0.0,0.0,0.0,0.0,0.0,0.0,0.0,0.0,0.0,nan,0.0,0.0,0.0,0.0,0.0,0.0,0.0,0.0,0.0,7.0,1.0,1.0,0.0,0.0,0.0,0.0,0.0,0.0,0.0,0,0.0,,0.0,0.0,0,0.0,0.0,,0.0,-0.098
2007,PL,北海道日本ハムファイターズ,71075112,武田　勝,M.Takeda,35.0,10.0,10.0,0.0,1.0,0.0,0.0,0.0,1.0,0.0,0.0,0,0.0,0.0,0.0,0,0.0,5.0,0.0,0.1,0.1,0.1,0.2,1.0,0.0,0.0,0.1,0.0,50.0,0.0,0.2,0.07,133.33333333333334,0.0,0.1111111111111111,0.1,1.0,0.0,0.0,35.0,10.0,10.0,1.0,0.0,0.0,0.0,0.1,0.1,0.0,0,0.0,,1.0,0.0,0,0.0,0.0,,0.1,-0.382
2007,PL,北海道日本ハムファイターズ,71173886,飯山　裕志,Y.Iiyama,105.0,55.0,49.0,16.0,15.0,3.0,0.0,0.0,18.0,7.0,3,0,1.0,1.0,4.0,0,0.0,14.0,1.0,0.306,0.352,0.367,0.719,12.0,0.061,0.045999999999999985,0.413,7.2727272727272725,25.454545454545453,0.2857142857142857,0.4166666666666667,0.25015,474.3333333333333,0.14285714285714285,0.6285714285714286,0.306,15.0,0.0,7.0,105.0,55.0,49.0,12.0,3.0,0.0,16.0,0.352,0.367,4.0,0,0.0,,18.0,3,0,1.0,1.0,,6.452830188679245,6.148
2007,PL,千葉ロッテマリーンズ,71175113,青野　毅,T.Aono,76.0,278.0,255.0,34.0,63.0,8.0,2.0,10.0,105.0,35.0,2,1,7.0,2.0,9.0,0,5.0,62.0,5.0,0.247,0.284,0.412,0.696,43.0,0.16499999999999998,0.03699999999999998,0.4489999999999999,3.237410071942446,22.302158273381295,0.14516129032258066,0.2864864864864865,0.2308,421.3333333333333,0.20392156862745098,0.6091370558375635,0.247,63.0,10.0,35.0,76.0,278.0,255.0,43.0,8.0,2.0,34.0,0.284,0.412,9.0,0,5.0,,105.0,2,1,7.0,2.0,,28.636363636363637,29.72399999999999
2007,PL,千葉ロッテマリーンズ,71273882,薮田　安彦,Y.Yabuta,58.0,0.0,0.0,0.0,0.0,0.0,0.0,0.0,0.0,0.0,0.0,0,0.0,0.0,0.0,0,0.0,0.0,0.0,,,,0.0,0.0,0.0,0.0,,nan,nan,nan,nan,0.0,0.0,nan,nan,,0.0,0.0,0.0,58.0,0.0,0.0,0.0,0.0,0.0,0.0,,,0.0,0,0.0,,0.0,0.0,0,0.0,0.0,,nan,0.0
2007,PL,北海道日本ハムファイターズ,71273885,萩原　淳,J.Hagiwara,5.0,0.0,0.0,0.0,0.0,0.0,0.0,0.0,0.0,0.0,0.0,0,0.0,0.0,0.0,0,0.0,0.0,0.0,,,,0.0,0.0,0.0,0.0,,nan,nan,nan,nan,0.0,0.0,nan,nan,,0.0,0.0,0.0,5.0,0.0,0.0,0.0,0.0,0.0,0.0,,,0.0,0,0.0,,0.0,0.0,0,0.0,0.0,,nan,0.0
2007,PL,福岡ソフトバンクホークス,71275111,的場　直樹,N.Matoba,35.0,50.0,42.0,4.0,7.0,3.0,0.0,0.0,10.0,1.0,0.0,0,4.0,0.0,3.0,0,1.0,12.0,0.0,0.167,0.239,0.238,0.477,4.0,0.07099999999999998,0.07199999999999998,0.3099999999999999,6.0,24.0,0.25,0.23333333333333334,0.16704999999999998,318.3333333333333,0.14285714285714285,0.4,0.167,7.0,0.0,1.0,35.0,50.0,42.0,4.0,3.0,0.0,4.0,0.239,0.238,3.0,0,1.0,,10.0,0.0,0,4.0,0.0,,2.2222222222222223,2.0500000000000003
2007,PL,北海道日本ハムファイターズ,71275117,鶴岡　慎也,S.Tsuruoka,57.0,146.0,133.0,7.0,27.0,2.0,1.0,0.0,31.0,13.0,0,2,7.0,1.0,5.0,0,0.0,27.0,0.0,0.203,0.23,0.233,0.463,24.0,0.03,0.026999999999999996,0.26,3.4246575342465753,18.493150684931507,0.18518518518518517,0.2523364485981308,0.16175,307.6666666666667,0.08270676691729323,0.3584905660377358,0.203,27.0,0.0,13.0,57.0,146.0,133.0,24.0,2.0,1.0,7.0,0.23,0.233,5.0,0,0.0,,31.0,0,2,7.0,1.0,,7.188405797101449,6.1019999999999985
2007,PL,北海道日本ハムファイターズ,71373880,金村　曉,S.Kanemura,13.0,0.0,0.0,0.0,0.0,0.0,0.0,0.0,0.0,0.0,0.0,0,0.0,0.0,0.0,0,0.0,0.0,0.0,,,,0.0,0.0,0.0,0.0,,nan,nan,nan,nan,0.0,0.0,nan,nan,,0.0,0.0,0.0,13.0,0.0,0.0,0.0,0.0,0.0,0.0,,,0.0,0,0.0,,0.0,0.0,0,0.0,0.0,,nan,0.0
2007,PL,福岡ソフトバンクホークス,71373882,斉藤　和巳,K.Saitou,12.0,0.0,0.0,0.0,0.0,0.0,0.0,0.0,0.0,0.0,0.0,0,0.0,0.0,0.0,0,0.0,0.0,0.0,,,,0.0,0.0,0.0,0.0,,nan,nan,nan,nan,0.0,0.0,nan,nan,,0.0,0.0,0.0,12.0,0.0,0.0,0.0,0.0,0.0,0.0,,,0.0,0,0.0,,0.0,0.0,0,0.0,0.0,,nan,0.0
2007,PL,福岡ソフトバンクホークス,71373888,小椋　真介,S.Ogura,8.0,0.0,0.0,0.0,0.0,0.0,0.0,0.0,0.0,0.0,0.0,0,0.0,0.0,0.0,0,0.0,0.0,0.0,,,,0.0,0.0,0.0,0.0,,nan,nan,nan,nan,0.0,0.0,nan,nan,,0.0,0.0,0.0,8.0,0.0,0.0,0.0,0.0,0.0,0.0,,,0.0,0,0.0,,0.0,0.0,0,0.0,0.0,,nan,0.0
2007,PL,千葉ロッテマリーンズ,71373889,小野　晋吾,S.Ono,22.0,3.0,3.0,0.0,0.0,0.0,0.0,0.0,0.0,0.0,0.0,0,0.0,0.0,0.0,0,0.0,3.0,0.0,0.0,0.0,0.0,0.0,0.0,0.0,0.0,0.0,0.0,100.0,0.0,nan,0.0,0.0,0.0,0.0,0.0,0.0,0.0,0.0,22.0,3.0,3.0,0.0,0.0,0.0,0.0,0.0,0.0,0.0,0,0.0,,0.0,0.0,0,0.0,0.0,,0.0,-0.29400000000000004
2007,PL,千葉ロッテマリーンズ,71375110,大松　尚逸,S.Oomatsu,77.0,232.0,213.0,24.0,64.0,14.0,0.0,5.0,93.0,22.0,1,0,2.0,2.0,14.0,0,1.0,31.0,7.0,0.3,0.343,0.437,0.78,45.0,0.137,0.04300000000000004,0.48,6.0344827586206895,13.36206896551724,0.45161290322580644,0.329608938547486,0.2636,488.6666666666667,0.20187793427230047,0.6923076923076923,0.3,64.0,5.0,22.0,77.0,232.0,213.0,45.0,14.0,0.0,24.0,0.343,0.437,14.0,0,1.0,,93.0,1,0,2.0,2.0,,31.955947136563875,30.128000000000004
2007,PL,埼玉西武ライオンズ,71375117,上本　達之,T.Uemoto,30.0,35.0,32.0,5.0,6.0,1.0,0.0,0.0,7.0,3.0,0.0,0,0.0,0.0,3.0,0,0.0,7.0,0.0,0.188,0.257,0.219,0.476,5.0,0.031,0.069,0.288,8.571428571428571,20.0,0.42857142857142855,0.24,0.1704,330.0,0.125,0.38461538461538464,0.188,6.0,0.0,3.0,30.0,35.0,32.0,5.0,1.0,0.0,5.0,0.257,0.219,3.0,0,0.0,,7.0,0.0,0,0.0,0.0,,1.8,1.662
2007,PL,オリックス・バファローズ,71475111,吉川　勝成,K.Yoshikawa,1.0,0.0,0.0,0.0,0.0,0.0,0.0,0.0,0.0,0.0,0.0,0,0.0,0.0,0.0,0,0.0,0.0,0.0,,,,0.0,0.0,0.0,0.0,,nan,nan,nan,nan,0.0,0.0,nan,nan,,0.0,0.0,0.0,1.0,0.0,0.0,0.0,0.0,0.0,0.0,,,0.0,0,0.0,,0.0,0.0,0,0.0,0.0,,nan,0.0
2007,PL,福岡ソフトバンクホークス,71475112,藤岡　好明,Y.Fujioka,36.0,0.0,0.0,0.0,0.0,0.0,0.0,0.0,0.0,0.0,0.0,0,0.0,0.0,0.0,0,0.0,0.0,0.0,,,,0.0,0.0,0.0,0.0,,nan,nan,nan,nan,0.0,0.0,nan,nan,,0.0,0.0,0.0,36.0,0.0,0.0,0.0,0.0,0.0,0.0,,,0.0,0,0.0,,0.0,0.0,0,0.0,0.0,,nan,0.0
2007,PL,福岡ソフトバンクホークス,71475113,山崎　勝己,K.Yamazaki,100.0,213.0,184.0,15.0,34.0,2.0,0.0,0.0,36.0,6.0,2,0,21.0,0.0,7.0,0,1.0,53.0,3.0,0.185,0.219,0.196,0.41500000000000004,32.0,0.01100000000000001,0.034,0.23,3.286384976525822,24.88262910798122,0.1320754716981132,0.2595419847328244,0.14755000000000001,284.3333333333333,0.04891304347826087,0.2875816993464052,0.185,34.0,0.0,6.0,100.0,213.0,184.0,32.0,2.0,0.0,15.0,0.219,0.196,7.0,0,1.0,,36.0,2,0,21.0,0.0,,7.727748691099476,5.380000000000001
2007,PL,埼玉西武ライオンズ,71475115,細川　亨,T.Hosokawa,139.0,448.0,393.0,39.0,94.0,20.0,0.0,10.0,144.0,43.0,2.0,2,21.0,5.0,20.0,0,9.0,96.0,8.0,0.239,0.288,0.366,0.6539999999999999,64.0,0.127,0.04899999999999999,0.415,4.464285714285714,21.428571428571427,0.20833333333333334,0.2876712328767123,0.2211,410.0,0.183206106870229,0.5700325732899023,0.239,94.0,10.0,43.0,139.0,448.0,393.0,64.0,20.0,0.0,39.0,0.288,0.366,20.0,0,9.0,,144.0,2.0,2,21.0,5.0,,39.74818401937046,41.428000000000004
2007,PL,福岡ソフトバンクホークス,71573889,斉藤　秀光,H.Saitou,21.0,15.0,13.0,2.0,0.0,0.0,0.0,0.0,0.0,1.0,0.0,0,0.0,1.0,1.0,0,0.0,5.0,0.0,0.0,0.067,0.0,0.067,0.0,0.0,0.067,0.067,6.666666666666667,33.33333333333333,0.2,0.0,0.030150000000000003,67.0,0.07692307692307693,0.07692307692307693,0.0,0.0,0.0,1.0,21.0,15.0,13.0,0.0,0.0,0.0,2.0,0.067,0.0,1.0,0,0.0,,0.0,0.0,0,0.0,1.0,,0.0,-0.944
2007,PL,東北楽天ゴールデンイーグルス,71675110,K.ウィット,K.Witt,40.0,131.0,115.0,12.0,20.0,0.0,1.0,6.0,40.0,15.0,0.0,0,0.0,1.0,14.0,0,1.0,42.0,4.0,0.174,0.267,0.348,0.615,13.0,0.174,0.09300000000000003,0.441,10.687022900763358,32.06106870229007,0.3333333333333333,0.20588235294117646,0.20715,383.0,0.2956521739130435,0.5555555555555556,0.174,20.0,6.0,15.0,40.0,131.0,115.0,13.0,0.0,1.0,12.0,0.267,0.348,14.0,0,1.0,,40.0,0.0,0,0.0,1.0,,10.542635658914728,11.819999999999999
2007,PL,埼玉西武ライオンズ,71675112,松永　浩典,H.Matsunaga,7.0,0.0,0.0,0.0,0.0,0.0,0.0,0.0,0.0,0.0,0.0,0,0.0,0.0,0.0,0,0.0,0.0,0.0,,,,0.0,0.0,0.0,0.0,,nan,nan,nan,nan,0.0,0.0,nan,nan,,0.0,0.0,0.0,7.0,0.0,0.0,0.0,0.0,0.0,0.0,,,0.0,0,0.0,,0.0,0.0,0,0.0,0.0,,nan,0.0
2007,PL,千葉ロッテマリーンズ,71675113,渡辺　俊介,S.Watanabe,25.0,3.0,2.0,0.0,0.0,0.0,0.0,0.0,0.0,0.0,0.0,0,1.0,0.0,0.0,0,0.0,1.0,0.0,0.0,0.0,0.0,0.0,0.0,0.0,0.0,0.0,0.0,33.33333333333333,0.0,0.0,0.0,0.0,0.0,0.0,0.0,0.0,0.0,0.0,25.0,3.0,2.0,0.0,0.0,0.0,0.0,0.0,0.0,0.0,0,0.0,,0.0,0.0,0,1.0,0.0,,0.0,-0.196
2007,PL,オリックス・バファローズ,71773884,塩崎　真,M.Shiozaki,34.0,68.0,64.0,4.0,9.0,1.0,0.0,1.0,13.0,5.0,0.0,0,2.0,1.0,1.0,0,0.0,10.0,2.0,0.141,0.152,0.203,0.355,7.0,0.06200000000000003,0.01100000000000001,0.214,1.4705882352941175,14.705882352941178,0.1,0.14814814814814814,0.11915,219.66666666666669,0.078125,0.24561403508771928,0.141,9.0,1.0,5.0,34.0,68.0,64.0,7.0,1.0,0.0,4.0,0.152,0.203,1.0,0,0.0,,13.0,0.0,0,2.0,1.0,,2.0,0.5999999999999996
2007,PL,埼玉西武ライオンズ,71773888,柴田　博之,H.Shibata,7.0,14.0,14.0,3.0,2.0,0.0,0.0,0.0,2.0,0.0,2,1,0.0,0.0,0.0,0,0.0,3.0,1.0,0.143,0.143,0.143,0.286,2.0,0.0,0.0,0.143,0.0,21.428571428571427,0.0,0.18181818181818182,0.1001,190.66666666666666,0.07142857142857142,0.23076923076923078,0.143,2.0,0.0,0.0,7.0,14.0,14.0,2.0,0.0,0.0,3.0,0.143,0.143,0.0,0,0.0,,2.0,2,1,0.0,0.0,,0.2857142857142857,0.0039999999999997815
2007,PL,オリックス・バファローズ,71775111,高木　康成,Y.Takagi,54.0,1.0,1.0,0.0,0.0,0.0,0.0,0.0,0.0,0.0,0.0,0,0.0,0.0,0.0,0,0.0,1.0,0.0,0.0,0.0,0.0,0.0,0.0,0.0,0.0,0.0,0.0,100.0,0.0,nan,0.0,0.0,0.0,0.0,0.0,0.0,0.0,0.0,54.0,1.0,1.0,0.0,0.0,0.0,0.0,0.0,0.0,0.0,0,0.0,,0.0,0.0,0,0.0,0.0,,0.0,-0.098
2007,PL,オリックス・バファローズ,71775115,後藤　光尊,M.Gotou,107.0,337.0,314.0,28.0,80.0,16.0,2.0,10.0,130.0,34.0,5,7,4.0,3.0,14.0,0,2.0,26.0,7.0,0.255,0.288,0.414,0.702,52.0,0.15899999999999997,0.032999999999999974,0.4469999999999999,4.154302670623145,7.71513353115727,0.5384615384615384,0.2491103202846975,0.23309999999999997,425.99999999999994,0.22611464968152867,0.6348547717842323,0.255,80.0,10.0,34.0,107.0,337.0,314.0,52.0,16.0,2.0,28.0,0.288,0.414,14.0,0,2.0,,130.0,5,7,4.0,3.0,,37.25609756097561,37.60799999999999
2007,PL,千葉ロッテマリーンズ,71975110,竹原　直隆,N.Takehara,66.0,141.0,122.0,17.0,30.0,6.0,0.0,8.0,60.0,23.0,2,0,2.0,4.0,11.0,0,0.0,29.0,2.0,0.246,0.299,0.492,0.7909999999999999,16.0,0.246,0.05299999999999999,0.5449999999999999,7.801418439716312,20.56737588652482,0.3793103448275862,0.24719101123595505,0.25755,462.99999999999994,0.3360655737704918,0.7553191489361702,0.246,30.0,8.0,23.0,66.0,141.0,122.0,16.0,6.0,0.0,17.0,0.299,0.492,11.0,0,0.0,,60.0,2,0,2.0,4.0,,18.49624060150376,18.454
2007,PL,北海道日本ハムファイターズ,71975117,小谷野　栄一,E.Koyano,113.0,398.0,364.0,39.0,92.0,12.0,1.0,5.0,121.0,37.0,5,1,10.0,4.0,16.0,0,4.0,57.0,6.0,0.253,0.289,0.332,0.621,74.0,0.07900000000000001,0.035999999999999976,0.368,4.0201005025125625,14.321608040201006,0.2807017543859649,0.28431372549019607,0.21305000000000002,399.6666666666667,0.12637362637362637,0.5107913669064749,0.253,92.0,5.0,37.0,113.0,398.0,364.0,74.0,12.0,1.0,39.0,0.289,0.332,16.0,0,4.0,,121.0,5,1,10.0,4.0,,34.38947368421053,34.00399999999999
2007,PL,千葉ロッテマリーンズ,71975119,田中　雅彦,M.Tanaka,14.0,19.0,16.0,4.0,1.0,0.0,0.0,0.0,1.0,1.0,0.0,0,2.0,0.0,1.0,0,0.0,5.0,0.0,0.062,0.118,0.062,0.18,1.0,0.0,0.055999999999999994,0.118,5.263157894736842,26.31578947368421,0.2,0.09090909090909091,0.0686,138.66666666666666,0.0625,0.13333333333333333,0.062,1.0,0.0,1.0,14.0,19.0,16.0,1.0,0.0,0.0,4.0,0.118,0.062,1.0,0,0.0,,1.0,0.0,0,2.0,0.0,,0.11764705882352941,-0.6399999999999999
2007,PL,埼玉西武ライオンズ,73175112,C.ギッセル,C.Gissell,14.0,4.0,2.0,0.0,1.0,0.0,0.0,0.0,1.0,0.0,0.0,0,1.0,0.0,1.0,0,0.0,0.0,0.0,0.5,0.667,0.5,1.167,1.0,0.0,0.16700000000000004,0.667,25.0,0.0,nan,0.5,0.42515000000000003,833.6666666666666,0.5,2.0,0.5,1.0,0.0,0.0,14.0,4.0,2.0,1.0,0.0,0.0,0.0,0.667,0.5,1.0,0,0.0,,1.0,0.0,0,1.0,0.0,,0.6666666666666666,0.7320000000000001
2007,PL,オリックス・バファローズ,73175114,L.カーター,L.Carter,35.0,3.0,2.0,0.0,0.0,0.0,0.0,0.0,0.0,0.0,0.0,0,1.0,0.0,0.0,0,0.0,2.0,0.0,0.0,0.0,0.0,0.0,0.0,0.0,0.0,0.0,0.0,66.66666666666666,0.0,nan,0.0,0.0,0.0,0.0,0.0,0.0,0.0,0.0,35.0,3.0,2.0,0.0,0.0,0.0,0.0,0.0,0.0,0.0,0,0.0,,0.0,0.0,0,1.0,0.0,,0.0,-0.196
2007,PL,千葉ロッテマリーンズ,73873868,堀　幸一,K.Hori,61.0,161.0,150.0,17.0,38.0,10.0,2.0,2.0,58.0,15.0,1.0,1,2.0,0.0,8.0,0,1.0,41.0,1.0,0.253,0.296,0.387,0.683,24.0,0.134,0.04299999999999998,0.43,4.968944099378882,25.465838509316768,0.1951219512195122,0.3364485981308411,0.22995,425.0,0.19333333333333333,0.6017699115044248,0.253,38.0,2.0,15.0,61.0,161.0,150.0,24.0,10.0,2.0,17.0,0.296,0.387,8.0,0,1.0,,58.0,1.0,1,2.0,0.0,,16.88607594936709,16.333999999999996
2007,PL,東北楽天ゴールデンイーグルス,81083880,山村　宏樹,H.Yamamura,34.0,3.0,3.0,0.0,0.0,0.0,0.0,0.0,0.0,0.0,0.0,0,0.0,0.0,0.0,0,0.0,1.0,0.0,0.0,0.0,0.0,0.0,0.0,0.0,0.0,0.0,0.0,33.33333333333333,0.0,0.0,0.0,0.0,0.0,0.0,0.0,0.0,0.0,0.0,34.0,3.0,3.0,0.0,0.0,0.0,0.0,0.0,0.0,0.0,0,0.0,,0.0,0.0,0,0.0,0.0,,0.0,-0.29400000000000004
2007,PL,埼玉西武ライオンズ,81085115,中村　剛也,T.Nakamura,98.0,267.0,226.0,29.0,52.0,16.0,0.0,7.0,89.0,32.0,2,0,11.0,1.0,22.0,0,7.0,71.0,3.0,0.23,0.316,0.394,0.71,29.0,0.164,0.086,0.48,8.239700374531834,26.591760299625467,0.30985915492957744,0.30201342281879195,0.2407,447.33333333333337,0.2610619469026549,0.6666666666666666,0.23,52.0,7.0,32.0,98.0,267.0,226.0,29.0,16.0,0.0,29.0,0.316,0.394,22.0,0,7.0,,89.0,2,0,11.0,1.0,,26.556451612903224,28.618000000000002
2007,PL,埼玉西武ライオンズ,81185111,大島　裕行,H.Ooshima,27.0,39.0,37.0,5.0,8.0,3.0,0.0,0.0,11.0,8.0,0.0,0,0.0,1.0,1.0,0,0.0,9.0,0.0,0.216,0.231,0.297,0.528,5.0,0.08099999999999999,0.015000000000000013,0.312,2.564102564102564,23.076923076923077,0.1111111111111111,0.27586206896551724,0.1782,330.0,0.10810810810810811,0.41379310344827586,0.216,8.0,0.0,8.0,27.0,39.0,37.0,5.0,3.0,0.0,5.0,0.231,0.297,1.0,0,0.0,,11.0,0.0,0,0.0,1.0,,2.6052631578947367,2.148
2007,PL,東北楽天ゴールデンイーグルス,81185112,井野　卓,S.Ino,4.0,3.0,3.0,0.0,0.0,0.0,0.0,0.0,0.0,0.0,0.0,0,0.0,0.0,0.0,0,0.0,3.0,0.0,0.0,0.0,0.0,0.0,0.0,0.0,0.0,0.0,0.0,100.0,0.0,nan,0.0,0.0,0.0,0.0,0.0,0.0,0.0,0.0,4.0,3.0,3.0,0.0,0.0,0.0,0.0,0.0,0.0,0.0,0,0.0,,0.0,0.0,0,0.0,0.0,,0.0,-0.29400000000000004
2007,PL,福岡ソフトバンクホークス,81185113,荒金　久雄,H.Arakane,18.0,16.0,14.0,6.0,3.0,0.0,0.0,0.0,3.0,0.0,0.0,0,0.0,0.0,2.0,0,0.0,4.0,0.0,0.214,0.312,0.214,0.526,3.0,0.0,0.098,0.312,12.5,25.0,0.5,0.3,0.1939,383.3333333333333,0.14285714285714285,0.45454545454545453,0.214,3.0,0.0,0.0,18.0,16.0,14.0,3.0,0.0,0.0,6.0,0.312,0.214,2.0,0,0.0,,3.0,0.0,0,0.0,0.0,,0.9375,1.082
2007,PL,福岡ソフトバンクホークス,81185117,稲嶺　誉,H.Inamine,10.0,10.0,9.0,0.0,0.0,0.0,0.0,0.0,0.0,0.0,1,0,1.0,0.0,0.0,0,0.0,3.0,0.0,0.0,0.0,0.0,0.0,0.0,0.0,0.0,0.0,0.0,30.0,0.0,0.0,0.0,0.0,0.0,0.0,0.0,0.0,0.0,0.0,10.0,10.0,9.0,0.0,0.0,0.0,0.0,0.0,0.0,0.0,0,0.0,,0.0,1,0,1.0,0.0,,0.0,-0.882
2007,PL,オリックス・バファローズ,81285112,平野　佳寿,Y.Hirano,27.0,4.0,4.0,0.0,0.0,0.0,0.0,0.0,0.0,0.0,0.0,0,0.0,0.0,0.0,0,0.0,3.0,1.0,0.0,0.0,0.0,0.0,0.0,0.0,0.0,0.0,0.0,75.0,0.0,0.0,0.0,0.0,0.0,0.0,0.0,0.0,0.0,0.0,27.0,4.0,4.0,0.0,0.0,0.0,0.0,0.0,0.0,0.0,0,0.0,,0.0,0.0,0,0.0,0.0,,0.0,-0.392
2007,PL,オリックス・バファローズ,81285119,由田　慎太郎,S.Yoshida,22.0,27.0,21.0,4.0,5.0,0.0,0.0,1.0,8.0,3.0,0.0,0,2.0,0.0,4.0,0,0.0,5.0,0.0,0.238,0.36,0.381,0.741,4.0,0.14300000000000002,0.122,0.503,14.814814814814813,18.51851851851852,0.8,0.26666666666666666,0.25725,487.0,0.3333333333333333,0.75,0.238,5.0,1.0,3.0,22.0,27.0,21.0,4.0,0.0,0.0,4.0,0.36,0.381,4.0,0,0.0,,8.0,0.0,0,2.0,0.0,,2.88,3.1919999999999997
2007,PL,オリックス・バファローズ,81383880,北川　博敏,H.Kitagawa,144.0,602.0,557.0,60.0,156.0,23.0,1.0,9.0,208.0,61.0,4,2,0.0,7.0,31.0,0,7.0,79.0,23.0,0.28,0.322,0.373,0.6950000000000001,123.0,0.09299999999999997,0.04199999999999998,0.415,5.149501661129568,13.122923588039868,0.3924050632911392,0.3088235294117647,0.23815,446.33333333333337,0.1526032315978456,0.5849056603773585,0.28,156.0,9.0,61.0,144.0,602.0,557.0,123.0,23.0,1.0,60.0,0.322,0.373,31.0,0,7.0,,208.0,4,2,0.0,7.0,,66.14965986394557,65.662
2007,PL,東北楽天ゴールデンイーグルス,81383885,河本　育之,Y.Kawamoto,8.0,0.0,0.0,0.0,0.0,0.0,0.0,0.0,0.0,0.0,0.0,0,0.0,0.0,0.0,0,0.0,0.0,0.0,,,,0.0,0.0,0.0,0.0,,nan,nan,nan,nan,0.0,0.0,nan,nan,,0.0,0.0,0.0,8.0,0.0,0.0,0.0,0.0,0.0,0.0,,,0.0,0,0.0,,0.0,0.0,0,0.0,0.0,,nan,0.0
2007,PL,東北楽天ゴールデンイーグルス,81383888,川井　貴志,T.Kawai,3.0,0.0,0.0,0.0,0.0,0.0,0.0,0.0,0.0,0.0,0.0,0,0.0,0.0,0.0,0,0.0,0.0,0.0,,,,0.0,0.0,0.0,0.0,,nan,nan,nan,nan,0.0,0.0,nan,nan,,0.0,0.0,0.0,3.0,0.0,0.0,0.0,0.0,0.0,0.0,,,0.0,0,0.0,,0.0,0.0,0,0.0,0.0,,nan,0.0
2007,PL,東北楽天ゴールデンイーグルス,81385119,川岸　強,T.Kawagishi,11.0,0.0,0.0,0.0,0.0,0.0,0.0,0.0,0.0,0.0,0.0,0,0.0,0.0,0.0,0,0.0,0.0,0.0,,,,0.0,0.0,0.0,0.0,,nan,nan,nan,nan,0.0,0.0,nan,nan,,0.0,0.0,0.0,11.0,0.0,0.0,0.0,0.0,0.0,0.0,,,0.0,0,0.0,,0.0,0.0,0,0.0,0.0,,nan,0.0
2007,PL,千葉ロッテマリーンズ,81483886,渡辺　正人,M.Watanabe,34.0,59.0,52.0,7.0,9.0,2.0,0.0,0.0,11.0,3.0,0.0,0,2.0,0.0,4.0,0,1.0,16.0,0.0,0.173,0.246,0.212,0.45799999999999996,7.0,0.03900000000000001,0.07300000000000001,0.285,6.779661016949152,27.11864406779661,0.25,0.25,0.1637,316.66666666666663,0.11538461538461539,0.37209302325581395,0.173,9.0,0.0,3.0,34.0,59.0,52.0,7.0,2.0,0.0,7.0,0.246,0.212,4.0,0,1.0,,11.0,0.0,0,2.0,0.0,,2.5535714285714284,2.3759999999999994
2007,PL,東北楽天ゴールデンイーグルス,81485112,枡田　慎太郎,S.Masuda,3.0,12.0,11.0,1.0,5.0,1.0,0.0,0.0,6.0,2.0,0.0,0,1.0,0.0,0.0,0,0.0,2.0,0.0,0.455,0.455,0.545,1.0,4.0,0.09000000000000002,0.0,0.545,0.0,16.666666666666664,0.0,0.5555555555555556,0.341,636.6666666666667,0.09090909090909091,1.0,0.455,5.0,0.0,2.0,3.0,12.0,11.0,4.0,1.0,0.0,1.0,0.455,0.545,0.0,0,0.0,,6.0,0.0,0,1.0,0.0,,2.727272727272727,2.1319999999999997
2007,PL,オリックス・バファローズ,81485113,山本　省吾,S.Yamamoto,20.0,0.0,0.0,1.0,0.0,0.0,0.0,0.0,0.0,0.0,0.0,0,0.0,0.0,0.0,0,0.0,0.0,0.0,,,,0.0,0.0,0.0,0.0,,nan,nan,nan,nan,0.0,0.0,nan,nan,,0.0,0.0,0.0,20.0,0.0,0.0,0.0,0.0,0.0,1.0,,,0.0,0,0.0,,0.0,0.0,0,0.0,0.0,,nan,0.0
2007,PL,千葉ロッテマリーンズ,81583864,高木　晃次,K.Takagi,43.0,0.0,0.0,0.0,0.0,0.0,0.0,0.0,0.0,0.0,0.0,0,0.0,0.0,0.0,0,0.0,0.0,0.0,,,,0.0,0.0,0.0,0.0,,nan,nan,nan,nan,0.0,0.0,nan,nan,,0.0,0.0,0.0,43.0,0.0,0.0,0.0,0.0,0.0,0.0,,,0.0,0,0.0,,0.0,0.0,0,0.0,0.0,,nan,0.0
2007,PL,東北楽天ゴールデンイーグルス,81583884,小山　伸一郎,S.Koyama,30.0,0.0,0.0,0.0,0.0,0.0,0.0,0.0,0.0,0.0,0.0,0,0.0,0.0,0.0,0,0.0,0.0,0.0,,,,0.0,0.0,0.0,0.0,,nan,nan,nan,nan,0.0,0.0,nan,nan,,0.0,0.0,0.0,30.0,0.0,0.0,0.0,0.0,0.0,0.0,,,0.0,0,0.0,,0.0,0.0,0,0.0,0.0,,nan,0.0
2007,PL,北海道日本ハムファイターズ,81585112,川島　慶三,K.Kawashima,10.0,21.0,18.0,2.0,4.0,1.0,0.0,0.0,5.0,0.0,1,0,1.0,0.0,0.0,0,2.0,3.0,0.0,0.222,0.3,0.278,0.5780000000000001,3.0,0.05600000000000002,0.07799999999999999,0.356,0.0,14.285714285714285,0.0,0.26666666666666666,0.20450000000000002,392.6666666666667,0.05555555555555555,0.5,0.222,4.0,0.0,0.0,10.0,21.0,18.0,3.0,1.0,0.0,2.0,0.3,0.278,0.0,0,2.0,,5.0,1,0,1.0,0.0,,1.1111111111111112,1.5079999999999998
2007,PL,東北楽天ゴールデンイーグルス,81685115,ドミンゴ,D.Guzman,11.0,0.0,0.0,0.0,0.0,0.0,0.0,0.0,0.0,0.0,0.0,0,0.0,0.0,0.0,0,0.0,0.0,0.0,,,,0.0,0.0,0.0,0.0,,nan,nan,nan,nan,0.0,0.0,nan,nan,,0.0,0.0,0.0,11.0,0.0,0.0,0.0,0.0,0.0,0.0,,,0.0,0,0.0,,0.0,0.0,0,0.0,0.0,,nan,0.0
2007,PL,東北楽天ゴールデンイーグルス,81885114,渡辺　直人,N.Watanabe,119.0,472.0,410.0,60.0,110.0,17.0,1.0,2.0,135.0,26.0,25,5,16.0,2.0,32.0,0,12.0,43.0,6.0,0.268,0.338,0.329,0.667,90.0,0.061,0.07,0.399,6.779661016949152,9.110169491525424,0.7441860465116279,0.29427792915531337,0.23435,447.6666666666667,0.15121951219512195,0.6013071895424836,0.268,110.0,2.0,26.0,119.0,472.0,410.0,90.0,17.0,1.0,60.0,0.338,0.329,32.0,0,12.0,,135.0,25,5,16.0,2.0,,43.3710407239819,47.18000000000001
2007,PL,福岡ソフトバンクホークス,81983880,本間　満,M.Honma,86.0,161.0,147.0,16.0,33.0,5.0,0.0,2.0,44.0,7.0,0.0,0,5.0,0.0,9.0,0,0.0,41.0,0.0,0.224,0.269,0.299,0.5680000000000001,26.0,0.07499999999999998,0.04500000000000001,0.344,5.590062111801243,25.465838509316768,0.21951219512195122,0.2980769230769231,0.1958,368.6666666666667,0.1360544217687075,0.4649122807017544,0.224,33.0,2.0,7.0,86.0,161.0,147.0,26.0,5.0,0.0,16.0,0.269,0.299,9.0,0,0.0,,44.0,0.0,0,5.0,0.0,,11.846153846153847,11.277999999999999
2007,PL,オリックス・バファローズ,81983882,日高　剛,T.Hidaka,109.0,282.0,253.0,19.0,51.0,15.0,0.0,5.0,81.0,25.0,0.0,0,14.0,3.0,10.0,0,2.0,43.0,7.0,0.202,0.235,0.32,0.5549999999999999,31.0,0.118,0.032999999999999974,0.353,3.546099290780142,15.24822695035461,0.23255813953488372,0.22115384615384615,0.18575,341.6666666666667,0.15810276679841898,0.4449760765550239,0.202,51.0,5.0,25.0,109.0,282.0,253.0,31.0,15.0,0.0,19.0,0.235,0.32,10.0,0,2.0,,81.0,0.0,0,14.0,3.0,,18.787072243346007,17.664
2007,PL,北海道日本ハムファイターズ,81983886,坪井　智哉,T.Tsuboi,100.0,309.0,276.0,26.0,78.0,7.0,2.0,0.0,89.0,23.0,6,2,10.0,1.0,17.0,0,5.0,53.0,3.0,0.283,0.334,0.322,0.656,69.0,0.039000000000000035,0.051000000000000045,0.373,5.501618122977346,17.15210355987055,0.32075471698113206,0.3482142857142857,0.2308,441.33333333333337,0.10869565217391304,0.5621890547263682,0.283,78.0,0.0,23.0,100.0,309.0,276.0,69.0,7.0,2.0,26.0,0.334,0.322,17.0,0,5.0,,89.0,6,2,10.0,1.0,,28.85665529010239,29.835999999999995
2007,PL,北海道日本ハムファイターズ,81985112,高口　隆行,T.Takaguchi,3.0,8.0,7.0,0.0,0.0,0.0,0.0,0.0,0.0,0.0,0.0,0,0.0,0.0,0.0,0,1.0,3.0,0.0,0.0,0.125,0.0,0.125,0.0,0.0,0.125,0.125,0.0,37.5,0.0,0.0,0.05625,125.0,0.0,0.14285714285714285,0.0,0.0,0.0,0.0,3.0,8.0,7.0,0.0,0.0,0.0,0.0,0.125,0.0,0.0,0,1.0,,0.0,0.0,0,0.0,0.0,,0.0,-0.35600000000000004
2007,PL,埼玉西武ライオンズ,83185112,J.リーファー,J.Liefer,47.0,150.0,138.0,19.0,36.0,9.0,0.0,8.0,69.0,28.0,1,0,0.0,0.0,11.0,0,1.0,42.0,2.0,0.261,0.32,0.5,0.8200000000000001,19.0,0.239,0.059,0.5589999999999999,7.333333333333333,28.000000000000004,0.2619047619047619,0.3181818181818182,0.269,486.6666666666667,0.3188405797101449,0.7788461538461539,0.261,36.0,8.0,28.0,47.0,150.0,138.0,19.0,9.0,0.0,19.0,0.32,0.5,11.0,0,1.0,,69.0,1,0,0.0,0.0,,21.76510067114094,21.464
2007,PL,福岡ソフトバンクホークス,83585114,J.スタンリッジ,J.Standridge,17.0,0.0,0.0,0.0,0.0,0.0,0.0,0.0,0.0,0.0,0.0,0,0.0,0.0,0.0,0,0.0,0.0,0.0,,,,0.0,0.0,0.0,0.0,,nan,nan,nan,nan,0.0,0.0,nan,nan,,0.0,0.0,0.0,17.0,0.0,0.0,0.0,0.0,0.0,0.0,,,0.0,0,0.0,,0.0,0.0,0,0.0,0.0,,nan,0.0
2007,PL,福岡ソフトバンクホークス,91093881,田之上　慶三郎,K.Tanoue,4.0,0.0,0.0,0.0,0.0,0.0,0.0,0.0,0.0,0.0,0.0,0,0.0,0.0,0.0,0,0.0,0.0,0.0,,,,0.0,0.0,0.0,0.0,,nan,nan,nan,nan,0.0,0.0,nan,nan,,0.0,0.0,0.0,4.0,0.0,0.0,0.0,0.0,0.0,0.0,,,0.0,0,0.0,,0.0,0.0,0,0.0,0.0,,nan,0.0
2007,PL,福岡ソフトバンクホークス,91095113,仲澤　忠厚,T.Nakazawa,5.0,8.0,8.0,1.0,0.0,0.0,0.0,0.0,0.0,0.0,0.0,0,0.0,0.0,0.0,0,0.0,2.0,0.0,0.0,0.0,0.0,0.0,0.0,0.0,0.0,0.0,0.0,25.0,0.0,0.0,0.0,0.0,0.0,0.0,0.0,0.0,0.0,0.0,5.0,8.0,8.0,0.0,0.0,0.0,1.0,0.0,0.0,0.0,0,0.0,,0.0,0.0,0,0.0,0.0,,0.0,-0.784
2007,PL,北海道日本ハムファイターズ,91193880,稲葉　篤紀,A.Inaba,137.0,579.0,527.0,61.0,176.0,39.0,0.0,17.0,266.0,87.0,6,3,0.0,4.0,35.0,0,13.0,69.0,10.0,0.334,0.387,0.505,0.892,120.0,0.17099999999999999,0.05299999999999999,0.558,6.0449050086355784,11.917098445595855,0.5072463768115942,0.35730337078651686,0.3004,555.3333333333334,0.2428842504743833,0.8781163434903048,0.334,176.0,17.0,87.0,137.0,579.0,527.0,120.0,39.0,0.0,61.0,0.387,0.505,35.0,0,13.0,,266.0,6,3,0.0,4.0,,99.86832740213524,94.542
2007,PL,埼玉西武ライオンズ,91193884,石井　義人,Y.Ishii,92.0,296.0,260.0,26.0,66.0,14.0,0.0,2.0,86.0,17.0,7,0,4.0,3.0,29.0,0,0.0,53.0,2.0,0.254,0.325,0.331,0.656,50.0,0.07700000000000001,0.07100000000000001,0.402,9.797297297297296,17.905405405405407,0.5471698113207547,0.3076923076923077,0.22900000000000004,435.33333333333337,0.18846153846153846,0.5867346938775511,0.254,66.0,2.0,17.0,92.0,296.0,260.0,50.0,14.0,0.0,26.0,0.325,0.331,29.0,0,0.0,,86.0,7,0,4.0,3.0,,28.269896193771626,28.518
2007,PL,東北楽天ゴールデンイーグルス,91195112,青山　浩二,K.Aoyama,26.0,1.0,1.0,0.0,0.0,0.0,0.0,0.0,0.0,0.0,0.0,0,0.0,0.0,0.0,0,0.0,1.0,0.0,0.0,0.0,0.0,0.0,0.0,0.0,0.0,0.0,0.0,100.0,0.0,nan,0.0,0.0,0.0,0.0,0.0,0.0,0.0,0.0,26.0,1.0,1.0,0.0,0.0,0.0,0.0,0.0,0.0,0.0,0,0.0,,0.0,0.0,0,0.0,0.0,,0.0,-0.098
2007,PL,福岡ソフトバンクホークス,91195117,新垣　渚,N.Arakaki,21.0,4.0,4.0,0.0,1.0,1.0,0.0,0.0,2.0,0.0,0.0,0,0.0,0.0,0.0,0,0.0,2.0,0.0,0.25,0.25,0.5,0.75,0.0,0.25,0.0,0.5,0.0,50.0,0.0,0.5,0.2375,416.66666666666663,0.25,0.6666666666666666,0.25,1.0,0.0,0.0,21.0,4.0,4.0,0.0,1.0,0.0,0.0,0.25,0.5,0.0,0,0.0,,2.0,0.0,0,0.0,0.0,,0.5,0.42599999999999993
2007,PL,北海道日本ハムファイターズ,91195119,糸井　嘉男,Y.Itoi,7.0,11.0,11.0,1.0,1.0,0.0,0.0,0.0,1.0,0.0,1,0,0.0,0.0,0.0,0,0.0,1.0,0.0,0.091,0.091,0.091,0.182,1.0,0.0,0.0,0.091,0.0,9.090909090909092,0.0,0.1,0.0637,121.33333333333333,0.0,0.1,0.091,1.0,0.0,0.0,7.0,11.0,11.0,1.0,0.0,0.0,1.0,0.091,0.091,0.0,0,0.0,,1.0,1,0,0.0,0.0,,0.09090909090909091,-0.48
2007,PL,福岡ソフトバンクホークス,91293888,水田　章雄,A.Mizuta,45.0,2.0,1.0,0.0,0.0,0.0,0.0,0.0,0.0,0.0,0.0,0,1.0,0.0,0.0,0,0.0,1.0,0.0,0.0,0.0,0.0,0.0,0.0,0.0,0.0,0.0,0.0,50.0,0.0,nan,0.0,0.0,0.0,0.0,0.0,0.0,0.0,0.0,45.0,2.0,1.0,0.0,0.0,0.0,0.0,0.0,0.0,0.0,0,0.0,,0.0,0.0,0,1.0,0.0,,0.0,-0.098
2007,PL,福岡ソフトバンクホークス,91295112,西山　道隆,M.Nishiyama,3.0,0.0,0.0,0.0,0.0,0.0,0.0,0.0,0.0,0.0,0.0,0,0.0,0.0,0.0,0,0.0,0.0,0.0,,,,0.0,0.0,0.0,0.0,,nan,nan,nan,nan,0.0,0.0,nan,nan,,0.0,0.0,0.0,3.0,0.0,0.0,0.0,0.0,0.0,0.0,,,0.0,0,0.0,,0.0,0.0,0,0.0,0.0,,nan,0.0
2007,PL,千葉ロッテマリーンズ,91295115,早川　大輔,D.Hayakawa,133.0,536.0,459.0,72.0,130.0,17.0,8.0,5.0,178.0,44.0,16,8,23.0,4.0,34.0,0,16.0,74.0,3.0,0.283,0.351,0.388,0.739,100.0,0.10500000000000004,0.068,0.456,6.343283582089552,13.805970149253731,0.4594594594594595,0.3255208333333333,0.25495,480.33333333333326,0.19607843137254902,0.7108433734939759,0.283,130.0,5.0,44.0,133.0,536.0,459.0,100.0,17.0,8.0,72.0,0.351,0.388,34.0,0,16.0,,178.0,16,8,23.0,4.0,,59.21298174442191,63.458
2007,PL,東北楽天ゴールデンイーグルス,91393880,憲史,K.Kenshi（kawaguchi,76.0,211.0,189.0,18.0,45.0,9.0,3.0,6.0,78.0,25.0,0,2,0.0,2.0,14.0,0,6.0,35.0,4.0,0.238,0.308,0.413,0.721,27.0,0.175,0.07,0.483,6.6350710900473935,16.587677725118482,0.4,0.26,0.24185,445.66666666666663,0.25925925925925924,0.6756756756756757,0.238,45.0,6.0,25.0,76.0,211.0,189.0,27.0,9.0,3.0,18.0,0.308,0.413,14.0,0,6.0,,78.0,0,2,0.0,2.0,,22.669950738916256,24.588
2007,PL,福岡ソフトバンクホークス,91395115,井手　正太郎,S.Ide,61.0,149.0,132.0,11.0,31.0,7.0,0.0,2.0,44.0,16.0,0,1,6.0,1.0,9.0,0,1.0,27.0,5.0,0.235,0.287,0.333,0.62,22.0,0.09800000000000003,0.05199999999999999,0.385,6.0402684563758395,18.120805369127517,0.3333333333333333,0.27884615384615385,0.21239999999999998,397.99999999999994,0.17424242424242425,0.5188679245283019,0.235,31.0,2.0,16.0,61.0,149.0,132.0,22.0,7.0,0.0,11.0,0.287,0.333,9.0,0,1.0,,44.0,0,1,6.0,1.0,,12.4822695035461,12.501999999999999
2007,PL,北海道日本ハムファイターズ,91395119,押本　健彦,T.Oshimoto,36.0,1.0,1.0,0.0,0.0,0.0,0.0,0.0,0.0,0.0,0.0,0,0.0,0.0,0.0,0,0.0,1.0,0.0,0.0,0.0,0.0,0.0,0.0,0.0,0.0,0.0,0.0,100.0,0.0,nan,0.0,0.0,0.0,0.0,0.0,0.0,0.0,0.0,36.0,1.0,1.0,0.0,0.0,0.0,0.0,0.0,0.0,0.0,0,0.0,,0.0,0.0,0,0.0,0.0,,0.0,-0.098
2007,PL,東北楽天ゴールデンイーグルス,91493886,森谷　昭仁,A.Moritani,21.0,17.0,16.0,5.0,3.0,0.0,0.0,0.0,3.0,0.0,4,2,0.0,0.0,1.0,0,0.0,5.0,0.0,0.188,0.235,0.188,0.423,3.0,0.0,0.046999999999999986,0.235,5.88235294117647,29.411764705882355,0.2,0.2727272727272727,0.15275,297.66666666666663,0.1875,0.46153846153846156,0.188,3.0,0.0,0.0,21.0,17.0,16.0,3.0,0.0,0.0,5.0,0.235,0.188,1.0,0,0.0,,3.0,4,2,0.0,0.0,,0.7058823529411765,0.9159999999999999
2007,PL,福岡ソフトバンクホークス,91493888,吉本　亮,R.Yoshimoto,6.0,8.0,8.0,1.0,1.0,1.0,0.0,0.0,2.0,1.0,0.0,0,0.0,0.0,0.0,0,0.0,2.0,1.0,0.125,0.125,0.25,0.375,0.0,0.125,0.0,0.25,0.0,25.0,0.0,0.16666666666666666,0.11875,208.33333333333331,0.125,0.25,0.125,1.0,0.0,1.0,6.0,8.0,8.0,0.0,1.0,0.0,1.0,0.125,0.25,0.0,0,0.0,,2.0,0.0,0,0.0,0.0,,0.25,0.03399999999999992
2007,PL,東北楽天ゴールデンイーグルス,91495111,吉崎　勝,M.Yoshizaki,2.0,0.0,0.0,0.0,0.0,0.0,0.0,0.0,0.0,0.0,0.0,0,0.0,0.0,0.0,0,0.0,0.0,0.0,,,,0.0,0.0,0.0,0.0,,nan,nan,nan,nan,0.0,0.0,nan,nan,,0.0,0.0,0.0,2.0,0.0,0.0,0.0,0.0,0.0,0.0,,,0.0,0,0.0,,0.0,0.0,0,0.0,0.0,,nan,0.0
2007,PL,オリックス・バファローズ,91495117,前田　大輔,D.Maeda,38.0,106.0,97.0,7.0,22.0,2.0,0.0,3.0,33.0,16.0,0.0,0,2.0,0.0,6.0,0,1.0,19.0,3.0,0.227,0.279,0.34,0.619,17.0,0.11300000000000002,0.05200000000000002,0.392,5.660377358490567,17.92452830188679,0.3157894736842105,0.25333333333333335,0.21055000000000001,392.33333333333337,0.17525773195876287,0.5128205128205128,0.227,22.0,3.0,16.0,38.0,106.0,97.0,17.0,2.0,0.0,7.0,0.279,0.34,6.0,0,1.0,,33.0,0.0,0,2.0,0.0,,8.970873786407767,9.219999999999999
2007,PL,オリックス・バファローズ,91595114,大引　啓次,K.Oobiki,126.0,444.0,394.0,37.0,108.0,18.0,2.0,2.0,136.0,24.0,3,4,16.0,1.0,31.0,0,2.0,79.0,9.0,0.274,0.329,0.345,0.6739999999999999,86.0,0.07099999999999995,0.05499999999999999,0.3999999999999999,6.981981981981981,17.792792792792792,0.3924050632911392,0.3375796178343949,0.2343,444.0,0.1598984771573604,0.5864406779661017,0.274,108.0,2.0,24.0,126.0,444.0,394.0,86.0,18.0,2.0,37.0,0.329,0.345,31.0,0,2.0,,136.0,3,4,16.0,1.0,,44.48,44.501999999999995
2007,PL,オリックス・バファローズ,91693882,T.ローズ,T.Rhodes,132.0,554.0,464.0,75.0,135.0,19.0,0.0,42.0,280.0,96.0,0.0,0,0.0,2.0,88.0,0,0.0,147.0,7.0,0.291,0.403,0.603,1.006,74.0,0.312,0.11200000000000004,0.7150000000000001,15.884476534296029,26.534296028880867,0.5986394557823129,0.33574007220216606,0.3321,604.0,0.5021551724137931,1.0952380952380953,0.291,135.0,42.0,96.0,132.0,554.0,464.0,74.0,19.0,0.0,75.0,0.403,0.603,88.0,0,0.0,,280.0,0.0,0,0.0,2.0,,113.1159420289855,107.95799999999998
2007,PL,オリックス・バファローズ,91695119,G.ラロッカ,G.Larocca,136.0,576.0,503.0,79.0,144.0,29.0,0.0,27.0,254.0,79.0,2,1,0.0,6.0,39.0,0,28.0,74.0,11.0,0.286,0.366,0.505,0.871,88.0,0.21900000000000003,0.08000000000000002,0.585,6.770833333333333,12.847222222222221,0.527027027027027,0.2867647058823529,0.29095000000000004,534.3333333333334,0.2982107355864811,0.8702702702702703,0.286,144.0,27.0,79.0,136.0,576.0,503.0,88.0,29.0,0.0,79.0,0.366,0.505,39.0,0,28.0,,254.0,2,1,0.0,6.0,,85.76014760147602,90.868
2007,PL,北海道日本ハムファイターズ,91793864,中嶋　聡,S.Nakajima,60.0,15.0,15.0,1.0,1.0,0.0,0.0,1.0,4.0,3.0,0.0,0,0.0,0.0,0.0,0,0.0,5.0,0.0,0.067,0.067,0.267,0.334,0.0,0.2,0.0,0.267,0.0,33.33333333333333,0.0,0.0,0.09690000000000001,156.00000000000003,0.2,0.2857142857142857,0.067,1.0,1.0,3.0,60.0,15.0,15.0,0.0,0.0,0.0,1.0,0.067,0.267,0.0,0,0.0,,4.0,0.0,0,0.0,0.0,,0.26666666666666666,0.06799999999999984
2007,PL,福岡ソフトバンクホークス,91793884,柴原　洋,H.Shibahara,133.0,472.0,429.0,46.0,117.0,28.0,3.0,6.0,169.0,40.0,1,3,10.0,3.0,27.0,0,3.0,75.0,5.0,0.273,0.318,0.394,0.712,80.0,0.121,0.044999999999999984,0.439,5.720338983050848,15.889830508474576,0.36,0.3162393162393162,0.2416,449.33333333333337,0.19114219114219114,0.637223974763407,0.273,117.0,6.0,40.0,133.0,472.0,429.0,80.0,28.0,3.0,46.0,0.318,0.394,27.0,0,3.0,,169.0,1,3,10.0,3.0,,53.36842105263158,51.784
2007,PL,オリックス・バファローズ,91793886,鈴木　郁洋,F.Suzuki,3.0,0.0,0.0,1.0,0.0,0.0,0.0,0.0,0.0,0.0,0.0,0,0.0,0.0,0.0,0,0.0,0.0,0.0,,,,0.0,0.0,0.0,0.0,,nan,nan,nan,nan,0.0,0.0,nan,nan,,0.0,0.0,0.0,3.0,0.0,0.0,0.0,0.0,0.0,1.0,,,0.0,0,0.0,,0.0,0.0,0,0.0,0.0,,nan,0.0
2007,PL,東北楽天ゴールデンイーグルス,91795111,鷹野　史寿,F.Takano,44.0,81.0,69.0,7.0,14.0,3.0,1.0,1.0,22.0,7.0,1,0,0.0,0.0,9.0,0,3.0,20.0,2.0,0.203,0.321,0.319,0.64,9.0,0.11599999999999999,0.118,0.437,11.11111111111111,24.691358024691358,0.45,0.2708333333333333,0.2242,427.33333333333337,0.2463768115942029,0.5964912280701754,0.203,14.0,1.0,7.0,44.0,81.0,69.0,9.0,3.0,1.0,7.0,0.321,0.319,9.0,0,3.0,,22.0,1,0,0.0,0.0,,6.487179487179487,7.710000000000001
2007,PL,北海道日本ハムファイターズ,91795112,木下　達生,T.Kinoshita,5.0,1.0,1.0,0.0,0.0,0.0,0.0,0.0,0.0,0.0,0.0,0,0.0,0.0,0.0,0,0.0,0.0,0.0,0.0,0.0,0.0,0.0,0.0,0.0,0.0,0.0,0.0,0.0,nan,0.0,0.0,0.0,0.0,0.0,0.0,0.0,0.0,0.0,5.0,1.0,1.0,0.0,0.0,0.0,0.0,0.0,0.0,0.0,0,0.0,,0.0,0.0,0,0.0,0.0,,0.0,-0.098
2007,PL,オリックス・バファローズ,91795113,木元　邦之,K.Kimoto,31.0,65.0,58.0,5.0,15.0,3.0,1.0,0.0,20.0,5.0,0.0,0,1.0,2.0,3.0,0,1.0,11.0,3.0,0.259,0.297,0.345,0.6419999999999999,11.0,0.08599999999999997,0.03799999999999998,0.3829999999999999,4.615384615384616,16.923076923076923,0.2727272727272727,0.30612244897959184,0.21989999999999998,412.0,0.13793103448275862,0.5217391304347826,0.259,15.0,0.0,5.0,31.0,65.0,58.0,11.0,3.0,1.0,5.0,0.297,0.345,3.0,0,1.0,,20.0,0.0,0,1.0,2.0,,5.901639344262295,5.805999999999999
2007,PL,埼玉西武ライオンズ,91795114,岸　孝之,T.Kishi,27.0,4.0,4.0,0.0,0.0,0.0,0.0,0.0,0.0,0.0,0.0,0,0.0,0.0,0.0,0,0.0,1.0,0.0,0.0,0.0,0.0,0.0,0.0,0.0,0.0,0.0,0.0,25.0,0.0,0.0,0.0,0.0,0.0,0.0,0.0,0.0,0.0,0.0,27.0,4.0,4.0,0.0,0.0,0.0,0.0,0.0,0.0,0.0,0,0.0,,0.0,0.0,0,0.0,0.0,,0.0,-0.392
2007,PL,オリックス・バファローズ,91795115,近藤　一樹,K.Kondou,2.0,0.0,0.0,0.0,0.0,0.0,0.0,0.0,0.0,0.0,0.0,0,0.0,0.0,0.0,0,0.0,0.0,0.0,,,,0.0,0.0,0.0,0.0,,nan,nan,nan,nan,0.0,0.0,nan,nan,,0.0,0.0,0.0,2.0,0.0,0.0,0.0,0.0,0.0,0.0,,,0.0,0,0.0,,0.0,0.0,0,0.0,0.0,,nan,0.0
2007,PL,東北楽天ゴールデンイーグルス,91895112,山崎　隆広,T.Yamazaki,1.0,4.0,4.0,0.0,1.0,0.0,0.0,0.0,1.0,0.0,0.0,0,0.0,0.0,0.0,0,0.0,1.0,0.0,0.25,0.25,0.25,0.5,1.0,0.0,0.0,0.25,0.0,25.0,0.0,0.3333333333333333,0.175,333.3333333333333,0.0,0.3333333333333333,0.25,1.0,0.0,0.0,1.0,4.0,4.0,1.0,0.0,0.0,0.0,0.25,0.25,0.0,0,0.0,,1.0,0.0,0,0.0,0.0,,0.25,0.20599999999999996
2007,PL,北海道日本ハムファイターズ,91895115,F.セギノール,F.Seguignol,134.0,546.0,470.0,50.0,117.0,21.0,0.0,21.0,201.0,68.0,0.0,0,0.0,2.0,65.0,0,9.0,130.0,14.0,0.249,0.35,0.428,0.778,75.0,0.179,0.10099999999999998,0.5289999999999999,11.904761904761903,23.809523809523807,0.5,0.29906542056074764,0.2645,492.66666666666663,0.3170212765957447,0.7493188010899182,0.249,117.0,21.0,68.0,134.0,546.0,470.0,75.0,21.0,0.0,50.0,0.35,0.428,65.0,0,9.0,,201.0,0.0,0,0.0,2.0,,68.37757009345795,72.686
2007,PL,千葉ロッテマリーンズ,91895117,J.オーティズ,J.Ortiz,67.0,272.0,250.0,33.0,71.0,18.0,0.0,7.0,110.0,39.0,2,3,0.0,3.0,19.0,0,0.0,51.0,3.0,0.284,0.331,0.44,0.771,46.0,0.15600000000000003,0.04700000000000004,0.487,6.985294117647059,18.75,0.37254901960784315,0.3282051282051282,0.25895,477.6666666666667,0.244,0.7252747252747253,0.284,71.0,7.0,39.0,67.0,272.0,250.0,46.0,18.0,0.0,33.0,0.331,0.44,19.0,0,0.0,,110.0,2,3,0.0,3.0,,36.80297397769517,35.308
2007,PL,千葉ロッテマリーンズ,91993880,橋本　将,T.Hashimoto,63.0,141.0,118.0,15.0,25.0,4.0,1.0,0.0,31.0,4.0,0,1,0.0,2.0,21.0,0,0.0,38.0,1.0,0.212,0.326,0.263,0.589,20.0,0.05100000000000002,0.11400000000000002,0.377,14.893617021276595,26.95035460992908,0.5526315789473685,0.3048780487804878,0.21245,413.6666666666667,0.23728813559322035,0.5638297872340425,0.212,25.0,0.0,4.0,63.0,141.0,118.0,20.0,4.0,1.0,15.0,0.326,0.263,21.0,0,0.0,,31.0,0,1,0.0,2.0,,10.258992805755396,11.915999999999997
2007,PL,東北楽天ゴールデンイーグルス,91993888,徳元　敏,S.Tokumoto,2.0,0.0,0.0,0.0,0.0,0.0,0.0,0.0,0.0,0.0,0.0,0,0.0,0.0,0.0,0,0.0,0.0,0.0,,,,0.0,0.0,0.0,0.0,,nan,nan,nan,nan,0.0,0.0,nan,nan,,0.0,0.0,0.0,2.0,0.0,0.0,0.0,0.0,0.0,0.0,,,0.0,0,0.0,,0.0,0.0,0,0.0,0.0,,nan,0.0
2007,PL,埼玉西武ライオンズ,91993889,平尾　博嗣,H.Hirao,33.0,83.0,70.0,6.0,17.0,5.0,0.0,0.0,22.0,5.0,0,1,3.0,1.0,8.0,0,1.0,17.0,1.0,0.243,0.325,0.314,0.639,12.0,0.07100000000000001,0.08200000000000002,0.396,9.63855421686747,20.481927710843372,0.47058823529411764,0.3148148148148148,0.22475,429.6666666666667,0.2,0.5925925925925926,0.243,17.0,0.0,5.0,33.0,83.0,70.0,12.0,5.0,0.0,6.0,0.325,0.314,8.0,0,1.0,,22.0,0,1,3.0,1.0,,7.051282051282051,7.556
2007,PL,東北楽天ゴールデンイーグルス,91995111,戸部　浩,H.Tobe,11.0,0.0,0.0,0.0,0.0,0.0,0.0,0.0,0.0,0.0,0.0,0,0.0,0.0,0.0,0,0.0,0.0,0.0,,,,0.0,0.0,0.0,0.0,,nan,nan,nan,nan,0.0,0.0,nan,nan,,0.0,0.0,0.0,11.0,0.0,0.0,0.0,0.0,0.0,0.0,,,0.0,0,0.0,,0.0,0.0,0,0.0,0.0,,nan,0.0
2007,PL,埼玉西武ライオンズ,91995112,炭谷　銀仁朗,G.Sumitani,28.0,50.0,46.0,3.0,8.0,1.0,1.0,1.0,14.0,7.0,0.0,0,1.0,1.0,2.0,0,0.0,19.0,0.0,0.174,0.204,0.304,0.508,5.0,0.13,0.03,0.3339999999999999,4.0,38.0,0.10526315789473684,0.25925925925925924,0.1678,305.33333333333337,0.17391304347826086,0.42105263157894735,0.174,8.0,1.0,7.0,28.0,50.0,46.0,5.0,1.0,1.0,3.0,0.204,0.304,2.0,0,0.0,,14.0,0.0,0,1.0,1.0,,2.9166666666666665,2.6359999999999992
2007,PL,北海道日本ハムファイターズ,91995117,紺田　敏正,T.Konta,94.0,59.0,57.0,14.0,14.0,2.0,1.0,0.0,18.0,5.0,7,1,1.0,0.0,1.0,0,0.0,17.0,0.0,0.246,0.259,0.316,0.575,11.0,0.07,0.013000000000000012,0.329,1.694915254237288,28.8135593220339,0.058823529411764705,0.35,0.19555,364.3333333333333,0.10526315789473684,0.46511627906976744,0.246,14.0,0.0,5.0,94.0,59.0,57.0,11.0,2.0,1.0,14.0,0.259,0.316,1.0,0,0.0,,18.0,7,1,1.0,0.0,,4.655172413793103,4.275999999999998
