year,league,team,player_id,player_name_ja,player_name_en,G,PA,AB,R,H,2B,3B,HR,TB,RBI,SB,CS,SH,SF,BB,IBB,HBP,SO,GDP,AVG,OBP,SLG,OPS,1B,IsoP,IsoD,IOPS,BB%,K%,BB/K,BABIP,GPA,NOI,SecA,TA,打率,安打,本塁打,打点,試合,打席,打数,単打,二塁打,三塁打,得点,出塁率,長打率,四球,敬遠,死球,三振,塁打,盗塁,盗塁死,犠打,犠飛,併殺打,RC,XR
2022,CL,読売ジャイアンツ,1005113,中島　宏之,H.Nakajima,62.0,111.0,99.0,5.0,24.0,6.0,0.0,1.0,33.0,20.0,0,1,0.0,1.0,10.0,0,1.0,24.0,5.0,0.242,0.315,0.333,0.648,17.0,0.09100000000000003,0.07300000000000001,0.406,9.00900900900901,21.62162162162162,0.4166666666666667,0.30666666666666664,0.22500000000000003,426.0,0.20202020202020202,0.5625,0.242,24.0,1.0,20.0,62.0,111.0,99.0,17.0,6.0,0.0,5.0,0.315,0.333,10.0,0,1.0,,33.0,0,1,0.0,1.0,,10.293577981651376,10.719999999999999
2022,CL,阪神タイガース,1005132,髙山　俊,S.Takayama,38.0,56.0,53.0,1.0,10.0,2.0,0.0,0.0,12.0,0.0,2,0,1.0,0.0,2.0,0,0.0,12.0,0.0,0.189,0.218,0.226,0.444,8.0,0.037000000000000005,0.028999999999999998,0.255,3.571428571428571,21.428571428571427,0.16666666666666666,0.24390243902439024,0.15460000000000002,293.3333333333333,0.07547169811320754,0.32558139534883723,0.189,10.0,0.0,0.0,38.0,56.0,53.0,8.0,2.0,0.0,1.0,0.218,0.226,2.0,0,0.0,,12.0,2,0,1.0,0.0,,2.618181818181818,1.8859999999999992
2022,CL,横浜DeNAベイスターズ,11015116,田中　健二朗,K.Tanaka,47.0,0.0,0.0,0.0,0.0,0.0,0.0,0.0,0.0,0.0,0.0,0,0.0,0.0,0.0,0,0.0,0.0,0.0,,,,0.0,0.0,0.0,0.0,,nan,nan,nan,nan,0.0,0.0,nan,nan,,0.0,0.0,0.0,47.0,0.0,0.0,0.0,0.0,0.0,0.0,,,0.0,0,0.0,,0.0,0.0,0,0.0,0.0,,nan,0.0
2022,CL,横浜DeNAベイスターズ,11015151,坂本　裕哉,Y.Sakamoto,15.0,12.0,11.0,1.0,1.0,0.0,0.0,0.0,1.0,0.0,0.0,0,1.0,0.0,0.0,0,0.0,5.0,0.0,0.091,0.091,0.091,0.182,1.0,0.0,0.0,0.091,0.0,41.66666666666667,0.0,0.16666666666666666,0.0637,121.33333333333333,0.0,0.1,0.091,1.0,0.0,0.0,15.0,12.0,11.0,1.0,0.0,0.0,1.0,0.091,0.091,0.0,0,0.0,,1.0,0.0,0,1.0,0.0,,0.09090909090909091,-0.48
2022,CL,東京ヤクルトスワローズ,1105131,荒木　貴裕,T.Araki,47.0,28.0,22.0,4.0,3.0,1.0,0.0,0.0,4.0,0.0,0.0,0,0.0,0.0,6.0,0,0.0,7.0,0.0,0.136,0.321,0.182,0.503,2.0,0.045999999999999985,0.185,0.367,21.428571428571427,25.0,0.8571428571428571,0.2,0.18995,381.66666666666663,0.3181818181818182,0.5263157894736842,0.136,3.0,0.0,0.0,47.0,28.0,22.0,2.0,1.0,0.0,4.0,0.321,0.182,6.0,0,0.0,,4.0,0.0,0,0.0,0.0,,1.2857142857142858,1.838
2022,CL,読売ジャイアンツ,1105135,石川　慎吾,S.Ishikawa,22.0,32.0,29.0,3.0,8.0,3.0,0.0,0.0,11.0,2.0,0.0,0,0.0,0.0,3.0,0,0.0,9.0,0.0,0.276,0.344,0.379,0.723,5.0,0.10299999999999998,0.06799999999999995,0.4469999999999999,9.375,28.125,0.3333333333333333,0.4,0.24955,470.33333333333326,0.20689655172413793,0.6666666666666666,0.276,8.0,0.0,2.0,22.0,32.0,29.0,5.0,3.0,0.0,3.0,0.344,0.379,3.0,0,0.0,,11.0,0.0,0,0.0,0.0,,3.78125,3.592
2022,CL,阪神タイガース,11215137,北條　史也,F.Houjou,32.0,48.0,43.0,5.0,8.0,1.0,0.0,1.0,12.0,7.0,0.0,0,2.0,1.0,2.0,0,0.0,6.0,1.0,0.186,0.217,0.279,0.496,6.0,0.09300000000000003,0.031,0.31,4.166666666666666,12.5,0.3333333333333333,0.1891891891891892,0.1674,310.0,0.13953488372093023,0.3888888888888889,0.186,8.0,1.0,7.0,32.0,48.0,43.0,6.0,1.0,0.0,5.0,0.217,0.279,2.0,0,0.0,,12.0,0.0,0,2.0,1.0,,2.6666666666666665,2.39
2022,CL,読売ジャイアンツ,11215138,直江　大輔,D.Naoe,9.0,5.0,5.0,0.0,0.0,0.0,0.0,0.0,0.0,0.0,0.0,0,0.0,0.0,0.0,0,0.0,3.0,0.0,0.0,0.0,0.0,0.0,0.0,0.0,0.0,0.0,0.0,60.0,0.0,0.0,0.0,0.0,0.0,0.0,0.0,0.0,0.0,0.0,9.0,5.0,5.0,0.0,0.0,0.0,0.0,0.0,0.0,0.0,0,0.0,,0.0,0.0,0,0.0,0.0,,0.0,-0.49
2022,CL,東京ヤクルトスワローズ,11315115,石川　雅規,M.Ishikawa,16.0,26.0,20.0,0.0,2.0,0.0,0.0,0.0,2.0,0.0,0.0,0,4.0,0.0,2.0,0,0.0,3.0,0.0,0.1,0.182,0.1,0.28200000000000003,2.0,0.0,0.08199999999999999,0.182,7.6923076923076925,11.538461538461538,0.6666666666666666,0.11764705882352941,0.1069,215.33333333333331,0.1,0.2222222222222222,0.1,2.0,0.0,0.0,16.0,26.0,20.0,2.0,0.0,0.0,0.0,0.182,0.1,2.0,0,0.0,,2.0,0.0,0,4.0,0.0,,0.36363636363636365,-0.10399999999999987
2022,CL,横浜DeNAベイスターズ,11315130,石田　健大,K.Ishida,15.0,29.0,24.0,1.0,4.0,0.0,0.0,0.0,4.0,1.0,0.0,0,4.0,0.0,1.0,0,0.0,7.0,0.0,0.167,0.2,0.167,0.367,4.0,0.0,0.033,0.2,3.4482758620689653,24.137931034482758,0.14285714285714285,0.23529411764705882,0.13175,255.6666666666667,0.041666666666666664,0.25,0.167,4.0,0.0,1.0,15.0,29.0,24.0,4.0,0.0,0.0,1.0,0.2,0.167,1.0,0,0.0,,4.0,0.0,0,4.0,0.0,,0.8,0.3700000000000001
2022,CL,広島東洋カープ,11415134,床田　寛樹,H.Tokoda,17.0,38.0,32.0,0.0,6.0,1.0,0.0,0.0,7.0,2.0,0.0,0,6.0,0.0,0.0,0,0.0,7.0,1.0,0.188,0.188,0.219,0.40700000000000003,5.0,0.031,0.0,0.219,0.0,18.421052631578945,0.0,0.24,0.13935,261.0,0.03125,0.25925925925925924,0.188,6.0,0.0,2.0,17.0,38.0,32.0,5.0,1.0,0.0,0.0,0.188,0.219,0.0,0,0.0,,7.0,0.0,0,6.0,0.0,,1.3125,0.6719999999999997
2022,CL,読売ジャイアンツ,11515130,岡本　和真,K.Okamoto,140.0,589.0,520.0,63.0,131.0,21.0,1.0,30.0,244.0,82.0,1.0,1,0.0,2.0,58.0,0,9.0,94.0,11.0,0.252,0.336,0.469,0.8049999999999999,79.0,0.21699999999999997,0.08400000000000002,0.5529999999999999,9.847198641765704,15.959252971137522,0.6170212765957447,0.2537688442211055,0.26844999999999997,492.33333333333337,0.33076923076923076,0.78,0.252,131.0,30.0,82.0,140.0,589.0,520.0,79.0,21.0,1.0,63.0,0.336,0.469,58.0,0,9.0,,244.0,1.0,1,0.0,2.0,,79.78546712802768,83.02799999999999
2022,CL,中日ドラゴンズ,11515131,岡田　俊哉,T.Okada,2.0,2.0,2.0,0.0,0.0,0.0,0.0,0.0,0.0,0.0,0.0,0,0.0,0.0,0.0,0,0.0,1.0,0.0,0.0,0.0,0.0,0.0,0.0,0.0,0.0,0.0,0.0,50.0,0.0,0.0,0.0,0.0,0.0,0.0,0.0,0.0,0.0,0.0,2.0,2.0,2.0,0.0,0.0,0.0,0.0,0.0,0.0,0.0,0,0.0,,0.0,0.0,0,0.0,0.0,,0.0,-0.196
2022,CL,中日ドラゴンズ,11515133,大野　雄大,Y.Oono,23.0,48.0,42.0,1.0,2.0,0.0,0.0,0.0,2.0,0.0,0.0,0,5.0,0.0,1.0,0,0.0,21.0,1.0,0.048,0.07,0.048,0.11800000000000001,2.0,0.0,0.022000000000000006,0.07,2.083333333333333,43.75,0.047619047619047616,0.09523809523809523,0.04350000000000001,86.0,0.023809523809523808,0.07317073170731707,0.048,2.0,0.0,0.0,23.0,48.0,42.0,2.0,0.0,0.0,1.0,0.07,0.048,1.0,0,0.0,,2.0,0.0,0,5.0,0.0,,0.13953488372093023,-2.59
2022,CL,東京ヤクルトスワローズ,11515137,小川　泰弘,Y.Ogawa,25.0,51.0,44.0,1.0,6.0,1.0,0.0,1.0,10.0,3.0,0.0,0,7.0,0.0,0.0,0,0.0,14.0,1.0,0.136,0.136,0.227,0.363,4.0,0.091,0.0,0.227,0.0,27.450980392156865,0.0,0.1724137931034483,0.11795,211.66666666666666,0.09090909090909091,0.2564102564102564,0.136,6.0,1.0,3.0,25.0,51.0,44.0,4.0,1.0,0.0,1.0,0.136,0.227,0.0,0,0.0,,10.0,0.0,0,7.0,0.0,,1.3636363636363635,0.43599999999999994
2022,CL,中日ドラゴンズ,11515153,上田　洸太朗,K.Ueda,8.0,12.0,11.0,0.0,0.0,0.0,0.0,0.0,0.0,0.0,0.0,0,1.0,0.0,0.0,0,0.0,8.0,1.0,0.0,0.0,0.0,0.0,0.0,0.0,0.0,0.0,0.0,66.66666666666666,0.0,0.0,0.0,0.0,0.0,0.0,0.0,0.0,0.0,0.0,8.0,12.0,11.0,0.0,0.0,0.0,0.0,0.0,0.0,0.0,0,0.0,,0.0,0.0,0,1.0,0.0,,0.0,-1.078
2022,CL,阪神タイガース,11615139,陽川　尚将,N.Youkawa,45.0,75.0,68.0,6.0,20.0,6.0,0.0,1.0,29.0,6.0,0.0,0,1.0,0.0,4.0,0,2.0,20.0,0.0,0.294,0.351,0.426,0.7769999999999999,13.0,0.132,0.056999999999999995,0.483,5.333333333333334,26.666666666666668,0.2,0.40425531914893614,0.26445,493.0,0.19117647058823528,0.7291666666666666,0.294,20.0,1.0,6.0,45.0,75.0,68.0,13.0,6.0,0.0,6.0,0.351,0.426,4.0,0,2.0,,29.0,0.0,0,1.0,0.0,,9.666666666666666,9.536
2022,CL,横浜DeNAベイスターズ,11715134,京山　将弥,M.Kyouyama,17.0,12.0,9.0,1.0,1.0,0.0,0.0,1.0,4.0,1.0,0.0,0,2.0,0.0,1.0,0,0.0,5.0,1.0,0.111,0.2,0.444,0.644,0.0,0.333,0.08900000000000001,0.533,8.333333333333332,41.66666666666667,0.2,0.0,0.201,348.0,0.4444444444444444,0.5555555555555556,0.111,1.0,1.0,1.0,17.0,12.0,9.0,0.0,0.0,0.0,1.0,0.2,0.444,1.0,0,0.0,,4.0,0.0,0,2.0,0.0,,0.8,0.986
2022,CL,阪神タイガース,11715151,小川　一平,I.Ogawa,6.0,6.0,4.0,0.0,0.0,0.0,0.0,0.0,0.0,0.0,0.0,0,2.0,0.0,0.0,0,0.0,3.0,0.0,0.0,0.0,0.0,0.0,0.0,0.0,0.0,0.0,0.0,50.0,0.0,0.0,0.0,0.0,0.0,0.0,0.0,0.0,0.0,0.0,6.0,6.0,4.0,0.0,0.0,0.0,0.0,0.0,0.0,0.0,0,0.0,,0.0,0.0,0,2.0,0.0,,0.0,-0.392
2022,CL,東京ヤクルトスワローズ,11815134,星　知弥,T.Hoshi,7.0,1.0,1.0,0.0,0.0,0.0,0.0,0.0,0.0,0.0,0.0,0,0.0,0.0,0.0,0,0.0,0.0,1.0,0.0,0.0,0.0,0.0,0.0,0.0,0.0,0.0,0.0,0.0,nan,0.0,0.0,0.0,0.0,0.0,0.0,0.0,0.0,0.0,7.0,1.0,1.0,0.0,0.0,0.0,0.0,0.0,0.0,0.0,0,0.0,,0.0,0.0,0,0.0,0.0,,0.0,-0.098
2022,CL,広島東洋カープ,11815135,三好　匠,T.Miyoshi,10.0,2.0,2.0,0.0,0.0,0.0,0.0,0.0,0.0,0.0,0.0,0,0.0,0.0,0.0,0,0.0,1.0,0.0,0.0,0.0,0.0,0.0,0.0,0.0,0.0,0.0,0.0,50.0,0.0,0.0,0.0,0.0,0.0,0.0,0.0,0.0,0.0,0.0,10.0,2.0,2.0,0.0,0.0,0.0,0.0,0.0,0.0,0.0,0,0.0,,0.0,0.0,0,0.0,0.0,,0.0,-0.196
2022,CL,阪神タイガース,11915132,坂本　誠志郎,S.Sakamoto,60.0,151.0,127.0,5.0,24.0,3.0,0.0,0.0,27.0,6.0,0.0,0,7.0,0.0,13.0,0,4.0,26.0,1.0,0.189,0.285,0.213,0.498,21.0,0.023999999999999994,0.09599999999999997,0.3089999999999999,8.609271523178808,17.218543046357617,0.5,0.2376237623762376,0.1815,356.0,0.12598425196850394,0.4230769230769231,0.189,24.0,0.0,6.0,60.0,151.0,127.0,21.0,3.0,0.0,5.0,0.285,0.213,13.0,0,4.0,,27.0,0.0,0,7.0,0.0,,7.135714285714286,8.175999999999998
2022,CL,広島東洋カープ,11915134,坂倉　将吾,S.Sakakura,143.0,599.0,539.0,73.0,155.0,18.0,3.0,16.0,227.0,68.0,2,1,0.0,4.0,46.0,0,10.0,81.0,14.0,0.288,0.352,0.421,0.7729999999999999,118.0,0.133,0.064,0.485,7.6794657762938225,13.52253756260434,0.5679012345679012,0.3116591928251121,0.26365,492.3333333333333,0.22077922077922077,0.7135678391959799,0.288,155.0,16.0,68.0,143.0,599.0,539.0,118.0,18.0,3.0,73.0,0.352,0.421,46.0,0,10.0,,227.0,2,1,0.0,4.0,,77.9948717948718,79.14800000000001
2022,CL,横浜DeNAベイスターズ,11915139,砂田　毅樹,Y.Sunada,15.0,0.0,0.0,0.0,0.0,0.0,0.0,0.0,0.0,0.0,0.0,0,0.0,0.0,0.0,0,0.0,0.0,0.0,,,,0.0,0.0,0.0,0.0,,nan,nan,nan,nan,0.0,0.0,nan,nan,,0.0,0.0,0.0,15.0,0.0,0.0,0.0,0.0,0.0,0.0,,,0.0,0,0.0,,0.0,0.0,0,0.0,0.0,,nan,0.0
2022,CL,東京ヤクルトスワローズ,11915153,木澤　尚文,N.Kizawa,55.0,0.0,0.0,0.0,0.0,0.0,0.0,0.0,0.0,0.0,0.0,0,0.0,0.0,0.0,0,0.0,0.0,0.0,,,,0.0,0.0,0.0,0.0,,nan,nan,nan,nan,0.0,0.0,nan,nan,,0.0,0.0,0.0,55.0,0.0,0.0,0.0,0.0,0.0,0.0,,,0.0,0,0.0,,0.0,0.0,0,0.0,0.0,,nan,0.0
2022,CL,中日ドラゴンズ,1205114,堂上　直倫,N.Donoue,16.0,18.0,18.0,0.0,5.0,0.0,0.0,0.0,5.0,0.0,0.0,0,0.0,0.0,0.0,0,0.0,4.0,1.0,0.278,0.278,0.278,0.556,5.0,0.0,0.0,0.278,0.0,22.22222222222222,0.0,0.35714285714285715,0.19460000000000002,370.6666666666667,0.0,0.35714285714285715,0.278,5.0,0.0,0.0,16.0,18.0,18.0,5.0,0.0,0.0,0.0,0.278,0.278,0.0,0,0.0,,5.0,0.0,0,0.0,0.0,,1.3888888888888888,1.226
2022,CL,横浜DeNAベイスターズ,1205151,田部　隼人,H.Tanabe,3.0,5.0,4.0,0.0,0.0,0.0,0.0,0.0,0.0,0.0,0.0,0,1.0,0.0,0.0,0,0.0,1.0,0.0,0.0,0.0,0.0,0.0,0.0,0.0,0.0,0.0,0.0,20.0,0.0,0.0,0.0,0.0,0.0,0.0,0.0,0.0,0.0,0.0,3.0,5.0,4.0,0.0,0.0,0.0,0.0,0.0,0.0,0.0,0,0.0,,0.0,0.0,0,1.0,0.0,,0.0,-0.392
2022,CL,広島東洋カープ,13015155,N.ターリー,N.Turley,45.0,0.0,0.0,0.0,0.0,0.0,0.0,0.0,0.0,0.0,0.0,0,0.0,0.0,0.0,0,0.0,0.0,0.0,,,,0.0,0.0,0.0,0.0,,nan,nan,nan,nan,0.0,0.0,nan,nan,,0.0,0.0,0.0,45.0,0.0,0.0,0.0,0.0,0.0,0.0,,,0.0,0,0.0,,0.0,0.0,0,0.0,0.0,,nan,0.0
2022,CL,阪神タイガース,1305130,植田　海,K.Ueda,57.0,14.0,12.0,10.0,3.0,0.0,0.0,0.0,3.0,1.0,4,2,0.0,0.0,2.0,0,0.0,1.0,0.0,0.25,0.357,0.25,0.607,3.0,0.0,0.10699999999999998,0.357,14.285714285714285,7.142857142857142,2.0,0.2727272727272727,0.22315,440.3333333333333,0.3333333333333333,0.7777777777777778,0.25,3.0,0.0,1.0,57.0,14.0,12.0,3.0,0.0,0.0,10.0,0.357,0.25,2.0,0,0.0,,3.0,4,2,0.0,0.0,,1.0714285714285714,1.638
2022,CL,中日ドラゴンズ,1305131,大島　洋平,Y.Ooshima,109.0,482.0,436.0,48.0,137.0,18.0,1.0,1.0,160.0,20.0,11,4,3.0,0.0,34.0,0,9.0,52.0,1.0,0.314,0.376,0.367,0.743,117.0,0.05299999999999999,0.062,0.429,7.053941908713693,10.78838174273859,0.6538461538461539,0.35509138381201044,0.26095,498.33333333333337,0.13990825688073394,0.69,0.314,137.0,1.0,20.0,109.0,482.0,436.0,117.0,18.0,1.0,48.0,0.376,0.367,34.0,0,9.0,,160.0,11,4,3.0,0.0,,58.212765957446805,59.547999999999995
2022,CL,横浜DeNAベイスターズ,1305132,今永　昇太,S.Imanaga,21.0,47.0,38.0,2.0,7.0,1.0,0.0,0.0,8.0,4.0,0.0,0,8.0,0.0,1.0,0,0.0,9.0,1.0,0.184,0.205,0.211,0.416,6.0,0.026999999999999996,0.02099999999999999,0.2319999999999999,2.127659574468085,19.148936170212767,0.1111111111111111,0.2413793103448276,0.145,275.3333333333333,0.05263157894736842,0.28125,0.184,7.0,0.0,4.0,21.0,47.0,38.0,6.0,1.0,0.0,2.0,0.205,0.211,1.0,0,0.0,,8.0,0.0,0,8.0,0.0,,1.641025641025641,1.0119999999999996
2022,CL,東京ヤクルトスワローズ,1305136,大下　佑馬,Y.Ooshita,10.0,0.0,0.0,0.0,0.0,0.0,0.0,0.0,0.0,0.0,0.0,0,0.0,0.0,0.0,0,0.0,0.0,0.0,,,,0.0,0.0,0.0,0.0,,nan,nan,nan,nan,0.0,0.0,nan,nan,,0.0,0.0,0.0,10.0,0.0,0.0,0.0,0.0,0.0,0.0,,,0.0,0,0.0,,0.0,0.0,0,0.0,0.0,,nan,0.0
2022,CL,横浜DeNAベイスターズ,1305138,大貫　晋一,S.Oonuki,24.0,44.0,33.0,0.0,1.0,0.0,0.0,0.0,1.0,0.0,0.0,0,11.0,0.0,0.0,0,0.0,13.0,0.0,0.03,0.03,0.03,0.06,1.0,0.0,0.0,0.03,0.0,29.545454545454547,0.0,0.05,0.020999999999999998,40.0,0.0,0.03125,0.03,1.0,0.0,0.0,24.0,44.0,33.0,1.0,0.0,0.0,0.0,0.03,0.03,0.0,0,0.0,,1.0,0.0,0,11.0,0.0,,0.030303030303030304,-2.636
2022,CL,横浜DeNAベイスターズ,13115153,牧　秀悟,S.Maki,135.0,568.0,509.0,63.0,148.0,36.0,1.0,24.0,258.0,87.0,3.0,3,0.0,6.0,43.0,0,10.0,82.0,14.0,0.291,0.354,0.507,0.861,87.0,0.21600000000000003,0.063,0.5700000000000001,7.570422535211267,14.43661971830986,0.524390243902439,0.30317848410757947,0.28605,523.0,0.30648330058939094,0.8373333333333334,0.291,148.0,24.0,87.0,135.0,568.0,509.0,87.0,36.0,1.0,63.0,0.354,0.507,43.0,0,10.0,,258.0,3.0,3,0.0,6.0,,89.27173913043478,87.67200000000003
2022,CL,広島東洋カープ,13215155,R.マクブルーム,R.Mcbroom,128.0,508.0,448.0,57.0,122.0,25.0,0.0,17.0,198.0,74.0,0.0,0,0.0,3.0,52.0,0,5.0,105.0,13.0,0.272,0.352,0.442,0.794,80.0,0.16999999999999998,0.07999999999999996,0.522,10.236220472440944,20.669291338582678,0.49523809523809526,0.3191489361702128,0.2689,499.3333333333333,0.2857142857142857,0.7522123893805309,0.272,122.0,17.0,74.0,128.0,508.0,448.0,80.0,25.0,0.0,57.0,0.352,0.442,52.0,0,5.0,,198.0,0.0,0,0.0,3.0,,68.904,69.34200000000001
2022,CL,読売ジャイアンツ,13315136,若林　晃弘,A.Wakabayashi,43.0,91.0,80.0,3.0,16.0,3.0,0.0,0.0,19.0,8.0,0,1,3.0,1.0,7.0,0,0.0,24.0,4.0,0.2,0.261,0.237,0.498,13.0,0.03699999999999998,0.061,0.298,7.6923076923076925,26.373626373626376,0.2916666666666667,0.2807017543859649,0.17670000000000002,340.0,0.1375,0.39705882352941174,0.2,16.0,0.0,8.0,43.0,91.0,80.0,13.0,3.0,0.0,3.0,0.261,0.237,7.0,0,0.0,,19.0,0,1,3.0,1.0,,5.022988505747127,4.878
2022,CL,読売ジャイアンツ,13515153,山本　一輝,I.Yamamoto,2.0,0.0,0.0,0.0,0.0,0.0,0.0,0.0,0.0,0.0,0.0,0,0.0,0.0,0.0,0,0.0,0.0,0.0,,,,0.0,0.0,0.0,0.0,,nan,nan,nan,nan,0.0,0.0,nan,nan,,0.0,0.0,0.0,2.0,0.0,0.0,0.0,0.0,0.0,0.0,,,0.0,0,0.0,,0.0,0.0,0,0.0,0.0,,nan,0.0
2022,CL,中日ドラゴンズ,13715132,D.ビシエド,D.Viciedo,129.0,532.0,483.0,52.0,142.0,27.0,0.0,14.0,211.0,63.0,1.0,1,0.0,2.0,40.0,0,7.0,59.0,20.0,0.294,0.355,0.437,0.792,101.0,0.14300000000000002,0.061,0.498,7.518796992481203,11.090225563909774,0.6779661016949152,0.3106796116504854,0.269,500.6666666666666,0.2277432712215321,0.7174515235457064,0.294,142.0,14.0,63.0,129.0,532.0,483.0,101.0,27.0,0.0,52.0,0.355,0.437,40.0,0,7.0,,211.0,1.0,1,0.0,2.0,,73.4263862332696,72.37200000000001
2022,CL,阪神タイガース,13915151,A.ロドリゲス,A.Rodriguez,24.0,70.0,65.0,5.0,10.0,2.0,0.0,2.0,18.0,9.0,0.0,0,0.0,1.0,2.0,0,2.0,17.0,4.0,0.154,0.2,0.277,0.47700000000000004,6.0,0.12300000000000003,0.04600000000000001,0.323,2.857142857142857,24.285714285714285,0.11764705882352941,0.1702127659574468,0.15925,292.3333333333333,0.15384615384615385,0.3728813559322034,0.154,10.0,2.0,9.0,24.0,70.0,65.0,6.0,2.0,0.0,5.0,0.2,0.277,2.0,0,2.0,,18.0,0.0,0,0.0,1.0,,3.2238805970149254,3.2499999999999982
2022,CL,広島東洋カープ,1405116,松山　竜平,R.Matsuyama,88.0,166.0,152.0,9.0,33.0,7.0,0.0,2.0,46.0,23.0,0.0,0,0.0,3.0,11.0,0,0.0,22.0,2.0,0.217,0.265,0.303,0.5680000000000001,24.0,0.086,0.048000000000000015,0.351,6.626506024096386,13.253012048192772,0.5,0.2366412213740458,0.195,366.0,0.15789473684210525,0.47107438016528924,0.217,33.0,2.0,23.0,88.0,166.0,152.0,24.0,7.0,0.0,9.0,0.265,0.303,11.0,0,0.0,,46.0,0.0,0,0.0,3.0,,12.417177914110429,11.887999999999996
2022,CL,広島東洋カープ,1405130,野間　峻祥,T.Noma,85.0,338.0,317.0,42.0,99.0,21.0,3.0,0.0,126.0,16.0,7,5,4.0,0.0,16.0,0,1.0,53.0,5.0,0.312,0.347,0.397,0.744,75.0,0.08500000000000002,0.034999999999999976,0.432,4.733727810650888,15.680473372781064,0.3018867924528302,0.375,0.25539999999999996,479.33333333333326,0.15141955835962145,0.6636771300448431,0.312,99.0,0.0,16.0,85.0,338.0,317.0,75.0,21.0,3.0,42.0,0.347,0.397,16.0,0,1.0,,126.0,7,5,4.0,0.0,,43.513513513513516,40.885999999999996
2022,CL,広島東洋カープ,1405151,韮澤　雄也,Y.Nirasawa,7.0,12.0,10.0,0.0,1.0,0.0,0.0,0.0,1.0,0.0,0.0,0,1.0,0.0,1.0,0,0.0,1.0,0.0,0.1,0.182,0.1,0.28200000000000003,1.0,0.0,0.08199999999999999,0.182,8.333333333333332,8.333333333333332,1.0,0.1111111111111111,0.1069,215.33333333333331,0.1,0.2222222222222222,0.1,1.0,0.0,0.0,7.0,12.0,10.0,1.0,0.0,0.0,0.0,0.182,0.1,1.0,0,0.0,,1.0,0.0,0,1.0,0.0,,0.18181818181818182,-0.051999999999999935
2022,CL,広島東洋カープ,1405155,中村　健人,K.Nakamura,63.0,137.0,121.0,12.0,29.0,3.0,0.0,3.0,41.0,10.0,0.0,0,7.0,1.0,8.0,0,0.0,31.0,1.0,0.24,0.285,0.339,0.624,23.0,0.09900000000000003,0.044999999999999984,0.384,5.839416058394161,22.62773722627737,0.25806451612903225,0.29545454545454547,0.21300000000000002,397.99999999999994,0.1652892561983471,0.5268817204301075,0.24,29.0,3.0,10.0,63.0,137.0,121.0,23.0,3.0,0.0,12.0,0.285,0.339,8.0,0,0.0,,41.0,0.0,0,7.0,1.0,,11.75968992248062,11.604000000000001
2022,CL,阪神タイガース,1505138,片山　雄哉,Y.Katayama,2.0,2.0,2.0,0.0,0.0,0.0,0.0,0.0,0.0,0.0,0.0,0,0.0,0.0,0.0,0,0.0,2.0,0.0,0.0,0.0,0.0,0.0,0.0,0.0,0.0,0.0,0.0,100.0,0.0,nan,0.0,0.0,0.0,0.0,0.0,0.0,0.0,0.0,2.0,2.0,2.0,0.0,0.0,0.0,0.0,0.0,0.0,0.0,0,0.0,,0.0,0.0,0,0.0,0.0,,0.0,-0.196
2022,CL,読売ジャイアンツ,1605138,増田　陸,R.Masuda,69.0,156.0,140.0,15.0,35.0,6.0,0.0,5.0,56.0,16.0,2,0,2.0,0.0,13.0,0,1.0,42.0,3.0,0.25,0.318,0.4,0.718,24.0,0.15000000000000002,0.068,0.468,8.333333333333332,26.923076923076923,0.30952380952380953,0.3225806451612903,0.2431,451.33333333333337,0.24285714285714285,0.6481481481481481,0.25,35.0,5.0,16.0,69.0,156.0,140.0,24.0,6.0,0.0,15.0,0.318,0.4,13.0,0,1.0,,56.0,2,0,2.0,0.0,,17.568627450980394,17.85
2022,CL,東京ヤクルトスワローズ,1705132,小澤　怜史,R.Kozawa,10.0,14.0,12.0,1.0,2.0,0.0,0.0,0.0,2.0,0.0,0.0,0,2.0,0.0,0.0,0,0.0,4.0,0.0,0.167,0.167,0.167,0.334,2.0,0.0,0.0,0.167,0.0,28.57142857142857,0.0,0.25,0.1169,222.66666666666669,0.0,0.2,0.167,2.0,0.0,0.0,10.0,14.0,12.0,2.0,0.0,0.0,1.0,0.167,0.167,0.0,0,0.0,,2.0,0.0,0,2.0,0.0,,0.3333333333333333,0.020000000000000018
2022,CL,東京ヤクルトスワローズ,1705134,古賀　優大,Y.Koga,37.0,77.0,71.0,2.0,13.0,3.0,0.0,0.0,16.0,4.0,0.0,0,2.0,2.0,2.0,0,0.0,11.0,3.0,0.183,0.2,0.225,0.42500000000000004,10.0,0.04200000000000001,0.017000000000000015,0.242,2.5974025974025974,14.285714285714285,0.18181818181818182,0.20967741935483872,0.14625000000000002,275.0,0.07042253521126761,0.29508196721311475,0.183,13.0,0.0,4.0,37.0,77.0,71.0,10.0,3.0,0.0,2.0,0.2,0.225,2.0,0,0.0,,16.0,0.0,0,2.0,2.0,,3.287671232876712,2.136
2022,CL,広島東洋カープ,1705138,小園　海斗,K.Kozono,127.0,511.0,473.0,57.0,126.0,12.0,6.0,7.0,171.0,38.0,2.0,2,8.0,5.0,24.0,0,1.0,76.0,11.0,0.266,0.3,0.362,0.6619999999999999,101.0,0.09599999999999997,0.033999999999999975,0.3959999999999999,4.6966731898238745,14.87279843444227,0.3157894736842105,0.3012658227848101,0.2255,420.66666666666663,0.15010570824524314,0.553072625698324,0.266,126.0,7.0,38.0,127.0,511.0,473.0,101.0,12.0,6.0,57.0,0.3,0.362,24.0,0,1.0,,171.0,2.0,2,8.0,5.0,,51.60965794768612,50.06399999999999
2022,CL,阪神タイガース,1705155,桐敷　拓馬,T.Kirishiki,7.0,3.0,3.0,0.0,0.0,0.0,0.0,0.0,0.0,0.0,0.0,0,0.0,0.0,0.0,0,0.0,2.0,0.0,0.0,0.0,0.0,0.0,0.0,0.0,0.0,0.0,0.0,66.66666666666666,0.0,0.0,0.0,0.0,0.0,0.0,0.0,0.0,0.0,0.0,7.0,3.0,3.0,0.0,0.0,0.0,0.0,0.0,0.0,0.0,0,0.0,,0.0,0.0,0,0.0,0.0,,0.0,-0.29400000000000004
2022,CL,東京ヤクルトスワローズ,1805136,宮本　丈,T.Miyamoto,66.0,134.0,114.0,10.0,29.0,6.0,0.0,1.0,38.0,8.0,0.0,0,7.0,0.0,8.0,0,5.0,15.0,3.0,0.254,0.331,0.333,0.664,22.0,0.07900000000000001,0.07700000000000001,0.41,5.970149253731343,11.194029850746269,0.5333333333333333,0.2857142857142857,0.23220000000000002,442.0,0.14912280701754385,0.5795454545454546,0.254,29.0,1.0,8.0,66.0,134.0,114.0,22.0,6.0,0.0,10.0,0.331,0.333,8.0,0,5.0,,38.0,0.0,0,7.0,0.0,,11.524590163934427,12.72
2022,CL,東京ヤクルトスワローズ,1905114,嶋　基宏,M.Shima,2.0,2.0,2.0,0.0,0.0,0.0,0.0,0.0,0.0,0.0,0.0,0,0.0,0.0,0.0,0,0.0,1.0,1.0,0.0,0.0,0.0,0.0,0.0,0.0,0.0,0.0,0.0,50.0,0.0,0.0,0.0,0.0,0.0,0.0,0.0,0.0,0.0,0.0,2.0,2.0,2.0,0.0,0.0,0.0,0.0,0.0,0.0,0.0,0,0.0,,0.0,0.0,0,0.0,0.0,,0.0,-0.196
2022,CL,中日ドラゴンズ,1905136,清水　達也,T.Shimizu,54.0,1.0,1.0,0.0,0.0,0.0,0.0,0.0,0.0,0.0,0.0,0,0.0,0.0,0.0,0,0.0,1.0,0.0,0.0,0.0,0.0,0.0,0.0,0.0,0.0,0.0,0.0,100.0,0.0,nan,0.0,0.0,0.0,0.0,0.0,0.0,0.0,0.0,54.0,1.0,1.0,0.0,0.0,0.0,0.0,0.0,0.0,0.0,0,0.0,,0.0,0.0,0,0.0,0.0,,0.0,-0.098
2022,CL,中日ドラゴンズ,21025135,田島　慎二,S.Tajima,21.0,0.0,0.0,0.0,0.0,0.0,0.0,0.0,0.0,0.0,0.0,0,0.0,0.0,0.0,0,0.0,0.0,0.0,,,,0.0,0.0,0.0,0.0,,nan,nan,nan,nan,0.0,0.0,nan,nan,,0.0,0.0,0.0,21.0,0.0,0.0,0.0,0.0,0.0,0.0,,,0.0,0,0.0,,0.0,0.0,0,0.0,0.0,,nan,0.0
2022,CL,中日ドラゴンズ,21025136,髙松　渡,W.Takamatsu,51.0,14.0,14.0,17.0,1.0,0.0,0.0,0.0,1.0,0.0,5,3,0.0,0.0,0.0,0,0.0,5.0,0.0,0.071,0.071,0.071,0.142,1.0,0.0,0.0,0.071,0.0,35.714285714285715,0.0,0.1111111111111111,0.049699999999999994,94.66666666666666,0.21428571428571427,0.3076923076923077,0.071,1.0,0.0,0.0,51.0,14.0,14.0,1.0,0.0,0.0,17.0,0.071,0.071,0.0,0,0.0,,1.0,5,3,0.0,0.0,,0.07142857142857142,-0.23399999999999999
2022,CL,中日ドラゴンズ,21025137,福谷　浩司,K.Fukutani,5.0,10.0,8.0,0.0,2.0,0.0,0.0,0.0,2.0,1.0,0.0,0,1.0,0.0,1.0,0,0.0,2.0,0.0,0.25,0.333,0.25,0.583,2.0,0.0,0.08300000000000002,0.333,10.0,20.0,0.5,0.3333333333333333,0.21235,416.3333333333333,0.125,0.5,0.25,2.0,0.0,1.0,5.0,10.0,8.0,2.0,0.0,0.0,0.0,0.333,0.25,1.0,0,0.0,,2.0,0.0,0,1.0,0.0,,0.6666666666666666,0.742
2022,CL,広島東洋カープ,21125135,一岡　竜司,R.Ichioka,10.0,0.0,0.0,0.0,0.0,0.0,0.0,0.0,0.0,0.0,0.0,0,0.0,0.0,0.0,0,0.0,0.0,0.0,,,,0.0,0.0,0.0,0.0,,nan,nan,nan,nan,0.0,0.0,nan,nan,,0.0,0.0,0.0,10.0,0.0,0.0,0.0,0.0,0.0,0.0,,,0.0,0,0.0,,0.0,0.0,0,0.0,0.0,,nan,0.0
2022,CL,東京ヤクルトスワローズ,21125137,石山　泰稚,T.Ishiyama,38.0,0.0,0.0,0.0,0.0,0.0,0.0,0.0,0.0,0.0,0.0,0,0.0,0.0,0.0,0,0.0,0.0,0.0,,,,0.0,0.0,0.0,0.0,,nan,nan,nan,nan,0.0,0.0,nan,nan,,0.0,0.0,0.0,38.0,0.0,0.0,0.0,0.0,0.0,0.0,,,0.0,0,0.0,,0.0,0.0,0,0.0,0.0,,nan,0.0
2022,CL,東京ヤクルトスワローズ,21125138,市川　悠太,Y.Ichikawa,6.0,1.0,1.0,0.0,0.0,0.0,0.0,0.0,0.0,0.0,0.0,0,0.0,0.0,0.0,0,0.0,1.0,0.0,0.0,0.0,0.0,0.0,0.0,0.0,0.0,0.0,0.0,100.0,0.0,nan,0.0,0.0,0.0,0.0,0.0,0.0,0.0,0.0,6.0,1.0,1.0,0.0,0.0,0.0,0.0,0.0,0.0,0.0,0,0.0,,0.0,0.0,0,0.0,0.0,,0.0,-0.098
2022,CL,広島東洋カープ,21125151,石原　貴規,T.Ishihara,9.0,16.0,13.0,0.0,2.0,0.0,0.0,0.0,2.0,0.0,0.0,0,2.0,0.0,1.0,0,0.0,3.0,1.0,0.154,0.214,0.154,0.368,2.0,0.0,0.06,0.214,6.25,18.75,0.3333333333333333,0.2,0.1348,265.3333333333333,0.07692307692307693,0.25,0.154,2.0,0.0,0.0,9.0,16.0,13.0,2.0,0.0,0.0,0.0,0.214,0.154,1.0,0,0.0,,2.0,0.0,0,2.0,0.0,,0.42857142857142855,0.252
2022,CL,横浜DeNAベイスターズ,21125153,池谷　蒼大,S.Ikeya,6.0,0.0,0.0,0.0,0.0,0.0,0.0,0.0,0.0,0.0,0.0,0,0.0,0.0,0.0,0,0.0,0.0,0.0,,,,0.0,0.0,0.0,0.0,,nan,nan,nan,nan,0.0,0.0,nan,nan,,0.0,0.0,0.0,6.0,0.0,0.0,0.0,0.0,0.0,0.0,,,0.0,0,0.0,,0.0,0.0,0,0.0,0.0,,nan,0.0
2022,CL,横浜DeNAベイスターズ,21225110,藤田　一也,K.Fujita,33.0,40.0,36.0,1.0,9.0,0.0,0.0,0.0,9.0,5.0,0.0,0,0.0,0.0,4.0,0,0.0,5.0,1.0,0.25,0.325,0.25,0.575,9.0,0.0,0.07500000000000001,0.325,10.0,12.5,0.8,0.2903225806451613,0.20875000000000002,408.3333333333333,0.1111111111111111,0.4642857142857143,0.25,9.0,0.0,5.0,33.0,40.0,36.0,9.0,0.0,0.0,1.0,0.325,0.25,4.0,0,0.0,,9.0,0.0,0,0.0,0.0,,2.925,3.1740000000000004
2022,CL,読売ジャイアンツ,21225130,戸根　千明,C.Tone,9.0,1.0,1.0,0.0,0.0,0.0,0.0,0.0,0.0,0.0,0.0,0,0.0,0.0,0.0,0,0.0,1.0,0.0,0.0,0.0,0.0,0.0,0.0,0.0,0.0,0.0,0.0,100.0,0.0,nan,0.0,0.0,0.0,0.0,0.0,0.0,0.0,0.0,9.0,1.0,1.0,0.0,0.0,0.0,0.0,0.0,0.0,0.0,0,0.0,,0.0,0.0,0,0.0,0.0,,0.0,-0.098
2022,CL,横浜DeNAベイスターズ,21225136,中川　虎大,K.Nakagawa,8.0,0.0,0.0,0.0,0.0,0.0,0.0,0.0,0.0,0.0,0.0,0,0.0,0.0,0.0,0,0.0,0.0,0.0,,,,0.0,0.0,0.0,0.0,,nan,nan,nan,nan,0.0,0.0,nan,nan,,0.0,0.0,0.0,8.0,0.0,0.0,0.0,0.0,0.0,0.0,,,0.0,0,0.0,,0.0,0.0,0,0.0,0.0,,nan,0.0
2022,CL,中日ドラゴンズ,21225137,松葉　貴大,T.Matsuba,19.0,32.0,24.0,0.0,2.0,1.0,0.0,0.0,3.0,2.0,0.0,0,8.0,0.0,0.0,0,0.0,11.0,0.0,0.083,0.083,0.125,0.20800000000000002,1.0,0.041999999999999996,0.0,0.125,0.0,34.375,0.0,0.15384615384615385,0.0686,124.66666666666667,0.041666666666666664,0.13636363636363635,0.083,2.0,0.0,2.0,19.0,32.0,24.0,1.0,1.0,0.0,0.0,0.083,0.125,0.0,0,0.0,,3.0,0.0,0,8.0,0.0,,0.25,-0.9360000000000002
2022,CL,東京ヤクルトスワローズ,21325113,内川　聖一,S.Uchikawa,7.0,17.0,16.0,2.0,4.0,2.0,0.0,0.0,6.0,1.0,0.0,0,0.0,0.0,1.0,0,0.0,2.0,0.0,0.25,0.294,0.375,0.669,2.0,0.125,0.043999999999999984,0.419,5.88235294117647,11.76470588235294,0.5,0.2857142857142857,0.22605,419.0,0.1875,0.5833333333333334,0.25,4.0,0.0,1.0,7.0,17.0,16.0,2.0,2.0,0.0,2.0,0.294,0.375,1.0,0,0.0,,6.0,0.0,0,0.0,0.0,,1.7647058823529411,1.5939999999999999
2022,CL,阪神タイガース,21325130,江越　大賀,T.Egoshi,24.0,5.0,4.0,4.0,0.0,0.0,0.0,0.0,0.0,0.0,4,0,0.0,0.0,1.0,0,0.0,3.0,0.0,0.0,0.2,0.0,0.2,0.0,0.0,0.2,0.2,20.0,60.0,0.3333333333333333,0.0,0.09000000000000001,200.0,0.25,0.25,0.0,0.0,0.0,0.0,24.0,5.0,4.0,0.0,0.0,0.0,4.0,0.2,0.0,1.0,0,0.0,,0.0,4,0,0.0,0.0,,0.0,-0.062
2022,CL,阪神タイガース,21325134,大山　悠輔,Y.Ooyama,124.0,510.0,439.0,54.0,117.0,18.0,1.0,23.0,206.0,87.0,0,1,1.0,5.0,59.0,0,6.0,103.0,17.0,0.267,0.358,0.469,0.827,75.0,0.20199999999999996,0.09099999999999997,0.5599999999999999,11.568627450980392,20.19607843137255,0.5728155339805825,0.29559748427672955,0.27835,514.3333333333333,0.33940774487471526,0.8023598820058997,0.267,117.0,23.0,87.0,124.0,510.0,439.0,75.0,18.0,1.0,54.0,0.358,0.469,59.0,0,6.0,,206.0,0,1,1.0,5.0,,72.80321285140562,74.69400000000002
2022,CL,読売ジャイアンツ,21325136,大城　卓三,T.Ooshiro,115.0,393.0,346.0,24.0,92.0,11.0,1.0,13.0,144.0,43.0,1,0,9.0,0.0,36.0,0,2.0,77.0,10.0,0.266,0.339,0.416,0.755,67.0,0.14999999999999997,0.07300000000000001,0.489,9.16030534351145,19.59287531806616,0.4675324675324675,0.30859375,0.25655,477.6666666666667,0.2543352601156069,0.6893939393939394,0.266,92.0,13.0,43.0,115.0,393.0,346.0,67.0,11.0,1.0,24.0,0.339,0.416,36.0,0,2.0,,144.0,1,0,9.0,0.0,,48.25130890052356,48.828
2022,CL,広島東洋カープ,21325138,大盛　穂,M.Oomori,52.0,76.0,69.0,8.0,14.0,2.0,2.0,1.0,23.0,3.0,0,2,0.0,0.0,6.0,0,1.0,17.0,2.0,0.203,0.276,0.333,0.609,9.0,0.13,0.07300000000000001,0.406,7.894736842105263,22.36842105263158,0.35294117647058826,0.2549019607843137,0.20745000000000002,387.0,0.2463768115942029,0.5614035087719298,0.203,14.0,1.0,3.0,52.0,76.0,69.0,9.0,2.0,2.0,8.0,0.276,0.333,6.0,0,1.0,,23.0,0,2,0.0,0.0,,6.133333333333334,6.739999999999998
2022,CL,阪神タイガース,21325139,梅野　隆太郎,R.Umeno,100.0,331.0,294.0,26.0,67.0,2.0,1.0,4.0,83.0,25.0,2,1,6.0,1.0,30.0,0,0.0,77.0,16.0,0.228,0.298,0.282,0.58,60.0,0.053999999999999965,0.06999999999999998,0.352,9.06344410876133,23.26283987915408,0.38961038961038963,0.29439252336448596,0.2046,391.99999999999994,0.1598639455782313,0.4691358024691358,0.228,67.0,4.0,25.0,100.0,331.0,294.0,60.0,2.0,1.0,26.0,0.298,0.282,30.0,0,0.0,,83.0,2,1,6.0,1.0,,24.848765432098766,26.073999999999998
2022,CL,読売ジャイアンツ,21425116,丸　佳浩,Y.Maru,143.0,607.0,525.0,81.0,143.0,31.0,1.0,27.0,257.0,65.0,6,7,1.0,0.0,80.0,0,1.0,88.0,8.0,0.272,0.37,0.49,0.86,84.0,0.21799999999999997,0.09799999999999998,0.588,13.179571663920923,14.497528830313014,0.9090909090909091,0.28292682926829266,0.28900000000000003,533.3333333333334,0.38285714285714284,0.8846153846153846,0.272,143.0,27.0,65.0,143.0,607.0,525.0,84.0,31.0,1.0,81.0,0.37,0.49,80.0,0,1.0,,257.0,6,7,1.0,0.0,,94.72892561983471,94.79399999999998
2022,CL,広島東洋カープ,21425135,野村　祐輔,Y.Nomura,9.0,12.0,11.0,1.0,1.0,0.0,0.0,0.0,1.0,2.0,0.0,0,1.0,0.0,0.0,0,0.0,4.0,0.0,0.091,0.091,0.091,0.182,1.0,0.0,0.0,0.091,0.0,33.33333333333333,0.0,0.14285714285714285,0.0637,121.33333333333333,0.0,0.1,0.091,1.0,0.0,2.0,9.0,12.0,11.0,1.0,0.0,0.0,1.0,0.091,0.091,0.0,0,0.0,,1.0,0.0,0,1.0,0.0,,0.09090909090909091,-0.48
2022,CL,中日ドラゴンズ,21425151,橋本　侑樹,Y.Hashimoto,4.0,2.0,1.0,0.0,0.0,0.0,0.0,0.0,0.0,0.0,0.0,0,1.0,0.0,0.0,0,0.0,1.0,0.0,0.0,0.0,0.0,0.0,0.0,0.0,0.0,0.0,0.0,50.0,0.0,nan,0.0,0.0,0.0,0.0,0.0,0.0,0.0,0.0,4.0,2.0,1.0,0.0,0.0,0.0,0.0,0.0,0.0,0.0,0,0.0,,0.0,0.0,0,1.0,0.0,,0.0,-0.098
2022,CL,読売ジャイアンツ,21525130,香月　一也,K.Katsuki,15.0,37.0,35.0,5.0,7.0,2.0,0.0,0.0,9.0,2.0,0.0,0,0.0,0.0,2.0,0,0.0,8.0,0.0,0.2,0.243,0.257,0.5,5.0,0.056999999999999995,0.04299999999999998,0.3,5.405405405405405,21.62162162162162,0.25,0.25925925925925924,0.1736,328.6666666666667,0.11428571428571428,0.39285714285714285,0.2,7.0,0.0,2.0,15.0,37.0,35.0,5.0,2.0,0.0,5.0,0.243,0.257,2.0,0,0.0,,9.0,0.0,0,0.0,0.0,,2.189189189189189,1.8559999999999994
2022,CL,読売ジャイアンツ,21525136,北村　拓己,T.Kitamura,33.0,55.0,52.0,3.0,9.0,1.0,1.0,0.0,12.0,1.0,0.0,0,1.0,0.0,1.0,0,1.0,16.0,2.0,0.173,0.204,0.231,0.435,7.0,0.058000000000000024,0.031,0.262,1.8181818181818181,29.09090909090909,0.0625,0.25,0.14955,281.0,0.07692307692307693,0.3111111111111111,0.173,9.0,0.0,1.0,33.0,55.0,52.0,7.0,1.0,1.0,3.0,0.204,0.231,1.0,0,1.0,,12.0,0.0,0,1.0,0.0,,2.2641509433962264,1.7059999999999995
2022,CL,中日ドラゴンズ,21525138,勝野　昌慶,A.Katsuno,8.0,16.0,14.0,2.0,3.0,2.0,0.0,1.0,8.0,2.0,0.0,0,2.0,0.0,0.0,0,0.0,6.0,0.0,0.214,0.214,0.571,0.7849999999999999,0.0,0.357,0.0,0.571,0.0,37.5,0.0,0.2857142857142857,0.23904999999999998,404.3333333333333,0.35714285714285715,0.7272727272727273,0.214,3.0,1.0,2.0,8.0,16.0,14.0,0.0,2.0,0.0,2.0,0.214,0.571,0.0,0,0.0,,8.0,0.0,0,2.0,0.0,,1.7142857142857142,1.8019999999999998
2022,CL,阪神タイガース,21525139,加治屋　蓮,R.Kajiya,39.0,0.0,0.0,0.0,0.0,0.0,0.0,0.0,0.0,0.0,0.0,0,0.0,0.0,0.0,0,0.0,0.0,0.0,,,,0.0,0.0,0.0,0.0,,nan,nan,nan,nan,0.0,0.0,nan,nan,,0.0,0.0,0.0,39.0,0.0,0.0,0.0,0.0,0.0,0.0,,,0.0,0,0.0,,0.0,0.0,0,0.0,0.0,,nan,0.0
2022,CL,広島東洋カープ,21625130,塹江　敦哉,A.Horie,26.0,0.0,0.0,0.0,0.0,0.0,0.0,0.0,0.0,0.0,0.0,0,0.0,0.0,0.0,0,0.0,0.0,0.0,,,,0.0,0.0,0.0,0.0,,nan,nan,nan,nan,0.0,0.0,nan,nan,,0.0,0.0,0.0,26.0,0.0,0.0,0.0,0.0,0.0,0.0,,,0.0,0,0.0,,0.0,0.0,0,0.0,0.0,,nan,0.0
2022,CL,読売ジャイアンツ,21625132,廣岡　大志,T.Hirooka,28.0,60.0,50.0,5.0,9.0,3.0,1.0,0.0,14.0,4.0,0.0,0,2.0,0.0,7.0,0,1.0,16.0,2.0,0.18,0.293,0.28,0.573,5.0,0.10000000000000003,0.11299999999999999,0.393,11.666666666666666,26.666666666666668,0.4375,0.2647058823529412,0.20185,386.3333333333333,0.24,0.5116279069767442,0.18,9.0,0.0,4.0,28.0,60.0,50.0,5.0,3.0,1.0,5.0,0.293,0.28,7.0,0,1.0,,14.0,0.0,0,2.0,0.0,,3.9298245614035086,4.322
2022,CL,横浜DeNAベイスターズ,21625133,宮國　椋丞,R.Miyaguni,17.0,1.0,1.0,0.0,0.0,0.0,0.0,0.0,0.0,0.0,0.0,0,0.0,0.0,0.0,0,0.0,0.0,0.0,0.0,0.0,0.0,0.0,0.0,0.0,0.0,0.0,0.0,0.0,nan,0.0,0.0,0.0,0.0,0.0,0.0,0.0,0.0,0.0,17.0,1.0,1.0,0.0,0.0,0.0,0.0,0.0,0.0,0.0,0,0.0,,0.0,0.0,0,0.0,0.0,,0.0,-0.098
2022,CL,中日ドラゴンズ,21625134,藤嶋　健人,K.Fujishima,50.0,0.0,0.0,0.0,0.0,0.0,0.0,0.0,0.0,0.0,0.0,0,0.0,0.0,0.0,0,0.0,0.0,0.0,,,,0.0,0.0,0.0,0.0,,nan,nan,nan,nan,0.0,0.0,nan,nan,,0.0,0.0,0.0,50.0,0.0,0.0,0.0,0.0,0.0,0.0,,,0.0,0,0.0,,0.0,0.0,0,0.0,0.0,,nan,0.0
2022,CL,広島東洋カープ,21625136,藤井　黎來,R.Fujii,12.0,0.0,0.0,0.0,0.0,0.0,0.0,0.0,0.0,0.0,0.0,0,0.0,0.0,0.0,0,0.0,0.0,0.0,,,,0.0,0.0,0.0,0.0,,nan,nan,nan,nan,0.0,0.0,nan,nan,,0.0,0.0,0.0,12.0,0.0,0.0,0.0,0.0,0.0,0.0,,,0.0,0,0.0,,0.0,0.0,0,0.0,0.0,,nan,0.0
2022,CL,読売ジャイアンツ,21625151,堀田　賢慎,K.Hotta,8.0,11.0,9.0,1.0,2.0,0.0,0.0,0.0,2.0,0.0,0,1,0.0,0.0,2.0,0,0.0,3.0,0.0,0.222,0.364,0.222,0.586,2.0,0.0,0.142,0.364,18.181818181818183,27.27272727272727,0.6666666666666666,0.3333333333333333,0.2193,438.0,0.3333333333333333,0.7142857142857143,0.222,2.0,0.0,0.0,8.0,11.0,9.0,2.0,0.0,0.0,1.0,0.364,0.222,2.0,0,0.0,,2.0,0,1,0.0,0.0,,0.7272727272727273,1.154
2022,CL,阪神タイガース,21725134,小林　慶祐,K.Kobayashi,10.0,0.0,0.0,0.0,0.0,0.0,0.0,0.0,0.0,0.0,0.0,0,0.0,0.0,0.0,0,0.0,0.0,0.0,,,,0.0,0.0,0.0,0.0,,nan,nan,nan,nan,0.0,0.0,nan,nan,,0.0,0.0,0.0,10.0,0.0,0.0,0.0,0.0,0.0,0.0,,,0.0,0,0.0,,0.0,0.0,0,0.0,0.0,,nan,0.0
2022,CL,阪神タイガース,21725138,齋藤　友貴哉,Y.Saitou,20.0,1.0,1.0,1.0,1.0,1.0,0.0,0.0,2.0,0.0,0.0,0,0.0,0.0,0.0,0,0.0,0.0,0.0,1.0,1.0,2.0,3.0,0.0,1.0,0.0,2.0,0.0,0.0,nan,1.0,0.95,1666.6666666666665,1.0,nan,1.0,1.0,0.0,0.0,20.0,1.0,1.0,0.0,1.0,0.0,1.0,1.0,2.0,0.0,0,0.0,,2.0,0.0,0,0.0,0.0,,2.0,0.72
2022,CL,東京ヤクルトスワローズ,21725139,今野　龍太,R.Konno,51.0,0.0,0.0,0.0,0.0,0.0,0.0,0.0,0.0,0.0,0.0,0,0.0,0.0,0.0,0,0.0,0.0,0.0,,,,0.0,0.0,0.0,0.0,,nan,nan,nan,nan,0.0,0.0,nan,nan,,0.0,0.0,0.0,51.0,0.0,0.0,0.0,0.0,0.0,0.0,,,0.0,0,0.0,,0.0,0.0,0,0.0,0.0,,nan,0.0
2022,CL,読売ジャイアンツ,21825134,松原　聖弥,S.Matsubara,50.0,76.0,71.0,7.0,8.0,1.0,1.0,0.0,11.0,4.0,2,1,1.0,0.0,4.0,0,0.0,21.0,2.0,0.113,0.16,0.155,0.315,6.0,0.041999999999999996,0.047,0.202,5.263157894736842,27.631578947368425,0.19047619047619047,0.16,0.11075000000000002,211.66666666666666,0.11267605633802817,0.24615384615384617,0.113,8.0,0.0,4.0,50.0,76.0,71.0,6.0,1.0,1.0,7.0,0.16,0.155,4.0,0,0.0,,11.0,2,1,1.0,0.0,,1.76,0.08599999999999941
2022,CL,読売ジャイアンツ,21825153,平内　龍太,R.Heinai,53.0,0.0,0.0,0.0,0.0,0.0,0.0,0.0,0.0,0.0,0.0,0,0.0,0.0,0.0,0,0.0,0.0,0.0,,,,0.0,0.0,0.0,0.0,,nan,nan,nan,nan,0.0,0.0,nan,nan,,0.0,0.0,0.0,53.0,0.0,0.0,0.0,0.0,0.0,0.0,,,0.0,0,0.0,,0.0,0.0,0,0.0,0.0,,nan,0.0
2022,CL,東京ヤクルトスワローズ,21925117,坂口　智隆,T.Sakaguchi,24.0,47.0,43.0,2.0,12.0,3.0,0.0,0.0,15.0,2.0,0.0,0,0.0,0.0,3.0,0,1.0,13.0,0.0,0.279,0.34,0.349,0.6890000000000001,9.0,0.06999999999999995,0.061,0.41,6.382978723404255,27.659574468085108,0.23076923076923078,0.4,0.24025000000000002,456.33333333333337,0.13953488372093023,0.6129032258064516,0.279,12.0,0.0,2.0,24.0,47.0,43.0,9.0,3.0,0.0,2.0,0.34,0.349,3.0,0,1.0,,15.0,0.0,0,0.0,0.0,,4.891304347826087,4.942
2022,CL,読売ジャイアンツ,21925132,重信　慎之介,S.Shigenobu,77.0,128.0,111.0,16.0,24.0,3.0,0.0,0.0,27.0,9.0,7,3,8.0,0.0,8.0,0,1.0,28.0,0.0,0.216,0.275,0.243,0.518,21.0,0.026999999999999996,0.059000000000000025,0.302,6.25,21.875,0.2857142857142857,0.2891566265060241,0.1845,356.00000000000006,0.12612612612612611,0.4482758620689655,0.216,24.0,0.0,9.0,77.0,128.0,111.0,21.0,3.0,0.0,16.0,0.275,0.243,8.0,0,1.0,,27.0,7,3,8.0,0.0,,7.260504201680672,7.644000000000002
2022,CL,東京ヤクルトスワローズ,21925139,高梨　裕稔,H.Takanashi,20.0,32.0,27.0,0.0,1.0,0.0,0.0,0.0,1.0,1.0,0.0,0,4.0,0.0,1.0,0,0.0,19.0,0.0,0.037,0.071,0.037,0.10799999999999998,1.0,0.0,0.033999999999999996,0.071,3.125,59.375,0.05263157894736842,0.125,0.0412,83.33333333333333,0.037037037037037035,0.07692307692307693,0.037,1.0,0.0,1.0,20.0,32.0,27.0,1.0,0.0,0.0,0.0,0.071,0.037,1.0,0,0.0,,1.0,0.0,0,4.0,0.0,,0.07142857142857142,-1.718
2022,CL,中日ドラゴンズ,21925151,郡司　裕也,Y.Gunji,33.0,48.0,42.0,0.0,8.0,1.0,0.0,0.0,9.0,0.0,0.0,0,0.0,0.0,5.0,0,1.0,12.0,4.0,0.19,0.292,0.214,0.506,7.0,0.023999999999999994,0.10199999999999998,0.3159999999999999,10.416666666666668,25.0,0.4166666666666667,0.26666666666666666,0.18489999999999998,363.33333333333326,0.14285714285714285,0.39473684210526316,0.19,8.0,0.0,0.0,33.0,48.0,42.0,7.0,1.0,0.0,0.0,0.292,0.214,5.0,0,1.0,,9.0,0.0,0,0.0,0.0,,2.4893617021276597,2.867999999999999
2022,CL,横浜DeNAベイスターズ,23125136,山本　祐大,Y.Yamamoto,17.0,32.0,29.0,1.0,3.0,1.0,0.0,0.0,4.0,1.0,0.0,0,0.0,1.0,2.0,0,0.0,4.0,1.0,0.103,0.156,0.138,0.29400000000000004,2.0,0.03500000000000002,0.053000000000000005,0.191,6.25,12.5,0.5,0.11538461538461539,0.1047,202.0,0.10344827586206896,0.2222222222222222,0.103,3.0,0.0,1.0,17.0,32.0,29.0,2.0,1.0,0.0,1.0,0.156,0.138,2.0,0,0.0,,4.0,0.0,0,0.0,1.0,,0.6451612903225806,-0.16800000000000015
2022,CL,東京ヤクルトスワローズ,23525153,J.オスナ,J.Osuna,138.0,529.0,496.0,49.0,135.0,19.0,2.0,20.0,218.0,74.0,2,3,0.0,3.0,29.0,0,1.0,93.0,11.0,0.272,0.312,0.44,0.752,94.0,0.16799999999999998,0.03999999999999998,0.48,5.482041587901701,17.580340264650285,0.3118279569892473,0.2979274611398964,0.2504,458.6666666666667,0.2318548387096774,0.6747311827956989,0.272,135.0,20.0,74.0,138.0,529.0,496.0,94.0,19.0,2.0,49.0,0.312,0.44,29.0,0,1.0,,218.0,2,3,0.0,3.0,,68.09904761904762,66.62200000000001
2022,CL,中日ドラゴンズ,23925134,R.マルティネス,R.Martinez,56.0,0.0,0.0,0.0,0.0,0.0,0.0,0.0,0.0,0.0,0.0,0,0.0,0.0,0.0,0,0.0,0.0,0.0,,,,0.0,0.0,0.0,0.0,,nan,nan,nan,nan,0.0,0.0,nan,nan,,0.0,0.0,0.0,56.0,0.0,0.0,0.0,0.0,0.0,0.0,,,0.0,0,0.0,,0.0,0.0,0,0.0,0.0,,nan,0.0
2022,CL,阪神タイガース,23925153,M.ロハス・ジュニア,M.Jr.,89.0,211.0,183.0,19.0,41.0,7.0,0.0,9.0,75.0,27.0,0.0,0,0.0,1.0,22.0,0,5.0,53.0,4.0,0.224,0.322,0.41,0.732,25.0,0.18599999999999997,0.098,0.508,10.42654028436019,25.118483412322274,0.41509433962264153,0.26229508196721313,0.2474,458.6666666666667,0.30601092896174864,0.6986301369863014,0.224,41.0,9.0,27.0,89.0,211.0,183.0,25.0,7.0,0.0,19.0,0.322,0.41,22.0,0,5.0,,75.0,0.0,0,0.0,1.0,,23.048780487804876,25.493999999999996
2022,CL,中日ドラゴンズ,31035118,谷元　圭介,K.Tanimoto,34.0,0.0,0.0,0.0,0.0,0.0,0.0,0.0,0.0,0.0,0.0,0,0.0,0.0,0.0,0,0.0,0.0,0.0,,,,0.0,0.0,0.0,0.0,,nan,nan,nan,nan,0.0,0.0,nan,nan,,0.0,0.0,0.0,34.0,0.0,0.0,0.0,0.0,0.0,0.0,,,0.0,0,0.0,,0.0,0.0,0,0.0,0.0,,nan,0.0
2022,CL,読売ジャイアンツ,31035135,高木　京介,K.Takagi,17.0,0.0,0.0,0.0,0.0,0.0,0.0,0.0,0.0,0.0,0.0,0,0.0,0.0,0.0,0,0.0,0.0,0.0,,,,0.0,0.0,0.0,0.0,,nan,nan,nan,nan,0.0,0.0,nan,nan,,0.0,0.0,0.0,17.0,0.0,0.0,0.0,0.0,0.0,0.0,,,0.0,0,0.0,,0.0,0.0,0,0.0,0.0,,nan,0.0
2022,CL,読売ジャイアンツ,3105130,Z.ウィーラー,Z.Wheeler,30.0,64.0,56.0,2.0,11.0,2.0,0.0,2.0,19.0,5.0,1.0,0,0.0,0.0,8.0,0,0.0,7.0,0.0,0.196,0.297,0.339,0.636,7.0,0.14300000000000002,0.10099999999999998,0.44,12.5,10.9375,1.1428571428571428,0.19148936170212766,0.21839999999999998,410.0,0.30357142857142855,0.6222222222222222,0.196,11.0,2.0,5.0,30.0,64.0,56.0,7.0,2.0,0.0,2.0,0.297,0.339,8.0,0,0.0,,19.0,1.0,0,0.0,0.0,,5.640625,6.229999999999999
2022,CL,中日ドラゴンズ,3105136,山本　拓実,T.Yamamoto,30.0,0.0,0.0,0.0,0.0,0.0,0.0,0.0,0.0,0.0,0.0,0,0.0,0.0,0.0,0,0.0,0.0,0.0,,,,0.0,0.0,0.0,0.0,,nan,nan,nan,nan,0.0,0.0,nan,nan,,0.0,0.0,0.0,30.0,0.0,0.0,0.0,0.0,0.0,0.0,,,0.0,0,0.0,,0.0,0.0,0,0.0,0.0,,nan,0.0
2022,CL,読売ジャイアンツ,3105151,山瀬　慎之助,S.Yamase,8.0,11.0,11.0,0.0,2.0,1.0,0.0,0.0,3.0,0.0,0.0,0,0.0,0.0,0.0,0,0.0,2.0,0.0,0.182,0.182,0.273,0.455,1.0,0.09100000000000003,0.0,0.273,0.0,18.181818181818183,0.0,0.2222222222222222,0.15015,273.0,0.09090909090909091,0.3333333333333333,0.182,2.0,0.0,0.0,8.0,11.0,11.0,1.0,1.0,0.0,0.0,0.182,0.273,0.0,0,0.0,,3.0,0.0,0,0.0,0.0,,0.5454545454545454,0.33799999999999997
2022,CL,横浜DeNAベイスターズ,3105155,三浦　銀二,G.Miura,6.0,1.0,1.0,0.0,0.0,0.0,0.0,0.0,0.0,0.0,0.0,0,0.0,0.0,0.0,0,0.0,0.0,0.0,0.0,0.0,0.0,0.0,0.0,0.0,0.0,0.0,0.0,0.0,nan,0.0,0.0,0.0,0.0,0.0,0.0,0.0,0.0,0.0,6.0,1.0,1.0,0.0,0.0,0.0,0.0,0.0,0.0,0.0,0,0.0,,0.0,0.0,0,0.0,0.0,,0.0,-0.098
2022,CL,広島東洋カープ,31135114,會澤　翼,T.Aizawa,98.0,325.0,290.0,18.0,60.0,10.0,0.0,3.0,79.0,33.0,0.0,0,2.0,4.0,23.0,0,6.0,49.0,11.0,0.207,0.276,0.272,0.548,47.0,0.06500000000000003,0.06900000000000003,0.3410000000000001,7.076923076923077,15.076923076923077,0.46938775510204084,0.23553719008264462,0.19220000000000004,366.6666666666667,0.14482758620689656,0.44813278008298757,0.207,60.0,3.0,33.0,98.0,325.0,290.0,47.0,10.0,0.0,18.0,0.276,0.272,23.0,0,6.0,,79.0,0.0,0,2.0,4.0,,20.94888178913738,22.049999999999997
2022,CL,東京ヤクルトスワローズ,31135119,青木　宣親,N.Aoki,81.0,256.0,222.0,27.0,55.0,8.0,1.0,5.0,80.0,22.0,3,1,0.0,3.0,28.0,0,3.0,28.0,7.0,0.248,0.336,0.36,0.696,41.0,0.11199999999999999,0.08800000000000002,0.448,10.9375,10.9375,1.0,0.2604166666666667,0.2412,456.0,0.24324324324324326,0.6436781609195402,0.248,55.0,5.0,22.0,81.0,256.0,222.0,41.0,8.0,1.0,27.0,0.336,0.36,28.0,0,3.0,,80.0,3,1,0.0,3.0,,26.56,28.544000000000004
2022,CL,広島東洋カープ,31135133,秋山　翔吾,S.Akiyama,44.0,174.0,155.0,19.0,41.0,6.0,1.0,5.0,64.0,26.0,0.0,0,0.0,2.0,11.0,0,6.0,34.0,6.0,0.265,0.333,0.413,0.746,29.0,0.14799999999999996,0.068,0.481,6.321839080459771,19.54022988505747,0.3235294117647059,0.3050847457627119,0.2531,470.6666666666667,0.21935483870967742,0.675,0.265,41.0,5.0,26.0,44.0,174.0,155.0,29.0,6.0,1.0,19.0,0.333,0.413,11.0,0,6.0,,64.0,0.0,0,0.0,2.0,,20.048192771084338,21.498
2022,CL,広島東洋カープ,31235133,中﨑　翔太,S.Nakazaki,28.0,0.0,0.0,0.0,0.0,0.0,0.0,0.0,0.0,0.0,0.0,0,0.0,0.0,0.0,0,0.0,0.0,0.0,,,,0.0,0.0,0.0,0.0,,nan,nan,nan,nan,0.0,0.0,nan,nan,,0.0,0.0,0.0,28.0,0.0,0.0,0.0,0.0,0.0,0.0,,,0.0,0,0.0,,0.0,0.0,0,0.0,0.0,,nan,0.0
2022,CL,中日ドラゴンズ,31335116,岩嵜　翔,S.Iwasaki,1.0,0.0,0.0,0.0,0.0,0.0,0.0,0.0,0.0,0.0,0.0,0,0.0,0.0,0.0,0,0.0,0.0,0.0,,,,0.0,0.0,0.0,0.0,,nan,nan,nan,nan,0.0,0.0,nan,nan,,0.0,0.0,0.0,1.0,0.0,0.0,0.0,0.0,0.0,0.0,,,0.0,0,0.0,,0.0,0.0,0,0.0,0.0,,nan,0.0
2022,CL,読売ジャイアンツ,31335135,今村　信貴,N.Imamura,55.0,1.0,1.0,0.0,0.0,0.0,0.0,0.0,0.0,0.0,0.0,0,0.0,0.0,0.0,0,0.0,1.0,0.0,0.0,0.0,0.0,0.0,0.0,0.0,0.0,0.0,0.0,100.0,0.0,nan,0.0,0.0,0.0,0.0,0.0,0.0,0.0,0.0,55.0,1.0,1.0,0.0,0.0,0.0,0.0,0.0,0.0,0.0,0,0.0,,0.0,0.0,0,0.0,0.0,,0.0,-0.098
2022,CL,広島東洋カープ,31335137,上本　崇司,T.Uemoto,94.0,300.0,261.0,36.0,80.0,9.0,1.0,2.0,97.0,18.0,2,1,10.0,0.0,21.0,0,8.0,31.0,8.0,0.307,0.376,0.372,0.748,68.0,0.065,0.069,0.441,7.000000000000001,10.333333333333334,0.6774193548387096,0.34210526315789475,0.2622,500.0,0.14942528735632185,0.671957671957672,0.307,80.0,2.0,18.0,94.0,300.0,261.0,68.0,9.0,1.0,36.0,0.376,0.372,21.0,0,8.0,,97.0,2,1,10.0,0.0,,34.741134751773046,36.412
2022,CL,阪神タイガース,31335139,岩崎　優,S.Iwazaki,57.0,0.0,0.0,0.0,0.0,0.0,0.0,0.0,0.0,0.0,0.0,0,0.0,0.0,0.0,0,0.0,0.0,0.0,,,,0.0,0.0,0.0,0.0,,nan,nan,nan,nan,0.0,0.0,nan,nan,,0.0,0.0,0.0,57.0,0.0,0.0,0.0,0.0,0.0,0.0,,,0.0,0,0.0,,0.0,0.0,0,0.0,0.0,,nan,0.0
2022,CL,阪神タイガース,31335151,井上　広大,K.Inoue,2.0,5.0,5.0,0.0,0.0,0.0,0.0,0.0,0.0,0.0,0.0,0,0.0,0.0,0.0,0,0.0,2.0,0.0,0.0,0.0,0.0,0.0,0.0,0.0,0.0,0.0,0.0,40.0,0.0,0.0,0.0,0.0,0.0,0.0,0.0,0.0,0.0,0.0,2.0,5.0,5.0,0.0,0.0,0.0,0.0,0.0,0.0,0.0,0,0.0,,0.0,0.0,0,0.0,0.0,,0.0,-0.49
2022,CL,横浜DeNAベイスターズ,31435139,三上　朋也,T.Mikami,19.0,1.0,1.0,0.0,0.0,0.0,0.0,0.0,0.0,0.0,0.0,0,0.0,0.0,0.0,0,0.0,1.0,0.0,0.0,0.0,0.0,0.0,0.0,0.0,0.0,0.0,0.0,100.0,0.0,nan,0.0,0.0,0.0,0.0,0.0,0.0,0.0,0.0,19.0,1.0,1.0,0.0,0.0,0.0,0.0,0.0,0.0,0.0,0,0.0,,0.0,0.0,0,0.0,0.0,,0.0,-0.098
2022,CL,阪神タイガース,31435155,豊田　寛,H.Toyoda,5.0,9.0,7.0,0.0,0.0,0.0,0.0,0.0,0.0,0.0,0.0,0,1.0,0.0,1.0,0,0.0,4.0,1.0,0.0,0.125,0.0,0.125,0.0,0.0,0.125,0.125,11.11111111111111,44.44444444444444,0.25,0.0,0.05625,125.0,0.14285714285714285,0.125,0.0,0.0,0.0,0.0,5.0,9.0,7.0,0.0,0.0,0.0,0.0,0.125,0.0,1.0,0,0.0,,0.0,0.0,0,1.0,0.0,,0.0,-0.35600000000000004
2022,CL,中日ドラゴンズ,31535134,笠原　祥太郎,S.Kasahara,4.0,5.0,5.0,0.0,0.0,0.0,0.0,0.0,0.0,0.0,0.0,0,0.0,0.0,0.0,0,0.0,3.0,0.0,0.0,0.0,0.0,0.0,0.0,0.0,0.0,0.0,0.0,60.0,0.0,0.0,0.0,0.0,0.0,0.0,0.0,0.0,0.0,0.0,4.0,5.0,5.0,0.0,0.0,0.0,0.0,0.0,0.0,0.0,0,0.0,,0.0,0.0,0,0.0,0.0,,0.0,-0.49
2022,CL,阪神タイガース,31535138,小幡　竜平,R.Obata,49.0,73.0,69.0,7.0,13.0,1.0,0.0,1.0,17.0,5.0,0.0,0,1.0,1.0,2.0,0,0.0,21.0,0.0,0.188,0.208,0.246,0.45399999999999996,11.0,0.057999999999999996,0.01999999999999999,0.266,2.73972602739726,28.767123287671232,0.09523809523809523,0.25,0.15510000000000002,290.0,0.08695652173913043,0.3392857142857143,0.188,13.0,1.0,5.0,49.0,73.0,69.0,11.0,1.0,0.0,7.0,0.208,0.246,2.0,0,0.0,,17.0,0.0,0,1.0,1.0,,3.591549295774648,2.832
2022,CL,中日ドラゴンズ,31635114,福田　永将,N.Fukuda,25.0,29.0,28.0,1.0,6.0,1.0,0.0,1.0,10.0,2.0,0.0,0,0.0,0.0,1.0,0,0.0,7.0,0.0,0.214,0.241,0.357,0.598,4.0,0.143,0.026999999999999996,0.384,3.4482758620689653,24.137931034482758,0.14285714285714285,0.25,0.1977,360.0,0.17857142857142858,0.5,0.214,6.0,1.0,2.0,25.0,29.0,28.0,4.0,1.0,0.0,1.0,0.241,0.357,1.0,0,0.0,,10.0,0.0,0,0.0,0.0,,2.413793103448276,2.334
2022,CL,東京ヤクルトスワローズ,31635132,原　樹理,J.Hara,22.0,40.0,34.0,0.0,2.0,1.0,0.0,0.0,3.0,2.0,0.0,0,3.0,0.0,2.0,0,1.0,11.0,0.0,0.059,0.135,0.088,0.223,1.0,0.028999999999999998,0.07600000000000001,0.164,5.0,27.500000000000004,0.18181818181818182,0.08695652173913043,0.08275,164.33333333333334,0.08823529411764706,0.1875,0.059,2.0,0.0,2.0,22.0,40.0,34.0,1.0,1.0,0.0,0.0,0.135,0.088,2.0,0,1.0,,3.0,0.0,0,3.0,0.0,,0.3333333333333333,-0.9260000000000002
2022,CL,読売ジャイアンツ,31635134,畠　世周,S.Hatake,27.0,0.0,0.0,0.0,0.0,0.0,0.0,0.0,0.0,0.0,0.0,0,0.0,0.0,0.0,0,0.0,0.0,0.0,,,,0.0,0.0,0.0,0.0,,nan,nan,nan,nan,0.0,0.0,nan,nan,,0.0,0.0,0.0,27.0,0.0,0.0,0.0,0.0,0.0,0.0,,,0.0,0,0.0,,0.0,0.0,0,0.0,0.0,,nan,0.0
2022,CL,東京ヤクルトスワローズ,31735112,川端　慎吾,S.Kawabata,52.0,64.0,57.0,1.0,10.0,1.0,0.0,0.0,11.0,7.0,0.0,0,0.0,2.0,4.0,0,1.0,7.0,1.0,0.175,0.234,0.193,0.42700000000000005,9.0,0.018000000000000016,0.059000000000000025,0.252,6.25,10.9375,0.5714285714285714,0.19230769230769232,0.15355000000000002,298.3333333333333,0.08771929824561403,0.3333333333333333,0.175,10.0,0.0,7.0,52.0,64.0,57.0,9.0,1.0,0.0,1.0,0.234,0.193,4.0,0,1.0,,11.0,0.0,0,0.0,2.0,,2.5245901639344264,2.2640000000000002
2022,CL,中日ドラゴンズ,31735132,木下　拓哉,T.Kinoshita,120.0,466.0,419.0,24.0,103.0,16.0,3.0,6.0,143.0,48.0,2,0,12.0,6.0,27.0,0,1.0,38.0,5.0,0.246,0.289,0.341,0.63,78.0,0.09500000000000003,0.04299999999999998,0.384,5.793991416309012,8.15450643776824,0.7105263157894737,0.2545931758530184,0.2153,402.6666666666667,0.15990453460620524,0.5327102803738317,0.246,103.0,6.0,48.0,120.0,466.0,419.0,78.0,16.0,3.0,24.0,0.289,0.341,27.0,0,1.0,,143.0,2,0,12.0,6.0,,41.681614349775785,40.55199999999999
2022,CL,読売ジャイアンツ,31735136,鍬原　拓也,T.Kuwahara,49.0,2.0,2.0,0.0,0.0,0.0,0.0,0.0,0.0,0.0,0.0,0,0.0,0.0,0.0,0,0.0,1.0,0.0,0.0,0.0,0.0,0.0,0.0,0.0,0.0,0.0,0.0,50.0,0.0,0.0,0.0,0.0,0.0,0.0,0.0,0.0,0.0,0.0,49.0,2.0,2.0,0.0,0.0,0.0,0.0,0.0,0.0,0.0,0,0.0,,0.0,0.0,0,0.0,0.0,,0.0,-0.196
2022,CL,阪神タイガース,31735138,木浪　聖也,S.Kinami,41.0,101.0,93.0,6.0,19.0,4.0,0.0,1.0,26.0,6.0,0.0,0,2.0,0.0,5.0,0,1.0,19.0,2.0,0.204,0.253,0.28,0.533,14.0,0.07600000000000004,0.049000000000000016,0.329,4.9504950495049505,18.81188118811881,0.2631578947368421,0.2465753424657534,0.18385,346.3333333333333,0.12903225806451613,0.42105263157894735,0.204,19.0,1.0,6.0,41.0,101.0,93.0,14.0,4.0,0.0,6.0,0.253,0.28,5.0,0,1.0,,26.0,0.0,0,2.0,0.0,,6.36734693877551,6.047999999999998
2022,CL,東京ヤクルトスワローズ,31735151,奥川　恭伸,Y.Okugawa,1.0,1.0,1.0,0.0,0.0,0.0,0.0,0.0,0.0,0.0,0.0,0,0.0,0.0,0.0,0,0.0,1.0,0.0,0.0,0.0,0.0,0.0,0.0,0.0,0.0,0.0,0.0,100.0,0.0,nan,0.0,0.0,0.0,0.0,0.0,0.0,0.0,0.0,1.0,1.0,1.0,0.0,0.0,0.0,0.0,0.0,0.0,0.0,0,0.0,,0.0,0.0,0,0.0,0.0,,0.0,-0.098
2022,CL,読売ジャイアンツ,31735155,菊地　大稀,T.Kikuchi,16.0,0.0,0.0,0.0,0.0,0.0,0.0,0.0,0.0,0.0,0.0,0,0.0,0.0,0.0,0,0.0,0.0,0.0,,,,0.0,0.0,0.0,0.0,,nan,nan,nan,nan,0.0,0.0,nan,nan,,0.0,0.0,0.0,16.0,0.0,0.0,0.0,0.0,0.0,0.0,,,0.0,0,0.0,,0.0,0.0,0,0.0,0.0,,nan,0.0
2022,CL,横浜DeNAベイスターズ,31835134,細川　成也,S.Hosokawa,18.0,20.0,19.0,1.0,1.0,0.0,0.0,1.0,4.0,1.0,0.0,0,0.0,0.0,1.0,0,0.0,9.0,0.0,0.053,0.1,0.211,0.311,0.0,0.158,0.04700000000000001,0.258,5.0,45.0,0.1111111111111111,0.0,0.09775,170.33333333333334,0.21052631578947367,0.2777777777777778,0.053,1.0,1.0,1.0,18.0,20.0,19.0,0.0,0.0,0.0,1.0,0.1,0.211,1.0,0,0.0,,4.0,0.0,0,0.0,0.0,,0.4,0.006000000000000005
2022,CL,中日ドラゴンズ,31835155,福元　悠真,Y.Fukumoto,1.0,4.0,4.0,0.0,1.0,0.0,0.0,0.0,1.0,0.0,0.0,0,0.0,0.0,0.0,0,0.0,0.0,0.0,0.25,0.25,0.25,0.5,1.0,0.0,0.0,0.25,0.0,0.0,nan,0.25,0.175,333.3333333333333,0.0,0.3333333333333333,0.25,1.0,0.0,0.0,1.0,4.0,4.0,1.0,0.0,0.0,0.0,0.25,0.25,0.0,0,0.0,,1.0,0.0,0,0.0,0.0,,0.25,0.20599999999999996
2022,CL,読売ジャイアンツ,31935132,桜井　俊貴,T.Sakurai,8.0,0.0,0.0,0.0,0.0,0.0,0.0,0.0,0.0,0.0,0.0,0,0.0,0.0,0.0,0,0.0,0.0,0.0,,,,0.0,0.0,0.0,0.0,,nan,nan,nan,nan,0.0,0.0,nan,nan,,0.0,0.0,0.0,8.0,0.0,0.0,0.0,0.0,0.0,0.0,,,0.0,0,0.0,,0.0,0.0,0,0.0,0.0,,nan,0.0
2022,CL,広島東洋カープ,31935138,島内　颯太郎,S.Shimauchi,22.0,0.0,0.0,0.0,0.0,0.0,0.0,0.0,0.0,0.0,0.0,0,0.0,0.0,0.0,0,0.0,0.0,0.0,,,,0.0,0.0,0.0,0.0,,nan,nan,nan,nan,0.0,0.0,nan,nan,,0.0,0.0,0.0,22.0,0.0,0.0,0.0,0.0,0.0,0.0,,,0.0,0,0.0,,0.0,0.0,0,0.0,0.0,,nan,0.0
2022,CL,横浜DeNAベイスターズ,31935139,関根　大気,T.Sekine,104.0,225.0,201.0,28.0,51.0,7.0,1.0,1.0,63.0,13.0,5.0,5,10.0,2.0,9.0,0,3.0,31.0,2.0,0.254,0.293,0.313,0.606,42.0,0.059,0.03899999999999998,0.352,4.0,13.777777777777779,0.2903225806451613,0.29239766081871343,0.2101,397.3333333333333,0.12935323383084577,0.5263157894736842,0.254,51.0,1.0,13.0,104.0,225.0,201.0,42.0,7.0,1.0,28.0,0.293,0.313,9.0,0,3.0,,63.0,5.0,5,10.0,2.0,,18.0,18.679999999999993
2022,CL,読売ジャイアンツ,31935153,喜多　隆介,R.Kita,14.0,9.0,9.0,2.0,1.0,0.0,0.0,0.0,1.0,2.0,0.0,0,0.0,0.0,0.0,0,0.0,1.0,1.0,0.111,0.111,0.111,0.222,1.0,0.0,0.0,0.111,0.0,11.11111111111111,0.0,0.125,0.0777,148.0,0.0,0.1111111111111111,0.111,1.0,0.0,2.0,14.0,9.0,9.0,1.0,0.0,0.0,2.0,0.111,0.111,0.0,0,0.0,,1.0,0.0,0,0.0,0.0,,0.1111111111111111,-0.28400000000000003
2022,CL,中日ドラゴンズ,3305132,渡辺　勝,M.Watanabe,10.0,9.0,9.0,0.0,2.0,0.0,0.0,0.0,2.0,0.0,0.0,0,0.0,0.0,0.0,0,0.0,3.0,0.0,0.222,0.222,0.222,0.444,2.0,0.0,0.0,0.222,0.0,33.33333333333333,0.0,0.3333333333333333,0.1554,296.0,0.0,0.2857142857142857,0.222,2.0,0.0,0.0,10.0,9.0,9.0,2.0,0.0,0.0,0.0,0.222,0.222,0.0,0,0.0,,2.0,0.0,0,0.0,0.0,,0.4444444444444444,0.31399999999999995
2022,CL,読売ジャイアンツ,3305153,山﨑　伊織,I.Yamasaki,20.0,33.0,26.0,3.0,6.0,1.0,0.0,0.0,7.0,6.0,0.0,0,4.0,0.0,2.0,0,1.0,9.0,0.0,0.231,0.31,0.269,0.579,5.0,0.038000000000000006,0.07899999999999999,0.348,6.0606060606060606,27.27272727272727,0.2222222222222222,0.35294117647058826,0.20675000000000002,399.6666666666667,0.11538461538461539,0.5,0.231,6.0,0.0,6.0,20.0,33.0,26.0,5.0,1.0,0.0,3.0,0.31,0.269,2.0,0,1.0,,7.0,0.0,0,4.0,0.0,,2.0,2.25
2022,CL,阪神タイガース,3305155,森木　大智,D.Moriki,2.0,3.0,3.0,0.0,0.0,0.0,0.0,0.0,0.0,0.0,0.0,0,0.0,0.0,0.0,0,0.0,1.0,0.0,0.0,0.0,0.0,0.0,0.0,0.0,0.0,0.0,0.0,33.33333333333333,0.0,0.0,0.0,0.0,0.0,0.0,0.0,0.0,0.0,0.0,2.0,3.0,3.0,0.0,0.0,0.0,0.0,0.0,0.0,0.0,0,0.0,,0.0,0.0,0,0.0,0.0,,0.0,-0.29400000000000004
2022,CL,東京ヤクルトスワローズ,33135132,山崎　晃大朗,K.Yamasaki,118.0,378.0,341.0,52.0,88.0,12.0,4.0,2.0,114.0,37.0,10,5,9.0,2.0,24.0,0,2.0,65.0,5.0,0.258,0.309,0.334,0.643,70.0,0.07600000000000001,0.05099999999999999,0.385,6.349206349206349,17.195767195767196,0.36923076923076925,0.3115942028985507,0.22255000000000003,420.3333333333333,0.16129032258064516,0.562015503875969,0.258,88.0,2.0,37.0,118.0,378.0,341.0,70.0,12.0,4.0,52.0,0.309,0.334,24.0,0,2.0,,114.0,10,5,9.0,2.0,,34.98082191780822,35.366
2022,CL,横浜DeNAベイスターズ,33135151,森　敬斗,K.Mori,61.0,168.0,154.0,15.0,36.0,3.0,0.0,2.0,45.0,6.0,5,4,1.0,0.0,13.0,0,0.0,42.0,4.0,0.234,0.293,0.292,0.585,31.0,0.05799999999999997,0.05899999999999997,0.351,7.738095238095238,25.0,0.30952380952380953,0.3090909090909091,0.20484999999999998,390.3333333333333,0.16883116883116883,0.5081967213114754,0.234,36.0,2.0,6.0,61.0,168.0,154.0,31.0,3.0,0.0,15.0,0.293,0.292,13.0,0,0.0,,45.0,5,4,1.0,0.0,,13.203592814371257,13.985999999999997
2022,CL,東京ヤクルトスワローズ,33335153,元山　飛優,H.Motoyama,13.0,28.0,27.0,4.0,4.0,3.0,0.0,1.0,10.0,2.0,0.0,0,1.0,0.0,0.0,0,0.0,5.0,2.0,0.148,0.148,0.37,0.518,0.0,0.222,0.0,0.37,0.0,17.857142857142858,0.0,0.14285714285714285,0.1591,271.3333333333333,0.2222222222222222,0.4,0.148,4.0,1.0,2.0,13.0,28.0,27.0,0.0,3.0,0.0,4.0,0.148,0.37,0.0,0,0.0,,10.0,0.0,0,1.0,0.0,,1.4814814814814814,1.346
2022,CL,中日ドラゴンズ,33435155,P.レビーラ,P.Revilla,21.0,66.0,64.0,1.0,13.0,2.0,0.0,1.0,18.0,3.0,0.0,0,0.0,0.0,2.0,0,0.0,30.0,3.0,0.203,0.227,0.281,0.508,10.0,0.07800000000000001,0.023999999999999994,0.305,3.0303030303030303,45.45454545454545,0.06666666666666667,0.36363636363636365,0.1724,320.66666666666663,0.109375,0.37037037037037035,0.203,13.0,1.0,3.0,21.0,66.0,64.0,10.0,2.0,0.0,1.0,0.227,0.281,2.0,0,0.0,,18.0,0.0,0,0.0,0.0,,4.090909090909091,3.541999999999999
2022,CL,東京ヤクルトスワローズ,33535155,山下　輝,H.Yamashita,2.0,4.0,3.0,0.0,1.0,0.0,0.0,0.0,1.0,0.0,0.0,0,0.0,0.0,1.0,0,0.0,2.0,0.0,0.333,0.5,0.333,0.833,1.0,0.0,0.16699999999999998,0.5,25.0,50.0,0.5,1.0,0.30825,611.0,0.3333333333333333,1.0,0.333,1.0,0.0,0.0,2.0,4.0,3.0,1.0,0.0,0.0,0.0,0.5,0.333,1.0,0,0.0,,1.0,0.0,0,0.0,0.0,,0.5,0.6340000000000001
2022,CL,東京ヤクルトスワローズ,33735153,サイスニード,C.Sneed,23.0,45.0,39.0,2.0,4.0,0.0,0.0,0.0,4.0,1.0,0.0,0,4.0,0.0,2.0,0,0.0,25.0,0.0,0.103,0.146,0.103,0.249,4.0,0.0,0.043,0.146,4.444444444444445,55.55555555555556,0.08,0.2857142857142857,0.09144999999999999,180.33333333333331,0.05128205128205128,0.17142857142857143,0.103,4.0,0.0,1.0,23.0,45.0,39.0,4.0,0.0,0.0,2.0,0.146,0.103,2.0,0,0.0,,4.0,0.0,0,4.0,0.0,,0.5853658536585366,-0.77
2022,CL,読売ジャイアンツ,33935134,C.C.メルセデス,C.Mercedes,20.0,34.0,29.0,1.0,7.0,1.0,0.0,0.0,8.0,0.0,0.0,0,5.0,0.0,0.0,0,0.0,7.0,0.0,0.241,0.241,0.276,0.517,6.0,0.03500000000000003,0.0,0.276,0.0,20.588235294117645,0.0,0.3181818181818182,0.17745,333.0,0.034482758620689655,0.36363636363636365,0.241,7.0,0.0,0.0,20.0,34.0,29.0,6.0,1.0,0.0,1.0,0.241,0.276,0.0,0,0.0,,8.0,0.0,0,5.0,0.0,,1.9310344827586208,1.5639999999999996
2022,CL,中日ドラゴンズ,33935136,Y.タバーレス,Y.Tavarez,3.0,0.0,0.0,0.0,0.0,0.0,0.0,0.0,0.0,0.0,0.0,0,0.0,0.0,0.0,0,0.0,0.0,0.0,,,,0.0,0.0,0.0,0.0,,nan,nan,nan,nan,0.0,0.0,nan,nan,,0.0,0.0,0.0,3.0,0.0,0.0,0.0,0.0,0.0,0.0,,,0.0,0,0.0,,0.0,0.0,0,0.0,0.0,,nan,0.0
2022,CL,中日ドラゴンズ,33935151,Y.ロドリゲス,Y.Rodriguez,56.0,0.0,0.0,0.0,0.0,0.0,0.0,0.0,0.0,0.0,0.0,0,0.0,0.0,0.0,0,0.0,0.0,0.0,,,,0.0,0.0,0.0,0.0,,nan,nan,nan,nan,0.0,0.0,nan,nan,,0.0,0.0,0.0,56.0,0.0,0.0,0.0,0.0,0.0,0.0,,,0.0,0,0.0,,0.0,0.0,0,0.0,0.0,,nan,0.0
2022,CL,横浜DeNAベイスターズ,3505136,N.ソト,N.Soto,117.0,412.0,368.0,35.0,98.0,25.0,0.0,17.0,174.0,49.0,0.0,0,0.0,1.0,38.0,0,5.0,103.0,11.0,0.266,0.342,0.473,0.815,56.0,0.20699999999999996,0.07600000000000001,0.5489999999999999,9.223300970873787,25.0,0.36893203883495146,0.3253012048192771,0.27215,499.6666666666667,0.30978260869565216,0.7722419928825622,0.266,98.0,17.0,49.0,117.0,412.0,368.0,56.0,25.0,0.0,35.0,0.342,0.473,38.0,0,5.0,,174.0,0.0,0,0.0,1.0,,58.285714285714285,58.21
2022,CL,阪神タイガース,3505153,R.アルカンタラ,R.Alcantara,39.0,0.0,0.0,0.0,0.0,0.0,0.0,0.0,0.0,0.0,0.0,0,0.0,0.0,0.0,0,0.0,0.0,0.0,,,,0.0,0.0,0.0,0.0,,nan,nan,nan,nan,0.0,0.0,nan,nan,,0.0,0.0,0.0,39.0,0.0,0.0,0.0,0.0,0.0,0.0,,,0.0,0,0.0,,0.0,0.0,0,0.0,0.0,,nan,0.0
2022,CL,読売ジャイアンツ,3705155,A.ウォーカー,A.Walker,124.0,428.0,406.0,58.0,110.0,28.0,1.0,23.0,209.0,52.0,0.0,0,0.0,1.0,18.0,0,3.0,98.0,11.0,0.271,0.306,0.515,0.821,58.0,0.244,0.034999999999999976,0.55,4.205607476635514,22.897196261682243,0.1836734693877551,0.3041958041958042,0.26644999999999996,477.6666666666667,0.2881773399014778,0.749185667752443,0.271,110.0,23.0,52.0,124.0,428.0,406.0,58.0,28.0,1.0,58.0,0.306,0.515,18.0,0,3.0,,209.0,0.0,0,0.0,1.0,,63.094339622641506,61.242
2022,CL,東京ヤクルトスワローズ,3905155,A.J.コール,A.Cole,34.0,0.0,0.0,0.0,0.0,0.0,0.0,0.0,0.0,0.0,0.0,0,0.0,0.0,0.0,0,0.0,0.0,0.0,,,,0.0,0.0,0.0,0.0,,nan,nan,nan,nan,0.0,0.0,nan,nan,,0.0,0.0,0.0,34.0,0.0,0.0,0.0,0.0,0.0,0.0,,,0.0,0,0.0,,0.0,0.0,0,0.0,0.0,,nan,0.0
2022,CL,阪神タイガース,41045137,藤浪　晋太郎,S.Fujinami,16.0,22.0,20.0,0.0,0.0,0.0,0.0,0.0,0.0,0.0,0.0,0,2.0,0.0,0.0,0,0.0,13.0,0.0,0.0,0.0,0.0,0.0,0.0,0.0,0.0,0.0,0.0,59.09090909090909,0.0,0.0,0.0,0.0,0.0,0.0,0.0,0.0,0.0,0.0,16.0,22.0,20.0,0.0,0.0,0.0,0.0,0.0,0.0,0.0,0,0.0,,0.0,0.0,0,2.0,0.0,,0.0,-1.96
2022,CL,読売ジャイアンツ,41045138,戸郷　翔征,S.Togou,25.0,56.0,51.0,1.0,5.0,1.0,0.0,0.0,6.0,5.0,0.0,0,4.0,0.0,1.0,0,0.0,26.0,1.0,0.098,0.115,0.118,0.23299999999999998,4.0,0.01999999999999999,0.017,0.135,1.7857142857142856,46.42857142857143,0.038461538461538464,0.2,0.08125,154.33333333333331,0.0392156862745098,0.14893617021276595,0.098,5.0,0.0,5.0,25.0,56.0,51.0,4.0,1.0,0.0,1.0,0.115,0.118,1.0,0,0.0,,6.0,0.0,0,4.0,0.0,,0.6923076923076923,-1.4580000000000002
2022,CL,東京ヤクルトスワローズ,41045151,杉山　晃基,K.Sugiyama,1.0,0.0,0.0,0.0,0.0,0.0,0.0,0.0,0.0,0.0,0.0,0,0.0,0.0,0.0,0,0.0,0.0,0.0,,,,0.0,0.0,0.0,0.0,,nan,nan,nan,nan,0.0,0.0,nan,nan,,0.0,0.0,0.0,1.0,0.0,0.0,0.0,0.0,0.0,0.0,,,0.0,0,0.0,,0.0,0.0,0,0.0,0.0,,nan,0.0
2022,CL,阪神タイガース,41045153,佐藤　輝明,T.Satou,143.0,603.0,541.0,70.0,143.0,35.0,8.0,20.0,254.0,84.0,11,3,0.0,7.0,51.0,0,4.0,137.0,5.0,0.264,0.328,0.47,0.798,80.0,0.20599999999999996,0.064,0.534,8.45771144278607,22.71973466003317,0.3722627737226277,0.3145780051150895,0.2651,484.6666666666667,0.3049907578558225,0.7741935483870968,0.264,143.0,20.0,84.0,143.0,603.0,541.0,80.0,35.0,8.0,70.0,0.328,0.47,51.0,0,4.0,,254.0,11,3,0.0,7.0,,83.23648648648648,82.00600000000001
2022,CL,中日ドラゴンズ,41145134,石垣　雅海,M.Ishigaki,50.0,74.0,68.0,5.0,11.0,0.0,0.0,3.0,20.0,6.0,0.0,0,4.0,0.0,2.0,0,0.0,28.0,1.0,0.162,0.186,0.294,0.48,8.0,0.13199999999999998,0.023999999999999994,0.3179999999999999,2.7027027027027026,37.83783783783784,0.07142857142857142,0.21621621621621623,0.1572,284.0,0.16176470588235295,0.3793103448275862,0.162,11.0,3.0,6.0,50.0,74.0,68.0,8.0,0.0,0.0,5.0,0.186,0.294,2.0,0,0.0,,20.0,0.0,0,4.0,0.0,,3.7142857142857144,3.394
2022,CL,中日ドラゴンズ,41145136,マルク,K.Maruku（ishida,2.0,0.0,0.0,0.0,0.0,0.0,0.0,0.0,0.0,0.0,0.0,0,0.0,0.0,0.0,0,0.0,0.0,0.0,,,,0.0,0.0,0.0,0.0,,nan,nan,nan,nan,0.0,0.0,nan,nan,,0.0,0.0,0.0,2.0,0.0,0.0,0.0,0.0,0.0,0.0,,,0.0,0,0.0,,0.0,0.0,0,0.0,0.0,,nan,0.0
2022,CL,横浜DeNAベイスターズ,41145138,伊藤　裕季也,Y.Itou,7.0,13.0,13.0,0.0,1.0,0.0,0.0,0.0,1.0,0.0,0.0,0,0.0,0.0,0.0,0,0.0,6.0,1.0,0.077,0.077,0.077,0.154,1.0,0.0,0.0,0.077,0.0,46.15384615384615,0.0,0.14285714285714285,0.0539,102.66666666666667,0.0,0.07692307692307693,0.077,1.0,0.0,0.0,7.0,13.0,13.0,1.0,0.0,0.0,0.0,0.077,0.077,0.0,0,0.0,,1.0,0.0,0,0.0,0.0,,0.07692307692307693,-0.6760000000000002
2022,CL,横浜DeNAベイスターズ,41145151,伊勢　大夢,H.Ise,71.0,0.0,0.0,0.0,0.0,0.0,0.0,0.0,0.0,0.0,0.0,0,0.0,0.0,0.0,0,0.0,0.0,0.0,,,,0.0,0.0,0.0,0.0,,nan,nan,nan,nan,0.0,0.0,nan,nan,,0.0,0.0,0.0,71.0,0.0,0.0,0.0,0.0,0.0,0.0,,,0.0,0,0.0,,0.0,0.0,0,0.0,0.0,,nan,0.0
2022,CL,阪神タイガース,41145153,石井　大智,D.Ishii,18.0,1.0,1.0,0.0,0.0,0.0,0.0,0.0,0.0,0.0,0.0,0,0.0,0.0,0.0,0,0.0,0.0,0.0,0.0,0.0,0.0,0.0,0.0,0.0,0.0,0.0,0.0,0.0,nan,0.0,0.0,0.0,0.0,0.0,0.0,0.0,0.0,0.0,18.0,1.0,1.0,0.0,0.0,0.0,0.0,0.0,0.0,0.0,0,0.0,,0.0,0.0,0,0.0,0.0,,0.0,-0.098
2022,CL,横浜DeNAベイスターズ,41245132,戸柱　恭孝,Y.Tobashira,72.0,151.0,144.0,12.0,38.0,5.0,0.0,4.0,55.0,16.0,0.0,0,1.0,2.0,3.0,0,1.0,26.0,2.0,0.264,0.28,0.382,0.662,29.0,0.118,0.016000000000000014,0.398,1.9867549668874174,17.218543046357617,0.11538461538461539,0.29310344827586204,0.22150000000000003,407.3333333333333,0.1388888888888889,0.5462962962962963,0.264,38.0,4.0,16.0,72.0,151.0,144.0,29.0,5.0,0.0,12.0,0.28,0.382,3.0,0,1.0,,55.0,0.0,0,1.0,2.0,,15.34013605442177,14.792
2022,CL,東京ヤクルトスワローズ,41245133,西田　明央,A.Nishida,10.0,13.0,13.0,0.0,4.0,0.0,0.0,0.0,4.0,1.0,0.0,0,0.0,0.0,0.0,0,0.0,4.0,0.0,0.308,0.308,0.308,0.616,4.0,0.0,0.0,0.308,0.0,30.76923076923077,0.0,0.4444444444444444,0.2156,410.6666666666667,0.0,0.4444444444444444,0.308,4.0,0.0,1.0,10.0,13.0,13.0,4.0,0.0,0.0,0.0,0.308,0.308,0.0,0,0.0,,4.0,0.0,0,0.0,0.0,,1.2307692307692308,1.1179999999999999
2022,CL,横浜DeNAベイスターズ,41245137,三嶋　一輝,K.Mishima,13.0,0.0,0.0,0.0,0.0,0.0,0.0,0.0,0.0,0.0,0.0,0,0.0,0.0,0.0,0,0.0,0.0,0.0,,,,0.0,0.0,0.0,0.0,,nan,nan,nan,nan,0.0,0.0,nan,nan,,0.0,0.0,0.0,13.0,0.0,0.0,0.0,0.0,0.0,0.0,,,0.0,0,0.0,,0.0,0.0,0,0.0,0.0,,nan,0.0
2022,CL,広島東洋カープ,41245151,玉村　昇悟,S.Tamamura,9.0,12.0,11.0,0.0,3.0,1.0,0.0,0.0,4.0,1.0,0.0,0,1.0,0.0,0.0,0,0.0,7.0,0.0,0.273,0.273,0.364,0.637,2.0,0.09099999999999997,0.0,0.364,0.0,58.333333333333336,0.0,0.75,0.21385,394.33333333333337,0.09090909090909091,0.5,0.273,3.0,0.0,1.0,9.0,12.0,11.0,2.0,1.0,0.0,0.0,0.273,0.364,0.0,0,0.0,,4.0,0.0,0,1.0,0.0,,1.0909090909090908,0.9359999999999999
2022,CL,阪神タイガース,41245153,髙寺　望夢,N.Takatera,8.0,27.0,23.0,0.0,3.0,3.0,0.0,0.0,6.0,2.0,1,0,1.0,1.0,2.0,0,0.0,5.0,0.0,0.13,0.192,0.261,0.453,0.0,0.131,0.062,0.323,7.4074074074074066,18.51851851851852,0.4,0.15789473684210525,0.15165,279.0,0.21739130434782608,0.4,0.13,3.0,0.0,2.0,8.0,27.0,23.0,0.0,3.0,0.0,0.0,0.192,0.261,2.0,0,0.0,,6.0,1,0,1.0,1.0,,1.2,0.8600000000000003
2022,CL,横浜DeNAベイスターズ,41345118,大田　泰示,T.Oota,62.0,153.0,144.0,17.0,40.0,10.0,1.0,5.0,67.0,18.0,0,1,1.0,1.0,6.0,0,1.0,33.0,4.0,0.278,0.309,0.465,0.774,24.0,0.187,0.030999999999999972,0.496,3.9215686274509802,21.568627450980394,0.18181818181818182,0.32710280373831774,0.2553,463.99999999999994,0.2361111111111111,0.6944444444444444,0.278,40.0,5.0,18.0,62.0,153.0,144.0,24.0,10.0,1.0,17.0,0.309,0.465,6.0,0,1.0,,67.0,0,1,1.0,1.0,,20.546666666666667,19.737999999999996
2022,CL,広島東洋カープ,41345151,宇草　孔基,K.Ugusa,45.0,98.0,88.0,6.0,18.0,2.0,0.0,1.0,23.0,6.0,0,1,1.0,0.0,4.0,0,5.0,23.0,2.0,0.205,0.278,0.261,0.539,15.0,0.05600000000000002,0.07300000000000004,0.3340000000000001,4.081632653061225,23.46938775510204,0.17391304347826086,0.265625,0.19035000000000002,365.00000000000006,0.11363636363636363,0.4583333333333333,0.205,18.0,1.0,6.0,45.0,98.0,88.0,15.0,2.0,0.0,6.0,0.278,0.261,4.0,0,5.0,,23.0,0,1,1.0,0.0,,5.5,6.669999999999999
2022,CL,阪神タイガース,41445136,馬場　皐輔,K.Baba,7.0,0.0,0.0,0.0,0.0,0.0,0.0,0.0,0.0,0.0,0.0,0,0.0,0.0,0.0,0,0.0,0.0,0.0,,,,0.0,0.0,0.0,0.0,,nan,nan,nan,nan,0.0,0.0,nan,nan,,0.0,0.0,0.0,7.0,0.0,0.0,0.0,0.0,0.0,0.0,,,0.0,0,0.0,,0.0,0.0,0,0.0,0.0,,nan,0.0
2022,CL,阪神タイガース,41445153,中野　拓夢,T.Nakano,135.0,610.0,569.0,69.0,157.0,16.0,3.0,6.0,197.0,25.0,23,7,19.0,1.0,18.0,0,3.0,89.0,9.0,0.276,0.301,0.346,0.647,132.0,0.06999999999999995,0.024999999999999967,0.3709999999999999,2.9508196721311477,14.59016393442623,0.20224719101123595,0.3178947368421053,0.22194999999999998,416.3333333333333,0.11423550087873462,0.5344418052256532,0.276,157.0,6.0,25.0,135.0,610.0,569.0,132.0,16.0,3.0,69.0,0.301,0.346,18.0,0,3.0,,197.0,23,7,19.0,1.0,,58.73083475298126,57.09400000000001
2022,CL,広島東洋カープ,41545116,菊池　保則,Y.Kikuchi,8.0,0.0,0.0,0.0,0.0,0.0,0.0,0.0,0.0,0.0,0.0,0,0.0,0.0,0.0,0,0.0,0.0,0.0,,,,0.0,0.0,0.0,0.0,,nan,nan,nan,nan,0.0,0.0,nan,nan,,0.0,0.0,0.0,8.0,0.0,0.0,0.0,0.0,0.0,0.0,,,0.0,0,0.0,,0.0,0.0,0,0.0,0.0,,nan,0.0
2022,CL,中日ドラゴンズ,41545139,桂　依央利,I.Katsura,10.0,9.0,9.0,1.0,2.0,0.0,0.0,0.0,2.0,0.0,0.0,0,0.0,0.0,0.0,0,0.0,2.0,0.0,0.222,0.222,0.222,0.444,2.0,0.0,0.0,0.222,0.0,22.22222222222222,0.0,0.2857142857142857,0.1554,296.0,0.0,0.2857142857142857,0.222,2.0,0.0,0.0,10.0,9.0,9.0,2.0,0.0,0.0,1.0,0.222,0.222,0.0,0,0.0,,2.0,0.0,0,0.0,0.0,,0.4444444444444444,0.31399999999999995
2022,CL,東京ヤクルトスワローズ,41545151,大西　広樹,H.Oonishi,43.0,0.0,0.0,0.0,0.0,0.0,0.0,0.0,0.0,0.0,0.0,0,0.0,0.0,0.0,0,0.0,0.0,0.0,,,,0.0,0.0,0.0,0.0,,nan,nan,nan,nan,0.0,0.0,nan,nan,,0.0,0.0,0.0,43.0,0.0,0.0,0.0,0.0,0.0,0.0,,,0.0,0,0.0,,0.0,0.0,0,0.0,0.0,,nan,0.0
2022,CL,広島東洋カープ,41545153,大道　温貴,H.Oomichi,3.0,3.0,1.0,0.0,0.0,0.0,0.0,0.0,0.0,0.0,0.0,0,1.0,0.0,1.0,0,0.0,0.0,0.0,0.0,0.5,0.0,0.5,0.0,0.0,0.5,0.5,33.33333333333333,0.0,nan,0.0,0.225,500.0,1.0,1.0,0.0,0.0,0.0,0.0,3.0,3.0,1.0,0.0,0.0,0.0,0.0,0.5,0.0,1.0,0,0.0,,0.0,0.0,0,1.0,0.0,,0.0,0.232
2022,CL,中日ドラゴンズ,41645132,福　敬登,H.Fuku,36.0,0.0,0.0,0.0,0.0,0.0,0.0,0.0,0.0,0.0,0.0,0,0.0,0.0,0.0,0,0.0,0.0,0.0,,,,0.0,0.0,0.0,0.0,,nan,nan,nan,nan,0.0,0.0,nan,nan,,0.0,0.0,0.0,36.0,0.0,0.0,0.0,0.0,0.0,0.0,,,0.0,0,0.0,,0.0,0.0,0,0.0,0.0,,nan,0.0
2022,CL,広島東洋カープ,41745119,白濱　裕太,Y.Shirahama,4.0,6.0,4.0,0.0,0.0,0.0,0.0,0.0,0.0,0.0,0.0,0,2.0,0.0,0.0,0,0.0,1.0,0.0,0.0,0.0,0.0,0.0,0.0,0.0,0.0,0.0,0.0,16.666666666666664,0.0,0.0,0.0,0.0,0.0,0.0,0.0,0.0,0.0,0.0,4.0,6.0,4.0,0.0,0.0,0.0,0.0,0.0,0.0,0.0,0,0.0,,0.0,0.0,0,2.0,0.0,,0.0,-0.392
2022,CL,阪神タイガース,41745134,才木　浩人,H.Saiki,9.0,19.0,16.0,0.0,1.0,0.0,0.0,0.0,1.0,0.0,0.0,0,2.0,0.0,1.0,0,0.0,11.0,0.0,0.062,0.118,0.062,0.18,1.0,0.0,0.055999999999999994,0.118,5.263157894736842,57.89473684210527,0.09090909090909091,0.2,0.0686,138.66666666666666,0.0625,0.13333333333333333,0.062,1.0,0.0,0.0,9.0,19.0,16.0,1.0,0.0,0.0,0.0,0.118,0.062,1.0,0,0.0,,1.0,0.0,0,2.0,0.0,,0.11764705882352941,-0.6399999999999999
2022,CL,読売ジャイアンツ,41745137,菅野　智之,T.Sugano,23.0,51.0,43.0,0.0,2.0,0.0,0.0,0.0,2.0,1.0,0.0,0,7.0,0.0,1.0,0,0.0,18.0,1.0,0.047,0.068,0.047,0.115,2.0,0.0,0.021000000000000005,0.068,1.9607843137254901,35.294117647058826,0.05555555555555555,0.08,0.04235,83.66666666666667,0.023255813953488372,0.07142857142857142,0.047,2.0,0.0,1.0,23.0,51.0,43.0,2.0,0.0,0.0,0.0,0.068,0.047,1.0,0,0.0,,2.0,0.0,0,7.0,0.0,,0.13636363636363635,-2.6879999999999997
2022,CL,東京ヤクルトスワローズ,41745138,坂本　光士郎,K.Sakamoto,7.0,1.0,1.0,0.0,0.0,0.0,0.0,0.0,0.0,0.0,0.0,0,0.0,0.0,0.0,0,0.0,1.0,0.0,0.0,0.0,0.0,0.0,0.0,0.0,0.0,0.0,0.0,100.0,0.0,nan,0.0,0.0,0.0,0.0,0.0,0.0,0.0,0.0,7.0,1.0,1.0,0.0,0.0,0.0,0.0,0.0,0.0,0.0,0,0.0,,0.0,0.0,0,0.0,0.0,,0.0,-0.098
2022,CL,広島東洋カープ,41745155,黒原　拓未,T.Kurohara,12.0,0.0,0.0,0.0,0.0,0.0,0.0,0.0,0.0,0.0,0.0,0,0.0,0.0,0.0,0,0.0,0.0,0.0,,,,0.0,0.0,0.0,0.0,,nan,nan,nan,nan,0.0,0.0,nan,nan,,0.0,0.0,0.0,12.0,0.0,0.0,0.0,0.0,0.0,0.0,,,0.0,0,0.0,,0.0,0.0,0,0.0,0.0,,nan,0.0
2022,CL,横浜DeNAベイスターズ,41845130,山﨑　康晃,Y.Yamasaki,56.0,0.0,0.0,0.0,0.0,0.0,0.0,0.0,0.0,0.0,0.0,0,0.0,0.0,0.0,0,0.0,0.0,0.0,,,,0.0,0.0,0.0,0.0,,nan,nan,nan,nan,0.0,0.0,nan,nan,,0.0,0.0,0.0,56.0,0.0,0.0,0.0,0.0,0.0,0.0,,,0.0,0,0.0,,0.0,0.0,0,0.0,0.0,,nan,0.0
2022,CL,東京ヤクルトスワローズ,41845136,村上　宗隆,M.Murakami,141.0,612.0,487.0,114.0,155.0,21.0,1.0,56.0,346.0,134.0,12,7,0.0,0.0,118.0,0,7.0,128.0,7.0,0.318,0.458,0.71,1.168,77.0,0.39199999999999996,0.14,0.85,19.28104575163399,20.915032679738562,0.921875,0.32673267326732675,0.3836,694.6666666666666,0.648870636550308,1.4100294985250736,0.318,155.0,56.0,134.0,141.0,612.0,487.0,77.0,21.0,1.0,114.0,0.458,0.71,118.0,0,7.0,,346.0,12,7,0.0,0.0,,156.12892561983472,145.274
2022,CL,阪神タイガース,41845138,湯浅　京己,A.Yuasa,59.0,0.0,0.0,0.0,0.0,0.0,0.0,0.0,0.0,0.0,0.0,0,0.0,0.0,0.0,0,0.0,0.0,0.0,,,,0.0,0.0,0.0,0.0,,nan,nan,nan,nan,0.0,0.0,nan,nan,,0.0,0.0,0.0,59.0,0.0,0.0,0.0,0.0,0.0,0.0,,,0.0,0,0.0,,0.0,0.0,0,0.0,0.0,,nan,0.0
2022,CL,横浜DeNAベイスターズ,41945132,柴田　竜拓,T.Shibata,96.0,198.0,169.0,17.0,33.0,5.0,1.0,0.0,40.0,1.0,1,2,8.0,0.0,20.0,0,1.0,29.0,3.0,0.195,0.284,0.237,0.5209999999999999,27.0,0.04199999999999998,0.08899999999999997,0.3259999999999999,10.1010101010101,14.646464646464647,0.6896551724137931,0.2357142857142857,0.18705,363.0,0.17159763313609466,0.45323741007194246,0.195,33.0,0.0,1.0,96.0,198.0,169.0,27.0,5.0,1.0,17.0,0.284,0.237,20.0,0,1.0,,40.0,1,2,8.0,0.0,,11.216931216931217,12.101999999999999
2022,CL,東京ヤクルトスワローズ,41945139,田口　麗斗,K.Taguchi,45.0,0.0,0.0,0.0,0.0,0.0,0.0,0.0,0.0,0.0,0.0,0,0.0,0.0,0.0,0,0.0,0.0,0.0,,,,0.0,0.0,0.0,0.0,,nan,nan,nan,nan,0.0,0.0,nan,nan,,0.0,0.0,0.0,45.0,0.0,0.0,0.0,0.0,0.0,0.0,,,0.0,0,0.0,,0.0,0.0,0,0.0,0.0,,nan,0.0
2022,CL,読売ジャイアンツ,43145136,湯浅　大,D.Yuasa,63.0,36.0,30.0,11.0,3.0,1.0,0.0,1.0,7.0,3.0,3,0,2.0,0.0,4.0,0,0.0,10.0,0.0,0.1,0.206,0.233,0.439,1.0,0.133,0.10599999999999998,0.3389999999999999,11.11111111111111,27.77777777777778,0.4,0.10526315789473684,0.15095,283.6666666666667,0.26666666666666666,0.4074074074074074,0.1,3.0,1.0,3.0,63.0,36.0,30.0,1.0,1.0,0.0,11.0,0.206,0.233,4.0,0,0.0,,7.0,3,0,2.0,0.0,,1.4411764705882353,1.3340000000000005
2022,CL,東京ヤクルトスワローズ,43145151,吉田　大喜,D.Yoshida,2.0,3.0,1.0,0.0,0.0,0.0,0.0,0.0,0.0,0.0,0.0,0,2.0,0.0,0.0,0,0.0,0.0,0.0,0.0,0.0,0.0,0.0,0.0,0.0,0.0,0.0,0.0,0.0,nan,0.0,0.0,0.0,0.0,0.0,0.0,0.0,0.0,0.0,2.0,3.0,1.0,0.0,0.0,0.0,0.0,0.0,0.0,0.0,0,0.0,,0.0,0.0,0,2.0,0.0,,0.0,-0.098
2022,CL,東京ヤクルトスワローズ,43345138,S.マクガフ,S.Mcgough,55.0,0.0,0.0,0.0,0.0,0.0,0.0,0.0,0.0,0.0,0.0,0,0.0,0.0,0.0,0,0.0,0.0,0.0,,,,0.0,0.0,0.0,0.0,,nan,nan,nan,nan,0.0,0.0,nan,nan,,0.0,0.0,0.0,55.0,0.0,0.0,0.0,0.0,0.0,0.0,,,0.0,0,0.0,,0.0,0.0,0,0.0,0.0,,nan,0.0
2022,CL,横浜DeNAベイスターズ,43945153,F.ロメロ,F.Romero,23.0,30.0,23.0,2.0,1.0,0.0,0.0,0.0,1.0,0.0,0.0,0,5.0,0.0,2.0,0,0.0,8.0,0.0,0.043,0.12,0.043,0.16299999999999998,1.0,0.0,0.077,0.12,6.666666666666667,26.666666666666668,0.25,0.06666666666666667,0.06475,134.33333333333334,0.08695652173913043,0.13636363636363635,0.043,1.0,0.0,0.0,23.0,30.0,23.0,1.0,0.0,0.0,2.0,0.12,0.043,2.0,0,0.0,,1.0,0.0,0,5.0,0.0,,0.12,-0.996
2022,CL,東京ヤクルトスワローズ,51055132,高橋　奎二,K.Takahashi,17.0,29.0,23.0,1.0,5.0,0.0,0.0,0.0,5.0,1.0,0.0,0,4.0,0.0,2.0,0,0.0,12.0,0.0,0.217,0.28,0.217,0.497,5.0,0.0,0.06300000000000003,0.28,6.896551724137931,41.37931034482759,0.16666666666666666,0.45454545454545453,0.18025000000000002,352.33333333333337,0.08695652173913043,0.3888888888888889,0.217,5.0,0.0,1.0,17.0,29.0,23.0,5.0,0.0,0.0,1.0,0.28,0.217,2.0,0,0.0,,5.0,0.0,0,4.0,0.0,,1.4,1.3960000000000001
2022,CL,阪神タイガース,51055133,島本　浩也,H.Shimamoto,15.0,0.0,0.0,0.0,0.0,0.0,0.0,0.0,0.0,0.0,0.0,0,0.0,0.0,0.0,0,0.0,0.0,0.0,,,,0.0,0.0,0.0,0.0,,nan,nan,nan,nan,0.0,0.0,nan,nan,,0.0,0.0,0.0,15.0,0.0,0.0,0.0,0.0,0.0,0.0,,,0.0,0,0.0,,0.0,0.0,0,0.0,0.0,,nan,0.0
2022,CL,阪神タイガース,51055153,榮枝　裕貴,Y.Sakaeda,1.0,1.0,1.0,0.0,1.0,0.0,0.0,0.0,1.0,1.0,0.0,0,0.0,0.0,0.0,0,0.0,0.0,0.0,1.0,1.0,1.0,2.0,1.0,0.0,0.0,1.0,0.0,0.0,nan,1.0,0.7,1333.3333333333333,0.0,nan,1.0,1.0,0.0,1.0,1.0,1.0,1.0,1.0,0.0,0.0,0.0,1.0,1.0,0.0,0,0.0,,1.0,0.0,0,0.0,0.0,,1.0,0.5
2022,CL,広島東洋カープ,51055155,末包　昇大,S.Suekane,31.0,80.0,77.0,9.0,23.0,3.0,1.0,2.0,34.0,14.0,0.0,0,0.0,2.0,1.0,0,0.0,20.0,2.0,0.299,0.3,0.442,0.742,17.0,0.14300000000000002,0.0010000000000000009,0.443,1.25,25.0,0.05,0.3684210526315789,0.2455,447.33333333333337,0.15584415584415584,0.625,0.299,23.0,2.0,14.0,31.0,80.0,77.0,17.0,3.0,1.0,9.0,0.3,0.442,1.0,0,0.0,,34.0,0.0,0,0.0,2.0,,10.461538461538462,9.617999999999999
2022,CL,阪神タイガース,51155131,秋山　拓巳,T.Akiyama,5.0,9.0,7.0,0.0,0.0,0.0,0.0,0.0,0.0,1.0,0.0,0,2.0,0.0,0.0,0,0.0,2.0,0.0,0.0,0.0,0.0,0.0,0.0,0.0,0.0,0.0,0.0,22.22222222222222,0.0,0.0,0.0,0.0,0.0,0.0,0.0,0.0,0.0,1.0,5.0,9.0,7.0,0.0,0.0,0.0,0.0,0.0,0.0,0.0,0,0.0,,0.0,0.0,0,2.0,0.0,,0.0,-0.686
2022,CL,横浜DeNAベイスターズ,51155134,有吉　優樹,Y.Ariyoshi,1.0,1.0,1.0,0.0,0.0,0.0,0.0,0.0,0.0,0.0,0.0,0,0.0,0.0,0.0,0,0.0,0.0,0.0,0.0,0.0,0.0,0.0,0.0,0.0,0.0,0.0,0.0,0.0,nan,0.0,0.0,0.0,0.0,0.0,0.0,0.0,0.0,0.0,1.0,1.0,1.0,0.0,0.0,0.0,0.0,0.0,0.0,0.0,0,0.0,,0.0,0.0,0,0.0,0.0,,0.0,-0.098
2022,CL,横浜DeNAベイスターズ,51155136,東　克樹,K.Azuma,12.0,15.0,14.0,0.0,1.0,0.0,0.0,0.0,1.0,0.0,0.0,0,1.0,0.0,0.0,0,0.0,5.0,0.0,0.071,0.071,0.071,0.142,1.0,0.0,0.0,0.071,0.0,33.33333333333333,0.0,0.1111111111111111,0.049699999999999994,94.66666666666666,0.0,0.07692307692307693,0.071,1.0,0.0,0.0,12.0,15.0,14.0,1.0,0.0,0.0,0.0,0.071,0.071,0.0,0,0.0,,1.0,0.0,0,1.0,0.0,,0.07142857142857142,-0.774
2022,CL,東京ヤクルトスワローズ,51155153,赤羽　由紘,Y.Akahane,10.0,12.0,10.0,1.0,1.0,0.0,0.0,0.0,1.0,0.0,0.0,0,1.0,0.0,0.0,0,1.0,5.0,0.0,0.1,0.182,0.1,0.28200000000000003,1.0,0.0,0.08199999999999999,0.182,0.0,41.66666666666667,0.0,0.2,0.1069,215.33333333333331,0.0,0.2222222222222222,0.1,1.0,0.0,0.0,10.0,12.0,10.0,1.0,0.0,0.0,1.0,0.182,0.1,0.0,0,1.0,,1.0,0.0,0,1.0,0.0,,0.1,-0.051999999999999935
2022,CL,読売ジャイアンツ,51155155,赤星　優志,Y.Akahoshi,31.0,19.0,18.0,0.0,1.0,0.0,0.0,0.0,1.0,0.0,0.0,0,1.0,0.0,0.0,0,0.0,11.0,0.0,0.056,0.056,0.056,0.112,1.0,0.0,0.0,0.056,0.0,57.89473684210527,0.0,0.14285714285714285,0.0392,74.66666666666667,0.0,0.058823529411764705,0.056,1.0,0.0,0.0,31.0,19.0,18.0,1.0,0.0,0.0,0.0,0.056,0.056,0.0,0,0.0,,1.0,0.0,0,1.0,0.0,,0.05555555555555555,-1.1660000000000001
2022,CL,東京ヤクルトスワローズ,51255118,中村　悠平,Y.Nakamura,86.0,307.0,266.0,23.0,70.0,9.0,1.0,5.0,96.0,28.0,0.0,0,8.0,3.0,26.0,0,4.0,36.0,10.0,0.263,0.334,0.361,0.6950000000000001,55.0,0.09799999999999998,0.07100000000000001,0.432,8.469055374592834,11.726384364820847,0.7222222222222222,0.2850877192982456,0.24055,454.33333333333337,0.19548872180451127,0.6116504854368932,0.263,70.0,5.0,28.0,86.0,307.0,266.0,55.0,9.0,1.0,23.0,0.334,0.361,26.0,0,4.0,,96.0,0.0,0,8.0,3.0,,31.561643835616437,32.91199999999999
2022,CL,横浜DeNAベイスターズ,51255139,平田　真吾,S.Hirata,47.0,0.0,0.0,0.0,0.0,0.0,0.0,0.0,0.0,0.0,0.0,0,0.0,0.0,0.0,0,0.0,0.0,0.0,,,,0.0,0.0,0.0,0.0,,nan,nan,nan,nan,0.0,0.0,nan,nan,,0.0,0.0,0.0,47.0,0.0,0.0,0.0,0.0,0.0,0.0,,,0.0,0,0.0,,0.0,0.0,0,0.0,0.0,,nan,0.0
2022,CL,中日ドラゴンズ,51355132,石岡　諒太,R.Ishioka,11.0,29.0,25.0,1.0,9.0,0.0,0.0,0.0,9.0,1.0,2,1,2.0,0.0,1.0,0,1.0,6.0,1.0,0.36,0.407,0.36,0.7669999999999999,9.0,0.0,0.046999999999999986,0.407,3.4482758620689653,20.689655172413794,0.16666666666666666,0.47368421052631576,0.27315,526.9999999999999,0.04,0.6470588235294118,0.36,9.0,0.0,1.0,11.0,29.0,25.0,9.0,0.0,0.0,1.0,0.407,0.36,1.0,0,1.0,,9.0,2,1,2.0,0.0,,3.4615384615384617,3.592
2022,CL,東京ヤクルトスワローズ,51355134,梅野　雄吾,Y.Umeno,41.0,0.0,0.0,0.0,0.0,0.0,0.0,0.0,0.0,0.0,0.0,0,0.0,0.0,0.0,0,0.0,0.0,0.0,,,,0.0,0.0,0.0,0.0,,nan,nan,nan,nan,0.0,0.0,nan,nan,,0.0,0.0,0.0,41.0,0.0,0.0,0.0,0.0,0.0,0.0,,,0.0,0,0.0,,0.0,0.0,0,0.0,0.0,,nan,0.0
2022,CL,阪神タイガース,51355139,岩貞　祐太,Y.Iwasada,53.0,0.0,0.0,0.0,0.0,0.0,0.0,0.0,0.0,0.0,0.0,0,0.0,0.0,0.0,0,0.0,0.0,0.0,,,,0.0,0.0,0.0,0.0,,nan,nan,nan,nan,0.0,0.0,nan,nan,,0.0,0.0,0.0,53.0,0.0,0.0,0.0,0.0,0.0,0.0,,,0.0,0,0.0,,0.0,0.0,0,0.0,0.0,,nan,0.0
2022,CL,読売ジャイアンツ,51355151,井上　温大,H.Inoue,7.0,7.0,5.0,1.0,2.0,0.0,0.0,0.0,2.0,0.0,0.0,0,2.0,0.0,0.0,0,0.0,2.0,0.0,0.4,0.4,0.4,0.8,2.0,0.0,0.0,0.4,0.0,28.57142857142857,0.0,0.6666666666666666,0.28,533.3333333333334,0.0,0.6666666666666666,0.4,2.0,0.0,0.0,7.0,7.0,5.0,2.0,0.0,0.0,1.0,0.4,0.4,0.0,0,0.0,,2.0,0.0,0,2.0,0.0,,0.8,0.706
2022,CL,横浜DeNAベイスターズ,51455137,宮﨑　敏郎,T.Miyazaki,122.0,482.0,434.0,51.0,130.0,24.0,1.0,16.0,204.0,50.0,0.0,0,0.0,2.0,44.0,0,2.0,35.0,16.0,0.3,0.365,0.47,0.835,89.0,0.16999999999999998,0.065,0.5349999999999999,9.12863070539419,7.261410788381744,1.2571428571428571,0.2961038961038961,0.28175,521.6666666666666,0.271889400921659,0.78125,0.3,130.0,16.0,50.0,122.0,482.0,434.0,89.0,24.0,1.0,51.0,0.365,0.47,44.0,0,2.0,,204.0,0.0,0,0.0,2.0,,74.25941422594143,71.248
2022,CL,東京ヤクルトスワローズ,51455151,長岡　秀樹,H.Nagaoka,139.0,548.0,511.0,44.0,123.0,22.0,0.0,9.0,172.0,48.0,2,3,10.0,3.0,20.0,0,4.0,72.0,10.0,0.241,0.273,0.337,0.6100000000000001,92.0,0.09600000000000003,0.03200000000000003,0.369,3.64963503649635,13.138686131386862,0.2777777777777778,0.2632794457274827,0.2071,385.33333333333337,0.14090019569471623,0.5,0.241,123.0,9.0,48.0,139.0,548.0,511.0,92.0,22.0,0.0,44.0,0.273,0.337,20.0,0,4.0,,172.0,2,3,10.0,3.0,,46.32015065913371,45.236000000000004
2022,CL,中日ドラゴンズ,51455153,土田　龍空,R.Tsuchida,62.0,229.0,210.0,15.0,52.0,7.0,1.0,0.0,61.0,12.0,3,2,6.0,2.0,7.0,0,4.0,43.0,7.0,0.248,0.283,0.29,0.573,44.0,0.04199999999999998,0.034999999999999976,0.3249999999999999,3.056768558951965,18.777292576419214,0.16279069767441862,0.3076923076923077,0.19984999999999997,379.66666666666663,0.08571428571428572,0.4484848484848485,0.248,52.0,0.0,12.0,62.0,229.0,210.0,44.0,7.0,1.0,15.0,0.283,0.29,7.0,0,4.0,,61.0,3,2,6.0,2.0,,16.5852534562212,16.586
2022,CL,東京ヤクルトスワローズ,51555136,金久保　優斗,Y.Kanakubo,3.0,3.0,3.0,0.0,0.0,0.0,0.0,0.0,0.0,0.0,0.0,0,0.0,0.0,0.0,0,0.0,0.0,1.0,0.0,0.0,0.0,0.0,0.0,0.0,0.0,0.0,0.0,0.0,nan,0.0,0.0,0.0,0.0,0.0,0.0,0.0,0.0,0.0,3.0,3.0,3.0,0.0,0.0,0.0,0.0,0.0,0.0,0.0,0,0.0,,0.0,0.0,0,0.0,0.0,,0.0,-0.29400000000000004
2022,CL,読売ジャイアンツ,51555137,鍵谷　陽平,Y.Kagiya,21.0,1.0,1.0,0.0,0.0,0.0,0.0,0.0,0.0,0.0,0.0,0,0.0,0.0,0.0,0,0.0,1.0,0.0,0.0,0.0,0.0,0.0,0.0,0.0,0.0,0.0,0.0,100.0,0.0,nan,0.0,0.0,0.0,0.0,0.0,0.0,0.0,0.0,21.0,1.0,1.0,0.0,0.0,0.0,0.0,0.0,0.0,0.0,0,0.0,,0.0,0.0,0,0.0,0.0,,0.0,-0.098
2022,CL,横浜DeNAベイスターズ,51555151,蝦名　達夫,T.Ebina,61.0,181.0,158.0,21.0,39.0,4.0,0.0,3.0,52.0,8.0,6,5,7.0,0.0,10.0,0,6.0,43.0,3.0,0.247,0.316,0.329,0.645,32.0,0.08200000000000002,0.069,0.398,5.524861878453039,23.756906077348066,0.23255813953488372,0.32142857142857145,0.22444999999999998,425.6666666666667,0.17721518987341772,0.5983606557377049,0.247,39.0,3.0,8.0,61.0,181.0,158.0,32.0,4.0,0.0,21.0,0.316,0.329,10.0,0,6.0,,52.0,6,5,7.0,0.0,,15.166666666666666,17.717999999999996
2022,CL,横浜DeNAベイスターズ,51555155,梶原　昂希,K.Kajiwara,6.0,15.0,15.0,2.0,4.0,0.0,0.0,1.0,7.0,2.0,0.0,0,0.0,0.0,0.0,0,0.0,9.0,0.0,0.267,0.267,0.467,0.734,3.0,0.2,0.0,0.467,0.0,60.0,0.0,0.6,0.2369,422.6666666666667,0.2,0.6363636363636364,0.267,4.0,1.0,2.0,6.0,15.0,15.0,3.0,0.0,0.0,2.0,0.267,0.467,0.0,0,0.0,,7.0,0.0,0,0.0,0.0,,1.8666666666666667,1.8619999999999999
2022,CL,中日ドラゴンズ,51655133,三ツ俣　大樹,T.Mitsumata,58.0,154.0,123.0,6.0,26.0,8.0,0.0,0.0,34.0,10.0,1,0,13.0,1.0,16.0,0,1.0,39.0,4.0,0.211,0.305,0.276,0.581,18.0,0.06500000000000003,0.094,0.37,10.38961038961039,25.324675324675322,0.41025641025641024,0.3058823529411765,0.20625000000000002,397.0,0.1951219512195122,0.504950495049505,0.211,26.0,0.0,10.0,58.0,154.0,123.0,18.0,8.0,0.0,6.0,0.305,0.276,16.0,0,1.0,,34.0,1,0,13.0,1.0,,10.273381294964029,10.864
2022,CL,横浜DeNAベイスターズ,51655134,濵口　遥大,H.Hamaguchi,19.0,34.0,30.0,0.0,3.0,0.0,0.0,0.0,3.0,1.0,0.0,0,4.0,0.0,0.0,0,0.0,13.0,0.0,0.1,0.1,0.1,0.2,3.0,0.0,0.0,0.1,0.0,38.23529411764706,0.0,0.17647058823529413,0.07,133.33333333333334,0.0,0.1111111111111111,0.1,3.0,0.0,1.0,19.0,34.0,30.0,3.0,0.0,0.0,0.0,0.1,0.1,0.0,0,0.0,,3.0,0.0,0,4.0,0.0,,0.3,-1.146
2022,CL,読売ジャイアンツ,51655153,中山　礼都,R.Nakayama,50.0,142.0,131.0,8.0,26.0,1.0,0.0,0.0,27.0,3.0,3,0,5.0,0.0,6.0,0,0.0,27.0,2.0,0.198,0.234,0.206,0.44,25.0,0.00799999999999998,0.036000000000000004,0.242,4.225352112676056,19.014084507042252,0.2222222222222222,0.25,0.1568,302.6666666666667,0.05343511450381679,0.308411214953271,0.198,26.0,0.0,3.0,50.0,142.0,131.0,25.0,1.0,0.0,8.0,0.234,0.206,6.0,0,0.0,,27.0,3,0,5.0,0.0,,6.306569343065694,4.91
2022,CL,横浜DeNAベイスターズ,51755135,桑原　将志,M.Kuwahara,130.0,529.0,475.0,61.0,122.0,32.0,1.0,4.0,168.0,39.0,13,8,7.0,1.0,42.0,0,4.0,89.0,3.0,0.257,0.322,0.354,0.6759999999999999,85.0,0.09699999999999998,0.065,0.419,7.9395085066162565,16.824196597353495,0.47191011235955055,0.30809399477806787,0.2334,440.0,0.20210526315789473,0.6235955056179775,0.257,122.0,4.0,39.0,130.0,529.0,475.0,85.0,32.0,1.0,61.0,0.322,0.354,42.0,0,4.0,,168.0,13,8,7.0,1.0,,53.29206963249516,54.36600000000001
2022,CL,読売ジャイアンツ,51855112,山口　俊,S.Yamaguchi,1.0,0.0,0.0,0.0,0.0,0.0,0.0,0.0,0.0,0.0,0.0,0,0.0,0.0,0.0,0,0.0,0.0,0.0,,,,0.0,0.0,0.0,0.0,,nan,nan,nan,nan,0.0,0.0,nan,nan,,0.0,0.0,0.0,1.0,0.0,0.0,0.0,0.0,0.0,0.0,,,0.0,0,0.0,,0.0,0.0,0,0.0,0.0,,nan,0.0
2022,CL,読売ジャイアンツ,51855132,増田　大輝,D.Masuda,58.0,22.0,20.0,14.0,3.0,1.0,0.0,0.0,4.0,0.0,11,4,1.0,0.0,1.0,0,0.0,5.0,0.0,0.15,0.19,0.2,0.39,2.0,0.05000000000000002,0.04000000000000001,0.24,4.545454545454546,22.727272727272727,0.2,0.2,0.1355,256.66666666666663,0.3,0.5294117647058824,0.15,3.0,0.0,0.0,58.0,22.0,20.0,2.0,1.0,0.0,14.0,0.19,0.2,1.0,0,0.0,,4.0,11,4,1.0,0.0,,0.7619047619047619,1.1039999999999994
2022,CL,東京ヤクルトスワローズ,51855136,松本　直樹,N.Matsumoto,10.0,20.0,20.0,3.0,4.0,0.0,0.0,2.0,10.0,5.0,0.0,0,0.0,0.0,0.0,0,0.0,1.0,2.0,0.2,0.2,0.5,0.7,2.0,0.3,0.0,0.5,0.0,5.0,0.0,0.11764705882352941,0.21500000000000002,366.6666666666667,0.3,0.5555555555555556,0.2,4.0,2.0,5.0,10.0,20.0,20.0,2.0,0.0,0.0,3.0,0.2,0.5,0.0,0,0.0,,10.0,0.0,0,0.0,0.0,,2.0,2.312
2022,CL,読売ジャイアンツ,51955114,坂本　勇人,H.Sakamoto,83.0,352.0,304.0,35.0,87.0,14.0,0.0,5.0,116.0,33.0,2.0,2,0.0,2.0,45.0,0,1.0,65.0,3.0,0.286,0.378,0.382,0.76,68.0,0.09600000000000003,0.09200000000000003,0.474,12.784090909090908,18.46590909090909,0.6923076923076923,0.3474576271186441,0.2656,505.3333333333333,0.25,0.7454545454545455,0.286,87.0,5.0,33.0,83.0,352.0,304.0,68.0,14.0,0.0,35.0,0.378,0.382,45.0,0,1.0,,116.0,2.0,2,0.0,2.0,,43.873925501432666,45.554
2022,CL,東京ヤクルトスワローズ,51955138,清水　昇,N.Shimizu,50.0,0.0,0.0,0.0,0.0,0.0,0.0,0.0,0.0,0.0,0.0,0,0.0,0.0,0.0,0,0.0,0.0,0.0,,,,0.0,0.0,0.0,0.0,,nan,nan,nan,nan,0.0,0.0,nan,nan,,0.0,0.0,0.0,50.0,0.0,0.0,0.0,0.0,0.0,0.0,,,0.0,0,0.0,,0.0,0.0,0,0.0,0.0,,nan,0.0
2022,CL,広島東洋カープ,51955139,曽根　海成,K.Sone,44.0,7.0,6.0,9.0,0.0,0.0,0.0,0.0,0.0,0.0,4,3,1.0,0.0,0.0,0,0.0,3.0,0.0,0.0,0.0,0.0,0.0,0.0,0.0,0.0,0.0,0.0,42.857142857142854,0.0,0.0,0.0,0.0,0.5,0.5,0.0,0.0,0.0,0.0,44.0,7.0,6.0,0.0,0.0,0.0,9.0,0.0,0.0,0.0,0,0.0,,0.0,4,3,1.0,0.0,,0.0,-0.04800000000000004
2022,CL,広島東洋カープ,53155151,森下　暢仁,M.Morishita,27.0,65.0,58.0,4.0,11.0,2.0,1.0,0.0,15.0,7.0,0.0,0,6.0,0.0,1.0,0,0.0,14.0,0.0,0.19,0.203,0.259,0.462,8.0,0.069,0.013000000000000012,0.272,1.5384615384615385,21.53846153846154,0.07142857142857142,0.25,0.15610000000000002,289.3333333333333,0.08620689655172414,0.3404255319148936,0.19,11.0,0.0,7.0,27.0,65.0,58.0,8.0,2.0,1.0,4.0,0.203,0.259,1.0,0,0.0,,15.0,0.0,0,6.0,0.0,,3.0508474576271185,2.2039999999999997
2022,CL,中日ドラゴンズ,53355153,森　博人,H.Mori,30.0,0.0,0.0,0.0,0.0,0.0,0.0,0.0,0.0,0.0,0.0,0,0.0,0.0,0.0,0,0.0,0.0,0.0,,,,0.0,0.0,0.0,0.0,,nan,nan,nan,nan,0.0,0.0,nan,nan,,0.0,0.0,0.0,30.0,0.0,0.0,0.0,0.0,0.0,0.0,,,0.0,0,0.0,,0.0,0.0,0,0.0,0.0,,nan,0.0
2022,CL,読売ジャイアンツ,53455155,I.クロール,I.Krol,21.0,0.0,0.0,0.0,0.0,0.0,0.0,0.0,0.0,0.0,0.0,0,0.0,0.0,0.0,0,0.0,0.0,0.0,,,,0.0,0.0,0.0,0.0,,nan,nan,nan,nan,0.0,0.0,nan,nan,,0.0,0.0,0.0,21.0,0.0,0.0,0.0,0.0,0.0,0.0,,,0.0,0,0.0,,0.0,0.0,0,0.0,0.0,,nan,0.0
2022,CL,東京ヤクルトスワローズ,53755153,D.サンタナ,D.Santana,60.0,215.0,189.0,26.0,52.0,7.0,0.0,15.0,104.0,35.0,0.0,0,0.0,2.0,23.0,0,1.0,73.0,6.0,0.275,0.353,0.55,0.903,30.0,0.275,0.07799999999999996,0.628,10.69767441860465,33.95348837209302,0.3150684931506849,0.3592233009708738,0.29635,536.3333333333334,0.3968253968253968,0.8951048951048951,0.275,52.0,15.0,35.0,60.0,215.0,189.0,30.0,7.0,0.0,26.0,0.353,0.55,23.0,0,1.0,,104.0,0.0,0,0.0,2.0,,36.79245283018868,36.134
2022,CL,広島東洋カープ,53755155,D.アンダーソン,D.Anderson,13.0,17.0,14.0,0.0,1.0,0.0,0.0,0.0,1.0,0.0,0.0,0,3.0,0.0,0.0,0,0.0,8.0,0.0,0.071,0.071,0.071,0.142,1.0,0.0,0.0,0.071,0.0,47.05882352941176,0.0,0.16666666666666666,0.049699999999999994,94.66666666666666,0.0,0.07692307692307693,0.071,1.0,0.0,0.0,13.0,17.0,14.0,1.0,0.0,0.0,0.0,0.071,0.071,0.0,0,0.0,,1.0,0.0,0,3.0,0.0,,0.07142857142857142,-0.774
2022,CL,広島東洋カープ,53955136,G.フランスア,G.Franzua,3.0,0.0,0.0,0.0,0.0,0.0,0.0,0.0,0.0,0.0,0.0,0,0.0,0.0,0.0,0,0.0,0.0,0.0,,,,0.0,0.0,0.0,0.0,,nan,nan,nan,nan,0.0,0.0,nan,nan,,0.0,0.0,0.0,3.0,0.0,0.0,0.0,0.0,0.0,0.0,,,0.0,0,0.0,,0.0,0.0,0,0.0,0.0,,nan,0.0
2022,CL,広島東洋カープ,53955151,R.コルニエル,R.Corniel,12.0,0.0,0.0,0.0,0.0,0.0,0.0,0.0,0.0,0.0,0.0,0,0.0,0.0,0.0,0,0.0,0.0,0.0,,,,0.0,0.0,0.0,0.0,,nan,nan,nan,nan,0.0,0.0,nan,nan,,0.0,0.0,0.0,12.0,0.0,0.0,0.0,0.0,0.0,0.0,,,0.0,0,0.0,,0.0,0.0,0,0.0,0.0,,nan,0.0
2022,CL,横浜DeNAベイスターズ,53955155,B.クリスキー,B.Kriske,18.0,0.0,0.0,0.0,0.0,0.0,0.0,0.0,0.0,0.0,0.0,0,0.0,0.0,0.0,0,0.0,0.0,0.0,,,,0.0,0.0,0.0,0.0,,nan,nan,nan,nan,0.0,0.0,nan,nan,,0.0,0.0,0.0,18.0,0.0,0.0,0.0,0.0,0.0,0.0,,,0.0,0,0.0,,0.0,0.0,0,0.0,0.0,,nan,0.0
2022,CL,読売ジャイアンツ,61065116,中田　翔,S.Nakata,109.0,375.0,338.0,39.0,91.0,8.0,0.0,24.0,171.0,68.0,0.0,0,2.0,4.0,27.0,0,4.0,72.0,9.0,0.269,0.327,0.506,0.833,59.0,0.237,0.057999999999999996,0.5640000000000001,7.199999999999999,19.2,0.375,0.27235772357723576,0.27365,495.6666666666667,0.3165680473372781,0.7890625,0.269,91.0,24.0,68.0,109.0,375.0,338.0,59.0,8.0,0.0,39.0,0.327,0.506,27.0,0,4.0,,171.0,0.0,0,2.0,4.0,,55.28219178082192,55.843999999999994
2022,CL,阪神タイガース,61065131,原口　文仁,F.Haraguchi,33.0,83.0,71.0,5.0,23.0,2.0,0.0,2.0,31.0,10.0,0.0,0,1.0,2.0,9.0,0,0.0,5.0,1.0,0.324,0.39,0.437,0.827,19.0,0.11299999999999999,0.066,0.503,10.843373493975903,6.024096385542169,1.8,0.3181818181818182,0.28475,535.6666666666667,0.23943661971830985,0.8163265306122449,0.324,23.0,2.0,10.0,33.0,83.0,71.0,19.0,2.0,0.0,5.0,0.39,0.437,9.0,0,0.0,,31.0,0.0,0,1.0,2.0,,12.4,12.085999999999999
2022,CL,中日ドラゴンズ,61165132,阿部　寿樹,T.Abe,133.0,548.0,486.0,44.0,131.0,31.0,2.0,9.0,193.0,57.0,3,1,3.0,6.0,49.0,0,4.0,105.0,14.0,0.27,0.338,0.397,0.7350000000000001,89.0,0.127,0.068,0.465,8.94160583941606,19.16058394160584,0.4666666666666667,0.32275132275132273,0.25135,470.33333333333337,0.23045267489711935,0.6693766937669376,0.27,131.0,9.0,57.0,133.0,548.0,486.0,89.0,31.0,2.0,44.0,0.338,0.397,49.0,0,4.0,,193.0,3,1,3.0,6.0,,64.93457943925233,64.74000000000001
2022,CL,読売ジャイアンツ,61165137,井納　翔一,S.Inou,7.0,0.0,0.0,0.0,0.0,0.0,0.0,0.0,0.0,0.0,0.0,0,0.0,0.0,0.0,0,0.0,0.0,0.0,,,,0.0,0.0,0.0,0.0,,nan,nan,nan,nan,0.0,0.0,nan,nan,,0.0,0.0,0.0,7.0,0.0,0.0,0.0,0.0,0.0,0.0,,,0.0,0,0.0,,0.0,0.0,0,0.0,0.0,,nan,0.0
2022,CL,横浜DeNAベイスターズ,61165153,石川　達也,T.Ishikawa,3.0,1.0,1.0,0.0,0.0,0.0,0.0,0.0,0.0,0.0,0.0,0,0.0,0.0,0.0,0,0.0,1.0,0.0,0.0,0.0,0.0,0.0,0.0,0.0,0.0,0.0,0.0,100.0,0.0,nan,0.0,0.0,0.0,0.0,0.0,0.0,0.0,0.0,3.0,1.0,1.0,0.0,0.0,0.0,0.0,0.0,0.0,0.0,0,0.0,,0.0,0.0,0,0.0,0.0,,0.0,-0.098
2022,CL,中日ドラゴンズ,61265112,平田　良介,R.Hirata,51.0,83.0,75.0,8.0,15.0,3.0,0.0,1.0,21.0,10.0,0.0,0,0.0,0.0,7.0,0,1.0,20.0,2.0,0.2,0.277,0.28,0.557,11.0,0.08000000000000002,0.07700000000000001,0.357,8.433734939759036,24.096385542168676,0.35,0.25925925925925924,0.19465000000000002,370.33333333333337,0.17333333333333334,0.46774193548387094,0.2,15.0,1.0,10.0,51.0,83.0,75.0,11.0,3.0,0.0,8.0,0.277,0.28,7.0,0,1.0,,21.0,0.0,0,0.0,0.0,,5.634146341463414,5.86
2022,CL,中日ドラゴンズ,61265153,髙橋　宏斗,H.Takahashi,19.0,44.0,37.0,1.0,4.0,1.0,0.0,0.0,5.0,4.0,0.0,0,7.0,0.0,0.0,0,0.0,12.0,2.0,0.108,0.108,0.135,0.243,3.0,0.02700000000000001,0.0,0.135,0.0,27.27272727272727,0.0,0.16,0.08235,153.0,0.02702702702702703,0.14285714285714285,0.108,4.0,0.0,4.0,19.0,44.0,37.0,3.0,1.0,0.0,1.0,0.108,0.135,0.0,0,0.0,,5.0,0.0,0,7.0,0.0,,0.5405405405405406,-1.0140000000000002
2022,CL,中日ドラゴンズ,61365118,大野　奨太,S.Oono,8.0,21.0,17.0,2.0,5.0,0.0,0.0,0.0,5.0,0.0,0,1,1.0,0.0,3.0,0,0.0,4.0,0.0,0.294,0.4,0.294,0.694,5.0,0.0,0.10600000000000004,0.4,14.285714285714285,19.047619047619047,0.75,0.38461538461538464,0.2535,498.0,0.23529411764705882,0.75,0.294,5.0,0.0,0.0,8.0,21.0,17.0,5.0,0.0,0.0,2.0,0.4,0.294,3.0,0,0.0,,5.0,0,1,1.0,0.0,,2.0,2.494
2022,CL,阪神タイガース,61365134,尾仲　祐哉,Y.Onaka,1.0,0.0,0.0,0.0,0.0,0.0,0.0,0.0,0.0,0.0,0.0,0,0.0,0.0,0.0,0,0.0,0.0,0.0,,,,0.0,0.0,0.0,0.0,,nan,nan,nan,nan,0.0,0.0,nan,nan,,0.0,0.0,0.0,1.0,0.0,0.0,0.0,0.0,0.0,0.0,,,0.0,0,0.0,,0.0,0.0,0,0.0,0.0,,nan,0.0
2022,CL,広島東洋カープ,61365139,大瀬良　大地,D.Oosera,23.0,48.0,39.0,1.0,6.0,0.0,0.0,0.0,6.0,2.0,0.0,0,7.0,0.0,2.0,0,0.0,18.0,0.0,0.154,0.195,0.154,0.349,6.0,0.0,0.04100000000000001,0.195,4.166666666666666,37.5,0.1111111111111111,0.2857142857142857,0.12625,246.33333333333334,0.05128205128205128,0.24242424242424243,0.154,6.0,0.0,2.0,23.0,48.0,39.0,6.0,0.0,0.0,1.0,0.195,0.154,2.0,0,0.0,,6.0,0.0,0,7.0,0.0,,1.170731707317073,0.42600000000000016
2022,CL,横浜DeNAベイスターズ,61365153,入江　大生,T.Irie,57.0,0.0,0.0,0.0,0.0,0.0,0.0,0.0,0.0,0.0,0.0,0,0.0,0.0,0.0,0,0.0,0.0,0.0,,,,0.0,0.0,0.0,0.0,,nan,nan,nan,nan,0.0,0.0,nan,nan,,0.0,0.0,0.0,57.0,0.0,0.0,0.0,0.0,0.0,0.0,,,0.0,0,0.0,,0.0,0.0,0,0.0,0.0,,nan,0.0
2022,CL,横浜DeNAベイスターズ,61465112,大和,Y.Yamato（maeda,91.0,277.0,259.0,22.0,64.0,13.0,0.0,1.0,80.0,18.0,1,4,6.0,1.0,10.0,0,1.0,47.0,7.0,0.247,0.277,0.309,0.5860000000000001,50.0,0.062,0.030000000000000027,0.339,3.6101083032490973,16.967509025270758,0.2127659574468085,0.2971698113207547,0.20190000000000002,380.0,0.11583011583011583,0.47029702970297027,0.247,64.0,1.0,18.0,91.0,277.0,259.0,50.0,13.0,0.0,22.0,0.277,0.309,10.0,0,1.0,,80.0,1,4,6.0,1.0,,22.007434944237918,21.04
2022,CL,広島東洋カープ,61565135,菊池　涼介,R.Kikuchi,123.0,522.0,462.0,51.0,121.0,25.0,1.0,6.0,166.0,45.0,2,3,32.0,2.0,24.0,0,2.0,70.0,7.0,0.262,0.3,0.359,0.659,89.0,0.09699999999999998,0.03799999999999998,0.3969999999999999,4.597701149425287,13.409961685823754,0.34285714285714286,0.2963917525773196,0.22475,419.66666666666663,0.15584415584415584,0.5603448275862069,0.262,121.0,6.0,45.0,123.0,522.0,462.0,89.0,25.0,1.0,51.0,0.3,0.359,24.0,0,2.0,,166.0,2,3,32.0,2.0,,49.52674897119341,47.88200000000001
2022,CL,横浜DeNAベイスターズ,61565136,楠本　泰史,T.Kusumoto,94.0,327.0,282.0,27.0,71.0,13.0,0.0,6.0,102.0,26.0,6,2,13.0,2.0,23.0,0,7.0,55.0,4.0,0.252,0.322,0.362,0.6839999999999999,52.0,0.10999999999999999,0.07,0.432,7.033639143730887,16.819571865443425,0.41818181818181815,0.2914798206278027,0.2354,442.66666666666663,0.19858156028368795,0.6232558139534884,0.252,71.0,6.0,26.0,94.0,327.0,282.0,52.0,13.0,0.0,27.0,0.322,0.362,23.0,0,7.0,,102.0,6,2,13.0,2.0,,31.43606557377049,33.581999999999994
2022,CL,中日ドラゴンズ,61565151,岡野　祐一郎,Y.Okano,4.0,4.0,4.0,0.0,2.0,0.0,0.0,0.0,2.0,2.0,0.0,0,0.0,0.0,0.0,0,0.0,2.0,0.0,0.5,0.5,0.5,1.0,2.0,0.0,0.0,0.5,0.0,50.0,0.0,1.0,0.35,666.6666666666666,0.0,1.0,0.5,2.0,0.0,2.0,4.0,4.0,4.0,2.0,0.0,0.0,0.0,0.5,0.5,0.0,0,0.0,,2.0,0.0,0,0.0,0.0,,1.0,0.804
2022,CL,東京ヤクルトスワローズ,61665138,松本　友,Y.Matsumoto,7.0,19.0,17.0,4.0,6.0,1.0,0.0,0.0,7.0,0.0,0.0,0,0.0,0.0,2.0,0,0.0,5.0,0.0,0.353,0.421,0.412,0.833,5.0,0.059,0.068,0.48,10.526315789473683,26.31578947368421,0.4,0.5,0.29245,558.3333333333334,0.17647058823529413,0.8181818181818182,0.353,6.0,0.0,0.0,7.0,19.0,17.0,5.0,1.0,0.0,4.0,0.421,0.412,2.0,0,0.0,,7.0,0.0,0,0.0,0.0,,2.9473684210526314,2.8019999999999996
2022,CL,中日ドラゴンズ,61963888,福留　孝介,K.Fukudome,23.0,30.0,24.0,0.0,1.0,1.0,0.0,0.0,2.0,3.0,0.0,0,0.0,2.0,4.0,0,0.0,11.0,0.0,0.042,0.167,0.083,0.25,0.0,0.041,0.125,0.208,13.333333333333334,36.666666666666664,0.36363636363636365,0.06666666666666667,0.09590000000000001,194.66666666666669,0.20833333333333334,0.2608695652173913,0.042,1.0,0.0,3.0,23.0,30.0,24.0,0.0,1.0,0.0,0.0,0.167,0.083,4.0,0,0.0,,2.0,0.0,0,0.0,2.0,,0.35714285714285715,-0.21399999999999997
2022,CL,広島東洋カープ,61965131,堂林　翔太,S.Doubayashi,101.0,274.0,255.0,25.0,62.0,16.0,0.0,8.0,102.0,28.0,1,2,5.0,1.0,11.0,0,2.0,82.0,6.0,0.243,0.279,0.4,0.679,38.0,0.15700000000000003,0.03600000000000003,0.436,4.014598540145985,29.927007299270077,0.13414634146341464,0.3253012048192771,0.22555000000000003,412.3333333333333,0.20784313725490197,0.5879396984924623,0.243,62.0,8.0,28.0,101.0,274.0,255.0,38.0,16.0,0.0,25.0,0.279,0.4,11.0,0,2.0,,102.0,1,2,5.0,1.0,,27.992481203007518,27.775999999999996
2022,CL,中日ドラゴンズ,61965136,博志,H.Hiroshi（suzuki,3.0,2.0,2.0,0.0,0.0,0.0,0.0,0.0,0.0,0.0,0.0,0,0.0,0.0,0.0,0,0.0,1.0,0.0,0.0,0.0,0.0,0.0,0.0,0.0,0.0,0.0,0.0,50.0,0.0,0.0,0.0,0.0,0.0,0.0,0.0,0.0,0.0,0.0,3.0,2.0,2.0,0.0,0.0,0.0,0.0,0.0,0.0,0.0,0,0.0,,0.0,0.0,0,0.0,0.0,,0.0,-0.196
2022,CL,読売ジャイアンツ,61965138,髙橋　優貴,Y.Takahashi,10.0,6.0,6.0,0.0,1.0,0.0,0.0,0.0,1.0,0.0,0.0,0,0.0,0.0,0.0,0,0.0,5.0,0.0,0.167,0.167,0.167,0.334,1.0,0.0,0.0,0.167,0.0,83.33333333333334,0.0,1.0,0.1169,222.66666666666669,0.0,0.2,0.167,1.0,0.0,0.0,10.0,6.0,6.0,1.0,0.0,0.0,0.0,0.167,0.167,0.0,0,0.0,,1.0,0.0,0,0.0,0.0,,0.16666666666666666,0.010000000000000009
2022,CL,広島東洋カープ,61965139,田中　広輔,K.Tanaka,41.0,45.0,40.0,2.0,8.0,1.0,1.0,0.0,11.0,1.0,0,1,0.0,1.0,3.0,0,1.0,14.0,0.0,0.2,0.267,0.275,0.542,6.0,0.07500000000000001,0.067,0.342,6.666666666666667,31.11111111111111,0.21428571428571427,0.2962962962962963,0.1889,358.6666666666667,0.175,0.5,0.2,8.0,0.0,1.0,41.0,45.0,40.0,6.0,1.0,1.0,2.0,0.267,0.275,3.0,0,1.0,,11.0,0,1,0.0,1.0,,2.813953488372093,3.1239999999999997
2022,CL,広島東洋カープ,61965153,小林　樹斗,T.Kobayashi,1.0,0.0,0.0,0.0,0.0,0.0,0.0,0.0,0.0,0.0,0.0,0,0.0,0.0,0.0,0,0.0,0.0,0.0,,,,0.0,0.0,0.0,0.0,,nan,nan,nan,nan,0.0,0.0,nan,nan,,0.0,0.0,0.0,1.0,0.0,0.0,0.0,0.0,0.0,0.0,,,0.0,0,0.0,,0.0,0.0,0,0.0,0.0,,nan,0.0
2022,CL,読売ジャイアンツ,63065155,G.ポランコ,G.Polanco,138.0,484.0,438.0,55.0,105.0,21.0,1.0,24.0,200.0,58.0,2,3,0.0,3.0,42.0,0,1.0,109.0,6.0,0.24,0.306,0.457,0.763,59.0,0.21700000000000003,0.066,0.523,8.677685950413224,22.520661157024794,0.3853211009174312,0.262987012987013,0.25195,458.33333333333337,0.319634703196347,0.7256637168141593,0.24,105.0,24.0,58.0,138.0,484.0,438.0,59.0,21.0,1.0,55.0,0.306,0.457,42.0,0,1.0,,200.0,2,3,0.0,3.0,,61.25,62.316
2022,CL,中日ドラゴンズ,63165134,柳　裕也,Y.Yanagi,25.0,50.0,46.0,1.0,4.0,1.0,0.0,0.0,5.0,1.0,0.0,0,2.0,1.0,1.0,0,0.0,20.0,0.0,0.087,0.104,0.109,0.213,3.0,0.022000000000000006,0.017,0.126,2.0,40.0,0.05,0.14814814814814814,0.07405,140.33333333333334,0.043478260869565216,0.14285714285714285,0.087,4.0,0.0,1.0,25.0,50.0,46.0,3.0,1.0,0.0,1.0,0.104,0.109,1.0,0,0.0,,5.0,0.0,0,2.0,1.0,,0.5319148936170213,-1.5660000000000007
2022,CL,東京ヤクルトスワローズ,63265155,P.キブレハン,P.Kivlehan,29.0,87.0,83.0,10.0,20.0,3.0,0.0,6.0,41.0,14.0,0,1,0.0,1.0,2.0,0,1.0,21.0,1.0,0.241,0.264,0.494,0.758,11.0,0.253,0.02300000000000002,0.517,2.2988505747126435,24.137931034482758,0.09523809523809523,0.24561403508771928,0.24230000000000002,428.66666666666663,0.2891566265060241,0.703125,0.241,20.0,6.0,14.0,29.0,87.0,83.0,11.0,3.0,0.0,10.0,0.264,0.494,2.0,0,1.0,,41.0,0,1,0.0,1.0,,10.611764705882353,11.296
2022,CL,横浜DeNAベイスターズ,63365134,E.エスコバー,E.Escobar,70.0,0.0,0.0,0.0,0.0,0.0,0.0,0.0,0.0,0.0,0.0,0,0.0,0.0,0.0,0,0.0,0.0,0.0,,,,0.0,0.0,0.0,0.0,,nan,nan,nan,nan,0.0,0.0,nan,nan,,0.0,0.0,0.0,70.0,0.0,0.0,0.0,0.0,0.0,0.0,,,0.0,0,0.0,,0.0,0.0,0,0.0,0.0,,nan,0.0
2022,CL,阪神タイガース,63365138,J.マルテ,J.Marte,33.0,102.0,90.0,8.0,23.0,1.0,0.0,1.0,27.0,11.0,0.0,0,0.0,2.0,8.0,0,2.0,19.0,1.0,0.256,0.324,0.3,0.624,21.0,0.043999999999999984,0.068,0.368,7.8431372549019605,18.627450980392158,0.42105263157894735,0.3055555555555556,0.2208,424.0,0.13333333333333333,0.5441176470588235,0.256,23.0,1.0,11.0,33.0,102.0,90.0,21.0,1.0,0.0,8.0,0.324,0.3,8.0,0,2.0,,27.0,0.0,0,0.0,2.0,,8.540816326530612,9.394000000000002
2022,CL,中日ドラゴンズ,63765155,G.ガルシア,G.Garcia,2.0,9.0,9.0,0.0,1.0,0.0,0.0,0.0,1.0,0.0,0.0,0,0.0,0.0,0.0,0,0.0,5.0,0.0,0.111,0.111,0.111,0.222,1.0,0.0,0.0,0.111,0.0,55.55555555555556,0.0,0.25,0.0777,148.0,0.0,0.125,0.111,1.0,0.0,0.0,2.0,9.0,9.0,1.0,0.0,0.0,0.0,0.111,0.111,0.0,0,0.0,,1.0,0.0,0,0.0,0.0,,0.1111111111111111,-0.28400000000000003
2022,CL,中日ドラゴンズ,63965153,L.ワカマツ,L.Wakamatsu,2.0,4.0,3.0,0.0,0.0,0.0,0.0,0.0,0.0,0.0,0.0,0,0.0,0.0,1.0,0,0.0,0.0,0.0,0.0,0.25,0.0,0.25,0.0,0.0,0.25,0.25,25.0,0.0,nan,0.0,0.1125,250.0,0.3333333333333333,0.3333333333333333,0.0,0.0,0.0,0.0,2.0,4.0,3.0,0.0,0.0,0.0,0.0,0.25,0.0,1.0,0,0.0,,0.0,0.0,0,0.0,0.0,,0.0,0.035999999999999976
2022,CL,東京ヤクルトスワローズ,63965155,A.スアレス,A.Suarez,6.0,4.0,3.0,0.0,1.0,0.0,0.0,0.0,1.0,0.0,0.0,0,1.0,0.0,0.0,0,0.0,1.0,1.0,0.333,0.333,0.333,0.666,1.0,0.0,0.0,0.333,0.0,25.0,0.0,0.5,0.23310000000000003,444.0,0.0,0.3333333333333333,0.333,1.0,0.0,0.0,6.0,4.0,3.0,1.0,0.0,0.0,0.0,0.333,0.333,0.0,0,0.0,,1.0,0.0,0,1.0,0.0,,0.3333333333333333,0.304
2022,CL,阪神タイガース,71075138,近本　光司,K.Chikamoto,132.0,580.0,525.0,71.0,154.0,16.0,3.0,3.0,185.0,34.0,30,5,6.0,1.0,41.0,0,7.0,63.0,7.0,0.293,0.352,0.352,0.704,132.0,0.059,0.059,0.411,7.06896551724138,10.86206896551724,0.6507936507936508,0.3282608695652174,0.24639999999999998,469.3333333333333,0.14666666666666667,0.6296296296296297,0.293,154.0,3.0,34.0,132.0,580.0,525.0,132.0,16.0,3.0,71.0,0.352,0.352,41.0,0,7.0,,185.0,30,5,6.0,1.0,,63.736749116607776,65.34200000000001
2022,CL,阪神タイガース,71175132,青柳　晃洋,K.Aoyagi,24.0,54.0,50.0,2.0,7.0,0.0,0.0,0.0,7.0,2.0,0.0,0,3.0,0.0,1.0,0,0.0,26.0,1.0,0.14,0.157,0.14,0.29700000000000004,7.0,0.0,0.016999999999999987,0.157,1.8518518518518516,48.148148148148145,0.038461538461538464,0.2916666666666667,0.10565000000000001,203.66666666666666,0.02,0.18181818181818182,0.14,7.0,0.0,2.0,24.0,54.0,50.0,7.0,0.0,0.0,2.0,0.157,0.14,1.0,0,0.0,,7.0,0.0,0,3.0,0.0,,1.0980392156862746,-0.38400000000000034
2022,CL,阪神タイガース,71275118,西　勇輝,Y.Nishi,23.0,49.0,42.0,1.0,2.0,0.0,0.0,0.0,2.0,0.0,0.0,0,6.0,0.0,1.0,0,0.0,17.0,0.0,0.048,0.07,0.048,0.11800000000000001,2.0,0.0,0.022000000000000006,0.07,2.0408163265306123,34.69387755102041,0.058823529411764705,0.08,0.04350000000000001,86.0,0.023809523809523808,0.075,0.048,2.0,0.0,0.0,23.0,49.0,42.0,2.0,0.0,0.0,1.0,0.07,0.048,1.0,0,0.0,,2.0,0.0,0,6.0,0.0,,0.13953488372093023,-2.59
2022,CL,東京ヤクルトスワローズ,71275151,武岡　龍世,R.Takeoka,7.0,18.0,17.0,3.0,7.0,0.0,1.0,0.0,9.0,3.0,0.0,0,0.0,0.0,0.0,0,1.0,3.0,0.0,0.412,0.444,0.529,0.9730000000000001,6.0,0.11700000000000005,0.03200000000000003,0.561,0.0,16.666666666666664,0.0,0.5,0.33205,620.3333333333334,0.11764705882352941,1.0,0.412,7.0,0.0,3.0,7.0,18.0,17.0,6.0,0.0,1.0,3.0,0.444,0.529,0.0,0,1.0,,9.0,0.0,0,0.0,0.0,,3.7058823529411766,3.39
2022,CL,読売ジャイアンツ,71375134,大江　竜聖,R.Ooe,3.0,0.0,0.0,0.0,0.0,0.0,0.0,0.0,0.0,0.0,0.0,0,0.0,0.0,0.0,0,0.0,0.0,0.0,,,,0.0,0.0,0.0,0.0,,nan,nan,nan,nan,0.0,0.0,nan,nan,,0.0,0.0,0.0,3.0,0.0,0.0,0.0,0.0,0.0,0.0,,,0.0,0,0.0,,0.0,0.0,0,0.0,0.0,,nan,0.0
2022,CL,広島東洋カープ,71375136,遠藤　淳志,A.Endou,20.0,32.0,30.0,0.0,2.0,0.0,0.0,0.0,2.0,4.0,0.0,0,2.0,0.0,0.0,0,0.0,13.0,2.0,0.067,0.067,0.067,0.134,2.0,0.0,0.0,0.067,0.0,40.625,0.0,0.11764705882352941,0.046900000000000004,89.33333333333333,0.0,0.06666666666666667,0.067,2.0,0.0,4.0,20.0,32.0,30.0,2.0,0.0,0.0,0.0,0.067,0.067,0.0,0,0.0,,2.0,0.0,0,2.0,0.0,,0.13333333333333333,-1.7440000000000002
2022,CL,阪神タイガース,71375153,伊藤　将司,M.Itou,20.0,46.0,33.0,1.0,4.0,1.0,0.0,0.0,5.0,5.0,0.0,0,11.0,0.0,2.0,0,0.0,19.0,1.0,0.121,0.171,0.152,0.323,3.0,0.031,0.05000000000000002,0.202,4.3478260869565215,41.30434782608695,0.10526315789473684,0.2857142857142857,0.11495,221.66666666666669,0.09090909090909091,0.23333333333333334,0.121,4.0,0.0,5.0,20.0,46.0,33.0,3.0,1.0,0.0,1.0,0.171,0.152,2.0,0,0.0,,5.0,0.0,0,11.0,0.0,,0.8571428571428571,0.03799999999999981
2022,CL,中日ドラゴンズ,71375155,鵜飼　航丞,K.Ukai,59.0,195.0,180.0,14.0,37.0,8.0,1.0,4.0,59.0,16.0,1,0,0.0,1.0,9.0,0,5.0,64.0,0.0,0.206,0.262,0.328,0.5900000000000001,24.0,0.12200000000000003,0.05600000000000002,0.384,4.615384615384616,32.82051282051282,0.140625,0.2920353982300885,0.19990000000000002,371.33333333333337,0.17222222222222222,0.5104895104895105,0.206,37.0,4.0,16.0,59.0,195.0,180.0,24.0,8.0,1.0,14.0,0.262,0.328,9.0,0,5.0,,59.0,1,0,0.0,1.0,,14.359788359788359,15.165999999999995
2022,CL,広島東洋カープ,71475132,西川　龍馬,R.Nishikawa,97.0,424.0,390.0,60.0,123.0,19.0,3.0,10.0,178.0,53.0,2.0,2,0.0,2.0,30.0,0,2.0,74.0,8.0,0.315,0.366,0.456,0.8220000000000001,91.0,0.14100000000000001,0.05099999999999999,0.507,7.0754716981132075,17.452830188679243,0.40540540540540543,0.36688311688311687,0.2787,518.0,0.2230769230769231,0.7709090909090909,0.315,123.0,10.0,53.0,97.0,424.0,390.0,91.0,19.0,3.0,60.0,0.366,0.456,30.0,0,2.0,,178.0,2.0,2,0.0,2.0,,64.84285714285714,61.45399999999999
2022,CL,広島東洋カープ,71475138,羽月　隆太郎,R.Hatsuki,44.0,99.0,94.0,10.0,23.0,5.0,2.0,0.0,32.0,10.0,2,3,1.0,0.0,4.0,0,0.0,17.0,1.0,0.245,0.276,0.34,0.6160000000000001,16.0,0.09500000000000003,0.031000000000000028,0.371,4.040404040404041,17.17171717171717,0.23529411764705882,0.2987012987012987,0.20920000000000002,389.33333333333337,0.1702127659574468,0.5416666666666666,0.245,23.0,0.0,10.0,44.0,99.0,94.0,16.0,5.0,2.0,10.0,0.276,0.34,4.0,0,0.0,,32.0,2,3,1.0,0.0,,8.816326530612244,8.581999999999999
2022,CL,横浜DeNAベイスターズ,71475139,嶺井　博希,H.Minei,93.0,262.0,244.0,15.0,50.0,7.0,0.0,5.0,72.0,30.0,0,1,5.0,2.0,6.0,0,5.0,54.0,10.0,0.205,0.237,0.295,0.532,38.0,0.09,0.032,0.3269999999999999,2.2900763358778624,20.610687022900763,0.1111111111111111,0.24064171122994651,0.1804,335.3333333333333,0.11885245901639344,0.4117647058823529,0.205,50.0,5.0,30.0,93.0,262.0,244.0,38.0,7.0,0.0,15.0,0.237,0.295,6.0,0,5.0,,72.0,0,1,5.0,2.0,,16.128,16.037999999999997
2022,CL,中日ドラゴンズ,71575132,小笠原　慎之介,S.Ogasawara,22.0,46.0,41.0,3.0,4.0,1.0,0.0,0.0,5.0,0.0,0.0,0,3.0,0.0,2.0,0,0.0,22.0,0.0,0.098,0.14,0.122,0.262,3.0,0.023999999999999994,0.04200000000000001,0.164,4.3478260869565215,47.82608695652174,0.09090909090909091,0.21052631578947367,0.09350000000000001,180.66666666666666,0.07317073170731707,0.1891891891891892,0.098,4.0,0.0,0.0,22.0,46.0,41.0,3.0,1.0,0.0,3.0,0.14,0.122,2.0,0,0.0,,5.0,0.0,0,3.0,0.0,,0.6976744186046512,-0.7460000000000004
2022,CL,広島東洋カープ,71575134,矢崎　拓也,T.Yasaki,47.0,0.0,0.0,0.0,0.0,0.0,0.0,0.0,0.0,0.0,0.0,0,0.0,0.0,0.0,0,0.0,0.0,0.0,,,,0.0,0.0,0.0,0.0,,nan,nan,nan,nan,0.0,0.0,nan,nan,,0.0,0.0,0.0,47.0,0.0,0.0,0.0,0.0,0.0,0.0,,,0.0,0,0.0,,0.0,0.0,0,0.0,0.0,,nan,0.0
2022,CL,横浜DeNAベイスターズ,71575136,神里　和毅,K.Kamizato,81.0,107.0,95.0,12.0,18.0,4.0,3.0,1.0,31.0,10.0,6,3,1.0,0.0,8.0,0,3.0,26.0,1.0,0.189,0.274,0.326,0.6000000000000001,10.0,0.137,0.08500000000000002,0.411,7.476635514018691,24.299065420560748,0.3076923076923077,0.25,0.2048,382.6666666666667,0.25263157894736843,0.5769230769230769,0.189,18.0,1.0,10.0,81.0,107.0,95.0,10.0,4.0,3.0,12.0,0.274,0.326,8.0,0,3.0,,31.0,6,3,1.0,0.0,,7.825242718446602,9.064
2022,CL,阪神タイガース,71675134,浜地　真澄,M.Hamachi,52.0,1.0,1.0,0.0,0.0,0.0,0.0,0.0,0.0,0.0,0.0,0,0.0,0.0,0.0,0,0.0,0.0,0.0,0.0,0.0,0.0,0.0,0.0,0.0,0.0,0.0,0.0,0.0,nan,0.0,0.0,0.0,0.0,0.0,0.0,0.0,0.0,0.0,52.0,1.0,1.0,0.0,0.0,0.0,0.0,0.0,0.0,0.0,0,0.0,,0.0,0.0,0,0.0,0.0,,0.0,-0.098
2022,CL,広島東洋カープ,71775136,ケムナ　誠,M.Kemuna,43.0,0.0,0.0,0.0,0.0,0.0,0.0,0.0,0.0,0.0,0.0,0,0.0,0.0,0.0,0,0.0,0.0,0.0,,,,0.0,0.0,0.0,0.0,,nan,nan,nan,nan,0.0,0.0,nan,nan,,0.0,0.0,0.0,43.0,0.0,0.0,0.0,0.0,0.0,0.0,,,0.0,0,0.0,,0.0,0.0,0,0.0,0.0,,nan,0.0
2022,CL,東京ヤクルトスワローズ,71775138,久保　拓眞,T.Kubo,29.0,0.0,0.0,0.0,0.0,0.0,0.0,0.0,0.0,0.0,0.0,0,0.0,0.0,0.0,0,0.0,0.0,0.0,,,,0.0,0.0,0.0,0.0,,nan,nan,nan,nan,0.0,0.0,nan,nan,,0.0,0.0,0.0,29.0,0.0,0.0,0.0,0.0,0.0,0.0,,,0.0,0,0.0,,0.0,0.0,0,0.0,0.0,,nan,0.0
2022,CL,広島東洋カープ,71775139,九里　亜蓮,A.Kuri,26.0,44.0,35.0,2.0,1.0,0.0,0.0,0.0,1.0,0.0,0.0,0,8.0,0.0,1.0,0,0.0,14.0,2.0,0.029,0.056,0.029,0.085,1.0,0.0,0.027,0.056,2.272727272727273,31.818181818181817,0.07142857142857142,0.047619047619047616,0.03245,65.66666666666667,0.02857142857142857,0.05555555555555555,0.029,1.0,0.0,0.0,26.0,44.0,35.0,1.0,0.0,0.0,2.0,0.056,0.029,1.0,0,0.0,,1.0,0.0,0,8.0,0.0,,0.05555555555555555,-2.5020000000000002
2022,CL,阪神タイガース,71775151,小野寺　暖,D.Onodera,32.0,45.0,44.0,3.0,6.0,1.0,1.0,1.0,12.0,7.0,0.0,0,0.0,0.0,1.0,0,0.0,12.0,3.0,0.136,0.156,0.273,0.42900000000000005,3.0,0.137,0.01999999999999999,0.293,2.2222222222222223,26.666666666666668,0.08333333333333333,0.16129032258064516,0.13845000000000002,247.0,0.1590909090909091,0.3170731707317073,0.136,6.0,1.0,7.0,32.0,45.0,44.0,3.0,1.0,1.0,3.0,0.156,0.273,1.0,0,0.0,,12.0,0.0,0,0.0,0.0,,1.8666666666666667,1.3059999999999992
2022,CL,読売ジャイアンツ,71875130,八百板　卓丸,T.Yaoita,39.0,48.0,44.0,4.0,10.0,2.0,0.0,0.0,12.0,0.0,0.0,0,0.0,0.0,4.0,0,0.0,17.0,0.0,0.227,0.292,0.273,0.565,8.0,0.04600000000000001,0.06499999999999997,0.3379999999999999,8.333333333333332,35.41666666666667,0.23529411764705882,0.37037037037037035,0.19965,383.0,0.13636363636363635,0.47058823529411764,0.227,10.0,0.0,0.0,39.0,48.0,44.0,8.0,2.0,0.0,4.0,0.292,0.273,4.0,0,0.0,,12.0,0.0,0,0.0,0.0,,3.5,3.4279999999999995
2022,CL,中日ドラゴンズ,71875133,山下　斐紹,A.Yamashita,20.0,24.0,23.0,1.0,3.0,0.0,0.0,1.0,6.0,1.0,0.0,0,0.0,0.0,1.0,0,0.0,8.0,0.0,0.13,0.167,0.261,0.42800000000000005,2.0,0.131,0.037000000000000005,0.298,4.166666666666666,33.33333333333333,0.125,0.14285714285714285,0.14040000000000002,254.0,0.17391304347826086,0.35,0.13,3.0,1.0,1.0,20.0,24.0,23.0,2.0,0.0,0.0,1.0,0.167,0.261,1.0,0,0.0,,6.0,0.0,0,0.0,0.0,,1.0,0.81
2022,CL,東京ヤクルトスワローズ,71875136,宮台　康平,K.Miyadai,2.0,0.0,0.0,0.0,0.0,0.0,0.0,0.0,0.0,0.0,0.0,0,0.0,0.0,0.0,0,0.0,0.0,0.0,,,,0.0,0.0,0.0,0.0,,nan,nan,nan,nan,0.0,0.0,nan,nan,,0.0,0.0,0.0,2.0,0.0,0.0,0.0,0.0,0.0,0.0,,,0.0,0,0.0,,0.0,0.0,0,0.0,0.0,,nan,0.0
2022,CL,中日ドラゴンズ,71975132,佐藤　優,Y.Satou,4.0,0.0,0.0,0.0,0.0,0.0,0.0,0.0,0.0,0.0,0.0,0,0.0,0.0,0.0,0,0.0,0.0,0.0,,,,0.0,0.0,0.0,0.0,,nan,nan,nan,nan,0.0,0.0,nan,nan,,0.0,0.0,0.0,4.0,0.0,0.0,0.0,0.0,0.0,0.0,,,0.0,0,0.0,,0.0,0.0,0,0.0,0.0,,nan,0.0
2022,CL,東京ヤクルトスワローズ,71975136,塩見　泰隆,Y.Shiomi,130.0,567.0,508.0,83.0,140.0,30.0,6.0,16.0,230.0,54.0,24,7,1.0,3.0,43.0,0,12.0,122.0,6.0,0.276,0.345,0.453,0.798,88.0,0.177,0.06899999999999995,0.522,7.583774250440917,21.516754850088184,0.3524590163934426,0.3324396782841823,0.2685,496.0,0.2755905511811024,0.7807486631016043,0.276,140.0,16.0,54.0,130.0,567.0,508.0,88.0,30.0,6.0,83.0,0.345,0.453,43.0,0,12.0,,230.0,24,7,1.0,3.0,,76.38838475499092,78.226
2022,CL,広島東洋カープ,73175155,松本　竜也,R.Matsumoto,50.0,0.0,0.0,0.0,0.0,0.0,0.0,0.0,0.0,0.0,0.0,0,0.0,0.0,0.0,0,0.0,0.0,0.0,,,,0.0,0.0,0.0,0.0,,nan,nan,nan,nan,0.0,0.0,nan,nan,,0.0,0.0,0.0,50.0,0.0,0.0,0.0,0.0,0.0,0.0,,,0.0,0,0.0,,0.0,0.0,0,0.0,0.0,,nan,0.0
2022,CL,東京ヤクルトスワローズ,73375132,渡邉　大樹,D.Watanabe,49.0,17.0,16.0,6.0,2.0,1.0,0.0,0.0,3.0,2.0,2,1,1.0,0.0,0.0,0,0.0,5.0,0.0,0.125,0.125,0.188,0.313,1.0,0.063,0.0,0.188,0.0,29.411764705882355,0.0,0.18181818181818182,0.10325000000000001,187.66666666666666,0.125,0.2857142857142857,0.125,2.0,0.0,2.0,49.0,17.0,16.0,1.0,1.0,0.0,6.0,0.125,0.188,0.0,0,0.0,,3.0,2,1,1.0,0.0,,0.375,0.027999999999999803
2022,CL,読売ジャイアンツ,73375134,吉川　尚輝,N.Yoshikawa,132.0,567.0,516.0,64.0,143.0,20.0,6.0,7.0,196.0,31.0,16,7,10.0,1.0,32.0,0,8.0,53.0,6.0,0.277,0.329,0.38,0.7090000000000001,110.0,0.10299999999999998,0.05199999999999999,0.432,5.64373897707231,9.347442680776014,0.6037735849056604,0.2975929978118162,0.24305000000000002,455.6666666666667,0.17829457364341086,0.6411609498680739,0.277,143.0,7.0,31.0,132.0,567.0,516.0,110.0,20.0,6.0,64.0,0.329,0.38,32.0,0,8.0,,196.0,16,7,10.0,1.0,,62.59124087591241,63.626000000000005
2022,CL,横浜DeNAベイスターズ,73375151,T.オースティン,T.Austin,38.0,38.0,32.0,3.0,5.0,2.0,0.0,1.0,10.0,3.0,0.0,0,0.0,0.0,6.0,0,0.0,14.0,1.0,0.156,0.289,0.312,0.601,2.0,0.156,0.13299999999999998,0.4449999999999999,15.789473684210526,36.84210526315789,0.42857142857142855,0.23529411764705882,0.20805,392.99999999999994,0.34375,0.5714285714285714,0.156,5.0,1.0,3.0,38.0,38.0,32.0,2.0,2.0,0.0,3.0,0.289,0.312,6.0,0,0.0,,10.0,0.0,0,0.0,0.0,,2.8947368421052633,3.2139999999999995
2022,CL,広島東洋カープ,73375153,森浦　大輔,D.Moriura,51.0,0.0,0.0,0.0,0.0,0.0,0.0,0.0,0.0,0.0,0.0,0,0.0,0.0,0.0,0,0.0,0.0,0.0,,,,0.0,0.0,0.0,0.0,,nan,nan,nan,nan,0.0,0.0,nan,nan,,0.0,0.0,0.0,51.0,0.0,0.0,0.0,0.0,0.0,0.0,,,0.0,0,0.0,,0.0,0.0,0,0.0,0.0,,nan,0.0
2022,CL,横浜DeNAベイスターズ,73775151,M.ピープルズ,M.Peoples,3.0,0.0,0.0,0.0,0.0,0.0,0.0,0.0,0.0,0.0,0.0,0,0.0,0.0,0.0,0,0.0,0.0,0.0,,,,0.0,0.0,0.0,0.0,,nan,nan,nan,nan,0.0,0.0,nan,nan,,0.0,0.0,0.0,3.0,0.0,0.0,0.0,0.0,0.0,0.0,,,0.0,0,0.0,,0.0,0.0,0,0.0,0.0,,nan,0.0
2022,CL,読売ジャイアンツ,73775155,M.アンドリース,M.Andriese,5.0,3.0,3.0,0.0,0.0,0.0,0.0,0.0,0.0,0.0,0.0,0,0.0,0.0,0.0,0,0.0,3.0,0.0,0.0,0.0,0.0,0.0,0.0,0.0,0.0,0.0,0.0,100.0,0.0,nan,0.0,0.0,0.0,0.0,0.0,0.0,0.0,0.0,5.0,3.0,3.0,0.0,0.0,0.0,0.0,0.0,0.0,0.0,0,0.0,,0.0,0.0,0,0.0,0.0,,0.0,-0.29400000000000004
2022,CL,中日ドラゴンズ,73975136,A.マルティネス,A.Martinez,82.0,286.0,254.0,29.0,70.0,15.0,1.0,8.0,111.0,24.0,1.0,1,0.0,2.0,23.0,0,7.0,55.0,8.0,0.276,0.35,0.437,0.7869999999999999,46.0,0.16099999999999998,0.07399999999999995,0.5109999999999999,8.041958041958042,19.230769230769234,0.41818181818181815,0.32124352331606215,0.26675,495.66666666666663,0.2559055118110236,0.7395833333333334,0.276,70.0,8.0,24.0,82.0,286.0,254.0,46.0,15.0,1.0,29.0,0.35,0.437,23.0,0,7.0,,111.0,1.0,1,0.0,2.0,,37.26714801444043,38.408
2022,CL,阪神タイガース,73975155,K.ケラー,K.Keller,34.0,0.0,0.0,0.0,0.0,0.0,0.0,0.0,0.0,0.0,0.0,0,0.0,0.0,0.0,0,0.0,0.0,0.0,,,,0.0,0.0,0.0,0.0,,nan,nan,nan,nan,0.0,0.0,nan,nan,,0.0,0.0,0.0,34.0,0.0,0.0,0.0,0.0,0.0,0.0,,,0.0,0,0.0,,0.0,0.0,0,0.0,0.0,,nan,0.0
2022,CL,横浜DeNAベイスターズ,81085136,田中　俊太,S.Tanaka,19.0,19.0,19.0,0.0,3.0,0.0,0.0,0.0,3.0,1.0,0.0,0,0.0,0.0,0.0,0,0.0,3.0,0.0,0.158,0.158,0.158,0.316,3.0,0.0,0.0,0.158,0.0,15.789473684210526,0.0,0.1875,0.1106,210.66666666666666,0.0,0.1875,0.158,3.0,0.0,1.0,19.0,19.0,19.0,3.0,0.0,0.0,0.0,0.158,0.158,0.0,0,0.0,,3.0,0.0,0,0.0,0.0,,0.47368421052631576,-0.06800000000000006
2022,CL,読売ジャイアンツ,81085155,大勢,T.Taisei（outa,57.0,0.0,0.0,0.0,0.0,0.0,0.0,0.0,0.0,0.0,0.0,0,0.0,0.0,0.0,0,0.0,0.0,0.0,,,,0.0,0.0,0.0,0.0,,nan,nan,nan,nan,0.0,0.0,nan,nan,,0.0,0.0,0.0,57.0,0.0,0.0,0.0,0.0,0.0,0.0,,,0.0,0,0.0,,0.0,0.0,0,0.0,0.0,,nan,0.0
2022,CL,横浜DeNAベイスターズ,81185116,伊藤　光,H.Itou,40.0,103.0,94.0,9.0,26.0,7.0,0.0,0.0,33.0,8.0,0.0,0,0.0,0.0,8.0,0,1.0,23.0,3.0,0.277,0.34,0.351,0.6910000000000001,19.0,0.07399999999999995,0.063,0.414,7.766990291262135,22.330097087378643,0.34782608695652173,0.36619718309859156,0.24075000000000002,457.0,0.1595744680851064,0.5915492957746479,0.277,26.0,0.0,8.0,40.0,103.0,94.0,19.0,7.0,0.0,9.0,0.34,0.351,8.0,0,1.0,,33.0,0.0,0,0.0,0.0,,11.0,10.845999999999997
2022,CL,広島東洋カープ,81185133,磯村　嘉孝,Y.Isomura,43.0,126.0,114.0,18.0,27.0,5.0,0.0,3.0,41.0,15.0,0.0,0,3.0,0.0,7.0,0,2.0,20.0,4.0,0.237,0.293,0.36,0.653,19.0,0.123,0.055999999999999994,0.416,5.555555555555555,15.873015873015872,0.35,0.26373626373626374,0.22185,413.0,0.18421052631578946,0.5494505494505495,0.237,27.0,3.0,15.0,43.0,126.0,114.0,19.0,5.0,0.0,18.0,0.293,0.36,7.0,0,2.0,,41.0,0.0,0,3.0,0.0,,11.520661157024794,11.864
2022,CL,阪神タイガース,81185134,糸原　健斗,K.Itohara,132.0,495.0,445.0,31.0,110.0,12.0,1.0,3.0,133.0,36.0,2,3,6.0,4.0,35.0,0,5.0,48.0,7.0,0.247,0.307,0.299,0.606,94.0,0.05199999999999999,0.06,0.359,7.07070707070707,9.696969696969697,0.7291666666666666,0.26884422110552764,0.21289999999999998,406.6666666666667,0.13707865168539327,0.5146198830409356,0.247,110.0,3.0,36.0,132.0,495.0,445.0,94.0,12.0,1.0,31.0,0.307,0.299,35.0,0,5.0,,133.0,2,3,6.0,4.0,,40.177083333333336,41.91000000000001
2022,CL,中日ドラゴンズ,81185136,伊藤　康祐,K.Itou,28.0,27.0,26.0,3.0,6.0,3.0,0.0,0.0,9.0,1.0,0.0,0,0.0,0.0,1.0,0,0.0,5.0,0.0,0.231,0.259,0.346,0.605,3.0,0.11499999999999996,0.027999999999999997,0.374,3.7037037037037033,18.51851851851852,0.2,0.2857142857142857,0.20305,374.33333333333337,0.15384615384615385,0.5,0.231,6.0,0.0,1.0,28.0,27.0,26.0,3.0,3.0,0.0,3.0,0.259,0.346,1.0,0,0.0,,9.0,0.0,0,0.0,0.0,,2.3333333333333335,2.0300000000000002
2022,CL,広島東洋カープ,81285136,中村　奨成,S.Nakamura,27.0,58.0,57.0,1.0,11.0,2.0,0.0,0.0,13.0,5.0,0,2,0.0,0.0,1.0,0,0.0,8.0,0.0,0.193,0.207,0.228,0.435,9.0,0.035,0.013999999999999985,0.242,1.7241379310344827,13.793103448275861,0.125,0.22448979591836735,0.15015,283.0,0.08771929824561403,0.34782608695652173,0.193,11.0,0.0,5.0,27.0,58.0,57.0,9.0,2.0,0.0,1.0,0.207,0.228,1.0,0,0.0,,13.0,0,2,0.0,0.0,,2.689655172413793,2.122
2022,CL,中日ドラゴンズ,81285137,溝脇　隼人,H.Mizowaki,87.0,157.0,139.0,7.0,35.0,5.0,1.0,0.0,42.0,9.0,2,1,8.0,2.0,8.0,0,0.0,26.0,2.0,0.252,0.289,0.302,0.591,29.0,0.04999999999999999,0.03699999999999998,0.3389999999999999,5.095541401273886,16.560509554140125,0.3076923076923077,0.30434782608695654,0.20555,389.6666666666667,0.11510791366906475,0.4811320754716981,0.252,35.0,0.0,9.0,87.0,157.0,139.0,29.0,5.0,1.0,7.0,0.289,0.302,8.0,0,0.0,,42.0,2,1,8.0,2.0,,12.285714285714286,11.768
2022,CL,中日ドラゴンズ,81285138,根尾　昂,A.Neo,49.0,46.0,40.0,2.0,8.0,2.0,0.0,0.0,10.0,4.0,0.0,0,1.0,0.0,5.0,0,0.0,9.0,1.0,0.2,0.289,0.25,0.5389999999999999,6.0,0.04999999999999999,0.08899999999999997,0.3389999999999999,10.869565217391305,19.565217391304348,0.5555555555555556,0.25806451612903225,0.19255,372.3333333333333,0.175,0.45454545454545453,0.2,8.0,0.0,4.0,49.0,46.0,40.0,6.0,2.0,0.0,2.0,0.289,0.25,5.0,0,0.0,,10.0,0.0,0,1.0,0.0,,2.888888888888889,2.9539999999999997
2022,CL,東京ヤクルトスワローズ,81385130,太田　賢吾,K.Oota,37.0,131.0,118.0,16.0,32.0,5.0,1.0,1.0,42.0,8.0,0.0,0,4.0,0.0,8.0,0,1.0,24.0,1.0,0.271,0.323,0.356,0.679,25.0,0.08499999999999996,0.05199999999999999,0.408,6.106870229007633,18.3206106870229,0.3333333333333333,0.3333333333333333,0.23435,441.66666666666663,0.15254237288135594,0.5862068965517241,0.271,32.0,1.0,8.0,37.0,131.0,118.0,25.0,5.0,1.0,16.0,0.323,0.356,8.0,0,1.0,,42.0,0.0,0,4.0,0.0,,13.333333333333334,13.122
2022,CL,阪神タイガース,81385134,小野　泰己,T.Ono,5.0,0.0,0.0,0.0,0.0,0.0,0.0,0.0,0.0,0.0,0.0,0,0.0,0.0,0.0,0,0.0,0.0,0.0,,,,0.0,0.0,0.0,0.0,,nan,nan,nan,nan,0.0,0.0,nan,nan,,0.0,0.0,0.0,5.0,0.0,0.0,0.0,0.0,0.0,0.0,,,0.0,0,0.0,,0.0,0.0,0,0.0,0.0,,nan,0.0
2022,CL,読売ジャイアンツ,81385155,岡田　悠希,Y.Okada,33.0,22.0,21.0,2.0,2.0,0.0,0.0,0.0,2.0,0.0,0.0,0,0.0,0.0,1.0,0,0.0,7.0,0.0,0.095,0.136,0.095,0.231,2.0,0.0,0.04100000000000001,0.136,4.545454545454546,31.818181818181817,0.14285714285714285,0.14285714285714285,0.08495,167.66666666666669,0.047619047619047616,0.15789473684210525,0.095,2.0,0.0,0.0,33.0,22.0,21.0,2.0,0.0,0.0,2.0,0.136,0.095,1.0,0,0.0,,2.0,0.0,0,0.0,0.0,,0.2727272727272727,-0.532
2022,CL,中日ドラゴンズ,81585134,京田　陽太,Y.Kyouda,43.0,143.0,128.0,11.0,22.0,5.0,1.0,3.0,38.0,8.0,1,0,2.0,0.0,10.0,0,3.0,21.0,1.0,0.172,0.248,0.297,0.5449999999999999,13.0,0.125,0.07600000000000001,0.373,6.993006993006993,14.685314685314685,0.47619047619047616,0.18269230769230768,0.18585000000000002,347.0,0.203125,0.4766355140186916,0.172,22.0,3.0,8.0,43.0,143.0,128.0,13.0,5.0,1.0,11.0,0.248,0.297,10.0,0,3.0,,38.0,1,0,2.0,0.0,,8.81159420289855,9.362
2022,CL,阪神タイガース,81585136,熊谷　敬宥,T.Kumagai,63.0,52.0,45.0,8.0,7.0,0.0,0.0,0.0,7.0,3.0,7,5,6.0,1.0,0.0,0,0.0,10.0,0.0,0.156,0.152,0.156,0.308,7.0,0.0,-0.0040000000000000036,0.152,0.0,19.230769230769234,0.0,0.19444444444444445,0.1074,204.0,0.1111111111111111,0.3157894736842105,0.156,7.0,0.0,3.0,63.0,52.0,45.0,7.0,0.0,0.0,8.0,0.152,0.156,0.0,0,0.0,,7.0,7,5,6.0,1.0,,1.0888888888888888,0.6760000000000002
2022,CL,横浜DeNAベイスターズ,81585138,上茶谷　大河,T.Kamichatani,13.0,20.0,15.0,0.0,3.0,0.0,0.0,0.0,3.0,1.0,0.0,0,3.0,0.0,2.0,0,0.0,6.0,0.0,0.2,0.294,0.2,0.494,3.0,0.0,0.09399999999999997,0.294,10.0,30.0,0.3333333333333333,0.3333333333333333,0.18230000000000002,360.66666666666663,0.13333333333333333,0.4166666666666667,0.2,3.0,0.0,1.0,13.0,20.0,15.0,3.0,0.0,0.0,0.0,0.294,0.2,2.0,0,0.0,,3.0,0.0,0,3.0,0.0,,0.8823529411764706,0.984
2022,CL,中日ドラゴンズ,81585151,岡林　勇希,Y.Okabayashi,142.0,608.0,553.0,58.0,161.0,25.0,10.0,0.0,206.0,32.0,24,6,22.0,1.0,29.0,0,3.0,67.0,4.0,0.291,0.329,0.373,0.702,126.0,0.08200000000000002,0.038000000000000034,0.411,4.769736842105264,11.019736842105262,0.43283582089552236,0.33059548254620125,0.24130000000000001,453.33333333333337,0.14466546112115733,0.6161616161616161,0.291,161.0,0.0,32.0,142.0,608.0,553.0,126.0,25.0,10.0,58.0,0.329,0.373,29.0,0,3.0,,206.0,24,6,22.0,1.0,,67.2508591065292,64.624
2022,CL,中日ドラゴンズ,81785133,駿太,S.Shunta（gotou,35.0,58.0,50.0,3.0,8.0,1.0,2.0,0.0,13.0,4.0,0,1,2.0,0.0,4.0,0,2.0,10.0,0.0,0.16,0.25,0.26,0.51,5.0,0.1,0.09,0.35,6.896551724137931,17.24137931034483,0.4,0.2,0.1775,336.6666666666667,0.2,0.47619047619047616,0.16,8.0,0.0,4.0,35.0,58.0,50.0,5.0,1.0,2.0,3.0,0.25,0.26,4.0,0,2.0,,13.0,0,1,2.0,0.0,,2.888888888888889,3.3439999999999985
2022,CL,横浜DeNAベイスターズ,81785136,阪口　皓亮,K.Sakaguchi,1.0,1.0,1.0,0.0,0.0,0.0,0.0,0.0,0.0,0.0,0.0,0,0.0,0.0,0.0,0,0.0,1.0,0.0,0.0,0.0,0.0,0.0,0.0,0.0,0.0,0.0,0.0,100.0,0.0,nan,0.0,0.0,0.0,0.0,0.0,0.0,0.0,0.0,1.0,1.0,1.0,0.0,0.0,0.0,0.0,0.0,0.0,0.0,0,0.0,,0.0,0.0,0,0.0,0.0,,0.0,-0.098
2022,CL,横浜DeNAベイスターズ,81885130,山下　幸輝,K.Yamashita,12.0,12.0,12.0,1.0,1.0,0.0,0.0,0.0,1.0,1.0,0.0,0,0.0,0.0,0.0,0,0.0,3.0,0.0,0.083,0.083,0.083,0.166,1.0,0.0,0.0,0.083,0.0,25.0,0.0,0.1111111111111111,0.0581,110.66666666666667,0.0,0.09090909090909091,0.083,1.0,0.0,1.0,12.0,12.0,12.0,1.0,0.0,0.0,1.0,0.083,0.083,0.0,0,0.0,,1.0,0.0,0,0.0,0.0,,0.08333333333333333,-0.5780000000000001
2022,CL,読売ジャイアンツ,81885138,横川　凱,K.Yokogawa,1.0,0.0,0.0,0.0,0.0,0.0,0.0,0.0,0.0,0.0,0.0,0,0.0,0.0,0.0,0,0.0,0.0,0.0,,,,0.0,0.0,0.0,0.0,,nan,nan,nan,nan,0.0,0.0,nan,nan,,0.0,0.0,0.0,1.0,0.0,0.0,0.0,0.0,0.0,0.0,,,0.0,0,0.0,,0.0,0.0,0,0.0,0.0,,nan,0.0
2022,CL,広島東洋カープ,81885151,持丸　泰輝,T.Mochimaru,5.0,6.0,6.0,0.0,0.0,0.0,0.0,0.0,0.0,0.0,0.0,0,0.0,0.0,0.0,0,0.0,3.0,0.0,0.0,0.0,0.0,0.0,0.0,0.0,0.0,0.0,0.0,50.0,0.0,0.0,0.0,0.0,0.0,0.0,0.0,0.0,0.0,0.0,5.0,6.0,6.0,0.0,0.0,0.0,0.0,0.0,0.0,0.0,0,0.0,,0.0,0.0,0,0.0,0.0,,0.0,-0.5880000000000001
2022,CL,読売ジャイアンツ,81985118,立岡　宗一郎,S.Tateoka,54.0,57.0,54.0,11.0,11.0,1.0,0.0,1.0,15.0,3.0,3,0,0.0,0.0,3.0,0,0.0,10.0,0.0,0.204,0.246,0.278,0.524,9.0,0.07400000000000004,0.04200000000000001,0.32,5.263157894736842,17.543859649122805,0.3,0.23255813953488372,0.18020000000000003,338.6666666666667,0.12962962962962962,0.4186046511627907,0.204,11.0,1.0,3.0,54.0,57.0,54.0,9.0,1.0,0.0,11.0,0.246,0.278,3.0,0,0.0,,15.0,3,0,0.0,0.0,,3.6842105263157894,3.436
2022,CL,中日ドラゴンズ,81985138,滝野　要,K.Takino,11.0,10.0,10.0,1.0,3.0,0.0,0.0,0.0,3.0,0.0,1.0,1,0.0,0.0,0.0,0,0.0,3.0,0.0,0.3,0.3,0.3,0.6,3.0,0.0,0.0,0.3,0.0,30.0,0.0,0.42857142857142855,0.21000000000000002,399.99999999999994,0.1,0.5714285714285714,0.3,3.0,0.0,0.0,11.0,10.0,10.0,3.0,0.0,0.0,1.0,0.3,0.3,0.0,0,0.0,,3.0,1.0,1,0.0,0.0,,0.9,0.9939999999999999
2022,CL,東京ヤクルトスワローズ,81985155,柴田　大地,D.Shibata,1.0,0.0,0.0,0.0,0.0,0.0,0.0,0.0,0.0,0.0,0.0,0,0.0,0.0,0.0,0,0.0,0.0,0.0,,,,0.0,0.0,0.0,0.0,,nan,nan,nan,nan,0.0,0.0,nan,nan,,0.0,0.0,0.0,1.0,0.0,0.0,0.0,0.0,0.0,0.0,,,0.0,0,0.0,,0.0,0.0,0,0.0,0.0,,nan,0.0
2022,CL,中日ドラゴンズ,83185153,三好　大倫,H.Miyoshi,45.0,61.0,55.0,7.0,12.0,2.0,1.0,1.0,19.0,2.0,6,0,4.0,0.0,2.0,0,0.0,16.0,0.0,0.218,0.246,0.345,0.591,8.0,0.12699999999999997,0.027999999999999997,0.373,3.278688524590164,26.229508196721312,0.125,0.2894736842105263,0.19695000000000001,361.0,0.16363636363636364,0.4883720930232558,0.218,12.0,1.0,2.0,45.0,61.0,55.0,8.0,2.0,1.0,7.0,0.246,0.345,2.0,0,0.0,,19.0,6,0,4.0,0.0,,4.666666666666667,4.366
2022,CL,読売ジャイアンツ,91095134,高梨　雄平,Y.Takanashi,59.0,1.0,1.0,0.0,0.0,0.0,0.0,0.0,0.0,0.0,0.0,0,0.0,0.0,0.0,0,0.0,1.0,0.0,0.0,0.0,0.0,0.0,0.0,0.0,0.0,0.0,0.0,100.0,0.0,nan,0.0,0.0,0.0,0.0,0.0,0.0,0.0,0.0,59.0,1.0,1.0,0.0,0.0,0.0,0.0,0.0,0.0,0.0,0,0.0,,0.0,0.0,0,0.0,0.0,,0.0,-0.098
2022,CL,中日ドラゴンズ,91095135,高橋　周平,S.Takahashi,78.0,290.0,265.0,18.0,66.0,7.0,1.0,2.0,81.0,21.0,1.0,1,1.0,1.0,16.0,0,7.0,43.0,8.0,0.249,0.308,0.306,0.614,56.0,0.056999999999999995,0.059,0.365,5.517241379310345,14.827586206896552,0.37209302325581395,0.2895927601809955,0.2151,410.0,0.12075471698113208,0.5072463768115942,0.249,66.0,2.0,21.0,78.0,290.0,265.0,56.0,7.0,1.0,18.0,0.308,0.306,16.0,0,7.0,,81.0,1.0,1,1.0,1.0,,23.637010676156585,25.228
2022,CL,横浜DeNAベイスターズ,91095138,知野　直人,N.Chino,16.0,14.0,13.0,4.0,2.0,0.0,0.0,0.0,2.0,0.0,1,0,0.0,0.0,1.0,0,0.0,5.0,0.0,0.154,0.214,0.154,0.368,2.0,0.0,0.06,0.214,7.142857142857142,35.714285714285715,0.2,0.25,0.1348,265.3333333333333,0.07692307692307693,0.2727272727272727,0.154,2.0,0.0,0.0,16.0,14.0,13.0,2.0,0.0,0.0,4.0,0.214,0.154,1.0,0,0.0,,2.0,1,0,0.0,0.0,,0.42857142857142855,0.252
2022,CL,東京ヤクルトスワローズ,91095139,西浦　直亨,N.Nishiura,6.0,15.0,14.0,0.0,1.0,0.0,0.0,0.0,1.0,0.0,0.0,0,1.0,0.0,0.0,0,0.0,8.0,1.0,0.071,0.071,0.071,0.142,1.0,0.0,0.0,0.071,0.0,53.333333333333336,0.0,0.16666666666666666,0.049699999999999994,94.66666666666666,0.0,0.07142857142857142,0.071,1.0,0.0,0.0,6.0,15.0,14.0,1.0,0.0,0.0,0.0,0.071,0.071,0.0,0,0.0,,1.0,0.0,0,1.0,0.0,,0.07142857142857142,-0.774
2022,CL,阪神タイガース,91195119,糸井　嘉男,Y.Itoi,62.0,182.0,163.0,12.0,37.0,3.0,0.0,3.0,49.0,22.0,0.0,0,0.0,1.0,16.0,0,2.0,29.0,3.0,0.227,0.302,0.301,0.603,31.0,0.07399999999999998,0.07499999999999998,0.376,8.791208791208792,15.934065934065933,0.5517241379310345,0.25757575757575757,0.21115,402.3333333333333,0.17177914110429449,0.5193798449612403,0.227,37.0,3.0,22.0,62.0,182.0,163.0,31.0,3.0,0.0,12.0,0.302,0.301,16.0,0,2.0,,49.0,0.0,0,0.0,1.0,,14.508379888268156,15.572000000000001
2022,CL,中日ドラゴンズ,91195138,石橋　康太,K.Ishibashi,31.0,75.0,67.0,3.0,12.0,5.0,1.0,0.0,19.0,4.0,0.0,0,6.0,0.0,2.0,0,0.0,11.0,1.0,0.179,0.203,0.284,0.487,6.0,0.10499999999999998,0.02400000000000002,0.308,2.666666666666667,14.666666666666666,0.18181818181818182,0.21428571428571427,0.16235,297.6666666666667,0.13432835820895522,0.375,0.179,12.0,0.0,4.0,31.0,75.0,67.0,6.0,5.0,1.0,3.0,0.203,0.284,2.0,0,0.0,,19.0,0.0,0,6.0,0.0,,3.8550724637681157,2.9099999999999984
2022,CL,中日ドラゴンズ,91195151,石川　昂弥,T.Ishikawa,37.0,141.0,129.0,11.0,29.0,7.0,1.0,5.0,53.0,19.0,0.0,0,1.0,3.0,7.0,0,1.0,29.0,0.0,0.225,0.264,0.411,0.675,16.0,0.18599999999999997,0.03900000000000001,0.4499999999999999,4.964539007092199,20.56737588652482,0.2413793103448276,0.24489795918367346,0.22155,401.0,0.24031007751937986,0.61,0.225,29.0,5.0,19.0,37.0,141.0,129.0,16.0,7.0,1.0,11.0,0.264,0.411,7.0,0,1.0,,53.0,0.0,0,1.0,3.0,,14.029411764705882,14.119999999999997
2022,CL,東京ヤクルトスワローズ,91295155,竹山　日向,H.Takeyama,1.0,0.0,0.0,0.0,0.0,0.0,0.0,0.0,0.0,0.0,0.0,0,0.0,0.0,0.0,0,0.0,0.0,0.0,,,,0.0,0.0,0.0,0.0,,nan,nan,nan,nan,0.0,0.0,nan,nan,,0.0,0.0,0.0,1.0,0.0,0.0,0.0,0.0,0.0,0.0,,,0.0,0,0.0,,0.0,0.0,0,0.0,0.0,,nan,0.0
2022,CL,阪神タイガース,91395132,板山　祐太郎,Y.Itayama,14.0,9.0,8.0,0.0,1.0,0.0,0.0,0.0,1.0,0.0,0.0,0,0.0,0.0,1.0,0,0.0,4.0,0.0,0.125,0.222,0.125,0.347,1.0,0.0,0.097,0.222,11.11111111111111,44.44444444444444,0.25,0.25,0.13115,263.6666666666667,0.125,0.2857142857142857,0.125,1.0,0.0,0.0,14.0,9.0,8.0,1.0,0.0,0.0,0.0,0.222,0.125,1.0,0,0.0,,1.0,0.0,0,0.0,0.0,,0.2222222222222222,0.14400000000000002
2022,CL,阪神タイガース,91495134,長坂　拳弥,K.Nagasaka,27.0,46.0,40.0,2.0,7.0,1.0,1.0,0.0,10.0,1.0,0.0,0,6.0,0.0,0.0,0,0.0,16.0,2.0,0.175,0.175,0.25,0.425,5.0,0.07500000000000001,0.0,0.25,0.0,34.78260869565217,0.0,0.2916666666666667,0.14125,258.3333333333333,0.075,0.2857142857142857,0.175,7.0,0.0,1.0,27.0,46.0,40.0,5.0,1.0,1.0,2.0,0.175,0.25,0.0,0,0.0,,10.0,0.0,0,6.0,0.0,,1.75,1.0259999999999998
2022,CL,東京ヤクルトスワローズ,91495138,濱田　太貴,T.Hamada,73.0,148.0,141.0,12.0,29.0,5.0,1.0,6.0,54.0,14.0,0,1,1.0,0.0,6.0,0,0.0,34.0,5.0,0.206,0.238,0.383,0.621,17.0,0.17700000000000002,0.032,0.415,4.054054054054054,22.972972972972975,0.17647058823529413,0.22772277227722773,0.20285,365.6666666666667,0.22695035460992907,0.5213675213675214,0.206,29.0,6.0,14.0,73.0,148.0,141.0,17.0,5.0,1.0,12.0,0.238,0.383,6.0,0,0.0,,54.0,0,1,1.0,0.0,,12.857142857142858,12.964
2022,CL,阪神タイガース,91495151,西　純矢,J.Nishi,14.0,26.0,26.0,1.0,6.0,1.0,0.0,1.0,10.0,4.0,0.0,0,0.0,0.0,0.0,0,0.0,8.0,0.0,0.231,0.231,0.385,0.616,4.0,0.154,0.0,0.385,0.0,30.76923076923077,0.0,0.29411764705882354,0.2002,359.3333333333333,0.15384615384615385,0.5,0.231,6.0,1.0,4.0,14.0,26.0,26.0,4.0,1.0,0.0,1.0,0.231,0.385,0.0,0,0.0,,10.0,0.0,0,0.0,0.0,,2.3076923076923075,2.2
2022,CL,読売ジャイアンツ,91495153,戸田　懐生,N.Toda,14.0,0.0,0.0,0.0,0.0,0.0,0.0,0.0,0.0,0.0,0.0,0,0.0,0.0,0.0,0,0.0,0.0,0.0,,,,0.0,0.0,0.0,0.0,,nan,nan,nan,nan,0.0,0.0,nan,nan,,0.0,0.0,0.0,14.0,0.0,0.0,0.0,0.0,0.0,0.0,,,0.0,0,0.0,,0.0,0.0,0,0.0,0.0,,nan,0.0
2022,CL,読売ジャイアンツ,91595136,岸田　行倫,Y.Kishida,25.0,38.0,35.0,1.0,9.0,0.0,0.0,0.0,9.0,1.0,0.0,0,0.0,0.0,2.0,0,1.0,6.0,0.0,0.257,0.316,0.257,0.573,9.0,0.0,0.059,0.316,5.263157894736842,15.789473684210526,0.3333333333333333,0.3103448275862069,0.20645,401.6666666666667,0.05714285714285714,0.46153846153846156,0.257,9.0,0.0,1.0,25.0,38.0,35.0,9.0,0.0,0.0,1.0,0.316,0.257,2.0,0,1.0,,9.0,0.0,0,0.0,0.0,,2.675675675675676,2.942
2022,CL,中日ドラゴンズ,91595137,加藤　翔平,S.Katou,66.0,31.0,27.0,13.0,6.0,2.0,0.0,1.0,11.0,5.0,3,0,2.0,0.0,2.0,0,0.0,5.0,0.0,0.222,0.276,0.407,0.683,3.0,0.18499999999999997,0.05400000000000002,0.4609999999999999,6.451612903225806,16.129032258064516,0.4,0.23809523809523808,0.22595,411.6666666666667,0.25925925925925924,0.6190476190476191,0.222,6.0,1.0,5.0,66.0,31.0,27.0,3.0,2.0,0.0,13.0,0.276,0.407,2.0,0,0.0,,11.0,3,0,2.0,0.0,,3.0344827586206895,2.9819999999999998
2022,CL,東京ヤクルトスワローズ,91595139,奥村　展征,N.Okumura,43.0,44.0,41.0,5.0,6.0,0.0,0.0,0.0,6.0,2.0,0.0,0,1.0,0.0,2.0,0,0.0,16.0,0.0,0.146,0.186,0.146,0.33199999999999996,6.0,0.0,0.04000000000000001,0.186,4.545454545454546,36.36363636363637,0.125,0.24,0.1202,234.66666666666666,0.04878048780487805,0.22857142857142856,0.146,6.0,0.0,2.0,43.0,44.0,41.0,6.0,0.0,0.0,5.0,0.186,0.146,2.0,0,0.0,,6.0,0.0,0,1.0,0.0,,1.1162790697674418,0.22999999999999998
2022,CL,東京ヤクルトスワローズ,91595153,内山　壮真,S.Uchiyama,74.0,197.0,177.0,25.0,41.0,11.0,0.0,4.0,64.0,19.0,0.0,0,3.0,0.0,16.0,0,1.0,52.0,6.0,0.232,0.299,0.362,0.661,26.0,0.12999999999999998,0.06699999999999998,0.4289999999999999,8.121827411167512,26.39593908629442,0.3076923076923077,0.30578512396694213,0.22505,419.66666666666663,0.22033898305084745,0.5704225352112676,0.232,41.0,4.0,19.0,74.0,197.0,177.0,26.0,11.0,0.0,25.0,0.299,0.362,16.0,0,1.0,,64.0,0.0,0,3.0,0.0,,18.901554404145077,18.961999999999996
2022,CL,横浜DeNAベイスターズ,91695138,益子　京右,K.Mashiko,1.0,2.0,1.0,0.0,0.0,0.0,0.0,0.0,0.0,0.0,0.0,0,0.0,0.0,1.0,0,0.0,1.0,0.0,0.0,0.5,0.0,0.5,0.0,0.0,0.5,0.5,50.0,50.0,1.0,nan,0.225,500.0,1.0,1.0,0.0,0.0,0.0,0.0,1.0,2.0,1.0,0.0,0.0,0.0,0.0,0.5,0.0,1.0,0,0.0,,0.0,0.0,0,0.0,0.0,,0.0,0.232
2022,CL,東京ヤクルトスワローズ,91695153,並木　秀尊,H.Namiki,14.0,23.0,22.0,3.0,4.0,0.0,2.0,0.0,8.0,0.0,2,0,1.0,0.0,0.0,0,0.0,3.0,1.0,0.182,0.182,0.364,0.546,2.0,0.182,0.0,0.364,0.0,13.043478260869565,0.0,0.21052631578947367,0.1729,303.33333333333337,0.18181818181818182,0.42105263157894735,0.182,4.0,0.0,0.0,14.0,23.0,22.0,2.0,0.0,2.0,3.0,0.182,0.364,0.0,0,0.0,,8.0,2,0,1.0,0.0,,1.4545454545454546,1.316
2022,CL,横浜DeNAベイスターズ,91795130,倉本　寿彦,T.Kuramoto,44.0,54.0,52.0,3.0,9.0,0.0,0.0,1.0,12.0,2.0,0.0,0,1.0,0.0,1.0,0,0.0,12.0,0.0,0.173,0.189,0.231,0.42000000000000004,8.0,0.058000000000000024,0.016000000000000014,0.247,1.8518518518518516,22.22222222222222,0.08333333333333333,0.20512820512820512,0.1428,266.0,0.07692307692307693,0.3023255813953488,0.173,9.0,1.0,2.0,44.0,54.0,52.0,8.0,0.0,0.0,3.0,0.189,0.231,1.0,0,0.0,,12.0,0.0,0,1.0,0.0,,2.2641509433962264,1.5559999999999992
2022,CL,読売ジャイアンツ,91795139,小林　誠司,S.Kobayashi,60.0,91.0,88.0,4.0,13.0,5.0,0.0,0.0,18.0,5.0,0.0,0,2.0,0.0,1.0,0,0.0,20.0,2.0,0.148,0.157,0.205,0.362,8.0,0.056999999999999995,0.009000000000000008,0.214,1.098901098901099,21.978021978021978,0.05,0.19117647058823528,0.12190000000000001,225.33333333333334,0.06818181818181818,0.24675324675324675,0.148,13.0,0.0,5.0,60.0,91.0,88.0,8.0,5.0,0.0,4.0,0.157,0.205,1.0,0,0.0,,18.0,0.0,0,2.0,0.0,,2.831460674157303,0.5799999999999992
2022,CL,阪神タイガース,91795151,及川　雅貴,M.Oyokawa,1.0,0.0,0.0,0.0,0.0,0.0,0.0,0.0,0.0,0.0,0.0,0,0.0,0.0,0.0,0,0.0,0.0,0.0,,,,0.0,0.0,0.0,0.0,,nan,nan,nan,nan,0.0,0.0,nan,nan,,0.0,0.0,0.0,1.0,0.0,0.0,0.0,0.0,0.0,0.0,,,0.0,0,0.0,,0.0,0.0,0,0.0,0.0,,nan,0.0
2022,CL,広島東洋カープ,91895130,薮田　和樹,K.Yabuta,18.0,0.0,0.0,0.0,0.0,0.0,0.0,0.0,0.0,0.0,0.0,0,0.0,0.0,0.0,0,0.0,0.0,0.0,,,,0.0,0.0,0.0,0.0,,nan,nan,nan,nan,0.0,0.0,nan,nan,,0.0,0.0,0.0,18.0,0.0,0.0,0.0,0.0,0.0,0.0,,,0.0,0,0.0,,0.0,0.0,0,0.0,0.0,,nan,0.0
2022,CL,東京ヤクルトスワローズ,91895133,山田　哲人,T.Yamada,130.0,540.0,469.0,69.0,114.0,31.0,0.0,23.0,214.0,65.0,10,2,0.0,5.0,60.0,0,6.0,140.0,7.0,0.243,0.333,0.456,0.789,60.0,0.21300000000000002,0.09000000000000002,0.546,11.11111111111111,25.925925925925924,0.42857142857142855,0.29260450160771706,0.26385000000000003,485.0,0.34541577825159914,0.7790055248618785,0.243,114.0,23.0,65.0,130.0,540.0,469.0,60.0,31.0,0.0,69.0,0.333,0.456,60.0,0,6.0,,214.0,10,2,0.0,5.0,,70.38941398865785,72.78999999999999
2022,CL,横浜DeNAベイスターズ,91895136,宮本　秀明,S.Miyamoto,29.0,39.0,36.0,6.0,5.0,0.0,2.0,1.0,12.0,2.0,0.0,0,1.0,0.0,2.0,0,0.0,8.0,2.0,0.139,0.184,0.333,0.517,2.0,0.194,0.044999999999999984,0.378,5.128205128205128,20.51282051282051,0.25,0.14814814814814814,0.16605,295.0,0.25,0.42424242424242425,0.139,5.0,1.0,2.0,29.0,39.0,36.0,2.0,0.0,2.0,6.0,0.184,0.333,2.0,0,0.0,,12.0,0.0,0,1.0,0.0,,2.210526315789474,2.1419999999999995
2022,CL,広島東洋カープ,91995131,長野　久義,H.Chouno,58.0,134.0,123.0,11.0,26.0,5.0,0.0,3.0,40.0,15.0,2,0,0.0,1.0,10.0,0,0.0,34.0,3.0,0.211,0.269,0.325,0.5940000000000001,18.0,0.11400000000000002,0.058000000000000024,0.383,7.462686567164178,25.37313432835821,0.29411764705882354,0.26436781609195403,0.2023,377.33333333333337,0.1951219512195122,0.5,0.211,26.0,3.0,15.0,58.0,134.0,123.0,18.0,5.0,0.0,11.0,0.269,0.325,10.0,0,0.0,,40.0,2,0,0.0,1.0,,10.827067669172932,10.714000000000002
2022,CL,横浜DeNAベイスターズ,91995134,佐野　恵太,K.Sano,133.0,574.0,526.0,63.0,161.0,29.0,1.0,22.0,258.0,72.0,2,1,0.0,1.0,43.0,0,4.0,57.0,14.0,0.306,0.362,0.49,0.852,109.0,0.184,0.055999999999999994,0.546,7.491289198606271,9.930313588850174,0.7543859649122807,0.31026785714285715,0.2854,525.3333333333334,0.26806083650190116,0.8073878627968337,0.306,161.0,22.0,72.0,133.0,574.0,526.0,109.0,29.0,1.0,63.0,0.362,0.49,43.0,0,4.0,,258.0,2,1,0.0,1.0,,92.49912126537785,88.02000000000001
2022,CL,阪神タイガース,91995136,島田　海吏,K.Shimada,123.0,339.0,311.0,36.0,82.0,7.0,2.0,0.0,93.0,17.0,21,5,9.0,1.0,15.0,0,3.0,56.0,3.0,0.264,0.303,0.299,0.602,73.0,0.034999999999999976,0.03899999999999998,0.3379999999999999,4.424778761061947,16.519174041297934,0.26785714285714285,0.3203125,0.2111,402.6666666666667,0.09967845659163987,0.5,0.264,82.0,0.0,17.0,123.0,339.0,311.0,73.0,7.0,2.0,36.0,0.303,0.299,15.0,0,3.0,,93.0,21,5,9.0,1.0,,27.671779141104295,28.017999999999994
2022,CL,中日ドラゴンズ,91995139,祖父江　大輔,D.Sobue,46.0,0.0,0.0,0.0,0.0,0.0,0.0,0.0,0.0,0.0,0.0,0,0.0,0.0,0.0,0,0.0,0.0,0.0,,,,0.0,0.0,0.0,0.0,,nan,nan,nan,nan,0.0,0.0,nan,nan,,0.0,0.0,0.0,46.0,0.0,0.0,0.0,0.0,0.0,0.0,,,0.0,0,0.0,,0.0,0.0,0,0.0,0.0,,nan,0.0
2022,CL,広島東洋カープ,91995153,栗林　良吏,R.Kuribayashi,48.0,0.0,0.0,0.0,0.0,0.0,0.0,0.0,0.0,0.0,0.0,0,0.0,0.0,0.0,0,0.0,0.0,0.0,,,,0.0,0.0,0.0,0.0,,nan,nan,nan,nan,0.0,0.0,nan,nan,,0.0,0.0,0.0,48.0,0.0,0.0,0.0,0.0,0.0,0.0,,,0.0,0,0.0,,0.0,0.0,0,0.0,0.0,,nan,0.0
2022,CL,阪神タイガース,93195132,山本　泰寛,Y.Yamamoto,86.0,203.0,181.0,19.0,45.0,4.0,0.0,2.0,55.0,15.0,3.0,3,10.0,1.0,10.0,0,1.0,42.0,1.0,0.249,0.29,0.304,0.594,39.0,0.05499999999999999,0.04099999999999998,0.345,4.926108374384237,20.689655172413794,0.23809523809523808,0.3115942028985507,0.20650000000000002,391.3333333333333,0.1270718232044199,0.5036496350364964,0.249,45.0,2.0,15.0,86.0,203.0,181.0,39.0,4.0,0.0,19.0,0.29,0.304,10.0,0,1.0,,55.0,3.0,3,10.0,1.0,,15.837696335078535,16.101999999999997
2022,CL,横浜DeNAベイスターズ,93195134,森原　康平,K.Morihara,6.0,0.0,0.0,0.0,0.0,0.0,0.0,0.0,0.0,0.0,0.0,0,0.0,0.0,0.0,0,0.0,0.0,0.0,,,,0.0,0.0,0.0,0.0,,nan,nan,nan,nan,0.0,0.0,nan,nan,,0.0,0.0,0.0,6.0,0.0,0.0,0.0,0.0,0.0,0.0,,,0.0,0,0.0,,0.0,0.0,0,0.0,0.0,,nan,0.0
2022,CL,東京ヤクルトスワローズ,93195136,山本　大貴,D.Yamamoto,5.0,1.0,1.0,0.0,0.0,0.0,0.0,0.0,0.0,0.0,0.0,0,0.0,0.0,0.0,0,0.0,0.0,0.0,0.0,0.0,0.0,0.0,0.0,0.0,0.0,0.0,0.0,0.0,nan,0.0,0.0,0.0,0.0,0.0,0.0,0.0,0.0,0.0,5.0,1.0,1.0,0.0,0.0,0.0,0.0,0.0,0.0,0.0,0,0.0,,0.0,0.0,0,0.0,0.0,,0.0,-0.098
2022,CL,東京ヤクルトスワローズ,93195155,丸山　和郁,K.Maruyama,71.0,97.0,90.0,14.0,21.0,4.0,0.0,1.0,28.0,9.0,2,3,4.0,0.0,1.0,0,2.0,25.0,2.0,0.233,0.258,0.311,0.569,16.0,0.07799999999999999,0.024999999999999994,0.3359999999999999,1.0309278350515463,25.773195876288657,0.04,0.3125,0.19385000000000002,361.6666666666667,0.12222222222222222,0.4788732394366197,0.233,21.0,1.0,9.0,71.0,97.0,90.0,16.0,4.0,0.0,14.0,0.258,0.311,1.0,0,2.0,,28.0,2,3,4.0,0.0,,6.769230769230769,7.087999999999997
2022,CL,読売ジャイアンツ,93295155,M.シューメーカー,M.Shoemaker,18.0,28.0,27.0,1.0,2.0,0.0,0.0,0.0,2.0,1.0,0.0,0,1.0,0.0,0.0,0,0.0,14.0,0.0,0.074,0.074,0.074,0.148,2.0,0.0,0.0,0.074,0.0,50.0,0.0,0.15384615384615385,0.0518,98.66666666666667,0.0,0.08,0.074,2.0,0.0,1.0,18.0,28.0,27.0,2.0,0.0,0.0,1.0,0.074,0.074,0.0,0,0.0,,2.0,0.0,0,1.0,0.0,,0.14814814814814814,-1.4500000000000002
2022,CL,阪神タイガース,93395136,渡邉　雄大,Y.Watanabe,32.0,0.0,0.0,0.0,0.0,0.0,0.0,0.0,0.0,0.0,0.0,0,0.0,0.0,0.0,0,0.0,0.0,0.0,,,,0.0,0.0,0.0,0.0,,nan,nan,nan,nan,0.0,0.0,nan,nan,,0.0,0.0,0.0,32.0,0.0,0.0,0.0,0.0,0.0,0.0,,,0.0,0,0.0,,0.0,0.0,0,0.0,0.0,,nan,0.0
2022,CL,阪神タイガース,93395151,J.ガンケル,J.Gunkel,16.0,27.0,24.0,1.0,7.0,2.0,0.0,0.0,9.0,2.0,0.0,0,2.0,0.0,1.0,0,0.0,10.0,0.0,0.292,0.32,0.375,0.6950000000000001,5.0,0.08300000000000002,0.028000000000000025,0.403,3.7037037037037033,37.03703703703704,0.1,0.5,0.23775000000000002,445.0,0.125,0.5882352941176471,0.292,7.0,0.0,2.0,16.0,27.0,24.0,5.0,2.0,0.0,1.0,0.32,0.375,1.0,0,0.0,,9.0,0.0,0,2.0,0.0,,2.88,2.603999999999999
2022,CL,広島東洋カープ,93395153,矢野　雅哉,M.Yano,55.0,78.0,67.0,11.0,13.0,0.0,0.0,2.0,19.0,5.0,0,1,3.0,0.0,7.0,0,1.0,21.0,0.0,0.194,0.28,0.284,0.5640000000000001,11.0,0.08999999999999997,0.08600000000000002,0.37,8.974358974358974,26.923076923076923,0.3333333333333333,0.25,0.197,374.6666666666667,0.208955223880597,0.5185185185185185,0.194,13.0,2.0,5.0,55.0,78.0,67.0,11.0,0.0,0.0,11.0,0.28,0.284,7.0,0,1.0,,19.0,0,1,3.0,0.0,,5.135135135135135,5.9079999999999995
2022,CL,広島東洋カープ,93395155,森　翔平,S.Mori,8.0,2.0,1.0,0.0,0.0,0.0,0.0,0.0,0.0,0.0,0.0,0,1.0,0.0,0.0,0,0.0,1.0,0.0,0.0,0.0,0.0,0.0,0.0,0.0,0.0,0.0,0.0,50.0,0.0,nan,0.0,0.0,0.0,0.0,0.0,0.0,0.0,0.0,8.0,2.0,1.0,0.0,0.0,0.0,0.0,0.0,0.0,0.0,0,0.0,,0.0,0.0,0,1.0,0.0,,0.0,-0.098
2022,CL,横浜DeNAベイスターズ,93495155,R.ガゼルマン,R.Gsellman,4.0,6.0,6.0,0.0,0.0,0.0,0.0,0.0,0.0,0.0,0.0,0,0.0,0.0,0.0,0,0.0,3.0,0.0,0.0,0.0,0.0,0.0,0.0,0.0,0.0,0.0,0.0,50.0,0.0,0.0,0.0,0.0,0.0,0.0,0.0,0.0,0.0,0.0,4.0,6.0,6.0,0.0,0.0,0.0,0.0,0.0,0.0,0.0,0,0.0,,0.0,0.0,0,0.0,0.0,,0.0,-0.5880000000000001
2022,CL,読売ジャイアンツ,93795138,R.デラロサ,R.Rosa,30.0,1.0,1.0,0.0,0.0,0.0,0.0,0.0,0.0,0.0,0.0,0,0.0,0.0,0.0,0,0.0,0.0,0.0,0.0,0.0,0.0,0.0,0.0,0.0,0.0,0.0,0.0,0.0,nan,0.0,0.0,0.0,0.0,0.0,0.0,0.0,0.0,0.0,30.0,1.0,1.0,0.0,0.0,0.0,0.0,0.0,0.0,0.0,0,0.0,,0.0,0.0,0,0.0,0.0,,0.0,-0.098
2022,CL,読売ジャイアンツ,93795151,T.ビエイラ,T.Vieira,9.0,0.0,0.0,0.0,0.0,0.0,0.0,0.0,0.0,0.0,0.0,0,0.0,0.0,0.0,0,0.0,0.0,0.0,,,,0.0,0.0,0.0,0.0,,nan,nan,nan,nan,0.0,0.0,nan,nan,,0.0,0.0,0.0,9.0,0.0,0.0,0.0,0.0,0.0,0.0,,,0.0,0,0.0,,0.0,0.0,0,0.0,0.0,,nan,0.0
2022,CL,阪神タイガース,93795155,A.ウィルカーソン,A.Wilkerson,14.0,18.0,15.0,0.0,1.0,0.0,0.0,0.0,1.0,1.0,0.0,0,3.0,0.0,0.0,0,0.0,7.0,0.0,0.067,0.067,0.067,0.134,1.0,0.0,0.0,0.067,0.0,38.88888888888889,0.0,0.125,0.046900000000000004,89.33333333333333,0.0,0.07142857142857142,0.067,1.0,0.0,1.0,14.0,18.0,15.0,1.0,0.0,0.0,0.0,0.067,0.067,0.0,0,0.0,,1.0,0.0,0,3.0,0.0,,0.06666666666666667,-0.8720000000000001
