year,league,team,player_id,player_name_ja,player_name_en,G,PA,AB,R,H,2B,3B,HR,TB,RBI,SB,CS,SH,SF,BB,IBB,HBP,SO,GDP,AVG,OBP,SLG,OPS,1B,IsoP,IsoD,IOPS,BB%,K%,BB/K,BABIP,GPA,NOI,SecA,TA,打率,安打,本塁打,打点,試合,打席,打数,単打,二塁打,三塁打,得点,出塁率,長打率,四球,敬遠,死球,三振,塁打,盗塁,盗塁死,犠打,犠飛,併殺打,RC,XR
1991,CL,横浜DeNAベイスターズ,1003864,宮下　嗣朗,S.Miyashita,6.0,4.0,3.0,0.0,1.0,0.0,0.0,0.0,1.0,0.0,1.0,0,0.0,0.0,1.0,0,0.0,0.0,0.0,0.333,0.5,0.333,0.833,1.0,0.0,0.16699999999999998,0.5,25.0,0.0,nan,0.3333333333333333,0.30825,611.0,0.6666666666666666,1.5,0.333,1.0,0.0,0.0,6.0,4.0,3.0,1.0,0.0,0.0,0.0,0.5,0.333,1.0,0,0.0,,1.0,1.0,0,0.0,0.0,,0.5,0.8140000000000001
1991,CL,阪神タイガース,11013847,真弓　明信,A.Mayumi,102.0,319.0,288.0,38.0,77.0,9.0,0.0,17.0,137.0,61.0,1,0,0.0,1.0,30.0,0,0.0,46.0,12.0,0.267,0.335,0.476,0.8109999999999999,51.0,0.20899999999999996,0.068,0.544,9.404388714733543,14.420062695924765,0.6521739130434783,0.26548672566371684,0.26975000000000005,493.6666666666667,0.3125,0.7488789237668162,0.267,77.0,17.0,61.0,102.0,319.0,288.0,51.0,9.0,0.0,38.0,0.335,0.476,30.0,0,0.0,,137.0,1,0,0.0,1.0,,46.09748427672956,45.682
1991,CL,阪神タイガース,11013848,吉田　博之,H.Yoshida,40.0,60.0,55.0,3.0,12.0,4.0,0.0,1.0,19.0,1.0,0.0,0,0.0,0.0,5.0,0,0.0,6.0,3.0,0.218,0.283,0.345,0.6279999999999999,7.0,0.12699999999999997,0.06499999999999997,0.4099999999999999,8.333333333333332,10.0,0.8333333333333334,0.22916666666666666,0.21359999999999998,397.99999999999994,0.21818181818181817,0.5217391304347826,0.218,12.0,1.0,1.0,40.0,60.0,55.0,7.0,4.0,0.0,3.0,0.283,0.345,5.0,0,0.0,,19.0,0.0,0,0.0,0.0,,5.383333333333334,5.256
1991,CL,阪神タイガース,11013862,西川　佳明,Y.Nishikawa,7.0,1.0,1.0,0.0,0.0,0.0,0.0,0.0,0.0,0.0,0.0,0,0.0,0.0,0.0,0,0.0,0.0,0.0,0.0,0.0,0.0,0.0,0.0,0.0,0.0,0.0,0.0,0.0,nan,0.0,0.0,0.0,0.0,0.0,0.0,0.0,0.0,0.0,7.0,1.0,1.0,0.0,0.0,0.0,0.0,0.0,0.0,0.0,0,0.0,,0.0,0.0,0,0.0,0.0,,0.0,-0.098
1991,CL,読売ジャイアンツ,1103860,井上　真二,S.Inoue,21.0,24.0,23.0,0.0,1.0,0.0,0.0,0.0,1.0,0.0,0.0,0,0.0,0.0,1.0,0,0.0,9.0,2.0,0.043,0.083,0.043,0.126,1.0,0.0,0.04000000000000001,0.083,4.166666666666666,37.5,0.1111111111111111,0.07142857142857142,0.048100000000000004,97.33333333333334,0.043478260869565216,0.08333333333333333,0.043,1.0,0.0,0.0,21.0,24.0,23.0,1.0,0.0,0.0,0.0,0.083,0.043,1.0,0,0.0,,1.0,0.0,0,0.0,0.0,,0.08333333333333333,-1.326
1991,CL,阪神タイガース,1103864,猪俣　隆,T.Inomata,29.0,60.0,58.0,2.0,4.0,0.0,0.0,0.0,4.0,0.0,0.0,0,2.0,0.0,0.0,0,0.0,30.0,0.0,0.069,0.069,0.069,0.138,4.0,0.0,0.0,0.069,0.0,50.0,0.0,0.14285714285714285,0.04830000000000001,92.00000000000001,0.0,0.07407407407407407,0.069,4.0,0.0,0.0,29.0,60.0,58.0,4.0,0.0,0.0,2.0,0.069,0.069,0.0,0,0.0,,4.0,0.0,0,2.0,0.0,,0.27586206896551724,-3.292
1991,CL,阪神タイガース,11213864,八木　裕,H.Yagi,130.0,524.0,472.0,60.0,118.0,12.0,1.0,22.0,198.0,64.0,11,1,0.0,4.0,43.0,0,5.0,113.0,13.0,0.25,0.317,0.419,0.736,83.0,0.16899999999999998,0.067,0.486,8.206106870229007,21.564885496183205,0.3805309734513274,0.28152492668621704,0.2474,456.6666666666667,0.2627118644067797,0.6730245231607629,0.25,118.0,22.0,64.0,130.0,524.0,472.0,83.0,12.0,1.0,60.0,0.317,0.419,43.0,0,5.0,,198.0,11,1,0.0,4.0,,61.89902912621359,64.18800000000002
1991,CL,横浜DeNAベイスターズ,11213867,畠山　準,H.Hatayama,39.0,75.0,69.0,10.0,22.0,9.0,1.0,2.0,39.0,11.0,2,0,1.0,0.0,5.0,0,0.0,12.0,1.0,0.319,0.365,0.565,0.9299999999999999,10.0,0.24599999999999994,0.045999999999999985,0.611,6.666666666666667,16.0,0.4166666666666667,0.36363636363636365,0.3055,553.3333333333334,0.3188405797101449,0.9166666666666666,0.319,22.0,2.0,11.0,39.0,75.0,69.0,10.0,9.0,1.0,10.0,0.365,0.565,5.0,0,0.0,,39.0,2,0,1.0,0.0,,14.22972972972973,12.443999999999997
1991,CL,中日ドラゴンズ,11313863,石本　貴昭,Y.Ishimoto,4.0,0.0,0.0,0.0,0.0,0.0,0.0,0.0,0.0,0.0,0.0,0,0.0,0.0,0.0,0,0.0,0.0,0.0,,,,0.0,0.0,0.0,0.0,,nan,nan,nan,nan,0.0,0.0,nan,nan,,0.0,0.0,0.0,4.0,0.0,0.0,0.0,0.0,0.0,0.0,,,0.0,0,0.0,,0.0,0.0,0,0.0,0.0,,nan,0.0
1991,CL,横浜DeNAベイスターズ,11313864,大野　雄次,Y.Oono,49.0,137.0,117.0,17.0,27.0,6.0,0.0,4.0,45.0,19.0,0.0,0,2.0,2.0,15.0,0,1.0,18.0,2.0,0.231,0.319,0.385,0.704,17.0,0.154,0.088,0.473,10.948905109489052,13.138686131386862,0.8333333333333334,0.23711340206185566,0.2398,447.33333333333337,0.28205128205128205,0.6630434782608695,0.231,27.0,4.0,19.0,49.0,137.0,117.0,17.0,6.0,0.0,17.0,0.319,0.385,15.0,0,1.0,,45.0,0.0,0,2.0,2.0,,14.318181818181818,15.04
1991,CL,阪神タイガース,11313866,野田　浩司,K.Noda,32.0,75.0,69.0,1.0,7.0,3.0,0.0,0.0,10.0,1.0,0.0,0,5.0,0.0,1.0,0,0.0,37.0,0.0,0.101,0.114,0.145,0.259,4.0,0.043999999999999984,0.012999999999999998,0.1579999999999999,1.3333333333333335,49.333333333333336,0.02702702702702703,0.21875,0.08755,162.33333333333334,0.057971014492753624,0.1774193548387097,0.101,7.0,0.0,1.0,32.0,75.0,69.0,4.0,3.0,0.0,1.0,0.114,0.145,1.0,0,0.0,,10.0,0.0,0,5.0,0.0,,1.1428571428571428,-1.5860000000000003
1991,CL,中日ドラゴンズ,11313883,小島　弘務,H.Kojima,29.0,32.0,26.0,1.0,1.0,0.0,0.0,0.0,1.0,0.0,0.0,0,5.0,0.0,1.0,0,0.0,18.0,0.0,0.038,0.074,0.038,0.11199999999999999,1.0,0.0,0.036,0.074,3.125,56.25,0.05555555555555555,0.125,0.0428,86.66666666666667,0.038461538461538464,0.08,0.038,1.0,0.0,0.0,29.0,32.0,26.0,1.0,0.0,0.0,1.0,0.074,0.038,1.0,0,0.0,,1.0,0.0,0,5.0,0.0,,0.07407407407407407,-1.62
1991,CL,東京ヤクルトスワローズ,11413843,八重樫　幸雄,Y.Yaegashi,38.0,38.0,33.0,0.0,9.0,1.0,0.0,0.0,10.0,7.0,0.0,0,0.0,0.0,5.0,0,0.0,5.0,3.0,0.273,0.368,0.303,0.671,8.0,0.02999999999999997,0.09499999999999997,0.3979999999999999,13.157894736842104,13.157894736842104,1.0,0.32142857142857145,0.24135,469.0,0.18181818181818182,0.5555555555555556,0.273,9.0,0.0,7.0,38.0,38.0,33.0,8.0,1.0,0.0,0.0,0.368,0.303,5.0,0,0.0,,10.0,0.0,0,0.0,0.0,,3.6842105263157894,4.018
1991,CL,中日ドラゴンズ,11413863,山中　潔,K.Yamanaka,31.0,75.0,67.0,5.0,11.0,1.0,0.0,1.0,15.0,2.0,0,1,3.0,0.0,4.0,0,1.0,7.0,2.0,0.164,0.222,0.224,0.446,9.0,0.06,0.057999999999999996,0.282,5.333333333333334,9.333333333333334,0.5714285714285714,0.1694915254237288,0.1559,296.6666666666667,0.13432835820895522,0.3620689655172414,0.164,11.0,1.0,2.0,31.0,75.0,67.0,9.0,1.0,0.0,5.0,0.222,0.224,4.0,0,1.0,,15.0,0,1,3.0,0.0,,3.1690140845070425,3.002
1991,CL,読売ジャイアンツ,11513862,桑田　真澄,M.Kuwata,32.0,90.0,78.0,8.0,19.0,6.0,1.0,1.0,30.0,11.0,0.0,0,7.0,2.0,3.0,0,0.0,27.0,1.0,0.244,0.265,0.385,0.65,11.0,0.14100000000000001,0.02100000000000002,0.406,3.3333333333333335,30.0,0.1111111111111111,0.34615384615384615,0.21550000000000002,393.3333333333333,0.1794871794871795,0.55,0.244,19.0,1.0,11.0,32.0,90.0,78.0,11.0,6.0,1.0,8.0,0.265,0.385,3.0,0,0.0,,30.0,0.0,0,7.0,2.0,,8.148148148148149,7.507999999999999
1991,CL,横浜DeNAベイスターズ,11513863,片岡　光宏,M.Kataoka,7.0,6.0,4.0,0.0,0.0,0.0,0.0,0.0,0.0,0.0,0.0,0,0.0,0.0,2.0,0,0.0,2.0,0.0,0.0,0.333,0.0,0.333,0.0,0.0,0.333,0.333,33.33333333333333,33.33333333333333,1.0,0.0,0.14985,333.0,0.5,0.5,0.0,0.0,0.0,0.0,7.0,6.0,4.0,0.0,0.0,0.0,0.0,0.333,0.0,2.0,0,0.0,,0.0,0.0,0,0.0,0.0,,0.0,0.268
1991,CL,読売ジャイアンツ,11513864,佐藤　洋,H.Satou,30.0,56.0,52.0,9.0,17.0,2.0,1.0,1.0,24.0,4.0,1,0,1.0,0.0,2.0,0,1.0,11.0,1.0,0.327,0.364,0.462,0.8260000000000001,13.0,0.135,0.03699999999999998,0.499,3.571428571428571,19.642857142857142,0.18181818181818182,0.4,0.2793,518.0,0.17307692307692307,0.75,0.327,17.0,1.0,4.0,30.0,56.0,52.0,13.0,2.0,1.0,9.0,0.364,0.462,2.0,0,1.0,,24.0,1,0,1.0,0.0,,8.444444444444445,7.98
1991,CL,横浜DeNAベイスターズ,11513866,大川　隆哉,R.Ookawa,12.0,17.0,15.0,1.0,2.0,0.0,0.0,0.0,2.0,0.0,0.0,0,0.0,0.0,2.0,0,0.0,2.0,0.0,0.133,0.235,0.133,0.368,2.0,0.0,0.10199999999999998,0.235,11.76470588235294,11.76470588235294,1.0,0.15384615384615385,0.139,279.3333333333333,0.13333333333333333,0.3076923076923077,0.133,2.0,0.0,0.0,12.0,17.0,15.0,2.0,0.0,0.0,1.0,0.235,0.133,2.0,0,0.0,,2.0,0.0,0,0.0,0.0,,0.47058823529411764,0.3860000000000001
1991,CL,広島東洋カープ,11513869,清川　栄治,E.Kiyokawa,6.0,0.0,0.0,0.0,0.0,0.0,0.0,0.0,0.0,0.0,0.0,0,0.0,0.0,0.0,0,0.0,0.0,0.0,,,,0.0,0.0,0.0,0.0,,nan,nan,nan,nan,0.0,0.0,nan,nan,,0.0,0.0,0.0,6.0,0.0,0.0,0.0,0.0,0.0,0.0,,,0.0,0,0.0,,0.0,0.0,0,0.0,0.0,,nan,0.0
1991,CL,東京ヤクルトスワローズ,11513883,岡林　洋一,Y.Okabayashi,45.0,28.0,26.0,2.0,3.0,0.0,0.0,0.0,3.0,1.0,0.0,0,2.0,0.0,0.0,0,0.0,14.0,0.0,0.115,0.115,0.115,0.23,3.0,0.0,0.0,0.115,0.0,50.0,0.0,0.25,0.0805,153.33333333333334,0.0,0.13043478260869565,0.115,3.0,0.0,1.0,45.0,28.0,26.0,3.0,0.0,0.0,2.0,0.115,0.115,0.0,0,0.0,,3.0,0.0,0,2.0,0.0,,0.34615384615384615,-0.754
1991,CL,東京ヤクルトスワローズ,11613881,古田　敦也,A.Furuta,128.0,485.0,412.0,58.0,140.0,23.0,5.0,11.0,206.0,50.0,4,5,4.0,3.0,62.0,0,4.0,59.0,10.0,0.34,0.428,0.5,0.9279999999999999,101.0,0.15999999999999998,0.08799999999999997,0.588,12.783505154639174,12.164948453608247,1.0508474576271187,0.3739130434782609,0.3176,594.6666666666666,0.32281553398058255,0.9822695035460993,0.34,140.0,11.0,50.0,128.0,485.0,412.0,101.0,23.0,5.0,58.0,0.428,0.5,62.0,0,4.0,,206.0,4,5,4.0,3.0,,87.78902953586498,84.12400000000001
1991,CL,阪神タイガース,11713842,高橋　慶彦,Y.Takahashi,57.0,139.0,126.0,14.0,26.0,4.0,0.0,0.0,30.0,2.0,6,2,3.0,0.0,10.0,0,0.0,17.0,2.0,0.206,0.265,0.238,0.503,22.0,0.032,0.059000000000000025,0.297,7.194244604316546,12.23021582733813,0.5882352941176471,0.23853211009174313,0.17875000000000002,344.3333333333333,0.12698412698412698,0.4117647058823529,0.206,26.0,0.0,2.0,57.0,139.0,126.0,22.0,4.0,0.0,14.0,0.265,0.238,10.0,0,0.0,,30.0,6,2,3.0,0.0,,7.9411764705882355,7.739999999999998
1991,CL,読売ジャイアンツ,11713863,鴻野　淳基,J.Kouno,57.0,65.0,60.0,17.0,18.0,3.0,1.0,2.0,29.0,6.0,3,0,2.0,0.0,2.0,0,0.0,21.0,1.0,0.3,0.323,0.483,0.806,12.0,0.183,0.02300000000000002,0.506,3.076923076923077,32.30769230769231,0.09523809523809523,0.43243243243243246,0.2661,484.0,0.21666666666666667,0.7209302325581395,0.3,18.0,2.0,6.0,57.0,65.0,60.0,12.0,3.0,1.0,17.0,0.323,0.483,2.0,0,0.0,,29.0,3,0,2.0,0.0,,9.35483870967742,8.623999999999999
1991,CL,阪神タイガース,11713865,住友　一哉,K.Sumitomo,1.0,0.0,0.0,0.0,0.0,0.0,0.0,0.0,0.0,0.0,0.0,0,0.0,0.0,0.0,0,0.0,0.0,0.0,,,,0.0,0.0,0.0,0.0,,nan,nan,nan,nan,0.0,0.0,nan,nan,,0.0,0.0,0.0,1.0,0.0,0.0,0.0,0.0,0.0,0.0,,,0.0,0,0.0,,0.0,0.0,0,0.0,0.0,,nan,0.0
1991,CL,広島東洋カープ,11713866,川島　堅,K.Kawashima,1.0,2.0,1.0,0.0,0.0,0.0,0.0,0.0,0.0,0.0,0.0,0,0.0,0.0,1.0,0,0.0,1.0,0.0,0.0,0.5,0.0,0.5,0.0,0.0,0.5,0.5,50.0,50.0,1.0,nan,0.225,500.0,1.0,1.0,0.0,0.0,0.0,0.0,1.0,2.0,1.0,0.0,0.0,0.0,0.0,0.5,0.0,1.0,0,0.0,,0.0,0.0,0,0.0,0.0,,0.0,0.232
1991,CL,阪神タイガース,11713883,湯舟　敏郎,T.Yufune,24.0,37.0,29.0,0.0,1.0,0.0,0.0,0.0,1.0,1.0,0.0,0,4.0,0.0,4.0,0,0.0,17.0,1.0,0.034,0.152,0.034,0.186,1.0,0.0,0.118,0.152,10.81081081081081,45.94594594594595,0.23529411764705882,0.08333333333333333,0.0769,163.33333333333334,0.13793103448275862,0.1724137931034483,0.034,1.0,0.0,1.0,24.0,37.0,29.0,1.0,0.0,0.0,0.0,0.152,0.034,4.0,0,0.0,,1.0,0.0,0,4.0,0.0,,0.15151515151515152,-0.9240000000000002
1991,CL,読売ジャイアンツ,11813868,四條　稔,M.Yojou,15.0,24.0,22.0,3.0,2.0,1.0,0.0,1.0,6.0,1.0,0.0,0,0.0,0.0,2.0,0,0.0,7.0,0.0,0.091,0.167,0.273,0.44000000000000006,0.0,0.18200000000000002,0.07600000000000001,0.349,8.333333333333332,29.166666666666668,0.2857142857142857,0.07142857142857142,0.14340000000000003,258.0,0.2727272727272727,0.4,0.091,2.0,1.0,1.0,15.0,24.0,22.0,0.0,1.0,0.0,3.0,0.167,0.273,2.0,0,0.0,,6.0,0.0,0,0.0,0.0,,1.0,0.8600000000000003
1991,CL,読売ジャイアンツ,11913866,呂　明賜,M.Ro,9.0,20.0,16.0,0.0,4.0,1.0,1.0,0.0,7.0,3.0,1,0,0.0,1.0,2.0,0,1.0,5.0,0.0,0.25,0.35,0.438,0.788,2.0,0.188,0.09999999999999998,0.538,10.0,25.0,0.4,0.3333333333333333,0.267,496.0,0.3125,0.8333333333333334,0.25,4.0,0.0,3.0,9.0,20.0,16.0,2.0,1.0,1.0,0.0,0.35,0.438,2.0,0,1.0,,7.0,1,0,0.0,1.0,,2.3333333333333335,2.574
1991,CL,広島東洋カープ,13013868,近藤　芳久,Y.Kondou,33.0,3.0,3.0,0.0,0.0,0.0,0.0,0.0,0.0,0.0,0.0,0,0.0,0.0,0.0,0,0.0,2.0,0.0,0.0,0.0,0.0,0.0,0.0,0.0,0.0,0.0,0.0,66.66666666666666,0.0,0.0,0.0,0.0,0.0,0.0,0.0,0.0,0.0,0.0,33.0,3.0,3.0,0.0,0.0,0.0,0.0,0.0,0.0,0.0,0,0.0,,0.0,0.0,0,0.0,0.0,,0.0,-0.29400000000000004
1991,CL,横浜DeNAベイスターズ,1303844,斉藤　明夫,A.Saitou,19.0,35.0,30.0,1.0,5.0,1.0,0.0,0.0,6.0,1.0,0.0,0,4.0,0.0,1.0,0,0.0,7.0,0.0,0.167,0.194,0.2,0.394,4.0,0.033,0.026999999999999996,0.227,2.857142857142857,20.0,0.14285714285714285,0.21739130434782608,0.1373,260.6666666666667,0.06666666666666667,0.28,0.167,5.0,0.0,1.0,19.0,35.0,30.0,4.0,1.0,0.0,1.0,0.194,0.2,1.0,0,0.0,,6.0,0.0,0,4.0,0.0,,1.1612903225806452,0.5999999999999996
1991,CL,中日ドラゴンズ,1303848,川又　米利,Y.Kawamata,83.0,160.0,130.0,20.0,43.0,11.0,1.0,5.0,71.0,29.0,0.0,0,3.0,3.0,24.0,0,0.0,33.0,1.0,0.331,0.427,0.546,0.9730000000000001,26.0,0.21500000000000002,0.09599999999999997,0.642,15.0,20.625,0.7272727272727273,0.4,0.32865,609.0,0.4,1.0795454545454546,0.331,43.0,5.0,29.0,83.0,160.0,130.0,26.0,11.0,1.0,20.0,0.427,0.546,24.0,0,0.0,,71.0,0.0,0,3.0,3.0,,30.88961038961039,28.554
1991,CL,広島東洋カープ,1303864,紀藤　真琴,M.Kitou,38.0,10.0,8.0,0.0,0.0,0.0,0.0,0.0,0.0,0.0,0.0,0,1.0,0.0,1.0,0,0.0,4.0,0.0,0.0,0.111,0.0,0.111,0.0,0.0,0.111,0.111,10.0,40.0,0.25,0.0,0.04995,111.0,0.125,0.125,0.0,0.0,0.0,0.0,38.0,10.0,8.0,0.0,0.0,0.0,0.0,0.111,0.0,1.0,0,0.0,,0.0,0.0,0,1.0,0.0,,0.0,-0.454
1991,CL,阪神タイガース,1303865,金森　栄治,E.Kanamori,73.0,148.0,136.0,13.0,32.0,8.0,1.0,2.0,48.0,14.0,0.0,0,0.0,1.0,9.0,0,2.0,9.0,3.0,0.235,0.291,0.353,0.6439999999999999,21.0,0.118,0.055999999999999994,0.409,6.081081081081082,6.081081081081082,1.0,0.23809523809523808,0.21919999999999998,408.66666666666663,0.18382352941176472,0.5514018691588785,0.235,32.0,2.0,14.0,73.0,148.0,136.0,21.0,8.0,1.0,13.0,0.291,0.353,9.0,0,2.0,,48.0,0.0,0,0.0,1.0,,13.572413793103449,13.617999999999995
1991,CL,中日ドラゴンズ,1303868,山﨑　武司,T.Yamasaki,26.0,51.0,43.0,2.0,6.0,2.0,0.0,1.0,11.0,2.0,1.0,0,1.0,0.0,7.0,0,0.0,18.0,2.0,0.14,0.26,0.256,0.516,3.0,0.11599999999999999,0.12,0.376,13.725490196078432,35.294117647058826,0.3888888888888889,0.20833333333333334,0.181,345.3333333333333,0.3023255813953488,0.48717948717948717,0.14,6.0,1.0,2.0,26.0,51.0,43.0,3.0,2.0,0.0,2.0,0.26,0.256,7.0,0,0.0,,11.0,1.0,0,1.0,0.0,,2.86,3.243999999999999
1991,CL,中日ドラゴンズ,1303869,鹿島　忠,T.Kashima,19.0,2.0,2.0,0.0,0.0,0.0,0.0,0.0,0.0,0.0,0.0,0,0.0,0.0,0.0,0,0.0,2.0,0.0,0.0,0.0,0.0,0.0,0.0,0.0,0.0,0.0,0.0,100.0,0.0,nan,0.0,0.0,0.0,0.0,0.0,0.0,0.0,0.0,19.0,2.0,2.0,0.0,0.0,0.0,0.0,0.0,0.0,0.0,0,0.0,,0.0,0.0,0,0.0,0.0,,0.0,-0.196
1991,CL,中日ドラゴンズ,13313883,デビッド,S.Service,1.0,0.0,0.0,0.0,0.0,0.0,0.0,0.0,0.0,0.0,0.0,0,0.0,0.0,0.0,0,0.0,0.0,0.0,,,,0.0,0.0,0.0,0.0,,nan,nan,nan,nan,0.0,0.0,nan,nan,,0.0,0.0,0.0,1.0,0.0,0.0,0.0,0.0,0.0,0.0,,,0.0,0,0.0,,0.0,0.0,0,0.0,0.0,,nan,0.0
1991,CL,中日ドラゴンズ,1403862,山本昌,M.Yamamotomasa（yamamoto,34.0,50.0,42.0,2.0,4.0,0.0,0.0,0.0,4.0,0.0,0.0,0,6.0,0.0,2.0,0,0.0,13.0,2.0,0.095,0.136,0.095,0.231,4.0,0.0,0.04100000000000001,0.136,4.0,26.0,0.15384615384615385,0.13793103448275862,0.08495,167.66666666666669,0.047619047619047616,0.15,0.095,4.0,0.0,0.0,34.0,50.0,42.0,4.0,0.0,0.0,2.0,0.136,0.095,2.0,0,0.0,,4.0,0.0,0,6.0,0.0,,0.5454545454545454,-1.064
1991,CL,読売ジャイアンツ,1403868,小島　圭市,K.Kojima,2.0,0.0,0.0,0.0,0.0,0.0,0.0,0.0,0.0,0.0,0.0,0,0.0,0.0,0.0,0,0.0,0.0,0.0,,,,0.0,0.0,0.0,0.0,,nan,nan,nan,nan,0.0,0.0,nan,nan,,0.0,0.0,0.0,2.0,0.0,0.0,0.0,0.0,0.0,0.0,,,0.0,0,0.0,,0.0,0.0,0,0.0,0.0,,nan,0.0
1991,CL,東京ヤクルトスワローズ,15013868,鈴木　平,T.Suzuki,13.0,1.0,1.0,0.0,0.0,0.0,0.0,0.0,0.0,0.0,0.0,0,0.0,0.0,0.0,0,0.0,1.0,0.0,0.0,0.0,0.0,0.0,0.0,0.0,0.0,0.0,0.0,100.0,0.0,nan,0.0,0.0,0.0,0.0,0.0,0.0,0.0,0.0,13.0,1.0,1.0,0.0,0.0,0.0,0.0,0.0,0.0,0.0,0,0.0,,0.0,0.0,0,0.0,0.0,,0.0,-0.098
1991,CL,中日ドラゴンズ,1503860,小松崎　善久,Y.Komatsuzaki,43.0,51.0,46.0,5.0,10.0,2.0,0.0,2.0,18.0,8.0,0.0,0,1.0,0.0,4.0,0,0.0,17.0,3.0,0.217,0.28,0.391,0.671,6.0,0.17400000000000002,0.06300000000000003,0.454,7.8431372549019605,33.33333333333333,0.23529411764705882,0.2962962962962963,0.22375000000000003,410.3333333333333,0.2608695652173913,0.5641025641025641,0.217,10.0,2.0,8.0,43.0,51.0,46.0,6.0,2.0,0.0,5.0,0.28,0.391,4.0,0,0.0,,18.0,0.0,0,1.0,0.0,,5.04,5.111999999999998
1991,CL,東京ヤクルトスワローズ,1503862,桜井　伸一,S.Sakurai,8.0,7.0,7.0,0.0,0.0,0.0,0.0,0.0,0.0,0.0,0.0,0,0.0,0.0,0.0,0,0.0,3.0,0.0,0.0,0.0,0.0,0.0,0.0,0.0,0.0,0.0,0.0,42.857142857142854,0.0,0.0,0.0,0.0,0.0,0.0,0.0,0.0,0.0,0.0,8.0,7.0,7.0,0.0,0.0,0.0,0.0,0.0,0.0,0.0,0,0.0,,0.0,0.0,0,0.0,0.0,,0.0,-0.686
1991,CL,横浜DeNAベイスターズ,1503866,野村　弘樹,H.Nomura,35.0,68.0,60.0,2.0,9.0,2.0,0.0,0.0,11.0,5.0,0.0,0,7.0,1.0,0.0,0,0.0,22.0,0.0,0.15,0.148,0.183,0.33099999999999996,7.0,0.033,-0.0020000000000000018,0.181,0.0,32.35294117647059,0.0,0.23076923076923078,0.11234999999999999,209.0,0.03333333333333333,0.21568627450980393,0.15,9.0,0.0,5.0,35.0,68.0,60.0,7.0,2.0,0.0,2.0,0.148,0.183,0.0,0,0.0,,11.0,0.0,0,7.0,1.0,,1.65,-0.05800000000000072
1991,CL,広島東洋カープ,1503869,小早川　毅彦,T.Kobayakawa,92.0,270.0,239.0,24.0,62.0,14.0,0.0,7.0,97.0,39.0,1.0,0,1.0,3.0,25.0,0,2.0,38.0,5.0,0.259,0.331,0.406,0.7370000000000001,41.0,0.14700000000000002,0.07200000000000001,0.478,9.25925925925926,14.074074074074074,0.6578947368421053,0.27918781725888325,0.25045,466.33333333333337,0.25523012552301255,0.6868131868131868,0.259,62.0,7.0,39.0,92.0,270.0,239.0,41.0,14.0,0.0,24.0,0.331,0.406,25.0,0,2.0,,97.0,1.0,0,1.0,3.0,,31.96590909090909,32.403999999999996
1991,CL,東京ヤクルトスワローズ,15213868,飯田　哲也,T.Iida,107.0,338.0,298.0,39.0,72.0,8.0,3.0,4.0,98.0,26.0,15,8,9.0,4.0,27.0,0,0.0,51.0,2.0,0.242,0.301,0.329,0.63,57.0,0.08700000000000002,0.059,0.388,7.988165680473373,15.088757396449704,0.5294117647058824,0.27530364372469635,0.2177,410.6666666666667,0.20469798657718122,0.5833333333333334,0.242,72.0,4.0,26.0,107.0,338.0,298.0,57.0,8.0,3.0,39.0,0.301,0.329,27.0,0,0.0,,98.0,15,8,9.0,4.0,,29.852307692307694,31.341999999999995
1991,CL,横浜DeNAベイスターズ,15713868,宮里　太,F.Miyazato,125.0,447.0,395.0,46.0,115.0,16.0,2.0,7.0,156.0,36.0,18,6,15.0,6.0,31.0,0,0.0,45.0,5.0,0.291,0.338,0.395,0.7330000000000001,90.0,0.10400000000000004,0.04700000000000004,0.442,6.935123042505594,10.06711409395973,0.6888888888888889,0.30945558739255014,0.25085,469.6666666666667,0.19746835443037974,0.6771929824561403,0.291,115.0,7.0,36.0,125.0,447.0,395.0,90.0,16.0,2.0,46.0,0.338,0.395,31.0,0,0.0,,156.0,18,6,15.0,6.0,,53.46478873239437,52.55
1991,CL,横浜DeNAベイスターズ,15913868,横谷　彰将,A.Yokotani,49.0,59.0,54.0,7.0,14.0,1.0,0.0,0.0,15.0,6.0,0,1,3.0,0.0,2.0,0,0.0,7.0,2.0,0.259,0.286,0.278,0.5640000000000001,13.0,0.019000000000000017,0.02699999999999997,0.305,3.389830508474576,11.864406779661017,0.2857142857142857,0.2978723404255319,0.1982,378.66666666666663,0.07407407407407407,0.42857142857142855,0.259,14.0,0.0,6.0,49.0,59.0,54.0,13.0,1.0,0.0,7.0,0.286,0.278,2.0,0,0.0,,15.0,0,1,3.0,0.0,,4.285714285714286,4.140000000000001
1991,CL,中日ドラゴンズ,1603860,米村　明,A.Yonemura,1.0,0.0,0.0,0.0,0.0,0.0,0.0,0.0,0.0,0.0,0.0,0,0.0,0.0,0.0,0,0.0,0.0,0.0,,,,0.0,0.0,0.0,0.0,,nan,nan,nan,nan,0.0,0.0,nan,nan,,0.0,0.0,0.0,1.0,0.0,0.0,0.0,0.0,0.0,0.0,,,0.0,0,0.0,,0.0,0.0,0,0.0,0.0,,nan,0.0
1991,CL,横浜DeNAベイスターズ,1703860,白幡　隆宗,T.Shirahata,64.0,147.0,132.0,15.0,35.0,10.0,0.0,3.0,54.0,23.0,1.0,0,1.0,1.0,11.0,0,0.0,29.0,2.0,0.265,0.319,0.409,0.728,22.0,0.14399999999999996,0.05399999999999999,0.4629999999999999,7.482993197278912,19.727891156462583,0.3793103448275862,0.31683168316831684,0.24580000000000002,455.33333333333337,0.23484848484848486,0.6666666666666666,0.265,35.0,3.0,23.0,64.0,147.0,132.0,22.0,10.0,0.0,15.0,0.319,0.409,11.0,0,0.0,,54.0,1.0,0,1.0,1.0,,17.37062937062937,16.823999999999998
1991,CL,阪神タイガース,1703883,関川　浩一,K.Sekikawa,10.0,30.0,28.0,3.0,8.0,2.0,0.0,0.0,10.0,0.0,0.0,0,0.0,0.0,2.0,0,0.0,11.0,0.0,0.286,0.333,0.357,0.69,6.0,0.07100000000000001,0.04700000000000004,0.404,6.666666666666667,36.666666666666664,0.18181818181818182,0.47058823529411764,0.2391,452.0,0.14285714285714285,0.6,0.286,8.0,0.0,0.0,10.0,30.0,28.0,6.0,2.0,0.0,3.0,0.333,0.357,2.0,0,0.0,,10.0,0.0,0,0.0,0.0,,3.3333333333333335,3.1399999999999997
1991,CL,中日ドラゴンズ,1803881,山田　喜久夫,K.Yamada,32.0,1.0,1.0,0.0,0.0,0.0,0.0,0.0,0.0,0.0,0.0,0,0.0,0.0,0.0,0,0.0,1.0,0.0,0.0,0.0,0.0,0.0,0.0,0.0,0.0,0.0,0.0,100.0,0.0,nan,0.0,0.0,0.0,0.0,0.0,0.0,0.0,0.0,32.0,1.0,1.0,0.0,0.0,0.0,0.0,0.0,0.0,0.0,0,0.0,,0.0,0.0,0,0.0,0.0,,0.0,-0.098
1991,CL,阪神タイガース,1903862,中野　佐資,S.Nakano,114.0,265.0,229.0,32.0,48.0,11.0,1.0,8.0,85.0,18.0,3.0,0,5.0,1.0,19.0,0,11.0,47.0,0.0,0.21,0.3,0.371,0.671,28.0,0.161,0.09,0.4609999999999999,7.169811320754717,17.735849056603772,0.40425531914893614,0.22857142857142856,0.22775,423.66666666666663,0.2576419213973799,0.6519337016574586,0.21,48.0,8.0,18.0,114.0,265.0,229.0,28.0,11.0,1.0,32.0,0.3,0.371,19.0,0,11.0,,85.0,3.0,0,5.0,1.0,,22.963709677419356,27.182000000000002
1991,CL,読売ジャイアンツ,1903863,中尾　孝義,T.Nakao,31.0,59.0,53.0,5.0,14.0,2.0,1.0,1.0,21.0,5.0,2.0,0,0.0,0.0,3.0,0,3.0,10.0,3.0,0.264,0.339,0.396,0.7350000000000001,10.0,0.132,0.07500000000000001,0.471,5.084745762711865,16.94915254237288,0.3,0.30952380952380953,0.25155000000000005,471.00000000000006,0.22641509433962265,0.6904761904761905,0.264,14.0,1.0,5.0,31.0,59.0,53.0,10.0,2.0,1.0,5.0,0.339,0.396,3.0,0,3.0,,21.0,2.0,0,0.0,0.0,,6.375,7.438
1991,CL,読売ジャイアンツ,1903864,廣田　浩章,H.Hirota,14.0,9.0,7.0,0.0,0.0,0.0,0.0,0.0,0.0,0.0,0.0,0,1.0,0.0,1.0,0,0.0,7.0,0.0,0.0,0.125,0.0,0.125,0.0,0.0,0.125,0.125,11.11111111111111,77.77777777777779,0.14285714285714285,nan,0.05625,125.0,0.14285714285714285,0.14285714285714285,0.0,0.0,0.0,0.0,14.0,9.0,7.0,0.0,0.0,0.0,0.0,0.125,0.0,1.0,0,0.0,,0.0,0.0,0,1.0,0.0,,0.0,-0.35600000000000004
1991,CL,阪神タイガース,1903881,SHINJO,T.Shinjou（shinjou,13.0,17.0,17.0,1.0,2.0,0.0,0.0,0.0,2.0,1.0,0.0,0,0.0,0.0,0.0,0,0.0,3.0,1.0,0.118,0.118,0.118,0.236,2.0,0.0,0.0,0.118,0.0,17.647058823529413,0.0,0.14285714285714285,0.0826,157.33333333333331,0.0,0.125,0.118,2.0,0.0,1.0,13.0,17.0,17.0,2.0,0.0,0.0,1.0,0.118,0.118,0.0,0,0.0,,2.0,0.0,0,0.0,0.0,,0.23529411764705882,-0.47
1991,CL,東京ヤクルトスワローズ,21023860,秦　真司,S.Hata,117.0,419.0,383.0,51.0,112.0,20.0,4.0,16.0,188.0,47.0,5,2,5.0,0.0,26.0,0,5.0,70.0,4.0,0.292,0.345,0.491,0.836,72.0,0.199,0.05299999999999999,0.544,6.205250596658711,16.706443914081145,0.37142857142857144,0.32323232323232326,0.278,508.66666666666663,0.27154046997389036,0.8036363636363636,0.292,112.0,16.0,47.0,117.0,419.0,383.0,72.0,20.0,4.0,51.0,0.345,0.491,26.0,0,5.0,,188.0,5,2,5.0,0.0,,63.432762836185816,61.632
1991,CL,中日ドラゴンズ,21123866,立浪　和義,K.Tatsunami,131.0,605.0,520.0,87.0,151.0,35.0,2.0,10.0,220.0,45.0,10,8,8.0,2.0,74.0,0,1.0,69.0,5.0,0.29,0.379,0.423,0.802,104.0,0.133,0.08900000000000002,0.512,12.231404958677686,11.40495867768595,1.0724637681159421,0.3182844243792325,0.2763,520.0,0.2903846153846154,0.8101604278074866,0.29,151.0,10.0,45.0,131.0,605.0,520.0,104.0,35.0,2.0,87.0,0.379,0.423,74.0,0,1.0,,220.0,10,8,8.0,2.0,,83.33333333333333,83.708
1991,CL,読売ジャイアンツ,21123883,H.デラクルーズ,H.Delacruz,5.0,5.0,4.0,2.0,1.0,0.0,0.0,0.0,1.0,0.0,0,1,0.0,0.0,1.0,0,0.0,2.0,0.0,0.25,0.4,0.25,0.65,1.0,0.0,0.15000000000000002,0.4,20.0,40.0,0.5,0.5,0.24250000000000002,483.3333333333333,0.5,1.0,0.25,1.0,0.0,0.0,5.0,5.0,4.0,1.0,0.0,0.0,2.0,0.4,0.25,1.0,0,0.0,,1.0,0,1,0.0,0.0,,0.4,0.716
1991,CL,読売ジャイアンツ,21223869,水野　雄仁,K.Mizuno,32.0,5.0,4.0,1.0,1.0,0.0,0.0,1.0,4.0,1.0,0.0,0,0.0,0.0,1.0,0,0.0,1.0,0.0,0.25,0.4,1.0,1.4,0.0,0.75,0.15000000000000002,1.15,20.0,20.0,1.0,0.0,0.43000000000000005,733.3333333333334,1.0,1.6666666666666667,0.25,1.0,1.0,1.0,32.0,5.0,4.0,0.0,0.0,0.0,1.0,0.4,1.0,1.0,0,0.0,,4.0,0.0,0,0.0,0.0,,1.6,1.476
1991,CL,阪神タイガース,21323846,久保　康生,Y.Kubo,37.0,12.0,9.0,0.0,1.0,0.0,0.0,0.0,1.0,0.0,0.0,0,2.0,0.0,1.0,0,0.0,5.0,1.0,0.111,0.2,0.111,0.311,1.0,0.0,0.08900000000000001,0.2,8.333333333333332,41.66666666666667,0.2,0.25,0.11775000000000001,237.00000000000003,0.1111111111111111,0.2222222222222222,0.111,1.0,0.0,0.0,37.0,12.0,9.0,1.0,0.0,0.0,0.0,0.2,0.111,1.0,0,0.0,,1.0,0.0,0,2.0,0.0,,0.2,0.04600000000000004
1991,CL,中日ドラゴンズ,21323864,近藤　真市,S.Kondou,4.0,0.0,0.0,0.0,0.0,0.0,0.0,0.0,0.0,0.0,0.0,0,0.0,0.0,0.0,0,0.0,0.0,0.0,,,,0.0,0.0,0.0,0.0,,nan,nan,nan,nan,0.0,0.0,nan,nan,,0.0,0.0,0.0,4.0,0.0,0.0,0.0,0.0,0.0,0.0,,,0.0,0,0.0,,0.0,0.0,0,0.0,0.0,,nan,0.0
1991,CL,広島東洋カープ,21323865,金石　昭人,A.Kaneishi,34.0,22.0,21.0,0.0,2.0,1.0,0.0,0.0,3.0,2.0,0.0,0,1.0,0.0,0.0,0,0.0,11.0,0.0,0.095,0.095,0.143,0.238,1.0,0.04799999999999999,0.0,0.143,0.0,50.0,0.0,0.2,0.0785,142.66666666666666,0.047619047619047616,0.15789473684210525,0.095,2.0,0.0,2.0,34.0,22.0,21.0,1.0,1.0,0.0,0.0,0.095,0.143,0.0,0,0.0,,3.0,0.0,0,1.0,0.0,,0.2857142857142857,-0.6420000000000001
1991,CL,東京ヤクルトスワローズ,21323866,中西　親志,C.Nakanishi,13.0,27.0,20.0,3.0,4.0,0.0,0.0,0.0,4.0,2.0,0.0,0,0.0,1.0,6.0,0,0.0,5.0,0.0,0.2,0.37,0.2,0.5700000000000001,4.0,0.0,0.16999999999999998,0.37,22.22222222222222,18.51851851851852,1.2,0.25,0.21650000000000003,436.66666666666663,0.3,0.625,0.2,4.0,0.0,2.0,13.0,27.0,20.0,4.0,0.0,0.0,3.0,0.37,0.2,6.0,0,0.0,,4.0,0.0,0,0.0,1.0,,1.5384615384615385,2.412
1991,CL,中日ドラゴンズ,21323868,長谷部　裕,Y.Hasebe,21.0,56.0,50.0,5.0,12.0,1.0,0.0,0.0,13.0,3.0,0.0,0,2.0,0.0,2.0,0,2.0,11.0,2.0,0.24,0.296,0.26,0.556,11.0,0.020000000000000018,0.055999999999999994,0.316,3.571428571428571,19.642857142857142,0.18181818181818182,0.3076923076923077,0.1982,382.66666666666663,0.06,0.425,0.24,12.0,0.0,3.0,21.0,56.0,50.0,11.0,1.0,0.0,5.0,0.296,0.26,2.0,0,2.0,,13.0,0.0,0,2.0,0.0,,3.5,3.816
1991,CL,読売ジャイアンツ,21323869,川相　昌弘,M.Kawai,126.0,562.0,439.0,53.0,110.0,17.0,2.0,2.0,137.0,36.0,8,0,66.0,2.0,49.0,0,5.0,56.0,6.0,0.251,0.331,0.312,0.643,89.0,0.061,0.08000000000000002,0.392,8.718861209964412,9.9644128113879,0.875,0.2819843342036554,0.22694999999999999,435.0,0.17312072892938496,0.5701492537313433,0.251,110.0,2.0,36.0,126.0,562.0,439.0,89.0,17.0,2.0,53.0,0.331,0.312,49.0,0,5.0,,137.0,8,0,66.0,2.0,,44.63729508196721,47.278000000000006
1991,CL,阪神タイガース,21423862,吉田　康夫,Y.Yoshida,12.0,2.0,2.0,1.0,1.0,0.0,0.0,0.0,1.0,0.0,0.0,0,0.0,0.0,0.0,0,0.0,0.0,0.0,0.5,0.5,0.5,1.0,1.0,0.0,0.0,0.5,0.0,0.0,nan,0.5,0.35,666.6666666666666,0.0,1.0,0.5,1.0,0.0,0.0,12.0,2.0,2.0,1.0,0.0,0.0,1.0,0.5,0.5,0.0,0,0.0,,1.0,0.0,0,0.0,0.0,,0.5,0.402
1991,CL,横浜DeNAベイスターズ,21523866,J.パチョレック,J.Paciorek,114.0,487.0,442.0,52.0,137.0,23.0,1.0,11.0,195.0,75.0,0,4,0.0,10.0,31.0,0,4.0,49.0,15.0,0.31,0.353,0.441,0.794,102.0,0.131,0.04299999999999998,0.484,6.365503080082135,10.061601642710473,0.6326530612244898,0.32142857142857145,0.2691,500.0,0.21040723981900453,0.73125,0.31,137.0,11.0,75.0,114.0,487.0,442.0,102.0,23.0,1.0,52.0,0.353,0.441,31.0,0,4.0,,195.0,0,4,0.0,10.0,,69.26004228329809,66.82000000000001
1991,CL,中日ドラゴンズ,21523868,山口　幸司,K.Yamaguchi,84.0,188.0,161.0,26.0,34.0,5.0,1.0,3.0,50.0,15.0,2,3,13.0,0.0,11.0,0,3.0,44.0,2.0,0.211,0.274,0.311,0.585,25.0,0.1,0.06300000000000003,0.374,5.851063829787234,23.404255319148938,0.25,0.2719298245614035,0.20105,377.6666666666667,0.18633540372670807,0.5193798449612403,0.211,34.0,3.0,15.0,84.0,188.0,161.0,25.0,5.0,1.0,26.0,0.274,0.311,11.0,0,3.0,,50.0,2,3,13.0,0.0,,13.081395348837209,14.174000000000001
1991,CL,東京ヤクルトスワローズ,21523883,J.レイ,J.Ray,110.0,464.0,415.0,62.0,124.0,36.0,3.0,11.0,199.0,51.0,0,1,1.0,4.0,39.0,0,5.0,50.0,11.0,0.299,0.363,0.48,0.843,74.0,0.181,0.064,0.544,8.405172413793103,10.775862068965516,0.78,0.31564245810055863,0.28335,523.0,0.27710843373493976,0.8079470198675497,0.299,124.0,11.0,51.0,110.0,464.0,415.0,74.0,36.0,3.0,62.0,0.363,0.48,39.0,0,5.0,,199.0,0,1,1.0,4.0,,71.44713656387665,68.06200000000001
1991,CL,阪神タイガース,21623860,和田　豊,Y.Wada,129.0,565.0,494.0,50.0,147.0,13.0,3.0,0.0,166.0,34.0,9,13,10.0,2.0,58.0,0,1.0,48.0,14.0,0.298,0.371,0.336,0.7070000000000001,131.0,0.038000000000000034,0.07300000000000001,0.409,10.265486725663717,8.495575221238937,1.2083333333333333,0.328125,0.25095,483.0,0.18218623481781376,0.6592797783933518,0.298,147.0,0.0,34.0,129.0,565.0,494.0,131.0,13.0,3.0,50.0,0.371,0.336,58.0,0,1.0,,166.0,9,13,10.0,2.0,,61.64855072463768,65.784
1991,CL,東京ヤクルトスワローズ,21723845,杉浦　享,T.Sugiura,51.0,105.0,91.0,10.0,28.0,7.0,1.0,6.0,55.0,18.0,1,0,0.0,2.0,11.0,0,1.0,11.0,2.0,0.308,0.381,0.604,0.985,14.0,0.296,0.07300000000000001,0.677,10.476190476190476,10.476190476190476,1.0,0.2894736842105263,0.32245,582.3333333333334,0.4175824175824176,1.0307692307692307,0.308,28.0,6.0,18.0,51.0,105.0,91.0,14.0,7.0,1.0,10.0,0.381,0.604,11.0,0,1.0,,55.0,1,0,0.0,2.0,,21.029411764705884,19.506
1991,CL,東京ヤクルトスワローズ,21723864,内藤　尚行,N.Naitou,26.0,25.0,21.0,2.0,1.0,1.0,0.0,0.0,2.0,0.0,0,1,3.0,0.0,1.0,0,0.0,10.0,1.0,0.048,0.091,0.095,0.186,0.0,0.047,0.043,0.138,4.0,40.0,0.1,0.09090909090909091,0.06470000000000001,122.66666666666667,0.14285714285714285,0.19047619047619047,0.048,1.0,0.0,0.0,26.0,25.0,21.0,0.0,1.0,0.0,2.0,0.091,0.095,1.0,0,0.0,,2.0,0,1,3.0,0.0,,0.18181818181818182,-0.73
1991,CL,読売ジャイアンツ,21723866,勝呂　壽統,H.Suguro,3.0,3.0,3.0,0.0,0.0,0.0,0.0,0.0,0.0,0.0,0.0,0,0.0,0.0,0.0,0,0.0,2.0,0.0,0.0,0.0,0.0,0.0,0.0,0.0,0.0,0.0,0.0,66.66666666666666,0.0,0.0,0.0,0.0,0.0,0.0,0.0,0.0,0.0,0.0,3.0,3.0,3.0,0.0,0.0,0.0,0.0,0.0,0.0,0.0,0,0.0,,0.0,0.0,0,0.0,0.0,,0.0,-0.29400000000000004
1991,CL,広島東洋カープ,21723881,佐々岡　真司,S.Sasaoka,34.0,90.0,76.0,5.0,10.0,0.0,0.0,0.0,10.0,4.0,0.0,0,10.0,0.0,4.0,0,0.0,37.0,0.0,0.132,0.175,0.132,0.307,10.0,0.0,0.04299999999999998,0.175,4.444444444444445,41.11111111111111,0.10810810810810811,0.2564102564102564,0.11175,219.0,0.05263157894736842,0.21212121212121213,0.132,10.0,0.0,4.0,34.0,90.0,76.0,10.0,0.0,0.0,5.0,0.175,0.132,4.0,0,0.0,,10.0,0.0,0,10.0,0.0,,1.75,-0.1479999999999997
1991,CL,阪神タイガース,21723883,T.オマリー,T.O'malley,130.0,537.0,476.0,61.0,146.0,29.0,0.0,21.0,238.0,81.0,0,1,0.0,2.0,57.0,0,2.0,83.0,10.0,0.307,0.382,0.5,0.882,96.0,0.193,0.07500000000000001,0.575,10.614525139664805,15.456238361266294,0.6867469879518072,0.3342245989304813,0.2969,548.6666666666666,0.31512605042016806,0.8764705882352941,0.307,146.0,21.0,81.0,130.0,537.0,476.0,96.0,29.0,0.0,61.0,0.382,0.5,57.0,0,2.0,,238.0,0,1,0.0,2.0,,90.6454033771107,86.42999999999999
1991,CL,読売ジャイアンツ,21823868,後藤　孝志,K.Gotou,17.0,23.0,22.0,3.0,3.0,0.0,0.0,0.0,3.0,1.0,2,1,0.0,0.0,1.0,0,0.0,5.0,1.0,0.136,0.174,0.136,0.31,3.0,0.0,0.03799999999999998,0.174,4.3478260869565215,21.73913043478261,0.2,0.17647058823529413,0.1123,219.33333333333331,0.09090909090909091,0.25,0.136,3.0,0.0,1.0,17.0,23.0,22.0,3.0,0.0,0.0,3.0,0.174,0.136,1.0,0,0.0,,3.0,2,1,0.0,0.0,,0.5217391304347826,0.14800000000000013
1991,CL,中日ドラゴンズ,21923861,長嶋　清幸,K.Nagashima,52.0,180.0,154.0,16.0,44.0,9.0,2.0,4.0,69.0,12.0,3,2,5.0,1.0,17.0,0,0.0,32.0,1.0,0.286,0.355,0.448,0.8029999999999999,29.0,0.16200000000000003,0.069,0.517,9.444444444444445,17.77777777777778,0.53125,0.33613445378151263,0.27175,504.3333333333333,0.2857142857142857,0.7927927927927928,0.286,44.0,4.0,12.0,52.0,180.0,154.0,29.0,9.0,2.0,16.0,0.355,0.448,17.0,0,0.0,,69.0,3,2,5.0,1.0,,24.614035087719298,24.009999999999998
1991,CL,広島東洋カープ,21923862,長冨　浩志,H.Nagadomi,28.0,38.0,34.0,2.0,4.0,2.0,0.0,0.0,6.0,2.0,0.0,0,4.0,0.0,0.0,0,0.0,19.0,0.0,0.118,0.118,0.176,0.294,2.0,0.057999999999999996,0.0,0.176,0.0,50.0,0.0,0.26666666666666666,0.09709999999999999,176.66666666666666,0.058823529411764705,0.2,0.118,4.0,0.0,2.0,28.0,38.0,34.0,2.0,2.0,0.0,2.0,0.118,0.176,0.0,0,0.0,,6.0,0.0,0,4.0,0.0,,0.7058823529411765,-0.5
1991,CL,阪神タイガース,21923863,中田　良弘,Y.Nakada,14.0,0.0,0.0,0.0,0.0,0.0,0.0,0.0,0.0,0.0,0.0,0,0.0,0.0,0.0,0,0.0,0.0,0.0,,,,0.0,0.0,0.0,0.0,,nan,nan,nan,nan,0.0,0.0,nan,nan,,0.0,0.0,0.0,14.0,0.0,0.0,0.0,0.0,0.0,0.0,,,0.0,0,0.0,,0.0,0.0,0,0.0,0.0,,nan,0.0
1991,CL,読売ジャイアンツ,21923864,藤本　健治,K.Fujimoto,2.0,0.0,0.0,0.0,0.0,0.0,0.0,0.0,0.0,0.0,1,0,0.0,0.0,0.0,0,0.0,0.0,0.0,,,,0.0,0.0,0.0,0.0,,nan,nan,nan,nan,0.0,0.0,nan,nan,,0.0,0.0,0.0,2.0,0.0,0.0,0.0,0.0,0.0,0.0,,,0.0,0,0.0,,0.0,1,0,0.0,0.0,,nan,0.0
1991,CL,横浜DeNAベイスターズ,23123883,R.J.レイノルズ,R.Reynolds,118.0,511.0,468.0,71.0,148.0,29.0,1.0,15.0,224.0,80.0,17,10,0.0,2.0,37.0,0,1.0,77.0,12.0,0.316,0.366,0.479,0.845,103.0,0.16299999999999998,0.04999999999999999,0.5289999999999999,7.240704500978473,15.068493150684931,0.4805194805194805,0.35185185185185186,0.28445,525.6666666666666,0.26282051282051283,0.8192771084337349,0.316,148.0,15.0,80.0,118.0,511.0,468.0,103.0,29.0,1.0,71.0,0.366,0.479,37.0,0,1.0,,224.0,17,10,0.0,2.0,,82.05940594059406,78.0
1991,CL,広島東洋カープ,23423868,河田　雄祐,Y.Kawada,9.0,1.0,1.0,2.0,0.0,0.0,0.0,0.0,0.0,0.0,1,0,0.0,0.0,0.0,0,0.0,0.0,0.0,0.0,0.0,0.0,0.0,0.0,0.0,0.0,0.0,0.0,0.0,nan,0.0,0.0,0.0,0.0,0.0,0.0,0.0,0.0,0.0,9.0,1.0,1.0,0.0,0.0,0.0,2.0,0.0,0.0,0.0,0,0.0,,0.0,1,0,0.0,0.0,,0.0,-0.098
1991,CL,阪神タイガース,23523868,宮内　直二,M.Miyauchi,74.0,120.0,105.0,22.0,28.0,1.0,0.0,5.0,44.0,9.0,1,2,5.0,1.0,9.0,0,0.0,31.0,3.0,0.267,0.322,0.419,0.741,22.0,0.15199999999999997,0.05499999999999999,0.474,7.5,25.833333333333336,0.2903225806451613,0.32857142857142857,0.24964999999999998,461.6666666666667,0.2571428571428571,0.6875,0.267,28.0,5.0,9.0,74.0,120.0,105.0,22.0,1.0,0.0,22.0,0.322,0.419,9.0,0,0.0,,44.0,1,2,5.0,1.0,,14.280701754385966,14.704
1991,CL,広島東洋カープ,23923868,片瀬　清利,K.Katase,8.0,3.0,2.0,0.0,1.0,1.0,0.0,0.0,2.0,0.0,0.0,0,1.0,0.0,0.0,0,0.0,1.0,0.0,0.5,0.5,1.0,1.5,0.0,0.5,0.0,1.0,0.0,33.33333333333333,0.0,1.0,0.475,833.3333333333333,0.5,2.0,0.5,1.0,0.0,0.0,8.0,3.0,2.0,0.0,1.0,0.0,0.0,0.5,1.0,0.0,0,0.0,,2.0,0.0,0,1.0,0.0,,1.0,0.622
1991,CL,広島東洋カープ,25623868,野林　大氣,H.Nobayashi,21.0,38.0,37.0,3.0,5.0,1.0,1.0,0.0,8.0,2.0,0.0,0,0.0,0.0,1.0,0,0.0,12.0,3.0,0.135,0.158,0.216,0.374,3.0,0.08099999999999999,0.022999999999999993,0.239,2.631578947368421,31.57894736842105,0.08333333333333333,0.2,0.1251,229.99999999999997,0.10810810810810811,0.2571428571428571,0.135,5.0,0.0,2.0,21.0,38.0,37.0,3.0,1.0,1.0,3.0,0.158,0.216,1.0,0,0.0,,8.0,0.0,0,0.0,0.0,,1.263157894736842,0.45399999999999974
1991,CL,横浜DeNAベイスターズ,25723868,堀江　賢治,K.Horie,61.0,181.0,158.0,25.0,42.0,6.0,3.0,2.0,60.0,13.0,6,1,9.0,0.0,13.0,0,1.0,35.0,3.0,0.266,0.326,0.38,0.706,31.0,0.11399999999999999,0.06,0.44,7.18232044198895,19.337016574585636,0.37142857142857144,0.3305785123966942,0.2417,452.6666666666667,0.20253164556962025,0.6302521008403361,0.266,42.0,2.0,13.0,61.0,181.0,158.0,31.0,6.0,3.0,25.0,0.326,0.38,13.0,0,1.0,,60.0,6,1,9.0,0.0,,19.29824561403509,19.252000000000002
1991,CL,東京ヤクルトスワローズ,25923868,川崎　憲次郎,K.Kawasaki,48.0,71.0,61.0,2.0,10.0,0.0,0.0,0.0,10.0,1.0,0.0,0,7.0,0.0,3.0,0,0.0,24.0,1.0,0.164,0.203,0.164,0.367,10.0,0.0,0.03900000000000001,0.203,4.225352112676056,33.80281690140845,0.125,0.2702702702702703,0.13235000000000002,257.6666666666667,0.04918032786885246,0.25,0.164,10.0,0.0,1.0,48.0,71.0,61.0,10.0,0.0,0.0,2.0,0.203,0.164,3.0,0,0.0,,10.0,0.0,0,7.0,0.0,,2.03125,0.992
1991,CL,広島東洋カープ,3003868,千代丸　祥士,S.Chiyomaru,6.0,6.0,6.0,0.0,0.0,0.0,0.0,0.0,0.0,0.0,0.0,0,0.0,0.0,0.0,0,0.0,3.0,0.0,0.0,0.0,0.0,0.0,0.0,0.0,0.0,0.0,0.0,50.0,0.0,0.0,0.0,0.0,0.0,0.0,0.0,0.0,0.0,0.0,6.0,6.0,6.0,0.0,0.0,0.0,0.0,0.0,0.0,0.0,0,0.0,,0.0,0.0,0,0.0,0.0,,0.0,-0.5880000000000001
1991,CL,広島東洋カープ,31033846,山崎　隆造,R.Yamasaki,122.0,455.0,402.0,54.0,121.0,19.0,0.0,8.0,164.0,50.0,9,4,3.0,3.0,47.0,0,0.0,68.0,8.0,0.301,0.372,0.408,0.78,94.0,0.10699999999999998,0.07100000000000001,0.479,10.329670329670328,14.945054945054945,0.6911764705882353,0.3434650455927052,0.2694,508.0,0.23383084577114427,0.7439446366782007,0.301,121.0,8.0,50.0,122.0,455.0,402.0,94.0,19.0,0.0,54.0,0.372,0.408,47.0,0,0.0,,164.0,9,4,3.0,3.0,,61.363028953229396,60.89200000000001
1991,CL,中日ドラゴンズ,31033865,南牟礼　豊蔵,T.Minamimure,52.0,129.0,118.0,14.0,35.0,5.0,0.0,6.0,58.0,14.0,0,2,5.0,0.0,6.0,0,0.0,17.0,6.0,0.297,0.331,0.492,0.823,24.0,0.195,0.03400000000000003,0.526,4.651162790697675,13.178294573643413,0.35294117647058826,0.30526315789473685,0.27195,495.0,0.2627118644067797,0.7415730337078652,0.297,35.0,6.0,14.0,52.0,129.0,118.0,24.0,5.0,0.0,14.0,0.331,0.492,6.0,0,0.0,,58.0,0,2,5.0,0.0,,19.177419354838708,18.446
1991,CL,中日ドラゴンズ,31133844,宇野　勝,M.Uno,125.0,478.0,428.0,56.0,102.0,18.0,3.0,26.0,204.0,74.0,2,3,2.0,3.0,43.0,0,2.0,112.0,11.0,0.238,0.309,0.477,0.786,55.0,0.239,0.07100000000000001,0.548,8.99581589958159,23.430962343096233,0.38392857142857145,0.2593856655290102,0.2583,468.0,0.34579439252336447,0.7477744807121661,0.238,102.0,26.0,74.0,125.0,478.0,428.0,55.0,18.0,3.0,56.0,0.309,0.477,43.0,0,2.0,,204.0,2,3,2.0,3.0,,62.802547770700635,64.46200000000002
1991,CL,横浜DeNAベイスターズ,31133862,相川　英明,H.Aikawa,1.0,0.0,0.0,0.0,0.0,0.0,0.0,0.0,0.0,0.0,0.0,0,0.0,0.0,0.0,0,0.0,0.0,0.0,,,,0.0,0.0,0.0,0.0,,nan,nan,nan,nan,0.0,0.0,nan,nan,,0.0,0.0,0.0,1.0,0.0,0.0,0.0,0.0,0.0,0.0,,,0.0,0,0.0,,0.0,0.0,0,0.0,0.0,,nan,0.0
1991,CL,中日ドラゴンズ,31133866,上原　晃,A.Uehara,46.0,12.0,11.0,0.0,2.0,0.0,0.0,0.0,2.0,0.0,0.0,0,1.0,0.0,0.0,0,0.0,5.0,0.0,0.182,0.182,0.182,0.364,2.0,0.0,0.0,0.182,0.0,41.66666666666667,0.0,0.3333333333333333,0.1274,242.66666666666666,0.0,0.2222222222222222,0.182,2.0,0.0,0.0,46.0,12.0,11.0,2.0,0.0,0.0,0.0,0.182,0.182,0.0,0,0.0,,2.0,0.0,0,1.0,0.0,,0.36363636363636365,0.118
1991,CL,広島東洋カープ,31133881,秋村　謙宏,N.Akimura,10.0,3.0,3.0,0.0,1.0,0.0,0.0,0.0,1.0,0.0,0.0,0,0.0,0.0,0.0,0,0.0,1.0,0.0,0.333,0.333,0.333,0.666,1.0,0.0,0.0,0.333,0.0,33.33333333333333,0.0,0.5,0.23310000000000003,444.0,0.0,0.5,0.333,1.0,0.0,0.0,10.0,3.0,3.0,1.0,0.0,0.0,0.0,0.333,0.333,0.0,0,0.0,,1.0,0.0,0,0.0,0.0,,0.3333333333333333,0.304
1991,CL,中日ドラゴンズ,31233860,彦野　利勝,T.Hikono,42.0,127.0,97.0,18.0,31.0,4.0,0.0,3.0,44.0,18.0,0.0,0,1.0,2.0,23.0,0,4.0,13.0,4.0,0.32,0.46,0.454,0.914,24.0,0.134,0.14,0.5940000000000001,18.11023622047244,10.236220472440944,1.7692307692307692,0.3373493975903614,0.3205,611.3333333333334,0.3711340206185567,1.0142857142857142,0.32,31.0,3.0,18.0,42.0,127.0,97.0,24.0,4.0,0.0,18.0,0.46,0.454,23.0,0,4.0,,44.0,0.0,0,1.0,2.0,,19.8,21.642
1991,CL,東京ヤクルトスワローズ,31333846,尾花　高夫,T.Obana,21.0,33.0,20.0,0.0,4.0,0.0,0.0,0.0,4.0,2.0,0.0,0,7.0,0.0,6.0,0,0.0,9.0,0.0,0.2,0.385,0.2,0.585,4.0,0.0,0.185,0.385,18.181818181818183,27.27272727272727,0.6666666666666666,0.36363636363636365,0.22325,451.6666666666667,0.3,0.625,0.2,4.0,0.0,2.0,21.0,33.0,20.0,4.0,0.0,0.0,0.0,0.385,0.2,6.0,0,0.0,,4.0,0.0,0,7.0,0.0,,1.5384615384615385,2.412
1991,CL,阪神タイガース,31333861,岡田　彰布,A.Okada,108.0,428.0,383.0,45.0,92.0,11.0,0.0,15.0,148.0,50.0,1,3,0.0,3.0,40.0,0,2.0,68.0,9.0,0.24,0.313,0.386,0.6990000000000001,66.0,0.14600000000000002,0.07300000000000001,0.459,9.345794392523365,15.887850467289718,0.5882352941176471,0.25412541254125415,0.23735,441.66666666666663,0.2584856396866841,0.6433333333333333,0.24,92.0,15.0,50.0,108.0,428.0,383.0,66.0,11.0,0.0,45.0,0.313,0.386,40.0,0,2.0,,148.0,1,3,0.0,3.0,,46.184397163120565,48.402
1991,CL,横浜DeNAベイスターズ,31333863,市川　和正,K.Ichikawa,23.0,51.0,46.0,5.0,12.0,1.0,0.0,0.0,13.0,2.0,0.0,0,0.0,0.0,5.0,0,0.0,7.0,1.0,0.261,0.333,0.283,0.616,11.0,0.021999999999999964,0.07200000000000001,0.355,9.803921568627452,13.725490196078432,0.7142857142857143,0.3076923076923077,0.22060000000000002,427.33333333333337,0.13043478260869565,0.5142857142857142,0.261,12.0,0.0,2.0,23.0,51.0,46.0,11.0,1.0,0.0,5.0,0.333,0.283,5.0,0,0.0,,13.0,0.0,0,0.0,0.0,,4.333333333333333,4.538
1991,CL,阪神タイガース,31333866,山口　重幸,S.Yamaguchi,28.0,44.0,36.0,3.0,10.0,0.0,0.0,0.0,10.0,3.0,1,0,3.0,0.0,4.0,0,1.0,5.0,1.0,0.278,0.366,0.278,0.644,10.0,0.0,0.08799999999999997,0.366,9.090909090909092,11.363636363636363,0.8,0.3225806451612903,0.23420000000000002,458.6666666666667,0.1111111111111111,0.5555555555555556,0.278,10.0,0.0,3.0,28.0,44.0,36.0,10.0,0.0,0.0,3.0,0.366,0.278,4.0,0,1.0,,10.0,1,0,3.0,0.0,,3.5,4.102
1991,CL,中日ドラゴンズ,31333883,吉田　太,F.Yoshida,8.0,0.0,0.0,0.0,0.0,0.0,0.0,0.0,0.0,0.0,0.0,0,0.0,0.0,0.0,0,0.0,0.0,0.0,,,,0.0,0.0,0.0,0.0,,nan,nan,nan,nan,0.0,0.0,nan,nan,,0.0,0.0,0.0,8.0,0.0,0.0,0.0,0.0,0.0,0.0,,,0.0,0,0.0,,0.0,0.0,0,0.0,0.0,,nan,0.0
1991,CL,読売ジャイアンツ,31433867,槙原　寛己,H.Makihara,27.0,68.0,62.0,2.0,6.0,0.0,0.0,0.0,6.0,2.0,0.0,0,4.0,0.0,2.0,0,0.0,30.0,0.0,0.097,0.125,0.097,0.222,6.0,0.0,0.027999999999999997,0.125,2.941176470588235,44.11764705882353,0.06666666666666667,0.1875,0.0805,157.33333333333331,0.03225806451612903,0.14285714285714285,0.097,6.0,0.0,2.0,27.0,68.0,62.0,6.0,0.0,0.0,2.0,0.125,0.097,2.0,0,0.0,,6.0,0.0,0,4.0,0.0,,0.75,-1.8280000000000003
1991,CL,読売ジャイアンツ,31433868,木田　優夫,M.Kida,21.0,14.0,10.0,0.0,2.0,0.0,0.0,0.0,2.0,0.0,0.0,0,3.0,0.0,1.0,0,0.0,3.0,0.0,0.2,0.273,0.2,0.47300000000000003,2.0,0.0,0.07300000000000001,0.273,7.142857142857142,21.428571428571427,0.3333333333333333,0.2857142857142857,0.17285,339.6666666666667,0.1,0.375,0.2,2.0,0.0,0.0,21.0,14.0,10.0,2.0,0.0,0.0,0.0,0.273,0.2,1.0,0,0.0,,2.0,0.0,0,3.0,0.0,,0.5454545454545454,0.546
1991,CL,中日ドラゴンズ,31533846,小松　辰雄,T.Komatsu,24.0,31.0,28.0,3.0,5.0,1.0,0.0,0.0,6.0,1.0,0.0,0,2.0,0.0,1.0,0,0.0,10.0,0.0,0.179,0.207,0.214,0.421,4.0,0.035,0.027999999999999997,0.242,3.225806451612903,32.25806451612903,0.1,0.2777777777777778,0.14665,278.3333333333333,0.07142857142857142,0.30434782608695654,0.179,5.0,0.0,1.0,24.0,31.0,28.0,4.0,1.0,0.0,3.0,0.207,0.214,1.0,0,0.0,,6.0,0.0,0,2.0,0.0,,1.2413793103448276,0.7959999999999998
1991,CL,東京ヤクルトスワローズ,31533865,君波　威嘉,T.Kiminami,47.0,60.0,59.0,4.0,11.0,2.0,0.0,0.0,13.0,4.0,0.0,0,0.0,0.0,1.0,0,0.0,9.0,1.0,0.186,0.2,0.22,0.42000000000000004,9.0,0.034,0.014000000000000012,0.234,1.6666666666666667,15.0,0.1111111111111111,0.22,0.14500000000000002,273.3333333333333,0.05084745762711865,0.2857142857142857,0.186,11.0,0.0,4.0,47.0,60.0,59.0,9.0,2.0,0.0,4.0,0.2,0.22,1.0,0,0.0,,13.0,0.0,0,0.0,0.0,,2.6,1.565999999999999
1991,CL,横浜DeNAベイスターズ,31533866,岡本　透,T.Okamoto,38.0,54.0,42.0,1.0,5.0,1.0,0.0,0.0,6.0,4.0,0.0,0,10.0,1.0,1.0,0,0.0,13.0,1.0,0.119,0.136,0.143,0.279,4.0,0.023999999999999994,0.017000000000000015,0.16,1.8518518518518516,24.074074074074073,0.07692307692307693,0.16666666666666666,0.09695000000000001,183.66666666666669,0.047619047619047616,0.18421052631578946,0.119,5.0,0.0,4.0,38.0,54.0,42.0,4.0,1.0,0.0,1.0,0.136,0.143,1.0,0,0.0,,6.0,0.0,0,10.0,1.0,,0.8372093023255814,-0.5760000000000005
1991,CL,中日ドラゴンズ,31533868,酒井　忠晴,T.Sakai,40.0,33.0,29.0,6.0,4.0,0.0,0.0,0.0,4.0,1.0,1.0,1,1.0,0.0,2.0,0,1.0,5.0,1.0,0.138,0.219,0.138,0.357,4.0,0.0,0.08099999999999999,0.219,6.0606060606060606,15.151515151515152,0.4,0.16666666666666666,0.13305,265.0,0.10344827586206896,0.3076923076923077,0.138,4.0,0.0,1.0,40.0,33.0,29.0,4.0,0.0,0.0,6.0,0.219,0.138,2.0,0,1.0,,4.0,1.0,1,1.0,0.0,,0.7741935483870968,0.7200000000000002
1991,CL,東京ヤクルトスワローズ,31533883,小坂　勝仁,K.Osaka,11.0,1.0,1.0,0.0,0.0,0.0,0.0,0.0,0.0,0.0,0.0,0,0.0,0.0,0.0,0,0.0,0.0,0.0,0.0,0.0,0.0,0.0,0.0,0.0,0.0,0.0,0.0,0.0,nan,0.0,0.0,0.0,0.0,0.0,0.0,0.0,0.0,0.0,11.0,1.0,1.0,0.0,0.0,0.0,0.0,0.0,0.0,0.0,0,0.0,,0.0,0.0,0,0.0,0.0,,0.0,-0.098
1991,CL,読売ジャイアンツ,31633868,石毛　博史,H.Ishige,23.0,2.0,2.0,0.0,1.0,0.0,0.0,0.0,1.0,0.0,0.0,0,0.0,0.0,0.0,0,0.0,1.0,0.0,0.5,0.5,0.5,1.0,1.0,0.0,0.0,0.5,0.0,50.0,0.0,1.0,0.35,666.6666666666666,0.0,1.0,0.5,1.0,0.0,0.0,23.0,2.0,2.0,1.0,0.0,0.0,0.0,0.5,0.5,0.0,0,0.0,,1.0,0.0,0,0.0,0.0,,0.5,0.402
1991,CL,広島東洋カープ,31633881,前田　智徳,T.Maeda,129.0,465.0,395.0,54.0,107.0,21.0,1.0,4.0,142.0,25.0,14,10,30.0,4.0,31.0,0,5.0,57.0,4.0,0.271,0.329,0.359,0.688,81.0,0.08799999999999997,0.057999999999999996,0.417,6.666666666666667,12.258064516129032,0.543859649122807,0.3047337278106509,0.2378,448.6666666666667,0.19240506329113924,0.6438356164383562,0.271,107.0,4.0,25.0,129.0,465.0,395.0,81.0,21.0,1.0,54.0,0.329,0.359,31.0,0,5.0,,142.0,14,10,30.0,4.0,,46.0,47.87599999999999
1991,CL,横浜DeNAベイスターズ,31733863,駒崎　幸一,Y.Komazaki,18.0,17.0,16.0,1.0,5.0,1.0,0.0,0.0,6.0,2.0,0.0,0,0.0,0.0,0.0,0,0.0,3.0,0.0,0.312,0.312,0.375,0.687,4.0,0.063,0.0,0.375,0.0,17.647058823529413,0.0,0.38461538461538464,0.23415,437.0,0.0625,0.5454545454545454,0.312,5.0,0.0,2.0,18.0,17.0,16.0,4.0,1.0,0.0,1.0,0.312,0.375,0.0,0,0.0,,6.0,0.0,0,0.0,0.0,,1.875,1.6419999999999997
1991,CL,広島東洋カープ,31733866,高　信二,S.Kou,71.0,42.0,40.0,8.0,8.0,3.0,0.0,0.0,11.0,4.0,1,0,2.0,0.0,0.0,0,0.0,8.0,0.0,0.2,0.2,0.275,0.47500000000000003,5.0,0.07500000000000001,0.0,0.275,0.0,19.047619047619047,0.0,0.25,0.15875,291.6666666666667,0.075,0.34375,0.2,8.0,0.0,4.0,71.0,42.0,40.0,5.0,3.0,0.0,8.0,0.2,0.275,0.0,0,0.0,,11.0,1,0,2.0,0.0,,2.2,1.524
1991,CL,阪神タイガース,31733883,田村　勤,T.Tamura,50.0,9.0,6.0,0.0,0.0,0.0,0.0,0.0,0.0,1.0,0.0,0,3.0,0.0,0.0,0,0.0,4.0,0.0,0.0,0.0,0.0,0.0,0.0,0.0,0.0,0.0,0.0,44.44444444444444,0.0,0.0,0.0,0.0,0.0,0.0,0.0,0.0,0.0,1.0,50.0,9.0,6.0,0.0,0.0,0.0,0.0,0.0,0.0,0.0,0,0.0,,0.0,0.0,0,3.0,0.0,,0.0,-0.5880000000000001
1991,CL,阪神タイガース,31833881,麦倉　洋一,Y.Mugikura,16.0,10.0,9.0,0.0,1.0,0.0,0.0,0.0,1.0,0.0,0.0,0,1.0,0.0,0.0,0,0.0,4.0,1.0,0.111,0.111,0.111,0.222,1.0,0.0,0.0,0.111,0.0,40.0,0.0,0.2,0.0777,148.0,0.0,0.1111111111111111,0.111,1.0,0.0,0.0,16.0,10.0,9.0,1.0,0.0,0.0,0.0,0.111,0.111,0.0,0,0.0,,1.0,0.0,0,1.0,0.0,,0.1111111111111111,-0.28400000000000003
1991,CL,阪神タイガース,31933846,古屋　英夫,H.Furuya,44.0,48.0,45.0,1.0,14.0,2.0,0.0,0.0,16.0,2.0,0.0,0,0.0,0.0,2.0,0,1.0,12.0,3.0,0.311,0.354,0.356,0.71,12.0,0.044999999999999984,0.04299999999999998,0.3989999999999999,4.166666666666666,25.0,0.16666666666666666,0.42424242424242425,0.2483,472.66666666666663,0.08888888888888889,0.5588235294117647,0.311,14.0,0.0,2.0,44.0,48.0,45.0,12.0,2.0,0.0,1.0,0.354,0.356,2.0,0,1.0,,16.0,0.0,0,0.0,0.0,,5.446808510638298,5.3919999999999995
1991,CL,広島東洋カープ,31933866,バークレオ,T.Burkleo,29.0,73.0,59.0,2.0,12.0,2.0,0.0,2.0,20.0,5.0,0.0,0,0.0,0.0,12.0,0,2.0,22.0,3.0,0.203,0.356,0.339,0.6950000000000001,8.0,0.136,0.15299999999999997,0.492,16.43835616438356,30.136986301369863,0.5454545454545454,0.2857142857142857,0.24495,469.0,0.3389830508474576,0.68,0.203,12.0,2.0,5.0,29.0,73.0,59.0,8.0,2.0,0.0,2.0,0.356,0.339,12.0,0,2.0,,20.0,0.0,0,0.0,0.0,,6.76056338028169,8.334000000000001
1991,CL,阪神タイガース,33133868,太田　貴,T.Oota,4.0,0.0,0.0,0.0,0.0,0.0,0.0,0.0,0.0,0.0,0.0,0,0.0,0.0,0.0,0,0.0,0.0,0.0,,,,0.0,0.0,0.0,0.0,,nan,nan,nan,nan,0.0,0.0,nan,nan,,0.0,0.0,0.0,4.0,0.0,0.0,0.0,0.0,0.0,0.0,,,0.0,0,0.0,,0.0,0.0,0,0.0,0.0,,nan,0.0
1991,CL,横浜DeNAベイスターズ,33133883,渡部　高史,T.Watabe,2.0,0.0,0.0,0.0,0.0,0.0,0.0,0.0,0.0,0.0,0.0,0,0.0,0.0,0.0,0,0.0,0.0,0.0,,,,0.0,0.0,0.0,0.0,,nan,nan,nan,nan,0.0,0.0,nan,nan,,0.0,0.0,0.0,2.0,0.0,0.0,0.0,0.0,0.0,0.0,,,0.0,0,0.0,,0.0,0.0,0,0.0,0.0,,nan,0.0
1991,CL,広島東洋カープ,33233868,西山　秀二,S.Nishiyama,52.0,122.0,111.0,17.0,31.0,6.0,1.0,4.0,51.0,14.0,1,2,2.0,2.0,7.0,0,0.0,21.0,2.0,0.279,0.317,0.459,0.776,20.0,0.18,0.03799999999999998,0.497,5.737704918032787,17.21311475409836,0.3333333333333333,0.3068181818181818,0.2574,470.0,0.26126126126126126,0.7317073170731707,0.279,31.0,4.0,14.0,52.0,122.0,111.0,20.0,6.0,1.0,17.0,0.317,0.459,7.0,0,0.0,,51.0,1,2,2.0,2.0,,16.423728813559322,15.949999999999996
1991,CL,阪神タイガース,33533868,坂　孝一,K.Saka,1.0,0.0,0.0,1.0,0.0,0.0,0.0,0.0,0.0,0.0,0.0,0,0.0,0.0,0.0,0,0.0,0.0,0.0,,,,0.0,0.0,0.0,0.0,,nan,nan,nan,nan,0.0,0.0,nan,nan,,0.0,0.0,0.0,1.0,0.0,0.0,0.0,0.0,0.0,1.0,,,0.0,0,0.0,,0.0,0.0,0,0.0,0.0,,nan,0.0
1991,CL,広島東洋カープ,3403868,R.アレン,R.Allen,68.0,226.0,206.0,23.0,48.0,10.0,0.0,9.0,85.0,33.0,1.0,0,0.0,1.0,19.0,0,0.0,44.0,2.0,0.233,0.296,0.413,0.709,29.0,0.17999999999999997,0.06299999999999997,0.476,8.4070796460177,19.469026548672566,0.4318181818181818,0.2532467532467532,0.23645,433.66666666666663,0.2766990291262136,0.65625,0.233,48.0,9.0,33.0,68.0,226.0,206.0,29.0,10.0,0.0,23.0,0.296,0.413,19.0,0,0.0,,85.0,1.0,0,0.0,1.0,,25.31111111111111,25.625999999999998
1991,CL,阪神タイガース,3503868,金子　誠一,S.Kaneko,13.0,14.0,12.0,2.0,2.0,0.0,0.0,0.0,2.0,0.0,0.0,0,0.0,0.0,2.0,0,0.0,5.0,0.0,0.167,0.286,0.167,0.45299999999999996,2.0,0.0,0.11899999999999997,0.286,14.285714285714285,35.714285714285715,0.4,0.2857142857142857,0.17045,341.6666666666667,0.16666666666666666,0.4,0.167,2.0,0.0,0.0,13.0,14.0,12.0,2.0,0.0,0.0,2.0,0.286,0.167,2.0,0,0.0,,2.0,0.0,0,0.0,0.0,,0.5714285714285714,0.6800000000000002
1991,CL,東京ヤクルトスワローズ,35233868,笘篠　賢治,K.Tomashino,112.0,337.0,301.0,40.0,75.0,10.0,6.0,4.0,109.0,21.0,16,5,19.0,0.0,13.0,0,4.0,46.0,2.0,0.249,0.289,0.362,0.651,55.0,0.11299999999999999,0.03999999999999998,0.4019999999999999,3.857566765578635,13.649851632047477,0.2826086956521739,0.28286852589641437,0.22055,409.66666666666663,0.17275747508305647,0.5745614035087719,0.249,75.0,4.0,21.0,112.0,337.0,301.0,55.0,10.0,6.0,40.0,0.289,0.362,13.0,0,4.0,,109.0,16,5,19.0,0.0,,30.547770700636942,31.062
1991,CL,中日ドラゴンズ,41043860,早川　和夫,K.Hayakawa,33.0,31.0,22.0,5.0,5.0,1.0,0.0,0.0,6.0,0.0,0.0,0,0.0,0.0,9.0,0,0.0,8.0,0.0,0.227,0.452,0.273,0.7250000000000001,4.0,0.04600000000000001,0.225,0.498,29.03225806451613,25.806451612903224,1.125,0.35714285714285715,0.27165,543.0,0.45454545454545453,0.8823529411764706,0.227,5.0,0.0,0.0,33.0,31.0,22.0,4.0,1.0,0.0,5.0,0.452,0.273,9.0,0,0.0,,6.0,0.0,0,0.0,0.0,,2.7096774193548385,4.023999999999999
1991,CL,中日ドラゴンズ,41143861,大石　友好,T.Ooishi,23.0,6.0,5.0,0.0,2.0,2.0,0.0,0.0,4.0,0.0,0.0,0,0.0,0.0,1.0,0,0.0,0.0,0.0,0.4,0.5,0.8,1.3,0.0,0.4,0.09999999999999998,0.9,16.666666666666664,0.0,nan,0.4,0.42500000000000004,766.6666666666666,0.6,1.6666666666666667,0.4,2.0,0.0,0.0,23.0,6.0,5.0,0.0,2.0,0.0,0.0,0.5,0.8,1.0,0,0.0,,4.0,0.0,0,0.0,0.0,,2.0,1.476
1991,CL,阪神タイガース,41143866,嶋尾　康史,Y.Shimao,2.0,0.0,0.0,0.0,0.0,0.0,0.0,0.0,0.0,0.0,0.0,0,0.0,0.0,0.0,0,0.0,0.0,0.0,,,,0.0,0.0,0.0,0.0,,nan,nan,nan,nan,0.0,0.0,nan,nan,,0.0,0.0,0.0,2.0,0.0,0.0,0.0,0.0,0.0,0.0,,,0.0,0,0.0,,0.0,0.0,0,0.0,0.0,,nan,0.0
1991,CL,読売ジャイアンツ,41243868,吉田　修司,S.Yoshida,14.0,14.0,12.0,1.0,1.0,0.0,0.0,0.0,1.0,0.0,0.0,0,1.0,0.0,1.0,0,0.0,6.0,2.0,0.083,0.154,0.083,0.237,1.0,0.0,0.071,0.154,7.142857142857142,42.857142857142854,0.16666666666666666,0.16666666666666666,0.09005,181.66666666666666,0.08333333333333333,0.15384615384615385,0.083,1.0,0.0,0.0,14.0,14.0,12.0,1.0,0.0,0.0,1.0,0.154,0.083,1.0,0,0.0,,1.0,0.0,0,1.0,0.0,,0.15384615384615385,-0.248
1991,CL,中日ドラゴンズ,41343864,神山　一義,K.Kouyama,1.0,1.0,1.0,0.0,1.0,0.0,0.0,0.0,1.0,0.0,0.0,0,0.0,0.0,0.0,0,0.0,0.0,0.0,1.0,1.0,1.0,2.0,1.0,0.0,0.0,1.0,0.0,0.0,nan,1.0,0.7,1333.3333333333333,0.0,nan,1.0,1.0,0.0,0.0,1.0,1.0,1.0,1.0,0.0,0.0,0.0,1.0,1.0,0.0,0,0.0,,1.0,0.0,0,0.0,0.0,,1.0,0.5
1991,CL,東京ヤクルトスワローズ,41343866,長嶋　一茂,K.Nagashima,67.0,172.0,149.0,12.0,33.0,8.0,2.0,4.0,57.0,18.0,1,0,0.0,1.0,21.0,0,1.0,44.0,6.0,0.221,0.32,0.383,0.7030000000000001,19.0,0.162,0.099,0.482,12.209302325581394,25.581395348837212,0.4772727272727273,0.28431372549019607,0.23975000000000002,447.66666666666663,0.30201342281879195,0.6475409836065574,0.221,33.0,4.0,18.0,67.0,172.0,149.0,19.0,8.0,2.0,12.0,0.32,0.383,21.0,0,1.0,,57.0,1,0,0.0,1.0,,18.105882352941176,18.992000000000004
1991,CL,広島東洋カープ,41343869,川端　順,J.Kawabata,29.0,6.0,5.0,1.0,0.0,0.0,0.0,0.0,0.0,0.0,0.0,0,0.0,0.0,0.0,0,1.0,3.0,0.0,0.0,0.167,0.0,0.167,0.0,0.0,0.167,0.167,0.0,50.0,0.0,0.0,0.07515000000000001,167.0,0.0,0.2,0.0,0.0,0.0,0.0,29.0,6.0,5.0,0.0,0.0,0.0,1.0,0.167,0.0,0.0,0,1.0,,0.0,0.0,0,0.0,0.0,,0.0,-0.15999999999999998
1991,CL,読売ジャイアンツ,41343881,大森　剛,T.Oomori,22.0,24.0,24.0,1.0,4.0,0.0,0.0,0.0,4.0,0.0,0.0,0,0.0,0.0,0.0,0,0.0,5.0,0.0,0.167,0.167,0.167,0.334,4.0,0.0,0.0,0.167,0.0,20.833333333333336,0.0,0.21052631578947367,0.1169,222.66666666666669,0.0,0.2,0.167,4.0,0.0,0.0,22.0,24.0,24.0,4.0,0.0,0.0,1.0,0.167,0.167,0.0,0,0.0,,4.0,0.0,0,0.0,0.0,,0.6666666666666666,0.040000000000000036
1991,CL,中日ドラゴンズ,41343883,矢野　燿大,A.Yano,22.0,30.0,27.0,2.0,3.0,0.0,0.0,1.0,6.0,4.0,0.0,0,1.0,0.0,2.0,0,0.0,15.0,0.0,0.111,0.172,0.222,0.394,2.0,0.111,0.060999999999999985,0.283,6.666666666666667,50.0,0.13333333333333333,0.18181818181818182,0.1329,246.0,0.18518518518518517,0.3333333333333333,0.111,3.0,1.0,4.0,22.0,30.0,27.0,2.0,0.0,0.0,2.0,0.172,0.222,2.0,0,0.0,,6.0,0.0,0,1.0,0.0,,1.0344827586206897,0.7479999999999998
1991,CL,読売ジャイアンツ,41443860,宮本　和知,K.Miyamoto,32.0,70.0,62.0,2.0,7.0,1.0,0.0,0.0,8.0,2.0,0.0,0,7.0,0.0,1.0,0,0.0,27.0,2.0,0.113,0.127,0.129,0.256,6.0,0.016,0.013999999999999999,0.143,1.4285714285714286,38.57142857142858,0.037037037037037035,0.2,0.08940000000000001,170.0,0.03225806451612903,0.15789473684210525,0.113,7.0,0.0,2.0,32.0,70.0,62.0,6.0,1.0,0.0,2.0,0.127,0.129,1.0,0,0.0,,8.0,0.0,0,7.0,0.0,,1.0158730158730158,-1.3400000000000007
1991,CL,東京ヤクルトスワローズ,41443862,乱橋　幸仁,Y.Ranbashi,11.0,0.0,0.0,0.0,0.0,0.0,0.0,0.0,0.0,0.0,0.0,0,0.0,0.0,0.0,0,0.0,0.0,0.0,,,,0.0,0.0,0.0,0.0,,nan,nan,nan,nan,0.0,0.0,nan,nan,,0.0,0.0,0.0,11.0,0.0,0.0,0.0,0.0,0.0,0.0,,,0.0,0,0.0,,0.0,0.0,0,0.0,0.0,,nan,0.0
1991,CL,横浜DeNAベイスターズ,41543866,盛田　幸妃,K.Morita,28.0,3.0,3.0,0.0,1.0,0.0,0.0,0.0,1.0,1.0,0.0,0,0.0,0.0,0.0,0,0.0,0.0,0.0,0.333,0.333,0.333,0.666,1.0,0.0,0.0,0.333,0.0,0.0,nan,0.3333333333333333,0.23310000000000003,444.0,0.0,0.5,0.333,1.0,0.0,1.0,28.0,3.0,3.0,1.0,0.0,0.0,0.0,0.333,0.333,0.0,0,0.0,,1.0,0.0,0,0.0,0.0,,0.3333333333333333,0.304
1991,CL,読売ジャイアンツ,41643868,杉山　直輝,N.Sugiyama,1.0,1.0,1.0,0.0,0.0,0.0,0.0,0.0,0.0,0.0,0.0,0,0.0,0.0,0.0,0,0.0,0.0,0.0,0.0,0.0,0.0,0.0,0.0,0.0,0.0,0.0,0.0,0.0,nan,0.0,0.0,0.0,0.0,0.0,0.0,0.0,0.0,0.0,1.0,1.0,1.0,0.0,0.0,0.0,0.0,0.0,0.0,0.0,0,0.0,,0.0,0.0,0,0.0,0.0,,0.0,-0.098
1991,CL,広島東洋カープ,41743865,津田　恒実,T.Tsuda,2.0,0.0,0.0,0.0,0.0,0.0,0.0,0.0,0.0,0.0,0.0,0,0.0,0.0,0.0,0,0.0,0.0,0.0,,,,0.0,0.0,0.0,0.0,,nan,nan,nan,nan,0.0,0.0,nan,nan,,0.0,0.0,0.0,2.0,0.0,0.0,0.0,0.0,0.0,0.0,,,0.0,0,0.0,,0.0,0.0,0,0.0,0.0,,nan,0.0
1991,CL,読売ジャイアンツ,41743866,高田　誠,M.Takada,2.0,1.0,1.0,0.0,0.0,0.0,0.0,0.0,0.0,0.0,0.0,0,0.0,0.0,0.0,0,0.0,0.0,0.0,0.0,0.0,0.0,0.0,0.0,0.0,0.0,0.0,0.0,0.0,nan,0.0,0.0,0.0,0.0,0.0,0.0,0.0,0.0,0.0,2.0,1.0,1.0,0.0,0.0,0.0,0.0,0.0,0.0,0.0,0,0.0,,0.0,0.0,0,0.0,0.0,,0.0,-0.098
1991,CL,阪神タイガース,41743883,M.ウイン,M.Wynne,123.0,473.0,453.0,40.0,104.0,18.0,5.0,13.0,171.0,44.0,6,2,0.0,1.0,18.0,0,1.0,96.0,12.0,0.23,0.26,0.377,0.637,68.0,0.147,0.03,0.407,3.8054968287526427,20.29598308668076,0.1875,0.263768115942029,0.21125,385.6666666666667,0.19205298013245034,0.5318559556786704,0.23,104.0,13.0,44.0,123.0,473.0,453.0,68.0,18.0,5.0,40.0,0.26,0.377,18.0,0,1.0,,171.0,6,2,0.0,1.0,,44.29299363057325,43.30799999999999
1991,CL,広島東洋カープ,41843883,瀬戸　輝信,T.Seto,7.0,8.0,8.0,0.0,2.0,0.0,0.0,0.0,2.0,0.0,0.0,0,0.0,0.0,0.0,0,0.0,3.0,0.0,0.25,0.25,0.25,0.5,2.0,0.0,0.0,0.25,0.0,37.5,0.0,0.4,0.175,333.3333333333333,0.0,0.3333333333333333,0.25,2.0,0.0,0.0,7.0,8.0,8.0,2.0,0.0,0.0,0.0,0.25,0.25,0.0,0,0.0,,2.0,0.0,0,0.0,0.0,,0.5,0.4119999999999999
1991,CL,東京ヤクルトスワローズ,43143883,T.バートサス,T.Birtsas,18.0,29.0,26.0,0.0,5.0,2.0,0.0,0.0,7.0,3.0,0.0,0,2.0,0.0,1.0,0,0.0,10.0,0.0,0.192,0.222,0.269,0.491,3.0,0.07700000000000001,0.03,0.299,3.4482758620689653,34.48275862068966,0.1,0.3125,0.16715000000000002,311.66666666666663,0.11538461538461539,0.38095238095238093,0.192,5.0,0.0,3.0,18.0,29.0,26.0,3.0,2.0,0.0,0.0,0.222,0.269,1.0,0,0.0,,7.0,0.0,0,2.0,0.0,,1.5555555555555556,1.2119999999999997
1991,CL,広島東洋カープ,43243868,野村　謙二郎,K.Nomura,132.0,573.0,524.0,75.0,170.0,22.0,7.0,10.0,236.0,66.0,31,5,5.0,6.0,29.0,0,9.0,62.0,7.0,0.324,0.366,0.45,0.8160000000000001,131.0,0.126,0.04199999999999998,0.492,5.06108202443281,10.820244328097731,0.46774193548387094,0.34934497816593885,0.2772,516.0,0.19083969465648856,0.7728531855955678,0.324,170.0,10.0,66.0,132.0,573.0,524.0,131.0,22.0,7.0,75.0,0.366,0.45,29.0,0,9.0,,236.0,31,5,5.0,6.0,,84.92585895117541,81.76800000000003
1991,CL,広島東洋カープ,43743868,松井　隆昌,T.Matsui,18.0,22.0,22.0,3.0,5.0,1.0,0.0,2.0,12.0,7.0,0.0,0,0.0,0.0,0.0,0,0.0,4.0,1.0,0.227,0.227,0.545,0.772,2.0,0.31800000000000006,0.0,0.545,0.0,18.181818181818183,0.0,0.1875,0.2384,408.6666666666667,0.3181818181818182,0.6666666666666666,0.227,5.0,2.0,7.0,18.0,22.0,22.0,2.0,1.0,0.0,3.0,0.227,0.545,0.0,0,0.0,,12.0,0.0,0,0.0,0.0,,2.727272727272727,2.9339999999999993
1991,CL,東京ヤクルトスワローズ,5003868,加藤　博人,H.Katou,42.0,48.0,40.0,4.0,8.0,1.0,0.0,0.0,9.0,4.0,0.0,0,6.0,1.0,1.0,0,0.0,20.0,0.0,0.2,0.214,0.225,0.439,7.0,0.024999999999999994,0.013999999999999985,0.239,2.083333333333333,41.66666666666667,0.05,0.38095238095238093,0.15255,289.0,0.05,0.3125,0.2,8.0,0.0,4.0,42.0,48.0,40.0,7.0,1.0,0.0,4.0,0.214,0.225,1.0,0,0.0,,9.0,0.0,0,6.0,1.0,,1.975609756097561,1.4139999999999997
1991,CL,広島東洋カープ,51053863,原　伸樹,S.Hara,48.0,71.0,63.0,5.0,16.0,5.0,0.0,1.0,24.0,16.0,0,1,0.0,2.0,5.0,0,1.0,16.0,1.0,0.254,0.31,0.381,0.6910000000000001,10.0,0.127,0.055999999999999994,0.437,7.042253521126761,22.535211267605636,0.3125,0.3125,0.23475000000000001,437.0,0.2222222222222222,0.6458333333333334,0.254,16.0,1.0,16.0,48.0,71.0,63.0,10.0,5.0,0.0,5.0,0.31,0.381,5.0,0,1.0,,24.0,0,1,0.0,2.0,,7.411764705882353,7.593999999999999
1991,CL,東京ヤクルトスワローズ,51053865,宮本　賢治,K.Miyamoto,17.0,15.0,12.0,0.0,3.0,0.0,0.0,0.0,3.0,2.0,0.0,0,1.0,0.0,2.0,0,0.0,3.0,0.0,0.25,0.357,0.25,0.607,3.0,0.0,0.10699999999999998,0.357,13.333333333333334,20.0,0.6666666666666666,0.3333333333333333,0.22315,440.3333333333333,0.16666666666666666,0.5555555555555556,0.25,3.0,0.0,2.0,17.0,15.0,12.0,3.0,0.0,0.0,0.0,0.357,0.25,2.0,0,0.0,,3.0,0.0,0,1.0,0.0,,1.0714285714285714,1.278
1991,CL,東京ヤクルトスワローズ,51053867,中本　茂樹,S.Nakamoto,22.0,6.0,5.0,0.0,1.0,0.0,0.0,0.0,1.0,0.0,0.0,0,1.0,0.0,0.0,0,0.0,2.0,0.0,0.2,0.2,0.2,0.4,1.0,0.0,0.0,0.2,0.0,33.33333333333333,0.0,0.3333333333333333,0.14,266.6666666666667,0.0,0.25,0.2,1.0,0.0,0.0,22.0,6.0,5.0,1.0,0.0,0.0,0.0,0.2,0.2,0.0,0,0.0,,1.0,0.0,0,1.0,0.0,,0.2,0.10799999999999998
1991,CL,東京ヤクルトスワローズ,51153862,荒井　幸雄,Y.Arai,65.0,197.0,162.0,18.0,36.0,2.0,1.0,4.0,52.0,14.0,1,4,9.0,1.0,25.0,0,0.0,15.0,4.0,0.222,0.324,0.321,0.645,29.0,0.099,0.10200000000000001,0.423,12.690355329949238,7.614213197969544,1.6666666666666667,0.2222222222222222,0.22605000000000003,431.0,0.2777777777777778,0.6230769230769231,0.222,36.0,4.0,14.0,65.0,197.0,162.0,29.0,2.0,1.0,18.0,0.324,0.321,25.0,0,0.0,,52.0,1,4,9.0,1.0,,16.962566844919785,19.362000000000002
1991,CL,読売ジャイアンツ,51253865,吉村　禎章,S.Yoshimura,93.0,271.0,242.0,25.0,55.0,6.0,0.0,10.0,91.0,42.0,0,1,0.0,1.0,27.0,0,1.0,31.0,6.0,0.227,0.306,0.376,0.6819999999999999,39.0,0.149,0.07899999999999999,0.4549999999999999,9.96309963099631,11.439114391143912,0.8709677419354839,0.22277227722772278,0.2317,431.33333333333337,0.2644628099173554,0.6217616580310881,0.227,55.0,10.0,42.0,93.0,271.0,242.0,39.0,6.0,0.0,25.0,0.306,0.376,27.0,0,1.0,,91.0,0,1,0.0,1.0,,27.739776951672862,29.314
1991,CL,阪神タイガース,51253869,藤本　修二,S.Fujimoto,30.0,8.0,6.0,0.0,0.0,0.0,0.0,0.0,0.0,0.0,0.0,0,1.0,0.0,1.0,0,0.0,2.0,0.0,0.0,0.143,0.0,0.143,0.0,0.0,0.143,0.143,12.5,25.0,0.5,0.0,0.06434999999999999,143.0,0.16666666666666666,0.16666666666666666,0.0,0.0,0.0,0.0,30.0,8.0,6.0,0.0,0.0,0.0,0.0,0.143,0.0,1.0,0,0.0,,0.0,0.0,0,1.0,0.0,,0.0,-0.25800000000000006
1991,CL,東京ヤクルトスワローズ,51253881,西村　龍次,T.Nishimura,35.0,85.0,73.0,2.0,4.0,1.0,0.0,0.0,5.0,3.0,0.0,0,10.0,0.0,1.0,0,1.0,38.0,1.0,0.055,0.08,0.068,0.14800000000000002,3.0,0.013000000000000005,0.025,0.093,1.1764705882352942,44.70588235294118,0.02631578947368421,0.11428571428571428,0.053000000000000005,102.66666666666667,0.0273972602739726,0.1,0.055,4.0,0.0,3.0,35.0,85.0,73.0,3.0,1.0,0.0,2.0,0.08,0.068,1.0,0,1.0,,5.0,0.0,0,10.0,0.0,,0.33783783783783783,-3.8820000000000006
1991,CL,広島東洋カープ,51353861,長内　孝,T.Osanai,99.0,169.0,146.0,22.0,34.0,6.0,0.0,5.0,55.0,16.0,2,0,2.0,1.0,19.0,0,1.0,26.0,3.0,0.233,0.323,0.377,0.7,23.0,0.144,0.09,0.4669999999999999,11.242603550295858,15.384615384615385,0.7307692307692307,0.25,0.2396,448.6666666666667,0.273972602739726,0.6521739130434783,0.233,34.0,5.0,16.0,99.0,169.0,146.0,23.0,6.0,0.0,22.0,0.323,0.377,19.0,0,1.0,,55.0,2,0,2.0,1.0,,17.666666666666668,18.644
1991,CL,横浜DeNAベイスターズ,51353864,加茂川　重治,S.Kamogawa,1.0,0.0,0.0,0.0,0.0,0.0,0.0,0.0,0.0,0.0,0.0,0,0.0,0.0,0.0,0,0.0,0.0,0.0,,,,0.0,0.0,0.0,0.0,,nan,nan,nan,nan,0.0,0.0,nan,nan,,0.0,0.0,0.0,1.0,0.0,0.0,0.0,0.0,0.0,0.0,,,0.0,0,0.0,,0.0,0.0,0,0.0,0.0,,nan,0.0
1991,CL,読売ジャイアンツ,51353865,岡崎　郁,K.Okazaki,113.0,452.0,400.0,44.0,103.0,13.0,1.0,5.0,133.0,44.0,1,2,2.0,5.0,43.0,0,2.0,56.0,10.0,0.258,0.329,0.333,0.662,84.0,0.07500000000000001,0.07100000000000001,0.404,9.513274336283185,12.389380530973451,0.7678571428571429,0.28488372093023256,0.2313,440.0,0.1875,0.5863192182410424,0.258,103.0,5.0,44.0,113.0,452.0,400.0,84.0,13.0,1.0,44.0,0.329,0.333,43.0,0,2.0,,133.0,1,2,2.0,5.0,,43.83295711060948,45.703999999999986
1991,CL,阪神タイガース,51353866,横谷　総一,S.Yokotani,8.0,24.0,22.0,2.0,4.0,3.0,0.0,0.0,7.0,0.0,0.0,0,0.0,0.0,2.0,0,0.0,8.0,0.0,0.182,0.25,0.318,0.5680000000000001,1.0,0.136,0.068,0.386,8.333333333333332,33.33333333333333,0.25,0.2857142857142857,0.192,356.0,0.22727272727272727,0.5,0.182,4.0,0.0,0.0,8.0,24.0,22.0,1.0,3.0,0.0,2.0,0.25,0.318,2.0,0,0.0,,7.0,0.0,0,0.0,0.0,,1.75,1.5560000000000003
1991,CL,中日ドラゴンズ,51353883,S.アンダーソン,S.Anderson,26.0,50.0,46.0,2.0,3.0,1.0,0.0,0.0,4.0,1.0,0,1,3.0,0.0,1.0,0,0.0,23.0,0.0,0.065,0.085,0.087,0.172,2.0,0.021999999999999992,0.020000000000000004,0.107,2.0,46.0,0.043478260869565216,0.13043478260869565,0.060000000000000005,114.0,0.06521739130434782,0.13953488372093023,0.065,3.0,0.0,1.0,26.0,50.0,46.0,2.0,1.0,0.0,2.0,0.085,0.087,1.0,0,0.0,,4.0,0,1,3.0,0.0,,0.3404255319148936,-1.9840000000000004
1991,CL,東京ヤクルトスワローズ,51553842,角　富士夫,F.Sumi,106.0,325.0,285.0,21.0,67.0,10.0,1.0,7.0,100.0,34.0,0,1,7.0,5.0,27.0,0,1.0,37.0,16.0,0.235,0.299,0.351,0.6499999999999999,49.0,0.11599999999999999,0.064,0.415,8.307692307692308,11.384615384615385,0.7297297297297297,0.24390243902439024,0.2223,416.0,0.21403508771929824,0.5512820512820513,0.235,67.0,7.0,34.0,106.0,325.0,285.0,49.0,10.0,1.0,21.0,0.299,0.351,27.0,0,1.0,,100.0,0,1,7.0,5.0,,30.128205128205128,30.876
1991,CL,広島東洋カープ,51553863,川口　和久,K.Kawaguchi,30.0,79.0,70.0,4.0,16.0,2.0,1.0,0.0,20.0,5.0,0.0,0,7.0,0.0,2.0,0,0.0,28.0,1.0,0.229,0.25,0.286,0.536,13.0,0.05699999999999997,0.02099999999999999,0.3069999999999999,2.5316455696202533,35.44303797468354,0.07142857142857142,0.38095238095238093,0.184,345.3333333333333,0.08571428571428572,0.4,0.229,16.0,0.0,5.0,30.0,79.0,70.0,13.0,2.0,1.0,4.0,0.25,0.286,2.0,0,0.0,,20.0,0.0,0,7.0,0.0,,5.0,4.348000000000001
1991,CL,阪神タイガース,51553867,木戸　克彦,K.Kido,80.0,185.0,163.0,14.0,37.0,7.0,1.0,5.0,61.0,24.0,0,2,4.0,0.0,18.0,0,0.0,36.0,6.0,0.227,0.304,0.374,0.6779999999999999,24.0,0.147,0.07699999999999999,0.4509999999999999,9.72972972972973,19.45945945945946,0.5,0.26229508196721313,0.2303,428.66666666666663,0.26993865030674846,0.6136363636363636,0.227,37.0,5.0,24.0,80.0,185.0,163.0,24.0,7.0,1.0,14.0,0.304,0.374,18.0,0,0.0,,61.0,0,2,4.0,0.0,,18.535911602209946,19.232
1991,CL,中日ドラゴンズ,51553868,前原　博之,H.Maehara,5.0,2.0,2.0,2.0,0.0,0.0,0.0,0.0,0.0,0.0,0.0,0,0.0,0.0,0.0,0,0.0,0.0,0.0,0.0,0.0,0.0,0.0,0.0,0.0,0.0,0.0,0.0,0.0,nan,0.0,0.0,0.0,0.0,0.0,0.0,0.0,0.0,0.0,5.0,2.0,2.0,0.0,0.0,0.0,2.0,0.0,0.0,0.0,0,0.0,,0.0,0.0,0,0.0,0.0,,0.0,-0.196
1991,CL,阪神タイガース,51553881,葛西　稔,M.Kasai,26.0,33.0,28.0,2.0,4.0,2.0,0.0,0.0,6.0,1.0,0.0,0,2.0,0.0,3.0,0,0.0,14.0,0.0,0.143,0.226,0.214,0.44,2.0,0.07100000000000001,0.08300000000000002,0.297,9.090909090909092,42.42424242424242,0.21428571428571427,0.2857142857142857,0.1552,297.3333333333333,0.17857142857142858,0.375,0.143,4.0,0.0,1.0,26.0,33.0,28.0,2.0,2.0,0.0,2.0,0.226,0.214,3.0,0,0.0,,6.0,0.0,0,2.0,0.0,,1.3548387096774193,1.0779999999999994
1991,CL,東京ヤクルトスワローズ,51553883,高津　臣吾,S.Takatsu,13.0,7.0,7.0,0.0,0.0,0.0,0.0,0.0,0.0,0.0,0.0,0,0.0,0.0,0.0,0,0.0,1.0,1.0,0.0,0.0,0.0,0.0,0.0,0.0,0.0,0.0,0.0,14.285714285714285,0.0,0.0,0.0,0.0,0.0,0.0,0.0,0.0,0.0,0.0,13.0,7.0,7.0,0.0,0.0,0.0,0.0,0.0,0.0,0.0,0,0.0,,0.0,0.0,0,0.0,0.0,,0.0,-0.686
1991,CL,阪神タイガース,51753860,嶋田　章弘,A.Shimada,27.0,88.0,68.0,8.0,15.0,3.0,0.0,0.0,18.0,6.0,3,1,5.0,0.0,14.0,0,1.0,17.0,1.0,0.221,0.361,0.265,0.626,12.0,0.04400000000000001,0.13999999999999999,0.405,15.909090909090908,19.318181818181817,0.8235294117647058,0.29411764705882354,0.22870000000000001,449.3333333333333,0.2647058823529412,0.6296296296296297,0.221,15.0,0.0,6.0,27.0,88.0,68.0,12.0,3.0,0.0,8.0,0.361,0.265,14.0,0,1.0,,18.0,3,1,5.0,0.0,,6.365853658536586,8.096
1991,CL,阪神タイガース,51753883,嶋田　哲也,T.Shimata,2.0,0.0,0.0,0.0,0.0,0.0,0.0,0.0,0.0,0.0,0.0,0,0.0,0.0,0.0,0,0.0,0.0,0.0,,,,0.0,0.0,0.0,0.0,,nan,nan,nan,nan,0.0,0.0,nan,nan,,0.0,0.0,0.0,2.0,0.0,0.0,0.0,0.0,0.0,0.0,,,0.0,0,0.0,,0.0,0.0,0,0.0,0.0,,nan,0.0
1991,CL,読売ジャイアンツ,51853868,緒方　耕一,K.Ogata,80.0,269.0,242.0,33.0,67.0,10.0,5.0,2.0,93.0,22.0,4,6,3.0,0.0,23.0,0,1.0,39.0,0.0,0.277,0.342,0.384,0.726,50.0,0.10699999999999998,0.065,0.449,8.550185873605948,14.49814126394052,0.5897435897435898,0.32338308457711445,0.2499,470.00000000000006,0.22727272727272727,0.7028571428571428,0.277,67.0,2.0,22.0,80.0,269.0,242.0,50.0,10.0,5.0,33.0,0.342,0.384,23.0,0,1.0,,93.0,4,6,3.0,0.0,,31.58490566037736,32.13000000000001
1991,CL,中日ドラゴンズ,51953867,田中　富生,T.Tanaka,2.0,0.0,0.0,0.0,0.0,0.0,0.0,0.0,0.0,0.0,0.0,0,0.0,0.0,0.0,0,0.0,0.0,0.0,,,,0.0,0.0,0.0,0.0,,nan,nan,nan,nan,0.0,0.0,nan,nan,,0.0,0.0,0.0,2.0,0.0,0.0,0.0,0.0,0.0,0.0,,,0.0,0,0.0,,0.0,0.0,0,0.0,0.0,,nan,0.0
1991,CL,阪神タイガース,53153868,渡辺　伸彦,N.Watanabe,8.0,0.0,0.0,0.0,0.0,0.0,0.0,0.0,0.0,0.0,0.0,0,0.0,0.0,0.0,0,0.0,0.0,0.0,,,,0.0,0.0,0.0,0.0,,nan,nan,nan,nan,0.0,0.0,nan,nan,,0.0,0.0,0.0,8.0,0.0,0.0,0.0,0.0,0.0,0.0,,,0.0,0,0.0,,0.0,0.0,0,0.0,0.0,,nan,0.0
1991,CL,広島東洋カープ,53253868,江藤　智,A.Etou,91.0,317.0,260.0,33.0,56.0,9.0,1.0,11.0,100.0,31.0,0,4,4.0,1.0,46.0,0,6.0,87.0,5.0,0.215,0.345,0.385,0.73,35.0,0.17,0.12999999999999998,0.515,14.511041009463725,27.444794952681388,0.5287356321839081,0.27607361963190186,0.2515,473.33333333333326,0.36153846153846153,0.7464114832535885,0.215,56.0,11.0,31.0,91.0,317.0,260.0,35.0,9.0,1.0,33.0,0.345,0.385,46.0,0,6.0,,100.0,0,4,4.0,1.0,,33.333333333333336,38.74799999999999
1991,CL,阪神タイガース,53553868,亀山　努,T.Kameyama,18.0,21.0,21.0,0.0,2.0,0.0,0.0,0.0,2.0,1.0,1,0,0.0,0.0,0.0,0,0.0,7.0,0.0,0.095,0.095,0.095,0.19,2.0,0.0,0.0,0.095,0.0,33.33333333333333,0.0,0.14285714285714285,0.0665,126.66666666666667,0.0,0.10526315789473684,0.095,2.0,0.0,1.0,18.0,21.0,21.0,2.0,0.0,0.0,0.0,0.095,0.095,0.0,0,0.0,,2.0,1,0,0.0,0.0,,0.19047619047619047,-0.8620000000000001
1991,CL,東京ヤクルトスワローズ,55053868,内山　憲一,K.Uchiyama,12.0,2.0,2.0,0.0,0.0,0.0,0.0,0.0,0.0,0.0,0.0,0,0.0,0.0,0.0,0,0.0,2.0,0.0,0.0,0.0,0.0,0.0,0.0,0.0,0.0,0.0,0.0,100.0,0.0,nan,0.0,0.0,0.0,0.0,0.0,0.0,0.0,0.0,12.0,2.0,2.0,0.0,0.0,0.0,0.0,0.0,0.0,0.0,0,0.0,,0.0,0.0,0,0.0,0.0,,0.0,-0.196
1991,CL,横浜DeNAベイスターズ,55553868,石田　大也,T.Ishida,5.0,0.0,0.0,0.0,0.0,0.0,0.0,0.0,0.0,0.0,0.0,0,0.0,0.0,0.0,0,0.0,0.0,0.0,,,,0.0,0.0,0.0,0.0,,nan,nan,nan,nan,0.0,0.0,nan,nan,,0.0,0.0,0.0,5.0,0.0,0.0,0.0,0.0,0.0,0.0,,,0.0,0,0.0,,0.0,0.0,0,0.0,0.0,,nan,0.0
1991,CL,横浜DeNAベイスターズ,55953868,井上　純,J.Inoue,5.0,6.0,6.0,0.0,1.0,0.0,0.0,0.0,1.0,0.0,0.0,0,0.0,0.0,0.0,0,0.0,1.0,0.0,0.167,0.167,0.167,0.334,1.0,0.0,0.0,0.167,0.0,16.666666666666664,0.0,0.2,0.1169,222.66666666666669,0.0,0.2,0.167,1.0,0.0,0.0,5.0,6.0,6.0,1.0,0.0,0.0,0.0,0.167,0.167,0.0,0,0.0,,1.0,0.0,0,0.0,0.0,,0.16666666666666666,0.010000000000000009
1991,CL,読売ジャイアンツ,61163860,上田　和明,K.Ueda,22.0,42.0,39.0,9.0,10.0,0.0,0.0,1.0,13.0,3.0,0,1,0.0,0.0,3.0,0,0.0,5.0,0.0,0.256,0.31,0.333,0.643,9.0,0.07700000000000001,0.05399999999999999,0.387,7.142857142857142,11.904761904761903,0.6,0.2727272727272727,0.22275,421.0,0.1794871794871795,0.5862068965517241,0.256,10.0,1.0,3.0,22.0,42.0,39.0,9.0,0.0,0.0,9.0,0.31,0.333,3.0,0,0.0,,13.0,0,1,0.0,0.0,,4.023809523809524,4.267999999999999
1991,CL,広島東洋カープ,61163862,植田　幸弘,Y.Ueda,25.0,33.0,30.0,5.0,6.0,1.0,0.0,3.0,16.0,6.0,0.0,0,1.0,0.0,2.0,0,0.0,10.0,1.0,0.2,0.25,0.533,0.783,2.0,0.333,0.04999999999999999,0.583,6.0606060606060606,30.303030303030305,0.2,0.17647058823529413,0.24575000000000002,427.66666666666663,0.4,0.72,0.2,6.0,3.0,6.0,25.0,33.0,30.0,2.0,1.0,0.0,5.0,0.25,0.533,2.0,0,0.0,,16.0,0.0,0,1.0,0.0,,4.0,4.348
1991,CL,東京ヤクルトスワローズ,61163863,石橋　貢,M.Ishibashi,1.0,0.0,0.0,0.0,0.0,0.0,0.0,0.0,0.0,0.0,0.0,0,0.0,0.0,0.0,0,0.0,0.0,0.0,,,,0.0,0.0,0.0,0.0,,nan,nan,nan,nan,0.0,0.0,nan,nan,,0.0,0.0,0.0,1.0,0.0,0.0,0.0,0.0,0.0,0.0,,,0.0,0,0.0,,0.0,0.0,0,0.0,0.0,,nan,0.0
1991,CL,東京ヤクルトスワローズ,61163865,小川　淳司,J.Ogawa,49.0,57.0,52.0,6.0,8.0,0.0,0.0,2.0,14.0,5.0,0.0,0,2.0,0.0,3.0,0,0.0,15.0,0.0,0.154,0.2,0.269,0.46900000000000003,6.0,0.11500000000000002,0.04600000000000001,0.315,5.263157894736842,26.31578947368421,0.2,0.17142857142857143,0.15725,289.6666666666667,0.17307692307692307,0.38636363636363635,0.154,8.0,2.0,5.0,49.0,57.0,52.0,6.0,0.0,0.0,6.0,0.2,0.269,3.0,0,0.0,,14.0,0.0,0,2.0,0.0,,2.8,2.558
1991,CL,中日ドラゴンズ,61163881,井上　一樹,K.Inoue,8.0,2.0,2.0,0.0,1.0,1.0,0.0,0.0,2.0,0.0,0.0,0,0.0,0.0,0.0,0,0.0,0.0,0.0,0.5,0.5,1.0,1.5,0.0,0.5,0.0,1.0,0.0,0.0,nan,0.5,0.475,833.3333333333333,0.5,2.0,0.5,1.0,0.0,0.0,8.0,2.0,2.0,0.0,1.0,0.0,0.0,0.5,1.0,0.0,0,0.0,,2.0,0.0,0,0.0,0.0,,1.0,0.622
1991,CL,読売ジャイアンツ,61163883,P.ブラッドリー,P.Bradley,121.0,502.0,440.0,67.0,124.0,19.0,5.0,21.0,216.0,70.0,2,6,2.0,0.0,46.0,0,14.0,68.0,14.0,0.282,0.368,0.491,0.859,79.0,0.20900000000000002,0.08600000000000002,0.577,9.163346613545817,13.545816733067728,0.6764705882352942,0.2934472934472934,0.28835,531.6666666666666,0.32727272727272727,0.8545454545454545,0.282,124.0,21.0,70.0,121.0,502.0,440.0,79.0,19.0,5.0,67.0,0.368,0.491,46.0,0,14.0,,216.0,2,6,2.0,0.0,,75.55555555555556,78.532
1991,CL,中日ドラゴンズ,61263863,山内　和宏,K.Yamauchi,3.0,1.0,1.0,0.0,0.0,0.0,0.0,0.0,0.0,0.0,0.0,0,0.0,0.0,0.0,0,0.0,1.0,0.0,0.0,0.0,0.0,0.0,0.0,0.0,0.0,0.0,0.0,100.0,0.0,nan,0.0,0.0,0.0,0.0,0.0,0.0,0.0,0.0,3.0,1.0,1.0,0.0,0.0,0.0,0.0,0.0,0.0,0.0,0,0.0,,0.0,0.0,0,0.0,0.0,,0.0,-0.098
1991,CL,横浜DeNAベイスターズ,61263867,二村　忠美,T.Futamura,39.0,73.0,63.0,7.0,10.0,1.0,0.0,3.0,20.0,8.0,1.0,1,0.0,2.0,8.0,0,0.0,16.0,3.0,0.159,0.247,0.317,0.5640000000000001,6.0,0.158,0.088,0.405,10.95890410958904,21.91780821917808,0.5,0.15217391304347827,0.1904,352.6666666666667,0.30158730158730157,0.5178571428571429,0.159,10.0,3.0,8.0,39.0,73.0,63.0,6.0,1.0,0.0,7.0,0.247,0.317,8.0,0,0.0,,20.0,1.0,1,0.0,2.0,,5.070422535211268,5.6659999999999995
1991,CL,読売ジャイアンツ,61263868,松谷　竜二郎,R.Matsutani,23.0,12.0,11.0,1.0,1.0,1.0,0.0,0.0,2.0,1.0,0.0,0,1.0,0.0,0.0,0,0.0,8.0,0.0,0.091,0.091,0.182,0.273,0.0,0.091,0.0,0.182,0.0,66.66666666666666,0.0,0.3333333333333333,0.08645,151.66666666666669,0.09090909090909091,0.2,0.091,1.0,0.0,1.0,23.0,12.0,11.0,0.0,1.0,0.0,1.0,0.091,0.182,0.0,0,0.0,,2.0,0.0,0,1.0,0.0,,0.18181818181818182,-0.26
1991,CL,中日ドラゴンズ,61363868,清水　雅治,M.Shimizu,15.0,7.0,6.0,4.0,0.0,0.0,0.0,0.0,0.0,0.0,1,0,0.0,0.0,0.0,0,1.0,1.0,0.0,0.0,0.143,0.0,0.143,0.0,0.0,0.143,0.143,0.0,14.285714285714285,0.0,0.0,0.06434999999999999,143.0,0.0,0.16666666666666666,0.0,0.0,0.0,0.0,15.0,7.0,6.0,0.0,0.0,0.0,4.0,0.143,0.0,0.0,0,1.0,,0.0,1,0,0.0,0.0,,0.0,-0.25800000000000006
1991,CL,横浜DeNAベイスターズ,61463860,山崎　賢一,K.Yamazaki,54.0,142.0,125.0,14.0,34.0,7.0,0.0,1.0,44.0,15.0,2,3,0.0,1.0,16.0,0,0.0,16.0,3.0,0.272,0.352,0.352,0.704,26.0,0.07999999999999996,0.07999999999999996,0.4319999999999999,11.267605633802818,11.267605633802818,1.0,0.30275229357798167,0.24639999999999998,469.3333333333333,0.232,0.6702127659574468,0.272,34.0,1.0,15.0,54.0,142.0,125.0,26.0,7.0,0.0,14.0,0.352,0.352,16.0,0,0.0,,44.0,2,3,0.0,1.0,,15.602836879432624,16.381999999999998
1991,CL,阪神タイガース,61463867,山脇　光治,K.Yamawaki,62.0,81.0,75.0,12.0,15.0,0.0,0.0,0.0,15.0,5.0,1,0,5.0,0.0,1.0,0,0.0,14.0,1.0,0.2,0.211,0.2,0.41100000000000003,15.0,0.0,0.010999999999999982,0.211,1.2345679012345678,17.28395061728395,0.07142857142857142,0.2459016393442623,0.14495,277.6666666666667,0.013333333333333334,0.26229508196721313,0.2,15.0,0.0,5.0,62.0,81.0,75.0,15.0,0.0,0.0,12.0,0.211,0.2,1.0,0,0.0,,15.0,1,0,5.0,0.0,,3.1578947368421053,1.9500000000000002
1991,CL,読売ジャイアンツ,61563860,香田　勲男,I.Kouda,31.0,37.0,28.0,2.0,3.0,0.0,0.0,0.0,3.0,2.0,0.0,0,3.0,0.0,6.0,0,0.0,13.0,0.0,0.107,0.265,0.107,0.372,3.0,0.0,0.15800000000000003,0.265,16.216216216216218,35.13513513513514,0.46153846153846156,0.2,0.14600000000000002,300.6666666666667,0.21428571428571427,0.36,0.107,3.0,0.0,2.0,31.0,37.0,28.0,3.0,0.0,0.0,2.0,0.265,0.107,6.0,0,0.0,,3.0,0.0,0,3.0,0.0,,0.7941176470588235,1.0299999999999998
1991,CL,広島東洋カープ,61563866,石橋　文雄,F.Ishibashi,12.0,12.0,12.0,0.0,1.0,0.0,0.0,0.0,1.0,0.0,0.0,0,0.0,0.0,0.0,0,0.0,4.0,0.0,0.083,0.083,0.083,0.166,1.0,0.0,0.0,0.083,0.0,33.33333333333333,0.0,0.125,0.0581,110.66666666666667,0.0,0.09090909090909091,0.083,1.0,0.0,0.0,12.0,12.0,12.0,1.0,0.0,0.0,0.0,0.083,0.083,0.0,0,0.0,,1.0,0.0,0,0.0,0.0,,0.08333333333333333,-0.5780000000000001
1991,CL,読売ジャイアンツ,61563867,駒田　徳広,N.Komada,130.0,558.0,510.0,66.0,160.0,23.0,2.0,19.0,244.0,66.0,5,2,0.0,2.0,44.0,0,2.0,78.0,16.0,0.314,0.369,0.478,0.847,116.0,0.16399999999999998,0.05499999999999999,0.5329999999999999,7.885304659498208,13.978494623655912,0.5641025641025641,0.3397590361445783,0.28554999999999997,528.3333333333334,0.2549019607843137,0.7978142076502732,0.314,160.0,19.0,66.0,130.0,558.0,510.0,116.0,23.0,2.0,66.0,0.369,0.478,44.0,0,2.0,,244.0,5,2,0.0,2.0,,89.84837545126354,85.24000000000001
1991,CL,中日ドラゴンズ,61563868,大豊　泰昭,Y.Taihou,121.0,461.0,396.0,50.0,112.0,23.0,1.0,26.0,215.0,72.0,2,3,3.0,2.0,53.0,0,7.0,84.0,13.0,0.283,0.376,0.543,0.919,62.0,0.26000000000000006,0.09300000000000003,0.6360000000000001,11.496746203904555,18.22125813449024,0.6309523809523809,0.2986111111111111,0.30495000000000005,557.0,0.4015151515151515,0.936026936026936,0.283,112.0,26.0,72.0,121.0,461.0,396.0,62.0,23.0,1.0,50.0,0.376,0.543,53.0,0,7.0,,215.0,2,3,3.0,2.0,,79.00890868596882,78.548
1991,CL,横浜DeNAベイスターズ,61763863,高木　豊,Y.Takagi,131.0,588.0,490.0,81.0,163.0,30.0,2.0,4.0,209.0,62.0,24,14,7.0,6.0,76.0,0,9.0,55.0,7.0,0.333,0.427,0.427,0.854,127.0,0.09399999999999997,0.09399999999999997,0.5209999999999999,12.925170068027212,9.35374149659864,1.3818181818181818,0.36384439359267734,0.2989,569.3333333333334,0.27755102040816326,0.9221556886227545,0.333,163.0,4.0,62.0,131.0,588.0,490.0,127.0,30.0,2.0,81.0,0.427,0.427,76.0,0,9.0,,209.0,24,14,7.0,6.0,,88.25265017667844,91.464
1991,CL,中日ドラゴンズ,61763864,中村　武志,T.Nakamura,104.0,370.0,333.0,42.0,90.0,13.0,0.0,20.0,163.0,62.0,5,4,9.0,4.0,24.0,0,0.0,74.0,5.0,0.27,0.316,0.489,0.8049999999999999,57.0,0.21899999999999997,0.045999999999999985,0.5349999999999999,6.486486486486487,20.0,0.32432432432432434,0.2880658436213992,0.26444999999999996,479.0,0.3033033033033033,0.7701612903225806,0.27,90.0,20.0,62.0,104.0,370.0,333.0,57.0,13.0,0.0,42.0,0.316,0.489,24.0,0,0.0,,163.0,5,4,9.0,4.0,,52.05042016806723,51.486
1991,CL,横浜DeNAベイスターズ,61763869,銚子　利夫,T.Choushi,18.0,38.0,34.0,4.0,7.0,3.0,0.0,0.0,10.0,3.0,0.0,0,2.0,0.0,2.0,0,0.0,7.0,3.0,0.206,0.25,0.294,0.544,4.0,0.088,0.04400000000000001,0.3379999999999999,5.263157894736842,18.421052631578945,0.2857142857142857,0.25925925925925924,0.186,348.0,0.14705882352941177,0.4,0.206,7.0,0.0,3.0,18.0,38.0,34.0,4.0,3.0,0.0,4.0,0.25,0.294,2.0,0,0.0,,10.0,0.0,0,2.0,0.0,,2.5,2.1740000000000004
1991,CL,横浜DeNAベイスターズ,61763881,佐々木　主浩,K.Sasaki,58.0,26.0,23.0,2.0,3.0,0.0,0.0,0.0,3.0,1.0,0.0,0,1.0,0.0,2.0,0,0.0,7.0,0.0,0.13,0.2,0.13,0.33,3.0,0.0,0.07,0.2,7.6923076923076925,26.923076923076923,0.2857142857142857,0.1875,0.12250000000000001,243.33333333333334,0.08695652173913043,0.25,0.13,3.0,0.0,1.0,58.0,26.0,23.0,3.0,0.0,0.0,2.0,0.2,0.13,2.0,0,0.0,,3.0,0.0,0,1.0,0.0,,0.6,0.20000000000000018
1991,CL,広島東洋カープ,61863883,松本　隆,T.Matsumoto,1.0,1.0,1.0,0.0,0.0,0.0,0.0,0.0,0.0,0.0,0.0,0,0.0,0.0,0.0,0,0.0,1.0,0.0,0.0,0.0,0.0,0.0,0.0,0.0,0.0,0.0,0.0,100.0,0.0,nan,0.0,0.0,0.0,0.0,0.0,0.0,0.0,0.0,1.0,1.0,1.0,0.0,0.0,0.0,0.0,0.0,0.0,0.0,0,0.0,,0.0,0.0,0,0.0,0.0,,0.0,-0.098
1991,CL,横浜DeNAベイスターズ,61963846,屋鋪　要,K.Yashiki,83.0,315.0,277.0,48.0,76.0,11.0,3.0,1.0,96.0,18.0,23,7,1.0,2.0,35.0,0,0.0,53.0,2.0,0.274,0.354,0.347,0.701,61.0,0.07299999999999995,0.07999999999999996,0.4269999999999999,11.11111111111111,16.825396825396826,0.660377358490566,0.3333333333333333,0.24605,469.66666666666663,0.22382671480144403,0.6798029556650246,0.274,76.0,1.0,18.0,83.0,315.0,277.0,61.0,11.0,3.0,48.0,0.354,0.347,35.0,0,0.0,,96.0,23,7,1.0,2.0,,34.15384615384615,36.092
1991,CL,阪神タイガース,61963860,仲田　幸司,K.Nakada,37.0,18.0,17.0,0.0,1.0,0.0,0.0,0.0,1.0,0.0,0.0,0,1.0,0.0,0.0,0,0.0,8.0,0.0,0.059,0.059,0.059,0.118,1.0,0.0,0.0,0.059,0.0,44.44444444444444,0.0,0.1111111111111111,0.0413,78.66666666666666,0.0,0.0625,0.059,1.0,0.0,0.0,37.0,18.0,17.0,1.0,0.0,0.0,0.0,0.059,0.059,0.0,0,0.0,,1.0,0.0,0,1.0,0.0,,0.058823529411764705,-1.068
1991,CL,横浜DeNAベイスターズ,61963864,藤野　正剛,S.Fujino,16.0,38.0,30.0,4.0,6.0,1.0,0.0,0.0,7.0,1.0,0.0,0,6.0,0.0,2.0,0,0.0,8.0,0.0,0.2,0.25,0.233,0.483,5.0,0.033,0.04999999999999999,0.283,5.263157894736842,21.052631578947366,0.25,0.2727272727272727,0.17075,327.6666666666667,0.1,0.375,0.2,6.0,0.0,1.0,16.0,38.0,30.0,5.0,1.0,0.0,4.0,0.25,0.233,2.0,0,0.0,,7.0,0.0,0,6.0,0.0,,1.75,1.5279999999999996
1991,CL,阪神タイガース,61963869,中西　清起,K.Nakanishi,16.0,13.0,12.0,0.0,2.0,0.0,0.0,0.0,2.0,0.0,0.0,0,1.0,0.0,0.0,0,0.0,4.0,0.0,0.167,0.167,0.167,0.334,2.0,0.0,0.0,0.167,0.0,30.76923076923077,0.0,0.25,0.1169,222.66666666666669,0.0,0.2,0.167,2.0,0.0,0.0,16.0,13.0,12.0,2.0,0.0,0.0,0.0,0.167,0.167,0.0,0,0.0,,2.0,0.0,0,1.0,0.0,,0.3333333333333333,0.020000000000000018
1991,CL,阪神タイガース,63163868,中込　伸,S.Nakagomi,22.0,21.0,17.0,1.0,2.0,0.0,0.0,0.0,2.0,0.0,0.0,0,2.0,0.0,2.0,0,0.0,8.0,0.0,0.118,0.211,0.118,0.32899999999999996,2.0,0.0,0.093,0.211,9.523809523809524,38.095238095238095,0.25,0.2222222222222222,0.12444999999999999,250.3333333333333,0.11764705882352941,0.26666666666666666,0.118,2.0,0.0,0.0,22.0,21.0,17.0,2.0,0.0,0.0,1.0,0.211,0.118,2.0,0,0.0,,2.0,0.0,0,2.0,0.0,,0.42105263157894735,0.19000000000000017
1991,CL,広島東洋カープ,63963868,足立　亘,W.Adachi,33.0,25.0,20.0,1.0,0.0,0.0,0.0,0.0,0.0,0.0,0.0,0,2.0,0.0,3.0,0,0.0,7.0,0.0,0.0,0.13,0.0,0.13,0.0,0.0,0.13,0.13,12.0,28.000000000000004,0.42857142857142855,0.0,0.0585,130.0,0.15,0.15,0.0,0.0,0.0,0.0,33.0,25.0,20.0,0.0,0.0,0.0,1.0,0.13,0.0,3.0,0,0.0,,0.0,0.0,0,2.0,0.0,,0.0,-0.97
1991,CL,横浜DeNAベイスターズ,65163868,秋元　宏作,K.Akimoto,81.0,202.0,172.0,8.0,43.0,3.0,1.0,1.0,51.0,18.0,4,1,13.0,2.0,14.0,0,1.0,38.0,2.0,0.25,0.307,0.297,0.604,38.0,0.046999999999999986,0.056999999999999995,0.354,6.9306930693069315,18.81188118811881,0.3684210526315789,0.3111111111111111,0.21239999999999998,406.0,0.13372093023255813,0.5114503816793893,0.25,43.0,1.0,18.0,81.0,202.0,172.0,38.0,3.0,1.0,8.0,0.307,0.297,14.0,0,1.0,,51.0,4,1,13.0,2.0,,15.629032258064516,16.128
1991,CL,横浜DeNAベイスターズ,65563868,石井　琢朗,T.Ishii,10.0,2.0,2.0,0.0,1.0,0.0,0.0,0.0,1.0,0.0,0.0,0,0.0,0.0,0.0,0,0.0,0.0,0.0,0.5,0.5,0.5,1.0,1.0,0.0,0.0,0.5,0.0,0.0,nan,0.5,0.35,666.6666666666666,0.0,1.0,0.5,1.0,0.0,0.0,10.0,2.0,2.0,1.0,0.0,0.0,0.0,0.5,0.5,0.0,0,0.0,,1.0,0.0,0,0.0,0.0,,0.5,0.402
1991,CL,読売ジャイアンツ,71073863,原　辰徳,T.Hara,127.0,524.0,455.0,66.0,122.0,13.0,1.0,29.0,224.0,86.0,5,3,0.0,12.0,55.0,0,2.0,82.0,7.0,0.268,0.342,0.492,0.8340000000000001,79.0,0.22399999999999998,0.07400000000000001,0.5660000000000001,10.49618320610687,15.648854961832063,0.6707317073170732,0.2612359550561798,0.27690000000000003,506.0,0.3516483516483517,0.8352941176470589,0.268,122.0,29.0,86.0,127.0,524.0,455.0,79.0,13.0,1.0,66.0,0.342,0.492,55.0,0,2.0,,224.0,5,3,0.0,12.0,,77.74117647058823,78.376
1991,CL,阪神タイガース,71173846,伊藤　文隆,F.Itou,1.0,0.0,0.0,0.0,0.0,0.0,0.0,0.0,0.0,0.0,0.0,0,0.0,0.0,0.0,0,0.0,0.0,0.0,,,,0.0,0.0,0.0,0.0,,nan,nan,nan,nan,0.0,0.0,nan,nan,,0.0,0.0,0.0,1.0,0.0,0.0,0.0,0.0,0.0,0.0,,,0.0,0,0.0,,0.0,0.0,0,0.0,0.0,,nan,0.0
1991,CL,広島東洋カープ,71173866,音　重鎮,S.Oto,61.0,73.0,64.0,7.0,13.0,2.0,0.0,1.0,18.0,7.0,0,1,1.0,2.0,4.0,0,2.0,15.0,1.0,0.203,0.264,0.281,0.545,10.0,0.07800000000000001,0.061,0.342,5.47945205479452,20.54794520547945,0.26666666666666666,0.24,0.18905,357.6666666666667,0.15625,0.4807692307692308,0.203,13.0,1.0,7.0,61.0,73.0,64.0,10.0,2.0,0.0,7.0,0.264,0.281,4.0,0,2.0,,18.0,0,1,1.0,2.0,,4.5,5.041999999999999
1991,CL,中日ドラゴンズ,71173868,今中　慎二,S.Imanaka,36.0,70.0,66.0,5.0,11.0,1.0,1.0,0.0,14.0,2.0,1,0,2.0,0.0,2.0,0,0.0,26.0,2.0,0.167,0.191,0.212,0.403,9.0,0.044999999999999984,0.023999999999999994,0.236,2.857142857142857,37.142857142857146,0.07692307692307693,0.275,0.13895,261.6666666666667,0.07575757575757576,0.2807017543859649,0.167,11.0,0.0,2.0,36.0,70.0,66.0,9.0,1.0,1.0,5.0,0.191,0.212,2.0,0,0.0,,14.0,1,0,2.0,0.0,,2.676470588235294,1.5299999999999994
1991,CL,読売ジャイアンツ,71173883,吉原　孝介,K.Yoshihara,35.0,64.0,58.0,7.0,9.0,2.0,0.0,1.0,14.0,1.0,3,1,2.0,0.0,1.0,0,3.0,14.0,1.0,0.155,0.21,0.241,0.45099999999999996,6.0,0.086,0.05499999999999999,0.296,1.5625,21.875,0.07142857142857142,0.18604651162790697,0.15475,290.3333333333333,0.1206896551724138,0.38,0.155,9.0,1.0,1.0,35.0,64.0,58.0,6.0,2.0,0.0,7.0,0.21,0.241,1.0,0,3.0,,14.0,3,1,2.0,0.0,,2.3728813559322033,2.5779999999999985
1991,CL,東京ヤクルトスワローズ,71273860,広澤　克実,K.Hirosawa,132.0,550.0,492.0,71.0,137.0,24.0,2.0,27.0,246.0,99.0,8,3,0.0,2.0,53.0,0,3.0,129.0,11.0,0.278,0.351,0.5,0.851,84.0,0.22199999999999998,0.07299999999999995,0.573,9.636363636363637,23.454545454545457,0.4108527131782946,0.3254437869822485,0.28295000000000003,517.6666666666666,0.3353658536585366,0.8333333333333334,0.278,137.0,27.0,99.0,132.0,550.0,492.0,84.0,24.0,2.0,71.0,0.351,0.5,53.0,0,3.0,,246.0,8,3,0.0,2.0,,85.76146788990826,84.47
1991,CL,横浜DeNAベイスターズ,71273862,松本　豊,Y.Matsumoto,29.0,5.0,5.0,0.0,2.0,0.0,0.0,0.0,2.0,0.0,0.0,0,0.0,0.0,0.0,0,0.0,3.0,0.0,0.4,0.4,0.4,0.8,2.0,0.0,0.0,0.4,0.0,60.0,0.0,1.0,0.28,533.3333333333334,0.0,0.6666666666666666,0.4,2.0,0.0,0.0,29.0,5.0,5.0,2.0,0.0,0.0,0.0,0.4,0.4,0.0,0,0.0,,2.0,0.0,0,0.0,0.0,,0.8,0.706
1991,CL,広島東洋カープ,71273881,仁平　馨,K.Nihei,3.0,2.0,1.0,0.0,0.0,0.0,0.0,0.0,0.0,0.0,2,3,0.0,0.0,1.0,0,0.0,0.0,0.0,0.0,0.5,0.0,0.5,0.0,0.0,0.5,0.5,50.0,0.0,nan,0.0,0.225,500.0,4.0,4.0,0.0,0.0,0.0,0.0,3.0,2.0,1.0,0.0,0.0,0.0,0.0,0.5,0.0,1.0,0,0.0,,0.0,2,3,0.0,0.0,,0.0,0.7720000000000001
1991,CL,横浜DeNAベイスターズ,71373865,欠端　光則,M.Kakehata,15.0,3.0,3.0,0.0,1.0,0.0,0.0,0.0,1.0,0.0,0.0,0,0.0,0.0,0.0,0,0.0,0.0,0.0,0.333,0.333,0.333,0.666,1.0,0.0,0.0,0.333,0.0,0.0,nan,0.3333333333333333,0.23310000000000003,444.0,0.0,0.5,0.333,1.0,0.0,0.0,15.0,3.0,3.0,1.0,0.0,0.0,0.0,0.333,0.333,0.0,0,0.0,,1.0,0.0,0,0.0,0.0,,0.3333333333333333,0.304
1991,CL,中日ドラゴンズ,71373883,森田　幸一,K.Morita,50.0,13.0,13.0,2.0,4.0,0.0,0.0,2.0,10.0,2.0,0.0,0,0.0,0.0,0.0,0,0.0,4.0,0.0,0.308,0.308,0.769,1.077,2.0,0.461,0.0,0.769,0.0,30.76923076923077,0.0,0.2857142857142857,0.33085,564.3333333333334,0.46153846153846156,1.1111111111111112,0.308,4.0,2.0,2.0,50.0,13.0,13.0,2.0,0.0,0.0,2.0,0.308,0.769,0.0,0,0.0,,10.0,0.0,0,0.0,0.0,,3.076923076923077,2.9979999999999998
1991,CL,広島東洋カープ,71473862,山田　和利,K.Yamada,6.0,10.0,10.0,1.0,2.0,0.0,0.0,0.0,2.0,1.0,0.0,0,0.0,0.0,0.0,0,0.0,2.0,0.0,0.2,0.2,0.2,0.4,2.0,0.0,0.0,0.2,0.0,20.0,0.0,0.25,0.14,266.6666666666667,0.0,0.25,0.2,2.0,0.0,1.0,6.0,10.0,10.0,2.0,0.0,0.0,1.0,0.2,0.2,0.0,0,0.0,,2.0,0.0,0,0.0,0.0,,0.4,0.21599999999999997
1991,CL,阪神タイガース,71473867,御子柴　進,S.Mikoshiba,9.0,6.0,5.0,1.0,3.0,0.0,0.0,0.0,3.0,0.0,0.0,0,1.0,0.0,0.0,0,0.0,0.0,0.0,0.6,0.6,0.6,1.2,3.0,0.0,0.0,0.6,0.0,0.0,nan,0.6,0.42000000000000004,799.9999999999999,0.0,1.5,0.6,3.0,0.0,0.0,9.0,6.0,5.0,3.0,0.0,0.0,1.0,0.6,0.6,0.0,0,0.0,,3.0,0.0,0,1.0,0.0,,1.8,1.304
1991,CL,横浜DeNAベイスターズ,71473881,平塚　克洋,K.Hiratsuka,17.0,33.0,32.0,1.0,9.0,1.0,0.0,0.0,10.0,2.0,0.0,0,1.0,0.0,0.0,0,0.0,8.0,0.0,0.281,0.281,0.312,0.593,8.0,0.030999999999999972,0.0,0.312,0.0,24.242424242424242,0.0,0.375,0.20445000000000002,385.0,0.03125,0.43478260869565216,0.281,9.0,0.0,2.0,17.0,33.0,32.0,8.0,1.0,0.0,1.0,0.281,0.312,0.0,0,0.0,,10.0,0.0,0,1.0,0.0,,2.8125,2.4659999999999997
1991,CL,阪神タイガース,71573842,田尾　安志,Y.Tao,40.0,93.0,84.0,2.0,13.0,0.0,1.0,0.0,15.0,1.0,0.0,0,0.0,0.0,9.0,0,0.0,18.0,3.0,0.155,0.237,0.179,0.416,12.0,0.023999999999999994,0.08199999999999999,0.261,9.67741935483871,19.35483870967742,0.5,0.19696969696969696,0.15139999999999998,296.66666666666663,0.13095238095238096,0.32432432432432434,0.155,13.0,0.0,1.0,40.0,93.0,84.0,12.0,0.0,1.0,2.0,0.237,0.179,9.0,0,0.0,,15.0,0.0,0,0.0,0.0,,3.5483870967741935,3.0519999999999996
1991,CL,東京ヤクルトスワローズ,71573846,渋井　敬一,K.Shibui,14.0,9.0,9.0,0.0,2.0,0.0,0.0,0.0,2.0,0.0,0.0,0,0.0,0.0,0.0,0,0.0,2.0,0.0,0.222,0.222,0.222,0.444,2.0,0.0,0.0,0.222,0.0,22.22222222222222,0.0,0.2857142857142857,0.1554,296.0,0.0,0.2857142857142857,0.222,2.0,0.0,0.0,14.0,9.0,9.0,2.0,0.0,0.0,0.0,0.222,0.222,0.0,0,0.0,,2.0,0.0,0,0.0,0.0,,0.4444444444444444,0.31399999999999995
1991,CL,中日ドラゴンズ,71573861,北村　照文,T.Kitamura,48.0,32.0,27.0,8.0,6.0,2.0,0.0,0.0,8.0,2.0,0.0,0,2.0,0.0,3.0,0,0.0,8.0,0.0,0.222,0.3,0.296,0.596,4.0,0.07399999999999998,0.07799999999999999,0.374,9.375,25.0,0.375,0.3157894736842105,0.20900000000000002,398.6666666666667,0.18518518518518517,0.5238095238095238,0.222,6.0,0.0,2.0,48.0,32.0,27.0,4.0,2.0,0.0,8.0,0.3,0.296,3.0,0,0.0,,8.0,0.0,0,2.0,0.0,,2.4,2.3719999999999994
1991,CL,横浜DeNAベイスターズ,71573866,清水　義之,Y.Shimizu,129.0,517.0,448.0,55.0,119.0,24.0,2.0,5.0,162.0,54.0,10,0,11.0,4.0,48.0,0,6.0,56.0,8.0,0.266,0.342,0.362,0.704,88.0,0.09599999999999997,0.07600000000000001,0.438,9.284332688588009,10.831721470019342,0.8571428571428571,0.2915601023017903,0.2444,462.6666666666667,0.203125,0.6409495548961425,0.266,119.0,5.0,54.0,129.0,517.0,448.0,88.0,24.0,2.0,55.0,0.342,0.362,48.0,0,6.0,,162.0,10,0,11.0,4.0,,54.54435483870968,56.13799999999999
1991,CL,中日ドラゴンズ,71673881,松井　達徳,T.Matsui,18.0,23.0,23.0,0.0,3.0,0.0,0.0,0.0,3.0,0.0,0.0,0,0.0,0.0,0.0,0,0.0,8.0,1.0,0.13,0.13,0.13,0.26,3.0,0.0,0.0,0.13,0.0,34.78260869565217,0.0,0.2,0.091,173.33333333333334,0.0,0.14285714285714285,0.13,3.0,0.0,0.0,18.0,23.0,23.0,3.0,0.0,0.0,0.0,0.13,0.13,0.0,0,0.0,,3.0,0.0,0,0.0,0.0,,0.391304347826087,-0.45999999999999996
1991,CL,阪神タイガース,71773860,嶋田　宗彦,M.Shimada,2.0,1.0,1.0,0.0,0.0,0.0,0.0,0.0,0.0,0.0,0.0,0,0.0,0.0,0.0,0,0.0,0.0,0.0,0.0,0.0,0.0,0.0,0.0,0.0,0.0,0.0,0.0,0.0,nan,0.0,0.0,0.0,0.0,0.0,0.0,0.0,0.0,0.0,2.0,1.0,1.0,0.0,0.0,0.0,0.0,0.0,0.0,0.0,0,0.0,,0.0,0.0,0,0.0,0.0,,0.0,-0.098
1991,CL,東京ヤクルトスワローズ,71773864,土橋　勝征,K.Dobashi,39.0,77.0,64.0,8.0,15.0,2.0,0.0,3.0,26.0,9.0,0.0,0,1.0,0.0,10.0,0,2.0,22.0,0.0,0.234,0.355,0.406,0.761,10.0,0.17200000000000001,0.12099999999999997,0.527,12.987012987012985,28.57142857142857,0.45454545454545453,0.3076923076923077,0.26125,490.3333333333333,0.328125,0.7755102040816326,0.234,15.0,3.0,9.0,39.0,77.0,64.0,10.0,2.0,0.0,8.0,0.355,0.406,10.0,0,2.0,,26.0,0.0,0,1.0,0.0,,8.783783783783784,9.918
1991,CL,横浜DeNAベイスターズ,71973860,高橋　眞裕,M.Takahashi,99.0,307.0,250.0,41.0,57.0,16.0,2.0,0.0,77.0,16.0,17,3,27.0,0.0,29.0,0,1.0,54.0,3.0,0.228,0.311,0.308,0.619,39.0,0.07999999999999999,0.08299999999999999,0.391,9.446254071661238,17.58957654723127,0.5370370370370371,0.29081632653061223,0.21694999999999998,413.6666666666667,0.208,0.5612244897959183,0.228,57.0,0.0,16.0,99.0,307.0,250.0,39.0,16.0,2.0,41.0,0.311,0.308,29.0,0,1.0,,77.0,17,3,27.0,0.0,,23.734767025089607,24.625999999999998
1991,CL,阪神タイガース,71973865,平田　勝男,K.Hirata,44.0,54.0,49.0,5.0,13.0,1.0,0.0,0.0,14.0,2.0,0,1,2.0,0.0,2.0,0,1.0,8.0,1.0,0.265,0.308,0.286,0.594,12.0,0.020999999999999963,0.04299999999999998,0.3289999999999999,3.7037037037037033,14.814814814814813,0.25,0.3170731707317073,0.2101,403.3333333333333,0.08163265306122448,0.4864864864864865,0.265,13.0,0.0,2.0,44.0,54.0,49.0,12.0,1.0,0.0,5.0,0.308,0.286,2.0,0,1.0,,14.0,0,1,2.0,0.0,,4.117647058823529,4.362
1991,CL,東京ヤクルトスワローズ,71973867,高仁　秀治,H.Takani,7.0,8.0,8.0,0.0,1.0,0.0,0.0,0.0,1.0,0.0,0.0,0,0.0,0.0,0.0,0,0.0,1.0,0.0,0.125,0.125,0.125,0.25,1.0,0.0,0.0,0.125,0.0,12.5,0.0,0.14285714285714285,0.0875,166.66666666666666,0.0,0.14285714285714285,0.125,1.0,0.0,0.0,7.0,8.0,8.0,1.0,0.0,0.0,0.0,0.125,0.125,0.0,0,0.0,,1.0,0.0,0,0.0,0.0,,0.125,-0.18600000000000005
1991,CL,阪神タイガース,73173868,服部　裕昭,H.Hattori,2.0,0.0,0.0,0.0,0.0,0.0,0.0,0.0,0.0,0.0,0.0,0,0.0,0.0,0.0,0,0.0,0.0,0.0,,,,0.0,0.0,0.0,0.0,,nan,nan,nan,nan,0.0,0.0,nan,nan,,0.0,0.0,0.0,2.0,0.0,0.0,0.0,0.0,0.0,0.0,,,0.0,0,0.0,,0.0,0.0,0,0.0,0.0,,nan,0.0
1991,CL,横浜DeNAベイスターズ,73173883,宮川　一彦,K.Miyakawa,22.0,20.0,19.0,0.0,2.0,0.0,0.0,0.0,2.0,0.0,0,2,0.0,0.0,1.0,0,0.0,8.0,0.0,0.105,0.15,0.105,0.255,2.0,0.0,0.045,0.15,5.0,40.0,0.125,0.18181818181818182,0.09375,185.0,0.15789473684210525,0.29411764705882354,0.105,2.0,0.0,0.0,22.0,20.0,19.0,2.0,0.0,0.0,0.0,0.15,0.105,1.0,0,0.0,,2.0,0,2,0.0,0.0,,0.3,0.0239999999999998
1991,CL,阪神タイガース,73373868,岩田　徹,T.Iwata,3.0,2.0,2.0,0.0,0.0,0.0,0.0,0.0,0.0,0.0,0.0,0,0.0,0.0,0.0,0,0.0,0.0,1.0,0.0,0.0,0.0,0.0,0.0,0.0,0.0,0.0,0.0,0.0,nan,0.0,0.0,0.0,0.0,0.0,0.0,0.0,0.0,0.0,3.0,2.0,2.0,0.0,0.0,0.0,0.0,0.0,0.0,0.0,0,0.0,,0.0,0.0,0,0.0,0.0,,0.0,-0.196
1991,CL,中日ドラゴンズ,73373881,種田　仁,H.Taneda,107.0,368.0,298.0,44.0,81.0,12.0,3.0,5.0,114.0,15.0,13,5,33.0,2.0,31.0,0,4.0,42.0,7.0,0.272,0.346,0.383,0.729,61.0,0.11099999999999999,0.07399999999999995,0.4569999999999999,8.423913043478262,11.41304347826087,0.7380952380952381,0.30039525691699603,0.25145,473.6666666666667,0.23154362416107382,0.6875,0.272,81.0,5.0,15.0,107.0,368.0,298.0,61.0,12.0,3.0,44.0,0.346,0.383,31.0,0,4.0,,114.0,13,5,33.0,2.0,,38.808510638297875,40.64399999999999
1991,CL,横浜DeNAベイスターズ,75573868,田辺　学,M.Tanabe,32.0,33.0,26.0,1.0,3.0,1.0,0.0,0.0,4.0,1.0,0.0,0,4.0,0.0,2.0,0,1.0,11.0,0.0,0.115,0.207,0.154,0.361,2.0,0.03899999999999999,0.09199999999999998,0.246,6.0606060606060606,33.33333333333333,0.18181818181818182,0.2,0.13165,258.3333333333333,0.11538461538461539,0.30434782608695654,0.115,3.0,0.0,1.0,32.0,33.0,26.0,2.0,1.0,0.0,1.0,0.207,0.154,2.0,0,1.0,,4.0,0.0,0,4.0,0.0,,0.7142857142857143,0.45599999999999996
1991,CL,横浜DeNAベイスターズ,75973868,山口　幸勇,Y.Yamaguchi,1.0,1.0,1.0,0.0,0.0,0.0,0.0,0.0,0.0,0.0,0.0,0,0.0,0.0,0.0,0,0.0,1.0,0.0,0.0,0.0,0.0,0.0,0.0,0.0,0.0,0.0,0.0,100.0,0.0,nan,0.0,0.0,0.0,0.0,0.0,0.0,0.0,0.0,1.0,1.0,1.0,0.0,0.0,0.0,0.0,0.0,0.0,0.0,0,0.0,,0.0,0.0,0,0.0,0.0,,0.0,-0.098
1991,CL,横浜DeNAベイスターズ,81183846,遠藤　一彦,K.Endou,19.0,3.0,3.0,0.0,0.0,0.0,0.0,0.0,0.0,0.0,0.0,0,0.0,0.0,0.0,0,0.0,1.0,0.0,0.0,0.0,0.0,0.0,0.0,0.0,0.0,0.0,0.0,33.33333333333333,0.0,0.0,0.0,0.0,0.0,0.0,0.0,0.0,0.0,0.0,19.0,3.0,3.0,0.0,0.0,0.0,0.0,0.0,0.0,0.0,0,0.0,,0.0,0.0,0,0.0,0.0,,0.0,-0.29400000000000004
1991,CL,中日ドラゴンズ,81183848,落合　博満,H.Ochiai,112.0,478.0,374.0,80.0,127.0,17.0,0.0,37.0,255.0,91.0,4,2,0.0,5.0,95.0,0,4.0,55.0,9.0,0.34,0.473,0.682,1.155,73.0,0.342,0.13299999999999995,0.815,19.874476987447697,11.506276150627615,1.7272727272727273,0.313588850174216,0.38334999999999997,700.3333333333334,0.6016042780748663,1.390625,0.34,127.0,37.0,91.0,112.0,478.0,374.0,73.0,17.0,0.0,80.0,0.473,0.682,95.0,0,4.0,,255.0,4,2,0.0,5.0,,120.70362473347548,110.84400000000001
1991,CL,東京ヤクルトスワローズ,81183869,池山　隆寛,T.Ikeyama,132.0,557.0,498.0,74.0,134.0,28.0,1.0,32.0,260.0,80.0,13,5,1.0,4.0,48.0,0,6.0,124.0,12.0,0.269,0.338,0.522,0.8600000000000001,73.0,0.253,0.069,0.591,8.617594254937163,22.262118491921004,0.3870967741935484,0.2947976878612717,0.2826,512.0,0.35943775100401604,0.848404255319149,0.269,134.0,32.0,80.0,132.0,557.0,498.0,73.0,28.0,1.0,74.0,0.338,0.522,48.0,0,6.0,,260.0,13,5,1.0,4.0,,86.66666666666667,86.828
1991,CL,横浜DeNAベイスターズ,81183881,今久留主　成幸,N.Imakurusu,8.0,7.0,7.0,0.0,1.0,0.0,0.0,0.0,1.0,2.0,0.0,0,0.0,0.0,0.0,0,0.0,2.0,1.0,0.143,0.143,0.143,0.286,1.0,0.0,0.0,0.143,0.0,28.57142857142857,0.0,0.2,0.1001,190.66666666666666,0.0,0.14285714285714285,0.143,1.0,0.0,2.0,8.0,7.0,7.0,1.0,0.0,0.0,0.0,0.143,0.143,0.0,0,0.0,,1.0,0.0,0,0.0,0.0,,0.14285714285714285,-0.08800000000000008
1991,CL,東京ヤクルトスワローズ,81283862,柳田　昌夫,M.Yanada,98.0,183.0,160.0,26.0,33.0,4.0,2.0,4.0,53.0,8.0,6,3,9.0,0.0,12.0,0,2.0,33.0,3.0,0.206,0.27,0.331,0.601,23.0,0.12500000000000003,0.06400000000000003,0.395,6.557377049180328,18.0327868852459,0.36363636363636365,0.23577235772357724,0.20425000000000001,380.33333333333337,0.21875,0.5384615384615384,0.206,33.0,4.0,8.0,98.0,183.0,160.0,23.0,4.0,2.0,26.0,0.27,0.331,12.0,0,2.0,,53.0,6,3,9.0,0.0,,13.866279069767442,14.934
1991,CL,読売ジャイアンツ,81283869,村田　真一,S.Murata,111.0,369.0,320.0,43.0,79.0,18.0,0.0,17.0,148.0,42.0,1,0,3.0,3.0,40.0,0,3.0,88.0,14.0,0.247,0.333,0.463,0.796,44.0,0.21600000000000003,0.08600000000000002,0.549,10.840108401084011,23.848238482384822,0.45454545454545453,0.28440366972477066,0.2656,487.33333333333337,0.340625,0.7490196078431373,0.247,79.0,17.0,42.0,111.0,369.0,320.0,44.0,18.0,0.0,43.0,0.333,0.463,40.0,0,3.0,,148.0,1,0,3.0,3.0,,48.922222222222224,50.01199999999999
1991,CL,読売ジャイアンツ,81383844,篠塚　和典,K.Shinozuka,97.0,328.0,289.0,31.0,77.0,9.0,2.0,3.0,99.0,23.0,1.0,1,3.0,3.0,32.0,0,1.0,49.0,4.0,0.266,0.338,0.343,0.681,63.0,0.07700000000000001,0.07200000000000001,0.415,9.75609756097561,14.939024390243901,0.6530612244897959,0.30833333333333335,0.23785,452.33333333333337,0.1903114186851211,0.6157407407407407,0.266,77.0,3.0,23.0,97.0,328.0,289.0,63.0,9.0,2.0,31.0,0.338,0.343,32.0,0,1.0,,99.0,1.0,1,3.0,3.0,,33.61682242990654,34.67399999999999
1991,CL,中日ドラゴンズ,81383863,郭　源治,G.Kaku,33.0,57.0,49.0,3.0,4.0,1.0,0.0,0.0,5.0,5.0,0.0,0,4.0,2.0,2.0,0,0.0,22.0,0.0,0.082,0.113,0.102,0.215,3.0,0.01999999999999999,0.031,0.133,3.508771929824561,38.59649122807017,0.09090909090909091,0.13793103448275862,0.07635,147.0,0.061224489795918366,0.15555555555555556,0.082,4.0,0.0,5.0,33.0,57.0,49.0,3.0,1.0,0.0,3.0,0.113,0.102,2.0,0,0.0,,5.0,0.0,0,4.0,2.0,,0.5882352941176471,-1.5300000000000002
1991,CL,東京ヤクルトスワローズ,81383866,橋上　秀樹,H.Hashigami,59.0,215.0,195.0,29.0,56.0,9.0,2.0,5.0,84.0,17.0,5,0,2.0,0.0,15.0,0,3.0,45.0,4.0,0.287,0.347,0.431,0.778,40.0,0.14400000000000002,0.06,0.491,6.976744186046512,20.930232558139537,0.3333333333333333,0.35172413793103446,0.26389999999999997,490.66666666666663,0.2205128205128205,0.7132867132867133,0.287,56.0,5.0,17.0,59.0,215.0,195.0,40.0,9.0,2.0,29.0,0.347,0.431,15.0,0,3.0,,84.0,5,0,2.0,0.0,,28.4,28.078000000000003
1991,CL,東京ヤクルトスワローズ,81383869,川村　一明,K.Kawamura,3.0,0.0,0.0,0.0,0.0,0.0,0.0,0.0,0.0,0.0,0.0,0,0.0,0.0,0.0,0,0.0,0.0,0.0,,,,0.0,0.0,0.0,0.0,,nan,nan,nan,nan,0.0,0.0,nan,nan,,0.0,0.0,0.0,3.0,0.0,0.0,0.0,0.0,0.0,0.0,,,0.0,0,0.0,,0.0,0.0,0,0.0,0.0,,nan,0.0
1991,CL,中日ドラゴンズ,81383883,M.ライアル,M.Ryal,117.0,498.0,463.0,65.0,132.0,21.0,1.0,24.0,227.0,87.0,2,0,2.0,6.0,25.0,0,2.0,57.0,10.0,0.285,0.321,0.49,0.8109999999999999,86.0,0.20500000000000002,0.03600000000000003,0.526,5.020080321285141,11.44578313253012,0.43859649122807015,0.27835051546391754,0.26695,484.3333333333333,0.2591792656587473,0.7448680351906158,0.285,132.0,24.0,87.0,117.0,498.0,463.0,86.0,21.0,1.0,65.0,0.321,0.49,25.0,0,2.0,,227.0,2,0,2.0,6.0,,73.03073770491804,70.192
1991,CL,阪神タイガース,81483881,古里　泰隆,Y.Furusato,15.0,3.0,3.0,0.0,0.0,0.0,0.0,0.0,0.0,0.0,0.0,0,0.0,0.0,0.0,0,0.0,0.0,1.0,0.0,0.0,0.0,0.0,0.0,0.0,0.0,0.0,0.0,0.0,nan,0.0,0.0,0.0,0.0,0.0,0.0,0.0,0.0,0.0,15.0,3.0,3.0,0.0,0.0,0.0,0.0,0.0,0.0,0.0,0,0.0,,0.0,0.0,0,0.0,0.0,,0.0,-0.29400000000000004
1991,CL,広島東洋カープ,81583846,達川　光男,M.Tatsukawa,120.0,423.0,359.0,30.0,85.0,19.0,0.0,1.0,107.0,39.0,3.0,3,15.0,6.0,41.0,0,2.0,47.0,13.0,0.237,0.314,0.298,0.612,65.0,0.061,0.07700000000000001,0.375,9.692671394799055,11.11111111111111,0.8723404255319149,0.26498422712933756,0.2158,413.3333333333333,0.18384401114206128,0.5331010452961672,0.237,85.0,1.0,39.0,120.0,423.0,359.0,65.0,19.0,0.0,30.0,0.314,0.298,41.0,0,2.0,,107.0,3.0,3,15.0,6.0,,33.705,35.498000000000005
1991,CL,広島東洋カープ,81583866,緒方　孝市,K.Ogata,102.0,240.0,200.0,26.0,37.0,3.0,0.0,5.0,55.0,11.0,12,6,8.0,0.0,30.0,0,2.0,37.0,2.0,0.185,0.297,0.275,0.5720000000000001,29.0,0.09000000000000002,0.11199999999999999,0.387,12.5,15.416666666666668,0.8108108108108109,0.20253164556962025,0.2024,388.6666666666667,0.27,0.5636363636363636,0.185,37.0,5.0,11.0,102.0,240.0,200.0,29.0,3.0,0.0,26.0,0.297,0.275,30.0,0,2.0,,55.0,12,6,8.0,0.0,,16.02173913043478,19.526
1991,CL,読売ジャイアンツ,81583869,斎藤　雅樹,M.Saitou,27.0,67.0,58.0,4.0,9.0,1.0,0.0,0.0,10.0,3.0,1,0,5.0,1.0,3.0,0,0.0,21.0,0.0,0.155,0.194,0.172,0.366,8.0,0.016999999999999987,0.03900000000000001,0.211,4.477611940298507,31.343283582089555,0.14285714285714285,0.23684210526315788,0.1303,251.33333333333334,0.06896551724137931,0.2653061224489796,0.155,9.0,0.0,3.0,27.0,67.0,58.0,8.0,1.0,0.0,4.0,0.194,0.172,3.0,0,0.0,,10.0,1,0,5.0,1.0,,1.9672131147540983,0.9079999999999995
1991,CL,広島東洋カープ,81783861,高沢　秀昭,H.Takazawa,20.0,36.0,32.0,5.0,8.0,1.0,1.0,0.0,11.0,2.0,1,0,0.0,0.0,4.0,0,0.0,8.0,0.0,0.25,0.333,0.344,0.677,6.0,0.09399999999999997,0.08300000000000002,0.427,11.11111111111111,22.22222222222222,0.5,0.3333333333333333,0.23585,447.66666666666663,0.21875,0.625,0.25,8.0,0.0,2.0,20.0,36.0,32.0,6.0,1.0,1.0,5.0,0.333,0.344,4.0,0,0.0,,11.0,1,0,0.0,0.0,,3.6666666666666665,3.7279999999999998
1991,CL,横浜DeNAベイスターズ,81783862,高田　博久,H.Takada,4.0,1.0,1.0,0.0,0.0,0.0,0.0,0.0,0.0,0.0,0.0,0,0.0,0.0,0.0,0,0.0,0.0,0.0,0.0,0.0,0.0,0.0,0.0,0.0,0.0,0.0,0.0,0.0,nan,0.0,0.0,0.0,0.0,0.0,0.0,0.0,0.0,0.0,4.0,1.0,1.0,0.0,0.0,0.0,0.0,0.0,0.0,0.0,0,0.0,,0.0,0.0,0,0.0,0.0,,0.0,-0.098
1991,CL,広島東洋カープ,81783864,西　清孝,K.Nishi,2.0,0.0,0.0,0.0,0.0,0.0,0.0,0.0,0.0,0.0,0.0,0,0.0,0.0,0.0,0,0.0,0.0,0.0,,,,0.0,0.0,0.0,0.0,,nan,nan,nan,nan,0.0,0.0,nan,nan,,0.0,0.0,0.0,2.0,0.0,0.0,0.0,0.0,0.0,0.0,,,0.0,0,0.0,,0.0,0.0,0,0.0,0.0,,nan,0.0
1991,CL,読売ジャイアンツ,81783865,西岡　良洋,Y.Nishioka,65.0,106.0,89.0,10.0,21.0,3.0,1.0,2.0,32.0,6.0,1.0,1,4.0,0.0,13.0,0,0.0,12.0,1.0,0.236,0.333,0.36,0.6930000000000001,15.0,0.124,0.09700000000000003,0.457,12.264150943396226,11.320754716981133,1.0833333333333333,0.25333333333333335,0.23985,453.0,0.2808988764044944,0.6666666666666666,0.236,21.0,2.0,6.0,65.0,106.0,89.0,15.0,3.0,1.0,10.0,0.333,0.36,13.0,0,0.0,,32.0,1.0,1,4.0,0.0,,10.666666666666666,11.385999999999996
1991,CL,中日ドラゴンズ,81883881,与田　剛士,T.Yoda,30.0,4.0,3.0,0.0,0.0,0.0,0.0,0.0,0.0,0.0,0.0,0,1.0,0.0,0.0,0,0.0,1.0,0.0,0.0,0.0,0.0,0.0,0.0,0.0,0.0,0.0,0.0,25.0,0.0,0.0,0.0,0.0,0.0,0.0,0.0,0.0,0.0,0.0,30.0,4.0,3.0,0.0,0.0,0.0,0.0,0.0,0.0,0.0,0,0.0,,0.0,0.0,0,1.0,0.0,,0.0,-0.29400000000000004
1991,CL,読売ジャイアンツ,81983864,福王　昭仁,A.Fukuou,44.0,50.0,48.0,2.0,9.0,3.0,0.0,0.0,12.0,5.0,0.0,0,0.0,0.0,2.0,0,0.0,11.0,2.0,0.188,0.22,0.25,0.47,6.0,0.062,0.032,0.282,4.0,22.0,0.18181818181818182,0.24324324324324326,0.1615,303.33333333333337,0.10416666666666667,0.34146341463414637,0.188,9.0,0.0,5.0,44.0,50.0,48.0,6.0,3.0,0.0,2.0,0.22,0.25,2.0,0,0.0,,12.0,0.0,0,0.0,0.0,,2.64,1.9980000000000002
1991,CL,読売ジャイアンツ,83183883,D.ゴンザレス,D.Gonzalez,40.0,150.0,123.0,17.0,30.0,4.0,0.0,9.0,61.0,27.0,1.0,1,0.0,1.0,25.0,0,1.0,27.0,2.0,0.244,0.373,0.496,0.869,17.0,0.252,0.129,0.625,16.666666666666664,18.0,0.9259259259259259,0.23863636363636365,0.29185,538.3333333333334,0.4634146341463415,0.9263157894736842,0.244,30.0,9.0,27.0,40.0,150.0,123.0,17.0,4.0,0.0,17.0,0.373,0.496,25.0,0,1.0,,61.0,1.0,1,0.0,1.0,,22.66891891891892,23.985999999999994
1991,CL,阪神タイガース,83583868,高村　洋介,Y.Takamura,5.0,1.0,1.0,0.0,0.0,0.0,0.0,0.0,0.0,0.0,0.0,0,0.0,0.0,0.0,0,0.0,1.0,0.0,0.0,0.0,0.0,0.0,0.0,0.0,0.0,0.0,0.0,100.0,0.0,nan,0.0,0.0,0.0,0.0,0.0,0.0,0.0,0.0,5.0,1.0,1.0,0.0,0.0,0.0,0.0,0.0,0.0,0.0,0,0.0,,0.0,0.0,0,0.0,0.0,,0.0,-0.098
1991,CL,広島東洋カープ,83983868,畝　辰実,T.Une,1.0,0.0,0.0,0.0,0.0,0.0,0.0,0.0,0.0,0.0,0.0,0,0.0,0.0,0.0,0,0.0,0.0,0.0,,,,0.0,0.0,0.0,0.0,,nan,nan,nan,nan,0.0,0.0,nan,nan,,0.0,0.0,0.0,1.0,0.0,0.0,0.0,0.0,0.0,0.0,,,0.0,0,0.0,,0.0,0.0,0,0.0,0.0,,nan,0.0
1991,CL,横浜DeNAベイスターズ,85583868,谷繁　元信,M.Tanishige,82.0,221.0,186.0,24.0,44.0,9.0,3.0,5.0,74.0,24.0,5,1,8.0,2.0,20.0,0,5.0,39.0,8.0,0.237,0.324,0.398,0.722,27.0,0.16100000000000003,0.08700000000000002,0.485,9.049773755656108,17.647058823529413,0.5128205128205128,0.2708333333333333,0.24530000000000002,456.6666666666667,0.27419354838709675,0.6666666666666666,0.237,44.0,5.0,24.0,82.0,221.0,186.0,27.0,9.0,3.0,24.0,0.324,0.398,20.0,0,5.0,,74.0,5,1,8.0,2.0,,22.990291262135923,24.813999999999997
1991,CL,東京ヤクルトスワローズ,85983868,郭　建成,K.Kaku,5.0,0.0,0.0,0.0,0.0,0.0,0.0,0.0,0.0,0.0,0.0,0,0.0,0.0,0.0,0,0.0,0.0,0.0,,,,0.0,0.0,0.0,0.0,,nan,nan,nan,nan,0.0,0.0,nan,nan,,0.0,0.0,0.0,5.0,0.0,0.0,0.0,0.0,0.0,0.0,,,0.0,0,0.0,,0.0,0.0,0,0.0,0.0,,nan,0.0
1991,CL,横浜DeNAベイスターズ,91093843,新浦　壽夫,H.Niura,48.0,7.0,5.0,0.0,0.0,0.0,0.0,0.0,0.0,0.0,0.0,0,2.0,0.0,0.0,0,0.0,1.0,0.0,0.0,0.0,0.0,0.0,0.0,0.0,0.0,0.0,0.0,14.285714285714285,0.0,0.0,0.0,0.0,0.0,0.0,0.0,0.0,0.0,0.0,48.0,7.0,5.0,0.0,0.0,0.0,0.0,0.0,0.0,0.0,0,0.0,,0.0,0.0,0,2.0,0.0,,0.0,-0.49
1991,CL,広島東洋カープ,91093867,西田　真二,S.Nishida,102.0,385.0,315.0,37.0,91.0,14.0,1.0,7.0,128.0,51.0,6,3,3.0,3.0,60.0,0,4.0,72.0,7.0,0.289,0.406,0.406,0.812,69.0,0.11700000000000005,0.11700000000000005,0.5230000000000001,15.584415584415584,18.7012987012987,0.8333333333333334,0.3514644351464435,0.2842,541.3333333333334,0.31746031746031744,0.8441558441558441,0.289,91.0,7.0,51.0,102.0,385.0,315.0,69.0,14.0,1.0,37.0,0.406,0.406,60.0,0,4.0,,128.0,6,3,3.0,3.0,,51.541333333333334,55.408
1991,CL,中日ドラゴンズ,91093869,仁村　徹,T.Nimura,95.0,296.0,246.0,32.0,60.0,9.0,1.0,2.0,77.0,29.0,3,0,17.0,3.0,29.0,0,1.0,49.0,15.0,0.244,0.323,0.313,0.636,48.0,0.069,0.07900000000000001,0.392,9.797297297297296,16.554054054054053,0.5918367346938775,0.29292929292929293,0.22360000000000002,427.33333333333337,0.18699186991869918,0.5323383084577115,0.244,60.0,2.0,29.0,95.0,296.0,246.0,48.0,9.0,1.0,32.0,0.323,0.313,29.0,0,1.0,,77.0,3,0,17.0,3.0,,24.92,26.071999999999996
1991,CL,広島東洋カープ,91193844,大野　豊,Y.Oono,37.0,5.0,3.0,0.0,0.0,0.0,0.0,0.0,0.0,0.0,0.0,0,1.0,0.0,1.0,0,0.0,2.0,0.0,0.0,0.25,0.0,0.25,0.0,0.0,0.25,0.25,20.0,40.0,0.5,0.0,0.1125,250.0,0.3333333333333333,0.3333333333333333,0.0,0.0,0.0,0.0,37.0,5.0,3.0,0.0,0.0,0.0,0.0,0.25,0.0,1.0,0,0.0,,0.0,0.0,0,1.0,0.0,,0.0,0.035999999999999976
1991,CL,横浜DeNAベイスターズ,91193881,東瀬　耕太郎,K.Azuse,8.0,4.0,3.0,1.0,0.0,0.0,0.0,0.0,0.0,0.0,0.0,0,0.0,0.0,1.0,0,0.0,1.0,0.0,0.0,0.25,0.0,0.25,0.0,0.0,0.25,0.25,25.0,25.0,1.0,0.0,0.1125,250.0,0.3333333333333333,0.3333333333333333,0.0,0.0,0.0,0.0,8.0,4.0,3.0,0.0,0.0,0.0,1.0,0.25,0.0,1.0,0,0.0,,0.0,0.0,0,0.0,0.0,,0.0,0.035999999999999976
1991,CL,東京ヤクルトスワローズ,91293864,山田　勉,T.Yamada,6.0,0.0,0.0,0.0,0.0,0.0,0.0,0.0,0.0,0.0,0.0,0,0.0,0.0,0.0,0,0.0,0.0,0.0,,,,0.0,0.0,0.0,0.0,,nan,nan,nan,nan,0.0,0.0,nan,nan,,0.0,0.0,0.0,6.0,0.0,0.0,0.0,0.0,0.0,0.0,,,0.0,0,0.0,,0.0,0.0,0,0.0,0.0,,nan,0.0
1991,CL,東京ヤクルトスワローズ,91293867,広瀬　新太郎,S.Hirose,29.0,2.0,1.0,0.0,1.0,0.0,0.0,0.0,1.0,0.0,0.0,0,1.0,0.0,0.0,0,0.0,0.0,0.0,1.0,1.0,1.0,2.0,1.0,0.0,0.0,1.0,0.0,0.0,nan,1.0,0.7,1333.3333333333333,0.0,nan,1.0,1.0,0.0,0.0,29.0,2.0,1.0,1.0,0.0,0.0,0.0,1.0,1.0,0.0,0,0.0,,1.0,0.0,0,1.0,0.0,,1.0,0.5
1991,CL,東京ヤクルトスワローズ,91293881,野口　寿浩,T.Noguchi,1.0,0.0,0.0,0.0,0.0,0.0,0.0,0.0,0.0,0.0,0.0,0,0.0,0.0,0.0,0,0.0,0.0,0.0,,,,0.0,0.0,0.0,0.0,,nan,nan,nan,nan,0.0,0.0,nan,nan,,0.0,0.0,0.0,1.0,0.0,0.0,0.0,0.0,0.0,0.0,,,0.0,0,0.0,,0.0,0.0,0,0.0,0.0,,nan,0.0
1991,CL,広島東洋カープ,91393842,北別府　学,M.Kitabeppu,25.0,54.0,49.0,1.0,2.0,0.0,0.0,0.0,2.0,1.0,0.0,0,3.0,0.0,2.0,0,0.0,27.0,1.0,0.041,0.078,0.041,0.119,2.0,0.0,0.037,0.078,3.7037037037037033,50.0,0.07407407407407407,0.09090909090909091,0.04535,91.66666666666667,0.04081632653061224,0.08333333333333333,0.041,2.0,0.0,1.0,25.0,54.0,49.0,2.0,0.0,0.0,1.0,0.078,0.041,2.0,0,0.0,,2.0,0.0,0,3.0,0.0,,0.1568627450980392,-2.9459999999999997
1991,CL,東京ヤクルトスワローズ,91393865,金澤　次男,T.Kanazawa,4.0,0.0,0.0,0.0,0.0,0.0,0.0,0.0,0.0,0.0,0.0,0,0.0,0.0,0.0,0,0.0,0.0,0.0,,,,0.0,0.0,0.0,0.0,,nan,nan,nan,nan,0.0,0.0,nan,nan,,0.0,0.0,0.0,4.0,0.0,0.0,0.0,0.0,0.0,0.0,,,0.0,0,0.0,,0.0,0.0,0,0.0,0.0,,nan,0.0
1991,CL,中日ドラゴンズ,91393883,寺西　秀人,H.Teranishi,3.0,0.0,0.0,0.0,0.0,0.0,0.0,0.0,0.0,0.0,0.0,0,0.0,0.0,0.0,0,0.0,0.0,0.0,,,,0.0,0.0,0.0,0.0,,nan,nan,nan,nan,0.0,0.0,nan,nan,,0.0,0.0,0.0,3.0,0.0,0.0,0.0,0.0,0.0,0.0,,,0.0,0,0.0,,0.0,0.0,0,0.0,0.0,,nan,0.0
1991,CL,横浜DeNAベイスターズ,91593842,田代　富雄,T.Tashiro,12.0,14.0,12.0,1.0,1.0,0.0,0.0,1.0,4.0,4.0,0.0,0,0.0,0.0,2.0,0,0.0,2.0,2.0,0.083,0.214,0.333,0.547,0.0,0.25,0.131,0.4639999999999999,14.285714285714285,14.285714285714285,1.0,0.0,0.17955,325.0,0.4166666666666667,0.46153846153846156,0.083,1.0,1.0,4.0,12.0,14.0,12.0,0.0,0.0,0.0,1.0,0.214,0.333,2.0,0,0.0,,4.0,0.0,0,0.0,0.0,,0.8571428571428571,1.022
1991,CL,横浜DeNAベイスターズ,91593866,進藤　達哉,T.Shindou,23.0,47.0,40.0,5.0,7.0,2.0,0.0,1.0,12.0,5.0,1,0,3.0,0.0,3.0,0,1.0,14.0,0.0,0.175,0.25,0.3,0.55,4.0,0.125,0.07500000000000001,0.375,6.382978723404255,29.78723404255319,0.21428571428571427,0.24,0.1875,350.0,0.2,0.48484848484848486,0.175,7.0,1.0,5.0,23.0,47.0,40.0,4.0,2.0,0.0,5.0,0.25,0.3,3.0,0,1.0,,12.0,1,0,3.0,0.0,,2.7906976744186047,2.966
1991,CL,中日ドラゴンズ,91693881,松永　幸男,Y.Matsunaga,7.0,0.0,0.0,0.0,0.0,0.0,0.0,0.0,0.0,0.0,0.0,0,0.0,0.0,0.0,0,0.0,0.0,0.0,,,,0.0,0.0,0.0,0.0,,nan,nan,nan,nan,0.0,0.0,nan,nan,,0.0,0.0,0.0,7.0,0.0,0.0,0.0,0.0,0.0,0.0,,,0.0,0,0.0,,0.0,0.0,0,0.0,0.0,,nan,0.0
1991,CL,中日ドラゴンズ,91793842,西本　聖,T.Nishimoto,6.0,15.0,11.0,0.0,3.0,2.0,0.0,0.0,5.0,2.0,0.0,0,4.0,0.0,0.0,0,0.0,5.0,0.0,0.273,0.273,0.455,0.728,1.0,0.182,0.0,0.455,0.0,33.33333333333333,0.0,0.5,0.23660000000000003,424.6666666666667,0.18181818181818182,0.625,0.273,3.0,0.0,2.0,6.0,15.0,11.0,1.0,2.0,0.0,0.0,0.273,0.455,0.0,0,0.0,,5.0,0.0,0,4.0,0.0,,1.3636363636363635,1.156
1991,CL,広島東洋カープ,91793860,正田　耕三,K.Shouda,132.0,555.0,481.0,66.0,140.0,17.0,5.0,8.0,191.0,52.0,9,12,21.0,6.0,45.0,0,2.0,35.0,8.0,0.291,0.35,0.397,0.747,110.0,0.10600000000000004,0.059,0.456,8.108108108108109,6.306306306306306,1.2857142857142858,0.2972972972972973,0.25675000000000003,482.33333333333326,0.22453222453222454,0.7163323782234957,0.291,140.0,8.0,52.0,132.0,555.0,481.0,110.0,17.0,5.0,66.0,0.35,0.397,45.0,0,2.0,,191.0,9,12,21.0,6.0,,67.17680608365019,68.21199999999999
1991,CL,横浜DeNAベイスターズ,91793862,大門　和彦,K.Daimon,50.0,44.0,35.0,4.0,8.0,0.0,0.0,0.0,8.0,4.0,0.0,0,8.0,0.0,1.0,0,0.0,10.0,0.0,0.229,0.25,0.229,0.479,8.0,0.0,0.02099999999999999,0.25,2.272727272727273,22.727272727272727,0.1,0.32,0.16975,326.33333333333337,0.02857142857142857,0.3333333333333333,0.229,8.0,0.0,4.0,50.0,44.0,35.0,8.0,0.0,0.0,4.0,0.25,0.229,1.0,0,0.0,,8.0,0.0,0,8.0,0.0,,2.0,1.6840000000000002
1991,CL,広島東洋カープ,91993860,高山　郁夫,I.Takayama,10.0,0.0,0.0,0.0,0.0,0.0,0.0,0.0,0.0,0.0,0.0,0,0.0,0.0,0.0,0,0.0,0.0,0.0,,,,0.0,0.0,0.0,0.0,,nan,nan,nan,nan,0.0,0.0,nan,nan,,0.0,0.0,0.0,10.0,0.0,0.0,0.0,0.0,0.0,0.0,,,0.0,0,0.0,,0.0,0.0,0,0.0,0.0,,nan,0.0
1991,CL,横浜DeNAベイスターズ,91993862,中山　裕章,H.Nakayama,30.0,54.0,42.0,3.0,6.0,3.0,0.0,0.0,9.0,2.0,0.0,0,8.0,0.0,4.0,0,0.0,17.0,0.0,0.143,0.217,0.214,0.431,3.0,0.07100000000000001,0.07400000000000001,0.288,7.4074074074074066,31.48148148148148,0.23529411764705882,0.24,0.15115,288.3333333333333,0.16666666666666666,0.3611111111111111,0.143,6.0,0.0,2.0,30.0,54.0,42.0,3.0,3.0,0.0,3.0,0.217,0.214,4.0,0,0.0,,9.0,0.0,0,8.0,0.0,,1.9565217391304348,1.4520000000000004
1991,CL,広島東洋カープ,93093868,石貫　宏臣,H.Ishinuki,47.0,5.0,3.0,0.0,0.0,0.0,0.0,0.0,0.0,0.0,0.0,0,2.0,0.0,0.0,0,0.0,0.0,0.0,0.0,0.0,0.0,0.0,0.0,0.0,0.0,0.0,0.0,0.0,nan,0.0,0.0,0.0,0.0,0.0,0.0,0.0,0.0,0.0,47.0,5.0,3.0,0.0,0.0,0.0,0.0,0.0,0.0,0.0,0,0.0,,0.0,0.0,0,2.0,0.0,,0.0,-0.29400000000000004
1991,CL,横浜DeNAベイスターズ,93193883,鈴木尚,T.Suzukitaka（suzuki,1.0,3.0,3.0,0.0,0.0,0.0,0.0,0.0,0.0,0.0,0.0,0,0.0,0.0,0.0,0,0.0,1.0,0.0,0.0,0.0,0.0,0.0,0.0,0.0,0.0,0.0,0.0,33.33333333333333,0.0,0.0,0.0,0.0,0.0,0.0,0.0,0.0,0.0,0.0,1.0,3.0,3.0,0.0,0.0,0.0,0.0,0.0,0.0,0.0,0,0.0,,0.0,0.0,0,0.0,0.0,,0.0,-0.29400000000000004
1991,CL,阪神タイガース,93393868,山田　勝彦,K.Yamada,66.0,166.0,149.0,14.0,19.0,4.0,0.0,2.0,29.0,6.0,0.0,0,6.0,1.0,10.0,0,0.0,41.0,3.0,0.128,0.181,0.195,0.376,13.0,0.067,0.05299999999999999,0.248,6.024096385542169,24.69879518072289,0.24390243902439024,0.1588785046728972,0.13019999999999998,246.0,0.1342281879194631,0.2932330827067669,0.128,19.0,2.0,6.0,66.0,166.0,149.0,13.0,4.0,0.0,14.0,0.181,0.195,10.0,0,0.0,,29.0,0.0,0,6.0,1.0,,5.289308176100629,2.8199999999999985
