year,league,team,player_id,player_name_ja,player_name_en,G,PA,AB,R,H,2B,3B,HR,TB,RBI,SB,CS,SH,SF,BB,IBB,HBP,SO,GDP,AVG,OBP,SLG,OPS,1B,IsoP,IsoD,IOPS,BB%,K%,BB/K,BABIP,GPA,NOI,SecA,TA,打率,安打,本塁打,打点,試合,打席,打数,単打,二塁打,三塁打,得点,出塁率,長打率,四球,敬遠,死球,三振,塁打,盗塁,盗塁死,犠打,犠飛,併殺打,RC,XR
2004,CL,読売ジャイアンツ,1003884,堀田　一郎,I.Horita,24.0,56.0,50.0,6.0,13.0,3.0,1.0,3.0,27.0,8.0,0.0,0,2.0,0.0,4.0,0,0.0,12.0,0.0,0.26,0.315,0.54,0.855,6.0,0.28,0.05499999999999999,0.595,7.142857142857142,21.428571428571427,0.3333333333333333,0.2857142857142857,0.27675000000000005,495.0,0.36,0.8378378378378378,0.26,13.0,3.0,8.0,24.0,56.0,50.0,6.0,3.0,1.0,6.0,0.315,0.54,4.0,0,0.0,,27.0,0.0,0,2.0,0.0,,8.5,8.213999999999999
2004,CL,横浜DeNAベイスターズ,1003888,古木　克明,K.Furuki,94.0,208.0,186.0,26.0,54.0,3.0,0.0,11.0,90.0,27.0,0.0,0,0.0,0.0,19.0,0,3.0,57.0,1.0,0.29,0.365,0.484,0.849,40.0,0.194,0.07500000000000001,0.5589999999999999,9.134615384615383,27.403846153846157,0.3333333333333333,0.3644067796610169,0.28525,526.3333333333334,0.2956989247311828,0.8421052631578947,0.29,54.0,11.0,27.0,94.0,208.0,186.0,40.0,3.0,0.0,26.0,0.365,0.484,19.0,0,3.0,,90.0,0.0,0,0.0,0.0,,32.048780487804876,32.324
2004,CL,中日ドラゴンズ,1003889,柳沢　裕一,Y.Yanagisawa,38.0,72.0,62.0,7.0,15.0,3.0,0.0,1.0,21.0,10.0,0.0,0,2.0,0.0,6.0,0,2.0,24.0,2.0,0.242,0.329,0.339,0.668,11.0,0.09700000000000003,0.08700000000000002,0.426,8.333333333333332,33.33333333333333,0.25,0.3783783783783784,0.2328,442.0,0.1935483870967742,0.5918367346938775,0.242,15.0,1.0,10.0,38.0,72.0,62.0,11.0,3.0,0.0,7.0,0.329,0.339,6.0,0,2.0,,21.0,0.0,0,2.0,0.0,,6.485294117647059,7.134
2004,CL,東京ヤクルトスワローズ,1005117,雄平,Y.Yuuhei（takai,10.0,17.0,16.0,0.0,5.0,0.0,0.0,0.0,5.0,0.0,0.0,0,1.0,0.0,0.0,0,0.0,7.0,0.0,0.312,0.312,0.312,0.624,5.0,0.0,0.0,0.312,0.0,41.17647058823529,0.0,0.5555555555555556,0.21839999999999998,416.0,0.0,0.45454545454545453,0.312,5.0,0.0,0.0,10.0,17.0,16.0,5.0,0.0,0.0,0.0,0.312,0.312,0.0,0,0.0,,5.0,0.0,0,1.0,0.0,,1.5625,1.422
2004,CL,読売ジャイアンツ,1005119,平岡　政樹,M.Hiraoka,7.0,1.0,1.0,0.0,0.0,0.0,0.0,0.0,0.0,0.0,0.0,0,0.0,0.0,0.0,0,0.0,1.0,0.0,0.0,0.0,0.0,0.0,0.0,0.0,0.0,0.0,0.0,100.0,0.0,nan,0.0,0.0,0.0,0.0,0.0,0.0,0.0,0.0,7.0,1.0,1.0,0.0,0.0,0.0,0.0,0.0,0.0,0.0,0,0.0,,0.0,0.0,0,0.0,0.0,,0.0,-0.098
2004,CL,阪神タイガース,11013882,平下　晃司,K.Hirashita,5.0,5.0,4.0,2.0,1.0,0.0,0.0,0.0,1.0,0.0,3,2,0.0,0.0,1.0,0,0.0,2.0,0.0,0.25,0.4,0.25,0.65,1.0,0.0,0.15000000000000002,0.4,20.0,40.0,0.5,0.5,0.24250000000000002,483.3333333333333,0.25,0.6666666666666666,0.25,1.0,0.0,0.0,5.0,5.0,4.0,1.0,0.0,0.0,2.0,0.4,0.25,1.0,0,0.0,,1.0,3,2,0.0,0.0,,0.4,0.536
2004,CL,阪神タイガース,11013884,濱中　治,O.Hamanaka,17.0,40.0,34.0,6.0,4.0,0.0,0.0,1.0,7.0,1.0,0.0,0,0.0,0.0,5.0,0,1.0,10.0,1.0,0.118,0.25,0.206,0.45599999999999996,3.0,0.088,0.132,0.3379999999999999,12.5,25.0,0.5,0.13043478260869565,0.164,318.66666666666663,0.23529411764705882,0.41935483870967744,0.118,4.0,1.0,1.0,17.0,40.0,34.0,3.0,0.0,0.0,6.0,0.25,0.206,5.0,0,1.0,,7.0,0.0,0,0.0,0.0,,1.6153846153846154,1.98
2004,CL,東京ヤクルトスワローズ,11013887,成本　年秀,T.Narimoto,7.0,0.0,0.0,0.0,0.0,0.0,0.0,0.0,0.0,0.0,0.0,0,0.0,0.0,0.0,0,0.0,0.0,0.0,,,,0.0,0.0,0.0,0.0,,nan,nan,nan,nan,0.0,0.0,nan,nan,,0.0,0.0,0.0,7.0,0.0,0.0,0.0,0.0,0.0,0.0,,,0.0,0,0.0,,0.0,0.0,0,0.0,0.0,,nan,0.0
2004,CL,横浜DeNAベイスターズ,11013888,福本　誠,M.Fukumoto,3.0,2.0,2.0,0.0,0.0,0.0,0.0,0.0,0.0,0.0,0.0,0,0.0,0.0,0.0,0,0.0,2.0,0.0,0.0,0.0,0.0,0.0,0.0,0.0,0.0,0.0,0.0,100.0,0.0,nan,0.0,0.0,0.0,0.0,0.0,0.0,0.0,0.0,3.0,2.0,2.0,0.0,0.0,0.0,0.0,0.0,0.0,0.0,0,0.0,,0.0,0.0,0,0.0,0.0,,0.0,-0.196
2004,CL,東京ヤクルトスワローズ,1103882,石井　弘寿,H.Ishii,38.0,3.0,3.0,1.0,1.0,0.0,0.0,1.0,4.0,1.0,0.0,0,0.0,0.0,0.0,0,0.0,1.0,0.0,0.333,0.333,1.333,1.666,0.0,1.0,0.0,1.333,0.0,33.33333333333333,0.0,0.0,0.4831,777.3333333333334,1.0,2.0,0.333,1.0,1.0,1.0,38.0,3.0,3.0,0.0,0.0,0.0,1.0,0.333,1.333,0.0,0,0.0,,4.0,0.0,0,0.0,0.0,,1.3333333333333333,1.244
2004,CL,読売ジャイアンツ,1103883,元木　大介,D.Motoki,55.0,128.0,121.0,11.0,29.0,5.0,0.0,2.0,40.0,13.0,1.0,0,0.0,1.0,6.0,0,0.0,24.0,3.0,0.24,0.273,0.331,0.6040000000000001,22.0,0.09100000000000003,0.03300000000000003,0.364,4.6875,18.75,0.25,0.28125,0.2056,383.33333333333337,0.1487603305785124,0.49473684210526314,0.24,29.0,2.0,13.0,55.0,128.0,121.0,22.0,5.0,0.0,11.0,0.273,0.331,6.0,0,0.0,,40.0,1.0,0,0.0,1.0,,11.023622047244094,10.624
2004,CL,阪神タイガース,1103886,井川　慶,K.Igawa,29.0,78.0,67.0,1.0,4.0,1.0,0.0,0.0,5.0,1.0,0.0,0,8.0,0.0,3.0,0,0.0,30.0,1.0,0.06,0.1,0.075,0.175,3.0,0.015,0.04000000000000001,0.115,3.8461538461538463,38.46153846153847,0.1,0.10810810810810811,0.06375,125.0,0.05970149253731343,0.125,0.06,4.0,0.0,1.0,29.0,78.0,67.0,3.0,1.0,0.0,1.0,0.1,0.075,3.0,0,0.0,,5.0,0.0,0,8.0,0.0,,0.5,-2.9640000000000004
2004,CL,広島東洋カープ,1103888,新井　貴浩,T.Arai,103.0,294.0,262.0,36.0,69.0,10.0,1.0,10.0,111.0,36.0,0.0,0,0.0,1.0,29.0,0,2.0,55.0,4.0,0.263,0.34,0.424,0.764,48.0,0.16099999999999998,0.07700000000000001,0.501,9.863945578231291,18.70748299319728,0.5272727272727272,0.29797979797979796,0.259,481.33333333333337,0.27099236641221375,0.7208121827411168,0.263,69.0,10.0,36.0,103.0,294.0,262.0,48.0,10.0,1.0,36.0,0.34,0.424,29.0,0,2.0,,111.0,0.0,0,0.0,1.0,,37.381443298969074,37.956
2004,CL,横浜DeNAベイスターズ,1105113,東　和政,K.Azuma,3.0,1.0,1.0,0.0,0.0,0.0,0.0,0.0,0.0,0.0,0.0,0,0.0,0.0,0.0,0,0.0,1.0,0.0,0.0,0.0,0.0,0.0,0.0,0.0,0.0,0.0,0.0,100.0,0.0,nan,0.0,0.0,0.0,0.0,0.0,0.0,0.0,0.0,3.0,1.0,1.0,0.0,0.0,0.0,0.0,0.0,0.0,0.0,0,0.0,,0.0,0.0,0,0.0,0.0,,0.0,-0.098
2004,CL,広島東洋カープ,1105115,天谷　宗一郎,S.Amaya,10.0,12.0,11.0,1.0,2.0,0.0,1.0,0.0,4.0,1.0,2.0,0,0.0,0.0,1.0,0,0.0,4.0,0.0,0.182,0.25,0.364,0.614,1.0,0.182,0.068,0.432,8.333333333333332,33.33333333333333,0.25,0.2857142857142857,0.20350000000000001,371.33333333333337,0.45454545454545453,0.7777777777777778,0.182,2.0,0.0,1.0,10.0,12.0,11.0,1.0,0.0,1.0,1.0,0.25,0.364,1.0,0,0.0,,4.0,2.0,0,0.0,0.0,,1.0,1.3479999999999999
2004,CL,阪神タイガース,11213864,八木　裕,H.Yagi,32.0,41.0,37.0,2.0,9.0,3.0,0.0,0.0,12.0,5.0,0.0,0,0.0,0.0,4.0,0,0.0,11.0,1.0,0.243,0.317,0.324,0.641,6.0,0.08100000000000002,0.07400000000000001,0.398,9.75609756097561,26.82926829268293,0.36363636363636365,0.34615384615384615,0.22365000000000002,425.0,0.1891891891891892,0.5517241379310345,0.243,9.0,0.0,5.0,32.0,41.0,37.0,6.0,3.0,0.0,2.0,0.317,0.324,4.0,0,0.0,,12.0,0.0,0,0.0,0.0,,3.8048780487804876,3.736
2004,CL,広島東洋カープ,11213880,横山　竜士,R.Yokoyama,3.0,1.0,1.0,0.0,0.0,0.0,0.0,0.0,0.0,0.0,0.0,0,0.0,0.0,0.0,0,0.0,1.0,0.0,0.0,0.0,0.0,0.0,0.0,0.0,0.0,0.0,0.0,100.0,0.0,nan,0.0,0.0,0.0,0.0,0.0,0.0,0.0,0.0,3.0,1.0,1.0,0.0,0.0,0.0,0.0,0.0,0.0,0.0,0,0.0,,0.0,0.0,0,0.0,0.0,,0.0,-0.098
2004,CL,読売ジャイアンツ,11213884,三澤　興一,K.Misawa,15.0,2.0,2.0,1.0,0.0,0.0,0.0,0.0,0.0,0.0,0.0,0,0.0,0.0,0.0,0,0.0,0.0,0.0,0.0,0.0,0.0,0.0,0.0,0.0,0.0,0.0,0.0,0.0,nan,0.0,0.0,0.0,0.0,0.0,0.0,0.0,0.0,0.0,15.0,2.0,2.0,0.0,0.0,0.0,1.0,0.0,0.0,0.0,0,0.0,,0.0,0.0,0,0.0,0.0,,0.0,-0.196
2004,CL,広島東洋カープ,11213886,林　昌樹,M.Hayashi,47.0,1.0,0.0,0.0,0.0,0.0,0.0,0.0,0.0,0.0,0.0,0,1.0,0.0,0.0,0,0.0,0.0,0.0,,,,0.0,0.0,0.0,0.0,,0.0,0.0,nan,nan,0.0,0.0,nan,nan,,0.0,0.0,0.0,47.0,1.0,0.0,0.0,0.0,0.0,0.0,,,0.0,0,0.0,,0.0,0.0,0,1.0,0.0,,nan,0.0
2004,CL,横浜DeNAベイスターズ,11215115,野中　信吾,S.Nonaka,7.0,0.0,0.0,3.0,0.0,0.0,0.0,0.0,0.0,0.0,3,0,0.0,0.0,0.0,0,0.0,0.0,0.0,,,,0.0,0.0,0.0,0.0,,nan,nan,nan,nan,0.0,0.0,nan,nan,,0.0,0.0,0.0,7.0,0.0,0.0,0.0,0.0,0.0,3.0,,,0.0,0,0.0,,0.0,3,0,0.0,0.0,,nan,0.0
2004,CL,東京ヤクルトスワローズ,11313884,岩村　明憲,A.Iwamura,138.0,611.0,533.0,99.0,160.0,19.0,0.0,44.0,311.0,103.0,8,3,0.0,4.0,70.0,0,4.0,173.0,5.0,0.3,0.383,0.583,0.966,97.0,0.283,0.08300000000000002,0.6659999999999999,11.456628477905074,28.314238952536826,0.4046242774566474,0.3625,0.3181,577.3333333333334,0.4202626641651032,1.0264550264550265,0.3,160.0,44.0,103.0,138.0,611.0,533.0,97.0,19.0,0.0,99.0,0.383,0.583,70.0,0,4.0,,311.0,8,3,0.0,4.0,,118.62354892205639,113.94599999999997
2004,CL,読売ジャイアンツ,11313888,上原　浩治,K.Uehara,22.0,68.0,58.0,3.0,14.0,1.0,0.0,0.0,15.0,5.0,0.0,0,8.0,0.0,2.0,0,0.0,22.0,3.0,0.241,0.267,0.259,0.526,13.0,0.018000000000000016,0.026000000000000023,0.285,2.941176470588235,32.35294117647059,0.09090909090909091,0.3888888888888889,0.1849,353.3333333333333,0.05172413793103448,0.3617021276595745,0.241,14.0,0.0,5.0,22.0,68.0,58.0,13.0,1.0,0.0,3.0,0.267,0.259,2.0,0,0.0,,15.0,0.0,0,8.0,0.0,,4.0,3.5679999999999996
2004,CL,東京ヤクルトスワローズ,11315115,石川　雅規,M.Ishikawa,29.0,59.0,50.0,3.0,10.0,1.0,0.0,0.0,11.0,4.0,0.0,0,8.0,0.0,0.0,0,1.0,20.0,0.0,0.2,0.216,0.22,0.436,9.0,0.01999999999999999,0.015999999999999986,0.236,0.0,33.89830508474576,0.0,0.3333333333333333,0.1522,289.3333333333333,0.02,0.3,0.2,10.0,0.0,4.0,29.0,59.0,50.0,9.0,1.0,0.0,3.0,0.216,0.22,0.0,0,1.0,,11.0,0.0,0,8.0,0.0,,2.2,1.63
2004,CL,中日ドラゴンズ,11415111,山北　茂利,S.Yamakita,7.0,0.0,0.0,0.0,0.0,0.0,0.0,0.0,0.0,0.0,0.0,0,0.0,0.0,0.0,0,0.0,0.0,0.0,,,,0.0,0.0,0.0,0.0,,nan,nan,nan,nan,0.0,0.0,nan,nan,,0.0,0.0,0.0,7.0,0.0,0.0,0.0,0.0,0.0,0.0,,,0.0,0,0.0,,0.0,0.0,0,0.0,0.0,,nan,0.0
2004,CL,読売ジャイアンツ,11415113,三浦　貴,T.Miura,3.0,10.0,8.0,1.0,1.0,1.0,0.0,0.0,2.0,0.0,0.0,0,0.0,0.0,2.0,0,0.0,1.0,0.0,0.125,0.3,0.25,0.55,0.0,0.125,0.175,0.425,20.0,10.0,2.0,0.14285714285714285,0.1975,383.3333333333333,0.375,0.5714285714285714,0.125,1.0,0.0,0.0,3.0,10.0,8.0,0.0,1.0,0.0,1.0,0.3,0.25,2.0,0,0.0,,2.0,0.0,0,0.0,0.0,,0.6,0.6939999999999998
2004,CL,阪神タイガース,11415117,中村　泰広,Y.Nakamura,5.0,0.0,0.0,0.0,0.0,0.0,0.0,0.0,0.0,0.0,0.0,0,0.0,0.0,0.0,0,0.0,0.0,0.0,,,,0.0,0.0,0.0,0.0,,nan,nan,nan,nan,0.0,0.0,nan,nan,,0.0,0.0,0.0,5.0,0.0,0.0,0.0,0.0,0.0,0.0,,,0.0,0,0.0,,0.0,0.0,0,0.0,0.0,,nan,0.0
2004,CL,読売ジャイアンツ,11513862,桑田　真澄,M.Kuwata,16.0,30.0,25.0,2.0,6.0,2.0,0.0,0.0,8.0,3.0,0.0,0,4.0,1.0,0.0,0,0.0,7.0,1.0,0.24,0.231,0.32,0.551,4.0,0.08000000000000002,-0.00899999999999998,0.311,0.0,23.333333333333332,0.0,0.3157894736842105,0.18395,337.6666666666667,0.08,0.4,0.24,6.0,0.0,3.0,16.0,30.0,25.0,4.0,2.0,0.0,2.0,0.231,0.32,0.0,0,0.0,,8.0,0.0,0,4.0,1.0,,1.92,1.5779999999999998
2004,CL,中日ドラゴンズ,11515113,岡本　真或,S.Okamoto,63.0,2.0,1.0,0.0,0.0,0.0,0.0,0.0,0.0,0.0,0.0,0,1.0,0.0,0.0,0,0.0,1.0,0.0,0.0,0.0,0.0,0.0,0.0,0.0,0.0,0.0,0.0,50.0,0.0,nan,0.0,0.0,0.0,0.0,0.0,0.0,0.0,0.0,63.0,2.0,1.0,0.0,0.0,0.0,0.0,0.0,0.0,0.0,0,0.0,,0.0,0.0,0,1.0,0.0,,0.0,-0.098
2004,CL,広島東洋カープ,11515115,大竹　寛,K.Ootake,43.0,11.0,10.0,0.0,0.0,0.0,0.0,0.0,0.0,0.0,0.0,0,1.0,0.0,0.0,0,0.0,5.0,0.0,0.0,0.0,0.0,0.0,0.0,0.0,0.0,0.0,0.0,45.45454545454545,0.0,0.0,0.0,0.0,0.0,0.0,0.0,0.0,0.0,0.0,43.0,11.0,10.0,0.0,0.0,0.0,0.0,0.0,0.0,0.0,0,0.0,,0.0,0.0,0,1.0,0.0,,0.0,-0.98
2004,CL,東京ヤクルトスワローズ,11515119,川島　亮,R.Kawashima,24.0,56.0,49.0,3.0,10.0,0.0,0.0,0.0,10.0,3.0,0.0,0,6.0,0.0,0.0,0,1.0,12.0,2.0,0.204,0.22,0.204,0.424,10.0,0.0,0.016000000000000014,0.22,0.0,21.428571428571427,0.0,0.2702702702702703,0.15,288.0,0.0,0.2682926829268293,0.204,10.0,0.0,3.0,24.0,56.0,49.0,10.0,0.0,0.0,3.0,0.22,0.204,0.0,0,1.0,,10.0,0.0,0,6.0,0.0,,2.0408163265306123,1.508
2004,CL,東京ヤクルトスワローズ,11613881,古田　敦也,A.Furuta,133.0,532.0,483.0,72.0,148.0,23.0,0.0,24.0,243.0,79.0,1,2,0.0,3.0,36.0,0,10.0,66.0,11.0,0.306,0.365,0.503,0.868,101.0,0.197,0.059,0.562,6.7669172932330826,12.406015037593985,0.5454545454545454,0.31313131313131315,0.29000000000000004,532.6666666666666,0.2753623188405797,0.8410404624277457,0.306,148.0,24.0,79.0,133.0,532.0,483.0,101.0,23.0,0.0,72.0,0.365,0.503,36.0,0,10.0,,243.0,1,2,0.0,3.0,,86.15028901734104,84.33000000000001
2004,CL,中日ドラゴンズ,11615117,森岡　良介,R.Morioka,1.0,1.0,1.0,0.0,0.0,0.0,0.0,0.0,0.0,0.0,0.0,0,0.0,0.0,0.0,0,0.0,0.0,0.0,0.0,0.0,0.0,0.0,0.0,0.0,0.0,0.0,0.0,0.0,nan,0.0,0.0,0.0,0.0,0.0,0.0,0.0,0.0,0.0,1.0,1.0,1.0,0.0,0.0,0.0,0.0,0.0,0.0,0.0,0,0.0,,0.0,0.0,0,0.0,0.0,,0.0,-0.098
2004,CL,東京ヤクルトスワローズ,11615119,T.マウンス,T.Mounce,12.0,18.0,16.0,1.0,2.0,1.0,0.0,0.0,3.0,0.0,0.0,0,1.0,0.0,1.0,0,0.0,11.0,0.0,0.125,0.176,0.188,0.364,1.0,0.063,0.05099999999999999,0.239,5.555555555555555,61.111111111111114,0.09090909090909091,0.4,0.12619999999999998,238.66666666666663,0.125,0.2857142857142857,0.125,2.0,0.0,0.0,12.0,18.0,16.0,1.0,1.0,0.0,1.0,0.176,0.188,1.0,0,0.0,,3.0,0.0,0,1.0,0.0,,0.5294117647058824,0.17799999999999994
2004,CL,東京ヤクルトスワローズ,11713880,城石　憲之,N.Shiroishi,119.0,341.0,315.0,29.0,67.0,7.0,0.0,4.0,86.0,22.0,2,3,7.0,1.0,15.0,0,3.0,58.0,14.0,0.213,0.254,0.273,0.527,56.0,0.060000000000000026,0.04100000000000001,0.314,4.398826979472141,17.008797653958943,0.25862068965517243,0.24803149606299213,0.18255,345.00000000000006,0.11746031746031746,0.4083969465648855,0.213,67.0,4.0,22.0,119.0,341.0,315.0,56.0,7.0,0.0,29.0,0.254,0.273,15.0,0,3.0,,86.0,2,3,7.0,1.0,,21.36969696969697,20.975999999999992
2004,CL,阪神タイガース,11715113,狩野　恵輔,K.Kanou,2.0,4.0,4.0,0.0,0.0,0.0,0.0,0.0,0.0,0.0,0.0,0,0.0,0.0,0.0,0,0.0,1.0,0.0,0.0,0.0,0.0,0.0,0.0,0.0,0.0,0.0,0.0,25.0,0.0,0.0,0.0,0.0,0.0,0.0,0.0,0.0,0.0,0.0,2.0,4.0,4.0,0.0,0.0,0.0,0.0,0.0,0.0,0.0,0,0.0,,0.0,0.0,0,0.0,0.0,,0.0,-0.392
2004,CL,広島東洋カープ,11815119,J.フェリシアーノ,J.Feliciano,3.0,4.0,3.0,1.0,1.0,0.0,0.0,0.0,1.0,0.0,0.0,0,1.0,0.0,0.0,0,0.0,0.0,0.0,0.333,0.333,0.333,0.666,1.0,0.0,0.0,0.333,0.0,0.0,nan,0.3333333333333333,0.23310000000000003,444.0,0.0,0.5,0.333,1.0,0.0,0.0,3.0,4.0,3.0,1.0,0.0,0.0,1.0,0.333,0.333,0.0,0,0.0,,1.0,0.0,0,1.0,0.0,,0.3333333333333333,0.304
2004,CL,阪神タイガース,11913882,中村　豊,Y.Nakamura,3.0,3.0,3.0,0.0,0.0,0.0,0.0,0.0,0.0,0.0,0.0,0,0.0,0.0,0.0,0,0.0,1.0,0.0,0.0,0.0,0.0,0.0,0.0,0.0,0.0,0.0,0.0,33.33333333333333,0.0,0.0,0.0,0.0,0.0,0.0,0.0,0.0,0.0,0.0,3.0,3.0,3.0,0.0,0.0,0.0,0.0,0.0,0.0,0.0,0,0.0,,0.0,0.0,0,0.0,0.0,,0.0,-0.29400000000000004
2004,CL,広島東洋カープ,11913889,西川　慎一,S.Nishikawa,1.0,0.0,0.0,0.0,0.0,0.0,0.0,0.0,0.0,0.0,0.0,0,0.0,0.0,0.0,0,0.0,0.0,0.0,,,,0.0,0.0,0.0,0.0,,nan,nan,nan,nan,0.0,0.0,nan,nan,,0.0,0.0,0.0,1.0,0.0,0.0,0.0,0.0,0.0,0.0,,,0.0,0,0.0,,0.0,0.0,0,0.0,0.0,,nan,0.0
2004,CL,横浜DeNAベイスターズ,1205111,南　竜介,R.Minami,10.0,4.0,4.0,0.0,0.0,0.0,0.0,0.0,0.0,0.0,0.0,0,0.0,0.0,0.0,0,0.0,4.0,0.0,0.0,0.0,0.0,0.0,0.0,0.0,0.0,0.0,0.0,100.0,0.0,nan,0.0,0.0,0.0,0.0,0.0,0.0,0.0,0.0,10.0,4.0,4.0,0.0,0.0,0.0,0.0,0.0,0.0,0.0,0,0.0,,0.0,0.0,0,0.0,0.0,,0.0,-0.392
2004,CL,読売ジャイアンツ,1205115,林　昌範,M.Hayashi,26.0,31.0,27.0,1.0,2.0,1.0,0.0,0.0,3.0,1.0,0.0,0,4.0,0.0,0.0,0,0.0,17.0,0.0,0.074,0.074,0.111,0.185,1.0,0.037000000000000005,0.0,0.111,0.0,54.83870967741935,0.0,0.2,0.06104999999999999,110.99999999999999,0.037037037037037035,0.12,0.074,2.0,0.0,1.0,26.0,31.0,27.0,1.0,1.0,0.0,1.0,0.074,0.111,0.0,0,0.0,,3.0,0.0,0,4.0,0.0,,0.2222222222222222,-1.2300000000000002
2004,CL,広島東洋カープ,1205117,永川　勝浩,K.Nagakawa,22.0,8.0,7.0,0.0,0.0,0.0,0.0,0.0,0.0,0.0,0.0,0,1.0,0.0,0.0,0,0.0,5.0,1.0,0.0,0.0,0.0,0.0,0.0,0.0,0.0,0.0,0.0,62.5,0.0,0.0,0.0,0.0,0.0,0.0,0.0,0.0,0.0,0.0,22.0,8.0,7.0,0.0,0.0,0.0,0.0,0.0,0.0,0.0,0,0.0,,0.0,0.0,0,1.0,0.0,,0.0,-0.686
2004,CL,中日ドラゴンズ,1303864,紀藤　真琴,M.Kitou,12.0,3.0,3.0,0.0,0.0,0.0,0.0,0.0,0.0,0.0,0.0,0,0.0,0.0,0.0,0,0.0,2.0,0.0,0.0,0.0,0.0,0.0,0.0,0.0,0.0,0.0,0.0,66.66666666666666,0.0,0.0,0.0,0.0,0.0,0.0,0.0,0.0,0.0,0.0,12.0,3.0,3.0,0.0,0.0,0.0,0.0,0.0,0.0,0.0,0,0.0,,0.0,0.0,0,0.0,0.0,,0.0,-0.29400000000000004
2004,CL,横浜DeNAベイスターズ,1303882,門倉　健,K.Kadokura,42.0,11.0,10.0,1.0,1.0,0.0,0.0,1.0,4.0,1.0,0.0,0,1.0,0.0,0.0,0,0.0,7.0,0.0,0.1,0.1,0.4,0.5,0.0,0.30000000000000004,0.0,0.4,0.0,63.63636363636363,0.0,0.0,0.14500000000000002,233.33333333333334,0.3,0.4444444444444444,0.1,1.0,1.0,1.0,42.0,11.0,10.0,0.0,0.0,0.0,1.0,0.1,0.4,0.0,0,0.0,,4.0,0.0,0,1.0,0.0,,0.4,0.5579999999999999
2004,CL,阪神タイガース,1303885,片岡　篤史,A.Kataoka,46.0,106.0,88.0,8.0,18.0,5.0,0.0,3.0,32.0,7.0,0.0,0,0.0,0.0,16.0,0,2.0,24.0,0.0,0.205,0.34,0.364,0.704,10.0,0.159,0.13500000000000004,0.499,15.09433962264151,22.641509433962266,0.6666666666666666,0.2459016393442623,0.24400000000000002,461.33333333333337,0.3409090909090909,0.7142857142857143,0.205,18.0,3.0,7.0,46.0,106.0,88.0,10.0,5.0,0.0,8.0,0.34,0.364,16.0,0,2.0,,32.0,0.0,0,0.0,0.0,,10.461538461538462,12.0
2004,CL,阪神タイガース,1305117,江草　仁貴,H.Egusa,9.0,2.0,2.0,0.0,0.0,0.0,0.0,0.0,0.0,0.0,0.0,0,0.0,0.0,0.0,0,0.0,1.0,0.0,0.0,0.0,0.0,0.0,0.0,0.0,0.0,0.0,0.0,50.0,0.0,0.0,0.0,0.0,0.0,0.0,0.0,0.0,0.0,0.0,9.0,2.0,2.0,0.0,0.0,0.0,0.0,0.0,0.0,0.0,0,0.0,,0.0,0.0,0,0.0,0.0,,0.0,-0.196
2004,CL,中日ドラゴンズ,1403862,山本昌,M.Yamamotomasa（yamamoto,27.0,60.0,45.0,3.0,6.0,0.0,0.0,0.0,6.0,3.0,0.0,0,11.0,0.0,4.0,0,0.0,28.0,0.0,0.133,0.204,0.133,0.33699999999999997,6.0,0.0,0.07099999999999998,0.204,6.666666666666667,46.666666666666664,0.14285714285714285,0.35294117647058826,0.12505,248.33333333333331,0.08888888888888889,0.2564102564102564,0.133,6.0,0.0,3.0,27.0,60.0,45.0,6.0,0.0,0.0,3.0,0.204,0.133,4.0,0,0.0,,6.0,0.0,0,11.0,0.0,,1.2244897959183674,0.4980000000000002
2004,CL,阪神タイガース,1405111,吉野　誠,M.Yoshino,23.0,0.0,0.0,0.0,0.0,0.0,0.0,0.0,0.0,0.0,0.0,0,0.0,0.0,0.0,0,0.0,0.0,0.0,,,,0.0,0.0,0.0,0.0,,nan,nan,nan,nan,0.0,0.0,nan,nan,,0.0,0.0,0.0,23.0,0.0,0.0,0.0,0.0,0.0,0.0,,,0.0,0,0.0,,0.0,0.0,0,0.0,0.0,,nan,0.0
2004,CL,中日ドラゴンズ,1405115,前田　新悟,S.Maeda,2.0,3.0,3.0,0.0,0.0,0.0,0.0,0.0,0.0,0.0,0.0,0,0.0,0.0,0.0,0,0.0,0.0,0.0,0.0,0.0,0.0,0.0,0.0,0.0,0.0,0.0,0.0,0.0,nan,0.0,0.0,0.0,0.0,0.0,0.0,0.0,0.0,0.0,2.0,3.0,3.0,0.0,0.0,0.0,0.0,0.0,0.0,0.0,0,0.0,,0.0,0.0,0,0.0,0.0,,0.0,-0.29400000000000004
2004,CL,読売ジャイアンツ,1503880,斉藤　宜之,T.Saitou,24.0,39.0,36.0,2.0,7.0,1.0,0.0,1.0,11.0,2.0,0.0,0,0.0,1.0,2.0,0,0.0,6.0,0.0,0.194,0.231,0.306,0.537,5.0,0.11199999999999999,0.037000000000000005,0.3429999999999999,5.128205128205128,15.384615384615385,0.3333333333333333,0.2,0.18045,333.0,0.16666666666666666,0.4482758620689655,0.194,7.0,1.0,2.0,24.0,39.0,36.0,5.0,1.0,0.0,2.0,0.231,0.306,2.0,0,0.0,,11.0,0.0,0,0.0,1.0,,2.6052631578947367,2.478
2004,CL,中日ドラゴンズ,1503888,英智,H.Hidenori（kuramoto,107.0,221.0,201.0,33.0,54.0,10.0,2.0,0.0,68.0,19.0,3.0,0,4.0,0.0,14.0,0,2.0,46.0,5.0,0.269,0.323,0.338,0.661,42.0,0.069,0.05399999999999999,0.392,6.334841628959276,20.81447963800905,0.30434782608695654,0.34838709677419355,0.22985,435.6666666666667,0.15422885572139303,0.5723684210526315,0.269,54.0,0.0,19.0,107.0,221.0,201.0,42.0,10.0,2.0,33.0,0.323,0.338,14.0,0,2.0,,68.0,3.0,0,4.0,0.0,,21.506976744186048,21.694000000000003
2004,CL,読売ジャイアンツ,1505111,佐藤　宏志,H.Satou,26.0,16.0,15.0,0.0,1.0,0.0,0.0,0.0,1.0,1.0,0.0,0,1.0,0.0,0.0,0,0.0,11.0,1.0,0.067,0.067,0.067,0.134,1.0,0.0,0.0,0.067,0.0,68.75,0.0,0.25,0.046900000000000004,89.33333333333333,0.0,0.06666666666666667,0.067,1.0,0.0,1.0,26.0,16.0,15.0,1.0,0.0,0.0,0.0,0.067,0.067,0.0,0,0.0,,1.0,0.0,0,1.0,0.0,,0.06666666666666667,-0.8720000000000001
2004,CL,東京ヤクルトスワローズ,15213868,飯田　哲也,T.Iida,3.0,11.0,10.0,0.0,1.0,0.0,0.0,0.0,1.0,1.0,0.0,0,0.0,0.0,0.0,0,1.0,4.0,0.0,0.1,0.182,0.1,0.28200000000000003,1.0,0.0,0.08199999999999999,0.182,0.0,36.36363636363637,0.0,0.16666666666666666,0.1069,215.33333333333331,0.0,0.2222222222222222,0.1,1.0,0.0,1.0,3.0,11.0,10.0,1.0,0.0,0.0,0.0,0.182,0.1,0.0,0,1.0,,1.0,0.0,0,0.0,0.0,,0.1,-0.051999999999999935
2004,CL,東京ヤクルトスワローズ,15313868,鈴木　健,K.Suzuki,129.0,517.0,470.0,41.0,136.0,21.0,0.0,15.0,202.0,65.0,1.0,1,0.0,2.0,40.0,0,5.0,100.0,15.0,0.289,0.35,0.43,0.78,100.0,0.14100000000000001,0.061,0.491,7.7369439071566735,19.342359767891683,0.4,0.3389355742296919,0.265,493.3333333333333,0.2276595744680851,0.7106017191977078,0.289,136.0,15.0,65.0,129.0,517.0,470.0,100.0,21.0,0.0,41.0,0.35,0.43,40.0,0,5.0,,202.0,1.0,1,0.0,2.0,,69.70980392156862,69.018
2004,CL,中日ドラゴンズ,1703883,関川　浩一,K.Sekikawa,12.0,11.0,11.0,1.0,0.0,0.0,0.0,0.0,0.0,0.0,0.0,0,0.0,0.0,0.0,0,0.0,5.0,0.0,0.0,0.0,0.0,0.0,0.0,0.0,0.0,0.0,0.0,45.45454545454545,0.0,0.0,0.0,0.0,0.0,0.0,0.0,0.0,0.0,0.0,12.0,11.0,11.0,0.0,0.0,0.0,1.0,0.0,0.0,0.0,0,0.0,,0.0,0.0,0,0.0,0.0,,0.0,-1.078
2004,CL,横浜DeNAベイスターズ,1705117,木村　昇吾,S.Kimura,1.0,1.0,1.0,0.0,0.0,0.0,0.0,0.0,0.0,0.0,0.0,0,0.0,0.0,0.0,0,0.0,1.0,0.0,0.0,0.0,0.0,0.0,0.0,0.0,0.0,0.0,0.0,100.0,0.0,nan,0.0,0.0,0.0,0.0,0.0,0.0,0.0,0.0,1.0,1.0,1.0,0.0,0.0,0.0,0.0,0.0,0.0,0.0,0,0.0,,0.0,0.0,0,0.0,0.0,,0.0,-0.098
2004,CL,読売ジャイアンツ,1903888,二岡　智宏,T.Nioka,91.0,360.0,327.0,27.0,88.0,10.0,0.0,9.0,125.0,49.0,0.0,0,1.0,1.0,25.0,0,6.0,72.0,7.0,0.269,0.331,0.382,0.7130000000000001,69.0,0.11299999999999999,0.062,0.444,6.944444444444445,20.0,0.3472222222222222,0.31983805668016196,0.24445,458.33333333333337,0.18960244648318042,0.6341463414634146,0.269,88.0,9.0,49.0,91.0,360.0,327.0,69.0,10.0,0.0,27.0,0.331,0.382,25.0,0,6.0,,125.0,0.0,0,1.0,1.0,,40.12784090909091,41.468
2004,CL,横浜DeNAベイスターズ,1905115,田﨑　昌弘,M.Tazaki,1.0,0.0,0.0,0.0,0.0,0.0,0.0,0.0,0.0,0.0,0.0,0,0.0,0.0,0.0,0,0.0,0.0,0.0,,,,0.0,0.0,0.0,0.0,,nan,nan,nan,nan,0.0,0.0,nan,nan,,0.0,0.0,0.0,1.0,0.0,0.0,0.0,0.0,0.0,0.0,,,0.0,0,0.0,,0.0,0.0,0,0.0,0.0,,nan,0.0
2004,CL,阪神タイガース,21023884,前川　勝彦,K.Maekawa,3.0,4.0,4.0,0.0,0.0,0.0,0.0,0.0,0.0,0.0,0.0,0,0.0,0.0,0.0,0,0.0,3.0,0.0,0.0,0.0,0.0,0.0,0.0,0.0,0.0,0.0,0.0,75.0,0.0,0.0,0.0,0.0,0.0,0.0,0.0,0.0,0.0,0.0,3.0,4.0,4.0,0.0,0.0,0.0,0.0,0.0,0.0,0.0,0,0.0,,0.0,0.0,0,0.0,0.0,,0.0,-0.392
2004,CL,阪神タイガース,21023889,藪　恵壹,K.Yabu,19.0,41.0,32.0,1.0,4.0,0.0,0.0,0.0,4.0,1.0,0.0,0,8.0,0.0,1.0,0,0.0,11.0,0.0,0.125,0.152,0.125,0.277,4.0,0.0,0.026999999999999996,0.152,2.4390243902439024,26.82926829268293,0.09090909090909091,0.19047619047619047,0.09965,193.66666666666666,0.03125,0.17857142857142858,0.125,4.0,0.0,1.0,19.0,41.0,32.0,4.0,0.0,0.0,1.0,0.152,0.125,1.0,0,0.0,,4.0,0.0,0,8.0,0.0,,0.6060606060606061,-0.41400000000000015
2004,CL,中日ドラゴンズ,21123866,立浪　和義,K.Tatsunami,134.0,580.0,523.0,68.0,161.0,25.0,0.0,5.0,201.0,70.0,5,3,1.0,6.0,45.0,0,5.0,52.0,12.0,0.308,0.364,0.384,0.748,131.0,0.07600000000000001,0.055999999999999994,0.44,7.758620689655173,8.96551724137931,0.8653846153846154,0.3305084745762712,0.25980000000000003,492.0,0.1682600382409178,0.679144385026738,0.308,161.0,5.0,70.0,134.0,580.0,523.0,131.0,25.0,0.0,68.0,0.364,0.384,45.0,0,5.0,,201.0,5,3,1.0,6.0,,72.89788732394366,72.26400000000001
2004,CL,中日ドラゴンズ,21123880,大西　崇之,T.Oonishi,80.0,146.0,132.0,18.0,32.0,8.0,0.0,4.0,52.0,15.0,1.0,1,3.0,1.0,10.0,0,0.0,23.0,3.0,0.242,0.294,0.394,0.688,20.0,0.15200000000000002,0.05199999999999999,0.446,6.8493150684931505,15.753424657534246,0.43478260869565216,0.2641509433962264,0.2308,425.3333333333333,0.23484848484848486,0.6116504854368932,0.242,32.0,4.0,15.0,80.0,146.0,132.0,20.0,8.0,0.0,18.0,0.294,0.394,10.0,0,0.0,,52.0,1.0,1,3.0,1.0,,15.380281690140846,15.2
2004,CL,中日ドラゴンズ,21123889,遠藤　政隆,M.Endou,22.0,0.0,0.0,0.0,0.0,0.0,0.0,0.0,0.0,0.0,0.0,0,0.0,0.0,0.0,0,0.0,0.0,0.0,,,,0.0,0.0,0.0,0.0,,nan,nan,nan,nan,0.0,0.0,nan,nan,,0.0,0.0,0.0,22.0,0.0,0.0,0.0,0.0,0.0,0.0,,,0.0,0,0.0,,0.0,0.0,0,0.0,0.0,,nan,0.0
2004,CL,読売ジャイアンツ,21125113,阿部　慎之助,S.Abe,108.0,436.0,379.0,61.0,114.0,22.0,1.0,33.0,237.0,78.0,0.0,0,1.0,0.0,43.0,0,13.0,87.0,6.0,0.301,0.391,0.625,1.016,58.0,0.324,0.09000000000000002,0.7150000000000001,9.862385321100918,19.954128440366972,0.4942528735632184,0.3127413127413127,0.33220000000000005,599.3333333333334,0.43799472295514513,1.081180811808118,0.301,114.0,33.0,78.0,108.0,436.0,379.0,58.0,22.0,1.0,61.0,0.391,0.625,43.0,0,13.0,,237.0,0.0,0,1.0,0.0,,88.17298578199052,85.91000000000001
2004,CL,読売ジャイアンツ,21125119,岩舘　学,M.Iwadate,2.0,2.0,2.0,0.0,1.0,1.0,0.0,0.0,2.0,0.0,0.0,0,0.0,0.0,0.0,0,0.0,0.0,0.0,0.5,0.5,1.0,1.5,0.0,0.5,0.0,1.0,0.0,0.0,nan,0.5,0.475,833.3333333333333,0.5,2.0,0.5,1.0,0.0,0.0,2.0,2.0,2.0,0.0,1.0,0.0,0.0,0.5,1.0,0.0,0,0.0,,2.0,0.0,0,0.0,0.0,,1.0,0.622
2004,CL,阪神タイガース,21223866,伊良部　秀輝,H.Irabu,3.0,4.0,3.0,0.0,1.0,0.0,0.0,0.0,1.0,1.0,0.0,0,1.0,0.0,0.0,0,0.0,1.0,0.0,0.333,0.333,0.333,0.666,1.0,0.0,0.0,0.333,0.0,25.0,0.0,0.5,0.23310000000000003,444.0,0.0,0.5,0.333,1.0,0.0,1.0,3.0,4.0,3.0,1.0,0.0,0.0,0.0,0.333,0.333,0.0,0,0.0,,1.0,0.0,0,1.0,0.0,,0.3333333333333333,0.304
2004,CL,中日ドラゴンズ,21223882,渡邉　博幸,H.Watanabe,124.0,320.0,290.0,30.0,83.0,8.0,0.0,2.0,97.0,22.0,1,0,6.0,2.0,19.0,0,3.0,44.0,10.0,0.286,0.334,0.334,0.668,73.0,0.04800000000000004,0.04800000000000004,0.382,5.9375,13.750000000000002,0.4318181818181818,0.32926829268292684,0.2338,445.33333333333337,0.11379310344827587,0.5483870967741935,0.286,83.0,2.0,22.0,124.0,320.0,290.0,73.0,8.0,0.0,30.0,0.334,0.334,19.0,0,3.0,,97.0,1,0,6.0,2.0,,32.019417475728154,32.114
2004,CL,中日ドラゴンズ,21223884,森野　将彦,M.Morino,80.0,180.0,162.0,14.0,44.0,8.0,1.0,4.0,66.0,21.0,0,1,2.0,2.0,14.0,0,0.0,34.0,2.0,0.272,0.326,0.407,0.733,31.0,0.13499999999999995,0.05399999999999999,0.4609999999999999,7.777777777777778,18.88888888888889,0.4117647058823529,0.31746031746031744,0.24845,461.6666666666667,0.22839506172839505,0.675,0.272,44.0,4.0,21.0,80.0,180.0,162.0,31.0,8.0,1.0,14.0,0.326,0.407,14.0,0,0.0,,66.0,0,1,2.0,2.0,,21.75,21.295999999999992
2004,CL,読売ジャイアンツ,21223887,村田　善則,Y.Murata,23.0,47.0,46.0,4.0,12.0,4.0,0.0,0.0,16.0,0.0,0.0,0,0.0,0.0,1.0,0,0.0,13.0,1.0,0.261,0.277,0.348,0.625,8.0,0.08699999999999997,0.016000000000000014,0.364,2.127659574468085,27.659574468085108,0.07692307692307693,0.36363636363636365,0.21165,393.0,0.10869565217391304,0.4857142857142857,0.261,12.0,0.0,0.0,23.0,47.0,46.0,8.0,4.0,0.0,4.0,0.277,0.348,1.0,0,0.0,,16.0,0.0,0,0.0,0.0,,4.425531914893617,3.8779999999999997
2004,CL,広島東洋カープ,21223888,森笠　繁,S.Morikasa,108.0,195.0,174.0,24.0,48.0,4.0,1.0,1.0,57.0,10.0,4,2,4.0,0.0,15.0,0,2.0,26.0,2.0,0.276,0.34,0.328,0.668,42.0,0.05199999999999999,0.064,0.392,7.6923076923076925,13.333333333333334,0.5769230769230769,0.3197278911564626,0.23500000000000004,449.33333333333337,0.14942528735632185,0.59375,0.276,48.0,1.0,10.0,108.0,195.0,174.0,42.0,4.0,1.0,24.0,0.34,0.328,15.0,0,2.0,,57.0,4,2,4.0,0.0,,19.0,19.982
2004,CL,阪神タイガース,21225113,藤本　敦士,A.Fujimoto,111.0,419.0,385.0,45.0,99.0,12.0,3.0,5.0,132.0,33.0,5,1,6.0,0.0,27.0,0,1.0,58.0,9.0,0.257,0.308,0.343,0.651,79.0,0.08600000000000002,0.05099999999999999,0.394,6.443914081145586,13.842482100238662,0.46551724137931033,0.2919254658385093,0.22435,422.3333333333333,0.15844155844155844,0.5457627118644067,0.257,99.0,5.0,33.0,111.0,419.0,385.0,79.0,12.0,3.0,45.0,0.308,0.343,27.0,0,1.0,,132.0,5,1,6.0,0.0,,40.36893203883495,39.85199999999999
2004,CL,中日ドラゴンズ,21225115,久本　祐一,Y.Hisamoto,38.0,1.0,1.0,0.0,0.0,0.0,0.0,0.0,0.0,0.0,0.0,0,0.0,0.0,0.0,0,0.0,1.0,0.0,0.0,0.0,0.0,0.0,0.0,0.0,0.0,0.0,0.0,100.0,0.0,nan,0.0,0.0,0.0,0.0,0.0,0.0,0.0,0.0,38.0,1.0,1.0,0.0,0.0,0.0,0.0,0.0,0.0,0.0,0,0.0,,0.0,0.0,0,0.0,0.0,,0.0,-0.098
2004,CL,中日ドラゴンズ,21323869,川相　昌弘,M.Kawai,80.0,34.0,23.0,4.0,6.0,0.0,0.0,1.0,9.0,3.0,0.0,0,6.0,0.0,4.0,0,1.0,4.0,2.0,0.261,0.393,0.391,0.784,5.0,0.13,0.132,0.523,11.76470588235294,11.76470588235294,1.0,0.2777777777777778,0.2746,523.3333333333334,0.30434782608695654,0.7368421052631579,0.261,6.0,1.0,3.0,80.0,34.0,23.0,5.0,0.0,0.0,4.0,0.393,0.391,4.0,0,1.0,,9.0,0.0,0,6.0,0.0,,3.3333333333333335,3.9239999999999995
2004,CL,読売ジャイアンツ,21323880,河原　純一,J.Kawahara,13.0,1.0,1.0,0.0,0.0,0.0,0.0,0.0,0.0,0.0,0.0,0,0.0,0.0,0.0,0,0.0,1.0,0.0,0.0,0.0,0.0,0.0,0.0,0.0,0.0,0.0,0.0,100.0,0.0,nan,0.0,0.0,0.0,0.0,0.0,0.0,0.0,0.0,13.0,1.0,1.0,0.0,0.0,0.0,0.0,0.0,0.0,0.0,0,0.0,,0.0,0.0,0,0.0,0.0,,0.0,-0.098
2004,CL,広島東洋カープ,21323887,菊地原　毅,T.Kikuchihara,29.0,0.0,0.0,0.0,0.0,0.0,0.0,0.0,0.0,0.0,0.0,0,0.0,0.0,0.0,0,0.0,0.0,0.0,,,,0.0,0.0,0.0,0.0,,nan,nan,nan,nan,0.0,0.0,nan,nan,,0.0,0.0,0.0,29.0,0.0,0.0,0.0,0.0,0.0,0.0,,,0.0,0,0.0,,0.0,0.0,0,0.0,0.0,,nan,0.0
2004,CL,広島東洋カープ,21325111,河内　貴哉,T.Kawauchi,23.0,46.0,35.0,5.0,6.0,0.0,0.0,0.0,6.0,2.0,0.0,0,9.0,0.0,2.0,0,0.0,14.0,1.0,0.171,0.216,0.171,0.387,6.0,0.0,0.044999999999999984,0.216,4.3478260869565215,30.434782608695656,0.14285714285714285,0.2857142857142857,0.13995,273.0,0.05714285714285714,0.26666666666666666,0.171,6.0,0.0,2.0,23.0,46.0,35.0,6.0,0.0,0.0,5.0,0.216,0.171,2.0,0,0.0,,6.0,0.0,0,9.0,0.0,,1.2972972972972974,0.8180000000000001
2004,CL,横浜DeNAベイスターズ,21325113,内川　聖一,S.Uchikawa,94.0,369.0,338.0,55.0,97.0,11.0,1.0,17.0,161.0,45.0,2,7,12.0,1.0,18.0,0,0.0,42.0,7.0,0.287,0.322,0.476,0.798,68.0,0.189,0.03500000000000003,0.511,4.878048780487805,11.38211382113821,0.42857142857142855,0.2857142857142857,0.2639,480.6666666666667,0.26331360946745563,0.75,0.287,97.0,17.0,45.0,94.0,369.0,338.0,68.0,11.0,1.0,55.0,0.322,0.476,18.0,0,0.0,,161.0,2,7,12.0,1.0,,52.008426966292134,51.022
2004,CL,読売ジャイアンツ,21423886,山田　真介,S.Yamada,3.0,7.0,6.0,1.0,0.0,0.0,0.0,0.0,0.0,0.0,0.0,0,0.0,0.0,0.0,0,1.0,4.0,0.0,0.0,0.143,0.0,0.143,0.0,0.0,0.143,0.143,0.0,57.14285714285714,0.0,0.0,0.06434999999999999,143.0,0.0,0.16666666666666666,0.0,0.0,0.0,0.0,3.0,7.0,6.0,0.0,0.0,0.0,1.0,0.143,0.0,0.0,0,1.0,,0.0,0.0,0,0.0,0.0,,0.0,-0.25800000000000006
2004,CL,東京ヤクルトスワローズ,21425111,米野　智人,T.Yoneno,15.0,18.0,16.0,3.0,1.0,0.0,0.0,0.0,1.0,0.0,1,0,0.0,0.0,1.0,0,1.0,3.0,0.0,0.062,0.167,0.062,0.229,1.0,0.0,0.10500000000000001,0.167,5.555555555555555,16.666666666666664,0.3333333333333333,0.07692307692307693,0.09065000000000001,187.66666666666669,0.0625,0.2,0.062,1.0,0.0,0.0,15.0,18.0,16.0,1.0,0.0,0.0,3.0,0.167,0.062,1.0,0,1.0,,1.0,1,0,0.0,0.0,,0.11764705882352941,-0.30999999999999983
2004,CL,広島東洋カープ,21523884,黒田　博樹,H.Kuroda,21.0,55.0,46.0,0.0,6.0,0.0,0.0,0.0,6.0,3.0,0.0,0,8.0,0.0,1.0,0,0.0,25.0,0.0,0.13,0.149,0.13,0.279,6.0,0.0,0.01899999999999999,0.149,1.8181818181818181,45.45454545454545,0.04,0.2857142857142857,0.09955,192.33333333333331,0.021739130434782608,0.175,0.13,6.0,0.0,3.0,21.0,55.0,46.0,6.0,0.0,0.0,0.0,0.149,0.13,1.0,0,0.0,,6.0,0.0,0,8.0,0.0,,0.8936170212765957,-0.5899999999999999
2004,CL,横浜DeNAベイスターズ,21523887,佐伯　貴弘,T.Saeki,127.0,511.0,463.0,63.0,149.0,16.0,2.0,19.0,226.0,57.0,2,4,3.0,3.0,39.0,0,3.0,100.0,12.0,0.322,0.376,0.488,0.864,112.0,0.16599999999999998,0.05399999999999999,0.542,7.632093933463796,19.569471624266143,0.39,0.3746397694524496,0.2912,538.6666666666666,0.2591792656587473,0.8343558282208589,0.322,149.0,19.0,57.0,127.0,511.0,463.0,112.0,16.0,2.0,63.0,0.376,0.488,39.0,0,3.0,,226.0,2,4,3.0,3.0,,84.63745019920319,80.76799999999999
2004,CL,横浜DeNAベイスターズ,21523888,小池　正晃,M.Koike,9.0,16.0,14.0,4.0,5.0,2.0,0.0,2.0,13.0,4.0,0.0,0,0.0,0.0,2.0,0,0.0,5.0,1.0,0.357,0.438,0.929,1.367,1.0,0.5720000000000001,0.08100000000000002,1.01,12.5,31.25,0.4,0.42857142857142855,0.42935,747.6666666666667,0.7142857142857143,1.5,0.357,5.0,2.0,4.0,9.0,16.0,14.0,1.0,2.0,0.0,4.0,0.438,0.929,2.0,0,0.0,,13.0,0.0,0,0.0,0.0,,5.6875,4.598000000000001
2004,CL,横浜DeNAベイスターズ,21623885,若田部　健一,K.Wakatabe,13.0,1.0,1.0,0.0,0.0,0.0,0.0,0.0,0.0,0.0,0.0,0,0.0,0.0,0.0,0,0.0,1.0,0.0,0.0,0.0,0.0,0.0,0.0,0.0,0.0,0.0,0.0,100.0,0.0,nan,0.0,0.0,0.0,0.0,0.0,0.0,0.0,0.0,13.0,1.0,1.0,0.0,0.0,0.0,0.0,0.0,0.0,0.0,0,0.0,,0.0,0.0,0,0.0,0.0,,0.0,-0.098
2004,CL,東京ヤクルトスワローズ,21625117,吉川　昌宏,M.Yoshikawa,10.0,0.0,0.0,0.0,0.0,0.0,0.0,0.0,0.0,0.0,0.0,0,0.0,0.0,0.0,0,0.0,0.0,0.0,,,,0.0,0.0,0.0,0.0,,nan,nan,nan,nan,0.0,0.0,nan,nan,,0.0,0.0,0.0,10.0,0.0,0.0,0.0,0.0,0.0,0.0,,,0.0,0,0.0,,0.0,0.0,0,0.0,0.0,,nan,0.0
2004,CL,広島東洋カープ,21723881,佐々岡　真司,S.Sasaoka,30.0,20.0,16.0,0.0,0.0,0.0,0.0,0.0,0.0,0.0,0.0,0,3.0,0.0,1.0,0,0.0,8.0,0.0,0.0,0.059,0.0,0.059,0.0,0.0,0.059,0.059,5.0,40.0,0.125,0.0,0.02655,59.0,0.0625,0.0625,0.0,0.0,0.0,0.0,30.0,20.0,16.0,0.0,0.0,0.0,0.0,0.059,0.0,1.0,0,0.0,,0.0,0.0,0,3.0,0.0,,0.0,-1.238
2004,CL,横浜DeNAベイスターズ,21723882,鶴岡　一成,K.Tsuruoka,25.0,60.0,55.0,6.0,22.0,2.0,1.0,2.0,32.0,5.0,0,2,3.0,0.0,2.0,0,0.0,13.0,0.0,0.4,0.421,0.582,1.003,17.0,0.18199999999999994,0.020999999999999963,0.603,3.3333333333333335,21.666666666666668,0.15384615384615385,0.5,0.33494999999999997,615.0,0.2545454545454545,1.0909090909090908,0.4,22.0,2.0,5.0,25.0,60.0,55.0,17.0,2.0,1.0,6.0,0.421,0.582,2.0,0,0.0,,32.0,0,2,3.0,0.0,,13.473684210526315,11.645999999999999
2004,CL,読売ジャイアンツ,21725111,髙橋　尚成,H.Takahashi,16.0,33.0,28.0,0.0,5.0,0.0,0.0,0.0,5.0,1.0,0.0,0,4.0,0.0,1.0,0,0.0,12.0,0.0,0.179,0.207,0.179,0.386,5.0,0.0,0.027999999999999997,0.207,3.0303030303030303,36.36363636363637,0.08333333333333333,0.3125,0.1379,266.6666666666667,0.03571428571428571,0.2608695652173913,0.179,5.0,0.0,1.0,16.0,33.0,28.0,5.0,0.0,0.0,0.0,0.207,0.179,1.0,0,0.0,,5.0,0.0,0,4.0,0.0,,1.0344827586206897,0.5760000000000001
2004,CL,読売ジャイアンツ,21725117,久保　裕也,Y.Kubo,35.0,34.0,29.0,1.0,1.0,0.0,0.0,0.0,1.0,0.0,0.0,0,5.0,0.0,0.0,0,0.0,17.0,1.0,0.034,0.034,0.034,0.068,1.0,0.0,0.0,0.034,0.0,50.0,0.0,0.08333333333333333,0.0238,45.333333333333336,0.0,0.034482758620689655,0.034,1.0,0.0,0.0,35.0,34.0,29.0,1.0,0.0,0.0,1.0,0.034,0.034,0.0,0,0.0,,1.0,0.0,0,5.0,0.0,,0.034482758620689655,-2.244
2004,CL,読売ジャイアンツ,21823868,後藤　孝志,K.Gotou,68.0,77.0,72.0,8.0,15.0,2.0,0.0,0.0,17.0,5.0,0,1,0.0,1.0,4.0,0,0.0,19.0,2.0,0.208,0.247,0.236,0.483,13.0,0.027999999999999997,0.03900000000000001,0.275,5.194805194805195,24.675324675324674,0.21052631578947367,0.2777777777777778,0.17015,325.6666666666667,0.09722222222222222,0.3728813559322034,0.208,15.0,0.0,5.0,68.0,77.0,72.0,13.0,2.0,0.0,8.0,0.247,0.236,4.0,0,0.0,,17.0,0,1,0.0,1.0,,4.25,3.853999999999999
2004,CL,東京ヤクルトスワローズ,21823888,松元　ユウイチ,Y.Matsumoto,20.0,28.0,28.0,1.0,11.0,1.0,0.0,0.0,12.0,5.0,0.0,0,0.0,0.0,0.0,0,0.0,3.0,0.0,0.393,0.393,0.429,0.8220000000000001,10.0,0.035999999999999976,0.0,0.429,0.0,10.714285714285714,0.0,0.44,0.2841,536.0,0.03571428571428571,0.7058823529411765,0.393,11.0,0.0,5.0,20.0,28.0,28.0,10.0,1.0,0.0,1.0,0.393,0.429,0.0,0,0.0,,12.0,0.0,0,0.0,0.0,,4.714285714285714,4.053999999999999
2004,CL,広島東洋カープ,21825117,A.シーツ,A.Sheets,134.0,602.0,542.0,91.0,154.0,31.0,1.0,23.0,256.0,85.0,2.0,2,3.0,3.0,52.0,0,2.0,139.0,8.0,0.284,0.347,0.472,0.819,99.0,0.188,0.063,0.5349999999999999,8.637873754152823,23.089700996677742,0.37410071942446044,0.34203655352480417,0.27415,504.3333333333333,0.2878228782287823,0.7878787878787878,0.284,154.0,23.0,85.0,134.0,602.0,542.0,99.0,31.0,1.0,91.0,0.347,0.472,52.0,0,2.0,,256.0,2.0,2,3.0,3.0,,88.78114478114477,86.13599999999998
2004,CL,広島東洋カープ,21825119,M.ワトソン,M.Watson,19.0,0.0,0.0,0.0,0.0,0.0,0.0,0.0,0.0,0.0,0.0,0,0.0,0.0,0.0,0,0.0,0.0,0.0,,,,0.0,0.0,0.0,0.0,,nan,nan,nan,nan,0.0,0.0,nan,nan,,0.0,0.0,0.0,19.0,0.0,0.0,0.0,0.0,0.0,0.0,,,0.0,0,0.0,,0.0,0.0,0,0.0,0.0,,nan,0.0
2004,CL,読売ジャイアンツ,21923880,福井　敬治,K.Fukui,17.0,16.0,15.0,1.0,5.0,0.0,0.0,0.0,5.0,0.0,0,1,1.0,0.0,0.0,0,0.0,2.0,0.0,0.333,0.333,0.333,0.666,5.0,0.0,0.0,0.333,0.0,12.5,0.0,0.38461538461538464,0.23310000000000003,444.0,0.06666666666666667,0.6,0.333,5.0,0.0,0.0,17.0,16.0,15.0,5.0,0.0,0.0,1.0,0.333,0.333,0.0,0,0.0,,5.0,0,1,1.0,0.0,,1.6666666666666667,1.7000000000000002
2004,CL,読売ジャイアンツ,21923882,原　俊介,S.Hara,6.0,6.0,5.0,1.0,2.0,0.0,0.0,0.0,2.0,0.0,0.0,0,0.0,0.0,1.0,0,0.0,1.0,0.0,0.4,0.5,0.4,0.9,2.0,0.0,0.09999999999999998,0.5,16.666666666666664,16.666666666666664,1.0,0.5,0.325,633.3333333333333,0.2,1.0,0.4,2.0,0.0,0.0,6.0,6.0,5.0,2.0,0.0,0.0,1.0,0.5,0.4,1.0,0,0.0,,2.0,0.0,0,0.0,0.0,,1.0,1.036
2004,CL,横浜DeNAベイスターズ,21923886,谷口　邦幸,K.Taniguchi,1.0,0.0,0.0,0.0,0.0,0.0,0.0,0.0,0.0,0.0,0.0,0,0.0,0.0,0.0,0,0.0,0.0,0.0,,,,0.0,0.0,0.0,0.0,,nan,nan,nan,nan,0.0,0.0,nan,nan,,0.0,0.0,0.0,1.0,0.0,0.0,0.0,0.0,0.0,0.0,,,0.0,0,0.0,,0.0,0.0,0,0.0,0.0,,nan,0.0
2004,CL,広島東洋カープ,21923887,鶴田　泰,Y.Tsuruta,2.0,1.0,1.0,0.0,0.0,0.0,0.0,0.0,0.0,0.0,0.0,0,0.0,0.0,0.0,0,0.0,1.0,0.0,0.0,0.0,0.0,0.0,0.0,0.0,0.0,0.0,0.0,100.0,0.0,nan,0.0,0.0,0.0,0.0,0.0,0.0,0.0,0.0,2.0,1.0,1.0,0.0,0.0,0.0,0.0,0.0,0.0,0.0,0,0.0,,0.0,0.0,0,0.0,0.0,,0.0,-0.098
2004,CL,広島東洋カープ,21923888,東出　輝裕,A.Higashide,76.0,85.0,75.0,17.0,18.0,0.0,1.0,1.0,23.0,3.0,5,1,5.0,0.0,4.0,0,1.0,18.0,1.0,0.24,0.287,0.307,0.594,16.0,0.067,0.046999999999999986,0.354,4.705882352941177,21.176470588235293,0.2222222222222222,0.30357142857142855,0.20589999999999997,389.3333333333333,0.13333333333333333,0.5,0.24,18.0,1.0,3.0,76.0,85.0,75.0,16.0,0.0,1.0,17.0,0.287,0.307,4.0,0,1.0,,23.0,5,1,5.0,0.0,,6.405063291139241,6.723999999999998
2004,CL,東京ヤクルトスワローズ,21925115,田中　充,T.Tanaka,38.0,0.0,0.0,0.0,0.0,0.0,0.0,0.0,0.0,0.0,0.0,0,0.0,0.0,0.0,0,0.0,0.0,0.0,,,,0.0,0.0,0.0,0.0,,nan,nan,nan,nan,0.0,0.0,nan,nan,,0.0,0.0,0.0,38.0,0.0,0.0,0.0,0.0,0.0,0.0,,,0.0,0,0.0,,0.0,0.0,0,0.0,0.0,,nan,0.0
2004,CL,阪神タイガース,21925119,鳥谷　敬,T.Toritani,101.0,261.0,235.0,28.0,59.0,13.0,0.0,3.0,81.0,17.0,2.0,2,2.0,0.0,21.0,0,3.0,66.0,6.0,0.251,0.32,0.345,0.665,43.0,0.09399999999999997,0.069,0.414,8.045977011494253,25.287356321839084,0.3181818181818182,0.3373493975903614,0.23025,435.0,0.19148936170212766,0.5879120879120879,0.251,59.0,3.0,17.0,101.0,261.0,235.0,43.0,13.0,0.0,28.0,0.32,0.345,21.0,0,3.0,,81.0,2.0,2,2.0,0.0,,25.3125,26.212
2004,CL,中日ドラゴンズ,23325115,M.バルガス,M.Vargas,6.0,12.0,9.0,2.0,1.0,1.0,0.0,0.0,2.0,0.0,0.0,0,1.0,0.0,2.0,0,0.0,7.0,0.0,0.111,0.273,0.222,0.495,0.0,0.111,0.16200000000000003,0.384,16.666666666666664,58.333333333333336,0.2857142857142857,0.5,0.17835,347.00000000000006,0.3333333333333333,0.5,0.111,1.0,0.0,0.0,6.0,12.0,9.0,0.0,1.0,0.0,2.0,0.273,0.222,2.0,0,0.0,,2.0,0.0,0,1.0,0.0,,0.5454545454545454,0.5959999999999999
2004,CL,中日ドラゴンズ,25923868,川崎　憲次郎,K.Kawasaki,3.0,0.0,0.0,0.0,0.0,0.0,0.0,0.0,0.0,0.0,0.0,0,0.0,0.0,0.0,0,0.0,0.0,0.0,,,,0.0,0.0,0.0,0.0,,nan,nan,nan,nan,0.0,0.0,nan,nan,,0.0,0.0,0.0,3.0,0.0,0.0,0.0,0.0,0.0,0.0,,,0.0,0,0.0,,0.0,0.0,0,0.0,0.0,,nan,0.0
2004,CL,横浜DeNAベイスターズ,31033889,万永　貴司,T.Manei,56.0,68.0,58.0,8.0,14.0,3.0,0.0,1.0,20.0,3.0,2,0,7.0,0.0,3.0,0,0.0,17.0,1.0,0.241,0.279,0.345,0.624,10.0,0.10399999999999998,0.038000000000000034,0.383,4.411764705882353,25.0,0.17647058823529413,0.325,0.21180000000000002,394.0,0.15517241379310345,0.5111111111111111,0.241,14.0,1.0,3.0,56.0,68.0,58.0,10.0,3.0,0.0,8.0,0.279,0.345,3.0,0,0.0,,20.0,2,0,7.0,0.0,,5.573770491803279,5.278
2004,CL,東京ヤクルトスワローズ,31035111,花田　真人,M.Hanada,5.0,0.0,0.0,0.0,0.0,0.0,0.0,0.0,0.0,0.0,0.0,0,0.0,0.0,0.0,0,0.0,0.0,0.0,,,,0.0,0.0,0.0,0.0,,nan,nan,nan,nan,0.0,0.0,nan,nan,,0.0,0.0,0.0,5.0,0.0,0.0,0.0,0.0,0.0,0.0,,,0.0,0,0.0,,0.0,0.0,0,0.0,0.0,,nan,0.0
2004,CL,中日ドラゴンズ,31035113,鉄平,T.Teppei（tsuchiya,50.0,32.0,27.0,9.0,5.0,2.0,0.0,0.0,7.0,0.0,3,0,1.0,0.0,3.0,0,1.0,9.0,0.0,0.185,0.29,0.259,0.5489999999999999,3.0,0.07400000000000001,0.10499999999999998,0.364,9.375,28.125,0.3333333333333333,0.2777777777777778,0.19525,376.3333333333333,0.18518518518518517,0.5,0.185,5.0,0.0,0.0,50.0,32.0,27.0,3.0,2.0,0.0,9.0,0.29,0.259,3.0,0,1.0,,7.0,3,0,1.0,0.0,,1.8666666666666667,2.1039999999999996
2004,CL,読売ジャイアンツ,31035119,西村　健太朗,K.Nishimura,3.0,1.0,1.0,0.0,0.0,0.0,0.0,0.0,0.0,0.0,0.0,0,0.0,0.0,0.0,0,0.0,1.0,0.0,0.0,0.0,0.0,0.0,0.0,0.0,0.0,0.0,0.0,100.0,0.0,nan,0.0,0.0,0.0,0.0,0.0,0.0,0.0,0.0,3.0,1.0,1.0,0.0,0.0,0.0,0.0,0.0,0.0,0.0,0,0.0,,0.0,0.0,0,0.0,0.0,,0.0,-0.098
2004,CL,広島東洋カープ,31133880,朝山　東洋,T.Asayama,23.0,42.0,41.0,2.0,4.0,0.0,1.0,0.0,6.0,4.0,0.0,0,0.0,0.0,0.0,0,1.0,14.0,2.0,0.098,0.119,0.146,0.265,3.0,0.04799999999999999,0.02099999999999999,0.1669999999999999,0.0,33.33333333333333,0.0,0.14814814814814814,0.09004999999999999,167.66666666666666,0.04878048780487805,0.1794871794871795,0.098,4.0,0.0,4.0,23.0,42.0,41.0,3.0,0.0,1.0,2.0,0.119,0.146,0.0,0,1.0,,6.0,0.0,0,0.0,0.0,,0.5853658536585366,-0.7560000000000002
2004,CL,東京ヤクルトスワローズ,31135119,青木　宣親,N.Aoki,10.0,16.0,15.0,1.0,3.0,0.0,0.0,0.0,3.0,0.0,1,0,0.0,0.0,1.0,0,0.0,6.0,0.0,0.2,0.25,0.2,0.45,3.0,0.0,0.04999999999999999,0.25,6.25,37.5,0.16666666666666666,0.3333333333333333,0.1625,316.66666666666663,0.06666666666666667,0.3333333333333333,0.2,3.0,0.0,0.0,10.0,16.0,15.0,3.0,0.0,0.0,1.0,0.25,0.2,1.0,0,0.0,,3.0,1,0,0.0,0.0,,0.75,0.6539999999999999
2004,CL,東京ヤクルトスワローズ,31233882,宮出　隆自,R.Miyade,35.0,91.0,85.0,6.0,20.0,2.0,2.0,2.0,32.0,6.0,0.0,0,2.0,0.0,3.0,0,1.0,26.0,2.0,0.235,0.27,0.376,0.646,14.0,0.14100000000000001,0.03500000000000003,0.411,3.296703296703297,28.57142857142857,0.11538461538461539,0.3157894736842105,0.21550000000000002,395.3333333333333,0.17647058823529413,0.5373134328358209,0.235,20.0,2.0,6.0,35.0,91.0,85.0,14.0,2.0,2.0,6.0,0.27,0.376,3.0,0,1.0,,32.0,0.0,0,2.0,0.0,,8.363636363636363,8.349999999999998
2004,CL,広島東洋カープ,31233883,木村　拓也,T.Kimura,85.0,183.0,161.0,21.0,40.0,8.0,2.0,2.0,58.0,12.0,4,0,4.0,1.0,17.0,0,0.0,32.0,2.0,0.248,0.318,0.36,0.6779999999999999,28.0,0.11199999999999999,0.07,0.43,9.289617486338798,17.48633879781421,0.53125,0.296875,0.2331,438.0,0.21739130434782608,0.6097560975609756,0.248,40.0,2.0,12.0,85.0,183.0,161.0,28.0,8.0,2.0,21.0,0.318,0.36,17.0,0,0.0,,58.0,4,0,4.0,1.0,,18.573033707865168,18.471999999999994
2004,CL,中日ドラゴンズ,31233884,宮越　徹,A.Miyakoshi,7.0,0.0,0.0,0.0,0.0,0.0,0.0,0.0,0.0,0.0,0.0,0,0.0,0.0,0.0,0,0.0,0.0,0.0,,,,0.0,0.0,0.0,0.0,,nan,nan,nan,nan,0.0,0.0,nan,nan,,0.0,0.0,0.0,7.0,0.0,0.0,0.0,0.0,0.0,0.0,,,0.0,0,0.0,,0.0,0.0,0,0.0,0.0,,nan,0.0
2004,CL,阪神タイガース,31233887,牧野　塁,R.Makino,27.0,4.0,4.0,0.0,0.0,0.0,0.0,0.0,0.0,0.0,0.0,0,0.0,0.0,0.0,0,0.0,4.0,0.0,0.0,0.0,0.0,0.0,0.0,0.0,0.0,0.0,0.0,100.0,0.0,nan,0.0,0.0,0.0,0.0,0.0,0.0,0.0,0.0,27.0,4.0,4.0,0.0,0.0,0.0,0.0,0.0,0.0,0.0,0,0.0,,0.0,0.0,0,0.0,0.0,,0.0,-0.392
2004,CL,中日ドラゴンズ,31233889,善村　一仁,K.Yoshimura,15.0,21.0,20.0,0.0,5.0,2.0,0.0,0.0,7.0,0.0,0.0,0,1.0,0.0,0.0,0,0.0,5.0,0.0,0.25,0.25,0.35,0.6,3.0,0.09999999999999998,0.0,0.35,0.0,23.809523809523807,0.0,0.3333333333333333,0.2,366.66666666666663,0.1,0.4666666666666667,0.25,5.0,0.0,0.0,15.0,21.0,20.0,3.0,2.0,0.0,0.0,0.25,0.35,0.0,0,0.0,,7.0,0.0,0,1.0,0.0,,1.75,1.47
2004,CL,広島東洋カープ,31235111,松本　奉文,T.Matsumoto,13.0,24.0,21.0,0.0,2.0,0.0,0.0,0.0,2.0,0.0,0,1,0.0,0.0,3.0,0,0.0,10.0,0.0,0.095,0.208,0.095,0.303,2.0,0.0,0.11299999999999999,0.208,12.5,41.66666666666667,0.3,0.18181818181818182,0.11735000000000001,239.66666666666666,0.19047619047619047,0.3157894736842105,0.095,2.0,0.0,0.0,13.0,24.0,21.0,2.0,0.0,0.0,0.0,0.208,0.095,3.0,0,0.0,,2.0,0,1,0.0,0.0,,0.4166666666666667,0.30799999999999983
2004,CL,東京ヤクルトスワローズ,31235113,畠山　和洋,K.Hatakeyama,4.0,9.0,8.0,0.0,1.0,0.0,0.0,0.0,1.0,0.0,0.0,0,0.0,0.0,1.0,0,0.0,0.0,0.0,0.125,0.222,0.125,0.347,1.0,0.0,0.097,0.222,11.11111111111111,0.0,nan,0.125,0.13115,263.6666666666667,0.125,0.2857142857142857,0.125,1.0,0.0,0.0,4.0,9.0,8.0,1.0,0.0,0.0,0.0,0.222,0.125,1.0,0,0.0,,1.0,0.0,0,0.0,0.0,,0.2222222222222222,0.14400000000000002
2004,CL,広島東洋カープ,31335119,尾形　佳紀,Y.Ogata,53.0,228.0,208.0,27.0,52.0,12.0,1.0,4.0,78.0,18.0,4.0,4,7.0,3.0,7.0,0,3.0,56.0,3.0,0.25,0.281,0.375,0.656,35.0,0.125,0.031000000000000028,0.406,3.070175438596491,24.561403508771928,0.125,0.31788079470198677,0.2202,406.0,0.1778846153846154,0.5786163522012578,0.25,52.0,4.0,18.0,53.0,228.0,208.0,35.0,12.0,1.0,27.0,0.281,0.375,7.0,0,3.0,,78.0,4.0,4,7.0,3.0,,21.404651162790696,21.671999999999993
2004,CL,阪神タイガース,31433885,桧山　進次郎,S.Hiyama,130.0,513.0,468.0,59.0,143.0,26.0,1.0,18.0,225.0,84.0,4,0,1.0,7.0,32.0,0,5.0,74.0,7.0,0.306,0.352,0.481,0.833,98.0,0.175,0.045999999999999985,0.5269999999999999,6.237816764132553,14.42495126705653,0.43243243243243246,0.3263707571801567,0.27864999999999995,512.3333333333333,0.24358974358974358,0.7891566265060241,0.306,143.0,18.0,84.0,130.0,513.0,468.0,98.0,26.0,1.0,59.0,0.352,0.481,32.0,0,5.0,,225.0,4,0,1.0,7.0,,78.75,75.04000000000002
2004,CL,東京ヤクルトスワローズ,31433887,山本　樹,T.Yamamoto,28.0,1.0,1.0,0.0,0.0,0.0,0.0,0.0,0.0,0.0,0.0,0,0.0,0.0,0.0,0,0.0,1.0,0.0,0.0,0.0,0.0,0.0,0.0,0.0,0.0,0.0,0.0,100.0,0.0,nan,0.0,0.0,0.0,0.0,0.0,0.0,0.0,0.0,28.0,1.0,1.0,0.0,0.0,0.0,0.0,0.0,0.0,0.0,0,0.0,,0.0,0.0,0,0.0,0.0,,0.0,-0.098
2004,CL,広島東洋カープ,31533886,倉　義和,Y.Kura,24.0,23.0,21.0,3.0,3.0,0.0,0.0,1.0,6.0,2.0,0.0,0,0.0,0.0,2.0,0,0.0,4.0,2.0,0.143,0.217,0.286,0.503,2.0,0.143,0.07400000000000001,0.36,8.695652173913043,17.391304347826086,0.5,0.125,0.16915,312.33333333333337,0.23809523809523808,0.4,0.143,3.0,1.0,2.0,24.0,23.0,21.0,2.0,0.0,0.0,3.0,0.217,0.286,2.0,0,0.0,,6.0,0.0,0,0.0,0.0,,1.3043478260869565,1.336
2004,CL,読売ジャイアンツ,31533887,黒田　哲史,S.Kuroda,47.0,56.0,53.0,10.0,9.0,2.0,0.0,2.0,17.0,7.0,2,0,0.0,2.0,1.0,0,0.0,17.0,1.0,0.17,0.179,0.321,0.5,5.0,0.151,0.00899999999999998,0.3299999999999999,1.7857142857142856,30.357142857142854,0.058823529411764705,0.19444444444444445,0.1608,286.0,0.16981132075471697,0.4,0.17,9.0,2.0,7.0,47.0,56.0,53.0,5.0,2.0,0.0,10.0,0.179,0.321,1.0,0,0.0,,17.0,2,0,0.0,2.0,,3.1481481481481484,2.838
2004,CL,読売ジャイアンツ,31533889,小久保　裕紀,H.Kokubo,125.0,508.0,462.0,85.0,145.0,24.0,2.0,41.0,296.0,96.0,0.0,0,0.0,2.0,42.0,0,2.0,101.0,6.0,0.314,0.372,0.641,1.013,78.0,0.327,0.057999999999999996,0.6990000000000001,8.267716535433072,19.88188976377953,0.4158415841584158,0.32298136645962733,0.32765,585.6666666666666,0.41774891774891776,1.0526315789473684,0.314,145.0,41.0,96.0,125.0,508.0,462.0,78.0,24.0,2.0,85.0,0.372,0.641,42.0,0,2.0,,296.0,0.0,0,0.0,2.0,,109.82539682539682,100.85400000000001
2004,CL,広島東洋カープ,31535111,栗原　健太,K.Kurihara,90.0,282.0,270.0,26.0,72.0,7.0,1.0,11.0,114.0,32.0,2,1,1.0,1.0,8.0,0,2.0,60.0,5.0,0.267,0.292,0.422,0.714,53.0,0.15499999999999997,0.024999999999999967,0.4469999999999999,2.8368794326241136,21.27659574468085,0.13333333333333333,0.305,0.2369,432.66666666666663,0.18888888888888888,0.6157635467980296,0.267,72.0,11.0,32.0,90.0,282.0,270.0,53.0,7.0,1.0,26.0,0.292,0.422,8.0,0,2.0,,114.0,2,1,1.0,1.0,,32.805755395683455,32.495999999999995
2004,CL,阪神タイガース,31535113,沖原　佳典,Y.Okihara,21.0,25.0,24.0,3.0,6.0,1.0,0.0,0.0,7.0,2.0,2,1,0.0,0.0,1.0,0,0.0,8.0,0.0,0.25,0.28,0.292,0.5720000000000001,5.0,0.04199999999999998,0.030000000000000027,0.322,4.0,32.0,0.125,0.375,0.199,377.33333333333337,0.125,0.5,0.25,6.0,0.0,2.0,21.0,25.0,24.0,5.0,1.0,0.0,3.0,0.28,0.292,1.0,0,0.0,,7.0,2,1,0.0,0.0,,1.96,1.966
2004,CL,横浜DeNAベイスターズ,31535115,岡本　直也,N.Okamoto,1.0,0.0,0.0,0.0,0.0,0.0,0.0,0.0,0.0,0.0,0.0,0,0.0,0.0,0.0,0,0.0,0.0,0.0,,,,0.0,0.0,0.0,0.0,,nan,nan,nan,nan,0.0,0.0,nan,nan,,0.0,0.0,0.0,1.0,0.0,0.0,0.0,0.0,0.0,0.0,,,0.0,0,0.0,,0.0,0.0,0,0.0,0.0,,nan,0.0
2004,CL,阪神タイガース,31633868,石毛　博史,H.Ishige,2.0,0.0,0.0,0.0,0.0,0.0,0.0,0.0,0.0,0.0,0.0,0,0.0,0.0,0.0,0,0.0,0.0,0.0,,,,0.0,0.0,0.0,0.0,,nan,nan,nan,nan,0.0,0.0,nan,nan,,0.0,0.0,0.0,2.0,0.0,0.0,0.0,0.0,0.0,0.0,,,0.0,0,0.0,,0.0,0.0,0,0.0,0.0,,nan,0.0
2004,CL,広島東洋カープ,31633881,前田　智徳,T.Maeda,121.0,438.0,407.0,45.0,127.0,28.0,1.0,21.0,220.0,70.0,2,0,1.0,2.0,23.0,0,5.0,38.0,8.0,0.312,0.355,0.541,0.896,77.0,0.22900000000000004,0.04299999999999998,0.5840000000000001,5.251141552511415,8.67579908675799,0.6052631578947368,0.3028571428571429,0.29500000000000004,535.3333333333334,0.28501228501228504,0.8611111111111112,0.312,127.0,21.0,70.0,121.0,438.0,407.0,77.0,28.0,1.0,45.0,0.355,0.541,23.0,0,5.0,,220.0,2,0,1.0,2.0,,76.74418604651163,71.74
2004,CL,横浜DeNAベイスターズ,31635113,吉見　祐治,Y.Yoshimi,23.0,39.0,34.0,2.0,6.0,2.0,0.0,0.0,8.0,3.0,0.0,0,3.0,0.0,2.0,0,0.0,10.0,0.0,0.176,0.222,0.235,0.45699999999999996,4.0,0.059,0.04600000000000001,0.281,5.128205128205128,25.64102564102564,0.2,0.25,0.15865,300.3333333333333,0.11764705882352941,0.35714285714285715,0.176,6.0,0.0,3.0,23.0,39.0,34.0,4.0,2.0,0.0,2.0,0.222,0.235,2.0,0,0.0,,8.0,0.0,0,3.0,0.0,,1.7777777777777777,1.3559999999999994
2004,CL,中日ドラゴンズ,31635115,山井　大介,D.Yamai,8.0,11.0,9.0,0.0,1.0,0.0,0.0,0.0,1.0,0.0,0.0,0,2.0,0.0,0.0,0,0.0,4.0,1.0,0.111,0.111,0.111,0.222,1.0,0.0,0.0,0.111,0.0,36.36363636363637,0.0,0.2,0.0777,148.0,0.0,0.1111111111111111,0.111,1.0,0.0,0.0,8.0,11.0,9.0,1.0,0.0,0.0,0.0,0.111,0.111,0.0,0,0.0,,1.0,0.0,0,2.0,0.0,,0.1111111111111111,-0.28400000000000003
2004,CL,横浜DeNAベイスターズ,31635119,S.マレン,S.Mullen,29.0,51.0,47.0,1.0,2.0,0.0,0.0,0.0,2.0,2.0,0.0,0,3.0,0.0,1.0,0,0.0,32.0,0.0,0.043,0.062,0.043,0.105,2.0,0.0,0.019000000000000003,0.062,1.9607843137254901,62.745098039215684,0.03125,0.13333333333333333,0.038650000000000004,76.33333333333334,0.02127659574468085,0.06666666666666667,0.043,2.0,0.0,2.0,29.0,51.0,47.0,2.0,0.0,0.0,1.0,0.062,0.043,1.0,0,0.0,,2.0,0.0,0,3.0,0.0,,0.125,-3.08
2004,CL,東京ヤクルトスワローズ,31735113,鎌田　祐哉,Y.Kamada,20.0,20.0,18.0,1.0,2.0,0.0,0.0,0.0,2.0,1.0,0.0,0,1.0,0.0,1.0,0,0.0,11.0,0.0,0.111,0.158,0.111,0.269,2.0,0.0,0.047,0.158,5.0,55.00000000000001,0.09090909090909091,0.2857142857142857,0.09885,195.0,0.05555555555555555,0.1875,0.111,2.0,0.0,1.0,20.0,20.0,18.0,2.0,0.0,0.0,1.0,0.158,0.111,1.0,0,0.0,,2.0,0.0,0,1.0,0.0,,0.3157894736842105,-0.238
2004,CL,読売ジャイアンツ,31833888,R.ペタジーニ,R.Petagine,117.0,467.0,383.0,70.0,111.0,17.0,0.0,29.0,215.0,84.0,2,1,0.0,4.0,75.0,0,5.0,76.0,14.0,0.29,0.409,0.561,0.97,65.0,0.2710000000000001,0.119,0.68,16.059957173447536,16.274089935760173,0.9868421052631579,0.2907801418439716,0.32430000000000003,596.0,0.4699738903394256,1.034965034965035,0.29,111.0,29.0,84.0,117.0,467.0,383.0,65.0,17.0,0.0,70.0,0.409,0.561,75.0,0,5.0,,215.0,2,1,0.0,4.0,,87.31441048034935,86.424
2004,CL,阪神タイガース,31835117,J.ウィリアムス,J.Williams,51.0,0.0,0.0,0.0,0.0,0.0,0.0,0.0,0.0,0.0,0.0,0,0.0,0.0,0.0,0,0.0,0.0,0.0,,,,0.0,0.0,0.0,0.0,,nan,nan,nan,nan,0.0,0.0,nan,nan,,0.0,0.0,0.0,51.0,0.0,0.0,0.0,0.0,0.0,0.0,,,0.0,0,0.0,,0.0,0.0,0,0.0,0.0,,nan,0.0
2004,CL,横浜DeNAベイスターズ,31835119,C.バワーズ,C.Bowers,20.0,38.0,34.0,2.0,4.0,1.0,0.0,0.0,5.0,0.0,0.0,0,3.0,0.0,1.0,0,0.0,16.0,1.0,0.118,0.143,0.147,0.29,3.0,0.028999999999999998,0.024999999999999994,0.172,2.631578947368421,42.10526315789473,0.0625,0.2222222222222222,0.1011,191.99999999999997,0.058823529411764705,0.1935483870967742,0.118,4.0,0.0,0.0,20.0,38.0,34.0,3.0,1.0,0.0,2.0,0.143,0.147,1.0,0,0.0,,5.0,0.0,0,3.0,0.0,,0.7142857142857143,-0.3900000000000001
2004,CL,読売ジャイアンツ,31933882,仁志　敏久,T.Nishi,137.0,648.0,608.0,106.0,176.0,27.0,1.0,28.0,289.0,60.0,3,10,3.0,1.0,35.0,0,1.0,93.0,9.0,0.289,0.329,0.475,0.804,120.0,0.186,0.040000000000000036,0.515,5.401234567901234,14.351851851851851,0.3763440860215054,0.30327868852459017,0.26680000000000004,487.3333333333333,0.2598684210526316,0.7596371882086168,0.289,176.0,28.0,60.0,137.0,648.0,608.0,120.0,27.0,1.0,106.0,0.329,0.475,35.0,0,1.0,,289.0,3,10,3.0,1.0,,94.83514774494557,92.14400000000002
2004,CL,中日ドラゴンズ,31933886,高橋　光信,M.Takahashi,35.0,35.0,27.0,5.0,8.0,1.0,0.0,3.0,18.0,9.0,0.0,0,0.0,0.0,6.0,0,2.0,6.0,0.0,0.296,0.457,0.667,1.124,4.0,0.37100000000000005,0.16100000000000003,0.8280000000000001,17.142857142857142,17.142857142857142,1.0,0.2777777777777778,0.3724,679.3333333333334,0.5925925925925926,1.368421052631579,0.296,8.0,3.0,9.0,35.0,35.0,27.0,4.0,1.0,0.0,5.0,0.457,0.667,6.0,0,2.0,,18.0,0.0,0,0.0,0.0,,7.636363636363637,7.818
2004,CL,中日ドラゴンズ,3305115,O.リナレス,O.Linares,60.0,182.0,159.0,19.0,45.0,7.0,0.0,4.0,64.0,28.0,0.0,0,0.0,2.0,21.0,0,0.0,45.0,3.0,0.283,0.363,0.403,0.766,34.0,0.12000000000000005,0.08000000000000002,0.483,11.538461538461538,24.725274725274726,0.4666666666666667,0.36607142857142855,0.2641,497.3333333333333,0.25157232704402516,0.7264957264957265,0.283,45.0,4.0,28.0,60.0,182.0,159.0,34.0,7.0,0.0,19.0,0.363,0.403,21.0,0,0.0,,64.0,0.0,0,0.0,2.0,,23.466666666666665,23.557999999999996
2004,CL,広島東洋カープ,33233868,西山　秀二,S.Nishiyama,22.0,9.0,9.0,1.0,1.0,0.0,0.0,0.0,1.0,0.0,0.0,0,0.0,0.0,0.0,0,0.0,2.0,0.0,0.111,0.111,0.111,0.222,1.0,0.0,0.0,0.111,0.0,22.22222222222222,0.0,0.14285714285714285,0.0777,148.0,0.0,0.125,0.111,1.0,0.0,0.0,22.0,9.0,9.0,1.0,0.0,0.0,1.0,0.111,0.111,0.0,0,0.0,,1.0,0.0,0,0.0,0.0,,0.1111111111111111,-0.28400000000000003
2004,CL,横浜DeNAベイスターズ,33335111,E.ギャラード,E.Gaillard,13.0,0.0,0.0,0.0,0.0,0.0,0.0,0.0,0.0,0.0,0.0,0,0.0,0.0,0.0,0,0.0,0.0,0.0,,,,0.0,0.0,0.0,0.0,,nan,nan,nan,nan,0.0,0.0,nan,nan,,0.0,0.0,0.0,13.0,0.0,0.0,0.0,0.0,0.0,0.0,,,0.0,0,0.0,,0.0,0.0,0,0.0,0.0,,nan,0.0
2004,CL,広島東洋カープ,33535117,T.デイビー,T.Davey,9.0,19.0,19.0,5.0,5.0,1.0,0.0,1.0,9.0,3.0,0.0,0,0.0,0.0,0.0,0,0.0,6.0,0.0,0.263,0.263,0.474,0.737,3.0,0.21099999999999997,0.0,0.474,0.0,31.57894736842105,0.0,0.3333333333333333,0.23685,421.00000000000006,0.21052631578947367,0.6428571428571429,0.263,5.0,1.0,3.0,9.0,19.0,19.0,3.0,1.0,0.0,5.0,0.263,0.474,0.0,0,0.0,,9.0,0.0,0,0.0,0.0,,2.3684210526315788,2.2879999999999994
2004,CL,中日ドラゴンズ,41043884,幕田　賢治,K.Makuta,19.0,10.0,8.0,4.0,0.0,0.0,0.0,0.0,0.0,0.0,0.0,0,0.0,0.0,2.0,0,0.0,4.0,1.0,0.0,0.2,0.0,0.2,0.0,0.0,0.2,0.2,20.0,40.0,0.5,0.0,0.09000000000000001,200.0,0.25,0.2222222222222222,0.0,0.0,0.0,0.0,19.0,10.0,8.0,0.0,0.0,0.0,4.0,0.2,0.0,2.0,0,0.0,,0.0,0.0,0,0.0,0.0,,0.0,-0.124
2004,CL,横浜DeNAベイスターズ,41043886,新沼　慎二,S.Niinuma,2.0,0.0,0.0,0.0,0.0,0.0,0.0,0.0,0.0,0.0,0.0,0,0.0,0.0,0.0,0,0.0,0.0,0.0,,,,0.0,0.0,0.0,0.0,,nan,nan,nan,nan,0.0,0.0,nan,nan,,0.0,0.0,0.0,2.0,0.0,0.0,0.0,0.0,0.0,0.0,,,0.0,0,0.0,,0.0,0.0,0,0.0,0.0,,nan,0.0
2004,CL,東京ヤクルトスワローズ,41045111,細見　直樹,N.Hosomi,1.0,1.0,1.0,0.0,0.0,0.0,0.0,0.0,0.0,0.0,0.0,0,0.0,0.0,0.0,0,0.0,1.0,0.0,0.0,0.0,0.0,0.0,0.0,0.0,0.0,0.0,0.0,100.0,0.0,nan,0.0,0.0,0.0,0.0,0.0,0.0,0.0,0.0,1.0,1.0,1.0,0.0,0.0,0.0,0.0,0.0,0.0,0.0,0,0.0,,0.0,0.0,0,0.0,0.0,,0.0,-0.098
2004,CL,読売ジャイアンツ,41045113,中村　隼人,H.Nakamura,38.0,0.0,0.0,0.0,0.0,0.0,0.0,0.0,0.0,0.0,0.0,0,0.0,0.0,0.0,0,0.0,0.0,0.0,,,,0.0,0.0,0.0,0.0,,nan,nan,nan,nan,0.0,0.0,nan,nan,,0.0,0.0,0.0,38.0,0.0,0.0,0.0,0.0,0.0,0.0,,,0.0,0,0.0,,0.0,0.0,0,0.0,0.0,,nan,0.0
2004,CL,中日ドラゴンズ,41143886,井端　弘和,H.Ibata,138.0,642.0,562.0,81.0,170.0,30.0,2.0,6.0,222.0,57.0,21,10,18.0,3.0,54.0,0,5.0,74.0,16.0,0.302,0.367,0.395,0.762,132.0,0.09300000000000003,0.065,0.46,8.411214953271028,11.526479750778815,0.7297297297297297,0.33814432989690724,0.2639,498.6666666666667,0.20640569395017794,0.7132352941176471,0.302,170.0,6.0,57.0,138.0,642.0,562.0,132.0,30.0,2.0,81.0,0.367,0.395,54.0,0,5.0,,222.0,21,10,18.0,3.0,,80.72727272727273,81.17399999999998
2004,CL,東京ヤクルトスワローズ,41143888,石堂　克利,K.Ishidou,18.0,27.0,25.0,1.0,4.0,1.0,0.0,0.0,5.0,3.0,0.0,0,2.0,0.0,0.0,0,0.0,13.0,0.0,0.16,0.16,0.2,0.36,3.0,0.04000000000000001,0.0,0.2,0.0,48.148148148148145,0.0,0.3333333333333333,0.12200000000000001,226.66666666666669,0.04,0.23809523809523808,0.16,4.0,0.0,3.0,18.0,27.0,25.0,3.0,1.0,0.0,1.0,0.16,0.2,0.0,0,0.0,,5.0,0.0,0,2.0,0.0,,0.8,0.16199999999999948
2004,CL,阪神タイガース,41145115,安藤　優也,Y.Andou,57.0,0.0,0.0,0.0,0.0,0.0,0.0,0.0,0.0,0.0,0.0,0,0.0,0.0,0.0,0,0.0,0.0,0.0,,,,0.0,0.0,0.0,0.0,,nan,nan,nan,nan,0.0,0.0,nan,nan,,0.0,0.0,0.0,57.0,0.0,0.0,0.0,0.0,0.0,0.0,,,0.0,0,0.0,,0.0,0.0,0,0.0,0.0,,nan,0.0
2004,CL,横浜DeNAベイスターズ,41145119,牛田　成樹,S.Ushida,2.0,0.0,0.0,0.0,0.0,0.0,0.0,0.0,0.0,0.0,0.0,0,0.0,0.0,0.0,0,0.0,0.0,0.0,,,,0.0,0.0,0.0,0.0,,nan,nan,nan,nan,0.0,0.0,nan,nan,,0.0,0.0,0.0,2.0,0.0,0.0,0.0,0.0,0.0,0.0,,,0.0,0,0.0,,0.0,0.0,0,0.0,0.0,,nan,0.0
2004,CL,読売ジャイアンツ,41245117,長田　昌浩,M.Nagata,3.0,2.0,2.0,0.0,0.0,0.0,0.0,0.0,0.0,0.0,0.0,0,0.0,0.0,0.0,0,0.0,1.0,0.0,0.0,0.0,0.0,0.0,0.0,0.0,0.0,0.0,0.0,50.0,0.0,0.0,0.0,0.0,0.0,0.0,0.0,0.0,0.0,0.0,3.0,2.0,2.0,0.0,0.0,0.0,0.0,0.0,0.0,0.0,0,0.0,,0.0,0.0,0,0.0,0.0,,0.0,-0.196
2004,CL,読売ジャイアンツ,41343862,清原　和博,K.Kiyohara,40.0,120.0,101.0,18.0,23.0,2.0,0.0,12.0,61.0,27.0,0.0,0,0.0,0.0,15.0,0,4.0,41.0,4.0,0.228,0.35,0.604,0.954,9.0,0.376,0.12199999999999997,0.726,12.5,34.166666666666664,0.36585365853658536,0.22916666666666666,0.3085,551.3333333333334,0.5247524752475248,0.975609756097561,0.228,23.0,12.0,27.0,40.0,120.0,101.0,9.0,2.0,0.0,18.0,0.35,0.604,15.0,0,4.0,,61.0,0.0,0,0.0,0.0,,19.982758620689655,21.845999999999997
2004,CL,阪神タイガース,41343883,矢野　燿大,A.Yano,138.0,551.0,502.0,38.0,143.0,23.0,3.0,11.0,205.0,65.0,1,3,4.0,3.0,35.0,0,7.0,110.0,19.0,0.285,0.338,0.408,0.746,106.0,0.123,0.05300000000000005,0.461,6.352087114337568,19.96370235934664,0.3181818181818182,0.34375,0.2541,474.0,0.199203187250996,0.6613756613756614,0.285,143.0,11.0,65.0,138.0,551.0,502.0,106.0,23.0,3.0,38.0,0.338,0.408,35.0,0,7.0,,205.0,1,3,4.0,3.0,,67.95158286778398,67.73800000000001
2004,CL,阪神タイガース,41343885,金本　知憲,T.Kanemoto,138.0,613.0,521.0,92.0,165.0,32.0,4.0,34.0,307.0,113.0,5,0,0.0,8.0,79.0,0,5.0,100.0,10.0,0.317,0.406,0.589,0.995,95.0,0.27199999999999996,0.08900000000000002,0.6779999999999999,12.887438825448614,16.31321370309951,0.79,0.33164556962025316,0.32995,602.3333333333334,0.42418426103646834,1.0683060109289617,0.317,165.0,34.0,113.0,138.0,613.0,521.0,95.0,32.0,4.0,92.0,0.406,0.589,79.0,0,5.0,,307.0,5,0,0.0,8.0,,124.84666666666666,116.49199999999999
2004,CL,中日ドラゴンズ,41343886,川上　憲伸,K.Kawakami,27.0,75.0,69.0,4.0,12.0,3.0,0.0,2.0,21.0,6.0,0.0,0,6.0,0.0,0.0,0,0.0,27.0,2.0,0.174,0.174,0.304,0.478,7.0,0.13,0.0,0.304,0.0,36.0,0.0,0.25,0.1543,275.3333333333333,0.13043478260869565,0.3559322033898305,0.174,12.0,2.0,6.0,27.0,75.0,69.0,7.0,3.0,0.0,4.0,0.174,0.304,0.0,0,0.0,,21.0,0.0,0,6.0,0.0,,3.652173913043478,2.953999999999999
2004,CL,阪神タイガース,41343888,金澤　健人,T.Kanazawa,23.0,8.0,7.0,0.0,1.0,0.0,0.0,0.0,1.0,0.0,0.0,0,1.0,0.0,0.0,0,0.0,5.0,0.0,0.143,0.143,0.143,0.286,1.0,0.0,0.0,0.143,0.0,62.5,0.0,0.5,0.1001,190.66666666666666,0.0,0.16666666666666666,0.143,1.0,0.0,0.0,23.0,8.0,7.0,1.0,0.0,0.0,0.0,0.143,0.143,0.0,0,0.0,,1.0,0.0,0,1.0,0.0,,0.14285714285714285,-0.08800000000000008
2004,CL,横浜DeNAベイスターズ,41443880,相川　亮二,R.Aikawa,102.0,323.0,304.0,31.0,80.0,16.0,1.0,8.0,122.0,46.0,3,0,5.0,1.0,13.0,0,0.0,77.0,8.0,0.263,0.292,0.401,0.6930000000000001,55.0,0.138,0.02899999999999997,0.43,4.024767801857585,23.8390092879257,0.16883116883116883,0.32727272727272727,0.23165,425.66666666666663,0.18092105263157895,0.5818965517241379,0.263,80.0,8.0,46.0,102.0,323.0,304.0,55.0,16.0,1.0,31.0,0.292,0.401,13.0,0,0.0,,122.0,3,0,5.0,1.0,,35.791798107255524,33.91799999999999
2004,CL,横浜DeNAベイスターズ,41443885,三浦　大輔,D.Miura,22.0,55.0,50.0,0.0,5.0,2.0,0.0,0.0,7.0,0.0,0.0,0,4.0,0.0,1.0,0,0.0,20.0,0.0,0.1,0.118,0.14,0.258,3.0,0.04000000000000001,0.017999999999999988,0.158,1.8181818181818181,36.36363636363637,0.05,0.16666666666666666,0.08810000000000001,164.66666666666666,0.06,0.17777777777777778,0.1,5.0,0.0,0.0,22.0,55.0,50.0,3.0,2.0,0.0,0.0,0.118,0.14,1.0,0,0.0,,7.0,0.0,0,4.0,0.0,,0.8235294117647058,-1.1400000000000001
2004,CL,読売ジャイアンツ,41443886,吉川　元浩,M.Yoshikawa,4.0,4.0,4.0,0.0,0.0,0.0,0.0,0.0,0.0,0.0,0.0,0,0.0,0.0,0.0,0,0.0,1.0,0.0,0.0,0.0,0.0,0.0,0.0,0.0,0.0,0.0,0.0,25.0,0.0,0.0,0.0,0.0,0.0,0.0,0.0,0.0,0.0,0.0,4.0,4.0,4.0,0.0,0.0,0.0,0.0,0.0,0.0,0.0,0,0.0,,0.0,0.0,0,0.0,0.0,,0.0,-0.392
2004,CL,阪神タイガース,41445111,G.アリアス,G.Arias,117.0,451.0,412.0,54.0,112.0,26.0,1.0,25.0,215.0,84.0,3,0,0.0,4.0,33.0,0,2.0,119.0,5.0,0.272,0.326,0.522,0.8480000000000001,60.0,0.25,0.05399999999999999,0.5760000000000001,7.317073170731707,26.38580931263858,0.2773109243697479,0.31985294117647056,0.2772,500.0,0.3300970873786408,0.819672131147541,0.272,112.0,25.0,84.0,117.0,451.0,412.0,60.0,26.0,1.0,54.0,0.326,0.522,33.0,0,2.0,,215.0,3,0,0.0,4.0,,70.0561797752809,67.90999999999998
2004,CL,広島東洋カープ,41445119,J.ベイル,J.Bale,25.0,62.0,57.0,1.0,9.0,0.0,0.0,0.0,9.0,2.0,0.0,0,4.0,1.0,0.0,0,0.0,31.0,2.0,0.158,0.155,0.158,0.313,9.0,0.0,-0.0030000000000000027,0.155,0.0,50.0,0.0,0.3333333333333333,0.10925000000000001,207.66666666666666,0.0,0.18,0.158,9.0,0.0,2.0,25.0,62.0,57.0,9.0,0.0,0.0,1.0,0.155,0.158,0.0,0,0.0,,9.0,0.0,0,4.0,1.0,,1.4210526315789473,-0.20400000000000063
2004,CL,読売ジャイアンツ,41545115,鴨志田　貴司,T.Kamoshida,2.0,0.0,0.0,0.0,0.0,0.0,0.0,0.0,0.0,0.0,0.0,0,0.0,0.0,0.0,0,0.0,0.0,0.0,,,,0.0,0.0,0.0,0.0,,nan,nan,nan,nan,0.0,0.0,nan,nan,,0.0,0.0,0.0,2.0,0.0,0.0,0.0,0.0,0.0,0.0,,,0.0,0,0.0,,0.0,0.0,0,0.0,0.0,,nan,0.0
2004,CL,横浜DeNAベイスターズ,41545117,加藤　武治,T.Katou,43.0,22.0,19.0,1.0,2.0,0.0,0.0,0.0,2.0,1.0,0.0,0,2.0,0.0,1.0,0,0.0,15.0,0.0,0.105,0.15,0.105,0.255,2.0,0.0,0.045,0.15,4.545454545454546,68.18181818181817,0.06666666666666667,0.5,0.09375,185.0,0.05263157894736842,0.17647058823529413,0.105,2.0,0.0,1.0,43.0,22.0,19.0,2.0,0.0,0.0,1.0,0.15,0.105,1.0,0,0.0,,2.0,0.0,0,2.0,0.0,,0.3,-0.3360000000000001
2004,CL,横浜DeNAベイスターズ,41743880,多村　仁志,H.Tamura,123.0,492.0,449.0,80.0,137.0,19.0,2.0,40.0,280.0,100.0,10,7,1.0,1.0,39.0,0,2.0,126.0,8.0,0.305,0.363,0.624,0.987,76.0,0.319,0.057999999999999996,0.6819999999999999,7.926829268292683,25.609756097560975,0.30952380952380953,0.3415492957746479,0.31935,571.0,0.4209354120267261,1.025,0.305,137.0,40.0,100.0,123.0,492.0,449.0,76.0,19.0,2.0,80.0,0.363,0.624,39.0,0,2.0,,280.0,10,7,1.0,1.0,,100.98360655737704,95.57399999999998
2004,CL,東京ヤクルトスワローズ,41743884,杉本　友,Y.Sugimoto,43.0,1.0,1.0,0.0,0.0,0.0,0.0,0.0,0.0,0.0,0.0,0,0.0,0.0,0.0,0,0.0,1.0,0.0,0.0,0.0,0.0,0.0,0.0,0.0,0.0,0.0,0.0,100.0,0.0,nan,0.0,0.0,0.0,0.0,0.0,0.0,0.0,0.0,43.0,1.0,1.0,0.0,0.0,0.0,0.0,0.0,0.0,0.0,0,0.0,,0.0,0.0,0,0.0,0.0,,0.0,-0.098
2004,CL,東京ヤクルトスワローズ,41745113,坂元　弥太郎,Y.Sakamoto,34.0,3.0,2.0,0.0,0.0,0.0,0.0,0.0,0.0,0.0,0.0,0,1.0,0.0,0.0,0,0.0,2.0,0.0,0.0,0.0,0.0,0.0,0.0,0.0,0.0,0.0,0.0,66.66666666666666,0.0,nan,0.0,0.0,0.0,0.0,0.0,0.0,0.0,0.0,34.0,3.0,2.0,0.0,0.0,0.0,0.0,0.0,0.0,0.0,0,0.0,,0.0,0.0,0,1.0,0.0,,0.0,-0.196
2004,CL,広島東洋カープ,41843883,瀬戸　輝信,T.Seto,1.0,0.0,0.0,0.0,0.0,0.0,0.0,0.0,0.0,0.0,0.0,0,0.0,0.0,0.0,0,0.0,0.0,0.0,,,,0.0,0.0,0.0,0.0,,nan,nan,nan,nan,0.0,0.0,nan,nan,,0.0,0.0,0.0,1.0,0.0,0.0,0.0,0.0,0.0,0.0,,,0.0,0,0.0,,0.0,0.0,0,0.0,0.0,,nan,0.0
2004,CL,阪神タイガース,41845119,T.ホッジス,T.Hodges,8.0,14.0,13.0,1.0,2.0,0.0,0.0,0.0,2.0,0.0,0.0,0,0.0,0.0,1.0,0,0.0,8.0,0.0,0.154,0.214,0.154,0.368,2.0,0.0,0.06,0.214,7.142857142857142,57.14285714285714,0.125,0.4,0.1348,265.3333333333333,0.07692307692307693,0.2727272727272727,0.154,2.0,0.0,0.0,8.0,14.0,13.0,2.0,0.0,0.0,1.0,0.214,0.154,1.0,0,0.0,,2.0,0.0,0,0.0,0.0,,0.42857142857142855,0.252
2004,CL,中日ドラゴンズ,41943884,筒井　壮,S.Tsutsui,10.0,10.0,9.0,0.0,3.0,0.0,0.0,0.0,3.0,1.0,0.0,0,0.0,0.0,0.0,0,1.0,2.0,1.0,0.333,0.4,0.333,0.7330000000000001,3.0,0.0,0.067,0.4,0.0,20.0,0.0,0.42857142857142855,0.26325000000000004,511.0,0.0,0.5714285714285714,0.333,3.0,0.0,1.0,10.0,10.0,9.0,3.0,0.0,0.0,0.0,0.4,0.333,0.0,0,1.0,,3.0,0.0,0,0.0,0.0,,1.0,1.242
2004,CL,広島東洋カープ,41943888,広池　浩司,K.Hiroike,19.0,3.0,3.0,0.0,0.0,0.0,0.0,0.0,0.0,0.0,0.0,0,0.0,0.0,0.0,0,0.0,2.0,0.0,0.0,0.0,0.0,0.0,0.0,0.0,0.0,0.0,0.0,66.66666666666666,0.0,0.0,0.0,0.0,0.0,0.0,0.0,0.0,0.0,0.0,19.0,3.0,3.0,0.0,0.0,0.0,0.0,0.0,0.0,0.0,0,0.0,,0.0,0.0,0,0.0,0.0,,0.0,-0.29400000000000004
2004,CL,広島東洋カープ,41943889,福地　寿樹,K.Fukuchi,19.0,19.0,17.0,3.0,1.0,1.0,0.0,0.0,2.0,0.0,0,2,1.0,0.0,0.0,0,1.0,5.0,0.0,0.059,0.111,0.118,0.22899999999999998,0.0,0.059,0.052000000000000005,0.1699999999999999,0.0,26.31578947368421,0.0,0.08333333333333333,0.07944999999999999,150.33333333333331,0.17647058823529413,0.3125,0.059,1.0,0.0,0.0,19.0,19.0,17.0,0.0,1.0,0.0,3.0,0.111,0.118,0.0,0,1.0,,2.0,0,2,1.0,0.0,,0.11764705882352941,-0.15799999999999992
2004,CL,広島東洋カープ,41945113,玉山　健太,K.Tamayama,6.0,4.0,4.0,0.0,1.0,0.0,0.0,0.0,1.0,1.0,0.0,0,0.0,0.0,0.0,0,0.0,2.0,0.0,0.25,0.25,0.25,0.5,1.0,0.0,0.0,0.25,0.0,50.0,0.0,0.5,0.175,333.3333333333333,0.0,0.3333333333333333,0.25,1.0,0.0,1.0,6.0,4.0,4.0,1.0,0.0,0.0,0.0,0.25,0.25,0.0,0,0.0,,1.0,0.0,0,0.0,0.0,,0.25,0.20599999999999996
2004,CL,読売ジャイアンツ,43143888,M.ランデル,M.Randel,24.0,3.0,3.0,0.0,0.0,0.0,0.0,0.0,0.0,0.0,0.0,0,0.0,0.0,0.0,0,0.0,1.0,0.0,0.0,0.0,0.0,0.0,0.0,0.0,0.0,0.0,0.0,33.33333333333333,0.0,0.0,0.0,0.0,0.0,0.0,0.0,0.0,0.0,0.0,24.0,3.0,3.0,0.0,0.0,0.0,0.0,0.0,0.0,0.0,0,0.0,,0.0,0.0,0,0.0,0.0,,0.0,-0.29400000000000004
2004,CL,広島東洋カープ,43243868,野村　謙二郎,K.Nomura,107.0,392.0,359.0,27.0,97.0,18.0,2.0,5.0,134.0,43.0,1,2,3.0,3.0,24.0,0,3.0,48.0,8.0,0.27,0.319,0.373,0.692,72.0,0.10299999999999998,0.04899999999999999,0.422,6.122448979591836,12.244897959183673,0.5,0.2977346278317152,0.2368,443.33333333333337,0.17548746518105848,0.6037037037037037,0.27,97.0,5.0,43.0,107.0,392.0,359.0,72.0,18.0,2.0,27.0,0.319,0.373,24.0,0,3.0,,134.0,1,2,3.0,3.0,,42.33420365535248,41.83399999999999
2004,CL,東京ヤクルトスワローズ,51053880,宮本　慎也,S.Miyamoto,90.0,390.0,346.0,52.0,104.0,12.0,1.0,11.0,151.0,26.0,6,1,18.0,0.0,18.0,0,8.0,69.0,6.0,0.301,0.349,0.436,0.7849999999999999,80.0,0.135,0.04799999999999999,0.484,4.615384615384616,17.692307692307693,0.2608695652173913,0.34962406015037595,0.26605,494.3333333333333,0.1907514450867052,0.717741935483871,0.301,104.0,11.0,26.0,90.0,390.0,346.0,80.0,12.0,1.0,52.0,0.349,0.436,18.0,0,8.0,,151.0,6,1,18.0,0.0,,50.60989010989011,50.564
2004,CL,横浜DeNAベイスターズ,51053886,土肥　義弘,Y.Doi,18.0,29.0,23.0,0.0,3.0,1.0,0.0,0.0,4.0,2.0,0.0,0,5.0,0.0,1.0,0,0.0,14.0,0.0,0.13,0.167,0.174,0.34099999999999997,2.0,0.043999999999999984,0.037000000000000005,0.211,3.4482758620689653,48.275862068965516,0.07142857142857142,0.3333333333333333,0.11865,225.0,0.08695652173913043,0.25,0.13,3.0,0.0,2.0,18.0,29.0,23.0,2.0,1.0,0.0,0.0,0.167,0.174,1.0,0,0.0,,4.0,0.0,0,5.0,0.0,,0.6666666666666666,0.08999999999999986
2004,CL,阪神タイガース,51055117,杉山　直久,N.Sugiyama,13.0,17.0,14.0,0.0,0.0,0.0,0.0,0.0,0.0,0.0,0.0,0,3.0,0.0,0.0,0,0.0,8.0,0.0,0.0,0.0,0.0,0.0,0.0,0.0,0.0,0.0,0.0,47.05882352941176,0.0,0.0,0.0,0.0,0.0,0.0,0.0,0.0,0.0,0.0,13.0,17.0,14.0,0.0,0.0,0.0,0.0,0.0,0.0,0.0,0,0.0,,0.0,0.0,0,3.0,0.0,,0.0,-1.372
2004,CL,広島東洋カープ,51055119,仁部　智,S.Nibe,1.0,0.0,0.0,0.0,0.0,0.0,0.0,0.0,0.0,0.0,0.0,0,0.0,0.0,0.0,0,0.0,0.0,0.0,,,,0.0,0.0,0.0,0.0,,nan,nan,nan,nan,0.0,0.0,nan,nan,,0.0,0.0,0.0,1.0,0.0,0.0,0.0,0.0,0.0,0.0,,,0.0,0,0.0,,0.0,0.0,0,0.0,0.0,,nan,0.0
2004,CL,広島東洋カープ,51153881,浅井　樹,I.Asai,79.0,97.0,88.0,13.0,25.0,4.0,1.0,3.0,40.0,21.0,0.0,0,0.0,1.0,6.0,0,2.0,17.0,1.0,0.284,0.34,0.455,0.795,17.0,0.17100000000000004,0.05600000000000005,0.5110000000000001,6.185567010309279,17.525773195876287,0.35294117647058826,0.3188405797101449,0.26675000000000004,491.6666666666667,0.23863636363636365,0.75,0.284,25.0,3.0,21.0,79.0,97.0,88.0,17.0,4.0,1.0,13.0,0.34,0.455,6.0,0,2.0,,40.0,0.0,0,0.0,1.0,,13.191489361702128,13.206
2004,CL,読売ジャイアンツ,51153889,井出　竜也,T.Ide,41.0,27.0,23.0,3.0,1.0,1.0,0.0,0.0,2.0,0.0,0.0,0,0.0,0.0,4.0,0,0.0,14.0,1.0,0.043,0.185,0.087,0.272,0.0,0.044,0.14200000000000002,0.2289999999999999,14.814814814814813,51.85185185185185,0.2857142857142857,0.1111111111111111,0.10500000000000001,214.0,0.21739130434782608,0.2608695652173913,0.043,1.0,0.0,0.0,41.0,27.0,23.0,0.0,1.0,0.0,3.0,0.185,0.087,4.0,0,0.0,,2.0,0.0,0,0.0,0.0,,0.37037037037037035,-0.1160000000000001
2004,CL,中日ドラゴンズ,51155111,朝倉　健太,K.Asakura,14.0,18.0,14.0,1.0,2.0,0.0,0.0,0.0,2.0,0.0,0.0,0,4.0,0.0,0.0,0,0.0,7.0,1.0,0.143,0.143,0.143,0.286,2.0,0.0,0.0,0.143,0.0,38.88888888888889,0.0,0.2857142857142857,0.1001,190.66666666666666,0.0,0.15384615384615385,0.143,2.0,0.0,0.0,14.0,18.0,14.0,2.0,0.0,0.0,1.0,0.143,0.143,0.0,0,0.0,,2.0,0.0,0,4.0,0.0,,0.2857142857142857,-0.17600000000000016
2004,CL,阪神タイガース,51255111,的場　寛一,K.Matoba,2.0,5.0,5.0,0.0,0.0,0.0,0.0,0.0,0.0,0.0,0.0,0,0.0,0.0,0.0,0,0.0,3.0,0.0,0.0,0.0,0.0,0.0,0.0,0.0,0.0,0.0,0.0,60.0,0.0,0.0,0.0,0.0,0.0,0.0,0.0,0.0,0.0,0.0,2.0,5.0,5.0,0.0,0.0,0.0,0.0,0.0,0.0,0.0,0,0.0,,0.0,0.0,0,0.0,0.0,,0.0,-0.49
2004,CL,東京ヤクルトスワローズ,51255113,平本　学,M.Hiramoto,11.0,0.0,0.0,0.0,0.0,0.0,0.0,0.0,0.0,0.0,0.0,0,0.0,0.0,0.0,0,0.0,0.0,0.0,,,,0.0,0.0,0.0,0.0,,nan,nan,nan,nan,0.0,0.0,nan,nan,,0.0,0.0,0.0,11.0,0.0,0.0,0.0,0.0,0.0,0.0,,,0.0,0,0.0,,0.0,0.0,0,0.0,0.0,,nan,0.0
2004,CL,中日ドラゴンズ,51353888,小笠原　孝,T.Ogasawara,22.0,14.0,12.0,2.0,2.0,0.0,0.0,0.0,2.0,1.0,0.0,0,2.0,0.0,0.0,0,0.0,6.0,1.0,0.167,0.167,0.167,0.334,2.0,0.0,0.0,0.167,0.0,42.857142857142854,0.0,0.3333333333333333,0.1169,222.66666666666669,0.0,0.18181818181818182,0.167,2.0,0.0,1.0,22.0,14.0,12.0,2.0,0.0,0.0,2.0,0.167,0.167,0.0,0,0.0,,2.0,0.0,0,2.0,0.0,,0.3333333333333333,0.020000000000000018
2004,CL,読売ジャイアンツ,51353889,岡島　秀樹,H.Okajima,53.0,2.0,2.0,0.0,0.0,0.0,0.0,0.0,0.0,0.0,0.0,0,0.0,0.0,0.0,0,0.0,2.0,0.0,0.0,0.0,0.0,0.0,0.0,0.0,0.0,0.0,0.0,100.0,0.0,nan,0.0,0.0,0.0,0.0,0.0,0.0,0.0,0.0,53.0,2.0,2.0,0.0,0.0,0.0,0.0,0.0,0.0,0.0,0,0.0,,0.0,0.0,0,0.0,0.0,,0.0,-0.196
2004,CL,広島東洋カープ,51355115,石原　慶幸,Y.Ishihara,135.0,435.0,396.0,32.0,114.0,22.0,0.0,6.0,154.0,35.0,0,1,9.0,1.0,21.0,0,8.0,70.0,6.0,0.288,0.336,0.389,0.7250000000000001,86.0,0.10100000000000003,0.04800000000000004,0.437,4.827586206896552,16.091954022988507,0.3,0.3364485981308411,0.24845,465.6666666666667,0.15656565656565657,0.6388888888888888,0.288,114.0,6.0,35.0,135.0,435.0,396.0,86.0,22.0,0.0,32.0,0.336,0.389,21.0,0,8.0,,154.0,0,1,9.0,1.0,,49.856115107913666,49.594000000000015
2004,CL,阪神タイガース,51455115,藤原　通,T.Fujiwara,6.0,3.0,3.0,0.0,0.0,0.0,0.0,0.0,0.0,0.0,0.0,0,0.0,0.0,0.0,0,0.0,1.0,0.0,0.0,0.0,0.0,0.0,0.0,0.0,0.0,0.0,0.0,33.33333333333333,0.0,0.0,0.0,0.0,0.0,0.0,0.0,0.0,0.0,0.0,6.0,3.0,3.0,0.0,0.0,0.0,0.0,0.0,0.0,0.0,0,0.0,,0.0,0.0,0,0.0,0.0,,0.0,-0.29400000000000004
2004,CL,読売ジャイアンツ,51553865,工藤　公康,K.Kudou,23.0,51.0,44.0,2.0,5.0,1.0,0.0,1.0,9.0,8.0,0.0,0,5.0,0.0,2.0,0,0.0,32.0,0.0,0.114,0.152,0.205,0.357,3.0,0.09099999999999998,0.03799999999999999,0.243,3.9215686274509802,62.745098039215684,0.0625,0.36363636363636365,0.11965,220.33333333333331,0.13636363636363635,0.28205128205128205,0.114,5.0,1.0,8.0,23.0,51.0,44.0,3.0,1.0,0.0,2.0,0.152,0.205,2.0,0,0.0,,9.0,0.0,0,5.0,0.0,,1.3695652173913044,0.49799999999999933
2004,CL,阪神タイガース,51553882,佐久本　昌広,M.Sakumoto,3.0,0.0,0.0,0.0,0.0,0.0,0.0,0.0,0.0,0.0,0.0,0,0.0,0.0,0.0,0,0.0,0.0,0.0,,,,0.0,0.0,0.0,0.0,,nan,nan,nan,nan,0.0,0.0,nan,nan,,0.0,0.0,0.0,3.0,0.0,0.0,0.0,0.0,0.0,0.0,,,0.0,0,0.0,,0.0,0.0,0,0.0,0.0,,nan,0.0
2004,CL,横浜DeNAベイスターズ,51553884,川村　丈夫,T.Kawamura,58.0,3.0,3.0,0.0,0.0,0.0,0.0,0.0,0.0,0.0,0.0,0,0.0,0.0,0.0,0,0.0,1.0,0.0,0.0,0.0,0.0,0.0,0.0,0.0,0.0,0.0,0.0,33.33333333333333,0.0,0.0,0.0,0.0,0.0,0.0,0.0,0.0,0.0,0.0,58.0,3.0,3.0,0.0,0.0,0.0,0.0,0.0,0.0,0.0,0,0.0,,0.0,0.0,0,0.0,0.0,,0.0,-0.29400000000000004
2004,CL,阪神タイガース,51553885,久慈　照嘉,T.Kuji,31.0,26.0,17.0,4.0,2.0,0.0,0.0,0.0,2.0,0.0,1,0,4.0,0.0,5.0,0,0.0,6.0,0.0,0.118,0.318,0.118,0.436,2.0,0.0,0.2,0.318,19.230769230769234,23.076923076923077,0.8333333333333334,0.18181818181818182,0.1726,357.3333333333333,0.29411764705882354,0.4666666666666667,0.118,2.0,0.0,0.0,31.0,26.0,17.0,2.0,0.0,0.0,4.0,0.318,0.118,5.0,0,0.0,,2.0,1,0,4.0,0.0,,0.6363636363636364,1.1800000000000004
2004,CL,広島東洋カープ,51553886,小林　幹英,K.Kobayashi,14.0,0.0,0.0,0.0,0.0,0.0,0.0,0.0,0.0,0.0,0.0,0,0.0,0.0,0.0,0,0.0,0.0,0.0,,,,0.0,0.0,0.0,0.0,,nan,nan,nan,nan,0.0,0.0,nan,nan,,0.0,0.0,0.0,14.0,0.0,0.0,0.0,0.0,0.0,0.0,,,0.0,0,0.0,,0.0,0.0,0,0.0,0.0,,nan,0.0
2004,CL,東京ヤクルトスワローズ,51553888,河端　龍,R.Kawabata,61.0,0.0,0.0,0.0,0.0,0.0,0.0,0.0,0.0,0.0,0.0,0,0.0,0.0,0.0,0,0.0,0.0,0.0,,,,0.0,0.0,0.0,0.0,,nan,nan,nan,nan,0.0,0.0,nan,nan,,0.0,0.0,0.0,61.0,0.0,0.0,0.0,0.0,0.0,0.0,,,0.0,0,0.0,,0.0,0.0,0,0.0,0.0,,nan,0.0
2004,CL,読売ジャイアンツ,51655117,矢野　謙次,K.Yano,10.0,18.0,18.0,2.0,4.0,1.0,0.0,1.0,8.0,2.0,0.0,0,0.0,0.0,0.0,0,0.0,4.0,0.0,0.222,0.222,0.444,0.666,2.0,0.222,0.0,0.444,0.0,22.22222222222222,0.0,0.23076923076923078,0.2109,370.0,0.2222222222222222,0.5714285714285714,0.222,4.0,1.0,2.0,10.0,18.0,18.0,2.0,1.0,0.0,2.0,0.222,0.444,0.0,0,0.0,,8.0,0.0,0,0.0,0.0,,1.7777777777777777,1.788
2004,CL,横浜DeNAベイスターズ,51753864,デニー,T.Deni（deni,22.0,1.0,1.0,0.0,0.0,0.0,0.0,0.0,0.0,0.0,0.0,0,0.0,0.0,0.0,0,0.0,1.0,0.0,0.0,0.0,0.0,0.0,0.0,0.0,0.0,0.0,0.0,100.0,0.0,nan,0.0,0.0,0.0,0.0,0.0,0.0,0.0,0.0,22.0,1.0,1.0,0.0,0.0,0.0,0.0,0.0,0.0,0.0,0,0.0,,0.0,0.0,0,0.0,0.0,,0.0,-0.098
2004,CL,広島東洋カープ,51753884,澤﨑　俊和,T.Sawazaki,38.0,2.0,2.0,0.0,0.0,0.0,0.0,0.0,0.0,0.0,0.0,0,0.0,0.0,0.0,0,0.0,1.0,0.0,0.0,0.0,0.0,0.0,0.0,0.0,0.0,0.0,0.0,50.0,0.0,0.0,0.0,0.0,0.0,0.0,0.0,0.0,0.0,0.0,38.0,2.0,2.0,0.0,0.0,0.0,0.0,0.0,0.0,0.0,0,0.0,,0.0,0.0,0,0.0,0.0,,0.0,-0.196
2004,CL,読売ジャイアンツ,51755111,十川　孝富,T.Sogawa,1.0,0.0,0.0,0.0,0.0,0.0,0.0,0.0,0.0,0.0,0.0,0,0.0,0.0,0.0,0,0.0,0.0,0.0,,,,0.0,0.0,0.0,0.0,,nan,nan,nan,nan,0.0,0.0,nan,nan,,0.0,0.0,0.0,1.0,0.0,0.0,0.0,0.0,0.0,0.0,,,0.0,0,0.0,,0.0,0.0,0,0.0,0.0,,nan,0.0
2004,CL,東京ヤクルトスワローズ,51755119,佐藤　賢,M.Satou,21.0,0.0,0.0,0.0,0.0,0.0,0.0,0.0,0.0,0.0,0.0,0,0.0,0.0,0.0,0,0.0,0.0,0.0,,,,0.0,0.0,0.0,0.0,,nan,nan,nan,nan,0.0,0.0,nan,nan,,0.0,0.0,0.0,21.0,0.0,0.0,0.0,0.0,0.0,0.0,,,0.0,0,0.0,,0.0,0.0,0,0.0,0.0,,nan,0.0
2004,CL,横浜DeNAベイスターズ,51855117,タイロン・ウッズ,T.Woods,130.0,551.0,476.0,84.0,142.0,15.0,0.0,45.0,292.0,103.0,2,1,0.0,0.0,74.0,0,1.0,142.0,16.0,0.298,0.394,0.613,1.0070000000000001,82.0,0.315,0.09600000000000003,0.7090000000000001,13.430127041742287,25.771324863883848,0.5211267605633803,0.3356401384083045,0.33055,598.3333333333334,0.4726890756302521,1.0514285714285714,0.298,142.0,45.0,103.0,130.0,551.0,476.0,82.0,15.0,0.0,84.0,0.394,0.613,74.0,0,1.0,,292.0,2,1,0.0,0.0,,114.67636363636363,108.798
2004,CL,読売ジャイアンツ,51855119,B.コーリー,B.Corey,21.0,0.0,0.0,0.0,0.0,0.0,0.0,0.0,0.0,0.0,0.0,0,0.0,0.0,0.0,0,0.0,0.0,0.0,,,,0.0,0.0,0.0,0.0,,nan,nan,nan,nan,0.0,0.0,nan,nan,,0.0,0.0,0.0,21.0,0.0,0.0,0.0,0.0,0.0,0.0,,,0.0,0,0.0,,0.0,0.0,0,0.0,0.0,,nan,0.0
2004,CL,読売ジャイアンツ,51953886,高橋　由伸,Y.Takahashi,109.0,477.0,426.0,83.0,135.0,20.0,1.0,30.0,247.0,79.0,1,3,1.0,1.0,38.0,0,11.0,70.0,12.0,0.317,0.387,0.58,0.967,84.0,0.26299999999999996,0.07,0.6499999999999999,7.966457023060797,14.675052410901468,0.5428571428571428,0.3211009174311927,0.31915,580.3333333333334,0.3591549295774648,0.9867986798679867,0.317,135.0,30.0,79.0,109.0,477.0,426.0,84.0,20.0,1.0,83.0,0.387,0.58,38.0,0,11.0,,247.0,1,3,1.0,1.0,,92.09267241379311,88.832
2004,CL,読売ジャイアンツ,53253868,江藤　智,A.Etou,55.0,111.0,97.0,14.0,22.0,4.0,0.0,4.0,38.0,15.0,1,0,0.0,0.0,13.0,0,1.0,25.0,1.0,0.227,0.324,0.392,0.716,14.0,0.165,0.097,0.489,11.711711711711711,22.52252252252252,0.52,0.2647058823529412,0.24380000000000002,454.6666666666667,0.29896907216494845,0.6842105263157895,0.227,22.0,4.0,15.0,55.0,111.0,97.0,14.0,4.0,0.0,14.0,0.324,0.392,13.0,0,1.0,,38.0,1,0,0.0,0.0,,12.090909090909092,12.909999999999997
2004,CL,中日ドラゴンズ,53355117,アレックス,A.Ochoa,138.0,590.0,520.0,63.0,153.0,24.0,2.0,21.0,244.0,89.0,3,4,0.0,5.0,55.0,0,10.0,83.0,11.0,0.294,0.369,0.469,0.838,106.0,0.175,0.07500000000000001,0.544,9.322033898305085,14.067796610169491,0.6626506024096386,0.31353919239904987,0.2833,525.3333333333334,0.28846153846153844,0.828042328042328,0.294,153.0,21.0,89.0,138.0,590.0,520.0,106.0,24.0,2.0,63.0,0.369,0.469,55.0,0,10.0,,244.0,3,4,0.0,5.0,,88.26434782608696,88.804
2004,CL,阪神タイガース,53555117,J.リガン,J.Riggan,23.0,0.0,0.0,0.0,0.0,0.0,0.0,0.0,0.0,0.0,0.0,0,0.0,0.0,0.0,0,0.0,0.0,0.0,,,,0.0,0.0,0.0,0.0,,nan,nan,nan,nan,0.0,0.0,nan,nan,,0.0,0.0,0.0,23.0,0.0,0.0,0.0,0.0,0.0,0.0,,,0.0,0,0.0,,0.0,0.0,0,0.0,0.0,,nan,0.0
2004,CL,横浜DeNAベイスターズ,61063880,山田　博士,H.Yamada,30.0,3.0,3.0,0.0,0.0,0.0,0.0,0.0,0.0,0.0,0.0,0,0.0,0.0,0.0,0,0.0,0.0,0.0,0.0,0.0,0.0,0.0,0.0,0.0,0.0,0.0,0.0,0.0,nan,0.0,0.0,0.0,0.0,0.0,0.0,0.0,0.0,0.0,30.0,3.0,3.0,0.0,0.0,0.0,0.0,0.0,0.0,0.0,0,0.0,,0.0,0.0,0,0.0,0.0,,0.0,-0.29400000000000004
2004,CL,東京ヤクルトスワローズ,61063889,山部　太,F.Yamabe,25.0,0.0,0.0,0.0,0.0,0.0,0.0,0.0,0.0,0.0,0.0,0,0.0,0.0,0.0,0,0.0,0.0,0.0,,,,0.0,0.0,0.0,0.0,,nan,nan,nan,nan,0.0,0.0,nan,nan,,0.0,0.0,0.0,25.0,0.0,0.0,0.0,0.0,0.0,0.0,,,0.0,0,0.0,,0.0,0.0,0,0.0,0.0,,nan,0.0
2004,CL,中日ドラゴンズ,61163881,井上　一樹,K.Inoue,113.0,319.0,283.0,41.0,78.0,14.0,0.0,11.0,125.0,30.0,0.0,0,0.0,1.0,32.0,0,3.0,59.0,8.0,0.276,0.354,0.442,0.796,53.0,0.16599999999999998,0.07799999999999996,0.52,10.031347962382444,18.495297805642632,0.5423728813559322,0.3130841121495327,0.2698,501.3333333333333,0.2791519434628975,0.7511737089201878,0.276,78.0,11.0,30.0,113.0,319.0,283.0,53.0,14.0,0.0,41.0,0.354,0.442,32.0,0,3.0,,125.0,0.0,0,0.0,1.0,,43.65079365079365,43.879999999999995
2004,CL,阪神タイガース,61163884,今岡　誠,M.Imaoka,138.0,632.0,572.0,87.0,175.0,29.0,0.0,28.0,288.0,83.0,0,2,4.0,4.0,48.0,0,4.0,68.0,21.0,0.306,0.361,0.503,0.864,118.0,0.197,0.05499999999999999,0.558,7.59493670886076,10.759493670886076,0.7058823529411765,0.30625,0.2882,528.6666666666666,0.28496503496503495,0.8181818181818182,0.306,175.0,28.0,83.0,138.0,632.0,572.0,118.0,29.0,0.0,87.0,0.361,0.503,48.0,0,4.0,,288.0,0,2,4.0,4.0,,103.58709677419355,98.814
2004,CL,横浜DeNAベイスターズ,61265119,吉川　輝昭,T.Yoshikawa,24.0,5.0,3.0,0.0,1.0,0.0,0.0,0.0,1.0,0.0,0.0,0,1.0,0.0,1.0,0,0.0,1.0,0.0,0.333,0.5,0.333,0.833,1.0,0.0,0.16699999999999998,0.5,20.0,20.0,1.0,0.5,0.30825,611.0,0.3333333333333333,1.0,0.333,1.0,0.0,0.0,24.0,5.0,3.0,1.0,0.0,0.0,0.0,0.5,0.333,1.0,0,0.0,,1.0,0.0,0,1.0,0.0,,0.5,0.6340000000000001
2004,CL,東京ヤクルトスワローズ,61363884,小野　公誠,K.Ono,29.0,42.0,40.0,4.0,7.0,1.0,0.0,1.0,11.0,3.0,0.0,0,0.0,0.0,2.0,0,0.0,13.0,1.0,0.175,0.214,0.275,0.489,5.0,0.10000000000000003,0.03900000000000001,0.314,4.761904761904762,30.952380952380953,0.15384615384615385,0.23076923076923078,0.16505,305.66666666666663,0.15,0.38235294117647056,0.175,7.0,1.0,3.0,29.0,42.0,40.0,5.0,1.0,0.0,4.0,0.214,0.275,2.0,0,0.0,,11.0,0.0,0,0.0,0.0,,2.357142857142857,2.0860000000000003
2004,CL,横浜DeNAベイスターズ,61365111,木塚　敦志,A.Kizuka,52.0,0.0,0.0,0.0,0.0,0.0,0.0,0.0,0.0,0.0,0.0,0,0.0,0.0,0.0,0,0.0,0.0,0.0,,,,0.0,0.0,0.0,0.0,,nan,nan,nan,nan,0.0,0.0,nan,nan,,0.0,0.0,0.0,52.0,0.0,0.0,0.0,0.0,0.0,0.0,,,0.0,0,0.0,,0.0,0.0,0,0.0,0.0,,nan,0.0
2004,CL,広島東洋カープ,61563880,嶋　重宣,S.Shima,137.0,615.0,561.0,94.0,189.0,23.0,3.0,32.0,314.0,84.0,6,3,1.0,3.0,48.0,0,2.0,104.0,13.0,0.337,0.389,0.56,0.9490000000000001,131.0,0.22300000000000003,0.05199999999999999,0.6120000000000001,7.804878048780488,16.910569105691057,0.46153846153846156,0.36682242990654207,0.31505000000000005,575.6666666666666,0.3137254901960784,0.9532467532467532,0.337,189.0,32.0,84.0,137.0,615.0,561.0,131.0,23.0,3.0,94.0,0.389,0.56,48.0,0,2.0,,314.0,6,3,1.0,3.0,,122.19704433497537,111.84399999999998
2004,CL,横浜DeNAベイスターズ,61563885,斎藤　隆,T.Saitou,16.0,14.0,12.0,0.0,2.0,0.0,0.0,0.0,2.0,0.0,0.0,0,2.0,0.0,0.0,0,0.0,7.0,0.0,0.167,0.167,0.167,0.334,2.0,0.0,0.0,0.167,0.0,50.0,0.0,0.4,0.1169,222.66666666666669,0.0,0.2,0.167,2.0,0.0,0.0,16.0,14.0,12.0,2.0,0.0,0.0,0.0,0.167,0.167,0.0,0,0.0,,2.0,0.0,0,2.0,0.0,,0.3333333333333333,0.020000000000000018
2004,CL,東京ヤクルトスワローズ,61563887,佐藤　真一,S.Satou,40.0,134.0,130.0,9.0,42.0,3.0,0.0,2.0,51.0,13.0,0.0,0,0.0,0.0,4.0,0,0.0,13.0,6.0,0.323,0.343,0.392,0.7350000000000001,37.0,0.069,0.020000000000000018,0.412,2.9850746268656714,9.701492537313433,0.3076923076923077,0.34782608695652173,0.25235,473.6666666666667,0.1,0.5851063829787234,0.323,42.0,2.0,13.0,40.0,134.0,130.0,37.0,3.0,0.0,9.0,0.343,0.392,4.0,0,0.0,,51.0,0.0,0,0.0,0.0,,17.507462686567163,16.235999999999997
2004,CL,阪神タイガース,61565115,喜田　剛,G.Kida,2.0,2.0,2.0,0.0,0.0,0.0,0.0,0.0,0.0,0.0,0.0,0,0.0,0.0,0.0,0,0.0,2.0,0.0,0.0,0.0,0.0,0.0,0.0,0.0,0.0,0.0,0.0,100.0,0.0,nan,0.0,0.0,0.0,0.0,0.0,0.0,0.0,0.0,2.0,2.0,2.0,0.0,0.0,0.0,0.0,0.0,0.0,0.0,0,0.0,,0.0,0.0,0,0.0,0.0,,0.0,-0.196
2004,CL,横浜DeNAベイスターズ,61665117,吉村　裕基,Y.Yoshimura,10.0,13.0,13.0,1.0,2.0,0.0,0.0,0.0,2.0,1.0,0.0,0,0.0,0.0,0.0,0,0.0,5.0,0.0,0.154,0.154,0.154,0.308,2.0,0.0,0.0,0.154,0.0,38.46153846153847,0.0,0.25,0.1078,205.33333333333334,0.0,0.18181818181818182,0.154,2.0,0.0,1.0,10.0,13.0,13.0,2.0,0.0,0.0,1.0,0.154,0.154,0.0,0,0.0,,2.0,0.0,0,0.0,0.0,,0.3076923076923077,-0.07800000000000007
2004,CL,横浜DeNAベイスターズ,61763864,中村　武志,T.Nakamura,47.0,111.0,101.0,6.0,20.0,4.0,0.0,1.0,27.0,8.0,0.0,0,5.0,0.0,5.0,0,0.0,19.0,5.0,0.198,0.236,0.267,0.503,15.0,0.069,0.03799999999999998,0.305,4.504504504504505,17.117117117117118,0.2631578947368421,0.2345679012345679,0.17295,325.0,0.1188118811881188,0.37209302325581395,0.198,20.0,1.0,8.0,47.0,111.0,101.0,15.0,4.0,0.0,6.0,0.236,0.267,5.0,0,0.0,,27.0,0.0,0,5.0,0.0,,6.367924528301887,5.531999999999998
2004,CL,横浜DeNAベイスターズ,61763881,佐々木　主浩,K.Sasaki,25.0,0.0,0.0,0.0,0.0,0.0,0.0,0.0,0.0,0.0,0.0,0,0.0,0.0,0.0,0,0.0,0.0,0.0,,,,0.0,0.0,0.0,0.0,,nan,nan,nan,nan,0.0,0.0,nan,nan,,0.0,0.0,0.0,25.0,0.0,0.0,0.0,0.0,0.0,0.0,,,0.0,0,0.0,,0.0,0.0,0,0.0,0.0,,nan,0.0
2004,CL,読売ジャイアンツ,61763884,鈴木　尚広,T.Suzuki,57.0,59.0,55.0,11.0,15.0,3.0,0.0,0.0,18.0,1.0,9,1,1.0,0.0,3.0,0,0.0,7.0,0.0,0.273,0.31,0.327,0.637,12.0,0.05399999999999999,0.03699999999999998,0.364,5.084745762711865,11.864406779661017,0.42857142857142855,0.3125,0.22125,419.0,0.12727272727272726,0.55,0.273,15.0,0.0,1.0,57.0,59.0,55.0,12.0,3.0,0.0,11.0,0.31,0.327,3.0,0,0.0,,18.0,9,1,1.0,0.0,,5.586206896551724,5.41
2004,CL,読売ジャイアンツ,61765115,真田　裕貴,H.Sanada,2.0,1.0,1.0,0.0,0.0,0.0,0.0,0.0,0.0,0.0,0.0,0,0.0,0.0,0.0,0,0.0,0.0,0.0,0.0,0.0,0.0,0.0,0.0,0.0,0.0,0.0,0.0,0.0,nan,0.0,0.0,0.0,0.0,0.0,0.0,0.0,0.0,0.0,2.0,1.0,1.0,0.0,0.0,0.0,0.0,0.0,0.0,0.0,0,0.0,,0.0,0.0,0,0.0,0.0,,0.0,-0.098
2004,CL,阪神タイガース,61765117,久保田　智之,T.Kubota,28.0,15.0,13.0,1.0,2.0,1.0,0.0,0.0,3.0,3.0,0.0,0,1.0,0.0,1.0,0,0.0,7.0,1.0,0.154,0.214,0.231,0.445,1.0,0.07700000000000001,0.06,0.291,6.666666666666667,46.666666666666664,0.14285714285714285,0.3333333333333333,0.15405,291.0,0.15384615384615385,0.3333333333333333,0.154,2.0,0.0,3.0,28.0,15.0,13.0,1.0,1.0,0.0,1.0,0.214,0.231,1.0,0,0.0,,3.0,0.0,0,1.0,0.0,,0.6428571428571429,0.472
2004,CL,中日ドラゴンズ,61865115,M.バルデス,M.Valdes,30.0,0.0,0.0,0.0,0.0,0.0,0.0,0.0,0.0,0.0,0.0,0,0.0,0.0,0.0,0,0.0,0.0,0.0,,,,0.0,0.0,0.0,0.0,,nan,nan,nan,nan,0.0,0.0,nan,nan,,0.0,0.0,0.0,30.0,0.0,0.0,0.0,0.0,0.0,0.0,,,0.0,0,0.0,,0.0,0.0,0,0.0,0.0,,nan,0.0
2004,CL,阪神タイガース,61865119,R.マイヤーズ,R.Myers,20.0,0.0,0.0,0.0,0.0,0.0,0.0,0.0,0.0,0.0,0.0,0,0.0,0.0,0.0,0,0.0,0.0,0.0,,,,0.0,0.0,0.0,0.0,,nan,nan,nan,nan,0.0,0.0,nan,nan,,0.0,0.0,0.0,20.0,0.0,0.0,0.0,0.0,0.0,0.0,,,0.0,0,0.0,,0.0,0.0,0,0.0,0.0,,nan,0.0
2004,CL,中日ドラゴンズ,61963884,中野　栄一,E.Nakano,1.0,1.0,1.0,0.0,0.0,0.0,0.0,0.0,0.0,0.0,0.0,0,0.0,0.0,0.0,0,0.0,1.0,0.0,0.0,0.0,0.0,0.0,0.0,0.0,0.0,0.0,0.0,100.0,0.0,nan,0.0,0.0,0.0,0.0,0.0,0.0,0.0,0.0,1.0,1.0,1.0,0.0,0.0,0.0,0.0,0.0,0.0,0.0,0,0.0,,0.0,0.0,0,0.0,0.0,,0.0,-0.098
2004,CL,中日ドラゴンズ,61963888,福留　孝介,K.Fukudome,92.0,404.0,350.0,61.0,97.0,19.0,7.0,23.0,199.0,81.0,8,3,1.0,2.0,48.0,0,3.0,93.0,3.0,0.277,0.367,0.569,0.9359999999999999,48.0,0.2919999999999999,0.08999999999999997,0.6589999999999999,11.881188118811881,23.01980198019802,0.5161290322580645,0.3135593220338983,0.3074,556.6666666666666,0.43714285714285717,0.98828125,0.277,97.0,23.0,81.0,92.0,404.0,350.0,48.0,19.0,7.0,61.0,0.367,0.569,48.0,0,3.0,,199.0,8,3,1.0,2.0,,72.5,70.656
2004,CL,中日ドラゴンズ,61965115,田上　秀則,H.Tanoue,2.0,3.0,3.0,0.0,0.0,0.0,0.0,0.0,0.0,0.0,0.0,0,0.0,0.0,0.0,0,0.0,2.0,0.0,0.0,0.0,0.0,0.0,0.0,0.0,0.0,0.0,0.0,66.66666666666666,0.0,0.0,0.0,0.0,0.0,0.0,0.0,0.0,0.0,0.0,2.0,3.0,3.0,0.0,0.0,0.0,0.0,0.0,0.0,0.0,0,0.0,,0.0,0.0,0,0.0,0.0,,0.0,-0.29400000000000004
2004,CL,中日ドラゴンズ,61965119,中村　公治,K.Nakamura,16.0,46.0,43.0,4.0,10.0,2.0,0.0,0.0,12.0,2.0,0,1,0.0,0.0,3.0,0,0.0,9.0,1.0,0.233,0.283,0.279,0.562,8.0,0.04600000000000001,0.04999999999999996,0.3289999999999999,6.521739130434782,19.565217391304348,0.3333333333333333,0.29411764705882354,0.1971,376.0,0.13953488372093023,0.47058823529411764,0.233,10.0,0.0,2.0,16.0,46.0,43.0,8.0,2.0,0.0,4.0,0.283,0.279,3.0,0,0.0,,12.0,0,1,0.0,0.0,,3.391304347826087,3.3759999999999994
2004,CL,東京ヤクルトスワローズ,63165113,A.ラミレス,A.Ramirez,129.0,557.0,525.0,79.0,160.0,30.0,2.0,31.0,287.0,110.0,2,0,0.0,2.0,23.0,0,7.0,118.0,22.0,0.305,0.341,0.547,0.8880000000000001,97.0,0.24200000000000005,0.03600000000000003,0.5830000000000001,4.129263913824058,21.18491921005386,0.19491525423728814,0.3412698412698413,0.2902,523.3333333333335,0.2857142857142857,0.8191214470284238,0.305,160.0,31.0,110.0,129.0,557.0,525.0,97.0,30.0,2.0,79.0,0.341,0.547,23.0,0,7.0,,287.0,2,0,0.0,2.0,,95.8412408759124,90.94999999999999
2004,CL,読売ジャイアンツ,63463868,前田　幸長,Y.Maeda,44.0,1.0,1.0,0.0,0.0,0.0,0.0,0.0,0.0,0.0,0.0,0,0.0,0.0,0.0,0,0.0,0.0,0.0,0.0,0.0,0.0,0.0,0.0,0.0,0.0,0.0,0.0,0.0,nan,0.0,0.0,0.0,0.0,0.0,0.0,0.0,0.0,0.0,44.0,1.0,1.0,0.0,0.0,0.0,0.0,0.0,0.0,0.0,0,0.0,,0.0,0.0,0,0.0,0.0,,0.0,-0.098
2004,CL,横浜DeNAベイスターズ,65563868,石井　琢朗,T.Ishii,131.0,590.0,535.0,80.0,158.0,26.0,6.0,10.0,226.0,43.0,11,10,6.0,2.0,45.0,0,2.0,85.0,3.0,0.295,0.351,0.422,0.7729999999999999,116.0,0.127,0.055999999999999994,0.478,7.627118644067797,14.40677966101695,0.5294117647058824,0.334841628959276,0.26345,491.66666666666663,0.22990654205607478,0.7447368421052631,0.295,158.0,10.0,43.0,131.0,590.0,535.0,116.0,26.0,6.0,80.0,0.351,0.422,45.0,0,2.0,,226.0,11,10,6.0,2.0,,79.1,77.72399999999999
2004,CL,中日ドラゴンズ,71073887,野口　茂樹,S.Noguchi,17.0,28.0,26.0,1.0,2.0,0.0,0.0,0.0,2.0,1.0,0.0,0,2.0,0.0,0.0,0,0.0,15.0,0.0,0.077,0.077,0.077,0.154,2.0,0.0,0.0,0.077,0.0,53.57142857142857,0.0,0.18181818181818182,0.0539,102.66666666666667,0.0,0.08333333333333333,0.077,2.0,0.0,1.0,17.0,28.0,26.0,2.0,0.0,0.0,1.0,0.077,0.077,0.0,0,0.0,,2.0,0.0,0,2.0,0.0,,0.15384615384615385,-1.3520000000000003
2004,CL,阪神タイガース,71073888,藤川　球児,K.Fujikawa,26.0,1.0,1.0,0.0,0.0,0.0,0.0,0.0,0.0,0.0,0.0,0,0.0,0.0,0.0,0,0.0,0.0,0.0,0.0,0.0,0.0,0.0,0.0,0.0,0.0,0.0,0.0,0.0,nan,0.0,0.0,0.0,0.0,0.0,0.0,0.0,0.0,0.0,26.0,1.0,1.0,0.0,0.0,0.0,0.0,0.0,0.0,0.0,0,0.0,,0.0,0.0,0,0.0,0.0,,0.0,-0.098
2004,CL,中日ドラゴンズ,71173882,荒木　雅博,M.Araki,138.0,640.0,602.0,93.0,176.0,23.0,1.0,3.0,210.0,44.0,39,9,7.0,3.0,26.0,0,2.0,87.0,7.0,0.292,0.322,0.349,0.671,149.0,0.056999999999999995,0.030000000000000027,0.379,4.0625,13.593749999999998,0.2988505747126437,0.3359223300970874,0.23215,438.33333333333337,0.11461794019933555,0.5704387990762124,0.292,176.0,3.0,44.0,138.0,640.0,602.0,149.0,23.0,1.0,93.0,0.322,0.349,26.0,0,2.0,,210.0,39,9,7.0,3.0,,67.54777070063695,65.53200000000001
2004,CL,中日ドラゴンズ,71175119,石川　賢,S.Ishikawa,9.0,0.0,0.0,0.0,0.0,0.0,0.0,0.0,0.0,0.0,0.0,0,0.0,0.0,0.0,0,0.0,0.0,0.0,,,,0.0,0.0,0.0,0.0,,nan,nan,nan,nan,0.0,0.0,nan,nan,,0.0,0.0,0.0,9.0,0.0,0.0,0.0,0.0,0.0,0.0,,,0.0,0,0.0,,0.0,0.0,0,0.0,0.0,,nan,0.0
2004,CL,広島東洋カープ,71275113,廣瀬　純,J.Hirose,10.0,16.0,13.0,0.0,1.0,0.0,0.0,0.0,1.0,0.0,0.0,0,1.0,0.0,1.0,0,1.0,3.0,0.0,0.077,0.2,0.077,0.277,1.0,0.0,0.12300000000000001,0.2,6.25,18.75,0.3333333333333333,0.1,0.10925000000000001,225.66666666666669,0.07692307692307693,0.25,0.077,1.0,0.0,0.0,10.0,16.0,13.0,1.0,0.0,0.0,0.0,0.2,0.077,1.0,0,1.0,,1.0,0.0,0,1.0,0.0,,0.14285714285714285,-0.016000000000000014
2004,CL,横浜DeNAベイスターズ,71275115,秦　裕二,Y.Hata,6.0,1.0,0.0,0.0,0.0,0.0,0.0,0.0,0.0,0.0,0.0,0,1.0,0.0,0.0,0,0.0,0.0,0.0,,,,0.0,0.0,0.0,0.0,,0.0,0.0,nan,nan,0.0,0.0,nan,nan,,0.0,0.0,0.0,6.0,1.0,0.0,0.0,0.0,0.0,0.0,,,0.0,0,0.0,,0.0,0.0,0,1.0,0.0,,nan,0.0
2004,CL,読売ジャイアンツ,71275119,南　和彰,K.Minami,2.0,0.0,0.0,0.0,0.0,0.0,0.0,0.0,0.0,0.0,0.0,0,0.0,0.0,0.0,0,0.0,0.0,0.0,,,,0.0,0.0,0.0,0.0,,nan,nan,nan,nan,0.0,0.0,nan,nan,,0.0,0.0,0.0,2.0,0.0,0.0,0.0,0.0,0.0,0.0,,,0.0,0,0.0,,0.0,0.0,0,0.0,0.0,,nan,0.0
2004,CL,中日ドラゴンズ,71373885,落合　英二,E.Ochiai,42.0,2.0,2.0,0.0,0.0,0.0,0.0,0.0,0.0,0.0,0.0,0,0.0,0.0,0.0,0,0.0,1.0,0.0,0.0,0.0,0.0,0.0,0.0,0.0,0.0,0.0,0.0,50.0,0.0,0.0,0.0,0.0,0.0,0.0,0.0,0.0,0.0,0.0,42.0,2.0,2.0,0.0,0.0,0.0,0.0,0.0,0.0,0.0,0,0.0,,0.0,0.0,0,0.0,0.0,,0.0,-0.196
2004,CL,阪神タイガース,71375111,葛城　育郎,I.Katsuragi,77.0,99.0,90.0,12.0,20.0,1.0,1.0,3.0,32.0,14.0,0.0,0,0.0,2.0,5.0,0,2.0,26.0,0.0,0.222,0.273,0.356,0.629,15.0,0.13399999999999998,0.05100000000000002,0.407,5.05050505050505,26.262626262626267,0.19230769230769232,0.2698412698412698,0.21185,391.6666666666667,0.18888888888888888,0.5571428571428572,0.222,20.0,3.0,14.0,77.0,99.0,90.0,15.0,1.0,1.0,12.0,0.273,0.356,5.0,0,2.0,,32.0,0.0,0,0.0,2.0,,8.421052631578947,9.030000000000001
2004,CL,中日ドラゴンズ,71375119,小川　将俊,M.Ogawa,5.0,6.0,6.0,0.0,2.0,0.0,0.0,0.0,2.0,0.0,0.0,0,0.0,0.0,0.0,0,0.0,2.0,0.0,0.333,0.333,0.333,0.666,2.0,0.0,0.0,0.333,0.0,33.33333333333333,0.0,0.5,0.23310000000000003,444.0,0.0,0.5,0.333,2.0,0.0,0.0,5.0,6.0,6.0,2.0,0.0,0.0,0.0,0.333,0.333,0.0,0,0.0,,2.0,0.0,0,0.0,0.0,,0.6666666666666666,0.608
2004,CL,中日ドラゴンズ,71473886,森　章剛,S.Mori,10.0,34.0,32.0,4.0,7.0,0.0,0.0,3.0,16.0,6.0,0.0,0,0.0,0.0,2.0,0,0.0,14.0,1.0,0.219,0.265,0.5,0.765,4.0,0.281,0.04600000000000001,0.546,5.88235294117647,41.17647058823529,0.14285714285714285,0.26666666666666666,0.24425000000000002,431.66666666666663,0.34375,0.6923076923076923,0.219,7.0,3.0,6.0,10.0,34.0,32.0,4.0,0.0,0.0,4.0,0.265,0.5,2.0,0,0.0,,16.0,0.0,0,0.0,0.0,,4.235294117647059,4.53
2004,CL,阪神タイガース,71475119,M.キンケード,M.Kinkade,26.0,102.0,86.0,13.0,20.0,1.0,1.0,3.0,32.0,7.0,1,0,0.0,0.0,4.0,0,12.0,19.0,6.0,0.233,0.353,0.372,0.725,15.0,0.13899999999999998,0.11999999999999997,0.492,3.9215686274509802,18.627450980392158,0.21052631578947367,0.265625,0.25185,477.0,0.18604651162790697,0.6666666666666666,0.233,20.0,3.0,7.0,26.0,102.0,86.0,15.0,1.0,1.0,13.0,0.353,0.372,4.0,0,12.0,,32.0,1,0,0.0,0.0,,8.533333333333333,12.392000000000003
2004,CL,読売ジャイアンツ,71573881,柏田　貴史,T.Kashiwada,10.0,0.0,0.0,0.0,0.0,0.0,0.0,0.0,0.0,0.0,0.0,0,0.0,0.0,0.0,0,0.0,0.0,0.0,,,,0.0,0.0,0.0,0.0,,nan,nan,nan,nan,0.0,0.0,nan,nan,,0.0,0.0,0.0,10.0,0.0,0.0,0.0,0.0,0.0,0.0,,,0.0,0,0.0,,0.0,0.0,0,0.0,0.0,,nan,0.0
2004,CL,広島東洋カープ,71575113,甲斐　雅人,M.Kai,1.0,2.0,2.0,0.0,0.0,0.0,0.0,0.0,0.0,0.0,0.0,0,0.0,0.0,0.0,0,0.0,0.0,0.0,0.0,0.0,0.0,0.0,0.0,0.0,0.0,0.0,0.0,0.0,nan,0.0,0.0,0.0,0.0,0.0,0.0,0.0,0.0,0.0,1.0,2.0,2.0,0.0,0.0,0.0,0.0,0.0,0.0,0.0,0,0.0,,0.0,0.0,0,0.0,0.0,,0.0,-0.196
2004,CL,横浜DeNAベイスターズ,71575115,小田嶋　正邦,M.Odajima,42.0,54.0,51.0,3.0,11.0,2.0,0.0,0.0,13.0,1.0,0.0,0,0.0,0.0,1.0,0,2.0,24.0,0.0,0.216,0.259,0.255,0.514,9.0,0.03900000000000001,0.04300000000000001,0.298,1.8518518518518516,44.44444444444444,0.041666666666666664,0.4074074074074074,0.18030000000000002,344.0,0.058823529411764705,0.4,0.216,11.0,0.0,1.0,42.0,54.0,51.0,9.0,2.0,0.0,3.0,0.259,0.255,1.0,0,2.0,,13.0,0.0,0,0.0,0.0,,3.0,3.01
2004,CL,阪神タイガース,71675119,R.モレル,R.Morel,21.0,0.0,0.0,0.0,0.0,0.0,0.0,0.0,0.0,0.0,0.0,0,0.0,0.0,0.0,0,0.0,0.0,0.0,,,,0.0,0.0,0.0,0.0,,nan,nan,nan,nan,0.0,0.0,nan,nan,,0.0,0.0,0.0,21.0,0.0,0.0,0.0,0.0,0.0,0.0,,,0.0,0,0.0,,0.0,0.0,0,0.0,0.0,,nan,0.0
2004,CL,東京ヤクルトスワローズ,71773864,土橋　勝征,K.Dobashi,111.0,357.0,327.0,39.0,103.0,10.0,0.0,9.0,140.0,34.0,3,0,2.0,4.0,20.0,0,4.0,37.0,7.0,0.315,0.358,0.428,0.786,84.0,0.11299999999999999,0.04299999999999998,0.471,5.602240896358544,10.364145658263306,0.5405405405405406,0.3298245614035088,0.2681,500.6666666666666,0.1743119266055046,0.70995670995671,0.315,103.0,9.0,34.0,111.0,357.0,327.0,84.0,10.0,0.0,39.0,0.358,0.428,20.0,0,4.0,,140.0,3,0,2.0,4.0,,49.62536023054755,48.128
2004,CL,広島東洋カープ,71773880,高橋　建,K.Takahashi,18.0,33.0,30.0,0.0,3.0,2.0,0.0,0.0,5.0,0.0,0.0,0,2.0,0.0,1.0,0,0.0,15.0,0.0,0.1,0.129,0.167,0.29600000000000004,1.0,0.067,0.028999999999999998,0.196,3.0303030303030303,45.45454545454545,0.06666666666666667,0.2,0.0998,184.66666666666669,0.1,0.2222222222222222,0.1,3.0,0.0,0.0,18.0,33.0,30.0,1.0,2.0,0.0,0.0,0.129,0.167,1.0,0,0.0,,5.0,0.0,0,2.0,0.0,,0.6451612903225806,-0.3759999999999999
2004,CL,阪神タイガース,71773889,立川　隆史,T.Tachikawa,31.0,43.0,35.0,4.0,6.0,0.0,0.0,1.0,9.0,5.0,0,1,0.0,1.0,6.0,0,1.0,8.0,2.0,0.171,0.302,0.257,0.5589999999999999,5.0,0.086,0.13099999999999998,0.388,13.953488372093023,18.6046511627907,0.75,0.18518518518518517,0.20015,387.6666666666667,0.2857142857142857,0.5483870967741935,0.171,6.0,1.0,5.0,31.0,43.0,35.0,5.0,0.0,0.0,4.0,0.302,0.257,6.0,0,1.0,,9.0,0,1,0.0,1.0,,2.6341463414634148,3.5879999999999996
2004,CL,読売ジャイアンツ,71775117,木佐貫　洋,H.Kisanuki,32.0,50.0,43.0,1.0,3.0,1.0,0.0,0.0,4.0,1.0,0.0,0,6.0,0.0,1.0,0,0.0,25.0,2.0,0.07,0.091,0.093,0.184,2.0,0.022999999999999993,0.02099999999999999,0.1139999999999999,2.0,50.0,0.04,0.16666666666666666,0.06420000000000001,122.0,0.046511627906976744,0.11904761904761904,0.07,3.0,0.0,1.0,32.0,50.0,43.0,2.0,1.0,0.0,1.0,0.091,0.093,1.0,0,0.0,,4.0,0.0,0,6.0,0.0,,0.36363636363636365,-1.87
2004,CL,中日ドラゴンズ,71775119,佐藤　充,M.Satou,2.0,0.0,0.0,0.0,0.0,0.0,0.0,0.0,0.0,0.0,0.0,0,0.0,0.0,0.0,0,0.0,0.0,0.0,,,,0.0,0.0,0.0,0.0,,nan,nan,nan,nan,0.0,0.0,nan,nan,,0.0,0.0,0.0,2.0,0.0,0.0,0.0,0.0,0.0,0.0,,,0.0,0,0.0,,0.0,0.0,0,0.0,0.0,,nan,0.0
2004,CL,東京ヤクルトスワローズ,71875119,D.ゴンザレス,D.Gonzalez,15.0,14.0,9.0,0.0,0.0,0.0,0.0,0.0,0.0,0.0,0.0,0,5.0,0.0,0.0,0,0.0,4.0,0.0,0.0,0.0,0.0,0.0,0.0,0.0,0.0,0.0,0.0,28.57142857142857,0.0,0.0,0.0,0.0,0.0,0.0,0.0,0.0,0.0,0.0,15.0,14.0,9.0,0.0,0.0,0.0,0.0,0.0,0.0,0.0,0,0.0,,0.0,0.0,0,5.0,0.0,,0.0,-0.882
2004,CL,広島東洋カープ,71973882,長谷川　昌幸,M.Hasegawa,4.0,5.0,2.0,0.0,0.0,0.0,0.0,0.0,0.0,0.0,0.0,0,1.0,0.0,2.0,0,0.0,1.0,0.0,0.0,0.5,0.0,0.5,0.0,0.0,0.5,0.5,40.0,20.0,2.0,0.0,0.225,500.0,1.0,1.0,0.0,0.0,0.0,0.0,4.0,5.0,2.0,0.0,0.0,0.0,0.0,0.5,0.0,2.0,0,0.0,,0.0,0.0,0,1.0,0.0,,0.0,0.464
2004,CL,中日ドラゴンズ,71973889,平井　正史,M.Hirai,38.0,17.0,14.0,0.0,0.0,0.0,0.0,0.0,0.0,0.0,0.0,0,2.0,0.0,1.0,0,0.0,9.0,0.0,0.0,0.067,0.0,0.067,0.0,0.0,0.067,0.067,5.88235294117647,52.94117647058824,0.1111111111111111,0.0,0.030150000000000003,67.0,0.07142857142857142,0.07142857142857142,0.0,0.0,0.0,0.0,38.0,17.0,14.0,0.0,0.0,0.0,0.0,0.067,0.0,1.0,0,0.0,,0.0,0.0,0,2.0,0.0,,0.0,-1.042
2004,CL,中日ドラゴンズ,71975115,髙橋　聡文,A.Takahashi,24.0,0.0,0.0,0.0,0.0,0.0,0.0,0.0,0.0,0.0,0.0,0,0.0,0.0,0.0,0,0.0,0.0,0.0,,,,0.0,0.0,0.0,0.0,,nan,nan,nan,nan,0.0,0.0,nan,nan,,0.0,0.0,0.0,24.0,0.0,0.0,0.0,0.0,0.0,0.0,,,0.0,0,0.0,,0.0,0.0,0,0.0,0.0,,nan,0.0
2004,CL,横浜DeNAベイスターズ,73373881,種田　仁,H.Taneda,120.0,470.0,410.0,52.0,123.0,27.0,3.0,8.0,180.0,52.0,2,6,15.0,5.0,38.0,0,2.0,50.0,11.0,0.3,0.358,0.439,0.7969999999999999,85.0,0.139,0.057999999999999996,0.497,8.085106382978724,10.638297872340425,0.76,0.32212885154061627,0.27085,504.3333333333333,0.24634146341463414,0.7583892617449665,0.3,123.0,8.0,52.0,120.0,470.0,410.0,85.0,27.0,3.0,52.0,0.358,0.439,38.0,0,2.0,,180.0,2,6,15.0,5.0,,64.6875,62.733999999999995
2004,CL,東京ヤクルトスワローズ,81083882,三木　肇,H.Miki,43.0,29.0,26.0,10.0,7.0,0.0,0.0,1.0,10.0,1.0,0.0,0,0.0,0.0,2.0,0,1.0,8.0,0.0,0.269,0.345,0.385,0.73,6.0,0.11599999999999999,0.07599999999999996,0.4609999999999999,6.896551724137931,27.586206896551722,0.25,0.35294117647058826,0.2515,473.33333333333326,0.19230769230769232,0.6842105263157895,0.269,7.0,1.0,1.0,43.0,29.0,26.0,6.0,0.0,0.0,10.0,0.345,0.385,2.0,0,1.0,,10.0,0.0,0,0.0,0.0,,3.2142857142857144,3.5679999999999996
2004,CL,中日ドラゴンズ,81183888,岩瀬　仁紀,H.Iwase,60.0,4.0,3.0,0.0,1.0,0.0,0.0,0.0,1.0,0.0,0.0,0,0.0,0.0,1.0,0,0.0,0.0,0.0,0.333,0.5,0.333,0.833,1.0,0.0,0.16699999999999998,0.5,25.0,0.0,nan,0.3333333333333333,0.30825,611.0,0.3333333333333333,1.0,0.333,1.0,0.0,0.0,60.0,4.0,3.0,1.0,0.0,0.0,0.0,0.5,0.333,1.0,0,0.0,,1.0,0.0,0,0.0,0.0,,0.5,0.6340000000000001
2004,CL,読売ジャイアンツ,81185119,内海　哲也,T.Utsumi,3.0,5.0,5.0,0.0,0.0,0.0,0.0,0.0,0.0,0.0,0.0,0,0.0,0.0,0.0,0,0.0,2.0,1.0,0.0,0.0,0.0,0.0,0.0,0.0,0.0,0.0,0.0,40.0,0.0,0.0,0.0,0.0,0.0,0.0,0.0,0.0,0.0,0.0,3.0,5.0,5.0,0.0,0.0,0.0,0.0,0.0,0.0,0.0,0,0.0,,0.0,0.0,0,0.0,0.0,,0.0,-0.49
2004,CL,阪神タイガース,81283883,下柳　剛,T.Shimoyanagi,22.0,41.0,34.0,2.0,1.0,1.0,0.0,0.0,2.0,0.0,0.0,0,5.0,0.0,1.0,0,1.0,18.0,1.0,0.029,0.083,0.059,0.14200000000000002,0.0,0.029999999999999995,0.054000000000000006,0.113,2.4390243902439024,43.90243902439025,0.05555555555555555,0.0625,0.0521,102.66666666666667,0.058823529411764705,0.11764705882352941,0.029,1.0,0.0,0.0,22.0,41.0,34.0,0.0,1.0,0.0,2.0,0.083,0.059,1.0,0,1.0,,2.0,0.0,0,5.0,0.0,,0.11428571428571428,-1.854
2004,CL,東京ヤクルトスワローズ,81283886,前田　浩継,H.Maeda,2.0,0.0,0.0,0.0,0.0,0.0,0.0,0.0,0.0,0.0,0.0,0,0.0,0.0,0.0,0,0.0,0.0,0.0,,,,0.0,0.0,0.0,0.0,,nan,nan,nan,nan,0.0,0.0,nan,nan,,0.0,0.0,0.0,2.0,0.0,0.0,0.0,0.0,0.0,0.0,,,0.0,0,0.0,,0.0,0.0,0,0.0,0.0,,nan,0.0
2004,CL,横浜DeNAベイスターズ,81285111,村西　哲幸,T.Muranishi,2.0,0.0,0.0,0.0,0.0,0.0,0.0,0.0,0.0,0.0,0.0,0,0.0,0.0,0.0,0,0.0,0.0,0.0,,,,0.0,0.0,0.0,0.0,,nan,nan,nan,nan,0.0,0.0,nan,nan,,0.0,0.0,0.0,2.0,0.0,0.0,0.0,0.0,0.0,0.0,,,0.0,0,0.0,,0.0,0.0,0,0.0,0.0,,nan,0.0
2004,CL,中日ドラゴンズ,81285117,長峰　昌司,S.Nagamine,14.0,7.0,6.0,0.0,3.0,0.0,0.0,0.0,3.0,0.0,0.0,0,0.0,0.0,1.0,0,0.0,1.0,0.0,0.5,0.571,0.5,1.071,3.0,0.0,0.07099999999999995,0.571,14.285714285714285,14.285714285714285,1.0,0.6,0.38195,737.6666666666666,0.16666666666666666,1.3333333333333333,0.5,3.0,0.0,0.0,14.0,7.0,6.0,3.0,0.0,0.0,0.0,0.571,0.5,1.0,0,0.0,,3.0,0.0,0,0.0,0.0,,1.7142857142857142,1.536
2004,CL,読売ジャイアンツ,81383886,川中　基嗣,M.Kawanaka,45.0,95.0,85.0,12.0,20.0,3.0,0.0,0.0,23.0,5.0,0,1,1.0,1.0,8.0,0,0.0,12.0,0.0,0.235,0.298,0.271,0.569,17.0,0.03600000000000003,0.063,0.334,8.421052631578947,12.631578947368421,0.6666666666666666,0.2702702702702703,0.20185,388.3333333333333,0.1411764705882353,0.49230769230769234,0.235,20.0,0.0,5.0,45.0,95.0,85.0,17.0,3.0,0.0,12.0,0.298,0.271,8.0,0,0.0,,23.0,0,1,1.0,1.0,,6.924731182795699,7.11
2004,CL,広島東洋カープ,81385111,木村　考壱朗,K.Kimura,35.0,48.0,41.0,1.0,6.0,0.0,0.0,0.0,6.0,2.0,0.0,0,2.0,0.0,5.0,0,0.0,6.0,0.0,0.146,0.239,0.146,0.385,6.0,0.0,0.093,0.239,10.416666666666668,12.5,0.8333333333333334,0.17142857142857143,0.14404999999999998,287.66666666666663,0.12195121951219512,0.3142857142857143,0.146,6.0,0.0,2.0,35.0,48.0,41.0,6.0,0.0,0.0,1.0,0.239,0.146,5.0,0,0.0,,6.0,0.0,0,2.0,0.0,,1.434782608695652,1.2200000000000002
2004,CL,広島東洋カープ,81385113,岡上　和典,K.Okagami,30.0,3.0,3.0,5.0,1.0,0.0,0.0,0.0,1.0,1.0,1,2,0.0,0.0,0.0,0,0.0,2.0,0.0,0.333,0.333,0.333,0.666,1.0,0.0,0.0,0.333,0.0,66.66666666666666,0.0,1.0,0.23310000000000003,444.0,0.6666666666666666,1.5,0.333,1.0,0.0,1.0,30.0,3.0,3.0,1.0,0.0,0.0,5.0,0.333,0.333,0.0,0,0.0,,1.0,1,2,0.0,0.0,,0.3333333333333333,0.6639999999999999
2004,CL,読売ジャイアンツ,81385115,大須賀　允,M.Oosuga,17.0,6.0,6.0,3.0,2.0,1.0,0.0,1.0,6.0,2.0,0.0,0,0.0,0.0,0.0,0,0.0,3.0,0.0,0.333,0.333,1.0,1.333,0.0,0.667,0.0,1.0,0.0,50.0,0.0,0.5,0.39985000000000004,666.3333333333334,0.6666666666666666,1.5,0.333,2.0,1.0,2.0,17.0,6.0,6.0,0.0,1.0,0.0,3.0,0.333,1.0,0.0,0,0.0,,6.0,0.0,0,0.0,0.0,,2.0,1.7680000000000002
2004,CL,中日ドラゴンズ,81385119,川岸　強,T.Kawagishi,12.0,0.0,0.0,0.0,0.0,0.0,0.0,0.0,0.0,0.0,0.0,0,0.0,0.0,0.0,0,0.0,0.0,0.0,,,,0.0,0.0,0.0,0.0,,nan,nan,nan,nan,0.0,0.0,nan,nan,,0.0,0.0,0.0,12.0,0.0,0.0,0.0,0.0,0.0,0.0,,,0.0,0,0.0,,0.0,0.0,0,0.0,0.0,,nan,0.0
2004,CL,横浜DeNAベイスターズ,81485117,村田　修一,S.Murata,116.0,369.0,326.0,43.0,79.0,17.0,0.0,15.0,141.0,38.0,2,3,0.0,2.0,30.0,0,11.0,84.0,10.0,0.242,0.325,0.433,0.758,47.0,0.191,0.08300000000000002,0.516,8.130081300813007,22.76422764227642,0.35714285714285715,0.2794759825327511,0.2545,469.33333333333337,0.29141104294478526,0.7198443579766537,0.242,79.0,15.0,38.0,116.0,369.0,326.0,47.0,17.0,0.0,43.0,0.325,0.433,30.0,0,11.0,,141.0,2,3,0.0,2.0,,43.17134831460674,47.20400000000001
2004,CL,東京ヤクルトスワローズ,81485119,B.マーチン,B.Martin,71.0,193.0,162.0,18.0,39.0,10.0,0.0,6.0,67.0,18.0,0.0,0,0.0,0.0,24.0,0,7.0,65.0,4.0,0.241,0.363,0.414,0.7769999999999999,23.0,0.173,0.122,0.536,12.435233160621761,33.67875647668394,0.36923076923076925,0.3626373626373626,0.26685,501.0,0.32098765432098764,0.7716535433070866,0.241,39.0,6.0,18.0,71.0,193.0,162.0,23.0,10.0,0.0,18.0,0.363,0.414,24.0,0,7.0,,67.0,0.0,0,0.0,0.0,,22.693548387096776,25.516
2004,CL,広島東洋カープ,81583866,緒方　孝市,K.Ogata,122.0,512.0,456.0,91.0,133.0,20.0,2.0,26.0,235.0,64.0,4,3,3.0,3.0,41.0,0,9.0,87.0,11.0,0.292,0.36,0.515,0.875,85.0,0.22300000000000003,0.068,0.583,8.0078125,16.9921875,0.47126436781609193,0.3092485549132948,0.29075,531.6666666666666,0.3201754385964912,0.8622754491017964,0.292,133.0,26.0,64.0,122.0,512.0,456.0,85.0,20.0,2.0,91.0,0.36,0.515,41.0,0,9.0,,235.0,4,3,3.0,3.0,,82.27364185110665,81.806
2004,CL,中日ドラゴンズ,81583884,小山　伸一郎,S.Koyama,2.0,0.0,0.0,0.0,0.0,0.0,0.0,0.0,0.0,0.0,0.0,0,0.0,0.0,0.0,0,0.0,0.0,0.0,,,,0.0,0.0,0.0,0.0,,nan,nan,nan,nan,0.0,0.0,nan,nan,,0.0,0.0,0.0,2.0,0.0,0.0,0.0,0.0,0.0,0.0,,,0.0,0,0.0,,0.0,0.0,0,0.0,0.0,,nan,0.0
2004,CL,中日ドラゴンズ,81583886,清水　清人,K.Shimizu,1.0,0.0,0.0,0.0,0.0,0.0,0.0,0.0,0.0,0.0,0.0,0,0.0,0.0,0.0,0,0.0,0.0,0.0,,,,0.0,0.0,0.0,0.0,,nan,nan,nan,nan,0.0,0.0,nan,nan,,0.0,0.0,0.0,1.0,0.0,0.0,0.0,0.0,0.0,0.0,,,0.0,0,0.0,,0.0,0.0,0,0.0,0.0,,nan,0.0
2004,CL,読売ジャイアンツ,81585111,條辺　剛,T.Joube,4.0,0.0,0.0,0.0,0.0,0.0,0.0,0.0,0.0,0.0,0.0,0,0.0,0.0,0.0,0,0.0,0.0,0.0,,,,0.0,0.0,0.0,0.0,,nan,nan,nan,nan,0.0,0.0,nan,nan,,0.0,0.0,0.0,4.0,0.0,0.0,0.0,0.0,0.0,0.0,,,0.0,0,0.0,,0.0,0.0,0,0.0,0.0,,nan,0.0
2004,CL,阪神タイガース,81585119,桟原　将司,M.Sajikihara,44.0,2.0,2.0,0.0,0.0,0.0,0.0,0.0,0.0,0.0,0.0,0,0.0,0.0,0.0,0,0.0,2.0,0.0,0.0,0.0,0.0,0.0,0.0,0.0,0.0,0.0,0.0,100.0,0.0,nan,0.0,0.0,0.0,0.0,0.0,0.0,0.0,0.0,44.0,2.0,2.0,0.0,0.0,0.0,0.0,0.0,0.0,0.0,0,0.0,,0.0,0.0,0,0.0,0.0,,0.0,-0.196
2004,CL,中日ドラゴンズ,81685115,ドミンゴ,D.Guzman,24.0,54.0,45.0,4.0,8.0,0.0,0.0,0.0,8.0,1.0,1.0,1,7.0,0.0,2.0,0,0.0,23.0,0.0,0.178,0.213,0.178,0.391,8.0,0.0,0.035,0.213,3.7037037037037033,42.592592592592595,0.08695652173913043,0.36363636363636365,0.14035,272.3333333333333,0.06666666666666667,0.2972972972972973,0.178,8.0,0.0,1.0,24.0,54.0,45.0,8.0,0.0,0.0,4.0,0.213,0.178,2.0,0,0.0,,8.0,1.0,1,7.0,0.0,,1.702127659574468,1.2139999999999995
2004,CL,阪神タイガース,81685117,林　威助,U.Rin,3.0,7.0,7.0,0.0,1.0,1.0,0.0,0.0,2.0,1.0,0.0,0,0.0,0.0,0.0,0,0.0,4.0,0.0,0.143,0.143,0.286,0.42899999999999994,0.0,0.143,0.0,0.286,0.0,57.14285714285714,0.0,0.3333333333333333,0.13584999999999997,238.33333333333331,0.14285714285714285,0.3333333333333333,0.143,1.0,0.0,1.0,3.0,7.0,7.0,0.0,1.0,0.0,0.0,0.143,0.286,0.0,0,0.0,,2.0,0.0,0,0.0,0.0,,0.2857142857142857,0.1319999999999999
2004,CL,横浜DeNAベイスターズ,81685119,P.ウォーカー,P.Walker,10.0,16.0,12.0,2.0,2.0,0.0,0.0,0.0,2.0,1.0,0.0,0,3.0,0.0,1.0,0,0.0,5.0,0.0,0.167,0.231,0.167,0.398,2.0,0.0,0.064,0.231,6.25,31.25,0.2,0.2857142857142857,0.1457,286.6666666666667,0.08333333333333333,0.3,0.167,2.0,0.0,1.0,10.0,16.0,12.0,2.0,0.0,0.0,2.0,0.231,0.167,1.0,0,0.0,,2.0,0.0,0,3.0,0.0,,0.46153846153846156,0.3500000000000001
2004,CL,横浜DeNAベイスターズ,81783880,富岡　久貴,H.Tomioka,4.0,1.0,1.0,0.0,0.0,0.0,0.0,0.0,0.0,0.0,0.0,0,0.0,0.0,0.0,0,0.0,1.0,0.0,0.0,0.0,0.0,0.0,0.0,0.0,0.0,0.0,0.0,100.0,0.0,nan,0.0,0.0,0.0,0.0,0.0,0.0,0.0,0.0,4.0,1.0,1.0,0.0,0.0,0.0,0.0,0.0,0.0,0.0,0,0.0,,0.0,0.0,0,0.0,0.0,,0.0,-0.098
2004,CL,阪神タイガース,81783884,関本　賢太郎,K.Sekimoto,110.0,413.0,354.0,60.0,112.0,13.0,1.0,5.0,142.0,41.0,4,1,2.0,3.0,51.0,0,3.0,74.0,6.0,0.316,0.404,0.401,0.805,93.0,0.08500000000000002,0.08800000000000002,0.489,12.34866828087167,17.91767554479419,0.6891891891891891,0.38489208633093525,0.28205,537.6666666666667,0.23163841807909605,0.7943548387096774,0.316,112.0,5.0,41.0,110.0,413.0,354.0,93.0,13.0,1.0,60.0,0.404,0.401,51.0,0,3.0,,142.0,4,1,2.0,3.0,,57.150617283950616,58.38399999999999
2004,CL,横浜DeNAベイスターズ,81785111,田中　一徳,K.Tanaka,63.0,32.0,30.0,13.0,6.0,0.0,0.0,0.0,6.0,2.0,3,1,0.0,0.0,2.0,0,0.0,8.0,0.0,0.2,0.25,0.2,0.45,6.0,0.0,0.04999999999999999,0.25,6.25,25.0,0.25,0.2727272727272727,0.1625,316.66666666666663,0.1,0.375,0.2,6.0,0.0,2.0,63.0,32.0,30.0,6.0,0.0,0.0,13.0,0.25,0.2,2.0,0,0.0,,6.0,3,1,0.0,0.0,,1.5,1.488
2004,CL,東京ヤクルトスワローズ,81785115,志田　宗大,M.Shida,91.0,195.0,175.0,30.0,44.0,6.0,2.0,3.0,63.0,10.0,4,0,5.0,1.0,14.0,0,0.0,36.0,2.0,0.251,0.305,0.36,0.665,33.0,0.10899999999999999,0.05399999999999999,0.414,7.179487179487179,18.461538461538463,0.3888888888888889,0.29927007299270075,0.22725,425.0,0.18857142857142858,0.5789473684210527,0.251,44.0,3.0,10.0,91.0,195.0,175.0,33.0,6.0,2.0,30.0,0.305,0.36,14.0,0,0.0,,63.0,4,0,5.0,1.0,,19.333333333333332,19.002
2004,CL,横浜DeNAベイスターズ,81785117,河野　友軌,Y.Kouno,30.0,20.0,20.0,2.0,5.0,0.0,1.0,0.0,7.0,0.0,0.0,0,0.0,0.0,0.0,0,0.0,7.0,0.0,0.25,0.25,0.35,0.6,4.0,0.09999999999999998,0.0,0.35,0.0,35.0,0.0,0.38461538461538464,0.2,366.66666666666663,0.1,0.4666666666666667,0.25,5.0,0.0,0.0,30.0,20.0,20.0,4.0,0.0,1.0,2.0,0.25,0.35,0.0,0,0.0,,7.0,0.0,0,0.0,0.0,,1.75,1.57
2004,CL,阪神タイガース,81983888,福原　忍,S.Fukuhara,29.0,63.0,57.0,4.0,7.0,1.0,0.0,1.0,11.0,3.0,0.0,0,4.0,0.0,2.0,0,0.0,32.0,1.0,0.123,0.153,0.193,0.346,5.0,0.07,0.03,0.223,3.1746031746031744,50.79365079365079,0.0625,0.25,0.1171,217.33333333333331,0.10526315789473684,0.2549019607843137,0.123,7.0,1.0,3.0,29.0,63.0,57.0,5.0,1.0,0.0,4.0,0.153,0.193,2.0,0,0.0,,11.0,0.0,0,4.0,0.0,,1.6779661016949152,0.41999999999999993
2004,CL,東京ヤクルトスワローズ,81985111,野口　祥順,Y.Noguchi,49.0,82.0,69.0,12.0,16.0,2.0,2.0,4.0,34.0,13.0,6,2,2.0,1.0,9.0,0,1.0,21.0,2.0,0.232,0.325,0.493,0.8180000000000001,8.0,0.261,0.093,0.5860000000000001,10.975609756097562,25.609756097560975,0.42857142857142855,0.26666666666666666,0.2695,489.3333333333333,0.42028985507246375,0.8363636363636363,0.232,16.0,4.0,13.0,49.0,82.0,69.0,8.0,2.0,2.0,12.0,0.325,0.493,9.0,0,1.0,,34.0,6,2,2.0,1.0,,10.897435897435898,11.745999999999999
2004,CL,阪神タイガース,81985117,三東　洋,H.Santou,22.0,16.0,15.0,2.0,4.0,0.0,0.0,0.0,4.0,2.0,0.0,0,1.0,0.0,0.0,0,0.0,8.0,0.0,0.267,0.267,0.267,0.534,4.0,0.0,0.0,0.267,0.0,50.0,0.0,0.5714285714285714,0.1869,356.00000000000006,0.0,0.36363636363636365,0.267,4.0,0.0,2.0,22.0,16.0,15.0,4.0,0.0,0.0,2.0,0.267,0.267,0.0,0,0.0,,4.0,0.0,0,1.0,0.0,,1.0666666666666667,0.9219999999999999
2004,CL,読売ジャイアンツ,83385113,B.シコースキー,B.Sikorski,62.0,3.0,3.0,0.0,0.0,0.0,0.0,0.0,0.0,0.0,0.0,0,0.0,0.0,0.0,0,0.0,2.0,0.0,0.0,0.0,0.0,0.0,0.0,0.0,0.0,0.0,0.0,66.66666666666666,0.0,0.0,0.0,0.0,0.0,0.0,0.0,0.0,0.0,0.0,62.0,3.0,3.0,0.0,0.0,0.0,0.0,0.0,0.0,0.0,0,0.0,,0.0,0.0,0,0.0,0.0,,0.0,-0.29400000000000004
2004,CL,中日ドラゴンズ,85583868,谷繁　元信,M.Tanishige,121.0,472.0,408.0,47.0,106.0,11.0,0.0,18.0,171.0,68.0,1,0,11.0,6.0,42.0,0,5.0,92.0,10.0,0.26,0.332,0.419,0.751,77.0,0.15899999999999997,0.07200000000000001,0.491,8.898305084745763,19.491525423728813,0.45652173913043476,0.2894736842105263,0.25415,471.6666666666667,0.2622549019607843,0.6987179487179487,0.26,106.0,18.0,68.0,121.0,472.0,408.0,77.0,11.0,0.0,47.0,0.332,0.419,42.0,0,5.0,,171.0,1,0,11.0,6.0,,56.24,58.254000000000005
2004,CL,東京ヤクルトスワローズ,91095111,藤井　秀悟,S.Fujii,16.0,30.0,26.0,1.0,4.0,0.0,0.0,0.0,4.0,1.0,0.0,0,1.0,0.0,3.0,0,0.0,15.0,0.0,0.154,0.241,0.154,0.395,4.0,0.0,0.087,0.241,10.0,50.0,0.2,0.36363636363636365,0.14695,292.3333333333333,0.11538461538461539,0.3181818181818182,0.154,4.0,0.0,1.0,16.0,30.0,26.0,4.0,0.0,0.0,1.0,0.241,0.154,3.0,0,0.0,,4.0,0.0,0,1.0,0.0,,0.9655172413793104,0.8340000000000001
2004,CL,中日ドラゴンズ,91095113,仲澤　忠厚,T.Nakazawa,10.0,6.0,6.0,0.0,1.0,0.0,0.0,0.0,1.0,2.0,0.0,0,0.0,0.0,0.0,0,0.0,2.0,1.0,0.167,0.167,0.167,0.334,1.0,0.0,0.0,0.167,0.0,33.33333333333333,0.0,0.25,0.1169,222.66666666666669,0.0,0.16666666666666666,0.167,1.0,0.0,2.0,10.0,6.0,6.0,1.0,0.0,0.0,0.0,0.167,0.167,0.0,0,0.0,,1.0,0.0,0,0.0,0.0,,0.16666666666666666,0.010000000000000009
2004,CL,東京ヤクルトスワローズ,91193880,稲葉　篤紀,A.Inaba,135.0,473.0,437.0,61.0,116.0,20.0,3.0,18.0,196.0,45.0,6,3,5.0,2.0,23.0,0,6.0,85.0,3.0,0.265,0.31,0.449,0.759,75.0,0.184,0.044999999999999984,0.494,4.862579281183932,17.970401691331926,0.27058823529411763,0.2916666666666667,0.25175000000000003,459.6666666666667,0.2425629290617849,0.7037037037037037,0.265,116.0,18.0,45.0,135.0,473.0,437.0,75.0,20.0,3.0,61.0,0.31,0.449,23.0,0,6.0,,196.0,6,3,5.0,2.0,,59.22608695652174,59.592
2004,CL,東京ヤクルトスワローズ,91193886,五十嵐　亮太,R.Igarashi,66.0,1.0,1.0,0.0,0.0,0.0,0.0,0.0,0.0,0.0,0.0,0,0.0,0.0,0.0,0,0.0,1.0,0.0,0.0,0.0,0.0,0.0,0.0,0.0,0.0,0.0,0.0,100.0,0.0,nan,0.0,0.0,0.0,0.0,0.0,0.0,0.0,0.0,66.0,1.0,1.0,0.0,0.0,0.0,0.0,0.0,0.0,0.0,0,0.0,,0.0,0.0,0,0.0,0.0,,0.0,-0.098
2004,CL,阪神タイガース,91195113,赤星　憲広,N.Akahoshi,138.0,633.0,570.0,96.0,171.0,20.0,6.0,0.0,203.0,30.0,64,12,11.0,1.0,49.0,0,1.0,85.0,3.0,0.3,0.356,0.356,0.712,145.0,0.055999999999999994,0.055999999999999994,0.412,7.740916271721959,13.428120063191153,0.5764705882352941,0.35185185185185186,0.2492,474.66666666666663,0.1631578947368421,0.6592039800995025,0.3,171.0,0.0,30.0,138.0,633.0,570.0,145.0,20.0,6.0,96.0,0.356,0.356,49.0,0,1.0,,203.0,64,12,11.0,1.0,,72.1486268174475,72.698
2004,CL,広島東洋カープ,91195115,天野　浩一,K.Amano,45.0,1.0,1.0,0.0,0.0,0.0,0.0,0.0,0.0,0.0,0.0,0,0.0,0.0,0.0,0,0.0,1.0,0.0,0.0,0.0,0.0,0.0,0.0,0.0,0.0,0.0,0.0,100.0,0.0,nan,0.0,0.0,0.0,0.0,0.0,0.0,0.0,0.0,45.0,1.0,1.0,0.0,0.0,0.0,0.0,0.0,0.0,0.0,0,0.0,,0.0,0.0,0,0.0,0.0,,0.0,-0.098
2004,CL,阪神タイガース,91293881,野口　寿浩,T.Noguchi,24.0,34.0,31.0,2.0,7.0,0.0,0.0,0.0,7.0,2.0,2,0,0.0,1.0,2.0,0,0.0,8.0,0.0,0.226,0.265,0.226,0.491,7.0,0.0,0.03900000000000001,0.265,5.88235294117647,23.52941176470588,0.25,0.2916666666666667,0.17575000000000002,340.33333333333337,0.06451612903225806,0.375,0.226,7.0,0.0,2.0,24.0,34.0,31.0,7.0,0.0,0.0,2.0,0.265,0.226,2.0,0,0.0,,7.0,2,0,0.0,1.0,,1.9090909090909092,1.8079999999999998
2004,CL,中日ドラゴンズ,91293886,平松　一宏,K.Hiramatsu,3.0,3.0,3.0,0.0,0.0,0.0,0.0,0.0,0.0,0.0,0.0,0,0.0,0.0,0.0,0,0.0,2.0,0.0,0.0,0.0,0.0,0.0,0.0,0.0,0.0,0.0,0.0,66.66666666666666,0.0,0.0,0.0,0.0,0.0,0.0,0.0,0.0,0.0,0.0,3.0,3.0,3.0,0.0,0.0,0.0,0.0,0.0,0.0,0.0,0,0.0,,0.0,0.0,0,0.0,0.0,,0.0,-0.29400000000000004
2004,CL,東京ヤクルトスワローズ,91293887,真中　満,M.Manaka,91.0,268.0,246.0,36.0,67.0,7.0,2.0,4.0,90.0,20.0,1,3,5.0,0.0,17.0,0,0.0,34.0,2.0,0.272,0.319,0.366,0.685,54.0,0.09399999999999997,0.046999999999999986,0.413,6.343283582089552,12.686567164179104,0.5,0.30288461538461536,0.23505,441.0,0.17479674796747968,0.6077348066298343,0.272,67.0,4.0,20.0,91.0,268.0,246.0,54.0,7.0,2.0,36.0,0.319,0.366,17.0,0,0.0,,90.0,1,3,5.0,0.0,,28.745247148288975,28.487999999999992
2004,CL,東京ヤクルトスワローズ,91293889,度会　博文,H.Watarai,56.0,64.0,60.0,1.0,17.0,4.0,0.0,0.0,21.0,11.0,0,1,0.0,1.0,2.0,0,1.0,14.0,1.0,0.283,0.312,0.35,0.6619999999999999,13.0,0.067,0.029000000000000026,0.379,3.125,21.875,0.14285714285714285,0.3617021276595745,0.2279,428.66666666666663,0.11666666666666667,0.5681818181818182,0.283,17.0,0.0,11.0,56.0,64.0,60.0,13.0,4.0,0.0,1.0,0.312,0.35,2.0,0,1.0,,21.0,0,1,0.0,1.0,,6.435483870967742,6.3359999999999985
2004,CL,横浜DeNAベイスターズ,91295117,龍太郎,R.Ryoutarou（doi,16.0,7.0,7.0,0.0,1.0,0.0,0.0,0.0,1.0,1.0,0.0,0,0.0,0.0,0.0,0,0.0,3.0,0.0,0.143,0.143,0.143,0.286,1.0,0.0,0.0,0.143,0.0,42.857142857142854,0.0,0.25,0.1001,190.66666666666666,0.0,0.16666666666666666,0.143,1.0,0.0,1.0,16.0,7.0,7.0,1.0,0.0,0.0,0.0,0.143,0.143,0.0,0,0.0,,1.0,0.0,0,0.0,0.0,,0.14285714285714285,-0.08800000000000008
2004,CL,読売ジャイアンツ,91393882,カツノリ,K.Katsunori（nomura,3.0,5.0,3.0,0.0,1.0,0.0,0.0,0.0,1.0,1.0,0.0,0,0.0,1.0,1.0,0,0.0,0.0,0.0,0.333,0.4,0.333,0.7330000000000001,1.0,0.0,0.067,0.4,20.0,0.0,nan,0.25,0.26325000000000004,511.0,0.3333333333333333,1.0,0.333,1.0,0.0,1.0,3.0,5.0,3.0,1.0,0.0,0.0,0.0,0.4,0.333,1.0,0,0.0,,1.0,0.0,0,0.0,1.0,,0.5,0.6340000000000001
2004,CL,読売ジャイアンツ,91393886,小田　幸平,K.Oda,24.0,67.0,62.0,6.0,16.0,3.0,0.0,1.0,22.0,6.0,0.0,0,2.0,0.0,2.0,0,1.0,12.0,2.0,0.258,0.292,0.355,0.647,12.0,0.09699999999999998,0.033999999999999975,0.3889999999999999,2.9850746268656714,17.91044776119403,0.16666666666666666,0.30612244897959184,0.22014999999999998,410.3333333333333,0.12903225806451613,0.5208333333333334,0.258,16.0,1.0,6.0,24.0,67.0,62.0,12.0,3.0,0.0,6.0,0.292,0.355,2.0,0,1.0,,22.0,0.0,0,2.0,0.0,,6.1875,6.082
2004,CL,広島東洋カープ,91393888,小山田　保裕,Y.Oyamada,22.0,28.0,23.0,1.0,1.0,0.0,0.0,0.0,1.0,0.0,0.0,0,1.0,0.0,4.0,0,0.0,9.0,0.0,0.043,0.185,0.043,0.22799999999999998,1.0,0.0,0.14200000000000002,0.185,14.285714285714285,32.142857142857146,0.4444444444444444,0.07142857142857142,0.094,199.33333333333334,0.17391304347826086,0.22727272727272727,0.043,1.0,0.0,0.0,22.0,28.0,23.0,1.0,0.0,0.0,1.0,0.185,0.043,4.0,0,0.0,,1.0,0.0,0,1.0,0.0,,0.18518518518518517,-0.3360000000000001
2004,CL,阪神タイガース,91395111,上坂　太一郎,T.Kamisaka,17.0,23.0,22.0,4.0,6.0,0.0,0.0,0.0,6.0,0.0,1.0,1,0.0,0.0,1.0,0,0.0,3.0,0.0,0.273,0.304,0.273,0.577,6.0,0.0,0.030999999999999972,0.304,4.3478260869565215,13.043478260869565,0.3333333333333333,0.3157894736842105,0.20505,395.0,0.09090909090909091,0.5,0.273,6.0,0.0,0.0,17.0,23.0,22.0,6.0,0.0,0.0,4.0,0.304,0.273,1.0,0,0.0,,6.0,1.0,1,0.0,0.0,,1.826086956521739,1.9420000000000002
2004,CL,広島東洋カープ,91493885,町田　公二郎,K.Machida,7.0,7.0,6.0,0.0,1.0,0.0,0.0,0.0,1.0,0.0,0.0,0,0.0,0.0,0.0,0,1.0,2.0,0.0,0.167,0.286,0.167,0.45299999999999996,1.0,0.0,0.11899999999999997,0.286,0.0,28.57142857142857,0.0,0.25,0.17045,341.6666666666667,0.0,0.4,0.167,1.0,0.0,0.0,7.0,7.0,6.0,1.0,0.0,0.0,0.0,0.286,0.167,0.0,0,1.0,,1.0,0.0,0,0.0,0.0,,0.16666666666666666,0.3400000000000001
2004,CL,中日ドラゴンズ,91495115,前田　章宏,A.Maeda,6.0,2.0,2.0,0.0,0.0,0.0,0.0,0.0,0.0,0.0,0.0,0,0.0,0.0,0.0,0,0.0,1.0,0.0,0.0,0.0,0.0,0.0,0.0,0.0,0.0,0.0,0.0,50.0,0.0,0.0,0.0,0.0,0.0,0.0,0.0,0.0,0.0,0.0,6.0,2.0,2.0,0.0,0.0,0.0,0.0,0.0,0.0,0.0,0,0.0,,0.0,0.0,0,0.0,0.0,,0.0,-0.196
2004,CL,読売ジャイアンツ,91593882,清水　崇行,T.Shimizu,135.0,607.0,578.0,86.0,178.0,39.0,0.0,16.0,265.0,60.0,4,2,1.0,1.0,22.0,0,5.0,65.0,9.0,0.308,0.338,0.458,0.796,123.0,0.15000000000000002,0.030000000000000027,0.488,3.6243822075782535,10.70840197693575,0.3384615384615385,0.3253012048192771,0.2666,490.6666666666667,0.19204152249134948,0.7188264058679706,0.308,178.0,16.0,60.0,135.0,607.0,578.0,123.0,39.0,0.0,86.0,0.338,0.458,22.0,0,5.0,,265.0,4,2,1.0,1.0,,88.33333333333333,82.69
2004,CL,横浜DeNAベイスターズ,91593888,金城　龍彦,T.Kinjou,133.0,527.0,486.0,53.0,147.0,15.0,2.0,13.0,205.0,52.0,0,5,6.0,0.0,29.0,0,6.0,74.0,12.0,0.302,0.349,0.422,0.7709999999999999,117.0,0.12,0.046999999999999986,0.469,5.502846299810247,14.041745730550284,0.3918918918918919,0.3358395989974937,0.26255,489.66666666666663,0.18930041152263374,0.698005698005698,0.302,147.0,13.0,52.0,133.0,527.0,486.0,117.0,15.0,2.0,53.0,0.349,0.422,29.0,0,6.0,,205.0,0,5,6.0,0.0,,70.05825242718447,69.328
2004,CL,広島東洋カープ,91595111,佐竹　健太,K.Satake,32.0,0.0,0.0,0.0,0.0,0.0,0.0,0.0,0.0,0.0,0.0,0,0.0,0.0,0.0,0,0.0,0.0,0.0,,,,0.0,0.0,0.0,0.0,,nan,nan,nan,nan,0.0,0.0,nan,nan,,0.0,0.0,0.0,32.0,0.0,0.0,0.0,0.0,0.0,0.0,,,0.0,0,0.0,,0.0,0.0,0,0.0,0.0,,nan,0.0
2004,CL,東京ヤクルトスワローズ,91595115,梶本　勇介,Y.Kajimoto,2.0,1.0,1.0,1.0,0.0,0.0,0.0,0.0,0.0,0.0,0.0,0,0.0,0.0,0.0,0,0.0,1.0,0.0,0.0,0.0,0.0,0.0,0.0,0.0,0.0,0.0,0.0,100.0,0.0,nan,0.0,0.0,0.0,0.0,0.0,0.0,0.0,0.0,2.0,1.0,1.0,0.0,0.0,0.0,1.0,0.0,0.0,0.0,0,0.0,,0.0,0.0,0,0.0,0.0,,0.0,-0.098
2004,CL,読売ジャイアンツ,91693882,T.ローズ,T.Rhodes,134.0,601.0,523.0,95.0,150.0,17.0,0.0,45.0,302.0,99.0,3,1,0.0,1.0,72.0,0,5.0,147.0,16.0,0.287,0.378,0.577,0.955,88.0,0.29,0.09100000000000003,0.6679999999999999,11.980033277870216,24.459234608985025,0.4897959183673469,0.31626506024096385,0.31435,570.3333333333334,0.43021032504780116,0.9768637532133676,0.287,150.0,45.0,99.0,134.0,601.0,523.0,88.0,17.0,0.0,95.0,0.378,0.577,72.0,0,5.0,,302.0,3,1,0.0,1.0,,112.67899159663865,110.076
2004,CL,広島東洋カープ,91695119,G.ラロッカ,G.Larocca,122.0,513.0,436.0,89.0,143.0,28.0,2.0,40.0,295.0,101.0,11,7,0.0,2.0,52.0,0,23.0,66.0,12.0,0.328,0.425,0.677,1.102,73.0,0.34900000000000003,0.09699999999999998,0.774,10.1364522417154,12.865497076023392,0.7878787878787878,0.3102409638554217,0.36050000000000004,650.6666666666667,0.48394495412844035,1.2360655737704918,0.328,143.0,40.0,101.0,122.0,513.0,436.0,73.0,28.0,2.0,89.0,0.425,0.677,52.0,0,23.0,,295.0,11,7,0.0,2.0,,117.87909836065573,113.63599999999997
2004,CL,阪神タイガース,91793880,秀太,S.Shuuta（tanaka,27.0,12.0,8.0,5.0,1.0,0.0,0.0,1.0,4.0,1.0,1.0,1,1.0,0.0,3.0,0,0.0,4.0,0.0,0.125,0.364,0.5,0.864,0.0,0.375,0.239,0.739,25.0,33.33333333333333,0.75,0.0,0.2888,530.6666666666666,0.875,1.1428571428571428,0.125,1.0,1.0,1.0,27.0,12.0,8.0,0.0,0.0,0.0,5.0,0.364,0.5,3.0,0,0.0,,4.0,1.0,1,1.0,0.0,,1.4545454545454546,1.924
2004,CL,広島東洋カープ,91793882,玉木　重雄,S.Tamaki,37.0,0.0,0.0,0.0,0.0,0.0,0.0,0.0,0.0,0.0,0.0,0,0.0,0.0,0.0,0,0.0,0.0,0.0,,,,0.0,0.0,0.0,0.0,,nan,nan,nan,nan,0.0,0.0,nan,nan,,0.0,0.0,0.0,37.0,0.0,0.0,0.0,0.0,0.0,0.0,,,0.0,0,0.0,,0.0,0.0,0,0.0,0.0,,nan,0.0
2004,CL,横浜DeNAベイスターズ,91795117,北川　隼行,T.Kitagawa,8.0,16.0,16.0,0.0,4.0,0.0,0.0,0.0,4.0,0.0,0.0,0,0.0,0.0,0.0,0,0.0,5.0,0.0,0.25,0.25,0.25,0.5,4.0,0.0,0.0,0.25,0.0,31.25,0.0,0.36363636363636365,0.175,333.3333333333333,0.0,0.3333333333333333,0.25,4.0,0.0,0.0,8.0,16.0,16.0,4.0,0.0,0.0,0.0,0.25,0.25,0.0,0,0.0,,4.0,0.0,0,0.0,0.0,,1.0,0.8239999999999998
2004,CL,阪神タイガース,91993882,早川　健一郎,K.Hayakawa,3.0,7.0,5.0,1.0,1.0,0.0,0.0,0.0,1.0,1.0,0.0,0,0.0,0.0,2.0,0,0.0,2.0,0.0,0.2,0.429,0.2,0.629,1.0,0.0,0.22899999999999998,0.429,28.57142857142857,28.57142857142857,1.0,0.3333333333333333,0.24305,495.66666666666663,0.4,0.75,0.2,1.0,0.0,1.0,3.0,7.0,5.0,1.0,0.0,0.0,1.0,0.429,0.2,2.0,0,0.0,,1.0,0.0,0,0.0,0.0,,0.42857142857142855,0.7680000000000001
2004,CL,阪神タイガース,91995119,筒井　和也,K.Tsutsui,1.0,2.0,2.0,0.0,0.0,0.0,0.0,0.0,0.0,0.0,0.0,0,0.0,0.0,0.0,0,0.0,2.0,0.0,0.0,0.0,0.0,0.0,0.0,0.0,0.0,0.0,0.0,100.0,0.0,nan,0.0,0.0,0.0,0.0,0.0,0.0,0.0,0.0,1.0,2.0,2.0,0.0,0.0,0.0,0.0,0.0,0.0,0.0,0,0.0,,0.0,0.0,0,0.0,0.0,,0.0,-0.196
2004,CL,横浜DeNAベイスターズ,93193883,鈴木尚,T.Suzukitaka（suzuki,80.0,168.0,150.0,18.0,40.0,9.0,0.0,1.0,52.0,21.0,1,0,2.0,4.0,9.0,0,3.0,25.0,7.0,0.267,0.313,0.347,0.6599999999999999,30.0,0.07999999999999996,0.045999999999999985,0.3929999999999999,5.357142857142857,14.880952380952381,0.36,0.3046875,0.2276,428.66666666666663,0.14,0.5470085470085471,0.267,40.0,1.0,21.0,80.0,168.0,150.0,30.0,9.0,0.0,18.0,0.313,0.347,9.0,0,3.0,,52.0,1,0,2.0,4.0,,16.0251572327044,16.1
2004,CL,東京ヤクルトスワローズ,93395117,J.ベバリン,J.Beverlin,22.0,47.0,45.0,3.0,6.0,0.0,0.0,1.0,9.0,1.0,0.0,0,2.0,0.0,0.0,0,0.0,15.0,1.0,0.133,0.133,0.2,0.333,5.0,0.067,0.0,0.2,0.0,31.914893617021278,0.0,0.1724137931034483,0.10985,199.66666666666666,0.06666666666666667,0.225,0.133,6.0,1.0,1.0,22.0,47.0,45.0,5.0,0.0,0.0,3.0,0.133,0.2,0.0,0,0.0,,9.0,0.0,0,2.0,0.0,,1.2,0.11799999999999988
