year,league,team,player_id,player_name_ja,player_name_en,G,PA,AB,R,H,2B,3B,HR,TB,RBI,SB,CS,SH,SF,BB,IBB,HBP,SO,GDP,AVG,OBP,SLG,OPS,1B,IsoP,IsoD,IOPS,BB%,K%,BB/K,BABIP,GPA,NOI,SecA,TA,打率,安打,本塁打,打点,試合,打席,打数,単打,二塁打,三塁打,得点,出塁率,長打率,四球,敬遠,死球,三振,塁打,盗塁,盗塁死,犠打,犠飛,併殺打,RC,XR
2000,PL,オリックスブルーウェーブ,1003889,柳沢　裕一,Y.Yanagisawa,9.0,3.0,2.0,0.0,0.0,0.0,0.0,0.0,0.0,0.0,0.0,0,1.0,0.0,0.0,0,0.0,1.0,0.0,0.0,0.0,0.0,0.0,0.0,0.0,0.0,0.0,0.0,33.33333333333333,0.0,0.0,0.0,0.0,0.0,0.0,0.0,0.0,0.0,0.0,9.0,3.0,2.0,0.0,0.0,0.0,0.0,0.0,0.0,0.0,0,0.0,,0.0,0.0,0,1.0,0.0,,0.0,-0.196
2000,PL,近鉄バファローズ,11013880,丸尾　英司,E.Maruo,19.0,0.0,0.0,0.0,0.0,0.0,0.0,0.0,0.0,0.0,0.0,0,0.0,0.0,0.0,0,0.0,0.0,0.0,,,,0.0,0.0,0.0,0.0,,nan,nan,nan,nan,0.0,0.0,nan,nan,,0.0,0.0,0.0,19.0,0.0,0.0,0.0,0.0,0.0,0.0,,,0.0,0,0.0,,0.0,0.0,0,0.0,0.0,,nan,0.0
2000,PL,近鉄バファローズ,11013882,平下　晃司,K.Hirashita,76.0,231.0,200.0,34.0,51.0,6.0,4.0,1.0,68.0,18.0,8,1,15.0,1.0,13.0,0,2.0,42.0,0.0,0.255,0.306,0.34,0.646,40.0,0.08500000000000002,0.05099999999999999,0.391,5.627705627705628,18.181818181818183,0.30952380952380953,0.31645569620253167,0.2227,419.3333333333333,0.155,0.5637583892617449,0.255,51.0,1.0,18.0,76.0,231.0,200.0,40.0,6.0,4.0,34.0,0.306,0.34,13.0,0,2.0,,68.0,8,1,15.0,1.0,,20.431924882629108,20.448000000000004
2000,PL,千葉ロッテマリーンズ,11013886,寺村　友和,T.Teramura,1.0,0.0,0.0,0.0,0.0,0.0,0.0,0.0,0.0,0.0,0.0,0,0.0,0.0,0.0,0,0.0,0.0,0.0,,,,0.0,0.0,0.0,0.0,,nan,nan,nan,nan,0.0,0.0,nan,nan,,0.0,0.0,0.0,1.0,0.0,0.0,0.0,0.0,0.0,0.0,,,0.0,0,0.0,,0.0,0.0,0,0.0,0.0,,nan,0.0
2000,PL,千葉ロッテマリーンズ,11013887,成本　年秀,T.Narimoto,1.0,0.0,0.0,0.0,0.0,0.0,0.0,0.0,0.0,0.0,0.0,0,0.0,0.0,0.0,0,0.0,0.0,0.0,,,,0.0,0.0,0.0,0.0,,nan,nan,nan,nan,0.0,0.0,nan,nan,,0.0,0.0,0.0,1.0,0.0,0.0,0.0,0.0,0.0,0.0,,,0.0,0,0.0,,0.0,0.0,0,0.0,0.0,,nan,0.0
2000,PL,近鉄バファローズ,11013889,的山　哲也,T.Matoyama,87.0,185.0,151.0,18.0,26.0,3.0,0.0,3.0,38.0,16.0,3,1,14.0,2.0,18.0,0,0.0,32.0,1.0,0.172,0.257,0.252,0.509,20.0,0.08000000000000002,0.08500000000000002,0.337,9.72972972972973,17.2972972972973,0.5625,0.19491525423728814,0.17865,341.0,0.2052980132450331,0.4523809523809524,0.172,26.0,3.0,16.0,87.0,185.0,151.0,20.0,3.0,0.0,18.0,0.257,0.252,18.0,0,0.0,,38.0,3,1,14.0,2.0,,9.893491124260356,10.350000000000001
2000,PL,近鉄バファローズ,1103884,礒部　公一,K.Isobe,94.0,359.0,318.0,41.0,99.0,18.0,5.0,6.0,145.0,33.0,0.0,0,10.0,2.0,26.0,0,3.0,26.0,9.0,0.311,0.367,0.456,0.823,70.0,0.14500000000000002,0.055999999999999994,0.512,7.242339832869081,7.242339832869081,1.0,0.3229166666666667,0.27915,519.0,0.22641509433962265,0.7631578947368421,0.311,99.0,6.0,33.0,94.0,359.0,318.0,70.0,18.0,5.0,41.0,0.367,0.456,26.0,0,3.0,,145.0,0.0,0,10.0,2.0,,52.68895348837209,49.908
2000,PL,埼玉西武ライオンズ,1103885,井手元　健一朗,K.Idemoto,2.0,0.0,0.0,0.0,0.0,0.0,0.0,0.0,0.0,0.0,0.0,0,0.0,0.0,0.0,0,0.0,0.0,0.0,,,,0.0,0.0,0.0,0.0,,nan,nan,nan,nan,0.0,0.0,nan,nan,,0.0,0.0,0.0,2.0,0.0,0.0,0.0,0.0,0.0,0.0,,,0.0,0,0.0,,0.0,0.0,0,0.0,0.0,,nan,0.0
2000,PL,北海道日本ハムファイターズ,11213881,西　俊児,S.Nishi,4.0,8.0,6.0,0.0,1.0,0.0,0.0,0.0,1.0,1.0,0.0,0,0.0,1.0,1.0,0,0.0,1.0,1.0,0.167,0.25,0.167,0.41700000000000004,1.0,0.0,0.08299999999999999,0.25,12.5,12.5,1.0,0.16666666666666666,0.15425,305.66666666666663,0.16666666666666666,0.3333333333333333,0.167,1.0,0.0,1.0,4.0,8.0,6.0,1.0,0.0,0.0,0.0,0.25,0.167,1.0,0,0.0,,1.0,0.0,0,0.0,1.0,,0.2857142857142857,0.3400000000000001
2000,PL,北海道日本ハムファイターズ,11213883,小牧　雄一,Y.Komaki,3.0,3.0,3.0,0.0,0.0,0.0,0.0,0.0,0.0,0.0,0.0,0,0.0,0.0,0.0,0,0.0,0.0,0.0,0.0,0.0,0.0,0.0,0.0,0.0,0.0,0.0,0.0,0.0,nan,0.0,0.0,0.0,0.0,0.0,0.0,0.0,0.0,0.0,3.0,3.0,3.0,0.0,0.0,0.0,0.0,0.0,0.0,0.0,0,0.0,,0.0,0.0,0,0.0,0.0,,0.0,-0.29400000000000004
2000,PL,福岡ソフトバンクホークス,11213888,松　修康,N.Matsu,3.0,0.0,0.0,0.0,0.0,0.0,0.0,0.0,0.0,0.0,0.0,0,0.0,0.0,0.0,0,0.0,0.0,0.0,,,,0.0,0.0,0.0,0.0,,nan,nan,nan,nan,0.0,0.0,nan,nan,,0.0,0.0,0.0,3.0,0.0,0.0,0.0,0.0,0.0,0.0,,,0.0,0,0.0,,0.0,0.0,0,0.0,0.0,,nan,0.0
2000,PL,オリックスブルーウェーブ,11313880,嘉㔟　敏弘,T.Kase,27.0,5.0,4.0,1.0,0.0,0.0,0.0,0.0,0.0,0.0,0.0,0,0.0,0.0,1.0,0,0.0,2.0,0.0,0.0,0.2,0.0,0.2,0.0,0.0,0.2,0.2,20.0,40.0,0.5,0.0,0.09000000000000001,200.0,0.25,0.25,0.0,0.0,0.0,0.0,27.0,5.0,4.0,0.0,0.0,0.0,1.0,0.2,0.0,1.0,0,0.0,,0.0,0.0,0,0.0,0.0,,0.0,-0.062
2000,PL,オリックスブルーウェーブ,11313887,小倉　恒,H.Ogura,48.0,0.0,0.0,0.0,0.0,0.0,0.0,0.0,0.0,0.0,0.0,0,0.0,0.0,0.0,0,0.0,0.0,0.0,,,,0.0,0.0,0.0,0.0,,nan,nan,nan,nan,0.0,0.0,nan,nan,,0.0,0.0,0.0,48.0,0.0,0.0,0.0,0.0,0.0,0.0,,,0.0,0,0.0,,0.0,0.0,0,0.0,0.0,,nan,0.0
2000,PL,近鉄バファローズ,11313889,大村　直之,N.Oomura,124.0,420.0,366.0,45.0,93.0,17.0,5.0,3.0,129.0,44.0,7,8,25.0,4.0,24.0,0,1.0,38.0,6.0,0.254,0.299,0.352,0.651,68.0,0.09799999999999998,0.044999999999999984,0.3969999999999999,5.714285714285714,9.047619047619047,0.631578947368421,0.2735562310030395,0.22255,416.3333333333333,0.18579234972677597,0.5806451612903226,0.254,93.0,3.0,44.0,124.0,420.0,366.0,68.0,17.0,5.0,45.0,0.299,0.352,24.0,0,1.0,,129.0,7,8,25.0,4.0,,38.7,38.696
2000,PL,近鉄バファローズ,11413886,真木　将樹,M.Maki,15.0,0.0,0.0,0.0,0.0,0.0,0.0,0.0,0.0,0.0,0.0,0,0.0,0.0,0.0,0,0.0,0.0,0.0,,,,0.0,0.0,0.0,0.0,,nan,nan,nan,nan,0.0,0.0,nan,nan,,0.0,0.0,0.0,15.0,0.0,0.0,0.0,0.0,0.0,0.0,,,0.0,0,0.0,,0.0,0.0,0,0.0,0.0,,nan,0.0
2000,PL,福岡ソフトバンクホークス,11513886,木村　茂,S.Kimura,1.0,0.0,0.0,0.0,0.0,0.0,0.0,0.0,0.0,0.0,0.0,0,0.0,0.0,0.0,0,0.0,0.0,0.0,,,,0.0,0.0,0.0,0.0,,nan,nan,nan,nan,0.0,0.0,nan,nan,,0.0,0.0,0.0,1.0,0.0,0.0,0.0,0.0,0.0,0.0,,,0.0,0,0.0,,0.0,0.0,0,0.0,0.0,,nan,0.0
2000,PL,オリックスブルーウェーブ,11513888,川越　英隆,H.Kawagoe,15.0,0.0,0.0,0.0,0.0,0.0,0.0,0.0,0.0,0.0,0.0,0,0.0,0.0,0.0,0,0.0,0.0,0.0,,,,0.0,0.0,0.0,0.0,,nan,nan,nan,nan,0.0,0.0,nan,nan,,0.0,0.0,0.0,15.0,0.0,0.0,0.0,0.0,0.0,0.0,,,0.0,0,0.0,,0.0,0.0,0,0.0,0.0,,nan,0.0
2000,PL,福岡ソフトバンクホークス,11613883,村松　有人,A.Muramatsu,128.0,365.0,321.0,45.0,83.0,8.0,6.0,1.0,106.0,24.0,11,4,16.0,0.0,26.0,0,2.0,35.0,3.0,0.259,0.318,0.33,0.648,68.0,0.07100000000000001,0.059,0.389,7.123287671232877,9.58904109589041,0.7428571428571429,0.28771929824561404,0.22560000000000002,428.0,0.16510903426791276,0.5726141078838174,0.259,83.0,1.0,24.0,128.0,365.0,321.0,68.0,8.0,6.0,45.0,0.318,0.33,26.0,0,2.0,,106.0,11,4,16.0,0.0,,33.29682997118156,34.07599999999999
2000,PL,福岡ソフトバンクホークス,11613885,森山　一人,K.Moriyama,7.0,8.0,8.0,1.0,1.0,0.0,0.0,1.0,4.0,2.0,0.0,0,0.0,0.0,0.0,0,0.0,6.0,0.0,0.125,0.125,0.5,0.625,0.0,0.375,0.0,0.5,0.0,75.0,0.0,0.0,0.18125,291.66666666666663,0.375,0.5714285714285714,0.125,1.0,1.0,2.0,7.0,8.0,8.0,0.0,0.0,0.0,1.0,0.125,0.5,0.0,0,0.0,,4.0,0.0,0,0.0,0.0,,0.5,0.7539999999999999
2000,PL,近鉄バファローズ,11615111,A.エイバッド,A.Abad,32.0,102.0,92.0,7.0,15.0,1.0,0.0,4.0,28.0,13.0,0.0,0,0.0,1.0,9.0,0,0.0,17.0,1.0,0.163,0.235,0.304,0.5389999999999999,10.0,0.141,0.07199999999999998,0.376,8.823529411764707,16.666666666666664,0.5294117647058824,0.1527777777777778,0.18175,336.3333333333333,0.2391304347826087,0.47435897435897434,0.163,15.0,4.0,13.0,32.0,102.0,92.0,10.0,1.0,0.0,7.0,0.235,0.304,9.0,0,0.0,,28.0,0.0,0,0.0,1.0,,6.653465346534653,6.904000000000001
2000,PL,埼玉西武ライオンズ,11713882,髙木　大成,T.Takagi,94.0,374.0,316.0,47.0,74.0,18.0,2.0,9.0,123.0,44.0,3,4,9.0,0.0,47.0,0,2.0,66.0,3.0,0.234,0.337,0.389,0.726,45.0,0.155,0.10300000000000001,0.492,12.566844919786096,17.647058823529413,0.7121212121212122,0.2697095435684647,0.2489,466.6666666666667,0.31645569620253167,0.7183673469387755,0.234,74.0,9.0,44.0,94.0,374.0,316.0,45.0,18.0,2.0,47.0,0.337,0.389,47.0,0,2.0,,123.0,3,4,9.0,0.0,,41.0,43.674
2000,PL,オリックスブルーウェーブ,11713884,佐竹　学,M.Satake,55.0,83.0,75.0,14.0,16.0,6.0,1.0,2.0,30.0,10.0,1,2,1.0,1.0,5.0,0,1.0,22.0,1.0,0.213,0.268,0.4,0.668,7.0,0.18700000000000003,0.05500000000000002,0.455,6.024096385542169,26.506024096385545,0.22727272727272727,0.2692307692307692,0.22060000000000002,401.3333333333333,0.28,0.6333333333333333,0.213,16.0,2.0,10.0,55.0,83.0,75.0,7.0,6.0,1.0,14.0,0.268,0.4,5.0,0,1.0,,30.0,1,2,1.0,1.0,,7.875,8.297999999999998
2000,PL,埼玉西武ライオンズ,11713887,佐藤　秀樹,H.Satou,4.0,0.0,0.0,0.0,0.0,0.0,0.0,0.0,0.0,0.0,0.0,0,0.0,0.0,0.0,0,0.0,0.0,0.0,,,,0.0,0.0,0.0,0.0,,nan,nan,nan,nan,0.0,0.0,nan,nan,,0.0,0.0,0.0,4.0,0.0,0.0,0.0,0.0,0.0,0.0,,,0.0,0,0.0,,0.0,0.0,0,0.0,0.0,,nan,0.0
2000,PL,埼玉西武ライオンズ,11813881,宮地　克彦,K.Miyaji,21.0,68.0,60.0,8.0,16.0,3.0,0.0,2.0,25.0,9.0,0,1,2.0,2.0,4.0,0,0.0,7.0,0.0,0.267,0.303,0.417,0.72,11.0,0.14999999999999997,0.035999999999999976,0.4529999999999999,5.88235294117647,10.294117647058822,0.5714285714285714,0.2641509433962264,0.24059999999999998,441.99999999999994,0.23333333333333334,0.6818181818181818,0.267,16.0,2.0,9.0,21.0,68.0,60.0,11.0,3.0,0.0,8.0,0.303,0.417,4.0,0,0.0,,25.0,0,1,2.0,2.0,,7.8125,7.727999999999999
2000,PL,埼玉西武ライオンズ,11913864,西崎　幸広,Y.Nishizaki,22.0,0.0,0.0,0.0,0.0,0.0,0.0,0.0,0.0,0.0,0.0,0,0.0,0.0,0.0,0,0.0,0.0,0.0,,,,0.0,0.0,0.0,0.0,,nan,nan,nan,nan,0.0,0.0,nan,nan,,0.0,0.0,0.0,22.0,0.0,0.0,0.0,0.0,0.0,0.0,,,0.0,0,0.0,,0.0,0.0,0,0.0,0.0,,nan,0.0
2000,PL,北海道日本ハムファイターズ,11913882,中村　豊,Y.Nakamura,103.0,153.0,128.0,17.0,32.0,8.0,0.0,0.0,40.0,8.0,5,2,7.0,0.0,18.0,0,0.0,22.0,4.0,0.25,0.342,0.312,0.654,24.0,0.062,0.09200000000000003,0.404,11.76470588235294,14.37908496732026,0.8181818181818182,0.3018867924528302,0.2319,446.0,0.21875,0.6,0.25,32.0,0.0,8.0,103.0,153.0,128.0,24.0,8.0,0.0,17.0,0.342,0.312,18.0,0,0.0,,40.0,5,2,7.0,0.0,,13.698630136986301,14.651999999999997
2000,PL,オリックスブルーウェーブ,11913883,戎　信行,N.Ebisu,21.0,0.0,0.0,0.0,0.0,0.0,0.0,0.0,0.0,0.0,0.0,0,0.0,0.0,0.0,0,0.0,0.0,0.0,,,,0.0,0.0,0.0,0.0,,nan,nan,nan,nan,0.0,0.0,nan,nan,,0.0,0.0,0.0,21.0,0.0,0.0,0.0,0.0,0.0,0.0,,,0.0,0,0.0,,0.0,0.0,0,0.0,0.0,,nan,0.0
2000,PL,オリックスブルーウェーブ,11913885,イチロー,I.Ichiro（suzuki,105.0,459.0,395.0,73.0,153.0,22.0,1.0,12.0,213.0,73.0,21,1,0.0,6.0,54.0,0,4.0,36.0,3.0,0.387,0.46,0.539,0.9990000000000001,118.0,0.15200000000000002,0.07300000000000001,0.6120000000000001,11.76470588235294,7.8431372549019605,1.5,0.39943342776203966,0.34175,639.6666666666667,0.2911392405063291,1.110204081632653,0.387,153.0,12.0,73.0,105.0,459.0,395.0,118.0,22.0,1.0,73.0,0.46,0.539,54.0,0,4.0,,213.0,21,1,0.0,6.0,,98.19821826280624,88.76400000000001
2000,PL,オリックスブルーウェーブ,11913886,高橋　信夫,N.Takahashi,9.0,7.0,7.0,0.0,1.0,0.0,0.0,0.0,1.0,0.0,0.0,0,0.0,0.0,0.0,0,0.0,2.0,1.0,0.143,0.143,0.143,0.286,1.0,0.0,0.0,0.143,0.0,28.57142857142857,0.0,0.2,0.1001,190.66666666666666,0.0,0.14285714285714285,0.143,1.0,0.0,0.0,9.0,7.0,7.0,1.0,0.0,0.0,0.0,0.143,0.143,0.0,0,0.0,,1.0,0.0,0,0.0,0.0,,0.14285714285714285,-0.08800000000000008
2000,PL,近鉄バファローズ,11913887,内匠　政博,M.Takumi,52.0,74.0,64.0,8.0,14.0,1.0,1.0,0.0,17.0,4.0,1,2,2.0,0.0,7.0,0,1.0,10.0,0.0,0.219,0.306,0.266,0.5720000000000001,12.0,0.047000000000000014,0.087,0.353,9.45945945945946,13.513513513513514,0.7,0.25925925925925924,0.2042,394.6666666666667,0.1875,0.54,0.219,14.0,0.0,4.0,52.0,74.0,64.0,12.0,1.0,1.0,8.0,0.306,0.266,7.0,0,1.0,,17.0,1,2,2.0,0.0,,5.028169014084507,5.859999999999999
2000,PL,近鉄バファローズ,11913889,西川　慎一,S.Nishikawa,11.0,0.0,0.0,0.0,0.0,0.0,0.0,0.0,0.0,0.0,0.0,0,0.0,0.0,0.0,0,0.0,0.0,0.0,,,,0.0,0.0,0.0,0.0,,nan,nan,nan,nan,0.0,0.0,nan,nan,,0.0,0.0,0.0,11.0,0.0,0.0,0.0,0.0,0.0,0.0,,,0.0,0,0.0,,0.0,0.0,0,0.0,0.0,,nan,0.0
2000,PL,北海道日本ハムファイターズ,11915111,田中　賢介,K.Tanaka,5.0,5.0,5.0,0.0,1.0,0.0,0.0,0.0,1.0,0.0,0.0,0,0.0,0.0,0.0,0,0.0,2.0,0.0,0.2,0.2,0.2,0.4,1.0,0.0,0.0,0.2,0.0,40.0,0.0,0.3333333333333333,0.14,266.6666666666667,0.0,0.25,0.2,1.0,0.0,0.0,5.0,5.0,5.0,1.0,0.0,0.0,0.0,0.2,0.2,0.0,0,0.0,,1.0,0.0,0,0.0,0.0,,0.2,0.10799999999999998
2000,PL,千葉ロッテマリーンズ,1203886,藤田　宗一,S.Fujita,70.0,0.0,0.0,0.0,0.0,0.0,0.0,0.0,0.0,0.0,0.0,0,0.0,0.0,0.0,0,0.0,0.0,0.0,,,,0.0,0.0,0.0,0.0,,nan,nan,nan,nan,0.0,0.0,nan,nan,,0.0,0.0,0.0,70.0,0.0,0.0,0.0,0.0,0.0,0.0,,,0.0,0,0.0,,0.0,0.0,0,0.0,0.0,,nan,0.0
2000,PL,千葉ロッテマリーンズ,1203887,武藤　潤一郎,J.Mutou,21.0,0.0,0.0,0.0,0.0,0.0,0.0,0.0,0.0,0.0,0.0,0,0.0,0.0,0.0,0,0.0,0.0,0.0,,,,0.0,0.0,0.0,0.0,,nan,nan,nan,nan,0.0,0.0,nan,nan,,0.0,0.0,0.0,21.0,0.0,0.0,0.0,0.0,0.0,0.0,,,0.0,0,0.0,,0.0,0.0,0,0.0,0.0,,nan,0.0
2000,PL,近鉄バファローズ,1203888,面出　哲志,T.Mende,20.0,0.0,0.0,0.0,0.0,0.0,0.0,0.0,0.0,0.0,0.0,0,0.0,0.0,0.0,0,0.0,0.0,0.0,,,,0.0,0.0,0.0,0.0,,nan,nan,nan,nan,0.0,0.0,nan,nan,,0.0,0.0,0.0,20.0,0.0,0.0,0.0,0.0,0.0,0.0,,,0.0,0,0.0,,0.0,0.0,0,0.0,0.0,,nan,0.0
2000,PL,埼玉西武ライオンズ,1303881,大塚　光二,K.Ootsuka,17.0,28.0,26.0,3.0,6.0,3.0,0.0,1.0,12.0,3.0,1.0,0,1.0,0.0,1.0,0,0.0,12.0,0.0,0.231,0.259,0.462,0.7210000000000001,2.0,0.231,0.027999999999999997,0.49,3.571428571428571,42.857142857142854,0.08333333333333333,0.38461538461538464,0.23205,413.00000000000006,0.3076923076923077,0.7,0.231,6.0,1.0,3.0,17.0,28.0,26.0,2.0,3.0,0.0,3.0,0.259,0.462,1.0,0,0.0,,12.0,1.0,0,1.0,0.0,,3.111111111111111,3.1499999999999995
2000,PL,近鉄バファローズ,1303882,門倉　健,K.Kadokura,23.0,0.0,0.0,0.0,0.0,0.0,0.0,0.0,0.0,0.0,0.0,0,0.0,0.0,0.0,0,0.0,0.0,0.0,,,,0.0,0.0,0.0,0.0,,nan,nan,nan,nan,0.0,0.0,nan,nan,,0.0,0.0,0.0,23.0,0.0,0.0,0.0,0.0,0.0,0.0,,,0.0,0,0.0,,0.0,0.0,0,0.0,0.0,,nan,0.0
2000,PL,北海道日本ハムファイターズ,1303885,片岡　篤史,A.Kataoka,135.0,621.0,510.0,92.0,148.0,32.0,2.0,21.0,247.0,97.0,3.0,0,0.0,7.0,101.0,0,3.0,80.0,14.0,0.29,0.406,0.484,0.89,93.0,0.194,0.11600000000000005,0.6000000000000001,16.264090177133657,12.88244766505636,1.2625,0.30528846153846156,0.3037,567.3333333333334,0.3980392156862745,0.9414893617021277,0.29,148.0,21.0,97.0,135.0,621.0,510.0,93.0,32.0,2.0,92.0,0.406,0.484,101.0,0,3.0,,247.0,3.0,0,0.0,7.0,,100.65957446808511,101.24399999999997
2000,PL,福岡ソフトバンクホークス,13113888,M.ニエベス,M.Nieves,91.0,287.0,232.0,32.0,50.0,8.0,0.0,15.0,103.0,38.0,1.0,1,0.0,0.0,51.0,0,4.0,93.0,6.0,0.216,0.366,0.444,0.81,27.0,0.228,0.15,0.594,17.770034843205575,32.40418118466899,0.5483870967741935,0.28225806451612906,0.2757,514.0,0.4525862068965517,0.8457446808510638,0.216,50.0,15.0,38.0,91.0,287.0,232.0,27.0,8.0,0.0,32.0,0.366,0.444,51.0,0,4.0,,103.0,1.0,1,0.0,0.0,,36.75971731448763,41.354
2000,PL,千葉ロッテマリーンズ,13313886,B.ウォーレン,B.Warren,36.0,0.0,0.0,0.0,0.0,0.0,0.0,0.0,0.0,0.0,0.0,0,0.0,0.0,0.0,0,0.0,0.0,0.0,,,,0.0,0.0,0.0,0.0,,nan,nan,nan,nan,0.0,0.0,nan,nan,,0.0,0.0,0.0,36.0,0.0,0.0,0.0,0.0,0.0,0.0,,,0.0,0,0.0,,0.0,0.0,0,0.0,0.0,,nan,0.0
2000,PL,埼玉西武ライオンズ,13315111,R.ディアス,R.Diaz,7.0,0.0,0.0,0.0,0.0,0.0,0.0,0.0,0.0,0.0,0.0,0,0.0,0.0,0.0,0,0.0,0.0,0.0,,,,0.0,0.0,0.0,0.0,,nan,nan,nan,nan,0.0,0.0,nan,nan,,0.0,0.0,0.0,7.0,0.0,0.0,0.0,0.0,0.0,0.0,,,0.0,0,0.0,,0.0,0.0,0,0.0,0.0,,nan,0.0
2000,PL,千葉ロッテマリーンズ,13813868,初芝　清,K.Hatsushiba,123.0,448.0,392.0,57.0,108.0,19.0,2.0,23.0,200.0,73.0,1.0,1,0.0,2.0,50.0,0,4.0,61.0,11.0,0.276,0.362,0.51,0.872,64.0,0.23399999999999999,0.08599999999999997,0.596,11.160714285714286,13.616071428571427,0.819672131147541,0.27419354838709675,0.2904,532.0,0.3647959183673469,0.864406779661017,0.276,108.0,23.0,73.0,123.0,448.0,392.0,64.0,19.0,2.0,57.0,0.362,0.51,50.0,0,4.0,,200.0,1.0,1,0.0,2.0,,71.49321266968326,71.048
2000,PL,福岡ソフトバンクホークス,13913868,柳田　聖人,S.Yanagita,58.0,107.0,85.0,8.0,11.0,0.0,0.0,0.0,11.0,1.0,1,0,13.0,1.0,8.0,0,0.0,12.0,2.0,0.129,0.202,0.129,0.331,11.0,0.0,0.07300000000000001,0.202,7.476635514018691,11.214953271028037,0.6666666666666666,0.14864864864864866,0.12315000000000001,245.00000000000003,0.09411764705882353,0.25,0.129,11.0,0.0,1.0,58.0,107.0,85.0,11.0,0.0,0.0,8.0,0.202,0.129,8.0,0,0.0,,11.0,1,0,13.0,1.0,,2.247311827956989,0.8879999999999999
2000,PL,千葉ロッテマリーンズ,1403887,吉鶴　憲治,K.Yoshitsuru,44.0,104.0,100.0,7.0,21.0,1.0,0.0,0.0,22.0,6.0,0.0,0,1.0,0.0,3.0,0,0.0,17.0,3.0,0.21,0.233,0.22,0.453,20.0,0.010000000000000009,0.02300000000000002,0.243,2.8846153846153846,16.346153846153847,0.17647058823529413,0.25301204819277107,0.15985000000000002,306.33333333333337,0.04,0.3048780487804878,0.21,21.0,0.0,6.0,44.0,104.0,100.0,20.0,1.0,0.0,7.0,0.233,0.22,3.0,0,0.0,,22.0,0.0,0,1.0,0.0,,5.12621359223301,3.968000000000001
2000,PL,オリックスブルーウェーブ,1503881,河野　亮,R.Kawano,7.0,10.0,9.0,1.0,1.0,0.0,0.0,1.0,4.0,3.0,0.0,0,0.0,0.0,0.0,0,1.0,3.0,0.0,0.111,0.2,0.444,0.644,0.0,0.333,0.08900000000000001,0.533,0.0,30.0,0.0,0.0,0.201,348.0,0.3333333333333333,0.625,0.111,1.0,1.0,3.0,7.0,10.0,9.0,0.0,0.0,0.0,1.0,0.2,0.444,0.0,0,1.0,,4.0,0.0,0,0.0,0.0,,0.4444444444444444,0.986
2000,PL,オリックスブルーウェーブ,1503884,栗山　聡,S.Kuriyama,16.0,0.0,0.0,0.0,0.0,0.0,0.0,0.0,0.0,0.0,0.0,0,0.0,0.0,0.0,0,0.0,0.0,0.0,,,,0.0,0.0,0.0,0.0,,nan,nan,nan,nan,0.0,0.0,nan,nan,,0.0,0.0,0.0,16.0,0.0,0.0,0.0,0.0,0.0,0.0,,,0.0,0,0.0,,0.0,0.0,0,0.0,0.0,,nan,0.0
2000,PL,近鉄バファローズ,1503889,酒井　弘樹,H.Sakai,6.0,0.0,0.0,0.0,0.0,0.0,0.0,0.0,0.0,0.0,0.0,0,0.0,0.0,0.0,0,0.0,0.0,0.0,,,,0.0,0.0,0.0,0.0,,nan,nan,nan,nan,0.0,0.0,nan,nan,,0.0,0.0,0.0,6.0,0.0,0.0,0.0,0.0,0.0,0.0,,,0.0,0,0.0,,0.0,0.0,0,0.0,0.0,,nan,0.0
2000,PL,埼玉西武ライオンズ,15313868,鈴木　健,K.Suzuki,119.0,443.0,386.0,36.0,96.0,17.0,0.0,6.0,131.0,52.0,0,1,1.0,5.0,47.0,0,4.0,40.0,14.0,0.249,0.333,0.339,0.672,73.0,0.09000000000000002,0.08400000000000002,0.423,10.609480812641085,9.029345372460497,1.175,0.2608695652173913,0.23460000000000003,446.0,0.21502590673575128,0.6019736842105263,0.249,96.0,6.0,52.0,119.0,443.0,386.0,73.0,17.0,0.0,36.0,0.333,0.339,47.0,0,4.0,,131.0,0,1,1.0,5.0,,43.263279445727484,45.97000000000001
2000,PL,千葉ロッテマリーンズ,1603885,吉田　篤史,A.Yoshida,39.0,0.0,0.0,0.0,0.0,0.0,0.0,0.0,0.0,0.0,0.0,0,0.0,0.0,0.0,0,0.0,0.0,0.0,,,,0.0,0.0,0.0,0.0,,nan,nan,nan,nan,0.0,0.0,nan,nan,,0.0,0.0,0.0,39.0,0.0,0.0,0.0,0.0,0.0,0.0,,,0.0,0,0.0,,0.0,0.0,0,0.0,0.0,,nan,0.0
2000,PL,埼玉西武ライオンズ,1605111,ミンチェ,M.Minchiぇ（shuu,28.0,0.0,0.0,0.0,0.0,0.0,0.0,0.0,0.0,0.0,0.0,0,0.0,0.0,0.0,0,0.0,0.0,0.0,,,,0.0,0.0,0.0,0.0,,nan,nan,nan,nan,0.0,0.0,nan,nan,,0.0,0.0,0.0,28.0,0.0,0.0,0.0,0.0,0.0,0.0,,,0.0,0,0.0,,0.0,0.0,0,0.0,0.0,,nan,0.0
2000,PL,千葉ロッテマリーンズ,1703884,清水　将海,M.Shimizu,59.0,102.0,89.0,10.0,26.0,3.0,0.0,0.0,29.0,6.0,0.0,0,8.0,0.0,5.0,0,0.0,18.0,4.0,0.292,0.33,0.326,0.656,23.0,0.03400000000000003,0.038000000000000034,0.364,4.901960784313726,17.647058823529413,0.2777777777777778,0.36619718309859156,0.23000000000000004,438.6666666666667,0.0898876404494382,0.5074626865671642,0.292,26.0,0.0,6.0,59.0,102.0,89.0,23.0,3.0,0.0,10.0,0.33,0.326,5.0,0,0.0,,29.0,0.0,0,8.0,0.0,,9.563829787234043,9.136
2000,PL,近鉄バファローズ,1903864,廣田　浩章,H.Hirota,20.0,0.0,0.0,0.0,0.0,0.0,0.0,0.0,0.0,0.0,0.0,0,0.0,0.0,0.0,0,0.0,0.0,0.0,,,,0.0,0.0,0.0,0.0,,nan,nan,nan,nan,0.0,0.0,nan,nan,,0.0,0.0,0.0,20.0,0.0,0.0,0.0,0.0,0.0,0.0,,,0.0,0,0.0,,0.0,0.0,0,0.0,0.0,,nan,0.0
2000,PL,埼玉西武ライオンズ,1903884,谷中　真二,S.Taninaka,32.0,0.0,0.0,0.0,0.0,0.0,0.0,0.0,0.0,0.0,0.0,0,0.0,0.0,0.0,0,0.0,0.0,0.0,,,,0.0,0.0,0.0,0.0,,nan,nan,nan,nan,0.0,0.0,nan,nan,,0.0,0.0,0.0,32.0,0.0,0.0,0.0,0.0,0.0,0.0,,,0.0,0,0.0,,0.0,0.0,0,0.0,0.0,,nan,0.0
2000,PL,オリックスブルーウェーブ,1903885,田口　壮,S.Taguchi,129.0,578.0,509.0,77.0,142.0,26.0,3.0,8.0,198.0,49.0,2.0,0,11.0,0.0,55.0,0,3.0,80.0,12.0,0.279,0.353,0.389,0.742,105.0,0.10999999999999999,0.07399999999999995,0.4629999999999999,9.515570934256056,13.84083044982699,0.6875,0.3182897862232779,0.2561,482.6666666666667,0.2220039292730845,0.6807387862796834,0.279,142.0,8.0,49.0,129.0,578.0,509.0,105.0,26.0,3.0,77.0,0.353,0.389,55.0,0,3.0,,198.0,2.0,0,11.0,0.0,,69.15957446808511,69.394
2000,PL,近鉄バファローズ,1903886,ユウキ,Y.Yuuki（tanaka,12.0,0.0,0.0,0.0,0.0,0.0,0.0,0.0,0.0,0.0,0.0,0,0.0,0.0,0.0,0,0.0,0.0,0.0,,,,0.0,0.0,0.0,0.0,,nan,nan,nan,nan,0.0,0.0,nan,nan,,0.0,0.0,0.0,12.0,0.0,0.0,0.0,0.0,0.0,0.0,,,0.0,0,0.0,,0.0,0.0,0,0.0,0.0,,nan,0.0
2000,PL,千葉ロッテマリーンズ,21023860,秦　真司,S.Hata,24.0,31.0,30.0,3.0,8.0,2.0,0.0,0.0,10.0,4.0,0.0,0,0.0,0.0,1.0,0,0.0,6.0,1.0,0.267,0.29,0.333,0.623,6.0,0.066,0.022999999999999965,0.356,3.225806451612903,19.35483870967742,0.16666666666666666,0.3333333333333333,0.21375,400.99999999999994,0.1,0.4782608695652174,0.267,8.0,0.0,4.0,24.0,31.0,30.0,6.0,2.0,0.0,3.0,0.29,0.333,1.0,0,0.0,,10.0,0.0,0,0.0,0.0,,2.903225806451613,2.6139999999999994
2000,PL,千葉ロッテマリーンズ,21023864,本西　厚博,A.Motonishi,84.0,110.0,91.0,15.0,18.0,2.0,1.0,0.0,22.0,6.0,5,1,7.0,0.0,11.0,0,1.0,18.0,1.0,0.198,0.291,0.242,0.5329999999999999,15.0,0.043999999999999984,0.09299999999999997,0.3349999999999999,10.0,16.363636363636363,0.6111111111111112,0.2465753424657534,0.19144999999999998,371.66666666666663,0.17582417582417584,0.47297297297297297,0.198,18.0,0.0,6.0,84.0,110.0,91.0,15.0,2.0,1.0,15.0,0.291,0.242,11.0,0,1.0,,22.0,5,1,7.0,0.0,,6.254901960784314,6.966000000000001
2000,PL,オリックスブルーウェーブ,21023883,五十嵐　章人,A.Igarashi,112.0,221.0,180.0,30.0,43.0,8.0,0.0,4.0,63.0,26.0,0,1,9.0,2.0,30.0,0,0.0,24.0,4.0,0.239,0.344,0.35,0.694,31.0,0.11099999999999999,0.10499999999999998,0.4549999999999999,13.574660633484163,10.85972850678733,1.25,0.2532467532467532,0.2423,460.66666666666663,0.2833333333333333,0.6666666666666666,0.239,43.0,4.0,26.0,112.0,221.0,180.0,31.0,8.0,0.0,30.0,0.344,0.35,30.0,0,0.0,,63.0,0,1,9.0,2.0,,21.9,23.673999999999992
2000,PL,近鉄バファローズ,21023884,前川　勝彦,K.Maekawa,33.0,0.0,0.0,0.0,0.0,0.0,0.0,0.0,0.0,0.0,0.0,0,0.0,0.0,0.0,0,0.0,0.0,0.0,,,,0.0,0.0,0.0,0.0,,nan,nan,nan,nan,0.0,0.0,nan,nan,,0.0,0.0,0.0,33.0,0.0,0.0,0.0,0.0,0.0,0.0,,,0.0,0,0.0,,0.0,0.0,0,0.0,0.0,,nan,0.0
2000,PL,近鉄バファローズ,21023885,中村　紀洋,N.Nakamura,127.0,564.0,476.0,82.0,132.0,26.0,0.0,39.0,275.0,110.0,1.0,1,0.0,5.0,80.0,0,3.0,112.0,17.0,0.277,0.381,0.578,0.959,67.0,0.30099999999999993,0.10399999999999998,0.6819999999999999,14.184397163120568,19.858156028368796,0.7142857142857143,0.2818181818181818,0.31595,573.6666666666666,0.47058823529411764,0.9944598337950139,0.277,132.0,39.0,110.0,127.0,564.0,476.0,67.0,26.0,0.0,82.0,0.381,0.578,80.0,0,3.0,,275.0,1.0,1,0.0,5.0,,104.85611510791367,102.23799999999999
2000,PL,千葉ロッテマリーンズ,21123886,礒　恒之,T.Iso,3.0,0.0,0.0,0.0,0.0,0.0,0.0,0.0,0.0,0.0,0.0,0,0.0,0.0,0.0,0,0.0,0.0,0.0,,,,0.0,0.0,0.0,0.0,,nan,nan,nan,nan,0.0,0.0,nan,nan,,0.0,0.0,0.0,3.0,0.0,0.0,0.0,0.0,0.0,0.0,,,0.0,0,0.0,,0.0,0.0,0,0.0,0.0,,nan,0.0
2000,PL,オリックスブルーウェーブ,21125111,岩下　修壱,S.Iwashita,44.0,0.0,0.0,0.0,0.0,0.0,0.0,0.0,0.0,0.0,0.0,0,0.0,0.0,0.0,0,0.0,0.0,0.0,,,,0.0,0.0,0.0,0.0,,nan,nan,nan,nan,0.0,0.0,nan,nan,,0.0,0.0,0.0,44.0,0.0,0.0,0.0,0.0,0.0,0.0,,,0.0,0,0.0,,0.0,0.0,0,0.0,0.0,,nan,0.0
2000,PL,北海道日本ハムファイターズ,21223886,古城　茂幸,S.Furuki,38.0,28.0,23.0,4.0,7.0,0.0,1.0,0.0,9.0,2.0,4,2,1.0,0.0,4.0,0,0.0,7.0,1.0,0.304,0.407,0.391,0.798,6.0,0.08700000000000002,0.10299999999999998,0.494,14.285714285714285,25.0,0.5714285714285714,0.4375,0.2809,537.3333333333334,0.34782608695652173,0.8823529411764706,0.304,7.0,0.0,2.0,38.0,28.0,23.0,6.0,0.0,1.0,4.0,0.407,0.391,4.0,0,0.0,,9.0,4,2,1.0,0.0,,3.6666666666666665,4.152000000000001
2000,PL,北海道日本ハムファイターズ,21323884,小笠原　道大,M.Ogasawara,135.0,635.0,554.0,126.0,182.0,23.0,4.0,31.0,306.0,102.0,24,6,0.0,5.0,74.0,0,2.0,91.0,6.0,0.329,0.406,0.552,0.9580000000000001,124.0,0.22300000000000003,0.07700000000000001,0.629,11.653543307086615,14.330708661417324,0.8131868131868132,0.34553775743707094,0.32070000000000004,590.0000000000001,0.36823104693140796,1.0264550264550265,0.329,182.0,31.0,102.0,135.0,635.0,554.0,124.0,23.0,4.0,126.0,0.406,0.552,74.0,0,2.0,,306.0,24,6,0.0,5.0,,124.73885350318471,117.06400000000001
2000,PL,北海道日本ハムファイターズ,21323889,金子　誠,M.Kaneko,113.0,445.0,402.0,53.0,93.0,12.0,1.0,3.0,116.0,31.0,12,4,15.0,0.0,26.0,0,2.0,40.0,5.0,0.231,0.281,0.289,0.5700000000000001,77.0,0.05799999999999997,0.05000000000000002,0.3389999999999999,5.842696629213483,8.98876404494382,0.65,0.25069637883008355,0.1987,377.33333333333337,0.1318407960199005,0.4713375796178344,0.231,93.0,3.0,31.0,113.0,445.0,402.0,77.0,12.0,1.0,53.0,0.281,0.289,26.0,0,2.0,,116.0,12,4,15.0,0.0,,32.25233644859813,32.178
2000,PL,オリックスブルーウェーブ,21423881,藤立　次郎,J.Fujitate,71.0,123.0,109.0,7.0,29.0,7.0,0.0,3.0,45.0,23.0,0,1,0.0,1.0,13.0,0,0.0,24.0,4.0,0.266,0.341,0.413,0.754,19.0,0.14699999999999996,0.07500000000000001,0.488,10.569105691056912,19.51219512195122,0.5416666666666666,0.3132530120481928,0.2567,478.6666666666667,0.27522935779816515,0.7023809523809523,0.266,29.0,3.0,23.0,71.0,123.0,109.0,19.0,7.0,0.0,7.0,0.341,0.413,13.0,0,0.0,,45.0,0,1,0.0,1.0,,15.491803278688524,15.489999999999998
2000,PL,福岡ソフトバンクホークス,21523886,篠原　貴行,T.Shinohara,57.0,0.0,0.0,0.0,0.0,0.0,0.0,0.0,0.0,0.0,0.0,0,0.0,0.0,0.0,0,0.0,0.0,0.0,,,,0.0,0.0,0.0,0.0,,nan,nan,nan,nan,0.0,0.0,nan,nan,,0.0,0.0,0.0,57.0,0.0,0.0,0.0,0.0,0.0,0.0,,,0.0,0,0.0,,0.0,0.0,0,0.0,0.0,,nan,0.0
2000,PL,福岡ソフトバンクホークス,21623885,若田部　健一,K.Wakatabe,31.0,0.0,0.0,0.0,0.0,0.0,0.0,0.0,0.0,0.0,0.0,0,0.0,0.0,0.0,0,0.0,0.0,0.0,,,,0.0,0.0,0.0,0.0,,nan,nan,nan,nan,0.0,0.0,nan,nan,,0.0,0.0,0.0,31.0,0.0,0.0,0.0,0.0,0.0,0.0,,,0.0,0,0.0,,0.0,0.0,0,0.0,0.0,,nan,0.0
2000,PL,福岡ソフトバンクホークス,21723889,鳥越　裕介,Y.Torigoe,115.0,340.0,305.0,38.0,74.0,11.0,0.0,4.0,97.0,25.0,3.0,3,12.0,1.0,22.0,0,0.0,69.0,2.0,0.243,0.293,0.318,0.611,59.0,0.07500000000000001,0.04999999999999999,0.368,6.470588235294119,20.294117647058822,0.3188405797101449,0.30042918454935624,0.21134999999999998,398.99999999999994,0.15737704918032788,0.5236051502145923,0.243,74.0,4.0,25.0,115.0,340.0,305.0,59.0,11.0,0.0,38.0,0.293,0.318,22.0,0,0.0,,97.0,3.0,3,12.0,1.0,,28.477064220183486,28.341999999999995
2000,PL,近鉄バファローズ,21823881,吉岡　雄二,Y.Yoshioka,115.0,481.0,434.0,58.0,126.0,27.0,4.0,18.0,215.0,65.0,2,3,2.0,3.0,41.0,0,1.0,93.0,9.0,0.29,0.351,0.495,0.846,77.0,0.20500000000000002,0.061,0.556,8.523908523908524,19.334719334719335,0.44086021505376344,0.3312883435582822,0.2817,516.0,0.3064516129032258,0.8201892744479495,0.29,126.0,18.0,65.0,115.0,481.0,434.0,77.0,27.0,4.0,58.0,0.351,0.495,41.0,0,1.0,,215.0,2,3,2.0,3.0,,75.58947368421053,72.236
2000,PL,福岡ソフトバンクホークス,21923862,長冨　浩志,H.Nagadomi,38.0,0.0,0.0,0.0,0.0,0.0,0.0,0.0,0.0,0.0,0.0,0,0.0,0.0,0.0,0,0.0,0.0,0.0,,,,0.0,0.0,0.0,0.0,,nan,nan,nan,nan,0.0,0.0,nan,nan,,0.0,0.0,0.0,38.0,0.0,0.0,0.0,0.0,0.0,0.0,,,0.0,0,0.0,,0.0,0.0,0,0.0,0.0,,nan,0.0
2000,PL,埼玉西武ライオンズ,21923884,玉野　宏昌,H.Tamano,69.0,172.0,158.0,14.0,33.0,6.0,0.0,2.0,45.0,13.0,2,0,6.0,0.0,8.0,0,0.0,35.0,4.0,0.209,0.247,0.285,0.532,25.0,0.07599999999999998,0.038000000000000006,0.3229999999999999,4.651162790697675,20.348837209302324,0.22857142857142856,0.256198347107438,0.1824,341.99999999999994,0.12658227848101267,0.4108527131782946,0.209,33.0,2.0,13.0,69.0,172.0,158.0,25.0,6.0,0.0,14.0,0.247,0.285,8.0,0,0.0,,45.0,2,0,6.0,0.0,,11.114457831325302,10.09
2000,PL,埼玉西武ライオンズ,21923885,竹下　潤,J.Takeshita,6.0,0.0,0.0,0.0,0.0,0.0,0.0,0.0,0.0,0.0,0.0,0,0.0,0.0,0.0,0,0.0,0.0,0.0,,,,0.0,0.0,0.0,0.0,,nan,nan,nan,nan,0.0,0.0,nan,nan,,0.0,0.0,0.0,6.0,0.0,0.0,0.0,0.0,0.0,0.0,,,0.0,0,0.0,,0.0,0.0,0,0.0,0.0,,nan,0.0
2000,PL,千葉ロッテマリーンズ,21923889,福浦　和也,K.Fukuura,131.0,494.0,446.0,58.0,132.0,21.0,4.0,7.0,182.0,56.0,1.0,1,6.0,4.0,34.0,0,4.0,59.0,15.0,0.296,0.348,0.408,0.756,100.0,0.11199999999999999,0.05199999999999999,0.4599999999999999,6.882591093117409,11.94331983805668,0.576271186440678,0.3255208333333333,0.2586,484.0,0.1905829596412556,0.6717325227963525,0.296,132.0,7.0,56.0,131.0,494.0,446.0,100.0,21.0,4.0,58.0,0.348,0.408,34.0,0,4.0,,182.0,1.0,1,6.0,4.0,,62.94166666666667,61.30800000000001
2000,PL,オリックスブルーウェーブ,23125111,O.マルセド,O.Merced,23.0,85.0,80.0,9.0,18.0,2.0,1.0,2.0,28.0,15.0,0.0,0,0.0,1.0,4.0,0,0.0,14.0,0.0,0.225,0.259,0.35,0.609,13.0,0.12499999999999997,0.034,0.384,4.705882352941177,16.470588235294116,0.2857142857142857,0.24615384615384617,0.20405,375.66666666666663,0.175,0.5161290322580645,0.225,18.0,2.0,15.0,23.0,85.0,80.0,13.0,2.0,1.0,9.0,0.259,0.35,4.0,0,0.0,,28.0,0.0,0,0.0,1.0,,7.333333333333333,7.103999999999999
2000,PL,千葉ロッテマリーンズ,23325111,E.ノット,E.Knott,5.0,0.0,0.0,0.0,0.0,0.0,0.0,0.0,0.0,0.0,0.0,0,0.0,0.0,0.0,0,0.0,0.0,0.0,,,,0.0,0.0,0.0,0.0,,nan,nan,nan,nan,0.0,0.0,nan,nan,,0.0,0.0,0.0,5.0,0.0,0.0,0.0,0.0,0.0,0.0,,,0.0,0,0.0,,0.0,0.0,0,0.0,0.0,,nan,0.0
2000,PL,埼玉西武ライオンズ,23423868,河田　雄祐,Y.Kawada,31.0,53.0,41.0,12.0,11.0,0.0,2.0,1.0,18.0,6.0,1.0,1,6.0,0.0,6.0,0,0.0,13.0,0.0,0.268,0.362,0.439,0.8009999999999999,8.0,0.17099999999999999,0.09399999999999997,0.5329999999999999,11.320754716981133,24.528301886792452,0.46153846153846156,0.37037037037037035,0.27265,508.3333333333333,0.34146341463414637,0.8333333333333334,0.268,11.0,1.0,6.0,31.0,53.0,41.0,8.0,0.0,2.0,12.0,0.362,0.439,6.0,0,0.0,,18.0,1.0,1,6.0,0.0,,6.51063829787234,6.74
2000,PL,福岡ソフトバンクホークス,23723868,川越　透,T.Kawagoe,2.0,6.0,5.0,0.0,0.0,0.0,0.0,0.0,0.0,0.0,0.0,0,0.0,0.0,1.0,0,0.0,2.0,0.0,0.0,0.167,0.0,0.167,0.0,0.0,0.167,0.167,16.666666666666664,33.33333333333333,0.5,0.0,0.07515000000000001,167.0,0.2,0.2,0.0,0.0,0.0,0.0,2.0,6.0,5.0,0.0,0.0,0.0,0.0,0.167,0.0,1.0,0,0.0,,0.0,0.0,0,0.0,0.0,,0.0,-0.15999999999999998
2000,PL,埼玉西武ライオンズ,27123868,垣内　哲也,T.Kakiuchi,108.0,352.0,301.0,38.0,70.0,17.0,1.0,13.0,128.0,51.0,1,2,2.0,3.0,42.0,0,4.0,91.0,7.0,0.233,0.331,0.425,0.756,39.0,0.19199999999999998,0.098,0.523,11.931818181818182,25.85227272727273,0.46153846153846156,0.285,0.2552,472.6666666666667,0.3388704318936877,0.7394957983193278,0.233,70.0,13.0,51.0,108.0,352.0,301.0,39.0,17.0,1.0,38.0,0.331,0.425,42.0,0,4.0,,128.0,1,2,2.0,3.0,,41.795918367346935,44.402
2000,PL,千葉ロッテマリーンズ,31033883,榎　康弘,Y.Enoki,6.0,0.0,0.0,0.0,0.0,0.0,0.0,0.0,0.0,0.0,0.0,0,0.0,0.0,0.0,0,0.0,0.0,0.0,,,,0.0,0.0,0.0,0.0,,nan,nan,nan,nan,0.0,0.0,nan,nan,,0.0,0.0,0.0,6.0,0.0,0.0,0.0,0.0,0.0,0.0,,,0.0,0,0.0,,0.0,0.0,0,0.0,0.0,,nan,0.0
2000,PL,北海道日本ハムファイターズ,31033887,西浦　克拓,K.Nishiura,20.0,62.0,52.0,10.0,12.0,0.0,0.0,1.0,15.0,5.0,1,0,1.0,0.0,7.0,0,2.0,14.0,0.0,0.231,0.344,0.288,0.6319999999999999,11.0,0.05699999999999997,0.11299999999999996,0.4009999999999999,11.29032258064516,22.58064516129032,0.5,0.2972972972972973,0.2268,439.99999999999994,0.19230769230769232,0.6,0.231,12.0,1.0,5.0,20.0,62.0,52.0,11.0,0.0,0.0,10.0,0.344,0.288,7.0,0,2.0,,15.0,1,0,1.0,0.0,,4.830508474576271,5.99
2000,PL,埼玉西武ライオンズ,3103888,C.ポール,C.Paul,47.0,141.0,124.0,17.0,30.0,7.0,1.0,4.0,51.0,18.0,2.0,0,0.0,0.0,16.0,0,1.0,34.0,2.0,0.242,0.333,0.411,0.744,18.0,0.16899999999999998,0.09100000000000003,0.502,11.347517730496454,24.113475177304963,0.47058823529411764,0.3023255813953488,0.2526,470.0,0.31451612903225806,0.7291666666666666,0.242,30.0,4.0,18.0,47.0,141.0,124.0,18.0,7.0,1.0,17.0,0.333,0.411,16.0,0,1.0,,51.0,2.0,0,0.0,0.0,,16.757142857142856,17.597999999999995
2000,PL,千葉ロッテマリーンズ,31133882,ユウゴー,Y.Yuugo（amano,2.0,4.0,4.0,0.0,0.0,0.0,0.0,0.0,0.0,0.0,0.0,0,0.0,0.0,0.0,0,0.0,2.0,0.0,0.0,0.0,0.0,0.0,0.0,0.0,0.0,0.0,0.0,50.0,0.0,0.0,0.0,0.0,0.0,0.0,0.0,0.0,0.0,0.0,2.0,4.0,4.0,0.0,0.0,0.0,0.0,0.0,0.0,0.0,0,0.0,,0.0,0.0,0,0.0,0.0,,0.0,-0.392
2000,PL,埼玉西武ライオンズ,31133889,石井　貴,T.Ishii,25.0,0.0,0.0,0.0,0.0,0.0,0.0,0.0,0.0,0.0,0.0,0,0.0,0.0,0.0,0,0.0,0.0,0.0,,,,0.0,0.0,0.0,0.0,,nan,nan,nan,nan,0.0,0.0,nan,nan,,0.0,0.0,0.0,25.0,0.0,0.0,0.0,0.0,0.0,0.0,,,0.0,0,0.0,,0.0,0.0,0,0.0,0.0,,nan,0.0
2000,PL,埼玉西武ライオンズ,31135111,青木　勇人,H.Aoki,18.0,0.0,0.0,0.0,0.0,0.0,0.0,0.0,0.0,0.0,0.0,0,0.0,0.0,0.0,0,0.0,0.0,0.0,,,,0.0,0.0,0.0,0.0,,nan,nan,nan,nan,0.0,0.0,nan,nan,,0.0,0.0,0.0,18.0,0.0,0.0,0.0,0.0,0.0,0.0,,,0.0,0,0.0,,0.0,0.0,0,0.0,0.0,,nan,0.0
2000,PL,北海道日本ハムファイターズ,31233886,原田　健二,K.Harada,58.0,0.0,0.0,0.0,0.0,0.0,0.0,0.0,0.0,0.0,0.0,0,0.0,0.0,0.0,0,0.0,0.0,0.0,,,,0.0,0.0,0.0,0.0,,nan,nan,nan,nan,0.0,0.0,nan,nan,,0.0,0.0,0.0,58.0,0.0,0.0,0.0,0.0,0.0,0.0,,,0.0,0,0.0,,0.0,0.0,0,0.0,0.0,,nan,0.0
2000,PL,オリックスブルーウェーブ,31233887,牧野　塁,R.Makino,34.0,0.0,0.0,0.0,0.0,0.0,0.0,0.0,0.0,0.0,0.0,0,0.0,0.0,0.0,0,0.0,0.0,0.0,,,,0.0,0.0,0.0,0.0,,nan,nan,nan,nan,0.0,0.0,nan,nan,,0.0,0.0,0.0,34.0,0.0,0.0,0.0,0.0,0.0,0.0,,,0.0,0,0.0,,0.0,0.0,0,0.0,0.0,,nan,0.0
2000,PL,埼玉西武ライオンズ,31233888,松坂　大輔,D.Matsuzaka,28.0,1.0,1.0,0.0,1.0,0.0,0.0,0.0,1.0,2.0,0.0,0,0.0,0.0,0.0,0,0.0,0.0,0.0,1.0,1.0,1.0,2.0,1.0,0.0,0.0,1.0,0.0,0.0,nan,1.0,0.7,1333.3333333333333,0.0,nan,1.0,1.0,0.0,2.0,28.0,1.0,1.0,1.0,0.0,0.0,0.0,1.0,1.0,0.0,0,0.0,,1.0,0.0,0,0.0,0.0,,1.0,0.5
2000,PL,北海道日本ハムファイターズ,31333881,岩本　勉,T.Iwamoto,24.0,0.0,0.0,0.0,0.0,0.0,0.0,0.0,0.0,0.0,0.0,0,0.0,0.0,0.0,0,0.0,0.0,0.0,,,,0.0,0.0,0.0,0.0,,nan,nan,nan,nan,0.0,0.0,nan,nan,,0.0,0.0,0.0,24.0,0.0,0.0,0.0,0.0,0.0,0.0,,,0.0,0,0.0,,0.0,0.0,0,0.0,0.0,,nan,0.0
2000,PL,福岡ソフトバンクホークス,31333887,大越　基,M.Ookoshi,77.0,43.0,40.0,8.0,8.0,0.0,1.0,0.0,10.0,1.0,0,2,0.0,0.0,3.0,0,0.0,10.0,0.0,0.2,0.256,0.25,0.506,7.0,0.04999999999999999,0.055999999999999994,0.306,6.976744186046512,23.25581395348837,0.3,0.26666666666666666,0.17770000000000002,339.3333333333333,0.175,0.46875,0.2,8.0,0.0,1.0,77.0,43.0,40.0,7.0,0.0,1.0,8.0,0.256,0.25,3.0,0,0.0,,10.0,0,2,0.0,0.0,,2.558139534883721,2.7540000000000004
2000,PL,近鉄バファローズ,31333888,宇高　伸次,S.Udaka,8.0,0.0,0.0,0.0,0.0,0.0,0.0,0.0,0.0,0.0,0.0,0,0.0,0.0,0.0,0,0.0,0.0,0.0,,,,0.0,0.0,0.0,0.0,,nan,nan,nan,nan,0.0,0.0,nan,nan,,0.0,0.0,0.0,8.0,0.0,0.0,0.0,0.0,0.0,0.0,,,0.0,0,0.0,,0.0,0.0,0,0.0,0.0,,nan,0.0
2000,PL,埼玉西武ライオンズ,31335111,貝塚　政秀,M.Kaizuka,70.0,110.0,102.0,5.0,20.0,5.0,0.0,0.0,25.0,15.0,3,0,0.0,2.0,6.0,0,0.0,28.0,3.0,0.196,0.236,0.245,0.481,15.0,0.04899999999999999,0.03999999999999998,0.285,5.454545454545454,25.454545454545453,0.21428571428571427,0.2631578947368421,0.16745,317.66666666666663,0.10784313725490197,0.36470588235294116,0.196,20.0,0.0,15.0,70.0,110.0,102.0,15.0,5.0,0.0,5.0,0.236,0.245,6.0,0,0.0,,25.0,3,0,0.0,2.0,,6.018518518518518,5.0440000000000005
2000,PL,オリックスブルーウェーブ,31433868,木田　優夫,M.Kida,24.0,0.0,0.0,0.0,0.0,0.0,0.0,0.0,0.0,0.0,0.0,0,0.0,0.0,0.0,0,0.0,0.0,0.0,,,,0.0,0.0,0.0,0.0,,nan,nan,nan,nan,0.0,0.0,nan,nan,,0.0,0.0,0.0,24.0,0.0,0.0,0.0,0.0,0.0,0.0,,,0.0,0,0.0,,0.0,0.0,0,0.0,0.0,,nan,0.0
2000,PL,埼玉西武ライオンズ,31433884,和田　一浩,K.Wada,55.0,189.0,170.0,20.0,52.0,10.0,0.0,1.0,65.0,24.0,9,2,0.0,3.0,15.0,0,1.0,17.0,6.0,0.306,0.36,0.382,0.742,41.0,0.07600000000000001,0.05399999999999999,0.436,7.936507936507936,8.994708994708994,0.8823529411764706,0.32903225806451614,0.2575,487.33333333333326,0.17647058823529413,0.6693548387096774,0.306,52.0,1.0,24.0,55.0,189.0,170.0,41.0,10.0,0.0,20.0,0.36,0.382,15.0,0,1.0,,65.0,9,2,0.0,3.0,,23.54054054054054,23.216
2000,PL,オリックスブルーウェーブ,31435111,山口　和男,K.Yamaguchi,9.0,0.0,0.0,0.0,0.0,0.0,0.0,0.0,0.0,0.0,0.0,0,0.0,0.0,0.0,0,0.0,0.0,0.0,,,,0.0,0.0,0.0,0.0,,nan,nan,nan,nan,0.0,0.0,nan,nan,,0.0,0.0,0.0,9.0,0.0,0.0,0.0,0.0,0.0,0.0,,,0.0,0,0.0,,0.0,0.0,0,0.0,0.0,,nan,0.0
2000,PL,千葉ロッテマリーンズ,31533868,酒井　忠晴,T.Sakai,106.0,315.0,271.0,23.0,60.0,11.0,2.0,1.0,78.0,29.0,1,0,19.0,3.0,20.0,0,2.0,41.0,7.0,0.221,0.277,0.288,0.565,46.0,0.06699999999999998,0.05600000000000002,0.344,6.349206349206349,13.015873015873018,0.4878048780487805,0.2543103448275862,0.19665,373.0,0.14022140221402213,0.45871559633027525,0.221,60.0,1.0,29.0,106.0,315.0,271.0,46.0,11.0,2.0,23.0,0.277,0.288,20.0,0,2.0,,78.0,1,0,19.0,3.0,,21.443298969072163,21.021999999999995
2000,PL,千葉ロッテマリーンズ,31533880,黒木　知宏,T.Kuroki,26.0,0.0,0.0,0.0,0.0,0.0,0.0,0.0,0.0,0.0,0.0,0,0.0,0.0,0.0,0,0.0,0.0,0.0,,,,0.0,0.0,0.0,0.0,,nan,nan,nan,nan,0.0,0.0,nan,nan,,0.0,0.0,0.0,26.0,0.0,0.0,0.0,0.0,0.0,0.0,,,0.0,0,0.0,,0.0,0.0,0,0.0,0.0,,nan,0.0
2000,PL,千葉ロッテマリーンズ,31533884,川俣　ヒロアキ,H.Kawamata,4.0,0.0,0.0,0.0,0.0,0.0,0.0,0.0,0.0,0.0,0.0,0,0.0,0.0,0.0,0,0.0,0.0,0.0,,,,0.0,0.0,0.0,0.0,,nan,nan,nan,nan,0.0,0.0,nan,nan,,0.0,0.0,0.0,4.0,0.0,0.0,0.0,0.0,0.0,0.0,,,0.0,0,0.0,,0.0,0.0,0,0.0,0.0,,nan,0.0
2000,PL,埼玉西武ライオンズ,31533887,黒田　哲史,S.Kuroda,58.0,116.0,99.0,8.0,19.0,2.0,0.0,1.0,24.0,2.0,4,0,10.0,0.0,7.0,0,0.0,19.0,1.0,0.192,0.245,0.242,0.487,16.0,0.04999999999999999,0.05299999999999999,0.295,6.0344827586206895,16.379310344827587,0.3684210526315789,0.22784810126582278,0.17075,325.6666666666667,0.12121212121212122,0.38271604938271603,0.192,19.0,1.0,2.0,58.0,116.0,99.0,16.0,2.0,0.0,8.0,0.245,0.242,7.0,0,0.0,,24.0,4,0,10.0,0.0,,5.886792452830188,5.35
2000,PL,福岡ソフトバンクホークス,31533889,小久保　裕紀,H.Kokubo,125.0,520.0,473.0,87.0,136.0,26.0,3.0,31.0,261.0,105.0,5,2,0.0,6.0,31.0,0,10.0,85.0,13.0,0.288,0.34,0.552,0.8920000000000001,76.0,0.26400000000000007,0.052000000000000046,0.6040000000000001,5.961538461538462,16.346153846153847,0.36470588235294116,0.2892561983471074,0.29100000000000004,524.0,0.33403805496828753,0.8685714285714285,0.288,136.0,31.0,105.0,125.0,520.0,473.0,76.0,26.0,3.0,87.0,0.34,0.552,31.0,0,10.0,,261.0,5,2,0.0,6.0,,86.48214285714286,85.344
2000,PL,近鉄バファローズ,31633868,石毛　博史,H.Ishige,46.0,0.0,0.0,0.0,0.0,0.0,0.0,0.0,0.0,0.0,0.0,0,0.0,0.0,0.0,0,0.0,0.0,0.0,,,,0.0,0.0,0.0,0.0,,nan,nan,nan,nan,0.0,0.0,nan,nan,,0.0,0.0,0.0,46.0,0.0,0.0,0.0,0.0,0.0,0.0,,,0.0,0,0.0,,0.0,0.0,0,0.0,0.0,,nan,0.0
2000,PL,近鉄バファローズ,31635111,N.エルビラ,N.Elvira,27.0,0.0,0.0,0.0,0.0,0.0,0.0,0.0,0.0,0.0,0.0,0,0.0,0.0,0.0,0,0.0,0.0,0.0,,,,0.0,0.0,0.0,0.0,,nan,nan,nan,nan,0.0,0.0,nan,nan,,0.0,0.0,0.0,27.0,0.0,0.0,0.0,0.0,0.0,0.0,,,0.0,0,0.0,,0.0,0.0,0,0.0,0.0,,nan,0.0
2000,PL,近鉄バファローズ,31733862,鈴木　貴久,T.Suzuki,11.0,20.0,20.0,1.0,2.0,0.0,0.0,0.0,2.0,2.0,0.0,0,0.0,0.0,0.0,0,0.0,6.0,1.0,0.1,0.1,0.1,0.2,2.0,0.0,0.0,0.1,0.0,30.0,0.0,0.14285714285714285,0.07,133.33333333333334,0.0,0.10526315789473684,0.1,2.0,0.0,2.0,11.0,20.0,20.0,2.0,0.0,0.0,1.0,0.1,0.1,0.0,0,0.0,,2.0,0.0,0,0.0,0.0,,0.2,-0.764
2000,PL,福岡ソフトバンクホークス,31733880,城島　健司,K.Joujima,84.0,342.0,303.0,38.0,94.0,22.0,2.0,9.0,147.0,50.0,10,2,5.0,1.0,27.0,0,6.0,48.0,13.0,0.31,0.377,0.485,0.862,61.0,0.175,0.067,0.552,7.894736842105263,14.035087719298245,0.5625,0.3441295546558704,0.2909,538.6666666666666,0.2706270627062706,0.8198198198198198,0.31,94.0,9.0,50.0,84.0,342.0,303.0,61.0,22.0,2.0,38.0,0.377,0.485,27.0,0,6.0,,147.0,10,2,5.0,1.0,,53.9,52.14800000000001
2000,PL,千葉ロッテマリーンズ,31733888,里崎　智也,T.Satozaki,4.0,7.0,7.0,2.0,3.0,2.0,0.0,0.0,5.0,1.0,0.0,0,0.0,0.0,0.0,0,0.0,2.0,1.0,0.429,0.429,0.714,1.143,1.0,0.285,0.0,0.714,0.0,28.57142857142857,0.0,0.6,0.37155,667.0,0.2857142857142857,1.0,0.429,3.0,0.0,1.0,4.0,7.0,7.0,1.0,2.0,0.0,2.0,0.429,0.714,0.0,0,0.0,,5.0,0.0,0,0.0,0.0,,2.142857142857143,1.548
2000,PL,北海道日本ハムファイターズ,31733889,関根　裕之,H.Sekine,29.0,0.0,0.0,0.0,0.0,0.0,0.0,0.0,0.0,0.0,0.0,0,0.0,0.0,0.0,0,0.0,0.0,0.0,,,,0.0,0.0,0.0,0.0,,nan,nan,nan,nan,0.0,0.0,nan,nan,,0.0,0.0,0.0,29.0,0.0,0.0,0.0,0.0,0.0,0.0,,,0.0,0,0.0,,0.0,0.0,0,0.0,0.0,,nan,0.0
2000,PL,千葉ロッテマリーンズ,31835111,J.バリー,J.Barry,48.0,149.0,126.0,20.0,33.0,4.0,2.0,3.0,50.0,15.0,4,0,0.0,0.0,23.0,0,0.0,28.0,4.0,0.262,0.376,0.397,0.773,24.0,0.135,0.11399999999999999,0.511,15.436241610738255,18.79194630872483,0.8214285714285714,0.3157894736842105,0.26845,508.3333333333333,0.31746031746031744,0.7525773195876289,0.262,33.0,3.0,15.0,48.0,149.0,126.0,24.0,4.0,2.0,20.0,0.376,0.397,23.0,0,0.0,,50.0,4,0,0.0,0.0,,18.79194630872483,19.756
2000,PL,北海道日本ハムファイターズ,31933884,髙橋　信二,S.Takahashi,1.0,1.0,1.0,0.0,1.0,1.0,0.0,0.0,2.0,1.0,0.0,0,0.0,0.0,0.0,0,0.0,0.0,0.0,1.0,1.0,2.0,3.0,0.0,1.0,0.0,2.0,0.0,0.0,nan,1.0,0.95,1666.6666666666665,1.0,nan,1.0,1.0,0.0,1.0,1.0,1.0,1.0,0.0,1.0,0.0,0.0,1.0,2.0,0.0,0,0.0,,2.0,0.0,0,0.0,0.0,,2.0,0.72
2000,PL,北海道日本ハムファイターズ,31933887,田口　昌徳,M.Taguchi,19.0,14.0,11.0,1.0,1.0,0.0,0.0,0.0,1.0,0.0,0.0,0,1.0,0.0,1.0,0,1.0,1.0,0.0,0.091,0.231,0.091,0.322,1.0,0.0,0.14,0.231,7.142857142857142,7.142857142857142,1.0,0.1,0.1267,261.33333333333337,0.09090909090909091,0.3,0.091,1.0,0.0,0.0,19.0,14.0,11.0,1.0,0.0,0.0,1.0,0.231,0.091,1.0,0,1.0,,1.0,0.0,0,1.0,0.0,,0.16666666666666666,0.18000000000000016
2000,PL,福岡ソフトバンクホークス,31935111,田中　総司,S.Tanaka,1.0,0.0,0.0,0.0,0.0,0.0,0.0,0.0,0.0,0.0,0.0,0,0.0,0.0,0.0,0,0.0,0.0,0.0,,,,0.0,0.0,0.0,0.0,,nan,nan,nan,nan,0.0,0.0,nan,nan,,0.0,0.0,0.0,1.0,0.0,0.0,0.0,0.0,0.0,0.0,,,0.0,0,0.0,,0.0,0.0,0,0.0,0.0,,nan,0.0
2000,PL,オリックスブルーウェーブ,3305111,J.ナナリー,J.Nunnally,42.0,134.0,115.0,18.0,19.0,7.0,0.0,5.0,41.0,15.0,0.0,0,0.0,0.0,19.0,0,0.0,44.0,3.0,0.165,0.284,0.357,0.641,7.0,0.19199999999999998,0.11899999999999997,0.476,14.17910447761194,32.83582089552239,0.4318181818181818,0.21212121212121213,0.21705,402.99999999999994,0.3565217391304348,0.6060606060606061,0.165,19.0,5.0,15.0,42.0,134.0,115.0,7.0,7.0,0.0,18.0,0.284,0.357,19.0,0,0.0,,41.0,0.0,0,0.0,0.0,,11.626865671641792,12.601999999999997
2000,PL,福岡ソフトバンクホークス,33135111,B.ラジオ,B.Raggio,25.0,0.0,0.0,0.0,0.0,0.0,0.0,0.0,0.0,0.0,0.0,0,0.0,0.0,0.0,0,0.0,0.0,0.0,,,,0.0,0.0,0.0,0.0,,nan,nan,nan,nan,0.0,0.0,nan,nan,,0.0,0.0,0.0,25.0,0.0,0.0,0.0,0.0,0.0,0.0,,,0.0,0,0.0,,0.0,0.0,0,0.0,0.0,,nan,0.0
2000,PL,近鉄バファローズ,35433868,赤堀　元之,M.Akahori,3.0,0.0,0.0,0.0,0.0,0.0,0.0,0.0,0.0,0.0,0.0,0,0.0,0.0,0.0,0,0.0,0.0,0.0,,,,0.0,0.0,0.0,0.0,,nan,nan,nan,nan,0.0,0.0,nan,nan,,0.0,0.0,0.0,3.0,0.0,0.0,0.0,0.0,0.0,0.0,,,0.0,0,0.0,,0.0,0.0,0,0.0,0.0,,nan,0.0
2000,PL,福岡ソフトバンクホークス,3703868,吉永　幸一郎,K.Yoshinaga,104.0,275.0,227.0,25.0,58.0,6.0,2.0,9.0,95.0,33.0,0.0,0,1.0,6.0,40.0,0,1.0,54.0,5.0,0.256,0.361,0.419,0.78,41.0,0.16299999999999998,0.10499999999999998,0.524,14.545454545454545,19.636363636363637,0.7407407407407407,0.28823529411764703,0.2672,500.6666666666666,0.3392070484581498,0.7816091954022989,0.256,58.0,9.0,33.0,104.0,275.0,227.0,41.0,6.0,2.0,25.0,0.361,0.419,40.0,0,1.0,,95.0,0.0,0,1.0,6.0,,34.8689138576779,36.828
2000,PL,オリックスブルーウェーブ,37133868,小川　博文,H.Ogawa,101.0,269.0,241.0,28.0,63.0,10.0,0.0,5.0,88.0,45.0,3,1,1.0,3.0,24.0,0,0.0,66.0,4.0,0.261,0.325,0.365,0.69,48.0,0.10399999999999998,0.064,0.429,8.921933085501859,24.53531598513011,0.36363636363636365,0.3352601156069364,0.23750000000000002,446.66666666666663,0.2074688796680498,0.6208791208791209,0.261,63.0,5.0,45.0,101.0,269.0,241.0,48.0,10.0,0.0,28.0,0.325,0.365,24.0,0,0.0,,88.0,3,1,1.0,3.0,,28.890566037735848,29.056
2000,PL,福岡ソフトバンクホークス,41043881,出口　雄大,Y.Deguchi,11.0,7.0,4.0,7.0,0.0,0.0,0.0,0.0,0.0,0.0,3,0,2.0,0.0,1.0,0,0.0,3.0,0.0,0.0,0.2,0.0,0.2,0.0,0.0,0.2,0.2,14.285714285714285,42.857142857142854,0.3333333333333333,0.0,0.09000000000000001,200.0,0.25,0.25,0.0,0.0,0.0,0.0,11.0,7.0,4.0,0.0,0.0,0.0,7.0,0.2,0.0,1.0,0,0.0,,0.0,3,0,2.0,0.0,,0.0,-0.062
2000,PL,福岡ソフトバンクホークス,41043882,松本　輝,A.Matsumoto,11.0,0.0,0.0,0.0,0.0,0.0,0.0,0.0,0.0,0.0,0.0,0,0.0,0.0,0.0,0,0.0,0.0,0.0,,,,0.0,0.0,0.0,0.0,,nan,nan,nan,nan,0.0,0.0,nan,nan,,0.0,0.0,0.0,11.0,0.0,0.0,0.0,0.0,0.0,0.0,,,0.0,0,0.0,,0.0,0.0,0,0.0,0.0,,nan,0.0
2000,PL,埼玉西武ライオンズ,41043888,星野　智樹,T.Hoshino,9.0,0.0,0.0,0.0,0.0,0.0,0.0,0.0,0.0,0.0,0.0,0,0.0,0.0,0.0,0,0.0,0.0,0.0,,,,0.0,0.0,0.0,0.0,,nan,nan,nan,nan,0.0,0.0,nan,nan,,0.0,0.0,0.0,9.0,0.0,0.0,0.0,0.0,0.0,0.0,,,0.0,0,0.0,,0.0,0.0,0,0.0,0.0,,nan,0.0
2000,PL,千葉ロッテマリーンズ,41143880,サブロー,S.Saburo（oomura,95.0,314.0,263.0,42.0,71.0,13.0,1.0,5.0,101.0,23.0,8,2,15.0,1.0,35.0,0,0.0,41.0,4.0,0.27,0.355,0.384,0.739,52.0,0.11399999999999999,0.08499999999999996,0.469,11.146496815286625,13.05732484076433,0.8536585365853658,0.30275229357798167,0.25575000000000003,483.0,0.25475285171102663,0.7040816326530612,0.27,71.0,5.0,23.0,95.0,314.0,263.0,52.0,13.0,1.0,42.0,0.355,0.384,35.0,0,0.0,,101.0,8,2,15.0,1.0,,35.92617449664429,36.69399999999999
2000,PL,千葉ロッテマリーンズ,41143881,石井　浩郎,H.Ishii,95.0,368.0,312.0,37.0,83.0,15.0,0.0,10.0,128.0,51.0,0.0,0,0.0,3.0,48.0,0,5.0,49.0,12.0,0.266,0.37,0.41,0.78,58.0,0.14399999999999996,0.10399999999999998,0.514,13.043478260869565,13.31521739130435,0.9795918367346939,0.28515625,0.269,506.6666666666666,0.2980769230769231,0.7510373443983402,0.266,83.0,10.0,51.0,95.0,368.0,312.0,58.0,15.0,0.0,37.0,0.37,0.41,48.0,0,5.0,,128.0,0.0,0,0.0,3.0,,46.577777777777776,49.248
2000,PL,近鉄バファローズ,41243860,古久保　健二,K.Furukubo,5.0,8.0,7.0,0.0,0.0,0.0,0.0,0.0,0.0,0.0,0.0,0,0.0,0.0,1.0,0,0.0,1.0,1.0,0.0,0.125,0.0,0.125,0.0,0.0,0.125,0.125,12.5,12.5,1.0,0.0,0.05625,125.0,0.14285714285714285,0.125,0.0,0.0,0.0,0.0,5.0,8.0,7.0,0.0,0.0,0.0,0.0,0.125,0.0,1.0,0,0.0,,0.0,0.0,0,0.0,0.0,,0.0,-0.35600000000000004
2000,PL,福岡ソフトバンクホークス,41243868,吉田　修司,S.Yoshida,69.0,0.0,0.0,0.0,0.0,0.0,0.0,0.0,0.0,0.0,0.0,0,0.0,0.0,0.0,0,0.0,0.0,0.0,,,,0.0,0.0,0.0,0.0,,nan,nan,nan,nan,0.0,0.0,nan,nan,,0.0,0.0,0.0,69.0,0.0,0.0,0.0,0.0,0.0,0.0,,,0.0,0,0.0,,0.0,0.0,0,0.0,0.0,,nan,0.0
2000,PL,埼玉西武ライオンズ,41243881,橋本　武広,T.Hashimoto,65.0,0.0,0.0,0.0,0.0,0.0,0.0,0.0,0.0,0.0,0.0,0,0.0,0.0,0.0,0,0.0,0.0,0.0,,,,0.0,0.0,0.0,0.0,,nan,nan,nan,nan,0.0,0.0,nan,nan,,0.0,0.0,0.0,65.0,0.0,0.0,0.0,0.0,0.0,0.0,,,0.0,0,0.0,,0.0,0.0,0,0.0,0.0,,nan,0.0
2000,PL,福岡ソフトバンクホークス,41243886,星野　順治,J.Hoshino,18.0,0.0,0.0,0.0,0.0,0.0,0.0,0.0,0.0,0.0,0.0,0,0.0,0.0,0.0,0,0.0,0.0,0.0,,,,0.0,0.0,0.0,0.0,,nan,nan,nan,nan,0.0,0.0,nan,nan,,0.0,0.0,0.0,18.0,0.0,0.0,0.0,0.0,0.0,0.0,,,0.0,0,0.0,,0.0,0.0,0,0.0,0.0,,nan,0.0
2000,PL,北海道日本ハムファイターズ,41243888,森本　稀哲,H.Morimoto,7.0,16.0,13.0,2.0,2.0,0.0,0.0,1.0,5.0,3.0,0,1,0.0,0.0,3.0,0,0.0,5.0,0.0,0.154,0.312,0.385,0.6970000000000001,1.0,0.231,0.158,0.543,18.75,31.25,0.6,0.14285714285714285,0.23665,440.33333333333337,0.5384615384615384,0.8181818181818182,0.154,2.0,1.0,3.0,7.0,16.0,13.0,1.0,0.0,0.0,2.0,0.312,0.385,3.0,0,0.0,,5.0,0,1,0.0,0.0,,1.5625,2.032
2000,PL,オリックスブルーウェーブ,41343880,岸川　登俊,T.Kishikawa,17.0,0.0,0.0,0.0,0.0,0.0,0.0,0.0,0.0,0.0,0.0,0,0.0,0.0,0.0,0,0.0,0.0,0.0,,,,0.0,0.0,0.0,0.0,,nan,nan,nan,nan,0.0,0.0,nan,nan,,0.0,0.0,0.0,17.0,0.0,0.0,0.0,0.0,0.0,0.0,,,0.0,0,0.0,,0.0,0.0,0,0.0,0.0,,nan,0.0
2000,PL,福岡ソフトバンクホークス,41343884,岡本　劼能,K.Okamoto,7.0,0.0,0.0,0.0,0.0,0.0,0.0,0.0,0.0,0.0,0.0,0,0.0,0.0,0.0,0,0.0,0.0,0.0,,,,0.0,0.0,0.0,0.0,,nan,nan,nan,nan,0.0,0.0,nan,nan,,0.0,0.0,0.0,7.0,0.0,0.0,0.0,0.0,0.0,0.0,,,0.0,0,0.0,,0.0,0.0,0,0.0,0.0,,nan,0.0
2000,PL,オリックスブルーウェーブ,41445111,G.アリアス,G.Arias,116.0,461.0,412.0,66.0,103.0,21.0,0.0,26.0,202.0,61.0,2,0,0.0,3.0,43.0,0,3.0,110.0,6.0,0.25,0.323,0.49,0.813,56.0,0.24,0.07300000000000001,0.563,9.327548806941431,23.861171366594363,0.39090909090909093,0.27598566308243727,0.26785000000000003,486.3333333333333,0.3446601941747573,0.7873015873015873,0.25,103.0,26.0,61.0,116.0,461.0,412.0,56.0,21.0,0.0,66.0,0.323,0.49,43.0,0,3.0,,202.0,2,0,0.0,3.0,,64.81758241758241,65.45800000000001
2000,PL,千葉ロッテマリーンズ,41543860,河野　博文,H.Kouno,29.0,0.0,0.0,0.0,0.0,0.0,0.0,0.0,0.0,0.0,0.0,0,0.0,0.0,0.0,0,0.0,0.0,0.0,,,,0.0,0.0,0.0,0.0,,nan,nan,nan,nan,0.0,0.0,nan,nan,,0.0,0.0,0.0,29.0,0.0,0.0,0.0,0.0,0.0,0.0,,,0.0,0,0.0,,0.0,0.0,0,0.0,0.0,,nan,0.0
2000,PL,近鉄バファローズ,41543866,盛田　幸妃,K.Morita,3.0,0.0,0.0,0.0,0.0,0.0,0.0,0.0,0.0,0.0,0.0,0,0.0,0.0,0.0,0,0.0,0.0,0.0,,,,0.0,0.0,0.0,0.0,,nan,nan,nan,nan,0.0,0.0,nan,nan,,0.0,0.0,0.0,3.0,0.0,0.0,0.0,0.0,0.0,0.0,,,0.0,0,0.0,,0.0,0.0,0,0.0,0.0,,nan,0.0
2000,PL,北海道日本ハムファイターズ,41543880,櫻井　幸博,Y.Sakurai,7.0,0.0,0.0,0.0,0.0,0.0,0.0,0.0,0.0,0.0,0.0,0,0.0,0.0,0.0,0,0.0,0.0,0.0,,,,0.0,0.0,0.0,0.0,,nan,nan,nan,nan,0.0,0.0,nan,nan,,0.0,0.0,0.0,7.0,0.0,0.0,0.0,0.0,0.0,0.0,,,0.0,0,0.0,,0.0,0.0,0,0.0,0.0,,nan,0.0
2000,PL,千葉ロッテマリーンズ,41543884,小坂　誠,M.Kosaka,135.0,559.0,462.0,57.0,110.0,17.0,4.0,1.0,138.0,30.0,33,11,23.0,5.0,69.0,0,0.0,69.0,4.0,0.238,0.334,0.299,0.633,88.0,0.061,0.09600000000000003,0.395,12.343470483005367,12.343470483005367,1.0,0.27455919395465994,0.22505000000000003,433.6666666666667,0.23376623376623376,0.6123595505617978,0.238,110.0,1.0,30.0,135.0,559.0,462.0,88.0,17.0,4.0,57.0,0.334,0.299,69.0,0,0.0,,138.0,33,11,23.0,5.0,,46.51977401129943,52.094
2000,PL,千葉ロッテマリーンズ,41545111,清水　直行,N.Shimizu,27.0,0.0,0.0,0.0,0.0,0.0,0.0,0.0,0.0,0.0,0.0,0,0.0,0.0,0.0,0,0.0,0.0,0.0,,,,0.0,0.0,0.0,0.0,,nan,nan,nan,nan,0.0,0.0,nan,nan,,0.0,0.0,0.0,27.0,0.0,0.0,0.0,0.0,0.0,0.0,,,0.0,0,0.0,,0.0,0.0,0,0.0,0.0,,nan,0.0
2000,PL,近鉄バファローズ,41643883,水口　栄二,E.Mizuguchi,129.0,548.0,462.0,57.0,116.0,16.0,1.0,3.0,143.0,39.0,1,4,20.0,6.0,59.0,0,1.0,54.0,3.0,0.251,0.333,0.31,0.643,96.0,0.059,0.08200000000000002,0.392,10.766423357664232,9.854014598540147,1.0925925925925926,0.2749391727493917,0.22735,436.33333333333337,0.19480519480519481,0.5931232091690545,0.251,116.0,3.0,39.0,129.0,548.0,462.0,96.0,16.0,1.0,57.0,0.333,0.31,59.0,0,1.0,,143.0,1,4,20.0,6.0,,48.03262955854127,51.49199999999999
2000,PL,北海道日本ハムファイターズ,41643888,M.フランクリン,M.Franklin,5.0,20.0,15.0,2.0,3.0,2.0,0.0,0.0,5.0,0.0,0.0,0,0.0,0.0,5.0,0,0.0,6.0,1.0,0.2,0.4,0.333,0.7330000000000001,1.0,0.133,0.2,0.533,25.0,30.0,0.8333333333333334,0.3333333333333333,0.26325000000000004,511.0,0.4666666666666667,0.7692307692307693,0.2,3.0,0.0,0.0,5.0,20.0,15.0,1.0,2.0,0.0,2.0,0.4,0.333,5.0,0,0.0,,5.0,0.0,0,0.0,0.0,,2.0,2.4139999999999997
2000,PL,北海道日本ハムファイターズ,41743862,田中　幸雄,Y.Tanaka,97.0,373.0,328.0,45.0,84.0,16.0,1.0,15.0,147.0,46.0,1.0,1,5.0,2.0,30.0,0,8.0,85.0,4.0,0.256,0.332,0.448,0.78,52.0,0.192,0.07600000000000001,0.524,8.04289544235925,22.78820375335121,0.35294117647058826,0.3,0.2614,481.33333333333337,0.2865853658536585,0.75,0.256,84.0,15.0,46.0,97.0,373.0,328.0,52.0,16.0,1.0,45.0,0.332,0.448,30.0,0,8.0,,147.0,1.0,1,5.0,2.0,,46.81005586592179,48.968
2000,PL,福岡ソフトバンクホークス,41743882,土井　雅弘,M.Doi,14.0,0.0,0.0,0.0,0.0,0.0,0.0,0.0,0.0,0.0,0.0,0,0.0,0.0,0.0,0,0.0,0.0,0.0,,,,0.0,0.0,0.0,0.0,,nan,nan,nan,nan,0.0,0.0,nan,nan,,0.0,0.0,0.0,14.0,0.0,0.0,0.0,0.0,0.0,0.0,,,0.0,0,0.0,,0.0,0.0,0,0.0,0.0,,nan,0.0
2000,PL,オリックスブルーウェーブ,41743884,杉本　友,Y.Sugimoto,19.0,0.0,0.0,0.0,0.0,0.0,0.0,0.0,0.0,0.0,0.0,0,0.0,0.0,0.0,0,0.0,0.0,0.0,,,,0.0,0.0,0.0,0.0,,nan,nan,nan,nan,0.0,0.0,nan,nan,,0.0,0.0,0.0,19.0,0.0,0.0,0.0,0.0,0.0,0.0,,,0.0,0,0.0,,0.0,0.0,0,0.0,0.0,,nan,0.0
2000,PL,北海道日本ハムファイターズ,41743885,新谷　博,H.Shintani,28.0,0.0,0.0,0.0,0.0,0.0,0.0,0.0,0.0,0.0,0.0,0,0.0,0.0,0.0,0,0.0,0.0,0.0,,,,0.0,0.0,0.0,0.0,,nan,nan,nan,nan,0.0,0.0,nan,nan,,0.0,0.0,0.0,28.0,0.0,0.0,0.0,0.0,0.0,0.0,,,0.0,0,0.0,,0.0,0.0,0,0.0,0.0,,nan,0.0
2000,PL,近鉄バファローズ,41743886,高須　洋介,Y.Takasu,5.0,5.0,4.0,1.0,0.0,0.0,0.0,0.0,0.0,0.0,0.0,0,0.0,0.0,1.0,0,0.0,0.0,0.0,0.0,0.2,0.0,0.2,0.0,0.0,0.2,0.2,20.0,0.0,nan,0.0,0.09000000000000001,200.0,0.25,0.25,0.0,0.0,0.0,0.0,5.0,5.0,4.0,0.0,0.0,0.0,1.0,0.2,0.0,1.0,0,0.0,,0.0,0.0,0,0.0,0.0,,0.0,-0.062
2000,PL,北海道日本ハムファイターズ,41743888,立石　尚行,N.Tateishi,27.0,0.0,0.0,0.0,0.0,0.0,0.0,0.0,0.0,0.0,0.0,0,0.0,0.0,0.0,0,0.0,0.0,0.0,,,,0.0,0.0,0.0,0.0,,nan,nan,nan,nan,0.0,0.0,nan,nan,,0.0,0.0,0.0,27.0,0.0,0.0,0.0,0.0,0.0,0.0,,,0.0,0,0.0,,0.0,0.0,0,0.0,0.0,,nan,0.0
2000,PL,オリックスブルーウェーブ,41943864,藤井　康雄,Y.Fujii,112.0,325.0,280.0,36.0,64.0,15.0,2.0,18.0,137.0,54.0,0.0,0,0.0,6.0,36.0,0,2.0,62.0,2.0,0.229,0.315,0.489,0.804,29.0,0.26,0.086,0.575,11.076923076923077,19.076923076923077,0.5806451612903226,0.22330097087378642,0.264,478.0,0.3892857142857143,0.8027522935779816,0.229,64.0,18.0,54.0,112.0,325.0,280.0,29.0,15.0,2.0,36.0,0.315,0.489,36.0,0,2.0,,137.0,0.0,0,0.0,6.0,,43.35443037974684,44.672000000000004
2000,PL,北海道日本ハムファイターズ,41943868,藤島　誠剛,S.Fujishima,35.0,46.0,39.0,7.0,6.0,2.0,0.0,1.0,11.0,4.0,0.0,0,1.0,0.0,5.0,0,1.0,12.0,0.0,0.154,0.267,0.282,0.5489999999999999,3.0,0.12799999999999997,0.11300000000000002,0.395,10.869565217391305,26.08695652173913,0.4166666666666667,0.19230769230769232,0.19065,361.0,0.2564102564102564,0.5151515151515151,0.154,6.0,1.0,4.0,35.0,46.0,39.0,3.0,2.0,0.0,7.0,0.267,0.282,5.0,0,1.0,,11.0,0.0,0,1.0,0.0,,2.75,3.1259999999999994
2000,PL,オリックスブルーウェーブ,41943881,杉本　尚文,N.Sugimoto,11.0,3.0,2.0,0.0,1.0,0.0,0.0,0.0,1.0,0.0,0.0,0,1.0,0.0,0.0,0,0.0,1.0,0.0,0.5,0.5,0.5,1.0,1.0,0.0,0.0,0.5,0.0,33.33333333333333,0.0,1.0,0.35,666.6666666666666,0.0,1.0,0.5,1.0,0.0,0.0,11.0,3.0,2.0,1.0,0.0,0.0,0.0,0.5,0.5,0.0,0,0.0,,1.0,0.0,0,1.0,0.0,,0.5,0.402
2000,PL,埼玉西武ライオンズ,41943882,原井　和也,K.Harai,21.0,32.0,28.0,2.0,5.0,0.0,1.0,0.0,7.0,1.0,1.0,1,2.0,0.0,2.0,0,0.0,5.0,0.0,0.179,0.233,0.25,0.483,4.0,0.07100000000000001,0.05400000000000002,0.304,6.25,15.625,0.4,0.21739130434782608,0.16735,316.33333333333337,0.17857142857142858,0.43478260869565216,0.179,5.0,0.0,1.0,21.0,32.0,28.0,4.0,0.0,1.0,2.0,0.233,0.25,2.0,0,0.0,,7.0,1.0,1,2.0,0.0,,1.6333333333333333,1.6260000000000003
2000,PL,埼玉西武ライオンズ,41943883,犬伏　稔昌,T.Inubushi,5.0,8.0,7.0,1.0,1.0,0.0,0.0,1.0,4.0,2.0,0.0,0,1.0,0.0,0.0,0,0.0,3.0,0.0,0.143,0.143,0.571,0.714,0.0,0.42799999999999994,0.0,0.571,0.0,37.5,0.0,0.0,0.20709999999999998,333.3333333333333,0.42857142857142855,0.6666666666666666,0.143,1.0,1.0,2.0,5.0,8.0,7.0,0.0,0.0,0.0,1.0,0.143,0.571,0.0,0,0.0,,4.0,0.0,0,1.0,0.0,,0.5714285714285714,0.8519999999999999
2000,PL,福岡ソフトバンクホークス,43143888,M.ランデル,M.Randel,1.0,0.0,0.0,0.0,0.0,0.0,0.0,0.0,0.0,0.0,0.0,0,0.0,0.0,0.0,0,0.0,0.0,0.0,,,,0.0,0.0,0.0,0.0,,nan,nan,nan,nan,0.0,0.0,nan,nan,,0.0,0.0,0.0,1.0,0.0,0.0,0.0,0.0,0.0,0.0,,,0.0,0,0.0,,0.0,0.0,0,0.0,0.0,,nan,0.0
2000,PL,埼玉西武ライオンズ,43145111,T.フェルナンデス,T.Fernandez,103.0,440.0,370.0,64.0,121.0,24.0,1.0,11.0,180.0,74.0,2,4,0.0,7.0,58.0,0,5.0,47.0,10.0,0.327,0.418,0.486,0.9039999999999999,85.0,0.15899999999999997,0.09099999999999997,0.577,13.18181818181818,10.681818181818182,1.2340425531914894,0.3448275862068966,0.3096,580.0,0.327027027027027,0.9536679536679536,0.327,121.0,11.0,74.0,103.0,440.0,370.0,85.0,24.0,1.0,64.0,0.418,0.486,58.0,0,5.0,,180.0,2,4,0.0,7.0,,75.2803738317757,73.768
2000,PL,千葉ロッテマリーンズ,43843868,平井　光親,M.Hirai,55.0,123.0,105.0,19.0,32.0,7.0,0.0,3.0,48.0,22.0,0.0,0,1.0,1.0,16.0,0,0.0,12.0,3.0,0.305,0.393,0.457,0.8500000000000001,22.0,0.15200000000000002,0.08800000000000002,0.545,13.008130081300814,9.75609756097561,1.3333333333333333,0.31868131868131866,0.2911,545.3333333333334,0.3047619047619048,0.8421052631578947,0.305,32.0,3.0,22.0,55.0,123.0,105.0,22.0,7.0,0.0,19.0,0.393,0.457,16.0,0,0.0,,48.0,0.0,0,1.0,1.0,,19.041322314049587,18.486
2000,PL,千葉ロッテマリーンズ,47143868,大村　巌,I.Oomura,14.0,20.0,18.0,0.0,2.0,0.0,0.0,0.0,2.0,1.0,0.0,0,0.0,0.0,2.0,0,0.0,4.0,0.0,0.111,0.2,0.111,0.311,2.0,0.0,0.08900000000000001,0.2,10.0,20.0,0.5,0.14285714285714285,0.11775000000000001,237.00000000000003,0.1111111111111111,0.25,0.111,2.0,0.0,1.0,14.0,20.0,18.0,2.0,0.0,0.0,0.0,0.2,0.111,2.0,0,0.0,,2.0,0.0,0,0.0,0.0,,0.4,0.09200000000000008
2000,PL,オリックスブルーウェーブ,51053881,高橋　功一,K.Takahashi,49.0,0.0,0.0,0.0,0.0,0.0,0.0,0.0,0.0,0.0,0.0,0,0.0,0.0,0.0,0,0.0,0.0,0.0,,,,0.0,0.0,0.0,0.0,,nan,nan,nan,nan,0.0,0.0,nan,nan,,0.0,0.0,0.0,49.0,0.0,0.0,0.0,0.0,0.0,0.0,,,0.0,0,0.0,,0.0,0.0,0,0.0,0.0,,nan,0.0
2000,PL,埼玉西武ライオンズ,51053886,土肥　義弘,Y.Doi,55.0,0.0,0.0,0.0,0.0,0.0,0.0,0.0,0.0,0.0,0.0,0,0.0,0.0,0.0,0,0.0,0.0,0.0,,,,0.0,0.0,0.0,0.0,,nan,nan,nan,nan,0.0,0.0,nan,nan,,0.0,0.0,0.0,55.0,0.0,0.0,0.0,0.0,0.0,0.0,,,0.0,0,0.0,,0.0,0.0,0,0.0,0.0,,nan,0.0
2000,PL,近鉄バファローズ,51053888,藤井　彰人,A.Fujii,21.0,15.0,11.0,3.0,3.0,1.0,0.0,0.0,4.0,0.0,0.0,0,0.0,0.0,4.0,0,0.0,4.0,1.0,0.273,0.467,0.364,0.831,2.0,0.09099999999999997,0.194,0.558,26.666666666666668,26.666666666666668,1.0,0.42857142857142855,0.30115000000000003,588.3333333333334,0.45454545454545453,0.8888888888888888,0.273,3.0,0.0,0.0,21.0,15.0,11.0,2.0,1.0,0.0,3.0,0.467,0.364,4.0,0,0.0,,4.0,0.0,0,0.0,0.0,,1.8666666666666667,2.2560000000000002
2000,PL,福岡ソフトバンクホークス,51153863,秋山　幸二,K.Akiyama,124.0,488.0,427.0,44.0,112.0,23.0,1.0,5.0,152.0,48.0,2,4,6.0,4.0,49.0,0,2.0,63.0,13.0,0.262,0.338,0.356,0.694,83.0,0.09399999999999997,0.07600000000000001,0.432,10.040983606557377,12.90983606557377,0.7777777777777778,0.29476584022038566,0.2411,456.6666666666667,0.21779859484777517,0.6310975609756098,0.262,112.0,5.0,48.0,124.0,488.0,427.0,83.0,23.0,1.0,44.0,0.338,0.356,49.0,0,2.0,,152.0,2,4,6.0,4.0,,51.411764705882355,52.97999999999999
2000,PL,北海道日本ハムファイターズ,51153880,厚澤　和幸,K.Atsuzawa,6.0,0.0,0.0,0.0,0.0,0.0,0.0,0.0,0.0,0.0,0.0,0,0.0,0.0,0.0,0,0.0,0.0,0.0,,,,0.0,0.0,0.0,0.0,,nan,nan,nan,nan,0.0,0.0,nan,nan,,0.0,0.0,0.0,6.0,0.0,0.0,0.0,0.0,0.0,0.0,,,0.0,0,0.0,,0.0,0.0,0,0.0,0.0,,nan,0.0
2000,PL,福岡ソフトバンクホークス,51153884,井口　資仁,T.Iguchi,54.0,185.0,162.0,21.0,40.0,9.0,2.0,7.0,74.0,23.0,5,2,5.0,1.0,15.0,0,2.0,29.0,5.0,0.247,0.317,0.457,0.774,22.0,0.21000000000000002,0.07,0.527,8.108108108108109,15.675675675675677,0.5172413793103449,0.25984251968503935,0.2569,469.33333333333337,0.3148148148148148,0.7322834645669292,0.247,40.0,7.0,23.0,54.0,185.0,162.0,22.0,9.0,2.0,21.0,0.317,0.457,15.0,0,2.0,,74.0,5,2,5.0,1.0,,22.994350282485875,23.653999999999996
2000,PL,埼玉西武ライオンズ,51153888,赤田　将吾,S.Akada,31.0,79.0,65.0,10.0,10.0,0.0,1.0,1.0,15.0,3.0,2,0,0.0,0.0,13.0,0,1.0,26.0,2.0,0.154,0.304,0.231,0.535,8.0,0.07700000000000001,0.15,0.381,16.455696202531644,32.91139240506329,0.5,0.23684210526315788,0.19455,381.0,0.27692307692307694,0.5087719298245614,0.154,10.0,1.0,3.0,31.0,79.0,65.0,8.0,0.0,1.0,10.0,0.304,0.231,13.0,0,1.0,,15.0,2,0,0.0,0.0,,4.423076923076923,5.710000000000001
2000,PL,北海道日本ハムファイターズ,51153889,井出　竜也,T.Ide,103.0,447.0,378.0,71.0,101.0,15.0,6.0,13.0,167.0,56.0,14,5,15.0,3.0,50.0,0,1.0,71.0,7.0,0.267,0.352,0.442,0.794,67.0,0.175,0.08499999999999996,0.5269999999999999,11.185682326621924,15.883668903803134,0.704225352112676,0.2962962962962963,0.2689,499.3333333333333,0.3201058201058201,0.7852112676056338,0.267,101.0,13.0,56.0,103.0,447.0,378.0,67.0,15.0,6.0,71.0,0.352,0.442,50.0,0,1.0,,167.0,14,5,15.0,3.0,,58.91822429906542,59.843999999999994
2000,PL,福岡ソフトバンクホークス,51253881,西村　龍次,T.Nishimura,1.0,0.0,0.0,0.0,0.0,0.0,0.0,0.0,0.0,0.0,0.0,0,0.0,0.0,0.0,0,0.0,0.0,0.0,,,,0.0,0.0,0.0,0.0,,nan,nan,nan,nan,0.0,0.0,nan,nan,,0.0,0.0,0.0,1.0,0.0,0.0,0.0,0.0,0.0,0.0,,,0.0,0,0.0,,0.0,0.0,0,0.0,0.0,,nan,0.0
2000,PL,近鉄バファローズ,51253882,武藤　孝司,T.Mutou,119.0,436.0,366.0,62.0,114.0,20.0,6.0,1.0,149.0,41.0,20,9,15.0,3.0,46.0,0,6.0,31.0,3.0,0.311,0.394,0.407,0.8009999999999999,87.0,0.09599999999999997,0.08300000000000002,0.49,10.550458715596331,7.110091743119266,1.4838709677419355,0.3353115727002967,0.27905,529.6666666666667,0.2459016393442623,0.8235294117647058,0.311,114.0,1.0,41.0,119.0,436.0,366.0,87.0,20.0,6.0,62.0,0.394,0.407,46.0,0,6.0,,149.0,20,9,15.0,3.0,,57.86407766990291,59.664
2000,PL,北海道日本ハムファイターズ,51253885,根本　隆輝,R.Nemoto,9.0,8.0,8.0,0.0,0.0,0.0,0.0,0.0,0.0,0.0,1,2,0.0,0.0,0.0,0,0.0,2.0,0.0,0.0,0.0,0.0,0.0,0.0,0.0,0.0,0.0,0.0,25.0,0.0,0.0,0.0,0.0,0.0,0.0,0.0,0.0,0.0,0.0,9.0,8.0,8.0,0.0,0.0,0.0,0.0,0.0,0.0,0.0,0,0.0,,0.0,1,2,0.0,0.0,,0.0,-0.784
2000,PL,近鉄バファローズ,51353882,岡本　晃,A.Okamoto,9.0,0.0,0.0,0.0,0.0,0.0,0.0,0.0,0.0,0.0,0.0,0,0.0,0.0,0.0,0,0.0,0.0,0.0,,,,0.0,0.0,0.0,0.0,,nan,nan,nan,nan,0.0,0.0,nan,nan,,0.0,0.0,0.0,9.0,0.0,0.0,0.0,0.0,0.0,0.0,,,0.0,0,0.0,,0.0,0.0,0,0.0,0.0,,nan,0.0
2000,PL,オリックスブルーウェーブ,51353887,大島　公一,K.Ooshima,119.0,509.0,382.0,64.0,108.0,17.0,1.0,1.0,130.0,33.0,1.0,1,35.0,2.0,90.0,0,0.0,46.0,4.0,0.283,0.418,0.34,0.758,89.0,0.05700000000000005,0.135,0.475,17.68172888015717,9.037328094302556,1.9565217391304348,0.31750741839762614,0.2731,531.3333333333334,0.29581151832460734,0.7949640287769785,0.283,108.0,1.0,33.0,119.0,509.0,382.0,89.0,17.0,1.0,64.0,0.418,0.34,90.0,0,0.0,,130.0,1.0,1,35.0,2.0,,54.53389830508475,62.248000000000005
2000,PL,近鉄バファローズ,51455111,山下　勝充,K.Yamashita,67.0,126.0,107.0,8.0,16.0,4.0,0.0,1.0,23.0,5.0,0,2,7.0,1.0,10.0,0,1.0,26.0,3.0,0.15,0.227,0.215,0.442,11.0,0.065,0.07700000000000001,0.292,7.936507936507936,20.634920634920633,0.38461538461538464,0.18518518518518517,0.1559,298.6666666666667,0.17757009345794392,0.3829787234042553,0.15,16.0,1.0,5.0,67.0,126.0,107.0,11.0,4.0,0.0,8.0,0.227,0.215,10.0,0,1.0,,23.0,0,2,7.0,1.0,,5.111111111111111,4.891999999999998
2000,PL,福岡ソフトバンクホークス,51553882,佐久本　昌広,M.Sakumoto,3.0,0.0,0.0,0.0,0.0,0.0,0.0,0.0,0.0,0.0,0.0,0,0.0,0.0,0.0,0,0.0,0.0,0.0,,,,0.0,0.0,0.0,0.0,,nan,nan,nan,nan,0.0,0.0,nan,nan,,0.0,0.0,0.0,3.0,0.0,0.0,0.0,0.0,0.0,0.0,,,0.0,0,0.0,,0.0,0.0,0,0.0,0.0,,nan,0.0
2000,PL,近鉄バファローズ,51553887,古池　拓一,T.Koike,8.0,0.0,0.0,0.0,0.0,0.0,0.0,0.0,0.0,0.0,0.0,0,0.0,0.0,0.0,0,0.0,0.0,0.0,,,,0.0,0.0,0.0,0.0,,nan,nan,nan,nan,0.0,0.0,nan,nan,,0.0,0.0,0.0,8.0,0.0,0.0,0.0,0.0,0.0,0.0,,,0.0,0,0.0,,0.0,0.0,0,0.0,0.0,,nan,0.0
2000,PL,埼玉西武ライオンズ,51555111,後藤　光貴,M.Gotou,2.0,0.0,0.0,0.0,0.0,0.0,0.0,0.0,0.0,0.0,0.0,0,0.0,0.0,0.0,0,0.0,0.0,0.0,,,,0.0,0.0,0.0,0.0,,nan,nan,nan,nan,0.0,0.0,nan,nan,,0.0,0.0,0.0,2.0,0.0,0.0,0.0,0.0,0.0,0.0,,,0.0,0,0.0,,0.0,0.0,0,0.0,0.0,,nan,0.0
2000,PL,北海道日本ハムファイターズ,51655111,K.オーミー,K.Ohme,12.0,0.0,0.0,0.0,0.0,0.0,0.0,0.0,0.0,0.0,0.0,0,0.0,0.0,0.0,0,0.0,0.0,0.0,,,,0.0,0.0,0.0,0.0,,nan,nan,nan,nan,0.0,0.0,nan,nan,,0.0,0.0,0.0,12.0,0.0,0.0,0.0,0.0,0.0,0.0,,,0.0,0,0.0,,0.0,0.0,0,0.0,0.0,,nan,0.0
2000,PL,埼玉西武ライオンズ,51753864,デニー,T.Deni（deni,48.0,0.0,0.0,0.0,0.0,0.0,0.0,0.0,0.0,0.0,0.0,0,0.0,0.0,0.0,0,0.0,0.0,0.0,,,,0.0,0.0,0.0,0.0,,nan,nan,nan,nan,0.0,0.0,nan,nan,,0.0,0.0,0.0,48.0,0.0,0.0,0.0,0.0,0.0,0.0,,,0.0,0,0.0,,0.0,0.0,0,0.0,0.0,,nan,0.0
2000,PL,埼玉西武ライオンズ,51753880,高木　浩之,H.Takagi,61.0,118.0,97.0,9.0,16.0,0.0,0.0,0.0,16.0,3.0,1,0,7.0,1.0,11.0,0,2.0,10.0,2.0,0.165,0.261,0.165,0.42600000000000005,16.0,0.0,0.096,0.261,9.322033898305085,8.47457627118644,1.1,0.18181818181818182,0.1587,316.0,0.1134020618556701,0.3493975903614458,0.165,16.0,0.0,3.0,61.0,118.0,97.0,16.0,0.0,0.0,9.0,0.261,0.165,11.0,0,2.0,,16.0,1,0,7.0,1.0,,4.0,4.3519999999999985
2000,PL,北海道日本ハムファイターズ,51753888,實松　一成,K.Sanematsu,10.0,9.0,8.0,0.0,1.0,0.0,0.0,0.0,1.0,1.0,0.0,0,0.0,1.0,0.0,0,0.0,4.0,0.0,0.125,0.111,0.125,0.236,1.0,0.0,-0.013999999999999999,0.111,0.0,44.44444444444444,0.0,0.2,0.0812,152.66666666666669,0.0,0.14285714285714285,0.125,1.0,0.0,1.0,10.0,9.0,8.0,1.0,0.0,0.0,0.0,0.111,0.125,0.0,0,0.0,,1.0,0.0,0,0.0,1.0,,0.125,-0.18600000000000005
2000,PL,千葉ロッテマリーンズ,51853888,F.ボーリック,F.Bolick,125.0,536.0,432.0,77.0,128.0,28.0,3.0,29.0,249.0,102.0,3,1,0.0,5.0,96.0,0,3.0,91.0,9.0,0.296,0.424,0.576,1.0,68.0,0.27999999999999997,0.128,0.704,17.91044776119403,16.977611940298505,1.054945054945055,0.31230283911671924,0.3348,616.0,0.5046296296296297,1.1150159744408945,0.296,128.0,29.0,102.0,125.0,536.0,432.0,68.0,28.0,3.0,77.0,0.424,0.576,96.0,0,3.0,,249.0,3,1,0.0,5.0,,105.63636363636364,102.09799999999998
2000,PL,埼玉西武ライオンズ,51953880,西口　文也,F.Nishiguchi,24.0,0.0,0.0,0.0,0.0,0.0,0.0,0.0,0.0,0.0,0.0,0,0.0,0.0,0.0,0,0.0,0.0,0.0,,,,0.0,0.0,0.0,0.0,,nan,nan,nan,nan,0.0,0.0,nan,nan,,0.0,0.0,0.0,24.0,0.0,0.0,0.0,0.0,0.0,0.0,,,0.0,0,0.0,,0.0,0.0,0,0.0,0.0,,nan,0.0
2000,PL,千葉ロッテマリーンズ,51953881,椎木　匠,T.Shiigi,18.0,24.0,23.0,0.0,3.0,1.0,0.0,0.0,4.0,0.0,0.0,0,0.0,0.0,1.0,0,0.0,3.0,0.0,0.13,0.167,0.174,0.34099999999999997,2.0,0.043999999999999984,0.037000000000000005,0.211,4.166666666666666,12.5,0.3333333333333333,0.15,0.11865,225.0,0.08695652173913043,0.25,0.13,3.0,0.0,0.0,18.0,24.0,23.0,2.0,1.0,0.0,0.0,0.167,0.174,1.0,0,0.0,,4.0,0.0,0,0.0,0.0,,0.6666666666666666,0.08999999999999986
2000,PL,北海道日本ハムファイターズ,51953884,高橋　憲幸,N.Takahashi,31.0,0.0,0.0,0.0,0.0,0.0,0.0,0.0,0.0,0.0,0.0,0,0.0,0.0,0.0,0,0.0,0.0,0.0,,,,0.0,0.0,0.0,0.0,,nan,nan,nan,nan,0.0,0.0,nan,nan,,0.0,0.0,0.0,31.0,0.0,0.0,0.0,0.0,0.0,0.0,,,0.0,0,0.0,,0.0,0.0,0,0.0,0.0,,nan,0.0
2000,PL,北海道日本ハムファイターズ,51953887,竹内　昌也,Y.Takeuchi,7.0,0.0,0.0,0.0,0.0,0.0,0.0,0.0,0.0,0.0,0.0,0,0.0,0.0,0.0,0,0.0,0.0,0.0,,,,0.0,0.0,0.0,0.0,,nan,nan,nan,nan,0.0,0.0,nan,nan,,0.0,0.0,0.0,7.0,0.0,0.0,0.0,0.0,0.0,0.0,,,0.0,0,0.0,,0.0,0.0,0,0.0,0.0,,nan,0.0
2000,PL,埼玉西武ライオンズ,5303868,上田　浩明,H.Ueda,77.0,20.0,15.0,9.0,2.0,0.0,0.0,0.0,2.0,0.0,2.0,0,5.0,0.0,0.0,0,0.0,2.0,1.0,0.133,0.133,0.133,0.266,2.0,0.0,0.0,0.133,0.0,10.0,0.0,0.15384615384615385,0.09310000000000002,177.33333333333334,0.13333333333333333,0.2857142857142857,0.133,2.0,0.0,0.0,77.0,20.0,15.0,2.0,0.0,0.0,9.0,0.133,0.133,0.0,0,0.0,,2.0,2.0,0,5.0,0.0,,0.26666666666666666,0.08599999999999985
2000,PL,福岡ソフトバンクホークス,53153888,R.ペドラザ,R.Pedraza,51.0,0.0,0.0,0.0,0.0,0.0,0.0,0.0,0.0,0.0,0.0,0,0.0,0.0,0.0,0,0.0,0.0,0.0,,,,0.0,0.0,0.0,0.0,,nan,nan,nan,nan,0.0,0.0,nan,nan,,0.0,0.0,0.0,51.0,0.0,0.0,0.0,0.0,0.0,0.0,,,0.0,0,0.0,,0.0,0.0,0,0.0,0.0,,nan,0.0
2000,PL,千葉ロッテマリーンズ,61063882,松本　尚樹,N.Matsumoto,20.0,24.0,23.0,3.0,5.0,1.0,0.0,0.0,6.0,0.0,0.0,0,0.0,0.0,1.0,0,0.0,4.0,1.0,0.217,0.25,0.261,0.511,4.0,0.04400000000000001,0.033,0.294,4.166666666666666,16.666666666666664,0.25,0.2631578947368421,0.17775000000000002,337.0,0.08695652173913043,0.3684210526315789,0.217,5.0,0.0,0.0,20.0,24.0,23.0,4.0,1.0,0.0,3.0,0.25,0.261,1.0,0,0.0,,6.0,0.0,0,0.0,0.0,,1.5,1.2859999999999998
2000,PL,福岡ソフトバンクホークス,61063884,松中　信彦,N.Matsunaka,130.0,540.0,471.0,76.0,147.0,26.0,1.0,33.0,274.0,106.0,0,1,0.0,7.0,56.0,0,6.0,49.0,12.0,0.312,0.387,0.582,0.969,87.0,0.26999999999999996,0.07500000000000001,0.657,10.37037037037037,9.074074074074074,1.1428571428571428,0.2878787878787879,0.31965,581.0,0.39065817409766457,1.0029761904761905,0.312,147.0,33.0,106.0,130.0,540.0,471.0,87.0,26.0,1.0,76.0,0.387,0.582,56.0,0,6.0,,274.0,0,1,0.0,7.0,,105.54459203036053,99.668
2000,PL,埼玉西武ライオンズ,61163880,小関　竜也,T.Ozeki,125.0,417.0,340.0,50.0,89.0,11.0,4.0,1.0,111.0,32.0,7,5,23.0,4.0,43.0,0,7.0,54.0,1.0,0.262,0.353,0.326,0.679,73.0,0.064,0.09099999999999997,0.417,10.311750599520384,12.949640287769784,0.7962962962962963,0.3044982698961938,0.24035,461.6666666666667,0.20588235294117646,0.6587301587301587,0.262,89.0,1.0,32.0,125.0,417.0,340.0,73.0,11.0,4.0,50.0,0.353,0.326,43.0,0,7.0,,111.0,7,5,23.0,4.0,,38.25587467362924,42.822
2000,PL,北海道日本ハムファイターズ,61163885,上田　佳範,Y.Ueda,103.0,213.0,187.0,22.0,45.0,11.0,1.0,6.0,76.0,29.0,4,0,2.0,2.0,19.0,0,3.0,31.0,3.0,0.241,0.318,0.406,0.724,27.0,0.16500000000000004,0.07700000000000001,0.483,8.92018779342723,14.553990610328638,0.6129032258064516,0.2565789473684211,0.2446,453.33333333333337,0.26737967914438504,0.6758620689655173,0.241,45.0,6.0,29.0,103.0,213.0,187.0,27.0,11.0,1.0,22.0,0.318,0.406,19.0,0,3.0,,76.0,4,0,2.0,2.0,,23.611650485436893,24.444
2000,PL,北海道日本ハムファイターズ,61163888,伊藤　剛,T.Itou,13.0,0.0,0.0,0.0,0.0,0.0,0.0,0.0,0.0,0.0,0.0,0,0.0,0.0,0.0,0,0.0,0.0,0.0,,,,0.0,0.0,0.0,0.0,,nan,nan,nan,nan,0.0,0.0,nan,nan,,0.0,0.0,0.0,13.0,0.0,0.0,0.0,0.0,0.0,0.0,,,0.0,0,0.0,,0.0,0.0,0,0.0,0.0,,nan,0.0
2000,PL,千葉ロッテマリーンズ,61163889,大塚　明,A.Ootsuka,74.0,277.0,255.0,41.0,61.0,17.0,1.0,9.0,107.0,44.0,14,4,6.0,1.0,13.0,0,2.0,42.0,3.0,0.239,0.28,0.42,0.7,34.0,0.181,0.041000000000000036,0.461,4.693140794223827,15.162454873646208,0.30952380952380953,0.25365853658536586,0.23100000000000004,420.00000000000006,0.24705882352941178,0.6395939086294417,0.239,61.0,9.0,44.0,74.0,277.0,255.0,34.0,17.0,1.0,41.0,0.28,0.42,13.0,0,2.0,,107.0,14,4,6.0,1.0,,29.544776119402986,29.898000000000003
2000,PL,オリックスブルーウェーブ,61263880,T.ニール,T.Neel,55.0,185.0,156.0,21.0,35.0,6.0,0.0,7.0,62.0,28.0,0.0,0,0.0,1.0,25.0,0,3.0,47.0,5.0,0.224,0.341,0.397,0.738,22.0,0.17300000000000001,0.11700000000000002,0.514,13.513513513513514,25.405405405405407,0.5319148936170213,0.27184466019417475,0.25270000000000004,473.33333333333337,0.3333333333333333,0.7142857142857143,0.224,35.0,7.0,28.0,55.0,185.0,156.0,22.0,6.0,0.0,21.0,0.341,0.397,25.0,0,3.0,,62.0,0.0,0,0.0,1.0,,20.552486187845304,22.782
2000,PL,埼玉西武ライオンズ,61263883,木村　恵二,K.Kimura,8.0,0.0,0.0,0.0,0.0,0.0,0.0,0.0,0.0,0.0,0.0,0,0.0,0.0,0.0,0,0.0,0.0,0.0,,,,0.0,0.0,0.0,0.0,,nan,nan,nan,nan,0.0,0.0,nan,nan,,0.0,0.0,0.0,8.0,0.0,0.0,0.0,0.0,0.0,0.0,,,0.0,0,0.0,,0.0,0.0,0,0.0,0.0,,nan,0.0
2000,PL,福岡ソフトバンクホークス,61263885,浜名　千広,C.Hamana,42.0,88.0,72.0,14.0,12.0,2.0,0.0,0.0,14.0,2.0,0.0,0,5.0,1.0,10.0,0,0.0,17.0,2.0,0.167,0.265,0.194,0.459,10.0,0.026999999999999996,0.098,0.292,11.363636363636363,19.318181818181817,0.5882352941176471,0.21428571428571427,0.16775,329.6666666666667,0.16666666666666666,0.3870967741935484,0.167,12.0,0.0,2.0,42.0,88.0,72.0,10.0,2.0,0.0,14.0,0.265,0.194,10.0,0,0.0,,14.0,0.0,0,5.0,1.0,,3.7560975609756095,3.8600000000000003
2000,PL,埼玉西武ライオンズ,61363868,清水　雅治,M.Shimizu,72.0,139.0,102.0,26.0,26.0,2.0,2.0,0.0,32.0,9.0,11,3,9.0,0.0,28.0,0,0.0,15.0,0.0,0.255,0.415,0.314,0.729,22.0,0.059,0.15999999999999998,0.474,20.14388489208633,10.79136690647482,1.8666666666666667,0.2988505747126437,0.26525,519.6666666666666,0.3627450980392157,0.8289473684210527,0.255,26.0,0.0,9.0,72.0,139.0,102.0,22.0,2.0,2.0,26.0,0.415,0.314,28.0,0,0.0,,32.0,11,3,9.0,0.0,,13.292307692307693,16.851999999999997
2000,PL,千葉ロッテマリーンズ,61363883,山本　保司,Y.Yamamoto,18.0,43.0,37.0,1.0,11.0,1.0,0.0,0.0,12.0,6.0,0.0,0,2.0,0.0,4.0,0,0.0,4.0,0.0,0.297,0.366,0.324,0.69,10.0,0.027000000000000024,0.069,0.393,9.30232558139535,9.30232558139535,1.0,0.3333333333333333,0.24570000000000003,474.0,0.13513513513513514,0.6153846153846154,0.297,11.0,0.0,6.0,18.0,43.0,37.0,10.0,1.0,0.0,1.0,0.366,0.324,4.0,0,0.0,,12.0,0.0,0,2.0,0.0,,4.390243902439025,4.492
2000,PL,近鉄バファローズ,61463884,P.クラーク,P.Clark,66.0,274.0,252.0,31.0,65.0,9.0,2.0,10.0,108.0,33.0,0,1,0.0,1.0,14.0,0,7.0,27.0,13.0,0.258,0.314,0.429,0.743,44.0,0.17099999999999999,0.055999999999999994,0.485,5.109489051094891,9.854014598540147,0.5185185185185185,0.25462962962962965,0.24855,456.99999999999994,0.23015873015873015,0.65,0.258,65.0,10.0,33.0,66.0,274.0,252.0,44.0,9.0,2.0,31.0,0.314,0.429,14.0,0,7.0,,108.0,0,1,0.0,1.0,,32.07518796992481,33.744
2000,PL,福岡ソフトバンクホークス,61463887,渡辺　正和,M.Watanabe,60.0,0.0,0.0,0.0,0.0,0.0,0.0,0.0,0.0,0.0,0.0,0,0.0,0.0,0.0,0,0.0,0.0,0.0,,,,0.0,0.0,0.0,0.0,,nan,nan,nan,nan,0.0,0.0,nan,nan,,0.0,0.0,0.0,60.0,0.0,0.0,0.0,0.0,0.0,0.0,,,0.0,0,0.0,,0.0,0.0,0,0.0,0.0,,nan,0.0
2000,PL,近鉄バファローズ,61465111,B.ウォルコット,B.Wolcott,17.0,0.0,0.0,0.0,0.0,0.0,0.0,0.0,0.0,0.0,0.0,0,0.0,0.0,0.0,0,0.0,0.0,0.0,,,,0.0,0.0,0.0,0.0,,nan,nan,nan,nan,0.0,0.0,nan,nan,,0.0,0.0,0.0,17.0,0.0,0.0,0.0,0.0,0.0,0.0,,,0.0,0,0.0,,0.0,0.0,0,0.0,0.0,,nan,0.0
2000,PL,近鉄バファローズ,61563860,香田　勲男,I.Kouda,28.0,0.0,0.0,0.0,0.0,0.0,0.0,0.0,0.0,0.0,0.0,0,0.0,0.0,0.0,0,0.0,0.0,0.0,,,,0.0,0.0,0.0,0.0,,nan,nan,nan,nan,0.0,0.0,nan,nan,,0.0,0.0,0.0,28.0,0.0,0.0,0.0,0.0,0.0,0.0,,,0.0,0,0.0,,0.0,0.0,0,0.0,0.0,,nan,0.0
2000,PL,オリックスブルーウェーブ,61563883,松元　秀一郎,S.Matsumoto,38.0,55.0,42.0,5.0,7.0,1.0,0.0,0.0,8.0,4.0,0,3,4.0,0.0,9.0,0,0.0,11.0,0.0,0.167,0.314,0.19,0.504,6.0,0.022999999999999993,0.147,0.3369999999999999,16.363636363636363,20.0,0.8181818181818182,0.22580645161290322,0.18880000000000002,377.33333333333337,0.30952380952380953,0.5714285714285714,0.167,7.0,0.0,4.0,38.0,55.0,42.0,6.0,1.0,0.0,5.0,0.314,0.19,9.0,0,0.0,,8.0,0,3,4.0,0.0,,2.5098039215686274,3.7999999999999994
2000,PL,北海道日本ハムファイターズ,61563886,清水　章夫,A.Shimizu,23.0,0.0,0.0,0.0,0.0,0.0,0.0,0.0,0.0,0.0,0.0,0,0.0,0.0,0.0,0,0.0,0.0,0.0,,,,0.0,0.0,0.0,0.0,,nan,nan,nan,nan,0.0,0.0,nan,nan,,0.0,0.0,0.0,23.0,0.0,0.0,0.0,0.0,0.0,0.0,,,0.0,0,0.0,,0.0,0.0,0,0.0,0.0,,nan,0.0
2000,PL,千葉ロッテマリーンズ,61563888,小林　雅英,M.Kobayashi,65.0,0.0,0.0,0.0,0.0,0.0,0.0,0.0,0.0,0.0,0.0,0,0.0,0.0,0.0,0,0.0,0.0,0.0,,,,0.0,0.0,0.0,0.0,,nan,nan,nan,nan,0.0,0.0,nan,nan,,0.0,0.0,0.0,65.0,0.0,0.0,0.0,0.0,0.0,0.0,,,0.0,0,0.0,,0.0,0.0,0,0.0,0.0,,nan,0.0
2000,PL,北海道日本ハムファイターズ,61565111,正田　樹,I.Shouda,5.0,0.0,0.0,0.0,0.0,0.0,0.0,0.0,0.0,0.0,0.0,0,0.0,0.0,0.0,0,0.0,0.0,0.0,,,,0.0,0.0,0.0,0.0,,nan,nan,nan,nan,0.0,0.0,nan,nan,,0.0,0.0,0.0,5.0,0.0,0.0,0.0,0.0,0.0,0.0,,,0.0,0,0.0,,0.0,0.0,0,0.0,0.0,,nan,0.0
2000,PL,オリックスブルーウェーブ,61663881,南渕　時高,T.Minamibuchi,8.0,9.0,7.0,1.0,2.0,0.0,0.0,0.0,2.0,0.0,0.0,0,0.0,0.0,2.0,0,0.0,2.0,0.0,0.286,0.444,0.286,0.73,2.0,0.0,0.15800000000000003,0.444,22.22222222222222,22.22222222222222,1.0,0.4,0.2713,539.3333333333334,0.2857142857142857,0.8,0.286,2.0,0.0,0.0,8.0,9.0,7.0,2.0,0.0,0.0,1.0,0.444,0.286,2.0,0,0.0,,2.0,0.0,0,0.0,0.0,,0.8888888888888888,1.1700000000000002
2000,PL,近鉄バファローズ,61665111,B.ツイドリー,B.Tweedlie,1.0,0.0,0.0,0.0,0.0,0.0,0.0,0.0,0.0,0.0,0.0,0,0.0,0.0,0.0,0,0.0,0.0,0.0,,,,0.0,0.0,0.0,0.0,,nan,nan,nan,nan,0.0,0.0,nan,nan,,0.0,0.0,0.0,1.0,0.0,0.0,0.0,0.0,0.0,0.0,,,0.0,0,0.0,,0.0,0.0,0,0.0,0.0,,nan,0.0
2000,PL,北海道日本ハムファイターズ,61763888,建山　義紀,Y.Tateyama,28.0,0.0,0.0,0.0,0.0,0.0,0.0,0.0,0.0,0.0,0.0,0,0.0,0.0,0.0,0,0.0,0.0,0.0,,,,0.0,0.0,0.0,0.0,,nan,nan,nan,nan,0.0,0.0,nan,nan,,0.0,0.0,0.0,28.0,0.0,0.0,0.0,0.0,0.0,0.0,,,0.0,0,0.0,,0.0,0.0,0,0.0,0.0,,nan,0.0
2000,PL,埼玉西武ライオンズ,61765111,高山　久,H.Takayama,4.0,9.0,8.0,3.0,1.0,0.0,0.0,0.0,1.0,0.0,0.0,0,0.0,0.0,1.0,0,0.0,4.0,0.0,0.125,0.222,0.125,0.347,1.0,0.0,0.097,0.222,11.11111111111111,44.44444444444444,0.25,0.25,0.13115,263.6666666666667,0.125,0.2857142857142857,0.125,1.0,0.0,0.0,4.0,9.0,8.0,1.0,0.0,0.0,3.0,0.222,0.125,1.0,0,0.0,,1.0,0.0,0,0.0,0.0,,0.2222222222222222,0.14400000000000002
2000,PL,北海道日本ハムファイターズ,61865111,C.ミラバル,C.Mirabal,48.0,0.0,0.0,0.0,0.0,0.0,0.0,0.0,0.0,0.0,0.0,0,0.0,0.0,0.0,0,0.0,0.0,0.0,,,,0.0,0.0,0.0,0.0,,nan,nan,nan,nan,0.0,0.0,nan,nan,,0.0,0.0,0.0,48.0,0.0,0.0,0.0,0.0,0.0,0.0,,,0.0,0,0.0,,0.0,0.0,0,0.0,0.0,,nan,0.0
2000,PL,近鉄バファローズ,61963885,田畑　一也,K.Tabata,10.0,0.0,0.0,0.0,0.0,0.0,0.0,0.0,0.0,0.0,0.0,0,0.0,0.0,0.0,0,0.0,0.0,0.0,,,,0.0,0.0,0.0,0.0,,nan,nan,nan,nan,0.0,0.0,nan,nan,,0.0,0.0,0.0,10.0,0.0,0.0,0.0,0.0,0.0,0.0,,,0.0,0,0.0,,0.0,0.0,0,0.0,0.0,,nan,0.0
2000,PL,埼玉西武ライオンズ,61963887,豊田　清,K.Toyoda,26.0,0.0,0.0,0.0,0.0,0.0,0.0,0.0,0.0,0.0,0.0,0,0.0,0.0,0.0,0,0.0,0.0,0.0,,,,0.0,0.0,0.0,0.0,,nan,nan,nan,nan,0.0,0.0,nan,nan,,0.0,0.0,0.0,26.0,0.0,0.0,0.0,0.0,0.0,0.0,,,0.0,0,0.0,,0.0,0.0,0,0.0,0.0,,nan,0.0
2000,PL,オリックスブルーウェーブ,61963889,福留　宏紀,H.Fukutome,15.0,21.0,19.0,0.0,1.0,0.0,0.0,0.0,1.0,1.0,0.0,0,0.0,1.0,1.0,0,0.0,6.0,1.0,0.053,0.095,0.053,0.148,1.0,0.0,0.042,0.095,4.761904761904762,28.57142857142857,0.16666666666666666,0.07142857142857142,0.056,112.66666666666667,0.05263157894736842,0.10526315789473684,0.053,1.0,0.0,1.0,15.0,21.0,19.0,1.0,0.0,0.0,0.0,0.095,0.053,1.0,0,0.0,,1.0,0.0,0,0.0,1.0,,0.1,-0.9339999999999999
2000,PL,近鉄バファローズ,61965111,奈良　将史,M.Nara,33.0,0.0,0.0,0.0,0.0,0.0,0.0,0.0,0.0,0.0,0.0,0,0.0,0.0,0.0,0,0.0,0.0,0.0,,,,0.0,0.0,0.0,0.0,,nan,nan,nan,nan,0.0,0.0,nan,nan,,0.0,0.0,0.0,33.0,0.0,0.0,0.0,0.0,0.0,0.0,,,0.0,0,0.0,,0.0,0.0,0,0.0,0.0,,nan,0.0
2000,PL,埼玉西武ライオンズ,63165111,R.ジェファーソン,R.Jefferson,89.0,311.0,281.0,27.0,73.0,12.0,0.0,10.0,115.0,48.0,0.0,0,1.0,2.0,24.0,0,3.0,75.0,13.0,0.26,0.323,0.409,0.732,51.0,0.14899999999999997,0.063,0.472,7.717041800643088,24.115755627009648,0.32,0.3181818181818182,0.2476,459.33333333333337,0.23487544483985764,0.6425339366515838,0.26,73.0,10.0,48.0,89.0,311.0,281.0,51.0,12.0,0.0,27.0,0.323,0.409,24.0,0,3.0,,115.0,0.0,0,1.0,2.0,,36.57377049180328,37.066
2000,PL,北海道日本ハムファイターズ,63365111,R.タティス,R.Tatis,1.0,0.0,0.0,0.0,0.0,0.0,0.0,0.0,0.0,0.0,0.0,0,0.0,0.0,0.0,0,0.0,0.0,0.0,,,,0.0,0.0,0.0,0.0,,nan,nan,nan,nan,0.0,0.0,nan,nan,,0.0,0.0,0.0,1.0,0.0,0.0,0.0,0.0,0.0,0.0,,,0.0,0,0.0,,0.0,0.0,0,0.0,0.0,,nan,0.0
2000,PL,千葉ロッテマリーンズ,63663868,福澤　洋一,Y.Fukuzawa,14.0,19.0,16.0,0.0,2.0,0.0,0.0,0.0,2.0,1.0,0.0,0,2.0,1.0,0.0,0,0.0,4.0,1.0,0.125,0.118,0.125,0.243,2.0,0.0,-0.007000000000000006,0.118,0.0,21.052631578947366,0.0,0.15384615384615385,0.08435000000000001,159.66666666666666,0.0,0.13333333333333333,0.125,2.0,0.0,1.0,14.0,19.0,16.0,2.0,0.0,0.0,0.0,0.118,0.125,0.0,0,0.0,,2.0,0.0,0,2.0,1.0,,0.25,-0.3720000000000001
2000,PL,近鉄バファローズ,65863868,髙嶋　徹,T.Takashima,9.0,12.0,12.0,0.0,2.0,0.0,0.0,0.0,2.0,0.0,0.0,0,0.0,0.0,0.0,0,0.0,2.0,0.0,0.167,0.167,0.167,0.334,2.0,0.0,0.0,0.167,0.0,16.666666666666664,0.0,0.2,0.1169,222.66666666666669,0.0,0.2,0.167,2.0,0.0,0.0,9.0,12.0,12.0,2.0,0.0,0.0,0.0,0.167,0.167,0.0,0,0.0,,2.0,0.0,0,0.0,0.0,,0.3333333333333333,0.020000000000000018
2000,PL,埼玉西武ライオンズ,71073884,古屋　剛,T.Furuya,11.0,21.0,17.0,2.0,3.0,1.0,0.0,0.0,4.0,1.0,0,1,1.0,1.0,2.0,0,0.0,4.0,0.0,0.176,0.25,0.235,0.485,2.0,0.059,0.07400000000000001,0.309,9.523809523809524,19.047619047619047,0.5,0.21428571428571427,0.17125,328.3333333333333,0.23529411764705882,0.5,0.176,3.0,0.0,1.0,11.0,21.0,17.0,2.0,1.0,0.0,2.0,0.25,0.235,2.0,0,0.0,,4.0,0,1,1.0,1.0,,1.0526315789473684,1.188
2000,PL,福岡ソフトバンクホークス,71073886,永井　智浩,T.Nagai,26.0,0.0,0.0,0.0,0.0,0.0,0.0,0.0,0.0,0.0,0.0,0,0.0,0.0,0.0,0,0.0,0.0,0.0,,,,0.0,0.0,0.0,0.0,,nan,nan,nan,nan,0.0,0.0,nan,nan,,0.0,0.0,0.0,26.0,0.0,0.0,0.0,0.0,0.0,0.0,,,0.0,0,0.0,,0.0,0.0,0,0.0,0.0,,nan,0.0
2000,PL,オリックスブルーウェーブ,71073889,三輪　隆,T.Miwa,74.0,170.0,143.0,11.0,26.0,4.0,0.0,2.0,36.0,7.0,1,0,13.0,1.0,11.0,0,2.0,23.0,5.0,0.182,0.248,0.252,0.5,20.0,0.07,0.066,0.318,6.470588235294119,13.529411764705882,0.4782608695652174,0.20168067226890757,0.1746,332.0,0.14685314685314685,0.4016393442622951,0.182,26.0,2.0,7.0,74.0,170.0,143.0,20.0,4.0,0.0,11.0,0.248,0.252,11.0,0,2.0,,36.0,1,0,13.0,1.0,,8.64935064935065,8.583999999999996
2000,PL,埼玉西武ライオンズ,71173865,伊東　勤,T.Itou,94.0,277.0,245.0,21.0,52.0,9.0,0.0,5.0,76.0,19.0,3,2,7.0,1.0,22.0,0,2.0,48.0,3.0,0.212,0.281,0.31,0.591,38.0,0.098,0.06900000000000003,0.379,7.9422382671480145,17.328519855595665,0.4583333333333333,0.24352331606217617,0.20395000000000002,384.33333333333337,0.19591836734693877,0.5204081632653061,0.212,52.0,5.0,19.0,94.0,277.0,245.0,38.0,9.0,0.0,21.0,0.281,0.31,22.0,0,2.0,,76.0,3,2,7.0,1.0,,21.06367041198502,22.046
2000,PL,北海道日本ハムファイターズ,71173884,生駒　雅紀,M.Ikoma,28.0,0.0,0.0,0.0,0.0,0.0,0.0,0.0,0.0,0.0,0.0,0,0.0,0.0,0.0,0,0.0,0.0,0.0,,,,0.0,0.0,0.0,0.0,,nan,nan,nan,nan,0.0,0.0,nan,nan,,0.0,0.0,0.0,28.0,0.0,0.0,0.0,0.0,0.0,0.0,,,0.0,0,0.0,,0.0,0.0,0,0.0,0.0,,nan,0.0
2000,PL,近鉄バファローズ,71173885,市原　圭,K.Ichihara,4.0,1.0,1.0,0.0,1.0,0.0,0.0,0.0,1.0,0.0,1,0,0.0,0.0,0.0,0,0.0,0.0,0.0,1.0,1.0,1.0,2.0,1.0,0.0,0.0,1.0,0.0,0.0,nan,1.0,0.7,1333.3333333333333,0.0,nan,1.0,1.0,0.0,0.0,4.0,1.0,1.0,1.0,0.0,0.0,0.0,1.0,1.0,0.0,0,0.0,,1.0,1,0,0.0,0.0,,1.0,0.5
2000,PL,北海道日本ハムファイターズ,71173888,阿久根　鋼吉,K.Akune,7.0,4.0,4.0,1.0,2.0,0.0,0.0,0.0,2.0,1.0,0.0,0,0.0,0.0,0.0,0,0.0,1.0,0.0,0.5,0.5,0.5,1.0,2.0,0.0,0.0,0.5,0.0,25.0,0.0,0.6666666666666666,0.35,666.6666666666666,0.0,1.0,0.5,2.0,0.0,1.0,7.0,4.0,4.0,2.0,0.0,0.0,1.0,0.5,0.5,0.0,0,0.0,,2.0,0.0,0,0.0,0.0,,1.0,0.804
2000,PL,千葉ロッテマリーンズ,71273882,薮田　安彦,Y.Yabuta,2.0,0.0,0.0,0.0,0.0,0.0,0.0,0.0,0.0,0.0,0.0,0,0.0,0.0,0.0,0,0.0,0.0,0.0,,,,0.0,0.0,0.0,0.0,,nan,nan,nan,nan,0.0,0.0,nan,nan,,0.0,0.0,0.0,2.0,0.0,0.0,0.0,0.0,0.0,0.0,,,0.0,0,0.0,,0.0,0.0,0,0.0,0.0,,nan,0.0
2000,PL,近鉄バファローズ,71273888,松本　拓也,T.Matsumoto,5.0,0.0,0.0,0.0,0.0,0.0,0.0,0.0,0.0,0.0,0.0,0,0.0,0.0,0.0,0,0.0,0.0,0.0,,,,0.0,0.0,0.0,0.0,,nan,nan,nan,nan,0.0,0.0,nan,nan,,0.0,0.0,0.0,5.0,0.0,0.0,0.0,0.0,0.0,0.0,,,0.0,0,0.0,,0.0,0.0,0,0.0,0.0,,nan,0.0
2000,PL,福岡ソフトバンクホークス,71273889,渡辺　秀一,H.Watanabe,16.0,0.0,0.0,0.0,0.0,0.0,0.0,0.0,0.0,0.0,0.0,0,0.0,0.0,0.0,0,0.0,0.0,0.0,,,,0.0,0.0,0.0,0.0,,nan,nan,nan,nan,0.0,0.0,nan,nan,,0.0,0.0,0.0,16.0,0.0,0.0,0.0,0.0,0.0,0.0,,,0.0,0,0.0,,0.0,0.0,0,0.0,0.0,,nan,0.0
2000,PL,福岡ソフトバンクホークス,71275111,的場　直樹,N.Matoba,34.0,60.0,53.0,6.0,8.0,1.0,0.0,2.0,15.0,2.0,0,1,1.0,0.0,6.0,0,0.0,8.0,1.0,0.151,0.237,0.283,0.52,5.0,0.13199999999999998,0.086,0.369,10.0,13.333333333333334,0.75,0.13953488372093023,0.1774,331.3333333333333,0.2641509433962264,0.4782608695652174,0.151,8.0,2.0,2.0,34.0,60.0,53.0,5.0,1.0,0.0,6.0,0.237,0.283,6.0,0,0.0,,15.0,0,1,1.0,0.0,,3.559322033898305,3.8499999999999996
2000,PL,オリックスブルーウェーブ,71373869,加藤　伸一,S.Katou,24.0,0.0,0.0,0.0,0.0,0.0,0.0,0.0,0.0,0.0,0.0,0,0.0,0.0,0.0,0,0.0,0.0,0.0,,,,0.0,0.0,0.0,0.0,,nan,nan,nan,nan,0.0,0.0,nan,nan,,0.0,0.0,0.0,24.0,0.0,0.0,0.0,0.0,0.0,0.0,,,0.0,0,0.0,,0.0,0.0,0,0.0,0.0,,nan,0.0
2000,PL,北海道日本ハムファイターズ,71373880,金村　曉,S.Kanemura,17.0,0.0,0.0,0.0,0.0,0.0,0.0,0.0,0.0,0.0,0.0,0,0.0,0.0,0.0,0,0.0,0.0,0.0,,,,0.0,0.0,0.0,0.0,,nan,nan,nan,nan,0.0,0.0,nan,nan,,0.0,0.0,0.0,17.0,0.0,0.0,0.0,0.0,0.0,0.0,,,0.0,0,0.0,,0.0,0.0,0,0.0,0.0,,nan,0.0
2000,PL,福岡ソフトバンクホークス,71373882,斉藤　和巳,K.Saitou,22.0,0.0,0.0,0.0,0.0,0.0,0.0,0.0,0.0,0.0,0.0,0,0.0,0.0,0.0,0,0.0,0.0,0.0,,,,0.0,0.0,0.0,0.0,,nan,nan,nan,nan,0.0,0.0,nan,nan,,0.0,0.0,0.0,22.0,0.0,0.0,0.0,0.0,0.0,0.0,,,0.0,0,0.0,,0.0,0.0,0,0.0,0.0,,nan,0.0
2000,PL,近鉄バファローズ,71373884,大久保　秀昭,H.Ookubo,5.0,7.0,7.0,0.0,0.0,0.0,0.0,0.0,0.0,0.0,0.0,0,0.0,0.0,0.0,0,0.0,3.0,1.0,0.0,0.0,0.0,0.0,0.0,0.0,0.0,0.0,0.0,42.857142857142854,0.0,0.0,0.0,0.0,0.0,0.0,0.0,0.0,0.0,0.0,5.0,7.0,7.0,0.0,0.0,0.0,0.0,0.0,0.0,0.0,0,0.0,,0.0,0.0,0,0.0,0.0,,0.0,-0.686
2000,PL,千葉ロッテマリーンズ,71373889,小野　晋吾,S.Ono,26.0,0.0,0.0,0.0,0.0,0.0,0.0,0.0,0.0,0.0,0.0,0,0.0,0.0,0.0,0,0.0,0.0,0.0,,,,0.0,0.0,0.0,0.0,,nan,nan,nan,nan,0.0,0.0,nan,nan,,0.0,0.0,0.0,26.0,0.0,0.0,0.0,0.0,0.0,0.0,,,0.0,0,0.0,,0.0,0.0,0,0.0,0.0,,nan,0.0
2000,PL,オリックスブルーウェーブ,71375111,葛城　育郎,I.Katsuragi,12.0,30.0,26.0,4.0,5.0,2.0,0.0,2.0,13.0,3.0,1,0,0.0,0.0,3.0,0,1.0,10.0,0.0,0.192,0.3,0.5,0.8,1.0,0.308,0.10799999999999998,0.608,10.0,33.33333333333333,0.3,0.21428571428571427,0.26,466.6666666666667,0.4230769230769231,0.8095238095238095,0.192,5.0,2.0,3.0,12.0,30.0,26.0,1.0,2.0,0.0,4.0,0.3,0.5,3.0,0,1.0,,13.0,1,0,0.0,0.0,,3.586206896551724,4.082000000000001
2000,PL,埼玉西武ライオンズ,71473881,平塚　克洋,K.Hiratsuka,83.0,212.0,175.0,17.0,43.0,11.0,0.0,1.0,57.0,18.0,0,1,3.0,1.0,33.0,0,0.0,28.0,10.0,0.246,0.364,0.326,0.69,31.0,0.08000000000000002,0.118,0.444,15.566037735849056,13.20754716981132,1.1785714285714286,0.2857142857142857,0.24530000000000002,472.6666666666667,0.2742857142857143,0.6408450704225352,0.246,43.0,1.0,18.0,83.0,212.0,175.0,31.0,11.0,0.0,17.0,0.364,0.326,33.0,0,0.0,,57.0,0,1,3.0,1.0,,20.826923076923077,22.994
2000,PL,北海道日本ハムファイターズ,71473884,N.ウィルソン,N.Wilson,120.0,498.0,439.0,72.0,129.0,23.0,0.0,37.0,263.0,89.0,0,1,0.0,2.0,51.0,0,6.0,98.0,8.0,0.294,0.373,0.599,0.972,69.0,0.305,0.07900000000000001,0.6779999999999999,10.240963855421686,19.67871485943775,0.5204081632653061,0.3006535947712418,0.3176,572.6666666666666,0.42369020501138954,1.009433962264151,0.294,129.0,37.0,89.0,120.0,498.0,439.0,69.0,23.0,0.0,72.0,0.373,0.599,51.0,0,6.0,,263.0,0,1,0.0,2.0,,96.61224489795919,92.95000000000002
2000,PL,近鉄バファローズ,71473888,吉田　好太,K.Yoshida,1.0,0.0,0.0,0.0,0.0,0.0,0.0,0.0,0.0,0.0,0.0,0,0.0,0.0,0.0,0,0.0,0.0,0.0,,,,0.0,0.0,0.0,0.0,,nan,nan,nan,nan,0.0,0.0,nan,nan,,0.0,0.0,0.0,1.0,0.0,0.0,0.0,0.0,0.0,0.0,,,0.0,0,0.0,,0.0,0.0,0,0.0,0.0,,nan,0.0
2000,PL,近鉄バファローズ,71475111,吉川　勝成,K.Yoshikawa,3.0,0.0,0.0,0.0,0.0,0.0,0.0,0.0,0.0,0.0,0.0,0,0.0,0.0,0.0,0,0.0,0.0,0.0,,,,0.0,0.0,0.0,0.0,,nan,nan,nan,nan,0.0,0.0,nan,nan,,0.0,0.0,0.0,3.0,0.0,0.0,0.0,0.0,0.0,0.0,,,0.0,0,0.0,,0.0,0.0,0,0.0,0.0,,nan,0.0
2000,PL,オリックスブルーウェーブ,71573880,五島　裕二,Y.Goshima,45.0,134.0,122.0,13.0,32.0,6.0,0.0,2.0,44.0,16.0,0,1,0.0,0.0,12.0,0,0.0,25.0,4.0,0.262,0.328,0.361,0.6890000000000001,24.0,0.09899999999999998,0.066,0.427,8.955223880597014,18.65671641791045,0.48,0.3157894736842105,0.23785,448.33333333333337,0.20491803278688525,0.6063829787234043,0.262,32.0,2.0,16.0,45.0,134.0,122.0,24.0,6.0,0.0,13.0,0.328,0.361,12.0,0,0.0,,44.0,0,1,0.0,0.0,,14.447761194029852,14.52
2000,PL,千葉ロッテマリーンズ,71573882,澤井　良輔,R.Sawai,9.0,10.0,10.0,2.0,2.0,0.0,0.0,1.0,5.0,1.0,0.0,0,0.0,0.0,0.0,0,0.0,3.0,0.0,0.2,0.2,0.5,0.7,1.0,0.3,0.0,0.5,0.0,30.0,0.0,0.16666666666666666,0.21500000000000002,366.6666666666667,0.3,0.625,0.2,2.0,1.0,1.0,9.0,10.0,10.0,1.0,0.0,0.0,2.0,0.2,0.5,0.0,0,0.0,,5.0,0.0,0,0.0,0.0,,1.0,1.156
2000,PL,オリックスブルーウェーブ,71573888,木村　昌広,M.Kimura,5.0,0.0,0.0,0.0,0.0,0.0,0.0,0.0,0.0,0.0,0.0,0,0.0,0.0,0.0,0,0.0,0.0,0.0,,,,0.0,0.0,0.0,0.0,,nan,nan,nan,nan,0.0,0.0,nan,nan,,0.0,0.0,0.0,5.0,0.0,0.0,0.0,0.0,0.0,0.0,,,0.0,0,0.0,,0.0,0.0,0,0.0,0.0,,nan,0.0
2000,PL,オリックスブルーウェーブ,71573889,斉藤　秀光,H.Saitou,58.0,25.0,22.0,5.0,2.0,0.0,0.0,0.0,2.0,2.0,2,0,0.0,0.0,3.0,0,0.0,9.0,0.0,0.091,0.2,0.091,0.29100000000000004,2.0,0.0,0.10900000000000001,0.2,12.0,36.0,0.3333333333333333,0.15384615384615385,0.11275000000000002,230.33333333333334,0.13636363636363635,0.25,0.091,2.0,0.0,2.0,58.0,25.0,22.0,2.0,0.0,0.0,5.0,0.2,0.091,3.0,0,0.0,,2.0,2,0,0.0,0.0,,0.4,0.030000000000000027
2000,PL,北海道日本ハムファイターズ,71575111,佐々木　貴賀,K.Sasaki,2.0,0.0,0.0,0.0,0.0,0.0,0.0,0.0,0.0,0.0,0.0,0,0.0,0.0,0.0,0,0.0,0.0,0.0,,,,0.0,0.0,0.0,0.0,,nan,nan,nan,nan,0.0,0.0,nan,nan,,0.0,0.0,0.0,2.0,0.0,0.0,0.0,0.0,0.0,0.0,,,0.0,0,0.0,,0.0,0.0,0,0.0,0.0,,nan,0.0
2000,PL,近鉄バファローズ,71673883,柴田　佳主也,K.Shibata,50.0,0.0,0.0,0.0,0.0,0.0,0.0,0.0,0.0,0.0,0.0,0,0.0,0.0,0.0,0,0.0,0.0,0.0,,,,0.0,0.0,0.0,0.0,,nan,nan,nan,nan,0.0,0.0,nan,nan,,0.0,0.0,0.0,50.0,0.0,0.0,0.0,0.0,0.0,0.0,,,0.0,0,0.0,,0.0,0.0,0,0.0,0.0,,nan,0.0
2000,PL,北海道日本ハムファイターズ,71673886,R.オレラーノ,R.Orellano,1.0,0.0,0.0,0.0,0.0,0.0,0.0,0.0,0.0,0.0,0.0,0,0.0,0.0,0.0,0,0.0,0.0,0.0,,,,0.0,0.0,0.0,0.0,,nan,nan,nan,nan,0.0,0.0,nan,nan,,0.0,0.0,0.0,1.0,0.0,0.0,0.0,0.0,0.0,0.0,,,0.0,0,0.0,,0.0,0.0,0,0.0,0.0,,nan,0.0
2000,PL,オリックスブルーウェーブ,71773884,塩崎　真,M.Shiozaki,130.0,462.0,393.0,45.0,103.0,17.0,6.0,1.0,135.0,35.0,5,7,20.0,4.0,41.0,0,4.0,69.0,7.0,0.262,0.335,0.344,0.679,79.0,0.08199999999999996,0.07300000000000001,0.417,8.874458874458876,14.935064935064934,0.5942028985507246,0.3119266055045872,0.23675000000000002,449.6666666666667,0.2035623409669211,0.6296296296296297,0.262,103.0,1.0,35.0,130.0,462.0,393.0,79.0,17.0,6.0,45.0,0.335,0.344,41.0,0,4.0,,135.0,5,7,20.0,4.0,,44.7926267281106,47.110000000000014
2000,PL,千葉ロッテマリーンズ,71773889,立川　隆史,T.Tachikawa,81.0,188.0,160.0,21.0,39.0,11.0,0.0,3.0,59.0,20.0,0.0,0,2.0,2.0,21.0,0,3.0,35.0,3.0,0.244,0.339,0.369,0.708,25.0,0.125,0.09500000000000003,0.464,11.170212765957446,18.617021276595743,0.6,0.2903225806451613,0.24480000000000002,462.0,0.25625,0.6693548387096774,0.244,39.0,3.0,20.0,81.0,188.0,160.0,25.0,11.0,0.0,21.0,0.339,0.369,21.0,0,3.0,,59.0,0.0,0,2.0,2.0,,19.558011049723756,20.802000000000003
2000,PL,埼玉西武ライオンズ,71973881,潮崎　哲也,T.Shiozaki,24.0,0.0,0.0,0.0,0.0,0.0,0.0,0.0,0.0,0.0,0.0,0,0.0,0.0,0.0,0,0.0,0.0,0.0,,,,0.0,0.0,0.0,0.0,,nan,nan,nan,nan,0.0,0.0,nan,nan,,0.0,0.0,0.0,24.0,0.0,0.0,0.0,0.0,0.0,0.0,,,0.0,0,0.0,,0.0,0.0,0,0.0,0.0,,nan,0.0
2000,PL,千葉ロッテマリーンズ,71973884,竹清　剛治,K.Takekiyo,44.0,0.0,0.0,0.0,0.0,0.0,0.0,0.0,0.0,0.0,0.0,0,0.0,0.0,0.0,0,0.0,0.0,0.0,,,,0.0,0.0,0.0,0.0,,nan,nan,nan,nan,0.0,0.0,nan,nan,,0.0,0.0,0.0,44.0,0.0,0.0,0.0,0.0,0.0,0.0,,,0.0,0,0.0,,0.0,0.0,0,0.0,0.0,,nan,0.0
2000,PL,千葉ロッテマリーンズ,71973888,寺本　四郎,S.Teramoto,5.0,0.0,0.0,0.0,0.0,0.0,0.0,0.0,0.0,0.0,0.0,0,0.0,0.0,0.0,0,0.0,0.0,0.0,,,,0.0,0.0,0.0,0.0,,nan,nan,nan,nan,0.0,0.0,nan,nan,,0.0,0.0,0.0,5.0,0.0,0.0,0.0,0.0,0.0,0.0,,,0.0,0,0.0,,0.0,0.0,0,0.0,0.0,,nan,0.0
2000,PL,オリックスブルーウェーブ,71973889,平井　正史,M.Hirai,5.0,0.0,0.0,0.0,0.0,0.0,0.0,0.0,0.0,0.0,0.0,0,0.0,0.0,0.0,0,0.0,0.0,0.0,,,,0.0,0.0,0.0,0.0,,nan,nan,nan,nan,0.0,0.0,nan,nan,,0.0,0.0,0.0,5.0,0.0,0.0,0.0,0.0,0.0,0.0,,,0.0,0,0.0,,0.0,0.0,0,0.0,0.0,,nan,0.0
2000,PL,福岡ソフトバンクホークス,73375111,B.バンクス,B.Banks,32.0,83.0,74.0,6.0,11.0,2.0,0.0,0.0,13.0,4.0,0.0,0,0.0,0.0,8.0,0,1.0,23.0,1.0,0.149,0.241,0.176,0.417,9.0,0.026999999999999996,0.092,0.268,9.63855421686747,27.710843373493976,0.34782608695652173,0.21568627450980393,0.15245,299.66666666666663,0.13513513513513514,0.34375,0.149,11.0,0.0,4.0,32.0,83.0,74.0,9.0,2.0,0.0,6.0,0.241,0.176,8.0,0,1.0,,13.0,0.0,0,0.0,0.0,,3.0121951219512195,2.7359999999999998
2000,PL,千葉ロッテマリーンズ,73873868,堀　幸一,K.Hori,87.0,231.0,203.0,38.0,52.0,11.0,0.0,8.0,87.0,29.0,8,1,3.0,2.0,23.0,0,0.0,38.0,5.0,0.256,0.329,0.429,0.758,33.0,0.173,0.07300000000000001,0.502,9.956709956709958,16.450216450216452,0.6052631578947368,0.27672955974842767,0.2553,472.0,0.29064039408866993,0.7115384615384616,0.256,52.0,8.0,29.0,87.0,231.0,203.0,33.0,11.0,0.0,38.0,0.329,0.429,23.0,0,0.0,,87.0,8,1,3.0,2.0,,28.871681415929203,28.912
2000,PL,近鉄バファローズ,81083880,山村　宏樹,H.Yamamura,27.0,0.0,0.0,0.0,0.0,0.0,0.0,0.0,0.0,0.0,0.0,0,0.0,0.0,0.0,0,0.0,0.0,0.0,,,,0.0,0.0,0.0,0.0,,nan,nan,nan,nan,0.0,0.0,nan,nan,,0.0,0.0,0.0,27.0,0.0,0.0,0.0,0.0,0.0,0.0,,,0.0,0,0.0,,0.0,0.0,0,0.0,0.0,,nan,0.0
2000,PL,近鉄バファローズ,81085111,前田　忠節,T.Maeda,100.0,165.0,143.0,13.0,28.0,2.0,1.0,0.0,32.0,9.0,6,1,9.0,0.0,11.0,0,2.0,32.0,2.0,0.196,0.263,0.224,0.487,25.0,0.027999999999999997,0.067,0.291,6.666666666666667,19.393939393939394,0.34375,0.25225225225225223,0.17435,337.6666666666667,0.11188811188811189,0.39316239316239315,0.196,28.0,0.0,9.0,100.0,165.0,143.0,25.0,2.0,1.0,13.0,0.263,0.224,11.0,0,2.0,,32.0,6,1,9.0,0.0,,8.103896103896103,8.18
2000,PL,埼玉西武ライオンズ,81183882,大友　進,S.Ootomo,82.0,289.0,238.0,47.0,58.0,10.0,0.0,2.0,74.0,19.0,4,2,9.0,0.0,40.0,0,2.0,48.0,0.0,0.244,0.357,0.311,0.6679999999999999,46.0,0.067,0.11299999999999999,0.424,13.84083044982699,16.608996539792386,0.8333333333333334,0.2978723404255319,0.2384,460.6666666666667,0.24369747899159663,0.6555555555555556,0.244,58.0,2.0,19.0,82.0,289.0,238.0,46.0,10.0,0.0,47.0,0.357,0.311,40.0,0,2.0,,74.0,4,2,9.0,0.0,,26.086330935251798,29.659999999999997
2000,PL,北海道日本ハムファイターズ,81283883,下柳　剛,T.Shimoyanagi,36.0,0.0,0.0,0.0,0.0,0.0,0.0,0.0,0.0,0.0,0.0,0,0.0,0.0,0.0,0,0.0,0.0,0.0,,,,0.0,0.0,0.0,0.0,,nan,nan,nan,nan,0.0,0.0,nan,nan,,0.0,0.0,0.0,36.0,0.0,0.0,0.0,0.0,0.0,0.0,,,0.0,0,0.0,,0.0,0.0,0,0.0,0.0,,nan,0.0
2000,PL,福岡ソフトバンクホークス,81283885,林　孝哉,T.Hayashi,53.0,84.0,73.0,13.0,20.0,3.0,0.0,2.0,29.0,8.0,0.0,0,2.0,0.0,8.0,0,1.0,22.0,1.0,0.274,0.354,0.397,0.751,15.0,0.123,0.07999999999999996,0.477,9.523809523809524,26.190476190476193,0.36363636363636365,0.3673469387755102,0.25855,486.33333333333326,0.2328767123287671,0.7037037037037037,0.274,20.0,2.0,8.0,53.0,84.0,73.0,15.0,3.0,0.0,13.0,0.354,0.397,8.0,0,1.0,,29.0,0.0,0,2.0,0.0,,10.024691358024691,10.315999999999999
2000,PL,千葉ロッテマリーンズ,81383864,佐藤　幸彦,Y.Satou,24.0,62.0,54.0,6.0,17.0,3.0,1.0,0.0,22.0,6.0,0.0,0,1.0,0.0,7.0,0,0.0,8.0,1.0,0.315,0.393,0.407,0.8,13.0,0.09199999999999997,0.07800000000000001,0.485,11.29032258064516,12.903225806451612,0.875,0.3695652173913043,0.2786,528.6666666666666,0.2222222222222222,0.7631578947368421,0.315,17.0,0.0,6.0,24.0,62.0,54.0,13.0,3.0,1.0,6.0,0.393,0.407,7.0,0,0.0,,22.0,0.0,0,1.0,0.0,,8.655737704918034,8.384
2000,PL,北海道日本ハムファイターズ,81383882,黒木　詢士,J.Kuroki,32.0,0.0,0.0,0.0,0.0,0.0,0.0,0.0,0.0,0.0,0.0,0,0.0,0.0,0.0,0,0.0,0.0,0.0,,,,0.0,0.0,0.0,0.0,,nan,nan,nan,nan,0.0,0.0,nan,nan,,0.0,0.0,0.0,32.0,0.0,0.0,0.0,0.0,0.0,0.0,,,0.0,0,0.0,,0.0,0.0,0,0.0,0.0,,nan,0.0
2000,PL,千葉ロッテマリーンズ,81383888,川井　貴志,T.Kawai,22.0,0.0,0.0,0.0,0.0,0.0,0.0,0.0,0.0,0.0,0.0,0,0.0,0.0,0.0,0,0.0,0.0,0.0,,,,0.0,0.0,0.0,0.0,,nan,nan,nan,nan,0.0,0.0,nan,nan,,0.0,0.0,0.0,22.0,0.0,0.0,0.0,0.0,0.0,0.0,,,0.0,0,0.0,,0.0,0.0,0,0.0,0.0,,nan,0.0
2000,PL,福岡ソフトバンクホークス,81483860,湯上谷　竑志,H.Yugamidani,42.0,45.0,38.0,6.0,6.0,2.0,0.0,0.0,8.0,4.0,3,0,3.0,0.0,4.0,0,0.0,7.0,1.0,0.158,0.238,0.211,0.44899999999999995,4.0,0.05299999999999999,0.07999999999999999,0.291,8.88888888888889,15.555555555555555,0.5714285714285714,0.1935483870967742,0.15985,308.33333333333337,0.15789473684210525,0.36363636363636365,0.158,6.0,0.0,4.0,42.0,45.0,38.0,4.0,2.0,0.0,6.0,0.238,0.211,4.0,0,0.0,,8.0,3,0,3.0,0.0,,1.9047619047619047,1.6239999999999997
2000,PL,千葉ロッテマリーンズ,81483887,和田　孝志,T.Wada,21.0,0.0,0.0,0.0,0.0,0.0,0.0,0.0,0.0,0.0,0.0,0,0.0,0.0,0.0,0,0.0,0.0,0.0,,,,0.0,0.0,0.0,0.0,,nan,nan,nan,nan,0.0,0.0,nan,nan,,0.0,0.0,0.0,21.0,0.0,0.0,0.0,0.0,0.0,0.0,,,0.0,0,0.0,,0.0,0.0,0,0.0,0.0,,nan,0.0
2000,PL,北海道日本ハムファイターズ,81583880,島田　一輝,K.Shimada,80.0,297.0,268.0,34.0,71.0,15.0,0.0,6.0,104.0,46.0,1.0,1,9.0,3.0,14.0,0,3.0,52.0,8.0,0.265,0.306,0.388,0.694,50.0,0.123,0.04099999999999998,0.429,4.713804713804714,17.50841750841751,0.2692307692307692,0.3051643192488263,0.2347,435.33333333333337,0.1791044776119403,0.5951219512195122,0.265,71.0,6.0,46.0,80.0,297.0,268.0,50.0,15.0,0.0,34.0,0.306,0.388,14.0,0,3.0,,104.0,1.0,1,9.0,3.0,,31.347517730496453,30.923999999999996
2000,PL,埼玉西武ライオンズ,81783880,富岡　久貴,H.Tomioka,8.0,0.0,0.0,0.0,0.0,0.0,0.0,0.0,0.0,0.0,0.0,0,0.0,0.0,0.0,0,0.0,0.0,0.0,,,,0.0,0.0,0.0,0.0,,nan,nan,nan,nan,0.0,0.0,nan,nan,,0.0,0.0,0.0,8.0,0.0,0.0,0.0,0.0,0.0,0.0,,,0.0,0,0.0,,0.0,0.0,0,0.0,0.0,,nan,0.0
2000,PL,オリックスブルーウェーブ,81883883,水尾　嘉孝,Y.Mizuo,9.0,0.0,0.0,0.0,0.0,0.0,0.0,0.0,0.0,0.0,0.0,0,0.0,0.0,0.0,0,0.0,0.0,0.0,,,,0.0,0.0,0.0,0.0,,nan,nan,nan,nan,0.0,0.0,nan,nan,,0.0,0.0,0.0,9.0,0.0,0.0,0.0,0.0,0.0,0.0,,,0.0,0,0.0,,0.0,0.0,0,0.0,0.0,,nan,0.0
2000,PL,福岡ソフトバンクホークス,81983880,本間　満,M.Honma,87.0,277.0,245.0,31.0,64.0,9.0,3.0,0.0,79.0,20.0,3.0,3,9.0,3.0,18.0,0,2.0,61.0,1.0,0.261,0.313,0.322,0.635,52.0,0.061,0.05199999999999999,0.374,6.4981949458483745,22.021660649819495,0.29508196721311475,0.3422459893048128,0.22135,420.3333333333333,0.1469387755102041,0.5604395604395604,0.261,64.0,0.0,20.0,87.0,277.0,245.0,52.0,9.0,3.0,31.0,0.313,0.322,18.0,0,2.0,,79.0,3.0,3,9.0,3.0,,24.631178707224336,25.001999999999995
2000,PL,オリックスブルーウェーブ,81983882,日高　剛,T.Hidaka,101.0,307.0,256.0,31.0,52.0,9.0,0.0,6.0,79.0,34.0,1.0,1,11.0,2.0,35.0,0,3.0,34.0,6.0,0.203,0.304,0.309,0.613,37.0,0.10599999999999998,0.10099999999999998,0.41,11.400651465798045,11.074918566775244,1.0294117647058822,0.21100917431192662,0.21405000000000002,407.0,0.24609375,0.5619047619047619,0.203,52.0,6.0,34.0,101.0,307.0,256.0,37.0,9.0,0.0,31.0,0.304,0.309,35.0,0,3.0,,79.0,1.0,1,11.0,2.0,,23.61855670103093,26.348000000000003
2000,PL,北海道日本ハムファイターズ,81983883,奈良原　浩,H.Narahara,101.0,305.0,254.0,50.0,65.0,16.0,0.0,3.0,90.0,31.0,14,3,13.0,2.0,36.0,0,0.0,46.0,6.0,0.256,0.346,0.354,0.7,46.0,0.09799999999999998,0.08999999999999997,0.4439999999999999,11.80327868852459,15.081967213114755,0.782608695652174,0.2995169082125604,0.2442,463.99999999999994,0.25196850393700787,0.6615384615384615,0.256,65.0,3.0,31.0,101.0,305.0,254.0,46.0,16.0,0.0,50.0,0.346,0.354,36.0,0,0.0,,90.0,14,3,13.0,2.0,,31.344827586206897,32.738
2000,PL,埼玉西武ライオンズ,81983889,松井　稼頭央,K.Matsui,135.0,611.0,550.0,99.0,177.0,40.0,11.0,23.0,308.0,90.0,26,3,6.0,7.0,46.0,0,2.0,60.0,8.0,0.322,0.372,0.56,0.932,103.0,0.23800000000000004,0.04999999999999999,0.6100000000000001,7.528641571194762,9.819967266775777,0.7666666666666667,0.32489451476793246,0.3074,558.6666666666666,0.32727272727272727,0.9422572178477691,0.322,177.0,23.0,90.0,135.0,611.0,550.0,103.0,40.0,11.0,99.0,0.372,0.56,46.0,0,2.0,,308.0,26,3,6.0,7.0,,115.24161073825503,104.68599999999998
2000,PL,千葉ロッテマリーンズ,83185111,C.ロバーツ,C.Roberts,31.0,0.0,0.0,0.0,0.0,0.0,0.0,0.0,0.0,0.0,0.0,0,0.0,0.0,0.0,0,0.0,0.0,0.0,,,,0.0,0.0,0.0,0.0,,nan,nan,nan,nan,0.0,0.0,nan,nan,,0.0,0.0,0.0,31.0,0.0,0.0,0.0,0.0,0.0,0.0,,,0.0,0,0.0,,0.0,0.0,0,0.0,0.0,,nan,0.0
2000,PL,千葉ロッテマリーンズ,83383868,鮎川　義文,Y.Ayukawa,3.0,3.0,2.0,0.0,0.0,0.0,0.0,0.0,0.0,0.0,0.0,0,0.0,0.0,1.0,0,0.0,1.0,0.0,0.0,0.333,0.0,0.333,0.0,0.0,0.333,0.333,33.33333333333333,33.33333333333333,1.0,0.0,0.14985,333.0,0.5,0.5,0.0,0.0,0.0,0.0,3.0,3.0,2.0,0.0,0.0,0.0,0.0,0.333,0.0,1.0,0,0.0,,0.0,0.0,0,0.0,0.0,,0.0,0.134
2000,PL,福岡ソフトバンクホークス,91093881,田之上　慶三郎,K.Tanoue,24.0,0.0,0.0,0.0,0.0,0.0,0.0,0.0,0.0,0.0,0.0,0,0.0,0.0,0.0,0,0.0,0.0,0.0,,,,0.0,0.0,0.0,0.0,,nan,nan,nan,nan,0.0,0.0,nan,nan,,0.0,0.0,0.0,24.0,0.0,0.0,0.0,0.0,0.0,0.0,,,0.0,0,0.0,,0.0,0.0,0,0.0,0.0,,nan,0.0
2000,PL,近鉄バファローズ,91093888,藤﨑　紘範,H.Fujisaki,3.0,0.0,0.0,0.0,0.0,0.0,0.0,0.0,0.0,0.0,0.0,0,0.0,0.0,0.0,0,0.0,0.0,0.0,,,,0.0,0.0,0.0,0.0,,nan,nan,nan,nan,0.0,0.0,nan,nan,,0.0,0.0,0.0,3.0,0.0,0.0,0.0,0.0,0.0,0.0,,,0.0,0,0.0,,0.0,0.0,0,0.0,0.0,,nan,0.0
2000,PL,千葉ロッテマリーンズ,91093889,諸積　兼司,K.Morozumi,117.0,412.0,354.0,56.0,96.0,16.0,3.0,1.0,121.0,24.0,8,4,13.0,3.0,35.0,0,7.0,58.0,2.0,0.271,0.346,0.342,0.688,76.0,0.07100000000000001,0.07499999999999996,0.417,8.495145631067961,14.077669902912621,0.603448275862069,0.3187919463087248,0.24120000000000003,459.99999999999994,0.1807909604519774,0.6423076923076924,0.271,96.0,1.0,24.0,117.0,412.0,354.0,76.0,16.0,3.0,56.0,0.346,0.342,35.0,0,7.0,,121.0,8,4,13.0,3.0,,40.74807197943445,43.37599999999999
2000,PL,近鉄バファローズ,91193881,東瀬　耕太郎,K.Azuse,7.0,0.0,0.0,0.0,0.0,0.0,0.0,0.0,0.0,0.0,0.0,0,0.0,0.0,0.0,0,0.0,0.0,0.0,,,,0.0,0.0,0.0,0.0,,nan,nan,nan,nan,0.0,0.0,nan,nan,,0.0,0.0,0.0,7.0,0.0,0.0,0.0,0.0,0.0,0.0,,,0.0,0,0.0,,0.0,0.0,0,0.0,0.0,,nan,0.0
2000,PL,北海道日本ハムファイターズ,91293881,野口　寿浩,T.Noguchi,134.0,510.0,459.0,54.0,137.0,31.0,11.0,9.0,217.0,76.0,5,6,17.0,5.0,28.0,0,1.0,57.0,12.0,0.298,0.337,0.473,0.81,86.0,0.175,0.039000000000000035,0.512,5.490196078431373,11.176470588235295,0.49122807017543857,0.32160804020100503,0.26990000000000003,494.6666666666667,0.24836601307189543,0.7544910179640718,0.298,137.0,9.0,76.0,134.0,510.0,459.0,86.0,31.0,11.0,54.0,0.337,0.473,28.0,0,1.0,,217.0,5,6,17.0,5.0,,73.52156057494867,68.814
2000,PL,北海道日本ハムファイターズ,91293883,石本　努,T.Ishimoto,69.0,167.0,147.0,29.0,33.0,3.0,2.0,0.0,40.0,5.0,9,5,7.0,1.0,12.0,0,0.0,24.0,0.0,0.224,0.281,0.272,0.553,28.0,0.048000000000000015,0.05700000000000002,0.329,7.18562874251497,14.37125748502994,0.5,0.2661290322580645,0.19445,371.6666666666667,0.16326530612244897,0.5,0.224,33.0,0.0,5.0,69.0,167.0,147.0,28.0,3.0,2.0,29.0,0.281,0.272,12.0,0,0.0,,40.0,9,5,7.0,1.0,,11.320754716981131,11.928
2000,PL,埼玉西武ライオンズ,91293884,森　慎二,S.Mori,58.0,0.0,0.0,0.0,0.0,0.0,0.0,0.0,0.0,0.0,0.0,0,0.0,0.0,0.0,0,0.0,0.0,0.0,,,,0.0,0.0,0.0,0.0,,nan,nan,nan,nan,0.0,0.0,nan,nan,,0.0,0.0,0.0,58.0,0.0,0.0,0.0,0.0,0.0,0.0,,,0.0,0,0.0,,0.0,0.0,0,0.0,0.0,,nan,0.0
2000,PL,近鉄バファローズ,91293885,萩原　誠,M.Hagiwara,11.0,17.0,15.0,2.0,4.0,0.0,0.0,0.0,4.0,2.0,0.0,0,0.0,0.0,2.0,0,0.0,6.0,0.0,0.267,0.353,0.267,0.62,4.0,0.0,0.08599999999999997,0.353,11.76470588235294,35.294117647058826,0.3333333333333333,0.4444444444444444,0.2256,442.0,0.13333333333333333,0.5454545454545454,0.267,4.0,0.0,2.0,11.0,17.0,15.0,4.0,0.0,0.0,2.0,0.353,0.267,2.0,0,0.0,,4.0,0.0,0,0.0,0.0,,1.411764705882353,1.582
2000,PL,福岡ソフトバンクホークス,91293888,水田　章雄,A.Mizuta,14.0,0.0,0.0,0.0,0.0,0.0,0.0,0.0,0.0,0.0,0.0,0,0.0,0.0,0.0,0,0.0,0.0,0.0,,,,0.0,0.0,0.0,0.0,,nan,nan,nan,nan,0.0,0.0,nan,nan,,0.0,0.0,0.0,14.0,0.0,0.0,0.0,0.0,0.0,0.0,,,0.0,0,0.0,,0.0,0.0,0,0.0,0.0,,nan,0.0
2000,PL,近鉄バファローズ,91393880,憲史,K.Kenshi（kawaguchi,96.0,295.0,263.0,24.0,66.0,13.0,1.0,5.0,96.0,28.0,3.0,3,2.0,0.0,29.0,0,1.0,43.0,5.0,0.251,0.328,0.365,0.6930000000000001,47.0,0.11399999999999999,0.07700000000000001,0.442,9.830508474576272,14.576271186440678,0.6744186046511628,0.2837209302325581,0.23885,449.6666666666667,0.23574144486692014,0.6386138613861386,0.251,66.0,5.0,28.0,96.0,295.0,263.0,47.0,13.0,1.0,24.0,0.328,0.365,29.0,0,1.0,,96.0,3.0,3,2.0,0.0,,31.232876712328768,32.233999999999995
2000,PL,近鉄バファローズ,91393884,大塚　晶則,A.Ootsuka,39.0,1.0,1.0,0.0,0.0,0.0,0.0,0.0,0.0,0.0,0.0,0,0.0,0.0,0.0,0,0.0,0.0,0.0,0.0,0.0,0.0,0.0,0.0,0.0,0.0,0.0,0.0,0.0,nan,0.0,0.0,0.0,0.0,0.0,0.0,0.0,0.0,0.0,39.0,1.0,1.0,0.0,0.0,0.0,0.0,0.0,0.0,0.0,0,0.0,,0.0,0.0,0,0.0,0.0,,0.0,-0.098
2000,PL,オリックスブルーウェーブ,91393887,金田　政彦,M.Kaneda,18.0,0.0,0.0,0.0,0.0,0.0,0.0,0.0,0.0,0.0,0.0,0,0.0,0.0,0.0,0,0.0,0.0,0.0,,,,0.0,0.0,0.0,0.0,,nan,nan,nan,nan,0.0,0.0,nan,nan,,0.0,0.0,0.0,18.0,0.0,0.0,0.0,0.0,0.0,0.0,,,0.0,0,0.0,,0.0,0.0,0,0.0,0.0,,nan,0.0
2000,PL,福岡ソフトバンクホークス,91493883,坊西　浩嗣,K.Bounishi,74.0,178.0,163.0,16.0,42.0,8.0,0.0,2.0,56.0,26.0,0,1,6.0,1.0,8.0,0,0.0,31.0,3.0,0.258,0.291,0.344,0.635,32.0,0.08599999999999997,0.032999999999999974,0.3769999999999999,4.49438202247191,17.415730337078653,0.25806451612903225,0.3053435114503817,0.21694999999999998,405.66666666666663,0.1411042944785276,0.5241935483870968,0.258,42.0,2.0,26.0,74.0,178.0,163.0,32.0,8.0,0.0,16.0,0.291,0.344,8.0,0,0.0,,56.0,0,1,6.0,1.0,,16.374269005847953,15.601999999999997
2000,PL,近鉄バファローズ,91493886,森谷　昭仁,A.Moritani,6.0,1.0,1.0,1.0,0.0,0.0,0.0,0.0,0.0,0.0,1.0,1,0.0,0.0,0.0,0,0.0,1.0,0.0,0.0,0.0,0.0,0.0,0.0,0.0,0.0,0.0,0.0,100.0,0.0,nan,0.0,0.0,1.0,1.0,0.0,0.0,0.0,0.0,6.0,1.0,1.0,0.0,0.0,0.0,1.0,0.0,0.0,0.0,0,0.0,,0.0,1.0,1,0.0,0.0,,0.0,0.08199999999999999
2000,PL,北海道日本ハムファイターズ,91495111,吉崎　勝,M.Yoshizaki,5.0,0.0,0.0,0.0,0.0,0.0,0.0,0.0,0.0,0.0,0.0,0,0.0,0.0,0.0,0,0.0,0.0,0.0,,,,0.0,0.0,0.0,0.0,,nan,nan,nan,nan,0.0,0.0,nan,nan,,0.0,0.0,0.0,5.0,0.0,0.0,0.0,0.0,0.0,0.0,,,0.0,0,0.0,,0.0,0.0,0,0.0,0.0,,nan,0.0
2000,PL,千葉ロッテマリーンズ,91593880,後藤　利幸,T.Gotou,8.0,0.0,0.0,0.0,0.0,0.0,0.0,0.0,0.0,0.0,0.0,0,0.0,0.0,0.0,0,0.0,0.0,0.0,,,,0.0,0.0,0.0,0.0,,nan,nan,nan,nan,0.0,0.0,nan,nan,,0.0,0.0,0.0,8.0,0.0,0.0,0.0,0.0,0.0,0.0,,,0.0,0,0.0,,0.0,0.0,0,0.0,0.0,,nan,0.0
2000,PL,福岡ソフトバンクホークス,91593884,倉野　信次,S.Kurano,2.0,0.0,0.0,0.0,0.0,0.0,0.0,0.0,0.0,0.0,0.0,0,0.0,0.0,0.0,0,0.0,0.0,0.0,,,,0.0,0.0,0.0,0.0,,nan,nan,nan,nan,0.0,0.0,nan,nan,,0.0,0.0,0.0,2.0,0.0,0.0,0.0,0.0,0.0,0.0,,,0.0,0,0.0,,0.0,0.0,0,0.0,0.0,,nan,0.0
2000,PL,オリックスブルーウェーブ,91593887,小林　宏,H.Kobayashi,19.0,0.0,0.0,0.0,0.0,0.0,0.0,0.0,0.0,0.0,0.0,0,0.0,0.0,0.0,0,0.0,0.0,0.0,,,,0.0,0.0,0.0,0.0,,nan,nan,nan,nan,0.0,0.0,nan,nan,,0.0,0.0,0.0,19.0,0.0,0.0,0.0,0.0,0.0,0.0,,,0.0,0,0.0,,0.0,0.0,0,0.0,0.0,,nan,0.0
2000,PL,近鉄バファローズ,91693860,吉田　剛,T.Yoshida,7.0,14.0,12.0,1.0,5.0,1.0,0.0,0.0,6.0,1.0,3,2,1.0,0.0,1.0,0,0.0,2.0,0.0,0.417,0.462,0.5,0.962,4.0,0.08300000000000002,0.04500000000000004,0.545,7.142857142857142,14.285714285714285,0.5,0.5,0.3329,628.6666666666667,0.16666666666666666,1.0,0.417,5.0,0.0,1.0,7.0,14.0,12.0,4.0,1.0,0.0,1.0,0.462,0.5,1.0,0,0.0,,6.0,3,2,1.0,0.0,,2.769230769230769,2.364
2000,PL,近鉄バファローズ,91693882,T.ローズ,T.Rhodes,135.0,589.0,525.0,85.0,143.0,25.0,2.0,25.0,247.0,89.0,6.0,6,0.0,4.0,58.0,0,2.0,134.0,10.0,0.272,0.345,0.47,0.815,91.0,0.19799999999999995,0.07299999999999995,0.5429999999999999,9.847198641765704,22.75042444821732,0.43283582089552236,0.31891891891891894,0.27275,501.6666666666666,0.32,0.798469387755102,0.272,143.0,25.0,89.0,135.0,589.0,525.0,91.0,25.0,2.0,85.0,0.345,0.47,58.0,0,2.0,,247.0,6.0,6,0.0,4.0,,85.15780445969125,85.024
2000,PL,埼玉西武ライオンズ,91793864,中嶋　聡,S.Nakajima,78.0,217.0,182.0,19.0,43.0,6.0,0.0,2.0,55.0,26.0,0.0,0,13.0,3.0,17.0,0,2.0,33.0,7.0,0.236,0.304,0.302,0.606,35.0,0.066,0.068,0.37,7.834101382488479,15.207373271889402,0.5151515151515151,0.2733333333333333,0.2123,404.6666666666667,0.15934065934065933,0.5068493150684932,0.236,43.0,2.0,26.0,78.0,217.0,182.0,35.0,6.0,0.0,19.0,0.304,0.302,17.0,0,2.0,,55.0,0.0,0,13.0,3.0,,16.582914572864322,17.348
2000,PL,北海道日本ハムファイターズ,91793868,芝草　宇宙,H.Shibakusa,20.0,0.0,0.0,0.0,0.0,0.0,0.0,0.0,0.0,0.0,0.0,0,0.0,0.0,0.0,0,0.0,0.0,0.0,,,,0.0,0.0,0.0,0.0,,nan,nan,nan,nan,0.0,0.0,nan,nan,,0.0,0.0,0.0,20.0,0.0,0.0,0.0,0.0,0.0,0.0,,,0.0,0,0.0,,0.0,0.0,0,0.0,0.0,,nan,0.0
2000,PL,福岡ソフトバンクホークス,91793884,柴原　洋,H.Shibahara,135.0,597.0,520.0,78.0,161.0,32.0,6.0,7.0,226.0,52.0,10,9,13.0,2.0,58.0,0,4.0,91.0,6.0,0.31,0.382,0.435,0.817,116.0,0.125,0.07200000000000001,0.507,9.715242881072026,15.242881072026801,0.6373626373626373,0.3632075471698113,0.28065,527.0,0.25384615384615383,0.8136986301369863,0.31,161.0,7.0,52.0,135.0,597.0,520.0,116.0,32.0,6.0,78.0,0.382,0.435,58.0,0,4.0,,226.0,10,9,13.0,2.0,,85.62975778546713,84.258
2000,PL,近鉄バファローズ,91793887,杉山　賢人,K.Sugiyama,27.0,0.0,0.0,0.0,0.0,0.0,0.0,0.0,0.0,0.0,0.0,0,0.0,0.0,0.0,0,0.0,0.0,0.0,,,,0.0,0.0,0.0,0.0,,nan,nan,nan,nan,0.0,0.0,nan,nan,,0.0,0.0,0.0,27.0,0.0,0.0,0.0,0.0,0.0,0.0,,,0.0,0,0.0,,0.0,0.0,0,0.0,0.0,,nan,0.0
2000,PL,近鉄バファローズ,91795111,鷹野　史寿,F.Takano,86.0,225.0,186.0,30.0,55.0,10.0,2.0,6.0,87.0,31.0,2.0,2,0.0,0.0,27.0,0,12.0,40.0,4.0,0.296,0.418,0.468,0.886,37.0,0.17200000000000004,0.122,0.5900000000000001,12.0,17.77777777777778,0.675,0.35,0.3051,574.0,0.3279569892473118,0.9481481481481482,0.296,55.0,6.0,31.0,86.0,225.0,186.0,37.0,10.0,2.0,30.0,0.418,0.468,27.0,0,12.0,,87.0,2.0,2,0.0,0.0,,33.49295774647887,36.812000000000005
2000,PL,オリックスブルーウェーブ,91895111,カルロス,C.Pulido,42.0,0.0,0.0,0.0,0.0,0.0,0.0,0.0,0.0,0.0,0.0,0,0.0,0.0,0.0,0,0.0,0.0,0.0,,,,0.0,0.0,0.0,0.0,,nan,nan,nan,nan,0.0,0.0,nan,nan,,0.0,0.0,0.0,42.0,0.0,0.0,0.0,0.0,0.0,0.0,,,0.0,0,0.0,,0.0,0.0,0,0.0,0.0,,nan,0.0
2000,PL,千葉ロッテマリーンズ,91993880,橋本　将,T.Hashimoto,77.0,222.0,196.0,17.0,42.0,12.0,0.0,2.0,60.0,26.0,0.0,0,1.0,2.0,21.0,0,2.0,55.0,1.0,0.214,0.294,0.306,0.6,28.0,0.092,0.07999999999999999,0.386,9.45945945945946,24.774774774774773,0.38181818181818183,0.28368794326241137,0.20879999999999999,395.99999999999994,0.1989795918367347,0.535483870967742,0.214,42.0,2.0,26.0,77.0,222.0,196.0,28.0,12.0,0.0,17.0,0.294,0.306,21.0,0,2.0,,60.0,0.0,0,1.0,2.0,,17.419354838709676,18.018
2000,PL,千葉ロッテマリーンズ,91993882,早川　健一郎,K.Hayakawa,43.0,51.0,47.0,10.0,10.0,2.0,0.0,3.0,21.0,5.0,2,0,0.0,0.0,4.0,0,0.0,18.0,2.0,0.213,0.275,0.447,0.722,5.0,0.234,0.06200000000000003,0.509,7.8431372549019605,35.294117647058826,0.2222222222222222,0.2692307692307692,0.23550000000000001,424.00000000000006,0.3191489361702128,0.6410256410256411,0.213,10.0,3.0,5.0,43.0,51.0,47.0,5.0,2.0,0.0,10.0,0.275,0.447,4.0,0,0.0,,21.0,2,0,0.0,0.0,,5.764705882352941,5.954
2000,PL,オリックスブルーウェーブ,91993884,谷　佳知,Y.Tani,134.0,584.0,529.0,78.0,150.0,26.0,3.0,9.0,209.0,73.0,23,9,1.0,7.0,43.0,0,4.0,71.0,14.0,0.284,0.338,0.395,0.7330000000000001,112.0,0.11100000000000004,0.05400000000000005,0.449,7.363013698630137,12.157534246575343,0.6056338028169014,0.3092105263157895,0.25085,469.6666666666667,0.20982986767485823,0.6743002544529262,0.284,150.0,9.0,73.0,134.0,584.0,529.0,112.0,26.0,3.0,78.0,0.338,0.395,43.0,0,4.0,,209.0,23,9,1.0,7.0,,70.51923076923077,70.78800000000001
2000,PL,近鉄バファローズ,91993885,髙村　祐,H.Takamura,17.0,0.0,0.0,0.0,0.0,0.0,0.0,0.0,0.0,0.0,0.0,0,0.0,0.0,0.0,0,0.0,0.0,0.0,,,,0.0,0.0,0.0,0.0,,nan,nan,nan,nan,0.0,0.0,nan,nan,,0.0,0.0,0.0,17.0,0.0,0.0,0.0,0.0,0.0,0.0,,,0.0,0,0.0,,0.0,0.0,0,0.0,0.0,,nan,0.0
2000,PL,オリックスブルーウェーブ,91993888,徳元　敏,S.Tokumoto,4.0,0.0,0.0,0.0,0.0,0.0,0.0,0.0,0.0,0.0,0.0,0,0.0,0.0,0.0,0,0.0,0.0,0.0,,,,0.0,0.0,0.0,0.0,,nan,nan,nan,nan,0.0,0.0,nan,nan,,0.0,0.0,0.0,4.0,0.0,0.0,0.0,0.0,0.0,0.0,,,0.0,0,0.0,,0.0,0.0,0,0.0,0.0,,nan,0.0
2000,PL,千葉ロッテマリーンズ,91995111,戸部　浩,H.Tobe,7.0,0.0,0.0,0.0,0.0,0.0,0.0,0.0,0.0,0.0,0.0,0,0.0,0.0,0.0,0,0.0,0.0,0.0,,,,0.0,0.0,0.0,0.0,,nan,nan,nan,nan,0.0,0.0,nan,nan,,0.0,0.0,0.0,7.0,0.0,0.0,0.0,0.0,0.0,0.0,,,0.0,0,0.0,,0.0,0.0,0,0.0,0.0,,nan,0.0
2000,PL,北海道日本ハムファイターズ,93193888,S.オバンドー,S.Obando,107.0,466.0,385.0,79.0,128.0,15.0,2.0,30.0,237.0,101.0,3,0,0.0,6.0,68.0,0,7.0,63.0,11.0,0.332,0.436,0.616,1.052,81.0,0.284,0.10399999999999998,0.72,14.592274678111588,13.519313304721031,1.0793650793650793,0.3288590604026846,0.3502,641.3333333333333,0.4597402597402597,1.164179104477612,0.332,128.0,30.0,101.0,107.0,466.0,385.0,81.0,15.0,2.0,79.0,0.436,0.616,68.0,0,7.0,,237.0,3,0,0.0,6.0,,102.54304635761589,96.14399999999998
2000,PL,オリックスブルーウェーブ,93395111,T.ブロウズ,T.Burrows,14.0,0.0,0.0,0.0,0.0,0.0,0.0,0.0,0.0,0.0,0.0,0,0.0,0.0,0.0,0,0.0,0.0,0.0,,,,0.0,0.0,0.0,0.0,,nan,nan,nan,nan,0.0,0.0,nan,nan,,0.0,0.0,0.0,14.0,0.0,0.0,0.0,0.0,0.0,0.0,,,0.0,0,0.0,,0.0,0.0,0,0.0,0.0,,nan,0.0
2000,PL,福岡ソフトバンクホークス,93993868,大道　典嘉,N.Oomichi,95.0,279.0,224.0,30.0,74.0,19.0,0.0,1.0,96.0,36.0,0,1,7.0,4.0,43.0,0,1.0,31.0,7.0,0.33,0.434,0.429,0.863,54.0,0.09899999999999998,0.10399999999999998,0.5329999999999999,15.412186379928317,11.11111111111111,1.3870967741935485,0.37244897959183676,0.30255,577.0,0.29464285714285715,0.8980891719745223,0.33,74.0,1.0,36.0,95.0,279.0,224.0,54.0,19.0,0.0,30.0,0.434,0.429,43.0,0,1.0,,96.0,0,1,7.0,4.0,,42.06741573033708,42.12
