year,league,team,player_id,player_name_ja,player_name_en,G,PA,AB,R,H,2B,3B,HR,TB,RBI,SB,CS,SH,SF,BB,IBB,HBP,SO,GDP,AVG,OBP,SLG,OPS,1B,IsoP,IsoD,IOPS,BB%,K%,BB/K,BABIP,GPA,NOI,SecA,TA,打率,安打,本塁打,打点,試合,打席,打数,単打,二塁打,三塁打,得点,出塁率,長打率,四球,敬遠,死球,三振,塁打,盗塁,盗塁死,犠打,犠飛,併殺打,RC,XR
2014,CL,横浜DeNAベイスターズ,1005114,高崎　健太郎,K.Takasaki,14.0,13.0,11.0,0.0,2.0,0.0,0.0,0.0,2.0,1.0,0.0,0,2.0,0.0,0.0,0,0.0,3.0,0.0,0.182,0.182,0.182,0.364,2.0,0.0,0.0,0.182,0.0,23.076923076923077,0.0,0.25,0.1274,242.66666666666666,0.0,0.2222222222222222,0.182,2.0,0.0,1.0,14.0,13.0,11.0,2.0,0.0,0.0,0.0,0.182,0.182,0.0,0,0.0,,2.0,0.0,0,2.0,0.0,,0.36363636363636365,0.118
2014,CL,東京ヤクルトスワローズ,1005117,雄平,Y.Yuuhei（takai,141.0,597.0,547.0,97.0,173.0,28.0,3.0,23.0,276.0,90.0,10,2,1.0,0.0,48.0,0,1.0,103.0,11.0,0.316,0.372,0.505,0.877,119.0,0.189,0.055999999999999994,0.5609999999999999,8.040201005025125,17.252931323283082,0.46601941747572817,0.35629453681710216,0.29364999999999997,540.3333333333334,0.2797074954296161,0.8493506493506493,0.316,173.0,23.0,90.0,141.0,597.0,547.0,119.0,28.0,3.0,97.0,0.372,0.505,48.0,0,1.0,,276.0,10,2,1.0,0.0,,102.51428571428572,95.778
2014,CL,広島東洋カープ,1005139,西原　圭大,K.Nishihara,11.0,0.0,0.0,0.0,0.0,0.0,0.0,0.0,0.0,0.0,0.0,0,0.0,0.0,0.0,0,0.0,0.0,0.0,,,,0.0,0.0,0.0,0.0,,nan,nan,nan,nan,0.0,0.0,nan,nan,,0.0,0.0,0.0,11.0,0.0,0.0,0.0,0.0,0.0,0.0,,,0.0,0,0.0,,0.0,0.0,0,0.0,0.0,,nan,0.0
2014,CL,阪神タイガース,11015112,高宮　和也,K.Takamiya,22.0,0.0,0.0,0.0,0.0,0.0,0.0,0.0,0.0,0.0,0.0,0,0.0,0.0,0.0,0,0.0,0.0,0.0,,,,0.0,0.0,0.0,0.0,,nan,nan,nan,nan,0.0,0.0,nan,nan,,0.0,0.0,0.0,22.0,0.0,0.0,0.0,0.0,0.0,0.0,,,0.0,0,0.0,,0.0,0.0,0,0.0,0.0,,nan,0.0
2014,CL,横浜DeNAベイスターズ,11015116,田中　健二朗,K.Tanaka,11.0,1.0,1.0,0.0,0.0,0.0,0.0,0.0,0.0,0.0,0.0,0,0.0,0.0,0.0,0,0.0,0.0,0.0,0.0,0.0,0.0,0.0,0.0,0.0,0.0,0.0,0.0,0.0,nan,0.0,0.0,0.0,0.0,0.0,0.0,0.0,0.0,0.0,11.0,1.0,1.0,0.0,0.0,0.0,0.0,0.0,0.0,0.0,0,0.0,,0.0,0.0,0,0.0,0.0,,0.0,-0.098
2014,CL,阪神タイガース,1103888,新井　貴浩,T.Arai,94.0,194.0,176.0,13.0,43.0,6.0,0.0,3.0,58.0,31.0,0.0,0,0.0,1.0,15.0,0,2.0,33.0,6.0,0.244,0.309,0.33,0.639,34.0,0.08600000000000002,0.065,0.395,7.731958762886598,17.010309278350515,0.45454545454545453,0.28368794326241137,0.22155000000000002,419.0,0.17045454545454544,0.539568345323741,0.244,43.0,3.0,31.0,94.0,194.0,176.0,34.0,6.0,0.0,13.0,0.309,0.33,15.0,0,2.0,,58.0,0.0,0,0.0,1.0,,17.612565445026178,18.216
2014,CL,阪神タイガース,1105112,新井　良太,R.Arai,78.0,196.0,173.0,19.0,51.0,9.0,0.0,7.0,81.0,34.0,0.0,0,1.0,2.0,17.0,0,3.0,48.0,0.0,0.295,0.364,0.468,0.8320000000000001,35.0,0.17300000000000004,0.069,0.537,8.673469387755102,24.489795918367346,0.3541666666666667,0.36666666666666664,0.2808,520.0,0.27167630057803466,0.8278688524590164,0.295,51.0,7.0,34.0,78.0,196.0,173.0,35.0,9.0,0.0,19.0,0.364,0.468,17.0,0,3.0,,81.0,0.0,0,1.0,2.0,,28.989473684210527,28.704
2014,CL,広島東洋カープ,1105115,天谷　宗一郎,S.Amaya,59.0,128.0,111.0,20.0,35.0,4.0,2.0,3.0,52.0,6.0,4,3,0.0,0.0,16.0,0,1.0,27.0,0.0,0.315,0.406,0.468,0.8740000000000001,26.0,0.15300000000000002,0.09100000000000003,0.559,12.5,21.09375,0.5925925925925926,0.3950617283950617,0.2997,562.0,0.32432432432432434,0.9473684210526315,0.315,35.0,3.0,6.0,59.0,128.0,111.0,26.0,4.0,2.0,20.0,0.406,0.468,16.0,0,1.0,,52.0,4,3,0.0,0.0,,20.881889763779526,20.982
2014,CL,東京ヤクルトスワローズ,1105131,荒木　貴裕,T.Araki,55.0,168.0,149.0,23.0,41.0,3.0,1.0,2.0,52.0,12.0,1,2,2.0,0.0,16.0,0,1.0,25.0,2.0,0.275,0.349,0.349,0.698,35.0,0.07399999999999995,0.07399999999999995,0.4229999999999999,9.523809523809524,14.880952380952381,0.64,0.319672131147541,0.2443,465.3333333333333,0.19463087248322147,0.6454545454545455,0.275,41.0,2.0,12.0,55.0,168.0,149.0,35.0,3.0,1.0,23.0,0.349,0.349,16.0,0,1.0,,52.0,1,2,2.0,0.0,,17.963636363636365,18.965999999999998
2014,CL,横浜DeNAベイスターズ,1105133,荒波　翔,S.Aranami,63.0,206.0,188.0,30.0,51.0,8.0,2.0,3.0,72.0,18.0,1.0,0,4.0,0.0,13.0,0,1.0,28.0,1.0,0.271,0.322,0.383,0.7050000000000001,38.0,0.11199999999999999,0.05099999999999999,0.434,6.310679611650485,13.592233009708737,0.4642857142857143,0.3057324840764331,0.24065,449.6666666666667,0.18617021276595744,0.6304347826086957,0.271,51.0,3.0,18.0,63.0,206.0,188.0,38.0,8.0,2.0,30.0,0.322,0.383,13.0,0,1.0,,72.0,1.0,0,4.0,0.0,,22.925373134328357,22.533999999999992
2014,CL,広島東洋カープ,11213880,横山　竜士,R.Yokoyama,6.0,0.0,0.0,0.0,0.0,0.0,0.0,0.0,0.0,0.0,0.0,0,0.0,0.0,0.0,0,0.0,0.0,0.0,,,,0.0,0.0,0.0,0.0,,nan,nan,nan,nan,0.0,0.0,nan,nan,,0.0,0.0,0.0,6.0,0.0,0.0,0.0,0.0,0.0,0.0,,,0.0,0,0.0,,0.0,0.0,0,0.0,0.0,,nan,0.0
2014,CL,東京ヤクルトスワローズ,11313884,岩村　明憲,A.Iwamura,39.0,79.0,74.0,7.0,18.0,6.0,0.0,1.0,27.0,14.0,0.0,0,0.0,0.0,4.0,0,1.0,21.0,1.0,0.243,0.291,0.365,0.6559999999999999,11.0,0.122,0.04799999999999999,0.413,5.063291139240507,26.582278481012654,0.19047619047619047,0.3269230769230769,0.22219999999999998,412.66666666666663,0.17567567567567569,0.5614035087719298,0.243,18.0,1.0,14.0,39.0,79.0,74.0,11.0,6.0,0.0,7.0,0.291,0.365,4.0,0,1.0,,27.0,0.0,0,0.0,0.0,,7.615384615384615,7.422
2014,CL,広島東洋カープ,11315112,今井　啓介,K.Imai,11.0,0.0,0.0,0.0,0.0,0.0,0.0,0.0,0.0,0.0,0.0,0,0.0,0.0,0.0,0,0.0,0.0,0.0,,,,0.0,0.0,0.0,0.0,,nan,nan,nan,nan,0.0,0.0,nan,nan,,0.0,0.0,0.0,11.0,0.0,0.0,0.0,0.0,0.0,0.0,,,0.0,0,0.0,,0.0,0.0,0,0.0,0.0,,nan,0.0
2014,CL,東京ヤクルトスワローズ,11315115,石川　雅規,M.Ishikawa,27.0,56.0,44.0,2.0,9.0,0.0,0.0,0.0,9.0,2.0,0.0,0,11.0,0.0,1.0,0,0.0,15.0,1.0,0.205,0.222,0.205,0.427,9.0,0.0,0.017000000000000015,0.222,1.7857142857142856,26.785714285714285,0.06666666666666667,0.3103448275862069,0.15115,290.3333333333333,0.022727272727272728,0.2777777777777778,0.205,9.0,0.0,2.0,27.0,56.0,44.0,9.0,0.0,0.0,2.0,0.222,0.205,1.0,0,0.0,,9.0,0.0,0,11.0,0.0,,2.0,1.4
2014,CL,横浜DeNAベイスターズ,11415139,萬谷　康平,K.Mantani,26.0,0.0,0.0,0.0,0.0,0.0,0.0,0.0,0.0,0.0,0.0,0,0.0,0.0,0.0,0,0.0,0.0,0.0,,,,0.0,0.0,0.0,0.0,,nan,nan,nan,nan,0.0,0.0,nan,nan,,0.0,0.0,0.0,26.0,0.0,0.0,0.0,0.0,0.0,0.0,,,0.0,0,0.0,,0.0,0.0,0,0.0,0.0,,nan,0.0
2014,CL,中日ドラゴンズ,11515110,雄太,Y.Yuudai（kawai,19.0,28.0,24.0,1.0,2.0,1.0,0.0,0.0,3.0,1.0,0.0,0,4.0,0.0,0.0,0,0.0,10.0,0.0,0.083,0.083,0.125,0.20800000000000002,1.0,0.041999999999999996,0.0,0.125,0.0,35.714285714285715,0.0,0.14285714285714285,0.0686,124.66666666666667,0.041666666666666664,0.13636363636363635,0.083,2.0,0.0,1.0,19.0,28.0,24.0,1.0,1.0,0.0,1.0,0.083,0.125,0.0,0,0.0,,3.0,0.0,0,4.0,0.0,,0.25,-0.9360000000000002
2014,CL,読売ジャイアンツ,11515115,大竹　寛,K.Ootake,22.0,49.0,40.0,2.0,7.0,1.0,1.0,0.0,10.0,6.0,0.0,0,7.0,0.0,2.0,0,0.0,17.0,1.0,0.175,0.214,0.25,0.46399999999999997,5.0,0.07500000000000001,0.03900000000000001,0.289,4.081632653061225,34.69387755102041,0.11764705882352941,0.30434782608695654,0.1588,297.3333333333333,0.125,0.35294117647058826,0.175,7.0,0.0,6.0,22.0,49.0,40.0,5.0,1.0,1.0,2.0,0.214,0.25,2.0,0,0.0,,10.0,0.0,0,7.0,0.0,,2.142857142857143,1.686
2014,CL,中日ドラゴンズ,11515118,小熊　凌祐,R.Oguma,2.0,0.0,0.0,0.0,0.0,0.0,0.0,0.0,0.0,0.0,0.0,0,0.0,0.0,0.0,0,0.0,0.0,0.0,,,,0.0,0.0,0.0,0.0,,nan,nan,nan,nan,0.0,0.0,nan,nan,,0.0,0.0,0.0,2.0,0.0,0.0,0.0,0.0,0.0,0.0,,,0.0,0,0.0,,0.0,0.0,0,0.0,0.0,,nan,0.0
2014,CL,中日ドラゴンズ,11515131,岡田　俊哉,T.Okada,38.0,12.0,8.0,0.0,0.0,0.0,0.0,0.0,0.0,0.0,0.0,0,4.0,0.0,0.0,0,0.0,3.0,0.0,0.0,0.0,0.0,0.0,0.0,0.0,0.0,0.0,0.0,25.0,0.0,0.0,0.0,0.0,0.0,0.0,0.0,0.0,0.0,0.0,38.0,12.0,8.0,0.0,0.0,0.0,0.0,0.0,0.0,0.0,0,0.0,,0.0,0.0,0,4.0,0.0,,0.0,-0.784
2014,CL,中日ドラゴンズ,11515133,大野　雄大,Y.Oono,25.0,54.0,46.0,1.0,3.0,0.0,0.0,0.0,3.0,1.0,0.0,0,6.0,0.0,2.0,0,0.0,25.0,0.0,0.065,0.104,0.065,0.16899999999999998,3.0,0.0,0.03899999999999999,0.104,3.7037037037037033,46.2962962962963,0.08,0.14285714285714285,0.06305,125.66666666666664,0.043478260869565216,0.11627906976744186,0.065,3.0,0.0,1.0,25.0,54.0,46.0,3.0,0.0,0.0,1.0,0.104,0.065,2.0,0,0.0,,3.0,0.0,0,6.0,0.0,,0.3125,-2.0540000000000003
2014,CL,東京ヤクルトスワローズ,11515137,小川　泰弘,Y.Ogawa,17.0,40.0,35.0,0.0,1.0,0.0,0.0,0.0,1.0,0.0,0.0,0,4.0,0.0,1.0,0,0.0,17.0,1.0,0.029,0.056,0.029,0.085,1.0,0.0,0.027,0.056,2.5,42.5,0.058823529411764705,0.05555555555555555,0.03245,65.66666666666667,0.02857142857142857,0.05714285714285714,0.029,1.0,0.0,0.0,17.0,40.0,35.0,1.0,0.0,0.0,0.0,0.056,0.029,1.0,0,0.0,,1.0,0.0,0,4.0,0.0,,0.05555555555555555,-2.5020000000000002
2014,CL,東京ヤクルトスワローズ,11615117,森岡　良介,R.Morioka,100.0,326.0,301.0,26.0,83.0,16.0,2.0,2.0,109.0,31.0,1,0,5.0,2.0,15.0,0,3.0,39.0,7.0,0.276,0.315,0.362,0.677,63.0,0.08599999999999997,0.03899999999999998,0.4009999999999999,4.601226993865031,11.96319018404908,0.38461538461538464,0.30916030534351147,0.23225,435.66666666666663,0.1362126245847176,0.5644444444444444,0.276,83.0,2.0,31.0,100.0,326.0,301.0,63.0,16.0,2.0,26.0,0.315,0.362,15.0,0,3.0,,109.0,1,0,5.0,2.0,,33.80379746835443,32.556
2014,CL,東京ヤクルトスワローズ,11615131,山本　哲哉,T.Yamamoto,52.0,0.0,0.0,0.0,0.0,0.0,0.0,0.0,0.0,0.0,0.0,0,0.0,0.0,0.0,0,0.0,0.0,0.0,,,,0.0,0.0,0.0,0.0,,nan,nan,nan,nan,0.0,0.0,nan,nan,,0.0,0.0,0.0,52.0,0.0,0.0,0.0,0.0,0.0,0.0,,,0.0,0,0.0,,0.0,0.0,0,0.0,0.0,,nan,0.0
2014,CL,東京ヤクルトスワローズ,11615137,谷内　亮太,R.Yachi,43.0,99.0,89.0,6.0,17.0,4.0,0.0,1.0,24.0,16.0,0,1,2.0,3.0,4.0,0,1.0,14.0,1.0,0.191,0.227,0.27,0.497,12.0,0.07900000000000001,0.036000000000000004,0.306,4.040404040404041,14.14141414141414,0.2857142857142857,0.2077922077922078,0.16965000000000002,317.0,0.1348314606741573,0.410958904109589,0.191,17.0,1.0,16.0,43.0,99.0,89.0,12.0,4.0,0.0,6.0,0.227,0.27,4.0,0,1.0,,24.0,0,1,2.0,3.0,,5.419354838709677,5.0939999999999985
2014,CL,阪神タイガース,11715113,狩野　恵輔,K.Kanou,12.0,26.0,24.0,2.0,7.0,1.0,0.0,1.0,11.0,5.0,0.0,0,1.0,1.0,0.0,0,0.0,2.0,0.0,0.292,0.28,0.458,0.738,5.0,0.16600000000000004,-0.011999999999999955,0.446,0.0,7.6923076923076925,0.0,0.2727272727272727,0.24050000000000005,432.6666666666667,0.16666666666666666,0.6470588235294118,0.292,7.0,1.0,5.0,12.0,26.0,24.0,5.0,1.0,0.0,2.0,0.28,0.458,0.0,0,0.0,,11.0,0.0,0,1.0,1.0,,3.2083333333333335,2.9939999999999998
2014,CL,横浜DeNAベイスターズ,11715118,小杉　陽太,Y.Kosugi,2.0,0.0,0.0,0.0,0.0,0.0,0.0,0.0,0.0,0.0,0.0,0,0.0,0.0,0.0,0,0.0,0.0,0.0,,,,0.0,0.0,0.0,0.0,,nan,nan,nan,nan,0.0,0.0,nan,nan,,0.0,0.0,0.0,2.0,0.0,0.0,0.0,0.0,0.0,0.0,,,0.0,0,0.0,,0.0,0.0,0,0.0,0.0,,nan,0.0
2014,CL,東京ヤクルトスワローズ,11715133,川﨑　成晃,N.Kawasaki,14.0,14.0,13.0,3.0,3.0,0.0,0.0,0.0,3.0,0.0,1,0,0.0,0.0,1.0,0,0.0,0.0,0.0,0.231,0.286,0.231,0.517,3.0,0.0,0.054999999999999966,0.286,7.142857142857142,0.0,nan,0.23076923076923078,0.18644999999999998,363.0,0.07692307692307693,0.4,0.231,3.0,0.0,0.0,14.0,14.0,13.0,3.0,0.0,0.0,3.0,0.286,0.231,1.0,0,0.0,,3.0,1,0,0.0,0.0,,0.8571428571428571,0.8500000000000001
2014,CL,読売ジャイアンツ,11815139,L.アンダーソン,L.Anderson,87.0,325.0,295.0,32.0,94.0,11.0,1.0,15.0,152.0,50.0,1.0,1,0.0,0.0,25.0,0,5.0,44.0,4.0,0.319,0.382,0.515,0.897,67.0,0.196,0.063,0.5780000000000001,7.6923076923076925,13.538461538461538,0.5681818181818182,0.3347457627118644,0.30065,553.6666666666666,0.2847457627118644,0.8926829268292683,0.319,94.0,15.0,50.0,87.0,325.0,295.0,67.0,11.0,1.0,32.0,0.382,0.515,25.0,0,5.0,,152.0,1.0,1,0.0,0.0,,56.525,54.442000000000014
2014,CL,阪神タイガース,11915114,小嶋　達也,T.Kojima,6.0,0.0,0.0,0.0,0.0,0.0,0.0,0.0,0.0,0.0,0.0,0,0.0,0.0,0.0,0,0.0,0.0,0.0,,,,0.0,0.0,0.0,0.0,,nan,nan,nan,nan,0.0,0.0,nan,nan,,0.0,0.0,0.0,6.0,0.0,0.0,0.0,0.0,0.0,0.0,,,0.0,0,0.0,,0.0,0.0,0,0.0,0.0,,nan,0.0
2014,CL,広島東洋カープ,11915116,篠田　純平,J.Shinoda,12.0,14.0,14.0,0.0,2.0,0.0,0.0,0.0,2.0,2.0,0.0,0,0.0,0.0,0.0,0,0.0,5.0,0.0,0.143,0.143,0.143,0.286,2.0,0.0,0.0,0.143,0.0,35.714285714285715,0.0,0.2222222222222222,0.1001,190.66666666666666,0.0,0.16666666666666666,0.143,2.0,0.0,2.0,12.0,14.0,14.0,2.0,0.0,0.0,0.0,0.143,0.143,0.0,0,0.0,,2.0,0.0,0,0.0,0.0,,0.2857142857142857,-0.17600000000000016
2014,CL,横浜DeNAベイスターズ,11915117,G　後藤　武敏,T.Gomesu,68.0,165.0,145.0,17.0,41.0,8.0,0.0,7.0,70.0,31.0,0.0,0,1.0,1.0,18.0,0,0.0,34.0,4.0,0.283,0.36,0.483,0.843,26.0,0.2,0.07700000000000001,0.56,10.909090909090908,20.606060606060606,0.5294117647058824,0.3238095238095238,0.28275,521.0,0.32413793103448274,0.8148148148148148,0.283,41.0,7.0,31.0,68.0,165.0,145.0,26.0,8.0,0.0,17.0,0.36,0.483,18.0,0,0.0,,70.0,0.0,0,1.0,1.0,,25.337423312883434,24.587999999999994
2014,CL,中日ドラゴンズ,1205114,堂上　直倫,N.Donoue,90.0,261.0,237.0,19.0,54.0,4.0,1.0,1.0,63.0,17.0,1,0,11.0,3.0,10.0,0,0.0,45.0,8.0,0.228,0.256,0.266,0.522,48.0,0.038000000000000006,0.027999999999999997,0.294,3.8314176245210727,17.24137931034483,0.2222222222222222,0.27319587628865977,0.18170000000000003,344.6666666666667,0.08016877637130802,0.38219895287958117,0.228,54.0,1.0,17.0,90.0,261.0,237.0,48.0,4.0,1.0,19.0,0.256,0.266,10.0,0,0.0,,63.0,1,0,11.0,3.0,,16.323886639676115,14.725999999999996
2014,CL,横浜DeNAベイスターズ,1205115,林　昌範,M.Hayashi,56.0,0.0,0.0,0.0,0.0,0.0,0.0,0.0,0.0,0.0,0.0,0,0.0,0.0,0.0,0,0.0,0.0,0.0,,,,0.0,0.0,0.0,0.0,,nan,nan,nan,nan,0.0,0.0,nan,nan,,0.0,0.0,0.0,56.0,0.0,0.0,0.0,0.0,0.0,0.0,,,0.0,0,0.0,,0.0,0.0,0,0.0,0.0,,nan,0.0
2014,CL,広島東洋カープ,1205117,永川　勝浩,K.Nagakawa,52.0,0.0,0.0,0.0,0.0,0.0,0.0,0.0,0.0,0.0,0.0,0,0.0,0.0,0.0,0,0.0,0.0,0.0,,,,0.0,0.0,0.0,0.0,,nan,nan,nan,nan,0.0,0.0,nan,nan,,0.0,0.0,0.0,52.0,0.0,0.0,0.0,0.0,0.0,0.0,,,0.0,0,0.0,,0.0,0.0,0,0.0,0.0,,nan,0.0
2014,CL,東京ヤクルトスワローズ,1205135,徳山　武陽,T.Tokuyama,7.0,4.0,3.0,0.0,0.0,0.0,0.0,0.0,0.0,0.0,0.0,0,1.0,0.0,0.0,0,0.0,3.0,0.0,0.0,0.0,0.0,0.0,0.0,0.0,0.0,0.0,0.0,75.0,0.0,nan,0.0,0.0,0.0,0.0,0.0,0.0,0.0,0.0,7.0,4.0,3.0,0.0,0.0,0.0,0.0,0.0,0.0,0.0,0,0.0,,0.0,0.0,0,1.0,0.0,,0.0,-0.29400000000000004
2014,CL,読売ジャイアンツ,1305110,片岡　治大,Y.Kataoka,126.0,484.0,429.0,54.0,108.0,16.0,2.0,6.0,146.0,32.0,24,7,23.0,0.0,29.0,0,3.0,51.0,14.0,0.252,0.304,0.34,0.644,84.0,0.08800000000000002,0.05199999999999999,0.392,5.991735537190083,10.537190082644628,0.5686274509803921,0.27419354838709675,0.2218,417.3333333333333,0.17249417249417248,0.5522388059701493,0.252,108.0,6.0,32.0,126.0,484.0,429.0,84.0,16.0,2.0,54.0,0.304,0.34,29.0,0,3.0,,146.0,24,7,23.0,0.0,,43.672489082969435,44.602000000000004
2014,CL,広島東洋カープ,1305114,上野　弘文,H.Ueno,1.0,0.0,0.0,0.0,0.0,0.0,0.0,0.0,0.0,0.0,0.0,0,0.0,0.0,0.0,0,0.0,0.0,0.0,,,,0.0,0.0,0.0,0.0,,nan,nan,nan,nan,0.0,0.0,nan,nan,,0.0,0.0,0.0,1.0,0.0,0.0,0.0,0.0,0.0,0.0,,,0.0,0,0.0,,0.0,0.0,0,0.0,0.0,,nan,0.0
2014,CL,横浜DeNAベイスターズ,1305116,大田　阿斗里,A.Oota,3.0,0.0,0.0,0.0,0.0,0.0,0.0,0.0,0.0,0.0,0.0,0,0.0,0.0,0.0,0,0.0,0.0,0.0,,,,0.0,0.0,0.0,0.0,,nan,nan,nan,nan,0.0,0.0,nan,nan,,0.0,0.0,0.0,3.0,0.0,0.0,0.0,0.0,0.0,0.0,,,0.0,0,0.0,,0.0,0.0,0,0.0,0.0,,nan,0.0
2014,CL,広島東洋カープ,1305117,江草　仁貴,H.Egusa,8.0,0.0,0.0,0.0,0.0,0.0,0.0,0.0,0.0,0.0,0.0,0,0.0,0.0,0.0,0,0.0,0.0,0.0,,,,0.0,0.0,0.0,0.0,,nan,nan,nan,nan,0.0,0.0,nan,nan,,0.0,0.0,0.0,8.0,0.0,0.0,0.0,0.0,0.0,0.0,,,0.0,0,0.0,,0.0,0.0,0,0.0,0.0,,nan,0.0
2014,CL,阪神タイガース,1305118,上本　博紀,H.Uemoto,131.0,600.0,515.0,90.0,142.0,28.0,5.0,7.0,201.0,38.0,20,10,7.0,2.0,70.0,0,6.0,97.0,7.0,0.276,0.368,0.39,0.758,102.0,0.11399999999999999,0.09199999999999997,0.482,11.666666666666666,16.166666666666664,0.7216494845360825,0.3268765133171913,0.2631,498.0,0.26990291262135924,0.7552631578947369,0.276,142.0,7.0,38.0,131.0,600.0,515.0,102.0,28.0,5.0,90.0,0.368,0.39,70.0,0,6.0,,201.0,20,10,7.0,2.0,,72.84102564102564,76.76599999999999
2014,CL,読売ジャイアンツ,1305119,香月　良太,R.Katsuki,41.0,0.0,0.0,0.0,0.0,0.0,0.0,0.0,0.0,0.0,0.0,0,0.0,0.0,0.0,0,0.0,0.0,0.0,,,,0.0,0.0,0.0,0.0,,nan,nan,nan,nan,0.0,0.0,nan,nan,,0.0,0.0,0.0,41.0,0.0,0.0,0.0,0.0,0.0,0.0,,,0.0,0,0.0,,0.0,0.0,0,0.0,0.0,,nan,0.0
2014,CL,中日ドラゴンズ,1305131,大島　洋平,Y.Ooshima,141.0,642.0,585.0,92.0,186.0,18.0,2.0,2.0,214.0,28.0,28,12,6.0,2.0,43.0,0,6.0,56.0,3.0,0.318,0.369,0.366,0.735,164.0,0.04799999999999999,0.05099999999999999,0.417,6.697819314641744,8.722741433021806,0.7678571428571429,0.34782608695652173,0.25755,491.0,0.14188034188034188,0.6840796019900498,0.318,186.0,2.0,28.0,141.0,642.0,585.0,164.0,18.0,2.0,92.0,0.369,0.366,43.0,0,6.0,,214.0,28,12,6.0,2.0,,78.03503184713375,79.14799999999998
2014,CL,阪神タイガース,1305133,榎田　大樹,D.Enokida,24.0,8.0,6.0,0.0,1.0,0.0,0.0,0.0,1.0,0.0,0.0,0,2.0,0.0,0.0,0,0.0,3.0,1.0,0.167,0.167,0.167,0.334,1.0,0.0,0.0,0.167,0.0,37.5,0.0,0.3333333333333333,0.1169,222.66666666666669,0.0,0.16666666666666666,0.167,1.0,0.0,0.0,24.0,8.0,6.0,1.0,0.0,0.0,0.0,0.167,0.167,0.0,0,0.0,,1.0,0.0,0,2.0,0.0,,0.16666666666666666,0.010000000000000009
2014,CL,東京ヤクルトスワローズ,13115139,C.ナーブソン,C.Narveson,24.0,44.0,35.0,0.0,5.0,1.0,0.0,0.0,6.0,1.0,0.0,0,9.0,0.0,0.0,0,0.0,12.0,1.0,0.143,0.143,0.171,0.314,4.0,0.028000000000000025,0.0,0.171,0.0,27.27272727272727,0.0,0.21739130434782608,0.1071,199.99999999999997,0.02857142857142857,0.1935483870967742,0.143,5.0,0.0,1.0,24.0,44.0,35.0,4.0,1.0,0.0,0.0,0.143,0.171,0.0,0,0.0,,6.0,0.0,0,9.0,0.0,,0.8571428571428571,-0.2200000000000002
2014,CL,東京ヤクルトスワローズ,13315133,W.バレンティン,W.Balentien,112.0,446.0,366.0,61.0,110.0,12.0,0.0,31.0,215.0,69.0,2,0,0.0,3.0,75.0,0,2.0,95.0,10.0,0.301,0.419,0.587,1.006,67.0,0.286,0.118,0.705,16.81614349775785,21.300448430493272,0.7894736842105263,0.32510288065843623,0.3353,614.6666666666667,0.4918032786885246,1.0977443609022557,0.301,110.0,31.0,69.0,112.0,446.0,366.0,67.0,12.0,0.0,61.0,0.419,0.587,75.0,0,2.0,,215.0,2,0,0.0,3.0,,90.19274376417233,87.102
2014,CL,東京ヤクルトスワローズ,13315135,L.ミレッジ,L.Milledge,10.0,47.0,39.0,3.0,9.0,2.0,0.0,1.0,14.0,6.0,0.0,0,0.0,2.0,6.0,0,0.0,6.0,4.0,0.231,0.319,0.359,0.6779999999999999,6.0,0.12799999999999997,0.088,0.4469999999999999,12.76595744680851,12.76595744680851,1.0,0.23529411764705882,0.2333,438.66666666666663,0.28205128205128205,0.5882352941176471,0.231,9.0,1.0,6.0,10.0,47.0,39.0,6.0,2.0,0.0,3.0,0.319,0.359,6.0,0,0.0,,14.0,0.0,0,0.0,2.0,,4.666666666666667,4.92
2014,CL,広島東洋カープ,13315137,キラ・カアイフエ,K.Ka'aihue,88.0,335.0,288.0,25.0,74.0,13.0,0.0,11.0,120.0,40.0,0.0,0,0.0,2.0,41.0,0,4.0,85.0,4.0,0.257,0.355,0.417,0.772,50.0,0.15999999999999998,0.09799999999999998,0.5149999999999999,12.238805970149254,25.37313432835821,0.4823529411764706,0.3247422680412371,0.264,494.0,0.3020833333333333,0.7568807339449541,0.257,74.0,11.0,40.0,88.0,335.0,288.0,50.0,13.0,0.0,25.0,0.355,0.417,41.0,0,4.0,,120.0,0.0,0,0.0,2.0,,41.94528875379939,44.07800000000001
2014,CL,広島東洋カープ,13515135,B.エルドレッド,B.Eldred,118.0,505.0,454.0,71.0,118.0,18.0,0.0,37.0,247.0,104.0,2,0,0.0,3.0,41.0,0,7.0,169.0,8.0,0.26,0.329,0.544,0.873,63.0,0.28400000000000003,0.069,0.613,8.118811881188119,33.46534653465347,0.24260355029585798,0.32270916334661354,0.28405,510.3333333333333,0.3744493392070485,0.8575581395348837,0.26,118.0,37.0,104.0,118.0,505.0,454.0,63.0,18.0,0.0,71.0,0.329,0.544,41.0,0,7.0,,247.0,2,0,0.0,3.0,,79.33939393939394,80.65200000000002
2014,CL,横浜DeNAベイスターズ,13515139,Y.グリエル,Y.Gurriel,62.0,258.0,239.0,46.0,73.0,22.0,0.0,11.0,128.0,30.0,3,0,0.0,2.0,15.0,0,2.0,40.0,4.0,0.305,0.349,0.536,0.885,40.0,0.23100000000000004,0.043999999999999984,0.5800000000000001,5.813953488372093,15.503875968992247,0.375,0.3263157894736842,0.29105000000000003,527.6666666666666,0.2928870292887029,0.8529411764705882,0.305,73.0,11.0,30.0,62.0,258.0,239.0,40.0,22.0,0.0,46.0,0.349,0.536,15.0,0,2.0,,128.0,3,0,0.0,2.0,,44.346456692913385,41.022000000000006
2014,CL,中日ドラゴンズ,1403862,山本昌,M.Yamamotomasa（yamamoto,3.0,3.0,3.0,0.0,0.0,0.0,0.0,0.0,0.0,0.0,0.0,0,0.0,0.0,0.0,0,0.0,2.0,0.0,0.0,0.0,0.0,0.0,0.0,0.0,0.0,0.0,0.0,66.66666666666666,0.0,0.0,0.0,0.0,0.0,0.0,0.0,0.0,0.0,0.0,3.0,3.0,3.0,0.0,0.0,0.0,0.0,0.0,0.0,0.0,0,0.0,,0.0,0.0,0,0.0,0.0,,0.0,-0.29400000000000004
2014,CL,広島東洋カープ,1405116,松山　竜平,R.Matsuyama,80.0,250.0,233.0,26.0,74.0,9.0,1.0,7.0,106.0,34.0,0,1,0.0,1.0,14.0,0,2.0,29.0,7.0,0.318,0.36,0.455,0.815,57.0,0.137,0.04199999999999998,0.497,5.6000000000000005,11.600000000000001,0.4827586206896552,0.3383838383838384,0.27575,511.66666666666674,0.2017167381974249,0.7409638554216867,0.318,74.0,7.0,34.0,80.0,250.0,233.0,57.0,9.0,1.0,26.0,0.36,0.455,14.0,0,2.0,,106.0,0,1,0.0,1.0,,37.76518218623482,35.977999999999994
2014,CL,横浜DeNAベイスターズ,1405135,西森　将司,M.Nishimori,12.0,25.0,22.0,0.0,1.0,0.0,0.0,0.0,1.0,0.0,0.0,0,3.0,0.0,0.0,0,0.0,6.0,2.0,0.045,0.045,0.045,0.09,1.0,0.0,0.0,0.045,0.0,24.0,0.0,0.0625,0.0315,60.0,0.0,0.043478260869565216,0.045,1.0,0.0,0.0,12.0,25.0,22.0,1.0,0.0,0.0,0.0,0.045,0.045,0.0,0,0.0,,1.0,0.0,0,3.0,0.0,,0.045454545454545456,-1.5580000000000003
2014,CL,横浜DeNAベイスターズ,1505133,加賀美　希昇,K.Kagami,5.0,4.0,4.0,0.0,0.0,0.0,0.0,0.0,0.0,0.0,0.0,0,0.0,0.0,0.0,0,0.0,2.0,1.0,0.0,0.0,0.0,0.0,0.0,0.0,0.0,0.0,0.0,50.0,0.0,0.0,0.0,0.0,0.0,0.0,0.0,0.0,0.0,0.0,5.0,4.0,4.0,0.0,0.0,0.0,0.0,0.0,0.0,0.0,0,0.0,,0.0,0.0,0,0.0,0.0,,0.0,-0.392
2014,CL,読売ジャイアンツ,1605114,松本　哲也,T.Matsumoto,75.0,90.0,80.0,14.0,22.0,1.0,0.0,0.0,23.0,3.0,3,1,4.0,0.0,4.0,0,2.0,12.0,0.0,0.275,0.326,0.287,0.613,21.0,0.011999999999999955,0.05099999999999999,0.3379999999999999,4.444444444444445,13.333333333333334,0.3333333333333333,0.3235294117647059,0.21844999999999998,421.6666666666667,0.075,0.5172413793103449,0.275,22.0,0.0,3.0,75.0,90.0,80.0,21.0,1.0,0.0,14.0,0.326,0.287,4.0,0,2.0,,23.0,3,1,4.0,0.0,,7.119047619047619,7.696000000000001
2014,CL,阪神タイガース,1605135,松田　遼馬,R.Matsuda,6.0,0.0,0.0,0.0,0.0,0.0,0.0,0.0,0.0,0.0,0.0,0,0.0,0.0,0.0,0,0.0,0.0,0.0,,,,0.0,0.0,0.0,0.0,,nan,nan,nan,nan,0.0,0.0,nan,nan,,0.0,0.0,0.0,6.0,0.0,0.0,0.0,0.0,0.0,0.0,,,0.0,0,0.0,,0.0,0.0,0,0.0,0.0,,nan,0.0
2014,CL,中日ドラゴンズ,1605137,D.カブレラ,D.Cabrera,14.0,24.0,21.0,1.0,0.0,0.0,0.0,0.0,0.0,0.0,0.0,0,2.0,0.0,1.0,0,0.0,19.0,0.0,0.0,0.045,0.0,0.045,0.0,0.0,0.045,0.045,4.166666666666666,79.16666666666666,0.05263157894736842,0.0,0.02025,45.0,0.047619047619047616,0.047619047619047616,0.0,0.0,0.0,0.0,14.0,24.0,21.0,0.0,0.0,0.0,1.0,0.045,0.0,1.0,0,0.0,,0.0,0.0,0,2.0,0.0,,0.0,-1.7280000000000002
2014,CL,横浜DeNAベイスターズ,1705116,小林　太志,F.Kobayashi,2.0,0.0,0.0,0.0,0.0,0.0,0.0,0.0,0.0,0.0,0.0,0,0.0,0.0,0.0,0,0.0,0.0,0.0,,,,0.0,0.0,0.0,0.0,,nan,nan,nan,nan,0.0,0.0,nan,nan,,0.0,0.0,0.0,2.0,0.0,0.0,0.0,0.0,0.0,0.0,,,0.0,0,0.0,,0.0,0.0,0,0.0,0.0,,nan,0.0
2014,CL,広島東洋カープ,1705117,木村　昇吾,S.Kimura,101.0,253.0,238.0,25.0,62.0,6.0,3.0,1.0,77.0,13.0,4,2,7.0,1.0,4.0,0,3.0,57.0,3.0,0.261,0.28,0.324,0.6040000000000001,52.0,0.063,0.019000000000000017,0.343,1.5810276679841897,22.529644268774703,0.07017543859649122,0.3370165745856354,0.20700000000000002,388.0,0.08823529411764706,0.48044692737430167,0.261,62.0,1.0,13.0,101.0,253.0,238.0,52.0,6.0,3.0,25.0,0.28,0.324,4.0,0,3.0,,77.0,4,2,7.0,1.0,,21.0,20.301999999999996
2014,CL,横浜DeNAベイスターズ,1705131,国吉　佑樹,Y.Kuniyoshi,49.0,2.0,2.0,0.0,0.0,0.0,0.0,0.0,0.0,0.0,0.0,0,0.0,0.0,0.0,0,0.0,2.0,0.0,0.0,0.0,0.0,0.0,0.0,0.0,0.0,0.0,0.0,100.0,0.0,nan,0.0,0.0,0.0,0.0,0.0,0.0,0.0,0.0,49.0,2.0,2.0,0.0,0.0,0.0,0.0,0.0,0.0,0.0,0,0.0,,0.0,0.0,0,0.0,0.0,,0.0,-0.196
2014,CL,東京ヤクルトスワローズ,1705133,久古　健太郎,K.Kyuuko,46.0,0.0,0.0,0.0,0.0,0.0,0.0,0.0,0.0,0.0,0.0,0,0.0,0.0,0.0,0,0.0,0.0,0.0,,,,0.0,0.0,0.0,0.0,,nan,nan,nan,nan,0.0,0.0,nan,nan,,0.0,0.0,0.0,46.0,0.0,0.0,0.0,0.0,0.0,0.0,,,0.0,0,0.0,,0.0,0.0,0,0.0,0.0,,nan,0.0
2014,CL,読売ジャイアンツ,1805114,横川　史学,F.Yokogawa,16.0,21.0,19.0,1.0,5.0,1.0,0.0,1.0,9.0,5.0,0.0,0,0.0,0.0,2.0,0,0.0,6.0,0.0,0.263,0.333,0.474,0.8069999999999999,3.0,0.21099999999999997,0.07,0.544,9.523809523809524,28.57142857142857,0.3333333333333333,0.3333333333333333,0.26835,491.0,0.3157894736842105,0.7857142857142857,0.263,5.0,1.0,5.0,16.0,21.0,19.0,3.0,1.0,0.0,1.0,0.333,0.474,2.0,0,0.0,,9.0,0.0,0,0.0,0.0,,3.0,2.9479999999999995
2014,CL,中日ドラゴンズ,1905119,堂上　剛裕,T.Donoue,6.0,5.0,5.0,1.0,1.0,0.0,0.0,0.0,1.0,0.0,0.0,0,0.0,0.0,0.0,0,0.0,3.0,0.0,0.2,0.2,0.2,0.4,1.0,0.0,0.0,0.2,0.0,60.0,0.0,0.5,0.14,266.6666666666667,0.0,0.25,0.2,1.0,0.0,0.0,6.0,5.0,5.0,1.0,0.0,0.0,1.0,0.2,0.2,0.0,0,0.0,,1.0,0.0,0,0.0,0.0,,0.2,0.10799999999999998
2014,CL,横浜DeNAベイスターズ,21023885,中村　紀洋,N.Nakamura,13.0,56.0,49.0,5.0,12.0,2.0,0.0,0.0,14.0,10.0,0.0,0,0.0,1.0,6.0,0,0.0,10.0,3.0,0.245,0.321,0.286,0.607,10.0,0.04099999999999998,0.07600000000000001,0.362,10.714285714285714,17.857142857142858,0.6,0.3,0.21594999999999998,416.3333333333333,0.16326530612244897,0.5,0.245,12.0,0.0,10.0,13.0,56.0,49.0,10.0,2.0,0.0,5.0,0.321,0.286,6.0,0,0.0,,14.0,0.0,0,0.0,1.0,,4.581818181818182,4.794
2014,CL,読売ジャイアンツ,21025116,中井　大介,D.Nakai,23.0,52.0,49.0,5.0,10.0,2.0,1.0,0.0,14.0,3.0,1,0,0.0,0.0,3.0,0,0.0,13.0,3.0,0.204,0.25,0.286,0.536,7.0,0.08199999999999999,0.04600000000000001,0.3319999999999999,5.769230769230769,25.0,0.23076923076923078,0.2777777777777778,0.184,345.3333333333333,0.14285714285714285,0.40476190476190477,0.204,10.0,0.0,3.0,23.0,52.0,49.0,7.0,2.0,1.0,5.0,0.25,0.286,3.0,0,0.0,,14.0,1,0,0.0,0.0,,3.5,3.1479999999999997
2014,CL,中日ドラゴンズ,21025135,田島　慎二,S.Tajima,42.0,1.0,1.0,0.0,0.0,0.0,0.0,0.0,0.0,0.0,0.0,0,0.0,0.0,0.0,0,0.0,0.0,0.0,0.0,0.0,0.0,0.0,0.0,0.0,0.0,0.0,0.0,0.0,nan,0.0,0.0,0.0,0.0,0.0,0.0,0.0,0.0,0.0,42.0,1.0,1.0,0.0,0.0,0.0,0.0,0.0,0.0,0.0,0,0.0,,0.0,0.0,0,0.0,0.0,,0.0,-0.098
2014,CL,中日ドラゴンズ,21025137,福谷　浩司,K.Fukutani,72.0,0.0,0.0,0.0,0.0,0.0,0.0,0.0,0.0,0.0,0.0,0,0.0,0.0,0.0,0,0.0,0.0,0.0,,,,0.0,0.0,0.0,0.0,,nan,nan,nan,nan,0.0,0.0,nan,nan,,0.0,0.0,0.0,72.0,0.0,0.0,0.0,0.0,0.0,0.0,,,0.0,0,0.0,,0.0,0.0,0,0.0,0.0,,nan,0.0
2014,CL,読売ジャイアンツ,21125113,阿部　慎之助,S.Abe,131.0,526.0,459.0,49.0,114.0,24.0,0.0,19.0,195.0,57.0,1,3,0.0,2.0,58.0,0,7.0,77.0,16.0,0.248,0.34,0.425,0.765,71.0,0.177,0.09200000000000003,0.517,11.02661596958175,14.638783269961978,0.7532467532467533,0.2602739726027397,0.25925000000000004,481.6666666666667,0.3093681917211329,0.7285318559556787,0.248,114.0,19.0,57.0,131.0,526.0,459.0,71.0,24.0,0.0,49.0,0.34,0.425,58.0,0,7.0,,195.0,1,3,0.0,2.0,,64.87427466150871,68.32000000000001
2014,CL,中日ドラゴンズ,21125118,伊藤　準規,J.Itou,9.0,10.0,9.0,0.0,0.0,0.0,0.0,0.0,0.0,0.0,0.0,0,0.0,0.0,1.0,0,0.0,6.0,0.0,0.0,0.1,0.0,0.1,0.0,0.0,0.1,0.1,10.0,60.0,0.16666666666666666,0.0,0.045000000000000005,100.0,0.1111111111111111,0.1111111111111111,0.0,0.0,0.0,0.0,9.0,10.0,9.0,0.0,0.0,0.0,0.0,0.1,0.0,1.0,0,0.0,,0.0,0.0,0,0.0,0.0,,0.0,-0.552
2014,CL,広島東洋カープ,21125133,池ノ内　亮介,R.Ikenouchi,2.0,0.0,0.0,0.0,0.0,0.0,0.0,0.0,0.0,0.0,0.0,0,0.0,0.0,0.0,0,0.0,0.0,0.0,,,,0.0,0.0,0.0,0.0,,nan,nan,nan,nan,0.0,0.0,nan,nan,,0.0,0.0,0.0,2.0,0.0,0.0,0.0,0.0,0.0,0.0,,,0.0,0,0.0,,0.0,0.0,0,0.0,0.0,,nan,0.0
2014,CL,広島東洋カープ,21125135,一岡　竜司,R.Ichioka,31.0,0.0,0.0,0.0,0.0,0.0,0.0,0.0,0.0,0.0,0.0,0,0.0,0.0,0.0,0,0.0,0.0,0.0,,,,0.0,0.0,0.0,0.0,,nan,nan,nan,nan,0.0,0.0,nan,nan,,0.0,0.0,0.0,31.0,0.0,0.0,0.0,0.0,0.0,0.0,,,0.0,0,0.0,,0.0,0.0,0,0.0,0.0,,nan,0.0
2014,CL,東京ヤクルトスワローズ,21125137,石山　泰稚,T.Ishiyama,35.0,32.0,27.0,0.0,3.0,0.0,0.0,0.0,3.0,0.0,0.0,0,4.0,0.0,1.0,0,0.0,13.0,1.0,0.111,0.143,0.111,0.254,3.0,0.0,0.03199999999999999,0.143,3.125,40.625,0.07692307692307693,0.21428571428571427,0.09209999999999999,180.0,0.037037037037037035,0.16,0.111,3.0,0.0,0.0,35.0,32.0,27.0,3.0,0.0,0.0,0.0,0.143,0.111,1.0,0,0.0,,3.0,0.0,0,4.0,0.0,,0.42857142857142855,-0.5220000000000002
2014,CL,中日ドラゴンズ,21223884,森野　将彦,M.Morino,141.0,588.0,507.0,64.0,146.0,34.0,0.0,13.0,219.0,86.0,3,0,5.0,6.0,69.0,0,1.0,66.0,20.0,0.288,0.37,0.432,0.802,99.0,0.14400000000000002,0.08200000000000002,0.514,11.73469387755102,11.224489795918368,1.0454545454545454,0.3064516129032258,0.2745,514.0,0.28007889546351084,0.7585301837270341,0.288,146.0,13.0,86.0,141.0,588.0,507.0,99.0,34.0,0.0,64.0,0.37,0.432,69.0,0,1.0,,219.0,3,0,5.0,6.0,,81.74479166666667,80.42200000000001
2014,CL,広島東洋カープ,21225115,久本　祐一,Y.Hisamoto,9.0,0.0,0.0,0.0,0.0,0.0,0.0,0.0,0.0,0.0,0.0,0,0.0,0.0,0.0,0,0.0,0.0,0.0,,,,0.0,0.0,0.0,0.0,,nan,nan,nan,nan,0.0,0.0,nan,nan,,0.0,0.0,0.0,9.0,0.0,0.0,0.0,0.0,0.0,0.0,,,0.0,0,0.0,,0.0,0.0,0,0.0,0.0,,nan,0.0
2014,CL,広島東洋カープ,21225135,戸田　隆矢,T.Toda,30.0,14.0,13.0,0.0,3.0,0.0,0.0,0.0,3.0,1.0,0.0,0,1.0,0.0,0.0,0,0.0,7.0,0.0,0.231,0.231,0.231,0.462,3.0,0.0,0.0,0.231,0.0,50.0,0.0,0.5,0.1617,308.0,0.0,0.3,0.231,3.0,0.0,1.0,30.0,14.0,13.0,3.0,0.0,0.0,0.0,0.231,0.231,0.0,0,0.0,,3.0,0.0,0,1.0,0.0,,0.6923076923076923,0.52
2014,CL,中日ドラゴンズ,21323884,小笠原　道大,M.Ogasawara,81.0,99.0,83.0,4.0,25.0,6.0,0.0,1.0,34.0,18.0,0.0,0,0.0,1.0,14.0,0,1.0,16.0,1.0,0.301,0.404,0.41,0.8140000000000001,18.0,0.10899999999999999,0.10300000000000004,0.513,14.14141414141414,16.161616161616163,0.875,0.3582089552238806,0.2843,540.6666666666666,0.27710843373493976,0.8305084745762712,0.301,25.0,1.0,18.0,81.0,99.0,83.0,18.0,6.0,0.0,4.0,0.404,0.41,14.0,0,1.0,,34.0,0.0,0,0.0,1.0,,13.670103092783505,14.026
2014,CL,読売ジャイアンツ,21323888,加藤　健,K.Katou,6.0,12.0,10.0,1.0,4.0,0.0,0.0,0.0,4.0,1.0,0.0,0,0.0,0.0,2.0,0,0.0,4.0,0.0,0.4,0.5,0.4,0.9,4.0,0.0,0.09999999999999998,0.5,16.666666666666664,33.33333333333333,0.5,0.6666666666666666,0.325,633.3333333333333,0.2,1.0,0.4,4.0,0.0,1.0,6.0,12.0,10.0,4.0,0.0,0.0,1.0,0.5,0.4,2.0,0,0.0,,4.0,0.0,0,0.0,0.0,,2.0,2.072
2014,CL,広島東洋カープ,21325111,河内　貴哉,T.Kawauchi,12.0,0.0,0.0,0.0,0.0,0.0,0.0,0.0,0.0,0.0,0.0,0,0.0,0.0,0.0,0,0.0,0.0,0.0,,,,0.0,0.0,0.0,0.0,,nan,nan,nan,nan,0.0,0.0,nan,nan,,0.0,0.0,0.0,12.0,0.0,0.0,0.0,0.0,0.0,0.0,,,0.0,0,0.0,,0.0,0.0,0,0.0,0.0,,nan,0.0
2014,CL,阪神タイガース,21325139,梅野　隆太郎,R.Umeno,92.0,265.0,249.0,23.0,49.0,13.0,2.0,7.0,87.0,21.0,0,1,2.0,2.0,10.0,0,2.0,78.0,7.0,0.197,0.232,0.349,0.581,27.0,0.15199999999999997,0.035,0.384,3.7735849056603774,29.433962264150942,0.1282051282051282,0.25301204819277107,0.19165,348.3333333333333,0.19678714859437751,0.4830917874396135,0.197,49.0,7.0,21.0,92.0,265.0,249.0,27.0,13.0,2.0,23.0,0.232,0.349,10.0,0,2.0,,87.0,0,1,2.0,2.0,,19.81853281853282,19.559999999999995
2014,CL,広島東洋カープ,21425116,丸　佳浩,Y.Maru,144.0,644.0,536.0,106.0,166.0,30.0,5.0,19.0,263.0,67.0,26,11,0.0,4.0,100.0,0,4.0,95.0,12.0,0.31,0.419,0.491,0.9099999999999999,112.0,0.181,0.10899999999999999,0.6,15.527950310559005,14.751552795031056,1.0526315789473684,0.34507042253521125,0.3113,582.6666666666666,0.3880597014925373,0.9895287958115183,0.31,166.0,19.0,67.0,144.0,644.0,536.0,112.0,30.0,5.0,106.0,0.419,0.491,100.0,0,4.0,,263.0,26,11,0.0,4.0,,109.99685534591195,110.19999999999999
2014,CL,広島東洋カープ,21425135,野村　祐輔,Y.Nomura,19.0,34.0,30.0,2.0,7.0,0.0,0.0,0.0,7.0,4.0,0.0,0,3.0,0.0,1.0,0,0.0,15.0,0.0,0.233,0.258,0.233,0.491,7.0,0.0,0.024999999999999994,0.258,2.941176470588235,44.11764705882353,0.06666666666666667,0.4666666666666667,0.17435,335.6666666666667,0.03333333333333333,0.34782608695652173,0.233,7.0,0.0,4.0,19.0,34.0,30.0,7.0,0.0,0.0,2.0,0.258,0.233,1.0,0,0.0,,7.0,0.0,0,3.0,0.0,,1.8064516129032258,1.576
2014,CL,阪神タイガース,21525113,加藤　康介,K.Katou,32.0,0.0,0.0,0.0,0.0,0.0,0.0,0.0,0.0,0.0,0.0,0,0.0,0.0,0.0,0,0.0,0.0,0.0,,,,0.0,0.0,0.0,0.0,,nan,nan,nan,nan,0.0,0.0,nan,nan,,0.0,0.0,0.0,32.0,0.0,0.0,0.0,0.0,0.0,0.0,,,0.0,0,0.0,,0.0,0.0,0,0.0,0.0,,nan,0.0
2014,CL,横浜DeNAベイスターズ,21525131,加賀　繁,S.Kaga,37.0,5.0,5.0,1.0,1.0,0.0,0.0,0.0,1.0,0.0,0.0,0,0.0,0.0,0.0,0,0.0,3.0,0.0,0.2,0.2,0.2,0.4,1.0,0.0,0.0,0.2,0.0,60.0,0.0,0.5,0.14,266.6666666666667,0.0,0.25,0.2,1.0,0.0,0.0,37.0,5.0,5.0,1.0,0.0,0.0,1.0,0.2,0.2,0.0,0,0.0,,1.0,0.0,0,0.0,0.0,,0.2,0.10799999999999998
2014,CL,阪神タイガース,21525137,金田　和之,K.Kaneda,40.0,6.0,5.0,0.0,1.0,0.0,0.0,0.0,1.0,0.0,0.0,0,1.0,0.0,0.0,0,0.0,2.0,0.0,0.2,0.2,0.2,0.4,1.0,0.0,0.0,0.2,0.0,33.33333333333333,0.0,0.3333333333333333,0.14,266.6666666666667,0.0,0.25,0.2,1.0,0.0,0.0,40.0,6.0,5.0,1.0,0.0,0.0,0.0,0.2,0.2,0.0,0,0.0,,1.0,0.0,0,1.0,0.0,,0.2,0.10799999999999998
2014,CL,東京ヤクルトスワローズ,21625112,村中　恭兵,K.Muranaka,7.0,12.0,9.0,2.0,2.0,0.0,0.0,0.0,2.0,0.0,0.0,0,2.0,0.0,1.0,0,0.0,5.0,0.0,0.222,0.3,0.222,0.522,2.0,0.0,0.07799999999999999,0.3,8.333333333333332,41.66666666666667,0.2,0.5,0.1905,374.0,0.1111111111111111,0.42857142857142855,0.222,2.0,0.0,0.0,7.0,12.0,9.0,2.0,0.0,0.0,2.0,0.3,0.222,1.0,0,0.0,,2.0,0.0,0,2.0,0.0,,0.6,0.644
2014,CL,中日ドラゴンズ,21625116,山内　壮馬,S.Yamauchi,1.0,1.0,1.0,0.0,0.0,0.0,0.0,0.0,0.0,0.0,0.0,0,0.0,0.0,0.0,0,0.0,1.0,0.0,0.0,0.0,0.0,0.0,0.0,0.0,0.0,0.0,0.0,100.0,0.0,nan,0.0,0.0,0.0,0.0,0.0,0.0,0.0,0.0,1.0,1.0,1.0,0.0,0.0,0.0,0.0,0.0,0.0,0.0,0,0.0,,0.0,0.0,0,0.0,0.0,,0.0,-0.098
2014,CL,東京ヤクルトスワローズ,21625118,八木　亮祐,R.Yagi,23.0,28.0,23.0,0.0,1.0,1.0,0.0,0.0,2.0,2.0,0.0,0,5.0,0.0,0.0,0,0.0,11.0,0.0,0.043,0.043,0.087,0.13,0.0,0.044,0.0,0.087,0.0,39.285714285714285,0.0,0.08333333333333333,0.0411,72.0,0.043478260869565216,0.09090909090909091,0.043,1.0,0.0,2.0,23.0,28.0,23.0,0.0,1.0,0.0,0.0,0.043,0.087,0.0,0,0.0,,2.0,0.0,0,5.0,0.0,,0.08695652173913043,-1.4360000000000002
2014,CL,読売ジャイアンツ,21625133,宮國　椋丞,R.Miyaguni,3.0,5.0,5.0,0.0,0.0,0.0,0.0,0.0,0.0,0.0,0.0,0,0.0,0.0,0.0,0,0.0,4.0,0.0,0.0,0.0,0.0,0.0,0.0,0.0,0.0,0.0,0.0,80.0,0.0,0.0,0.0,0.0,0.0,0.0,0.0,0.0,0.0,0.0,3.0,5.0,5.0,0.0,0.0,0.0,0.0,0.0,0.0,0.0,0,0.0,,0.0,0.0,0,0.0,0.0,,0.0,-0.49
2014,CL,阪神タイガース,21723882,鶴岡　一成,K.Tsuruoka,77.0,163.0,154.0,10.0,34.0,5.0,1.0,0.0,41.0,12.0,0.0,0,4.0,1.0,3.0,0,1.0,30.0,10.0,0.221,0.239,0.266,0.505,28.0,0.04500000000000001,0.017999999999999988,0.284,1.8404907975460123,18.404907975460123,0.1,0.272,0.17404999999999998,327.6666666666667,0.06493506493506493,0.34615384615384615,0.221,34.0,0.0,12.0,77.0,163.0,154.0,28.0,5.0,1.0,10.0,0.239,0.266,3.0,0,1.0,,41.0,0.0,0,4.0,1.0,,9.662420382165605,8.200000000000001
2014,CL,横浜DeNAベイスターズ,21725111,髙橋　尚成,H.Takahashi,10.0,14.0,12.0,0.0,3.0,0.0,0.0,0.0,3.0,0.0,0.0,0,2.0,0.0,0.0,0,0.0,3.0,2.0,0.25,0.25,0.25,0.5,3.0,0.0,0.0,0.25,0.0,21.428571428571427,0.0,0.3333333333333333,0.175,333.3333333333333,0.0,0.2727272727272727,0.25,3.0,0.0,0.0,10.0,14.0,12.0,3.0,0.0,0.0,0.0,0.25,0.25,0.0,0,0.0,,3.0,0.0,0,2.0,0.0,,0.75,0.618
2014,CL,横浜DeNAベイスターズ,21725112,黒羽根　利規,T.Kurobane,109.0,374.0,326.0,32.0,86.0,10.0,0.0,2.0,102.0,24.0,1,2,17.0,2.0,24.0,0,5.0,78.0,10.0,0.264,0.322,0.313,0.635,74.0,0.04899999999999999,0.057999999999999996,0.371,6.417112299465241,20.855614973262032,0.3076923076923077,0.3387096774193548,0.22315000000000002,426.3333333333333,0.12883435582822086,0.532,0.264,86.0,2.0,24.0,109.0,374.0,326.0,74.0,10.0,0.0,32.0,0.322,0.313,24.0,0,5.0,,102.0,1,2,17.0,2.0,,32.05714285714286,33.49000000000001
2014,CL,読売ジャイアンツ,21725117,久保　裕也,Y.Kubo,48.0,4.0,4.0,0.0,0.0,0.0,0.0,0.0,0.0,0.0,0.0,0,0.0,0.0,0.0,0,0.0,2.0,0.0,0.0,0.0,0.0,0.0,0.0,0.0,0.0,0.0,0.0,50.0,0.0,0.0,0.0,0.0,0.0,0.0,0.0,0.0,0.0,0.0,48.0,4.0,4.0,0.0,0.0,0.0,0.0,0.0,0.0,0.0,0,0.0,,0.0,0.0,0,0.0,0.0,,0.0,-0.392
2014,CL,阪神タイガース,21725118,柴田　講平,K.Shibata,27.0,40.0,39.0,6.0,7.0,1.0,0.0,0.0,8.0,1.0,0.0,0,0.0,0.0,1.0,0,0.0,7.0,1.0,0.179,0.2,0.205,0.405,6.0,0.025999999999999995,0.02100000000000002,0.226,2.5,17.5,0.14285714285714285,0.21875,0.14125000000000001,268.3333333333333,0.05128205128205128,0.2727272727272727,0.179,7.0,0.0,1.0,27.0,40.0,39.0,6.0,1.0,0.0,6.0,0.2,0.205,1.0,0,0.0,,8.0,0.0,0,0.0,0.0,,1.6,0.9139999999999997
2014,CL,横浜DeNAベイスターズ,21725137,白崎　浩之,H.Shirasaki,101.0,240.0,209.0,24.0,49.0,8.0,1.0,1.0,62.0,11.0,4,2,15.0,0.0,16.0,0,0.0,50.0,4.0,0.234,0.289,0.297,0.586,39.0,0.06299999999999997,0.054999999999999966,0.352,6.666666666666667,20.833333333333336,0.32,0.3037974683544304,0.20429999999999998,387.99999999999994,0.14832535885167464,0.4878048780487805,0.234,49.0,1.0,11.0,101.0,240.0,209.0,39.0,8.0,1.0,24.0,0.289,0.297,16.0,0,0.0,,62.0,4,2,15.0,0.0,,17.91111111111111,17.699999999999996
2014,CL,東京ヤクルトスワローズ,21823888,松元　ユウイチ,Y.Matsumoto,72.0,89.0,83.0,1.0,24.0,3.0,0.0,0.0,27.0,14.0,0.0,0,0.0,1.0,5.0,0,0.0,6.0,3.0,0.289,0.326,0.325,0.651,21.0,0.03600000000000003,0.03700000000000003,0.362,5.617977528089887,6.741573033707865,0.8333333333333334,0.3076923076923077,0.22794999999999999,434.33333333333337,0.0963855421686747,0.5161290322580645,0.289,24.0,0.0,14.0,72.0,89.0,83.0,21.0,3.0,0.0,1.0,0.326,0.325,5.0,0,0.0,,27.0,0.0,0,0.0,1.0,,8.897727272727273,8.528
2014,CL,中日ドラゴンズ,21825133,吉川　大幾,D.Yoshikawa,16.0,17.0,14.0,2.0,0.0,0.0,0.0,0.0,0.0,0.0,0.0,0,2.0,0.0,1.0,0,0.0,2.0,0.0,0.0,0.067,0.0,0.067,0.0,0.0,0.067,0.067,5.88235294117647,11.76470588235294,0.5,0.0,0.030150000000000003,67.0,0.07142857142857142,0.07142857142857142,0.0,0.0,0.0,0.0,16.0,17.0,14.0,0.0,0.0,0.0,2.0,0.067,0.0,1.0,0,0.0,,0.0,0.0,0,2.0,0.0,,0.0,-1.042
2014,CL,東京ヤクルトスワローズ,21925110,田中　浩康,H.Tanaka,77.0,111.0,102.0,9.0,25.0,2.0,1.0,3.0,38.0,10.0,0.0,0,1.0,0.0,8.0,0,0.0,15.0,4.0,0.245,0.3,0.373,0.673,19.0,0.128,0.05499999999999999,0.428,7.207207207207207,13.513513513513514,0.5333333333333333,0.2619047619047619,0.22825,424.3333333333333,0.20588235294117646,0.5679012345679012,0.245,25.0,3.0,10.0,77.0,111.0,102.0,19.0,2.0,1.0,9.0,0.3,0.373,8.0,0,0.0,,38.0,0.0,0,1.0,0.0,,11.4,11.394000000000002
2014,CL,広島東洋カープ,21925112,梵　英心,E.Soyogi,114.0,416.0,353.0,43.0,95.0,16.0,3.0,8.0,141.0,41.0,7,8,17.0,2.0,39.0,0,5.0,57.0,14.0,0.269,0.348,0.399,0.747,68.0,0.13,0.07899999999999996,0.478,9.375,13.701923076923078,0.6842105263157895,0.3,0.25634999999999997,481.0,0.26345609065155806,0.7095588235294118,0.269,95.0,8.0,41.0,114.0,416.0,353.0,68.0,16.0,3.0,43.0,0.348,0.399,39.0,0,5.0,,141.0,7,8,17.0,2.0,,48.19897959183673,50.835999999999984
2014,CL,阪神タイガース,21925119,鳥谷　敬,T.Toritani,144.0,644.0,550.0,96.0,172.0,28.0,2.0,8.0,228.0,73.0,10,6,1.0,4.0,87.0,0,2.0,80.0,14.0,0.313,0.406,0.415,0.821,134.0,0.10199999999999998,0.09300000000000003,0.508,13.509316770186336,12.422360248447205,1.0875,0.351931330472103,0.28645000000000004,544.3333333333334,0.27090909090909093,0.8239795918367347,0.313,172.0,8.0,73.0,144.0,644.0,550.0,134.0,28.0,2.0,96.0,0.406,0.415,87.0,0,2.0,,228.0,10,6,1.0,4.0,,92.7032967032967,94.166
2014,CL,横浜DeNAベイスターズ,23125118,T.ブランコ,T.Blanco,85.0,333.0,311.0,32.0,88.0,14.0,0.0,17.0,153.0,60.0,0.0,0,0.0,0.0,18.0,0,4.0,91.0,5.0,0.283,0.33,0.492,0.8220000000000001,57.0,0.20900000000000002,0.04700000000000004,0.539,5.405405405405405,27.32732732732733,0.1978021978021978,0.3497536945812808,0.2715,494.0,0.26688102893890675,0.7675438596491229,0.283,88.0,17.0,60.0,85.0,333.0,311.0,57.0,14.0,0.0,32.0,0.33,0.492,18.0,0,4.0,,153.0,0.0,0,0.0,0.0,,49.29483282674772,48.46600000000001
2014,CL,横浜DeNAベイスターズ,23525133,チェン・グァンユウ,G.（chiぇn,1.0,1.0,1.0,0.0,0.0,0.0,0.0,0.0,0.0,0.0,0.0,0,0.0,0.0,0.0,0,0.0,1.0,0.0,0.0,0.0,0.0,0.0,0.0,0.0,0.0,0.0,0.0,100.0,0.0,nan,0.0,0.0,0.0,0.0,0.0,0.0,0.0,0.0,1.0,1.0,1.0,0.0,0.0,0.0,0.0,0.0,0.0,0.0,0,0.0,,0.0,0.0,0,0.0,0.0,,0.0,-0.098
2014,CL,広島東洋カープ,23525139,D.ヒース,D.Heath,7.0,16.0,15.0,0.0,1.0,0.0,0.0,0.0,1.0,1.0,0.0,0,1.0,0.0,0.0,0,0.0,11.0,0.0,0.067,0.067,0.067,0.134,1.0,0.0,0.0,0.067,0.0,68.75,0.0,0.25,0.046900000000000004,89.33333333333333,0.0,0.07142857142857142,0.067,1.0,0.0,1.0,7.0,16.0,15.0,1.0,0.0,0.0,0.0,0.067,0.067,0.0,0,0.0,,1.0,0.0,0,1.0,0.0,,0.06666666666666667,-0.8720000000000001
2014,CL,東京ヤクルトスワローズ,31035112,武内　晋一,S.Takeuchi,55.0,125.0,111.0,15.0,27.0,2.0,0.0,4.0,41.0,9.0,0.0,0,1.0,1.0,12.0,0,0.0,18.0,3.0,0.243,0.315,0.369,0.6839999999999999,21.0,0.126,0.07200000000000001,0.441,9.6,14.399999999999999,0.6666666666666666,0.25555555555555554,0.234,438.0,0.23423423423423423,0.6091954022988506,0.243,27.0,4.0,9.0,55.0,125.0,111.0,21.0,2.0,0.0,15.0,0.315,0.369,12.0,0,0.0,,41.0,0.0,0,1.0,1.0,,13.0,13.427999999999999
2014,CL,読売ジャイアンツ,31035119,西村　健太朗,K.Nishimura,49.0,0.0,0.0,0.0,0.0,0.0,0.0,0.0,0.0,0.0,0.0,0,0.0,0.0,0.0,0,0.0,0.0,0.0,,,,0.0,0.0,0.0,0.0,,nan,nan,nan,nan,0.0,0.0,nan,nan,,0.0,0.0,0.0,49.0,0.0,0.0,0.0,0.0,0.0,0.0,,,0.0,0,0.0,,0.0,0.0,0,0.0,0.0,,nan,0.0
2014,CL,東京ヤクルトスワローズ,31035133,七條　祐樹,Y.Shichijou,10.0,5.0,4.0,0.0,0.0,0.0,0.0,0.0,0.0,0.0,0.0,0,1.0,0.0,0.0,0,0.0,3.0,0.0,0.0,0.0,0.0,0.0,0.0,0.0,0.0,0.0,0.0,60.0,0.0,0.0,0.0,0.0,0.0,0.0,0.0,0.0,0.0,0.0,10.0,5.0,4.0,0.0,0.0,0.0,0.0,0.0,0.0,0.0,0,0.0,,0.0,0.0,0,1.0,0.0,,0.0,-0.392
2014,CL,読売ジャイアンツ,31035135,高木　京介,K.Takagi,26.0,2.0,1.0,0.0,0.0,0.0,0.0,0.0,0.0,0.0,0.0,0,1.0,0.0,0.0,0,0.0,0.0,0.0,0.0,0.0,0.0,0.0,0.0,0.0,0.0,0.0,0.0,0.0,nan,0.0,0.0,0.0,0.0,0.0,0.0,0.0,0.0,0.0,26.0,2.0,1.0,0.0,0.0,0.0,0.0,0.0,0.0,0.0,0,0.0,,0.0,0.0,0,1.0,0.0,,0.0,-0.098
2014,CL,広島東洋カープ,31135114,會澤　翼,T.Aizawa,65.0,200.0,179.0,25.0,55.0,9.0,0.0,10.0,94.0,30.0,0,1,1.0,2.0,16.0,0,2.0,28.0,6.0,0.307,0.367,0.525,0.892,36.0,0.21800000000000003,0.06,0.585,8.0,14.000000000000002,0.5714285714285714,0.3146853146853147,0.2964,542.0,0.3128491620111732,0.8692307692307693,0.307,55.0,10.0,30.0,65.0,200.0,179.0,36.0,9.0,0.0,25.0,0.367,0.525,16.0,0,2.0,,94.0,0,1,1.0,2.0,,34.225641025641025,32.84799999999999
2014,CL,東京ヤクルトスワローズ,31135118,赤川　克紀,K.Akagawa,14.0,2.0,2.0,0.0,0.0,0.0,0.0,0.0,0.0,0.0,0.0,0,0.0,0.0,0.0,0,0.0,0.0,0.0,0.0,0.0,0.0,0.0,0.0,0.0,0.0,0.0,0.0,0.0,nan,0.0,0.0,0.0,0.0,0.0,0.0,0.0,0.0,0.0,14.0,2.0,2.0,0.0,0.0,0.0,0.0,0.0,0.0,0.0,0,0.0,,0.0,0.0,0,0.0,0.0,,0.0,-0.196
2014,CL,中日ドラゴンズ,31135131,赤田　龍一郎,R.Akada,2.0,5.0,5.0,0.0,0.0,0.0,0.0,0.0,0.0,1.0,0.0,0,0.0,0.0,0.0,0,0.0,2.0,1.0,0.0,0.0,0.0,0.0,0.0,0.0,0.0,0.0,0.0,40.0,0.0,0.0,0.0,0.0,0.0,0.0,0.0,0.0,0.0,1.0,2.0,5.0,5.0,0.0,0.0,0.0,0.0,0.0,0.0,0.0,0,0.0,,0.0,0.0,0,0.0,0.0,,0.0,-0.49
2014,CL,東京ヤクルトスワローズ,31235113,畠山　和洋,K.Hatakeyama,113.0,464.0,422.0,52.0,131.0,19.0,1.0,17.0,203.0,79.0,2,0,1.0,3.0,36.0,0,2.0,54.0,17.0,0.31,0.365,0.481,0.846,94.0,0.17099999999999999,0.05499999999999999,0.536,7.758620689655173,11.637931034482758,0.6666666666666666,0.3220338983050847,0.2845,525.3333333333334,0.2559241706161137,0.7824675324675324,0.31,131.0,17.0,79.0,113.0,464.0,422.0,94.0,19.0,1.0,52.0,0.365,0.481,36.0,0,2.0,,203.0,2,0,1.0,3.0,,74.01965065502183,70.22200000000001
2014,CL,広島東洋カープ,31235118,中田　廉,R.Nakata,66.0,0.0,0.0,0.0,0.0,0.0,0.0,0.0,0.0,0.0,0.0,0,0.0,0.0,0.0,0,0.0,0.0,0.0,,,,0.0,0.0,0.0,0.0,,nan,nan,nan,nan,0.0,0.0,nan,nan,,0.0,0.0,0.0,66.0,0.0,0.0,0.0,0.0,0.0,0.0,,,0.0,0,0.0,,0.0,0.0,0,0.0,0.0,,nan,0.0
2014,CL,広島東洋カープ,31235133,中﨑　翔太,S.Nakazaki,32.0,0.0,0.0,0.0,0.0,0.0,0.0,0.0,0.0,0.0,0.0,0,0.0,0.0,0.0,0,0.0,0.0,0.0,,,,0.0,0.0,0.0,0.0,,nan,nan,nan,nan,0.0,0.0,nan,nan,,0.0,0.0,0.0,32.0,0.0,0.0,0.0,0.0,0.0,0.0,,,0.0,0,0.0,,0.0,0.0,0,0.0,0.0,,nan,0.0
2014,CL,阪神タイガース,31335112,今成　亮太,R.Imanari,115.0,362.0,332.0,34.0,86.0,15.0,0.0,4.0,113.0,24.0,2,3,9.0,0.0,18.0,0,3.0,48.0,9.0,0.259,0.303,0.34,0.643,67.0,0.08100000000000002,0.043999999999999984,0.384,4.972375690607735,13.259668508287293,0.375,0.29285714285714287,0.22135,416.3333333333333,0.14457831325301204,0.5372549019607843,0.259,86.0,4.0,24.0,115.0,362.0,332.0,67.0,15.0,0.0,34.0,0.303,0.34,18.0,0,3.0,,113.0,2,3,9.0,0.0,,33.57714285714286,33.422
2014,CL,読売ジャイアンツ,31335114,隠善　智也,T.Inzen,11.0,29.0,28.0,1.0,9.0,0.0,0.0,0.0,9.0,0.0,1,0,1.0,0.0,0.0,0,0.0,5.0,2.0,0.321,0.321,0.321,0.642,9.0,0.0,0.0,0.321,0.0,17.24137931034483,0.0,0.391304347826087,0.2247,428.0,0.0,0.42857142857142855,0.321,9.0,0.0,0.0,11.0,29.0,28.0,9.0,0.0,0.0,1.0,0.321,0.321,0.0,0,0.0,,9.0,1,0,1.0,0.0,,2.892857142857143,2.638
2014,CL,中日ドラゴンズ,31335118,岩﨑　恭平,K.Iwasaki,18.0,30.0,28.0,6.0,3.0,0.0,0.0,0.0,3.0,0.0,1.0,1,0.0,0.0,2.0,0,0.0,6.0,0.0,0.107,0.167,0.107,0.274,3.0,0.0,0.06000000000000001,0.167,6.666666666666667,20.0,0.3333333333333333,0.13636363636363635,0.1019,202.66666666666666,0.10714285714285714,0.24,0.107,3.0,0.0,0.0,18.0,30.0,28.0,3.0,0.0,0.0,6.0,0.167,0.107,2.0,0,0.0,,3.0,1.0,1,0.0,0.0,,0.5,-0.10999999999999988
2014,CL,読売ジャイアンツ,31335135,今村　信貴,N.Imamura,13.0,7.0,7.0,0.0,1.0,0.0,0.0,0.0,1.0,0.0,0.0,0,0.0,0.0,0.0,0,0.0,4.0,0.0,0.143,0.143,0.143,0.286,1.0,0.0,0.0,0.143,0.0,57.14285714285714,0.0,0.3333333333333333,0.1001,190.66666666666666,0.0,0.16666666666666666,0.143,1.0,0.0,0.0,13.0,7.0,7.0,1.0,0.0,0.0,0.0,0.143,0.143,0.0,0,0.0,,1.0,0.0,0,0.0,0.0,,0.14285714285714285,-0.08800000000000008
2014,CL,広島東洋カープ,31335137,上本　崇司,T.Uemoto,18.0,8.0,7.0,3.0,2.0,0.0,0.0,0.0,2.0,0.0,0.0,0,0.0,0.0,1.0,0,0.0,2.0,0.0,0.286,0.375,0.286,0.661,2.0,0.0,0.08900000000000002,0.375,12.5,25.0,0.5,0.4,0.24025000000000002,470.3333333333333,0.14285714285714285,0.6,0.286,2.0,0.0,0.0,18.0,8.0,7.0,2.0,0.0,0.0,3.0,0.375,0.286,1.0,0,0.0,,2.0,0.0,0,0.0,0.0,,0.75,0.8400000000000001
2014,CL,阪神タイガース,31335139,岩崎　優,S.Iwazaki,17.0,27.0,25.0,1.0,4.0,1.0,0.0,0.0,5.0,0.0,0.0,0,2.0,0.0,0.0,0,0.0,15.0,0.0,0.16,0.16,0.2,0.36,3.0,0.04000000000000001,0.0,0.2,0.0,55.55555555555556,0.0,0.4,0.12200000000000001,226.66666666666669,0.04,0.23809523809523808,0.16,4.0,0.0,0.0,17.0,27.0,25.0,3.0,1.0,0.0,1.0,0.16,0.2,0.0,0,0.0,,5.0,0.0,0,2.0,0.0,,0.8,0.16199999999999948
2014,CL,中日ドラゴンズ,31433884,和田　一浩,K.Wada,90.0,356.0,302.0,40.0,85.0,12.0,2.0,16.0,149.0,65.0,2,1,0.0,5.0,45.0,0,4.0,38.0,11.0,0.281,0.376,0.493,0.869,55.0,0.21199999999999997,0.09499999999999997,0.588,12.640449438202248,10.674157303370785,1.1842105263157894,0.2727272727272727,0.29245,540.3333333333334,0.36423841059602646,0.8728070175438597,0.281,85.0,16.0,65.0,90.0,356.0,302.0,55.0,12.0,2.0,40.0,0.376,0.493,45.0,0,4.0,,149.0,2,1,0.0,5.0,,55.821325648414984,56.34400000000001
2014,CL,読売ジャイアンツ,31435112,福田　聡志,S.Fukuda,12.0,1.0,1.0,0.0,0.0,0.0,0.0,0.0,0.0,0.0,0.0,0,0.0,0.0,0.0,0,0.0,1.0,0.0,0.0,0.0,0.0,0.0,0.0,0.0,0.0,0.0,0.0,100.0,0.0,nan,0.0,0.0,0.0,0.0,0.0,0.0,0.0,0.0,12.0,1.0,1.0,0.0,0.0,0.0,0.0,0.0,0.0,0.0,0,0.0,,0.0,0.0,0,0.0,0.0,,0.0,-0.098
2014,CL,読売ジャイアンツ,31435116,藤村　大介,D.Fujimura,21.0,29.0,27.0,5.0,5.0,1.0,0.0,0.0,6.0,1.0,3,0,0.0,0.0,2.0,0,0.0,4.0,0.0,0.185,0.241,0.222,0.46299999999999997,4.0,0.037000000000000005,0.055999999999999994,0.278,6.896551724137931,13.793103448275861,0.5,0.21739130434782608,0.16395,315.0,0.1111111111111111,0.36363636363636365,0.185,5.0,0.0,1.0,21.0,29.0,27.0,4.0,1.0,0.0,5.0,0.241,0.222,2.0,0,0.0,,6.0,3,0,0.0,0.0,,1.4482758620689655,1.2239999999999998
2014,CL,阪神タイガース,31435117,西岡　剛,T.Nishioka,24.0,46.0,38.0,6.0,9.0,3.0,1.0,0.0,14.0,4.0,0,1,1.0,0.0,7.0,0,0.0,6.0,0.0,0.237,0.356,0.368,0.724,5.0,0.131,0.119,0.487,15.217391304347828,13.043478260869565,1.1666666666666667,0.28125,0.2522,478.66666666666663,0.34210526315789475,0.7586206896551724,0.237,9.0,0.0,4.0,24.0,46.0,38.0,5.0,3.0,1.0,6.0,0.356,0.368,7.0,0,0.0,,14.0,0,1,1.0,0.0,,4.977777777777778,5.347999999999999
2014,CL,中日ドラゴンズ,31435118,野本　圭,K.Nomoto,45.0,72.0,63.0,5.0,14.0,4.0,0.0,1.0,21.0,13.0,0.0,0,1.0,1.0,5.0,0,2.0,10.0,2.0,0.222,0.296,0.333,0.629,9.0,0.11100000000000002,0.07399999999999998,0.407,6.944444444444445,13.88888888888889,0.5,0.24528301886792453,0.21644999999999998,407.0,0.19047619047619047,0.5490196078431373,0.222,14.0,1.0,13.0,45.0,72.0,63.0,9.0,4.0,0.0,5.0,0.296,0.333,5.0,0,2.0,,21.0,0.0,0,1.0,1.0,,5.867647058823529,6.328
2014,CL,東京ヤクルトスワローズ,31435131,松井　淳,J.Matsui,10.0,26.0,25.0,1.0,6.0,3.0,0.0,0.0,9.0,1.0,0.0,0,0.0,0.0,1.0,0,0.0,8.0,1.0,0.24,0.269,0.36,0.629,3.0,0.12,0.029000000000000026,0.389,3.8461538461538463,30.76923076923077,0.125,0.35294117647058826,0.21105000000000002,389.0,0.16,0.5,0.24,6.0,0.0,1.0,10.0,26.0,25.0,3.0,3.0,0.0,1.0,0.269,0.36,1.0,0,0.0,,9.0,0.0,0,0.0,0.0,,2.423076923076923,2.128
2014,CL,広島東洋カープ,31435133,福井　優也,Y.Fukui,11.0,20.0,18.0,1.0,2.0,1.0,0.0,0.0,3.0,0.0,0.0,0,1.0,0.0,1.0,0,0.0,11.0,0.0,0.111,0.158,0.167,0.325,1.0,0.05600000000000001,0.047,0.214,5.0,55.00000000000001,0.09090909090909091,0.2857142857142857,0.11285,213.66666666666669,0.1111111111111111,0.25,0.111,2.0,0.0,0.0,11.0,20.0,18.0,1.0,1.0,0.0,1.0,0.158,0.167,1.0,0,0.0,,3.0,0.0,0,1.0,0.0,,0.47368421052631576,-0.018000000000000016
2014,CL,横浜DeNAベイスターズ,31435139,三上　朋也,T.Mikami,65.0,2.0,2.0,0.0,0.0,0.0,0.0,0.0,0.0,0.0,0.0,0,0.0,0.0,0.0,0,0.0,2.0,0.0,0.0,0.0,0.0,0.0,0.0,0.0,0.0,0.0,0.0,100.0,0.0,nan,0.0,0.0,0.0,0.0,0.0,0.0,0.0,0.0,65.0,2.0,2.0,0.0,0.0,0.0,0.0,0.0,0.0,0.0,0,0.0,,0.0,0.0,0,0.0,0.0,,0.0,-0.196
2014,CL,広島東洋カープ,31533886,倉　義和,Y.Kura,26.0,50.0,43.0,1.0,4.0,0.0,0.0,1.0,7.0,2.0,0.0,0,3.0,0.0,2.0,0,2.0,14.0,1.0,0.093,0.17,0.163,0.333,3.0,0.07,0.07700000000000001,0.24,4.0,28.000000000000004,0.14285714285714285,0.10714285714285714,0.11725000000000002,224.33333333333334,0.11627906976744186,0.275,0.093,4.0,1.0,2.0,26.0,50.0,43.0,3.0,0.0,0.0,1.0,0.17,0.163,2.0,0,2.0,,7.0,0.0,0,3.0,0.0,,0.9333333333333333,0.4379999999999997
2014,CL,横浜DeNAベイスターズ,31535117,長田　秀一郎,S.Osada,52.0,0.0,0.0,0.0,0.0,0.0,0.0,0.0,0.0,0.0,0.0,0,0.0,0.0,0.0,0,0.0,0.0,0.0,,,,0.0,0.0,0.0,0.0,,nan,nan,nan,nan,0.0,0.0,nan,nan,,0.0,0.0,0.0,52.0,0.0,0.0,0.0,0.0,0.0,0.0,,,0.0,0,0.0,,0.0,0.0,0,0.0,0.0,,nan,0.0
2014,CL,中日ドラゴンズ,31635114,福田　永将,N.Fukuda,10.0,12.0,12.0,1.0,3.0,1.0,0.0,0.0,4.0,0.0,0.0,0,0.0,0.0,0.0,0,0.0,4.0,1.0,0.25,0.25,0.333,0.583,2.0,0.08300000000000002,0.0,0.333,0.0,33.33333333333333,0.0,0.375,0.19575,361.0,0.08333333333333333,0.4,0.25,3.0,0.0,0.0,10.0,12.0,12.0,2.0,1.0,0.0,1.0,0.25,0.333,0.0,0,0.0,,4.0,0.0,0,0.0,0.0,,1.0,0.838
2014,CL,中日ドラゴンズ,31635115,山井　大介,D.Yamai,27.0,53.0,46.0,2.0,5.0,1.0,0.0,0.0,6.0,3.0,0.0,0,6.0,1.0,0.0,0,0.0,15.0,1.0,0.109,0.106,0.13,0.236,4.0,0.021000000000000005,-0.0030000000000000027,0.127,0.0,28.30188679245283,0.0,0.15625,0.0802,149.33333333333331,0.021739130434782608,0.14285714285714285,0.109,5.0,0.0,3.0,27.0,53.0,46.0,4.0,1.0,0.0,2.0,0.106,0.13,0.0,0,0.0,,6.0,0.0,0,6.0,1.0,,0.6521739130434783,-1.298
2014,CL,東京ヤクルトスワローズ,31635137,山中　浩史,H.Yamanaka,9.0,1.0,1.0,0.0,0.0,0.0,0.0,0.0,0.0,0.0,0.0,0,0.0,0.0,0.0,0,0.0,1.0,0.0,0.0,0.0,0.0,0.0,0.0,0.0,0.0,0.0,0.0,100.0,0.0,nan,0.0,0.0,0.0,0.0,0.0,0.0,0.0,0.0,9.0,1.0,1.0,0.0,0.0,0.0,0.0,0.0,0.0,0.0,0,0.0,,0.0,0.0,0,0.0,0.0,,0.0,-0.098
2014,CL,東京ヤクルトスワローズ,31735112,川端　慎吾,S.Kawabata,142.0,637.0,580.0,86.0,177.0,33.0,2.0,10.0,244.0,69.0,2.0,2,8.0,3.0,43.0,0,3.0,62.0,10.0,0.305,0.355,0.421,0.776,132.0,0.11599999999999999,0.04999999999999999,0.471,6.750392464678178,9.733124018838305,0.6935483870967742,0.3268101761252446,0.265,495.3333333333333,0.19310344827586207,0.7070217917675545,0.305,177.0,10.0,69.0,142.0,637.0,580.0,132.0,33.0,2.0,86.0,0.355,0.421,43.0,0,3.0,,244.0,2.0,2,8.0,3.0,,86.1637239165329,82.28599999999999
2014,CL,東京ヤクルトスワローズ,31735135,木谷　良平,R.Kiya,21.0,19.0,12.0,0.0,3.0,0.0,0.0,0.0,3.0,0.0,0.0,0,7.0,0.0,0.0,0,0.0,5.0,0.0,0.25,0.25,0.25,0.5,3.0,0.0,0.0,0.25,0.0,26.31578947368421,0.0,0.42857142857142855,0.175,333.3333333333333,0.0,0.3333333333333333,0.25,3.0,0.0,0.0,21.0,19.0,12.0,3.0,0.0,0.0,0.0,0.25,0.25,0.0,0,0.0,,3.0,0.0,0,7.0,0.0,,0.75,0.618
2014,CL,中日ドラゴンズ,31835139,A.エルナンデス,A.Hernandez,86.0,304.0,279.0,34.0,73.0,14.0,1.0,5.0,104.0,32.0,2,1,3.0,2.0,19.0,0,1.0,58.0,4.0,0.262,0.309,0.373,0.6819999999999999,53.0,0.11099999999999999,0.046999999999999986,0.42,6.25,19.078947368421055,0.3275862068965517,0.3119266055045872,0.2323,433.33333333333337,0.1827956989247312,0.5952380952380952,0.262,73.0,5.0,32.0,86.0,304.0,279.0,53.0,14.0,1.0,34.0,0.309,0.373,19.0,0,1.0,,104.0,2,1,3.0,2.0,,32.10738255033557,31.411999999999992
2014,CL,読売ジャイアンツ,31935115,杉内　俊哉,T.Sugiuchi,26.0,53.0,48.0,1.0,4.0,0.0,0.0,0.0,4.0,2.0,0.0,0,5.0,0.0,0.0,0,0.0,18.0,0.0,0.083,0.083,0.083,0.166,4.0,0.0,0.0,0.083,0.0,33.9622641509434,0.0,0.13333333333333333,0.0581,110.66666666666667,0.0,0.09090909090909091,0.083,4.0,0.0,2.0,26.0,53.0,48.0,4.0,0.0,0.0,1.0,0.083,0.083,0.0,0,0.0,,4.0,0.0,0,5.0,0.0,,0.3333333333333333,-2.3120000000000003
2014,CL,中日ドラゴンズ,31935117,小林　正人,M.Kobayashi,2.0,0.0,0.0,0.0,0.0,0.0,0.0,0.0,0.0,0.0,0.0,0,0.0,0.0,0.0,0,0.0,0.0,0.0,,,,0.0,0.0,0.0,0.0,,nan,nan,nan,nan,0.0,0.0,nan,nan,,0.0,0.0,0.0,2.0,0.0,0.0,0.0,0.0,0.0,0.0,,,0.0,0,0.0,,0.0,0.0,0,0.0,0.0,,nan,0.0
2014,CL,読売ジャイアンツ,31935119,須永　英輝,H.Sunaga,1.0,0.0,0.0,0.0,0.0,0.0,0.0,0.0,0.0,0.0,0.0,0,0.0,0.0,0.0,0,0.0,0.0,0.0,,,,0.0,0.0,0.0,0.0,,nan,nan,nan,nan,0.0,0.0,nan,nan,,0.0,0.0,0.0,1.0,0.0,0.0,0.0,0.0,0.0,0.0,,,0.0,0,0.0,,0.0,0.0,0,0.0,0.0,,nan,0.0
2014,CL,横浜DeNAベイスターズ,31935139,関根　大気,T.Sekine,3.0,13.0,12.0,1.0,3.0,0.0,0.0,0.0,3.0,0.0,1,0,0.0,0.0,0.0,0,1.0,3.0,0.0,0.25,0.308,0.25,0.558,3.0,0.0,0.057999999999999996,0.308,0.0,23.076923076923077,0.0,0.3333333333333333,0.2011,391.3333333333333,0.0,0.4444444444444444,0.25,3.0,0.0,0.0,3.0,13.0,12.0,3.0,0.0,0.0,1.0,0.308,0.25,0.0,0,1.0,,3.0,1,0,0.0,0.0,,0.75,0.9480000000000001
2014,CL,阪神タイガース,33135112,渡辺　亮,R.Watanabe,14.0,0.0,0.0,0.0,0.0,0.0,0.0,0.0,0.0,0.0,0.0,0,0.0,0.0,0.0,0,0.0,0.0,0.0,,,,0.0,0.0,0.0,0.0,,nan,nan,nan,nan,0.0,0.0,nan,nan,,0.0,0.0,0.0,14.0,0.0,0.0,0.0,0.0,0.0,0.0,,,0.0,0,0.0,,0.0,0.0,0,0.0,0.0,,nan,0.0
2014,CL,東京ヤクルトスワローズ,33335135,O.ロマン,O.Roman,16.0,0.0,0.0,0.0,0.0,0.0,0.0,0.0,0.0,0.0,0.0,0,0.0,0.0,0.0,0,0.0,0.0,0.0,,,,0.0,0.0,0.0,0.0,,nan,nan,nan,nan,0.0,0.0,nan,nan,,0.0,0.0,0.0,16.0,0.0,0.0,0.0,0.0,0.0,0.0,,,0.0,0,0.0,,0.0,0.0,0,0.0,0.0,,nan,0.0
2014,CL,横浜DeNAベイスターズ,3505133,E.ソト,E.Soto,26.0,0.0,0.0,0.0,0.0,0.0,0.0,0.0,0.0,0.0,0.0,0,0.0,0.0,0.0,0,0.0,0.0,0.0,,,,0.0,0.0,0.0,0.0,,nan,nan,nan,nan,0.0,0.0,nan,nan,,0.0,0.0,0.0,26.0,0.0,0.0,0.0,0.0,0.0,0.0,,,0.0,0,0.0,,0.0,0.0,0,0.0,0.0,,nan,0.0
2014,CL,阪神タイガース,41045112,鶴　直人,N.Tsuru,19.0,3.0,3.0,0.0,1.0,0.0,0.0,0.0,1.0,0.0,0.0,0,0.0,0.0,0.0,0,0.0,0.0,0.0,0.333,0.333,0.333,0.666,1.0,0.0,0.0,0.333,0.0,0.0,nan,0.3333333333333333,0.23310000000000003,444.0,0.0,0.5,0.333,1.0,0.0,0.0,19.0,3.0,3.0,1.0,0.0,0.0,0.0,0.333,0.333,0.0,0,0.0,,1.0,0.0,0,0.0,0.0,,0.3333333333333333,0.304
2014,CL,阪神タイガース,41045137,藤浪　晋太郎,S.Fujinami,25.0,58.0,52.0,3.0,9.0,2.0,0.0,1.0,14.0,6.0,0.0,0,6.0,0.0,0.0,0,0.0,30.0,1.0,0.173,0.173,0.269,0.442,6.0,0.09600000000000003,0.0,0.269,0.0,51.724137931034484,0.0,0.38095238095238093,0.1451,262.6666666666667,0.09615384615384616,0.3181818181818182,0.173,9.0,1.0,6.0,25.0,58.0,52.0,6.0,2.0,0.0,3.0,0.173,0.269,0.0,0,0.0,,14.0,0.0,0,6.0,0.0,,2.423076923076923,1.6659999999999986
2014,CL,読売ジャイアンツ,41143886,井端　弘和,H.Ibata,87.0,187.0,164.0,16.0,42.0,3.0,0.0,3.0,54.0,16.0,0.0,0,4.0,1.0,18.0,0,0.0,24.0,11.0,0.256,0.328,0.329,0.657,36.0,0.07300000000000001,0.07200000000000001,0.401,9.62566844919786,12.834224598930483,0.75,0.2826086956521739,0.22985,437.6666666666667,0.18292682926829268,0.5413533834586466,0.256,42.0,3.0,16.0,87.0,187.0,164.0,36.0,3.0,0.0,16.0,0.328,0.329,18.0,0,0.0,,54.0,0.0,0,4.0,1.0,,17.802197802197803,18.464
2014,CL,阪神タイガース,41145115,安藤　優也,Y.Andou,53.0,0.0,0.0,0.0,0.0,0.0,0.0,0.0,0.0,0.0,0.0,0,0.0,0.0,0.0,0,0.0,0.0,0.0,,,,0.0,0.0,0.0,0.0,,nan,nan,nan,nan,0.0,0.0,nan,nan,,0.0,0.0,0.0,53.0,0.0,0.0,0.0,0.0,0.0,0.0,,,0.0,0,0.0,,0.0,0.0,0,0.0,0.0,,nan,0.0
2014,CL,阪神タイガース,41145135,伊藤　和雄,K.Itou,6.0,0.0,0.0,0.0,0.0,0.0,0.0,0.0,0.0,0.0,0.0,0,0.0,0.0,0.0,0,0.0,0.0,0.0,,,,0.0,0.0,0.0,0.0,,nan,nan,nan,nan,0.0,0.0,nan,nan,,0.0,0.0,0.0,6.0,0.0,0.0,0.0,0.0,0.0,0.0,,,0.0,0,0.0,,0.0,0.0,0,0.0,0.0,,nan,0.0
2014,CL,東京ヤクルトスワローズ,41245133,西田　明央,A.Nishida,8.0,22.0,20.0,2.0,5.0,2.0,0.0,1.0,10.0,4.0,0.0,0,0.0,0.0,1.0,0,1.0,4.0,0.0,0.25,0.318,0.5,0.8180000000000001,2.0,0.25,0.068,0.5680000000000001,4.545454545454546,18.181818181818183,0.25,0.26666666666666666,0.2681,484.6666666666667,0.3,0.8,0.25,5.0,1.0,4.0,8.0,22.0,20.0,2.0,2.0,0.0,2.0,0.318,0.5,1.0,0,1.0,,10.0,0.0,0,0.0,0.0,,2.857142857142857,3.0700000000000003
2014,CL,横浜DeNAベイスターズ,41245137,三嶋　一輝,K.Mishima,8.0,6.0,6.0,0.0,1.0,0.0,0.0,0.0,1.0,0.0,0.0,0,0.0,0.0,0.0,0,0.0,1.0,0.0,0.167,0.167,0.167,0.334,1.0,0.0,0.0,0.167,0.0,16.666666666666664,0.0,0.2,0.1169,222.66666666666669,0.0,0.2,0.167,1.0,0.0,0.0,8.0,6.0,6.0,1.0,0.0,0.0,0.0,0.167,0.167,0.0,0,0.0,,1.0,0.0,0,0.0,0.0,,0.16666666666666666,0.010000000000000009
2014,CL,中日ドラゴンズ,41343886,川上　憲伸,K.Kawakami,6.0,10.0,9.0,0.0,0.0,0.0,0.0,0.0,0.0,0.0,0.0,0,0.0,0.0,1.0,0,0.0,7.0,1.0,0.0,0.1,0.0,0.1,0.0,0.0,0.1,0.1,10.0,70.0,0.14285714285714285,0.0,0.045000000000000005,100.0,0.1111111111111111,0.1,0.0,0.0,0.0,0.0,6.0,10.0,9.0,0.0,0.0,0.0,0.0,0.1,0.0,1.0,0,0.0,,0.0,0.0,0,0.0,0.0,,0.0,-0.552
2014,CL,読売ジャイアンツ,41345118,大田　泰示,T.Oota,44.0,74.0,65.0,14.0,16.0,6.0,0.0,2.0,28.0,12.0,4,2,0.0,0.0,8.0,0,1.0,20.0,2.0,0.246,0.338,0.431,0.769,8.0,0.185,0.09200000000000003,0.523,10.81081081081081,27.027027027027028,0.4,0.32558139534883723,0.25985,481.6666666666667,0.3384615384615385,0.7647058823529411,0.246,16.0,2.0,12.0,44.0,74.0,65.0,8.0,6.0,0.0,14.0,0.338,0.431,8.0,0,1.0,,28.0,4,2,0.0,0.0,,9.205479452054794,9.727999999999998
2014,CL,横浜DeNAベイスターズ,41345135,乙坂　智,T.Otosaka,6.0,2.0,2.0,2.0,1.0,0.0,0.0,1.0,4.0,1.0,0.0,0,0.0,0.0,0.0,0,0.0,0.0,0.0,0.5,0.5,2.0,2.5,0.0,1.5,0.0,2.0,0.0,0.0,nan,0.0,0.725,1166.6666666666665,1.5,4.0,0.5,1.0,1.0,1.0,6.0,2.0,2.0,0.0,0.0,0.0,2.0,0.5,2.0,0.0,0,0.0,,4.0,0.0,0,0.0,0.0,,2.0,1.3419999999999999
2014,CL,東京ヤクルトスワローズ,41443880,相川　亮二,R.Aikawa,58.0,207.0,192.0,19.0,48.0,8.0,0.0,2.0,62.0,21.0,0.0,0,2.0,2.0,9.0,0,2.0,31.0,5.0,0.25,0.288,0.323,0.611,38.0,0.07300000000000001,0.03799999999999998,0.361,4.3478260869565215,14.975845410628018,0.2903225806451613,0.2857142857142857,0.21034999999999998,395.6666666666667,0.11979166666666667,0.4899328859060403,0.25,48.0,2.0,21.0,58.0,207.0,192.0,38.0,8.0,0.0,19.0,0.288,0.323,9.0,0,2.0,,62.0,0.0,0,2.0,2.0,,17.582089552238806,17.157999999999994
2014,CL,横浜DeNAベイスターズ,41443885,三浦　大輔,D.Miura,15.0,33.0,31.0,1.0,3.0,0.0,0.0,0.0,3.0,0.0,0.0,0,2.0,0.0,0.0,0,0.0,15.0,1.0,0.097,0.097,0.097,0.194,3.0,0.0,0.0,0.097,0.0,45.45454545454545,0.0,0.1875,0.0679,129.33333333333331,0.0,0.10344827586206896,0.097,3.0,0.0,0.0,15.0,33.0,31.0,3.0,0.0,0.0,1.0,0.097,0.097,0.0,0,0.0,,3.0,0.0,0,2.0,0.0,,0.2903225806451613,-1.2440000000000002
2014,CL,中日ドラゴンズ,41545110,工藤　隆人,T.Kudou,46.0,46.0,39.0,9.0,12.0,3.0,0.0,1.0,18.0,8.0,1,2,1.0,1.0,4.0,0,1.0,11.0,1.0,0.308,0.378,0.462,0.8400000000000001,8.0,0.15400000000000003,0.07,0.532,8.695652173913043,23.91304347826087,0.36363636363636365,0.39285714285714285,0.2856,532.0,0.3076923076923077,0.8928571428571429,0.308,12.0,1.0,8.0,46.0,46.0,39.0,8.0,3.0,0.0,9.0,0.378,0.462,4.0,0,1.0,,18.0,1,2,1.0,1.0,,6.6976744186046515,6.9639999999999995
2014,CL,横浜DeNAベイスターズ,41743880,多村　仁志,H.Tamura,73.0,166.0,147.0,11.0,40.0,5.0,1.0,4.0,59.0,23.0,0,2,1.0,1.0,15.0,0,2.0,23.0,4.0,0.272,0.345,0.401,0.746,30.0,0.129,0.07299999999999995,0.474,9.036144578313253,13.855421686746988,0.6521739130434783,0.2975206611570248,0.2555,478.6666666666667,0.24489795918367346,0.7027027027027027,0.272,40.0,4.0,23.0,73.0,166.0,147.0,30.0,5.0,1.0,11.0,0.345,0.401,15.0,0,2.0,,59.0,0,2,1.0,1.0,,20.030864197530864,20.883999999999997
2014,CL,広島東洋カープ,41745119,白濱　裕太,Y.Shirahama,30.0,71.0,62.0,4.0,10.0,1.0,0.0,1.0,14.0,1.0,0,1,4.0,0.0,5.0,0,0.0,17.0,0.0,0.161,0.224,0.226,0.45,8.0,0.065,0.063,0.289,7.042253521126761,23.943661971830984,0.29411764705882354,0.20454545454545456,0.1573,299.3333333333333,0.16129032258064516,0.38461538461538464,0.161,10.0,1.0,1.0,30.0,71.0,62.0,8.0,1.0,0.0,4.0,0.224,0.226,5.0,0,0.0,,14.0,0,1,4.0,0.0,,3.1343283582089554,2.894
2014,CL,読売ジャイアンツ,41745137,菅野　智之,T.Sugano,23.0,55.0,42.0,2.0,7.0,0.0,0.0,0.0,7.0,4.0,0.0,0,11.0,0.0,2.0,0,0.0,14.0,0.0,0.167,0.205,0.167,0.372,7.0,0.0,0.03799999999999998,0.205,3.6363636363636362,25.454545454545453,0.14285714285714285,0.25,0.134,260.6666666666667,0.047619047619047616,0.2571428571428571,0.167,7.0,0.0,4.0,23.0,55.0,42.0,7.0,0.0,0.0,2.0,0.205,0.167,2.0,0,0.0,,7.0,0.0,0,11.0,0.0,,1.4318181818181819,0.73
2014,CL,中日ドラゴンズ,41845112,吉見　一起,K.Yoshimi,3.0,6.0,5.0,0.0,1.0,0.0,0.0,0.0,1.0,1.0,0.0,0,0.0,0.0,1.0,0,0.0,2.0,0.0,0.2,0.333,0.2,0.533,1.0,0.0,0.133,0.333,16.666666666666664,33.33333333333333,0.5,0.3333333333333333,0.19985000000000003,399.6666666666667,0.2,0.5,0.2,1.0,0.0,1.0,3.0,6.0,5.0,1.0,0.0,0.0,0.0,0.333,0.2,1.0,0,0.0,,1.0,0.0,0,0.0,0.0,,0.3333333333333333,0.43800000000000006
2014,CL,阪神タイガース,41845139,M.ゴメス,M.Gomez,143.0,616.0,537.0,81.0,152.0,30.0,2.0,26.0,264.0,109.0,1,0,0.0,4.0,67.0,0,8.0,166.0,17.0,0.283,0.369,0.492,0.861,94.0,0.20900000000000002,0.08600000000000002,0.5780000000000001,10.876623376623376,26.948051948051948,0.4036144578313253,0.36103151862464183,0.28905000000000003,533.0,0.3333333333333333,0.8432835820895522,0.283,152.0,26.0,109.0,143.0,616.0,537.0,94.0,30.0,2.0,81.0,0.369,0.492,67.0,0,8.0,,264.0,1,0,0.0,4.0,,95.72185430463576,95.14
2014,CL,阪神タイガース,41945110,玉置　隆,Y.Tamaki,5.0,0.0,0.0,0.0,0.0,0.0,0.0,0.0,0.0,0.0,0.0,0,0.0,0.0,0.0,0,0.0,0.0,0.0,,,,0.0,0.0,0.0,0.0,,nan,nan,nan,nan,0.0,0.0,nan,nan,,0.0,0.0,0.0,5.0,0.0,0.0,0.0,0.0,0.0,0.0,,,0.0,0,0.0,,0.0,0.0,0,0.0,0.0,,nan,0.0
2014,CL,阪神タイガース,41945114,清水　誉,T.Shimizu,26.0,32.0,28.0,4.0,3.0,1.0,0.0,0.0,4.0,2.0,0.0,0,1.0,0.0,2.0,0,1.0,8.0,0.0,0.107,0.194,0.143,0.33699999999999997,2.0,0.03599999999999999,0.08700000000000001,0.2299999999999999,6.25,25.0,0.25,0.15,0.12304999999999999,241.66666666666666,0.10714285714285714,0.28,0.107,3.0,0.0,2.0,26.0,32.0,28.0,2.0,1.0,0.0,4.0,0.194,0.143,2.0,0,1.0,,4.0,0.0,0,1.0,0.0,,0.6666666666666666,0.2599999999999998
2014,CL,横浜DeNAベイスターズ,41945131,筒香　嘉智,Y.Tsutsugou,114.0,461.0,410.0,58.0,123.0,24.0,2.0,22.0,217.0,77.0,2,1,0.0,2.0,47.0,0,2.0,100.0,7.0,0.3,0.373,0.529,0.902,75.0,0.22900000000000004,0.07300000000000001,0.6020000000000001,10.195227765726681,21.69197396963124,0.47,0.3482758620689655,0.30010000000000003,549.3333333333334,0.3463414634146341,0.9081632653061225,0.3,123.0,22.0,77.0,114.0,461.0,410.0,75.0,24.0,2.0,58.0,0.373,0.529,47.0,0,2.0,,217.0,2,1,0.0,2.0,,80.72210065645514,76.764
2014,CL,読売ジャイアンツ,43345139,F.セペダ,F.Cepeda,52.0,132.0,108.0,11.0,21.0,3.0,0.0,6.0,42.0,18.0,0.0,0,0.0,1.0,23.0,0,0.0,38.0,4.0,0.194,0.333,0.389,0.722,12.0,0.195,0.139,0.528,17.424242424242426,28.78787878787879,0.6052631578947368,0.23076923076923078,0.24710000000000001,462.6666666666667,0.4074074074074074,0.7142857142857143,0.194,21.0,6.0,18.0,52.0,132.0,108.0,12.0,3.0,0.0,11.0,0.333,0.389,23.0,0,0.0,,42.0,0.0,0,0.0,1.0,,14.106870229007633,15.864
2014,CL,阪神タイガース,51053888,藤井　彰人,A.Fujii,34.0,73.0,65.0,5.0,14.0,3.0,0.0,0.0,17.0,5.0,0.0,0,0.0,1.0,7.0,0,0.0,10.0,3.0,0.215,0.288,0.262,0.55,11.0,0.047000000000000014,0.07299999999999998,0.3349999999999999,9.58904109589041,13.698630136986301,0.7,0.25,0.1951,375.3333333333333,0.15384615384615385,0.4444444444444444,0.215,14.0,0.0,5.0,34.0,73.0,65.0,11.0,3.0,0.0,5.0,0.288,0.262,7.0,0,0.0,,17.0,0.0,0,0.0,1.0,,4.958333333333333,4.972
2014,CL,中日ドラゴンズ,51055116,谷　哲也,T.Tani,59.0,131.0,118.0,7.0,28.0,13.0,1.0,0.0,43.0,10.0,0,1,6.0,1.0,6.0,0,0.0,23.0,0.0,0.237,0.272,0.364,0.636,14.0,0.127,0.03500000000000003,0.399,4.580152671755725,17.557251908396946,0.2608695652173913,0.2916666666666667,0.2134,393.33333333333337,0.1864406779661017,0.5555555555555556,0.237,28.0,0.0,10.0,59.0,131.0,118.0,14.0,13.0,1.0,7.0,0.272,0.364,6.0,0,0.0,,43.0,0,1,6.0,1.0,,11.790322580645162,10.739999999999998
2014,CL,東京ヤクルトスワローズ,51055131,中澤　雅人,M.Nakazawa,24.0,0.0,0.0,0.0,0.0,0.0,0.0,0.0,0.0,0.0,0.0,0,0.0,0.0,0.0,0,0.0,0.0,0.0,,,,0.0,0.0,0.0,0.0,,nan,nan,nan,nan,0.0,0.0,nan,nan,,0.0,0.0,0.0,24.0,0.0,0.0,0.0,0.0,0.0,0.0,,,0.0,0,0.0,,0.0,0.0,0,0.0,0.0,,nan,0.0
2014,CL,横浜DeNAベイスターズ,51055135,髙城　俊人,S.Takajou,48.0,76.0,69.0,8.0,10.0,1.0,1.0,0.0,13.0,4.0,0.0,0,0.0,0.0,5.0,0,2.0,28.0,0.0,0.145,0.224,0.188,0.41200000000000003,8.0,0.04300000000000001,0.07900000000000001,0.267,6.578947368421052,36.84210526315789,0.17857142857142858,0.24390243902439024,0.1478,286.6666666666667,0.11594202898550725,0.3389830508474576,0.145,10.0,0.0,4.0,48.0,76.0,69.0,8.0,1.0,1.0,8.0,0.224,0.188,5.0,0,2.0,,13.0,0.0,0,0.0,0.0,,2.635135135135135,2.2880000000000003
2014,CL,広島東洋カープ,51155110,赤松　真人,M.Akamatsu,74.0,32.0,28.0,25.0,6.0,2.0,0.0,0.0,8.0,4.0,12,5,2.0,0.0,1.0,0,1.0,8.0,0.0,0.214,0.267,0.286,0.5529999999999999,4.0,0.07199999999999998,0.05300000000000002,0.3389999999999999,3.125,25.0,0.125,0.3,0.19165,362.3333333333333,0.2857142857142857,0.6818181818181818,0.214,6.0,0.0,4.0,74.0,32.0,28.0,4.0,2.0,0.0,25.0,0.267,0.286,1.0,0,1.0,,8.0,12,5,2.0,0.0,,1.9310344827586208,2.844
2014,CL,中日ドラゴンズ,51155111,朝倉　健太,K.Asakura,21.0,17.0,17.0,1.0,2.0,1.0,0.0,0.0,3.0,0.0,0.0,0,0.0,0.0,0.0,0,0.0,9.0,1.0,0.118,0.118,0.176,0.294,1.0,0.057999999999999996,0.0,0.176,0.0,52.94117647058824,0.0,0.25,0.09709999999999999,176.66666666666666,0.058823529411764705,0.1875,0.118,2.0,0.0,0.0,21.0,17.0,17.0,1.0,1.0,0.0,1.0,0.118,0.176,0.0,0,0.0,,3.0,0.0,0,0.0,0.0,,0.35294117647058826,-0.25
2014,CL,読売ジャイアンツ,51155114,青木　高広,T.Aoki,38.0,0.0,0.0,0.0,0.0,0.0,0.0,0.0,0.0,0.0,0.0,0,0.0,0.0,0.0,0,0.0,0.0,0.0,,,,0.0,0.0,0.0,0.0,,nan,nan,nan,nan,0.0,0.0,nan,nan,,0.0,0.0,0.0,38.0,0.0,0.0,0.0,0.0,0.0,0.0,,,0.0,0,0.0,,0.0,0.0,0,0.0,0.0,,nan,0.0
2014,CL,東京ヤクルトスワローズ,51155117,阿部　健太,K.Abe,11.0,1.0,0.0,0.0,0.0,0.0,0.0,0.0,0.0,0.0,0.0,0,1.0,0.0,0.0,0,0.0,0.0,0.0,,,,0.0,0.0,0.0,0.0,,0.0,0.0,nan,nan,0.0,0.0,nan,nan,,0.0,0.0,0.0,11.0,1.0,0.0,0.0,0.0,0.0,0.0,,,0.0,0,0.0,,0.0,0.0,0,1.0,0.0,,nan,0.0
2014,CL,阪神タイガース,51155131,秋山　拓巳,T.Akiyama,3.0,2.0,1.0,0.0,0.0,0.0,0.0,0.0,0.0,0.0,0.0,0,1.0,0.0,0.0,0,0.0,0.0,0.0,0.0,0.0,0.0,0.0,0.0,0.0,0.0,0.0,0.0,0.0,nan,0.0,0.0,0.0,0.0,0.0,0.0,0.0,0.0,0.0,3.0,2.0,1.0,0.0,0.0,0.0,0.0,0.0,0.0,0.0,0,0.0,,0.0,0.0,0,1.0,0.0,,0.0,-0.098
2014,CL,読売ジャイアンツ,51255114,寺内　崇幸,T.Terauchi,40.0,41.0,35.0,7.0,7.0,0.0,0.0,0.0,7.0,0.0,4,0,4.0,0.0,0.0,0,2.0,10.0,1.0,0.2,0.243,0.2,0.443,7.0,0.0,0.04299999999999998,0.243,0.0,24.390243902439025,0.0,0.28,0.15935,309.66666666666663,0.0,0.3103448275862069,0.2,7.0,0.0,0.0,40.0,41.0,35.0,7.0,0.0,0.0,7.0,0.243,0.2,0.0,0,2.0,,7.0,4,0,4.0,0.0,,1.4,1.416
2014,CL,東京ヤクルトスワローズ,51255118,中村　悠平,Y.Nakamura,99.0,365.0,325.0,26.0,97.0,9.0,1.0,5.0,123.0,41.0,0.0,0,7.0,3.0,26.0,0,4.0,51.0,8.0,0.298,0.355,0.378,0.733,82.0,0.08000000000000002,0.056999999999999995,0.435,7.123287671232877,13.972602739726028,0.5098039215686274,0.3382352941176471,0.25425,481.0,0.16,0.6483050847457628,0.298,97.0,5.0,41.0,99.0,365.0,325.0,82.0,9.0,1.0,26.0,0.355,0.378,26.0,0,4.0,,123.0,0.0,0,7.0,3.0,,43.1025641025641,43.276
2014,CL,中日ドラゴンズ,51255119,三瀬　幸司,K.Mise,1.0,0.0,0.0,0.0,0.0,0.0,0.0,0.0,0.0,0.0,0.0,0,0.0,0.0,0.0,0,0.0,0.0,0.0,,,,0.0,0.0,0.0,0.0,,nan,nan,nan,nan,0.0,0.0,nan,nan,,0.0,0.0,0.0,1.0,0.0,0.0,0.0,0.0,0.0,0.0,,,0.0,0,0.0,,0.0,0.0,0,0.0,0.0,,nan,0.0
2014,CL,阪神タイガース,51255131,俊介,S.Shunsuke（fujikawa,87.0,119.0,102.0,13.0,21.0,4.0,0.0,1.0,28.0,6.0,2,1,6.0,0.0,10.0,0,1.0,12.0,3.0,0.206,0.283,0.275,0.558,16.0,0.06900000000000003,0.07699999999999999,0.352,8.403361344537815,10.084033613445378,0.8333333333333334,0.2247191011235955,0.1961,374.66666666666663,0.17647058823529413,0.47619047619047616,0.206,21.0,1.0,6.0,87.0,119.0,102.0,16.0,4.0,0.0,13.0,0.283,0.275,10.0,0,1.0,,28.0,2,1,6.0,0.0,,7.75,8.191999999999998
2014,CL,読売ジャイアンツ,51255135,土田　瑞起,M.Tsuchida,12.0,0.0,0.0,0.0,0.0,0.0,0.0,0.0,0.0,0.0,0.0,0,0.0,0.0,0.0,0,0.0,0.0,0.0,,,,0.0,0.0,0.0,0.0,,nan,nan,nan,nan,0.0,0.0,nan,nan,,0.0,0.0,0.0,12.0,0.0,0.0,0.0,0.0,0.0,0.0,,,0.0,0,0.0,,0.0,0.0,0,0.0,0.0,,nan,0.0
2014,CL,横浜DeNAベイスターズ,51255139,平田　真吾,S.Hirata,9.0,1.0,1.0,0.0,0.0,0.0,0.0,0.0,0.0,0.0,0.0,0,0.0,0.0,0.0,0,0.0,1.0,0.0,0.0,0.0,0.0,0.0,0.0,0.0,0.0,0.0,0.0,100.0,0.0,nan,0.0,0.0,0.0,0.0,0.0,0.0,0.0,0.0,9.0,1.0,1.0,0.0,0.0,0.0,0.0,0.0,0.0,0.0,0,0.0,,0.0,0.0,0,0.0,0.0,,0.0,-0.098
2014,CL,阪神タイガース,51355112,岩田　稔,M.Iwata,22.0,43.0,37.0,1.0,4.0,0.0,0.0,0.0,4.0,1.0,0.0,0,5.0,0.0,1.0,0,0.0,18.0,1.0,0.108,0.132,0.108,0.24,4.0,0.0,0.024000000000000007,0.132,2.3255813953488373,41.86046511627907,0.05555555555555555,0.21052631578947367,0.0864,168.0,0.02702702702702703,0.14705882352941177,0.108,4.0,0.0,1.0,22.0,43.0,37.0,4.0,0.0,0.0,1.0,0.132,0.108,1.0,0,0.0,,4.0,0.0,0,5.0,0.0,,0.5263157894736842,-0.9039999999999999
2014,CL,広島東洋カープ,51355115,石原　慶幸,Y.Ishihara,80.0,223.0,193.0,17.0,37.0,8.0,0.0,4.0,57.0,19.0,1,2,8.0,0.0,21.0,0,1.0,43.0,6.0,0.192,0.274,0.295,0.569,25.0,0.10299999999999998,0.08200000000000002,0.377,9.417040358744394,19.282511210762333,0.4883720930232558,0.22602739726027396,0.19705,372.33333333333337,0.22279792746113988,0.5,0.192,37.0,4.0,19.0,80.0,223.0,193.0,25.0,8.0,0.0,17.0,0.274,0.295,21.0,0,1.0,,57.0,1,2,8.0,0.0,,15.448598130841122,16.351999999999997
2014,CL,中日ドラゴンズ,51355118,岩田　慎司,S.Iwata,10.0,6.0,4.0,0.0,1.0,0.0,0.0,0.0,1.0,0.0,0.0,0,1.0,0.0,1.0,0,0.0,3.0,0.0,0.25,0.4,0.25,0.65,1.0,0.0,0.15000000000000002,0.4,16.666666666666664,50.0,0.3333333333333333,1.0,0.24250000000000002,483.3333333333333,0.25,0.6666666666666666,0.25,1.0,0.0,0.0,10.0,6.0,4.0,1.0,0.0,0.0,0.0,0.4,0.25,1.0,0,0.0,,1.0,0.0,0,1.0,0.0,,0.4,0.536
2014,CL,広島東洋カープ,51355131,今村　猛,T.Imamura,17.0,0.0,0.0,0.0,0.0,0.0,0.0,0.0,0.0,0.0,0.0,0,0.0,0.0,0.0,0,0.0,0.0,0.0,,,,0.0,0.0,0.0,0.0,,nan,nan,nan,nan,0.0,0.0,nan,nan,,0.0,0.0,0.0,17.0,0.0,0.0,0.0,0.0,0.0,0.0,,,0.0,0,0.0,,0.0,0.0,0,0.0,0.0,,nan,0.0
2014,CL,阪神タイガース,51355139,岩貞　祐太,Y.Iwasada,6.0,9.0,9.0,0.0,0.0,0.0,0.0,0.0,0.0,0.0,0.0,0,0.0,0.0,0.0,0,0.0,6.0,0.0,0.0,0.0,0.0,0.0,0.0,0.0,0.0,0.0,0.0,66.66666666666666,0.0,0.0,0.0,0.0,0.0,0.0,0.0,0.0,0.0,0.0,6.0,9.0,9.0,0.0,0.0,0.0,0.0,0.0,0.0,0.0,0,0.0,,0.0,0.0,0,0.0,0.0,,0.0,-0.882
2014,CL,東京ヤクルトスワローズ,51455110,松岡　健一,K.Matsuoka,39.0,4.0,2.0,1.0,0.0,0.0,0.0,0.0,0.0,0.0,0.0,0,2.0,0.0,0.0,0,0.0,2.0,0.0,0.0,0.0,0.0,0.0,0.0,0.0,0.0,0.0,0.0,50.0,0.0,nan,0.0,0.0,0.0,0.0,0.0,0.0,0.0,0.0,39.0,4.0,2.0,0.0,0.0,0.0,1.0,0.0,0.0,0.0,0,0.0,,0.0,0.0,0,2.0,0.0,,0.0,-0.196
2014,CL,中日ドラゴンズ,51455112,藤井　淳志,A.Fujii,88.0,300.0,266.0,35.0,73.0,13.0,3.0,6.0,110.0,36.0,2.0,2,6.0,2.0,25.0,0,1.0,55.0,2.0,0.274,0.337,0.414,0.751,51.0,0.13999999999999996,0.063,0.477,8.333333333333332,18.333333333333332,0.45454545454545453,0.32367149758454106,0.25515,475.0,0.24060150375939848,0.7076923076923077,0.274,73.0,6.0,36.0,88.0,300.0,266.0,51.0,13.0,3.0,35.0,0.337,0.414,25.0,0,1.0,,110.0,2.0,2,6.0,2.0,,37.044673539518904,36.645999999999994
2014,CL,読売ジャイアンツ,51455118,橋本　到,I.Hashimoto,103.0,402.0,351.0,47.0,90.0,14.0,0.0,4.0,116.0,35.0,11,2,14.0,2.0,32.0,0,3.0,78.0,5.0,0.256,0.322,0.33,0.652,72.0,0.07400000000000001,0.066,0.396,7.960199004975125,19.402985074626866,0.41025641025641024,0.3173431734317343,0.2274,432.0,0.17094017094017094,0.575187969924812,0.256,90.0,4.0,35.0,103.0,402.0,351.0,72.0,14.0,0.0,47.0,0.322,0.33,32.0,0,3.0,,116.0,11,2,14.0,2.0,,36.95039164490861,38.172
2014,CL,中日ドラゴンズ,51455131,松井　雅人,M.Matsui,67.0,162.0,142.0,10.0,25.0,3.0,1.0,1.0,33.0,4.0,3,1,4.0,0.0,16.0,0,0.0,47.0,3.0,0.176,0.259,0.232,0.491,20.0,0.05600000000000002,0.08300000000000002,0.315,9.876543209876543,29.01234567901235,0.3404255319148936,0.2553191489361702,0.17455,336.33333333333337,0.176056338028169,0.4166666666666667,0.176,25.0,1.0,4.0,67.0,162.0,142.0,20.0,3.0,1.0,10.0,0.259,0.232,16.0,0,0.0,,33.0,3,1,4.0,0.0,,8.563291139240507,8.633999999999997
2014,CL,横浜DeNAベイスターズ,51455137,宮﨑　敏郎,T.Miyazaki,5.0,13.0,13.0,0.0,2.0,1.0,0.0,0.0,3.0,0.0,0.0,0,0.0,0.0,0.0,0,0.0,3.0,0.0,0.154,0.154,0.231,0.385,1.0,0.07700000000000001,0.0,0.231,0.0,23.076923076923077,0.0,0.2,0.12705,230.99999999999997,0.07692307692307693,0.2727272727272727,0.154,2.0,0.0,0.0,5.0,13.0,13.0,1.0,1.0,0.0,0.0,0.154,0.231,0.0,0,0.0,,3.0,0.0,0,0.0,0.0,,0.46153846153846156,0.1419999999999999
2014,CL,横浜DeNAベイスターズ,51555110,菊地　和正,K.Kikuchi,2.0,0.0,0.0,0.0,0.0,0.0,0.0,0.0,0.0,0.0,0.0,0,0.0,0.0,0.0,0,0.0,0.0,0.0,,,,0.0,0.0,0.0,0.0,,nan,nan,nan,nan,0.0,0.0,nan,nan,,0.0,0.0,0.0,2.0,0.0,0.0,0.0,0.0,0.0,0.0,,,0.0,0,0.0,,0.0,0.0,0,0.0,0.0,,nan,0.0
2014,CL,読売ジャイアンツ,51555118,笠原　将生,S.Kasahara,26.0,2.0,2.0,0.0,0.0,0.0,0.0,0.0,0.0,0.0,0.0,0,0.0,0.0,0.0,0,0.0,0.0,0.0,0.0,0.0,0.0,0.0,0.0,0.0,0.0,0.0,0.0,0.0,nan,0.0,0.0,0.0,0.0,0.0,0.0,0.0,0.0,0.0,26.0,2.0,2.0,0.0,0.0,0.0,0.0,0.0,0.0,0.0,0,0.0,,0.0,0.0,0,0.0,0.0,,0.0,-0.196
2014,CL,中日ドラゴンズ,51555131,小川　龍也,R.Ogawa,7.0,1.0,1.0,0.0,0.0,0.0,0.0,0.0,0.0,0.0,0.0,0,0.0,0.0,0.0,0,0.0,0.0,0.0,0.0,0.0,0.0,0.0,0.0,0.0,0.0,0.0,0.0,0.0,nan,0.0,0.0,0.0,0.0,0.0,0.0,0.0,0.0,0.0,7.0,1.0,1.0,0.0,0.0,0.0,0.0,0.0,0.0,0.0,0,0.0,,0.0,0.0,0,0.0,0.0,,0.0,-0.098
2014,CL,横浜DeNAベイスターズ,51555133,大原　慎司,S.Oohara,44.0,0.0,0.0,0.0,0.0,0.0,0.0,0.0,0.0,0.0,0.0,0,0.0,0.0,0.0,0,0.0,0.0,0.0,,,,0.0,0.0,0.0,0.0,,nan,nan,nan,nan,0.0,0.0,nan,nan,,0.0,0.0,0.0,44.0,0.0,0.0,0.0,0.0,0.0,0.0,,,0.0,0,0.0,,0.0,0.0,0,0.0,0.0,,nan,0.0
2014,CL,広島東洋カープ,51655114,前田　健太,K.Maeda,27.0,64.0,60.0,4.0,9.0,1.0,0.0,0.0,10.0,1.0,0.0,0,3.0,0.0,1.0,0,0.0,22.0,2.0,0.15,0.164,0.167,0.331,8.0,0.017000000000000015,0.014000000000000012,0.181,1.5625,34.375,0.045454545454545456,0.23684210526315788,0.11555000000000001,219.66666666666669,0.03333333333333333,0.20754716981132076,0.15,9.0,0.0,1.0,27.0,64.0,60.0,8.0,1.0,0.0,4.0,0.164,0.167,1.0,0,0.0,,10.0,0.0,0,3.0,0.0,,1.639344262295082,0.0519999999999996
2014,CL,読売ジャイアンツ,51655117,矢野　謙次,K.Yano,54.0,85.0,78.0,2.0,14.0,3.0,0.0,0.0,17.0,3.0,0.0,0,2.0,1.0,4.0,0,0.0,13.0,3.0,0.179,0.217,0.218,0.435,11.0,0.03900000000000001,0.038000000000000006,0.256,4.705882352941177,15.294117647058824,0.3076923076923077,0.21212121212121213,0.15215,289.6666666666667,0.08974358974358974,0.31343283582089554,0.179,14.0,0.0,3.0,54.0,85.0,78.0,11.0,3.0,0.0,2.0,0.217,0.218,4.0,0,0.0,,17.0,0.0,0,2.0,1.0,,3.731707317073171,2.708
2014,CL,横浜DeNAベイスターズ,51655118,松本　啓二朗,K.Matsumoto,34.0,58.0,54.0,8.0,14.0,5.0,0.0,0.0,19.0,5.0,1,0,2.0,0.0,1.0,0,1.0,10.0,1.0,0.259,0.286,0.352,0.6379999999999999,9.0,0.09299999999999997,0.02699999999999997,0.3789999999999999,1.7241379310344827,17.24137931034483,0.1,0.3181818181818182,0.21669999999999998,403.3333333333333,0.1111111111111111,0.5121951219512195,0.259,14.0,0.0,5.0,34.0,58.0,54.0,9.0,5.0,0.0,8.0,0.286,0.352,1.0,0,1.0,,19.0,1,0,2.0,0.0,,5.181818181818182,4.84
2014,CL,中日ドラゴンズ,51655133,三ツ俣　大樹,T.Mitsumata,29.0,41.0,36.0,3.0,5.0,0.0,1.0,1.0,10.0,4.0,0.0,0,4.0,1.0,0.0,0,0.0,10.0,1.0,0.139,0.135,0.278,0.41300000000000003,3.0,0.139,-0.0040000000000000036,0.274,0.0,24.390243902439025,0.0,0.15384615384615385,0.13025,227.66666666666669,0.1388888888888889,0.3125,0.139,5.0,1.0,4.0,29.0,41.0,36.0,3.0,0.0,1.0,3.0,0.135,0.278,0.0,0,0.0,,10.0,0.0,0,4.0,1.0,,1.3888888888888888,0.9419999999999997
2014,CL,東京ヤクルトスワローズ,51655135,古野　正人,M.Furuno,17.0,18.0,15.0,0.0,1.0,0.0,0.0,0.0,1.0,1.0,0.0,0,3.0,0.0,0.0,0,0.0,10.0,0.0,0.067,0.067,0.067,0.134,1.0,0.0,0.0,0.067,0.0,55.55555555555556,0.0,0.2,0.046900000000000004,89.33333333333333,0.0,0.07142857142857142,0.067,1.0,0.0,1.0,17.0,18.0,15.0,1.0,0.0,0.0,0.0,0.067,0.067,0.0,0,0.0,,1.0,0.0,0,3.0,0.0,,0.06666666666666667,-0.8720000000000001
2014,CL,中日ドラゴンズ,51655137,若松　駿太,S.Wakamatsu,7.0,3.0,2.0,0.0,0.0,0.0,0.0,0.0,0.0,0.0,0.0,0,0.0,0.0,1.0,0,0.0,0.0,0.0,0.0,0.333,0.0,0.333,0.0,0.0,0.333,0.333,33.33333333333333,0.0,nan,0.0,0.14985,333.0,0.5,0.5,0.0,0.0,0.0,0.0,7.0,3.0,2.0,0.0,0.0,0.0,0.0,0.333,0.0,1.0,0,0.0,,0.0,0.0,0,0.0,0.0,,0.0,0.134
2014,CL,読売ジャイアンツ,51753888,實松　一成,K.Sanematsu,14.0,27.0,22.0,1.0,3.0,0.0,0.0,0.0,3.0,1.0,1,0,2.0,0.0,3.0,0,0.0,8.0,2.0,0.136,0.24,0.136,0.376,3.0,0.0,0.10399999999999998,0.24,11.11111111111111,29.629629629629626,0.375,0.21428571428571427,0.14200000000000002,285.3333333333333,0.13636363636363635,0.2857142857142857,0.136,3.0,0.0,1.0,14.0,27.0,22.0,3.0,0.0,0.0,1.0,0.24,0.136,3.0,0,0.0,,3.0,1,0,2.0,0.0,,0.72,0.6280000000000001
2014,CL,広島東洋カープ,51755116,小窪　哲也,T.Kokubo,78.0,182.0,161.0,13.0,51.0,9.0,0.0,3.0,69.0,30.0,1,0,4.0,3.0,12.0,0,2.0,15.0,1.0,0.317,0.365,0.429,0.794,39.0,0.11199999999999999,0.04799999999999999,0.477,6.593406593406594,8.241758241758241,0.8,0.3287671232876712,0.2715,508.0,0.18633540372670807,0.7477477477477478,0.317,51.0,3.0,30.0,78.0,182.0,161.0,39.0,9.0,0.0,13.0,0.365,0.429,12.0,0,2.0,,69.0,1,0,4.0,3.0,,25.127167630057805,24.14
2014,CL,横浜DeNAベイスターズ,51755135,桑原　将志,M.Kuwahara,53.0,169.0,144.0,15.0,37.0,7.0,2.0,1.0,51.0,13.0,4,1,8.0,0.0,15.0,0,2.0,32.0,5.0,0.257,0.335,0.354,0.6890000000000001,27.0,0.09699999999999998,0.07800000000000001,0.432,8.875739644970414,18.93491124260355,0.46875,0.32432432432432434,0.23925000000000002,453.0,0.20833333333333334,0.6160714285714286,0.257,37.0,1.0,13.0,53.0,169.0,144.0,27.0,7.0,2.0,15.0,0.335,0.354,15.0,0,2.0,,51.0,4,1,8.0,0.0,,16.67924528301887,17.363999999999997
2014,CL,横浜DeNAベイスターズ,51855112,山口　俊,S.Yamaguchi,33.0,36.0,30.0,1.0,3.0,0.0,0.0,1.0,6.0,2.0,0.0,0,6.0,0.0,0.0,0,0.0,23.0,0.0,0.1,0.1,0.2,0.30000000000000004,2.0,0.1,0.0,0.2,0.0,63.888888888888886,0.0,0.3333333333333333,0.095,166.66666666666669,0.1,0.2222222222222222,0.1,3.0,1.0,2.0,33.0,36.0,30.0,2.0,0.0,0.0,1.0,0.1,0.2,0.0,0,0.0,,6.0,0.0,0,6.0,0.0,,0.6,-0.20599999999999996
2014,CL,阪神タイガース,51855139,呉　昇桓,S.O,65.0,2.0,2.0,0.0,1.0,0.0,0.0,0.0,1.0,0.0,0.0,0,0.0,0.0,0.0,0,0.0,1.0,0.0,0.5,0.5,0.5,1.0,1.0,0.0,0.0,0.5,0.0,50.0,0.0,1.0,0.35,666.6666666666666,0.0,1.0,0.5,1.0,0.0,0.0,65.0,2.0,2.0,1.0,0.0,0.0,0.0,0.5,0.5,0.0,0,0.0,,1.0,0.0,0,0.0,0.0,,0.5,0.402
2014,CL,読売ジャイアンツ,51953886,高橋　由伸,Y.Takahashi,72.0,130.0,112.0,8.0,32.0,4.0,0.0,6.0,54.0,29.0,0.0,0,0.0,2.0,14.0,0,2.0,30.0,0.0,0.286,0.369,0.482,0.851,22.0,0.196,0.08300000000000002,0.565,10.76923076923077,23.076923076923077,0.4666666666666667,0.3333333333333333,0.28654999999999997,529.6666666666666,0.32142857142857145,0.875,0.286,32.0,6.0,29.0,72.0,130.0,112.0,22.0,4.0,0.0,8.0,0.369,0.482,14.0,0,2.0,,54.0,0.0,0,0.0,2.0,,19.714285714285715,19.96
2014,CL,読売ジャイアンツ,51955114,坂本　勇人,H.Sakamoto,144.0,616.0,545.0,82.0,152.0,29.0,0.0,16.0,229.0,61.0,23,5,9.0,5.0,55.0,0,2.0,88.0,3.0,0.279,0.344,0.42,0.764,107.0,0.14099999999999996,0.06499999999999995,0.4849999999999999,8.928571428571429,14.285714285714285,0.625,0.30493273542600896,0.2598,484.0,0.25137614678899084,0.7348484848484849,0.279,152.0,16.0,61.0,144.0,616.0,545.0,107.0,29.0,0.0,82.0,0.344,0.42,55.0,0,2.0,,229.0,23,5,9.0,5.0,,79.005,78.61599999999999
2014,CL,阪神タイガース,51955131,田上　健一,K.Tagami,51.0,43.0,39.0,15.0,9.0,1.0,0.0,0.0,10.0,2.0,3,0,1.0,0.0,3.0,0,0.0,7.0,1.0,0.231,0.286,0.256,0.542,8.0,0.024999999999999994,0.054999999999999966,0.3109999999999999,6.976744186046512,16.27906976744186,0.42857142857142855,0.28125,0.19269999999999998,371.3333333333333,0.10256410256410256,0.41935483870967744,0.231,9.0,0.0,2.0,51.0,43.0,39.0,8.0,1.0,0.0,15.0,0.286,0.256,3.0,0,0.0,,10.0,3,0,1.0,0.0,,2.857142857142857,2.77
2014,CL,読売ジャイアンツ,51955133,小山　雄輝,Y.Koyama,16.0,22.0,19.0,0.0,0.0,0.0,0.0,0.0,0.0,0.0,0.0,0,3.0,0.0,0.0,0,0.0,11.0,0.0,0.0,0.0,0.0,0.0,0.0,0.0,0.0,0.0,0.0,50.0,0.0,0.0,0.0,0.0,0.0,0.0,0.0,0.0,0.0,0.0,16.0,22.0,19.0,0.0,0.0,0.0,0.0,0.0,0.0,0.0,0,0.0,,0.0,0.0,0,3.0,0.0,,0.0,-1.862
2014,CL,広島東洋カープ,51955137,髙橋　大樹,H.Takahashi,2.0,6.0,6.0,0.0,0.0,0.0,0.0,0.0,0.0,0.0,0.0,0,0.0,0.0,0.0,0,0.0,3.0,0.0,0.0,0.0,0.0,0.0,0.0,0.0,0.0,0.0,0.0,50.0,0.0,0.0,0.0,0.0,0.0,0.0,0.0,0.0,0.0,0.0,2.0,6.0,6.0,0.0,0.0,0.0,0.0,0.0,0.0,0.0,0,0.0,,0.0,0.0,0,0.0,0.0,,0.0,-0.5880000000000001
2014,CL,阪神タイガース,53155131,M.マートン,M.Murton,142.0,591.0,532.0,58.0,180.0,32.0,0.0,14.0,254.0,84.0,2,5,0.0,6.0,46.0,0,7.0,64.0,19.0,0.338,0.394,0.477,0.871,134.0,0.13899999999999996,0.055999999999999994,0.5329999999999999,7.7834179357022,10.829103214890017,0.71875,0.36086956521739133,0.29655,553.0,0.2349624060150376,0.8409703504043127,0.338,180.0,14.0,84.0,142.0,591.0,532.0,134.0,32.0,0.0,58.0,0.394,0.477,46.0,0,7.0,,254.0,2,5,0.0,6.0,,99.31487889273356,94.094
2014,CL,中日ドラゴンズ,53155137,H.ルナ,H.Luna,127.0,527.0,467.0,80.0,148.0,25.0,5.0,17.0,234.0,73.0,8,2,0.0,4.0,51.0,0,5.0,98.0,11.0,0.317,0.387,0.501,0.888,101.0,0.184,0.07,0.571,9.67741935483871,18.59582542694497,0.5204081632653061,0.36797752808988765,0.2994,554.0,0.29764453961456105,0.8848484848484849,0.317,148.0,17.0,73.0,127.0,527.0,467.0,101.0,25.0,5.0,80.0,0.387,0.501,51.0,0,5.0,,234.0,8,2,0.0,4.0,,89.89575289575289,85.75800000000001
2014,CL,広島東洋カープ,53155139,Z.フィリップス,Z.Phillips,9.0,1.0,1.0,0.0,0.0,0.0,0.0,0.0,0.0,0.0,0.0,0,0.0,0.0,0.0,0,0.0,1.0,0.0,0.0,0.0,0.0,0.0,0.0,0.0,0.0,0.0,0.0,100.0,0.0,nan,0.0,0.0,0.0,0.0,0.0,0.0,0.0,0.0,9.0,1.0,1.0,0.0,0.0,0.0,0.0,0.0,0.0,0.0,0,0.0,,0.0,0.0,0,0.0,0.0,,0.0,-0.098
2014,CL,広島東洋カープ,53355139,R.ロサリオ,R.Rosario,69.0,264.0,238.0,32.0,80.0,13.0,2.0,14.0,139.0,49.0,1,2,0.0,2.0,23.0,0,1.0,58.0,8.0,0.336,0.394,0.584,0.978,51.0,0.24799999999999994,0.057999999999999996,0.6419999999999999,8.712121212121213,21.96969696969697,0.39655172413793105,0.39285714285714285,0.32330000000000003,588.6666666666666,0.35294117647058826,0.9939759036144579,0.336,80.0,14.0,49.0,69.0,264.0,238.0,51.0,13.0,2.0,32.0,0.394,0.584,23.0,0,1.0,,139.0,1,2,0.0,2.0,,54.8544061302682,49.895999999999994
2014,CL,阪神タイガース,61065110,能見　篤史,A.Noumi,26.0,62.0,53.0,3.0,7.0,1.0,0.0,0.0,8.0,2.0,0.0,0,5.0,0.0,4.0,0,0.0,22.0,1.0,0.132,0.193,0.151,0.344,6.0,0.01899999999999999,0.061,0.212,6.451612903225806,35.483870967741936,0.18181818181818182,0.22580645161290322,0.12460000000000002,243.33333333333334,0.09433962264150944,0.2553191489361702,0.132,7.0,0.0,2.0,26.0,62.0,53.0,6.0,1.0,0.0,3.0,0.193,0.151,4.0,0,0.0,,8.0,0.0,0,5.0,0.0,,1.543859649122807,0.532
2014,CL,中日ドラゴンズ,61065117,武山　真吾,S.Takeyama,33.0,72.0,63.0,4.0,8.0,0.0,0.0,1.0,11.0,5.0,0.0,0,4.0,1.0,3.0,0,1.0,15.0,1.0,0.127,0.176,0.175,0.351,7.0,0.04799999999999999,0.04899999999999999,0.2239999999999999,4.166666666666666,20.833333333333336,0.2,0.14583333333333334,0.12294999999999999,234.33333333333331,0.09523809523809523,0.26785714285714285,0.127,8.0,1.0,5.0,33.0,72.0,63.0,7.0,0.0,0.0,4.0,0.176,0.175,3.0,0,1.0,,11.0,0.0,0,4.0,1.0,,1.8333333333333333,0.8699999999999992
2014,CL,読売ジャイアンツ,61065135,田原　誠次,S.Tahara,20.0,0.0,0.0,0.0,0.0,0.0,0.0,0.0,0.0,0.0,0.0,0,0.0,0.0,0.0,0,0.0,0.0,0.0,,,,0.0,0.0,0.0,0.0,,nan,nan,nan,nan,0.0,0.0,nan,nan,,0.0,0.0,0.0,20.0,0.0,0.0,0.0,0.0,0.0,0.0,,,0.0,0,0.0,,0.0,0.0,0,0.0,0.0,,nan,0.0
2014,CL,東京ヤクルトスワローズ,61165112,飯原　誉士,Y.Iihara,96.0,244.0,222.0,26.0,68.0,12.0,1.0,4.0,94.0,29.0,1.0,1,4.0,3.0,14.0,0,1.0,29.0,4.0,0.306,0.346,0.423,0.7689999999999999,51.0,0.11699999999999999,0.03999999999999998,0.4629999999999999,5.737704918032787,11.885245901639344,0.4827586206896552,0.3333333333333333,0.26145,487.0,0.18468468468468469,0.6962025316455697,0.306,68.0,4.0,29.0,96.0,244.0,222.0,51.0,12.0,1.0,26.0,0.346,0.423,14.0,0,1.0,,94.0,1.0,1,4.0,3.0,,32.66101694915254,30.978
2014,CL,東京ヤクルトスワローズ,61165114,今浪　隆博,T.Imanami,13.0,41.0,38.0,7.0,8.0,1.0,0.0,0.0,9.0,1.0,0.0,0,0.0,0.0,3.0,0,0.0,4.0,0.0,0.211,0.268,0.237,0.505,7.0,0.025999999999999995,0.05700000000000002,0.294,7.317073170731707,9.75609756097561,0.75,0.23529411764705882,0.17985,347.00000000000006,0.10526315789473684,0.4,0.211,8.0,0.0,1.0,13.0,41.0,38.0,7.0,1.0,0.0,7.0,0.268,0.237,3.0,0,0.0,,9.0,0.0,0,0.0,0.0,,2.4146341463414633,2.27
2014,CL,横浜DeNAベイスターズ,61165137,井納　翔一,S.Inou,25.0,50.0,45.0,0.0,5.0,0.0,1.0,0.0,7.0,0.0,0.0,0,5.0,0.0,0.0,0,0.0,19.0,0.0,0.111,0.111,0.156,0.267,4.0,0.045,0.0,0.156,0.0,38.0,0.0,0.19230769230769232,0.08895,163.0,0.044444444444444446,0.175,0.111,5.0,0.0,0.0,25.0,50.0,45.0,4.0,0.0,1.0,0.0,0.111,0.156,0.0,0,0.0,,7.0,0.0,0,5.0,0.0,,0.7777777777777778,-0.8799999999999999
2014,CL,広島東洋カープ,61265111,迎　祐一郎,Y.Mukae,4.0,8.0,8.0,0.0,1.0,0.0,0.0,0.0,1.0,0.0,0.0,0,0.0,0.0,0.0,0,0.0,3.0,0.0,0.125,0.125,0.125,0.25,1.0,0.0,0.0,0.125,0.0,37.5,0.0,0.2,0.0875,166.66666666666666,0.0,0.14285714285714285,0.125,1.0,0.0,0.0,4.0,8.0,8.0,1.0,0.0,0.0,0.0,0.125,0.125,0.0,0,0.0,,1.0,0.0,0,0.0,0.0,,0.125,-0.18600000000000005
2014,CL,中日ドラゴンズ,61265112,平田　良介,R.Hirata,119.0,488.0,429.0,55.0,119.0,17.0,1.0,11.0,171.0,65.0,7,2,0.0,4.0,54.0,0,1.0,65.0,13.0,0.277,0.357,0.399,0.756,90.0,0.122,0.07999999999999996,0.479,11.065573770491802,13.319672131147541,0.8307692307692308,0.3025210084033613,0.26039999999999996,490.0,0.2517482517482518,0.7058823529411765,0.277,119.0,11.0,65.0,119.0,488.0,429.0,90.0,17.0,1.0,55.0,0.357,0.399,54.0,0,1.0,,171.0,7,2,0.0,4.0,,61.24844720496895,62.25000000000001
2014,CL,広島東洋カープ,61265114,中東　直己,N.Nakahigashi,86.0,87.0,80.0,10.0,19.0,2.0,0.0,1.0,24.0,7.0,4,2,1.0,1.0,4.0,0,1.0,9.0,1.0,0.237,0.279,0.3,0.579,16.0,0.063,0.04200000000000004,0.342,4.597701149425287,10.344827586206897,0.4444444444444444,0.2535211267605634,0.20055,379.0,0.1375,0.5,0.237,19.0,1.0,7.0,86.0,87.0,80.0,16.0,2.0,0.0,10.0,0.279,0.3,4.0,0,1.0,,24.0,4,2,1.0,1.0,,6.571428571428571,6.911999999999998
2014,CL,中日ドラゴンズ,61265139,又吉　克樹,K.Matayoshi,67.0,4.0,4.0,0.0,3.0,0.0,0.0,0.0,3.0,0.0,0.0,0,0.0,0.0,0.0,0,0.0,1.0,0.0,0.75,0.75,0.75,1.5,3.0,0.0,0.0,0.75,0.0,25.0,0.0,1.0,0.525,1000.0,0.0,3.0,0.75,3.0,0.0,0.0,67.0,4.0,4.0,3.0,0.0,0.0,0.0,0.75,0.75,0.0,0,0.0,,3.0,0.0,0,0.0,0.0,,2.25,1.402
2014,CL,広島東洋カープ,61365139,大瀬良　大地,D.Oosera,26.0,57.0,53.0,4.0,5.0,1.0,1.0,0.0,8.0,3.0,0.0,0,2.0,0.0,2.0,0,0.0,35.0,1.0,0.094,0.127,0.151,0.278,3.0,0.056999999999999995,0.033,0.184,3.508771929824561,61.40350877192983,0.05714285714285714,0.2777777777777778,0.0949,177.33333333333334,0.09433962264150944,0.20408163265306123,0.094,5.0,0.0,3.0,26.0,57.0,53.0,3.0,1.0,1.0,4.0,0.127,0.151,2.0,0,0.0,,8.0,0.0,0,2.0,0.0,,1.018181818181818,-0.7840000000000007
2014,CL,阪神タイガース,61465112,大和,Y.Yamato（maeda,121.0,481.0,398.0,54.0,105.0,17.0,1.0,1.0,127.0,24.0,11,7,50.0,1.0,28.0,0,4.0,52.0,7.0,0.264,0.318,0.319,0.637,86.0,0.05499999999999999,0.05399999999999999,0.373,5.8212058212058215,10.81081081081081,0.5384615384615384,0.30057803468208094,0.22285,424.3333333333333,0.14321608040201006,0.5533333333333333,0.264,105.0,1.0,24.0,121.0,481.0,398.0,86.0,17.0,1.0,54.0,0.318,0.319,28.0,0,4.0,,127.0,11,7,50.0,1.0,,39.65023474178404,40.82600000000001
2014,CL,横浜DeNAベイスターズ,61465118,藤江　均,H.Fujie,16.0,0.0,0.0,0.0,0.0,0.0,0.0,0.0,0.0,0.0,0.0,0,0.0,0.0,0.0,0,0.0,0.0,0.0,,,,0.0,0.0,0.0,0.0,,nan,nan,nan,nan,0.0,0.0,nan,nan,,0.0,0.0,0.0,16.0,0.0,0.0,0.0,0.0,0.0,0.0,,,0.0,0,0.0,,0.0,0.0,0,0.0,0.0,,nan,0.0
2014,CL,東京ヤクルトスワローズ,61465135,比屋根　渉,W.Hiyane,56.0,142.0,125.0,17.0,29.0,4.0,0.0,0.0,33.0,7.0,10,4,11.0,0.0,5.0,0,1.0,21.0,3.0,0.232,0.267,0.264,0.531,25.0,0.032,0.035,0.299,3.5211267605633805,14.788732394366196,0.23809523809523808,0.27884615384615385,0.18615,355.00000000000006,0.104,0.43434343434343436,0.232,29.0,0.0,7.0,56.0,142.0,125.0,25.0,4.0,0.0,17.0,0.267,0.264,5.0,0,1.0,,33.0,10,4,11.0,0.0,,8.63076923076923,8.671999999999997
2014,CL,横浜DeNAベイスターズ,61565110,久保　康友,Y.Kubo,28.0,56.0,43.0,1.0,5.0,0.0,0.0,0.0,5.0,0.0,0.0,0,12.0,0.0,1.0,0,0.0,25.0,0.0,0.116,0.136,0.116,0.252,5.0,0.0,0.020000000000000004,0.136,1.7857142857142856,44.642857142857146,0.04,0.2777777777777778,0.0902,174.66666666666669,0.023255813953488372,0.15789473684210525,0.116,5.0,0.0,0.0,28.0,56.0,43.0,5.0,0.0,0.0,1.0,0.136,0.116,1.0,0,0.0,,5.0,0.0,0,12.0,0.0,,0.6818181818181818,-0.8940000000000001
2014,CL,横浜DeNAベイスターズ,61565114,梶谷　隆幸,T.Kajitani,142.0,609.0,525.0,76.0,138.0,26.0,9.0,16.0,230.0,72.0,39,8,3.0,4.0,70.0,0,7.0,135.0,12.0,0.263,0.355,0.438,0.7929999999999999,87.0,0.175,0.09199999999999997,0.53,11.494252873563218,22.167487684729064,0.5185185185185185,0.32275132275132273,0.26925,501.0,0.3238095238095238,0.7894736842105263,0.263,138.0,16.0,72.0,142.0,609.0,525.0,87.0,26.0,9.0,76.0,0.355,0.438,70.0,0,7.0,,230.0,39,8,3.0,4.0,,80.40336134453781,83.544
2014,CL,阪神タイガース,61565119,坂　克彦,K.Saka,88.0,78.0,63.0,16.0,13.0,3.0,0.0,0.0,16.0,6.0,0.0,0,3.0,2.0,10.0,0,0.0,21.0,0.0,0.206,0.307,0.254,0.5609999999999999,10.0,0.048000000000000015,0.101,0.355,12.82051282051282,26.923076923076923,0.47619047619047616,0.29545454545454547,0.20165,391.6666666666667,0.20634920634920634,0.52,0.206,13.0,0.0,6.0,88.0,78.0,63.0,10.0,3.0,0.0,16.0,0.307,0.254,10.0,0,0.0,,16.0,0.0,0,3.0,2.0,,5.041095890410959,5.5600000000000005
2014,CL,広島東洋カープ,61565135,菊池　涼介,R.Kikuchi,144.0,654.0,579.0,88.0,188.0,39.0,2.0,11.0,264.0,58.0,23,10,43.0,5.0,24.0,0,3.0,79.0,9.0,0.325,0.352,0.456,0.808,136.0,0.131,0.02699999999999997,0.483,3.669724770642202,12.079510703363914,0.3037974683544304,0.3582995951417004,0.2724,504.0,0.18998272884283246,0.7525,0.325,188.0,11.0,58.0,144.0,654.0,579.0,136.0,39.0,2.0,88.0,0.352,0.456,24.0,0,3.0,,264.0,23,10,43.0,5.0,,92.81592039800995,86.392
2014,CL,中日ドラゴンズ,61665133,武藤　祐太,Y.Mutou,15.0,2.0,2.0,0.0,0.0,0.0,0.0,0.0,0.0,0.0,0.0,0,0.0,0.0,0.0,0,0.0,2.0,0.0,0.0,0.0,0.0,0.0,0.0,0.0,0.0,0.0,0.0,100.0,0.0,nan,0.0,0.0,0.0,0.0,0.0,0.0,0.0,0.0,15.0,2.0,2.0,0.0,0.0,0.0,0.0,0.0,0.0,0.0,0,0.0,,0.0,0.0,0,0.0,0.0,,0.0,-0.196
2014,CL,読売ジャイアンツ,61763884,鈴木　尚広,T.Suzuki,69.0,25.0,20.0,28.0,7.0,0.0,0.0,0.0,7.0,1.0,11,2,0.0,0.0,5.0,0,0.0,4.0,0.0,0.35,0.48,0.35,0.83,7.0,0.0,0.13,0.48,20.0,16.0,1.25,0.4375,0.3035,596.6666666666666,0.35,1.0769230769230769,0.35,7.0,0.0,1.0,69.0,25.0,20.0,7.0,0.0,0.0,28.0,0.48,0.35,5.0,0,0.0,,7.0,11,2,0.0,0.0,,3.36,4.236000000000001
2014,CL,阪神タイガース,61763888,建山　義紀,Y.Tateyama,8.0,0.0,0.0,0.0,0.0,0.0,0.0,0.0,0.0,0.0,0.0,0,0.0,0.0,0.0,0,0.0,0.0,0.0,,,,0.0,0.0,0.0,0.0,,nan,nan,nan,nan,0.0,0.0,nan,nan,,0.0,0.0,0.0,8.0,0.0,0.0,0.0,0.0,0.0,0.0,,,0.0,0,0.0,,0.0,0.0,0,0.0,0.0,,nan,0.0
2014,CL,中日ドラゴンズ,61765110,鈴木　義広,Y.Suzuki,1.0,0.0,0.0,0.0,0.0,0.0,0.0,0.0,0.0,0.0,0.0,0,0.0,0.0,0.0,0,0.0,0.0,0.0,,,,0.0,0.0,0.0,0.0,,nan,nan,nan,nan,0.0,0.0,nan,nan,,0.0,0.0,0.0,1.0,0.0,0.0,0.0,0.0,0.0,0.0,,,0.0,0,0.0,,0.0,0.0,0,0.0,0.0,,nan,0.0
2014,CL,東京ヤクルトスワローズ,61765115,真田　裕貴,H.Sanada,12.0,0.0,0.0,0.0,0.0,0.0,0.0,0.0,0.0,0.0,0.0,0,0.0,0.0,0.0,0,0.0,0.0,0.0,,,,0.0,0.0,0.0,0.0,,nan,nan,nan,nan,0.0,0.0,nan,nan,,0.0,0.0,0.0,12.0,0.0,0.0,0.0,0.0,0.0,0.0,,,0.0,0,0.0,,0.0,0.0,0,0.0,0.0,,nan,0.0
2014,CL,阪神タイガース,61765135,歳内　宏明,H.Saiuchi,13.0,5.0,3.0,0.0,0.0,0.0,0.0,0.0,0.0,0.0,0.0,0,2.0,0.0,0.0,0,0.0,0.0,0.0,0.0,0.0,0.0,0.0,0.0,0.0,0.0,0.0,0.0,0.0,nan,0.0,0.0,0.0,0.0,0.0,0.0,0.0,0.0,0.0,13.0,5.0,3.0,0.0,0.0,0.0,0.0,0.0,0.0,0.0,0,0.0,,0.0,0.0,0,2.0,0.0,,0.0,-0.29400000000000004
2014,CL,東京ヤクルトスワローズ,61765139,杉浦　稔大,T.Sugiura,4.0,8.0,8.0,1.0,1.0,1.0,0.0,0.0,2.0,1.0,0.0,0,0.0,0.0,0.0,0,0.0,4.0,0.0,0.125,0.125,0.25,0.375,0.0,0.125,0.0,0.25,0.0,50.0,0.0,0.25,0.11875,208.33333333333331,0.125,0.2857142857142857,0.125,1.0,0.0,1.0,4.0,8.0,8.0,0.0,1.0,0.0,1.0,0.125,0.25,0.0,0,0.0,,2.0,0.0,0,0.0,0.0,,0.25,0.03399999999999992
2014,CL,中日ドラゴンズ,61865139,A.ゴメス,A.Gomez,12.0,14.0,13.0,0.0,1.0,0.0,0.0,0.0,1.0,0.0,0.0,0,0.0,0.0,1.0,0,0.0,5.0,1.0,0.077,0.143,0.077,0.21999999999999997,1.0,0.0,0.06599999999999999,0.143,7.142857142857142,35.714285714285715,0.2,0.125,0.0836,168.66666666666666,0.07692307692307693,0.15384615384615385,0.077,1.0,0.0,0.0,12.0,14.0,13.0,1.0,0.0,0.0,0.0,0.143,0.077,1.0,0,0.0,,1.0,0.0,0,0.0,0.0,,0.14285714285714285,-0.3460000000000001
2014,CL,阪神タイガース,61963888,福留　孝介,K.Fukudome,104.0,367.0,312.0,20.0,79.0,8.0,0.0,9.0,114.0,34.0,1.0,1,3.0,4.0,47.0,0,1.0,48.0,11.0,0.253,0.349,0.365,0.714,62.0,0.11199999999999999,0.09599999999999997,0.4609999999999999,12.806539509536785,13.079019073569482,0.9791666666666666,0.2702702702702703,0.2483,470.66666666666663,0.266025641025641,0.6680327868852459,0.253,79.0,9.0,34.0,104.0,367.0,312.0,62.0,8.0,0.0,20.0,0.349,0.365,47.0,0,1.0,,114.0,1.0,1,3.0,4.0,,40.01114206128134,42.906000000000006
2014,CL,広島東洋カープ,61965131,堂林　翔太,S.Doubayashi,93.0,330.0,284.0,37.0,70.0,12.0,1.0,8.0,108.0,28.0,1.0,1,5.0,3.0,32.0,0,6.0,87.0,3.0,0.246,0.332,0.38,0.712,49.0,0.134,0.08600000000000002,0.466,9.696969696969697,26.36363636363636,0.367816091954023,0.3229166666666667,0.2444,458.6666666666667,0.25,0.6774193548387096,0.246,70.0,8.0,28.0,93.0,330.0,284.0,49.0,12.0,1.0,37.0,0.332,0.38,32.0,0,6.0,,108.0,1.0,1,5.0,3.0,,34.860759493670884,37.448
2014,CL,広島東洋カープ,61965139,田中　広輔,K.Tanaka,110.0,333.0,295.0,44.0,86.0,11.0,2.0,9.0,128.0,34.0,10,3,5.0,5.0,24.0,0,4.0,68.0,6.0,0.292,0.348,0.434,0.782,64.0,0.14200000000000002,0.055999999999999994,0.49,7.207207207207207,20.42042042042042,0.35294117647058826,0.3452914798206278,0.2651,492.66666666666663,0.23389830508474577,0.7395348837209302,0.292,86.0,9.0,34.0,110.0,333.0,295.0,64.0,11.0,2.0,44.0,0.348,0.434,24.0,0,4.0,,128.0,10,3,5.0,5.0,,44.13793103448276,44.25800000000001
2014,CL,読売ジャイアンツ,63165135,S.マシソン,S.Mathieson,64.0,0.0,0.0,0.0,0.0,0.0,0.0,0.0,0.0,0.0,0.0,0,0.0,0.0,0.0,0,0.0,0.0,0.0,,,,0.0,0.0,0.0,0.0,,nan,nan,nan,nan,0.0,0.0,nan,nan,,0.0,0.0,0.0,64.0,0.0,0.0,0.0,0.0,0.0,0.0,,,0.0,0,0.0,,0.0,0.0,0,0.0,0.0,,nan,0.0
2014,CL,横浜DeNAベイスターズ,63165139,G.モスコーソ,G.Moscoso,24.0,50.0,43.0,6.0,9.0,0.0,0.0,1.0,12.0,3.0,1,0,3.0,0.0,4.0,0,0.0,14.0,2.0,0.209,0.277,0.279,0.556,8.0,0.07000000000000003,0.06800000000000003,0.3470000000000001,8.0,28.000000000000004,0.2857142857142857,0.2857142857142857,0.19440000000000002,370.00000000000006,0.16279069767441862,0.4444444444444444,0.209,9.0,1.0,3.0,24.0,50.0,43.0,8.0,0.0,0.0,6.0,0.277,0.279,4.0,0,0.0,,12.0,1,0,3.0,0.0,,3.3191489361702127,3.4279999999999995
2014,CL,中日ドラゴンズ,71075131,中田　亮二,R.Nakata,16.0,22.0,19.0,2.0,2.0,2.0,0.0,0.0,4.0,0.0,0.0,0,1.0,0.0,0.0,0,2.0,4.0,0.0,0.105,0.19,0.211,0.401,0.0,0.106,0.085,0.296,0.0,18.181818181818183,0.0,0.13333333333333333,0.13825,260.3333333333333,0.10526315789473684,0.35294117647058826,0.105,2.0,0.0,0.0,16.0,22.0,19.0,0.0,2.0,0.0,2.0,0.19,0.211,0.0,0,2.0,,4.0,0.0,0,1.0,0.0,,0.42105263157894735,0.43399999999999994
2014,CL,横浜DeNAベイスターズ,71075133,須田　幸太,K.Suda,9.0,0.0,0.0,0.0,0.0,0.0,0.0,0.0,0.0,0.0,0.0,0,0.0,0.0,0.0,0,0.0,0.0,0.0,,,,0.0,0.0,0.0,0.0,,nan,nan,nan,nan,0.0,0.0,nan,nan,,0.0,0.0,0.0,9.0,0.0,0.0,0.0,0.0,0.0,0.0,,,0.0,0,0.0,,0.0,0.0,0,0.0,0.0,,nan,0.0
2014,CL,中日ドラゴンズ,71075137,濱田　達郎,T.Hamada,16.0,28.0,25.0,0.0,2.0,0.0,0.0,0.0,2.0,2.0,0.0,0,3.0,0.0,0.0,0,0.0,12.0,0.0,0.08,0.08,0.08,0.16,2.0,0.0,0.0,0.08,0.0,42.857142857142854,0.0,0.15384615384615385,0.05600000000000001,106.66666666666667,0.0,0.08695652173913043,0.08,2.0,0.0,2.0,16.0,28.0,25.0,2.0,0.0,0.0,0.0,0.08,0.08,0.0,0,0.0,,2.0,0.0,0,3.0,0.0,,0.16,-1.254
2014,CL,中日ドラゴンズ,71173882,荒木　雅博,M.Araki,109.0,471.0,395.0,46.0,106.0,17.0,2.0,1.0,130.0,21.0,17,1,33.0,1.0,39.0,0,3.0,63.0,7.0,0.268,0.338,0.329,0.667,86.0,0.061,0.07,0.399,8.280254777070063,13.375796178343949,0.6190476190476191,0.31626506024096385,0.23435,447.6666666666667,0.1620253164556962,0.5844594594594594,0.268,106.0,1.0,21.0,109.0,471.0,395.0,86.0,17.0,2.0,46.0,0.338,0.329,39.0,0,3.0,,130.0,17,1,33.0,1.0,,43.433179723502306,44.47800000000001
2014,CL,中日ドラゴンズ,71175114,浅尾　拓也,T.Asao,22.0,0.0,0.0,0.0,0.0,0.0,0.0,0.0,0.0,0.0,0.0,0,0.0,0.0,0.0,0,0.0,0.0,0.0,,,,0.0,0.0,0.0,0.0,,nan,nan,nan,nan,0.0,0.0,nan,nan,,0.0,0.0,0.0,22.0,0.0,0.0,0.0,0.0,0.0,0.0,,,0.0,0,0.0,,0.0,0.0,0,0.0,0.0,,nan,0.0
2014,CL,横浜DeNAベイスターズ,71175137,安部　建輝,T.Abe,4.0,0.0,0.0,0.0,0.0,0.0,0.0,0.0,0.0,0.0,0.0,0,0.0,0.0,0.0,0,0.0,0.0,0.0,,,,0.0,0.0,0.0,0.0,,nan,nan,nan,nan,0.0,0.0,nan,nan,,0.0,0.0,0.0,4.0,0.0,0.0,0.0,0.0,0.0,0.0,,,0.0,0,0.0,,0.0,0.0,0,0.0,0.0,,nan,0.0
2014,CL,広島東洋カープ,71275113,廣瀬　純,J.Hirose,60.0,148.0,124.0,11.0,29.0,7.0,0.0,2.0,42.0,14.0,0,2,2.0,4.0,17.0,0,1.0,23.0,6.0,0.234,0.322,0.339,0.661,20.0,0.10500000000000001,0.088,0.427,11.486486486486488,15.54054054054054,0.7391304347826086,0.2621359223300971,0.22965000000000002,435.0,0.25806451612903225,0.6138613861386139,0.234,29.0,2.0,14.0,60.0,148.0,124.0,20.0,7.0,0.0,11.0,0.322,0.339,17.0,0,1.0,,42.0,0,2,2.0,4.0,,13.702127659574469,14.909999999999998
2014,CL,東京ヤクルトスワローズ,71375114,上田　剛史,T.Ueda,115.0,292.0,252.0,36.0,53.0,4.0,2.0,2.0,67.0,20.0,16,4,16.0,3.0,18.0,0,3.0,45.0,1.0,0.21,0.268,0.266,0.534,45.0,0.05600000000000002,0.058000000000000024,0.324,6.164383561643835,15.41095890410959,0.4,0.24519230769230768,0.18710000000000002,356.6666666666667,0.14285714285714285,0.46,0.21,53.0,2.0,20.0,115.0,292.0,252.0,45.0,4.0,2.0,36.0,0.268,0.266,18.0,0,3.0,,67.0,16,4,16.0,3.0,,17.618518518518517,18.488
2014,CL,横浜DeNAベイスターズ,71375116,内村　賢介,K.Uchimura,4.0,2.0,2.0,0.0,0.0,0.0,0.0,0.0,0.0,0.0,0.0,0,0.0,0.0,0.0,0,0.0,0.0,0.0,0.0,0.0,0.0,0.0,0.0,0.0,0.0,0.0,0.0,0.0,nan,0.0,0.0,0.0,0.0,0.0,0.0,0.0,0.0,0.0,4.0,2.0,2.0,0.0,0.0,0.0,0.0,0.0,0.0,0.0,0,0.0,,0.0,0.0,0,0.0,0.0,,0.0,-0.196
2014,CL,広島東洋カープ,71375118,岩本　貴裕,T.Iwamoto,39.0,55.0,52.0,5.0,10.0,0.0,1.0,2.0,18.0,10.0,0.0,0,0.0,1.0,2.0,0,0.0,10.0,3.0,0.192,0.218,0.346,0.564,7.0,0.15399999999999997,0.025999999999999995,0.372,3.6363636363636362,18.181818181818183,0.2,0.1951219512195122,0.1846,333.3333333333333,0.19230769230769232,0.4444444444444444,0.192,10.0,2.0,10.0,39.0,55.0,52.0,7.0,0.0,1.0,5.0,0.218,0.346,2.0,0,0.0,,18.0,0.0,0,0.0,1.0,,4.0,3.9639999999999995
2014,CL,阪神タイガース,71375133,岩本　輝,A.Iwamoto,4.0,0.0,0.0,0.0,0.0,0.0,0.0,0.0,0.0,0.0,0.0,0,0.0,0.0,0.0,0,0.0,0.0,0.0,,,,0.0,0.0,0.0,0.0,,nan,nan,nan,nan,0.0,0.0,nan,nan,,0.0,0.0,0.0,4.0,0.0,0.0,0.0,0.0,0.0,0.0,,,0.0,0,0.0,,0.0,0.0,0,0.0,0.0,,nan,0.0
2014,CL,読売ジャイアンツ,71375135,江柄子　裕樹,Y.Egarashi,19.0,2.0,2.0,1.0,2.0,0.0,0.0,0.0,2.0,0.0,0.0,0,0.0,0.0,0.0,0,0.0,0.0,0.0,1.0,1.0,1.0,2.0,2.0,0.0,0.0,1.0,0.0,0.0,nan,1.0,0.7,1333.3333333333333,0.0,nan,1.0,2.0,0.0,0.0,19.0,2.0,2.0,2.0,0.0,0.0,1.0,1.0,1.0,0.0,0,0.0,,2.0,0.0,0,0.0,0.0,,2.0,1.0
2014,CL,東京ヤクルトスワローズ,71375137,江村　将也,M.Emura,19.0,1.0,1.0,0.0,0.0,0.0,0.0,0.0,0.0,0.0,0.0,0,0.0,0.0,0.0,0,0.0,1.0,0.0,0.0,0.0,0.0,0.0,0.0,0.0,0.0,0.0,0.0,100.0,0.0,nan,0.0,0.0,0.0,0.0,0.0,0.0,0.0,0.0,19.0,1.0,1.0,0.0,0.0,0.0,0.0,0.0,0.0,0.0,0,0.0,,0.0,0.0,0,0.0,0.0,,0.0,-0.098
2014,CL,東京ヤクルトスワローズ,71375139,岩橋　慶侍,K.Iwahashi,17.0,0.0,0.0,0.0,0.0,0.0,0.0,0.0,0.0,0.0,0.0,0,0.0,0.0,0.0,0,0.0,0.0,0.0,,,,0.0,0.0,0.0,0.0,,nan,nan,nan,nan,0.0,0.0,nan,nan,,0.0,0.0,0.0,17.0,0.0,0.0,0.0,0.0,0.0,0.0,,,0.0,0,0.0,,0.0,0.0,0,0.0,0.0,,nan,0.0
2014,CL,東京ヤクルトスワローズ,71475118,日高　亮,R.Hidaka,1.0,0.0,0.0,0.0,0.0,0.0,0.0,0.0,0.0,0.0,0.0,0,0.0,0.0,0.0,0,0.0,0.0,0.0,,,,0.0,0.0,0.0,0.0,,nan,nan,nan,nan,0.0,0.0,nan,nan,,0.0,0.0,0.0,1.0,0.0,0.0,0.0,0.0,0.0,0.0,,,0.0,0,0.0,,0.0,0.0,0,0.0,0.0,,nan,0.0
2014,CL,中日ドラゴンズ,71475131,松井　佑介,Y.Matsui,52.0,102.0,96.0,11.0,24.0,7.0,0.0,2.0,37.0,6.0,1,0,2.0,0.0,2.0,0,2.0,27.0,3.0,0.25,0.28,0.385,0.665,15.0,0.135,0.030000000000000027,0.415,1.9607843137254901,26.47058823529412,0.07407407407407407,0.3283582089552239,0.22225000000000003,408.3333333333333,0.15625,0.5466666666666666,0.25,24.0,2.0,6.0,52.0,102.0,96.0,15.0,7.0,0.0,11.0,0.28,0.385,2.0,0,2.0,,37.0,1,0,2.0,0.0,,9.816326530612244,9.683999999999997
2014,CL,横浜DeNAベイスターズ,71475139,嶺井　博希,H.Minei,10.0,14.0,11.0,1.0,3.0,0.0,1.0,0.0,5.0,3.0,0.0,0,1.0,0.0,2.0,0,0.0,2.0,0.0,0.273,0.385,0.455,0.8400000000000001,2.0,0.182,0.11199999999999999,0.567,14.285714285714285,14.285714285714285,1.0,0.3333333333333333,0.28700000000000003,536.6666666666666,0.36363636363636365,0.875,0.273,3.0,0.0,3.0,10.0,14.0,11.0,2.0,0.0,1.0,1.0,0.385,0.455,2.0,0,0.0,,5.0,0.0,0,1.0,0.0,,1.9230769230769231,1.9160000000000001
2014,CL,読売ジャイアンツ,71775131,鬼屋敷　正人,M.Kiyashiki,1.0,1.0,1.0,0.0,0.0,0.0,0.0,0.0,0.0,0.0,0.0,0,0.0,0.0,0.0,0,0.0,1.0,0.0,0.0,0.0,0.0,0.0,0.0,0.0,0.0,0.0,0.0,100.0,0.0,nan,0.0,0.0,0.0,0.0,0.0,0.0,0.0,0.0,1.0,1.0,1.0,0.0,0.0,0.0,0.0,0.0,0.0,0.0,0,0.0,,0.0,0.0,0,0.0,0.0,,0.0,-0.098
2014,CL,広島東洋カープ,71775139,九里　亜蓮,A.Kuri,20.0,19.0,19.0,0.0,0.0,0.0,0.0,0.0,0.0,0.0,0.0,0,0.0,0.0,0.0,0,0.0,14.0,1.0,0.0,0.0,0.0,0.0,0.0,0.0,0.0,0.0,0.0,73.68421052631578,0.0,0.0,0.0,0.0,0.0,0.0,0.0,0.0,0.0,0.0,20.0,19.0,19.0,0.0,0.0,0.0,0.0,0.0,0.0,0.0,0,0.0,,0.0,0.0,0,0.0,0.0,,0.0,-1.862
2014,CL,読売ジャイアンツ,71875112,山口　鉄也,T.Yamaguchi,60.0,0.0,0.0,0.0,0.0,0.0,0.0,0.0,0.0,0.0,0.0,0,0.0,0.0,0.0,0,0.0,0.0,0.0,,,,0.0,0.0,0.0,0.0,,nan,nan,nan,nan,0.0,0.0,nan,nan,,0.0,0.0,0.0,60.0,0.0,0.0,0.0,0.0,0.0,0.0,,,0.0,0,0.0,,0.0,0.0,0,0.0,0.0,,nan,0.0
2014,CL,東京ヤクルトスワローズ,71875131,T.バーネット,T.Barnette,33.0,0.0,0.0,0.0,0.0,0.0,0.0,0.0,0.0,0.0,0.0,0,0.0,0.0,0.0,0,0.0,0.0,0.0,,,,0.0,0.0,0.0,0.0,,nan,nan,nan,nan,0.0,0.0,nan,nan,,0.0,0.0,0.0,33.0,0.0,0.0,0.0,0.0,0.0,0.0,,,0.0,0,0.0,,0.0,0.0,0,0.0,0.0,,nan,0.0
2014,CL,東京ヤクルトスワローズ,71875139,C.カーペンター,C.Carpenter,32.0,0.0,0.0,0.0,0.0,0.0,0.0,0.0,0.0,0.0,0.0,0,0.0,0.0,0.0,0,0.0,0.0,0.0,,,,0.0,0.0,0.0,0.0,,nan,nan,nan,nan,0.0,0.0,nan,nan,,0.0,0.0,0.0,32.0,0.0,0.0,0.0,0.0,0.0,0.0,,,0.0,0,0.0,,0.0,0.0,0,0.0,0.0,,nan,0.0
2014,CL,中日ドラゴンズ,71975115,髙橋　聡文,A.Takahashi,22.0,0.0,0.0,0.0,0.0,0.0,0.0,0.0,0.0,0.0,0.0,0,0.0,0.0,0.0,0,0.0,0.0,0.0,,,,0.0,0.0,0.0,0.0,,nan,nan,nan,nan,0.0,0.0,nan,nan,,0.0,0.0,0.0,22.0,0.0,0.0,0.0,0.0,0.0,0.0,,,0.0,0,0.0,,0.0,0.0,0,0.0,0.0,,nan,0.0
2014,CL,中日ドラゴンズ,73175118,N.パヤノ,N.Payano,23.0,0.0,0.0,0.0,0.0,0.0,0.0,0.0,0.0,0.0,0.0,0,0.0,0.0,0.0,0,0.0,0.0,0.0,,,,0.0,0.0,0.0,0.0,,nan,nan,nan,nan,0.0,0.0,nan,nan,,0.0,0.0,0.0,23.0,0.0,0.0,0.0,0.0,0.0,0.0,,,0.0,0,0.0,,0.0,0.0,0,0.0,0.0,,nan,0.0
2014,CL,横浜DeNAベイスターズ,73375116,A.バルディリス,A.Baldiris,139.0,510.0,451.0,44.0,115.0,29.0,1.0,17.0,197.0,52.0,0,1,0.0,5.0,43.0,0,11.0,66.0,20.0,0.255,0.331,0.437,0.768,68.0,0.182,0.07600000000000001,0.513,8.431372549019608,12.941176470588237,0.6515151515151515,0.26273458445040215,0.2582,476.6666666666667,0.2793791574279379,0.7078651685393258,0.255,115.0,17.0,52.0,139.0,510.0,451.0,68.0,29.0,1.0,44.0,0.331,0.437,43.0,0,11.0,,197.0,0,1,0.0,5.0,,63.008097165991906,65.47200000000001
2014,CL,中日ドラゴンズ,81085114,田中　大輔,D.Tanaka,3.0,4.0,4.0,0.0,1.0,0.0,0.0,0.0,1.0,0.0,0.0,0,0.0,0.0,0.0,0,0.0,0.0,0.0,0.25,0.25,0.25,0.5,1.0,0.0,0.0,0.25,0.0,0.0,nan,0.25,0.175,333.3333333333333,0.0,0.3333333333333333,0.25,1.0,0.0,0.0,3.0,4.0,4.0,1.0,0.0,0.0,0.0,0.25,0.25,0.0,0,0.0,,1.0,0.0,0,0.0,0.0,,0.25,0.20599999999999996
2014,CL,横浜DeNAベイスターズ,81085133,靍岡　賢二郎,K.Tsuruoka,24.0,49.0,45.0,4.0,12.0,0.0,0.0,0.0,12.0,2.0,0.0,0,0.0,0.0,4.0,0,0.0,10.0,1.0,0.267,0.327,0.267,0.5940000000000001,12.0,0.0,0.06,0.327,8.16326530612245,20.408163265306122,0.4,0.34285714285714286,0.2139,416.00000000000006,0.08888888888888889,0.47058823529411764,0.267,12.0,0.0,2.0,24.0,49.0,45.0,12.0,0.0,0.0,4.0,0.327,0.267,4.0,0,0.0,,12.0,0.0,0,0.0,0.0,,3.9183673469387754,4.086
2014,CL,中日ドラゴンズ,81085137,古本　武尊,T.Furumoto,16.0,20.0,18.0,0.0,3.0,0.0,0.0,0.0,3.0,0.0,0.0,0,1.0,0.0,1.0,0,0.0,7.0,0.0,0.167,0.211,0.167,0.378,3.0,0.0,0.043999999999999984,0.211,5.0,35.0,0.14285714285714285,0.2727272727272727,0.1367,266.6666666666667,0.05555555555555555,0.26666666666666666,0.167,3.0,0.0,0.0,16.0,20.0,18.0,3.0,0.0,0.0,0.0,0.211,0.167,1.0,0,0.0,,3.0,0.0,0,1.0,0.0,,0.631578947368421,0.3600000000000001
2014,CL,中日ドラゴンズ,81183888,岩瀬　仁紀,H.Iwase,34.0,0.0,0.0,0.0,0.0,0.0,0.0,0.0,0.0,0.0,0.0,0,0.0,0.0,0.0,0,0.0,0.0,0.0,,,,0.0,0.0,0.0,0.0,,nan,nan,nan,nan,0.0,0.0,nan,nan,,0.0,0.0,0.0,34.0,0.0,0.0,0.0,0.0,0.0,0.0,,,0.0,0,0.0,,0.0,0.0,0,0.0,0.0,,nan,0.0
2014,CL,広島東洋カープ,81185110,梅津　智弘,T.Umetsu,11.0,0.0,0.0,0.0,0.0,0.0,0.0,0.0,0.0,0.0,0.0,0,0.0,0.0,0.0,0,0.0,0.0,0.0,,,,0.0,0.0,0.0,0.0,,nan,nan,nan,nan,0.0,0.0,nan,nan,,0.0,0.0,0.0,11.0,0.0,0.0,0.0,0.0,0.0,0.0,,,0.0,0,0.0,,0.0,0.0,0,0.0,0.0,,nan,0.0
2014,CL,読売ジャイアンツ,81185119,内海　哲也,T.Utsumi,22.0,48.0,39.0,3.0,5.0,0.0,0.0,0.0,5.0,1.0,0.0,0,7.0,0.0,2.0,0,0.0,18.0,0.0,0.128,0.171,0.128,0.29900000000000004,5.0,0.0,0.04300000000000001,0.171,4.166666666666666,37.5,0.1111111111111111,0.23809523809523808,0.10895,213.66666666666669,0.05128205128205128,0.20588235294117646,0.128,5.0,0.0,1.0,22.0,48.0,39.0,5.0,0.0,0.0,3.0,0.171,0.128,2.0,0,0.0,,5.0,0.0,0,7.0,0.0,,0.8536585365853658,-0.17200000000000015
2014,CL,阪神タイガース,81185135,伊藤　隼太,H.Itou,52.0,131.0,119.0,13.0,35.0,6.0,1.0,2.0,49.0,12.0,1,0,1.0,3.0,7.0,0,1.0,26.0,1.0,0.294,0.331,0.412,0.743,26.0,0.118,0.03700000000000003,0.449,5.343511450381679,19.84732824427481,0.2692307692307692,0.35106382978723405,0.25195,468.33333333333337,0.17647058823529413,0.6705882352941176,0.294,35.0,2.0,12.0,52.0,131.0,119.0,26.0,6.0,1.0,13.0,0.331,0.412,7.0,0,1.0,,49.0,1,0,1.0,3.0,,16.333333333333332,15.647999999999998
2014,CL,中日ドラゴンズ,81285137,溝脇　隼人,H.Mizowaki,2.0,5.0,5.0,0.0,1.0,0.0,0.0,0.0,1.0,0.0,0.0,0,0.0,0.0,0.0,0,0.0,1.0,0.0,0.2,0.2,0.2,0.4,1.0,0.0,0.0,0.2,0.0,20.0,0.0,0.25,0.14,266.6666666666667,0.0,0.25,0.2,1.0,0.0,0.0,2.0,5.0,5.0,1.0,0.0,0.0,0.0,0.2,0.2,0.0,0,0.0,,1.0,0.0,0,0.0,0.0,,0.2,0.10799999999999998
2014,CL,読売ジャイアンツ,81385110,亀井　善行,Y.Kamei,69.0,268.0,240.0,31.0,71.0,17.0,1.0,8.0,114.0,26.0,3,1,4.0,2.0,19.0,0,3.0,30.0,4.0,0.296,0.352,0.475,0.827,45.0,0.179,0.055999999999999994,0.5309999999999999,7.08955223880597,11.194029850746269,0.6333333333333333,0.3088235294117647,0.27715,510.3333333333333,0.2625,0.791907514450867,0.296,71.0,8.0,26.0,69.0,268.0,240.0,45.0,17.0,1.0,31.0,0.352,0.475,19.0,0,3.0,,114.0,3,1,4.0,2.0,,39.61389961389961,38.178
2014,CL,阪神タイガース,81385137,緒方　凌介,R.Ogata,28.0,69.0,57.0,7.0,14.0,2.0,0.0,2.0,22.0,5.0,2,1,2.0,0.0,8.0,0,2.0,14.0,0.0,0.246,0.358,0.386,0.744,10.0,0.14,0.11199999999999999,0.498,11.594202898550725,20.28985507246377,0.5714285714285714,0.2926829268292683,0.2576,486.6666666666667,0.2982456140350877,0.7674418604651163,0.246,14.0,2.0,5.0,28.0,69.0,57.0,10.0,2.0,0.0,7.0,0.358,0.386,8.0,0,2.0,,22.0,2,1,2.0,0.0,,7.446153846153846,8.586
2014,CL,東京ヤクルトスワローズ,81485116,三輪　正義,M.Miwa,32.0,22.0,20.0,7.0,5.0,1.0,0.0,0.0,6.0,1.0,0.0,0,1.0,0.0,1.0,0,0.0,2.0,1.0,0.25,0.286,0.3,0.586,4.0,0.04999999999999999,0.035999999999999976,0.3359999999999999,4.545454545454546,9.090909090909092,0.5,0.2777777777777778,0.2037,385.99999999999994,0.1,0.4375,0.25,5.0,0.0,1.0,32.0,22.0,20.0,4.0,1.0,0.0,7.0,0.286,0.3,1.0,0,0.0,,6.0,0.0,0,1.0,0.0,,1.7142857142857142,1.5799999999999998
2014,CL,読売ジャイアンツ,81485117,村田　修一,S.Murata,143.0,575.0,519.0,49.0,133.0,17.0,0.0,21.0,213.0,68.0,2.0,2,0.0,4.0,39.0,0,13.0,83.0,22.0,0.256,0.322,0.41,0.732,95.0,0.15399999999999997,0.066,0.476,6.782608695652175,14.43478260869565,0.46987951807228917,0.26730310262529833,0.2474,458.6666666666667,0.23314065510597304,0.6544117647058824,0.256,133.0,21.0,68.0,143.0,575.0,519.0,95.0,17.0,0.0,49.0,0.322,0.41,39.0,0,13.0,,213.0,2.0,2,0.0,4.0,,65.65591397849462,69.672
2014,CL,阪神タイガース,81485139,山本　翔也,S.Yamamoto,2.0,0.0,0.0,0.0,0.0,0.0,0.0,0.0,0.0,0.0,0.0,0,0.0,0.0,0.0,0,0.0,0.0,0.0,,,,0.0,0.0,0.0,0.0,,nan,nan,nan,nan,0.0,0.0,nan,nan,,0.0,0.0,0.0,2.0,0.0,0.0,0.0,0.0,0.0,0.0,,,0.0,0,0.0,,0.0,0.0,0,0.0,0.0,,nan,0.0
2014,CL,東京ヤクルトスワローズ,81585112,川島　慶三,K.Kawashima,19.0,36.0,26.0,8.0,7.0,2.0,0.0,0.0,9.0,1.0,2,0,2.0,0.0,7.0,0,1.0,6.0,2.0,0.269,0.441,0.346,0.7869999999999999,5.0,0.07699999999999996,0.172,0.518,19.444444444444446,16.666666666666664,1.1666666666666667,0.35,0.28495000000000004,556.3333333333334,0.34615384615384615,0.8095238095238095,0.269,7.0,0.0,1.0,19.0,36.0,26.0,5.0,2.0,0.0,8.0,0.441,0.346,7.0,0,1.0,,9.0,2,0,2.0,0.0,,3.8181818181818183,4.718
2014,CL,横浜DeNAベイスターズ,81685112,柳田　殖生,S.Yanagida,74.0,101.0,88.0,12.0,24.0,3.0,0.0,4.0,39.0,10.0,0.0,0,6.0,0.0,2.0,0,5.0,20.0,2.0,0.273,0.326,0.443,0.769,17.0,0.16999999999999998,0.05299999999999999,0.496,1.9801980198019802,19.801980198019802,0.1,0.3125,0.25745,473.6666666666667,0.19318181818181818,0.696969696969697,0.273,24.0,4.0,10.0,74.0,101.0,88.0,17.0,3.0,0.0,12.0,0.326,0.443,2.0,0,5.0,,39.0,0.0,0,6.0,0.0,,11.266666666666667,12.458
2014,CL,横浜DeNAベイスターズ,81685118,山崎　憲晴,N.Yamazaki,115.0,374.0,309.0,36.0,74.0,9.0,1.0,2.0,91.0,20.0,2.0,2,38.0,2.0,19.0,0,6.0,64.0,4.0,0.239,0.295,0.294,0.589,62.0,0.05499999999999999,0.055999999999999994,0.35,5.080213903743315,17.11229946524064,0.296875,0.2938775510204082,0.20625,392.99999999999994,0.12297734627831715,0.49372384937238495,0.239,74.0,2.0,20.0,115.0,374.0,309.0,62.0,9.0,1.0,36.0,0.295,0.294,19.0,0,6.0,,91.0,2.0,2,38.0,2.0,,25.801829268292682,26.979999999999997
2014,CL,中日ドラゴンズ,81685133,森越　祐人,Y.Morikoshi,19.0,12.0,7.0,4.0,1.0,0.0,0.0,0.0,1.0,0.0,0.0,0,2.0,0.0,2.0,0,1.0,1.0,0.0,0.143,0.4,0.143,0.543,1.0,0.0,0.257,0.4,16.666666666666664,8.333333333333332,2.0,0.16666666666666666,0.21575000000000003,447.66666666666663,0.2857142857142857,0.6666666666666666,0.143,1.0,0.0,0.0,19.0,12.0,7.0,1.0,0.0,0.0,4.0,0.4,0.143,2.0,0,1.0,,1.0,0.0,0,2.0,0.0,,0.3333333333333333,0.9019999999999999
2014,CL,阪神タイガース,81783884,関本　賢太郎,K.Sekimoto,63.0,66.0,50.0,3.0,13.0,4.0,0.0,1.0,20.0,15.0,0.0,0,1.0,1.0,13.0,0,1.0,16.0,3.0,0.26,0.415,0.4,0.815,8.0,0.14,0.15499999999999997,0.5549999999999999,19.696969696969695,24.242424242424242,0.8125,0.35294117647058826,0.28675,548.3333333333334,0.4,0.85,0.26,13.0,1.0,15.0,63.0,66.0,50.0,8.0,4.0,0.0,3.0,0.415,0.4,13.0,0,1.0,,20.0,0.0,0,1.0,1.0,,8.253968253968255,9.314
2014,CL,広島東洋カープ,81785131,庄司　隼人,H.Shouji,1.0,1.0,1.0,0.0,0.0,0.0,0.0,0.0,0.0,0.0,0.0,0,0.0,0.0,0.0,0,0.0,0.0,0.0,0.0,0.0,0.0,0.0,0.0,0.0,0.0,0.0,0.0,0.0,nan,0.0,0.0,0.0,0.0,0.0,0.0,0.0,0.0,0.0,1.0,1.0,1.0,0.0,0.0,0.0,0.0,0.0,0.0,0.0,0,0.0,,0.0,0.0,0,0.0,0.0,,0.0,-0.098
2014,CL,広島東洋カープ,81785137,鈴木　誠也,S.Suzuki,36.0,68.0,64.0,6.0,22.0,7.0,0.0,1.0,32.0,7.0,0.0,0,0.0,0.0,4.0,0,0.0,13.0,2.0,0.344,0.382,0.5,0.882,14.0,0.15600000000000003,0.038000000000000034,0.538,5.88235294117647,19.11764705882353,0.3076923076923077,0.42,0.2969,548.6666666666666,0.21875,0.8181818181818182,0.344,22.0,1.0,7.0,36.0,68.0,64.0,14.0,7.0,0.0,6.0,0.382,0.5,4.0,0,0.0,,32.0,0.0,0,0.0,0.0,,12.235294117647058,10.683999999999997
2014,CL,中日ドラゴンズ,81785139,鈴木　翔太,S.Suzuki,5.0,0.0,0.0,0.0,0.0,0.0,0.0,0.0,0.0,0.0,0.0,0,0.0,0.0,0.0,0,0.0,0.0,0.0,,,,0.0,0.0,0.0,0.0,,nan,nan,nan,nan,0.0,0.0,nan,nan,,0.0,0.0,0.0,5.0,0.0,0.0,0.0,0.0,0.0,0.0,,,0.0,0,0.0,,0.0,0.0,0,0.0,0.0,,nan,0.0
2014,CL,読売ジャイアンツ,81885139,C.セドン,C.Seddon,10.0,16.0,15.0,0.0,1.0,0.0,0.0,0.0,1.0,0.0,0.0,0,1.0,0.0,0.0,0,0.0,10.0,0.0,0.067,0.067,0.067,0.134,1.0,0.0,0.0,0.067,0.0,62.5,0.0,0.2,0.046900000000000004,89.33333333333333,0.0,0.07142857142857142,0.067,1.0,0.0,0.0,10.0,16.0,15.0,1.0,0.0,0.0,0.0,0.067,0.067,0.0,0,0.0,,1.0,0.0,0,1.0,0.0,,0.06666666666666667,-0.8720000000000001
2014,CL,阪神タイガース,81983882,日高　剛,T.Hidaka,2.0,0.0,0.0,0.0,0.0,0.0,0.0,0.0,0.0,0.0,0.0,0,0.0,0.0,0.0,0,0.0,0.0,0.0,,,,0.0,0.0,0.0,0.0,,nan,nan,nan,nan,0.0,0.0,nan,nan,,0.0,0.0,0.0,2.0,0.0,0.0,0.0,0.0,0.0,0.0,,,0.0,0,0.0,,0.0,0.0,0,0.0,0.0,,nan,0.0
2014,CL,阪神タイガース,81983888,福原　忍,S.Fukuhara,60.0,0.0,0.0,0.0,0.0,0.0,0.0,0.0,0.0,0.0,0.0,0,0.0,0.0,0.0,0,0.0,0.0,0.0,,,,0.0,0.0,0.0,0.0,,nan,nan,nan,nan,0.0,0.0,nan,nan,,0.0,0.0,0.0,60.0,0.0,0.0,0.0,0.0,0.0,0.0,,,0.0,0,0.0,,0.0,0.0,0,0.0,0.0,,nan,0.0
2014,CL,東京ヤクルトスワローズ,81985111,野口　祥順,Y.Noguchi,35.0,44.0,42.0,11.0,12.0,4.0,0.0,0.0,16.0,1.0,0.0,0,1.0,0.0,1.0,0,0.0,11.0,0.0,0.286,0.302,0.381,0.683,8.0,0.09500000000000003,0.016000000000000014,0.397,2.272727272727273,25.0,0.09090909090909091,0.3870967741935484,0.23115,429.0,0.11904761904761904,0.5666666666666667,0.286,12.0,0.0,1.0,35.0,44.0,42.0,8.0,4.0,0.0,11.0,0.302,0.381,1.0,0,0.0,,16.0,0.0,0,1.0,0.0,,4.837209302325581,4.27
2014,CL,横浜DeNAベイスターズ,81985114,下園　辰哉,T.Shimozono,68.0,117.0,101.0,14.0,28.0,4.0,0.0,1.0,35.0,8.0,0.0,0,1.0,0.0,14.0,0,1.0,18.0,1.0,0.277,0.371,0.347,0.718,23.0,0.06999999999999995,0.09399999999999997,0.4409999999999999,11.965811965811966,15.384615384615385,0.7777777777777778,0.32926829268292684,0.25370000000000004,486.66666666666663,0.2079207920792079,0.6756756756756757,0.277,28.0,1.0,8.0,68.0,117.0,101.0,23.0,4.0,0.0,14.0,0.371,0.347,14.0,0,1.0,,35.0,0.0,0,1.0,0.0,,12.782608695652174,13.616
2014,CL,読売ジャイアンツ,81985118,立岡　宗一郎,S.Tateoka,2.0,2.0,2.0,0.0,0.0,0.0,0.0,0.0,0.0,0.0,0.0,0,0.0,0.0,0.0,0,0.0,1.0,0.0,0.0,0.0,0.0,0.0,0.0,0.0,0.0,0.0,0.0,50.0,0.0,0.0,0.0,0.0,0.0,0.0,0.0,0.0,0.0,0.0,2.0,2.0,2.0,0.0,0.0,0.0,0.0,0.0,0.0,0.0,0,0.0,,0.0,0.0,0,0.0,0.0,,0.0,-0.196
2014,CL,読売ジャイアンツ,81985133,澤村　拓一,H.Sawamura,12.0,24.0,18.0,1.0,2.0,1.0,0.0,0.0,3.0,1.0,0.0,0,5.0,0.0,1.0,0,0.0,10.0,0.0,0.111,0.158,0.167,0.325,1.0,0.05600000000000001,0.047,0.214,4.166666666666666,41.66666666666667,0.1,0.25,0.11285,213.66666666666669,0.1111111111111111,0.25,0.111,2.0,0.0,1.0,12.0,24.0,18.0,1.0,1.0,0.0,1.0,0.158,0.167,1.0,0,0.0,,3.0,0.0,0,5.0,0.0,,0.47368421052631576,-0.018000000000000016
2014,CL,広島東洋カープ,83185133,B.バリントン,B.Bullington,23.0,44.0,34.0,1.0,2.0,0.0,0.0,0.0,2.0,2.0,0.0,0,7.0,1.0,2.0,0,0.0,14.0,0.0,0.059,0.108,0.059,0.16699999999999998,2.0,0.0,0.049,0.108,4.545454545454546,31.818181818181817,0.14285714285714285,0.09523809523809523,0.06334999999999999,127.66666666666666,0.058823529411764705,0.125,0.059,2.0,0.0,2.0,23.0,44.0,34.0,2.0,0.0,0.0,1.0,0.108,0.059,2.0,0,0.0,,2.0,0.0,0,7.0,1.0,,0.2222222222222222,-1.476
2014,CL,広島東洋カープ,83185135,K.ミコライオ,K.Mickolio,51.0,0.0,0.0,0.0,0.0,0.0,0.0,0.0,0.0,0.0,0.0,0,0.0,0.0,0.0,0,0.0,0.0,0.0,,,,0.0,0.0,0.0,0.0,,nan,nan,nan,nan,0.0,0.0,nan,nan,,0.0,0.0,0.0,51.0,0.0,0.0,0.0,0.0,0.0,0.0,,,0.0,0,0.0,,0.0,0.0,0,0.0,0.0,,nan,0.0
2014,CL,中日ドラゴンズ,85583868,谷繁　元信,M.Tanishige,91.0,274.0,226.0,15.0,44.0,11.0,0.0,1.0,58.0,23.0,0,1,5.0,2.0,39.0,0,2.0,36.0,8.0,0.195,0.316,0.257,0.573,32.0,0.062,0.121,0.378,14.233576642335766,13.138686131386862,1.0833333333333333,0.225130890052356,0.20645,401.6666666666667,0.23893805309734514,0.5263157894736842,0.195,44.0,1.0,23.0,91.0,274.0,226.0,32.0,11.0,0.0,15.0,0.316,0.257,39.0,0,2.0,,58.0,0,1,5.0,2.0,,18.166037735849056,21.233999999999998
2014,CL,横浜DeNAベイスターズ,91095118,土屋　健二,K.Tsuchiya,7.0,0.0,0.0,0.0,0.0,0.0,0.0,0.0,0.0,0.0,0.0,0,0.0,0.0,0.0,0,0.0,0.0,0.0,,,,0.0,0.0,0.0,0.0,,nan,nan,nan,nan,0.0,0.0,nan,nan,,0.0,0.0,0.0,7.0,0.0,0.0,0.0,0.0,0.0,0.0,,,0.0,0,0.0,,0.0,0.0,0,0.0,0.0,,nan,0.0
2014,CL,中日ドラゴンズ,91095135,高橋　周平,S.Takahashi,61.0,156.0,144.0,14.0,37.0,8.0,1.0,6.0,65.0,14.0,0.0,0,2.0,2.0,8.0,0,0.0,29.0,2.0,0.257,0.292,0.451,0.743,22.0,0.194,0.034999999999999976,0.486,5.128205128205128,18.58974358974359,0.27586206896551724,0.27927927927927926,0.24414999999999998,442.33333333333337,0.25,0.6697247706422018,0.257,37.0,6.0,14.0,61.0,156.0,144.0,22.0,8.0,1.0,14.0,0.292,0.451,8.0,0,0.0,,65.0,0.0,0,2.0,2.0,,19.24342105263158,18.593999999999998
2014,CL,東京ヤクルトスワローズ,91095139,西浦　直亨,N.Nishiura,14.0,36.0,32.0,5.0,5.0,1.0,0.0,1.0,9.0,5.0,0.0,0,0.0,0.0,4.0,0,0.0,6.0,0.0,0.156,0.25,0.281,0.531,3.0,0.12500000000000003,0.094,0.375,11.11111111111111,16.666666666666664,0.6666666666666666,0.16,0.18275000000000002,343.6666666666667,0.25,0.48148148148148145,0.156,5.0,1.0,5.0,14.0,36.0,32.0,3.0,1.0,0.0,5.0,0.25,0.281,4.0,0,0.0,,9.0,0.0,0,0.0,0.0,,2.25,2.3339999999999996
2014,CL,読売ジャイアンツ,91193884,石井　義人,Y.Ishii,7.0,6.0,4.0,0.0,1.0,0.0,0.0,0.0,1.0,1.0,0.0,0,0.0,1.0,1.0,0,0.0,3.0,0.0,0.25,0.333,0.25,0.583,1.0,0.0,0.08300000000000002,0.333,16.666666666666664,50.0,0.3333333333333333,0.5,0.21235,416.3333333333333,0.25,0.6666666666666666,0.25,1.0,0.0,1.0,7.0,6.0,4.0,1.0,0.0,0.0,0.0,0.333,0.25,1.0,0,0.0,,1.0,0.0,0,0.0,1.0,,0.4,0.536
2014,CL,横浜DeNAベイスターズ,91195110,石川　雄洋,T.Ishikawa,138.0,539.0,483.0,66.0,120.0,16.0,5.0,7.0,167.0,36.0,9,3,16.0,0.0,32.0,0,8.0,98.0,9.0,0.248,0.306,0.346,0.6519999999999999,92.0,0.09799999999999998,0.057999999999999996,0.4039999999999999,5.936920222634509,18.181818181818183,0.32653061224489793,0.29894179894179895,0.22419999999999998,421.3333333333333,0.16977225672877846,0.5645161290322581,0.248,120.0,7.0,36.0,138.0,539.0,483.0,92.0,16.0,5.0,66.0,0.306,0.346,32.0,0,8.0,,167.0,9,3,16.0,0.0,,49.289320388349516,50.96600000000001
2014,CL,広島東洋カープ,91195116,安部　友裕,T.Abe,3.0,3.0,3.0,0.0,1.0,0.0,0.0,0.0,1.0,0.0,0.0,0,0.0,0.0,0.0,0,0.0,0.0,0.0,0.333,0.333,0.333,0.666,1.0,0.0,0.0,0.333,0.0,0.0,nan,0.3333333333333333,0.23310000000000003,444.0,0.0,0.5,0.333,1.0,0.0,0.0,3.0,3.0,3.0,1.0,0.0,0.0,0.0,0.333,0.333,0.0,0,0.0,,1.0,0.0,0,0.0,0.0,,0.3333333333333333,0.304
2014,CL,東京ヤクルトスワローズ,91195117,新垣　渚,N.Arakaki,3.0,2.0,2.0,0.0,0.0,0.0,0.0,0.0,0.0,0.0,0.0,0,0.0,0.0,0.0,0,0.0,1.0,0.0,0.0,0.0,0.0,0.0,0.0,0.0,0.0,0.0,0.0,50.0,0.0,0.0,0.0,0.0,0.0,0.0,0.0,0.0,0.0,0.0,3.0,2.0,2.0,0.0,0.0,0.0,0.0,0.0,0.0,0.0,0,0.0,,0.0,0.0,0,0.0,0.0,,0.0,-0.196
2014,CL,読売ジャイアンツ,91195131,阿南　徹,T.Anan,4.0,0.0,0.0,0.0,0.0,0.0,0.0,0.0,0.0,0.0,0.0,0,0.0,0.0,0.0,0,0.0,0.0,0.0,,,,0.0,0.0,0.0,0.0,,nan,nan,nan,nan,0.0,0.0,nan,nan,,0.0,0.0,0.0,4.0,0.0,0.0,0.0,0.0,0.0,0.0,,,0.0,0,0.0,,0.0,0.0,0,0.0,0.0,,nan,0.0
2014,CL,阪神タイガース,91195133,荒木　郁也,F.Araki,15.0,9.0,8.0,0.0,1.0,0.0,0.0,0.0,1.0,0.0,0,1,1.0,0.0,0.0,0,0.0,2.0,0.0,0.125,0.125,0.125,0.25,1.0,0.0,0.0,0.125,0.0,22.22222222222222,0.0,0.16666666666666666,0.0875,166.66666666666666,0.125,0.2857142857142857,0.125,1.0,0.0,0.0,15.0,9.0,8.0,1.0,0.0,0.0,0.0,0.125,0.125,0.0,0,0.0,,1.0,0,1,1.0,0.0,,0.125,-0.006000000000000116
2014,CL,東京ヤクルトスワローズ,91195139,秋吉　亮,R.Akiyoshi,61.0,4.0,3.0,0.0,1.0,0.0,0.0,0.0,1.0,0.0,0.0,0,1.0,0.0,0.0,0,0.0,0.0,0.0,0.333,0.333,0.333,0.666,1.0,0.0,0.0,0.333,0.0,0.0,nan,0.3333333333333333,0.23310000000000003,444.0,0.0,0.5,0.333,1.0,0.0,0.0,61.0,4.0,3.0,1.0,0.0,0.0,0.0,0.333,0.333,0.0,0,0.0,,1.0,0.0,0,1.0,0.0,,0.3333333333333333,0.304
2014,CL,阪神タイガース,91295131,二神　一人,K.Futagami,11.0,1.0,0.0,0.0,0.0,0.0,0.0,0.0,0.0,0.0,0.0,0,1.0,0.0,0.0,0,0.0,0.0,0.0,,,,0.0,0.0,0.0,0.0,,0.0,0.0,nan,nan,0.0,0.0,nan,nan,,0.0,0.0,0.0,11.0,1.0,0.0,0.0,0.0,0.0,0.0,,,0.0,0,0.0,,0.0,0.0,0,1.0,0.0,,nan,0.0
2014,CL,東京ヤクルトスワローズ,91295139,藤井　亮太,R.Fujii,7.0,7.0,6.0,0.0,0.0,0.0,0.0,0.0,0.0,0.0,0,1,0.0,0.0,1.0,0,0.0,3.0,0.0,0.0,0.143,0.0,0.143,0.0,0.0,0.143,0.143,14.285714285714285,42.857142857142854,0.3333333333333333,0.0,0.06434999999999999,143.0,0.3333333333333333,0.3333333333333333,0.0,0.0,0.0,0.0,7.0,7.0,6.0,0.0,0.0,0.0,0.0,0.143,0.0,1.0,0,0.0,,0.0,0,1,0.0,0.0,,0.0,-0.07800000000000007
2014,CL,中日ドラゴンズ,91393886,小田　幸平,K.Oda,17.0,17.0,16.0,1.0,1.0,0.0,0.0,0.0,1.0,0.0,0.0,0,1.0,0.0,0.0,0,0.0,6.0,2.0,0.062,0.062,0.062,0.124,1.0,0.0,0.0,0.062,0.0,35.294117647058826,0.0,0.1,0.0434,82.66666666666667,0.0,0.058823529411764705,0.062,1.0,0.0,0.0,17.0,17.0,16.0,1.0,0.0,0.0,1.0,0.062,0.062,0.0,0,0.0,,1.0,0.0,0,1.0,0.0,,0.0625,-0.97
2014,CL,横浜DeNAベイスターズ,91395115,井手　正太郎,S.Ide,36.0,77.0,73.0,7.0,15.0,3.0,0.0,3.0,27.0,13.0,0.0,0,0.0,1.0,3.0,0,0.0,20.0,2.0,0.205,0.234,0.37,0.604,9.0,0.165,0.029000000000000026,0.399,3.896103896103896,25.97402597402597,0.15,0.23529411764705882,0.1978,357.3333333333333,0.2054794520547945,0.5,0.205,15.0,3.0,13.0,36.0,77.0,73.0,9.0,3.0,0.0,7.0,0.234,0.37,3.0,0,0.0,,27.0,0.0,0,0.0,1.0,,6.394736842105263,6.2860000000000005
2014,CL,東京ヤクルトスワローズ,91395119,押本　健彦,T.Oshimoto,6.0,1.0,0.0,1.0,0.0,0.0,0.0,0.0,0.0,0.0,0.0,0,0.0,0.0,1.0,0,0.0,0.0,0.0,,1.0,,1.0,0.0,0.0,1.0,,100.0,0.0,nan,nan,0.45,1000.0,nan,nan,,0.0,0.0,0.0,6.0,1.0,0.0,0.0,0.0,0.0,1.0,1.0,,1.0,0,0.0,,0.0,0.0,0,0.0,0.0,,0.0,0.33
2014,CL,横浜DeNAベイスターズ,91593888,金城　龍彦,T.Kinjou,90.0,175.0,160.0,9.0,32.0,6.0,0.0,0.0,38.0,11.0,0,1,1.0,0.0,13.0,0,1.0,21.0,3.0,0.2,0.264,0.237,0.501,26.0,0.03699999999999998,0.064,0.301,7.428571428571429,12.0,0.6190476190476191,0.2302158273381295,0.17804999999999999,343.0,0.125,0.40458015267175573,0.2,32.0,0.0,11.0,90.0,175.0,160.0,26.0,6.0,0.0,9.0,0.264,0.237,13.0,0,1.0,,38.0,0,1,1.0,0.0,,9.884393063583815,9.576
2014,CL,広島東洋カープ,91595131,小野　淳平,J.Ono,22.0,1.0,1.0,0.0,0.0,0.0,0.0,0.0,0.0,0.0,0.0,0,0.0,0.0,0.0,0,0.0,0.0,0.0,0.0,0.0,0.0,0.0,0.0,0.0,0.0,0.0,0.0,0.0,nan,0.0,0.0,0.0,0.0,0.0,0.0,0.0,0.0,0.0,22.0,1.0,1.0,0.0,0.0,0.0,0.0,0.0,0.0,0.0,0,0.0,,0.0,0.0,0,0.0,0.0,,0.0,-0.098
2014,CL,横浜DeNAベイスターズ,91695135,飛雄馬,H.Hyuuma（matsui,4.0,8.0,8.0,0.0,0.0,0.0,0.0,0.0,0.0,0.0,0.0,0,0.0,0.0,0.0,0,0.0,3.0,0.0,0.0,0.0,0.0,0.0,0.0,0.0,0.0,0.0,0.0,37.5,0.0,0.0,0.0,0.0,0.0,0.0,0.0,0.0,0.0,0.0,4.0,8.0,8.0,0.0,0.0,0.0,0.0,0.0,0.0,0.0,0,0.0,,0.0,0.0,0,0.0,0.0,,0.0,-0.784
2014,CL,読売ジャイアンツ,91795139,小林　誠司,S.Kobayashi,63.0,121.0,110.0,18.0,28.0,7.0,0.0,2.0,41.0,14.0,0.0,0,3.0,0.0,4.0,0,4.0,26.0,4.0,0.255,0.305,0.373,0.6779999999999999,19.0,0.118,0.04999999999999999,0.423,3.3057851239669422,21.487603305785125,0.15384615384615385,0.3170731707317073,0.2305,429.33333333333337,0.15454545454545454,0.5697674418604651,0.255,28.0,2.0,14.0,63.0,121.0,110.0,19.0,7.0,0.0,18.0,0.305,0.373,4.0,0,4.0,,41.0,0.0,0,3.0,0.0,,11.508771929824562,12.024
2014,CL,東京ヤクルトスワローズ,91895133,山田　哲人,T.Yamada,143.0,685.0,596.0,106.0,193.0,39.0,1.0,29.0,321.0,89.0,15,5,2.0,5.0,74.0,0,8.0,95.0,10.0,0.324,0.403,0.539,0.9420000000000001,124.0,0.21500000000000002,0.07900000000000001,0.6180000000000001,10.802919708029197,13.86861313868613,0.7789473684210526,0.3438155136268344,0.31610000000000005,582.6666666666666,0.34731543624161076,0.9878934624697336,0.324,193.0,29.0,89.0,143.0,685.0,596.0,124.0,39.0,1.0,106.0,0.403,0.539,74.0,0,8.0,,321.0,15,5,2.0,5.0,,127.92089552238807,121.346
2014,CL,阪神タイガース,91995119,筒井　和也,K.Tsutsui,28.0,0.0,0.0,0.0,0.0,0.0,0.0,0.0,0.0,0.0,0.0,0,0.0,0.0,0.0,0,0.0,0.0,0.0,,,,0.0,0.0,0.0,0.0,,nan,nan,nan,nan,0.0,0.0,nan,nan,,0.0,0.0,0.0,28.0,0.0,0.0,0.0,0.0,0.0,0.0,,,0.0,0,0.0,,0.0,0.0,0,0.0,0.0,,nan,0.0
2014,CL,読売ジャイアンツ,91995131,長野　久義,H.Chouno,130.0,523.0,472.0,67.0,140.0,29.0,1.0,13.0,210.0,62.0,8,4,4.0,2.0,42.0,0,3.0,75.0,8.0,0.297,0.356,0.445,0.8009999999999999,97.0,0.14800000000000002,0.059,0.504,8.030592734225621,14.340344168260039,0.56,0.3290155440414508,0.27145,504.3333333333333,0.2457627118644068,0.7617647058823529,0.297,140.0,13.0,62.0,130.0,523.0,472.0,97.0,29.0,1.0,67.0,0.356,0.445,42.0,0,3.0,,210.0,8,4,4.0,2.0,,74.3579766536965,72.174
2014,CL,中日ドラゴンズ,91995139,祖父江　大輔,D.Sobue,54.0,3.0,3.0,0.0,2.0,0.0,0.0,0.0,2.0,0.0,0.0,0,0.0,0.0,0.0,0,0.0,0.0,0.0,0.667,0.667,0.667,1.334,2.0,0.0,0.0,0.667,0.0,0.0,nan,0.6666666666666666,0.46690000000000004,889.3333333333334,0.0,2.0,0.667,2.0,0.0,0.0,54.0,3.0,3.0,2.0,0.0,0.0,0.0,0.667,0.667,0.0,0,0.0,,2.0,0.0,0,0.0,0.0,,1.3333333333333333,0.902
2014,CL,阪神タイガース,93195131,R.メッセンジャー,R.Messenger,31.0,70.0,67.0,3.0,7.0,2.0,0.0,0.0,9.0,7.0,0.0,0,1.0,0.0,2.0,0,0.0,37.0,1.0,0.104,0.13,0.134,0.264,5.0,0.030000000000000013,0.02600000000000001,0.16,2.857142857142857,52.85714285714286,0.05405405405405406,0.23333333333333334,0.092,174.66666666666666,0.05970149253731343,0.18032786885245902,0.104,7.0,0.0,7.0,31.0,70.0,67.0,5.0,2.0,0.0,3.0,0.13,0.134,2.0,0,0.0,,9.0,0.0,0,1.0,0.0,,1.173913043478261,-1.2800000000000002
2014,CL,読売ジャイアンツ,93195137,J.ロペス,J.Lopez,134.0,407.0,375.0,43.0,91.0,17.0,0.0,22.0,174.0,57.0,1,0,3.0,5.0,20.0,0,4.0,66.0,15.0,0.243,0.285,0.464,0.749,52.0,0.22100000000000003,0.04199999999999998,0.506,4.914004914004914,16.216216216216218,0.30303030303030304,0.2363013698630137,0.24425000000000002,439.66666666666663,0.27466666666666667,0.6622073578595318,0.243,91.0,22.0,57.0,134.0,407.0,375.0,52.0,17.0,0.0,43.0,0.285,0.464,20.0,0,4.0,,174.0,1,0,3.0,5.0,,48.89620253164557,50.008
2014,CL,横浜DeNAベイスターズ,93395135,J.ソーサ,J.Sosa,27.0,0.0,0.0,0.0,0.0,0.0,0.0,0.0,0.0,0.0,0.0,0,0.0,0.0,0.0,0,0.0,0.0,0.0,,,,0.0,0.0,0.0,0.0,,nan,nan,nan,nan,0.0,0.0,nan,nan,,0.0,0.0,0.0,27.0,0.0,0.0,0.0,0.0,0.0,0.0,,,0.0,0,0.0,,0.0,0.0,0,0.0,0.0,,nan,0.0
