year,league,team,player_id,player_name_ja,player_name_en,G,PA,AB,R,H,2B,3B,HR,TB,RBI,SB,CS,SH,SF,BB,IBB,HBP,SO,GDP,AVG,OBP,SLG,OPS,1B,IsoP,IsoD,IOPS,BB%,K%,BB/K,BABIP,GPA,NOI,SecA,TA,打率,安打,本塁打,打点,試合,打席,打数,単打,二塁打,三塁打,得点,出塁率,長打率,四球,敬遠,死球,三振,塁打,盗塁,盗塁死,犠打,犠飛,併殺打,RC,XR
2010,CL,横浜DeNAベイスターズ,1005114,高崎　健太郎,K.Takasaki,7.0,3.0,3.0,0.0,0.0,0.0,0.0,0.0,0.0,0.0,0.0,0,0.0,0.0,0.0,0,0.0,0.0,0.0,0.0,0.0,0.0,0.0,0.0,0.0,0.0,0.0,0.0,0.0,nan,0.0,0.0,0.0,0.0,0.0,0.0,0.0,0.0,0.0,7.0,3.0,3.0,0.0,0.0,0.0,0.0,0.0,0.0,0.0,0,0.0,,0.0,0.0,0,0.0,0.0,,0.0,-0.29400000000000004
2010,CL,横浜DeNAベイスターズ,11015112,高宮　和也,K.Takamiya,21.0,0.0,0.0,0.0,0.0,0.0,0.0,0.0,0.0,0.0,0.0,0,0.0,0.0,0.0,0,0.0,0.0,0.0,,,,0.0,0.0,0.0,0.0,,nan,nan,nan,nan,0.0,0.0,nan,nan,,0.0,0.0,0.0,21.0,0.0,0.0,0.0,0.0,0.0,0.0,,,0.0,0,0.0,,0.0,0.0,0,0.0,0.0,,nan,0.0
2010,CL,横浜DeNAベイスターズ,11015116,田中　健二朗,K.Tanaka,5.0,8.0,8.0,1.0,0.0,0.0,0.0,0.0,0.0,0.0,0.0,0,0.0,0.0,0.0,0,0.0,5.0,0.0,0.0,0.0,0.0,0.0,0.0,0.0,0.0,0.0,0.0,62.5,0.0,0.0,0.0,0.0,0.0,0.0,0.0,0.0,0.0,0.0,5.0,8.0,8.0,0.0,0.0,0.0,1.0,0.0,0.0,0.0,0,0.0,,0.0,0.0,0,0.0,0.0,,0.0,-0.784
2010,CL,阪神タイガース,1103888,新井　貴浩,T.Arai,144.0,641.0,570.0,96.0,177.0,42.0,0.0,19.0,276.0,112.0,7,2,0.0,8.0,52.0,0,11.0,89.0,19.0,0.311,0.374,0.484,0.858,116.0,0.173,0.063,0.5469999999999999,8.11232449297972,13.884555382215288,0.5842696629213483,0.33617021276595743,0.2893,535.3333333333334,0.26842105263157895,0.8276699029126213,0.311,177.0,19.0,112.0,144.0,641.0,570.0,116.0,42.0,0.0,96.0,0.374,0.484,52.0,0,11.0,,276.0,7,2,0.0,8.0,,101.61414790996784,98.23599999999999
2010,CL,中日ドラゴンズ,1105112,新井　良太,R.Arai,45.0,60.0,59.0,6.0,9.0,0.0,0.0,1.0,12.0,2.0,1,0,0.0,0.0,1.0,0,0.0,14.0,2.0,0.153,0.167,0.203,0.37,8.0,0.05000000000000002,0.014000000000000012,0.217,1.6666666666666667,23.333333333333332,0.07142857142857142,0.18181818181818182,0.1259,234.66666666666669,0.06779661016949153,0.25,0.153,9.0,1.0,2.0,45.0,60.0,59.0,8.0,0.0,0.0,6.0,0.167,0.203,1.0,0,0.0,,12.0,1,0,0.0,0.0,,2.0,0.8699999999999992
2010,CL,広島東洋カープ,1105115,天谷　宗一郎,S.Amaya,123.0,382.0,335.0,46.0,82.0,11.0,2.0,6.0,115.0,35.0,18,10,1.0,3.0,37.0,0,6.0,72.0,3.0,0.245,0.328,0.343,0.671,63.0,0.09800000000000003,0.08300000000000002,0.426,9.68586387434555,18.848167539267017,0.5138888888888888,0.2923076923076923,0.23335,442.33333333333337,0.23880597014925373,0.65625,0.245,82.0,6.0,35.0,123.0,382.0,335.0,63.0,11.0,2.0,46.0,0.328,0.343,37.0,0,6.0,,115.0,18,10,1.0,3.0,,36.78763440860215,41.336
2010,CL,横浜DeNAベイスターズ,1105119,稲田　直人,N.Inada,22.0,24.0,21.0,3.0,6.0,1.0,0.0,0.0,7.0,1.0,0.0,0,1.0,0.0,2.0,0,0.0,3.0,0.0,0.286,0.348,0.333,0.681,5.0,0.04700000000000004,0.062,0.395,8.333333333333332,12.5,0.6666666666666666,0.3333333333333333,0.23985,458.99999999999994,0.14285714285714285,0.6,0.286,6.0,0.0,1.0,22.0,24.0,21.0,5.0,1.0,0.0,3.0,0.348,0.333,2.0,0,0.0,,7.0,0.0,0,1.0,0.0,,2.4347826086956523,2.41
2010,CL,東京ヤクルトスワローズ,1105131,荒木　貴裕,T.Araki,18.0,21.0,20.0,0.0,2.0,0.0,0.0,0.0,2.0,0.0,0.0,0,1.0,0.0,0.0,0,0.0,9.0,0.0,0.1,0.1,0.1,0.2,2.0,0.0,0.0,0.1,0.0,42.857142857142854,0.0,0.18181818181818182,0.07,133.33333333333334,0.0,0.1111111111111111,0.1,2.0,0.0,0.0,18.0,21.0,20.0,2.0,0.0,0.0,0.0,0.1,0.1,0.0,0,0.0,,2.0,0.0,0,1.0,0.0,,0.2,-0.764
2010,CL,広島東洋カープ,11213880,横山　竜士,R.Yokoyama,46.0,0.0,0.0,0.0,0.0,0.0,0.0,0.0,0.0,0.0,0.0,0,0.0,0.0,0.0,0,0.0,0.0,0.0,,,,0.0,0.0,0.0,0.0,,nan,nan,nan,nan,0.0,0.0,nan,nan,,0.0,0.0,0.0,46.0,0.0,0.0,0.0,0.0,0.0,0.0,,,0.0,0,0.0,,0.0,0.0,0,0.0,0.0,,nan,0.0
2010,CL,広島東洋カープ,11213886,林　昌樹,M.Hayashi,26.0,1.0,1.0,0.0,0.0,0.0,0.0,0.0,0.0,0.0,0.0,0,0.0,0.0,0.0,0,0.0,0.0,0.0,0.0,0.0,0.0,0.0,0.0,0.0,0.0,0.0,0.0,0.0,nan,0.0,0.0,0.0,0.0,0.0,0.0,0.0,0.0,0.0,26.0,1.0,1.0,0.0,0.0,0.0,0.0,0.0,0.0,0.0,0,0.0,,0.0,0.0,0,0.0,0.0,,0.0,-0.098
2010,CL,広島東洋カープ,11215112,中谷　翼,T.Nakatani,2.0,5.0,5.0,0.0,1.0,1.0,0.0,0.0,2.0,1.0,0.0,0,0.0,0.0,0.0,0,0.0,1.0,0.0,0.2,0.2,0.4,0.6000000000000001,0.0,0.2,0.0,0.4,0.0,20.0,0.0,0.25,0.19,333.33333333333337,0.2,0.5,0.2,1.0,0.0,1.0,2.0,5.0,5.0,0.0,1.0,0.0,0.0,0.2,0.4,0.0,0,0.0,,2.0,0.0,0,0.0,0.0,,0.4,0.32799999999999996
2010,CL,横浜DeNAベイスターズ,11215115,野中　信吾,S.Nonaka,36.0,7.0,5.0,7.0,0.0,0.0,0.0,0.0,0.0,0.0,7,2,0.0,0.0,2.0,0,0.0,1.0,0.0,0.0,0.286,0.0,0.286,0.0,0.0,0.286,0.286,28.57142857142857,14.285714285714285,2.0,0.0,0.12869999999999998,286.0,0.8,0.8,0.0,0.0,0.0,0.0,36.0,7.0,5.0,0.0,0.0,0.0,7.0,0.286,0.0,2.0,0,0.0,,0.0,7,2,0.0,0.0,,0.0,0.53
2010,CL,広島東洋カープ,11315112,今井　啓介,K.Imai,11.0,10.0,9.0,0.0,1.0,0.0,0.0,0.0,1.0,0.0,0.0,0,1.0,0.0,0.0,0,0.0,4.0,1.0,0.111,0.111,0.111,0.222,1.0,0.0,0.0,0.111,0.0,40.0,0.0,0.2,0.0777,148.0,0.0,0.1111111111111111,0.111,1.0,0.0,0.0,11.0,10.0,9.0,1.0,0.0,0.0,0.0,0.111,0.111,0.0,0,0.0,,1.0,0.0,0,1.0,0.0,,0.1111111111111111,-0.28400000000000003
2010,CL,東京ヤクルトスワローズ,11315115,石川　雅規,M.Ishikawa,29.0,67.0,55.0,3.0,8.0,1.0,0.0,0.0,9.0,5.0,0.0,0,7.0,0.0,5.0,0,0.0,17.0,0.0,0.145,0.217,0.164,0.381,7.0,0.019000000000000017,0.07200000000000001,0.236,7.462686567164178,25.37313432835821,0.29411764705882354,0.21052631578947367,0.13865,271.6666666666667,0.10909090909090909,0.2978723404255319,0.145,8.0,0.0,5.0,29.0,67.0,55.0,7.0,1.0,0.0,3.0,0.217,0.164,5.0,0,0.0,,9.0,0.0,0,7.0,0.0,,1.95,1.2640000000000002
2010,CL,広島東洋カープ,11315131,伊東　昂大,K.Itou,5.0,0.0,0.0,0.0,0.0,0.0,0.0,0.0,0.0,0.0,0.0,0,0.0,0.0,0.0,0,0.0,0.0,0.0,,,,0.0,0.0,0.0,0.0,,nan,nan,nan,nan,0.0,0.0,nan,nan,,0.0,0.0,0.0,5.0,0.0,0.0,0.0,0.0,0.0,0.0,,,0.0,0,0.0,,0.0,0.0,0,0.0,0.0,,nan,0.0
2010,CL,読売ジャイアンツ,11415110,MICHEAL,M.Maikeru（nakamura,37.0,1.0,1.0,0.0,0.0,0.0,0.0,0.0,0.0,0.0,0.0,0,0.0,0.0,0.0,0,0.0,1.0,0.0,0.0,0.0,0.0,0.0,0.0,0.0,0.0,0.0,0.0,100.0,0.0,nan,0.0,0.0,0.0,0.0,0.0,0.0,0.0,0.0,37.0,1.0,1.0,0.0,0.0,0.0,0.0,0.0,0.0,0.0,0,0.0,,0.0,0.0,0,0.0,0.0,,0.0,-0.098
2010,CL,中日ドラゴンズ,11415114,西川　明,A.Nishikawa,3.0,5.0,4.0,1.0,1.0,0.0,0.0,0.0,1.0,0.0,0.0,0,0.0,0.0,1.0,0,0.0,2.0,0.0,0.25,0.4,0.25,0.65,1.0,0.0,0.15000000000000002,0.4,20.0,40.0,0.5,0.5,0.24250000000000002,483.3333333333333,0.25,0.6666666666666666,0.25,1.0,0.0,0.0,3.0,5.0,4.0,1.0,0.0,0.0,1.0,0.4,0.25,1.0,0,0.0,,1.0,0.0,0,0.0,0.0,,0.4,0.536
2010,CL,東京ヤクルトスワローズ,11415115,福川　将和,M.Fukukawa,15.0,17.0,13.0,1.0,3.0,0.0,0.0,0.0,3.0,2.0,0.0,0,0.0,0.0,2.0,0,2.0,6.0,0.0,0.231,0.412,0.231,0.643,3.0,0.0,0.18099999999999997,0.412,11.76470588235294,35.294117647058826,0.3333333333333333,0.42857142857142855,0.24314999999999998,489.0,0.15384615384615385,0.7,0.231,3.0,0.0,2.0,15.0,17.0,13.0,3.0,0.0,0.0,1.0,0.412,0.231,2.0,0,2.0,,3.0,0.0,0,0.0,0.0,,1.0,1.8400000000000003
2010,CL,中日ドラゴンズ,11515110,雄太,Y.Yuudai（kawai,6.0,8.0,8.0,0.0,0.0,0.0,0.0,0.0,0.0,0.0,0.0,0,0.0,0.0,0.0,0,0.0,5.0,0.0,0.0,0.0,0.0,0.0,0.0,0.0,0.0,0.0,0.0,62.5,0.0,0.0,0.0,0.0,0.0,0.0,0.0,0.0,0.0,0.0,6.0,8.0,8.0,0.0,0.0,0.0,0.0,0.0,0.0,0.0,0,0.0,,0.0,0.0,0,0.0,0.0,,0.0,-0.784
2010,CL,中日ドラゴンズ,11515112,小山　桂司,K.Oyama,35.0,76.0,65.0,5.0,14.0,3.0,0.0,0.0,17.0,4.0,0.0,0,3.0,3.0,5.0,0,0.0,20.0,3.0,0.215,0.26,0.262,0.522,11.0,0.047000000000000014,0.04500000000000001,0.307,6.578947368421052,26.31578947368421,0.25,0.2916666666666667,0.1825,347.3333333333333,0.12307692307692308,0.4074074074074074,0.215,14.0,0.0,4.0,35.0,76.0,65.0,11.0,3.0,0.0,5.0,0.26,0.262,5.0,0,0.0,,17.0,0.0,0,3.0,3.0,,4.614285714285714,4.312
2010,CL,広島東洋カープ,11515115,大竹　寛,K.Ootake,3.0,2.0,0.0,1.0,0.0,0.0,0.0,0.0,0.0,2.0,0.0,0,1.0,0.0,1.0,0,0.0,0.0,0.0,,1.0,,1.0,0.0,0.0,1.0,,50.0,0.0,nan,nan,0.45,1000.0,nan,nan,,0.0,0.0,2.0,3.0,2.0,0.0,0.0,0.0,0.0,1.0,1.0,,1.0,0,0.0,,0.0,0.0,0,1.0,0.0,,0.0,0.33
2010,CL,東京ヤクルトスワローズ,11515119,川島　亮,R.Kawashima,7.0,3.0,3.0,0.0,1.0,0.0,0.0,0.0,1.0,0.0,0.0,0,0.0,0.0,0.0,0,0.0,1.0,0.0,0.333,0.333,0.333,0.666,1.0,0.0,0.0,0.333,0.0,33.33333333333333,0.0,0.5,0.23310000000000003,444.0,0.0,0.5,0.333,1.0,0.0,0.0,7.0,3.0,3.0,1.0,0.0,0.0,0.0,0.333,0.333,0.0,0,0.0,,1.0,0.0,0,0.0,0.0,,0.3333333333333333,0.304
2010,CL,東京ヤクルトスワローズ,11615110,山岸　穣,M.Yamagishi,4.0,2.0,1.0,0.0,0.0,0.0,0.0,0.0,0.0,0.0,0.0,0,1.0,0.0,0.0,0,0.0,1.0,0.0,0.0,0.0,0.0,0.0,0.0,0.0,0.0,0.0,0.0,50.0,0.0,nan,0.0,0.0,0.0,0.0,0.0,0.0,0.0,0.0,4.0,2.0,1.0,0.0,0.0,0.0,0.0,0.0,0.0,0.0,0,0.0,,0.0,0.0,0,1.0,0.0,,0.0,-0.098
2010,CL,東京ヤクルトスワローズ,11615112,松井　光介,K.Matsui,21.0,1.0,1.0,0.0,0.0,0.0,0.0,0.0,0.0,0.0,0.0,0,0.0,0.0,0.0,0,0.0,1.0,0.0,0.0,0.0,0.0,0.0,0.0,0.0,0.0,0.0,0.0,100.0,0.0,nan,0.0,0.0,0.0,0.0,0.0,0.0,0.0,0.0,21.0,1.0,1.0,0.0,0.0,0.0,0.0,0.0,0.0,0.0,0,0.0,,0.0,0.0,0,0.0,0.0,,0.0,-0.098
2010,CL,東京ヤクルトスワローズ,11615117,森岡　良介,R.Morioka,21.0,56.0,43.0,6.0,11.0,3.0,0.0,0.0,14.0,5.0,0.0,0,8.0,0.0,4.0,0,1.0,8.0,0.0,0.256,0.333,0.326,0.659,8.0,0.07,0.07700000000000001,0.403,7.142857142857142,14.285714285714285,0.5,0.3142857142857143,0.23135,441.6666666666667,0.16279069767441862,0.59375,0.256,11.0,0.0,5.0,21.0,56.0,43.0,8.0,3.0,0.0,6.0,0.333,0.326,4.0,0,1.0,,14.0,0.0,0,8.0,0.0,,4.468085106382978,4.674
2010,CL,横浜DeNAベイスターズ,11615118,細山田　武史,T.Hosoyamada,19.0,33.0,32.0,1.0,3.0,1.0,0.0,0.0,4.0,1.0,1,0,0.0,0.0,1.0,0,0.0,6.0,0.0,0.094,0.121,0.125,0.246,2.0,0.031,0.026999999999999996,0.152,3.0303030303030303,18.181818181818183,0.16666666666666666,0.11538461538461539,0.0857,162.66666666666666,0.0625,0.1724137931034483,0.094,3.0,0.0,1.0,19.0,33.0,32.0,2.0,1.0,0.0,1.0,0.121,0.125,1.0,0,0.0,,4.0,1,0,0.0,0.0,,0.48484848484848486,-0.7920000000000003
2010,CL,広島東洋カープ,11715110,小島　心二郎,S.Kojima,4.0,0.0,0.0,0.0,0.0,0.0,0.0,0.0,0.0,0.0,0.0,0,0.0,0.0,0.0,0,0.0,0.0,0.0,,,,0.0,0.0,0.0,0.0,,nan,nan,nan,nan,0.0,0.0,nan,nan,,0.0,0.0,0.0,4.0,0.0,0.0,0.0,0.0,0.0,0.0,,,0.0,0,0.0,,0.0,0.0,0,0.0,0.0,,nan,0.0
2010,CL,広島東洋カープ,11715111,末永　真史,M.Suenaga,21.0,66.0,60.0,5.0,15.0,2.0,1.0,0.0,19.0,2.0,3,1,1.0,0.0,5.0,0,0.0,20.0,1.0,0.25,0.308,0.317,0.625,12.0,0.067,0.057999999999999996,0.375,7.575757575757576,30.303030303030305,0.25,0.375,0.21785,413.6666666666667,0.16666666666666666,0.5434782608695652,0.25,15.0,0.0,2.0,21.0,66.0,60.0,12.0,2.0,1.0,5.0,0.308,0.317,5.0,0,0.0,,19.0,3,1,1.0,0.0,,5.846153846153846,5.9
2010,CL,阪神タイガース,11715113,狩野　恵輔,K.Kanou,32.0,46.0,42.0,7.0,9.0,0.0,0.0,2.0,15.0,5.0,0.0,0,0.0,0.0,3.0,0,1.0,9.0,1.0,0.214,0.283,0.357,0.6399999999999999,7.0,0.143,0.06899999999999998,0.4259999999999999,6.521739130434782,19.565217391304348,0.3333333333333333,0.22580645161290322,0.2166,401.99999999999994,0.21428571428571427,0.5588235294117647,0.214,9.0,2.0,5.0,32.0,46.0,42.0,7.0,0.0,0.0,7.0,0.283,0.357,3.0,0,1.0,,15.0,0.0,0,0.0,0.0,,4.0,4.466
2010,CL,横浜DeNAベイスターズ,11715118,小杉　陽太,Y.Kosugi,8.0,3.0,2.0,0.0,0.0,0.0,0.0,0.0,0.0,0.0,0.0,0,1.0,0.0,0.0,0,0.0,2.0,0.0,0.0,0.0,0.0,0.0,0.0,0.0,0.0,0.0,0.0,66.66666666666666,0.0,nan,0.0,0.0,0.0,0.0,0.0,0.0,0.0,0.0,8.0,3.0,2.0,0.0,0.0,0.0,0.0,0.0,0.0,0.0,0,0.0,,0.0,0.0,0,1.0,0.0,,0.0,-0.196
2010,CL,東京ヤクルトスワローズ,11815116,林　昌勇,C.Imu,53.0,0.0,0.0,0.0,0.0,0.0,0.0,0.0,0.0,0.0,0.0,0,0.0,0.0,0.0,0,0.0,0.0,0.0,,,,0.0,0.0,0.0,0.0,,nan,nan,nan,nan,0.0,0.0,nan,nan,,0.0,0.0,0.0,53.0,0.0,0.0,0.0,0.0,0.0,0.0,,,0.0,0,0.0,,0.0,0.0,0,0.0,0.0,,nan,0.0
2010,CL,広島東洋カープ,11815131,ジオ・アルバラード,G.Alvarado,20.0,39.0,36.0,2.0,3.0,1.0,0.0,0.0,4.0,2.0,0.0,0,3.0,0.0,0.0,0,0.0,15.0,0.0,0.083,0.083,0.111,0.194,2.0,0.027999999999999997,0.0,0.111,0.0,38.46153846153847,0.0,0.14285714285714285,0.0651,120.0,0.027777777777777776,0.12121212121212122,0.083,3.0,0.0,2.0,20.0,39.0,36.0,2.0,1.0,0.0,2.0,0.083,0.111,0.0,0,0.0,,4.0,0.0,0,3.0,0.0,,0.3333333333333333,-1.514
2010,CL,阪神タイガース,11915114,小嶋　達也,T.Kojima,4.0,2.0,2.0,0.0,0.0,0.0,0.0,0.0,0.0,0.0,0.0,0,0.0,0.0,0.0,0,0.0,1.0,0.0,0.0,0.0,0.0,0.0,0.0,0.0,0.0,0.0,0.0,50.0,0.0,0.0,0.0,0.0,0.0,0.0,0.0,0.0,0.0,0.0,4.0,2.0,2.0,0.0,0.0,0.0,0.0,0.0,0.0,0.0,0,0.0,,0.0,0.0,0,0.0,0.0,,0.0,-0.196
2010,CL,広島東洋カープ,11915116,篠田　純平,J.Shinoda,34.0,32.0,28.0,1.0,5.0,1.0,1.0,0.0,8.0,4.0,0.0,0,4.0,0.0,0.0,0,0.0,7.0,0.0,0.179,0.179,0.286,0.46499999999999997,3.0,0.10699999999999998,0.0,0.286,0.0,21.875,0.0,0.23809523809523808,0.15205,274.3333333333333,0.10714285714285714,0.34782608695652173,0.179,5.0,0.0,4.0,34.0,32.0,28.0,3.0,1.0,1.0,1.0,0.179,0.286,0.0,0,0.0,,8.0,0.0,0,4.0,0.0,,1.4285714285714286,1.0059999999999998
2010,CL,中日ドラゴンズ,1205114,堂上　直倫,N.Donoue,82.0,301.0,259.0,23.0,68.0,12.0,1.0,5.0,97.0,30.0,0.0,0,14.0,1.0,25.0,0,2.0,35.0,11.0,0.263,0.331,0.375,0.706,50.0,0.11199999999999999,0.068,0.443,8.305647840531561,11.627906976744185,0.7142857142857143,0.2863636363636364,0.2427,456.0,0.2084942084942085,0.6138613861386139,0.263,68.0,5.0,30.0,82.0,301.0,259.0,50.0,12.0,1.0,23.0,0.331,0.375,25.0,0,2.0,,97.0,0.0,0,14.0,1.0,,31.764084507042252,32.07199999999999
2010,CL,広島東洋カープ,1205117,永川　勝浩,K.Nagakawa,10.0,0.0,0.0,0.0,0.0,0.0,0.0,0.0,0.0,0.0,0.0,0,0.0,0.0,0.0,0,0.0,0.0,0.0,,,,0.0,0.0,0.0,0.0,,nan,nan,nan,nan,0.0,0.0,nan,nan,,0.0,0.0,0.0,10.0,0.0,0.0,0.0,0.0,0.0,0.0,,,0.0,0,0.0,,0.0,0.0,0,0.0,0.0,,nan,0.0
2010,CL,広島東洋カープ,1305114,上野　弘文,H.Ueno,27.0,0.0,0.0,0.0,0.0,0.0,0.0,0.0,0.0,0.0,0.0,0,0.0,0.0,0.0,0,0.0,0.0,0.0,,,,0.0,0.0,0.0,0.0,,nan,nan,nan,nan,0.0,0.0,nan,nan,,0.0,0.0,0.0,27.0,0.0,0.0,0.0,0.0,0.0,0.0,,,0.0,0,0.0,,0.0,0.0,0,0.0,0.0,,nan,0.0
2010,CL,横浜DeNAベイスターズ,1305116,大田　阿斗里,A.Oota,16.0,10.0,9.0,0.0,0.0,0.0,0.0,0.0,0.0,0.0,0.0,0,1.0,0.0,0.0,0,0.0,4.0,0.0,0.0,0.0,0.0,0.0,0.0,0.0,0.0,0.0,0.0,40.0,0.0,0.0,0.0,0.0,0.0,0.0,0.0,0.0,0.0,0.0,16.0,10.0,9.0,0.0,0.0,0.0,0.0,0.0,0.0,0.0,0,0.0,,0.0,0.0,0,1.0,0.0,,0.0,-0.882
2010,CL,阪神タイガース,1305117,江草　仁貴,H.Egusa,21.0,0.0,0.0,0.0,0.0,0.0,0.0,0.0,0.0,0.0,0.0,0,0.0,0.0,0.0,0,0.0,0.0,0.0,,,,0.0,0.0,0.0,0.0,,nan,nan,nan,nan,0.0,0.0,nan,nan,,0.0,0.0,0.0,21.0,0.0,0.0,0.0,0.0,0.0,0.0,,,0.0,0,0.0,,0.0,0.0,0,0.0,0.0,,nan,0.0
2010,CL,阪神タイガース,1305118,上本　博紀,H.Uemoto,28.0,16.0,15.0,11.0,5.0,1.0,0.0,0.0,6.0,2.0,2,1,0.0,0.0,1.0,0,0.0,1.0,1.0,0.333,0.375,0.4,0.775,4.0,0.067,0.04199999999999998,0.442,6.25,6.25,1.0,0.35714285714285715,0.26875000000000004,508.3333333333333,0.2,0.7272727272727273,0.333,5.0,0.0,2.0,28.0,16.0,15.0,4.0,1.0,0.0,11.0,0.375,0.4,1.0,0,0.0,,6.0,2,1,0.0,0.0,,2.25,2.25
2010,CL,中日ドラゴンズ,1305131,大島　洋平,Y.Ooshima,104.0,374.0,314.0,35.0,81.0,10.0,4.0,0.0,99.0,17.0,8,4,27.0,2.0,29.0,0,2.0,52.0,2.0,0.258,0.323,0.315,0.638,67.0,0.056999999999999995,0.065,0.38,7.754010695187167,13.903743315508022,0.5576923076923077,0.3068181818181818,0.22410000000000002,428.0,0.1624203821656051,0.5702127659574469,0.258,81.0,0.0,17.0,104.0,374.0,314.0,67.0,10.0,4.0,35.0,0.323,0.315,29.0,0,2.0,,99.0,8,4,27.0,2.0,,31.749271137026238,32.976
2010,CL,読売ジャイアンツ,13115112,脇谷　亮太,R.Wakiya,132.0,459.0,414.0,65.0,113.0,14.0,8.0,7.0,164.0,43.0,28,5,6.0,1.0,35.0,0,3.0,80.0,5.0,0.273,0.333,0.396,0.7290000000000001,84.0,0.123,0.06,0.456,7.625272331154684,17.429193899782135,0.4375,0.3231707317073171,0.24885000000000002,465.0,0.21980676328502416,0.6764705882352942,0.273,113.0,7.0,43.0,132.0,459.0,414.0,84.0,14.0,8.0,65.0,0.333,0.396,35.0,0,3.0,,164.0,28,5,6.0,1.0,,54.057906458797326,54.42200000000001
2010,CL,東京ヤクルトスワローズ,13115118,J.デントナ,J.D'antona,99.0,333.0,294.0,33.0,72.0,17.0,0.0,15.0,134.0,50.0,0.0,0,0.0,6.0,32.0,0,1.0,99.0,9.0,0.245,0.315,0.456,0.771,40.0,0.21100000000000002,0.07,0.526,9.60960960960961,29.72972972972973,0.32323232323232326,0.3064516129032258,0.25575000000000003,466.99999999999994,0.3197278911564626,0.7229437229437229,0.245,72.0,15.0,50.0,99.0,333.0,294.0,40.0,17.0,0.0,33.0,0.315,0.456,32.0,0,1.0,,134.0,0.0,0,0.0,6.0,,42.74846625766871,42.974000000000004
2010,CL,読売ジャイアンツ,13115131,黄　志龍,T.Fuぁn,3.0,0.0,0.0,0.0,0.0,0.0,0.0,0.0,0.0,0.0,0.0,0,0.0,0.0,0.0,0,0.0,0.0,0.0,,,,0.0,0.0,0.0,0.0,,nan,nan,nan,nan,0.0,0.0,nan,nan,,0.0,0.0,0.0,3.0,0.0,0.0,0.0,0.0,0.0,0.0,,,0.0,0,0.0,,0.0,0.0,0,0.0,0.0,,nan,0.0
2010,CL,阪神タイガース,13515118,鄭　凱文,K.Zen,1.0,0.0,0.0,0.0,0.0,0.0,0.0,0.0,0.0,0.0,0.0,0,0.0,0.0,0.0,0,0.0,0.0,0.0,,,,0.0,0.0,0.0,0.0,,nan,nan,nan,nan,0.0,0.0,nan,nan,,0.0,0.0,0.0,1.0,0.0,0.0,0.0,0.0,0.0,0.0,,,0.0,0,0.0,,0.0,0.0,0,0.0,0.0,,nan,0.0
2010,CL,中日ドラゴンズ,1403862,山本昌,M.Yamamotomasa（yamamoto,8.0,18.0,13.0,0.0,0.0,0.0,0.0,0.0,0.0,0.0,0.0,0,2.0,0.0,3.0,0,0.0,6.0,0.0,0.0,0.188,0.0,0.188,0.0,0.0,0.188,0.188,16.666666666666664,33.33333333333333,0.5,0.0,0.08460000000000001,188.0,0.23076923076923078,0.23076923076923078,0.0,0.0,0.0,0.0,8.0,18.0,13.0,0.0,0.0,0.0,0.0,0.188,0.0,3.0,0,0.0,,0.0,0.0,0,2.0,0.0,,0.0,-0.28400000000000003
2010,CL,中日ドラゴンズ,1503888,英智,H.Hidenori（kuramoto,68.0,147.0,127.0,15.0,28.0,3.0,1.0,1.0,36.0,9.0,8,0,10.0,1.0,6.0,0,3.0,20.0,3.0,0.22,0.27,0.283,0.5529999999999999,23.0,0.06299999999999997,0.05000000000000002,0.3329999999999999,4.081632653061225,13.60544217687075,0.3,0.2523364485981308,0.19225,364.3333333333333,0.11023622047244094,0.4411764705882353,0.22,28.0,1.0,9.0,68.0,147.0,127.0,23.0,3.0,1.0,15.0,0.27,0.283,6.0,0,3.0,,36.0,8,0,10.0,1.0,,9.203007518796992,9.408
2010,CL,東京ヤクルトスワローズ,1505116,加藤　幹典,M.Katou,8.0,3.0,3.0,1.0,1.0,0.0,0.0,0.0,1.0,1.0,0.0,0,0.0,0.0,0.0,0,0.0,2.0,0.0,0.333,0.333,0.333,0.666,1.0,0.0,0.0,0.333,0.0,66.66666666666666,0.0,1.0,0.23310000000000003,444.0,0.0,0.5,0.333,1.0,0.0,1.0,8.0,3.0,3.0,1.0,0.0,0.0,1.0,0.333,0.333,0.0,0,0.0,,1.0,0.0,0,0.0,0.0,,0.3333333333333333,0.304
2010,CL,読売ジャイアンツ,1605114,松本　哲也,T.Matsumoto,94.0,350.0,317.0,49.0,91.0,13.0,2.0,0.0,108.0,22.0,17,4,12.0,0.0,17.0,0,4.0,56.0,4.0,0.287,0.331,0.341,0.672,76.0,0.05400000000000005,0.04400000000000004,0.385,4.857142857142857,16.0,0.30357142857142855,0.3486590038314176,0.23420000000000002,444.6666666666667,0.11987381703470032,0.5782608695652174,0.287,91.0,0.0,22.0,94.0,350.0,317.0,76.0,13.0,2.0,49.0,0.331,0.341,17.0,0,4.0,,108.0,17,4,12.0,0.0,,34.92215568862275,34.94199999999999
2010,CL,横浜DeNAベイスターズ,1605131,J.カスティーヨ,J.Castillo,131.0,496.0,466.0,48.0,127.0,24.0,0.0,19.0,208.0,55.0,3.0,0,1.0,3.0,22.0,0,4.0,71.0,16.0,0.273,0.309,0.446,0.755,84.0,0.173,0.035999999999999976,0.482,4.435483870967742,14.31451612903226,0.30985915492957744,0.2849604221635884,0.25055,457.6666666666667,0.22746781115879827,0.6676056338028169,0.273,127.0,19.0,55.0,131.0,496.0,466.0,84.0,24.0,0.0,48.0,0.309,0.446,22.0,0,4.0,,208.0,3.0,0,1.0,3.0,,63.50819672131148,62.538000000000004
2010,CL,中日ドラゴンズ,1703884,清水　将海,M.Shimizu,1.0,1.0,1.0,0.0,0.0,0.0,0.0,0.0,0.0,0.0,0.0,0,0.0,0.0,0.0,0,0.0,0.0,0.0,0.0,0.0,0.0,0.0,0.0,0.0,0.0,0.0,0.0,0.0,nan,0.0,0.0,0.0,0.0,0.0,0.0,0.0,0.0,0.0,1.0,1.0,1.0,0.0,0.0,0.0,0.0,0.0,0.0,0.0,0,0.0,,0.0,0.0,0,0.0,0.0,,0.0,-0.098
2010,CL,横浜DeNAベイスターズ,1705114,北　篤,A.Kita,8.0,14.0,14.0,0.0,3.0,0.0,0.0,0.0,3.0,0.0,0.0,0,0.0,0.0,0.0,0,0.0,6.0,0.0,0.214,0.214,0.214,0.428,3.0,0.0,0.0,0.214,0.0,42.857142857142854,0.0,0.375,0.1498,285.3333333333333,0.0,0.2727272727272727,0.214,3.0,0.0,0.0,8.0,14.0,14.0,3.0,0.0,0.0,0.0,0.214,0.214,0.0,0,0.0,,3.0,0.0,0,0.0,0.0,,0.6428571428571429,0.42199999999999993
2010,CL,阪神タイガース,1705115,桜井　広大,K.Sakurai,89.0,272.0,243.0,22.0,62.0,7.0,1.0,9.0,98.0,30.0,1,0,0.0,2.0,23.0,0,4.0,50.0,5.0,0.255,0.327,0.403,0.73,45.0,0.14800000000000002,0.07200000000000001,0.475,8.455882352941178,18.38235294117647,0.46,0.2849462365591398,0.2479,461.33333333333337,0.24279835390946503,0.6720430107526881,0.255,62.0,9.0,30.0,89.0,272.0,243.0,45.0,7.0,1.0,22.0,0.327,0.403,23.0,0,4.0,,98.0,1,0,0.0,2.0,,31.31578947368421,32.712
2010,CL,横浜DeNAベイスターズ,1705116,小林　太志,F.Kobayashi,20.0,5.0,5.0,0.0,0.0,0.0,0.0,0.0,0.0,0.0,0.0,0,0.0,0.0,0.0,0,0.0,3.0,0.0,0.0,0.0,0.0,0.0,0.0,0.0,0.0,0.0,0.0,60.0,0.0,0.0,0.0,0.0,0.0,0.0,0.0,0.0,0.0,0.0,20.0,5.0,5.0,0.0,0.0,0.0,0.0,0.0,0.0,0.0,0,0.0,,0.0,0.0,0,0.0,0.0,,0.0,-0.49
2010,CL,広島東洋カープ,1705117,木村　昇吾,S.Kimura,70.0,164.0,136.0,22.0,44.0,10.0,5.0,1.0,67.0,11.0,6,5,16.0,0.0,10.0,0,2.0,33.0,1.0,0.324,0.378,0.493,0.871,28.0,0.16899999999999998,0.05399999999999999,0.5469999999999999,6.097560975609756,20.121951219512198,0.30303030303030304,0.4215686274509804,0.29335,542.3333333333334,0.27941176470588236,0.9032258064516129,0.324,44.0,1.0,11.0,70.0,164.0,136.0,28.0,10.0,5.0,22.0,0.378,0.493,10.0,0,2.0,,67.0,6,5,16.0,0.0,,24.78082191780822,23.684000000000005
2010,CL,東京ヤクルトスワローズ,1805118,李　恵踐,H.I,19.0,1.0,1.0,0.0,0.0,0.0,0.0,0.0,0.0,0.0,0.0,0,0.0,0.0,0.0,0,0.0,1.0,0.0,0.0,0.0,0.0,0.0,0.0,0.0,0.0,0.0,0.0,100.0,0.0,nan,0.0,0.0,0.0,0.0,0.0,0.0,0.0,0.0,19.0,1.0,1.0,0.0,0.0,0.0,0.0,0.0,0.0,0.0,0,0.0,,0.0,0.0,0,0.0,0.0,,0.0,-0.098
2010,CL,広島東洋カープ,1805131,J.ヒューバー,J.Huber,80.0,209.0,177.0,20.0,39.0,7.0,0.0,7.0,67.0,17.0,0.0,0,0.0,0.0,25.0,0,7.0,42.0,6.0,0.22,0.34,0.379,0.7190000000000001,25.0,0.159,0.12000000000000002,0.499,11.961722488038278,20.095693779904305,0.5952380952380952,0.25,0.24775000000000003,466.33333333333337,0.2994350282485876,0.6875,0.22,39.0,7.0,17.0,80.0,209.0,177.0,25.0,7.0,0.0,20.0,0.34,0.379,25.0,0,7.0,,67.0,0.0,0,0.0,0.0,,21.22772277227723,24.656
2010,CL,東京ヤクルトスワローズ,1903886,ユウキ,Y.Yuuki（tanaka,1.0,0.0,0.0,0.0,0.0,0.0,0.0,0.0,0.0,0.0,0.0,0,0.0,0.0,0.0,0,0.0,0.0,0.0,,,,0.0,0.0,0.0,0.0,,nan,nan,nan,nan,0.0,0.0,nan,nan,,0.0,0.0,0.0,1.0,0.0,0.0,0.0,0.0,0.0,0.0,,,0.0,0,0.0,,0.0,0.0,0,0.0,0.0,,nan,0.0
2010,CL,中日ドラゴンズ,1905118,髙島　祥平,S.Takashima,1.0,0.0,0.0,0.0,0.0,0.0,0.0,0.0,0.0,0.0,0.0,0,0.0,0.0,0.0,0,0.0,0.0,0.0,,,,0.0,0.0,0.0,0.0,,nan,nan,nan,nan,0.0,0.0,nan,nan,,0.0,0.0,0.0,1.0,0.0,0.0,0.0,0.0,0.0,0.0,,,0.0,0,0.0,,0.0,0.0,0,0.0,0.0,,nan,0.0
2010,CL,中日ドラゴンズ,1905119,堂上　剛裕,T.Donoue,58.0,104.0,97.0,11.0,24.0,5.0,0.0,2.0,35.0,17.0,0.0,0,2.0,1.0,4.0,0,0.0,18.0,2.0,0.247,0.275,0.361,0.636,17.0,0.11399999999999999,0.028000000000000025,0.389,3.8461538461538463,17.307692307692307,0.2222222222222222,0.28205128205128205,0.21400000000000002,395.33333333333337,0.15463917525773196,0.52,0.247,24.0,2.0,17.0,58.0,104.0,97.0,17.0,5.0,0.0,11.0,0.275,0.361,4.0,0,0.0,,35.0,0.0,0,2.0,1.0,,9.702970297029703,9.146
2010,CL,読売ジャイアンツ,1905131,土本　恭平,K.Tsuchimoto,4.0,0.0,0.0,0.0,0.0,0.0,0.0,0.0,0.0,0.0,0.0,0,0.0,0.0,0.0,0,0.0,0.0,0.0,,,,0.0,0.0,0.0,0.0,,nan,nan,nan,nan,0.0,0.0,nan,nan,,0.0,0.0,0.0,4.0,0.0,0.0,0.0,0.0,0.0,0.0,,,0.0,0,0.0,,0.0,0.0,0,0.0,0.0,,nan,0.0
2010,CL,読売ジャイアンツ,21025116,中井　大介,D.Nakai,6.0,7.0,6.0,1.0,0.0,0.0,0.0,0.0,0.0,0.0,0.0,0,0.0,0.0,0.0,0,1.0,3.0,0.0,0.0,0.143,0.0,0.143,0.0,0.0,0.143,0.143,0.0,42.857142857142854,0.0,0.0,0.06434999999999999,143.0,0.0,0.16666666666666666,0.0,0.0,0.0,0.0,6.0,7.0,6.0,0.0,0.0,0.0,1.0,0.143,0.0,0.0,0,1.0,,0.0,0.0,0,0.0,0.0,,0.0,-0.25800000000000006
2010,CL,読売ジャイアンツ,21125113,阿部　慎之助,S.Abe,140.0,569.0,498.0,85.0,140.0,27.0,2.0,44.0,303.0,92.0,0.0,0,1.0,1.0,58.0,0,11.0,91.0,8.0,0.281,0.368,0.608,0.976,67.0,0.32699999999999996,0.08699999999999997,0.695,10.193321616871705,15.992970123022848,0.6373626373626373,0.26373626373626374,0.3176,570.6666666666666,0.44377510040160645,1.0163934426229508,0.281,140.0,44.0,92.0,140.0,569.0,498.0,67.0,27.0,2.0,85.0,0.368,0.608,58.0,0,11.0,,303.0,0.0,0,1.0,1.0,,107.90287769784173,106.066
2010,CL,阪神タイガース,21125116,石川　俊介,S.Ishikawa,4.0,0.0,0.0,0.0,0.0,0.0,0.0,0.0,0.0,0.0,0.0,0,0.0,0.0,0.0,0,0.0,0.0,0.0,,,,0.0,0.0,0.0,0.0,,nan,nan,nan,nan,0.0,0.0,nan,nan,,0.0,0.0,0.0,4.0,0.0,0.0,0.0,0.0,0.0,0.0,,,0.0,0,0.0,,0.0,0.0,0,0.0,0.0,,nan,0.0
2010,CL,中日ドラゴンズ,21125118,伊藤　準規,J.Itou,3.0,3.0,3.0,0.0,0.0,0.0,0.0,0.0,0.0,0.0,0.0,0,0.0,0.0,0.0,0,0.0,1.0,0.0,0.0,0.0,0.0,0.0,0.0,0.0,0.0,0.0,0.0,33.33333333333333,0.0,0.0,0.0,0.0,0.0,0.0,0.0,0.0,0.0,0.0,3.0,3.0,3.0,0.0,0.0,0.0,0.0,0.0,0.0,0.0,0,0.0,,0.0,0.0,0,0.0,0.0,,0.0,-0.29400000000000004
2010,CL,中日ドラゴンズ,21223884,森野　将彦,M.Morino,144.0,626.0,547.0,85.0,179.0,45.0,2.0,22.0,294.0,84.0,2,3,2.0,7.0,64.0,0,6.0,77.0,16.0,0.327,0.399,0.537,0.936,110.0,0.21000000000000002,0.07200000000000001,0.609,10.223642172523961,12.300319488817891,0.8311688311688312,0.34505494505494505,0.3138,578.0000000000001,0.3327239488117002,0.9557291666666666,0.327,179.0,22.0,84.0,144.0,626.0,547.0,110.0,45.0,2.0,85.0,0.399,0.537,64.0,0,6.0,,294.0,2,3,2.0,7.0,,116.92635024549918,108.73599999999999
2010,CL,読売ジャイアンツ,21223886,古城　茂幸,S.Furuki,67.0,96.0,82.0,10.0,20.0,1.0,0.0,2.0,27.0,7.0,2,1,1.0,0.0,10.0,0,3.0,17.0,3.0,0.244,0.347,0.329,0.6759999999999999,17.0,0.08500000000000002,0.10299999999999998,0.432,10.416666666666668,17.708333333333336,0.5882352941176471,0.2857142857142857,0.2384,456.6666666666667,0.21951219512195122,0.6307692307692307,0.244,20.0,2.0,7.0,67.0,96.0,82.0,17.0,1.0,0.0,10.0,0.347,0.329,10.0,0,3.0,,27.0,2,1,1.0,0.0,,8.804347826086957,10.494
2010,CL,横浜DeNAベイスターズ,21223888,森笠　繁,S.Morikasa,4.0,8.0,8.0,0.0,1.0,0.0,0.0,0.0,1.0,0.0,0.0,0,0.0,0.0,0.0,0,0.0,0.0,0.0,0.125,0.125,0.125,0.25,1.0,0.0,0.0,0.125,0.0,0.0,nan,0.125,0.0875,166.66666666666666,0.0,0.14285714285714285,0.125,1.0,0.0,0.0,4.0,8.0,8.0,1.0,0.0,0.0,0.0,0.125,0.125,0.0,0,0.0,,1.0,0.0,0,0.0,0.0,,0.125,-0.18600000000000005
2010,CL,横浜DeNAベイスターズ,21225110,藤田　一也,K.Fujita,106.0,220.0,201.0,21.0,62.0,8.0,0.0,1.0,73.0,15.0,2.0,2,11.0,0.0,6.0,0,2.0,33.0,2.0,0.308,0.335,0.363,0.698,53.0,0.05499999999999999,0.027000000000000024,0.39,2.727272727272727,15.0,0.18181818181818182,0.3652694610778443,0.24150000000000002,456.0,0.0945273631840796,0.5886524822695035,0.308,62.0,1.0,15.0,106.0,220.0,201.0,53.0,8.0,0.0,21.0,0.335,0.363,6.0,0,2.0,,73.0,2.0,2,11.0,0.0,,23.980676328502415,23.077999999999996
2010,CL,東京ヤクルトスワローズ,21225113,藤本　敦士,A.Fujimoto,65.0,209.0,187.0,20.0,43.0,9.0,1.0,2.0,60.0,18.0,1,0,6.0,3.0,11.0,0,2.0,27.0,2.0,0.23,0.276,0.321,0.597,31.0,0.091,0.04600000000000001,0.367,5.263157894736842,12.918660287081341,0.4074074074074074,0.2546583850931677,0.20445000000000002,383.0,0.1497326203208556,0.5,0.23,43.0,2.0,18.0,65.0,209.0,187.0,31.0,9.0,1.0,20.0,0.276,0.321,11.0,0,2.0,,60.0,1,0,6.0,3.0,,16.363636363636363,16.077999999999996
2010,CL,中日ドラゴンズ,21225115,久本　祐一,Y.Hisamoto,6.0,0.0,0.0,0.0,0.0,0.0,0.0,0.0,0.0,0.0,0.0,0,0.0,0.0,0.0,0,0.0,0.0,0.0,,,,0.0,0.0,0.0,0.0,,nan,nan,nan,nan,0.0,0.0,nan,nan,,0.0,0.0,0.0,6.0,0.0,0.0,0.0,0.0,0.0,0.0,,,0.0,0,0.0,,0.0,0.0,0,0.0,0.0,,nan,0.0
2010,CL,阪神タイガース,21225118,西村　憲,K.Nishimura,66.0,1.0,1.0,0.0,0.0,0.0,0.0,0.0,0.0,0.0,0.0,0,0.0,0.0,0.0,0,0.0,0.0,0.0,0.0,0.0,0.0,0.0,0.0,0.0,0.0,0.0,0.0,0.0,nan,0.0,0.0,0.0,0.0,0.0,0.0,0.0,0.0,0.0,66.0,1.0,1.0,0.0,0.0,0.0,0.0,0.0,0.0,0.0,0,0.0,,0.0,0.0,0,0.0,0.0,,0.0,-0.098
2010,CL,読売ジャイアンツ,21225131,星野　真澄,M.Hoshino,34.0,2.0,1.0,0.0,0.0,0.0,0.0,0.0,0.0,0.0,0.0,0,1.0,0.0,0.0,0,0.0,1.0,0.0,0.0,0.0,0.0,0.0,0.0,0.0,0.0,0.0,0.0,50.0,0.0,nan,0.0,0.0,0.0,0.0,0.0,0.0,0.0,0.0,34.0,2.0,1.0,0.0,0.0,0.0,0.0,0.0,0.0,0.0,0,0.0,,0.0,0.0,0,1.0,0.0,,0.0,-0.098
2010,CL,中日ドラゴンズ,21323880,河原　純一,J.Kawahara,4.0,0.0,0.0,0.0,0.0,0.0,0.0,0.0,0.0,0.0,0.0,0,0.0,0.0,0.0,0,0.0,0.0,0.0,,,,0.0,0.0,0.0,0.0,,nan,nan,nan,nan,0.0,0.0,nan,nan,,0.0,0.0,0.0,4.0,0.0,0.0,0.0,0.0,0.0,0.0,,,0.0,0,0.0,,0.0,0.0,0,0.0,0.0,,nan,0.0
2010,CL,読売ジャイアンツ,21323884,小笠原　道大,M.Ogasawara,137.0,591.0,510.0,83.0,157.0,24.0,1.0,34.0,285.0,90.0,1,0,0.0,5.0,73.0,0,3.0,101.0,9.0,0.308,0.394,0.559,0.9530000000000001,98.0,0.25100000000000006,0.08600000000000002,0.645,12.351945854483926,17.089678510998308,0.7227722772277227,0.3236842105263158,0.31705000000000005,580.3333333333334,0.3941176470588235,0.9972375690607734,0.308,157.0,34.0,90.0,137.0,591.0,510.0,98.0,24.0,1.0,83.0,0.394,0.559,73.0,0,3.0,,285.0,1,0,0.0,5.0,,112.43567753001716,106.76600000000002
2010,CL,読売ジャイアンツ,21323888,加藤　健,K.Katou,4.0,3.0,3.0,1.0,0.0,0.0,0.0,0.0,0.0,0.0,0.0,0,0.0,0.0,0.0,0,0.0,1.0,0.0,0.0,0.0,0.0,0.0,0.0,0.0,0.0,0.0,0.0,33.33333333333333,0.0,0.0,0.0,0.0,0.0,0.0,0.0,0.0,0.0,0.0,4.0,3.0,3.0,0.0,0.0,0.0,1.0,0.0,0.0,0.0,0,0.0,,0.0,0.0,0,0.0,0.0,,0.0,-0.29400000000000004
2010,CL,横浜DeNAベイスターズ,21325113,内川　聖一,S.Uchikawa,144.0,637.0,577.0,75.0,182.0,36.0,4.0,9.0,253.0,66.0,1,2,3.0,4.0,47.0,0,6.0,51.0,17.0,0.315,0.371,0.438,0.8089999999999999,133.0,0.123,0.055999999999999994,0.494,7.378335949764521,8.006279434850864,0.9215686274509803,0.33205374280230326,0.27645000000000003,517.0,0.20797227036395147,0.7475728155339806,0.315,182.0,9.0,66.0,144.0,637.0,577.0,133.0,36.0,4.0,75.0,0.371,0.438,47.0,0,6.0,,253.0,1,2,3.0,4.0,,92.84775641025641,88.68
2010,CL,広島東洋カープ,21425116,丸　佳浩,Y.Maru,14.0,22.0,19.0,1.0,3.0,0.0,0.0,0.0,3.0,1.0,1,0,0.0,1.0,2.0,0,0.0,7.0,0.0,0.158,0.227,0.158,0.385,3.0,0.0,0.069,0.227,9.090909090909092,31.818181818181817,0.2857142857142857,0.23076923076923078,0.14165,279.6666666666667,0.10526315789473684,0.3125,0.158,3.0,0.0,1.0,14.0,22.0,19.0,3.0,0.0,0.0,1.0,0.227,0.158,2.0,0,0.0,,3.0,1,0,0.0,1.0,,0.7142857142857143,0.5920000000000001
2010,CL,広島東洋カープ,21425117,松本　高明,T.Matsumoto,6.0,8.0,7.0,1.0,0.0,0.0,0.0,0.0,0.0,0.0,1.0,1,0.0,0.0,1.0,0,0.0,0.0,0.0,0.0,0.125,0.0,0.125,0.0,0.0,0.125,0.125,12.5,0.0,nan,0.0,0.05625,125.0,0.2857142857142857,0.2857142857142857,0.0,0.0,0.0,0.0,6.0,8.0,7.0,0.0,0.0,0.0,1.0,0.125,0.0,1.0,0,0.0,,0.0,1.0,1,0.0,0.0,,0.0,-0.17600000000000005
2010,CL,横浜DeNAベイスターズ,21523886,篠原　貴行,T.Shinohara,20.0,0.0,0.0,0.0,0.0,0.0,0.0,0.0,0.0,0.0,0.0,0,0.0,0.0,0.0,0,0.0,0.0,0.0,,,,0.0,0.0,0.0,0.0,,nan,nan,nan,nan,0.0,0.0,nan,nan,,0.0,0.0,0.0,20.0,0.0,0.0,0.0,0.0,0.0,0.0,,,0.0,0,0.0,,0.0,0.0,0,0.0,0.0,,nan,0.0
2010,CL,横浜DeNAベイスターズ,21523887,佐伯　貴弘,T.Saeki,10.0,10.0,9.0,0.0,1.0,0.0,0.0,0.0,1.0,0.0,0.0,0,0.0,0.0,1.0,0,0.0,0.0,0.0,0.111,0.2,0.111,0.311,1.0,0.0,0.08900000000000001,0.2,10.0,0.0,nan,0.1111111111111111,0.11775000000000001,237.00000000000003,0.1111111111111111,0.25,0.111,1.0,0.0,0.0,10.0,10.0,9.0,1.0,0.0,0.0,0.0,0.2,0.111,1.0,0,0.0,,1.0,0.0,0,0.0,0.0,,0.2,0.04600000000000004
2010,CL,中日ドラゴンズ,21523888,小池　正晃,M.Koike,54.0,99.0,84.0,3.0,17.0,2.0,1.0,1.0,24.0,5.0,0,1,6.0,0.0,5.0,0,4.0,20.0,2.0,0.202,0.28,0.286,0.5660000000000001,13.0,0.08399999999999996,0.07800000000000001,0.364,5.05050505050505,20.2020202020202,0.25,0.25396825396825395,0.1975,375.33333333333337,0.15476190476190477,0.4927536231884058,0.202,17.0,1.0,5.0,54.0,99.0,84.0,13.0,2.0,1.0,3.0,0.28,0.286,5.0,0,4.0,,24.0,0,1,6.0,0.0,,5.932584269662922,7.0040000000000004
2010,CL,横浜DeNAベイスターズ,21525113,加藤　康介,K.Katou,49.0,0.0,0.0,0.0,0.0,0.0,0.0,0.0,0.0,0.0,0.0,0,0.0,0.0,0.0,0,0.0,0.0,0.0,,,,0.0,0.0,0.0,0.0,,nan,nan,nan,nan,0.0,0.0,nan,nan,,0.0,0.0,0.0,49.0,0.0,0.0,0.0,0.0,0.0,0.0,,,0.0,0,0.0,,0.0,0.0,0,0.0,0.0,,nan,0.0
2010,CL,横浜DeNAベイスターズ,21525131,加賀　繁,S.Kaga,27.0,46.0,40.0,0.0,3.0,0.0,0.0,0.0,3.0,0.0,0.0,0,5.0,0.0,1.0,0,0.0,17.0,0.0,0.075,0.098,0.075,0.173,3.0,0.0,0.023000000000000007,0.098,2.1739130434782608,36.95652173913043,0.058823529411764705,0.13043478260869565,0.06285,123.0,0.025,0.10810810810810811,0.075,3.0,0.0,0.0,27.0,46.0,40.0,3.0,0.0,0.0,0.0,0.098,0.075,1.0,0,0.0,,3.0,0.0,0,5.0,0.0,,0.2926829268292683,-1.7960000000000003
2010,CL,読売ジャイアンツ,21625110,M.クルーン,M.Kroon,52.0,1.0,1.0,0.0,0.0,0.0,0.0,0.0,0.0,0.0,0.0,0,0.0,0.0,0.0,0,0.0,1.0,0.0,0.0,0.0,0.0,0.0,0.0,0.0,0.0,0.0,0.0,100.0,0.0,nan,0.0,0.0,0.0,0.0,0.0,0.0,0.0,0.0,52.0,1.0,1.0,0.0,0.0,0.0,0.0,0.0,0.0,0.0,0,0.0,,0.0,0.0,0,0.0,0.0,,0.0,-0.098
2010,CL,東京ヤクルトスワローズ,21625112,村中　恭兵,K.Muranaka,29.0,63.0,54.0,5.0,6.0,1.0,0.0,0.0,7.0,4.0,0.0,0,5.0,0.0,4.0,0,0.0,28.0,1.0,0.111,0.172,0.13,0.302,5.0,0.019000000000000003,0.060999999999999985,0.191,6.349206349206349,44.44444444444444,0.14285714285714285,0.23076923076923078,0.1099,215.33333333333331,0.09259259259259259,0.22448979591836735,0.111,6.0,0.0,4.0,29.0,63.0,54.0,5.0,1.0,0.0,5.0,0.172,0.13,4.0,0,0.0,,7.0,0.0,0,5.0,0.0,,1.206896551724138,-0.1640000000000006
2010,CL,広島東洋カープ,21625115,山本　芳彦,Y.Yamamoto,39.0,46.0,43.0,4.0,11.0,1.0,0.0,0.0,12.0,2.0,0.0,0,1.0,1.0,1.0,0,0.0,15.0,0.0,0.256,0.267,0.279,0.546,10.0,0.02300000000000002,0.01100000000000001,0.29,2.1739130434782608,32.608695652173914,0.06666666666666667,0.3793103448275862,0.1899,360.00000000000006,0.046511627906976744,0.40625,0.256,11.0,0.0,2.0,39.0,46.0,43.0,10.0,1.0,0.0,4.0,0.267,0.279,1.0,0,0.0,,12.0,0.0,0,1.0,1.0,,3.272727272727273,2.9139999999999997
2010,CL,中日ドラゴンズ,21625116,山内　壮馬,S.Yamauchi,6.0,13.0,9.0,0.0,1.0,0.0,0.0,0.0,1.0,3.0,0.0,0,2.0,1.0,1.0,0,0.0,4.0,0.0,0.111,0.182,0.111,0.293,1.0,0.0,0.071,0.182,7.6923076923076925,30.76923076923077,0.25,0.16666666666666666,0.10965,219.0,0.1111111111111111,0.25,0.111,1.0,0.0,3.0,6.0,13.0,9.0,1.0,0.0,0.0,0.0,0.182,0.111,1.0,0,0.0,,1.0,0.0,0,2.0,1.0,,0.2,0.04600000000000004
2010,CL,東京ヤクルトスワローズ,21625117,吉川　昌宏,M.Yoshikawa,9.0,0.0,0.0,0.0,0.0,0.0,0.0,0.0,0.0,0.0,0.0,0,0.0,0.0,0.0,0,0.0,0.0,0.0,,,,0.0,0.0,0.0,0.0,,nan,nan,nan,nan,0.0,0.0,nan,nan,,0.0,0.0,0.0,9.0,0.0,0.0,0.0,0.0,0.0,0.0,,,0.0,0,0.0,,0.0,0.0,0,0.0,0.0,,nan,0.0
2010,CL,中日ドラゴンズ,21625119,チェン・ウェイン,U.（chiぇn,29.0,60.0,50.0,3.0,5.0,1.0,0.0,0.0,6.0,2.0,0.0,0,8.0,0.0,2.0,0,0.0,27.0,1.0,0.1,0.135,0.12,0.255,4.0,0.01999999999999999,0.035,0.155,3.3333333333333335,45.0,0.07407407407407407,0.21739130434782608,0.09075,175.00000000000003,0.06,0.17391304347826086,0.1,5.0,0.0,2.0,29.0,60.0,50.0,4.0,1.0,0.0,3.0,0.135,0.12,2.0,0,0.0,,6.0,0.0,0,8.0,0.0,,0.8076923076923077,-1.0300000000000002
2010,CL,読売ジャイアンツ,21723882,鶴岡　一成,K.Tsuruoka,32.0,43.0,35.0,4.0,8.0,1.0,0.0,0.0,9.0,0.0,0.0,0,3.0,0.0,3.0,0,2.0,8.0,2.0,0.229,0.325,0.257,0.5820000000000001,7.0,0.027999999999999997,0.096,0.353,6.976744186046512,18.6046511627907,0.375,0.2962962962962963,0.21050000000000002,410.6666666666667,0.11428571428571428,0.4827586206896552,0.229,8.0,0.0,0.0,32.0,43.0,35.0,7.0,1.0,0.0,4.0,0.325,0.257,3.0,0,2.0,,9.0,0.0,0,3.0,0.0,,2.6052631578947367,3.224
2010,CL,横浜DeNAベイスターズ,21725112,黒羽根　利規,T.Kurobane,17.0,28.0,27.0,3.0,5.0,1.0,0.0,0.0,6.0,2.0,0.0,0,1.0,0.0,0.0,0,0.0,4.0,0.0,0.185,0.185,0.222,0.40700000000000003,4.0,0.037000000000000005,0.0,0.222,0.0,14.285714285714285,0.0,0.21739130434782608,0.13875,259.0,0.037037037037037035,0.2727272727272727,0.185,5.0,0.0,2.0,17.0,28.0,27.0,4.0,1.0,0.0,3.0,0.185,0.222,0.0,0,0.0,,6.0,0.0,0,1.0,0.0,,1.1111111111111112,0.5639999999999996
2010,CL,東京ヤクルトスワローズ,21725114,衣川　篤史,A.Kinugawa,13.0,24.0,22.0,2.0,5.0,2.0,1.0,1.0,12.0,5.0,0.0,0,0.0,0.0,2.0,0,0.0,3.0,2.0,0.227,0.292,0.545,0.837,1.0,0.31800000000000006,0.06499999999999997,0.6100000000000001,8.333333333333332,12.5,0.6666666666666666,0.2222222222222222,0.26765,473.6666666666667,0.4090909090909091,0.7368421052631579,0.227,5.0,1.0,5.0,13.0,24.0,22.0,1.0,2.0,1.0,2.0,0.292,0.545,2.0,0,0.0,,12.0,0.0,0,0.0,0.0,,3.5,3.4139999999999997
2010,CL,読売ジャイアンツ,21725117,久保　裕也,Y.Kubo,79.0,2.0,2.0,0.0,0.0,0.0,0.0,0.0,0.0,0.0,0.0,0,0.0,0.0,0.0,0,0.0,2.0,0.0,0.0,0.0,0.0,0.0,0.0,0.0,0.0,0.0,0.0,100.0,0.0,nan,0.0,0.0,0.0,0.0,0.0,0.0,0.0,0.0,79.0,2.0,2.0,0.0,0.0,0.0,0.0,0.0,0.0,0.0,0,0.0,,0.0,0.0,0,0.0,0.0,,0.0,-0.196
2010,CL,東京ヤクルトスワローズ,21823888,松元　ユウイチ,Y.Matsumoto,35.0,45.0,41.0,2.0,9.0,2.0,0.0,1.0,14.0,6.0,0.0,0,1.0,0.0,1.0,0,2.0,4.0,4.0,0.22,0.273,0.341,0.6140000000000001,6.0,0.12100000000000002,0.05300000000000002,0.394,2.2222222222222223,8.88888888888889,0.25,0.2222222222222222,0.2081,386.66666666666674,0.14634146341463414,0.4722222222222222,0.22,9.0,1.0,6.0,35.0,45.0,41.0,6.0,2.0,0.0,2.0,0.273,0.341,1.0,0,2.0,,14.0,0.0,0,1.0,0.0,,3.3333333333333335,3.733999999999999
2010,CL,阪神タイガース,21825114,横山　龍之介,R.Yokoyama,2.0,0.0,0.0,0.0,0.0,0.0,0.0,0.0,0.0,0.0,0.0,0,0.0,0.0,0.0,0,0.0,0.0,0.0,,,,0.0,0.0,0.0,0.0,,nan,nan,nan,nan,0.0,0.0,nan,nan,,0.0,0.0,0.0,2.0,0.0,0.0,0.0,0.0,0.0,0.0,,,0.0,0,0.0,,0.0,0.0,0,0.0,0.0,,nan,0.0
2010,CL,広島東洋カープ,21825116,M.シュルツ,M.Schultz,11.0,0.0,0.0,0.0,0.0,0.0,0.0,0.0,0.0,0.0,0.0,0,0.0,0.0,0.0,0,0.0,0.0,0.0,,,,0.0,0.0,0.0,0.0,,nan,nan,nan,nan,0.0,0.0,nan,nan,,0.0,0.0,0.0,11.0,0.0,0.0,0.0,0.0,0.0,0.0,,,0.0,0,0.0,,0.0,0.0,0,0.0,0.0,,nan,0.0
2010,CL,広島東洋カープ,21825131,J.フィオレンティーノ,J.Fiorentino,44.0,151.0,126.0,13.0,31.0,4.0,0.0,2.0,41.0,15.0,2,0,2.0,1.0,19.0,0,3.0,37.0,3.0,0.246,0.356,0.325,0.681,25.0,0.07900000000000001,0.10999999999999999,0.435,12.582781456953644,24.503311258278146,0.5135135135135135,0.32954545454545453,0.24145,464.3333333333333,0.23015873015873015,0.6428571428571429,0.246,31.0,2.0,15.0,44.0,151.0,126.0,25.0,4.0,0.0,13.0,0.356,0.325,19.0,0,3.0,,41.0,2,0,2.0,1.0,,14.137931034482758,16.21
2010,CL,広島東洋カープ,21923888,東出　輝裕,A.Higashide,108.0,492.0,454.0,53.0,121.0,15.0,7.0,1.0,153.0,40.0,10,7,10.0,1.0,26.0,0,1.0,55.0,4.0,0.267,0.307,0.337,0.644,98.0,0.07,0.03999999999999998,0.377,5.284552845528456,11.178861788617885,0.4727272727272727,0.3007518796992481,0.2224,419.3333333333333,0.14317180616740088,0.5548961424332344,0.267,121.0,1.0,40.0,108.0,492.0,454.0,98.0,15.0,7.0,53.0,0.307,0.337,26.0,0,1.0,,153.0,10,7,10.0,1.0,,46.85625,46.056
2010,CL,東京ヤクルトスワローズ,21925110,田中　浩康,H.Tanaka,140.0,637.0,516.0,64.0,155.0,16.0,2.0,4.0,187.0,54.0,4.0,4,45.0,3.0,67.0,0,6.0,48.0,15.0,0.3,0.385,0.362,0.747,133.0,0.062,0.08500000000000002,0.447,10.518053375196232,7.535321821036106,1.3958333333333333,0.3233404710920771,0.26375000000000004,505.6666666666667,0.1996124031007752,0.7021276595744681,0.3,155.0,4.0,54.0,140.0,637.0,516.0,133.0,16.0,2.0,64.0,0.385,0.362,67.0,0,6.0,,187.0,4.0,4,45.0,3.0,,71.20754716981132,75.292
2010,CL,広島東洋カープ,21925112,梵　英心,E.Soyogi,144.0,659.0,562.0,82.0,172.0,34.0,3.0,13.0,251.0,56.0,43,14,36.0,4.0,53.0,0,4.0,80.0,4.0,0.306,0.368,0.447,0.815,122.0,0.14100000000000001,0.062,0.509,8.042488619119878,12.139605462822459,0.6625,0.3361522198731501,0.27735,517.0,0.2597864768683274,0.817258883248731,0.306,172.0,13.0,56.0,144.0,659.0,562.0,122.0,34.0,3.0,82.0,0.368,0.447,53.0,0,4.0,,251.0,43,14,36.0,4.0,,91.82926829268293,90.43
2010,CL,中日ドラゴンズ,21925114,清水　昭信,A.Shimizu,44.0,3.0,3.0,0.0,0.0,0.0,0.0,0.0,0.0,0.0,0.0,0,0.0,0.0,0.0,0,0.0,3.0,0.0,0.0,0.0,0.0,0.0,0.0,0.0,0.0,0.0,0.0,100.0,0.0,nan,0.0,0.0,0.0,0.0,0.0,0.0,0.0,0.0,44.0,3.0,3.0,0.0,0.0,0.0,0.0,0.0,0.0,0.0,0,0.0,,0.0,0.0,0,0.0,0.0,,0.0,-0.29400000000000004
2010,CL,阪神タイガース,21925119,鳥谷　敬,T.Toritani,144.0,651.0,575.0,98.0,173.0,31.0,6.0,19.0,273.0,104.0,13,3,2.0,5.0,66.0,0,3.0,93.0,14.0,0.301,0.373,0.475,0.848,117.0,0.174,0.07200000000000001,0.5469999999999999,10.138248847926267,14.285714285714285,0.7096774193548387,0.32905982905982906,0.28659999999999997,531.3333333333334,0.29391304347826086,0.8293269230769231,0.301,173.0,19.0,104.0,144.0,651.0,575.0,117.0,31.0,6.0,98.0,0.373,0.475,66.0,0,3.0,,273.0,13,3,2.0,5.0,,101.78939157566303,98.33399999999999
2010,CL,中日ドラゴンズ,23125118,T.ブランコ,T.Blanco,134.0,561.0,493.0,71.0,130.0,21.0,0.0,32.0,247.0,86.0,0.0,0,0.0,2.0,57.0,0,9.0,158.0,13.0,0.264,0.349,0.501,0.85,77.0,0.237,0.08499999999999996,0.586,10.16042780748663,28.16399286987522,0.36075949367088606,0.32131147540983607,0.2823,516.0,0.35294117647058826,0.8324468085106383,0.264,130.0,32.0,86.0,134.0,561.0,493.0,77.0,21.0,0.0,71.0,0.349,0.501,57.0,0,9.0,,247.0,0.0,0,0.0,2.0,,83.98,85.90599999999999
2010,CL,読売ジャイアンツ,23525114,W.オビスポ,W.Obispo,14.0,14.0,13.0,1.0,2.0,0.0,0.0,1.0,5.0,1.0,0.0,0,1.0,0.0,0.0,0,0.0,5.0,0.0,0.154,0.154,0.385,0.539,1.0,0.231,0.0,0.385,0.0,35.714285714285715,0.0,0.14285714285714285,0.16555,282.3333333333333,0.23076923076923078,0.45454545454545453,0.154,2.0,1.0,1.0,14.0,14.0,13.0,1.0,0.0,0.0,1.0,0.154,0.385,0.0,0,0.0,,5.0,0.0,0,1.0,0.0,,0.7692307692307693,0.8619999999999999
2010,CL,横浜DeNAベイスターズ,23525118,S.ランドルフ,S.Randolph,16.0,31.0,26.0,0.0,3.0,0.0,0.0,0.0,3.0,1.0,0.0,0,3.0,0.0,2.0,0,0.0,13.0,1.0,0.115,0.179,0.115,0.294,3.0,0.0,0.06399999999999999,0.179,6.451612903225806,41.935483870967744,0.15384615384615385,0.23076923076923078,0.1093,217.33333333333331,0.07692307692307693,0.20833333333333334,0.115,3.0,0.0,1.0,16.0,31.0,26.0,3.0,0.0,0.0,0.0,0.179,0.115,2.0,0,0.0,,3.0,0.0,0,3.0,0.0,,0.5357142857142857,-0.09399999999999986
2010,CL,読売ジャイアンツ,31035110,東野　峻,S.Touno,27.0,45.0,40.0,2.0,5.0,1.0,0.0,0.0,6.0,1.0,0.0,0,4.0,0.0,1.0,0,0.0,22.0,0.0,0.125,0.146,0.15,0.296,4.0,0.024999999999999994,0.02099999999999999,0.1709999999999999,2.2222222222222223,48.888888888888886,0.045454545454545456,0.2777777777777778,0.10319999999999999,195.99999999999997,0.05,0.2,0.125,5.0,0.0,1.0,27.0,45.0,40.0,4.0,1.0,0.0,2.0,0.146,0.15,1.0,0,0.0,,6.0,0.0,0,4.0,0.0,,0.8780487804878049,-0.38000000000000034
2010,CL,東京ヤクルトスワローズ,31035112,武内　晋一,S.Takeuchi,109.0,162.0,142.0,25.0,38.0,9.0,0.0,6.0,65.0,22.0,0.0,0,0.0,0.0,16.0,0,4.0,38.0,1.0,0.268,0.358,0.458,0.8160000000000001,23.0,0.19,0.08999999999999997,0.548,9.876543209876543,23.456790123456788,0.42105263157894735,0.32653061224489793,0.2756,510.66666666666663,0.3028169014084507,0.8095238095238095,0.268,38.0,6.0,22.0,109.0,162.0,142.0,23.0,9.0,0.0,25.0,0.358,0.458,16.0,0,4.0,,65.0,0.0,0,0.0,0.0,,22.21518987341772,23.028
2010,CL,読売ジャイアンツ,31035119,西村　健太朗,K.Nishimura,14.0,26.0,21.0,0.0,1.0,0.0,0.0,0.0,1.0,0.0,0.0,0,5.0,0.0,0.0,0,0.0,12.0,0.0,0.048,0.048,0.048,0.096,1.0,0.0,0.0,0.048,0.0,46.15384615384615,0.0,0.1111111111111111,0.033600000000000005,64.0,0.0,0.05,0.048,1.0,0.0,0.0,14.0,26.0,21.0,1.0,0.0,0.0,0.0,0.048,0.048,0.0,0,0.0,,1.0,0.0,0,5.0,0.0,,0.047619047619047616,-1.46
2010,CL,読売ジャイアンツ,3105114,S.グライシンガー,S.Greisinger,6.0,8.0,8.0,0.0,0.0,0.0,0.0,0.0,0.0,0.0,0.0,0,0.0,0.0,0.0,0,0.0,5.0,0.0,0.0,0.0,0.0,0.0,0.0,0.0,0.0,0.0,0.0,62.5,0.0,0.0,0.0,0.0,0.0,0.0,0.0,0.0,0.0,0.0,6.0,8.0,8.0,0.0,0.0,0.0,0.0,0.0,0.0,0.0,0,0.0,,0.0,0.0,0,0.0,0.0,,0.0,-0.784
2010,CL,広島東洋カープ,31135111,青木　勇人,H.Aoki,7.0,1.0,1.0,0.0,0.0,0.0,0.0,0.0,0.0,0.0,0.0,0,0.0,0.0,0.0,0,0.0,0.0,0.0,0.0,0.0,0.0,0.0,0.0,0.0,0.0,0.0,0.0,0.0,nan,0.0,0.0,0.0,0.0,0.0,0.0,0.0,0.0,0.0,7.0,1.0,1.0,0.0,0.0,0.0,0.0,0.0,0.0,0.0,0,0.0,,0.0,0.0,0,0.0,0.0,,0.0,-0.098
2010,CL,広島東洋カープ,31135112,相澤　寿聡,T.Aizawa,3.0,0.0,0.0,0.0,0.0,0.0,0.0,0.0,0.0,0.0,0.0,0,0.0,0.0,0.0,0,0.0,0.0,0.0,,,,0.0,0.0,0.0,0.0,,nan,nan,nan,nan,0.0,0.0,nan,nan,,0.0,0.0,0.0,3.0,0.0,0.0,0.0,0.0,0.0,0.0,,,0.0,0,0.0,,0.0,0.0,0,0.0,0.0,,nan,0.0
2010,CL,広島東洋カープ,31135114,會澤　翼,T.Aizawa,32.0,56.0,53.0,4.0,9.0,1.0,0.0,1.0,13.0,5.0,0.0,0,1.0,0.0,2.0,0,0.0,16.0,3.0,0.17,0.2,0.245,0.445,7.0,0.07499999999999998,0.03,0.275,3.571428571428571,28.57142857142857,0.125,0.2222222222222222,0.15125,281.6666666666667,0.11320754716981132,0.3191489361702128,0.17,9.0,1.0,5.0,32.0,56.0,53.0,7.0,1.0,0.0,4.0,0.2,0.245,2.0,0,0.0,,13.0,0.0,0,1.0,0.0,,2.6,2.008
2010,CL,読売ジャイアンツ,31135115,朝井　秀樹,H.Asai,10.0,17.0,14.0,0.0,0.0,0.0,0.0,0.0,0.0,0.0,0.0,0,2.0,0.0,1.0,0,0.0,5.0,0.0,0.0,0.067,0.0,0.067,0.0,0.0,0.067,0.067,5.88235294117647,29.411764705882355,0.2,0.0,0.030150000000000003,67.0,0.07142857142857142,0.07142857142857142,0.0,0.0,0.0,0.0,10.0,17.0,14.0,0.0,0.0,0.0,0.0,0.067,0.0,1.0,0,0.0,,0.0,0.0,0,2.0,0.0,,0.0,-1.042
2010,CL,東京ヤクルトスワローズ,31135118,赤川　克紀,K.Akagawa,1.0,2.0,2.0,0.0,0.0,0.0,0.0,0.0,0.0,0.0,0.0,0,0.0,0.0,0.0,0,0.0,1.0,0.0,0.0,0.0,0.0,0.0,0.0,0.0,0.0,0.0,0.0,50.0,0.0,0.0,0.0,0.0,0.0,0.0,0.0,0.0,0.0,0.0,1.0,2.0,2.0,0.0,0.0,0.0,0.0,0.0,0.0,0.0,0,0.0,,0.0,0.0,0,0.0,0.0,,0.0,-0.196
2010,CL,東京ヤクルトスワローズ,31135119,青木　宣親,N.Aoki,144.0,667.0,583.0,92.0,209.0,44.0,1.0,14.0,297.0,63.0,19,4,0.0,3.0,63.0,0,18.0,61.0,10.0,0.358,0.435,0.509,0.944,150.0,0.15100000000000002,0.07700000000000001,0.5860000000000001,9.44527736131934,9.145427286356822,1.0327868852459017,0.3816046966731898,0.323,604.6666666666667,0.2658662092624357,0.9947916666666666,0.358,209.0,14.0,63.0,144.0,667.0,583.0,150.0,44.0,1.0,92.0,0.435,0.509,63.0,0,18.0,,297.0,19,4,0.0,3.0,,125.05263157894737,118.67800000000001
2010,CL,東京ヤクルトスワローズ,31235113,畠山　和洋,K.Hatakeyama,93.0,280.0,243.0,38.0,73.0,17.0,1.0,14.0,134.0,57.0,0.0,0,1.0,3.0,28.0,0,5.0,38.0,7.0,0.3,0.38,0.551,0.931,41.0,0.25100000000000006,0.08000000000000002,0.631,10.0,13.571428571428571,0.7368421052631579,0.30412371134020616,0.30875,563.6666666666666,0.3662551440329218,0.943502824858757,0.3,73.0,14.0,57.0,93.0,280.0,243.0,41.0,17.0,1.0,38.0,0.38,0.551,28.0,0,5.0,,134.0,0.0,0,1.0,3.0,,49.94095940959409,48.17
2010,CL,読売ジャイアンツ,31235114,円谷　英俊,H.Tsuburaya,1.0,0.0,0.0,0.0,0.0,0.0,0.0,0.0,0.0,0.0,0.0,0,0.0,0.0,0.0,0,0.0,0.0,0.0,,,,0.0,0.0,0.0,0.0,,nan,nan,nan,nan,0.0,0.0,nan,nan,,0.0,0.0,0.0,1.0,0.0,0.0,0.0,0.0,0.0,0.0,,,0.0,0,0.0,,0.0,0.0,0,0.0,0.0,,nan,0.0
2010,CL,広島東洋カープ,31235118,中田　廉,R.Nakata,13.0,5.0,4.0,0.0,0.0,0.0,0.0,0.0,0.0,0.0,0.0,0,1.0,0.0,0.0,0,0.0,1.0,0.0,0.0,0.0,0.0,0.0,0.0,0.0,0.0,0.0,0.0,20.0,0.0,0.0,0.0,0.0,0.0,0.0,0.0,0.0,0.0,0.0,13.0,5.0,4.0,0.0,0.0,0.0,0.0,0.0,0.0,0.0,0,0.0,,0.0,0.0,0,1.0,0.0,,0.0,-0.392
2010,CL,横浜DeNAベイスターズ,31235131,福田　岳洋,T.Fukuda,18.0,0.0,0.0,0.0,0.0,0.0,0.0,0.0,0.0,0.0,0.0,0,0.0,0.0,0.0,0,0.0,0.0,0.0,,,,0.0,0.0,0.0,0.0,,nan,nan,nan,nan,0.0,0.0,nan,nan,,0.0,0.0,0.0,18.0,0.0,0.0,0.0,0.0,0.0,0.0,,,0.0,0,0.0,,0.0,0.0,0,0.0,0.0,,nan,0.0
2010,CL,中日ドラゴンズ,31335118,岩﨑　恭平,K.Iwasaki,4.0,6.0,4.0,0.0,0.0,0.0,0.0,0.0,0.0,0.0,0.0,0,1.0,0.0,1.0,0,0.0,2.0,0.0,0.0,0.2,0.0,0.2,0.0,0.0,0.2,0.2,16.666666666666664,33.33333333333333,0.5,0.0,0.09000000000000001,200.0,0.25,0.25,0.0,0.0,0.0,0.0,4.0,6.0,4.0,0.0,0.0,0.0,0.0,0.2,0.0,1.0,0,0.0,,0.0,0.0,0,1.0,0.0,,0.0,-0.062
2010,CL,中日ドラゴンズ,31433884,和田　一浩,K.Wada,144.0,602.0,505.0,94.0,171.0,29.0,2.0,37.0,315.0,93.0,5,0,0.0,5.0,92.0,0,0.0,77.0,12.0,0.339,0.437,0.624,1.061,103.0,0.285,0.09799999999999998,0.722,15.282392026578073,12.790697674418606,1.1948051948051948,0.3383838383838384,0.35265,645.0,0.46732673267326735,1.176300578034682,0.339,171.0,37.0,93.0,144.0,602.0,505.0,103.0,29.0,2.0,94.0,0.437,0.624,92.0,0,0.0,,315.0,5,0,0.0,5.0,,138.76884422110552,125.368
2010,CL,阪神タイガース,31433885,桧山　進次郎,S.Hiyama,72.0,71.0,67.0,4.0,17.0,3.0,1.0,1.0,25.0,12.0,0.0,0,0.0,0.0,3.0,0,1.0,18.0,0.0,0.254,0.296,0.373,0.669,12.0,0.119,0.04199999999999998,0.415,4.225352112676056,25.352112676056336,0.16666666666666666,0.3333333333333333,0.22644999999999998,420.3333333333333,0.16417910447761194,0.58,0.254,17.0,1.0,12.0,72.0,71.0,67.0,12.0,3.0,1.0,4.0,0.296,0.373,3.0,0,1.0,,25.0,0.0,0,0.0,0.0,,7.142857142857143,7.059999999999999
2010,CL,読売ジャイアンツ,31435112,福田　聡志,S.Fukuda,18.0,10.0,10.0,1.0,2.0,0.0,0.0,0.0,2.0,0.0,0.0,0,0.0,0.0,0.0,0,0.0,1.0,0.0,0.2,0.2,0.2,0.4,2.0,0.0,0.0,0.2,0.0,10.0,0.0,0.2222222222222222,0.14,266.6666666666667,0.0,0.25,0.2,2.0,0.0,0.0,18.0,10.0,10.0,2.0,0.0,0.0,1.0,0.2,0.2,0.0,0,0.0,,2.0,0.0,0,0.0,0.0,,0.4,0.21599999999999997
2010,CL,中日ドラゴンズ,31435118,野本　圭,K.Nomoto,118.0,277.0,238.0,17.0,52.0,7.0,2.0,4.0,75.0,27.0,0,1,9.0,3.0,26.0,0,1.0,53.0,3.0,0.218,0.295,0.315,0.61,39.0,0.097,0.07699999999999999,0.392,9.386281588447654,19.133574007220215,0.49056603773584906,0.2608695652173913,0.21150000000000002,399.99999999999994,0.21008403361344538,0.544973544973545,0.218,52.0,4.0,27.0,118.0,277.0,238.0,39.0,7.0,2.0,17.0,0.295,0.315,26.0,0,1.0,,75.0,0,1,9.0,3.0,,22.15909090909091,23.24199999999999
2010,CL,広島東洋カープ,31533886,倉　義和,Y.Kura,45.0,105.0,89.0,12.0,25.0,3.0,0.0,2.0,34.0,13.0,1,0,4.0,0.0,10.0,0,2.0,20.0,4.0,0.281,0.366,0.382,0.748,20.0,0.10099999999999998,0.08499999999999996,0.4669999999999999,9.523809523809524,19.047619047619047,0.5,0.34328358208955223,0.2602,493.3333333333333,0.21348314606741572,0.6764705882352942,0.281,25.0,2.0,13.0,45.0,105.0,89.0,20.0,3.0,0.0,12.0,0.366,0.382,10.0,0,2.0,,34.0,1,0,4.0,0.0,,12.02020202020202,12.728
2010,CL,東京ヤクルトスワローズ,31535110,川本　良平,R.Kawamoto,42.0,88.0,79.0,9.0,15.0,3.0,0.0,2.0,24.0,9.0,1.0,1,0.0,2.0,6.0,0,1.0,18.0,2.0,0.19,0.25,0.304,0.554,10.0,0.11399999999999999,0.06,0.364,6.8181818181818175,20.454545454545457,0.3333333333333333,0.21311475409836064,0.1885,351.3333333333333,0.20253164556962025,0.48484848484848486,0.19,15.0,2.0,9.0,42.0,88.0,79.0,10.0,3.0,0.0,9.0,0.25,0.304,6.0,0,1.0,,24.0,1.0,1,0.0,2.0,,5.929411764705883,6.257999999999999
2010,CL,広島東洋カープ,31535111,栗原　健太,K.Kurihara,105.0,450.0,386.0,62.0,114.0,22.0,0.0,15.0,181.0,65.0,3.0,3,0.0,6.0,51.0,0,7.0,70.0,10.0,0.295,0.382,0.469,0.851,77.0,0.174,0.08700000000000002,0.556,11.333333333333332,15.555555555555555,0.7285714285714285,0.32247557003257327,0.28915,538.3333333333334,0.3134715025906736,0.8581560283687943,0.295,114.0,15.0,65.0,105.0,450.0,386.0,77.0,22.0,0.0,62.0,0.382,0.469,51.0,0,7.0,,181.0,3.0,3,0.0,6.0,,68.34096109839817,68.964
2010,CL,東京ヤクルトスワローズ,31535116,鬼﨑　裕司,Y.Onizaki,60.0,96.0,87.0,9.0,17.0,3.0,0.0,1.0,23.0,5.0,0,1,3.0,0.0,5.0,0,0.0,25.0,0.0,0.195,0.239,0.264,0.503,13.0,0.069,0.043999999999999984,0.308,5.208333333333334,26.041666666666668,0.2,0.26229508196721313,0.17354999999999998,327.0,0.13793103448275862,0.4142857142857143,0.195,17.0,1.0,5.0,60.0,96.0,87.0,13.0,3.0,0.0,9.0,0.239,0.264,5.0,0,0.0,,23.0,0,1,3.0,0.0,,5.5,5.069999999999999
2010,CL,広島東洋カープ,31633881,前田　智徳,T.Maeda,68.0,86.0,77.0,5.0,17.0,3.0,0.0,2.0,26.0,19.0,0.0,0,0.0,2.0,6.0,0,1.0,19.0,2.0,0.221,0.279,0.338,0.617,12.0,0.11700000000000002,0.058000000000000024,0.396,6.976744186046512,22.093023255813954,0.3157894736842105,0.25862068965517243,0.21005000000000001,391.66666666666674,0.19480519480519481,0.532258064516129,0.221,17.0,2.0,19.0,68.0,86.0,77.0,12.0,3.0,0.0,5.0,0.279,0.338,6.0,0,1.0,,26.0,0.0,0,0.0,2.0,,7.204819277108434,7.47
2010,CL,横浜DeNAベイスターズ,31635113,吉見　祐治,Y.Yoshimi,1.0,0.0,0.0,0.0,0.0,0.0,0.0,0.0,0.0,0.0,0.0,0,0.0,0.0,0.0,0,0.0,0.0,0.0,,,,0.0,0.0,0.0,0.0,,nan,nan,nan,nan,0.0,0.0,nan,nan,,0.0,0.0,0.0,1.0,0.0,0.0,0.0,0.0,0.0,0.0,,,0.0,0,0.0,,0.0,0.0,0,0.0,0.0,,nan,0.0
2010,CL,中日ドラゴンズ,31635114,福田　永将,N.Fukuda,15.0,13.0,12.0,1.0,2.0,0.0,0.0,0.0,2.0,0.0,0.0,0,0.0,0.0,0.0,0,1.0,6.0,0.0,0.167,0.231,0.167,0.398,2.0,0.0,0.064,0.231,0.0,46.15384615384615,0.0,0.3333333333333333,0.1457,286.6666666666667,0.0,0.3,0.167,2.0,0.0,0.0,15.0,13.0,12.0,2.0,0.0,0.0,1.0,0.231,0.167,0.0,0,1.0,,2.0,0.0,0,0.0,0.0,,0.3333333333333333,0.3500000000000001
2010,CL,中日ドラゴンズ,31635115,山井　大介,D.Yamai,20.0,42.0,36.0,2.0,5.0,1.0,0.0,0.0,6.0,3.0,0.0,0,5.0,0.0,1.0,0,0.0,17.0,2.0,0.139,0.162,0.167,0.329,4.0,0.027999999999999997,0.022999999999999993,0.19,2.380952380952381,40.476190476190474,0.058823529411764705,0.2631578947368421,0.11465,217.66666666666669,0.05555555555555555,0.21212121212121213,0.139,5.0,0.0,3.0,20.0,42.0,36.0,4.0,1.0,0.0,2.0,0.162,0.167,1.0,0,0.0,,6.0,0.0,0,5.0,0.0,,0.972972972972973,0.011999999999999567
2010,CL,阪神タイガース,31733880,城島　健司,K.Joujima,144.0,602.0,554.0,76.0,168.0,29.0,0.0,28.0,281.0,91.0,9,5,2.0,3.0,27.0,0,16.0,53.0,22.0,0.303,0.352,0.507,0.859,111.0,0.20400000000000001,0.04899999999999999,0.556,4.485049833887043,8.803986710963455,0.5094339622641509,0.29411764705882354,0.28515,521.0,0.26173285198555957,0.8063725490196079,0.303,168.0,28.0,91.0,144.0,602.0,554.0,111.0,29.0,0.0,76.0,0.352,0.507,27.0,0,16.0,,281.0,9,5,2.0,3.0,,94.31153184165233,93.96199999999999
2010,CL,東京ヤクルトスワローズ,31735112,川端　慎吾,S.Kawabata,59.0,214.0,188.0,22.0,56.0,12.0,1.0,1.0,73.0,21.0,0.0,0,6.0,3.0,16.0,0,1.0,21.0,7.0,0.298,0.351,0.388,0.739,42.0,0.09000000000000002,0.05299999999999999,0.441,7.476635514018691,9.813084112149532,0.7619047619047619,0.3254437869822485,0.25495,480.33333333333326,0.17553191489361702,0.6474820143884892,0.298,56.0,1.0,21.0,59.0,214.0,188.0,42.0,12.0,1.0,22.0,0.351,0.388,16.0,0,1.0,,73.0,0.0,0,6.0,3.0,,25.764705882352942,24.793999999999997
2010,CL,読売ジャイアンツ,31735114,金刃　憲人,N.Kaneto,21.0,0.0,0.0,0.0,0.0,0.0,0.0,0.0,0.0,0.0,0.0,0,0.0,0.0,0.0,0,0.0,0.0,0.0,,,,0.0,0.0,0.0,0.0,,nan,nan,nan,nan,0.0,0.0,nan,nan,,0.0,0.0,0.0,21.0,0.0,0.0,0.0,0.0,0.0,0.0,,,0.0,0,0.0,,0.0,0.0,0,0.0,0.0,,nan,0.0
2010,CL,横浜DeNAベイスターズ,31735116,桑原　謙太朗,K.Kuwahara,18.0,2.0,2.0,0.0,0.0,0.0,0.0,0.0,0.0,0.0,0.0,0,0.0,0.0,0.0,0,0.0,1.0,0.0,0.0,0.0,0.0,0.0,0.0,0.0,0.0,0.0,0.0,50.0,0.0,0.0,0.0,0.0,0.0,0.0,0.0,0.0,0.0,0.0,18.0,2.0,2.0,0.0,0.0,0.0,0.0,0.0,0.0,0.0,0,0.0,,0.0,0.0,0,0.0,0.0,,0.0,-0.196
2010,CL,中日ドラゴンズ,31835131,セサル,D.Cesar,51.0,194.0,186.0,16.0,40.0,7.0,0.0,1.0,50.0,10.0,2,4,1.0,0.0,7.0,0,0.0,45.0,8.0,0.215,0.244,0.269,0.513,32.0,0.05400000000000002,0.028999999999999998,0.298,3.608247422680412,23.195876288659793,0.15555555555555556,0.2785714285714286,0.17704999999999999,333.6666666666667,0.11290322580645161,0.3961038961038961,0.215,40.0,1.0,10.0,51.0,194.0,186.0,32.0,7.0,0.0,16.0,0.244,0.269,7.0,0,0.0,,50.0,2,4,1.0,0.0,,12.176165803108809,11.201999999999998
2010,CL,阪神タイガース,31933886,高橋　光信,M.Takahashi,7.0,7.0,7.0,0.0,0.0,0.0,0.0,0.0,0.0,0.0,0.0,0,0.0,0.0,0.0,0,0.0,3.0,0.0,0.0,0.0,0.0,0.0,0.0,0.0,0.0,0.0,0.0,42.857142857142854,0.0,0.0,0.0,0.0,0.0,0.0,0.0,0.0,0.0,0.0,7.0,7.0,7.0,0.0,0.0,0.0,0.0,0.0,0.0,0.0,0,0.0,,0.0,0.0,0,0.0,0.0,,0.0,-0.686
2010,CL,中日ドラゴンズ,31935117,小林　正人,M.Kobayashi,36.0,0.0,0.0,0.0,0.0,0.0,0.0,0.0,0.0,0.0,0.0,0,0.0,0.0,0.0,0,0.0,0.0,0.0,,,,0.0,0.0,0.0,0.0,,nan,nan,nan,nan,0.0,0.0,nan,nan,,0.0,0.0,0.0,36.0,0.0,0.0,0.0,0.0,0.0,0.0,,,0.0,0,0.0,,0.0,0.0,0,0.0,0.0,,nan,0.0
2010,CL,阪神タイガース,33135112,渡辺　亮,R.Watanabe,61.0,1.0,1.0,0.0,0.0,0.0,0.0,0.0,0.0,0.0,0.0,0,0.0,0.0,0.0,0,0.0,1.0,0.0,0.0,0.0,0.0,0.0,0.0,0.0,0.0,0.0,0.0,100.0,0.0,nan,0.0,0.0,0.0,0.0,0.0,0.0,0.0,0.0,61.0,1.0,1.0,0.0,0.0,0.0,0.0,0.0,0.0,0.0,0,0.0,,0.0,0.0,0,0.0,0.0,,0.0,-0.098
2010,CL,中日ドラゴンズ,33335116,M.ネルソン,M.Nelson,15.0,20.0,18.0,1.0,3.0,0.0,0.0,0.0,3.0,1.0,0.0,0,1.0,0.0,1.0,0,0.0,7.0,0.0,0.167,0.211,0.167,0.378,3.0,0.0,0.043999999999999984,0.211,5.0,35.0,0.14285714285714285,0.2727272727272727,0.1367,266.6666666666667,0.05555555555555555,0.26666666666666666,0.167,3.0,0.0,1.0,15.0,20.0,18.0,3.0,0.0,0.0,1.0,0.211,0.167,1.0,0,0.0,,3.0,0.0,0,1.0,0.0,,0.631578947368421,0.3600000000000001
2010,CL,広島東洋カープ,3505118,D.ソリアーノ,D.Soriano,11.0,16.0,14.0,0.0,0.0,0.0,0.0,0.0,0.0,0.0,0.0,0,2.0,0.0,0.0,0,0.0,7.0,2.0,0.0,0.0,0.0,0.0,0.0,0.0,0.0,0.0,0.0,43.75,0.0,0.0,0.0,0.0,0.0,0.0,0.0,0.0,0.0,0.0,11.0,16.0,14.0,0.0,0.0,0.0,0.0,0.0,0.0,0.0,0,0.0,,0.0,0.0,0,2.0,0.0,,0.0,-1.372
2010,CL,横浜DeNAベイスターズ,41043886,新沼　慎二,S.Niinuma,27.0,52.0,49.0,1.0,13.0,1.0,0.0,0.0,14.0,3.0,0.0,0,1.0,0.0,2.0,0,0.0,7.0,2.0,0.265,0.294,0.286,0.58,12.0,0.020999999999999963,0.02899999999999997,0.3149999999999999,3.8461538461538463,13.461538461538462,0.2857142857142857,0.30952380952380953,0.20379999999999998,389.3333333333333,0.061224489795918366,0.42105263157894735,0.265,13.0,0.0,3.0,27.0,52.0,49.0,12.0,1.0,0.0,1.0,0.294,0.286,2.0,0,0.0,,14.0,0.0,0,1.0,0.0,,4.117647058823529,3.852
2010,CL,阪神タイガース,41045112,鶴　直人,N.Tsuru,23.0,18.0,18.0,1.0,1.0,0.0,0.0,0.0,1.0,1.0,0.0,0,0.0,0.0,0.0,0,0.0,10.0,0.0,0.056,0.056,0.056,0.112,1.0,0.0,0.0,0.056,0.0,55.55555555555556,0.0,0.125,0.0392,74.66666666666667,0.0,0.058823529411764705,0.056,1.0,0.0,1.0,23.0,18.0,18.0,1.0,0.0,0.0,1.0,0.056,0.056,0.0,0,0.0,,1.0,0.0,0,0.0,0.0,,0.05555555555555555,-1.1660000000000001
2010,CL,中日ドラゴンズ,41143886,井端　弘和,H.Ibata,53.0,212.0,180.0,18.0,47.0,6.0,0.0,0.0,53.0,16.0,0.0,0,6.0,2.0,21.0,0,3.0,28.0,13.0,0.261,0.345,0.294,0.639,41.0,0.032999999999999974,0.08399999999999996,0.3779999999999999,9.90566037735849,13.20754716981132,0.75,0.3051948051948052,0.22875,442.99999999999994,0.15,0.5273972602739726,0.261,47.0,0.0,16.0,53.0,212.0,180.0,41.0,6.0,0.0,18.0,0.345,0.294,21.0,0,3.0,,53.0,0.0,0,6.0,2.0,,17.930348258706466,19.706000000000003
2010,CL,阪神タイガース,41145115,安藤　優也,Y.Andou,19.0,16.0,14.0,0.0,2.0,0.0,0.0,0.0,2.0,0.0,0.0,0,2.0,0.0,0.0,0,0.0,8.0,0.0,0.143,0.143,0.143,0.286,2.0,0.0,0.0,0.143,0.0,50.0,0.0,0.3333333333333333,0.1001,190.66666666666666,0.0,0.16666666666666666,0.143,2.0,0.0,0.0,19.0,16.0,14.0,2.0,0.0,0.0,0.0,0.143,0.143,0.0,0,0.0,,2.0,0.0,0,2.0,0.0,,0.2857142857142857,-0.17600000000000016
2010,CL,横浜DeNAベイスターズ,41145119,牛田　成樹,S.Ushida,41.0,3.0,3.0,0.0,0.0,0.0,0.0,0.0,0.0,0.0,0.0,0,0.0,0.0,0.0,0,0.0,2.0,1.0,0.0,0.0,0.0,0.0,0.0,0.0,0.0,0.0,0.0,66.66666666666666,0.0,0.0,0.0,0.0,0.0,0.0,0.0,0.0,0.0,0.0,41.0,3.0,3.0,0.0,0.0,0.0,0.0,0.0,0.0,0.0,0,0.0,,0.0,0.0,0,0.0,0.0,,0.0,-0.29400000000000004
2010,CL,東京ヤクルトスワローズ,41245118,新田　玄気,G.Nitta,6.0,6.0,6.0,0.0,2.0,1.0,0.0,0.0,3.0,0.0,0.0,0,0.0,0.0,0.0,0,0.0,1.0,0.0,0.333,0.333,0.5,0.833,1.0,0.16699999999999998,0.0,0.5,0.0,16.666666666666664,0.0,0.4,0.27485000000000004,499.6666666666667,0.16666666666666666,0.75,0.333,2.0,0.0,0.0,6.0,6.0,6.0,1.0,1.0,0.0,0.0,0.333,0.5,0.0,0,0.0,,3.0,0.0,0,0.0,0.0,,1.0,0.828
2010,CL,阪神タイガース,41343883,矢野　燿大,A.Yano,8.0,9.0,9.0,1.0,2.0,0.0,0.0,0.0,2.0,1.0,0.0,0,0.0,0.0,0.0,0,0.0,5.0,0.0,0.222,0.222,0.222,0.444,2.0,0.0,0.0,0.222,0.0,55.55555555555556,0.0,0.5,0.1554,296.0,0.0,0.2857142857142857,0.222,2.0,0.0,1.0,8.0,9.0,9.0,2.0,0.0,0.0,1.0,0.222,0.222,0.0,0,0.0,,2.0,0.0,0,0.0,0.0,,0.4444444444444444,0.31399999999999995
2010,CL,阪神タイガース,41343885,金本　知憲,T.Kanemoto,144.0,396.0,353.0,39.0,85.0,12.0,0.0,16.0,145.0,45.0,1.0,1,0.0,1.0,39.0,0,3.0,90.0,3.0,0.241,0.321,0.411,0.732,57.0,0.16999999999999998,0.08000000000000002,0.491,9.848484848484848,22.727272727272727,0.43333333333333335,0.2782258064516129,0.24719999999999998,457.99999999999994,0.28328611898017,0.6937269372693727,0.241,85.0,16.0,45.0,144.0,396.0,353.0,57.0,12.0,0.0,39.0,0.321,0.411,39.0,0,3.0,,145.0,1.0,1,0.0,1.0,,45.86734693877551,47.95600000000002
2010,CL,横浜DeNAベイスターズ,41345115,江尻　慎太郎,S.Ejiri,54.0,0.0,0.0,0.0,0.0,0.0,0.0,0.0,0.0,0.0,0.0,0,0.0,0.0,0.0,0,0.0,0.0,0.0,,,,0.0,0.0,0.0,0.0,,nan,nan,nan,nan,0.0,0.0,nan,nan,,0.0,0.0,0.0,54.0,0.0,0.0,0.0,0.0,0.0,0.0,,,0.0,0,0.0,,0.0,0.0,0,0.0,0.0,,nan,0.0
2010,CL,横浜DeNAベイスターズ,41345117,大西　宏明,H.Oonishi,36.0,52.0,43.0,3.0,13.0,1.0,0.0,0.0,14.0,2.0,0.0,0,1.0,0.0,8.0,0,0.0,14.0,2.0,0.302,0.412,0.326,0.738,12.0,0.02400000000000002,0.10999999999999999,0.436,15.384615384615385,26.923076923076923,0.5714285714285714,0.4482758620689655,0.26689999999999997,520.6666666666666,0.20930232558139536,0.6875,0.302,13.0,0.0,2.0,36.0,52.0,43.0,12.0,1.0,0.0,3.0,0.412,0.326,8.0,0,0.0,,14.0,0.0,0,1.0,0.0,,5.764705882352941,6.42
2010,CL,読売ジャイアンツ,41345118,大田　泰示,T.Oota,2.0,6.0,6.0,0.0,0.0,0.0,0.0,0.0,0.0,0.0,0.0,0,0.0,0.0,0.0,0,0.0,1.0,0.0,0.0,0.0,0.0,0.0,0.0,0.0,0.0,0.0,0.0,16.666666666666664,0.0,0.0,0.0,0.0,0.0,0.0,0.0,0.0,0.0,0.0,2.0,6.0,6.0,0.0,0.0,0.0,0.0,0.0,0.0,0.0,0,0.0,,0.0,0.0,0,0.0,0.0,,0.0,-0.5880000000000001
2010,CL,東京ヤクルトスワローズ,41443880,相川　亮二,R.Aikawa,120.0,474.0,427.0,44.0,125.0,17.0,2.0,11.0,179.0,65.0,2,0,6.0,7.0,30.0,0,4.0,70.0,8.0,0.293,0.34,0.419,0.759,95.0,0.126,0.04700000000000004,0.466,6.329113924050633,14.767932489451477,0.42857142857142855,0.32294617563739375,0.25775000000000003,479.6666666666667,0.19672131147540983,0.6870967741935484,0.293,125.0,11.0,65.0,120.0,474.0,427.0,95.0,17.0,2.0,44.0,0.34,0.419,30.0,0,4.0,,179.0,2,0,6.0,7.0,,60.711159737417944,59.28399999999999
2010,CL,横浜DeNAベイスターズ,41443885,三浦　大輔,D.Miura,16.0,18.0,13.0,1.0,2.0,1.0,0.0,0.0,3.0,0.0,0.0,0,5.0,0.0,0.0,0,0.0,4.0,0.0,0.154,0.154,0.231,0.385,1.0,0.07700000000000001,0.0,0.231,0.0,22.22222222222222,0.0,0.2222222222222222,0.12705,230.99999999999997,0.07692307692307693,0.2727272727272727,0.154,2.0,0.0,0.0,16.0,18.0,13.0,1.0,1.0,0.0,1.0,0.154,0.231,0.0,0,0.0,,3.0,0.0,0,5.0,0.0,,0.46153846153846156,0.1419999999999999
2010,CL,広島東洋カープ,41445119,J.ベイル,J.Bale,30.0,0.0,0.0,0.0,0.0,0.0,0.0,0.0,0.0,0.0,0.0,0,0.0,0.0,0.0,0,0.0,0.0,0.0,,,,0.0,0.0,0.0,0.0,,nan,nan,nan,nan,0.0,0.0,nan,nan,,0.0,0.0,0.0,30.0,0.0,0.0,0.0,0.0,0.0,0.0,,,0.0,0,0.0,,0.0,0.0,0,0.0,0.0,,nan,0.0
2010,CL,中日ドラゴンズ,41445131,矢地　健人,K.Yachi,1.0,0.0,0.0,0.0,0.0,0.0,0.0,0.0,0.0,0.0,0.0,0,0.0,0.0,0.0,0,0.0,0.0,0.0,,,,0.0,0.0,0.0,0.0,,nan,nan,nan,nan,0.0,0.0,nan,nan,,0.0,0.0,0.0,1.0,0.0,0.0,0.0,0.0,0.0,0.0,,,0.0,0,0.0,,0.0,0.0,0,0.0,0.0,,nan,0.0
2010,CL,読売ジャイアンツ,41545110,工藤　隆人,T.Kudou,40.0,30.0,26.0,3.0,6.0,0.0,0.0,0.0,6.0,2.0,0.0,0,0.0,0.0,0.0,0,4.0,11.0,0.0,0.231,0.333,0.231,0.5640000000000001,6.0,0.0,0.10200000000000001,0.333,0.0,36.666666666666664,0.0,0.4,0.2076,410.00000000000006,0.0,0.5,0.231,6.0,0.0,2.0,40.0,30.0,26.0,6.0,0.0,0.0,3.0,0.333,0.231,0.0,0,4.0,,6.0,0.0,0,0.0,0.0,,1.3846153846153846,2.3600000000000003
2010,CL,横浜DeNAベイスターズ,41545111,清水　直行,N.Shimizu,26.0,55.0,48.0,1.0,4.0,1.0,0.0,0.0,5.0,4.0,0.0,0,5.0,1.0,1.0,0,0.0,10.0,1.0,0.083,0.1,0.104,0.20400000000000001,3.0,0.02099999999999999,0.017,0.121,1.8181818181818181,18.181818181818183,0.1,0.10256410256410256,0.07100000000000001,134.66666666666666,0.041666666666666664,0.13333333333333333,0.083,4.0,0.0,4.0,26.0,55.0,48.0,3.0,1.0,0.0,1.0,0.1,0.104,1.0,0,0.0,,5.0,0.0,0,5.0,1.0,,0.5102040816326531,-1.7620000000000005
2010,CL,阪神タイガース,41545119,小宮山　慎二,S.Komiyama,10.0,5.0,4.0,0.0,1.0,1.0,0.0,0.0,2.0,2.0,0.0,0,0.0,0.0,1.0,0,0.0,1.0,1.0,0.25,0.4,0.5,0.9,0.0,0.25,0.15000000000000002,0.65,20.0,20.0,1.0,0.3333333333333333,0.30500000000000005,566.6666666666666,0.5,0.75,0.25,1.0,0.0,2.0,10.0,5.0,4.0,0.0,1.0,0.0,0.0,0.4,0.5,1.0,0,0.0,,2.0,0.0,0,0.0,0.0,,0.8,0.756
2010,CL,横浜DeNAベイスターズ,41745113,坂元　弥太郎,Y.Sakamoto,29.0,1.0,1.0,0.0,0.0,0.0,0.0,0.0,0.0,0.0,0.0,0,0.0,0.0,0.0,0,0.0,0.0,0.0,0.0,0.0,0.0,0.0,0.0,0.0,0.0,0.0,0.0,0.0,nan,0.0,0.0,0.0,0.0,0.0,0.0,0.0,0.0,0.0,29.0,1.0,1.0,0.0,0.0,0.0,0.0,0.0,0.0,0.0,0,0.0,,0.0,0.0,0,0.0,0.0,,0.0,-0.098
2010,CL,中日ドラゴンズ,41845112,吉見　一起,K.Yoshimi,25.0,49.0,44.0,0.0,1.0,0.0,0.0,0.0,1.0,0.0,0.0,0,5.0,0.0,0.0,0,0.0,19.0,1.0,0.023,0.023,0.023,0.046,1.0,0.0,0.0,0.023,0.0,38.775510204081634,0.0,0.04,0.0161,30.666666666666664,0.0,0.022727272727272728,0.023,1.0,0.0,0.0,25.0,49.0,44.0,1.0,0.0,0.0,0.0,0.023,0.023,0.0,0,0.0,,1.0,0.0,0,5.0,0.0,,0.022727272727272728,-3.7140000000000004
2010,CL,横浜DeNAベイスターズ,41845131,C.ブーチェック,C.Bootcheck,15.0,5.0,4.0,0.0,0.0,0.0,0.0,0.0,0.0,0.0,0.0,0,1.0,0.0,0.0,0,0.0,4.0,0.0,0.0,0.0,0.0,0.0,0.0,0.0,0.0,0.0,0.0,80.0,0.0,nan,0.0,0.0,0.0,0.0,0.0,0.0,0.0,0.0,15.0,5.0,4.0,0.0,0.0,0.0,0.0,0.0,0.0,0.0,0,0.0,,0.0,0.0,0,1.0,0.0,,0.0,-0.392
2010,CL,広島東洋カープ,41943888,広池　浩司,K.Hiroike,3.0,0.0,0.0,0.0,0.0,0.0,0.0,0.0,0.0,0.0,0.0,0,0.0,0.0,0.0,0,0.0,0.0,0.0,,,,0.0,0.0,0.0,0.0,,nan,nan,nan,nan,0.0,0.0,nan,nan,,0.0,0.0,0.0,3.0,0.0,0.0,0.0,0.0,0.0,0.0,,,0.0,0,0.0,,0.0,0.0,0,0.0,0.0,,nan,0.0
2010,CL,東京ヤクルトスワローズ,41943889,福地　寿樹,K.Fukuchi,98.0,225.0,203.0,39.0,50.0,7.0,2.0,1.0,64.0,11.0,23,4,4.0,0.0,10.0,0,8.0,46.0,2.0,0.246,0.308,0.315,0.623,40.0,0.069,0.062,0.377,4.444444444444445,20.444444444444446,0.21739130434782608,0.3141025641025641,0.21735,413.0,0.13793103448275862,0.5548387096774193,0.246,50.0,1.0,11.0,98.0,225.0,203.0,40.0,7.0,2.0,39.0,0.308,0.315,10.0,0,8.0,,64.0,23,4,4.0,0.0,,18.028169014084508,20.226
2010,CL,阪神タイガース,41945114,清水　誉,T.Shimizu,3.0,4.0,4.0,0.0,1.0,0.0,0.0,0.0,1.0,0.0,0.0,0,0.0,0.0,0.0,0,0.0,2.0,0.0,0.25,0.25,0.25,0.5,1.0,0.0,0.0,0.25,0.0,50.0,0.0,0.5,0.175,333.3333333333333,0.0,0.3333333333333333,0.25,1.0,0.0,0.0,3.0,4.0,4.0,1.0,0.0,0.0,0.0,0.25,0.25,0.0,0,0.0,,1.0,0.0,0,0.0,0.0,,0.25,0.20599999999999996
2010,CL,中日ドラゴンズ,41945119,中川　裕貴,H.Nakagawa,13.0,21.0,21.0,2.0,4.0,1.0,0.0,1.0,8.0,2.0,0.0,0,0.0,0.0,0.0,0,0.0,5.0,0.0,0.19,0.19,0.381,0.571,2.0,0.191,0.0,0.381,0.0,23.809523809523807,0.0,0.2,0.18075000000000002,317.0,0.19047619047619047,0.47058823529411764,0.19,4.0,1.0,2.0,13.0,21.0,21.0,2.0,1.0,0.0,2.0,0.19,0.381,0.0,0,0.0,,8.0,0.0,0,0.0,0.0,,1.5238095238095237,1.494
2010,CL,横浜DeNAベイスターズ,41945131,筒香　嘉智,Y.Tsutsugou,3.0,10.0,7.0,1.0,1.0,0.0,0.0,1.0,4.0,1.0,0.0,0,0.0,0.0,2.0,0,1.0,1.0,0.0,0.143,0.4,0.571,0.971,0.0,0.42799999999999994,0.257,0.828,20.0,10.0,2.0,0.0,0.32275,590.3333333333334,0.7142857142857143,1.1666666666666667,0.143,1.0,1.0,1.0,3.0,10.0,7.0,0.0,0.0,0.0,1.0,0.4,0.571,2.0,0,1.0,,4.0,0.0,0,0.0,0.0,,1.3333333333333333,1.8419999999999996
2010,CL,読売ジャイアンツ,43345118,L.ロメロ,L.Romero,6.0,0.0,0.0,0.0,0.0,0.0,0.0,0.0,0.0,0.0,0.0,0,0.0,0.0,0.0,0,0.0,0.0,0.0,,,,0.0,0.0,0.0,0.0,,nan,nan,nan,nan,0.0,0.0,nan,nan,,0.0,0.0,0.0,6.0,0.0,0.0,0.0,0.0,0.0,0.0,,,0.0,0,0.0,,0.0,0.0,0,0.0,0.0,,nan,0.0
2010,CL,広島東洋カープ,43345131,V.チューク,V.Chulk,16.0,0.0,0.0,0.0,0.0,0.0,0.0,0.0,0.0,0.0,0.0,0,0.0,0.0,0.0,0,0.0,0.0,0.0,,,,0.0,0.0,0.0,0.0,,nan,nan,nan,nan,0.0,0.0,nan,nan,,0.0,0.0,0.0,16.0,0.0,0.0,0.0,0.0,0.0,0.0,,,0.0,0,0.0,,0.0,0.0,0,0.0,0.0,,nan,0.0
2010,CL,読売ジャイアンツ,43545112,林　羿豪,I.Rin,2.0,1.0,1.0,0.0,0.0,0.0,0.0,0.0,0.0,0.0,0.0,0,0.0,0.0,0.0,0,0.0,1.0,0.0,0.0,0.0,0.0,0.0,0.0,0.0,0.0,0.0,0.0,100.0,0.0,nan,0.0,0.0,0.0,0.0,0.0,0.0,0.0,0.0,2.0,1.0,1.0,0.0,0.0,0.0,0.0,0.0,0.0,0.0,0,0.0,,0.0,0.0,0,0.0,0.0,,0.0,-0.098
2010,CL,東京ヤクルトスワローズ,51053880,宮本　慎也,S.Miyamoto,129.0,517.0,468.0,42.0,129.0,22.0,2.0,4.0,167.0,39.0,2.0,2,18.0,1.0,27.0,0,3.0,31.0,10.0,0.276,0.319,0.357,0.6759999999999999,101.0,0.08099999999999996,0.04299999999999998,0.3999999999999999,5.222437137330754,5.996131528046422,0.8709677419354839,0.2880184331797235,0.2328,438.0,0.14316239316239315,0.5702005730659025,0.276,129.0,4.0,39.0,129.0,517.0,468.0,101.0,22.0,2.0,42.0,0.319,0.357,27.0,0,3.0,,167.0,2.0,2,18.0,1.0,,52.63030303030303,51.21800000000001
2010,CL,中日ドラゴンズ,51055110,中田　賢一,K.Nakata,19.0,38.0,30.0,1.0,3.0,0.0,0.0,0.0,3.0,2.0,0.0,0,7.0,0.0,0.0,0,1.0,12.0,1.0,0.1,0.129,0.1,0.229,3.0,0.0,0.028999999999999998,0.129,0.0,31.57894736842105,0.0,0.16666666666666666,0.08305000000000001,162.33333333333334,0.0,0.14285714285714285,0.1,3.0,0.0,2.0,19.0,38.0,30.0,3.0,0.0,0.0,1.0,0.129,0.1,0.0,0,1.0,,3.0,0.0,0,7.0,0.0,,0.3,-0.8159999999999998
2010,CL,中日ドラゴンズ,51055116,谷　哲也,T.Tani,3.0,5.0,5.0,0.0,0.0,0.0,0.0,0.0,0.0,0.0,0.0,0,0.0,0.0,0.0,0,0.0,1.0,1.0,0.0,0.0,0.0,0.0,0.0,0.0,0.0,0.0,0.0,20.0,0.0,0.0,0.0,0.0,0.0,0.0,0.0,0.0,0.0,0.0,3.0,5.0,5.0,0.0,0.0,0.0,0.0,0.0,0.0,0.0,0,0.0,,0.0,0.0,0,0.0,0.0,,0.0,-0.49
2010,CL,阪神タイガース,51055117,杉山　直久,N.Sugiyama,7.0,0.0,0.0,0.0,0.0,0.0,0.0,0.0,0.0,0.0,0.0,0,0.0,0.0,0.0,0,0.0,0.0,0.0,,,,0.0,0.0,0.0,0.0,,nan,nan,nan,nan,0.0,0.0,nan,nan,,0.0,0.0,0.0,7.0,0.0,0.0,0.0,0.0,0.0,0.0,,,0.0,0,0.0,,0.0,0.0,0,0.0,0.0,,nan,0.0
2010,CL,東京ヤクルトスワローズ,51055131,中澤　雅人,M.Nakazawa,26.0,34.0,29.0,2.0,5.0,0.0,0.0,0.0,5.0,2.0,0.0,0,3.0,0.0,2.0,0,0.0,9.0,1.0,0.172,0.226,0.172,0.398,5.0,0.0,0.05400000000000002,0.226,5.88235294117647,26.47058823529412,0.2222222222222222,0.25,0.1447,283.3333333333333,0.06896551724137931,0.28,0.172,5.0,0.0,2.0,26.0,34.0,29.0,5.0,0.0,0.0,2.0,0.226,0.172,2.0,0,0.0,,5.0,0.0,0,3.0,0.0,,1.1290322580645162,0.8079999999999998
2010,CL,広島東洋カープ,51155110,赤松　真人,M.Akamatsu,113.0,320.0,291.0,41.0,83.0,12.0,3.0,4.0,113.0,33.0,20,4,14.0,4.0,8.0,0,3.0,48.0,4.0,0.285,0.307,0.388,0.6950000000000001,64.0,0.10300000000000004,0.02200000000000002,0.41,2.5,15.0,0.16666666666666666,0.32510288065843623,0.23515,436.33333333333337,0.14432989690721648,0.6037735849056604,0.285,83.0,4.0,33.0,113.0,320.0,291.0,64.0,12.0,3.0,41.0,0.307,0.388,8.0,0,3.0,,113.0,20,4,14.0,4.0,,34.391304347826086,33.486
2010,CL,中日ドラゴンズ,51155111,朝倉　健太,K.Asakura,9.0,13.0,11.0,0.0,1.0,0.0,0.0,0.0,1.0,1.0,0.0,0,1.0,0.0,1.0,0,0.0,7.0,0.0,0.091,0.167,0.091,0.258,1.0,0.0,0.07600000000000001,0.167,7.6923076923076925,53.84615384615385,0.14285714285714285,0.25,0.09790000000000001,197.33333333333334,0.09090909090909091,0.2,0.091,1.0,0.0,1.0,9.0,13.0,11.0,1.0,0.0,0.0,0.0,0.167,0.091,1.0,0,0.0,,1.0,0.0,0,1.0,0.0,,0.16666666666666666,-0.1499999999999999
2010,CL,広島東洋カープ,51155114,青木　高広,T.Aoki,19.0,16.0,15.0,1.0,0.0,0.0,0.0,0.0,0.0,0.0,0.0,0,1.0,0.0,0.0,0,0.0,5.0,1.0,0.0,0.0,0.0,0.0,0.0,0.0,0.0,0.0,0.0,31.25,0.0,0.0,0.0,0.0,0.0,0.0,0.0,0.0,0.0,0.0,19.0,16.0,15.0,0.0,0.0,0.0,1.0,0.0,0.0,0.0,0,0.0,,0.0,0.0,0,1.0,0.0,,0.0,-1.47
2010,CL,阪神タイガース,51155115,浅井　良,R.Asai,85.0,166.0,148.0,19.0,44.0,8.0,0.0,3.0,61.0,14.0,4,3,4.0,1.0,11.0,0,2.0,42.0,1.0,0.297,0.352,0.412,0.764,33.0,0.11499999999999999,0.05499999999999999,0.4669999999999999,6.626506024096386,25.301204819277107,0.2619047619047619,0.3942307692307692,0.26139999999999997,489.3333333333333,0.20945945945945946,0.7333333333333333,0.297,44.0,3.0,14.0,85.0,166.0,148.0,33.0,8.0,0.0,19.0,0.352,0.412,11.0,0,2.0,,61.0,4,3,4.0,1.0,,21.10062893081761,21.217999999999996
2010,CL,阪神タイガース,51155131,秋山　拓巳,T.Akiyama,7.0,14.0,12.0,2.0,2.0,0.0,0.0,0.0,2.0,1.0,0.0,0,2.0,0.0,0.0,0,0.0,5.0,0.0,0.167,0.167,0.167,0.334,2.0,0.0,0.0,0.167,0.0,35.714285714285715,0.0,0.2857142857142857,0.1169,222.66666666666669,0.0,0.2,0.167,2.0,0.0,1.0,7.0,14.0,12.0,2.0,0.0,0.0,2.0,0.167,0.167,0.0,0,0.0,,2.0,0.0,0,2.0,0.0,,0.3333333333333333,0.020000000000000018
2010,CL,東京ヤクルトスワローズ,51255110,橋本　義隆,Y.Hashimoto,18.0,0.0,0.0,0.0,0.0,0.0,0.0,0.0,0.0,0.0,0.0,0,0.0,0.0,0.0,0,0.0,0.0,0.0,,,,0.0,0.0,0.0,0.0,,nan,nan,nan,nan,0.0,0.0,nan,nan,,0.0,0.0,0.0,18.0,0.0,0.0,0.0,0.0,0.0,0.0,,,0.0,0,0.0,,0.0,0.0,0,0.0,0.0,,nan,0.0
2010,CL,読売ジャイアンツ,51255114,寺内　崇幸,T.Terauchi,31.0,9.0,8.0,3.0,0.0,0.0,0.0,0.0,0.0,0.0,0.0,0,1.0,0.0,0.0,0,0.0,4.0,0.0,0.0,0.0,0.0,0.0,0.0,0.0,0.0,0.0,0.0,44.44444444444444,0.0,0.0,0.0,0.0,0.0,0.0,0.0,0.0,0.0,0.0,31.0,9.0,8.0,0.0,0.0,0.0,3.0,0.0,0.0,0.0,0,0.0,,0.0,0.0,0,1.0,0.0,,0.0,-0.784
2010,CL,東京ヤクルトスワローズ,51255118,中村　悠平,Y.Nakamura,3.0,6.0,6.0,1.0,2.0,1.0,0.0,0.0,3.0,1.0,0.0,0,0.0,0.0,0.0,0,0.0,4.0,0.0,0.333,0.333,0.5,0.833,1.0,0.16699999999999998,0.0,0.5,0.0,66.66666666666666,0.0,1.0,0.27485000000000004,499.6666666666667,0.16666666666666666,0.75,0.333,2.0,0.0,1.0,3.0,6.0,6.0,1.0,1.0,0.0,1.0,0.333,0.5,0.0,0,0.0,,3.0,0.0,0,0.0,0.0,,1.0,0.828
2010,CL,中日ドラゴンズ,51255119,三瀬　幸司,K.Mise,6.0,0.0,0.0,0.0,0.0,0.0,0.0,0.0,0.0,0.0,0.0,0,0.0,0.0,0.0,0,0.0,0.0,0.0,,,,0.0,0.0,0.0,0.0,,nan,nan,nan,nan,0.0,0.0,nan,nan,,0.0,0.0,0.0,6.0,0.0,0.0,0.0,0.0,0.0,0.0,,,0.0,0,0.0,,0.0,0.0,0,0.0,0.0,,nan,0.0
2010,CL,阪神タイガース,51255131,俊介,S.Shunsuke（fujikawa,124.0,183.0,161.0,32.0,41.0,12.0,2.0,1.0,60.0,10.0,5,1,13.0,0.0,9.0,0,0.0,32.0,2.0,0.255,0.294,0.373,0.667,26.0,0.118,0.03899999999999998,0.412,4.918032786885246,17.48633879781421,0.28125,0.3125,0.22555,418.3333333333333,0.18012422360248448,0.5737704918032787,0.255,41.0,1.0,10.0,124.0,183.0,161.0,26.0,12.0,2.0,32.0,0.294,0.373,9.0,0,0.0,,60.0,5,1,13.0,0.0,,17.647058823529413,16.549999999999997
2010,CL,中日ドラゴンズ,51353888,小笠原　孝,T.Ogasawara,6.0,8.0,8.0,0.0,2.0,0.0,0.0,0.0,2.0,1.0,0.0,0,0.0,0.0,0.0,0,0.0,4.0,0.0,0.25,0.25,0.25,0.5,2.0,0.0,0.0,0.25,0.0,50.0,0.0,0.5,0.175,333.3333333333333,0.0,0.3333333333333333,0.25,2.0,0.0,1.0,6.0,8.0,8.0,2.0,0.0,0.0,0.0,0.25,0.25,0.0,0,0.0,,2.0,0.0,0,0.0,0.0,,0.5,0.4119999999999999
2010,CL,阪神タイガース,51355114,上園　啓史,K.Uezono,25.0,11.0,9.0,0.0,1.0,0.0,0.0,0.0,1.0,0.0,0.0,0,2.0,0.0,0.0,0,0.0,4.0,0.0,0.111,0.111,0.111,0.222,1.0,0.0,0.0,0.111,0.0,36.36363636363637,0.0,0.2,0.0777,148.0,0.0,0.125,0.111,1.0,0.0,0.0,25.0,11.0,9.0,1.0,0.0,0.0,0.0,0.111,0.111,0.0,0,0.0,,1.0,0.0,0,2.0,0.0,,0.1111111111111111,-0.28400000000000003
2010,CL,広島東洋カープ,51355115,石原　慶幸,Y.Ishihara,122.0,408.0,369.0,33.0,97.0,19.0,0.0,8.0,140.0,41.0,4.0,4,6.0,1.0,29.0,0,3.0,81.0,10.0,0.263,0.321,0.379,0.7,70.0,0.11599999999999999,0.057999999999999996,0.437,7.107843137254902,19.852941176470587,0.35802469135802467,0.3167259786476868,0.2392,447.33333333333337,0.20596205962059622,0.624113475177305,0.263,97.0,8.0,41.0,122.0,408.0,369.0,70.0,19.0,0.0,33.0,0.321,0.379,29.0,0,3.0,,140.0,4.0,4,6.0,1.0,,44.321608040201006,44.824
2010,CL,中日ドラゴンズ,51355118,岩田　慎司,S.Iwata,5.0,6.0,6.0,0.0,0.0,0.0,0.0,0.0,0.0,0.0,0.0,0,0.0,0.0,0.0,0,0.0,3.0,0.0,0.0,0.0,0.0,0.0,0.0,0.0,0.0,0.0,0.0,50.0,0.0,0.0,0.0,0.0,0.0,0.0,0.0,0.0,0.0,0.0,5.0,6.0,6.0,0.0,0.0,0.0,0.0,0.0,0.0,0.0,0,0.0,,0.0,0.0,0,0.0,0.0,,0.0,-0.5880000000000001
2010,CL,広島東洋カープ,51355131,今村　猛,T.Imamura,2.0,2.0,2.0,0.0,0.0,0.0,0.0,0.0,0.0,0.0,0.0,0,0.0,0.0,0.0,0,0.0,1.0,0.0,0.0,0.0,0.0,0.0,0.0,0.0,0.0,0.0,0.0,50.0,0.0,0.0,0.0,0.0,0.0,0.0,0.0,0.0,0.0,0.0,2.0,2.0,2.0,0.0,0.0,0.0,0.0,0.0,0.0,0.0,0,0.0,,0.0,0.0,0,0.0,0.0,,0.0,-0.196
2010,CL,東京ヤクルトスワローズ,51455110,松岡　健一,K.Matsuoka,73.0,0.0,0.0,0.0,0.0,0.0,0.0,0.0,0.0,0.0,0.0,0,0.0,0.0,0.0,0,0.0,0.0,0.0,,,,0.0,0.0,0.0,0.0,,nan,nan,nan,nan,0.0,0.0,nan,nan,,0.0,0.0,0.0,73.0,0.0,0.0,0.0,0.0,0.0,0.0,,,0.0,0,0.0,,0.0,0.0,0,0.0,0.0,,nan,0.0
2010,CL,中日ドラゴンズ,51455112,藤井　淳志,A.Fujii,63.0,184.0,166.0,17.0,39.0,6.0,3.0,1.0,54.0,8.0,3,1,9.0,1.0,7.0,0,1.0,38.0,1.0,0.235,0.269,0.325,0.5940000000000001,29.0,0.09000000000000002,0.03400000000000003,0.359,3.804347826086957,20.652173913043477,0.18421052631578946,0.296875,0.2023,377.33333333333337,0.13855421686746988,0.4921875,0.235,39.0,1.0,8.0,63.0,184.0,166.0,29.0,6.0,3.0,17.0,0.269,0.325,7.0,0,1.0,,54.0,3,1,9.0,1.0,,14.358381502890174,13.754000000000003
2010,CL,読売ジャイアンツ,51455118,橋本　到,I.Hashimoto,2.0,1.0,1.0,0.0,0.0,0.0,0.0,0.0,0.0,0.0,0.0,0,0.0,0.0,0.0,0,0.0,1.0,0.0,0.0,0.0,0.0,0.0,0.0,0.0,0.0,0.0,0.0,100.0,0.0,nan,0.0,0.0,0.0,0.0,0.0,0.0,0.0,0.0,2.0,1.0,1.0,0.0,0.0,0.0,0.0,0.0,0.0,0.0,0,0.0,,0.0,0.0,0,0.0,0.0,,0.0,-0.098
2010,CL,読売ジャイアンツ,51455119,李　承燁,S.I,56.0,108.0,92.0,13.0,15.0,1.0,0.0,5.0,31.0,11.0,1,0,1.0,0.0,12.0,0,3.0,26.0,0.0,0.163,0.28,0.337,0.617,9.0,0.17400000000000002,0.11700000000000002,0.454,11.11111111111111,24.074074074074073,0.46153846153846156,0.16393442622950818,0.21025000000000005,392.33333333333337,0.30434782608695654,0.5974025974025974,0.163,15.0,5.0,11.0,56.0,108.0,92.0,9.0,1.0,0.0,13.0,0.28,0.337,12.0,0,3.0,,31.0,1,0,1.0,0.0,,8.048076923076923,9.823999999999998
2010,CL,中日ドラゴンズ,51455131,松井　雅人,M.Matsui,13.0,15.0,14.0,0.0,1.0,0.0,0.0,0.0,1.0,0.0,0.0,0,0.0,0.0,1.0,0,0.0,8.0,0.0,0.071,0.133,0.071,0.20400000000000001,1.0,0.0,0.06200000000000001,0.133,6.666666666666667,53.333333333333336,0.125,0.16666666666666666,0.0776,156.66666666666669,0.07142857142857142,0.15384615384615385,0.071,1.0,0.0,0.0,13.0,15.0,14.0,1.0,0.0,0.0,0.0,0.133,0.071,1.0,0,0.0,,1.0,0.0,0,0.0,0.0,,0.13333333333333333,-0.44399999999999995
2010,CL,東京ヤクルトスワローズ,51655110,渡辺　恒樹,K.Watanabe,28.0,0.0,0.0,0.0,0.0,0.0,0.0,0.0,0.0,0.0,0.0,0,0.0,0.0,0.0,0,0.0,0.0,0.0,,,,0.0,0.0,0.0,0.0,,nan,nan,nan,nan,0.0,0.0,nan,nan,,0.0,0.0,0.0,28.0,0.0,0.0,0.0,0.0,0.0,0.0,,,0.0,0,0.0,,0.0,0.0,0,0.0,0.0,,nan,0.0
2010,CL,広島東洋カープ,51655114,前田　健太,K.Maeda,28.0,67.0,58.0,3.0,8.0,1.0,0.0,0.0,9.0,3.0,0.0,0,9.0,0.0,0.0,0,0.0,21.0,0.0,0.138,0.138,0.155,0.29300000000000004,7.0,0.016999999999999987,0.0,0.155,0.0,31.343283582089555,0.0,0.21621621621621623,0.10085000000000001,189.66666666666669,0.017241379310344827,0.18,0.138,8.0,0.0,3.0,28.0,67.0,58.0,7.0,1.0,0.0,3.0,0.138,0.155,0.0,0,0.0,,9.0,0.0,0,9.0,0.0,,1.2413793103448276,-0.6800000000000006
2010,CL,読売ジャイアンツ,51655117,矢野　謙次,K.Yano,42.0,88.0,74.0,8.0,23.0,4.0,1.0,2.0,35.0,13.0,0,2,4.0,0.0,10.0,0,0.0,11.0,1.0,0.311,0.393,0.473,0.866,16.0,0.16199999999999998,0.08200000000000002,0.5549999999999999,11.363636363636363,12.5,0.9090909090909091,0.3442622950819672,0.29510000000000003,550.6666666666666,0.32432432432432434,0.9038461538461539,0.311,23.0,2.0,13.0,42.0,88.0,74.0,16.0,4.0,1.0,8.0,0.393,0.473,10.0,0,0.0,,35.0,0,2,4.0,0.0,,13.75,13.461999999999996
2010,CL,横浜DeNAベイスターズ,51655118,松本　啓二朗,K.Matsumoto,34.0,54.0,44.0,8.0,13.0,1.0,0.0,2.0,20.0,6.0,1,2,3.0,0.0,7.0,0,0.0,10.0,0.0,0.295,0.392,0.455,0.847,10.0,0.16000000000000003,0.09700000000000003,0.552,12.962962962962962,18.51851851851852,0.7,0.34375,0.29015,543.6666666666667,0.36363636363636365,0.9354838709677419,0.295,13.0,2.0,6.0,34.0,54.0,44.0,10.0,1.0,0.0,8.0,0.392,0.455,7.0,0,0.0,,20.0,1,2,3.0,0.0,,7.8431372549019605,8.232
2010,CL,読売ジャイアンツ,51753888,實松　一成,K.Sanematsu,2.0,2.0,2.0,0.0,0.0,0.0,0.0,0.0,0.0,0.0,0.0,0,0.0,0.0,0.0,0,0.0,2.0,0.0,0.0,0.0,0.0,0.0,0.0,0.0,0.0,0.0,0.0,100.0,0.0,nan,0.0,0.0,0.0,0.0,0.0,0.0,0.0,0.0,2.0,2.0,2.0,0.0,0.0,0.0,0.0,0.0,0.0,0.0,0,0.0,,0.0,0.0,0,0.0,0.0,,0.0,-0.196
2010,CL,中日ドラゴンズ,51755110,金剛　弘樹,H.Kongou,2.0,0.0,0.0,0.0,0.0,0.0,0.0,0.0,0.0,0.0,0.0,0,0.0,0.0,0.0,0,0.0,0.0,0.0,,,,0.0,0.0,0.0,0.0,,nan,nan,nan,nan,0.0,0.0,nan,nan,,0.0,0.0,0.0,2.0,0.0,0.0,0.0,0.0,0.0,0.0,,,0.0,0,0.0,,0.0,0.0,0,0.0,0.0,,nan,0.0
2010,CL,広島東洋カープ,51755116,小窪　哲也,T.Kokubo,81.0,244.0,208.0,17.0,43.0,7.0,0.0,1.0,53.0,24.0,0.0,0,6.0,4.0,21.0,0,5.0,31.0,9.0,0.207,0.29,0.255,0.5449999999999999,35.0,0.048000000000000015,0.08299999999999999,0.3379999999999999,8.60655737704918,12.704918032786885,0.6774193548387096,0.23333333333333334,0.19425,375.0,0.14903846153846154,0.4540229885057471,0.207,43.0,1.0,24.0,81.0,244.0,208.0,35.0,7.0,0.0,17.0,0.29,0.255,21.0,0,5.0,,53.0,0.0,0,6.0,4.0,,14.812227074235809,16.39
2010,CL,広島東洋カープ,51755118,小松　剛,T.Komatsu,5.0,7.0,7.0,1.0,1.0,0.0,0.0,0.0,1.0,1.0,0.0,0,0.0,0.0,0.0,0,0.0,3.0,0.0,0.143,0.143,0.143,0.286,1.0,0.0,0.0,0.143,0.0,42.857142857142854,0.0,0.25,0.1001,190.66666666666666,0.0,0.16666666666666666,0.143,1.0,0.0,1.0,5.0,7.0,7.0,1.0,0.0,0.0,1.0,0.143,0.143,0.0,0,0.0,,1.0,0.0,0,0.0,0.0,,0.14285714285714285,-0.08800000000000008
2010,CL,東京ヤクルトスワローズ,51755119,佐藤　賢,M.Satou,1.0,0.0,0.0,0.0,0.0,0.0,0.0,0.0,0.0,0.0,0.0,0,0.0,0.0,0.0,0,0.0,0.0,0.0,,,,0.0,0.0,0.0,0.0,,nan,nan,nan,nan,0.0,0.0,nan,nan,,0.0,0.0,0.0,1.0,0.0,0.0,0.0,0.0,0.0,0.0,,,0.0,0,0.0,,0.0,0.0,0,0.0,0.0,,nan,0.0
2010,CL,横浜DeNAベイスターズ,51855112,山口　俊,S.Yamaguchi,54.0,6.0,4.0,0.0,1.0,0.0,0.0,0.0,1.0,2.0,0.0,0,1.0,0.0,1.0,0,0.0,1.0,0.0,0.25,0.4,0.25,0.65,1.0,0.0,0.15000000000000002,0.4,16.666666666666664,16.666666666666664,1.0,0.3333333333333333,0.24250000000000002,483.3333333333333,0.25,0.6666666666666666,0.25,1.0,0.0,2.0,54.0,6.0,4.0,1.0,0.0,0.0,0.0,0.4,0.25,1.0,0,0.0,,1.0,0.0,0,1.0,0.0,,0.4,0.536
2010,CL,東京ヤクルトスワローズ,51855131,E.デラクルス,E.Cruz,9.0,0.0,0.0,0.0,0.0,0.0,0.0,0.0,0.0,0.0,0.0,0,0.0,0.0,0.0,0,0.0,0.0,0.0,,,,0.0,0.0,0.0,0.0,,nan,nan,nan,nan,0.0,0.0,nan,nan,,0.0,0.0,0.0,9.0,0.0,0.0,0.0,0.0,0.0,0.0,,,0.0,0,0.0,,0.0,0.0,0,0.0,0.0,,nan,0.0
2010,CL,読売ジャイアンツ,51953886,高橋　由伸,Y.Takahashi,116.0,332.0,280.0,30.0,75.0,9.0,0.0,13.0,123.0,56.0,2,0,0.0,6.0,44.0,0,2.0,75.0,6.0,0.268,0.364,0.439,0.8029999999999999,53.0,0.17099999999999999,0.09599999999999997,0.5349999999999999,13.253012048192772,22.590361445783135,0.5866666666666667,0.31313131313131315,0.27355,510.3333333333333,0.32857142857142857,0.8009478672985783,0.268,75.0,13.0,56.0,116.0,332.0,280.0,53.0,9.0,0.0,30.0,0.364,0.439,44.0,0,2.0,,123.0,2,0,0.0,6.0,,45.175925925925924,46.78999999999999
2010,CL,読売ジャイアンツ,51955114,坂本　勇人,H.Sakamoto,144.0,676.0,609.0,107.0,171.0,35.0,4.0,31.0,307.0,85.0,14,4,10.0,7.0,47.0,0,3.0,83.0,6.0,0.281,0.332,0.504,0.8360000000000001,101.0,0.22299999999999998,0.05099999999999999,0.5549999999999999,6.952662721893491,12.278106508875739,0.5662650602409639,0.2788844621513944,0.2754,500.0,0.3070607553366174,0.8130630630630631,0.281,171.0,31.0,85.0,144.0,676.0,609.0,101.0,35.0,4.0,107.0,0.332,0.504,47.0,0,3.0,,307.0,14,4,10.0,7.0,,102.02134146341463,98.79599999999999
2010,CL,阪神タイガース,51955131,田上　健一,K.Tagami,2.0,1.0,1.0,0.0,0.0,0.0,0.0,0.0,0.0,0.0,0.0,0,0.0,0.0,0.0,0,0.0,0.0,0.0,0.0,0.0,0.0,0.0,0.0,0.0,0.0,0.0,0.0,0.0,nan,0.0,0.0,0.0,0.0,0.0,0.0,0.0,0.0,0.0,2.0,1.0,1.0,0.0,0.0,0.0,0.0,0.0,0.0,0.0,0,0.0,,0.0,0.0,0,0.0,0.0,,0.0,-0.098
2010,CL,阪神タイガース,53155116,C.ブラゼル,C.Brazell,143.0,601.0,564.0,82.0,167.0,15.0,0.0,47.0,323.0,117.0,1,0,0.0,6.0,25.0,0,6.0,153.0,14.0,0.296,0.329,0.573,0.9019999999999999,105.0,0.27699999999999997,0.03300000000000003,0.606,4.159733777038269,25.45757071547421,0.16339869281045752,0.32432432432432434,0.2913,520.0,0.32092198581560283,0.8613138686131386,0.296,167.0,47.0,117.0,143.0,601.0,564.0,105.0,15.0,0.0,82.0,0.329,0.573,25.0,0,6.0,,323.0,1,0,0.0,6.0,,105.29032258064517,102.30399999999997
2010,CL,阪神タイガース,53155131,M.マートン,M.Murton,144.0,668.0,613.0,105.0,214.0,35.0,3.0,17.0,306.0,91.0,11,6,0.0,5.0,47.0,0,3.0,70.0,14.0,0.349,0.395,0.499,0.894,159.0,0.15000000000000002,0.04600000000000004,0.545,7.0359281437125745,10.479041916167663,0.6714285714285714,0.3709981167608286,0.3025,561.3333333333334,0.2365415986949429,0.8765133171912833,0.349,214.0,17.0,91.0,144.0,668.0,613.0,159.0,35.0,3.0,105.0,0.395,0.499,47.0,0,3.0,,306.0,11,6,0.0,5.0,,121.00909090909092,110.77800000000002
2010,CL,阪神タイガース,61065110,能見　篤史,A.Noumi,13.0,22.0,19.0,1.0,1.0,0.0,0.0,0.0,1.0,1.0,0.0,0,2.0,0.0,1.0,0,0.0,13.0,0.0,0.053,0.1,0.053,0.153,1.0,0.0,0.04700000000000001,0.1,4.545454545454546,59.09090909090909,0.07692307692307693,0.16666666666666666,0.05825,117.66666666666667,0.05263157894736842,0.1111111111111111,0.053,1.0,0.0,1.0,13.0,22.0,19.0,1.0,0.0,0.0,1.0,0.1,0.053,1.0,0,0.0,,1.0,0.0,0,2.0,0.0,,0.1,-0.9339999999999999
2010,CL,横浜DeNAベイスターズ,61065117,武山　真吾,S.Takeyama,95.0,298.0,257.0,15.0,48.0,8.0,2.0,1.0,63.0,22.0,0.0,0,16.0,2.0,20.0,0,1.0,56.0,5.0,0.187,0.246,0.245,0.491,37.0,0.057999999999999996,0.059,0.304,6.7114093959731544,18.79194630872483,0.35714285714285715,0.23267326732673269,0.17195,327.6666666666667,0.13618677042801555,0.3925233644859813,0.187,48.0,1.0,22.0,95.0,298.0,257.0,37.0,8.0,2.0,15.0,0.246,0.245,20.0,0,1.0,,63.0,0.0,0,16.0,2.0,,15.465703971119133,14.228000000000002
2010,CL,東京ヤクルトスワローズ,61165112,飯原　誉士,Y.Iihara,130.0,492.0,430.0,62.0,116.0,20.0,3.0,15.0,187.0,48.0,8.0,8,5.0,2.0,36.0,0,19.0,74.0,10.0,0.27,0.351,0.435,0.786,78.0,0.16499999999999998,0.08099999999999996,0.516,7.317073170731707,15.040650406504067,0.4864864864864865,0.2944606413994169,0.2667,496.0,0.26744186046511625,0.7716049382716049,0.27,116.0,15.0,48.0,130.0,492.0,430.0,78.0,20.0,3.0,62.0,0.351,0.435,36.0,0,19.0,,187.0,8.0,8,5.0,2.0,,60.99570815450644,66.93799999999999
2010,CL,広島東洋カープ,61265111,迎　祐一郎,Y.Mukae,23.0,31.0,30.0,3.0,4.0,0.0,0.0,1.0,7.0,1.0,0.0,0,1.0,0.0,0.0,0,0.0,9.0,0.0,0.133,0.133,0.233,0.366,3.0,0.1,0.0,0.233,0.0,29.03225806451613,0.0,0.15,0.11810000000000001,210.66666666666666,0.1,0.2692307692307692,0.133,4.0,1.0,1.0,23.0,31.0,30.0,3.0,0.0,0.0,3.0,0.133,0.233,0.0,0,0.0,,7.0,0.0,0,1.0,0.0,,0.9333333333333333,0.3919999999999999
2010,CL,中日ドラゴンズ,61265112,平田　良介,R.Hirata,6.0,12.0,12.0,0.0,1.0,0.0,0.0,0.0,1.0,0.0,0.0,0,0.0,0.0,0.0,0,0.0,4.0,0.0,0.083,0.083,0.083,0.166,1.0,0.0,0.0,0.083,0.0,33.33333333333333,0.0,0.125,0.0581,110.66666666666667,0.0,0.09090909090909091,0.083,1.0,0.0,0.0,6.0,12.0,12.0,1.0,0.0,0.0,0.0,0.083,0.083,0.0,0,0.0,,1.0,0.0,0,0.0,0.0,,0.08333333333333333,-0.5780000000000001
2010,CL,広島東洋カープ,61265114,中東　直己,N.Nakahigashi,15.0,11.0,9.0,5.0,0.0,0.0,0.0,0.0,0.0,1.0,3,0,0.0,1.0,1.0,0,0.0,3.0,0.0,0.0,0.091,0.0,0.091,0.0,0.0,0.091,0.091,9.090909090909092,27.27272727272727,0.3333333333333333,0.0,0.04095,91.0,0.1111111111111111,0.1111111111111111,0.0,0.0,0.0,1.0,15.0,11.0,9.0,0.0,0.0,0.0,5.0,0.091,0.0,1.0,0,0.0,,0.0,3,0,0.0,1.0,,0.0,-0.552
2010,CL,阪神タイガース,61265115,平野　恵一,K.Hirano,139.0,593.0,492.0,77.0,172.0,22.0,5.0,1.0,207.0,24.0,6,7,59.0,1.0,34.0,0,7.0,55.0,2.0,0.35,0.399,0.421,0.8200000000000001,144.0,0.07100000000000001,0.049000000000000044,0.47,5.733558178752108,9.27487352445194,0.6181818181818182,0.391304347826087,0.2848,539.3333333333334,0.15447154471544716,0.7919254658385093,0.35,172.0,1.0,24.0,139.0,593.0,492.0,144.0,22.0,5.0,77.0,0.399,0.421,34.0,0,7.0,,207.0,6,7,59.0,1.0,,81.06844106463879,77.91000000000001
2010,CL,横浜DeNAベイスターズ,61365111,木塚　敦志,A.Kizuka,7.0,0.0,0.0,0.0,0.0,0.0,0.0,0.0,0.0,0.0,0.0,0,0.0,0.0,0.0,0,0.0,0.0,0.0,,,,0.0,0.0,0.0,0.0,,nan,nan,nan,nan,0.0,0.0,nan,nan,,0.0,0.0,0.0,7.0,0.0,0.0,0.0,0.0,0.0,0.0,,,0.0,0,0.0,,0.0,0.0,0,0.0,0.0,,nan,0.0
2010,CL,広島東洋カープ,61365115,大島　崇行,T.Ooshima,53.0,2.0,1.0,0.0,0.0,0.0,0.0,0.0,0.0,0.0,0.0,0,0.0,0.0,1.0,0,0.0,1.0,0.0,0.0,0.5,0.0,0.5,0.0,0.0,0.5,0.5,50.0,50.0,1.0,nan,0.225,500.0,1.0,1.0,0.0,0.0,0.0,0.0,53.0,2.0,1.0,0.0,0.0,0.0,0.0,0.5,0.0,1.0,0,0.0,,0.0,0.0,0,0.0,0.0,,0.0,0.232
2010,CL,阪神タイガース,61465112,大和,Y.Yamato（maeda,62.0,50.0,44.0,19.0,12.0,0.0,1.0,0.0,14.0,4.0,8,3,1.0,1.0,4.0,0,0.0,8.0,1.0,0.273,0.327,0.318,0.645,11.0,0.044999999999999984,0.05399999999999999,0.372,8.0,16.0,0.5,0.32432432432432434,0.22665000000000002,433.0,0.20454545454545456,0.6363636363636364,0.273,12.0,0.0,4.0,62.0,50.0,44.0,11.0,0.0,1.0,19.0,0.327,0.318,4.0,0,0.0,,14.0,8,3,1.0,1.0,,4.666666666666667,5.264
2010,CL,横浜DeNAベイスターズ,61465118,藤江　均,H.Fujie,15.0,11.0,10.0,0.0,0.0,0.0,0.0,0.0,0.0,0.0,0.0,0,0.0,0.0,1.0,0,0.0,8.0,0.0,0.0,0.091,0.0,0.091,0.0,0.0,0.091,0.091,9.090909090909092,72.72727272727273,0.125,0.0,0.04095,91.0,0.1,0.1,0.0,0.0,0.0,0.0,15.0,11.0,10.0,0.0,0.0,0.0,0.0,0.091,0.0,1.0,0,0.0,,0.0,0.0,0,0.0,0.0,,0.0,-0.6499999999999999
2010,CL,広島東洋カープ,61563880,嶋　重宣,S.Shima,123.0,377.0,343.0,48.0,90.0,21.0,0.0,14.0,153.0,46.0,0,2,0.0,3.0,25.0,0,6.0,53.0,7.0,0.262,0.321,0.446,0.767,55.0,0.184,0.059,0.505,6.631299734748011,14.058355437665782,0.4716981132075472,0.2724014336917563,0.25595,469.6666666666667,0.26239067055393583,0.7153846153846154,0.262,90.0,14.0,46.0,123.0,377.0,343.0,55.0,21.0,0.0,48.0,0.321,0.446,25.0,0,6.0,,153.0,0,2,0.0,3.0,,47.8125,48.57600000000001
2010,CL,読売ジャイアンツ,61563888,小林　雅英,M.Kobayashi,12.0,0.0,0.0,0.0,0.0,0.0,0.0,0.0,0.0,0.0,0.0,0,0.0,0.0,0.0,0,0.0,0.0,0.0,,,,0.0,0.0,0.0,0.0,,nan,nan,nan,nan,0.0,0.0,nan,nan,,0.0,0.0,0.0,12.0,0.0,0.0,0.0,0.0,0.0,0.0,,,0.0,0,0.0,,0.0,0.0,0,0.0,0.0,,nan,0.0
2010,CL,阪神タイガース,61565110,久保　康友,Y.Kubo,30.0,73.0,67.0,3.0,8.0,1.0,0.0,0.0,9.0,4.0,0.0,0,6.0,0.0,0.0,0,0.0,28.0,1.0,0.119,0.119,0.134,0.253,7.0,0.015000000000000013,0.0,0.134,0.0,38.35616438356164,0.0,0.20512820512820512,0.08705,163.66666666666666,0.014925373134328358,0.15,0.119,8.0,0.0,4.0,30.0,73.0,67.0,7.0,1.0,0.0,3.0,0.119,0.134,0.0,0,0.0,,9.0,0.0,0,6.0,0.0,,1.0746268656716418,-1.5620000000000003
2010,CL,阪神タイガース,61565112,川﨑　雄介,Y.Kawasaki,22.0,0.0,0.0,0.0,0.0,0.0,0.0,0.0,0.0,0.0,0.0,0,0.0,0.0,0.0,0,0.0,0.0,0.0,,,,0.0,0.0,0.0,0.0,,nan,nan,nan,nan,0.0,0.0,nan,nan,,0.0,0.0,0.0,22.0,0.0,0.0,0.0,0.0,0.0,0.0,,,0.0,0,0.0,,0.0,0.0,0,0.0,0.0,,nan,0.0
2010,CL,横浜DeNAベイスターズ,61565114,梶谷　隆幸,T.Kajitani,5.0,4.0,4.0,0.0,0.0,0.0,0.0,0.0,0.0,0.0,0,1,0.0,0.0,0.0,0,0.0,3.0,0.0,0.0,0.0,0.0,0.0,0.0,0.0,0.0,0.0,0.0,75.0,0.0,0.0,0.0,0.0,0.25,0.25,0.0,0.0,0.0,0.0,5.0,4.0,4.0,0.0,0.0,0.0,0.0,0.0,0.0,0.0,0,0.0,,0.0,0,1,0.0,0.0,,0.0,-0.21200000000000002
2010,CL,広島東洋カープ,61565115,喜田　剛,G.Kida,10.0,10.0,8.0,1.0,1.0,0.0,0.0,0.0,1.0,0.0,0.0,0,0.0,0.0,2.0,0,0.0,4.0,0.0,0.125,0.3,0.125,0.425,1.0,0.0,0.175,0.3,20.0,40.0,0.5,0.25,0.16625,341.6666666666667,0.25,0.42857142857142855,0.125,1.0,0.0,0.0,10.0,10.0,8.0,1.0,0.0,0.0,1.0,0.3,0.125,2.0,0,0.0,,1.0,0.0,0,0.0,0.0,,0.3,0.4740000000000001
2010,CL,阪神タイガース,61565119,坂　克彦,K.Saka,28.0,59.0,52.0,10.0,14.0,1.0,2.0,2.0,25.0,7.0,1.0,1,1.0,2.0,2.0,0,2.0,8.0,0.0,0.269,0.31,0.481,0.7909999999999999,9.0,0.21199999999999997,0.04099999999999998,0.522,3.389830508474576,13.559322033898304,0.25,0.2727272727272727,0.25975000000000004,470.3333333333333,0.2692307692307692,0.7894736842105263,0.269,14.0,2.0,7.0,28.0,59.0,52.0,9.0,1.0,2.0,10.0,0.31,0.481,2.0,0,2.0,,25.0,1.0,1,1.0,2.0,,7.407407407407407,7.9559999999999995
2010,CL,東京ヤクルトスワローズ,61665116,山本　斉,H.Yamamoto,1.0,0.0,0.0,0.0,0.0,0.0,0.0,0.0,0.0,0.0,0.0,0,0.0,0.0,0.0,0,0.0,0.0,0.0,,,,0.0,0.0,0.0,0.0,,nan,nan,nan,nan,0.0,0.0,nan,nan,,0.0,0.0,0.0,1.0,0.0,0.0,0.0,0.0,0.0,0.0,,,0.0,0,0.0,,0.0,0.0,0,0.0,0.0,,nan,0.0
2010,CL,横浜DeNAベイスターズ,61665117,吉村　裕基,Y.Yoshimura,49.0,141.0,132.0,12.0,27.0,4.0,0.0,3.0,40.0,11.0,0,2,1.0,3.0,5.0,0,0.0,41.0,5.0,0.205,0.229,0.303,0.532,20.0,0.098,0.02400000000000002,0.327,3.546099290780142,29.078014184397162,0.12195121951219512,0.26373626373626374,0.17880000000000001,330.0,0.15151515151515152,0.42727272727272725,0.205,27.0,3.0,11.0,49.0,141.0,132.0,20.0,4.0,0.0,12.0,0.229,0.303,5.0,0,0.0,,40.0,0,2,1.0,3.0,,9.343065693430656,8.919999999999996
2010,CL,読売ジャイアンツ,61763884,鈴木　尚広,T.Suzuki,61.0,26.0,25.0,15.0,7.0,0.0,0.0,0.0,7.0,4.0,10,5,0.0,0.0,1.0,0,0.0,9.0,1.0,0.28,0.308,0.28,0.5880000000000001,7.0,0.0,0.02799999999999997,0.308,3.8461538461538463,34.61538461538461,0.1111111111111111,0.4375,0.2086,401.3333333333333,0.24,0.6842105263157895,0.28,7.0,0.0,4.0,61.0,26.0,25.0,7.0,0.0,0.0,15.0,0.308,0.28,1.0,0,0.0,,7.0,10,5,0.0,0.0,,2.1538461538461537,2.966
2010,CL,中日ドラゴンズ,61765110,鈴木　義広,Y.Suzuki,41.0,1.0,1.0,0.0,0.0,0.0,0.0,0.0,0.0,0.0,0.0,0,0.0,0.0,0.0,0,0.0,1.0,0.0,0.0,0.0,0.0,0.0,0.0,0.0,0.0,0.0,0.0,100.0,0.0,nan,0.0,0.0,0.0,0.0,0.0,0.0,0.0,0.0,41.0,1.0,1.0,0.0,0.0,0.0,0.0,0.0,0.0,0.0,0,0.0,,0.0,0.0,0,0.0,0.0,,0.0,-0.098
2010,CL,横浜DeNAベイスターズ,61765115,真田　裕貴,H.Sanada,62.0,3.0,3.0,0.0,0.0,0.0,0.0,0.0,0.0,0.0,0.0,0,0.0,0.0,0.0,0,0.0,3.0,0.0,0.0,0.0,0.0,0.0,0.0,0.0,0.0,0.0,0.0,100.0,0.0,nan,0.0,0.0,0.0,0.0,0.0,0.0,0.0,0.0,62.0,3.0,3.0,0.0,0.0,0.0,0.0,0.0,0.0,0.0,0,0.0,,0.0,0.0,0,0.0,0.0,,0.0,-0.29400000000000004
2010,CL,横浜DeNAベイスターズ,61765116,佐藤　祥万,S.Satou,8.0,0.0,0.0,0.0,0.0,0.0,0.0,0.0,0.0,0.0,0.0,0,0.0,0.0,0.0,0,0.0,0.0,0.0,,,,0.0,0.0,0.0,0.0,,nan,nan,nan,nan,0.0,0.0,nan,nan,,0.0,0.0,0.0,8.0,0.0,0.0,0.0,0.0,0.0,0.0,,,0.0,0,0.0,,0.0,0.0,0,0.0,0.0,,nan,0.0
2010,CL,阪神タイガース,61765117,久保田　智之,T.Kubota,71.0,3.0,2.0,0.0,1.0,0.0,0.0,0.0,1.0,1.0,0.0,0,1.0,0.0,0.0,0,0.0,1.0,0.0,0.5,0.5,0.5,1.0,1.0,0.0,0.0,0.5,0.0,33.33333333333333,0.0,1.0,0.35,666.6666666666666,0.0,1.0,0.5,1.0,0.0,1.0,71.0,3.0,2.0,1.0,0.0,0.0,0.0,0.5,0.5,0.0,0,0.0,,1.0,0.0,0,1.0,0.0,,0.5,0.402
2010,CL,阪神タイガース,61865131,C.フォッサム,C.Fossum,12.0,15.0,11.0,0.0,0.0,0.0,0.0,0.0,0.0,0.0,0.0,0,3.0,0.0,1.0,0,0.0,5.0,0.0,0.0,0.083,0.0,0.083,0.0,0.0,0.083,0.083,6.666666666666667,33.33333333333333,0.2,0.0,0.03735,83.0,0.09090909090909091,0.09090909090909091,0.0,0.0,0.0,0.0,12.0,15.0,11.0,0.0,0.0,0.0,0.0,0.083,0.0,1.0,0,0.0,,0.0,0.0,0,3.0,0.0,,0.0,-0.748
2010,CL,読売ジャイアンツ,61963887,豊田　清,K.Toyoda,16.0,0.0,0.0,0.0,0.0,0.0,0.0,0.0,0.0,0.0,0.0,0,0.0,0.0,0.0,0,0.0,0.0,0.0,,,,0.0,0.0,0.0,0.0,,nan,nan,nan,nan,0.0,0.0,nan,nan,,0.0,0.0,0.0,16.0,0.0,0.0,0.0,0.0,0.0,0.0,,,0.0,0,0.0,,0.0,0.0,0,0.0,0.0,,nan,0.0
2010,CL,東京ヤクルトスワローズ,61965112,高木　啓充,H.Takagi,11.0,0.0,0.0,0.0,0.0,0.0,0.0,0.0,0.0,0.0,0.0,0,0.0,0.0,0.0,0,0.0,0.0,0.0,,,,0.0,0.0,0.0,0.0,,nan,nan,nan,nan,0.0,0.0,nan,nan,,0.0,0.0,0.0,11.0,0.0,0.0,0.0,0.0,0.0,0.0,,,0.0,0,0.0,,0.0,0.0,0,0.0,0.0,,nan,0.0
2010,CL,横浜DeNAベイスターズ,61965114,下窪　陽介,Y.Shimokubo,3.0,6.0,5.0,0.0,1.0,0.0,0.0,0.0,1.0,1.0,0.0,0,0.0,0.0,1.0,0,0.0,1.0,0.0,0.2,0.333,0.2,0.533,1.0,0.0,0.133,0.333,16.666666666666664,16.666666666666664,1.0,0.25,0.19985000000000003,399.6666666666667,0.2,0.5,0.2,1.0,0.0,1.0,3.0,6.0,5.0,1.0,0.0,0.0,0.0,0.333,0.2,1.0,0,0.0,,1.0,0.0,0,0.0,0.0,,0.3333333333333333,0.43800000000000006
2010,CL,読売ジャイアンツ,63165113,A.ラミレス,A.Ramirez,144.0,606.0,566.0,93.0,172.0,28.0,0.0,49.0,347.0,129.0,1,2,0.0,7.0,21.0,0,12.0,98.0,14.0,0.304,0.338,0.613,0.9510000000000001,95.0,0.309,0.03400000000000003,0.647,3.4653465346534658,16.17161716171617,0.21428571428571427,0.2887323943661972,0.30535,542.3333333333334,0.3498233215547703,0.9362745098039216,0.304,172.0,49.0,129.0,144.0,606.0,566.0,95.0,28.0,0.0,93.0,0.338,0.613,21.0,0,12.0,,347.0,1,2,0.0,7.0,,114.09028960817717,110.85800000000003
2010,CL,横浜DeNAベイスターズ,63165116,T.スレッジ,T.Sledge,129.0,533.0,469.0,57.0,118.0,27.0,0.0,28.0,229.0,78.0,0.0,0,0.0,0.0,60.0,0,4.0,136.0,10.0,0.252,0.341,0.488,0.829,63.0,0.236,0.08900000000000002,0.577,11.25703564727955,25.515947467166978,0.4411764705882353,0.29508196721311475,0.27545,503.6666666666667,0.3646055437100213,0.8116343490304709,0.252,118.0,28.0,78.0,129.0,533.0,469.0,63.0,27.0,0.0,57.0,0.341,0.488,60.0,0,4.0,,229.0,0.0,0,0.0,0.0,,77.05482041587902,77.982
2010,CL,広島東洋カープ,65563868,石井　琢朗,T.Ishii,74.0,165.0,148.0,15.0,47.0,5.0,1.0,0.0,54.0,20.0,1.0,1,5.0,0.0,11.0,0,1.0,20.0,2.0,0.318,0.369,0.365,0.734,41.0,0.046999999999999986,0.05099999999999999,0.416,6.666666666666667,12.121212121212121,0.55,0.3671875,0.2573,490.66666666666663,0.12837837837837837,0.6504854368932039,0.318,47.0,0.0,20.0,74.0,165.0,148.0,41.0,5.0,1.0,15.0,0.369,0.365,11.0,0,1.0,,54.0,1.0,1,5.0,0.0,,19.69811320754717,19.382
2010,CL,阪神タイガース,71073888,藤川　球児,K.Fujikawa,58.0,5.0,3.0,0.0,1.0,0.0,0.0,0.0,1.0,1.0,0.0,0,0.0,0.0,2.0,0,0.0,2.0,0.0,0.333,0.6,0.333,0.933,1.0,0.0,0.26699999999999996,0.6,40.0,40.0,1.0,1.0,0.35325,711.0,0.6666666666666666,1.5,0.333,1.0,0.0,1.0,58.0,5.0,3.0,1.0,0.0,0.0,0.0,0.6,0.333,2.0,0,0.0,,1.0,0.0,0,0.0,0.0,,0.6,0.9640000000000002
2010,CL,読売ジャイアンツ,71075113,中里　篤史,A.Nakazato,2.0,0.0,0.0,0.0,0.0,0.0,0.0,0.0,0.0,0.0,0.0,0,0.0,0.0,0.0,0,0.0,0.0,0.0,,,,0.0,0.0,0.0,0.0,,nan,nan,nan,nan,0.0,0.0,nan,nan,,0.0,0.0,0.0,2.0,0.0,0.0,0.0,0.0,0.0,0.0,,,0.0,0,0.0,,0.0,0.0,0,0.0,0.0,,nan,0.0
2010,CL,中日ドラゴンズ,71075131,中田　亮二,R.Nakata,9.0,9.0,9.0,0.0,1.0,0.0,0.0,0.0,1.0,0.0,0.0,0,0.0,0.0,0.0,0,0.0,1.0,0.0,0.111,0.111,0.111,0.222,1.0,0.0,0.0,0.111,0.0,11.11111111111111,0.0,0.125,0.0777,148.0,0.0,0.125,0.111,1.0,0.0,0.0,9.0,9.0,9.0,1.0,0.0,0.0,0.0,0.111,0.111,0.0,0,0.0,,1.0,0.0,0,0.0,0.0,,0.1111111111111111,-0.28400000000000003
2010,CL,中日ドラゴンズ,71173882,荒木　雅博,M.Araki,136.0,625.0,579.0,65.0,170.0,29.0,5.0,3.0,218.0,39.0,20,8,5.0,1.0,38.0,0,2.0,73.0,8.0,0.294,0.339,0.377,0.716,133.0,0.08300000000000002,0.04500000000000004,0.422,6.08,11.68,0.5205479452054794,0.33134920634920634,0.24680000000000002,464.6666666666667,0.16234887737478412,0.6378896882494005,0.294,170.0,3.0,39.0,136.0,625.0,579.0,133.0,29.0,5.0,65.0,0.339,0.377,38.0,0,2.0,,218.0,20,8,5.0,1.0,,73.49108589951378,71.458
2010,CL,中日ドラゴンズ,71175114,浅尾　拓也,T.Asao,72.0,2.0,2.0,0.0,0.0,0.0,0.0,0.0,0.0,0.0,0.0,0,0.0,0.0,0.0,0,0.0,1.0,0.0,0.0,0.0,0.0,0.0,0.0,0.0,0.0,0.0,0.0,50.0,0.0,0.0,0.0,0.0,0.0,0.0,0.0,0.0,0.0,0.0,72.0,2.0,2.0,0.0,0.0,0.0,0.0,0.0,0.0,0.0,0,0.0,,0.0,0.0,0,0.0,0.0,,0.0,-0.196
2010,CL,広島東洋カープ,71275113,廣瀬　純,J.Hirose,135.0,546.0,482.0,65.0,149.0,32.0,3.0,12.0,223.0,57.0,3,1,8.0,4.0,36.0,0,16.0,66.0,9.0,0.309,0.374,0.463,0.837,102.0,0.15400000000000003,0.065,0.528,6.593406593406594,12.087912087912088,0.5454545454545454,0.33578431372549017,0.28405,528.3333333333334,0.23029045643153526,0.8070175438596491,0.309,149.0,12.0,57.0,135.0,546.0,482.0,102.0,32.0,3.0,65.0,0.374,0.463,36.0,0,16.0,,223.0,3,1,8.0,4.0,,79.64285714285714,79.146
2010,CL,横浜DeNAベイスターズ,71275115,秦　裕二,Y.Hata,9.0,1.0,1.0,0.0,0.0,0.0,0.0,0.0,0.0,0.0,0.0,0,0.0,0.0,0.0,0,0.0,0.0,0.0,0.0,0.0,0.0,0.0,0.0,0.0,0.0,0.0,0.0,0.0,nan,0.0,0.0,0.0,0.0,0.0,0.0,0.0,0.0,0.0,9.0,1.0,1.0,0.0,0.0,0.0,0.0,0.0,0.0,0.0,0,0.0,,0.0,0.0,0,0.0,0.0,,0.0,-0.098
2010,CL,阪神タイガース,71275131,藤原　正典,M.Fujihara,24.0,0.0,0.0,0.0,0.0,0.0,0.0,0.0,0.0,0.0,0.0,0,0.0,0.0,0.0,0,0.0,0.0,0.0,,,,0.0,0.0,0.0,0.0,,nan,nan,nan,nan,0.0,0.0,nan,nan,,0.0,0.0,0.0,24.0,0.0,0.0,0.0,0.0,0.0,0.0,,,0.0,0,0.0,,0.0,0.0,0,0.0,0.0,,nan,0.0
2010,CL,阪神タイガース,71373880,金村　曉,S.Kanemura,1.0,0.0,0.0,0.0,0.0,0.0,0.0,0.0,0.0,0.0,0.0,0,0.0,0.0,0.0,0,0.0,0.0,0.0,,,,0.0,0.0,0.0,0.0,,nan,nan,nan,nan,0.0,0.0,nan,nan,,0.0,0.0,0.0,1.0,0.0,0.0,0.0,0.0,0.0,0.0,,,0.0,0,0.0,,0.0,0.0,0,0.0,0.0,,nan,0.0
2010,CL,阪神タイガース,71375111,葛城　育郎,I.Katsuragi,42.0,66.0,58.0,5.0,12.0,2.0,0.0,1.0,17.0,3.0,0.0,0,1.0,0.0,7.0,0,0.0,12.0,3.0,0.207,0.292,0.293,0.585,9.0,0.086,0.08499999999999999,0.378,10.606060606060606,18.181818181818183,0.5833333333333334,0.24444444444444444,0.20465,389.6666666666667,0.20689655172413793,0.4897959183673469,0.207,12.0,1.0,3.0,42.0,66.0,58.0,9.0,2.0,0.0,5.0,0.292,0.293,7.0,0,0.0,,17.0,0.0,0,1.0,0.0,,4.969230769230769,5.1819999999999995
2010,CL,東京ヤクルトスワローズ,71375114,上田　剛史,T.Ueda,39.0,47.0,42.0,5.0,9.0,3.0,0.0,0.0,12.0,2.0,0.0,0,2.0,0.0,1.0,0,2.0,10.0,0.0,0.214,0.267,0.286,0.5529999999999999,6.0,0.07199999999999998,0.05300000000000002,0.3389999999999999,2.127659574468085,21.27659574468085,0.1,0.28125,0.19165,362.3333333333333,0.09523809523809523,0.45454545454545453,0.214,9.0,0.0,2.0,39.0,47.0,42.0,6.0,3.0,0.0,5.0,0.267,0.286,1.0,0,2.0,,12.0,0.0,0,2.0,0.0,,2.7906976744186047,2.9160000000000004
2010,CL,広島東洋カープ,71375118,岩本　貴裕,T.Iwamoto,61.0,220.0,212.0,29.0,55.0,7.0,1.0,14.0,106.0,36.0,0,2,1.0,1.0,6.0,0,0.0,57.0,4.0,0.259,0.279,0.5,0.779,33.0,0.241,0.020000000000000018,0.52,2.727272727272727,25.90909090909091,0.10526315789473684,0.2887323943661972,0.25055000000000005,445.66666666666663,0.2783018867924528,0.7080745341614907,0.259,55.0,14.0,36.0,61.0,220.0,212.0,33.0,7.0,1.0,29.0,0.279,0.5,6.0,0,0.0,,106.0,0,2,1.0,1.0,,29.660550458715598,29.69399999999999
2010,CL,中日ドラゴンズ,71475131,松井　佑介,Y.Matsui,35.0,56.0,55.0,2.0,16.0,2.0,0.0,0.0,18.0,3.0,0.0,0,0.0,0.0,1.0,0,0.0,15.0,1.0,0.291,0.304,0.327,0.631,14.0,0.03600000000000003,0.013000000000000012,0.34,1.7857142857142856,26.785714285714285,0.06666666666666667,0.4,0.21855000000000002,413.0,0.05454545454545454,0.475,0.291,16.0,0.0,3.0,35.0,56.0,55.0,14.0,2.0,0.0,2.0,0.304,0.327,1.0,0,0.0,,18.0,0.0,0,0.0,0.0,,5.464285714285714,4.9479999999999995
2010,CL,読売ジャイアンツ,71575115,小田嶋　正邦,M.Odajima,14.0,15.0,14.0,0.0,3.0,0.0,0.0,0.0,3.0,1.0,0.0,0,0.0,0.0,1.0,0,0.0,5.0,0.0,0.214,0.267,0.214,0.481,3.0,0.0,0.05300000000000002,0.267,6.666666666666667,33.33333333333333,0.2,0.3333333333333333,0.17365,338.33333333333337,0.07142857142857142,0.36363636363636365,0.214,3.0,0.0,1.0,14.0,15.0,14.0,3.0,0.0,0.0,0.0,0.267,0.214,1.0,0,0.0,,3.0,0.0,0,0.0,0.0,,0.8,0.752
2010,CL,読売ジャイアンツ,71575116,加治前　竜一,R.Kajimae,4.0,4.0,3.0,0.0,0.0,0.0,0.0,0.0,0.0,0.0,0.0,0,1.0,0.0,0.0,0,0.0,0.0,0.0,0.0,0.0,0.0,0.0,0.0,0.0,0.0,0.0,0.0,0.0,nan,0.0,0.0,0.0,0.0,0.0,0.0,0.0,0.0,0.0,4.0,4.0,3.0,0.0,0.0,0.0,0.0,0.0,0.0,0.0,0,0.0,,0.0,0.0,0,1.0,0.0,,0.0,-0.29400000000000004
2010,CL,東京ヤクルトスワローズ,71675114,増渕　竜義,T.Masubuchi,57.0,3.0,3.0,0.0,0.0,0.0,0.0,0.0,0.0,0.0,0.0,0,0.0,0.0,0.0,0,0.0,1.0,0.0,0.0,0.0,0.0,0.0,0.0,0.0,0.0,0.0,0.0,33.33333333333333,0.0,0.0,0.0,0.0,0.0,0.0,0.0,0.0,0.0,0.0,57.0,3.0,3.0,0.0,0.0,0.0,0.0,0.0,0.0,0.0,0,0.0,,0.0,0.0,0,0.0,0.0,,0.0,-0.29400000000000004
2010,CL,広島東洋カープ,71773880,高橋　建,K.Takahashi,26.0,1.0,1.0,0.0,1.0,0.0,0.0,0.0,1.0,0.0,0.0,0,0.0,0.0,0.0,0,0.0,0.0,0.0,1.0,1.0,1.0,2.0,1.0,0.0,0.0,1.0,0.0,0.0,nan,1.0,0.7,1333.3333333333333,0.0,nan,1.0,1.0,0.0,0.0,26.0,1.0,1.0,1.0,0.0,0.0,0.0,1.0,1.0,0.0,0,0.0,,1.0,0.0,0,0.0,0.0,,1.0,0.5
2010,CL,読売ジャイアンツ,71775111,高木　康成,Y.Takagi,21.0,2.0,2.0,0.0,0.0,0.0,0.0,0.0,0.0,0.0,0.0,0,0.0,0.0,0.0,0,0.0,1.0,0.0,0.0,0.0,0.0,0.0,0.0,0.0,0.0,0.0,0.0,50.0,0.0,0.0,0.0,0.0,0.0,0.0,0.0,0.0,0.0,0.0,21.0,2.0,2.0,0.0,0.0,0.0,0.0,0.0,0.0,0.0,0,0.0,,0.0,0.0,0,0.0,0.0,,0.0,-0.196
2010,CL,読売ジャイアンツ,71875112,山口　鉄也,T.Yamaguchi,73.0,8.0,8.0,0.0,1.0,0.0,0.0,0.0,1.0,0.0,0.0,0,0.0,0.0,0.0,0,0.0,4.0,0.0,0.125,0.125,0.125,0.25,1.0,0.0,0.0,0.125,0.0,50.0,0.0,0.25,0.0875,166.66666666666666,0.0,0.14285714285714285,0.125,1.0,0.0,0.0,73.0,8.0,8.0,1.0,0.0,0.0,0.0,0.125,0.125,0.0,0,0.0,,1.0,0.0,0,0.0,0.0,,0.125,-0.18600000000000005
2010,CL,読売ジャイアンツ,71875119,D.ゴンザレス,D.Gonzalez,25.0,43.0,37.0,1.0,3.0,0.0,0.0,0.0,3.0,0.0,0.0,0,4.0,0.0,1.0,0,1.0,11.0,0.0,0.081,0.128,0.081,0.20900000000000002,3.0,0.0,0.047,0.128,2.3255813953488373,25.581395348837212,0.09090909090909091,0.11538461538461539,0.07785,155.0,0.02702702702702703,0.14705882352941177,0.081,3.0,0.0,0.0,25.0,43.0,37.0,3.0,0.0,0.0,1.0,0.128,0.081,1.0,0,1.0,,3.0,0.0,0,4.0,0.0,,0.3157894736842105,-1.1720000000000002
2010,CL,東京ヤクルトスワローズ,71875131,T.バーネット,T.Barnette,16.0,26.0,21.0,1.0,2.0,0.0,0.0,0.0,2.0,0.0,0.0,0,3.0,0.0,2.0,0,0.0,13.0,0.0,0.095,0.174,0.095,0.269,2.0,0.0,0.07899999999999999,0.174,7.6923076923076925,50.0,0.15384615384615385,0.25,0.10205,205.66666666666666,0.09523809523809523,0.21052631578947367,0.095,2.0,0.0,0.0,16.0,26.0,21.0,2.0,0.0,0.0,1.0,0.174,0.095,2.0,0,0.0,,2.0,0.0,0,3.0,0.0,,0.34782608695652173,-0.20199999999999996
2010,CL,広島東洋カープ,71973882,長谷川　昌幸,M.Hasegawa,2.0,1.0,0.0,0.0,0.0,0.0,0.0,0.0,0.0,0.0,0.0,0,1.0,0.0,0.0,0,0.0,0.0,0.0,,,,0.0,0.0,0.0,0.0,,0.0,0.0,nan,nan,0.0,0.0,nan,nan,,0.0,0.0,0.0,2.0,1.0,0.0,0.0,0.0,0.0,0.0,,,0.0,0,0.0,,0.0,0.0,0,1.0,0.0,,nan,0.0
2010,CL,中日ドラゴンズ,71973889,平井　正史,M.Hirai,46.0,2.0,2.0,0.0,1.0,0.0,0.0,0.0,1.0,0.0,0.0,0,0.0,0.0,0.0,0,0.0,1.0,0.0,0.5,0.5,0.5,1.0,1.0,0.0,0.0,0.5,0.0,50.0,0.0,1.0,0.35,666.6666666666666,0.0,1.0,0.5,1.0,0.0,0.0,46.0,2.0,2.0,1.0,0.0,0.0,0.0,0.5,0.5,0.0,0,0.0,,1.0,0.0,0,0.0,0.0,,0.5,0.402
2010,CL,中日ドラゴンズ,71975115,髙橋　聡文,A.Takahashi,63.0,2.0,1.0,0.0,0.0,0.0,0.0,0.0,0.0,0.0,0.0,0,1.0,0.0,0.0,0,0.0,1.0,0.0,0.0,0.0,0.0,0.0,0.0,0.0,0.0,0.0,0.0,50.0,0.0,nan,0.0,0.0,0.0,0.0,0.0,0.0,0.0,0.0,63.0,2.0,1.0,0.0,0.0,0.0,0.0,0.0,0.0,0.0,0,0.0,,0.0,0.0,0,1.0,0.0,,0.0,-0.098
2010,CL,広島東洋カープ,71975131,武内　久士,H.Takeuchi,5.0,0.0,0.0,0.0,0.0,0.0,0.0,0.0,0.0,0.0,0.0,0,0.0,0.0,0.0,0,0.0,0.0,0.0,,,,0.0,0.0,0.0,0.0,,nan,nan,nan,nan,0.0,0.0,nan,nan,,0.0,0.0,0.0,5.0,0.0,0.0,0.0,0.0,0.0,0.0,,,0.0,0,0.0,,0.0,0.0,0,0.0,0.0,,nan,0.0
2010,CL,東京ヤクルトスワローズ,73375131,J.ホワイトセル,J.Whitesell,68.0,268.0,230.0,44.0,71.0,16.0,2.0,15.0,136.0,53.0,0.0,0,0.0,2.0,32.0,0,4.0,71.0,4.0,0.309,0.399,0.591,0.99,38.0,0.282,0.09000000000000002,0.681,11.940298507462686,26.492537313432834,0.4507042253521127,0.3835616438356164,0.32730000000000004,596.0,0.4217391304347826,1.0552147239263803,0.309,71.0,15.0,53.0,68.0,268.0,230.0,38.0,16.0,2.0,44.0,0.399,0.591,32.0,0,4.0,,136.0,0.0,0,0.0,2.0,,53.465648854961835,50.498
2010,CL,読売ジャイアンツ,81085110,野間口　貴彦,T.Nomaguchi,12.0,2.0,2.0,0.0,0.0,0.0,0.0,0.0,0.0,0.0,0.0,0,0.0,0.0,0.0,0,0.0,2.0,0.0,0.0,0.0,0.0,0.0,0.0,0.0,0.0,0.0,0.0,100.0,0.0,nan,0.0,0.0,0.0,0.0,0.0,0.0,0.0,0.0,12.0,2.0,2.0,0.0,0.0,0.0,0.0,0.0,0.0,0.0,0,0.0,,0.0,0.0,0,0.0,0.0,,0.0,-0.196
2010,CL,横浜DeNAベイスターズ,81085112,内藤　雄太,Y.Naitou,32.0,35.0,32.0,0.0,4.0,0.0,0.0,0.0,4.0,2.0,0.0,0,2.0,0.0,1.0,0,0.0,12.0,2.0,0.125,0.152,0.125,0.277,4.0,0.0,0.026999999999999996,0.152,2.857142857142857,34.285714285714285,0.08333333333333333,0.2,0.09965,193.66666666666666,0.03125,0.16666666666666666,0.125,4.0,0.0,2.0,32.0,35.0,32.0,4.0,0.0,0.0,0.0,0.152,0.125,1.0,0,0.0,,4.0,0.0,0,2.0,0.0,,0.6060606060606061,-0.41400000000000015
2010,CL,東京ヤクルトスワローズ,81085117,館山　昌平,S.Tateyama,21.0,50.0,43.0,2.0,5.0,2.0,0.0,1.0,10.0,4.0,0.0,0,7.0,0.0,0.0,0,0.0,23.0,0.0,0.116,0.116,0.233,0.34900000000000003,2.0,0.117,0.0,0.233,0.0,46.0,0.0,0.21052631578947367,0.11045,193.66666666666669,0.11627906976744186,0.2631578947368421,0.116,5.0,1.0,4.0,21.0,50.0,43.0,2.0,2.0,0.0,2.0,0.116,0.233,0.0,0,0.0,,10.0,0.0,0,7.0,0.0,,1.1627906976744187,0.1559999999999997
2010,CL,中日ドラゴンズ,81183888,岩瀬　仁紀,H.Iwase,54.0,0.0,0.0,0.0,0.0,0.0,0.0,0.0,0.0,0.0,0.0,0,0.0,0.0,0.0,0,0.0,0.0,0.0,,,,0.0,0.0,0.0,0.0,,nan,nan,nan,nan,0.0,0.0,nan,nan,,0.0,0.0,0.0,54.0,0.0,0.0,0.0,0.0,0.0,0.0,,,0.0,0,0.0,,0.0,0.0,0,0.0,0.0,,nan,0.0
2010,CL,横浜DeNAベイスターズ,81183889,大家　友和,T.Ooka,22.0,36.0,33.0,1.0,4.0,0.0,0.0,0.0,4.0,1.0,0.0,0,2.0,0.0,1.0,0,0.0,17.0,0.0,0.121,0.147,0.121,0.268,4.0,0.0,0.025999999999999995,0.147,2.7777777777777777,47.22222222222222,0.058823529411764705,0.25,0.0964,187.33333333333331,0.030303030303030304,0.1724137931034483,0.121,4.0,0.0,1.0,22.0,36.0,33.0,4.0,0.0,0.0,1.0,0.147,0.121,1.0,0,0.0,,4.0,0.0,0,2.0,0.0,,0.5882352941176471,-0.512
2010,CL,広島東洋カープ,81185110,梅津　智弘,T.Umetsu,46.0,1.0,0.0,0.0,0.0,0.0,0.0,0.0,0.0,0.0,0.0,0,0.0,0.0,1.0,0,0.0,0.0,0.0,,1.0,,1.0,0.0,0.0,1.0,,100.0,0.0,nan,nan,0.45,1000.0,nan,nan,,0.0,0.0,0.0,46.0,1.0,0.0,0.0,0.0,0.0,0.0,1.0,,1.0,0,0.0,,0.0,0.0,0,0.0,0.0,,0.0,0.33
2010,CL,中日ドラゴンズ,81185114,岩﨑　達郎,T.Iwasaki,78.0,85.0,60.0,13.0,11.0,2.0,0.0,1.0,16.0,4.0,3,2,17.0,0.0,8.0,0,0.0,13.0,0.0,0.183,0.279,0.267,0.546,8.0,0.08400000000000002,0.09600000000000003,0.363,9.411764705882353,15.294117647058824,0.6153846153846154,0.21739130434782608,0.19230000000000003,368.00000000000006,0.25,0.5306122448979592,0.183,11.0,1.0,4.0,78.0,85.0,60.0,8.0,2.0,0.0,13.0,0.279,0.267,8.0,0,0.0,,16.0,3,2,17.0,0.0,,4.470588235294118,5.0779999999999985
2010,CL,読売ジャイアンツ,81185119,内海　哲也,T.Utsumi,27.0,54.0,45.0,2.0,6.0,1.0,0.0,0.0,7.0,4.0,0.0,0,8.0,0.0,1.0,0,0.0,20.0,0.0,0.133,0.152,0.156,0.308,5.0,0.022999999999999993,0.01899999999999999,0.175,1.8518518518518516,37.03703703703704,0.05,0.24,0.1074,204.0,0.044444444444444446,0.20512820512820512,0.133,6.0,0.0,4.0,27.0,54.0,45.0,5.0,1.0,0.0,2.0,0.152,0.156,1.0,0,0.0,,7.0,0.0,0,8.0,0.0,,1.065217391304348,-0.27200000000000024
2010,CL,読売ジャイアンツ,81185131,市川　友也,T.Ichikawa,3.0,2.0,2.0,0.0,0.0,0.0,0.0,0.0,0.0,0.0,0.0,0,0.0,0.0,0.0,0,0.0,1.0,0.0,0.0,0.0,0.0,0.0,0.0,0.0,0.0,0.0,0.0,50.0,0.0,0.0,0.0,0.0,0.0,0.0,0.0,0.0,0.0,0.0,3.0,2.0,2.0,0.0,0.0,0.0,0.0,0.0,0.0,0.0,0,0.0,,0.0,0.0,0,0.0,0.0,,0.0,-0.196
2010,CL,阪神タイガース,81283883,下柳　剛,T.Shimoyanagi,19.0,31.0,27.0,0.0,2.0,0.0,0.0,0.0,2.0,1.0,0.0,0,4.0,0.0,0.0,0,0.0,9.0,2.0,0.074,0.074,0.074,0.148,2.0,0.0,0.0,0.074,0.0,29.03225806451613,0.0,0.1111111111111111,0.0518,98.66666666666667,0.0,0.07407407407407407,0.074,2.0,0.0,1.0,19.0,31.0,27.0,2.0,0.0,0.0,0.0,0.074,0.074,0.0,0,0.0,,2.0,0.0,0,4.0,0.0,,0.14814814814814814,-1.4500000000000002
2010,CL,中日ドラゴンズ,81285117,長峰　昌司,S.Nagamine,11.0,1.0,1.0,1.0,1.0,1.0,0.0,0.0,2.0,2.0,0.0,0,0.0,0.0,0.0,0,0.0,0.0,0.0,1.0,1.0,2.0,3.0,0.0,1.0,0.0,2.0,0.0,0.0,nan,1.0,0.95,1666.6666666666665,1.0,nan,1.0,1.0,0.0,2.0,11.0,1.0,1.0,0.0,1.0,0.0,1.0,1.0,2.0,0.0,0,0.0,,2.0,0.0,0,0.0,0.0,,2.0,0.72
2010,CL,読売ジャイアンツ,81385110,亀井　善行,Y.Kamei,71.0,220.0,205.0,22.0,38.0,13.0,0.0,5.0,66.0,17.0,4,2,1.0,2.0,9.0,0,3.0,38.0,4.0,0.185,0.228,0.322,0.55,20.0,0.137,0.04300000000000001,0.365,4.090909090909091,17.272727272727273,0.23684210526315788,0.20121951219512196,0.1831,335.33333333333337,0.1902439024390244,0.4678362573099415,0.185,38.0,5.0,17.0,71.0,220.0,205.0,20.0,13.0,0.0,22.0,0.228,0.322,9.0,0,3.0,,66.0,4,2,1.0,2.0,,14.495327102803738,14.514
2010,CL,読売ジャイアンツ,81385112,越智　大祐,D.Ochi,59.0,3.0,3.0,1.0,1.0,1.0,0.0,0.0,2.0,2.0,0.0,0,0.0,0.0,0.0,0,0.0,1.0,0.0,0.333,0.333,0.667,1.0,0.0,0.334,0.0,0.667,0.0,33.33333333333333,0.0,0.5,0.3166,555.3333333333334,0.3333333333333333,1.0,0.333,1.0,0.0,2.0,59.0,3.0,3.0,0.0,1.0,0.0,1.0,0.333,0.667,0.0,0,0.0,,2.0,0.0,0,0.0,0.0,,0.6666666666666666,0.524
2010,CL,広島東洋カープ,81485110,森　跳二,C.Mori,3.0,0.0,0.0,0.0,0.0,0.0,0.0,0.0,0.0,0.0,0.0,0,0.0,0.0,0.0,0,0.0,0.0,0.0,,,,0.0,0.0,0.0,0.0,,nan,nan,nan,nan,0.0,0.0,nan,nan,,0.0,0.0,0.0,3.0,0.0,0.0,0.0,0.0,0.0,0.0,,,0.0,0,0.0,,0.0,0.0,0,0.0,0.0,,nan,0.0
2010,CL,東京ヤクルトスワローズ,81485116,三輪　正義,M.Miwa,10.0,16.0,16.0,2.0,3.0,0.0,0.0,0.0,3.0,0.0,1.0,1,0.0,0.0,0.0,0,0.0,0.0,0.0,0.188,0.188,0.188,0.376,3.0,0.0,0.0,0.188,0.0,0.0,nan,0.1875,0.1316,250.66666666666666,0.0625,0.3076923076923077,0.188,3.0,0.0,0.0,10.0,16.0,16.0,3.0,0.0,0.0,2.0,0.188,0.188,0.0,0,0.0,,3.0,1.0,1,0.0,0.0,,0.5625,0.4059999999999999
2010,CL,横浜DeNAベイスターズ,81485117,村田　修一,S.Murata,144.0,617.0,565.0,75.0,145.0,30.0,0.0,26.0,253.0,88.0,0.0,0,0.0,3.0,45.0,0,4.0,124.0,19.0,0.257,0.314,0.448,0.762,89.0,0.191,0.056999999999999995,0.505,7.293354943273905,20.097244732576986,0.3629032258064516,0.284688995215311,0.2533,463.33333333333337,0.27079646017699116,0.6879271070615034,0.257,145.0,26.0,88.0,144.0,617.0,565.0,89.0,30.0,0.0,75.0,0.314,0.448,45.0,0,4.0,,253.0,0.0,0,0.0,3.0,,78.80327868852459,78.54999999999998
2010,CL,横浜DeNAベイスターズ,81585110,桑原　義行,Y.Kuwahara,5.0,5.0,5.0,0.0,1.0,0.0,0.0,0.0,1.0,0.0,0.0,0,0.0,0.0,0.0,0,0.0,4.0,0.0,0.2,0.2,0.2,0.4,1.0,0.0,0.0,0.2,0.0,80.0,0.0,1.0,0.14,266.6666666666667,0.0,0.25,0.2,1.0,0.0,0.0,5.0,5.0,5.0,1.0,0.0,0.0,0.0,0.2,0.2,0.0,0,0.0,,1.0,0.0,0,0.0,0.0,,0.2,0.10799999999999998
2010,CL,阪神タイガース,81585119,桟原　将司,M.Sajikihara,6.0,0.0,0.0,0.0,0.0,0.0,0.0,0.0,0.0,0.0,0.0,0,0.0,0.0,0.0,0,0.0,0.0,0.0,,,,0.0,0.0,0.0,0.0,,nan,nan,nan,nan,0.0,0.0,nan,nan,,0.0,0.0,0.0,6.0,0.0,0.0,0.0,0.0,0.0,0.0,,,0.0,0,0.0,,0.0,0.0,0,0.0,0.0,,nan,0.0
2010,CL,中日ドラゴンズ,81685112,柳田　殖生,S.Yanagida,2.0,2.0,2.0,0.0,0.0,0.0,0.0,0.0,0.0,0.0,0.0,0,0.0,0.0,0.0,0,0.0,0.0,0.0,0.0,0.0,0.0,0.0,0.0,0.0,0.0,0.0,0.0,0.0,nan,0.0,0.0,0.0,0.0,0.0,0.0,0.0,0.0,0.0,2.0,2.0,2.0,0.0,0.0,0.0,0.0,0.0,0.0,0.0,0,0.0,,0.0,0.0,0,0.0,0.0,,0.0,-0.196
2010,CL,阪神タイガース,81685117,林　威助,U.Rin,69.0,144.0,135.0,13.0,39.0,10.0,1.0,4.0,63.0,22.0,1,0,0.0,2.0,6.0,0,1.0,24.0,2.0,0.289,0.319,0.467,0.786,24.0,0.17800000000000005,0.030000000000000027,0.497,4.166666666666666,16.666666666666664,0.25,0.3211009174311927,0.26030000000000003,474.6666666666667,0.2222222222222222,0.7142857142857143,0.289,39.0,4.0,22.0,69.0,144.0,135.0,24.0,10.0,1.0,13.0,0.319,0.467,6.0,0,1.0,,63.0,1,0,0.0,2.0,,20.106382978723403,18.901999999999997
2010,CL,横浜DeNAベイスターズ,81685118,山崎　憲晴,N.Yamazaki,49.0,36.0,35.0,6.0,6.0,2.0,0.0,0.0,8.0,2.0,0.0,0,0.0,0.0,1.0,0,0.0,9.0,0.0,0.171,0.194,0.229,0.42300000000000004,4.0,0.057999999999999996,0.022999999999999993,0.252,2.7777777777777777,25.0,0.1111111111111111,0.23076923076923078,0.14455,270.3333333333333,0.08571428571428572,0.3103448275862069,0.171,6.0,0.0,2.0,49.0,36.0,35.0,4.0,2.0,0.0,6.0,0.194,0.229,1.0,0,0.0,,8.0,0.0,0,0.0,0.0,,1.5555555555555556,0.9279999999999999
2010,CL,阪神タイガース,81783884,関本　賢太郎,K.Sekimoto,79.0,98.0,78.0,12.0,20.0,5.0,1.0,3.0,36.0,12.0,1,0,3.0,0.0,15.0,0,2.0,24.0,2.0,0.256,0.389,0.462,0.851,11.0,0.20600000000000002,0.133,0.595,15.306122448979592,24.489795918367346,0.625,0.3333333333333333,0.29055000000000003,543.0,0.3974358974358974,0.8833333333333333,0.256,20.0,3.0,12.0,79.0,98.0,78.0,11.0,5.0,1.0,12.0,0.389,0.462,15.0,0,2.0,,36.0,1,0,3.0,0.0,,13.548387096774194,14.386
2010,CL,広島東洋カープ,81785112,齊藤　悠葵,Y.Saitou,27.0,30.0,27.0,0.0,1.0,0.0,0.0,0.0,1.0,0.0,0.0,0,3.0,0.0,0.0,0,0.0,4.0,3.0,0.037,0.037,0.037,0.074,1.0,0.0,0.0,0.037,0.0,13.333333333333334,0.0,0.043478260869565216,0.0259,49.333333333333336,0.0,0.034482758620689655,0.037,1.0,0.0,0.0,27.0,30.0,27.0,1.0,0.0,0.0,0.0,0.037,0.037,0.0,0,0.0,,1.0,0.0,0,3.0,0.0,,0.037037037037037035,-2.048
2010,CL,東京ヤクルトスワローズ,81785115,志田　宗大,M.Shida,1.0,1.0,1.0,0.0,0.0,0.0,0.0,0.0,0.0,0.0,0.0,0,0.0,0.0,0.0,0,0.0,0.0,0.0,0.0,0.0,0.0,0.0,0.0,0.0,0.0,0.0,0.0,0.0,nan,0.0,0.0,0.0,0.0,0.0,0.0,0.0,0.0,0.0,1.0,1.0,1.0,0.0,0.0,0.0,0.0,0.0,0.0,0.0,0,0.0,,0.0,0.0,0,0.0,0.0,,0.0,-0.098
2010,CL,東京ヤクルトスワローズ,81785116,由規,Y.Yoshinori（satou,25.0,54.0,49.0,0.0,3.0,1.0,0.0,0.0,4.0,2.0,0.0,0,4.0,0.0,1.0,0,0.0,29.0,0.0,0.061,0.08,0.082,0.162,2.0,0.021000000000000005,0.019000000000000003,0.101,1.8518518518518516,53.70370370370371,0.034482758620689655,0.15,0.05650000000000001,107.33333333333334,0.04081632653061224,0.10869565217391304,0.061,3.0,0.0,2.0,25.0,54.0,49.0,2.0,1.0,0.0,0.0,0.08,0.082,1.0,0,0.0,,4.0,0.0,0,4.0,0.0,,0.32,-2.458
2010,CL,横浜DeNAベイスターズ,81785119,杉原　洋,Y.Sugihara,1.0,1.0,1.0,0.0,0.0,0.0,0.0,0.0,0.0,0.0,0.0,0,0.0,0.0,0.0,0,0.0,1.0,0.0,0.0,0.0,0.0,0.0,0.0,0.0,0.0,0.0,0.0,100.0,0.0,nan,0.0,0.0,0.0,0.0,0.0,0.0,0.0,0.0,1.0,1.0,1.0,0.0,0.0,0.0,0.0,0.0,0.0,0.0,0,0.0,,0.0,0.0,0,0.0,0.0,,0.0,-0.098
2010,CL,阪神タイガース,81885112,若竹　竜士,R.Wakatake,4.0,0.0,0.0,0.0,0.0,0.0,0.0,0.0,0.0,0.0,0.0,0,0.0,0.0,0.0,0,0.0,0.0,0.0,,,,0.0,0.0,0.0,0.0,,nan,nan,nan,nan,0.0,0.0,nan,nan,,0.0,0.0,0.0,4.0,0.0,0.0,0.0,0.0,0.0,0.0,,,0.0,0,0.0,,0.0,0.0,0,0.0,0.0,,nan,0.0
2010,CL,阪神タイガース,81983888,福原　忍,S.Fukuhara,20.0,1.0,1.0,0.0,0.0,0.0,0.0,0.0,0.0,0.0,0.0,0,0.0,0.0,0.0,0,0.0,0.0,0.0,0.0,0.0,0.0,0.0,0.0,0.0,0.0,0.0,0.0,0.0,nan,0.0,0.0,0.0,0.0,0.0,0.0,0.0,0.0,0.0,20.0,1.0,1.0,0.0,0.0,0.0,0.0,0.0,0.0,0.0,0,0.0,,0.0,0.0,0,0.0,0.0,,0.0,-0.098
2010,CL,東京ヤクルトスワローズ,81985111,野口　祥順,Y.Noguchi,31.0,29.0,23.0,7.0,2.0,0.0,0.0,0.0,2.0,0.0,5,1,3.0,0.0,3.0,0,0.0,8.0,1.0,0.087,0.192,0.087,0.279,2.0,0.0,0.10500000000000001,0.192,10.344827586206897,27.586206896551722,0.375,0.13333333333333333,0.10815,221.0,0.17391304347826086,0.2727272727272727,0.087,2.0,0.0,0.0,31.0,29.0,23.0,2.0,0.0,0.0,7.0,0.192,0.087,3.0,0,0.0,,2.0,5,1,3.0,0.0,,0.38461538461538464,0.11199999999999966
2010,CL,横浜DeNAベイスターズ,81985114,下園　辰哉,T.Shimozono,131.0,461.0,402.0,41.0,115.0,21.0,3.0,3.0,151.0,28.0,1.0,1,6.0,2.0,49.0,0,2.0,82.0,8.0,0.286,0.365,0.376,0.741,88.0,0.09000000000000002,0.07900000000000001,0.455,10.629067245119305,17.787418655097614,0.5975609756097561,0.3510971786833856,0.25825,490.3333333333333,0.21393034825870647,0.688135593220339,0.286,115.0,3.0,28.0,131.0,461.0,402.0,88.0,21.0,3.0,41.0,0.365,0.376,49.0,0,2.0,,151.0,1.0,1,6.0,2.0,,54.90909090909091,55.444
2010,CL,広島東洋カープ,83185131,E.スタルツ,E.Stults,21.0,36.0,33.0,0.0,4.0,2.0,0.0,0.0,6.0,3.0,0.0,0,1.0,0.0,2.0,0,0.0,16.0,0.0,0.121,0.171,0.182,0.353,2.0,0.061,0.05000000000000002,0.232,5.555555555555555,44.44444444444444,0.125,0.23529411764705882,0.12245,231.66666666666669,0.12121212121212122,0.27586206896551724,0.121,4.0,0.0,3.0,21.0,36.0,33.0,2.0,2.0,0.0,0.0,0.171,0.182,2.0,0,0.0,,6.0,0.0,0,1.0,0.0,,1.0285714285714285,0.258
2010,CL,阪神タイガース,83585114,J.スタンリッジ,J.Standridge,23.0,44.0,38.0,3.0,1.0,0.0,0.0,0.0,1.0,0.0,0.0,0,2.0,0.0,4.0,0,0.0,25.0,2.0,0.026,0.119,0.026,0.145,1.0,0.0,0.093,0.119,9.090909090909092,56.81818181818182,0.16,0.07692307692307693,0.06005,127.66666666666666,0.10526315789473684,0.1282051282051282,0.026,1.0,0.0,0.0,23.0,44.0,38.0,1.0,0.0,0.0,3.0,0.119,0.026,4.0,0,0.0,,1.0,0.0,0,2.0,0.0,,0.11904761904761904,-1.8060000000000003
2010,CL,中日ドラゴンズ,85583868,谷繁　元信,M.Tanishige,110.0,367.0,308.0,23.0,75.0,15.0,0.0,7.0,111.0,32.0,0,1,11.0,1.0,42.0,0,5.0,81.0,5.0,0.244,0.343,0.36,0.7030000000000001,53.0,0.11599999999999999,0.09900000000000003,0.459,11.444141689373296,22.070844686648503,0.5185185185185185,0.3076923076923077,0.24435,463.0,0.2564935064935065,0.6680672268907563,0.244,75.0,7.0,32.0,110.0,367.0,308.0,53.0,15.0,0.0,23.0,0.343,0.36,42.0,0,5.0,,111.0,0,1,11.0,1.0,,37.105714285714285,40.236000000000004
2010,CL,中日ドラゴンズ,91095110,中村　一生,I.Nakamura,7.0,4.0,4.0,2.0,0.0,0.0,0.0,0.0,0.0,0.0,1,0,0.0,0.0,0.0,0,0.0,3.0,0.0,0.0,0.0,0.0,0.0,0.0,0.0,0.0,0.0,0.0,75.0,0.0,0.0,0.0,0.0,0.0,0.0,0.0,0.0,0.0,0.0,7.0,4.0,4.0,0.0,0.0,0.0,2.0,0.0,0.0,0.0,0,0.0,,0.0,1,0,0.0,0.0,,0.0,-0.392
2010,CL,読売ジャイアンツ,91095111,藤井　秀悟,S.Fujii,23.0,42.0,38.0,3.0,9.0,3.0,0.0,0.0,12.0,1.0,0.0,0,2.0,0.0,1.0,0,1.0,12.0,0.0,0.237,0.275,0.316,0.591,6.0,0.07900000000000001,0.038000000000000034,0.354,2.380952380952381,28.57142857142857,0.08333333333333333,0.34615384615384615,0.20275,380.33333333333337,0.10526315789473684,0.4827586206896552,0.237,9.0,0.0,1.0,23.0,42.0,38.0,6.0,3.0,0.0,3.0,0.275,0.316,1.0,0,1.0,,12.0,0.0,0,2.0,0.0,,3.076923076923077,2.978
2010,CL,東京ヤクルトスワローズ,91095114,高市　俊,S.Takaichi,8.0,2.0,2.0,0.0,0.0,0.0,0.0,0.0,0.0,0.0,0.0,0,0.0,0.0,0.0,0,0.0,0.0,0.0,0.0,0.0,0.0,0.0,0.0,0.0,0.0,0.0,0.0,0.0,nan,0.0,0.0,0.0,0.0,0.0,0.0,0.0,0.0,0.0,8.0,2.0,2.0,0.0,0.0,0.0,0.0,0.0,0.0,0.0,0,0.0,,0.0,0.0,0,0.0,0.0,,0.0,-0.196
2010,CL,横浜DeNAベイスターズ,91095115,寺原　隼人,H.Terahara,20.0,14.0,12.0,1.0,2.0,1.0,0.0,0.0,3.0,1.0,0.0,0,1.0,0.0,1.0,0,0.0,7.0,0.0,0.167,0.231,0.25,0.481,1.0,0.08299999999999999,0.064,0.314,7.142857142857142,50.0,0.14285714285714285,0.4,0.16645,314.33333333333337,0.16666666666666666,0.4,0.167,2.0,0.0,1.0,20.0,14.0,12.0,1.0,1.0,0.0,1.0,0.231,0.25,1.0,0,0.0,,3.0,0.0,0,1.0,0.0,,0.6923076923076923,0.5700000000000001
2010,CL,横浜DeNAベイスターズ,91195110,石川　雄洋,T.Ishikawa,131.0,584.0,521.0,69.0,153.0,23.0,6.0,0.0,188.0,18.0,36,13,38.0,1.0,21.0,0,3.0,91.0,6.0,0.294,0.324,0.361,0.685,124.0,0.067,0.030000000000000027,0.391,3.595890410958904,15.582191780821919,0.23076923076923078,0.35498839907192575,0.23605,444.33333333333337,0.1324376199616123,0.6016042780748663,0.294,153.0,0.0,18.0,131.0,584.0,521.0,124.0,23.0,6.0,69.0,0.324,0.361,21.0,0,3.0,,188.0,36,13,38.0,1.0,,60.35424354243543,58.996
2010,CL,横浜DeNAベイスターズ,91293881,野口　寿浩,T.Noguchi,2.0,2.0,2.0,0.0,0.0,0.0,0.0,0.0,0.0,0.0,0.0,0,0.0,0.0,0.0,0,0.0,1.0,0.0,0.0,0.0,0.0,0.0,0.0,0.0,0.0,0.0,0.0,50.0,0.0,0.0,0.0,0.0,0.0,0.0,0.0,0.0,0.0,0.0,2.0,2.0,2.0,0.0,0.0,0.0,0.0,0.0,0.0,0.0,0,0.0,,0.0,0.0,0,0.0,0.0,,0.0,-0.196
2010,CL,横浜DeNAベイスターズ,91295115,早川　大輔,D.Hayakawa,31.0,100.0,79.0,14.0,15.0,1.0,0.0,1.0,19.0,6.0,6,2,9.0,0.0,11.0,0,1.0,14.0,0.0,0.19,0.297,0.241,0.538,13.0,0.05099999999999999,0.10699999999999998,0.348,11.0,14.000000000000002,0.7857142857142857,0.21875,0.1939,377.3333333333333,0.21518987341772153,0.515625,0.19,15.0,1.0,6.0,31.0,100.0,79.0,13.0,1.0,0.0,14.0,0.297,0.241,11.0,0,1.0,,19.0,6,2,9.0,0.0,,5.488888888888889,6.708
2010,CL,中日ドラゴンズ,91393886,小田　幸平,K.Oda,37.0,95.0,84.0,5.0,23.0,8.0,0.0,0.0,31.0,11.0,0.0,0,2.0,2.0,6.0,0,1.0,14.0,1.0,0.274,0.323,0.369,0.692,15.0,0.09499999999999997,0.04899999999999999,0.418,6.315789473684211,14.736842105263156,0.42857142857142855,0.3194444444444444,0.2376,446.0,0.16666666666666666,0.6129032258064516,0.274,23.0,0.0,11.0,37.0,95.0,84.0,15.0,8.0,0.0,5.0,0.323,0.369,6.0,0,1.0,,31.0,0.0,0,2.0,2.0,,9.988888888888889,9.591999999999999
2010,CL,読売ジャイアンツ,91395114,上野　貴久,T.Ueno,1.0,0.0,0.0,0.0,0.0,0.0,0.0,0.0,0.0,0.0,0.0,0,0.0,0.0,0.0,0,0.0,0.0,0.0,,,,0.0,0.0,0.0,0.0,,nan,nan,nan,nan,0.0,0.0,nan,nan,,0.0,0.0,0.0,1.0,0.0,0.0,0.0,0.0,0.0,0.0,,,0.0,0,0.0,,0.0,0.0,0,0.0,0.0,,nan,0.0
2010,CL,横浜DeNAベイスターズ,91395115,井手　正太郎,S.Ide,49.0,114.0,104.0,7.0,21.0,8.0,0.0,1.0,32.0,5.0,1.0,1,3.0,0.0,7.0,0,0.0,22.0,4.0,0.202,0.252,0.308,0.56,12.0,0.10599999999999998,0.04999999999999999,0.358,6.140350877192982,19.298245614035086,0.3181818181818182,0.24691358024691357,0.1904,354.6666666666667,0.18269230769230768,0.45977011494252873,0.202,21.0,1.0,5.0,49.0,114.0,104.0,12.0,8.0,0.0,7.0,0.252,0.308,7.0,0,0.0,,32.0,1.0,1,3.0,0.0,,8.072072072072071,7.555999999999999
2010,CL,東京ヤクルトスワローズ,91395119,押本　健彦,T.Oshimoto,61.0,1.0,1.0,0.0,0.0,0.0,0.0,0.0,0.0,0.0,0.0,0,0.0,0.0,0.0,0,0.0,0.0,0.0,0.0,0.0,0.0,0.0,0.0,0.0,0.0,0.0,0.0,0.0,nan,0.0,0.0,0.0,0.0,0.0,0.0,0.0,0.0,0.0,61.0,1.0,1.0,0.0,0.0,0.0,0.0,0.0,0.0,0.0,0,0.0,,0.0,0.0,0,0.0,0.0,,0.0,-0.098
2010,CL,東京ヤクルトスワローズ,91493888,吉本　亮,R.Yoshimoto,22.0,31.0,28.0,1.0,6.0,3.0,0.0,0.0,9.0,2.0,0.0,0,1.0,1.0,1.0,0,0.0,7.0,0.0,0.214,0.233,0.321,0.554,3.0,0.10700000000000001,0.019000000000000017,0.34,3.225806451612903,22.58064516129032,0.14285714285714285,0.2727272727272727,0.18510000000000001,340.0,0.14285714285714285,0.45454545454545453,0.214,6.0,0.0,2.0,22.0,31.0,28.0,3.0,3.0,0.0,1.0,0.233,0.321,1.0,0,0.0,,9.0,0.0,0,1.0,1.0,,2.1724137931034484,1.834
2010,CL,中日ドラゴンズ,91495115,前田　章宏,A.Maeda,9.0,4.0,4.0,0.0,1.0,1.0,0.0,0.0,2.0,0.0,0.0,0,0.0,0.0,0.0,0,0.0,1.0,0.0,0.25,0.25,0.5,0.75,0.0,0.25,0.0,0.5,0.0,25.0,0.0,0.3333333333333333,0.2375,416.66666666666663,0.25,0.6666666666666666,0.25,1.0,0.0,0.0,9.0,4.0,4.0,0.0,1.0,0.0,0.0,0.25,0.5,0.0,0,0.0,,2.0,0.0,0,0.0,0.0,,0.5,0.42599999999999993
2010,CL,横浜DeNAベイスターズ,91495116,松山　傑,S.Matsuyama,5.0,0.0,0.0,0.0,0.0,0.0,0.0,0.0,0.0,0.0,0.0,0,0.0,0.0,0.0,0,0.0,0.0,0.0,,,,0.0,0.0,0.0,0.0,,nan,nan,nan,nan,0.0,0.0,nan,nan,,0.0,0.0,0.0,5.0,0.0,0.0,0.0,0.0,0.0,0.0,,,0.0,0,0.0,,0.0,0.0,0,0.0,0.0,,nan,0.0
2010,CL,横浜DeNAベイスターズ,91495131,眞下　貴之,T.Makka,2.0,3.0,3.0,0.0,0.0,0.0,0.0,0.0,0.0,0.0,0.0,0,0.0,0.0,0.0,0,0.0,3.0,0.0,0.0,0.0,0.0,0.0,0.0,0.0,0.0,0.0,0.0,100.0,0.0,nan,0.0,0.0,0.0,0.0,0.0,0.0,0.0,0.0,2.0,3.0,3.0,0.0,0.0,0.0,0.0,0.0,0.0,0.0,0,0.0,,0.0,0.0,0,0.0,0.0,,0.0,-0.29400000000000004
2010,CL,横浜DeNAベイスターズ,91593888,金城　龍彦,T.Kinjou,96.0,149.0,130.0,9.0,27.0,7.0,0.0,1.0,37.0,10.0,0.0,0,4.0,0.0,15.0,0,0.0,17.0,3.0,0.208,0.29,0.285,0.575,19.0,0.07699999999999999,0.08199999999999999,0.367,10.06711409395973,11.409395973154362,0.8823529411764706,0.23214285714285715,0.20174999999999998,384.99999999999994,0.19230769230769232,0.49056603773584906,0.208,27.0,1.0,10.0,96.0,149.0,130.0,19.0,7.0,0.0,9.0,0.29,0.285,15.0,0,0.0,,37.0,0.0,0,4.0,0.0,,10.717241379310344,10.835999999999999
2010,CL,広島東洋カープ,91595110,岸本　秀樹,H.Kishimoto,51.0,1.0,1.0,0.0,1.0,0.0,0.0,0.0,1.0,0.0,0.0,0,0.0,0.0,0.0,0,0.0,0.0,0.0,1.0,1.0,1.0,2.0,1.0,0.0,0.0,1.0,0.0,0.0,nan,1.0,0.7,1333.3333333333333,0.0,nan,1.0,1.0,0.0,0.0,51.0,1.0,1.0,1.0,0.0,0.0,0.0,1.0,1.0,0.0,0,0.0,,1.0,0.0,0,0.0,0.0,,1.0,0.5
2010,CL,読売ジャイアンツ,91695131,エドガー,E.Gonzalez,100.0,327.0,289.0,26.0,76.0,18.0,1.0,12.0,132.0,44.0,2.0,2,2.0,1.0,34.0,0,1.0,67.0,7.0,0.263,0.342,0.457,0.799,45.0,0.194,0.07900000000000001,0.536,10.397553516819572,20.489296636085626,0.5074626865671642,0.3033175355450237,0.26815,494.3333333333334,0.31833910034602075,0.7681818181818182,0.263,76.0,12.0,44.0,100.0,327.0,289.0,45.0,18.0,1.0,26.0,0.342,0.457,34.0,0,1.0,,132.0,2.0,2,2.0,1.0,,44.95356037151703,44.815999999999995
2010,CL,中日ドラゴンズ,91895131,バルデス,E.Valdez,8.0,10.0,9.0,1.0,1.0,0.0,0.0,0.0,1.0,0.0,0.0,0,1.0,0.0,0.0,0,0.0,5.0,0.0,0.111,0.111,0.111,0.222,1.0,0.0,0.0,0.111,0.0,50.0,0.0,0.25,0.0777,148.0,0.0,0.125,0.111,1.0,0.0,0.0,8.0,10.0,9.0,1.0,0.0,0.0,1.0,0.111,0.111,0.0,0,0.0,,1.0,0.0,0,1.0,0.0,,0.1111111111111111,-0.28400000000000003
2010,CL,横浜DeNAベイスターズ,91993880,橋本　将,T.Hashimoto,43.0,148.0,134.0,13.0,33.0,3.0,1.0,2.0,44.0,13.0,0.0,0,0.0,0.0,13.0,0,1.0,40.0,3.0,0.246,0.318,0.328,0.646,27.0,0.08200000000000002,0.07200000000000001,0.4,8.783783783783784,27.027027027027028,0.325,0.33695652173913043,0.22510000000000002,427.33333333333337,0.1791044776119403,0.5576923076923077,0.246,33.0,2.0,13.0,43.0,148.0,134.0,27.0,3.0,1.0,13.0,0.318,0.328,13.0,0,1.0,,44.0,0.0,0,0.0,0.0,,13.768707482993197,14.302
2010,CL,読売ジャイアンツ,91993884,谷　佳知,Y.Tani,84.0,195.0,176.0,16.0,42.0,6.0,0.0,2.0,54.0,10.0,2,3,4.0,1.0,13.0,0,1.0,32.0,4.0,0.239,0.293,0.307,0.6,34.0,0.068,0.05399999999999999,0.361,6.666666666666667,16.41025641025641,0.40625,0.27972027972027974,0.2086,395.3333333333333,0.1590909090909091,0.5144927536231884,0.239,42.0,2.0,10.0,84.0,195.0,176.0,34.0,6.0,0.0,16.0,0.293,0.307,13.0,0,1.0,,54.0,2,3,4.0,1.0,,15.714285714285714,16.228
2010,CL,阪神タイガース,91995119,筒井　和也,K.Tsutsui,23.0,0.0,0.0,0.0,0.0,0.0,0.0,0.0,0.0,0.0,0.0,0,0.0,0.0,0.0,0,0.0,0.0,0.0,,,,0.0,0.0,0.0,0.0,,nan,nan,nan,nan,0.0,0.0,nan,nan,,0.0,0.0,0.0,23.0,0.0,0.0,0.0,0.0,0.0,0.0,,,0.0,0,0.0,,0.0,0.0,0,0.0,0.0,,nan,0.0
2010,CL,読売ジャイアンツ,91995131,長野　久義,H.Chouno,128.0,459.0,430.0,66.0,124.0,24.0,3.0,19.0,211.0,52.0,12,4,2.0,0.0,25.0,0,2.0,72.0,10.0,0.288,0.33,0.491,0.821,78.0,0.203,0.04200000000000004,0.533,5.446623093681917,15.686274509803921,0.3472222222222222,0.30973451327433627,0.27125,493.6666666666667,0.26976744186046514,0.7658227848101266,0.288,124.0,19.0,52.0,128.0,459.0,430.0,78.0,24.0,3.0,66.0,0.33,0.491,25.0,0,2.0,,211.0,12,4,2.0,0.0,,69.0967032967033,66.40199999999999
2010,CL,東京ヤクルトスワローズ,93195114,A.ガイエル,A.Guiel,81.0,309.0,251.0,33.0,50.0,7.0,0.0,16.0,105.0,41.0,0,3,0.0,0.0,42.0,0,16.0,70.0,3.0,0.199,0.35,0.418,0.768,27.0,0.21899999999999997,0.15099999999999997,0.569,13.592233009708737,22.653721682847898,0.6,0.20606060606060606,0.262,489.3333333333333,0.398406374501992,0.8137254901960784,0.199,50.0,16.0,41.0,81.0,309.0,251.0,27.0,7.0,0.0,33.0,0.35,0.418,42.0,0,16.0,,105.0,0,3,0.0,0.0,,32.96928327645051,41.562
2010,CL,阪神タイガース,93195131,R.メッセンジャー,R.Messenger,28.0,23.0,22.0,2.0,3.0,1.0,0.0,0.0,4.0,0.0,0.0,0,0.0,0.0,1.0,0,0.0,11.0,0.0,0.136,0.174,0.182,0.356,2.0,0.045999999999999985,0.03799999999999998,0.2199999999999999,4.3478260869565215,47.82608695652174,0.09090909090909091,0.2727272727272727,0.1238,234.66666666666666,0.09090909090909091,0.2631578947368421,0.136,3.0,0.0,0.0,28.0,23.0,22.0,2.0,1.0,0.0,2.0,0.174,0.182,1.0,0,0.0,,4.0,0.0,0,0.0,0.0,,0.6956521739130435,0.18799999999999972
2010,CL,横浜DeNAベイスターズ,93395131,B.ハーパー,B.Harper,64.0,261.0,225.0,27.0,71.0,6.0,0.0,19.0,134.0,56.0,0.0,0,0.0,4.0,28.0,0,4.0,58.0,7.0,0.316,0.395,0.596,0.991,46.0,0.27999999999999997,0.07900000000000001,0.675,10.727969348659004,22.22222222222222,0.4827586206896552,0.34210526315789475,0.32675,593.6666666666666,0.40444444444444444,1.031055900621118,0.316,71.0,19.0,56.0,64.0,261.0,225.0,46.0,6.0,0.0,27.0,0.395,0.596,28.0,0,4.0,,134.0,0.0,0,0.0,4.0,,52.43478260869565,50.147999999999996
2010,CL,読売ジャイアンツ,93993868,大道　典嘉,N.Oomichi,5.0,5.0,5.0,0.0,0.0,0.0,0.0,0.0,0.0,0.0,0.0,0,0.0,0.0,0.0,0,0.0,1.0,0.0,0.0,0.0,0.0,0.0,0.0,0.0,0.0,0.0,0.0,20.0,0.0,0.0,0.0,0.0,0.0,0.0,0.0,0.0,0.0,0.0,5.0,5.0,5.0,0.0,0.0,0.0,0.0,0.0,0.0,0.0,0,0.0,,0.0,0.0,0,0.0,0.0,,0.0,-0.49
