year,league,team,player_id,player_name_ja,player_name_en,G,PA,AB,R,H,2B,3B,HR,TB,RBI,SB,CS,SH,SF,BB,IBB,HBP,SO,GDP,AVG,OBP,SLG,OPS,1B,IsoP,IsoD,IOPS,BB%,K%,BB/K,BABIP,GPA,NOI,SecA,TA,打率,安打,本塁打,打点,試合,打席,打数,単打,二塁打,三塁打,得点,出塁率,長打率,四球,敬遠,死球,三振,塁打,盗塁,盗塁死,犠打,犠飛,併殺打,RC,XR
2017,PL,千葉ロッテマリーンズ,1005112,田中　靖洋,Y.Tanaka,13.0,0.0,0.0,0.0,0.0,0.0,0.0,0.0,0.0,0.0,0.0,0,0.0,0.0,0.0,0,0.0,0.0,0.0,,,,0.0,0.0,0.0,0.0,,nan,nan,nan,nan,0.0,0.0,nan,nan,,0.0,0.0,0.0,13.0,0.0,0.0,0.0,0.0,0.0,0.0,,,0.0,0,0.0,,0.0,0.0,0,0.0,0.0,,nan,0.0
2017,PL,オリックス・バファローズ,1005113,中島　宏之,H.Nakajima,124.0,489.0,431.0,36.0,123.0,19.0,0.0,9.0,169.0,49.0,0.0,0,0.0,5.0,46.0,0,7.0,93.0,11.0,0.285,0.36,0.392,0.752,95.0,0.10700000000000004,0.07500000000000001,0.467,9.406952965235174,19.018404907975462,0.4946236559139785,0.3413173652694611,0.26,490.6666666666667,0.21345707656612528,0.6959247648902821,0.285,123.0,9.0,49.0,124.0,489.0,431.0,95.0,19.0,0.0,36.0,0.36,0.392,46.0,0,7.0,,169.0,0.0,0,0.0,5.0,,59.876310272536685,61.446
2017,PL,北海道日本ハムファイターズ,1005130,髙濱　祐仁,Y.Takahama,3.0,12.0,11.0,0.0,2.0,0.0,0.0,0.0,2.0,0.0,0.0,0,0.0,0.0,1.0,0,0.0,5.0,0.0,0.182,0.25,0.182,0.432,2.0,0.0,0.068,0.25,8.333333333333332,41.66666666666667,0.2,0.3333333333333333,0.158,310.66666666666663,0.09090909090909091,0.3333333333333333,0.182,2.0,0.0,0.0,3.0,12.0,11.0,2.0,0.0,0.0,0.0,0.25,0.182,1.0,0,0.0,,2.0,0.0,0,0.0,0.0,,0.5,0.44800000000000006
2017,PL,福岡ソフトバンクホークス,1005133,千賀　滉大,K.Senga,22.0,3.0,3.0,0.0,0.0,0.0,0.0,0.0,0.0,0.0,0.0,0,0.0,0.0,0.0,0,0.0,1.0,0.0,0.0,0.0,0.0,0.0,0.0,0.0,0.0,0.0,0.0,33.33333333333333,0.0,0.0,0.0,0.0,0.0,0.0,0.0,0.0,0.0,0.0,22.0,3.0,3.0,0.0,0.0,0.0,0.0,0.0,0.0,0.0,0,0.0,,0.0,0.0,0,0.0,0.0,,0.0,-0.29400000000000004
2017,PL,福岡ソフトバンクホークス,1005135,武田　翔太,S.Takeda,13.0,0.0,0.0,0.0,0.0,0.0,0.0,0.0,0.0,0.0,0.0,0,0.0,0.0,0.0,0,0.0,0.0,0.0,,,,0.0,0.0,0.0,0.0,,nan,nan,nan,nan,0.0,0.0,nan,nan,,0.0,0.0,0.0,13.0,0.0,0.0,0.0,0.0,0.0,0.0,,,0.0,0,0.0,,0.0,0.0,0,0.0,0.0,,nan,0.0
2017,PL,福岡ソフトバンクホークス,1005137,東浜　巨,N.Higashihama,24.0,2.0,2.0,0.0,0.0,0.0,0.0,0.0,0.0,0.0,0.0,0,0.0,0.0,0.0,0,0.0,2.0,0.0,0.0,0.0,0.0,0.0,0.0,0.0,0.0,0.0,0.0,100.0,0.0,nan,0.0,0.0,0.0,0.0,0.0,0.0,0.0,0.0,24.0,2.0,2.0,0.0,0.0,0.0,0.0,0.0,0.0,0.0,0,0.0,,0.0,0.0,0,0.0,0.0,,0.0,-0.196
2017,PL,千葉ロッテマリーンズ,11015132,関谷　亮太,R.Sekiya,10.0,0.0,0.0,0.0,0.0,0.0,0.0,0.0,0.0,0.0,0.0,0,0.0,0.0,0.0,0,0.0,0.0,0.0,,,,0.0,0.0,0.0,0.0,,nan,nan,nan,nan,0.0,0.0,nan,nan,,0.0,0.0,0.0,10.0,0.0,0.0,0.0,0.0,0.0,0.0,,,0.0,0,0.0,,0.0,0.0,0,0.0,0.0,,nan,0.0
2017,PL,東北楽天ゴールデンイーグルス,11015133,塩見　貴洋,T.Shiomi,8.0,0.0,0.0,0.0,0.0,0.0,0.0,0.0,0.0,0.0,0.0,0,0.0,0.0,0.0,0,0.0,0.0,0.0,,,,0.0,0.0,0.0,0.0,,nan,nan,nan,nan,0.0,0.0,nan,nan,,0.0,0.0,0.0,8.0,0.0,0.0,0.0,0.0,0.0,0.0,,,0.0,0,0.0,,0.0,0.0,0,0.0,0.0,,nan,0.0
2017,PL,オリックス・バファローズ,11015139,東明　大貴,D.Toumei,3.0,1.0,1.0,0.0,0.0,0.0,0.0,0.0,0.0,0.0,0.0,0,0.0,0.0,0.0,0,0.0,0.0,0.0,0.0,0.0,0.0,0.0,0.0,0.0,0.0,0.0,0.0,0.0,nan,0.0,0.0,0.0,0.0,0.0,0.0,0.0,0.0,0.0,3.0,1.0,1.0,0.0,0.0,0.0,0.0,0.0,0.0,0.0,0,0.0,,0.0,0.0,0,0.0,0.0,,0.0,-0.098
2017,PL,オリックス・バファローズ,1105132,赤間　謙,K.Akama,7.0,1.0,1.0,0.0,0.0,0.0,0.0,0.0,0.0,0.0,0.0,0,0.0,0.0,0.0,0,0.0,0.0,0.0,0.0,0.0,0.0,0.0,0.0,0.0,0.0,0.0,0.0,0.0,nan,0.0,0.0,0.0,0.0,0.0,0.0,0.0,0.0,0.0,7.0,1.0,1.0,0.0,0.0,0.0,0.0,0.0,0.0,0.0,0,0.0,,0.0,0.0,0,0.0,0.0,,0.0,-0.098
2017,PL,福岡ソフトバンクホークス,1105137,飯田　優也,Y.Iida,19.0,0.0,0.0,0.0,0.0,0.0,0.0,0.0,0.0,0.0,0.0,0,0.0,0.0,0.0,0,0.0,0.0,0.0,,,,0.0,0.0,0.0,0.0,,nan,nan,nan,nan,0.0,0.0,nan,nan,,0.0,0.0,0.0,19.0,0.0,0.0,0.0,0.0,0.0,0.0,,,0.0,0,0.0,,0.0,0.0,0,0.0,0.0,,nan,0.0
2017,PL,福岡ソフトバンクホークス,11215116,中村　晃,A.Nakamura,143.0,600.0,511.0,66.0,138.0,19.0,2.0,6.0,179.0,42.0,3,5,14.0,5.0,67.0,0,3.0,57.0,5.0,0.27,0.355,0.35,0.705,111.0,0.07999999999999996,0.08499999999999996,0.4349999999999999,11.166666666666666,9.5,1.1754385964912282,0.2913907284768212,0.24725,471.66666666666663,0.22113502935420742,0.671957671957672,0.27,138.0,6.0,42.0,143.0,600.0,511.0,111.0,19.0,2.0,66.0,0.355,0.35,67.0,0,3.0,,179.0,3,5,14.0,5.0,,63.48615916955017,67.346
2017,PL,北海道日本ハムファイターズ,11215118,中島　卓也,T.Nakashima,91.0,331.0,283.0,26.0,59.0,1.0,2.0,1.0,67.0,13.0,11,3,25.0,0.0,23.0,0,0.0,80.0,2.0,0.208,0.268,0.237,0.505,55.0,0.028999999999999998,0.060000000000000026,0.297,6.948640483383686,24.169184290030213,0.2875,0.2871287128712871,0.17985,347.00000000000006,0.12014134275618374,0.41150442477876104,0.208,59.0,1.0,13.0,91.0,331.0,283.0,55.0,1.0,2.0,26.0,0.268,0.237,23.0,0,0.0,,67.0,11,3,25.0,0.0,,17.954248366013072,17.917999999999996
2017,PL,東北楽天ゴールデンイーグルス,11215134,田中　和基,K.Tanaka,51.0,59.0,54.0,9.0,6.0,2.0,0.0,1.0,11.0,2.0,7,2,2.0,0.0,3.0,0,0.0,25.0,0.0,0.111,0.158,0.204,0.362,3.0,0.09299999999999999,0.047,0.251,5.084745762711865,42.3728813559322,0.12,0.17857142857142858,0.12209999999999999,225.99999999999997,0.18518518518518517,0.3333333333333333,0.111,6.0,1.0,2.0,51.0,59.0,54.0,3.0,2.0,0.0,9.0,0.158,0.204,3.0,0,0.0,,11.0,7,2,2.0,0.0,,1.736842105263158,1.0259999999999998
2017,PL,福岡ソフトバンクホークス,11215135,塚田　正義,M.Tsukada,14.0,27.0,26.0,3.0,4.0,1.0,0.0,2.0,11.0,2.0,0.0,0,0.0,0.0,0.0,0,1.0,8.0,1.0,0.154,0.185,0.423,0.608,1.0,0.269,0.031,0.454,0.0,29.629629629629626,0.0,0.125,0.189,325.99999999999994,0.2692307692307692,0.5217391304347826,0.154,4.0,2.0,2.0,14.0,27.0,26.0,1.0,1.0,0.0,3.0,0.185,0.423,0.0,0,1.0,,11.0,0.0,0,0.0,0.0,,1.6923076923076923,2.2739999999999996
2017,PL,福岡ソフトバンクホークス,11315110,江川　智晃,T.Egawa,32.0,71.0,67.0,6.0,12.0,3.0,0.0,1.0,18.0,5.0,0.0,0,1.0,0.0,2.0,0,1.0,20.0,0.0,0.179,0.214,0.269,0.483,8.0,0.09000000000000002,0.035,0.304,2.8169014084507045,28.169014084507044,0.1,0.2391304347826087,0.16355,303.66666666666663,0.11940298507462686,0.38181818181818183,0.179,12.0,1.0,5.0,32.0,71.0,67.0,8.0,3.0,0.0,6.0,0.214,0.269,2.0,0,1.0,,18.0,0.0,0,1.0,0.0,,3.652173913043478,3.1999999999999993
2017,PL,北海道日本ハムファイターズ,11315134,今井　順之助,J.Imai,1.0,4.0,4.0,0.0,1.0,0.0,0.0,0.0,1.0,1.0,0.0,0,0.0,0.0,0.0,0,0.0,1.0,0.0,0.25,0.25,0.25,0.5,1.0,0.0,0.0,0.25,0.0,25.0,0.0,0.3333333333333333,0.175,333.3333333333333,0.0,0.3333333333333333,0.25,1.0,0.0,1.0,1.0,4.0,4.0,1.0,0.0,0.0,0.0,0.25,0.25,0.0,0,0.0,,1.0,0.0,0,0.0,0.0,,0.25,0.20599999999999996
2017,PL,千葉ロッテマリーンズ,11315139,井上　晴哉,S.Inoue,35.0,119.0,113.0,5.0,26.0,7.0,0.0,0.0,33.0,11.0,0.0,0,0.0,0.0,5.0,0,1.0,26.0,2.0,0.23,0.269,0.292,0.5609999999999999,19.0,0.06199999999999997,0.03900000000000001,0.3309999999999999,4.201680672268908,21.84873949579832,0.19230769230769232,0.2988505747126437,0.19405,366.33333333333337,0.10619469026548672,0.43820224719101125,0.23,26.0,0.0,11.0,35.0,119.0,113.0,19.0,7.0,0.0,5.0,0.269,0.292,5.0,0,1.0,,33.0,0.0,0,0.0,0.0,,8.669491525423728,7.994
2017,PL,埼玉西武ライオンズ,11415135,永江　恭平,K.Nagae,25.0,19.0,17.0,3.0,4.0,1.0,0.0,1.0,8.0,4.0,0.0,0,2.0,0.0,0.0,0,0.0,5.0,0.0,0.235,0.235,0.471,0.706,2.0,0.236,0.0,0.471,0.0,26.31578947368421,0.0,0.2727272727272727,0.22349999999999998,392.0,0.23529411764705882,0.6153846153846154,0.235,4.0,1.0,4.0,25.0,19.0,17.0,2.0,1.0,0.0,3.0,0.235,0.471,0.0,0,0.0,,8.0,0.0,0,2.0,0.0,,1.8823529411764706,1.8860000000000001
2017,PL,オリックス・バファローズ,11515132,大城　滉二,K.Ooshiro,122.0,400.0,345.0,28.0,85.0,10.0,1.0,2.0,103.0,21.0,7,4,35.0,1.0,16.0,0,3.0,59.0,6.0,0.246,0.285,0.299,0.584,72.0,0.05299999999999999,0.03899999999999998,0.3379999999999999,4.0,14.75,0.2711864406779661,0.2912280701754386,0.203,384.66666666666663,0.11014492753623188,0.47368421052631576,0.246,85.0,2.0,21.0,122.0,400.0,345.0,72.0,10.0,1.0,28.0,0.285,0.299,16.0,0,3.0,,103.0,7,4,35.0,1.0,,28.817174515235457,28.630000000000006
2017,PL,北海道日本ハムファイターズ,11515139,岡　大海,H.Oka,60.0,132.0,124.0,15.0,21.0,4.0,1.0,0.0,27.0,7.0,6,2,3.0,1.0,4.0,0,0.0,34.0,4.0,0.169,0.194,0.218,0.41200000000000003,16.0,0.04899999999999999,0.024999999999999994,0.243,3.0303030303030303,25.757575757575758,0.11764705882352941,0.23076923076923078,0.1418,266.6666666666667,0.0967741935483871,0.308411214953271,0.169,21.0,0.0,7.0,60.0,132.0,124.0,16.0,4.0,1.0,15.0,0.194,0.218,4.0,0,0.0,,27.0,6,2,3.0,1.0,,5.2734375,3.5059999999999967
2017,PL,福岡ソフトバンクホークス,11615114,福田　秀平,S.Fukuda,104.0,113.0,104.0,15.0,19.0,2.0,1.0,3.0,32.0,16.0,4,2,3.0,0.0,6.0,0,0.0,34.0,1.0,0.183,0.227,0.308,0.535,13.0,0.125,0.04400000000000001,0.352,5.3097345132743365,30.08849557522124,0.17647058823529413,0.23880597014925373,0.17915,329.6666666666667,0.20192307692307693,0.46511627906976744,0.183,19.0,3.0,16.0,104.0,113.0,104.0,13.0,2.0,1.0,15.0,0.227,0.308,6.0,0,0.0,,32.0,4,2,3.0,0.0,,7.2727272727272725,7.3100000000000005
2017,PL,東北楽天ゴールデンイーグルス,11615130,福田　将儀,M.Fukuda,9.0,7.0,7.0,1.0,1.0,0.0,0.0,0.0,1.0,1.0,1,0,0.0,0.0,0.0,0,0.0,1.0,0.0,0.143,0.143,0.143,0.286,1.0,0.0,0.0,0.143,0.0,14.285714285714285,0.0,0.16666666666666666,0.1001,190.66666666666666,0.0,0.16666666666666666,0.143,1.0,0.0,1.0,9.0,7.0,7.0,1.0,0.0,0.0,1.0,0.143,0.143,0.0,0,0.0,,1.0,1,0,0.0,0.0,,0.14285714285714285,-0.08800000000000008
2017,PL,千葉ロッテマリーンズ,11615135,藤岡　貴裕,T.Fujioka,10.0,0.0,0.0,0.0,0.0,0.0,0.0,0.0,0.0,0.0,0.0,0,0.0,0.0,0.0,0,0.0,0.0,0.0,,,,0.0,0.0,0.0,0.0,,nan,nan,nan,nan,0.0,0.0,nan,nan,,0.0,0.0,0.0,10.0,0.0,0.0,0.0,0.0,0.0,0.0,,,0.0,0,0.0,,0.0,0.0,0,0.0,0.0,,nan,0.0
2017,PL,北海道日本ハムファイターズ,11715139,岸里　亮佑,R.Kishisato,7.0,14.0,14.0,1.0,2.0,1.0,0.0,0.0,3.0,0.0,0.0,0,0.0,0.0,0.0,0,0.0,3.0,0.0,0.143,0.143,0.214,0.357,1.0,0.07100000000000001,0.0,0.214,0.0,21.428571428571427,0.0,0.18181818181818182,0.11784999999999998,214.33333333333331,0.07142857142857142,0.25,0.143,2.0,0.0,0.0,7.0,14.0,14.0,1.0,1.0,0.0,1.0,0.143,0.214,0.0,0,0.0,,3.0,0.0,0,0.0,0.0,,0.42857142857142855,0.04399999999999982
2017,PL,福岡ソフトバンクホークス,11815114,山田　大樹,H.Yamada,2.0,1.0,1.0,0.0,0.0,0.0,0.0,0.0,0.0,0.0,0.0,0,0.0,0.0,0.0,0,0.0,1.0,0.0,0.0,0.0,0.0,0.0,0.0,0.0,0.0,0.0,0.0,100.0,0.0,nan,0.0,0.0,0.0,0.0,0.0,0.0,0.0,0.0,2.0,1.0,1.0,0.0,0.0,0.0,0.0,0.0,0.0,0.0,0,0.0,,0.0,0.0,0,0.0,0.0,,0.0,-0.098
2017,PL,福岡ソフトバンクホークス,11815117,和田　毅,T.Wada,8.0,0.0,0.0,0.0,0.0,0.0,0.0,0.0,0.0,0.0,0.0,0,0.0,0.0,0.0,0,0.0,0.0,0.0,,,,0.0,0.0,0.0,0.0,,nan,nan,nan,nan,0.0,0.0,nan,nan,,0.0,0.0,0.0,8.0,0.0,0.0,0.0,0.0,0.0,0.0,,,0.0,0,0.0,,0.0,0.0,0,0.0,0.0,,nan,0.0
2017,PL,オリックス・バファローズ,11815130,宗　佑磨,Y.Mune,10.0,26.0,22.0,2.0,4.0,1.0,0.0,0.0,5.0,0.0,0,3,0.0,0.0,3.0,0,1.0,6.0,1.0,0.182,0.308,0.227,0.535,3.0,0.04500000000000001,0.126,0.353,11.538461538461538,23.076923076923077,0.5,0.25,0.19535,383.66666666666663,0.3181818181818182,0.631578947368421,0.182,4.0,0.0,0.0,10.0,26.0,22.0,3.0,1.0,0.0,2.0,0.308,0.227,3.0,0,1.0,,5.0,0,3,0.0,0.0,,1.4,2.316
2017,PL,東北楽天ゴールデンイーグルス,11815135,三好　匠,T.Miyoshi,56.0,115.0,103.0,12.0,25.0,9.0,0.0,1.0,37.0,9.0,0,1,4.0,1.0,7.0,0,0.0,27.0,1.0,0.243,0.288,0.359,0.647,15.0,0.11599999999999999,0.044999999999999984,0.4039999999999999,6.086956521739131,23.47826086956522,0.25925925925925924,0.3157894736842105,0.21935,407.66666666666663,0.1941747572815534,0.569620253164557,0.243,25.0,1.0,9.0,56.0,115.0,103.0,15.0,9.0,0.0,12.0,0.288,0.359,7.0,0,0.0,,37.0,0,1,4.0,1.0,,10.763636363636364,10.266
2017,PL,北海道日本ハムファイターズ,11915111,田中　賢介,K.Tanaka,107.0,349.0,314.0,22.0,79.0,6.0,1.0,2.0,93.0,18.0,11,4,0.0,0.0,35.0,0,0.0,36.0,4.0,0.252,0.327,0.296,0.623,70.0,0.043999999999999984,0.07500000000000001,0.371,10.028653295128938,10.315186246418339,0.9722222222222222,0.27898550724637683,0.22115,425.6666666666667,0.16878980891719744,0.5523012552301255,0.252,79.0,2.0,18.0,107.0,349.0,314.0,70.0,6.0,1.0,22.0,0.327,0.296,35.0,0,0.0,,93.0,11,4,0.0,0.0,,30.378223495702006,32.480000000000004
2017,PL,オリックス・バファローズ,11915135,佐藤　達也,T.Satou,12.0,0.0,0.0,0.0,0.0,0.0,0.0,0.0,0.0,0.0,0.0,0,0.0,0.0,0.0,0,0.0,0.0,0.0,,,,0.0,0.0,0.0,0.0,,nan,nan,nan,nan,0.0,0.0,nan,nan,,0.0,0.0,0.0,12.0,0.0,0.0,0.0,0.0,0.0,0.0,,,0.0,0,0.0,,0.0,0.0,0,0.0,0.0,,nan,0.0
2017,PL,福岡ソフトバンクホークス,11915137,髙田　知季,T.Takata,58.0,130.0,114.0,10.0,26.0,4.0,2.0,2.0,40.0,8.0,2,0,9.0,0.0,5.0,0,2.0,28.0,0.0,0.228,0.273,0.351,0.624,18.0,0.12299999999999997,0.04500000000000001,0.396,3.8461538461538463,21.53846153846154,0.17857142857142858,0.2857142857142857,0.2106,390.0,0.16666666666666666,0.5340909090909091,0.228,26.0,2.0,8.0,58.0,130.0,114.0,18.0,4.0,2.0,10.0,0.273,0.351,5.0,0,2.0,,40.0,2,0,9.0,0.0,,10.420168067226891,10.525999999999998
2017,PL,千葉ロッテマリーンズ,1205112,根元　俊一,S.Nemoto,40.0,118.0,109.0,10.0,24.0,7.0,1.0,1.0,36.0,9.0,1,0,2.0,0.0,6.0,0,1.0,34.0,0.0,0.22,0.267,0.33,0.597,15.0,0.11000000000000001,0.047000000000000014,0.377,5.084745762711865,28.8135593220339,0.17647058823529413,0.3108108108108108,0.20265,377.0,0.1651376146788991,0.5058823529411764,0.22,24.0,1.0,9.0,40.0,118.0,109.0,15.0,7.0,1.0,10.0,0.267,0.33,6.0,0,1.0,,36.0,1,0,2.0,0.0,,9.391304347826088,8.999999999999998
2017,PL,千葉ロッテマリーンズ,1205118,西野　勇士,Y.Nishino,5.0,0.0,0.0,0.0,0.0,0.0,0.0,0.0,0.0,0.0,0.0,0,0.0,0.0,0.0,0,0.0,0.0,0.0,,,,0.0,0.0,0.0,0.0,,nan,nan,nan,nan,0.0,0.0,nan,nan,,0.0,0.0,0.0,5.0,0.0,0.0,0.0,0.0,0.0,0.0,,,0.0,0,0.0,,0.0,0.0,0,0.0,0.0,,nan,0.0
2017,PL,埼玉西武ライオンズ,1205134,田村　伊知郎,I.Tamura,12.0,0.0,0.0,0.0,0.0,0.0,0.0,0.0,0.0,0.0,0.0,0,0.0,0.0,0.0,0,0.0,0.0,0.0,,,,0.0,0.0,0.0,0.0,,nan,nan,nan,nan,0.0,0.0,nan,nan,,0.0,0.0,0.0,12.0,0.0,0.0,0.0,0.0,0.0,0.0,,,0.0,0,0.0,,0.0,0.0,0,0.0,0.0,,nan,0.0
2017,PL,千葉ロッテマリーンズ,1205137,松永　昂大,T.Matsunaga,50.0,0.0,0.0,0.0,0.0,0.0,0.0,0.0,0.0,0.0,0.0,0,0.0,0.0,0.0,0,0.0,0.0,0.0,,,,0.0,0.0,0.0,0.0,,nan,nan,nan,nan,0.0,0.0,nan,nan,,0.0,0.0,0.0,50.0,0.0,0.0,0.0,0.0,0.0,0.0,,,0.0,0,0.0,,0.0,0.0,0,0.0,0.0,,nan,0.0
2017,PL,千葉ロッテマリーンズ,13015134,R.サントス,R.Santos,66.0,193.0,180.0,22.0,45.0,10.0,0.0,3.0,64.0,8.0,5,4,5.0,0.0,7.0,0,1.0,46.0,2.0,0.25,0.282,0.356,0.6379999999999999,32.0,0.10599999999999998,0.03199999999999997,0.3879999999999999,3.6269430051813467,23.83419689119171,0.15217391304347827,0.32061068702290074,0.21589999999999998,400.66666666666663,0.16666666666666666,0.5547445255474452,0.25,45.0,3.0,8.0,66.0,193.0,180.0,32.0,10.0,0.0,22.0,0.282,0.356,7.0,0,1.0,,64.0,5,4,5.0,0.0,,17.796791443850267,17.65
2017,PL,東北楽天ゴールデンイーグルス,1305115,今江　年晶,T.Imae,51.0,135.0,128.0,11.0,32.0,7.0,1.0,1.0,44.0,10.0,0.0,0,1.0,0.0,6.0,0,0.0,26.0,3.0,0.25,0.284,0.344,0.6279999999999999,23.0,0.09399999999999997,0.033999999999999975,0.3779999999999999,4.444444444444445,19.25925925925926,0.23076923076923078,0.3069306930693069,0.2138,398.66666666666663,0.140625,0.5050505050505051,0.25,32.0,1.0,10.0,51.0,135.0,128.0,23.0,7.0,1.0,11.0,0.284,0.344,6.0,0,0.0,,44.0,0.0,0,1.0,0.0,,12.477611940298507,11.591999999999999
2017,PL,北海道日本ハムファイターズ,1305137,大谷　翔平,S.Ootani,65.0,231.0,202.0,24.0,67.0,16.0,1.0,8.0,109.0,31.0,0,1,0.0,3.0,24.0,0,2.0,63.0,0.0,0.332,0.403,0.54,0.9430000000000001,42.0,0.20800000000000002,0.07100000000000001,0.611,10.38961038961039,27.27272727272727,0.38095238095238093,0.44029850746268656,0.31635,583.0000000000001,0.3316831683168317,1.0074074074074073,0.332,67.0,8.0,31.0,65.0,231.0,202.0,42.0,16.0,1.0,24.0,0.403,0.54,24.0,0,2.0,,109.0,0,1,0.0,3.0,,43.889380530973455,40.61
2017,PL,東北楽天ゴールデンイーグルス,1305139,内田　靖人,Y.Uchida,7.0,21.0,21.0,0.0,1.0,0.0,0.0,0.0,1.0,1.0,0.0,0,0.0,0.0,0.0,0,0.0,9.0,1.0,0.048,0.048,0.048,0.096,1.0,0.0,0.0,0.048,0.0,42.857142857142854,0.0,0.08333333333333333,0.033600000000000005,64.0,0.0,0.047619047619047616,0.048,1.0,0.0,1.0,7.0,21.0,21.0,1.0,0.0,0.0,0.0,0.048,0.048,0.0,0,0.0,,1.0,0.0,0,0.0,0.0,,0.047619047619047616,-1.46
2017,PL,オリックス・バファローズ,13315132,吉田　凌,R.Yoshida,1.0,0.0,0.0,0.0,0.0,0.0,0.0,0.0,0.0,0.0,0.0,0,0.0,0.0,0.0,0,0.0,0.0,0.0,,,,0.0,0.0,0.0,0.0,,nan,nan,nan,nan,0.0,0.0,nan,nan,,0.0,0.0,0.0,1.0,0.0,0.0,0.0,0.0,0.0,0.0,,,0.0,0,0.0,,0.0,0.0,0,0.0,0.0,,nan,0.0
2017,PL,福岡ソフトバンクホークス,13515130,R.バンデンハーク,R.Vandenhurk,25.0,6.0,3.0,0.0,0.0,0.0,0.0,0.0,0.0,0.0,0.0,0,3.0,0.0,0.0,0,0.0,2.0,0.0,0.0,0.0,0.0,0.0,0.0,0.0,0.0,0.0,0.0,33.33333333333333,0.0,0.0,0.0,0.0,0.0,0.0,0.0,0.0,0.0,0.0,25.0,6.0,3.0,0.0,0.0,0.0,0.0,0.0,0.0,0.0,0,0.0,,0.0,0.0,0,3.0,0.0,,0.0,-0.29400000000000004
2017,PL,埼玉西武ライオンズ,13715134,B.シュリッター,B.Schlitter,64.0,0.0,0.0,0.0,0.0,0.0,0.0,0.0,0.0,0.0,0.0,0,0.0,0.0,0.0,0,0.0,0.0,0.0,,,,0.0,0.0,0.0,0.0,,nan,nan,nan,nan,0.0,0.0,nan,nan,,0.0,0.0,0.0,64.0,0.0,0.0,0.0,0.0,0.0,0.0,,,0.0,0,0.0,,0.0,0.0,0,0.0,0.0,,nan,0.0
2017,PL,オリックス・バファローズ,13915132,B.モレル,B.Morel,38.0,110.0,98.0,9.0,27.0,8.0,0.0,1.0,38.0,11.0,0,2,0.0,0.0,12.0,0,0.0,28.0,3.0,0.276,0.355,0.388,0.743,18.0,0.11199999999999999,0.07899999999999996,0.4669999999999999,10.909090909090908,25.454545454545453,0.42857142857142855,0.37681159420289856,0.25675000000000003,484.33333333333326,0.25510204081632654,0.7027027027027027,0.276,27.0,1.0,11.0,38.0,110.0,98.0,18.0,8.0,0.0,9.0,0.355,0.388,12.0,0,0.0,,38.0,0,2,0.0,0.0,,13.472727272727273,13.562
2017,PL,埼玉西武ライオンズ,1405134,中塚　駿太,S.Nakatsuka,1.0,0.0,0.0,0.0,0.0,0.0,0.0,0.0,0.0,0.0,0.0,0,0.0,0.0,0.0,0,0.0,0.0,0.0,,,,0.0,0.0,0.0,0.0,,nan,nan,nan,nan,0.0,0.0,nan,nan,,0.0,0.0,0.0,1.0,0.0,0.0,0.0,0.0,0.0,0.0,,,0.0,0,0.0,,0.0,0.0,0,0.0,0.0,,nan,0.0
2017,PL,福岡ソフトバンクホークス,1405139,森　唯斗,Y.Mori,64.0,0.0,0.0,0.0,0.0,0.0,0.0,0.0,0.0,0.0,0.0,0,0.0,0.0,0.0,0,0.0,0.0,0.0,,,,0.0,0.0,0.0,0.0,,nan,nan,nan,nan,0.0,0.0,nan,nan,,0.0,0.0,0.0,64.0,0.0,0.0,0.0,0.0,0.0,0.0,,,0.0,0,0.0,,0.0,0.0,0,0.0,0.0,,nan,0.0
2017,PL,千葉ロッテマリーンズ,1505114,大嶺　祐太,Y.Oomine,20.0,0.0,0.0,0.0,0.0,0.0,0.0,0.0,0.0,0.0,0.0,0,0.0,0.0,0.0,0,0.0,0.0,0.0,,,,0.0,0.0,0.0,0.0,,nan,nan,nan,nan,0.0,0.0,nan,nan,,0.0,0.0,0.0,20.0,0.0,0.0,0.0,0.0,0.0,0.0,,,0.0,0,0.0,,0.0,0.0,0,0.0,0.0,,nan,0.0
2017,PL,東北楽天ゴールデンイーグルス,1505118,辛島　航,W.Karashima,19.0,0.0,0.0,0.0,0.0,0.0,0.0,0.0,0.0,0.0,0.0,0,0.0,0.0,0.0,0,0.0,0.0,0.0,,,,0.0,0.0,0.0,0.0,,nan,nan,nan,nan,0.0,0.0,nan,nan,,0.0,0.0,0.0,19.0,0.0,0.0,0.0,0.0,0.0,0.0,,,0.0,0,0.0,,0.0,0.0,0,0.0,0.0,,nan,0.0
2017,PL,福岡ソフトバンクホークス,1505130,笠谷　俊介,S.Kasaya,3.0,0.0,0.0,0.0,0.0,0.0,0.0,0.0,0.0,0.0,0.0,0,0.0,0.0,0.0,0,0.0,0.0,0.0,,,,0.0,0.0,0.0,0.0,,nan,nan,nan,nan,0.0,0.0,nan,nan,,0.0,0.0,0.0,3.0,0.0,0.0,0.0,0.0,0.0,0.0,,,0.0,0,0.0,,0.0,0.0,0,0.0,0.0,,nan,0.0
2017,PL,東北楽天ゴールデンイーグルス,1505132,オコエ　瑠偉,R.Okoe,41.0,141.0,130.0,21.0,39.0,17.0,0.0,3.0,65.0,11.0,5,2,5.0,0.0,3.0,0,3.0,38.0,3.0,0.3,0.331,0.5,0.831,19.0,0.2,0.031000000000000028,0.531,2.127659574468085,26.95035460992908,0.07894736842105263,0.4044943820224719,0.27395,497.6666666666667,0.23846153846153847,0.776595744680851,0.3,39.0,3.0,11.0,41.0,141.0,130.0,19.0,17.0,0.0,21.0,0.331,0.5,3.0,0,3.0,,65.0,5,2,5.0,0.0,,20.526315789473685,19.482
2017,PL,埼玉西武ライオンズ,1505137,金子　侑司,Y.Kaneko,90.0,320.0,283.0,43.0,77.0,17.0,2.0,5.0,113.0,34.0,25,8,5.0,4.0,27.0,0,1.0,49.0,5.0,0.272,0.333,0.399,0.732,53.0,0.127,0.061,0.46,8.4375,15.312500000000002,0.5510204081632653,0.3090128755364807,0.24960000000000002,466.0,0.2508833922261484,0.7061611374407583,0.272,77.0,5.0,34.0,90.0,320.0,283.0,53.0,17.0,2.0,43.0,0.333,0.399,27.0,0,1.0,,113.0,25,8,5.0,4.0,,37.909677419354836,38.51199999999999
2017,PL,北海道日本ハムファイターズ,1605132,平沼　翔太,S.Hiranuma,4.0,8.0,8.0,0.0,0.0,0.0,0.0,0.0,0.0,0.0,0.0,0,0.0,0.0,0.0,0,0.0,1.0,0.0,0.0,0.0,0.0,0.0,0.0,0.0,0.0,0.0,0.0,12.5,0.0,0.0,0.0,0.0,0.0,0.0,0.0,0.0,0.0,0.0,4.0,8.0,8.0,0.0,0.0,0.0,0.0,0.0,0.0,0.0,0,0.0,,0.0,0.0,0,0.0,0.0,,0.0,-0.784
2017,PL,東北楽天ゴールデンイーグルス,1605133,美馬　学,M.Mima,26.0,6.0,6.0,0.0,0.0,0.0,0.0,0.0,0.0,0.0,0.0,0,0.0,0.0,0.0,0,0.0,5.0,0.0,0.0,0.0,0.0,0.0,0.0,0.0,0.0,0.0,0.0,83.33333333333334,0.0,0.0,0.0,0.0,0.0,0.0,0.0,0.0,0.0,0.0,26.0,6.0,6.0,0.0,0.0,0.0,0.0,0.0,0.0,0.0,0,0.0,,0.0,0.0,0,0.0,0.0,,0.0,-0.5880000000000001
2017,PL,オリックス・バファローズ,1605139,吉田　雄人,Y.Yoshida,11.0,8.0,8.0,1.0,0.0,0.0,0.0,0.0,0.0,0.0,0.0,0,0.0,0.0,0.0,0,0.0,3.0,0.0,0.0,0.0,0.0,0.0,0.0,0.0,0.0,0.0,0.0,37.5,0.0,0.0,0.0,0.0,0.0,0.0,0.0,0.0,0.0,0.0,11.0,8.0,8.0,0.0,0.0,0.0,1.0,0.0,0.0,0.0,0,0.0,,0.0,0.0,0,0.0,0.0,,0.0,-0.784
2017,PL,埼玉西武ライオンズ,1705117,木村　昇吾,S.Kimura,3.0,7.0,6.0,1.0,1.0,0.0,0.0,0.0,1.0,0.0,0.0,0,0.0,0.0,1.0,0,0.0,1.0,1.0,0.167,0.286,0.167,0.45299999999999996,1.0,0.0,0.11899999999999997,0.286,14.285714285714285,14.285714285714285,1.0,0.2,0.17045,341.6666666666667,0.16666666666666666,0.3333333333333333,0.167,1.0,0.0,0.0,3.0,7.0,6.0,1.0,0.0,0.0,1.0,0.286,0.167,1.0,0,0.0,,1.0,0.0,0,0.0,0.0,,0.2857142857142857,0.3400000000000001
2017,PL,埼玉西武ライオンズ,1705118,坂田　遼,R.Sakata,11.0,19.0,16.0,2.0,7.0,0.0,0.0,2.0,13.0,4.0,0.0,0,0.0,0.0,3.0,0,0.0,8.0,0.0,0.438,0.526,0.812,1.338,5.0,0.37400000000000005,0.08800000000000002,0.9000000000000001,15.789473684210526,42.10526315789473,0.375,0.8333333333333334,0.43970000000000004,796.6666666666666,0.5625,1.7777777777777777,0.438,7.0,2.0,4.0,11.0,19.0,16.0,5.0,0.0,0.0,2.0,0.526,0.812,3.0,0,0.0,,13.0,0.0,0,0.0,0.0,,6.842105263157895,5.488
2017,PL,福岡ソフトバンクホークス,1705130,栗原　陵矢,R.Kurihara,3.0,3.0,3.0,0.0,0.0,0.0,0.0,0.0,0.0,0.0,0.0,0,0.0,0.0,0.0,0,0.0,1.0,0.0,0.0,0.0,0.0,0.0,0.0,0.0,0.0,0.0,0.0,33.33333333333333,0.0,0.0,0.0,0.0,0.0,0.0,0.0,0.0,0.0,0.0,3.0,3.0,3.0,0.0,0.0,0.0,0.0,0.0,0.0,0.0,0,0.0,,0.0,0.0,0,0.0,0.0,,0.0,-0.29400000000000004
2017,PL,福岡ソフトバンクホークス,1705132,小澤　怜史,R.Kozawa,2.0,0.0,0.0,0.0,0.0,0.0,0.0,0.0,0.0,0.0,0.0,0,0.0,0.0,0.0,0,0.0,0.0,0.0,,,,0.0,0.0,0.0,0.0,,nan,nan,nan,nan,0.0,0.0,nan,nan,,0.0,0.0,0.0,2.0,0.0,0.0,0.0,0.0,0.0,0.0,,,0.0,0,0.0,,0.0,0.0,0,0.0,0.0,,nan,0.0
2017,PL,東北楽天ゴールデンイーグルス,1705137,下妻　貴寛,T.Shimotsuma,8.0,11.0,10.0,0.0,1.0,0.0,0.0,0.0,1.0,0.0,0.0,0,1.0,0.0,0.0,0,0.0,5.0,0.0,0.1,0.1,0.1,0.2,1.0,0.0,0.0,0.1,0.0,45.45454545454545,0.0,0.2,0.07,133.33333333333334,0.0,0.1111111111111111,0.1,1.0,0.0,0.0,8.0,11.0,10.0,1.0,0.0,0.0,0.0,0.1,0.1,0.0,0,0.0,,1.0,0.0,0,1.0,0.0,,0.1,-0.382
2017,PL,東北楽天ゴールデンイーグルス,1805139,L.クルーズ,L.Cruz,13.0,37.0,37.0,2.0,6.0,2.0,0.0,0.0,8.0,2.0,0.0,0,0.0,0.0,0.0,0,0.0,4.0,1.0,0.162,0.162,0.216,0.378,4.0,0.05399999999999999,0.0,0.216,0.0,10.81081081081081,0.0,0.18181818181818182,0.1269,234.0,0.05405405405405406,0.25,0.162,6.0,0.0,2.0,13.0,37.0,37.0,4.0,2.0,0.0,2.0,0.162,0.216,0.0,0,0.0,,8.0,0.0,0,0.0,0.0,,1.2972972972972974,0.4019999999999997
2017,PL,東北楽天ゴールデンイーグルス,1905114,嶋　基宏,M.Shima,112.0,369.0,281.0,34.0,56.0,9.0,0.0,3.0,74.0,28.0,2,1,27.0,1.0,57.0,0,3.0,62.0,8.0,0.199,0.339,0.263,0.6020000000000001,44.0,0.064,0.14,0.403,15.447154471544716,16.802168021680217,0.9193548387096774,0.24423963133640553,0.21830000000000002,426.6666666666667,0.2704626334519573,0.5793991416309013,0.199,56.0,3.0,28.0,112.0,369.0,281.0,44.0,9.0,0.0,34.0,0.339,0.263,57.0,0,3.0,,74.0,2,1,27.0,1.0,,24.7396449704142,30.729999999999993
2017,PL,埼玉西武ライオンズ,1905130,佐野　泰雄,Y.Sano,6.0,3.0,2.0,0.0,1.0,0.0,0.0,0.0,1.0,0.0,0.0,0,1.0,0.0,0.0,0,0.0,0.0,0.0,0.5,0.5,0.5,1.0,1.0,0.0,0.0,0.5,0.0,0.0,nan,0.5,0.35,666.6666666666666,0.0,1.0,0.5,1.0,0.0,0.0,6.0,3.0,2.0,1.0,0.0,0.0,0.0,0.5,0.5,0.0,0,0.0,,1.0,0.0,0,1.0,0.0,,0.5,0.402
2017,PL,北海道日本ハムファイターズ,1905133,斎藤　佑樹,Y.Saitou,6.0,1.0,0.0,0.0,0.0,0.0,0.0,0.0,0.0,0.0,0.0,0,0.0,0.0,1.0,0,0.0,0.0,0.0,,1.0,,1.0,0.0,0.0,1.0,,100.0,0.0,nan,nan,0.45,1000.0,nan,nan,,0.0,0.0,0.0,6.0,1.0,0.0,0.0,0.0,0.0,0.0,1.0,,1.0,0,0.0,,0.0,0.0,0,0.0,0.0,,0.0,0.33
2017,PL,オリックス・バファローズ,1905134,澤田　圭佑,K.Sawada,13.0,0.0,0.0,0.0,0.0,0.0,0.0,0.0,0.0,0.0,0.0,0,0.0,0.0,0.0,0,0.0,0.0,0.0,,,,0.0,0.0,0.0,0.0,,nan,nan,nan,nan,0.0,0.0,nan,nan,,0.0,0.0,0.0,13.0,0.0,0.0,0.0,0.0,0.0,0.0,,,0.0,0,0.0,,0.0,0.0,0,0.0,0.0,,nan,0.0
2017,PL,北海道日本ハムファイターズ,21025131,中村　勝,M.Nakamura,2.0,0.0,0.0,0.0,0.0,0.0,0.0,0.0,0.0,0.0,0.0,0,0.0,0.0,0.0,0,0.0,0.0,0.0,,,,0.0,0.0,0.0,0.0,,nan,nan,nan,nan,0.0,0.0,nan,nan,,0.0,0.0,0.0,2.0,0.0,0.0,0.0,0.0,0.0,0.0,,,0.0,0,0.0,,0.0,0.0,0,0.0,0.0,,nan,0.0
2017,PL,東北楽天ゴールデンイーグルス,21025139,西宮　悠介,Y.Nishimiya,8.0,0.0,0.0,0.0,0.0,0.0,0.0,0.0,0.0,0.0,0.0,0,0.0,0.0,0.0,0,0.0,0.0,0.0,,,,0.0,0.0,0.0,0.0,,nan,nan,nan,nan,0.0,0.0,nan,nan,,0.0,0.0,0.0,8.0,0.0,0.0,0.0,0.0,0.0,0.0,,,0.0,0,0.0,,0.0,0.0,0,0.0,0.0,,nan,0.0
2017,PL,北海道日本ハムファイターズ,21125134,石井　一成,K.Ishii,114.0,361.0,317.0,33.0,65.0,8.0,2.0,3.0,86.0,24.0,3,5,14.0,1.0,28.0,0,1.0,113.0,6.0,0.205,0.271,0.271,0.542,52.0,0.06600000000000003,0.06600000000000003,0.3370000000000001,7.756232686980609,31.301939058171747,0.24778761061946902,0.3069306930693069,0.18970000000000004,361.3333333333333,0.17034700315457413,0.46511627906976744,0.205,65.0,3.0,24.0,114.0,361.0,317.0,52.0,8.0,2.0,33.0,0.271,0.271,28.0,0,1.0,,86.0,3,5,14.0,1.0,,23.182608695652174,23.933999999999994
2017,PL,東北楽天ゴールデンイーグルス,21225110,藤田　一也,K.Fujita,102.0,315.0,270.0,28.0,68.0,9.0,2.0,3.0,90.0,33.0,2,1,25.0,3.0,16.0,0,1.0,21.0,8.0,0.252,0.293,0.333,0.626,54.0,0.08100000000000002,0.04099999999999998,0.374,5.079365079365079,6.666666666666667,0.7619047619047619,0.26104417670682734,0.2151,403.99999999999994,0.14444444444444443,0.5142857142857142,0.252,68.0,3.0,33.0,102.0,315.0,270.0,54.0,9.0,2.0,28.0,0.293,0.333,16.0,0,1.0,,90.0,2,1,25.0,3.0,,26.433566433566433,25.873999999999995
2017,PL,千葉ロッテマリーンズ,21225132,東條　大樹,T.Toujou,12.0,0.0,0.0,0.0,0.0,0.0,0.0,0.0,0.0,0.0,0.0,0,0.0,0.0,0.0,0,0.0,0.0,0.0,,,,0.0,0.0,0.0,0.0,,nan,nan,nan,nan,0.0,0.0,nan,nan,,0.0,0.0,0.0,12.0,0.0,0.0,0.0,0.0,0.0,0.0,,,0.0,0,0.0,,0.0,0.0,0,0.0,0.0,,nan,0.0
2017,PL,北海道日本ハムファイターズ,21225133,西川　遥輝,H.Nishikawa,138.0,623.0,541.0,82.0,160.0,26.0,6.0,9.0,225.0,44.0,39,5,6.0,3.0,69.0,0,4.0,103.0,6.0,0.296,0.378,0.416,0.794,119.0,0.12,0.08200000000000002,0.498,11.075441412520064,16.53290529695024,0.6699029126213593,0.34953703703703703,0.2741,516.6666666666666,0.25693160813308685,0.7829457364341085,0.296,160.0,9.0,44.0,138.0,623.0,541.0,119.0,26.0,6.0,82.0,0.378,0.416,69.0,0,4.0,,225.0,39,5,6.0,3.0,,84.4672131147541,85.072
2017,PL,オリックス・バファローズ,21225137,松葉　貴大,T.Matsuba,23.0,5.0,5.0,0.0,0.0,0.0,0.0,0.0,0.0,0.0,0.0,0,0.0,0.0,0.0,0,0.0,4.0,0.0,0.0,0.0,0.0,0.0,0.0,0.0,0.0,0.0,0.0,80.0,0.0,0.0,0.0,0.0,0.0,0.0,0.0,0.0,0.0,0.0,23.0,5.0,5.0,0.0,0.0,0.0,0.0,0.0,0.0,0.0,0,0.0,,0.0,0.0,0,0.0,0.0,,0.0,-0.49
2017,PL,千葉ロッテマリーンズ,21225139,二木　康太,K.Futaki,23.0,3.0,2.0,0.0,0.0,0.0,0.0,0.0,0.0,0.0,0.0,0,1.0,0.0,0.0,0,0.0,2.0,0.0,0.0,0.0,0.0,0.0,0.0,0.0,0.0,0.0,0.0,66.66666666666666,0.0,nan,0.0,0.0,0.0,0.0,0.0,0.0,0.0,0.0,23.0,3.0,2.0,0.0,0.0,0.0,0.0,0.0,0.0,0.0,0,0.0,,0.0,0.0,0,1.0,0.0,,0.0,-0.196
2017,PL,福岡ソフトバンクホークス,21325113,内川　聖一,S.Uchikawa,73.0,300.0,266.0,31.0,79.0,13.0,0.0,12.0,128.0,50.0,0,1,0.0,2.0,32.0,0,0.0,26.0,9.0,0.297,0.37,0.481,0.851,54.0,0.184,0.07300000000000001,0.554,10.666666666666668,8.666666666666668,1.2307692307692308,0.29130434782608694,0.28675,530.3333333333334,0.3082706766917293,0.8214285714285714,0.297,79.0,12.0,50.0,73.0,300.0,266.0,54.0,13.0,0.0,31.0,0.37,0.481,32.0,0,0.0,,128.0,0,1,0.0,2.0,,47.67785234899329,46.05400000000001
2017,PL,埼玉西武ライオンズ,21325132,呉　念庭,N.Uu,15.0,44.0,39.0,5.0,9.0,2.0,1.0,0.0,13.0,4.0,1,0,0.0,1.0,4.0,0,0.0,8.0,2.0,0.231,0.295,0.333,0.628,6.0,0.10200000000000001,0.06399999999999997,0.397,9.090909090909092,18.181818181818183,0.5,0.28125,0.21600000000000003,406.0,0.20512820512820512,0.53125,0.231,9.0,0.0,4.0,15.0,44.0,39.0,6.0,2.0,1.0,5.0,0.295,0.333,4.0,0,0.0,,13.0,1,0,0.0,1.0,,3.9302325581395348,3.86
2017,PL,北海道日本ハムファイターズ,21325133,榎下　陽大,Y.Enoshita,8.0,0.0,0.0,0.0,0.0,0.0,0.0,0.0,0.0,0.0,0.0,0,0.0,0.0,0.0,0,0.0,0.0,0.0,,,,0.0,0.0,0.0,0.0,,nan,nan,nan,nan,0.0,0.0,nan,nan,,0.0,0.0,0.0,8.0,0.0,0.0,0.0,0.0,0.0,0.0,,,0.0,0,0.0,,0.0,0.0,0,0.0,0.0,,nan,0.0
2017,PL,東北楽天ゴールデンイーグルス,21325135,岡島　豪郎,T.Okajima,111.0,400.0,342.0,51.0,89.0,13.0,5.0,3.0,121.0,32.0,3,2,10.0,5.0,41.0,0,2.0,65.0,6.0,0.26,0.338,0.354,0.692,68.0,0.09399999999999997,0.07800000000000001,0.432,10.25,16.25,0.6307692307692307,0.30824372759856633,0.2406,456.0,0.21929824561403508,0.640926640926641,0.26,89.0,3.0,32.0,111.0,400.0,342.0,68.0,13.0,5.0,51.0,0.338,0.354,41.0,0,2.0,,121.0,3,2,10.0,5.0,,41.070496083550914,42.63600000000001
2017,PL,千葉ロッテマリーンズ,21425112,細谷　圭,K.Hosoya,41.0,106.0,100.0,8.0,19.0,3.0,2.0,2.0,32.0,13.0,0.0,0,1.0,0.0,5.0,0,0.0,38.0,2.0,0.19,0.229,0.32,0.549,12.0,0.13,0.03900000000000001,0.359,4.716981132075472,35.84905660377358,0.13157894736842105,0.2833333333333333,0.18305,335.6666666666667,0.18,0.4457831325301205,0.19,19.0,2.0,13.0,41.0,106.0,100.0,12.0,3.0,2.0,8.0,0.229,0.32,5.0,0,0.0,,32.0,0.0,0,1.0,0.0,,7.314285714285714,6.832000000000001
2017,PL,福岡ソフトバンクホークス,21425114,長谷川　勇也,Y.Hasegawa,23.0,44.0,37.0,5.0,8.0,1.0,2.0,2.0,19.0,7.0,1,0,0.0,0.0,7.0,0,0.0,15.0,0.0,0.216,0.341,0.514,0.855,3.0,0.29800000000000004,0.12500000000000003,0.639,15.909090909090908,34.090909090909086,0.4666666666666667,0.3,0.28195000000000003,512.3333333333333,0.4864864864864865,0.896551724137931,0.216,8.0,2.0,7.0,23.0,44.0,37.0,3.0,1.0,2.0,5.0,0.341,0.514,7.0,0,0.0,,19.0,1,0,0.0,0.0,,6.4772727272727275,6.648
2017,PL,埼玉西武ライオンズ,21425139,山川　穂高,H.Yamakawa,78.0,293.0,242.0,46.0,72.0,19.0,0.0,23.0,160.0,61.0,0,1,0.0,0.0,46.0,0,5.0,72.0,7.0,0.298,0.42,0.661,1.081,30.0,0.36300000000000004,0.122,0.783,15.699658703071673,24.573378839590443,0.6388888888888888,0.3333333333333333,0.35425,640.3333333333333,0.5578512396694215,1.1977401129943503,0.298,72.0,23.0,61.0,78.0,293.0,242.0,30.0,19.0,0.0,46.0,0.42,0.661,46.0,0,5.0,,160.0,0,1,0.0,0.0,,65.55555555555556,62.150000000000006
2017,PL,千葉ロッテマリーンズ,21525116,唐川　侑己,Y.Karakawa,21.0,2.0,2.0,0.0,0.0,0.0,0.0,0.0,0.0,0.0,0.0,0,0.0,0.0,0.0,0,0.0,2.0,0.0,0.0,0.0,0.0,0.0,0.0,0.0,0.0,0.0,0.0,100.0,0.0,nan,0.0,0.0,0.0,0.0,0.0,0.0,0.0,0.0,21.0,2.0,2.0,0.0,0.0,0.0,0.0,0.0,0.0,0.0,0,0.0,,0.0,0.0,0,0.0,0.0,,0.0,-0.196
2017,PL,千葉ロッテマリーンズ,21525130,香月　一也,K.Katsuki,19.0,42.0,41.0,1.0,8.0,0.0,0.0,0.0,8.0,2.0,0.0,0,1.0,0.0,0.0,0,0.0,6.0,1.0,0.195,0.195,0.195,0.39,8.0,0.0,0.0,0.195,0.0,14.285714285714285,0.0,0.22857142857142856,0.1365,260.0,0.0,0.23529411764705882,0.195,8.0,0.0,2.0,19.0,42.0,41.0,8.0,0.0,0.0,1.0,0.195,0.195,0.0,0,0.0,,8.0,0.0,0,1.0,0.0,,1.5609756097560976,0.766
2017,PL,千葉ロッテマリーンズ,21525132,柿沼　友哉,T.Kakinuma,8.0,9.0,8.0,0.0,0.0,0.0,0.0,0.0,0.0,1.0,0.0,0,1.0,0.0,0.0,0,0.0,2.0,1.0,0.0,0.0,0.0,0.0,0.0,0.0,0.0,0.0,0.0,22.22222222222222,0.0,0.0,0.0,0.0,0.0,0.0,0.0,0.0,0.0,1.0,8.0,9.0,8.0,0.0,0.0,0.0,0.0,0.0,0.0,0.0,0,0.0,,0.0,0.0,0,1.0,0.0,,0.0,-0.784
2017,PL,オリックス・バファローズ,21525137,金田　和之,K.Kaneda,34.0,0.0,0.0,0.0,0.0,0.0,0.0,0.0,0.0,0.0,0.0,0,0.0,0.0,0.0,0,0.0,0.0,0.0,,,,0.0,0.0,0.0,0.0,,nan,nan,nan,nan,0.0,0.0,nan,nan,,0.0,0.0,0.0,34.0,0.0,0.0,0.0,0.0,0.0,0.0,,,0.0,0,0.0,,0.0,0.0,0,0.0,0.0,,nan,0.0
2017,PL,福岡ソフトバンクホークス,21525139,加治屋　蓮,R.Kajiya,2.0,0.0,0.0,0.0,0.0,0.0,0.0,0.0,0.0,0.0,0.0,0,0.0,0.0,0.0,0,0.0,0.0,0.0,,,,0.0,0.0,0.0,0.0,,nan,nan,nan,nan,0.0,0.0,nan,nan,,0.0,0.0,0.0,2.0,0.0,0.0,0.0,0.0,0.0,0.0,,,0.0,0,0.0,,0.0,0.0,0,0.0,0.0,,nan,0.0
2017,PL,北海道日本ハムファイターズ,21625135,松本　剛,G.Matsumoto,115.0,448.0,402.0,46.0,110.0,17.0,0.0,5.0,142.0,33.0,6,3,21.0,1.0,21.0,0,3.0,61.0,7.0,0.274,0.314,0.353,0.667,88.0,0.07899999999999996,0.03999999999999998,0.3929999999999999,4.6875,13.616071428571427,0.3442622950819672,0.3115727002967359,0.22955,431.66666666666663,0.13930348258706468,0.5652173913043478,0.274,110.0,5.0,33.0,115.0,448.0,402.0,88.0,17.0,0.0,46.0,0.314,0.353,21.0,0,3.0,,142.0,6,3,21.0,1.0,,43.976359338061464,43.284000000000006
2017,PL,北海道日本ハムファイターズ,21725112,黒羽根　利規,T.Kurobane,19.0,30.0,29.0,1.0,8.0,2.0,0.0,0.0,10.0,1.0,0.0,0,1.0,0.0,0.0,0,0.0,6.0,0.0,0.276,0.276,0.345,0.621,6.0,0.06899999999999995,0.0,0.345,0.0,20.0,0.0,0.34782608695652173,0.21045000000000003,391.0,0.06896551724137931,0.47619047619047616,0.276,8.0,0.0,1.0,19.0,30.0,29.0,6.0,2.0,0.0,1.0,0.276,0.345,0.0,0,0.0,,10.0,0.0,0,1.0,0.0,,2.7586206896551726,2.3819999999999992
2017,PL,埼玉西武ライオンズ,21725116,斉藤　彰吾,S.Saitou,10.0,8.0,8.0,2.0,1.0,0.0,0.0,0.0,1.0,0.0,0.0,0,0.0,0.0,0.0,0,0.0,4.0,0.0,0.125,0.125,0.125,0.25,1.0,0.0,0.0,0.125,0.0,50.0,0.0,0.25,0.0875,166.66666666666666,0.0,0.14285714285714285,0.125,1.0,0.0,0.0,10.0,8.0,8.0,1.0,0.0,0.0,2.0,0.125,0.125,0.0,0,0.0,,1.0,0.0,0,0.0,0.0,,0.125,-0.18600000000000005
2017,PL,東北楽天ゴールデンイーグルス,21725117,久保　裕也,Y.Kubo,27.0,0.0,0.0,0.0,0.0,0.0,0.0,0.0,0.0,0.0,0.0,0,0.0,0.0,0.0,0,0.0,0.0,0.0,,,,0.0,0.0,0.0,0.0,,nan,nan,nan,nan,0.0,0.0,nan,nan,,0.0,0.0,0.0,27.0,0.0,0.0,0.0,0.0,0.0,0.0,,,0.0,0,0.0,,0.0,0.0,0,0.0,0.0,,nan,0.0
2017,PL,千葉ロッテマリーンズ,21725118,柴田　講平,K.Shibata,17.0,34.0,33.0,2.0,4.0,0.0,0.0,1.0,7.0,2.0,1,0,0.0,0.0,0.0,0,1.0,9.0,0.0,0.121,0.147,0.212,0.359,3.0,0.091,0.025999999999999995,0.238,0.0,26.47058823529412,0.0,0.13043478260869565,0.11915,217.66666666666669,0.09090909090909091,0.27586206896551724,0.121,4.0,1.0,2.0,17.0,34.0,33.0,3.0,0.0,0.0,2.0,0.147,0.212,0.0,0,1.0,,7.0,1,0,0.0,0.0,,0.8484848484848485,0.42799999999999994
2017,PL,オリックス・バファローズ,21725134,小林　慶祐,K.Kobayashi,35.0,0.0,0.0,0.0,0.0,0.0,0.0,0.0,0.0,0.0,0.0,0,0.0,0.0,0.0,0,0.0,0.0,0.0,,,,0.0,0.0,0.0,0.0,,nan,nan,nan,nan,0.0,0.0,nan,nan,,0.0,0.0,0.0,35.0,0.0,0.0,0.0,0.0,0.0,0.0,,,0.0,0,0.0,,0.0,0.0,0,0.0,0.0,,nan,0.0
2017,PL,東北楽天ゴールデンイーグルス,21725139,今野　龍太,R.Konno,1.0,0.0,0.0,0.0,0.0,0.0,0.0,0.0,0.0,0.0,0.0,0,0.0,0.0,0.0,0,0.0,0.0,0.0,,,,0.0,0.0,0.0,0.0,,nan,nan,nan,nan,0.0,0.0,nan,nan,,0.0,0.0,0.0,1.0,0.0,0.0,0.0,0.0,0.0,0.0,,,0.0,0,0.0,,0.0,0.0,0,0.0,0.0,,nan,0.0
2017,PL,オリックス・バファローズ,21825130,山﨑　福也,S.Yamasaki,15.0,0.0,0.0,0.0,0.0,0.0,0.0,0.0,0.0,0.0,0.0,0,0.0,0.0,0.0,0,0.0,0.0,0.0,,,,0.0,0.0,0.0,0.0,,nan,nan,nan,nan,0.0,0.0,nan,nan,,0.0,0.0,0.0,15.0,0.0,0.0,0.0,0.0,0.0,0.0,,,0.0,0,0.0,,0.0,0.0,0,0.0,0.0,,nan,0.0
2017,PL,埼玉西武ライオンズ,21825132,南川　忠亮,T.Minamikawa,5.0,0.0,0.0,0.0,0.0,0.0,0.0,0.0,0.0,0.0,0.0,0,0.0,0.0,0.0,0,0.0,0.0,0.0,,,,0.0,0.0,0.0,0.0,,nan,nan,nan,nan,0.0,0.0,nan,nan,,0.0,0.0,0.0,5.0,0.0,0.0,0.0,0.0,0.0,0.0,,,0.0,0,0.0,,0.0,0.0,0,0.0,0.0,,nan,0.0
2017,PL,千葉ロッテマリーンズ,21923889,福浦　和也,K.Fukuura,70.0,155.0,134.0,6.0,30.0,7.0,0.0,0.0,37.0,18.0,0.0,0,0.0,2.0,18.0,0,1.0,25.0,4.0,0.224,0.316,0.276,0.5920000000000001,23.0,0.05200000000000002,0.092,0.368,11.612903225806452,16.129032258064516,0.72,0.2702702702702703,0.2112,408.00000000000006,0.1865671641791045,0.5185185185185185,0.224,30.0,0.0,18.0,70.0,155.0,134.0,23.0,7.0,0.0,6.0,0.316,0.276,18.0,0,1.0,,37.0,0.0,0,0.0,2.0,,11.68421052631579,12.617999999999999
2017,PL,千葉ロッテマリーンズ,21925116,髙濱　卓也,T.Takahama,28.0,38.0,35.0,1.0,6.0,2.0,0.0,0.0,8.0,1.0,0.0,0,0.0,0.0,3.0,0,0.0,6.0,4.0,0.171,0.237,0.229,0.46599999999999997,4.0,0.057999999999999996,0.06599999999999998,0.295,7.894736842105263,15.789473684210526,0.5,0.20689655172413793,0.1639,313.33333333333337,0.14285714285714285,0.3333333333333333,0.171,6.0,0.0,1.0,28.0,38.0,35.0,4.0,2.0,0.0,1.0,0.237,0.229,3.0,0,0.0,,8.0,0.0,0,0.0,0.0,,1.894736842105263,1.5879999999999996
2017,PL,北海道日本ハムファイターズ,21925139,高梨　裕稔,H.Takanashi,22.0,5.0,4.0,0.0,0.0,0.0,0.0,0.0,0.0,0.0,0.0,0,1.0,0.0,0.0,0,0.0,2.0,0.0,0.0,0.0,0.0,0.0,0.0,0.0,0.0,0.0,0.0,40.0,0.0,0.0,0.0,0.0,0.0,0.0,0.0,0.0,0.0,0.0,22.0,5.0,4.0,0.0,0.0,0.0,0.0,0.0,0.0,0.0,0,0.0,,0.0,0.0,0,1.0,0.0,,0.0,-0.392
2017,PL,東北楽天ゴールデンイーグルス,23325132,J.アマダー,J.Amador,121.0,460.0,417.0,35.0,99.0,9.0,0.0,23.0,177.0,65.0,0,1,0.0,2.0,39.0,0,2.0,102.0,18.0,0.237,0.304,0.424,0.728,67.0,0.187,0.067,0.491,8.478260869565217,22.17391304347826,0.38235294117647056,0.2585034013605442,0.24280000000000002,445.33333333333337,0.2829736211031175,0.6517857142857143,0.237,99.0,23.0,65.0,121.0,460.0,417.0,67.0,9.0,0.0,35.0,0.304,0.424,39.0,0,2.0,,177.0,0,1,0.0,2.0,,53.56578947368421,55.646
2017,PL,北海道日本ハムファイターズ,23525130,B.レアード,B.Laird,137.0,571.0,503.0,56.0,115.0,18.0,1.0,32.0,231.0,90.0,0.0,0,0.0,7.0,54.0,0,7.0,125.0,18.0,0.229,0.308,0.459,0.767,64.0,0.23,0.07899999999999999,0.538,9.457092819614711,21.891418563922944,0.432,0.23512747875354106,0.25335,460.99999999999994,0.3379721669980119,0.7192118226600985,0.229,115.0,32.0,90.0,137.0,571.0,503.0,64.0,18.0,1.0,56.0,0.308,0.459,54.0,0,7.0,,231.0,0.0,0,0.0,7.0,,70.08797127468581,74.186
2017,PL,千葉ロッテマリーンズ,23525133,チェン・グァンユウ,G.（chiぇn,27.0,1.0,1.0,0.0,0.0,0.0,0.0,0.0,0.0,0.0,0.0,0,0.0,0.0,0.0,0,0.0,1.0,0.0,0.0,0.0,0.0,0.0,0.0,0.0,0.0,0.0,0.0,100.0,0.0,nan,0.0,0.0,0.0,0.0,0.0,0.0,0.0,0.0,27.0,1.0,1.0,0.0,0.0,0.0,0.0,0.0,0.0,0.0,0,0.0,,0.0,0.0,0,0.0,0.0,,0.0,-0.098
2017,PL,千葉ロッテマリーンズ,23725134,J.パラデス,J.Paredes,89.0,289.0,269.0,31.0,59.0,9.0,0.0,10.0,98.0,26.0,1,0,0.0,1.0,16.0,0,3.0,97.0,5.0,0.219,0.27,0.364,0.634,40.0,0.145,0.05100000000000002,0.415,5.536332179930796,33.56401384083045,0.16494845360824742,0.3006134969325153,0.21250000000000002,391.33333333333337,0.20446096654275092,0.5441860465116279,0.219,59.0,10.0,26.0,89.0,289.0,269.0,40.0,9.0,0.0,31.0,0.27,0.364,16.0,0,3.0,,98.0,1,0,0.0,1.0,,25.789473684210527,26.569999999999997
2017,PL,北海道日本ハムファイターズ,31035118,谷元　圭介,K.Tanimoto,36.0,0.0,0.0,0.0,0.0,0.0,0.0,0.0,0.0,0.0,0.0,0,0.0,0.0,0.0,0,0.0,0.0,0.0,,,,0.0,0.0,0.0,0.0,,nan,nan,nan,nan,0.0,0.0,nan,nan,,0.0,0.0,0.0,36.0,0.0,0.0,0.0,0.0,0.0,0.0,,,0.0,0,0.0,,0.0,0.0,0,0.0,0.0,,nan,0.0
2017,PL,千葉ロッテマリーンズ,31035132,高野　圭佑,K.Takano,8.0,0.0,0.0,0.0,0.0,0.0,0.0,0.0,0.0,0.0,0.0,0,0.0,0.0,0.0,0,0.0,0.0,0.0,,,,0.0,0.0,0.0,0.0,,nan,nan,nan,nan,0.0,0.0,nan,nan,,0.0,0.0,0.0,8.0,0.0,0.0,0.0,0.0,0.0,0.0,,,0.0,0,0.0,,0.0,0.0,0,0.0,0.0,,nan,0.0
2017,PL,東北楽天ゴールデンイーグルス,3105130,Z.ウィーラー,Z.Wheeler,142.0,605.0,542.0,75.0,147.0,27.0,0.0,31.0,267.0,82.0,3.0,0,0.0,3.0,50.0,0,10.0,98.0,14.0,0.271,0.342,0.493,0.835,89.0,0.22199999999999998,0.07100000000000001,0.5640000000000001,8.264462809917356,16.198347107438018,0.5102040816326531,0.27884615384615385,0.27715,506.3333333333333,0.3191881918819188,0.8068459657701712,0.271,147.0,31.0,82.0,142.0,605.0,542.0,89.0,27.0,0.0,75.0,0.342,0.493,50.0,0,10.0,,267.0,3.0,0,0.0,3.0,,88.84966216216216,90.20999999999998
2017,PL,北海道日本ハムファイターズ,3105132,横尾　俊建,T.Yokoo,50.0,149.0,134.0,14.0,32.0,3.0,0.0,7.0,56.0,20.0,0.0,0,0.0,1.0,11.0,0,3.0,45.0,2.0,0.239,0.309,0.418,0.727,22.0,0.179,0.07,0.488,7.38255033557047,30.201342281879196,0.24444444444444444,0.30120481927710846,0.24355,448.33333333333337,0.26119402985074625,0.6730769230769231,0.239,32.0,7.0,20.0,50.0,149.0,134.0,22.0,3.0,0.0,14.0,0.309,0.418,11.0,0,3.0,,56.0,0.0,0,0.0,1.0,,16.606896551724137,17.864000000000004
2017,PL,北海道日本ハムファイターズ,3105134,森山　恵佑,K.Moriyama,5.0,12.0,11.0,0.0,0.0,0.0,0.0,0.0,0.0,0.0,0.0,0,0.0,0.0,1.0,0,0.0,9.0,0.0,0.0,0.083,0.0,0.083,0.0,0.0,0.083,0.083,8.333333333333332,75.0,0.1111111111111111,0.0,0.03735,83.0,0.09090909090909091,0.09090909090909091,0.0,0.0,0.0,0.0,5.0,12.0,11.0,0.0,0.0,0.0,0.0,0.083,0.0,1.0,0,0.0,,0.0,0.0,0,0.0,0.0,,0.0,-0.748
2017,PL,北海道日本ハムファイターズ,31135130,淺間　大基,D.Asama,19.0,44.0,42.0,2.0,7.0,3.0,0.0,0.0,10.0,3.0,1,0,0.0,0.0,2.0,0,0.0,17.0,1.0,0.167,0.205,0.238,0.44299999999999995,4.0,0.07099999999999998,0.03799999999999998,0.2759999999999999,4.545454545454546,38.63636363636363,0.11764705882352941,0.28,0.15175,284.3333333333333,0.11904761904761904,0.3333333333333333,0.167,7.0,0.0,3.0,19.0,44.0,42.0,4.0,3.0,0.0,2.0,0.205,0.238,2.0,0,0.0,,10.0,1,0,0.0,0.0,,2.0454545454545454,1.3900000000000001
2017,PL,埼玉西武ライオンズ,31135133,秋山　翔吾,S.Akiyama,143.0,659.0,575.0,106.0,185.0,38.0,5.0,25.0,308.0,89.0,16,5,0.0,7.0,72.0,0,5.0,97.0,4.0,0.322,0.398,0.536,0.934,117.0,0.21400000000000002,0.07600000000000001,0.6120000000000001,10.925644916540213,14.719271623672231,0.7422680412371134,0.34782608695652173,0.31310000000000004,576.6666666666666,0.34782608695652173,0.9898477157360406,0.322,185.0,25.0,89.0,143.0,659.0,575.0,117.0,38.0,5.0,106.0,0.398,0.536,72.0,0,5.0,,308.0,16,5,0.0,7.0,,122.34312210200927,115.15
2017,PL,オリックス・バファローズ,31135135,安達　了一,R.Adachi,109.0,380.0,316.0,40.0,64.0,9.0,3.0,3.0,88.0,26.0,4,3,17.0,0.0,37.0,0,10.0,61.0,5.0,0.203,0.306,0.278,0.5840000000000001,49.0,0.07500000000000001,0.10299999999999998,0.381,9.736842105263158,16.05263157894737,0.6065573770491803,0.24206349206349206,0.2072,398.6666666666667,0.20253164556962025,0.5369649805447471,0.203,64.0,3.0,26.0,109.0,380.0,316.0,49.0,9.0,3.0,40.0,0.306,0.278,37.0,0,10.0,,88.0,4,3,17.0,0.0,,25.178470254957507,29.774000000000004
2017,PL,千葉ロッテマリーンズ,31235139,肘井　竜蔵,R.Hijii,16.0,21.0,21.0,4.0,5.0,1.0,0.0,0.0,6.0,0.0,0.0,0,0.0,0.0,0.0,0,0.0,12.0,0.0,0.238,0.238,0.286,0.524,4.0,0.04799999999999999,0.0,0.286,0.0,57.14285714285714,0.0,0.5555555555555556,0.17859999999999998,333.3333333333333,0.047619047619047616,0.375,0.238,5.0,0.0,0.0,16.0,21.0,21.0,4.0,1.0,0.0,4.0,0.238,0.286,0.0,0,0.0,,6.0,0.0,0,0.0,0.0,,1.4285714285714286,1.1519999999999997
2017,PL,福岡ソフトバンクホークス,31335116,岩嵜　翔,S.Iwasaki,72.0,1.0,1.0,0.0,0.0,0.0,0.0,0.0,0.0,0.0,0.0,0,0.0,0.0,0.0,0,0.0,1.0,0.0,0.0,0.0,0.0,0.0,0.0,0.0,0.0,0.0,0.0,100.0,0.0,nan,0.0,0.0,0.0,0.0,0.0,0.0,0.0,0.0,72.0,1.0,1.0,0.0,0.0,0.0,0.0,0.0,0.0,0.0,0,0.0,,0.0,0.0,0,0.0,0.0,,0.0,-0.098
2017,PL,オリックス・バファローズ,31335118,岩﨑　恭平,K.Iwasaki,7.0,11.0,11.0,1.0,1.0,0.0,0.0,0.0,1.0,0.0,1,0,0.0,0.0,0.0,0,0.0,2.0,0.0,0.091,0.091,0.091,0.182,1.0,0.0,0.0,0.091,0.0,18.181818181818183,0.0,0.1111111111111111,0.0637,121.33333333333333,0.0,0.1,0.091,1.0,0.0,0.0,7.0,11.0,11.0,1.0,0.0,0.0,1.0,0.091,0.091,0.0,0,0.0,,1.0,1,0,0.0,0.0,,0.09090909090909091,-0.48
2017,PL,福岡ソフトバンクホークス,31335131,今宮　健太,K.Imamiya,141.0,623.0,526.0,78.0,139.0,27.0,7.0,14.0,222.0,64.0,15,4,52.0,3.0,38.0,0,4.0,93.0,12.0,0.264,0.317,0.422,0.739,91.0,0.15799999999999997,0.05299999999999999,0.475,6.099518459069021,14.92776886035313,0.40860215053763443,0.2962085308056872,0.24814999999999998,457.6666666666667,0.2376425855513308,0.6716791979949874,0.264,139.0,14.0,64.0,141.0,623.0,526.0,91.0,27.0,7.0,78.0,0.317,0.422,38.0,0,4.0,,222.0,15,4,52.0,3.0,,69.67021276595744,69.03399999999999
2017,PL,北海道日本ハムファイターズ,31335132,井口　和朋,K.Iguchi,17.0,0.0,0.0,0.0,0.0,0.0,0.0,0.0,0.0,0.0,0.0,0,0.0,0.0,0.0,0,0.0,0.0,0.0,,,,0.0,0.0,0.0,0.0,,nan,nan,nan,nan,0.0,0.0,nan,nan,,0.0,0.0,0.0,17.0,0.0,0.0,0.0,0.0,0.0,0.0,,,0.0,0,0.0,,0.0,0.0,0,0.0,0.0,,nan,0.0
2017,PL,千葉ロッテマリーンズ,31435134,土肥　星也,S.Dohi,18.0,0.0,0.0,0.0,0.0,0.0,0.0,0.0,0.0,0.0,0.0,0,0.0,0.0,0.0,0,0.0,0.0,0.0,,,,0.0,0.0,0.0,0.0,,nan,nan,nan,nan,0.0,0.0,nan,nan,,0.0,0.0,0.0,18.0,0.0,0.0,0.0,0.0,0.0,0.0,,,0.0,0,0.0,,0.0,0.0,0,0.0,0.0,,nan,0.0
2017,PL,福岡ソフトバンクホークス,31535119,城所　龍磨,R.Kidokoro,2.0,3.0,3.0,0.0,0.0,0.0,0.0,0.0,0.0,0.0,0.0,0,0.0,0.0,0.0,0,0.0,1.0,0.0,0.0,0.0,0.0,0.0,0.0,0.0,0.0,0.0,0.0,33.33333333333333,0.0,0.0,0.0,0.0,0.0,0.0,0.0,0.0,0.0,0.0,2.0,3.0,3.0,0.0,0.0,0.0,0.0,0.0,0.0,0.0,0,0.0,,0.0,0.0,0,0.0,0.0,,0.0,-0.29400000000000004
2017,PL,オリックス・バファローズ,31535130,小田　裕也,Y.Oda,43.0,20.0,17.0,4.0,1.0,0.0,0.0,0.0,1.0,0.0,0.0,0,2.0,0.0,1.0,0,0.0,7.0,0.0,0.059,0.111,0.059,0.16999999999999998,1.0,0.0,0.052000000000000005,0.111,5.0,35.0,0.14285714285714285,0.1,0.06470000000000001,130.66666666666666,0.058823529411764705,0.125,0.059,1.0,0.0,0.0,43.0,20.0,17.0,1.0,0.0,0.0,4.0,0.111,0.059,1.0,0,0.0,,1.0,0.0,0,2.0,0.0,,0.1111111111111111,-0.738
2017,PL,埼玉西武ライオンズ,31535131,岡本　洋介,Y.Okamoto,14.0,2.0,2.0,0.0,0.0,0.0,0.0,0.0,0.0,0.0,0.0,0,0.0,0.0,0.0,0,0.0,2.0,0.0,0.0,0.0,0.0,0.0,0.0,0.0,0.0,0.0,0.0,100.0,0.0,nan,0.0,0.0,0.0,0.0,0.0,0.0,0.0,0.0,14.0,2.0,2.0,0.0,0.0,0.0,0.0,0.0,0.0,0.0,0,0.0,,0.0,0.0,0,0.0,0.0,,0.0,-0.196
2017,PL,埼玉西武ライオンズ,31535132,愛斗,A.Aito（takeda,9.0,6.0,5.0,2.0,0.0,0.0,0.0,0.0,0.0,0.0,0.0,0,0.0,0.0,0.0,0,1.0,3.0,0.0,0.0,0.167,0.0,0.167,0.0,0.0,0.167,0.167,0.0,50.0,0.0,0.0,0.07515000000000001,167.0,0.0,0.2,0.0,0.0,0.0,0.0,9.0,6.0,5.0,0.0,0.0,0.0,2.0,0.167,0.0,0.0,0,1.0,,0.0,0.0,0,0.0,0.0,,0.0,-0.15999999999999998
2017,PL,東北楽天ゴールデンイーグルス,31535135,釜田　佳直,Y.Kamata,12.0,3.0,3.0,0.0,0.0,0.0,0.0,0.0,0.0,0.0,0.0,0,0.0,0.0,0.0,0,0.0,1.0,0.0,0.0,0.0,0.0,0.0,0.0,0.0,0.0,0.0,0.0,33.33333333333333,0.0,0.0,0.0,0.0,0.0,0.0,0.0,0.0,0.0,0.0,12.0,3.0,3.0,0.0,0.0,0.0,0.0,0.0,0.0,0.0,0,0.0,,0.0,0.0,0,0.0,0.0,,0.0,-0.29400000000000004
2017,PL,埼玉西武ライオンズ,31535139,岡田　雅利,M.Okada,68.0,172.0,144.0,19.0,33.0,6.0,1.0,0.0,41.0,9.0,0.0,0,12.0,0.0,10.0,0,6.0,28.0,1.0,0.229,0.306,0.285,0.591,26.0,0.055999999999999966,0.07699999999999999,0.362,5.813953488372093,16.27906976744186,0.35714285714285715,0.28448275862068967,0.20894999999999997,400.99999999999994,0.125,0.5089285714285714,0.229,33.0,0.0,9.0,68.0,172.0,144.0,26.0,6.0,1.0,19.0,0.306,0.285,10.0,0,6.0,,41.0,0.0,0,12.0,0.0,,11.448051948051948,12.762
2017,PL,千葉ロッテマリーンズ,31635110,涌井　秀章,H.Wakui,25.0,4.0,4.0,0.0,0.0,0.0,0.0,0.0,0.0,0.0,0.0,0,0.0,0.0,0.0,0,0.0,4.0,0.0,0.0,0.0,0.0,0.0,0.0,0.0,0.0,0.0,0.0,100.0,0.0,nan,0.0,0.0,0.0,0.0,0.0,0.0,0.0,0.0,25.0,4.0,4.0,0.0,0.0,0.0,0.0,0.0,0.0,0.0,0,0.0,,0.0,0.0,0,0.0,0.0,,0.0,-0.392
2017,PL,北海道日本ハムファイターズ,31635116,村田　透,T.Murata,15.0,1.0,1.0,0.0,0.0,0.0,0.0,0.0,0.0,0.0,0.0,0,0.0,0.0,0.0,0,0.0,1.0,0.0,0.0,0.0,0.0,0.0,0.0,0.0,0.0,0.0,0.0,100.0,0.0,nan,0.0,0.0,0.0,0.0,0.0,0.0,0.0,0.0,15.0,1.0,1.0,0.0,0.0,0.0,0.0,0.0,0.0,0.0,0,0.0,,0.0,0.0,0,0.0,0.0,,0.0,-0.098
2017,PL,東北楽天ゴールデンイーグルス,31735114,金刃　憲人,N.Kaneto,6.0,0.0,0.0,0.0,0.0,0.0,0.0,0.0,0.0,0.0,0.0,0,0.0,0.0,0.0,0,0.0,0.0,0.0,,,,0.0,0.0,0.0,0.0,,nan,nan,nan,nan,0.0,0.0,nan,nan,,0.0,0.0,0.0,6.0,0.0,0.0,0.0,0.0,0.0,0.0,,,0.0,0,0.0,,0.0,0.0,0,0.0,0.0,,nan,0.0
2017,PL,埼玉西武ライオンズ,31835132,本田　圭佑,K.Honda,5.0,0.0,0.0,0.0,0.0,0.0,0.0,0.0,0.0,0.0,0.0,0,0.0,0.0,0.0,0,0.0,0.0,0.0,,,,0.0,0.0,0.0,0.0,,nan,nan,nan,nan,0.0,0.0,nan,nan,,0.0,0.0,0.0,5.0,0.0,0.0,0.0,0.0,0.0,0.0,,,0.0,0,0.0,,0.0,0.0,0,0.0,0.0,,nan,0.0
2017,PL,福岡ソフトバンクホークス,31835133,柳田　悠岐,Y.Yanagita,130.0,551.0,448.0,95.0,139.0,30.0,1.0,31.0,264.0,99.0,14,7,0.0,7.0,89.0,0,7.0,123.0,6.0,0.31,0.426,0.589,1.015,77.0,0.27899999999999997,0.11599999999999999,0.705,16.152450090744104,22.323049001814883,0.7235772357723578,0.3588039867109635,0.33895,622.3333333333333,0.49330357142857145,1.1650793650793652,0.31,139.0,31.0,99.0,130.0,551.0,448.0,77.0,30.0,1.0,95.0,0.426,0.589,89.0,0,7.0,,264.0,14,7,0.0,7.0,,112.08938547486034,108.438
2017,PL,埼玉西武ライオンズ,31935137,髙橋　朋己,T.Takahashi,3.0,0.0,0.0,0.0,0.0,0.0,0.0,0.0,0.0,0.0,0.0,0,0.0,0.0,0.0,0,0.0,0.0,0.0,,,,0.0,0.0,0.0,0.0,,nan,nan,nan,nan,0.0,0.0,nan,nan,,0.0,0.0,0.0,3.0,0.0,0.0,0.0,0.0,0.0,0.0,,,0.0,0,0.0,,0.0,0.0,0,0.0,0.0,,nan,0.0
2017,PL,オリックス・バファローズ,33035134,C.マレーロ,C.Marrero,82.0,319.0,283.0,39.0,82.0,15.0,1.0,20.0,159.0,50.0,1,0,0.0,2.0,29.0,0,5.0,84.0,6.0,0.29,0.364,0.562,0.926,46.0,0.2720000000000001,0.07400000000000001,0.6360000000000001,9.090909090909092,26.332288401253916,0.34523809523809523,0.3425414364640884,0.3043,551.3333333333334,0.3745583038869258,0.9323671497584541,0.29,82.0,20.0,50.0,82.0,319.0,283.0,46.0,15.0,1.0,39.0,0.364,0.562,29.0,0,5.0,,159.0,1,0,0.0,2.0,,56.56730769230769,55.162
2017,PL,福岡ソフトバンクホークス,33135133,D.サファテ,D.Sarfate,66.0,0.0,0.0,0.0,0.0,0.0,0.0,0.0,0.0,0.0,0.0,0,0.0,0.0,0.0,0,0.0,0.0,0.0,,,,0.0,0.0,0.0,0.0,,nan,nan,nan,nan,0.0,0.0,nan,nan,,0.0,0.0,0.0,66.0,0.0,0.0,0.0,0.0,0.0,0.0,,,0.0,0,0.0,,0.0,0.0,0,0.0,0.0,,nan,0.0
2017,PL,埼玉西武ライオンズ,33535134,F.ガルセス,F.Garces,18.0,1.0,1.0,0.0,0.0,0.0,0.0,0.0,0.0,0.0,0.0,0,0.0,0.0,0.0,0,0.0,0.0,0.0,0.0,0.0,0.0,0.0,0.0,0.0,0.0,0.0,0.0,0.0,nan,0.0,0.0,0.0,0.0,0.0,0.0,0.0,0.0,0.0,18.0,1.0,1.0,0.0,0.0,0.0,0.0,0.0,0.0,0.0,0,0.0,,0.0,0.0,0,0.0,0.0,,0.0,-0.098
2017,PL,福岡ソフトバンクホークス,3505139,A.デスパイネ,A.Despaigne,136.0,545.0,478.0,66.0,125.0,15.0,0.0,35.0,245.0,103.0,1.0,0,0.0,3.0,59.0,0,5.0,119.0,14.0,0.262,0.347,0.513,0.86,75.0,0.251,0.08499999999999996,0.598,10.825688073394495,21.834862385321102,0.4957983193277311,0.27522935779816515,0.2844,518.0,0.37656903765690375,0.8446866485013624,0.262,125.0,35.0,103.0,136.0,545.0,478.0,75.0,15.0,0.0,66.0,0.347,0.513,59.0,0,5.0,,245.0,1.0,0,0.0,3.0,,83.94785847299813,85.406
2017,PL,福岡ソフトバンクホークス,41045114,髙谷　裕亮,H.Takaya,92.0,195.0,175.0,9.0,36.0,4.0,0.0,1.0,43.0,20.0,0,1,5.0,2.0,12.0,0,1.0,30.0,1.0,0.206,0.258,0.246,0.504,31.0,0.04000000000000001,0.05200000000000002,0.298,6.153846153846154,15.384615384615385,0.4,0.23972602739726026,0.1776,340.0,0.11428571428571428,0.40714285714285714,0.206,36.0,1.0,20.0,92.0,195.0,175.0,31.0,4.0,0.0,9.0,0.258,0.246,12.0,0,1.0,,43.0,0,1,5.0,2.0,,11.037433155080214,10.668
2017,PL,北海道日本ハムファイターズ,41045117,武田　久,H.Takeda,7.0,0.0,0.0,0.0,0.0,0.0,0.0,0.0,0.0,0.0,0.0,0,0.0,0.0,0.0,0,0.0,0.0,0.0,,,,0.0,0.0,0.0,0.0,,nan,nan,nan,nan,0.0,0.0,nan,nan,,0.0,0.0,0.0,7.0,0.0,0.0,0.0,0.0,0.0,0.0,,,0.0,0,0.0,,0.0,0.0,0,0.0,0.0,,nan,0.0
2017,PL,東北楽天ゴールデンイーグルス,41045118,中川　大志,T.Nakagawa,23.0,36.0,34.0,3.0,4.0,2.0,0.0,0.0,6.0,4.0,0.0,0,0.0,0.0,1.0,0,1.0,11.0,0.0,0.118,0.167,0.176,0.34299999999999997,2.0,0.057999999999999996,0.049000000000000016,0.225,2.7777777777777777,30.555555555555557,0.09090909090909091,0.17391304347826086,0.11915,225.66666666666669,0.08823529411764706,0.26666666666666666,0.118,4.0,0.0,4.0,23.0,36.0,34.0,2.0,2.0,0.0,3.0,0.167,0.176,1.0,0,1.0,,6.0,0.0,0,0.0,0.0,,0.8571428571428571,0.16000000000000014
2017,PL,東北楽天ゴールデンイーグルス,41045131,西田　哲朗,T.Nishida,22.0,24.0,22.0,2.0,3.0,0.0,0.0,0.0,3.0,0.0,0.0,0,0.0,0.0,2.0,0,0.0,10.0,0.0,0.136,0.208,0.136,0.344,3.0,0.0,0.07199999999999998,0.208,8.333333333333332,41.66666666666667,0.2,0.25,0.1276,253.3333333333333,0.09090909090909091,0.2631578947368421,0.136,3.0,0.0,0.0,22.0,24.0,22.0,3.0,0.0,0.0,2.0,0.208,0.136,2.0,0,0.0,,3.0,0.0,0,0.0,0.0,,0.625,0.29800000000000004
2017,PL,埼玉西武ライオンズ,41045135,田代　将太郎,S.Tashiro,38.0,62.0,56.0,8.0,4.0,0.0,1.0,1.0,9.0,5.0,3,2,0.0,0.0,5.0,0,1.0,16.0,1.0,0.071,0.161,0.161,0.322,2.0,0.09000000000000001,0.09000000000000001,0.251,8.064516129032258,25.806451612903224,0.3125,0.07692307692307693,0.1127,214.66666666666669,0.21428571428571427,0.32075471698113206,0.071,4.0,1.0,5.0,38.0,62.0,56.0,2.0,0.0,1.0,8.0,0.161,0.161,5.0,0,1.0,,9.0,3,2,0.0,0.0,,1.3278688524590163,0.7240000000000002
2017,PL,北海道日本ハムファイターズ,41045139,白村　明弘,A.Hakumura,24.0,0.0,0.0,0.0,0.0,0.0,0.0,0.0,0.0,0.0,0.0,0,0.0,0.0,0.0,0,0.0,0.0,0.0,,,,0.0,0.0,0.0,0.0,,nan,nan,nan,nan,0.0,0.0,nan,nan,,0.0,0.0,0.0,24.0,0.0,0.0,0.0,0.0,0.0,0.0,,,0.0,0,0.0,,0.0,0.0,0,0.0,0.0,,nan,0.0
2017,PL,東北楽天ゴールデンイーグルス,41145132,足立　祐一,Y.Adachi,49.0,87.0,76.0,5.0,16.0,1.0,1.0,1.0,22.0,7.0,0,1,5.0,0.0,5.0,0,1.0,18.0,1.0,0.211,0.268,0.289,0.5569999999999999,13.0,0.07799999999999999,0.05700000000000002,0.346,5.747126436781609,20.689655172413794,0.2777777777777778,0.2631578947368421,0.19285000000000002,364.3333333333333,0.15789473684210525,0.47540983606557374,0.211,16.0,1.0,7.0,49.0,87.0,76.0,13.0,1.0,1.0,5.0,0.268,0.289,5.0,0,1.0,,22.0,0,1,5.0,0.0,,5.703703703703703,5.9799999999999995
2017,PL,千葉ロッテマリーンズ,41145139,石川　歩,A.Ishikawa,16.0,3.0,1.0,0.0,0.0,0.0,0.0,0.0,0.0,0.0,0.0,0,1.0,0.0,1.0,0,0.0,1.0,0.0,0.0,0.5,0.0,0.5,0.0,0.0,0.5,0.5,33.33333333333333,33.33333333333333,1.0,nan,0.225,500.0,1.0,1.0,0.0,0.0,0.0,0.0,16.0,3.0,1.0,0.0,0.0,0.0,0.0,0.5,0.0,1.0,0,0.0,,0.0,0.0,0,1.0,0.0,,0.0,0.232
2017,PL,埼玉西武ライオンズ,41245130,外崎　修汰,S.Tonosaki,135.0,489.0,438.0,65.0,113.0,22.0,3.0,10.0,171.0,48.0,23,3,10.0,3.0,33.0,0,5.0,109.0,4.0,0.258,0.315,0.39,0.7050000000000001,78.0,0.132,0.056999999999999995,0.447,6.748466257668712,22.290388548057262,0.30275229357798167,0.3198757763975155,0.23925000000000002,445.0,0.2146118721461187,0.6443768996960486,0.258,113.0,10.0,48.0,135.0,489.0,438.0,78.0,22.0,3.0,65.0,0.315,0.39,33.0,0,5.0,,171.0,23,3,10.0,3.0,,53.00636942675159,53.59000000000001
2017,PL,東北楽天ゴールデンイーグルス,41245139,古川　侑利,Y.Furukawa,5.0,2.0,2.0,0.0,0.0,0.0,0.0,0.0,0.0,0.0,0.0,0,0.0,0.0,0.0,0,0.0,1.0,0.0,0.0,0.0,0.0,0.0,0.0,0.0,0.0,0.0,0.0,50.0,0.0,0.0,0.0,0.0,0.0,0.0,0.0,0.0,0.0,0.0,5.0,2.0,2.0,0.0,0.0,0.0,0.0,0.0,0.0,0.0,0,0.0,,0.0,0.0,0,0.0,0.0,,0.0,-0.196
2017,PL,オリックス・バファローズ,41345110,金子　千尋,C.Kaneko,27.0,5.0,5.0,0.0,0.0,0.0,0.0,0.0,0.0,0.0,0.0,0,0.0,0.0,0.0,0,0.0,3.0,0.0,0.0,0.0,0.0,0.0,0.0,0.0,0.0,0.0,0.0,60.0,0.0,0.0,0.0,0.0,0.0,0.0,0.0,0.0,0.0,0.0,27.0,5.0,5.0,0.0,0.0,0.0,0.0,0.0,0.0,0.0,0,0.0,,0.0,0.0,0,0.0,0.0,,0.0,-0.49
2017,PL,福岡ソフトバンクホークス,41345111,川﨑　宗則,M.Kawasaki,42.0,156.0,137.0,22.0,33.0,10.0,0.0,0.0,43.0,4.0,0,2,4.0,1.0,11.0,0,3.0,37.0,0.0,0.241,0.309,0.314,0.623,23.0,0.07300000000000001,0.068,0.382,7.051282051282051,23.717948717948715,0.2972972972972973,0.32673267326732675,0.21755000000000002,413.6666666666667,0.1678832116788321,0.5673076923076923,0.241,33.0,0.0,4.0,42.0,156.0,137.0,23.0,10.0,0.0,22.0,0.309,0.314,11.0,0,3.0,,43.0,0,2,4.0,1.0,,12.783783783783784,13.488
2017,PL,北海道日本ハムファイターズ,41345118,大田　泰示,T.Oota,118.0,457.0,427.0,41.0,110.0,21.0,1.0,15.0,178.0,46.0,5,2,0.0,2.0,28.0,0,0.0,88.0,14.0,0.258,0.302,0.417,0.719,73.0,0.15899999999999997,0.043999999999999984,0.4609999999999999,6.12691466083151,19.25601750547046,0.3181818181818182,0.29141104294478526,0.24014999999999997,440.99999999999994,0.22950819672131148,0.6283987915407855,0.258,110.0,15.0,46.0,118.0,457.0,427.0,73.0,21.0,1.0,41.0,0.302,0.417,28.0,0,0.0,,178.0,5,2,0.0,2.0,,53.98681318681319,52.79399999999998
2017,PL,千葉ロッテマリーンズ,41345131,大谷　智久,T.Ootani,55.0,0.0,0.0,0.0,0.0,0.0,0.0,0.0,0.0,0.0,0.0,0,0.0,0.0,0.0,0,0.0,0.0,0.0,,,,0.0,0.0,0.0,0.0,,nan,nan,nan,nan,0.0,0.0,nan,nan,,0.0,0.0,0.0,55.0,0.0,0.0,0.0,0.0,0.0,0.0,,,0.0,0,0.0,,0.0,0.0,0,0.0,0.0,,nan,0.0
2017,PL,北海道日本ハムファイターズ,41345132,上原　健太,K.Uehara,9.0,0.0,0.0,0.0,0.0,0.0,0.0,0.0,0.0,0.0,0.0,0,0.0,0.0,0.0,0,0.0,0.0,0.0,,,,0.0,0.0,0.0,0.0,,nan,nan,nan,nan,0.0,0.0,nan,nan,,0.0,0.0,0.0,9.0,0.0,0.0,0.0,0.0,0.0,0.0,,,0.0,0,0.0,,0.0,0.0,0,0.0,0.0,,nan,0.0
2017,PL,オリックス・バファローズ,41345134,岡﨑　大輔,D.Okazaki,5.0,14.0,14.0,1.0,2.0,0.0,0.0,0.0,2.0,1.0,0.0,0,0.0,0.0,0.0,0,0.0,3.0,0.0,0.143,0.143,0.143,0.286,2.0,0.0,0.0,0.143,0.0,21.428571428571427,0.0,0.18181818181818182,0.1001,190.66666666666666,0.0,0.16666666666666666,0.143,2.0,0.0,1.0,5.0,14.0,14.0,2.0,0.0,0.0,1.0,0.143,0.143,0.0,0,0.0,,2.0,0.0,0,0.0,0.0,,0.2857142857142857,-0.17600000000000016
2017,PL,北海道日本ハムファイターズ,41345139,浦野　博司,H.Urano,7.0,0.0,0.0,0.0,0.0,0.0,0.0,0.0,0.0,0.0,0.0,0,0.0,0.0,0.0,0,0.0,0.0,0.0,,,,0.0,0.0,0.0,0.0,,nan,nan,nan,nan,0.0,0.0,nan,nan,,0.0,0.0,0.0,7.0,0.0,0.0,0.0,0.0,0.0,0.0,,,0.0,0,0.0,,0.0,0.0,0,0.0,0.0,,nan,0.0
2017,PL,福岡ソフトバンクホークス,41445112,本多　雄一,Y.Honda,62.0,143.0,122.0,12.0,26.0,6.0,0.0,0.0,32.0,8.0,3,2,9.0,0.0,12.0,0,0.0,20.0,2.0,0.213,0.284,0.262,0.546,20.0,0.049000000000000016,0.07099999999999998,0.3329999999999999,8.391608391608392,13.986013986013987,0.6,0.2549019607843137,0.1933,371.3333333333333,0.16393442622950818,0.46938775510204084,0.213,26.0,0.0,8.0,62.0,143.0,122.0,20.0,6.0,0.0,12.0,0.284,0.262,12.0,0,0.0,,32.0,3,2,9.0,0.0,,9.074626865671641,9.232
2017,PL,北海道日本ハムファイターズ,41445116,宮西　尚生,N.Miyanishi,51.0,0.0,0.0,0.0,0.0,0.0,0.0,0.0,0.0,0.0,0.0,0,0.0,0.0,0.0,0,0.0,0.0,0.0,,,,0.0,0.0,0.0,0.0,,nan,nan,nan,nan,0.0,0.0,nan,nan,,0.0,0.0,0.0,51.0,0.0,0.0,0.0,0.0,0.0,0.0,,,0.0,0,0.0,,0.0,0.0,0,0.0,0.0,,nan,0.0
2017,PL,埼玉西武ライオンズ,41445132,野田　昇吾,S.Noda,38.0,0.0,0.0,0.0,0.0,0.0,0.0,0.0,0.0,0.0,0.0,0,0.0,0.0,0.0,0,0.0,0.0,0.0,,,,0.0,0.0,0.0,0.0,,nan,nan,nan,nan,0.0,0.0,nan,nan,,0.0,0.0,0.0,38.0,0.0,0.0,0.0,0.0,0.0,0.0,,,0.0,0,0.0,,0.0,0.0,0,0.0,0.0,,nan,0.0
2017,PL,埼玉西武ライオンズ,41445133,牧田　和久,K.Makita,58.0,0.0,0.0,0.0,0.0,0.0,0.0,0.0,0.0,0.0,0.0,0,0.0,0.0,0.0,0,0.0,0.0,0.0,,,,0.0,0.0,0.0,0.0,,nan,nan,nan,nan,0.0,0.0,nan,nan,,0.0,0.0,0.0,58.0,0.0,0.0,0.0,0.0,0.0,0.0,,,0.0,0,0.0,,0.0,0.0,0,0.0,0.0,,nan,0.0
2017,PL,北海道日本ハムファイターズ,41445137,森本　龍弥,T.Morimoto,5.0,10.0,9.0,0.0,1.0,0.0,0.0,0.0,1.0,0.0,0.0,0,0.0,0.0,0.0,0,1.0,3.0,1.0,0.111,0.2,0.111,0.311,1.0,0.0,0.08900000000000001,0.2,0.0,30.0,0.0,0.16666666666666666,0.11775000000000001,237.00000000000003,0.0,0.2222222222222222,0.111,1.0,0.0,0.0,5.0,10.0,9.0,1.0,0.0,0.0,0.0,0.2,0.111,0.0,0,1.0,,1.0,0.0,0,0.0,0.0,,0.1111111111111111,0.04600000000000004
2017,PL,千葉ロッテマリーンズ,41545114,角中　勝也,K.Kakunaka,110.0,452.0,383.0,44.0,103.0,17.0,4.0,8.0,152.0,44.0,6,1,1.0,2.0,62.0,0,4.0,44.0,6.0,0.269,0.375,0.397,0.772,74.0,0.128,0.10599999999999998,0.503,13.716814159292035,9.734513274336283,1.4090909090909092,0.2852852852852853,0.268,507.3333333333333,0.2924281984334204,0.7657342657342657,0.269,103.0,8.0,44.0,110.0,452.0,383.0,74.0,17.0,4.0,44.0,0.375,0.397,62.0,0,4.0,,152.0,6,1,1.0,2.0,,56.359550561797754,59.44000000000001
2017,PL,東北楽天ゴールデンイーグルス,41545116,菊池　保則,Y.Kikuchi,7.0,0.0,0.0,0.0,0.0,0.0,0.0,0.0,0.0,0.0,0.0,0,0.0,0.0,0.0,0,0.0,0.0,0.0,,,,0.0,0.0,0.0,0.0,,nan,nan,nan,nan,0.0,0.0,nan,nan,,0.0,0.0,0.0,7.0,0.0,0.0,0.0,0.0,0.0,0.0,,,0.0,0,0.0,,0.0,0.0,0,0.0,0.0,,nan,0.0
2017,PL,北海道日本ハムファイターズ,41545132,加藤　貴之,T.Katou,21.0,2.0,1.0,0.0,0.0,0.0,0.0,0.0,0.0,0.0,0.0,0,1.0,0.0,0.0,0,0.0,1.0,0.0,0.0,0.0,0.0,0.0,0.0,0.0,0.0,0.0,0.0,50.0,0.0,nan,0.0,0.0,0.0,0.0,0.0,0.0,0.0,0.0,21.0,2.0,1.0,0.0,0.0,0.0,0.0,0.0,0.0,0.0,0,0.0,,0.0,0.0,0,1.0,0.0,,0.0,-0.098
2017,PL,オリックス・バファローズ,41545135,川端　崇義,T.Kawabata,18.0,28.0,28.0,4.0,6.0,2.0,0.0,0.0,8.0,2.0,0.0,0,0.0,0.0,0.0,0,0.0,2.0,0.0,0.214,0.214,0.286,0.5,4.0,0.07199999999999998,0.0,0.286,0.0,7.142857142857142,0.0,0.23076923076923078,0.1678,309.33333333333337,0.07142857142857142,0.36363636363636365,0.214,6.0,0.0,2.0,18.0,28.0,28.0,4.0,2.0,0.0,4.0,0.214,0.286,0.0,0,0.0,,8.0,0.0,0,0.0,0.0,,1.7142857142857142,1.2839999999999998
2017,PL,オリックス・バファローズ,41645133,宮﨑　祐樹,Y.Miyazaki,52.0,146.0,137.0,9.0,37.0,7.0,2.0,2.0,54.0,13.0,0,1,1.0,1.0,6.0,0,1.0,32.0,0.0,0.27,0.303,0.394,0.6970000000000001,26.0,0.124,0.032999999999999974,0.427,4.10958904109589,21.91780821917808,0.1875,0.33653846153846156,0.23485,434.33333333333337,0.17518248175182483,0.62,0.27,37.0,2.0,13.0,52.0,146.0,137.0,26.0,7.0,2.0,9.0,0.303,0.394,6.0,0,1.0,,54.0,0,1,1.0,1.0,,16.237762237762237,15.689999999999994
2017,PL,オリックス・バファローズ,41645139,若月　健矢,K.Wakatsuki,100.0,256.0,218.0,16.0,44.0,8.0,2.0,1.0,59.0,18.0,0.0,0,23.0,2.0,10.0,0,3.0,50.0,9.0,0.202,0.245,0.271,0.516,33.0,0.069,0.04299999999999998,0.314,3.90625,19.53125,0.2,0.25443786982248523,0.178,335.3333333333333,0.11467889908256881,0.39344262295081966,0.202,44.0,1.0,18.0,100.0,256.0,218.0,33.0,8.0,2.0,16.0,0.245,0.271,10.0,0,3.0,,59.0,0.0,0,23.0,2.0,,13.973684210526315,13.017999999999997
2017,PL,埼玉西武ライオンズ,41745114,木村　文紀,F.Kimura,105.0,203.0,184.0,26.0,37.0,5.0,1.0,2.0,50.0,13.0,7,4,4.0,1.0,13.0,0,1.0,53.0,5.0,0.201,0.256,0.272,0.528,29.0,0.07100000000000001,0.05499999999999999,0.327,6.403940886699508,26.108374384236456,0.24528301886792453,0.2692307692307692,0.18320000000000003,346.6666666666667,0.16304347826086957,0.4473684210526316,0.201,37.0,2.0,13.0,105.0,203.0,184.0,29.0,5.0,1.0,26.0,0.256,0.272,13.0,0,1.0,,50.0,7,4,4.0,1.0,,12.690355329949238,12.953999999999999
2017,PL,千葉ロッテマリーンズ,41745133,黒沢　翔太,S.Kurosawa,2.0,0.0,0.0,0.0,0.0,0.0,0.0,0.0,0.0,0.0,0.0,0,0.0,0.0,0.0,0,0.0,0.0,0.0,,,,0.0,0.0,0.0,0.0,,nan,nan,nan,nan,0.0,0.0,nan,nan,,0.0,0.0,0.0,2.0,0.0,0.0,0.0,0.0,0.0,0.0,,,0.0,0,0.0,,0.0,0.0,0,0.0,0.0,,nan,0.0
2017,PL,北海道日本ハムファイターズ,41745135,近藤　健介,K.Kondou,57.0,231.0,167.0,32.0,69.0,15.0,0.0,3.0,93.0,29.0,3,0,0.0,2.0,60.0,0,2.0,27.0,3.0,0.413,0.567,0.557,1.124,51.0,0.14400000000000007,0.15399999999999997,0.7110000000000001,25.97402597402597,11.688311688311687,2.2222222222222223,0.4748201438848921,0.3944,752.6666666666666,0.5029940119760479,1.5346534653465347,0.413,69.0,3.0,29.0,57.0,231.0,167.0,51.0,15.0,0.0,32.0,0.567,0.557,60.0,0,2.0,,93.0,3,0,0.0,2.0,,52.85022026431718,51.476
2017,PL,東北楽天ゴールデンイーグルス,41845132,村林　一輝,I.Murabayashi,1.0,3.0,2.0,2.0,1.0,0.0,0.0,0.0,1.0,0.0,0.0,0,0.0,0.0,1.0,0,0.0,1.0,0.0,0.5,0.667,0.5,1.167,1.0,0.0,0.16700000000000004,0.667,33.33333333333333,33.33333333333333,1.0,1.0,0.42515000000000003,833.6666666666666,0.5,2.0,0.5,1.0,0.0,0.0,1.0,3.0,2.0,1.0,0.0,0.0,2.0,0.667,0.5,1.0,0,0.0,,1.0,0.0,0,0.0,0.0,,0.6666666666666666,0.7320000000000001
2017,PL,埼玉西武ライオンズ,41945116,武隈　祥太,S.Takekuma,58.0,0.0,0.0,0.0,0.0,0.0,0.0,0.0,0.0,0.0,0.0,0,0.0,0.0,0.0,0,0.0,0.0,0.0,,,,0.0,0.0,0.0,0.0,,nan,nan,nan,nan,0.0,0.0,nan,nan,,0.0,0.0,0.0,58.0,0.0,0.0,0.0,0.0,0.0,0.0,,,0.0,0,0.0,,0.0,0.0,0,0.0,0.0,,nan,0.0
2017,PL,千葉ロッテマリーンズ,41945137,田村　龍弘,T.Tamura,132.0,359.0,311.0,31.0,77.0,12.0,3.0,3.0,104.0,36.0,4,2,17.0,4.0,26.0,0,1.0,68.0,7.0,0.248,0.304,0.334,0.638,59.0,0.08600000000000002,0.055999999999999994,0.39,7.242339832869081,18.94150417827298,0.38235294117647056,0.30327868852459017,0.2203,415.3333333333333,0.17684887459807075,0.5518672199170125,0.248,77.0,3.0,36.0,132.0,359.0,311.0,59.0,12.0,3.0,31.0,0.304,0.334,26.0,0,1.0,,104.0,4,2,17.0,4.0,,31.78635014836795,31.917999999999992
2017,PL,埼玉西武ライオンズ,43145137,相内　誠,M.Aiuchi,5.0,0.0,0.0,0.0,0.0,0.0,0.0,0.0,0.0,0.0,0.0,0,0.0,0.0,0.0,0,0.0,0.0,0.0,,,,0.0,0.0,0.0,0.0,,nan,nan,nan,nan,0.0,0.0,nan,nan,,0.0,0.0,0.0,5.0,0.0,0.0,0.0,0.0,0.0,0.0,,,0.0,0,0.0,,0.0,0.0,0,0.0,0.0,,nan,0.0
2017,PL,北海道日本ハムファイターズ,43145139,L.メンドーサ,L.Mendoza,20.0,3.0,3.0,0.0,0.0,0.0,0.0,0.0,0.0,0.0,0.0,0,0.0,0.0,0.0,0,0.0,2.0,0.0,0.0,0.0,0.0,0.0,0.0,0.0,0.0,0.0,0.0,66.66666666666666,0.0,0.0,0.0,0.0,0.0,0.0,0.0,0.0,0.0,0.0,20.0,3.0,3.0,0.0,0.0,0.0,0.0,0.0,0.0,0.0,0,0.0,,0.0,0.0,0,0.0,0.0,,0.0,-0.29400000000000004
2017,PL,オリックス・バファローズ,43345134,M.ウエスト,M.West,2.0,0.0,0.0,0.0,0.0,0.0,0.0,0.0,0.0,0.0,0.0,0,0.0,0.0,0.0,0,0.0,0.0,0.0,,,,0.0,0.0,0.0,0.0,,nan,nan,nan,nan,0.0,0.0,nan,nan,,0.0,0.0,0.0,2.0,0.0,0.0,0.0,0.0,0.0,0.0,,,0.0,0,0.0,,0.0,0.0,0,0.0,0.0,,nan,0.0
2017,PL,福岡ソフトバンクホークス,51055110,中田　賢一,K.Nakata,18.0,2.0,2.0,0.0,0.0,0.0,0.0,0.0,0.0,0.0,0.0,0,0.0,0.0,0.0,0,0.0,0.0,0.0,0.0,0.0,0.0,0.0,0.0,0.0,0.0,0.0,0.0,0.0,nan,0.0,0.0,0.0,0.0,0.0,0.0,0.0,0.0,0.0,18.0,2.0,2.0,0.0,0.0,0.0,0.0,0.0,0.0,0.0,0,0.0,,0.0,0.0,0,0.0,0.0,,0.0,-0.196
2017,PL,東北楽天ゴールデンイーグルス,51055137,則本　昂大,T.Norimoto,25.0,2.0,2.0,0.0,0.0,0.0,0.0,0.0,0.0,0.0,0.0,0,0.0,0.0,0.0,0,0.0,2.0,0.0,0.0,0.0,0.0,0.0,0.0,0.0,0.0,0.0,0.0,100.0,0.0,nan,0.0,0.0,0.0,0.0,0.0,0.0,0.0,0.0,25.0,2.0,2.0,0.0,0.0,0.0,0.0,0.0,0.0,0.0,0,0.0,,0.0,0.0,0,0.0,0.0,,0.0,-0.196
2017,PL,千葉ロッテマリーンズ,51153884,井口　資仁,T.Iguchi,65.0,144.0,123.0,9.0,30.0,7.0,0.0,2.0,43.0,15.0,0.0,0,0.0,2.0,19.0,0,0.0,27.0,4.0,0.244,0.34,0.35,0.69,21.0,0.10599999999999998,0.09600000000000003,0.446,13.194444444444445,18.75,0.7037037037037037,0.2916666666666667,0.24050000000000002,456.6666666666667,0.2601626016260163,0.6391752577319587,0.244,30.0,2.0,15.0,65.0,144.0,123.0,21.0,7.0,0.0,9.0,0.34,0.35,19.0,0,0.0,,43.0,0.0,0,0.0,2.0,,14.838028169014084,15.575999999999997
2017,PL,埼玉西武ライオンズ,51155118,浅村　栄斗,H.Asamura,143.0,633.0,574.0,78.0,167.0,34.0,1.0,19.0,260.0,99.0,5,1,1.0,6.0,44.0,0,8.0,96.0,17.0,0.291,0.347,0.453,0.8,113.0,0.16200000000000003,0.055999999999999994,0.509,6.9510268562401265,15.165876777251185,0.4583333333333333,0.31827956989247314,0.2694,498.0,0.24041811846689895,0.7382075471698113,0.291,167.0,19.0,99.0,143.0,633.0,574.0,113.0,34.0,1.0,78.0,0.347,0.453,44.0,0,8.0,,260.0,5,1,1.0,6.0,,88.77022653721683,86.834
2017,PL,福岡ソフトバンクホークス,51155119,明石　健志,K.Akashi,103.0,339.0,290.0,37.0,81.0,10.0,3.0,1.0,100.0,23.0,5,6,15.0,3.0,30.0,0,1.0,57.0,3.0,0.279,0.346,0.345,0.691,67.0,0.06599999999999995,0.06699999999999995,0.4119999999999999,8.849557522123893,16.8141592920354,0.5263157894736842,0.3404255319148936,0.24195,460.99999999999994,0.1896551724137931,0.6462264150943396,0.279,81.0,1.0,23.0,103.0,339.0,290.0,67.0,10.0,3.0,37.0,0.346,0.345,30.0,0,1.0,,100.0,5,6,15.0,3.0,,34.6875,36.087999999999994
2017,PL,北海道日本ハムファイターズ,51155130,有原　航平,K.Arihara,25.0,4.0,4.0,1.0,1.0,0.0,0.0,0.0,1.0,0.0,0.0,0,0.0,0.0,0.0,0,0.0,2.0,0.0,0.25,0.25,0.25,0.5,1.0,0.0,0.0,0.25,0.0,50.0,0.0,0.5,0.175,333.3333333333333,0.0,0.3333333333333333,0.25,1.0,0.0,0.0,25.0,4.0,4.0,1.0,0.0,0.0,1.0,0.25,0.25,0.0,0,0.0,,1.0,0.0,0,0.0,0.0,,0.25,0.20599999999999996
2017,PL,千葉ロッテマリーンズ,51155134,有吉　優樹,Y.Ariyoshi,53.0,0.0,0.0,0.0,0.0,0.0,0.0,0.0,0.0,0.0,0.0,0,0.0,0.0,0.0,0,0.0,0.0,0.0,,,,0.0,0.0,0.0,0.0,,nan,nan,nan,nan,0.0,0.0,nan,nan,,0.0,0.0,0.0,53.0,0.0,0.0,0.0,0.0,0.0,0.0,,,0.0,0,0.0,,0.0,0.0,0,0.0,0.0,,nan,0.0
2017,PL,埼玉西武ライオンズ,51255132,多和田　真三郎,S.Tawata,16.0,0.0,0.0,0.0,0.0,0.0,0.0,0.0,0.0,0.0,0.0,0,0.0,0.0,0.0,0,0.0,0.0,0.0,,,,0.0,0.0,0.0,0.0,,nan,nan,nan,nan,0.0,0.0,nan,nan,,0.0,0.0,0.0,16.0,0.0,0.0,0.0,0.0,0.0,0.0,,,0.0,0,0.0,,0.0,0.0,0,0.0,0.0,,nan,0.0
2017,PL,福岡ソフトバンクホークス,51255137,真砂　勇介,Y.Masago,9.0,13.0,12.0,2.0,1.0,0.0,0.0,1.0,4.0,1.0,0.0,0,0.0,0.0,1.0,0,0.0,2.0,0.0,0.083,0.154,0.333,0.487,0.0,0.25,0.071,0.404,7.6923076923076925,15.384615384615385,0.5,0.0,0.15255000000000002,265.0,0.3333333333333333,0.45454545454545453,0.083,1.0,1.0,1.0,9.0,13.0,12.0,0.0,0.0,0.0,2.0,0.154,0.333,1.0,0,0.0,,4.0,0.0,0,0.0,0.0,,0.6153846153846154,0.692
2017,PL,東北楽天ゴールデンイーグルス,51355130,入野　貴大,T.Irino,7.0,0.0,0.0,0.0,0.0,0.0,0.0,0.0,0.0,0.0,0.0,0,0.0,0.0,0.0,0,0.0,0.0,0.0,,,,0.0,0.0,0.0,0.0,,nan,nan,nan,nan,0.0,0.0,nan,nan,,0.0,0.0,0.0,7.0,0.0,0.0,0.0,0.0,0.0,0.0,,,0.0,0,0.0,,0.0,0.0,0,0.0,0.0,,nan,0.0
2017,PL,北海道日本ハムファイターズ,51355135,上沢　直之,N.Uwasawa,15.0,3.0,2.0,0.0,0.0,0.0,0.0,0.0,0.0,0.0,0.0,0,1.0,0.0,0.0,0,0.0,1.0,0.0,0.0,0.0,0.0,0.0,0.0,0.0,0.0,0.0,0.0,33.33333333333333,0.0,0.0,0.0,0.0,0.0,0.0,0.0,0.0,0.0,0.0,15.0,3.0,2.0,0.0,0.0,0.0,0.0,0.0,0.0,0.0,0,0.0,,0.0,0.0,0,1.0,0.0,,0.0,-0.196
2017,PL,埼玉西武ライオンズ,51455116,藤原　良平,R.Fujiwara,8.0,0.0,0.0,0.0,0.0,0.0,0.0,0.0,0.0,0.0,0.0,0,0.0,0.0,0.0,0,0.0,0.0,0.0,,,,0.0,0.0,0.0,0.0,,nan,nan,nan,nan,0.0,0.0,nan,nan,,0.0,0.0,0.0,8.0,0.0,0.0,0.0,0.0,0.0,0.0,,,0.0,0,0.0,,0.0,0.0,0,0.0,0.0,,nan,0.0
2017,PL,千葉ロッテマリーンズ,51455130,中村　奨吾,S.Nakamura,85.0,312.0,280.0,32.0,77.0,13.0,2.0,9.0,121.0,32.0,11,3,5.0,1.0,20.0,0,6.0,63.0,5.0,0.275,0.336,0.432,0.768,53.0,0.15699999999999997,0.061,0.493,6.41025641025641,20.192307692307693,0.31746031746031744,0.3253588516746411,0.2592,480.0,0.2392857142857143,0.7211538461538461,0.275,77.0,9.0,32.0,85.0,312.0,280.0,53.0,13.0,2.0,32.0,0.336,0.432,20.0,0,6.0,,121.0,11,3,5.0,1.0,,39.123333333333335,40.12599999999999
2017,PL,千葉ロッテマリーンズ,51455132,成田　翔,K.Narita,4.0,0.0,0.0,0.0,0.0,0.0,0.0,0.0,0.0,0.0,0.0,0,0.0,0.0,0.0,0,0.0,0.0,0.0,,,,0.0,0.0,0.0,0.0,,nan,nan,nan,nan,0.0,0.0,nan,nan,,0.0,0.0,0.0,4.0,0.0,0.0,0.0,0.0,0.0,0.0,,,0.0,0,0.0,,0.0,0.0,0,0.0,0.0,,nan,0.0
2017,PL,千葉ロッテマリーンズ,51455139,三木　亮,R.Miki,85.0,229.0,207.0,18.0,50.0,9.0,0.0,2.0,65.0,19.0,0,1,9.0,2.0,8.0,0,3.0,55.0,1.0,0.242,0.277,0.314,0.591,39.0,0.07200000000000001,0.03500000000000003,0.349,3.4934497816593884,24.017467248908297,0.14545454545454545,0.3157894736842105,0.20315,381.6666666666667,0.11594202898550725,0.4873417721518987,0.242,50.0,2.0,19.0,85.0,229.0,207.0,39.0,9.0,0.0,18.0,0.277,0.314,8.0,0,3.0,,65.0,0,1,9.0,2.0,,17.53488372093023,17.284
2017,PL,福岡ソフトバンクホークス,51555114,大隣　憲司,K.Ootonari,1.0,0.0,0.0,0.0,0.0,0.0,0.0,0.0,0.0,0.0,0.0,0,0.0,0.0,0.0,0,0.0,0.0,0.0,,,,0.0,0.0,0.0,0.0,,nan,nan,nan,nan,0.0,0.0,nan,nan,,0.0,0.0,0.0,1.0,0.0,0.0,0.0,0.0,0.0,0.0,,,0.0,0,0.0,,0.0,0.0,0,0.0,0.0,,nan,0.0
2017,PL,東北楽天ゴールデンイーグルス,51555130,小野　郁,F.Ono,2.0,0.0,0.0,0.0,0.0,0.0,0.0,0.0,0.0,0.0,0.0,0,0.0,0.0,0.0,0,0.0,0.0,0.0,,,,0.0,0.0,0.0,0.0,,nan,nan,nan,nan,0.0,0.0,nan,nan,,0.0,0.0,0.0,2.0,0.0,0.0,0.0,0.0,0.0,0.0,,,0.0,0,0.0,,0.0,0.0,0,0.0,0.0,,nan,0.0
2017,PL,福岡ソフトバンクホークス,51555135,釜元　豪,G.Kamamoto,2.0,1.0,1.0,0.0,0.0,0.0,0.0,0.0,0.0,0.0,0.0,0,0.0,0.0,0.0,0,0.0,1.0,0.0,0.0,0.0,0.0,0.0,0.0,0.0,0.0,0.0,0.0,100.0,0.0,nan,0.0,0.0,0.0,0.0,0.0,0.0,0.0,0.0,2.0,1.0,1.0,0.0,0.0,0.0,0.0,0.0,0.0,0.0,0,0.0,,0.0,0.0,0,0.0,0.0,,0.0,-0.098
2017,PL,北海道日本ハムファイターズ,51555137,鍵谷　陽平,Y.Kagiya,60.0,0.0,0.0,0.0,0.0,0.0,0.0,0.0,0.0,0.0,0.0,0,0.0,0.0,0.0,0,0.0,0.0,0.0,,,,0.0,0.0,0.0,0.0,,nan,nan,nan,nan,0.0,0.0,nan,nan,,0.0,0.0,0.0,60.0,0.0,0.0,0.0,0.0,0.0,0.0,,,0.0,0,0.0,,0.0,0.0,0,0.0,0.0,,nan,0.0
2017,PL,福岡ソフトバンクホークス,51555139,岡本　健,K.Okamoto,14.0,1.0,1.0,0.0,0.0,0.0,0.0,0.0,0.0,0.0,0.0,0,0.0,0.0,0.0,0,0.0,1.0,0.0,0.0,0.0,0.0,0.0,0.0,0.0,0.0,0.0,0.0,100.0,0.0,nan,0.0,0.0,0.0,0.0,0.0,0.0,0.0,0.0,14.0,1.0,1.0,0.0,0.0,0.0,0.0,0.0,0.0,0.0,0,0.0,,0.0,0.0,0,0.0,0.0,,0.0,-0.098
2017,PL,福岡ソフトバンクホークス,51655112,松田　宣浩,N.Matsuda,143.0,577.0,531.0,64.0,140.0,19.0,6.0,24.0,243.0,71.0,5,2,0.0,2.0,43.0,0,1.0,128.0,16.0,0.264,0.319,0.458,0.777,91.0,0.194,0.05499999999999999,0.513,7.452339688041594,22.183708838821488,0.3359375,0.30446194225721784,0.25805,471.6666666666667,0.2787193973634652,0.7100737100737101,0.264,140.0,24.0,71.0,143.0,577.0,531.0,91.0,19.0,6.0,64.0,0.319,0.458,43.0,0,1.0,,243.0,5,2,0.0,2.0,,77.47212543554006,76.542
2017,PL,北海道日本ハムファイターズ,51655117,矢野　謙次,K.Yano,44.0,49.0,44.0,0.0,9.0,2.0,0.0,0.0,11.0,10.0,0.0,0,0.0,0.0,5.0,0,0.0,13.0,1.0,0.205,0.286,0.25,0.536,7.0,0.04500000000000001,0.08099999999999999,0.3309999999999999,10.204081632653061,26.53061224489796,0.38461538461538464,0.2903225806451613,0.19119999999999998,369.3333333333333,0.1590909090909091,0.4444444444444444,0.205,9.0,0.0,10.0,44.0,49.0,44.0,7.0,2.0,0.0,0.0,0.286,0.25,5.0,0,0.0,,11.0,0.0,0,0.0,0.0,,3.142857142857143,3.1599999999999997
2017,PL,オリックス・バファローズ,51755112,岸田　護,M.Kishida,4.0,0.0,0.0,0.0,0.0,0.0,0.0,0.0,0.0,0.0,0.0,0,0.0,0.0,0.0,0,0.0,0.0,0.0,,,,0.0,0.0,0.0,0.0,,nan,nan,nan,nan,0.0,0.0,nan,nan,,0.0,0.0,0.0,4.0,0.0,0.0,0.0,0.0,0.0,0.0,,,0.0,0,0.0,,0.0,0.0,0,0.0,0.0,,nan,0.0
2017,PL,埼玉西武ライオンズ,51755115,栗山　巧,T.Kuriyama,116.0,374.0,333.0,28.0,84.0,13.0,0.0,9.0,124.0,46.0,0.0,0,4.0,7.0,27.0,0,3.0,64.0,10.0,0.252,0.308,0.372,0.6799999999999999,62.0,0.12,0.055999999999999994,0.428,7.219251336898395,17.11229946524064,0.421875,0.2808988764044944,0.2316,432.0,0.2012012012012012,0.5945945945945946,0.252,84.0,9.0,46.0,116.0,374.0,333.0,62.0,13.0,0.0,28.0,0.308,0.372,27.0,0,3.0,,124.0,0.0,0,4.0,7.0,,38.233333333333334,38.818
2017,PL,埼玉西武ライオンズ,51755131,菊池　雄星,Y.Kikuchi,26.0,5.0,5.0,0.0,1.0,0.0,0.0,0.0,1.0,0.0,0.0,0,0.0,0.0,0.0,0,0.0,2.0,0.0,0.2,0.2,0.2,0.4,1.0,0.0,0.0,0.2,0.0,40.0,0.0,0.3333333333333333,0.14,266.6666666666667,0.0,0.25,0.2,1.0,0.0,0.0,26.0,5.0,5.0,1.0,0.0,0.0,0.0,0.2,0.2,0.0,0,0.0,,1.0,0.0,0,0.0,0.0,,0.2,0.10799999999999998
2017,PL,オリックス・バファローズ,51755134,黒木　優太,Y.Kuroki,55.0,0.0,0.0,0.0,0.0,0.0,0.0,0.0,0.0,0.0,0.0,0,0.0,0.0,0.0,0,0.0,0.0,0.0,,,,0.0,0.0,0.0,0.0,,nan,nan,nan,nan,0.0,0.0,nan,nan,,0.0,0.0,0.0,55.0,0.0,0.0,0.0,0.0,0.0,0.0,,,0.0,0,0.0,,0.0,0.0,0,0.0,0.0,,nan,0.0
2017,PL,北海道日本ハムファイターズ,51855134,堀　瑞輝,M.Hori,4.0,0.0,0.0,0.0,0.0,0.0,0.0,0.0,0.0,0.0,0.0,0,0.0,0.0,0.0,0,0.0,0.0,0.0,,,,0.0,0.0,0.0,0.0,,nan,nan,nan,nan,0.0,0.0,nan,nan,,0.0,0.0,0.0,4.0,0.0,0.0,0.0,0.0,0.0,0.0,,,0.0,0,0.0,,0.0,0.0,0,0.0,0.0,,nan,0.0
2017,PL,オリックス・バファローズ,51855137,B.ディクソン,B.Dickson,25.0,1.0,1.0,0.0,0.0,0.0,0.0,0.0,0.0,0.0,0.0,0,0.0,0.0,0.0,0,0.0,0.0,0.0,0.0,0.0,0.0,0.0,0.0,0.0,0.0,0.0,0.0,0.0,nan,0.0,0.0,0.0,0.0,0.0,0.0,0.0,0.0,0.0,25.0,1.0,1.0,0.0,0.0,0.0,0.0,0.0,0.0,0.0,0,0.0,,0.0,0.0,0,0.0,0.0,,0.0,-0.098
2017,PL,東北楽天ゴールデンイーグルス,51955133,小山　雄輝,Y.Koyama,5.0,0.0,0.0,0.0,0.0,0.0,0.0,0.0,0.0,0.0,0.0,0,0.0,0.0,0.0,0,0.0,0.0,0.0,,,,0.0,0.0,0.0,0.0,,nan,nan,nan,nan,0.0,0.0,nan,nan,,0.0,0.0,0.0,5.0,0.0,0.0,0.0,0.0,0.0,0.0,,,0.0,0,0.0,,0.0,0.0,0,0.0,0.0,,nan,0.0
2017,PL,福岡ソフトバンクホークス,51955139,曽根　海成,K.Sone,2.0,3.0,3.0,0.0,0.0,0.0,0.0,0.0,0.0,0.0,0.0,0,0.0,0.0,0.0,0,0.0,1.0,0.0,0.0,0.0,0.0,0.0,0.0,0.0,0.0,0.0,0.0,33.33333333333333,0.0,0.0,0.0,0.0,0.0,0.0,0.0,0.0,0.0,0.0,2.0,3.0,3.0,0.0,0.0,0.0,0.0,0.0,0.0,0.0,0,0.0,,0.0,0.0,0,0.0,0.0,,0.0,-0.29400000000000004
2017,PL,東北楽天ゴールデンイーグルス,53055134,J.コラレス,J.Corrales,1.0,0.0,0.0,0.0,0.0,0.0,0.0,0.0,0.0,0.0,0.0,0,0.0,0.0,0.0,0,0.0,0.0,0.0,,,,0.0,0.0,0.0,0.0,,nan,nan,nan,nan,0.0,0.0,nan,nan,,0.0,0.0,0.0,1.0,0.0,0.0,0.0,0.0,0.0,0.0,,,0.0,0,0.0,,0.0,0.0,0,0.0,0.0,,nan,0.0
2017,PL,オリックス・バファローズ,53355134,山本　由伸,Y.Yamamoto,5.0,0.0,0.0,0.0,0.0,0.0,0.0,0.0,0.0,0.0,0.0,0,0.0,0.0,0.0,0,0.0,0.0,0.0,,,,0.0,0.0,0.0,0.0,,nan,nan,nan,nan,0.0,0.0,nan,nan,,0.0,0.0,0.0,5.0,0.0,0.0,0.0,0.0,0.0,0.0,,,0.0,0,0.0,,0.0,0.0,0,0.0,0.0,,nan,0.0
2017,PL,埼玉西武ライオンズ,53555134,A.キャンデラリオ,A.Candelario,1.0,0.0,0.0,0.0,0.0,0.0,0.0,0.0,0.0,0.0,0.0,0,0.0,0.0,0.0,0,0.0,0.0,0.0,,,,0.0,0.0,0.0,0.0,,nan,nan,nan,nan,0.0,0.0,nan,nan,,0.0,0.0,0.0,1.0,0.0,0.0,0.0,0.0,0.0,0.0,,,0.0,0,0.0,,0.0,0.0,0,0.0,0.0,,nan,0.0
2017,PL,北海道日本ハムファイターズ,61065116,中田　翔,S.Nakata,129.0,542.0,472.0,56.0,102.0,23.0,0.0,16.0,173.0,67.0,0,1,0.0,4.0,61.0,0,5.0,103.0,14.0,0.216,0.31,0.367,0.677,63.0,0.151,0.094,0.4609999999999999,11.254612546125461,19.00369003690037,0.5922330097087378,0.24089635854341737,0.23125,432.33333333333337,0.2817796610169492,0.625,0.216,102.0,16.0,67.0,129.0,542.0,472.0,63.0,23.0,0.0,56.0,0.31,0.367,61.0,0,5.0,,173.0,0,1,0.0,4.0,,52.906191369606006,56.800000000000004
2017,PL,オリックス・バファローズ,61065133,塚原　頌平,S.Tsukahara,4.0,0.0,0.0,0.0,0.0,0.0,0.0,0.0,0.0,0.0,0.0,0,0.0,0.0,0.0,0,0.0,0.0,0.0,,,,0.0,0.0,0.0,0.0,,nan,nan,nan,nan,0.0,0.0,nan,nan,,0.0,0.0,0.0,4.0,0.0,0.0,0.0,0.0,0.0,0.0,,,0.0,0,0.0,,0.0,0.0,0,0.0,0.0,,nan,0.0
2017,PL,オリックス・バファローズ,61065137,伏見　寅威,T.Fushimi,4.0,1.0,1.0,1.0,0.0,0.0,0.0,0.0,0.0,0.0,0.0,0,0.0,0.0,0.0,0,0.0,1.0,0.0,0.0,0.0,0.0,0.0,0.0,0.0,0.0,0.0,0.0,100.0,0.0,nan,0.0,0.0,0.0,0.0,0.0,0.0,0.0,0.0,4.0,1.0,1.0,0.0,0.0,0.0,1.0,0.0,0.0,0.0,0,0.0,,0.0,0.0,0,0.0,0.0,,0.0,-0.098
2017,PL,東北楽天ゴールデンイーグルス,61165116,伊志嶺　忠,T.Ishimine,14.0,14.0,14.0,0.0,1.0,1.0,0.0,0.0,2.0,0.0,0.0,0,0.0,0.0,0.0,0,0.0,7.0,0.0,0.071,0.071,0.143,0.21399999999999997,0.0,0.072,0.0,0.143,0.0,50.0,0.0,0.14285714285714285,0.0677,118.66666666666666,0.07142857142857142,0.15384615384615385,0.071,1.0,0.0,0.0,14.0,14.0,14.0,0.0,1.0,0.0,0.0,0.071,0.143,0.0,0,0.0,,2.0,0.0,0,0.0,0.0,,0.14285714285714285,-0.554
2017,PL,千葉ロッテマリーンズ,61165119,内　竜也,T.Uchi,50.0,0.0,0.0,0.0,0.0,0.0,0.0,0.0,0.0,0.0,0.0,0,0.0,0.0,0.0,0,0.0,0.0,0.0,,,,0.0,0.0,0.0,0.0,,nan,nan,nan,nan,0.0,0.0,nan,nan,,0.0,0.0,0.0,50.0,0.0,0.0,0.0,0.0,0.0,0.0,,,0.0,0,0.0,,0.0,0.0,0,0.0,0.0,,nan,0.0
2017,PL,北海道日本ハムファイターズ,61165130,石川　直也,N.Ishikawa,37.0,0.0,0.0,0.0,0.0,0.0,0.0,0.0,0.0,0.0,0.0,0,0.0,0.0,0.0,0,0.0,0.0,0.0,,,,0.0,0.0,0.0,0.0,,nan,nan,nan,nan,0.0,0.0,nan,nan,,0.0,0.0,0.0,37.0,0.0,0.0,0.0,0.0,0.0,0.0,,,0.0,0,0.0,,0.0,0.0,0,0.0,0.0,,nan,0.0
2017,PL,千葉ロッテマリーンズ,61165133,伊志嶺　翔大,S.Ishimine,52.0,117.0,104.0,12.0,18.0,1.0,1.0,0.0,21.0,4.0,4,0,4.0,0.0,9.0,0,0.0,22.0,1.0,0.173,0.239,0.202,0.441,16.0,0.029000000000000026,0.066,0.268,7.6923076923076925,18.803418803418804,0.4090909090909091,0.21951219512195122,0.15805,306.33333333333337,0.11538461538461539,0.3448275862068966,0.173,18.0,0.0,4.0,52.0,117.0,104.0,16.0,1.0,1.0,12.0,0.239,0.202,9.0,0,0.0,,21.0,4,0,4.0,0.0,,5.017699115044247,4.302000000000001
2017,PL,福岡ソフトバンクホークス,61165139,石川　柊太,S.Ishikawa,34.0,2.0,2.0,0.0,0.0,0.0,0.0,0.0,0.0,0.0,0.0,0,0.0,0.0,0.0,0,0.0,2.0,0.0,0.0,0.0,0.0,0.0,0.0,0.0,0.0,0.0,0.0,100.0,0.0,nan,0.0,0.0,0.0,0.0,0.0,0.0,0.0,0.0,34.0,2.0,2.0,0.0,0.0,0.0,0.0,0.0,0.0,0.0,0,0.0,,0.0,0.0,0,0.0,0.0,,0.0,-0.196
2017,PL,東北楽天ゴールデンイーグルス,61265116,聖澤　諒,R.Hijirisawa,111.0,252.0,232.0,29.0,58.0,14.0,2.0,1.0,79.0,21.0,2,1,2.0,1.0,13.0,0,4.0,50.0,2.0,0.25,0.3,0.341,0.641,41.0,0.09100000000000003,0.04999999999999999,0.391,5.158730158730158,19.841269841269842,0.26,0.3131868131868132,0.22025,413.6666666666667,0.15086206896551724,0.5511363636363636,0.25,58.0,1.0,21.0,111.0,252.0,232.0,41.0,14.0,2.0,29.0,0.3,0.341,13.0,0,4.0,,79.0,2,1,2.0,1.0,,22.89387755102041,22.837999999999994
2017,PL,埼玉西武ライオンズ,61265137,水口　大地,D.Mizuguchi,56.0,51.0,50.0,17.0,14.0,3.0,0.0,0.0,17.0,4.0,5,4,0.0,0.0,1.0,0,0.0,6.0,1.0,0.28,0.294,0.34,0.634,11.0,0.06,0.013999999999999957,0.354,1.9607843137254901,11.76470588235294,0.16666666666666666,0.3181818181818182,0.2173,407.3333333333333,0.16,0.5945945945945946,0.28,14.0,0.0,4.0,56.0,51.0,50.0,11.0,3.0,0.0,17.0,0.294,0.34,1.0,0,0.0,,17.0,5,4,0.0,0.0,,5.0,5.182
2017,PL,オリックス・バファローズ,61365112,T-岡田,T.Teぃokada（okada,143.0,593.0,504.0,77.0,134.0,19.0,0.0,31.0,246.0,68.0,2,1,0.0,1.0,83.0,0,5.0,141.0,10.0,0.266,0.374,0.488,0.862,84.0,0.22199999999999998,0.10799999999999998,0.596,13.99662731871838,23.77740303541315,0.5886524822695035,0.30930930930930933,0.2903,536.6666666666666,0.3888888888888889,0.881578947368421,0.266,134.0,31.0,68.0,143.0,593.0,504.0,84.0,19.0,0.0,77.0,0.374,0.488,83.0,0,5.0,,246.0,2,1,0.0,1.0,,90.94037478705282,93.28
2017,PL,北海道日本ハムファイターズ,61365118,大野　奨太,S.Oono,83.0,183.0,154.0,13.0,34.0,5.0,0.0,3.0,48.0,13.0,0,1,8.0,1.0,16.0,0,4.0,30.0,1.0,0.221,0.309,0.312,0.621,26.0,0.091,0.088,0.4,8.743169398907105,16.39344262295082,0.5333333333333333,0.2540983606557377,0.21705000000000002,413.0,0.2012987012987013,0.5702479338842975,0.221,34.0,3.0,13.0,83.0,183.0,154.0,26.0,5.0,0.0,13.0,0.309,0.312,16.0,0,4.0,,48.0,0,1,8.0,1.0,,14.117647058823529,15.940000000000003
2017,PL,千葉ロッテマリーンズ,61365133,江村　直也,N.Emura,13.0,6.0,6.0,1.0,1.0,0.0,0.0,0.0,1.0,0.0,0.0,0,0.0,0.0,0.0,0,0.0,1.0,1.0,0.167,0.167,0.167,0.334,1.0,0.0,0.0,0.167,0.0,16.666666666666664,0.0,0.2,0.1169,222.66666666666669,0.0,0.16666666666666666,0.167,1.0,0.0,0.0,13.0,6.0,6.0,1.0,0.0,0.0,1.0,0.167,0.167,0.0,0,0.0,,1.0,0.0,0,0.0,0.0,,0.16666666666666666,0.010000000000000009
2017,PL,オリックス・バファローズ,61365135,海田　智行,T.Kaida,12.0,0.0,0.0,0.0,0.0,0.0,0.0,0.0,0.0,0.0,0.0,0,0.0,0.0,0.0,0,0.0,0.0,0.0,,,,0.0,0.0,0.0,0.0,,nan,nan,nan,nan,0.0,0.0,nan,nan,,0.0,0.0,0.0,12.0,0.0,0.0,0.0,0.0,0.0,0.0,,,0.0,0,0.0,,0.0,0.0,0,0.0,0.0,,nan,0.0
2017,PL,北海道日本ハムファイターズ,61365137,大累　進,S.Oorui,13.0,2.0,2.0,3.0,0.0,0.0,0.0,0.0,0.0,0.0,0.0,0,0.0,0.0,0.0,0,0.0,1.0,0.0,0.0,0.0,0.0,0.0,0.0,0.0,0.0,0.0,0.0,50.0,0.0,0.0,0.0,0.0,0.0,0.0,0.0,0.0,0.0,0.0,13.0,2.0,2.0,0.0,0.0,0.0,3.0,0.0,0.0,0.0,0,0.0,,0.0,0.0,0,0.0,0.0,,0.0,-0.196
2017,PL,オリックス・バファローズ,61465131,山田　修義,N.Yamada,4.0,0.0,0.0,0.0,0.0,0.0,0.0,0.0,0.0,0.0,0.0,0,0.0,0.0,0.0,0,0.0,0.0,0.0,,,,0.0,0.0,0.0,0.0,,nan,nan,nan,nan,0.0,0.0,nan,nan,,0.0,0.0,0.0,4.0,0.0,0.0,0.0,0.0,0.0,0.0,,,0.0,0,0.0,,0.0,0.0,0,0.0,0.0,,nan,0.0
2017,PL,福岡ソフトバンクホークス,61465133,牧原　大成,T.Makihara,10.0,3.0,3.0,0.0,1.0,0.0,0.0,0.0,1.0,0.0,0.0,0,0.0,0.0,0.0,0,0.0,0.0,0.0,0.333,0.333,0.333,0.666,1.0,0.0,0.0,0.333,0.0,0.0,nan,0.3333333333333333,0.23310000000000003,444.0,0.0,0.5,0.333,1.0,0.0,0.0,10.0,3.0,3.0,1.0,0.0,0.0,0.0,0.333,0.333,0.0,0,0.0,,1.0,0.0,0,0.0,0.0,,0.3333333333333333,0.304
2017,PL,千葉ロッテマリーンズ,61565117,金澤　岳,T.Kanazawa,4.0,7.0,7.0,0.0,0.0,0.0,0.0,0.0,0.0,0.0,0.0,0,0.0,0.0,0.0,0,0.0,1.0,0.0,0.0,0.0,0.0,0.0,0.0,0.0,0.0,0.0,0.0,14.285714285714285,0.0,0.0,0.0,0.0,0.0,0.0,0.0,0.0,0.0,0.0,4.0,7.0,7.0,0.0,0.0,0.0,0.0,0.0,0.0,0.0,0,0.0,,0.0,0.0,0,0.0,0.0,,0.0,-0.686
2017,PL,福岡ソフトバンクホークス,61665117,吉村　裕基,Y.Yoshimura,8.0,19.0,17.0,2.0,3.0,0.0,0.0,2.0,9.0,2.0,0.0,0,0.0,0.0,1.0,0,1.0,7.0,1.0,0.176,0.263,0.529,0.792,1.0,0.35300000000000004,0.08700000000000002,0.6160000000000001,5.263157894736842,36.84210526315789,0.14285714285714285,0.125,0.25060000000000004,439.33333333333337,0.4117647058823529,0.7333333333333333,0.176,3.0,2.0,2.0,8.0,19.0,17.0,1.0,0.0,0.0,2.0,0.263,0.529,1.0,0,1.0,,9.0,0.0,0,0.0,0.0,,2.0,2.668
2017,PL,福岡ソフトバンクホークス,61665130,松本　裕樹,Y.Matsumoto,15.0,6.0,4.0,0.0,1.0,0.0,0.0,0.0,1.0,0.0,0.0,0,2.0,0.0,0.0,0,0.0,0.0,0.0,0.25,0.25,0.25,0.5,1.0,0.0,0.0,0.25,0.0,0.0,nan,0.25,0.175,333.3333333333333,0.0,0.3333333333333333,0.25,1.0,0.0,0.0,15.0,6.0,4.0,1.0,0.0,0.0,0.0,0.25,0.25,0.0,0,0.0,,1.0,0.0,0,2.0,0.0,,0.25,0.20599999999999996
2017,PL,東北楽天ゴールデンイーグルス,61665134,藤平　尚真,S.Fujihira,8.0,1.0,0.0,0.0,0.0,0.0,0.0,0.0,0.0,0.0,0.0,0,1.0,0.0,0.0,0,0.0,0.0,0.0,,,,0.0,0.0,0.0,0.0,,0.0,0.0,nan,nan,0.0,0.0,nan,nan,,0.0,0.0,0.0,8.0,1.0,0.0,0.0,0.0,0.0,0.0,,,0.0,0,0.0,,0.0,0.0,0,1.0,0.0,,nan,0.0
2017,PL,千葉ロッテマリーンズ,61765134,酒居　知史,T.Sakai,19.0,0.0,0.0,0.0,0.0,0.0,0.0,0.0,0.0,0.0,0.0,0,0.0,0.0,0.0,0,0.0,0.0,0.0,,,,0.0,0.0,0.0,0.0,,nan,nan,nan,nan,0.0,0.0,nan,nan,,0.0,0.0,0.0,19.0,0.0,0.0,0.0,0.0,0.0,0.0,,,0.0,0,0.0,,0.0,0.0,0,0.0,0.0,,nan,0.0
2017,PL,東北楽天ゴールデンイーグルス,61865132,茂木　栄五郎,E.Mogi,103.0,450.0,398.0,64.0,118.0,25.0,2.0,17.0,198.0,47.0,3,2,4.0,1.0,45.0,0,2.0,84.0,4.0,0.296,0.37,0.497,0.867,74.0,0.201,0.07400000000000001,0.571,10.0,18.666666666666668,0.5357142857142857,0.3389261744966443,0.29075,535.6666666666666,0.31909547738693467,0.8697183098591549,0.296,118.0,17.0,47.0,103.0,450.0,398.0,74.0,25.0,2.0,64.0,0.37,0.497,45.0,0,2.0,,198.0,3,2,4.0,1.0,,72.85327313769751,69.99000000000001
2017,PL,北海道日本ハムファイターズ,61965130,清水　優心,Y.Shimizu,61.0,120.0,111.0,7.0,22.0,4.0,0.0,1.0,29.0,10.0,0.0,0,3.0,1.0,5.0,0,0.0,35.0,4.0,0.198,0.231,0.261,0.492,17.0,0.063,0.033,0.294,4.166666666666666,29.166666666666668,0.14285714285714285,0.27631578947368424,0.16920000000000002,318.0,0.10810810810810811,0.3655913978494624,0.198,22.0,1.0,10.0,61.0,120.0,111.0,17.0,4.0,0.0,7.0,0.231,0.261,5.0,0,0.0,,29.0,0.0,0,3.0,1.0,,6.75,5.747999999999999
2017,PL,オリックス・バファローズ,61965132,杉本　裕太郎,Y.Sugimoto,9.0,17.0,17.0,2.0,2.0,1.0,0.0,1.0,6.0,2.0,0.0,0,0.0,0.0,0.0,0,0.0,6.0,1.0,0.118,0.118,0.353,0.471,0.0,0.235,0.0,0.353,0.0,35.294117647058826,0.0,0.1,0.14135,235.66666666666663,0.23529411764705882,0.375,0.118,2.0,1.0,2.0,9.0,17.0,17.0,0.0,1.0,0.0,2.0,0.118,0.353,0.0,0,0.0,,6.0,0.0,0,0.0,0.0,,0.7058823529411765,0.6900000000000002
2017,PL,オリックス・バファローズ,63165132,吉田　正尚,M.Yoshida,64.0,268.0,228.0,42.0,71.0,11.0,0.0,12.0,118.0,38.0,1.0,1,0.0,1.0,38.0,0,1.0,32.0,9.0,0.311,0.41,0.518,0.9279999999999999,48.0,0.20700000000000002,0.09899999999999998,0.617,14.17910447761194,11.940298507462686,1.1875,0.31891891891891894,0.314,582.6666666666666,0.37719298245614036,0.9518072289156626,0.311,71.0,12.0,38.0,64.0,268.0,228.0,48.0,11.0,0.0,42.0,0.41,0.518,38.0,0,1.0,,118.0,1.0,1,0.0,1.0,,48.35338345864662,46.864000000000004
2017,PL,北海道日本ハムファイターズ,63365134,E.エスコバー,E.Escobar,14.0,0.0,0.0,0.0,0.0,0.0,0.0,0.0,0.0,0.0,0.0,0,0.0,0.0,0.0,0,0.0,0.0,0.0,,,,0.0,0.0,0.0,0.0,,nan,nan,nan,nan,0.0,0.0,nan,nan,,0.0,0.0,0.0,14.0,0.0,0.0,0.0,0.0,0.0,0.0,,,0.0,0,0.0,,0.0,0.0,0,0.0,0.0,,nan,0.0
2017,PL,オリックス・バファローズ,63565134,P.コーク,P.Coke,6.0,0.0,0.0,0.0,0.0,0.0,0.0,0.0,0.0,0.0,0.0,0,0.0,0.0,0.0,0,0.0,0.0,0.0,,,,0.0,0.0,0.0,0.0,,nan,nan,nan,nan,0.0,0.0,nan,nan,,0.0,0.0,0.0,6.0,0.0,0.0,0.0,0.0,0.0,0.0,,,0.0,0,0.0,,0.0,0.0,0,0.0,0.0,,nan,0.0
2017,PL,北海道日本ハムファイターズ,63765132,C.マーティン,C.Martin,40.0,0.0,0.0,0.0,0.0,0.0,0.0,0.0,0.0,0.0,0.0,0,0.0,0.0,0.0,0,0.0,0.0,0.0,,,,0.0,0.0,0.0,0.0,,nan,nan,nan,nan,0.0,0.0,nan,nan,,0.0,0.0,0.0,40.0,0.0,0.0,0.0,0.0,0.0,0.0,,,0.0,0,0.0,,0.0,0.0,0,0.0,0.0,,nan,0.0
2017,PL,福岡ソフトバンクホークス,63965134,L.モイネロ,L.Moinelo,34.0,0.0,0.0,0.0,0.0,0.0,0.0,0.0,0.0,0.0,0.0,0,0.0,0.0,0.0,0,0.0,0.0,0.0,,,,0.0,0.0,0.0,0.0,,nan,nan,nan,nan,0.0,0.0,nan,nan,,0.0,0.0,0.0,34.0,0.0,0.0,0.0,0.0,0.0,0.0,,,0.0,0,0.0,,0.0,0.0,0,0.0,0.0,,nan,0.0
2017,PL,埼玉西武ライオンズ,71075130,髙橋　光成,K.Takahashi,7.0,0.0,0.0,0.0,0.0,0.0,0.0,0.0,0.0,0.0,0.0,0,0.0,0.0,0.0,0,0.0,0.0,0.0,,,,0.0,0.0,0.0,0.0,,nan,nan,nan,nan,0.0,0.0,nan,nan,,0.0,0.0,0.0,7.0,0.0,0.0,0.0,0.0,0.0,0.0,,,0.0,0,0.0,,0.0,0.0,0,0.0,0.0,,nan,0.0
2017,PL,福岡ソフトバンクホークス,71075132,髙橋　純平,J.Takahashi,1.0,0.0,0.0,0.0,0.0,0.0,0.0,0.0,0.0,0.0,0.0,0,0.0,0.0,0.0,0,0.0,0.0,0.0,,,,0.0,0.0,0.0,0.0,,nan,nan,nan,nan,0.0,0.0,nan,nan,,0.0,0.0,0.0,1.0,0.0,0.0,0.0,0.0,0.0,0.0,,,0.0,0,0.0,,0.0,0.0,0,0.0,0.0,,nan,0.0
2017,PL,北海道日本ハムファイターズ,71173886,飯山　裕志,Y.Iiyama,10.0,4.0,4.0,0.0,0.0,0.0,0.0,0.0,0.0,0.0,0.0,0,0.0,0.0,0.0,0,0.0,2.0,0.0,0.0,0.0,0.0,0.0,0.0,0.0,0.0,0.0,0.0,50.0,0.0,0.0,0.0,0.0,0.0,0.0,0.0,0.0,0.0,0.0,10.0,4.0,4.0,0.0,0.0,0.0,0.0,0.0,0.0,0.0,0,0.0,,0.0,0.0,0,0.0,0.0,,0.0,-0.392
2017,PL,北海道日本ハムファイターズ,71175110,石井　裕也,Y.Ishii,8.0,0.0,0.0,0.0,0.0,0.0,0.0,0.0,0.0,0.0,0.0,0,0.0,0.0,0.0,0,0.0,0.0,0.0,,,,0.0,0.0,0.0,0.0,,nan,nan,nan,nan,0.0,0.0,nan,nan,,0.0,0.0,0.0,8.0,0.0,0.0,0.0,0.0,0.0,0.0,,,0.0,0,0.0,,0.0,0.0,0,0.0,0.0,,nan,0.0
2017,PL,千葉ロッテマリーンズ,71175116,阿部　和成,K.Abe,2.0,0.0,0.0,0.0,0.0,0.0,0.0,0.0,0.0,0.0,0.0,0,0.0,0.0,0.0,0,0.0,0.0,0.0,,,,0.0,0.0,0.0,0.0,,nan,nan,nan,nan,0.0,0.0,nan,nan,,0.0,0.0,0.0,2.0,0.0,0.0,0.0,0.0,0.0,0.0,,,0.0,0,0.0,,0.0,0.0,0,0.0,0.0,,nan,0.0
2017,PL,東北楽天ゴールデンイーグルス,71175130,安樂　智大,T.Anraku,10.0,2.0,2.0,0.0,0.0,0.0,0.0,0.0,0.0,0.0,0.0,0,0.0,0.0,0.0,0,0.0,1.0,0.0,0.0,0.0,0.0,0.0,0.0,0.0,0.0,0.0,0.0,50.0,0.0,0.0,0.0,0.0,0.0,0.0,0.0,0.0,0.0,0.0,10.0,2.0,2.0,0.0,0.0,0.0,0.0,0.0,0.0,0.0,0,0.0,,0.0,0.0,0,0.0,0.0,,0.0,-0.196
2017,PL,東北楽天ゴールデンイーグルス,71175133,阿部　俊人,T.Abe,44.0,23.0,20.0,3.0,4.0,0.0,0.0,0.0,4.0,1.0,1,0,1.0,0.0,2.0,0,0.0,6.0,0.0,0.2,0.273,0.2,0.47300000000000003,4.0,0.0,0.07300000000000001,0.273,8.695652173913043,26.08695652173913,0.3333333333333333,0.2857142857142857,0.17285,339.6666666666667,0.1,0.375,0.2,4.0,0.0,1.0,44.0,23.0,20.0,4.0,0.0,0.0,3.0,0.273,0.2,2.0,0,0.0,,4.0,1,0,1.0,0.0,,1.0909090909090908,1.092
2017,PL,オリックス・バファローズ,71175134,飯田　大祐,D.Iida,2.0,3.0,3.0,0.0,0.0,0.0,0.0,0.0,0.0,0.0,0.0,0,0.0,0.0,0.0,0,0.0,2.0,0.0,0.0,0.0,0.0,0.0,0.0,0.0,0.0,0.0,0.0,66.66666666666666,0.0,0.0,0.0,0.0,0.0,0.0,0.0,0.0,0.0,0.0,2.0,3.0,3.0,0.0,0.0,0.0,0.0,0.0,0.0,0.0,0,0.0,,0.0,0.0,0,0.0,0.0,,0.0,-0.29400000000000004
2017,PL,福岡ソフトバンクホークス,71275117,鶴岡　慎也,S.Tsuruoka,29.0,32.0,28.0,6.0,9.0,0.0,0.0,3.0,18.0,5.0,0.0,0,1.0,0.0,3.0,0,0.0,3.0,1.0,0.321,0.387,0.643,1.03,6.0,0.322,0.066,0.7090000000000001,9.375,9.375,1.0,0.2727272727272727,0.3349,601.3333333333334,0.42857142857142855,1.05,0.321,9.0,3.0,5.0,29.0,32.0,28.0,6.0,0.0,0.0,6.0,0.387,0.643,3.0,0,0.0,,18.0,0.0,0,1.0,0.0,,6.967741935483871,6.448
2017,PL,オリックス・バファローズ,71275118,西　勇輝,Y.Nishi,17.0,5.0,5.0,1.0,1.0,0.0,0.0,0.0,1.0,0.0,0.0,0,0.0,0.0,0.0,0,0.0,2.0,0.0,0.2,0.2,0.2,0.4,1.0,0.0,0.0,0.2,0.0,40.0,0.0,0.3333333333333333,0.14,266.6666666666667,0.0,0.25,0.2,1.0,0.0,0.0,17.0,5.0,5.0,1.0,0.0,0.0,1.0,0.2,0.2,0.0,0,0.0,,1.0,0.0,0,0.0,0.0,,0.2,0.10799999999999998
2017,PL,福岡ソフトバンクホークス,71275132,茶谷　健太,K.Chatani,1.0,2.0,2.0,0.0,1.0,0.0,0.0,0.0,1.0,0.0,0.0,0,0.0,0.0,0.0,0,0.0,0.0,0.0,0.5,0.5,0.5,1.0,1.0,0.0,0.0,0.5,0.0,0.0,nan,0.5,0.35,666.6666666666666,0.0,1.0,0.5,1.0,0.0,0.0,1.0,2.0,2.0,1.0,0.0,0.0,0.0,0.5,0.5,0.0,0,0.0,,1.0,0.0,0,0.0,0.0,,0.5,0.402
2017,PL,埼玉西武ライオンズ,71275137,増田　達至,T.Masuda,57.0,0.0,0.0,0.0,0.0,0.0,0.0,0.0,0.0,0.0,0.0,0,0.0,0.0,0.0,0,0.0,0.0,0.0,,,,0.0,0.0,0.0,0.0,,nan,nan,nan,nan,0.0,0.0,nan,nan,,0.0,0.0,0.0,57.0,0.0,0.0,0.0,0.0,0.0,0.0,,,0.0,0,0.0,,0.0,0.0,0,0.0,0.0,,nan,0.0
2017,PL,埼玉西武ライオンズ,71275139,福倉　健太郎,K.Fukukura,10.0,0.0,0.0,0.0,0.0,0.0,0.0,0.0,0.0,0.0,0.0,0,0.0,0.0,0.0,0,0.0,0.0,0.0,,,,0.0,0.0,0.0,0.0,,nan,nan,nan,nan,0.0,0.0,nan,nan,,0.0,0.0,0.0,10.0,0.0,0.0,0.0,0.0,0.0,0.0,,,0.0,0,0.0,,0.0,0.0,0,0.0,0.0,,nan,0.0
2017,PL,東北楽天ゴールデンイーグルス,71375112,銀次,G.Ginji（akaminai,143.0,590.0,529.0,55.0,155.0,30.0,0.0,3.0,194.0,60.0,2,1,1.0,2.0,56.0,0,2.0,74.0,11.0,0.293,0.362,0.367,0.729,122.0,0.07400000000000001,0.069,0.436,9.491525423728813,12.54237288135593,0.7567567567567568,0.33480176211453744,0.25465,484.3333333333333,0.18147448015122875,0.6571428571428571,0.293,155.0,3.0,60.0,143.0,590.0,529.0,122.0,30.0,0.0,55.0,0.362,0.367,56.0,0,2.0,,194.0,2,1,1.0,2.0,,69.97264957264957,69.588
2017,PL,埼玉西武ライオンズ,71375117,上本　達之,T.Uemoto,11.0,11.0,10.0,0.0,1.0,0.0,0.0,0.0,1.0,0.0,0.0,0,0.0,0.0,1.0,0,0.0,2.0,0.0,0.1,0.182,0.1,0.28200000000000003,1.0,0.0,0.08199999999999999,0.182,9.090909090909092,18.181818181818183,0.5,0.125,0.1069,215.33333333333331,0.1,0.2222222222222222,0.1,1.0,0.0,0.0,11.0,11.0,10.0,1.0,0.0,0.0,0.0,0.182,0.1,1.0,0,0.0,,1.0,0.0,0,0.0,0.0,,0.18181818181818182,-0.051999999999999935
2017,PL,オリックス・バファローズ,71475113,山崎　勝己,K.Yamazaki,17.0,22.0,18.0,1.0,2.0,2.0,0.0,0.0,4.0,2.0,0.0,0,2.0,0.0,2.0,0,0.0,4.0,0.0,0.111,0.2,0.222,0.42200000000000004,0.0,0.111,0.08900000000000001,0.311,9.090909090909092,18.181818181818183,0.5,0.14285714285714285,0.14550000000000002,274.0,0.2222222222222222,0.375,0.111,2.0,0.0,2.0,17.0,22.0,18.0,0.0,2.0,0.0,1.0,0.2,0.222,2.0,0,0.0,,4.0,0.0,0,2.0,0.0,,0.8,0.532
2017,PL,東北楽天ゴールデンイーグルス,71475115,細川　亨,T.Hosokawa,20.0,23.0,20.0,1.0,2.0,0.0,0.0,1.0,5.0,1.0,0.0,0,3.0,0.0,0.0,0,0.0,9.0,0.0,0.1,0.1,0.25,0.35,1.0,0.15,0.0,0.25,0.0,39.130434782608695,0.0,0.1,0.10750000000000001,183.33333333333334,0.15,0.2777777777777778,0.1,2.0,1.0,1.0,20.0,23.0,20.0,1.0,0.0,0.0,1.0,0.1,0.25,0.0,0,0.0,,5.0,0.0,0,3.0,0.0,,0.5,0.17599999999999993
2017,PL,東北楽天ゴールデンイーグルス,71475133,福山　博之,H.Fukuyama,65.0,0.0,0.0,0.0,0.0,0.0,0.0,0.0,0.0,0.0,0.0,0,0.0,0.0,0.0,0,0.0,0.0,0.0,,,,0.0,0.0,0.0,0.0,,nan,nan,nan,nan,0.0,0.0,nan,nan,,0.0,0.0,0.0,65.0,0.0,0.0,0.0,0.0,0.0,0.0,,,0.0,0,0.0,,0.0,0.0,0,0.0,0.0,,nan,0.0
2017,PL,千葉ロッテマリーンズ,71575131,荻野　貴司,T.Ogino,103.0,394.0,356.0,53.0,94.0,22.0,1.0,5.0,133.0,24.0,26,3,10.0,1.0,25.0,0,2.0,44.0,6.0,0.264,0.315,0.374,0.6890000000000001,66.0,0.10999999999999999,0.05099999999999999,0.425,6.345177664974619,11.16751269035533,0.5681818181818182,0.288961038961039,0.23525000000000001,439.66666666666663,0.18820224719101122,0.6082089552238806,0.264,94.0,5.0,24.0,103.0,394.0,356.0,66.0,22.0,1.0,53.0,0.315,0.374,25.0,0,2.0,,133.0,26,3,10.0,1.0,,41.54068241469816,40.854
2017,PL,福岡ソフトバンクホークス,71575137,笠原　大芽,T.Kasahara,6.0,0.0,0.0,0.0,0.0,0.0,0.0,0.0,0.0,0.0,0.0,0,0.0,0.0,0.0,0,0.0,0.0,0.0,,,,0.0,0.0,0.0,0.0,,nan,nan,nan,nan,0.0,0.0,nan,nan,,0.0,0.0,0.0,6.0,0.0,0.0,0.0,0.0,0.0,0.0,,,0.0,0,0.0,,0.0,0.0,0,0.0,0.0,,nan,0.0
2017,PL,埼玉西武ライオンズ,71675131,B.ウルフ,B.Wolfe,23.0,5.0,4.0,0.0,0.0,0.0,0.0,0.0,0.0,0.0,0.0,0,1.0,0.0,0.0,0,0.0,1.0,1.0,0.0,0.0,0.0,0.0,0.0,0.0,0.0,0.0,0.0,20.0,0.0,0.0,0.0,0.0,0.0,0.0,0.0,0.0,0.0,0.0,23.0,5.0,4.0,0.0,0.0,0.0,0.0,0.0,0.0,0.0,0,0.0,,0.0,0.0,0,1.0,0.0,,0.0,-0.392
2017,PL,千葉ロッテマリーンズ,71675135,益田　直也,N.Masuda,38.0,0.0,0.0,0.0,0.0,0.0,0.0,0.0,0.0,0.0,0.0,0,0.0,0.0,0.0,0,0.0,0.0,0.0,,,,0.0,0.0,0.0,0.0,,nan,nan,nan,nan,0.0,0.0,nan,nan,,0.0,0.0,0.0,38.0,0.0,0.0,0.0,0.0,0.0,0.0,,,0.0,0,0.0,,0.0,0.0,0,0.0,0.0,,nan,0.0
2017,PL,オリックス・バファローズ,71675139,吉田　一将,K.Yoshida,29.0,0.0,0.0,0.0,0.0,0.0,0.0,0.0,0.0,0.0,0.0,0,0.0,0.0,0.0,0,0.0,0.0,0.0,,,,0.0,0.0,0.0,0.0,,nan,nan,nan,nan,0.0,0.0,nan,nan,,0.0,0.0,0.0,29.0,0.0,0.0,0.0,0.0,0.0,0.0,,,0.0,0,0.0,,0.0,0.0,0,0.0,0.0,,nan,0.0
2017,PL,埼玉西武ライオンズ,71775134,源田　壮亮,S.Genda,143.0,647.0,575.0,85.0,155.0,18.0,10.0,3.0,202.0,57.0,37,10,26.0,4.0,36.0,0,6.0,100.0,5.0,0.27,0.317,0.351,0.6679999999999999,124.0,0.08099999999999996,0.046999999999999986,0.3979999999999999,5.564142194744977,15.455950540958268,0.36,0.31932773109243695,0.2304,434.0,0.1617391304347826,0.5976470588235294,0.27,155.0,3.0,57.0,143.0,647.0,575.0,124.0,18.0,10.0,85.0,0.317,0.351,36.0,0,6.0,,202.0,37,10,26.0,4.0,,63.145662847790504,64.18
2017,PL,埼玉西武ライオンズ,71775135,小石　博孝,H.Koishi,10.0,0.0,0.0,0.0,0.0,0.0,0.0,0.0,0.0,0.0,0.0,0,0.0,0.0,0.0,0,0.0,0.0,0.0,,,,0.0,0.0,0.0,0.0,,nan,nan,nan,nan,0.0,0.0,nan,nan,,0.0,0.0,0.0,10.0,0.0,0.0,0.0,0.0,0.0,0.0,,,0.0,0,0.0,,0.0,0.0,0,0.0,0.0,,nan,0.0
2017,PL,福岡ソフトバンクホークス,71875133,山下　斐紹,A.Yamashita,1.0,2.0,2.0,0.0,1.0,0.0,0.0,0.0,1.0,0.0,0.0,0,0.0,0.0,0.0,0,0.0,0.0,0.0,0.5,0.5,0.5,1.0,1.0,0.0,0.0,0.5,0.0,0.0,nan,0.5,0.35,666.6666666666666,0.0,1.0,0.5,1.0,0.0,0.0,1.0,2.0,2.0,1.0,0.0,0.0,0.0,0.5,0.5,0.0,0,0.0,,1.0,0.0,0,0.0,0.0,,0.5,0.402
2017,PL,オリックス・バファローズ,71975117,小谷野　栄一,E.Koyano,130.0,506.0,470.0,41.0,130.0,14.0,1.0,6.0,164.0,47.0,0.0,0,3.0,2.0,28.0,0,3.0,60.0,13.0,0.277,0.32,0.349,0.669,109.0,0.07199999999999995,0.04299999999999998,0.3919999999999999,5.533596837944664,11.857707509881422,0.4666666666666667,0.3054187192118227,0.23125,436.33333333333337,0.13191489361702127,0.5524079320113314,0.277,130.0,6.0,47.0,130.0,506.0,470.0,109.0,14.0,1.0,41.0,0.32,0.349,28.0,0,3.0,,164.0,0.0,0,3.0,2.0,,52.032128514056225,51.17000000000001
2017,PL,千葉ロッテマリーンズ,71975134,佐々木　千隼,C.Sasaki,15.0,3.0,3.0,0.0,0.0,0.0,0.0,0.0,0.0,0.0,0.0,0,0.0,0.0,0.0,0,0.0,3.0,0.0,0.0,0.0,0.0,0.0,0.0,0.0,0.0,0.0,0.0,100.0,0.0,nan,0.0,0.0,0.0,0.0,0.0,0.0,0.0,0.0,15.0,3.0,3.0,0.0,0.0,0.0,0.0,0.0,0.0,0.0,0,0.0,,0.0,0.0,0,0.0,0.0,,0.0,-0.29400000000000004
2017,PL,東北楽天ゴールデンイーグルス,71975135,島内　宏明,H.Shimauchi,143.0,577.0,494.0,62.0,131.0,14.0,3.0,14.0,193.0,47.0,3,6,12.0,3.0,64.0,0,4.0,67.0,8.0,0.265,0.352,0.391,0.743,100.0,0.126,0.08699999999999997,0.478,11.091854419410744,11.611785095320624,0.9552238805970149,0.28125,0.25615,482.33333333333326,0.26720647773279355,0.7196765498652291,0.265,131.0,14.0,47.0,143.0,577.0,494.0,100.0,14.0,3.0,62.0,0.352,0.391,64.0,0,4.0,,193.0,3,6,12.0,3.0,,67.44623655913979,71.306
2017,PL,埼玉西武ライオンズ,73075134,S.ファイフ,S.Fife,5.0,0.0,0.0,0.0,0.0,0.0,0.0,0.0,0.0,0.0,0.0,0,0.0,0.0,0.0,0,0.0,0.0,0.0,,,,0.0,0.0,0.0,0.0,,nan,nan,nan,nan,0.0,0.0,nan,nan,,0.0,0.0,0.0,5.0,0.0,0.0,0.0,0.0,0.0,0.0,,,0.0,0,0.0,,0.0,0.0,0,0.0,0.0,,nan,0.0
2017,PL,東北楽天ゴールデンイーグルス,73575132,宋　家豪,C.Son,5.0,0.0,0.0,0.0,0.0,0.0,0.0,0.0,0.0,0.0,0.0,0,0.0,0.0,0.0,0,0.0,0.0,0.0,,,,0.0,0.0,0.0,0.0,,nan,nan,nan,nan,0.0,0.0,nan,nan,,0.0,0.0,0.0,5.0,0.0,0.0,0.0,0.0,0.0,0.0,,,0.0,0,0.0,,0.0,0.0,0,0.0,0.0,,nan,0.0
2017,PL,千葉ロッテマリーンズ,73775134,M.ダフィー,M.Duffy,54.0,183.0,164.0,15.0,33.0,8.0,1.0,6.0,61.0,18.0,0.0,0,0.0,1.0,14.0,0,4.0,61.0,2.0,0.201,0.279,0.372,0.651,18.0,0.17099999999999999,0.07800000000000001,0.45,7.650273224043716,33.33333333333333,0.22950819672131148,0.2755102040816326,0.21855000000000002,403.0,0.25609756097560976,0.5939849624060151,0.201,33.0,6.0,18.0,54.0,183.0,164.0,18.0,8.0,1.0,15.0,0.279,0.372,14.0,0,4.0,,61.0,0.0,0,0.0,1.0,,16.10674157303371,17.542
2017,PL,オリックス・バファローズ,73975134,S.ロメロ,S.Romero,103.0,424.0,390.0,55.0,107.0,13.0,0.0,26.0,198.0,66.0,2,1,0.0,1.0,27.0,0,6.0,98.0,12.0,0.274,0.33,0.508,0.8380000000000001,68.0,0.23399999999999999,0.055999999999999994,0.5640000000000001,6.367924528301887,23.11320754716981,0.2755102040816326,0.30337078651685395,0.2755,499.33333333333337,0.30512820512820515,0.7864406779661017,0.274,107.0,26.0,66.0,103.0,424.0,390.0,68.0,13.0,0.0,55.0,0.33,0.508,27.0,0,6.0,,198.0,2,1,0.0,1.0,,63.62589928057554,64.136
2017,PL,埼玉西武ライオンズ,81085115,中村　剛也,T.Nakamura,115.0,486.0,415.0,69.0,90.0,14.0,0.0,27.0,185.0,79.0,1,0,0.0,6.0,61.0,0,4.0,118.0,12.0,0.217,0.319,0.446,0.765,49.0,0.229,0.10200000000000001,0.548,12.551440329218108,24.279835390946502,0.5169491525423728,0.22826086956521738,0.25505,467.6666666666667,0.3759036144578313,0.7418397626112759,0.217,90.0,27.0,79.0,115.0,486.0,415.0,49.0,14.0,0.0,69.0,0.319,0.446,61.0,0,4.0,,185.0,1,0,0.0,6.0,,58.686974789915965,63.059999999999995
2017,PL,オリックス・バファローズ,81085131,比嘉　幹貴,M.Higa,8.0,0.0,0.0,0.0,0.0,0.0,0.0,0.0,0.0,0.0,0.0,0,0.0,0.0,0.0,0,0.0,0.0,0.0,,,,0.0,0.0,0.0,0.0,,nan,nan,nan,nan,0.0,0.0,nan,nan,,0.0,0.0,0.0,8.0,0.0,0.0,0.0,0.0,0.0,0.0,,,0.0,0,0.0,,0.0,0.0,0,0.0,0.0,,nan,0.0
2017,PL,北海道日本ハムファイターズ,81085132,田中　豊樹,T.Tanaka,19.0,0.0,0.0,0.0,0.0,0.0,0.0,0.0,0.0,0.0,0.0,0,0.0,0.0,0.0,0,0.0,0.0,0.0,,,,0.0,0.0,0.0,0.0,,nan,nan,nan,nan,0.0,0.0,nan,nan,,0.0,0.0,0.0,19.0,0.0,0.0,0.0,0.0,0.0,0.0,,,0.0,0,0.0,,0.0,0.0,0,0.0,0.0,,nan,0.0
2017,PL,東北楽天ゴールデンイーグルス,81085139,濱矢　廣大,K.Hamaya,9.0,0.0,0.0,0.0,0.0,0.0,0.0,0.0,0.0,0.0,0.0,0,0.0,0.0,0.0,0,0.0,0.0,0.0,,,,0.0,0.0,0.0,0.0,,nan,nan,nan,nan,0.0,0.0,nan,nan,,0.0,0.0,0.0,9.0,0.0,0.0,0.0,0.0,0.0,0.0,,,0.0,0,0.0,,0.0,0.0,0,0.0,0.0,,nan,0.0
2017,PL,オリックス・バファローズ,81185116,伊藤　光,H.Itou,103.0,239.0,196.0,21.0,37.0,9.0,2.0,5.0,65.0,23.0,0.0,0,22.0,1.0,18.0,0,2.0,47.0,2.0,0.189,0.263,0.332,0.595,21.0,0.14300000000000002,0.07400000000000001,0.406,7.531380753138076,19.665271966527197,0.3829787234042553,0.2206896551724138,0.20135000000000003,373.6666666666667,0.23469387755102042,0.5279503105590062,0.189,37.0,5.0,23.0,103.0,239.0,196.0,21.0,9.0,2.0,21.0,0.263,0.332,18.0,0,2.0,,65.0,0.0,0,22.0,1.0,,16.705607476635514,17.278
2017,PL,千葉ロッテマリーンズ,81185118,猪本　健太郎,K.Inomoto,8.0,14.0,14.0,1.0,2.0,1.0,0.0,0.0,3.0,2.0,0,1,0.0,0.0,0.0,0,0.0,6.0,0.0,0.143,0.143,0.214,0.357,1.0,0.07100000000000001,0.0,0.214,0.0,42.857142857142854,0.0,0.25,0.11784999999999998,214.33333333333331,0.14285714285714285,0.3333333333333333,0.143,2.0,0.0,2.0,8.0,14.0,14.0,1.0,1.0,0.0,1.0,0.143,0.214,0.0,0,0.0,,3.0,0,1,0.0,0.0,,0.42857142857142855,0.22399999999999975
2017,PL,北海道日本ハムファイターズ,81185131,市川　友也,T.Ichikawa,57.0,154.0,135.0,12.0,23.0,7.0,0.0,1.0,33.0,8.0,0.0,0,8.0,1.0,6.0,0,4.0,32.0,3.0,0.17,0.226,0.244,0.47,15.0,0.07399999999999998,0.055999999999999994,0.3,3.896103896103896,20.77922077922078,0.1875,0.21359223300970873,0.1627,307.33333333333337,0.11851851851851852,0.3739130434782609,0.17,23.0,1.0,8.0,57.0,154.0,135.0,15.0,7.0,0.0,12.0,0.226,0.244,6.0,0,4.0,,33.0,0.0,0,8.0,1.0,,6.787234042553192,6.303999999999997
2017,PL,オリックス・バファローズ,81285112,平野　佳寿,Y.Hirano,58.0,1.0,1.0,0.0,0.0,0.0,0.0,0.0,0.0,0.0,0.0,0,0.0,0.0,0.0,0,0.0,1.0,0.0,0.0,0.0,0.0,0.0,0.0,0.0,0.0,0.0,0.0,100.0,0.0,nan,0.0,0.0,0.0,0.0,0.0,0.0,0.0,0.0,58.0,1.0,1.0,0.0,0.0,0.0,0.0,0.0,0.0,0.0,0,0.0,,0.0,0.0,0,0.0,0.0,,0.0,-0.098
2017,PL,埼玉西武ライオンズ,81285118,野上　亮磨,R.Nogami,24.0,2.0,2.0,0.0,0.0,0.0,0.0,0.0,0.0,0.0,0.0,0,0.0,0.0,0.0,0,0.0,1.0,0.0,0.0,0.0,0.0,0.0,0.0,0.0,0.0,0.0,0.0,50.0,0.0,0.0,0.0,0.0,0.0,0.0,0.0,0.0,0.0,0.0,24.0,2.0,2.0,0.0,0.0,0.0,0.0,0.0,0.0,0.0,0,0.0,,0.0,0.0,0,0.0,0.0,,0.0,-0.196
2017,PL,北海道日本ハムファイターズ,81285131,増井　浩俊,H.Masui,52.0,0.0,0.0,0.0,0.0,0.0,0.0,0.0,0.0,0.0,0.0,0,0.0,0.0,0.0,0,0.0,0.0,0.0,,,,0.0,0.0,0.0,0.0,,nan,nan,nan,nan,0.0,0.0,nan,nan,,0.0,0.0,0.0,52.0,0.0,0.0,0.0,0.0,0.0,0.0,,,0.0,0,0.0,,0.0,0.0,0,0.0,0.0,,nan,0.0
2017,PL,東北楽天ゴールデンイーグルス,81285139,松井　裕樹,Y.Matsui,52.0,0.0,0.0,0.0,0.0,0.0,0.0,0.0,0.0,0.0,0.0,0,0.0,0.0,0.0,0,0.0,0.0,0.0,,,,0.0,0.0,0.0,0.0,,nan,nan,nan,nan,0.0,0.0,nan,nan,,0.0,0.0,0.0,52.0,0.0,0.0,0.0,0.0,0.0,0.0,,,0.0,0,0.0,,0.0,0.0,0,0.0,0.0,,nan,0.0
2017,PL,千葉ロッテマリーンズ,81385118,岡田　幸文,Y.Okada,31.0,40.0,33.0,4.0,0.0,0.0,0.0,0.0,0.0,0.0,0.0,0,2.0,0.0,5.0,0,0.0,2.0,0.0,0.0,0.132,0.0,0.132,0.0,0.0,0.132,0.132,12.5,5.0,2.5,0.0,0.0594,132.0,0.15151515151515152,0.15151515151515152,0.0,0.0,0.0,0.0,31.0,40.0,33.0,0.0,0.0,0.0,4.0,0.132,0.0,5.0,0,0.0,,0.0,0.0,0,2.0,0.0,,0.0,-1.5839999999999999
2017,PL,北海道日本ハムファイターズ,81385130,太田　賢吾,K.Oota,40.0,88.0,82.0,9.0,14.0,2.0,1.0,1.0,21.0,6.0,0.0,0,4.0,0.0,2.0,0,0.0,21.0,1.0,0.171,0.19,0.256,0.446,10.0,0.08499999999999999,0.01899999999999999,0.275,2.272727272727273,23.863636363636363,0.09523809523809523,0.21666666666666667,0.14950000000000002,275.3333333333333,0.10975609756097561,0.3333333333333333,0.171,14.0,1.0,6.0,40.0,88.0,82.0,10.0,2.0,1.0,9.0,0.19,0.256,2.0,0,0.0,,21.0,0.0,0,4.0,0.0,,4.0,2.9159999999999995
2017,PL,千葉ロッテマリーンズ,81385131,大嶺　翔太,S.Oomine,91.0,240.0,214.0,15.0,44.0,9.0,2.0,5.0,72.0,23.0,1,0,9.0,2.0,14.0,0,1.0,56.0,1.0,0.206,0.255,0.336,0.591,28.0,0.13000000000000003,0.049000000000000016,0.385,5.833333333333333,23.333333333333332,0.25,0.25161290322580643,0.19875,367.0,0.19626168224299065,0.5087719298245614,0.206,44.0,5.0,23.0,91.0,240.0,214.0,28.0,9.0,2.0,15.0,0.255,0.336,14.0,0,1.0,,72.0,1,0,9.0,2.0,,18.31578947368421,18.05
2017,PL,千葉ロッテマリーンズ,81385132,大木　貴将,T.Ooki,9.0,13.0,13.0,3.0,2.0,0.0,0.0,0.0,2.0,0.0,1,0,0.0,0.0,0.0,0,0.0,2.0,0.0,0.154,0.154,0.154,0.308,2.0,0.0,0.0,0.154,0.0,15.384615384615385,0.0,0.18181818181818182,0.1078,205.33333333333334,0.0,0.18181818181818182,0.154,2.0,0.0,0.0,9.0,13.0,13.0,2.0,0.0,0.0,3.0,0.154,0.154,0.0,0,0.0,,2.0,1,0,0.0,0.0,,0.3076923076923077,-0.07800000000000007
2017,PL,埼玉西武ライオンズ,81385133,大石　達也,T.Ooishi,20.0,0.0,0.0,0.0,0.0,0.0,0.0,0.0,0.0,0.0,0.0,0,0.0,0.0,0.0,0,0.0,0.0,0.0,,,,0.0,0.0,0.0,0.0,,nan,nan,nan,nan,0.0,0.0,nan,nan,,0.0,0.0,0.0,20.0,0.0,0.0,0.0,0.0,0.0,0.0,,,0.0,0,0.0,,0.0,0.0,0,0.0,0.0,,nan,0.0
2017,PL,オリックス・バファローズ,81385139,大山　暁史,S.Ooyama,32.0,0.0,0.0,0.0,0.0,0.0,0.0,0.0,0.0,0.0,0.0,0,0.0,0.0,0.0,0,0.0,0.0,0.0,,,,0.0,0.0,0.0,0.0,,nan,nan,nan,nan,0.0,0.0,nan,nan,,0.0,0.0,0.0,32.0,0.0,0.0,0.0,0.0,0.0,0.0,,,0.0,0,0.0,,0.0,0.0,0,0.0,0.0,,nan,0.0
2017,PL,東北楽天ゴールデンイーグルス,81485112,枡田　慎太郎,S.Masuda,32.0,77.0,71.0,7.0,12.0,4.0,0.0,1.0,19.0,4.0,1,0,0.0,0.0,6.0,0,0.0,23.0,1.0,0.169,0.234,0.268,0.502,7.0,0.099,0.065,0.333,7.792207792207792,29.87012987012987,0.2608695652173913,0.23404255319148937,0.1723,323.33333333333337,0.18309859154929578,0.4166666666666667,0.169,12.0,1.0,4.0,32.0,77.0,71.0,7.0,4.0,0.0,7.0,0.234,0.268,6.0,0,0.0,,19.0,1,0,0.0,0.0,,4.441558441558442,4.018000000000001
2017,PL,東北楽天ゴールデンイーグルス,81485130,フェルナンド,L.Fernando,2.0,0.0,0.0,0.0,0.0,0.0,0.0,0.0,0.0,0.0,0.0,0,0.0,0.0,0.0,0,0.0,0.0,0.0,,,,0.0,0.0,0.0,0.0,,nan,nan,nan,nan,0.0,0.0,nan,nan,,0.0,0.0,0.0,2.0,0.0,0.0,0.0,0.0,0.0,0.0,,,0.0,0,0.0,,0.0,0.0,0,0.0,0.0,,nan,0.0
2017,PL,福岡ソフトバンクホークス,81585112,川島　慶三,K.Kawashima,81.0,137.0,110.0,23.0,29.0,7.0,0.0,5.0,51.0,13.0,2.0,2,6.0,1.0,18.0,0,2.0,24.0,1.0,0.264,0.374,0.464,0.8380000000000001,17.0,0.2,0.10999999999999999,0.5740000000000001,13.138686131386862,17.51824817518248,0.75,0.2926829268292683,0.2843,528.6666666666666,0.38181818181818183,0.8902439024390244,0.264,29.0,5.0,13.0,81.0,137.0,110.0,17.0,7.0,0.0,23.0,0.374,0.464,18.0,0,2.0,,51.0,2.0,2,6.0,1.0,,18.7265625,19.762
2017,PL,北海道日本ハムファイターズ,81585137,公文　克彦,K.Kumon,41.0,0.0,0.0,0.0,0.0,0.0,0.0,0.0,0.0,0.0,0.0,0,0.0,0.0,0.0,0,0.0,0.0,0.0,,,,0.0,0.0,0.0,0.0,,nan,nan,nan,nan,0.0,0.0,nan,nan,,0.0,0.0,0.0,41.0,0.0,0.0,0.0,0.0,0.0,0.0,,,0.0,0,0.0,,0.0,0.0,0,0.0,0.0,,nan,0.0
2017,PL,千葉ロッテマリーンズ,81685130,宮﨑　敦次,A.Miyazaki,6.0,0.0,0.0,0.0,0.0,0.0,0.0,0.0,0.0,0.0,0.0,0,0.0,0.0,0.0,0,0.0,0.0,0.0,,,,0.0,0.0,0.0,0.0,,nan,nan,nan,nan,0.0,0.0,nan,nan,,0.0,0.0,0.0,6.0,0.0,0.0,0.0,0.0,0.0,0.0,,,0.0,0,0.0,,0.0,0.0,0,0.0,0.0,,nan,0.0
2017,PL,千葉ロッテマリーンズ,81685135,三家　和真,K.Mike,4.0,5.0,5.0,0.0,0.0,0.0,0.0,0.0,0.0,0.0,0.0,0,0.0,0.0,0.0,0,0.0,1.0,0.0,0.0,0.0,0.0,0.0,0.0,0.0,0.0,0.0,0.0,20.0,0.0,0.0,0.0,0.0,0.0,0.0,0.0,0.0,0.0,0.0,4.0,5.0,5.0,0.0,0.0,0.0,0.0,0.0,0.0,0.0,0,0.0,,0.0,0.0,0,0.0,0.0,,0.0,-0.49
2017,PL,北海道日本ハムファイターズ,81685139,渡邉　諒,R.Watanabe,22.0,35.0,30.0,4.0,4.0,1.0,1.0,0.0,7.0,2.0,0.0,0,2.0,0.0,3.0,0,0.0,13.0,0.0,0.133,0.212,0.233,0.445,2.0,0.1,0.07899999999999999,0.312,8.571428571428571,37.142857142857146,0.23076923076923078,0.23529411764705882,0.15365,289.6666666666667,0.2,0.38461538461538464,0.133,4.0,0.0,2.0,22.0,35.0,30.0,2.0,1.0,1.0,4.0,0.212,0.233,3.0,0,0.0,,7.0,0.0,0,2.0,0.0,,1.4848484848484849,1.202
2017,PL,北海道日本ハムファイターズ,81785118,杉谷　拳士,K.Sugiya,35.0,85.0,75.0,5.0,11.0,2.0,1.0,0.0,15.0,3.0,1,0,5.0,0.0,5.0,0,0.0,20.0,1.0,0.147,0.2,0.2,0.4,8.0,0.05300000000000002,0.05300000000000002,0.253,5.88235294117647,23.52941176470588,0.25,0.2,0.14,266.6666666666667,0.12,0.3076923076923077,0.147,11.0,0.0,3.0,35.0,85.0,75.0,8.0,2.0,1.0,5.0,0.2,0.2,5.0,0,0.0,,15.0,1,0,5.0,0.0,,3.0,1.8579999999999988
2017,PL,オリックス・バファローズ,81785132,近藤　大亮,T.Kondou,55.0,0.0,0.0,0.0,0.0,0.0,0.0,0.0,0.0,0.0,0.0,0,0.0,0.0,0.0,0,0.0,0.0,0.0,,,,0.0,0.0,0.0,0.0,,nan,nan,nan,nan,0.0,0.0,nan,nan,,0.0,0.0,0.0,55.0,0.0,0.0,0.0,0.0,0.0,0.0,,,0.0,0,0.0,,0.0,0.0,0,0.0,0.0,,nan,0.0
2017,PL,オリックス・バファローズ,81785133,駿太,S.Shunta（gotou,129.0,329.0,296.0,29.0,71.0,16.0,7.0,2.0,107.0,27.0,4,3,13.0,4.0,15.0,0,1.0,76.0,3.0,0.24,0.275,0.361,0.636,46.0,0.121,0.03500000000000003,0.396,4.5592705167173255,23.10030395136778,0.19736842105263158,0.3108108108108108,0.21400000000000002,395.33333333333337,0.18243243243243243,0.5526315789473685,0.24,71.0,2.0,27.0,129.0,329.0,296.0,46.0,16.0,7.0,29.0,0.275,0.361,15.0,0,1.0,,107.0,4,3,13.0,4.0,,29.588424437299036,28.45
2017,PL,埼玉西武ライオンズ,81885114,渡辺　直人,N.Watanabe,32.0,79.0,68.0,3.0,16.0,7.0,0.0,0.0,23.0,3.0,0.0,0,4.0,0.0,7.0,0,0.0,14.0,2.0,0.235,0.307,0.338,0.645,9.0,0.10300000000000004,0.07200000000000001,0.41,8.860759493670885,17.72151898734177,0.5,0.2962962962962963,0.22265000000000001,419.6666666666667,0.20588235294117646,0.5555555555555556,0.235,16.0,0.0,3.0,32.0,79.0,68.0,9.0,7.0,0.0,3.0,0.307,0.338,7.0,0,0.0,,23.0,0.0,0,4.0,0.0,,7.053333333333334,6.754
2017,PL,東北楽天ゴールデンイーグルス,81983889,松井　稼頭央,K.Matsui,44.0,83.0,76.0,6.0,16.0,2.0,1.0,2.0,26.0,10.0,0,1,0.0,0.0,6.0,0,1.0,23.0,1.0,0.211,0.277,0.342,0.619,11.0,0.13100000000000003,0.06600000000000003,0.408,7.228915662650602,27.710843373493976,0.2608695652173913,0.27450980392156865,0.21015,391.0,0.2236842105263158,0.5573770491803278,0.211,16.0,2.0,10.0,44.0,83.0,76.0,11.0,2.0,1.0,6.0,0.277,0.342,6.0,0,1.0,,26.0,0,1,0.0,0.0,,6.975609756097561,7.47
2017,PL,東北楽天ゴールデンイーグルス,81985131,戸村　健次,K.Tomura,13.0,0.0,0.0,0.0,0.0,0.0,0.0,0.0,0.0,0.0,0.0,0,0.0,0.0,0.0,0,0.0,0.0,0.0,,,,0.0,0.0,0.0,0.0,,nan,nan,nan,nan,0.0,0.0,nan,nan,,0.0,0.0,0.0,13.0,0.0,0.0,0.0,0.0,0.0,0.0,,,0.0,0,0.0,,0.0,0.0,0,0.0,0.0,,nan,0.0
2017,PL,オリックス・バファローズ,81985132,鈴木　昂平,K.Suzuki,72.0,39.0,37.0,10.0,3.0,2.0,0.0,0.0,5.0,0.0,0.0,0,2.0,0.0,0.0,0,0.0,8.0,2.0,0.081,0.081,0.135,0.21600000000000003,1.0,0.054000000000000006,0.0,0.135,0.0,20.51282051282051,0.0,0.10344827586206896,0.07020000000000001,126.0,0.05405405405405406,0.1388888888888889,0.081,3.0,0.0,0.0,72.0,39.0,37.0,1.0,2.0,0.0,10.0,0.081,0.135,0.0,0,0.0,,5.0,0.0,0,2.0,0.0,,0.40540540540540543,-1.3920000000000003
2017,PL,東北楽天ゴールデンイーグルス,81985134,菅原　秀,S.Sugahara,29.0,0.0,0.0,0.0,0.0,0.0,0.0,0.0,0.0,0.0,0.0,0,0.0,0.0,0.0,0,0.0,0.0,0.0,,,,0.0,0.0,0.0,0.0,,nan,nan,nan,nan,0.0,0.0,nan,nan,,0.0,0.0,0.0,29.0,0.0,0.0,0.0,0.0,0.0,0.0,,,0.0,0,0.0,,0.0,0.0,0,0.0,0.0,,nan,0.0
2017,PL,千葉ロッテマリーンズ,81985135,鈴木　大地,D.Suzuki,143.0,588.0,508.0,56.0,132.0,27.0,5.0,11.0,202.0,52.0,6,5,3.0,4.0,55.0,0,18.0,85.0,7.0,0.26,0.35,0.398,0.748,89.0,0.138,0.08999999999999997,0.488,9.35374149659864,14.45578231292517,0.6470588235294118,0.29086538461538464,0.257,482.6666666666667,0.2559055118110236,0.7310704960835509,0.26,132.0,11.0,52.0,143.0,588.0,508.0,89.0,27.0,5.0,56.0,0.35,0.398,55.0,0,18.0,,202.0,6,5,3.0,4.0,,67.09413854351688,73.12200000000001
2017,PL,東北楽天ゴールデンイーグルス,83085132,C.ペゲーロ,C.Peguero,120.0,517.0,463.0,67.0,130.0,17.0,1.0,26.0,227.0,75.0,3,2,0.0,0.0,50.0,0,4.0,139.0,16.0,0.281,0.356,0.49,0.846,86.0,0.20899999999999996,0.07499999999999996,0.565,9.671179883945841,26.88588007736944,0.3597122302158273,0.348993288590604,0.2827,519.3333333333333,0.32181425485961124,0.8108882521489972,0.281,130.0,26.0,75.0,120.0,517.0,463.0,86.0,17.0,1.0,67.0,0.356,0.49,50.0,0,4.0,,227.0,3,2,0.0,0.0,,79.64912280701755,79.26599999999999
2017,PL,北海道日本ハムファイターズ,83185132,吉田　侑樹,Y.Yoshida,5.0,0.0,0.0,0.0,0.0,0.0,0.0,0.0,0.0,0.0,0.0,0,0.0,0.0,0.0,0,0.0,0.0,0.0,,,,0.0,0.0,0.0,0.0,,nan,nan,nan,nan,0.0,0.0,nan,nan,,0.0,0.0,0.0,5.0,0.0,0.0,0.0,0.0,0.0,0.0,,,0.0,0,0.0,,0.0,0.0,0,0.0,0.0,,nan,0.0
2017,PL,オリックス・バファローズ,83185134,山岡　泰輔,T.Yamaoka,24.0,3.0,3.0,0.0,0.0,0.0,0.0,0.0,0.0,0.0,0.0,0,0.0,0.0,0.0,0,0.0,2.0,0.0,0.0,0.0,0.0,0.0,0.0,0.0,0.0,0.0,0.0,66.66666666666666,0.0,0.0,0.0,0.0,0.0,0.0,0.0,0.0,0.0,0.0,24.0,3.0,3.0,0.0,0.0,0.0,0.0,0.0,0.0,0.0,0,0.0,,0.0,0.0,0,0.0,0.0,,0.0,-0.29400000000000004
2017,PL,埼玉西武ライオンズ,83385139,E.メヒア,E.Mejia,113.0,388.0,345.0,34.0,83.0,18.0,0.0,19.0,158.0,53.0,1,0,0.0,2.0,37.0,0,4.0,100.0,7.0,0.241,0.32,0.458,0.778,46.0,0.21700000000000003,0.07900000000000001,0.537,9.536082474226804,25.773195876288657,0.37,0.2807017543859649,0.2585,472.6666666666667,0.32463768115942027,0.7397769516728625,0.241,83.0,19.0,53.0,113.0,388.0,345.0,46.0,18.0,0.0,34.0,0.32,0.458,37.0,0,4.0,,158.0,1,0,0.0,2.0,,49.63350785340314,51.17399999999999
2017,PL,千葉ロッテマリーンズ,83585114,J.スタンリッジ,J.Standridge,14.0,0.0,0.0,0.0,0.0,0.0,0.0,0.0,0.0,0.0,0.0,0,0.0,0.0,0.0,0,0.0,0.0,0.0,,,,0.0,0.0,0.0,0.0,,nan,nan,nan,nan,0.0,0.0,nan,nan,,0.0,0.0,0.0,14.0,0.0,0.0,0.0,0.0,0.0,0.0,,,0.0,0,0.0,,0.0,0.0,0,0.0,0.0,,nan,0.0
2017,PL,福岡ソフトバンクホークス,83585134,K.ジェンセン,K.Jensen,6.0,14.0,12.0,2.0,1.0,0.0,0.0,1.0,4.0,1.0,0.0,0,0.0,0.0,2.0,0,0.0,9.0,0.0,0.083,0.214,0.333,0.547,0.0,0.25,0.131,0.4639999999999999,14.285714285714285,64.28571428571429,0.2222222222222222,0.0,0.17955,325.0,0.4166666666666667,0.5454545454545454,0.083,1.0,1.0,1.0,6.0,14.0,12.0,0.0,0.0,0.0,2.0,0.214,0.333,2.0,0,0.0,,4.0,0.0,0,0.0,0.0,,0.8571428571428571,1.022
2017,PL,オリックス・バファローズ,83785134,G.ヘルメン,G.Germen,44.0,0.0,0.0,0.0,0.0,0.0,0.0,0.0,0.0,0.0,0.0,0,0.0,0.0,0.0,0,0.0,0.0,0.0,,,,0.0,0.0,0.0,0.0,,nan,nan,nan,nan,0.0,0.0,nan,nan,,0.0,0.0,0.0,44.0,0.0,0.0,0.0,0.0,0.0,0.0,,,0.0,0,0.0,,0.0,0.0,0,0.0,0.0,,nan,0.0
2017,PL,福岡ソフトバンクホークス,91095115,寺原　隼人,H.Terahara,24.0,0.0,0.0,0.0,0.0,0.0,0.0,0.0,0.0,0.0,0.0,0,0.0,0.0,0.0,0,0.0,0.0,0.0,,,,0.0,0.0,0.0,0.0,,nan,nan,nan,nan,0.0,0.0,nan,nan,,0.0,0.0,0.0,24.0,0.0,0.0,0.0,0.0,0.0,0.0,,,0.0,0,0.0,,0.0,0.0,0,0.0,0.0,,nan,0.0
2017,PL,東北楽天ゴールデンイーグルス,91095134,高梨　雄平,Y.Takanashi,46.0,0.0,0.0,0.0,0.0,0.0,0.0,0.0,0.0,0.0,0.0,0,0.0,0.0,0.0,0,0.0,0.0,0.0,,,,0.0,0.0,0.0,0.0,,nan,nan,nan,nan,0.0,0.0,nan,nan,,0.0,0.0,0.0,46.0,0.0,0.0,0.0,0.0,0.0,0.0,,,0.0,0,0.0,,0.0,0.0,0,0.0,0.0,,nan,0.0
2017,PL,福岡ソフトバンクホークス,91193886,五十嵐　亮太,R.Igarashi,46.0,1.0,1.0,0.0,0.0,0.0,0.0,0.0,0.0,0.0,0.0,0,0.0,0.0,0.0,0,0.0,0.0,0.0,0.0,0.0,0.0,0.0,0.0,0.0,0.0,0.0,0.0,0.0,nan,0.0,0.0,0.0,0.0,0.0,0.0,0.0,0.0,0.0,46.0,1.0,1.0,0.0,0.0,0.0,0.0,0.0,0.0,0.0,0,0.0,,0.0,0.0,0,0.0,0.0,,0.0,-0.098
2017,PL,東北楽天ゴールデンイーグルス,91195112,青山　浩二,K.Aoyama,17.0,0.0,0.0,0.0,0.0,0.0,0.0,0.0,0.0,0.0,0.0,0,0.0,0.0,0.0,0,0.0,0.0,0.0,,,,0.0,0.0,0.0,0.0,,nan,nan,nan,nan,0.0,0.0,nan,nan,,0.0,0.0,0.0,17.0,0.0,0.0,0.0,0.0,0.0,0.0,,,0.0,0,0.0,,0.0,0.0,0,0.0,0.0,,nan,0.0
2017,PL,オリックス・バファローズ,91195132,青山　大紀,D.Aoyama,1.0,0.0,0.0,0.0,0.0,0.0,0.0,0.0,0.0,0.0,0.0,0,0.0,0.0,0.0,0,0.0,0.0,0.0,,,,0.0,0.0,0.0,0.0,,nan,nan,nan,nan,0.0,0.0,nan,nan,,0.0,0.0,0.0,1.0,0.0,0.0,0.0,0.0,0.0,0.0,,,0.0,0,0.0,,0.0,0.0,0,0.0,0.0,,nan,0.0
2017,PL,北海道日本ハムファイターズ,91195137,新垣　勇人,H.Arakaki,1.0,0.0,0.0,0.0,0.0,0.0,0.0,0.0,0.0,0.0,0.0,0,0.0,0.0,0.0,0,0.0,0.0,0.0,,,,0.0,0.0,0.0,0.0,,nan,nan,nan,nan,0.0,0.0,nan,nan,,0.0,0.0,0.0,1.0,0.0,0.0,0.0,0.0,0.0,0.0,,,0.0,0,0.0,,0.0,0.0,0,0.0,0.0,,nan,0.0
2017,PL,北海道日本ハムファイターズ,91295134,玉井　大翔,T.Tamai,24.0,0.0,0.0,0.0,0.0,0.0,0.0,0.0,0.0,0.0,0.0,0,0.0,0.0,0.0,0,0.0,0.0,0.0,,,,0.0,0.0,0.0,0.0,,nan,nan,nan,nan,0.0,0.0,nan,nan,,0.0,0.0,0.0,24.0,0.0,0.0,0.0,0.0,0.0,0.0,,,0.0,0,0.0,,0.0,0.0,0,0.0,0.0,,nan,0.0
2017,PL,埼玉西武ライオンズ,91295135,十亀　剣,K.Togame,20.0,2.0,2.0,0.0,0.0,0.0,0.0,0.0,0.0,0.0,0.0,0,0.0,0.0,0.0,0,0.0,1.0,0.0,0.0,0.0,0.0,0.0,0.0,0.0,0.0,0.0,0.0,50.0,0.0,0.0,0.0,0.0,0.0,0.0,0.0,0.0,0.0,0.0,20.0,2.0,2.0,0.0,0.0,0.0,0.0,0.0,0.0,0.0,0,0.0,,0.0,0.0,0,0.0,0.0,,0.0,-0.196
2017,PL,福岡ソフトバンクホークス,91395139,上林　誠知,S.Uebayashi,134.0,453.0,415.0,54.0,108.0,23.0,5.0,13.0,180.0,51.0,12.0,12,10.0,2.0,24.0,0,2.0,96.0,3.0,0.26,0.302,0.434,0.736,67.0,0.174,0.04199999999999998,0.476,5.298013245033113,21.192052980132452,0.25,0.30844155844155846,0.2444,446.66666666666663,0.26024096385542167,0.7032258064516129,0.26,108.0,13.0,51.0,134.0,453.0,415.0,67.0,23.0,5.0,54.0,0.302,0.434,24.0,0,2.0,,180.0,12.0,12,10.0,2.0,,54.123006833712985,54.634
2017,PL,オリックス・バファローズ,91495130,西野　真弘,M.Nishino,100.0,331.0,282.0,33.0,66.0,11.0,2.0,2.0,87.0,21.0,8,4,16.0,3.0,24.0,0,6.0,46.0,4.0,0.234,0.305,0.309,0.614,51.0,0.07499999999999998,0.07099999999999998,0.38,7.250755287009064,13.897280966767372,0.5217391304347826,0.270042194092827,0.21450000000000002,408.0,0.17375886524822695,0.55,0.234,66.0,2.0,21.0,100.0,331.0,282.0,51.0,11.0,2.0,33.0,0.305,0.309,24.0,0,6.0,,87.0,8,4,16.0,3.0,,25.58823529411765,27.832
2017,PL,東北楽天ゴールデンイーグルス,91495137,森　雄大,Y.Mori,8.0,0.0,0.0,0.0,0.0,0.0,0.0,0.0,0.0,0.0,0.0,0,0.0,0.0,0.0,0,0.0,0.0,0.0,,,,0.0,0.0,0.0,0.0,,nan,nan,nan,nan,0.0,0.0,nan,nan,,0.0,0.0,0.0,8.0,0.0,0.0,0.0,0.0,0.0,0.0,,,0.0,0,0.0,,0.0,0.0,0,0.0,0.0,,nan,0.0
2017,PL,埼玉西武ライオンズ,91495139,森　友哉,T.Mori,38.0,145.0,124.0,16.0,42.0,8.0,3.0,2.0,62.0,18.0,3,1,0.0,0.0,21.0,0,0.0,24.0,4.0,0.339,0.434,0.5,0.9339999999999999,29.0,0.16099999999999998,0.09499999999999997,0.595,14.482758620689657,16.551724137931036,0.875,0.40816326530612246,0.32030000000000003,600.6666666666666,0.3387096774193548,0.9767441860465116,0.339,42.0,2.0,18.0,38.0,145.0,124.0,29.0,8.0,3.0,16.0,0.434,0.5,21.0,0,0.0,,62.0,3,1,0.0,0.0,,26.93793103448276,25.333999999999996
2017,PL,福岡ソフトバンクホークス,91595133,甲斐　拓也,T.Kai,103.0,257.0,207.0,30.0,48.0,8.0,3.0,5.0,77.0,18.0,4,0,22.0,0.0,26.0,0,2.0,68.0,2.0,0.232,0.323,0.372,0.6950000000000001,32.0,0.13999999999999999,0.091,0.4629999999999999,10.116731517509727,26.459143968871597,0.38235294117647056,0.3208955223880597,0.23835,447.0,0.26570048309178745,0.6521739130434783,0.232,48.0,5.0,18.0,103.0,257.0,207.0,32.0,8.0,3.0,30.0,0.323,0.372,26.0,0,2.0,,77.0,4,0,22.0,0.0,,24.454935622317596,25.738
2017,PL,福岡ソフトバンクホークス,91595135,嘉弥真　新也,S.Kayama,58.0,1.0,1.0,0.0,0.0,0.0,0.0,0.0,0.0,0.0,0.0,0,0.0,0.0,0.0,0,0.0,1.0,0.0,0.0,0.0,0.0,0.0,0.0,0.0,0.0,0.0,0.0,100.0,0.0,nan,0.0,0.0,0.0,0.0,0.0,0.0,0.0,0.0,58.0,1.0,1.0,0.0,0.0,0.0,0.0,0.0,0.0,0.0,0,0.0,,0.0,0.0,0,0.0,0.0,,0.0,-0.098
2017,PL,千葉ロッテマリーンズ,91595137,加藤　翔平,S.Katou,98.0,292.0,271.0,24.0,72.0,12.0,5.0,5.0,109.0,27.0,7,4,12.0,2.0,6.0,0,1.0,44.0,2.0,0.266,0.282,0.402,0.6839999999999999,50.0,0.136,0.01599999999999996,0.418,2.054794520547945,15.068493150684931,0.13636363636363635,0.29910714285714285,0.2274,416.0,0.17343173431734318,0.5970149253731343,0.266,72.0,5.0,27.0,98.0,292.0,271.0,50.0,12.0,5.0,24.0,0.282,0.402,6.0,0,1.0,,109.0,7,4,12.0,2.0,,30.693140794223826,29.568000000000005
2017,PL,千葉ロッテマリーンズ,91695132,平沢　大河,T.Hirasawa,50.0,129.0,119.0,9.0,21.0,2.0,1.0,1.0,28.0,3.0,1,0,3.0,0.0,6.0,0,1.0,40.0,1.0,0.176,0.222,0.235,0.45699999999999996,17.0,0.059,0.04600000000000001,0.281,4.651162790697675,31.007751937984494,0.15,0.2564102564102564,0.15865,300.3333333333333,0.1092436974789916,0.35353535353535354,0.176,21.0,1.0,3.0,50.0,129.0,119.0,17.0,2.0,1.0,9.0,0.222,0.235,6.0,0,1.0,,28.0,1,0,3.0,0.0,,6.048,5.1259999999999994
2017,PL,千葉ロッテマリーンズ,91695133,南　昌輝,M.Minami,19.0,0.0,0.0,0.0,0.0,0.0,0.0,0.0,0.0,0.0,0.0,0,0.0,0.0,0.0,0,0.0,0.0,0.0,,,,0.0,0.0,0.0,0.0,,nan,nan,nan,nan,0.0,0.0,nan,nan,,0.0,0.0,0.0,19.0,0.0,0.0,0.0,0.0,0.0,0.0,,,0.0,0,0.0,,0.0,0.0,0,0.0,0.0,,nan,0.0
2017,PL,埼玉西武ライオンズ,91695134,平井　克典,K.Hirai,42.0,0.0,0.0,0.0,0.0,0.0,0.0,0.0,0.0,0.0,0.0,0,0.0,0.0,0.0,0,0.0,0.0,0.0,,,,0.0,0.0,0.0,0.0,,nan,nan,nan,nan,0.0,0.0,nan,nan,,0.0,0.0,0.0,42.0,0.0,0.0,0.0,0.0,0.0,0.0,,,0.0,0,0.0,,0.0,0.0,0,0.0,0.0,,nan,0.0
2017,PL,千葉ロッテマリーンズ,91695139,吉田　裕太,Y.Yoshida,61.0,107.0,94.0,10.0,16.0,7.0,0.0,3.0,32.0,6.0,0.0,0,6.0,0.0,7.0,0,0.0,30.0,4.0,0.17,0.228,0.34,0.5680000000000001,6.0,0.17,0.057999999999999996,0.398,6.5420560747663545,28.037383177570092,0.23333333333333334,0.21311475409836064,0.18760000000000002,341.33333333333337,0.24468085106382978,0.47560975609756095,0.17,16.0,3.0,6.0,61.0,107.0,94.0,6.0,7.0,0.0,10.0,0.228,0.34,7.0,0,0.0,,32.0,0.0,0,6.0,0.0,,7.287128712871287,7.026
2017,PL,東北楽天ゴールデンイーグルス,91795114,岸　孝之,T.Kishi,26.0,5.0,4.0,0.0,0.0,0.0,0.0,0.0,0.0,0.0,0.0,0,1.0,0.0,0.0,0,0.0,3.0,0.0,0.0,0.0,0.0,0.0,0.0,0.0,0.0,0.0,0.0,60.0,0.0,0.0,0.0,0.0,0.0,0.0,0.0,0.0,0.0,0.0,26.0,5.0,4.0,0.0,0.0,0.0,0.0,0.0,0.0,0.0,0,0.0,,0.0,0.0,0,1.0,0.0,,0.0,-0.392
2017,PL,千葉ロッテマリーンズ,91795131,清田　育宏,I.Kiyota,79.0,263.0,231.0,28.0,47.0,8.0,1.0,3.0,66.0,21.0,3,0,5.0,0.0,24.0,0,3.0,61.0,8.0,0.203,0.287,0.286,0.573,35.0,0.08299999999999996,0.08399999999999996,0.3699999999999999,9.125475285171103,23.193916349809886,0.39344262295081966,0.2634730538922156,0.20065,382.3333333333333,0.18614718614718614,0.484375,0.203,47.0,3.0,21.0,79.0,263.0,231.0,35.0,8.0,1.0,28.0,0.287,0.286,24.0,0,3.0,,66.0,3,0,5.0,0.0,,18.376470588235293,19.498
2017,PL,北海道日本ハムファイターズ,91795134,郡　拓也,T.Koori,1.0,1.0,1.0,0.0,0.0,0.0,0.0,0.0,0.0,0.0,0.0,0,0.0,0.0,0.0,0,0.0,1.0,0.0,0.0,0.0,0.0,0.0,0.0,0.0,0.0,0.0,0.0,100.0,0.0,nan,0.0,0.0,0.0,0.0,0.0,0.0,0.0,0.0,1.0,1.0,1.0,0.0,0.0,0.0,0.0,0.0,0.0,0.0,0,0.0,,0.0,0.0,0,0.0,0.0,,0.0,-0.098
2017,PL,オリックス・バファローズ,91795135,小島　脩平,S.Kojima,61.0,182.0,164.0,17.0,35.0,5.0,2.0,2.0,50.0,19.0,3,0,9.0,2.0,7.0,0,0.0,21.0,4.0,0.213,0.243,0.305,0.548,26.0,0.092,0.03,0.3349999999999999,3.8461538461538463,11.538461538461538,0.3333333333333333,0.23076923076923078,0.1856,344.6666666666667,0.13414634146341464,0.42857142857142855,0.213,35.0,2.0,19.0,61.0,182.0,164.0,26.0,5.0,2.0,17.0,0.243,0.305,7.0,0,0.0,,50.0,3,0,9.0,2.0,,12.280701754385966,11.227999999999996
2017,PL,埼玉西武ライオンズ,91995112,炭谷　銀仁朗,G.Sumitani,104.0,310.0,267.0,32.0,67.0,11.0,0.0,5.0,93.0,30.0,2,1,23.0,4.0,8.0,0,8.0,45.0,6.0,0.251,0.289,0.348,0.637,51.0,0.09699999999999998,0.03799999999999998,0.3859999999999999,2.5806451612903225,14.516129032258066,0.17777777777777778,0.28054298642533937,0.21705,404.99999999999994,0.13108614232209737,0.5339805825242718,0.251,67.0,5.0,30.0,104.0,310.0,267.0,51.0,11.0,0.0,32.0,0.289,0.348,8.0,0,8.0,,93.0,2,1,23.0,4.0,,25.363636363636363,26.480000000000004
2017,PL,福岡ソフトバンクホークス,91995118,攝津　正,T.Settsu,7.0,0.0,0.0,0.0,0.0,0.0,0.0,0.0,0.0,0.0,0.0,0,0.0,0.0,0.0,0,0.0,0.0,0.0,,,,0.0,0.0,0.0,0.0,,nan,nan,nan,nan,0.0,0.0,nan,nan,,0.0,0.0,0.0,7.0,0.0,0.0,0.0,0.0,0.0,0.0,,,0.0,0,0.0,,0.0,0.0,0,0.0,0.0,,nan,0.0
2017,PL,オリックス・バファローズ,91995135,縞田　拓弥,T.Shimada,5.0,9.0,7.0,0.0,1.0,0.0,0.0,0.0,1.0,1.0,0.0,0,0.0,0.0,2.0,0,0.0,1.0,1.0,0.143,0.333,0.143,0.476,1.0,0.0,0.19000000000000003,0.333,22.22222222222222,11.11111111111111,2.0,0.16666666666666666,0.18560000000000001,380.6666666666667,0.2857142857142857,0.42857142857142855,0.143,1.0,0.0,1.0,5.0,9.0,7.0,1.0,0.0,0.0,0.0,0.333,0.143,2.0,0,0.0,,1.0,0.0,0,0.0,0.0,,0.3333333333333333,0.5720000000000001
2017,PL,オリックス・バファローズ,91995137,武田　健吾,K.Takeda,97.0,219.0,207.0,19.0,61.0,8.0,0.0,2.0,75.0,14.0,0.0,0,4.0,0.0,5.0,0,3.0,47.0,3.0,0.295,0.321,0.362,0.683,51.0,0.067,0.026000000000000023,0.388,2.28310502283105,21.461187214611872,0.10638297872340426,0.37341772151898733,0.23495,441.66666666666663,0.09178743961352658,0.5570469798657718,0.295,61.0,2.0,14.0,97.0,219.0,207.0,51.0,8.0,0.0,19.0,0.321,0.362,5.0,0,3.0,,75.0,0.0,0,4.0,0.0,,23.349056603773583,22.472
2017,PL,北海道日本ハムファイターズ,93095134,Y.ドレイク,Y.Drake,35.0,86.0,82.0,4.0,19.0,2.0,0.0,1.0,24.0,3.0,0.0,0,0.0,0.0,3.0,0,1.0,22.0,2.0,0.232,0.267,0.293,0.56,16.0,0.06099999999999997,0.035,0.3279999999999999,3.488372093023256,25.581395348837212,0.13636363636363635,0.3050847457627119,0.19340000000000002,364.6666666666667,0.0975609756097561,0.4307692307692308,0.232,19.0,1.0,3.0,35.0,86.0,82.0,16.0,2.0,0.0,4.0,0.267,0.293,3.0,0,1.0,,24.0,0.0,0,0.0,0.0,,6.211764705882353,6.025999999999999
2017,PL,東北楽天ゴールデンイーグルス,93195134,森原　康平,K.Morihara,42.0,0.0,0.0,0.0,0.0,0.0,0.0,0.0,0.0,0.0,0.0,0,0.0,0.0,0.0,0,0.0,0.0,0.0,,,,0.0,0.0,0.0,0.0,,nan,nan,nan,nan,0.0,0.0,nan,nan,,0.0,0.0,0.0,42.0,0.0,0.0,0.0,0.0,0.0,0.0,,,0.0,0,0.0,,0.0,0.0,0,0.0,0.0,,nan,0.0
2017,PL,千葉ロッテマリーンズ,93195135,W.ペーニャ,W.Pena,70.0,252.0,219.0,24.0,53.0,14.0,0.0,15.0,112.0,38.0,0.0,0,0.0,2.0,26.0,0,5.0,72.0,8.0,0.242,0.333,0.511,0.8440000000000001,24.0,0.269,0.09100000000000003,0.6020000000000001,10.317460317460316,28.57142857142857,0.3611111111111111,0.2835820895522388,0.2776,503.3333333333334,0.3881278538812785,0.8218390804597702,0.242,53.0,15.0,38.0,70.0,252.0,219.0,24.0,14.0,0.0,24.0,0.333,0.511,26.0,0,5.0,,112.0,0.0,0,0.0,2.0,,36.114285714285714,37.641999999999996
2017,PL,東北楽天ゴールデンイーグルス,93795134,F.ハーマン,F.Herrmann,56.0,0.0,0.0,0.0,0.0,0.0,0.0,0.0,0.0,0.0,0.0,0,0.0,0.0,0.0,0,0.0,0.0,0.0,,,,0.0,0.0,0.0,0.0,,nan,nan,nan,nan,0.0,0.0,nan,nan,,0.0,0.0,0.0,56.0,0.0,0.0,0.0,0.0,0.0,0.0,,,0.0,0,0.0,,0.0,0.0,0,0.0,0.0,,nan,0.0
