year,league,team,player_id,player_name_ja,player_name_en,G,PA,AB,R,H,2B,3B,HR,TB,RBI,SB,CS,SH,SF,BB,IBB,HBP,SO,GDP,AVG,OBP,SLG,OPS,1B,IsoP,IsoD,IOPS,BB%,K%,BB/K,BABIP,GPA,NOI,SecA,TA,打率,安打,本塁打,打点,試合,打席,打数,単打,二塁打,三塁打,得点,出塁率,長打率,四球,敬遠,死球,三振,塁打,盗塁,盗塁死,犠打,犠飛,併殺打,RC,XR
2002,PL,埼玉西武ライオンズ,1005113,中島　宏之,H.Nakajima,4.0,7.0,7.0,0.0,1.0,0.0,0.0,0.0,1.0,0.0,0.0,0,0.0,0.0,0.0,0,0.0,2.0,1.0,0.143,0.143,0.143,0.286,1.0,0.0,0.0,0.143,0.0,28.57142857142857,0.0,0.2,0.1001,190.66666666666666,0.0,0.14285714285714285,0.143,1.0,0.0,0.0,4.0,7.0,7.0,1.0,0.0,0.0,0.0,0.143,0.143,0.0,0,0.0,,1.0,0.0,0,0.0,0.0,,0.14285714285714285,-0.08800000000000008
2002,PL,大阪近鉄バファローズ,11013889,的山　哲也,T.Matoyama,91.0,227.0,192.0,17.0,40.0,8.0,0.0,3.0,57.0,14.0,3,2,16.0,1.0,14.0,0,4.0,39.0,3.0,0.208,0.275,0.297,0.5720000000000001,29.0,0.089,0.06700000000000003,0.364,6.167400881057269,17.180616740088105,0.358974358974359,0.24503311258278146,0.198,374.0,0.171875,0.4967741935483871,0.208,40.0,3.0,14.0,91.0,227.0,192.0,29.0,8.0,0.0,17.0,0.275,0.297,14.0,0,4.0,,57.0,3,2,16.0,1.0,,14.941747572815533,15.983999999999998
2002,PL,千葉ロッテマリーンズ,11015115,辻　俊哉,T.Tsuji,41.0,94.0,82.0,6.0,17.0,4.0,0.0,1.0,24.0,8.0,0.0,0,7.0,1.0,4.0,0,0.0,23.0,3.0,0.207,0.241,0.293,0.534,12.0,0.086,0.034,0.3269999999999999,4.25531914893617,24.46808510638298,0.17391304347826086,0.2711864406779661,0.1817,338.6666666666667,0.13414634146341464,0.4117647058823529,0.207,17.0,1.0,8.0,41.0,94.0,82.0,12.0,4.0,0.0,6.0,0.241,0.293,4.0,0,0.0,,24.0,0.0,0,7.0,1.0,,5.8604651162790695,5.269999999999999
2002,PL,大阪近鉄バファローズ,1103884,礒部　公一,K.Isobe,117.0,444.0,396.0,44.0,107.0,19.0,1.0,3.0,137.0,30.0,1.0,0,7.0,2.0,36.0,0,3.0,43.0,10.0,0.27,0.334,0.346,0.6799999999999999,84.0,0.07599999999999996,0.064,0.41,8.108108108108109,9.684684684684685,0.8372093023255814,0.29545454545454547,0.2368,449.33333333333337,0.1691919191919192,0.5919732441471572,0.27,107.0,3.0,30.0,117.0,444.0,396.0,84.0,19.0,1.0,44.0,0.334,0.346,36.0,0,3.0,,137.0,1.0,0,7.0,2.0,,45.34953703703704,45.768
2002,PL,大阪近鉄バファローズ,1105111,岩隈　久志,H.Iwakuma,23.0,0.0,0.0,0.0,0.0,0.0,0.0,0.0,0.0,0.0,0.0,0,0.0,0.0,0.0,0,0.0,0.0,0.0,,,,0.0,0.0,0.0,0.0,,nan,nan,nan,nan,0.0,0.0,nan,nan,,0.0,0.0,0.0,23.0,0.0,0.0,0.0,0.0,0.0,0.0,,,0.0,0,0.0,,0.0,0.0,0,0.0,0.0,,nan,0.0
2002,PL,大阪近鉄バファローズ,11213884,三澤　興一,K.Misawa,53.0,0.0,0.0,0.0,0.0,0.0,0.0,0.0,0.0,0.0,0.0,0,0.0,0.0,0.0,0,0.0,0.0,0.0,,,,0.0,0.0,0.0,0.0,,nan,nan,nan,nan,0.0,0.0,nan,nan,,0.0,0.0,0.0,53.0,0.0,0.0,0.0,0.0,0.0,0.0,,,0.0,0,0.0,,0.0,0.0,0,0.0,0.0,,nan,0.0
2002,PL,福岡ソフトバンクホークス,11213888,松　修康,N.Matsu,7.0,0.0,0.0,0.0,0.0,0.0,0.0,0.0,0.0,0.0,0.0,0,0.0,0.0,0.0,0,0.0,0.0,0.0,,,,0.0,0.0,0.0,0.0,,nan,nan,nan,nan,0.0,0.0,nan,nan,,0.0,0.0,0.0,7.0,0.0,0.0,0.0,0.0,0.0,0.0,,,0.0,0,0.0,,0.0,0.0,0,0.0,0.0,,nan,0.0
2002,PL,福岡ソフトバンクホークス,11213889,吉武　真太郎,S.Yoshitake,6.0,0.0,0.0,0.0,0.0,0.0,0.0,0.0,0.0,0.0,0.0,0,0.0,0.0,0.0,0,0.0,0.0,0.0,,,,0.0,0.0,0.0,0.0,,nan,nan,nan,nan,0.0,0.0,nan,nan,,0.0,0.0,0.0,6.0,0.0,0.0,0.0,0.0,0.0,0.0,,,0.0,0,0.0,,0.0,0.0,0,0.0,0.0,,nan,0.0
2002,PL,埼玉西武ライオンズ,11215113,野田　浩輔,K.Noda,33.0,48.0,47.0,4.0,9.0,1.0,0.0,0.0,10.0,2.0,0,1,0.0,0.0,0.0,0,1.0,13.0,1.0,0.191,0.208,0.213,0.421,8.0,0.021999999999999992,0.016999999999999987,0.2299999999999999,0.0,27.083333333333332,0.0,0.2647058823529412,0.14685,278.99999999999994,0.0425531914893617,0.3076923076923077,0.191,9.0,0.0,2.0,33.0,48.0,47.0,8.0,1.0,0.0,4.0,0.208,0.213,0.0,0,1.0,,10.0,0,1,0.0,0.0,,1.9148936170212767,1.5059999999999993
2002,PL,北海道日本ハムファイターズ,11215115,野中　信吾,S.Nonaka,5.0,6.0,5.0,0.0,1.0,1.0,0.0,0.0,2.0,0.0,0.0,0,1.0,0.0,0.0,0,0.0,3.0,0.0,0.2,0.2,0.4,0.6000000000000001,0.0,0.2,0.0,0.4,0.0,50.0,0.0,0.5,0.19,333.33333333333337,0.2,0.5,0.2,1.0,0.0,0.0,5.0,6.0,5.0,0.0,1.0,0.0,0.0,0.2,0.4,0.0,0,0.0,,2.0,0.0,0,1.0,0.0,,0.4,0.32799999999999996
2002,PL,オリックス・バファローズ,11313880,嘉㔟　敏弘,T.Kase,33.0,0.0,0.0,0.0,0.0,0.0,0.0,0.0,0.0,0.0,0.0,0,0.0,0.0,0.0,0,0.0,0.0,0.0,,,,0.0,0.0,0.0,0.0,,nan,nan,nan,nan,0.0,0.0,nan,nan,,0.0,0.0,0.0,33.0,0.0,0.0,0.0,0.0,0.0,0.0,,,0.0,0,0.0,,0.0,0.0,0,0.0,0.0,,nan,0.0
2002,PL,オリックス・バファローズ,11313887,小倉　恒,H.Ogura,17.0,0.0,0.0,0.0,0.0,0.0,0.0,0.0,0.0,0.0,0.0,0,0.0,0.0,0.0,0,0.0,0.0,0.0,,,,0.0,0.0,0.0,0.0,,nan,nan,nan,nan,0.0,0.0,nan,nan,,0.0,0.0,0.0,17.0,0.0,0.0,0.0,0.0,0.0,0.0,,,0.0,0,0.0,,0.0,0.0,0,0.0,0.0,,nan,0.0
2002,PL,大阪近鉄バファローズ,11313889,大村　直之,N.Oomura,135.0,575.0,531.0,65.0,144.0,31.0,4.0,11.0,216.0,47.0,1,0,14.0,2.0,21.0,0,7.0,61.0,7.0,0.271,0.307,0.407,0.714,98.0,0.13599999999999995,0.035999999999999976,0.4429999999999999,3.6521739130434785,10.608695652173914,0.3442622950819672,0.2885032537960954,0.2399,442.66666666666663,0.1751412429378531,0.6192893401015228,0.271,144.0,11.0,47.0,135.0,575.0,531.0,98.0,31.0,4.0,65.0,0.307,0.407,21.0,0,7.0,,216.0,1,0,14.0,2.0,,64.56521739130434,62.633999999999986
2002,PL,福岡ソフトバンクホークス,11513886,木村　茂,S.Kimura,7.0,0.0,0.0,0.0,0.0,0.0,0.0,0.0,0.0,0.0,0.0,0,0.0,0.0,0.0,0,0.0,0.0,0.0,,,,0.0,0.0,0.0,0.0,,nan,nan,nan,nan,0.0,0.0,nan,nan,,0.0,0.0,0.0,7.0,0.0,0.0,0.0,0.0,0.0,0.0,,,0.0,0,0.0,,0.0,0.0,0,0.0,0.0,,nan,0.0
2002,PL,オリックス・バファローズ,11513887,久保　充広,M.Kubo,1.0,0.0,0.0,0.0,0.0,0.0,0.0,0.0,0.0,0.0,0.0,0,0.0,0.0,0.0,0,0.0,0.0,0.0,,,,0.0,0.0,0.0,0.0,,nan,nan,nan,nan,0.0,0.0,nan,nan,,0.0,0.0,0.0,1.0,0.0,0.0,0.0,0.0,0.0,0.0,,,0.0,0,0.0,,0.0,0.0,0,0.0,0.0,,nan,0.0
2002,PL,オリックス・バファローズ,11513888,川越　英隆,H.Kawagoe,34.0,0.0,0.0,0.0,0.0,0.0,0.0,0.0,0.0,0.0,0.0,0,0.0,0.0,0.0,0,0.0,0.0,0.0,,,,0.0,0.0,0.0,0.0,,nan,nan,nan,nan,0.0,0.0,nan,nan,,0.0,0.0,0.0,34.0,0.0,0.0,0.0,0.0,0.0,0.0,,,0.0,0,0.0,,0.0,0.0,0,0.0,0.0,,nan,0.0
2002,PL,オリックス・バファローズ,11515111,窪田　淳,A.Kubota,7.0,0.0,0.0,0.0,0.0,0.0,0.0,0.0,0.0,0.0,0.0,0,0.0,0.0,0.0,0,0.0,0.0,0.0,,,,0.0,0.0,0.0,0.0,,nan,nan,nan,nan,0.0,0.0,nan,nan,,0.0,0.0,0.0,7.0,0.0,0.0,0.0,0.0,0.0,0.0,,,0.0,0,0.0,,0.0,0.0,0,0.0,0.0,,nan,0.0
2002,PL,福岡ソフトバンクホークス,11613883,村松　有人,A.Muramatsu,94.0,204.0,189.0,21.0,49.0,13.0,1.0,0.0,64.0,14.0,7,3,5.0,2.0,6.0,0,2.0,24.0,1.0,0.259,0.286,0.339,0.625,35.0,0.08000000000000002,0.02699999999999997,0.366,2.941176470588235,11.76470588235294,0.25,0.2934131736526946,0.21344999999999997,398.99999999999994,0.12698412698412698,0.5319148936170213,0.259,49.0,0.0,14.0,94.0,204.0,189.0,35.0,13.0,1.0,21.0,0.286,0.339,6.0,0,2.0,,64.0,7,3,5.0,2.0,,18.05128205128205,17.36
2002,PL,オリックス・バファローズ,11615115,本柳　和也,K.Motoyanagi,4.0,0.0,0.0,0.0,0.0,0.0,0.0,0.0,0.0,0.0,0.0,0,0.0,0.0,0.0,0,0.0,0.0,0.0,,,,0.0,0.0,0.0,0.0,,nan,nan,nan,nan,0.0,0.0,nan,nan,,0.0,0.0,0.0,4.0,0.0,0.0,0.0,0.0,0.0,0.0,,,0.0,0,0.0,,0.0,0.0,0,0.0,0.0,,nan,0.0
2002,PL,埼玉西武ライオンズ,11713882,髙木　大成,T.Takagi,36.0,72.0,65.0,9.0,13.0,0.0,0.0,2.0,19.0,8.0,2,0,2.0,0.0,5.0,0,0.0,16.0,1.0,0.2,0.257,0.292,0.5489999999999999,11.0,0.09199999999999997,0.056999999999999995,0.349,6.944444444444445,22.22222222222222,0.3125,0.23404255319148937,0.18864999999999998,354.3333333333333,0.16923076923076924,0.4528301886792453,0.2,13.0,2.0,8.0,36.0,72.0,65.0,11.0,0.0,0.0,9.0,0.257,0.292,5.0,0,0.0,,19.0,2,0,2.0,0.0,,4.885714285714286,4.933999999999999
2002,PL,オリックス・バファローズ,11713884,佐竹　学,M.Satake,83.0,165.0,137.0,11.0,38.0,7.0,2.0,0.0,49.0,9.0,0,5,7.0,0.0,17.0,0,4.0,30.0,7.0,0.277,0.373,0.358,0.731,29.0,0.08099999999999996,0.09599999999999997,0.4539999999999999,10.303030303030303,18.181818181818183,0.5666666666666667,0.35514018691588783,0.25734999999999997,492.33333333333337,0.24087591240875914,0.7075471698113207,0.277,38.0,0.0,9.0,83.0,165.0,137.0,29.0,7.0,2.0,11.0,0.373,0.358,17.0,0,4.0,,49.0,0,5,7.0,0.0,,17.5,19.747999999999998
2002,PL,埼玉西武ライオンズ,11813881,宮地　克彦,K.Miyaji,100.0,285.0,247.0,27.0,66.0,7.0,2.0,3.0,86.0,29.0,8,4,18.0,3.0,16.0,0,1.0,38.0,1.0,0.267,0.311,0.348,0.659,54.0,0.08099999999999996,0.043999999999999984,0.3919999999999999,5.614035087719298,13.333333333333334,0.42105263157894735,0.3014354066985646,0.22694999999999999,427.0,0.16194331983805668,0.5879120879120879,0.267,66.0,3.0,29.0,100.0,285.0,247.0,54.0,7.0,2.0,27.0,0.311,0.348,16.0,0,1.0,,86.0,8,4,18.0,3.0,,26.813688212927758,27.031999999999996
2002,PL,オリックス・バファローズ,11815113,具　臺晟,D.Ku,22.0,0.0,0.0,0.0,0.0,0.0,0.0,0.0,0.0,0.0,0.0,0,0.0,0.0,0.0,0,0.0,0.0,0.0,,,,0.0,0.0,0.0,0.0,,nan,nan,nan,nan,0.0,0.0,nan,nan,,0.0,0.0,0.0,22.0,0.0,0.0,0.0,0.0,0.0,0.0,,,0.0,0,0.0,,0.0,0.0,0,0.0,0.0,,nan,0.0
2002,PL,北海道日本ハムファイターズ,11913882,中村　豊,Y.Nakamura,81.0,133.0,116.0,7.0,22.0,9.0,0.0,1.0,34.0,5.0,1,0,8.0,1.0,7.0,0,1.0,24.0,2.0,0.19,0.24,0.293,0.5329999999999999,12.0,0.10299999999999998,0.04999999999999999,0.3429999999999999,5.263157894736842,18.045112781954884,0.2916666666666667,0.22826086956521738,0.18125,337.6666666666667,0.16379310344827586,0.4375,0.19,22.0,1.0,5.0,81.0,133.0,116.0,12.0,9.0,0.0,7.0,0.24,0.293,7.0,0,1.0,,34.0,1,0,8.0,1.0,,8.016260162601625,7.347999999999999
2002,PL,オリックス・バファローズ,11913883,戎　信行,N.Ebisu,6.0,0.0,0.0,0.0,0.0,0.0,0.0,0.0,0.0,0.0,0.0,0,0.0,0.0,0.0,0,0.0,0.0,0.0,,,,0.0,0.0,0.0,0.0,,nan,nan,nan,nan,0.0,0.0,nan,nan,,0.0,0.0,0.0,6.0,0.0,0.0,0.0,0.0,0.0,0.0,,,0.0,0,0.0,,0.0,0.0,0,0.0,0.0,,nan,0.0
2002,PL,オリックス・バファローズ,11913884,副島　孔太,K.Soejima,37.0,113.0,101.0,9.0,26.0,3.0,0.0,1.0,32.0,6.0,1,0,2.0,1.0,9.0,0,0.0,15.0,3.0,0.257,0.315,0.317,0.632,22.0,0.06,0.057999999999999996,0.375,7.964601769911504,13.274336283185843,0.6,0.29069767441860467,0.22100000000000003,420.6666666666667,0.1485148514851485,0.5256410256410257,0.257,26.0,1.0,6.0,37.0,113.0,101.0,22.0,3.0,0.0,9.0,0.315,0.317,9.0,0,0.0,,32.0,1,0,2.0,1.0,,10.181818181818182,10.219999999999999
2002,PL,北海道日本ハムファイターズ,11915111,田中　賢介,K.Tanaka,60.0,177.0,158.0,18.0,40.0,7.0,4.0,0.0,55.0,10.0,3,2,9.0,0.0,9.0,0,1.0,36.0,2.0,0.253,0.298,0.348,0.6459999999999999,29.0,0.09499999999999997,0.044999999999999984,0.3929999999999999,5.084745762711865,20.33898305084746,0.25,0.32786885245901637,0.2211,414.0,0.16455696202531644,0.5583333333333333,0.253,40.0,0.0,10.0,60.0,177.0,158.0,29.0,7.0,4.0,18.0,0.298,0.348,9.0,0,1.0,,55.0,3,2,9.0,0.0,,16.137724550898202,15.796
2002,PL,福岡ソフトバンクホークス,1203881,野々垣　武,T.Nonogaki,59.0,60.0,58.0,5.0,10.0,1.0,0.0,0.0,11.0,0.0,1.0,0,1.0,0.0,1.0,0,0.0,10.0,1.0,0.172,0.186,0.19,0.376,9.0,0.018000000000000016,0.014000000000000012,0.204,1.6666666666666667,16.666666666666664,0.1,0.20833333333333334,0.13119999999999998,249.33333333333334,0.05172413793103448,0.2653061224489796,0.172,10.0,0.0,0.0,59.0,60.0,58.0,9.0,1.0,0.0,5.0,0.186,0.19,1.0,0,0.0,,11.0,1.0,0,1.0,0.0,,2.0508474576271185,1.025999999999999
2002,PL,千葉ロッテマリーンズ,1203886,藤田　宗一,S.Fujita,50.0,0.0,0.0,0.0,0.0,0.0,0.0,0.0,0.0,0.0,0.0,0,0.0,0.0,0.0,0,0.0,0.0,0.0,,,,0.0,0.0,0.0,0.0,,nan,nan,nan,nan,0.0,0.0,nan,nan,,0.0,0.0,0.0,50.0,0.0,0.0,0.0,0.0,0.0,0.0,,,0.0,0,0.0,,0.0,0.0,0,0.0,0.0,,nan,0.0
2002,PL,北海道日本ハムファイターズ,1203887,武藤　潤一郎,J.Mutou,25.0,0.0,0.0,0.0,0.0,0.0,0.0,0.0,0.0,0.0,0.0,0,0.0,0.0,0.0,0,0.0,0.0,0.0,,,,0.0,0.0,0.0,0.0,,nan,nan,nan,nan,0.0,0.0,nan,nan,,0.0,0.0,0.0,25.0,0.0,0.0,0.0,0.0,0.0,0.0,,,0.0,0,0.0,,0.0,0.0,0,0.0,0.0,,nan,0.0
2002,PL,大阪近鉄バファローズ,1303882,門倉　健,K.Kadokura,16.0,0.0,0.0,0.0,0.0,0.0,0.0,0.0,0.0,0.0,0.0,0,0.0,0.0,0.0,0,0.0,0.0,0.0,,,,0.0,0.0,0.0,0.0,,nan,nan,nan,nan,0.0,0.0,nan,nan,,0.0,0.0,0.0,16.0,0.0,0.0,0.0,0.0,0.0,0.0,,,0.0,0,0.0,,0.0,0.0,0,0.0,0.0,,nan,0.0
2002,PL,北海道日本ハムファイターズ,1303886,小田　智之,T.Oda,5.0,7.0,7.0,0.0,1.0,0.0,0.0,0.0,1.0,0.0,0.0,0,0.0,0.0,0.0,0,0.0,1.0,1.0,0.143,0.143,0.143,0.286,1.0,0.0,0.0,0.143,0.0,14.285714285714285,0.0,0.16666666666666666,0.1001,190.66666666666666,0.0,0.14285714285714285,0.143,1.0,0.0,0.0,5.0,7.0,7.0,1.0,0.0,0.0,0.0,0.143,0.143,0.0,0,0.0,,1.0,0.0,0,0.0,0.0,,0.14285714285714285,-0.08800000000000008
2002,PL,オリックス・バファローズ,1305113,上村　和裕,K.Uemura,11.0,14.0,11.0,1.0,1.0,0.0,0.0,0.0,1.0,0.0,0.0,0,0.0,0.0,3.0,0,0.0,6.0,0.0,0.091,0.286,0.091,0.377,1.0,0.0,0.19499999999999998,0.286,21.428571428571427,42.857142857142854,0.5,0.2,0.15144999999999997,316.3333333333333,0.2727272727272727,0.4,0.091,1.0,0.0,0.0,11.0,14.0,11.0,1.0,0.0,0.0,1.0,0.286,0.091,3.0,0,0.0,,1.0,0.0,0,0.0,0.0,,0.2857142857142857,0.51
2002,PL,千葉ロッテマリーンズ,1305115,今江　年晶,T.Imae,15.0,25.0,25.0,0.0,5.0,3.0,0.0,0.0,8.0,2.0,0.0,0,0.0,0.0,0.0,0,0.0,7.0,1.0,0.2,0.2,0.32,0.52,2.0,0.12,0.0,0.32,0.0,28.000000000000004,0.0,0.2777777777777778,0.17,306.6666666666667,0.12,0.38095238095238093,0.2,5.0,0.0,2.0,15.0,25.0,25.0,2.0,3.0,0.0,0.0,0.2,0.32,0.0,0,0.0,,8.0,0.0,0,0.0,0.0,,1.6,1.2000000000000002
2002,PL,オリックス・バファローズ,13315113,E.ヤーナル,E.Yarnall,25.0,0.0,0.0,0.0,0.0,0.0,0.0,0.0,0.0,0.0,0.0,0,0.0,0.0,0.0,0,0.0,0.0,0.0,,,,0.0,0.0,0.0,0.0,,nan,nan,nan,nan,0.0,0.0,nan,nan,,0.0,0.0,0.0,25.0,0.0,0.0,0.0,0.0,0.0,0.0,,,0.0,0,0.0,,0.0,0.0,0,0.0,0.0,,nan,0.0
2002,PL,大阪近鉄バファローズ,13315115,M.ジョンソン,M.Johnson,9.0,0.0,0.0,0.0,0.0,0.0,0.0,0.0,0.0,0.0,0.0,0,0.0,0.0,0.0,0,0.0,0.0,0.0,,,,0.0,0.0,0.0,0.0,,nan,nan,nan,nan,0.0,0.0,nan,nan,,0.0,0.0,0.0,9.0,0.0,0.0,0.0,0.0,0.0,0.0,,,0.0,0,0.0,,0.0,0.0,0,0.0,0.0,,nan,0.0
2002,PL,千葉ロッテマリーンズ,13813868,初芝　清,K.Hatsushiba,125.0,451.0,403.0,38.0,90.0,15.0,0.0,17.0,156.0,55.0,0,1,0.0,5.0,38.0,0,5.0,96.0,11.0,0.223,0.295,0.387,0.6819999999999999,58.0,0.164,0.07199999999999998,0.4589999999999999,8.425720620842572,21.286031042128602,0.3958333333333333,0.24745762711864408,0.2295,424.0,0.26054590570719605,0.6172839506172839,0.223,90.0,17.0,55.0,125.0,451.0,403.0,58.0,15.0,0.0,38.0,0.295,0.387,38.0,0,5.0,,156.0,0,1,0.0,5.0,,45.27891156462585,47.976000000000006
2002,PL,千葉ロッテマリーンズ,1403887,吉鶴　憲治,K.Yoshitsuru,28.0,36.0,33.0,3.0,7.0,1.0,0.0,0.0,8.0,2.0,0.0,0,0.0,1.0,2.0,0,0.0,5.0,0.0,0.212,0.25,0.242,0.492,6.0,0.03,0.038000000000000006,0.28,5.555555555555555,13.88888888888889,0.4,0.2413793103448276,0.173,330.6666666666667,0.09090909090909091,0.38461538461538464,0.212,7.0,0.0,2.0,28.0,36.0,33.0,6.0,1.0,0.0,3.0,0.25,0.242,2.0,0,0.0,,8.0,0.0,0,0.0,1.0,,2.057142857142857,1.8319999999999999
2002,PL,福岡ソフトバンクホークス,15013868,鈴木　平,T.Suzuki,12.0,0.0,0.0,0.0,0.0,0.0,0.0,0.0,0.0,0.0,0.0,0,0.0,0.0,0.0,0,0.0,0.0,0.0,,,,0.0,0.0,0.0,0.0,,nan,nan,nan,nan,0.0,0.0,nan,nan,,0.0,0.0,0.0,12.0,0.0,0.0,0.0,0.0,0.0,0.0,,,0.0,0,0.0,,0.0,0.0,0,0.0,0.0,,nan,0.0
2002,PL,埼玉西武ライオンズ,15313868,鈴木　健,K.Suzuki,65.0,190.0,172.0,21.0,41.0,9.0,1.0,5.0,67.0,27.0,0,2,0.0,3.0,14.0,0,1.0,31.0,4.0,0.238,0.295,0.39,0.685,26.0,0.15200000000000002,0.056999999999999995,0.447,7.368421052631578,16.315789473684212,0.45161290322580644,0.2589928057553957,0.23025,425.0,0.2441860465116279,0.6222222222222222,0.238,41.0,5.0,27.0,65.0,190.0,172.0,26.0,9.0,1.0,21.0,0.295,0.39,14.0,0,1.0,,67.0,0,2,0.0,3.0,,19.811827956989248,20.192
2002,PL,千葉ロッテマリーンズ,1603885,吉田　篤史,A.Yoshida,40.0,0.0,0.0,0.0,0.0,0.0,0.0,0.0,0.0,0.0,0.0,0,0.0,0.0,0.0,0,0.0,0.0,0.0,,,,0.0,0.0,0.0,0.0,,nan,nan,nan,nan,0.0,0.0,nan,nan,,0.0,0.0,0.0,40.0,0.0,0.0,0.0,0.0,0.0,0.0,,,0.0,0,0.0,,0.0,0.0,0,0.0,0.0,,nan,0.0
2002,PL,埼玉西武ライオンズ,1605111,ミンチェ,M.Minchiぇ（shuu,20.0,0.0,0.0,0.0,0.0,0.0,0.0,0.0,0.0,0.0,0.0,0,0.0,0.0,0.0,0,0.0,0.0,0.0,,,,0.0,0.0,0.0,0.0,,nan,nan,nan,nan,0.0,0.0,nan,nan,,0.0,0.0,0.0,20.0,0.0,0.0,0.0,0.0,0.0,0.0,,,0.0,0,0.0,,0.0,0.0,0,0.0,0.0,,nan,0.0
2002,PL,オリックス・バファローズ,1605115,山本　拓司,T.Yamamoto,28.0,0.0,0.0,0.0,0.0,0.0,0.0,0.0,0.0,0.0,0.0,0,0.0,0.0,0.0,0,0.0,0.0,0.0,,,,0.0,0.0,0.0,0.0,,nan,nan,nan,nan,0.0,0.0,nan,nan,,0.0,0.0,0.0,28.0,0.0,0.0,0.0,0.0,0.0,0.0,,,0.0,0,0.0,,0.0,0.0,0,0.0,0.0,,nan,0.0
2002,PL,千葉ロッテマリーンズ,1703884,清水　将海,M.Shimizu,92.0,276.0,253.0,14.0,65.0,15.0,1.0,1.0,85.0,24.0,3.0,0,11.0,3.0,7.0,0,2.0,44.0,4.0,0.257,0.279,0.336,0.615,48.0,0.07900000000000001,0.02200000000000002,0.358,2.536231884057971,15.942028985507244,0.1590909090909091,0.3033175355450237,0.20955000000000001,391.0,0.11857707509881422,0.5052083333333334,0.257,65.0,1.0,24.0,92.0,276.0,253.0,48.0,15.0,1.0,14.0,0.279,0.336,7.0,0,2.0,,85.0,3.0,0,11.0,3.0,,23.53846153846154,22.365999999999993
2002,PL,オリックス・バファローズ,1703889,玉木　朋孝,T.Tamaki,49.0,48.0,43.0,6.0,13.0,1.0,0.0,0.0,14.0,5.0,0.0,0,2.0,0.0,2.0,0,1.0,12.0,0.0,0.302,0.348,0.326,0.6739999999999999,12.0,0.02400000000000002,0.045999999999999985,0.372,4.166666666666666,25.0,0.16666666666666666,0.41935483870967744,0.23809999999999998,456.6666666666667,0.06976744186046512,0.5666666666666667,0.302,13.0,0.0,5.0,49.0,48.0,43.0,12.0,1.0,0.0,6.0,0.348,0.326,2.0,0,1.0,,14.0,0.0,0,2.0,0.0,,4.666666666666667,4.77
2002,PL,北海道日本ハムファイターズ,1903880,原田　政彦,M.Harada,3.0,8.0,5.0,0.0,0.0,0.0,0.0,0.0,0.0,0.0,0.0,0,3.0,0.0,0.0,0,0.0,2.0,0.0,0.0,0.0,0.0,0.0,0.0,0.0,0.0,0.0,0.0,25.0,0.0,0.0,0.0,0.0,0.0,0.0,0.0,0.0,0.0,0.0,3.0,8.0,5.0,0.0,0.0,0.0,0.0,0.0,0.0,0.0,0,0.0,,0.0,0.0,0,3.0,0.0,,0.0,-0.49
2002,PL,オリックス・バファローズ,1903886,ユウキ,Y.Yuuki（tanaka,13.0,0.0,0.0,0.0,0.0,0.0,0.0,0.0,0.0,0.0,0.0,0,0.0,0.0,0.0,0,0.0,0.0,0.0,,,,0.0,0.0,0.0,0.0,,nan,nan,nan,nan,0.0,0.0,nan,nan,,0.0,0.0,0.0,13.0,0.0,0.0,0.0,0.0,0.0,0.0,,,0.0,0,0.0,,0.0,0.0,0,0.0,0.0,,nan,0.0
2002,PL,大阪近鉄バファローズ,21023882,益田　大介,D.Masuda,45.0,55.0,53.0,3.0,11.0,2.0,0.0,0.0,13.0,1.0,0,1,0.0,0.0,2.0,0,0.0,12.0,1.0,0.208,0.236,0.245,0.481,9.0,0.037000000000000005,0.027999999999999997,0.273,3.6363636363636362,21.818181818181817,0.16666666666666666,0.2682926829268293,0.16745,317.66666666666663,0.09433962264150944,0.37209302325581395,0.208,11.0,0.0,1.0,45.0,55.0,53.0,9.0,2.0,0.0,3.0,0.236,0.245,2.0,0,0.0,,13.0,0,1,0.0,0.0,,3.0727272727272728,2.663999999999999
2002,PL,大阪近鉄バファローズ,21023883,五十嵐　章人,A.Igarashi,27.0,52.0,50.0,3.0,7.0,1.0,0.0,1.0,11.0,2.0,0.0,0,1.0,0.0,0.0,0,1.0,11.0,0.0,0.14,0.157,0.22,0.377,5.0,0.07999999999999999,0.016999999999999987,0.237,0.0,21.153846153846153,0.0,0.15789473684210525,0.12565,230.33333333333334,0.08,0.27906976744186046,0.14,7.0,1.0,2.0,27.0,52.0,50.0,5.0,1.0,0.0,3.0,0.157,0.22,0.0,0,1.0,,11.0,0.0,0,1.0,0.0,,1.54,0.7759999999999998
2002,PL,大阪近鉄バファローズ,21023884,前川　勝彦,K.Maekawa,22.0,0.0,0.0,0.0,0.0,0.0,0.0,0.0,0.0,0.0,0.0,0,0.0,0.0,0.0,0,0.0,0.0,0.0,,,,0.0,0.0,0.0,0.0,,nan,nan,nan,nan,0.0,0.0,nan,nan,,0.0,0.0,0.0,22.0,0.0,0.0,0.0,0.0,0.0,0.0,,,0.0,0,0.0,,0.0,0.0,0,0.0,0.0,,nan,0.0
2002,PL,大阪近鉄バファローズ,21023885,中村　紀洋,N.Nakamura,140.0,602.0,511.0,87.0,150.0,27.0,1.0,42.0,305.0,115.0,2,1,0.0,0.0,86.0,0,5.0,136.0,10.0,0.294,0.4,0.597,0.997,80.0,0.303,0.10600000000000004,0.7030000000000001,14.285714285714285,22.591362126245848,0.6323529411764706,0.32432432432432434,0.32925000000000004,599.0,0.4735812133072407,1.0700808625336926,0.294,150.0,42.0,115.0,140.0,602.0,511.0,80.0,27.0,1.0,87.0,0.4,0.597,86.0,0,5.0,,305.0,2,1,0.0,0.0,,120.56951423785594,115.79200000000002
2002,PL,千葉ロッテマリーンズ,21025111,塀内　久雄,H.Heiuchi,17.0,31.0,26.0,2.0,3.0,0.0,0.0,1.0,6.0,4.0,0,2,3.0,0.0,2.0,0,0.0,9.0,0.0,0.115,0.179,0.231,0.41000000000000003,2.0,0.116,0.06399999999999999,0.295,6.451612903225806,29.03225806451613,0.2222222222222222,0.125,0.1383,256.0,0.2692307692307692,0.43478260869565216,0.115,3.0,1.0,4.0,17.0,31.0,26.0,2.0,0.0,0.0,2.0,0.179,0.231,2.0,0,0.0,,6.0,0,2,3.0,0.0,,1.0714285714285714,1.206
2002,PL,福岡ソフトバンクホークス,21025113,中村　浩一,K.Nakamura,3.0,4.0,4.0,0.0,0.0,0.0,0.0,0.0,0.0,0.0,0.0,0,0.0,0.0,0.0,0,0.0,1.0,0.0,0.0,0.0,0.0,0.0,0.0,0.0,0.0,0.0,0.0,25.0,0.0,0.0,0.0,0.0,0.0,0.0,0.0,0.0,0.0,0.0,3.0,4.0,4.0,0.0,0.0,0.0,0.0,0.0,0.0,0.0,0,0.0,,0.0,0.0,0,0.0,0.0,,0.0,-0.392
2002,PL,オリックス・バファローズ,21123882,今村　文昭,F.Imamura,24.0,0.0,0.0,0.0,0.0,0.0,0.0,0.0,0.0,0.0,0.0,0,0.0,0.0,0.0,0,0.0,0.0,0.0,,,,0.0,0.0,0.0,0.0,,nan,nan,nan,nan,0.0,0.0,nan,nan,,0.0,0.0,0.0,24.0,0.0,0.0,0.0,0.0,0.0,0.0,,,0.0,0,0.0,,0.0,0.0,0,0.0,0.0,,nan,0.0
2002,PL,オリックス・バファローズ,21125111,岩下　修壱,S.Iwashita,18.0,0.0,0.0,0.0,0.0,0.0,0.0,0.0,0.0,0.0,0.0,0,0.0,0.0,0.0,0,0.0,0.0,0.0,,,,0.0,0.0,0.0,0.0,,nan,nan,nan,nan,0.0,0.0,nan,nan,,0.0,0.0,0.0,18.0,0.0,0.0,0.0,0.0,0.0,0.0,,,0.0,0,0.0,,0.0,0.0,0,0.0,0.0,,nan,0.0
2002,PL,北海道日本ハムファイターズ,21223886,古城　茂幸,S.Furuki,62.0,62.0,57.0,10.0,8.0,1.0,0.0,0.0,9.0,0.0,3,2,4.0,0.0,1.0,0,0.0,15.0,0.0,0.14,0.155,0.158,0.313,7.0,0.017999999999999988,0.014999999999999986,0.173,1.6129032258064515,24.193548387096776,0.06666666666666667,0.19047619047619047,0.10925000000000001,207.66666666666666,0.07017543859649122,0.24489795918367346,0.14,8.0,0.0,0.0,62.0,62.0,57.0,7.0,1.0,0.0,10.0,0.155,0.158,1.0,0,0.0,,9.0,3,2,4.0,0.0,,1.396551724137931,0.10799999999999965
2002,PL,北海道日本ハムファイターズ,21323884,小笠原　道大,M.Ogasawara,135.0,574.0,486.0,77.0,165.0,27.0,2.0,32.0,292.0,81.0,8,1,0.0,6.0,76.0,0,6.0,77.0,6.0,0.34,0.43,0.601,1.031,104.0,0.26099999999999995,0.08999999999999997,0.691,13.240418118466899,13.414634146341465,0.987012987012987,0.3472584856396867,0.34375,630.3333333333333,0.41975308641975306,1.146788990825688,0.34,165.0,32.0,81.0,135.0,574.0,486.0,104.0,27.0,2.0,77.0,0.43,0.601,76.0,0,6.0,,292.0,8,1,0.0,6.0,,125.2170818505338,115.382
2002,PL,千葉ロッテマリーンズ,21323886,於保　浩己,H.Oho,16.0,9.0,9.0,2.0,2.0,1.0,0.0,0.0,3.0,1.0,0.0,0,0.0,0.0,0.0,0,0.0,3.0,0.0,0.222,0.222,0.333,0.555,1.0,0.11100000000000002,0.0,0.333,0.0,33.33333333333333,0.0,0.3333333333333333,0.18315,333.0,0.1111111111111111,0.42857142857142855,0.222,2.0,0.0,1.0,16.0,9.0,9.0,1.0,1.0,0.0,2.0,0.222,0.333,0.0,0,0.0,,3.0,0.0,0,0.0,0.0,,0.6666666666666666,0.5339999999999999
2002,PL,北海道日本ハムファイターズ,21323889,金子　誠,M.Kaneko,104.0,434.0,393.0,46.0,112.0,19.0,3.0,6.0,155.0,29.0,9,4,17.0,1.0,19.0,0,4.0,44.0,2.0,0.285,0.324,0.394,0.718,84.0,0.10900000000000004,0.039000000000000035,0.433,4.377880184331797,10.138248847926267,0.4318181818181818,0.3081395348837209,0.24430000000000002,455.33333333333337,0.16793893129770993,0.6431095406360424,0.285,112.0,6.0,29.0,104.0,434.0,393.0,84.0,19.0,3.0,46.0,0.324,0.394,19.0,0,4.0,,155.0,9,4,17.0,1.0,,49.28398058252427,48.212
2002,PL,福岡ソフトバンクホークス,21423883,内之倉　隆志,T.Uchinokura,8.0,8.0,8.0,0.0,0.0,0.0,0.0,0.0,0.0,0.0,0.0,0,0.0,0.0,0.0,0,0.0,4.0,1.0,0.0,0.0,0.0,0.0,0.0,0.0,0.0,0.0,0.0,50.0,0.0,0.0,0.0,0.0,0.0,0.0,0.0,0.0,0.0,0.0,8.0,8.0,8.0,0.0,0.0,0.0,0.0,0.0,0.0,0.0,0,0.0,,0.0,0.0,0,0.0,0.0,,0.0,-0.784
2002,PL,オリックス・バファローズ,21425115,牧田　勝吾,S.Makita,12.0,25.0,23.0,1.0,4.0,0.0,0.0,0.0,4.0,2.0,0,1,1.0,0.0,1.0,0,0.0,5.0,0.0,0.174,0.208,0.174,0.382,4.0,0.0,0.034,0.208,4.0,20.0,0.2,0.2222222222222222,0.1371,266.0,0.08695652173913043,0.3157894736842105,0.174,4.0,0.0,2.0,12.0,25.0,23.0,4.0,0.0,0.0,1.0,0.208,0.174,1.0,0,0.0,,4.0,0,1,1.0,0.0,,0.8333333333333334,0.6480000000000001
2002,PL,福岡ソフトバンクホークス,21523882,杉山　俊介,S.Sugiyama,1.0,2.0,2.0,0.0,1.0,0.0,0.0,0.0,1.0,0.0,0.0,0,0.0,0.0,0.0,0,0.0,0.0,0.0,0.5,0.5,0.5,1.0,1.0,0.0,0.0,0.5,0.0,0.0,nan,0.5,0.35,666.6666666666666,0.0,1.0,0.5,1.0,0.0,0.0,1.0,2.0,2.0,1.0,0.0,0.0,0.0,0.5,0.5,0.0,0,0.0,,1.0,0.0,0,0.0,0.0,,0.5,0.402
2002,PL,福岡ソフトバンクホークス,21523886,篠原　貴行,T.Shinohara,19.0,0.0,0.0,0.0,0.0,0.0,0.0,0.0,0.0,0.0,0.0,0,0.0,0.0,0.0,0,0.0,0.0,0.0,,,,0.0,0.0,0.0,0.0,,nan,nan,nan,nan,0.0,0.0,nan,nan,,0.0,0.0,0.0,19.0,0.0,0.0,0.0,0.0,0.0,0.0,,,0.0,0,0.0,,0.0,0.0,0,0.0,0.0,,nan,0.0
2002,PL,千葉ロッテマリーンズ,21525113,加藤　康介,K.Katou,32.0,0.0,0.0,0.0,0.0,0.0,0.0,0.0,0.0,0.0,0.0,0,0.0,0.0,0.0,0,0.0,0.0,0.0,,,,0.0,0.0,0.0,0.0,,nan,nan,nan,nan,0.0,0.0,nan,nan,,0.0,0.0,0.0,32.0,0.0,0.0,0.0,0.0,0.0,0.0,,,0.0,0,0.0,,0.0,0.0,0,0.0,0.0,,nan,0.0
2002,PL,福岡ソフトバンクホークス,21623885,若田部　健一,K.Wakatabe,26.0,0.0,0.0,0.0,0.0,0.0,0.0,0.0,0.0,0.0,0.0,0,0.0,0.0,0.0,0,0.0,0.0,0.0,,,,0.0,0.0,0.0,0.0,,nan,nan,nan,nan,0.0,0.0,nan,nan,,0.0,0.0,0.0,26.0,0.0,0.0,0.0,0.0,0.0,0.0,,,0.0,0,0.0,,0.0,0.0,0,0.0,0.0,,nan,0.0
2002,PL,福岡ソフトバンクホークス,21723889,鳥越　裕介,Y.Torigoe,129.0,385.0,331.0,34.0,83.0,10.0,3.0,4.0,111.0,25.0,7,5,25.0,0.0,29.0,0,0.0,68.0,3.0,0.251,0.311,0.335,0.646,66.0,0.08400000000000002,0.06,0.395,7.532467532467532,17.662337662337663,0.4264705882352941,0.305019305019305,0.2237,422.6666666666667,0.18731117824773413,0.5776892430278885,0.251,83.0,4.0,25.0,129.0,385.0,331.0,66.0,10.0,3.0,34.0,0.311,0.335,29.0,0,0.0,,111.0,7,5,25.0,0.0,,34.53333333333333,35.245999999999995
2002,PL,大阪近鉄バファローズ,21823881,吉岡　雄二,Y.Yoshioka,140.0,569.0,520.0,66.0,140.0,40.0,3.0,26.0,264.0,72.0,4,2,4.0,2.0,36.0,0,7.0,126.0,20.0,0.269,0.324,0.508,0.8320000000000001,71.0,0.239,0.05499999999999999,0.563,6.32688927943761,22.144112478031637,0.2857142857142857,0.3081081081081081,0.27280000000000004,493.33333333333337,0.31153846153846154,0.7725,0.269,140.0,26.0,72.0,140.0,569.0,520.0,71.0,40.0,3.0,66.0,0.324,0.508,36.0,0,7.0,,264.0,4,2,4.0,2.0,,83.56834532374101,82.16999999999999
2002,PL,北海道日本ハムファイターズ,21825115,D.T.クローマー,D.Cromer,131.0,520.0,478.0,49.0,117.0,27.0,3.0,20.0,210.0,54.0,5.0,5,0.0,3.0,35.0,0,4.0,134.0,6.0,0.245,0.3,0.439,0.739,67.0,0.194,0.05499999999999999,0.494,6.730769230769231,25.769230769230766,0.26119402985074625,0.2966360856269113,0.24475000000000002,446.33333333333337,0.27824267782426776,0.6920980926430518,0.245,117.0,20.0,54.0,131.0,520.0,478.0,67.0,27.0,3.0,49.0,0.3,0.439,35.0,0,4.0,,210.0,5.0,5,0.0,3.0,,62.22222222222222,63.251999999999995
2002,PL,埼玉西武ライオンズ,21923884,玉野　宏昌,H.Tamano,2.0,3.0,3.0,0.0,0.0,0.0,0.0,0.0,0.0,0.0,0.0,0,0.0,0.0,0.0,0,0.0,1.0,0.0,0.0,0.0,0.0,0.0,0.0,0.0,0.0,0.0,0.0,33.33333333333333,0.0,0.0,0.0,0.0,0.0,0.0,0.0,0.0,0.0,0.0,2.0,3.0,3.0,0.0,0.0,0.0,0.0,0.0,0.0,0.0,0,0.0,,0.0,0.0,0,0.0,0.0,,0.0,-0.29400000000000004
2002,PL,埼玉西武ライオンズ,21923885,竹下　潤,J.Takeshita,1.0,0.0,0.0,0.0,0.0,0.0,0.0,0.0,0.0,0.0,0.0,0,0.0,0.0,0.0,0,0.0,0.0,0.0,,,,0.0,0.0,0.0,0.0,,nan,nan,nan,nan,0.0,0.0,nan,nan,,0.0,0.0,0.0,1.0,0.0,0.0,0.0,0.0,0.0,0.0,,,0.0,0,0.0,,0.0,0.0,0,0.0,0.0,,nan,0.0
2002,PL,千葉ロッテマリーンズ,21923889,福浦　和也,K.Fukuura,135.0,565.0,493.0,48.0,148.0,40.0,0.0,9.0,215.0,66.0,2,1,0.0,3.0,52.0,0,17.0,73.0,10.0,0.3,0.384,0.436,0.8200000000000001,99.0,0.136,0.08400000000000002,0.52,9.20353982300885,12.920353982300886,0.7123287671232876,0.3357487922705314,0.2818,529.3333333333334,0.2434077079107505,0.8028169014084507,0.3,148.0,9.0,66.0,135.0,565.0,493.0,99.0,40.0,0.0,48.0,0.384,0.436,52.0,0,17.0,,215.0,2,1,0.0,3.0,,78.89908256880734,80.39999999999999
2002,PL,千葉ロッテマリーンズ,21925115,田中　充,T.Tanaka,18.0,0.0,0.0,0.0,0.0,0.0,0.0,0.0,0.0,0.0,0.0,0,0.0,0.0,0.0,0,0.0,0.0,0.0,,,,0.0,0.0,0.0,0.0,,nan,nan,nan,nan,0.0,0.0,nan,nan,,0.0,0.0,0.0,18.0,0.0,0.0,0.0,0.0,0.0,0.0,,,0.0,0,0.0,,0.0,0.0,0,0.0,0.0,,nan,0.0
2002,PL,千葉ロッテマリーンズ,23125113,D.メイ,D.May,136.0,547.0,490.0,57.0,134.0,26.0,1.0,23.0,231.0,90.0,2,1,0.0,2.0,47.0,0,8.0,89.0,12.0,0.273,0.346,0.471,0.817,84.0,0.19799999999999995,0.07299999999999995,0.5439999999999999,8.592321755027422,16.270566727605118,0.5280898876404494,0.29210526315789476,0.27344999999999997,503.0,0.29591836734693877,0.779891304347826,0.273,134.0,23.0,90.0,136.0,547.0,490.0,84.0,26.0,1.0,57.0,0.346,0.471,47.0,0,8.0,,231.0,2,1,0.0,2.0,,77.86033519553072,78.322
2002,PL,埼玉西武ライオンズ,23325113,T.エバンス,T.Evans,78.0,294.0,242.0,37.0,61.0,14.0,1.0,15.0,122.0,45.0,0,3,0.0,2.0,42.0,0,8.0,93.0,2.0,0.252,0.378,0.504,0.882,31.0,0.252,0.126,0.63,14.285714285714285,31.63265306122449,0.45161290322580644,0.3382352941176471,0.29610000000000003,546.0,0.4380165289256198,0.9562841530054644,0.252,61.0,15.0,45.0,78.0,294.0,242.0,31.0,14.0,1.0,37.0,0.378,0.504,42.0,0,8.0,,122.0,0,3,0.0,2.0,,44.24647887323944,47.522000000000006
2002,PL,埼玉西武ライオンズ,23423868,河田　雄祐,Y.Kawada,6.0,9.0,9.0,1.0,1.0,1.0,0.0,0.0,2.0,0.0,0.0,0,0.0,0.0,0.0,0,0.0,3.0,0.0,0.111,0.111,0.222,0.333,0.0,0.111,0.0,0.222,0.0,33.33333333333333,0.0,0.16666666666666666,0.10545,185.0,0.1111111111111111,0.25,0.111,1.0,0.0,0.0,6.0,9.0,9.0,0.0,1.0,0.0,1.0,0.111,0.222,0.0,0,0.0,,2.0,0.0,0,0.0,0.0,,0.2222222222222222,-0.06400000000000006
2002,PL,埼玉西武ライオンズ,27123868,垣内　哲也,T.Kakiuchi,80.0,153.0,134.0,16.0,30.0,4.0,0.0,4.0,46.0,15.0,0.0,0,0.0,0.0,16.0,0,2.0,38.0,2.0,0.224,0.316,0.343,0.659,22.0,0.11900000000000002,0.092,0.435,10.457516339869281,24.836601307189543,0.42105263157894735,0.2826086956521739,0.22794999999999999,430.33333333333337,0.23880597014925373,0.6037735849056604,0.224,30.0,4.0,15.0,80.0,153.0,134.0,22.0,4.0,0.0,16.0,0.316,0.343,16.0,0,2.0,,46.0,0.0,0,0.0,0.0,,14.106666666666667,15.388000000000002
2002,PL,埼玉西武ライオンズ,31033886,鳥谷部　健一,K.Toriyabe,6.0,0.0,0.0,0.0,0.0,0.0,0.0,0.0,0.0,0.0,0.0,0,0.0,0.0,0.0,0,0.0,0.0,0.0,,,,0.0,0.0,0.0,0.0,,nan,nan,nan,nan,0.0,0.0,nan,nan,,0.0,0.0,0.0,6.0,0.0,0.0,0.0,0.0,0.0,0.0,,,0.0,0,0.0,,0.0,0.0,0,0.0,0.0,,nan,0.0
2002,PL,北海道日本ハムファイターズ,31033887,西浦　克拓,K.Nishiura,14.0,37.0,35.0,2.0,8.0,0.0,0.0,1.0,11.0,2.0,0.0,0,1.0,0.0,1.0,0,0.0,12.0,1.0,0.229,0.25,0.314,0.5640000000000001,7.0,0.08499999999999999,0.02099999999999999,0.3349999999999999,2.7027027027027026,32.432432432432435,0.08333333333333333,0.3181818181818182,0.191,354.6666666666667,0.11428571428571428,0.42857142857142855,0.229,8.0,1.0,2.0,14.0,37.0,35.0,7.0,0.0,0.0,2.0,0.25,0.314,1.0,0,0.0,,11.0,0.0,0,1.0,0.0,,2.75,2.6239999999999997
2002,PL,オリックス・バファローズ,31035115,竜太郎,R.Ryuutarou（tsuji,34.0,48.0,42.0,1.0,9.0,3.0,0.0,0.0,12.0,2.0,1,0,3.0,0.0,2.0,0,1.0,8.0,0.0,0.214,0.267,0.286,0.5529999999999999,6.0,0.07199999999999998,0.05300000000000002,0.3389999999999999,4.166666666666666,16.666666666666664,0.25,0.2647058823529412,0.19165,362.3333333333333,0.11904761904761904,0.45454545454545453,0.214,9.0,0.0,2.0,34.0,48.0,42.0,6.0,3.0,0.0,1.0,0.267,0.286,2.0,0,1.0,,12.0,1,0,3.0,0.0,,3.0,2.9160000000000004
2002,PL,千葉ロッテマリーンズ,31133882,ユウゴー,Y.Yuugo（amano,7.0,4.0,4.0,0.0,0.0,0.0,0.0,0.0,0.0,0.0,0.0,0,0.0,0.0,0.0,0,0.0,2.0,1.0,0.0,0.0,0.0,0.0,0.0,0.0,0.0,0.0,0.0,50.0,0.0,0.0,0.0,0.0,0.0,0.0,0.0,0.0,0.0,0.0,7.0,4.0,4.0,0.0,0.0,0.0,0.0,0.0,0.0,0.0,0,0.0,,0.0,0.0,0,0.0,0.0,,0.0,-0.392
2002,PL,オリックス・バファローズ,31133888,相川　良太,R.Aikawa,64.0,188.0,170.0,11.0,35.0,10.0,0.0,5.0,60.0,23.0,3,4,6.0,0.0,10.0,0,2.0,41.0,4.0,0.206,0.258,0.353,0.611,20.0,0.147,0.05200000000000002,0.405,5.319148936170213,21.808510638297875,0.24390243902439024,0.24193548387096775,0.20435,375.66666666666663,0.22941176470588234,0.5467625899280576,0.206,35.0,5.0,23.0,64.0,188.0,170.0,20.0,10.0,0.0,11.0,0.258,0.353,10.0,0,2.0,,60.0,3,4,6.0,0.0,,15.0,15.849999999999998
2002,PL,埼玉西武ライオンズ,31133889,石井　貴,T.Ishii,22.0,0.0,0.0,0.0,0.0,0.0,0.0,0.0,0.0,0.0,0.0,0,0.0,0.0,0.0,0,0.0,0.0,0.0,,,,0.0,0.0,0.0,0.0,,nan,nan,nan,nan,0.0,0.0,nan,nan,,0.0,0.0,0.0,22.0,0.0,0.0,0.0,0.0,0.0,0.0,,,0.0,0,0.0,,0.0,0.0,0,0.0,0.0,,nan,0.0
2002,PL,埼玉西武ライオンズ,31135111,青木　勇人,H.Aoki,36.0,0.0,0.0,0.0,0.0,0.0,0.0,0.0,0.0,0.0,0.0,0,0.0,0.0,0.0,0,0.0,0.0,0.0,,,,0.0,0.0,0.0,0.0,,nan,nan,nan,nan,0.0,0.0,nan,nan,,0.0,0.0,0.0,36.0,0.0,0.0,0.0,0.0,0.0,0.0,,,0.0,0,0.0,,0.0,0.0,0,0.0,0.0,,nan,0.0
2002,PL,オリックス・バファローズ,31135113,相木　崇,T.Aiki,15.0,0.0,0.0,0.0,0.0,0.0,0.0,0.0,0.0,0.0,0.0,0,0.0,0.0,0.0,0,0.0,0.0,0.0,,,,0.0,0.0,0.0,0.0,,nan,nan,nan,nan,0.0,0.0,nan,nan,,0.0,0.0,0.0,15.0,0.0,0.0,0.0,0.0,0.0,0.0,,,0.0,0,0.0,,0.0,0.0,0,0.0,0.0,,nan,0.0
2002,PL,オリックス・バファローズ,31233887,牧野　塁,R.Makino,7.0,0.0,0.0,0.0,0.0,0.0,0.0,0.0,0.0,0.0,0.0,0,0.0,0.0,0.0,0,0.0,0.0,0.0,,,,0.0,0.0,0.0,0.0,,nan,nan,nan,nan,0.0,0.0,nan,nan,,0.0,0.0,0.0,7.0,0.0,0.0,0.0,0.0,0.0,0.0,,,0.0,0,0.0,,0.0,0.0,0,0.0,0.0,,nan,0.0
2002,PL,埼玉西武ライオンズ,31233888,松坂　大輔,D.Matsuzaka,14.0,0.0,0.0,0.0,0.0,0.0,0.0,0.0,0.0,0.0,0.0,0,0.0,0.0,0.0,0,0.0,0.0,0.0,,,,0.0,0.0,0.0,0.0,,nan,nan,nan,nan,0.0,0.0,nan,nan,,0.0,0.0,0.0,14.0,0.0,0.0,0.0,0.0,0.0,0.0,,,0.0,0,0.0,,0.0,0.0,0,0.0,0.0,,nan,0.0
2002,PL,北海道日本ハムファイターズ,31333881,岩本　勉,T.Iwamoto,4.0,0.0,0.0,0.0,0.0,0.0,0.0,0.0,0.0,0.0,0.0,0,0.0,0.0,0.0,0,0.0,0.0,0.0,,,,0.0,0.0,0.0,0.0,,nan,nan,nan,nan,0.0,0.0,nan,nan,,0.0,0.0,0.0,4.0,0.0,0.0,0.0,0.0,0.0,0.0,,,0.0,0,0.0,,0.0,0.0,0,0.0,0.0,,nan,0.0
2002,PL,福岡ソフトバンクホークス,31333887,大越　基,M.Ookoshi,69.0,87.0,79.0,16.0,19.0,5.0,1.0,1.0,29.0,14.0,3,1,1.0,0.0,5.0,0,2.0,15.0,2.0,0.241,0.302,0.367,0.669,12.0,0.126,0.061,0.428,5.747126436781609,17.24137931034483,0.3333333333333333,0.2857142857142857,0.22765,424.3333333333333,0.20253164556962025,0.5967741935483871,0.241,19.0,1.0,14.0,69.0,87.0,79.0,12.0,5.0,1.0,16.0,0.302,0.367,5.0,0,2.0,,29.0,3,1,1.0,0.0,,8.285714285714286,8.690000000000001
2002,PL,埼玉西武ライオンズ,31335111,貝塚　政秀,M.Kaizuka,33.0,93.0,86.0,9.0,26.0,4.0,0.0,1.0,33.0,8.0,0.0,0,2.0,1.0,3.0,0,1.0,15.0,0.0,0.302,0.33,0.384,0.714,21.0,0.08200000000000002,0.028000000000000025,0.412,3.225806451612903,16.129032258064516,0.2,0.352112676056338,0.24450000000000002,458.0,0.11627906976744186,0.6166666666666667,0.302,26.0,1.0,8.0,33.0,93.0,86.0,21.0,4.0,0.0,9.0,0.33,0.384,3.0,0,1.0,,33.0,0.0,0,2.0,1.0,,10.752808988764045,10.259999999999998
2002,PL,埼玉西武ライオンズ,31433884,和田　一浩,K.Wada,115.0,472.0,439.0,64.0,140.0,25.0,2.0,33.0,268.0,81.0,5,3,2.0,3.0,27.0,0,1.0,74.0,14.0,0.319,0.357,0.61,0.967,80.0,0.291,0.03799999999999998,0.6479999999999999,5.720338983050848,15.677966101694915,0.36486486486486486,0.3194029850746269,0.31315,560.3333333333334,0.35990888382687924,0.9552715654952076,0.319,140.0,33.0,81.0,115.0,472.0,439.0,80.0,25.0,2.0,64.0,0.357,0.61,27.0,0,1.0,,268.0,5,3,2.0,3.0,,96.04291845493562,88.078
2002,PL,オリックス・バファローズ,31435111,山口　和男,K.Yamaguchi,41.0,0.0,0.0,0.0,0.0,0.0,0.0,0.0,0.0,0.0,0.0,0,0.0,0.0,0.0,0,0.0,0.0,0.0,,,,0.0,0.0,0.0,0.0,,nan,nan,nan,nan,0.0,0.0,nan,nan,,0.0,0.0,0.0,41.0,0.0,0.0,0.0,0.0,0.0,0.0,,,0.0,0,0.0,,0.0,0.0,0,0.0,0.0,,nan,0.0
2002,PL,埼玉西武ライオンズ,31435113,水田　圭介,K.Mizuta,2.0,3.0,2.0,0.0,0.0,0.0,0.0,0.0,0.0,0.0,0.0,0,1.0,0.0,0.0,0,0.0,0.0,0.0,0.0,0.0,0.0,0.0,0.0,0.0,0.0,0.0,0.0,0.0,nan,0.0,0.0,0.0,0.0,0.0,0.0,0.0,0.0,0.0,2.0,3.0,2.0,0.0,0.0,0.0,0.0,0.0,0.0,0.0,0,0.0,,0.0,0.0,0,1.0,0.0,,0.0,-0.196
2002,PL,千葉ロッテマリーンズ,31533868,酒井　忠晴,T.Sakai,62.0,210.0,188.0,20.0,49.0,11.0,0.0,1.0,63.0,17.0,0,1,10.0,0.0,11.0,0,1.0,40.0,5.0,0.261,0.305,0.335,0.64,37.0,0.07400000000000001,0.043999999999999984,0.379,5.238095238095238,19.047619047619047,0.275,0.32653061224489793,0.22100000000000003,416.6666666666667,0.13829787234042554,0.5277777777777778,0.261,49.0,1.0,17.0,62.0,210.0,188.0,37.0,11.0,0.0,20.0,0.305,0.335,11.0,0,1.0,,63.0,0,1,10.0,0.0,,18.99497487437186,18.378000000000007
2002,PL,福岡ソフトバンクホークス,31533889,小久保　裕紀,H.Kokubo,136.0,579.0,507.0,89.0,148.0,25.0,0.0,32.0,269.0,89.0,8,1,0.0,3.0,63.0,0,6.0,90.0,10.0,0.292,0.375,0.531,0.906,91.0,0.23900000000000005,0.08300000000000002,0.6140000000000001,10.880829015544041,15.544041450777202,0.7,0.29896907216494845,0.3015,552.0,0.36489151873767256,0.9186991869918699,0.292,148.0,32.0,89.0,136.0,579.0,507.0,91.0,25.0,0.0,89.0,0.375,0.531,63.0,0,6.0,,269.0,8,1,0.0,3.0,,99.57719298245614,97.348
2002,PL,大阪近鉄バファローズ,31633868,石毛　博史,H.Ishige,2.0,0.0,0.0,0.0,0.0,0.0,0.0,0.0,0.0,0.0,0.0,0,0.0,0.0,0.0,0,0.0,0.0,0.0,,,,0.0,0.0,0.0,0.0,,nan,nan,nan,nan,0.0,0.0,nan,nan,,0.0,0.0,0.0,2.0,0.0,0.0,0.0,0.0,0.0,0.0,,,0.0,0,0.0,,0.0,0.0,0,0.0,0.0,,nan,0.0
2002,PL,福岡ソフトバンクホークス,31733880,城島　健司,K.Joujima,115.0,463.0,416.0,60.0,122.0,18.0,0.0,25.0,215.0,74.0,8,7,3.0,6.0,30.0,0,8.0,41.0,11.0,0.293,0.348,0.517,0.865,79.0,0.22400000000000003,0.05499999999999999,0.5720000000000001,6.479481641468683,8.855291576673865,0.7317073170731707,0.27247191011235955,0.28585,520.3333333333333,0.3125,0.8524590163934426,0.293,122.0,25.0,74.0,115.0,463.0,416.0,79.0,18.0,0.0,60.0,0.348,0.517,30.0,0,8.0,,215.0,8,7,3.0,6.0,,73.27354260089686,73.44800000000002
2002,PL,福岡ソフトバンクホークス,31733882,高橋　和幸,K.Takahashi,21.0,60.0,56.0,7.0,19.0,4.0,0.0,0.0,23.0,5.0,1,2,0.0,0.0,3.0,0,1.0,9.0,1.0,0.339,0.383,0.411,0.794,15.0,0.07199999999999995,0.043999999999999984,0.4549999999999999,5.0,15.0,0.3333333333333333,0.40425531914893614,0.2751,520.0,0.16071428571428573,0.7631578947368421,0.339,19.0,0.0,5.0,21.0,60.0,56.0,15.0,4.0,0.0,7.0,0.383,0.411,3.0,0,1.0,,23.0,1,2,0.0,0.0,,8.576271186440678,8.433999999999997
2002,PL,オリックス・バファローズ,31733883,田村　勤,T.Tamura,3.0,0.0,0.0,0.0,0.0,0.0,0.0,0.0,0.0,0.0,0.0,0,0.0,0.0,0.0,0,0.0,0.0,0.0,,,,0.0,0.0,0.0,0.0,,nan,nan,nan,nan,0.0,0.0,nan,nan,,0.0,0.0,0.0,3.0,0.0,0.0,0.0,0.0,0.0,0.0,,,0.0,0,0.0,,0.0,0.0,0,0.0,0.0,,nan,0.0
2002,PL,オリックス・バファローズ,31733887,塩谷　和彦,K.Shiotani,99.0,301.0,274.0,22.0,63.0,13.0,1.0,5.0,93.0,20.0,2,0,8.0,0.0,17.0,0,2.0,50.0,2.0,0.23,0.28,0.339,0.619,44.0,0.10900000000000001,0.05000000000000002,0.389,5.647840531561462,16.611295681063122,0.34,0.2648401826484018,0.21075000000000005,393.0,0.17153284671532848,0.5258215962441315,0.23,63.0,5.0,20.0,99.0,301.0,274.0,44.0,13.0,1.0,22.0,0.28,0.339,17.0,0,2.0,,93.0,2,0,8.0,0.0,,25.567010309278352,25.191999999999997
2002,PL,千葉ロッテマリーンズ,31733888,里崎　智也,T.Satozaki,12.0,25.0,23.0,1.0,1.0,0.0,0.0,1.0,4.0,1.0,0.0,0,0.0,0.0,2.0,0,0.0,9.0,0.0,0.043,0.12,0.174,0.294,0.0,0.131,0.077,0.251,8.0,36.0,0.2222222222222222,0.0,0.0975,178.0,0.21739130434782608,0.2727272727272727,0.043,1.0,1.0,1.0,12.0,25.0,23.0,0.0,0.0,0.0,1.0,0.12,0.174,2.0,0,0.0,,4.0,0.0,0,0.0,0.0,,0.48,-0.05600000000000005
2002,PL,北海道日本ハムファイターズ,31733889,関根　裕之,H.Sekine,12.0,0.0,0.0,0.0,0.0,0.0,0.0,0.0,0.0,0.0,0.0,0,0.0,0.0,0.0,0,0.0,0.0,0.0,,,,0.0,0.0,0.0,0.0,,nan,nan,nan,nan,0.0,0.0,nan,nan,,0.0,0.0,0.0,12.0,0.0,0.0,0.0,0.0,0.0,0.0,,,0.0,0,0.0,,0.0,0.0,0,0.0,0.0,,nan,0.0
2002,PL,北海道日本ハムファイターズ,31835115,C.シールバック,C.Seelbach,22.0,0.0,0.0,0.0,0.0,0.0,0.0,0.0,0.0,0.0,0.0,0,0.0,0.0,0.0,0,0.0,0.0,0.0,,,,0.0,0.0,0.0,0.0,,nan,nan,nan,nan,0.0,0.0,nan,nan,,0.0,0.0,0.0,22.0,0.0,0.0,0.0,0.0,0.0,0.0,,,0.0,0,0.0,,0.0,0.0,0,0.0,0.0,,nan,0.0
2002,PL,北海道日本ハムファイターズ,31933884,髙橋　信二,S.Takahashi,8.0,12.0,12.0,0.0,3.0,1.0,0.0,0.0,4.0,2.0,0.0,0,0.0,0.0,0.0,0,0.0,4.0,0.0,0.25,0.25,0.333,0.583,2.0,0.08300000000000002,0.0,0.333,0.0,33.33333333333333,0.0,0.375,0.19575,361.0,0.08333333333333333,0.4444444444444444,0.25,3.0,0.0,2.0,8.0,12.0,12.0,2.0,1.0,0.0,0.0,0.25,0.333,0.0,0,0.0,,4.0,0.0,0,0.0,0.0,,1.0,0.838
2002,PL,北海道日本ハムファイターズ,31933887,田口　昌徳,M.Taguchi,4.0,1.0,1.0,0.0,0.0,0.0,0.0,0.0,0.0,0.0,1,0,0.0,0.0,0.0,0,0.0,1.0,0.0,0.0,0.0,0.0,0.0,0.0,0.0,0.0,0.0,0.0,100.0,0.0,nan,0.0,0.0,0.0,0.0,0.0,0.0,0.0,0.0,4.0,1.0,1.0,0.0,0.0,0.0,0.0,0.0,0.0,0.0,0,0.0,,0.0,1,0,0.0,0.0,,0.0,-0.098
2002,PL,福岡ソフトバンクホークス,31935115,杉内　俊哉,T.Sugiuchi,11.0,0.0,0.0,0.0,0.0,0.0,0.0,0.0,0.0,0.0,0.0,0,0.0,0.0,0.0,0,0.0,0.0,0.0,,,,0.0,0.0,0.0,0.0,,nan,nan,nan,nan,0.0,0.0,nan,nan,,0.0,0.0,0.0,11.0,0.0,0.0,0.0,0.0,0.0,0.0,,,0.0,0,0.0,,0.0,0.0,0,0.0,0.0,,nan,0.0
2002,PL,福岡ソフトバンクホークス,33135111,B.ラジオ,B.Raggio,15.0,0.0,0.0,0.0,0.0,0.0,0.0,0.0,0.0,0.0,0.0,0,0.0,0.0,0.0,0,0.0,0.0,0.0,,,,0.0,0.0,0.0,0.0,,nan,nan,nan,nan,0.0,0.0,nan,nan,,0.0,0.0,0.0,15.0,0.0,0.0,0.0,0.0,0.0,0.0,,,0.0,0,0.0,,0.0,0.0,0,0.0,0.0,,nan,0.0
2002,PL,大阪近鉄バファローズ,35433868,赤堀　元之,M.Akahori,11.0,0.0,0.0,0.0,0.0,0.0,0.0,0.0,0.0,0.0,0.0,0,0.0,0.0,0.0,0,0.0,0.0,0.0,,,,0.0,0.0,0.0,0.0,,nan,nan,nan,nan,0.0,0.0,nan,nan,,0.0,0.0,0.0,11.0,0.0,0.0,0.0,0.0,0.0,0.0,,,0.0,0,0.0,,0.0,0.0,0,0.0,0.0,,nan,0.0
2002,PL,福岡ソフトバンクホークス,41043881,出口　雄大,Y.Deguchi,57.0,177.0,153.0,25.0,41.0,7.0,1.0,6.0,68.0,24.0,1,5,8.0,0.0,16.0,0,0.0,46.0,1.0,0.268,0.337,0.444,0.781,27.0,0.176,0.069,0.513,9.03954802259887,25.98870056497175,0.34782608695652173,0.3465346534653465,0.26265,485.0,0.3137254901960784,0.7876106194690266,0.268,41.0,6.0,24.0,57.0,177.0,153.0,27.0,7.0,1.0,25.0,0.337,0.444,16.0,0,0.0,,68.0,1,5,8.0,0.0,,22.93491124260355,23.424
2002,PL,福岡ソフトバンクホークス,41043882,松本　輝,A.Matsumoto,11.0,0.0,0.0,0.0,0.0,0.0,0.0,0.0,0.0,0.0,0.0,0,0.0,0.0,0.0,0,0.0,0.0,0.0,,,,0.0,0.0,0.0,0.0,,nan,nan,nan,nan,0.0,0.0,nan,nan,,0.0,0.0,0.0,11.0,0.0,0.0,0.0,0.0,0.0,0.0,,,0.0,0,0.0,,0.0,0.0,0,0.0,0.0,,nan,0.0
2002,PL,埼玉西武ライオンズ,41043888,星野　智樹,T.Hoshino,8.0,0.0,0.0,0.0,0.0,0.0,0.0,0.0,0.0,0.0,0.0,0,0.0,0.0,0.0,0,0.0,0.0,0.0,,,,0.0,0.0,0.0,0.0,,nan,nan,nan,nan,0.0,0.0,nan,nan,,0.0,0.0,0.0,8.0,0.0,0.0,0.0,0.0,0.0,0.0,,,0.0,0,0.0,,0.0,0.0,0,0.0,0.0,,nan,0.0
2002,PL,北海道日本ハムファイターズ,41045113,中村　隼人,H.Nakamura,21.0,0.0,0.0,0.0,0.0,0.0,0.0,0.0,0.0,0.0,0.0,0,0.0,0.0,0.0,0,0.0,0.0,0.0,,,,0.0,0.0,0.0,0.0,,nan,nan,nan,nan,0.0,0.0,nan,nan,,0.0,0.0,0.0,21.0,0.0,0.0,0.0,0.0,0.0,0.0,,,0.0,0,0.0,,0.0,0.0,0,0.0,0.0,,nan,0.0
2002,PL,大阪近鉄バファローズ,41045115,長坂　健冶,K.Nagasaka,2.0,3.0,3.0,1.0,1.0,0.0,0.0,0.0,1.0,0.0,0.0,0,0.0,0.0,0.0,0,0.0,0.0,0.0,0.333,0.333,0.333,0.666,1.0,0.0,0.0,0.333,0.0,0.0,nan,0.3333333333333333,0.23310000000000003,444.0,0.0,0.5,0.333,1.0,0.0,0.0,2.0,3.0,3.0,1.0,0.0,0.0,1.0,0.333,0.333,0.0,0,0.0,,1.0,0.0,0,0.0,0.0,,0.3333333333333333,0.304
2002,PL,千葉ロッテマリーンズ,41143880,サブロー,S.Saburo（oomura,131.0,512.0,441.0,67.0,126.0,33.0,2.0,9.0,190.0,43.0,13,1,20.0,6.0,36.0,0,9.0,93.0,4.0,0.286,0.348,0.431,0.7789999999999999,82.0,0.14500000000000002,0.062,0.493,7.03125,18.1640625,0.3870967741935484,0.3391304347826087,0.26435,491.66666666666663,0.2290249433106576,0.7398119122257053,0.286,126.0,9.0,43.0,131.0,512.0,441.0,82.0,33.0,2.0,67.0,0.348,0.431,36.0,0,9.0,,190.0,13,1,20.0,6.0,,64.52830188679245,63.95999999999998
2002,PL,千葉ロッテマリーンズ,41143882,伊与田　一範,K.Iyoda,27.0,40.0,35.0,7.0,7.0,3.0,0.0,1.0,13.0,3.0,0.0,0,0.0,0.0,4.0,0,1.0,11.0,1.0,0.2,0.3,0.371,0.671,3.0,0.17099999999999999,0.09999999999999998,0.471,10.0,27.500000000000004,0.36363636363636365,0.2608695652173913,0.22775,423.66666666666663,0.2857142857142857,0.6206896551724138,0.2,7.0,1.0,3.0,27.0,40.0,35.0,3.0,3.0,0.0,7.0,0.3,0.371,4.0,0,1.0,,13.0,0.0,0,0.0,0.0,,3.6666666666666665,4.006
2002,PL,北海道日本ハムファイターズ,41143889,大貝　恭史,Y.Oogai,4.0,3.0,3.0,1.0,0.0,0.0,0.0,0.0,0.0,0.0,0.0,0,0.0,0.0,0.0,0,0.0,0.0,0.0,0.0,0.0,0.0,0.0,0.0,0.0,0.0,0.0,0.0,0.0,nan,0.0,0.0,0.0,0.0,0.0,0.0,0.0,0.0,0.0,4.0,3.0,3.0,0.0,0.0,0.0,1.0,0.0,0.0,0.0,0,0.0,,0.0,0.0,0,0.0,0.0,,0.0,-0.29400000000000004
2002,PL,埼玉西武ライオンズ,41145111,内薗　直樹,N.Uchizono,17.0,0.0,0.0,0.0,0.0,0.0,0.0,0.0,0.0,0.0,0.0,0,0.0,0.0,0.0,0,0.0,0.0,0.0,,,,0.0,0.0,0.0,0.0,,nan,nan,nan,nan,0.0,0.0,nan,nan,,0.0,0.0,0.0,17.0,0.0,0.0,0.0,0.0,0.0,0.0,,,0.0,0,0.0,,0.0,0.0,0,0.0,0.0,,nan,0.0
2002,PL,大阪近鉄バファローズ,41145113,阿部　真宏,M.Abe,125.0,392.0,338.0,28.0,71.0,16.0,2.0,6.0,109.0,29.0,0,2,23.0,5.0,21.0,0,5.0,49.0,3.0,0.21,0.263,0.322,0.585,47.0,0.11200000000000002,0.05300000000000002,0.375,5.357142857142857,12.5,0.42857142857142855,0.22569444444444445,0.19885000000000003,370.33333333333337,0.1804733727810651,0.5074074074074074,0.21,71.0,6.0,29.0,125.0,392.0,338.0,47.0,16.0,2.0,28.0,0.263,0.322,21.0,0,5.0,,109.0,0,2,23.0,5.0,,27.93314763231198,28.513999999999992
2002,PL,大阪近鉄バファローズ,41243860,古久保　健二,K.Furukubo,45.0,127.0,114.0,9.0,20.0,3.0,0.0,3.0,32.0,10.0,0.0,0,11.0,0.0,2.0,0,0.0,34.0,0.0,0.175,0.19,0.281,0.47100000000000003,14.0,0.10600000000000004,0.015000000000000013,0.296,1.574803149606299,26.77165354330709,0.058823529411764705,0.22077922077922077,0.15575,283.6666666666667,0.12280701754385964,0.3617021276595745,0.175,20.0,3.0,10.0,45.0,127.0,114.0,14.0,3.0,0.0,9.0,0.19,0.281,2.0,0,0.0,,32.0,0.0,0,11.0,0.0,,6.068965517241379,4.928000000000001
2002,PL,福岡ソフトバンクホークス,41243868,吉田　修司,S.Yoshida,62.0,0.0,0.0,0.0,0.0,0.0,0.0,0.0,0.0,0.0,0.0,0,0.0,0.0,0.0,0,0.0,0.0,0.0,,,,0.0,0.0,0.0,0.0,,nan,nan,nan,nan,0.0,0.0,nan,nan,,0.0,0.0,0.0,62.0,0.0,0.0,0.0,0.0,0.0,0.0,,,0.0,0,0.0,,0.0,0.0,0,0.0,0.0,,nan,0.0
2002,PL,埼玉西武ライオンズ,41243881,橋本　武広,T.Hashimoto,4.0,0.0,0.0,0.0,0.0,0.0,0.0,0.0,0.0,0.0,0.0,0,0.0,0.0,0.0,0,0.0,0.0,0.0,,,,0.0,0.0,0.0,0.0,,nan,nan,nan,nan,0.0,0.0,nan,nan,,0.0,0.0,0.0,4.0,0.0,0.0,0.0,0.0,0.0,0.0,,,0.0,0,0.0,,0.0,0.0,0,0.0,0.0,,nan,0.0
2002,PL,福岡ソフトバンクホークス,41243886,星野　順治,J.Hoshino,33.0,0.0,0.0,0.0,0.0,0.0,0.0,0.0,0.0,0.0,0.0,0,0.0,0.0,0.0,0,0.0,0.0,0.0,,,,0.0,0.0,0.0,0.0,,nan,nan,nan,nan,0.0,0.0,nan,nan,,0.0,0.0,0.0,33.0,0.0,0.0,0.0,0.0,0.0,0.0,,,0.0,0,0.0,,0.0,0.0,0,0.0,0.0,,nan,0.0
2002,PL,北海道日本ハムファイターズ,41243888,森本　稀哲,H.Morimoto,66.0,66.0,60.0,6.0,10.0,3.0,0.0,1.0,16.0,5.0,5,1,1.0,1.0,1.0,0,3.0,16.0,0.0,0.167,0.215,0.267,0.482,6.0,0.1,0.04799999999999999,0.315,1.5151515151515151,24.242424242424242,0.0625,0.20454545454545456,0.1635,304.0,0.13333333333333333,0.42,0.167,10.0,1.0,5.0,66.0,66.0,60.0,6.0,3.0,0.0,6.0,0.215,0.267,1.0,0,3.0,,16.0,5,1,1.0,1.0,,2.8852459016393444,3.1999999999999993
2002,PL,大阪近鉄バファローズ,41245111,宮本　大輔,D.Miyamoto,35.0,0.0,0.0,0.0,0.0,0.0,0.0,0.0,0.0,0.0,0.0,0,0.0,0.0,0.0,0,0.0,0.0,0.0,,,,0.0,0.0,0.0,0.0,,nan,nan,nan,nan,0.0,0.0,nan,nan,,0.0,0.0,0.0,35.0,0.0,0.0,0.0,0.0,0.0,0.0,,,0.0,0,0.0,,0.0,0.0,0,0.0,0.0,,nan,0.0
2002,PL,埼玉西武ライオンズ,41245113,帆足　和幸,K.Hoashi,3.0,0.0,0.0,0.0,0.0,0.0,0.0,0.0,0.0,0.0,0.0,0,0.0,0.0,0.0,0,0.0,0.0,0.0,,,,0.0,0.0,0.0,0.0,,nan,nan,nan,nan,0.0,0.0,nan,nan,,0.0,0.0,0.0,3.0,0.0,0.0,0.0,0.0,0.0,0.0,,,0.0,0,0.0,,0.0,0.0,0,0.0,0.0,,nan,0.0
2002,PL,オリックス・バファローズ,41245115,肥田　高志,T.Hida,5.0,4.0,4.0,0.0,0.0,0.0,0.0,0.0,0.0,0.0,0.0,0,0.0,0.0,0.0,0,0.0,1.0,0.0,0.0,0.0,0.0,0.0,0.0,0.0,0.0,0.0,0.0,25.0,0.0,0.0,0.0,0.0,0.0,0.0,0.0,0.0,0.0,0.0,5.0,4.0,4.0,0.0,0.0,0.0,0.0,0.0,0.0,0.0,0,0.0,,0.0,0.0,0,0.0,0.0,,0.0,-0.392
2002,PL,福岡ソフトバンクホークス,41343884,岡本　劼能,K.Okamoto,48.0,0.0,0.0,0.0,0.0,0.0,0.0,0.0,0.0,0.0,0.0,0,0.0,0.0,0.0,0,0.0,0.0,0.0,,,,0.0,0.0,0.0,0.0,,nan,nan,nan,nan,0.0,0.0,nan,nan,,0.0,0.0,0.0,48.0,0.0,0.0,0.0,0.0,0.0,0.0,,,0.0,0,0.0,,0.0,0.0,0,0.0,0.0,,nan,0.0
2002,PL,福岡ソフトバンクホークス,41345111,川﨑　宗則,M.Kawasaki,36.0,122.0,112.0,13.0,26.0,4.0,5.0,0.0,40.0,8.0,3,2,6.0,0.0,4.0,0,0.0,21.0,1.0,0.232,0.259,0.357,0.616,17.0,0.12499999999999997,0.026999999999999996,0.384,3.278688524590164,17.21311475409836,0.19047619047619047,0.2857142857142857,0.20579999999999998,378.0,0.17857142857142858,0.5287356321839081,0.232,26.0,0.0,8.0,36.0,122.0,112.0,17.0,4.0,5.0,13.0,0.259,0.357,4.0,0,0.0,,40.0,3,2,6.0,0.0,,10.344827586206897,9.831999999999997
2002,PL,オリックス・バファローズ,41345113,大久保　勝信,M.Ookubo,28.0,0.0,0.0,0.0,0.0,0.0,0.0,0.0,0.0,0.0,0.0,0,0.0,0.0,0.0,0,0.0,0.0,0.0,,,,0.0,0.0,0.0,0.0,,nan,nan,nan,nan,0.0,0.0,nan,nan,,0.0,0.0,0.0,28.0,0.0,0.0,0.0,0.0,0.0,0.0,,,0.0,0,0.0,,0.0,0.0,0,0.0,0.0,,nan,0.0
2002,PL,北海道日本ハムファイターズ,41345115,江尻　慎太郎,S.Ejiri,2.0,0.0,0.0,0.0,0.0,0.0,0.0,0.0,0.0,0.0,0.0,0,0.0,0.0,0.0,0,0.0,0.0,0.0,,,,0.0,0.0,0.0,0.0,,nan,nan,nan,nan,0.0,0.0,nan,nan,,0.0,0.0,0.0,2.0,0.0,0.0,0.0,0.0,0.0,0.0,,,0.0,0,0.0,,0.0,0.0,0,0.0,0.0,,nan,0.0
2002,PL,大阪近鉄バファローズ,41443886,吉川　元浩,M.Yoshikawa,2.0,6.0,5.0,0.0,0.0,0.0,0.0,0.0,0.0,0.0,0.0,0,0.0,0.0,1.0,0,0.0,1.0,0.0,0.0,0.167,0.0,0.167,0.0,0.0,0.167,0.167,16.666666666666664,16.666666666666664,1.0,0.0,0.07515000000000001,167.0,0.2,0.2,0.0,0.0,0.0,0.0,2.0,6.0,5.0,0.0,0.0,0.0,0.0,0.167,0.0,1.0,0,0.0,,0.0,0.0,0,0.0,0.0,,0.0,-0.15999999999999998
2002,PL,福岡ソフトバンクホークス,41445113,秋親,A.Akichika（yamada,18.0,0.0,0.0,0.0,0.0,0.0,0.0,0.0,0.0,0.0,0.0,0,0.0,0.0,0.0,0,0.0,0.0,0.0,,,,0.0,0.0,0.0,0.0,,nan,nan,nan,nan,0.0,0.0,nan,nan,,0.0,0.0,0.0,18.0,0.0,0.0,0.0,0.0,0.0,0.0,,,0.0,0,0.0,,0.0,0.0,0,0.0,0.0,,nan,0.0
2002,PL,千葉ロッテマリーンズ,41445115,丸山　泰嗣,T.Maruyama,5.0,3.0,3.0,1.0,0.0,0.0,0.0,0.0,0.0,0.0,0.0,0,0.0,0.0,0.0,0,0.0,1.0,0.0,0.0,0.0,0.0,0.0,0.0,0.0,0.0,0.0,0.0,33.33333333333333,0.0,0.0,0.0,0.0,0.0,0.0,0.0,0.0,0.0,0.0,5.0,3.0,3.0,0.0,0.0,0.0,1.0,0.0,0.0,0.0,0,0.0,,0.0,0.0,0,0.0,0.0,,0.0,-0.29400000000000004
2002,PL,大阪近鉄バファローズ,41543866,盛田　幸妃,K.Morita,2.0,0.0,0.0,0.0,0.0,0.0,0.0,0.0,0.0,0.0,0.0,0,0.0,0.0,0.0,0,0.0,0.0,0.0,,,,0.0,0.0,0.0,0.0,,nan,nan,nan,nan,0.0,0.0,nan,nan,,0.0,0.0,0.0,2.0,0.0,0.0,0.0,0.0,0.0,0.0,,,0.0,0,0.0,,0.0,0.0,0,0.0,0.0,,nan,0.0
2002,PL,北海道日本ハムファイターズ,41543880,櫻井　幸博,Y.Sakurai,6.0,0.0,0.0,0.0,0.0,0.0,0.0,0.0,0.0,0.0,0.0,0,0.0,0.0,0.0,0,0.0,0.0,0.0,,,,0.0,0.0,0.0,0.0,,nan,nan,nan,nan,0.0,0.0,nan,nan,,0.0,0.0,0.0,6.0,0.0,0.0,0.0,0.0,0.0,0.0,,,0.0,0,0.0,,0.0,0.0,0,0.0,0.0,,nan,0.0
2002,PL,千葉ロッテマリーンズ,41543884,小坂　誠,M.Kosaka,93.0,380.0,334.0,35.0,82.0,13.0,6.0,1.0,110.0,15.0,11,3,18.0,0.0,26.0,0,1.0,54.0,2.0,0.246,0.302,0.329,0.631,62.0,0.08300000000000002,0.055999999999999994,0.385,6.842105263157896,14.210526315789473,0.48148148148148145,0.2903225806451613,0.21815,411.6666666666667,0.17065868263473055,0.5511811023622047,0.246,82.0,1.0,15.0,93.0,380.0,334.0,62.0,13.0,6.0,35.0,0.302,0.329,26.0,0,1.0,,110.0,11,3,18.0,0.0,,33.0,32.794
2002,PL,福岡ソフトバンクホークス,41543889,佐藤　誠,M.Satou,7.0,0.0,0.0,0.0,0.0,0.0,0.0,0.0,0.0,0.0,0.0,0,0.0,0.0,0.0,0,0.0,0.0,0.0,,,,0.0,0.0,0.0,0.0,,nan,nan,nan,nan,0.0,0.0,nan,nan,,0.0,0.0,0.0,7.0,0.0,0.0,0.0,0.0,0.0,0.0,,,0.0,0,0.0,,0.0,0.0,0,0.0,0.0,,nan,0.0
2002,PL,千葉ロッテマリーンズ,41545111,清水　直行,N.Shimizu,31.0,0.0,0.0,0.0,0.0,0.0,0.0,0.0,0.0,0.0,0.0,0,0.0,0.0,0.0,0,0.0,0.0,0.0,,,,0.0,0.0,0.0,0.0,,nan,nan,nan,nan,0.0,0.0,nan,nan,,0.0,0.0,0.0,31.0,0.0,0.0,0.0,0.0,0.0,0.0,,,0.0,0,0.0,,0.0,0.0,0,0.0,0.0,,nan,0.0
2002,PL,大阪近鉄バファローズ,41643883,水口　栄二,E.Mizuguchi,94.0,363.0,314.0,48.0,80.0,12.0,0.0,5.0,107.0,23.0,0,1,26.0,1.0,20.0,0,2.0,43.0,2.0,0.255,0.303,0.341,0.644,63.0,0.08600000000000002,0.04799999999999999,0.389,5.5096418732782375,11.84573002754821,0.46511627906976744,0.2808988764044944,0.22160000000000002,416.6666666666667,0.15286624203821655,0.5508474576271186,0.255,80.0,5.0,23.0,94.0,363.0,314.0,63.0,12.0,0.0,48.0,0.303,0.341,20.0,0,2.0,,107.0,0,1,26.0,1.0,,32.035928143712574,31.848
2002,PL,埼玉西武ライオンズ,41645113,A.カブレラ,A.Cabrera,128.0,559.0,447.0,105.0,150.0,23.0,0.0,55.0,338.0,115.0,4,1,0.0,1.0,100.0,0,11.0,117.0,2.0,0.336,0.467,0.756,1.223,72.0,0.42,0.131,0.887,17.88908765652952,20.930232558139537,0.8547008547008547,0.3442028985507246,0.39915,719.0000000000001,0.6465324384787472,1.5050167224080269,0.336,150.0,55.0,115.0,128.0,559.0,447.0,72.0,23.0,0.0,105.0,0.467,0.756,100.0,0,11.0,,338.0,4,1,0.0,1.0,,154.47897623400365,139.464
2002,PL,北海道日本ハムファイターズ,41743862,田中　幸雄,Y.Tanaka,132.0,514.0,467.0,57.0,130.0,31.0,4.0,17.0,220.0,53.0,0,2,5.0,2.0,37.0,0,3.0,102.0,13.0,0.278,0.334,0.471,0.8049999999999999,78.0,0.19299999999999995,0.055999999999999994,0.5269999999999999,7.198443579766536,19.844357976653697,0.3627450980392157,0.32285714285714284,0.26805,491.0,0.2762312633832976,0.7485714285714286,0.278,130.0,17.0,53.0,132.0,514.0,467.0,78.0,31.0,4.0,57.0,0.334,0.471,37.0,0,3.0,,220.0,0,2,5.0,2.0,,72.89682539682539,70.494
2002,PL,福岡ソフトバンクホークス,41743882,土井　雅弘,M.Doi,1.0,0.0,0.0,0.0,0.0,0.0,0.0,0.0,0.0,0.0,0.0,0,0.0,0.0,0.0,0,0.0,0.0,0.0,,,,0.0,0.0,0.0,0.0,,nan,nan,nan,nan,0.0,0.0,nan,nan,,0.0,0.0,0.0,1.0,0.0,0.0,0.0,0.0,0.0,0.0,,,0.0,0,0.0,,0.0,0.0,0,0.0,0.0,,nan,0.0
2002,PL,大阪近鉄バファローズ,41743886,高須　洋介,Y.Takasu,69.0,215.0,192.0,17.0,49.0,14.0,2.0,2.0,73.0,16.0,3,1,15.0,1.0,6.0,0,1.0,34.0,5.0,0.255,0.28,0.38,0.66,31.0,0.125,0.025000000000000022,0.405,2.7906976744186047,15.813953488372093,0.17647058823529413,0.29936305732484075,0.22100000000000003,406.66666666666674,0.16145833333333334,0.5472972972972973,0.255,49.0,2.0,16.0,69.0,215.0,192.0,31.0,14.0,2.0,17.0,0.28,0.38,6.0,0,1.0,,73.0,3,1,15.0,1.0,,20.27777777777778,19.01599999999999
2002,PL,北海道日本ハムファイターズ,41743888,立石　尚行,N.Tateishi,8.0,0.0,0.0,0.0,0.0,0.0,0.0,0.0,0.0,0.0,0.0,0,0.0,0.0,0.0,0,0.0,0.0,0.0,,,,0.0,0.0,0.0,0.0,,nan,nan,nan,nan,0.0,0.0,nan,nan,,0.0,0.0,0.0,8.0,0.0,0.0,0.0,0.0,0.0,0.0,,,0.0,0,0.0,,0.0,0.0,0,0.0,0.0,,nan,0.0
2002,PL,千葉ロッテマリーンズ,41843886,N.ミンチー,N.Minchey,32.0,0.0,0.0,0.0,0.0,0.0,0.0,0.0,0.0,0.0,0.0,0,0.0,0.0,0.0,0,0.0,0.0,0.0,,,,0.0,0.0,0.0,0.0,,nan,nan,nan,nan,0.0,0.0,nan,nan,,0.0,0.0,0.0,32.0,0.0,0.0,0.0,0.0,0.0,0.0,,,0.0,0,0.0,,0.0,0.0,0,0.0,0.0,,nan,0.0
2002,PL,福岡ソフトバンクホークス,41845115,M.バークハート,M.Burkhart,42.0,140.0,126.0,14.0,27.0,1.0,0.0,9.0,55.0,18.0,0.0,0,0.0,0.0,9.0,0,5.0,40.0,3.0,0.214,0.293,0.437,0.73,17.0,0.223,0.07899999999999999,0.516,6.428571428571428,28.57142857142857,0.225,0.23376623376623376,0.24109999999999998,438.66666666666663,0.29365079365079366,0.6764705882352942,0.214,27.0,9.0,18.0,42.0,140.0,126.0,17.0,1.0,0.0,14.0,0.293,0.437,9.0,0,5.0,,55.0,0.0,0,0.0,0.0,,14.666666666666666,17.098
2002,PL,オリックス・バファローズ,41943864,藤井　康雄,Y.Fujii,53.0,122.0,109.0,2.0,18.0,4.0,0.0,1.0,25.0,6.0,0,1,0.0,1.0,10.0,0,2.0,36.0,3.0,0.165,0.246,0.229,0.475,13.0,0.064,0.08099999999999999,0.31,8.19672131147541,29.508196721311474,0.2777777777777778,0.2328767123287671,0.16795000000000002,322.33333333333337,0.1651376146788991,0.40425531914893614,0.165,18.0,1.0,6.0,53.0,122.0,109.0,13.0,4.0,0.0,2.0,0.246,0.229,10.0,0,2.0,,25.0,0,1,0.0,1.0,,5.882352941176471,6.041999999999996
2002,PL,北海道日本ハムファイターズ,41943868,藤島　誠剛,S.Fujishima,47.0,140.0,127.0,15.0,29.0,3.0,0.0,5.0,47.0,23.0,3,0,2.0,3.0,8.0,0,0.0,38.0,3.0,0.228,0.268,0.37,0.638,21.0,0.142,0.04000000000000001,0.41,5.714285714285714,27.142857142857142,0.21052631578947367,0.27586206896551724,0.2131,391.33333333333337,0.2047244094488189,0.5445544554455446,0.228,29.0,5.0,23.0,47.0,140.0,127.0,21.0,3.0,0.0,15.0,0.268,0.37,8.0,0,0.0,,47.0,3,0,2.0,3.0,,12.881481481481481,12.895999999999999
2002,PL,埼玉西武ライオンズ,41943882,原井　和也,K.Harai,25.0,16.0,11.0,3.0,2.0,0.0,0.0,0.0,2.0,0.0,0.0,0,3.0,0.0,2.0,0,0.0,1.0,2.0,0.182,0.308,0.182,0.49,2.0,0.0,0.126,0.308,12.5,6.25,2.0,0.2,0.18409999999999999,368.66666666666663,0.18181818181818182,0.36363636363636365,0.182,2.0,0.0,0.0,25.0,16.0,11.0,2.0,0.0,0.0,3.0,0.308,0.182,2.0,0,0.0,,2.0,0.0,0,3.0,0.0,,0.6153846153846154,0.7780000000000001
2002,PL,埼玉西武ライオンズ,41943883,犬伏　稔昌,T.Inubushi,74.0,151.0,140.0,17.0,43.0,8.0,2.0,3.0,64.0,24.0,0.0,0,0.0,1.0,9.0,0,1.0,31.0,3.0,0.307,0.351,0.457,0.808,30.0,0.15000000000000002,0.043999999999999984,0.501,5.960264900662252,20.52980132450331,0.2903225806451613,0.37383177570093457,0.2722,503.3333333333333,0.21428571428571427,0.74,0.307,43.0,3.0,24.0,74.0,151.0,140.0,30.0,8.0,2.0,17.0,0.351,0.457,9.0,0,1.0,,64.0,0.0,0,0.0,1.0,,22.335570469798657,20.953999999999997
2002,PL,オリックス・バファローズ,41943887,戸叶　尚,H.Tokano,12.0,0.0,0.0,0.0,0.0,0.0,0.0,0.0,0.0,0.0,0.0,0,0.0,0.0,0.0,0,0.0,0.0,0.0,,,,0.0,0.0,0.0,0.0,,nan,nan,nan,nan,0.0,0.0,nan,nan,,0.0,0.0,0.0,12.0,0.0,0.0,0.0,0.0,0.0,0.0,,,0.0,0,0.0,,0.0,0.0,0,0.0,0.0,,nan,0.0
2002,PL,大阪近鉄バファローズ,43345113,J.パウエル,J.Powell,32.0,0.0,0.0,0.0,0.0,0.0,0.0,0.0,0.0,0.0,0.0,0,0.0,0.0,0.0,0,0.0,0.0,0.0,,,,0.0,0.0,0.0,0.0,,nan,nan,nan,nan,0.0,0.0,nan,nan,,0.0,0.0,0.0,32.0,0.0,0.0,0.0,0.0,0.0,0.0,,,0.0,0,0.0,,0.0,0.0,0,0.0,0.0,,nan,0.0
2002,PL,千葉ロッテマリーンズ,43843868,平井　光親,M.Hirai,1.0,1.0,1.0,0.0,1.0,1.0,0.0,0.0,2.0,1.0,0.0,0,0.0,0.0,0.0,0,0.0,0.0,0.0,1.0,1.0,2.0,3.0,0.0,1.0,0.0,2.0,0.0,0.0,nan,1.0,0.95,1666.6666666666665,1.0,nan,1.0,1.0,0.0,1.0,1.0,1.0,1.0,0.0,1.0,0.0,0.0,1.0,2.0,0.0,0,0.0,,2.0,0.0,0,0.0,0.0,,2.0,0.72
2002,PL,千葉ロッテマリーンズ,47143868,大村　巌,I.Oomura,4.0,4.0,4.0,0.0,0.0,0.0,0.0,0.0,0.0,0.0,0.0,0,0.0,0.0,0.0,0,0.0,1.0,1.0,0.0,0.0,0.0,0.0,0.0,0.0,0.0,0.0,0.0,25.0,0.0,0.0,0.0,0.0,0.0,0.0,0.0,0.0,0.0,0.0,4.0,4.0,4.0,0.0,0.0,0.0,0.0,0.0,0.0,0.0,0,0.0,,0.0,0.0,0,0.0,0.0,,0.0,-0.392
2002,PL,埼玉西武ライオンズ,51053886,土肥　義弘,Y.Doi,50.0,0.0,0.0,0.0,0.0,0.0,0.0,0.0,0.0,0.0,0.0,0,0.0,0.0,0.0,0,0.0,0.0,0.0,,,,0.0,0.0,0.0,0.0,,nan,nan,nan,nan,0.0,0.0,nan,nan,,0.0,0.0,0.0,50.0,0.0,0.0,0.0,0.0,0.0,0.0,,,0.0,0,0.0,,0.0,0.0,0,0.0,0.0,,nan,0.0
2002,PL,大阪近鉄バファローズ,51053888,藤井　彰人,A.Fujii,53.0,89.0,85.0,5.0,19.0,4.0,1.0,0.0,25.0,5.0,0.0,0,1.0,0.0,3.0,0,0.0,19.0,1.0,0.224,0.25,0.294,0.544,14.0,0.06999999999999998,0.025999999999999995,0.3199999999999999,3.3707865168539324,21.34831460674157,0.15789473684210525,0.2878787878787879,0.186,348.0,0.10588235294117647,0.417910447761194,0.224,19.0,0.0,5.0,53.0,89.0,85.0,14.0,4.0,1.0,5.0,0.25,0.294,3.0,0,0.0,,25.0,0.0,0,1.0,0.0,,6.25,5.441999999999998
2002,PL,千葉ロッテマリーンズ,51055113,長崎　伸一,S.Nagasaki,2.0,0.0,0.0,0.0,0.0,0.0,0.0,0.0,0.0,0.0,0.0,0,0.0,0.0,0.0,0,0.0,0.0,0.0,,,,0.0,0.0,0.0,0.0,,nan,nan,nan,nan,0.0,0.0,nan,nan,,0.0,0.0,0.0,2.0,0.0,0.0,0.0,0.0,0.0,0.0,,,0.0,0,0.0,,0.0,0.0,0,0.0,0.0,,nan,0.0
2002,PL,福岡ソフトバンクホークス,51153863,秋山　幸二,K.Akiyama,76.0,244.0,229.0,14.0,57.0,7.0,0.0,5.0,79.0,24.0,0,2,4.0,2.0,9.0,0,0.0,45.0,10.0,0.249,0.275,0.345,0.62,45.0,0.09599999999999997,0.026000000000000023,0.371,3.6885245901639343,18.442622950819672,0.2,0.287292817679558,0.21000000000000002,390.0,0.14410480349344978,0.4945054945054945,0.249,57.0,5.0,24.0,76.0,244.0,229.0,45.0,7.0,0.0,14.0,0.275,0.345,9.0,0,0.0,,79.0,0,2,4.0,2.0,,21.907563025210084,21.21399999999999
2002,PL,北海道日本ハムファイターズ,51153882,荒井　修光,N.Arai,15.0,13.0,13.0,1.0,3.0,1.0,0.0,0.0,4.0,0.0,0.0,0,0.0,0.0,0.0,0,0.0,5.0,1.0,0.231,0.231,0.308,0.539,2.0,0.07699999999999999,0.0,0.308,0.0,38.46153846153847,0.0,0.375,0.18095,333.6666666666667,0.07692307692307693,0.36363636363636365,0.231,3.0,0.0,0.0,15.0,13.0,13.0,2.0,1.0,0.0,1.0,0.231,0.308,0.0,0,0.0,,4.0,0.0,0,0.0,0.0,,0.9230769230769231,0.74
2002,PL,福岡ソフトバンクホークス,51153884,井口　資仁,T.Iguchi,114.0,472.0,428.0,64.0,111.0,14.0,1.0,18.0,181.0,53.0,21,7,5.0,2.0,27.0,0,10.0,84.0,8.0,0.259,0.317,0.423,0.74,78.0,0.16399999999999998,0.057999999999999996,0.481,5.720338983050848,17.796610169491526,0.32142857142857145,0.28353658536585363,0.2484,457.99999999999994,0.24299065420560748,0.6923076923076923,0.259,111.0,18.0,53.0,114.0,472.0,428.0,78.0,14.0,1.0,64.0,0.317,0.423,27.0,0,10.0,,181.0,21,7,5.0,2.0,,54.89670329670329,58.444
2002,PL,埼玉西武ライオンズ,51153888,赤田　将吾,S.Akada,37.0,62.0,57.0,4.0,9.0,1.0,0.0,1.0,13.0,2.0,3,1,4.0,0.0,1.0,0,0.0,17.0,2.0,0.158,0.172,0.228,0.4,7.0,0.07,0.013999999999999985,0.242,1.6129032258064515,27.419354838709676,0.058823529411764705,0.20512820512820512,0.1344,248.0,0.10526315789473684,0.3,0.158,9.0,1.0,2.0,37.0,62.0,57.0,7.0,1.0,0.0,4.0,0.172,0.228,1.0,0,0.0,,13.0,3,1,4.0,0.0,,2.2413793103448274,1.4659999999999993
2002,PL,北海道日本ハムファイターズ,51153889,井出　竜也,T.Ide,120.0,421.0,376.0,44.0,85.0,22.0,1.0,13.0,148.0,38.0,5,3,4.0,5.0,30.0,0,6.0,94.0,6.0,0.226,0.29,0.394,0.6839999999999999,49.0,0.168,0.06399999999999997,0.4579999999999999,7.1258907363420425,22.327790973871732,0.3191489361702128,0.26277372262773724,0.229,421.3333333333333,0.2553191489361702,0.6296296296296297,0.226,85.0,13.0,38.0,120.0,421.0,376.0,49.0,22.0,1.0,44.0,0.29,0.394,30.0,0,6.0,,148.0,5,3,4.0,5.0,,41.92118226600985,44.00200000000001
2002,PL,大阪近鉄バファローズ,51155113,愛敬　尚史,H.Aikyou,18.0,0.0,0.0,0.0,0.0,0.0,0.0,0.0,0.0,0.0,0.0,0,0.0,0.0,0.0,0,0.0,0.0,0.0,,,,0.0,0.0,0.0,0.0,,nan,nan,nan,nan,0.0,0.0,nan,nan,,0.0,0.0,0.0,18.0,0.0,0.0,0.0,0.0,0.0,0.0,,,0.0,0,0.0,,0.0,0.0,0,0.0,0.0,,nan,0.0
2002,PL,オリックス・バファローズ,51253864,山崎　慎太郎,S.Yamasaki,7.0,0.0,0.0,0.0,0.0,0.0,0.0,0.0,0.0,0.0,0.0,0,0.0,0.0,0.0,0,0.0,0.0,0.0,,,,0.0,0.0,0.0,0.0,,nan,nan,nan,nan,0.0,0.0,nan,nan,,0.0,0.0,0.0,7.0,0.0,0.0,0.0,0.0,0.0,0.0,,,0.0,0,0.0,,0.0,0.0,0,0.0,0.0,,nan,0.0
2002,PL,大阪近鉄バファローズ,51253866,吉田　豊彦,T.Yoshida,42.0,0.0,0.0,0.0,0.0,0.0,0.0,0.0,0.0,0.0,0.0,0,0.0,0.0,0.0,0,0.0,0.0,0.0,,,,0.0,0.0,0.0,0.0,,nan,nan,nan,nan,0.0,0.0,nan,nan,,0.0,0.0,0.0,42.0,0.0,0.0,0.0,0.0,0.0,0.0,,,0.0,0,0.0,,0.0,0.0,0,0.0,0.0,,nan,0.0
2002,PL,大阪近鉄バファローズ,51253882,武藤　孝司,T.Mutou,18.0,23.0,21.0,1.0,4.0,0.0,0.0,0.0,4.0,1.0,1,0,2.0,0.0,0.0,0,0.0,2.0,0.0,0.19,0.19,0.19,0.38,4.0,0.0,0.0,0.19,0.0,8.695652173913043,0.0,0.21052631578947367,0.133,253.33333333333334,0.0,0.23529411764705882,0.19,4.0,0.0,1.0,18.0,23.0,21.0,4.0,0.0,0.0,1.0,0.19,0.19,0.0,0,0.0,,4.0,1,0,2.0,0.0,,0.7619047619047619,0.33399999999999985
2002,PL,大阪近鉄バファローズ,51353882,岡本　晃,A.Okamoto,65.0,0.0,0.0,0.0,0.0,0.0,0.0,0.0,0.0,0.0,0.0,0,0.0,0.0,0.0,0,0.0,0.0,0.0,,,,0.0,0.0,0.0,0.0,,nan,nan,nan,nan,0.0,0.0,nan,nan,,0.0,0.0,0.0,65.0,0.0,0.0,0.0,0.0,0.0,0.0,,,0.0,0,0.0,,0.0,0.0,0,0.0,0.0,,nan,0.0
2002,PL,オリックス・バファローズ,51353887,大島　公一,K.Ooshima,116.0,454.0,374.0,32.0,86.0,12.0,0.0,1.0,101.0,25.0,13,3,32.0,1.0,44.0,0,3.0,70.0,1.0,0.23,0.315,0.27,0.585,73.0,0.04000000000000001,0.08499999999999999,0.355,9.691629955947137,15.418502202643172,0.6285714285714286,0.27960526315789475,0.20925000000000002,405.0,0.1657754010695187,0.5224913494809689,0.23,86.0,1.0,25.0,116.0,454.0,374.0,73.0,12.0,0.0,32.0,0.315,0.27,44.0,0,3.0,,101.0,13,3,32.0,1.0,,31.411483253588518,34.406000000000006
2002,PL,北海道日本ハムファイターズ,51355113,井場　友和,T.Iba,45.0,0.0,0.0,0.0,0.0,0.0,0.0,0.0,0.0,0.0,0.0,0,0.0,0.0,0.0,0,0.0,0.0,0.0,,,,0.0,0.0,0.0,0.0,,nan,nan,nan,nan,0.0,0.0,nan,nan,,0.0,0.0,0.0,45.0,0.0,0.0,0.0,0.0,0.0,0.0,,,0.0,0,0.0,,0.0,0.0,0,0.0,0.0,,nan,0.0
2002,PL,埼玉西武ライオンズ,51455113,三井　浩二,K.Mitsui,41.0,0.0,0.0,0.0,0.0,0.0,0.0,0.0,0.0,0.0,0.0,0,0.0,0.0,0.0,0,0.0,0.0,0.0,,,,0.0,0.0,0.0,0.0,,nan,nan,nan,nan,0.0,0.0,nan,nan,,0.0,0.0,0.0,41.0,0.0,0.0,0.0,0.0,0.0,0.0,,,0.0,0,0.0,,0.0,0.0,0,0.0,0.0,,nan,0.0
2002,PL,福岡ソフトバンクホークス,51553882,佐久本　昌広,M.Sakumoto,7.0,0.0,0.0,0.0,0.0,0.0,0.0,0.0,0.0,0.0,0.0,0,0.0,0.0,0.0,0,0.0,0.0,0.0,,,,0.0,0.0,0.0,0.0,,nan,nan,nan,nan,0.0,0.0,nan,nan,,0.0,0.0,0.0,7.0,0.0,0.0,0.0,0.0,0.0,0.0,,,0.0,0,0.0,,0.0,0.0,0,0.0,0.0,,nan,0.0
2002,PL,埼玉西武ライオンズ,51555111,後藤　光貴,M.Gotou,16.0,0.0,0.0,0.0,0.0,0.0,0.0,0.0,0.0,0.0,0.0,0,0.0,0.0,0.0,0,0.0,0.0,0.0,,,,0.0,0.0,0.0,0.0,,nan,nan,nan,nan,0.0,0.0,nan,nan,,0.0,0.0,0.0,16.0,0.0,0.0,0.0,0.0,0.0,0.0,,,0.0,0,0.0,,0.0,0.0,0,0.0,0.0,,nan,0.0
2002,PL,オリックス・バファローズ,51555115,小川　裕介,Y.Ogawa,3.0,0.0,0.0,0.0,0.0,0.0,0.0,0.0,0.0,0.0,0.0,0,0.0,0.0,0.0,0,0.0,0.0,0.0,,,,0.0,0.0,0.0,0.0,,nan,nan,nan,nan,0.0,0.0,nan,nan,,0.0,0.0,0.0,3.0,0.0,0.0,0.0,0.0,0.0,0.0,,,0.0,0,0.0,,0.0,0.0,0,0.0,0.0,,nan,0.0
2002,PL,北海道日本ハムファイターズ,51655115,山口　弘佑,K.Yamaguchi,2.0,0.0,0.0,0.0,0.0,0.0,0.0,0.0,0.0,0.0,0.0,0,0.0,0.0,0.0,0,0.0,0.0,0.0,,,,0.0,0.0,0.0,0.0,,nan,nan,nan,nan,0.0,0.0,nan,nan,,0.0,0.0,0.0,2.0,0.0,0.0,0.0,0.0,0.0,0.0,,,0.0,0,0.0,,0.0,0.0,0,0.0,0.0,,nan,0.0
2002,PL,埼玉西武ライオンズ,51753864,デニー,T.Deni（deni,3.0,0.0,0.0,0.0,0.0,0.0,0.0,0.0,0.0,0.0,0.0,0,0.0,0.0,0.0,0,0.0,0.0,0.0,,,,0.0,0.0,0.0,0.0,,nan,nan,nan,nan,0.0,0.0,nan,nan,,0.0,0.0,0.0,3.0,0.0,0.0,0.0,0.0,0.0,0.0,,,0.0,0,0.0,,0.0,0.0,0,0.0,0.0,,nan,0.0
2002,PL,埼玉西武ライオンズ,51753880,高木　浩之,H.Takagi,130.0,446.0,404.0,52.0,110.0,12.0,1.0,1.0,127.0,37.0,11,1,11.0,0.0,26.0,0,5.0,26.0,7.0,0.272,0.324,0.314,0.638,96.0,0.04199999999999998,0.05199999999999999,0.366,5.829596412556054,5.829596412556054,1.0,0.2891246684350133,0.2243,428.6666666666667,0.10891089108910891,0.5282392026578073,0.272,110.0,1.0,37.0,130.0,446.0,404.0,96.0,12.0,1.0,52.0,0.324,0.314,26.0,0,5.0,,127.0,11,1,11.0,0.0,,40.16744186046512,40.718
2002,PL,北海道日本ハムファイターズ,51753888,實松　一成,K.Sanematsu,82.0,200.0,170.0,8.0,22.0,5.0,0.0,1.0,30.0,2.0,0,2,15.0,0.0,14.0,0,1.0,64.0,1.0,0.129,0.2,0.176,0.376,16.0,0.046999999999999986,0.07100000000000001,0.247,7.000000000000001,32.0,0.21875,0.2,0.134,258.66666666666663,0.1411764705882353,0.31543624161073824,0.129,22.0,1.0,2.0,82.0,200.0,170.0,16.0,5.0,0.0,8.0,0.2,0.176,14.0,0,1.0,,30.0,0,2,15.0,0.0,,5.869565217391305,3.8459999999999965
2002,PL,千葉ロッテマリーンズ,51853888,F.ボーリック,F.Bolick,61.0,255.0,211.0,27.0,43.0,11.0,0.0,6.0,72.0,24.0,0,1,0.0,3.0,39.0,0,2.0,54.0,8.0,0.204,0.329,0.341,0.67,26.0,0.13700000000000004,0.12500000000000003,0.4660000000000001,15.294117647058824,21.176470588235293,0.7222222222222222,0.24025974025974026,0.2333,442.6666666666667,0.32701421800947866,0.6477272727272727,0.204,43.0,6.0,24.0,61.0,255.0,211.0,26.0,11.0,0.0,27.0,0.329,0.341,39.0,0,2.0,,72.0,0,1,0.0,3.0,,23.616,26.806
2002,PL,オリックス・バファローズ,51855115,S.シェルドン,S.Sheldon,129.0,500.0,450.0,65.0,115.0,28.0,1.0,26.0,223.0,59.0,4,2,3.0,2.0,39.0,0,6.0,155.0,6.0,0.256,0.322,0.496,0.8180000000000001,60.0,0.24,0.066,0.562,7.8,31.0,0.25161290322580643,0.3284132841328413,0.26890000000000003,487.3333333333333,0.33111111111111113,0.7917888563049853,0.256,115.0,26.0,59.0,129.0,500.0,450.0,60.0,28.0,1.0,65.0,0.322,0.496,39.0,0,6.0,,223.0,4,2,3.0,2.0,,70.22903885480572,71.01999999999998
2002,PL,埼玉西武ライオンズ,51953880,西口　文也,F.Nishiguchi,29.0,0.0,0.0,0.0,0.0,0.0,0.0,0.0,0.0,0.0,0.0,0,0.0,0.0,0.0,0,0.0,0.0,0.0,,,,0.0,0.0,0.0,0.0,,nan,nan,nan,nan,0.0,0.0,nan,nan,,0.0,0.0,0.0,29.0,0.0,0.0,0.0,0.0,0.0,0.0,,,0.0,0,0.0,,0.0,0.0,0,0.0,0.0,,nan,0.0
2002,PL,千葉ロッテマリーンズ,51953881,椎木　匠,T.Shiigi,25.0,66.0,62.0,3.0,12.0,4.0,0.0,0.0,16.0,3.0,0.0,0,1.0,0.0,2.0,0,1.0,23.0,1.0,0.194,0.231,0.258,0.489,8.0,0.064,0.037000000000000005,0.295,3.0303030303030303,34.84848484848485,0.08695652173913043,0.3076923076923077,0.16845,317.0,0.0967741935483871,0.37254901960784315,0.194,12.0,0.0,3.0,25.0,66.0,62.0,8.0,4.0,0.0,3.0,0.231,0.258,2.0,0,1.0,,16.0,0.0,0,1.0,0.0,,3.5,2.9699999999999998
2002,PL,北海道日本ハムファイターズ,51953884,高橋　憲幸,N.Takahashi,9.0,0.0,0.0,0.0,0.0,0.0,0.0,0.0,0.0,0.0,0.0,0,0.0,0.0,0.0,0,0.0,0.0,0.0,,,,0.0,0.0,0.0,0.0,,nan,nan,nan,nan,0.0,0.0,nan,nan,,0.0,0.0,0.0,9.0,0.0,0.0,0.0,0.0,0.0,0.0,,,0.0,0,0.0,,0.0,0.0,0,0.0,0.0,,nan,0.0
2002,PL,福岡ソフトバンクホークス,51955111,瑞季,M.Mizuki（tanaka,10.0,8.0,8.0,0.0,1.0,1.0,0.0,0.0,2.0,1.0,0,1,0.0,0.0,0.0,0,0.0,1.0,0.0,0.125,0.125,0.25,0.375,0.0,0.125,0.0,0.25,0.0,12.5,0.0,0.14285714285714285,0.11875,208.33333333333331,0.25,0.42857142857142855,0.125,1.0,0.0,1.0,10.0,8.0,8.0,0.0,1.0,0.0,0.0,0.125,0.25,0.0,0,0.0,,2.0,0,1,0.0,0.0,,0.25,0.21399999999999986
2002,PL,オリックス・バファローズ,51955113,高見澤　考史,K.Takamizawa,62.0,171.0,154.0,20.0,43.0,8.0,1.0,4.0,65.0,26.0,1.0,1,3.0,1.0,11.0,0,2.0,44.0,2.0,0.279,0.333,0.422,0.755,30.0,0.14299999999999996,0.05399999999999999,0.476,6.432748538011696,25.730994152046783,0.25,0.3644859813084112,0.25535,473.6666666666667,0.22077922077922077,0.6991150442477876,0.279,43.0,4.0,26.0,62.0,171.0,154.0,30.0,8.0,1.0,20.0,0.333,0.422,11.0,0,2.0,,65.0,1.0,1,3.0,1.0,,21.272727272727273,21.151999999999994
2002,PL,埼玉西武ライオンズ,5303868,上田　浩明,H.Ueda,95.0,79.0,66.0,12.0,13.0,1.0,0.0,0.0,14.0,3.0,3.0,0,7.0,1.0,4.0,0,1.0,13.0,1.0,0.197,0.25,0.212,0.46199999999999997,12.0,0.014999999999999986,0.05299999999999999,0.265,5.063291139240507,16.455696202531644,0.3076923076923077,0.24074074074074073,0.1655,320.66666666666663,0.12121212121212122,0.4074074074074074,0.197,13.0,0.0,3.0,95.0,79.0,66.0,12.0,1.0,0.0,12.0,0.25,0.212,4.0,0,1.0,,14.0,3.0,0,7.0,1.0,,3.4,3.716
2002,PL,福岡ソフトバンクホークス,53153888,R.ペドラザ,R.Pedraza,34.0,0.0,0.0,0.0,0.0,0.0,0.0,0.0,0.0,0.0,0.0,0,0.0,0.0,0.0,0,0.0,0.0,0.0,,,,0.0,0.0,0.0,0.0,,nan,nan,nan,nan,0.0,0.0,nan,nan,,0.0,0.0,0.0,34.0,0.0,0.0,0.0,0.0,0.0,0.0,,,0.0,0,0.0,,0.0,0.0,0,0.0,0.0,,nan,0.0
2002,PL,福岡ソフトバンクホークス,61063884,松中　信彦,N.Matsunaka,136.0,561.0,485.0,75.0,126.0,23.0,1.0,28.0,235.0,83.0,1,2,0.0,7.0,52.0,0,17.0,80.0,12.0,0.26,0.348,0.485,0.833,74.0,0.22499999999999998,0.08799999999999997,0.573,9.269162210338681,14.260249554367203,0.65,0.2552083333333333,0.27785,509.66666666666663,0.33608247422680415,0.8247978436657682,0.26,126.0,28.0,83.0,136.0,561.0,485.0,74.0,23.0,1.0,75.0,0.348,0.485,52.0,0,17.0,,235.0,1,2,0.0,7.0,,77.89571694599627,82.868
2002,PL,埼玉西武ライオンズ,61163880,小関　竜也,T.Ozeki,135.0,569.0,487.0,59.0,153.0,35.0,1.0,4.0,202.0,50.0,15,12,43.0,4.0,25.0,0,10.0,59.0,1.0,0.314,0.357,0.415,0.772,113.0,0.10099999999999998,0.04299999999999998,0.4579999999999999,4.393673110720562,10.369068541300527,0.423728813559322,0.34813084112149534,0.26439999999999997,495.3333333333333,0.17659137577002054,0.7432835820895523,0.314,153.0,4.0,50.0,135.0,569.0,487.0,113.0,35.0,1.0,59.0,0.357,0.415,25.0,0,10.0,,202.0,15,12,43.0,4.0,,70.2265625,69.47800000000001
2002,PL,北海道日本ハムファイターズ,61163885,上田　佳範,Y.Ueda,25.0,31.0,28.0,2.0,1.0,0.0,0.0,0.0,1.0,0.0,0.0,0,1.0,0.0,2.0,0,0.0,8.0,1.0,0.036,0.1,0.036,0.136,1.0,0.0,0.064,0.1,6.451612903225806,25.806451612903224,0.25,0.05,0.054000000000000006,112.0,0.07142857142857142,0.10714285714285714,0.036,1.0,0.0,0.0,25.0,31.0,28.0,1.0,0.0,0.0,2.0,0.1,0.036,2.0,0,0.0,,1.0,0.0,0,1.0,0.0,,0.1,-1.4859999999999998
2002,PL,北海道日本ハムファイターズ,61163888,伊藤　剛,T.Itou,4.0,0.0,0.0,0.0,0.0,0.0,0.0,0.0,0.0,0.0,0.0,0,0.0,0.0,0.0,0,0.0,0.0,0.0,,,,0.0,0.0,0.0,0.0,,nan,nan,nan,nan,0.0,0.0,nan,nan,,0.0,0.0,0.0,4.0,0.0,0.0,0.0,0.0,0.0,0.0,,,0.0,0,0.0,,0.0,0.0,0,0.0,0.0,,nan,0.0
2002,PL,千葉ロッテマリーンズ,61163889,大塚　明,A.Ootsuka,43.0,89.0,86.0,6.0,16.0,5.0,1.0,1.0,26.0,6.0,2,0,1.0,0.0,2.0,0,0.0,19.0,1.0,0.186,0.205,0.302,0.507,9.0,0.11599999999999999,0.01899999999999999,0.3209999999999999,2.247191011235955,21.34831460674157,0.10526315789473684,0.22727272727272727,0.16775,305.66666666666663,0.13953488372093023,0.39436619718309857,0.186,16.0,1.0,6.0,43.0,89.0,86.0,9.0,5.0,1.0,6.0,0.205,0.302,2.0,0,0.0,,26.0,2,0,1.0,0.0,,5.318181818181818,4.38
2002,PL,福岡ソフトバンクホークス,61165115,飯島　一彦,K.Iijima,24.0,0.0,0.0,0.0,0.0,0.0,0.0,0.0,0.0,0.0,0.0,0,0.0,0.0,0.0,0,0.0,0.0,0.0,,,,0.0,0.0,0.0,0.0,,nan,nan,nan,nan,0.0,0.0,nan,nan,,0.0,0.0,0.0,24.0,0.0,0.0,0.0,0.0,0.0,0.0,,,0.0,0,0.0,,0.0,0.0,0,0.0,0.0,,nan,0.0
2002,PL,北海道日本ハムファイターズ,61263884,矢野　諭,S.Yano,1.0,0.0,0.0,0.0,0.0,0.0,0.0,0.0,0.0,0.0,0.0,0,0.0,0.0,0.0,0,0.0,0.0,0.0,,,,0.0,0.0,0.0,0.0,,nan,nan,nan,nan,0.0,0.0,nan,nan,,0.0,0.0,0.0,1.0,0.0,0.0,0.0,0.0,0.0,0.0,,,0.0,0,0.0,,0.0,0.0,0,0.0,0.0,,nan,0.0
2002,PL,オリックス・バファローズ,61265111,迎　祐一郎,Y.Mukae,20.0,20.0,14.0,3.0,2.0,0.0,0.0,0.0,2.0,0.0,1,0,3.0,0.0,1.0,0,2.0,6.0,0.0,0.143,0.294,0.143,0.43699999999999994,2.0,0.0,0.151,0.294,5.0,30.0,0.16666666666666666,0.25,0.16805,341.6666666666667,0.07142857142857142,0.4166666666666667,0.143,2.0,0.0,0.0,20.0,20.0,14.0,2.0,0.0,0.0,3.0,0.294,0.143,1.0,0,2.0,,2.0,1,0,3.0,0.0,,0.4,0.8139999999999998
2002,PL,オリックス・バファローズ,61265115,平野　恵一,K.Hirano,7.0,24.0,22.0,1.0,5.0,0.0,0.0,0.0,5.0,2.0,1,0,1.0,0.0,1.0,0,0.0,2.0,0.0,0.227,0.261,0.227,0.488,5.0,0.0,0.034,0.261,4.166666666666666,8.333333333333332,0.5,0.25,0.17420000000000002,336.6666666666667,0.045454545454545456,0.35294117647058826,0.227,5.0,0.0,2.0,7.0,24.0,22.0,5.0,0.0,0.0,1.0,0.261,0.227,1.0,0,0.0,,5.0,1,0,1.0,0.0,,1.3043478260869565,1.164
2002,PL,埼玉西武ライオンズ,61363868,清水　雅治,M.Shimizu,51.0,75.0,64.0,10.0,17.0,2.0,1.0,0.0,21.0,5.0,1.0,1,8.0,0.0,3.0,0,0.0,12.0,0.0,0.266,0.299,0.328,0.627,14.0,0.062,0.032999999999999974,0.361,4.0,16.0,0.25,0.3269230769230769,0.21655000000000002,408.3333333333333,0.125,0.5319148936170213,0.266,17.0,0.0,5.0,51.0,75.0,64.0,14.0,2.0,1.0,10.0,0.299,0.328,3.0,0,0.0,,21.0,1.0,1,8.0,0.0,,6.268656716417911,6.0440000000000005
2002,PL,千葉ロッテマリーンズ,61363883,山本　保司,Y.Yamamoto,15.0,7.0,5.0,0.0,0.0,0.0,0.0,0.0,0.0,0.0,0.0,0,0.0,0.0,1.0,0,1.0,1.0,0.0,0.0,0.286,0.0,0.286,0.0,0.0,0.286,0.286,14.285714285714285,14.285714285714285,1.0,0.0,0.12869999999999998,286.0,0.2,0.4,0.0,0.0,0.0,0.0,15.0,7.0,5.0,0.0,0.0,0.0,0.0,0.286,0.0,1.0,0,1.0,,0.0,0.0,0,0.0,0.0,,0.0,0.17000000000000004
2002,PL,オリックス・バファローズ,61363886,川口　知哉,T.Kawaguchi,7.0,0.0,0.0,0.0,0.0,0.0,0.0,0.0,0.0,0.0,0.0,0,0.0,0.0,0.0,0,0.0,0.0,0.0,,,,0.0,0.0,0.0,0.0,,nan,nan,nan,nan,0.0,0.0,nan,nan,,0.0,0.0,0.0,7.0,0.0,0.0,0.0,0.0,0.0,0.0,,,0.0,0,0.0,,0.0,0.0,0,0.0,0.0,,nan,0.0
2002,PL,埼玉西武ライオンズ,61365113,大沼　幸二,K.Oonuma,5.0,0.0,0.0,0.0,0.0,0.0,0.0,0.0,0.0,0.0,0.0,0,0.0,0.0,0.0,0,0.0,0.0,0.0,,,,0.0,0.0,0.0,0.0,,nan,nan,nan,nan,0.0,0.0,nan,nan,,0.0,0.0,0.0,5.0,0.0,0.0,0.0,0.0,0.0,0.0,,,0.0,0,0.0,,0.0,0.0,0,0.0,0.0,,nan,0.0
2002,PL,福岡ソフトバンクホークス,61463887,渡辺　正和,M.Watanabe,57.0,0.0,0.0,0.0,0.0,0.0,0.0,0.0,0.0,0.0,0.0,0,0.0,0.0,0.0,0,0.0,0.0,0.0,,,,0.0,0.0,0.0,0.0,,nan,nan,nan,nan,0.0,0.0,nan,nan,,0.0,0.0,0.0,57.0,0.0,0.0,0.0,0.0,0.0,0.0,,,0.0,0,0.0,,0.0,0.0,0,0.0,0.0,,nan,0.0
2002,PL,大阪近鉄バファローズ,61563882,関口　伊織,I.Sekiguchi,12.0,0.0,0.0,0.0,0.0,0.0,0.0,0.0,0.0,0.0,0.0,0,0.0,0.0,0.0,0,0.0,0.0,0.0,,,,0.0,0.0,0.0,0.0,,nan,nan,nan,nan,0.0,0.0,nan,nan,,0.0,0.0,0.0,12.0,0.0,0.0,0.0,0.0,0.0,0.0,,,0.0,0,0.0,,0.0,0.0,0,0.0,0.0,,nan,0.0
2002,PL,千葉ロッテマリーンズ,61563884,小林宏,H.Kobayashihiro（kobayashi,58.0,0.0,0.0,0.0,0.0,0.0,0.0,0.0,0.0,0.0,0.0,0,0.0,0.0,0.0,0,0.0,0.0,0.0,,,,0.0,0.0,0.0,0.0,,nan,nan,nan,nan,0.0,0.0,nan,nan,,0.0,0.0,0.0,58.0,0.0,0.0,0.0,0.0,0.0,0.0,,,0.0,0,0.0,,0.0,0.0,0,0.0,0.0,,nan,0.0
2002,PL,北海道日本ハムファイターズ,61563886,清水　章夫,A.Shimizu,18.0,0.0,0.0,0.0,0.0,0.0,0.0,0.0,0.0,0.0,0.0,0,0.0,0.0,0.0,0,0.0,0.0,0.0,,,,0.0,0.0,0.0,0.0,,nan,nan,nan,nan,0.0,0.0,nan,nan,,0.0,0.0,0.0,18.0,0.0,0.0,0.0,0.0,0.0,0.0,,,0.0,0,0.0,,0.0,0.0,0,0.0,0.0,,nan,0.0
2002,PL,千葉ロッテマリーンズ,61563888,小林　雅英,M.Kobayashi,43.0,0.0,0.0,0.0,0.0,0.0,0.0,0.0,0.0,0.0,0.0,0,0.0,0.0,0.0,0,0.0,0.0,0.0,,,,0.0,0.0,0.0,0.0,,nan,nan,nan,nan,0.0,0.0,nan,nan,,0.0,0.0,0.0,43.0,0.0,0.0,0.0,0.0,0.0,0.0,,,0.0,0,0.0,,0.0,0.0,0,0.0,0.0,,nan,0.0
2002,PL,北海道日本ハムファイターズ,61565111,正田　樹,I.Shouda,23.0,0.0,0.0,0.0,0.0,0.0,0.0,0.0,0.0,0.0,0.0,0,0.0,0.0,0.0,0,0.0,0.0,0.0,,,,0.0,0.0,0.0,0.0,,nan,nan,nan,nan,0.0,0.0,nan,nan,,0.0,0.0,0.0,23.0,0.0,0.0,0.0,0.0,0.0,0.0,,,0.0,0,0.0,,0.0,0.0,0,0.0,0.0,,nan,0.0
2002,PL,北海道日本ハムファイターズ,61565113,加藤　竜人,T.Katou,33.0,0.0,0.0,0.0,0.0,0.0,0.0,0.0,0.0,0.0,0.0,0,0.0,0.0,0.0,0,0.0,0.0,0.0,,,,0.0,0.0,0.0,0.0,,nan,nan,nan,nan,0.0,0.0,nan,nan,,0.0,0.0,0.0,33.0,0.0,0.0,0.0,0.0,0.0,0.0,,,0.0,0,0.0,,0.0,0.0,0,0.0,0.0,,nan,0.0
2002,PL,北海道日本ハムファイターズ,61763888,建山　義紀,Y.Tateyama,45.0,0.0,0.0,0.0,0.0,0.0,0.0,0.0,0.0,0.0,0.0,0,0.0,0.0,0.0,0,0.0,0.0,0.0,,,,0.0,0.0,0.0,0.0,,nan,nan,nan,nan,0.0,0.0,nan,nan,,0.0,0.0,0.0,45.0,0.0,0.0,0.0,0.0,0.0,0.0,,,0.0,0,0.0,,0.0,0.0,0,0.0,0.0,,nan,0.0
2002,PL,埼玉西武ライオンズ,61765111,高山　久,H.Takayama,34.0,84.0,76.0,5.0,14.0,4.0,0.0,1.0,21.0,9.0,1.0,1,0.0,0.0,6.0,0,2.0,25.0,0.0,0.184,0.262,0.276,0.538,9.0,0.09200000000000003,0.07800000000000001,0.354,7.142857142857142,29.761904761904763,0.24,0.26,0.1869,354.00000000000006,0.18421052631578946,0.4838709677419355,0.184,14.0,1.0,9.0,34.0,84.0,76.0,9.0,4.0,0.0,5.0,0.262,0.276,6.0,0,2.0,,21.0,1.0,1,0.0,0.0,,5.121951219512195,5.564
2002,PL,埼玉西武ライオンズ,61765113,佐藤　友亮,T.Satou,31.0,57.0,51.0,1.0,7.0,2.0,0.0,0.0,9.0,3.0,2,3,6.0,0.0,0.0,0,0.0,8.0,0.0,0.137,0.137,0.176,0.313,5.0,0.03899999999999998,0.0,0.176,0.0,14.035087719298245,0.0,0.16279069767441862,0.10565,195.66666666666669,0.09803921568627451,0.2727272727272727,0.137,7.0,0.0,3.0,31.0,57.0,51.0,5.0,2.0,0.0,1.0,0.137,0.176,0.0,0,0.0,,9.0,2,3,6.0,0.0,,1.2352941176470589,0.16800000000000015
2002,PL,北海道日本ハムファイターズ,61865111,C.ミラバル,C.Mirabal,18.0,0.0,0.0,0.0,0.0,0.0,0.0,0.0,0.0,0.0,0.0,0,0.0,0.0,0.0,0,0.0,0.0,0.0,,,,0.0,0.0,0.0,0.0,,nan,nan,nan,nan,0.0,0.0,nan,nan,,0.0,0.0,0.0,18.0,0.0,0.0,0.0,0.0,0.0,0.0,,,0.0,0,0.0,,0.0,0.0,0,0.0,0.0,,nan,0.0
2002,PL,福岡ソフトバンクホークス,61963882,日笠　雅人,M.Higasa,2.0,0.0,0.0,0.0,0.0,0.0,0.0,0.0,0.0,0.0,0.0,0,0.0,0.0,0.0,0,0.0,0.0,0.0,,,,0.0,0.0,0.0,0.0,,nan,nan,nan,nan,0.0,0.0,nan,nan,,0.0,0.0,0.0,2.0,0.0,0.0,0.0,0.0,0.0,0.0,,,0.0,0,0.0,,0.0,0.0,0,0.0,0.0,,nan,0.0
2002,PL,福岡ソフトバンクホークス,61963886,辻　武史,T.Tsuji,19.0,41.0,38.0,1.0,11.0,1.0,0.0,0.0,12.0,3.0,0,2,2.0,0.0,1.0,0,0.0,7.0,0.0,0.289,0.308,0.316,0.624,10.0,0.027000000000000024,0.019000000000000017,0.335,2.4390243902439024,17.073170731707318,0.14285714285714285,0.3548387096774194,0.21760000000000002,413.3333333333333,0.10526315789473684,0.5555555555555556,0.289,11.0,0.0,3.0,19.0,41.0,38.0,10.0,1.0,0.0,1.0,0.308,0.316,1.0,0,0.0,,12.0,0,2,2.0,0.0,,3.6923076923076925,3.7640000000000002
2002,PL,埼玉西武ライオンズ,61963887,豊田　清,K.Toyoda,57.0,0.0,0.0,0.0,0.0,0.0,0.0,0.0,0.0,0.0,0.0,0,0.0,0.0,0.0,0,0.0,0.0,0.0,,,,0.0,0.0,0.0,0.0,,nan,nan,nan,nan,0.0,0.0,nan,nan,,0.0,0.0,0.0,57.0,0.0,0.0,0.0,0.0,0.0,0.0,,,0.0,0,0.0,,0.0,0.0,0,0.0,0.0,,nan,0.0
2002,PL,オリックス・バファローズ,61963889,福留　宏紀,H.Fukutome,32.0,20.0,18.0,1.0,4.0,0.0,0.0,0.0,4.0,0.0,0.0,0,1.0,0.0,1.0,0,0.0,6.0,0.0,0.222,0.263,0.222,0.485,4.0,0.0,0.04100000000000001,0.263,5.0,30.0,0.16666666666666666,0.3333333333333333,0.17385,337.0,0.05555555555555555,0.35714285714285715,0.222,4.0,0.0,0.0,32.0,20.0,18.0,4.0,0.0,0.0,1.0,0.263,0.222,1.0,0,0.0,,4.0,0.0,0,1.0,0.0,,1.0526315789473684,0.958
2002,PL,埼玉西武ライオンズ,63165115,張　誌家,Z.Chan,19.0,0.0,0.0,0.0,0.0,0.0,0.0,0.0,0.0,0.0,0.0,0,0.0,0.0,0.0,0,0.0,0.0,0.0,,,,0.0,0.0,0.0,0.0,,nan,nan,nan,nan,0.0,0.0,nan,nan,,0.0,0.0,0.0,19.0,0.0,0.0,0.0,0.0,0.0,0.0,,,0.0,0,0.0,,0.0,0.0,0,0.0,0.0,,nan,0.0
2002,PL,千葉ロッテマリーンズ,63663868,福澤　洋一,Y.Fukuzawa,2.0,2.0,2.0,0.0,0.0,0.0,0.0,0.0,0.0,0.0,0.0,0,0.0,0.0,0.0,0,0.0,2.0,0.0,0.0,0.0,0.0,0.0,0.0,0.0,0.0,0.0,0.0,100.0,0.0,nan,0.0,0.0,0.0,0.0,0.0,0.0,0.0,0.0,2.0,2.0,2.0,0.0,0.0,0.0,0.0,0.0,0.0,0.0,0,0.0,,0.0,0.0,0,0.0,0.0,,0.0,-0.196
2002,PL,埼玉西武ライオンズ,71073884,古屋　剛,T.Furuya,22.0,31.0,27.0,3.0,7.0,0.0,0.0,1.0,10.0,3.0,2.0,2,0.0,0.0,3.0,0,1.0,10.0,0.0,0.259,0.355,0.37,0.725,6.0,0.11099999999999999,0.09599999999999997,0.4659999999999999,9.67741935483871,32.25806451612903,0.3,0.375,0.25225,478.3333333333333,0.2962962962962963,0.8,0.259,7.0,1.0,3.0,22.0,31.0,27.0,6.0,0.0,0.0,3.0,0.355,0.37,3.0,0,1.0,,10.0,2.0,2,0.0,0.0,,3.3333333333333335,4.16
2002,PL,福岡ソフトバンクホークス,71073886,永井　智浩,T.Nagai,17.0,0.0,0.0,0.0,0.0,0.0,0.0,0.0,0.0,0.0,0.0,0,0.0,0.0,0.0,0,0.0,0.0,0.0,,,,0.0,0.0,0.0,0.0,,nan,nan,nan,nan,0.0,0.0,nan,nan,,0.0,0.0,0.0,17.0,0.0,0.0,0.0,0.0,0.0,0.0,,,0.0,0,0.0,,0.0,0.0,0,0.0,0.0,,nan,0.0
2002,PL,オリックス・バファローズ,71073889,三輪　隆,T.Miwa,65.0,141.0,125.0,9.0,23.0,5.0,0.0,2.0,34.0,8.0,1.0,1,10.0,1.0,3.0,0,2.0,14.0,4.0,0.184,0.214,0.272,0.486,16.0,0.08800000000000002,0.03,0.302,2.127659574468085,9.929078014184398,0.21428571428571427,0.19090909090909092,0.1643,304.66666666666663,0.12,0.37735849056603776,0.184,23.0,2.0,8.0,65.0,141.0,125.0,16.0,5.0,0.0,9.0,0.214,0.272,3.0,0,2.0,,34.0,1.0,1,10.0,1.0,,6.90625,6.313999999999998
2002,PL,埼玉西武ライオンズ,71173865,伊東　勤,T.Itou,118.0,383.0,341.0,29.0,87.0,12.0,1.0,8.0,125.0,50.0,3,2,9.0,4.0,24.0,0,5.0,48.0,9.0,0.255,0.31,0.367,0.677,66.0,0.11199999999999999,0.05499999999999999,0.422,6.266318537859007,12.532637075718014,0.5,0.27335640138408307,0.23125,432.33333333333337,0.187683284457478,0.5931558935361216,0.255,87.0,8.0,50.0,118.0,383.0,341.0,66.0,12.0,1.0,29.0,0.31,0.367,24.0,0,5.0,,125.0,3,2,9.0,4.0,,38.013698630136986,39.238000000000014
2002,PL,オリックス・バファローズ,71173883,吉原　孝介,K.Yoshihara,10.0,9.0,8.0,1.0,0.0,0.0,0.0,0.0,0.0,0.0,0.0,0,0.0,0.0,1.0,0,0.0,3.0,0.0,0.0,0.111,0.0,0.111,0.0,0.0,0.111,0.111,11.11111111111111,33.33333333333333,0.3333333333333333,0.0,0.04995,111.0,0.125,0.125,0.0,0.0,0.0,0.0,10.0,9.0,8.0,0.0,0.0,0.0,1.0,0.111,0.0,1.0,0,0.0,,0.0,0.0,0,0.0,0.0,,0.0,-0.454
2002,PL,北海道日本ハムファイターズ,71173888,阿久根　鋼吉,K.Akune,30.0,57.0,53.0,6.0,12.0,1.0,0.0,2.0,19.0,3.0,0.0,0,3.0,0.0,1.0,0,0.0,19.0,2.0,0.226,0.241,0.358,0.599,9.0,0.13199999999999998,0.014999999999999986,0.373,1.7543859649122806,33.33333333333333,0.05263157894736842,0.3125,0.19795000000000001,360.3333333333333,0.1509433962264151,0.46511627906976744,0.226,12.0,2.0,3.0,30.0,57.0,53.0,9.0,1.0,0.0,6.0,0.241,0.358,1.0,0,0.0,,19.0,0.0,0,3.0,0.0,,4.574074074074074,4.412
2002,PL,千葉ロッテマリーンズ,71173889,井上　貴朗,T.Inoue,2.0,0.0,0.0,0.0,0.0,0.0,0.0,0.0,0.0,0.0,0.0,0,0.0,0.0,0.0,0,0.0,0.0,0.0,,,,0.0,0.0,0.0,0.0,,nan,nan,nan,nan,0.0,0.0,nan,nan,,0.0,0.0,0.0,2.0,0.0,0.0,0.0,0.0,0.0,0.0,,,0.0,0,0.0,,0.0,0.0,0,0.0,0.0,,nan,0.0
2002,PL,千葉ロッテマリーンズ,71175113,青野　毅,T.Aono,1.0,1.0,1.0,0.0,0.0,0.0,0.0,0.0,0.0,0.0,0.0,0,0.0,0.0,0.0,0,0.0,0.0,0.0,0.0,0.0,0.0,0.0,0.0,0.0,0.0,0.0,0.0,0.0,nan,0.0,0.0,0.0,0.0,0.0,0.0,0.0,0.0,0.0,1.0,1.0,1.0,0.0,0.0,0.0,0.0,0.0,0.0,0.0,0,0.0,,0.0,0.0,0,0.0,0.0,,0.0,-0.098
2002,PL,千葉ロッテマリーンズ,71273882,薮田　安彦,Y.Yabuta,3.0,0.0,0.0,0.0,0.0,0.0,0.0,0.0,0.0,0.0,0.0,0,0.0,0.0,0.0,0,0.0,0.0,0.0,,,,0.0,0.0,0.0,0.0,,nan,nan,nan,nan,0.0,0.0,nan,nan,,0.0,0.0,0.0,3.0,0.0,0.0,0.0,0.0,0.0,0.0,,,0.0,0,0.0,,0.0,0.0,0,0.0,0.0,,nan,0.0
2002,PL,オリックス・バファローズ,71273885,萩原　淳,J.Hagiwara,48.0,0.0,0.0,0.0,0.0,0.0,0.0,0.0,0.0,0.0,0.0,0,0.0,0.0,0.0,0,0.0,0.0,0.0,,,,0.0,0.0,0.0,0.0,,nan,nan,nan,nan,0.0,0.0,nan,nan,,0.0,0.0,0.0,48.0,0.0,0.0,0.0,0.0,0.0,0.0,,,0.0,0,0.0,,0.0,0.0,0,0.0,0.0,,nan,0.0
2002,PL,大阪近鉄バファローズ,71273888,松本　拓也,T.Matsumoto,3.0,0.0,0.0,0.0,0.0,0.0,0.0,0.0,0.0,0.0,0.0,0,0.0,0.0,0.0,0,0.0,0.0,0.0,,,,0.0,0.0,0.0,0.0,,nan,nan,nan,nan,0.0,0.0,nan,nan,,0.0,0.0,0.0,3.0,0.0,0.0,0.0,0.0,0.0,0.0,,,0.0,0,0.0,,0.0,0.0,0,0.0,0.0,,nan,0.0
2002,PL,大阪近鉄バファローズ,71373869,加藤　伸一,S.Katou,2.0,0.0,0.0,0.0,0.0,0.0,0.0,0.0,0.0,0.0,0.0,0,0.0,0.0,0.0,0,0.0,0.0,0.0,,,,0.0,0.0,0.0,0.0,,nan,nan,nan,nan,0.0,0.0,nan,nan,,0.0,0.0,0.0,2.0,0.0,0.0,0.0,0.0,0.0,0.0,,,0.0,0,0.0,,0.0,0.0,0,0.0,0.0,,nan,0.0
2002,PL,北海道日本ハムファイターズ,71373880,金村　曉,S.Kanemura,32.0,0.0,0.0,0.0,0.0,0.0,0.0,0.0,0.0,0.0,0.0,0,0.0,0.0,0.0,0,0.0,0.0,0.0,,,,0.0,0.0,0.0,0.0,,nan,nan,nan,nan,0.0,0.0,nan,nan,,0.0,0.0,0.0,32.0,0.0,0.0,0.0,0.0,0.0,0.0,,,0.0,0,0.0,,0.0,0.0,0,0.0,0.0,,nan,0.0
2002,PL,福岡ソフトバンクホークス,71373882,斉藤　和巳,K.Saitou,10.0,0.0,0.0,0.0,0.0,0.0,0.0,0.0,0.0,0.0,0.0,0,0.0,0.0,0.0,0,0.0,0.0,0.0,,,,0.0,0.0,0.0,0.0,,nan,nan,nan,nan,0.0,0.0,nan,nan,,0.0,0.0,0.0,10.0,0.0,0.0,0.0,0.0,0.0,0.0,,,0.0,0,0.0,,0.0,0.0,0,0.0,0.0,,nan,0.0
2002,PL,福岡ソフトバンクホークス,71373888,小椋　真介,S.Ogura,7.0,0.0,0.0,0.0,0.0,0.0,0.0,0.0,0.0,0.0,0.0,0,0.0,0.0,0.0,0,0.0,0.0,0.0,,,,0.0,0.0,0.0,0.0,,nan,nan,nan,nan,0.0,0.0,nan,nan,,0.0,0.0,0.0,7.0,0.0,0.0,0.0,0.0,0.0,0.0,,,0.0,0,0.0,,0.0,0.0,0,0.0,0.0,,nan,0.0
2002,PL,千葉ロッテマリーンズ,71373889,小野　晋吾,S.Ono,19.0,0.0,0.0,0.0,0.0,0.0,0.0,0.0,0.0,0.0,0.0,0,0.0,0.0,0.0,0,0.0,0.0,0.0,,,,0.0,0.0,0.0,0.0,,nan,nan,nan,nan,0.0,0.0,nan,nan,,0.0,0.0,0.0,19.0,0.0,0.0,0.0,0.0,0.0,0.0,,,0.0,0,0.0,,0.0,0.0,0,0.0,0.0,,nan,0.0
2002,PL,オリックス・バファローズ,71375111,葛城　育郎,I.Katsuragi,74.0,246.0,222.0,18.0,49.0,8.0,2.0,1.0,64.0,12.0,0,1,8.0,0.0,15.0,0,1.0,68.0,3.0,0.221,0.273,0.288,0.5609999999999999,38.0,0.06699999999999998,0.05200000000000002,0.3399999999999999,6.097560975609756,27.64227642276423,0.22058823529411764,0.3137254901960784,0.19485000000000002,369.0,0.13963963963963963,0.4602272727272727,0.221,49.0,1.0,12.0,74.0,246.0,222.0,38.0,8.0,2.0,18.0,0.273,0.288,15.0,0,1.0,,64.0,0,1,8.0,0.0,,17.282700421940927,16.785999999999994
2002,PL,大阪近鉄バファローズ,71473884,N.ウィルソン,N.Wilson,34.0,126.0,113.0,14.0,25.0,3.0,0.0,6.0,46.0,14.0,0.0,0,0.0,0.0,10.0,0,3.0,40.0,2.0,0.221,0.302,0.407,0.709,16.0,0.18599999999999997,0.08099999999999999,0.488,7.936507936507936,31.746031746031743,0.25,0.2835820895522388,0.23764999999999997,437.66666666666663,0.2743362831858407,0.6555555555555556,0.221,25.0,6.0,14.0,34.0,126.0,113.0,16.0,3.0,0.0,14.0,0.302,0.407,10.0,0,3.0,,46.0,0.0,0,0.0,0.0,,13.089430894308943,14.466
2002,PL,大阪近鉄バファローズ,71475111,吉川　勝成,K.Yoshikawa,3.0,0.0,0.0,0.0,0.0,0.0,0.0,0.0,0.0,0.0,0.0,0,0.0,0.0,0.0,0,0.0,0.0,0.0,,,,0.0,0.0,0.0,0.0,,nan,nan,nan,nan,0.0,0.0,nan,nan,,0.0,0.0,0.0,3.0,0.0,0.0,0.0,0.0,0.0,0.0,,,0.0,0,0.0,,0.0,0.0,0,0.0,0.0,,nan,0.0
2002,PL,埼玉西武ライオンズ,71475115,細川　亨,T.Hosokawa,2.0,4.0,4.0,0.0,0.0,0.0,0.0,0.0,0.0,0.0,0.0,0,0.0,0.0,0.0,0,0.0,1.0,0.0,0.0,0.0,0.0,0.0,0.0,0.0,0.0,0.0,0.0,25.0,0.0,0.0,0.0,0.0,0.0,0.0,0.0,0.0,0.0,0.0,2.0,4.0,4.0,0.0,0.0,0.0,0.0,0.0,0.0,0.0,0,0.0,,0.0,0.0,0,0.0,0.0,,0.0,-0.392
2002,PL,オリックス・バファローズ,71573880,五島　裕二,Y.Goshima,74.0,246.0,218.0,21.0,54.0,11.0,0.0,7.0,86.0,31.0,1,0,1.0,3.0,23.0,0,1.0,46.0,7.0,0.248,0.318,0.394,0.712,36.0,0.14600000000000002,0.07,0.464,9.34959349593496,18.69918699186992,0.5,0.27976190476190477,0.2416,449.33333333333337,0.25229357798165136,0.6432748538011696,0.248,54.0,7.0,31.0,74.0,246.0,218.0,36.0,11.0,0.0,21.0,0.318,0.394,23.0,0,1.0,,86.0,1,0,1.0,3.0,,27.477178423236513,27.848000000000003
2002,PL,千葉ロッテマリーンズ,71573882,澤井　良輔,R.Sawai,41.0,73.0,68.0,6.0,12.0,2.0,0.0,3.0,23.0,8.0,0.0,0,0.0,0.0,4.0,0,1.0,17.0,1.0,0.176,0.233,0.338,0.5710000000000001,7.0,0.16200000000000003,0.05700000000000002,0.395,5.47945205479452,23.28767123287671,0.23529411764705882,0.1875,0.18935000000000002,345.6666666666667,0.22058823529411764,0.49122807017543857,0.176,12.0,3.0,8.0,41.0,73.0,68.0,7.0,2.0,0.0,6.0,0.233,0.338,4.0,0,1.0,,23.0,0.0,0,0.0,0.0,,5.111111111111111,5.422
2002,PL,大阪近鉄バファローズ,71573887,小池　秀郎,H.Koike,14.0,0.0,0.0,0.0,0.0,0.0,0.0,0.0,0.0,0.0,0.0,0,0.0,0.0,0.0,0,0.0,0.0,0.0,,,,0.0,0.0,0.0,0.0,,nan,nan,nan,nan,0.0,0.0,nan,nan,,0.0,0.0,0.0,14.0,0.0,0.0,0.0,0.0,0.0,0.0,,,0.0,0,0.0,,0.0,0.0,0,0.0,0.0,,nan,0.0
2002,PL,北海道日本ハムファイターズ,71575111,佐々木　貴賀,K.Sasaki,39.0,0.0,0.0,0.0,0.0,0.0,0.0,0.0,0.0,0.0,0.0,0,0.0,0.0,0.0,0,0.0,0.0,0.0,,,,0.0,0.0,0.0,0.0,,nan,nan,nan,nan,0.0,0.0,nan,nan,,0.0,0.0,0.0,39.0,0.0,0.0,0.0,0.0,0.0,0.0,,,0.0,0,0.0,,0.0,0.0,0,0.0,0.0,,nan,0.0
2002,PL,北海道日本ハムファイターズ,71673883,柴田　佳主也,K.Shibata,3.0,0.0,0.0,0.0,0.0,0.0,0.0,0.0,0.0,0.0,0.0,0,0.0,0.0,0.0,0,0.0,0.0,0.0,,,,0.0,0.0,0.0,0.0,,nan,nan,nan,nan,0.0,0.0,nan,nan,,0.0,0.0,0.0,3.0,0.0,0.0,0.0,0.0,0.0,0.0,,,0.0,0,0.0,,0.0,0.0,0,0.0,0.0,,nan,0.0
2002,PL,千葉ロッテマリーンズ,71675113,渡辺　俊介,S.Watanabe,8.0,0.0,0.0,0.0,0.0,0.0,0.0,0.0,0.0,0.0,0.0,0,0.0,0.0,0.0,0,0.0,0.0,0.0,,,,0.0,0.0,0.0,0.0,,nan,nan,nan,nan,0.0,0.0,nan,nan,,0.0,0.0,0.0,8.0,0.0,0.0,0.0,0.0,0.0,0.0,,,0.0,0,0.0,,0.0,0.0,0,0.0,0.0,,nan,0.0
2002,PL,オリックス・バファローズ,71773884,塩崎　真,M.Shiozaki,113.0,425.0,389.0,26.0,79.0,13.0,0.0,2.0,98.0,20.0,3,5,21.0,2.0,10.0,0,3.0,81.0,8.0,0.203,0.228,0.252,0.48,64.0,0.04899999999999999,0.024999999999999994,0.277,2.3529411764705883,19.058823529411764,0.12345679012345678,0.25,0.16560000000000002,312.0,0.08740359897172237,0.36477987421383645,0.203,79.0,2.0,20.0,113.0,425.0,389.0,64.0,13.0,0.0,26.0,0.228,0.252,10.0,0,3.0,,98.0,3,5,21.0,2.0,,21.859649122807017,19.049999999999997
2002,PL,埼玉西武ライオンズ,71773888,柴田　博之,H.Shibata,21.0,32.0,30.0,6.0,6.0,0.0,1.0,0.0,8.0,3.0,7,1,1.0,0.0,1.0,0,0.0,10.0,0.0,0.2,0.226,0.267,0.493,5.0,0.067,0.025999999999999995,0.293,3.125,31.25,0.1,0.3,0.16845,315.0,0.13333333333333333,0.4166666666666667,0.2,6.0,0.0,3.0,21.0,32.0,30.0,5.0,0.0,1.0,6.0,0.226,0.267,1.0,0,0.0,,8.0,7,1,1.0,0.0,,1.8064516129032258,1.6979999999999995
2002,PL,千葉ロッテマリーンズ,71773889,立川　隆史,T.Tachikawa,89.0,297.0,269.0,26.0,64.0,12.0,1.0,6.0,96.0,30.0,3,2,2.0,2.0,22.0,0,2.0,50.0,7.0,0.238,0.298,0.357,0.655,45.0,0.119,0.06,0.417,7.4074074074074066,16.835016835016837,0.44,0.26976744186046514,0.22335,417.0,0.20817843866171004,0.5754716981132075,0.238,64.0,6.0,30.0,89.0,297.0,269.0,45.0,12.0,1.0,26.0,0.298,0.357,22.0,0,2.0,,96.0,3,2,2.0,2.0,,28.371134020618555,29.01
2002,PL,大阪近鉄バファローズ,71775111,高木　康成,Y.Takagi,27.0,0.0,0.0,0.0,0.0,0.0,0.0,0.0,0.0,0.0,0.0,0,0.0,0.0,0.0,0,0.0,0.0,0.0,,,,0.0,0.0,0.0,0.0,,nan,nan,nan,nan,0.0,0.0,nan,nan,,0.0,0.0,0.0,27.0,0.0,0.0,0.0,0.0,0.0,0.0,,,0.0,0,0.0,,0.0,0.0,0,0.0,0.0,,nan,0.0
2002,PL,オリックス・バファローズ,71775113,北川　智規,T.Kitagawa,4.0,0.0,0.0,0.0,0.0,0.0,0.0,0.0,0.0,0.0,0.0,0,0.0,0.0,0.0,0,0.0,0.0,0.0,,,,0.0,0.0,0.0,0.0,,nan,nan,nan,nan,0.0,0.0,nan,nan,,0.0,0.0,0.0,4.0,0.0,0.0,0.0,0.0,0.0,0.0,,,0.0,0,0.0,,0.0,0.0,0,0.0,0.0,,nan,0.0
2002,PL,オリックス・バファローズ,71775115,後藤　光尊,M.Gotou,39.0,102.0,94.0,11.0,23.0,4.0,3.0,2.0,39.0,8.0,1.0,1,4.0,0.0,3.0,0,1.0,16.0,1.0,0.245,0.276,0.415,0.6910000000000001,14.0,0.16999999999999998,0.031000000000000028,0.446,2.941176470588235,15.686274509803921,0.1875,0.27631578947368424,0.22795,414.3333333333333,0.2127659574468085,0.6111111111111112,0.245,23.0,2.0,8.0,39.0,102.0,94.0,14.0,4.0,3.0,11.0,0.276,0.415,3.0,0,1.0,,39.0,1.0,1,4.0,0.0,,10.45360824742268,10.421999999999999
2002,PL,埼玉西武ライオンズ,71973881,潮崎　哲也,T.Shiozaki,28.0,0.0,0.0,0.0,0.0,0.0,0.0,0.0,0.0,0.0,0.0,0,0.0,0.0,0.0,0,0.0,0.0,0.0,,,,0.0,0.0,0.0,0.0,,nan,nan,nan,nan,0.0,0.0,nan,nan,,0.0,0.0,0.0,28.0,0.0,0.0,0.0,0.0,0.0,0.0,,,0.0,0,0.0,,0.0,0.0,0,0.0,0.0,,nan,0.0
2002,PL,千葉ロッテマリーンズ,71973888,寺本　四郎,S.Teramoto,1.0,1.0,1.0,0.0,0.0,0.0,0.0,0.0,0.0,0.0,0.0,0,0.0,0.0,0.0,0,0.0,1.0,0.0,0.0,0.0,0.0,0.0,0.0,0.0,0.0,0.0,0.0,100.0,0.0,nan,0.0,0.0,0.0,0.0,0.0,0.0,0.0,0.0,1.0,1.0,1.0,0.0,0.0,0.0,0.0,0.0,0.0,0.0,0,0.0,,0.0,0.0,0,0.0,0.0,,0.0,-0.098
2002,PL,オリックス・バファローズ,71973889,平井　正史,M.Hirai,5.0,0.0,0.0,0.0,0.0,0.0,0.0,0.0,0.0,0.0,0.0,0,0.0,0.0,0.0,0,0.0,0.0,0.0,,,,0.0,0.0,0.0,0.0,,nan,nan,nan,nan,0.0,0.0,nan,nan,,0.0,0.0,0.0,5.0,0.0,0.0,0.0,0.0,0.0,0.0,,,0.0,0,0.0,,0.0,0.0,0,0.0,0.0,,nan,0.0
2002,PL,大阪近鉄バファローズ,73375113,S.バーグマン,S.Bergman,16.0,0.0,0.0,0.0,0.0,0.0,0.0,0.0,0.0,0.0,0.0,0,0.0,0.0,0.0,0,0.0,0.0,0.0,,,,0.0,0.0,0.0,0.0,,nan,nan,nan,nan,0.0,0.0,nan,nan,,0.0,0.0,0.0,16.0,0.0,0.0,0.0,0.0,0.0,0.0,,,0.0,0,0.0,,0.0,0.0,0,0.0,0.0,,nan,0.0
2002,PL,大阪近鉄バファローズ,73573868,星野　おさむ,O.Hoshino,9.0,13.0,12.0,0.0,1.0,1.0,0.0,0.0,2.0,1.0,0.0,0,0.0,0.0,1.0,0,0.0,4.0,1.0,0.083,0.154,0.167,0.321,0.0,0.084,0.071,0.238,7.6923076923076925,30.76923076923077,0.25,0.125,0.11105000000000001,209.66666666666666,0.16666666666666666,0.25,0.083,1.0,0.0,1.0,9.0,13.0,12.0,0.0,1.0,0.0,0.0,0.154,0.167,1.0,0,0.0,,2.0,0.0,0,0.0,0.0,,0.3076923076923077,-0.028000000000000025
2002,PL,千葉ロッテマリーンズ,73873868,堀　幸一,K.Hori,117.0,445.0,387.0,58.0,98.0,21.0,2.0,14.0,165.0,36.0,4,1,18.0,2.0,35.0,0,3.0,84.0,7.0,0.253,0.319,0.426,0.745,61.0,0.173,0.066,0.492,7.865168539325842,18.876404494382022,0.4166666666666667,0.28865979381443296,0.25005,460.99999999999994,0.2661498708010336,0.6891891891891891,0.253,98.0,14.0,36.0,117.0,445.0,387.0,61.0,21.0,2.0,58.0,0.319,0.426,35.0,0,3.0,,165.0,4,1,18.0,2.0,,52.002369668246445,52.25800000000001
2002,PL,大阪近鉄バファローズ,81083880,山村　宏樹,H.Yamamura,3.0,0.0,0.0,0.0,0.0,0.0,0.0,0.0,0.0,0.0,0.0,0,0.0,0.0,0.0,0,0.0,0.0,0.0,,,,0.0,0.0,0.0,0.0,,nan,nan,nan,nan,0.0,0.0,nan,nan,,0.0,0.0,0.0,3.0,0.0,0.0,0.0,0.0,0.0,0.0,,,0.0,0,0.0,,0.0,0.0,0,0.0,0.0,,nan,0.0
2002,PL,大阪近鉄バファローズ,81085111,前田　忠節,T.Maeda,67.0,102.0,92.0,11.0,20.0,3.0,2.0,1.0,30.0,6.0,0,1,8.0,0.0,2.0,0,0.0,9.0,2.0,0.217,0.234,0.326,0.56,14.0,0.10900000000000001,0.017000000000000015,0.343,1.9607843137254901,8.823529411764707,0.2222222222222222,0.23170731707317074,0.18680000000000002,342.6666666666667,0.14130434782608695,0.44594594594594594,0.217,20.0,1.0,6.0,67.0,102.0,92.0,14.0,3.0,2.0,11.0,0.234,0.326,2.0,0,0.0,,30.0,0,1,8.0,0.0,,7.0212765957446805,6.4639999999999995
2002,PL,埼玉西武ライオンズ,81183882,大友　進,S.Ootomo,64.0,169.0,153.0,15.0,36.0,8.0,1.0,1.0,49.0,10.0,2.0,2,7.0,0.0,9.0,0,0.0,31.0,0.0,0.235,0.278,0.32,0.5980000000000001,26.0,0.08500000000000002,0.04300000000000004,0.363,5.325443786982249,18.34319526627219,0.2903225806451613,0.2892561983471074,0.2051,384.6666666666667,0.1568627450980392,0.5128205128205128,0.235,36.0,1.0,10.0,64.0,169.0,153.0,26.0,8.0,1.0,15.0,0.278,0.32,9.0,0,0.0,,49.0,2.0,2,7.0,0.0,,13.61111111111111,13.103999999999996
2002,PL,埼玉西武ライオンズ,81185111,大島　裕行,H.Ooshima,36.0,80.0,70.0,13.0,15.0,5.0,0.0,3.0,29.0,7.0,0.0,0,0.0,1.0,9.0,0,0.0,16.0,3.0,0.214,0.3,0.414,0.714,7.0,0.19999999999999998,0.086,0.5,11.25,20.0,0.5625,0.23076923076923078,0.2385,437.99999999999994,0.32857142857142857,0.6551724137931034,0.214,15.0,3.0,7.0,36.0,80.0,70.0,7.0,5.0,0.0,13.0,0.3,0.414,9.0,0,0.0,,29.0,0.0,0,0.0,1.0,,8.810126582278482,9.0
2002,PL,北海道日本ハムファイターズ,81283883,下柳　剛,T.Shimoyanagi,17.0,0.0,0.0,0.0,0.0,0.0,0.0,0.0,0.0,0.0,0.0,0,0.0,0.0,0.0,0,0.0,0.0,0.0,,,,0.0,0.0,0.0,0.0,,nan,nan,nan,nan,0.0,0.0,nan,nan,,0.0,0.0,0.0,17.0,0.0,0.0,0.0,0.0,0.0,0.0,,,0.0,0,0.0,,0.0,0.0,0,0.0,0.0,,nan,0.0
2002,PL,北海道日本ハムファイターズ,81283885,林　孝哉,T.Hayashi,66.0,179.0,163.0,18.0,41.0,6.0,1.0,6.0,67.0,28.0,0.0,0,2.0,2.0,11.0,0,1.0,40.0,2.0,0.252,0.299,0.411,0.71,28.0,0.15899999999999997,0.046999999999999986,0.4579999999999999,6.145251396648044,22.3463687150838,0.275,0.29411764705882354,0.2373,435.99999999999994,0.22699386503067484,0.6370967741935484,0.252,41.0,6.0,28.0,66.0,179.0,163.0,28.0,6.0,1.0,18.0,0.299,0.411,11.0,0,1.0,,67.0,0.0,0,2.0,2.0,,20.022988505747126,20.003999999999998
2002,PL,オリックス・バファローズ,81285115,深谷　亮司,R.Fukatani,1.0,1.0,1.0,0.0,0.0,0.0,0.0,0.0,0.0,0.0,0.0,0,0.0,0.0,0.0,0,0.0,1.0,0.0,0.0,0.0,0.0,0.0,0.0,0.0,0.0,0.0,0.0,100.0,0.0,nan,0.0,0.0,0.0,0.0,0.0,0.0,0.0,0.0,1.0,1.0,1.0,0.0,0.0,0.0,0.0,0.0,0.0,0.0,0,0.0,,0.0,0.0,0,0.0,0.0,,0.0,-0.098
2002,PL,千葉ロッテマリーンズ,81383864,佐藤　幸彦,Y.Satou,51.0,114.0,107.0,8.0,26.0,6.0,1.0,1.0,37.0,6.0,0.0,0,1.0,1.0,5.0,0,0.0,15.0,1.0,0.243,0.274,0.346,0.62,18.0,0.10299999999999998,0.031000000000000028,0.377,4.385964912280701,13.157894736842104,0.3333333333333333,0.2717391304347826,0.2098,389.33333333333337,0.14953271028037382,0.5121951219512195,0.243,26.0,1.0,6.0,51.0,114.0,107.0,18.0,6.0,1.0,8.0,0.274,0.346,5.0,0,0.0,,37.0,0.0,0,1.0,1.0,,10.241071428571429,9.511999999999999
2002,PL,大阪近鉄バファローズ,81383880,北川　博敏,H.Kitagawa,43.0,99.0,94.0,7.0,25.0,7.0,1.0,1.0,37.0,8.0,0.0,0,0.0,0.0,4.0,0,1.0,16.0,2.0,0.266,0.303,0.394,0.6970000000000001,16.0,0.128,0.03699999999999998,0.431,4.040404040404041,16.161616161616163,0.25,0.3116883116883117,0.23485,434.33333333333337,0.1702127659574468,0.5915492957746479,0.266,25.0,1.0,8.0,43.0,99.0,94.0,16.0,7.0,1.0,7.0,0.303,0.394,4.0,0,1.0,,37.0,0.0,0,0.0,0.0,,10.948979591836734,10.407999999999998
2002,PL,千葉ロッテマリーンズ,81383882,黒木　詢士,J.Kuroki,6.0,0.0,0.0,0.0,0.0,0.0,0.0,0.0,0.0,0.0,0.0,0,0.0,0.0,0.0,0,0.0,0.0,0.0,,,,0.0,0.0,0.0,0.0,,nan,nan,nan,nan,0.0,0.0,nan,nan,,0.0,0.0,0.0,6.0,0.0,0.0,0.0,0.0,0.0,0.0,,,0.0,0,0.0,,0.0,0.0,0,0.0,0.0,,nan,0.0
2002,PL,千葉ロッテマリーンズ,81383888,川井　貴志,T.Kawai,51.0,0.0,0.0,0.0,0.0,0.0,0.0,0.0,0.0,0.0,0.0,0,0.0,0.0,0.0,0,0.0,0.0,0.0,,,,0.0,0.0,0.0,0.0,,nan,nan,nan,nan,0.0,0.0,nan,nan,,0.0,0.0,0.0,51.0,0.0,0.0,0.0,0.0,0.0,0.0,,,0.0,0,0.0,,0.0,0.0,0,0.0,0.0,,nan,0.0
2002,PL,千葉ロッテマリーンズ,81483886,渡辺　正人,M.Watanabe,106.0,159.0,141.0,16.0,28.0,4.0,2.0,2.0,42.0,11.0,2,3,7.0,0.0,11.0,0,0.0,41.0,3.0,0.199,0.257,0.298,0.5549999999999999,20.0,0.09899999999999998,0.057999999999999996,0.356,6.918238993710692,25.78616352201258,0.2682926829268293,0.2653061224489796,0.19014999999999999,356.3333333333333,0.19858156028368795,0.4827586206896552,0.199,28.0,2.0,11.0,106.0,159.0,141.0,20.0,4.0,2.0,16.0,0.257,0.298,11.0,0,0.0,,42.0,2,3,7.0,0.0,,10.776315789473685,10.935999999999998
2002,PL,千葉ロッテマリーンズ,81483887,和田　孝志,T.Wada,3.0,0.0,0.0,0.0,0.0,0.0,0.0,0.0,0.0,0.0,0.0,0,0.0,0.0,0.0,0,0.0,0.0,0.0,,,,0.0,0.0,0.0,0.0,,nan,nan,nan,nan,0.0,0.0,nan,nan,,0.0,0.0,0.0,3.0,0.0,0.0,0.0,0.0,0.0,0.0,,,0.0,0,0.0,,0.0,0.0,0,0.0,0.0,,nan,0.0
2002,PL,大阪近鉄バファローズ,81485113,山本　省吾,S.Yamamoto,56.0,0.0,0.0,0.0,0.0,0.0,0.0,0.0,0.0,0.0,0.0,0,0.0,0.0,0.0,0,0.0,0.0,0.0,,,,0.0,0.0,0.0,0.0,,nan,nan,nan,nan,0.0,0.0,nan,nan,,0.0,0.0,0.0,56.0,0.0,0.0,0.0,0.0,0.0,0.0,,,0.0,0,0.0,,0.0,0.0,0,0.0,0.0,,nan,0.0
2002,PL,千葉ロッテマリーンズ,81583864,高木　晃次,K.Takagi,17.0,0.0,0.0,0.0,0.0,0.0,0.0,0.0,0.0,0.0,0.0,0,0.0,0.0,0.0,0,0.0,0.0,0.0,,,,0.0,0.0,0.0,0.0,,nan,nan,nan,nan,0.0,0.0,nan,nan,,0.0,0.0,0.0,17.0,0.0,0.0,0.0,0.0,0.0,0.0,,,0.0,0,0.0,,0.0,0.0,0,0.0,0.0,,nan,0.0
2002,PL,北海道日本ハムファイターズ,81583880,島田　一輝,K.Shimada,18.0,56.0,44.0,5.0,9.0,3.0,0.0,0.0,12.0,1.0,0,2,5.0,0.0,5.0,0,2.0,8.0,4.0,0.205,0.314,0.273,0.587,6.0,0.06800000000000003,0.10900000000000001,0.382,8.928571428571429,14.285714285714285,0.625,0.25,0.20955000000000001,405.0,0.22727272727272727,0.5384615384615384,0.205,9.0,0.0,1.0,18.0,56.0,44.0,6.0,3.0,0.0,5.0,0.314,0.273,5.0,0,2.0,,12.0,0,2,5.0,0.0,,3.4285714285714284,4.4
2002,PL,千葉ロッテマリーンズ,81585115,喜多　隆志,T.Kita,19.0,56.0,50.0,4.0,11.0,1.0,1.0,0.0,14.0,3.0,0.0,0,3.0,0.0,3.0,0,0.0,13.0,1.0,0.22,0.264,0.28,0.544,9.0,0.060000000000000026,0.04400000000000001,0.324,5.357142857142857,23.214285714285715,0.23076923076923078,0.2972972972972973,0.18880000000000002,357.3333333333333,0.12,0.425,0.22,11.0,0.0,3.0,19.0,56.0,50.0,9.0,1.0,1.0,4.0,0.264,0.28,3.0,0,0.0,,14.0,0.0,0,3.0,0.0,,3.69811320754717,3.428
2002,PL,埼玉西武ライオンズ,81783880,富岡　久貴,H.Tomioka,2.0,0.0,0.0,0.0,0.0,0.0,0.0,0.0,0.0,0.0,0.0,0,0.0,0.0,0.0,0,0.0,0.0,0.0,,,,0.0,0.0,0.0,0.0,,nan,nan,nan,nan,0.0,0.0,nan,nan,,0.0,0.0,0.0,2.0,0.0,0.0,0.0,0.0,0.0,0.0,,,0.0,0,0.0,,0.0,0.0,0,0.0,0.0,,nan,0.0
2002,PL,オリックス・バファローズ,81785113,庄司　大介,D.Shouji,1.0,4.0,3.0,1.0,0.0,0.0,0.0,0.0,0.0,0.0,0.0,0,0.0,0.0,1.0,0,0.0,1.0,0.0,0.0,0.25,0.0,0.25,0.0,0.0,0.25,0.25,25.0,25.0,1.0,0.0,0.1125,250.0,0.3333333333333333,0.3333333333333333,0.0,0.0,0.0,0.0,1.0,4.0,3.0,0.0,0.0,0.0,1.0,0.25,0.0,1.0,0,0.0,,0.0,0.0,0,0.0,0.0,,0.0,0.035999999999999976
2002,PL,埼玉西武ライオンズ,81883883,水尾　嘉孝,Y.Mizuo,35.0,0.0,0.0,0.0,0.0,0.0,0.0,0.0,0.0,0.0,0.0,0,0.0,0.0,0.0,0,0.0,0.0,0.0,,,,0.0,0.0,0.0,0.0,,nan,nan,nan,nan,0.0,0.0,nan,nan,,0.0,0.0,0.0,35.0,0.0,0.0,0.0,0.0,0.0,0.0,,,0.0,0,0.0,,0.0,0.0,0,0.0,0.0,,nan,0.0
2002,PL,福岡ソフトバンクホークス,81885113,P.バルデス,P.Valdes,121.0,506.0,446.0,65.0,135.0,32.0,2.0,21.0,234.0,76.0,2,1,3.0,2.0,52.0,0,3.0,82.0,14.0,0.303,0.378,0.525,0.903,80.0,0.22200000000000003,0.07500000000000001,0.6000000000000001,10.276679841897234,16.205533596837945,0.6341463414634146,0.33043478260869563,0.30135,553.0,0.34080717488789236,0.8923076923076924,0.303,135.0,21.0,76.0,121.0,506.0,446.0,80.0,32.0,2.0,65.0,0.378,0.525,52.0,0,3.0,,234.0,2,1,3.0,2.0,,87.86746987951807,83.21200000000002
2002,PL,北海道日本ハムファイターズ,81885115,P.フリューリー,P.Flury,10.0,0.0,0.0,0.0,0.0,0.0,0.0,0.0,0.0,0.0,0.0,0,0.0,0.0,0.0,0,0.0,0.0,0.0,,,,0.0,0.0,0.0,0.0,,nan,nan,nan,nan,0.0,0.0,nan,nan,,0.0,0.0,0.0,10.0,0.0,0.0,0.0,0.0,0.0,0.0,,,0.0,0,0.0,,0.0,0.0,0,0.0,0.0,,nan,0.0
2002,PL,福岡ソフトバンクホークス,81983880,本間　満,M.Honma,34.0,65.0,57.0,7.0,10.0,2.0,0.0,0.0,12.0,3.0,2,0,2.0,0.0,5.0,0,1.0,9.0,0.0,0.175,0.254,0.211,0.46499999999999997,8.0,0.036000000000000004,0.07900000000000001,0.29,7.6923076923076925,13.846153846153847,0.5555555555555556,0.20833333333333334,0.16705,324.33333333333337,0.12280701754385964,0.3829787234042553,0.175,10.0,0.0,3.0,34.0,65.0,57.0,8.0,2.0,0.0,7.0,0.254,0.211,5.0,0,1.0,,12.0,2,0,2.0,0.0,,2.903225806451613,2.814
2002,PL,オリックス・バファローズ,81983882,日高　剛,T.Hidaka,124.0,377.0,336.0,34.0,65.0,14.0,2.0,12.0,119.0,36.0,1,0,9.0,0.0,29.0,0,3.0,65.0,7.0,0.193,0.264,0.354,0.618,37.0,0.16099999999999998,0.07100000000000001,0.425,7.6923076923076925,17.24137931034483,0.4461538461538462,0.20463320463320464,0.20729999999999998,382.0,0.24702380952380953,0.5431654676258992,0.193,65.0,12.0,36.0,124.0,377.0,336.0,37.0,14.0,2.0,34.0,0.264,0.354,29.0,0,3.0,,119.0,1,0,9.0,0.0,,30.646575342465752,31.942
2002,PL,北海道日本ハムファイターズ,81983883,奈良原　浩,H.Narahara,116.0,364.0,320.0,22.0,65.0,6.0,0.0,1.0,74.0,19.0,13,4,21.0,2.0,21.0,0,0.0,49.0,1.0,0.203,0.251,0.231,0.482,58.0,0.027999999999999997,0.04799999999999999,0.279,5.769230769230769,13.461538461538462,0.42857142857142855,0.23529411764705882,0.17070000000000002,328.0,0.10625,0.38671875,0.203,65.0,1.0,19.0,116.0,364.0,320.0,58.0,6.0,0.0,22.0,0.251,0.231,21.0,0,0.0,,74.0,13,4,21.0,2.0,,18.66275659824047,17.419999999999995
2002,PL,埼玉西武ライオンズ,81983889,松井　稼頭央,K.Matsui,140.0,651.0,582.0,119.0,193.0,46.0,6.0,36.0,359.0,87.0,33,11,9.0,3.0,53.0,0,4.0,112.0,3.0,0.332,0.389,0.617,1.006,105.0,0.285,0.056999999999999995,0.6739999999999999,8.141321044546851,17.20430107526882,0.4732142857142857,0.35926773455377575,0.32930000000000004,594.6666666666666,0.3951890034364261,1.0892857142857142,0.332,193.0,36.0,87.0,140.0,651.0,582.0,105.0,46.0,6.0,119.0,0.389,0.617,53.0,0,4.0,,359.0,33,11,9.0,3.0,,139.0771653543307,126.36799999999998
2002,PL,千葉ロッテマリーンズ,83385113,B.シコースキー,B.Sikorski,47.0,0.0,0.0,0.0,0.0,0.0,0.0,0.0,0.0,0.0,0.0,0,0.0,0.0,0.0,0,0.0,0.0,0.0,,,,0.0,0.0,0.0,0.0,,nan,nan,nan,nan,0.0,0.0,nan,nan,,0.0,0.0,0.0,47.0,0.0,0.0,0.0,0.0,0.0,0.0,,,0.0,0,0.0,,0.0,0.0,0,0.0,0.0,,nan,0.0
2002,PL,福岡ソフトバンクホークス,91093881,田之上　慶三郎,K.Tanoue,26.0,0.0,0.0,0.0,0.0,0.0,0.0,0.0,0.0,0.0,0.0,0,0.0,0.0,0.0,0,0.0,0.0,0.0,,,,0.0,0.0,0.0,0.0,,nan,nan,nan,nan,0.0,0.0,nan,nan,,0.0,0.0,0.0,26.0,0.0,0.0,0.0,0.0,0.0,0.0,,,0.0,0,0.0,,0.0,0.0,0,0.0,0.0,,nan,0.0
2002,PL,大阪近鉄バファローズ,91093888,藤﨑　紘範,H.Fujisaki,3.0,0.0,0.0,0.0,0.0,0.0,0.0,0.0,0.0,0.0,0.0,0,0.0,0.0,0.0,0,0.0,0.0,0.0,,,,0.0,0.0,0.0,0.0,,nan,nan,nan,nan,0.0,0.0,nan,nan,,0.0,0.0,0.0,3.0,0.0,0.0,0.0,0.0,0.0,0.0,,,0.0,0,0.0,,0.0,0.0,0,0.0,0.0,,nan,0.0
2002,PL,千葉ロッテマリーンズ,91093889,諸積　兼司,K.Morozumi,125.0,361.0,322.0,41.0,81.0,17.0,2.0,2.0,108.0,16.0,18,3,11.0,1.0,24.0,0,3.0,63.0,4.0,0.252,0.309,0.335,0.644,60.0,0.08300000000000002,0.056999999999999995,0.392,6.64819944598338,17.451523545706372,0.38095238095238093,0.3062015503875969,0.2228,420.6666666666667,0.16770186335403728,0.563265306122449,0.252,81.0,2.0,16.0,125.0,361.0,322.0,60.0,17.0,2.0,41.0,0.309,0.335,24.0,0,3.0,,108.0,18,3,11.0,1.0,,32.774566473988436,33.032
2002,PL,福岡ソフトバンクホークス,91095115,寺原　隼人,H.Terahara,14.0,0.0,0.0,0.0,0.0,0.0,0.0,0.0,0.0,0.0,0.0,0,0.0,0.0,0.0,0,0.0,0.0,0.0,,,,0.0,0.0,0.0,0.0,,nan,nan,nan,nan,0.0,0.0,nan,nan,,0.0,0.0,0.0,14.0,0.0,0.0,0.0,0.0,0.0,0.0,,,0.0,0,0.0,,0.0,0.0,0,0.0,0.0,,nan,0.0
2002,PL,北海道日本ハムファイターズ,91293881,野口　寿浩,T.Noguchi,103.0,320.0,291.0,28.0,66.0,9.0,2.0,5.0,94.0,31.0,3,1,9.0,4.0,14.0,0,2.0,65.0,4.0,0.227,0.264,0.323,0.587,50.0,0.096,0.037000000000000005,0.36,4.375,20.3125,0.2153846153846154,0.27111111111111114,0.19955,371.6666666666667,0.14776632302405499,0.4847161572052402,0.227,66.0,5.0,31.0,103.0,320.0,291.0,50.0,9.0,2.0,28.0,0.264,0.323,14.0,0,2.0,,94.0,3,1,9.0,4.0,,24.65573770491803,24.170000000000005
2002,PL,北海道日本ハムファイターズ,91293883,石本　努,T.Ishimoto,35.0,116.0,100.0,14.0,24.0,2.0,2.0,2.0,36.0,6.0,10,3,10.0,0.0,4.0,0,2.0,25.0,0.0,0.24,0.283,0.36,0.643,18.0,0.12,0.04299999999999998,0.4029999999999999,3.4482758620689653,21.551724137931032,0.16,0.3013698630136986,0.21735,402.99999999999994,0.19,0.5921052631578947,0.24,24.0,2.0,6.0,35.0,116.0,100.0,18.0,2.0,2.0,14.0,0.283,0.36,4.0,0,2.0,,36.0,10,3,10.0,0.0,,9.692307692307692,10.471999999999998
2002,PL,埼玉西武ライオンズ,91293884,森　慎二,S.Mori,71.0,0.0,0.0,0.0,0.0,0.0,0.0,0.0,0.0,0.0,0.0,0,0.0,0.0,0.0,0,0.0,0.0,0.0,,,,0.0,0.0,0.0,0.0,,nan,nan,nan,nan,0.0,0.0,nan,nan,,0.0,0.0,0.0,71.0,0.0,0.0,0.0,0.0,0.0,0.0,,,0.0,0,0.0,,0.0,0.0,0,0.0,0.0,,nan,0.0
2002,PL,福岡ソフトバンクホークス,91293888,水田　章雄,A.Mizuta,6.0,0.0,0.0,0.0,0.0,0.0,0.0,0.0,0.0,0.0,0.0,0,0.0,0.0,0.0,0,0.0,0.0,0.0,,,,0.0,0.0,0.0,0.0,,nan,nan,nan,nan,0.0,0.0,nan,nan,,0.0,0.0,0.0,6.0,0.0,0.0,0.0,0.0,0.0,0.0,,,0.0,0,0.0,,0.0,0.0,0,0.0,0.0,,nan,0.0
2002,PL,オリックス・バファローズ,91295115,早川　大輔,D.Hayakawa,55.0,124.0,113.0,8.0,20.0,4.0,0.0,0.0,24.0,1.0,6,4,3.0,0.0,2.0,0,6.0,34.0,2.0,0.177,0.231,0.212,0.443,16.0,0.035,0.05400000000000002,0.266,1.6129032258064515,27.419354838709676,0.058823529411764705,0.25316455696202533,0.15695,301.6666666666667,0.08849557522123894,0.37894736842105264,0.177,20.0,0.0,1.0,55.0,124.0,113.0,16.0,4.0,0.0,8.0,0.231,0.212,2.0,0,6.0,,24.0,6,4,3.0,0.0,,4.591304347826087,5.1259999999999994
2002,PL,大阪近鉄バファローズ,91393880,憲史,K.Kenshi（kawaguchi,119.0,398.0,351.0,46.0,101.0,18.0,0.0,13.0,158.0,46.0,1,2,0.0,2.0,40.0,0,5.0,70.0,10.0,0.288,0.367,0.45,0.817,70.0,0.16200000000000003,0.07900000000000001,0.529,10.050251256281408,17.587939698492463,0.5714285714285714,0.32592592592592595,0.27765,517.0,0.28205128205128205,0.7884615384615384,0.288,101.0,13.0,46.0,119.0,398.0,351.0,70.0,18.0,0.0,46.0,0.367,0.45,40.0,0,5.0,,158.0,1,2,0.0,2.0,,56.9769820971867,57.39
2002,PL,大阪近鉄バファローズ,91393884,大塚　晶則,A.Ootsuka,41.0,0.0,0.0,0.0,0.0,0.0,0.0,0.0,0.0,0.0,0.0,0,0.0,0.0,0.0,0,0.0,0.0,0.0,,,,0.0,0.0,0.0,0.0,,nan,nan,nan,nan,0.0,0.0,nan,nan,,0.0,0.0,0.0,41.0,0.0,0.0,0.0,0.0,0.0,0.0,,,0.0,0,0.0,,0.0,0.0,0,0.0,0.0,,nan,0.0
2002,PL,オリックス・バファローズ,91393887,金田　政彦,M.Kaneda,23.0,0.0,0.0,0.0,0.0,0.0,0.0,0.0,0.0,0.0,0.0,0,0.0,0.0,0.0,0,0.0,0.0,0.0,,,,0.0,0.0,0.0,0.0,,nan,nan,nan,nan,0.0,0.0,nan,nan,,0.0,0.0,0.0,23.0,0.0,0.0,0.0,0.0,0.0,0.0,,,0.0,0,0.0,,0.0,0.0,0,0.0,0.0,,nan,0.0
2002,PL,福岡ソフトバンクホークス,91493883,坊西　浩嗣,K.Bounishi,42.0,65.0,63.0,2.0,12.0,2.0,1.0,0.0,16.0,5.0,0.0,0,0.0,1.0,1.0,0,0.0,14.0,0.0,0.19,0.2,0.254,0.454,9.0,0.064,0.010000000000000009,0.264,1.5384615384615385,21.53846153846154,0.07142857142857142,0.24,0.15350000000000003,284.6666666666667,0.07936507936507936,0.3333333333333333,0.19,12.0,0.0,5.0,42.0,65.0,63.0,9.0,2.0,1.0,2.0,0.2,0.254,1.0,0,0.0,,16.0,0.0,0,0.0,1.0,,3.25,2.3119999999999994
2002,PL,大阪近鉄バファローズ,91493886,森谷　昭仁,A.Moritani,42.0,58.0,53.0,12.0,12.0,2.0,0.0,2.0,20.0,2.0,6,2,3.0,0.0,1.0,0,1.0,8.0,0.0,0.226,0.255,0.377,0.632,8.0,0.151,0.028999999999999998,0.406,1.7241379310344827,13.793103448275861,0.125,0.23255813953488372,0.20900000000000002,380.6666666666667,0.20754716981132076,0.5853658536585366,0.226,12.0,2.0,2.0,42.0,58.0,53.0,8.0,2.0,0.0,12.0,0.255,0.377,1.0,0,1.0,,20.0,6,2,3.0,0.0,,4.814814814814815,5.322
2002,PL,福岡ソフトバンクホークス,91493888,吉本　亮,R.Yoshimoto,7.0,15.0,13.0,1.0,3.0,0.0,0.0,0.0,3.0,1.0,0.0,0,1.0,0.0,0.0,0,1.0,4.0,2.0,0.231,0.286,0.231,0.517,3.0,0.0,0.054999999999999966,0.286,0.0,26.666666666666668,0.0,0.3333333333333333,0.18644999999999998,363.0,0.0,0.3333333333333333,0.231,3.0,0.0,1.0,7.0,15.0,13.0,3.0,0.0,0.0,1.0,0.286,0.231,0.0,0,1.0,,3.0,0.0,0,1.0,0.0,,0.6923076923076923,0.8500000000000001
2002,PL,北海道日本ハムファイターズ,91495111,吉崎　勝,M.Yoshizaki,2.0,0.0,0.0,0.0,0.0,0.0,0.0,0.0,0.0,0.0,0.0,0,0.0,0.0,0.0,0,0.0,0.0,0.0,,,,0.0,0.0,0.0,0.0,,nan,nan,nan,nan,0.0,0.0,nan,nan,,0.0,0.0,0.0,2.0,0.0,0.0,0.0,0.0,0.0,0.0,,,0.0,0,0.0,,0.0,0.0,0,0.0,0.0,,nan,0.0
2002,PL,オリックス・バファローズ,91593866,進藤　達哉,T.Shindou,121.0,392.0,356.0,35.0,80.0,14.0,0.0,5.0,109.0,29.0,4,1,10.0,1.0,19.0,0,6.0,94.0,6.0,0.225,0.275,0.306,0.581,61.0,0.08099999999999999,0.05000000000000002,0.356,4.846938775510204,23.97959183673469,0.20212765957446807,0.29069767441860467,0.20025,377.0,0.13764044943820225,0.4787234042553192,0.225,80.0,5.0,29.0,121.0,392.0,356.0,61.0,14.0,0.0,35.0,0.275,0.306,19.0,0,6.0,,109.0,4,1,10.0,1.0,,28.776,29.162
2002,PL,福岡ソフトバンクホークス,91593884,倉野　信次,S.Kurano,9.0,0.0,0.0,0.0,0.0,0.0,0.0,0.0,0.0,0.0,0.0,0,0.0,0.0,0.0,0,0.0,0.0,0.0,,,,0.0,0.0,0.0,0.0,,nan,nan,nan,nan,0.0,0.0,nan,nan,,0.0,0.0,0.0,9.0,0.0,0.0,0.0,0.0,0.0,0.0,,,0.0,0,0.0,,0.0,0.0,0,0.0,0.0,,nan,0.0
2002,PL,オリックス・バファローズ,91593887,小林　宏,H.Kobayashi,15.0,0.0,0.0,0.0,0.0,0.0,0.0,0.0,0.0,0.0,0.0,0,0.0,0.0,0.0,0,0.0,0.0,0.0,,,,0.0,0.0,0.0,0.0,,nan,nan,nan,nan,0.0,0.0,nan,nan,,0.0,0.0,0.0,15.0,0.0,0.0,0.0,0.0,0.0,0.0,,,0.0,0,0.0,,0.0,0.0,0,0.0,0.0,,nan,0.0
2002,PL,大阪近鉄バファローズ,91693882,T.ローズ,T.Rhodes,138.0,613.0,534.0,94.0,145.0,31.0,2.0,46.0,318.0,117.0,5,2,0.0,3.0,71.0,0,5.0,140.0,10.0,0.272,0.361,0.596,0.957,66.0,0.32399999999999995,0.08899999999999997,0.6849999999999999,11.582381729200652,22.838499184339316,0.5071428571428571,0.28205128205128205,0.31145,559.6666666666666,0.4606741573033708,0.9924812030075187,0.272,145.0,46.0,117.0,138.0,613.0,534.0,66.0,31.0,2.0,94.0,0.361,0.596,71.0,0,5.0,,318.0,5,2,0.0,3.0,,113.53388429752066,110.95800000000001
2002,PL,埼玉西武ライオンズ,91793864,中嶋　聡,S.Nakajima,49.0,85.0,74.0,7.0,12.0,1.0,0.0,1.0,16.0,2.0,1,0,3.0,0.0,7.0,0,1.0,22.0,2.0,0.162,0.244,0.216,0.45999999999999996,10.0,0.05399999999999999,0.08199999999999999,0.298,8.235294117647058,25.882352941176475,0.3181818181818182,0.21568627450980393,0.1638,316.0,0.14864864864864866,0.375,0.162,12.0,1.0,2.0,49.0,85.0,74.0,10.0,1.0,0.0,7.0,0.244,0.216,7.0,0,1.0,,16.0,1,0,3.0,0.0,,3.753086419753086,3.724
2002,PL,北海道日本ハムファイターズ,91793868,芝草　宇宙,H.Shibakusa,55.0,0.0,0.0,0.0,0.0,0.0,0.0,0.0,0.0,0.0,0.0,0,0.0,0.0,0.0,0,0.0,0.0,0.0,,,,0.0,0.0,0.0,0.0,,nan,nan,nan,nan,0.0,0.0,nan,nan,,0.0,0.0,0.0,55.0,0.0,0.0,0.0,0.0,0.0,0.0,,,0.0,0,0.0,,0.0,0.0,0,0.0,0.0,,nan,0.0
2002,PL,福岡ソフトバンクホークス,91793884,柴原　洋,H.Shibahara,133.0,555.0,509.0,73.0,137.0,33.0,2.0,4.0,186.0,43.0,5.0,5,21.0,6.0,17.0,0,2.0,101.0,6.0,0.269,0.292,0.365,0.657,98.0,0.09599999999999997,0.022999999999999965,0.3879999999999999,3.063063063063063,18.1981981981982,0.16831683168316833,0.32439024390243903,0.22265,413.66666666666663,0.13948919449901767,0.5555555555555556,0.269,137.0,4.0,43.0,133.0,555.0,509.0,98.0,33.0,2.0,73.0,0.292,0.365,17.0,0,2.0,,186.0,5.0,5,21.0,6.0,,54.456273764258555,51.31399999999999
2002,PL,大阪近鉄バファローズ,91795111,鷹野　史寿,F.Takano,77.0,180.0,161.0,20.0,51.0,7.0,1.0,6.0,78.0,20.0,0,2,0.0,1.0,12.0,0,6.0,33.0,5.0,0.317,0.383,0.484,0.867,37.0,0.16699999999999998,0.066,0.55,6.666666666666667,18.333333333333332,0.36363636363636365,0.36585365853658536,0.29335,544.3333333333334,0.2546583850931677,0.8521739130434782,0.317,51.0,6.0,20.0,77.0,180.0,161.0,37.0,7.0,1.0,20.0,0.383,0.484,12.0,0,6.0,,78.0,0,2,0.0,1.0,,28.404624277456648,28.739999999999995
2002,PL,北海道日本ハムファイターズ,91795113,木元　邦之,K.Kimoto,87.0,266.0,244.0,21.0,59.0,11.0,1.0,7.0,93.0,26.0,1,0,2.0,1.0,14.0,0,5.0,56.0,8.0,0.242,0.295,0.381,0.6759999999999999,40.0,0.139,0.05299999999999999,0.434,5.263157894736842,21.052631578947366,0.25,0.2857142857142857,0.228,422.0,0.19672131147540983,0.5803108808290155,0.242,59.0,7.0,26.0,87.0,266.0,244.0,40.0,11.0,1.0,21.0,0.295,0.381,14.0,0,5.0,,93.0,1,0,2.0,1.0,,26.313953488372093,27.180000000000003
2002,PL,千葉ロッテマリーンズ,91893883,山﨑　健,K.Yamasaki,40.0,0.0,0.0,0.0,0.0,0.0,0.0,0.0,0.0,0.0,0.0,0,0.0,0.0,0.0,0,0.0,0.0,0.0,,,,0.0,0.0,0.0,0.0,,nan,nan,nan,nan,0.0,0.0,nan,nan,,0.0,0.0,0.0,40.0,0.0,0.0,0.0,0.0,0.0,0.0,,,0.0,0,0.0,,0.0,0.0,0,0.0,0.0,,nan,0.0
2002,PL,オリックス・バファローズ,91895115,F.セギノール,F.Seguignol,89.0,326.0,280.0,39.0,57.0,8.0,0.0,23.0,134.0,47.0,1,0,0.0,0.0,40.0,0,6.0,104.0,5.0,0.204,0.316,0.479,0.7949999999999999,26.0,0.275,0.11200000000000002,0.591,12.269938650306749,31.901840490797547,0.38461538461538464,0.2222222222222222,0.26195,475.6666666666667,0.41785714285714287,0.7894736842105263,0.204,57.0,23.0,47.0,89.0,326.0,280.0,26.0,8.0,0.0,39.0,0.316,0.479,40.0,0,6.0,,134.0,1,0,0.0,0.0,,40.61875,45.206
2002,PL,千葉ロッテマリーンズ,91993880,橋本　将,T.Hashimoto,29.0,41.0,34.0,3.0,6.0,1.0,0.0,1.0,10.0,3.0,0.0,0,0.0,0.0,7.0,0,0.0,11.0,0.0,0.176,0.317,0.294,0.611,4.0,0.118,0.14100000000000001,0.435,17.073170731707318,26.82926829268293,0.6363636363636364,0.22727272727272727,0.21615,415.0,0.3235294117647059,0.6071428571428571,0.176,6.0,1.0,3.0,29.0,41.0,34.0,4.0,1.0,0.0,3.0,0.317,0.294,7.0,0,0.0,,10.0,0.0,0,0.0,0.0,,3.1707317073170733,3.7260000000000004
2002,PL,千葉ロッテマリーンズ,91993882,早川　健一郎,K.Hayakawa,4.0,9.0,9.0,1.0,1.0,0.0,0.0,0.0,1.0,0.0,0.0,0,0.0,0.0,0.0,0,0.0,3.0,0.0,0.111,0.111,0.111,0.222,1.0,0.0,0.0,0.111,0.0,33.33333333333333,0.0,0.16666666666666666,0.0777,148.0,0.0,0.125,0.111,1.0,0.0,0.0,4.0,9.0,9.0,1.0,0.0,0.0,1.0,0.111,0.111,0.0,0,0.0,,1.0,0.0,0,0.0,0.0,,0.1111111111111111,-0.28400000000000003
2002,PL,オリックス・バファローズ,91993884,谷　佳知,Y.Tani,138.0,579.0,524.0,49.0,171.0,31.0,1.0,5.0,219.0,39.0,41,4,0.0,4.0,47.0,0,4.0,44.0,12.0,0.326,0.383,0.418,0.8009999999999999,134.0,0.09199999999999997,0.056999999999999995,0.475,8.117443868739207,7.599309153713299,1.0681818181818181,0.3465553235908142,0.27685,522.3333333333334,0.18893129770992367,0.7506849315068493,0.326,171.0,5.0,39.0,138.0,579.0,524.0,134.0,31.0,1.0,49.0,0.383,0.418,47.0,0,4.0,,219.0,41,4,0.0,4.0,,83.61120840630473,80.51599999999999
2002,PL,大阪近鉄バファローズ,91993885,髙村　祐,H.Takamura,29.0,0.0,0.0,0.0,0.0,0.0,0.0,0.0,0.0,0.0,0.0,0,0.0,0.0,0.0,0,0.0,0.0,0.0,,,,0.0,0.0,0.0,0.0,,nan,nan,nan,nan,0.0,0.0,nan,nan,,0.0,0.0,0.0,29.0,0.0,0.0,0.0,0.0,0.0,0.0,,,0.0,0,0.0,,0.0,0.0,0,0.0,0.0,,nan,0.0
2002,PL,オリックス・バファローズ,91993888,徳元　敏,S.Tokumoto,29.0,0.0,0.0,0.0,0.0,0.0,0.0,0.0,0.0,0.0,0.0,0,0.0,0.0,0.0,0,0.0,0.0,0.0,,,,0.0,0.0,0.0,0.0,,nan,nan,nan,nan,0.0,0.0,nan,nan,,0.0,0.0,0.0,29.0,0.0,0.0,0.0,0.0,0.0,0.0,,,0.0,0,0.0,,0.0,0.0,0,0.0,0.0,,nan,0.0
2002,PL,埼玉西武ライオンズ,91993889,平尾　博嗣,H.Hirao,54.0,146.0,137.0,18.0,38.0,8.0,2.0,3.0,59.0,14.0,4,2,2.0,0.0,7.0,0,0.0,28.0,3.0,0.277,0.312,0.431,0.743,25.0,0.15399999999999997,0.034999999999999976,0.4659999999999999,4.794520547945205,19.17808219178082,0.25,0.330188679245283,0.24814999999999998,455.6666666666667,0.21897810218978103,0.6666666666666666,0.277,38.0,3.0,14.0,54.0,146.0,137.0,25.0,8.0,2.0,18.0,0.312,0.431,7.0,0,0.0,,59.0,4,2,2.0,0.0,,18.4375,17.627999999999993
2002,PL,千葉ロッテマリーンズ,91995111,戸部　浩,H.Tobe,4.0,0.0,0.0,0.0,0.0,0.0,0.0,0.0,0.0,0.0,0.0,0,0.0,0.0,0.0,0,0.0,0.0,0.0,,,,0.0,0.0,0.0,0.0,,nan,nan,nan,nan,0.0,0.0,nan,nan,,0.0,0.0,0.0,4.0,0.0,0.0,0.0,0.0,0.0,0.0,,,0.0,0,0.0,,0.0,0.0,0,0.0,0.0,,nan,0.0
2002,PL,北海道日本ハムファイターズ,93193888,S.オバンドー,S.Obando,118.0,490.0,441.0,49.0,116.0,18.0,1.0,26.0,214.0,68.0,3,2,0.0,1.0,43.0,0,5.0,95.0,11.0,0.263,0.335,0.485,0.8200000000000001,71.0,0.22199999999999998,0.07200000000000001,0.5569999999999999,8.775510204081632,19.387755102040817,0.45263157894736844,0.2803738317757009,0.272,496.6666666666667,0.3242630385487528,0.7857142857142857,0.263,116.0,26.0,68.0,118.0,490.0,441.0,71.0,18.0,1.0,49.0,0.335,0.485,43.0,0,5.0,,214.0,3,2,0.0,1.0,,70.30165289256199,71.28999999999999
2002,PL,埼玉西武ライオンズ,93195113,S.マクレーン,S.Mcclain,19.0,72.0,63.0,6.0,15.0,4.0,0.0,2.0,25.0,5.0,0,1,0.0,0.0,8.0,0,1.0,20.0,0.0,0.238,0.333,0.397,0.73,9.0,0.15900000000000003,0.09500000000000003,0.492,11.11111111111111,27.77777777777778,0.4,0.3170731707317073,0.24910000000000002,465.33333333333337,0.30158730158730157,0.7291666666666666,0.238,15.0,2.0,5.0,19.0,72.0,63.0,9.0,4.0,0.0,6.0,0.333,0.397,8.0,0,1.0,,25.0,0,1,0.0,0.0,,8.098591549295774,8.706
2002,PL,福岡ソフトバンクホークス,93993868,大道　典嘉,N.Oomichi,101.0,337.0,304.0,34.0,90.0,20.0,0.0,6.0,128.0,36.0,1,3,7.0,0.0,25.0,0,1.0,36.0,11.0,0.296,0.352,0.421,0.7729999999999999,64.0,0.125,0.055999999999999994,0.477,7.418397626112759,10.682492581602373,0.6944444444444444,0.32061068702290074,0.26365,492.3333333333333,0.21710526315789475,0.6977777777777778,0.296,90.0,6.0,36.0,101.0,337.0,304.0,64.0,20.0,0.0,34.0,0.352,0.421,25.0,0,1.0,,128.0,1,3,7.0,0.0,,44.74164133738602,43.187999999999995
