year,league,team,player_id,player_name_ja,player_name_en,G,PA,AB,R,H,2B,3B,HR,TB,RBI,SB,CS,SH,SF,BB,IBB,HBP,SO,GDP,AVG,OBP,SLG,OPS,1B,IsoP,IsoD,IOPS,BB%,K%,BB/K,BABIP,GPA,NOI,SecA,TA,打率,安打,本塁打,打点,試合,打席,打数,単打,二塁打,三塁打,得点,出塁率,長打率,四球,敬遠,死球,三振,塁打,盗塁,盗塁死,犠打,犠飛,併殺打,RC,XR
2020,PL,千葉ロッテマリーンズ,1005112,田中　靖洋,Y.Tanaka,8.0,0.0,0.0,0.0,0.0,0.0,0.0,0.0,0.0,0.0,0.0,0,0.0,0.0,0.0,0,0.0,0.0,0.0,,,,0.0,0.0,0.0,0.0,,nan,nan,nan,nan,0.0,0.0,nan,nan,,0.0,0.0,0.0,8.0,0.0,0.0,0.0,0.0,0.0,0.0,,,0.0,0,0.0,,0.0,0.0,0,0.0,0.0,,nan,0.0
2020,PL,北海道日本ハムファイターズ,1005130,髙濱　祐仁,Y.Takahama,10.0,23.0,19.0,4.0,6.0,0.0,0.0,0.0,6.0,0.0,0.0,0,2.0,0.0,2.0,0,0.0,6.0,0.0,0.316,0.381,0.316,0.6970000000000001,6.0,0.0,0.065,0.381,8.695652173913043,26.08695652173913,0.3333333333333333,0.46153846153846156,0.25045,486.3333333333333,0.10526315789473684,0.6153846153846154,0.316,6.0,0.0,0.0,10.0,23.0,19.0,6.0,0.0,0.0,4.0,0.381,0.316,2.0,0,0.0,,6.0,0.0,0,2.0,0.0,,2.2857142857142856,2.386
2020,PL,福岡ソフトバンクホークス,1005133,千賀　滉大,K.Senga,18.0,0.0,0.0,0.0,0.0,0.0,0.0,0.0,0.0,0.0,0.0,0,0.0,0.0,0.0,0,0.0,0.0,0.0,,,,0.0,0.0,0.0,0.0,,nan,nan,nan,nan,0.0,0.0,nan,nan,,0.0,0.0,0.0,18.0,0.0,0.0,0.0,0.0,0.0,0.0,,,0.0,0,0.0,,0.0,0.0,0,0.0,0.0,,nan,0.0
2020,PL,福岡ソフトバンクホークス,1005135,武田　翔太,S.Takeda,7.0,0.0,0.0,0.0,0.0,0.0,0.0,0.0,0.0,0.0,0.0,0,0.0,0.0,0.0,0,0.0,0.0,0.0,,,,0.0,0.0,0.0,0.0,,nan,nan,nan,nan,0.0,0.0,nan,nan,,0.0,0.0,0.0,7.0,0.0,0.0,0.0,0.0,0.0,0.0,,,0.0,0,0.0,,0.0,0.0,0,0.0,0.0,,nan,0.0
2020,PL,福岡ソフトバンクホークス,1005136,高橋　礼,R.Takahashi,52.0,0.0,0.0,0.0,0.0,0.0,0.0,0.0,0.0,0.0,0.0,0,0.0,0.0,0.0,0,0.0,0.0,0.0,,,,0.0,0.0,0.0,0.0,,nan,nan,nan,nan,0.0,0.0,nan,nan,,0.0,0.0,0.0,52.0,0.0,0.0,0.0,0.0,0.0,0.0,,,0.0,0,0.0,,0.0,0.0,0,0.0,0.0,,nan,0.0
2020,PL,福岡ソフトバンクホークス,1005137,東浜　巨,N.Higashihama,19.0,0.0,0.0,0.0,0.0,0.0,0.0,0.0,0.0,0.0,0.0,0,0.0,0.0,0.0,0,0.0,0.0,0.0,,,,0.0,0.0,0.0,0.0,,nan,nan,nan,nan,0.0,0.0,nan,nan,,0.0,0.0,0.0,19.0,0.0,0.0,0.0,0.0,0.0,0.0,,,0.0,0,0.0,,0.0,0.0,0,0.0,0.0,,nan,0.0
2020,PL,東北楽天ゴールデンイーグルス,11015133,塩見　貴洋,T.Shiomi,16.0,0.0,0.0,0.0,0.0,0.0,0.0,0.0,0.0,0.0,0.0,0,0.0,0.0,0.0,0,0.0,0.0,0.0,,,,0.0,0.0,0.0,0.0,,nan,nan,nan,nan,0.0,0.0,nan,nan,,0.0,0.0,0.0,16.0,0.0,0.0,0.0,0.0,0.0,0.0,,,0.0,0,0.0,,0.0,0.0,0,0.0,0.0,,nan,0.0
2020,PL,東北楽天ゴールデンイーグルス,11015138,辰己　涼介,R.Tatsumi,104.0,282.0,251.0,38.0,56.0,9.0,3.0,8.0,95.0,28.0,11,5,9.0,0.0,20.0,0,2.0,57.0,1.0,0.223,0.286,0.378,0.6639999999999999,36.0,0.155,0.06299999999999997,0.4409999999999999,7.092198581560284,20.212765957446805,0.3508771929824561,0.25806451612903225,0.22319999999999998,412.0,0.2549800796812749,0.6224489795918368,0.223,56.0,8.0,28.0,104.0,282.0,251.0,36.0,9.0,3.0,38.0,0.286,0.378,20.0,0,2.0,,95.0,11,5,9.0,0.0,,26.642066420664207,28.17
2020,PL,オリックス・バファローズ,11015139,東明　大貴,D.Toumei,2.0,0.0,0.0,0.0,0.0,0.0,0.0,0.0,0.0,0.0,0.0,0,0.0,0.0,0.0,0,0.0,0.0,0.0,,,,0.0,0.0,0.0,0.0,,nan,nan,nan,nan,0.0,0.0,nan,nan,,0.0,0.0,0.0,2.0,0.0,0.0,0.0,0.0,0.0,0.0,,,0.0,0,0.0,,0.0,0.0,0,0.0,0.0,,nan,0.0
2020,PL,オリックス・バファローズ,1105137,飯田　優也,Y.Iida,4.0,0.0,0.0,0.0,0.0,0.0,0.0,0.0,0.0,0.0,0.0,0,0.0,0.0,0.0,0,0.0,0.0,0.0,,,,0.0,0.0,0.0,0.0,,nan,nan,nan,nan,0.0,0.0,nan,nan,,0.0,0.0,0.0,4.0,0.0,0.0,0.0,0.0,0.0,0.0,,,0.0,0,0.0,,0.0,0.0,0,0.0,0.0,,nan,0.0
2020,PL,福岡ソフトバンクホークス,1105138,泉　圭輔,K.Izumi,40.0,0.0,0.0,0.0,0.0,0.0,0.0,0.0,0.0,0.0,0.0,0,0.0,0.0,0.0,0,0.0,0.0,0.0,,,,0.0,0.0,0.0,0.0,,nan,nan,nan,nan,0.0,0.0,nan,nan,,0.0,0.0,0.0,40.0,0.0,0.0,0.0,0.0,0.0,0.0,,,0.0,0,0.0,,0.0,0.0,0,0.0,0.0,,nan,0.0
2020,PL,福岡ソフトバンクホークス,11215116,中村　晃,A.Nakamura,100.0,413.0,362.0,43.0,98.0,13.0,2.0,6.0,133.0,50.0,0.0,0,3.0,6.0,39.0,0,3.0,47.0,4.0,0.271,0.341,0.367,0.708,77.0,0.09599999999999997,0.07,0.437,9.443099273607748,11.380145278450362,0.8297872340425532,0.2920634920634921,0.2452,463.33333333333337,0.20441988950276244,0.6529850746268657,0.271,98.0,6.0,50.0,100.0,413.0,362.0,77.0,13.0,2.0,43.0,0.341,0.367,39.0,0,3.0,,133.0,0.0,0,3.0,6.0,,45.438902743142144,46.568
2020,PL,北海道日本ハムファイターズ,11215118,中島　卓也,T.Nakashima,88.0,191.0,159.0,22.0,32.0,5.0,0.0,0.0,37.0,8.0,11,2,10.0,0.0,22.0,0,0.0,36.0,1.0,0.201,0.298,0.233,0.531,27.0,0.032,0.09699999999999998,0.3299999999999999,11.518324607329843,18.848167539267017,0.6111111111111112,0.2601626016260163,0.19235,375.66666666666663,0.18238993710691823,0.4765625,0.201,32.0,0.0,8.0,88.0,191.0,159.0,27.0,5.0,0.0,22.0,0.298,0.233,22.0,0,0.0,,37.0,11,2,10.0,0.0,,11.03867403314917,12.274000000000003
2020,PL,東北楽天ゴールデンイーグルス,11215134,田中　和基,K.Tanaka,80.0,282.0,254.0,38.0,61.0,10.0,1.0,8.0,97.0,25.0,6,2,3.0,1.0,23.0,0,1.0,76.0,2.0,0.24,0.305,0.382,0.687,42.0,0.14200000000000002,0.065,0.447,8.156028368794328,26.95035460992908,0.3026315789473684,0.30994152046783624,0.23275,432.33333333333337,0.24015748031496062,0.6307692307692307,0.24,61.0,8.0,25.0,80.0,282.0,254.0,42.0,10.0,1.0,38.0,0.305,0.382,23.0,0,1.0,,97.0,6,2,3.0,1.0,,29.415162454873645,30.125999999999998
2020,PL,千葉ロッテマリーンズ,11215151,髙部　瑛斗,A.Takabe,5.0,11.0,10.0,0.0,1.0,0.0,0.0,0.0,1.0,0.0,0.0,0,1.0,0.0,0.0,0,0.0,4.0,0.0,0.1,0.1,0.1,0.2,1.0,0.0,0.0,0.1,0.0,36.36363636363637,0.0,0.16666666666666666,0.07,133.33333333333334,0.0,0.1111111111111111,0.1,1.0,0.0,0.0,5.0,11.0,10.0,1.0,0.0,0.0,0.0,0.1,0.1,0.0,0,0.0,,1.0,0.0,0,1.0,0.0,,0.1,-0.382
2020,PL,埼玉西武ライオンズ,11315136,伊藤　翔,S.Itou,12.0,0.0,0.0,0.0,0.0,0.0,0.0,0.0,0.0,0.0,0.0,0,0.0,0.0,0.0,0,0.0,0.0,0.0,,,,0.0,0.0,0.0,0.0,,nan,nan,nan,nan,0.0,0.0,nan,nan,,0.0,0.0,0.0,12.0,0.0,0.0,0.0,0.0,0.0,0.0,,,0.0,0,0.0,,0.0,0.0,0,0.0,0.0,,nan,0.0
2020,PL,オリックス・バファローズ,11315138,漆原　大晟,T.Urushihara,22.0,0.0,0.0,0.0,0.0,0.0,0.0,0.0,0.0,0.0,0.0,0,0.0,0.0,0.0,0,0.0,0.0,0.0,,,,0.0,0.0,0.0,0.0,,nan,nan,nan,nan,0.0,0.0,nan,nan,,0.0,0.0,0.0,22.0,0.0,0.0,0.0,0.0,0.0,0.0,,,0.0,0,0.0,,0.0,0.0,0,0.0,0.0,,nan,0.0
2020,PL,千葉ロッテマリーンズ,11315139,井上　晴哉,S.Inoue,113.0,447.0,376.0,44.0,92.0,11.0,0.0,15.0,148.0,67.0,0.0,0,0.0,4.0,59.0,0,8.0,93.0,11.0,0.245,0.356,0.394,0.75,66.0,0.14900000000000002,0.11099999999999999,0.505,13.19910514541387,20.80536912751678,0.6344086021505376,0.28308823529411764,0.25870000000000004,487.33333333333326,0.3058510638297872,0.7288135593220338,0.245,92.0,15.0,67.0,113.0,447.0,376.0,66.0,11.0,0.0,44.0,0.356,0.394,59.0,0,8.0,,148.0,0.0,0,0.0,4.0,,51.37471264367816,56.797999999999995
2020,PL,東北楽天ゴールデンイーグルス,11415151,津留﨑　大成,T.Tsurusaki,33.0,0.0,0.0,0.0,0.0,0.0,0.0,0.0,0.0,0.0,0.0,0,0.0,0.0,0.0,0,0.0,0.0,0.0,,,,0.0,0.0,0.0,0.0,,nan,nan,nan,nan,0.0,0.0,nan,nan,,0.0,0.0,0.0,33.0,0.0,0.0,0.0,0.0,0.0,0.0,,,0.0,0,0.0,,0.0,0.0,0,0.0,0.0,,nan,0.0
2020,PL,オリックス・バファローズ,11515132,大城　滉二,K.Ooshiro,94.0,285.0,251.0,25.0,52.0,3.0,0.0,1.0,58.0,14.0,7,3,11.0,0.0,20.0,0,3.0,51.0,4.0,0.207,0.274,0.231,0.505,48.0,0.02400000000000002,0.06700000000000003,0.298,7.017543859649122,17.894736842105264,0.39215686274509803,0.2562814070351759,0.18105000000000002,351.00000000000006,0.11553784860557768,0.41379310344827586,0.207,52.0,1.0,14.0,94.0,285.0,251.0,48.0,3.0,0.0,25.0,0.274,0.231,20.0,0,3.0,,58.0,7,3,11.0,0.0,,15.409594095940959,16.228
2020,PL,千葉ロッテマリーンズ,11515138,小島　和哉,K.Ojima,20.0,0.0,0.0,0.0,0.0,0.0,0.0,0.0,0.0,0.0,0.0,0,0.0,0.0,0.0,0,0.0,0.0,0.0,,,,0.0,0.0,0.0,0.0,,nan,nan,nan,nan,0.0,0.0,nan,nan,,0.0,0.0,0.0,20.0,0.0,0.0,0.0,0.0,0.0,0.0,,,0.0,0,0.0,,0.0,0.0,0,0.0,0.0,,nan,0.0
2020,PL,千葉ロッテマリーンズ,11515139,岡　大海,H.Oka,62.0,64.0,56.0,12.0,8.0,0.0,0.0,0.0,8.0,2.0,7,3,1.0,0.0,7.0,0,0.0,18.0,1.0,0.143,0.238,0.143,0.381,8.0,0.0,0.095,0.238,10.9375,28.125,0.3888888888888889,0.21052631578947367,0.14285,285.66666666666663,0.17857142857142858,0.3673469387755102,0.143,8.0,0.0,2.0,62.0,64.0,56.0,8.0,0.0,0.0,12.0,0.238,0.143,7.0,0,0.0,,8.0,7,3,1.0,0.0,,1.9047619047619047,2.146
2020,PL,千葉ロッテマリーンズ,11615114,福田　秀平,S.Fukuda,62.0,225.0,204.0,20.0,44.0,11.0,1.0,5.0,72.0,19.0,3,5,4.0,0.0,17.0,0,0.0,73.0,3.0,0.216,0.276,0.353,0.629,27.0,0.13699999999999998,0.060000000000000026,0.413,7.555555555555555,32.44444444444444,0.2328767123287671,0.30952380952380953,0.21245000000000003,393.6666666666667,0.24509803921568626,0.5766871165644172,0.216,44.0,5.0,19.0,62.0,225.0,204.0,27.0,11.0,1.0,20.0,0.276,0.353,17.0,0,0.0,,72.0,3,5,4.0,0.0,,19.873303167420815,20.490000000000002
2020,PL,北海道日本ハムファイターズ,11615137,谷内　亮太,R.Yachi,50.0,18.0,16.0,3.0,5.0,0.0,0.0,0.0,5.0,3.0,0.0,0,0.0,1.0,1.0,0,0.0,3.0,0.0,0.312,0.333,0.312,0.645,5.0,0.0,0.02100000000000002,0.333,5.555555555555555,16.666666666666664,0.3333333333333333,0.35714285714285715,0.22785,437.0,0.0625,0.5454545454545454,0.312,5.0,0.0,3.0,50.0,18.0,16.0,5.0,0.0,0.0,3.0,0.333,0.312,1.0,0,0.0,,5.0,0.0,0,0.0,1.0,,1.7647058823529411,1.752
2020,PL,北海道日本ハムファイターズ,11615138,福田　俊,S.Fukuda,30.0,0.0,0.0,0.0,0.0,0.0,0.0,0.0,0.0,0.0,0.0,0,0.0,0.0,0.0,0,0.0,0.0,0.0,,,,0.0,0.0,0.0,0.0,,nan,nan,nan,nan,0.0,0.0,nan,nan,,0.0,0.0,0.0,30.0,0.0,0.0,0.0,0.0,0.0,0.0,,,0.0,0,0.0,,0.0,0.0,0,0.0,0.0,,nan,0.0
2020,PL,福岡ソフトバンクホークス,11715131,川原　弘之,H.Kawahara,22.0,0.0,0.0,0.0,0.0,0.0,0.0,0.0,0.0,0.0,0.0,0,0.0,0.0,0.0,0,0.0,0.0,0.0,,,,0.0,0.0,0.0,0.0,,nan,nan,nan,nan,0.0,0.0,nan,nan,,0.0,0.0,0.0,22.0,0.0,0.0,0.0,0.0,0.0,0.0,,,0.0,0,0.0,,0.0,0.0,0,0.0,0.0,,nan,0.0
2020,PL,福岡ソフトバンクホークス,11715132,川瀬　晃,H.Kawase,70.0,164.0,141.0,12.0,27.0,6.0,1.0,0.0,35.0,10.0,2,1,10.0,1.0,11.0,0,1.0,26.0,0.0,0.191,0.253,0.248,0.501,20.0,0.056999999999999995,0.062,0.31,6.707317073170732,15.853658536585366,0.4230769230769231,0.23275862068965517,0.17585,335.6666666666667,0.14184397163120568,0.42105263157894735,0.191,27.0,0.0,10.0,70.0,164.0,141.0,20.0,6.0,1.0,12.0,0.253,0.248,11.0,0,1.0,,35.0,2,1,10.0,1.0,,8.75,8.328
2020,PL,福岡ソフトバンクホークス,11815117,和田　毅,T.Wada,16.0,0.0,0.0,0.0,0.0,0.0,0.0,0.0,0.0,0.0,0.0,0,0.0,0.0,0.0,0,0.0,0.0,0.0,,,,0.0,0.0,0.0,0.0,,nan,nan,nan,nan,0.0,0.0,nan,nan,,0.0,0.0,0.0,16.0,0.0,0.0,0.0,0.0,0.0,0.0,,,0.0,0,0.0,,0.0,0.0,0,0.0,0.0,,nan,0.0
2020,PL,オリックス・バファローズ,11815130,宗　佑磨,Y.Mune,72.0,203.0,182.0,16.0,41.0,10.0,1.0,1.0,56.0,9.0,5.0,5,5.0,0.0,10.0,0,6.0,32.0,2.0,0.225,0.288,0.308,0.596,29.0,0.08299999999999999,0.06299999999999997,0.371,4.926108374384237,15.763546798029557,0.3125,0.2684563758389262,0.2066,390.6666666666667,0.16483516483516483,0.5384615384615384,0.225,41.0,1.0,9.0,72.0,203.0,182.0,29.0,10.0,1.0,16.0,0.288,0.308,10.0,0,6.0,,56.0,5.0,5,5.0,0.0,,14.875,16.541999999999998
2020,PL,東北楽天ゴールデンイーグルス,11815132,堀内　謙伍,K.Horiuchi,10.0,8.0,7.0,0.0,0.0,0.0,0.0,0.0,0.0,0.0,0.0,0,1.0,0.0,0.0,0,0.0,4.0,0.0,0.0,0.0,0.0,0.0,0.0,0.0,0.0,0.0,0.0,50.0,0.0,0.0,0.0,0.0,0.0,0.0,0.0,0.0,0.0,0.0,10.0,8.0,7.0,0.0,0.0,0.0,0.0,0.0,0.0,0.0,0,0.0,,0.0,0.0,0,1.0,0.0,,0.0,-0.686
2020,PL,オリックス・バファローズ,11915130,齋藤　綱記,K.Saitou,32.0,0.0,0.0,0.0,0.0,0.0,0.0,0.0,0.0,0.0,0.0,0,0.0,0.0,0.0,0,0.0,0.0,0.0,,,,0.0,0.0,0.0,0.0,,nan,nan,nan,nan,0.0,0.0,nan,nan,,0.0,0.0,0.0,32.0,0.0,0.0,0.0,0.0,0.0,0.0,,,0.0,0,0.0,,0.0,0.0,0,0.0,0.0,,nan,0.0
2020,PL,埼玉西武ライオンズ,1205130,戸川　大輔,D.Togawa,4.0,9.0,9.0,1.0,1.0,0.0,0.0,0.0,1.0,0.0,0.0,0,0.0,0.0,0.0,0,0.0,0.0,0.0,0.111,0.111,0.111,0.222,1.0,0.0,0.0,0.111,0.0,0.0,nan,0.1111111111111111,0.0777,148.0,0.0,0.125,0.111,1.0,0.0,0.0,4.0,9.0,9.0,1.0,0.0,0.0,1.0,0.111,0.111,0.0,0,0.0,,1.0,0.0,0,0.0,0.0,,0.1111111111111111,-0.28400000000000003
2020,PL,埼玉西武ライオンズ,1205134,田村　伊知郎,I.Tamura,31.0,0.0,0.0,0.0,0.0,0.0,0.0,0.0,0.0,0.0,0.0,0,0.0,0.0,0.0,0,0.0,0.0,0.0,,,,0.0,0.0,0.0,0.0,,nan,nan,nan,nan,0.0,0.0,nan,nan,,0.0,0.0,0.0,31.0,0.0,0.0,0.0,0.0,0.0,0.0,,,0.0,0,0.0,,0.0,0.0,0,0.0,0.0,,nan,0.0
2020,PL,千葉ロッテマリーンズ,1205137,松永　昂大,T.Matsunaga,5.0,0.0,0.0,0.0,0.0,0.0,0.0,0.0,0.0,0.0,0.0,0,0.0,0.0,0.0,0,0.0,0.0,0.0,,,,0.0,0.0,0.0,0.0,,nan,nan,nan,nan,0.0,0.0,nan,nan,,0.0,0.0,0.0,5.0,0.0,0.0,0.0,0.0,0.0,0.0,,,0.0,0,0.0,,0.0,0.0,0,0.0,0.0,,nan,0.0
2020,PL,千葉ロッテマリーンズ,1205138,中村　稔弥,T.Nakamura,16.0,0.0,0.0,0.0,0.0,0.0,0.0,0.0,0.0,0.0,0.0,0,0.0,0.0,0.0,0,0.0,0.0,0.0,,,,0.0,0.0,0.0,0.0,,nan,nan,nan,nan,0.0,0.0,nan,nan,,0.0,0.0,0.0,16.0,0.0,0.0,0.0,0.0,0.0,0.0,,,0.0,0,0.0,,0.0,0.0,0,0.0,0.0,,nan,0.0
2020,PL,埼玉西武ライオンズ,1305133,榎田　大樹,D.Enokida,5.0,0.0,0.0,0.0,0.0,0.0,0.0,0.0,0.0,0.0,0.0,0,0.0,0.0,0.0,0,0.0,0.0,0.0,,,,0.0,0.0,0.0,0.0,,nan,nan,nan,nan,0.0,0.0,nan,nan,,0.0,0.0,0.0,5.0,0.0,0.0,0.0,0.0,0.0,0.0,,,0.0,0,0.0,,0.0,0.0,0,0.0,0.0,,nan,0.0
2020,PL,東北楽天ゴールデンイーグルス,1305139,内田　靖人,Y.Uchida,38.0,109.0,93.0,9.0,16.0,3.0,0.0,5.0,34.0,18.0,1,0,0.0,1.0,14.0,0,1.0,31.0,5.0,0.172,0.284,0.366,0.6499999999999999,8.0,0.194,0.11199999999999999,0.478,12.844036697247708,28.440366972477065,0.45161290322580644,0.1896551724137931,0.2193,406.0,0.34408602150537637,0.5975609756097561,0.172,16.0,5.0,18.0,38.0,109.0,93.0,8.0,3.0,0.0,9.0,0.284,0.366,14.0,0,1.0,,34.0,1,0,0.0,1.0,,9.532710280373832,10.764
2020,PL,埼玉西武ライオンズ,13115130,山田　遥楓,H.Yamada,8.0,5.0,5.0,1.0,1.0,0.0,0.0,0.0,1.0,0.0,0.0,0,0.0,0.0,0.0,0,0.0,1.0,0.0,0.2,0.2,0.2,0.4,1.0,0.0,0.0,0.2,0.0,20.0,0.0,0.25,0.14,266.6666666666667,0.0,0.25,0.2,1.0,0.0,0.0,8.0,5.0,5.0,1.0,0.0,0.0,1.0,0.2,0.2,0.0,0,0.0,,1.0,0.0,0,0.0,0.0,,0.2,0.10799999999999998
2020,PL,オリックス・バファローズ,13115136,山足　達也,T.Yamaashi,63.0,105.0,96.0,21.0,21.0,5.0,0.0,1.0,29.0,5.0,3,1,6.0,0.0,2.0,0,1.0,13.0,0.0,0.219,0.242,0.302,0.544,15.0,0.08299999999999999,0.022999999999999993,0.3249999999999999,1.9047619047619049,12.380952380952381,0.15384615384615385,0.24390243902439024,0.1844,342.6666666666667,0.11458333333333333,0.44,0.219,21.0,1.0,5.0,63.0,105.0,96.0,15.0,5.0,0.0,21.0,0.242,0.302,2.0,0,1.0,,29.0,3,1,6.0,0.0,,6.8061224489795915,6.3599999999999985
2020,PL,北海道日本ハムファイターズ,13115138,吉田　輝星,K.Yoshida,5.0,0.0,0.0,0.0,0.0,0.0,0.0,0.0,0.0,0.0,0.0,0,0.0,0.0,0.0,0,0.0,0.0,0.0,,,,0.0,0.0,0.0,0.0,,nan,nan,nan,nan,0.0,0.0,nan,nan,,0.0,0.0,0.0,5.0,0.0,0.0,0.0,0.0,0.0,0.0,,,0.0,0,0.0,,0.0,0.0,0,0.0,0.0,,nan,0.0
2020,PL,オリックス・バファローズ,13315132,吉田　凌,R.Yoshida,35.0,0.0,0.0,0.0,0.0,0.0,0.0,0.0,0.0,0.0,0.0,0,0.0,0.0,0.0,0,0.0,0.0,0.0,,,,0.0,0.0,0.0,0.0,,nan,nan,nan,nan,0.0,0.0,nan,nan,,0.0,0.0,0.0,35.0,0.0,0.0,0.0,0.0,0.0,0.0,,,0.0,0,0.0,,0.0,0.0,0,0.0,0.0,,nan,0.0
2020,PL,福岡ソフトバンクホークス,13315133,W.バレンティン,W.Balentien,60.0,218.0,191.0,16.0,32.0,7.0,0.0,9.0,66.0,22.0,0,1,0.0,2.0,25.0,0,0.0,59.0,8.0,0.168,0.261,0.346,0.607,16.0,0.17799999999999996,0.093,0.4389999999999999,11.46788990825688,27.06422018348624,0.423728813559322,0.184,0.20395000000000002,376.33333333333337,0.31413612565445026,0.5508982035928144,0.168,32.0,9.0,22.0,60.0,218.0,191.0,16.0,7.0,0.0,16.0,0.261,0.346,25.0,0,0.0,,66.0,0,1,0.0,2.0,,17.416666666666668,18.848
2020,PL,埼玉西武ライオンズ,13315138,Z.ニール,Z.Neal,21.0,0.0,0.0,0.0,0.0,0.0,0.0,0.0,0.0,0.0,0.0,0,0.0,0.0,0.0,0,0.0,0.0,0.0,,,,0.0,0.0,0.0,0.0,,nan,nan,nan,nan,0.0,0.0,nan,nan,,0.0,0.0,0.0,21.0,0.0,0.0,0.0,0.0,0.0,0.0,,,0.0,0,0.0,,0.0,0.0,0,0.0,0.0,,nan,0.0
2020,PL,福岡ソフトバンクホークス,13515130,R.バンデンハーク,R.Vandenhurk,5.0,0.0,0.0,0.0,0.0,0.0,0.0,0.0,0.0,0.0,0.0,0,0.0,0.0,0.0,0,0.0,0.0,0.0,,,,0.0,0.0,0.0,0.0,,nan,nan,nan,nan,0.0,0.0,nan,nan,,0.0,0.0,0.0,5.0,0.0,0.0,0.0,0.0,0.0,0.0,,,0.0,0,0.0,,0.0,0.0,0,0.0,0.0,,nan,0.0
2020,PL,千葉ロッテマリーンズ,13515132,J.ジャクソン,J.Jackson,7.0,0.0,0.0,0.0,0.0,0.0,0.0,0.0,0.0,0.0,0.0,0,0.0,0.0,0.0,0,0.0,0.0,0.0,,,,0.0,0.0,0.0,0.0,,nan,nan,nan,nan,0.0,0.0,nan,nan,,0.0,0.0,0.0,7.0,0.0,0.0,0.0,0.0,0.0,0.0,,,0.0,0,0.0,,0.0,0.0,0,0.0,0.0,,nan,0.0
2020,PL,埼玉西武ライオンズ,13715151,S.ノリン,S.Nolin,5.0,0.0,0.0,0.0,0.0,0.0,0.0,0.0,0.0,0.0,0.0,0,0.0,0.0,0.0,0,0.0,0.0,0.0,,,,0.0,0.0,0.0,0.0,,nan,nan,nan,nan,0.0,0.0,nan,nan,,0.0,0.0,0.0,5.0,0.0,0.0,0.0,0.0,0.0,0.0,,,0.0,0,0.0,,0.0,0.0,0,0.0,0.0,,nan,0.0
2020,PL,オリックス・バファローズ,13915151,A.ロドリゲス,A.Rodriguez,59.0,211.0,193.0,11.0,42.0,10.0,0.0,6.0,70.0,25.0,1,0,0.0,1.0,14.0,0,3.0,55.0,3.0,0.218,0.28,0.363,0.643,26.0,0.145,0.06200000000000003,0.425,6.6350710900473935,26.066350710900476,0.2545454545454545,0.2706766917293233,0.21675000000000003,401.0,0.21761658031088082,0.564935064935065,0.218,42.0,6.0,25.0,59.0,211.0,193.0,26.0,10.0,0.0,11.0,0.28,0.363,14.0,0,3.0,,70.0,1,0,0.0,1.0,,18.93719806763285,19.652
2020,PL,埼玉西武ライオンズ,1405134,中塚　駿太,S.Nakatsuka,6.0,0.0,0.0,0.0,0.0,0.0,0.0,0.0,0.0,0.0,0.0,0,0.0,0.0,0.0,0,0.0,0.0,0.0,,,,0.0,0.0,0.0,0.0,,nan,nan,nan,nan,0.0,0.0,nan,nan,,0.0,0.0,0.0,6.0,0.0,0.0,0.0,0.0,0.0,0.0,,,0.0,0,0.0,,0.0,0.0,0,0.0,0.0,,nan,0.0
2020,PL,オリックス・バファローズ,1405136,西村　凌,R.Nishimura,29.0,76.0,62.0,7.0,10.0,2.0,0.0,1.0,15.0,3.0,2.0,2,5.0,0.0,9.0,0,0.0,12.0,0.0,0.161,0.268,0.242,0.51,7.0,0.08099999999999999,0.10700000000000001,0.349,11.842105263157894,15.789473684210526,0.75,0.1836734693877551,0.1811,348.6666666666667,0.25806451612903225,0.5,0.161,10.0,1.0,3.0,29.0,76.0,62.0,7.0,2.0,0.0,7.0,0.268,0.242,9.0,0,0.0,,15.0,2.0,2,5.0,0.0,,4.014084507042254,4.613999999999999
2020,PL,福岡ソフトバンクホークス,1405139,森　唯斗,Y.Mori,52.0,0.0,0.0,0.0,0.0,0.0,0.0,0.0,0.0,0.0,0.0,0,0.0,0.0,0.0,0,0.0,0.0,0.0,,,,0.0,0.0,0.0,0.0,,nan,nan,nan,nan,0.0,0.0,nan,nan,,0.0,0.0,0.0,52.0,0.0,0.0,0.0,0.0,0.0,0.0,,,0.0,0,0.0,,0.0,0.0,0,0.0,0.0,,nan,0.0
2020,PL,千葉ロッテマリーンズ,1505114,大嶺　祐太,Y.Oomine,2.0,0.0,0.0,0.0,0.0,0.0,0.0,0.0,0.0,0.0,0.0,0,0.0,0.0,0.0,0,0.0,0.0,0.0,,,,0.0,0.0,0.0,0.0,,nan,nan,nan,nan,0.0,0.0,nan,nan,,0.0,0.0,0.0,2.0,0.0,0.0,0.0,0.0,0.0,0.0,,,0.0,0,0.0,,0.0,0.0,0,0.0,0.0,,nan,0.0
2020,PL,東北楽天ゴールデンイーグルス,1505118,辛島　航,W.Karashima,19.0,0.0,0.0,0.0,0.0,0.0,0.0,0.0,0.0,0.0,0.0,0,0.0,0.0,0.0,0,0.0,0.0,0.0,,,,0.0,0.0,0.0,0.0,,nan,nan,nan,nan,0.0,0.0,nan,nan,,0.0,0.0,0.0,19.0,0.0,0.0,0.0,0.0,0.0,0.0,,,0.0,0,0.0,,0.0,0.0,0,0.0,0.0,,nan,0.0
2020,PL,福岡ソフトバンクホークス,1505130,笠谷　俊介,S.Kasaya,20.0,0.0,0.0,0.0,0.0,0.0,0.0,0.0,0.0,0.0,0.0,0,0.0,0.0,0.0,0,0.0,0.0,0.0,,,,0.0,0.0,0.0,0.0,,nan,nan,nan,nan,0.0,0.0,nan,nan,,0.0,0.0,0.0,20.0,0.0,0.0,0.0,0.0,0.0,0.0,,,0.0,0,0.0,,0.0,0.0,0,0.0,0.0,,nan,0.0
2020,PL,オリックス・バファローズ,1505134,神戸　文也,F.Kanbe,5.0,0.0,0.0,0.0,0.0,0.0,0.0,0.0,0.0,0.0,0.0,0,0.0,0.0,0.0,0,0.0,0.0,0.0,,,,0.0,0.0,0.0,0.0,,nan,nan,nan,nan,0.0,0.0,nan,nan,,0.0,0.0,0.0,5.0,0.0,0.0,0.0,0.0,0.0,0.0,,,0.0,0,0.0,,0.0,0.0,0,0.0,0.0,,nan,0.0
2020,PL,北海道日本ハムファイターズ,1505136,北浦　竜次,R.Kitaura,3.0,0.0,0.0,0.0,0.0,0.0,0.0,0.0,0.0,0.0,0.0,0,0.0,0.0,0.0,0,0.0,0.0,0.0,,,,0.0,0.0,0.0,0.0,,nan,nan,nan,nan,0.0,0.0,nan,nan,,0.0,0.0,0.0,3.0,0.0,0.0,0.0,0.0,0.0,0.0,,,0.0,0,0.0,,0.0,0.0,0,0.0,0.0,,nan,0.0
2020,PL,埼玉西武ライオンズ,1505137,金子　侑司,Y.Kaneko,86.0,338.0,301.0,41.0,75.0,7.0,0.0,3.0,91.0,21.0,14,9,5.0,3.0,29.0,0,0.0,55.0,5.0,0.249,0.312,0.302,0.614,65.0,0.05299999999999999,0.063,0.365,8.579881656804734,16.272189349112427,0.5272727272727272,0.2926829268292683,0.21589999999999998,412.6666666666667,0.17940199335548174,0.5584415584415584,0.249,75.0,3.0,21.0,86.0,338.0,301.0,65.0,7.0,0.0,41.0,0.312,0.302,29.0,0,0.0,,91.0,14,9,5.0,3.0,,28.67878787878788,30.901999999999997
2020,PL,北海道日本ハムファイターズ,1605132,平沼　翔太,S.Hiranuma,52.0,180.0,158.0,18.0,36.0,6.0,2.0,0.0,46.0,6.0,1,2,6.0,0.0,12.0,0,4.0,24.0,5.0,0.228,0.299,0.291,0.59,28.0,0.06299999999999997,0.07099999999999998,0.362,6.666666666666667,13.333333333333334,0.5,0.26865671641791045,0.20729999999999998,395.99999999999994,0.1518987341772152,0.5039370078740157,0.228,36.0,0.0,6.0,52.0,180.0,158.0,28.0,6.0,2.0,18.0,0.299,0.291,12.0,0,4.0,,46.0,1,2,6.0,0.0,,12.988235294117647,14.083999999999998
2020,PL,千葉ロッテマリーンズ,1605133,美馬　学,M.Mima,19.0,0.0,0.0,0.0,0.0,0.0,0.0,0.0,0.0,0.0,0.0,0,0.0,0.0,0.0,0,0.0,0.0,0.0,,,,0.0,0.0,0.0,0.0,,nan,nan,nan,nan,0.0,0.0,nan,nan,,0.0,0.0,0.0,19.0,0.0,0.0,0.0,0.0,0.0,0.0,,,0.0,0,0.0,,0.0,0.0,0,0.0,0.0,,nan,0.0
2020,PL,オリックス・バファローズ,1605136,福田　周平,S.Fukuda,76.0,312.0,260.0,33.0,67.0,12.0,4.0,0.0,87.0,24.0,13,5,3.0,3.0,43.0,0,3.0,44.0,5.0,0.258,0.366,0.335,0.7010000000000001,51.0,0.07700000000000001,0.10799999999999998,0.443,13.782051282051283,14.102564102564102,0.9772727272727273,0.3059360730593607,0.24845,477.6666666666667,0.26153846153846155,0.696969696969697,0.258,67.0,0.0,24.0,76.0,312.0,260.0,51.0,12.0,4.0,33.0,0.366,0.335,43.0,0,3.0,,87.0,13,5,3.0,3.0,,31.584158415841586,35.465999999999994
2020,PL,福岡ソフトバンクホークス,1705130,栗原　陵矢,R.Kurihara,118.0,500.0,440.0,52.0,107.0,21.0,3.0,17.0,185.0,73.0,5.0,5,11.0,6.0,38.0,0,5.0,90.0,7.0,0.243,0.307,0.42,0.727,66.0,0.177,0.064,0.484,7.6,18.0,0.4222222222222222,0.26548672566371684,0.24314999999999998,446.99999999999994,0.275,0.6852941176470588,0.243,107.0,17.0,73.0,118.0,500.0,440.0,66.0,21.0,3.0,52.0,0.307,0.42,38.0,0,5.0,,185.0,5.0,5,11.0,6.0,,56.11924686192469,58.176
2020,PL,東北楽天ゴールデンイーグルス,1705136,近藤　弘樹,H.Kondou,6.0,0.0,0.0,0.0,0.0,0.0,0.0,0.0,0.0,0.0,0.0,0,0.0,0.0,0.0,0,0.0,0.0,0.0,,,,0.0,0.0,0.0,0.0,,nan,nan,nan,nan,0.0,0.0,nan,nan,,0.0,0.0,0.0,6.0,0.0,0.0,0.0,0.0,0.0,0.0,,,0.0,0,0.0,,0.0,0.0,0,0.0,0.0,,nan,0.0
2020,PL,東北楽天ゴールデンイーグルス,1705137,下妻　貴寛,T.Shimotsuma,43.0,90.0,77.0,5.0,12.0,4.0,0.0,1.0,19.0,9.0,0.0,0,11.0,1.0,1.0,0,0.0,26.0,0.0,0.156,0.165,0.247,0.41200000000000003,7.0,0.091,0.009000000000000008,0.256,1.1111111111111112,28.888888888888886,0.038461538461538464,0.21568627450980393,0.136,247.33333333333334,0.1038961038961039,0.3076923076923077,0.156,12.0,1.0,9.0,43.0,90.0,77.0,7.0,4.0,0.0,5.0,0.165,0.247,1.0,0,0.0,,19.0,0.0,0,11.0,1.0,,3.1666666666666665,1.7800000000000002
2020,PL,埼玉西武ライオンズ,1905130,佐野　泰雄,Y.Sano,8.0,0.0,0.0,0.0,0.0,0.0,0.0,0.0,0.0,0.0,0.0,0,0.0,0.0,0.0,0,0.0,0.0,0.0,,,,0.0,0.0,0.0,0.0,,nan,nan,nan,nan,0.0,0.0,nan,nan,,0.0,0.0,0.0,8.0,0.0,0.0,0.0,0.0,0.0,0.0,,,0.0,0,0.0,,0.0,0.0,0,0.0,0.0,,nan,0.0
2020,PL,オリックス・バファローズ,1905134,澤田　圭佑,K.Sawada,24.0,0.0,0.0,0.0,0.0,0.0,0.0,0.0,0.0,0.0,0.0,0,0.0,0.0,0.0,0,0.0,0.0,0.0,,,,0.0,0.0,0.0,0.0,,nan,nan,nan,nan,0.0,0.0,nan,nan,,0.0,0.0,0.0,24.0,0.0,0.0,0.0,0.0,0.0,0.0,,,0.0,0,0.0,,0.0,0.0,0,0.0,0.0,,nan,0.0
2020,PL,東北楽天ゴールデンイーグルス,1905138,鈴木　翔天,S.Suzuki,2.0,0.0,0.0,0.0,0.0,0.0,0.0,0.0,0.0,0.0,0.0,0,0.0,0.0,0.0,0,0.0,0.0,0.0,,,,0.0,0.0,0.0,0.0,,nan,nan,nan,nan,0.0,0.0,nan,nan,,0.0,0.0,0.0,2.0,0.0,0.0,0.0,0.0,0.0,0.0,,,0.0,0,0.0,,0.0,0.0,0,0.0,0.0,,nan,0.0
2020,PL,東北楽天ゴールデンイーグルス,1905151,黒川　史陽,F.Kurokawa,10.0,17.0,14.0,0.0,2.0,0.0,0.0,0.0,2.0,2.0,0.0,0,0.0,1.0,1.0,0,1.0,6.0,1.0,0.143,0.235,0.143,0.378,2.0,0.0,0.092,0.235,5.88235294117647,35.294117647058826,0.16666666666666666,0.2222222222222222,0.1415,282.66666666666663,0.07142857142857142,0.3076923076923077,0.143,2.0,0.0,2.0,10.0,17.0,14.0,2.0,0.0,0.0,0.0,0.235,0.143,1.0,0,1.0,,2.0,0.0,0,0.0,1.0,,0.4,0.484
2020,PL,オリックス・バファローズ,21025132,竹安　大知,D.Takeyasu,2.0,0.0,0.0,0.0,0.0,0.0,0.0,0.0,0.0,0.0,0.0,0,0.0,0.0,0.0,0,0.0,0.0,0.0,,,,0.0,0.0,0.0,0.0,,nan,nan,nan,nan,0.0,0.0,nan,nan,,0.0,0.0,0.0,2.0,0.0,0.0,0.0,0.0,0.0,0.0,,,0.0,0,0.0,,0.0,0.0,0,0.0,0.0,,nan,0.0
2020,PL,北海道日本ハムファイターズ,21125134,石井　一成,K.Ishii,59.0,104.0,95.0,9.0,17.0,4.0,1.0,0.0,23.0,3.0,1.0,1,5.0,1.0,3.0,0,0.0,13.0,1.0,0.179,0.202,0.242,0.444,12.0,0.063,0.02300000000000002,0.265,2.8846153846153846,12.5,0.23076923076923078,0.20481927710843373,0.1514,282.6666666666667,0.10526315789473684,0.34177215189873417,0.179,17.0,0.0,3.0,59.0,104.0,95.0,12.0,4.0,1.0,9.0,0.202,0.242,3.0,0,0.0,,23.0,1.0,1,5.0,1.0,,4.6938775510204085,3.445999999999998
2020,PL,東北楽天ゴールデンイーグルス,21225110,藤田　一也,K.Fujita,55.0,38.0,35.0,3.0,7.0,1.0,0.0,0.0,8.0,4.0,0.0,0,2.0,0.0,1.0,0,0.0,5.0,2.0,0.2,0.222,0.229,0.451,6.0,0.028999999999999998,0.021999999999999992,0.251,2.631578947368421,13.157894736842104,0.2,0.23333333333333334,0.15715,298.3333333333333,0.05714285714285714,0.3,0.2,7.0,0.0,4.0,55.0,38.0,35.0,6.0,1.0,0.0,3.0,0.222,0.229,1.0,0,0.0,,8.0,0.0,0,2.0,0.0,,1.7777777777777777,1.3059999999999996
2020,PL,千葉ロッテマリーンズ,21225132,東條　大樹,T.Toujou,39.0,0.0,0.0,0.0,0.0,0.0,0.0,0.0,0.0,0.0,0.0,0,0.0,0.0,0.0,0,0.0,0.0,0.0,,,,0.0,0.0,0.0,0.0,,nan,nan,nan,nan,0.0,0.0,nan,nan,,0.0,0.0,0.0,39.0,0.0,0.0,0.0,0.0,0.0,0.0,,,0.0,0,0.0,,0.0,0.0,0,0.0,0.0,,nan,0.0
2020,PL,北海道日本ハムファイターズ,21225133,西川　遥輝,H.Nishikawa,115.0,523.0,422.0,82.0,129.0,17.0,3.0,5.0,167.0,39.0,42,7,4.0,3.0,92.0,0,2.0,84.0,5.0,0.306,0.43,0.396,0.8260000000000001,104.0,0.09000000000000002,0.124,0.52,17.590822179732314,16.061185468451242,1.0952380952380953,0.36904761904761907,0.2925,562.0,0.3246445497630332,0.8993288590604027,0.306,129.0,5.0,39.0,115.0,523.0,422.0,104.0,17.0,3.0,82.0,0.43,0.396,92.0,0,2.0,,167.0,42,7,4.0,3.0,,71.8035019455253,78.12600000000002
2020,PL,千葉ロッテマリーンズ,21225139,二木　康太,K.Futaki,15.0,0.0,0.0,0.0,0.0,0.0,0.0,0.0,0.0,0.0,0.0,0,0.0,0.0,0.0,0,0.0,0.0,0.0,,,,0.0,0.0,0.0,0.0,,nan,nan,nan,nan,0.0,0.0,nan,nan,,0.0,0.0,0.0,15.0,0.0,0.0,0.0,0.0,0.0,0.0,,,0.0,0,0.0,,0.0,0.0,0,0.0,0.0,,nan,0.0
2020,PL,埼玉西武ライオンズ,21325132,呉　念庭,N.Uu,51.0,52.0,44.0,5.0,10.0,3.0,0.0,0.0,13.0,5.0,2.0,2,2.0,0.0,4.0,0,2.0,8.0,1.0,0.227,0.32,0.295,0.615,7.0,0.06799999999999998,0.093,0.388,7.6923076923076925,15.384615384615385,0.5,0.2777777777777778,0.21775,418.3333333333333,0.20454545454545456,0.6,0.227,10.0,0.0,5.0,51.0,52.0,44.0,7.0,3.0,0.0,5.0,0.32,0.295,4.0,0,2.0,,13.0,2.0,2,2.0,0.0,,3.7916666666666665,4.667999999999999
2020,PL,東北楽天ゴールデンイーグルス,21325135,岡島　豪郎,T.Okajima,35.0,85.0,75.0,10.0,15.0,6.0,1.0,0.0,23.0,9.0,0.0,0,2.0,0.0,8.0,0,0.0,26.0,2.0,0.2,0.277,0.307,0.5840000000000001,8.0,0.10699999999999998,0.07700000000000001,0.384,9.411764705882353,30.58823529411765,0.3076923076923077,0.30612244897959184,0.20140000000000002,379.33333333333337,0.21333333333333335,0.5,0.2,15.0,0.0,9.0,35.0,85.0,75.0,8.0,6.0,1.0,10.0,0.277,0.307,8.0,0,0.0,,23.0,0.0,0,2.0,0.0,,6.373493975903615,6.12
2020,PL,千葉ロッテマリーンズ,21425112,細谷　圭,K.Hosoya,1.0,0.0,0.0,0.0,0.0,0.0,0.0,0.0,0.0,0.0,0.0,0,0.0,0.0,0.0,0,0.0,0.0,0.0,,,,0.0,0.0,0.0,0.0,,nan,nan,nan,nan,0.0,0.0,nan,nan,,0.0,0.0,0.0,1.0,0.0,0.0,0.0,0.0,0.0,0.0,,,0.0,0,0.0,,0.0,0.0,0,0.0,0.0,,nan,0.0
2020,PL,福岡ソフトバンクホークス,21425114,長谷川　勇也,Y.Hasegawa,29.0,87.0,76.0,6.0,17.0,5.0,0.0,1.0,25.0,7.0,0.0,0,0.0,0.0,10.0,0,1.0,18.0,2.0,0.224,0.322,0.329,0.651,11.0,0.10500000000000001,0.098,0.427,11.494252873563218,20.689655172413794,0.5555555555555556,0.2807017543859649,0.22715000000000002,431.6666666666667,0.23684210526315788,0.5901639344262295,0.224,17.0,1.0,7.0,29.0,87.0,76.0,11.0,5.0,0.0,6.0,0.322,0.329,10.0,0,1.0,,25.0,0.0,0,0.0,0.0,,7.848837209302325,8.388
2020,PL,福岡ソフトバンクホークス,21425138,板東　湧梧,Y.Bandou,15.0,0.0,0.0,0.0,0.0,0.0,0.0,0.0,0.0,0.0,0.0,0,0.0,0.0,0.0,0,0.0,0.0,0.0,,,,0.0,0.0,0.0,0.0,,nan,nan,nan,nan,0.0,0.0,nan,nan,,0.0,0.0,0.0,15.0,0.0,0.0,0.0,0.0,0.0,0.0,,,0.0,0,0.0,,0.0,0.0,0,0.0,0.0,,nan,0.0
2020,PL,埼玉西武ライオンズ,21425139,山川　穂高,H.Yamakawa,102.0,401.0,322.0,47.0,66.0,7.0,0.0,24.0,145.0,73.0,0.0,0,0.0,2.0,64.0,0,13.0,100.0,6.0,0.205,0.357,0.45,0.8069999999999999,35.0,0.24500000000000002,0.152,0.602,15.96009975062344,24.93765586034913,0.64,0.21,0.27315,507.0,0.4440993788819876,0.8473282442748091,0.205,66.0,24.0,73.0,102.0,401.0,322.0,35.0,7.0,0.0,47.0,0.357,0.45,64.0,0,13.0,,145.0,0.0,0,0.0,2.0,,48.83419689119171,57.422000000000004
2020,PL,千葉ロッテマリーンズ,21525116,唐川　侑己,Y.Karakawa,32.0,0.0,0.0,0.0,0.0,0.0,0.0,0.0,0.0,0.0,0.0,0,0.0,0.0,0.0,0,0.0,0.0,0.0,,,,0.0,0.0,0.0,0.0,,nan,nan,nan,nan,0.0,0.0,nan,nan,,0.0,0.0,0.0,32.0,0.0,0.0,0.0,0.0,0.0,0.0,,,0.0,0,0.0,,0.0,0.0,0,0.0,0.0,,nan,0.0
2020,PL,千葉ロッテマリーンズ,21525132,柿沼　友哉,T.Kakinuma,56.0,129.0,106.0,6.0,17.0,1.0,0.0,0.0,18.0,9.0,0.0,0,15.0,0.0,5.0,0,3.0,31.0,2.0,0.16,0.219,0.17,0.389,16.0,0.010000000000000009,0.059,0.229,3.875968992248062,24.031007751937985,0.16129032258064516,0.22666666666666666,0.14105,275.6666666666667,0.05660377358490566,0.2857142857142857,0.16,17.0,0.0,9.0,56.0,129.0,106.0,16.0,1.0,0.0,6.0,0.219,0.17,5.0,0,3.0,,18.0,0.0,0,15.0,0.0,,3.5675675675675675,2.6380000000000017
2020,PL,オリックス・バファローズ,21525137,金田　和之,K.Kaneda,6.0,0.0,0.0,0.0,0.0,0.0,0.0,0.0,0.0,0.0,0.0,0,0.0,0.0,0.0,0,0.0,0.0,0.0,,,,0.0,0.0,0.0,0.0,,nan,nan,nan,nan,0.0,0.0,nan,nan,,0.0,0.0,0.0,6.0,0.0,0.0,0.0,0.0,0.0,0.0,,,0.0,0,0.0,,0.0,0.0,0,0.0,0.0,,nan,0.0
2020,PL,福岡ソフトバンクホークス,21525139,加治屋　蓮,R.Kajiya,6.0,0.0,0.0,0.0,0.0,0.0,0.0,0.0,0.0,0.0,0.0,0,0.0,0.0,0.0,0,0.0,0.0,0.0,,,,0.0,0.0,0.0,0.0,,nan,nan,nan,nan,0.0,0.0,nan,nan,,0.0,0.0,0.0,6.0,0.0,0.0,0.0,0.0,0.0,0.0,,,0.0,0,0.0,,0.0,0.0,0,0.0,0.0,,nan,0.0
2020,PL,千葉ロッテマリーンズ,21625119,チェン・ウェイン,U.（chiぇn,4.0,0.0,0.0,0.0,0.0,0.0,0.0,0.0,0.0,0.0,0.0,0,0.0,0.0,0.0,0,0.0,0.0,0.0,,,,0.0,0.0,0.0,0.0,,nan,nan,nan,nan,0.0,0.0,nan,nan,,0.0,0.0,0.0,4.0,0.0,0.0,0.0,0.0,0.0,0.0,,,0.0,0,0.0,,0.0,0.0,0,0.0,0.0,,nan,0.0
2020,PL,北海道日本ハムファイターズ,21625135,松本　剛,G.Matsumoto,84.0,162.0,138.0,19.0,28.0,2.0,2.0,1.0,37.0,11.0,5,2,11.0,1.0,8.0,0,4.0,21.0,1.0,0.203,0.265,0.268,0.533,23.0,0.065,0.062,0.33,4.938271604938271,12.962962962962962,0.38095238095238093,0.23076923076923078,0.18625000000000003,354.3333333333333,0.13768115942028986,0.4594594594594595,0.203,28.0,1.0,11.0,84.0,162.0,138.0,23.0,2.0,2.0,19.0,0.265,0.268,8.0,0,4.0,,37.0,5,2,11.0,1.0,,9.123287671232877,10.0
2020,PL,東北楽天ゴールデンイーグルス,21725117,久保　裕也,Y.Kubo,5.0,0.0,0.0,0.0,0.0,0.0,0.0,0.0,0.0,0.0,0.0,0,0.0,0.0,0.0,0,0.0,0.0,0.0,,,,0.0,0.0,0.0,0.0,,nan,nan,nan,nan,0.0,0.0,nan,nan,,0.0,0.0,0.0,5.0,0.0,0.0,0.0,0.0,0.0,0.0,,,0.0,0,0.0,,0.0,0.0,0,0.0,0.0,,nan,0.0
2020,PL,埼玉西武ライオンズ,21725133,熊代　聖人,M.Kumashiro,38.0,11.0,10.0,2.0,1.0,0.0,0.0,0.0,1.0,0.0,2,0,0.0,0.0,1.0,0,0.0,3.0,0.0,0.1,0.182,0.1,0.28200000000000003,1.0,0.0,0.08199999999999999,0.182,9.090909090909092,27.27272727272727,0.3333333333333333,0.14285714285714285,0.1069,215.33333333333331,0.1,0.2222222222222222,0.1,1.0,0.0,0.0,38.0,11.0,10.0,1.0,0.0,0.0,2.0,0.182,0.1,1.0,0,0.0,,1.0,2,0,0.0,0.0,,0.18181818181818182,-0.051999999999999935
2020,PL,オリックス・バファローズ,21725134,小林　慶祐,K.Kobayashi,7.0,0.0,0.0,0.0,0.0,0.0,0.0,0.0,0.0,0.0,0.0,0,0.0,0.0,0.0,0,0.0,0.0,0.0,,,,0.0,0.0,0.0,0.0,,nan,nan,nan,nan,0.0,0.0,nan,nan,,0.0,0.0,0.0,7.0,0.0,0.0,0.0,0.0,0.0,0.0,,,0.0,0,0.0,,0.0,0.0,0,0.0,0.0,,nan,0.0
2020,PL,オリックス・バファローズ,21725137,白崎　浩之,H.Shirasaki,3.0,0.0,0.0,1.0,0.0,0.0,0.0,0.0,0.0,0.0,0.0,0,0.0,0.0,0.0,0,0.0,0.0,0.0,,,,0.0,0.0,0.0,0.0,,nan,nan,nan,nan,0.0,0.0,nan,nan,,0.0,0.0,0.0,3.0,0.0,0.0,0.0,0.0,0.0,1.0,,,0.0,0,0.0,,0.0,0.0,0,0.0,0.0,,nan,0.0
2020,PL,オリックス・バファローズ,21725151,勝俣　翔貴,S.Katsumata,5.0,8.0,8.0,0.0,0.0,0.0,0.0,0.0,0.0,0.0,0.0,0,0.0,0.0,0.0,0,0.0,8.0,0.0,0.0,0.0,0.0,0.0,0.0,0.0,0.0,0.0,0.0,100.0,0.0,nan,0.0,0.0,0.0,0.0,0.0,0.0,0.0,0.0,5.0,8.0,8.0,0.0,0.0,0.0,0.0,0.0,0.0,0.0,0,0.0,,0.0,0.0,0,0.0,0.0,,0.0,-0.784
2020,PL,オリックス・バファローズ,21825130,山﨑　福也,S.Yamasaki,15.0,0.0,0.0,0.0,0.0,0.0,0.0,0.0,0.0,0.0,0.0,0,0.0,0.0,0.0,0,0.0,0.0,0.0,,,,0.0,0.0,0.0,0.0,,nan,nan,nan,nan,0.0,0.0,nan,nan,,0.0,0.0,0.0,15.0,0.0,0.0,0.0,0.0,0.0,0.0,,,0.0,0,0.0,,0.0,0.0,0,0.0,0.0,,nan,0.0
2020,PL,埼玉西武ライオンズ,21825138,山野辺　翔,K.Yamanobe,53.0,64.0,60.0,11.0,14.0,3.0,0.0,0.0,17.0,4.0,5,2,0.0,1.0,1.0,0,2.0,11.0,2.0,0.233,0.266,0.283,0.5489999999999999,11.0,0.04999999999999996,0.033,0.3159999999999999,1.5625,17.1875,0.09090909090909091,0.28,0.19045,360.3333333333333,0.1,0.4583333333333333,0.233,14.0,0.0,4.0,53.0,64.0,60.0,11.0,3.0,0.0,11.0,0.266,0.283,1.0,0,2.0,,17.0,5,2,0.0,1.0,,4.180327868852459,4.502
2020,PL,千葉ロッテマリーンズ,21925119,鳥谷　敬,T.Toritani,42.0,39.0,36.0,5.0,5.0,2.0,0.0,0.0,7.0,6.0,0,1,0.0,0.0,1.0,0,2.0,8.0,0.0,0.139,0.205,0.194,0.399,3.0,0.05499999999999999,0.06599999999999998,0.26,2.564102564102564,20.51282051282051,0.125,0.17857142857142858,0.14075,269.6666666666667,0.1111111111111111,0.3548387096774194,0.139,5.0,0.0,6.0,42.0,39.0,36.0,3.0,2.0,0.0,5.0,0.205,0.194,1.0,0,2.0,,7.0,0,1,0.0,0.0,,1.135135135135135,1.0719999999999992
2020,PL,福岡ソフトバンクホークス,21925136,周東　佑京,U.Shuutou,103.0,346.0,307.0,48.0,83.0,8.0,7.0,1.0,108.0,27.0,50,6,11.0,2.0,24.0,0,2.0,79.0,2.0,0.27,0.325,0.352,0.677,67.0,0.08199999999999996,0.05499999999999999,0.407,6.9364161849710975,22.832369942196532,0.3037974683544304,0.35807860262008734,0.23425,442.33333333333337,0.1791530944625407,0.6194690265486725,0.27,83.0,1.0,27.0,103.0,346.0,307.0,67.0,8.0,7.0,48.0,0.325,0.352,24.0,0,2.0,,108.0,50,6,11.0,2.0,,34.91238670694864,35.68799999999999
2020,PL,オリックス・バファローズ,23325136,A.アルバース,A.Albers,16.0,0.0,0.0,0.0,0.0,0.0,0.0,0.0,0.0,0.0,0.0,0,0.0,0.0,0.0,0,0.0,0.0,0.0,,,,0.0,0.0,0.0,0.0,,nan,nan,nan,nan,0.0,0.0,nan,nan,,0.0,0.0,0.0,16.0,0.0,0.0,0.0,0.0,0.0,0.0,,,0.0,0,0.0,,0.0,0.0,0,0.0,0.0,,nan,0.0
2020,PL,東北楽天ゴールデンイーグルス,23325138,J.ブラッシュ,J.Blash,37.0,149.0,119.0,25.0,28.0,7.0,0.0,2.0,41.0,18.0,1.0,1,0.0,3.0,25.0,0,2.0,46.0,2.0,0.235,0.369,0.345,0.714,19.0,0.10999999999999999,0.134,0.479,16.778523489932887,30.87248322147651,0.5434782608695652,0.35135135135135137,0.25229999999999997,484.0,0.3277310924369748,0.7419354838709677,0.235,28.0,2.0,18.0,37.0,149.0,119.0,19.0,7.0,0.0,25.0,0.369,0.345,25.0,0,2.0,,41.0,1.0,1,0.0,3.0,,15.090277777777779,17.592
2020,PL,千葉ロッテマリーンズ,23525130,B.レアード,B.Laird,39.0,147.0,133.0,15.0,31.0,3.0,0.0,6.0,52.0,15.0,0.0,0,0.0,1.0,13.0,0,0.0,28.0,5.0,0.233,0.299,0.391,0.69,22.0,0.158,0.06599999999999998,0.4569999999999999,8.843537414965986,19.047619047619047,0.4642857142857143,0.25,0.2323,429.33333333333337,0.2556390977443609,0.6074766355140186,0.233,31.0,6.0,15.0,39.0,147.0,133.0,22.0,3.0,0.0,15.0,0.299,0.391,13.0,0,0.0,,52.0,0.0,0,0.0,1.0,,15.67123287671233,16.094
2020,PL,千葉ロッテマリーンズ,23525133,チェン・グァンユウ,G.（chiぇn,19.0,0.0,0.0,0.0,0.0,0.0,0.0,0.0,0.0,0.0,0.0,0,0.0,0.0,0.0,0,0.0,0.0,0.0,,,,0.0,0.0,0.0,0.0,,nan,nan,nan,nan,0.0,0.0,nan,nan,,0.0,0.0,0.0,19.0,0.0,0.0,0.0,0.0,0.0,0.0,,,0.0,0,0.0,,0.0,0.0,0,0.0,0.0,,nan,0.0
2020,PL,北海道日本ハムファイターズ,23525138,王　柏融,B.Wan,52.0,95.0,87.0,9.0,18.0,4.0,0.0,2.0,28.0,9.0,0.0,0,0.0,1.0,6.0,0,1.0,27.0,2.0,0.207,0.263,0.322,0.585,12.0,0.11500000000000002,0.05600000000000002,0.378,6.315789473684211,28.421052631578945,0.2222222222222222,0.2711864406779661,0.19885000000000003,370.33333333333337,0.1839080459770115,0.49295774647887325,0.207,18.0,2.0,9.0,52.0,95.0,87.0,12.0,4.0,0.0,9.0,0.263,0.322,6.0,0,1.0,,28.0,0.0,0,0.0,1.0,,7.225806451612903,7.307999999999998
2020,PL,埼玉西武ライオンズ,23525151,C.スパンジェンバーグ,C.Spangenberg,111.0,445.0,407.0,51.0,109.0,26.0,8.0,15.0,196.0,57.0,12,2,0.0,2.0,32.0,0,4.0,150.0,2.0,0.268,0.326,0.482,0.808,60.0,0.21399999999999997,0.057999999999999996,0.54,7.191011235955057,33.70786516853933,0.21333333333333335,0.38524590163934425,0.2672,486.6666666666667,0.2972972972972973,0.78,0.268,109.0,15.0,57.0,111.0,445.0,407.0,60.0,26.0,8.0,51.0,0.326,0.482,32.0,0,4.0,,196.0,12,2,0.0,2.0,,62.95216400911162,61.675999999999995
2020,PL,千葉ロッテマリーンズ,23725138,L.マーティン,L.Martin,104.0,448.0,359.0,72.0,84.0,15.0,0.0,25.0,174.0,65.0,7,2,0.0,2.0,70.0,0,17.0,100.0,10.0,0.234,0.382,0.485,0.867,44.0,0.251,0.148,0.633,15.625,22.321428571428573,0.7,0.25,0.29315,543.6666666666666,0.45125348189415043,0.9228070175438596,0.234,84.0,25.0,65.0,104.0,448.0,359.0,44.0,15.0,0.0,72.0,0.382,0.485,70.0,0,17.0,,174.0,7,2,0.0,2.0,,62.46153846153846,70.91999999999999
2020,PL,埼玉西武ライオンズ,31035134,鈴木　将平,S.Suzuki,46.0,157.0,140.0,7.0,29.0,4.0,2.0,1.0,40.0,10.0,0,2,4.0,2.0,10.0,0,1.0,24.0,2.0,0.207,0.261,0.286,0.5469999999999999,22.0,0.07899999999999999,0.05400000000000002,0.3399999999999999,6.369426751592357,15.286624203821656,0.4166666666666667,0.23931623931623933,0.18895,356.3333333333333,0.16428571428571428,0.4690265486725664,0.207,29.0,1.0,10.0,46.0,157.0,140.0,22.0,4.0,2.0,7.0,0.261,0.286,10.0,0,1.0,,40.0,0,2,4.0,2.0,,10.4,10.511999999999997
2020,PL,埼玉西武ライオンズ,31035136,平良　海馬,K.Taira,54.0,0.0,0.0,0.0,0.0,0.0,0.0,0.0,0.0,0.0,0.0,0,0.0,0.0,0.0,0,0.0,0.0,0.0,,,,0.0,0.0,0.0,0.0,,nan,nan,nan,nan,0.0,0.0,nan,nan,,0.0,0.0,0.0,54.0,0.0,0.0,0.0,0.0,0.0,0.0,,,0.0,0,0.0,,0.0,0.0,0,0.0,0.0,,nan,0.0
2020,PL,北海道日本ハムファイターズ,3105132,横尾　俊建,T.Yokoo,44.0,116.0,107.0,10.0,27.0,2.0,0.0,2.0,35.0,11.0,0.0,0,0.0,1.0,6.0,0,2.0,16.0,3.0,0.252,0.302,0.327,0.629,23.0,0.07500000000000001,0.04999999999999999,0.377,5.172413793103448,13.793103448275861,0.375,0.2777777777777778,0.21765,411.0,0.1308411214953271,0.5180722891566265,0.252,27.0,2.0,11.0,44.0,116.0,107.0,23.0,2.0,0.0,10.0,0.302,0.327,6.0,0,2.0,,35.0,0.0,0,0.0,1.0,,10.221238938053098,10.620000000000001
2020,PL,北海道日本ハムファイターズ,31135130,淺間　大基,D.Asama,42.0,63.0,58.0,3.0,11.0,2.0,0.0,0.0,13.0,1.0,0.0,0,2.0,0.0,3.0,0,0.0,21.0,1.0,0.19,0.23,0.224,0.454,9.0,0.034,0.04000000000000001,0.264,4.761904761904762,33.33333333333333,0.14285714285714285,0.2972972972972973,0.1595,304.6666666666667,0.08620689655172414,0.3333333333333333,0.19,11.0,0.0,1.0,42.0,63.0,58.0,9.0,2.0,0.0,3.0,0.23,0.224,3.0,0,0.0,,13.0,0.0,0,2.0,0.0,,2.9836065573770494,2.324
2020,PL,オリックス・バファローズ,31135135,安達　了一,R.Adachi,78.0,311.0,266.0,32.0,77.0,9.0,2.0,2.0,96.0,23.0,15,4,16.0,2.0,26.0,0,1.0,48.0,9.0,0.289,0.353,0.361,0.714,64.0,0.07200000000000001,0.064,0.425,8.360128617363344,15.434083601286176,0.5416666666666666,0.3440366972477064,0.2491,473.3333333333333,0.18421052631578946,0.6414141414141414,0.289,77.0,2.0,23.0,78.0,311.0,266.0,64.0,9.0,2.0,32.0,0.353,0.361,26.0,0,1.0,,96.0,15,4,16.0,2.0,,33.863013698630134,34.54799999999999
2020,PL,千葉ロッテマリーンズ,31135138,東妻　勇輔,Y.Azuma,13.0,0.0,0.0,0.0,0.0,0.0,0.0,0.0,0.0,0.0,0.0,0,0.0,0.0,0.0,0,0.0,0.0,0.0,,,,0.0,0.0,0.0,0.0,,nan,nan,nan,nan,0.0,0.0,nan,nan,,0.0,0.0,0.0,13.0,0.0,0.0,0.0,0.0,0.0,0.0,,,0.0,0,0.0,,0.0,0.0,0,0.0,0.0,,nan,0.0
2020,PL,東北楽天ゴールデンイーグルス,31235130,田中　貴也,T.Tanaka,9.0,18.0,15.0,5.0,6.0,0.0,0.0,1.0,9.0,4.0,0.0,0,2.0,0.0,1.0,0,0.0,7.0,0.0,0.4,0.438,0.6,1.038,5.0,0.19999999999999996,0.03799999999999998,0.6379999999999999,5.555555555555555,38.88888888888889,0.14285714285714285,0.7142857142857143,0.34709999999999996,638.0,0.26666666666666666,1.1111111111111112,0.4,6.0,1.0,4.0,9.0,18.0,15.0,5.0,0.0,0.0,5.0,0.438,0.6,1.0,0,0.0,,9.0,0.0,0,2.0,0.0,,3.9375,3.3879999999999995
2020,PL,東北楽天ゴールデンイーグルス,31235151,瀧中　瞭太,R.Takinaka,8.0,0.0,0.0,0.0,0.0,0.0,0.0,0.0,0.0,0.0,0.0,0,0.0,0.0,0.0,0,0.0,0.0,0.0,,,,0.0,0.0,0.0,0.0,,nan,nan,nan,nan,0.0,0.0,nan,nan,,0.0,0.0,0.0,8.0,0.0,0.0,0.0,0.0,0.0,0.0,,,0.0,0,0.0,,0.0,0.0,0,0.0,0.0,,nan,0.0
2020,PL,福岡ソフトバンクホークス,31335116,岩嵜　翔,S.Iwasaki,17.0,0.0,0.0,0.0,0.0,0.0,0.0,0.0,0.0,0.0,0.0,0,0.0,0.0,0.0,0,0.0,0.0,0.0,,,,0.0,0.0,0.0,0.0,,nan,nan,nan,nan,0.0,0.0,nan,nan,,0.0,0.0,0.0,17.0,0.0,0.0,0.0,0.0,0.0,0.0,,,0.0,0,0.0,,0.0,0.0,0,0.0,0.0,,nan,0.0
2020,PL,福岡ソフトバンクホークス,31335131,今宮　健太,K.Imamiya,43.0,177.0,164.0,30.0,44.0,7.0,2.0,6.0,73.0,22.0,2,0,5.0,3.0,5.0,0,0.0,22.0,2.0,0.268,0.285,0.445,0.73,29.0,0.177,0.01699999999999996,0.4619999999999999,2.824858757062147,12.429378531073446,0.22727272727272727,0.2733812949640288,0.2395,433.33333333333337,0.2073170731707317,0.639344262295082,0.268,44.0,6.0,22.0,43.0,177.0,164.0,29.0,7.0,2.0,30.0,0.285,0.445,5.0,0,0.0,,73.0,2,0,5.0,3.0,,21.16568047337278,20.15
2020,PL,北海道日本ハムファイターズ,31335132,井口　和朋,K.Iguchi,29.0,0.0,0.0,0.0,0.0,0.0,0.0,0.0,0.0,0.0,0.0,0,0.0,0.0,0.0,0,0.0,0.0,0.0,,,,0.0,0.0,0.0,0.0,,nan,nan,nan,nan,0.0,0.0,nan,nan,,0.0,0.0,0.0,29.0,0.0,0.0,0.0,0.0,0.0,0.0,,,0.0,0,0.0,,0.0,0.0,0,0.0,0.0,,nan,0.0
2020,PL,埼玉西武ライオンズ,31335134,今井　達也,T.Imai,19.0,0.0,0.0,0.0,0.0,0.0,0.0,0.0,0.0,0.0,0.0,0,0.0,0.0,0.0,0,0.0,0.0,0.0,,,,0.0,0.0,0.0,0.0,,nan,nan,nan,nan,0.0,0.0,nan,nan,,0.0,0.0,0.0,19.0,0.0,0.0,0.0,0.0,0.0,0.0,,,0.0,0,0.0,,0.0,0.0,0,0.0,0.0,,nan,0.0
2020,PL,東北楽天ゴールデンイーグルス,31435133,福井　優也,Y.Fukui,7.0,0.0,0.0,0.0,0.0,0.0,0.0,0.0,0.0,0.0,0.0,0,0.0,0.0,0.0,0,0.0,0.0,0.0,,,,0.0,0.0,0.0,0.0,,nan,nan,nan,nan,0.0,0.0,nan,nan,,0.0,0.0,0.0,7.0,0.0,0.0,0.0,0.0,0.0,0.0,,,0.0,0,0.0,,0.0,0.0,0,0.0,0.0,,nan,0.0
2020,PL,オリックス・バファローズ,31435136,西浦　颯大,H.Nishiura,49.0,97.0,91.0,13.0,17.0,1.0,0.0,2.0,24.0,4.0,3,2,1.0,0.0,5.0,0,0.0,21.0,1.0,0.187,0.229,0.264,0.493,14.0,0.07700000000000001,0.04200000000000001,0.306,5.154639175257731,21.649484536082475,0.23809523809523808,0.22058823529411764,0.16905,317.0,0.15384615384615385,0.41333333333333333,0.187,17.0,2.0,4.0,49.0,97.0,91.0,14.0,1.0,0.0,13.0,0.229,0.264,5.0,0,0.0,,24.0,3,2,1.0,0.0,,5.5,5.357999999999999
2020,PL,北海道日本ハムファイターズ,31435138,野村　佑希,Y.Nomura,21.0,76.0,74.0,8.0,19.0,3.0,2.0,3.0,35.0,18.0,0.0,0,0.0,0.0,1.0,0,1.0,17.0,1.0,0.257,0.276,0.473,0.749,11.0,0.21599999999999997,0.019000000000000017,0.492,1.3157894736842104,22.36842105263158,0.058823529411764705,0.2962962962962963,0.24245,433.66666666666663,0.22972972972972974,0.6607142857142857,0.257,19.0,3.0,18.0,21.0,76.0,74.0,11.0,3.0,2.0,8.0,0.276,0.473,1.0,0,1.0,,35.0,0.0,0,0.0,0.0,,9.333333333333334,9.33
2020,PL,オリックス・バファローズ,31535130,小田　裕也,Y.Oda,87.0,94.0,88.0,19.0,21.0,3.0,2.0,1.0,31.0,7.0,4,2,3.0,0.0,2.0,0,1.0,23.0,1.0,0.239,0.264,0.352,0.616,15.0,0.11299999999999999,0.025000000000000022,0.377,2.127659574468085,24.46808510638298,0.08695652173913043,0.3125,0.20679999999999998,381.33333333333337,0.1590909090909091,0.5294117647058824,0.239,21.0,1.0,7.0,87.0,94.0,88.0,15.0,3.0,2.0,19.0,0.264,0.352,2.0,0,1.0,,31.0,4,2,3.0,0.0,,7.9222222222222225,7.9639999999999995
2020,PL,埼玉西武ライオンズ,31535132,愛斗,A.Aito（takeda,7.0,14.0,13.0,0.0,2.0,0.0,0.0,0.0,2.0,3.0,0.0,0,0.0,1.0,0.0,0,0.0,5.0,2.0,0.154,0.143,0.154,0.297,2.0,0.0,-0.01100000000000001,0.143,0.0,35.714285714285715,0.0,0.2222222222222222,0.10285,194.33333333333334,0.0,0.15384615384615385,0.154,2.0,0.0,3.0,7.0,14.0,13.0,2.0,0.0,0.0,0.0,0.143,0.154,0.0,0,0.0,,2.0,0.0,0,0.0,1.0,,0.3076923076923077,-0.07800000000000007
2020,PL,東北楽天ゴールデンイーグルス,31535135,釜田　佳直,Y.Kamata,4.0,0.0,0.0,0.0,0.0,0.0,0.0,0.0,0.0,0.0,0.0,0,0.0,0.0,0.0,0,0.0,0.0,0.0,,,,0.0,0.0,0.0,0.0,,nan,nan,nan,nan,0.0,0.0,nan,nan,,0.0,0.0,0.0,4.0,0.0,0.0,0.0,0.0,0.0,0.0,,,0.0,0,0.0,,0.0,0.0,0,0.0,0.0,,nan,0.0
2020,PL,埼玉西武ライオンズ,31535139,岡田　雅利,M.Okada,29.0,65.0,56.0,1.0,6.0,1.0,0.0,0.0,7.0,3.0,0.0,0,7.0,0.0,1.0,0,1.0,7.0,4.0,0.107,0.138,0.125,0.263,5.0,0.018000000000000002,0.031000000000000014,0.156,1.5384615384615385,10.76923076923077,0.14285714285714285,0.12244897959183673,0.09335000000000002,179.66666666666666,0.03571428571428571,0.16666666666666666,0.107,6.0,0.0,3.0,29.0,65.0,56.0,5.0,1.0,0.0,1.0,0.138,0.125,1.0,0,1.0,,7.0,0.0,0,7.0,0.0,,0.8596491228070176,-1.0200000000000005
2020,PL,東北楽天ゴールデンイーグルス,31635110,涌井　秀章,H.Wakui,20.0,0.0,0.0,0.0,0.0,0.0,0.0,0.0,0.0,0.0,0.0,0,0.0,0.0,0.0,0,0.0,0.0,0.0,,,,0.0,0.0,0.0,0.0,,nan,nan,nan,nan,0.0,0.0,nan,nan,,0.0,0.0,0.0,20.0,0.0,0.0,0.0,0.0,0.0,0.0,,,0.0,0,0.0,,0.0,0.0,0,0.0,0.0,,nan,0.0
2020,PL,北海道日本ハムファイターズ,31635116,村田　透,T.Murata,21.0,0.0,0.0,0.0,0.0,0.0,0.0,0.0,0.0,0.0,0.0,0,0.0,0.0,0.0,0,0.0,0.0,0.0,,,,0.0,0.0,0.0,0.0,,nan,nan,nan,nan,0.0,0.0,nan,nan,,0.0,0.0,0.0,21.0,0.0,0.0,0.0,0.0,0.0,0.0,,,0.0,0,0.0,,0.0,0.0,0,0.0,0.0,,nan,0.0
2020,PL,千葉ロッテマリーンズ,31635138,藤原　恭大,K.Fujiwara,26.0,105.0,96.0,10.0,25.0,5.0,0.0,3.0,39.0,10.0,4,1,2.0,1.0,6.0,0,0.0,33.0,1.0,0.26,0.301,0.406,0.7070000000000001,17.0,0.14600000000000002,0.04099999999999998,0.447,5.714285714285714,31.428571428571427,0.18181818181818182,0.36065573770491804,0.23695,436.33333333333337,0.21875,0.6388888888888888,0.26,25.0,3.0,10.0,26.0,105.0,96.0,17.0,5.0,0.0,10.0,0.301,0.406,6.0,0,0.0,,39.0,4,1,2.0,1.0,,11.852941176470589,11.622000000000002
2020,PL,福岡ソフトバンクホークス,31735134,九鬼　隆平,R.Kuki,5.0,5.0,4.0,2.0,1.0,0.0,0.0,1.0,4.0,1.0,0.0,0,0.0,0.0,1.0,0,0.0,2.0,0.0,0.25,0.4,1.0,1.4,0.0,0.75,0.15000000000000002,1.15,20.0,40.0,0.5,0.0,0.43000000000000005,733.3333333333334,1.0,1.6666666666666667,0.25,1.0,1.0,1.0,5.0,5.0,4.0,0.0,0.0,0.0,2.0,0.4,1.0,1.0,0,0.0,,4.0,0.0,0,0.0,0.0,,1.6,1.476
2020,PL,埼玉西武ライオンズ,31835132,本田　圭佑,K.Honda,7.0,0.0,0.0,0.0,0.0,0.0,0.0,0.0,0.0,0.0,0.0,0,0.0,0.0,0.0,0,0.0,0.0,0.0,,,,0.0,0.0,0.0,0.0,,nan,nan,nan,nan,0.0,0.0,nan,nan,,0.0,0.0,0.0,7.0,0.0,0.0,0.0,0.0,0.0,0.0,,,0.0,0,0.0,,0.0,0.0,0,0.0,0.0,,nan,0.0
2020,PL,福岡ソフトバンクホークス,31835133,柳田　悠岐,Y.Yanagita,119.0,515.0,427.0,90.0,146.0,23.0,5.0,29.0,266.0,86.0,7,2,0.0,3.0,84.0,0,1.0,103.0,2.0,0.342,0.449,0.623,1.072,89.0,0.28099999999999997,0.10699999999999998,0.73,16.310679611650485,20.0,0.8155339805825242,0.3926174496644295,0.3578,656.6666666666667,0.48243559718969553,1.2473498233215548,0.342,146.0,29.0,86.0,119.0,515.0,427.0,89.0,23.0,5.0,90.0,0.449,0.623,84.0,0,1.0,,266.0,7,2,0.0,3.0,,119.72602739726027,108.89200000000004
2020,PL,東北楽天ゴールデンイーグルス,3305138,A.ブセニッツ,A.Busenitz,46.0,0.0,0.0,0.0,0.0,0.0,0.0,0.0,0.0,0.0,0.0,0,0.0,0.0,0.0,0,0.0,0.0,0.0,,,,0.0,0.0,0.0,0.0,,nan,nan,nan,nan,0.0,0.0,nan,nan,,0.0,0.0,0.0,46.0,0.0,0.0,0.0,0.0,0.0,0.0,,,0.0,0,0.0,,0.0,0.0,0,0.0,0.0,,nan,0.0
2020,PL,埼玉西武ライオンズ,3305151,R.ギャレット,R.Garrett,49.0,0.0,0.0,0.0,0.0,0.0,0.0,0.0,0.0,0.0,0.0,0,0.0,0.0,0.0,0,0.0,0.0,0.0,,,,0.0,0.0,0.0,0.0,,nan,nan,nan,nan,0.0,0.0,nan,nan,,0.0,0.0,0.0,49.0,0.0,0.0,0.0,0.0,0.0,0.0,,,0.0,0,0.0,,0.0,0.0,0,0.0,0.0,,nan,0.0
2020,PL,福岡ソフトバンクホークス,33135134,三森　大貴,M.Mimori,24.0,46.0,43.0,4.0,7.0,2.0,0.0,0.0,9.0,2.0,1.0,1,1.0,0.0,1.0,0,1.0,17.0,0.0,0.163,0.2,0.209,0.40900000000000003,5.0,0.045999999999999985,0.037000000000000005,0.246,2.1739130434782608,36.95652173913043,0.058823529411764705,0.2692307692307692,0.14225000000000002,269.6666666666667,0.09302325581395349,0.3333333333333333,0.163,7.0,0.0,2.0,24.0,46.0,43.0,5.0,2.0,0.0,4.0,0.2,0.209,1.0,0,1.0,,9.0,1.0,1,1.0,0.0,,1.6363636363636365,1.2519999999999993
2020,PL,千葉ロッテマリーンズ,33335136,和田　康士朗,K.Wada,71.0,69.0,59.0,24.0,12.0,1.0,0.0,0.0,13.0,0.0,23,3,3.0,0.0,6.0,0,1.0,23.0,0.0,0.203,0.288,0.22,0.508,11.0,0.016999999999999987,0.08499999999999996,0.3049999999999999,8.695652173913043,33.33333333333333,0.2608695652173913,0.3333333333333333,0.1846,361.33333333333326,0.1694915254237288,0.48936170212765956,0.203,12.0,0.0,0.0,71.0,69.0,59.0,11.0,1.0,0.0,24.0,0.288,0.22,6.0,0,1.0,,13.0,23,3,3.0,0.0,,3.6,4.464
2020,PL,北海道日本ハムファイターズ,33735136,N.マルティネス,N.Martinez,17.0,0.0,0.0,0.0,0.0,0.0,0.0,0.0,0.0,0.0,0.0,0,0.0,0.0,0.0,0,0.0,0.0,0.0,,,,0.0,0.0,0.0,0.0,,nan,nan,nan,nan,0.0,0.0,nan,nan,,0.0,0.0,0.0,17.0,0.0,0.0,0.0,0.0,0.0,0.0,,,0.0,0,0.0,,0.0,0.0,0,0.0,0.0,,nan,0.0
2020,PL,北海道日本ハムファイターズ,33735151,D.バーヘイゲン,D.Verhagen,18.0,0.0,0.0,0.0,0.0,0.0,0.0,0.0,0.0,0.0,0.0,0,0.0,0.0,0.0,0,0.0,0.0,0.0,,,,0.0,0.0,0.0,0.0,,nan,nan,nan,nan,0.0,0.0,nan,nan,,0.0,0.0,0.0,18.0,0.0,0.0,0.0,0.0,0.0,0.0,,,0.0,0,0.0,,0.0,0.0,0,0.0,0.0,,nan,0.0
2020,PL,福岡ソフトバンクホークス,3505139,A.デスパイネ,A.Despaigne,25.0,97.0,85.0,9.0,19.0,1.0,0.0,6.0,38.0,12.0,0.0,0,0.0,0.0,12.0,0,0.0,11.0,5.0,0.224,0.32,0.447,0.767,12.0,0.223,0.096,0.543,12.371134020618557,11.34020618556701,1.0909090909090908,0.19117647058823528,0.25575000000000003,469.0,0.36470588235294116,0.704225352112676,0.224,19.0,6.0,12.0,25.0,97.0,85.0,12.0,1.0,0.0,9.0,0.32,0.447,12.0,0,0.0,,38.0,0.0,0,0.0,0.0,,12.144329896907216,12.852
2020,PL,オリックス・バファローズ,3705151,T.ヒギンス,T.Higgins,41.0,0.0,0.0,0.0,0.0,0.0,0.0,0.0,0.0,0.0,0.0,0,0.0,0.0,0.0,0,0.0,0.0,0.0,,,,0.0,0.0,0.0,0.0,,nan,nan,nan,nan,0.0,0.0,nan,nan,,0.0,0.0,0.0,41.0,0.0,0.0,0.0,0.0,0.0,0.0,,,0.0,0,0.0,,0.0,0.0,0,0.0,0.0,,nan,0.0
2020,PL,福岡ソフトバンクホークス,41045114,髙谷　裕亮,H.Takaya,33.0,62.0,52.0,6.0,13.0,3.0,0.0,2.0,22.0,10.0,0.0,0,4.0,0.0,4.0,0,2.0,19.0,0.0,0.25,0.328,0.423,0.751,8.0,0.173,0.07800000000000001,0.501,6.451612903225806,30.64516129032258,0.21052631578947367,0.3548387096774194,0.25335,469.0,0.25,0.717948717948718,0.25,13.0,2.0,10.0,33.0,62.0,52.0,8.0,3.0,0.0,6.0,0.328,0.423,4.0,0,2.0,,22.0,0.0,0,4.0,0.0,,6.678571428571429,7.1979999999999995
2020,PL,福岡ソフトバンクホークス,41045131,西田　哲朗,T.Nishida,36.0,11.0,11.0,6.0,1.0,0.0,0.0,0.0,1.0,1.0,2,1,0.0,0.0,0.0,0,0.0,4.0,0.0,0.091,0.091,0.091,0.182,1.0,0.0,0.0,0.091,0.0,36.36363636363637,0.0,0.14285714285714285,0.0637,121.33333333333333,0.09090909090909091,0.2,0.091,1.0,0.0,1.0,36.0,11.0,11.0,1.0,0.0,0.0,6.0,0.091,0.091,0.0,0,0.0,,1.0,2,1,0.0,0.0,,0.09090909090909091,-0.30000000000000004
2020,PL,北海道日本ハムファイターズ,41045133,谷口　雄也,Y.Taniguchi,7.0,9.0,9.0,1.0,2.0,1.0,0.0,0.0,3.0,1.0,0.0,0,0.0,0.0,0.0,0,0.0,3.0,0.0,0.222,0.222,0.333,0.555,1.0,0.11100000000000002,0.0,0.333,0.0,33.33333333333333,0.0,0.3333333333333333,0.18315,333.0,0.1111111111111111,0.42857142857142855,0.222,2.0,0.0,1.0,7.0,9.0,9.0,1.0,1.0,0.0,1.0,0.222,0.333,0.0,0,0.0,,3.0,0.0,0,0.0,0.0,,0.6666666666666666,0.5339999999999999
2020,PL,オリックス・バファローズ,41045136,田嶋　大樹,D.Tajima,20.0,0.0,0.0,0.0,0.0,0.0,0.0,0.0,0.0,0.0,0.0,0,0.0,0.0,0.0,0,0.0,0.0,0.0,,,,0.0,0.0,0.0,0.0,,nan,nan,nan,nan,0.0,0.0,nan,nan,,0.0,0.0,0.0,20.0,0.0,0.0,0.0,0.0,0.0,0.0,,,0.0,0,0.0,,0.0,0.0,0,0.0,0.0,,nan,0.0
2020,PL,東北楽天ゴールデンイーグルス,41145132,足立　祐一,Y.Adachi,42.0,66.0,60.0,6.0,10.0,1.0,1.0,1.0,16.0,3.0,0.0,0,0.0,0.0,6.0,0,0.0,15.0,2.0,0.167,0.242,0.267,0.509,7.0,0.1,0.07499999999999998,0.3419999999999999,9.090909090909092,22.727272727272727,0.4,0.20454545454545456,0.17565,331.0,0.2,0.4230769230769231,0.167,10.0,1.0,3.0,42.0,66.0,60.0,7.0,1.0,1.0,6.0,0.242,0.267,6.0,0,0.0,,16.0,0.0,0,0.0,0.0,,3.878787878787879,3.7799999999999994
2020,PL,千葉ロッテマリーンズ,41145139,石川　歩,A.Ishikawa,21.0,0.0,0.0,0.0,0.0,0.0,0.0,0.0,0.0,0.0,0.0,0,0.0,0.0,0.0,0,0.0,0.0,0.0,,,,0.0,0.0,0.0,0.0,,nan,nan,nan,nan,0.0,0.0,nan,nan,,0.0,0.0,0.0,21.0,0.0,0.0,0.0,0.0,0.0,0.0,,,0.0,0,0.0,,0.0,0.0,0,0.0,0.0,,nan,0.0
2020,PL,埼玉西武ライオンズ,41245130,外崎　修汰,S.Tonosaki,120.0,500.0,433.0,62.0,107.0,18.0,2.0,8.0,153.0,43.0,21,7,7.0,2.0,54.0,0,4.0,87.0,7.0,0.247,0.335,0.353,0.688,79.0,0.10599999999999998,0.08800000000000002,0.441,10.8,17.4,0.6206896551724138,0.2911764705882353,0.23900000000000002,452.6666666666667,0.2471131639722864,0.6546546546546547,0.247,107.0,8.0,43.0,120.0,500.0,433.0,79.0,18.0,2.0,62.0,0.335,0.353,54.0,0,4.0,,153.0,21,7,7.0,2.0,,50.58110882956879,54.51200000000001
2020,PL,オリックス・バファローズ,41245134,張　奕,Y.Chou,13.0,0.0,0.0,0.0,0.0,0.0,0.0,0.0,0.0,0.0,0.0,0,0.0,0.0,0.0,0,0.0,0.0,0.0,,,,0.0,0.0,0.0,0.0,,nan,nan,nan,nan,0.0,0.0,nan,nan,,0.0,0.0,0.0,13.0,0.0,0.0,0.0,0.0,0.0,0.0,,,0.0,0,0.0,,0.0,0.0,0,0.0,0.0,,nan,0.0
2020,PL,千葉ロッテマリーンズ,41245136,永野　将司,S.Nagano,13.0,0.0,0.0,0.0,0.0,0.0,0.0,0.0,0.0,0.0,0.0,0,0.0,0.0,0.0,0,0.0,0.0,0.0,,,,0.0,0.0,0.0,0.0,,nan,nan,nan,nan,0.0,0.0,nan,nan,,0.0,0.0,0.0,13.0,0.0,0.0,0.0,0.0,0.0,0.0,,,0.0,0,0.0,,0.0,0.0,0,0.0,0.0,,nan,0.0
2020,PL,北海道日本ハムファイターズ,41245138,生田目　翼,T.Nabatame,3.0,0.0,0.0,0.0,0.0,0.0,0.0,0.0,0.0,0.0,0.0,0,0.0,0.0,0.0,0,0.0,0.0,0.0,,,,0.0,0.0,0.0,0.0,,nan,nan,nan,nan,0.0,0.0,nan,nan,,0.0,0.0,0.0,3.0,0.0,0.0,0.0,0.0,0.0,0.0,,,0.0,0,0.0,,0.0,0.0,0,0.0,0.0,,nan,0.0
2020,PL,北海道日本ハムファイターズ,41345110,金子　千尋,C.Kaneko,34.0,0.0,0.0,0.0,0.0,0.0,0.0,0.0,0.0,0.0,0.0,0,0.0,0.0,0.0,0,0.0,0.0,0.0,,,,0.0,0.0,0.0,0.0,,nan,nan,nan,nan,0.0,0.0,nan,nan,,0.0,0.0,0.0,34.0,0.0,0.0,0.0,0.0,0.0,0.0,,,0.0,0,0.0,,0.0,0.0,0,0.0,0.0,,nan,0.0
2020,PL,北海道日本ハムファイターズ,41345118,大田　泰示,T.Oota,115.0,481.0,455.0,57.0,125.0,16.0,1.0,14.0,185.0,68.0,3.0,3,0.0,0.0,25.0,0,1.0,105.0,11.0,0.275,0.314,0.407,0.721,94.0,0.13199999999999995,0.03899999999999998,0.4459999999999999,5.197505197505198,21.82952182952183,0.23809523809523808,0.33035714285714285,0.24305,449.6666666666667,0.1934065934065934,0.6275659824046921,0.275,125.0,14.0,68.0,115.0,481.0,455.0,94.0,16.0,1.0,57.0,0.314,0.407,25.0,0,1.0,,185.0,3.0,3,0.0,0.0,,57.8125,56.5
2020,PL,北海道日本ハムファイターズ,41345132,上原　健太,K.Uehara,7.0,0.0,0.0,0.0,0.0,0.0,0.0,0.0,0.0,0.0,0.0,0,0.0,0.0,0.0,0,0.0,0.0,0.0,,,,0.0,0.0,0.0,0.0,,nan,nan,nan,nan,0.0,0.0,nan,nan,,0.0,0.0,0.0,7.0,0.0,0.0,0.0,0.0,0.0,0.0,,,0.0,0,0.0,,0.0,0.0,0,0.0,0.0,,nan,0.0
2020,PL,福岡ソフトバンクホークス,41345136,大竹　耕太郎,K.Ootake,3.0,0.0,0.0,0.0,0.0,0.0,0.0,0.0,0.0,0.0,0.0,0,0.0,0.0,0.0,0,0.0,0.0,0.0,,,,0.0,0.0,0.0,0.0,,nan,nan,nan,nan,0.0,0.0,nan,nan,,0.0,0.0,0.0,3.0,0.0,0.0,0.0,0.0,0.0,0.0,,,0.0,0,0.0,,0.0,0.0,0,0.0,0.0,,nan,0.0
2020,PL,北海道日本ハムファイターズ,41345139,浦野　博司,H.Urano,1.0,0.0,0.0,0.0,0.0,0.0,0.0,0.0,0.0,0.0,0.0,0,0.0,0.0,0.0,0,0.0,0.0,0.0,,,,0.0,0.0,0.0,0.0,,nan,nan,nan,nan,0.0,0.0,nan,nan,,0.0,0.0,0.0,1.0,0.0,0.0,0.0,0.0,0.0,0.0,,,0.0,0,0.0,,0.0,0.0,0,0.0,0.0,,nan,0.0
2020,PL,北海道日本ハムファイターズ,41445116,宮西　尚生,N.Miyanishi,50.0,0.0,0.0,0.0,0.0,0.0,0.0,0.0,0.0,0.0,0.0,0,0.0,0.0,0.0,0,0.0,0.0,0.0,,,,0.0,0.0,0.0,0.0,,nan,nan,nan,nan,0.0,0.0,nan,nan,,0.0,0.0,0.0,50.0,0.0,0.0,0.0,0.0,0.0,0.0,,,0.0,0,0.0,,0.0,0.0,0,0.0,0.0,,nan,0.0
2020,PL,埼玉西武ライオンズ,41445132,野田　昇吾,S.Noda,3.0,0.0,0.0,0.0,0.0,0.0,0.0,0.0,0.0,0.0,0.0,0,0.0,0.0,0.0,0,0.0,0.0,0.0,,,,0.0,0.0,0.0,0.0,,nan,nan,nan,nan,0.0,0.0,nan,nan,,0.0,0.0,0.0,3.0,0.0,0.0,0.0,0.0,0.0,0.0,,,0.0,0,0.0,,0.0,0.0,0,0.0,0.0,,nan,0.0
2020,PL,東北楽天ゴールデンイーグルス,41445133,牧田　和久,K.Makita,52.0,0.0,0.0,0.0,0.0,0.0,0.0,0.0,0.0,0.0,0.0,0,0.0,0.0,0.0,0,0.0,0.0,0.0,,,,0.0,0.0,0.0,0.0,,nan,nan,nan,nan,0.0,0.0,nan,nan,,0.0,0.0,0.0,52.0,0.0,0.0,0.0,0.0,0.0,0.0,,,0.0,0,0.0,,0.0,0.0,0,0.0,0.0,,nan,0.0
2020,PL,千葉ロッテマリーンズ,41545114,角中　勝也,K.Kakunaka,84.0,254.0,217.0,21.0,53.0,9.0,3.0,2.0,74.0,15.0,2,0,7.0,1.0,24.0,0,5.0,41.0,7.0,0.244,0.332,0.341,0.673,39.0,0.09700000000000003,0.08800000000000002,0.429,9.448818897637794,16.141732283464567,0.5853658536585366,0.2914285714285714,0.23465000000000003,445.6666666666667,0.2073732718894009,0.6023391812865497,0.244,53.0,2.0,15.0,84.0,254.0,217.0,39.0,9.0,3.0,21.0,0.332,0.341,24.0,0,5.0,,74.0,2,0,7.0,1.0,,23.643153526970956,25.477999999999998
2020,PL,北海道日本ハムファイターズ,41545132,加藤　貴之,T.Katou,28.0,0.0,0.0,0.0,0.0,0.0,0.0,0.0,0.0,0.0,0.0,0,0.0,0.0,0.0,0,0.0,0.0,0.0,,,,0.0,0.0,0.0,0.0,,nan,nan,nan,nan,0.0,0.0,nan,nan,,0.0,0.0,0.0,28.0,0.0,0.0,0.0,0.0,0.0,0.0,,,0.0,0,0.0,,0.0,0.0,0,0.0,0.0,,nan,0.0
2020,PL,北海道日本ハムファイターズ,41545136,清宮　幸太郎,K.Kiyomiya,96.0,263.0,226.0,23.0,43.0,9.0,0.0,7.0,73.0,22.0,2,0,0.0,1.0,33.0,0,3.0,59.0,6.0,0.19,0.3,0.323,0.623,27.0,0.133,0.10999999999999999,0.433,12.547528517110266,22.433460076045627,0.559322033898305,0.2236024844720497,0.21575,407.6666666666667,0.27876106194690264,0.5767195767195767,0.19,43.0,7.0,22.0,96.0,263.0,226.0,27.0,9.0,0.0,23.0,0.3,0.323,33.0,0,3.0,,73.0,2,0,0.0,1.0,,21.42084942084942,24.006000000000004
2020,PL,千葉ロッテマリーンズ,41645136,藤岡　裕大,Y.Fujioka,106.0,370.0,314.0,34.0,72.0,11.0,2.0,4.0,99.0,33.0,8,2,16.0,2.0,36.0,0,1.0,60.0,5.0,0.229,0.309,0.315,0.624,55.0,0.086,0.07999999999999999,0.395,9.72972972972973,16.216216216216218,0.6,0.2698412698412698,0.2178,414.0,0.2070063694267516,0.5587044534412956,0.229,72.0,4.0,33.0,106.0,370.0,314.0,55.0,11.0,2.0,34.0,0.309,0.315,36.0,0,1.0,,99.0,8,2,16.0,2.0,,30.548571428571428,32.114
2020,PL,オリックス・バファローズ,41645139,若月　健矢,K.Wakatsuki,75.0,215.0,192.0,14.0,46.0,12.0,0.0,3.0,67.0,19.0,2,0,8.0,1.0,9.0,0,5.0,40.0,4.0,0.24,0.29,0.349,0.639,31.0,0.10899999999999999,0.04999999999999999,0.3989999999999999,4.186046511627907,18.6046511627907,0.225,0.2866666666666667,0.21775,406.3333333333333,0.15625,0.54,0.24,46.0,3.0,19.0,75.0,215.0,192.0,31.0,12.0,0.0,14.0,0.29,0.349,9.0,0,5.0,,67.0,2,0,8.0,1.0,,18.333333333333332,18.772
2020,PL,埼玉西武ライオンズ,41745114,木村　文紀,F.Kimura,90.0,301.0,264.0,25.0,61.0,12.0,2.0,8.0,101.0,33.0,5,4,9.0,3.0,18.0,0,7.0,75.0,4.0,0.231,0.295,0.383,0.6779999999999999,39.0,0.152,0.06399999999999997,0.4469999999999999,5.980066445182724,24.916943521594686,0.24,0.28804347826086957,0.2285,422.66666666666663,0.23484848484848486,0.6280193236714976,0.231,61.0,8.0,33.0,90.0,301.0,264.0,39.0,12.0,2.0,25.0,0.295,0.383,18.0,0,7.0,,101.0,5,4,9.0,3.0,,28.29432624113475,30.815999999999992
2020,PL,北海道日本ハムファイターズ,41745135,近藤　健介,K.Kondou,108.0,467.0,371.0,56.0,126.0,31.0,1.0,5.0,174.0,60.0,4,0,0.0,5.0,89.0,0,2.0,72.0,6.0,0.34,0.465,0.469,0.9339999999999999,89.0,0.12899999999999995,0.125,0.594,19.05781584582441,15.417558886509635,1.2361111111111112,0.40468227424749165,0.3265,621.3333333333333,0.3692722371967655,1.0557768924302788,0.34,126.0,5.0,60.0,108.0,467.0,371.0,89.0,31.0,1.0,56.0,0.465,0.469,89.0,0,2.0,,174.0,4,0,0.0,5.0,,81.32608695652173,81.08
2020,PL,埼玉西武ライオンズ,41745136,齊藤　大将,H.Saitou,7.0,0.0,0.0,0.0,0.0,0.0,0.0,0.0,0.0,0.0,0.0,0,0.0,0.0,0.0,0,0.0,0.0,0.0,,,,0.0,0.0,0.0,0.0,,nan,nan,nan,nan,0.0,0.0,nan,nan,,0.0,0.0,0.0,7.0,0.0,0.0,0.0,0.0,0.0,0.0,,,0.0,0,0.0,,0.0,0.0,0,0.0,0.0,,nan,0.0
2020,PL,北海道日本ハムファイターズ,41845114,吉川　光夫,M.Yoshikawa,5.0,0.0,0.0,0.0,0.0,0.0,0.0,0.0,0.0,0.0,0.0,0,0.0,0.0,0.0,0,0.0,0.0,0.0,,,,0.0,0.0,0.0,0.0,,nan,nan,nan,nan,0.0,0.0,nan,nan,,0.0,0.0,0.0,5.0,0.0,0.0,0.0,0.0,0.0,0.0,,,0.0,0,0.0,,0.0,0.0,0,0.0,0.0,,nan,0.0
2020,PL,東北楽天ゴールデンイーグルス,41845132,村林　一輝,I.Murabayashi,3.0,1.0,1.0,0.0,0.0,0.0,0.0,0.0,0.0,0.0,0.0,0,0.0,0.0,0.0,0,0.0,0.0,0.0,0.0,0.0,0.0,0.0,0.0,0.0,0.0,0.0,0.0,0.0,nan,0.0,0.0,0.0,0.0,0.0,0.0,0.0,0.0,0.0,3.0,1.0,1.0,0.0,0.0,0.0,0.0,0.0,0.0,0.0,0,0.0,,0.0,0.0,0,0.0,0.0,,0.0,-0.098
2020,PL,オリックス・バファローズ,41845151,村西　良太,R.Muranishi,4.0,0.0,0.0,0.0,0.0,0.0,0.0,0.0,0.0,0.0,0.0,0,0.0,0.0,0.0,0,0.0,0.0,0.0,,,,0.0,0.0,0.0,0.0,,nan,nan,nan,nan,0.0,0.0,nan,nan,,0.0,0.0,0.0,4.0,0.0,0.0,0.0,0.0,0.0,0.0,,,0.0,0,0.0,,0.0,0.0,0,0.0,0.0,,nan,0.0
2020,PL,埼玉西武ライオンズ,41945116,武隈　祥太,S.Takekuma,3.0,0.0,0.0,0.0,0.0,0.0,0.0,0.0,0.0,0.0,0.0,0,0.0,0.0,0.0,0,0.0,0.0,0.0,,,,0.0,0.0,0.0,0.0,,nan,nan,nan,nan,0.0,0.0,nan,nan,,0.0,0.0,0.0,3.0,0.0,0.0,0.0,0.0,0.0,0.0,,,0.0,0,0.0,,0.0,0.0,0,0.0,0.0,,nan,0.0
2020,PL,千葉ロッテマリーンズ,41945136,菅野　剛士,T.Sugano,81.0,275.0,223.0,24.0,58.0,10.0,3.0,2.0,80.0,20.0,1,3,5.0,0.0,45.0,0,2.0,55.0,7.0,0.26,0.389,0.359,0.748,43.0,0.09899999999999998,0.129,0.488,16.363636363636363,20.0,0.8181818181818182,0.3373493975903614,0.26480000000000004,508.6666666666667,0.31390134529147984,0.7558139534883721,0.26,58.0,2.0,20.0,81.0,275.0,223.0,43.0,10.0,3.0,24.0,0.389,0.359,45.0,0,2.0,,80.0,1,3,5.0,0.0,,30.746268656716417,34.580000000000005
2020,PL,千葉ロッテマリーンズ,41945137,田村　龍弘,T.Tamura,92.0,237.0,203.0,12.0,44.0,7.0,0.0,4.0,63.0,23.0,1.0,1,10.0,1.0,20.0,0,3.0,45.0,3.0,0.217,0.295,0.31,0.605,33.0,0.093,0.07799999999999999,0.388,8.438818565400844,18.9873417721519,0.4444444444444444,0.25806451612903225,0.21025,398.3333333333333,0.19704433497536947,0.5370370370370371,0.217,44.0,4.0,23.0,92.0,237.0,203.0,33.0,7.0,0.0,12.0,0.295,0.31,20.0,0,3.0,,63.0,1.0,1,10.0,1.0,,18.080717488789237,19.488
2020,PL,北海道日本ハムファイターズ,43745136,B.ロドリゲス,B.Rodriguez,7.0,0.0,0.0,0.0,0.0,0.0,0.0,0.0,0.0,0.0,0.0,0,0.0,0.0,0.0,0,0.0,0.0,0.0,,,,0.0,0.0,0.0,0.0,,nan,nan,nan,nan,0.0,0.0,nan,nan,,0.0,0.0,0.0,7.0,0.0,0.0,0.0,0.0,0.0,0.0,,,0.0,0,0.0,,0.0,0.0,0,0.0,0.0,,nan,0.0
2020,PL,千葉ロッテマリーンズ,43745151,J.フローレス,J.Flores,14.0,0.0,0.0,0.0,0.0,0.0,0.0,0.0,0.0,0.0,0.0,0,0.0,0.0,0.0,0,0.0,0.0,0.0,,,,0.0,0.0,0.0,0.0,,nan,nan,nan,nan,0.0,0.0,nan,nan,,0.0,0.0,0.0,14.0,0.0,0.0,0.0,0.0,0.0,0.0,,,0.0,0,0.0,,0.0,0.0,0,0.0,0.0,,nan,0.0
2020,PL,東北楽天ゴールデンイーグルス,51055137,則本　昂大,T.Norimoto,18.0,0.0,0.0,0.0,0.0,0.0,0.0,0.0,0.0,0.0,0.0,0,0.0,0.0,0.0,0,0.0,0.0,0.0,,,,0.0,0.0,0.0,0.0,,nan,nan,nan,nan,0.0,0.0,nan,nan,,0.0,0.0,0.0,18.0,0.0,0.0,0.0,0.0,0.0,0.0,,,0.0,0,0.0,,0.0,0.0,0,0.0,0.0,,nan,0.0
2020,PL,北海道日本ハムファイターズ,51055138,田宮　裕涼,Y.Tamiya,4.0,7.0,7.0,1.0,3.0,0.0,0.0,0.0,3.0,0.0,1,0,0.0,0.0,0.0,0,0.0,2.0,0.0,0.429,0.429,0.429,0.858,3.0,0.0,0.0,0.429,0.0,28.57142857142857,0.0,0.6,0.3003,572.0,0.0,0.75,0.429,3.0,0.0,0.0,4.0,7.0,7.0,3.0,0.0,0.0,1.0,0.429,0.429,0.0,0,0.0,,3.0,1,0,0.0,0.0,,1.2857142857142858,1.108
2020,PL,東北楽天ゴールデンイーグルス,51155118,浅村　栄斗,H.Asamura,120.0,529.0,432.0,72.0,121.0,25.0,0.0,32.0,242.0,104.0,1.0,1,0.0,2.0,91.0,0,4.0,111.0,15.0,0.28,0.408,0.56,0.968,64.0,0.28,0.12799999999999995,0.688,17.20226843100189,20.982986767485823,0.8198198198198198,0.30584192439862545,0.3236,594.6666666666666,0.4930555555555556,1.0368098159509203,0.28,121.0,32.0,104.0,120.0,529.0,432.0,64.0,25.0,0.0,72.0,0.408,0.56,91.0,0,4.0,,242.0,1.0,1,0.0,2.0,,98.09560229445506,97.132
2020,PL,福岡ソフトバンクホークス,51155119,明石　健志,K.Akashi,63.0,172.0,154.0,20.0,39.0,9.0,1.0,2.0,56.0,17.0,4,2,5.0,1.0,12.0,0,0.0,32.0,1.0,0.253,0.305,0.364,0.669,27.0,0.11099999999999999,0.05199999999999999,0.416,6.976744186046512,18.6046511627907,0.375,0.30578512396694213,0.22825,426.3333333333333,0.2012987012987013,0.603448275862069,0.253,39.0,2.0,17.0,63.0,172.0,154.0,27.0,9.0,1.0,20.0,0.305,0.364,12.0,0,0.0,,56.0,4,2,5.0,1.0,,17.204819277108435,16.95
2020,PL,北海道日本ハムファイターズ,51155130,有原　航平,K.Arihara,20.0,0.0,0.0,0.0,0.0,0.0,0.0,0.0,0.0,0.0,0.0,0,0.0,0.0,0.0,0,0.0,0.0,0.0,,,,0.0,0.0,0.0,0.0,,nan,nan,nan,nan,0.0,0.0,nan,nan,,0.0,0.0,0.0,20.0,0.0,0.0,0.0,0.0,0.0,0.0,,,0.0,0,0.0,,0.0,0.0,0,0.0,0.0,,nan,0.0
2020,PL,千葉ロッテマリーンズ,51155134,有吉　優樹,Y.Ariyoshi,3.0,0.0,0.0,0.0,0.0,0.0,0.0,0.0,0.0,0.0,0.0,0,0.0,0.0,0.0,0,0.0,0.0,0.0,,,,0.0,0.0,0.0,0.0,,nan,nan,nan,nan,0.0,0.0,nan,nan,,0.0,0.0,0.0,3.0,0.0,0.0,0.0,0.0,0.0,0.0,,,0.0,0,0.0,,0.0,0.0,0,0.0,0.0,,nan,0.0
2020,PL,オリックス・バファローズ,51155138,荒西　祐大,Y.Aranishi,29.0,0.0,0.0,0.0,0.0,0.0,0.0,0.0,0.0,0.0,0.0,0,0.0,0.0,0.0,0,0.0,0.0,0.0,,,,0.0,0.0,0.0,0.0,,nan,nan,nan,nan,0.0,0.0,nan,nan,,0.0,0.0,0.0,29.0,0.0,0.0,0.0,0.0,0.0,0.0,,,0.0,0,0.0,,0.0,0.0,0,0.0,0.0,,nan,0.0
2020,PL,福岡ソフトバンクホークス,51255137,真砂　勇介,Y.Masago,50.0,41.0,35.0,9.0,11.0,2.0,1.0,1.0,18.0,6.0,2.0,2,0.0,0.0,4.0,0,2.0,11.0,0.0,0.314,0.415,0.514,0.929,7.0,0.2,0.10099999999999998,0.615,9.75609756097561,26.82926829268293,0.36363636363636365,0.43478260869565216,0.31525000000000003,586.3333333333334,0.37142857142857144,1.0833333333333333,0.314,11.0,1.0,6.0,50.0,41.0,35.0,7.0,2.0,1.0,9.0,0.415,0.514,4.0,0,2.0,,18.0,2.0,2,0.0,0.0,,6.923076923076923,7.4079999999999995
2020,PL,オリックス・バファローズ,51255138,中川　圭太,K.Nakagawa,45.0,155.0,144.0,15.0,21.0,3.0,0.0,2.0,30.0,13.0,3,2,1.0,1.0,9.0,0,0.0,25.0,5.0,0.146,0.195,0.208,0.403,16.0,0.062,0.049000000000000016,0.257,5.806451612903226,16.129032258064516,0.36,0.16101694915254236,0.13975,264.3333333333333,0.1388888888888889,0.3203125,0.146,21.0,2.0,13.0,45.0,155.0,144.0,16.0,3.0,0.0,15.0,0.195,0.208,9.0,0,0.0,,30.0,3,2,1.0,1.0,,5.882352941176471,4.315999999999997
2020,PL,北海道日本ハムファイターズ,51355135,上沢　直之,N.Uwasawa,15.0,0.0,0.0,0.0,0.0,0.0,0.0,0.0,0.0,0.0,0.0,0,0.0,0.0,0.0,0,0.0,0.0,0.0,,,,0.0,0.0,0.0,0.0,,nan,nan,nan,nan,0.0,0.0,nan,nan,,0.0,0.0,0.0,15.0,0.0,0.0,0.0,0.0,0.0,0.0,,,0.0,0,0.0,,0.0,0.0,0,0.0,0.0,,nan,0.0
2020,PL,東北楽天ゴールデンイーグルス,51355136,岩見　政暉,M.Iwami,16.0,38.0,37.0,2.0,8.0,1.0,1.0,1.0,14.0,4.0,0.0,0,0.0,0.0,1.0,0,0.0,11.0,2.0,0.216,0.237,0.378,0.615,5.0,0.162,0.02099999999999999,0.399,2.631578947368421,28.947368421052634,0.09090909090909091,0.28,0.20115,363.0,0.1891891891891892,0.4838709677419355,0.216,8.0,1.0,4.0,16.0,38.0,37.0,5.0,1.0,1.0,2.0,0.237,0.378,1.0,0,0.0,,14.0,0.0,0,0.0,0.0,,3.3157894736842106,3.1879999999999993
2020,PL,千葉ロッテマリーンズ,51455130,中村　奨吾,S.Nakamura,120.0,499.0,422.0,57.0,105.0,25.0,0.0,8.0,154.0,49.0,6,3,15.0,2.0,52.0,0,8.0,97.0,6.0,0.249,0.341,0.365,0.706,72.0,0.11599999999999999,0.09200000000000003,0.457,10.420841683366733,19.438877755511022,0.5360824742268041,0.30407523510971785,0.2447,462.6666666666667,0.24644549763033174,0.6718266253869969,0.249,105.0,8.0,49.0,120.0,499.0,422.0,72.0,25.0,0.0,57.0,0.341,0.365,52.0,0,8.0,,154.0,6,3,15.0,2.0,,51.0084388185654,54.794
2020,PL,オリックス・バファローズ,51455131,松井　雅人,M.Matsui,23.0,40.0,36.0,5.0,8.0,2.0,0.0,1.0,13.0,4.0,0.0,0,0.0,0.0,3.0,0,1.0,7.0,2.0,0.222,0.3,0.361,0.661,5.0,0.13899999999999998,0.07799999999999999,0.4389999999999999,7.5,17.5,0.42857142857142855,0.25,0.22525,420.3333333333333,0.2222222222222222,0.5666666666666667,0.222,8.0,1.0,4.0,23.0,40.0,36.0,5.0,2.0,0.0,5.0,0.3,0.361,3.0,0,1.0,,13.0,0.0,0,0.0,0.0,,3.6666666666666665,3.956
2020,PL,千葉ロッテマリーンズ,51455132,成田　翔,K.Narita,3.0,0.0,0.0,0.0,0.0,0.0,0.0,0.0,0.0,0.0,0.0,0,0.0,0.0,0.0,0,0.0,0.0,0.0,,,,0.0,0.0,0.0,0.0,,nan,nan,nan,nan,0.0,0.0,nan,nan,,0.0,0.0,0.0,3.0,0.0,0.0,0.0,0.0,0.0,0.0,,,0.0,0,0.0,,0.0,0.0,0,0.0,0.0,,nan,0.0
2020,PL,埼玉西武ライオンズ,51455136,西川　愛也,M.Nishikawa,3.0,4.0,4.0,0.0,1.0,1.0,0.0,0.0,2.0,2.0,0.0,0,0.0,0.0,0.0,0,0.0,0.0,0.0,0.25,0.25,0.5,0.75,0.0,0.25,0.0,0.5,0.0,0.0,nan,0.25,0.2375,416.66666666666663,0.25,0.6666666666666666,0.25,1.0,0.0,2.0,3.0,4.0,4.0,0.0,1.0,0.0,0.0,0.25,0.5,0.0,0,0.0,,2.0,0.0,0,0.0,0.0,,0.5,0.42599999999999993
2020,PL,千葉ロッテマリーンズ,51455139,三木　亮,R.Miki,22.0,5.0,4.0,1.0,1.0,0.0,0.0,0.0,1.0,0.0,0.0,0,1.0,0.0,0.0,0,0.0,2.0,0.0,0.25,0.25,0.25,0.5,1.0,0.0,0.0,0.25,0.0,40.0,0.0,0.5,0.175,333.3333333333333,0.0,0.3333333333333333,0.25,1.0,0.0,0.0,22.0,5.0,4.0,1.0,0.0,0.0,1.0,0.25,0.25,0.0,0,0.0,,1.0,0.0,0,1.0,0.0,,0.25,0.20599999999999996
2020,PL,千葉ロッテマリーンズ,51555130,小野　郁,F.Ono,40.0,0.0,0.0,0.0,0.0,0.0,0.0,0.0,0.0,0.0,0.0,0,0.0,0.0,0.0,0,0.0,0.0,0.0,,,,0.0,0.0,0.0,0.0,,nan,nan,nan,nan,0.0,0.0,nan,nan,,0.0,0.0,0.0,40.0,0.0,0.0,0.0,0.0,0.0,0.0,,,0.0,0,0.0,,0.0,0.0,0,0.0,0.0,,nan,0.0
2020,PL,埼玉西武ライオンズ,51555131,小川　龍也,R.Ogawa,38.0,0.0,0.0,0.0,0.0,0.0,0.0,0.0,0.0,0.0,0.0,0,0.0,0.0,0.0,0,0.0,0.0,0.0,,,,0.0,0.0,0.0,0.0,,nan,nan,nan,nan,0.0,0.0,nan,nan,,0.0,0.0,0.0,38.0,0.0,0.0,0.0,0.0,0.0,0.0,,,0.0,0,0.0,,0.0,0.0,0,0.0,0.0,,nan,0.0
2020,PL,福岡ソフトバンクホークス,51555135,釜元　豪,G.Kamamoto,32.0,29.0,26.0,5.0,5.0,0.0,0.0,0.0,5.0,2.0,3,0,0.0,0.0,3.0,0,0.0,10.0,1.0,0.192,0.276,0.192,0.468,5.0,0.0,0.08400000000000002,0.276,10.344827586206897,34.48275862068966,0.3,0.3125,0.17220000000000002,340.0,0.11538461538461539,0.36363636363636365,0.192,5.0,0.0,2.0,32.0,29.0,26.0,5.0,0.0,0.0,5.0,0.276,0.192,3.0,0,0.0,,5.0,3,0,0.0,0.0,,1.3793103448275863,1.432
2020,PL,福岡ソフトバンクホークス,51655112,松田　宣浩,N.Matsuda,116.0,431.0,395.0,36.0,90.0,16.0,3.0,13.0,151.0,46.0,1,0,0.0,3.0,32.0,0,1.0,76.0,2.0,0.228,0.285,0.382,0.667,58.0,0.154,0.05699999999999997,0.4389999999999999,7.424593967517401,17.633410672853827,0.42105263157894735,0.24919093851132687,0.22375,412.3333333333333,0.23544303797468355,0.5993485342019544,0.228,90.0,13.0,46.0,116.0,431.0,395.0,58.0,16.0,3.0,36.0,0.285,0.382,32.0,0,1.0,,151.0,1,0,0.0,3.0,,43.142857142857146,43.36
2020,PL,オリックス・バファローズ,51655136,廣澤　伸哉,S.Hirosawa,23.0,22.0,19.0,2.0,3.0,0.0,0.0,0.0,3.0,0.0,0.0,0,3.0,0.0,0.0,0,0.0,7.0,0.0,0.158,0.158,0.158,0.316,3.0,0.0,0.0,0.158,0.0,31.818181818181817,0.0,0.25,0.1106,210.66666666666666,0.0,0.1875,0.158,3.0,0.0,0.0,23.0,22.0,19.0,3.0,0.0,0.0,2.0,0.158,0.158,0.0,0,0.0,,3.0,0.0,0,3.0,0.0,,0.47368421052631576,-0.06800000000000006
2020,PL,千葉ロッテマリーンズ,51655138,古谷　拓郎,T.Furuya,2.0,0.0,0.0,0.0,0.0,0.0,0.0,0.0,0.0,0.0,0.0,0,0.0,0.0,0.0,0,0.0,0.0,0.0,,,,0.0,0.0,0.0,0.0,,nan,nan,nan,nan,0.0,0.0,nan,nan,,0.0,0.0,0.0,2.0,0.0,0.0,0.0,0.0,0.0,0.0,,,0.0,0,0.0,,0.0,0.0,0,0.0,0.0,,nan,0.0
2020,PL,千葉ロッテマリーンズ,51655151,福田　光輝,K.Fukuda,15.0,26.0,23.0,2.0,2.0,1.0,0.0,0.0,3.0,0.0,0.0,0,0.0,0.0,3.0,0,0.0,8.0,0.0,0.087,0.192,0.13,0.322,1.0,0.04300000000000001,0.10500000000000001,0.235,11.538461538461538,30.76923076923077,0.375,0.13333333333333333,0.1189,235.33333333333334,0.17391304347826086,0.2857142857142857,0.087,2.0,0.0,0.0,15.0,26.0,23.0,1.0,1.0,0.0,2.0,0.192,0.13,3.0,0,0.0,,3.0,0.0,0,0.0,0.0,,0.5769230769230769,0.1519999999999997
2020,PL,埼玉西武ライオンズ,51755115,栗山　巧,T.Kuriyama,111.0,428.0,372.0,37.0,101.0,22.0,0.0,12.0,159.0,67.0,0.0,0,0.0,2.0,53.0,0,1.0,77.0,10.0,0.272,0.362,0.427,0.7889999999999999,67.0,0.15499999999999997,0.08999999999999997,0.5169999999999999,12.383177570093459,17.990654205607477,0.6883116883116883,0.312280701754386,0.26965,504.3333333333333,0.29838709677419356,0.7580071174377224,0.272,101.0,12.0,67.0,111.0,428.0,372.0,67.0,22.0,0.0,37.0,0.362,0.427,53.0,0,1.0,,159.0,0.0,0,0.0,2.0,,57.614117647058826,57.882
2020,PL,オリックス・バファローズ,51755136,鈴木　康平,K.Suzuki,8.0,0.0,0.0,0.0,0.0,0.0,0.0,0.0,0.0,0.0,0.0,0,0.0,0.0,0.0,0,0.0,0.0,0.0,,,,0.0,0.0,0.0,0.0,,nan,nan,nan,nan,0.0,0.0,nan,nan,,0.0,0.0,0.0,8.0,0.0,0.0,0.0,0.0,0.0,0.0,,,0.0,0,0.0,,0.0,0.0,0,0.0,0.0,,nan,0.0
2020,PL,オリックス・バファローズ,51755138,宜保　翔,S.Gibo,10.0,18.0,17.0,0.0,2.0,1.0,0.0,0.0,3.0,2.0,0.0,0,1.0,0.0,0.0,0,0.0,7.0,0.0,0.118,0.118,0.176,0.294,1.0,0.057999999999999996,0.0,0.176,0.0,38.88888888888889,0.0,0.2,0.09709999999999999,176.66666666666666,0.058823529411764705,0.2,0.118,2.0,0.0,2.0,10.0,18.0,17.0,1.0,1.0,0.0,0.0,0.118,0.176,0.0,0,0.0,,3.0,0.0,0,1.0,0.0,,0.35294117647058826,-0.25
2020,PL,北海道日本ハムファイターズ,51855134,堀　瑞輝,M.Hori,45.0,0.0,0.0,0.0,0.0,0.0,0.0,0.0,0.0,0.0,0.0,0,0.0,0.0,0.0,0,0.0,0.0,0.0,,,,0.0,0.0,0.0,0.0,,nan,nan,nan,nan,0.0,0.0,nan,nan,,0.0,0.0,0.0,45.0,0.0,0.0,0.0,0.0,0.0,0.0,,,0.0,0,0.0,,0.0,0.0,0,0.0,0.0,,nan,0.0
2020,PL,オリックス・バファローズ,51855137,B.ディクソン,B.Dickson,39.0,0.0,0.0,0.0,0.0,0.0,0.0,0.0,0.0,0.0,0.0,0,0.0,0.0,0.0,0,0.0,0.0,0.0,,,,0.0,0.0,0.0,0.0,,nan,nan,nan,nan,0.0,0.0,nan,nan,,0.0,0.0,0.0,39.0,0.0,0.0,0.0,0.0,0.0,0.0,,,0.0,0,0.0,,0.0,0.0,0,0.0,0.0,,nan,0.0
2020,PL,埼玉西武ライオンズ,51855151,宮川　哲,T.Miyagawa,49.0,0.0,0.0,0.0,0.0,0.0,0.0,0.0,0.0,0.0,0.0,0,0.0,0.0,0.0,0,0.0,0.0,0.0,,,,0.0,0.0,0.0,0.0,,nan,nan,nan,nan,0.0,0.0,nan,nan,,0.0,0.0,0.0,49.0,0.0,0.0,0.0,0.0,0.0,0.0,,,0.0,0,0.0,,0.0,0.0,0,0.0,0.0,,nan,0.0
2020,PL,福岡ソフトバンクホークス,51955136,椎野　新,A.Shiino,12.0,0.0,0.0,0.0,0.0,0.0,0.0,0.0,0.0,0.0,0.0,0,0.0,0.0,0.0,0,0.0,0.0,0.0,,,,0.0,0.0,0.0,0.0,,nan,nan,nan,nan,0.0,0.0,nan,nan,,0.0,0.0,0.0,12.0,0.0,0.0,0.0,0.0,0.0,0.0,,,0.0,0,0.0,,0.0,0.0,0,0.0,0.0,,nan,0.0
2020,PL,埼玉西武ライオンズ,51955151,岸　潤一郎,J.Kishi,5.0,3.0,2.0,0.0,0.0,0.0,0.0,0.0,0.0,0.0,0,1,0.0,0.0,1.0,0,0.0,1.0,0.0,0.0,0.333,0.0,0.333,0.0,0.0,0.333,0.333,33.33333333333333,33.33333333333333,1.0,0.0,0.14985,333.0,1.0,1.0,0.0,0.0,0.0,0.0,5.0,3.0,2.0,0.0,0.0,0.0,0.0,0.333,0.0,1.0,0,0.0,,0.0,0,1,0.0,0.0,,0.0,0.314
2020,PL,オリックス・バファローズ,53355134,山本　由伸,Y.Yamamoto,18.0,0.0,0.0,0.0,0.0,0.0,0.0,0.0,0.0,0.0,0.0,0,0.0,0.0,0.0,0,0.0,0.0,0.0,,,,0.0,0.0,0.0,0.0,,nan,nan,nan,nan,0.0,0.0,nan,nan,,0.0,0.0,0.0,18.0,0.0,0.0,0.0,0.0,0.0,0.0,,,0.0,0,0.0,,0.0,0.0,0,0.0,0.0,,nan,0.0
2020,PL,東北楽天ゴールデンイーグルス,53555151,J.T.シャギワ,J.Chargois,31.0,0.0,0.0,0.0,0.0,0.0,0.0,0.0,0.0,0.0,0.0,0,0.0,0.0,0.0,0,0.0,0.0,0.0,,,,0.0,0.0,0.0,0.0,,nan,nan,nan,nan,0.0,0.0,nan,nan,,0.0,0.0,0.0,31.0,0.0,0.0,0.0,0.0,0.0,0.0,,,0.0,0,0.0,,0.0,0.0,0,0.0,0.0,,nan,0.0
2020,PL,オリックス・バファローズ,53755136,S.モヤ,S.Moya,46.0,176.0,164.0,20.0,45.0,8.0,2.0,12.0,93.0,38.0,0.0,0,0.0,0.0,11.0,0,1.0,33.0,7.0,0.274,0.324,0.567,0.891,23.0,0.2929999999999999,0.04999999999999999,0.617,6.25,18.75,0.3333333333333333,0.2773109243697479,0.28755,513.0,0.3597560975609756,0.8333333333333334,0.274,45.0,12.0,38.0,46.0,176.0,164.0,23.0,8.0,2.0,20.0,0.324,0.567,11.0,0,1.0,,93.0,0.0,0,0.0,0.0,,29.76,28.918
2020,PL,北海道日本ハムファイターズ,61065116,中田　翔,S.Nakata,119.0,506.0,440.0,52.0,105.0,18.0,0.0,31.0,216.0,108.0,1,0,0.0,9.0,55.0,0,2.0,109.0,19.0,0.239,0.32,0.491,0.8109999999999999,56.0,0.252,0.08100000000000002,0.5720000000000001,10.869565217391305,21.541501976284586,0.5045871559633027,0.23948220064724918,0.26675000000000004,483.6666666666667,0.37727272727272726,0.7711864406779662,0.239,105.0,31.0,108.0,119.0,506.0,440.0,56.0,18.0,0.0,52.0,0.32,0.491,55.0,0,2.0,,216.0,1,0,0.0,9.0,,69.81818181818181,71.58
2020,PL,オリックス・バファローズ,61065137,伏見　寅威,T.Fushimi,71.0,198.0,189.0,14.0,49.0,7.0,2.0,6.0,78.0,23.0,0.0,0,2.0,1.0,6.0,0,0.0,35.0,4.0,0.259,0.281,0.413,0.694,34.0,0.15399999999999997,0.02200000000000002,0.435,3.0303030303030303,17.67676767676768,0.17142857142857143,0.28859060402684567,0.22970000000000002,418.6666666666667,0.18518518518518517,0.5833333333333334,0.259,49.0,6.0,23.0,71.0,198.0,189.0,34.0,7.0,2.0,14.0,0.281,0.413,6.0,0,0.0,,78.0,0.0,0,2.0,1.0,,22.0,21.019999999999996
2020,PL,オリックス・バファローズ,61065138,富山　凌雅,R.Tomiyama,18.0,0.0,0.0,0.0,0.0,0.0,0.0,0.0,0.0,0.0,0.0,0,0.0,0.0,0.0,0,0.0,0.0,0.0,,,,0.0,0.0,0.0,0.0,,nan,nan,nan,nan,0.0,0.0,nan,nan,,0.0,0.0,0.0,18.0,0.0,0.0,0.0,0.0,0.0,0.0,,,0.0,0,0.0,,0.0,0.0,0,0.0,0.0,,nan,0.0
2020,PL,北海道日本ハムファイターズ,61065151,鈴木　健矢,K.Suzuki,11.0,0.0,0.0,0.0,0.0,0.0,0.0,0.0,0.0,0.0,0.0,0,0.0,0.0,0.0,0,0.0,0.0,0.0,,,,0.0,0.0,0.0,0.0,,nan,nan,nan,nan,0.0,0.0,nan,nan,,0.0,0.0,0.0,11.0,0.0,0.0,0.0,0.0,0.0,0.0,,,0.0,0,0.0,,0.0,0.0,0,0.0,0.0,,nan,0.0
2020,PL,東北楽天ゴールデンイーグルス,61165134,石原　彪,T.Ishihara,18.0,24.0,23.0,1.0,4.0,1.0,0.0,0.0,5.0,1.0,0.0,0,1.0,0.0,0.0,0,0.0,13.0,0.0,0.174,0.174,0.217,0.391,3.0,0.04300000000000001,0.0,0.217,0.0,54.166666666666664,0.0,0.4,0.13255,246.33333333333331,0.043478260869565216,0.2631578947368421,0.174,4.0,0.0,1.0,18.0,24.0,23.0,3.0,1.0,0.0,1.0,0.174,0.217,0.0,0,0.0,,5.0,0.0,0,1.0,0.0,,0.8695652173913043,0.35799999999999965
2020,PL,福岡ソフトバンクホークス,61165139,石川　柊太,S.Ishikawa,18.0,0.0,0.0,0.0,0.0,0.0,0.0,0.0,0.0,0.0,0.0,0,0.0,0.0,0.0,0,0.0,0.0,0.0,,,,0.0,0.0,0.0,0.0,,nan,nan,nan,nan,0.0,0.0,nan,nan,,0.0,0.0,0.0,18.0,0.0,0.0,0.0,0.0,0.0,0.0,,,0.0,0,0.0,,0.0,0.0,0,0.0,0.0,,nan,0.0
2020,PL,福岡ソフトバンクホークス,61265118,二保　旭,A.Niho,12.0,0.0,0.0,0.0,0.0,0.0,0.0,0.0,0.0,0.0,0.0,0,0.0,0.0,0.0,0,0.0,0.0,0.0,,,,0.0,0.0,0.0,0.0,,nan,nan,nan,nan,0.0,0.0,nan,nan,,0.0,0.0,0.0,12.0,0.0,0.0,0.0,0.0,0.0,0.0,,,0.0,0,0.0,,0.0,0.0,0,0.0,0.0,,nan,0.0
2020,PL,埼玉西武ライオンズ,61265137,水口　大地,D.Mizuguchi,7.0,6.0,6.0,2.0,1.0,0.0,0.0,0.0,1.0,0.0,1,0,0.0,0.0,0.0,0,0.0,2.0,0.0,0.167,0.167,0.167,0.334,1.0,0.0,0.0,0.167,0.0,33.33333333333333,0.0,0.25,0.1169,222.66666666666669,0.0,0.2,0.167,1.0,0.0,0.0,7.0,6.0,6.0,1.0,0.0,0.0,2.0,0.167,0.167,0.0,0,0.0,,1.0,1,0,0.0,0.0,,0.16666666666666666,0.010000000000000009
2020,PL,埼玉西武ライオンズ,61265151,柘植　世那,S.Tsuge,17.0,43.0,38.0,5.0,7.0,0.0,0.0,2.0,13.0,5.0,1,0,1.0,0.0,4.0,0,0.0,14.0,2.0,0.184,0.262,0.342,0.6040000000000001,5.0,0.15800000000000003,0.07800000000000001,0.42,9.30232558139535,32.55813953488372,0.2857142857142857,0.22727272727272727,0.20340000000000003,376.0,0.2631578947368421,0.5151515151515151,0.184,7.0,2.0,5.0,17.0,43.0,38.0,5.0,0.0,0.0,5.0,0.262,0.342,4.0,0,0.0,,13.0,1,0,1.0,0.0,,3.4047619047619047,3.662
2020,PL,オリックス・バファローズ,61365112,T-岡田,T.Teぃokada（okada,100.0,377.0,328.0,36.0,84.0,18.0,0.0,16.0,150.0,55.0,5,3,0.0,5.0,40.0,0,4.0,87.0,11.0,0.256,0.34,0.457,0.797,50.0,0.201,0.08400000000000002,0.541,10.610079575596817,23.076923076923077,0.45977011494252873,0.2956521739130435,0.26725000000000004,492.3333333333334,0.3323170731707317,0.7725490196078432,0.256,84.0,16.0,55.0,100.0,377.0,328.0,50.0,18.0,0.0,36.0,0.34,0.457,40.0,0,4.0,,150.0,5,3,0.0,5.0,,50.54347826086956,52.147999999999996
2020,PL,北海道日本ハムファイターズ,61365132,宇佐見　真吾,S.Usami,80.0,187.0,169.0,10.0,30.0,1.0,0.0,3.0,40.0,15.0,0,1,9.0,1.0,8.0,0,0.0,45.0,5.0,0.178,0.213,0.237,0.44999999999999996,26.0,0.059,0.035,0.272,4.27807486631016,24.06417112299465,0.17777777777777778,0.22131147540983606,0.15510000000000002,292.0,0.11242603550295859,0.3402777777777778,0.178,30.0,3.0,15.0,80.0,187.0,169.0,26.0,1.0,0.0,10.0,0.213,0.237,8.0,0,0.0,,40.0,0,1,9.0,1.0,,8.587570621468927,7.2379999999999995
2020,PL,千葉ロッテマリーンズ,61365133,江村　直也,N.Emura,5.0,6.0,6.0,0.0,0.0,0.0,0.0,0.0,0.0,0.0,0.0,0,0.0,0.0,0.0,0,0.0,1.0,0.0,0.0,0.0,0.0,0.0,0.0,0.0,0.0,0.0,0.0,16.666666666666664,0.0,0.0,0.0,0.0,0.0,0.0,0.0,0.0,0.0,0.0,5.0,6.0,6.0,0.0,0.0,0.0,0.0,0.0,0.0,0.0,0,0.0,,0.0,0.0,0,0.0,0.0,,0.0,-0.5880000000000001
2020,PL,オリックス・バファローズ,61365135,海田　智行,T.Kaida,6.0,0.0,0.0,0.0,0.0,0.0,0.0,0.0,0.0,0.0,0.0,0,0.0,0.0,0.0,0,0.0,0.0,0.0,,,,0.0,0.0,0.0,0.0,,nan,nan,nan,nan,0.0,0.0,nan,nan,,0.0,0.0,0.0,6.0,0.0,0.0,0.0,0.0,0.0,0.0,,,0.0,0,0.0,,0.0,0.0,0,0.0,0.0,,nan,0.0
2020,PL,福岡ソフトバンクホークス,61365136,尾形　崇斗,S.Ogata,1.0,0.0,0.0,0.0,0.0,0.0,0.0,0.0,0.0,0.0,0.0,0,0.0,0.0,0.0,0,0.0,0.0,0.0,,,,0.0,0.0,0.0,0.0,,nan,nan,nan,nan,0.0,0.0,nan,nan,,0.0,0.0,0.0,1.0,0.0,0.0,0.0,0.0,0.0,0.0,,,0.0,0,0.0,,0.0,0.0,0,0.0,0.0,,nan,0.0
2020,PL,福岡ソフトバンクホークス,61365138,奥村　政稔,M.Okumura,5.0,0.0,0.0,0.0,0.0,0.0,0.0,0.0,0.0,0.0,0.0,0,0.0,0.0,0.0,0,0.0,0.0,0.0,,,,0.0,0.0,0.0,0.0,,nan,nan,nan,nan,0.0,0.0,nan,nan,,0.0,0.0,0.0,5.0,0.0,0.0,0.0,0.0,0.0,0.0,,,0.0,0,0.0,,0.0,0.0,0,0.0,0.0,,nan,0.0
2020,PL,オリックス・バファローズ,61465131,山田　修義,N.Yamada,48.0,0.0,0.0,0.0,0.0,0.0,0.0,0.0,0.0,0.0,0.0,0,0.0,0.0,0.0,0,0.0,0.0,0.0,,,,0.0,0.0,0.0,0.0,,nan,nan,nan,nan,0.0,0.0,nan,nan,,0.0,0.0,0.0,48.0,0.0,0.0,0.0,0.0,0.0,0.0,,,0.0,0,0.0,,0.0,0.0,0,0.0,0.0,,nan,0.0
2020,PL,福岡ソフトバンクホークス,61465133,牧原　大成,T.Makihara,77.0,180.0,170.0,25.0,41.0,7.0,2.0,1.0,55.0,8.0,6,1,4.0,2.0,3.0,0,1.0,25.0,2.0,0.241,0.256,0.324,0.5800000000000001,31.0,0.08300000000000002,0.015000000000000013,0.339,1.6666666666666667,13.88888888888889,0.12,0.273972602739726,0.1962,364.0,0.10588235294117647,0.4580152671755725,0.241,41.0,1.0,8.0,77.0,180.0,170.0,31.0,7.0,2.0,25.0,0.256,0.324,3.0,0,1.0,,55.0,6,1,4.0,2.0,,13.988439306358382,12.917999999999997
2020,PL,オリックス・バファローズ,61465138,左澤　優,Y.Hidarisawa,2.0,0.0,0.0,0.0,0.0,0.0,0.0,0.0,0.0,0.0,0.0,0,0.0,0.0,0.0,0,0.0,0.0,0.0,,,,0.0,0.0,0.0,0.0,,nan,nan,nan,nan,0.0,0.0,nan,nan,,0.0,0.0,0.0,2.0,0.0,0.0,0.0,0.0,0.0,0.0,,,0.0,0,0.0,,0.0,0.0,0,0.0,0.0,,nan,0.0
2020,PL,埼玉西武ライオンズ,61465151,浜屋　将太,S.Hamaya,12.0,0.0,0.0,0.0,0.0,0.0,0.0,0.0,0.0,0.0,0.0,0,0.0,0.0,0.0,0,0.0,0.0,0.0,,,,0.0,0.0,0.0,0.0,,nan,nan,nan,nan,0.0,0.0,nan,nan,,0.0,0.0,0.0,12.0,0.0,0.0,0.0,0.0,0.0,0.0,,,0.0,0,0.0,,0.0,0.0,0,0.0,0.0,,nan,0.0
2020,PL,福岡ソフトバンクホークス,61665130,松本　裕樹,Y.Matsumoto,25.0,0.0,0.0,0.0,0.0,0.0,0.0,0.0,0.0,0.0,0.0,0,0.0,0.0,0.0,0,0.0,0.0,0.0,,,,0.0,0.0,0.0,0.0,,nan,nan,nan,nan,0.0,0.0,nan,nan,,0.0,0.0,0.0,25.0,0.0,0.0,0.0,0.0,0.0,0.0,,,0.0,0,0.0,,0.0,0.0,0,0.0,0.0,,nan,0.0
2020,PL,東北楽天ゴールデンイーグルス,61665134,藤平　尚真,S.Fujihira,1.0,0.0,0.0,0.0,0.0,0.0,0.0,0.0,0.0,0.0,0.0,0,0.0,0.0,0.0,0,0.0,0.0,0.0,,,,0.0,0.0,0.0,0.0,,nan,nan,nan,nan,0.0,0.0,nan,nan,,0.0,0.0,0.0,1.0,0.0,0.0,0.0,0.0,0.0,0.0,,,0.0,0,0.0,,0.0,0.0,0,0.0,0.0,,nan,0.0
2020,PL,オリックス・バファローズ,61665136,本田　仁海,H.Honda,1.0,0.0,0.0,0.0,0.0,0.0,0.0,0.0,0.0,0.0,0.0,0,0.0,0.0,0.0,0,0.0,0.0,0.0,,,,0.0,0.0,0.0,0.0,,nan,nan,nan,nan,0.0,0.0,nan,nan,,0.0,0.0,0.0,1.0,0.0,0.0,0.0,0.0,0.0,0.0,,,0.0,0,0.0,,0.0,0.0,0,0.0,0.0,,nan,0.0
2020,PL,東北楽天ゴールデンイーグルス,61665139,和田　恋,R.Wada,7.0,17.0,16.0,0.0,2.0,1.0,0.0,0.0,3.0,1.0,0.0,0,0.0,0.0,1.0,0,0.0,4.0,2.0,0.125,0.176,0.188,0.364,1.0,0.063,0.05099999999999999,0.239,5.88235294117647,23.52941176470588,0.25,0.16666666666666666,0.12619999999999998,238.66666666666663,0.125,0.25,0.125,2.0,0.0,1.0,7.0,17.0,16.0,1.0,1.0,0.0,0.0,0.176,0.188,1.0,0,0.0,,3.0,0.0,0,0.0,0.0,,0.5294117647058824,0.17799999999999994
2020,PL,埼玉西武ライオンズ,61665151,松岡　洸希,K.Matsuoka,2.0,0.0,0.0,0.0,0.0,0.0,0.0,0.0,0.0,0.0,0.0,0,0.0,0.0,0.0,0,0.0,0.0,0.0,,,,0.0,0.0,0.0,0.0,,nan,nan,nan,nan,0.0,0.0,nan,nan,,0.0,0.0,0.0,2.0,0.0,0.0,0.0,0.0,0.0,0.0,,,0.0,0,0.0,,0.0,0.0,0,0.0,0.0,,nan,0.0
2020,PL,東北楽天ゴールデンイーグルス,61765134,酒居　知史,T.Sakai,46.0,0.0,0.0,0.0,0.0,0.0,0.0,0.0,0.0,0.0,0.0,0,0.0,0.0,0.0,0,0.0,0.0,0.0,,,,0.0,0.0,0.0,0.0,,nan,nan,nan,nan,0.0,0.0,nan,nan,,0.0,0.0,0.0,46.0,0.0,0.0,0.0,0.0,0.0,0.0,,,0.0,0,0.0,,0.0,0.0,0,0.0,0.0,,nan,0.0
2020,PL,北海道日本ハムファイターズ,61765139,杉浦　稔大,T.Sugiura,17.0,0.0,0.0,0.0,0.0,0.0,0.0,0.0,0.0,0.0,0.0,0,0.0,0.0,0.0,0,0.0,0.0,0.0,,,,0.0,0.0,0.0,0.0,,nan,nan,nan,nan,0.0,0.0,nan,nan,,0.0,0.0,0.0,17.0,0.0,0.0,0.0,0.0,0.0,0.0,,,0.0,0,0.0,,0.0,0.0,0,0.0,0.0,,nan,0.0
2020,PL,東北楽天ゴールデンイーグルス,61865132,茂木　栄五郎,E.Mogi,73.0,321.0,276.0,43.0,83.0,14.0,4.0,7.0,126.0,33.0,8,3,0.0,1.0,39.0,0,5.0,52.0,4.0,0.301,0.396,0.457,0.853,58.0,0.15600000000000003,0.09500000000000003,0.552,12.149532710280374,16.1993769470405,0.75,0.3486238532110092,0.29245000000000004,548.3333333333334,0.3079710144927536,0.8781725888324873,0.301,83.0,7.0,33.0,73.0,321.0,276.0,58.0,14.0,4.0,43.0,0.396,0.457,39.0,0,5.0,,126.0,8,3,0.0,1.0,,48.8,49.465999999999994
2020,PL,東北楽天ゴールデンイーグルス,61865138,弓削　隼人,H.Yuge,10.0,0.0,0.0,0.0,0.0,0.0,0.0,0.0,0.0,0.0,0.0,0,0.0,0.0,0.0,0,0.0,0.0,0.0,,,,0.0,0.0,0.0,0.0,,nan,nan,nan,nan,0.0,0.0,nan,nan,,0.0,0.0,0.0,10.0,0.0,0.0,0.0,0.0,0.0,0.0,,,0.0,0,0.0,,0.0,0.0,0,0.0,0.0,,nan,0.0
2020,PL,北海道日本ハムファイターズ,61865151,望月　大希,D.Mochizuki,2.0,0.0,0.0,0.0,0.0,0.0,0.0,0.0,0.0,0.0,0.0,0,0.0,0.0,0.0,0,0.0,0.0,0.0,,,,0.0,0.0,0.0,0.0,,nan,nan,nan,nan,0.0,0.0,nan,nan,,0.0,0.0,0.0,2.0,0.0,0.0,0.0,0.0,0.0,0.0,,,0.0,0,0.0,,0.0,0.0,0,0.0,0.0,,nan,0.0
2020,PL,北海道日本ハムファイターズ,61965130,清水　優心,Y.Shimizu,69.0,157.0,135.0,13.0,26.0,7.0,0.0,3.0,42.0,16.0,0.0,0,12.0,2.0,7.0,0,1.0,37.0,5.0,0.193,0.234,0.311,0.545,16.0,0.118,0.04100000000000001,0.352,4.45859872611465,23.56687898089172,0.1891891891891892,0.23711340206185566,0.18305,337.6666666666667,0.17037037037037037,0.43859649122807015,0.193,26.0,3.0,16.0,69.0,157.0,135.0,16.0,7.0,0.0,13.0,0.234,0.311,7.0,0,1.0,,42.0,0.0,0,12.0,2.0,,9.76056338028169,9.318
2020,PL,オリックス・バファローズ,61965132,杉本　裕太郎,Y.Sugimoto,41.0,141.0,127.0,13.0,34.0,3.0,1.0,2.0,45.0,17.0,1,0,0.0,0.0,10.0,0,4.0,34.0,4.0,0.268,0.34,0.354,0.694,28.0,0.08599999999999997,0.07200000000000001,0.426,7.092198581560284,24.113475177304963,0.29411764705882354,0.3516483516483517,0.24150000000000002,458.0,0.16535433070866143,0.6082474226804123,0.268,34.0,2.0,17.0,41.0,141.0,127.0,28.0,3.0,1.0,13.0,0.34,0.354,10.0,0,4.0,,45.0,1,0,0.0,0.0,,14.452554744525548,15.585999999999999
2020,PL,東北楽天ゴールデンイーグルス,61965151,小深田　大翔,H.Kobukata,112.0,437.0,378.0,61.0,109.0,16.0,5.0,3.0,144.0,31.0,17,9,11.0,2.0,42.0,0,4.0,59.0,5.0,0.288,0.364,0.381,0.745,85.0,0.09300000000000003,0.07600000000000001,0.457,9.610983981693364,13.501144164759726,0.711864406779661,0.3333333333333333,0.25905,491.0,0.2275132275132275,0.7262773722627737,0.288,109.0,3.0,31.0,112.0,437.0,378.0,85.0,16.0,5.0,61.0,0.364,0.381,42.0,0,4.0,,144.0,17,9,11.0,2.0,,51.77142857142857,53.978
2020,PL,オリックス・バファローズ,63165132,吉田　正尚,M.Yoshida,120.0,492.0,408.0,55.0,143.0,22.0,1.0,14.0,209.0,64.0,8,5,0.0,4.0,72.0,0,8.0,29.0,6.0,0.35,0.453,0.512,0.9650000000000001,106.0,0.16200000000000003,0.10300000000000004,0.615,14.634146341463413,5.894308943089431,2.4827586206896552,0.34959349593495936,0.33185,623.6666666666667,0.35049019607843135,1.084870848708487,0.35,143.0,14.0,64.0,120.0,492.0,408.0,106.0,22.0,1.0,55.0,0.453,0.512,72.0,0,8.0,,209.0,8,5,0.0,4.0,,93.61458333333333,91.37000000000002
2020,PL,埼玉西武ライオンズ,63165136,與座　海人,K.Yoza,8.0,0.0,0.0,0.0,0.0,0.0,0.0,0.0,0.0,0.0,0.0,0,0.0,0.0,0.0,0,0.0,0.0,0.0,,,,0.0,0.0,0.0,0.0,,nan,nan,nan,nan,0.0,0.0,nan,nan,,0.0,0.0,0.0,8.0,0.0,0.0,0.0,0.0,0.0,0.0,,,0.0,0,0.0,,0.0,0.0,0,0.0,0.0,,nan,0.0
2020,PL,福岡ソフトバンクホークス,63965134,L.モイネロ,L.Moinelo,50.0,0.0,0.0,0.0,0.0,0.0,0.0,0.0,0.0,0.0,0.0,0,0.0,0.0,0.0,0,0.0,0.0,0.0,,,,0.0,0.0,0.0,0.0,,nan,nan,nan,nan,0.0,0.0,nan,nan,,0.0,0.0,0.0,50.0,0.0,0.0,0.0,0.0,0.0,0.0,,,0.0,0,0.0,,0.0,0.0,0,0.0,0.0,,nan,0.0
2020,PL,埼玉西武ライオンズ,71075130,髙橋　光成,K.Takahashi,20.0,0.0,0.0,0.0,0.0,0.0,0.0,0.0,0.0,0.0,0.0,0,0.0,0.0,0.0,0,0.0,0.0,0.0,,,,0.0,0.0,0.0,0.0,,nan,nan,nan,nan,0.0,0.0,nan,nan,,0.0,0.0,0.0,20.0,0.0,0.0,0.0,0.0,0.0,0.0,,,0.0,0,0.0,,0.0,0.0,0,0.0,0.0,,nan,0.0
2020,PL,埼玉西武ライオンズ,71075136,高木　渉,W.Takagi,12.0,40.0,40.0,6.0,7.0,1.0,1.0,2.0,16.0,5.0,0.0,0,0.0,0.0,0.0,0,0.0,8.0,2.0,0.175,0.175,0.4,0.575,3.0,0.22500000000000003,0.0,0.4,0.0,20.0,0.0,0.16666666666666666,0.17875000000000002,308.33333333333337,0.225,0.45714285714285713,0.175,7.0,2.0,5.0,12.0,40.0,40.0,3.0,1.0,1.0,6.0,0.175,0.4,0.0,0,0.0,,16.0,0.0,0,0.0,0.0,,2.8,2.9059999999999997
2020,PL,千葉ロッテマリーンズ,71075151,佐藤　都志也,T.Satou,60.0,127.0,114.0,6.0,26.0,4.0,0.0,2.0,36.0,12.0,0.0,0,2.0,0.0,9.0,0,2.0,25.0,1.0,0.228,0.296,0.316,0.612,20.0,0.088,0.06799999999999998,0.384,7.086614173228346,19.68503937007874,0.36,0.27586206896551724,0.2122,401.3333333333333,0.16666666666666666,0.5280898876404494,0.228,26.0,2.0,12.0,60.0,127.0,114.0,20.0,4.0,0.0,6.0,0.296,0.316,9.0,0,2.0,,36.0,0.0,0,2.0,0.0,,10.24390243902439,10.765999999999996
2020,PL,東北楽天ゴールデンイーグルス,71175130,安樂　智大,T.Anraku,27.0,0.0,0.0,0.0,0.0,0.0,0.0,0.0,0.0,0.0,0.0,0,0.0,0.0,0.0,0,0.0,0.0,0.0,,,,0.0,0.0,0.0,0.0,,nan,nan,nan,nan,0.0,0.0,nan,nan,,0.0,0.0,0.0,27.0,0.0,0.0,0.0,0.0,0.0,0.0,,,0.0,0,0.0,,0.0,0.0,0,0.0,0.0,,nan,0.0
2020,PL,北海道日本ハムファイターズ,71275117,鶴岡　慎也,S.Tsuruoka,18.0,17.0,17.0,0.0,5.0,0.0,0.0,0.0,5.0,2.0,0.0,0,0.0,0.0,0.0,0,0.0,2.0,0.0,0.294,0.294,0.294,0.588,5.0,0.0,0.0,0.294,0.0,11.76470588235294,0.0,0.3333333333333333,0.20579999999999998,391.99999999999994,0.0,0.4166666666666667,0.294,5.0,0.0,2.0,18.0,17.0,17.0,5.0,0.0,0.0,0.0,0.294,0.294,0.0,0,0.0,,5.0,0.0,0,0.0,0.0,,1.4705882352941178,1.3239999999999998
2020,PL,千葉ロッテマリーンズ,71275132,茶谷　健太,K.Chatani,31.0,17.0,16.0,1.0,1.0,0.0,0.0,0.0,1.0,0.0,1,0,1.0,0.0,0.0,0,0.0,6.0,0.0,0.062,0.062,0.062,0.124,1.0,0.0,0.0,0.062,0.0,35.294117647058826,0.0,0.1,0.0434,82.66666666666667,0.0,0.06666666666666667,0.062,1.0,0.0,0.0,31.0,17.0,16.0,1.0,0.0,0.0,1.0,0.062,0.062,0.0,0,0.0,,1.0,1,0,1.0,0.0,,0.0625,-0.97
2020,PL,千葉ロッテマリーンズ,71275134,種市　篤暉,A.Taneichi,7.0,0.0,0.0,0.0,0.0,0.0,0.0,0.0,0.0,0.0,0.0,0,0.0,0.0,0.0,0,0.0,0.0,0.0,,,,0.0,0.0,0.0,0.0,,nan,nan,nan,nan,0.0,0.0,nan,nan,,0.0,0.0,0.0,7.0,0.0,0.0,0.0,0.0,0.0,0.0,,,0.0,0,0.0,,0.0,0.0,0,0.0,0.0,,nan,0.0
2020,PL,東北楽天ゴールデンイーグルス,71275136,寺岡　寛治,K.Teraoka,24.0,0.0,0.0,0.0,0.0,0.0,0.0,0.0,0.0,0.0,0.0,0,0.0,0.0,0.0,0,0.0,0.0,0.0,,,,0.0,0.0,0.0,0.0,,nan,nan,nan,nan,0.0,0.0,nan,nan,,0.0,0.0,0.0,24.0,0.0,0.0,0.0,0.0,0.0,0.0,,,0.0,0,0.0,,0.0,0.0,0,0.0,0.0,,nan,0.0
2020,PL,埼玉西武ライオンズ,71275137,増田　達至,T.Masuda,48.0,0.0,0.0,0.0,0.0,0.0,0.0,0.0,0.0,0.0,0.0,0,0.0,0.0,0.0,0,0.0,0.0,0.0,,,,0.0,0.0,0.0,0.0,,nan,nan,nan,nan,0.0,0.0,nan,nan,,0.0,0.0,0.0,48.0,0.0,0.0,0.0,0.0,0.0,0.0,,,0.0,0,0.0,,0.0,0.0,0,0.0,0.0,,nan,0.0
2020,PL,東北楽天ゴールデンイーグルス,71375112,銀次,G.Ginji（akaminai,88.0,245.0,212.0,16.0,50.0,8.0,0.0,0.0,58.0,23.0,3,2,5.0,3.0,23.0,0,2.0,28.0,5.0,0.236,0.312,0.274,0.5860000000000001,42.0,0.038000000000000034,0.07600000000000001,0.35,9.387755102040817,11.428571428571429,0.8214285714285714,0.26737967914438504,0.2089,403.3333333333333,0.15566037735849056,0.5089820359281437,0.236,50.0,0.0,23.0,88.0,245.0,212.0,42.0,8.0,0.0,16.0,0.312,0.274,23.0,0,2.0,,58.0,3,2,5.0,3.0,,18.017021276595745,19.493999999999996
2020,PL,東北楽天ゴールデンイーグルス,71375132,石橋　良太,R.Ishibashi,13.0,0.0,0.0,0.0,0.0,0.0,0.0,0.0,0.0,0.0,0.0,0,0.0,0.0,0.0,0,0.0,0.0,0.0,,,,0.0,0.0,0.0,0.0,,nan,nan,nan,nan,0.0,0.0,nan,nan,,0.0,0.0,0.0,13.0,0.0,0.0,0.0,0.0,0.0,0.0,,,0.0,0,0.0,,0.0,0.0,0,0.0,0.0,,nan,0.0
2020,PL,東北楽天ゴールデンイーグルス,71375138,太田　光,H.Oota,67.0,164.0,130.0,17.0,26.0,10.0,0.0,2.0,42.0,16.0,0,1,11.0,3.0,18.0,0,2.0,38.0,2.0,0.2,0.301,0.323,0.624,14.0,0.123,0.10099999999999998,0.424,10.975609756097562,23.170731707317074,0.47368421052631576,0.25806451612903225,0.2162,408.6666666666667,0.2692307692307692,0.5943396226415094,0.2,26.0,2.0,16.0,67.0,164.0,130.0,14.0,10.0,0.0,17.0,0.301,0.323,18.0,0,2.0,,42.0,0,1,11.0,3.0,,12.486486486486486,13.668
2020,PL,オリックス・バファローズ,71475113,山崎　勝己,K.Yamazaki,2.0,1.0,1.0,0.0,0.0,0.0,0.0,0.0,0.0,0.0,0.0,0,0.0,0.0,0.0,0,0.0,0.0,0.0,0.0,0.0,0.0,0.0,0.0,0.0,0.0,0.0,0.0,0.0,nan,0.0,0.0,0.0,0.0,0.0,0.0,0.0,0.0,0.0,2.0,1.0,1.0,0.0,0.0,0.0,0.0,0.0,0.0,0.0,0,0.0,,0.0,0.0,0,0.0,0.0,,0.0,-0.098
2020,PL,千葉ロッテマリーンズ,71475115,細川　亨,T.Hosokawa,1.0,1.0,1.0,0.0,0.0,0.0,0.0,0.0,0.0,0.0,0.0,0,0.0,0.0,0.0,0,0.0,1.0,0.0,0.0,0.0,0.0,0.0,0.0,0.0,0.0,0.0,0.0,100.0,0.0,nan,0.0,0.0,0.0,0.0,0.0,0.0,0.0,0.0,1.0,1.0,1.0,0.0,0.0,0.0,0.0,0.0,0.0,0.0,0,0.0,,0.0,0.0,0,0.0,0.0,,0.0,-0.098
2020,PL,オリックス・バファローズ,71475131,松井　佑介,Y.Matsui,29.0,53.0,53.0,2.0,11.0,2.0,1.0,0.0,15.0,2.0,0.0,0,0.0,0.0,0.0,0,0.0,12.0,1.0,0.208,0.208,0.283,0.491,8.0,0.07499999999999998,0.0,0.283,0.0,22.641509433962266,0.0,0.2682926829268293,0.16435,302.33333333333337,0.07547169811320754,0.3488372093023256,0.208,11.0,0.0,2.0,29.0,53.0,53.0,8.0,2.0,1.0,2.0,0.208,0.283,0.0,0,0.0,,15.0,0.0,0,0.0,0.0,,3.1132075471698113,2.363999999999999
2020,PL,東北楽天ゴールデンイーグルス,71475133,福山　博之,H.Fukuyama,14.0,0.0,0.0,0.0,0.0,0.0,0.0,0.0,0.0,0.0,0.0,0,0.0,0.0,0.0,0,0.0,0.0,0.0,,,,0.0,0.0,0.0,0.0,,nan,nan,nan,nan,0.0,0.0,nan,nan,,0.0,0.0,0.0,14.0,0.0,0.0,0.0,0.0,0.0,0.0,,,0.0,0,0.0,,0.0,0.0,0,0.0,0.0,,nan,0.0
2020,PL,千葉ロッテマリーンズ,71475136,西巻　賢二,K.Nishimaki,11.0,19.0,16.0,2.0,4.0,1.0,0.0,0.0,5.0,0.0,0,1,1.0,0.0,2.0,0,0.0,6.0,0.0,0.25,0.333,0.312,0.645,3.0,0.062,0.08300000000000002,0.395,10.526315789473683,31.57894736842105,0.3333333333333333,0.4,0.22785,437.0,0.25,0.6666666666666666,0.25,4.0,0.0,0.0,11.0,19.0,16.0,3.0,1.0,0.0,2.0,0.333,0.312,2.0,0,0.0,,5.0,0,1,1.0,0.0,,1.6666666666666667,1.884
2020,PL,千葉ロッテマリーンズ,71575131,荻野　貴司,T.Ogino,53.0,236.0,203.0,30.0,59.0,17.0,0.0,1.0,79.0,10.0,19,4,6.0,1.0,24.0,0,2.0,23.0,2.0,0.291,0.37,0.389,0.759,41.0,0.09800000000000003,0.07900000000000001,0.468,10.16949152542373,9.745762711864407,1.0434782608695652,0.32222222222222224,0.26375000000000004,499.6666666666667,0.23645320197044334,0.7465753424657534,0.291,59.0,1.0,10.0,53.0,236.0,203.0,41.0,17.0,0.0,30.0,0.37,0.389,24.0,0,2.0,,79.0,19,4,6.0,1.0,,28.88546255506608,29.367999999999995
2020,PL,千葉ロッテマリーンズ,71675135,益田　直也,N.Masuda,54.0,0.0,0.0,0.0,0.0,0.0,0.0,0.0,0.0,0.0,0.0,0,0.0,0.0,0.0,0,0.0,0.0,0.0,,,,0.0,0.0,0.0,0.0,,nan,nan,nan,nan,0.0,0.0,nan,nan,,0.0,0.0,0.0,54.0,0.0,0.0,0.0,0.0,0.0,0.0,,,0.0,0,0.0,,0.0,0.0,0,0.0,0.0,,nan,0.0
2020,PL,オリックス・バファローズ,71675139,吉田　一将,K.Yoshida,23.0,0.0,0.0,0.0,0.0,0.0,0.0,0.0,0.0,0.0,0.0,0,0.0,0.0,0.0,0,0.0,0.0,0.0,,,,0.0,0.0,0.0,0.0,,nan,nan,nan,nan,0.0,0.0,nan,nan,,0.0,0.0,0.0,23.0,0.0,0.0,0.0,0.0,0.0,0.0,,,0.0,0,0.0,,0.0,0.0,0,0.0,0.0,,nan,0.0
2020,PL,埼玉西武ライオンズ,71775134,源田　壮亮,S.Genda,120.0,518.0,455.0,67.0,123.0,14.0,5.0,1.0,150.0,21.0,18,8,22.0,2.0,38.0,0,1.0,80.0,6.0,0.27,0.327,0.33,0.657,103.0,0.06,0.056999999999999995,0.387,7.335907335907336,15.444015444015443,0.475,0.324468085106383,0.22965000000000002,437.0,0.16043956043956045,0.5828402366863905,0.27,123.0,1.0,21.0,120.0,518.0,455.0,103.0,14.0,5.0,67.0,0.327,0.33,38.0,0,1.0,,150.0,18,8,22.0,2.0,,48.98580121703854,49.994
2020,PL,東北楽天ゴールデンイーグルス,71875133,山下　斐紹,A.Yamashita,8.0,8.0,7.0,1.0,0.0,0.0,0.0,0.0,0.0,0.0,0.0,0,0.0,0.0,1.0,0,0.0,3.0,0.0,0.0,0.125,0.0,0.125,0.0,0.0,0.125,0.125,12.5,37.5,0.3333333333333333,0.0,0.05625,125.0,0.14285714285714285,0.14285714285714285,0.0,0.0,0.0,0.0,8.0,8.0,7.0,0.0,0.0,0.0,1.0,0.125,0.0,1.0,0,0.0,,0.0,0.0,0,0.0,0.0,,0.0,-0.35600000000000004
2020,PL,埼玉西武ライオンズ,71875138,森脇　亮介,R.Moriwaki,47.0,0.0,0.0,0.0,0.0,0.0,0.0,0.0,0.0,0.0,0.0,0,0.0,0.0,0.0,0,0.0,0.0,0.0,,,,0.0,0.0,0.0,0.0,,nan,nan,nan,nan,0.0,0.0,nan,nan,,0.0,0.0,0.0,47.0,0.0,0.0,0.0,0.0,0.0,0.0,,,0.0,0,0.0,,0.0,0.0,0,0.0,0.0,,nan,0.0
2020,PL,オリックス・バファローズ,71875151,宮城　大弥,H.Miyagi,3.0,0.0,0.0,0.0,0.0,0.0,0.0,0.0,0.0,0.0,0.0,0,0.0,0.0,0.0,0,0.0,0.0,0.0,,,,0.0,0.0,0.0,0.0,,nan,nan,nan,nan,0.0,0.0,nan,nan,,0.0,0.0,0.0,3.0,0.0,0.0,0.0,0.0,0.0,0.0,,,0.0,0,0.0,,0.0,0.0,0,0.0,0.0,,nan,0.0
2020,PL,千葉ロッテマリーンズ,71975134,佐々木　千隼,C.Sasaki,5.0,0.0,0.0,0.0,0.0,0.0,0.0,0.0,0.0,0.0,0.0,0,0.0,0.0,0.0,0,0.0,0.0,0.0,,,,0.0,0.0,0.0,0.0,,nan,nan,nan,nan,0.0,0.0,nan,nan,,0.0,0.0,0.0,5.0,0.0,0.0,0.0,0.0,0.0,0.0,,,0.0,0,0.0,,0.0,0.0,0,0.0,0.0,,nan,0.0
2020,PL,東北楽天ゴールデンイーグルス,71975135,島内　宏明,H.Shimauchi,114.0,471.0,406.0,50.0,114.0,17.0,2.0,8.0,159.0,53.0,9,1,6.0,4.0,48.0,0,7.0,71.0,8.0,0.281,0.363,0.392,0.755,87.0,0.11099999999999999,0.08199999999999996,0.474,10.191082802547772,15.074309978768577,0.676056338028169,0.3202416918429003,0.26134999999999997,493.6666666666667,0.2315270935960591,0.7166666666666667,0.281,114.0,8.0,53.0,114.0,471.0,406.0,87.0,17.0,2.0,50.0,0.363,0.392,48.0,0,7.0,,159.0,9,1,6.0,4.0,,56.73568281938326,59.054000000000016
2020,PL,東北楽天ゴールデンイーグルス,73175136,山﨑　剛,T.Yamasaki,20.0,16.0,12.0,4.0,2.0,1.0,0.0,0.0,3.0,1.0,1,0,2.0,1.0,1.0,0,0.0,2.0,0.0,0.167,0.214,0.25,0.46399999999999997,1.0,0.08299999999999999,0.046999999999999986,0.297,6.25,12.5,0.5,0.18181818181818182,0.1588,297.3333333333333,0.16666666666666666,0.4,0.167,2.0,0.0,1.0,20.0,16.0,12.0,1.0,1.0,0.0,4.0,0.214,0.25,1.0,0,0.0,,3.0,1,0,2.0,1.0,,0.6923076923076923,0.5700000000000001
2020,PL,東北楽天ゴールデンイーグルス,73175138,渡邊　佳明,Y.Watanabe,35.0,95.0,85.0,9.0,20.0,5.0,1.0,0.0,27.0,12.0,0.0,0,6.0,1.0,3.0,0,0.0,15.0,1.0,0.235,0.258,0.318,0.5760000000000001,14.0,0.08300000000000002,0.02300000000000002,0.341,3.1578947368421053,15.789473684210526,0.2,0.28169014084507044,0.1956,364.0,0.11764705882352941,0.45454545454545453,0.235,20.0,0.0,12.0,35.0,95.0,85.0,14.0,5.0,1.0,9.0,0.258,0.318,3.0,0,0.0,,27.0,0.0,0,6.0,1.0,,7.056818181818182,6.260000000000001
2020,PL,福岡ソフトバンクホークス,73175151,柳町　達,T.Yanagimachi,12.0,6.0,4.0,0.0,1.0,0.0,0.0,0.0,1.0,1.0,0.0,0,1.0,0.0,1.0,0,0.0,0.0,0.0,0.25,0.4,0.25,0.65,1.0,0.0,0.15000000000000002,0.4,16.666666666666664,0.0,nan,0.25,0.24250000000000002,483.3333333333333,0.25,0.6666666666666666,0.25,1.0,0.0,1.0,12.0,6.0,4.0,1.0,0.0,0.0,0.0,0.4,0.25,1.0,0,0.0,,1.0,0.0,0,1.0,0.0,,0.4,0.536
2020,PL,東北楽天ゴールデンイーグルス,73575132,宋　家豪,C.Son,38.0,0.0,0.0,0.0,0.0,0.0,0.0,0.0,0.0,0.0,0.0,0,0.0,0.0,0.0,0,0.0,0.0,0.0,,,,0.0,0.0,0.0,0.0,,nan,nan,nan,nan,0.0,0.0,nan,nan,,0.0,0.0,0.0,38.0,0.0,0.0,0.0,0.0,0.0,0.0,,,0.0,0,0.0,,0.0,0.0,0,0.0,0.0,,nan,0.0
2020,PL,オリックス・バファローズ,73575151,A.ジョーンズ,A.Jones,87.0,338.0,302.0,29.0,78.0,12.0,0.0,12.0,126.0,43.0,1,0,0.0,2.0,32.0,0,2.0,66.0,9.0,0.258,0.331,0.417,0.748,54.0,0.15899999999999997,0.07300000000000001,0.49,9.467455621301776,19.526627218934912,0.48484848484848486,0.2920353982300885,0.2532,470.0,0.26490066225165565,0.6866952789699571,0.258,78.0,12.0,43.0,87.0,338.0,302.0,54.0,12.0,0.0,29.0,0.331,0.417,32.0,0,2.0,,126.0,1,0,0.0,2.0,,41.49700598802395,42.188
2020,PL,東北楽天ゴールデンイーグルス,73975134,S.ロメロ,S.Romero,103.0,404.0,356.0,46.0,97.0,19.0,2.0,24.0,192.0,63.0,0.0,0,0.0,2.0,38.0,0,8.0,108.0,8.0,0.272,0.354,0.539,0.893,52.0,0.267,0.08199999999999996,0.621,9.405940594059405,26.732673267326735,0.35185185185185186,0.3230088495575221,0.29405000000000003,533.6666666666666,0.37359550561797755,0.8913857677902621,0.272,97.0,24.0,63.0,103.0,404.0,356.0,52.0,19.0,2.0,46.0,0.354,0.539,38.0,0,8.0,,192.0,0.0,0,0.0,2.0,,65.78680203045685,66.118
2020,PL,埼玉西武ライオンズ,81085115,中村　剛也,T.Nakamura,79.0,297.0,258.0,32.0,55.0,14.0,0.0,9.0,96.0,31.0,0,1,0.0,2.0,34.0,0,3.0,75.0,7.0,0.213,0.31,0.372,0.6819999999999999,32.0,0.159,0.097,0.469,11.447811447811448,25.252525252525253,0.4533333333333333,0.26136363636363635,0.2325,434.0,0.29457364341085274,0.638095238095238,0.213,55.0,9.0,31.0,79.0,297.0,258.0,32.0,14.0,0.0,32.0,0.31,0.372,34.0,0,3.0,,96.0,0,1,0.0,2.0,,29.26027397260274,31.535999999999998
2020,PL,オリックス・バファローズ,81085131,比嘉　幹貴,M.Higa,20.0,0.0,0.0,0.0,0.0,0.0,0.0,0.0,0.0,0.0,0.0,0,0.0,0.0,0.0,0,0.0,0.0,0.0,,,,0.0,0.0,0.0,0.0,,nan,nan,nan,nan,0.0,0.0,nan,nan,,0.0,0.0,0.0,20.0,0.0,0.0,0.0,0.0,0.0,0.0,,,0.0,0,0.0,,0.0,0.0,0,0.0,0.0,,nan,0.0
2020,PL,オリックス・バファローズ,81085138,頓宮　裕真,Y.Tonguu,12.0,35.0,32.0,5.0,10.0,3.0,0.0,2.0,19.0,5.0,0.0,0,0.0,0.0,3.0,0,0.0,11.0,0.0,0.312,0.371,0.594,0.965,5.0,0.282,0.059,0.653,8.571428571428571,31.428571428571427,0.2727272727272727,0.42105263157894735,0.31545,569.0,0.375,1.0,0.312,10.0,2.0,5.0,12.0,35.0,32.0,5.0,3.0,0.0,5.0,0.371,0.594,3.0,0,0.0,,19.0,0.0,0,0.0,0.0,,7.057142857142857,6.373999999999999
2020,PL,埼玉西武ライオンズ,81185119,内海　哲也,T.Utsumi,4.0,0.0,0.0,0.0,0.0,0.0,0.0,0.0,0.0,0.0,0.0,0,0.0,0.0,0.0,0,0.0,0.0,0.0,,,,0.0,0.0,0.0,0.0,,nan,nan,nan,nan,0.0,0.0,nan,nan,,0.0,0.0,0.0,4.0,0.0,0.0,0.0,0.0,0.0,0.0,,,0.0,0,0.0,,0.0,0.0,0,0.0,0.0,,nan,0.0
2020,PL,千葉ロッテマリーンズ,81185130,石崎　剛,T.Ishizaki,12.0,0.0,0.0,0.0,0.0,0.0,0.0,0.0,0.0,0.0,0.0,0,0.0,0.0,0.0,0,0.0,0.0,0.0,,,,0.0,0.0,0.0,0.0,,nan,nan,nan,nan,0.0,0.0,nan,nan,,0.0,0.0,0.0,12.0,0.0,0.0,0.0,0.0,0.0,0.0,,,0.0,0,0.0,,0.0,0.0,0,0.0,0.0,,nan,0.0
2020,PL,北海道日本ハムファイターズ,81185139,石川　亮,R.Ishikawa,17.0,22.0,21.0,0.0,3.0,1.0,0.0,0.0,4.0,1.0,0.0,0,1.0,0.0,0.0,0,0.0,8.0,0.0,0.143,0.143,0.19,0.33299999999999996,2.0,0.047000000000000014,0.0,0.19,0.0,36.36363636363637,0.0,0.23076923076923078,0.11184999999999999,206.33333333333331,0.047619047619047616,0.2222222222222222,0.143,3.0,0.0,1.0,17.0,22.0,21.0,2.0,1.0,0.0,0.0,0.143,0.19,0.0,0,0.0,,4.0,0.0,0,1.0,0.0,,0.5714285714285714,-0.04400000000000004
2020,PL,オリックス・バファローズ,81285131,増井　浩俊,H.Masui,16.0,0.0,0.0,0.0,0.0,0.0,0.0,0.0,0.0,0.0,0.0,0,0.0,0.0,0.0,0,0.0,0.0,0.0,,,,0.0,0.0,0.0,0.0,,nan,nan,nan,nan,0.0,0.0,nan,nan,,0.0,0.0,0.0,16.0,0.0,0.0,0.0,0.0,0.0,0.0,,,0.0,0,0.0,,0.0,0.0,0,0.0,0.0,,nan,0.0
2020,PL,東北楽天ゴールデンイーグルス,81285139,松井　裕樹,Y.Matsui,25.0,0.0,0.0,0.0,0.0,0.0,0.0,0.0,0.0,0.0,0.0,0,0.0,0.0,0.0,0,0.0,0.0,0.0,,,,0.0,0.0,0.0,0.0,,nan,nan,nan,nan,0.0,0.0,nan,nan,,0.0,0.0,0.0,25.0,0.0,0.0,0.0,0.0,0.0,0.0,,,0.0,0,0.0,,0.0,0.0,0,0.0,0.0,,nan,0.0
2020,PL,福岡ソフトバンクホークス,81285151,津森　宥紀,Y.Tsumori,14.0,0.0,0.0,0.0,0.0,0.0,0.0,0.0,0.0,0.0,0.0,0,0.0,0.0,0.0,0,0.0,0.0,0.0,,,,0.0,0.0,0.0,0.0,,nan,nan,nan,nan,0.0,0.0,nan,nan,,0.0,0.0,0.0,14.0,0.0,0.0,0.0,0.0,0.0,0.0,,,0.0,0,0.0,,0.0,0.0,0,0.0,0.0,,nan,0.0
2020,PL,東北楽天ゴールデンイーグルス,81385138,小郷　裕哉,Y.Ogou,58.0,129.0,105.0,23.0,31.0,3.0,0.0,4.0,46.0,12.0,8,2,3.0,1.0,19.0,0,1.0,34.0,0.0,0.295,0.405,0.438,0.843,24.0,0.14300000000000002,0.11000000000000004,0.548,14.728682170542637,26.356589147286826,0.5588235294117647,0.39705882352941174,0.29175,551.0,0.34285714285714286,0.918918918918919,0.295,31.0,4.0,12.0,58.0,129.0,105.0,24.0,3.0,0.0,23.0,0.405,0.438,19.0,0,1.0,,46.0,8,2,3.0,1.0,,18.548387096774192,19.628
2020,PL,福岡ソフトバンクホークス,81385151,海野　隆司,T.Umino,5.0,4.0,4.0,0.0,0.0,0.0,0.0,0.0,0.0,0.0,0.0,0,0.0,0.0,0.0,0,0.0,2.0,0.0,0.0,0.0,0.0,0.0,0.0,0.0,0.0,0.0,0.0,50.0,0.0,0.0,0.0,0.0,0.0,0.0,0.0,0.0,0.0,0.0,5.0,4.0,4.0,0.0,0.0,0.0,0.0,0.0,0.0,0.0,0,0.0,,0.0,0.0,0,0.0,0.0,,0.0,-0.392
2020,PL,北海道日本ハムファイターズ,81485151,樋口　龍之介,R.Higuchi,25.0,64.0,50.0,4.0,7.0,0.0,0.0,1.0,10.0,1.0,0.0,0,4.0,0.0,9.0,0,1.0,15.0,2.0,0.14,0.283,0.2,0.483,6.0,0.06,0.14299999999999996,0.3429999999999999,14.0625,23.4375,0.6,0.17647058823529413,0.17735,349.66666666666663,0.24,0.4444444444444444,0.14,7.0,1.0,1.0,25.0,64.0,50.0,6.0,0.0,0.0,4.0,0.283,0.2,9.0,0,1.0,,10.0,0.0,0,4.0,0.0,,2.711864406779661,3.526
2020,PL,福岡ソフトバンクホークス,81585112,川島　慶三,K.Kawashima,59.0,162.0,137.0,21.0,36.0,4.0,0.0,4.0,52.0,9.0,0,4,2.0,0.0,19.0,0,4.0,17.0,2.0,0.263,0.369,0.38,0.749,28.0,0.11699999999999999,0.10599999999999998,0.486,11.728395061728394,10.493827160493826,1.1176470588235294,0.27586206896551724,0.26105,495.6666666666667,0.2846715328467153,0.7669902912621359,0.263,36.0,4.0,9.0,59.0,162.0,137.0,28.0,4.0,0.0,21.0,0.369,0.38,19.0,0,4.0,,52.0,0,4,2.0,0.0,,18.333333333333332,21.052
2020,PL,埼玉西武ライオンズ,81585132,川越　誠司,S.Kawagoe,48.0,74.0,64.0,10.0,10.0,0.0,1.0,2.0,18.0,5.0,0.0,0,1.0,0.0,9.0,0,0.0,24.0,0.0,0.156,0.26,0.281,0.541,7.0,0.12500000000000003,0.10400000000000001,0.385,12.162162162162163,32.432432432432435,0.375,0.21052631578947367,0.18725000000000003,353.6666666666667,0.265625,0.5,0.156,10.0,2.0,5.0,48.0,74.0,64.0,7.0,0.0,1.0,10.0,0.26,0.281,9.0,0,0.0,,18.0,0.0,0,1.0,0.0,,4.684931506849315,5.098000000000001
2020,PL,北海道日本ハムファイターズ,81585137,公文　克彦,K.Kumon,29.0,0.0,0.0,0.0,0.0,0.0,0.0,0.0,0.0,0.0,0.0,0,0.0,0.0,0.0,0,0.0,0.0,0.0,,,,0.0,0.0,0.0,0.0,,nan,nan,nan,nan,0.0,0.0,nan,nan,,0.0,0.0,0.0,29.0,0.0,0.0,0.0,0.0,0.0,0.0,,,0.0,0,0.0,,0.0,0.0,0,0.0,0.0,,nan,0.0
2020,PL,福岡ソフトバンクホークス,81685134,古谷　優人,Y.Furuya,4.0,0.0,0.0,0.0,0.0,0.0,0.0,0.0,0.0,0.0,0.0,0,0.0,0.0,0.0,0,0.0,0.0,0.0,,,,0.0,0.0,0.0,0.0,,nan,nan,nan,nan,0.0,0.0,nan,nan,,0.0,0.0,0.0,4.0,0.0,0.0,0.0,0.0,0.0,0.0,,,0.0,0,0.0,,0.0,0.0,0,0.0,0.0,,nan,0.0
2020,PL,埼玉西武ライオンズ,81685138,松本　航,W.Matsumoto,20.0,0.0,0.0,0.0,0.0,0.0,0.0,0.0,0.0,0.0,0.0,0,0.0,0.0,0.0,0,0.0,0.0,0.0,,,,0.0,0.0,0.0,0.0,,nan,nan,nan,nan,0.0,0.0,nan,nan,,0.0,0.0,0.0,20.0,0.0,0.0,0.0,0.0,0.0,0.0,,,0.0,0,0.0,,0.0,0.0,0,0.0,0.0,,nan,0.0
2020,PL,北海道日本ハムファイターズ,81685139,渡邉　諒,R.Watanabe,117.0,465.0,414.0,49.0,117.0,13.0,4.0,6.0,156.0,39.0,4,2,5.0,3.0,43.0,0,0.0,81.0,9.0,0.283,0.348,0.377,0.725,94.0,0.09400000000000003,0.065,0.442,9.247311827956988,17.419354838709676,0.5308641975308642,0.33636363636363636,0.25085,473.6666666666667,0.2028985507246377,0.6568627450980392,0.283,117.0,6.0,39.0,117.0,465.0,414.0,94.0,13.0,4.0,49.0,0.348,0.377,43.0,0,0.0,,156.0,4,2,5.0,3.0,,54.61706783369803,54.60399999999999
2020,PL,北海道日本ハムファイターズ,81785118,杉谷　拳士,K.Sugiya,88.0,161.0,131.0,28.0,29.0,8.0,1.0,2.0,45.0,11.0,4,1,14.0,0.0,12.0,0,4.0,32.0,2.0,0.221,0.306,0.344,0.6499999999999999,18.0,0.12299999999999997,0.08499999999999999,0.4289999999999999,7.453416149068323,19.875776397515526,0.375,0.27835051546391754,0.22369999999999998,420.66666666666663,0.22137404580152673,0.5961538461538461,0.221,29.0,2.0,11.0,88.0,161.0,131.0,18.0,8.0,1.0,28.0,0.306,0.344,12.0,0,4.0,,45.0,4,1,14.0,0.0,,12.902097902097902,14.144
2020,PL,オリックス・バファローズ,81785133,駿太,S.Shunta（gotou,23.0,62.0,50.0,4.0,6.0,0.0,0.0,0.0,6.0,1.0,2,0,4.0,0.0,8.0,0,0.0,17.0,0.0,0.12,0.241,0.12,0.361,6.0,0.0,0.121,0.241,12.903225806451612,27.419354838709676,0.47058823529411764,0.18181818181818182,0.13845000000000002,281.0,0.16,0.3181818181818182,0.12,6.0,0.0,1.0,23.0,62.0,50.0,6.0,0.0,0.0,4.0,0.241,0.12,8.0,0,0.0,,6.0,2,0,4.0,0.0,,1.4482758620689655,1.3280000000000003
2020,PL,オリックス・バファローズ,81785134,榊原　翼,T.Sakakibara,9.0,0.0,0.0,0.0,0.0,0.0,0.0,0.0,0.0,0.0,0.0,0,0.0,0.0,0.0,0,0.0,0.0,0.0,,,,0.0,0.0,0.0,0.0,,nan,nan,nan,nan,0.0,0.0,nan,nan,,0.0,0.0,0.0,9.0,0.0,0.0,0.0,0.0,0.0,0.0,,,0.0,0,0.0,,0.0,0.0,0,0.0,0.0,,nan,0.0
2020,PL,北海道日本ハムファイターズ,81785151,河野　竜生,R.Kawano,12.0,0.0,0.0,0.0,0.0,0.0,0.0,0.0,0.0,0.0,0.0,0,0.0,0.0,0.0,0,0.0,0.0,0.0,,,,0.0,0.0,0.0,0.0,,nan,nan,nan,nan,0.0,0.0,nan,nan,,0.0,0.0,0.0,12.0,0.0,0.0,0.0,0.0,0.0,0.0,,,0.0,0,0.0,,0.0,0.0,0,0.0,0.0,,nan,0.0
2020,PL,東北楽天ゴールデンイーグルス,81885114,渡辺　直人,N.Watanabe,1.0,4.0,4.0,1.0,2.0,1.0,0.0,0.0,3.0,0.0,0.0,0,0.0,0.0,0.0,0,0.0,1.0,0.0,0.5,0.5,0.75,1.25,1.0,0.25,0.0,0.75,0.0,25.0,0.0,0.6666666666666666,0.4125,750.0,0.25,1.5,0.5,2.0,0.0,0.0,1.0,4.0,4.0,1.0,1.0,0.0,1.0,0.5,0.75,0.0,0,0.0,,3.0,0.0,0,0.0,0.0,,1.5,1.024
2020,PL,千葉ロッテマリーンズ,81885136,安田　尚憲,H.Yasuda,113.0,460.0,393.0,32.0,87.0,19.0,1.0,6.0,126.0,54.0,2,1,0.0,4.0,62.0,0,1.0,106.0,10.0,0.221,0.326,0.321,0.647,61.0,0.1,0.10500000000000001,0.426,13.478260869565217,23.043478260869566,0.5849056603773585,0.28421052631578947,0.22694999999999999,433.0,0.2595419847328244,0.6012658227848101,0.221,87.0,6.0,54.0,113.0,460.0,393.0,61.0,19.0,1.0,32.0,0.326,0.321,62.0,0,1.0,,126.0,2,1,0.0,4.0,,41.261538461538464,44.84200000000001
2020,PL,オリックス・バファローズ,81985130,鈴木　優,Y.Suzuki,13.0,0.0,0.0,0.0,0.0,0.0,0.0,0.0,0.0,0.0,0.0,0,0.0,0.0,0.0,0,0.0,0.0,0.0,,,,0.0,0.0,0.0,0.0,,nan,nan,nan,nan,0.0,0.0,nan,nan,,0.0,0.0,0.0,13.0,0.0,0.0,0.0,0.0,0.0,0.0,,,0.0,0,0.0,,0.0,0.0,0,0.0,0.0,,nan,0.0
2020,PL,千葉ロッテマリーンズ,81985133,澤村　拓一,H.Sawamura,22.0,0.0,0.0,0.0,0.0,0.0,0.0,0.0,0.0,0.0,0.0,0,0.0,0.0,0.0,0,0.0,0.0,0.0,,,,0.0,0.0,0.0,0.0,,nan,nan,nan,nan,0.0,0.0,nan,nan,,0.0,0.0,0.0,22.0,0.0,0.0,0.0,0.0,0.0,0.0,,,0.0,0,0.0,,0.0,0.0,0,0.0,0.0,,nan,0.0
2020,PL,東北楽天ゴールデンイーグルス,81985135,鈴木　大地,D.Suzuki,120.0,546.0,478.0,71.0,141.0,27.0,1.0,4.0,182.0,55.0,1,3,12.0,3.0,46.0,0,7.0,58.0,18.0,0.295,0.363,0.381,0.744,109.0,0.08600000000000002,0.068,0.449,8.424908424908425,10.622710622710622,0.7931034482758621,0.3269689737470167,0.2586,490.0,0.18828451882845187,0.6704225352112676,0.295,141.0,4.0,55.0,120.0,546.0,478.0,109.0,27.0,1.0,71.0,0.363,0.381,46.0,0,7.0,,182.0,1,3,12.0,3.0,,64.95038167938931,65.74400000000003
2020,PL,北海道日本ハムファイターズ,83185132,吉田　侑樹,Y.Yoshida,5.0,0.0,0.0,0.0,0.0,0.0,0.0,0.0,0.0,0.0,0.0,0,0.0,0.0,0.0,0,0.0,0.0,0.0,,,,0.0,0.0,0.0,0.0,,nan,nan,nan,nan,0.0,0.0,nan,nan,,0.0,0.0,0.0,5.0,0.0,0.0,0.0,0.0,0.0,0.0,,,0.0,0,0.0,,0.0,0.0,0,0.0,0.0,,nan,0.0
2020,PL,オリックス・バファローズ,83185134,山岡　泰輔,T.Yamaoka,12.0,0.0,0.0,0.0,0.0,0.0,0.0,0.0,0.0,0.0,0.0,0,0.0,0.0,0.0,0,0.0,0.0,0.0,,,,0.0,0.0,0.0,0.0,,nan,nan,nan,nan,0.0,0.0,nan,nan,,0.0,0.0,0.0,12.0,0.0,0.0,0.0,0.0,0.0,0.0,,,0.0,0,0.0,,0.0,0.0,0,0.0,0.0,,nan,0.0
2020,PL,埼玉西武ライオンズ,83385139,E.メヒア,E.Mejia,74.0,260.0,237.0,20.0,49.0,13.0,1.0,11.0,97.0,33.0,0.0,0,0.0,1.0,20.0,0,2.0,82.0,5.0,0.207,0.273,0.409,0.6819999999999999,24.0,0.20199999999999999,0.06600000000000003,0.475,7.6923076923076925,31.538461538461537,0.24390243902439024,0.2620689655172414,0.22510000000000002,409.3333333333333,0.2869198312236287,0.616580310880829,0.207,49.0,11.0,33.0,74.0,260.0,237.0,24.0,13.0,1.0,20.0,0.273,0.409,20.0,0,2.0,,97.0,0.0,0,0.0,1.0,,26.042801556420233,27.075999999999993
2020,PL,福岡ソフトバンクホークス,83785136,Y.グラシアル,Y.Gracial,69.0,276.0,256.0,30.0,71.0,12.0,0.0,10.0,113.0,35.0,2,0,0.0,1.0,16.0,0,3.0,62.0,2.0,0.277,0.326,0.441,0.767,49.0,0.16399999999999998,0.04899999999999999,0.49,5.797101449275362,22.463768115942027,0.25806451612903225,0.32972972972972975,0.25695,473.0,0.2265625,0.7058823529411765,0.277,71.0,10.0,35.0,69.0,276.0,256.0,49.0,12.0,0.0,30.0,0.326,0.441,16.0,0,3.0,,113.0,2,0,0.0,1.0,,36.143382352941174,35.68000000000001
2020,PL,福岡ソフトバンクホークス,83785151,M.ムーア,M.Moore,13.0,0.0,0.0,0.0,0.0,0.0,0.0,0.0,0.0,0.0,0.0,0,0.0,0.0,0.0,0,0.0,0.0,0.0,,,,0.0,0.0,0.0,0.0,,nan,nan,nan,nan,0.0,0.0,nan,nan,,0.0,0.0,0.0,13.0,0.0,0.0,0.0,0.0,0.0,0.0,,,0.0,0,0.0,,0.0,0.0,0,0.0,0.0,,nan,0.0
2020,PL,東北楽天ゴールデンイーグルス,91195112,青山　浩二,K.Aoyama,11.0,0.0,0.0,0.0,0.0,0.0,0.0,0.0,0.0,0.0,0.0,0,0.0,0.0,0.0,0,0.0,0.0,0.0,,,,0.0,0.0,0.0,0.0,,nan,nan,nan,nan,0.0,0.0,nan,nan,,0.0,0.0,0.0,11.0,0.0,0.0,0.0,0.0,0.0,0.0,,,0.0,0,0.0,,0.0,0.0,0,0.0,0.0,,nan,0.0
2020,PL,東北楽天ゴールデンイーグルス,91195134,池田　駿,S.Ikeda,21.0,0.0,0.0,0.0,0.0,0.0,0.0,0.0,0.0,0.0,0.0,0,0.0,0.0,0.0,0,0.0,0.0,0.0,,,,0.0,0.0,0.0,0.0,,nan,nan,nan,nan,0.0,0.0,nan,nan,,0.0,0.0,0.0,21.0,0.0,0.0,0.0,0.0,0.0,0.0,,,0.0,0,0.0,,0.0,0.0,0,0.0,0.0,,nan,0.0
2020,PL,北海道日本ハムファイターズ,91195139,秋吉　亮,R.Akiyoshi,33.0,0.0,0.0,0.0,0.0,0.0,0.0,0.0,0.0,0.0,0.0,0,0.0,0.0,0.0,0,0.0,0.0,0.0,,,,0.0,0.0,0.0,0.0,,nan,nan,nan,nan,0.0,0.0,nan,nan,,0.0,0.0,0.0,33.0,0.0,0.0,0.0,0.0,0.0,0.0,,,0.0,0,0.0,,0.0,0.0,0,0.0,0.0,,nan,0.0
2020,PL,北海道日本ハムファイターズ,91295134,玉井　大翔,T.Tamai,49.0,0.0,0.0,0.0,0.0,0.0,0.0,0.0,0.0,0.0,0.0,0,0.0,0.0,0.0,0,0.0,0.0,0.0,,,,0.0,0.0,0.0,0.0,,nan,nan,nan,nan,0.0,0.0,nan,nan,,0.0,0.0,0.0,49.0,0.0,0.0,0.0,0.0,0.0,0.0,,,0.0,0,0.0,,0.0,0.0,0,0.0,0.0,,nan,0.0
2020,PL,埼玉西武ライオンズ,91295135,十亀　剣,K.Togame,8.0,0.0,0.0,0.0,0.0,0.0,0.0,0.0,0.0,0.0,0.0,0,0.0,0.0,0.0,0,0.0,0.0,0.0,,,,0.0,0.0,0.0,0.0,,nan,nan,nan,nan,0.0,0.0,nan,nan,,0.0,0.0,0.0,8.0,0.0,0.0,0.0,0.0,0.0,0.0,,,0.0,0,0.0,,0.0,0.0,0,0.0,0.0,,nan,0.0
2020,PL,千葉ロッテマリーンズ,91395130,岩下　大輝,D.Iwashita,17.0,0.0,0.0,0.0,0.0,0.0,0.0,0.0,0.0,0.0,0.0,0,0.0,0.0,0.0,0,0.0,0.0,0.0,,,,0.0,0.0,0.0,0.0,,nan,nan,nan,nan,0.0,0.0,nan,nan,,0.0,0.0,0.0,17.0,0.0,0.0,0.0,0.0,0.0,0.0,,,0.0,0,0.0,,0.0,0.0,0,0.0,0.0,,nan,0.0
2020,PL,オリックス・バファローズ,91395138,太田　椋,R.Oota,20.0,61.0,54.0,6.0,14.0,2.0,0.0,3.0,25.0,5.0,0.0,0,2.0,0.0,4.0,0,1.0,19.0,0.0,0.259,0.322,0.463,0.785,9.0,0.20400000000000001,0.063,0.526,6.557377049180328,31.147540983606557,0.21052631578947367,0.34375,0.26065,476.33333333333337,0.2777777777777778,0.75,0.259,14.0,3.0,5.0,20.0,61.0,54.0,9.0,2.0,0.0,6.0,0.322,0.463,4.0,0,1.0,,25.0,0.0,0,2.0,0.0,,7.758620689655173,7.99
2020,PL,福岡ソフトバンクホークス,91395139,上林　誠知,S.Uebayashi,69.0,178.0,160.0,17.0,29.0,4.0,1.0,6.0,53.0,20.0,8,2,2.0,1.0,11.0,0,4.0,39.0,1.0,0.181,0.25,0.331,0.581,18.0,0.15000000000000002,0.069,0.4,6.179775280898876,21.910112359550563,0.28205128205128205,0.19827586206896552,0.19525,360.3333333333333,0.23125,0.5303030303030303,0.181,29.0,6.0,20.0,69.0,178.0,160.0,18.0,4.0,1.0,17.0,0.25,0.331,11.0,0,4.0,,53.0,8,2,2.0,1.0,,12.397660818713451,14.031999999999996
2020,PL,オリックス・バファローズ,91495130,西野　真弘,M.Nishino,23.0,77.0,69.0,10.0,17.0,3.0,0.0,0.0,20.0,3.0,0.0,0,3.0,0.0,5.0,0,0.0,10.0,1.0,0.246,0.297,0.29,0.587,14.0,0.043999999999999984,0.05099999999999999,0.3409999999999999,6.493506493506493,12.987012987012985,0.5,0.288135593220339,0.20615,393.6666666666667,0.11594202898550725,0.4716981132075472,0.246,17.0,0.0,3.0,23.0,77.0,69.0,14.0,3.0,0.0,10.0,0.297,0.29,5.0,0,0.0,,20.0,0.0,0,3.0,0.0,,5.945945945945946,5.714
2020,PL,北海道日本ハムファイターズ,91495136,西村　天裕,T.Nishimura,16.0,0.0,0.0,0.0,0.0,0.0,0.0,0.0,0.0,0.0,0.0,0,0.0,0.0,0.0,0,0.0,0.0,0.0,,,,0.0,0.0,0.0,0.0,,nan,nan,nan,nan,0.0,0.0,nan,nan,,0.0,0.0,0.0,16.0,0.0,0.0,0.0,0.0,0.0,0.0,,,0.0,0,0.0,,0.0,0.0,0,0.0,0.0,,nan,0.0
2020,PL,埼玉西武ライオンズ,91495139,森　友哉,T.Mori,104.0,405.0,358.0,46.0,90.0,15.0,2.0,9.0,136.0,38.0,4,2,2.0,4.0,38.0,0,3.0,67.0,7.0,0.251,0.325,0.38,0.7050000000000001,64.0,0.129,0.07400000000000001,0.454,9.382716049382717,16.543209876543212,0.5671641791044776,0.28321678321678323,0.24125000000000002,451.6666666666667,0.24022346368715083,0.6509090909090909,0.251,90.0,9.0,38.0,104.0,405.0,358.0,64.0,15.0,2.0,46.0,0.325,0.38,38.0,0,3.0,,136.0,4,2,2.0,4.0,,43.95959595959596,45.46600000000001
2020,PL,福岡ソフトバンクホークス,91595133,甲斐　拓也,T.Kai,104.0,360.0,289.0,44.0,61.0,15.0,0.0,11.0,109.0,33.0,4.0,4,22.0,3.0,43.0,0,3.0,80.0,7.0,0.211,0.317,0.377,0.694,35.0,0.166,0.10600000000000001,0.483,11.944444444444445,22.22222222222222,0.5375,0.24875621890547264,0.2369,442.66666666666663,0.328719723183391,0.676595744680851,0.211,61.0,11.0,33.0,104.0,360.0,289.0,35.0,15.0,0.0,44.0,0.317,0.377,43.0,0,3.0,,109.0,4.0,4,22.0,3.0,,34.144578313253014,37.696
2020,PL,福岡ソフトバンクホークス,91595135,嘉弥真　新也,S.Kayama,50.0,0.0,0.0,0.0,0.0,0.0,0.0,0.0,0.0,0.0,0.0,0,0.0,0.0,0.0,0,0.0,0.0,0.0,,,,0.0,0.0,0.0,0.0,,nan,nan,nan,nan,0.0,0.0,nan,nan,,0.0,0.0,0.0,50.0,0.0,0.0,0.0,0.0,0.0,0.0,,,0.0,0,0.0,,0.0,0.0,0,0.0,0.0,,nan,0.0
2020,PL,千葉ロッテマリーンズ,91595137,加藤　翔平,S.Katou,22.0,79.0,70.0,13.0,21.0,5.0,1.0,0.0,28.0,3.0,3,2,0.0,0.0,8.0,0,1.0,15.0,0.0,0.3,0.38,0.4,0.78,15.0,0.10000000000000003,0.08000000000000002,0.48,10.126582278481013,18.9873417721519,0.5333333333333333,0.38181818181818183,0.271,513.3333333333333,0.24285714285714285,0.7959183673469388,0.3,21.0,0.0,3.0,22.0,79.0,70.0,15.0,5.0,1.0,13.0,0.38,0.4,8.0,0,1.0,,28.0,3,2,0.0,0.0,,10.41025641025641,10.668
2020,PL,オリックス・バファローズ,91595151,大下　誠一郎,S.Ooshita,32.0,104.0,88.0,10.0,19.0,6.0,0.0,2.0,31.0,9.0,0,1,2.0,1.0,8.0,0,5.0,15.0,3.0,0.216,0.314,0.352,0.6659999999999999,11.0,0.13599999999999998,0.098,0.4499999999999999,7.6923076923076925,14.423076923076922,0.5333333333333333,0.2361111111111111,0.2293,431.33333333333337,0.23863636363636365,0.625,0.216,19.0,2.0,9.0,32.0,104.0,88.0,11.0,6.0,0.0,10.0,0.314,0.352,8.0,0,5.0,,31.0,0,1,2.0,1.0,,8.71875,10.407999999999998
2020,PL,千葉ロッテマリーンズ,91695133,南　昌輝,M.Minami,6.0,0.0,0.0,0.0,0.0,0.0,0.0,0.0,0.0,0.0,0.0,0,0.0,0.0,0.0,0,0.0,0.0,0.0,,,,0.0,0.0,0.0,0.0,,nan,nan,nan,nan,0.0,0.0,nan,nan,,0.0,0.0,0.0,6.0,0.0,0.0,0.0,0.0,0.0,0.0,,,0.0,0,0.0,,0.0,0.0,0,0.0,0.0,,nan,0.0
2020,PL,埼玉西武ライオンズ,91695134,平井　克典,K.Hirai,41.0,0.0,0.0,0.0,0.0,0.0,0.0,0.0,0.0,0.0,0.0,0,0.0,0.0,0.0,0,0.0,0.0,0.0,,,,0.0,0.0,0.0,0.0,,nan,nan,nan,nan,0.0,0.0,nan,nan,,0.0,0.0,0.0,41.0,0.0,0.0,0.0,0.0,0.0,0.0,,,0.0,0,0.0,,0.0,0.0,0,0.0,0.0,,nan,0.0
2020,PL,千葉ロッテマリーンズ,91695139,吉田　裕太,Y.Yoshida,1.0,1.0,0.0,0.0,0.0,0.0,0.0,0.0,0.0,0.0,0.0,0,1.0,0.0,0.0,0,0.0,0.0,0.0,,,,0.0,0.0,0.0,0.0,,0.0,0.0,nan,nan,0.0,0.0,nan,nan,,0.0,0.0,0.0,1.0,1.0,0.0,0.0,0.0,0.0,0.0,,,0.0,0,0.0,,0.0,0.0,0,1.0,0.0,,nan,0.0
2020,PL,東北楽天ゴールデンイーグルス,91795114,岸　孝之,T.Kishi,11.0,0.0,0.0,0.0,0.0,0.0,0.0,0.0,0.0,0.0,0.0,0,0.0,0.0,0.0,0,0.0,0.0,0.0,,,,0.0,0.0,0.0,0.0,,nan,nan,nan,nan,0.0,0.0,nan,nan,,0.0,0.0,0.0,11.0,0.0,0.0,0.0,0.0,0.0,0.0,,,0.0,0,0.0,,0.0,0.0,0,0.0,0.0,,nan,0.0
2020,PL,千葉ロッテマリーンズ,91795131,清田　育宏,I.Kiyota,70.0,209.0,180.0,18.0,50.0,13.0,0.0,7.0,84.0,23.0,0.0,0,5.0,0.0,22.0,0,2.0,52.0,6.0,0.278,0.363,0.467,0.8300000000000001,30.0,0.189,0.08499999999999996,0.552,10.526315789473683,24.880382775119617,0.4230769230769231,0.35537190082644626,0.2801,518.6666666666666,0.3111111111111111,0.7941176470588235,0.278,50.0,7.0,23.0,70.0,209.0,180.0,30.0,13.0,0.0,18.0,0.363,0.467,22.0,0,2.0,,84.0,0.0,0,5.0,0.0,,29.940594059405942,29.619999999999997
2020,PL,埼玉西武ライオンズ,91795132,國場　翼,T.Kokuba,7.0,0.0,0.0,0.0,0.0,0.0,0.0,0.0,0.0,0.0,0.0,0,0.0,0.0,0.0,0,0.0,0.0,0.0,,,,0.0,0.0,0.0,0.0,,nan,nan,nan,nan,0.0,0.0,nan,nan,,0.0,0.0,0.0,7.0,0.0,0.0,0.0,0.0,0.0,0.0,,,0.0,0,0.0,,0.0,0.0,0,0.0,0.0,,nan,0.0
2020,PL,北海道日本ハムファイターズ,91795134,郡　拓也,T.Koori,9.0,7.0,6.0,1.0,0.0,0.0,0.0,0.0,0.0,0.0,0.0,0,0.0,0.0,1.0,0,0.0,1.0,0.0,0.0,0.143,0.0,0.143,0.0,0.0,0.143,0.143,14.285714285714285,14.285714285714285,1.0,0.0,0.06434999999999999,143.0,0.16666666666666666,0.16666666666666666,0.0,0.0,0.0,0.0,9.0,7.0,6.0,0.0,0.0,0.0,1.0,0.143,0.0,1.0,0,0.0,,0.0,0.0,0,0.0,0.0,,0.0,-0.25800000000000006
2020,PL,オリックス・バファローズ,91795135,小島　脩平,S.Kojima,13.0,20.0,20.0,1.0,3.0,2.0,0.0,0.0,5.0,0.0,0.0,0,0.0,0.0,0.0,0,0.0,9.0,1.0,0.15,0.15,0.25,0.4,1.0,0.1,0.0,0.25,0.0,45.0,0.0,0.2727272727272727,0.13,233.33333333333334,0.1,0.2777777777777778,0.15,3.0,0.0,0.0,13.0,20.0,20.0,1.0,2.0,0.0,1.0,0.15,0.25,0.0,0,0.0,,5.0,0.0,0,0.0,0.0,,0.75,0.2739999999999998
2020,PL,東北楽天ゴールデンイーグルス,91795137,下水流　昂,K.Shimozuru,20.0,35.0,32.0,1.0,6.0,0.0,1.0,1.0,11.0,5.0,0.0,0,0.0,0.0,2.0,0,1.0,11.0,0.0,0.188,0.257,0.344,0.601,4.0,0.15599999999999997,0.069,0.413,5.714285714285714,31.428571428571427,0.18181818181818182,0.25,0.20165,371.66666666666663,0.21875,0.5384615384615384,0.188,6.0,1.0,5.0,20.0,35.0,32.0,4.0,0.0,1.0,1.0,0.257,0.344,2.0,0,1.0,,11.0,0.0,0,0.0,0.0,,2.588235294117647,2.9220000000000006
2020,PL,オリックス・バファローズ,91995130,佐野　皓大,K.Sano,77.0,162.0,140.0,22.0,30.0,5.0,3.0,0.0,41.0,3.0,20,4,13.0,0.0,9.0,0,0.0,37.0,2.0,0.214,0.262,0.293,0.5549999999999999,22.0,0.07899999999999999,0.048000000000000015,0.3409999999999999,5.555555555555555,22.839506172839506,0.24324324324324326,0.2912621359223301,0.19115,359.6666666666667,0.17142857142857143,0.48214285714285715,0.214,30.0,0.0,3.0,77.0,162.0,140.0,22.0,5.0,3.0,22.0,0.262,0.293,9.0,0,0.0,,41.0,20,4,13.0,0.0,,10.731543624161073,10.629999999999995
2020,PL,福岡ソフトバンクホークス,91995138,杉山　一樹,K.Sugiyama,11.0,0.0,0.0,0.0,0.0,0.0,0.0,0.0,0.0,0.0,0.0,0,0.0,0.0,0.0,0,0.0,0.0,0.0,,,,0.0,0.0,0.0,0.0,,nan,nan,nan,nan,0.0,0.0,nan,nan,,0.0,0.0,0.0,11.0,0.0,0.0,0.0,0.0,0.0,0.0,,,0.0,0,0.0,,0.0,0.0,0,0.0,0.0,,nan,0.0
2020,PL,オリックス・バファローズ,91995151,紅林　弘太郎,K.Kurebayashi,5.0,18.0,17.0,1.0,4.0,0.0,0.0,0.0,4.0,2.0,0.0,0,0.0,0.0,1.0,0,0.0,4.0,1.0,0.235,0.278,0.235,0.513,4.0,0.0,0.04300000000000004,0.278,5.555555555555555,22.22222222222222,0.25,0.3076923076923077,0.18385,356.3333333333333,0.058823529411764705,0.35714285714285715,0.235,4.0,0.0,2.0,5.0,18.0,17.0,4.0,0.0,0.0,1.0,0.278,0.235,1.0,0,0.0,,4.0,0.0,0,0.0,0.0,,1.1111111111111112,1.056
2020,PL,東北楽天ゴールデンイーグルス,93195134,森原　康平,K.Morihara,17.0,0.0,0.0,0.0,0.0,0.0,0.0,0.0,0.0,0.0,0.0,0,0.0,0.0,0.0,0,0.0,0.0,0.0,,,,0.0,0.0,0.0,0.0,,nan,nan,nan,nan,0.0,0.0,nan,nan,,0.0,0.0,0.0,17.0,0.0,0.0,0.0,0.0,0.0,0.0,,,0.0,0,0.0,,0.0,0.0,0,0.0,0.0,,nan,0.0
2020,PL,千葉ロッテマリーンズ,93195136,山本　大貴,D.Yamamoto,12.0,0.0,0.0,0.0,0.0,0.0,0.0,0.0,0.0,0.0,0.0,0,0.0,0.0,0.0,0,0.0,0.0,0.0,,,,0.0,0.0,0.0,0.0,,nan,nan,nan,nan,0.0,0.0,nan,nan,,0.0,0.0,0.0,12.0,0.0,0.0,0.0,0.0,0.0,0.0,,,0.0,0,0.0,,0.0,0.0,0,0.0,0.0,,nan,0.0
2020,PL,福岡ソフトバンクホークス,93395136,渡邉　雄大,Y.Watanabe,3.0,0.0,0.0,0.0,0.0,0.0,0.0,0.0,0.0,0.0,0.0,0,0.0,0.0,0.0,0,0.0,0.0,0.0,,,,0.0,0.0,0.0,0.0,,nan,nan,nan,nan,0.0,0.0,nan,nan,,0.0,0.0,0.0,3.0,0.0,0.0,0.0,0.0,0.0,0.0,,,0.0,0,0.0,,0.0,0.0,0,0.0,0.0,,nan,0.0
2020,PL,北海道日本ハムファイターズ,93395138,C.ビヤヌエバ,C.Villanueva,54.0,196.0,168.0,11.0,37.0,3.0,0.0,4.0,52.0,19.0,1,2,0.0,2.0,22.0,0,4.0,39.0,1.0,0.22,0.321,0.31,0.631,30.0,0.09,0.101,0.411,11.224489795918368,19.897959183673468,0.5641025641025641,0.25984251968503935,0.22194999999999998,424.3333333333333,0.23214285714285715,0.6060606060606061,0.22,37.0,4.0,19.0,54.0,196.0,168.0,30.0,3.0,0.0,11.0,0.321,0.31,22.0,0,4.0,,52.0,1,2,0.0,2.0,,16.147368421052633,19.022
2020,PL,東北楽天ゴールデンイーグルス,93595151,D.J.ジョンソン,D.Johnson,16.0,0.0,0.0,0.0,0.0,0.0,0.0,0.0,0.0,0.0,0.0,0,0.0,0.0,0.0,0,0.0,0.0,0.0,,,,0.0,0.0,0.0,0.0,,nan,nan,nan,nan,0.0,0.0,nan,nan,,0.0,0.0,0.0,16.0,0.0,0.0,0.0,0.0,0.0,0.0,,,0.0,0,0.0,,0.0,0.0,0,0.0,0.0,,nan,0.0
2020,PL,千葉ロッテマリーンズ,93795134,F.ハーマン,F.Herrmann,38.0,0.0,0.0,0.0,0.0,0.0,0.0,0.0,0.0,0.0,0.0,0,0.0,0.0,0.0,0,0.0,0.0,0.0,,,,0.0,0.0,0.0,0.0,,nan,nan,nan,nan,0.0,0.0,nan,nan,,0.0,0.0,0.0,38.0,0.0,0.0,0.0,0.0,0.0,0.0,,,0.0,0,0.0,,0.0,0.0,0,0.0,0.0,,nan,0.0
