year,league,team,player_id,player_name_ja,player_name_en,G,PA,AB,R,H,2B,3B,HR,TB,RBI,SB,CS,SH,SF,BB,IBB,HBP,SO,GDP,AVG,OBP,SLG,OPS,1B,IsoP,IsoD,IOPS,BB%,K%,BB/K,BABIP,GPA,NOI,SecA,TA,打率,安打,本塁打,打点,試合,打席,打数,単打,二塁打,三塁打,得点,出塁率,長打率,四球,敬遠,死球,三振,塁打,盗塁,盗塁死,犠打,犠飛,併殺打,RC,XR
1989,CL,横浜DeNAベイスターズ,1003864,宮下　嗣朗,S.Miyashita,1.0,0.0,0.0,0.0,0.0,0.0,0.0,0.0,0.0,0.0,0.0,0,0.0,0.0,0.0,0,0.0,0.0,0.0,,,,0.0,0.0,0.0,0.0,,nan,nan,nan,nan,0.0,0.0,nan,nan,,0.0,0.0,0.0,1.0,0.0,0.0,0.0,0.0,0.0,0.0,,,0.0,0,0.0,,0.0,0.0,0,0.0,0.0,,nan,0.0
1989,CL,読売ジャイアンツ,11013846,山倉　和博,K.Yamakura,46.0,108.0,92.0,6.0,11.0,4.0,0.0,1.0,18.0,10.0,0.0,0,1.0,1.0,14.0,0,0.0,28.0,4.0,0.12,0.234,0.196,0.43000000000000005,6.0,0.07600000000000001,0.11400000000000002,0.31,12.962962962962962,25.925925925925924,0.5,0.15625,0.1543,299.3333333333333,0.22826086956521738,0.3764705882352941,0.12,11.0,1.0,10.0,46.0,108.0,92.0,6.0,4.0,0.0,6.0,0.234,0.196,14.0,0,0.0,,18.0,0.0,0,1.0,1.0,,4.245283018867925,4.002000000000001
1989,CL,阪神タイガース,11013847,真弓　明信,A.Mayumi,95.0,311.0,279.0,36.0,69.0,8.0,1.0,16.0,127.0,37.0,2,1,0.0,1.0,30.0,0,1.0,52.0,14.0,0.247,0.322,0.455,0.777,44.0,0.20800000000000002,0.07500000000000001,0.53,9.646302250803858,16.720257234726688,0.5769230769230769,0.25,0.25865,473.6666666666667,0.31899641577060933,0.7098214285714286,0.247,69.0,16.0,37.0,95.0,311.0,279.0,44.0,8.0,1.0,36.0,0.322,0.455,30.0,0,1.0,,127.0,2,1,0.0,1.0,,40.689320388349515,41.66999999999999
1989,CL,中日ドラゴンズ,1103844,大宮　龍男,T.Oomiya,31.0,42.0,40.0,2.0,9.0,1.0,0.0,1.0,13.0,3.0,0.0,0,1.0,0.0,1.0,0,0.0,7.0,2.0,0.225,0.244,0.325,0.569,7.0,0.1,0.01899999999999999,0.344,2.380952380952381,16.666666666666664,0.14285714285714285,0.25,0.19105,352.3333333333333,0.125,0.42424242424242425,0.225,9.0,1.0,3.0,31.0,42.0,40.0,7.0,1.0,0.0,2.0,0.244,0.325,1.0,0,0.0,,13.0,0.0,0,1.0,0.0,,3.1707317073170733,2.952
1989,CL,読売ジャイアンツ,1103860,井上　真二,S.Inoue,81.0,242.0,205.0,33.0,61.0,10.0,1.0,12.0,109.0,38.0,0.0,0,5.0,4.0,23.0,0,5.0,36.0,8.0,0.298,0.376,0.532,0.908,38.0,0.23400000000000004,0.07800000000000001,0.6100000000000001,9.50413223140496,14.87603305785124,0.6388888888888888,0.30434782608695654,0.3022,553.3333333333334,0.3463414634146341,0.9013157894736842,0.298,61.0,12.0,38.0,81.0,242.0,205.0,38.0,10.0,1.0,33.0,0.376,0.532,23.0,0,5.0,,109.0,0.0,0,5.0,4.0,,40.1578947368421,39.647999999999996
1989,CL,阪神タイガース,1103864,猪俣　隆,T.Inomata,41.0,12.0,12.0,0.0,0.0,0.0,0.0,0.0,0.0,0.0,0.0,0,0.0,0.0,0.0,0,0.0,9.0,0.0,0.0,0.0,0.0,0.0,0.0,0.0,0.0,0.0,0.0,75.0,0.0,0.0,0.0,0.0,0.0,0.0,0.0,0.0,0.0,0.0,41.0,12.0,12.0,0.0,0.0,0.0,0.0,0.0,0.0,0.0,0,0.0,,0.0,0.0,0,0.0,0.0,,0.0,-1.1760000000000002
1989,CL,広島東洋カープ,1103865,今井　譲二,J.Imai,4.0,1.0,1.0,0.0,0.0,0.0,0.0,0.0,0.0,0.0,2.0,0,0.0,0.0,0.0,0,0.0,0.0,0.0,0.0,0.0,0.0,0.0,0.0,0.0,0.0,0.0,0.0,0.0,nan,0.0,0.0,0.0,2.0,2.0,0.0,0.0,0.0,0.0,4.0,1.0,1.0,0.0,0.0,0.0,0.0,0.0,0.0,0.0,0,0.0,,0.0,2.0,0,0.0,0.0,,0.0,0.262
1989,CL,中日ドラゴンズ,1103866,高島　覚,S.Takashima,1.0,1.0,1.0,0.0,0.0,0.0,0.0,0.0,0.0,0.0,0.0,0,0.0,0.0,0.0,0,0.0,1.0,0.0,0.0,0.0,0.0,0.0,0.0,0.0,0.0,0.0,0.0,100.0,0.0,nan,0.0,0.0,0.0,0.0,0.0,0.0,0.0,0.0,1.0,1.0,1.0,0.0,0.0,0.0,0.0,0.0,0.0,0.0,0,0.0,,0.0,0.0,0,0.0,0.0,,0.0,-0.098
1989,CL,中日ドラゴンズ,1103868,中嶋　治彦,H.Nakajima,7.0,0.0,0.0,0.0,0.0,0.0,0.0,0.0,0.0,0.0,0.0,0,0.0,0.0,0.0,0,0.0,0.0,0.0,,,,0.0,0.0,0.0,0.0,,nan,nan,nan,nan,0.0,0.0,nan,nan,,0.0,0.0,0.0,7.0,0.0,0.0,0.0,0.0,0.0,0.0,,,0.0,0,0.0,,0.0,0.0,0,0.0,0.0,,nan,0.0
1989,CL,横浜DeNAベイスターズ,11213860,日野　善朗,Y.Hino,48.0,98.0,85.0,8.0,20.0,5.0,0.0,2.0,31.0,8.0,0.0,0,1.0,1.0,10.0,0,1.0,19.0,1.0,0.235,0.32,0.365,0.685,13.0,0.13,0.08500000000000002,0.45,10.204081632653061,19.387755102040817,0.5263157894736842,0.27692307692307694,0.23525000000000001,441.66666666666663,0.24705882352941178,0.6363636363636364,0.235,20.0,2.0,8.0,48.0,98.0,85.0,13.0,5.0,0.0,8.0,0.32,0.365,10.0,0,1.0,,31.0,0.0,0,1.0,1.0,,9.789473684210526,10.239999999999998
1989,CL,阪神タイガース,11213864,八木　裕,H.Yagi,102.0,301.0,271.0,33.0,58.0,12.0,4.0,16.0,126.0,40.0,3,0,4.0,0.0,26.0,0,0.0,67.0,5.0,0.214,0.283,0.465,0.748,26.0,0.251,0.06899999999999998,0.534,8.637873754152823,22.259136212624583,0.3880597014925373,0.22340425531914893,0.24359999999999998,437.99999999999994,0.34686346863468637,0.6972477064220184,0.214,58.0,16.0,40.0,102.0,301.0,271.0,26.0,12.0,4.0,33.0,0.283,0.465,26.0,0,0.0,,126.0,3,0,4.0,0.0,,35.63636363636363,36.546
1989,CL,中日ドラゴンズ,11213869,藤王　康晴,Y.Fujiou,16.0,23.0,22.0,2.0,3.0,1.0,0.0,0.0,4.0,0.0,0.0,0,0.0,0.0,0.0,0,1.0,7.0,0.0,0.136,0.174,0.182,0.356,2.0,0.045999999999999985,0.03799999999999998,0.2199999999999999,0.0,30.434782608695656,0.0,0.2,0.1238,234.66666666666666,0.045454545454545456,0.2631578947368421,0.136,3.0,0.0,0.0,16.0,23.0,22.0,2.0,1.0,0.0,2.0,0.174,0.182,0.0,0,1.0,,4.0,0.0,0,0.0,0.0,,0.5454545454545454,0.18799999999999972
1989,CL,横浜DeNAベイスターズ,11313862,岡本　哲司,T.Okamoto,6.0,7.0,7.0,1.0,2.0,1.0,0.0,0.0,3.0,2.0,0.0,0,0.0,0.0,0.0,0,0.0,0.0,0.0,0.286,0.286,0.429,0.715,1.0,0.14300000000000002,0.0,0.429,0.0,0.0,nan,0.2857142857142857,0.23595,428.99999999999994,0.14285714285714285,0.6,0.286,2.0,0.0,2.0,6.0,7.0,7.0,1.0,1.0,0.0,1.0,0.286,0.429,0.0,0,0.0,,3.0,0.0,0,0.0,0.0,,0.8571428571428571,0.73
1989,CL,横浜DeNAベイスターズ,11313864,大野　雄次,Y.Oono,51.0,124.0,119.0,7.0,33.0,9.0,0.0,1.0,45.0,15.0,0.0,0,2.0,0.0,3.0,0,0.0,32.0,2.0,0.277,0.295,0.378,0.673,23.0,0.10099999999999998,0.01799999999999996,0.3959999999999999,2.4193548387096775,25.806451612903224,0.09375,0.37209302325581395,0.22725,421.0,0.12605042016806722,0.5454545454545454,0.277,33.0,1.0,15.0,51.0,124.0,119.0,23.0,9.0,0.0,7.0,0.295,0.378,3.0,0,0.0,,45.0,0.0,0,2.0,0.0,,13.278688524590164,11.982
1989,CL,阪神タイガース,11313866,野田　浩司,K.Noda,46.0,19.0,17.0,1.0,1.0,1.0,0.0,0.0,2.0,1.0,0.0,0,2.0,0.0,0.0,0,0.0,8.0,0.0,0.059,0.059,0.118,0.177,0.0,0.059,0.0,0.118,0.0,42.10526315789473,0.0,0.1111111111111111,0.05605,98.33333333333333,0.058823529411764705,0.125,0.059,1.0,0.0,1.0,46.0,19.0,17.0,0.0,1.0,0.0,1.0,0.059,0.118,0.0,0,0.0,,2.0,0.0,0,2.0,0.0,,0.11764705882352941,-0.8480000000000001
1989,CL,東京ヤクルトスワローズ,11413843,八重樫　幸雄,Y.Yaegashi,55.0,58.0,49.0,4.0,17.0,2.0,0.0,3.0,28.0,17.0,0.0,0,0.0,0.0,8.0,0,1.0,11.0,1.0,0.347,0.448,0.571,1.019,12.0,0.22399999999999998,0.10100000000000003,0.6719999999999999,13.793103448275861,18.96551724137931,0.7272727272727273,0.4,0.34435,638.3333333333333,0.3877551020408163,1.121212121212121,0.347,17.0,3.0,17.0,55.0,58.0,49.0,12.0,2.0,0.0,4.0,0.448,0.571,8.0,0,1.0,,28.0,0.0,0,0.0,0.0,,12.280701754385966,11.594000000000001
1989,CL,読売ジャイアンツ,11513862,桑田　真澄,M.Kuwata,30.0,98.0,86.0,4.0,21.0,4.0,0.0,0.0,25.0,6.0,0.0,0,11.0,0.0,1.0,0,0.0,25.0,0.0,0.244,0.253,0.291,0.544,17.0,0.046999999999999986,0.009000000000000008,0.3,1.0204081632653061,25.510204081632654,0.04,0.3442622950819672,0.1866,350.0,0.05813953488372093,0.4,0.244,21.0,0.0,6.0,30.0,98.0,86.0,17.0,4.0,0.0,4.0,0.253,0.291,1.0,0,0.0,,25.0,0.0,0,11.0,0.0,,6.32183908045977,5.339999999999999
1989,CL,中日ドラゴンズ,11513863,片岡　光宏,M.Kataoka,30.0,58.0,56.0,5.0,11.0,5.0,0.0,0.0,16.0,0.0,0.0,0,1.0,0.0,1.0,0,0.0,14.0,0.0,0.196,0.211,0.286,0.497,6.0,0.08999999999999997,0.014999999999999986,0.3009999999999999,1.7241379310344827,24.137931034482758,0.07142857142857142,0.2619047619047619,0.16645,306.33333333333337,0.10714285714285714,0.37777777777777777,0.196,11.0,0.0,0.0,30.0,58.0,56.0,6.0,5.0,0.0,5.0,0.211,0.286,1.0,0,0.0,,16.0,0.0,0,1.0,0.0,,3.3684210526315788,2.5199999999999996
1989,CL,読売ジャイアンツ,11513864,佐藤　洋,H.Satou,3.0,2.0,2.0,0.0,0.0,0.0,0.0,0.0,0.0,0.0,0.0,0,0.0,0.0,0.0,0,0.0,1.0,0.0,0.0,0.0,0.0,0.0,0.0,0.0,0.0,0.0,0.0,50.0,0.0,0.0,0.0,0.0,0.0,0.0,0.0,0.0,0.0,0.0,3.0,2.0,2.0,0.0,0.0,0.0,0.0,0.0,0.0,0.0,0,0.0,,0.0,0.0,0,0.0,0.0,,0.0,-0.196
1989,CL,広島東洋カープ,11513869,清川　栄治,E.Kiyokawa,44.0,1.0,1.0,0.0,0.0,0.0,0.0,0.0,0.0,0.0,0.0,0,0.0,0.0,0.0,0,0.0,0.0,0.0,0.0,0.0,0.0,0.0,0.0,0.0,0.0,0.0,0.0,0.0,nan,0.0,0.0,0.0,0.0,0.0,0.0,0.0,0.0,0.0,44.0,1.0,1.0,0.0,0.0,0.0,0.0,0.0,0.0,0.0,0,0.0,,0.0,0.0,0,0.0,0.0,,0.0,-0.098
1989,CL,東京ヤクルトスワローズ,11613843,若松　勉,T.Wakamatsu,55.0,54.0,49.0,3.0,11.0,1.0,0.0,2.0,18.0,7.0,0.0,0,0.0,0.0,4.0,0,1.0,2.0,0.0,0.224,0.296,0.367,0.663,8.0,0.143,0.07199999999999998,0.4389999999999999,7.4074074074074066,3.7037037037037033,2.0,0.2,0.22494999999999998,418.3333333333333,0.22448979591836735,0.6052631578947368,0.224,11.0,2.0,7.0,55.0,54.0,49.0,8.0,1.0,0.0,3.0,0.296,0.367,4.0,0,1.0,,18.0,0.0,0,0.0,0.0,,5.09433962264151,5.526
1989,CL,広島東洋カープ,11713842,高橋　慶彦,Y.Takahashi,127.0,540.0,491.0,63.0,131.0,21.0,0.0,12.0,188.0,47.0,13,15,5.0,2.0,37.0,0,3.0,59.0,12.0,0.267,0.321,0.383,0.704,98.0,0.11599999999999999,0.05399999999999999,0.437,6.851851851851852,10.925925925925926,0.6271186440677966,0.28199052132701424,0.2402,448.6666666666667,0.2219959266802444,0.6532258064516129,0.267,131.0,12.0,47.0,127.0,540.0,491.0,98.0,21.0,0.0,63.0,0.321,0.383,37.0,0,3.0,,188.0,13,15,5.0,2.0,,59.81818181818182,62.02000000000001
1989,CL,読売ジャイアンツ,11713863,鴻野　淳基,J.Kouno,79.0,68.0,60.0,17.0,12.0,0.0,0.0,1.0,15.0,3.0,9,5,3.0,0.0,5.0,0,0.0,13.0,2.0,0.2,0.262,0.25,0.512,11.0,0.04999999999999999,0.062,0.312,7.352941176470589,19.11764705882353,0.38461538461538464,0.2391304347826087,0.1804,345.3333333333333,0.21666666666666667,0.5,0.2,12.0,1.0,3.0,79.0,68.0,60.0,11.0,0.0,0.0,17.0,0.262,0.25,5.0,0,0.0,,15.0,9,5,3.0,0.0,,3.923076923076923,4.786
1989,CL,阪神タイガース,11713865,住友　一哉,K.Sumitomo,44.0,5.0,4.0,0.0,0.0,0.0,0.0,0.0,0.0,0.0,0.0,0,1.0,0.0,0.0,0,0.0,1.0,0.0,0.0,0.0,0.0,0.0,0.0,0.0,0.0,0.0,0.0,20.0,0.0,0.0,0.0,0.0,0.0,0.0,0.0,0.0,0.0,0.0,44.0,5.0,4.0,0.0,0.0,0.0,0.0,0.0,0.0,0.0,0,0.0,,0.0,0.0,0,1.0,0.0,,0.0,-0.392
1989,CL,広島東洋カープ,11713866,川島　堅,K.Kawashima,12.0,9.0,9.0,0.0,0.0,0.0,0.0,0.0,0.0,0.0,0.0,0,0.0,0.0,0.0,0,0.0,2.0,0.0,0.0,0.0,0.0,0.0,0.0,0.0,0.0,0.0,0.0,22.22222222222222,0.0,0.0,0.0,0.0,0.0,0.0,0.0,0.0,0.0,0.0,12.0,9.0,9.0,0.0,0.0,0.0,0.0,0.0,0.0,0.0,0,0.0,,0.0,0.0,0,0.0,0.0,,0.0,-0.882
1989,CL,読売ジャイアンツ,11913866,呂　明賜,M.Ro,18.0,41.0,39.0,3.0,11.0,0.0,0.0,2.0,17.0,6.0,1,0,1.0,0.0,1.0,0,0.0,7.0,2.0,0.282,0.3,0.436,0.736,9.0,0.15400000000000003,0.018000000000000016,0.454,2.4390243902439024,17.073170731707318,0.14285714285714285,0.3,0.244,445.33333333333337,0.1794871794871795,0.6,0.282,11.0,2.0,6.0,18.0,41.0,39.0,9.0,0.0,0.0,3.0,0.3,0.436,1.0,0,0.0,,17.0,1,0,1.0,0.0,,5.1,4.965999999999999
1989,CL,広島東洋カープ,13013868,近藤　芳久,Y.Kondou,9.0,1.0,1.0,0.0,0.0,0.0,0.0,0.0,0.0,0.0,0.0,0,0.0,0.0,0.0,0,0.0,1.0,0.0,0.0,0.0,0.0,0.0,0.0,0.0,0.0,0.0,0.0,100.0,0.0,nan,0.0,0.0,0.0,0.0,0.0,0.0,0.0,0.0,9.0,1.0,1.0,0.0,0.0,0.0,0.0,0.0,0.0,0.0,0,0.0,,0.0,0.0,0,0.0,0.0,,0.0,-0.098
1989,CL,横浜DeNAベイスターズ,1303844,斉藤　明夫,A.Saitou,18.0,43.0,43.0,0.0,6.0,1.0,0.0,0.0,7.0,5.0,0.0,0,0.0,0.0,0.0,0,0.0,13.0,1.0,0.14,0.14,0.163,0.30300000000000005,5.0,0.022999999999999993,0.0,0.163,0.0,30.23255813953488,0.0,0.2,0.10375000000000001,194.33333333333337,0.023255813953488372,0.18421052631578946,0.14,6.0,0.0,5.0,18.0,43.0,43.0,5.0,1.0,0.0,0.0,0.14,0.163,0.0,0,0.0,,7.0,0.0,0,0.0,0.0,,0.9767441860465116,-0.4060000000000006
1989,CL,中日ドラゴンズ,1303848,川又　米利,Y.Kawamata,113.0,324.0,271.0,33.0,77.0,19.0,0.0,4.0,108.0,31.0,2.0,0,10.0,2.0,40.0,0,0.0,30.0,7.0,0.284,0.374,0.399,0.773,54.0,0.11500000000000005,0.09000000000000002,0.489,12.345679012345679,9.25925925925926,1.3333333333333333,0.3054393305439331,0.26805,507.0,0.2693726937269373,0.746268656716418,0.284,77.0,4.0,31.0,113.0,324.0,271.0,54.0,19.0,0.0,33.0,0.374,0.399,40.0,0,0.0,,108.0,2.0,0,10.0,2.0,,40.630225080385856,40.988
1989,CL,広島東洋カープ,1303864,紀藤　真琴,M.Kitou,61.0,12.0,10.0,0.0,0.0,0.0,0.0,0.0,0.0,0.0,0.0,0,1.0,0.0,1.0,0,0.0,3.0,0.0,0.0,0.091,0.0,0.091,0.0,0.0,0.091,0.091,8.333333333333332,25.0,0.3333333333333333,0.0,0.04095,91.0,0.1,0.1,0.0,0.0,0.0,0.0,61.0,12.0,10.0,0.0,0.0,0.0,0.0,0.091,0.0,1.0,0,0.0,,0.0,0.0,0,1.0,0.0,,0.0,-0.6499999999999999
1989,CL,阪神タイガース,1303865,金森　栄治,E.Kanamori,77.0,138.0,121.0,13.0,37.0,5.0,2.0,0.0,46.0,17.0,0.0,0,2.0,0.0,13.0,0,2.0,11.0,4.0,0.306,0.382,0.38,0.762,30.0,0.07400000000000001,0.07600000000000001,0.456,9.420289855072465,7.971014492753622,1.1818181818181819,0.33636363636363636,0.2669,508.6666666666667,0.18181818181818182,0.6931818181818182,0.306,37.0,0.0,17.0,77.0,138.0,121.0,30.0,5.0,2.0,13.0,0.382,0.38,13.0,0,2.0,,46.0,0.0,0,2.0,0.0,,17.16417910447761,17.397999999999996
1989,CL,中日ドラゴンズ,1303868,山﨑　武司,T.Yamasaki,20.0,35.0,29.0,2.0,5.0,1.0,0.0,0.0,6.0,2.0,0.0,0,0.0,1.0,5.0,0,0.0,11.0,0.0,0.172,0.286,0.207,0.493,4.0,0.035,0.11399999999999999,0.3209999999999999,14.285714285714285,31.428571428571427,0.45454545454545453,0.2631578947368421,0.18044999999999997,355.0,0.20689655172413793,0.4583333333333333,0.172,5.0,0.0,2.0,20.0,35.0,29.0,4.0,1.0,0.0,2.0,0.286,0.207,5.0,0,0.0,,6.0,0.0,0,0.0,1.0,,1.7647058823529411,2.018
1989,CL,中日ドラゴンズ,1303869,鹿島　忠,T.Kashima,54.0,19.0,14.0,0.0,1.0,0.0,0.0,0.0,1.0,0.0,0.0,0,5.0,0.0,0.0,0,0.0,8.0,0.0,0.071,0.071,0.071,0.142,1.0,0.0,0.0,0.071,0.0,42.10526315789473,0.0,0.16666666666666666,0.049699999999999994,94.66666666666666,0.0,0.07692307692307693,0.071,1.0,0.0,0.0,54.0,19.0,14.0,1.0,0.0,0.0,0.0,0.071,0.071,0.0,0,0.0,,1.0,0.0,0,5.0,0.0,,0.07142857142857142,-0.774
1989,CL,広島東洋カープ,13413868,W.ロードン,W.Rowdon,123.0,529.0,473.0,60.0,142.0,20.0,1.0,22.0,230.0,79.0,8,5,4.0,4.0,44.0,0,4.0,65.0,10.0,0.3,0.362,0.486,0.848,99.0,0.186,0.062,0.548,8.31758034026465,12.287334593572778,0.676923076923077,0.3076923076923077,0.2844,524.0,0.28964059196617337,0.8299120234604106,0.3,142.0,22.0,79.0,123.0,529.0,473.0,99.0,20.0,1.0,60.0,0.362,0.486,44.0,0,4.0,,230.0,8,5,4.0,4.0,,82.74661508704062,80.92200000000001
1989,CL,中日ドラゴンズ,1403862,山本昌,M.Yamamotomasa（yamamoto,35.0,62.0,54.0,2.0,5.0,0.0,0.0,0.0,5.0,2.0,0.0,0,7.0,0.0,1.0,0,0.0,18.0,1.0,0.093,0.109,0.093,0.202,5.0,0.0,0.016,0.109,1.6129032258064515,29.03225806451613,0.05555555555555555,0.1388888888888889,0.0723,140.0,0.018518518518518517,0.12,0.093,5.0,0.0,2.0,35.0,62.0,54.0,5.0,0.0,0.0,2.0,0.109,0.093,1.0,0,0.0,,5.0,0.0,0,7.0,0.0,,0.5454545454545454,-1.9720000000000004
1989,CL,横浜DeNAベイスターズ,1403867,村岡　耕一,K.Muraoka,51.0,98.0,82.0,10.0,20.0,4.0,0.0,1.0,27.0,4.0,4.0,0,7.0,0.0,9.0,0,0.0,10.0,1.0,0.244,0.319,0.329,0.648,15.0,0.08500000000000002,0.07500000000000001,0.404,9.183673469387756,10.204081632653061,0.9,0.2676056338028169,0.2258,428.6666666666667,0.24390243902439024,0.6349206349206349,0.244,20.0,1.0,4.0,51.0,98.0,82.0,15.0,4.0,0.0,10.0,0.319,0.329,9.0,0,0.0,,27.0,4.0,0,7.0,0.0,,8.604395604395604,9.434
1989,CL,東京ヤクルトスワローズ,15013868,鈴木　平,T.Suzuki,10.0,7.0,5.0,0.0,0.0,0.0,0.0,0.0,0.0,0.0,0.0,0,1.0,0.0,1.0,0,0.0,3.0,0.0,0.0,0.167,0.0,0.167,0.0,0.0,0.167,0.167,14.285714285714285,42.857142857142854,0.3333333333333333,0.0,0.07515000000000001,167.0,0.2,0.2,0.0,0.0,0.0,0.0,10.0,7.0,5.0,0.0,0.0,0.0,0.0,0.167,0.0,1.0,0,0.0,,0.0,0.0,0,1.0,0.0,,0.0,-0.15999999999999998
1989,CL,中日ドラゴンズ,1503860,小松崎　善久,Y.Komatsuzaki,55.0,79.0,67.0,4.0,14.0,4.0,0.0,2.0,24.0,10.0,0.0,0,2.0,1.0,8.0,0,1.0,34.0,2.0,0.209,0.299,0.358,0.657,8.0,0.149,0.09,0.4479999999999999,10.126582278481013,43.037974683544306,0.23529411764705882,0.375,0.22405,418.3333333333333,0.26865671641791045,0.6,0.209,14.0,2.0,10.0,55.0,79.0,67.0,8.0,4.0,0.0,4.0,0.299,0.358,8.0,0,1.0,,24.0,0.0,0,2.0,1.0,,7.04,7.5360000000000005
1989,CL,東京ヤクルトスワローズ,1503862,桜井　伸一,S.Sakurai,33.0,67.0,58.0,8.0,9.0,1.0,1.0,0.0,12.0,1.0,1.0,0,4.0,0.0,3.0,0,2.0,12.0,1.0,0.155,0.222,0.207,0.429,7.0,0.05199999999999999,0.067,0.274,4.477611940298507,17.91044776119403,0.25,0.1956521739130435,0.15165,291.0,0.1206896551724138,0.36,0.155,9.0,0.0,1.0,33.0,67.0,58.0,7.0,1.0,1.0,8.0,0.222,0.207,3.0,0,2.0,,12.0,1.0,0,4.0,0.0,,2.360655737704918,2.2879999999999994
1989,CL,横浜DeNAベイスターズ,1503866,野村　弘樹,H.Nomura,34.0,25.0,22.0,2.0,5.0,1.0,0.0,0.0,6.0,2.0,0.0,0,2.0,0.0,1.0,0,0.0,6.0,0.0,0.227,0.261,0.273,0.534,4.0,0.04600000000000001,0.034,0.307,4.0,24.0,0.16666666666666666,0.3125,0.18570000000000003,352.00000000000006,0.09090909090909091,0.4117647058823529,0.227,5.0,0.0,2.0,34.0,25.0,22.0,4.0,1.0,0.0,2.0,0.261,0.273,1.0,0,0.0,,6.0,0.0,0,2.0,0.0,,1.565217391304348,1.3839999999999997
1989,CL,中日ドラゴンズ,1503868,北村　俊介,S.Kitamura,3.0,2.0,2.0,0.0,0.0,0.0,0.0,0.0,0.0,0.0,0.0,0,0.0,0.0,0.0,0,0.0,0.0,0.0,0.0,0.0,0.0,0.0,0.0,0.0,0.0,0.0,0.0,0.0,nan,0.0,0.0,0.0,0.0,0.0,0.0,0.0,0.0,0.0,3.0,2.0,2.0,0.0,0.0,0.0,0.0,0.0,0.0,0.0,0,0.0,,0.0,0.0,0,0.0,0.0,,0.0,-0.196
1989,CL,広島東洋カープ,1503869,小早川　毅彦,T.Kobayakawa,114.0,458.0,396.0,48.0,119.0,13.0,1.0,12.0,170.0,61.0,1,0,1.0,3.0,56.0,0,2.0,68.0,11.0,0.301,0.387,0.429,0.8160000000000001,93.0,0.128,0.08600000000000002,0.515,12.22707423580786,14.847161572052403,0.8235294117647058,0.335423197492163,0.2814,530.0,0.27525252525252525,0.7986111111111112,0.301,119.0,12.0,61.0,114.0,458.0,396.0,93.0,13.0,1.0,48.0,0.387,0.429,56.0,0,2.0,,170.0,1,0,1.0,3.0,,65.81858407079646,66.534
1989,CL,東京ヤクルトスワローズ,15213868,飯田　哲也,T.Iida,22.0,11.0,9.0,5.0,1.0,1.0,0.0,0.0,2.0,0.0,1.0,1,1.0,0.0,1.0,0,0.0,5.0,0.0,0.111,0.2,0.222,0.42200000000000004,0.0,0.111,0.08900000000000001,0.311,9.090909090909092,45.45454545454545,0.2,0.25,0.14550000000000002,274.0,0.3333333333333333,0.5,0.111,1.0,0.0,0.0,22.0,11.0,9.0,0.0,1.0,0.0,5.0,0.2,0.222,1.0,0,0.0,,2.0,1.0,1,1.0,0.0,,0.4,0.44599999999999995
1989,CL,横浜DeNAベイスターズ,15713868,宮里　太,F.Miyazato,46.0,117.0,109.0,9.0,32.0,7.0,1.0,0.0,41.0,11.0,3,2,2.0,3.0,2.0,0,1.0,13.0,2.0,0.294,0.304,0.376,0.6799999999999999,24.0,0.08200000000000002,0.010000000000000009,0.386,1.7094017094017095,11.11111111111111,0.15384615384615385,0.32323232323232326,0.2308,429.33333333333337,0.11926605504587157,0.5822784810126582,0.294,32.0,0.0,11.0,46.0,117.0,109.0,24.0,7.0,1.0,9.0,0.304,0.376,2.0,0,1.0,,41.0,3,2,2.0,3.0,,12.558558558558559,11.883999999999997
1989,CL,横浜DeNAベイスターズ,15913868,横谷　彰将,A.Yokotani,13.0,23.0,23.0,0.0,6.0,0.0,0.0,0.0,6.0,0.0,0.0,0,0.0,0.0,0.0,0,0.0,1.0,2.0,0.261,0.261,0.261,0.522,6.0,0.0,0.0,0.261,0.0,4.3478260869565215,0.0,0.2727272727272727,0.18270000000000003,348.00000000000006,0.0,0.3157894736842105,0.261,6.0,0.0,0.0,13.0,23.0,23.0,6.0,0.0,0.0,0.0,0.261,0.261,0.0,0,0.0,,6.0,0.0,0,0.0,0.0,,1.565217391304348,1.3339999999999999
1989,CL,中日ドラゴンズ,1603860,米村　明,A.Yonemura,25.0,7.0,6.0,0.0,2.0,0.0,0.0,0.0,2.0,0.0,0.0,0,1.0,0.0,0.0,0,0.0,2.0,0.0,0.333,0.333,0.333,0.666,2.0,0.0,0.0,0.333,0.0,28.57142857142857,0.0,0.5,0.23310000000000003,444.0,0.0,0.5,0.333,2.0,0.0,0.0,25.0,7.0,6.0,2.0,0.0,0.0,0.0,0.333,0.333,0.0,0,0.0,,2.0,0.0,0,1.0,0.0,,0.6666666666666666,0.608
1989,CL,読売ジャイアンツ,1703860,白幡　隆宗,T.Shirahata,20.0,56.0,53.0,5.0,13.0,3.0,0.0,0.0,16.0,3.0,0.0,0,0.0,1.0,2.0,0,0.0,12.0,0.0,0.245,0.268,0.302,0.5700000000000001,10.0,0.056999999999999995,0.02300000000000002,0.325,3.571428571428571,21.428571428571427,0.16666666666666666,0.30952380952380953,0.1961,368.6666666666667,0.09433962264150944,0.45,0.245,13.0,0.0,3.0,20.0,56.0,53.0,10.0,3.0,0.0,5.0,0.268,0.302,2.0,0,0.0,,16.0,0.0,0,0.0,1.0,,4.363636363636363,3.9000000000000004
1989,CL,横浜DeNAベイスターズ,1703862,高橋　一彦,K.Takahashi,6.0,1.0,1.0,0.0,0.0,0.0,0.0,0.0,0.0,0.0,0.0,0,0.0,0.0,0.0,0,0.0,0.0,0.0,0.0,0.0,0.0,0.0,0.0,0.0,0.0,0.0,0.0,0.0,nan,0.0,0.0,0.0,0.0,0.0,0.0,0.0,0.0,0.0,6.0,1.0,1.0,0.0,0.0,0.0,0.0,0.0,0.0,0.0,0,0.0,,0.0,0.0,0,0.0,0.0,,0.0,-0.098
1989,CL,広島東洋カープ,1703865,高木　宣宏,N.Takagi,3.0,3.0,3.0,0.0,1.0,0.0,0.0,0.0,1.0,0.0,0.0,0,0.0,0.0,0.0,0,0.0,2.0,0.0,0.333,0.333,0.333,0.666,1.0,0.0,0.0,0.333,0.0,66.66666666666666,0.0,1.0,0.23310000000000003,444.0,0.0,0.5,0.333,1.0,0.0,0.0,3.0,3.0,3.0,1.0,0.0,0.0,0.0,0.333,0.333,0.0,0,0.0,,1.0,0.0,0,0.0,0.0,,0.3333333333333333,0.304
1989,CL,東京ヤクルトスワローズ,17313868,J.アイケルバーガー,J.Eichelberger,8.0,0.0,0.0,0.0,0.0,0.0,0.0,0.0,0.0,0.0,0.0,0,0.0,0.0,0.0,0,0.0,0.0,0.0,,,,0.0,0.0,0.0,0.0,,nan,nan,nan,nan,0.0,0.0,nan,nan,,0.0,0.0,0.0,8.0,0.0,0.0,0.0,0.0,0.0,0.0,,,0.0,0,0.0,,0.0,0.0,0,0.0,0.0,,nan,0.0
1989,CL,阪神タイガース,1903862,中野　佐資,S.Nakano,124.0,330.0,287.0,41.0,77.0,16.0,5.0,11.0,136.0,41.0,5.0,0,8.0,2.0,16.0,0,17.0,40.0,5.0,0.268,0.342,0.474,0.8160000000000001,45.0,0.20599999999999996,0.07400000000000001,0.548,4.848484848484849,12.121212121212121,0.4,0.2773109243697479,0.2724,500.0,0.2787456445993031,0.8093023255813954,0.268,77.0,11.0,41.0,124.0,330.0,287.0,45.0,16.0,5.0,41.0,0.342,0.474,16.0,0,17.0,,136.0,5.0,0,8.0,2.0,,41.742574257425744,46.27000000000001
1989,CL,読売ジャイアンツ,1903863,中尾　孝義,T.Nakao,87.0,271.0,237.0,22.0,54.0,6.0,2.0,5.0,79.0,27.0,2.0,0,6.0,4.0,23.0,0,1.0,41.0,9.0,0.228,0.294,0.333,0.627,41.0,0.10500000000000001,0.06599999999999998,0.399,8.487084870848708,15.129151291512915,0.5609756097560976,0.2512820512820513,0.21555000000000002,404.99999999999994,0.2109704641350211,0.546875,0.228,54.0,5.0,27.0,87.0,271.0,237.0,41.0,6.0,2.0,22.0,0.294,0.333,23.0,0,1.0,,79.0,2.0,0,6.0,4.0,,23.396153846153847,24.445999999999994
1989,CL,読売ジャイアンツ,1903864,廣田　浩章,H.Hirota,36.0,7.0,5.0,0.0,0.0,0.0,0.0,0.0,0.0,0.0,0.0,0,1.0,0.0,0.0,0,1.0,3.0,0.0,0.0,0.167,0.0,0.167,0.0,0.0,0.167,0.167,0.0,42.857142857142854,0.0,0.0,0.07515000000000001,167.0,0.0,0.2,0.0,0.0,0.0,0.0,36.0,7.0,5.0,0.0,0.0,0.0,0.0,0.167,0.0,0.0,0,1.0,,0.0,0.0,0,1.0,0.0,,0.0,-0.15999999999999998
1989,CL,読売ジャイアンツ,1903867,津末　英明,H.Tsusue,45.0,51.0,41.0,2.0,12.0,3.0,0.0,2.0,21.0,8.0,0.0,0,1.0,0.0,8.0,0,1.0,8.0,1.0,0.293,0.42,0.512,0.9319999999999999,7.0,0.21900000000000003,0.127,0.639,15.686274509803921,15.686274509803921,1.0,0.3225806451612903,0.317,590.6666666666666,0.4146341463414634,1.0,0.293,12.0,2.0,8.0,45.0,51.0,41.0,7.0,3.0,0.0,2.0,0.42,0.512,8.0,0,1.0,,21.0,0.0,0,1.0,0.0,,8.571428571428571,8.668
1989,CL,東京ヤクルトスワローズ,21023860,秦　真司,S.Hata,84.0,265.0,245.0,23.0,71.0,12.0,0.0,8.0,107.0,28.0,2,3,0.0,0.0,19.0,0,1.0,40.0,3.0,0.29,0.343,0.437,0.78,51.0,0.14700000000000002,0.05300000000000005,0.49,7.169811320754717,15.09433962264151,0.475,0.3197969543147208,0.2636,488.6666666666667,0.23673469387755103,0.7344632768361582,0.29,71.0,8.0,28.0,84.0,265.0,245.0,51.0,12.0,0.0,23.0,0.343,0.437,19.0,0,1.0,,107.0,2,3,0.0,0.0,,36.47727272727273,35.748
1989,CL,読売ジャイアンツ,21123860,石井　雅博,M.Ishii,16.0,24.0,22.0,4.0,6.0,2.0,0.0,1.0,11.0,1.0,1,0,0.0,0.0,2.0,0,0.0,7.0,0.0,0.273,0.333,0.5,0.833,3.0,0.22699999999999998,0.06,0.56,8.333333333333332,29.166666666666668,0.2857142857142857,0.35714285714285715,0.27485000000000004,499.6666666666667,0.3181818181818182,0.8125,0.273,6.0,1.0,1.0,16.0,24.0,22.0,3.0,2.0,0.0,4.0,0.333,0.5,2.0,0,0.0,,11.0,1,0,0.0,0.0,,3.6666666666666665,3.472
1989,CL,阪神タイガース,21123864,岩切　英司,E.Iwakiri,11.0,7.0,5.0,0.0,1.0,0.0,0.0,0.0,1.0,1.0,0.0,0,0.0,0.0,1.0,0,1.0,1.0,1.0,0.2,0.429,0.2,0.629,1.0,0.0,0.22899999999999998,0.429,14.285714285714285,14.285714285714285,1.0,0.25,0.24305,495.66666666666663,0.2,0.6,0.2,1.0,0.0,1.0,11.0,7.0,5.0,1.0,0.0,0.0,0.0,0.429,0.2,1.0,0,1.0,,1.0,0.0,0,0.0,0.0,,0.3333333333333333,0.7680000000000001
1989,CL,中日ドラゴンズ,21123865,岩本　好広,Y.Iwamoto,29.0,14.0,13.0,10.0,2.0,0.0,0.0,0.0,2.0,0.0,8,1,1.0,0.0,0.0,0,0.0,2.0,0.0,0.154,0.154,0.154,0.308,2.0,0.0,0.0,0.154,0.0,14.285714285714285,0.0,0.18181818181818182,0.1078,205.33333333333334,0.07692307692307693,0.2727272727272727,0.154,2.0,0.0,0.0,29.0,14.0,13.0,2.0,0.0,0.0,10.0,0.154,0.154,0.0,0,0.0,,2.0,8,1,1.0,0.0,,0.3076923076923077,0.10199999999999987
1989,CL,中日ドラゴンズ,21123866,立浪　和義,K.Tatsunami,30.0,100.0,85.0,10.0,20.0,6.0,1.0,2.0,34.0,8.0,3,6,5.0,0.0,10.0,0,0.0,10.0,3.0,0.235,0.316,0.4,0.716,11.0,0.16500000000000004,0.08100000000000002,0.481,10.0,10.0,1.0,0.2465753424657534,0.2422,449.33333333333337,0.35294117647058826,0.7352941176470589,0.235,20.0,2.0,8.0,30.0,100.0,85.0,11.0,6.0,1.0,10.0,0.316,0.4,10.0,0,0.0,,34.0,3,6,5.0,0.0,,10.736842105263158,11.749999999999996
1989,CL,読売ジャイアンツ,21223869,水野　雄仁,K.Mizuno,15.0,16.0,14.0,1.0,2.0,1.0,0.0,0.0,3.0,1.0,0.0,0,2.0,0.0,0.0,0,0.0,5.0,0.0,0.143,0.143,0.214,0.357,1.0,0.07100000000000001,0.0,0.214,0.0,31.25,0.0,0.2222222222222222,0.11784999999999998,214.33333333333331,0.07142857142857142,0.25,0.143,2.0,0.0,1.0,15.0,16.0,14.0,1.0,1.0,0.0,1.0,0.143,0.214,0.0,0,0.0,,3.0,0.0,0,2.0,0.0,,0.42857142857142855,0.04399999999999982
1989,CL,阪神タイガース,21323846,久保　康生,Y.Kubo,15.0,16.0,16.0,2.0,6.0,1.0,0.0,1.0,10.0,1.0,0.0,0,0.0,0.0,0.0,0,0.0,4.0,0.0,0.375,0.375,0.625,1.0,4.0,0.25,0.0,0.625,0.0,25.0,0.0,0.45454545454545453,0.325,583.3333333333334,0.25,1.0,0.375,6.0,1.0,1.0,15.0,16.0,16.0,4.0,1.0,0.0,2.0,0.375,0.625,0.0,0,0.0,,10.0,0.0,0,0.0,0.0,,3.75,3.18
1989,CL,中日ドラゴンズ,21323862,川畑　泰博,Y.Kawabata,20.0,20.0,18.0,0.0,4.0,1.0,0.0,0.0,5.0,1.0,0.0,0,2.0,0.0,0.0,0,0.0,6.0,0.0,0.222,0.222,0.278,0.5,3.0,0.05600000000000002,0.0,0.278,0.0,30.0,0.0,0.3333333333333333,0.1694,314.66666666666663,0.05555555555555555,0.35714285714285715,0.222,4.0,0.0,1.0,20.0,20.0,18.0,3.0,1.0,0.0,0.0,0.222,0.278,0.0,0,0.0,,5.0,0.0,0,2.0,0.0,,1.1111111111111112,0.8479999999999996
1989,CL,広島東洋カープ,21323865,金石　昭人,A.Kaneishi,22.0,27.0,23.0,1.0,3.0,0.0,0.0,0.0,3.0,0.0,0.0,0,3.0,0.0,1.0,0,0.0,10.0,0.0,0.13,0.167,0.13,0.29700000000000004,3.0,0.0,0.037000000000000005,0.167,3.7037037037037033,37.03703703703704,0.1,0.23076923076923078,0.10765000000000001,210.33333333333334,0.043478260869565216,0.2,0.13,3.0,0.0,0.0,22.0,27.0,23.0,3.0,0.0,0.0,1.0,0.167,0.13,1.0,0,0.0,,3.0,0.0,0,3.0,0.0,,0.5,-0.1299999999999999
1989,CL,東京ヤクルトスワローズ,21323866,中西　親志,C.Nakanishi,77.0,178.0,152.0,11.0,27.0,2.0,0.0,1.0,32.0,12.0,1,0,10.0,0.0,15.0,0,1.0,41.0,2.0,0.178,0.256,0.211,0.46699999999999997,24.0,0.033,0.07800000000000001,0.289,8.426966292134832,23.03370786516854,0.36585365853658536,0.23636363636363636,0.16795000000000002,326.33333333333337,0.13157894736842105,0.3779527559055118,0.178,27.0,1.0,12.0,77.0,178.0,152.0,24.0,2.0,0.0,11.0,0.256,0.211,15.0,0,1.0,,32.0,1,0,10.0,0.0,,8.047904191616766,7.91
1989,CL,読売ジャイアンツ,21323869,川相　昌弘,M.Kawai,98.0,381.0,319.0,40.0,81.0,9.0,5.0,5.0,115.0,28.0,6,4,32.0,2.0,23.0,0,5.0,46.0,4.0,0.254,0.312,0.361,0.673,62.0,0.10699999999999998,0.057999999999999996,0.419,6.036745406824147,12.073490813648293,0.5,0.2814814814814815,0.23065,432.33333333333337,0.19122257053291536,0.6074380165289256,0.254,81.0,5.0,28.0,98.0,381.0,319.0,62.0,9.0,5.0,40.0,0.312,0.361,23.0,0,5.0,,115.0,6,4,32.0,2.0,,34.97076023391813,36.51599999999999
1989,CL,中日ドラゴンズ,21423860,宮下　昌己,M.Miyashita,4.0,5.0,4.0,0.0,1.0,0.0,0.0,0.0,1.0,0.0,0.0,0,1.0,0.0,0.0,0,0.0,3.0,0.0,0.25,0.25,0.25,0.5,1.0,0.0,0.0,0.25,0.0,60.0,0.0,1.0,0.175,333.3333333333333,0.0,0.3333333333333333,0.25,1.0,0.0,0.0,4.0,5.0,4.0,1.0,0.0,0.0,0.0,0.25,0.25,0.0,0,0.0,,1.0,0.0,0,1.0,0.0,,0.25,0.20599999999999996
1989,CL,阪神タイガース,21423862,吉田　康夫,Y.Yoshida,58.0,96.0,80.0,12.0,12.0,2.0,0.0,0.0,14.0,0.0,4,0,3.0,0.0,11.0,0,2.0,15.0,1.0,0.15,0.269,0.175,0.444,10.0,0.024999999999999994,0.11900000000000002,0.294,11.458333333333332,15.625,0.7333333333333333,0.18461538461538463,0.1648,327.33333333333337,0.1625,0.391304347826087,0.15,12.0,0.0,0.0,58.0,96.0,80.0,10.0,2.0,0.0,12.0,0.269,0.175,11.0,0,2.0,,14.0,4,0,3.0,0.0,,3.5384615384615383,4.066
1989,CL,横浜DeNAベイスターズ,21523866,J.パチョレック,J.Paciorek,118.0,473.0,435.0,48.0,145.0,32.0,3.0,12.0,219.0,62.0,2,3,2.0,2.0,33.0,0,1.0,45.0,9.0,0.333,0.38,0.503,0.883,98.0,0.16999999999999998,0.046999999999999986,0.55,6.976744186046512,9.513742071881607,0.7333333333333333,0.35,0.29675,547.6666666666666,0.25287356321839083,0.8561872909698997,0.333,145.0,12.0,62.0,118.0,473.0,435.0,98.0,32.0,3.0,48.0,0.38,0.503,33.0,0,1.0,,219.0,2,3,2.0,2.0,,83.2948717948718,75.78
1989,CL,中日ドラゴンズ,21523868,山口　幸司,K.Yamaguchi,23.0,49.0,47.0,7.0,9.0,2.0,0.0,1.0,14.0,1.0,1,0,1.0,0.0,1.0,0,0.0,13.0,2.0,0.191,0.208,0.298,0.506,6.0,0.10699999999999998,0.016999999999999987,0.3149999999999999,2.0408163265306123,26.53061224489796,0.07692307692307693,0.24242424242424243,0.1681,307.33333333333337,0.1276595744680851,0.375,0.191,9.0,1.0,1.0,23.0,49.0,47.0,6.0,2.0,0.0,7.0,0.208,0.298,1.0,0,0.0,,14.0,1,0,1.0,0.0,,2.9166666666666665,2.485999999999999
1989,CL,阪神タイガース,21623860,和田　豊,Y.Wada,129.0,563.0,476.0,61.0,141.0,20.0,4.0,1.0,172.0,25.0,18,8,40.0,1.0,45.0,0,1.0,39.0,7.0,0.296,0.358,0.361,0.719,116.0,0.065,0.062,0.423,7.992895204262878,6.927175843694494,1.1538461538461537,0.32036613272311215,0.25134999999999996,478.3333333333333,0.17647058823529413,0.6608187134502924,0.296,141.0,1.0,25.0,129.0,563.0,476.0,116.0,20.0,4.0,61.0,0.358,0.361,45.0,0,1.0,,172.0,18,8,40.0,1.0,,61.40499040307102,61.790000000000006
1989,CL,東京ヤクルトスワローズ,21723845,杉浦　享,T.Sugiura,70.0,142.0,124.0,12.0,34.0,8.0,0.0,6.0,60.0,22.0,2,0,0.0,2.0,16.0,0,0.0,21.0,2.0,0.274,0.352,0.484,0.836,20.0,0.20999999999999996,0.07799999999999996,0.5619999999999999,11.267605633802818,14.788732394366196,0.7619047619047619,0.2828282828282828,0.2794,513.3333333333333,0.3387096774193548,0.8260869565217391,0.274,34.0,6.0,22.0,70.0,142.0,124.0,20.0,8.0,0.0,12.0,0.352,0.484,16.0,0,0.0,,60.0,2,0,0.0,2.0,,21.428571428571427,20.86
1989,CL,東京ヤクルトスワローズ,21723864,内藤　尚行,N.Naitou,42.0,46.0,44.0,1.0,5.0,2.0,0.0,0.0,7.0,1.0,0.0,0,0.0,0.0,2.0,0,0.0,22.0,1.0,0.114,0.152,0.159,0.311,3.0,0.045,0.03799999999999999,0.197,4.3478260869565215,47.82608695652174,0.09090909090909091,0.22727272727272727,0.10815,205.0,0.09090909090909091,0.225,0.114,5.0,0.0,1.0,42.0,46.0,44.0,3.0,2.0,0.0,1.0,0.152,0.159,2.0,0,0.0,,7.0,0.0,0,0.0,0.0,,1.065217391304348,-0.22199999999999998
1989,CL,読売ジャイアンツ,21723866,勝呂　壽統,H.Suguro,70.0,100.0,81.0,14.0,15.0,2.0,0.0,1.0,20.0,4.0,4,1,10.0,1.0,8.0,0,0.0,32.0,0.0,0.185,0.256,0.247,0.503,12.0,0.062,0.07100000000000001,0.318,8.0,32.0,0.25,0.2857142857142857,0.17695,338.3333333333333,0.1728395061728395,0.4393939393939394,0.185,15.0,1.0,4.0,70.0,100.0,81.0,12.0,2.0,0.0,14.0,0.256,0.247,8.0,0,0.0,,20.0,4,1,10.0,1.0,,5.168539325842697,5.231999999999999
1989,CL,広島東洋カープ,21723867,白武　佳久,Y.Shiratake,36.0,39.0,34.0,1.0,2.0,0.0,0.0,0.0,2.0,1.0,0,1,3.0,1.0,1.0,0,0.0,13.0,0.0,0.059,0.083,0.059,0.14200000000000002,2.0,0.0,0.024000000000000007,0.083,2.564102564102564,33.33333333333333,0.07692307692307693,0.09090909090909091,0.0521,102.66666666666667,0.058823529411764705,0.125,0.059,2.0,0.0,1.0,36.0,39.0,34.0,2.0,0.0,0.0,1.0,0.083,0.059,1.0,0,0.0,,2.0,0,1,3.0,1.0,,0.17142857142857143,-1.6260000000000001
1989,CL,中日ドラゴンズ,21923848,都　裕次郎,Y.Miyako,1.0,0.0,0.0,0.0,0.0,0.0,0.0,0.0,0.0,0.0,0.0,0,0.0,0.0,0.0,0,0.0,0.0,0.0,,,,0.0,0.0,0.0,0.0,,nan,nan,nan,nan,0.0,0.0,nan,nan,,0.0,0.0,0.0,1.0,0.0,0.0,0.0,0.0,0.0,0.0,,,0.0,0,0.0,,0.0,0.0,0,0.0,0.0,,nan,0.0
1989,CL,広島東洋カープ,21923861,長嶋　清幸,K.Nagashima,125.0,377.0,332.0,35.0,86.0,18.0,1.0,5.0,121.0,43.0,12,5,5.0,3.0,35.0,0,2.0,85.0,5.0,0.259,0.331,0.364,0.6950000000000001,62.0,0.10499999999999998,0.07200000000000001,0.436,9.283819628647215,22.546419098143236,0.4117647058823529,0.3306122448979592,0.23995,452.33333333333337,0.22590361445783133,0.649402390438247,0.259,86.0,5.0,43.0,125.0,377.0,332.0,62.0,18.0,1.0,35.0,0.331,0.364,35.0,0,2.0,,121.0,12,5,5.0,3.0,,39.89373297002725,41.202
1989,CL,広島東洋カープ,21923862,長冨　浩志,H.Nagadomi,33.0,58.0,50.0,2.0,6.0,1.0,0.0,0.0,7.0,3.0,0.0,0,5.0,0.0,2.0,0,1.0,21.0,0.0,0.12,0.17,0.14,0.31000000000000005,5.0,0.020000000000000018,0.05000000000000002,0.19,3.4482758620689653,36.206896551724135,0.09523809523809523,0.20689655172413793,0.11150000000000002,216.66666666666669,0.06,0.22727272727272727,0.12,6.0,0.0,3.0,33.0,58.0,50.0,5.0,1.0,0.0,2.0,0.17,0.14,2.0,0,1.0,,7.0,0.0,0,5.0,0.0,,1.0769230769230769,-0.10200000000000031
1989,CL,阪神タイガース,21923863,中田　良弘,Y.Nakada,8.0,1.0,1.0,0.0,0.0,0.0,0.0,0.0,0.0,0.0,0.0,0,0.0,0.0,0.0,0,0.0,1.0,0.0,0.0,0.0,0.0,0.0,0.0,0.0,0.0,0.0,0.0,100.0,0.0,nan,0.0,0.0,0.0,0.0,0.0,0.0,0.0,0.0,8.0,1.0,1.0,0.0,0.0,0.0,0.0,0.0,0.0,0.0,0,0.0,,0.0,0.0,0,0.0,0.0,,0.0,-0.098
1989,CL,阪神タイガース,21923869,渡真利　克則,K.Tomari,71.0,130.0,123.0,14.0,37.0,4.0,1.0,4.0,55.0,13.0,0.0,0,2.0,0.0,3.0,0,2.0,23.0,2.0,0.301,0.328,0.447,0.775,28.0,0.14600000000000002,0.027000000000000024,0.474,2.307692307692308,17.692307692307693,0.13043478260869565,0.34375,0.25935,477.0,0.17073170731707318,0.6818181818181818,0.301,37.0,4.0,13.0,71.0,130.0,123.0,28.0,4.0,1.0,14.0,0.328,0.447,3.0,0,2.0,,55.0,0.0,0,2.0,0.0,,17.46031746031746,16.901999999999997
1989,CL,阪神タイガース,23523868,宮内　直二,M.Miyauchi,14.0,9.0,9.0,3.0,0.0,0.0,0.0,0.0,0.0,0.0,0.0,0,0.0,0.0,0.0,0,0.0,4.0,0.0,0.0,0.0,0.0,0.0,0.0,0.0,0.0,0.0,0.0,44.44444444444444,0.0,0.0,0.0,0.0,0.0,0.0,0.0,0.0,0.0,0.0,14.0,9.0,9.0,0.0,0.0,0.0,3.0,0.0,0.0,0.0,0,0.0,,0.0,0.0,0,0.0,0.0,,0.0,-0.882
1989,CL,広島東洋カープ,23923868,片瀬　清利,K.Katase,9.0,1.0,1.0,0.0,0.0,0.0,0.0,0.0,0.0,0.0,0.0,0,0.0,0.0,0.0,0,0.0,0.0,0.0,0.0,0.0,0.0,0.0,0.0,0.0,0.0,0.0,0.0,0.0,nan,0.0,0.0,0.0,0.0,0.0,0.0,0.0,0.0,0.0,9.0,1.0,1.0,0.0,0.0,0.0,0.0,0.0,0.0,0.0,0,0.0,,0.0,0.0,0,0.0,0.0,,0.0,-0.098
1989,CL,東京ヤクルトスワローズ,25923868,川崎　憲次郎,K.Kawasaki,24.0,32.0,28.0,1.0,3.0,0.0,0.0,0.0,3.0,0.0,0.0,0,3.0,0.0,1.0,0,0.0,10.0,0.0,0.107,0.138,0.107,0.245,3.0,0.0,0.031000000000000014,0.138,3.125,31.25,0.1,0.16666666666666666,0.08885000000000001,173.66666666666669,0.03571428571428571,0.16,0.107,3.0,0.0,0.0,24.0,32.0,28.0,3.0,0.0,0.0,1.0,0.138,0.107,1.0,0,0.0,,3.0,0.0,0,3.0,0.0,,0.41379310344827586,-0.6200000000000001
1989,CL,広島東洋カープ,31033846,山崎　隆造,R.Yamasaki,130.0,426.0,364.0,45.0,97.0,13.0,1.0,8.0,136.0,34.0,12,4,24.0,0.0,36.0,0,1.0,53.0,10.0,0.266,0.334,0.374,0.708,75.0,0.10799999999999998,0.068,0.442,8.450704225352112,12.44131455399061,0.6792452830188679,0.29372937293729373,0.24380000000000002,458.6666666666667,0.21703296703296704,0.6389891696750902,0.266,97.0,8.0,34.0,130.0,426.0,364.0,75.0,13.0,1.0,45.0,0.334,0.374,36.0,0,1.0,,136.0,12,4,24.0,0.0,,45.22,46.184
1989,CL,中日ドラゴンズ,31133844,宇野　勝,M.Uno,119.0,488.0,437.0,66.0,133.0,22.0,0.0,25.0,230.0,68.0,2,7,6.0,5.0,39.0,0,1.0,82.0,15.0,0.304,0.359,0.526,0.885,86.0,0.22200000000000003,0.05499999999999999,0.581,7.991803278688526,16.80327868852459,0.47560975609756095,0.32238805970149254,0.29305000000000003,534.3333333333334,0.32723112128146453,0.8683385579937304,0.304,133.0,25.0,68.0,119.0,488.0,437.0,86.0,22.0,0.0,66.0,0.359,0.526,39.0,0,1.0,,230.0,2,7,6.0,5.0,,83.10924369747899,79.50800000000001
1989,CL,横浜DeNAベイスターズ,31133862,相川　英明,H.Aikawa,8.0,0.0,0.0,0.0,0.0,0.0,0.0,0.0,0.0,0.0,0.0,0,0.0,0.0,0.0,0,0.0,0.0,0.0,,,,0.0,0.0,0.0,0.0,,nan,nan,nan,nan,0.0,0.0,nan,nan,,0.0,0.0,0.0,8.0,0.0,0.0,0.0,0.0,0.0,0.0,,,0.0,0,0.0,,0.0,0.0,0,0.0,0.0,,nan,0.0
1989,CL,中日ドラゴンズ,31133866,上原　晃,A.Uehara,22.0,28.0,21.0,2.0,2.0,0.0,0.0,0.0,2.0,1.0,0.0,0,5.0,0.0,1.0,0,1.0,12.0,0.0,0.095,0.174,0.095,0.269,2.0,0.0,0.07899999999999999,0.174,3.571428571428571,42.857142857142854,0.08333333333333333,0.2222222222222222,0.10205,205.66666666666666,0.047619047619047616,0.21052631578947367,0.095,2.0,0.0,1.0,22.0,28.0,21.0,2.0,0.0,0.0,2.0,0.174,0.095,1.0,0,1.0,,2.0,0.0,0,5.0,0.0,,0.2727272727272727,-0.20199999999999996
1989,CL,中日ドラゴンズ,31233860,彦野　利勝,T.Hikono,125.0,551.0,454.0,83.0,125.0,21.0,3.0,26.0,230.0,59.0,10.0,10,15.0,4.0,71.0,0,7.0,82.0,6.0,0.275,0.379,0.507,0.886,75.0,0.23199999999999998,0.10399999999999998,0.611,12.885662431941924,14.882032667876588,0.8658536585365854,0.28285714285714286,0.2973,548.0,0.40969162995594716,0.9492537313432836,0.275,125.0,26.0,59.0,125.0,551.0,454.0,75.0,21.0,3.0,83.0,0.379,0.507,71.0,0,7.0,,230.0,10.0,10,15.0,4.0,,85.86666666666666,88.47799999999998
1989,CL,横浜DeNAベイスターズ,31233862,C.ポンセ,C.Ponce,130.0,562.0,512.0,69.0,135.0,33.0,7.0,24.0,254.0,81.0,12,6,0.0,9.0,33.0,0,8.0,91.0,11.0,0.264,0.313,0.496,0.8089999999999999,71.0,0.23199999999999998,0.04899999999999999,0.5449999999999999,5.871886120996441,16.19217081850534,0.3626373626373626,0.2733990147783251,0.26485000000000003,478.3333333333333,0.30859375,0.7757731958762887,0.264,135.0,24.0,81.0,130.0,562.0,512.0,71.0,33.0,7.0,69.0,0.313,0.496,33.0,0,8.0,,254.0,12,6,0.0,9.0,,78.29724770642201,78.764
1989,CL,広島東洋カープ,31233865,山田　勉,T.Yamada,18.0,26.0,23.0,4.0,4.0,0.0,0.0,0.0,4.0,1.0,0.0,0,1.0,0.0,2.0,0,0.0,4.0,1.0,0.174,0.24,0.174,0.414,4.0,0.0,0.066,0.24,7.6923076923076925,15.384615384615385,0.5,0.21052631578947367,0.1515,298.0,0.08695652173913043,0.3,0.174,4.0,0.0,1.0,18.0,26.0,23.0,4.0,0.0,0.0,4.0,0.24,0.174,2.0,0,0.0,,4.0,0.0,0,1.0,0.0,,0.96,0.798
1989,CL,読売ジャイアンツ,31333845,加藤　初,H.Katou,5.0,0.0,0.0,0.0,0.0,0.0,0.0,0.0,0.0,0.0,0.0,0,0.0,0.0,0.0,0,0.0,0.0,0.0,,,,0.0,0.0,0.0,0.0,,nan,nan,nan,nan,0.0,0.0,nan,nan,,0.0,0.0,0.0,5.0,0.0,0.0,0.0,0.0,0.0,0.0,,,0.0,0,0.0,,0.0,0.0,0,0.0,0.0,,nan,0.0
1989,CL,東京ヤクルトスワローズ,31333846,尾花　高夫,T.Obana,27.0,58.0,50.0,1.0,6.0,0.0,0.0,0.0,6.0,2.0,0.0,0,6.0,0.0,2.0,0,0.0,17.0,1.0,0.12,0.154,0.12,0.274,6.0,0.0,0.034,0.154,3.4482758620689653,29.310344827586203,0.11764705882352941,0.18181818181818182,0.0993,194.0,0.04,0.17777777777777778,0.12,6.0,0.0,2.0,27.0,58.0,50.0,6.0,0.0,0.0,1.0,0.154,0.12,2.0,0,0.0,,6.0,0.0,0,6.0,0.0,,0.9230769230769231,-0.6520000000000001
1989,CL,阪神タイガース,31333860,大野　久,H.Oono,125.0,460.0,403.0,53.0,122.0,16.0,2.0,4.0,154.0,26.0,22,9,16.0,1.0,36.0,0,4.0,66.0,2.0,0.303,0.365,0.382,0.747,100.0,0.07900000000000001,0.062,0.444,7.82608695652174,14.347826086956522,0.5454545454545454,0.3532934131736527,0.25975000000000004,492.3333333333333,0.19106699751861042,0.7173144876325088,0.303,122.0,4.0,26.0,125.0,460.0,403.0,100.0,16.0,2.0,53.0,0.365,0.382,36.0,0,4.0,,154.0,22,9,16.0,1.0,,55.42596810933941,56.64200000000001
1989,CL,阪神タイガース,31333861,岡田　彰布,A.Okada,130.0,557.0,492.0,66.0,138.0,20.0,1.0,24.0,232.0,76.0,8,3,0.0,7.0,57.0,0,1.0,81.0,15.0,0.28,0.352,0.472,0.824,93.0,0.19199999999999995,0.07199999999999995,0.5439999999999999,10.23339317773788,14.542190305206462,0.7037037037037037,0.2893401015228426,0.2764,509.3333333333333,0.3130081300813008,0.7940379403794038,0.28,138.0,24.0,76.0,130.0,557.0,492.0,93.0,20.0,1.0,66.0,0.352,0.472,57.0,0,1.0,,232.0,8,3,0.0,7.0,,82.40437158469945,81.488
1989,CL,横浜DeNAベイスターズ,31333863,市川　和正,K.Ichikawa,103.0,294.0,267.0,19.0,62.0,12.0,0.0,5.0,89.0,19.0,0,1,13.0,1.0,12.0,0,1.0,30.0,8.0,0.232,0.267,0.333,0.6000000000000001,45.0,0.101,0.035,0.368,4.081632653061225,10.204081632653061,0.4,0.2446351931330472,0.20340000000000003,378.0,0.149812734082397,0.4835680751173709,0.232,62.0,5.0,19.0,103.0,294.0,267.0,45.0,12.0,0.0,19.0,0.267,0.333,12.0,0,1.0,,89.0,0,1,13.0,1.0,,23.60573476702509,22.720000000000002
1989,CL,阪神タイガース,31333866,山口　重幸,S.Yamaguchi,30.0,49.0,40.0,2.0,7.0,2.0,0.0,1.0,12.0,7.0,0.0,0,5.0,1.0,3.0,0,0.0,11.0,2.0,0.175,0.227,0.3,0.527,4.0,0.125,0.05200000000000002,0.352,6.122448979591836,22.448979591836736,0.2727272727272727,0.20689655172413793,0.17715,327.0,0.2,0.42857142857142855,0.175,7.0,1.0,7.0,30.0,49.0,40.0,4.0,2.0,0.0,2.0,0.227,0.3,3.0,0,0.0,,12.0,0.0,0,5.0,1.0,,2.7906976744186047,2.636
1989,CL,読売ジャイアンツ,31433867,槙原　寛己,H.Makihara,21.0,55.0,53.0,0.0,6.0,0.0,0.0,0.0,6.0,0.0,0.0,0,2.0,0.0,0.0,0,0.0,28.0,0.0,0.113,0.113,0.113,0.226,6.0,0.0,0.0,0.113,0.0,50.90909090909091,0.0,0.24,0.0791,150.66666666666666,0.0,0.1276595744680851,0.113,6.0,0.0,0.0,21.0,55.0,53.0,6.0,0.0,0.0,0.0,0.113,0.113,0.0,0,0.0,,6.0,0.0,0,2.0,0.0,,0.6792452830188679,-1.6059999999999999
1989,CL,読売ジャイアンツ,31433868,木田　優夫,M.Kida,8.0,10.0,9.0,0.0,0.0,0.0,0.0,0.0,0.0,0.0,0.0,0,1.0,0.0,0.0,0,0.0,3.0,0.0,0.0,0.0,0.0,0.0,0.0,0.0,0.0,0.0,0.0,30.0,0.0,0.0,0.0,0.0,0.0,0.0,0.0,0.0,0.0,0.0,8.0,10.0,9.0,0.0,0.0,0.0,0.0,0.0,0.0,0.0,0,0.0,,0.0,0.0,0,1.0,0.0,,0.0,-0.882
1989,CL,中日ドラゴンズ,31533846,小松　辰雄,T.Komatsu,5.0,8.0,6.0,1.0,2.0,0.0,0.0,0.0,2.0,1.0,0.0,0,1.0,0.0,1.0,0,0.0,1.0,0.0,0.333,0.429,0.333,0.762,2.0,0.0,0.09599999999999997,0.429,12.5,12.5,1.0,0.4,0.2763,540.0,0.16666666666666666,0.75,0.333,2.0,0.0,1.0,5.0,8.0,6.0,2.0,0.0,0.0,1.0,0.429,0.333,1.0,0,0.0,,2.0,0.0,0,1.0,0.0,,0.8571428571428571,0.9380000000000001
1989,CL,東京ヤクルトスワローズ,31533865,君波　威嘉,T.Kiminami,2.0,2.0,2.0,0.0,0.0,0.0,0.0,0.0,0.0,0.0,0.0,0,0.0,0.0,0.0,0,0.0,0.0,0.0,0.0,0.0,0.0,0.0,0.0,0.0,0.0,0.0,0.0,0.0,nan,0.0,0.0,0.0,0.0,0.0,0.0,0.0,0.0,0.0,2.0,2.0,2.0,0.0,0.0,0.0,0.0,0.0,0.0,0.0,0,0.0,,0.0,0.0,0,0.0,0.0,,0.0,-0.196
1989,CL,横浜DeNAベイスターズ,31533866,岡本　透,T.Okamoto,37.0,15.0,13.0,2.0,1.0,0.0,0.0,0.0,1.0,0.0,0.0,0,1.0,0.0,1.0,0,0.0,2.0,0.0,0.077,0.143,0.077,0.21999999999999997,1.0,0.0,0.06599999999999999,0.143,6.666666666666667,13.333333333333334,0.5,0.09090909090909091,0.0836,168.66666666666666,0.07692307692307693,0.16666666666666666,0.077,1.0,0.0,0.0,37.0,15.0,13.0,1.0,0.0,0.0,2.0,0.143,0.077,1.0,0,0.0,,1.0,0.0,0,1.0,0.0,,0.14285714285714285,-0.3460000000000001
1989,CL,読売ジャイアンツ,31533869,W.クロマティ,W.Cromartie,124.0,501.0,439.0,70.0,166.0,33.0,1.0,15.0,246.0,72.0,7,3,0.0,3.0,49.0,0,10.0,44.0,11.0,0.378,0.449,0.56,1.0090000000000001,117.0,0.18200000000000005,0.07100000000000001,0.631,9.780439121756487,8.78243512974052,1.1136363636363635,0.39425587467362927,0.34205,635.6666666666667,0.30068337129840544,1.0845070422535212,0.378,166.0,15.0,72.0,124.0,501.0,439.0,117.0,33.0,1.0,70.0,0.449,0.56,49.0,0,10.0,,246.0,7,3,0.0,3.0,,108.3811475409836,98.15599999999999
1989,CL,東京ヤクルトスワローズ,31733842,谷　宏明,H.Tani,13.0,1.0,1.0,0.0,0.0,0.0,0.0,0.0,0.0,0.0,0.0,0,0.0,0.0,0.0,0,0.0,0.0,0.0,0.0,0.0,0.0,0.0,0.0,0.0,0.0,0.0,0.0,0.0,nan,0.0,0.0,0.0,0.0,0.0,0.0,0.0,0.0,0.0,13.0,1.0,1.0,0.0,0.0,0.0,0.0,0.0,0.0,0.0,0,0.0,,0.0,0.0,0,0.0,0.0,,0.0,-0.098
1989,CL,広島東洋カープ,31733866,高　信二,S.Kou,33.0,16.0,15.0,5.0,2.0,0.0,0.0,0.0,2.0,0.0,1,0,0.0,0.0,1.0,0,0.0,4.0,0.0,0.133,0.188,0.133,0.321,2.0,0.0,0.05499999999999999,0.188,6.25,25.0,0.25,0.18181818181818182,0.11785000000000001,232.33333333333334,0.06666666666666667,0.23076923076923078,0.133,2.0,0.0,0.0,33.0,16.0,15.0,2.0,0.0,0.0,5.0,0.188,0.133,1.0,0,0.0,,2.0,1,0,0.0,0.0,,0.375,0.05600000000000005
1989,CL,阪神タイガース,33133868,太田　貴,T.Oota,18.0,6.0,3.0,0.0,0.0,0.0,0.0,0.0,0.0,0.0,0.0,0,3.0,0.0,0.0,0,0.0,0.0,1.0,0.0,0.0,0.0,0.0,0.0,0.0,0.0,0.0,0.0,0.0,nan,0.0,0.0,0.0,0.0,0.0,0.0,0.0,0.0,0.0,18.0,6.0,3.0,0.0,0.0,0.0,0.0,0.0,0.0,0.0,0,0.0,,0.0,0.0,0,3.0,0.0,,0.0,-0.29400000000000004
1989,CL,広島東洋カープ,33233868,西山　秀二,S.Nishiyama,2.0,2.0,2.0,0.0,0.0,0.0,0.0,0.0,0.0,0.0,0.0,0,0.0,0.0,0.0,0,0.0,0.0,0.0,0.0,0.0,0.0,0.0,0.0,0.0,0.0,0.0,0.0,0.0,nan,0.0,0.0,0.0,0.0,0.0,0.0,0.0,0.0,0.0,2.0,2.0,2.0,0.0,0.0,0.0,0.0,0.0,0.0,0.0,0,0.0,,0.0,0.0,0,0.0,0.0,,0.0,-0.196
1989,CL,広島東洋カープ,3403868,R.アレン,R.Allen,80.0,279.0,247.0,23.0,74.0,12.0,1.0,11.0,121.0,39.0,1.0,0,0.0,3.0,25.0,0,4.0,47.0,9.0,0.3,0.369,0.49,0.859,50.0,0.19,0.069,0.5589999999999999,8.960573476702509,16.845878136200717,0.5319148936170213,0.328125,0.28855,532.3333333333334,0.29554655870445345,0.8296703296703297,0.3,74.0,11.0,39.0,80.0,279.0,247.0,50.0,12.0,1.0,23.0,0.369,0.49,25.0,0,4.0,,121.0,1.0,0,0.0,3.0,,44.04044117647059,43.315999999999995
1989,CL,阪神タイガース,3503868,金子　誠一,S.Kaneko,81.0,132.0,120.0,15.0,25.0,4.0,2.0,4.0,45.0,12.0,1.0,0,0.0,0.0,11.0,0,1.0,37.0,0.0,0.208,0.28,0.375,0.655,15.0,0.167,0.07200000000000004,0.447,8.333333333333332,28.030303030303028,0.2972972972972973,0.26582278481012656,0.21975000000000003,405.0,0.26666666666666666,0.6105263157894737,0.208,25.0,4.0,12.0,81.0,132.0,120.0,15.0,4.0,2.0,15.0,0.28,0.375,11.0,0,1.0,,45.0,1.0,0,0.0,0.0,,12.366412213740459,13.049999999999999
1989,CL,東京ヤクルトスワローズ,35233868,笘篠　賢治,K.Tomashino,120.0,483.0,429.0,57.0,113.0,17.0,3.0,5.0,151.0,27.0,32,15,7.0,1.0,41.0,0,5.0,77.0,5.0,0.263,0.334,0.352,0.6859999999999999,88.0,0.08899999999999997,0.07100000000000001,0.423,8.488612836438923,15.942028985507244,0.5324675324675324,0.3103448275862069,0.2383,451.33333333333337,0.2191142191142191,0.660436137071651,0.263,113.0,5.0,27.0,120.0,483.0,429.0,88.0,17.0,3.0,57.0,0.334,0.352,41.0,0,5.0,,151.0,32,15,7.0,1.0,,49.47659574468085,53.47200000000001
1989,CL,中日ドラゴンズ,41143861,大石　友好,T.Ooishi,33.0,19.0,19.0,0.0,3.0,0.0,0.0,0.0,3.0,2.0,0.0,0,0.0,0.0,0.0,0,0.0,2.0,0.0,0.158,0.158,0.158,0.316,3.0,0.0,0.0,0.158,0.0,10.526315789473683,0.0,0.17647058823529413,0.1106,210.66666666666666,0.0,0.1875,0.158,3.0,0.0,2.0,33.0,19.0,19.0,3.0,0.0,0.0,0.0,0.158,0.158,0.0,0,0.0,,3.0,0.0,0,0.0,0.0,,0.47368421052631576,-0.06800000000000006
1989,CL,中日ドラゴンズ,41143864,江本　晃一,K.Emoto,3.0,0.0,0.0,0.0,0.0,0.0,0.0,0.0,0.0,0.0,0.0,0,0.0,0.0,0.0,0,0.0,0.0,0.0,,,,0.0,0.0,0.0,0.0,,nan,nan,nan,nan,0.0,0.0,nan,nan,,0.0,0.0,0.0,3.0,0.0,0.0,0.0,0.0,0.0,0.0,,,0.0,0,0.0,,0.0,0.0,0,0.0,0.0,,nan,0.0
1989,CL,阪神タイガース,41143866,嶋尾　康史,Y.Shimao,23.0,11.0,9.0,1.0,1.0,0.0,0.0,0.0,1.0,0.0,0.0,0,2.0,0.0,0.0,0,0.0,5.0,0.0,0.111,0.111,0.111,0.222,1.0,0.0,0.0,0.111,0.0,45.45454545454545,0.0,0.25,0.0777,148.0,0.0,0.125,0.111,1.0,0.0,0.0,23.0,11.0,9.0,1.0,0.0,0.0,1.0,0.111,0.111,0.0,0,0.0,,1.0,0.0,0,2.0,0.0,,0.1111111111111111,-0.28400000000000003
1989,CL,横浜DeNAベイスターズ,41143867,石川　賢,M.Ishikawa,10.0,0.0,0.0,0.0,0.0,0.0,0.0,0.0,0.0,0.0,0.0,0,0.0,0.0,0.0,0,0.0,0.0,0.0,,,,0.0,0.0,0.0,0.0,,nan,nan,nan,nan,0.0,0.0,nan,nan,,0.0,0.0,0.0,10.0,0.0,0.0,0.0,0.0,0.0,0.0,,,0.0,0,0.0,,0.0,0.0,0,0.0,0.0,,nan,0.0
1989,CL,読売ジャイアンツ,41243868,吉田　修司,S.Yoshida,10.0,1.0,1.0,0.0,0.0,0.0,0.0,0.0,0.0,0.0,0.0,0,0.0,0.0,0.0,0,0.0,0.0,0.0,0.0,0.0,0.0,0.0,0.0,0.0,0.0,0.0,0.0,0.0,nan,0.0,0.0,0.0,0.0,0.0,0.0,0.0,0.0,0.0,10.0,1.0,1.0,0.0,0.0,0.0,0.0,0.0,0.0,0.0,0,0.0,,0.0,0.0,0,0.0,0.0,,0.0,-0.098
1989,CL,東京ヤクルトスワローズ,41343844,酒井　圭一,K.Sakai,5.0,0.0,0.0,0.0,0.0,0.0,0.0,0.0,0.0,0.0,0.0,0,0.0,0.0,0.0,0,0.0,0.0,0.0,,,,0.0,0.0,0.0,0.0,,nan,nan,nan,nan,0.0,0.0,nan,nan,,0.0,0.0,0.0,5.0,0.0,0.0,0.0,0.0,0.0,0.0,,,0.0,0,0.0,,0.0,0.0,0,0.0,0.0,,nan,0.0
1989,CL,阪神タイガース,41343846,工藤　一彦,K.Kudou,6.0,1.0,1.0,0.0,1.0,0.0,0.0,0.0,1.0,1.0,0.0,0,0.0,0.0,0.0,0,0.0,0.0,0.0,1.0,1.0,1.0,2.0,1.0,0.0,0.0,1.0,0.0,0.0,nan,1.0,0.7,1333.3333333333333,0.0,nan,1.0,1.0,0.0,1.0,6.0,1.0,1.0,1.0,0.0,0.0,0.0,1.0,1.0,0.0,0,0.0,,1.0,0.0,0,0.0,0.0,,1.0,0.5
1989,CL,中日ドラゴンズ,41343864,神山　一義,K.Kouyama,22.0,31.0,28.0,5.0,5.0,1.0,0.0,1.0,9.0,2.0,0.0,0,2.0,0.0,1.0,0,0.0,7.0,1.0,0.179,0.207,0.321,0.528,3.0,0.14200000000000002,0.027999999999999997,0.349,3.225806451612903,22.58064516129032,0.14285714285714285,0.2,0.1734,314.0,0.17857142857142858,0.4166666666666667,0.179,5.0,1.0,2.0,22.0,31.0,28.0,3.0,1.0,0.0,5.0,0.207,0.321,1.0,0,0.0,,9.0,0.0,0,2.0,0.0,,1.8620689655172413,1.7359999999999998
1989,CL,東京ヤクルトスワローズ,41343866,長嶋　一茂,K.Nagashima,69.0,163.0,156.0,12.0,39.0,7.0,1.0,4.0,60.0,15.0,1,0,0.0,1.0,6.0,0,0.0,29.0,6.0,0.25,0.276,0.385,0.661,27.0,0.135,0.026000000000000023,0.411,3.6809815950920246,17.791411042944784,0.20689655172413793,0.28225806451612906,0.22045000000000003,404.3333333333333,0.17307692307692307,0.5365853658536586,0.25,39.0,4.0,15.0,69.0,163.0,156.0,27.0,7.0,1.0,12.0,0.276,0.385,6.0,0,0.0,,60.0,1,0,0.0,1.0,,16.666666666666668,15.853999999999996
1989,CL,広島東洋カープ,41343869,川端　順,J.Kawabata,33.0,9.0,7.0,0.0,4.0,1.0,0.0,0.0,5.0,0.0,0.0,0,2.0,0.0,0.0,0,0.0,1.0,0.0,0.571,0.571,0.714,1.285,3.0,0.14300000000000002,0.0,0.714,0.0,11.11111111111111,0.0,0.6666666666666666,0.43545,808.9999999999999,0.14285714285714285,1.6666666666666667,0.571,4.0,0.0,0.0,33.0,9.0,7.0,3.0,1.0,0.0,0.0,0.571,0.714,0.0,0,0.0,,5.0,0.0,0,2.0,0.0,,2.857142857142857,1.9259999999999997
1989,CL,読売ジャイアンツ,41443860,宮本　和知,K.Miyamoto,18.0,34.0,30.0,1.0,5.0,0.0,0.0,0.0,5.0,2.0,0.0,0,3.0,0.0,1.0,0,0.0,14.0,0.0,0.167,0.194,0.167,0.361,5.0,0.0,0.026999999999999996,0.194,2.941176470588235,41.17647058823529,0.07142857142857142,0.3125,0.12905,249.66666666666669,0.03333333333333333,0.24,0.167,5.0,0.0,2.0,18.0,34.0,30.0,5.0,0.0,0.0,1.0,0.194,0.167,1.0,0,0.0,,5.0,0.0,0,3.0,0.0,,0.967741935483871,0.3799999999999999
1989,CL,東京ヤクルトスワローズ,41443862,乱橋　幸仁,Y.Ranbashi,23.0,7.0,5.0,0.0,0.0,0.0,0.0,0.0,0.0,0.0,0.0,0,1.0,0.0,1.0,0,0.0,3.0,0.0,0.0,0.167,0.0,0.167,0.0,0.0,0.167,0.167,14.285714285714285,42.857142857142854,0.3333333333333333,0.0,0.07515000000000001,167.0,0.2,0.2,0.0,0.0,0.0,0.0,23.0,7.0,5.0,0.0,0.0,0.0,0.0,0.167,0.0,1.0,0,0.0,,0.0,0.0,0,1.0,0.0,,0.0,-0.15999999999999998
1989,CL,中日ドラゴンズ,41543847,鈴木　孝政,T.Suzuki,24.0,14.0,11.0,0.0,1.0,0.0,0.0,0.0,1.0,0.0,0.0,0,2.0,0.0,1.0,0,0.0,3.0,1.0,0.091,0.167,0.091,0.258,1.0,0.0,0.07600000000000001,0.167,7.142857142857142,21.428571428571427,0.3333333333333333,0.125,0.09790000000000001,197.33333333333334,0.09090909090909091,0.18181818181818182,0.091,1.0,0.0,0.0,24.0,14.0,11.0,1.0,0.0,0.0,0.0,0.167,0.091,1.0,0,0.0,,1.0,0.0,0,2.0,0.0,,0.16666666666666666,-0.1499999999999999
1989,CL,中日ドラゴンズ,41543868,ジョージ,G.Hinshaw,53.0,222.0,201.0,30.0,59.0,9.0,0.0,8.0,92.0,26.0,10,5,1.0,3.0,15.0,0,2.0,33.0,10.0,0.294,0.344,0.458,0.802,42.0,0.16400000000000003,0.04999999999999999,0.508,6.756756756756757,14.864864864864865,0.45454545454545453,0.3128834355828221,0.2693,496.66666666666663,0.263681592039801,0.75,0.294,59.0,8.0,26.0,53.0,222.0,201.0,42.0,9.0,0.0,30.0,0.344,0.458,15.0,0,2.0,,92.0,10,5,1.0,3.0,,31.51851851851852,31.593999999999998
1989,CL,阪神タイガース,41743848,福間　納,O.Fukuma,9.0,1.0,0.0,0.0,0.0,0.0,0.0,0.0,0.0,0.0,0.0,0,1.0,0.0,0.0,0,0.0,0.0,0.0,,,,0.0,0.0,0.0,0.0,,0.0,0.0,nan,nan,0.0,0.0,nan,nan,,0.0,0.0,0.0,9.0,1.0,0.0,0.0,0.0,0.0,0.0,,,0.0,0,0.0,,0.0,0.0,0,1.0,0.0,,nan,0.0
1989,CL,広島東洋カープ,41743865,津田　恒実,T.Tsuda,51.0,10.0,7.0,2.0,1.0,0.0,0.0,0.0,1.0,1.0,0.0,0,2.0,0.0,1.0,0,0.0,3.0,0.0,0.143,0.25,0.143,0.393,1.0,0.0,0.10700000000000001,0.25,10.0,30.0,0.3333333333333333,0.25,0.14825,297.66666666666663,0.14285714285714285,0.3333333333333333,0.143,1.0,0.0,1.0,51.0,10.0,7.0,1.0,0.0,0.0,2.0,0.25,0.143,1.0,0,0.0,,1.0,0.0,0,2.0,0.0,,0.25,0.242
1989,CL,読売ジャイアンツ,41743866,高田　誠,M.Takada,3.0,3.0,2.0,0.0,0.0,0.0,0.0,0.0,0.0,0.0,0.0,0,0.0,0.0,1.0,0,0.0,0.0,1.0,0.0,0.333,0.0,0.333,0.0,0.0,0.333,0.333,33.33333333333333,0.0,nan,0.0,0.14985,333.0,0.5,0.3333333333333333,0.0,0.0,0.0,0.0,3.0,3.0,2.0,0.0,0.0,0.0,0.0,0.333,0.0,1.0,0,0.0,,0.0,0.0,0,0.0,0.0,,0.0,0.134
1989,CL,読売ジャイアンツ,41943842,簑田　浩二,K.Minoda,37.0,63.0,54.0,8.0,13.0,0.0,0.0,2.0,19.0,3.0,0.0,0,0.0,0.0,9.0,0,0.0,10.0,1.0,0.241,0.349,0.352,0.701,11.0,0.11099999999999999,0.10799999999999998,0.4599999999999999,14.285714285714285,15.873015873015872,0.9,0.2619047619047619,0.24505,466.3333333333333,0.2777777777777778,0.6666666666666666,0.241,13.0,2.0,3.0,37.0,63.0,54.0,11.0,0.0,0.0,8.0,0.349,0.352,9.0,0,0.0,,19.0,0.0,0,0.0,0.0,,6.634920634920635,7.332
1989,CL,広島東洋カープ,43243868,野村　謙二郎,K.Nomura,88.0,164.0,151.0,29.0,39.0,4.0,5.0,0.0,53.0,12.0,21,5,2.0,1.0,7.0,0,3.0,21.0,1.0,0.258,0.302,0.351,0.653,30.0,0.09299999999999997,0.043999999999999984,0.3949999999999999,4.2682926829268295,12.804878048780488,0.3333333333333333,0.29770992366412213,0.22365,419.0,0.17218543046357615,0.6017699115044248,0.258,39.0,0.0,12.0,88.0,164.0,151.0,30.0,4.0,5.0,29.0,0.302,0.351,7.0,0,3.0,,53.0,21,5,2.0,1.0,,15.430379746835444,16.303999999999995
1989,CL,阪神タイガース,43343868,高井　一,H.Takai,12.0,13.0,13.0,0.0,2.0,1.0,0.0,0.0,3.0,1.0,0.0,0,0.0,0.0,0.0,0,0.0,6.0,0.0,0.154,0.154,0.231,0.385,1.0,0.07700000000000001,0.0,0.231,0.0,46.15384615384615,0.0,0.2857142857142857,0.12705,230.99999999999997,0.07692307692307693,0.2727272727272727,0.154,2.0,0.0,1.0,12.0,13.0,13.0,1.0,1.0,0.0,0.0,0.154,0.231,0.0,0,0.0,,3.0,0.0,0,0.0,0.0,,0.46153846153846156,0.1419999999999999
1989,CL,東京ヤクルトスワローズ,45943868,岡　幸俊,Y.Oka,25.0,4.0,4.0,0.0,1.0,0.0,0.0,0.0,1.0,0.0,0.0,0,0.0,0.0,0.0,0,0.0,2.0,0.0,0.25,0.25,0.25,0.5,1.0,0.0,0.0,0.25,0.0,50.0,0.0,0.5,0.175,333.3333333333333,0.0,0.3333333333333333,0.25,1.0,0.0,0.0,25.0,4.0,4.0,1.0,0.0,0.0,0.0,0.25,0.25,0.0,0,0.0,,1.0,0.0,0,0.0,0.0,,0.25,0.20599999999999996
1989,CL,東京ヤクルトスワローズ,5003868,加藤　博人,H.Katou,32.0,45.0,41.0,0.0,7.0,0.0,0.0,0.0,7.0,0.0,0.0,0,3.0,0.0,1.0,0,0.0,15.0,0.0,0.171,0.19,0.171,0.361,7.0,0.0,0.01899999999999999,0.19,2.2222222222222223,33.33333333333333,0.06666666666666667,0.2692307692307692,0.12825,247.0,0.024390243902439025,0.23529411764705882,0.171,7.0,0.0,0.0,32.0,45.0,41.0,7.0,0.0,0.0,0.0,0.19,0.171,1.0,0,0.0,,7.0,0.0,0,3.0,0.0,,1.3333333333333333,0.4979999999999998
1989,CL,広島東洋カープ,51053863,原　伸樹,S.Hara,48.0,57.0,46.0,3.0,13.0,3.0,0.0,0.0,16.0,7.0,0.0,0,1.0,1.0,9.0,0,0.0,8.0,1.0,0.283,0.393,0.348,0.741,10.0,0.065,0.11000000000000004,0.458,15.789473684210526,14.035087719298245,1.125,0.3333333333333333,0.26385000000000003,509.0,0.2608695652173913,0.7352941176470589,0.283,13.0,0.0,7.0,48.0,57.0,46.0,10.0,3.0,0.0,3.0,0.393,0.348,9.0,0,0.0,,16.0,0.0,0,1.0,1.0,,6.4,6.896000000000001
1989,CL,東京ヤクルトスワローズ,51053865,宮本　賢治,K.Miyamoto,33.0,9.0,9.0,0.0,2.0,0.0,0.0,0.0,2.0,1.0,0.0,0,0.0,0.0,0.0,0,0.0,4.0,0.0,0.222,0.222,0.222,0.444,2.0,0.0,0.0,0.222,0.0,44.44444444444444,0.0,0.4,0.1554,296.0,0.0,0.2857142857142857,0.222,2.0,0.0,1.0,33.0,9.0,9.0,2.0,0.0,0.0,0.0,0.222,0.222,0.0,0,0.0,,2.0,0.0,0,0.0,0.0,,0.4444444444444444,0.31399999999999995
1989,CL,東京ヤクルトスワローズ,51053867,中本　茂樹,S.Nakamoto,23.0,32.0,27.0,0.0,3.0,0.0,0.0,0.0,3.0,0.0,0.0,0,5.0,0.0,0.0,0,0.0,13.0,0.0,0.111,0.111,0.111,0.222,3.0,0.0,0.0,0.111,0.0,40.625,0.0,0.21428571428571427,0.0777,148.0,0.0,0.125,0.111,3.0,0.0,0.0,23.0,32.0,27.0,3.0,0.0,0.0,0.0,0.111,0.111,0.0,0,0.0,,3.0,0.0,0,5.0,0.0,,0.3333333333333333,-0.8520000000000003
1989,CL,東京ヤクルトスワローズ,51153860,阿井　英二郎,E.Ai,4.0,0.0,0.0,0.0,0.0,0.0,0.0,0.0,0.0,0.0,0.0,0,0.0,0.0,0.0,0,0.0,0.0,0.0,,,,0.0,0.0,0.0,0.0,,nan,nan,nan,nan,0.0,0.0,nan,nan,,0.0,0.0,0.0,4.0,0.0,0.0,0.0,0.0,0.0,0.0,,,0.0,0,0.0,,0.0,0.0,0,0.0,0.0,,nan,0.0
1989,CL,東京ヤクルトスワローズ,51153862,荒井　幸雄,Y.Arai,110.0,367.0,323.0,36.0,88.0,14.0,3.0,4.0,120.0,38.0,7,3,2.0,6.0,36.0,0,0.0,24.0,6.0,0.272,0.34,0.372,0.712,67.0,0.09999999999999998,0.068,0.44,9.809264305177113,6.539509536784741,1.5,0.27906976744186046,0.24600000000000002,464.0,0.21981424148606812,0.6597510373443983,0.272,88.0,4.0,38.0,110.0,367.0,323.0,67.0,14.0,3.0,36.0,0.34,0.372,36.0,0,0.0,,120.0,7,3,2.0,6.0,,41.448467966573816,41.849999999999994
1989,CL,中日ドラゴンズ,51153866,遠田　誠治,S.Enda,41.0,31.0,26.0,7.0,6.0,1.0,0.0,0.0,7.0,1.0,6,2,3.0,1.0,1.0,0,0.0,5.0,0.0,0.231,0.25,0.269,0.519,5.0,0.038000000000000006,0.01899999999999999,0.288,3.225806451612903,16.129032258064516,0.2,0.2727272727272727,0.17975000000000002,339.6666666666667,0.15384615384615385,0.5,0.231,6.0,0.0,1.0,41.0,31.0,26.0,5.0,1.0,0.0,7.0,0.25,0.269,1.0,0,0.0,,7.0,6,2,3.0,1.0,,1.8148148148148149,1.9499999999999997
1989,CL,中日ドラゴンズ,51153868,義信,Y.Yoshinobu（chin,16.0,7.0,5.0,0.0,1.0,0.0,0.0,0.0,1.0,1.0,0.0,0,2.0,0.0,0.0,0,0.0,2.0,0.0,0.2,0.2,0.2,0.4,1.0,0.0,0.0,0.2,0.0,28.57142857142857,0.0,0.3333333333333333,0.14,266.6666666666667,0.0,0.25,0.2,1.0,0.0,1.0,16.0,7.0,5.0,1.0,0.0,0.0,0.0,0.2,0.2,0.0,0,0.0,,1.0,0.0,0,2.0,0.0,,0.2,0.10799999999999998
1989,CL,読売ジャイアンツ,51253865,吉村　禎章,S.Yoshimura,17.0,31.0,28.0,0.0,5.0,0.0,0.0,0.0,5.0,4.0,0.0,0,0.0,1.0,2.0,0,0.0,3.0,0.0,0.179,0.226,0.179,0.405,5.0,0.0,0.047000000000000014,0.226,6.451612903225806,9.67741935483871,0.6666666666666666,0.19230769230769232,0.14645,285.6666666666667,0.07142857142857142,0.30434782608695654,0.179,5.0,0.0,4.0,17.0,31.0,28.0,5.0,0.0,0.0,0.0,0.226,0.179,2.0,0,0.0,,5.0,0.0,0,0.0,1.0,,1.1666666666666667,0.9060000000000001
1989,CL,横浜DeNAベイスターズ,51353845,加藤　博一,H.Katou,76.0,90.0,76.0,6.0,20.0,6.0,0.0,1.0,29.0,21.0,3,1,0.0,3.0,10.0,0,1.0,16.0,3.0,0.263,0.344,0.382,0.726,13.0,0.119,0.08099999999999996,0.4629999999999999,11.11111111111111,17.77777777777778,0.625,0.3064516129032258,0.25029999999999997,471.33333333333326,0.2631578947368421,0.6949152542372882,0.263,20.0,1.0,21.0,76.0,90.0,76.0,13.0,6.0,0.0,6.0,0.344,0.382,10.0,0,1.0,,29.0,3,1,0.0,3.0,,10.116279069767442,10.582
1989,CL,広島東洋カープ,51353861,長内　孝,T.Osanai,97.0,287.0,260.0,32.0,71.0,14.0,1.0,11.0,120.0,42.0,2,0,1.0,4.0,21.0,0,1.0,43.0,1.0,0.273,0.325,0.462,0.787,45.0,0.189,0.05199999999999999,0.514,7.317073170731707,14.982578397212542,0.4883720930232558,0.2857142857142857,0.26175000000000004,479.0,0.2692307692307692,0.7473684210526316,0.273,71.0,11.0,42.0,97.0,287.0,260.0,45.0,14.0,1.0,32.0,0.325,0.462,21.0,0,1.0,,120.0,2,0,1.0,4.0,,39.288256227758005,38.19799999999999
1989,CL,読売ジャイアンツ,51353865,岡崎　郁,K.Okazaki,127.0,501.0,444.0,57.0,119.0,23.0,1.0,12.0,180.0,59.0,4,3,5.0,5.0,43.0,0,4.0,49.0,8.0,0.268,0.335,0.405,0.74,83.0,0.137,0.067,0.472,8.582834331337326,9.780439121756487,0.8775510204081632,0.2757731958762887,0.252,470.00000000000006,0.240990990990991,0.6906906906906907,0.268,119.0,12.0,59.0,127.0,501.0,444.0,83.0,23.0,1.0,57.0,0.335,0.405,43.0,0,4.0,,180.0,4,3,5.0,5.0,,59.87679671457906,60.580000000000005
1989,CL,阪神タイガース,51353866,横谷　総一,S.Yokotani,33.0,60.0,57.0,5.0,17.0,3.0,0.0,3.0,29.0,7.0,2,0,1.0,0.0,2.0,0,0.0,14.0,3.0,0.298,0.322,0.509,0.831,11.0,0.21100000000000002,0.02400000000000002,0.533,3.3333333333333335,23.333333333333332,0.14285714285714285,0.35,0.27215,491.6666666666667,0.24561403508771928,0.7209302325581395,0.298,17.0,3.0,7.0,33.0,60.0,57.0,11.0,3.0,0.0,5.0,0.322,0.509,2.0,0,0.0,,29.0,2,0,1.0,0.0,,9.338983050847459,8.72
1989,CL,東京ヤクルトスワローズ,51553842,角　富士夫,F.Sumi,96.0,318.0,282.0,27.0,75.0,17.0,1.0,5.0,109.0,32.0,0,2,12.0,2.0,20.0,0,2.0,46.0,7.0,0.266,0.317,0.387,0.704,52.0,0.121,0.05099999999999999,0.438,6.289308176100629,14.465408805031446,0.43478260869565216,0.30042918454935624,0.2394,446.0,0.19858156028368795,0.6214953271028038,0.266,75.0,5.0,32.0,96.0,318.0,282.0,52.0,17.0,1.0,27.0,0.317,0.387,20.0,0,2.0,,109.0,0,2,12.0,2.0,,34.288079470198674,33.814
1989,CL,広島東洋カープ,51553863,川口　和久,K.Kawaguchi,29.0,84.0,78.0,5.0,16.0,2.0,0.0,0.0,18.0,5.0,0,1,5.0,0.0,1.0,0,0.0,25.0,1.0,0.205,0.215,0.231,0.446,14.0,0.026000000000000023,0.010000000000000009,0.241,1.1904761904761905,29.761904761904763,0.04,0.3018867924528302,0.1545,292.0,0.05128205128205128,0.31746031746031744,0.205,16.0,0.0,5.0,29.0,84.0,78.0,14.0,2.0,0.0,5.0,0.215,0.231,1.0,0,0.0,,18.0,0,1,5.0,0.0,,3.8734177215189876,2.8739999999999988
1989,CL,横浜DeNAベイスターズ,51553866,北野　勝則,K.Kitano,1.0,0.0,0.0,0.0,0.0,0.0,0.0,0.0,0.0,0.0,0.0,0,0.0,0.0,0.0,0,0.0,0.0,0.0,,,,0.0,0.0,0.0,0.0,,nan,nan,nan,nan,0.0,0.0,nan,nan,,0.0,0.0,0.0,1.0,0.0,0.0,0.0,0.0,0.0,0.0,,,0.0,0,0.0,,0.0,0.0,0,0.0,0.0,,nan,0.0
1989,CL,阪神タイガース,51553867,木戸　克彦,K.Kido,93.0,317.0,280.0,22.0,69.0,14.0,1.0,6.0,103.0,32.0,3,1,13.0,2.0,21.0,0,1.0,49.0,7.0,0.246,0.299,0.368,0.667,48.0,0.122,0.05299999999999999,0.421,6.624605678233439,15.457413249211358,0.42857142857142855,0.2775330396475771,0.22655,421.66666666666663,0.2,0.5779816513761468,0.246,69.0,6.0,32.0,93.0,317.0,280.0,48.0,14.0,1.0,22.0,0.299,0.368,21.0,0,1.0,,103.0,3,1,13.0,2.0,,30.79734219269103,30.521999999999995
1989,CL,中日ドラゴンズ,51553868,前原　博之,H.Maehara,15.0,21.0,21.0,0.0,2.0,0.0,0.0,0.0,2.0,1.0,0.0,0,0.0,0.0,0.0,0,0.0,9.0,1.0,0.095,0.095,0.095,0.19,2.0,0.0,0.0,0.095,0.0,42.857142857142854,0.0,0.16666666666666666,0.0665,126.66666666666667,0.0,0.1,0.095,2.0,0.0,1.0,15.0,21.0,21.0,2.0,0.0,0.0,0.0,0.095,0.095,0.0,0,0.0,,2.0,0.0,0,0.0,0.0,,0.19047619047619047,-0.8620000000000001
1989,CL,広島東洋カープ,51753866,榊原　聡一郎,S.Sakakibara,10.0,15.0,15.0,1.0,4.0,1.0,0.0,0.0,5.0,0.0,0.0,0,0.0,0.0,0.0,0,0.0,6.0,1.0,0.267,0.267,0.333,0.6000000000000001,3.0,0.066,0.0,0.333,0.0,40.0,0.0,0.4444444444444444,0.20340000000000003,378.0,0.06666666666666667,0.4166666666666667,0.267,4.0,0.0,0.0,10.0,15.0,15.0,3.0,1.0,0.0,1.0,0.267,0.333,0.0,0,0.0,,5.0,0.0,0,0.0,0.0,,1.3333333333333333,1.1419999999999997
1989,CL,読売ジャイアンツ,51853868,緒方　耕一,K.Ogata,76.0,247.0,221.0,31.0,68.0,8.0,2.0,3.0,89.0,22.0,13,6,12.0,1.0,12.0,0,1.0,30.0,1.0,0.308,0.345,0.403,0.748,55.0,0.09500000000000003,0.03699999999999998,0.44,4.8582995951417,12.145748987854251,0.4,0.3439153439153439,0.256,479.33333333333326,0.17647058823529413,0.7012987012987013,0.308,68.0,3.0,22.0,76.0,247.0,221.0,55.0,8.0,2.0,31.0,0.345,0.403,12.0,0,1.0,,89.0,13,6,12.0,1.0,,30.55793991416309,30.035999999999994
1989,CL,阪神タイガース,51953862,遠山　奬志,S.Tooyama,10.0,9.0,8.0,0.0,2.0,1.0,0.0,0.0,3.0,0.0,0.0,0,1.0,0.0,0.0,0,0.0,1.0,0.0,0.25,0.25,0.375,0.625,1.0,0.125,0.0,0.375,0.0,11.11111111111111,0.0,0.2857142857142857,0.20625,375.0,0.125,0.5,0.25,2.0,0.0,0.0,10.0,9.0,8.0,1.0,1.0,0.0,0.0,0.25,0.375,0.0,0,0.0,,3.0,0.0,0,1.0,0.0,,0.75,0.6319999999999999
1989,CL,中日ドラゴンズ,51953867,田中　富生,T.Tanaka,16.0,6.0,3.0,0.0,1.0,0.0,0.0,0.0,1.0,0.0,0.0,0,3.0,0.0,0.0,0,0.0,1.0,0.0,0.333,0.333,0.333,0.666,1.0,0.0,0.0,0.333,0.0,16.666666666666664,0.0,0.5,0.23310000000000003,444.0,0.0,0.5,0.333,1.0,0.0,0.0,16.0,6.0,3.0,1.0,0.0,0.0,0.0,0.333,0.333,0.0,0,0.0,,1.0,0.0,0,3.0,0.0,,0.3333333333333333,0.304
1989,CL,阪神タイガース,53153868,渡辺　伸彦,N.Watanabe,31.0,3.0,3.0,0.0,0.0,0.0,0.0,0.0,0.0,0.0,0.0,0,0.0,0.0,0.0,0,0.0,0.0,0.0,0.0,0.0,0.0,0.0,0.0,0.0,0.0,0.0,0.0,0.0,nan,0.0,0.0,0.0,0.0,0.0,0.0,0.0,0.0,0.0,31.0,3.0,3.0,0.0,0.0,0.0,0.0,0.0,0.0,0.0,0,0.0,,0.0,0.0,0,0.0,0.0,,0.0,-0.29400000000000004
1989,CL,阪神タイガース,53553868,亀山　努,T.Kameyama,28.0,38.0,36.0,4.0,5.0,2.0,0.0,0.0,7.0,1.0,1,0,2.0,0.0,0.0,0,0.0,10.0,1.0,0.139,0.139,0.194,0.333,3.0,0.05499999999999999,0.0,0.194,0.0,26.31578947368421,0.0,0.19230769230769232,0.11105000000000001,203.66666666666666,0.05555555555555555,0.21875,0.139,5.0,0.0,1.0,28.0,38.0,36.0,3.0,2.0,0.0,4.0,0.139,0.194,0.0,0,0.0,,7.0,1,0,2.0,0.0,,0.9722222222222222,-0.09800000000000031
1989,CL,横浜DeNAベイスターズ,55553868,石田　大也,T.Ishida,4.0,0.0,0.0,0.0,0.0,0.0,0.0,0.0,0.0,0.0,0.0,0,0.0,0.0,0.0,0,0.0,0.0,0.0,,,,0.0,0.0,0.0,0.0,,nan,nan,nan,nan,0.0,0.0,nan,nan,,0.0,0.0,0.0,4.0,0.0,0.0,0.0,0.0,0.0,0.0,,,0.0,0,0.0,,0.0,0.0,0,0.0,0.0,,nan,0.0
1989,CL,読売ジャイアンツ,61163860,上田　和明,K.Ueda,52.0,81.0,71.0,13.0,13.0,3.0,0.0,1.0,19.0,3.0,4,0,4.0,0.0,6.0,0,0.0,16.0,0.0,0.183,0.247,0.268,0.515,9.0,0.08500000000000002,0.064,0.332,7.4074074074074066,19.753086419753085,0.375,0.2222222222222222,0.17815,336.3333333333333,0.16901408450704225,0.43103448275862066,0.183,13.0,1.0,3.0,52.0,81.0,71.0,9.0,3.0,0.0,13.0,0.247,0.268,6.0,0,0.0,,19.0,4,0,4.0,0.0,,4.688311688311688,4.396
1989,CL,広島東洋カープ,61163862,植田　幸弘,Y.Ueda,65.0,138.0,123.0,11.0,20.0,5.0,0.0,4.0,37.0,10.0,1,0,7.0,0.0,7.0,0,1.0,23.0,2.0,0.163,0.214,0.301,0.515,11.0,0.13799999999999998,0.05099999999999999,0.352,5.072463768115942,16.666666666666664,0.30434782608695654,0.16666666666666666,0.17154999999999998,314.33333333333337,0.1951219512195122,0.42857142857142855,0.163,20.0,4.0,10.0,65.0,138.0,123.0,11.0,5.0,0.0,11.0,0.214,0.301,7.0,0,1.0,,37.0,1,0,7.0,0.0,,7.684615384615385,7.405999999999999
1989,CL,横浜DeNAベイスターズ,61163863,石橋　貢,M.Ishibashi,68.0,76.0,63.0,14.0,17.0,3.0,1.0,1.0,25.0,4.0,7,0,2.0,0.0,11.0,0,0.0,17.0,0.0,0.27,0.378,0.397,0.775,12.0,0.127,0.10799999999999998,0.505,14.473684210526317,22.36842105263158,0.6470588235294118,0.35555555555555557,0.26935,510.3333333333333,0.30158730158730157,0.782608695652174,0.27,17.0,1.0,4.0,68.0,76.0,63.0,12.0,3.0,1.0,14.0,0.378,0.397,11.0,0,0.0,,25.0,7,0,2.0,0.0,,9.45945945945946,9.762
1989,CL,東京ヤクルトスワローズ,61163865,小川　淳司,J.Ogawa,95.0,122.0,106.0,11.0,28.0,8.0,0.0,4.0,48.0,13.0,3,4,1.0,0.0,14.0,0,1.0,24.0,3.0,0.264,0.355,0.453,0.808,16.0,0.189,0.09099999999999997,0.544,11.475409836065573,19.672131147540984,0.5833333333333334,0.3076923076923077,0.273,506.0,0.3584905660377358,0.8271604938271605,0.264,28.0,4.0,13.0,95.0,122.0,106.0,16.0,8.0,0.0,11.0,0.355,0.453,14.0,0,1.0,,48.0,3,4,1.0,0.0,,16.8,17.546
1989,CL,阪神タイガース,61163869,池田　親興,C.Ikeda,16.0,22.0,22.0,0.0,3.0,0.0,1.0,0.0,5.0,0.0,0.0,0,0.0,0.0,0.0,0,0.0,5.0,0.0,0.136,0.136,0.227,0.363,2.0,0.091,0.0,0.227,0.0,22.727272727272727,0.0,0.17647058823529413,0.11795,211.66666666666666,0.09090909090909091,0.2631578947368421,0.136,3.0,0.0,0.0,16.0,22.0,22.0,2.0,0.0,1.0,0.0,0.136,0.227,0.0,0,0.0,,5.0,0.0,0,0.0,0.0,,0.6818181818181818,0.17799999999999994
1989,CL,東京ヤクルトスワローズ,61263862,矢野　和哉,K.Yano,22.0,39.0,33.0,2.0,5.0,0.0,1.0,0.0,7.0,3.0,0.0,0,4.0,0.0,2.0,0,0.0,7.0,1.0,0.152,0.2,0.212,0.41200000000000003,4.0,0.06,0.048000000000000015,0.26,5.128205128205128,17.94871794871795,0.2857142857142857,0.19230769230769232,0.14300000000000002,270.6666666666667,0.12121212121212122,0.3103448275862069,0.152,5.0,0.0,3.0,22.0,39.0,33.0,4.0,0.0,1.0,2.0,0.2,0.212,2.0,0,0.0,,7.0,0.0,0,4.0,0.0,,1.4,0.956
1989,CL,読売ジャイアンツ,61263868,松谷　竜二郎,R.Matsutani,6.0,0.0,0.0,0.0,0.0,0.0,0.0,0.0,0.0,0.0,0.0,0,0.0,0.0,0.0,0,0.0,0.0,0.0,,,,0.0,0.0,0.0,0.0,,nan,nan,nan,nan,0.0,0.0,nan,nan,,0.0,0.0,0.0,6.0,0.0,0.0,0.0,0.0,0.0,0.0,,,0.0,0,0.0,,0.0,0.0,0,0.0,0.0,,nan,0.0
1989,CL,中日ドラゴンズ,61363868,清水　雅治,M.Shimizu,21.0,25.0,22.0,1.0,1.0,0.0,1.0,0.0,3.0,1.0,1.0,1,3.0,0.0,0.0,0,0.0,4.0,0.0,0.045,0.045,0.136,0.181,0.0,0.09100000000000001,0.0,0.136,0.0,16.0,0.0,0.05555555555555555,0.05425000000000001,90.33333333333333,0.13636363636363635,0.19047619047619047,0.045,1.0,0.0,1.0,21.0,25.0,22.0,0.0,0.0,1.0,1.0,0.045,0.136,0.0,0,0.0,,3.0,1.0,1,3.0,0.0,,0.13636363636363635,-0.8380000000000003
1989,CL,横浜DeNAベイスターズ,61463860,山崎　賢一,K.Yamazaki,129.0,534.0,476.0,64.0,147.0,24.0,5.0,7.0,202.0,56.0,17,7,9.0,7.0,38.0,0,4.0,59.0,6.0,0.309,0.36,0.424,0.784,111.0,0.11499999999999999,0.05099999999999999,0.475,7.116104868913857,11.04868913857678,0.6440677966101694,0.33573141486810554,0.268,501.3333333333333,0.21008403361344538,0.7492537313432835,0.309,147.0,7.0,56.0,129.0,534.0,476.0,111.0,24.0,5.0,64.0,0.36,0.424,38.0,0,4.0,,202.0,17,7,9.0,7.0,,72.70428015564202,70.938
1989,CL,阪神タイガース,61463867,山脇　光治,K.Yamawaki,70.0,98.0,90.0,13.0,24.0,1.0,2.0,0.0,29.0,4.0,5,2,3.0,0.0,5.0,0,0.0,18.0,1.0,0.267,0.305,0.322,0.627,21.0,0.05499999999999999,0.03799999999999998,0.36,5.1020408163265305,18.367346938775512,0.2777777777777778,0.3333333333333333,0.21775,412.3333333333333,0.13333333333333333,0.5373134328358209,0.267,24.0,0.0,4.0,70.0,98.0,90.0,21.0,1.0,2.0,13.0,0.305,0.322,5.0,0,0.0,,29.0,5,2,3.0,0.0,,8.852631578947369,8.842
1989,CL,広島東洋カープ,61563848,高代　延博,N.Takashiro,24.0,35.0,32.0,2.0,8.0,1.0,0.0,0.0,9.0,4.0,1.0,1,0.0,1.0,2.0,0,0.0,6.0,1.0,0.25,0.286,0.281,0.567,7.0,0.031000000000000028,0.035999999999999976,0.317,5.714285714285714,17.142857142857142,0.3333333333333333,0.2962962962962963,0.19895,379.66666666666663,0.125,0.48,0.25,8.0,0.0,4.0,24.0,35.0,32.0,7.0,1.0,0.0,2.0,0.286,0.281,2.0,0,0.0,,9.0,1.0,1,0.0,1.0,,2.6470588235294117,2.7079999999999993
1989,CL,読売ジャイアンツ,61563860,香田　勲男,I.Kouda,22.0,28.0,20.0,0.0,1.0,0.0,0.0,0.0,1.0,0.0,0.0,0,7.0,0.0,1.0,0,0.0,6.0,0.0,0.05,0.095,0.05,0.14500000000000002,1.0,0.0,0.045,0.095,3.571428571428571,21.428571428571427,0.16666666666666666,0.07142857142857142,0.05525000000000001,111.66666666666666,0.05,0.10526315789473684,0.05,1.0,0.0,0.0,22.0,28.0,20.0,1.0,0.0,0.0,0.0,0.095,0.05,1.0,0,0.0,,1.0,0.0,0,7.0,0.0,,0.09523809523809523,-1.032
1989,CL,読売ジャイアンツ,61563867,駒田　徳広,N.Komada,126.0,458.0,413.0,47.0,125.0,31.0,3.0,11.0,195.0,56.0,10,6,3.0,0.0,40.0,0,2.0,60.0,10.0,0.303,0.367,0.472,0.839,80.0,0.16899999999999998,0.064,0.536,8.73362445414847,13.100436681222707,0.6666666666666666,0.3333333333333333,0.28315,524.3333333333334,0.28087167070217917,0.8154362416107382,0.303,125.0,11.0,56.0,126.0,458.0,413.0,80.0,31.0,3.0,47.0,0.367,0.472,40.0,0,2.0,,195.0,10,6,3.0,0.0,,71.02649006622516,67.996
1989,CL,中日ドラゴンズ,61563868,大豊　泰昭,Y.Taihou,101.0,353.0,309.0,37.0,72.0,18.0,0.0,14.0,132.0,36.0,2,3,4.0,1.0,36.0,0,3.0,86.0,9.0,0.233,0.318,0.427,0.745,40.0,0.19399999999999998,0.08499999999999999,0.512,10.198300283286118,24.362606232294617,0.4186046511627907,0.2761904761904762,0.24985000000000002,460.33333333333337,0.32038834951456313,0.7073170731707317,0.233,72.0,14.0,36.0,101.0,353.0,309.0,40.0,18.0,0.0,37.0,0.318,0.427,36.0,0,3.0,,132.0,2,3,4.0,1.0,,41.321739130434786,43.304000000000016
1989,CL,横浜DeNAベイスターズ,61763863,高木　豊,Y.Takagi,127.0,567.0,497.0,71.0,138.0,29.0,2.0,5.0,186.0,31.0,32,17,6.0,0.0,61.0,0,3.0,72.0,6.0,0.278,0.36,0.374,0.734,102.0,0.09599999999999997,0.08199999999999996,0.4559999999999999,10.758377425044092,12.698412698412698,0.8472222222222222,0.31666666666666665,0.2555,484.66666666666663,0.2535211267605634,0.7315068493150685,0.278,138.0,5.0,31.0,127.0,567.0,497.0,102.0,29.0,2.0,71.0,0.36,0.374,61.0,0,3.0,,186.0,32,17,6.0,0.0,,66.33333333333333,70.158
1989,CL,中日ドラゴンズ,61763864,中村　武志,T.Nakamura,125.0,420.0,352.0,23.0,95.0,12.0,0.0,7.0,128.0,41.0,2.0,2,9.0,2.0,55.0,0,2.0,94.0,7.0,0.27,0.37,0.364,0.734,76.0,0.09399999999999997,0.09999999999999998,0.4639999999999999,13.095238095238097,22.380952380952383,0.5851063829787234,0.34782608695652173,0.2575,491.33333333333337,0.2556818181818182,0.7083333333333334,0.27,95.0,7.0,41.0,125.0,420.0,352.0,76.0,12.0,0.0,23.0,0.37,0.364,55.0,0,2.0,,128.0,2.0,2,9.0,2.0,,47.174447174447174,50.704
1989,CL,読売ジャイアンツ,61763866,益田　明典,A.Masuda,5.0,0.0,0.0,0.0,0.0,0.0,0.0,0.0,0.0,0.0,0.0,0,0.0,0.0,0.0,0,0.0,0.0,0.0,,,,0.0,0.0,0.0,0.0,,nan,nan,nan,nan,0.0,0.0,nan,nan,,0.0,0.0,0.0,5.0,0.0,0.0,0.0,0.0,0.0,0.0,,,0.0,0,0.0,,0.0,0.0,0,0.0,0.0,,nan,0.0
1989,CL,横浜DeNAベイスターズ,61763869,銚子　利夫,T.Choushi,114.0,453.0,402.0,43.0,113.0,30.0,0.0,2.0,149.0,26.0,8,4,28.0,1.0,18.0,0,4.0,53.0,10.0,0.281,0.318,0.371,0.6890000000000001,81.0,0.08999999999999997,0.03699999999999998,0.408,3.9735099337748347,11.699779249448124,0.33962264150943394,0.31896551724137934,0.23585,441.66666666666663,0.14427860696517414,0.5852842809364549,0.281,113.0,2.0,26.0,114.0,453.0,402.0,81.0,30.0,0.0,43.0,0.318,0.371,18.0,0,4.0,,149.0,8,4,28.0,1.0,,46.47380952380952,44.63799999999999
1989,CL,横浜DeNAベイスターズ,61963846,屋鋪　要,K.Yashiki,68.0,171.0,155.0,22.0,32.0,5.0,1.0,2.0,45.0,10.0,11,3,2.0,0.0,13.0,0,1.0,23.0,4.0,0.206,0.272,0.29,0.562,24.0,0.08399999999999999,0.06600000000000003,0.356,7.602339181286549,13.450292397660817,0.5652173913043478,0.23076923076923078,0.19490000000000002,368.6666666666667,0.1870967741935484,0.4881889763779528,0.206,32.0,2.0,10.0,68.0,171.0,155.0,24.0,5.0,1.0,22.0,0.272,0.29,13.0,0,1.0,,45.0,11,3,2.0,0.0,,12.053571428571429,12.626
1989,CL,阪神タイガース,61963860,仲田　幸司,K.Nakada,26.0,35.0,31.0,3.0,4.0,0.0,0.0,0.0,4.0,2.0,0.0,0,3.0,0.0,1.0,0,0.0,6.0,0.0,0.129,0.156,0.129,0.28500000000000003,4.0,0.0,0.026999999999999996,0.156,2.857142857142857,17.142857142857142,0.16666666666666666,0.16,0.10245,199.0,0.03225806451612903,0.18518518518518517,0.129,4.0,0.0,2.0,26.0,35.0,31.0,4.0,0.0,0.0,3.0,0.156,0.129,1.0,0,0.0,,4.0,0.0,0,3.0,0.0,,0.625,-0.31599999999999984
1989,CL,中日ドラゴンズ,61963862,中村　弘道,H.Nakamura,2.0,0.0,0.0,0.0,0.0,0.0,0.0,0.0,0.0,0.0,0.0,0,0.0,0.0,0.0,0,0.0,0.0,0.0,,,,0.0,0.0,0.0,0.0,,nan,nan,nan,nan,0.0,0.0,nan,nan,,0.0,0.0,0.0,2.0,0.0,0.0,0.0,0.0,0.0,0.0,,,0.0,0,0.0,,0.0,0.0,0,0.0,0.0,,nan,0.0
1989,CL,阪神タイガース,61963869,中西　清起,K.Nakanishi,37.0,51.0,47.0,3.0,9.0,0.0,0.0,0.0,9.0,1.0,0.0,0,3.0,0.0,0.0,0,1.0,15.0,2.0,0.191,0.208,0.191,0.399,9.0,0.0,0.016999999999999987,0.208,0.0,29.411764705882355,0.0,0.28125,0.14135,271.6666666666667,0.0,0.25,0.191,9.0,0.0,1.0,37.0,51.0,47.0,9.0,0.0,0.0,3.0,0.208,0.191,0.0,0,1.0,,9.0,0.0,0,3.0,0.0,,1.7234042553191489,1.1059999999999999
1989,CL,広島東洋カープ,63263868,益田　尚哉,N.Masuda,2.0,0.0,0.0,1.0,0.0,0.0,0.0,0.0,0.0,0.0,0,1,0.0,0.0,0.0,0,0.0,0.0,0.0,,,,0.0,0.0,0.0,0.0,,nan,nan,nan,nan,0.0,0.0,nan,nan,,0.0,0.0,0.0,2.0,0.0,0.0,0.0,0.0,0.0,1.0,,,0.0,0,0.0,,0.0,0,1,0.0,0.0,,nan,0.18
1989,CL,阪神タイガース,63363868,C.フィルダー,C.Fielder,106.0,454.0,384.0,60.0,116.0,11.0,0.0,38.0,241.0,81.0,0.0,0,0.0,3.0,65.0,0,2.0,107.0,13.0,0.302,0.403,0.628,1.0310000000000001,67.0,0.326,0.10100000000000003,0.7290000000000001,14.317180616740089,23.568281938325992,0.6074766355140186,0.32231404958677684,0.33835000000000004,612.3333333333334,0.4947916666666667,1.096085409252669,0.302,116.0,38.0,81.0,106.0,454.0,384.0,67.0,11.0,0.0,60.0,0.403,0.628,65.0,0,2.0,,241.0,0.0,0,0.0,3.0,,97.15144766146993,91.986
1989,CL,広島東洋カープ,63963868,足立　亘,W.Adachi,2.0,3.0,3.0,0.0,0.0,0.0,0.0,0.0,0.0,0.0,0.0,0,0.0,0.0,0.0,0,0.0,1.0,0.0,0.0,0.0,0.0,0.0,0.0,0.0,0.0,0.0,0.0,33.33333333333333,0.0,0.0,0.0,0.0,0.0,0.0,0.0,0.0,0.0,0.0,2.0,3.0,3.0,0.0,0.0,0.0,0.0,0.0,0.0,0.0,0,0.0,,0.0,0.0,0,0.0,0.0,,0.0,-0.29400000000000004
1989,CL,横浜DeNAベイスターズ,65563868,石井　琢朗,T.Ishii,17.0,5.0,5.0,1.0,2.0,0.0,0.0,0.0,2.0,0.0,0.0,0,0.0,0.0,0.0,0,0.0,2.0,0.0,0.4,0.4,0.4,0.8,2.0,0.0,0.0,0.4,0.0,40.0,0.0,0.6666666666666666,0.28,533.3333333333334,0.0,0.6666666666666666,0.4,2.0,0.0,0.0,17.0,5.0,5.0,2.0,0.0,0.0,1.0,0.4,0.4,0.0,0,0.0,,2.0,0.0,0,0.0,0.0,,0.8,0.706
1989,CL,東京ヤクルトスワローズ,65963868,忰田　幸也,Y.Kaseda,6.0,0.0,0.0,0.0,0.0,0.0,0.0,0.0,0.0,0.0,0.0,0,0.0,0.0,0.0,0,0.0,0.0,0.0,,,,0.0,0.0,0.0,0.0,,nan,nan,nan,nan,0.0,0.0,nan,nan,,0.0,0.0,0.0,6.0,0.0,0.0,0.0,0.0,0.0,0.0,,,0.0,0,0.0,,0.0,0.0,0,0.0,0.0,,nan,0.0
1989,CL,読売ジャイアンツ,71073863,原　辰徳,T.Hara,114.0,459.0,395.0,60.0,103.0,22.0,0.0,25.0,200.0,74.0,3.0,3,0.0,2.0,60.0,0,2.0,68.0,6.0,0.261,0.359,0.506,0.865,56.0,0.245,0.09799999999999998,0.604,13.071895424836603,14.814814814814813,0.8823529411764706,0.2565789473684211,0.28805000000000003,527.6666666666666,0.4050632911392405,0.889261744966443,0.261,103.0,25.0,74.0,114.0,459.0,395.0,56.0,22.0,0.0,60.0,0.359,0.506,60.0,0,2.0,,200.0,3.0,3,0.0,2.0,,71.64835164835165,72.22400000000002
1989,CL,中日ドラゴンズ,71073869,仁村　薫,K.Nimura,82.0,116.0,100.0,10.0,23.0,3.0,2.0,2.0,36.0,13.0,0,2,8.0,1.0,7.0,0,0.0,27.0,3.0,0.23,0.278,0.36,0.638,16.0,0.12999999999999998,0.048000000000000015,0.408,6.0344827586206895,23.275862068965516,0.25925925925925924,0.2916666666666667,0.2151,398.0,0.22,0.5625,0.23,23.0,2.0,13.0,82.0,116.0,100.0,16.0,3.0,2.0,10.0,0.278,0.36,7.0,0,0.0,,36.0,0,2,8.0,1.0,,10.093457943925234,10.244
1989,CL,阪神タイガース,71173846,伊藤　文隆,F.Itou,28.0,35.0,29.0,0.0,4.0,1.0,0.0,0.0,5.0,0.0,0.0,0,3.0,0.0,3.0,0,0.0,13.0,1.0,0.138,0.219,0.172,0.391,3.0,0.033999999999999975,0.08099999999999999,0.253,8.571428571428571,37.142857142857146,0.23076923076923078,0.25,0.14155,276.3333333333333,0.13793103448275862,0.3076923076923077,0.138,4.0,0.0,0.0,28.0,35.0,29.0,3.0,1.0,0.0,0.0,0.219,0.172,3.0,0,0.0,,5.0,0.0,0,3.0,0.0,,1.09375,0.7599999999999998
1989,CL,読売ジャイアンツ,71173847,有田　修三,S.Arita,30.0,74.0,64.0,2.0,15.0,3.0,0.0,0.0,18.0,5.0,0.0,0,0.0,0.0,10.0,0,0.0,18.0,3.0,0.234,0.338,0.281,0.619,12.0,0.047000000000000014,0.10400000000000001,0.385,13.513513513513514,24.324324324324326,0.5555555555555556,0.32608695652173914,0.22235000000000002,431.6666666666667,0.203125,0.5384615384615384,0.234,15.0,0.0,5.0,30.0,74.0,64.0,12.0,3.0,0.0,2.0,0.338,0.281,10.0,0,0.0,,18.0,0.0,0,0.0,0.0,,6.081081081081081,6.658
1989,CL,中日ドラゴンズ,71173866,音　重鎮,S.Oto,78.0,253.0,219.0,29.0,55.0,12.0,2.0,1.0,74.0,16.0,4,2,15.0,2.0,14.0,0,3.0,34.0,3.0,0.251,0.303,0.338,0.641,40.0,0.08700000000000002,0.05199999999999999,0.39,5.533596837944664,13.438735177865613,0.4117647058823529,0.2903225806451613,0.22085,415.6666666666667,0.1598173515981735,0.5568862275449101,0.251,55.0,1.0,16.0,78.0,253.0,219.0,40.0,12.0,2.0,29.0,0.303,0.338,14.0,0,3.0,,74.0,4,2,15.0,2.0,,21.914163090128756,22.057999999999996
1989,CL,中日ドラゴンズ,71173868,今中　慎二,S.Imanaka,10.0,11.0,10.0,0.0,0.0,0.0,0.0,0.0,0.0,0.0,0.0,0,1.0,0.0,0.0,0,0.0,4.0,0.0,0.0,0.0,0.0,0.0,0.0,0.0,0.0,0.0,0.0,36.36363636363637,0.0,0.0,0.0,0.0,0.0,0.0,0.0,0.0,0.0,0.0,10.0,11.0,10.0,0.0,0.0,0.0,0.0,0.0,0.0,0.0,0,0.0,,0.0,0.0,0,1.0,0.0,,0.0,-0.98
1989,CL,東京ヤクルトスワローズ,71273860,広澤　克実,K.Hirosawa,130.0,529.0,470.0,63.0,127.0,16.0,0.0,17.0,194.0,59.0,11,5,1.0,2.0,49.0,0,7.0,125.0,11.0,0.27,0.347,0.413,0.76,94.0,0.14299999999999996,0.07699999999999996,0.4899999999999999,9.262759924385634,23.629489603024574,0.392,0.3333333333333333,0.25939999999999996,484.66666666666663,0.2574468085106383,0.7203389830508474,0.27,127.0,17.0,59.0,130.0,529.0,470.0,94.0,16.0,0.0,63.0,0.347,0.413,49.0,0,7.0,,194.0,11,5,1.0,2.0,,65.78805394990366,68.766
1989,CL,横浜DeNAベイスターズ,71273862,松本　豊,Y.Matsumoto,49.0,17.0,16.0,1.0,1.0,0.0,0.0,0.0,1.0,0.0,0.0,0,0.0,0.0,1.0,0,0.0,11.0,0.0,0.062,0.118,0.062,0.18,1.0,0.0,0.055999999999999994,0.118,5.88235294117647,64.70588235294117,0.09090909090909091,0.2,0.0686,138.66666666666666,0.0625,0.13333333333333333,0.062,1.0,0.0,0.0,49.0,17.0,16.0,1.0,0.0,0.0,1.0,0.118,0.062,1.0,0,0.0,,1.0,0.0,0,0.0,0.0,,0.11764705882352941,-0.6399999999999999
1989,CL,阪神タイガース,71373846,岡部　憲章,N.Okabe,7.0,0.0,0.0,0.0,0.0,0.0,0.0,0.0,0.0,0.0,0.0,0,0.0,0.0,0.0,0,0.0,0.0,0.0,,,,0.0,0.0,0.0,0.0,,nan,nan,nan,nan,0.0,0.0,nan,nan,,0.0,0.0,0.0,7.0,0.0,0.0,0.0,0.0,0.0,0.0,,,0.0,0,0.0,,0.0,0.0,0,0.0,0.0,,nan,0.0
1989,CL,読売ジャイアンツ,71373848,鹿取　義隆,Y.Katori,21.0,4.0,4.0,0.0,0.0,0.0,0.0,0.0,0.0,0.0,0.0,0,0.0,0.0,0.0,0,0.0,4.0,0.0,0.0,0.0,0.0,0.0,0.0,0.0,0.0,0.0,0.0,100.0,0.0,nan,0.0,0.0,0.0,0.0,0.0,0.0,0.0,0.0,21.0,4.0,4.0,0.0,0.0,0.0,0.0,0.0,0.0,0.0,0,0.0,,0.0,0.0,0,0.0,0.0,,0.0,-0.392
1989,CL,横浜DeNAベイスターズ,71373865,欠端　光則,M.Kakehata,36.0,42.0,36.0,1.0,6.0,2.0,0.0,0.0,8.0,0.0,0.0,0,5.0,0.0,0.0,0,1.0,7.0,2.0,0.167,0.189,0.222,0.41100000000000003,4.0,0.05499999999999999,0.021999999999999992,0.244,0.0,16.666666666666664,0.0,0.20689655172413793,0.14055,263.0,0.05555555555555555,0.28125,0.167,6.0,0.0,0.0,36.0,42.0,36.0,4.0,2.0,0.0,1.0,0.189,0.222,0.0,0,1.0,,8.0,0.0,0,5.0,0.0,,1.3333333333333333,0.8300000000000001
1989,CL,阪神タイガース,71373866,吉川　弘幸,H.Yoshikawa,6.0,10.0,7.0,3.0,2.0,0.0,1.0,0.0,4.0,0.0,1,0,0.0,0.0,3.0,0,0.0,2.0,0.0,0.286,0.5,0.571,1.071,1.0,0.285,0.21400000000000002,0.7849999999999999,30.0,20.0,1.5,0.4,0.36775,690.3333333333334,0.7142857142857143,1.4,0.286,2.0,0.0,0.0,6.0,10.0,7.0,1.0,0.0,1.0,3.0,0.5,0.571,3.0,0,0.0,,4.0,1,0,0.0,0.0,,2.0,2.04
1989,CL,阪神タイガース,71473867,御子柴　進,S.Mikoshiba,33.0,13.0,13.0,1.0,3.0,0.0,0.0,0.0,3.0,0.0,0.0,0,0.0,0.0,0.0,0,0.0,6.0,0.0,0.231,0.231,0.231,0.462,3.0,0.0,0.0,0.231,0.0,46.15384615384615,0.0,0.42857142857142855,0.1617,308.0,0.0,0.3,0.231,3.0,0.0,0.0,33.0,13.0,13.0,3.0,0.0,0.0,1.0,0.231,0.231,0.0,0,0.0,,3.0,0.0,0,0.0,0.0,,0.6923076923076923,0.52
1989,CL,阪神タイガース,71573842,田尾　安志,Y.Tao,84.0,266.0,252.0,20.0,72.0,13.0,0.0,5.0,100.0,27.0,0,2,3.0,1.0,9.0,0,1.0,30.0,9.0,0.286,0.312,0.397,0.7090000000000001,54.0,0.11100000000000004,0.026000000000000023,0.423,3.3834586466165413,11.278195488721805,0.3,0.3073394495412844,0.23965,444.33333333333337,0.15476190476190477,0.5925925925925926,0.286,72.0,5.0,27.0,84.0,266.0,252.0,54.0,13.0,0.0,20.0,0.312,0.397,9.0,0,1.0,,100.0,0,2,3.0,1.0,,31.03448275862069,29.58
1989,CL,東京ヤクルトスワローズ,71573846,渋井　敬一,K.Shibui,82.0,72.0,65.0,8.0,20.0,4.0,0.0,1.0,27.0,1.0,0.0,0,4.0,0.0,3.0,0,0.0,11.0,2.0,0.308,0.338,0.415,0.753,15.0,0.10699999999999998,0.030000000000000027,0.445,4.166666666666666,15.277777777777779,0.2727272727272727,0.3584905660377358,0.25585,476.33333333333337,0.15384615384615385,0.6382978723404256,0.308,20.0,1.0,1.0,82.0,72.0,65.0,15.0,4.0,0.0,8.0,0.338,0.415,3.0,0,0.0,,27.0,0.0,0,4.0,0.0,,9.132352941176471,8.399999999999999
1989,CL,横浜DeNAベイスターズ,71573866,清水　義之,Y.Shimizu,28.0,63.0,56.0,5.0,13.0,2.0,0.0,1.0,18.0,3.0,0,1,3.0,1.0,2.0,0,1.0,17.0,1.0,0.232,0.267,0.321,0.5880000000000001,10.0,0.089,0.035,0.356,3.1746031746031744,26.984126984126984,0.11764705882352941,0.3076923076923077,0.20040000000000002,374.0,0.14285714285714285,0.5,0.232,13.0,1.0,3.0,28.0,63.0,56.0,10.0,2.0,0.0,5.0,0.267,0.321,2.0,0,1.0,,18.0,0,1,3.0,1.0,,4.655172413793103,4.8359999999999985
1989,CL,東京ヤクルトスワローズ,71573869,栗山　英樹,H.Kuriyama,125.0,484.0,420.0,49.0,107.0,18.0,3.0,2.0,137.0,26.0,4.0,4,37.0,4.0,17.0,0,6.0,34.0,5.0,0.255,0.291,0.326,0.617,84.0,0.07100000000000001,0.035999999999999976,0.362,3.512396694214876,7.024793388429752,0.5,0.2706185567010309,0.21244999999999997,399.6666666666667,0.12142857142857143,0.5157232704402516,0.255,107.0,2.0,26.0,125.0,484.0,420.0,84.0,18.0,3.0,49.0,0.291,0.326,17.0,0,6.0,,137.0,4.0,4,37.0,4.0,,38.87414187643021,38.596
1989,CL,読売ジャイアンツ,71773844,中畑　清,K.Nakahata,49.0,128.0,113.0,8.0,25.0,6.0,0.0,2.0,37.0,6.0,0,2,2.0,0.0,12.0,0,1.0,24.0,2.0,0.221,0.302,0.327,0.629,17.0,0.10600000000000001,0.08099999999999999,0.408,9.375,18.75,0.5,0.26436781609195403,0.21765,411.0,0.23008849557522124,0.5777777777777777,0.221,25.0,2.0,6.0,49.0,128.0,113.0,17.0,6.0,0.0,8.0,0.302,0.327,12.0,0,1.0,,37.0,0,2,2.0,0.0,,10.952,11.725999999999997
1989,CL,阪神タイガース,71773849,佐野　仙好,N.Sano,19.0,24.0,23.0,0.0,4.0,0.0,0.0,0.0,4.0,0.0,0.0,0,0.0,0.0,1.0,0,0.0,1.0,0.0,0.174,0.208,0.174,0.382,4.0,0.0,0.034,0.208,4.166666666666666,4.166666666666666,1.0,0.18181818181818182,0.1371,266.0,0.043478260869565216,0.2631578947368421,0.174,4.0,0.0,0.0,19.0,24.0,23.0,4.0,0.0,0.0,0.0,0.208,0.174,1.0,0,0.0,,4.0,0.0,0,0.0,0.0,,0.8333333333333334,0.46799999999999997
1989,CL,阪神タイガース,71773860,嶋田　宗彦,M.Shimada,30.0,33.0,29.0,1.0,5.0,1.0,0.0,0.0,6.0,1.0,0.0,0,2.0,0.0,2.0,0,0.0,6.0,0.0,0.172,0.226,0.207,0.433,4.0,0.035,0.05400000000000002,0.261,6.0606060606060606,18.181818181818183,0.3333333333333333,0.21739130434782608,0.15345,295.0,0.10344827586206896,0.3333333333333333,0.172,5.0,0.0,1.0,30.0,33.0,29.0,4.0,1.0,0.0,1.0,0.226,0.207,2.0,0,0.0,,6.0,0.0,0,2.0,0.0,,1.3548387096774193,1.0279999999999996
1989,CL,中日ドラゴンズ,71773861,鈴木　康友,Y.Suzuki,80.0,119.0,100.0,15.0,22.0,4.0,0.0,0.0,26.0,9.0,3.0,3,10.0,2.0,7.0,0,0.0,23.0,0.0,0.22,0.266,0.26,0.526,18.0,0.04000000000000001,0.04600000000000001,0.306,5.88235294117647,19.327731092436977,0.30434782608695654,0.27848101265822783,0.18470000000000003,352.6666666666667,0.14,0.46153846153846156,0.22,22.0,0.0,9.0,80.0,119.0,100.0,18.0,4.0,0.0,15.0,0.266,0.26,7.0,0,0.0,,26.0,3.0,3,10.0,2.0,,7.046728971962617,7.086
1989,CL,東京ヤクルトスワローズ,71773864,土橋　勝征,K.Dobashi,9.0,14.0,12.0,0.0,1.0,0.0,0.0,0.0,1.0,0.0,0.0,0,0.0,0.0,2.0,0,0.0,5.0,0.0,0.083,0.214,0.083,0.297,1.0,0.0,0.131,0.214,14.285714285714285,35.714285714285715,0.4,0.14285714285714285,0.11705,241.66666666666666,0.16666666666666666,0.2727272727272727,0.083,1.0,0.0,0.0,9.0,14.0,12.0,1.0,0.0,0.0,0.0,0.214,0.083,2.0,0,0.0,,1.0,0.0,0,0.0,0.0,,0.21428571428571427,0.08200000000000007
1989,CL,広島東洋カープ,71773866,松林　和雄,K.Matsubayashi,20.0,11.0,10.0,6.0,2.0,0.0,1.0,1.0,7.0,1.0,3,1,1.0,0.0,0.0,0,0.0,5.0,0.0,0.2,0.2,0.7,0.8999999999999999,0.0,0.49999999999999994,0.0,0.7,0.0,45.45454545454545,0.0,0.25,0.265,433.33333333333337,0.6,1.0,0.2,2.0,1.0,1.0,20.0,11.0,10.0,0.0,0.0,1.0,6.0,0.2,0.7,0.0,0,0.0,,7.0,3,1,1.0,0.0,,1.4,1.8760000000000001
1989,CL,横浜DeNAベイスターズ,71973860,高橋　眞裕,M.Takahashi,86.0,305.0,268.0,25.0,60.0,14.0,0.0,2.0,80.0,27.0,5,4,2.0,3.0,30.0,0,2.0,47.0,4.0,0.224,0.304,0.299,0.603,44.0,0.07499999999999998,0.07999999999999999,0.379,9.836065573770492,15.40983606557377,0.6382978723404256,0.26126126126126126,0.21155000000000002,403.6666666666667,0.20149253731343283,0.5471698113207547,0.224,60.0,2.0,27.0,86.0,305.0,268.0,44.0,14.0,0.0,25.0,0.304,0.299,30.0,0,2.0,,80.0,5,4,2.0,3.0,,24.161073825503355,25.856
1989,CL,阪神タイガース,71973865,平田　勝男,K.Hirata,89.0,119.0,102.0,7.0,14.0,3.0,1.0,0.0,19.0,6.0,1,0,9.0,1.0,6.0,0,1.0,9.0,3.0,0.137,0.191,0.186,0.377,10.0,0.04899999999999999,0.05399999999999999,0.24,5.042016806722689,7.563025210084033,0.6666666666666666,0.14893617021276595,0.13245,253.0,0.10784313725490197,0.2857142857142857,0.137,14.0,0.0,6.0,89.0,119.0,102.0,10.0,3.0,1.0,7.0,0.191,0.186,6.0,0,1.0,,19.0,1,0,9.0,1.0,,3.5185185185185186,1.8859999999999992
1989,CL,東京ヤクルトスワローズ,71973867,高仁　秀治,H.Takani,17.0,13.0,12.0,1.0,2.0,0.0,0.0,0.0,2.0,0.0,0,1,0.0,0.0,1.0,0,0.0,1.0,0.0,0.167,0.231,0.167,0.398,2.0,0.0,0.064,0.231,7.6923076923076925,7.6923076923076925,1.0,0.18181818181818182,0.1457,286.6666666666667,0.16666666666666666,0.4,0.167,2.0,0.0,0.0,17.0,13.0,12.0,2.0,0.0,0.0,1.0,0.231,0.167,1.0,0,0.0,,2.0,0,1,0.0,0.0,,0.46153846153846156,0.53
1989,CL,阪神タイガース,73173868,服部　裕昭,H.Hattori,4.0,0.0,0.0,0.0,0.0,0.0,0.0,0.0,0.0,0.0,0.0,0,0.0,0.0,0.0,0,0.0,0.0,0.0,,,,0.0,0.0,0.0,0.0,,nan,nan,nan,nan,0.0,0.0,nan,nan,,0.0,0.0,0.0,4.0,0.0,0.0,0.0,0.0,0.0,0.0,,,0.0,0,0.0,,0.0,0.0,0,0.0,0.0,,nan,0.0
1989,CL,阪神タイガース,73373868,岩田　徹,T.Iwata,25.0,23.0,23.0,0.0,1.0,0.0,0.0,0.0,1.0,0.0,0.0,0,0.0,0.0,0.0,0,0.0,7.0,0.0,0.043,0.043,0.043,0.086,1.0,0.0,0.0,0.043,0.0,30.434782608695656,0.0,0.0625,0.0301,57.33333333333333,0.0,0.045454545454545456,0.043,1.0,0.0,0.0,25.0,23.0,23.0,1.0,0.0,0.0,0.0,0.043,0.043,0.0,0,0.0,,1.0,0.0,0,0.0,0.0,,0.043478260869565216,-1.6560000000000001
1989,CL,横浜DeNAベイスターズ,75573868,田辺　学,M.Tanabe,25.0,7.0,6.0,1.0,2.0,1.0,0.0,0.0,3.0,0.0,0.0,0,1.0,0.0,0.0,0,0.0,3.0,0.0,0.333,0.333,0.5,0.833,1.0,0.16699999999999998,0.0,0.5,0.0,42.857142857142854,0.0,0.6666666666666666,0.27485000000000004,499.6666666666667,0.16666666666666666,0.75,0.333,2.0,0.0,0.0,25.0,7.0,6.0,1.0,1.0,0.0,1.0,0.333,0.5,0.0,0,0.0,,3.0,0.0,0,1.0,0.0,,1.0,0.828
1989,CL,横浜DeNAベイスターズ,81183846,遠藤　一彦,K.Endou,21.0,29.0,26.0,1.0,5.0,1.0,0.0,0.0,6.0,1.0,0.0,0,3.0,0.0,0.0,0,0.0,12.0,0.0,0.192,0.192,0.231,0.42300000000000004,4.0,0.03900000000000001,0.0,0.231,0.0,41.37931034482759,0.0,0.35714285714285715,0.14415,269.0,0.038461538461538464,0.2857142857142857,0.192,5.0,0.0,1.0,21.0,29.0,26.0,4.0,1.0,0.0,1.0,0.192,0.231,0.0,0,0.0,,6.0,0.0,0,3.0,0.0,,1.1538461538461537,0.6619999999999995
1989,CL,中日ドラゴンズ,81183848,落合　博満,H.Ochiai,130.0,559.0,476.0,78.0,153.0,23.0,1.0,40.0,298.0,116.0,4,3,1.0,6.0,75.0,0,1.0,69.0,11.0,0.321,0.41,0.626,1.036,89.0,0.305,0.08899999999999997,0.715,13.416815742397137,12.343470483005367,1.0869565217391304,0.30294906166219837,0.34099999999999997,618.6666666666667,0.4684873949579832,1.1287425149700598,0.321,153.0,40.0,116.0,130.0,559.0,476.0,89.0,23.0,1.0,78.0,0.41,0.626,75.0,0,1.0,,298.0,4,3,1.0,6.0,,123.3103448275862,113.666
1989,CL,広島東洋カープ,81183865,小川　達明,T.Ogawa,71.0,91.0,75.0,9.0,19.0,1.0,0.0,1.0,23.0,10.0,0.0,0,3.0,1.0,11.0,0,1.0,12.0,4.0,0.253,0.352,0.307,0.659,17.0,0.05399999999999999,0.09899999999999998,0.4059999999999999,12.087912087912088,13.186813186813188,0.9166666666666666,0.2857142857142857,0.23514999999999997,454.3333333333333,0.2,0.5833333333333334,0.253,19.0,1.0,10.0,71.0,91.0,75.0,17.0,1.0,0.0,9.0,0.352,0.307,11.0,0,1.0,,23.0,0.0,0,3.0,1.0,,8.023255813953488,9.132000000000001
1989,CL,東京ヤクルトスワローズ,81183869,池山　隆寛,T.Ikeyama,130.0,540.0,484.0,80.0,128.0,13.0,2.0,34.0,247.0,74.0,6,3,6.0,2.0,47.0,0,1.0,141.0,7.0,0.264,0.33,0.51,0.8400000000000001,79.0,0.246,0.066,0.5760000000000001,8.703703703703704,26.111111111111114,0.3333333333333333,0.3022508038585209,0.276,500.0,0.34917355371900827,0.8209366391184573,0.264,128.0,34.0,74.0,130.0,540.0,484.0,79.0,13.0,2.0,80.0,0.33,0.51,47.0,0,1.0,,247.0,6,3,6.0,2.0,,81.4030131826742,81.39200000000002
1989,CL,横浜DeNAベイスターズ,81283867,堀場　英孝,H.Horiba,6.0,6.0,6.0,0.0,1.0,0.0,0.0,0.0,1.0,0.0,0.0,0,0.0,0.0,0.0,0,0.0,1.0,0.0,0.167,0.167,0.167,0.334,1.0,0.0,0.0,0.167,0.0,16.666666666666664,0.0,0.2,0.1169,222.66666666666669,0.0,0.2,0.167,1.0,0.0,0.0,6.0,6.0,6.0,1.0,0.0,0.0,0.0,0.167,0.167,0.0,0,0.0,,1.0,0.0,0,0.0,0.0,,0.16666666666666666,0.010000000000000009
1989,CL,読売ジャイアンツ,81283869,村田　真一,S.Murata,12.0,31.0,29.0,1.0,4.0,0.0,0.0,1.0,7.0,5.0,0.0,0,1.0,0.0,1.0,0,0.0,10.0,1.0,0.138,0.167,0.241,0.40800000000000003,3.0,0.10299999999999998,0.028999999999999998,0.27,3.225806451612903,32.25806451612903,0.1,0.16666666666666666,0.13540000000000002,247.33333333333334,0.13793103448275862,0.3076923076923077,0.138,4.0,1.0,5.0,12.0,31.0,29.0,3.0,0.0,0.0,1.0,0.167,0.241,1.0,0,0.0,,7.0,0.0,0,1.0,0.0,,1.1666666666666667,0.8199999999999998
1989,CL,読売ジャイアンツ,81383844,篠塚　和典,K.Shinozuka,119.0,494.0,461.0,59.0,134.0,28.0,4.0,4.0,182.0,38.0,5,4,9.0,2.0,20.0,0,2.0,38.0,9.0,0.291,0.322,0.395,0.7170000000000001,98.0,0.10400000000000004,0.031000000000000028,0.426,4.048582995951417,7.6923076923076925,0.5263157894736842,0.3087885985748218,0.24365,453.6666666666667,0.1561822125813449,0.6190476190476191,0.291,134.0,4.0,38.0,119.0,494.0,461.0,98.0,28.0,4.0,59.0,0.322,0.395,20.0,0,2.0,,182.0,5,4,9.0,2.0,,58.270270270270274,55.014
1989,CL,横浜DeNAベイスターズ,81383861,木田　勇,I.Kida,4.0,0.0,0.0,0.0,0.0,0.0,0.0,0.0,0.0,0.0,0.0,0,0.0,0.0,0.0,0,0.0,0.0,0.0,,,,0.0,0.0,0.0,0.0,,nan,nan,nan,nan,0.0,0.0,nan,nan,,0.0,0.0,0.0,4.0,0.0,0.0,0.0,0.0,0.0,0.0,,,0.0,0,0.0,,0.0,0.0,0,0.0,0.0,,nan,0.0
1989,CL,中日ドラゴンズ,81383863,郭　源治,G.Kaku,42.0,11.0,10.0,1.0,1.0,0.0,0.0,0.0,1.0,1.0,0.0,0,1.0,0.0,0.0,0,0.0,1.0,1.0,0.1,0.1,0.1,0.2,1.0,0.0,0.0,0.1,0.0,9.090909090909092,0.0,0.1111111111111111,0.07,133.33333333333334,0.0,0.1,0.1,1.0,0.0,1.0,42.0,11.0,10.0,1.0,0.0,0.0,1.0,0.1,0.1,0.0,0,0.0,,1.0,0.0,0,1.0,0.0,,0.1,-0.382
1989,CL,横浜DeNAベイスターズ,81383865,河野　誉彦,Y.Kawano,36.0,92.0,87.0,9.0,23.0,3.0,1.0,3.0,37.0,15.0,1,0,1.0,1.0,3.0,0,0.0,18.0,2.0,0.264,0.286,0.425,0.711,16.0,0.16099999999999998,0.021999999999999964,0.4469999999999999,3.260869565217391,19.565217391304348,0.16666666666666666,0.29850746268656714,0.23495,427.66666666666663,0.19540229885057472,0.6060606060606061,0.264,23.0,3.0,15.0,36.0,92.0,87.0,16.0,3.0,1.0,9.0,0.286,0.425,3.0,0,0.0,,37.0,1,0,1.0,1.0,,10.688888888888888,10.237999999999998
1989,CL,東京ヤクルトスワローズ,81383866,橋上　秀樹,H.Hashigami,42.0,54.0,52.0,10.0,18.0,1.0,1.0,1.0,24.0,4.0,4,2,1.0,0.0,1.0,0,0.0,8.0,1.0,0.346,0.358,0.462,0.8200000000000001,15.0,0.11600000000000005,0.01200000000000001,0.474,1.8518518518518516,14.814814814814813,0.125,0.3953488372093023,0.2766,512.0,0.17307692307692307,0.7714285714285715,0.346,18.0,1.0,4.0,42.0,54.0,52.0,15.0,1.0,1.0,10.0,0.358,0.462,1.0,0,0.0,,24.0,4,2,1.0,0.0,,8.60377358490566,8.058
1989,CL,広島東洋カープ,81583846,達川　光男,M.Tatsukawa,109.0,331.0,277.0,22.0,63.0,8.0,0.0,4.0,83.0,22.0,1,2,14.0,1.0,33.0,0,6.0,36.0,9.0,0.227,0.322,0.3,0.622,51.0,0.07299999999999998,0.095,0.395,9.969788519637463,10.876132930513595,0.9166666666666666,0.24789915966386555,0.21989999999999998,422.0,0.19855595667870035,0.5560538116591929,0.227,63.0,4.0,22.0,109.0,331.0,277.0,51.0,8.0,0.0,22.0,0.322,0.3,33.0,0,6.0,,83.0,1,2,14.0,1.0,,25.703225806451613,29.278
1989,CL,広島東洋カープ,81583866,緒方　孝市,K.Ogata,2.0,0.0,0.0,1.0,0.0,0.0,0.0,0.0,0.0,0.0,1,0,0.0,0.0,0.0,0,0.0,0.0,0.0,,,,0.0,0.0,0.0,0.0,,nan,nan,nan,nan,0.0,0.0,nan,nan,,0.0,0.0,0.0,2.0,0.0,0.0,0.0,0.0,0.0,1.0,,,0.0,0,0.0,,0.0,1,0,0.0,0.0,,nan,0.0
1989,CL,読売ジャイアンツ,81583869,斎藤　雅樹,M.Saitou,31.0,98.0,86.0,7.0,15.0,6.0,0.0,0.0,21.0,5.0,0.0,0,8.0,0.0,4.0,0,0.0,36.0,1.0,0.174,0.211,0.244,0.45499999999999996,9.0,0.07,0.037000000000000005,0.281,4.081632653061225,36.734693877551024,0.1111111111111111,0.3,0.15594999999999998,292.3333333333333,0.11627906976744186,0.3472222222222222,0.174,15.0,0.0,5.0,31.0,98.0,86.0,9.0,6.0,0.0,7.0,0.211,0.244,4.0,0,0.0,,21.0,0.0,0,8.0,0.0,,4.433333333333334,3.1820000000000004
1989,CL,読売ジャイアンツ,81783866,松原　靖,Y.Matsubara,4.0,3.0,2.0,0.0,0.0,0.0,0.0,0.0,0.0,0.0,0.0,0,1.0,0.0,0.0,0,0.0,1.0,0.0,0.0,0.0,0.0,0.0,0.0,0.0,0.0,0.0,0.0,33.33333333333333,0.0,0.0,0.0,0.0,0.0,0.0,0.0,0.0,0.0,0.0,4.0,3.0,2.0,0.0,0.0,0.0,0.0,0.0,0.0,0.0,0,0.0,,0.0,0.0,0,1.0,0.0,,0.0,-0.196
1989,CL,読売ジャイアンツ,81983864,福王　昭仁,A.Fukuou,35.0,56.0,51.0,5.0,10.0,2.0,0.0,0.0,12.0,4.0,0.0,0,0.0,0.0,5.0,0,0.0,6.0,2.0,0.196,0.268,0.235,0.503,8.0,0.03899999999999998,0.07200000000000001,0.307,8.928571428571429,10.714285714285714,0.8333333333333334,0.2222222222222222,0.17935,346.3333333333333,0.13725490196078433,0.3953488372093023,0.196,10.0,0.0,4.0,35.0,56.0,51.0,8.0,2.0,0.0,5.0,0.268,0.235,5.0,0,0.0,,12.0,0.0,0,0.0,0.0,,3.2142857142857144,3.072
1989,CL,阪神タイガース,83583868,高村　洋介,Y.Takamura,1.0,2.0,2.0,0.0,0.0,0.0,0.0,0.0,0.0,0.0,0.0,0,0.0,0.0,0.0,0,0.0,1.0,0.0,0.0,0.0,0.0,0.0,0.0,0.0,0.0,0.0,0.0,50.0,0.0,0.0,0.0,0.0,0.0,0.0,0.0,0.0,0.0,0.0,1.0,2.0,2.0,0.0,0.0,0.0,0.0,0.0,0.0,0.0,0,0.0,,0.0,0.0,0,0.0,0.0,,0.0,-0.196
1989,CL,広島東洋カープ,83983868,畝　辰実,T.Une,7.0,0.0,0.0,0.0,0.0,0.0,0.0,0.0,0.0,0.0,0.0,0,0.0,0.0,0.0,0,0.0,0.0,0.0,,,,0.0,0.0,0.0,0.0,,nan,nan,nan,nan,0.0,0.0,nan,nan,,0.0,0.0,0.0,7.0,0.0,0.0,0.0,0.0,0.0,0.0,,,0.0,0,0.0,,0.0,0.0,0,0.0,0.0,,nan,0.0
1989,CL,横浜DeNAベイスターズ,85583868,谷繁　元信,M.Tanishige,80.0,171.0,154.0,9.0,27.0,2.0,2.0,3.0,42.0,10.0,0.0,0,1.0,1.0,13.0,0,2.0,43.0,4.0,0.175,0.247,0.273,0.52,20.0,0.09800000000000003,0.07200000000000001,0.345,7.602339181286549,25.146198830409354,0.3023255813953488,0.22018348623853212,0.1794,338.0,0.18181818181818182,0.4351145038167939,0.175,27.0,3.0,10.0,80.0,171.0,154.0,20.0,2.0,2.0,9.0,0.247,0.273,13.0,0,2.0,,42.0,0.0,0,1.0,1.0,,10.059880239520957,10.344
1989,CL,横浜DeNAベイスターズ,91093843,新浦　壽夫,H.Niura,30.0,64.0,59.0,4.0,8.0,1.0,0.0,0.0,9.0,5.0,0.0,0,4.0,0.0,1.0,0,0.0,19.0,1.0,0.136,0.15,0.153,0.303,7.0,0.016999999999999987,0.013999999999999985,0.1669999999999999,1.5625,29.6875,0.05263157894736842,0.2,0.10575000000000001,200.99999999999997,0.03389830508474576,0.19230769230769232,0.136,8.0,0.0,5.0,30.0,64.0,59.0,7.0,1.0,0.0,4.0,0.15,0.153,1.0,0,0.0,,9.0,0.0,0,4.0,0.0,,1.35,-0.4480000000000004
1989,CL,東京ヤクルトスワローズ,91093849,水谷　新太郎,S.Mizutani,28.0,33.0,30.0,3.0,5.0,1.0,0.0,1.0,9.0,2.0,0.0,0,3.0,0.0,0.0,0,0.0,6.0,1.0,0.167,0.167,0.3,0.46699999999999997,3.0,0.13299999999999998,0.0,0.3,0.0,18.181818181818183,0.0,0.17391304347826086,0.15015,267.0,0.13333333333333333,0.34615384615384615,0.167,5.0,1.0,2.0,28.0,33.0,30.0,3.0,1.0,0.0,3.0,0.167,0.3,0.0,0,0.0,,9.0,0.0,0,3.0,0.0,,1.5,1.2099999999999995
1989,CL,広島東洋カープ,91093867,西田　真二,S.Nishida,82.0,224.0,200.0,17.0,71.0,14.0,0.0,9.0,112.0,27.0,2,3,0.0,0.0,23.0,0,1.0,40.0,4.0,0.355,0.424,0.56,0.984,48.0,0.20500000000000007,0.069,0.629,10.267857142857142,17.857142857142858,0.575,0.4105960264900662,0.3308,610.6666666666667,0.335,1.0451127819548873,0.355,71.0,9.0,27.0,82.0,224.0,200.0,48.0,14.0,0.0,17.0,0.424,0.56,23.0,0,1.0,,112.0,2,3,0.0,0.0,,47.210762331838566,42.858
1989,CL,中日ドラゴンズ,91093869,仁村　徹,T.Nimura,93.0,347.0,307.0,37.0,83.0,14.0,1.0,8.0,123.0,32.0,4,3,16.0,1.0,22.0,0,1.0,58.0,9.0,0.27,0.32,0.401,0.7210000000000001,60.0,0.131,0.04999999999999999,0.451,6.340057636887608,16.714697406340058,0.3793103448275862,0.30991735537190085,0.24425000000000002,453.6666666666667,0.21172638436482086,0.6394849785407726,0.27,83.0,8.0,32.0,93.0,347.0,307.0,60.0,14.0,1.0,37.0,0.32,0.401,22.0,0,1.0,,123.0,4,3,16.0,1.0,,39.255319148936174,38.818
1989,CL,広島東洋カープ,91193844,大野　豊,Y.Oono,19.0,53.0,47.0,2.0,10.0,1.0,1.0,0.0,13.0,1.0,0.0,0,4.0,0.0,2.0,0,0.0,13.0,0.0,0.213,0.245,0.277,0.522,8.0,0.06400000000000003,0.032,0.309,3.7735849056603774,24.528301886792452,0.15384615384615385,0.29411764705882354,0.1795,337.3333333333333,0.10638297872340426,0.40540540540540543,0.213,10.0,0.0,1.0,19.0,53.0,47.0,8.0,1.0,1.0,2.0,0.245,0.277,2.0,0,0.0,,13.0,0.0,0,4.0,0.0,,3.183673469387755,2.7939999999999996
1989,CL,東京ヤクルトスワローズ,91193862,伊東　昭光,A.Itou,22.0,37.0,33.0,1.0,6.0,0.0,1.0,0.0,8.0,1.0,0.0,0,3.0,0.0,1.0,0,0.0,11.0,1.0,0.182,0.206,0.242,0.44799999999999995,5.0,0.06,0.023999999999999994,0.266,2.7027027027027026,29.72972972972973,0.09090909090909091,0.2727272727272727,0.1532,286.66666666666663,0.09090909090909091,0.32142857142857145,0.182,6.0,0.0,1.0,22.0,37.0,33.0,5.0,0.0,1.0,1.0,0.206,0.242,1.0,0,0.0,,8.0,0.0,0,3.0,0.0,,1.6470588235294117,1.2240000000000002
1989,CL,中日ドラゴンズ,91193866,小森　哲也,T.Komori,56.0,144.0,125.0,13.0,30.0,5.0,1.0,0.0,37.0,5.0,7,5,11.0,0.0,7.0,0,1.0,14.0,0.0,0.24,0.286,0.296,0.582,24.0,0.055999999999999994,0.045999999999999985,0.3419999999999999,4.861111111111112,9.722222222222223,0.5,0.2702702702702703,0.2027,384.66666666666663,0.152,0.5263157894736842,0.24,30.0,0.0,5.0,56.0,144.0,125.0,24.0,5.0,1.0,13.0,0.286,0.296,7.0,0,1.0,,37.0,7,5,11.0,0.0,,10.371212121212121,10.87
1989,CL,中日ドラゴンズ,91293862,三浦　将明,M.Miura,5.0,1.0,1.0,0.0,0.0,0.0,0.0,0.0,0.0,0.0,0.0,0,0.0,0.0,0.0,0,0.0,0.0,0.0,0.0,0.0,0.0,0.0,0.0,0.0,0.0,0.0,0.0,0.0,nan,0.0,0.0,0.0,0.0,0.0,0.0,0.0,0.0,0.0,5.0,1.0,1.0,0.0,0.0,0.0,0.0,0.0,0.0,0.0,0,0.0,,0.0,0.0,0,0.0,0.0,,0.0,-0.098
1989,CL,東京ヤクルトスワローズ,91293864,山田　勉,T.Yamada,3.0,0.0,0.0,0.0,0.0,0.0,0.0,0.0,0.0,0.0,0.0,0,0.0,0.0,0.0,0,0.0,0.0,0.0,,,,0.0,0.0,0.0,0.0,,nan,nan,nan,nan,0.0,0.0,nan,nan,,0.0,0.0,0.0,3.0,0.0,0.0,0.0,0.0,0.0,0.0,,,0.0,0,0.0,,0.0,0.0,0,0.0,0.0,,nan,0.0
1989,CL,広島東洋カープ,91393842,北別府　学,M.Kitabeppu,23.0,39.0,33.0,3.0,8.0,2.0,0.0,0.0,10.0,5.0,0.0,0,3.0,0.0,3.0,0,0.0,12.0,0.0,0.242,0.306,0.303,0.609,6.0,0.061,0.064,0.367,7.6923076923076925,30.76923076923077,0.25,0.38095238095238093,0.21344999999999997,407.0,0.15151515151515152,0.52,0.242,8.0,0.0,5.0,23.0,39.0,33.0,6.0,2.0,0.0,3.0,0.306,0.303,3.0,0,0.0,,10.0,0.0,0,3.0,0.0,,3.0555555555555554,2.9799999999999995
1989,CL,横浜DeNAベイスターズ,91393845,片平　晋作,S.Katahira,38.0,41.0,40.0,5.0,10.0,4.0,0.0,1.0,17.0,6.0,0.0,0,0.0,0.0,1.0,0,0.0,7.0,2.0,0.25,0.268,0.425,0.6930000000000001,5.0,0.175,0.018000000000000016,0.443,2.4390243902439024,17.073170731707318,0.14285714285714285,0.28125,0.22685,409.6666666666667,0.2,0.5625,0.25,10.0,1.0,6.0,38.0,41.0,40.0,5.0,4.0,0.0,5.0,0.268,0.425,1.0,0,0.0,,17.0,0.0,0,0.0,0.0,,4.560975609756097,4.210000000000001
1989,CL,中日ドラゴンズ,91393863,小野　和幸,K.Ono,21.0,21.0,17.0,2.0,3.0,1.0,0.0,0.0,4.0,3.0,0.0,0,2.0,0.0,2.0,0,0.0,6.0,0.0,0.176,0.263,0.235,0.498,2.0,0.059,0.08700000000000002,0.322,9.523809523809524,28.57142857142857,0.3333333333333333,0.2727272727272727,0.1771,341.3333333333333,0.17647058823529413,0.42857142857142855,0.176,3.0,0.0,3.0,21.0,21.0,17.0,2.0,1.0,0.0,2.0,0.263,0.235,2.0,0,0.0,,4.0,0.0,0,2.0,0.0,,1.0526315789473684,1.0079999999999998
1989,CL,阪神タイガース,91393864,M.キーオ,M.Keough,29.0,77.0,67.0,2.0,12.0,4.0,2.0,1.0,23.0,10.0,0.0,0,9.0,0.0,1.0,0,0.0,33.0,0.0,0.179,0.191,0.343,0.534,5.0,0.16400000000000003,0.01200000000000001,0.355,1.2987012987012987,42.857142857142854,0.030303030303030304,0.3333333333333333,0.17170000000000002,305.33333333333337,0.1791044776119403,0.43636363636363634,0.179,12.0,1.0,10.0,29.0,77.0,67.0,5.0,4.0,2.0,2.0,0.191,0.343,1.0,0,0.0,,23.0,0.0,0,9.0,0.0,,4.397058823529412,3.84
1989,CL,横浜DeNAベイスターズ,91593842,田代　富雄,T.Tashiro,55.0,115.0,106.0,7.0,25.0,4.0,0.0,0.0,29.0,5.0,1,0,2.0,1.0,6.0,0,0.0,21.0,4.0,0.236,0.274,0.274,0.548,21.0,0.038000000000000034,0.038000000000000034,0.312,5.217391304347826,18.26086956521739,0.2857142857142857,0.29069767441860467,0.19180000000000003,365.33333333333337,0.09433962264150944,0.4117647058823529,0.236,25.0,0.0,5.0,55.0,115.0,106.0,21.0,4.0,0.0,7.0,0.274,0.274,6.0,0,0.0,,29.0,1,0,2.0,1.0,,8.026785714285714,7.421999999999999
1989,CL,読売ジャイアンツ,91593846,角　盈男,M.Sumi,1.0,0.0,0.0,0.0,0.0,0.0,0.0,0.0,0.0,0.0,0.0,0,0.0,0.0,0.0,0,0.0,0.0,0.0,,,,0.0,0.0,0.0,0.0,,nan,nan,nan,nan,0.0,0.0,nan,nan,,0.0,0.0,0.0,1.0,0.0,0.0,0.0,0.0,0.0,0.0,,,0.0,0,0.0,,0.0,0.0,0,0.0,0.0,,nan,0.0
1989,CL,中日ドラゴンズ,91593862,斉藤　学,M.Saitou,8.0,1.0,0.0,0.0,0.0,0.0,0.0,0.0,0.0,0.0,0.0,0,1.0,0.0,0.0,0,0.0,0.0,0.0,,,,0.0,0.0,0.0,0.0,,0.0,0.0,nan,nan,0.0,0.0,nan,nan,,0.0,0.0,0.0,8.0,1.0,0.0,0.0,0.0,0.0,0.0,,,0.0,0,0.0,,0.0,0.0,0,1.0,0.0,,nan,0.0
1989,CL,中日ドラゴンズ,91593865,斉藤　浩行,H.Saitou,58.0,142.0,123.0,16.0,30.0,3.0,0.0,6.0,51.0,17.0,1.0,1,4.0,1.0,13.0,0,1.0,29.0,2.0,0.244,0.319,0.415,0.734,21.0,0.17099999999999999,0.07500000000000001,0.49,9.15492957746479,20.422535211267608,0.4482758620689655,0.2696629213483146,0.24730000000000002,457.33333333333337,0.2845528455284553,0.6947368421052632,0.244,30.0,6.0,17.0,58.0,142.0,123.0,21.0,3.0,0.0,16.0,0.319,0.415,13.0,0,1.0,,51.0,1.0,1,4.0,1.0,,16.125,16.986
1989,CL,横浜DeNAベイスターズ,91593866,進藤　達哉,T.Shindou,56.0,91.0,83.0,8.0,20.0,4.0,2.0,2.0,34.0,9.0,0.0,0,3.0,0.0,4.0,0,0.0,24.0,0.0,0.241,0.276,0.41,0.6859999999999999,12.0,0.16899999999999998,0.03500000000000003,0.445,4.395604395604396,26.373626373626376,0.16666666666666666,0.3157894736842105,0.2267,412.6666666666667,0.21686746987951808,0.6031746031746031,0.241,20.0,2.0,9.0,56.0,91.0,83.0,12.0,4.0,2.0,8.0,0.276,0.41,4.0,0,0.0,,34.0,0.0,0,3.0,0.0,,9.379310344827585,8.986
1989,CL,中日ドラゴンズ,91793842,西本　聖,T.Nishimoto,30.0,96.0,83.0,5.0,10.0,3.0,0.0,1.0,16.0,6.0,0.0,0,10.0,2.0,1.0,0,0.0,32.0,0.0,0.12,0.128,0.193,0.321,6.0,0.07300000000000001,0.008000000000000007,0.201,1.0416666666666665,33.33333333333333,0.03125,0.17307692307692307,0.10585,192.33333333333334,0.08433734939759036,0.2328767123287671,0.12,10.0,1.0,6.0,30.0,96.0,83.0,6.0,3.0,0.0,5.0,0.128,0.193,1.0,0,0.0,,16.0,0.0,0,10.0,2.0,,2.0952380952380953,-0.2240000000000002
1989,CL,広島東洋カープ,91793860,正田　耕三,K.Shouda,128.0,578.0,498.0,74.0,161.0,19.0,7.0,1.0,197.0,25.0,34,18,23.0,3.0,50.0,0,4.0,58.0,11.0,0.323,0.387,0.396,0.783,134.0,0.07300000000000001,0.064,0.46,8.650519031141869,10.034602076124568,0.8620689655172413,0.36199095022624433,0.27315,519.0,0.20883534136546184,0.7729885057471264,0.323,161.0,1.0,25.0,128.0,578.0,498.0,134.0,19.0,7.0,74.0,0.387,0.396,50.0,0,4.0,,197.0,34,18,23.0,3.0,,75.85218978102189,77.434
1989,CL,横浜DeNAベイスターズ,91793862,大門　和彦,K.Daimon,38.0,65.0,53.0,2.0,5.0,1.0,0.0,1.0,9.0,2.0,0.0,0,11.0,0.0,1.0,0,0.0,20.0,0.0,0.094,0.111,0.17,0.281,3.0,0.07600000000000001,0.017,0.187,1.5384615384615385,30.76923076923077,0.05,0.125,0.09245,167.66666666666669,0.09433962264150944,0.20833333333333334,0.094,5.0,1.0,2.0,38.0,65.0,53.0,3.0,1.0,0.0,2.0,0.111,0.17,1.0,0,0.0,,9.0,0.0,0,11.0,0.0,,1.0,-0.7140000000000009
1989,CL,中日ドラゴンズ,91793863,杉本　正,T.Sugimoto,23.0,11.0,10.0,0.0,1.0,0.0,0.0,0.0,1.0,1.0,0.0,0,1.0,0.0,0.0,0,0.0,0.0,0.0,0.1,0.1,0.1,0.2,1.0,0.0,0.0,0.1,0.0,0.0,nan,0.1,0.07,133.33333333333334,0.0,0.1111111111111111,0.1,1.0,0.0,1.0,23.0,11.0,10.0,1.0,0.0,0.0,0.0,0.1,0.1,0.0,0,0.0,,1.0,0.0,0,1.0,0.0,,0.1,-0.382
1989,CL,読売ジャイアンツ,91793866,B.ガリクソン,B.Gullickson,16.0,43.0,43.0,0.0,4.0,0.0,0.0,0.0,4.0,2.0,0.0,0,0.0,0.0,0.0,0,0.0,17.0,1.0,0.093,0.093,0.093,0.186,4.0,0.0,0.0,0.093,0.0,39.53488372093023,0.0,0.15384615384615385,0.06509999999999999,124.0,0.0,0.1,0.093,4.0,0.0,2.0,16.0,43.0,43.0,4.0,0.0,0.0,0.0,0.093,0.093,0.0,0,0.0,,4.0,0.0,0,0.0,0.0,,0.37209302325581395,-1.822
1989,CL,東京ヤクルトスワローズ,91793869,髙野　光,H.Takano,4.0,10.0,8.0,2.0,4.0,0.0,0.0,0.0,4.0,0.0,0.0,0,2.0,0.0,0.0,0,0.0,1.0,0.0,0.5,0.5,0.5,1.0,4.0,0.0,0.0,0.5,0.0,10.0,0.0,0.5714285714285714,0.35,666.6666666666666,0.0,1.0,0.5,4.0,0.0,0.0,4.0,10.0,8.0,4.0,0.0,0.0,2.0,0.5,0.5,0.0,0,0.0,,4.0,0.0,0,2.0,0.0,,2.0,1.608
1989,CL,横浜DeNAベイスターズ,91993862,中山　裕章,H.Nakayama,45.0,17.0,15.0,0.0,2.0,0.0,0.0,0.0,2.0,0.0,0.0,0,2.0,0.0,0.0,0,0.0,2.0,0.0,0.133,0.133,0.133,0.266,2.0,0.0,0.0,0.133,0.0,11.76470588235294,0.0,0.15384615384615385,0.09310000000000002,177.33333333333334,0.0,0.15384615384615385,0.133,2.0,0.0,0.0,45.0,17.0,15.0,2.0,0.0,0.0,0.0,0.133,0.133,0.0,0,0.0,,2.0,0.0,0,2.0,0.0,,0.26666666666666666,-0.274
1989,CL,阪神タイガース,93393868,山田　勝彦,K.Yamada,1.0,1.0,1.0,0.0,0.0,0.0,0.0,0.0,0.0,0.0,0.0,0,0.0,0.0,0.0,0,0.0,0.0,0.0,0.0,0.0,0.0,0.0,0.0,0.0,0.0,0.0,0.0,0.0,nan,0.0,0.0,0.0,0.0,0.0,0.0,0.0,0.0,0.0,1.0,1.0,1.0,0.0,0.0,0.0,0.0,0.0,0.0,0.0,0,0.0,,0.0,0.0,0,0.0,0.0,,0.0,-0.098
1989,CL,広島東洋カープ,93493868,本村　信吾,S.Motomura,15.0,2.0,1.0,3.0,0.0,0.0,0.0,0.0,0.0,0.0,0,2,0.0,0.0,1.0,0,0.0,0.0,0.0,0.0,0.5,0.0,0.5,0.0,0.0,0.5,0.5,50.0,0.0,nan,0.0,0.225,500.0,3.0,3.0,0.0,0.0,0.0,0.0,15.0,2.0,1.0,0.0,0.0,0.0,3.0,0.5,0.0,1.0,0,0.0,,0.0,0,2,0.0,0.0,,0.0,0.592
1989,CL,東京ヤクルトスワローズ,95293868,L.パリッシュ,L.Parrish,130.0,538.0,493.0,75.0,132.0,17.0,1.0,42.0,277.0,103.0,2,1,0.0,5.0,34.0,0,6.0,129.0,20.0,0.268,0.32,0.562,0.8820000000000001,72.0,0.29400000000000004,0.05199999999999999,0.6140000000000001,6.319702602230483,23.977695167286246,0.26356589147286824,0.27522935779816515,0.28450000000000003,507.3333333333334,0.36511156186612576,0.8346456692913385,0.268,132.0,42.0,103.0,130.0,538.0,493.0,72.0,17.0,1.0,75.0,0.32,0.562,34.0,0,6.0,,277.0,2,1,0.0,5.0,,87.25237191650854,87.762
1989,CL,東京ヤクルトスワローズ,97393868,R.デービス,R.Davis,36.0,3.0,3.0,1.0,1.0,1.0,0.0,0.0,2.0,0.0,0.0,0,0.0,0.0,0.0,0,0.0,1.0,0.0,0.333,0.333,0.667,1.0,0.0,0.334,0.0,0.667,0.0,33.33333333333333,0.0,0.5,0.3166,555.3333333333334,0.3333333333333333,1.0,0.333,1.0,0.0,0.0,36.0,3.0,3.0,0.0,1.0,0.0,1.0,0.333,0.667,0.0,0,0.0,,2.0,0.0,0,0.0,0.0,,0.6666666666666666,0.524
