year,league,team,player_id,player_name_ja,player_name_en,G,PA,AB,R,H,2B,3B,HR,TB,RBI,SB,CS,SH,SF,BB,IBB,HBP,SO,GDP,AVG,OBP,SLG,OPS,1B,IsoP,IsoD,IOPS,BB%,K%,BB/K,BABIP,GPA,NOI,SecA,TA,打率,安打,本塁打,打点,試合,打席,打数,単打,二塁打,三塁打,得点,出塁率,長打率,四球,敬遠,死球,三振,塁打,盗塁,盗塁死,犠打,犠飛,併殺打,RC,XR
2024,CL,中日ドラゴンズ,1005113,中島　宏之,H.Nakajima,15.0,15.0,13.0,0.0,0.0,0.0,0.0,0.0,0.0,1.0,0.0,0,0.0,0.0,0.0,0,2.0,7.0,1.0,0.0,0.133,0.0,0.133,0.0,0.0,0.133,0.133,0.0,46.666666666666664,0.0,0.0,0.05985000000000001,133.0,0.0,0.14285714285714285,0.0,0.0,0.0,1.0,15.0,15.0,13.0,0.0,0.0,0.0,0.0,0.133,0.0,0.0,0,2.0,,0.0,0.0,0,0.0,0.0,,0.0,-0.614
2024,CL,広島東洋カープ,1005134,高橋　昂也,K.Takahashi,1.0,0.0,0.0,0.0,0.0,0.0,0.0,0.0,0.0,0.0,0.0,0,0.0,0.0,0.0,0,0.0,0.0,0.0,,,,0.0,0.0,0.0,0.0,,nan,nan,nan,nan,0.0,0.0,nan,nan,,0.0,0.0,0.0,1.0,0.0,0.0,0.0,0.0,0.0,0.0,,,0.0,0,0.0,,0.0,0.0,0,0.0,0.0,,nan,0.0
2024,CL,読売ジャイアンツ,1005136,高橋　礼,R.Takahashi,11.0,13.0,13.0,1.0,2.0,0.0,0.0,0.0,2.0,0.0,0.0,0,0.0,0.0,0.0,0,0.0,5.0,0.0,0.154,0.154,0.154,0.308,2.0,0.0,0.0,0.154,0.0,38.46153846153847,0.0,0.25,0.1078,205.33333333333334,0.0,0.18181818181818182,0.154,2.0,0.0,0.0,11.0,13.0,13.0,2.0,0.0,0.0,1.0,0.154,0.154,0.0,0,0.0,,2.0,0.0,0,0.0,0.0,,0.3076923076923077,-0.07800000000000007
2024,CL,東京ヤクルトスワローズ,1005159,鈴木　叶,K.Suzuki,2.0,4.0,4.0,0.0,2.0,0.0,0.0,0.0,2.0,2.0,0.0,0,0.0,0.0,0.0,0,0.0,1.0,0.0,0.5,0.5,0.5,1.0,2.0,0.0,0.0,0.5,0.0,25.0,0.0,0.6666666666666666,0.35,666.6666666666666,0.0,1.0,0.5,2.0,0.0,2.0,2.0,4.0,4.0,2.0,0.0,0.0,0.0,0.5,0.5,0.0,0,0.0,,2.0,0.0,0,0.0,0.0,,1.0,0.804
2024,CL,横浜DeNAベイスターズ,11015151,坂本　裕哉,Y.Sakamoto,48.0,0.0,0.0,0.0,0.0,0.0,0.0,0.0,0.0,0.0,0.0,0,0.0,0.0,0.0,0,0.0,0.0,0.0,,,,0.0,0.0,0.0,0.0,,nan,nan,nan,nan,0.0,0.0,nan,nan,,0.0,0.0,0.0,48.0,0.0,0.0,0.0,0.0,0.0,0.0,,,0.0,0,0.0,,0.0,0.0,0,0.0,0.0,,nan,0.0
2024,CL,読売ジャイアンツ,1105138,泉　圭輔,K.Izumi,35.0,0.0,0.0,0.0,0.0,0.0,0.0,0.0,0.0,0.0,0.0,0,0.0,0.0,0.0,0,0.0,0.0,0.0,,,,0.0,0.0,0.0,0.0,,nan,nan,nan,nan,0.0,0.0,nan,nan,,0.0,0.0,0.0,35.0,0.0,0.0,0.0,0.0,0.0,0.0,,,0.0,0,0.0,,0.0,0.0,0,0.0,0.0,,nan,0.0
2024,CL,阪神タイガース,1105159,石黒　佑弥,Y.Ishiguro,3.0,0.0,0.0,0.0,0.0,0.0,0.0,0.0,0.0,0.0,0.0,0,0.0,0.0,0.0,0,0.0,0.0,0.0,,,,0.0,0.0,0.0,0.0,,nan,nan,nan,nan,0.0,0.0,nan,nan,,0.0,0.0,0.0,3.0,0.0,0.0,0.0,0.0,0.0,0.0,,,0.0,0,0.0,,0.0,0.0,0,0.0,0.0,,nan,0.0
2024,CL,東京ヤクルトスワローズ,11315115,石川　雅規,M.Ishikawa,9.0,12.0,9.0,0.0,1.0,0.0,0.0,0.0,1.0,0.0,0.0,0,3.0,0.0,0.0,0,0.0,4.0,0.0,0.111,0.111,0.111,0.222,1.0,0.0,0.0,0.111,0.0,33.33333333333333,0.0,0.2,0.0777,148.0,0.0,0.125,0.111,1.0,0.0,0.0,9.0,12.0,9.0,1.0,0.0,0.0,0.0,0.111,0.111,0.0,0,0.0,,1.0,0.0,0,3.0,0.0,,0.1111111111111111,-0.28400000000000003
2024,CL,横浜DeNAベイスターズ,11315130,石田　健大,K.Ishida,6.0,13.0,12.0,0.0,1.0,0.0,0.0,0.0,1.0,0.0,0.0,0,1.0,0.0,0.0,0,0.0,7.0,0.0,0.083,0.083,0.083,0.166,1.0,0.0,0.0,0.083,0.0,53.84615384615385,0.0,0.2,0.0581,110.66666666666667,0.0,0.09090909090909091,0.083,1.0,0.0,0.0,6.0,13.0,12.0,1.0,0.0,0.0,0.0,0.083,0.083,0.0,0,0.0,,1.0,0.0,0,1.0,0.0,,0.08333333333333333,-0.5780000000000001
2024,CL,阪神タイガース,11315138,漆原　大晟,T.Urushihara,38.0,0.0,0.0,0.0,0.0,0.0,0.0,0.0,0.0,0.0,0.0,0,0.0,0.0,0.0,0,0.0,0.0,0.0,,,,0.0,0.0,0.0,0.0,,nan,nan,nan,nan,0.0,0.0,nan,nan,,0.0,0.0,0.0,38.0,0.0,0.0,0.0,0.0,0.0,0.0,,,0.0,0,0.0,,0.0,0.0,0,0.0,0.0,,nan,0.0
2024,CL,広島東洋カープ,11415134,床田　寛樹,H.Tokoda,26.0,52.0,45.0,1.0,8.0,0.0,0.0,0.0,8.0,1.0,0.0,0,7.0,0.0,0.0,0,0.0,7.0,0.0,0.178,0.178,0.178,0.356,8.0,0.0,0.0,0.178,0.0,13.461538461538462,0.0,0.21052631578947367,0.1246,237.33333333333331,0.0,0.21621621621621623,0.178,8.0,0.0,1.0,26.0,52.0,45.0,8.0,0.0,0.0,1.0,0.178,0.178,0.0,0,0.0,,8.0,0.0,0,7.0,0.0,,1.4222222222222223,0.37399999999999967
2024,CL,読売ジャイアンツ,11515130,岡本　和真,K.Okamoto,143.0,611.0,535.0,70.0,150.0,37.0,0.0,27.0,268.0,83.0,1.0,1,0.0,5.0,66.0,0,5.0,97.0,5.0,0.28,0.362,0.501,0.863,86.0,0.22099999999999997,0.08199999999999996,0.583,10.801963993453354,15.875613747954173,0.6804123711340206,0.2956730769230769,0.28815,529.0,0.34579439252336447,0.8717948717948718,0.28,150.0,27.0,83.0,143.0,611.0,535.0,86.0,37.0,0.0,70.0,0.362,0.501,66.0,0,5.0,,268.0,1.0,1,0.0,5.0,,96.31946755407654,94.39999999999999
2024,CL,中日ドラゴンズ,11515133,大野　雄大,Y.Oono,9.0,15.0,12.0,1.0,1.0,0.0,0.0,0.0,1.0,1.0,0.0,0,2.0,0.0,1.0,0,0.0,7.0,0.0,0.083,0.154,0.083,0.237,1.0,0.0,0.071,0.154,6.666666666666667,46.666666666666664,0.14285714285714285,0.2,0.09005,181.66666666666666,0.08333333333333333,0.18181818181818182,0.083,1.0,0.0,1.0,9.0,15.0,12.0,1.0,0.0,0.0,1.0,0.154,0.083,1.0,0,0.0,,1.0,0.0,0,2.0,0.0,,0.15384615384615385,-0.248
2024,CL,東京ヤクルトスワローズ,11515137,小川　泰弘,Y.Ogawa,12.0,25.0,18.0,1.0,3.0,0.0,0.0,0.0,3.0,2.0,0.0,0,6.0,0.0,1.0,0,0.0,5.0,1.0,0.167,0.211,0.167,0.378,3.0,0.0,0.043999999999999984,0.211,4.0,20.0,0.2,0.23076923076923078,0.1367,266.6666666666667,0.05555555555555555,0.25,0.167,3.0,0.0,2.0,12.0,25.0,18.0,3.0,0.0,0.0,1.0,0.211,0.167,1.0,0,0.0,,3.0,0.0,0,6.0,0.0,,0.631578947368421,0.3600000000000001
2024,CL,阪神タイガース,11515155,岡留　英貴,H.Okadome,35.0,0.0,0.0,0.0,0.0,0.0,0.0,0.0,0.0,0.0,0.0,0,0.0,0.0,0.0,0,0.0,0.0,0.0,,,,0.0,0.0,0.0,0.0,,nan,nan,nan,nan,0.0,0.0,nan,nan,,0.0,0.0,0.0,35.0,0.0,0.0,0.0,0.0,0.0,0.0,,,0.0,0,0.0,,0.0,0.0,0,0.0,0.0,,nan,0.0
2024,CL,読売ジャイアンツ,11515157,門脇　誠,M.Kadowaki,129.0,405.0,350.0,29.0,85.0,9.0,1.0,0.0,96.0,21.0,9,3,16.0,0.0,37.0,0,2.0,63.0,3.0,0.243,0.319,0.274,0.593,75.0,0.031000000000000028,0.07600000000000001,0.35,9.135802469135802,15.555555555555555,0.5873015873015873,0.2961672473867596,0.21205000000000002,410.3333333333333,0.1457142857142857,0.5149253731343284,0.243,85.0,0.0,21.0,129.0,405.0,350.0,75.0,9.0,1.0,29.0,0.319,0.274,37.0,0,2.0,,96.0,9,3,16.0,0.0,,30.26356589147287,32.459999999999994
2024,CL,東京ヤクルトスワローズ,11615134,長谷川　宙輝,H.Hasegawa,19.0,1.0,1.0,0.0,0.0,0.0,0.0,0.0,0.0,0.0,0.0,0,0.0,0.0,0.0,0,0.0,1.0,0.0,0.0,0.0,0.0,0.0,0.0,0.0,0.0,0.0,0.0,100.0,0.0,nan,0.0,0.0,0.0,0.0,0.0,0.0,0.0,0.0,19.0,1.0,1.0,0.0,0.0,0.0,0.0,0.0,0.0,0.0,0,0.0,,0.0,0.0,0,0.0,0.0,,0.0,-0.098
2024,CL,東京ヤクルトスワローズ,11615157,橋本　星哉,S.Hashimoto,1.0,1.0,1.0,0.0,0.0,0.0,0.0,0.0,0.0,0.0,0.0,0,0.0,0.0,0.0,0,0.0,1.0,0.0,0.0,0.0,0.0,0.0,0.0,0.0,0.0,0.0,0.0,100.0,0.0,nan,0.0,0.0,0.0,0.0,0.0,0.0,0.0,0.0,1.0,1.0,1.0,0.0,0.0,0.0,0.0,0.0,0.0,0.0,0,0.0,,0.0,0.0,0,0.0,0.0,,0.0,-0.098
2024,CL,横浜DeNAベイスターズ,11715134,京山　将弥,M.Kyouyama,23.0,2.0,1.0,0.0,0.0,0.0,0.0,0.0,0.0,0.0,0.0,0,1.0,0.0,0.0,0,0.0,1.0,0.0,0.0,0.0,0.0,0.0,0.0,0.0,0.0,0.0,0.0,50.0,0.0,nan,0.0,0.0,0.0,0.0,0.0,0.0,0.0,0.0,23.0,2.0,1.0,0.0,0.0,0.0,0.0,0.0,0.0,0.0,0,0.0,,0.0,0.0,0,1.0,0.0,,0.0,-0.098
2024,CL,阪神タイガース,11715138,川原　陸,R.Kawahara,1.0,0.0,0.0,0.0,0.0,0.0,0.0,0.0,0.0,0.0,0.0,0,0.0,0.0,0.0,0,0.0,0.0,0.0,,,,0.0,0.0,0.0,0.0,,nan,nan,nan,nan,0.0,0.0,nan,nan,,0.0,0.0,0.0,1.0,0.0,0.0,0.0,0.0,0.0,0.0,,,0.0,0,0.0,,0.0,0.0,0,0.0,0.0,,nan,0.0
2024,CL,東京ヤクルトスワローズ,11815134,星　知弥,T.Hoshi,36.0,0.0,0.0,0.0,0.0,0.0,0.0,0.0,0.0,0.0,0.0,0,0.0,0.0,0.0,0,0.0,0.0,0.0,,,,0.0,0.0,0.0,0.0,,nan,nan,nan,nan,0.0,0.0,nan,nan,,0.0,0.0,0.0,36.0,0.0,0.0,0.0,0.0,0.0,0.0,,,0.0,0,0.0,,0.0,0.0,0,0.0,0.0,,nan,0.0
2024,CL,東京ヤクルトスワローズ,11815136,増田　珠,S.Masuda,52.0,102.0,92.0,8.0,19.0,4.0,0.0,2.0,29.0,6.0,0,1,4.0,0.0,5.0,0,1.0,22.0,2.0,0.207,0.255,0.315,0.5700000000000001,13.0,0.10800000000000001,0.048000000000000015,0.363,4.901960784313726,21.568627450980394,0.22727272727272727,0.25,0.1935,360.0,0.17391304347826086,0.48,0.207,19.0,2.0,6.0,52.0,102.0,92.0,13.0,4.0,0.0,8.0,0.255,0.315,5.0,0,1.0,,29.0,0,1,4.0,0.0,,7.175257731958763,7.265999999999998
2024,CL,中日ドラゴンズ,11915130,齋藤　綱記,K.Saitou,56.0,0.0,0.0,0.0,0.0,0.0,0.0,0.0,0.0,0.0,0.0,0,0.0,0.0,0.0,0,0.0,0.0,0.0,,,,0.0,0.0,0.0,0.0,,nan,nan,nan,nan,0.0,0.0,nan,nan,,0.0,0.0,0.0,56.0,0.0,0.0,0.0,0.0,0.0,0.0,,,0.0,0,0.0,,0.0,0.0,0,0.0,0.0,,nan,0.0
2024,CL,阪神タイガース,11915132,坂本　誠志郎,S.Sakamoto,64.0,218.0,193.0,11.0,43.0,3.0,0.0,0.0,46.0,12.0,0.0,0,10.0,1.0,12.0,0,2.0,38.0,6.0,0.223,0.274,0.238,0.512,40.0,0.014999999999999986,0.05100000000000002,0.289,5.5045871559633035,17.431192660550458,0.3157894736842105,0.27564102564102566,0.18280000000000002,353.3333333333333,0.07772020725388601,0.38461538461538464,0.223,43.0,0.0,12.0,64.0,218.0,193.0,40.0,3.0,0.0,11.0,0.274,0.238,12.0,0,2.0,,46.0,0.0,0,10.0,1.0,,12.341463414634147,12.08
2024,CL,広島東洋カープ,11915134,坂倉　将吾,S.Sakakura,121.0,462.0,427.0,43.0,119.0,19.0,1.0,12.0,176.0,44.0,3,2,1.0,2.0,31.0,0,1.0,80.0,7.0,0.279,0.328,0.412,0.74,87.0,0.13299999999999995,0.04899999999999999,0.4609999999999999,6.70995670995671,17.316017316017316,0.3875,0.31750741839762614,0.2506,465.33333333333337,0.2107728337236534,0.6666666666666666,0.279,119.0,12.0,44.0,121.0,462.0,427.0,87.0,19.0,1.0,43.0,0.328,0.412,31.0,0,1.0,,176.0,3,2,1.0,2.0,,57.64192139737991,56.236000000000004
2024,CL,東京ヤクルトスワローズ,11915153,木澤　尚文,N.Kizawa,55.0,0.0,0.0,0.0,0.0,0.0,0.0,0.0,0.0,0.0,0.0,0,0.0,0.0,0.0,0,0.0,0.0,0.0,,,,0.0,0.0,0.0,0.0,,nan,nan,nan,nan,0.0,0.0,nan,nan,,0.0,0.0,0.0,55.0,0.0,0.0,0.0,0.0,0.0,0.0,,,0.0,0,0.0,,0.0,0.0,0,0.0,0.0,,nan,0.0
2024,CL,阪神タイガース,1305130,植田　海,K.Ueda,59.0,11.0,11.0,11.0,3.0,0.0,1.0,0.0,5.0,3.0,4,1,0.0,0.0,0.0,0,0.0,3.0,0.0,0.273,0.273,0.455,0.728,2.0,0.182,0.0,0.455,0.0,27.27272727272727,0.0,0.375,0.23660000000000003,424.6666666666667,0.2727272727272727,0.75,0.273,3.0,0.0,3.0,59.0,11.0,11.0,2.0,0.0,1.0,11.0,0.273,0.455,0.0,0,0.0,,5.0,4,1,0.0,0.0,,1.3636363636363635,1.4360000000000002
2024,CL,中日ドラゴンズ,1305131,大島　洋平,Y.Ooshima,75.0,125.0,116.0,7.0,23.0,6.0,0.0,0.0,29.0,5.0,1.0,1,0.0,0.0,9.0,0,0.0,11.0,0.0,0.198,0.256,0.25,0.506,17.0,0.05199999999999999,0.057999999999999996,0.308,7.199999999999999,8.799999999999999,0.8181818181818182,0.21904761904761905,0.17770000000000002,339.3333333333333,0.13793103448275862,0.41935483870967744,0.198,23.0,0.0,5.0,75.0,125.0,116.0,17.0,6.0,0.0,7.0,0.256,0.25,9.0,0,0.0,,29.0,1.0,1,0.0,0.0,,7.424,6.856
2024,CL,横浜DeNAベイスターズ,1305138,大貫　晋一,S.Oonuki,15.0,30.0,24.0,1.0,2.0,0.0,0.0,0.0,2.0,0.0,0.0,0,5.0,0.0,1.0,0,0.0,9.0,0.0,0.083,0.12,0.083,0.203,2.0,0.0,0.03699999999999999,0.12,3.3333333333333335,30.0,0.1111111111111111,0.13333333333333333,0.07475,147.66666666666666,0.041666666666666664,0.13636363636363635,0.083,2.0,0.0,0.0,15.0,30.0,24.0,2.0,0.0,0.0,1.0,0.12,0.083,1.0,0,0.0,,2.0,0.0,0,5.0,0.0,,0.24,-0.8260000000000001
2024,CL,横浜DeNAベイスターズ,13115153,牧　秀悟,S.Maki,133.0,561.0,517.0,76.0,152.0,33.0,0.0,23.0,254.0,74.0,11,0,0.0,2.0,37.0,0,5.0,59.0,13.0,0.294,0.346,0.491,0.837,96.0,0.197,0.05199999999999999,0.5429999999999999,6.59536541889483,10.51693404634581,0.6271186440677966,0.2951945080091533,0.27845,509.66666666666663,0.2688588007736944,0.783068783068783,0.294,152.0,23.0,74.0,133.0,561.0,517.0,96.0,33.0,0.0,76.0,0.346,0.491,37.0,0,5.0,,254.0,11,0,0.0,2.0,,86.65342960288808,82.97
2024,CL,読売ジャイアンツ,13315151,E.ウレーニャ,E.Urena,7.0,8.0,7.0,0.0,0.0,0.0,0.0,0.0,0.0,0.0,0.0,0,0.0,0.0,1.0,0,0.0,4.0,0.0,0.0,0.125,0.0,0.125,0.0,0.0,0.125,0.125,12.5,50.0,0.25,0.0,0.05625,125.0,0.14285714285714285,0.14285714285714285,0.0,0.0,0.0,0.0,7.0,8.0,7.0,0.0,0.0,0.0,0.0,0.125,0.0,1.0,0,0.0,,0.0,0.0,0,0.0,0.0,,0.0,-0.35600000000000004
2024,CL,阪神タイガース,13315153,村上　頌樹,S.Murakami,25.0,48.0,44.0,0.0,5.0,0.0,0.0,0.0,5.0,3.0,0.0,0,3.0,0.0,1.0,0,0.0,24.0,0.0,0.114,0.133,0.114,0.247,5.0,0.0,0.019000000000000003,0.133,2.083333333333333,50.0,0.041666666666666664,0.25,0.08835000000000001,171.0,0.022727272727272728,0.15384615384615385,0.114,5.0,0.0,3.0,25.0,48.0,44.0,5.0,0.0,0.0,0.0,0.133,0.114,1.0,0,0.0,,5.0,0.0,0,3.0,0.0,,0.6666666666666666,-0.992
2024,CL,中日ドラゴンズ,13715132,D.ビシエド,D.Viciedo,15.0,46.0,43.0,2.0,9.0,1.0,0.0,1.0,13.0,2.0,0.0,0,0.0,0.0,2.0,0,1.0,3.0,3.0,0.209,0.261,0.302,0.563,7.0,0.093,0.05200000000000002,0.354,4.3478260869565215,6.521739130434782,0.6666666666666666,0.20512820512820512,0.19295,361.6666666666667,0.13953488372093023,0.43243243243243246,0.209,9.0,1.0,2.0,15.0,46.0,43.0,7.0,1.0,0.0,2.0,0.261,0.302,2.0,0,1.0,,13.0,0.0,0,0.0,0.0,,3.1777777777777776,3.318
2024,CL,横浜DeNAベイスターズ,13715157,J.B.ウェンデルケン,J.Wendelken,28.0,0.0,0.0,0.0,0.0,0.0,0.0,0.0,0.0,0.0,0.0,0,0.0,0.0,0.0,0,0.0,0.0,0.0,,,,0.0,0.0,0.0,0.0,,nan,nan,nan,nan,0.0,0.0,nan,nan,,0.0,0.0,0.0,28.0,0.0,0.0,0.0,0.0,0.0,0.0,,,0.0,0,0.0,,0.0,0.0,0,0.0,0.0,,nan,0.0
2024,CL,横浜DeNAベイスターズ,13715159,A.ケイ,A.Kay,24.0,46.0,38.0,1.0,0.0,0.0,0.0,0.0,0.0,1.0,0.0,0,5.0,0.0,3.0,0,0.0,22.0,0.0,0.0,0.073,0.0,0.073,0.0,0.0,0.073,0.073,6.521739130434782,47.82608695652174,0.13636363636363635,0.0,0.03285,73.0,0.07894736842105263,0.07894736842105263,0.0,0.0,0.0,1.0,24.0,46.0,38.0,0.0,0.0,0.0,1.0,0.073,0.0,3.0,0,0.0,,0.0,0.0,0,5.0,0.0,,0.0,-2.734
2024,CL,広島東洋カープ,1405116,松山　竜平,R.Matsuyama,65.0,78.0,73.0,2.0,13.0,4.0,0.0,1.0,20.0,10.0,0.0,0,0.0,1.0,4.0,0,0.0,12.0,5.0,0.178,0.218,0.274,0.492,8.0,0.09600000000000003,0.04000000000000001,0.314,5.128205128205128,15.384615384615385,0.3333333333333333,0.19672131147540983,0.16660000000000003,309.33333333333337,0.1506849315068493,0.36923076923076925,0.178,13.0,1.0,10.0,65.0,78.0,73.0,8.0,4.0,0.0,2.0,0.218,0.274,4.0,0,0.0,,20.0,0.0,0,0.0,1.0,,4.415584415584416,3.7600000000000007
2024,CL,広島東洋カープ,1405130,野間　峻祥,T.Noma,113.0,443.0,391.0,40.0,106.0,14.0,5.0,1.0,133.0,28.0,8,5,3.0,1.0,43.0,0,5.0,52.0,9.0,0.271,0.35,0.34,0.69,86.0,0.069,0.07899999999999996,0.419,9.706546275395034,11.738148984198645,0.8269230769230769,0.30973451327433627,0.2425,463.3333333333333,0.1918158567774936,0.6326530612244898,0.271,106.0,1.0,28.0,113.0,443.0,391.0,86.0,14.0,5.0,40.0,0.35,0.34,43.0,0,5.0,,133.0,8,5,3.0,1.0,,45.66129032258065,48.53000000000001
2024,CL,広島東洋カープ,1405138,林　晃汰,K.Hayashi,27.0,64.0,60.0,4.0,11.0,4.0,0.0,0.0,15.0,2.0,0.0,0,0.0,0.0,4.0,0,0.0,20.0,3.0,0.183,0.234,0.25,0.484,7.0,0.067,0.05100000000000002,0.301,6.25,31.25,0.2,0.275,0.1678,317.33333333333337,0.13333333333333333,0.36538461538461536,0.183,11.0,0.0,2.0,27.0,64.0,60.0,7.0,4.0,0.0,4.0,0.234,0.25,4.0,0,0.0,,15.0,0.0,0,0.0,0.0,,3.515625,2.8979999999999997
2024,CL,横浜DeNAベイスターズ,1405139,森　唯斗,Y.Mori,14.0,5.0,4.0,0.0,1.0,0.0,0.0,0.0,1.0,0.0,0.0,0,1.0,0.0,0.0,0,0.0,3.0,0.0,0.25,0.25,0.25,0.5,1.0,0.0,0.0,0.25,0.0,60.0,0.0,1.0,0.175,333.3333333333333,0.0,0.3333333333333333,0.25,1.0,0.0,0.0,14.0,5.0,4.0,1.0,0.0,0.0,0.0,0.25,0.25,0.0,0,0.0,,1.0,0.0,0,1.0,0.0,,0.25,0.20599999999999996
2024,CL,広島東洋カープ,1405151,韮澤　雄也,Y.Nirasawa,11.0,15.0,15.0,1.0,2.0,0.0,0.0,0.0,2.0,0.0,0.0,0,0.0,0.0,0.0,0,0.0,2.0,1.0,0.133,0.133,0.133,0.266,2.0,0.0,0.0,0.133,0.0,13.333333333333334,0.0,0.15384615384615385,0.09310000000000002,177.33333333333334,0.0,0.14285714285714285,0.133,2.0,0.0,0.0,11.0,15.0,15.0,2.0,0.0,0.0,1.0,0.133,0.133,0.0,0,0.0,,2.0,0.0,0,0.0,0.0,,0.26666666666666666,-0.274
2024,CL,広島東洋カープ,1405155,中村　健人,K.Nakamura,12.0,24.0,24.0,1.0,2.0,0.0,0.0,1.0,5.0,2.0,0.0,0,0.0,0.0,0.0,0,0.0,8.0,0.0,0.083,0.083,0.208,0.291,1.0,0.12499999999999999,0.0,0.208,0.0,33.33333333333333,0.0,0.06666666666666667,0.08935,152.33333333333331,0.125,0.22727272727272727,0.083,2.0,1.0,2.0,12.0,24.0,24.0,1.0,0.0,0.0,1.0,0.083,0.208,0.0,0,0.0,,5.0,0.0,0,0.0,0.0,,0.4166666666666667,-0.2160000000000002
2024,CL,阪神タイガース,1405157,野口　恭佑,K.Noguchi,26.0,61.0,53.0,6.0,10.0,0.0,0.0,0.0,10.0,5.0,0.0,0,0.0,1.0,5.0,0,2.0,12.0,1.0,0.189,0.279,0.189,0.468,10.0,0.0,0.09000000000000002,0.279,8.19672131147541,19.672131147540984,0.4166666666666667,0.23809523809523808,0.1728,342.0,0.09433962264150944,0.38636363636363635,0.189,10.0,0.0,5.0,26.0,61.0,53.0,10.0,0.0,0.0,6.0,0.279,0.189,5.0,0,2.0,,10.0,0.0,0,0.0,1.0,,2.586206896551724,3.096
2024,CL,読売ジャイアンツ,1505132,オコエ　瑠偉,R.Okoe,68.0,157.0,138.0,16.0,36.0,9.0,0.0,3.0,54.0,13.0,4,0,8.0,1.0,9.0,0,1.0,35.0,3.0,0.261,0.309,0.391,0.7,24.0,0.13,0.04799999999999999,0.439,5.7324840764331215,22.29299363057325,0.2571428571428571,0.32673267326732675,0.2368,439.33333333333337,0.1956521739130435,0.6095238095238096,0.261,36.0,3.0,13.0,68.0,157.0,138.0,24.0,9.0,0.0,16.0,0.309,0.391,9.0,0,1.0,,54.0,4,0,8.0,1.0,,16.53061224489796,16.104
2024,CL,読売ジャイアンツ,1605138,増田　陸,R.Masuda,4.0,6.0,5.0,0.0,0.0,0.0,0.0,0.0,0.0,0.0,0.0,0,0.0,0.0,0.0,0,1.0,1.0,1.0,0.0,0.167,0.0,0.167,0.0,0.0,0.167,0.167,0.0,16.666666666666664,0.0,0.0,0.07515000000000001,167.0,0.0,0.16666666666666666,0.0,0.0,0.0,0.0,4.0,6.0,5.0,0.0,0.0,0.0,0.0,0.167,0.0,0.0,0,1.0,,0.0,0.0,0,0.0,0.0,,0.0,-0.15999999999999998
2024,CL,東京ヤクルトスワローズ,1705132,小澤　怜史,R.Kozawa,40.0,15.0,13.0,0.0,2.0,0.0,0.0,0.0,2.0,0.0,0.0,0,2.0,0.0,0.0,0,0.0,4.0,0.0,0.154,0.154,0.154,0.308,2.0,0.0,0.0,0.154,0.0,26.666666666666668,0.0,0.2222222222222222,0.1078,205.33333333333334,0.0,0.18181818181818182,0.154,2.0,0.0,0.0,40.0,15.0,13.0,2.0,0.0,0.0,0.0,0.154,0.154,0.0,0,0.0,,2.0,0.0,0,2.0,0.0,,0.3076923076923077,-0.07800000000000007
2024,CL,広島東洋カープ,1705138,小園　海斗,K.Kozono,143.0,588.0,540.0,52.0,151.0,15.0,3.0,2.0,178.0,61.0,13,9,7.0,5.0,30.0,0,6.0,53.0,6.0,0.28,0.322,0.33,0.652,131.0,0.04999999999999999,0.04199999999999998,0.372,5.1020408163265305,9.013605442176871,0.5660377358490566,0.3040816326530612,0.2274,432.0,0.12222222222222222,0.5645569620253165,0.28,151.0,2.0,61.0,143.0,588.0,540.0,131.0,15.0,3.0,52.0,0.322,0.33,30.0,0,6.0,,178.0,13,9,7.0,5.0,,56.52280701754386,57.678
2024,CL,阪神タイガース,1705155,桐敷　拓馬,T.Kirishiki,71.0,0.0,0.0,0.0,0.0,0.0,0.0,0.0,0.0,0.0,0.0,0,0.0,0.0,0.0,0,0.0,0.0,0.0,,,,0.0,0.0,0.0,0.0,,nan,nan,nan,nan,0.0,0.0,nan,nan,,0.0,0.0,0.0,71.0,0.0,0.0,0.0,0.0,0.0,0.0,,,0.0,0,0.0,,0.0,0.0,0,0.0,0.0,,nan,0.0
2024,CL,東京ヤクルトスワローズ,1805136,宮本　丈,T.Miyamoto,60.0,164.0,147.0,12.0,38.0,3.0,0.0,0.0,41.0,6.0,1,0,4.0,1.0,11.0,0,1.0,25.0,3.0,0.259,0.312,0.279,0.591,35.0,0.020000000000000018,0.05299999999999999,0.332,6.707317073170732,15.24390243902439,0.44,0.3089430894308943,0.21015,405.0,0.09523809523809523,0.4732142857142857,0.259,38.0,0.0,6.0,60.0,164.0,147.0,35.0,3.0,0.0,12.0,0.312,0.279,11.0,0,1.0,,41.0,1,0,4.0,1.0,,12.715189873417721,12.938
2024,CL,読売ジャイアンツ,1805157,松井　颯,H.Matsui,2.0,0.0,0.0,0.0,0.0,0.0,0.0,0.0,0.0,0.0,0.0,0,0.0,0.0,0.0,0,0.0,0.0,0.0,,,,0.0,0.0,0.0,0.0,,nan,nan,nan,nan,0.0,0.0,nan,nan,,0.0,0.0,0.0,2.0,0.0,0.0,0.0,0.0,0.0,0.0,,,0.0,0,0.0,,0.0,0.0,0,0.0,0.0,,nan,0.0
2024,CL,中日ドラゴンズ,1905136,清水　達也,T.Shimizu,60.0,0.0,0.0,0.0,0.0,0.0,0.0,0.0,0.0,0.0,0.0,0,0.0,0.0,0.0,0,0.0,0.0,0.0,,,,0.0,0.0,0.0,0.0,,nan,nan,nan,nan,0.0,0.0,nan,nan,,0.0,0.0,0.0,60.0,0.0,0.0,0.0,0.0,0.0,0.0,,,0.0,0,0.0,,0.0,0.0,0,0.0,0.0,,nan,0.0
2024,CL,横浜DeNAベイスターズ,1905139,平良　拳太郎,K.Taira,4.0,10.0,10.0,2.0,2.0,0.0,0.0,0.0,2.0,1.0,0.0,0,0.0,0.0,0.0,0,0.0,7.0,0.0,0.2,0.2,0.2,0.4,2.0,0.0,0.0,0.2,0.0,70.0,0.0,0.6666666666666666,0.14,266.6666666666667,0.0,0.25,0.2,2.0,0.0,1.0,4.0,10.0,10.0,2.0,0.0,0.0,2.0,0.2,0.2,0.0,0,0.0,,2.0,0.0,0,0.0,0.0,,0.4,0.21599999999999997
2024,CL,中日ドラゴンズ,21025135,田島　慎二,S.Tajima,2.0,0.0,0.0,0.0,0.0,0.0,0.0,0.0,0.0,0.0,0.0,0,0.0,0.0,0.0,0,0.0,0.0,0.0,,,,0.0,0.0,0.0,0.0,,nan,nan,nan,nan,0.0,0.0,nan,nan,,0.0,0.0,0.0,2.0,0.0,0.0,0.0,0.0,0.0,0.0,,,0.0,0,0.0,,0.0,0.0,0,0.0,0.0,,nan,0.0
2024,CL,中日ドラゴンズ,21025137,福谷　浩司,K.Fukutani,8.0,10.0,9.0,0.0,2.0,1.0,0.0,0.0,3.0,2.0,0.0,0,1.0,0.0,0.0,0,0.0,1.0,1.0,0.222,0.222,0.333,0.555,1.0,0.11100000000000002,0.0,0.333,0.0,10.0,0.0,0.25,0.18315,333.0,0.1111111111111111,0.375,0.222,2.0,0.0,2.0,8.0,10.0,9.0,1.0,1.0,0.0,0.0,0.222,0.333,0.0,0,0.0,,3.0,0.0,0,1.0,0.0,,0.6666666666666666,0.5339999999999999
2024,CL,中日ドラゴンズ,21025157,田中　幹也,M.Tanaka,112.0,343.0,313.0,26.0,70.0,8.0,2.0,2.0,88.0,23.0,5,1,10.0,0.0,20.0,0,0.0,46.0,3.0,0.224,0.27,0.281,0.551,58.0,0.05700000000000002,0.04600000000000001,0.327,5.830903790087463,13.411078717201166,0.43478260869565216,0.25660377358490566,0.19175000000000003,363.6666666666667,0.12460063897763578,0.44308943089430897,0.224,70.0,2.0,23.0,112.0,343.0,313.0,58.0,8.0,2.0,26.0,0.27,0.281,20.0,0,0.0,,88.0,5,1,10.0,0.0,,23.783783783783782,22.686
2024,CL,東京ヤクルトスワローズ,21125137,石山　泰稚,T.Ishiyama,37.0,0.0,0.0,0.0,0.0,0.0,0.0,0.0,0.0,0.0,0.0,0,0.0,0.0,0.0,0,0.0,0.0,0.0,,,,0.0,0.0,0.0,0.0,,nan,nan,nan,nan,0.0,0.0,nan,nan,,0.0,0.0,0.0,37.0,0.0,0.0,0.0,0.0,0.0,0.0,,,0.0,0,0.0,,0.0,0.0,0,0.0,0.0,,nan,0.0
2024,CL,広島東洋カープ,21125151,石原　貴規,T.Ishihara,56.0,139.0,122.0,11.0,28.0,6.0,0.0,3.0,43.0,11.0,0.0,0,5.0,2.0,5.0,0,5.0,22.0,1.0,0.23,0.284,0.352,0.6359999999999999,19.0,0.12199999999999997,0.053999999999999965,0.4059999999999999,3.597122302158273,15.827338129496402,0.22727272727272727,0.25252525252525254,0.2158,401.3333333333333,0.16393442622950818,0.5578947368421052,0.23,28.0,3.0,11.0,56.0,139.0,122.0,19.0,6.0,0.0,11.0,0.284,0.352,5.0,0,5.0,,43.0,0.0,0,5.0,2.0,,11.173228346456693,12.228000000000002
2024,CL,横浜DeNAベイスターズ,21125159,石田　裕太郎,Y.Ishida,12.0,18.0,16.0,0.0,0.0,0.0,0.0,0.0,0.0,0.0,0.0,0,2.0,0.0,0.0,0,0.0,9.0,0.0,0.0,0.0,0.0,0.0,0.0,0.0,0.0,0.0,0.0,50.0,0.0,0.0,0.0,0.0,0.0,0.0,0.0,0.0,0.0,0.0,12.0,18.0,16.0,0.0,0.0,0.0,0.0,0.0,0.0,0.0,0,0.0,,0.0,0.0,0,2.0,0.0,,0.0,-1.568
2024,CL,東京ヤクルトスワローズ,21225133,西川　遥輝,H.Nishikawa,113.0,363.0,308.0,43.0,80.0,13.0,2.0,1.0,100.0,24.0,10,2,3.0,6.0,40.0,0,6.0,51.0,3.0,0.26,0.35,0.325,0.675,64.0,0.065,0.08999999999999997,0.415,11.019283746556475,14.049586776859504,0.7843137254901961,0.3015267175572519,0.23875000000000002,458.3333333333333,0.2012987012987013,0.6406926406926406,0.26,80.0,1.0,24.0,113.0,363.0,308.0,64.0,13.0,2.0,43.0,0.35,0.325,40.0,0,6.0,,100.0,10,2,3.0,6.0,,34.48275862068966,38.07599999999999
2024,CL,横浜DeNAベイスターズ,21225136,中川　虎大,K.Nakagawa,31.0,0.0,0.0,0.0,0.0,0.0,0.0,0.0,0.0,0.0,0.0,0,0.0,0.0,0.0,0,0.0,0.0,0.0,,,,0.0,0.0,0.0,0.0,,nan,nan,nan,nan,0.0,0.0,nan,nan,,0.0,0.0,0.0,31.0,0.0,0.0,0.0,0.0,0.0,0.0,,,0.0,0,0.0,,0.0,0.0,0,0.0,0.0,,nan,0.0
2024,CL,中日ドラゴンズ,21225137,松葉　貴大,T.Matsuba,17.0,30.0,24.0,1.0,5.0,0.0,0.0,0.0,5.0,2.0,0.0,0,6.0,0.0,0.0,0,0.0,8.0,0.0,0.208,0.208,0.208,0.416,5.0,0.0,0.0,0.208,0.0,26.666666666666668,0.0,0.3125,0.1456,277.3333333333333,0.0,0.2631578947368421,0.208,5.0,0.0,2.0,17.0,30.0,24.0,5.0,0.0,0.0,1.0,0.208,0.208,0.0,0,0.0,,5.0,0.0,0,6.0,0.0,,1.0416666666666667,0.6379999999999999
2024,CL,阪神タイガース,21325134,大山　悠輔,Y.Ooyama,130.0,545.0,483.0,63.0,125.0,18.0,0.0,14.0,185.0,68.0,0,4,0.0,3.0,52.0,0,7.0,88.0,19.0,0.259,0.338,0.383,0.7210000000000001,93.0,0.124,0.07900000000000001,0.462,9.541284403669724,16.14678899082569,0.5909090909090909,0.2890625,0.24785000000000001,465.6666666666667,0.2401656314699793,0.6578249336870027,0.259,125.0,14.0,68.0,130.0,545.0,483.0,93.0,18.0,0.0,63.0,0.338,0.383,52.0,0,7.0,,185.0,0,4,0.0,3.0,,61.205607476635514,64.726
2024,CL,読売ジャイアンツ,21325136,大城　卓三,T.Ooshiro,96.0,321.0,283.0,19.0,72.0,17.0,0.0,3.0,98.0,27.0,0.0,0,0.0,4.0,31.0,0,3.0,62.0,3.0,0.254,0.33,0.346,0.6759999999999999,52.0,0.09199999999999997,0.07600000000000001,0.422,9.657320872274143,19.314641744548286,0.5,0.3108108108108108,0.23500000000000001,445.33333333333337,0.20141342756183744,0.616822429906542,0.254,72.0,3.0,27.0,96.0,321.0,283.0,52.0,17.0,0.0,19.0,0.33,0.346,31.0,0,3.0,,98.0,0.0,0,0.0,4.0,,32.146496815286625,33.102000000000004
2024,CL,広島東洋カープ,21325138,大盛　穂,M.Oomori,74.0,35.0,31.0,7.0,7.0,2.0,0.0,0.0,9.0,4.0,2,1,2.0,0.0,2.0,0,0.0,10.0,0.0,0.226,0.273,0.29,0.563,5.0,0.06399999999999997,0.047000000000000014,0.3369999999999999,5.714285714285714,28.57142857142857,0.2,0.3333333333333333,0.19535000000000002,369.6666666666667,0.16129032258064516,0.5,0.226,7.0,0.0,4.0,74.0,35.0,31.0,5.0,2.0,0.0,7.0,0.273,0.29,2.0,0,0.0,,9.0,2,1,2.0,0.0,,2.4545454545454546,2.427999999999999
2024,CL,阪神タイガース,21325139,梅野　隆太郎,R.Umeno,95.0,318.0,268.0,18.0,56.0,9.0,0.0,0.0,65.0,15.0,0,1,17.0,2.0,30.0,0,1.0,84.0,6.0,0.209,0.289,0.243,0.532,47.0,0.034,0.07999999999999999,0.3229999999999999,9.433962264150944,26.41509433962264,0.35714285714285715,0.3010752688172043,0.1908,370.0,0.14925373134328357,0.44495412844036697,0.209,56.0,0.0,15.0,95.0,318.0,268.0,47.0,9.0,0.0,18.0,0.289,0.243,30.0,0,1.0,,65.0,0,1,17.0,2.0,,18.758389261744966,19.614
2024,CL,読売ジャイアンツ,21425116,丸　佳浩,Y.Maru,138.0,595.0,525.0,51.0,146.0,18.0,1.0,14.0,208.0,45.0,8,4,0.0,2.0,65.0,0,3.0,93.0,9.0,0.278,0.36,0.396,0.756,113.0,0.118,0.08199999999999996,0.478,10.92436974789916,15.630252100840336,0.6989247311827957,0.3142857142857143,0.261,492.0,0.24952380952380954,0.7216494845360825,0.278,146.0,14.0,45.0,138.0,595.0,525.0,113.0,18.0,1.0,51.0,0.36,0.396,65.0,0,3.0,,208.0,8,4,0.0,2.0,,74.3864406779661,76.678
2024,CL,広島東洋カープ,21425135,野村　祐輔,Y.Nomura,3.0,2.0,2.0,0.0,0.0,0.0,0.0,0.0,0.0,0.0,0.0,0,0.0,0.0,0.0,0,0.0,2.0,0.0,0.0,0.0,0.0,0.0,0.0,0.0,0.0,0.0,0.0,100.0,0.0,nan,0.0,0.0,0.0,0.0,0.0,0.0,0.0,0.0,3.0,2.0,2.0,0.0,0.0,0.0,0.0,0.0,0.0,0.0,0,0.0,,0.0,0.0,0,0.0,0.0,,0.0,-0.196
2024,CL,中日ドラゴンズ,21425151,橋本　侑樹,Y.Hashimoto,47.0,3.0,3.0,0.0,0.0,0.0,0.0,0.0,0.0,0.0,0.0,0,0.0,0.0,0.0,0,0.0,3.0,0.0,0.0,0.0,0.0,0.0,0.0,0.0,0.0,0.0,0.0,100.0,0.0,nan,0.0,0.0,0.0,0.0,0.0,0.0,0.0,0.0,47.0,3.0,3.0,0.0,0.0,0.0,0.0,0.0,0.0,0.0,0,0.0,,0.0,0.0,0,0.0,0.0,,0.0,-0.29400000000000004
2024,CL,横浜DeNAベイスターズ,21425153,颯,H.Hayate（nakagawa,29.0,14.0,12.0,1.0,3.0,0.0,0.0,1.0,6.0,3.0,0.0,0,2.0,0.0,0.0,0,0.0,3.0,0.0,0.25,0.25,0.5,0.75,2.0,0.25,0.0,0.5,0.0,21.428571428571427,0.0,0.25,0.2375,416.66666666666663,0.25,0.6666666666666666,0.25,3.0,1.0,3.0,29.0,14.0,12.0,2.0,0.0,0.0,1.0,0.25,0.5,0.0,0,0.0,,6.0,0.0,0,2.0,0.0,,1.5,1.5579999999999998
2024,CL,東京ヤクルトスワローズ,21525136,北村　拓己,T.Kitamura,48.0,49.0,40.0,2.0,5.0,0.0,0.0,1.0,8.0,4.0,2,1,1.0,2.0,5.0,0,1.0,8.0,2.0,0.125,0.229,0.2,0.42900000000000005,4.0,0.07500000000000001,0.10400000000000001,0.304,10.204081632653061,16.3265306122449,0.625,0.12121212121212122,0.15305000000000002,295.6666666666667,0.225,0.40540540540540543,0.125,5.0,1.0,4.0,48.0,49.0,40.0,4.0,0.0,0.0,2.0,0.229,0.2,5.0,0,1.0,,8.0,2,1,1.0,2.0,,1.7777777777777777,2.1699999999999995
2024,CL,中日ドラゴンズ,21525138,勝野　昌慶,A.Katsuno,39.0,0.0,0.0,0.0,0.0,0.0,0.0,0.0,0.0,0.0,0.0,0,0.0,0.0,0.0,0,0.0,0.0,0.0,,,,0.0,0.0,0.0,0.0,,nan,nan,nan,nan,0.0,0.0,nan,nan,,0.0,0.0,0.0,39.0,0.0,0.0,0.0,0.0,0.0,0.0,,,0.0,0,0.0,,0.0,0.0,0,0.0,0.0,,nan,0.0
2024,CL,阪神タイガース,21525139,加治屋　蓮,R.Kajiya,13.0,0.0,0.0,0.0,0.0,0.0,0.0,0.0,0.0,0.0,0.0,0,0.0,0.0,0.0,0,0.0,0.0,0.0,,,,0.0,0.0,0.0,0.0,,nan,nan,nan,nan,0.0,0.0,nan,nan,,0.0,0.0,0.0,13.0,0.0,0.0,0.0,0.0,0.0,0.0,,,0.0,0,0.0,,0.0,0.0,0,0.0,0.0,,nan,0.0
2024,CL,広島東洋カープ,21625130,塹江　敦哉,A.Horie,53.0,0.0,0.0,0.0,0.0,0.0,0.0,0.0,0.0,0.0,0.0,0,0.0,0.0,0.0,0,0.0,0.0,0.0,,,,0.0,0.0,0.0,0.0,,nan,nan,nan,nan,0.0,0.0,nan,nan,,0.0,0.0,0.0,53.0,0.0,0.0,0.0,0.0,0.0,0.0,,,0.0,0,0.0,,0.0,0.0,0,0.0,0.0,,nan,0.0
2024,CL,中日ドラゴンズ,21625134,藤嶋　健人,K.Fujishima,50.0,1.0,1.0,0.0,1.0,0.0,0.0,0.0,1.0,1.0,0.0,0,0.0,0.0,0.0,0,0.0,0.0,0.0,1.0,1.0,1.0,2.0,1.0,0.0,0.0,1.0,0.0,0.0,nan,1.0,0.7,1333.3333333333333,0.0,nan,1.0,1.0,0.0,1.0,50.0,1.0,1.0,1.0,0.0,0.0,0.0,1.0,1.0,0.0,0,0.0,,1.0,0.0,0,0.0,0.0,,1.0,0.5
2024,CL,読売ジャイアンツ,21625151,堀田　賢慎,K.Hotta,17.0,11.0,9.0,0.0,1.0,0.0,0.0,0.0,1.0,0.0,0.0,0,2.0,0.0,0.0,0,0.0,5.0,0.0,0.111,0.111,0.111,0.222,1.0,0.0,0.0,0.111,0.0,45.45454545454545,0.0,0.25,0.0777,148.0,0.0,0.125,0.111,1.0,0.0,0.0,17.0,11.0,9.0,1.0,0.0,0.0,0.0,0.111,0.111,0.0,0,0.0,,1.0,0.0,0,2.0,0.0,,0.1111111111111111,-0.28400000000000003
2024,CL,中日ドラゴンズ,21625157,樋口　正修,S.Higuchi,6.0,1.0,1.0,0.0,0.0,0.0,0.0,0.0,0.0,0.0,1,0,0.0,0.0,0.0,0,0.0,1.0,0.0,0.0,0.0,0.0,0.0,0.0,0.0,0.0,0.0,0.0,100.0,0.0,nan,0.0,0.0,0.0,0.0,0.0,0.0,0.0,0.0,6.0,1.0,1.0,0.0,0.0,0.0,0.0,0.0,0.0,0.0,0,0.0,,0.0,1,0,0.0,0.0,,0.0,-0.098
2024,CL,東京ヤクルトスワローズ,21725139,今野　龍太,R.Konno,6.0,0.0,0.0,0.0,0.0,0.0,0.0,0.0,0.0,0.0,0.0,0,0.0,0.0,0.0,0,0.0,0.0,0.0,,,,0.0,0.0,0.0,0.0,,nan,nan,nan,nan,0.0,0.0,nan,nan,,0.0,0.0,0.0,6.0,0.0,0.0,0.0,0.0,0.0,0.0,,,0.0,0,0.0,,0.0,0.0,0,0.0,0.0,,nan,0.0
2024,CL,読売ジャイアンツ,21825134,松原　聖弥,S.Matsubara,9.0,16.0,13.0,1.0,2.0,0.0,0.0,0.0,2.0,2.0,1,0,0.0,0.0,3.0,0,0.0,5.0,0.0,0.154,0.312,0.154,0.46599999999999997,2.0,0.0,0.158,0.312,18.75,31.25,0.6,0.25,0.1789,363.3333333333333,0.23076923076923078,0.45454545454545453,0.154,2.0,0.0,2.0,9.0,16.0,13.0,2.0,0.0,0.0,1.0,0.312,0.154,3.0,0,0.0,,2.0,1,0,0.0,0.0,,0.625,0.9119999999999999
2024,CL,読売ジャイアンツ,21825153,平内　龍太,R.Heinai,31.0,0.0,0.0,0.0,0.0,0.0,0.0,0.0,0.0,0.0,0.0,0,0.0,0.0,0.0,0,0.0,0.0,0.0,,,,0.0,0.0,0.0,0.0,,nan,nan,nan,nan,0.0,0.0,nan,nan,,0.0,0.0,0.0,31.0,0.0,0.0,0.0,0.0,0.0,0.0,,,0.0,0,0.0,,0.0,0.0,0,0.0,0.0,,nan,0.0
2024,CL,阪神タイガース,21825155,前川　右京,U.Maegawa,116.0,362.0,324.0,25.0,87.0,16.0,0.0,4.0,115.0,42.0,0.0,0,0.0,1.0,27.0,0,10.0,50.0,7.0,0.269,0.343,0.355,0.698,67.0,0.08599999999999997,0.07400000000000001,0.429,7.458563535911603,13.812154696132598,0.54,0.3062730627306273,0.2431,461.33333333333337,0.1697530864197531,0.6229508196721312,0.269,87.0,4.0,42.0,116.0,362.0,324.0,67.0,16.0,0.0,25.0,0.343,0.355,27.0,0,10.0,,115.0,0.0,0,0.0,1.0,,37.35042735042735,39.763999999999996
2024,CL,横浜DeNAベイスターズ,21825157,松尾　汐恩,S.Matsuo,27.0,40.0,38.0,3.0,8.0,3.0,0.0,0.0,11.0,1.0,0.0,0,0.0,0.0,1.0,0,1.0,8.0,1.0,0.211,0.25,0.289,0.5389999999999999,5.0,0.07799999999999999,0.03900000000000001,0.3279999999999999,2.5,20.0,0.125,0.26666666666666666,0.18475,346.3333333333333,0.10526315789473684,0.41935483870967744,0.211,8.0,0.0,1.0,27.0,40.0,38.0,5.0,3.0,0.0,3.0,0.25,0.289,1.0,0,1.0,,11.0,0.0,0,0.0,0.0,,2.5384615384615383,2.3800000000000003
2024,CL,読売ジャイアンツ,21925132,重信　慎之介,S.Shigenobu,33.0,18.0,15.0,6.0,1.0,0.0,0.0,0.0,1.0,0.0,6,1,0.0,0.0,3.0,0,0.0,6.0,0.0,0.067,0.222,0.067,0.28900000000000003,1.0,0.0,0.155,0.222,16.666666666666664,33.33333333333333,0.5,0.1111111111111111,0.11665,244.33333333333334,0.26666666666666666,0.35714285714285715,0.067,1.0,0.0,0.0,33.0,18.0,15.0,1.0,0.0,0.0,6.0,0.222,0.067,3.0,0,0.0,,1.0,6,1,0.0,0.0,,0.2222222222222222,0.2979999999999998
2024,CL,東京ヤクルトスワローズ,21925139,高梨　裕稔,H.Takanashi,8.0,10.0,9.0,0.0,0.0,0.0,0.0,0.0,0.0,0.0,0.0,0,1.0,0.0,0.0,0,0.0,5.0,0.0,0.0,0.0,0.0,0.0,0.0,0.0,0.0,0.0,0.0,50.0,0.0,0.0,0.0,0.0,0.0,0.0,0.0,0.0,0.0,0.0,8.0,10.0,9.0,0.0,0.0,0.0,0.0,0.0,0.0,0.0,0,0.0,,0.0,0.0,0,1.0,0.0,,0.0,-0.882
2024,CL,横浜DeNAベイスターズ,23125136,山本　祐大,Y.Yamamoto,108.0,403.0,358.0,29.0,104.0,14.0,2.0,5.0,137.0,37.0,1.0,1,9.0,6.0,27.0,0,3.0,41.0,12.0,0.291,0.34,0.383,0.7230000000000001,83.0,0.09200000000000003,0.049000000000000044,0.432,6.699751861042183,10.173697270471465,0.6585365853658537,0.3113207547169811,0.24875000000000003,467.6666666666667,0.17039106145251395,0.631578947368421,0.291,104.0,5.0,37.0,108.0,403.0,358.0,83.0,14.0,2.0,29.0,0.34,0.383,27.0,0,3.0,,137.0,1.0,1,9.0,6.0,,46.615584415584415,46.048000000000016
2024,CL,横浜DeNAベイスターズ,23125159,松本　凌人,R.Matsumoto,10.0,0.0,0.0,0.0,0.0,0.0,0.0,0.0,0.0,0.0,0.0,0,0.0,0.0,0.0,0,0.0,0.0,0.0,,,,0.0,0.0,0.0,0.0,,nan,nan,nan,nan,0.0,0.0,nan,nan,,0.0,0.0,0.0,10.0,0.0,0.0,0.0,0.0,0.0,0.0,,,0.0,0,0.0,,0.0,0.0,0,0.0,0.0,,nan,0.0
2024,CL,読売ジャイアンツ,23225157,A.バルドナード,A.Baldonado,58.0,0.0,0.0,0.0,0.0,0.0,0.0,0.0,0.0,0.0,0.0,0,0.0,0.0,0.0,0,0.0,0.0,0.0,,,,0.0,0.0,0.0,0.0,,nan,nan,nan,nan,0.0,0.0,nan,nan,,0.0,0.0,0.0,58.0,0.0,0.0,0.0,0.0,0.0,0.0,,,0.0,0,0.0,,0.0,0.0,0,0.0,0.0,,nan,0.0
2024,CL,読売ジャイアンツ,23225159,C.モンテス,C.Montes,46.0,159.0,151.0,14.0,41.0,15.0,0.0,1.0,59.0,14.0,1,0,0.0,0.0,7.0,0,1.0,21.0,3.0,0.272,0.308,0.391,0.6990000000000001,25.0,0.119,0.035999999999999976,0.427,4.40251572327044,13.20754716981132,0.3333333333333333,0.31007751937984496,0.23635,438.33333333333337,0.16556291390728478,0.5929203539823009,0.272,41.0,1.0,14.0,46.0,159.0,151.0,25.0,15.0,0.0,14.0,0.308,0.391,7.0,0,1.0,,59.0,1,0,0.0,0.0,,17.924050632911392,16.599999999999998
2024,CL,東京ヤクルトスワローズ,23525153,J.オスナ,J.Osuna,141.0,585.0,539.0,54.0,144.0,28.0,0.0,17.0,223.0,72.0,0,3,0.0,3.0,40.0,0,3.0,91.0,24.0,0.267,0.32,0.414,0.734,99.0,0.14699999999999996,0.05299999999999999,0.4669999999999999,6.837606837606838,15.555555555555555,0.43956043956043955,0.2926267281105991,0.2475,457.99999999999994,0.22634508348794063,0.6420047732696897,0.267,144.0,17.0,72.0,141.0,585.0,539.0,99.0,28.0,0.0,54.0,0.32,0.414,40.0,0,3.0,,223.0,0,3,0.0,3.0,,70.86701208981002,70.16
2024,CL,東京ヤクルトスワローズ,23525159,J.エスパーダ,J.Espada,24.0,0.0,0.0,0.0,0.0,0.0,0.0,0.0,0.0,0.0,0.0,0,0.0,0.0,0.0,0,0.0,0.0,0.0,,,,0.0,0.0,0.0,0.0,,nan,nan,nan,nan,0.0,0.0,nan,nan,,0.0,0.0,0.0,24.0,0.0,0.0,0.0,0.0,0.0,0.0,,,0.0,0,0.0,,0.0,0.0,0,0.0,0.0,,nan,0.0
2024,CL,広島東洋カープ,23725159,J.シャイナー,J.Scheiner,12.0,31.0,30.0,1.0,4.0,1.0,0.0,1.0,8.0,5.0,0.0,0,0.0,0.0,1.0,0,0.0,9.0,1.0,0.133,0.161,0.267,0.42800000000000005,2.0,0.134,0.027999999999999997,0.295,3.225806451612903,29.03225806451613,0.1111111111111111,0.15,0.1392,250.0,0.16666666666666666,0.3333333333333333,0.133,4.0,1.0,5.0,12.0,31.0,30.0,2.0,1.0,0.0,1.0,0.161,0.267,1.0,0,0.0,,8.0,0.0,0,0.0,0.0,,1.2903225806451613,0.9420000000000002
2024,CL,中日ドラゴンズ,23925134,R.マルティネス,R.Martinez,60.0,0.0,0.0,0.0,0.0,0.0,0.0,0.0,0.0,0.0,0.0,0,0.0,0.0,0.0,0,0.0,0.0,0.0,,,,0.0,0.0,0.0,0.0,,nan,nan,nan,nan,0.0,0.0,nan,nan,,0.0,0.0,0.0,60.0,0.0,0.0,0.0,0.0,0.0,0.0,,,0.0,0,0.0,,0.0,0.0,0,0.0,0.0,,nan,0.0
2024,CL,中日ドラゴンズ,3005159,C.ロドリゲス,C.Rodriguez,23.0,59.0,54.0,3.0,7.0,0.0,0.0,0.0,7.0,1.0,0.0,0,3.0,0.0,2.0,0,0.0,16.0,0.0,0.13,0.161,0.13,0.29100000000000004,7.0,0.0,0.031,0.161,3.389830508474576,27.11864406779661,0.125,0.18421052631578946,0.10495,204.33333333333334,0.037037037037037035,0.19148936170212766,0.13,7.0,0.0,1.0,23.0,59.0,54.0,7.0,0.0,0.0,3.0,0.161,0.13,2.0,0,0.0,,7.0,0.0,0,3.0,0.0,,1.125,-0.44599999999999973
2024,CL,読売ジャイアンツ,3105151,山瀬　慎之助,S.Yamase,2.0,6.0,6.0,1.0,2.0,0.0,0.0,0.0,2.0,0.0,0.0,0,0.0,0.0,0.0,0,0.0,1.0,0.0,0.333,0.333,0.333,0.666,2.0,0.0,0.0,0.333,0.0,16.666666666666664,0.0,0.4,0.23310000000000003,444.0,0.0,0.5,0.333,2.0,0.0,0.0,2.0,6.0,6.0,2.0,0.0,0.0,1.0,0.333,0.333,0.0,0,0.0,,2.0,0.0,0,0.0,0.0,,0.6666666666666666,0.608
2024,CL,中日ドラゴンズ,3105157,村松　開人,K.Muramatsu,109.0,418.0,371.0,35.0,102.0,14.0,3.0,1.0,125.0,25.0,3,4,14.0,3.0,26.0,0,4.0,81.0,7.0,0.275,0.327,0.337,0.664,84.0,0.062,0.05199999999999999,0.389,6.220095693779904,19.37799043062201,0.32098765432098764,0.3458904109589041,0.2314,439.33333333333337,0.14285714285714285,0.5760869565217391,0.275,102.0,1.0,25.0,109.0,418.0,371.0,84.0,14.0,3.0,35.0,0.327,0.337,26.0,0,4.0,,125.0,3,4,14.0,3.0,,40.30226700251889,40.89799999999999
2024,CL,東京ヤクルトスワローズ,3105159,松本　健吾,K.Matsumoto,3.0,4.0,3.0,0.0,0.0,0.0,0.0,0.0,0.0,0.0,0.0,0,1.0,0.0,0.0,0,0.0,3.0,0.0,0.0,0.0,0.0,0.0,0.0,0.0,0.0,0.0,0.0,75.0,0.0,nan,0.0,0.0,0.0,0.0,0.0,0.0,0.0,0.0,3.0,4.0,3.0,0.0,0.0,0.0,0.0,0.0,0.0,0.0,0,0.0,,0.0,0.0,0,1.0,0.0,,0.0,-0.29400000000000004
2024,CL,広島東洋カープ,31135114,會澤　翼,T.Aizawa,57.0,159.0,150.0,9.0,28.0,6.0,0.0,0.0,34.0,13.0,0.0,0,0.0,0.0,7.0,0,2.0,43.0,6.0,0.187,0.233,0.227,0.46,22.0,0.04000000000000001,0.04600000000000001,0.273,4.40251572327044,27.044025157232703,0.16279069767441862,0.2616822429906542,0.16160000000000002,308.6666666666667,0.08666666666666667,0.3359375,0.187,28.0,0.0,13.0,57.0,159.0,150.0,22.0,6.0,0.0,9.0,0.233,0.227,7.0,0,2.0,,34.0,0.0,0,0.0,0.0,,7.579617834394904,6.333999999999998
2024,CL,東京ヤクルトスワローズ,31135119,青木　宣親,N.Aoki,72.0,129.0,118.0,9.0,27.0,5.0,0.0,0.0,32.0,9.0,2,0,0.0,1.0,10.0,0,0.0,17.0,7.0,0.229,0.287,0.271,0.558,22.0,0.04200000000000001,0.05799999999999997,0.3289999999999999,7.751937984496124,13.178294573643413,0.5882352941176471,0.2647058823529412,0.1969,377.3333333333333,0.1271186440677966,0.42857142857142855,0.229,27.0,0.0,9.0,72.0,129.0,118.0,22.0,5.0,0.0,9.0,0.287,0.271,10.0,0,0.0,,32.0,2,0,0.0,1.0,,9.25,8.981999999999998
2024,CL,広島東洋カープ,31135133,秋山　翔吾,S.Akiyama,138.0,587.0,547.0,60.0,158.0,20.0,1.0,4.0,192.0,30.0,6,5,2.0,4.0,29.0,0,5.0,96.0,6.0,0.289,0.328,0.351,0.679,133.0,0.062,0.039000000000000035,0.39,4.940374787052811,16.35434412265758,0.3020833333333333,0.34146341463414637,0.23535,445.0,0.12431444241316271,0.5848101265822785,0.289,158.0,4.0,30.0,138.0,587.0,547.0,133.0,20.0,1.0,60.0,0.328,0.351,29.0,0,5.0,,192.0,6,5,2.0,4.0,,62.333333333333336,61.69800000000002
2024,CL,広島東洋カープ,31135134,アドゥワ　誠,M.Adoぅwa,20.0,32.0,29.0,1.0,1.0,0.0,0.0,0.0,1.0,0.0,0.0,0,3.0,0.0,0.0,0,0.0,14.0,0.0,0.034,0.034,0.034,0.068,1.0,0.0,0.0,0.034,0.0,43.75,0.0,0.06666666666666667,0.0238,45.333333333333336,0.0,0.03571428571428571,0.034,1.0,0.0,0.0,20.0,32.0,29.0,1.0,0.0,0.0,1.0,0.034,0.034,0.0,0,0.0,,1.0,0.0,0,3.0,0.0,,0.034482758620689655,-2.244
2024,CL,広島東洋カープ,31235133,中﨑　翔太,S.Nakazaki,24.0,0.0,0.0,0.0,0.0,0.0,0.0,0.0,0.0,0.0,0.0,0,0.0,0.0,0.0,0,0.0,0.0,0.0,,,,0.0,0.0,0.0,0.0,,nan,nan,nan,nan,0.0,0.0,nan,nan,,0.0,0.0,0.0,24.0,0.0,0.0,0.0,0.0,0.0,0.0,,,0.0,0,0.0,,0.0,0.0,0,0.0,0.0,,nan,0.0
2024,CL,広島東洋カープ,31235159,滝田　一希,K.Takita,1.0,1.0,1.0,0.0,0.0,0.0,0.0,0.0,0.0,0.0,0.0,0,0.0,0.0,0.0,0,0.0,1.0,0.0,0.0,0.0,0.0,0.0,0.0,0.0,0.0,0.0,0.0,100.0,0.0,nan,0.0,0.0,0.0,0.0,0.0,0.0,0.0,0.0,1.0,1.0,1.0,0.0,0.0,0.0,0.0,0.0,0.0,0.0,0,0.0,,0.0,0.0,0,0.0,0.0,,0.0,-0.098
2024,CL,中日ドラゴンズ,31335116,岩嵜　翔,S.Iwasaki,21.0,0.0,0.0,0.0,0.0,0.0,0.0,0.0,0.0,0.0,0.0,0,0.0,0.0,0.0,0,0.0,0.0,0.0,,,,0.0,0.0,0.0,0.0,,nan,nan,nan,nan,0.0,0.0,nan,nan,,0.0,0.0,0.0,21.0,0.0,0.0,0.0,0.0,0.0,0.0,,,0.0,0,0.0,,0.0,0.0,0,0.0,0.0,,nan,0.0
2024,CL,読売ジャイアンツ,31335135,今村　信貴,N.Imamura,7.0,0.0,0.0,0.0,0.0,0.0,0.0,0.0,0.0,0.0,0.0,0,0.0,0.0,0.0,0,0.0,0.0,0.0,,,,0.0,0.0,0.0,0.0,,nan,nan,nan,nan,0.0,0.0,nan,nan,,0.0,0.0,0.0,7.0,0.0,0.0,0.0,0.0,0.0,0.0,,,0.0,0,0.0,,0.0,0.0,0,0.0,0.0,,nan,0.0
2024,CL,広島東洋カープ,31335137,上本　崇司,T.Uemoto,62.0,146.0,129.0,16.0,27.0,2.0,0.0,0.0,29.0,7.0,0,2,9.0,0.0,4.0,0,4.0,24.0,3.0,0.209,0.255,0.225,0.48,25.0,0.016000000000000014,0.04600000000000001,0.271,2.73972602739726,16.43835616438356,0.16666666666666666,0.2571428571428571,0.171,330.0,0.06201550387596899,0.37142857142857144,0.209,27.0,0.0,7.0,62.0,146.0,129.0,25.0,2.0,0.0,16.0,0.255,0.225,4.0,0,4.0,,29.0,0,2,9.0,0.0,,6.7593984962406015,6.943999999999997
2024,CL,阪神タイガース,31335139,岩崎　優,S.Iwazaki,60.0,0.0,0.0,0.0,0.0,0.0,0.0,0.0,0.0,0.0,0.0,0,0.0,0.0,0.0,0,0.0,0.0,0.0,,,,0.0,0.0,0.0,0.0,,nan,nan,nan,nan,0.0,0.0,nan,nan,,0.0,0.0,0.0,60.0,0.0,0.0,0.0,0.0,0.0,0.0,,,0.0,0,0.0,,0.0,0.0,0,0.0,0.0,,nan,0.0
2024,CL,阪神タイガース,31335151,井上　広大,K.Inoue,23.0,55.0,52.0,5.0,11.0,2.0,0.0,3.0,22.0,8.0,1.0,1,0.0,0.0,3.0,0,0.0,20.0,0.0,0.212,0.255,0.423,0.6779999999999999,6.0,0.211,0.04300000000000001,0.4659999999999999,5.454545454545454,36.36363636363637,0.15,0.27586206896551724,0.2205,396.0,0.28846153846153844,0.6341463414634146,0.212,11.0,3.0,8.0,23.0,55.0,52.0,6.0,2.0,0.0,5.0,0.255,0.423,3.0,0,0.0,,22.0,1.0,1,0.0,0.0,,5.6,5.912
2024,CL,横浜DeNAベイスターズ,31335159,井上　絢登,K.Inoue,25.0,48.0,42.0,2.0,8.0,5.0,0.0,0.0,13.0,4.0,1,0,2.0,0.0,2.0,0,2.0,8.0,1.0,0.19,0.261,0.31,0.571,3.0,0.12,0.07100000000000001,0.381,4.166666666666666,16.666666666666664,0.25,0.23529411764705882,0.19495,364.3333333333333,0.16666666666666666,0.4857142857142857,0.19,8.0,0.0,4.0,25.0,48.0,42.0,3.0,5.0,0.0,2.0,0.261,0.31,2.0,0,2.0,,13.0,1,0,2.0,0.0,,2.9545454545454546,3.0879999999999996
2024,CL,阪神タイガース,31435155,豊田　寛,H.Toyoda,11.0,19.0,19.0,1.0,4.0,1.0,0.0,0.0,5.0,0.0,0.0,0,0.0,0.0,0.0,0,0.0,5.0,2.0,0.211,0.211,0.263,0.474,3.0,0.05200000000000002,0.0,0.263,0.0,26.31578947368421,0.0,0.2857142857142857,0.1607,298.66666666666663,0.05263157894736842,0.29411764705882354,0.211,4.0,0.0,0.0,11.0,19.0,19.0,3.0,1.0,0.0,1.0,0.211,0.263,0.0,0,0.0,,5.0,0.0,0,0.0,0.0,,1.0526315789473684,0.7499999999999998
2024,CL,広島東洋カープ,31435159,常廣　羽也斗,H.Tsunehiro,2.0,4.0,4.0,0.0,0.0,0.0,0.0,0.0,0.0,0.0,0.0,0,0.0,0.0,0.0,0,0.0,4.0,0.0,0.0,0.0,0.0,0.0,0.0,0.0,0.0,0.0,0.0,100.0,0.0,nan,0.0,0.0,0.0,0.0,0.0,0.0,0.0,0.0,2.0,4.0,4.0,0.0,0.0,0.0,0.0,0.0,0.0,0.0,0,0.0,,0.0,0.0,0,0.0,0.0,,0.0,-0.392
2024,CL,阪神タイガース,31535138,小幡　竜平,R.Obata,50.0,135.0,116.0,12.0,28.0,3.0,1.0,1.0,36.0,9.0,2,3,7.0,0.0,12.0,0,0.0,27.0,1.0,0.241,0.312,0.31,0.622,23.0,0.069,0.07100000000000001,0.381,8.88888888888889,20.0,0.4444444444444444,0.3068181818181818,0.21789999999999998,415.3333333333333,0.19827586206896552,0.5730337078651685,0.241,28.0,1.0,9.0,50.0,135.0,116.0,23.0,3.0,1.0,12.0,0.312,0.31,12.0,0,0.0,,36.0,2,3,7.0,0.0,,11.25,12.016
2024,CL,中日ドラゴンズ,31635110,涌井　秀章,H.Wakui,16.0,24.0,22.0,1.0,1.0,1.0,0.0,0.0,2.0,0.0,0.0,0,1.0,0.0,1.0,0,0.0,9.0,1.0,0.045,0.087,0.091,0.178,0.0,0.046,0.041999999999999996,0.133,4.166666666666666,37.5,0.1111111111111111,0.07692307692307693,0.0619,117.33333333333333,0.09090909090909091,0.13636363636363635,0.045,1.0,0.0,0.0,16.0,24.0,22.0,0.0,1.0,0.0,1.0,0.087,0.091,1.0,0,0.0,,2.0,0.0,0,1.0,0.0,,0.17391304347826086,-1.0080000000000002
2024,CL,東京ヤクルトスワローズ,31635132,原　樹理,J.Hara,7.0,0.0,0.0,0.0,0.0,0.0,0.0,0.0,0.0,0.0,0.0,0,0.0,0.0,0.0,0,0.0,0.0,0.0,,,,0.0,0.0,0.0,0.0,,nan,nan,nan,nan,0.0,0.0,nan,nan,,0.0,0.0,0.0,7.0,0.0,0.0,0.0,0.0,0.0,0.0,,,0.0,0,0.0,,0.0,0.0,0,0.0,0.0,,nan,0.0
2024,CL,読売ジャイアンツ,31635134,畠　世周,S.Hatake,1.0,0.0,0.0,0.0,0.0,0.0,0.0,0.0,0.0,0.0,0.0,0,0.0,0.0,0.0,0,0.0,0.0,0.0,,,,0.0,0.0,0.0,0.0,,nan,nan,nan,nan,0.0,0.0,nan,nan,,0.0,0.0,0.0,1.0,0.0,0.0,0.0,0.0,0.0,0.0,,,0.0,0,0.0,,0.0,0.0,0,0.0,0.0,,nan,0.0
2024,CL,読売ジャイアンツ,31635159,西舘　勇陽,Y.Nishidate,28.0,2.0,1.0,0.0,0.0,0.0,0.0,0.0,0.0,0.0,0.0,0,1.0,0.0,0.0,0,0.0,0.0,1.0,0.0,0.0,0.0,0.0,0.0,0.0,0.0,0.0,0.0,0.0,nan,0.0,0.0,0.0,0.0,0.0,0.0,0.0,0.0,0.0,28.0,2.0,1.0,0.0,0.0,0.0,0.0,0.0,0.0,0.0,0,0.0,,0.0,0.0,0,1.0,0.0,,0.0,-0.098
2024,CL,東京ヤクルトスワローズ,31735112,川端　慎吾,S.Kawabata,61.0,61.0,58.0,1.0,13.0,0.0,0.0,0.0,13.0,6.0,0.0,0,0.0,0.0,2.0,0,1.0,9.0,1.0,0.224,0.262,0.224,0.486,13.0,0.0,0.038000000000000006,0.262,3.278688524590164,14.754098360655737,0.2222222222222222,0.2653061224489796,0.1739,336.6666666666667,0.034482758620689655,0.34782608695652173,0.224,13.0,0.0,6.0,61.0,61.0,58.0,13.0,0.0,0.0,1.0,0.262,0.224,2.0,0,1.0,,13.0,0.0,0,0.0,0.0,,3.25,3.08
2024,CL,中日ドラゴンズ,31735132,木下　拓哉,T.Kinoshita,74.0,203.0,180.0,11.0,41.0,4.0,0.0,3.0,54.0,9.0,0.0,0,14.0,0.0,9.0,0,0.0,26.0,9.0,0.228,0.265,0.3,0.565,34.0,0.07199999999999998,0.037000000000000005,0.3369999999999999,4.433497536945813,12.807881773399016,0.34615384615384615,0.25165562913907286,0.19425,365.0,0.12222222222222222,0.42567567567567566,0.228,41.0,3.0,9.0,74.0,203.0,180.0,34.0,4.0,0.0,11.0,0.265,0.3,9.0,0,0.0,,54.0,0.0,0,14.0,0.0,,14.285714285714286,13.547999999999998
2024,CL,阪神タイガース,31735138,木浪　聖也,S.Kinami,116.0,409.0,359.0,27.0,77.0,13.0,1.0,1.0,95.0,35.0,1,0,13.0,1.0,32.0,0,4.0,64.0,17.0,0.214,0.285,0.265,0.55,62.0,0.05100000000000002,0.07099999999999998,0.3359999999999999,7.823960880195599,15.647921760391197,0.5,0.2576271186440678,0.1945,373.3333333333333,0.1392757660167131,0.43812709030100333,0.214,77.0,1.0,35.0,116.0,409.0,359.0,62.0,13.0,1.0,27.0,0.285,0.265,32.0,0,4.0,,95.0,1,0,13.0,1.0,,26.483375959079282,27.083999999999996
2024,CL,東京ヤクルトスワローズ,31735151,奥川　恭伸,Y.Okugawa,7.0,10.0,9.0,0.0,0.0,0.0,0.0,0.0,0.0,0.0,0.0,0,1.0,0.0,0.0,0,0.0,5.0,0.0,0.0,0.0,0.0,0.0,0.0,0.0,0.0,0.0,0.0,50.0,0.0,0.0,0.0,0.0,0.0,0.0,0.0,0.0,0.0,0.0,7.0,10.0,9.0,0.0,0.0,0.0,0.0,0.0,0.0,0.0,0,0.0,,0.0,0.0,0,1.0,0.0,,0.0,-0.882
2024,CL,中日ドラゴンズ,31835134,細川　成也,S.Hosokawa,143.0,600.0,534.0,59.0,156.0,30.0,0.0,23.0,255.0,67.0,0,1,0.0,1.0,60.0,0,5.0,159.0,13.0,0.292,0.368,0.478,0.846,103.0,0.186,0.07600000000000001,0.554,10.0,26.5,0.37735849056603776,0.37677053824362605,0.2851,527.3333333333334,0.299625468164794,0.8209718670076727,0.292,156.0,23.0,67.0,143.0,600.0,534.0,103.0,30.0,0.0,59.0,0.368,0.478,60.0,0,5.0,,255.0,0,1,0.0,1.0,,92.72727272727273,90.80600000000001
2024,CL,読売ジャイアンツ,31835157,船迫　大雅,H.Funabasama,51.0,1.0,0.0,0.0,0.0,0.0,0.0,0.0,0.0,1.0,0.0,0,0.0,1.0,0.0,0,0.0,0.0,0.0,,0.0,,0.0,0.0,0.0,0.0,,0.0,0.0,nan,0.0,0.0,0.0,nan,nan,,0.0,0.0,1.0,51.0,1.0,0.0,0.0,0.0,0.0,0.0,0.0,,0.0,0,0.0,,0.0,0.0,0,0.0,1.0,,nan,0.0
2024,CL,広島東洋カープ,31935138,島内　颯太郎,S.Shimauchi,58.0,0.0,0.0,0.0,0.0,0.0,0.0,0.0,0.0,0.0,0.0,0,0.0,0.0,0.0,0,0.0,0.0,0.0,,,,0.0,0.0,0.0,0.0,,nan,nan,nan,nan,0.0,0.0,nan,nan,,0.0,0.0,0.0,58.0,0.0,0.0,0.0,0.0,0.0,0.0,,,0.0,0,0.0,,0.0,0.0,0,0.0,0.0,,nan,0.0
2024,CL,横浜DeNAベイスターズ,31935139,関根　大気,T.Sekine,79.0,142.0,128.0,14.0,29.0,2.0,0.0,0.0,31.0,4.0,2,3,1.0,0.0,11.0,0,2.0,19.0,2.0,0.227,0.298,0.242,0.54,27.0,0.014999999999999986,0.07099999999999998,0.3129999999999999,7.746478873239436,13.380281690140844,0.5789473684210527,0.26605504587155965,0.1946,378.66666666666663,0.125,0.46534653465346537,0.227,29.0,0.0,4.0,79.0,142.0,128.0,27.0,2.0,0.0,14.0,0.298,0.242,11.0,0,2.0,,31.0,2,3,1.0,0.0,,8.920863309352518,10.068
2024,CL,読売ジャイアンツ,31935153,喜多　隆介,R.Kita,1.0,1.0,1.0,1.0,0.0,0.0,0.0,0.0,0.0,0.0,0.0,0,0.0,0.0,0.0,0,0.0,0.0,0.0,0.0,0.0,0.0,0.0,0.0,0.0,0.0,0.0,0.0,0.0,nan,0.0,0.0,0.0,0.0,0.0,0.0,0.0,0.0,0.0,1.0,1.0,1.0,0.0,0.0,0.0,1.0,0.0,0.0,0.0,0,0.0,,0.0,0.0,0,0.0,0.0,,0.0,-0.098
2024,CL,横浜DeNAベイスターズ,31935155,小園　健太,K.Kozono,1.0,0.0,0.0,0.0,0.0,0.0,0.0,0.0,0.0,0.0,0.0,0,0.0,0.0,0.0,0,0.0,0.0,0.0,,,,0.0,0.0,0.0,0.0,,nan,nan,nan,nan,0.0,0.0,nan,nan,,0.0,0.0,0.0,1.0,0.0,0.0,0.0,0.0,0.0,0.0,,,0.0,0,0.0,,0.0,0.0,0,0.0,0.0,,nan,0.0
2024,CL,横浜DeNAベイスターズ,3205159,M.フォード,M.Ford,6.0,22.0,20.0,1.0,4.0,0.0,0.0,1.0,7.0,2.0,0.0,0,0.0,0.0,2.0,0,0.0,2.0,0.0,0.2,0.273,0.35,0.623,3.0,0.14999999999999997,0.07300000000000001,0.423,9.090909090909092,9.090909090909092,1.0,0.17647058823529413,0.21035,389.6666666666667,0.25,0.5625,0.2,4.0,1.0,2.0,6.0,22.0,20.0,3.0,0.0,0.0,1.0,0.273,0.35,2.0,0,0.0,,7.0,0.0,0,0.0,0.0,,1.9090909090909092,2.032
2024,CL,東京ヤクルトスワローズ,33035159,M.ヤフーレ,M.Yajure,23.0,40.0,36.0,0.0,1.0,0.0,0.0,0.0,1.0,0.0,0.0,0,4.0,0.0,0.0,0,0.0,18.0,1.0,0.028,0.028,0.028,0.056,1.0,0.0,0.0,0.028,0.0,45.0,0.0,0.05555555555555555,0.0196,37.333333333333336,0.0,0.027777777777777776,0.028,1.0,0.0,0.0,23.0,40.0,36.0,1.0,0.0,0.0,0.0,0.028,0.028,0.0,0,0.0,,1.0,0.0,0,4.0,0.0,,0.027777777777777776,-2.93
2024,CL,読売ジャイアンツ,3305153,山﨑　伊織,I.Yamasaki,24.0,53.0,44.0,1.0,6.0,2.0,0.0,0.0,8.0,4.0,0.0,0,8.0,0.0,1.0,0,0.0,19.0,0.0,0.136,0.156,0.182,0.33799999999999997,4.0,0.045999999999999985,0.01999999999999999,0.2019999999999999,1.8867924528301887,35.84905660377358,0.05263157894736842,0.24,0.1157,216.66666666666669,0.06818181818181818,0.23684210526315788,0.136,6.0,0.0,4.0,24.0,53.0,44.0,4.0,2.0,0.0,1.0,0.156,0.182,1.0,0,0.0,,8.0,0.0,0,8.0,0.0,,1.2444444444444445,0.04599999999999982
2024,CL,東京ヤクルトスワローズ,33135132,山崎　晃大朗,K.Yamasaki,22.0,39.0,30.0,4.0,4.0,0.0,0.0,0.0,4.0,1.0,1,0,6.0,0.0,3.0,0,0.0,13.0,0.0,0.133,0.212,0.133,0.345,4.0,0.0,0.07899999999999999,0.212,7.6923076923076925,33.33333333333333,0.23076923076923078,0.23529411764705882,0.12865,256.3333333333333,0.1,0.2692307692307692,0.133,4.0,0.0,1.0,22.0,39.0,30.0,4.0,0.0,0.0,4.0,0.212,0.133,3.0,0,0.0,,4.0,1,0,6.0,0.0,,0.8484848484848485,0.44200000000000017
2024,CL,横浜DeNAベイスターズ,33135151,森　敬斗,K.Mori,71.0,200.0,187.0,16.0,47.0,12.0,1.0,0.0,61.0,5.0,8,6,0.0,1.0,12.0,0,0.0,43.0,4.0,0.251,0.295,0.326,0.621,34.0,0.07500000000000001,0.043999999999999984,0.37,6.0,21.5,0.27906976744186046,0.32413793103448274,0.21425,403.6666666666667,0.1711229946524064,0.5486111111111112,0.251,47.0,0.0,5.0,71.0,200.0,187.0,34.0,12.0,1.0,16.0,0.295,0.326,12.0,0,0.0,,61.0,8,6,0.0,1.0,,18.08542713567839,18.0
2024,CL,読売ジャイアンツ,33135159,又木　鉄平,T.Mataki,3.0,1.0,1.0,0.0,0.0,0.0,0.0,0.0,0.0,0.0,0.0,0,0.0,0.0,0.0,0,0.0,1.0,0.0,0.0,0.0,0.0,0.0,0.0,0.0,0.0,0.0,0.0,100.0,0.0,nan,0.0,0.0,0.0,0.0,0.0,0.0,0.0,0.0,3.0,1.0,1.0,0.0,0.0,0.0,0.0,0.0,0.0,0.0,0,0.0,,0.0,0.0,0,0.0,0.0,,0.0,-0.098
2024,CL,読売ジャイアンツ,33235159,E.ヘルナンデス,E.Hernandez,56.0,240.0,221.0,34.0,65.0,11.0,0.0,8.0,100.0,30.0,0,1,0.0,1.0,15.0,0,3.0,58.0,8.0,0.294,0.346,0.452,0.798,46.0,0.15800000000000003,0.05199999999999999,0.504,6.25,24.166666666666668,0.25862068965517243,0.36538461538461536,0.2687,496.66666666666663,0.23076923076923078,0.725609756097561,0.294,65.0,8.0,30.0,56.0,240.0,221.0,46.0,11.0,0.0,34.0,0.346,0.452,15.0,0,3.0,,100.0,0,1,0.0,1.0,,33.898305084745765,33.27199999999999
2024,CL,横浜DeNAベイスターズ,33535157,吉野　光樹,T.Yoshino,7.0,13.0,9.0,0.0,0.0,0.0,0.0,0.0,0.0,0.0,0.0,0,2.0,0.0,2.0,0,0.0,5.0,0.0,0.0,0.182,0.0,0.182,0.0,0.0,0.182,0.182,15.384615384615385,38.46153846153847,0.4,0.0,0.0819,182.0,0.2222222222222222,0.2222222222222222,0.0,0.0,0.0,0.0,7.0,13.0,9.0,0.0,0.0,0.0,0.0,0.182,0.0,2.0,0,0.0,,0.0,0.0,0,2.0,0.0,,0.0,-0.22199999999999998
2024,CL,横浜DeNAベイスターズ,33535159,度会　隆輝,R.Watarai,75.0,272.0,251.0,21.0,64.0,7.0,1.0,3.0,82.0,24.0,2.0,2,1.0,1.0,12.0,0,7.0,43.0,6.0,0.255,0.306,0.327,0.633,53.0,0.07200000000000001,0.05099999999999999,0.378,4.411764705882353,15.808823529411764,0.27906976744186046,0.2961165048543689,0.21944999999999998,415.0,0.12749003984063745,0.533678756476684,0.255,64.0,3.0,24.0,75.0,272.0,251.0,53.0,7.0,1.0,21.0,0.306,0.327,12.0,0,7.0,,82.0,2.0,2,1.0,1.0,,23.695817490494296,25.204
2024,CL,東京ヤクルトスワローズ,33735153,サイスニード,C.Sneed,24.0,36.0,28.0,1.0,3.0,1.0,0.0,0.0,4.0,1.0,0.0,0,8.0,0.0,0.0,0,0.0,12.0,0.0,0.107,0.107,0.143,0.25,2.0,0.03599999999999999,0.0,0.143,0.0,33.33333333333333,0.0,0.1875,0.0839,154.66666666666669,0.03571428571428571,0.16,0.107,3.0,0.0,1.0,24.0,36.0,28.0,2.0,1.0,0.0,1.0,0.107,0.143,0.0,0,0.0,,4.0,0.0,0,8.0,0.0,,0.42857142857142855,-0.7300000000000002
2024,CL,阪神タイガース,33735159,J.ゲラ,J.Guerra,59.0,0.0,0.0,0.0,0.0,0.0,0.0,0.0,0.0,0.0,0.0,0,0.0,0.0,0.0,0,0.0,0.0,0.0,,,,0.0,0.0,0.0,0.0,,nan,nan,nan,nan,0.0,0.0,nan,nan,,0.0,0.0,0.0,59.0,0.0,0.0,0.0,0.0,0.0,0.0,,,0.0,0,0.0,,0.0,0.0,0,0.0,0.0,,nan,0.0
2024,CL,中日ドラゴンズ,33935159,A.ディカーソン,A.Dickerson,32.0,102.0,88.0,9.0,18.0,4.0,0.0,3.0,31.0,5.0,1,0,0.0,0.0,12.0,0,2.0,19.0,2.0,0.205,0.314,0.352,0.6659999999999999,11.0,0.147,0.10900000000000001,0.4609999999999999,11.76470588235294,18.627450980392158,0.631578947368421,0.22727272727272727,0.2293,431.33333333333337,0.2840909090909091,0.625,0.205,18.0,3.0,5.0,32.0,102.0,88.0,11.0,4.0,0.0,9.0,0.314,0.352,12.0,0,2.0,,31.0,1,0,0.0,0.0,,9.3,10.46
2024,CL,横浜DeNAベイスターズ,3505159,R.ウィック,R.Wick,43.0,1.0,1.0,0.0,0.0,0.0,0.0,0.0,0.0,0.0,0.0,0,0.0,0.0,0.0,0,0.0,1.0,0.0,0.0,0.0,0.0,0.0,0.0,0.0,0.0,0.0,0.0,100.0,0.0,nan,0.0,0.0,0.0,0.0,0.0,0.0,0.0,0.0,43.0,1.0,1.0,0.0,0.0,0.0,0.0,0.0,0.0,0.0,0,0.0,,0.0,0.0,0,0.0,0.0,,0.0,-0.098
2024,CL,読売ジャイアンツ,3705157,F.グリフィン,F.Griffin,20.0,35.0,30.0,0.0,3.0,2.0,0.0,0.0,5.0,2.0,0.0,0,5.0,0.0,0.0,0,0.0,11.0,0.0,0.1,0.1,0.167,0.267,1.0,0.067,0.0,0.167,0.0,31.428571428571427,0.0,0.15789473684210525,0.08675000000000001,155.66666666666669,0.06666666666666667,0.18518518518518517,0.1,3.0,0.0,2.0,20.0,35.0,30.0,1.0,2.0,0.0,0.0,0.1,0.167,0.0,0,0.0,,5.0,0.0,0,5.0,0.0,,0.5,-0.706
2024,CL,阪神タイガース,3905157,J.ビーズリー,J.Beasley,14.0,23.0,21.0,2.0,0.0,0.0,0.0,0.0,0.0,0.0,0.0,0,1.0,0.0,1.0,0,0.0,11.0,0.0,0.0,0.045,0.0,0.045,0.0,0.0,0.045,0.045,4.3478260869565215,47.82608695652174,0.09090909090909091,0.0,0.02025,45.0,0.047619047619047616,0.047619047619047616,0.0,0.0,0.0,0.0,14.0,23.0,21.0,0.0,0.0,0.0,2.0,0.045,0.0,1.0,0,0.0,,0.0,0.0,0,1.0,0.0,,0.0,-1.7280000000000002
2024,CL,読売ジャイアンツ,41045138,戸郷　翔征,S.Togou,26.0,56.0,39.0,1.0,2.0,0.0,0.0,0.0,2.0,2.0,0.0,0,16.0,0.0,1.0,0,0.0,21.0,1.0,0.051,0.075,0.051,0.126,2.0,0.0,0.024,0.075,1.7857142857142856,37.5,0.047619047619047616,0.1111111111111111,0.0465,92.0,0.02564102564102564,0.07894736842105263,0.051,2.0,0.0,2.0,26.0,56.0,39.0,2.0,0.0,0.0,1.0,0.075,0.051,1.0,0,0.0,,2.0,0.0,0,16.0,0.0,,0.15,-2.2960000000000003
2024,CL,阪神タイガース,41045153,佐藤　輝明,T.Satou,120.0,496.0,451.0,58.0,121.0,21.0,4.0,16.0,198.0,70.0,0,2,0.0,4.0,36.0,0,5.0,133.0,11.0,0.268,0.327,0.439,0.766,80.0,0.17099999999999999,0.059,0.498,7.258064516129033,26.814516129032256,0.2706766917293233,0.3431372549019608,0.2569,473.33333333333337,0.2549889135254989,0.7067448680351907,0.268,121.0,16.0,70.0,120.0,496.0,451.0,80.0,21.0,4.0,58.0,0.327,0.439,36.0,0,5.0,,198.0,0,2,0.0,4.0,,63.831622176591374,63.86999999999999
2024,CL,広島東洋カープ,41045159,髙　太一,T.Taka,1.0,0.0,0.0,0.0,0.0,0.0,0.0,0.0,0.0,0.0,0.0,0,0.0,0.0,0.0,0,0.0,0.0,0.0,,,,0.0,0.0,0.0,0.0,,nan,nan,nan,nan,0.0,0.0,nan,nan,,0.0,0.0,0.0,1.0,0.0,0.0,0.0,0.0,0.0,0.0,,,0.0,0,0.0,,0.0,0.0,0,0.0,0.0,,nan,0.0
2024,CL,中日ドラゴンズ,41145134,石垣　雅海,M.Ishigaki,9.0,10.0,10.0,0.0,2.0,1.0,0.0,0.0,3.0,0.0,1,0,0.0,0.0,0.0,0,0.0,0.0,0.0,0.2,0.2,0.3,0.5,1.0,0.09999999999999998,0.0,0.3,0.0,0.0,nan,0.2,0.165,300.0,0.1,0.375,0.2,2.0,0.0,0.0,9.0,10.0,10.0,1.0,1.0,0.0,0.0,0.2,0.3,0.0,0,0.0,,3.0,1,0,0.0,0.0,,0.6,0.43599999999999994
2024,CL,横浜DeNAベイスターズ,41145151,伊勢　大夢,H.Ise,37.0,0.0,0.0,0.0,0.0,0.0,0.0,0.0,0.0,0.0,0.0,0,0.0,0.0,0.0,0,0.0,0.0,0.0,,,,0.0,0.0,0.0,0.0,,nan,nan,nan,nan,0.0,0.0,nan,nan,,0.0,0.0,0.0,37.0,0.0,0.0,0.0,0.0,0.0,0.0,,,0.0,0,0.0,,0.0,0.0,0,0.0,0.0,,nan,0.0
2024,CL,阪神タイガース,41145153,石井　大智,D.Ishii,56.0,0.0,0.0,0.0,0.0,0.0,0.0,0.0,0.0,0.0,0.0,0,0.0,0.0,0.0,0,0.0,0.0,0.0,,,,0.0,0.0,0.0,0.0,,nan,nan,nan,nan,0.0,0.0,nan,nan,,0.0,0.0,0.0,56.0,0.0,0.0,0.0,0.0,0.0,0.0,,,0.0,0,0.0,,0.0,0.0,0,0.0,0.0,,nan,0.0
2024,CL,東京ヤクルトスワローズ,41145159,石原　勇輝,Y.Ishihara,1.0,0.0,0.0,0.0,0.0,0.0,0.0,0.0,0.0,0.0,0.0,0,0.0,0.0,0.0,0,0.0,0.0,0.0,,,,0.0,0.0,0.0,0.0,,nan,nan,nan,nan,0.0,0.0,nan,nan,,0.0,0.0,0.0,1.0,0.0,0.0,0.0,0.0,0.0,0.0,,,0.0,0,0.0,,0.0,0.0,0,0.0,0.0,,nan,0.0
2024,CL,横浜DeNAベイスターズ,41245132,戸柱　恭孝,Y.Tobashira,46.0,97.0,90.0,4.0,22.0,4.0,0.0,0.0,26.0,4.0,0.0,0,1.0,0.0,5.0,0,1.0,15.0,5.0,0.244,0.292,0.289,0.581,18.0,0.044999999999999984,0.04799999999999999,0.3369999999999999,5.154639175257731,15.463917525773196,0.3333333333333333,0.29333333333333333,0.20365,388.3333333333333,0.1,0.4383561643835616,0.244,22.0,0.0,4.0,46.0,97.0,90.0,18.0,4.0,0.0,4.0,0.292,0.289,5.0,0,1.0,,26.0,0.0,0,1.0,0.0,,7.389473684210526,7.195999999999999
2024,CL,東京ヤクルトスワローズ,41245133,西田　明央,A.Nishida,24.0,24.0,22.0,0.0,3.0,1.0,0.0,0.0,4.0,2.0,0.0,0,0.0,1.0,1.0,0,0.0,2.0,1.0,0.136,0.167,0.182,0.349,2.0,0.045999999999999985,0.031,0.213,4.166666666666666,8.333333333333332,0.5,0.14285714285714285,0.12065000000000001,227.66666666666669,0.09090909090909091,0.25,0.136,3.0,0.0,2.0,24.0,24.0,22.0,2.0,1.0,0.0,0.0,0.167,0.182,1.0,0,0.0,,4.0,0.0,0,0.0,1.0,,0.6956521739130435,0.18799999999999972
2024,CL,横浜DeNAベイスターズ,41245137,三嶋　一輝,K.Mishima,7.0,0.0,0.0,0.0,0.0,0.0,0.0,0.0,0.0,0.0,0.0,0,0.0,0.0,0.0,0,0.0,0.0,0.0,,,,0.0,0.0,0.0,0.0,,nan,nan,nan,nan,0.0,0.0,nan,nan,,0.0,0.0,0.0,7.0,0.0,0.0,0.0,0.0,0.0,0.0,,,0.0,0,0.0,,0.0,0.0,0,0.0,0.0,,nan,0.0
2024,CL,広島東洋カープ,41245151,玉村　昇悟,S.Tamamura,15.0,19.0,18.0,1.0,3.0,0.0,0.0,0.0,3.0,2.0,0.0,0,1.0,0.0,0.0,0,0.0,9.0,1.0,0.167,0.167,0.167,0.334,3.0,0.0,0.0,0.167,0.0,47.368421052631575,0.0,0.3333333333333333,0.1169,222.66666666666669,0.0,0.1875,0.167,3.0,0.0,2.0,15.0,19.0,18.0,3.0,0.0,0.0,1.0,0.167,0.167,0.0,0,0.0,,3.0,0.0,0,1.0,0.0,,0.5,0.030000000000000027
2024,CL,中日ドラゴンズ,41245157,仲地　礼亜,R.Nakachi,1.0,0.0,0.0,0.0,0.0,0.0,0.0,0.0,0.0,0.0,0.0,0,0.0,0.0,0.0,0,0.0,0.0,0.0,,,,0.0,0.0,0.0,0.0,,nan,nan,nan,nan,0.0,0.0,nan,nan,,0.0,0.0,0.0,1.0,0.0,0.0,0.0,0.0,0.0,0.0,,,0.0,0,0.0,,0.0,0.0,0,0.0,0.0,,nan,0.0
2024,CL,阪神タイガース,41345136,大竹　耕太郎,K.Ootake,24.0,51.0,46.0,2.0,8.0,1.0,0.0,0.0,9.0,3.0,0.0,0,5.0,0.0,0.0,0,0.0,22.0,2.0,0.174,0.174,0.196,0.37,7.0,0.02200000000000002,0.0,0.196,0.0,43.13725490196079,0.0,0.3333333333333333,0.1273,239.33333333333334,0.021739130434782608,0.225,0.174,8.0,0.0,3.0,24.0,51.0,46.0,7.0,1.0,0.0,2.0,0.174,0.196,0.0,0,0.0,,9.0,0.0,0,5.0,0.0,,1.565217391304348,0.49599999999999955
2024,CL,広島東洋カープ,41345151,宇草　孔基,K.Ugusa,41.0,75.0,66.0,10.0,16.0,2.0,0.0,3.0,27.0,8.0,3,1,3.0,0.0,4.0,0,2.0,22.0,1.0,0.242,0.306,0.409,0.715,11.0,0.16699999999999998,0.064,0.473,5.333333333333334,29.333333333333332,0.18181818181818182,0.3170731707317073,0.23995,442.33333333333337,0.24242424242424243,0.6666666666666666,0.242,16.0,3.0,8.0,41.0,75.0,66.0,11.0,2.0,0.0,10.0,0.306,0.409,4.0,0,2.0,,27.0,3,1,3.0,0.0,,7.714285714285714,8.52
2024,CL,読売ジャイアンツ,41445136,馬場　皐輔,K.Baba,1.0,0.0,0.0,0.0,0.0,0.0,0.0,0.0,0.0,0.0,0.0,0,0.0,0.0,0.0,0,0.0,0.0,0.0,,,,0.0,0.0,0.0,0.0,,nan,nan,nan,nan,0.0,0.0,nan,nan,,0.0,0.0,0.0,1.0,0.0,0.0,0.0,0.0,0.0,0.0,,,0.0,0,0.0,,0.0,0.0,0,0.0,0.0,,nan,0.0
2024,CL,阪神タイガース,41445153,中野　拓夢,T.Nakano,143.0,634.0,547.0,63.0,127.0,20.0,2.0,1.0,154.0,32.0,6,7,35.0,1.0,46.0,0,5.0,97.0,10.0,0.232,0.297,0.282,0.579,104.0,0.04999999999999996,0.06499999999999997,0.347,7.255520504731862,15.29968454258675,0.4742268041237113,0.28,0.20415,390.99999999999994,0.14625228519195613,0.4930232558139535,0.232,127.0,1.0,32.0,143.0,634.0,547.0,104.0,20.0,2.0,63.0,0.297,0.282,46.0,0,5.0,,154.0,6,7,35.0,1.0,,44.92748735244519,46.85
2024,CL,広島東洋カープ,41445159,仲田　侑仁,Y.Nakada,1.0,4.0,4.0,1.0,1.0,0.0,0.0,0.0,1.0,0.0,0.0,0,0.0,0.0,0.0,0,0.0,1.0,0.0,0.25,0.25,0.25,0.5,1.0,0.0,0.0,0.25,0.0,25.0,0.0,0.3333333333333333,0.175,333.3333333333333,0.0,0.3333333333333333,0.25,1.0,0.0,0.0,1.0,4.0,4.0,1.0,0.0,0.0,1.0,0.25,0.25,0.0,0,0.0,,1.0,0.0,0,0.0,0.0,,0.25,0.20599999999999996
2024,CL,中日ドラゴンズ,41545130,加藤　匠馬,T.Katou,86.0,133.0,123.0,5.0,21.0,3.0,2.0,0.0,28.0,5.0,0.0,0,8.0,0.0,2.0,0,0.0,41.0,4.0,0.171,0.184,0.228,0.41200000000000003,16.0,0.056999999999999995,0.012999999999999984,0.241,1.5037593984962405,30.82706766917293,0.04878048780487805,0.25609756097560976,0.1398,260.0,0.07317073170731707,0.2830188679245283,0.171,21.0,0.0,5.0,86.0,133.0,123.0,16.0,3.0,2.0,5.0,0.184,0.228,2.0,0,0.0,,28.0,0.0,0,8.0,0.0,,5.152,2.904
2024,CL,東京ヤクルトスワローズ,41545151,大西　広樹,H.Oonishi,60.0,1.0,1.0,0.0,0.0,0.0,0.0,0.0,0.0,0.0,0.0,0,0.0,0.0,0.0,0,0.0,1.0,0.0,0.0,0.0,0.0,0.0,0.0,0.0,0.0,0.0,0.0,100.0,0.0,nan,0.0,0.0,0.0,0.0,0.0,0.0,0.0,0.0,60.0,1.0,1.0,0.0,0.0,0.0,0.0,0.0,0.0,0.0,0,0.0,,0.0,0.0,0,0.0,0.0,,0.0,-0.098
2024,CL,広島東洋カープ,41545153,大道　温貴,H.Oomichi,4.0,0.0,0.0,0.0,0.0,0.0,0.0,0.0,0.0,0.0,0.0,0,0.0,0.0,0.0,0,0.0,0.0,0.0,,,,0.0,0.0,0.0,0.0,,nan,nan,nan,nan,0.0,0.0,nan,nan,,0.0,0.0,0.0,4.0,0.0,0.0,0.0,0.0,0.0,0.0,,,0.0,0,0.0,,0.0,0.0,0,0.0,0.0,,nan,0.0
2024,CL,中日ドラゴンズ,41645132,福　敬登,H.Fuku,13.0,1.0,1.0,0.0,0.0,0.0,0.0,0.0,0.0,0.0,0.0,0,0.0,0.0,0.0,0,0.0,1.0,0.0,0.0,0.0,0.0,0.0,0.0,0.0,0.0,0.0,0.0,100.0,0.0,nan,0.0,0.0,0.0,0.0,0.0,0.0,0.0,0.0,13.0,1.0,1.0,0.0,0.0,0.0,0.0,0.0,0.0,0.0,0,0.0,,0.0,0.0,0,0.0,0.0,,0.0,-0.098
2024,CL,阪神タイガース,41745134,才木　浩人,H.Saiki,25.0,52.0,40.0,1.0,3.0,1.0,0.0,0.0,4.0,1.0,0.0,0,7.0,0.0,5.0,0,0.0,25.0,1.0,0.075,0.178,0.1,0.278,2.0,0.02500000000000001,0.103,0.203,9.615384615384617,48.07692307692308,0.2,0.2,0.1051,211.33333333333331,0.15,0.23684210526315788,0.075,3.0,0.0,1.0,25.0,52.0,40.0,2.0,1.0,0.0,1.0,0.178,0.1,5.0,0,0.0,,4.0,0.0,0,7.0,0.0,,0.7111111111111111,-0.2560000000000002
2024,CL,読売ジャイアンツ,41745137,菅野　智之,T.Sugano,24.0,53.0,45.0,1.0,4.0,0.0,0.0,0.0,4.0,0.0,0.0,0,6.0,0.0,2.0,0,0.0,26.0,1.0,0.089,0.128,0.089,0.217,4.0,0.0,0.03900000000000001,0.128,3.7735849056603774,49.056603773584904,0.07692307692307693,0.21052631578947367,0.07985,157.66666666666669,0.044444444444444446,0.14285714285714285,0.089,4.0,0.0,0.0,24.0,53.0,45.0,4.0,0.0,0.0,1.0,0.128,0.089,2.0,0,0.0,,4.0,0.0,0,6.0,0.0,,0.5106382978723404,-1.3579999999999997
2024,CL,広島東洋カープ,41745155,黒原　拓未,T.Kurohara,53.0,2.0,1.0,1.0,1.0,0.0,1.0,0.0,3.0,1.0,0.0,0,1.0,0.0,0.0,0,0.0,0.0,0.0,1.0,1.0,3.0,4.0,0.0,2.0,0.0,3.0,0.0,0.0,nan,1.0,1.2,2000.0,2.0,nan,1.0,1.0,0.0,1.0,53.0,2.0,1.0,0.0,0.0,1.0,1.0,1.0,3.0,0.0,0,0.0,,3.0,0.0,0,1.0,0.0,,3.0,1.04
2024,CL,横浜DeNAベイスターズ,41845130,山﨑　康晃,Y.Yamasaki,38.0,0.0,0.0,0.0,0.0,0.0,0.0,0.0,0.0,0.0,0.0,0,0.0,0.0,0.0,0,0.0,0.0,0.0,,,,0.0,0.0,0.0,0.0,,nan,nan,nan,nan,0.0,0.0,nan,nan,,0.0,0.0,0.0,38.0,0.0,0.0,0.0,0.0,0.0,0.0,,,0.0,0,0.0,,0.0,0.0,0,0.0,0.0,,nan,0.0
2024,CL,東京ヤクルトスワローズ,41845136,村上　宗隆,M.Murakami,143.0,610.0,500.0,82.0,122.0,13.0,1.0,33.0,236.0,86.0,10,5,0.0,1.0,105.0,0,4.0,180.0,6.0,0.244,0.379,0.472,0.851,75.0,0.22799999999999998,0.135,0.607,17.21311475409836,29.508196721311474,0.5833333333333334,0.3090277777777778,0.28855,536.3333333333334,0.448,0.9114583333333334,0.244,122.0,33.0,86.0,143.0,610.0,500.0,75.0,13.0,1.0,82.0,0.379,0.472,105.0,0,4.0,,236.0,10,5,0.0,1.0,,88.54876033057852,95.24599999999998
2024,CL,横浜DeNAベイスターズ,41945131,筒香　嘉智,Y.Tsutsugou,57.0,168.0,149.0,12.0,28.0,6.0,3.0,7.0,61.0,23.0,0.0,0,0.0,1.0,16.0,0,2.0,51.0,5.0,0.188,0.274,0.409,0.683,12.0,0.22099999999999997,0.08600000000000002,0.495,9.523809523809524,30.357142857142854,0.3137254901960784,0.22826086956521738,0.22555,410.3333333333333,0.3288590604026846,0.626984126984127,0.188,28.0,7.0,23.0,57.0,168.0,149.0,12.0,6.0,3.0,12.0,0.274,0.409,16.0,0,2.0,,61.0,0.0,0,0.0,1.0,,16.266666666666666,17.602000000000004
2024,CL,横浜DeNAベイスターズ,41945132,柴田　竜拓,T.Shibata,82.0,34.0,23.0,4.0,6.0,0.0,0.0,0.0,6.0,2.0,1,0,7.0,0.0,3.0,0,1.0,7.0,0.0,0.261,0.37,0.261,0.631,6.0,0.0,0.10899999999999999,0.37,8.823529411764707,20.588235294117645,0.42857142857142855,0.375,0.23175,457.0,0.13043478260869565,0.5882352941176471,0.261,6.0,0.0,2.0,82.0,34.0,23.0,6.0,0.0,0.0,4.0,0.37,0.261,3.0,0,1.0,,6.0,1,0,7.0,0.0,,2.076923076923077,2.654
2024,CL,東京ヤクルトスワローズ,41945139,田口　麗斗,K.Taguchi,41.0,0.0,0.0,0.0,0.0,0.0,0.0,0.0,0.0,0.0,0.0,0,0.0,0.0,0.0,0,0.0,0.0,0.0,,,,0.0,0.0,0.0,0.0,,nan,nan,nan,nan,0.0,0.0,nan,nan,,0.0,0.0,0.0,41.0,0.0,0.0,0.0,0.0,0.0,0.0,,,0.0,0,0.0,,0.0,0.0,0,0.0,0.0,,nan,0.0
2024,CL,読売ジャイアンツ,43145136,湯浅　大,D.Yuasa,19.0,7.0,6.0,2.0,1.0,0.0,0.0,0.0,1.0,2.0,0,1,1.0,0.0,0.0,0,0.0,2.0,0.0,0.167,0.167,0.167,0.334,1.0,0.0,0.0,0.167,0.0,28.57142857142857,0.0,0.25,0.1169,222.66666666666669,0.16666666666666666,0.4,0.167,1.0,0.0,2.0,19.0,7.0,6.0,1.0,0.0,0.0,2.0,0.167,0.167,0.0,0,0.0,,1.0,0,1,1.0,0.0,,0.16666666666666666,0.18999999999999995
2024,CL,東京ヤクルトスワローズ,43145153,丸山　翔大,S.Maruyama,27.0,0.0,0.0,0.0,0.0,0.0,0.0,0.0,0.0,0.0,0.0,0,0.0,0.0,0.0,0,0.0,0.0,0.0,,,,0.0,0.0,0.0,0.0,,nan,nan,nan,nan,0.0,0.0,nan,nan,,0.0,0.0,0.0,27.0,0.0,0.0,0.0,0.0,0.0,0.0,,,0.0,0,0.0,,0.0,0.0,0,0.0,0.0,,nan,0.0
2024,CL,阪神タイガース,43145157,森下　翔太,S.Morishita,129.0,526.0,458.0,64.0,126.0,24.0,2.0,16.0,202.0,73.0,0,2,0.0,3.0,53.0,0,12.0,78.0,13.0,0.275,0.363,0.441,0.804,84.0,0.16599999999999998,0.08799999999999997,0.5289999999999999,10.076045627376425,14.82889733840304,0.6794871794871795,0.2997275204359673,0.2736,510.0,0.28602620087336245,0.7797101449275362,0.275,126.0,16.0,73.0,129.0,526.0,458.0,84.0,24.0,2.0,64.0,0.363,0.441,53.0,0,12.0,,202.0,0,2,0.0,3.0,,70.75929549902153,73.674
2024,CL,東京ヤクルトスワローズ,43245157,E.ロドリゲス,E.Rodriguez,32.0,2.0,1.0,0.0,0.0,0.0,0.0,0.0,0.0,0.0,0.0,0,1.0,0.0,0.0,0,0.0,1.0,0.0,0.0,0.0,0.0,0.0,0.0,0.0,0.0,0.0,0.0,50.0,0.0,nan,0.0,0.0,0.0,0.0,0.0,0.0,0.0,0.0,32.0,2.0,1.0,0.0,0.0,0.0,0.0,0.0,0.0,0.0,0,0.0,,0.0,0.0,0,1.0,0.0,,0.0,-0.098
2024,CL,横浜DeNAベイスターズ,43545151,Y.ディアス,Y.Diaz,7.0,0.0,0.0,0.0,0.0,0.0,0.0,0.0,0.0,0.0,0.0,0,0.0,0.0,0.0,0,0.0,0.0,0.0,,,,0.0,0.0,0.0,0.0,,nan,nan,nan,nan,0.0,0.0,nan,nan,,0.0,0.0,0.0,7.0,0.0,0.0,0.0,0.0,0.0,0.0,,,0.0,0,0.0,,0.0,0.0,0,0.0,0.0,,nan,0.0
2024,CL,横浜DeNAベイスターズ,43745159,A.ジャクソン,A.Jackson,25.0,51.0,41.0,1.0,4.0,0.0,0.0,0.0,4.0,1.0,0.0,0,8.0,0.0,2.0,0,0.0,28.0,1.0,0.098,0.14,0.098,0.23800000000000002,4.0,0.0,0.04200000000000001,0.14,3.9215686274509802,54.90196078431373,0.07142857142857142,0.3076923076923077,0.08750000000000002,172.66666666666669,0.04878048780487805,0.15789473684210525,0.098,4.0,0.0,1.0,25.0,51.0,41.0,4.0,0.0,0.0,1.0,0.14,0.098,2.0,0,0.0,,4.0,0.0,0,8.0,0.0,,0.5581395348837209,-0.9660000000000002
2024,CL,東京ヤクルトスワローズ,51055132,高橋　奎二,K.Takahashi,21.0,40.0,38.0,2.0,6.0,0.0,0.0,0.0,6.0,0.0,0.0,0,1.0,0.0,1.0,0,0.0,16.0,0.0,0.158,0.179,0.158,0.33699999999999997,6.0,0.0,0.02099999999999999,0.179,2.5,40.0,0.0625,0.2727272727272727,0.12004999999999999,231.66666666666666,0.02631578947368421,0.21875,0.158,6.0,0.0,0.0,21.0,40.0,38.0,6.0,0.0,0.0,2.0,0.179,0.158,1.0,0,0.0,,6.0,0.0,0,1.0,0.0,,1.0769230769230769,0.19399999999999995
2024,CL,阪神タイガース,51055133,島本　浩也,H.Shimamoto,33.0,0.0,0.0,0.0,0.0,0.0,0.0,0.0,0.0,0.0,0.0,0,0.0,0.0,0.0,0,0.0,0.0,0.0,,,,0.0,0.0,0.0,0.0,,nan,nan,nan,nan,0.0,0.0,nan,nan,,0.0,0.0,0.0,33.0,0.0,0.0,0.0,0.0,0.0,0.0,,,0.0,0,0.0,,0.0,0.0,0,0.0,0.0,,nan,0.0
2024,CL,阪神タイガース,51055153,榮枝　裕貴,Y.Sakaeda,1.0,0.0,0.0,0.0,0.0,0.0,0.0,0.0,0.0,0.0,0.0,0,0.0,0.0,0.0,0,0.0,0.0,0.0,,,,0.0,0.0,0.0,0.0,,nan,nan,nan,nan,0.0,0.0,nan,nan,,0.0,0.0,0.0,1.0,0.0,0.0,0.0,0.0,0.0,0.0,,,0.0,0,0.0,,0.0,0.0,0,0.0,0.0,,nan,0.0
2024,CL,広島東洋カープ,51055155,末包　昇大,S.Suekane,79.0,304.0,286.0,22.0,68.0,14.0,0.0,9.0,109.0,37.0,1,2,0.0,0.0,12.0,0,6.0,85.0,6.0,0.238,0.283,0.381,0.6639999999999999,45.0,0.14300000000000002,0.044999999999999984,0.426,3.9473684210526314,27.960526315789476,0.1411764705882353,0.3072916666666667,0.2226,410.0,0.19230769230769232,0.5758928571428571,0.238,68.0,9.0,37.0,79.0,304.0,286.0,45.0,14.0,0.0,22.0,0.283,0.381,12.0,0,6.0,,109.0,1,2,0.0,0.0,,29.261744966442954,30.475999999999996
2024,CL,横浜DeNAベイスターズ,51155136,東　克樹,K.Azuma,26.0,63.0,51.0,3.0,5.0,0.0,0.0,0.0,5.0,1.0,0.0,0,8.0,0.0,4.0,0,0.0,16.0,1.0,0.098,0.164,0.098,0.262,5.0,0.0,0.066,0.164,6.349206349206349,25.396825396825395,0.25,0.14285714285714285,0.0983,196.66666666666669,0.0784313725490196,0.19148936170212766,0.098,5.0,0.0,1.0,26.0,63.0,51.0,5.0,0.0,0.0,3.0,0.164,0.098,4.0,0,0.0,,5.0,0.0,0,8.0,0.0,,0.8181818181818182,-0.6879999999999997
2024,CL,横浜DeNAベイスターズ,51155151,東妻　純平,J.Azuma,3.0,2.0,2.0,0.0,1.0,1.0,0.0,0.0,2.0,1.0,0.0,0,0.0,0.0,0.0,0,0.0,0.0,0.0,0.5,0.5,1.0,1.5,0.0,0.5,0.0,1.0,0.0,0.0,nan,0.5,0.475,833.3333333333333,0.5,2.0,0.5,1.0,0.0,1.0,3.0,2.0,2.0,0.0,1.0,0.0,0.0,0.5,1.0,0.0,0,0.0,,2.0,0.0,0,0.0,0.0,,1.0,0.622
2024,CL,東京ヤクルトスワローズ,51155153,赤羽　由紘,Y.Akahane,36.0,65.0,58.0,4.0,14.0,2.0,0.0,2.0,22.0,6.0,4,0,4.0,1.0,1.0,0,1.0,16.0,0.0,0.241,0.262,0.379,0.641,10.0,0.138,0.02100000000000002,0.4,1.5384615384615385,24.615384615384617,0.0625,0.2926829268292683,0.21265,388.3333333333333,0.15517241379310345,0.5454545454545454,0.241,14.0,2.0,6.0,36.0,65.0,58.0,10.0,2.0,0.0,4.0,0.262,0.379,1.0,0,1.0,,22.0,4,0,4.0,1.0,,5.593220338983051,5.668
2024,CL,読売ジャイアンツ,51155155,赤星　優志,Y.Akahoshi,21.0,16.0,12.0,0.0,0.0,0.0,0.0,0.0,0.0,1.0,0.0,0,4.0,0.0,0.0,0,0.0,3.0,0.0,0.0,0.0,0.0,0.0,0.0,0.0,0.0,0.0,0.0,18.75,0.0,0.0,0.0,0.0,0.0,0.0,0.0,0.0,0.0,1.0,21.0,16.0,12.0,0.0,0.0,0.0,0.0,0.0,0.0,0.0,0,0.0,,0.0,0.0,0,4.0,0.0,,0.0,-1.1760000000000002
2024,CL,東京ヤクルトスワローズ,51255118,中村　悠平,Y.Nakamura,96.0,353.0,291.0,16.0,69.0,9.0,0.0,0.0,78.0,23.0,0.0,0,26.0,2.0,30.0,0,4.0,54.0,7.0,0.237,0.315,0.268,0.583,60.0,0.031000000000000028,0.07800000000000001,0.346,8.498583569405099,15.29745042492918,0.5555555555555556,0.28870292887029286,0.20875000000000002,404.3333333333333,0.13402061855670103,0.4890829694323144,0.237,69.0,0.0,23.0,96.0,353.0,291.0,60.0,9.0,0.0,16.0,0.315,0.268,30.0,0,4.0,,78.0,0.0,0,26.0,2.0,,24.05607476635514,25.943999999999996
2024,CL,阪神タイガース,51255157,富田　蓮,R.Tomida,33.0,0.0,0.0,0.0,0.0,0.0,0.0,0.0,0.0,0.0,0.0,0,0.0,0.0,0.0,0,0.0,0.0,0.0,,,,0.0,0.0,0.0,0.0,,nan,nan,nan,nan,0.0,0.0,nan,nan,,0.0,0.0,0.0,33.0,0.0,0.0,0.0,0.0,0.0,0.0,,,0.0,0,0.0,,0.0,0.0,0,0.0,0.0,,nan,0.0
2024,CL,中日ドラゴンズ,51355134,梅野　雄吾,Y.Umeno,18.0,0.0,0.0,0.0,0.0,0.0,0.0,0.0,0.0,0.0,0.0,0,0.0,0.0,0.0,0,0.0,0.0,0.0,,,,0.0,0.0,0.0,0.0,,nan,nan,nan,nan,0.0,0.0,nan,nan,,0.0,0.0,0.0,18.0,0.0,0.0,0.0,0.0,0.0,0.0,,,0.0,0,0.0,,0.0,0.0,0,0.0,0.0,,nan,0.0
2024,CL,阪神タイガース,51355139,岩貞　祐太,Y.Iwasada,2.0,0.0,0.0,0.0,0.0,0.0,0.0,0.0,0.0,0.0,0.0,0,0.0,0.0,0.0,0,0.0,0.0,0.0,,,,0.0,0.0,0.0,0.0,,nan,nan,nan,nan,0.0,0.0,nan,nan,,0.0,0.0,0.0,2.0,0.0,0.0,0.0,0.0,0.0,0.0,,,0.0,0,0.0,,0.0,0.0,0,0.0,0.0,,nan,0.0
2024,CL,読売ジャイアンツ,51355151,井上　温大,H.Inoue,25.0,34.0,28.0,1.0,4.0,0.0,0.0,0.0,4.0,2.0,0.0,0,5.0,0.0,1.0,0,0.0,9.0,0.0,0.143,0.172,0.143,0.31499999999999995,4.0,0.0,0.028999999999999998,0.172,2.941176470588235,26.47058823529412,0.1111111111111111,0.21052631578947367,0.11315,219.66666666666666,0.03571428571428571,0.20833333333333334,0.143,4.0,0.0,2.0,25.0,34.0,28.0,4.0,0.0,0.0,1.0,0.172,0.143,1.0,0,0.0,,4.0,0.0,0,5.0,0.0,,0.6896551724137931,-0.02200000000000024
2024,CL,東京ヤクルトスワローズ,51355155,岩田　幸宏,Y.Iwata,81.0,140.0,123.0,19.0,28.0,2.0,0.0,1.0,33.0,7.0,10,0,9.0,0.0,6.0,0,2.0,22.0,2.0,0.228,0.275,0.268,0.543,25.0,0.04000000000000001,0.047000000000000014,0.315,4.285714285714286,15.714285714285714,0.2727272727272727,0.27,0.19075000000000003,364.3333333333333,0.08943089430894309,0.422680412371134,0.228,28.0,1.0,7.0,81.0,140.0,123.0,25.0,2.0,0.0,19.0,0.275,0.268,6.0,0,2.0,,33.0,10,0,9.0,0.0,,8.69767441860465,8.709999999999999
2024,CL,広島東洋カープ,51355157,内田　湘大,S.Uchida,1.0,3.0,3.0,0.0,1.0,0.0,0.0,0.0,1.0,0.0,0.0,0,0.0,0.0,0.0,0,0.0,0.0,0.0,0.333,0.333,0.333,0.666,1.0,0.0,0.0,0.333,0.0,0.0,nan,0.3333333333333333,0.23310000000000003,444.0,0.0,0.5,0.333,1.0,0.0,0.0,1.0,3.0,3.0,1.0,0.0,0.0,0.0,0.333,0.333,0.0,0,0.0,,1.0,0.0,0,0.0,0.0,,0.3333333333333333,0.304
2024,CL,横浜DeNAベイスターズ,51455137,宮﨑　敏郎,T.Miyazaki,125.0,469.0,410.0,49.0,116.0,24.0,0.0,14.0,182.0,56.0,1.0,1,0.0,1.0,52.0,0,6.0,29.0,9.0,0.283,0.371,0.444,0.815,78.0,0.16100000000000003,0.08800000000000002,0.532,11.087420042643924,6.183368869936034,1.793103448275862,0.27717391304347827,0.27795000000000003,519.0,0.29024390243902437,0.7953795379537953,0.283,116.0,14.0,56.0,125.0,469.0,410.0,78.0,24.0,0.0,49.0,0.371,0.444,52.0,0,6.0,,182.0,1.0,1,0.0,1.0,,66.18181818181819,66.94800000000001
2024,CL,東京ヤクルトスワローズ,51455151,長岡　秀樹,H.Nagaoka,143.0,611.0,566.0,63.0,163.0,25.0,1.0,6.0,208.0,58.0,4,1,10.0,3.0,29.0,0,3.0,70.0,6.0,0.288,0.324,0.367,0.6910000000000001,131.0,0.07900000000000001,0.03600000000000003,0.403,4.746317512274959,11.456628477905074,0.4142857142857143,0.3184584178498986,0.23755,446.33333333333337,0.13250883392226148,0.589242053789731,0.288,163.0,6.0,58.0,143.0,611.0,566.0,131.0,25.0,1.0,63.0,0.324,0.367,29.0,0,3.0,,208.0,4,1,10.0,3.0,,67.11932773109244,64.42600000000002
2024,CL,中日ドラゴンズ,51455153,土田　龍空,R.Tsuchida,17.0,45.0,44.0,1.0,7.0,1.0,0.0,0.0,8.0,2.0,1,0,0.0,0.0,1.0,0,0.0,11.0,0.0,0.159,0.178,0.182,0.36,6.0,0.022999999999999993,0.01899999999999999,0.2009999999999999,2.2222222222222223,24.444444444444443,0.09090909090909091,0.21212121212121213,0.1256,238.66666666666666,0.045454545454545456,0.24324324324324326,0.159,7.0,0.0,2.0,17.0,45.0,44.0,6.0,1.0,0.0,1.0,0.178,0.182,1.0,0,0.0,,8.0,1,0,0.0,0.0,,1.4222222222222223,0.4239999999999995
2024,CL,東京ヤクルトスワローズ,51555136,金久保　優斗,Y.Kanakubo,5.0,1.0,1.0,0.0,0.0,0.0,0.0,0.0,0.0,0.0,0.0,0,0.0,0.0,0.0,0,0.0,1.0,0.0,0.0,0.0,0.0,0.0,0.0,0.0,0.0,0.0,0.0,100.0,0.0,nan,0.0,0.0,0.0,0.0,0.0,0.0,0.0,0.0,5.0,1.0,1.0,0.0,0.0,0.0,0.0,0.0,0.0,0.0,0,0.0,,0.0,0.0,0,0.0,0.0,,0.0,-0.098
2024,CL,横浜DeNAベイスターズ,51555151,蝦名　達夫,T.Ebina,76.0,253.0,223.0,28.0,57.0,13.0,0.0,3.0,79.0,17.0,3,7,6.0,1.0,17.0,0,6.0,51.0,1.0,0.256,0.324,0.354,0.6779999999999999,41.0,0.09799999999999998,0.068,0.422,6.719367588932807,20.158102766798418,0.3333333333333333,0.3176470588235294,0.2343,442.0,0.2062780269058296,0.6526946107784432,0.256,57.0,3.0,17.0,76.0,253.0,223.0,41.0,13.0,0.0,28.0,0.324,0.354,17.0,0,6.0,,79.0,3,7,6.0,1.0,,24.358333333333334,26.762
2024,CL,横浜DeNAベイスターズ,51555155,梶原　昂希,K.Kajiwara,91.0,351.0,339.0,49.0,99.0,16.0,3.0,4.0,133.0,30.0,16,2,1.0,0.0,7.0,0,4.0,98.0,2.0,0.292,0.314,0.392,0.706,76.0,0.10000000000000003,0.02200000000000002,0.414,1.9943019943019942,27.92022792022792,0.07142857142857142,0.4008438818565401,0.2393,444.66666666666663,0.12684365781710916,0.6033057851239669,0.292,99.0,4.0,30.0,91.0,351.0,339.0,76.0,16.0,3.0,49.0,0.314,0.392,7.0,0,4.0,,133.0,16,2,1.0,0.0,,40.74566473988439,38.86999999999999
2024,CL,横浜DeNAベイスターズ,51655134,濵口　遥大,H.Hamaguchi,11.0,15.0,14.0,1.0,3.0,0.0,0.0,0.0,3.0,0.0,0.0,0,0.0,0.0,1.0,0,0.0,7.0,0.0,0.214,0.267,0.214,0.481,3.0,0.0,0.05300000000000002,0.267,6.666666666666667,46.666666666666664,0.14285714285714285,0.42857142857142855,0.17365,338.33333333333337,0.07142857142857142,0.36363636363636365,0.214,3.0,0.0,0.0,11.0,15.0,14.0,3.0,0.0,0.0,1.0,0.267,0.214,1.0,0,0.0,,3.0,0.0,0,0.0,0.0,,0.8,0.752
2024,CL,読売ジャイアンツ,51655153,中山　礼都,R.Nakayama,32.0,48.0,44.0,2.0,14.0,3.0,0.0,0.0,17.0,2.0,0.0,0,0.0,0.0,4.0,0,0.0,12.0,1.0,0.318,0.375,0.386,0.761,11.0,0.068,0.056999999999999995,0.443,8.333333333333332,25.0,0.3333333333333333,0.4375,0.26525,503.6666666666667,0.1590909090909091,0.6774193548387096,0.318,14.0,0.0,2.0,32.0,48.0,44.0,11.0,3.0,0.0,2.0,0.375,0.386,4.0,0,0.0,,17.0,0.0,0,0.0,0.0,,6.375,6.040000000000001
2024,CL,広島東洋カープ,51655157,長谷部　銀次,G.Hasebe,5.0,0.0,0.0,0.0,0.0,0.0,0.0,0.0,0.0,0.0,0.0,0,0.0,0.0,0.0,0,0.0,0.0,0.0,,,,0.0,0.0,0.0,0.0,,nan,nan,nan,nan,0.0,0.0,nan,nan,,0.0,0.0,0.0,5.0,0.0,0.0,0.0,0.0,0.0,0.0,,,0.0,0,0.0,,0.0,0.0,0,0.0,0.0,,nan,0.0
2024,CL,中日ドラゴンズ,51655159,土生　翔太,S.Habu,7.0,3.0,3.0,0.0,0.0,0.0,0.0,0.0,0.0,0.0,0.0,0,0.0,0.0,0.0,0,0.0,1.0,0.0,0.0,0.0,0.0,0.0,0.0,0.0,0.0,0.0,0.0,33.33333333333333,0.0,0.0,0.0,0.0,0.0,0.0,0.0,0.0,0.0,0.0,7.0,3.0,3.0,0.0,0.0,0.0,0.0,0.0,0.0,0.0,0,0.0,,0.0,0.0,0,0.0,0.0,,0.0,-0.29400000000000004
2024,CL,横浜DeNAベイスターズ,51755135,桑原　将志,M.Kuwahara,106.0,321.0,285.0,35.0,77.0,12.0,0.0,5.0,104.0,24.0,8,0,9.0,4.0,19.0,0,4.0,42.0,6.0,0.27,0.321,0.365,0.6859999999999999,60.0,0.09499999999999997,0.05099999999999999,0.416,5.919003115264798,13.084112149532709,0.4523809523809524,0.2975206611570248,0.2357,442.66666666666663,0.16140350877192983,0.5934579439252337,0.27,77.0,5.0,24.0,106.0,321.0,285.0,60.0,12.0,0.0,35.0,0.321,0.365,19.0,0,4.0,,104.0,8,0,9.0,4.0,,32.8421052631579,33.04600000000001
2024,CL,読売ジャイアンツ,51855132,増田　大輝,D.Masuda,40.0,38.0,30.0,4.0,6.0,1.0,1.0,0.0,9.0,4.0,4,1,7.0,0.0,1.0,0,0.0,6.0,1.0,0.2,0.226,0.3,0.526,4.0,0.09999999999999998,0.025999999999999995,0.3259999999999999,2.631578947368421,15.789473684210526,0.16666666666666666,0.25,0.1767,326.0,0.16666666666666666,0.44,0.2,6.0,0.0,4.0,40.0,38.0,30.0,4.0,1.0,1.0,4.0,0.226,0.3,1.0,0,0.0,,9.0,4,1,7.0,0.0,,2.032258064516129,1.9179999999999993
2024,CL,東京ヤクルトスワローズ,51855136,松本　直樹,N.Matsumoto,60.0,142.0,134.0,5.0,36.0,7.0,0.0,1.0,46.0,11.0,1,0,3.0,1.0,4.0,0,0.0,18.0,3.0,0.269,0.288,0.343,0.631,28.0,0.07400000000000001,0.01899999999999996,0.362,2.8169014084507045,12.676056338028168,0.2222222222222222,0.3017241379310345,0.21534999999999999,402.3333333333333,0.1044776119402985,0.49504950495049505,0.269,36.0,1.0,11.0,60.0,142.0,134.0,28.0,7.0,0.0,5.0,0.288,0.343,4.0,0,0.0,,46.0,1,0,3.0,1.0,,13.333333333333334,12.196
2024,CL,横浜DeNAベイスターズ,51855138,宮城　滝太,D.Miyagi,1.0,0.0,0.0,0.0,0.0,0.0,0.0,0.0,0.0,0.0,0.0,0,0.0,0.0,0.0,0,0.0,0.0,0.0,,,,0.0,0.0,0.0,0.0,,nan,nan,nan,nan,0.0,0.0,nan,nan,,0.0,0.0,0.0,1.0,0.0,0.0,0.0,0.0,0.0,0.0,,,0.0,0,0.0,,0.0,0.0,0,0.0,0.0,,nan,0.0
2024,CL,東京ヤクルトスワローズ,51855151,宮川　哲,T.Miyagawa,4.0,0.0,0.0,0.0,0.0,0.0,0.0,0.0,0.0,0.0,0.0,0,0.0,0.0,0.0,0,0.0,0.0,0.0,,,,0.0,0.0,0.0,0.0,,nan,nan,nan,nan,0.0,0.0,nan,nan,,0.0,0.0,0.0,4.0,0.0,0.0,0.0,0.0,0.0,0.0,,,0.0,0,0.0,,0.0,0.0,0,0.0,0.0,,nan,0.0
2024,CL,読売ジャイアンツ,51955114,坂本　勇人,H.Sakamoto,109.0,426.0,395.0,34.0,94.0,14.0,0.0,7.0,129.0,34.0,1,0,0.0,3.0,27.0,0,1.0,72.0,14.0,0.238,0.286,0.327,0.613,73.0,0.08900000000000002,0.04799999999999999,0.375,6.338028169014084,16.901408450704224,0.375,0.2727272727272727,0.21044999999999997,394.99999999999994,0.1569620253164557,0.4984126984126984,0.238,94.0,7.0,34.0,109.0,426.0,395.0,73.0,14.0,0.0,34.0,0.286,0.327,27.0,0,1.0,,129.0,1,0,0.0,3.0,,36.98815165876777,36.40199999999999
2024,CL,東京ヤクルトスワローズ,51955138,清水　昇,N.Shimizu,17.0,0.0,0.0,0.0,0.0,0.0,0.0,0.0,0.0,0.0,0.0,0,0.0,0.0,0.0,0,0.0,0.0,0.0,,,,0.0,0.0,0.0,0.0,,nan,nan,nan,nan,0.0,0.0,nan,nan,,0.0,0.0,0.0,17.0,0.0,0.0,0.0,0.0,0.0,0.0,,,0.0,0,0.0,,0.0,0.0,0,0.0,0.0,,nan,0.0
2024,CL,東京ヤクルトスワローズ,51955155,小森　航大郎,K.Komori,4.0,5.0,5.0,0.0,0.0,0.0,0.0,0.0,0.0,0.0,0.0,0,0.0,0.0,0.0,0,0.0,0.0,0.0,0.0,0.0,0.0,0.0,0.0,0.0,0.0,0.0,0.0,0.0,nan,0.0,0.0,0.0,0.0,0.0,0.0,0.0,0.0,0.0,4.0,5.0,5.0,0.0,0.0,0.0,0.0,0.0,0.0,0.0,0,0.0,,0.0,0.0,0,0.0,0.0,,0.0,-0.49
2024,CL,東京ヤクルトスワローズ,51955157,澤井　廉,R.Sawai,12.0,27.0,25.0,1.0,4.0,0.0,0.0,1.0,7.0,4.0,0.0,0,1.0,0.0,0.0,0,1.0,12.0,0.0,0.16,0.192,0.28,0.47200000000000003,3.0,0.12000000000000002,0.032,0.312,0.0,44.44444444444444,0.0,0.25,0.1564,285.3333333333333,0.12,0.38095238095238093,0.16,4.0,1.0,4.0,12.0,27.0,25.0,3.0,0.0,0.0,1.0,0.192,0.28,0.0,0,1.0,,7.0,0.0,0,1.0,0.0,,1.12,1.2119999999999997
2024,CL,読売ジャイアンツ,51955159,佐々木　俊輔,S.Sasaki,59.0,156.0,143.0,13.0,33.0,5.0,1.0,0.0,40.0,6.0,2,1,3.0,1.0,9.0,0,0.0,44.0,3.0,0.231,0.275,0.28,0.555,27.0,0.049000000000000016,0.04400000000000001,0.324,5.769230769230769,28.205128205128204,0.20454545454545456,0.33,0.19375000000000003,368.33333333333337,0.11888111888111888,0.4424778761061947,0.231,33.0,0.0,6.0,59.0,156.0,143.0,27.0,5.0,1.0,13.0,0.275,0.28,9.0,0,0.0,,40.0,2,1,3.0,1.0,,11.052631578947368,10.509999999999998
2024,CL,広島東洋カープ,53155151,森下　暢仁,M.Morishita,23.0,52.0,47.0,5.0,11.0,1.0,0.0,0.0,12.0,3.0,0.0,0,3.0,0.0,1.0,0,1.0,12.0,0.0,0.234,0.265,0.255,0.52,10.0,0.02099999999999999,0.031,0.286,1.9230769230769231,23.076923076923077,0.08333333333333333,0.3142857142857143,0.183,350.00000000000006,0.0425531914893617,0.3888888888888889,0.234,11.0,0.0,3.0,23.0,52.0,47.0,10.0,1.0,0.0,5.0,0.265,0.255,1.0,0,1.0,,12.0,0.0,0,3.0,0.0,,3.0,2.852
2024,CL,阪神タイガース,53355157,門別　啓人,K.Monbetsu,5.0,2.0,2.0,0.0,0.0,0.0,0.0,0.0,0.0,0.0,0.0,0,0.0,0.0,0.0,0,0.0,1.0,0.0,0.0,0.0,0.0,0.0,0.0,0.0,0.0,0.0,0.0,50.0,0.0,0.0,0.0,0.0,0.0,0.0,0.0,0.0,0.0,0.0,5.0,2.0,2.0,0.0,0.0,0.0,0.0,0.0,0.0,0.0,0,0.0,,0.0,0.0,0,0.0,0.0,,0.0,-0.196
2024,CL,読売ジャイアンツ,53555153,若林　楽人,G.Wakabayashi,27.0,44.0,42.0,3.0,9.0,1.0,1.0,1.0,15.0,7.0,1,0,0.0,0.0,1.0,0,1.0,11.0,0.0,0.214,0.25,0.357,0.607,6.0,0.143,0.036000000000000004,0.393,2.272727272727273,25.0,0.09090909090909091,0.26666666666666666,0.20174999999999998,369.0,0.16666666666666666,0.5151515151515151,0.214,9.0,1.0,7.0,27.0,44.0,42.0,6.0,1.0,1.0,3.0,0.25,0.357,1.0,0,1.0,,15.0,1,0,0.0,0.0,,3.488372093023256,3.6259999999999994
2024,CL,東京ヤクルトスワローズ,53555157,吉村　貢司郎,K.Yoshimura,23.0,48.0,42.0,1.0,2.0,0.0,0.0,0.0,2.0,0.0,0.0,0,4.0,0.0,2.0,0,0.0,19.0,1.0,0.048,0.091,0.048,0.139,2.0,0.0,0.043,0.091,4.166666666666666,39.58333333333333,0.10526315789473684,0.08695652173913043,0.05295,107.0,0.047619047619047616,0.0975609756097561,0.048,2.0,0.0,0.0,23.0,48.0,42.0,2.0,0.0,0.0,1.0,0.091,0.048,2.0,0,0.0,,2.0,0.0,0,4.0,0.0,,0.18181818181818182,-2.26
2024,CL,東京ヤクルトスワローズ,53755153,D.サンタナ,D.Santana,122.0,484.0,419.0,57.0,132.0,29.0,0.0,17.0,212.0,70.0,2,1,0.0,4.0,57.0,0,4.0,101.0,8.0,0.315,0.399,0.506,0.905,86.0,0.191,0.08400000000000002,0.5900000000000001,11.776859504132231,20.867768595041323,0.5643564356435643,0.3770491803278688,0.30605000000000004,567.6666666666666,0.32935560859188545,0.9288135593220339,0.315,132.0,17.0,70.0,122.0,484.0,419.0,86.0,29.0,0.0,57.0,0.399,0.506,57.0,0,4.0,,212.0,2,1,0.0,4.0,,84.17647058823529,80.54400000000001
2024,CL,広島東洋カープ,53955151,R.コルニエル,R.Corniel,16.0,0.0,0.0,0.0,0.0,0.0,0.0,0.0,0.0,0.0,0.0,0,0.0,0.0,0.0,0,0.0,0.0,0.0,,,,0.0,0.0,0.0,0.0,,nan,nan,nan,nan,0.0,0.0,nan,nan,,0.0,0.0,0.0,16.0,0.0,0.0,0.0,0.0,0.0,0.0,,,0.0,0,0.0,,0.0,0.0,0,0.0,0.0,,nan,0.0
2024,CL,中日ドラゴンズ,61065116,中田　翔,S.Nakata,62.0,225.0,212.0,15.0,46.0,10.0,0.0,4.0,68.0,21.0,0.0,0,0.0,3.0,9.0,0,1.0,34.0,9.0,0.217,0.249,0.321,0.5700000000000001,32.0,0.10400000000000001,0.032,0.353,4.0,15.11111111111111,0.2647058823529412,0.23728813559322035,0.1923,356.0,0.14622641509433962,0.44571428571428573,0.217,46.0,4.0,21.0,62.0,225.0,212.0,32.0,10.0,0.0,15.0,0.249,0.321,9.0,0,1.0,,68.0,0.0,0,0.0,3.0,,16.923076923076923,15.991999999999997
2024,CL,阪神タイガース,61065131,原口　文仁,F.Haraguchi,52.0,65.0,58.0,5.0,14.0,1.0,0.0,2.0,21.0,9.0,1,0,0.0,0.0,5.0,0,2.0,14.0,0.0,0.241,0.323,0.362,0.685,11.0,0.121,0.08200000000000002,0.444,7.6923076923076925,21.53846153846154,0.35714285714285715,0.2857142857142857,0.23585,443.66666666666663,0.20689655172413793,0.6363636363636364,0.241,14.0,2.0,9.0,52.0,65.0,58.0,11.0,1.0,0.0,5.0,0.323,0.362,5.0,0,2.0,,21.0,1,0,0.0,0.0,,6.333333333333333,7.098
2024,CL,横浜DeNAベイスターズ,61165153,石川　達也,T.Ishikawa,15.0,0.0,0.0,0.0,0.0,0.0,0.0,0.0,0.0,0.0,0.0,0,0.0,0.0,0.0,0,0.0,0.0,0.0,,,,0.0,0.0,0.0,0.0,,nan,nan,nan,nan,0.0,0.0,nan,nan,,0.0,0.0,0.0,15.0,0.0,0.0,0.0,0.0,0.0,0.0,,,0.0,0,0.0,,0.0,0.0,0,0.0,0.0,,nan,0.0
2024,CL,読売ジャイアンツ,61165159,泉口　友汰,Y.Izuguchi,66.0,185.0,164.0,10.0,33.0,6.0,1.0,1.0,44.0,9.0,1,0,3.0,0.0,18.0,0,0.0,24.0,2.0,0.201,0.28,0.268,0.548,25.0,0.067,0.07900000000000001,0.347,9.72972972972973,12.972972972972974,0.75,0.2302158273381295,0.19300000000000003,369.33333333333337,0.17682926829268292,0.46616541353383456,0.201,33.0,1.0,9.0,66.0,185.0,164.0,25.0,6.0,1.0,10.0,0.28,0.268,18.0,0,0.0,,44.0,1,0,3.0,0.0,,12.32967032967033,12.402000000000001
2024,CL,中日ドラゴンズ,61265153,髙橋　宏斗,H.Takahashi,21.0,46.0,39.0,4.0,3.0,1.0,0.0,0.0,4.0,1.0,0.0,0,6.0,0.0,1.0,0,0.0,13.0,0.0,0.077,0.1,0.103,0.203,2.0,0.025999999999999995,0.023000000000000007,0.126,2.1739130434782608,28.26086956521739,0.07692307692307693,0.11538461538461539,0.07075000000000001,134.33333333333334,0.05128205128205128,0.1388888888888889,0.077,3.0,0.0,1.0,21.0,46.0,39.0,2.0,1.0,0.0,4.0,0.1,0.103,1.0,0,0.0,,4.0,0.0,0,6.0,0.0,,0.4,-1.4780000000000002
2024,CL,広島東洋カープ,61265155,田村　俊介,S.Tamura,37.0,106.0,101.0,4.0,20.0,3.0,2.0,0.0,27.0,5.0,1.0,1,1.0,0.0,3.0,0,1.0,27.0,2.0,0.198,0.229,0.267,0.496,15.0,0.069,0.031,0.298,2.8301886792452833,25.471698113207548,0.1111111111111111,0.2702702702702703,0.1698,318.0,0.10891089108910891,0.3855421686746988,0.198,20.0,0.0,5.0,37.0,106.0,101.0,15.0,3.0,2.0,4.0,0.229,0.267,3.0,0,1.0,,27.0,1.0,1,1.0,0.0,,5.971153846153846,5.302
2024,CL,広島東洋カープ,61265157,中村　貴浩,T.Nakamura,11.0,25.0,24.0,4.0,5.0,0.0,0.0,0.0,5.0,3.0,0.0,0,1.0,0.0,0.0,0,0.0,5.0,1.0,0.208,0.208,0.208,0.416,5.0,0.0,0.0,0.208,0.0,20.0,0.0,0.2631578947368421,0.1456,277.3333333333333,0.0,0.25,0.208,5.0,0.0,3.0,11.0,25.0,24.0,5.0,0.0,0.0,4.0,0.208,0.208,0.0,0,0.0,,5.0,0.0,0,1.0,0.0,,1.0416666666666667,0.6379999999999999
2024,CL,中日ドラゴンズ,61265159,辻本　倫太郎,R.Tsujimoto,13.0,20.0,18.0,0.0,3.0,0.0,0.0,0.0,3.0,0.0,0.0,0,1.0,0.0,1.0,0,0.0,0.0,1.0,0.167,0.211,0.167,0.378,3.0,0.0,0.043999999999999984,0.211,5.0,0.0,nan,0.16666666666666666,0.1367,266.6666666666667,0.05555555555555555,0.25,0.167,3.0,0.0,0.0,13.0,20.0,18.0,3.0,0.0,0.0,0.0,0.211,0.167,1.0,0,0.0,,3.0,0.0,0,1.0,0.0,,0.631578947368421,0.3600000000000001
2024,CL,中日ドラゴンズ,61365132,宇佐見　真吾,S.Usami,61.0,164.0,152.0,7.0,46.0,8.0,0.0,3.0,63.0,17.0,0.0,0,1.0,2.0,9.0,0,0.0,38.0,5.0,0.303,0.337,0.414,0.751,35.0,0.11099999999999999,0.03400000000000003,0.448,5.487804878048781,23.170731707317074,0.23684210526315788,0.3805309734513274,0.25515,475.0,0.17105263157894737,0.6486486486486487,0.303,46.0,3.0,17.0,61.0,164.0,152.0,35.0,8.0,0.0,7.0,0.337,0.414,9.0,0,0.0,,63.0,0.0,0,1.0,2.0,,21.52173913043478,20.162
2024,CL,東京ヤクルトスワローズ,61365134,尾仲　祐哉,Y.Onaka,1.0,0.0,0.0,0.0,0.0,0.0,0.0,0.0,0.0,0.0,0.0,0,0.0,0.0,0.0,0,0.0,0.0,0.0,,,,0.0,0.0,0.0,0.0,,nan,nan,nan,nan,0.0,0.0,nan,nan,,0.0,0.0,0.0,1.0,0.0,0.0,0.0,0.0,0.0,0.0,,,0.0,0,0.0,,0.0,0.0,0,0.0,0.0,,nan,0.0
2024,CL,広島東洋カープ,61365139,大瀬良　大地,D.Oosera,25.0,45.0,42.0,0.0,2.0,0.0,0.0,0.0,2.0,0.0,0.0,0,3.0,0.0,0.0,0,0.0,21.0,2.0,0.048,0.048,0.048,0.096,2.0,0.0,0.0,0.048,0.0,46.666666666666664,0.0,0.09523809523809523,0.033600000000000005,64.0,0.0,0.047619047619047616,0.048,2.0,0.0,0.0,25.0,45.0,42.0,2.0,0.0,0.0,0.0,0.048,0.048,0.0,0,0.0,,2.0,0.0,0,3.0,0.0,,0.09523809523809523,-2.92
2024,CL,横浜DeNAベイスターズ,61465112,大和,Y.Yamato（maeda,42.0,94.0,81.0,4.0,20.0,1.0,0.0,0.0,21.0,3.0,1,0,4.0,3.0,5.0,0,1.0,12.0,3.0,0.247,0.289,0.259,0.548,19.0,0.01200000000000001,0.04199999999999998,0.301,5.319148936170213,12.76595744680851,0.4166666666666667,0.2777777777777778,0.1948,375.3333333333333,0.07407407407407407,0.421875,0.247,20.0,0.0,3.0,42.0,94.0,81.0,19.0,1.0,0.0,4.0,0.289,0.259,5.0,0,1.0,,21.0,1,0,4.0,3.0,,6.104651162790698,6.222
2024,CL,読売ジャイアンツ,61565114,梶谷　隆幸,T.Kajitani,6.0,17.0,16.0,2.0,3.0,0.0,0.0,1.0,6.0,2.0,0.0,0,0.0,0.0,1.0,0,0.0,4.0,1.0,0.188,0.235,0.375,0.61,2.0,0.187,0.046999999999999986,0.422,5.88235294117647,23.52941176470588,0.25,0.18181818181818182,0.1995,360.0,0.25,0.5,0.188,3.0,1.0,2.0,6.0,17.0,16.0,2.0,0.0,0.0,2.0,0.235,0.375,1.0,0,0.0,,6.0,0.0,0,0.0,0.0,,1.411764705882353,1.496
2024,CL,広島東洋カープ,61565135,菊池　涼介,R.Kikuchi,136.0,497.0,453.0,27.0,109.0,19.0,0.0,9.0,155.0,38.0,2.0,2,17.0,1.0,25.0,0,1.0,69.0,9.0,0.241,0.281,0.342,0.623,81.0,0.10100000000000003,0.040000000000000036,0.382,5.030181086519115,13.883299798792756,0.36231884057971014,0.26595744680851063,0.21195000000000003,395.0,0.16114790286975716,0.5184135977337111,0.241,109.0,9.0,38.0,136.0,497.0,453.0,81.0,19.0,0.0,27.0,0.281,0.342,25.0,0,1.0,,155.0,2.0,2,17.0,1.0,,43.45188284518829,42.367999999999995
2024,CL,横浜DeNAベイスターズ,61565136,楠本　泰史,T.Kusumoto,18.0,31.0,29.0,0.0,5.0,1.0,0.0,0.0,6.0,5.0,0.0,0,0.0,0.0,1.0,0,1.0,5.0,0.0,0.172,0.226,0.207,0.433,4.0,0.035,0.05400000000000002,0.261,3.225806451612903,16.129032258064516,0.2,0.20833333333333334,0.15345,295.0,0.06896551724137931,0.3333333333333333,0.172,5.0,0.0,5.0,18.0,31.0,29.0,4.0,1.0,0.0,0.0,0.226,0.207,1.0,0,1.0,,6.0,0.0,0,0.0,0.0,,1.2,1.0279999999999996
2024,CL,中日ドラゴンズ,61865157,松山　晋也,S.Matsuyama,59.0,0.0,0.0,0.0,0.0,0.0,0.0,0.0,0.0,0.0,0.0,0,0.0,0.0,0.0,0,0.0,0.0,0.0,,,,0.0,0.0,0.0,0.0,,nan,nan,nan,nan,0.0,0.0,nan,nan,,0.0,0.0,0.0,59.0,0.0,0.0,0.0,0.0,0.0,0.0,,,0.0,0,0.0,,0.0,0.0,0,0.0,0.0,,nan,0.0
2024,CL,広島東洋カープ,61965131,堂林　翔太,S.Doubayashi,87.0,273.0,244.0,15.0,56.0,13.0,0.0,1.0,72.0,17.0,0,2,9.0,3.0,16.0,0,1.0,67.0,4.0,0.23,0.277,0.295,0.5720000000000001,42.0,0.06499999999999997,0.047000000000000014,0.3419999999999999,5.86080586080586,24.54212454212454,0.23880597014925373,0.30726256983240224,0.19840000000000002,375.33333333333337,0.13934426229508196,0.4739583333333333,0.23,56.0,1.0,17.0,87.0,273.0,244.0,42.0,13.0,0.0,15.0,0.277,0.295,16.0,0,1.0,,72.0,0,2,9.0,3.0,,19.93846153846154,19.346000000000004
2024,CL,広島東洋カープ,61965139,田中　広輔,K.Tanaka,66.0,108.0,96.0,5.0,15.0,2.0,0.0,2.0,23.0,7.0,1.0,1,0.0,2.0,9.0,0,1.0,26.0,2.0,0.156,0.231,0.24,0.471,11.0,0.08399999999999999,0.07500000000000001,0.315,8.333333333333332,24.074074074074073,0.34615384615384615,0.18571428571428572,0.16394999999999998,311.0,0.1875,0.40963855421686746,0.156,15.0,2.0,7.0,66.0,108.0,96.0,11.0,2.0,0.0,5.0,0.231,0.24,9.0,0,1.0,,23.0,1.0,1,0.0,2.0,,5.257142857142857,5.362
2024,CL,中日ドラゴンズ,63165134,柳　裕也,Y.Yanagi,13.0,24.0,20.0,1.0,4.0,2.0,0.0,0.0,6.0,0.0,0.0,0,3.0,0.0,1.0,0,0.0,8.0,0.0,0.2,0.238,0.3,0.538,2.0,0.09999999999999998,0.03799999999999998,0.3379999999999999,4.166666666666666,33.33333333333333,0.125,0.3333333333333333,0.18209999999999998,337.99999999999994,0.15,0.4375,0.2,4.0,0.0,0.0,13.0,24.0,20.0,2.0,2.0,0.0,1.0,0.238,0.3,1.0,0,0.0,,6.0,0.0,0,3.0,0.0,,1.4285714285714286,1.202
2024,CL,東京ヤクルトスワローズ,63365153,山野　太一,T.Yamano,14.0,14.0,10.0,0.0,0.0,0.0,0.0,0.0,0.0,1.0,0.0,0,4.0,0.0,0.0,0,0.0,5.0,0.0,0.0,0.0,0.0,0.0,0.0,0.0,0.0,0.0,0.0,35.714285714285715,0.0,0.0,0.0,0.0,0.0,0.0,0.0,0.0,0.0,1.0,14.0,14.0,10.0,0.0,0.0,0.0,0.0,0.0,0.0,0.0,0,0.0,,0.0,0.0,0,4.0,0.0,,0.0,-0.98
2024,CL,阪神タイガース,71075138,近本　光司,K.Chikamoto,141.0,639.0,562.0,71.0,160.0,16.0,5.0,6.0,204.0,45.0,19,9,0.0,4.0,68.0,0,5.0,93.0,7.0,0.285,0.365,0.363,0.728,133.0,0.07800000000000001,0.08000000000000002,0.443,10.641627543035993,14.553990610328638,0.7311827956989247,0.3297644539614561,0.255,486.0,0.21530249110320285,0.6992665036674817,0.285,160.0,6.0,45.0,141.0,639.0,562.0,133.0,16.0,5.0,71.0,0.365,0.363,68.0,0,5.0,,204.0,19,9,0.0,4.0,,73.82857142857142,78.174
2024,CL,阪神タイガース,71175132,青柳　晃洋,K.Aoyagi,12.0,18.0,12.0,0.0,0.0,0.0,0.0,0.0,0.0,2.0,0.0,0,4.0,1.0,1.0,0,0.0,5.0,0.0,0.0,0.071,0.0,0.071,0.0,0.0,0.071,0.071,5.555555555555555,27.77777777777778,0.2,0.0,0.03195,71.0,0.08333333333333333,0.08333333333333333,0.0,0.0,0.0,2.0,12.0,18.0,12.0,0.0,0.0,0.0,0.0,0.071,0.0,1.0,0,0.0,,0.0,0.0,0,4.0,1.0,,0.0,-0.8460000000000001
2024,CL,読売ジャイアンツ,71175153,秋広　優人,Y.Akihiro,26.0,48.0,46.0,5.0,12.0,1.0,0.0,0.0,13.0,1.0,1,0,0.0,0.0,2.0,0,0.0,12.0,1.0,0.261,0.292,0.283,0.575,11.0,0.021999999999999964,0.030999999999999972,0.3139999999999999,4.166666666666666,25.0,0.16666666666666666,0.35294117647058826,0.20215,386.3333333333333,0.06521739130434782,0.42857142857142855,0.261,12.0,0.0,1.0,26.0,48.0,46.0,11.0,1.0,0.0,5.0,0.292,0.283,2.0,0,0.0,,13.0,1,0,0.0,0.0,,3.7916666666666665,3.5479999999999996
2024,CL,阪神タイガース,71275118,西　勇輝,Y.Nishi,21.0,39.0,38.0,1.0,7.0,1.0,0.0,0.0,8.0,4.0,0.0,0,1.0,0.0,0.0,0,0.0,13.0,0.0,0.184,0.184,0.211,0.395,6.0,0.026999999999999996,0.0,0.211,0.0,33.33333333333333,0.0,0.28,0.13555,254.33333333333331,0.02631578947368421,0.25806451612903225,0.184,7.0,0.0,4.0,21.0,39.0,38.0,6.0,1.0,0.0,1.0,0.184,0.211,0.0,0,0.0,,8.0,0.0,0,1.0,0.0,,1.4736842105263157,0.6819999999999995
2024,CL,東京ヤクルトスワローズ,71275151,武岡　龍世,R.Takeoka,76.0,147.0,130.0,16.0,23.0,2.0,1.0,3.0,36.0,9.0,1,0,6.0,1.0,10.0,0,0.0,33.0,2.0,0.177,0.234,0.277,0.511,17.0,0.10000000000000003,0.05700000000000002,0.3340000000000001,6.802721088435375,22.448979591836736,0.30303030303030304,0.21052631578947367,0.17455,326.33333333333337,0.17692307692307693,0.42201834862385323,0.177,23.0,3.0,9.0,76.0,147.0,130.0,17.0,2.0,1.0,16.0,0.234,0.277,10.0,0,0.0,,36.0,1,0,6.0,1.0,,8.485714285714286,8.114
2024,CL,読売ジャイアンツ,71375134,大江　竜聖,R.Ooe,16.0,0.0,0.0,0.0,0.0,0.0,0.0,0.0,0.0,0.0,0.0,0,0.0,0.0,0.0,0,0.0,0.0,0.0,,,,0.0,0.0,0.0,0.0,,nan,nan,nan,nan,0.0,0.0,nan,nan,,0.0,0.0,0.0,16.0,0.0,0.0,0.0,0.0,0.0,0.0,,,0.0,0,0.0,,0.0,0.0,0,0.0,0.0,,nan,0.0
2024,CL,広島東洋カープ,71375136,遠藤　淳志,A.Endou,3.0,0.0,0.0,0.0,0.0,0.0,0.0,0.0,0.0,0.0,0.0,0,0.0,0.0,0.0,0,0.0,0.0,0.0,,,,0.0,0.0,0.0,0.0,,nan,nan,nan,nan,0.0,0.0,nan,nan,,0.0,0.0,0.0,3.0,0.0,0.0,0.0,0.0,0.0,0.0,,,0.0,0,0.0,,0.0,0.0,0,0.0,0.0,,nan,0.0
2024,CL,阪神タイガース,71375153,伊藤　将司,M.Itou,18.0,22.0,18.0,2.0,1.0,0.0,0.0,0.0,1.0,0.0,0.0,0,4.0,0.0,0.0,0,0.0,11.0,0.0,0.056,0.056,0.056,0.112,1.0,0.0,0.0,0.056,0.0,50.0,0.0,0.14285714285714285,0.0392,74.66666666666667,0.0,0.058823529411764705,0.056,1.0,0.0,0.0,18.0,22.0,18.0,1.0,0.0,0.0,2.0,0.056,0.056,0.0,0,0.0,,1.0,0.0,0,4.0,0.0,,0.05555555555555555,-1.1660000000000001
2024,CL,中日ドラゴンズ,71375155,鵜飼　航丞,K.Ukai,12.0,27.0,27.0,1.0,5.0,2.0,0.0,0.0,7.0,3.0,0.0,0,0.0,0.0,0.0,0,0.0,10.0,1.0,0.185,0.185,0.259,0.444,3.0,0.07400000000000001,0.0,0.259,0.0,37.03703703703704,0.0,0.29411764705882354,0.14800000000000002,271.3333333333333,0.07407407407407407,0.30434782608695654,0.185,5.0,0.0,3.0,12.0,27.0,27.0,3.0,2.0,0.0,1.0,0.185,0.259,0.0,0,0.0,,7.0,0.0,0,0.0,0.0,,1.2962962962962963,0.7839999999999998
2024,CL,広島東洋カープ,71475138,羽月　隆太郎,R.Hatsuki,53.0,25.0,22.0,12.0,5.0,1.0,0.0,0.0,6.0,1.0,12,7,2.0,0.0,1.0,0,0.0,8.0,0.0,0.227,0.261,0.273,0.534,4.0,0.04600000000000001,0.034,0.307,4.0,32.0,0.125,0.35714285714285715,0.18570000000000003,352.00000000000006,0.4090909090909091,0.8235294117647058,0.227,5.0,0.0,1.0,53.0,25.0,22.0,4.0,1.0,0.0,12.0,0.261,0.273,1.0,0,0.0,,6.0,12,7,2.0,0.0,,1.565217391304348,2.6439999999999992
2024,CL,中日ドラゴンズ,71575132,小笠原　慎之介,S.Ogasawara,24.0,44.0,36.0,0.0,3.0,0.0,0.0,0.0,3.0,0.0,0.0,0,7.0,0.0,1.0,0,0.0,17.0,0.0,0.083,0.108,0.083,0.191,3.0,0.0,0.024999999999999994,0.108,2.272727272727273,38.63636363636363,0.058823529411764705,0.15789473684210525,0.06935,135.66666666666666,0.027777777777777776,0.12121212121212122,0.083,3.0,0.0,0.0,24.0,44.0,36.0,3.0,0.0,0.0,0.0,0.108,0.083,1.0,0,0.0,,3.0,0.0,0,7.0,0.0,,0.32432432432432434,-1.404
2024,CL,広島東洋カープ,71575134,矢崎　拓也,T.Yasaki,26.0,0.0,0.0,0.0,0.0,0.0,0.0,0.0,0.0,0.0,0.0,0,0.0,0.0,0.0,0,0.0,0.0,0.0,,,,0.0,0.0,0.0,0.0,,nan,nan,nan,nan,0.0,0.0,nan,nan,,0.0,0.0,0.0,26.0,0.0,0.0,0.0,0.0,0.0,0.0,,,0.0,0,0.0,,0.0,0.0,0,0.0,0.0,,nan,0.0
2024,CL,横浜DeNAベイスターズ,71575136,神里　和毅,K.Kamizato,25.0,25.0,23.0,3.0,3.0,0.0,0.0,0.0,3.0,0.0,2,0,0.0,0.0,1.0,0,1.0,12.0,0.0,0.13,0.2,0.13,0.33,3.0,0.0,0.07,0.2,4.0,48.0,0.08333333333333333,0.2727272727272727,0.12250000000000001,243.33333333333334,0.043478260869565216,0.25,0.13,3.0,0.0,0.0,25.0,25.0,23.0,3.0,0.0,0.0,3.0,0.2,0.13,1.0,0,1.0,,3.0,2,0,0.0,0.0,,0.5,0.20000000000000018
2024,CL,広島東洋カープ,71575157,河野　佳,K.Kawano,13.0,1.0,1.0,0.0,0.0,0.0,0.0,0.0,0.0,0.0,0.0,0,0.0,0.0,0.0,0,0.0,1.0,0.0,0.0,0.0,0.0,0.0,0.0,0.0,0.0,0.0,0.0,100.0,0.0,nan,0.0,0.0,0.0,0.0,0.0,0.0,0.0,0.0,13.0,1.0,1.0,0.0,0.0,0.0,0.0,0.0,0.0,0.0,0,0.0,,0.0,0.0,0,0.0,0.0,,0.0,-0.098
2024,CL,中日ドラゴンズ,71575159,尾田　剛樹,G.Oda,65.0,12.0,11.0,8.0,0.0,0.0,0.0,0.0,0.0,0.0,4,5,1.0,0.0,0.0,0,0.0,4.0,0.0,0.0,0.0,0.0,0.0,0.0,0.0,0.0,0.0,0.0,33.33333333333333,0.0,0.0,0.0,0.0,0.45454545454545453,0.45454545454545453,0.0,0.0,0.0,0.0,65.0,12.0,11.0,0.0,0.0,0.0,8.0,0.0,0.0,0.0,0,0.0,,0.0,4,5,1.0,0.0,,0.0,-0.17800000000000016
2024,CL,阪神タイガース,71675134,浜地　真澄,M.Hamachi,18.0,0.0,0.0,0.0,0.0,0.0,0.0,0.0,0.0,0.0,0.0,0,0.0,0.0,0.0,0,0.0,0.0,0.0,,,,0.0,0.0,0.0,0.0,,nan,nan,nan,nan,0.0,0.0,nan,nan,,0.0,0.0,0.0,18.0,0.0,0.0,0.0,0.0,0.0,0.0,,,0.0,0,0.0,,0.0,0.0,0,0.0,0.0,,nan,0.0
2024,CL,広島東洋カープ,71775136,ケムナ　誠,M.Kemuna,5.0,0.0,0.0,0.0,0.0,0.0,0.0,0.0,0.0,0.0,0.0,0,0.0,0.0,0.0,0,0.0,0.0,0.0,,,,0.0,0.0,0.0,0.0,,nan,nan,nan,nan,0.0,0.0,nan,nan,,0.0,0.0,0.0,5.0,0.0,0.0,0.0,0.0,0.0,0.0,,,0.0,0,0.0,,0.0,0.0,0,0.0,0.0,,nan,0.0
2024,CL,広島東洋カープ,71775139,九里　亜蓮,A.Kuri,23.0,39.0,31.0,0.0,0.0,0.0,0.0,0.0,0.0,2.0,0.0,0,7.0,1.0,0.0,0,0.0,18.0,0.0,0.0,0.0,0.0,0.0,0.0,0.0,0.0,0.0,0.0,46.15384615384615,0.0,0.0,0.0,0.0,0.0,0.0,0.0,0.0,0.0,2.0,23.0,39.0,31.0,0.0,0.0,0.0,0.0,0.0,0.0,0.0,0,0.0,,0.0,0.0,0,7.0,1.0,,0.0,-3.0380000000000003
2024,CL,阪神タイガース,71775151,小野寺　暖,D.Onodera,25.0,29.0,27.0,3.0,4.0,0.0,1.0,0.0,6.0,0.0,0.0,0,1.0,0.0,0.0,0,1.0,10.0,0.0,0.148,0.179,0.222,0.401,3.0,0.07400000000000001,0.031,0.253,0.0,34.48275862068966,0.0,0.23529411764705882,0.13605,253.0,0.07407407407407407,0.30434782608695654,0.148,4.0,0.0,0.0,25.0,29.0,27.0,3.0,0.0,1.0,3.0,0.179,0.222,0.0,0,1.0,,6.0,0.0,0,1.0,0.0,,0.8888888888888888,0.6160000000000001
2024,CL,横浜DeNAベイスターズ,71875134,堀岡　隼人,H.Horioka,6.0,0.0,0.0,0.0,0.0,0.0,0.0,0.0,0.0,0.0,0.0,0,0.0,0.0,0.0,0,0.0,0.0,0.0,,,,0.0,0.0,0.0,0.0,,nan,nan,nan,nan,0.0,0.0,nan,nan,,0.0,0.0,0.0,6.0,0.0,0.0,0.0,0.0,0.0,0.0,,,0.0,0,0.0,,0.0,0.0,0,0.0,0.0,,nan,0.0
2024,CL,中日ドラゴンズ,71875155,ブライト　健太,K.Buraito,35.0,51.0,46.0,3.0,11.0,0.0,0.0,2.0,17.0,3.0,0.0,0,0.0,0.0,5.0,0,0.0,16.0,0.0,0.239,0.314,0.37,0.6839999999999999,9.0,0.131,0.07500000000000001,0.445,9.803921568627452,31.372549019607842,0.3125,0.32142857142857145,0.2338,437.33333333333337,0.2391304347826087,0.6285714285714286,0.239,11.0,2.0,3.0,35.0,51.0,46.0,9.0,0.0,0.0,3.0,0.314,0.37,5.0,0,0.0,,17.0,0.0,0,0.0,0.0,,5.333333333333333,5.6
2024,CL,横浜DeNAベイスターズ,71975134,佐々木　千隼,C.Sasaki,28.0,0.0,0.0,0.0,0.0,0.0,0.0,0.0,0.0,0.0,0.0,0,0.0,0.0,0.0,0,0.0,0.0,0.0,,,,0.0,0.0,0.0,0.0,,nan,nan,nan,nan,0.0,0.0,nan,nan,,0.0,0.0,0.0,28.0,0.0,0.0,0.0,0.0,0.0,0.0,,,0.0,0,0.0,,0.0,0.0,0,0.0,0.0,,nan,0.0
2024,CL,東京ヤクルトスワローズ,71975136,塩見　泰隆,Y.Shiomi,31.0,113.0,101.0,15.0,27.0,3.0,0.0,3.0,39.0,8.0,3,0,0.0,1.0,9.0,0,2.0,16.0,1.0,0.267,0.336,0.386,0.722,21.0,0.119,0.069,0.455,7.964601769911504,14.15929203539823,0.5625,0.2891566265060241,0.2477,464.6666666666667,0.2079207920792079,0.6666666666666666,0.267,27.0,3.0,8.0,31.0,113.0,101.0,21.0,3.0,0.0,15.0,0.336,0.386,9.0,0,2.0,,39.0,3,0,0.0,1.0,,12.763636363636364,13.357999999999999
2024,CL,広島東洋カープ,71975159,佐藤　啓介,K.Satou,7.0,17.0,15.0,1.0,2.0,0.0,0.0,0.0,2.0,0.0,0.0,0,0.0,0.0,2.0,0,0.0,3.0,0.0,0.133,0.235,0.133,0.368,2.0,0.0,0.10199999999999998,0.235,11.76470588235294,17.647058823529413,0.6666666666666666,0.16666666666666666,0.139,279.3333333333333,0.13333333333333333,0.3076923076923077,0.133,2.0,0.0,0.0,7.0,17.0,15.0,2.0,0.0,0.0,1.0,0.235,0.133,2.0,0,0.0,,2.0,0.0,0,0.0,0.0,,0.47058823529411764,0.3860000000000001
2024,CL,阪神タイガース,73075157,J.ミエセス,J.Mieses,14.0,19.0,18.0,1.0,2.0,0.0,0.0,0.0,2.0,0.0,0.0,0,0.0,0.0,1.0,0,0.0,5.0,1.0,0.111,0.158,0.111,0.269,2.0,0.0,0.047,0.158,5.263157894736842,26.31578947368421,0.2,0.15384615384615385,0.09885,195.0,0.05555555555555555,0.17647058823529413,0.111,2.0,0.0,0.0,14.0,19.0,18.0,2.0,0.0,0.0,1.0,0.158,0.111,1.0,0,0.0,,2.0,0.0,0,0.0,0.0,,0.3157894736842105,-0.238
2024,CL,中日ドラゴンズ,73175153,松木平　優太,Y.Matsukihira,8.0,14.0,14.0,0.0,0.0,0.0,0.0,0.0,0.0,0.0,0.0,0,0.0,0.0,0.0,0,0.0,6.0,0.0,0.0,0.0,0.0,0.0,0.0,0.0,0.0,0.0,0.0,42.857142857142854,0.0,0.0,0.0,0.0,0.0,0.0,0.0,0.0,0.0,0.0,8.0,14.0,14.0,0.0,0.0,0.0,0.0,0.0,0.0,0.0,0,0.0,,0.0,0.0,0,0.0,0.0,,0.0,-1.372
2024,CL,広島東洋カープ,73175155,松本　竜也,R.Matsumoto,12.0,0.0,0.0,0.0,0.0,0.0,0.0,0.0,0.0,0.0,0.0,0,0.0,0.0,0.0,0,0.0,0.0,0.0,,,,0.0,0.0,0.0,0.0,,nan,nan,nan,nan,0.0,0.0,nan,nan,,0.0,0.0,0.0,12.0,0.0,0.0,0.0,0.0,0.0,0.0,,,0.0,0,0.0,,0.0,0.0,0,0.0,0.0,,nan,0.0
2024,CL,読売ジャイアンツ,73375134,吉川　尚輝,N.Yoshikawa,143.0,602.0,536.0,65.0,154.0,25.0,4.0,5.0,202.0,46.0,12,5,13.0,6.0,41.0,0,6.0,61.0,8.0,0.287,0.341,0.377,0.718,120.0,0.09000000000000002,0.05400000000000005,0.431,6.810631229235881,10.132890365448505,0.6721311475409836,0.3130252100840336,0.2477,466.6666666666667,0.17537313432835822,0.6512820512820513,0.287,154.0,5.0,46.0,143.0,602.0,536.0,120.0,25.0,4.0,65.0,0.341,0.377,41.0,0,6.0,,202.0,12,5,13.0,6.0,,68.26689774696708,68.334
2024,CL,横浜DeNAベイスターズ,73375151,T.オースティン,T.Austin,106.0,445.0,396.0,66.0,125.0,34.0,2.0,25.0,238.0,69.0,0,1,0.0,4.0,45.0,0,0.0,88.0,12.0,0.316,0.382,0.601,0.983,64.0,0.285,0.066,0.667,10.112359550561797,19.775280898876403,0.5113636363636364,0.34843205574912894,0.32215,582.3333333333334,0.4015151515151515,1.0035335689045937,0.316,125.0,25.0,69.0,106.0,445.0,396.0,64.0,34.0,2.0,66.0,0.382,0.601,45.0,0,0.0,,238.0,0,1,0.0,4.0,,91.74603174603175,83.03200000000001
2024,CL,広島東洋カープ,73375153,森浦　大輔,D.Moriura,53.0,0.0,0.0,0.0,0.0,0.0,0.0,0.0,0.0,0.0,0.0,0,0.0,0.0,0.0,0,0.0,0.0,0.0,,,,0.0,0.0,0.0,0.0,,nan,nan,nan,nan,0.0,0.0,nan,nan,,0.0,0.0,0.0,53.0,0.0,0.0,0.0,0.0,0.0,0.0,,,0.0,0,0.0,,0.0,0.0,0,0.0,0.0,,nan,0.0
2024,CL,読売ジャイアンツ,73975155,K.ケラー,K.Keller,52.0,0.0,0.0,0.0,0.0,0.0,0.0,0.0,0.0,0.0,0.0,0,0.0,0.0,0.0,0,0.0,0.0,0.0,,,,0.0,0.0,0.0,0.0,,nan,nan,nan,nan,0.0,0.0,nan,nan,,0.0,0.0,0.0,52.0,0.0,0.0,0.0,0.0,0.0,0.0,,,0.0,0,0.0,,0.0,0.0,0,0.0,0.0,,nan,0.0
2024,CL,阪神タイガース,73975157,S.ノイジー,S.Neuse,49.0,149.0,134.0,8.0,31.0,5.0,0.0,1.0,39.0,8.0,1,0,0.0,1.0,14.0,0,0.0,16.0,9.0,0.231,0.302,0.291,0.593,25.0,0.05999999999999997,0.07099999999999998,0.362,9.395973154362416,10.738255033557047,0.875,0.2542372881355932,0.20865,398.99999999999994,0.16417910447761194,0.4732142857142857,0.231,31.0,1.0,8.0,49.0,149.0,134.0,25.0,5.0,0.0,8.0,0.302,0.291,14.0,0,0.0,,39.0,1,0,0.0,1.0,,11.858108108108109,12.066000000000003
2024,CL,広島東洋カープ,73975159,T.ハーン,T.Hearn,35.0,0.0,0.0,0.0,0.0,0.0,0.0,0.0,0.0,0.0,0.0,0,0.0,0.0,0.0,0,0.0,0.0,0.0,,,,0.0,0.0,0.0,0.0,,nan,nan,nan,nan,0.0,0.0,nan,nan,,0.0,0.0,0.0,35.0,0.0,0.0,0.0,0.0,0.0,0.0,,,0.0,0,0.0,,0.0,0.0,0,0.0,0.0,,nan,0.0
2024,CL,阪神タイガース,81085153,佐藤　蓮,R.Satou,1.0,0.0,0.0,0.0,0.0,0.0,0.0,0.0,0.0,0.0,0.0,0,0.0,0.0,0.0,0,0.0,0.0,0.0,,,,0.0,0.0,0.0,0.0,,nan,nan,nan,nan,0.0,0.0,nan,nan,,0.0,0.0,0.0,1.0,0.0,0.0,0.0,0.0,0.0,0.0,,,0.0,0,0.0,,0.0,0.0,0,0.0,0.0,,nan,0.0
2024,CL,読売ジャイアンツ,81085155,大勢,T.Taisei（outa,43.0,0.0,0.0,0.0,0.0,0.0,0.0,0.0,0.0,0.0,0.0,0,0.0,0.0,0.0,0,0.0,0.0,0.0,,,,0.0,0.0,0.0,0.0,,nan,nan,nan,nan,0.0,0.0,nan,nan,,0.0,0.0,0.0,43.0,0.0,0.0,0.0,0.0,0.0,0.0,,,0.0,0,0.0,,0.0,0.0,0,0.0,0.0,,nan,0.0
2024,CL,横浜DeNAベイスターズ,81185116,伊藤　光,H.Itou,39.0,94.0,88.0,7.0,18.0,4.0,0.0,1.0,25.0,14.0,0.0,0,0.0,0.0,4.0,0,2.0,24.0,1.0,0.205,0.255,0.284,0.5389999999999999,13.0,0.07899999999999999,0.05000000000000002,0.3339999999999999,4.25531914893617,25.53191489361702,0.16666666666666666,0.2698412698412698,0.18575,349.6666666666667,0.125,0.43661971830985913,0.205,18.0,1.0,14.0,39.0,94.0,88.0,13.0,4.0,0.0,7.0,0.255,0.284,4.0,0,2.0,,25.0,0.0,0,0.0,0.0,,5.978260869565218,5.939999999999999
2024,CL,広島東洋カープ,81185133,磯村　嘉孝,Y.Isomura,10.0,10.0,9.0,0.0,0.0,0.0,0.0,0.0,0.0,0.0,0.0,0,0.0,0.0,1.0,0,0.0,4.0,0.0,0.0,0.1,0.0,0.1,0.0,0.0,0.1,0.1,10.0,40.0,0.25,0.0,0.045000000000000005,100.0,0.1111111111111111,0.1111111111111111,0.0,0.0,0.0,0.0,10.0,10.0,9.0,0.0,0.0,0.0,0.0,0.1,0.0,1.0,0,0.0,,0.0,0.0,0,0.0,0.0,,0.0,-0.552
2024,CL,阪神タイガース,81185134,糸原　健斗,K.Itohara,89.0,128.0,111.0,8.0,24.0,2.0,0.0,0.0,26.0,9.0,0.0,0,0.0,1.0,15.0,0,1.0,20.0,3.0,0.216,0.312,0.234,0.546,22.0,0.018000000000000016,0.096,0.33,11.71875,15.625,0.75,0.2608695652173913,0.1989,390.0,0.15315315315315314,0.4666666666666667,0.216,24.0,0.0,9.0,89.0,128.0,111.0,22.0,2.0,0.0,8.0,0.312,0.234,15.0,0,1.0,,26.0,0.0,0,0.0,1.0,,8.047619047619047,9.193999999999999
2024,CL,中日ドラゴンズ,81185138,梅津　晃大,K.Umetsu,14.0,19.0,18.0,1.0,2.0,0.0,0.0,0.0,2.0,0.0,0.0,0,1.0,0.0,0.0,0,0.0,9.0,0.0,0.111,0.111,0.111,0.222,2.0,0.0,0.0,0.111,0.0,47.368421052631575,0.0,0.2222222222222222,0.0777,148.0,0.0,0.125,0.111,2.0,0.0,0.0,14.0,19.0,18.0,2.0,0.0,0.0,1.0,0.111,0.111,0.0,0,0.0,,2.0,0.0,0,1.0,0.0,,0.2222222222222222,-0.5680000000000001
2024,CL,東京ヤクルトスワローズ,81185159,伊藤　琉偉,R.Itou,6.0,1.0,1.0,0.0,0.0,0.0,0.0,0.0,0.0,0.0,0.0,0,0.0,0.0,0.0,0,0.0,1.0,0.0,0.0,0.0,0.0,0.0,0.0,0.0,0.0,0.0,0.0,100.0,0.0,nan,0.0,0.0,0.0,0.0,0.0,0.0,0.0,0.0,6.0,1.0,1.0,0.0,0.0,0.0,0.0,0.0,0.0,0.0,0,0.0,,0.0,0.0,0,0.0,0.0,,0.0,-0.098
2024,CL,読売ジャイアンツ,81285132,中川　皓太,K.Nakagawa,15.0,0.0,0.0,0.0,0.0,0.0,0.0,0.0,0.0,0.0,0.0,0,0.0,0.0,0.0,0,0.0,0.0,0.0,,,,0.0,0.0,0.0,0.0,,nan,nan,nan,nan,0.0,0.0,nan,nan,,0.0,0.0,0.0,15.0,0.0,0.0,0.0,0.0,0.0,0.0,,,0.0,0,0.0,,0.0,0.0,0,0.0,0.0,,nan,0.0
2024,CL,広島東洋カープ,81285136,中村　奨成,S.Nakamura,30.0,70.0,69.0,4.0,10.0,2.0,0.0,0.0,12.0,1.0,0,1,0.0,0.0,1.0,0,0.0,13.0,1.0,0.145,0.157,0.174,0.33099999999999996,8.0,0.028999999999999998,0.01200000000000001,0.186,1.4285714285714286,18.571428571428573,0.07692307692307693,0.17857142857142858,0.11415,215.0,0.057971014492753624,0.23333333333333334,0.145,10.0,0.0,1.0,30.0,70.0,69.0,8.0,2.0,0.0,4.0,0.157,0.174,1.0,0,0.0,,12.0,0,1,0.0,0.0,,1.8857142857142857,0.16799999999999926
2024,CL,中日ドラゴンズ,81285138,根尾　昂,A.Neo,3.0,2.0,2.0,0.0,1.0,1.0,0.0,0.0,2.0,1.0,0.0,0,0.0,0.0,0.0,0,0.0,1.0,0.0,0.5,0.5,1.0,1.5,0.0,0.5,0.0,1.0,0.0,50.0,0.0,1.0,0.475,833.3333333333333,0.5,2.0,0.5,1.0,0.0,1.0,3.0,2.0,2.0,0.0,1.0,0.0,0.0,0.5,1.0,0.0,0,0.0,,2.0,0.0,0,0.0,0.0,,1.0,0.622
2024,CL,横浜DeNAベイスターズ,81285155,徳山　壮磨,S.Tokuyama,29.0,0.0,0.0,0.0,0.0,0.0,0.0,0.0,0.0,0.0,0.0,0,0.0,0.0,0.0,0,0.0,0.0,0.0,,,,0.0,0.0,0.0,0.0,,nan,nan,nan,nan,0.0,0.0,nan,nan,,0.0,0.0,0.0,29.0,0.0,0.0,0.0,0.0,0.0,0.0,,,0.0,0,0.0,,0.0,0.0,0,0.0,0.0,,nan,0.0
2024,CL,東京ヤクルトスワローズ,81385130,太田　賢吾,K.Oota,18.0,50.0,49.0,5.0,10.0,1.0,1.0,0.0,13.0,5.0,0.0,0,0.0,0.0,1.0,0,0.0,14.0,0.0,0.204,0.22,0.265,0.485,8.0,0.061000000000000026,0.016000000000000014,0.281,2.0,28.000000000000004,0.07142857142857142,0.2857142857142857,0.16525,308.33333333333337,0.08163265306122448,0.358974358974359,0.204,10.0,0.0,5.0,18.0,50.0,49.0,8.0,1.0,1.0,5.0,0.22,0.265,1.0,0,0.0,,13.0,0.0,0,0.0,0.0,,2.86,2.268
2024,CL,読売ジャイアンツ,81385155,岡田　悠希,Y.Okada,4.0,9.0,7.0,0.0,1.0,0.0,0.0,0.0,1.0,0.0,0.0,0,0.0,0.0,2.0,0,0.0,2.0,0.0,0.143,0.333,0.143,0.476,1.0,0.0,0.19000000000000003,0.333,22.22222222222222,22.22222222222222,1.0,0.2,0.18560000000000001,380.6666666666667,0.2857142857142857,0.5,0.143,1.0,0.0,0.0,4.0,9.0,7.0,1.0,0.0,0.0,0.0,0.333,0.143,2.0,0,0.0,,1.0,0.0,0,0.0,0.0,,0.3333333333333333,0.5720000000000001
2024,CL,読売ジャイアンツ,81485157,萩尾　匡也,M.Hagio,56.0,163.0,149.0,13.0,32.0,8.0,2.0,2.0,50.0,12.0,0,2,1.0,1.0,11.0,0,1.0,41.0,4.0,0.215,0.272,0.336,0.6080000000000001,20.0,0.12100000000000002,0.05700000000000002,0.393,6.748466257668712,25.153374233128833,0.2682926829268293,0.2803738317757009,0.20640000000000003,384.0,0.2080536912751678,0.5289256198347108,0.215,32.0,2.0,12.0,56.0,163.0,149.0,20.0,8.0,2.0,13.0,0.272,0.336,11.0,0,1.0,,50.0,0,2,1.0,1.0,,13.4375,13.573999999999998
2024,CL,中日ドラゴンズ,81585132,川越　誠司,S.Kawagoe,27.0,75.0,71.0,4.0,19.0,3.0,0.0,2.0,28.0,7.0,0.0,0,0.0,0.0,4.0,0,0.0,17.0,2.0,0.268,0.307,0.394,0.7010000000000001,14.0,0.126,0.03899999999999998,0.433,5.333333333333334,22.666666666666664,0.23529411764705882,0.3269230769230769,0.23665,438.33333333333337,0.18309859154929578,0.5925925925925926,0.268,19.0,2.0,7.0,27.0,75.0,71.0,14.0,3.0,0.0,4.0,0.307,0.394,4.0,0,0.0,,28.0,0.0,0,0.0,0.0,,8.586666666666666,8.264
2024,CL,横浜DeNAベイスターズ,81585134,京田　陽太,Y.Kyouda,101.0,236.0,216.0,18.0,53.0,7.0,1.0,1.0,65.0,27.0,3,1,4.0,3.0,13.0,0,0.0,43.0,4.0,0.245,0.284,0.301,0.585,44.0,0.055999999999999994,0.03899999999999998,0.3399999999999999,5.508474576271186,18.220338983050848,0.3023255813953488,0.29714285714285715,0.20305,384.3333333333333,0.12037037037037036,0.47305389221556887,0.245,53.0,1.0,27.0,101.0,236.0,216.0,44.0,7.0,1.0,18.0,0.284,0.301,13.0,0,0.0,,65.0,3,1,4.0,3.0,,18.733624454148472,18.016000000000002
2024,CL,阪神タイガース,81585136,熊谷　敬宥,T.Kumagai,32.0,9.0,8.0,2.0,1.0,0.0,0.0,0.0,1.0,0.0,1.0,1,1.0,0.0,0.0,0,0.0,2.0,0.0,0.125,0.125,0.125,0.25,1.0,0.0,0.0,0.125,0.0,22.22222222222222,0.0,0.16666666666666666,0.0875,166.66666666666666,0.125,0.2857142857142857,0.125,1.0,0.0,0.0,32.0,9.0,8.0,1.0,0.0,0.0,2.0,0.125,0.125,0.0,0,0.0,,1.0,1.0,1,1.0,0.0,,0.125,-0.006000000000000116
2024,CL,横浜DeNAベイスターズ,81585138,上茶谷　大河,T.Kamichatani,18.0,3.0,3.0,0.0,0.0,0.0,0.0,0.0,0.0,0.0,0.0,0,0.0,0.0,0.0,0,0.0,1.0,0.0,0.0,0.0,0.0,0.0,0.0,0.0,0.0,0.0,0.0,33.33333333333333,0.0,0.0,0.0,0.0,0.0,0.0,0.0,0.0,0.0,0.0,18.0,3.0,3.0,0.0,0.0,0.0,0.0,0.0,0.0,0.0,0,0.0,,0.0,0.0,0,0.0,0.0,,0.0,-0.29400000000000004
2024,CL,中日ドラゴンズ,81585151,岡林　勇希,Y.Okabayashi,123.0,460.0,425.0,34.0,109.0,10.0,3.0,0.0,125.0,12.0,10,7,6.0,0.0,29.0,0,0.0,62.0,2.0,0.256,0.304,0.294,0.598,96.0,0.03799999999999998,0.04799999999999999,0.3419999999999999,6.304347826086956,13.478260869565217,0.46774193548387094,0.3002754820936639,0.2103,401.99999999999994,0.1223529411764706,0.5062893081761006,0.256,109.0,0.0,12.0,123.0,460.0,425.0,96.0,10.0,3.0,34.0,0.304,0.294,29.0,0,0.0,,125.0,10,7,6.0,0.0,,37.99559471365639,38.182
2024,CL,広島東洋カープ,81585157,久保　修,S.Kubo,19.0,18.0,17.0,1.0,1.0,0.0,0.0,0.0,1.0,0.0,0.0,0,0.0,0.0,0.0,0,1.0,8.0,0.0,0.059,0.111,0.059,0.16999999999999998,1.0,0.0,0.052000000000000005,0.111,0.0,44.44444444444444,0.0,0.1111111111111111,0.06470000000000001,130.66666666666666,0.0,0.125,0.059,1.0,0.0,0.0,19.0,18.0,17.0,1.0,0.0,0.0,1.0,0.111,0.059,0.0,0,1.0,,1.0,0.0,0,0.0,0.0,,0.058823529411764705,-0.738
2024,CL,阪神タイガース,81685139,渡邉　諒,R.Watanabe,67.0,137.0,123.0,7.0,32.0,5.0,0.0,2.0,43.0,11.0,0,1,0.0,2.0,11.0,0,1.0,34.0,2.0,0.26,0.321,0.35,0.671,25.0,0.08999999999999997,0.061,0.411,8.02919708029197,24.817518248175183,0.3235294117647059,0.33707865168539325,0.23195,437.66666666666663,0.18699186991869918,0.6021505376344086,0.26,32.0,2.0,11.0,67.0,137.0,123.0,25.0,5.0,0.0,7.0,0.321,0.35,11.0,0,1.0,,43.0,0,1,0.0,2.0,,13.798507462686567,14.202
2024,CL,中日ドラゴンズ,81685157,福永　裕基,H.Fukunaga,111.0,402.0,363.0,40.0,111.0,22.0,2.0,6.0,155.0,32.0,9,3,4.0,2.0,27.0,0,6.0,82.0,4.0,0.306,0.362,0.427,0.7889999999999999,81.0,0.121,0.055999999999999994,0.483,6.7164179104477615,20.398009950248756,0.32926829268292684,0.37906137184115524,0.26965,504.3333333333333,0.20385674931129477,0.74609375,0.306,111.0,6.0,32.0,111.0,402.0,363.0,81.0,22.0,2.0,40.0,0.362,0.427,27.0,0,6.0,,155.0,9,3,4.0,2.0,,54.84615384615385,53.79400000000001
2024,CL,中日ドラゴンズ,81785133,駿太,S.Shunta（gotou,29.0,35.0,32.0,1.0,4.0,0.0,0.0,0.0,4.0,1.0,0.0,0,1.0,0.0,2.0,0,0.0,9.0,0.0,0.125,0.176,0.125,0.301,4.0,0.0,0.05099999999999999,0.176,5.714285714285714,25.71428571428571,0.2222222222222222,0.17391304347826086,0.11044999999999999,217.66666666666666,0.0625,0.21428571428571427,0.125,4.0,0.0,1.0,29.0,35.0,32.0,4.0,0.0,0.0,1.0,0.176,0.125,2.0,0,0.0,,4.0,0.0,0,1.0,0.0,,0.7058823529411765,-0.08400000000000007
2024,CL,東京ヤクルトスワローズ,81785136,阪口　皓亮,K.Sakaguchi,2.0,3.0,2.0,0.0,0.0,0.0,0.0,0.0,0.0,0.0,0.0,0,1.0,0.0,0.0,0,0.0,2.0,0.0,0.0,0.0,0.0,0.0,0.0,0.0,0.0,0.0,0.0,66.66666666666666,0.0,nan,0.0,0.0,0.0,0.0,0.0,0.0,0.0,0.0,2.0,3.0,2.0,0.0,0.0,0.0,0.0,0.0,0.0,0.0,0,0.0,,0.0,0.0,0,1.0,0.0,,0.0,-0.196
2024,CL,読売ジャイアンツ,81885138,横川　凱,K.Yokogawa,12.0,8.0,4.0,0.0,1.0,0.0,0.0,0.0,1.0,1.0,0.0,0,4.0,0.0,0.0,0,0.0,1.0,0.0,0.25,0.25,0.25,0.5,1.0,0.0,0.0,0.25,0.0,12.5,0.0,0.3333333333333333,0.175,333.3333333333333,0.0,0.3333333333333333,0.25,1.0,0.0,1.0,12.0,8.0,4.0,1.0,0.0,0.0,0.0,0.25,0.25,0.0,0,0.0,,1.0,0.0,0,4.0,0.0,,0.25,0.20599999999999996
2024,CL,読売ジャイアンツ,81985118,立岡　宗一郎,S.Tateoka,48.0,99.0,84.0,12.0,18.0,0.0,0.0,0.0,18.0,8.0,3,2,4.0,0.0,11.0,0,0.0,19.0,0.0,0.214,0.305,0.214,0.519,18.0,0.0,0.091,0.305,11.11111111111111,19.19191919191919,0.5789473684210527,0.27692307692307694,0.19075,376.3333333333333,0.15476190476190477,0.4696969696969697,0.214,18.0,0.0,8.0,48.0,99.0,84.0,18.0,0.0,0.0,12.0,0.305,0.214,11.0,0,0.0,,18.0,3,2,4.0,0.0,,5.494736842105263,6.522
2024,CL,東京ヤクルトスワローズ,81985155,柴田　大地,D.Shibata,1.0,0.0,0.0,0.0,0.0,0.0,0.0,0.0,0.0,0.0,0.0,0,0.0,0.0,0.0,0,0.0,0.0,0.0,,,,0.0,0.0,0.0,0.0,,nan,nan,nan,nan,0.0,0.0,nan,nan,,0.0,0.0,0.0,1.0,0.0,0.0,0.0,0.0,0.0,0.0,,,0.0,0,0.0,,0.0,0.0,0,0.0,0.0,,nan,0.0
2024,CL,中日ドラゴンズ,83185153,三好　大倫,H.Miyoshi,37.0,90.0,82.0,6.0,18.0,2.0,1.0,0.0,22.0,4.0,0.0,0,1.0,1.0,5.0,0,1.0,22.0,2.0,0.22,0.27,0.268,0.538,15.0,0.048000000000000015,0.05000000000000002,0.318,5.555555555555555,24.444444444444443,0.22727272727272727,0.29508196721311475,0.1885,359.3333333333333,0.10975609756097561,0.42424242424242425,0.22,18.0,0.0,4.0,37.0,90.0,82.0,15.0,2.0,1.0,6.0,0.27,0.268,5.0,0,1.0,,22.0,0.0,0,1.0,1.0,,5.816091954022989,5.688000000000001
2024,CL,中日ドラゴンズ,83185155,味谷　大誠,T.Miya,3.0,1.0,1.0,0.0,0.0,0.0,0.0,0.0,0.0,0.0,0.0,0,0.0,0.0,0.0,0,0.0,0.0,0.0,0.0,0.0,0.0,0.0,0.0,0.0,0.0,0.0,0.0,0.0,nan,0.0,0.0,0.0,0.0,0.0,0.0,0.0,0.0,0.0,3.0,1.0,1.0,0.0,0.0,0.0,0.0,0.0,0.0,0.0,0,0.0,,0.0,0.0,0,0.0,0.0,,0.0,-0.098
2024,CL,中日ドラゴンズ,83285157,M.フェリス,M.Feliz,17.0,0.0,0.0,0.0,0.0,0.0,0.0,0.0,0.0,0.0,0.0,0,0.0,0.0,0.0,0,0.0,0.0,0.0,,,,0.0,0.0,0.0,0.0,,nan,nan,nan,nan,0.0,0.0,nan,nan,,0.0,0.0,0.0,17.0,0.0,0.0,0.0,0.0,0.0,0.0,,,0.0,0,0.0,,0.0,0.0,0,0.0,0.0,,nan,0.0
2024,CL,読売ジャイアンツ,91095134,高梨　雄平,Y.Takanashi,51.0,0.0,0.0,0.0,0.0,0.0,0.0,0.0,0.0,0.0,0.0,0,0.0,0.0,0.0,0,0.0,0.0,0.0,,,,0.0,0.0,0.0,0.0,,nan,nan,nan,nan,0.0,0.0,nan,nan,,0.0,0.0,0.0,51.0,0.0,0.0,0.0,0.0,0.0,0.0,,,0.0,0,0.0,,0.0,0.0,0,0.0,0.0,,nan,0.0
2024,CL,中日ドラゴンズ,91095135,高橋　周平,S.Takahashi,60.0,190.0,173.0,8.0,45.0,6.0,0.0,2.0,57.0,16.0,0,1,3.0,0.0,13.0,0,1.0,40.0,7.0,0.26,0.316,0.329,0.645,37.0,0.069,0.055999999999999994,0.385,6.842105263157896,21.052631578947366,0.325,0.3282442748091603,0.22444999999999998,425.6666666666667,0.15028901734104047,0.5333333333333333,0.26,45.0,2.0,16.0,60.0,190.0,173.0,37.0,6.0,0.0,8.0,0.316,0.329,13.0,0,1.0,,57.0,0,1,3.0,0.0,,17.774193548387096,17.956
2024,CL,阪神タイガース,91095136,髙橋　遥人,H.Takahashi,5.0,12.0,9.0,0.0,2.0,0.0,0.0,0.0,2.0,0.0,0.0,0,2.0,0.0,1.0,0,0.0,5.0,0.0,0.222,0.3,0.222,0.522,2.0,0.0,0.07799999999999999,0.3,8.333333333333332,41.66666666666667,0.2,0.5,0.1905,374.0,0.1111111111111111,0.42857142857142855,0.222,2.0,0.0,0.0,5.0,12.0,9.0,2.0,0.0,0.0,0.0,0.3,0.222,1.0,0,0.0,,2.0,0.0,0,2.0,0.0,,0.6,0.644
2024,CL,横浜DeNAベイスターズ,91095138,知野　直人,N.Chino,24.0,22.0,18.0,3.0,2.0,1.0,0.0,0.0,3.0,2.0,1,0,0.0,0.0,4.0,0,0.0,4.0,1.0,0.111,0.273,0.167,0.44000000000000006,1.0,0.05600000000000001,0.16200000000000003,0.329,18.181818181818183,18.181818181818183,1.0,0.14285714285714285,0.16460000000000002,328.6666666666667,0.2777777777777778,0.4117647058823529,0.111,2.0,0.0,2.0,24.0,22.0,18.0,1.0,1.0,0.0,3.0,0.273,0.167,4.0,0,0.0,,3.0,1,0,0.0,0.0,,0.8181818181818182,0.972
2024,CL,横浜DeNAベイスターズ,91095139,西浦　直亨,N.Nishiura,8.0,17.0,15.0,3.0,4.0,0.0,1.0,0.0,6.0,1.0,0.0,0,0.0,0.0,2.0,0,0.0,5.0,2.0,0.267,0.353,0.4,0.753,3.0,0.133,0.08599999999999997,0.486,11.76470588235294,29.411764705882355,0.4,0.4,0.25885,486.33333333333326,0.26666666666666666,0.6153846153846154,0.267,4.0,0.0,1.0,8.0,17.0,15.0,3.0,0.0,1.0,3.0,0.353,0.4,2.0,0,0.0,,6.0,0.0,0,0.0,0.0,,2.1176470588235294,2.122
2024,CL,読売ジャイアンツ,91095157,田中　千晴,C.Tanaka,3.0,0.0,0.0,0.0,0.0,0.0,0.0,0.0,0.0,0.0,0.0,0,0.0,0.0,0.0,0,0.0,0.0,0.0,,,,0.0,0.0,0.0,0.0,,nan,nan,nan,nan,0.0,0.0,nan,nan,,0.0,0.0,0.0,3.0,0.0,0.0,0.0,0.0,0.0,0.0,,,0.0,0,0.0,,0.0,0.0,0,0.0,0.0,,nan,0.0
2024,CL,中日ドラゴンズ,91195138,石橋　康太,K.Ishibashi,11.0,29.0,24.0,1.0,5.0,2.0,0.0,0.0,7.0,3.0,0.0,0,3.0,1.0,1.0,0,0.0,7.0,1.0,0.208,0.231,0.292,0.523,3.0,0.08399999999999999,0.02300000000000002,0.315,3.4482758620689653,24.137931034482758,0.14285714285714285,0.2777777777777778,0.17695,328.33333333333337,0.125,0.4,0.208,5.0,0.0,3.0,11.0,29.0,24.0,3.0,2.0,0.0,1.0,0.231,0.292,1.0,0,0.0,,7.0,0.0,0,3.0,1.0,,1.68,1.408
2024,CL,中日ドラゴンズ,91195151,石川　昂弥,T.Ishikawa,82.0,275.0,254.0,17.0,69.0,16.0,0.0,4.0,97.0,25.0,0.0,0,0.0,2.0,17.0,0,2.0,37.0,9.0,0.272,0.32,0.382,0.702,49.0,0.10999999999999999,0.04799999999999999,0.43,6.181818181818182,13.454545454545455,0.4594594594594595,0.3023255813953488,0.23950000000000002,447.33333333333337,0.17716535433070865,0.5979381443298969,0.272,69.0,4.0,25.0,82.0,275.0,254.0,49.0,16.0,0.0,17.0,0.32,0.382,17.0,0,2.0,,97.0,0.0,0,0.0,2.0,,30.782287822878228,29.919999999999998
2024,CL,読売ジャイアンツ,91195157,浅野　翔吾,S.Asano,40.0,158.0,146.0,18.0,35.0,11.0,2.0,3.0,59.0,18.0,1,0,2.0,1.0,7.0,0,2.0,27.0,2.0,0.24,0.282,0.404,0.6859999999999999,19.0,0.16400000000000003,0.04199999999999998,0.446,4.430379746835443,17.088607594936708,0.25925925925925924,0.27350427350427353,0.2279,416.66666666666663,0.21232876712328766,0.6017699115044248,0.24,35.0,3.0,18.0,40.0,158.0,146.0,19.0,11.0,2.0,18.0,0.282,0.404,7.0,0,2.0,,59.0,1,0,2.0,1.0,,16.19607843137255,15.911999999999999
2024,CL,横浜DeNAベイスターズ,91195159,石上　泰輝,T.Ishikami,26.0,79.0,71.0,3.0,13.0,4.0,0.0,0.0,17.0,3.0,2,0,2.0,0.0,6.0,0,0.0,17.0,3.0,0.183,0.247,0.239,0.486,9.0,0.055999999999999994,0.064,0.303,7.59493670886076,21.518987341772153,0.35294117647058826,0.24074074074074073,0.1709,326.6666666666667,0.14084507042253522,0.3770491803278688,0.183,13.0,0.0,3.0,26.0,79.0,71.0,9.0,4.0,0.0,3.0,0.247,0.239,6.0,0,0.0,,17.0,2,0,2.0,0.0,,4.194805194805195,3.6759999999999993
2024,CL,中日ドラゴンズ,91395132,板山　祐太郎,Y.Itayama,65.0,194.0,178.0,11.0,42.0,4.0,3.0,3.0,61.0,13.0,1.0,1,1.0,1.0,14.0,0,0.0,36.0,9.0,0.236,0.29,0.343,0.633,32.0,0.10700000000000004,0.05399999999999999,0.397,7.216494845360824,18.556701030927837,0.3888888888888889,0.2785714285714286,0.21625,404.3333333333333,0.19101123595505617,0.5241379310344828,0.236,42.0,3.0,13.0,65.0,194.0,178.0,32.0,4.0,3.0,11.0,0.29,0.343,14.0,0,0.0,,61.0,1.0,1,1.0,1.0,,17.791666666666668,17.792
2024,CL,中日ドラゴンズ,91395139,上林　誠知,S.Uebayashi,46.0,102.0,94.0,6.0,18.0,1.0,1.0,1.0,24.0,3.0,0.0,0,1.0,0.0,7.0,0,0.0,22.0,0.0,0.191,0.248,0.255,0.503,15.0,0.064,0.056999999999999995,0.312,6.862745098039216,21.568627450980394,0.3181818181818182,0.23943661971830985,0.17535,333.0,0.13829787234042554,0.40789473684210525,0.191,18.0,1.0,3.0,46.0,102.0,94.0,15.0,1.0,1.0,6.0,0.248,0.255,7.0,0,0.0,,24.0,0.0,0,1.0,0.0,,5.9405940594059405,5.562000000000001
2024,CL,読売ジャイアンツ,91395153,伊藤　優輔,Y.Itou,8.0,0.0,0.0,0.0,0.0,0.0,0.0,0.0,0.0,0.0,0.0,0,0.0,0.0,0.0,0,0.0,0.0,0.0,,,,0.0,0.0,0.0,0.0,,nan,nan,nan,nan,0.0,0.0,nan,nan,,0.0,0.0,0.0,8.0,0.0,0.0,0.0,0.0,0.0,0.0,,,0.0,0,0.0,,0.0,0.0,0,0.0,0.0,,nan,0.0
2024,CL,阪神タイガース,91495134,長坂　拳弥,K.Nagasaka,5.0,4.0,3.0,0.0,0.0,0.0,0.0,0.0,0.0,0.0,0.0,0,1.0,0.0,0.0,0,0.0,2.0,0.0,0.0,0.0,0.0,0.0,0.0,0.0,0.0,0.0,0.0,50.0,0.0,0.0,0.0,0.0,0.0,0.0,0.0,0.0,0.0,0.0,5.0,4.0,3.0,0.0,0.0,0.0,0.0,0.0,0.0,0.0,0,0.0,,0.0,0.0,0,1.0,0.0,,0.0,-0.29400000000000004
2024,CL,東京ヤクルトスワローズ,91495138,濱田　太貴,T.Hamada,10.0,28.0,26.0,0.0,2.0,0.0,0.0,0.0,2.0,1.0,0.0,0,1.0,0.0,1.0,0,0.0,8.0,1.0,0.077,0.111,0.077,0.188,2.0,0.0,0.034,0.111,3.571428571428571,28.57142857142857,0.125,0.1111111111111111,0.0692,136.66666666666666,0.038461538461538464,0.12,0.077,2.0,0.0,1.0,10.0,28.0,26.0,2.0,0.0,0.0,0.0,0.111,0.077,1.0,0,0.0,,2.0,0.0,0,1.0,0.0,,0.2222222222222222,-1.0220000000000002
2024,CL,阪神タイガース,91495151,西　純矢,J.Nishi,4.0,0.0,0.0,0.0,0.0,0.0,0.0,0.0,0.0,0.0,0.0,0,0.0,0.0,0.0,0,0.0,0.0,0.0,,,,0.0,0.0,0.0,0.0,,nan,nan,nan,nan,0.0,0.0,nan,nan,,0.0,0.0,0.0,4.0,0.0,0.0,0.0,0.0,0.0,0.0,,,0.0,0,0.0,,0.0,0.0,0,0.0,0.0,,nan,0.0
2024,CL,東京ヤクルトスワローズ,91595135,嘉弥真　新也,S.Kayama,9.0,0.0,0.0,0.0,0.0,0.0,0.0,0.0,0.0,0.0,0.0,0,0.0,0.0,0.0,0,0.0,0.0,0.0,,,,0.0,0.0,0.0,0.0,,nan,nan,nan,nan,0.0,0.0,nan,nan,,0.0,0.0,0.0,9.0,0.0,0.0,0.0,0.0,0.0,0.0,,,0.0,0,0.0,,0.0,0.0,0,0.0,0.0,,nan,0.0
2024,CL,読売ジャイアンツ,91595136,岸田　行倫,Y.Kishida,88.0,298.0,269.0,22.0,65.0,10.0,1.0,4.0,89.0,26.0,2.0,2,9.0,2.0,14.0,0,4.0,43.0,11.0,0.242,0.287,0.331,0.618,50.0,0.08900000000000002,0.044999999999999984,0.376,4.697986577181208,14.429530201342283,0.32558139534883723,0.27232142857142855,0.21189999999999998,397.3333333333333,0.14869888475836432,0.5069767441860465,0.242,65.0,4.0,26.0,88.0,298.0,269.0,50.0,10.0,1.0,22.0,0.287,0.331,14.0,0,4.0,,89.0,2.0,2,9.0,2.0,,24.84452296819788,25.307999999999996
2024,CL,東京ヤクルトスワローズ,91595153,内山　壮真,S.Uchiyama,24.0,54.0,52.0,2.0,10.0,1.0,0.0,0.0,11.0,3.0,1,0,0.0,0.0,1.0,0,1.0,13.0,2.0,0.192,0.222,0.212,0.434,9.0,0.01999999999999999,0.03,0.242,1.8518518518518516,24.074074074074073,0.07692307692307693,0.2564102564102564,0.1529,292.6666666666667,0.038461538461538464,0.29545454545454547,0.192,10.0,0.0,3.0,24.0,54.0,52.0,9.0,1.0,0.0,2.0,0.222,0.212,1.0,0,1.0,,11.0,1,0,0.0,0.0,,2.2830188679245285,1.7639999999999993
2024,CL,東京ヤクルトスワローズ,91695153,並木　秀尊,H.Namiki,33.0,49.0,43.0,15.0,10.0,1.0,0.0,1.0,14.0,5.0,10,0,5.0,0.0,1.0,0,0.0,7.0,4.0,0.233,0.25,0.326,0.5760000000000001,8.0,0.093,0.016999999999999987,0.3429999999999999,2.0408163265306123,14.285714285714285,0.14285714285714285,0.2571428571428571,0.194,358.6666666666667,0.11627906976744186,0.40540540540540543,0.233,10.0,1.0,5.0,33.0,49.0,43.0,8.0,1.0,0.0,15.0,0.25,0.326,1.0,0,0.0,,14.0,10,0,5.0,0.0,,3.5,3.2560000000000002
2024,CL,横浜DeNAベイスターズ,91695157,林　琢真,T.Hayashi,63.0,114.0,102.0,11.0,17.0,5.0,1.0,0.0,24.0,7.0,6,3,2.0,1.0,8.0,0,1.0,24.0,2.0,0.167,0.232,0.235,0.46699999999999997,11.0,0.06799999999999998,0.065,0.3,7.017543859649122,21.052631578947366,0.3333333333333333,0.21518987341772153,0.16315000000000002,310.33333333333337,0.17647058823529413,0.41379310344827586,0.167,17.0,0.0,7.0,63.0,114.0,102.0,11.0,5.0,1.0,11.0,0.232,0.235,8.0,0,1.0,,24.0,6,3,2.0,1.0,,5.454545454545454,5.320000000000002
2024,CL,読売ジャイアンツ,91795134,郡　拓也,T.Koori,5.0,4.0,4.0,1.0,0.0,0.0,0.0,0.0,0.0,0.0,0.0,0,0.0,0.0,0.0,0,0.0,1.0,0.0,0.0,0.0,0.0,0.0,0.0,0.0,0.0,0.0,0.0,25.0,0.0,0.0,0.0,0.0,0.0,0.0,0.0,0.0,0.0,0.0,5.0,4.0,4.0,0.0,0.0,0.0,1.0,0.0,0.0,0.0,0,0.0,,0.0,0.0,0,0.0,0.0,,0.0,-0.392
2024,CL,読売ジャイアンツ,91795139,小林　誠司,S.Kobayashi,42.0,123.0,105.0,4.0,16.0,3.0,0.0,1.0,22.0,8.0,1,0,7.0,0.0,9.0,0,2.0,18.0,1.0,0.152,0.233,0.21,0.443,12.0,0.057999999999999996,0.08100000000000002,0.291,7.317073170731707,14.634146341463413,0.5,0.1744186046511628,0.15735000000000002,303.0,0.14285714285714285,0.36666666666666664,0.152,16.0,1.0,8.0,42.0,123.0,105.0,12.0,3.0,0.0,4.0,0.233,0.21,9.0,0,2.0,,22.0,1,0,7.0,0.0,,4.824561403508772,4.508000000000001
2024,CL,阪神タイガース,91795151,及川　雅貴,M.Oyokawa,9.0,6.0,6.0,0.0,3.0,0.0,0.0,0.0,3.0,1.0,0.0,0,0.0,0.0,0.0,0,0.0,0.0,0.0,0.5,0.5,0.5,1.0,3.0,0.0,0.0,0.5,0.0,0.0,nan,0.5,0.35,666.6666666666666,0.0,1.0,0.5,3.0,0.0,1.0,9.0,6.0,6.0,3.0,0.0,0.0,0.0,0.5,0.5,0.0,0,0.0,,3.0,0.0,0,0.0,0.0,,1.5,1.206
2024,CL,読売ジャイアンツ,91795155,京本　眞,M.Kyoumoto,4.0,0.0,0.0,0.0,0.0,0.0,0.0,0.0,0.0,0.0,0.0,0,0.0,0.0,0.0,0,0.0,0.0,0.0,,,,0.0,0.0,0.0,0.0,,nan,nan,nan,nan,0.0,0.0,nan,nan,,0.0,0.0,0.0,4.0,0.0,0.0,0.0,0.0,0.0,0.0,,,0.0,0,0.0,,0.0,0.0,0,0.0,0.0,,nan,0.0
2024,CL,東京ヤクルトスワローズ,91895133,山田　哲人,T.Yamada,110.0,385.0,340.0,38.0,77.0,14.0,1.0,14.0,135.0,39.0,1,0,0.0,4.0,36.0,0,5.0,86.0,6.0,0.226,0.306,0.397,0.7030000000000001,48.0,0.171,0.07999999999999999,0.477,9.35064935064935,22.337662337662337,0.4186046511627907,0.2581967213114754,0.23695,438.33333333333337,0.27647058823529413,0.654275092936803,0.226,77.0,14.0,39.0,110.0,385.0,340.0,48.0,14.0,1.0,38.0,0.306,0.397,36.0,0,5.0,,135.0,1,0,0.0,4.0,,40.5718085106383,43.036
2024,CL,広島東洋カープ,91895153,二俣　翔一,S.Futamata,80.0,122.0,107.0,7.0,21.0,4.0,0.0,1.0,28.0,7.0,1,0,6.0,0.0,8.0,0,1.0,26.0,3.0,0.196,0.259,0.262,0.521,16.0,0.066,0.063,0.325,6.557377049180328,21.311475409836063,0.3076923076923077,0.25,0.18205,346.3333333333333,0.14018691588785046,0.4157303370786517,0.196,21.0,1.0,7.0,80.0,122.0,107.0,16.0,4.0,0.0,7.0,0.259,0.262,8.0,0,1.0,,28.0,1,0,6.0,0.0,,7.060869565217391,6.861999999999998
2024,CL,広島東洋カープ,91895157,益田　武尚,T.Masuda,10.0,0.0,0.0,0.0,0.0,0.0,0.0,0.0,0.0,0.0,0.0,0,0.0,0.0,0.0,0,0.0,0.0,0.0,,,,0.0,0.0,0.0,0.0,,nan,nan,nan,nan,0.0,0.0,nan,nan,,0.0,0.0,0.0,10.0,0.0,0.0,0.0,0.0,0.0,0.0,,,0.0,0,0.0,,0.0,0.0,0,0.0,0.0,,nan,0.0
2024,CL,読売ジャイアンツ,91995131,長野　久義,H.Chouno,54.0,98.0,89.0,5.0,23.0,3.0,1.0,0.0,28.0,14.0,1.0,1,0.0,0.0,9.0,0,0.0,25.0,2.0,0.258,0.327,0.315,0.642,19.0,0.056999999999999995,0.069,0.384,9.183673469387756,25.510204081632654,0.36,0.359375,0.2259,432.0,0.16853932584269662,0.5588235294117647,0.258,23.0,0.0,14.0,54.0,98.0,89.0,19.0,3.0,1.0,5.0,0.327,0.315,9.0,0,0.0,,28.0,1.0,1,0.0,0.0,,9.142857142857142,9.382
2024,CL,横浜DeNAベイスターズ,91995134,佐野　恵太,K.Sano,139.0,566.0,524.0,51.0,143.0,34.0,0.0,8.0,201.0,62.0,0.0,0,0.0,3.0,35.0,0,4.0,53.0,17.0,0.273,0.322,0.384,0.706,101.0,0.11099999999999999,0.04899999999999999,0.433,6.18374558303887,9.363957597173144,0.660377358490566,0.28969957081545067,0.2409,450.0,0.17748091603053434,0.6030150753768844,0.273,143.0,8.0,62.0,139.0,566.0,524.0,101.0,34.0,0.0,51.0,0.322,0.384,35.0,0,4.0,,201.0,0.0,0,0.0,3.0,,64.00357781753131,62.032000000000004
2024,CL,阪神タイガース,91995136,島田　海吏,K.Shimada,62.0,94.0,80.0,8.0,22.0,2.0,0.0,0.0,24.0,2.0,5,3,3.0,0.0,10.0,0,1.0,16.0,2.0,0.275,0.363,0.3,0.663,20.0,0.024999999999999967,0.08799999999999997,0.3879999999999999,10.638297872340425,17.02127659574468,0.625,0.34375,0.23835,462.99999999999994,0.1875,0.6333333333333333,0.275,22.0,0.0,2.0,62.0,94.0,80.0,20.0,2.0,0.0,8.0,0.363,0.3,10.0,0,1.0,,24.0,5,3,3.0,0.0,,8.533333333333333,9.925999999999998
2024,CL,中日ドラゴンズ,91995139,祖父江　大輔,D.Sobue,28.0,0.0,0.0,0.0,0.0,0.0,0.0,0.0,0.0,0.0,0.0,0,0.0,0.0,0.0,0,0.0,0.0,0.0,,,,0.0,0.0,0.0,0.0,,nan,nan,nan,nan,0.0,0.0,nan,nan,,0.0,0.0,0.0,28.0,0.0,0.0,0.0,0.0,0.0,0.0,,,0.0,0,0.0,,0.0,0.0,0,0.0,0.0,,nan,0.0
2024,CL,広島東洋カープ,91995153,栗林　良吏,R.Kuribayashi,60.0,0.0,0.0,0.0,0.0,0.0,0.0,0.0,0.0,0.0,0.0,0,0.0,0.0,0.0,0,0.0,0.0,0.0,,,,0.0,0.0,0.0,0.0,,nan,nan,nan,nan,0.0,0.0,nan,nan,,0.0,0.0,0.0,60.0,0.0,0.0,0.0,0.0,0.0,0.0,,,0.0,0,0.0,,0.0,0.0,0,0.0,0.0,,nan,0.0
2024,CL,読売ジャイアンツ,93095157,Y.メンデス,Y.Mendez,2.0,1.0,1.0,0.0,0.0,0.0,0.0,0.0,0.0,0.0,0.0,0,0.0,0.0,0.0,0,0.0,1.0,0.0,0.0,0.0,0.0,0.0,0.0,0.0,0.0,0.0,0.0,100.0,0.0,nan,0.0,0.0,0.0,0.0,0.0,0.0,0.0,0.0,2.0,1.0,1.0,0.0,0.0,0.0,0.0,0.0,0.0,0.0,0,0.0,,0.0,0.0,0,0.0,0.0,,0.0,-0.098
2024,CL,広島東洋カープ,93095159,M.レイノルズ,M.Reynolds,2.0,6.0,4.0,0.0,0.0,0.0,0.0,0.0,0.0,1.0,0.0,0,0.0,1.0,1.0,0,0.0,2.0,1.0,0.0,0.167,0.0,0.167,0.0,0.0,0.167,0.167,16.666666666666664,33.33333333333333,0.5,0.0,0.07515000000000001,167.0,0.25,0.2,0.0,0.0,0.0,1.0,2.0,6.0,4.0,0.0,0.0,0.0,0.0,0.167,0.0,1.0,0,0.0,,0.0,0.0,0,0.0,1.0,,0.0,-0.062
2024,CL,中日ドラゴンズ,93195132,山本　泰寛,Y.Yamamoto,79.0,179.0,156.0,14.0,39.0,3.0,0.0,1.0,45.0,9.0,1.0,1,6.0,2.0,15.0,0,0.0,33.0,1.0,0.25,0.312,0.288,0.6,35.0,0.03799999999999998,0.062,0.35,8.379888268156424,18.435754189944134,0.45454545454545453,0.3064516129032258,0.21239999999999998,408.0,0.14102564102564102,0.5169491525423728,0.25,39.0,1.0,9.0,79.0,179.0,156.0,35.0,3.0,0.0,14.0,0.312,0.288,15.0,0,0.0,,45.0,1.0,1,6.0,2.0,,14.210526315789474,14.764
2024,CL,横浜DeNAベイスターズ,93195134,森原　康平,K.Morihara,58.0,0.0,0.0,0.0,0.0,0.0,0.0,0.0,0.0,0.0,0.0,0,0.0,0.0,0.0,0,0.0,0.0,0.0,,,,0.0,0.0,0.0,0.0,,nan,nan,nan,nan,0.0,0.0,nan,nan,,0.0,0.0,0.0,58.0,0.0,0.0,0.0,0.0,0.0,0.0,,,0.0,0,0.0,,0.0,0.0,0,0.0,0.0,,nan,0.0
2024,CL,東京ヤクルトスワローズ,93195136,山本　大貴,D.Yamamoto,44.0,0.0,0.0,0.0,0.0,0.0,0.0,0.0,0.0,0.0,0.0,0,0.0,0.0,0.0,0,0.0,0.0,0.0,,,,0.0,0.0,0.0,0.0,,nan,nan,nan,nan,0.0,0.0,nan,nan,,0.0,0.0,0.0,44.0,0.0,0.0,0.0,0.0,0.0,0.0,,,0.0,0,0.0,,0.0,0.0,0,0.0,0.0,,nan,0.0
2024,CL,横浜DeNAベイスターズ,93195153,松本　隆之介,R.Matsumoto,1.0,3.0,2.0,0.0,0.0,0.0,0.0,0.0,0.0,0.0,0.0,0,1.0,0.0,0.0,0,0.0,0.0,0.0,0.0,0.0,0.0,0.0,0.0,0.0,0.0,0.0,0.0,0.0,nan,0.0,0.0,0.0,0.0,0.0,0.0,0.0,0.0,0.0,1.0,3.0,2.0,0.0,0.0,0.0,0.0,0.0,0.0,0.0,0,0.0,,0.0,0.0,0,1.0,0.0,,0.0,-0.196
2024,CL,東京ヤクルトスワローズ,93195155,丸山　和郁,K.Maruyama,96.0,296.0,253.0,30.0,61.0,7.0,1.0,0.0,70.0,12.0,4,2,17.0,0.0,24.0,0,2.0,49.0,2.0,0.241,0.312,0.277,0.589,53.0,0.03600000000000003,0.07100000000000001,0.348,8.108108108108109,16.554054054054053,0.4897959183673469,0.29901960784313725,0.20965,404.3333333333333,0.1383399209486166,0.5051546391752577,0.241,61.0,0.0,12.0,96.0,296.0,253.0,53.0,7.0,1.0,30.0,0.312,0.277,24.0,0,2.0,,70.0,4,2,17.0,0.0,,21.48014440433213,22.703999999999994
2024,CL,中日ドラゴンズ,93295157,H.メヒア,H.Mejia,15.0,17.0,11.0,0.0,0.0,0.0,0.0,0.0,0.0,0.0,0.0,0,5.0,0.0,1.0,0,0.0,5.0,0.0,0.0,0.083,0.0,0.083,0.0,0.0,0.083,0.083,5.88235294117647,29.411764705882355,0.2,0.0,0.03735,83.0,0.09090909090909091,0.09090909090909091,0.0,0.0,0.0,0.0,15.0,17.0,11.0,0.0,0.0,0.0,0.0,0.083,0.0,1.0,0,0.0,,0.0,0.0,0,5.0,0.0,,0.0,-0.748
2024,CL,広島東洋カープ,93395153,矢野　雅哉,M.Yano,137.0,495.0,430.0,45.0,112.0,13.0,6.0,2.0,143.0,38.0,13,10,20.0,4.0,38.0,0,3.0,109.0,8.0,0.26,0.322,0.333,0.655,91.0,0.07300000000000001,0.062,0.395,7.6767676767676765,22.02020202020202,0.3486238532110092,0.34055727554179566,0.22815000000000002,433.0,0.18372093023255814,0.5950920245398773,0.26,112.0,2.0,38.0,137.0,495.0,430.0,91.0,13.0,6.0,45.0,0.322,0.333,38.0,0,3.0,,143.0,13,10,20.0,4.0,,45.833333333333336,48.146
2024,CL,広島東洋カープ,93395155,森　翔平,S.Mori,5.0,8.0,6.0,0.0,1.0,0.0,0.0,0.0,1.0,0.0,0.0,0,2.0,0.0,0.0,0,0.0,2.0,0.0,0.167,0.167,0.167,0.334,1.0,0.0,0.0,0.167,0.0,25.0,0.0,0.25,0.1169,222.66666666666669,0.0,0.2,0.167,1.0,0.0,0.0,5.0,8.0,6.0,1.0,0.0,0.0,0.0,0.167,0.167,0.0,0,0.0,,1.0,0.0,0,2.0,0.0,,0.16666666666666666,0.010000000000000009
2024,CL,中日ドラゴンズ,93395157,山浅　龍之介,R.Yamaasa,3.0,0.0,0.0,0.0,0.0,0.0,0.0,0.0,0.0,0.0,0.0,0,0.0,0.0,0.0,0,0.0,0.0,0.0,,,,0.0,0.0,0.0,0.0,,nan,nan,nan,nan,0.0,0.0,nan,nan,,0.0,0.0,0.0,3.0,0.0,0.0,0.0,0.0,0.0,0.0,,,0.0,0,0.0,,0.0,0.0,0,0.0,0.0,,nan,0.0
2024,CL,中日ドラゴンズ,93795157,O.カリステ,O.Calixte,114.0,393.0,372.0,30.0,97.0,11.0,1.0,7.0,131.0,36.0,2.0,2,3.0,3.0,15.0,0,0.0,67.0,9.0,0.261,0.287,0.352,0.639,78.0,0.09099999999999997,0.025999999999999968,0.3779999999999999,3.816793893129771,17.048346055979643,0.22388059701492538,0.29900332225913623,0.21714999999999998,404.3333333333333,0.13709677419354838,0.5211267605633803,0.261,97.0,7.0,36.0,114.0,393.0,372.0,78.0,11.0,1.0,30.0,0.287,0.352,15.0,0,0.0,,131.0,2.0,2,3.0,3.0,,37.912144702842376,36.400000000000006
2024,CL,広島東洋カープ,93995159,T.ハッチ,T.Hatch,5.0,7.0,6.0,1.0,1.0,0.0,0.0,0.0,1.0,1.0,0.0,0,1.0,0.0,0.0,0,0.0,4.0,0.0,0.167,0.167,0.167,0.334,1.0,0.0,0.0,0.167,0.0,57.14285714285714,0.0,0.5,0.1169,222.66666666666669,0.0,0.2,0.167,1.0,0.0,1.0,5.0,7.0,6.0,1.0,0.0,0.0,1.0,0.167,0.167,0.0,0,0.0,,1.0,0.0,0,1.0,0.0,,0.16666666666666666,0.010000000000000009
