year,league,team,player_id,player_name_ja,player_name_en,G,PA,AB,R,H,2B,3B,HR,TB,RBI,SB,CS,SH,SF,BB,IBB,HBP,SO,GDP,AVG,OBP,SLG,OPS,1B,IsoP,IsoD,IOPS,BB%,K%,BB/K,BABIP,GPA,NOI,SecA,TA,打率,安打,本塁打,打点,試合,打席,打数,単打,二塁打,三塁打,得点,出塁率,長打率,四球,敬遠,死球,三振,塁打,盗塁,盗塁死,犠打,犠飛,併殺打,RC,XR
2001,PL,近鉄バファローズ,11013889,的山　哲也,T.Matoyama,101.0,269.0,232.0,24.0,41.0,9.0,0.0,5.0,65.0,25.0,1.0,1,16.0,2.0,18.0,0,1.0,51.0,4.0,0.177,0.237,0.28,0.517,27.0,0.10300000000000004,0.06,0.34,6.691449814126393,18.95910780669145,0.35294117647058826,0.20224719101123595,0.17665,330.3333333333333,0.1853448275862069,0.4358974358974359,0.177,41.0,5.0,25.0,101.0,269.0,232.0,27.0,9.0,0.0,24.0,0.237,0.28,18.0,0,1.0,,65.0,1.0,1,16.0,2.0,,15.34,14.912000000000003
2001,PL,近鉄バファローズ,1103884,礒部　公一,K.Isobe,140.0,604.0,537.0,82.0,172.0,42.0,4.0,17.0,273.0,95.0,7.0,0,6.0,5.0,52.0,0,4.0,59.0,19.0,0.32,0.381,0.508,0.889,109.0,0.188,0.061,0.569,8.609271523178808,9.7682119205298,0.8813559322033898,0.33261802575107297,0.29845,550.3333333333334,0.297951582867784,0.875,0.32,172.0,17.0,95.0,140.0,604.0,537.0,109.0,42.0,4.0,82.0,0.381,0.508,52.0,0,4.0,,273.0,7.0,0,6.0,5.0,,103.82342954159593,97.34999999999997
2001,PL,近鉄バファローズ,1105111,岩隈　久志,H.Iwakuma,9.0,0.0,0.0,0.0,0.0,0.0,0.0,0.0,0.0,0.0,0.0,0,0.0,0.0,0.0,0,0.0,0.0,0.0,,,,0.0,0.0,0.0,0.0,,nan,nan,nan,nan,0.0,0.0,nan,nan,,0.0,0.0,0.0,9.0,0.0,0.0,0.0,0.0,0.0,0.0,,,0.0,0,0.0,,0.0,0.0,0,0.0,0.0,,nan,0.0
2001,PL,近鉄バファローズ,11213884,三澤　興一,K.Misawa,21.0,0.0,0.0,0.0,0.0,0.0,0.0,0.0,0.0,0.0,0.0,0,0.0,0.0,0.0,0,0.0,0.0,0.0,,,,0.0,0.0,0.0,0.0,,nan,nan,nan,nan,0.0,0.0,nan,nan,,0.0,0.0,0.0,21.0,0.0,0.0,0.0,0.0,0.0,0.0,,,0.0,0,0.0,,0.0,0.0,0,0.0,0.0,,nan,0.0
2001,PL,福岡ソフトバンクホークス,11213888,松　修康,N.Matsu,9.0,0.0,0.0,0.0,0.0,0.0,0.0,0.0,0.0,0.0,0.0,0,0.0,0.0,0.0,0,0.0,0.0,0.0,,,,0.0,0.0,0.0,0.0,,nan,nan,nan,nan,0.0,0.0,nan,nan,,0.0,0.0,0.0,9.0,0.0,0.0,0.0,0.0,0.0,0.0,,,0.0,0,0.0,,0.0,0.0,0,0.0,0.0,,nan,0.0
2001,PL,福岡ソフトバンクホークス,11213889,吉武　真太郎,S.Yoshitake,18.0,0.0,0.0,0.0,0.0,0.0,0.0,0.0,0.0,0.0,0.0,0,0.0,0.0,0.0,0,0.0,0.0,0.0,,,,0.0,0.0,0.0,0.0,,nan,nan,nan,nan,0.0,0.0,nan,nan,,0.0,0.0,0.0,18.0,0.0,0.0,0.0,0.0,0.0,0.0,,,0.0,0,0.0,,0.0,0.0,0,0.0,0.0,,nan,0.0
2001,PL,オリックスブルーウェーブ,11313880,嘉㔟　敏弘,T.Kase,70.0,0.0,0.0,0.0,0.0,0.0,0.0,0.0,0.0,0.0,0.0,0,0.0,0.0,0.0,0,0.0,0.0,0.0,,,,0.0,0.0,0.0,0.0,,nan,nan,nan,nan,0.0,0.0,nan,nan,,0.0,0.0,0.0,70.0,0.0,0.0,0.0,0.0,0.0,0.0,,,0.0,0,0.0,,0.0,0.0,0,0.0,0.0,,nan,0.0
2001,PL,福岡ソフトバンクホークス,11313882,大野　倫,R.Oono,6.0,11.0,9.0,0.0,1.0,0.0,0.0,0.0,1.0,1.0,0.0,0,0.0,0.0,2.0,0,0.0,4.0,0.0,0.111,0.273,0.111,0.384,1.0,0.0,0.16200000000000003,0.273,18.181818181818183,36.36363636363637,0.5,0.2,0.1506,310.0,0.2222222222222222,0.375,0.111,1.0,0.0,1.0,6.0,11.0,9.0,1.0,0.0,0.0,0.0,0.273,0.111,2.0,0,0.0,,1.0,0.0,0,0.0,0.0,,0.2727272727272727,0.3760000000000001
2001,PL,オリックスブルーウェーブ,11313887,小倉　恒,H.Ogura,26.0,0.0,0.0,0.0,0.0,0.0,0.0,0.0,0.0,0.0,0.0,0,0.0,0.0,0.0,0,0.0,0.0,0.0,,,,0.0,0.0,0.0,0.0,,nan,nan,nan,nan,0.0,0.0,nan,nan,,0.0,0.0,0.0,26.0,0.0,0.0,0.0,0.0,0.0,0.0,,,0.0,0,0.0,,0.0,0.0,0,0.0,0.0,,nan,0.0
2001,PL,近鉄バファローズ,11313889,大村　直之,N.Oomura,136.0,651.0,590.0,82.0,160.0,34.0,2.0,16.0,246.0,53.0,5,1,15.0,4.0,31.0,0,11.0,74.0,8.0,0.271,0.318,0.417,0.735,108.0,0.14599999999999996,0.046999999999999986,0.4639999999999999,4.761904761904762,11.367127496159753,0.4189189189189189,0.2857142857142857,0.24735000000000001,456.99999999999994,0.2,0.6598173515981736,0.271,160.0,16.0,53.0,136.0,651.0,590.0,108.0,34.0,2.0,82.0,0.318,0.417,31.0,0,11.0,,246.0,5,1,15.0,4.0,,75.66183574879227,75.5
2001,PL,近鉄バファローズ,11413886,真木　将樹,M.Maki,3.0,0.0,0.0,0.0,0.0,0.0,0.0,0.0,0.0,0.0,0.0,0,0.0,0.0,0.0,0,0.0,0.0,0.0,,,,0.0,0.0,0.0,0.0,,nan,nan,nan,nan,0.0,0.0,nan,nan,,0.0,0.0,0.0,3.0,0.0,0.0,0.0,0.0,0.0,0.0,,,0.0,0,0.0,,0.0,0.0,0,0.0,0.0,,nan,0.0
2001,PL,北海道日本ハムファイターズ,11413887,山原　和敏,K.Yamahara,4.0,0.0,0.0,0.0,0.0,0.0,0.0,0.0,0.0,0.0,0.0,0,0.0,0.0,0.0,0,0.0,0.0,0.0,,,,0.0,0.0,0.0,0.0,,nan,nan,nan,nan,0.0,0.0,nan,nan,,0.0,0.0,0.0,4.0,0.0,0.0,0.0,0.0,0.0,0.0,,,0.0,0,0.0,,0.0,0.0,0,0.0,0.0,,nan,0.0
2001,PL,オリックスブルーウェーブ,11513887,久保　充広,M.Kubo,4.0,2.0,2.0,0.0,1.0,0.0,0.0,0.0,1.0,0.0,0.0,0,0.0,0.0,0.0,0,0.0,1.0,0.0,0.5,0.5,0.5,1.0,1.0,0.0,0.0,0.5,0.0,50.0,0.0,1.0,0.35,666.6666666666666,0.0,1.0,0.5,1.0,0.0,0.0,4.0,2.0,2.0,1.0,0.0,0.0,0.0,0.5,0.5,0.0,0,0.0,,1.0,0.0,0,0.0,0.0,,0.5,0.402
2001,PL,オリックスブルーウェーブ,11513888,川越　英隆,H.Kawagoe,14.0,0.0,0.0,0.0,0.0,0.0,0.0,0.0,0.0,0.0,0.0,0,0.0,0.0,0.0,0,0.0,0.0,0.0,,,,0.0,0.0,0.0,0.0,,nan,nan,nan,nan,0.0,0.0,nan,nan,,0.0,0.0,0.0,14.0,0.0,0.0,0.0,0.0,0.0,0.0,,,0.0,0,0.0,,0.0,0.0,0,0.0,0.0,,nan,0.0
2001,PL,福岡ソフトバンクホークス,11613883,村松　有人,A.Muramatsu,121.0,261.0,242.0,34.0,60.0,3.0,6.0,0.0,75.0,18.0,14,2,2.0,1.0,15.0,0,1.0,28.0,4.0,0.248,0.293,0.31,0.603,51.0,0.062,0.044999999999999984,0.355,5.747126436781609,10.727969348659004,0.5357142857142857,0.27906976744186046,0.20934999999999998,396.3333333333333,0.1322314049586777,0.5,0.248,60.0,0.0,18.0,121.0,261.0,242.0,51.0,3.0,6.0,34.0,0.293,0.31,15.0,0,1.0,,75.0,14,2,2.0,1.0,,21.88715953307393,21.703999999999997
2001,PL,福岡ソフトバンクホークス,11613885,森山　一人,K.Moriyama,1.0,1.0,1.0,0.0,0.0,0.0,0.0,0.0,0.0,0.0,0.0,0,0.0,0.0,0.0,0,0.0,0.0,0.0,0.0,0.0,0.0,0.0,0.0,0.0,0.0,0.0,0.0,0.0,nan,0.0,0.0,0.0,0.0,0.0,0.0,0.0,0.0,0.0,1.0,1.0,1.0,0.0,0.0,0.0,0.0,0.0,0.0,0.0,0,0.0,,0.0,0.0,0,0.0,0.0,,0.0,-0.098
2001,PL,埼玉西武ライオンズ,11713882,髙木　大成,T.Takagi,67.0,210.0,192.0,22.0,40.0,13.0,1.0,4.0,67.0,18.0,5,4,0.0,2.0,15.0,0,1.0,29.0,5.0,0.208,0.267,0.349,0.616,22.0,0.141,0.059000000000000025,0.408,7.142857142857142,13.80952380952381,0.5172413793103449,0.2236024844720497,0.2074,383.33333333333337,0.23958333333333334,0.554140127388535,0.208,40.0,4.0,18.0,67.0,210.0,192.0,22.0,13.0,1.0,22.0,0.267,0.349,15.0,0,1.0,,67.0,5,4,0.0,2.0,,17.801932367149757,18.263999999999996
2001,PL,近鉄バファローズ,11713883,湯舟　敏郎,T.Yufune,37.0,0.0,0.0,0.0,0.0,0.0,0.0,0.0,0.0,0.0,0.0,0,0.0,0.0,0.0,0,0.0,0.0,0.0,,,,0.0,0.0,0.0,0.0,,nan,nan,nan,nan,0.0,0.0,nan,nan,,0.0,0.0,0.0,37.0,0.0,0.0,0.0,0.0,0.0,0.0,,,0.0,0,0.0,,0.0,0.0,0,0.0,0.0,,nan,0.0
2001,PL,オリックスブルーウェーブ,11713884,佐竹　学,M.Satake,24.0,43.0,38.0,4.0,11.0,1.0,0.0,0.0,12.0,1.0,0.0,0,0.0,0.0,5.0,0,0.0,10.0,0.0,0.289,0.372,0.316,0.688,10.0,0.027000000000000024,0.08300000000000002,0.399,11.627906976744185,23.25581395348837,0.5,0.39285714285714285,0.2464,477.3333333333333,0.15789473684210525,0.6296296296296297,0.289,11.0,0.0,1.0,24.0,43.0,38.0,10.0,1.0,0.0,4.0,0.372,0.316,5.0,0,0.0,,12.0,0.0,0,0.0,0.0,,4.465116279069767,4.724
2001,PL,埼玉西武ライオンズ,11813881,宮地　克彦,K.Miyaji,15.0,26.0,22.0,1.0,4.0,0.0,0.0,0.0,4.0,0.0,0.0,0,0.0,0.0,4.0,0,0.0,3.0,0.0,0.182,0.308,0.182,0.49,4.0,0.0,0.126,0.308,15.384615384615385,11.538461538461538,1.3333333333333333,0.21052631578947367,0.18409999999999999,368.66666666666663,0.18181818181818182,0.4444444444444444,0.182,4.0,0.0,0.0,15.0,26.0,22.0,4.0,0.0,0.0,1.0,0.308,0.182,4.0,0,0.0,,4.0,0.0,0,0.0,0.0,,1.2307692307692308,1.5560000000000003
2001,PL,オリックスブルーウェーブ,11815113,具　臺晟,D.Ku,51.0,0.0,0.0,0.0,0.0,0.0,0.0,0.0,0.0,0.0,0.0,0,0.0,0.0,0.0,0,0.0,0.0,0.0,,,,0.0,0.0,0.0,0.0,,nan,nan,nan,nan,0.0,0.0,nan,nan,,0.0,0.0,0.0,51.0,0.0,0.0,0.0,0.0,0.0,0.0,,,0.0,0,0.0,,0.0,0.0,0,0.0,0.0,,nan,0.0
2001,PL,埼玉西武ライオンズ,11913864,西崎　幸広,Y.Nishizaki,8.0,0.0,0.0,0.0,0.0,0.0,0.0,0.0,0.0,0.0,0.0,0,0.0,0.0,0.0,0,0.0,0.0,0.0,,,,0.0,0.0,0.0,0.0,,nan,nan,nan,nan,0.0,0.0,nan,nan,,0.0,0.0,0.0,8.0,0.0,0.0,0.0,0.0,0.0,0.0,,,0.0,0,0.0,,0.0,0.0,0,0.0,0.0,,nan,0.0
2001,PL,北海道日本ハムファイターズ,11913882,中村　豊,Y.Nakamura,120.0,294.0,257.0,34.0,69.0,13.0,1.0,3.0,93.0,25.0,4,5,6.0,2.0,29.0,0,0.0,34.0,4.0,0.268,0.34,0.362,0.702,52.0,0.09399999999999997,0.07200000000000001,0.434,9.863945578231291,11.564625850340136,0.8529411764705882,0.2972972972972973,0.24350000000000002,460.6666666666667,0.22568093385214008,0.6614583333333334,0.268,69.0,3.0,25.0,120.0,294.0,257.0,52.0,13.0,1.0,34.0,0.34,0.362,29.0,0,0.0,,93.0,4,5,6.0,2.0,,31.867132867132867,32.766
2001,PL,オリックスブルーウェーブ,11913883,戎　信行,N.Ebisu,20.0,0.0,0.0,0.0,0.0,0.0,0.0,0.0,0.0,0.0,0.0,0,0.0,0.0,0.0,0,0.0,0.0,0.0,,,,0.0,0.0,0.0,0.0,,nan,nan,nan,nan,0.0,0.0,nan,nan,,0.0,0.0,0.0,20.0,0.0,0.0,0.0,0.0,0.0,0.0,,,0.0,0,0.0,,0.0,0.0,0,0.0,0.0,,nan,0.0
2001,PL,北海道日本ハムファイターズ,11915111,田中　賢介,K.Tanaka,56.0,116.0,99.0,12.0,14.0,1.0,1.0,3.0,26.0,9.0,0,2,3.0,1.0,13.0,0,0.0,28.0,0.0,0.141,0.239,0.263,0.502,9.0,0.12200000000000003,0.098,0.361,11.206896551724139,24.137931034482758,0.4642857142857143,0.15942028985507245,0.1733,326.6666666666667,0.2727272727272727,0.4823529411764706,0.141,14.0,3.0,9.0,56.0,116.0,99.0,9.0,1.0,1.0,12.0,0.239,0.263,13.0,0,0.0,,26.0,0,2,3.0,1.0,,6.267857142857143,6.9
2001,PL,千葉ロッテマリーンズ,1203862,光山　英和,H.Mitsuyama,6.0,11.0,10.0,1.0,2.0,2.0,0.0,0.0,4.0,0.0,0.0,0,0.0,0.0,0.0,0,1.0,1.0,1.0,0.2,0.273,0.4,0.673,0.0,0.2,0.07300000000000001,0.473,0.0,9.090909090909092,0.0,0.2222222222222222,0.22285000000000002,406.3333333333333,0.2,0.5555555555555556,0.2,2.0,0.0,0.0,6.0,11.0,10.0,0.0,2.0,0.0,1.0,0.273,0.4,0.0,0,1.0,,4.0,0.0,0,0.0,0.0,,0.8,0.986
2001,PL,千葉ロッテマリーンズ,1203864,横田　久則,H.Yokota,6.0,0.0,0.0,0.0,0.0,0.0,0.0,0.0,0.0,0.0,0.0,0,0.0,0.0,0.0,0,0.0,0.0,0.0,,,,0.0,0.0,0.0,0.0,,nan,nan,nan,nan,0.0,0.0,nan,nan,,0.0,0.0,0.0,6.0,0.0,0.0,0.0,0.0,0.0,0.0,,,0.0,0,0.0,,0.0,0.0,0,0.0,0.0,,nan,0.0
2001,PL,福岡ソフトバンクホークス,1203881,野々垣　武,T.Nonogaki,48.0,75.0,68.0,7.0,15.0,2.0,0.0,1.0,20.0,5.0,0.0,0,4.0,0.0,2.0,0,1.0,17.0,4.0,0.221,0.254,0.294,0.548,12.0,0.07299999999999998,0.033,0.3269999999999999,2.666666666666667,22.666666666666664,0.11764705882352941,0.28,0.1878,352.0,0.10294117647058823,0.40350877192982454,0.221,15.0,1.0,5.0,48.0,75.0,68.0,12.0,2.0,0.0,7.0,0.254,0.294,2.0,0,1.0,,20.0,0.0,0,4.0,0.0,,4.857142857142857,4.675999999999999
2001,PL,千葉ロッテマリーンズ,1203886,藤田　宗一,S.Fujita,60.0,0.0,0.0,0.0,0.0,0.0,0.0,0.0,0.0,0.0,0.0,0,0.0,0.0,0.0,0,0.0,0.0,0.0,,,,0.0,0.0,0.0,0.0,,nan,nan,nan,nan,0.0,0.0,nan,nan,,0.0,0.0,0.0,60.0,0.0,0.0,0.0,0.0,0.0,0.0,,,0.0,0,0.0,,0.0,0.0,0,0.0,0.0,,nan,0.0
2001,PL,千葉ロッテマリーンズ,1203887,武藤　潤一郎,J.Mutou,1.0,0.0,0.0,0.0,0.0,0.0,0.0,0.0,0.0,0.0,0.0,0,0.0,0.0,0.0,0,0.0,0.0,0.0,,,,0.0,0.0,0.0,0.0,,nan,nan,nan,nan,0.0,0.0,nan,nan,,0.0,0.0,0.0,1.0,0.0,0.0,0.0,0.0,0.0,0.0,,,0.0,0,0.0,,0.0,0.0,0,0.0,0.0,,nan,0.0
2001,PL,埼玉西武ライオンズ,1303881,大塚　光二,K.Ootsuka,1.0,2.0,2.0,0.0,0.0,0.0,0.0,0.0,0.0,0.0,0.0,0,0.0,0.0,0.0,0,0.0,1.0,0.0,0.0,0.0,0.0,0.0,0.0,0.0,0.0,0.0,0.0,50.0,0.0,0.0,0.0,0.0,0.0,0.0,0.0,0.0,0.0,0.0,1.0,2.0,2.0,0.0,0.0,0.0,0.0,0.0,0.0,0.0,0,0.0,,0.0,0.0,0,0.0,0.0,,0.0,-0.196
2001,PL,近鉄バファローズ,1303882,門倉　健,K.Kadokura,32.0,0.0,0.0,0.0,0.0,0.0,0.0,0.0,0.0,0.0,0.0,0,0.0,0.0,0.0,0,0.0,0.0,0.0,,,,0.0,0.0,0.0,0.0,,nan,nan,nan,nan,0.0,0.0,nan,nan,,0.0,0.0,0.0,32.0,0.0,0.0,0.0,0.0,0.0,0.0,,,0.0,0,0.0,,0.0,0.0,0,0.0,0.0,,nan,0.0
2001,PL,北海道日本ハムファイターズ,1303885,片岡　篤史,A.Kataoka,106.0,463.0,401.0,57.0,102.0,18.0,1.0,16.0,170.0,62.0,2.0,0,0.0,4.0,57.0,0,1.0,62.0,8.0,0.254,0.346,0.424,0.77,67.0,0.16999999999999998,0.09199999999999997,0.516,12.311015118790497,13.390928725701945,0.9193548387096774,0.26299694189602446,0.2617,487.33333333333326,0.3167082294264339,0.749185667752443,0.254,102.0,16.0,62.0,106.0,463.0,401.0,67.0,18.0,1.0,57.0,0.346,0.424,57.0,0,1.0,,170.0,2.0,0,0.0,4.0,,59.0174672489083,60.73799999999999
2001,PL,北海道日本ハムファイターズ,1303886,小田　智之,T.Oda,2.0,3.0,3.0,0.0,0.0,0.0,0.0,0.0,0.0,0.0,0.0,0,0.0,0.0,0.0,0,0.0,1.0,0.0,0.0,0.0,0.0,0.0,0.0,0.0,0.0,0.0,0.0,33.33333333333333,0.0,0.0,0.0,0.0,0.0,0.0,0.0,0.0,0.0,0.0,2.0,3.0,3.0,0.0,0.0,0.0,0.0,0.0,0.0,0.0,0,0.0,,0.0,0.0,0,0.0,0.0,,0.0,-0.29400000000000004
2001,PL,北海道日本ハムファイターズ,1305111,神島　崇,T.Kamishima,1.0,0.0,0.0,0.0,0.0,0.0,0.0,0.0,0.0,0.0,0.0,0,0.0,0.0,0.0,0,0.0,0.0,0.0,,,,0.0,0.0,0.0,0.0,,nan,nan,nan,nan,0.0,0.0,nan,nan,,0.0,0.0,0.0,1.0,0.0,0.0,0.0,0.0,0.0,0.0,,,0.0,0,0.0,,0.0,0.0,0,0.0,0.0,,nan,0.0
2001,PL,オリックスブルーウェーブ,13315113,E.ヤーナル,E.Yarnall,15.0,0.0,0.0,0.0,0.0,0.0,0.0,0.0,0.0,0.0,0.0,0,0.0,0.0,0.0,0,0.0,0.0,0.0,,,,0.0,0.0,0.0,0.0,,nan,nan,nan,nan,0.0,0.0,nan,nan,,0.0,0.0,0.0,15.0,0.0,0.0,0.0,0.0,0.0,0.0,,,0.0,0,0.0,,0.0,0.0,0,0.0,0.0,,nan,0.0
2001,PL,千葉ロッテマリーンズ,13813868,初芝　清,K.Hatsushiba,117.0,441.0,371.0,50.0,94.0,23.0,2.0,16.0,169.0,61.0,0.0,0,0.0,8.0,55.0,0,7.0,74.0,16.0,0.253,0.354,0.456,0.81,53.0,0.203,0.10099999999999998,0.5569999999999999,12.471655328798185,16.780045351473923,0.7432432432432432,0.2698961937716263,0.2733,506.0,0.3504043126684636,0.78839590443686,0.253,94.0,16.0,61.0,117.0,441.0,371.0,53.0,23.0,2.0,50.0,0.354,0.456,55.0,0,7.0,,169.0,0.0,0,0.0,8.0,,59.110328638497656,61.494000000000014
2001,PL,千葉ロッテマリーンズ,1403887,吉鶴　憲治,K.Yoshitsuru,4.0,5.0,4.0,0.0,0.0,0.0,0.0,0.0,0.0,1.0,0.0,0,0.0,1.0,0.0,0,0.0,2.0,0.0,0.0,0.0,0.0,0.0,0.0,0.0,0.0,0.0,0.0,40.0,0.0,0.0,0.0,0.0,0.0,0.0,0.0,0.0,0.0,1.0,4.0,5.0,4.0,0.0,0.0,0.0,0.0,0.0,0.0,0.0,0,0.0,,0.0,0.0,0,0.0,1.0,,0.0,-0.392
2001,PL,埼玉西武ライオンズ,15313868,鈴木　健,K.Suzuki,115.0,405.0,361.0,47.0,91.0,29.0,0.0,18.0,174.0,51.0,1,0,0.0,1.0,42.0,0,1.0,49.0,14.0,0.252,0.331,0.482,0.813,44.0,0.22999999999999998,0.07900000000000001,0.5609999999999999,10.37037037037037,12.098765432098766,0.8571428571428571,0.24745762711864408,0.26944999999999997,491.6666666666667,0.3462603878116344,0.7640845070422535,0.252,91.0,18.0,51.0,115.0,405.0,361.0,44.0,29.0,0.0,47.0,0.331,0.482,42.0,0,1.0,,174.0,1,0,0.0,1.0,,57.424317617866,56.529999999999994
2001,PL,千葉ロッテマリーンズ,1603885,吉田　篤史,A.Yoshida,44.0,0.0,0.0,0.0,0.0,0.0,0.0,0.0,0.0,0.0,0.0,0,0.0,0.0,0.0,0,0.0,0.0,0.0,,,,0.0,0.0,0.0,0.0,,nan,nan,nan,nan,0.0,0.0,nan,nan,,0.0,0.0,0.0,44.0,0.0,0.0,0.0,0.0,0.0,0.0,,,0.0,0,0.0,,0.0,0.0,0,0.0,0.0,,nan,0.0
2001,PL,埼玉西武ライオンズ,1605111,ミンチェ,M.Minchiぇ（shuu,27.0,0.0,0.0,0.0,0.0,0.0,0.0,0.0,0.0,0.0,0.0,0,0.0,0.0,0.0,0,0.0,0.0,0.0,,,,0.0,0.0,0.0,0.0,,nan,nan,nan,nan,0.0,0.0,nan,nan,,0.0,0.0,0.0,27.0,0.0,0.0,0.0,0.0,0.0,0.0,,,0.0,0,0.0,,0.0,0.0,0,0.0,0.0,,nan,0.0
2001,PL,千葉ロッテマリーンズ,1703884,清水　将海,M.Shimizu,123.0,297.0,261.0,23.0,49.0,11.0,0.0,1.0,63.0,22.0,1.0,0,15.0,2.0,19.0,0,0.0,47.0,9.0,0.188,0.241,0.241,0.482,37.0,0.05299999999999999,0.05299999999999999,0.294,6.397306397306397,15.824915824915825,0.40425531914893614,0.22325581395348837,0.16870000000000002,321.3333333333333,0.13026819923371646,0.3755656108597285,0.188,49.0,1.0,22.0,123.0,297.0,261.0,37.0,11.0,0.0,23.0,0.241,0.241,19.0,0,0.0,,63.0,1.0,0,15.0,2.0,,15.3,13.534000000000002
2001,PL,千葉ロッテマリーンズ,1803883,小林　渥司,A.Kobayashi,6.0,0.0,0.0,0.0,0.0,0.0,0.0,0.0,0.0,0.0,0.0,0,0.0,0.0,0.0,0,0.0,0.0,0.0,,,,0.0,0.0,0.0,0.0,,nan,nan,nan,nan,0.0,0.0,nan,nan,,0.0,0.0,0.0,6.0,0.0,0.0,0.0,0.0,0.0,0.0,,,0.0,0,0.0,,0.0,0.0,0,0.0,0.0,,nan,0.0
2001,PL,埼玉西武ライオンズ,1805113,M.デルトロ,M.Toro,14.0,0.0,0.0,0.0,0.0,0.0,0.0,0.0,0.0,0.0,0.0,0,0.0,0.0,0.0,0,0.0,0.0,0.0,,,,0.0,0.0,0.0,0.0,,nan,nan,nan,nan,0.0,0.0,nan,nan,,0.0,0.0,0.0,14.0,0.0,0.0,0.0,0.0,0.0,0.0,,,0.0,0,0.0,,0.0,0.0,0,0.0,0.0,,nan,0.0
2001,PL,北海道日本ハムファイターズ,1903880,原田　政彦,M.Harada,29.0,92.0,83.0,10.0,22.0,5.0,1.0,1.0,32.0,4.0,0.0,0,3.0,0.0,5.0,0,1.0,13.0,0.0,0.265,0.315,0.386,0.7010000000000001,15.0,0.121,0.04999999999999999,0.436,5.434782608695652,14.130434782608695,0.38461538461538464,0.30434782608695654,0.23825000000000002,443.66666666666663,0.18072289156626506,0.6229508196721312,0.265,22.0,1.0,4.0,29.0,92.0,83.0,15.0,5.0,1.0,10.0,0.315,0.386,5.0,0,1.0,,32.0,0.0,0,3.0,0.0,,9.818181818181818,9.582
2001,PL,オリックスブルーウェーブ,1903885,田口　壮,S.Taguchi,134.0,524.0,453.0,70.0,127.0,21.0,6.0,8.0,184.0,42.0,6.0,0,26.0,1.0,43.0,0,1.0,88.0,7.0,0.28,0.343,0.406,0.7490000000000001,92.0,0.126,0.063,0.469,8.206106870229007,16.793893129770993,0.48863636363636365,0.3324022346368715,0.25585,478.33333333333337,0.23399558498896247,0.7027027027027027,0.28,127.0,8.0,42.0,134.0,524.0,453.0,92.0,21.0,6.0,70.0,0.343,0.406,43.0,0,1.0,,184.0,6.0,0,26.0,1.0,,63.064516129032256,62.53199999999999
2001,PL,埼玉西武ライオンズ,1903887,田原　晃司,K.Tahara,1.0,2.0,2.0,0.0,0.0,0.0,0.0,0.0,0.0,0.0,0.0,0,0.0,0.0,0.0,0,0.0,1.0,0.0,0.0,0.0,0.0,0.0,0.0,0.0,0.0,0.0,0.0,50.0,0.0,0.0,0.0,0.0,0.0,0.0,0.0,0.0,0.0,0.0,1.0,2.0,2.0,0.0,0.0,0.0,0.0,0.0,0.0,0.0,0,0.0,,0.0,0.0,0,0.0,0.0,,0.0,-0.196
2001,PL,千葉ロッテマリーンズ,21023864,本西　厚博,A.Motonishi,70.0,67.0,56.0,11.0,10.0,1.0,1.0,0.0,13.0,6.0,0.0,0,3.0,0.0,7.0,0,1.0,10.0,0.0,0.179,0.281,0.232,0.513,8.0,0.05300000000000002,0.10200000000000004,0.3340000000000001,10.44776119402985,14.925373134328357,0.7,0.21739130434782608,0.18445,358.33333333333337,0.17857142857142858,0.45652173913043476,0.179,10.0,0.0,6.0,70.0,67.0,56.0,8.0,1.0,1.0,11.0,0.281,0.232,7.0,0,1.0,,13.0,0.0,0,3.0,0.0,,3.507936507936508,3.8920000000000003
2001,PL,近鉄バファローズ,21023882,益田　大介,D.Masuda,55.0,56.0,47.0,7.0,16.0,0.0,0.0,2.0,22.0,10.0,1,0,0.0,0.0,8.0,0,1.0,13.0,1.0,0.34,0.446,0.468,0.914,14.0,0.128,0.10599999999999998,0.5740000000000001,14.285714285714285,23.214285714285715,0.6153846153846154,0.4375,0.31770000000000004,602.0,0.2978723404255319,0.96875,0.34,16.0,2.0,10.0,55.0,56.0,47.0,14.0,0.0,0.0,7.0,0.446,0.468,8.0,0,1.0,,22.0,1,0,0.0,0.0,,9.6,9.812
2001,PL,オリックスブルーウェーブ,21023883,五十嵐　章人,A.Igarashi,75.0,152.0,132.0,19.0,27.0,5.0,2.0,2.0,42.0,8.0,1,0,5.0,1.0,14.0,0,0.0,20.0,3.0,0.205,0.279,0.318,0.597,18.0,0.11300000000000002,0.07400000000000004,0.392,9.210526315789473,13.157894736842104,0.7,0.22522522522522523,0.20505,385.0,0.2196969696969697,0.5185185185185185,0.205,27.0,2.0,8.0,75.0,152.0,132.0,18.0,5.0,2.0,19.0,0.279,0.318,14.0,0,0.0,,42.0,1,0,5.0,1.0,,11.794520547945206,11.889999999999999
2001,PL,近鉄バファローズ,21023884,前川　勝彦,K.Maekawa,28.0,0.0,0.0,0.0,0.0,0.0,0.0,0.0,0.0,0.0,0.0,0,0.0,0.0,0.0,0,0.0,0.0,0.0,,,,0.0,0.0,0.0,0.0,,nan,nan,nan,nan,0.0,0.0,nan,nan,,0.0,0.0,0.0,28.0,0.0,0.0,0.0,0.0,0.0,0.0,,,0.0,0,0.0,,0.0,0.0,0,0.0,0.0,,nan,0.0
2001,PL,近鉄バファローズ,21023885,中村　紀洋,N.Nakamura,140.0,637.0,525.0,109.0,168.0,25.0,0.0,46.0,331.0,132.0,3,2,0.0,3.0,104.0,0,4.0,106.0,26.0,0.32,0.434,0.63,1.064,97.0,0.31,0.11399999999999999,0.744,16.3265306122449,16.64050235478807,0.9811320754716981,0.324468085106383,0.3528,644.0,0.5123809523809524,1.1514360313315928,0.32,168.0,46.0,132.0,140.0,637.0,525.0,97.0,25.0,0.0,109.0,0.434,0.63,104.0,0,4.0,,331.0,3,2,0.0,3.0,,143.13513513513513,133.75400000000002
2001,PL,オリックスブルーウェーブ,21123882,今村　文昭,F.Imamura,12.0,0.0,0.0,0.0,0.0,0.0,0.0,0.0,0.0,0.0,0.0,0,0.0,0.0,0.0,0,0.0,0.0,0.0,,,,0.0,0.0,0.0,0.0,,nan,nan,nan,nan,0.0,0.0,nan,nan,,0.0,0.0,0.0,12.0,0.0,0.0,0.0,0.0,0.0,0.0,,,0.0,0,0.0,,0.0,0.0,0,0.0,0.0,,nan,0.0
2001,PL,千葉ロッテマリーンズ,21123886,礒　恒之,T.Iso,2.0,0.0,0.0,0.0,0.0,0.0,0.0,0.0,0.0,0.0,0.0,0,0.0,0.0,0.0,0,0.0,0.0,0.0,,,,0.0,0.0,0.0,0.0,,nan,nan,nan,nan,0.0,0.0,nan,nan,,0.0,0.0,0.0,2.0,0.0,0.0,0.0,0.0,0.0,0.0,,,0.0,0,0.0,,0.0,0.0,0,0.0,0.0,,nan,0.0
2001,PL,オリックスブルーウェーブ,21125111,岩下　修壱,S.Iwashita,3.0,0.0,0.0,0.0,0.0,0.0,0.0,0.0,0.0,0.0,0.0,0,0.0,0.0,0.0,0,0.0,0.0,0.0,,,,0.0,0.0,0.0,0.0,,nan,nan,nan,nan,0.0,0.0,nan,nan,,0.0,0.0,0.0,3.0,0.0,0.0,0.0,0.0,0.0,0.0,,,0.0,0,0.0,,0.0,0.0,0,0.0,0.0,,nan,0.0
2001,PL,北海道日本ハムファイターズ,21223886,古城　茂幸,S.Furuki,45.0,48.0,43.0,6.0,7.0,1.0,1.0,0.0,10.0,2.0,2.0,2,1.0,0.0,3.0,0,1.0,9.0,0.0,0.163,0.234,0.233,0.467,5.0,0.07,0.07100000000000001,0.304,6.25,18.75,0.3333333333333333,0.20588235294117646,0.16355,311.6666666666667,0.18604651162790697,0.4444444444444444,0.163,7.0,0.0,2.0,45.0,48.0,43.0,5.0,1.0,1.0,6.0,0.234,0.233,3.0,0,1.0,,10.0,2.0,2,1.0,0.0,,2.1739130434782608,2.4120000000000004
2001,PL,北海道日本ハムファイターズ,21323884,小笠原　道大,M.Ogasawara,140.0,643.0,576.0,108.0,195.0,40.0,2.0,32.0,335.0,86.0,1,6,0.0,0.0,63.0,0,4.0,102.0,8.0,0.339,0.407,0.582,0.9889999999999999,121.0,0.24299999999999994,0.06799999999999995,0.6499999999999999,9.79782270606532,15.863141524105753,0.6176470588235294,0.36877828054298645,0.32865,601.0,0.3628472222222222,1.0488431876606683,0.339,195.0,32.0,86.0,140.0,643.0,576.0,121.0,40.0,2.0,108.0,0.407,0.582,63.0,0,4.0,,335.0,1,6,0.0,0.0,,135.2582159624413,123.31200000000001
2001,PL,千葉ロッテマリーンズ,21323886,於保　浩己,H.Oho,6.0,5.0,5.0,1.0,0.0,0.0,0.0,0.0,0.0,0.0,0.0,0,0.0,0.0,0.0,0,0.0,1.0,0.0,0.0,0.0,0.0,0.0,0.0,0.0,0.0,0.0,0.0,20.0,0.0,0.0,0.0,0.0,0.0,0.0,0.0,0.0,0.0,0.0,6.0,5.0,5.0,0.0,0.0,0.0,1.0,0.0,0.0,0.0,0,0.0,,0.0,0.0,0,0.0,0.0,,0.0,-0.49
2001,PL,北海道日本ハムファイターズ,21323889,金子　誠,M.Kaneko,140.0,559.0,501.0,57.0,127.0,22.0,2.0,8.0,177.0,56.0,9.0,9,10.0,4.0,38.0,0,6.0,65.0,4.0,0.253,0.311,0.353,0.6639999999999999,95.0,0.09999999999999998,0.057999999999999996,0.411,6.797853309481217,11.627906976744185,0.5846153846153846,0.27546296296296297,0.2282,428.66666666666663,0.1936127744510978,0.6084656084656085,0.253,127.0,8.0,56.0,140.0,559.0,501.0,95.0,22.0,2.0,57.0,0.311,0.353,38.0,0,6.0,,177.0,9.0,9,10.0,4.0,,54.183673469387756,56.428
2001,PL,オリックスブルーウェーブ,21423881,藤立　次郎,J.Fujitate,54.0,84.0,70.0,4.0,16.0,0.0,1.0,2.0,24.0,16.0,0.0,0,0.0,1.0,13.0,0,0.0,13.0,9.0,0.229,0.345,0.343,0.688,13.0,0.11400000000000002,0.11599999999999996,0.4589999999999999,15.476190476190476,15.476190476190476,1.0,0.25,0.241,459.3333333333333,0.3,0.5873015873015873,0.229,16.0,2.0,16.0,54.0,84.0,70.0,13.0,0.0,1.0,4.0,0.345,0.343,13.0,0,0.0,,24.0,0.0,0,0.0,1.0,,8.385542168674698,9.418000000000001
2001,PL,福岡ソフトバンクホークス,21423883,内之倉　隆志,T.Uchinokura,17.0,19.0,17.0,0.0,3.0,1.0,0.0,0.0,4.0,2.0,0.0,0,0.0,0.0,2.0,0,0.0,5.0,0.0,0.176,0.263,0.235,0.498,2.0,0.059,0.08700000000000002,0.322,10.526315789473683,26.31578947368421,0.4,0.25,0.1771,341.3333333333333,0.17647058823529413,0.42857142857142855,0.176,3.0,0.0,2.0,17.0,19.0,17.0,2.0,1.0,0.0,0.0,0.263,0.235,2.0,0,0.0,,4.0,0.0,0,0.0,0.0,,1.0526315789473684,1.0079999999999998
2001,PL,北海道日本ハムファイターズ,21523880,斉藤　貢,M.Saitou,14.0,0.0,0.0,0.0,0.0,0.0,0.0,0.0,0.0,0.0,0.0,0,0.0,0.0,0.0,0,0.0,0.0,0.0,,,,0.0,0.0,0.0,0.0,,nan,nan,nan,nan,0.0,0.0,nan,nan,,0.0,0.0,0.0,14.0,0.0,0.0,0.0,0.0,0.0,0.0,,,0.0,0,0.0,,0.0,0.0,0,0.0,0.0,,nan,0.0
2001,PL,福岡ソフトバンクホークス,21523886,篠原　貴行,T.Shinohara,33.0,0.0,0.0,0.0,0.0,0.0,0.0,0.0,0.0,0.0,0.0,0,0.0,0.0,0.0,0,0.0,0.0,0.0,,,,0.0,0.0,0.0,0.0,,nan,nan,nan,nan,0.0,0.0,nan,nan,,0.0,0.0,0.0,33.0,0.0,0.0,0.0,0.0,0.0,0.0,,,0.0,0,0.0,,0.0,0.0,0,0.0,0.0,,nan,0.0
2001,PL,千葉ロッテマリーンズ,21525113,加藤　康介,K.Katou,34.0,0.0,0.0,0.0,0.0,0.0,0.0,0.0,0.0,0.0,0.0,0,0.0,0.0,0.0,0,0.0,0.0,0.0,,,,0.0,0.0,0.0,0.0,,nan,nan,nan,nan,0.0,0.0,nan,nan,,0.0,0.0,0.0,34.0,0.0,0.0,0.0,0.0,0.0,0.0,,,0.0,0,0.0,,0.0,0.0,0,0.0,0.0,,nan,0.0
2001,PL,福岡ソフトバンクホークス,21623885,若田部　健一,K.Wakatabe,22.0,0.0,0.0,0.0,0.0,0.0,0.0,0.0,0.0,0.0,0.0,0,0.0,0.0,0.0,0,0.0,0.0,0.0,,,,0.0,0.0,0.0,0.0,,nan,nan,nan,nan,0.0,0.0,nan,nan,,0.0,0.0,0.0,22.0,0.0,0.0,0.0,0.0,0.0,0.0,,,0.0,0,0.0,,0.0,0.0,0,0.0,0.0,,nan,0.0
2001,PL,近鉄バファローズ,21723884,新里　紹也,S.Shinzato,23.0,44.0,39.0,10.0,9.0,3.0,0.0,0.0,12.0,3.0,0.0,0,1.0,0.0,4.0,0,0.0,10.0,0.0,0.231,0.302,0.308,0.61,6.0,0.07699999999999999,0.07099999999999998,0.379,9.090909090909092,22.727272727272727,0.4,0.3103448275862069,0.21289999999999998,404.6666666666667,0.1794871794871795,0.5333333333333333,0.231,9.0,0.0,3.0,23.0,44.0,39.0,6.0,3.0,0.0,10.0,0.302,0.308,4.0,0,0.0,,12.0,0.0,0,1.0,0.0,,3.627906976744186,3.5400000000000005
2001,PL,福岡ソフトバンクホークス,21723889,鳥越　裕介,Y.Torigoe,122.0,358.0,304.0,34.0,53.0,9.0,3.0,2.0,74.0,16.0,6,4,26.0,1.0,26.0,0,1.0,85.0,2.0,0.174,0.241,0.243,0.484,39.0,0.069,0.067,0.31,7.262569832402235,23.743016759776538,0.3058823529411765,0.23394495412844038,0.16920000000000002,322.0,0.16776315789473684,0.4150197628458498,0.174,53.0,2.0,16.0,122.0,358.0,304.0,39.0,9.0,3.0,34.0,0.241,0.243,26.0,0,1.0,,74.0,6,4,26.0,1.0,,17.715151515151515,17.011999999999997
2001,PL,近鉄バファローズ,21823881,吉岡　雄二,Y.Yoshioka,127.0,538.0,456.0,76.0,121.0,22.0,1.0,26.0,223.0,85.0,2,0,9.0,4.0,66.0,0,2.0,114.0,6.0,0.265,0.358,0.489,0.847,72.0,0.22399999999999998,0.09299999999999997,0.582,12.267657992565056,21.189591078066915,0.5789473684210527,0.296875,0.28335,521.0,0.3684210526315789,0.8533724340175953,0.265,121.0,26.0,85.0,127.0,538.0,456.0,72.0,22.0,1.0,76.0,0.358,0.489,66.0,0,2.0,,223.0,2,0,9.0,4.0,,79.88697318007662,79.92999999999999
2001,PL,福岡ソフトバンクホークス,21923862,長冨　浩志,H.Nagadomi,26.0,0.0,0.0,0.0,0.0,0.0,0.0,0.0,0.0,0.0,0.0,0,0.0,0.0,0.0,0,0.0,0.0,0.0,,,,0.0,0.0,0.0,0.0,,nan,nan,nan,nan,0.0,0.0,nan,nan,,0.0,0.0,0.0,26.0,0.0,0.0,0.0,0.0,0.0,0.0,,,0.0,0,0.0,,0.0,0.0,0,0.0,0.0,,nan,0.0
2001,PL,埼玉西武ライオンズ,21923884,玉野　宏昌,H.Tamano,35.0,79.0,71.0,6.0,16.0,1.0,0.0,2.0,23.0,9.0,0.0,0,1.0,0.0,6.0,0,1.0,11.0,0.0,0.225,0.295,0.324,0.619,13.0,0.099,0.06999999999999998,0.394,7.59493670886076,13.924050632911392,0.5454545454545454,0.2413793103448276,0.21375,402.99999999999994,0.18309859154929578,0.5454545454545454,0.225,16.0,2.0,9.0,35.0,79.0,71.0,13.0,1.0,0.0,6.0,0.295,0.324,6.0,0,1.0,,23.0,0.0,0,1.0,0.0,,6.571428571428571,7.02
2001,PL,埼玉西武ライオンズ,21923885,竹下　潤,J.Takeshita,9.0,0.0,0.0,0.0,0.0,0.0,0.0,0.0,0.0,0.0,0.0,0,0.0,0.0,0.0,0,0.0,0.0,0.0,,,,0.0,0.0,0.0,0.0,,nan,nan,nan,nan,0.0,0.0,nan,nan,,0.0,0.0,0.0,9.0,0.0,0.0,0.0,0.0,0.0,0.0,,,0.0,0,0.0,,0.0,0.0,0,0.0,0.0,,nan,0.0
2001,PL,千葉ロッテマリーンズ,21923889,福浦　和也,K.Fukuura,120.0,519.0,451.0,82.0,156.0,30.0,4.0,18.0,248.0,67.0,0,2,2.0,3.0,58.0,0,5.0,74.0,10.0,0.346,0.424,0.55,0.974,104.0,0.20400000000000007,0.07800000000000001,0.6280000000000001,11.175337186897881,14.258188824662813,0.7837837837837838,0.3812154696132597,0.32830000000000004,607.3333333333333,0.3370288248337029,1.0262295081967212,0.346,156.0,18.0,67.0,120.0,519.0,451.0,104.0,30.0,4.0,82.0,0.424,0.55,58.0,0,5.0,,248.0,0,2,2.0,3.0,,104.2671905697446,95.92
2001,PL,千葉ロッテマリーンズ,23125113,D.メイ,D.May,132.0,547.0,490.0,59.0,138.0,31.0,0.0,31.0,262.0,91.0,0,3,0.0,4.0,46.0,0,7.0,81.0,8.0,0.282,0.349,0.535,0.884,76.0,0.25300000000000006,0.067,0.6020000000000001,8.409506398537477,14.80804387568556,0.5679012345679012,0.2801047120418848,0.2908,527.3333333333334,0.35306122448979593,0.8833333333333333,0.282,138.0,31.0,91.0,132.0,547.0,490.0,76.0,31.0,0.0,59.0,0.349,0.535,46.0,0,7.0,,262.0,0,3,0.0,4.0,,89.94029850746269,88.49400000000003
2001,PL,埼玉西武ライオンズ,23423868,河田　雄祐,Y.Kawada,32.0,45.0,36.0,2.0,6.0,0.0,0.0,0.0,6.0,0.0,1,0,1.0,0.0,7.0,0,1.0,5.0,2.0,0.167,0.318,0.167,0.485,6.0,0.0,0.151,0.318,15.555555555555555,11.11111111111111,1.4,0.1935483870967742,0.18485000000000001,373.6666666666667,0.19444444444444445,0.4375,0.167,6.0,0.0,0.0,32.0,45.0,36.0,6.0,0.0,0.0,2.0,0.318,0.167,7.0,0,1.0,,6.0,1,0,1.0,0.0,,1.813953488372093,2.7000000000000006
2001,PL,埼玉西武ライオンズ,27123868,垣内　哲也,T.Kakiuchi,91.0,237.0,195.0,26.0,44.0,5.0,1.0,14.0,93.0,38.0,0,2,0.0,2.0,34.0,0,5.0,52.0,5.0,0.226,0.352,0.477,0.829,24.0,0.251,0.12599999999999997,0.603,14.345991561181433,21.940928270042196,0.6538461538461539,0.22900763358778625,0.27764999999999995,511.0,0.4358974358974359,0.8589743589743589,0.226,44.0,14.0,38.0,91.0,237.0,195.0,24.0,5.0,1.0,26.0,0.352,0.477,34.0,0,5.0,,93.0,0,2,0.0,2.0,,31.676855895196507,35.232
2001,PL,北海道日本ハムファイターズ,31033887,西浦　克拓,K.Nishiura,18.0,47.0,41.0,3.0,8.0,2.0,0.0,1.0,13.0,5.0,0,1,1.0,0.0,5.0,0,0.0,11.0,1.0,0.195,0.283,0.317,0.6,5.0,0.122,0.08799999999999997,0.4049999999999999,10.638297872340425,23.404255319148938,0.45454545454545453,0.2413793103448276,0.2066,388.6666666666667,0.2682926829268293,0.5588235294117647,0.195,8.0,1.0,5.0,18.0,47.0,41.0,5.0,2.0,0.0,3.0,0.283,0.317,5.0,0,0.0,,13.0,0,1,1.0,0.0,,3.6739130434782608,3.976
2001,PL,福岡ソフトバンクホークス,3105113,T.ミッチェル,T.Mitchell,65.0,214.0,181.0,17.0,35.0,1.0,0.0,10.0,66.0,20.0,0.0,0,0.0,1.0,30.0,0,2.0,72.0,4.0,0.193,0.313,0.365,0.6779999999999999,24.0,0.172,0.12,0.485,14.018691588785046,33.64485981308411,0.4166666666666667,0.25,0.2321,434.66666666666663,0.3370165745856354,0.6533333333333333,0.193,35.0,10.0,20.0,65.0,214.0,181.0,24.0,1.0,0.0,17.0,0.313,0.365,30.0,0,2.0,,66.0,0.0,0,0.0,1.0,,20.33175355450237,23.372
2001,PL,千葉ロッテマリーンズ,31133882,ユウゴー,Y.Yuugo（amano,4.0,8.0,8.0,0.0,0.0,0.0,0.0,0.0,0.0,0.0,0.0,0,0.0,0.0,0.0,0,0.0,2.0,0.0,0.0,0.0,0.0,0.0,0.0,0.0,0.0,0.0,0.0,25.0,0.0,0.0,0.0,0.0,0.0,0.0,0.0,0.0,0.0,0.0,4.0,8.0,8.0,0.0,0.0,0.0,0.0,0.0,0.0,0.0,0,0.0,,0.0,0.0,0,0.0,0.0,,0.0,-0.784
2001,PL,オリックスブルーウェーブ,31133888,相川　良太,R.Aikawa,62.0,115.0,106.0,11.0,26.0,4.0,0.0,4.0,42.0,14.0,4,1,4.0,0.0,4.0,0,1.0,26.0,0.0,0.245,0.279,0.396,0.675,18.0,0.15100000000000002,0.03400000000000003,0.43,3.4782608695652173,22.608695652173914,0.15384615384615385,0.2894736842105263,0.22455000000000003,411.00000000000006,0.19811320754716982,0.6,0.245,26.0,4.0,14.0,62.0,115.0,106.0,18.0,4.0,0.0,11.0,0.279,0.396,4.0,0,1.0,,42.0,4,1,4.0,0.0,,11.454545454545455,11.629999999999999
2001,PL,埼玉西武ライオンズ,31133889,石井　貴,T.Ishii,23.0,0.0,0.0,0.0,0.0,0.0,0.0,0.0,0.0,0.0,0.0,0,0.0,0.0,0.0,0,0.0,0.0,0.0,,,,0.0,0.0,0.0,0.0,,nan,nan,nan,nan,0.0,0.0,nan,nan,,0.0,0.0,0.0,23.0,0.0,0.0,0.0,0.0,0.0,0.0,,,0.0,0,0.0,,0.0,0.0,0,0.0,0.0,,nan,0.0
2001,PL,埼玉西武ライオンズ,31135111,青木　勇人,H.Aoki,46.0,0.0,0.0,0.0,0.0,0.0,0.0,0.0,0.0,0.0,0.0,0,0.0,0.0,0.0,0,0.0,0.0,0.0,,,,0.0,0.0,0.0,0.0,,nan,nan,nan,nan,0.0,0.0,nan,nan,,0.0,0.0,0.0,46.0,0.0,0.0,0.0,0.0,0.0,0.0,,,0.0,0,0.0,,0.0,0.0,0,0.0,0.0,,nan,0.0
2001,PL,オリックスブルーウェーブ,31233887,牧野　塁,R.Makino,3.0,0.0,0.0,0.0,0.0,0.0,0.0,0.0,0.0,0.0,0.0,0,0.0,0.0,0.0,0,0.0,0.0,0.0,,,,0.0,0.0,0.0,0.0,,nan,nan,nan,nan,0.0,0.0,nan,nan,,0.0,0.0,0.0,3.0,0.0,0.0,0.0,0.0,0.0,0.0,,,0.0,0,0.0,,0.0,0.0,0,0.0,0.0,,nan,0.0
2001,PL,埼玉西武ライオンズ,31233888,松坂　大輔,D.Matsuzaka,33.0,0.0,0.0,0.0,0.0,0.0,0.0,0.0,0.0,0.0,0.0,0,0.0,0.0,0.0,0,0.0,0.0,0.0,,,,0.0,0.0,0.0,0.0,,nan,nan,nan,nan,0.0,0.0,nan,nan,,0.0,0.0,0.0,33.0,0.0,0.0,0.0,0.0,0.0,0.0,,,0.0,0,0.0,,0.0,0.0,0,0.0,0.0,,nan,0.0
2001,PL,北海道日本ハムファイターズ,31333881,岩本　勉,T.Iwamoto,22.0,0.0,0.0,0.0,0.0,0.0,0.0,0.0,0.0,0.0,0.0,0,0.0,0.0,0.0,0,0.0,0.0,0.0,,,,0.0,0.0,0.0,0.0,,nan,nan,nan,nan,0.0,0.0,nan,nan,,0.0,0.0,0.0,22.0,0.0,0.0,0.0,0.0,0.0,0.0,,,0.0,0,0.0,,0.0,0.0,0,0.0,0.0,,nan,0.0
2001,PL,福岡ソフトバンクホークス,31333887,大越　基,M.Ookoshi,81.0,27.0,26.0,12.0,6.0,0.0,1.0,0.0,8.0,1.0,4,0,0.0,0.0,1.0,0,0.0,3.0,0.0,0.231,0.259,0.308,0.567,5.0,0.07699999999999999,0.027999999999999997,0.3359999999999999,3.7037037037037033,11.11111111111111,0.3333333333333333,0.2608695652173913,0.19355,361.6666666666667,0.11538461538461539,0.45,0.231,6.0,0.0,1.0,81.0,27.0,26.0,5.0,0.0,1.0,12.0,0.259,0.308,1.0,0,0.0,,8.0,4,0,0.0,0.0,,2.074074074074074,1.9100000000000001
2001,PL,近鉄バファローズ,31333888,宇高　伸次,S.Udaka,11.0,0.0,0.0,0.0,0.0,0.0,0.0,0.0,0.0,0.0,0.0,0,0.0,0.0,0.0,0,0.0,0.0,0.0,,,,0.0,0.0,0.0,0.0,,nan,nan,nan,nan,0.0,0.0,nan,nan,,0.0,0.0,0.0,11.0,0.0,0.0,0.0,0.0,0.0,0.0,,,0.0,0,0.0,,0.0,0.0,0,0.0,0.0,,nan,0.0
2001,PL,埼玉西武ライオンズ,31335111,貝塚　政秀,M.Kaizuka,8.0,14.0,13.0,0.0,3.0,1.0,0.0,0.0,4.0,1.0,0.0,0,0.0,0.0,1.0,0,0.0,3.0,1.0,0.231,0.286,0.308,0.594,2.0,0.07699999999999999,0.054999999999999966,0.363,7.142857142857142,21.428571428571427,0.3333333333333333,0.3,0.2057,388.6666666666667,0.15384615384615385,0.45454545454545453,0.231,3.0,0.0,1.0,8.0,14.0,13.0,2.0,1.0,0.0,0.0,0.286,0.308,1.0,0,0.0,,4.0,0.0,0,0.0,0.0,,1.1428571428571428,1.0699999999999998
2001,PL,オリックスブルーウェーブ,31433868,木田　優夫,M.Kida,13.0,0.0,0.0,0.0,0.0,0.0,0.0,0.0,0.0,0.0,0.0,0,0.0,0.0,0.0,0,0.0,0.0,0.0,,,,0.0,0.0,0.0,0.0,,nan,nan,nan,nan,0.0,0.0,nan,nan,,0.0,0.0,0.0,13.0,0.0,0.0,0.0,0.0,0.0,0.0,,,0.0,0,0.0,,0.0,0.0,0,0.0,0.0,,nan,0.0
2001,PL,埼玉西武ライオンズ,31433884,和田　一浩,K.Wada,82.0,236.0,206.0,36.0,63.0,7.0,2.0,16.0,122.0,34.0,5.0,5,5.0,2.0,23.0,0,0.0,23.0,6.0,0.306,0.372,0.592,0.964,38.0,0.286,0.066,0.6579999999999999,9.745762711864407,9.745762711864407,1.0,0.2781065088757396,0.3154,569.3333333333334,0.4223300970873786,1.0067114093959733,0.306,63.0,16.0,34.0,82.0,236.0,206.0,38.0,7.0,2.0,36.0,0.372,0.592,23.0,0,0.0,,122.0,5.0,5,5.0,2.0,,45.81659388646288,43.635999999999996
2001,PL,オリックスブルーウェーブ,31435111,山口　和男,K.Yamaguchi,32.0,0.0,0.0,0.0,0.0,0.0,0.0,0.0,0.0,0.0,0.0,0,0.0,0.0,0.0,0,0.0,0.0,0.0,,,,0.0,0.0,0.0,0.0,,nan,nan,nan,nan,0.0,0.0,nan,nan,,0.0,0.0,0.0,32.0,0.0,0.0,0.0,0.0,0.0,0.0,,,0.0,0,0.0,,0.0,0.0,0,0.0,0.0,,nan,0.0
2001,PL,埼玉西武ライオンズ,31435113,水田　圭介,K.Mizuta,3.0,2.0,2.0,0.0,0.0,0.0,0.0,0.0,0.0,0.0,0.0,0,0.0,0.0,0.0,0,0.0,2.0,0.0,0.0,0.0,0.0,0.0,0.0,0.0,0.0,0.0,0.0,100.0,0.0,nan,0.0,0.0,0.0,0.0,0.0,0.0,0.0,0.0,3.0,2.0,2.0,0.0,0.0,0.0,0.0,0.0,0.0,0.0,0,0.0,,0.0,0.0,0,0.0,0.0,,0.0,-0.196
2001,PL,千葉ロッテマリーンズ,31533868,酒井　忠晴,T.Sakai,125.0,421.0,372.0,28.0,99.0,15.0,0.0,3.0,123.0,34.0,0,1,18.0,2.0,27.0,0,2.0,58.0,17.0,0.266,0.318,0.331,0.649,81.0,0.065,0.05199999999999999,0.383,6.413301662707839,13.77672209026128,0.46551724137931033,0.30670926517571884,0.22585,428.33333333333337,0.13978494623655913,0.5275862068965518,0.266,99.0,3.0,34.0,125.0,421.0,372.0,81.0,15.0,0.0,28.0,0.318,0.331,27.0,0,2.0,,123.0,0,1,18.0,2.0,,38.8421052631579,38.616
2001,PL,千葉ロッテマリーンズ,31533880,黒木　知宏,T.Kuroki,17.0,0.0,0.0,0.0,0.0,0.0,0.0,0.0,0.0,0.0,0.0,0,0.0,0.0,0.0,0,0.0,0.0,0.0,,,,0.0,0.0,0.0,0.0,,nan,nan,nan,nan,0.0,0.0,nan,nan,,0.0,0.0,0.0,17.0,0.0,0.0,0.0,0.0,0.0,0.0,,,0.0,0,0.0,,0.0,0.0,0,0.0,0.0,,nan,0.0
2001,PL,埼玉西武ライオンズ,31533887,黒田　哲史,S.Kuroda,8.0,17.0,17.0,2.0,2.0,1.0,0.0,1.0,6.0,1.0,0.0,0,0.0,0.0,0.0,0,0.0,6.0,0.0,0.118,0.118,0.353,0.471,0.0,0.235,0.0,0.353,0.0,35.294117647058826,0.0,0.1,0.14135,235.66666666666663,0.23529411764705882,0.4,0.118,2.0,1.0,1.0,8.0,17.0,17.0,0.0,1.0,0.0,2.0,0.118,0.353,0.0,0,0.0,,6.0,0.0,0,0.0,0.0,,0.7058823529411765,0.6900000000000002
2001,PL,福岡ソフトバンクホークス,31533889,小久保　裕紀,H.Kokubo,138.0,605.0,535.0,108.0,155.0,32.0,1.0,44.0,321.0,123.0,6,1,0.0,5.0,62.0,0,3.0,97.0,6.0,0.29,0.364,0.6,0.964,78.0,0.31,0.07400000000000001,0.6739999999999999,10.24793388429752,16.03305785123967,0.6391752577319587,0.2781954887218045,0.31379999999999997,564.0,0.4280373831775701,1.0025906735751295,0.29,155.0,44.0,123.0,138.0,605.0,535.0,78.0,32.0,1.0,108.0,0.364,0.6,62.0,0,3.0,,321.0,6,1,0.0,5.0,,116.678391959799,110.82999999999998
2001,PL,近鉄バファローズ,31633868,石毛　博史,H.Ishige,25.0,0.0,0.0,0.0,0.0,0.0,0.0,0.0,0.0,0.0,0.0,0,0.0,0.0,0.0,0,0.0,0.0,0.0,,,,0.0,0.0,0.0,0.0,,nan,nan,nan,nan,0.0,0.0,nan,nan,,0.0,0.0,0.0,25.0,0.0,0.0,0.0,0.0,0.0,0.0,,,0.0,0,0.0,,0.0,0.0,0,0.0,0.0,,nan,0.0
2001,PL,近鉄バファローズ,31635111,N.エルビラ,N.Elvira,6.0,0.0,0.0,0.0,0.0,0.0,0.0,0.0,0.0,0.0,0.0,0,0.0,0.0,0.0,0,0.0,0.0,0.0,,,,0.0,0.0,0.0,0.0,,nan,nan,nan,nan,0.0,0.0,nan,nan,,0.0,0.0,0.0,6.0,0.0,0.0,0.0,0.0,0.0,0.0,,,0.0,0,0.0,,0.0,0.0,0,0.0,0.0,,nan,0.0
2001,PL,福岡ソフトバンクホークス,31733880,城島　健司,K.Joujima,140.0,578.0,534.0,63.0,138.0,18.0,0.0,31.0,249.0,95.0,9,4,5.0,2.0,31.0,0,6.0,55.0,17.0,0.258,0.305,0.466,0.771,89.0,0.20800000000000002,0.046999999999999986,0.513,5.3633217993079585,9.515570934256056,0.5636363636363636,0.23777777777777778,0.25375000000000003,460.33333333333337,0.27340823970037453,0.7021791767554479,0.258,138.0,31.0,95.0,140.0,578.0,534.0,89.0,18.0,0.0,63.0,0.305,0.466,31.0,0,6.0,,249.0,9,4,5.0,2.0,,74.47964601769911,76.22200000000001
2001,PL,オリックスブルーウェーブ,31733883,田村　勤,T.Tamura,39.0,0.0,0.0,0.0,0.0,0.0,0.0,0.0,0.0,0.0,0.0,0,0.0,0.0,0.0,0,0.0,0.0,0.0,,,,0.0,0.0,0.0,0.0,,nan,nan,nan,nan,0.0,0.0,nan,nan,,0.0,0.0,0.0,39.0,0.0,0.0,0.0,0.0,0.0,0.0,,,0.0,0,0.0,,0.0,0.0,0,0.0,0.0,,nan,0.0
2001,PL,千葉ロッテマリーンズ,31733888,里崎　智也,T.Satozaki,9.0,19.0,18.0,0.0,5.0,0.0,1.0,0.0,7.0,5.0,0.0,0,0.0,0.0,1.0,0,0.0,6.0,0.0,0.278,0.316,0.389,0.7050000000000001,4.0,0.11099999999999999,0.03799999999999998,0.427,5.263157894736842,31.57894736842105,0.16666666666666666,0.4166666666666667,0.23945,445.66666666666663,0.16666666666666666,0.6153846153846154,0.278,5.0,0.0,5.0,9.0,19.0,18.0,4.0,0.0,1.0,0.0,0.316,0.389,1.0,0,0.0,,7.0,0.0,0,0.0,0.0,,2.210526315789474,2.096
2001,PL,北海道日本ハムファイターズ,31733889,関根　裕之,H.Sekine,11.0,0.0,0.0,0.0,0.0,0.0,0.0,0.0,0.0,0.0,0.0,0,0.0,0.0,0.0,0,0.0,0.0,0.0,,,,0.0,0.0,0.0,0.0,,nan,nan,nan,nan,0.0,0.0,nan,nan,,0.0,0.0,0.0,11.0,0.0,0.0,0.0,0.0,0.0,0.0,,,0.0,0,0.0,,0.0,0.0,0,0.0,0.0,,nan,0.0
2001,PL,北海道日本ハムファイターズ,31835113,S.サンダース,S.Sanders,24.0,0.0,0.0,0.0,0.0,0.0,0.0,0.0,0.0,0.0,0.0,0,0.0,0.0,0.0,0,0.0,0.0,0.0,,,,0.0,0.0,0.0,0.0,,nan,nan,nan,nan,0.0,0.0,nan,nan,,0.0,0.0,0.0,24.0,0.0,0.0,0.0,0.0,0.0,0.0,,,0.0,0,0.0,,0.0,0.0,0,0.0,0.0,,nan,0.0
2001,PL,北海道日本ハムファイターズ,31933884,髙橋　信二,S.Takahashi,16.0,23.0,22.0,2.0,6.0,0.0,0.0,0.0,6.0,3.0,1,0,0.0,0.0,1.0,0,0.0,6.0,2.0,0.273,0.304,0.273,0.577,6.0,0.0,0.030999999999999972,0.304,4.3478260869565215,26.08695652173913,0.16666666666666666,0.375,0.20505,395.0,0.045454545454545456,0.3888888888888889,0.273,6.0,0.0,3.0,16.0,23.0,22.0,6.0,0.0,0.0,2.0,0.304,0.273,1.0,0,0.0,,6.0,1,0,0.0,0.0,,1.826086956521739,1.762
2001,PL,北海道日本ハムファイターズ,31933887,田口　昌徳,M.Taguchi,31.0,71.0,60.0,8.0,12.0,2.0,0.0,0.0,14.0,3.0,1,0,6.0,0.0,4.0,0,1.0,20.0,1.0,0.2,0.262,0.233,0.495,10.0,0.033,0.062,0.295,5.633802816901409,28.169014084507044,0.2,0.3,0.17615,339.6666666666667,0.1,0.3877551020408163,0.2,12.0,0.0,3.0,31.0,71.0,60.0,10.0,2.0,0.0,8.0,0.262,0.233,4.0,0,1.0,,14.0,1,0,6.0,0.0,,3.5,3.3859999999999992
2001,PL,近鉄バファローズ,3305113,S.ギルバート,S.Gilbert,76.0,292.0,255.0,32.0,68.0,18.0,1.0,6.0,106.0,24.0,1.0,0,1.0,3.0,28.0,0,5.0,64.0,7.0,0.267,0.347,0.416,0.7629999999999999,43.0,0.14899999999999997,0.07999999999999996,0.4959999999999999,9.58904109589041,21.91780821917808,0.4375,0.32978723404255317,0.26015,485.66666666666663,0.2627450980392157,0.7216494845360825,0.267,68.0,6.0,24.0,76.0,292.0,255.0,43.0,18.0,1.0,32.0,0.347,0.416,28.0,0,5.0,,106.0,1.0,0,1.0,3.0,,35.957597173144876,36.884
2001,PL,福岡ソフトバンクホークス,33135111,B.ラジオ,B.Raggio,22.0,0.0,0.0,0.0,0.0,0.0,0.0,0.0,0.0,0.0,0.0,0,0.0,0.0,0.0,0,0.0,0.0,0.0,,,,0.0,0.0,0.0,0.0,,nan,nan,nan,nan,0.0,0.0,nan,nan,,0.0,0.0,0.0,22.0,0.0,0.0,0.0,0.0,0.0,0.0,,,0.0,0,0.0,,0.0,0.0,0,0.0,0.0,,nan,0.0
2001,PL,近鉄バファローズ,33135113,W.フリント,W.Flynt,1.0,0.0,0.0,0.0,0.0,0.0,0.0,0.0,0.0,0.0,0.0,0,0.0,0.0,0.0,0,0.0,0.0,0.0,,,,0.0,0.0,0.0,0.0,,nan,nan,nan,nan,0.0,0.0,nan,nan,,0.0,0.0,0.0,1.0,0.0,0.0,0.0,0.0,0.0,0.0,,,0.0,0,0.0,,0.0,0.0,0,0.0,0.0,,nan,0.0
2001,PL,福岡ソフトバンクホークス,33335113,C.ヘイニー,C.Haney,7.0,0.0,0.0,0.0,0.0,0.0,0.0,0.0,0.0,0.0,0.0,0,0.0,0.0,0.0,0,0.0,0.0,0.0,,,,0.0,0.0,0.0,0.0,,nan,nan,nan,nan,0.0,0.0,nan,nan,,0.0,0.0,0.0,7.0,0.0,0.0,0.0,0.0,0.0,0.0,,,0.0,0,0.0,,0.0,0.0,0,0.0,0.0,,nan,0.0
2001,PL,近鉄バファローズ,35433868,赤堀　元之,M.Akahori,9.0,0.0,0.0,0.0,0.0,0.0,0.0,0.0,0.0,0.0,0.0,0,0.0,0.0,0.0,0,0.0,0.0,0.0,,,,0.0,0.0,0.0,0.0,,nan,nan,nan,nan,0.0,0.0,nan,nan,,0.0,0.0,0.0,9.0,0.0,0.0,0.0,0.0,0.0,0.0,,,0.0,0,0.0,,0.0,0.0,0,0.0,0.0,,nan,0.0
2001,PL,福岡ソフトバンクホークス,41043881,出口　雄大,Y.Deguchi,6.0,7.0,7.0,0.0,1.0,0.0,0.0,0.0,1.0,0.0,0.0,0,0.0,0.0,0.0,0,0.0,1.0,0.0,0.143,0.143,0.143,0.286,1.0,0.0,0.0,0.143,0.0,14.285714285714285,0.0,0.16666666666666666,0.1001,190.66666666666666,0.0,0.16666666666666666,0.143,1.0,0.0,0.0,6.0,7.0,7.0,1.0,0.0,0.0,0.0,0.143,0.143,0.0,0,0.0,,1.0,0.0,0,0.0,0.0,,0.14285714285714285,-0.08800000000000008
2001,PL,福岡ソフトバンクホークス,41043882,松本　輝,A.Matsumoto,3.0,0.0,0.0,0.0,0.0,0.0,0.0,0.0,0.0,0.0,0.0,0,0.0,0.0,0.0,0,0.0,0.0,0.0,,,,0.0,0.0,0.0,0.0,,nan,nan,nan,nan,0.0,0.0,nan,nan,,0.0,0.0,0.0,3.0,0.0,0.0,0.0,0.0,0.0,0.0,,,0.0,0,0.0,,0.0,0.0,0,0.0,0.0,,nan,0.0
2001,PL,埼玉西武ライオンズ,41043888,星野　智樹,T.Hoshino,2.0,0.0,0.0,0.0,0.0,0.0,0.0,0.0,0.0,0.0,0.0,0,0.0,0.0,0.0,0,0.0,0.0,0.0,,,,0.0,0.0,0.0,0.0,,nan,nan,nan,nan,0.0,0.0,nan,nan,,0.0,0.0,0.0,2.0,0.0,0.0,0.0,0.0,0.0,0.0,,,0.0,0,0.0,,0.0,0.0,0,0.0,0.0,,nan,0.0
2001,PL,北海道日本ハムファイターズ,41045113,中村　隼人,H.Nakamura,15.0,0.0,0.0,0.0,0.0,0.0,0.0,0.0,0.0,0.0,0.0,0,0.0,0.0,0.0,0,0.0,0.0,0.0,,,,0.0,0.0,0.0,0.0,,nan,nan,nan,nan,0.0,0.0,nan,nan,,0.0,0.0,0.0,15.0,0.0,0.0,0.0,0.0,0.0,0.0,,,0.0,0,0.0,,0.0,0.0,0,0.0,0.0,,nan,0.0
2001,PL,千葉ロッテマリーンズ,41143880,サブロー,S.Saburo（oomura,108.0,284.0,240.0,37.0,55.0,12.0,1.0,1.0,72.0,25.0,9,7,17.0,3.0,23.0,0,1.0,45.0,8.0,0.229,0.296,0.3,0.596,41.0,0.07099999999999998,0.06699999999999998,0.367,8.098591549295776,15.845070422535212,0.5111111111111111,0.27411167512690354,0.2082,395.99999999999994,0.19583333333333333,0.533678756476684,0.229,55.0,1.0,25.0,108.0,284.0,240.0,41.0,12.0,1.0,37.0,0.296,0.3,23.0,0,1.0,,72.0,9,7,17.0,3.0,,21.35361216730038,22.669999999999998
2001,PL,千葉ロッテマリーンズ,41143881,石井　浩郎,H.Ishii,36.0,100.0,87.0,7.0,22.0,7.0,0.0,3.0,38.0,12.0,0.0,0,0.0,0.0,13.0,0,0.0,18.0,3.0,0.253,0.35,0.437,0.7869999999999999,12.0,0.184,0.09699999999999998,0.534,13.0,18.0,0.7222222222222222,0.2878787878787879,0.26675,495.66666666666663,0.3333333333333333,0.75,0.253,22.0,3.0,12.0,36.0,100.0,87.0,12.0,7.0,0.0,7.0,0.35,0.437,13.0,0,0.0,,38.0,0.0,0,0.0,0.0,,13.3,13.279999999999998
2001,PL,北海道日本ハムファイターズ,41143889,大貝　恭史,Y.Oogai,6.0,2.0,2.0,0.0,0.0,0.0,0.0,0.0,0.0,0.0,0.0,0,0.0,0.0,0.0,0,0.0,0.0,0.0,0.0,0.0,0.0,0.0,0.0,0.0,0.0,0.0,0.0,0.0,nan,0.0,0.0,0.0,0.0,0.0,0.0,0.0,0.0,0.0,6.0,2.0,2.0,0.0,0.0,0.0,0.0,0.0,0.0,0.0,0,0.0,,0.0,0.0,0,0.0,0.0,,0.0,-0.196
2001,PL,近鉄バファローズ,41145113,阿部　真宏,M.Abe,44.0,103.0,93.0,6.0,18.0,3.0,0.0,0.0,21.0,11.0,1,0,3.0,1.0,6.0,0,0.0,10.0,5.0,0.194,0.24,0.226,0.46599999999999997,15.0,0.032,0.045999999999999985,0.272,5.825242718446602,9.70873786407767,0.6,0.21428571428571427,0.1645,315.33333333333337,0.0967741935483871,0.3375,0.194,18.0,0.0,11.0,44.0,103.0,93.0,15.0,3.0,0.0,6.0,0.24,0.226,6.0,0,0.0,,21.0,1,0,3.0,1.0,,5.090909090909091,4.29
2001,PL,近鉄バファローズ,41243860,古久保　健二,K.Furukubo,53.0,121.0,100.0,6.0,14.0,1.0,2.0,0.0,19.0,8.0,0.0,0,12.0,2.0,6.0,0,1.0,32.0,1.0,0.14,0.193,0.19,0.383,11.0,0.04999999999999999,0.05299999999999999,0.243,4.958677685950414,26.446280991735538,0.1875,0.2,0.13435000000000002,256.33333333333337,0.11,0.2988505747126437,0.14,14.0,0.0,8.0,53.0,121.0,100.0,11.0,1.0,2.0,6.0,0.193,0.19,6.0,0,1.0,,19.0,0.0,0,12.0,2.0,,3.5849056603773586,2.1820000000000004
2001,PL,福岡ソフトバンクホークス,41243868,吉田　修司,S.Yoshida,68.0,0.0,0.0,0.0,0.0,0.0,0.0,0.0,0.0,0.0,0.0,0,0.0,0.0,0.0,0,0.0,0.0,0.0,,,,0.0,0.0,0.0,0.0,,nan,nan,nan,nan,0.0,0.0,nan,nan,,0.0,0.0,0.0,68.0,0.0,0.0,0.0,0.0,0.0,0.0,,,0.0,0,0.0,,0.0,0.0,0,0.0,0.0,,nan,0.0
2001,PL,埼玉西武ライオンズ,41243881,橋本　武広,T.Hashimoto,60.0,0.0,0.0,0.0,0.0,0.0,0.0,0.0,0.0,0.0,0.0,0,0.0,0.0,0.0,0,0.0,0.0,0.0,,,,0.0,0.0,0.0,0.0,,nan,nan,nan,nan,0.0,0.0,nan,nan,,0.0,0.0,0.0,60.0,0.0,0.0,0.0,0.0,0.0,0.0,,,0.0,0,0.0,,0.0,0.0,0,0.0,0.0,,nan,0.0
2001,PL,福岡ソフトバンクホークス,41243886,星野　順治,J.Hoshino,30.0,0.0,0.0,0.0,0.0,0.0,0.0,0.0,0.0,0.0,0.0,0,0.0,0.0,0.0,0,0.0,0.0,0.0,,,,0.0,0.0,0.0,0.0,,nan,nan,nan,nan,0.0,0.0,nan,nan,,0.0,0.0,0.0,30.0,0.0,0.0,0.0,0.0,0.0,0.0,,,0.0,0,0.0,,0.0,0.0,0,0.0,0.0,,nan,0.0
2001,PL,北海道日本ハムファイターズ,41243888,森本　稀哲,H.Morimoto,65.0,148.0,133.0,16.0,33.0,4.0,2.0,1.0,44.0,9.0,11,2,3.0,1.0,9.0,0,2.0,35.0,2.0,0.248,0.303,0.331,0.634,26.0,0.08300000000000002,0.05499999999999999,0.386,6.081081081081082,23.64864864864865,0.2571428571428571,0.32653061224489793,0.21910000000000002,413.3333333333333,0.16541353383458646,0.5588235294117647,0.248,33.0,1.0,9.0,65.0,148.0,133.0,26.0,4.0,2.0,16.0,0.303,0.331,9.0,0,2.0,,44.0,11,2,3.0,1.0,,13.014084507042254,13.59
2001,PL,近鉄バファローズ,41245111,宮本　大輔,D.Miyamoto,1.0,0.0,0.0,0.0,0.0,0.0,0.0,0.0,0.0,0.0,0.0,0,0.0,0.0,0.0,0,0.0,0.0,0.0,,,,0.0,0.0,0.0,0.0,,nan,nan,nan,nan,0.0,0.0,nan,nan,,0.0,0.0,0.0,1.0,0.0,0.0,0.0,0.0,0.0,0.0,,,0.0,0,0.0,,0.0,0.0,0,0.0,0.0,,nan,0.0
2001,PL,埼玉西武ライオンズ,41245113,帆足　和幸,K.Hoashi,8.0,0.0,0.0,0.0,0.0,0.0,0.0,0.0,0.0,0.0,0.0,0,0.0,0.0,0.0,0,0.0,0.0,0.0,,,,0.0,0.0,0.0,0.0,,nan,nan,nan,nan,0.0,0.0,nan,nan,,0.0,0.0,0.0,8.0,0.0,0.0,0.0,0.0,0.0,0.0,,,0.0,0,0.0,,0.0,0.0,0,0.0,0.0,,nan,0.0
2001,PL,オリックスブルーウェーブ,41343880,岸川　登俊,T.Kishikawa,2.0,0.0,0.0,0.0,0.0,0.0,0.0,0.0,0.0,0.0,0.0,0,0.0,0.0,0.0,0,0.0,0.0,0.0,,,,0.0,0.0,0.0,0.0,,nan,nan,nan,nan,0.0,0.0,nan,nan,,0.0,0.0,0.0,2.0,0.0,0.0,0.0,0.0,0.0,0.0,,,0.0,0,0.0,,0.0,0.0,0,0.0,0.0,,nan,0.0
2001,PL,福岡ソフトバンクホークス,41343884,岡本　劼能,K.Okamoto,66.0,0.0,0.0,0.0,0.0,0.0,0.0,0.0,0.0,0.0,0.0,0,0.0,0.0,0.0,0,0.0,0.0,0.0,,,,0.0,0.0,0.0,0.0,,nan,nan,nan,nan,0.0,0.0,nan,nan,,0.0,0.0,0.0,66.0,0.0,0.0,0.0,0.0,0.0,0.0,,,0.0,0,0.0,,0.0,0.0,0,0.0,0.0,,nan,0.0
2001,PL,オリックスブルーウェーブ,41343889,川﨑　義文,Y.Kawasaki,6.0,7.0,4.0,0.0,0.0,0.0,0.0,0.0,0.0,0.0,1,0,1.0,0.0,2.0,0,0.0,4.0,0.0,0.0,0.333,0.0,0.333,0.0,0.0,0.333,0.333,28.57142857142857,57.14285714285714,0.5,nan,0.14985,333.0,0.5,0.5,0.0,0.0,0.0,0.0,6.0,7.0,4.0,0.0,0.0,0.0,0.0,0.333,0.0,2.0,0,0.0,,0.0,1,0,1.0,0.0,,0.0,0.268
2001,PL,福岡ソフトバンクホークス,41345111,川﨑　宗則,M.Kawasaki,1.0,5.0,4.0,1.0,0.0,0.0,0.0,0.0,0.0,1.0,0.0,0,0.0,0.0,1.0,0,0.0,0.0,0.0,0.0,0.2,0.0,0.2,0.0,0.0,0.2,0.2,20.0,0.0,nan,0.0,0.09000000000000001,200.0,0.25,0.25,0.0,0.0,0.0,1.0,1.0,5.0,4.0,0.0,0.0,0.0,1.0,0.2,0.0,1.0,0,0.0,,0.0,0.0,0,0.0,0.0,,0.0,-0.062
2001,PL,オリックスブルーウェーブ,41345113,大久保　勝信,M.Ookubo,53.0,0.0,0.0,0.0,0.0,0.0,0.0,0.0,0.0,0.0,0.0,0,0.0,0.0,0.0,0,0.0,0.0,0.0,,,,0.0,0.0,0.0,0.0,,nan,nan,nan,nan,0.0,0.0,nan,nan,,0.0,0.0,0.0,53.0,0.0,0.0,0.0,0.0,0.0,0.0,,,0.0,0,0.0,,0.0,0.0,0,0.0,0.0,,nan,0.0
2001,PL,オリックスブルーウェーブ,41445111,G.アリアス,G.Arias,139.0,603.0,543.0,70.0,142.0,19.0,1.0,38.0,277.0,97.0,3,1,0.0,7.0,49.0,0,4.0,104.0,14.0,0.262,0.323,0.51,0.833,84.0,0.248,0.061,0.571,8.12603648424544,17.24709784411277,0.47115384615384615,0.2549019607843137,0.27285000000000004,493.0,0.3406998158379374,0.7975903614457831,0.262,142.0,38.0,97.0,139.0,603.0,543.0,84.0,19.0,1.0,70.0,0.323,0.51,49.0,0,4.0,,277.0,3,1,0.0,7.0,,89.36993243243244,89.81200000000001
2001,PL,福岡ソフトバンクホークス,41445113,秋親,A.Akichika（yamada,10.0,0.0,0.0,0.0,0.0,0.0,0.0,0.0,0.0,0.0,0.0,0,0.0,0.0,0.0,0,0.0,0.0,0.0,,,,0.0,0.0,0.0,0.0,,nan,nan,nan,nan,0.0,0.0,nan,nan,,0.0,0.0,0.0,10.0,0.0,0.0,0.0,0.0,0.0,0.0,,,0.0,0,0.0,,0.0,0.0,0,0.0,0.0,,nan,0.0
2001,PL,近鉄バファローズ,41543866,盛田　幸妃,K.Morita,34.0,0.0,0.0,0.0,0.0,0.0,0.0,0.0,0.0,0.0,0.0,0,0.0,0.0,0.0,0,0.0,0.0,0.0,,,,0.0,0.0,0.0,0.0,,nan,nan,nan,nan,0.0,0.0,nan,nan,,0.0,0.0,0.0,34.0,0.0,0.0,0.0,0.0,0.0,0.0,,,0.0,0,0.0,,0.0,0.0,0,0.0,0.0,,nan,0.0
2001,PL,北海道日本ハムファイターズ,41543880,櫻井　幸博,Y.Sakurai,2.0,0.0,0.0,0.0,0.0,0.0,0.0,0.0,0.0,0.0,0.0,0,0.0,0.0,0.0,0,0.0,0.0,0.0,,,,0.0,0.0,0.0,0.0,,nan,nan,nan,nan,0.0,0.0,nan,nan,,0.0,0.0,0.0,2.0,0.0,0.0,0.0,0.0,0.0,0.0,,,0.0,0,0.0,,0.0,0.0,0,0.0,0.0,,nan,0.0
2001,PL,オリックスブルーウェーブ,41543883,新井　潔,K.Arai,4.0,5.0,4.0,0.0,0.0,0.0,0.0,0.0,0.0,0.0,0.0,0,0.0,0.0,1.0,0,0.0,0.0,0.0,0.0,0.2,0.0,0.2,0.0,0.0,0.2,0.2,20.0,0.0,nan,0.0,0.09000000000000001,200.0,0.25,0.25,0.0,0.0,0.0,0.0,4.0,5.0,4.0,0.0,0.0,0.0,0.0,0.2,0.0,1.0,0,0.0,,0.0,0.0,0,0.0,0.0,,0.0,-0.062
2001,PL,千葉ロッテマリーンズ,41543884,小坂　誠,M.Kosaka,140.0,657.0,550.0,79.0,144.0,16.0,8.0,1.0,179.0,35.0,32,9,22.0,7.0,77.0,0,1.0,70.0,8.0,0.262,0.35,0.325,0.675,119.0,0.063,0.08799999999999997,0.413,11.71993911719939,10.6544901065449,1.1,0.294238683127572,0.23875000000000002,458.3333333333333,0.22,0.642512077294686,0.262,144.0,1.0,35.0,140.0,657.0,550.0,119.0,16.0,8.0,79.0,0.35,0.325,77.0,0,1.0,,179.0,32,9,22.0,7.0,,63.09250398724083,68.352
2001,PL,埼玉西武ライオンズ,41543886,芝﨑　和広,K.Shibasaki,1.0,0.0,0.0,0.0,0.0,0.0,0.0,0.0,0.0,0.0,0.0,0,0.0,0.0,0.0,0,0.0,0.0,0.0,,,,0.0,0.0,0.0,0.0,,nan,nan,nan,nan,0.0,0.0,nan,nan,,0.0,0.0,0.0,1.0,0.0,0.0,0.0,0.0,0.0,0.0,,,0.0,0,0.0,,0.0,0.0,0,0.0,0.0,,nan,0.0
2001,PL,福岡ソフトバンクホークス,41543889,佐藤　誠,M.Satou,8.0,0.0,0.0,0.0,0.0,0.0,0.0,0.0,0.0,0.0,0.0,0,0.0,0.0,0.0,0,0.0,0.0,0.0,,,,0.0,0.0,0.0,0.0,,nan,nan,nan,nan,0.0,0.0,nan,nan,,0.0,0.0,0.0,8.0,0.0,0.0,0.0,0.0,0.0,0.0,,,0.0,0,0.0,,0.0,0.0,0,0.0,0.0,,nan,0.0
2001,PL,千葉ロッテマリーンズ,41545111,清水　直行,N.Shimizu,31.0,0.0,0.0,0.0,0.0,0.0,0.0,0.0,0.0,0.0,0.0,0,0.0,0.0,0.0,0,0.0,0.0,0.0,,,,0.0,0.0,0.0,0.0,,nan,nan,nan,nan,0.0,0.0,nan,nan,,0.0,0.0,0.0,31.0,0.0,0.0,0.0,0.0,0.0,0.0,,,0.0,0,0.0,,0.0,0.0,0,0.0,0.0,,nan,0.0
2001,PL,近鉄バファローズ,41643883,水口　栄二,E.Mizuguchi,110.0,502.0,403.0,68.0,117.0,10.0,0.0,3.0,136.0,30.0,1,2,38.0,0.0,60.0,0,1.0,45.0,10.0,0.29,0.384,0.337,0.7210000000000001,104.0,0.04700000000000004,0.09400000000000003,0.431,11.952191235059761,8.964143426294822,1.3333333333333333,0.3211267605633803,0.25705,496.33333333333337,0.20099255583126552,0.6722972972972973,0.29,117.0,3.0,30.0,110.0,502.0,403.0,104.0,10.0,0.0,68.0,0.384,0.337,60.0,0,1.0,,136.0,1,2,38.0,0.0,,51.991360691144706,55.982
2001,PL,埼玉西武ライオンズ,41645113,A.カブレラ,A.Cabrera,139.0,605.0,514.0,96.0,145.0,23.0,0.0,49.0,315.0,124.0,3,4,0.0,3.0,84.0,0,4.0,150.0,7.0,0.282,0.385,0.613,0.998,73.0,0.331,0.10300000000000004,0.716,13.884297520661157,24.793388429752067,0.56,0.3018867924528302,0.3265,589.3333333333334,0.5019455252918288,1.0824468085106382,0.282,145.0,49.0,124.0,139.0,605.0,514.0,73.0,23.0,0.0,96.0,0.385,0.613,84.0,0,4.0,,315.0,3,4,0.0,3.0,,120.62709030100335,117.21799999999999
2001,PL,北海道日本ハムファイターズ,41743862,田中　幸雄,Y.Tanaka,139.0,556.0,491.0,46.0,125.0,22.0,0.0,20.0,207.0,77.0,2.0,2,4.0,2.0,57.0,0,2.0,109.0,12.0,0.255,0.333,0.422,0.755,83.0,0.16699999999999998,0.07800000000000001,0.5,10.251798561151078,19.60431654676259,0.5229357798165137,0.28846153846153844,0.25535,473.6666666666667,0.28716904276985744,0.708994708994709,0.255,125.0,20.0,77.0,139.0,556.0,491.0,83.0,22.0,0.0,46.0,0.333,0.422,57.0,0,2.0,,207.0,2.0,2,4.0,2.0,,68.74817518248175,70.102
2001,PL,福岡ソフトバンクホークス,41743882,土井　雅弘,M.Doi,1.0,0.0,0.0,0.0,0.0,0.0,0.0,0.0,0.0,0.0,0.0,0,0.0,0.0,0.0,0,0.0,0.0,0.0,,,,0.0,0.0,0.0,0.0,,nan,nan,nan,nan,0.0,0.0,nan,nan,,0.0,0.0,0.0,1.0,0.0,0.0,0.0,0.0,0.0,0.0,,,0.0,0,0.0,,0.0,0.0,0,0.0,0.0,,nan,0.0
2001,PL,北海道日本ハムファイターズ,41743885,新谷　博,H.Shintani,17.0,0.0,0.0,0.0,0.0,0.0,0.0,0.0,0.0,0.0,0.0,0,0.0,0.0,0.0,0,0.0,0.0,0.0,,,,0.0,0.0,0.0,0.0,,nan,nan,nan,nan,0.0,0.0,nan,nan,,0.0,0.0,0.0,17.0,0.0,0.0,0.0,0.0,0.0,0.0,,,0.0,0,0.0,,0.0,0.0,0,0.0,0.0,,nan,0.0
2001,PL,近鉄バファローズ,41743886,高須　洋介,Y.Takasu,2.0,0.0,0.0,0.0,0.0,0.0,0.0,0.0,0.0,0.0,0.0,0,0.0,0.0,0.0,0,0.0,0.0,0.0,,,,0.0,0.0,0.0,0.0,,nan,nan,nan,nan,0.0,0.0,nan,nan,,0.0,0.0,0.0,2.0,0.0,0.0,0.0,0.0,0.0,0.0,,,0.0,0,0.0,,0.0,0.0,0,0.0,0.0,,nan,0.0
2001,PL,北海道日本ハムファイターズ,41743888,立石　尚行,N.Tateishi,18.0,0.0,0.0,0.0,0.0,0.0,0.0,0.0,0.0,0.0,0.0,0,0.0,0.0,0.0,0,0.0,0.0,0.0,,,,0.0,0.0,0.0,0.0,,nan,nan,nan,nan,0.0,0.0,nan,nan,,0.0,0.0,0.0,18.0,0.0,0.0,0.0,0.0,0.0,0.0,,,0.0,0,0.0,,0.0,0.0,0,0.0,0.0,,nan,0.0
2001,PL,千葉ロッテマリーンズ,41843886,N.ミンチー,N.Minchey,30.0,0.0,0.0,0.0,0.0,0.0,0.0,0.0,0.0,0.0,0.0,0,0.0,0.0,0.0,0,0.0,0.0,0.0,,,,0.0,0.0,0.0,0.0,,nan,nan,nan,nan,0.0,0.0,nan,nan,,0.0,0.0,0.0,30.0,0.0,0.0,0.0,0.0,0.0,0.0,,,0.0,0,0.0,,0.0,0.0,0,0.0,0.0,,nan,0.0
2001,PL,オリックスブルーウェーブ,41943864,藤井　康雄,Y.Fujii,88.0,213.0,189.0,23.0,37.0,6.0,0.0,15.0,88.0,45.0,1,0,0.0,4.0,19.0,0,1.0,43.0,5.0,0.196,0.268,0.466,0.734,16.0,0.27,0.07200000000000001,0.538,8.92018779342723,20.187793427230048,0.4418604651162791,0.16296296296296298,0.23710000000000003,423.3333333333333,0.37037037037037035,0.6878980891719745,0.196,37.0,15.0,45.0,88.0,213.0,189.0,16.0,6.0,0.0,23.0,0.268,0.466,19.0,0,1.0,,88.0,1,0,0.0,4.0,,23.692307692307693,25.624000000000002
2001,PL,北海道日本ハムファイターズ,41943868,藤島　誠剛,S.Fujishima,38.0,108.0,98.0,11.0,25.0,5.0,0.0,4.0,42.0,19.0,1.0,1,1.0,1.0,6.0,0,2.0,25.0,2.0,0.255,0.308,0.429,0.737,16.0,0.174,0.05299999999999999,0.482,5.555555555555555,23.14814814814815,0.24,0.3,0.24585,450.99999999999994,0.24489795918367346,0.68,0.255,25.0,4.0,19.0,38.0,108.0,98.0,16.0,5.0,0.0,11.0,0.308,0.429,6.0,0,2.0,,42.0,1.0,1,1.0,1.0,,12.51923076923077,13.026
2001,PL,埼玉西武ライオンズ,41943882,原井　和也,K.Harai,62.0,118.0,102.0,11.0,25.0,4.0,0.0,0.0,29.0,2.0,3,0,7.0,0.0,9.0,0,0.0,19.0,5.0,0.245,0.306,0.284,0.59,21.0,0.03899999999999998,0.061,0.345,7.627118644067797,16.101694915254235,0.47368421052631576,0.30120481927710846,0.2087,400.6666666666667,0.12745098039215685,0.4634146341463415,0.245,25.0,0.0,2.0,62.0,118.0,102.0,21.0,4.0,0.0,11.0,0.306,0.284,9.0,0,0.0,,29.0,3,0,7.0,0.0,,8.882882882882884,8.803999999999998
2001,PL,オリックスブルーウェーブ,41943887,戸叶　尚,H.Tokano,43.0,0.0,0.0,0.0,0.0,0.0,0.0,0.0,0.0,0.0,0.0,0,0.0,0.0,0.0,0,0.0,0.0,0.0,,,,0.0,0.0,0.0,0.0,,nan,nan,nan,nan,0.0,0.0,nan,nan,,0.0,0.0,0.0,43.0,0.0,0.0,0.0,0.0,0.0,0.0,,,0.0,0,0.0,,0.0,0.0,0,0.0,0.0,,nan,0.0
2001,PL,近鉄バファローズ,43345113,J.パウエル,J.Powell,14.0,1.0,1.0,0.0,1.0,0.0,0.0,0.0,1.0,0.0,0.0,0,0.0,0.0,0.0,0,0.0,0.0,0.0,1.0,1.0,1.0,2.0,1.0,0.0,0.0,1.0,0.0,0.0,nan,1.0,0.7,1333.3333333333333,0.0,nan,1.0,1.0,0.0,0.0,14.0,1.0,1.0,1.0,0.0,0.0,0.0,1.0,1.0,0.0,0,0.0,,1.0,0.0,0,0.0,0.0,,1.0,0.5
2001,PL,千葉ロッテマリーンズ,43843868,平井　光親,M.Hirai,21.0,34.0,29.0,3.0,5.0,1.0,0.0,1.0,9.0,5.0,0.0,0,0.0,0.0,5.0,0,0.0,6.0,2.0,0.172,0.294,0.31,0.604,3.0,0.138,0.122,0.432,14.705882352941178,17.647058823529413,0.8333333333333334,0.18181818181818182,0.2098,397.3333333333333,0.3103448275862069,0.5384615384615384,0.172,5.0,1.0,5.0,21.0,34.0,29.0,3.0,1.0,0.0,3.0,0.294,0.31,5.0,0,0.0,,9.0,0.0,0,0.0,0.0,,2.6470588235294117,2.9579999999999993
2001,PL,千葉ロッテマリーンズ,47143868,大村　巌,I.Oomura,11.0,14.0,12.0,0.0,2.0,0.0,0.0,0.0,2.0,3.0,0.0,0,0.0,0.0,1.0,0,1.0,2.0,0.0,0.167,0.286,0.167,0.45299999999999996,2.0,0.0,0.11899999999999997,0.286,7.142857142857142,14.285714285714285,0.5,0.2,0.17045,341.6666666666667,0.08333333333333333,0.4,0.167,2.0,0.0,3.0,11.0,14.0,12.0,2.0,0.0,0.0,0.0,0.286,0.167,1.0,0,1.0,,2.0,0.0,0,0.0,0.0,,0.46153846153846156,0.6800000000000002
2001,PL,近鉄バファローズ,5003868,加藤　博人,H.Katou,12.0,0.0,0.0,0.0,0.0,0.0,0.0,0.0,0.0,0.0,0.0,0,0.0,0.0,0.0,0,0.0,0.0,0.0,,,,0.0,0.0,0.0,0.0,,nan,nan,nan,nan,0.0,0.0,nan,nan,,0.0,0.0,0.0,12.0,0.0,0.0,0.0,0.0,0.0,0.0,,,0.0,0,0.0,,0.0,0.0,0,0.0,0.0,,nan,0.0
2001,PL,埼玉西武ライオンズ,51053886,土肥　義弘,Y.Doi,39.0,0.0,0.0,0.0,0.0,0.0,0.0,0.0,0.0,0.0,0.0,0,0.0,0.0,0.0,0,0.0,0.0,0.0,,,,0.0,0.0,0.0,0.0,,nan,nan,nan,nan,0.0,0.0,nan,nan,,0.0,0.0,0.0,39.0,0.0,0.0,0.0,0.0,0.0,0.0,,,0.0,0,0.0,,0.0,0.0,0,0.0,0.0,,nan,0.0
2001,PL,近鉄バファローズ,51053888,藤井　彰人,A.Fujii,1.0,3.0,2.0,0.0,1.0,0.0,0.0,0.0,1.0,0.0,0.0,0,0.0,0.0,0.0,0,1.0,0.0,0.0,0.5,0.667,0.5,1.167,1.0,0.0,0.16700000000000004,0.667,0.0,0.0,nan,0.5,0.42515000000000003,833.6666666666666,0.0,2.0,0.5,1.0,0.0,0.0,1.0,3.0,2.0,1.0,0.0,0.0,0.0,0.667,0.5,0.0,0,1.0,,1.0,0.0,0,0.0,0.0,,0.5,0.7320000000000001
2001,PL,福岡ソフトバンクホークス,51055111,広田　庄司,S.Hirota,1.0,0.0,0.0,0.0,0.0,0.0,0.0,0.0,0.0,0.0,0.0,0,0.0,0.0,0.0,0,0.0,0.0,0.0,,,,0.0,0.0,0.0,0.0,,nan,nan,nan,nan,0.0,0.0,nan,nan,,0.0,0.0,0.0,1.0,0.0,0.0,0.0,0.0,0.0,0.0,,,0.0,0,0.0,,0.0,0.0,0,0.0,0.0,,nan,0.0
2001,PL,千葉ロッテマリーンズ,51055113,長崎　伸一,S.Nagasaki,2.0,0.0,0.0,0.0,0.0,0.0,0.0,0.0,0.0,0.0,0.0,0,0.0,0.0,0.0,0,0.0,0.0,0.0,,,,0.0,0.0,0.0,0.0,,nan,nan,nan,nan,0.0,0.0,nan,nan,,0.0,0.0,0.0,2.0,0.0,0.0,0.0,0.0,0.0,0.0,,,0.0,0,0.0,,0.0,0.0,0,0.0,0.0,,nan,0.0
2001,PL,福岡ソフトバンクホークス,51153863,秋山　幸二,K.Akiyama,82.0,287.0,269.0,31.0,77.0,13.0,3.0,11.0,129.0,32.0,1,0,0.0,0.0,17.0,0,1.0,43.0,6.0,0.286,0.331,0.48,0.8109999999999999,50.0,0.194,0.04500000000000004,0.525,5.923344947735192,14.982578397212542,0.3953488372093023,0.30697674418604654,0.26895,491.0,0.25650557620817843,0.7424242424242424,0.286,77.0,11.0,32.0,82.0,287.0,269.0,50.0,13.0,3.0,31.0,0.331,0.48,17.0,0,1.0,,129.0,1,0,0.0,0.0,,42.3986013986014,40.44399999999999
2001,PL,北海道日本ハムファイターズ,51153880,厚澤　和幸,K.Atsuzawa,15.0,0.0,0.0,0.0,0.0,0.0,0.0,0.0,0.0,0.0,0.0,0,0.0,0.0,0.0,0,0.0,0.0,0.0,,,,0.0,0.0,0.0,0.0,,nan,nan,nan,nan,0.0,0.0,nan,nan,,0.0,0.0,0.0,15.0,0.0,0.0,0.0,0.0,0.0,0.0,,,0.0,0,0.0,,0.0,0.0,0,0.0,0.0,,nan,0.0
2001,PL,北海道日本ハムファイターズ,51153882,荒井　修光,N.Arai,3.0,2.0,2.0,0.0,0.0,0.0,0.0,0.0,0.0,0.0,1,0,0.0,0.0,0.0,0,0.0,1.0,0.0,0.0,0.0,0.0,0.0,0.0,0.0,0.0,0.0,0.0,50.0,0.0,0.0,0.0,0.0,0.0,0.0,0.0,0.0,0.0,0.0,3.0,2.0,2.0,0.0,0.0,0.0,0.0,0.0,0.0,0.0,0,0.0,,0.0,1,0,0.0,0.0,,0.0,-0.196
2001,PL,福岡ソフトバンクホークス,51153884,井口　資仁,T.Iguchi,140.0,636.0,552.0,104.0,144.0,26.0,1.0,30.0,262.0,97.0,44,9,9.0,2.0,61.0,0,12.0,117.0,14.0,0.261,0.346,0.475,0.821,87.0,0.21399999999999997,0.08499999999999996,0.5599999999999999,9.59119496855346,18.39622641509434,0.5213675213675214,0.2800982800982801,0.27444999999999997,504.3333333333333,0.34057971014492755,0.8151658767772512,0.261,144.0,30.0,97.0,140.0,636.0,552.0,87.0,26.0,1.0,104.0,0.346,0.475,61.0,0,12.0,,262.0,44,9,9.0,2.0,,87.61827079934747,92.18599999999998
2001,PL,埼玉西武ライオンズ,51153888,赤田　将吾,S.Akada,17.0,35.0,32.0,2.0,6.0,1.0,0.0,0.0,7.0,2.0,0.0,0,0.0,1.0,2.0,0,0.0,5.0,1.0,0.188,0.229,0.219,0.448,5.0,0.031,0.04100000000000001,0.26,5.714285714285714,14.285714285714285,0.4,0.21428571428571427,0.1578,302.0,0.09375,0.3333333333333333,0.188,6.0,0.0,2.0,17.0,35.0,32.0,5.0,1.0,0.0,2.0,0.229,0.219,2.0,0,0.0,,7.0,0.0,0,0.0,1.0,,1.6470588235294117,1.3319999999999999
2001,PL,北海道日本ハムファイターズ,51153889,井出　竜也,T.Ide,109.0,488.0,427.0,66.0,123.0,20.0,2.0,11.0,180.0,35.0,14,6,7.0,5.0,46.0,0,3.0,89.0,6.0,0.288,0.358,0.422,0.78,90.0,0.134,0.07,0.492,9.426229508196721,18.237704918032787,0.5168539325842697,0.3373493975903614,0.2666,498.66666666666663,0.25526932084309134,0.7580645161290323,0.288,123.0,11.0,35.0,109.0,488.0,427.0,90.0,20.0,2.0,66.0,0.358,0.422,46.0,0,3.0,,180.0,14,6,7.0,5.0,,64.31289640591966,64.77799999999999
2001,PL,近鉄バファローズ,51155113,愛敬　尚史,H.Aikyou,30.0,0.0,0.0,0.0,0.0,0.0,0.0,0.0,0.0,0.0,0.0,0,0.0,0.0,0.0,0,0.0,0.0,0.0,,,,0.0,0.0,0.0,0.0,,nan,nan,nan,nan,0.0,0.0,nan,nan,,0.0,0.0,0.0,30.0,0.0,0.0,0.0,0.0,0.0,0.0,,,0.0,0,0.0,,0.0,0.0,0,0.0,0.0,,nan,0.0
2001,PL,オリックスブルーウェーブ,51253864,山崎　慎太郎,S.Yamasaki,47.0,0.0,0.0,0.0,0.0,0.0,0.0,0.0,0.0,0.0,0.0,0,0.0,0.0,0.0,0,0.0,0.0,0.0,,,,0.0,0.0,0.0,0.0,,nan,nan,nan,nan,0.0,0.0,nan,nan,,0.0,0.0,0.0,47.0,0.0,0.0,0.0,0.0,0.0,0.0,,,0.0,0,0.0,,0.0,0.0,0,0.0,0.0,,nan,0.0
2001,PL,福岡ソフトバンクホークス,51253881,西村　龍次,T.Nishimura,2.0,0.0,0.0,0.0,0.0,0.0,0.0,0.0,0.0,0.0,0.0,0,0.0,0.0,0.0,0,0.0,0.0,0.0,,,,0.0,0.0,0.0,0.0,,nan,nan,nan,nan,0.0,0.0,nan,nan,,0.0,0.0,0.0,2.0,0.0,0.0,0.0,0.0,0.0,0.0,,,0.0,0,0.0,,0.0,0.0,0,0.0,0.0,,nan,0.0
2001,PL,近鉄バファローズ,51353882,岡本　晃,A.Okamoto,61.0,0.0,0.0,0.0,0.0,0.0,0.0,0.0,0.0,0.0,0.0,0,0.0,0.0,0.0,0,0.0,0.0,0.0,,,,0.0,0.0,0.0,0.0,,nan,nan,nan,nan,0.0,0.0,nan,nan,,0.0,0.0,0.0,61.0,0.0,0.0,0.0,0.0,0.0,0.0,,,0.0,0,0.0,,0.0,0.0,0,0.0,0.0,,nan,0.0
2001,PL,オリックスブルーウェーブ,51353887,大島　公一,K.Ooshima,122.0,524.0,414.0,67.0,109.0,19.0,0.0,1.0,131.0,31.0,4,0,30.0,3.0,75.0,0,2.0,52.0,3.0,0.263,0.377,0.316,0.6930000000000001,89.0,0.05299999999999999,0.11399999999999999,0.43,14.31297709923664,9.923664122137405,1.4423076923076923,0.2967032967032967,0.24864999999999998,482.3333333333333,0.23429951690821257,0.6753246753246753,0.263,109.0,1.0,31.0,122.0,524.0,414.0,89.0,19.0,0.0,67.0,0.377,0.316,75.0,0,2.0,,131.0,4,0,30.0,3.0,,49.29243353783231,55.14
2001,PL,北海道日本ハムファイターズ,51355113,井場　友和,T.Iba,40.0,0.0,0.0,0.0,0.0,0.0,0.0,0.0,0.0,0.0,0.0,0,0.0,0.0,0.0,0,0.0,0.0,0.0,,,,0.0,0.0,0.0,0.0,,nan,nan,nan,nan,0.0,0.0,nan,nan,,0.0,0.0,0.0,40.0,0.0,0.0,0.0,0.0,0.0,0.0,,,0.0,0,0.0,,0.0,0.0,0,0.0,0.0,,nan,0.0
2001,PL,近鉄バファローズ,51455111,山下　勝充,K.Yamashita,2.0,1.0,0.0,0.0,0.0,0.0,0.0,0.0,0.0,0.0,0.0,0,0.0,0.0,0.0,0,1.0,0.0,0.0,,1.0,,1.0,0.0,0.0,1.0,,0.0,0.0,nan,nan,0.45,1000.0,nan,nan,,0.0,0.0,0.0,2.0,1.0,0.0,0.0,0.0,0.0,0.0,1.0,,0.0,0,1.0,,0.0,0.0,0,0.0,0.0,,nan,0.33
2001,PL,埼玉西武ライオンズ,51455113,三井　浩二,K.Mitsui,29.0,0.0,0.0,0.0,0.0,0.0,0.0,0.0,0.0,0.0,0.0,0,0.0,0.0,0.0,0,0.0,0.0,0.0,,,,0.0,0.0,0.0,0.0,,nan,nan,nan,nan,0.0,0.0,nan,nan,,0.0,0.0,0.0,29.0,0.0,0.0,0.0,0.0,0.0,0.0,,,0.0,0,0.0,,0.0,0.0,0,0.0,0.0,,nan,0.0
2001,PL,福岡ソフトバンクホークス,51553882,佐久本　昌広,M.Sakumoto,23.0,0.0,0.0,0.0,0.0,0.0,0.0,0.0,0.0,0.0,0.0,0,0.0,0.0,0.0,0,0.0,0.0,0.0,,,,0.0,0.0,0.0,0.0,,nan,nan,nan,nan,0.0,0.0,nan,nan,,0.0,0.0,0.0,23.0,0.0,0.0,0.0,0.0,0.0,0.0,,,0.0,0,0.0,,0.0,0.0,0,0.0,0.0,,nan,0.0
2001,PL,近鉄バファローズ,51553887,古池　拓一,T.Koike,4.0,0.0,0.0,0.0,0.0,0.0,0.0,0.0,0.0,0.0,0.0,0,0.0,0.0,0.0,0,0.0,0.0,0.0,,,,0.0,0.0,0.0,0.0,,nan,nan,nan,nan,0.0,0.0,nan,nan,,0.0,0.0,0.0,4.0,0.0,0.0,0.0,0.0,0.0,0.0,,,0.0,0,0.0,,0.0,0.0,0,0.0,0.0,,nan,0.0
2001,PL,埼玉西武ライオンズ,51555111,後藤　光貴,M.Gotou,35.0,0.0,0.0,0.0,0.0,0.0,0.0,0.0,0.0,0.0,0.0,0,0.0,0.0,0.0,0,0.0,0.0,0.0,,,,0.0,0.0,0.0,0.0,,nan,nan,nan,nan,0.0,0.0,nan,nan,,0.0,0.0,0.0,35.0,0.0,0.0,0.0,0.0,0.0,0.0,,,0.0,0,0.0,,0.0,0.0,0,0.0,0.0,,nan,0.0
2001,PL,北海道日本ハムファイターズ,51655111,K.オーミー,K.Ohme,3.0,0.0,0.0,0.0,0.0,0.0,0.0,0.0,0.0,0.0,0.0,0,0.0,0.0,0.0,0,0.0,0.0,0.0,,,,0.0,0.0,0.0,0.0,,nan,nan,nan,nan,0.0,0.0,nan,nan,,0.0,0.0,0.0,3.0,0.0,0.0,0.0,0.0,0.0,0.0,,,0.0,0,0.0,,0.0,0.0,0,0.0,0.0,,nan,0.0
2001,PL,埼玉西武ライオンズ,51753864,デニー,T.Deni（deni,54.0,0.0,0.0,0.0,0.0,0.0,0.0,0.0,0.0,0.0,0.0,0,0.0,0.0,0.0,0,0.0,0.0,0.0,,,,0.0,0.0,0.0,0.0,,nan,nan,nan,nan,0.0,0.0,nan,nan,,0.0,0.0,0.0,54.0,0.0,0.0,0.0,0.0,0.0,0.0,,,0.0,0,0.0,,0.0,0.0,0,0.0,0.0,,nan,0.0
2001,PL,埼玉西武ライオンズ,51753880,高木　浩之,H.Takagi,65.0,168.0,147.0,9.0,42.0,4.0,0.0,0.0,46.0,7.0,2,0,8.0,0.0,11.0,0,2.0,8.0,2.0,0.286,0.344,0.313,0.657,38.0,0.027000000000000024,0.057999999999999996,0.371,6.547619047619048,4.761904761904762,1.375,0.302158273381295,0.23304999999999998,448.3333333333333,0.10204081632653061,0.5514018691588785,0.286,42.0,0.0,7.0,65.0,168.0,147.0,38.0,4.0,0.0,9.0,0.344,0.313,11.0,0,2.0,,46.0,2,0,8.0,0.0,,15.430379746835444,15.879999999999997
2001,PL,北海道日本ハムファイターズ,51753888,實松　一成,K.Sanematsu,62.0,167.0,149.0,16.0,29.0,4.0,0.0,6.0,51.0,19.0,0.0,0,8.0,1.0,6.0,0,3.0,53.0,4.0,0.195,0.239,0.342,0.581,19.0,0.14700000000000002,0.043999999999999984,0.386,3.592814371257485,31.736526946107784,0.11320754716981132,0.25274725274725274,0.19305,353.0,0.18791946308724833,0.4838709677419355,0.195,29.0,6.0,19.0,62.0,167.0,149.0,19.0,4.0,0.0,16.0,0.239,0.342,6.0,0,3.0,,51.0,0.0,0,8.0,1.0,,11.516129032258064,12.229999999999999
2001,PL,千葉ロッテマリーンズ,51853888,F.ボーリック,F.Bolick,132.0,563.0,452.0,84.0,126.0,34.0,0.0,31.0,253.0,101.0,1,0,0.0,4.0,107.0,0,0.0,111.0,22.0,0.279,0.414,0.56,0.974,61.0,0.281,0.13499999999999995,0.6950000000000001,19.005328596802844,19.715808170515096,0.963963963963964,0.30254777070063693,0.32630000000000003,600.6666666666666,0.5176991150442478,1.0344827586206897,0.279,126.0,31.0,101.0,132.0,563.0,452.0,61.0,34.0,0.0,84.0,0.414,0.56,107.0,0,0.0,,253.0,1,0,0.0,4.0,,105.45438282647585,102.982
2001,PL,埼玉西武ライオンズ,51953880,西口　文也,F.Nishiguchi,28.0,0.0,0.0,0.0,0.0,0.0,0.0,0.0,0.0,0.0,0.0,0,0.0,0.0,0.0,0,0.0,0.0,0.0,,,,0.0,0.0,0.0,0.0,,nan,nan,nan,nan,0.0,0.0,nan,nan,,0.0,0.0,0.0,28.0,0.0,0.0,0.0,0.0,0.0,0.0,,,0.0,0,0.0,,0.0,0.0,0,0.0,0.0,,nan,0.0
2001,PL,千葉ロッテマリーンズ,51953881,椎木　匠,T.Shiigi,19.0,47.0,40.0,2.0,7.0,2.0,0.0,0.0,9.0,2.0,0.0,0,3.0,0.0,4.0,0,0.0,11.0,0.0,0.175,0.25,0.225,0.475,5.0,0.05000000000000002,0.07500000000000001,0.3,8.51063829787234,23.404255319148938,0.36363636363636365,0.2413793103448276,0.16875,325.0,0.15,0.3939393939393939,0.175,7.0,0.0,2.0,19.0,47.0,40.0,5.0,2.0,0.0,2.0,0.25,0.225,4.0,0,0.0,,9.0,0.0,0,3.0,0.0,,2.25,2.026
2001,PL,北海道日本ハムファイターズ,51953884,高橋　憲幸,N.Takahashi,59.0,0.0,0.0,0.0,0.0,0.0,0.0,0.0,0.0,0.0,0.0,0,0.0,0.0,0.0,0,0.0,0.0,0.0,,,,0.0,0.0,0.0,0.0,,nan,nan,nan,nan,0.0,0.0,nan,nan,,0.0,0.0,0.0,59.0,0.0,0.0,0.0,0.0,0.0,0.0,,,0.0,0,0.0,,0.0,0.0,0,0.0,0.0,,nan,0.0
2001,PL,オリックスブルーウェーブ,51955113,高見澤　考史,K.Takamizawa,6.0,7.0,6.0,0.0,0.0,0.0,0.0,0.0,0.0,0.0,0.0,0,1.0,0.0,0.0,0,0.0,2.0,0.0,0.0,0.0,0.0,0.0,0.0,0.0,0.0,0.0,0.0,28.57142857142857,0.0,0.0,0.0,0.0,0.0,0.0,0.0,0.0,0.0,0.0,6.0,7.0,6.0,0.0,0.0,0.0,0.0,0.0,0.0,0.0,0,0.0,,0.0,0.0,0,1.0,0.0,,0.0,-0.5880000000000001
2001,PL,埼玉西武ライオンズ,5303868,上田　浩明,H.Ueda,96.0,89.0,76.0,13.0,18.0,2.0,1.0,0.0,22.0,8.0,1.0,0,8.0,0.0,5.0,0,0.0,10.0,0.0,0.237,0.284,0.289,0.573,15.0,0.05199999999999999,0.046999999999999986,0.3359999999999999,5.617977528089887,11.235955056179774,0.5,0.2727272727272727,0.20005,380.3333333333333,0.13157894736842105,0.4827586206896552,0.237,18.0,0.0,8.0,96.0,89.0,76.0,15.0,2.0,1.0,13.0,0.284,0.289,5.0,0,0.0,,22.0,1.0,0,8.0,0.0,,6.246913580246914,6.126
2001,PL,福岡ソフトバンクホークス,53153888,R.ペドラザ,R.Pedraza,54.0,0.0,0.0,0.0,0.0,0.0,0.0,0.0,0.0,0.0,0.0,0,0.0,0.0,0.0,0,0.0,0.0,0.0,,,,0.0,0.0,0.0,0.0,,nan,nan,nan,nan,0.0,0.0,nan,nan,,0.0,0.0,0.0,54.0,0.0,0.0,0.0,0.0,0.0,0.0,,,0.0,0,0.0,,0.0,0.0,0,0.0,0.0,,nan,0.0
2001,PL,千葉ロッテマリーンズ,53355113,J.クベンカ,J.Kubenka,3.0,0.0,0.0,0.0,0.0,0.0,0.0,0.0,0.0,0.0,0.0,0,0.0,0.0,0.0,0,0.0,0.0,0.0,,,,0.0,0.0,0.0,0.0,,nan,nan,nan,nan,0.0,0.0,nan,nan,,0.0,0.0,0.0,3.0,0.0,0.0,0.0,0.0,0.0,0.0,,,0.0,0,0.0,,0.0,0.0,0,0.0,0.0,,nan,0.0
2001,PL,千葉ロッテマリーンズ,61063882,松本　尚樹,N.Matsumoto,26.0,54.0,50.0,9.0,13.0,1.0,0.0,1.0,17.0,1.0,0.0,0,1.0,0.0,3.0,0,0.0,4.0,0.0,0.26,0.302,0.34,0.642,11.0,0.08000000000000002,0.04199999999999998,0.382,5.555555555555555,7.4074074074074066,0.75,0.26666666666666666,0.22089999999999999,415.3333333333333,0.14,0.5405405405405406,0.26,13.0,1.0,1.0,26.0,54.0,50.0,11.0,1.0,0.0,9.0,0.302,0.34,3.0,0,0.0,,17.0,0.0,0,1.0,0.0,,5.132075471698113,5.024
2001,PL,福岡ソフトバンクホークス,61063884,松中　信彦,N.Matsunaka,130.0,551.0,479.0,81.0,160.0,29.0,0.0,36.0,297.0,122.0,2,0,0.0,5.0,57.0,0,10.0,77.0,6.0,0.334,0.412,0.62,1.032,95.0,0.286,0.07799999999999996,0.698,10.344827586206897,13.974591651542651,0.7402597402597403,0.33423180592991913,0.3404,618.6666666666667,0.40501043841336115,1.12,0.334,160.0,36.0,122.0,130.0,551.0,479.0,95.0,29.0,0.0,81.0,0.412,0.62,57.0,0,10.0,,297.0,2,0,0.0,5.0,,120.24067164179104,111.06799999999998
2001,PL,埼玉西武ライオンズ,61163880,小関　竜也,T.Ozeki,133.0,495.0,407.0,40.0,114.0,17.0,4.0,3.0,148.0,38.0,17,6,32.0,2.0,46.0,0,8.0,37.0,2.0,0.28,0.363,0.364,0.727,90.0,0.08399999999999996,0.08299999999999996,0.4469999999999999,9.292929292929292,7.474747474747474,1.2432432432432432,0.3008130081300813,0.25434999999999997,484.3333333333333,0.2113022113022113,0.7050847457627119,0.28,114.0,3.0,38.0,133.0,495.0,407.0,90.0,17.0,4.0,40.0,0.363,0.364,46.0,0,8.0,,148.0,17,6,32.0,2.0,,52.27373068432671,55.90599999999999
2001,PL,北海道日本ハムファイターズ,61163885,上田　佳範,Y.Ueda,77.0,172.0,155.0,13.0,34.0,3.0,1.0,6.0,57.0,17.0,2,0,2.0,0.0,13.0,0,2.0,35.0,4.0,0.219,0.288,0.368,0.6559999999999999,24.0,0.149,0.06899999999999998,0.4369999999999999,7.55813953488372,20.348837209302324,0.37142857142857144,0.24561403508771928,0.2216,410.66666666666663,0.23225806451612904,0.576,0.219,34.0,6.0,17.0,77.0,172.0,155.0,24.0,3.0,1.0,13.0,0.288,0.368,13.0,0,2.0,,57.0,2,0,2.0,0.0,,15.946428571428571,16.932
2001,PL,北海道日本ハムファイターズ,61163888,伊藤　剛,T.Itou,6.0,0.0,0.0,0.0,0.0,0.0,0.0,0.0,0.0,0.0,0.0,0,0.0,0.0,0.0,0,0.0,0.0,0.0,,,,0.0,0.0,0.0,0.0,,nan,nan,nan,nan,0.0,0.0,nan,nan,,0.0,0.0,0.0,6.0,0.0,0.0,0.0,0.0,0.0,0.0,,,0.0,0,0.0,,0.0,0.0,0,0.0,0.0,,nan,0.0
2001,PL,千葉ロッテマリーンズ,61163889,大塚　明,A.Ootsuka,72.0,237.0,216.0,20.0,54.0,12.0,3.0,7.0,93.0,16.0,3,2,13.0,1.0,5.0,0,2.0,41.0,6.0,0.25,0.272,0.431,0.7030000000000001,32.0,0.181,0.02200000000000002,0.453,2.109704641350211,17.29957805907173,0.12195121951219512,0.2781065088757396,0.23015000000000002,415.6666666666667,0.21296296296296297,0.6071428571428571,0.25,54.0,7.0,16.0,72.0,237.0,216.0,32.0,12.0,3.0,20.0,0.272,0.431,5.0,0,2.0,,93.0,3,2,13.0,1.0,,24.828054298642535,24.634000000000004
2001,PL,北海道日本ハムファイターズ,61165111,遠藤　良平,R.Endou,1.0,0.0,0.0,0.0,0.0,0.0,0.0,0.0,0.0,0.0,0.0,0,0.0,0.0,0.0,0,0.0,0.0,0.0,,,,0.0,0.0,0.0,0.0,,nan,nan,nan,nan,0.0,0.0,nan,nan,,0.0,0.0,0.0,1.0,0.0,0.0,0.0,0.0,0.0,0.0,,,0.0,0,0.0,,0.0,0.0,0,0.0,0.0,,nan,0.0
2001,PL,埼玉西武ライオンズ,61263869,村上　嵩幸,T.Murakami,58.0,105.0,96.0,9.0,18.0,3.0,0.0,3.0,30.0,8.0,0,1,0.0,0.0,9.0,0,0.0,25.0,3.0,0.188,0.257,0.312,0.569,12.0,0.124,0.069,0.381,8.571428571428571,23.809523809523807,0.36,0.22058823529411764,0.19365,361.0,0.22916666666666666,0.49382716049382713,0.188,18.0,3.0,8.0,58.0,105.0,96.0,12.0,3.0,0.0,9.0,0.257,0.312,9.0,0,0.0,,30.0,0,1,0.0,0.0,,7.714285714285714,7.986000000000001
2001,PL,北海道日本ハムファイターズ,61263884,矢野　諭,S.Yano,3.0,0.0,0.0,0.0,0.0,0.0,0.0,0.0,0.0,0.0,0.0,0,0.0,0.0,0.0,0,0.0,0.0,0.0,,,,0.0,0.0,0.0,0.0,,nan,nan,nan,nan,0.0,0.0,nan,nan,,0.0,0.0,0.0,3.0,0.0,0.0,0.0,0.0,0.0,0.0,,,0.0,0,0.0,,0.0,0.0,0,0.0,0.0,,nan,0.0
2001,PL,福岡ソフトバンクホークス,61263885,浜名　千広,C.Hamana,42.0,78.0,72.0,7.0,14.0,1.0,0.0,2.0,21.0,3.0,1,0,1.0,0.0,5.0,0,0.0,27.0,1.0,0.194,0.247,0.292,0.5389999999999999,11.0,0.09799999999999998,0.05299999999999999,0.345,6.41025641025641,34.61538461538461,0.18518518518518517,0.27906976744186046,0.18414999999999998,344.3333333333333,0.16666666666666666,0.4406779661016949,0.194,14.0,2.0,3.0,42.0,78.0,72.0,11.0,1.0,0.0,7.0,0.247,0.292,5.0,0,0.0,,21.0,1,0,1.0,0.0,,5.181818181818182,5.066
2001,PL,埼玉西武ライオンズ,61363868,清水　雅治,M.Shimizu,103.0,156.0,130.0,22.0,34.0,6.0,1.0,0.0,42.0,8.0,13,6,7.0,1.0,17.0,0,1.0,21.0,4.0,0.262,0.349,0.323,0.6719999999999999,27.0,0.061,0.08699999999999997,0.41,10.897435897435898,13.461538461538462,0.8095238095238095,0.3090909090909091,0.2378,456.6666666666667,0.23846153846153847,0.66,0.262,34.0,0.0,8.0,103.0,156.0,130.0,27.0,6.0,1.0,22.0,0.349,0.323,17.0,0,1.0,,42.0,13,6,7.0,1.0,,14.571428571428571,16.472
2001,PL,千葉ロッテマリーンズ,61363883,山本　保司,Y.Yamamoto,40.0,41.0,33.0,1.0,4.0,0.0,0.0,0.0,4.0,2.0,0.0,0,4.0,0.0,4.0,0,0.0,9.0,1.0,0.121,0.216,0.121,0.33699999999999997,4.0,0.0,0.095,0.216,9.75609756097561,21.951219512195124,0.4444444444444444,0.16666666666666666,0.12745,256.3333333333333,0.12121212121212122,0.26666666666666666,0.121,4.0,0.0,2.0,40.0,41.0,33.0,4.0,0.0,0.0,1.0,0.216,0.121,4.0,0,0.0,,4.0,0.0,0,4.0,0.0,,0.8648648648648649,0.4780000000000002
2001,PL,埼玉西武ライオンズ,61365113,大沼　幸二,K.Oonuma,8.0,0.0,0.0,0.0,0.0,0.0,0.0,0.0,0.0,0.0,0.0,0,0.0,0.0,0.0,0,0.0,0.0,0.0,,,,0.0,0.0,0.0,0.0,,nan,nan,nan,nan,0.0,0.0,nan,nan,,0.0,0.0,0.0,8.0,0.0,0.0,0.0,0.0,0.0,0.0,,,0.0,0,0.0,,0.0,0.0,0,0.0,0.0,,nan,0.0
2001,PL,福岡ソフトバンクホークス,61463887,渡辺　正和,M.Watanabe,48.0,0.0,0.0,0.0,0.0,0.0,0.0,0.0,0.0,0.0,0.0,0,0.0,0.0,0.0,0,0.0,0.0,0.0,,,,0.0,0.0,0.0,0.0,,nan,nan,nan,nan,0.0,0.0,nan,nan,,0.0,0.0,0.0,48.0,0.0,0.0,0.0,0.0,0.0,0.0,,,0.0,0,0.0,,0.0,0.0,0,0.0,0.0,,nan,0.0
2001,PL,近鉄バファローズ,61563860,香田　勲男,I.Kouda,36.0,0.0,0.0,0.0,0.0,0.0,0.0,0.0,0.0,0.0,0.0,0,0.0,0.0,0.0,0,0.0,0.0,0.0,,,,0.0,0.0,0.0,0.0,,nan,nan,nan,nan,0.0,0.0,nan,nan,,0.0,0.0,0.0,36.0,0.0,0.0,0.0,0.0,0.0,0.0,,,0.0,0,0.0,,0.0,0.0,0,0.0,0.0,,nan,0.0
2001,PL,近鉄バファローズ,61563882,関口　伊織,I.Sekiguchi,53.0,0.0,0.0,0.0,0.0,0.0,0.0,0.0,0.0,0.0,0.0,0,0.0,0.0,0.0,0,0.0,0.0,0.0,,,,0.0,0.0,0.0,0.0,,nan,nan,nan,nan,0.0,0.0,nan,nan,,0.0,0.0,0.0,53.0,0.0,0.0,0.0,0.0,0.0,0.0,,,0.0,0,0.0,,0.0,0.0,0,0.0,0.0,,nan,0.0
2001,PL,オリックスブルーウェーブ,61563883,松元　秀一郎,S.Matsumoto,9.0,6.0,5.0,0.0,1.0,0.0,0.0,0.0,1.0,0.0,0.0,0,0.0,0.0,1.0,0,0.0,1.0,0.0,0.2,0.333,0.2,0.533,1.0,0.0,0.133,0.333,16.666666666666664,16.666666666666664,1.0,0.25,0.19985000000000003,399.6666666666667,0.2,0.5,0.2,1.0,0.0,0.0,9.0,6.0,5.0,1.0,0.0,0.0,0.0,0.333,0.2,1.0,0,0.0,,1.0,0.0,0,0.0,0.0,,0.3333333333333333,0.43800000000000006
2001,PL,千葉ロッテマリーンズ,61563884,小林宏,H.Kobayashihiro（kobayashi,22.0,0.0,0.0,0.0,0.0,0.0,0.0,0.0,0.0,0.0,0.0,0,0.0,0.0,0.0,0,0.0,0.0,0.0,,,,0.0,0.0,0.0,0.0,,nan,nan,nan,nan,0.0,0.0,nan,nan,,0.0,0.0,0.0,22.0,0.0,0.0,0.0,0.0,0.0,0.0,,,0.0,0,0.0,,0.0,0.0,0,0.0,0.0,,nan,0.0
2001,PL,北海道日本ハムファイターズ,61563886,清水　章夫,A.Shimizu,22.0,0.0,0.0,0.0,0.0,0.0,0.0,0.0,0.0,0.0,0.0,0,0.0,0.0,0.0,0,0.0,0.0,0.0,,,,0.0,0.0,0.0,0.0,,nan,nan,nan,nan,0.0,0.0,nan,nan,,0.0,0.0,0.0,22.0,0.0,0.0,0.0,0.0,0.0,0.0,,,0.0,0,0.0,,0.0,0.0,0,0.0,0.0,,nan,0.0
2001,PL,千葉ロッテマリーンズ,61563888,小林　雅英,M.Kobayashi,48.0,0.0,0.0,0.0,0.0,0.0,0.0,0.0,0.0,0.0,0.0,0,0.0,0.0,0.0,0,0.0,0.0,0.0,,,,0.0,0.0,0.0,0.0,,nan,nan,nan,nan,0.0,0.0,nan,nan,,0.0,0.0,0.0,48.0,0.0,0.0,0.0,0.0,0.0,0.0,,,0.0,0,0.0,,0.0,0.0,0,0.0,0.0,,nan,0.0
2001,PL,北海道日本ハムファイターズ,61565111,正田　樹,I.Shouda,1.0,0.0,0.0,0.0,0.0,0.0,0.0,0.0,0.0,0.0,0.0,0,0.0,0.0,0.0,0,0.0,0.0,0.0,,,,0.0,0.0,0.0,0.0,,nan,nan,nan,nan,0.0,0.0,nan,nan,,0.0,0.0,0.0,1.0,0.0,0.0,0.0,0.0,0.0,0.0,,,0.0,0,0.0,,0.0,0.0,0,0.0,0.0,,nan,0.0
2001,PL,北海道日本ハムファイターズ,61565113,加藤　竜人,T.Katou,16.0,0.0,0.0,0.0,0.0,0.0,0.0,0.0,0.0,0.0,0.0,0,0.0,0.0,0.0,0,0.0,0.0,0.0,,,,0.0,0.0,0.0,0.0,,nan,nan,nan,nan,0.0,0.0,nan,nan,,0.0,0.0,0.0,16.0,0.0,0.0,0.0,0.0,0.0,0.0,,,0.0,0,0.0,,0.0,0.0,0,0.0,0.0,,nan,0.0
2001,PL,近鉄バファローズ,61665113,F.ガルシア,F.Garcia,29.0,96.0,85.0,8.0,13.0,3.0,0.0,1.0,19.0,5.0,0,1,0.0,1.0,10.0,0,0.0,20.0,4.0,0.153,0.24,0.224,0.46399999999999997,9.0,0.07100000000000001,0.087,0.311,10.416666666666668,20.833333333333336,0.5,0.18461538461538463,0.164,314.66666666666663,0.2,0.39473684210526316,0.153,13.0,1.0,5.0,29.0,96.0,85.0,9.0,3.0,0.0,8.0,0.24,0.224,10.0,0,0.0,,19.0,0,1,0.0,1.0,,4.6,4.524
2001,PL,北海道日本ハムファイターズ,61763888,建山　義紀,Y.Tateyama,10.0,0.0,0.0,0.0,0.0,0.0,0.0,0.0,0.0,0.0,0.0,0,0.0,0.0,0.0,0,0.0,0.0,0.0,,,,0.0,0.0,0.0,0.0,,nan,nan,nan,nan,0.0,0.0,nan,nan,,0.0,0.0,0.0,10.0,0.0,0.0,0.0,0.0,0.0,0.0,,,0.0,0,0.0,,0.0,0.0,0,0.0,0.0,,nan,0.0
2001,PL,埼玉西武ライオンズ,61765111,高山　久,H.Takayama,23.0,77.0,69.0,8.0,18.0,3.0,0.0,4.0,33.0,10.0,1,0,0.0,1.0,4.0,0,3.0,16.0,1.0,0.261,0.325,0.478,0.8029999999999999,11.0,0.21699999999999997,0.064,0.542,5.194805194805195,20.77922077922078,0.25,0.28,0.26575000000000004,484.3333333333333,0.2753623188405797,0.7692307692307693,0.261,18.0,4.0,10.0,23.0,77.0,69.0,11.0,3.0,0.0,8.0,0.325,0.478,4.0,0,3.0,,33.0,1,0,0.0,1.0,,9.945205479452055,10.732
2001,PL,埼玉西武ライオンズ,61765113,佐藤　友亮,T.Satou,46.0,143.0,131.0,14.0,31.0,1.0,0.0,0.0,32.0,5.0,5,4,3.0,0.0,9.0,0,0.0,16.0,1.0,0.237,0.286,0.244,0.53,30.0,0.007000000000000006,0.04899999999999999,0.293,6.293706293706294,11.188811188811188,0.5625,0.26956521739130435,0.18969999999999998,367.3333333333333,0.10687022900763359,0.44554455445544555,0.237,31.0,0.0,5.0,46.0,143.0,131.0,30.0,1.0,0.0,14.0,0.286,0.244,9.0,0,0.0,,32.0,5,4,3.0,0.0,,9.142857142857142,9.61
2001,PL,北海道日本ハムファイターズ,61865111,C.ミラバル,C.Mirabal,51.0,0.0,0.0,0.0,0.0,0.0,0.0,0.0,0.0,0.0,0.0,0,0.0,0.0,0.0,0,0.0,0.0,0.0,,,,0.0,0.0,0.0,0.0,,nan,nan,nan,nan,0.0,0.0,nan,nan,,0.0,0.0,0.0,51.0,0.0,0.0,0.0,0.0,0.0,0.0,,,0.0,0,0.0,,0.0,0.0,0,0.0,0.0,,nan,0.0
2001,PL,福岡ソフトバンクホークス,61963882,日笠　雅人,M.Higasa,7.0,0.0,0.0,0.0,0.0,0.0,0.0,0.0,0.0,0.0,0.0,0,0.0,0.0,0.0,0,0.0,0.0,0.0,,,,0.0,0.0,0.0,0.0,,nan,nan,nan,nan,0.0,0.0,nan,nan,,0.0,0.0,0.0,7.0,0.0,0.0,0.0,0.0,0.0,0.0,,,0.0,0,0.0,,0.0,0.0,0,0.0,0.0,,nan,0.0
2001,PL,埼玉西武ライオンズ,61963887,豊田　清,K.Toyoda,47.0,0.0,0.0,0.0,0.0,0.0,0.0,0.0,0.0,0.0,0.0,0,0.0,0.0,0.0,0,0.0,0.0,0.0,,,,0.0,0.0,0.0,0.0,,nan,nan,nan,nan,0.0,0.0,nan,nan,,0.0,0.0,0.0,47.0,0.0,0.0,0.0,0.0,0.0,0.0,,,0.0,0,0.0,,0.0,0.0,0,0.0,0.0,,nan,0.0
2001,PL,オリックスブルーウェーブ,61963889,福留　宏紀,H.Fukutome,54.0,108.0,94.0,9.0,21.0,2.0,0.0,2.0,29.0,10.0,0,1,5.0,1.0,8.0,0,0.0,21.0,2.0,0.223,0.282,0.309,0.591,17.0,0.086,0.05899999999999997,0.368,7.4074074074074066,19.444444444444446,0.38095238095238093,0.2638888888888889,0.20415,384.99999999999994,0.18085106382978725,0.5066666666666667,0.223,21.0,2.0,10.0,54.0,108.0,94.0,17.0,2.0,0.0,9.0,0.282,0.309,8.0,0,0.0,,29.0,0,1,5.0,1.0,,8.245098039215685,8.486
2001,PL,近鉄バファローズ,61965111,奈良　将史,M.Nara,2.0,0.0,0.0,0.0,0.0,0.0,0.0,0.0,0.0,0.0,0.0,0,0.0,0.0,0.0,0,0.0,0.0,0.0,,,,0.0,0.0,0.0,0.0,,nan,nan,nan,nan,0.0,0.0,nan,nan,,0.0,0.0,0.0,2.0,0.0,0.0,0.0,0.0,0.0,0.0,,,0.0,0,0.0,,0.0,0.0,0,0.0,0.0,,nan,0.0
2001,PL,千葉ロッテマリーンズ,63663868,福澤　洋一,Y.Fukuzawa,27.0,18.0,14.0,1.0,2.0,0.0,0.0,0.0,2.0,1.0,0.0,0,2.0,0.0,1.0,0,1.0,5.0,0.0,0.143,0.25,0.143,0.393,2.0,0.0,0.10700000000000001,0.25,5.555555555555555,27.77777777777778,0.2,0.2222222222222222,0.14825,297.66666666666663,0.07142857142857142,0.3333333333333333,0.143,2.0,0.0,1.0,27.0,18.0,14.0,2.0,0.0,0.0,1.0,0.25,0.143,1.0,0,1.0,,2.0,0.0,0,2.0,0.0,,0.4,0.484
2001,PL,埼玉西武ライオンズ,71073884,古屋　剛,T.Furuya,3.0,6.0,6.0,0.0,0.0,0.0,0.0,0.0,0.0,0.0,0.0,0,0.0,0.0,0.0,0,0.0,1.0,0.0,0.0,0.0,0.0,0.0,0.0,0.0,0.0,0.0,0.0,16.666666666666664,0.0,0.0,0.0,0.0,0.0,0.0,0.0,0.0,0.0,0.0,3.0,6.0,6.0,0.0,0.0,0.0,0.0,0.0,0.0,0.0,0,0.0,,0.0,0.0,0,0.0,0.0,,0.0,-0.5880000000000001
2001,PL,福岡ソフトバンクホークス,71073886,永井　智浩,T.Nagai,13.0,0.0,0.0,0.0,0.0,0.0,0.0,0.0,0.0,0.0,0.0,0,0.0,0.0,0.0,0,0.0,0.0,0.0,,,,0.0,0.0,0.0,0.0,,nan,nan,nan,nan,0.0,0.0,nan,nan,,0.0,0.0,0.0,13.0,0.0,0.0,0.0,0.0,0.0,0.0,,,0.0,0,0.0,,0.0,0.0,0,0.0,0.0,,nan,0.0
2001,PL,オリックスブルーウェーブ,71073889,三輪　隆,T.Miwa,31.0,67.0,63.0,6.0,12.0,1.0,0.0,0.0,13.0,3.0,0.0,0,3.0,0.0,1.0,0,0.0,7.0,1.0,0.19,0.203,0.206,0.40900000000000003,11.0,0.015999999999999986,0.013000000000000012,0.219,1.4925373134328357,10.44776119402985,0.14285714285714285,0.21428571428571427,0.14285,271.6666666666667,0.031746031746031744,0.2692307692307692,0.19,12.0,0.0,3.0,31.0,67.0,63.0,11.0,1.0,0.0,6.0,0.203,0.206,1.0,0,0.0,,13.0,0.0,0,3.0,0.0,,2.640625,1.5519999999999996
2001,PL,埼玉西武ライオンズ,71173865,伊東　勤,T.Itou,106.0,293.0,236.0,15.0,48.0,5.0,1.0,2.0,61.0,20.0,1.0,1,16.0,3.0,35.0,0,3.0,41.0,9.0,0.203,0.31,0.258,0.5680000000000001,40.0,0.05499999999999999,0.10699999999999998,0.365,11.945392491467576,13.993174061433447,0.8536585365853658,0.23469387755102042,0.20400000000000001,396.0,0.2076271186440678,0.5076142131979695,0.203,48.0,2.0,20.0,106.0,293.0,236.0,40.0,5.0,1.0,15.0,0.31,0.258,35.0,0,3.0,,61.0,1.0,1,16.0,3.0,,18.682656826568266,21.816000000000003
2001,PL,オリックスブルーウェーブ,71173883,吉原　孝介,K.Yoshihara,23.0,30.0,26.0,3.0,6.0,1.0,0.0,0.0,7.0,2.0,1,0,3.0,0.0,1.0,0,0.0,6.0,2.0,0.231,0.259,0.269,0.528,5.0,0.038000000000000006,0.027999999999999997,0.297,3.3333333333333335,20.0,0.16666666666666666,0.3,0.18380000000000002,348.6666666666667,0.07692307692307693,0.36363636363636365,0.231,6.0,0.0,2.0,23.0,30.0,26.0,5.0,1.0,0.0,3.0,0.259,0.269,1.0,0,0.0,,7.0,1,0,3.0,0.0,,1.8148148148148149,1.5899999999999999
2001,PL,北海道日本ハムファイターズ,71173884,生駒　雅紀,M.Ikoma,4.0,0.0,0.0,0.0,0.0,0.0,0.0,0.0,0.0,0.0,0.0,0,0.0,0.0,0.0,0,0.0,0.0,0.0,,,,0.0,0.0,0.0,0.0,,nan,nan,nan,nan,0.0,0.0,nan,nan,,0.0,0.0,0.0,4.0,0.0,0.0,0.0,0.0,0.0,0.0,,,0.0,0,0.0,,0.0,0.0,0,0.0,0.0,,nan,0.0
2001,PL,近鉄バファローズ,71173885,市原　圭,K.Ichihara,29.0,10.0,6.0,7.0,0.0,0.0,0.0,0.0,0.0,1.0,0.0,0,0.0,1.0,2.0,0,1.0,1.0,1.0,0.0,0.3,0.0,0.3,0.0,0.0,0.3,0.3,20.0,10.0,2.0,0.0,0.135,300.0,0.3333333333333333,0.42857142857142855,0.0,0.0,0.0,1.0,29.0,10.0,6.0,0.0,0.0,0.0,7.0,0.3,0.0,2.0,0,1.0,,0.0,0.0,0,0.0,1.0,,0.0,0.4019999999999999
2001,PL,北海道日本ハムファイターズ,71173886,飯山　裕志,Y.Iiyama,7.0,3.0,3.0,0.0,0.0,0.0,0.0,0.0,0.0,0.0,1,0,0.0,0.0,0.0,0,0.0,1.0,0.0,0.0,0.0,0.0,0.0,0.0,0.0,0.0,0.0,0.0,33.33333333333333,0.0,0.0,0.0,0.0,0.0,0.0,0.0,0.0,0.0,0.0,7.0,3.0,3.0,0.0,0.0,0.0,0.0,0.0,0.0,0.0,0,0.0,,0.0,1,0,0.0,0.0,,0.0,-0.29400000000000004
2001,PL,北海道日本ハムファイターズ,71173888,阿久根　鋼吉,K.Akune,12.0,11.0,10.0,1.0,3.0,1.0,0.0,0.0,4.0,0.0,0.0,0,1.0,0.0,0.0,0,0.0,4.0,0.0,0.3,0.3,0.4,0.7,2.0,0.10000000000000003,0.0,0.4,0.0,36.36363636363637,0.0,0.5,0.23500000000000001,433.33333333333337,0.1,0.5714285714285714,0.3,3.0,0.0,0.0,12.0,11.0,10.0,2.0,1.0,0.0,1.0,0.3,0.4,0.0,0,0.0,,4.0,0.0,0,1.0,0.0,,1.2,1.0339999999999998
2001,PL,千葉ロッテマリーンズ,71273882,薮田　安彦,Y.Yabuta,27.0,0.0,0.0,0.0,0.0,0.0,0.0,0.0,0.0,0.0,0.0,0,0.0,0.0,0.0,0,0.0,0.0,0.0,,,,0.0,0.0,0.0,0.0,,nan,nan,nan,nan,0.0,0.0,nan,nan,,0.0,0.0,0.0,27.0,0.0,0.0,0.0,0.0,0.0,0.0,,,0.0,0,0.0,,0.0,0.0,0,0.0,0.0,,nan,0.0
2001,PL,オリックスブルーウェーブ,71273885,萩原　淳,J.Hagiwara,1.0,0.0,0.0,0.0,0.0,0.0,0.0,0.0,0.0,0.0,0.0,0,0.0,0.0,0.0,0,0.0,0.0,0.0,,,,0.0,0.0,0.0,0.0,,nan,nan,nan,nan,0.0,0.0,nan,nan,,0.0,0.0,0.0,1.0,0.0,0.0,0.0,0.0,0.0,0.0,,,0.0,0,0.0,,0.0,0.0,0,0.0,0.0,,nan,0.0
2001,PL,近鉄バファローズ,71273888,松本　拓也,T.Matsumoto,1.0,0.0,0.0,0.0,0.0,0.0,0.0,0.0,0.0,0.0,0.0,0,0.0,0.0,0.0,0,0.0,0.0,0.0,,,,0.0,0.0,0.0,0.0,,nan,nan,nan,nan,0.0,0.0,nan,nan,,0.0,0.0,0.0,1.0,0.0,0.0,0.0,0.0,0.0,0.0,,,0.0,0,0.0,,0.0,0.0,0,0.0,0.0,,nan,0.0
2001,PL,福岡ソフトバンクホークス,71273889,渡辺　秀一,H.Watanabe,1.0,0.0,0.0,0.0,0.0,0.0,0.0,0.0,0.0,0.0,0.0,0,0.0,0.0,0.0,0,0.0,0.0,0.0,,,,0.0,0.0,0.0,0.0,,nan,nan,nan,nan,0.0,0.0,nan,nan,,0.0,0.0,0.0,1.0,0.0,0.0,0.0,0.0,0.0,0.0,,,0.0,0,0.0,,0.0,0.0,0,0.0,0.0,,nan,0.0
2001,PL,オリックスブルーウェーブ,71373869,加藤　伸一,S.Katou,27.0,0.0,0.0,0.0,0.0,0.0,0.0,0.0,0.0,0.0,0.0,0,0.0,0.0,0.0,0,0.0,0.0,0.0,,,,0.0,0.0,0.0,0.0,,nan,nan,nan,nan,0.0,0.0,nan,nan,,0.0,0.0,0.0,27.0,0.0,0.0,0.0,0.0,0.0,0.0,,,0.0,0,0.0,,0.0,0.0,0,0.0,0.0,,nan,0.0
2001,PL,北海道日本ハムファイターズ,71373880,金村　曉,S.Kanemura,25.0,0.0,0.0,0.0,0.0,0.0,0.0,0.0,0.0,0.0,0.0,0,0.0,0.0,0.0,0,0.0,0.0,0.0,,,,0.0,0.0,0.0,0.0,,nan,nan,nan,nan,0.0,0.0,nan,nan,,0.0,0.0,0.0,25.0,0.0,0.0,0.0,0.0,0.0,0.0,,,0.0,0,0.0,,0.0,0.0,0,0.0,0.0,,nan,0.0
2001,PL,福岡ソフトバンクホークス,71373882,斉藤　和巳,K.Saitou,7.0,0.0,0.0,0.0,0.0,0.0,0.0,0.0,0.0,0.0,0.0,0,0.0,0.0,0.0,0,0.0,0.0,0.0,,,,0.0,0.0,0.0,0.0,,nan,nan,nan,nan,0.0,0.0,nan,nan,,0.0,0.0,0.0,7.0,0.0,0.0,0.0,0.0,0.0,0.0,,,0.0,0,0.0,,0.0,0.0,0,0.0,0.0,,nan,0.0
2001,PL,福岡ソフトバンクホークス,71373888,小椋　真介,S.Ogura,1.0,0.0,0.0,0.0,0.0,0.0,0.0,0.0,0.0,0.0,0.0,0,0.0,0.0,0.0,0,0.0,0.0,0.0,,,,0.0,0.0,0.0,0.0,,nan,nan,nan,nan,0.0,0.0,nan,nan,,0.0,0.0,0.0,1.0,0.0,0.0,0.0,0.0,0.0,0.0,,,0.0,0,0.0,,0.0,0.0,0,0.0,0.0,,nan,0.0
2001,PL,千葉ロッテマリーンズ,71373889,小野　晋吾,S.Ono,27.0,0.0,0.0,0.0,0.0,0.0,0.0,0.0,0.0,0.0,0.0,0,0.0,0.0,0.0,0,0.0,0.0,0.0,,,,0.0,0.0,0.0,0.0,,nan,nan,nan,nan,0.0,0.0,nan,nan,,0.0,0.0,0.0,27.0,0.0,0.0,0.0,0.0,0.0,0.0,,,0.0,0,0.0,,0.0,0.0,0,0.0,0.0,,nan,0.0
2001,PL,オリックスブルーウェーブ,71375111,葛城　育郎,I.Katsuragi,130.0,469.0,418.0,67.0,112.0,24.0,2.0,14.0,182.0,53.0,1,4,0.0,2.0,43.0,0,6.0,91.0,8.0,0.268,0.343,0.435,0.778,72.0,0.16699999999999998,0.07500000000000001,0.51,9.168443496801707,19.402985074626866,0.4725274725274725,0.3111111111111111,0.2631,488.0,0.2799043062200957,0.7484076433121019,0.268,112.0,14.0,53.0,130.0,469.0,418.0,72.0,24.0,2.0,67.0,0.343,0.435,43.0,0,6.0,,182.0,1,4,0.0,2.0,,61.19305856832972,62.422
2001,PL,北海道日本ハムファイターズ,71473884,N.ウィルソン,N.Wilson,34.0,136.0,120.0,13.0,27.0,2.0,1.0,6.0,49.0,14.0,0.0,0,0.0,0.0,13.0,0,3.0,34.0,3.0,0.225,0.316,0.408,0.724,18.0,0.18299999999999997,0.091,0.499,9.558823529411764,25.0,0.38235294117647056,0.2625,0.24419999999999997,451.99999999999994,0.2916666666666667,0.6770833333333334,0.225,27.0,6.0,14.0,34.0,136.0,120.0,18.0,2.0,1.0,13.0,0.316,0.408,13.0,0,3.0,,49.0,0.0,0,0.0,0.0,,14.736842105263158,16.286
2001,PL,近鉄バファローズ,71475111,吉川　勝成,K.Yoshikawa,1.0,0.0,0.0,0.0,0.0,0.0,0.0,0.0,0.0,0.0,0.0,0,0.0,0.0,0.0,0,0.0,0.0,0.0,,,,0.0,0.0,0.0,0.0,,nan,nan,nan,nan,0.0,0.0,nan,nan,,0.0,0.0,0.0,1.0,0.0,0.0,0.0,0.0,0.0,0.0,,,0.0,0,0.0,,0.0,0.0,0,0.0,0.0,,nan,0.0
2001,PL,オリックスブルーウェーブ,71573880,五島　裕二,Y.Goshima,60.0,130.0,120.0,9.0,31.0,3.0,0.0,1.0,37.0,13.0,0.0,0,0.0,0.0,10.0,0,0.0,29.0,4.0,0.258,0.315,0.308,0.623,27.0,0.04999999999999999,0.056999999999999995,0.365,7.6923076923076925,22.30769230769231,0.3448275862068966,0.3333333333333333,0.21875,417.6666666666667,0.13333333333333333,0.5053763440860215,0.258,31.0,1.0,13.0,60.0,130.0,120.0,27.0,3.0,0.0,9.0,0.315,0.308,10.0,0,0.0,,37.0,0.0,0,0.0,0.0,,11.669230769230769,11.678000000000003
2001,PL,千葉ロッテマリーンズ,71573882,澤井　良輔,R.Sawai,12.0,20.0,19.0,0.0,5.0,2.0,0.0,0.0,7.0,1.0,0.0,0,0.0,0.0,0.0,0,1.0,6.0,0.0,0.263,0.3,0.368,0.6679999999999999,3.0,0.10499999999999998,0.03699999999999998,0.4049999999999999,0.0,30.0,0.0,0.38461538461538464,0.227,422.66666666666663,0.10526315789473684,0.5714285714285714,0.263,5.0,0.0,1.0,12.0,20.0,19.0,3.0,2.0,0.0,0.0,0.3,0.368,0.0,0,1.0,,7.0,0.0,0,0.0,0.0,,1.8421052631578947,1.898
2001,PL,オリックスブルーウェーブ,71573888,木村　昌広,M.Kimura,5.0,0.0,0.0,0.0,0.0,0.0,0.0,0.0,0.0,0.0,0.0,0,0.0,0.0,0.0,0,0.0,0.0,0.0,,,,0.0,0.0,0.0,0.0,,nan,nan,nan,nan,0.0,0.0,nan,nan,,0.0,0.0,0.0,5.0,0.0,0.0,0.0,0.0,0.0,0.0,,,0.0,0,0.0,,0.0,0.0,0,0.0,0.0,,nan,0.0
2001,PL,北海道日本ハムファイターズ,71575111,佐々木　貴賀,K.Sasaki,26.0,0.0,0.0,0.0,0.0,0.0,0.0,0.0,0.0,0.0,0.0,0,0.0,0.0,0.0,0,0.0,0.0,0.0,,,,0.0,0.0,0.0,0.0,,nan,nan,nan,nan,0.0,0.0,nan,nan,,0.0,0.0,0.0,26.0,0.0,0.0,0.0,0.0,0.0,0.0,,,0.0,0,0.0,,0.0,0.0,0,0.0,0.0,,nan,0.0
2001,PL,近鉄バファローズ,71673883,柴田　佳主也,K.Shibata,42.0,0.0,0.0,0.0,0.0,0.0,0.0,0.0,0.0,0.0,0.0,0,0.0,0.0,0.0,0,0.0,0.0,0.0,,,,0.0,0.0,0.0,0.0,,nan,nan,nan,nan,0.0,0.0,nan,nan,,0.0,0.0,0.0,42.0,0.0,0.0,0.0,0.0,0.0,0.0,,,0.0,0,0.0,,0.0,0.0,0,0.0,0.0,,nan,0.0
2001,PL,千葉ロッテマリーンズ,71675113,渡辺　俊介,S.Watanabe,13.0,0.0,0.0,0.0,0.0,0.0,0.0,0.0,0.0,0.0,0.0,0,0.0,0.0,0.0,0,0.0,0.0,0.0,,,,0.0,0.0,0.0,0.0,,nan,nan,nan,nan,0.0,0.0,nan,nan,,0.0,0.0,0.0,13.0,0.0,0.0,0.0,0.0,0.0,0.0,,,0.0,0,0.0,,0.0,0.0,0,0.0,0.0,,nan,0.0
2001,PL,オリックスブルーウェーブ,71773882,田中　雅興,M.Tanaka,23.0,10.0,10.0,7.0,2.0,1.0,0.0,0.0,3.0,0.0,0,2,0.0,0.0,0.0,0,0.0,2.0,0.0,0.2,0.2,0.3,0.5,1.0,0.09999999999999998,0.0,0.3,0.0,20.0,0.0,0.25,0.165,300.0,0.3,0.625,0.2,2.0,0.0,0.0,23.0,10.0,10.0,1.0,1.0,0.0,7.0,0.2,0.3,0.0,0,0.0,,3.0,0,2,0.0,0.0,,0.6,0.796
2001,PL,近鉄バファローズ,71773883,山﨑　一玄,K.Yamazaki,11.0,0.0,0.0,0.0,0.0,0.0,0.0,0.0,0.0,0.0,0.0,0,0.0,0.0,0.0,0,0.0,0.0,0.0,,,,0.0,0.0,0.0,0.0,,nan,nan,nan,nan,0.0,0.0,nan,nan,,0.0,0.0,0.0,11.0,0.0,0.0,0.0,0.0,0.0,0.0,,,0.0,0,0.0,,0.0,0.0,0,0.0,0.0,,nan,0.0
2001,PL,オリックスブルーウェーブ,71773884,塩崎　真,M.Shiozaki,132.0,518.0,439.0,58.0,115.0,17.0,3.0,4.0,150.0,45.0,10,3,18.0,3.0,54.0,0,4.0,91.0,8.0,0.262,0.346,0.342,0.688,91.0,0.08000000000000002,0.08399999999999996,0.426,10.424710424710424,17.56756756756757,0.5934065934065934,0.31988472622478387,0.24120000000000003,459.99999999999994,0.20956719817767655,0.6355421686746988,0.262,115.0,4.0,45.0,132.0,518.0,439.0,91.0,17.0,3.0,58.0,0.346,0.342,54.0,0,4.0,,150.0,10,3,18.0,3.0,,51.419878296146045,54.54800000000001
2001,PL,埼玉西武ライオンズ,71773888,柴田　博之,H.Shibata,113.0,421.0,351.0,55.0,93.0,9.0,8.0,3.0,127.0,28.0,20,3,14.0,2.0,47.0,0,7.0,55.0,4.0,0.265,0.361,0.362,0.723,73.0,0.09699999999999998,0.09599999999999997,0.4579999999999999,11.163895486935866,13.064133016627078,0.8545454545454545,0.3050847457627119,0.25295,481.66666666666663,0.23931623931623933,0.7022900763358778,0.265,93.0,3.0,28.0,113.0,421.0,351.0,73.0,9.0,8.0,55.0,0.361,0.362,47.0,0,7.0,,127.0,20,3,14.0,2.0,,44.67336683417086,48.696
2001,PL,千葉ロッテマリーンズ,71773889,立川　隆史,T.Tachikawa,35.0,109.0,92.0,10.0,23.0,6.0,0.0,2.0,35.0,4.0,1,0,1.0,0.0,15.0,0,1.0,26.0,1.0,0.25,0.361,0.38,0.741,15.0,0.13,0.11099999999999999,0.491,13.761467889908257,23.853211009174313,0.5769230769230769,0.328125,0.25745,487.6666666666667,0.29347826086956524,0.7285714285714285,0.25,23.0,2.0,4.0,35.0,109.0,92.0,15.0,6.0,0.0,10.0,0.361,0.38,15.0,0,1.0,,35.0,1,0,1.0,0.0,,12.429906542056075,13.218
2001,PL,近鉄バファローズ,71775111,高木　康成,Y.Takagi,5.0,0.0,0.0,0.0,0.0,0.0,0.0,0.0,0.0,0.0,0.0,0,0.0,0.0,0.0,0,0.0,0.0,0.0,,,,0.0,0.0,0.0,0.0,,nan,nan,nan,nan,0.0,0.0,nan,nan,,0.0,0.0,0.0,5.0,0.0,0.0,0.0,0.0,0.0,0.0,,,0.0,0,0.0,,0.0,0.0,0,0.0,0.0,,nan,0.0
2001,PL,オリックスブルーウェーブ,71775113,北川　智規,T.Kitagawa,7.0,0.0,0.0,0.0,0.0,0.0,0.0,0.0,0.0,0.0,0.0,0,0.0,0.0,0.0,0,0.0,0.0,0.0,,,,0.0,0.0,0.0,0.0,,nan,nan,nan,nan,0.0,0.0,nan,nan,,0.0,0.0,0.0,7.0,0.0,0.0,0.0,0.0,0.0,0.0,,,0.0,0,0.0,,0.0,0.0,0,0.0,0.0,,nan,0.0
2001,PL,千葉ロッテマリーンズ,71973880,信原　拓人,T.Nobuhara,11.0,22.0,20.0,3.0,5.0,1.0,1.0,1.0,11.0,4.0,0.0,0,0.0,0.0,2.0,0,0.0,2.0,1.0,0.25,0.318,0.55,0.8680000000000001,2.0,0.30000000000000004,0.068,0.6180000000000001,9.090909090909092,9.090909090909092,1.0,0.23529411764705882,0.2806,501.3333333333334,0.4,0.8125,0.25,5.0,1.0,4.0,11.0,22.0,20.0,2.0,1.0,1.0,3.0,0.318,0.55,2.0,0,0.0,,11.0,0.0,0,0.0,0.0,,3.5,3.3899999999999997
2001,PL,埼玉西武ライオンズ,71973881,潮崎　哲也,T.Shiozaki,21.0,0.0,0.0,0.0,0.0,0.0,0.0,0.0,0.0,0.0,0.0,0,0.0,0.0,0.0,0,0.0,0.0,0.0,,,,0.0,0.0,0.0,0.0,,nan,nan,nan,nan,0.0,0.0,nan,nan,,0.0,0.0,0.0,21.0,0.0,0.0,0.0,0.0,0.0,0.0,,,0.0,0,0.0,,0.0,0.0,0,0.0,0.0,,nan,0.0
2001,PL,千葉ロッテマリーンズ,71973888,寺本　四郎,S.Teramoto,12.0,0.0,0.0,0.0,0.0,0.0,0.0,0.0,0.0,0.0,0.0,0,0.0,0.0,0.0,0,0.0,0.0,0.0,,,,0.0,0.0,0.0,0.0,,nan,nan,nan,nan,0.0,0.0,nan,nan,,0.0,0.0,0.0,12.0,0.0,0.0,0.0,0.0,0.0,0.0,,,0.0,0,0.0,,0.0,0.0,0,0.0,0.0,,nan,0.0
2001,PL,オリックスブルーウェーブ,71973889,平井　正史,M.Hirai,6.0,0.0,0.0,0.0,0.0,0.0,0.0,0.0,0.0,0.0,0.0,0,0.0,0.0,0.0,0,0.0,0.0,0.0,,,,0.0,0.0,0.0,0.0,,nan,nan,nan,nan,0.0,0.0,nan,nan,,0.0,0.0,0.0,6.0,0.0,0.0,0.0,0.0,0.0,0.0,,,0.0,0,0.0,,0.0,0.0,0,0.0,0.0,,nan,0.0
2001,PL,近鉄バファローズ,73375113,S.バーグマン,S.Bergman,18.0,0.0,0.0,0.0,0.0,0.0,0.0,0.0,0.0,0.0,0.0,0,0.0,0.0,0.0,0,0.0,0.0,0.0,,,,0.0,0.0,0.0,0.0,,nan,nan,nan,nan,0.0,0.0,nan,nan,,0.0,0.0,0.0,18.0,0.0,0.0,0.0,0.0,0.0,0.0,,,0.0,0,0.0,,0.0,0.0,0,0.0,0.0,,nan,0.0
2001,PL,千葉ロッテマリーンズ,73873868,堀　幸一,K.Hori,83.0,238.0,193.0,22.0,43.0,7.0,0.0,4.0,62.0,17.0,6,3,15.0,2.0,28.0,0,0.0,50.0,4.0,0.223,0.318,0.321,0.639,32.0,0.098,0.095,0.416,11.76470588235294,21.008403361344538,0.56,0.2765957446808511,0.22335,425.0,0.25906735751295334,0.6038961038961039,0.223,43.0,4.0,17.0,83.0,238.0,193.0,32.0,7.0,0.0,22.0,0.318,0.321,28.0,0,0.0,,62.0,6,3,15.0,2.0,,19.918552036199095,21.879999999999995
2001,PL,近鉄バファローズ,81083880,山村　宏樹,H.Yamamura,23.0,0.0,0.0,0.0,0.0,0.0,0.0,0.0,0.0,0.0,0.0,0,0.0,0.0,0.0,0,0.0,0.0,0.0,,,,0.0,0.0,0.0,0.0,,nan,nan,nan,nan,0.0,0.0,nan,nan,,0.0,0.0,0.0,23.0,0.0,0.0,0.0,0.0,0.0,0.0,,,0.0,0,0.0,,0.0,0.0,0,0.0,0.0,,nan,0.0
2001,PL,近鉄バファローズ,81085111,前田　忠節,T.Maeda,113.0,204.0,170.0,20.0,31.0,6.0,2.0,1.0,44.0,8.0,0,2,22.0,0.0,12.0,0,0.0,31.0,6.0,0.182,0.236,0.259,0.495,22.0,0.07700000000000001,0.05399999999999999,0.313,5.88235294117647,15.196078431372548,0.3870967741935484,0.21739130434782608,0.17095,322.3333333333333,0.1588235294117647,0.4,0.182,31.0,1.0,8.0,113.0,204.0,170.0,22.0,6.0,2.0,20.0,0.236,0.259,12.0,0,0.0,,44.0,0,2,22.0,0.0,,10.395604395604396,9.538
2001,PL,埼玉西武ライオンズ,81183882,大友　進,S.Ootomo,35.0,77.0,64.0,6.0,12.0,5.0,0.0,1.0,20.0,4.0,2,1,0.0,0.0,12.0,0,1.0,14.0,2.0,0.188,0.325,0.312,0.637,6.0,0.124,0.137,0.449,15.584415584415584,18.181818181818183,0.8571428571428571,0.22448979591836735,0.22425,429.0,0.328125,0.6296296296296297,0.188,12.0,1.0,4.0,35.0,77.0,64.0,6.0,5.0,0.0,6.0,0.325,0.312,12.0,0,1.0,,20.0,2,1,0.0,0.0,,6.315789473684211,7.413999999999998
2001,PL,福岡ソフトバンクホークス,81185113,荒金　久雄,H.Arakane,2.0,7.0,6.0,1.0,1.0,0.0,0.0,0.0,1.0,0.0,0,1,0.0,0.0,1.0,0,0.0,1.0,0.0,0.167,0.286,0.167,0.45299999999999996,1.0,0.0,0.11899999999999997,0.286,14.285714285714285,14.285714285714285,1.0,0.2,0.17045,341.6666666666667,0.3333333333333333,0.6,0.167,1.0,0.0,0.0,2.0,7.0,6.0,1.0,0.0,0.0,1.0,0.286,0.167,1.0,0,0.0,,1.0,0,1,0.0,0.0,,0.2857142857142857,0.52
2001,PL,北海道日本ハムファイターズ,81283883,下柳　剛,T.Shimoyanagi,21.0,0.0,0.0,0.0,0.0,0.0,0.0,0.0,0.0,0.0,0.0,0,0.0,0.0,0.0,0,0.0,0.0,0.0,,,,0.0,0.0,0.0,0.0,,nan,nan,nan,nan,0.0,0.0,nan,nan,,0.0,0.0,0.0,21.0,0.0,0.0,0.0,0.0,0.0,0.0,,,0.0,0,0.0,,0.0,0.0,0,0.0,0.0,,nan,0.0
2001,PL,千葉ロッテマリーンズ,81283884,山﨑　貴弘,T.Yamazaki,11.0,0.0,0.0,0.0,0.0,0.0,0.0,0.0,0.0,0.0,0.0,0,0.0,0.0,0.0,0,0.0,0.0,0.0,,,,0.0,0.0,0.0,0.0,,nan,nan,nan,nan,0.0,0.0,nan,nan,,0.0,0.0,0.0,11.0,0.0,0.0,0.0,0.0,0.0,0.0,,,0.0,0,0.0,,0.0,0.0,0,0.0,0.0,,nan,0.0
2001,PL,福岡ソフトバンクホークス,81283885,林　孝哉,T.Hayashi,49.0,21.0,18.0,4.0,4.0,0.0,0.0,1.0,7.0,6.0,0.0,0,1.0,0.0,2.0,0,0.0,7.0,0.0,0.222,0.3,0.389,0.6890000000000001,3.0,0.167,0.07799999999999999,0.4669999999999999,9.523809523809524,33.33333333333333,0.2857142857142857,0.3,0.23225,429.66666666666663,0.2777777777777778,0.6428571428571429,0.222,4.0,1.0,6.0,49.0,21.0,18.0,3.0,0.0,0.0,4.0,0.3,0.389,2.0,0,0.0,,7.0,0.0,0,1.0,0.0,,2.1,2.2279999999999998
2001,PL,千葉ロッテマリーンズ,81383864,佐藤　幸彦,Y.Satou,97.0,298.0,244.0,28.0,68.0,13.0,0.0,8.0,105.0,31.0,0,2,4.0,3.0,43.0,0,4.0,48.0,6.0,0.279,0.391,0.43,0.821,47.0,0.15099999999999997,0.11199999999999999,0.542,14.429530201342283,16.10738255033557,0.8958333333333334,0.31413612565445026,0.28345000000000004,534.3333333333334,0.3360655737704918,0.8461538461538461,0.279,68.0,8.0,31.0,97.0,298.0,244.0,47.0,13.0,0.0,28.0,0.391,0.43,43.0,0,4.0,,105.0,0,2,4.0,3.0,,40.609756097560975,43.001999999999995
2001,PL,近鉄バファローズ,81383880,北川　博敏,H.Kitagawa,81.0,229.0,200.0,27.0,54.0,14.0,1.0,6.0,88.0,35.0,2,0,1.0,1.0,25.0,0,2.0,29.0,13.0,0.27,0.355,0.44,0.7949999999999999,33.0,0.16999999999999998,0.08499999999999996,0.5249999999999999,10.91703056768559,12.663755458515283,0.8620689655172413,0.2891566265060241,0.26975,501.6666666666667,0.295,0.7232704402515723,0.27,54.0,6.0,35.0,81.0,229.0,200.0,33.0,14.0,1.0,27.0,0.355,0.44,25.0,0,2.0,,88.0,2,0,1.0,1.0,,30.897777777777776,30.862000000000002
2001,PL,北海道日本ハムファイターズ,81383882,黒木　詢士,J.Kuroki,1.0,0.0,0.0,0.0,0.0,0.0,0.0,0.0,0.0,0.0,0.0,0,0.0,0.0,0.0,0,0.0,0.0,0.0,,,,0.0,0.0,0.0,0.0,,nan,nan,nan,nan,0.0,0.0,nan,nan,,0.0,0.0,0.0,1.0,0.0,0.0,0.0,0.0,0.0,0.0,,,0.0,0,0.0,,0.0,0.0,0,0.0,0.0,,nan,0.0
2001,PL,千葉ロッテマリーンズ,81383888,川井　貴志,T.Kawai,25.0,0.0,0.0,0.0,0.0,0.0,0.0,0.0,0.0,0.0,0.0,0,0.0,0.0,0.0,0,0.0,0.0,0.0,,,,0.0,0.0,0.0,0.0,,nan,nan,nan,nan,0.0,0.0,nan,nan,,0.0,0.0,0.0,25.0,0.0,0.0,0.0,0.0,0.0,0.0,,,0.0,0,0.0,,0.0,0.0,0,0.0,0.0,,nan,0.0
2001,PL,千葉ロッテマリーンズ,81483886,渡辺　正人,M.Watanabe,21.0,38.0,31.0,3.0,7.0,0.0,0.0,0.0,7.0,3.0,0,1,4.0,0.0,3.0,0,0.0,8.0,0.0,0.226,0.294,0.226,0.52,7.0,0.0,0.06799999999999998,0.294,7.894736842105263,21.052631578947366,0.375,0.30434782608695654,0.1888,369.3333333333333,0.12903225806451613,0.4583333333333333,0.226,7.0,0.0,3.0,21.0,38.0,31.0,7.0,0.0,0.0,3.0,0.294,0.226,3.0,0,0.0,,7.0,0,1,4.0,0.0,,2.0588235294117645,2.3179999999999996
2001,PL,千葉ロッテマリーンズ,81483887,和田　孝志,T.Wada,38.0,0.0,0.0,0.0,0.0,0.0,0.0,0.0,0.0,0.0,0.0,0,0.0,0.0,0.0,0,0.0,0.0,0.0,,,,0.0,0.0,0.0,0.0,,nan,nan,nan,nan,0.0,0.0,nan,nan,,0.0,0.0,0.0,38.0,0.0,0.0,0.0,0.0,0.0,0.0,,,0.0,0,0.0,,0.0,0.0,0,0.0,0.0,,nan,0.0
2001,PL,近鉄バファローズ,81485113,山本　省吾,S.Yamamoto,7.0,0.0,0.0,0.0,0.0,0.0,0.0,0.0,0.0,0.0,0.0,0,0.0,0.0,0.0,0,0.0,0.0,0.0,,,,0.0,0.0,0.0,0.0,,nan,nan,nan,nan,0.0,0.0,nan,nan,,0.0,0.0,0.0,7.0,0.0,0.0,0.0,0.0,0.0,0.0,,,0.0,0,0.0,,0.0,0.0,0,0.0,0.0,,nan,0.0
2001,PL,北海道日本ハムファイターズ,81583880,島田　一輝,K.Shimada,58.0,177.0,166.0,15.0,36.0,3.0,0.0,4.0,51.0,16.0,0,2,3.0,1.0,6.0,0,1.0,27.0,2.0,0.217,0.247,0.307,0.554,29.0,0.09,0.03,0.3369999999999999,3.389830508474576,15.254237288135593,0.2222222222222222,0.23529411764705882,0.1879,349.3333333333333,0.13855421686746988,0.45454545454545453,0.217,36.0,4.0,16.0,58.0,177.0,166.0,29.0,3.0,0.0,15.0,0.247,0.307,6.0,0,1.0,,51.0,0,2,3.0,1.0,,12.453488372093023,12.35
2001,PL,埼玉西武ライオンズ,81783880,富岡　久貴,H.Tomioka,1.0,0.0,0.0,0.0,0.0,0.0,0.0,0.0,0.0,0.0,0.0,0,0.0,0.0,0.0,0,0.0,0.0,0.0,,,,0.0,0.0,0.0,0.0,,nan,nan,nan,nan,0.0,0.0,nan,nan,,0.0,0.0,0.0,1.0,0.0,0.0,0.0,0.0,0.0,0.0,,,0.0,0,0.0,,0.0,0.0,0,0.0,0.0,,nan,0.0
2001,PL,オリックスブルーウェーブ,81785113,庄司　大介,D.Shouji,1.0,1.0,0.0,0.0,0.0,0.0,0.0,0.0,0.0,0.0,0.0,0,0.0,0.0,1.0,0,0.0,0.0,0.0,,1.0,,1.0,0.0,0.0,1.0,,100.0,0.0,nan,nan,0.45,1000.0,nan,nan,,0.0,0.0,0.0,1.0,1.0,0.0,0.0,0.0,0.0,0.0,1.0,,1.0,0,0.0,,0.0,0.0,0,0.0,0.0,,0.0,0.33
2001,PL,埼玉西武ライオンズ,81883883,水尾　嘉孝,Y.Mizuo,48.0,0.0,0.0,0.0,0.0,0.0,0.0,0.0,0.0,0.0,0.0,0,0.0,0.0,0.0,0,0.0,0.0,0.0,,,,0.0,0.0,0.0,0.0,,nan,nan,nan,nan,0.0,0.0,nan,nan,,0.0,0.0,0.0,48.0,0.0,0.0,0.0,0.0,0.0,0.0,,,0.0,0,0.0,,0.0,0.0,0,0.0,0.0,,nan,0.0
2001,PL,福岡ソフトバンクホークス,81885113,P.バルデス,P.Valdes,137.0,611.0,526.0,95.0,163.0,31.0,0.0,21.0,257.0,81.0,1.0,1,2.0,6.0,77.0,0,0.0,85.0,13.0,0.31,0.394,0.489,0.883,111.0,0.179,0.08400000000000002,0.573,12.60229132569558,13.911620294599016,0.9058823529411765,0.3333333333333333,0.29955,557.0,0.3269961977186312,0.8909574468085106,0.31,163.0,21.0,81.0,137.0,611.0,526.0,111.0,31.0,0.0,95.0,0.394,0.489,77.0,0,0.0,,257.0,1.0,1,2.0,6.0,,102.28855721393035,98.07600000000001
2001,PL,福岡ソフトバンクホークス,81983880,本間　満,M.Honma,29.0,59.0,56.0,9.0,11.0,1.0,1.0,2.0,20.0,6.0,0.0,0,2.0,0.0,1.0,0,0.0,14.0,2.0,0.196,0.211,0.357,0.568,7.0,0.16099999999999998,0.014999999999999986,0.372,1.694915254237288,23.728813559322035,0.07142857142857142,0.225,0.18419999999999997,329.99999999999994,0.17857142857142858,0.44680851063829785,0.196,11.0,2.0,6.0,29.0,59.0,56.0,7.0,1.0,1.0,9.0,0.211,0.357,1.0,0,0.0,,20.0,0.0,0,2.0,0.0,,4.2105263157894735,4.0600000000000005
2001,PL,オリックスブルーウェーブ,81983882,日高　剛,T.Hidaka,129.0,420.0,376.0,33.0,93.0,15.0,3.0,8.0,138.0,37.0,1,2,16.0,2.0,22.0,0,4.0,63.0,6.0,0.247,0.295,0.367,0.6619999999999999,67.0,0.12,0.04799999999999999,0.415,5.238095238095238,15.0,0.3492063492063492,0.2768729641693811,0.2245,417.3333333333333,0.18351063829787234,0.5743944636678201,0.247,93.0,8.0,37.0,129.0,420.0,376.0,67.0,15.0,3.0,33.0,0.295,0.367,22.0,0,4.0,,138.0,1,2,16.0,2.0,,39.87437185929648,40.145999999999994
2001,PL,北海道日本ハムファイターズ,81983883,奈良原　浩,H.Narahara,124.0,399.0,334.0,32.0,79.0,19.0,3.0,4.0,116.0,19.0,27,5,31.0,1.0,33.0,0,0.0,59.0,5.0,0.237,0.304,0.347,0.651,53.0,0.10999999999999999,0.067,0.414,8.270676691729323,14.786967418546364,0.559322033898305,0.2757352941176471,0.22355,419.66666666666663,0.2245508982035928,0.5923076923076923,0.237,79.0,4.0,19.0,124.0,399.0,334.0,53.0,19.0,3.0,32.0,0.304,0.347,33.0,0,0.0,,116.0,27,5,31.0,1.0,,35.40054495912806,35.85999999999999
2001,PL,近鉄バファローズ,81983884,中濱　裕之,H.Nakahama,2.0,3.0,3.0,0.0,1.0,1.0,0.0,0.0,2.0,0.0,0.0,0,0.0,0.0,0.0,0,0.0,0.0,0.0,0.333,0.333,0.667,1.0,0.0,0.334,0.0,0.667,0.0,0.0,nan,0.3333333333333333,0.3166,555.3333333333334,0.3333333333333333,1.0,0.333,1.0,0.0,0.0,2.0,3.0,3.0,0.0,1.0,0.0,0.0,0.333,0.667,0.0,0,0.0,,2.0,0.0,0,0.0,0.0,,0.6666666666666666,0.524
2001,PL,埼玉西武ライオンズ,81983889,松井　稼頭央,K.Matsui,140.0,613.0,552.0,94.0,170.0,28.0,2.0,24.0,274.0,76.0,26,0,4.0,5.0,46.0,0,6.0,83.0,13.0,0.308,0.365,0.496,0.861,116.0,0.188,0.056999999999999995,0.5529999999999999,7.504078303425775,13.539967373572596,0.5542168674698795,0.3244444444444444,0.28825,530.3333333333334,0.2717391304347826,0.8253164556962025,0.308,170.0,24.0,76.0,140.0,613.0,552.0,116.0,28.0,2.0,94.0,0.365,0.496,46.0,0,6.0,,274.0,26,0,4.0,5.0,,98.96989966555184,94.524
2001,PL,オリックスブルーウェーブ,83185113,J.ビティエロ,J.Vitiello,126.0,462.0,407.0,52.0,112.0,21.0,0.0,22.0,199.0,83.0,0.0,0,0.0,5.0,36.0,0,14.0,125.0,8.0,0.275,0.351,0.489,0.84,69.0,0.21399999999999997,0.07599999999999996,0.565,7.792207792207792,27.056277056277057,0.288,0.33962264150943394,0.2802,514.0,0.3022113022113022,0.8217821782178217,0.275,112.0,22.0,83.0,126.0,462.0,407.0,69.0,21.0,0.0,52.0,0.351,0.489,36.0,0,14.0,,199.0,0.0,0,0.0,5.0,,66.48306997742664,68.89
2001,PL,千葉ロッテマリーンズ,83385113,B.シコースキー,B.Sikorski,12.0,0.0,0.0,0.0,0.0,0.0,0.0,0.0,0.0,0.0,0.0,0,0.0,0.0,0.0,0,0.0,0.0,0.0,,,,0.0,0.0,0.0,0.0,,nan,nan,nan,nan,0.0,0.0,nan,nan,,0.0,0.0,0.0,12.0,0.0,0.0,0.0,0.0,0.0,0.0,,,0.0,0,0.0,,0.0,0.0,0,0.0,0.0,,nan,0.0
2001,PL,福岡ソフトバンクホークス,91093881,田之上　慶三郎,K.Tanoue,29.0,0.0,0.0,0.0,0.0,0.0,0.0,0.0,0.0,0.0,0.0,0,0.0,0.0,0.0,0,0.0,0.0,0.0,,,,0.0,0.0,0.0,0.0,,nan,nan,nan,nan,0.0,0.0,nan,nan,,0.0,0.0,0.0,29.0,0.0,0.0,0.0,0.0,0.0,0.0,,,0.0,0,0.0,,0.0,0.0,0,0.0,0.0,,nan,0.0
2001,PL,近鉄バファローズ,91093888,藤﨑　紘範,H.Fujisaki,7.0,0.0,0.0,0.0,0.0,0.0,0.0,0.0,0.0,0.0,0.0,0,0.0,0.0,0.0,0,0.0,0.0,0.0,,,,0.0,0.0,0.0,0.0,,nan,nan,nan,nan,0.0,0.0,nan,nan,,0.0,0.0,0.0,7.0,0.0,0.0,0.0,0.0,0.0,0.0,,,0.0,0,0.0,,0.0,0.0,0,0.0,0.0,,nan,0.0
2001,PL,千葉ロッテマリーンズ,91093889,諸積　兼司,K.Morozumi,67.0,165.0,141.0,16.0,25.0,2.0,1.0,0.0,29.0,5.0,3,2,10.0,0.0,14.0,0,0.0,23.0,1.0,0.177,0.252,0.206,0.45799999999999996,22.0,0.028999999999999998,0.07500000000000001,0.281,8.484848484848486,13.939393939393941,0.6086956521739131,0.211864406779661,0.1649,320.66666666666663,0.14184397163120568,0.38461538461538464,0.177,25.0,0.0,5.0,67.0,165.0,141.0,22.0,2.0,1.0,16.0,0.252,0.206,14.0,0,0.0,,29.0,3,2,10.0,0.0,,7.296774193548387,7.0920000000000005
2001,PL,北海道日本ハムファイターズ,91293881,野口　寿浩,T.Noguchi,99.0,298.0,275.0,20.0,63.0,13.0,2.0,6.0,98.0,36.0,2,3,6.0,1.0,14.0,0,2.0,46.0,5.0,0.229,0.271,0.356,0.627,42.0,0.12699999999999997,0.04200000000000001,0.398,4.697986577181208,15.436241610738255,0.30434782608695654,0.2544642857142857,0.21095000000000003,389.6666666666667,0.1890909090909091,0.5391705069124424,0.229,63.0,6.0,36.0,99.0,298.0,275.0,42.0,13.0,2.0,20.0,0.271,0.356,14.0,0,2.0,,98.0,2,3,6.0,1.0,,26.110726643598618,26.124
2001,PL,北海道日本ハムファイターズ,91293883,石本　努,T.Ishimoto,51.0,143.0,122.0,18.0,30.0,2.0,1.0,0.0,34.0,3.0,9,3,9.0,1.0,10.0,0,1.0,30.0,0.0,0.246,0.306,0.279,0.585,27.0,0.03300000000000003,0.06,0.339,6.993006993006993,20.97902097902098,0.3333333333333333,0.3225806451612903,0.20745,399.0,0.13934426229508196,0.5217391304347826,0.246,30.0,0.0,3.0,51.0,143.0,122.0,27.0,2.0,1.0,18.0,0.306,0.279,10.0,0,1.0,,34.0,9,3,9.0,1.0,,10.303030303030303,11.133999999999999
2001,PL,埼玉西武ライオンズ,91293884,森　慎二,S.Mori,28.0,0.0,0.0,0.0,0.0,0.0,0.0,0.0,0.0,0.0,0.0,0,0.0,0.0,0.0,0,0.0,0.0,0.0,,,,0.0,0.0,0.0,0.0,,nan,nan,nan,nan,0.0,0.0,nan,nan,,0.0,0.0,0.0,28.0,0.0,0.0,0.0,0.0,0.0,0.0,,,0.0,0,0.0,,0.0,0.0,0,0.0,0.0,,nan,0.0
2001,PL,近鉄バファローズ,91293885,萩原　誠,M.Hagiwara,5.0,5.0,5.0,0.0,1.0,0.0,0.0,0.0,1.0,0.0,0.0,0,0.0,0.0,0.0,0,0.0,1.0,0.0,0.2,0.2,0.2,0.4,1.0,0.0,0.0,0.2,0.0,20.0,0.0,0.25,0.14,266.6666666666667,0.0,0.25,0.2,1.0,0.0,0.0,5.0,5.0,5.0,1.0,0.0,0.0,0.0,0.2,0.2,0.0,0,0.0,,1.0,0.0,0,0.0,0.0,,0.2,0.10799999999999998
2001,PL,福岡ソフトバンクホークス,91293888,水田　章雄,A.Mizuta,2.0,0.0,0.0,0.0,0.0,0.0,0.0,0.0,0.0,0.0,0.0,0,0.0,0.0,0.0,0,0.0,0.0,0.0,,,,0.0,0.0,0.0,0.0,,nan,nan,nan,nan,0.0,0.0,nan,nan,,0.0,0.0,0.0,2.0,0.0,0.0,0.0,0.0,0.0,0.0,,,0.0,0,0.0,,0.0,0.0,0,0.0,0.0,,nan,0.0
2001,PL,近鉄バファローズ,91393880,憲史,K.Kenshi（kawaguchi,124.0,421.0,358.0,45.0,113.0,21.0,3.0,21.0,203.0,72.0,0,1,1.0,2.0,55.0,0,5.0,61.0,7.0,0.316,0.412,0.567,0.9789999999999999,68.0,0.25099999999999995,0.09599999999999997,0.6629999999999999,13.064133016627078,14.489311163895488,0.9016393442622951,0.33093525179856115,0.32714999999999994,601.0,0.40782122905027934,1.0476190476190477,0.316,113.0,21.0,72.0,124.0,421.0,358.0,68.0,21.0,3.0,45.0,0.412,0.567,55.0,0,5.0,,203.0,0,1,1.0,2.0,,82.57627118644068,78.44999999999999
2001,PL,近鉄バファローズ,91393884,大塚　晶則,A.Ootsuka,48.0,0.0,0.0,0.0,0.0,0.0,0.0,0.0,0.0,0.0,0.0,0,0.0,0.0,0.0,0,0.0,0.0,0.0,,,,0.0,0.0,0.0,0.0,,nan,nan,nan,nan,0.0,0.0,nan,nan,,0.0,0.0,0.0,48.0,0.0,0.0,0.0,0.0,0.0,0.0,,,0.0,0,0.0,,0.0,0.0,0,0.0,0.0,,nan,0.0
2001,PL,オリックスブルーウェーブ,91393887,金田　政彦,M.Kaneda,19.0,0.0,0.0,0.0,0.0,0.0,0.0,0.0,0.0,0.0,0.0,0,0.0,0.0,0.0,0,0.0,0.0,0.0,,,,0.0,0.0,0.0,0.0,,nan,nan,nan,nan,0.0,0.0,nan,nan,,0.0,0.0,0.0,19.0,0.0,0.0,0.0,0.0,0.0,0.0,,,0.0,0,0.0,,0.0,0.0,0,0.0,0.0,,nan,0.0
2001,PL,福岡ソフトバンクホークス,91493883,坊西　浩嗣,K.Bounishi,40.0,74.0,63.0,2.0,12.0,0.0,0.0,0.0,12.0,5.0,0.0,0,2.0,0.0,6.0,0,3.0,10.0,1.0,0.19,0.292,0.19,0.482,12.0,0.0,0.10199999999999998,0.292,8.108108108108109,13.513513513513514,0.6,0.22641509433962265,0.1789,355.3333333333333,0.09523809523809523,0.40384615384615385,0.19,12.0,0.0,5.0,40.0,74.0,63.0,12.0,0.0,0.0,2.0,0.292,0.19,6.0,0,3.0,,12.0,0.0,0,2.0,0.0,,3.130434782608696,3.9720000000000004
2001,PL,福岡ソフトバンクホークス,91493888,吉本　亮,R.Yoshimoto,2.0,3.0,3.0,1.0,1.0,0.0,0.0,0.0,1.0,0.0,0.0,0,0.0,0.0,0.0,0,0.0,1.0,0.0,0.333,0.333,0.333,0.666,1.0,0.0,0.0,0.333,0.0,33.33333333333333,0.0,0.5,0.23310000000000003,444.0,0.0,0.5,0.333,1.0,0.0,0.0,2.0,3.0,3.0,1.0,0.0,0.0,1.0,0.333,0.333,0.0,0,0.0,,1.0,0.0,0,0.0,0.0,,0.3333333333333333,0.304
2001,PL,北海道日本ハムファイターズ,91495111,吉崎　勝,M.Yoshizaki,10.0,0.0,0.0,0.0,0.0,0.0,0.0,0.0,0.0,0.0,0.0,0,0.0,0.0,0.0,0,0.0,0.0,0.0,,,,0.0,0.0,0.0,0.0,,nan,nan,nan,nan,0.0,0.0,nan,nan,,0.0,0.0,0.0,10.0,0.0,0.0,0.0,0.0,0.0,0.0,,,0.0,0,0.0,,0.0,0.0,0,0.0,0.0,,nan,0.0
2001,PL,オリックスブルーウェーブ,91593866,進藤　達哉,T.Shindou,115.0,342.0,302.0,40.0,73.0,17.0,0.0,9.0,117.0,40.0,0,2,3.0,1.0,35.0,0,1.0,65.0,4.0,0.242,0.322,0.387,0.7090000000000001,47.0,0.14500000000000002,0.08000000000000002,0.467,10.23391812865497,19.005847953216374,0.5384615384615384,0.2794759825327511,0.24165,451.0,0.2682119205298013,0.6652360515021459,0.242,73.0,9.0,40.0,115.0,342.0,302.0,47.0,17.0,0.0,40.0,0.322,0.387,35.0,0,1.0,,117.0,0,2,3.0,1.0,,37.49554896142433,38.498000000000005
2001,PL,福岡ソフトバンクホークス,91593884,倉野　信次,S.Kurano,34.0,0.0,0.0,0.0,0.0,0.0,0.0,0.0,0.0,0.0,0.0,0,0.0,0.0,0.0,0,0.0,0.0,0.0,,,,0.0,0.0,0.0,0.0,,nan,nan,nan,nan,0.0,0.0,nan,nan,,0.0,0.0,0.0,34.0,0.0,0.0,0.0,0.0,0.0,0.0,,,0.0,0,0.0,,0.0,0.0,0,0.0,0.0,,nan,0.0
2001,PL,近鉄バファローズ,91693882,T.ローズ,T.Rhodes,140.0,643.0,550.0,137.0,180.0,19.0,0.0,55.0,364.0,131.0,9,2,0.0,2.0,83.0,0,8.0,140.0,14.0,0.327,0.421,0.662,1.083,106.0,0.335,0.09399999999999997,0.756,12.908242612752721,21.77293934681182,0.5928571428571429,0.35014005602240894,0.35495,641.6666666666666,0.4890909090909091,1.1901041666666667,0.327,180.0,55.0,131.0,140.0,643.0,550.0,106.0,19.0,0.0,137.0,0.421,0.662,83.0,0,8.0,,364.0,9,2,0.0,2.0,,151.23538704581358,140.01000000000002
2001,PL,埼玉西武ライオンズ,91793864,中嶋　聡,S.Nakajima,65.0,154.0,123.0,7.0,25.0,6.0,0.0,1.0,34.0,14.0,0,1,15.0,2.0,14.0,0,0.0,34.0,4.0,0.203,0.281,0.276,0.557,18.0,0.07300000000000001,0.07800000000000001,0.354,9.090909090909092,22.07792207792208,0.4117647058823529,0.26666666666666666,0.19545,373.00000000000006,0.1951219512195122,0.4803921568627451,0.203,25.0,1.0,14.0,65.0,154.0,123.0,18.0,6.0,0.0,7.0,0.281,0.276,14.0,0,0.0,,34.0,0,1,15.0,2.0,,9.678832116788321,9.955999999999998
2001,PL,北海道日本ハムファイターズ,91793868,芝草　宇宙,H.Shibakusa,56.0,0.0,0.0,0.0,0.0,0.0,0.0,0.0,0.0,0.0,0.0,0,0.0,0.0,0.0,0,0.0,0.0,0.0,,,,0.0,0.0,0.0,0.0,,nan,nan,nan,nan,0.0,0.0,nan,nan,,0.0,0.0,0.0,56.0,0.0,0.0,0.0,0.0,0.0,0.0,,,0.0,0,0.0,,0.0,0.0,0,0.0,0.0,,nan,0.0
2001,PL,福岡ソフトバンクホークス,91793884,柴原　洋,H.Shibahara,139.0,644.0,587.0,95.0,177.0,35.0,2.0,7.0,237.0,49.0,8,7,6.0,4.0,46.0,0,1.0,102.0,4.0,0.302,0.351,0.404,0.755,133.0,0.10200000000000004,0.04899999999999999,0.453,7.142857142857142,15.838509316770185,0.45098039215686275,0.35269709543568467,0.25895,485.6666666666667,0.19250425894378195,0.7028985507246377,0.302,177.0,7.0,49.0,139.0,644.0,587.0,133.0,35.0,2.0,95.0,0.351,0.404,46.0,0,1.0,,237.0,8,7,6.0,4.0,,83.49289099526067,80.45000000000002
2001,PL,近鉄バファローズ,91795111,鷹野　史寿,F.Takano,68.0,135.0,108.0,24.0,33.0,4.0,0.0,6.0,55.0,20.0,0.0,0,1.0,0.0,17.0,0,9.0,24.0,4.0,0.306,0.44,0.509,0.9490000000000001,23.0,0.203,0.134,0.643,12.592592592592592,17.77777777777778,0.7083333333333334,0.34615384615384615,0.32525000000000004,609.6666666666667,0.3611111111111111,1.0253164556962024,0.306,33.0,6.0,20.0,68.0,135.0,108.0,23.0,4.0,0.0,24.0,0.44,0.509,17.0,0,9.0,,55.0,0.0,0,1.0,0.0,,22.0,24.25
2001,PL,オリックスブルーウェーブ,91895111,カルロス,C.Pulido,11.0,0.0,0.0,0.0,0.0,0.0,0.0,0.0,0.0,0.0,0.0,0,0.0,0.0,0.0,0,0.0,0.0,0.0,,,,0.0,0.0,0.0,0.0,,nan,nan,nan,nan,0.0,0.0,nan,nan,,0.0,0.0,0.0,11.0,0.0,0.0,0.0,0.0,0.0,0.0,,,0.0,0,0.0,,0.0,0.0,0,0.0,0.0,,nan,0.0
2001,PL,千葉ロッテマリーンズ,91993880,橋本　将,T.Hashimoto,47.0,111.0,95.0,12.0,26.0,8.0,1.0,3.0,45.0,12.0,0.0,0,3.0,0.0,12.0,0,1.0,20.0,2.0,0.274,0.361,0.474,0.835,14.0,0.19999999999999996,0.08699999999999997,0.5609999999999999,10.81081081081081,18.01801801801802,0.6,0.3194444444444444,0.28095000000000003,519.0,0.3263157894736842,0.8169014084507042,0.274,26.0,3.0,12.0,47.0,111.0,95.0,14.0,8.0,1.0,12.0,0.361,0.474,12.0,0,1.0,,45.0,0.0,0,3.0,0.0,,15.981308411214954,15.648
2001,PL,千葉ロッテマリーンズ,91993882,早川　健一郎,K.Hayakawa,6.0,6.0,6.0,1.0,1.0,0.0,0.0,1.0,4.0,2.0,0.0,0,0.0,0.0,0.0,0,0.0,2.0,0.0,0.167,0.167,0.667,0.8340000000000001,0.0,0.5,0.0,0.667,0.0,33.33333333333333,0.0,0.0,0.2419,389.33333333333337,0.5,0.8,0.167,1.0,1.0,2.0,6.0,6.0,6.0,0.0,0.0,0.0,1.0,0.167,0.667,0.0,0,0.0,,4.0,0.0,0,0.0,0.0,,0.6666666666666666,0.95
2001,PL,オリックスブルーウェーブ,91993884,谷　佳知,Y.Tani,136.0,619.0,547.0,99.0,178.0,52.0,3.0,13.0,275.0,79.0,27,7,1.0,3.0,65.0,0,3.0,49.0,15.0,0.325,0.398,0.503,0.901,110.0,0.178,0.07300000000000001,0.5760000000000001,10.500807754442649,7.915993537964459,1.3265306122448979,0.33811475409836067,0.30485,565.6666666666666,0.30895795246800734,0.9114583333333334,0.325,178.0,13.0,79.0,136.0,619.0,547.0,110.0,52.0,3.0,99.0,0.398,0.503,65.0,0,3.0,,275.0,27,7,1.0,3.0,,109.19117647058823,101.81799999999998
2001,PL,近鉄バファローズ,91993885,髙村　祐,H.Takamura,21.0,0.0,0.0,0.0,0.0,0.0,0.0,0.0,0.0,0.0,0.0,0,0.0,0.0,0.0,0,0.0,0.0,0.0,,,,0.0,0.0,0.0,0.0,,nan,nan,nan,nan,0.0,0.0,nan,nan,,0.0,0.0,0.0,21.0,0.0,0.0,0.0,0.0,0.0,0.0,,,0.0,0,0.0,,0.0,0.0,0,0.0,0.0,,nan,0.0
2001,PL,オリックスブルーウェーブ,91993888,徳元　敏,S.Tokumoto,4.0,0.0,0.0,0.0,0.0,0.0,0.0,0.0,0.0,0.0,0.0,0,0.0,0.0,0.0,0,0.0,0.0,0.0,,,,0.0,0.0,0.0,0.0,,nan,nan,nan,nan,0.0,0.0,nan,nan,,0.0,0.0,0.0,4.0,0.0,0.0,0.0,0.0,0.0,0.0,,,0.0,0,0.0,,0.0,0.0,0,0.0,0.0,,nan,0.0
2001,PL,埼玉西武ライオンズ,91993889,平尾　博嗣,H.Hirao,4.0,10.0,9.0,0.0,2.0,0.0,0.0,0.0,2.0,1.0,0.0,0,0.0,0.0,0.0,0,1.0,3.0,1.0,0.222,0.3,0.222,0.522,2.0,0.0,0.07799999999999999,0.3,0.0,30.0,0.0,0.3333333333333333,0.1905,374.0,0.0,0.375,0.222,2.0,0.0,1.0,4.0,10.0,9.0,2.0,0.0,0.0,0.0,0.3,0.222,0.0,0,1.0,,2.0,0.0,0,0.0,0.0,,0.4444444444444444,0.644
2001,PL,千葉ロッテマリーンズ,91995111,戸部　浩,H.Tobe,4.0,0.0,0.0,0.0,0.0,0.0,0.0,0.0,0.0,0.0,0.0,0,0.0,0.0,0.0,0,0.0,0.0,0.0,,,,0.0,0.0,0.0,0.0,,nan,nan,nan,nan,0.0,0.0,nan,nan,,0.0,0.0,0.0,4.0,0.0,0.0,0.0,0.0,0.0,0.0,,,0.0,0,0.0,,0.0,0.0,0,0.0,0.0,,nan,0.0
2001,PL,北海道日本ハムファイターズ,93193888,S.オバンドー,S.Obando,52.0,225.0,201.0,29.0,52.0,7.0,0.0,15.0,104.0,51.0,0,3,0.0,2.0,19.0,0,3.0,38.0,1.0,0.259,0.329,0.517,0.8460000000000001,30.0,0.258,0.07,0.587,8.444444444444445,16.88888888888889,0.5,0.24666666666666667,0.2773,501.3333333333334,0.3681592039800995,0.86,0.259,52.0,15.0,51.0,52.0,225.0,201.0,30.0,7.0,0.0,29.0,0.329,0.517,19.0,0,3.0,,104.0,0,3,0.0,2.0,,33.56363636363636,34.837999999999994
2001,PL,埼玉西武ライオンズ,93195113,S.マクレーン,S.Mcclain,135.0,566.0,481.0,77.0,119.0,28.0,0.0,39.0,264.0,87.0,3.0,3,0.0,4.0,78.0,0,3.0,142.0,12.0,0.247,0.353,0.549,0.902,52.0,0.30200000000000005,0.10599999999999998,0.655,13.780918727915195,25.08833922261484,0.5492957746478874,0.2631578947368421,0.29610000000000003,536.0,0.4698544698544699,0.93048128342246,0.247,119.0,39.0,87.0,135.0,566.0,481.0,52.0,28.0,0.0,77.0,0.353,0.549,78.0,0,3.0,,264.0,3.0,3,0.0,4.0,,93.03756708407872,94.11399999999998
2001,PL,福岡ソフトバンクホークス,93993868,大道　典嘉,N.Oomichi,104.0,335.0,302.0,35.0,98.0,20.0,0.0,5.0,133.0,36.0,0,3,6.0,2.0,24.0,0,1.0,36.0,4.0,0.325,0.374,0.44,0.8140000000000001,73.0,0.11499999999999999,0.04899999999999999,0.489,7.164179104477612,10.746268656716417,0.6666666666666666,0.35361216730038025,0.2783,520.6666666666666,0.2052980132450331,0.7740384615384616,0.325,98.0,5.0,36.0,104.0,335.0,302.0,73.0,20.0,0.0,35.0,0.374,0.44,24.0,0,1.0,,133.0,0,3,6.0,2.0,,49.77300613496933,46.897999999999996
