year,league,team,player_id,player_name_ja,player_name_en,G,PA,AB,R,H,2B,3B,HR,TB,RBI,SB,CS,SH,SF,BB,IBB,HBP,SO,GDP,AVG,OBP,SLG,OPS,1B,IsoP,IsoD,IOPS,BB%,K%,BB/K,BABIP,GPA,NOI,SecA,TA,打率,安打,本塁打,打点,試合,打席,打数,単打,二塁打,三塁打,得点,出塁率,長打率,四球,敬遠,死球,三振,塁打,盗塁,盗塁死,犠打,犠飛,併殺打,RC,XR
2007,CL,横浜DeNAベイスターズ,1003888,古木　克明,K.Furuki,72.0,168.0,158.0,13.0,39.0,11.0,1.0,4.0,64.0,14.0,1,2,1.0,2.0,6.0,0,1.0,43.0,0.0,0.247,0.275,0.405,0.68,23.0,0.15800000000000003,0.028000000000000025,0.433,3.571428571428571,25.595238095238095,0.13953488372093023,0.30973451327433627,0.22500000000000003,410.00000000000006,0.2088607594936709,0.6134453781512605,0.247,39.0,4.0,14.0,72.0,168.0,158.0,23.0,11.0,1.0,13.0,0.275,0.405,6.0,0,1.0,,64.0,1,2,1.0,2.0,,17.5609756097561,17.227999999999994
2007,CL,横浜DeNAベイスターズ,1005114,高崎　健太郎,K.Takasaki,10.0,10.0,7.0,1.0,1.0,0.0,0.0,0.0,1.0,1.0,0.0,0,3.0,0.0,0.0,0,0.0,3.0,0.0,0.143,0.143,0.143,0.286,1.0,0.0,0.0,0.143,0.0,30.0,0.0,0.25,0.1001,190.66666666666666,0.0,0.16666666666666666,0.143,1.0,0.0,1.0,10.0,10.0,7.0,1.0,0.0,0.0,1.0,0.143,0.143,0.0,0,0.0,,1.0,0.0,0,3.0,0.0,,0.14285714285714285,-0.08800000000000008
2007,CL,東京ヤクルトスワローズ,1005117,雄平,Y.Yuuhei（takai,52.0,2.0,1.0,0.0,0.0,0.0,0.0,0.0,0.0,0.0,0.0,0,1.0,0.0,0.0,0,0.0,0.0,0.0,0.0,0.0,0.0,0.0,0.0,0.0,0.0,0.0,0.0,0.0,nan,0.0,0.0,0.0,0.0,0.0,0.0,0.0,0.0,0.0,52.0,2.0,1.0,0.0,0.0,0.0,0.0,0.0,0.0,0.0,0,0.0,,0.0,0.0,0,1.0,0.0,,0.0,-0.098
2007,CL,阪神タイガース,11013884,濱中　治,O.Hamanaka,62.0,155.0,145.0,12.0,28.0,6.0,0.0,6.0,52.0,14.0,1.0,1,0.0,1.0,8.0,0,1.0,28.0,6.0,0.193,0.239,0.359,0.598,16.0,0.16599999999999998,0.045999999999999985,0.4049999999999999,5.161290322580645,18.064516129032256,0.2857142857142857,0.19642857142857142,0.19729999999999998,358.66666666666663,0.22758620689655173,0.5040650406504065,0.193,28.0,6.0,14.0,62.0,155.0,145.0,16.0,6.0,0.0,12.0,0.239,0.359,8.0,0,1.0,,52.0,1.0,1,0.0,1.0,,12.235294117647058,12.643999999999998
2007,CL,横浜DeNAベイスターズ,11015112,高宮　和也,K.Takamiya,22.0,2.0,1.0,1.0,1.0,0.0,0.0,0.0,1.0,1.0,0.0,0,1.0,0.0,0.0,0,0.0,0.0,0.0,1.0,1.0,1.0,2.0,1.0,0.0,0.0,1.0,0.0,0.0,nan,1.0,0.7,1333.3333333333333,0.0,nan,1.0,1.0,0.0,1.0,22.0,2.0,1.0,1.0,0.0,0.0,1.0,1.0,1.0,0.0,0,0.0,,1.0,0.0,0,1.0,0.0,,1.0,0.5
2007,CL,広島東洋カープ,1103888,新井　貴浩,T.Arai,144.0,619.0,556.0,84.0,161.0,22.0,0.0,28.0,267.0,102.0,1,2,0.0,7.0,55.0,0,1.0,136.0,17.0,0.29,0.351,0.48,0.831,111.0,0.19,0.061,0.5409999999999999,8.88529886914378,21.97092084006462,0.40441176470588236,0.3333333333333333,0.27795000000000003,511.0,0.2931654676258993,0.7888349514563107,0.29,161.0,28.0,102.0,144.0,619.0,556.0,111.0,22.0,0.0,84.0,0.351,0.48,55.0,0,1.0,,267.0,1,2,0.0,7.0,,94.38952536824877,91.78999999999999
2007,CL,中日ドラゴンズ,1105112,新井　良太,R.Arai,29.0,28.0,25.0,5.0,7.0,3.0,0.0,0.0,10.0,2.0,0.0,0,0.0,0.0,2.0,0,1.0,5.0,0.0,0.28,0.357,0.4,0.757,4.0,0.12,0.07699999999999996,0.477,7.142857142857142,17.857142857142858,0.4,0.35,0.26065,490.3333333333333,0.2,0.7222222222222222,0.28,7.0,0.0,2.0,29.0,28.0,25.0,4.0,3.0,0.0,5.0,0.357,0.4,2.0,0,1.0,,10.0,0.0,0,0.0,0.0,,3.3333333333333335,3.386
2007,CL,広島東洋カープ,1105115,天谷　宗一郎,S.Amaya,20.0,39.0,31.0,6.0,8.0,0.0,0.0,1.0,11.0,2.0,2.0,2,2.0,0.0,5.0,0,1.0,7.0,0.0,0.258,0.378,0.355,0.733,7.0,0.09699999999999998,0.12,0.475,12.82051282051282,17.94871794871795,0.7142857142857143,0.30434782608695654,0.25885,496.33333333333337,0.3225806451612903,0.8260869565217391,0.258,8.0,1.0,2.0,20.0,39.0,31.0,7.0,0.0,0.0,6.0,0.378,0.355,5.0,0,1.0,,11.0,2.0,2,2.0,0.0,,3.9722222222222223,5.026
2007,CL,広島東洋カープ,11213880,横山　竜士,R.Yokoyama,60.0,2.0,2.0,0.0,1.0,0.0,0.0,0.0,1.0,0.0,0.0,0,0.0,0.0,0.0,0,0.0,1.0,0.0,0.5,0.5,0.5,1.0,1.0,0.0,0.0,0.5,0.0,50.0,0.0,1.0,0.35,666.6666666666666,0.0,1.0,0.5,1.0,0.0,0.0,60.0,2.0,2.0,1.0,0.0,0.0,0.0,0.5,0.5,0.0,0,0.0,,1.0,0.0,0,0.0,0.0,,0.5,0.402
2007,CL,広島東洋カープ,11213886,林　昌樹,M.Hayashi,57.0,0.0,0.0,0.0,0.0,0.0,0.0,0.0,0.0,0.0,0.0,0,0.0,0.0,0.0,0,0.0,0.0,0.0,,,,0.0,0.0,0.0,0.0,,nan,nan,nan,nan,0.0,0.0,nan,nan,,0.0,0.0,0.0,57.0,0.0,0.0,0.0,0.0,0.0,0.0,,,0.0,0,0.0,,0.0,0.0,0,0.0,0.0,,nan,0.0
2007,CL,読売ジャイアンツ,11213889,吉武　真太郎,S.Yoshitake,16.0,0.0,0.0,0.0,0.0,0.0,0.0,0.0,0.0,0.0,0.0,0,0.0,0.0,0.0,0,0.0,0.0,0.0,,,,0.0,0.0,0.0,0.0,,nan,nan,nan,nan,0.0,0.0,nan,nan,,0.0,0.0,0.0,16.0,0.0,0.0,0.0,0.0,0.0,0.0,,,0.0,0,0.0,,0.0,0.0,0,0.0,0.0,,nan,0.0
2007,CL,阪神タイガース,11215110,橋本　健太郎,K.Hashimoto,46.0,0.0,0.0,0.0,0.0,0.0,0.0,0.0,0.0,0.0,0.0,0,0.0,0.0,0.0,0,0.0,0.0,0.0,,,,0.0,0.0,0.0,0.0,,nan,nan,nan,nan,0.0,0.0,nan,nan,,0.0,0.0,0.0,46.0,0.0,0.0,0.0,0.0,0.0,0.0,,,0.0,0,0.0,,0.0,0.0,0,0.0,0.0,,nan,0.0
2007,CL,広島東洋カープ,11215112,中谷　翼,T.Nakatani,2.0,2.0,2.0,0.0,0.0,0.0,0.0,0.0,0.0,0.0,0.0,0,0.0,0.0,0.0,0,0.0,0.0,1.0,0.0,0.0,0.0,0.0,0.0,0.0,0.0,0.0,0.0,0.0,nan,0.0,0.0,0.0,0.0,0.0,0.0,0.0,0.0,0.0,2.0,2.0,2.0,0.0,0.0,0.0,0.0,0.0,0.0,0.0,0,0.0,,0.0,0.0,0,0.0,0.0,,0.0,-0.196
2007,CL,横浜DeNAベイスターズ,11215115,野中　信吾,S.Nonaka,79.0,140.0,115.0,22.0,29.0,5.0,1.0,1.0,39.0,8.0,15,7,12.0,0.0,10.0,0,3.0,25.0,2.0,0.252,0.328,0.339,0.667,22.0,0.08700000000000002,0.07600000000000001,0.415,7.142857142857142,17.857142857142858,0.4,0.3146067415730337,0.23235,441.0,0.23478260869565218,0.6704545454545454,0.252,29.0,1.0,8.0,79.0,140.0,115.0,22.0,5.0,1.0,22.0,0.328,0.339,10.0,0,3.0,,39.0,15,7,12.0,0.0,,12.168,14.202000000000002
2007,CL,読売ジャイアンツ,11313888,上原　浩治,K.Uehara,55.0,3.0,3.0,0.0,0.0,0.0,0.0,0.0,0.0,0.0,0.0,0,0.0,0.0,0.0,0,0.0,3.0,0.0,0.0,0.0,0.0,0.0,0.0,0.0,0.0,0.0,0.0,100.0,0.0,nan,0.0,0.0,0.0,0.0,0.0,0.0,0.0,0.0,55.0,3.0,3.0,0.0,0.0,0.0,0.0,0.0,0.0,0.0,0,0.0,,0.0,0.0,0,0.0,0.0,,0.0,-0.29400000000000004
2007,CL,東京ヤクルトスワローズ,11315115,石川　雅規,M.Ishikawa,27.0,24.0,22.0,1.0,6.0,0.0,0.0,0.0,6.0,2.0,0.0,0,1.0,0.0,1.0,0,0.0,4.0,0.0,0.273,0.304,0.273,0.577,6.0,0.0,0.030999999999999972,0.304,4.166666666666666,16.666666666666664,0.25,0.3333333333333333,0.20505,395.0,0.045454545454545456,0.4375,0.273,6.0,0.0,2.0,27.0,24.0,22.0,6.0,0.0,0.0,1.0,0.304,0.273,1.0,0,0.0,,6.0,0.0,0,1.0,0.0,,1.826086956521739,1.762
2007,CL,阪神タイガース,11315117,伊代野　貴照,T.Iyono,3.0,0.0,0.0,0.0,0.0,0.0,0.0,0.0,0.0,0.0,0.0,0,0.0,0.0,0.0,0,0.0,0.0,0.0,,,,0.0,0.0,0.0,0.0,,nan,nan,nan,nan,0.0,0.0,nan,nan,,0.0,0.0,0.0,3.0,0.0,0.0,0.0,0.0,0.0,0.0,,,0.0,0,0.0,,0.0,0.0,0,0.0,0.0,,nan,0.0
2007,CL,横浜DeNAベイスターズ,11415111,山北　茂利,S.Yamakita,14.0,0.0,0.0,0.0,0.0,0.0,0.0,0.0,0.0,0.0,0.0,0,0.0,0.0,0.0,0,0.0,0.0,0.0,,,,0.0,0.0,0.0,0.0,,nan,nan,nan,nan,0.0,0.0,nan,nan,,0.0,0.0,0.0,14.0,0.0,0.0,0.0,0.0,0.0,0.0,,,0.0,0,0.0,,0.0,0.0,0,0.0,0.0,,nan,0.0
2007,CL,読売ジャイアンツ,11415112,深田　拓也,T.Fukata,7.0,0.0,0.0,0.0,0.0,0.0,0.0,0.0,0.0,0.0,0.0,0,0.0,0.0,0.0,0,0.0,0.0,0.0,,,,0.0,0.0,0.0,0.0,,nan,nan,nan,nan,0.0,0.0,nan,nan,,0.0,0.0,0.0,7.0,0.0,0.0,0.0,0.0,0.0,0.0,,,0.0,0,0.0,,0.0,0.0,0,0.0,0.0,,nan,0.0
2007,CL,読売ジャイアンツ,11415113,三浦　貴,T.Miura,4.0,1.0,1.0,0.0,0.0,0.0,0.0,0.0,0.0,0.0,0.0,0,0.0,0.0,0.0,0,0.0,0.0,0.0,0.0,0.0,0.0,0.0,0.0,0.0,0.0,0.0,0.0,0.0,nan,0.0,0.0,0.0,0.0,0.0,0.0,0.0,0.0,0.0,4.0,1.0,1.0,0.0,0.0,0.0,0.0,0.0,0.0,0.0,0,0.0,,0.0,0.0,0,0.0,0.0,,0.0,-0.098
2007,CL,東京ヤクルトスワローズ,11415115,福川　将和,M.Fukukawa,86.0,281.0,228.0,28.0,51.0,12.0,0.0,7.0,84.0,29.0,1,2,8.0,0.0,41.0,0,4.0,63.0,5.0,0.224,0.352,0.368,0.72,32.0,0.144,0.12799999999999997,0.496,14.590747330960854,22.419928825622776,0.6507936507936508,0.27848101265822783,0.25039999999999996,474.66666666666663,0.3333333333333333,0.7197802197802198,0.224,51.0,7.0,29.0,86.0,281.0,228.0,32.0,12.0,0.0,28.0,0.352,0.368,41.0,0,4.0,,84.0,1,2,8.0,0.0,,28.728624535315983,32.584
2007,CL,阪神タイガース,11415117,中村　泰広,Y.Nakamura,15.0,3.0,3.0,0.0,0.0,0.0,0.0,0.0,0.0,0.0,0.0,0,0.0,0.0,0.0,0,0.0,1.0,0.0,0.0,0.0,0.0,0.0,0.0,0.0,0.0,0.0,0.0,33.33333333333333,0.0,0.0,0.0,0.0,0.0,0.0,0.0,0.0,0.0,0.0,15.0,3.0,3.0,0.0,0.0,0.0,0.0,0.0,0.0,0.0,0,0.0,,0.0,0.0,0,0.0,0.0,,0.0,-0.29400000000000004
2007,CL,中日ドラゴンズ,11515113,岡本　真或,S.Okamoto,62.0,1.0,0.0,0.0,0.0,0.0,0.0,0.0,0.0,0.0,0.0,0,0.0,0.0,1.0,0,0.0,0.0,0.0,,1.0,,1.0,0.0,0.0,1.0,,100.0,0.0,nan,nan,0.45,1000.0,nan,nan,,0.0,0.0,0.0,62.0,1.0,0.0,0.0,0.0,0.0,0.0,1.0,,1.0,0,0.0,,0.0,0.0,0,0.0,0.0,,0.0,0.33
2007,CL,広島東洋カープ,11515115,大竹　寛,K.Ootake,28.0,45.0,40.0,3.0,6.0,2.0,0.0,0.0,8.0,0.0,0.0,0,5.0,0.0,0.0,0,0.0,15.0,0.0,0.15,0.15,0.2,0.35,4.0,0.05000000000000002,0.0,0.2,0.0,33.33333333333333,0.0,0.24,0.11750000000000001,216.66666666666669,0.05,0.23529411764705882,0.15,6.0,0.0,0.0,28.0,45.0,40.0,4.0,2.0,0.0,3.0,0.15,0.2,0.0,0,0.0,,8.0,0.0,0,5.0,0.0,,1.2,0.10799999999999965
2007,CL,東京ヤクルトスワローズ,11515119,川島　亮,R.Kawashima,11.0,22.0,20.0,0.0,4.0,0.0,0.0,0.0,4.0,2.0,0.0,0,2.0,0.0,0.0,0,0.0,7.0,0.0,0.2,0.2,0.2,0.4,4.0,0.0,0.0,0.2,0.0,31.818181818181817,0.0,0.3076923076923077,0.14,266.6666666666667,0.0,0.25,0.2,4.0,0.0,2.0,11.0,22.0,20.0,4.0,0.0,0.0,0.0,0.2,0.2,0.0,0,0.0,,4.0,0.0,0,2.0,0.0,,0.8,0.43199999999999994
2007,CL,東京ヤクルトスワローズ,11613881,古田　敦也,A.Furuta,10.0,19.0,18.0,2.0,6.0,1.0,0.0,0.0,7.0,0.0,0.0,0,0.0,0.0,1.0,0,0.0,0.0,1.0,0.333,0.368,0.389,0.757,5.0,0.055999999999999994,0.034999999999999976,0.424,5.263157894736842,0.0,nan,0.3333333333333333,0.26285000000000003,497.6666666666667,0.1111111111111111,0.6153846153846154,0.333,6.0,0.0,0.0,10.0,19.0,18.0,5.0,1.0,0.0,2.0,0.368,0.389,1.0,0,0.0,,7.0,0.0,0,0.0,0.0,,2.5789473684210527,2.3739999999999997
2007,CL,東京ヤクルトスワローズ,11615112,松井　光介,K.Matsui,18.0,7.0,7.0,0.0,1.0,0.0,0.0,0.0,1.0,0.0,0.0,0,0.0,0.0,0.0,0,0.0,2.0,0.0,0.143,0.143,0.143,0.286,1.0,0.0,0.0,0.143,0.0,28.57142857142857,0.0,0.2,0.1001,190.66666666666666,0.0,0.16666666666666666,0.143,1.0,0.0,0.0,18.0,7.0,7.0,1.0,0.0,0.0,0.0,0.143,0.143,0.0,0,0.0,,1.0,0.0,0,0.0,0.0,,0.14285714285714285,-0.08800000000000008
2007,CL,中日ドラゴンズ,11615117,森岡　良介,R.Morioka,11.0,11.0,9.0,2.0,1.0,0.0,0.0,1.0,4.0,1.0,1,0,1.0,0.0,1.0,0,0.0,3.0,1.0,0.111,0.2,0.444,0.644,0.0,0.333,0.08900000000000001,0.533,9.090909090909092,27.27272727272727,0.3333333333333333,0.0,0.201,348.0,0.4444444444444444,0.5555555555555556,0.111,1.0,1.0,1.0,11.0,11.0,9.0,0.0,0.0,0.0,2.0,0.2,0.444,1.0,0,0.0,,4.0,1,0,1.0,0.0,,0.8,0.986
2007,CL,東京ヤクルトスワローズ,11713880,城石　憲之,N.Shiroishi,81.0,116.0,109.0,9.0,23.0,4.0,0.0,2.0,33.0,9.0,0.0,0,3.0,0.0,3.0,0,1.0,22.0,2.0,0.211,0.239,0.303,0.542,17.0,0.092,0.027999999999999997,0.3309999999999999,2.586206896551724,18.96551724137931,0.13636363636363635,0.24705882352941178,0.1833,339.99999999999994,0.11926605504587157,0.42045454545454547,0.211,23.0,2.0,9.0,81.0,116.0,109.0,17.0,4.0,0.0,9.0,0.239,0.303,3.0,0,1.0,,33.0,0.0,0,3.0,0.0,,7.660714285714286,7.1519999999999975
2007,CL,広島東洋カープ,11715110,小島　心二郎,S.Kojima,1.0,0.0,0.0,0.0,0.0,0.0,0.0,0.0,0.0,0.0,0.0,0,0.0,0.0,0.0,0,0.0,0.0,0.0,,,,0.0,0.0,0.0,0.0,,nan,nan,nan,nan,0.0,0.0,nan,nan,,0.0,0.0,0.0,1.0,0.0,0.0,0.0,0.0,0.0,0.0,,,0.0,0,0.0,,0.0,0.0,0,0.0,0.0,,nan,0.0
2007,CL,阪神タイガース,11715113,狩野　恵輔,K.Kanou,54.0,99.0,95.0,12.0,26.0,5.0,1.0,3.0,42.0,11.0,0.0,0,1.0,0.0,2.0,0,1.0,21.0,1.0,0.274,0.296,0.442,0.738,17.0,0.16799999999999998,0.021999999999999964,0.4639999999999999,2.0202020202020203,21.21212121212121,0.09523809523809523,0.323943661971831,0.24369999999999997,443.33333333333337,0.18947368421052632,0.6428571428571429,0.274,26.0,3.0,11.0,54.0,99.0,95.0,17.0,5.0,1.0,12.0,0.296,0.442,2.0,0,1.0,,42.0,0.0,0,1.0,0.0,,12.123711340206185,11.687999999999999
2007,CL,阪神タイガース,11913882,中村　豊,Y.Nakamura,3.0,0.0,0.0,0.0,0.0,0.0,0.0,0.0,0.0,0.0,0.0,0,0.0,0.0,0.0,0,0.0,0.0,0.0,,,,0.0,0.0,0.0,0.0,,nan,nan,nan,nan,0.0,0.0,nan,nan,,0.0,0.0,0.0,3.0,0.0,0.0,0.0,0.0,0.0,0.0,,,0.0,0,0.0,,0.0,0.0,0,0.0,0.0,,nan,0.0
2007,CL,中日ドラゴンズ,11915112,佐藤　亮太,R.Satou,1.0,1.0,1.0,0.0,0.0,0.0,0.0,0.0,0.0,0.0,0.0,0,0.0,0.0,0.0,0,0.0,0.0,0.0,0.0,0.0,0.0,0.0,0.0,0.0,0.0,0.0,0.0,0.0,nan,0.0,0.0,0.0,0.0,0.0,0.0,0.0,0.0,0.0,1.0,1.0,1.0,0.0,0.0,0.0,0.0,0.0,0.0,0.0,0,0.0,,0.0,0.0,0,0.0,0.0,,0.0,-0.098
2007,CL,阪神タイガース,11915114,小嶋　達也,T.Kojima,5.0,8.0,7.0,1.0,0.0,0.0,0.0,0.0,0.0,1.0,0.0,0,0.0,0.0,1.0,0,0.0,6.0,0.0,0.0,0.125,0.0,0.125,0.0,0.0,0.125,0.125,12.5,75.0,0.16666666666666666,0.0,0.05625,125.0,0.14285714285714285,0.14285714285714285,0.0,0.0,0.0,1.0,5.0,8.0,7.0,0.0,0.0,0.0,1.0,0.125,0.0,1.0,0,0.0,,0.0,0.0,0,0.0,0.0,,0.0,-0.35600000000000004
2007,CL,中日ドラゴンズ,1205110,普久原　淳一,J.Fukuhara,5.0,0.0,0.0,1.0,0.0,0.0,0.0,0.0,0.0,0.0,0.0,0,0.0,0.0,0.0,0,0.0,0.0,0.0,,,,0.0,0.0,0.0,0.0,,nan,nan,nan,nan,0.0,0.0,nan,nan,,0.0,0.0,0.0,5.0,0.0,0.0,0.0,0.0,0.0,1.0,,,0.0,0,0.0,,0.0,0.0,0,0.0,0.0,,nan,0.0
2007,CL,阪神タイガース,1205113,藤田　太陽,T.Fujita,3.0,0.0,0.0,0.0,0.0,0.0,0.0,0.0,0.0,0.0,0.0,0,0.0,0.0,0.0,0,0.0,0.0,0.0,,,,0.0,0.0,0.0,0.0,,nan,nan,nan,nan,0.0,0.0,nan,nan,,0.0,0.0,0.0,3.0,0.0,0.0,0.0,0.0,0.0,0.0,,,0.0,0,0.0,,0.0,0.0,0,0.0,0.0,,nan,0.0
2007,CL,読売ジャイアンツ,1205115,林　昌範,M.Hayashi,41.0,0.0,0.0,0.0,0.0,0.0,0.0,0.0,0.0,0.0,0.0,0,0.0,0.0,0.0,0,0.0,0.0,0.0,,,,0.0,0.0,0.0,0.0,,nan,nan,nan,nan,0.0,0.0,nan,nan,,0.0,0.0,0.0,41.0,0.0,0.0,0.0,0.0,0.0,0.0,,,0.0,0,0.0,,0.0,0.0,0,0.0,0.0,,nan,0.0
2007,CL,広島東洋カープ,1205117,永川　勝浩,K.Nagakawa,61.0,1.0,1.0,0.0,0.0,0.0,0.0,0.0,0.0,0.0,0.0,0,0.0,0.0,0.0,0,0.0,1.0,0.0,0.0,0.0,0.0,0.0,0.0,0.0,0.0,0.0,0.0,100.0,0.0,nan,0.0,0.0,0.0,0.0,0.0,0.0,0.0,0.0,61.0,1.0,1.0,0.0,0.0,0.0,0.0,0.0,0.0,0.0,0,0.0,,0.0,0.0,0,0.0,0.0,,0.0,-0.098
2007,CL,読売ジャイアンツ,1303882,門倉　健,K.Kadokura,12.0,10.0,9.0,0.0,0.0,0.0,0.0,0.0,0.0,0.0,0.0,0,1.0,0.0,0.0,0,0.0,7.0,0.0,0.0,0.0,0.0,0.0,0.0,0.0,0.0,0.0,0.0,70.0,0.0,0.0,0.0,0.0,0.0,0.0,0.0,0.0,0.0,0.0,12.0,10.0,9.0,0.0,0.0,0.0,0.0,0.0,0.0,0.0,0,0.0,,0.0,0.0,0,1.0,0.0,,0.0,-0.882
2007,CL,広島東洋カープ,1305114,上野　弘文,H.Ueno,31.0,0.0,0.0,0.0,0.0,0.0,0.0,0.0,0.0,0.0,0.0,0,0.0,0.0,0.0,0,0.0,0.0,0.0,,,,0.0,0.0,0.0,0.0,,nan,nan,nan,nan,0.0,0.0,nan,nan,,0.0,0.0,0.0,31.0,0.0,0.0,0.0,0.0,0.0,0.0,,,0.0,0,0.0,,0.0,0.0,0,0.0,0.0,,nan,0.0
2007,CL,阪神タイガース,1305117,江草　仁貴,H.Egusa,50.0,4.0,4.0,0.0,0.0,0.0,0.0,0.0,0.0,0.0,0.0,0,0.0,0.0,0.0,0,0.0,3.0,0.0,0.0,0.0,0.0,0.0,0.0,0.0,0.0,0.0,0.0,75.0,0.0,0.0,0.0,0.0,0.0,0.0,0.0,0.0,0.0,0.0,50.0,4.0,4.0,0.0,0.0,0.0,0.0,0.0,0.0,0.0,0,0.0,,0.0,0.0,0,0.0,0.0,,0.0,-0.392
2007,CL,読売ジャイアンツ,13115112,脇谷　亮太,R.Wakiya,91.0,188.0,177.0,28.0,50.0,6.0,5.0,1.0,69.0,14.0,8,1,3.0,0.0,5.0,0,3.0,30.0,3.0,0.282,0.314,0.39,0.704,38.0,0.10800000000000004,0.03200000000000003,0.422,2.6595744680851063,15.957446808510639,0.16666666666666666,0.3356164383561644,0.2388,444.0,0.14124293785310735,0.6,0.282,50.0,1.0,14.0,91.0,188.0,177.0,38.0,6.0,5.0,28.0,0.314,0.39,5.0,0,3.0,,69.0,8,1,3.0,0.0,,20.85164835164835,20.334000000000003
2007,CL,東京ヤクルトスワローズ,13115114,伊藤　秀範,H.Itou,4.0,0.0,0.0,0.0,0.0,0.0,0.0,0.0,0.0,0.0,0.0,0,0.0,0.0,0.0,0,0.0,0.0,0.0,,,,0.0,0.0,0.0,0.0,,nan,nan,nan,nan,0.0,0.0,nan,nan,,0.0,0.0,0.0,4.0,0.0,0.0,0.0,0.0,0.0,0.0,,,0.0,0,0.0,,0.0,0.0,0,0.0,0.0,,nan,0.0
2007,CL,横浜DeNAベイスターズ,13715114,マットホワイト,M.White,24.0,5.0,5.0,0.0,0.0,0.0,0.0,0.0,0.0,0.0,0.0,0,0.0,0.0,0.0,0,0.0,3.0,0.0,0.0,0.0,0.0,0.0,0.0,0.0,0.0,0.0,0.0,60.0,0.0,0.0,0.0,0.0,0.0,0.0,0.0,0.0,0.0,0.0,24.0,5.0,5.0,0.0,0.0,0.0,0.0,0.0,0.0,0.0,0,0.0,,0.0,0.0,0,0.0,0.0,,0.0,-0.49
2007,CL,中日ドラゴンズ,1403862,山本昌,M.Yamamotomasa（yamamoto,19.0,38.0,33.0,0.0,1.0,0.0,0.0,0.0,1.0,0.0,0.0,0,5.0,0.0,0.0,0,0.0,23.0,2.0,0.03,0.03,0.03,0.06,1.0,0.0,0.0,0.03,0.0,60.526315789473685,0.0,0.1,0.020999999999999998,40.0,0.0,0.029411764705882353,0.03,1.0,0.0,0.0,19.0,38.0,33.0,1.0,0.0,0.0,0.0,0.03,0.03,0.0,0,0.0,,1.0,0.0,0,5.0,0.0,,0.030303030303030304,-2.636
2007,CL,阪神タイガース,1405111,吉野　誠,M.Yoshino,7.0,0.0,0.0,0.0,0.0,0.0,0.0,0.0,0.0,0.0,0.0,0,0.0,0.0,0.0,0,0.0,0.0,0.0,,,,0.0,0.0,0.0,0.0,,nan,nan,nan,nan,0.0,0.0,nan,nan,,0.0,0.0,0.0,7.0,0.0,0.0,0.0,0.0,0.0,0.0,,,0.0,0,0.0,,0.0,0.0,0,0.0,0.0,,nan,0.0
2007,CL,中日ドラゴンズ,1503888,英智,H.Hidenori（kuramoto,99.0,219.0,198.0,27.0,55.0,8.0,1.0,4.0,77.0,19.0,8,2,7.0,1.0,6.0,0,7.0,33.0,4.0,0.278,0.321,0.389,0.71,42.0,0.11099999999999999,0.04299999999999998,0.432,2.73972602739726,15.068493150684931,0.18181818181818182,0.3148148148148148,0.2417,450.6666666666667,0.15151515151515152,0.6258503401360545,0.278,55.0,4.0,19.0,99.0,219.0,198.0,42.0,8.0,1.0,27.0,0.321,0.389,6.0,0,7.0,,77.0,8,2,7.0,1.0,,23.024509803921568,24.19599999999999
2007,CL,東京ヤクルトスワローズ,15313868,鈴木　健,K.Suzuki,26.0,33.0,27.0,0.0,3.0,1.0,0.0,0.0,4.0,2.0,0.0,0,0.0,0.0,5.0,0,1.0,9.0,1.0,0.111,0.273,0.148,0.42100000000000004,2.0,0.03699999999999999,0.16200000000000003,0.31,15.151515151515152,27.27272727272727,0.5555555555555556,0.16666666666666666,0.15985000000000002,322.33333333333337,0.2222222222222222,0.4,0.111,3.0,0.0,2.0,26.0,33.0,27.0,2.0,1.0,0.0,0.0,0.273,0.148,5.0,0,1.0,,4.0,0.0,0,0.0,0.0,,1.0,1.3479999999999999
2007,CL,横浜DeNAベイスターズ,1605112,三橋　直樹,N.Mitsuhashi,16.0,14.0,12.0,0.0,2.0,0.0,0.0,0.0,2.0,1.0,0.0,0,2.0,0.0,0.0,0,0.0,4.0,0.0,0.167,0.167,0.167,0.334,2.0,0.0,0.0,0.167,0.0,28.57142857142857,0.0,0.25,0.1169,222.66666666666669,0.0,0.2,0.167,2.0,0.0,1.0,16.0,14.0,12.0,2.0,0.0,0.0,0.0,0.167,0.167,0.0,0,0.0,,2.0,0.0,0,2.0,0.0,,0.3333333333333333,0.020000000000000018
2007,CL,中日ドラゴンズ,1703884,清水　将海,M.Shimizu,27.0,40.0,33.0,0.0,5.0,0.0,0.0,0.0,5.0,2.0,0.0,0,5.0,1.0,1.0,0,0.0,8.0,2.0,0.152,0.171,0.152,0.323,5.0,0.0,0.019000000000000017,0.171,2.5,20.0,0.125,0.19230769230769232,0.11495,221.66666666666669,0.030303030303030304,0.2,0.152,5.0,0.0,2.0,27.0,40.0,33.0,5.0,0.0,0.0,0.0,0.171,0.152,1.0,0,0.0,,5.0,0.0,0,5.0,1.0,,0.8823529411764706,0.08599999999999985
2007,CL,阪神タイガース,1705115,桜井　広大,K.Sakurai,91.0,291.0,260.0,31.0,73.0,18.0,2.0,9.0,122.0,43.0,1.0,1,2.0,2.0,22.0,0,5.0,71.0,2.0,0.281,0.346,0.469,0.815,44.0,0.18799999999999994,0.06499999999999995,0.5339999999999999,7.560137457044673,24.398625429553263,0.30985915492957744,0.3516483516483517,0.27295,502.3333333333333,0.27692307692307694,0.7936507936507936,0.281,73.0,9.0,43.0,91.0,291.0,260.0,44.0,18.0,2.0,31.0,0.346,0.469,22.0,0,5.0,,122.0,1.0,1,2.0,2.0,,41.09929078014184,40.763999999999996
2007,CL,横浜DeNAベイスターズ,1705117,木村　昇吾,S.Kimura,10.0,6.0,5.0,1.0,1.0,0.0,0.0,0.0,1.0,1.0,1.0,1,0.0,0.0,0.0,0,1.0,1.0,1.0,0.2,0.333,0.2,0.533,1.0,0.0,0.133,0.333,0.0,16.666666666666664,0.0,0.25,0.19985000000000003,399.6666666666667,0.2,0.6,0.2,1.0,0.0,1.0,10.0,6.0,5.0,1.0,0.0,0.0,1.0,0.333,0.2,0.0,0,1.0,,1.0,1.0,1,0.0,0.0,,0.2,0.618
2007,CL,読売ジャイアンツ,1903888,二岡　智宏,T.Nioka,139.0,562.0,508.0,68.0,150.0,22.0,0.0,20.0,232.0,83.0,1,2,10.0,3.0,34.0,0,7.0,91.0,15.0,0.295,0.346,0.457,0.8029999999999999,108.0,0.16200000000000003,0.05099999999999999,0.508,6.049822064056939,16.19217081850534,0.37362637362637363,0.325,0.26995,498.3333333333333,0.23228346456692914,0.7372654155495979,0.295,150.0,20.0,83.0,139.0,562.0,508.0,108.0,22.0,0.0,68.0,0.346,0.457,34.0,0,7.0,,232.0,1,2,10.0,3.0,,78.76014760147602,77.446
2007,CL,中日ドラゴンズ,1905119,堂上　剛裕,T.Donoue,37.0,82.0,77.0,8.0,22.0,2.0,1.0,2.0,32.0,11.0,0.0,0,0.0,0.0,4.0,0,1.0,14.0,0.0,0.286,0.329,0.416,0.745,17.0,0.13,0.04300000000000004,0.459,4.878048780487805,17.073170731707318,0.2857142857142857,0.32786885245901637,0.25205,467.6666666666667,0.18181818181818182,0.6727272727272727,0.286,22.0,2.0,11.0,37.0,82.0,77.0,17.0,2.0,1.0,8.0,0.329,0.416,4.0,0,1.0,,32.0,0.0,0,0.0,0.0,,10.271604938271604,10.12
2007,CL,中日ドラゴンズ,21023885,中村　紀洋,N.Nakamura,130.0,521.0,457.0,64.0,134.0,24.0,0.0,20.0,218.0,79.0,2,1,4.0,8.0,51.0,0,0.0,87.0,18.0,0.293,0.359,0.477,0.836,90.0,0.184,0.066,0.5429999999999999,9.788867562380037,16.698656429942417,0.5862068965517241,0.31843575418994413,0.2808,518.0,0.2975929978118162,0.7917888563049853,0.293,134.0,20.0,79.0,130.0,521.0,457.0,90.0,24.0,0.0,64.0,0.359,0.477,51.0,0,0.0,,218.0,2,1,4.0,8.0,,79.38976377952756,76.436
2007,CL,横浜DeNAベイスターズ,21025110,那須野　巧,T.Nasuno,64.0,6.0,6.0,0.0,0.0,0.0,0.0,0.0,0.0,0.0,0.0,0,0.0,0.0,0.0,0,0.0,3.0,0.0,0.0,0.0,0.0,0.0,0.0,0.0,0.0,0.0,0.0,50.0,0.0,0.0,0.0,0.0,0.0,0.0,0.0,0.0,0.0,0.0,64.0,6.0,6.0,0.0,0.0,0.0,0.0,0.0,0.0,0.0,0,0.0,,0.0,0.0,0,0.0,0.0,,0.0,-0.5880000000000001
2007,CL,中日ドラゴンズ,21123866,立浪　和義,K.Tatsunami,101.0,129.0,109.0,4.0,30.0,2.0,1.0,2.0,40.0,31.0,0.0,0,0.0,3.0,16.0,0,1.0,14.0,2.0,0.275,0.364,0.367,0.731,25.0,0.09199999999999997,0.08899999999999997,0.4559999999999999,12.4031007751938,10.852713178294573,1.1428571428571428,0.2916666666666667,0.25555,486.3333333333333,0.23853211009174313,0.7037037037037037,0.275,30.0,2.0,31.0,101.0,129.0,109.0,25.0,2.0,1.0,4.0,0.364,0.367,16.0,0,1.0,,40.0,0.0,0,0.0,3.0,,14.72,15.727999999999998
2007,CL,広島東洋カープ,21123888,井生　崇光,T.Iou,36.0,60.0,53.0,7.0,15.0,3.0,0.0,0.0,18.0,4.0,0.0,0,1.0,0.0,5.0,0,1.0,11.0,1.0,0.283,0.356,0.34,0.696,12.0,0.05700000000000005,0.07300000000000001,0.413,8.333333333333332,18.333333333333332,0.45454545454545453,0.35714285714285715,0.24520000000000003,469.3333333333333,0.1509433962264151,0.6153846153846154,0.283,15.0,0.0,4.0,36.0,60.0,53.0,12.0,3.0,0.0,7.0,0.356,0.34,5.0,0,1.0,,18.0,0.0,0,1.0,0.0,,6.206896551724138,6.416
2007,CL,東京ヤクルトスワローズ,21123889,遠藤　政隆,M.Endou,38.0,2.0,2.0,0.0,0.0,0.0,0.0,0.0,0.0,0.0,0.0,0,0.0,0.0,0.0,0,0.0,2.0,0.0,0.0,0.0,0.0,0.0,0.0,0.0,0.0,0.0,0.0,100.0,0.0,nan,0.0,0.0,0.0,0.0,0.0,0.0,0.0,0.0,38.0,2.0,2.0,0.0,0.0,0.0,0.0,0.0,0.0,0.0,0,0.0,,0.0,0.0,0,0.0,0.0,,0.0,-0.196
2007,CL,読売ジャイアンツ,21125113,阿部　慎之助,S.Abe,140.0,580.0,499.0,72.0,137.0,20.0,0.0,33.0,256.0,101.0,1,2,3.0,10.0,57.0,0,11.0,76.0,17.0,0.275,0.355,0.513,0.868,84.0,0.238,0.07999999999999996,0.593,9.827586206896552,13.10344827586207,0.75,0.26,0.28800000000000003,526.0,0.35671342685370744,0.8601583113456465,0.275,137.0,33.0,101.0,140.0,580.0,499.0,84.0,20.0,0.0,72.0,0.355,0.513,57.0,0,11.0,,256.0,1,2,3.0,10.0,,89.32374100719424,91.24399999999999
2007,CL,読売ジャイアンツ,21125119,岩舘　学,M.Iwadate,5.0,5.0,4.0,0.0,1.0,1.0,0.0,0.0,2.0,0.0,0.0,0,1.0,0.0,0.0,0,0.0,0.0,0.0,0.25,0.25,0.5,0.75,0.0,0.25,0.0,0.5,0.0,0.0,nan,0.25,0.2375,416.66666666666663,0.25,0.6666666666666666,0.25,1.0,0.0,0.0,5.0,5.0,4.0,0.0,1.0,0.0,0.0,0.25,0.5,0.0,0,0.0,,2.0,0.0,0,1.0,0.0,,0.5,0.42599999999999993
2007,CL,中日ドラゴンズ,21223882,渡邉　博幸,H.Watanabe,53.0,27.0,23.0,4.0,3.0,0.0,0.0,0.0,3.0,0.0,0.0,0,3.0,0.0,0.0,0,1.0,7.0,0.0,0.13,0.167,0.13,0.29700000000000004,3.0,0.0,0.037000000000000005,0.167,0.0,25.925925925925924,0.0,0.1875,0.10765000000000001,210.33333333333334,0.0,0.2,0.13,3.0,0.0,0.0,53.0,27.0,23.0,3.0,0.0,0.0,4.0,0.167,0.13,0.0,0,1.0,,3.0,0.0,0,3.0,0.0,,0.391304347826087,-0.1299999999999999
2007,CL,中日ドラゴンズ,21223884,森野　将彦,M.Morino,142.0,607.0,530.0,75.0,156.0,29.0,2.0,18.0,243.0,97.0,1,3,8.0,6.0,59.0,0,4.0,93.0,14.0,0.294,0.366,0.458,0.8240000000000001,107.0,0.16400000000000003,0.07200000000000001,0.53,9.71993410214168,15.32125205930807,0.6344086021505376,0.3247058823529412,0.2792,518.6666666666666,0.2811320754716981,0.7963917525773195,0.294,156.0,18.0,97.0,142.0,607.0,530.0,107.0,29.0,2.0,75.0,0.366,0.458,59.0,0,4.0,,243.0,1,3,8.0,6.0,,88.70118845500849,87.058
2007,CL,読売ジャイアンツ,21223886,古城　茂幸,S.Furuki,71.0,80.0,68.0,13.0,13.0,3.0,0.0,0.0,16.0,5.0,5,4,5.0,0.0,7.0,0,0.0,13.0,1.0,0.191,0.267,0.235,0.502,10.0,0.043999999999999984,0.07600000000000001,0.311,8.75,16.25,0.5384615384615384,0.23636363636363636,0.1789,345.3333333333333,0.20588235294117646,0.48214285714285715,0.191,13.0,0.0,5.0,71.0,80.0,68.0,10.0,3.0,0.0,13.0,0.267,0.235,7.0,0,0.0,,16.0,5,4,5.0,0.0,,4.266666666666667,4.800000000000001
2007,CL,読売ジャイアンツ,21223887,村田　善則,Y.Murata,1.0,0.0,0.0,0.0,0.0,0.0,0.0,0.0,0.0,0.0,0.0,0,0.0,0.0,0.0,0,0.0,0.0,0.0,,,,0.0,0.0,0.0,0.0,,nan,nan,nan,nan,0.0,0.0,nan,nan,,0.0,0.0,0.0,1.0,0.0,0.0,0.0,0.0,0.0,0.0,,,0.0,0,0.0,,0.0,0.0,0,0.0,0.0,,nan,0.0
2007,CL,広島東洋カープ,21223888,森笠　繁,S.Morikasa,107.0,273.0,258.0,19.0,70.0,8.0,0.0,2.0,84.0,20.0,3,2,3.0,1.0,11.0,0,0.0,42.0,7.0,0.271,0.3,0.326,0.626,60.0,0.05499999999999999,0.02899999999999997,0.355,4.029304029304029,15.384615384615385,0.2619047619047619,0.31627906976744186,0.21650000000000003,408.6666666666667,0.10465116279069768,0.49743589743589745,0.271,70.0,2.0,20.0,107.0,273.0,258.0,60.0,8.0,0.0,19.0,0.3,0.326,11.0,0,0.0,,84.0,3,2,3.0,1.0,,25.29368029739777,24.206000000000003
2007,CL,横浜DeNAベイスターズ,21225110,藤田　一也,K.Fujita,42.0,89.0,76.0,11.0,19.0,5.0,0.0,0.0,24.0,2.0,1.0,1,8.0,0.0,4.0,0,1.0,8.0,0.0,0.25,0.296,0.316,0.612,14.0,0.066,0.045999999999999985,0.362,4.49438202247191,8.98876404494382,0.5,0.27941176470588236,0.2122,401.3333333333333,0.13157894736842105,0.5263157894736842,0.25,19.0,0.0,2.0,42.0,89.0,76.0,14.0,5.0,0.0,11.0,0.296,0.316,4.0,0,1.0,,24.0,1.0,1,8.0,0.0,,6.9,6.843999999999999
2007,CL,阪神タイガース,21225113,藤本　敦士,A.Fujimoto,105.0,164.0,148.0,10.0,36.0,2.0,2.0,0.0,42.0,13.0,0.0,0,3.0,0.0,12.0,0,1.0,23.0,3.0,0.243,0.304,0.284,0.588,32.0,0.04099999999999998,0.061,0.345,7.317073170731707,14.02439024390244,0.5217391304347826,0.288,0.20779999999999998,398.6666666666667,0.12162162162162163,0.4782608695652174,0.243,36.0,0.0,13.0,105.0,164.0,148.0,32.0,2.0,2.0,10.0,0.304,0.284,12.0,0,1.0,,42.0,0.0,0,3.0,0.0,,12.6,12.834000000000001
2007,CL,中日ドラゴンズ,21225115,久本　祐一,Y.Hisamoto,36.0,3.0,3.0,0.0,1.0,0.0,0.0,0.0,1.0,0.0,0.0,0,0.0,0.0,0.0,0,0.0,2.0,0.0,0.333,0.333,0.333,0.666,1.0,0.0,0.0,0.333,0.0,66.66666666666666,0.0,1.0,0.23310000000000003,444.0,0.0,0.5,0.333,1.0,0.0,0.0,36.0,3.0,3.0,1.0,0.0,0.0,0.0,0.333,0.333,0.0,0,0.0,,1.0,0.0,0,0.0,0.0,,0.3333333333333333,0.304
2007,CL,読売ジャイアンツ,21323884,小笠原　道大,M.Ogasawara,142.0,617.0,566.0,95.0,177.0,33.0,1.0,31.0,305.0,88.0,4,0,0.0,4.0,43.0,0,4.0,98.0,10.0,0.313,0.363,0.539,0.902,112.0,0.22600000000000003,0.04999999999999999,0.589,6.9692058346839545,15.883306320907616,0.4387755102040816,0.3310657596371882,0.29810000000000003,542.6666666666666,0.30212014134275617,0.8822055137844611,0.313,177.0,31.0,88.0,142.0,617.0,566.0,112.0,33.0,1.0,95.0,0.363,0.539,43.0,0,4.0,,305.0,4,0,0.0,4.0,,110.18062397372742,102.82799999999999
2007,CL,読売ジャイアンツ,21323888,加藤　健,K.Katou,28.0,25.0,21.0,2.0,4.0,0.0,0.0,1.0,7.0,7.0,0.0,0,0.0,2.0,2.0,0,0.0,4.0,3.0,0.19,0.24,0.333,0.573,3.0,0.14300000000000002,0.04999999999999999,0.383,8.0,16.0,0.5,0.16666666666666666,0.19125,351.0,0.23809523809523808,0.45,0.19,4.0,1.0,7.0,28.0,25.0,21.0,3.0,0.0,0.0,2.0,0.24,0.333,2.0,0,0.0,,7.0,0.0,0,0.0,2.0,,1.826086956521739,1.934
2007,CL,広島東洋カープ,21325111,河内　貴哉,T.Kawauchi,14.0,0.0,0.0,0.0,0.0,0.0,0.0,0.0,0.0,0.0,0.0,0,0.0,0.0,0.0,0,0.0,0.0,0.0,,,,0.0,0.0,0.0,0.0,,nan,nan,nan,nan,0.0,0.0,nan,nan,,0.0,0.0,0.0,14.0,0.0,0.0,0.0,0.0,0.0,0.0,,,0.0,0,0.0,,0.0,0.0,0,0.0,0.0,,nan,0.0
2007,CL,横浜DeNAベイスターズ,21325113,内川　聖一,S.Uchikawa,92.0,274.0,247.0,24.0,69.0,17.0,3.0,7.0,113.0,29.0,3,4,4.0,1.0,16.0,0,6.0,37.0,9.0,0.279,0.337,0.457,0.794,42.0,0.178,0.057999999999999996,0.515,5.839416058394161,13.503649635036496,0.43243243243243246,0.30392156862745096,0.2659,489.33333333333337,0.2591093117408907,0.7433155080213903,0.279,69.0,7.0,29.0,92.0,274.0,247.0,42.0,17.0,3.0,24.0,0.337,0.457,16.0,0,6.0,,113.0,3,4,4.0,1.0,,36.52091254752852,36.976
2007,CL,広島東洋カープ,21423886,山田　真介,S.Yamada,4.0,3.0,3.0,1.0,0.0,0.0,0.0,0.0,0.0,0.0,0.0,0,0.0,0.0,0.0,0,0.0,2.0,0.0,0.0,0.0,0.0,0.0,0.0,0.0,0.0,0.0,0.0,66.66666666666666,0.0,0.0,0.0,0.0,0.0,0.0,0.0,0.0,0.0,0.0,4.0,3.0,3.0,0.0,0.0,0.0,1.0,0.0,0.0,0.0,0,0.0,,0.0,0.0,0,0.0,0.0,,0.0,-0.29400000000000004
2007,CL,読売ジャイアンツ,21425110,三木　均,H.Miki,4.0,0.0,0.0,0.0,0.0,0.0,0.0,0.0,0.0,0.0,0.0,0,0.0,0.0,0.0,0,0.0,0.0,0.0,,,,0.0,0.0,0.0,0.0,,nan,nan,nan,nan,0.0,0.0,nan,nan,,0.0,0.0,0.0,4.0,0.0,0.0,0.0,0.0,0.0,0.0,,,0.0,0,0.0,,0.0,0.0,0,0.0,0.0,,nan,0.0
2007,CL,東京ヤクルトスワローズ,21425111,米野　智人,T.Yoneno,32.0,85.0,78.0,8.0,14.0,3.0,0.0,3.0,26.0,9.0,0.0,0,2.0,0.0,4.0,0,1.0,25.0,1.0,0.179,0.229,0.333,0.562,8.0,0.15400000000000003,0.05000000000000002,0.383,4.705882352941177,29.411764705882355,0.16,0.22,0.18630000000000002,340.0,0.20512820512820512,0.47692307692307695,0.179,14.0,3.0,9.0,32.0,85.0,78.0,8.0,3.0,0.0,8.0,0.229,0.333,4.0,0,1.0,,26.0,0.0,0,2.0,0.0,,5.7073170731707314,5.8580000000000005
2007,CL,広島東洋カープ,21425117,松本　高明,T.Matsumoto,48.0,131.0,108.0,12.0,25.0,2.0,0.0,0.0,27.0,4.0,4,3,12.0,0.0,10.0,0,1.0,16.0,3.0,0.231,0.303,0.25,0.5529999999999999,23.0,0.01899999999999999,0.07199999999999998,0.3219999999999999,7.633587786259542,12.213740458015266,0.625,0.2717391304347826,0.19885,386.3333333333333,0.1388888888888889,0.47674418604651164,0.231,25.0,0.0,4.0,48.0,131.0,108.0,23.0,2.0,0.0,12.0,0.303,0.25,10.0,0,1.0,,27.0,4,3,12.0,0.0,,8.008474576271187,8.975999999999999
2007,CL,広島東洋カープ,21523884,黒田　博樹,H.Kuroda,26.0,60.0,53.0,4.0,7.0,0.0,0.0,0.0,7.0,0.0,0.0,0,5.0,0.0,2.0,0,0.0,19.0,0.0,0.132,0.164,0.132,0.29600000000000004,7.0,0.0,0.032,0.164,3.3333333333333335,31.666666666666664,0.10526315789473684,0.20588235294117646,0.1068,208.00000000000003,0.03773584905660377,0.1956521739130435,0.132,7.0,0.0,0.0,26.0,60.0,53.0,7.0,0.0,0.0,4.0,0.164,0.132,2.0,0,0.0,,7.0,0.0,0,5.0,0.0,,1.1454545454545455,-0.34799999999999986
2007,CL,横浜DeNAベイスターズ,21523887,佐伯　貴弘,T.Saeki,125.0,447.0,404.0,49.0,122.0,25.0,3.0,16.0,201.0,67.0,0,1,4.0,2.0,34.0,0,3.0,54.0,8.0,0.302,0.359,0.498,0.857,78.0,0.196,0.056999999999999995,0.5549999999999999,7.606263982102908,12.080536912751679,0.6296296296296297,0.31547619047619047,0.28605,525.0,0.28217821782178215,0.8241379310344827,0.302,122.0,16.0,67.0,125.0,447.0,404.0,78.0,25.0,3.0,49.0,0.359,0.498,34.0,0,3.0,,201.0,0,1,4.0,2.0,,71.58904109589041,67.91400000000002
2007,CL,横浜DeNAベイスターズ,21523888,小池　正晃,M.Koike,83.0,126.0,112.0,14.0,26.0,7.0,0.0,2.0,39.0,7.0,0,2,5.0,0.0,9.0,0,0.0,16.0,2.0,0.232,0.289,0.348,0.637,17.0,0.11599999999999996,0.05699999999999997,0.4049999999999999,7.142857142857142,12.698412698412698,0.5625,0.2553191489361702,0.21705,404.99999999999994,0.21428571428571427,0.5681818181818182,0.232,26.0,2.0,7.0,83.0,126.0,112.0,17.0,7.0,0.0,14.0,0.289,0.348,9.0,0,0.0,,39.0,0,2,5.0,0.0,,11.28099173553719,11.321999999999996
2007,CL,横浜DeNAベイスターズ,21625110,M.クルーン,M.Kroon,43.0,0.0,0.0,0.0,0.0,0.0,0.0,0.0,0.0,0.0,0.0,0,0.0,0.0,0.0,0,0.0,0.0,0.0,,,,0.0,0.0,0.0,0.0,,nan,nan,nan,nan,0.0,0.0,nan,nan,,0.0,0.0,0.0,43.0,0.0,0.0,0.0,0.0,0.0,0.0,,,0.0,0,0.0,,0.0,0.0,0,0.0,0.0,,nan,0.0
2007,CL,広島東洋カープ,21625114,宮﨑　充登,M.Miyazaki,31.0,16.0,15.0,0.0,1.0,0.0,0.0,0.0,1.0,0.0,0.0,0,0.0,0.0,1.0,0,0.0,7.0,1.0,0.067,0.125,0.067,0.192,1.0,0.0,0.057999999999999996,0.125,6.25,43.75,0.14285714285714285,0.125,0.07300000000000001,147.33333333333334,0.06666666666666667,0.13333333333333333,0.067,1.0,0.0,0.0,31.0,16.0,15.0,1.0,0.0,0.0,0.0,0.125,0.067,1.0,0,0.0,,1.0,0.0,0,0.0,0.0,,0.125,-0.542
2007,CL,広島東洋カープ,21625115,山本　芳彦,Y.Yamamoto,4.0,5.0,4.0,1.0,0.0,0.0,0.0,0.0,0.0,0.0,0.0,0,0.0,0.0,1.0,0,0.0,1.0,0.0,0.0,0.2,0.0,0.2,0.0,0.0,0.2,0.2,20.0,20.0,1.0,0.0,0.09000000000000001,200.0,0.25,0.25,0.0,0.0,0.0,0.0,4.0,5.0,4.0,0.0,0.0,0.0,1.0,0.2,0.0,1.0,0,0.0,,0.0,0.0,0,0.0,0.0,,0.0,-0.062
2007,CL,東京ヤクルトスワローズ,21625117,吉川　昌宏,M.Yoshikawa,43.0,0.0,0.0,0.0,0.0,0.0,0.0,0.0,0.0,0.0,0.0,0,0.0,0.0,0.0,0,0.0,0.0,0.0,,,,0.0,0.0,0.0,0.0,,nan,nan,nan,nan,0.0,0.0,nan,nan,,0.0,0.0,0.0,43.0,0.0,0.0,0.0,0.0,0.0,0.0,,,0.0,0,0.0,,0.0,0.0,0,0.0,0.0,,nan,0.0
2007,CL,広島東洋カープ,21723881,佐々岡　真司,S.Sasaoka,13.0,15.0,15.0,0.0,0.0,0.0,0.0,0.0,0.0,0.0,0.0,0,0.0,0.0,0.0,0,0.0,9.0,0.0,0.0,0.0,0.0,0.0,0.0,0.0,0.0,0.0,0.0,60.0,0.0,0.0,0.0,0.0,0.0,0.0,0.0,0.0,0.0,0.0,13.0,15.0,15.0,0.0,0.0,0.0,0.0,0.0,0.0,0.0,0,0.0,,0.0,0.0,0,0.0,0.0,,0.0,-1.47
2007,CL,横浜DeNAベイスターズ,21723882,鶴岡　一成,K.Tsuruoka,36.0,87.0,69.0,3.0,15.0,3.0,0.0,0.0,18.0,8.0,0.0,0,4.0,0.0,11.0,0,3.0,10.0,3.0,0.217,0.349,0.261,0.61,12.0,0.04400000000000001,0.13199999999999998,0.393,12.643678160919542,11.494252873563218,1.1,0.2542372881355932,0.2223,436.0,0.2028985507246377,0.5614035087719298,0.217,15.0,0.0,8.0,36.0,87.0,69.0,12.0,3.0,0.0,3.0,0.349,0.261,11.0,0,3.0,,18.0,0.0,0,4.0,0.0,,5.85,7.488000000000001
2007,CL,中日ドラゴンズ,21725110,澤井　道久,M.Sawai,25.0,45.0,38.0,3.0,7.0,1.0,0.0,0.0,8.0,1.0,0.0,0,3.0,0.0,3.0,0,1.0,12.0,1.0,0.184,0.262,0.211,0.473,6.0,0.026999999999999996,0.07800000000000001,0.289,6.666666666666667,26.666666666666668,0.25,0.2692307692307692,0.17065,332.33333333333337,0.10526315789473684,0.375,0.184,7.0,0.0,1.0,25.0,45.0,38.0,6.0,1.0,0.0,3.0,0.262,0.211,3.0,0,1.0,,8.0,0.0,0,3.0,0.0,,1.951219512195122,2.002
2007,CL,読売ジャイアンツ,21725111,髙橋　尚成,H.Takahashi,28.0,60.0,51.0,3.0,4.0,1.0,0.0,0.0,5.0,3.0,0.0,0,7.0,0.0,2.0,0,0.0,29.0,2.0,0.078,0.113,0.098,0.21100000000000002,3.0,0.020000000000000004,0.035,0.133,3.3333333333333335,48.333333333333336,0.06896551724137931,0.18181818181818182,0.07535,145.66666666666666,0.058823529411764705,0.14285714285714285,0.078,4.0,0.0,3.0,28.0,60.0,51.0,3.0,1.0,0.0,3.0,0.113,0.098,2.0,0,0.0,,5.0,0.0,0,7.0,0.0,,0.5660377358490566,-1.726
2007,CL,読売ジャイアンツ,21725117,久保　裕也,Y.Kubo,13.0,20.0,15.0,1.0,1.0,1.0,0.0,0.0,2.0,0.0,0.0,0,5.0,0.0,0.0,0,0.0,7.0,0.0,0.067,0.067,0.133,0.2,0.0,0.066,0.0,0.133,0.0,35.0,0.0,0.125,0.06340000000000001,111.33333333333334,0.06666666666666667,0.14285714285714285,0.067,1.0,0.0,0.0,13.0,20.0,15.0,0.0,1.0,0.0,1.0,0.067,0.133,0.0,0,0.0,,2.0,0.0,0,5.0,0.0,,0.13333333333333333,-0.6520000000000001
2007,CL,阪神タイガース,21725119,庄田　隆弘,T.Shouda,24.0,45.0,38.0,5.0,11.0,2.0,0.0,1.0,16.0,3.0,0.0,0,1.0,0.0,6.0,0,0.0,9.0,0.0,0.289,0.386,0.421,0.8069999999999999,8.0,0.132,0.09700000000000003,0.518,13.333333333333334,20.0,0.6666666666666666,0.35714285714285715,0.27895000000000003,526.3333333333334,0.2894736842105263,0.8148148148148148,0.289,11.0,1.0,3.0,24.0,45.0,38.0,8.0,2.0,0.0,5.0,0.386,0.421,6.0,0,0.0,,16.0,0.0,0,1.0,0.0,,6.181818181818182,6.2139999999999995
2007,CL,東京ヤクルトスワローズ,21823888,松元　ユウイチ,Y.Matsumoto,33.0,105.0,103.0,11.0,35.0,6.0,0.0,3.0,50.0,16.0,0.0,0,0.0,0.0,1.0,0,1.0,12.0,1.0,0.34,0.352,0.485,0.837,26.0,0.14499999999999996,0.011999999999999955,0.4969999999999999,0.9523809523809524,11.428571428571429,0.08333333333333333,0.36363636363636365,0.27964999999999995,513.6666666666666,0.1553398058252427,0.7536231884057971,0.34,35.0,3.0,16.0,33.0,105.0,103.0,26.0,6.0,0.0,11.0,0.352,0.485,1.0,0,1.0,,50.0,0.0,0,0.0,0.0,,17.307692307692307,15.636
2007,CL,阪神タイガース,21825117,A.シーツ,A.Sheets,132.0,544.0,498.0,60.0,121.0,20.0,0.0,9.0,168.0,54.0,0,2,9.0,2.0,33.0,0,2.0,104.0,17.0,0.243,0.292,0.337,0.629,92.0,0.09400000000000003,0.04899999999999999,0.386,6.0661764705882355,19.11764705882353,0.3173076923076923,0.28940568475452194,0.21565,404.3333333333333,0.1646586345381526,0.5203045685279187,0.243,121.0,9.0,54.0,132.0,544.0,498.0,92.0,20.0,0.0,60.0,0.292,0.337,33.0,0,2.0,,168.0,0,2,9.0,2.0,,48.72316384180791,48.324
2007,CL,広島東洋カープ,21923888,東出　輝裕,A.Higashide,132.0,516.0,458.0,57.0,123.0,12.0,0.0,0.0,135.0,15.0,13,4,22.0,2.0,33.0,0,1.0,55.0,3.0,0.269,0.318,0.295,0.613,111.0,0.025999999999999968,0.04899999999999999,0.344,6.395348837209303,10.65891472868217,0.6,0.3037037037037037,0.21685,416.3333333333333,0.10698689956331878,0.5118343195266272,0.269,123.0,0.0,15.0,132.0,516.0,458.0,111.0,12.0,0.0,57.0,0.318,0.295,33.0,0,1.0,,135.0,13,4,22.0,2.0,,42.89205702647658,43.25
2007,CL,東京ヤクルトスワローズ,21925110,田中　浩康,H.Tanaka,132.0,543.0,451.0,58.0,133.0,23.0,8.0,5.0,187.0,51.0,8,1,51.0,3.0,33.0,0,5.0,51.0,14.0,0.295,0.348,0.415,0.7629999999999999,97.0,0.12,0.05299999999999999,0.4679999999999999,6.077348066298343,9.392265193370166,0.6470588235294118,0.32160804020100503,0.26034999999999997,486.33333333333326,0.1951219512195122,0.6807228915662651,0.295,133.0,5.0,51.0,132.0,543.0,451.0,97.0,23.0,8.0,58.0,0.348,0.415,33.0,0,5.0,,187.0,8,1,51.0,3.0,,64.13636363636364,62.13600000000001
2007,CL,広島東洋カープ,21925112,梵　英心,E.Soyogi,136.0,588.0,519.0,69.0,135.0,20.0,4.0,18.0,217.0,56.0,20,6,8.0,4.0,51.0,0,5.0,95.0,7.0,0.26,0.33,0.418,0.748,93.0,0.15799999999999997,0.07,0.488,8.673469387755102,16.156462585034014,0.5368421052631579,0.28536585365853656,0.253,469.33333333333337,0.2678227360308285,0.7135549872122762,0.26,135.0,18.0,56.0,136.0,588.0,519.0,93.0,20.0,4.0,69.0,0.33,0.418,51.0,0,5.0,,217.0,20,6,8.0,4.0,,70.81052631578947,72.908
2007,CL,東京ヤクルトスワローズ,21925115,田中　充,T.Tanaka,4.0,0.0,0.0,0.0,0.0,0.0,0.0,0.0,0.0,0.0,0.0,0,0.0,0.0,0.0,0,0.0,0.0,0.0,,,,0.0,0.0,0.0,0.0,,nan,nan,nan,nan,0.0,0.0,nan,nan,,0.0,0.0,0.0,4.0,0.0,0.0,0.0,0.0,0.0,0.0,,,0.0,0,0.0,,0.0,0.0,0,0.0,0.0,,nan,0.0
2007,CL,阪神タイガース,21925119,鳥谷　敬,T.Toritani,144.0,642.0,565.0,67.0,154.0,19.0,4.0,10.0,211.0,43.0,7,4,8.0,1.0,63.0,0,5.0,106.0,8.0,0.273,0.35,0.373,0.723,121.0,0.09999999999999998,0.07699999999999996,0.4499999999999999,9.813084112149532,16.510903426791277,0.5943396226415094,0.32,0.25075000000000003,474.3333333333333,0.21946902654867256,0.6754176610978521,0.273,154.0,10.0,43.0,144.0,642.0,565.0,121.0,19.0,4.0,67.0,0.35,0.373,63.0,0,5.0,,211.0,7,4,8.0,1.0,,72.9092356687898,75.62200000000001
2007,CL,読売ジャイアンツ,23125114,L.ゴンザレス,L.Gonzalez,25.0,79.0,73.0,9.0,18.0,4.0,0.0,3.0,31.0,12.0,0.0,0,0.0,1.0,2.0,0,3.0,16.0,5.0,0.247,0.291,0.425,0.716,11.0,0.178,0.043999999999999984,0.469,2.5316455696202533,20.253164556962027,0.125,0.2727272727272727,0.23719999999999997,432.66666666666663,0.2054794520547945,0.6,0.247,18.0,3.0,12.0,25.0,79.0,73.0,11.0,4.0,0.0,9.0,0.291,0.425,2.0,0,3.0,,31.0,0.0,0,0.0,1.0,,8.266666666666667,8.959999999999999
2007,CL,読売ジャイアンツ,23325110,姜　建銘,C.Jan,17.0,9.0,7.0,0.0,1.0,0.0,0.0,0.0,1.0,0.0,0.0,0,1.0,0.0,1.0,0,0.0,0.0,0.0,0.143,0.25,0.143,0.393,1.0,0.0,0.10700000000000001,0.25,11.11111111111111,0.0,nan,0.14285714285714285,0.14825,297.66666666666663,0.14285714285714285,0.3333333333333333,0.143,1.0,0.0,0.0,17.0,9.0,7.0,1.0,0.0,0.0,0.0,0.25,0.143,1.0,0,0.0,,1.0,0.0,0,1.0,0.0,,0.25,0.242
2007,CL,読売ジャイアンツ,23525114,W.オビスポ,W.Obispo,2.0,0.0,0.0,0.0,0.0,0.0,0.0,0.0,0.0,0.0,0.0,0,0.0,0.0,0.0,0,0.0,0.0,0.0,,,,0.0,0.0,0.0,0.0,,nan,nan,nan,nan,0.0,0.0,nan,nan,,0.0,0.0,0.0,2.0,0.0,0.0,0.0,0.0,0.0,0.0,,,0.0,0,0.0,,0.0,0.0,0,0.0,0.0,,nan,0.0
2007,CL,読売ジャイアンツ,31035110,東野　峻,S.Touno,1.0,0.0,0.0,0.0,0.0,0.0,0.0,0.0,0.0,0.0,0.0,0,0.0,0.0,0.0,0,0.0,0.0,0.0,,,,0.0,0.0,0.0,0.0,,nan,nan,nan,nan,0.0,0.0,nan,nan,,0.0,0.0,0.0,1.0,0.0,0.0,0.0,0.0,0.0,0.0,,,0.0,0,0.0,,0.0,0.0,0,0.0,0.0,,nan,0.0
2007,CL,東京ヤクルトスワローズ,31035111,花田　真人,M.Hanada,41.0,1.0,0.0,0.0,0.0,0.0,0.0,0.0,0.0,0.0,0.0,0,1.0,0.0,0.0,0,0.0,0.0,0.0,,,,0.0,0.0,0.0,0.0,,0.0,0.0,nan,nan,0.0,0.0,nan,nan,,0.0,0.0,0.0,41.0,1.0,0.0,0.0,0.0,0.0,0.0,,,0.0,0,0.0,,0.0,0.0,0,1.0,0.0,,nan,0.0
2007,CL,東京ヤクルトスワローズ,31035112,武内　晋一,S.Takeuchi,24.0,45.0,41.0,2.0,3.0,0.0,0.0,1.0,6.0,3.0,0.0,0,0.0,1.0,1.0,0,2.0,12.0,0.0,0.073,0.133,0.146,0.279,2.0,0.073,0.06000000000000001,0.206,2.2222222222222223,26.666666666666668,0.08333333333333333,0.06896551724137931,0.09635,181.66666666666666,0.0975609756097561,0.23684210526315788,0.073,3.0,1.0,3.0,24.0,45.0,41.0,2.0,0.0,0.0,2.0,0.133,0.146,1.0,0,2.0,,6.0,0.0,0,0.0,1.0,,0.5714285714285714,-0.2940000000000005
2007,CL,読売ジャイアンツ,31035119,西村　健太朗,K.Nishimura,57.0,3.0,2.0,0.0,0.0,0.0,0.0,0.0,0.0,0.0,0.0,0,1.0,0.0,0.0,0,0.0,2.0,0.0,0.0,0.0,0.0,0.0,0.0,0.0,0.0,0.0,0.0,66.66666666666666,0.0,nan,0.0,0.0,0.0,0.0,0.0,0.0,0.0,0.0,57.0,3.0,2.0,0.0,0.0,0.0,0.0,0.0,0.0,0.0,0,0.0,,0.0,0.0,0,1.0,0.0,,0.0,-0.196
2007,CL,東京ヤクルトスワローズ,3105114,S.グライシンガー,S.Greisinger,30.0,76.0,67.0,2.0,7.0,1.0,0.0,0.0,8.0,5.0,0.0,0,8.0,0.0,1.0,0,0.0,29.0,1.0,0.104,0.118,0.119,0.237,6.0,0.015,0.013999999999999999,0.133,1.3157894736842104,38.15789473684211,0.034482758620689655,0.18421052631578946,0.08285000000000001,157.66666666666666,0.029850746268656716,0.14754098360655737,0.104,7.0,0.0,5.0,30.0,76.0,67.0,6.0,1.0,0.0,2.0,0.118,0.119,1.0,0,0.0,,8.0,0.0,0,8.0,0.0,,0.9411764705882353,-1.83
2007,CL,東京ヤクルトスワローズ,31133885,石井　一久,K.Ishii,28.0,51.0,48.0,2.0,7.0,0.0,0.0,0.0,7.0,0.0,0.0,0,3.0,0.0,0.0,0,0.0,19.0,0.0,0.146,0.146,0.146,0.292,7.0,0.0,0.0,0.146,0.0,37.254901960784316,0.0,0.2413793103448276,0.10219999999999999,194.66666666666666,0.0,0.17073170731707318,0.146,7.0,0.0,0.0,28.0,51.0,48.0,7.0,0.0,0.0,2.0,0.146,0.146,0.0,0,0.0,,7.0,0.0,0,3.0,0.0,,1.0208333333333333,-0.5179999999999998
2007,CL,広島東洋カープ,31135111,青木　勇人,H.Aoki,43.0,0.0,0.0,0.0,0.0,0.0,0.0,0.0,0.0,0.0,0.0,0,0.0,0.0,0.0,0,0.0,0.0,0.0,,,,0.0,0.0,0.0,0.0,,nan,nan,nan,nan,0.0,0.0,nan,nan,,0.0,0.0,0.0,43.0,0.0,0.0,0.0,0.0,0.0,0.0,,,0.0,0,0.0,,0.0,0.0,0,0.0,0.0,,nan,0.0
2007,CL,阪神タイガース,31135113,相木　崇,T.Aiki,4.0,0.0,0.0,0.0,0.0,0.0,0.0,0.0,0.0,0.0,0.0,0,0.0,0.0,0.0,0,0.0,0.0,0.0,,,,0.0,0.0,0.0,0.0,,nan,nan,nan,nan,0.0,0.0,nan,nan,,0.0,0.0,0.0,4.0,0.0,0.0,0.0,0.0,0.0,0.0,,,0.0,0,0.0,,0.0,0.0,0,0.0,0.0,,nan,0.0
2007,CL,東京ヤクルトスワローズ,31135119,青木　宣親,N.Aoki,143.0,652.0,557.0,114.0,193.0,26.0,2.0,20.0,283.0,58.0,17,6,4.0,3.0,80.0,0,8.0,66.0,4.0,0.346,0.434,0.508,0.942,145.0,0.16200000000000003,0.08800000000000002,0.5960000000000001,12.269938650306749,10.122699386503067,1.2121212121212122,0.3649789029535865,0.32230000000000003,603.3333333333333,0.31597845601436264,1.0244565217391304,0.346,193.0,20.0,58.0,143.0,652.0,557.0,145.0,26.0,2.0,114.0,0.434,0.508,80.0,0,8.0,,283.0,17,6,4.0,3.0,,121.28571428571429,116.548
2007,CL,東京ヤクルトスワローズ,31233882,宮出　隆自,R.Miyade,111.0,348.0,323.0,28.0,90.0,10.0,3.0,9.0,133.0,46.0,3,0,6.0,1.0,16.0,0,2.0,63.0,4.0,0.279,0.316,0.412,0.728,68.0,0.13299999999999995,0.03699999999999998,0.4489999999999999,4.597701149425287,18.103448275862068,0.25396825396825395,0.32142857142857145,0.24519999999999997,453.33333333333337,0.1826625386996904,0.6371308016877637,0.279,90.0,9.0,46.0,111.0,348.0,323.0,68.0,10.0,3.0,28.0,0.316,0.412,16.0,0,2.0,,133.0,3,0,6.0,1.0,,41.58702064896755,40.385999999999996
2007,CL,読売ジャイアンツ,31233883,木村　拓也,T.Kimura,113.0,338.0,311.0,26.0,82.0,15.0,2.0,2.0,107.0,29.0,4.0,4,5.0,2.0,17.0,0,3.0,64.0,6.0,0.264,0.306,0.344,0.6499999999999999,63.0,0.07999999999999996,0.04199999999999998,0.3859999999999999,5.029585798816568,18.93491124260355,0.265625,0.32388663967611336,0.22369999999999998,420.66666666666663,0.14790996784565916,0.5574468085106383,0.264,82.0,2.0,29.0,113.0,338.0,311.0,63.0,15.0,2.0,26.0,0.306,0.344,17.0,0,3.0,,107.0,4.0,4,5.0,2.0,,32.295731707317074,32.138
2007,CL,東京ヤクルトスワローズ,31235113,畠山　和洋,K.Hatakeyama,37.0,88.0,75.0,4.0,17.0,2.0,0.0,1.0,22.0,7.0,0,1,2.0,0.0,10.0,0,1.0,20.0,2.0,0.227,0.326,0.293,0.619,14.0,0.06599999999999998,0.099,0.392,11.363636363636363,22.727272727272727,0.5,0.2962962962962963,0.21994999999999998,423.6666666666667,0.21333333333333335,0.5666666666666667,0.227,17.0,1.0,7.0,37.0,88.0,75.0,14.0,2.0,0.0,4.0,0.326,0.293,10.0,0,1.0,,22.0,0,1,2.0,0.0,,6.988235294117647,8.006
2007,CL,広島東洋カープ,31335119,尾形　佳紀,Y.Ogata,46.0,76.0,70.0,10.0,15.0,3.0,0.0,2.0,24.0,3.0,0.0,0,1.0,0.0,4.0,0,1.0,24.0,0.0,0.214,0.267,0.343,0.6100000000000001,10.0,0.12900000000000003,0.05300000000000002,0.396,5.263157894736842,31.57894736842105,0.16666666666666666,0.29545454545454547,0.20590000000000003,381.33333333333337,0.18571428571428572,0.5272727272727272,0.214,15.0,2.0,3.0,46.0,76.0,70.0,10.0,3.0,0.0,10.0,0.267,0.343,4.0,0,1.0,,24.0,0.0,0,1.0,0.0,,6.162162162162162,6.299999999999999
2007,CL,東京ヤクルトスワローズ,31433868,木田　優夫,M.Kida,50.0,1.0,1.0,0.0,0.0,0.0,0.0,0.0,0.0,0.0,0.0,0,0.0,0.0,0.0,0,0.0,0.0,0.0,0.0,0.0,0.0,0.0,0.0,0.0,0.0,0.0,0.0,0.0,nan,0.0,0.0,0.0,0.0,0.0,0.0,0.0,0.0,0.0,50.0,1.0,1.0,0.0,0.0,0.0,0.0,0.0,0.0,0.0,0,0.0,,0.0,0.0,0,0.0,0.0,,0.0,-0.098
2007,CL,阪神タイガース,31433885,桧山　進次郎,S.Hiyama,85.0,106.0,89.0,6.0,17.0,1.0,0.0,3.0,27.0,13.0,1,0,0.0,1.0,15.0,0,1.0,27.0,5.0,0.191,0.311,0.303,0.614,13.0,0.11199999999999999,0.12,0.423,14.150943396226415,25.471698113207548,0.5555555555555556,0.23333333333333334,0.2157,412.0,0.2808988764044944,0.5584415584415584,0.191,17.0,3.0,13.0,85.0,106.0,89.0,13.0,1.0,0.0,6.0,0.311,0.303,15.0,0,1.0,,27.0,1,0,0.0,1.0,,8.307692307692308,9.764
2007,CL,読売ジャイアンツ,31435112,福田　聡志,S.Fukuda,15.0,19.0,14.0,0.0,0.0,0.0,0.0,0.0,0.0,0.0,0.0,0,5.0,0.0,0.0,0,0.0,9.0,0.0,0.0,0.0,0.0,0.0,0.0,0.0,0.0,0.0,0.0,47.368421052631575,0.0,0.0,0.0,0.0,0.0,0.0,0.0,0.0,0.0,0.0,15.0,19.0,14.0,0.0,0.0,0.0,0.0,0.0,0.0,0.0,0,0.0,,0.0,0.0,0,5.0,0.0,,0.0,-1.372
2007,CL,東京ヤクルトスワローズ,31435114,西﨑　聡,S.Nishizaki,4.0,0.0,0.0,0.0,0.0,0.0,0.0,0.0,0.0,0.0,0.0,0,0.0,0.0,0.0,0,0.0,0.0,0.0,,,,0.0,0.0,0.0,0.0,,nan,nan,nan,nan,0.0,0.0,nan,nan,,0.0,0.0,0.0,4.0,0.0,0.0,0.0,0.0,0.0,0.0,,,0.0,0,0.0,,0.0,0.0,0,0.0,0.0,,nan,0.0
2007,CL,広島東洋カープ,31533886,倉　義和,Y.Kura,82.0,274.0,248.0,19.0,68.0,11.0,0.0,7.0,100.0,25.0,1,2,5.0,2.0,15.0,0,4.0,42.0,2.0,0.274,0.323,0.403,0.726,50.0,0.129,0.04899999999999999,0.452,5.474452554744526,15.328467153284672,0.35714285714285715,0.3034825870646766,0.2461,457.33333333333337,0.1975806451612903,0.6648351648351648,0.274,68.0,7.0,25.0,82.0,274.0,248.0,50.0,11.0,0.0,19.0,0.323,0.403,15.0,0,4.0,,100.0,1,2,5.0,2.0,,31.55893536121673,31.990000000000002
2007,CL,東京ヤクルトスワローズ,31535110,川本　良平,R.Kawamoto,51.0,166.0,144.0,22.0,30.0,3.0,2.0,7.0,58.0,19.0,6,0,3.0,2.0,14.0,0,3.0,38.0,1.0,0.208,0.288,0.403,0.6910000000000001,18.0,0.19500000000000003,0.07999999999999999,0.483,8.433734939759036,22.89156626506024,0.3684210526315789,0.22772277227722773,0.23035,422.3333333333333,0.2916666666666667,0.6521739130434783,0.208,30.0,7.0,19.0,51.0,166.0,144.0,18.0,3.0,2.0,22.0,0.288,0.403,14.0,0,3.0,,58.0,6,0,3.0,2.0,,16.151898734177216,17.758
2007,CL,広島東洋カープ,31535111,栗原　健太,K.Kurihara,144.0,622.0,565.0,77.0,175.0,37.0,1.0,25.0,289.0,92.0,3,4,0.0,6.0,46.0,0,3.0,94.0,13.0,0.31,0.361,0.512,0.873,112.0,0.202,0.05099999999999999,0.563,7.395498392282958,15.112540192926044,0.48936170212765956,0.33185840707964603,0.29045,531.6666666666666,0.2902654867256637,0.8486352357320099,0.31,175.0,25.0,92.0,144.0,622.0,565.0,112.0,37.0,1.0,77.0,0.361,0.512,46.0,0,3.0,,289.0,3,4,0.0,6.0,,104.53191489361703,98.35000000000002
2007,CL,横浜DeNAベイスターズ,31535115,岡本　直也,N.Okamoto,2.0,0.0,0.0,0.0,0.0,0.0,0.0,0.0,0.0,0.0,0.0,0,0.0,0.0,0.0,0,0.0,0.0,0.0,,,,0.0,0.0,0.0,0.0,,nan,nan,nan,nan,0.0,0.0,nan,nan,,0.0,0.0,0.0,2.0,0.0,0.0,0.0,0.0,0.0,0.0,,,0.0,0,0.0,,0.0,0.0,0,0.0,0.0,,nan,0.0
2007,CL,広島東洋カープ,31633881,前田　智徳,T.Maeda,124.0,446.0,414.0,41.0,118.0,17.0,0.0,15.0,180.0,71.0,1,2,0.0,4.0,20.0,0,8.0,31.0,12.0,0.285,0.327,0.435,0.762,86.0,0.15000000000000002,0.04200000000000004,0.477,4.484304932735426,6.950672645739911,0.6451612903225806,0.2768817204301075,0.2559,472.0,0.2028985507246377,0.6818181818181818,0.285,118.0,15.0,71.0,124.0,446.0,414.0,86.0,17.0,0.0,41.0,0.327,0.435,20.0,0,8.0,,180.0,1,2,0.0,4.0,,57.235023041474655,57.431999999999995
2007,CL,横浜DeNAベイスターズ,31635113,吉見　祐治,Y.Yoshimi,45.0,21.0,18.0,0.0,6.0,0.0,0.0,0.0,6.0,2.0,0.0,0,2.0,1.0,0.0,0,0.0,3.0,0.0,0.333,0.316,0.333,0.649,6.0,0.0,-0.017000000000000015,0.316,0.0,14.285714285714285,0.0,0.375,0.22544999999999998,427.0,0.0,0.5,0.333,6.0,0.0,2.0,45.0,21.0,18.0,6.0,0.0,0.0,0.0,0.316,0.333,0.0,0,0.0,,6.0,0.0,0,2.0,1.0,,2.0,1.8239999999999998
2007,CL,中日ドラゴンズ,31635115,山井　大介,D.Yamai,14.0,33.0,31.0,0.0,3.0,0.0,0.0,0.0,3.0,0.0,0.0,0,2.0,0.0,0.0,0,0.0,12.0,0.0,0.097,0.097,0.097,0.194,3.0,0.0,0.0,0.097,0.0,36.36363636363637,0.0,0.15789473684210525,0.0679,129.33333333333331,0.0,0.10714285714285714,0.097,3.0,0.0,0.0,14.0,33.0,31.0,3.0,0.0,0.0,0.0,0.097,0.097,0.0,0,0.0,,3.0,0.0,0,2.0,0.0,,0.2903225806451613,-1.2440000000000002
2007,CL,中日ドラゴンズ,31735110,小山　良男,Y.Koyama,1.0,1.0,1.0,0.0,0.0,0.0,0.0,0.0,0.0,0.0,0.0,0,0.0,0.0,0.0,0,0.0,1.0,0.0,0.0,0.0,0.0,0.0,0.0,0.0,0.0,0.0,0.0,100.0,0.0,nan,0.0,0.0,0.0,0.0,0.0,0.0,0.0,0.0,1.0,1.0,1.0,0.0,0.0,0.0,0.0,0.0,0.0,0.0,0,0.0,,0.0,0.0,0,0.0,0.0,,0.0,-0.098
2007,CL,東京ヤクルトスワローズ,31735112,川端　慎吾,S.Kawabata,9.0,13.0,10.0,1.0,1.0,1.0,0.0,0.0,2.0,1.0,0.0,0,2.0,0.0,1.0,0,0.0,6.0,0.0,0.1,0.182,0.2,0.382,0.0,0.1,0.08199999999999999,0.282,7.6923076923076925,46.15384615384615,0.16666666666666666,0.25,0.13190000000000002,248.66666666666666,0.2,0.3333333333333333,0.1,1.0,0.0,1.0,9.0,13.0,10.0,0.0,1.0,0.0,1.0,0.182,0.2,1.0,0,0.0,,2.0,0.0,0,2.0,0.0,,0.36363636363636365,0.16800000000000004
2007,CL,東京ヤクルトスワローズ,31735113,鎌田　祐哉,Y.Kamada,22.0,3.0,3.0,0.0,0.0,0.0,0.0,0.0,0.0,0.0,0.0,0,0.0,0.0,0.0,0,0.0,1.0,0.0,0.0,0.0,0.0,0.0,0.0,0.0,0.0,0.0,0.0,33.33333333333333,0.0,0.0,0.0,0.0,0.0,0.0,0.0,0.0,0.0,0.0,22.0,3.0,3.0,0.0,0.0,0.0,0.0,0.0,0.0,0.0,0,0.0,,0.0,0.0,0,0.0,0.0,,0.0,-0.29400000000000004
2007,CL,読売ジャイアンツ,31735114,金刃　憲人,N.Kaneto,22.0,42.0,33.0,1.0,4.0,0.0,0.0,0.0,4.0,1.0,0.0,0,7.0,0.0,2.0,0,0.0,10.0,0.0,0.121,0.171,0.121,0.29200000000000004,4.0,0.0,0.05000000000000002,0.171,4.761904761904762,23.809523809523807,0.2,0.17391304347826086,0.1072,211.33333333333334,0.06060606060606061,0.20689655172413793,0.121,4.0,0.0,1.0,22.0,42.0,33.0,4.0,0.0,0.0,1.0,0.171,0.121,2.0,0,0.0,,4.0,0.0,0,7.0,0.0,,0.6857142857142857,-0.18199999999999994
2007,CL,阪神タイガース,31835117,J.ウィリアムス,J.Williams,60.0,0.0,0.0,0.0,0.0,0.0,0.0,0.0,0.0,0.0,0.0,0,0.0,0.0,0.0,0,0.0,0.0,0.0,,,,0.0,0.0,0.0,0.0,,nan,nan,nan,nan,0.0,0.0,nan,nan,,0.0,0.0,0.0,60.0,0.0,0.0,0.0,0.0,0.0,0.0,,,0.0,0,0.0,,0.0,0.0,0,0.0,0.0,,nan,0.0
2007,CL,横浜DeNAベイスターズ,31933882,仁志　敏久,T.Nishi,137.0,606.0,556.0,68.0,150.0,27.0,2.0,10.0,211.0,45.0,3,2,10.0,4.0,36.0,0,0.0,63.0,14.0,0.27,0.312,0.379,0.6910000000000001,111.0,0.10899999999999999,0.04199999999999998,0.421,5.9405940594059405,10.396039603960396,0.5714285714285714,0.2874743326488706,0.23515,438.33333333333337,0.17805755395683454,0.5928571428571429,0.27,150.0,10.0,45.0,137.0,606.0,556.0,111.0,27.0,2.0,68.0,0.312,0.379,36.0,0,0.0,,211.0,3,2,10.0,4.0,,66.29391891891892,63.87199999999998
2007,CL,阪神タイガース,31933886,高橋　光信,M.Takahashi,37.0,48.0,44.0,2.0,11.0,0.0,0.0,1.0,14.0,4.0,0.0,0,0.0,0.0,3.0,0,1.0,7.0,1.0,0.25,0.312,0.318,0.63,10.0,0.068,0.062,0.38,6.25,14.583333333333334,0.42857142857142855,0.2777777777777778,0.21989999999999998,418.0,0.13636363636363635,0.5294117647058824,0.25,11.0,1.0,4.0,37.0,48.0,44.0,10.0,0.0,0.0,2.0,0.312,0.318,3.0,0,1.0,,14.0,0.0,0,0.0,0.0,,4.170212765957447,4.526
2007,CL,中日ドラゴンズ,31935117,小林　正人,M.Kobayashi,18.0,0.0,0.0,0.0,0.0,0.0,0.0,0.0,0.0,0.0,0.0,0,0.0,0.0,0.0,0,0.0,0.0,0.0,,,,0.0,0.0,0.0,0.0,,nan,nan,nan,nan,0.0,0.0,nan,nan,,0.0,0.0,0.0,18.0,0.0,0.0,0.0,0.0,0.0,0.0,,,0.0,0,0.0,,0.0,0.0,0,0.0,0.0,,nan,0.0
2007,CL,横浜DeNAベイスターズ,3305114,ホセロ,J.Diaz,46.0,9.0,9.0,3.0,3.0,0.0,0.0,1.0,6.0,1.0,0.0,0,0.0,0.0,0.0,0,0.0,5.0,0.0,0.333,0.333,0.667,1.0,2.0,0.334,0.0,0.667,0.0,55.55555555555556,0.0,0.6666666666666666,0.3166,555.3333333333334,0.3333333333333333,1.0,0.333,3.0,1.0,1.0,46.0,9.0,9.0,2.0,0.0,0.0,3.0,0.333,0.667,0.0,0,0.0,,6.0,0.0,0,0.0,0.0,,2.0,1.8519999999999999
2007,CL,阪神タイガース,33135112,渡辺　亮,R.Watanabe,53.0,1.0,1.0,0.0,0.0,0.0,0.0,0.0,0.0,0.0,0.0,0,0.0,0.0,0.0,0,0.0,1.0,0.0,0.0,0.0,0.0,0.0,0.0,0.0,0.0,0.0,0.0,100.0,0.0,nan,0.0,0.0,0.0,0.0,0.0,0.0,0.0,0.0,53.0,1.0,1.0,0.0,0.0,0.0,0.0,0.0,0.0,0.0,0,0.0,,0.0,0.0,0,0.0,0.0,,0.0,-0.098
2007,CL,広島東洋カープ,33335114,J.フェルナンデス,J.Fernandez,30.0,21.0,19.0,0.0,1.0,0.0,0.0,0.0,1.0,0.0,0.0,0,1.0,0.0,0.0,0,1.0,10.0,0.0,0.053,0.1,0.053,0.153,1.0,0.0,0.04700000000000001,0.1,0.0,47.61904761904761,0.0,0.1111111111111111,0.05825,117.66666666666667,0.0,0.1111111111111111,0.053,1.0,0.0,0.0,30.0,21.0,19.0,1.0,0.0,0.0,0.0,0.1,0.053,0.0,0,1.0,,1.0,0.0,0,1.0,0.0,,0.05263157894736842,-0.9339999999999999
2007,CL,横浜DeNAベイスターズ,41043886,新沼　慎二,S.Niinuma,4.0,6.0,6.0,1.0,1.0,0.0,0.0,1.0,4.0,1.0,0.0,0,0.0,0.0,0.0,0,0.0,2.0,0.0,0.167,0.167,0.667,0.8340000000000001,0.0,0.5,0.0,0.667,0.0,33.33333333333333,0.0,0.0,0.2419,389.33333333333337,0.5,0.8,0.167,1.0,1.0,1.0,4.0,6.0,6.0,0.0,0.0,0.0,1.0,0.167,0.667,0.0,0,0.0,,4.0,0.0,0,0.0,0.0,,0.6666666666666666,0.95
2007,CL,中日ドラゴンズ,41143886,井端　弘和,H.Ibata,144.0,665.0,588.0,87.0,174.0,34.0,4.0,5.0,231.0,45.0,23,6,8.0,1.0,63.0,0,5.0,74.0,13.0,0.296,0.368,0.393,0.761,131.0,0.09700000000000003,0.07200000000000001,0.465,9.473684210526317,11.12781954887218,0.8513513513513513,0.33137254901960783,0.26385000000000003,499.0,0.21428571428571427,0.7142857142857143,0.296,174.0,5.0,45.0,144.0,665.0,588.0,131.0,34.0,4.0,87.0,0.368,0.393,63.0,0,5.0,,231.0,23,6,8.0,1.0,,84.09677419354838,84.288
2007,CL,阪神タイガース,41145115,安藤　優也,Y.Andou,8.0,7.0,7.0,0.0,1.0,0.0,0.0,0.0,1.0,0.0,0.0,0,0.0,0.0,0.0,0,0.0,3.0,0.0,0.143,0.143,0.143,0.286,1.0,0.0,0.0,0.143,0.0,42.857142857142854,0.0,0.25,0.1001,190.66666666666666,0.0,0.16666666666666666,0.143,1.0,0.0,0.0,8.0,7.0,7.0,1.0,0.0,0.0,0.0,0.143,0.143,0.0,0,0.0,,1.0,0.0,0,0.0,0.0,,0.14285714285714285,-0.08800000000000008
2007,CL,横浜DeNAベイスターズ,41145119,牛田　成樹,S.Ushida,9.0,0.0,0.0,0.0,0.0,0.0,0.0,0.0,0.0,0.0,0.0,0,0.0,0.0,0.0,0,0.0,0.0,0.0,,,,0.0,0.0,0.0,0.0,,nan,nan,nan,nan,0.0,0.0,nan,nan,,0.0,0.0,0.0,9.0,0.0,0.0,0.0,0.0,0.0,0.0,,,0.0,0,0.0,,0.0,0.0,0,0.0,0.0,,nan,0.0
2007,CL,阪神タイガース,41343883,矢野　燿大,A.Yano,106.0,401.0,356.0,25.0,84.0,14.0,1.0,6.0,118.0,42.0,0.0,0,7.0,1.0,34.0,0,3.0,92.0,9.0,0.236,0.307,0.331,0.638,63.0,0.09500000000000003,0.07100000000000001,0.402,8.478802992518704,22.942643391521198,0.3695652173913043,0.30115830115830117,0.22089999999999999,417.3333333333333,0.19101123595505617,0.5516014234875445,0.236,84.0,6.0,42.0,106.0,401.0,356.0,63.0,14.0,1.0,25.0,0.307,0.331,34.0,0,3.0,,118.0,0.0,0,7.0,1.0,,35.702564102564104,36.81399999999999
2007,CL,阪神タイガース,41343885,金本　知憲,T.Kanemoto,144.0,624.0,533.0,74.0,141.0,17.0,3.0,31.0,257.0,95.0,1,0,0.0,7.0,81.0,0,3.0,113.0,9.0,0.265,0.361,0.482,0.843,90.0,0.21699999999999997,0.09599999999999997,0.578,12.980769230769232,18.108974358974358,0.7168141592920354,0.2777777777777778,0.28295000000000003,521.6666666666666,0.3696060037523452,0.8503740648379052,0.265,141.0,31.0,95.0,144.0,624.0,533.0,90.0,17.0,3.0,74.0,0.361,0.482,81.0,0,3.0,,257.0,1,0,0.0,7.0,,92.92182410423453,94.304
2007,CL,中日ドラゴンズ,41343886,川上　憲伸,K.Kawakami,26.0,54.0,48.0,2.0,5.0,2.0,0.0,0.0,7.0,0.0,0.0,0,6.0,0.0,0.0,0,0.0,22.0,1.0,0.104,0.104,0.146,0.25,3.0,0.041999999999999996,0.0,0.146,0.0,40.74074074074074,0.0,0.19230769230769232,0.0833,152.66666666666669,0.041666666666666664,0.1590909090909091,0.104,5.0,0.0,0.0,26.0,54.0,48.0,3.0,2.0,0.0,2.0,0.104,0.146,0.0,0,0.0,,7.0,0.0,0,6.0,0.0,,0.7291666666666666,-1.2740000000000005
2007,CL,横浜DeNAベイスターズ,41443880,相川　亮二,R.Aikawa,123.0,450.0,391.0,37.0,118.0,12.0,1.0,2.0,138.0,33.0,0,1,16.0,1.0,40.0,0,2.0,51.0,6.0,0.302,0.369,0.353,0.722,103.0,0.05099999999999999,0.067,0.42,8.88888888888889,11.333333333333332,0.7843137254901961,0.3421828908554572,0.25429999999999997,486.66666666666663,0.15601023017902813,0.6487455197132617,0.302,118.0,2.0,33.0,123.0,450.0,391.0,103.0,12.0,1.0,37.0,0.369,0.353,40.0,0,2.0,,138.0,0,1,16.0,1.0,,50.58932714617169,51.346000000000004
2007,CL,横浜DeNAベイスターズ,41443885,三浦　大輔,D.Miura,30.0,61.0,55.0,2.0,5.0,5.0,0.0,0.0,10.0,3.0,0.0,0,6.0,0.0,0.0,0,0.0,18.0,1.0,0.091,0.091,0.182,0.273,0.0,0.091,0.0,0.182,0.0,29.508196721311474,0.0,0.13513513513513514,0.08645,151.66666666666669,0.09090909090909091,0.19607843137254902,0.091,5.0,0.0,3.0,30.0,61.0,55.0,0.0,5.0,0.0,2.0,0.091,0.182,0.0,0,0.0,,10.0,0.0,0,6.0,0.0,,0.9090909090909091,-1.3000000000000007
2007,CL,読売ジャイアンツ,41543884,小坂　誠,M.Kosaka,56.0,31.0,24.0,13.0,3.0,1.0,1.0,0.0,6.0,3.0,2,0,1.0,1.0,4.0,0,1.0,8.0,0.0,0.125,0.267,0.25,0.517,1.0,0.125,0.14200000000000002,0.392,12.903225806451612,25.806451612903224,0.5,0.17647058823529413,0.18265,350.3333333333333,0.2916666666666667,0.5238095238095238,0.125,3.0,0.0,3.0,56.0,31.0,24.0,1.0,1.0,1.0,13.0,0.267,0.25,4.0,0,1.0,,6.0,2,0,1.0,1.0,,1.5,1.8519999999999999
2007,CL,横浜DeNAベイスターズ,41545117,加藤　武治,T.Katou,52.0,14.0,10.0,0.0,0.0,0.0,0.0,0.0,0.0,0.0,0.0,0,3.0,0.0,1.0,0,0.0,5.0,0.0,0.0,0.091,0.0,0.091,0.0,0.0,0.091,0.091,7.142857142857142,35.714285714285715,0.2,0.0,0.04095,91.0,0.1,0.1,0.0,0.0,0.0,0.0,52.0,14.0,10.0,0.0,0.0,0.0,0.0,0.091,0.0,1.0,0,0.0,,0.0,0.0,0,3.0,0.0,,0.0,-0.6499999999999999
2007,CL,阪神タイガース,41545119,小宮山　慎二,S.Komiyama,1.0,1.0,1.0,0.0,0.0,0.0,0.0,0.0,0.0,0.0,0.0,0,0.0,0.0,0.0,0,0.0,1.0,0.0,0.0,0.0,0.0,0.0,0.0,0.0,0.0,0.0,0.0,100.0,0.0,nan,0.0,0.0,0.0,0.0,0.0,0.0,0.0,0.0,1.0,1.0,1.0,0.0,0.0,0.0,0.0,0.0,0.0,0.0,0,0.0,,0.0,0.0,0,0.0,0.0,,0.0,-0.098
2007,CL,東京ヤクルトスワローズ,41745113,坂元　弥太郎,Y.Sakamoto,2.0,0.0,0.0,0.0,0.0,0.0,0.0,0.0,0.0,0.0,0.0,0,0.0,0.0,0.0,0,0.0,0.0,0.0,,,,0.0,0.0,0.0,0.0,,nan,nan,nan,nan,0.0,0.0,nan,nan,,0.0,0.0,0.0,2.0,0.0,0.0,0.0,0.0,0.0,0.0,,,0.0,0,0.0,,0.0,0.0,0,0.0,0.0,,nan,0.0
2007,CL,中日ドラゴンズ,41845112,吉見　一起,K.Yoshimi,5.0,5.0,4.0,0.0,0.0,0.0,0.0,0.0,0.0,0.0,0.0,0,1.0,0.0,0.0,0,0.0,3.0,0.0,0.0,0.0,0.0,0.0,0.0,0.0,0.0,0.0,0.0,60.0,0.0,0.0,0.0,0.0,0.0,0.0,0.0,0.0,0.0,0.0,5.0,5.0,4.0,0.0,0.0,0.0,0.0,0.0,0.0,0.0,0,0.0,,0.0,0.0,0,1.0,0.0,,0.0,-0.392
2007,CL,広島東洋カープ,41943888,広池　浩司,K.Hiroike,32.0,2.0,2.0,0.0,0.0,0.0,0.0,0.0,0.0,0.0,0.0,0,0.0,0.0,0.0,0,0.0,2.0,0.0,0.0,0.0,0.0,0.0,0.0,0.0,0.0,0.0,0.0,100.0,0.0,nan,0.0,0.0,0.0,0.0,0.0,0.0,0.0,0.0,32.0,2.0,2.0,0.0,0.0,0.0,0.0,0.0,0.0,0.0,0,0.0,,0.0,0.0,0,0.0,0.0,,0.0,-0.196
2007,CL,阪神タイガース,41945110,玉置　隆,Y.Tamaki,2.0,0.0,0.0,0.0,0.0,0.0,0.0,0.0,0.0,0.0,0.0,0,0.0,0.0,0.0,0,0.0,0.0,0.0,,,,0.0,0.0,0.0,0.0,,nan,nan,nan,nan,0.0,0.0,nan,nan,,0.0,0.0,0.0,2.0,0.0,0.0,0.0,0.0,0.0,0.0,,,0.0,0,0.0,,0.0,0.0,0,0.0,0.0,,nan,0.0
2007,CL,阪神タイガース,43145114,ジャン,E.Yan,21.0,30.0,28.0,1.0,4.0,1.0,0.0,0.0,5.0,1.0,0.0,0,2.0,0.0,0.0,0,0.0,19.0,0.0,0.143,0.143,0.179,0.32199999999999995,3.0,0.036000000000000004,0.0,0.179,0.0,63.33333333333333,0.0,0.4444444444444444,0.10909999999999999,202.66666666666666,0.03571428571428571,0.20833333333333334,0.143,4.0,0.0,1.0,21.0,30.0,28.0,3.0,1.0,0.0,1.0,0.143,0.179,0.0,0,0.0,,5.0,0.0,0,2.0,0.0,,0.7142857142857143,-0.13200000000000056
2007,CL,読売ジャイアンツ,43345113,J.パウエル,J.Powell,7.0,15.0,13.0,0.0,1.0,0.0,0.0,0.0,1.0,1.0,0.0,0,2.0,0.0,0.0,0,0.0,11.0,0.0,0.077,0.077,0.077,0.154,1.0,0.0,0.0,0.077,0.0,73.33333333333333,0.0,0.5,0.0539,102.66666666666667,0.0,0.08333333333333333,0.077,1.0,0.0,1.0,7.0,15.0,13.0,1.0,0.0,0.0,0.0,0.077,0.077,0.0,0,0.0,,1.0,0.0,0,2.0,0.0,,0.07692307692307693,-0.6760000000000002
2007,CL,広島東洋カープ,43545114,E.カリダ,E.Caridad,2.0,0.0,0.0,0.0,0.0,0.0,0.0,0.0,0.0,0.0,0.0,0,0.0,0.0,0.0,0,0.0,0.0,0.0,,,,0.0,0.0,0.0,0.0,,nan,nan,nan,nan,0.0,0.0,nan,nan,,0.0,0.0,0.0,2.0,0.0,0.0,0.0,0.0,0.0,0.0,,,0.0,0,0.0,,0.0,0.0,0,0.0,0.0,,nan,0.0
2007,CL,東京ヤクルトスワローズ,51053880,宮本　慎也,S.Miyamoto,131.0,514.0,464.0,42.0,139.0,18.0,3.0,5.0,178.0,39.0,3,1,23.0,0.0,22.0,0,5.0,55.0,16.0,0.3,0.338,0.384,0.722,113.0,0.08400000000000002,0.038000000000000034,0.422,4.280155642023346,10.700389105058365,0.4,0.3316831683168317,0.24810000000000001,466.0,0.1336206896551724,0.6041055718475073,0.3,139.0,5.0,39.0,131.0,514.0,464.0,113.0,18.0,3.0,42.0,0.338,0.384,22.0,0,5.0,,178.0,3,1,23.0,0.0,,58.96707818930041,57.02
2007,CL,横浜DeNAベイスターズ,51053886,土肥　義弘,Y.Doi,18.0,31.0,27.0,1.0,0.0,0.0,0.0,0.0,0.0,0.0,0.0,0,3.0,0.0,1.0,0,0.0,19.0,0.0,0.0,0.036,0.0,0.036,0.0,0.0,0.036,0.036,3.225806451612903,61.29032258064516,0.05263157894736842,0.0,0.0162,36.0,0.037037037037037035,0.037037037037037035,0.0,0.0,0.0,0.0,18.0,31.0,27.0,0.0,0.0,0.0,1.0,0.036,0.0,1.0,0,0.0,,0.0,0.0,0,3.0,0.0,,0.0,-2.316
2007,CL,中日ドラゴンズ,51055110,中田　賢一,K.Nakata,29.0,59.0,46.0,3.0,5.0,0.0,0.0,0.0,5.0,3.0,0.0,0,8.0,0.0,5.0,0,0.0,25.0,1.0,0.109,0.196,0.109,0.305,5.0,0.0,0.08700000000000001,0.196,8.47457627118644,42.3728813559322,0.2,0.23809523809523808,0.11545,232.33333333333334,0.10869565217391304,0.23809523809523808,0.109,5.0,0.0,3.0,29.0,59.0,46.0,5.0,0.0,0.0,3.0,0.196,0.109,5.0,0,0.0,,5.0,0.0,0,8.0,0.0,,0.9803921568627451,0.13200000000000056
2007,CL,阪神タイガース,51055117,杉山　直久,N.Sugiyama,20.0,24.0,22.0,0.0,2.0,0.0,0.0,0.0,2.0,1.0,0.0,0,2.0,0.0,0.0,0,0.0,11.0,2.0,0.091,0.091,0.091,0.182,2.0,0.0,0.0,0.091,0.0,45.83333333333333,0.0,0.18181818181818182,0.0637,121.33333333333333,0.0,0.09090909090909091,0.091,2.0,0.0,1.0,20.0,24.0,22.0,2.0,0.0,0.0,0.0,0.091,0.091,0.0,0,0.0,,2.0,0.0,0,2.0,0.0,,0.18181818181818182,-0.96
2007,CL,阪神タイガース,51155110,赤松　真人,M.Akamatsu,28.0,43.0,39.0,4.0,6.0,1.0,0.0,0.0,7.0,1.0,8,1,1.0,1.0,2.0,0,0.0,5.0,1.0,0.154,0.19,0.179,0.369,5.0,0.024999999999999994,0.036000000000000004,0.215,4.651162790697675,11.627906976744185,0.4,0.17142857142857143,0.13025,249.66666666666669,0.10256410256410256,0.29411764705882354,0.154,6.0,0.0,1.0,28.0,43.0,39.0,5.0,1.0,0.0,4.0,0.19,0.179,2.0,0,0.0,,7.0,8,1,1.0,1.0,,1.3658536585365855,0.8259999999999996
2007,CL,中日ドラゴンズ,51155111,朝倉　健太,K.Asakura,29.0,57.0,50.0,1.0,4.0,1.0,0.0,0.0,5.0,4.0,0.0,0,4.0,0.0,3.0,0,0.0,32.0,2.0,0.08,0.132,0.1,0.232,3.0,0.020000000000000004,0.052000000000000005,0.152,5.263157894736842,56.14035087719298,0.09375,0.2222222222222222,0.0844,165.33333333333334,0.08,0.16666666666666666,0.08,4.0,0.0,4.0,29.0,57.0,50.0,3.0,1.0,0.0,1.0,0.132,0.1,3.0,0,0.0,,5.0,0.0,0,4.0,0.0,,0.660377358490566,-1.298
2007,CL,読売ジャイアンツ,51155112,会田　有志,Y.Aida,34.0,1.0,1.0,0.0,1.0,0.0,0.0,0.0,1.0,0.0,0.0,0,0.0,0.0,0.0,0,0.0,0.0,0.0,1.0,1.0,1.0,2.0,1.0,0.0,0.0,1.0,0.0,0.0,nan,1.0,0.7,1333.3333333333333,0.0,nan,1.0,1.0,0.0,0.0,34.0,1.0,1.0,1.0,0.0,0.0,0.0,1.0,1.0,0.0,0,0.0,,1.0,0.0,0,0.0,0.0,,1.0,0.5
2007,CL,広島東洋カープ,51155114,青木　高広,T.Aoki,33.0,38.0,35.0,1.0,3.0,1.0,0.0,0.0,4.0,0.0,1,0,2.0,0.0,1.0,0,0.0,13.0,1.0,0.086,0.111,0.114,0.225,2.0,0.02800000000000001,0.02500000000000001,0.139,2.631578947368421,34.21052631578947,0.07692307692307693,0.13636363636363635,0.07845,149.0,0.05714285714285714,0.15151515151515152,0.086,3.0,0.0,0.0,33.0,38.0,35.0,2.0,1.0,0.0,1.0,0.111,0.114,1.0,0,0.0,,4.0,1,0,2.0,0.0,,0.4444444444444444,-1.0860000000000003
2007,CL,阪神タイガース,51155115,浅井　良,R.Asai,5.0,9.0,8.0,1.0,2.0,0.0,0.0,0.0,2.0,1.0,0.0,0,1.0,0.0,0.0,0,0.0,2.0,0.0,0.25,0.25,0.25,0.5,2.0,0.0,0.0,0.25,0.0,22.22222222222222,0.0,0.3333333333333333,0.175,333.3333333333333,0.0,0.3333333333333333,0.25,2.0,0.0,1.0,5.0,9.0,8.0,2.0,0.0,0.0,1.0,0.25,0.25,0.0,0,0.0,,2.0,0.0,0,1.0,0.0,,0.5,0.4119999999999999
2007,CL,中日ドラゴンズ,51353888,小笠原　孝,T.Ogasawara,21.0,33.0,32.0,0.0,0.0,0.0,0.0,0.0,0.0,0.0,0.0,0,1.0,0.0,0.0,0,0.0,16.0,2.0,0.0,0.0,0.0,0.0,0.0,0.0,0.0,0.0,0.0,48.484848484848484,0.0,0.0,0.0,0.0,0.0,0.0,0.0,0.0,0.0,0.0,21.0,33.0,32.0,0.0,0.0,0.0,0.0,0.0,0.0,0.0,0,0.0,,0.0,0.0,0,1.0,0.0,,0.0,-3.136
2007,CL,阪神タイガース,51355112,岩田　稔,M.Iwata,4.0,6.0,5.0,0.0,1.0,0.0,0.0,0.0,1.0,0.0,0.0,0,1.0,0.0,0.0,0,0.0,3.0,0.0,0.2,0.2,0.2,0.4,1.0,0.0,0.0,0.2,0.0,50.0,0.0,0.5,0.14,266.6666666666667,0.0,0.25,0.2,1.0,0.0,0.0,4.0,6.0,5.0,1.0,0.0,0.0,0.0,0.2,0.2,0.0,0,0.0,,1.0,0.0,0,1.0,0.0,,0.2,0.10799999999999998
2007,CL,阪神タイガース,51355114,上園　啓史,K.Uezono,17.0,25.0,21.0,0.0,1.0,0.0,0.0,0.0,1.0,2.0,0.0,0,2.0,1.0,1.0,0,0.0,8.0,0.0,0.048,0.087,0.048,0.135,1.0,0.0,0.03899999999999999,0.087,4.0,32.0,0.125,0.07142857142857142,0.05115,103.0,0.047619047619047616,0.1,0.048,1.0,0.0,2.0,17.0,25.0,21.0,1.0,0.0,0.0,0.0,0.087,0.048,1.0,0,0.0,,1.0,0.0,0,2.0,1.0,,0.09090909090909091,-1.13
2007,CL,広島東洋カープ,51355115,石原　慶幸,Y.Ishihara,89.0,284.0,256.0,24.0,72.0,12.0,0.0,3.0,93.0,15.0,2.0,2,6.0,0.0,16.0,0,6.0,47.0,9.0,0.281,0.338,0.363,0.7010000000000001,57.0,0.08199999999999996,0.056999999999999995,0.42,5.633802816901409,16.549295774647888,0.3404255319148936,0.33495145631067963,0.24285,459.0,0.15234375,0.6062176165803109,0.281,72.0,3.0,15.0,89.0,284.0,256.0,57.0,12.0,0.0,24.0,0.338,0.363,16.0,0,6.0,,93.0,2.0,2,6.0,0.0,,30.08823529411765,31.048
2007,CL,広島東洋カープ,51453888,山﨑　浩司,K.Yamasaki,17.0,36.0,32.0,2.0,8.0,0.0,0.0,0.0,8.0,2.0,0.0,0,2.0,1.0,1.0,0,0.0,7.0,0.0,0.25,0.265,0.25,0.515,8.0,0.0,0.015000000000000013,0.265,2.7777777777777777,19.444444444444446,0.14285714285714285,0.3076923076923077,0.18175000000000002,348.3333333333333,0.03125,0.375,0.25,8.0,0.0,2.0,17.0,36.0,32.0,8.0,0.0,0.0,2.0,0.265,0.25,1.0,0,0.0,,8.0,0.0,0,2.0,1.0,,2.1818181818181817,1.9779999999999998
2007,CL,東京ヤクルトスワローズ,51455110,松岡　健一,K.Matsuoka,11.0,20.0,17.0,0.0,0.0,0.0,0.0,0.0,0.0,0.0,0.0,0,2.0,0.0,1.0,0,0.0,10.0,1.0,0.0,0.056,0.0,0.056,0.0,0.0,0.056,0.056,5.0,50.0,0.1,0.0,0.0252,56.0,0.058823529411764705,0.05555555555555555,0.0,0.0,0.0,0.0,11.0,20.0,17.0,0.0,0.0,0.0,0.0,0.056,0.0,1.0,0,0.0,,0.0,0.0,0,2.0,0.0,,0.0,-1.336
2007,CL,中日ドラゴンズ,51455112,藤井　淳志,A.Fujii,76.0,71.0,64.0,14.0,13.0,3.0,0.0,1.0,19.0,5.0,7,2,4.0,1.0,2.0,0,0.0,19.0,0.0,0.203,0.224,0.297,0.521,9.0,0.09399999999999997,0.02099999999999999,0.3179999999999999,2.8169014084507045,26.76056338028169,0.10526315789473684,0.26666666666666666,0.17504999999999998,323.0,0.15625,0.45098039215686275,0.203,13.0,1.0,5.0,76.0,71.0,64.0,9.0,3.0,0.0,14.0,0.224,0.297,2.0,0,0.0,,19.0,7,2,4.0,1.0,,4.318181818181818,4.121999999999999
2007,CL,阪神タイガース,51455115,藤原　通,T.Fujiwara,44.0,31.0,20.0,5.0,3.0,1.0,0.0,0.0,4.0,2.0,1,0,5.0,0.0,4.0,0,2.0,6.0,0.0,0.15,0.346,0.2,0.546,2.0,0.05000000000000002,0.19599999999999998,0.396,12.903225806451612,19.35483870967742,0.6666666666666666,0.21428571428571427,0.2057,412.66666666666663,0.25,0.5882352941176471,0.15,3.0,0.0,2.0,44.0,31.0,20.0,2.0,1.0,0.0,5.0,0.346,0.2,4.0,0,2.0,,4.0,1,0,5.0,0.0,,1.1666666666666667,2.034
2007,CL,読売ジャイアンツ,51455119,李　承燁,S.I,137.0,583.0,541.0,84.0,148.0,29.0,2.0,30.0,271.0,74.0,4,3,2.0,1.0,38.0,0,1.0,119.0,8.0,0.274,0.322,0.501,0.823,87.0,0.22699999999999998,0.04799999999999999,0.5489999999999999,6.518010291595197,20.411663807890225,0.31932773109243695,0.30025445292620867,0.27015,489.0,0.3031423290203327,0.7805486284289277,0.274,148.0,30.0,74.0,137.0,583.0,541.0,87.0,29.0,2.0,84.0,0.322,0.501,38.0,0,1.0,,271.0,4,3,2.0,1.0,,87.05699481865285,84.55600000000001
2007,CL,横浜DeNAベイスターズ,51553865,工藤　公康,K.Kudou,19.0,31.0,28.0,0.0,2.0,0.0,0.0,0.0,2.0,0.0,0.0,0,3.0,0.0,0.0,0,0.0,21.0,0.0,0.071,0.071,0.071,0.142,2.0,0.0,0.0,0.071,0.0,67.74193548387096,0.0,0.2857142857142857,0.049699999999999994,94.66666666666666,0.0,0.07692307692307693,0.071,2.0,0.0,0.0,19.0,31.0,28.0,2.0,0.0,0.0,0.0,0.071,0.071,0.0,0,0.0,,2.0,0.0,0,3.0,0.0,,0.14285714285714285,-1.548
2007,CL,東京ヤクルトスワローズ,51553883,高津　臣吾,S.Takatsu,25.0,0.0,0.0,0.0,0.0,0.0,0.0,0.0,0.0,0.0,0.0,0,0.0,0.0,0.0,0,0.0,0.0,0.0,,,,0.0,0.0,0.0,0.0,,nan,nan,nan,nan,0.0,0.0,nan,nan,,0.0,0.0,0.0,25.0,0.0,0.0,0.0,0.0,0.0,0.0,,,0.0,0,0.0,,0.0,0.0,0,0.0,0.0,,nan,0.0
2007,CL,横浜DeNAベイスターズ,51553884,川村　丈夫,T.Kawamura,37.0,5.0,5.0,0.0,0.0,0.0,0.0,0.0,0.0,0.0,0.0,0,0.0,0.0,0.0,0,0.0,1.0,0.0,0.0,0.0,0.0,0.0,0.0,0.0,0.0,0.0,0.0,20.0,0.0,0.0,0.0,0.0,0.0,0.0,0.0,0.0,0.0,0.0,37.0,5.0,5.0,0.0,0.0,0.0,0.0,0.0,0.0,0.0,0,0.0,,0.0,0.0,0,0.0,0.0,,0.0,-0.49
2007,CL,読売ジャイアンツ,51655117,矢野　謙次,K.Yano,103.0,178.0,158.0,28.0,46.0,14.0,2.0,7.0,85.0,29.0,1,2,3.0,1.0,9.0,0,7.0,32.0,2.0,0.291,0.354,0.538,0.892,23.0,0.24700000000000005,0.063,0.601,5.056179775280898,17.97752808988764,0.28125,0.325,0.2938,533.3333333333334,0.31645569620253167,0.9035087719298246,0.291,46.0,7.0,29.0,103.0,178.0,158.0,23.0,14.0,2.0,28.0,0.354,0.538,9.0,0,7.0,,85.0,1,2,3.0,1.0,,27.994011976047904,28.403999999999996
2007,CL,中日ドラゴンズ,51753864,デニー,T.Deni（deni,8.0,0.0,0.0,0.0,0.0,0.0,0.0,0.0,0.0,0.0,0.0,0,0.0,0.0,0.0,0,0.0,0.0,0.0,,,,0.0,0.0,0.0,0.0,,nan,nan,nan,nan,0.0,0.0,nan,nan,,0.0,0.0,0.0,8.0,0.0,0.0,0.0,0.0,0.0,0.0,,,0.0,0,0.0,,0.0,0.0,0,0.0,0.0,,nan,0.0
2007,CL,読売ジャイアンツ,51753888,實松　一成,K.Sanematsu,4.0,4.0,4.0,0.0,0.0,0.0,0.0,0.0,0.0,0.0,0.0,0,0.0,0.0,0.0,0,0.0,1.0,0.0,0.0,0.0,0.0,0.0,0.0,0.0,0.0,0.0,0.0,25.0,0.0,0.0,0.0,0.0,0.0,0.0,0.0,0.0,0.0,0.0,4.0,4.0,4.0,0.0,0.0,0.0,0.0,0.0,0.0,0.0,0,0.0,,0.0,0.0,0,0.0,0.0,,0.0,-0.392
2007,CL,中日ドラゴンズ,51755110,金剛　弘樹,H.Kongou,4.0,0.0,0.0,0.0,0.0,0.0,0.0,0.0,0.0,0.0,0.0,0,0.0,0.0,0.0,0,0.0,0.0,0.0,,,,0.0,0.0,0.0,0.0,,nan,nan,nan,nan,0.0,0.0,nan,nan,,0.0,0.0,0.0,4.0,0.0,0.0,0.0,0.0,0.0,0.0,,,0.0,0,0.0,,0.0,0.0,0,0.0,0.0,,nan,0.0
2007,CL,東京ヤクルトスワローズ,51755119,佐藤　賢,M.Satou,9.0,0.0,0.0,0.0,0.0,0.0,0.0,0.0,0.0,0.0,0.0,0,0.0,0.0,0.0,0,0.0,0.0,0.0,,,,0.0,0.0,0.0,0.0,,nan,nan,nan,nan,0.0,0.0,nan,nan,,0.0,0.0,0.0,9.0,0.0,0.0,0.0,0.0,0.0,0.0,,,0.0,0,0.0,,0.0,0.0,0,0.0,0.0,,nan,0.0
2007,CL,横浜DeNAベイスターズ,51855112,山口　俊,S.Yamaguchi,7.0,3.0,2.0,0.0,0.0,0.0,0.0,0.0,0.0,0.0,0.0,0,1.0,0.0,0.0,0,0.0,2.0,0.0,0.0,0.0,0.0,0.0,0.0,0.0,0.0,0.0,0.0,66.66666666666666,0.0,nan,0.0,0.0,0.0,0.0,0.0,0.0,0.0,0.0,7.0,3.0,2.0,0.0,0.0,0.0,0.0,0.0,0.0,0.0,0,0.0,,0.0,0.0,0,1.0,0.0,,0.0,-0.196
2007,CL,中日ドラゴンズ,51855117,タイロン・ウッズ,T.Woods,139.0,593.0,466.0,85.0,126.0,16.0,0.0,35.0,247.0,102.0,3,1,0.0,5.0,121.0,0,1.0,153.0,15.0,0.27,0.418,0.53,0.948,75.0,0.26,0.14799999999999996,0.6779999999999999,20.404721753794266,25.801011804384487,0.7908496732026143,0.3215547703180212,0.3206,594.6666666666666,0.5214592274678111,1.0422535211267605,0.27,126.0,35.0,102.0,139.0,593.0,466.0,75.0,16.0,0.0,85.0,0.418,0.53,121.0,0,1.0,,247.0,3,1,0.0,5.0,,103.9335604770017,106.54000000000002
2007,CL,読売ジャイアンツ,51953886,高橋　由伸,Y.Takahashi,133.0,590.0,503.0,76.0,155.0,29.0,1.0,35.0,291.0,88.0,1,5,3.0,2.0,66.0,0,16.0,107.0,3.0,0.308,0.404,0.579,0.983,90.0,0.27099999999999996,0.09600000000000003,0.675,11.186440677966102,18.135593220338983,0.616822429906542,0.3305785123966942,0.32655,597.0,0.4115308151093439,1.0769230769230769,0.308,155.0,35.0,88.0,133.0,590.0,503.0,90.0,29.0,1.0,76.0,0.404,0.579,66.0,0,16.0,,291.0,1,5,3.0,2.0,,113.02460456942003,111.176
2007,CL,読売ジャイアンツ,51955114,坂本　勇人,H.Sakamoto,4.0,3.0,3.0,1.0,1.0,0.0,0.0,0.0,1.0,2.0,1,0,0.0,0.0,0.0,0,0.0,0.0,0.0,0.333,0.333,0.333,0.666,1.0,0.0,0.0,0.333,0.0,0.0,nan,0.3333333333333333,0.23310000000000003,444.0,0.0,0.5,0.333,1.0,0.0,2.0,4.0,3.0,3.0,1.0,0.0,0.0,1.0,0.333,0.333,0.0,0,0.0,,1.0,1,0,0.0,0.0,,0.3333333333333333,0.304
2007,CL,中日ドラゴンズ,53155114,李　炳圭,B.I,132.0,508.0,478.0,43.0,125.0,23.0,1.0,9.0,177.0,46.0,0,2,3.0,3.0,23.0,0,1.0,108.0,8.0,0.262,0.295,0.37,0.665,92.0,0.10799999999999998,0.032999999999999974,0.4029999999999999,4.52755905511811,21.25984251968504,0.21296296296296297,0.31868131868131866,0.22525,418.3333333333333,0.16108786610878661,0.5623268698060941,0.262,125.0,9.0,46.0,132.0,508.0,478.0,92.0,23.0,1.0,43.0,0.295,0.37,23.0,0,1.0,,177.0,0,2,3.0,3.0,,52.287425149700596,50.246
2007,CL,広島東洋カープ,53355117,アレックス,A.Ochoa,73.0,320.0,290.0,36.0,87.0,18.0,1.0,7.0,128.0,31.0,2,4,0.0,0.0,28.0,0,2.0,48.0,4.0,0.3,0.366,0.441,0.8069999999999999,61.0,0.14100000000000001,0.066,0.507,8.75,15.0,0.5833333333333334,0.3404255319148936,0.27495,513.0,0.2517241379310345,0.782608695652174,0.3,87.0,7.0,31.0,73.0,320.0,290.0,61.0,18.0,1.0,36.0,0.366,0.441,28.0,0,2.0,,128.0,2,4,0.0,0.0,,46.289308176100626,45.306
2007,CL,阪神タイガース,61065110,能見　篤史,A.Noumi,23.0,22.0,17.0,0.0,0.0,0.0,0.0,0.0,0.0,0.0,0.0,0,2.0,0.0,3.0,0,0.0,9.0,0.0,0.0,0.15,0.0,0.15,0.0,0.0,0.15,0.15,13.636363636363635,40.909090909090914,0.3333333333333333,0.0,0.0675,150.0,0.17647058823529413,0.17647058823529413,0.0,0.0,0.0,0.0,23.0,22.0,17.0,0.0,0.0,0.0,0.0,0.15,0.0,3.0,0,0.0,,0.0,0.0,0,2.0,0.0,,0.0,-0.6760000000000002
2007,CL,横浜DeNAベイスターズ,61065113,西﨑　伸洋,N.Nishizaki,7.0,12.0,12.0,1.0,3.0,1.0,0.0,0.0,4.0,0.0,1,0,0.0,0.0,0.0,0,0.0,1.0,0.0,0.25,0.25,0.333,0.583,2.0,0.08300000000000002,0.0,0.333,0.0,8.333333333333332,0.0,0.2727272727272727,0.19575,361.0,0.08333333333333333,0.4444444444444444,0.25,3.0,0.0,0.0,7.0,12.0,12.0,2.0,1.0,0.0,1.0,0.25,0.333,0.0,0,0.0,,4.0,1,0,0.0,0.0,,1.0,0.838
2007,CL,読売ジャイアンツ,61163880,小関　竜也,T.Ozeki,5.0,4.0,4.0,2.0,1.0,0.0,0.0,1.0,4.0,2.0,0.0,0,0.0,0.0,0.0,0,0.0,1.0,0.0,0.25,0.25,1.0,1.25,0.0,0.75,0.0,1.0,0.0,25.0,0.0,0.0,0.3625,583.3333333333333,0.75,1.3333333333333333,0.25,1.0,1.0,2.0,5.0,4.0,4.0,0.0,0.0,0.0,2.0,0.25,1.0,0.0,0,0.0,,4.0,0.0,0,0.0,0.0,,1.0,1.146
2007,CL,中日ドラゴンズ,61163881,井上　一樹,K.Inoue,71.0,200.0,178.0,20.0,52.0,7.0,4.0,3.0,76.0,28.0,1,0,4.0,1.0,17.0,0,0.0,41.0,4.0,0.292,0.352,0.427,0.7789999999999999,38.0,0.135,0.06,0.487,8.5,20.5,0.4146341463414634,0.362962962962963,0.26515,494.3333333333333,0.2303370786516854,0.7153846153846154,0.292,52.0,3.0,28.0,71.0,200.0,178.0,38.0,7.0,4.0,20.0,0.352,0.427,17.0,0,0.0,,76.0,1,0,4.0,1.0,,26.892307692307693,25.781999999999996
2007,CL,阪神タイガース,61163884,今岡　誠,M.Imaoka,85.0,345.0,323.0,23.0,90.0,8.0,0.0,4.0,110.0,24.0,0,1,0.0,1.0,19.0,0,2.0,50.0,7.0,0.279,0.322,0.341,0.663,78.0,0.062,0.04299999999999998,0.384,5.507246376811594,14.492753623188406,0.38,0.31851851851851853,0.23015000000000002,435.6666666666667,0.1238390092879257,0.55,0.279,90.0,4.0,24.0,85.0,345.0,323.0,78.0,8.0,0.0,23.0,0.322,0.341,19.0,0,2.0,,110.0,0,1,0.0,1.0,,35.058479532163744,34.79599999999999
2007,CL,中日ドラゴンズ,61163885,上田　佳範,Y.Ueda,23.0,32.0,27.0,2.0,6.0,0.0,1.0,0.0,8.0,1.0,0.0,0,1.0,0.0,2.0,0,2.0,5.0,0.0,0.222,0.323,0.296,0.619,5.0,0.07399999999999998,0.101,0.397,6.25,15.625,0.4,0.2727272727272727,0.21935,421.6666666666667,0.14814814814814814,0.5714285714285714,0.222,6.0,0.0,1.0,23.0,32.0,27.0,5.0,0.0,1.0,2.0,0.323,0.296,2.0,0,2.0,,8.0,0.0,0,1.0,0.0,,2.206896551724138,2.802
2007,CL,東京ヤクルトスワローズ,61165112,飯原　誉士,Y.Iihara,136.0,467.0,418.0,56.0,103.0,19.0,4.0,8.0,154.0,32.0,23,4,21.0,2.0,18.0,0,8.0,83.0,9.0,0.246,0.289,0.368,0.657,72.0,0.122,0.04299999999999998,0.411,3.854389721627409,17.77301927194861,0.21686746987951808,0.2887537993920973,0.22205,411.66666666666663,0.17464114832535885,0.5679012345679012,0.246,103.0,8.0,32.0,136.0,467.0,418.0,72.0,19.0,4.0,56.0,0.289,0.368,18.0,0,8.0,,154.0,23,4,21.0,2.0,,42.73853211009175,43.78999999999999
2007,CL,中日ドラゴンズ,61265112,平田　良介,R.Hirata,3.0,13.0,12.0,1.0,4.0,0.0,0.0,0.0,4.0,3.0,0,1,0.0,0.0,0.0,0,1.0,4.0,0.0,0.333,0.385,0.333,0.718,4.0,0.0,0.05199999999999999,0.385,0.0,30.76923076923077,0.0,0.5,0.2565,496.0,0.08333333333333333,0.75,0.333,4.0,0.0,3.0,3.0,13.0,12.0,4.0,0.0,0.0,1.0,0.385,0.333,0.0,0,1.0,,4.0,0,1,0.0,0.0,,1.3333333333333333,1.7260000000000002
2007,CL,広島東洋カープ,61265114,中東　直己,N.Nakahigashi,31.0,74.0,70.0,7.0,14.0,2.0,0.0,0.0,16.0,2.0,4,0,0.0,0.0,4.0,0,0.0,18.0,0.0,0.2,0.243,0.229,0.472,12.0,0.028999999999999998,0.04299999999999998,0.272,5.405405405405405,24.324324324324326,0.2222222222222222,0.2692307692307692,0.1666,319.33333333333337,0.08571428571428572,0.35714285714285715,0.2,14.0,0.0,2.0,31.0,74.0,70.0,12.0,2.0,0.0,7.0,0.243,0.229,4.0,0,0.0,,16.0,4,0,0.0,0.0,,3.891891891891892,3.2719999999999994
2007,CL,横浜DeNAベイスターズ,61265119,吉川　輝昭,T.Yoshikawa,2.0,0.0,0.0,0.0,0.0,0.0,0.0,0.0,0.0,0.0,0.0,0,0.0,0.0,0.0,0,0.0,0.0,0.0,,,,0.0,0.0,0.0,0.0,,nan,nan,nan,nan,0.0,0.0,nan,nan,,0.0,0.0,0.0,2.0,0.0,0.0,0.0,0.0,0.0,0.0,,,0.0,0,0.0,,0.0,0.0,0,0.0,0.0,,nan,0.0
2007,CL,東京ヤクルトスワローズ,61363884,小野　公誠,K.Ono,10.0,18.0,16.0,1.0,2.0,1.0,0.0,0.0,3.0,3.0,0.0,0,0.0,1.0,1.0,0,0.0,7.0,1.0,0.125,0.167,0.188,0.355,1.0,0.063,0.04200000000000001,0.23,5.555555555555555,38.88888888888889,0.14285714285714285,0.2,0.12215000000000001,229.66666666666669,0.125,0.26666666666666666,0.125,2.0,0.0,3.0,10.0,18.0,16.0,1.0,1.0,0.0,1.0,0.167,0.188,1.0,0,0.0,,3.0,0.0,0,0.0,1.0,,0.5294117647058824,0.17799999999999994
2007,CL,中日ドラゴンズ,61365110,鎌田　圭司,K.Kamata,6.0,1.0,1.0,2.0,0.0,0.0,0.0,0.0,0.0,0.0,1,0,0.0,0.0,0.0,0,0.0,0.0,0.0,0.0,0.0,0.0,0.0,0.0,0.0,0.0,0.0,0.0,0.0,nan,0.0,0.0,0.0,0.0,0.0,0.0,0.0,0.0,0.0,6.0,1.0,1.0,0.0,0.0,0.0,2.0,0.0,0.0,0.0,0,0.0,,0.0,1,0,0.0,0.0,,0.0,-0.098
2007,CL,横浜DeNAベイスターズ,61365111,木塚　敦志,A.Kizuka,76.0,0.0,0.0,0.0,0.0,0.0,0.0,0.0,0.0,0.0,0.0,0,0.0,0.0,0.0,0,0.0,0.0,0.0,,,,0.0,0.0,0.0,0.0,,nan,nan,nan,nan,0.0,0.0,nan,nan,,0.0,0.0,0.0,76.0,0.0,0.0,0.0,0.0,0.0,0.0,,,0.0,0,0.0,,0.0,0.0,0,0.0,0.0,,nan,0.0
2007,CL,広島東洋カープ,61365115,大島　崇行,T.Ooshima,2.0,1.0,0.0,0.0,0.0,0.0,0.0,0.0,0.0,0.0,0.0,0,1.0,0.0,0.0,0,0.0,0.0,0.0,,,,0.0,0.0,0.0,0.0,,0.0,0.0,nan,nan,0.0,0.0,nan,nan,,0.0,0.0,0.0,2.0,1.0,0.0,0.0,0.0,0.0,0.0,,,0.0,0,0.0,,0.0,0.0,0,1.0,0.0,,nan,0.0
2007,CL,広島東洋カープ,61563880,嶋　重宣,S.Shima,105.0,315.0,285.0,28.0,65.0,16.0,1.0,14.0,125.0,48.0,4.0,4,0.0,2.0,23.0,0,4.0,52.0,5.0,0.228,0.293,0.439,0.732,34.0,0.211,0.06499999999999997,0.504,7.301587301587302,16.507936507936506,0.4423076923076923,0.23076923076923078,0.24159999999999998,439.33333333333337,0.30526315789473685,0.6933333333333334,0.228,65.0,14.0,48.0,105.0,315.0,285.0,34.0,16.0,1.0,28.0,0.293,0.439,23.0,0,4.0,,125.0,4.0,4,0.0,2.0,,35.714285714285715,37.78999999999999
2007,CL,広島東洋カープ,61565115,喜田　剛,G.Kida,67.0,167.0,150.0,13.0,37.0,11.0,0.0,3.0,57.0,12.0,1.0,1,1.0,0.0,15.0,0,1.0,35.0,3.0,0.247,0.319,0.38,0.6990000000000001,23.0,0.133,0.07200000000000001,0.452,8.982035928143713,20.958083832335326,0.42857142857142855,0.30357142857142855,0.23855,445.66666666666663,0.24,0.6379310344827587,0.247,37.0,3.0,12.0,67.0,167.0,150.0,23.0,11.0,0.0,13.0,0.319,0.38,15.0,0,1.0,,57.0,1.0,1,1.0,0.0,,17.963636363636365,18.126000000000005
2007,CL,阪神タイガース,61565119,坂　克彦,K.Saka,17.0,41.0,37.0,3.0,7.0,1.0,0.0,1.0,11.0,3.0,0.0,0,3.0,1.0,0.0,0,0.0,6.0,1.0,0.189,0.184,0.297,0.481,5.0,0.10799999999999998,-0.0050000000000000044,0.292,0.0,14.634146341463413,0.0,0.1935483870967742,0.15705,283.0,0.10810810810810811,0.3548387096774194,0.189,7.0,1.0,3.0,17.0,41.0,37.0,5.0,1.0,0.0,3.0,0.184,0.297,0.0,0,0.0,,11.0,0.0,0,3.0,1.0,,2.081081081081081,1.7200000000000002
2007,CL,阪神タイガース,61665110,ダーウィン,D.Cubillan,35.0,5.0,4.0,0.0,0.0,0.0,0.0,0.0,0.0,0.0,0.0,0,1.0,0.0,0.0,0,0.0,3.0,0.0,0.0,0.0,0.0,0.0,0.0,0.0,0.0,0.0,0.0,60.0,0.0,0.0,0.0,0.0,0.0,0.0,0.0,0.0,0.0,0.0,35.0,5.0,4.0,0.0,0.0,0.0,0.0,0.0,0.0,0.0,0,0.0,,0.0,0.0,0,1.0,0.0,,0.0,-0.392
2007,CL,横浜DeNAベイスターズ,61665117,吉村　裕基,Y.Yoshimura,141.0,566.0,519.0,69.0,142.0,21.0,4.0,24.0,243.0,85.0,5,3,3.0,5.0,30.0,0,8.0,95.0,16.0,0.274,0.32,0.468,0.788,93.0,0.194,0.045999999999999985,0.514,5.30035335689046,16.784452296819786,0.3157894736842105,0.291358024691358,0.261,476.0,0.2581888246628131,0.72264631043257,0.274,142.0,24.0,85.0,141.0,566.0,519.0,93.0,21.0,4.0,69.0,0.32,0.468,30.0,0,8.0,,243.0,5,3,3.0,5.0,,76.1311475409836,76.47400000000002
2007,CL,読売ジャイアンツ,61763884,鈴木　尚広,T.Suzuki,96.0,124.0,111.0,36.0,33.0,3.0,2.0,0.0,40.0,10.0,18,4,3.0,1.0,8.0,0,1.0,25.0,2.0,0.297,0.347,0.36,0.707,28.0,0.063,0.04999999999999999,0.41,6.451612903225806,20.161290322580644,0.32,0.3793103448275862,0.24614999999999998,466.99999999999994,0.17117117117117117,0.6625,0.297,33.0,0.0,10.0,96.0,124.0,111.0,28.0,3.0,2.0,36.0,0.347,0.36,8.0,0,1.0,,40.0,18,4,3.0,1.0,,13.781512605042018,14.286
2007,CL,中日ドラゴンズ,61765110,鈴木　義広,Y.Suzuki,30.0,1.0,1.0,0.0,0.0,0.0,0.0,0.0,0.0,0.0,0.0,0,0.0,0.0,0.0,0,0.0,0.0,0.0,0.0,0.0,0.0,0.0,0.0,0.0,0.0,0.0,0.0,0.0,nan,0.0,0.0,0.0,0.0,0.0,0.0,0.0,0.0,0.0,30.0,1.0,1.0,0.0,0.0,0.0,0.0,0.0,0.0,0.0,0,0.0,,0.0,0.0,0,0.0,0.0,,0.0,-0.098
2007,CL,読売ジャイアンツ,61765115,真田　裕貴,H.Sanada,17.0,0.0,0.0,0.0,0.0,0.0,0.0,0.0,0.0,0.0,0.0,0,0.0,0.0,0.0,0,0.0,0.0,0.0,,,,0.0,0.0,0.0,0.0,,nan,nan,nan,nan,0.0,0.0,nan,nan,,0.0,0.0,0.0,17.0,0.0,0.0,0.0,0.0,0.0,0.0,,,0.0,0,0.0,,0.0,0.0,0,0.0,0.0,,nan,0.0
2007,CL,阪神タイガース,61765117,久保田　智之,T.Kubota,90.0,1.0,0.0,0.0,0.0,0.0,0.0,0.0,0.0,0.0,0.0,0,1.0,0.0,0.0,0,0.0,0.0,0.0,,,,0.0,0.0,0.0,0.0,,0.0,0.0,nan,nan,0.0,0.0,nan,nan,,0.0,0.0,0.0,90.0,1.0,0.0,0.0,0.0,0.0,0.0,,,0.0,0,0.0,,0.0,0.0,0,1.0,0.0,,nan,0.0
2007,CL,横浜DeNAベイスターズ,61865114,吉原　道臣,M.Yoshihara,3.0,0.0,0.0,0.0,0.0,0.0,0.0,0.0,0.0,0.0,0.0,0,0.0,0.0,0.0,0,0.0,0.0,0.0,,,,0.0,0.0,0.0,0.0,,nan,nan,nan,nan,0.0,0.0,nan,nan,,0.0,0.0,0.0,3.0,0.0,0.0,0.0,0.0,0.0,0.0,,,0.0,0,0.0,,0.0,0.0,0,0.0,0.0,,nan,0.0
2007,CL,読売ジャイアンツ,61963887,豊田　清,K.Toyoda,47.0,1.0,1.0,0.0,0.0,0.0,0.0,0.0,0.0,0.0,0.0,0,0.0,0.0,0.0,0,0.0,1.0,0.0,0.0,0.0,0.0,0.0,0.0,0.0,0.0,0.0,0.0,100.0,0.0,nan,0.0,0.0,0.0,0.0,0.0,0.0,0.0,0.0,47.0,1.0,1.0,0.0,0.0,0.0,0.0,0.0,0.0,0.0,0,0.0,,0.0,0.0,0,0.0,0.0,,0.0,-0.098
2007,CL,中日ドラゴンズ,61963888,福留　孝介,K.Fukudome,81.0,348.0,269.0,64.0,79.0,22.0,0.0,13.0,140.0,48.0,5,2,0.0,4.0,69.0,0,6.0,66.0,5.0,0.294,0.443,0.52,0.9630000000000001,44.0,0.22600000000000003,0.14900000000000002,0.669,19.82758620689655,18.96551724137931,1.0454545454545454,0.3402061855670103,0.32935000000000003,616.3333333333334,0.49070631970260226,1.1128205128205129,0.294,79.0,13.0,48.0,81.0,348.0,269.0,44.0,22.0,0.0,64.0,0.443,0.52,69.0,0,6.0,,140.0,5,2,0.0,4.0,,61.30177514792899,63.05
2007,CL,横浜DeNAベイスターズ,61965114,下窪　陽介,Y.Shimokubo,72.0,129.0,112.0,10.0,31.0,6.0,0.0,0.0,37.0,9.0,1,0,7.0,0.0,6.0,0,4.0,22.0,2.0,0.277,0.336,0.33,0.666,25.0,0.05299999999999999,0.059,0.389,4.651162790697675,17.05426356589147,0.2727272727272727,0.34444444444444444,0.23370000000000002,446.0,0.10714285714285714,0.5662650602409639,0.277,31.0,0.0,9.0,72.0,129.0,112.0,25.0,6.0,0.0,10.0,0.336,0.33,6.0,0,4.0,,37.0,1,0,7.0,0.0,,11.601694915254237,12.182
2007,CL,広島東洋カープ,61965117,鞘師　智也,T.Sayashi,15.0,17.0,14.0,5.0,3.0,0.0,0.0,0.0,3.0,1.0,0.0,0,1.0,0.0,2.0,0,0.0,6.0,0.0,0.214,0.312,0.214,0.526,3.0,0.0,0.098,0.312,11.76470588235294,35.294117647058826,0.3333333333333333,0.375,0.1939,383.3333333333333,0.14285714285714285,0.45454545454545453,0.214,3.0,0.0,1.0,15.0,17.0,14.0,3.0,0.0,0.0,5.0,0.312,0.214,2.0,0,0.0,,3.0,0.0,0,1.0,0.0,,0.9375,1.082
2007,CL,中日ドラゴンズ,61965119,中村　公治,K.Nakamura,16.0,36.0,29.0,1.0,4.0,0.0,0.0,0.0,4.0,1.0,0,1,4.0,0.0,3.0,0,0.0,7.0,0.0,0.138,0.219,0.138,0.357,4.0,0.0,0.08099999999999999,0.219,8.333333333333332,19.444444444444446,0.42857142857142855,0.18181818181818182,0.13305,265.0,0.13793103448275862,0.32,0.138,4.0,0.0,1.0,16.0,36.0,29.0,4.0,0.0,0.0,1.0,0.219,0.138,3.0,0,0.0,,4.0,0,1,4.0,0.0,,0.875,0.7200000000000002
2007,CL,東京ヤクルトスワローズ,63165113,A.ラミレス,A.Ramirez,144.0,628.0,594.0,80.0,204.0,41.0,3.0,29.0,338.0,122.0,0.0,0,0.0,5.0,23.0,0,6.0,106.0,14.0,0.343,0.371,0.569,0.94,131.0,0.22599999999999992,0.02799999999999997,0.597,3.662420382165605,16.878980891719745,0.2169811320754717,0.3771551724137931,0.30920000000000003,560.6666666666666,0.26430976430976433,0.9084158415841584,0.343,204.0,29.0,122.0,144.0,628.0,594.0,131.0,41.0,3.0,80.0,0.371,0.569,23.0,0,6.0,,338.0,0.0,0,0.0,5.0,,124.35332252836305,111.25
2007,CL,読売ジャイアンツ,63463868,前田　幸長,Y.Maeda,15.0,0.0,0.0,0.0,0.0,0.0,0.0,0.0,0.0,0.0,0.0,0,0.0,0.0,0.0,0,0.0,0.0,0.0,,,,0.0,0.0,0.0,0.0,,nan,nan,nan,nan,0.0,0.0,nan,nan,,0.0,0.0,0.0,15.0,0.0,0.0,0.0,0.0,0.0,0.0,,,0.0,0,0.0,,0.0,0.0,0,0.0,0.0,,nan,0.0
2007,CL,読売ジャイアンツ,63565114,GG,G.Gonzalez,5.0,3.0,2.0,0.0,1.0,0.0,0.0,0.0,1.0,0.0,0.0,0,1.0,0.0,0.0,0,0.0,1.0,0.0,0.5,0.5,0.5,1.0,1.0,0.0,0.0,0.5,0.0,33.33333333333333,0.0,1.0,0.35,666.6666666666666,0.0,1.0,0.5,1.0,0.0,0.0,5.0,3.0,2.0,1.0,0.0,0.0,0.0,0.5,0.5,0.0,0,0.0,,1.0,0.0,0,1.0,0.0,,0.5,0.402
2007,CL,横浜DeNAベイスターズ,65563868,石井　琢朗,T.Ishii,108.0,412.0,360.0,35.0,99.0,11.0,0.0,2.0,116.0,13.0,6,5,27.0,0.0,21.0,0,4.0,39.0,5.0,0.275,0.322,0.322,0.644,86.0,0.046999999999999986,0.046999999999999986,0.369,5.097087378640777,9.466019417475728,0.5384615384615384,0.30407523510971785,0.2254,429.33333333333337,0.11944444444444445,0.5488721804511278,0.275,99.0,2.0,13.0,108.0,412.0,360.0,86.0,11.0,0.0,35.0,0.322,0.322,21.0,0,4.0,,116.0,6,5,27.0,0.0,,36.53543307086614,37.372
2007,CL,読売ジャイアンツ,71073887,野口　茂樹,S.Noguchi,31.0,2.0,2.0,0.0,1.0,0.0,0.0,0.0,1.0,1.0,0.0,0,0.0,0.0,0.0,0,0.0,1.0,0.0,0.5,0.5,0.5,1.0,1.0,0.0,0.0,0.5,0.0,50.0,0.0,1.0,0.35,666.6666666666666,0.0,1.0,0.5,1.0,0.0,1.0,31.0,2.0,2.0,1.0,0.0,0.0,0.0,0.5,0.5,0.0,0,0.0,,1.0,0.0,0,0.0,0.0,,0.5,0.402
2007,CL,阪神タイガース,71073888,藤川　球児,K.Fujikawa,71.0,0.0,0.0,0.0,0.0,0.0,0.0,0.0,0.0,0.0,0.0,0,0.0,0.0,0.0,0,0.0,0.0,0.0,,,,0.0,0.0,0.0,0.0,,nan,nan,nan,nan,0.0,0.0,nan,nan,,0.0,0.0,0.0,71.0,0.0,0.0,0.0,0.0,0.0,0.0,,,0.0,0,0.0,,0.0,0.0,0,0.0,0.0,,nan,0.0
2007,CL,中日ドラゴンズ,71173882,荒木　雅博,M.Araki,113.0,510.0,457.0,66.0,120.0,15.0,0.0,1.0,138.0,25.0,31,6,30.0,1.0,22.0,0,0.0,55.0,8.0,0.263,0.296,0.302,0.598,104.0,0.03899999999999998,0.032999999999999974,0.3349999999999999,4.313725490196078,10.784313725490197,0.4,0.2960199004975124,0.2087,396.6666666666667,0.10065645514223195,0.4811594202898551,0.263,120.0,1.0,25.0,113.0,510.0,457.0,104.0,15.0,0.0,66.0,0.296,0.302,22.0,0,0.0,,138.0,31,6,30.0,1.0,,40.91022964509395,39.553999999999995
2007,CL,中日ドラゴンズ,71175110,石井　裕也,Y.Ishii,16.0,2.0,2.0,0.0,0.0,0.0,0.0,0.0,0.0,0.0,0.0,0,0.0,0.0,0.0,0,0.0,0.0,0.0,0.0,0.0,0.0,0.0,0.0,0.0,0.0,0.0,0.0,0.0,nan,0.0,0.0,0.0,0.0,0.0,0.0,0.0,0.0,0.0,16.0,2.0,2.0,0.0,0.0,0.0,0.0,0.0,0.0,0.0,0,0.0,,0.0,0.0,0,0.0,0.0,,0.0,-0.196
2007,CL,中日ドラゴンズ,71175114,浅尾　拓也,T.Asao,19.0,11.0,11.0,3.0,3.0,0.0,1.0,0.0,5.0,1.0,0.0,0,0.0,0.0,0.0,0,0.0,3.0,0.0,0.273,0.273,0.455,0.728,2.0,0.182,0.0,0.455,0.0,27.27272727272727,0.0,0.375,0.23660000000000003,424.6666666666667,0.18181818181818182,0.625,0.273,3.0,0.0,1.0,19.0,11.0,11.0,2.0,0.0,1.0,3.0,0.273,0.455,0.0,0,0.0,,5.0,0.0,0,0.0,0.0,,1.3636363636363635,1.256
2007,CL,広島東洋カープ,71275113,廣瀬　純,J.Hirose,83.0,177.0,158.0,21.0,44.0,7.0,0.0,7.0,72.0,15.0,1.0,1,4.0,0.0,10.0,0,5.0,25.0,5.0,0.278,0.341,0.456,0.797,30.0,0.178,0.063,0.519,5.649717514124294,14.124293785310735,0.4,0.29365079365079366,0.26745,493.0,0.2468354430379747,0.7394957983193278,0.278,44.0,7.0,15.0,83.0,177.0,158.0,30.0,7.0,0.0,21.0,0.341,0.456,10.0,0,5.0,,72.0,1.0,1,4.0,0.0,,23.142857142857142,24.078
2007,CL,横浜DeNAベイスターズ,71275115,秦　裕二,Y.Hata,15.0,7.0,7.0,0.0,0.0,0.0,0.0,0.0,0.0,0.0,0.0,0,0.0,0.0,0.0,0,0.0,3.0,0.0,0.0,0.0,0.0,0.0,0.0,0.0,0.0,0.0,0.0,42.857142857142854,0.0,0.0,0.0,0.0,0.0,0.0,0.0,0.0,0.0,0.0,15.0,7.0,7.0,0.0,0.0,0.0,0.0,0.0,0.0,0.0,0,0.0,,0.0,0.0,0,0.0,0.0,,0.0,-0.686
2007,CL,阪神タイガース,71375111,葛城　育郎,I.Katsuragi,89.0,178.0,160.0,10.0,40.0,6.0,1.0,2.0,54.0,14.0,0.0,0,3.0,0.0,13.0,0,2.0,31.0,2.0,0.25,0.314,0.338,0.652,31.0,0.08800000000000002,0.064,0.402,7.303370786516854,17.415730337078653,0.41935483870967744,0.2992125984251969,0.2258,426.6666666666667,0.16875,0.5655737704918032,0.25,40.0,2.0,14.0,89.0,178.0,160.0,31.0,6.0,1.0,10.0,0.314,0.338,13.0,0,2.0,,54.0,0.0,0,3.0,0.0,,16.54335260115607,16.93
2007,CL,読売ジャイアンツ,71575115,小田嶋　正邦,M.Odajima,16.0,25.0,21.0,0.0,4.0,1.0,0.0,0.0,5.0,1.0,0.0,0,0.0,0.0,4.0,0,0.0,6.0,0.0,0.19,0.32,0.238,0.558,3.0,0.04799999999999999,0.13,0.368,16.0,24.0,0.6666666666666666,0.26666666666666666,0.20350000000000001,399.3333333333333,0.23809523809523808,0.5294117647058824,0.19,4.0,0.0,1.0,16.0,25.0,21.0,3.0,1.0,0.0,0.0,0.32,0.238,4.0,0,0.0,,5.0,0.0,0,0.0,0.0,,1.6,1.8739999999999999
2007,CL,東京ヤクルトスワローズ,71675114,増渕　竜義,T.Masubuchi,6.0,9.0,7.0,0.0,0.0,0.0,0.0,0.0,0.0,0.0,0.0,0,0.0,0.0,2.0,0,0.0,4.0,0.0,0.0,0.222,0.0,0.222,0.0,0.0,0.222,0.222,22.22222222222222,44.44444444444444,0.5,0.0,0.0999,222.0,0.2857142857142857,0.2857142857142857,0.0,0.0,0.0,0.0,6.0,9.0,7.0,0.0,0.0,0.0,0.0,0.222,0.0,2.0,0,0.0,,0.0,0.0,0,0.0,0.0,,0.0,-0.026000000000000023
2007,CL,広島東洋カープ,71773880,高橋　建,K.Takahashi,22.0,36.0,29.0,2.0,6.0,0.0,0.0,0.0,6.0,2.0,0.0,0,7.0,0.0,0.0,0,0.0,14.0,1.0,0.207,0.207,0.207,0.414,6.0,0.0,0.0,0.207,0.0,38.88888888888889,0.0,0.4,0.1449,275.99999999999994,0.0,0.25,0.207,6.0,0.0,2.0,22.0,36.0,29.0,6.0,0.0,0.0,2.0,0.207,0.207,0.0,0,0.0,,6.0,0.0,0,7.0,0.0,,1.2413793103448276,0.746
2007,CL,中日ドラゴンズ,71775114,菊地　正法,M.Kikuchi,7.0,0.0,0.0,0.0,0.0,0.0,0.0,0.0,0.0,0.0,0.0,0,0.0,0.0,0.0,0,0.0,0.0,0.0,,,,0.0,0.0,0.0,0.0,,nan,nan,nan,nan,0.0,0.0,nan,nan,,0.0,0.0,0.0,7.0,0.0,0.0,0.0,0.0,0.0,0.0,,,0.0,0,0.0,,0.0,0.0,0,0.0,0.0,,nan,0.0
2007,CL,読売ジャイアンツ,71775117,木佐貫　洋,H.Kisanuki,26.0,47.0,43.0,0.0,2.0,1.0,0.0,0.0,3.0,0.0,0.0,0,4.0,0.0,0.0,0,0.0,22.0,1.0,0.047,0.047,0.07,0.117,1.0,0.023000000000000007,0.0,0.07,0.0,46.808510638297875,0.0,0.09523809523809523,0.038650000000000004,70.33333333333333,0.023255813953488372,0.07142857142857142,0.047,2.0,0.0,0.0,26.0,47.0,43.0,1.0,1.0,0.0,0.0,0.047,0.07,0.0,0,0.0,,3.0,0.0,0,4.0,0.0,,0.13953488372093023,-2.798
2007,CL,中日ドラゴンズ,71775119,佐藤　充,M.Satou,1.0,2.0,1.0,0.0,0.0,0.0,0.0,0.0,0.0,0.0,0.0,0,1.0,0.0,0.0,0,0.0,1.0,0.0,0.0,0.0,0.0,0.0,0.0,0.0,0.0,0.0,0.0,50.0,0.0,nan,0.0,0.0,0.0,0.0,0.0,0.0,0.0,0.0,1.0,2.0,1.0,0.0,0.0,0.0,0.0,0.0,0.0,0.0,0,0.0,,0.0,0.0,0,1.0,0.0,,0.0,-0.098
2007,CL,東京ヤクルトスワローズ,71875110,A.リグス,A.Riggs,37.0,150.0,138.0,11.0,30.0,5.0,0.0,3.0,44.0,19.0,0.0,0,0.0,2.0,9.0,0,1.0,43.0,4.0,0.217,0.267,0.319,0.5860000000000001,22.0,0.10200000000000001,0.05000000000000002,0.369,6.0,28.666666666666668,0.20930232558139536,0.2872340425531915,0.19990000000000002,373.33333333333337,0.16666666666666666,0.48214285714285715,0.217,30.0,3.0,19.0,37.0,150.0,138.0,22.0,5.0,0.0,11.0,0.267,0.319,9.0,0,1.0,,44.0,0.0,0,0.0,2.0,,11.673469387755102,11.636000000000003
2007,CL,読売ジャイアンツ,71875112,山口　鉄也,T.Yamaguchi,32.0,0.0,0.0,0.0,0.0,0.0,0.0,0.0,0.0,0.0,0.0,0,0.0,0.0,0.0,0,0.0,0.0,0.0,,,,0.0,0.0,0.0,0.0,,nan,nan,nan,nan,0.0,0.0,nan,nan,,0.0,0.0,0.0,32.0,0.0,0.0,0.0,0.0,0.0,0.0,,,0.0,0,0.0,,0.0,0.0,0,0.0,0.0,,nan,0.0
2007,CL,広島東洋カープ,71973882,長谷川　昌幸,M.Hasegawa,27.0,35.0,30.0,0.0,1.0,0.0,0.0,0.0,1.0,1.0,0.0,0,5.0,0.0,0.0,0,0.0,16.0,1.0,0.033,0.033,0.033,0.066,1.0,0.0,0.0,0.033,0.0,45.714285714285715,0.0,0.07142857142857142,0.023100000000000002,44.00000000000001,0.0,0.03333333333333333,0.033,1.0,0.0,1.0,27.0,35.0,30.0,1.0,0.0,0.0,0.0,0.033,0.033,0.0,0,0.0,,1.0,0.0,0,5.0,0.0,,0.03333333333333333,-2.342
2007,CL,中日ドラゴンズ,71973889,平井　正史,M.Hirai,45.0,0.0,0.0,0.0,0.0,0.0,0.0,0.0,0.0,0.0,0.0,0,0.0,0.0,0.0,0,0.0,0.0,0.0,,,,0.0,0.0,0.0,0.0,,nan,nan,nan,nan,0.0,0.0,nan,nan,,0.0,0.0,0.0,45.0,0.0,0.0,0.0,0.0,0.0,0.0,,,0.0,0,0.0,,0.0,0.0,0,0.0,0.0,,nan,0.0
2007,CL,中日ドラゴンズ,71975115,髙橋　聡文,A.Takahashi,25.0,0.0,0.0,0.0,0.0,0.0,0.0,0.0,0.0,0.0,0.0,0,0.0,0.0,0.0,0,0.0,0.0,0.0,,,,0.0,0.0,0.0,0.0,,nan,nan,nan,nan,0.0,0.0,nan,nan,,0.0,0.0,0.0,25.0,0.0,0.0,0.0,0.0,0.0,0.0,,,0.0,0,0.0,,0.0,0.0,0,0.0,0.0,,nan,0.0
2007,CL,横浜DeNAベイスターズ,73373881,種田　仁,H.Taneda,60.0,76.0,66.0,6.0,17.0,6.0,1.0,1.0,28.0,17.0,0.0,0,3.0,0.0,6.0,0,1.0,7.0,1.0,0.258,0.329,0.424,0.753,9.0,0.16599999999999998,0.07100000000000001,0.495,7.894736842105263,9.210526315789473,0.8571428571428571,0.27586206896551724,0.25405,470.33333333333337,0.25757575757575757,0.7,0.258,17.0,1.0,17.0,60.0,76.0,66.0,9.0,6.0,1.0,6.0,0.329,0.424,6.0,0,1.0,,28.0,0.0,0,3.0,0.0,,8.944444444444445,8.808
2007,CL,阪神タイガース,73375114,R.ボーグルソン,R.Vogelsong,20.0,35.0,29.0,3.0,5.0,1.0,0.0,1.0,9.0,4.0,0.0,0,4.0,0.0,2.0,0,0.0,12.0,1.0,0.172,0.226,0.31,0.536,3.0,0.138,0.05400000000000002,0.364,5.714285714285714,34.285714285714285,0.16666666666666666,0.25,0.1792,329.33333333333337,0.20689655172413793,0.44,0.172,5.0,1.0,4.0,20.0,35.0,29.0,3.0,1.0,0.0,3.0,0.226,0.31,2.0,0,0.0,,9.0,0.0,0,4.0,0.0,,2.032258064516129,1.967999999999999
2007,CL,中日ドラゴンズ,73575114,S.ラミレス,S.Ramirez,27.0,1.0,1.0,0.0,0.0,0.0,0.0,0.0,0.0,0.0,0.0,0,0.0,0.0,0.0,0,0.0,0.0,0.0,0.0,0.0,0.0,0.0,0.0,0.0,0.0,0.0,0.0,0.0,nan,0.0,0.0,0.0,0.0,0.0,0.0,0.0,0.0,0.0,27.0,1.0,1.0,0.0,0.0,0.0,0.0,0.0,0.0,0.0,0,0.0,,0.0,0.0,0,0.0,0.0,,0.0,-0.098
2007,CL,東京ヤクルトスワローズ,81083882,三木　肇,H.Miki,23.0,9.0,8.0,3.0,0.0,0.0,0.0,0.0,0.0,0.0,1.0,1,1.0,0.0,0.0,0,0.0,3.0,1.0,0.0,0.0,0.0,0.0,0.0,0.0,0.0,0.0,0.0,33.33333333333333,0.0,0.0,0.0,0.0,0.125,0.1111111111111111,0.0,0.0,0.0,0.0,23.0,9.0,8.0,0.0,0.0,0.0,3.0,0.0,0.0,0.0,0,0.0,,0.0,1.0,1,1.0,0.0,,0.0,-0.6040000000000001
2007,CL,読売ジャイアンツ,81085110,野間口　貴彦,T.Nomaguchi,7.0,8.0,8.0,0.0,0.0,0.0,0.0,0.0,0.0,0.0,0.0,0,0.0,0.0,0.0,0,0.0,6.0,0.0,0.0,0.0,0.0,0.0,0.0,0.0,0.0,0.0,0.0,75.0,0.0,0.0,0.0,0.0,0.0,0.0,0.0,0.0,0.0,0.0,7.0,8.0,8.0,0.0,0.0,0.0,0.0,0.0,0.0,0.0,0,0.0,,0.0,0.0,0,0.0,0.0,,0.0,-0.784
2007,CL,阪神タイガース,81085111,前田　忠節,T.Maeda,1.0,0.0,0.0,0.0,0.0,0.0,0.0,0.0,0.0,0.0,0.0,0,0.0,0.0,0.0,0,0.0,0.0,0.0,,,,0.0,0.0,0.0,0.0,,nan,nan,nan,nan,0.0,0.0,nan,nan,,0.0,0.0,0.0,1.0,0.0,0.0,0.0,0.0,0.0,0.0,,,0.0,0,0.0,,0.0,0.0,0,0.0,0.0,,nan,0.0
2007,CL,中日ドラゴンズ,81085114,田中　大輔,D.Tanaka,2.0,3.0,1.0,0.0,0.0,0.0,0.0,0.0,0.0,0.0,0.0,0,1.0,0.0,1.0,0,0.0,0.0,0.0,0.0,0.5,0.0,0.5,0.0,0.0,0.5,0.5,33.33333333333333,0.0,nan,0.0,0.225,500.0,1.0,1.0,0.0,0.0,0.0,0.0,2.0,3.0,1.0,0.0,0.0,0.0,0.0,0.5,0.0,1.0,0,0.0,,0.0,0.0,0,1.0,0.0,,0.0,0.232
2007,CL,東京ヤクルトスワローズ,81085117,館山　昌平,S.Tateyama,45.0,29.0,25.0,2.0,1.0,0.0,0.0,0.0,1.0,0.0,0.0,0,3.0,0.0,1.0,0,0.0,13.0,1.0,0.04,0.077,0.04,0.11699999999999999,1.0,0.0,0.037,0.077,3.4482758620689653,44.827586206896555,0.07692307692307693,0.08333333333333333,0.04465,90.33333333333333,0.04,0.08,0.04,1.0,0.0,0.0,45.0,29.0,25.0,1.0,0.0,0.0,2.0,0.077,0.04,1.0,0,0.0,,1.0,0.0,0,3.0,0.0,,0.07692307692307693,-1.5220000000000002
2007,CL,中日ドラゴンズ,81183888,岩瀬　仁紀,H.Iwase,61.0,1.0,1.0,0.0,0.0,0.0,0.0,0.0,0.0,0.0,0.0,0,0.0,0.0,0.0,0,0.0,0.0,0.0,0.0,0.0,0.0,0.0,0.0,0.0,0.0,0.0,0.0,0.0,nan,0.0,0.0,0.0,0.0,0.0,0.0,0.0,0.0,0.0,61.0,1.0,1.0,0.0,0.0,0.0,0.0,0.0,0.0,0.0,0,0.0,,0.0,0.0,0,0.0,0.0,,0.0,-0.098
2007,CL,広島東洋カープ,81185110,梅津　智弘,T.Umetsu,47.0,1.0,1.0,0.0,0.0,0.0,0.0,0.0,0.0,0.0,0.0,0,0.0,0.0,0.0,0,0.0,1.0,0.0,0.0,0.0,0.0,0.0,0.0,0.0,0.0,0.0,0.0,100.0,0.0,nan,0.0,0.0,0.0,0.0,0.0,0.0,0.0,0.0,47.0,1.0,1.0,0.0,0.0,0.0,0.0,0.0,0.0,0.0,0,0.0,,0.0,0.0,0,0.0,0.0,,0.0,-0.098
2007,CL,読売ジャイアンツ,81185119,内海　哲也,T.Utsumi,28.0,63.0,54.0,3.0,3.0,0.0,0.0,0.0,3.0,2.0,0.0,0,5.0,0.0,3.0,0,1.0,35.0,0.0,0.056,0.121,0.056,0.177,3.0,0.0,0.065,0.121,4.761904761904762,55.55555555555556,0.08571428571428572,0.15789473684210525,0.06845,139.66666666666666,0.05555555555555555,0.13725490196078433,0.056,3.0,0.0,2.0,28.0,63.0,54.0,3.0,0.0,0.0,3.0,0.121,0.056,3.0,0,1.0,,3.0,0.0,0,5.0,0.0,,0.3157894736842105,-2.178
2007,CL,阪神タイガース,81283883,下柳　剛,T.Shimoyanagi,26.0,43.0,37.0,0.0,6.0,0.0,0.0,0.0,6.0,1.0,0.0,0,6.0,0.0,0.0,0,0.0,12.0,1.0,0.162,0.162,0.162,0.324,6.0,0.0,0.0,0.162,0.0,27.906976744186046,0.0,0.24,0.1134,216.0,0.0,0.1875,0.162,6.0,0.0,1.0,26.0,43.0,37.0,6.0,0.0,0.0,0.0,0.162,0.162,0.0,0,0.0,,6.0,0.0,0,6.0,0.0,,0.972972972972973,-0.038000000000000256
2007,CL,中日ドラゴンズ,81285117,長峰　昌司,S.Nagamine,3.0,5.0,5.0,1.0,1.0,0.0,0.0,0.0,1.0,0.0,0.0,0,0.0,0.0,0.0,0,0.0,2.0,1.0,0.2,0.2,0.2,0.4,1.0,0.0,0.0,0.2,0.0,40.0,0.0,0.3333333333333333,0.14,266.6666666666667,0.0,0.2,0.2,1.0,0.0,0.0,3.0,5.0,5.0,1.0,0.0,0.0,1.0,0.2,0.2,0.0,0,0.0,,1.0,0.0,0,0.0,0.0,,0.2,0.10799999999999998
2007,CL,読売ジャイアンツ,81385110,亀井　善行,Y.Kamei,20.0,23.0,19.0,3.0,3.0,1.0,0.0,1.0,7.0,3.0,1,0,0.0,1.0,3.0,0,0.0,7.0,0.0,0.158,0.261,0.368,0.629,1.0,0.21,0.10300000000000001,0.471,13.043478260869565,30.434782608695656,0.42857142857142855,0.16666666666666666,0.20945000000000003,383.66666666666663,0.3684210526315789,0.625,0.158,3.0,1.0,3.0,20.0,23.0,19.0,1.0,1.0,0.0,3.0,0.261,0.368,3.0,0,0.0,,7.0,1,0,0.0,1.0,,1.9090909090909092,2.0820000000000003
2007,CL,広島東洋カープ,81385111,木村　考壱朗,K.Kimura,4.0,5.0,5.0,0.0,0.0,0.0,0.0,0.0,0.0,0.0,0.0,0,0.0,0.0,0.0,0,0.0,1.0,0.0,0.0,0.0,0.0,0.0,0.0,0.0,0.0,0.0,0.0,20.0,0.0,0.0,0.0,0.0,0.0,0.0,0.0,0.0,0.0,0.0,4.0,5.0,5.0,0.0,0.0,0.0,0.0,0.0,0.0,0.0,0,0.0,,0.0,0.0,0,0.0,0.0,,0.0,-0.49
2007,CL,広島東洋カープ,81385113,岡上　和典,K.Okagami,2.0,0.0,0.0,1.0,0.0,0.0,0.0,0.0,0.0,0.0,1,0,0.0,0.0,0.0,0,0.0,0.0,0.0,,,,0.0,0.0,0.0,0.0,,nan,nan,nan,nan,0.0,0.0,nan,nan,,0.0,0.0,0.0,2.0,0.0,0.0,0.0,0.0,0.0,1.0,,,0.0,0,0.0,,0.0,1,0,0.0,0.0,,nan,0.0
2007,CL,広島東洋カープ,81385115,大須賀　允,M.Oosuga,16.0,23.0,20.0,2.0,3.0,0.0,0.0,0.0,3.0,1.0,0.0,0,0.0,0.0,2.0,0,1.0,6.0,0.0,0.15,0.261,0.15,0.41100000000000003,3.0,0.0,0.11100000000000002,0.261,8.695652173913043,26.08695652173913,0.3333333333333333,0.21428571428571427,0.15495,311.0,0.1,0.35294117647058826,0.15,3.0,0.0,1.0,16.0,23.0,20.0,3.0,0.0,0.0,2.0,0.261,0.15,2.0,0,1.0,,3.0,0.0,0,0.0,0.0,,0.6818181818181818,0.8240000000000001
2007,CL,東京ヤクルトスワローズ,81385117,大原　秉秀,H.Oohara,6.0,9.0,8.0,1.0,2.0,0.0,0.0,0.0,2.0,0.0,0.0,0,0.0,0.0,1.0,0,0.0,3.0,0.0,0.25,0.333,0.25,0.583,2.0,0.0,0.08300000000000002,0.333,11.11111111111111,33.33333333333333,0.3333333333333333,0.4,0.21235,416.3333333333333,0.125,0.5,0.25,2.0,0.0,0.0,6.0,9.0,8.0,2.0,0.0,0.0,1.0,0.333,0.25,1.0,0,0.0,,2.0,0.0,0,0.0,0.0,,0.6666666666666666,0.742
2007,CL,広島東洋カープ,81485110,森　跳二,C.Mori,4.0,0.0,0.0,0.0,0.0,0.0,0.0,0.0,0.0,0.0,0.0,0,0.0,0.0,0.0,0,0.0,0.0,0.0,,,,0.0,0.0,0.0,0.0,,nan,nan,nan,nan,0.0,0.0,nan,nan,,0.0,0.0,0.0,4.0,0.0,0.0,0.0,0.0,0.0,0.0,,,0.0,0,0.0,,0.0,0.0,0,0.0,0.0,,nan,0.0
2007,CL,読売ジャイアンツ,81485114,深町　亮介,R.Fukamachi,1.0,0.0,0.0,0.0,0.0,0.0,0.0,0.0,0.0,0.0,0.0,0,0.0,0.0,0.0,0,0.0,0.0,0.0,,,,0.0,0.0,0.0,0.0,,nan,nan,nan,nan,0.0,0.0,nan,nan,,0.0,0.0,0.0,1.0,0.0,0.0,0.0,0.0,0.0,0.0,,,0.0,0,0.0,,0.0,0.0,0,0.0,0.0,,nan,0.0
2007,CL,横浜DeNAベイスターズ,81485117,村田　修一,S.Murata,144.0,615.0,526.0,94.0,151.0,30.0,1.0,36.0,291.0,101.0,1.0,1,0.0,9.0,65.0,0,15.0,117.0,14.0,0.287,0.376,0.553,0.929,84.0,0.26600000000000007,0.08900000000000002,0.6420000000000001,10.569105691056912,19.024390243902438,0.5555555555555556,0.3010471204188482,0.30745,560.3333333333334,0.3916349809885932,0.9562982005141388,0.287,151.0,36.0,101.0,144.0,615.0,526.0,84.0,30.0,1.0,94.0,0.376,0.553,65.0,0,15.0,,291.0,1.0,1,0.0,9.0,,106.35532994923858,106.31
2007,CL,広島東洋カープ,81583866,緒方　孝市,K.Ogata,33.0,91.0,83.0,5.0,15.0,5.0,0.0,0.0,20.0,4.0,1.0,1,1.0,1.0,6.0,0,0.0,19.0,5.0,0.181,0.233,0.241,0.474,10.0,0.06,0.05200000000000002,0.293,6.593406593406594,20.87912087912088,0.3157894736842105,0.23076923076923078,0.16510000000000002,313.33333333333337,0.14457831325301204,0.3698630136986301,0.181,15.0,0.0,4.0,33.0,91.0,83.0,10.0,5.0,0.0,5.0,0.233,0.241,6.0,0,0.0,,20.0,1.0,1,1.0,1.0,,4.719101123595506,4.095999999999999
2007,CL,阪神タイガース,81585119,桟原　将司,M.Sajikihara,17.0,0.0,0.0,0.0,0.0,0.0,0.0,0.0,0.0,0.0,0.0,0,0.0,0.0,0.0,0,0.0,0.0,0.0,,,,0.0,0.0,0.0,0.0,,nan,nan,nan,nan,0.0,0.0,nan,nan,,0.0,0.0,0.0,17.0,0.0,0.0,0.0,0.0,0.0,0.0,,,0.0,0,0.0,,0.0,0.0,0,0.0,0.0,,nan,0.0
2007,CL,中日ドラゴンズ,81685112,柳田　殖生,S.Yanagida,9.0,12.0,12.0,1.0,2.0,0.0,0.0,1.0,5.0,1.0,0.0,0,0.0,0.0,0.0,0,0.0,6.0,0.0,0.167,0.167,0.417,0.584,1.0,0.24999999999999997,0.0,0.417,0.0,50.0,0.0,0.2,0.1794,306.0,0.25,0.5,0.167,2.0,1.0,1.0,9.0,12.0,12.0,1.0,0.0,0.0,1.0,0.167,0.417,0.0,0,0.0,,5.0,0.0,0,0.0,0.0,,0.8333333333333334,0.96
2007,CL,阪神タイガース,81685117,林　威助,U.Rin,115.0,442.0,418.0,51.0,122.0,17.0,3.0,15.0,190.0,58.0,1,0,0.0,4.0,20.0,0,0.0,89.0,5.0,0.292,0.321,0.455,0.776,87.0,0.16300000000000003,0.029000000000000026,0.484,4.524886877828054,20.13574660633484,0.2247191011235955,0.33647798742138363,0.2582,472.6666666666667,0.21052631578947367,0.6976744186046512,0.292,122.0,15.0,58.0,115.0,442.0,418.0,87.0,17.0,3.0,51.0,0.321,0.455,20.0,0,0.0,,190.0,1,0,0.0,4.0,,61.598173515981735,58.051999999999985
2007,CL,阪神タイガース,81783884,関本　賢太郎,K.Sekimoto,131.0,433.0,358.0,38.0,87.0,12.0,1.0,7.0,122.0,25.0,0.0,0,29.0,2.0,39.0,0,5.0,67.0,10.0,0.243,0.324,0.341,0.665,67.0,0.09800000000000003,0.08100000000000002,0.422,9.006928406466514,15.473441108545035,0.582089552238806,0.27972027972027974,0.23105000000000003,437.6666666666667,0.20670391061452514,0.5907473309608541,0.243,87.0,7.0,25.0,131.0,433.0,358.0,67.0,12.0,1.0,38.0,0.324,0.341,39.0,0,5.0,,122.0,0.0,0,29.0,2.0,,38.72040302267003,41.222
2007,CL,横浜DeNAベイスターズ,81785110,染田　賢作,K.Someda,1.0,0.0,0.0,0.0,0.0,0.0,0.0,0.0,0.0,0.0,0.0,0,0.0,0.0,0.0,0,0.0,0.0,0.0,,,,0.0,0.0,0.0,0.0,,nan,nan,nan,nan,0.0,0.0,nan,nan,,0.0,0.0,0.0,1.0,0.0,0.0,0.0,0.0,0.0,0.0,,,0.0,0,0.0,,0.0,0.0,0,0.0,0.0,,nan,0.0
2007,CL,広島東洋カープ,81785112,齊藤　悠葵,Y.Saitou,2.0,0.0,0.0,0.0,0.0,0.0,0.0,0.0,0.0,0.0,0.0,0,0.0,0.0,0.0,0,0.0,0.0,0.0,,,,0.0,0.0,0.0,0.0,,nan,nan,nan,nan,0.0,0.0,nan,nan,,0.0,0.0,0.0,2.0,0.0,0.0,0.0,0.0,0.0,0.0,,,0.0,0,0.0,,0.0,0.0,0,0.0,0.0,,nan,0.0
2007,CL,東京ヤクルトスワローズ,81785115,志田　宗大,M.Shida,59.0,14.0,13.0,9.0,0.0,0.0,0.0,0.0,0.0,0.0,2,0,0.0,0.0,1.0,0,0.0,3.0,0.0,0.0,0.071,0.0,0.071,0.0,0.0,0.071,0.071,7.142857142857142,21.428571428571427,0.3333333333333333,0.0,0.03195,71.0,0.07692307692307693,0.07692307692307693,0.0,0.0,0.0,0.0,59.0,14.0,13.0,0.0,0.0,0.0,9.0,0.071,0.0,1.0,0,0.0,,0.0,2,0,0.0,0.0,,0.0,-0.944
2007,CL,阪神タイガース,81885112,若竹　竜士,R.Wakatake,2.0,2.0,1.0,0.0,0.0,0.0,0.0,0.0,0.0,0.0,0.0,0,1.0,0.0,0.0,0,0.0,1.0,0.0,0.0,0.0,0.0,0.0,0.0,0.0,0.0,0.0,0.0,50.0,0.0,nan,0.0,0.0,0.0,0.0,0.0,0.0,0.0,0.0,2.0,2.0,1.0,0.0,0.0,0.0,0.0,0.0,0.0,0.0,0,0.0,,0.0,0.0,0,1.0,0.0,,0.0,-0.098
2007,CL,阪神タイガース,81983888,福原　忍,S.Fukuhara,19.0,14.0,13.0,0.0,1.0,0.0,0.0,0.0,1.0,0.0,0.0,0,1.0,0.0,0.0,0,0.0,8.0,0.0,0.077,0.077,0.077,0.154,1.0,0.0,0.0,0.077,0.0,57.14285714285714,0.0,0.2,0.0539,102.66666666666667,0.0,0.08333333333333333,0.077,1.0,0.0,0.0,19.0,14.0,13.0,1.0,0.0,0.0,0.0,0.077,0.077,0.0,0,0.0,,1.0,0.0,0,1.0,0.0,,0.07692307692307693,-0.6760000000000002
2007,CL,横浜DeNAベイスターズ,81985114,下園　辰哉,T.Shimozono,28.0,32.0,29.0,2.0,6.0,2.0,0.0,0.0,8.0,0.0,0.0,0,0.0,0.0,3.0,0,0.0,11.0,0.0,0.207,0.281,0.276,0.557,4.0,0.06900000000000003,0.07400000000000004,0.3500000000000001,9.375,34.375,0.2727272727272727,0.3333333333333333,0.19545,373.00000000000006,0.1724137931034483,0.4782608695652174,0.207,6.0,0.0,0.0,28.0,32.0,29.0,4.0,2.0,0.0,2.0,0.281,0.276,3.0,0,0.0,,8.0,0.0,0,0.0,0.0,,2.25,2.1759999999999997
2007,CL,広島東洋カープ,83385112,V.マルテ,V.Marte,17.0,0.0,0.0,0.0,0.0,0.0,0.0,0.0,0.0,0.0,0.0,0,0.0,0.0,0.0,0,0.0,0.0,0.0,,,,0.0,0.0,0.0,0.0,,nan,nan,nan,nan,0.0,0.0,nan,nan,,0.0,0.0,0.0,17.0,0.0,0.0,0.0,0.0,0.0,0.0,,,0.0,0,0.0,,0.0,0.0,0,0.0,0.0,,nan,0.0
2007,CL,東京ヤクルトスワローズ,83385113,B.シコースキー,B.Sikorski,29.0,3.0,3.0,0.0,0.0,0.0,0.0,0.0,0.0,0.0,0.0,0,0.0,0.0,0.0,0,0.0,2.0,0.0,0.0,0.0,0.0,0.0,0.0,0.0,0.0,0.0,0.0,66.66666666666666,0.0,0.0,0.0,0.0,0.0,0.0,0.0,0.0,0.0,0.0,29.0,3.0,3.0,0.0,0.0,0.0,0.0,0.0,0.0,0.0,0,0.0,,0.0,0.0,0,0.0,0.0,,0.0,-0.29400000000000004
2007,CL,中日ドラゴンズ,83385114,F.グラセスキ,F.Gracesqui,17.0,0.0,0.0,0.0,0.0,0.0,0.0,0.0,0.0,0.0,0.0,0,0.0,0.0,0.0,0,0.0,0.0,0.0,,,,0.0,0.0,0.0,0.0,,nan,nan,nan,nan,0.0,0.0,nan,nan,,0.0,0.0,0.0,17.0,0.0,0.0,0.0,0.0,0.0,0.0,,,0.0,0,0.0,,0.0,0.0,0,0.0,0.0,,nan,0.0
2007,CL,中日ドラゴンズ,85583868,谷繁　元信,M.Tanishige,134.0,474.0,382.0,33.0,90.0,15.0,0.0,6.0,123.0,44.0,0,1,19.0,5.0,62.0,0,6.0,85.0,10.0,0.236,0.347,0.322,0.669,69.0,0.08600000000000002,0.11099999999999999,0.433,13.080168776371309,17.932489451476794,0.7294117647058823,0.28378378378378377,0.23664999999999997,454.3333333333333,0.2513089005235602,0.6357615894039735,0.236,90.0,6.0,44.0,134.0,474.0,382.0,69.0,15.0,0.0,33.0,0.347,0.322,62.0,0,6.0,,123.0,0,1,19.0,5.0,,42.108108108108105,47.944
2007,CL,東京ヤクルトスワローズ,91095111,藤井　秀悟,S.Fujii,25.0,36.0,33.0,1.0,5.0,1.0,0.0,0.0,6.0,3.0,0.0,0,2.0,0.0,0.0,0,1.0,13.0,0.0,0.152,0.176,0.182,0.358,4.0,0.03,0.023999999999999994,0.206,0.0,36.11111111111111,0.0,0.25,0.12469999999999999,236.66666666666666,0.030303030303030304,0.25,0.152,5.0,0.0,3.0,25.0,36.0,33.0,4.0,1.0,0.0,1.0,0.176,0.182,0.0,0,1.0,,6.0,0.0,0,2.0,0.0,,0.9090909090909091,0.3059999999999996
2007,CL,東京ヤクルトスワローズ,91095114,高市　俊,S.Takaichi,2.0,0.0,0.0,0.0,0.0,0.0,0.0,0.0,0.0,0.0,0.0,0,0.0,0.0,0.0,0,0.0,0.0,0.0,,,,0.0,0.0,0.0,0.0,,nan,nan,nan,nan,0.0,0.0,nan,nan,,0.0,0.0,0.0,2.0,0.0,0.0,0.0,0.0,0.0,0.0,,,0.0,0,0.0,,0.0,0.0,0,0.0,0.0,,nan,0.0
2007,CL,横浜DeNAベイスターズ,91095115,寺原　隼人,H.Terahara,37.0,61.0,54.0,2.0,6.0,0.0,0.0,0.0,6.0,3.0,0.0,0,6.0,0.0,1.0,0,0.0,24.0,0.0,0.111,0.127,0.111,0.238,6.0,0.0,0.016,0.127,1.639344262295082,39.34426229508197,0.041666666666666664,0.2,0.0849,164.0,0.018518518518518517,0.14583333333333334,0.111,6.0,0.0,3.0,37.0,61.0,54.0,6.0,0.0,0.0,2.0,0.127,0.111,1.0,0,0.0,,6.0,0.0,0,6.0,0.0,,0.7636363636363637,-1.3740000000000006
2007,CL,横浜DeNAベイスターズ,91195110,石川　雄洋,T.Ishikawa,19.0,27.0,24.0,5.0,3.0,0.0,0.0,0.0,3.0,1.0,1,0,1.0,0.0,2.0,0,0.0,6.0,0.0,0.125,0.192,0.125,0.317,3.0,0.0,0.067,0.192,7.4074074074074066,22.22222222222222,0.3333333333333333,0.16666666666666666,0.11765,233.66666666666666,0.08333333333333333,0.23809523809523808,0.125,3.0,0.0,1.0,19.0,27.0,24.0,3.0,0.0,0.0,5.0,0.192,0.125,2.0,0,0.0,,3.0,1,0,1.0,0.0,,0.5769230769230769,0.10199999999999987
2007,CL,阪神タイガース,91195113,赤星　憲広,N.Akahoshi,121.0,475.0,400.0,61.0,120.0,12.0,1.0,0.0,134.0,19.0,24,8,29.0,2.0,39.0,0,5.0,58.0,3.0,0.3,0.368,0.335,0.7030000000000001,107.0,0.03500000000000003,0.068,0.403,8.210526315789474,12.210526315789473,0.6724137931034483,0.3488372093023256,0.24935000000000002,479.6666666666667,0.1525,0.657243816254417,0.3,120.0,0.0,19.0,121.0,475.0,400.0,107.0,12.0,1.0,61.0,0.368,0.335,39.0,0,5.0,,134.0,24,8,29.0,2.0,,48.533029612756266,51.7
2007,CL,阪神タイガース,91293881,野口　寿浩,T.Noguchi,36.0,106.0,94.0,13.0,33.0,9.0,1.0,2.0,50.0,11.0,1.0,1,3.0,1.0,5.0,0,3.0,24.0,1.0,0.351,0.398,0.532,0.93,21.0,0.18100000000000005,0.04700000000000004,0.5790000000000001,4.716981132075472,22.641509433962266,0.20833333333333334,0.4492753623188406,0.31210000000000004,575.3333333333334,0.24468085106382978,0.9516129032258065,0.351,33.0,2.0,11.0,36.0,106.0,94.0,21.0,9.0,1.0,13.0,0.398,0.532,5.0,0,3.0,,50.0,1.0,1,3.0,1.0,,19.19191919191919,17.741999999999997
2007,CL,横浜DeNAベイスターズ,91293882,横山　道哉,Y.Yokoyama,36.0,1.0,0.0,0.0,0.0,0.0,0.0,0.0,0.0,0.0,0.0,0,1.0,0.0,0.0,0,0.0,0.0,0.0,,,,0.0,0.0,0.0,0.0,,0.0,0.0,nan,nan,0.0,0.0,nan,nan,,0.0,0.0,0.0,36.0,1.0,0.0,0.0,0.0,0.0,0.0,,,0.0,0,0.0,,0.0,0.0,0,1.0,0.0,,nan,0.0
2007,CL,東京ヤクルトスワローズ,91293887,真中　満,M.Manaka,105.0,125.0,119.0,11.0,38.0,6.0,0.0,1.0,47.0,10.0,0.0,0,0.0,1.0,5.0,0,0.0,13.0,5.0,0.319,0.344,0.395,0.739,31.0,0.07600000000000001,0.024999999999999967,0.42,4.0,10.4,0.38461538461538464,0.3490566037735849,0.25355,475.6666666666667,0.11764705882352941,0.6046511627906976,0.319,38.0,1.0,10.0,105.0,125.0,119.0,31.0,6.0,0.0,11.0,0.344,0.395,5.0,0,0.0,,47.0,0.0,0,0.0,1.0,,16.298387096774192,14.972
2007,CL,東京ヤクルトスワローズ,91293889,度会　博文,H.Watarai,68.0,95.0,88.0,9.0,18.0,4.0,0.0,0.0,22.0,8.0,0.0,0,6.0,1.0,0.0,0,0.0,16.0,1.0,0.205,0.202,0.25,0.452,14.0,0.04500000000000001,-0.002999999999999975,0.247,0.0,16.842105263157894,0.0,0.2465753424657534,0.1534,285.3333333333333,0.045454545454545456,0.30985915492957744,0.205,18.0,0.0,8.0,68.0,95.0,88.0,14.0,4.0,0.0,9.0,0.202,0.25,0.0,0,0.0,,22.0,0.0,0,6.0,1.0,,4.5,3.0199999999999987
2007,CL,中日ドラゴンズ,91393886,小田　幸平,K.Oda,27.0,42.0,36.0,1.0,7.0,1.0,0.0,0.0,8.0,1.0,0.0,0,3.0,1.0,1.0,0,1.0,8.0,0.0,0.194,0.231,0.222,0.453,6.0,0.027999999999999997,0.037000000000000005,0.259,2.380952380952381,19.047619047619047,0.125,0.2413793103448276,0.15945,305.0,0.05555555555555555,0.3448275862068966,0.194,7.0,0.0,1.0,27.0,42.0,36.0,6.0,1.0,0.0,1.0,0.231,0.222,1.0,0,1.0,,8.0,0.0,0,3.0,1.0,,1.7297297297297298,1.5379999999999998
2007,CL,広島東洋カープ,91393888,小山田　保裕,Y.Oyamada,4.0,3.0,3.0,0.0,0.0,0.0,0.0,0.0,0.0,0.0,0.0,0,0.0,0.0,0.0,0,0.0,3.0,0.0,0.0,0.0,0.0,0.0,0.0,0.0,0.0,0.0,0.0,100.0,0.0,nan,0.0,0.0,0.0,0.0,0.0,0.0,0.0,0.0,4.0,3.0,3.0,0.0,0.0,0.0,0.0,0.0,0.0,0.0,0,0.0,,0.0,0.0,0,0.0,0.0,,0.0,-0.29400000000000004
2007,CL,読売ジャイアンツ,91593882,清水　崇行,T.Shimizu,66.0,129.0,112.0,17.0,38.0,3.0,0.0,3.0,50.0,14.0,0.0,0,2.0,0.0,14.0,0,1.0,13.0,3.0,0.339,0.417,0.446,0.863,32.0,0.10699999999999998,0.07799999999999996,0.524,10.852713178294573,10.077519379844961,1.0769230769230769,0.3645833333333333,0.29914999999999997,565.6666666666666,0.23214285714285715,0.8441558441558441,0.339,38.0,3.0,14.0,66.0,129.0,112.0,32.0,3.0,0.0,17.0,0.417,0.446,14.0,0,1.0,,50.0,0.0,0,2.0,0.0,,20.634920634920636,20.177999999999997
2007,CL,横浜DeNAベイスターズ,91593888,金城　龍彦,T.Kinjou,139.0,580.0,511.0,66.0,145.0,27.0,2.0,14.0,218.0,66.0,2.0,2,12.0,4.0,49.0,0,4.0,64.0,11.0,0.284,0.349,0.427,0.776,102.0,0.14300000000000002,0.065,0.492,8.448275862068966,11.03448275862069,0.765625,0.2997711670480549,0.2638,491.3333333333333,0.24266144814090018,0.7241379310344828,0.284,145.0,14.0,66.0,139.0,580.0,511.0,102.0,27.0,2.0,66.0,0.349,0.427,49.0,0,4.0,,218.0,2.0,2,12.0,4.0,,75.52142857142857,74.66199999999998
2007,CL,横浜DeNAベイスターズ,91595110,岸本　秀樹,H.Kishimoto,3.0,0.0,0.0,0.0,0.0,0.0,0.0,0.0,0.0,0.0,0.0,0,0.0,0.0,0.0,0,0.0,0.0,0.0,,,,0.0,0.0,0.0,0.0,,nan,nan,nan,nan,0.0,0.0,nan,nan,,0.0,0.0,0.0,3.0,0.0,0.0,0.0,0.0,0.0,0.0,,,0.0,0,0.0,,0.0,0.0,0,0.0,0.0,,nan,0.0
2007,CL,広島東洋カープ,91595111,佐竹　健太,K.Satake,20.0,0.0,0.0,0.0,0.0,0.0,0.0,0.0,0.0,0.0,0.0,0,0.0,0.0,0.0,0,0.0,0.0,0.0,,,,0.0,0.0,0.0,0.0,,nan,nan,nan,nan,0.0,0.0,nan,nan,,0.0,0.0,0.0,20.0,0.0,0.0,0.0,0.0,0.0,0.0,,,0.0,0,0.0,,0.0,0.0,0,0.0,0.0,,nan,0.0
2007,CL,東京ヤクルトスワローズ,91595115,梶本　勇介,Y.Kajimoto,7.0,15.0,13.0,0.0,1.0,0.0,0.0,0.0,1.0,1.0,0.0,0,1.0,1.0,0.0,0,0.0,6.0,0.0,0.077,0.071,0.077,0.148,1.0,0.0,-0.006000000000000005,0.071,0.0,40.0,0.0,0.125,0.051199999999999996,96.66666666666667,0.0,0.08333333333333333,0.077,1.0,0.0,1.0,7.0,15.0,13.0,1.0,0.0,0.0,0.0,0.071,0.077,0.0,0,0.0,,1.0,0.0,0,1.0,1.0,,0.07692307692307693,-0.6760000000000002
2007,CL,横浜DeNAベイスターズ,91595119,呉本　成徳,S.Kuremoto,4.0,4.0,3.0,1.0,1.0,0.0,0.0,0.0,1.0,0.0,0.0,0,0.0,0.0,1.0,0,0.0,1.0,0.0,0.333,0.5,0.333,0.833,1.0,0.0,0.16699999999999998,0.5,25.0,25.0,1.0,0.5,0.30825,611.0,0.3333333333333333,1.0,0.333,1.0,0.0,0.0,4.0,4.0,3.0,1.0,0.0,0.0,1.0,0.5,0.333,1.0,0,0.0,,1.0,0.0,0,0.0,0.0,,0.5,0.6340000000000001
2007,CL,阪神タイガース,91793880,秀太,S.Shuuta（tanaka,16.0,13.0,10.0,0.0,0.0,0.0,0.0,0.0,0.0,0.0,0.0,0,2.0,0.0,1.0,0,0.0,7.0,0.0,0.0,0.091,0.0,0.091,0.0,0.0,0.091,0.091,7.6923076923076925,53.84615384615385,0.14285714285714285,0.0,0.04095,91.0,0.1,0.1,0.0,0.0,0.0,0.0,16.0,13.0,10.0,0.0,0.0,0.0,0.0,0.091,0.0,1.0,0,0.0,,0.0,0.0,0,2.0,0.0,,0.0,-0.6499999999999999
2007,CL,横浜DeNAベイスターズ,91795117,北川　隼行,T.Kitagawa,2.0,0.0,0.0,0.0,0.0,0.0,0.0,0.0,0.0,0.0,0.0,0,0.0,0.0,0.0,0,0.0,0.0,0.0,,,,0.0,0.0,0.0,0.0,,nan,nan,nan,nan,0.0,0.0,nan,nan,,0.0,0.0,0.0,2.0,0.0,0.0,0.0,0.0,0.0,0.0,,,0.0,0,0.0,,0.0,0.0,0,0.0,0.0,,nan,0.0
2007,CL,読売ジャイアンツ,91993884,谷　佳知,Y.Tani,141.0,595.0,541.0,63.0,172.0,31.0,0.0,10.0,233.0,53.0,10,2,20.0,1.0,30.0,0,3.0,48.0,10.0,0.318,0.357,0.431,0.788,131.0,0.11299999999999999,0.03899999999999998,0.47,5.042016806722689,8.067226890756302,0.625,0.3347107438016529,0.26839999999999997,500.6666666666666,0.17190388170055454,0.7071240105540897,0.318,172.0,10.0,53.0,141.0,595.0,541.0,131.0,31.0,0.0,63.0,0.357,0.431,30.0,0,3.0,,233.0,10,2,20.0,1.0,,82.42732049036778,77.30799999999999
2007,CL,阪神タイガース,91995119,筒井　和也,K.Tsutsui,4.0,0.0,0.0,0.0,0.0,0.0,0.0,0.0,0.0,0.0,0.0,0,0.0,0.0,0.0,0,0.0,0.0,0.0,,,,0.0,0.0,0.0,0.0,,nan,nan,nan,nan,0.0,0.0,nan,nan,,0.0,0.0,0.0,4.0,0.0,0.0,0.0,0.0,0.0,0.0,,,0.0,0,0.0,,0.0,0.0,0,0.0,0.0,,nan,0.0
2007,CL,横浜DeNAベイスターズ,93193883,鈴木尚,T.Suzukitaka（suzuki,95.0,260.0,237.0,27.0,55.0,12.0,1.0,3.0,78.0,17.0,1,0,0.0,2.0,21.0,0,0.0,48.0,9.0,0.232,0.292,0.329,0.621,39.0,0.097,0.05999999999999997,0.389,8.076923076923077,18.461538461538463,0.4375,0.2765957446808511,0.21365,401.6666666666667,0.18565400843881857,0.518324607329843,0.232,55.0,3.0,17.0,95.0,260.0,237.0,39.0,12.0,1.0,27.0,0.292,0.329,21.0,0,0.0,,78.0,1,0,0.0,2.0,,22.976744186046513,22.593999999999998
2007,CL,東京ヤクルトスワローズ,93195114,A.ガイエル,A.Guiel,142.0,611.0,497.0,78.0,122.0,18.0,0.0,35.0,245.0,79.0,2,1,0.0,3.0,88.0,0,23.0,147.0,3.0,0.245,0.381,0.493,0.874,69.0,0.248,0.136,0.629,14.402618657937808,24.058919803600652,0.5986394557823129,0.27358490566037735,0.2947,545.3333333333334,0.42655935613682094,0.9444444444444444,0.245,122.0,35.0,79.0,142.0,611.0,497.0,69.0,18.0,0.0,78.0,0.381,0.493,88.0,0,23.0,,245.0,2,1,0.0,3.0,,87.94871794871794,97.92000000000002
2007,CL,読売ジャイアンツ,93395114,D.ホリンズ,D.Hollins,124.0,407.0,370.0,43.0,95.0,23.0,1.0,12.0,156.0,45.0,2.0,2,1.0,2.0,33.0,0,1.0,85.0,10.0,0.257,0.318,0.422,0.74,59.0,0.16499999999999998,0.061,0.483,8.108108108108109,20.884520884520885,0.38823529411764707,0.3018181818181818,0.2486,458.6666666666667,0.2594594594594595,0.6736842105263158,0.257,95.0,12.0,45.0,124.0,407.0,370.0,59.0,23.0,1.0,43.0,0.318,0.422,33.0,0,1.0,,156.0,2.0,2,1.0,2.0,,49.54838709677419,49.00999999999999
2007,CL,中日ドラゴンズ,93595114,R.クルス,R.Cruz,17.0,1.0,1.0,0.0,0.0,0.0,0.0,0.0,0.0,0.0,0.0,0,0.0,0.0,0.0,0,0.0,0.0,0.0,0.0,0.0,0.0,0.0,0.0,0.0,0.0,0.0,0.0,0.0,nan,0.0,0.0,0.0,0.0,0.0,0.0,0.0,0.0,0.0,17.0,1.0,1.0,0.0,0.0,0.0,0.0,0.0,0.0,0.0,0,0.0,,0.0,0.0,0,0.0,0.0,,0.0,-0.098
2007,CL,読売ジャイアンツ,93993868,大道　典嘉,N.Oomichi,42.0,43.0,36.0,5.0,11.0,3.0,0.0,1.0,17.0,1.0,0.0,0,1.0,0.0,6.0,0,0.0,7.0,2.0,0.306,0.405,0.472,0.877,7.0,0.16599999999999998,0.09900000000000003,0.571,13.953488372093023,16.27906976744186,0.8571428571428571,0.35714285714285715,0.30025,562.3333333333334,0.3333333333333333,0.8518518518518519,0.306,11.0,1.0,1.0,42.0,43.0,36.0,7.0,3.0,0.0,5.0,0.405,0.472,6.0,0,0.0,,17.0,0.0,0,1.0,0.0,,6.880952380952381,6.63
