year,league,team,player_id,player_name_ja,player_name_en,G,PA,AB,R,H,2B,3B,HR,TB,RBI,SB,CS,SH,SF,BB,IBB,HBP,SO,GDP,AVG,OBP,SLG,OPS,1B,IsoP,IsoD,IOPS,BB%,K%,BB/K,BABIP,GPA,NOI,SecA,TA,打率,安打,本塁打,打点,試合,打席,打数,単打,二塁打,三塁打,得点,出塁率,長打率,四球,敬遠,死球,三振,塁打,盗塁,盗塁死,犠打,犠飛,併殺打,RC,XR
2000,CL,広島東洋カープ,1003880,山内　泰幸,Y.Yamauchi,11.0,17.0,14.0,1.0,2.0,0.0,0.0,0.0,2.0,0.0,0.0,0,3.0,0.0,0.0,0,0.0,6.0,2.0,0.143,0.143,0.143,0.286,2.0,0.0,0.0,0.143,0.0,35.294117647058826,0.0,0.25,0.1001,190.66666666666666,0.0,0.14285714285714285,0.143,2.0,0.0,0.0,11.0,17.0,14.0,2.0,0.0,0.0,1.0,0.143,0.143,0.0,0,0.0,,2.0,0.0,0,3.0,0.0,,0.2857142857142857,-0.17600000000000016
2000,CL,横浜DeNAベイスターズ,1003882,細見　和史,K.Hosomi,13.0,19.0,18.0,0.0,1.0,0.0,0.0,0.0,1.0,1.0,0.0,0,0.0,1.0,0.0,0,0.0,8.0,0.0,0.056,0.053,0.056,0.109,1.0,0.0,-0.0030000000000000027,0.053,0.0,42.10526315789473,0.0,0.09090909090909091,0.03785,71.66666666666667,0.0,0.058823529411764705,0.056,1.0,0.0,1.0,13.0,19.0,18.0,1.0,0.0,0.0,0.0,0.053,0.056,0.0,0,0.0,,1.0,0.0,0,0.0,1.0,,0.05555555555555555,-1.1660000000000001
2000,CL,読売ジャイアンツ,1003884,堀田　一郎,I.Horita,13.0,10.0,9.0,3.0,3.0,1.0,1.0,0.0,6.0,1.0,0.0,0,0.0,0.0,1.0,0,0.0,2.0,0.0,0.333,0.4,0.667,1.0670000000000002,1.0,0.334,0.067,0.734,10.0,20.0,0.5,0.42857142857142855,0.34675,622.3333333333334,0.4444444444444444,1.1666666666666667,0.333,3.0,0.0,1.0,13.0,10.0,9.0,1.0,1.0,1.0,3.0,0.4,0.667,1.0,0,0.0,,6.0,0.0,0,0.0,0.0,,2.4,2.002
2000,CL,阪神タイガース,11013884,濱中　治,O.Hamanaka,9.0,18.0,15.0,2.0,4.0,0.0,0.0,0.0,4.0,0.0,0,1,0.0,0.0,3.0,0,0.0,6.0,0.0,0.267,0.389,0.267,0.656,4.0,0.0,0.122,0.389,16.666666666666664,33.33333333333333,0.5,0.4444444444444444,0.24180000000000001,478.00000000000006,0.26666666666666666,0.7272727272727273,0.267,4.0,0.0,0.0,9.0,18.0,15.0,4.0,0.0,0.0,2.0,0.389,0.267,3.0,0,0.0,,4.0,0,1,0.0,0.0,,1.5555555555555556,2.0920000000000005
2000,CL,東京ヤクルトスワローズ,1103882,石井　弘寿,H.Ishii,45.0,8.0,6.0,0.0,0.0,0.0,0.0,0.0,0.0,0.0,0.0,0,1.0,0.0,1.0,0,0.0,1.0,0.0,0.0,0.143,0.0,0.143,0.0,0.0,0.143,0.143,12.5,12.5,1.0,0.0,0.06434999999999999,143.0,0.16666666666666666,0.16666666666666666,0.0,0.0,0.0,0.0,45.0,8.0,6.0,0.0,0.0,0.0,0.0,0.143,0.0,1.0,0,0.0,,0.0,0.0,0,1.0,0.0,,0.0,-0.25800000000000006
2000,CL,読売ジャイアンツ,1103883,元木　大介,D.Motoki,114.0,353.0,310.0,40.0,85.0,17.0,0.0,5.0,117.0,29.0,2.0,0,7.0,1.0,34.0,0,1.0,47.0,7.0,0.274,0.347,0.377,0.724,63.0,0.10299999999999998,0.07299999999999995,0.4499999999999999,9.631728045325778,13.314447592067987,0.723404255319149,0.3088803088803089,0.25039999999999996,472.6666666666667,0.21935483870967742,0.6637931034482759,0.274,85.0,5.0,29.0,114.0,353.0,310.0,63.0,17.0,0.0,40.0,0.347,0.377,34.0,0,1.0,,117.0,2.0,0,7.0,1.0,,40.473837209302324,40.8
2000,CL,阪神タイガース,1103886,井川　慶,K.Igawa,9.0,10.0,10.0,0.0,1.0,0.0,0.0,0.0,1.0,0.0,0.0,0,0.0,0.0,0.0,0,0.0,2.0,1.0,0.1,0.1,0.1,0.2,1.0,0.0,0.0,0.1,0.0,20.0,0.0,0.125,0.07,133.33333333333334,0.0,0.1,0.1,1.0,0.0,0.0,9.0,10.0,10.0,1.0,0.0,0.0,0.0,0.1,0.1,0.0,0,0.0,,1.0,0.0,0,0.0,0.0,,0.1,-0.382
2000,CL,広島東洋カープ,1103888,新井　貴浩,T.Arai,92.0,233.0,208.0,26.0,51.0,6.0,0.0,16.0,105.0,35.0,1.0,0,0.0,2.0,18.0,0,5.0,54.0,6.0,0.245,0.318,0.505,0.823,29.0,0.26,0.07300000000000001,0.5780000000000001,7.725321888412018,23.17596566523605,0.3333333333333333,0.25,0.26935,486.3333333333333,0.35096153846153844,0.7914110429447853,0.245,51.0,16.0,35.0,92.0,233.0,208.0,29.0,6.0,0.0,26.0,0.318,0.505,18.0,0,5.0,,105.0,1.0,0,0.0,2.0,,32.057522123893804,34.244
2000,CL,阪神タイガース,11213864,八木　裕,H.Yagi,48.0,81.0,69.0,11.0,17.0,3.0,1.0,5.0,37.0,15.0,0.0,0,0.0,1.0,11.0,0,0.0,15.0,2.0,0.246,0.346,0.536,0.882,8.0,0.29000000000000004,0.09999999999999998,0.636,13.580246913580247,18.51851851851852,0.7333333333333333,0.24,0.2897,524.6666666666666,0.4492753623188406,0.8888888888888888,0.246,17.0,5.0,15.0,48.0,81.0,69.0,8.0,3.0,1.0,11.0,0.346,0.536,11.0,0,0.0,,37.0,0.0,0,0.0,1.0,,12.95,12.933999999999997
2000,CL,広島東洋カープ,11213880,横山　竜士,R.Yokoyama,3.0,5.0,5.0,0.0,0.0,0.0,0.0,0.0,0.0,0.0,0.0,0,0.0,0.0,0.0,0,0.0,3.0,0.0,0.0,0.0,0.0,0.0,0.0,0.0,0.0,0.0,0.0,60.0,0.0,0.0,0.0,0.0,0.0,0.0,0.0,0.0,0.0,0.0,3.0,5.0,5.0,0.0,0.0,0.0,0.0,0.0,0.0,0.0,0,0.0,,0.0,0.0,0,0.0,0.0,,0.0,-0.49
2000,CL,読売ジャイアンツ,11213884,三澤　興一,K.Misawa,41.0,8.0,6.0,1.0,2.0,0.0,0.0,0.0,2.0,0.0,0.0,0,2.0,0.0,0.0,0,0.0,3.0,0.0,0.333,0.333,0.333,0.666,2.0,0.0,0.0,0.333,0.0,37.5,0.0,0.6666666666666666,0.23310000000000003,444.0,0.0,0.5,0.333,2.0,0.0,0.0,41.0,8.0,6.0,2.0,0.0,0.0,1.0,0.333,0.333,0.0,0,0.0,,2.0,0.0,0,2.0,0.0,,0.6666666666666666,0.608
2000,CL,阪神タイガース,11215111,松田　匡司,M.Matsuda,23.0,32.0,26.0,3.0,6.0,2.0,0.0,0.0,8.0,3.0,1.0,1,2.0,0.0,4.0,0,0.0,8.0,0.0,0.231,0.333,0.308,0.641,4.0,0.07699999999999999,0.10200000000000001,0.41,12.5,25.0,0.5,0.3333333333333333,0.22685,435.6666666666667,0.2692307692307692,0.65,0.231,6.0,0.0,3.0,23.0,32.0,26.0,4.0,2.0,0.0,3.0,0.333,0.308,4.0,0,0.0,,8.0,1.0,1,2.0,0.0,,2.6666666666666665,2.9799999999999995
2000,CL,読売ジャイアンツ,11313882,大野　倫,R.Oono,5.0,5.0,5.0,1.0,1.0,0.0,0.0,1.0,4.0,1.0,0.0,0,0.0,0.0,0.0,0,0.0,0.0,0.0,0.2,0.2,0.8,1.0,0.0,0.6000000000000001,0.0,0.8,0.0,0.0,nan,0.0,0.29000000000000004,466.6666666666667,0.6,1.0,0.2,1.0,1.0,1.0,5.0,5.0,5.0,0.0,0.0,0.0,1.0,0.2,0.8,0.0,0,0.0,,4.0,0.0,0,0.0,0.0,,0.8,1.048
2000,CL,東京ヤクルトスワローズ,11313884,岩村　明憲,A.Iwamura,130.0,489.0,436.0,67.0,121.0,13.0,9.0,18.0,206.0,66.0,13,1,9.0,1.0,39.0,0,4.0,103.0,7.0,0.278,0.342,0.472,0.8140000000000001,81.0,0.19399999999999995,0.064,0.536,7.975460122699387,21.063394683026583,0.3786407766990291,0.3259493670886076,0.27190000000000003,499.33333333333337,0.286697247706422,0.7763975155279503,0.278,121.0,18.0,66.0,130.0,489.0,436.0,81.0,13.0,9.0,67.0,0.342,0.472,39.0,0,4.0,,206.0,13,1,9.0,1.0,,69.38947368421053,68.64
2000,CL,読売ジャイアンツ,11313888,上原　浩治,K.Uehara,21.0,49.0,43.0,2.0,7.0,0.0,0.0,0.0,7.0,1.0,0.0,0,4.0,0.0,2.0,0,0.0,19.0,0.0,0.163,0.2,0.163,0.363,7.0,0.0,0.037000000000000005,0.2,4.081632653061225,38.775510204081634,0.10526315789473684,0.2916666666666667,0.13075,254.33333333333334,0.046511627906976744,0.25,0.163,7.0,0.0,1.0,21.0,49.0,43.0,7.0,0.0,0.0,2.0,0.2,0.163,2.0,0,0.0,,7.0,0.0,0,4.0,0.0,,1.4,0.6320000000000001
2000,CL,阪神タイガース,11315111,岡本　浩二,K.Okamoto,1.0,0.0,0.0,0.0,0.0,0.0,0.0,0.0,0.0,0.0,0.0,0,0.0,0.0,0.0,0,0.0,0.0,0.0,,,,0.0,0.0,0.0,0.0,,nan,nan,nan,nan,0.0,0.0,nan,nan,,0.0,0.0,0.0,1.0,0.0,0.0,0.0,0.0,0.0,0.0,,,0.0,0,0.0,,0.0,0.0,0,0.0,0.0,,nan,0.0
2000,CL,横浜DeNAベイスターズ,11413888,矢野　英司,E.Yano,7.0,4.0,4.0,0.0,1.0,0.0,0.0,0.0,1.0,0.0,0.0,0,0.0,0.0,0.0,0,0.0,2.0,0.0,0.25,0.25,0.25,0.5,1.0,0.0,0.0,0.25,0.0,50.0,0.0,0.5,0.175,333.3333333333333,0.0,0.3333333333333333,0.25,1.0,0.0,0.0,7.0,4.0,4.0,1.0,0.0,0.0,0.0,0.25,0.25,0.0,0,0.0,,1.0,0.0,0,0.0,0.0,,0.25,0.20599999999999996
2000,CL,中日ドラゴンズ,11415111,山北　茂利,S.Yamakita,5.0,0.0,0.0,0.0,0.0,0.0,0.0,0.0,0.0,0.0,0.0,0,0.0,0.0,0.0,0,0.0,0.0,0.0,,,,0.0,0.0,0.0,0.0,,nan,nan,nan,nan,0.0,0.0,nan,nan,,0.0,0.0,0.0,5.0,0.0,0.0,0.0,0.0,0.0,0.0,,,0.0,0,0.0,,0.0,0.0,0,0.0,0.0,,nan,0.0
2000,CL,読売ジャイアンツ,11513862,桑田　真澄,M.Kuwata,32.0,22.0,19.0,1.0,6.0,0.0,0.0,0.0,6.0,2.0,0.0,0,2.0,0.0,1.0,0,0.0,6.0,1.0,0.316,0.35,0.316,0.6659999999999999,6.0,0.0,0.033999999999999975,0.35,4.545454545454546,27.27272727272727,0.16666666666666666,0.46153846153846156,0.2365,455.3333333333333,0.05263157894736842,0.5,0.316,6.0,0.0,2.0,32.0,22.0,19.0,6.0,0.0,0.0,1.0,0.35,0.316,1.0,0,0.0,,6.0,0.0,0,2.0,0.0,,2.1,2.056
2000,CL,東京ヤクルトスワローズ,11513883,岡林　洋一,Y.Okabayashi,6.0,1.0,1.0,0.0,0.0,0.0,0.0,0.0,0.0,0.0,0.0,0,0.0,0.0,0.0,0,0.0,1.0,0.0,0.0,0.0,0.0,0.0,0.0,0.0,0.0,0.0,0.0,100.0,0.0,nan,0.0,0.0,0.0,0.0,0.0,0.0,0.0,0.0,6.0,1.0,1.0,0.0,0.0,0.0,0.0,0.0,0.0,0.0,0,0.0,,0.0,0.0,0,0.0,0.0,,0.0,-0.098
2000,CL,広島東洋カープ,11513884,河野　昌人,M.Kawano,46.0,7.0,4.0,1.0,0.0,0.0,0.0,0.0,0.0,0.0,0.0,0,2.0,0.0,1.0,0,0.0,0.0,0.0,0.0,0.2,0.0,0.2,0.0,0.0,0.2,0.2,14.285714285714285,0.0,nan,0.0,0.09000000000000001,200.0,0.25,0.25,0.0,0.0,0.0,0.0,46.0,7.0,4.0,0.0,0.0,0.0,1.0,0.2,0.0,1.0,0,0.0,,0.0,0.0,0,2.0,0.0,,0.0,-0.062
2000,CL,東京ヤクルトスワローズ,11613881,古田　敦也,A.Furuta,134.0,562.0,496.0,65.0,138.0,31.0,0.0,14.0,211.0,64.0,5.0,5,6.0,4.0,45.0,0,11.0,54.0,15.0,0.278,0.349,0.425,0.774,93.0,0.14699999999999996,0.07099999999999995,0.4959999999999999,8.007117437722421,9.608540925266903,0.8333333333333334,0.28703703703703703,0.2633,490.66666666666663,0.24798387096774194,0.7292225201072386,0.278,138.0,14.0,64.0,134.0,562.0,496.0,93.0,31.0,0.0,65.0,0.349,0.425,45.0,0,11.0,,211.0,5.0,5,6.0,4.0,,71.37338262476895,73.276
2000,CL,中日ドラゴンズ,11613884,L.ゴメス,L.Gomez,122.0,509.0,440.0,59.0,127.0,19.0,1.0,25.0,223.0,79.0,1,2,1.0,5.0,57.0,0,5.0,75.0,18.0,0.289,0.373,0.507,0.88,82.0,0.21800000000000003,0.08400000000000002,0.591,11.19842829076621,14.734774066797643,0.76,0.2956521739130435,0.2946,542.0,0.3522727272727273,0.8670694864048338,0.289,127.0,25.0,79.0,122.0,509.0,440.0,82.0,19.0,1.0,59.0,0.373,0.507,57.0,0,5.0,,223.0,1,2,1.0,5.0,,82.55935613682092,81.86600000000001
2000,CL,阪神タイガース,11713860,佐々木　誠,M.Sasaki,16.0,20.0,19.0,1.0,3.0,0.0,0.0,0.0,3.0,2.0,0.0,0,0.0,0.0,1.0,0,0.0,4.0,0.0,0.158,0.2,0.158,0.358,3.0,0.0,0.04200000000000001,0.2,5.0,20.0,0.25,0.2,0.1295,252.6666666666667,0.05263157894736842,0.25,0.158,3.0,0.0,2.0,16.0,20.0,19.0,3.0,0.0,0.0,1.0,0.2,0.158,1.0,0,0.0,,3.0,0.0,0,0.0,0.0,,0.6,0.262
2000,CL,東京ヤクルトスワローズ,11713880,城石　憲之,N.Shiroishi,8.0,16.0,14.0,3.0,3.0,1.0,0.0,0.0,4.0,2.0,0.0,0,1.0,0.0,1.0,0,0.0,6.0,0.0,0.214,0.267,0.286,0.5529999999999999,2.0,0.07199999999999998,0.05300000000000002,0.3389999999999999,6.25,37.5,0.16666666666666666,0.375,0.19165,362.3333333333333,0.14285714285714285,0.45454545454545453,0.214,3.0,0.0,2.0,8.0,16.0,14.0,2.0,1.0,0.0,3.0,0.267,0.286,1.0,0,0.0,,4.0,0.0,0,1.0,0.0,,1.0666666666666667,0.9719999999999998
2000,CL,阪神タイガース,11713883,湯舟　敏郎,T.Yufune,21.0,31.0,24.0,2.0,2.0,0.0,0.0,0.0,2.0,1.0,0.0,0,4.0,0.0,3.0,0,0.0,12.0,1.0,0.083,0.185,0.083,0.268,2.0,0.0,0.102,0.185,9.67741935483871,38.70967741935484,0.25,0.16666666666666666,0.10400000000000001,212.66666666666666,0.125,0.21739130434782608,0.083,2.0,0.0,1.0,21.0,31.0,24.0,2.0,0.0,0.0,2.0,0.185,0.083,3.0,0,0.0,,2.0,0.0,0,4.0,0.0,,0.37037037037037035,-0.16600000000000015
2000,CL,中日ドラゴンズ,11713886,正津　英志,E.Shoutsu,42.0,4.0,3.0,1.0,1.0,0.0,0.0,0.0,1.0,0.0,0.0,0,1.0,0.0,0.0,0,0.0,1.0,0.0,0.333,0.333,0.333,0.666,1.0,0.0,0.0,0.333,0.0,25.0,0.0,0.5,0.23310000000000003,444.0,0.0,0.5,0.333,1.0,0.0,0.0,42.0,4.0,3.0,1.0,0.0,0.0,1.0,0.333,0.333,0.0,0,0.0,,1.0,0.0,0,1.0,0.0,,0.3333333333333333,0.304
2000,CL,広島東洋カープ,11713888,酒井　大輔,D.Sakai,6.0,0.0,0.0,0.0,0.0,0.0,0.0,0.0,0.0,0.0,0.0,0,0.0,0.0,0.0,0,0.0,0.0,0.0,,,,0.0,0.0,0.0,0.0,,nan,nan,nan,nan,0.0,0.0,nan,nan,,0.0,0.0,0.0,6.0,0.0,0.0,0.0,0.0,0.0,0.0,,,0.0,0,0.0,,0.0,0.0,0,0.0,0.0,,nan,0.0
2000,CL,阪神タイガース,11815111,H.バトル,H.Battle,13.0,51.0,44.0,4.0,10.0,2.0,0.0,1.0,15.0,1.0,0.0,0,3.0,0.0,3.0,0,1.0,14.0,1.0,0.227,0.292,0.341,0.633,7.0,0.11400000000000002,0.06499999999999997,0.406,5.88235294117647,27.450980392156865,0.21428571428571427,0.3103448275862069,0.21665,405.6666666666667,0.18181818181818182,0.5428571428571428,0.227,10.0,1.0,1.0,13.0,51.0,44.0,7.0,2.0,0.0,4.0,0.292,0.341,3.0,0,1.0,,15.0,0.0,0,3.0,0.0,,4.148936170212766,4.3679999999999986
2000,CL,東京ヤクルトスワローズ,11913884,副島　孔太,K.Soejima,92.0,250.0,221.0,45.0,71.0,14.0,4.0,10.0,123.0,31.0,6,3,3.0,2.0,23.0,0,1.0,49.0,3.0,0.321,0.385,0.557,0.9420000000000001,43.0,0.23600000000000004,0.064,0.621,9.2,19.6,0.46938775510204084,0.3719512195121951,0.3125,570.6666666666666,0.35294117647058826,0.9803921568627451,0.321,71.0,10.0,31.0,92.0,250.0,221.0,43.0,14.0,4.0,45.0,0.385,0.557,23.0,0,1.0,,123.0,6,3,3.0,2.0,,47.385245901639344,43.89999999999999
2000,CL,阪神タイガース,11913889,西川　慎一,S.Nishikawa,45.0,2.0,2.0,0.0,0.0,0.0,0.0,0.0,0.0,0.0,0.0,0,0.0,0.0,0.0,0,0.0,1.0,0.0,0.0,0.0,0.0,0.0,0.0,0.0,0.0,0.0,0.0,50.0,0.0,0.0,0.0,0.0,0.0,0.0,0.0,0.0,0.0,0.0,45.0,2.0,2.0,0.0,0.0,0.0,0.0,0.0,0.0,0.0,0,0.0,,0.0,0.0,0,0.0,0.0,,0.0,-0.196
2000,CL,広島東洋カープ,1203881,野々垣　武,T.Nonogaki,82.0,136.0,122.0,13.0,26.0,6.0,2.0,3.0,45.0,14.0,3.0,0,2.0,1.0,10.0,0,1.0,34.0,2.0,0.213,0.276,0.369,0.645,15.0,0.156,0.06300000000000003,0.432,7.352941176470589,25.0,0.29411764705882354,0.26744186046511625,0.21645000000000003,399.0,0.26229508196721313,0.6020408163265306,0.213,26.0,3.0,14.0,82.0,136.0,122.0,15.0,6.0,2.0,13.0,0.276,0.369,10.0,0,1.0,,45.0,3.0,0,2.0,1.0,,12.272727272727273,12.981999999999996
2000,CL,横浜DeNAベイスターズ,1203884,森中　聖雄,M.Morinaka,53.0,6.0,6.0,0.0,1.0,0.0,0.0,0.0,1.0,0.0,0.0,0,0.0,0.0,0.0,0,0.0,5.0,0.0,0.167,0.167,0.167,0.334,1.0,0.0,0.0,0.167,0.0,83.33333333333334,0.0,1.0,0.1169,222.66666666666669,0.0,0.2,0.167,1.0,0.0,0.0,53.0,6.0,6.0,1.0,0.0,0.0,0.0,0.167,0.167,0.0,0,0.0,,1.0,0.0,0,0.0,0.0,,0.16666666666666666,0.010000000000000009
2000,CL,広島東洋カープ,1303864,紀藤　真琴,M.Kitou,15.0,9.0,2.0,0.0,0.0,0.0,0.0,0.0,0.0,0.0,0.0,0,6.0,0.0,1.0,0,0.0,0.0,0.0,0.0,0.333,0.0,0.333,0.0,0.0,0.333,0.333,11.11111111111111,0.0,nan,0.0,0.14985,333.0,0.5,0.5,0.0,0.0,0.0,0.0,15.0,9.0,2.0,0.0,0.0,0.0,0.0,0.333,0.0,1.0,0,0.0,,0.0,0.0,0,6.0,0.0,,0.0,0.134
2000,CL,中日ドラゴンズ,1303868,山﨑　武司,T.Yamasaki,118.0,473.0,427.0,55.0,133.0,29.0,3.0,18.0,222.0,68.0,3,0,0.0,3.0,39.0,0,4.0,74.0,15.0,0.311,0.372,0.52,0.892,83.0,0.20900000000000002,0.061,0.581,8.24524312896406,15.644820295983086,0.527027027027027,0.34023668639053256,0.2974,545.3333333333334,0.3044496487119438,0.8640776699029126,0.311,133.0,18.0,68.0,118.0,473.0,427.0,83.0,29.0,3.0,55.0,0.372,0.52,39.0,0,4.0,,222.0,3,0,0.0,3.0,,81.93991416309012,77.158
2000,CL,阪神タイガース,1303880,川尻　哲郎,T.Kawajiri,32.0,49.0,42.0,2.0,3.0,0.0,0.0,0.0,3.0,0.0,0.0,0,7.0,0.0,0.0,0,0.0,6.0,1.0,0.071,0.071,0.071,0.142,3.0,0.0,0.0,0.071,0.0,12.244897959183673,0.0,0.08333333333333333,0.049699999999999994,94.66666666666666,0.0,0.075,0.071,3.0,0.0,0.0,32.0,49.0,42.0,3.0,0.0,0.0,2.0,0.071,0.071,0.0,0,0.0,,3.0,0.0,0,7.0,0.0,,0.21428571428571427,-2.322
2000,CL,横浜DeNAベイスターズ,13115111,L.メローニ,L.Merloni,42.0,102.0,94.0,10.0,20.0,4.0,0.0,1.0,27.0,3.0,0.0,0,0.0,0.0,7.0,0,1.0,15.0,2.0,0.213,0.275,0.287,0.562,15.0,0.07399999999999998,0.06200000000000003,0.349,6.862745098039216,14.705882352941178,0.4666666666666667,0.24358974358974358,0.1955,370.6666666666667,0.14893617021276595,0.4605263157894737,0.213,20.0,1.0,3.0,42.0,102.0,94.0,15.0,4.0,0.0,10.0,0.275,0.287,7.0,0,1.0,,27.0,0.0,0,0.0,0.0,,7.217821782178218,7.207999999999998
2000,CL,阪神タイガース,13313888,K.ミラー,K.Miller,17.0,3.0,3.0,0.0,0.0,0.0,0.0,0.0,0.0,0.0,0.0,0,0.0,0.0,0.0,0,0.0,1.0,0.0,0.0,0.0,0.0,0.0,0.0,0.0,0.0,0.0,0.0,33.33333333333333,0.0,0.0,0.0,0.0,0.0,0.0,0.0,0.0,0.0,0.0,17.0,3.0,3.0,0.0,0.0,0.0,0.0,0.0,0.0,0.0,0,0.0,,0.0,0.0,0,0.0,0.0,,0.0,-0.29400000000000004
2000,CL,中日ドラゴンズ,1403862,山本昌,M.Yamamotomasa（yamamoto,28.0,58.0,48.0,4.0,9.0,0.0,0.0,0.0,9.0,5.0,0.0,0,4.0,0.0,6.0,0,0.0,25.0,2.0,0.188,0.278,0.188,0.466,9.0,0.0,0.09000000000000002,0.278,10.344827586206897,43.103448275862064,0.24,0.391304347826087,0.17210000000000003,340.6666666666667,0.125,0.36585365853658536,0.188,9.0,0.0,5.0,28.0,58.0,48.0,9.0,0.0,0.0,4.0,0.278,0.188,6.0,0,0.0,,9.0,0.0,0,4.0,0.0,,2.5,2.6580000000000004
2000,CL,阪神タイガース,1403886,山岡　洋之,H.Yamaoka,15.0,0.0,0.0,0.0,0.0,0.0,0.0,0.0,0.0,0.0,0.0,0,0.0,0.0,0.0,0,0.0,0.0,0.0,,,,0.0,0.0,0.0,0.0,,nan,nan,nan,nan,0.0,0.0,nan,nan,,0.0,0.0,0.0,15.0,0.0,0.0,0.0,0.0,0.0,0.0,,,0.0,0,0.0,,0.0,0.0,0,0.0,0.0,,nan,0.0
2000,CL,阪神タイガース,1405111,吉野　誠,M.Yoshino,34.0,4.0,3.0,0.0,0.0,0.0,0.0,0.0,0.0,0.0,0.0,0,1.0,0.0,0.0,0,0.0,3.0,0.0,0.0,0.0,0.0,0.0,0.0,0.0,0.0,0.0,0.0,75.0,0.0,nan,0.0,0.0,0.0,0.0,0.0,0.0,0.0,0.0,34.0,4.0,3.0,0.0,0.0,0.0,0.0,0.0,0.0,0.0,0,0.0,,0.0,0.0,0,1.0,0.0,,0.0,-0.29400000000000004
2000,CL,中日ドラゴンズ,15013868,鈴木　平,T.Suzuki,21.0,0.0,0.0,0.0,0.0,0.0,0.0,0.0,0.0,0.0,0.0,0,0.0,0.0,0.0,0,0.0,0.0,0.0,,,,0.0,0.0,0.0,0.0,,nan,nan,nan,nan,0.0,0.0,nan,nan,,0.0,0.0,0.0,21.0,0.0,0.0,0.0,0.0,0.0,0.0,,,0.0,0,0.0,,0.0,0.0,0,0.0,0.0,,nan,0.0
2000,CL,横浜DeNAベイスターズ,1503866,野村　弘樹,H.Nomura,31.0,27.0,23.0,1.0,1.0,0.0,0.0,0.0,1.0,0.0,0.0,0,3.0,0.0,1.0,0,0.0,11.0,1.0,0.043,0.083,0.043,0.126,1.0,0.0,0.04000000000000001,0.083,3.7037037037037033,40.74074074074074,0.09090909090909091,0.08333333333333333,0.048100000000000004,97.33333333333334,0.043478260869565216,0.08695652173913043,0.043,1.0,0.0,0.0,31.0,27.0,23.0,1.0,0.0,0.0,1.0,0.083,0.043,1.0,0,0.0,,1.0,0.0,0,3.0,0.0,,0.08333333333333333,-1.326
2000,CL,読売ジャイアンツ,1503880,斉藤　宜之,T.Saitou,55.0,46.0,43.0,6.0,10.0,1.0,0.0,1.0,14.0,3.0,0.0,0,0.0,0.0,3.0,0,0.0,7.0,0.0,0.233,0.283,0.326,0.609,8.0,0.093,0.04999999999999996,0.376,6.521739130434782,15.217391304347828,0.42857142857142855,0.2571428571428571,0.20884999999999998,391.6666666666667,0.16279069767441862,0.5151515151515151,0.233,10.0,1.0,3.0,55.0,46.0,43.0,8.0,1.0,0.0,6.0,0.283,0.326,3.0,0,0.0,,14.0,0.0,0,0.0,0.0,,3.9565217391304346,3.9160000000000004
2000,CL,横浜DeNAベイスターズ,1503887,小桧山　雅仁,M.Kohiyama,4.0,0.0,0.0,0.0,0.0,0.0,0.0,0.0,0.0,0.0,0.0,0,0.0,0.0,0.0,0,0.0,0.0,0.0,,,,0.0,0.0,0.0,0.0,,nan,nan,nan,nan,0.0,0.0,nan,nan,,0.0,0.0,0.0,4.0,0.0,0.0,0.0,0.0,0.0,0.0,,,0.0,0,0.0,,0.0,0.0,0,0.0,0.0,,nan,0.0
2000,CL,東京ヤクルトスワローズ,15213868,飯田　哲也,T.Iida,102.0,219.0,190.0,31.0,48.0,7.0,1.0,4.0,69.0,15.0,7,6,7.0,0.0,21.0,0,1.0,41.0,1.0,0.253,0.33,0.363,0.6930000000000001,36.0,0.10999999999999999,0.07700000000000001,0.44,9.58904109589041,18.72146118721461,0.5121951219512195,0.30344827586206896,0.23925000000000002,451.0,0.25263157894736843,0.6783216783216783,0.253,48.0,4.0,15.0,102.0,219.0,190.0,36.0,7.0,1.0,31.0,0.33,0.363,21.0,0,1.0,,69.0,7,6,7.0,0.0,,22.563981042654028,24.263999999999992
2000,CL,東京ヤクルトスワローズ,1603888,J.ハッカミー,J.Jacome,25.0,39.0,38.0,1.0,4.0,1.0,0.0,0.0,5.0,1.0,0.0,0,1.0,0.0,0.0,0,0.0,18.0,2.0,0.105,0.105,0.132,0.237,3.0,0.02700000000000001,0.0,0.132,0.0,46.15384615384615,0.0,0.2,0.08025,149.0,0.02631578947368421,0.1388888888888889,0.105,4.0,0.0,1.0,25.0,39.0,38.0,3.0,1.0,0.0,1.0,0.105,0.132,0.0,0,0.0,,5.0,0.0,0,1.0,0.0,,0.5263157894736842,-1.1120000000000005
2000,CL,中日ドラゴンズ,1703883,関川　浩一,K.Sekikawa,127.0,485.0,419.0,50.0,109.0,19.0,2.0,3.0,141.0,29.0,6.0,0,13.0,4.0,46.0,0,3.0,72.0,3.0,0.26,0.335,0.337,0.672,85.0,0.07700000000000001,0.07500000000000001,0.412,9.484536082474227,14.845360824742269,0.6388888888888888,0.3045977011494253,0.23500000000000004,447.33333333333337,0.20047732696897375,0.6261980830670927,0.26,109.0,3.0,29.0,127.0,485.0,419.0,85.0,19.0,2.0,50.0,0.335,0.337,46.0,0,3.0,,141.0,6.0,0,13.0,4.0,,47.0,49.449999999999996
2000,CL,読売ジャイアンツ,1703888,髙野　忍,S.Takano,13.0,15.0,15.0,1.0,3.0,1.0,0.0,1.0,7.0,1.0,0.0,0,0.0,0.0,0.0,0,0.0,4.0,0.0,0.2,0.2,0.467,0.667,1.0,0.267,0.0,0.467,0.0,26.666666666666668,0.0,0.2,0.20675000000000002,355.6666666666667,0.26666666666666666,0.5833333333333334,0.2,3.0,1.0,1.0,13.0,15.0,15.0,1.0,1.0,0.0,1.0,0.2,0.467,0.0,0,0.0,,7.0,0.0,0,0.0,0.0,,1.4,1.484
2000,CL,広島東洋カープ,1703889,玉木　朋孝,T.Tamaki,12.0,14.0,12.0,1.0,1.0,1.0,0.0,0.0,2.0,1.0,0.0,0,1.0,0.0,1.0,0,0.0,2.0,0.0,0.083,0.154,0.167,0.321,0.0,0.084,0.071,0.238,7.142857142857142,14.285714285714285,0.5,0.1,0.11105000000000001,209.66666666666666,0.16666666666666666,0.2727272727272727,0.083,1.0,0.0,1.0,12.0,14.0,12.0,0.0,1.0,0.0,1.0,0.154,0.167,1.0,0,0.0,,2.0,0.0,0,1.0,0.0,,0.3076923076923077,-0.028000000000000025
2000,CL,広島東洋カープ,1803883,小林　渥司,A.Kobayashi,4.0,1.0,1.0,0.0,0.0,0.0,0.0,0.0,0.0,0.0,0.0,0,0.0,0.0,0.0,0,0.0,1.0,0.0,0.0,0.0,0.0,0.0,0.0,0.0,0.0,0.0,0.0,100.0,0.0,nan,0.0,0.0,0.0,0.0,0.0,0.0,0.0,0.0,4.0,1.0,1.0,0.0,0.0,0.0,0.0,0.0,0.0,0.0,0,0.0,,0.0,0.0,0,0.0,0.0,,0.0,-0.098
2000,CL,阪神タイガース,1903866,伊藤　敦規,A.Itou,71.0,3.0,3.0,0.0,0.0,0.0,0.0,0.0,0.0,0.0,0.0,0,0.0,0.0,0.0,0,0.0,3.0,0.0,0.0,0.0,0.0,0.0,0.0,0.0,0.0,0.0,0.0,100.0,0.0,nan,0.0,0.0,0.0,0.0,0.0,0.0,0.0,0.0,71.0,3.0,3.0,0.0,0.0,0.0,0.0,0.0,0.0,0.0,0,0.0,,0.0,0.0,0,0.0,0.0,,0.0,-0.29400000000000004
2000,CL,中日ドラゴンズ,1903880,原田　政彦,M.Harada,3.0,7.0,6.0,0.0,1.0,0.0,0.0,0.0,1.0,0.0,0.0,0,1.0,0.0,0.0,0,0.0,2.0,0.0,0.167,0.167,0.167,0.334,1.0,0.0,0.0,0.167,0.0,28.57142857142857,0.0,0.25,0.1169,222.66666666666669,0.0,0.2,0.167,1.0,0.0,0.0,3.0,7.0,6.0,1.0,0.0,0.0,0.0,0.167,0.167,0.0,0,0.0,,1.0,0.0,0,1.0,0.0,,0.16666666666666666,0.010000000000000009
2000,CL,阪神タイガース,1903881,SHINJO,T.Shinjou（shinjou,131.0,549.0,511.0,71.0,142.0,23.0,1.0,28.0,251.0,85.0,6.0,0,3.0,2.0,32.0,0,1.0,93.0,10.0,0.278,0.321,0.491,0.812,90.0,0.21299999999999997,0.04299999999999998,0.534,5.828779599271402,16.939890710382514,0.34408602150537637,0.29081632653061223,0.2672,484.6666666666667,0.2876712328767123,0.7651715039577837,0.278,142.0,28.0,85.0,131.0,549.0,511.0,90.0,23.0,1.0,71.0,0.321,0.491,32.0,0,1.0,,251.0,6.0,0,3.0,2.0,,80.43093922651934,78.72800000000001
2000,CL,読売ジャイアンツ,1903888,二岡　智宏,T.Nioka,119.0,335.0,298.0,35.0,79.0,10.0,0.0,10.0,119.0,32.0,5.0,0,9.0,1.0,23.0,0,4.0,57.0,5.0,0.265,0.325,0.399,0.724,59.0,0.134,0.06,0.459,6.865671641791045,17.01492537313433,0.40350877192982454,0.2974137931034483,0.24600000000000002,458.0,0.22818791946308725,0.6741071428571429,0.265,79.0,10.0,32.0,119.0,335.0,298.0,59.0,10.0,0.0,35.0,0.325,0.399,23.0,0,4.0,,119.0,5.0,0,9.0,1.0,,37.81308411214953,39.44800000000001
2000,CL,広島東洋カープ,1905111,苫米地　鉄人,T.Tomabechi,26.0,5.0,4.0,0.0,0.0,0.0,0.0,0.0,0.0,0.0,0.0,0,1.0,0.0,0.0,0,0.0,3.0,0.0,0.0,0.0,0.0,0.0,0.0,0.0,0.0,0.0,0.0,60.0,0.0,0.0,0.0,0.0,0.0,0.0,0.0,0.0,0.0,0.0,26.0,5.0,4.0,0.0,0.0,0.0,0.0,0.0,0.0,0.0,0,0.0,,0.0,0.0,0,1.0,0.0,,0.0,-0.392
2000,CL,中日ドラゴンズ,21023866,武田　一浩,K.Takeda,16.0,32.0,27.0,2.0,4.0,0.0,0.0,0.0,4.0,2.0,0.0,0,4.0,0.0,1.0,0,0.0,11.0,1.0,0.148,0.179,0.148,0.32699999999999996,4.0,0.0,0.031,0.179,3.125,34.375,0.09090909090909091,0.25,0.11754999999999999,228.33333333333334,0.037037037037037035,0.20833333333333334,0.148,4.0,0.0,2.0,16.0,32.0,27.0,4.0,0.0,0.0,2.0,0.179,0.148,1.0,0,0.0,,4.0,0.0,0,4.0,0.0,,0.7142857142857143,0.07600000000000007
2000,CL,中日ドラゴンズ,21023882,益田　大介,D.Masuda,1.0,1.0,1.0,0.0,0.0,0.0,0.0,0.0,0.0,0.0,0.0,0,0.0,0.0,0.0,0,0.0,0.0,0.0,0.0,0.0,0.0,0.0,0.0,0.0,0.0,0.0,0.0,0.0,nan,0.0,0.0,0.0,0.0,0.0,0.0,0.0,0.0,0.0,1.0,1.0,1.0,0.0,0.0,0.0,0.0,0.0,0.0,0.0,0,0.0,,0.0,0.0,0,0.0,0.0,,0.0,-0.098
2000,CL,阪神タイガース,21023888,部坂　俊之,T.Hesaka,9.0,0.0,0.0,0.0,0.0,0.0,0.0,0.0,0.0,0.0,0.0,0,0.0,0.0,0.0,0,0.0,0.0,0.0,,,,0.0,0.0,0.0,0.0,,nan,nan,nan,nan,0.0,0.0,nan,nan,,0.0,0.0,0.0,9.0,0.0,0.0,0.0,0.0,0.0,0.0,,,0.0,0,0.0,,0.0,0.0,0,0.0,0.0,,nan,0.0
2000,CL,阪神タイガース,21023889,藪　恵壹,K.Yabu,27.0,50.0,41.0,2.0,8.0,0.0,0.0,0.0,8.0,2.0,0.0,0,7.0,0.0,1.0,0,1.0,17.0,0.0,0.195,0.233,0.195,0.42800000000000005,8.0,0.0,0.038000000000000006,0.233,2.0,34.0,0.058823529411764705,0.3333333333333333,0.15360000000000001,298.00000000000006,0.024390243902439025,0.30303030303030304,0.195,8.0,0.0,2.0,27.0,50.0,41.0,8.0,0.0,0.0,2.0,0.233,0.195,1.0,0,1.0,,8.0,0.0,0,7.0,0.0,,1.7142857142857142,1.4260000000000002
2000,CL,中日ドラゴンズ,21123866,立浪　和義,K.Tatsunami,126.0,503.0,436.0,58.0,132.0,30.0,3.0,9.0,195.0,58.0,5,0,16.0,2.0,46.0,0,3.0,43.0,13.0,0.303,0.372,0.447,0.819,90.0,0.14400000000000002,0.069,0.516,9.145129224652088,8.548707753479125,1.069767441860465,0.31865284974093266,0.27915,521.0,0.25,0.7697160883280757,0.303,132.0,9.0,58.0,126.0,503.0,436.0,90.0,30.0,3.0,58.0,0.372,0.447,46.0,0,3.0,,195.0,5,0,16.0,2.0,,72.01244813278008,69.05799999999999
2000,CL,中日ドラゴンズ,21123880,大西　崇之,T.Oonishi,49.0,54.0,50.0,12.0,11.0,5.0,0.0,1.0,19.0,5.0,5,0,2.0,0.0,2.0,0,0.0,9.0,1.0,0.22,0.25,0.38,0.63,5.0,0.16,0.03,0.41,3.7037037037037033,16.666666666666664,0.2222222222222222,0.25,0.20750000000000002,376.6666666666667,0.2,0.525,0.22,11.0,1.0,5.0,49.0,54.0,50.0,5.0,5.0,0.0,12.0,0.25,0.38,2.0,0,0.0,,19.0,5,0,2.0,0.0,,4.75,4.377999999999999
2000,CL,東京ヤクルトスワローズ,21123887,伊藤　智仁,T.Itou,19.0,40.0,32.0,2.0,4.0,1.0,0.0,0.0,5.0,2.0,0.0,0,5.0,0.0,3.0,0,0.0,17.0,0.0,0.125,0.2,0.156,0.356,3.0,0.031,0.07500000000000001,0.231,7.5,42.5,0.17647058823529413,0.26666666666666666,0.129,252.0,0.125,0.2857142857142857,0.125,4.0,0.0,2.0,19.0,40.0,32.0,3.0,1.0,0.0,2.0,0.2,0.156,3.0,0,0.0,,5.0,0.0,0,5.0,0.0,,1.0,0.46599999999999975
2000,CL,中日ドラゴンズ,21123889,遠藤　政隆,M.Endou,6.0,0.0,0.0,0.0,0.0,0.0,0.0,0.0,0.0,0.0,0.0,0,0.0,0.0,0.0,0,0.0,0.0,0.0,,,,0.0,0.0,0.0,0.0,,nan,nan,nan,nan,0.0,0.0,nan,nan,,0.0,0.0,0.0,6.0,0.0,0.0,0.0,0.0,0.0,0.0,,,0.0,0,0.0,,0.0,0.0,0,0.0,0.0,,nan,0.0
2000,CL,中日ドラゴンズ,21223882,渡邉　博幸,H.Watanabe,76.0,116.0,102.0,6.0,26.0,7.0,0.0,0.0,33.0,16.0,0,2,3.0,1.0,9.0,0,1.0,20.0,3.0,0.255,0.319,0.324,0.643,19.0,0.069,0.064,0.388,7.758620689655173,17.24137931034483,0.45,0.3132530120481928,0.22455000000000003,427.0,0.17647058823529413,0.569620253164557,0.255,26.0,0.0,16.0,76.0,116.0,102.0,19.0,7.0,0.0,6.0,0.319,0.324,9.0,0,1.0,,33.0,0,2,3.0,1.0,,10.405405405405405,10.751999999999999
2000,CL,中日ドラゴンズ,21223884,森野　将彦,M.Morino,28.0,46.0,45.0,3.0,7.0,0.0,1.0,2.0,15.0,6.0,0.0,0,0.0,1.0,0.0,0,0.0,9.0,0.0,0.156,0.152,0.333,0.485,4.0,0.17700000000000002,-0.0040000000000000036,0.329,0.0,19.565217391304348,0.0,0.14285714285714285,0.15165,263.0,0.17777777777777778,0.39473684210526316,0.156,7.0,2.0,6.0,28.0,46.0,45.0,4.0,0.0,1.0,3.0,0.152,0.333,0.0,0,0.0,,15.0,0.0,0,0.0,1.0,,2.3333333333333335,2.1959999999999997
2000,CL,読売ジャイアンツ,21223887,村田　善則,Y.Murata,76.0,169.0,153.0,14.0,41.0,6.0,0.0,3.0,56.0,13.0,0.0,0,5.0,0.0,7.0,0,4.0,27.0,4.0,0.268,0.317,0.366,0.683,32.0,0.09799999999999998,0.04899999999999999,0.415,4.142011834319527,15.976331360946746,0.25925925925925924,0.3089430894308943,0.23415,439.0,0.1437908496732026,0.5775862068965517,0.268,41.0,3.0,13.0,76.0,169.0,153.0,32.0,6.0,0.0,14.0,0.317,0.366,7.0,0,4.0,,56.0,0.0,0,5.0,0.0,,16.8,17.293999999999997
2000,CL,広島東洋カープ,21223888,森笠　繁,S.Morikasa,91.0,157.0,148.0,15.0,35.0,8.0,0.0,2.0,49.0,11.0,10,0,1.0,0.0,7.0,0,1.0,46.0,1.0,0.236,0.276,0.331,0.607,25.0,0.09500000000000003,0.040000000000000036,0.371,4.45859872611465,29.29936305732484,0.15217391304347827,0.33,0.20695000000000002,386.33333333333337,0.14189189189189189,0.5,0.236,35.0,2.0,11.0,91.0,157.0,148.0,25.0,8.0,0.0,15.0,0.276,0.331,7.0,0,1.0,,49.0,10,0,1.0,0.0,,13.27741935483871,12.705999999999998
2000,CL,読売ジャイアンツ,21225111,宮﨑　一彰,K.Miyazaki,4.0,2.0,2.0,0.0,1.0,0.0,0.0,0.0,1.0,0.0,0,1,0.0,0.0,0.0,0,0.0,0.0,0.0,0.5,0.5,0.5,1.0,1.0,0.0,0.0,0.5,0.0,0.0,nan,0.5,0.35,666.6666666666666,0.5,2.0,0.5,1.0,0.0,0.0,4.0,2.0,2.0,1.0,0.0,0.0,0.0,0.5,0.5,0.0,0,0.0,,1.0,0,1,0.0,0.0,,0.5,0.582
2000,CL,読売ジャイアンツ,21323869,川相　昌弘,M.Kawai,54.0,74.0,58.0,8.0,11.0,1.0,0.0,0.0,12.0,4.0,0,1,6.0,1.0,8.0,0,1.0,9.0,0.0,0.19,0.294,0.207,0.501,10.0,0.016999999999999987,0.10399999999999998,0.3109999999999999,10.81081081081081,12.162162162162163,0.8888888888888888,0.22,0.18405,363.0,0.1724137931034483,0.46808510638297873,0.19,11.0,0.0,4.0,54.0,74.0,58.0,10.0,1.0,0.0,8.0,0.294,0.207,8.0,0,1.0,,12.0,0,1,6.0,1.0,,3.4545454545454546,4.263999999999999
2000,CL,読売ジャイアンツ,21323880,河原　純一,J.Kawahara,8.0,15.0,14.0,1.0,2.0,0.0,0.0,0.0,2.0,0.0,0.0,0,1.0,0.0,0.0,0,0.0,9.0,0.0,0.143,0.143,0.143,0.286,2.0,0.0,0.0,0.143,0.0,60.0,0.0,0.4,0.1001,190.66666666666666,0.0,0.16666666666666666,0.143,2.0,0.0,0.0,8.0,15.0,14.0,2.0,0.0,0.0,1.0,0.143,0.143,0.0,0,0.0,,2.0,0.0,0,1.0,0.0,,0.2857142857142857,-0.17600000000000016
2000,CL,広島東洋カープ,21323887,菊地原　毅,T.Kikuchihara,9.0,4.0,3.0,0.0,0.0,0.0,0.0,0.0,0.0,0.0,0.0,0,1.0,0.0,0.0,0,0.0,0.0,0.0,0.0,0.0,0.0,0.0,0.0,0.0,0.0,0.0,0.0,0.0,nan,0.0,0.0,0.0,0.0,0.0,0.0,0.0,0.0,0.0,9.0,4.0,3.0,0.0,0.0,0.0,0.0,0.0,0.0,0.0,0,0.0,,0.0,0.0,0,1.0,0.0,,0.0,-0.29400000000000004
2000,CL,読売ジャイアンツ,21323888,加藤　健,K.Katou,3.0,3.0,3.0,0.0,0.0,0.0,0.0,0.0,0.0,0.0,0.0,0,0.0,0.0,0.0,0,0.0,2.0,0.0,0.0,0.0,0.0,0.0,0.0,0.0,0.0,0.0,0.0,66.66666666666666,0.0,0.0,0.0,0.0,0.0,0.0,0.0,0.0,0.0,0.0,3.0,3.0,3.0,0.0,0.0,0.0,0.0,0.0,0.0,0.0,0,0.0,,0.0,0.0,0,0.0,0.0,,0.0,-0.29400000000000004
2000,CL,広島東洋カープ,21325111,河内　貴哉,T.Kawauchi,12.0,12.0,10.0,1.0,1.0,0.0,0.0,0.0,1.0,0.0,0.0,0,2.0,0.0,0.0,0,0.0,6.0,0.0,0.1,0.1,0.1,0.2,1.0,0.0,0.0,0.1,0.0,50.0,0.0,0.25,0.07,133.33333333333334,0.0,0.1111111111111111,0.1,1.0,0.0,0.0,12.0,12.0,10.0,1.0,0.0,0.0,1.0,0.1,0.1,0.0,0,0.0,,1.0,0.0,0,2.0,0.0,,0.1,-0.382
2000,CL,読売ジャイアンツ,21423868,渡辺　政仁,M.Watanabe,2.0,2.0,2.0,0.0,0.0,0.0,0.0,0.0,0.0,0.0,0.0,0,0.0,0.0,0.0,0,0.0,0.0,0.0,0.0,0.0,0.0,0.0,0.0,0.0,0.0,0.0,0.0,0.0,nan,0.0,0.0,0.0,0.0,0.0,0.0,0.0,0.0,0.0,2.0,2.0,2.0,0.0,0.0,0.0,0.0,0.0,0.0,0.0,0,0.0,,0.0,0.0,0,0.0,0.0,,0.0,-0.196
2000,CL,横浜DeNAベイスターズ,21523881,川端　一彰,K.Kawabata,1.0,1.0,1.0,0.0,0.0,0.0,0.0,0.0,0.0,0.0,0.0,0,0.0,0.0,0.0,0,0.0,0.0,0.0,0.0,0.0,0.0,0.0,0.0,0.0,0.0,0.0,0.0,0.0,nan,0.0,0.0,0.0,0.0,0.0,0.0,0.0,0.0,0.0,1.0,1.0,1.0,0.0,0.0,0.0,0.0,0.0,0.0,0.0,0,0.0,,0.0,0.0,0,0.0,0.0,,0.0,-0.098
2000,CL,広島東洋カープ,21523884,黒田　博樹,H.Kuroda,38.0,56.0,49.0,2.0,4.0,0.0,0.0,0.0,4.0,2.0,0.0,0,6.0,0.0,1.0,0,0.0,22.0,2.0,0.082,0.1,0.082,0.182,4.0,0.0,0.018000000000000002,0.1,1.7857142857142856,39.285714285714285,0.045454545454545456,0.14814814814814814,0.0655,127.33333333333336,0.02040816326530612,0.10638297872340426,0.082,4.0,0.0,2.0,38.0,56.0,49.0,4.0,0.0,0.0,2.0,0.1,0.082,1.0,0,0.0,,4.0,0.0,0,6.0,0.0,,0.4,-2.08
2000,CL,横浜DeNAベイスターズ,21523887,佐伯　貴弘,T.Saeki,122.0,486.0,440.0,46.0,114.0,23.0,0.0,6.0,155.0,52.0,2.0,2,1.0,1.0,41.0,0,3.0,69.0,7.0,0.259,0.326,0.352,0.6779999999999999,85.0,0.09299999999999997,0.067,0.419,8.436213991769549,14.19753086419753,0.5942028985507246,0.29508196721311475,0.2347,443.33333333333337,0.19090909090909092,0.6036036036036037,0.259,114.0,6.0,52.0,122.0,486.0,440.0,85.0,23.0,0.0,46.0,0.326,0.352,41.0,0,3.0,,155.0,2.0,2,1.0,1.0,,49.94802494802495,50.632
2000,CL,阪神タイガース,21623860,和田　豊,Y.Wada,88.0,228.0,194.0,19.0,49.0,8.0,1.0,1.0,62.0,20.0,3,2,6.0,0.0,26.0,0,2.0,16.0,3.0,0.253,0.347,0.32,0.667,39.0,0.067,0.09399999999999997,0.414,11.403508771929824,7.017543859649122,1.625,0.2711864406779661,0.23614999999999997,453.6666666666667,0.211340206185567,0.6216216216216216,0.253,49.0,1.0,20.0,88.0,228.0,194.0,39.0,8.0,1.0,19.0,0.347,0.32,26.0,0,2.0,,62.0,3,2,6.0,0.0,,21.136363636363637,23.129999999999995
2000,CL,阪神タイガース,21625111,A.タラスコ,A.Tarasco,102.0,422.0,380.0,40.0,91.0,13.0,1.0,19.0,163.0,57.0,1,7,0.0,4.0,38.0,0,0.0,88.0,7.0,0.239,0.306,0.429,0.735,58.0,0.19,0.067,0.496,9.004739336492891,20.85308056872038,0.4318181818181818,0.259927797833935,0.24495,448.99999999999994,0.3078947368421053,0.7027027027027027,0.239,91.0,19.0,57.0,102.0,422.0,380.0,58.0,13.0,1.0,40.0,0.306,0.429,38.0,0,0.0,,163.0,1,7,0.0,4.0,,50.303827751196174,52.238
2000,CL,広島東洋カープ,21723880,田村　恵,K.Tamura,22.0,19.0,19.0,1.0,2.0,1.0,0.0,0.0,3.0,0.0,1,0,0.0,0.0,0.0,0,0.0,1.0,0.0,0.105,0.105,0.158,0.263,1.0,0.053000000000000005,0.0,0.158,0.0,5.263157894736842,0.0,0.1111111111111111,0.08675,157.66666666666669,0.05263157894736842,0.17647058823529413,0.105,2.0,0.0,0.0,22.0,19.0,19.0,1.0,1.0,0.0,1.0,0.105,0.158,0.0,0,0.0,,3.0,1,0,0.0,0.0,,0.3157894736842105,-0.4460000000000002
2000,CL,広島東洋カープ,21723881,佐々岡　真司,S.Sasaoka,21.0,55.0,49.0,5.0,10.0,3.0,0.0,0.0,13.0,5.0,0.0,0,4.0,0.0,2.0,0,0.0,19.0,0.0,0.204,0.235,0.265,0.5,7.0,0.061000000000000026,0.031,0.296,3.6363636363636362,34.54545454545455,0.10526315789473684,0.3333333333333333,0.172,323.3333333333333,0.10204081632653061,0.38461538461538464,0.204,10.0,0.0,5.0,21.0,55.0,49.0,7.0,3.0,0.0,5.0,0.235,0.265,2.0,0,0.0,,13.0,0.0,0,4.0,0.0,,3.0588235294117645,2.498
2000,CL,横浜DeNAベイスターズ,21723882,鶴岡　一成,K.Tsuruoka,3.0,3.0,3.0,1.0,1.0,0.0,0.0,0.0,1.0,0.0,0.0,0,0.0,0.0,0.0,0,0.0,0.0,0.0,0.333,0.333,0.333,0.666,1.0,0.0,0.0,0.333,0.0,0.0,nan,0.3333333333333333,0.23310000000000003,444.0,0.0,0.5,0.333,1.0,0.0,0.0,3.0,3.0,3.0,1.0,0.0,0.0,1.0,0.333,0.333,0.0,0,0.0,,1.0,0.0,0,0.0,0.0,,0.3333333333333333,0.304
2000,CL,東京ヤクルトスワローズ,21723888,高橋　一正,K.Takahashi,32.0,1.0,1.0,0.0,0.0,0.0,0.0,0.0,0.0,0.0,0.0,0,0.0,0.0,0.0,0,0.0,1.0,0.0,0.0,0.0,0.0,0.0,0.0,0.0,0.0,0.0,0.0,100.0,0.0,nan,0.0,0.0,0.0,0.0,0.0,0.0,0.0,0.0,32.0,1.0,1.0,0.0,0.0,0.0,0.0,0.0,0.0,0.0,0,0.0,,0.0,0.0,0,0.0,0.0,,0.0,-0.098
2000,CL,読売ジャイアンツ,21725111,髙橋　尚成,H.Takahashi,25.0,52.0,45.0,2.0,3.0,0.0,0.0,0.0,3.0,2.0,0.0,0,4.0,0.0,3.0,0,0.0,21.0,0.0,0.067,0.125,0.067,0.192,3.0,0.0,0.057999999999999996,0.125,5.769230769230769,40.38461538461539,0.14285714285714285,0.125,0.07300000000000001,147.33333333333334,0.06666666666666667,0.14285714285714285,0.067,3.0,0.0,2.0,25.0,52.0,45.0,3.0,0.0,0.0,2.0,0.125,0.067,3.0,0,0.0,,3.0,0.0,0,4.0,0.0,,0.375,-1.6260000000000003
2000,CL,読売ジャイアンツ,21823868,後藤　孝志,K.Gotou,94.0,127.0,108.0,20.0,29.0,3.0,0.0,6.0,50.0,17.0,0,1,5.0,1.0,12.0,0,1.0,25.0,3.0,0.269,0.344,0.463,0.8069999999999999,20.0,0.194,0.07499999999999996,0.538,9.448818897637794,19.68503937007874,0.48,0.2948717948717949,0.27055,498.3333333333333,0.3148148148148148,0.7804878048780488,0.269,29.0,6.0,17.0,94.0,127.0,108.0,20.0,3.0,0.0,20.0,0.344,0.463,12.0,0,1.0,,50.0,0,1,5.0,1.0,,17.083333333333332,17.528
2000,CL,横浜DeNAベイスターズ,21825111,R.ベタンコート,R.Betancort,11.0,7.0,7.0,0.0,2.0,0.0,0.0,0.0,2.0,2.0,0.0,0,0.0,0.0,0.0,0,0.0,2.0,0.0,0.286,0.286,0.286,0.572,2.0,0.0,0.0,0.286,0.0,28.57142857142857,0.0,0.4,0.2002,381.3333333333333,0.0,0.4,0.286,2.0,0.0,2.0,11.0,7.0,7.0,2.0,0.0,0.0,0.0,0.286,0.286,0.0,0,0.0,,2.0,0.0,0,0.0,0.0,,0.5714285714285714,0.51
2000,CL,読売ジャイアンツ,21923880,福井　敬治,K.Fukui,3.0,6.0,6.0,0.0,0.0,0.0,0.0,0.0,0.0,0.0,0.0,0,0.0,0.0,0.0,0,0.0,0.0,0.0,0.0,0.0,0.0,0.0,0.0,0.0,0.0,0.0,0.0,0.0,nan,0.0,0.0,0.0,0.0,0.0,0.0,0.0,0.0,0.0,3.0,6.0,6.0,0.0,0.0,0.0,0.0,0.0,0.0,0.0,0,0.0,,0.0,0.0,0,0.0,0.0,,0.0,-0.5880000000000001
2000,CL,中日ドラゴンズ,21923887,鶴田　泰,Y.Tsuruta,14.0,1.0,1.0,0.0,0.0,0.0,0.0,0.0,0.0,0.0,0.0,0,0.0,0.0,0.0,0,0.0,1.0,0.0,0.0,0.0,0.0,0.0,0.0,0.0,0.0,0.0,0.0,100.0,0.0,nan,0.0,0.0,0.0,0.0,0.0,0.0,0.0,0.0,14.0,1.0,1.0,0.0,0.0,0.0,0.0,0.0,0.0,0.0,0,0.0,,0.0,0.0,0,0.0,0.0,,0.0,-0.098
2000,CL,広島東洋カープ,21923888,東出　輝裕,A.Higashide,119.0,485.0,429.0,62.0,112.0,18.0,2.0,3.0,143.0,28.0,17,6,22.0,3.0,29.0,0,2.0,87.0,7.0,0.261,0.309,0.333,0.642,89.0,0.07200000000000001,0.04799999999999999,0.381,5.979381443298969,17.938144329896907,0.3333333333333333,0.31871345029239767,0.2223,420.0,0.15384615384615385,0.5555555555555556,0.261,112.0,3.0,28.0,119.0,485.0,429.0,89.0,18.0,2.0,62.0,0.309,0.333,29.0,0,2.0,,143.0,17,6,22.0,3.0,,44.02401746724891,44.104
2000,CL,読売ジャイアンツ,23123886,D.メイ,D.May,24.0,59.0,53.0,3.0,7.0,0.0,0.0,0.0,7.0,7.0,0.0,0,4.0,1.0,1.0,0,0.0,32.0,1.0,0.132,0.145,0.132,0.277,7.0,0.0,0.012999999999999984,0.145,1.694915254237288,54.23728813559322,0.03125,0.3181818181818182,0.09825,189.0,0.018867924528301886,0.1702127659574468,0.132,7.0,0.0,7.0,24.0,59.0,53.0,7.0,0.0,0.0,3.0,0.145,0.132,1.0,0,0.0,,7.0,0.0,0,4.0,1.0,,1.037037037037037,-0.6779999999999999
2000,CL,東京ヤクルトスワローズ,25923868,川崎　憲次郎,K.Kawasaki,21.0,47.0,40.0,1.0,3.0,0.0,0.0,0.0,3.0,3.0,0.0,0,6.0,0.0,1.0,0,0.0,21.0,0.0,0.075,0.098,0.075,0.173,3.0,0.0,0.023000000000000007,0.098,2.127659574468085,44.680851063829785,0.047619047619047616,0.15789473684210525,0.06285,123.0,0.025,0.10810810810810811,0.075,3.0,0.0,3.0,21.0,47.0,40.0,3.0,0.0,0.0,1.0,0.098,0.075,1.0,0,0.0,,3.0,0.0,0,6.0,0.0,,0.2926829268292683,-1.7960000000000003
2000,CL,読売ジャイアンツ,31033880,南　真一郎,S.Minami,26.0,0.0,0.0,0.0,0.0,0.0,0.0,0.0,0.0,0.0,0.0,0,0.0,0.0,0.0,0,0.0,0.0,0.0,,,,0.0,0.0,0.0,0.0,,nan,nan,nan,nan,0.0,0.0,nan,nan,,0.0,0.0,0.0,26.0,0.0,0.0,0.0,0.0,0.0,0.0,,,0.0,0,0.0,,0.0,0.0,0,0.0,0.0,,nan,0.0
2000,CL,横浜DeNAベイスターズ,31033889,万永　貴司,T.Manei,28.0,25.0,20.0,5.0,2.0,1.0,0.0,0.0,3.0,2.0,1.0,1,3.0,0.0,2.0,0,0.0,4.0,0.0,0.1,0.182,0.15,0.33199999999999996,1.0,0.04999999999999999,0.08199999999999999,0.2319999999999999,8.0,16.0,0.5,0.125,0.1194,231.99999999999997,0.2,0.3333333333333333,0.1,2.0,0.0,2.0,28.0,25.0,20.0,1.0,1.0,0.0,5.0,0.182,0.15,2.0,0,0.0,,3.0,1.0,1,3.0,0.0,,0.5454545454545454,0.29600000000000004
2000,CL,東京ヤクルトスワローズ,31035111,花田　真人,M.Hanada,5.0,0.0,0.0,0.0,0.0,0.0,0.0,0.0,0.0,0.0,0.0,0,0.0,0.0,0.0,0,0.0,0.0,0.0,,,,0.0,0.0,0.0,0.0,,nan,nan,nan,nan,0.0,0.0,nan,nan,,0.0,0.0,0.0,5.0,0.0,0.0,0.0,0.0,0.0,0.0,,,0.0,0,0.0,,0.0,0.0,0,0.0,0.0,,nan,0.0
2000,CL,読売ジャイアンツ,3105111,鄭　珉哲,M.Chon,4.0,11.0,11.0,0.0,0.0,0.0,0.0,0.0,0.0,0.0,0.0,0,0.0,0.0,0.0,0,0.0,6.0,1.0,0.0,0.0,0.0,0.0,0.0,0.0,0.0,0.0,0.0,54.54545454545454,0.0,0.0,0.0,0.0,0.0,0.0,0.0,0.0,0.0,0.0,4.0,11.0,11.0,0.0,0.0,0.0,0.0,0.0,0.0,0.0,0,0.0,,0.0,0.0,0,0.0,0.0,,0.0,-1.078
2000,CL,中日ドラゴンズ,31133863,愛甲　猛,T.Aikou,14.0,13.0,12.0,1.0,3.0,1.0,0.0,1.0,7.0,2.0,0.0,0,0.0,0.0,1.0,0,0.0,2.0,2.0,0.25,0.308,0.583,0.891,1.0,0.33299999999999996,0.057999999999999996,0.641,7.6923076923076925,15.384615384615385,0.5,0.2222222222222222,0.28435,502.3333333333333,0.4166666666666667,0.7272727272727273,0.25,3.0,1.0,2.0,14.0,13.0,12.0,1.0,1.0,0.0,1.0,0.308,0.583,1.0,0,0.0,,7.0,0.0,0,0.0,0.0,,2.1538461538461537,2.108
2000,CL,広島東洋カープ,31133880,朝山　東洋,T.Asayama,58.0,108.0,102.0,17.0,25.0,5.0,1.0,5.0,47.0,17.0,3,1,2.0,1.0,3.0,0,0.0,14.0,1.0,0.245,0.264,0.461,0.7250000000000001,14.0,0.21600000000000003,0.019000000000000017,0.48,2.7777777777777777,12.962962962962962,0.21428571428571427,0.23809523809523808,0.23405,417.6666666666667,0.2549019607843137,0.6538461538461539,0.245,25.0,5.0,17.0,58.0,108.0,102.0,14.0,5.0,1.0,17.0,0.264,0.461,3.0,0,0.0,,47.0,3,1,2.0,1.0,,12.533333333333333,12.463999999999999
2000,CL,東京ヤクルトスワローズ,31133885,石井　一久,K.Ishii,30.0,66.0,58.0,2.0,6.0,2.0,0.0,0.0,8.0,5.0,0.0,0,7.0,1.0,0.0,0,0.0,29.0,1.0,0.103,0.102,0.138,0.24,4.0,0.03500000000000002,-0.0010000000000000009,0.137,0.0,43.93939393939394,0.0,0.2,0.0804,148.0,0.034482758620689655,0.1509433962264151,0.103,6.0,0.0,5.0,30.0,66.0,58.0,4.0,2.0,0.0,2.0,0.102,0.138,0.0,0,0.0,,8.0,0.0,0,7.0,1.0,,0.8275862068965517,-1.6560000000000001
2000,CL,東京ヤクルトスワローズ,31233882,宮出　隆自,R.Miyade,22.0,10.0,8.0,1.0,4.0,1.0,0.0,0.0,5.0,1.0,0.0,0,2.0,0.0,0.0,0,0.0,2.0,0.0,0.5,0.5,0.625,1.125,3.0,0.125,0.0,0.625,0.0,20.0,0.0,0.6666666666666666,0.38125,708.3333333333334,0.125,1.25,0.5,4.0,0.0,1.0,22.0,10.0,8.0,3.0,1.0,0.0,1.0,0.5,0.625,0.0,0,0.0,,5.0,0.0,0,2.0,0.0,,2.5,1.8279999999999998
2000,CL,広島東洋カープ,31233883,木村　拓也,T.Kimura,136.0,620.0,572.0,74.0,165.0,34.0,2.0,10.0,233.0,30.0,17,15,11.0,1.0,33.0,0,3.0,80.0,4.0,0.288,0.33,0.407,0.737,119.0,0.119,0.04200000000000004,0.449,5.32258064516129,12.903225806451612,0.4125,0.32091097308488614,0.25025000000000003,465.6666666666667,0.20279720279720279,0.6909975669099757,0.288,165.0,10.0,30.0,136.0,620.0,572.0,119.0,34.0,2.0,74.0,0.33,0.407,33.0,0,3.0,,233.0,17,15,11.0,1.0,,76.25454545454545,75.154
2000,CL,中日ドラゴンズ,31233884,宮越　徹,A.Miyakoshi,5.0,1.0,1.0,0.0,1.0,0.0,0.0,0.0,1.0,0.0,0.0,0,0.0,0.0,0.0,0,0.0,0.0,0.0,1.0,1.0,1.0,2.0,1.0,0.0,0.0,1.0,0.0,0.0,nan,1.0,0.7,1333.3333333333333,0.0,nan,1.0,1.0,0.0,0.0,5.0,1.0,1.0,1.0,0.0,0.0,0.0,1.0,1.0,0.0,0,0.0,,1.0,0.0,0,0.0,0.0,,1.0,0.5
2000,CL,広島東洋カープ,31235111,松本　奉文,T.Matsumoto,23.0,36.0,30.0,1.0,4.0,0.0,0.0,1.0,7.0,2.0,0.0,0,2.0,0.0,3.0,0,1.0,16.0,0.0,0.133,0.235,0.233,0.46799999999999997,3.0,0.1,0.10199999999999998,0.3349999999999999,8.333333333333332,44.44444444444444,0.1875,0.23076923076923078,0.164,312.66666666666663,0.2,0.4230769230769231,0.133,4.0,1.0,2.0,23.0,36.0,30.0,3.0,0.0,0.0,1.0,0.235,0.233,3.0,0,1.0,,7.0,0.0,0,2.0,0.0,,1.4848484848484849,1.7119999999999997
2000,CL,阪神タイガース,31433860,星野　伸之,N.Hoshino,25.0,37.0,34.0,1.0,2.0,0.0,0.0,0.0,2.0,0.0,0.0,0,1.0,0.0,2.0,0,0.0,14.0,1.0,0.059,0.111,0.059,0.16999999999999998,2.0,0.0,0.052000000000000005,0.111,5.405405405405405,37.83783783783784,0.14285714285714285,0.1,0.06470000000000001,130.66666666666666,0.058823529411764705,0.12121212121212122,0.059,2.0,0.0,0.0,25.0,37.0,34.0,2.0,0.0,0.0,1.0,0.111,0.059,2.0,0,0.0,,2.0,0.0,0,1.0,0.0,,0.2222222222222222,-1.476
2000,CL,読売ジャイアンツ,31433867,槙原　寛己,H.Makihara,21.0,0.0,0.0,0.0,0.0,0.0,0.0,0.0,0.0,0.0,0.0,0,0.0,0.0,0.0,0,0.0,0.0,0.0,,,,0.0,0.0,0.0,0.0,,nan,nan,nan,nan,0.0,0.0,nan,nan,,0.0,0.0,0.0,21.0,0.0,0.0,0.0,0.0,0.0,0.0,,,0.0,0,0.0,,0.0,0.0,0,0.0,0.0,,nan,0.0
2000,CL,東京ヤクルトスワローズ,31433881,馬場　敏史,T.Baba,28.0,36.0,29.0,2.0,4.0,1.0,0.0,0.0,5.0,3.0,0.0,0,5.0,1.0,0.0,0,1.0,10.0,2.0,0.138,0.161,0.172,0.33299999999999996,3.0,0.033999999999999975,0.022999999999999993,0.1949999999999999,0.0,27.77777777777778,0.0,0.2,0.11545,218.33333333333331,0.034482758620689655,0.2222222222222222,0.138,4.0,0.0,3.0,28.0,36.0,29.0,3.0,1.0,0.0,2.0,0.161,0.172,0.0,0,1.0,,5.0,0.0,0,5.0,1.0,,0.6896551724137931,0.09999999999999964
2000,CL,読売ジャイアンツ,31433882,趙　成珉,S.Cho,10.0,4.0,4.0,1.0,1.0,1.0,0.0,0.0,2.0,1.0,0.0,0,0.0,0.0,0.0,0,0.0,1.0,0.0,0.25,0.25,0.5,0.75,0.0,0.25,0.0,0.5,0.0,25.0,0.0,0.3333333333333333,0.2375,416.66666666666663,0.25,0.6666666666666666,0.25,1.0,0.0,1.0,10.0,4.0,4.0,0.0,1.0,0.0,1.0,0.25,0.5,0.0,0,0.0,,2.0,0.0,0,0.0,0.0,,0.5,0.42599999999999993
2000,CL,阪神タイガース,31433885,桧山　進次郎,S.Hiyama,87.0,186.0,159.0,18.0,35.0,9.0,2.0,4.0,60.0,16.0,0,2,0.0,1.0,22.0,0,4.0,43.0,6.0,0.22,0.328,0.377,0.7050000000000001,20.0,0.157,0.10800000000000001,0.485,11.827956989247312,23.118279569892472,0.5116279069767442,0.2743362831858407,0.24185,453.6666666666667,0.3081761006289308,0.676923076923077,0.22,35.0,4.0,16.0,87.0,186.0,159.0,20.0,9.0,2.0,18.0,0.328,0.377,22.0,0,4.0,,60.0,0,2,0.0,1.0,,18.895027624309392,21.107999999999997
2000,CL,東京ヤクルトスワローズ,31433886,三上　真司,S.Mikami,1.0,0.0,0.0,0.0,0.0,0.0,0.0,0.0,0.0,0.0,0.0,0,0.0,0.0,0.0,0,0.0,0.0,0.0,,,,0.0,0.0,0.0,0.0,,nan,nan,nan,nan,0.0,0.0,nan,nan,,0.0,0.0,0.0,1.0,0.0,0.0,0.0,0.0,0.0,0.0,,,0.0,0,0.0,,0.0,0.0,0,0.0,0.0,,nan,0.0
2000,CL,東京ヤクルトスワローズ,31433887,山本　樹,T.Yamamoto,45.0,4.0,3.0,0.0,1.0,0.0,0.0,0.0,1.0,0.0,0.0,0,0.0,0.0,1.0,0,0.0,2.0,0.0,0.333,0.5,0.333,0.833,1.0,0.0,0.16699999999999998,0.5,25.0,50.0,0.5,1.0,0.30825,611.0,0.3333333333333333,1.0,0.333,1.0,0.0,0.0,45.0,4.0,3.0,1.0,0.0,0.0,0.0,0.5,0.333,1.0,0,0.0,,1.0,0.0,0,0.0,0.0,,0.5,0.6340000000000001
2000,CL,広島東洋カープ,31533886,倉　義和,Y.Kura,20.0,35.0,31.0,0.0,5.0,0.0,0.0,0.0,5.0,0.0,0.0,0,2.0,0.0,1.0,0,1.0,12.0,0.0,0.161,0.212,0.161,0.373,5.0,0.0,0.05099999999999999,0.212,2.857142857142857,34.285714285714285,0.08333333333333333,0.2631578947368421,0.13565,265.6666666666667,0.03225806451612903,0.2692307692307692,0.161,5.0,0.0,0.0,20.0,35.0,31.0,5.0,0.0,0.0,0.0,0.212,0.161,1.0,0,1.0,,5.0,0.0,0,2.0,0.0,,0.9375,0.6120000000000001
2000,CL,広島東洋カープ,31633881,前田　智徳,T.Maeda,79.0,284.0,262.0,32.0,62.0,14.0,0.0,13.0,115.0,44.0,0.0,0,1.0,3.0,18.0,0,0.0,39.0,6.0,0.237,0.283,0.439,0.722,35.0,0.202,0.045999999999999985,0.485,6.338028169014084,13.732394366197184,0.46153846153846156,0.2300469483568075,0.23709999999999998,429.33333333333337,0.27099236641221375,0.6456310679611651,0.237,62.0,13.0,44.0,79.0,284.0,262.0,35.0,14.0,0.0,32.0,0.283,0.439,18.0,0,0.0,,115.0,0.0,0,1.0,3.0,,32.857142857142854,32.63999999999999
2000,CL,横浜DeNAベイスターズ,31733881,小宮山　悟,S.Komiyama,28.0,58.0,50.0,0.0,3.0,0.0,0.0,0.0,3.0,3.0,0.0,0,7.0,1.0,0.0,0,0.0,24.0,2.0,0.06,0.059,0.06,0.119,3.0,0.0,-0.0010000000000000009,0.059,0.0,41.37931034482759,0.0,0.1111111111111111,0.041550000000000004,79.0,0.0,0.061224489795918366,0.06,3.0,0.0,3.0,28.0,58.0,50.0,3.0,0.0,0.0,0.0,0.059,0.06,0.0,0,0.0,,3.0,0.0,0,7.0,1.0,,0.18,-3.106
2000,CL,中日ドラゴンズ,31733884,佐藤　康幸,Y.Satou,2.0,0.0,0.0,0.0,0.0,0.0,0.0,0.0,0.0,0.0,0.0,0,0.0,0.0,0.0,0,0.0,0.0,0.0,,,,0.0,0.0,0.0,0.0,,nan,nan,nan,nan,0.0,0.0,nan,nan,,0.0,0.0,0.0,2.0,0.0,0.0,0.0,0.0,0.0,0.0,,,0.0,0,0.0,,0.0,0.0,0,0.0,0.0,,nan,0.0
2000,CL,阪神タイガース,31733887,塩谷　和彦,K.Shiotani,48.0,120.0,107.0,11.0,27.0,2.0,0.0,2.0,35.0,12.0,1,0,1.0,0.0,12.0,0,0.0,15.0,1.0,0.252,0.328,0.327,0.655,23.0,0.07500000000000001,0.07600000000000001,0.403,10.0,12.5,0.8,0.2777777777777778,0.22935,437.0,0.18691588785046728,0.5802469135802469,0.252,27.0,2.0,12.0,48.0,120.0,107.0,23.0,2.0,0.0,11.0,0.328,0.327,12.0,0,0.0,,35.0,1,0,1.0,0.0,,11.470588235294118,11.940000000000001
2000,CL,東京ヤクルトスワローズ,31833888,R.ペタジーニ,R.Petagine,136.0,588.0,484.0,91.0,153.0,30.0,0.0,36.0,291.0,96.0,7,2,0.0,3.0,97.0,0,4.0,116.0,7.0,0.316,0.432,0.601,1.033,87.0,0.285,0.11599999999999999,0.717,16.49659863945578,19.727891156462583,0.8362068965517241,0.3492537313432836,0.34465,632.3333333333333,0.4896694214876033,1.165680473372781,0.316,153.0,36.0,96.0,136.0,588.0,484.0,87.0,30.0,0.0,91.0,0.432,0.601,97.0,0,4.0,,291.0,7,2,0.0,3.0,,125.21514629948365,118.192
2000,CL,読売ジャイアンツ,31933860,田辺　路朗,N.Tanabe,7.0,7.0,7.0,0.0,1.0,0.0,0.0,0.0,1.0,1.0,0.0,0,0.0,0.0,0.0,0,0.0,3.0,0.0,0.143,0.143,0.143,0.286,1.0,0.0,0.0,0.143,0.0,42.857142857142854,0.0,0.25,0.1001,190.66666666666666,0.0,0.16666666666666666,0.143,1.0,0.0,1.0,7.0,7.0,7.0,1.0,0.0,0.0,0.0,0.143,0.143,0.0,0,0.0,,1.0,0.0,0,0.0,0.0,,0.14285714285714285,-0.08800000000000008
2000,CL,読売ジャイアンツ,31933882,仁志　敏久,T.Nishi,135.0,611.0,560.0,81.0,167.0,30.0,1.0,20.0,259.0,58.0,11,19,4.0,3.0,41.0,0,3.0,89.0,6.0,0.298,0.348,0.463,0.8109999999999999,116.0,0.16500000000000004,0.04999999999999999,0.513,6.710310965630114,14.566284779050736,0.4606741573033708,0.3237885462555066,0.27235,502.3333333333333,0.2714285714285714,0.8070175438596491,0.298,167.0,20.0,58.0,135.0,611.0,560.0,116.0,30.0,1.0,81.0,0.348,0.463,41.0,0,3.0,,259.0,11,19,4.0,3.0,,89.63727121464227,88.86599999999999
2000,CL,中日ドラゴンズ,31933886,高橋　光信,M.Takahashi,22.0,38.0,38.0,4.0,9.0,2.0,0.0,2.0,17.0,6.0,0.0,0,0.0,0.0,0.0,0,0.0,5.0,2.0,0.237,0.237,0.447,0.6839999999999999,5.0,0.21000000000000002,0.0,0.447,0.0,13.157894736842104,0.0,0.22580645161290322,0.21839999999999998,386.0,0.21052631578947367,0.5483870967741935,0.237,9.0,2.0,6.0,22.0,38.0,38.0,5.0,2.0,0.0,4.0,0.237,0.447,0.0,0,0.0,,17.0,0.0,0,0.0,0.0,,4.026315789473684,3.978
2000,CL,中日ドラゴンズ,33133886,李　鍾範,J.Ri,113.0,465.0,414.0,58.0,114.0,26.0,2.0,8.0,168.0,37.0,11,8,13.0,2.0,28.0,0,8.0,70.0,6.0,0.275,0.332,0.406,0.738,78.0,0.131,0.056999999999999995,0.463,6.021505376344086,15.053763440860216,0.4,0.3136094674556213,0.2509,467.33333333333337,0.21739130434782608,0.6928104575163399,0.275,114.0,8.0,37.0,113.0,465.0,414.0,78.0,26.0,2.0,58.0,0.332,0.406,28.0,0,8.0,,168.0,11,8,13.0,2.0,,53.97285067873303,55.23999999999998
2000,CL,広島東洋カープ,33233868,西山　秀二,S.Nishiyama,94.0,284.0,253.0,25.0,56.0,6.0,0.0,6.0,80.0,33.0,3,2,7.0,2.0,22.0,0,0.0,70.0,2.0,0.221,0.282,0.316,0.598,44.0,0.095,0.06099999999999997,0.377,7.746478873239436,24.647887323943664,0.3142857142857143,0.27932960893854747,0.20589999999999997,387.3333333333333,0.18972332015810275,0.5226130653266332,0.221,56.0,6.0,33.0,94.0,284.0,253.0,44.0,6.0,0.0,25.0,0.282,0.316,22.0,0,0.0,,80.0,3,2,7.0,2.0,,22.69090909090909,23.273999999999997
2000,CL,中日ドラゴンズ,33335111,E.ギャラード,E.Gaillard,51.0,1.0,1.0,0.0,0.0,0.0,0.0,0.0,0.0,0.0,0.0,0,0.0,0.0,0.0,0,0.0,1.0,0.0,0.0,0.0,0.0,0.0,0.0,0.0,0.0,0.0,0.0,100.0,0.0,nan,0.0,0.0,0.0,0.0,0.0,0.0,0.0,0.0,51.0,1.0,1.0,0.0,0.0,0.0,0.0,0.0,0.0,0.0,0,0.0,,0.0,0.0,0,0.0,0.0,,0.0,-0.098
2000,CL,広島東洋カープ,41043889,山田　潤,J.Yamada,5.0,6.0,6.0,0.0,1.0,0.0,0.0,0.0,1.0,0.0,0.0,0,0.0,0.0,0.0,0,0.0,4.0,0.0,0.167,0.167,0.167,0.334,1.0,0.0,0.0,0.167,0.0,66.66666666666666,0.0,0.5,0.1169,222.66666666666669,0.0,0.2,0.167,1.0,0.0,0.0,5.0,6.0,6.0,1.0,0.0,0.0,0.0,0.167,0.167,0.0,0,0.0,,1.0,0.0,0,0.0,0.0,,0.16666666666666666,0.010000000000000009
2000,CL,広島東洋カープ,41143882,伊与田　一範,K.Iyoda,4.0,4.0,4.0,1.0,1.0,0.0,0.0,1.0,4.0,1.0,0.0,0,0.0,0.0,0.0,0,0.0,1.0,0.0,0.25,0.25,1.0,1.25,0.0,0.75,0.0,1.0,0.0,25.0,0.0,0.0,0.3625,583.3333333333333,0.75,1.3333333333333333,0.25,1.0,1.0,1.0,4.0,4.0,4.0,0.0,0.0,0.0,1.0,0.25,1.0,0.0,0,0.0,,4.0,0.0,0,0.0,0.0,,1.0,1.146
2000,CL,中日ドラゴンズ,41143886,井端　弘和,H.Ibata,92.0,270.0,242.0,35.0,74.0,7.0,0.0,3.0,90.0,16.0,6,8,8.0,2.0,16.0,0,2.0,22.0,1.0,0.306,0.351,0.372,0.723,64.0,0.066,0.044999999999999984,0.417,5.9259259259259265,8.148148148148149,0.7272727272727273,0.3242009132420091,0.25095,475.0,0.1652892561983471,0.6863905325443787,0.306,74.0,3.0,16.0,92.0,270.0,242.0,64.0,7.0,0.0,35.0,0.351,0.372,16.0,0,2.0,,90.0,6,8,8.0,2.0,,31.3953488372093,32.275999999999996
2000,CL,読売ジャイアンツ,41145111,内薗　直樹,N.Uchizono,4.0,0.0,0.0,0.0,0.0,0.0,0.0,0.0,0.0,0.0,0.0,0,0.0,0.0,0.0,0,0.0,0.0,0.0,,,,0.0,0.0,0.0,0.0,,nan,nan,nan,nan,0.0,0.0,nan,nan,,0.0,0.0,0.0,4.0,0.0,0.0,0.0,0.0,0.0,0.0,,,0.0,0,0.0,,0.0,0.0,0,0.0,0.0,,nan,0.0
2000,CL,読売ジャイアンツ,41343862,清原　和博,K.Kiyohara,75.0,252.0,216.0,41.0,64.0,10.0,0.0,16.0,122.0,54.0,0.0,0,0.0,3.0,25.0,0,8.0,51.0,6.0,0.296,0.385,0.565,0.95,38.0,0.26899999999999996,0.08900000000000002,0.6539999999999999,9.920634920634921,20.238095238095237,0.49019607843137253,0.3157894736842105,0.3145,573.3333333333334,0.38425925925925924,0.9810126582278481,0.296,64.0,16.0,54.0,75.0,252.0,216.0,38.0,10.0,0.0,41.0,0.385,0.565,25.0,0,8.0,,122.0,0.0,0,0.0,3.0,,45.053941908713696,45.233999999999995
2000,CL,阪神タイガース,41343883,矢野　燿大,A.Yano,114.0,428.0,376.0,41.0,101.0,12.0,1.0,5.0,130.0,26.0,1,2,9.0,4.0,35.0,0,4.0,87.0,9.0,0.269,0.334,0.346,0.6799999999999999,83.0,0.07699999999999996,0.065,0.411,8.177570093457943,20.327102803738317,0.40229885057471265,0.3333333333333333,0.2368,449.33333333333337,0.17553191489361702,0.602112676056338,0.269,101.0,5.0,26.0,114.0,428.0,376.0,83.0,12.0,1.0,41.0,0.334,0.346,35.0,0,4.0,,130.0,1,2,9.0,4.0,,43.017031630170315,44.66
2000,CL,広島東洋カープ,41343885,金本　知憲,T.Kanemoto,136.0,588.0,496.0,96.0,156.0,20.0,2.0,30.0,270.0,90.0,30,10,0.0,4.0,80.0,0,8.0,101.0,2.0,0.315,0.415,0.544,0.9590000000000001,104.0,0.22900000000000004,0.09999999999999998,0.644,13.60544217687075,17.17687074829932,0.7920792079207921,0.34146341463414637,0.32275,596.3333333333334,0.4112903225806452,1.0760233918128654,0.315,156.0,30.0,90.0,136.0,588.0,496.0,104.0,20.0,2.0,96.0,0.415,0.544,80.0,0,8.0,,270.0,30,10,0.0,4.0,,110.625,109.20000000000002
2000,CL,中日ドラゴンズ,41343886,川上　憲伸,K.Kawakami,14.0,18.0,15.0,0.0,2.0,0.0,0.0,0.0,2.0,0.0,0.0,0,3.0,0.0,0.0,0,0.0,3.0,1.0,0.133,0.133,0.133,0.266,2.0,0.0,0.0,0.133,0.0,16.666666666666664,0.0,0.16666666666666666,0.09310000000000002,177.33333333333334,0.0,0.14285714285714285,0.133,2.0,0.0,0.0,14.0,18.0,15.0,2.0,0.0,0.0,0.0,0.133,0.133,0.0,0,0.0,,2.0,0.0,0,3.0,0.0,,0.26666666666666666,-0.274
2000,CL,東京ヤクルトスワローズ,41343887,衣川　幸夫,Y.Kinugawa,39.0,37.0,31.0,3.0,5.0,2.0,0.0,0.0,7.0,2.0,0.0,0,1.0,0.0,4.0,0,1.0,12.0,0.0,0.161,0.278,0.226,0.504,3.0,0.065,0.11700000000000002,0.343,10.81081081081081,32.432432432432435,0.3333333333333333,0.2631578947368421,0.1816,353.33333333333337,0.1935483870967742,0.46153846153846156,0.161,5.0,0.0,2.0,39.0,37.0,31.0,3.0,2.0,0.0,3.0,0.278,0.226,4.0,0,1.0,,7.0,0.0,0,1.0,0.0,,1.8,2.042
2000,CL,横浜DeNAベイスターズ,41343889,川﨑　義文,Y.Kawasaki,3.0,3.0,3.0,0.0,0.0,0.0,0.0,0.0,0.0,0.0,0.0,0,0.0,0.0,0.0,0,0.0,3.0,0.0,0.0,0.0,0.0,0.0,0.0,0.0,0.0,0.0,0.0,100.0,0.0,nan,0.0,0.0,0.0,0.0,0.0,0.0,0.0,0.0,3.0,3.0,3.0,0.0,0.0,0.0,0.0,0.0,0.0,0.0,0,0.0,,0.0,0.0,0,0.0,0.0,,0.0,-0.29400000000000004
2000,CL,横浜DeNAベイスターズ,41443880,相川　亮二,R.Aikawa,39.0,82.0,73.0,6.0,16.0,2.0,0.0,0.0,18.0,7.0,0.0,0,3.0,1.0,3.0,0,2.0,11.0,2.0,0.219,0.266,0.247,0.513,14.0,0.027999999999999997,0.047000000000000014,0.294,3.6585365853658534,13.414634146341465,0.2727272727272727,0.25396825396825395,0.18145,348.3333333333333,0.0684931506849315,0.3898305084745763,0.219,16.0,0.0,7.0,39.0,82.0,73.0,14.0,2.0,0.0,6.0,0.266,0.247,3.0,0,2.0,,18.0,0.0,0,3.0,1.0,,4.5,4.504
2000,CL,横浜DeNAベイスターズ,41443885,三浦　大輔,D.Miura,25.0,60.0,53.0,3.0,5.0,0.0,0.0,0.0,5.0,1.0,0.0,0,5.0,0.0,2.0,0,0.0,21.0,2.0,0.094,0.127,0.094,0.221,5.0,0.0,0.033,0.127,3.3333333333333335,35.0,0.09523809523809523,0.15625,0.08065,158.33333333333331,0.03773584905660377,0.14,0.094,5.0,0.0,1.0,25.0,60.0,53.0,5.0,0.0,0.0,3.0,0.127,0.094,2.0,0,0.0,,5.0,0.0,0,5.0,0.0,,0.6363636363636364,-1.5440000000000005
2000,CL,東京ヤクルトスワローズ,41543864,高橋　智,S.Takahashi,98.0,319.0,288.0,35.0,82.0,20.0,1.0,13.0,143.0,44.0,2,1,1.0,1.0,29.0,0,0.0,72.0,5.0,0.285,0.349,0.497,0.846,48.0,0.21200000000000002,0.064,0.5609999999999999,9.090909090909092,22.570532915360502,0.4027777777777778,0.3382352941176471,0.2813,514.6666666666666,0.3159722222222222,0.8199052132701422,0.285,82.0,13.0,44.0,98.0,319.0,288.0,48.0,20.0,1.0,35.0,0.349,0.497,29.0,0,0.0,,143.0,2,1,1.0,1.0,,50.072555205047315,47.721999999999994
2000,CL,読売ジャイアンツ,41543889,佐藤　誠,M.Satou,2.0,0.0,0.0,0.0,0.0,0.0,0.0,0.0,0.0,0.0,0.0,0,0.0,0.0,0.0,0,0.0,0.0,0.0,,,,0.0,0.0,0.0,0.0,,nan,nan,nan,nan,0.0,0.0,nan,nan,,0.0,0.0,0.0,2.0,0.0,0.0,0.0,0.0,0.0,0.0,,,0.0,0,0.0,,0.0,0.0,0,0.0,0.0,,nan,0.0
2000,CL,読売ジャイアンツ,41643868,杉山　直輝,N.Sugiyama,38.0,60.0,52.0,2.0,7.0,0.0,0.0,1.0,10.0,7.0,0.0,0,1.0,2.0,5.0,0,0.0,12.0,1.0,0.135,0.203,0.192,0.395,6.0,0.056999999999999995,0.068,0.26,8.333333333333332,20.0,0.4166666666666667,0.14634146341463414,0.13935000000000003,267.0,0.15384615384615385,0.32608695652173914,0.135,7.0,1.0,7.0,38.0,60.0,52.0,6.0,0.0,0.0,2.0,0.203,0.192,5.0,0,0.0,,10.0,0.0,0,1.0,2.0,,2.1052631578947367,1.6799999999999997
2000,CL,阪神タイガース,41643888,M.フランクリン,M.Franklin,8.0,35.0,29.0,5.0,5.0,1.0,0.0,2.0,12.0,6.0,0.0,0,0.0,0.0,3.0,0,3.0,13.0,1.0,0.172,0.314,0.414,0.728,2.0,0.242,0.14200000000000002,0.556,8.571428571428571,37.142857142857146,0.23076923076923078,0.21428571428571427,0.24480000000000002,451.99999999999994,0.3448275862068966,0.72,0.172,5.0,2.0,6.0,8.0,35.0,29.0,2.0,1.0,0.0,5.0,0.314,0.414,3.0,0,3.0,,12.0,0.0,0,0.0,0.0,,3.0,4.228
2000,CL,中日ドラゴンズ,41645111,曹　竣揚,S.Sou,2.0,1.0,1.0,0.0,0.0,0.0,0.0,0.0,0.0,0.0,0.0,0,0.0,0.0,0.0,0,0.0,1.0,0.0,0.0,0.0,0.0,0.0,0.0,0.0,0.0,0.0,0.0,100.0,0.0,nan,0.0,0.0,0.0,0.0,0.0,0.0,0.0,0.0,2.0,1.0,1.0,0.0,0.0,0.0,0.0,0.0,0.0,0.0,0,0.0,,0.0,0.0,0,0.0,0.0,,0.0,-0.098
2000,CL,横浜DeNAベイスターズ,41743880,多村　仁志,H.Tamura,84.0,245.0,226.0,21.0,58.0,6.0,1.0,7.0,87.0,29.0,2,0,0.0,2.0,13.0,0,4.0,64.0,3.0,0.257,0.306,0.385,0.6910000000000001,44.0,0.128,0.04899999999999999,0.434,5.3061224489795915,26.122448979591837,0.203125,0.3248407643312102,0.23395,434.33333333333337,0.18584070796460178,0.6081871345029239,0.257,58.0,7.0,29.0,84.0,245.0,226.0,44.0,6.0,1.0,21.0,0.306,0.385,13.0,0,4.0,,87.0,2,0,0.0,2.0,,25.84518828451883,26.585999999999995
2000,CL,読売ジャイアンツ,41743881,佐々木　明義,A.Sasaki,23.0,10.0,8.0,5.0,1.0,0.0,0.0,1.0,4.0,3.0,1.0,1,0.0,0.0,1.0,0,1.0,2.0,0.0,0.125,0.3,0.5,0.8,0.0,0.375,0.175,0.675,10.0,20.0,0.5,0.0,0.26,466.6666666666667,0.625,1.0,0.125,1.0,1.0,3.0,23.0,10.0,8.0,0.0,0.0,0.0,5.0,0.3,0.5,1.0,0,1.0,,4.0,1.0,1,0.0,0.0,,0.8888888888888888,1.5940000000000003
2000,CL,広島東洋カープ,41843883,瀬戸　輝信,T.Seto,48.0,125.0,114.0,11.0,31.0,2.0,0.0,1.0,36.0,6.0,0,1,2.0,0.0,7.0,0,2.0,26.0,5.0,0.272,0.325,0.316,0.641,28.0,0.043999999999999984,0.05299999999999999,0.369,5.6000000000000005,20.8,0.2692307692307692,0.3448275862068966,0.22525,430.33333333333337,0.11403508771929824,0.5227272727272727,0.272,31.0,1.0,6.0,48.0,125.0,114.0,28.0,2.0,0.0,11.0,0.325,0.316,7.0,0,2.0,,36.0,0,1,2.0,0.0,,11.305785123966942,11.895999999999997
2000,CL,広島東洋カープ,41843886,N.ミンチー,N.Minchey,31.0,64.0,56.0,1.0,3.0,0.0,0.0,0.0,3.0,1.0,0.0,0,6.0,0.0,2.0,0,0.0,37.0,0.0,0.054,0.086,0.054,0.13999999999999999,3.0,0.0,0.031999999999999994,0.086,3.125,57.8125,0.05405405405405406,0.15789473684210525,0.052199999999999996,104.0,0.03571428571428571,0.09433962264150944,0.054,3.0,0.0,1.0,31.0,64.0,56.0,3.0,0.0,0.0,1.0,0.086,0.054,2.0,0,0.0,,3.0,0.0,0,6.0,0.0,,0.25862068965517243,-3.034
2000,CL,広島東洋カープ,41845111,J.ボール,J.Ball,3.0,8.0,8.0,0.0,2.0,1.0,0.0,0.0,3.0,0.0,0.0,0,0.0,0.0,0.0,0,0.0,3.0,0.0,0.25,0.25,0.375,0.625,1.0,0.125,0.0,0.375,0.0,37.5,0.0,0.4,0.20625,375.0,0.125,0.5,0.25,2.0,0.0,0.0,3.0,8.0,8.0,1.0,1.0,0.0,0.0,0.25,0.375,0.0,0,0.0,,3.0,0.0,0,0.0,0.0,,0.75,0.6319999999999999
2000,CL,横浜DeNAベイスターズ,41943880,福盛　和男,K.Fukumori,41.0,20.0,19.0,4.0,5.0,1.0,0.0,0.0,6.0,1.0,0.0,0,1.0,0.0,0.0,0,0.0,7.0,0.0,0.263,0.263,0.316,0.579,4.0,0.05299999999999999,0.0,0.316,0.0,35.0,0.0,0.4166666666666667,0.19735000000000003,368.33333333333337,0.05263157894736842,0.42857142857142855,0.263,5.0,0.0,1.0,41.0,20.0,19.0,4.0,1.0,0.0,4.0,0.263,0.316,0.0,0,0.0,,6.0,0.0,0,1.0,0.0,,1.5789473684210527,1.3479999999999996
2000,CL,中日ドラゴンズ,41943884,筒井　壮,S.Tsutsui,23.0,43.0,36.0,1.0,6.0,0.0,0.0,0.0,6.0,1.0,0.0,0,1.0,0.0,5.0,0,1.0,7.0,1.0,0.167,0.286,0.167,0.45299999999999996,6.0,0.0,0.11899999999999997,0.286,11.627906976744185,16.27906976744186,0.7142857142857143,0.20689655172413793,0.17045,341.6666666666667,0.1388888888888889,0.3870967741935484,0.167,6.0,0.0,1.0,23.0,43.0,36.0,6.0,0.0,0.0,1.0,0.286,0.167,5.0,0,1.0,,6.0,0.0,0,1.0,0.0,,1.6097560975609757,2.0400000000000005
2000,CL,東京ヤクルトスワローズ,41943886,代田　建紀,T.Daita,24.0,10.0,9.0,3.0,3.0,0.0,0.0,0.0,3.0,2.0,3,1,0.0,0.0,1.0,0,0.0,2.0,0.0,0.333,0.4,0.333,0.7330000000000001,3.0,0.0,0.067,0.4,10.0,20.0,0.5,0.42857142857142855,0.26325000000000004,511.0,0.2222222222222222,0.8333333333333334,0.333,3.0,0.0,2.0,24.0,10.0,9.0,3.0,0.0,0.0,3.0,0.4,0.333,1.0,0,0.0,,3.0,3,1,0.0,0.0,,1.2,1.4220000000000002
2000,CL,横浜DeNAベイスターズ,41943887,戸叶　尚,H.Tokano,6.0,0.0,0.0,0.0,0.0,0.0,0.0,0.0,0.0,0.0,0.0,0,0.0,0.0,0.0,0,0.0,0.0,0.0,,,,0.0,0.0,0.0,0.0,,nan,nan,nan,nan,0.0,0.0,nan,nan,,0.0,0.0,0.0,6.0,0.0,0.0,0.0,0.0,0.0,0.0,,,0.0,0,0.0,,0.0,0.0,0,0.0,0.0,,nan,0.0
2000,CL,広島東洋カープ,41943888,広池　浩司,K.Hiroike,26.0,1.0,1.0,0.0,0.0,0.0,0.0,0.0,0.0,0.0,0.0,0,0.0,0.0,0.0,0,0.0,1.0,0.0,0.0,0.0,0.0,0.0,0.0,0.0,0.0,0.0,0.0,100.0,0.0,nan,0.0,0.0,0.0,0.0,0.0,0.0,0.0,0.0,26.0,1.0,1.0,0.0,0.0,0.0,0.0,0.0,0.0,0.0,0,0.0,,0.0,0.0,0,0.0,0.0,,0.0,-0.098
2000,CL,広島東洋カープ,41943889,福地　寿樹,K.Fukuchi,51.0,21.0,17.0,18.0,1.0,1.0,0.0,0.0,2.0,0.0,11,7,0.0,0.0,4.0,0,0.0,5.0,0.0,0.059,0.238,0.118,0.356,0.0,0.059,0.179,0.297,19.047619047619047,23.809523809523807,0.8,0.08333333333333333,0.1366,277.3333333333333,0.7058823529411765,0.8125,0.059,1.0,0.0,0.0,51.0,21.0,17.0,0.0,1.0,0.0,18.0,0.238,0.118,4.0,0,0.0,,2.0,11,7,0.0,0.0,,0.47619047619047616,1.7319999999999998
2000,CL,横浜DeNAベイスターズ,41945111,中野渡　進,S.Nakanowatari,3.0,0.0,0.0,0.0,0.0,0.0,0.0,0.0,0.0,0.0,0.0,0,0.0,0.0,0.0,0,0.0,0.0,0.0,,,,0.0,0.0,0.0,0.0,,nan,nan,nan,nan,0.0,0.0,nan,nan,,0.0,0.0,0.0,3.0,0.0,0.0,0.0,0.0,0.0,0.0,,,0.0,0,0.0,,0.0,0.0,0,0.0,0.0,,nan,0.0
2000,CL,広島東洋カープ,43243868,野村　謙二郎,K.Nomura,61.0,228.0,208.0,15.0,50.0,4.0,1.0,2.0,62.0,17.0,1.0,1,0.0,2.0,13.0,0,5.0,22.0,6.0,0.24,0.298,0.298,0.596,43.0,0.057999999999999996,0.057999999999999996,0.356,5.701754385964912,9.649122807017543,0.5909090909090909,0.25806451612903225,0.2086,397.3333333333333,0.125,0.49390243902439024,0.24,50.0,2.0,17.0,61.0,228.0,208.0,43.0,4.0,1.0,15.0,0.298,0.298,13.0,0,5.0,,62.0,1.0,1,0.0,2.0,,17.67420814479638,18.935999999999993
2000,CL,広島東洋カープ,43345111,E.ラドウィック,E.Ludwick,8.0,4.0,4.0,0.0,2.0,0.0,0.0,0.0,2.0,1.0,0.0,0,0.0,0.0,0.0,0,0.0,1.0,0.0,0.5,0.5,0.5,1.0,2.0,0.0,0.0,0.5,0.0,25.0,0.0,0.6666666666666666,0.35,666.6666666666666,0.0,1.0,0.5,2.0,0.0,1.0,8.0,4.0,4.0,2.0,0.0,0.0,0.0,0.5,0.5,0.0,0,0.0,,2.0,0.0,0,0.0,0.0,,1.0,0.804
2000,CL,東京ヤクルトスワローズ,43643868,青柳　進,S.Aoyagi,47.0,50.0,44.0,0.0,8.0,3.0,0.0,0.0,11.0,7.0,0.0,0,0.0,0.0,6.0,0,0.0,22.0,0.0,0.182,0.28,0.25,0.53,5.0,0.068,0.09800000000000003,0.348,12.0,44.0,0.2727272727272727,0.36363636363636365,0.18850000000000003,363.3333333333333,0.20454545454545456,0.4722222222222222,0.182,8.0,0.0,7.0,47.0,50.0,44.0,5.0,3.0,0.0,0.0,0.28,0.25,6.0,0,0.0,,11.0,0.0,0,0.0,0.0,,3.08,3.1120000000000005
2000,CL,横浜DeNAベイスターズ,45643868,中根　仁,H.Nakane,103.0,381.0,335.0,38.0,109.0,15.0,1.0,11.0,159.0,61.0,1.0,1,0.0,5.0,41.0,0,0.0,77.0,8.0,0.325,0.394,0.475,0.869,82.0,0.14999999999999997,0.069,0.544,10.761154855643044,20.209973753280842,0.5324675324675324,0.3888888888888889,0.29605000000000004,552.3333333333334,0.2746268656716418,0.8589743589743589,0.325,109.0,11.0,61.0,103.0,381.0,335.0,82.0,15.0,1.0,38.0,0.394,0.475,41.0,0,0.0,,159.0,1.0,1,0.0,5.0,,63.430851063829785,60.242000000000004
2000,CL,東京ヤクルトスワローズ,51053880,宮本　慎也,S.Miyamoto,136.0,536.0,476.0,39.0,143.0,24.0,4.0,3.0,184.0,55.0,13,5,19.0,5.0,31.0,0,5.0,49.0,7.0,0.3,0.346,0.387,0.733,112.0,0.08700000000000002,0.045999999999999985,0.433,5.7835820895522385,9.14179104477612,0.6326530612244898,0.32634032634032634,0.25245,475.0,0.16176470588235295,0.6617647058823529,0.3,143.0,3.0,55.0,136.0,536.0,476.0,112.0,24.0,4.0,39.0,0.346,0.387,31.0,0,5.0,,184.0,13,5,19.0,5.0,,63.14792899408284,61.90599999999999
2000,CL,読売ジャイアンツ,51053887,西山　一宇,K.Nishiyama,14.0,11.0,10.0,1.0,0.0,0.0,0.0,0.0,0.0,0.0,0.0,0,0.0,0.0,1.0,0,0.0,8.0,0.0,0.0,0.091,0.0,0.091,0.0,0.0,0.091,0.091,9.090909090909092,72.72727272727273,0.125,0.0,0.04095,91.0,0.1,0.1,0.0,0.0,0.0,0.0,14.0,11.0,10.0,0.0,0.0,0.0,1.0,0.091,0.0,1.0,0,0.0,,0.0,0.0,0,0.0,0.0,,0.0,-0.6499999999999999
2000,CL,横浜DeNAベイスターズ,51053889,三野　勝大,K.Mino,4.0,0.0,0.0,0.0,0.0,0.0,0.0,0.0,0.0,0.0,0.0,0,0.0,0.0,0.0,0,0.0,0.0,0.0,,,,0.0,0.0,0.0,0.0,,nan,nan,nan,nan,0.0,0.0,nan,nan,,0.0,0.0,0.0,4.0,0.0,0.0,0.0,0.0,0.0,0.0,,,0.0,0,0.0,,0.0,0.0,0,0.0,0.0,,nan,0.0
2000,CL,横浜DeNAベイスターズ,51153862,荒井　幸雄,Y.Arai,1.0,1.0,1.0,0.0,0.0,0.0,0.0,0.0,0.0,0.0,0.0,0,0.0,0.0,0.0,0,0.0,0.0,0.0,0.0,0.0,0.0,0.0,0.0,0.0,0.0,0.0,0.0,0.0,nan,0.0,0.0,0.0,0.0,0.0,0.0,0.0,0.0,0.0,1.0,1.0,1.0,0.0,0.0,0.0,0.0,0.0,0.0,0.0,0,0.0,,0.0,0.0,0,0.0,0.0,,0.0,-0.098
2000,CL,横浜DeNAベイスターズ,51153864,阿波野　秀幸,H.Awano,12.0,1.0,1.0,0.0,0.0,0.0,0.0,0.0,0.0,0.0,0.0,0,0.0,0.0,0.0,0,0.0,1.0,0.0,0.0,0.0,0.0,0.0,0.0,0.0,0.0,0.0,0.0,100.0,0.0,nan,0.0,0.0,0.0,0.0,0.0,0.0,0.0,0.0,12.0,1.0,1.0,0.0,0.0,0.0,0.0,0.0,0.0,0.0,0,0.0,,0.0,0.0,0,0.0,0.0,,0.0,-0.098
2000,CL,広島東洋カープ,51153881,浅井　樹,I.Asai,112.0,269.0,247.0,37.0,74.0,10.0,1.0,13.0,125.0,46.0,5,1,1.0,1.0,20.0,0,0.0,51.0,6.0,0.3,0.351,0.506,0.857,50.0,0.20600000000000002,0.05099999999999999,0.5569999999999999,7.434944237918216,18.95910780669145,0.39215686274509803,0.33152173913043476,0.28445,519.6666666666666,0.291497975708502,0.8156424581005587,0.3,74.0,13.0,46.0,112.0,269.0,247.0,50.0,10.0,1.0,37.0,0.351,0.506,20.0,0,0.0,,125.0,5,1,1.0,1.0,,44.00749063670412,41.786
2000,CL,中日ドラゴンズ,51155111,朝倉　健太,K.Asakura,9.0,2.0,2.0,0.0,0.0,0.0,0.0,0.0,0.0,0.0,0.0,0,0.0,0.0,0.0,0,0.0,1.0,0.0,0.0,0.0,0.0,0.0,0.0,0.0,0.0,0.0,0.0,50.0,0.0,0.0,0.0,0.0,0.0,0.0,0.0,0.0,0.0,0.0,9.0,2.0,2.0,0.0,0.0,0.0,0.0,0.0,0.0,0.0,0,0.0,,0.0,0.0,0,0.0,0.0,,0.0,-0.196
2000,CL,広島東洋カープ,51253864,山崎　慎太郎,S.Yamasaki,25.0,6.0,5.0,0.0,0.0,0.0,0.0,0.0,0.0,0.0,0.0,0,1.0,0.0,0.0,0,0.0,4.0,0.0,0.0,0.0,0.0,0.0,0.0,0.0,0.0,0.0,0.0,66.66666666666666,0.0,0.0,0.0,0.0,0.0,0.0,0.0,0.0,0.0,0.0,25.0,6.0,5.0,0.0,0.0,0.0,0.0,0.0,0.0,0.0,0,0.0,,0.0,0.0,0,1.0,0.0,,0.0,-0.49
2000,CL,阪神タイガース,51253866,吉田　豊彦,T.Yoshida,24.0,3.0,2.0,0.0,0.0,0.0,0.0,0.0,0.0,0.0,0.0,0,1.0,0.0,0.0,0,0.0,0.0,0.0,0.0,0.0,0.0,0.0,0.0,0.0,0.0,0.0,0.0,0.0,nan,0.0,0.0,0.0,0.0,0.0,0.0,0.0,0.0,0.0,24.0,3.0,2.0,0.0,0.0,0.0,0.0,0.0,0.0,0.0,0,0.0,,0.0,0.0,0,1.0,0.0,,0.0,-0.196
2000,CL,横浜DeNAベイスターズ,51253880,米　正秀,M.Yone,7.0,0.0,0.0,0.0,0.0,0.0,0.0,0.0,0.0,0.0,0.0,0,0.0,0.0,0.0,0,0.0,0.0,0.0,,,,0.0,0.0,0.0,0.0,,nan,nan,nan,nan,0.0,0.0,nan,nan,,0.0,0.0,0.0,7.0,0.0,0.0,0.0,0.0,0.0,0.0,,,0.0,0,0.0,,0.0,0.0,0,0.0,0.0,,nan,0.0
2000,CL,阪神タイガース,51253885,根本　隆輝,R.Nemoto,43.0,82.0,81.0,3.0,23.0,3.0,0.0,0.0,26.0,2.0,1,2,0.0,0.0,1.0,0,0.0,11.0,1.0,0.284,0.293,0.321,0.614,20.0,0.03700000000000003,0.009000000000000008,0.33,1.2195121951219512,13.414634146341465,0.09090909090909091,0.32857142857142857,0.2121,399.99999999999994,0.07407407407407407,0.4915254237288136,0.284,23.0,0.0,2.0,43.0,82.0,81.0,20.0,3.0,0.0,3.0,0.293,0.321,1.0,0,0.0,,26.0,1,2,0.0,0.0,,7.609756097560975,7.1659999999999995
2000,CL,読売ジャイアンツ,51253887,松井　秀喜,H.Matsui,135.0,590.0,474.0,116.0,150.0,32.0,1.0,42.0,310.0,108.0,5,2,0.0,7.0,106.0,0,2.0,108.0,1.0,0.316,0.438,0.654,1.092,75.0,0.338,0.122,0.776,17.966101694915253,18.305084745762713,0.9814814814814815,0.32628398791540786,0.36060000000000003,656.0,0.5654008438818565,1.2923076923076924,0.316,150.0,42.0,108.0,135.0,590.0,474.0,75.0,32.0,1.0,116.0,0.438,0.654,106.0,0,2.0,,310.0,5,2,0.0,7.0,,136.82758620689654,126.30799999999999
2000,CL,阪神タイガース,51255111,的場　寛一,K.Matoba,11.0,26.0,24.0,0.0,5.0,1.0,0.0,0.0,6.0,0.0,0.0,0,0.0,0.0,2.0,0,0.0,8.0,1.0,0.208,0.269,0.25,0.519,4.0,0.04200000000000001,0.061000000000000026,0.311,7.6923076923076925,30.76923076923077,0.25,0.3125,0.18355,352.3333333333333,0.125,0.4,0.208,5.0,0.0,0.0,11.0,26.0,24.0,4.0,1.0,0.0,0.0,0.269,0.25,2.0,0,0.0,,6.0,0.0,0,0.0,0.0,,1.6153846153846154,1.5179999999999998
2000,CL,中日ドラゴンズ,51353888,小笠原　孝,T.Ogasawara,8.0,1.0,1.0,0.0,0.0,0.0,0.0,0.0,0.0,0.0,0.0,0,0.0,0.0,0.0,0,0.0,0.0,0.0,0.0,0.0,0.0,0.0,0.0,0.0,0.0,0.0,0.0,0.0,nan,0.0,0.0,0.0,0.0,0.0,0.0,0.0,0.0,0.0,8.0,1.0,1.0,0.0,0.0,0.0,0.0,0.0,0.0,0.0,0,0.0,,0.0,0.0,0,0.0,0.0,,0.0,-0.098
2000,CL,読売ジャイアンツ,51353889,岡島　秀樹,H.Okajima,56.0,10.0,10.0,0.0,0.0,0.0,0.0,0.0,0.0,0.0,0.0,0,0.0,0.0,0.0,0,0.0,5.0,0.0,0.0,0.0,0.0,0.0,0.0,0.0,0.0,0.0,0.0,50.0,0.0,0.0,0.0,0.0,0.0,0.0,0.0,0.0,0.0,0.0,56.0,10.0,10.0,0.0,0.0,0.0,0.0,0.0,0.0,0.0,0,0.0,,0.0,0.0,0,0.0,0.0,,0.0,-0.98
2000,CL,読売ジャイアンツ,51453882,B.ガルベス,B.Galvez,6.0,11.0,11.0,0.0,1.0,1.0,0.0,0.0,2.0,1.0,0.0,0,0.0,0.0,0.0,0,0.0,6.0,0.0,0.091,0.091,0.182,0.273,0.0,0.091,0.0,0.182,0.0,54.54545454545454,0.0,0.2,0.08645,151.66666666666669,0.09090909090909091,0.2,0.091,1.0,0.0,1.0,6.0,11.0,11.0,0.0,1.0,0.0,0.0,0.091,0.182,0.0,0,0.0,,2.0,0.0,0,0.0,0.0,,0.18181818181818182,-0.26
2000,CL,横浜DeNAベイスターズ,51453886,宮内　洋,H.Miyauchi,9.0,9.0,9.0,0.0,1.0,0.0,0.0,0.0,1.0,0.0,0.0,0,0.0,0.0,0.0,0,0.0,5.0,0.0,0.111,0.111,0.111,0.222,1.0,0.0,0.0,0.111,0.0,55.55555555555556,0.0,0.25,0.0777,148.0,0.0,0.125,0.111,1.0,0.0,0.0,9.0,9.0,9.0,1.0,0.0,0.0,0.0,0.111,0.111,0.0,0,0.0,,1.0,0.0,0,0.0,0.0,,0.1111111111111111,-0.28400000000000003
2000,CL,読売ジャイアンツ,51553865,工藤　公康,K.Kudou,21.0,49.0,44.0,2.0,1.0,0.0,0.0,0.0,1.0,1.0,0.0,0,4.0,0.0,1.0,0,0.0,30.0,1.0,0.023,0.044,0.023,0.067,1.0,0.0,0.020999999999999998,0.044,2.0408163265306123,61.224489795918366,0.03333333333333333,0.07142857142857142,0.025549999999999996,51.666666666666664,0.022727272727272728,0.045454545454545456,0.023,1.0,0.0,1.0,21.0,49.0,44.0,1.0,0.0,0.0,2.0,0.044,0.023,1.0,0,0.0,,1.0,0.0,0,4.0,0.0,,0.044444444444444446,-3.3840000000000003
2000,CL,阪神タイガース,51553881,葛西　稔,M.Kasai,43.0,5.0,3.0,0.0,0.0,0.0,0.0,0.0,0.0,0.0,0.0,0,2.0,0.0,0.0,0,0.0,2.0,0.0,0.0,0.0,0.0,0.0,0.0,0.0,0.0,0.0,0.0,40.0,0.0,0.0,0.0,0.0,0.0,0.0,0.0,0.0,0.0,0.0,43.0,5.0,3.0,0.0,0.0,0.0,0.0,0.0,0.0,0.0,0,0.0,,0.0,0.0,0,2.0,0.0,,0.0,-0.29400000000000004
2000,CL,東京ヤクルトスワローズ,51553883,高津　臣吾,S.Takatsu,35.0,0.0,0.0,0.0,0.0,0.0,0.0,0.0,0.0,0.0,0.0,0,0.0,0.0,0.0,0,0.0,0.0,0.0,,,,0.0,0.0,0.0,0.0,,nan,nan,nan,nan,0.0,0.0,nan,nan,,0.0,0.0,0.0,35.0,0.0,0.0,0.0,0.0,0.0,0.0,,,0.0,0,0.0,,0.0,0.0,0,0.0,0.0,,nan,0.0
2000,CL,横浜DeNAベイスターズ,51553884,川村　丈夫,T.Kawamura,27.0,51.0,40.0,3.0,4.0,0.0,0.0,0.0,4.0,2.0,0.0,0,10.0,0.0,1.0,0,0.0,17.0,2.0,0.1,0.122,0.1,0.222,4.0,0.0,0.021999999999999992,0.122,1.9607843137254901,33.33333333333333,0.058823529411764705,0.17391304347826086,0.0799,155.33333333333331,0.025,0.13157894736842105,0.1,4.0,0.0,2.0,27.0,51.0,40.0,4.0,0.0,0.0,3.0,0.122,0.1,1.0,0,0.0,,4.0,0.0,0,10.0,0.0,,0.4878048780487805,-1.198
2000,CL,中日ドラゴンズ,51553885,久慈　照嘉,T.Kuji,80.0,86.0,72.0,3.0,12.0,1.0,1.0,0.0,15.0,6.0,0.0,0,5.0,0.0,8.0,0,1.0,10.0,1.0,0.167,0.259,0.208,0.46699999999999997,10.0,0.04099999999999998,0.092,0.3,9.30232558139535,11.627906976744185,0.8,0.1935483870967742,0.16855,328.33333333333337,0.1527777777777778,0.39344262295081966,0.167,12.0,0.0,6.0,80.0,86.0,72.0,10.0,1.0,1.0,3.0,0.259,0.208,8.0,0,1.0,,15.0,0.0,0,5.0,0.0,,3.75,3.8500000000000005
2000,CL,広島東洋カープ,51553886,小林　幹英,K.Kobayashi,26.0,1.0,1.0,0.0,1.0,0.0,0.0,0.0,1.0,0.0,0.0,0,0.0,0.0,0.0,0,0.0,0.0,0.0,1.0,1.0,1.0,2.0,1.0,0.0,0.0,1.0,0.0,0.0,nan,1.0,0.7,1333.3333333333333,0.0,nan,1.0,1.0,0.0,0.0,26.0,1.0,1.0,1.0,0.0,0.0,0.0,1.0,1.0,0.0,0,0.0,,1.0,0.0,0,0.0,0.0,,1.0,0.5
2000,CL,中日ドラゴンズ,51653883,佐野　慈紀,S.Sano,11.0,0.0,0.0,0.0,0.0,0.0,0.0,0.0,0.0,0.0,0.0,0,0.0,0.0,0.0,0,0.0,0.0,0.0,,,,0.0,0.0,0.0,0.0,,nan,nan,nan,nan,0.0,0.0,nan,nan,,0.0,0.0,0.0,11.0,0.0,0.0,0.0,0.0,0.0,0.0,,,0.0,0,0.0,,0.0,0.0,0,0.0,0.0,,nan,0.0
2000,CL,広島東洋カープ,51653888,E.ディアス,E.Diaz,88.0,284.0,264.0,25.0,67.0,7.0,0.0,8.0,98.0,31.0,4,0,2.0,1.0,16.0,0,1.0,30.0,3.0,0.254,0.298,0.371,0.669,52.0,0.11699999999999999,0.043999999999999984,0.415,5.633802816901409,10.56338028169014,0.5333333333333333,0.2599118942731278,0.22685,421.66666666666663,0.17803030303030304,0.575,0.254,67.0,8.0,31.0,88.0,284.0,264.0,52.0,7.0,0.0,25.0,0.298,0.371,16.0,0,1.0,,98.0,4,0,2.0,1.0,,29.05,28.864
2000,CL,広島東洋カープ,51753884,澤﨑　俊和,T.Sawazaki,18.0,20.0,16.0,2.0,5.0,2.0,0.0,0.0,7.0,5.0,0.0,0,3.0,0.0,1.0,0,0.0,3.0,0.0,0.312,0.353,0.438,0.7909999999999999,3.0,0.126,0.04099999999999998,0.479,5.0,15.0,0.3333333333333333,0.38461538461538464,0.26835,499.0,0.1875,0.7272727272727273,0.312,5.0,0.0,5.0,18.0,20.0,16.0,3.0,2.0,0.0,2.0,0.353,0.438,1.0,0,0.0,,7.0,0.0,0,3.0,0.0,,2.4705882352941178,2.192
2000,CL,阪神タイガース,51753889,高波　文一,F.Takanami,28.0,9.0,9.0,4.0,1.0,0.0,0.0,0.0,1.0,0.0,2.0,2,0.0,0.0,0.0,0,0.0,1.0,0.0,0.111,0.111,0.111,0.222,1.0,0.0,0.0,0.111,0.0,11.11111111111111,0.0,0.125,0.0777,148.0,0.2222222222222222,0.375,0.111,1.0,0.0,0.0,28.0,9.0,9.0,1.0,0.0,0.0,4.0,0.111,0.111,0.0,0,0.0,,1.0,2.0,2,0.0,0.0,,0.1111111111111111,0.07599999999999996
2000,CL,阪神タイガース,51855111,G.ハンセル,G.Hansell,20.0,40.0,35.0,1.0,5.0,1.0,0.0,0.0,6.0,6.0,0.0,0,2.0,0.0,3.0,0,0.0,13.0,0.0,0.143,0.211,0.171,0.382,4.0,0.028000000000000025,0.068,0.239,7.5,32.5,0.23076923076923078,0.22727272727272727,0.1377,268.0,0.11428571428571428,0.3,0.143,5.0,0.0,6.0,20.0,40.0,35.0,4.0,1.0,0.0,1.0,0.211,0.171,3.0,0,0.0,,6.0,0.0,0,2.0,0.0,,1.263157894736842,0.77
2000,CL,阪神タイガース,51953862,遠山　奬志,S.Tooyama,54.0,3.0,3.0,0.0,0.0,0.0,0.0,0.0,0.0,0.0,0.0,0,0.0,0.0,0.0,0,0.0,2.0,0.0,0.0,0.0,0.0,0.0,0.0,0.0,0.0,0.0,0.0,66.66666666666666,0.0,0.0,0.0,0.0,0.0,0.0,0.0,0.0,0.0,0.0,54.0,3.0,3.0,0.0,0.0,0.0,0.0,0.0,0.0,0.0,0,0.0,,0.0,0.0,0,0.0,0.0,,0.0,-0.29400000000000004
2000,CL,読売ジャイアンツ,51953886,高橋　由伸,Y.Takahashi,135.0,577.0,519.0,89.0,150.0,29.0,1.0,27.0,262.0,74.0,5,3,3.0,3.0,46.0,0,6.0,87.0,11.0,0.289,0.352,0.505,0.857,93.0,0.21600000000000003,0.063,0.5680000000000001,7.9722703639514725,15.077989601386482,0.5287356321839081,0.3014705882352941,0.28464999999999996,520.3333333333333,0.31021194605009633,0.8342105263157895,0.289,150.0,27.0,74.0,135.0,577.0,519.0,93.0,29.0,1.0,89.0,0.352,0.505,46.0,0,6.0,,262.0,5,3,3.0,3.0,,90.88849557522124,88.838
2000,CL,横浜DeNAベイスターズ,51953889,波留　敏夫,T.Haru,60.0,237.0,219.0,30.0,66.0,14.0,0.0,8.0,104.0,17.0,3,4,1.0,1.0,13.0,0,3.0,31.0,10.0,0.301,0.347,0.475,0.822,44.0,0.174,0.045999999999999985,0.5209999999999999,5.485232067510549,13.080168776371309,0.41935483870967744,0.32044198895027626,0.2749,505.3333333333333,0.2511415525114155,0.7607361963190185,0.301,66.0,8.0,17.0,60.0,237.0,219.0,44.0,14.0,0.0,30.0,0.347,0.475,13.0,0,3.0,,104.0,3,4,1.0,1.0,,35.41379310344828,34.605999999999995
2000,CL,阪神タイガース,53155111,R.ラミレズ,R.Ramirez,9.0,9.0,8.0,0.0,0.0,0.0,0.0,0.0,0.0,0.0,0.0,0,1.0,0.0,0.0,0,0.0,2.0,0.0,0.0,0.0,0.0,0.0,0.0,0.0,0.0,0.0,0.0,22.22222222222222,0.0,0.0,0.0,0.0,0.0,0.0,0.0,0.0,0.0,0.0,9.0,9.0,8.0,0.0,0.0,0.0,0.0,0.0,0.0,0.0,0,0.0,,0.0,0.0,0,1.0,0.0,,0.0,-0.784
2000,CL,読売ジャイアンツ,53253868,江藤　智,A.Etou,127.0,528.0,457.0,84.0,117.0,17.0,1.0,32.0,232.0,91.0,7,1,4.0,6.0,58.0,0,3.0,92.0,4.0,0.256,0.34,0.508,0.8480000000000001,67.0,0.252,0.08400000000000002,0.5920000000000001,10.984848484848484,17.424242424242426,0.6304347826086957,0.25073746312684364,0.28,509.3333333333334,0.38074398249452956,0.8546511627906976,0.256,117.0,32.0,91.0,127.0,528.0,457.0,67.0,17.0,1.0,84.0,0.34,0.508,58.0,0,3.0,,232.0,7,1,4.0,6.0,,78.83495145631068,79.85000000000002
2000,CL,阪神タイガース,53355111,J.ハートキー,J.Hardtke,76.0,323.0,302.0,31.0,82.0,16.0,2.0,4.0,114.0,27.0,0,2,3.0,1.0,16.0,0,1.0,55.0,12.0,0.272,0.309,0.377,0.6859999999999999,60.0,0.10499999999999998,0.03699999999999998,0.414,4.953560371517028,17.027863777089784,0.2909090909090909,0.319672131147541,0.2333,434.66666666666663,0.16556291390728478,0.5732758620689655,0.272,82.0,4.0,27.0,76.0,323.0,302.0,60.0,16.0,2.0,31.0,0.309,0.377,16.0,0,1.0,,114.0,0,2,3.0,1.0,,35.132075471698116,33.76999999999999
2000,CL,横浜DeNAベイスターズ,55953868,井上　純,J.Inoue,61.0,67.0,62.0,9.0,15.0,1.0,0.0,0.0,16.0,4.0,3,0,0.0,1.0,4.0,0,0.0,25.0,0.0,0.242,0.284,0.258,0.542,14.0,0.016000000000000014,0.04199999999999998,0.3,5.970149253731343,37.3134328358209,0.16,0.39473684210526316,0.1923,370.0,0.08064516129032258,0.425531914893617,0.242,15.0,0.0,4.0,61.0,67.0,62.0,14.0,1.0,0.0,9.0,0.284,0.258,4.0,0,0.0,,16.0,3,0,0.0,1.0,,4.606060606060606,4.433999999999999
2000,CL,読売ジャイアンツ,61063885,永池　恭男,Y.Nagaike,11.0,4.0,4.0,2.0,2.0,0.0,0.0,1.0,5.0,1.0,0.0,0,0.0,0.0,0.0,0,0.0,0.0,0.0,0.5,0.5,1.25,1.75,1.0,0.75,0.0,1.25,0.0,0.0,nan,0.3333333333333333,0.5375,916.6666666666667,0.75,2.5,0.5,2.0,1.0,1.0,11.0,4.0,4.0,1.0,0.0,0.0,2.0,0.5,1.25,0.0,0,0.0,,5.0,0.0,0,0.0,0.0,,2.5,1.744
2000,CL,東京ヤクルトスワローズ,61063888,本郷　宏樹,H.Hongou,4.0,4.0,4.0,0.0,1.0,0.0,0.0,0.0,1.0,0.0,0.0,0,0.0,0.0,0.0,0,0.0,0.0,0.0,0.25,0.25,0.25,0.5,1.0,0.0,0.0,0.25,0.0,0.0,nan,0.25,0.175,333.3333333333333,0.0,0.3333333333333333,0.25,1.0,0.0,0.0,4.0,4.0,4.0,1.0,0.0,0.0,0.0,0.25,0.25,0.0,0,0.0,,1.0,0.0,0,0.0,0.0,,0.25,0.20599999999999996
2000,CL,東京ヤクルトスワローズ,61063889,山部　太,F.Yamabe,12.0,11.0,9.0,0.0,2.0,0.0,0.0,0.0,2.0,1.0,0.0,0,2.0,0.0,0.0,0,0.0,5.0,0.0,0.222,0.222,0.222,0.444,2.0,0.0,0.0,0.222,0.0,45.45454545454545,0.0,0.5,0.1554,296.0,0.0,0.2857142857142857,0.222,2.0,0.0,1.0,12.0,11.0,9.0,2.0,0.0,0.0,0.0,0.222,0.222,0.0,0,0.0,,2.0,0.0,0,2.0,0.0,,0.4444444444444444,0.31399999999999995
2000,CL,東京ヤクルトスワローズ,61065111,本間　忠,T.Honma,29.0,5.0,5.0,0.0,1.0,0.0,0.0,0.0,1.0,1.0,0.0,0,0.0,0.0,0.0,0,0.0,3.0,0.0,0.2,0.2,0.2,0.4,1.0,0.0,0.0,0.2,0.0,60.0,0.0,0.5,0.14,266.6666666666667,0.0,0.25,0.2,1.0,0.0,1.0,29.0,5.0,5.0,1.0,0.0,0.0,0.0,0.2,0.2,0.0,0,0.0,,1.0,0.0,0,0.0,0.0,,0.2,0.10799999999999998
2000,CL,中日ドラゴンズ,61163881,井上　一樹,K.Inoue,116.0,351.0,324.0,38.0,91.0,20.0,2.0,11.0,148.0,41.0,0,6,0.0,2.0,25.0,0,0.0,79.0,8.0,0.281,0.33,0.457,0.787,58.0,0.176,0.04899999999999999,0.506,7.122507122507122,22.507122507122507,0.31645569620253167,0.3389830508474576,0.26275000000000004,482.33333333333337,0.2716049382716049,0.7427385892116183,0.281,91.0,11.0,41.0,116.0,351.0,324.0,58.0,20.0,2.0,38.0,0.33,0.457,25.0,0,0.0,,148.0,0,6,0.0,2.0,,49.191977077363894,47.81599999999999
2000,CL,阪神タイガース,61163884,今岡　誠,M.Imaoka,40.0,124.0,113.0,8.0,24.0,5.0,0.0,1.0,32.0,2.0,0,2,4.0,0.0,7.0,0,0.0,19.0,9.0,0.212,0.258,0.283,0.5409999999999999,18.0,0.07099999999999998,0.04600000000000001,0.3289999999999999,5.64516129032258,15.32258064516129,0.3684210526315789,0.24731182795698925,0.18685000000000002,352.3333333333333,0.1504424778761062,0.41836734693877553,0.212,24.0,1.0,2.0,40.0,124.0,113.0,18.0,5.0,0.0,8.0,0.258,0.283,7.0,0,0.0,,32.0,0,2,4.0,0.0,,8.266666666666667,7.987999999999998
2000,CL,広島東洋カープ,61263882,L.ロペス,L.Lopez,93.0,377.0,351.0,43.0,110.0,10.0,0.0,20.0,180.0,88.0,0.0,0,0.0,6.0,16.0,0,4.0,37.0,12.0,0.313,0.345,0.513,0.858,80.0,0.2,0.03199999999999997,0.5449999999999999,4.244031830238726,9.814323607427056,0.43243243243243246,0.3,0.2835,516.0,0.245014245014245,0.7905138339920948,0.313,110.0,20.0,88.0,93.0,377.0,351.0,80.0,10.0,0.0,43.0,0.345,0.513,16.0,0,4.0,,180.0,0.0,0,0.0,6.0,,61.798365122615806,58.98199999999999
2000,CL,中日ドラゴンズ,61263888,矢口　哲朗,T.Yaguchi,2.0,3.0,2.0,1.0,1.0,0.0,0.0,0.0,1.0,0.0,0.0,0,1.0,0.0,0.0,0,0.0,0.0,0.0,0.5,0.5,0.5,1.0,1.0,0.0,0.0,0.5,0.0,0.0,nan,0.5,0.35,666.6666666666666,0.0,1.0,0.5,1.0,0.0,0.0,2.0,3.0,2.0,1.0,0.0,0.0,1.0,0.5,0.5,0.0,0,0.0,,1.0,0.0,0,1.0,0.0,,0.5,0.402
2000,CL,東京ヤクルトスワローズ,61363884,小野　公誠,K.Ono,9.0,9.0,9.0,0.0,1.0,0.0,0.0,0.0,1.0,1.0,0.0,0,0.0,0.0,0.0,0,0.0,4.0,0.0,0.111,0.111,0.111,0.222,1.0,0.0,0.0,0.111,0.0,44.44444444444444,0.0,0.2,0.0777,148.0,0.0,0.125,0.111,1.0,0.0,1.0,9.0,9.0,9.0,1.0,0.0,0.0,0.0,0.111,0.111,0.0,0,0.0,,1.0,0.0,0,0.0,0.0,,0.1111111111111111,-0.28400000000000003
2000,CL,読売ジャイアンツ,61363887,木村　龍治,R.Kimura,54.0,2.0,1.0,0.0,0.0,0.0,0.0,0.0,0.0,0.0,0.0,0,1.0,0.0,0.0,0,0.0,1.0,0.0,0.0,0.0,0.0,0.0,0.0,0.0,0.0,0.0,0.0,50.0,0.0,nan,0.0,0.0,0.0,0.0,0.0,0.0,0.0,0.0,54.0,2.0,1.0,0.0,0.0,0.0,0.0,0.0,0.0,0.0,0,0.0,,0.0,0.0,0,1.0,0.0,,0.0,-0.098
2000,CL,横浜DeNAベイスターズ,61365111,木塚　敦志,A.Kizuka,46.0,3.0,3.0,0.0,0.0,0.0,0.0,0.0,0.0,0.0,0.0,0,0.0,0.0,0.0,0,0.0,3.0,0.0,0.0,0.0,0.0,0.0,0.0,0.0,0.0,0.0,0.0,100.0,0.0,nan,0.0,0.0,0.0,0.0,0.0,0.0,0.0,0.0,46.0,3.0,3.0,0.0,0.0,0.0,0.0,0.0,0.0,0.0,0,0.0,,0.0,0.0,0,0.0,0.0,,0.0,-0.29400000000000004
2000,CL,横浜DeNAベイスターズ,61563867,駒田　徳広,N.Komada,85.0,326.0,306.0,25.0,79.0,14.0,0.0,4.0,105.0,34.0,2,0,0.0,1.0,18.0,0,1.0,57.0,11.0,0.258,0.301,0.343,0.644,61.0,0.08500000000000002,0.04299999999999998,0.386,5.521472392638037,17.484662576687114,0.3157894736842105,0.3048780487804878,0.2212,415.3333333333333,0.1437908496732026,0.5210084033613446,0.258,79.0,4.0,34.0,85.0,326.0,306.0,61.0,14.0,0.0,25.0,0.301,0.343,18.0,0,1.0,,105.0,2,0,0.0,1.0,,31.435185185185187,30.363999999999997
2000,CL,阪神タイガース,61563868,大豊　泰昭,Y.Taihou,97.0,337.0,303.0,38.0,73.0,9.0,2.0,23.0,155.0,54.0,4,1,0.0,3.0,26.0,0,5.0,93.0,2.0,0.241,0.309,0.512,0.821,39.0,0.271,0.068,0.5800000000000001,7.71513353115727,27.596439169139465,0.27956989247311825,0.2631578947368421,0.26705,479.6666666666667,0.35973597359735976,0.8060344827586207,0.241,73.0,23.0,54.0,97.0,337.0,303.0,39.0,9.0,2.0,38.0,0.309,0.512,26.0,0,5.0,,155.0,4,1,0.0,3.0,,46.641337386018236,49.050000000000004
2000,CL,広島東洋カープ,61563880,嶋　重宣,S.Shima,41.0,54.0,52.0,6.0,13.0,4.0,0.0,0.0,17.0,7.0,1,0,0.0,0.0,2.0,0,0.0,13.0,0.0,0.25,0.278,0.327,0.605,9.0,0.07700000000000001,0.028000000000000025,0.355,3.7037037037037033,24.074074074074073,0.15384615384615385,0.3333333333333333,0.20685000000000003,387.0,0.11538461538461539,0.48717948717948717,0.25,13.0,0.0,7.0,41.0,54.0,52.0,9.0,4.0,0.0,6.0,0.278,0.327,2.0,0,0.0,,17.0,1,0,0.0,0.0,,4.722222222222222,4.217999999999999
2000,CL,横浜DeNAベイスターズ,61563882,関口　伊織,I.Sekiguchi,3.0,0.0,0.0,0.0,0.0,0.0,0.0,0.0,0.0,0.0,0.0,0,0.0,0.0,0.0,0,0.0,0.0,0.0,,,,0.0,0.0,0.0,0.0,,nan,nan,nan,nan,0.0,0.0,nan,nan,,0.0,0.0,0.0,3.0,0.0,0.0,0.0,0.0,0.0,0.0,,,0.0,0,0.0,,0.0,0.0,0,0.0,0.0,,nan,0.0
2000,CL,横浜DeNAベイスターズ,61563885,斎藤　隆,T.Saitou,19.0,42.0,39.0,1.0,5.0,1.0,0.0,0.0,6.0,1.0,0.0,0,1.0,0.0,2.0,0,0.0,23.0,0.0,0.128,0.171,0.154,0.325,4.0,0.025999999999999995,0.04300000000000001,0.197,4.761904761904762,54.761904761904766,0.08695652173913043,0.3125,0.11545,222.33333333333334,0.07692307692307693,0.23529411764705882,0.128,5.0,0.0,1.0,19.0,42.0,39.0,4.0,1.0,0.0,1.0,0.171,0.154,2.0,0,0.0,,6.0,0.0,0,1.0,0.0,,1.024390243902439,0.0479999999999996
2000,CL,東京ヤクルトスワローズ,61563887,佐藤　真一,S.Satou,70.0,253.0,230.0,30.0,52.0,11.0,0.0,8.0,87.0,19.0,4,0,1.0,2.0,18.0,0,2.0,33.0,8.0,0.226,0.286,0.378,0.6639999999999999,33.0,0.152,0.05999999999999997,0.4379999999999999,7.114624505928854,13.043478260869565,0.5454545454545454,0.23036649214659685,0.22319999999999998,412.0,0.23043478260869565,0.5752688172043011,0.226,52.0,8.0,19.0,70.0,253.0,230.0,33.0,11.0,0.0,30.0,0.286,0.378,18.0,0,2.0,,87.0,4,0,1.0,2.0,,24.556451612903224,25.096
2000,CL,横浜DeNAベイスターズ,61663887,R.ローズ,R.Rose,135.0,589.0,506.0,71.0,168.0,31.0,5.0,21.0,272.0,97.0,1.0,1,0.0,4.0,73.0,0,6.0,59.0,16.0,0.332,0.419,0.538,0.9570000000000001,111.0,0.20600000000000002,0.08699999999999997,0.625,12.39388794567063,10.0169779286927,1.2372881355932204,0.34186046511627904,0.32305,598.3333333333334,0.35177865612648224,0.9943502824858758,0.332,168.0,21.0,97.0,135.0,589.0,506.0,111.0,31.0,5.0,71.0,0.419,0.538,73.0,0,6.0,,272.0,1.0,1,0.0,4.0,,113.21588946459413,106.386
2000,CL,中日ドラゴンズ,61763864,中村　武志,T.Nakamura,126.0,417.0,356.0,26.0,87.0,10.0,0.0,4.0,109.0,34.0,2.0,2,16.0,1.0,43.0,0,1.0,68.0,12.0,0.244,0.327,0.306,0.633,73.0,0.062,0.08300000000000002,0.389,10.311750599520384,16.30695443645084,0.6323529411764706,0.2912280701754386,0.22365000000000002,429.0,0.18820224719101122,0.5516014234875445,0.244,87.0,4.0,34.0,126.0,417.0,356.0,73.0,10.0,0.0,26.0,0.327,0.306,43.0,0,1.0,,109.0,2.0,2,16.0,1.0,,35.51378446115288,37.978
2000,CL,読売ジャイアンツ,61763883,野村　貴仁,T.Nomura,24.0,0.0,0.0,0.0,0.0,0.0,0.0,0.0,0.0,0.0,0.0,0,0.0,0.0,0.0,0,0.0,0.0,0.0,,,,0.0,0.0,0.0,0.0,,nan,nan,nan,nan,0.0,0.0,nan,nan,,0.0,0.0,0.0,24.0,0.0,0.0,0.0,0.0,0.0,0.0,,,0.0,0,0.0,,0.0,0.0,0,0.0,0.0,,nan,0.0
2000,CL,広島東洋カープ,61863888,E.レイノソ,E.Reynoso,2.0,0.0,0.0,0.0,0.0,0.0,0.0,0.0,0.0,0.0,0.0,0,0.0,0.0,0.0,0,0.0,0.0,0.0,,,,0.0,0.0,0.0,0.0,,nan,nan,nan,nan,0.0,0.0,nan,nan,,0.0,0.0,0.0,2.0,0.0,0.0,0.0,0.0,0.0,0.0,,,0.0,0,0.0,,0.0,0.0,0,0.0,0.0,,nan,0.0
2000,CL,中日ドラゴンズ,61963882,日笠　雅人,M.Higasa,2.0,0.0,0.0,0.0,0.0,0.0,0.0,0.0,0.0,0.0,0.0,0,0.0,0.0,0.0,0,0.0,0.0,0.0,,,,0.0,0.0,0.0,0.0,,nan,nan,nan,nan,0.0,0.0,nan,nan,,0.0,0.0,0.0,2.0,0.0,0.0,0.0,0.0,0.0,0.0,,,0.0,0,0.0,,0.0,0.0,0,0.0,0.0,,nan,0.0
2000,CL,中日ドラゴンズ,61963888,福留　孝介,K.Fukudome,97.0,368.0,316.0,50.0,80.0,18.0,2.0,13.0,141.0,42.0,8,5,2.0,2.0,45.0,0,3.0,79.0,5.0,0.253,0.35,0.446,0.796,47.0,0.193,0.09699999999999998,0.5429999999999999,12.228260869565217,21.467391304347828,0.569620253164557,0.29646017699115046,0.269,498.66666666666663,0.3512658227848101,0.8049792531120332,0.253,80.0,13.0,42.0,97.0,368.0,316.0,47.0,18.0,2.0,50.0,0.35,0.446,45.0,0,3.0,,141.0,8,5,2.0,2.0,,48.822714681440445,50.872
2000,CL,阪神タイガース,63163868,中込　伸,S.Nakagomi,26.0,13.0,11.0,0.0,1.0,0.0,0.0,0.0,1.0,1.0,0.0,0,2.0,0.0,0.0,0,0.0,4.0,0.0,0.091,0.091,0.091,0.182,1.0,0.0,0.0,0.091,0.0,30.76923076923077,0.0,0.14285714285714285,0.0637,121.33333333333333,0.0,0.1,0.091,1.0,0.0,1.0,26.0,13.0,11.0,1.0,0.0,0.0,0.0,0.091,0.091,0.0,0,0.0,,1.0,0.0,0,2.0,0.0,,0.09090909090909091,-0.48
2000,CL,中日ドラゴンズ,63463868,前田　幸長,Y.Maeda,41.0,25.0,20.0,1.0,3.0,0.0,0.0,0.0,3.0,1.0,0.0,0,4.0,0.0,0.0,0,1.0,8.0,1.0,0.15,0.19,0.15,0.33999999999999997,3.0,0.0,0.04000000000000001,0.19,0.0,32.0,0.0,0.25,0.123,240.0,0.0,0.2222222222222222,0.15,3.0,0.0,1.0,41.0,25.0,20.0,3.0,0.0,0.0,1.0,0.19,0.15,0.0,0,1.0,,3.0,0.0,0,4.0,0.0,,0.45,0.16399999999999992
2000,CL,横浜DeNAベイスターズ,65163868,秋元　宏作,K.Akimoto,1.0,1.0,1.0,0.0,0.0,0.0,0.0,0.0,0.0,0.0,0.0,0,0.0,0.0,0.0,0,0.0,1.0,0.0,0.0,0.0,0.0,0.0,0.0,0.0,0.0,0.0,0.0,100.0,0.0,nan,0.0,0.0,0.0,0.0,0.0,0.0,0.0,0.0,1.0,1.0,1.0,0.0,0.0,0.0,0.0,0.0,0.0,0.0,0,0.0,,0.0,0.0,0,0.0,0.0,,0.0,-0.098
2000,CL,横浜DeNAベイスターズ,65563868,石井　琢朗,T.Ishii,134.0,619.0,546.0,91.0,165.0,19.0,5.0,10.0,224.0,50.0,35,11,5.0,3.0,61.0,0,4.0,83.0,5.0,0.302,0.375,0.41,0.7849999999999999,131.0,0.10799999999999998,0.07300000000000001,0.483,9.8546042003231,13.408723747980615,0.7349397590361446,0.3399122807017544,0.27125,511.66666666666674,0.23992673992673993,0.7772020725388601,0.302,165.0,10.0,50.0,134.0,619.0,546.0,131.0,19.0,5.0,91.0,0.375,0.41,61.0,0,4.0,,224.0,35,11,5.0,3.0,,83.4003294892916,84.87200000000001
2000,CL,中日ドラゴンズ,71073882,藤井　優志,M.Fujii,1.0,1.0,1.0,0.0,0.0,0.0,0.0,0.0,0.0,0.0,0.0,0,0.0,0.0,0.0,0,0.0,0.0,0.0,0.0,0.0,0.0,0.0,0.0,0.0,0.0,0.0,0.0,0.0,nan,0.0,0.0,0.0,0.0,0.0,0.0,0.0,0.0,0.0,1.0,1.0,1.0,0.0,0.0,0.0,0.0,0.0,0.0,0.0,0,0.0,,0.0,0.0,0,0.0,0.0,,0.0,-0.098
2000,CL,中日ドラゴンズ,71073887,野口　茂樹,S.Noguchi,34.0,60.0,53.0,2.0,8.0,0.0,0.0,0.0,8.0,2.0,0.0,0,7.0,0.0,0.0,0,0.0,15.0,1.0,0.151,0.151,0.151,0.302,8.0,0.0,0.0,0.151,0.0,25.0,0.0,0.21052631578947367,0.10569999999999999,201.33333333333334,0.0,0.17391304347826086,0.151,8.0,0.0,2.0,34.0,60.0,53.0,8.0,0.0,0.0,2.0,0.151,0.151,0.0,0,0.0,,8.0,0.0,0,7.0,0.0,,1.2075471698113207,-0.41000000000000014
2000,CL,阪神タイガース,71073888,藤川　球児,K.Fujikawa,19.0,0.0,0.0,0.0,0.0,0.0,0.0,0.0,0.0,0.0,0.0,0,0.0,0.0,0.0,0,0.0,0.0,0.0,,,,0.0,0.0,0.0,0.0,,nan,nan,nan,nan,0.0,0.0,nan,nan,,0.0,0.0,0.0,19.0,0.0,0.0,0.0,0.0,0.0,0.0,,,0.0,0,0.0,,0.0,0.0,0,0.0,0.0,,nan,0.0
2000,CL,中日ドラゴンズ,71075111,福沢　卓宏,T.Fukuzawa,4.0,0.0,0.0,0.0,0.0,0.0,0.0,0.0,0.0,0.0,0.0,0,0.0,0.0,0.0,0,0.0,0.0,0.0,,,,0.0,0.0,0.0,0.0,,nan,nan,nan,nan,0.0,0.0,nan,nan,,0.0,0.0,0.0,4.0,0.0,0.0,0.0,0.0,0.0,0.0,,,0.0,0,0.0,,0.0,0.0,0,0.0,0.0,,nan,0.0
2000,CL,中日ドラゴンズ,71173882,荒木　雅博,M.Araki,40.0,12.0,10.0,11.0,2.0,0.0,0.0,0.0,2.0,3.0,3,0,0.0,2.0,0.0,0,0.0,4.0,0.0,0.2,0.167,0.2,0.367,2.0,0.0,-0.033,0.167,0.0,33.33333333333333,0.0,0.25,0.12515,233.66666666666669,0.0,0.25,0.2,2.0,0.0,3.0,40.0,12.0,10.0,2.0,0.0,0.0,11.0,0.167,0.2,0.0,0,0.0,,2.0,3,0,0.0,2.0,,0.4,0.21599999999999997
2000,CL,中日ドラゴンズ,71173883,吉原　孝介,K.Yoshihara,17.0,23.0,21.0,5.0,7.0,2.0,0.0,0.0,9.0,0.0,0.0,0,0.0,0.0,2.0,0,0.0,6.0,0.0,0.333,0.391,0.429,0.8200000000000001,5.0,0.09599999999999997,0.057999999999999996,0.487,8.695652173913043,26.08695652173913,0.3333333333333333,0.4666666666666667,0.2832,534.0,0.19047619047619047,0.7857142857142857,0.333,7.0,0.0,0.0,17.0,23.0,21.0,5.0,2.0,0.0,5.0,0.391,0.429,2.0,0,0.0,,9.0,0.0,0,0.0,0.0,,3.5217391304347827,3.2279999999999998
2000,CL,横浜DeNAベイスターズ,71173887,五十嵐　英樹,H.Igarashi,5.0,0.0,0.0,0.0,0.0,0.0,0.0,0.0,0.0,0.0,0.0,0,0.0,0.0,0.0,0,0.0,0.0,0.0,,,,0.0,0.0,0.0,0.0,,nan,nan,nan,nan,0.0,0.0,nan,nan,,0.0,0.0,0.0,5.0,0.0,0.0,0.0,0.0,0.0,0.0,,,0.0,0,0.0,,0.0,0.0,0,0.0,0.0,,nan,0.0
2000,CL,阪神タイガース,71273860,広澤　克実,K.Hirosawa,48.0,125.0,115.0,10.0,25.0,1.0,0.0,5.0,41.0,16.0,1,0,0.0,0.0,10.0,0,0.0,37.0,2.0,0.217,0.28,0.357,0.637,19.0,0.13999999999999999,0.06300000000000003,0.42,8.0,29.599999999999998,0.2702702702702703,0.273972602739726,0.21525000000000002,399.0,0.22608695652173913,0.5543478260869565,0.217,25.0,5.0,16.0,48.0,125.0,115.0,19.0,1.0,0.0,10.0,0.28,0.357,10.0,0,0.0,,41.0,1,0,0.0,0.0,,11.48,11.900000000000002
2000,CL,広島東洋カープ,71273886,兵動　秀治,H.Hyoudou,1.0,2.0,2.0,0.0,0.0,0.0,0.0,0.0,0.0,0.0,0.0,0,0.0,0.0,0.0,0,0.0,0.0,0.0,0.0,0.0,0.0,0.0,0.0,0.0,0.0,0.0,0.0,0.0,nan,0.0,0.0,0.0,0.0,0.0,0.0,0.0,0.0,0.0,1.0,2.0,2.0,0.0,0.0,0.0,0.0,0.0,0.0,0.0,0,0.0,,0.0,0.0,0,0.0,0.0,,0.0,-0.196
2000,CL,東京ヤクルトスワローズ,71273887,松田　慎司,S.Matsuda,17.0,1.0,1.0,0.0,0.0,0.0,0.0,0.0,0.0,0.0,0.0,0,0.0,0.0,0.0,0,0.0,1.0,0.0,0.0,0.0,0.0,0.0,0.0,0.0,0.0,0.0,0.0,100.0,0.0,nan,0.0,0.0,0.0,0.0,0.0,0.0,0.0,0.0,17.0,1.0,1.0,0.0,0.0,0.0,0.0,0.0,0.0,0.0,0,0.0,,0.0,0.0,0,0.0,0.0,,0.0,-0.098
2000,CL,中日ドラゴンズ,71373885,落合　英二,E.Ochiai,21.0,0.0,0.0,0.0,0.0,0.0,0.0,0.0,0.0,0.0,0.0,0,0.0,0.0,0.0,0,0.0,0.0,0.0,,,,0.0,0.0,0.0,0.0,,nan,nan,nan,nan,0.0,0.0,nan,nan,,0.0,0.0,0.0,21.0,0.0,0.0,0.0,0.0,0.0,0.0,,,0.0,0,0.0,,0.0,0.0,0,0.0,0.0,,nan,0.0
2000,CL,読売ジャイアンツ,71573881,柏田　貴史,T.Kashiwada,50.0,4.0,4.0,0.0,0.0,0.0,0.0,0.0,0.0,0.0,0.0,0,0.0,0.0,0.0,0,0.0,2.0,0.0,0.0,0.0,0.0,0.0,0.0,0.0,0.0,0.0,0.0,50.0,0.0,0.0,0.0,0.0,0.0,0.0,0.0,0.0,0.0,0.0,50.0,4.0,4.0,0.0,0.0,0.0,0.0,0.0,0.0,0.0,0,0.0,,0.0,0.0,0,0.0,0.0,,0.0,-0.392
2000,CL,横浜DeNAベイスターズ,71573884,神田　大介,D.Kanda,13.0,4.0,4.0,0.0,0.0,0.0,0.0,0.0,0.0,0.0,0.0,0,0.0,0.0,0.0,0,0.0,3.0,0.0,0.0,0.0,0.0,0.0,0.0,0.0,0.0,0.0,0.0,75.0,0.0,0.0,0.0,0.0,0.0,0.0,0.0,0.0,0.0,0.0,13.0,4.0,4.0,0.0,0.0,0.0,0.0,0.0,0.0,0.0,0,0.0,,0.0,0.0,0,0.0,0.0,,0.0,-0.392
2000,CL,中日ドラゴンズ,71573887,小池　秀郎,H.Koike,15.0,22.0,18.0,1.0,3.0,0.0,0.0,0.0,3.0,1.0,0.0,0,4.0,0.0,0.0,0,0.0,11.0,0.0,0.167,0.167,0.167,0.334,3.0,0.0,0.0,0.167,0.0,50.0,0.0,0.42857142857142855,0.1169,222.66666666666669,0.0,0.2,0.167,3.0,0.0,1.0,15.0,22.0,18.0,3.0,0.0,0.0,1.0,0.167,0.167,0.0,0,0.0,,3.0,0.0,0,4.0,0.0,,0.5,0.030000000000000027
2000,CL,中日ドラゴンズ,71675111,D.カールソン,D.Carlson,2.0,0.0,0.0,0.0,0.0,0.0,0.0,0.0,0.0,0.0,0.0,0,0.0,0.0,0.0,0,0.0,0.0,0.0,,,,0.0,0.0,0.0,0.0,,nan,nan,nan,nan,0.0,0.0,nan,nan,,0.0,0.0,0.0,2.0,0.0,0.0,0.0,0.0,0.0,0.0,,,0.0,0,0.0,,0.0,0.0,0,0.0,0.0,,nan,0.0
2000,CL,東京ヤクルトスワローズ,71773864,土橋　勝征,K.Dobashi,115.0,421.0,365.0,34.0,82.0,17.0,0.0,1.0,102.0,27.0,2.0,2,29.0,0.0,25.0,0,2.0,58.0,6.0,0.225,0.278,0.279,0.557,64.0,0.05400000000000002,0.05300000000000002,0.3320000000000001,5.938242280285035,13.77672209026128,0.43103448275862066,0.2647058823529412,0.19485000000000002,371.00000000000006,0.12876712328767123,0.4532871972318339,0.225,82.0,1.0,27.0,115.0,421.0,365.0,64.0,17.0,0.0,34.0,0.278,0.279,25.0,0,2.0,,102.0,2.0,2,29.0,0.0,,27.984615384615385,27.216
2000,CL,広島東洋カープ,71773880,高橋　建,K.Takahashi,50.0,28.0,27.0,0.0,5.0,0.0,0.0,0.0,5.0,0.0,0.0,0,0.0,0.0,1.0,0,0.0,12.0,0.0,0.185,0.214,0.185,0.399,5.0,0.0,0.028999999999999998,0.214,3.571428571428571,42.857142857142854,0.08333333333333333,0.3333333333333333,0.14255,275.6666666666667,0.037037037037037035,0.2727272727272727,0.185,5.0,0.0,0.0,50.0,28.0,27.0,5.0,0.0,0.0,0.0,0.214,0.185,1.0,0,0.0,,5.0,0.0,0,0.0,0.0,,1.0714285714285714,0.6739999999999999
2000,CL,阪神タイガース,71773883,山﨑　一玄,K.Yamazaki,17.0,2.0,1.0,0.0,0.0,0.0,0.0,0.0,0.0,0.0,0.0,0,1.0,0.0,0.0,0,0.0,0.0,0.0,0.0,0.0,0.0,0.0,0.0,0.0,0.0,0.0,0.0,0.0,nan,0.0,0.0,0.0,0.0,0.0,0.0,0.0,0.0,0.0,17.0,2.0,1.0,0.0,0.0,0.0,0.0,0.0,0.0,0.0,0,0.0,,0.0,0.0,0,1.0,0.0,,0.0,-0.098
2000,CL,中日ドラゴンズ,71773887,神野　純一,J.Jinno,66.0,102.0,93.0,11.0,20.0,4.0,0.0,2.0,30.0,9.0,0,1,3.0,0.0,5.0,0,1.0,23.0,1.0,0.215,0.263,0.323,0.5860000000000001,14.0,0.10800000000000001,0.048000000000000015,0.371,4.901960784313726,22.54901960784314,0.21739130434782608,0.2647058823529412,0.1991,370.6666666666667,0.17204301075268819,0.5,0.215,20.0,2.0,9.0,66.0,102.0,93.0,14.0,4.0,0.0,11.0,0.263,0.323,5.0,0,1.0,,30.0,0,1,3.0,0.0,,7.653061224489796,7.765999999999998
2000,CL,中日ドラゴンズ,71875111,M.バンチ,M.Bunch,27.0,69.0,61.0,2.0,8.0,0.0,0.0,0.0,8.0,2.0,0.0,0,8.0,0.0,0.0,0,0.0,23.0,1.0,0.131,0.131,0.131,0.262,8.0,0.0,0.0,0.131,0.0,33.33333333333333,0.0,0.21052631578947367,0.0917,174.66666666666666,0.0,0.14814814814814814,0.131,8.0,0.0,2.0,27.0,69.0,61.0,8.0,0.0,0.0,2.0,0.131,0.131,0.0,0,0.0,,8.0,0.0,0,8.0,0.0,,1.0491803278688525,-1.194
2000,CL,広島東洋カープ,71973882,長谷川　昌幸,M.Hasegawa,10.0,4.0,4.0,0.0,0.0,0.0,0.0,0.0,0.0,0.0,0.0,0,0.0,0.0,0.0,0,0.0,2.0,0.0,0.0,0.0,0.0,0.0,0.0,0.0,0.0,0.0,0.0,50.0,0.0,0.0,0.0,0.0,0.0,0.0,0.0,0.0,0.0,0.0,10.0,4.0,4.0,0.0,0.0,0.0,0.0,0.0,0.0,0.0,0,0.0,,0.0,0.0,0,0.0,0.0,,0.0,-0.392
2000,CL,東京ヤクルトスワローズ,73175111,D.レモン,D.Lemon,32.0,28.0,24.0,1.0,2.0,2.0,0.0,0.0,4.0,3.0,0.0,0,4.0,0.0,0.0,0,0.0,13.0,1.0,0.083,0.083,0.167,0.25,0.0,0.084,0.0,0.167,0.0,46.42857142857143,0.0,0.18181818181818182,0.0791,138.66666666666666,0.08333333333333333,0.17391304347826086,0.083,2.0,0.0,3.0,32.0,28.0,24.0,0.0,2.0,0.0,1.0,0.083,0.167,0.0,0,0.0,,4.0,0.0,0,4.0,0.0,,0.3333333333333333,-0.7160000000000002
2000,CL,中日ドラゴンズ,73373881,種田　仁,H.Taneda,102.0,295.0,264.0,30.0,83.0,14.0,3.0,7.0,124.0,31.0,4.0,4,3.0,2.0,25.0,0,1.0,30.0,5.0,0.314,0.373,0.47,0.843,59.0,0.15599999999999997,0.059,0.5289999999999999,8.47457627118644,10.16949152542373,0.8333333333333334,0.3318777292576419,0.28535,529.6666666666666,0.26515151515151514,0.8279569892473119,0.314,83.0,7.0,31.0,102.0,295.0,264.0,59.0,14.0,3.0,30.0,0.373,0.47,25.0,0,1.0,,124.0,4.0,4,3.0,2.0,,46.339100346020764,44.34199999999999
2000,CL,阪神タイガース,73573868,星野　おさむ,O.Hoshino,37.0,57.0,51.0,8.0,11.0,0.0,0.0,1.0,14.0,3.0,1,0,0.0,1.0,4.0,0,1.0,13.0,0.0,0.216,0.281,0.275,0.556,10.0,0.059000000000000025,0.06500000000000003,0.3400000000000001,7.017543859649122,22.807017543859647,0.3076923076923077,0.2631578947368421,0.1952,372.6666666666667,0.13725490196078433,0.475,0.216,11.0,1.0,3.0,37.0,57.0,51.0,10.0,0.0,0.0,8.0,0.281,0.275,4.0,0,1.0,,14.0,1,0,0.0,1.0,,3.8181818181818183,4.17
2000,CL,東京ヤクルトスワローズ,81083882,三木　肇,H.Miki,16.0,13.0,11.0,1.0,2.0,0.0,0.0,0.0,2.0,0.0,0.0,0,2.0,0.0,0.0,0,0.0,3.0,0.0,0.182,0.182,0.182,0.364,2.0,0.0,0.0,0.182,0.0,23.076923076923077,0.0,0.25,0.1274,242.66666666666666,0.0,0.2222222222222222,0.182,2.0,0.0,0.0,16.0,13.0,11.0,2.0,0.0,0.0,1.0,0.182,0.182,0.0,0,0.0,,2.0,0.0,0,2.0,0.0,,0.36363636363636365,0.118
2000,CL,東京ヤクルトスワローズ,81183869,池山　隆寛,T.Ikeyama,67.0,175.0,157.0,21.0,36.0,3.0,0.0,9.0,66.0,21.0,3,0,2.0,0.0,16.0,0,0.0,43.0,1.0,0.229,0.301,0.42,0.721,24.0,0.19099999999999998,0.07199999999999998,0.492,9.142857142857142,24.571428571428573,0.37209302325581395,0.2571428571428571,0.24045,440.99999999999994,0.2929936305732484,0.6721311475409836,0.229,36.0,9.0,21.0,67.0,175.0,157.0,24.0,3.0,0.0,21.0,0.301,0.42,16.0,0,0.0,,66.0,3,0,2.0,0.0,,19.838150289017342,20.541999999999998
2000,CL,読売ジャイアンツ,81183884,入来　祐作,Y.Iriki,7.0,4.0,0.0,0.0,0.0,0.0,0.0,0.0,0.0,0.0,0.0,0,3.0,0.0,1.0,0,0.0,0.0,0.0,,1.0,,1.0,0.0,0.0,1.0,,25.0,0.0,nan,nan,0.45,1000.0,nan,nan,,0.0,0.0,0.0,7.0,4.0,0.0,0.0,0.0,0.0,0.0,1.0,,1.0,0,0.0,,0.0,0.0,0,3.0,0.0,,0.0,0.33
2000,CL,中日ドラゴンズ,81183888,岩瀬　仁紀,H.Iwase,58.0,11.0,10.0,0.0,2.0,0.0,0.0,0.0,2.0,1.0,0.0,0,1.0,0.0,0.0,0,0.0,4.0,0.0,0.2,0.2,0.2,0.4,2.0,0.0,0.0,0.2,0.0,36.36363636363637,0.0,0.3333333333333333,0.14,266.6666666666667,0.0,0.25,0.2,2.0,0.0,1.0,58.0,11.0,10.0,2.0,0.0,0.0,0.0,0.2,0.2,0.0,0,0.0,,2.0,0.0,0,1.0,0.0,,0.4,0.21599999999999997
2000,CL,読売ジャイアンツ,81283869,村田　真一,S.Murata,101.0,252.0,225.0,17.0,46.0,7.0,0.0,7.0,74.0,34.0,0.0,0,9.0,1.0,15.0,0,2.0,65.0,5.0,0.204,0.259,0.329,0.5880000000000001,32.0,0.12500000000000003,0.05500000000000002,0.384,5.952380952380952,25.793650793650798,0.23076923076923078,0.2532467532467532,0.1988,368.6666666666667,0.19111111111111112,0.4945652173913043,0.204,46.0,7.0,34.0,101.0,252.0,225.0,32.0,7.0,0.0,17.0,0.259,0.329,15.0,0,2.0,,74.0,0.0,0,9.0,1.0,,18.808333333333334,19.187999999999995
2000,CL,東京ヤクルトスワローズ,81283886,前田　浩継,H.Maeda,11.0,11.0,10.0,0.0,3.0,0.0,0.0,0.0,3.0,2.0,0.0,0,1.0,0.0,0.0,0,0.0,3.0,0.0,0.3,0.3,0.3,0.6,3.0,0.0,0.0,0.3,0.0,27.27272727272727,0.0,0.42857142857142855,0.21000000000000002,399.99999999999994,0.0,0.42857142857142855,0.3,3.0,0.0,2.0,11.0,11.0,10.0,3.0,0.0,0.0,0.0,0.3,0.3,0.0,0,0.0,,3.0,0.0,0,1.0,0.0,,0.9,0.814
2000,CL,阪神タイガース,81383880,北川　博敏,H.Kitagawa,10.0,8.0,7.0,0.0,0.0,0.0,0.0,0.0,0.0,0.0,0.0,0,0.0,0.0,1.0,0,0.0,0.0,0.0,0.0,0.125,0.0,0.125,0.0,0.0,0.125,0.125,12.5,0.0,nan,0.0,0.05625,125.0,0.14285714285714285,0.14285714285714285,0.0,0.0,0.0,0.0,10.0,8.0,7.0,0.0,0.0,0.0,0.0,0.125,0.0,1.0,0,0.0,,0.0,0.0,0,0.0,0.0,,0.0,-0.35600000000000004
2000,CL,読売ジャイアンツ,81383884,小野　仁,H.Ono,1.0,1.0,1.0,0.0,0.0,0.0,0.0,0.0,0.0,0.0,0.0,0,0.0,0.0,0.0,0,0.0,0.0,0.0,0.0,0.0,0.0,0.0,0.0,0.0,0.0,0.0,0.0,0.0,nan,0.0,0.0,0.0,0.0,0.0,0.0,0.0,0.0,0.0,1.0,1.0,1.0,0.0,0.0,0.0,0.0,0.0,0.0,0.0,0,0.0,,0.0,0.0,0,0.0,0.0,,0.0,-0.098
2000,CL,読売ジャイアンツ,81383885,河本　育之,Y.Kawamoto,21.0,2.0,2.0,0.0,1.0,0.0,0.0,0.0,1.0,0.0,0.0,0,0.0,0.0,0.0,0,0.0,1.0,0.0,0.5,0.5,0.5,1.0,1.0,0.0,0.0,0.5,0.0,50.0,0.0,1.0,0.35,666.6666666666666,0.0,1.0,0.5,1.0,0.0,0.0,21.0,2.0,2.0,1.0,0.0,0.0,0.0,0.5,0.5,0.0,0,0.0,,1.0,0.0,0,0.0,0.0,,0.5,0.402
2000,CL,読売ジャイアンツ,81383886,川中　基嗣,M.Kawanaka,11.0,6.0,6.0,1.0,0.0,0.0,0.0,0.0,0.0,0.0,0.0,0,0.0,0.0,0.0,0,0.0,2.0,1.0,0.0,0.0,0.0,0.0,0.0,0.0,0.0,0.0,0.0,33.33333333333333,0.0,0.0,0.0,0.0,0.0,0.0,0.0,0.0,0.0,0.0,11.0,6.0,6.0,0.0,0.0,0.0,1.0,0.0,0.0,0.0,0,0.0,,0.0,0.0,0,0.0,0.0,,0.0,-0.5880000000000001
2000,CL,横浜DeNAベイスターズ,81383889,河原　隆一,R.Kawahara,47.0,4.0,3.0,0.0,0.0,0.0,0.0,0.0,0.0,0.0,0.0,0,1.0,0.0,0.0,0,0.0,2.0,0.0,0.0,0.0,0.0,0.0,0.0,0.0,0.0,0.0,0.0,50.0,0.0,0.0,0.0,0.0,0.0,0.0,0.0,0.0,0.0,0.0,47.0,4.0,3.0,0.0,0.0,0.0,0.0,0.0,0.0,0.0,0,0.0,,0.0,0.0,0,1.0,0.0,,0.0,-0.29400000000000004
2000,CL,広島東洋カープ,81385111,木村　考壱朗,K.Kimura,28.0,47.0,40.0,4.0,9.0,2.0,0.0,0.0,11.0,2.0,0.0,0,3.0,0.0,3.0,0,1.0,8.0,0.0,0.225,0.295,0.275,0.5700000000000001,7.0,0.05000000000000002,0.06999999999999998,0.345,6.382978723404255,17.02127659574468,0.375,0.28125,0.2015,386.6666666666667,0.125,0.4838709677419355,0.225,9.0,0.0,2.0,28.0,47.0,40.0,7.0,2.0,0.0,4.0,0.295,0.275,3.0,0,1.0,,11.0,0.0,0,3.0,0.0,,3.0697674418604652,3.2219999999999995
2000,CL,広島東洋カープ,81485111,S.ウルソー,S.Urso,29.0,0.0,0.0,0.0,0.0,0.0,0.0,0.0,0.0,0.0,0.0,0,0.0,0.0,0.0,0,0.0,0.0,0.0,,,,0.0,0.0,0.0,0.0,,nan,nan,nan,nan,0.0,0.0,nan,nan,,0.0,0.0,0.0,29.0,0.0,0.0,0.0,0.0,0.0,0.0,,,0.0,0,0.0,,0.0,0.0,0,0.0,0.0,,nan,0.0
2000,CL,東京ヤクルトスワローズ,81583864,高木　晃次,K.Takagi,27.0,21.0,19.0,0.0,0.0,0.0,0.0,0.0,0.0,0.0,0.0,0,1.0,0.0,1.0,0,0.0,15.0,0.0,0.0,0.05,0.0,0.05,0.0,0.0,0.05,0.05,4.761904761904762,71.42857142857143,0.06666666666666667,0.0,0.022500000000000003,50.0,0.05263157894736842,0.05263157894736842,0.0,0.0,0.0,0.0,27.0,21.0,19.0,0.0,0.0,0.0,0.0,0.05,0.0,1.0,0,0.0,,0.0,0.0,0,1.0,0.0,,0.0,-1.532
2000,CL,広島東洋カープ,81583866,緒方　孝市,K.Ogata,21.0,76.0,66.0,11.0,12.0,3.0,0.0,3.0,24.0,10.0,1.0,1,1.0,1.0,8.0,0,0.0,15.0,2.0,0.182,0.267,0.364,0.631,6.0,0.182,0.08500000000000002,0.449,10.526315789473683,19.736842105263158,0.5333333333333333,0.1836734693877551,0.21115,388.33333333333337,0.3181818181818182,0.5892857142857143,0.182,12.0,3.0,10.0,21.0,76.0,66.0,6.0,3.0,0.0,11.0,0.267,0.364,8.0,0,0.0,,24.0,1.0,1,1.0,1.0,,6.486486486486487,7.008000000000001
2000,CL,読売ジャイアンツ,81583869,斎藤　雅樹,M.Saitou,5.0,13.0,13.0,1.0,3.0,0.0,0.0,1.0,6.0,2.0,0.0,0,0.0,0.0,0.0,0,0.0,7.0,0.0,0.231,0.231,0.462,0.6930000000000001,2.0,0.231,0.0,0.462,0.0,53.84615384615385,0.0,0.4,0.21945,385.0,0.23076923076923078,0.6,0.231,3.0,1.0,2.0,5.0,13.0,13.0,2.0,0.0,0.0,1.0,0.231,0.462,0.0,0,0.0,,6.0,0.0,0,0.0,0.0,,1.3846153846153846,1.46
2000,CL,阪神タイガース,81583882,曽我部　直樹,N.Sogabe,4.0,6.0,6.0,0.0,1.0,0.0,0.0,0.0,1.0,0.0,0.0,0,0.0,0.0,0.0,0,0.0,1.0,0.0,0.167,0.167,0.167,0.334,1.0,0.0,0.0,0.167,0.0,16.666666666666664,0.0,0.2,0.1169,222.66666666666669,0.0,0.2,0.167,1.0,0.0,0.0,4.0,6.0,6.0,1.0,0.0,0.0,0.0,0.167,0.167,0.0,0,0.0,,1.0,0.0,0,0.0,0.0,,0.16666666666666666,0.010000000000000009
2000,CL,中日ドラゴンズ,81583884,小山　伸一郎,S.Koyama,29.0,3.0,3.0,0.0,0.0,0.0,0.0,0.0,0.0,0.0,0.0,0,0.0,0.0,0.0,0,0.0,2.0,0.0,0.0,0.0,0.0,0.0,0.0,0.0,0.0,0.0,0.0,66.66666666666666,0.0,0.0,0.0,0.0,0.0,0.0,0.0,0.0,0.0,0.0,29.0,3.0,3.0,0.0,0.0,0.0,0.0,0.0,0.0,0.0,0,0.0,,0.0,0.0,0,0.0,0.0,,0.0,-0.29400000000000004
2000,CL,読売ジャイアンツ,81585111,條辺　剛,T.Joube,1.0,1.0,1.0,0.0,0.0,0.0,0.0,0.0,0.0,0.0,0.0,0,0.0,0.0,0.0,0,0.0,1.0,0.0,0.0,0.0,0.0,0.0,0.0,0.0,0.0,0.0,0.0,100.0,0.0,nan,0.0,0.0,0.0,0.0,0.0,0.0,0.0,0.0,1.0,1.0,1.0,0.0,0.0,0.0,0.0,0.0,0.0,0.0,0,0.0,,0.0,0.0,0,0.0,0.0,,0.0,-0.098
2000,CL,読売ジャイアンツ,81683884,D.マルティネス,D.Martinez,111.0,348.0,320.0,42.0,92.0,16.0,1.0,17.0,161.0,64.0,0.0,0,0.0,4.0,21.0,0,3.0,65.0,12.0,0.287,0.333,0.503,0.8360000000000001,58.0,0.21600000000000003,0.04600000000000004,0.549,6.0344827586206895,18.67816091954023,0.3230769230769231,0.30991735537190085,0.2756,500.6666666666667,0.28125,0.7708333333333334,0.287,92.0,17.0,64.0,111.0,348.0,320.0,58.0,16.0,1.0,42.0,0.333,0.503,21.0,0,3.0,,161.0,0.0,0,0.0,4.0,,53.35190615835777,51.61599999999999
2000,CL,中日ドラゴンズ,81685111,ディンゴ,D.Nilsson,18.0,63.0,61.0,5.0,11.0,2.0,0.0,1.0,16.0,8.0,0.0,0,0.0,0.0,2.0,0,0.0,16.0,2.0,0.18,0.206,0.262,0.46799999999999997,8.0,0.08200000000000002,0.025999999999999995,0.288,3.1746031746031744,25.396825396825395,0.125,0.22727272727272727,0.1582,293.3333333333333,0.11475409836065574,0.34615384615384615,0.18,11.0,1.0,8.0,18.0,63.0,61.0,8.0,2.0,0.0,5.0,0.206,0.262,2.0,0,0.0,,16.0,0.0,0,0.0,0.0,,3.3015873015873014,2.639999999999999
2000,CL,横浜DeNAベイスターズ,81783868,島田　直也,N.Shimada,21.0,2.0,2.0,0.0,0.0,0.0,0.0,0.0,0.0,0.0,0.0,0,0.0,0.0,0.0,0,0.0,1.0,0.0,0.0,0.0,0.0,0.0,0.0,0.0,0.0,0.0,0.0,50.0,0.0,0.0,0.0,0.0,0.0,0.0,0.0,0.0,0.0,0.0,21.0,2.0,2.0,0.0,0.0,0.0,0.0,0.0,0.0,0.0,0,0.0,,0.0,0.0,0,0.0,0.0,,0.0,-0.196
2000,CL,阪神タイガース,81783884,関本　賢太郎,K.Sekimoto,2.0,5.0,5.0,0.0,0.0,0.0,0.0,0.0,0.0,0.0,0.0,0,0.0,0.0,0.0,0,0.0,2.0,0.0,0.0,0.0,0.0,0.0,0.0,0.0,0.0,0.0,0.0,40.0,0.0,0.0,0.0,0.0,0.0,0.0,0.0,0.0,0.0,0.0,2.0,5.0,5.0,0.0,0.0,0.0,0.0,0.0,0.0,0.0,0,0.0,,0.0,0.0,0,0.0,0.0,,0.0,-0.49
2000,CL,横浜DeNAベイスターズ,81785111,田中　一徳,K.Tanaka,37.0,25.0,24.0,5.0,4.0,0.0,0.0,0.0,4.0,0.0,0,2,0.0,0.0,1.0,0,0.0,10.0,0.0,0.167,0.2,0.167,0.367,4.0,0.0,0.033,0.2,4.0,40.0,0.1,0.2857142857142857,0.13175,255.6666666666667,0.125,0.35,0.167,4.0,0.0,0.0,37.0,25.0,24.0,4.0,0.0,0.0,5.0,0.2,0.167,1.0,0,0.0,,4.0,0,2,0.0,0.0,,0.8,0.73
2000,CL,阪神タイガース,81983886,坪井　智哉,T.Tsuboi,128.0,546.0,489.0,49.0,133.0,14.0,4.0,4.0,167.0,32.0,6.0,6,4.0,3.0,38.0,0,12.0,83.0,3.0,0.272,0.338,0.342,0.68,111.0,0.07,0.066,0.408,6.95970695970696,15.2014652014652,0.4578313253012048,0.31851851851851853,0.23760000000000003,452.0,0.15950920245398773,0.6211699164345403,0.272,133.0,4.0,32.0,128.0,546.0,489.0,111.0,14.0,4.0,49.0,0.338,0.342,38.0,0,12.0,,167.0,6.0,6,4.0,3.0,,54.18785578747628,58.192
2000,CL,阪神タイガース,81983888,福原　忍,S.Fukuhara,39.0,29.0,22.0,1.0,0.0,0.0,0.0,0.0,0.0,0.0,0.0,0,5.0,0.0,1.0,0,0.0,16.0,0.0,0.0,0.043,0.0,0.043,0.0,0.0,0.043,0.043,3.4482758620689653,55.172413793103445,0.0625,0.0,0.01935,43.0,0.045454545454545456,0.045454545454545456,0.0,0.0,0.0,0.0,39.0,29.0,22.0,0.0,0.0,0.0,1.0,0.043,0.0,1.0,0,0.0,,0.0,0.0,0,5.0,0.0,,0.0,-1.826
2000,CL,広島東洋カープ,83283868,佐藤　裕幸,H.Satou,5.0,1.0,1.0,1.0,0.0,0.0,0.0,0.0,0.0,0.0,0.0,0,0.0,0.0,0.0,0,0.0,1.0,0.0,0.0,0.0,0.0,0.0,0.0,0.0,0.0,0.0,0.0,100.0,0.0,nan,0.0,0.0,0.0,0.0,0.0,0.0,0.0,0.0,5.0,1.0,1.0,0.0,0.0,0.0,1.0,0.0,0.0,0.0,0,0.0,,0.0,0.0,0,0.0,0.0,,0.0,-0.098
2000,CL,横浜DeNAベイスターズ,85583868,谷繁　元信,M.Tanishige,122.0,493.0,446.0,35.0,112.0,21.0,0.0,9.0,160.0,44.0,0.0,0,3.0,1.0,41.0,0,2.0,91.0,20.0,0.251,0.316,0.359,0.675,82.0,0.10799999999999998,0.065,0.424,8.316430020283976,18.45841784989858,0.45054945054945056,0.2968299711815562,0.23195,435.66666666666663,0.19955156950672645,0.5734463276836158,0.251,112.0,9.0,44.0,122.0,493.0,446.0,82.0,21.0,0.0,35.0,0.316,0.359,41.0,0,2.0,,160.0,0.0,0,3.0,1.0,,50.26694045174538,50.538
2000,CL,阪神タイガース,91093882,舩木　聖士,S.Funaki,1.0,0.0,0.0,0.0,0.0,0.0,0.0,0.0,0.0,0.0,0.0,0,0.0,0.0,0.0,0,0.0,0.0,0.0,,,,0.0,0.0,0.0,0.0,,nan,nan,nan,nan,0.0,0.0,nan,nan,,0.0,0.0,0.0,1.0,0.0,0.0,0.0,0.0,0.0,0.0,,,0.0,0,0.0,,0.0,0.0,0,0.0,0.0,,nan,0.0
2000,CL,東京ヤクルトスワローズ,91095111,藤井　秀悟,S.Fujii,32.0,2.0,2.0,0.0,0.0,0.0,0.0,0.0,0.0,0.0,0.0,0,0.0,0.0,0.0,0,0.0,2.0,0.0,0.0,0.0,0.0,0.0,0.0,0.0,0.0,0.0,0.0,100.0,0.0,nan,0.0,0.0,0.0,0.0,0.0,0.0,0.0,0.0,32.0,2.0,2.0,0.0,0.0,0.0,0.0,0.0,0.0,0.0,0,0.0,,0.0,0.0,0,0.0,0.0,,0.0,-0.196
2000,CL,東京ヤクルトスワローズ,91193880,稲葉　篤紀,A.Inaba,87.0,290.0,274.0,36.0,77.0,13.0,0.0,11.0,123.0,30.0,0.0,0,4.0,2.0,8.0,0,2.0,42.0,2.0,0.281,0.304,0.449,0.753,53.0,0.16799999999999998,0.022999999999999965,0.472,2.7586206896551726,14.482758620689657,0.19047619047619047,0.29596412556053814,0.24905,453.6666666666667,0.19708029197080293,0.6683417085427136,0.281,77.0,11.0,30.0,87.0,290.0,274.0,53.0,13.0,0.0,36.0,0.304,0.449,8.0,0,2.0,,123.0,0.0,0,4.0,2.0,,37.07446808510638,35.694
2000,CL,横浜DeNAベイスターズ,91193884,石井　義人,Y.Ishii,41.0,61.0,58.0,6.0,19.0,3.0,0.0,1.0,25.0,6.0,1,0,0.0,0.0,3.0,0,0.0,9.0,3.0,0.328,0.361,0.431,0.792,15.0,0.10299999999999998,0.032999999999999974,0.4639999999999999,4.918032786885246,14.754098360655737,0.3333333333333333,0.375,0.2702,504.6666666666666,0.15517241379310345,0.6666666666666666,0.328,19.0,1.0,6.0,41.0,61.0,58.0,15.0,3.0,0.0,6.0,0.361,0.431,3.0,0,0.0,,25.0,1,0,0.0,0.0,,9.01639344262295,8.268
2000,CL,東京ヤクルトスワローズ,91193886,五十嵐　亮太,R.Igarashi,56.0,6.0,5.0,0.0,1.0,0.0,0.0,0.0,1.0,0.0,0.0,0,1.0,0.0,0.0,0,0.0,3.0,0.0,0.2,0.2,0.2,0.4,1.0,0.0,0.0,0.2,0.0,50.0,0.0,0.5,0.14,266.6666666666667,0.0,0.25,0.2,1.0,0.0,0.0,56.0,6.0,5.0,1.0,0.0,0.0,0.0,0.2,0.2,0.0,0,0.0,,1.0,0.0,0,1.0,0.0,,0.2,0.10799999999999998
2000,CL,横浜DeNAベイスターズ,91293882,横山　道哉,Y.Yokoyama,29.0,1.0,1.0,0.0,0.0,0.0,0.0,0.0,0.0,0.0,0.0,0,0.0,0.0,0.0,0,0.0,1.0,0.0,0.0,0.0,0.0,0.0,0.0,0.0,0.0,0.0,0.0,100.0,0.0,nan,0.0,0.0,0.0,0.0,0.0,0.0,0.0,0.0,29.0,1.0,1.0,0.0,0.0,0.0,0.0,0.0,0.0,0.0,0,0.0,,0.0,0.0,0,0.0,0.0,,0.0,-0.098
2000,CL,読売ジャイアンツ,91293886,平松　一宏,K.Hiramatsu,16.0,10.0,9.0,1.0,0.0,0.0,0.0,0.0,0.0,0.0,0.0,0,0.0,0.0,1.0,0,0.0,4.0,0.0,0.0,0.1,0.0,0.1,0.0,0.0,0.1,0.1,10.0,40.0,0.25,0.0,0.045000000000000005,100.0,0.1111111111111111,0.1111111111111111,0.0,0.0,0.0,0.0,16.0,10.0,9.0,0.0,0.0,0.0,1.0,0.1,0.0,1.0,0,0.0,,0.0,0.0,0,0.0,0.0,,0.0,-0.552
2000,CL,東京ヤクルトスワローズ,91293887,真中　満,M.Manaka,119.0,495.0,463.0,53.0,129.0,16.0,4.0,9.0,180.0,41.0,5,3,6.0,1.0,23.0,0,2.0,33.0,8.0,0.279,0.315,0.389,0.704,100.0,0.10999999999999999,0.035999999999999976,0.425,4.646464646464646,6.666666666666667,0.696969696969697,0.2843601895734597,0.23900000000000002,444.66666666666663,0.16630669546436286,0.6081871345029239,0.279,129.0,9.0,41.0,119.0,495.0,463.0,100.0,16.0,4.0,53.0,0.315,0.389,23.0,0,2.0,,180.0,5,3,6.0,1.0,,56.2962962962963,54.69799999999999
2000,CL,東京ヤクルトスワローズ,91293889,度会　博文,H.Watarai,60.0,61.0,53.0,8.0,14.0,2.0,1.0,0.0,18.0,4.0,0.0,0,5.0,0.0,3.0,0,0.0,10.0,1.0,0.264,0.304,0.34,0.644,11.0,0.07600000000000001,0.03999999999999998,0.38,4.918032786885246,16.39344262295082,0.3,0.32558139534883723,0.2218,417.3333333333333,0.1320754716981132,0.525,0.264,14.0,0.0,4.0,60.0,61.0,53.0,11.0,2.0,1.0,8.0,0.304,0.34,3.0,0,0.0,,18.0,0.0,0,5.0,0.0,,5.464285714285714,5.147999999999999
2000,CL,横浜DeNAベイスターズ,91393862,岡田　展和,H.Okada,8.0,0.0,0.0,0.0,0.0,0.0,0.0,0.0,0.0,0.0,0.0,0,0.0,0.0,0.0,0,0.0,0.0,0.0,,,,0.0,0.0,0.0,0.0,,nan,nan,nan,nan,0.0,0.0,nan,nan,,0.0,0.0,0.0,8.0,0.0,0.0,0.0,0.0,0.0,0.0,,,0.0,0,0.0,,0.0,0.0,0,0.0,0.0,,nan,0.0
2000,CL,阪神タイガース,91393882,カツノリ,K.Katsunori（nomura,43.0,55.0,49.0,6.0,13.0,1.0,1.0,2.0,22.0,3.0,0.0,0,0.0,1.0,5.0,0,0.0,11.0,2.0,0.265,0.327,0.449,0.776,9.0,0.184,0.062,0.511,9.090909090909092,20.0,0.45454545454545453,0.2972972972972973,0.2594,476.6666666666667,0.2857142857142857,0.7105263157894737,0.265,13.0,2.0,3.0,43.0,55.0,49.0,9.0,1.0,1.0,6.0,0.327,0.449,5.0,0,0.0,,22.0,0.0,0,0.0,1.0,,7.333333333333333,7.2620000000000005
2000,CL,広島東洋カープ,91393885,小畑　幸司,K.Obata,2.0,1.0,1.0,0.0,0.0,0.0,0.0,0.0,0.0,0.0,0.0,0,0.0,0.0,0.0,0,0.0,0.0,0.0,0.0,0.0,0.0,0.0,0.0,0.0,0.0,0.0,0.0,0.0,nan,0.0,0.0,0.0,0.0,0.0,0.0,0.0,0.0,0.0,2.0,1.0,1.0,0.0,0.0,0.0,0.0,0.0,0.0,0.0,0,0.0,,0.0,0.0,0,0.0,0.0,,0.0,-0.098
2000,CL,読売ジャイアンツ,91393886,小田　幸平,K.Oda,2.0,3.0,3.0,0.0,0.0,0.0,0.0,0.0,0.0,0.0,0.0,0,0.0,0.0,0.0,0,0.0,1.0,0.0,0.0,0.0,0.0,0.0,0.0,0.0,0.0,0.0,0.0,33.33333333333333,0.0,0.0,0.0,0.0,0.0,0.0,0.0,0.0,0.0,0.0,2.0,3.0,3.0,0.0,0.0,0.0,0.0,0.0,0.0,0.0,0,0.0,,0.0,0.0,0,0.0,0.0,,0.0,-0.29400000000000004
2000,CL,広島東洋カープ,91393888,小山田　保裕,Y.Oyamada,23.0,2.0,2.0,0.0,0.0,0.0,0.0,0.0,0.0,0.0,0.0,0,0.0,0.0,0.0,0,0.0,1.0,0.0,0.0,0.0,0.0,0.0,0.0,0.0,0.0,0.0,0.0,50.0,0.0,0.0,0.0,0.0,0.0,0.0,0.0,0.0,0.0,0.0,23.0,2.0,2.0,0.0,0.0,0.0,0.0,0.0,0.0,0.0,0,0.0,,0.0,0.0,0,0.0,0.0,,0.0,-0.196
2000,CL,阪神タイガース,91395111,上坂　太一郎,T.Kamisaka,21.0,76.0,72.0,6.0,18.0,2.0,1.0,0.0,22.0,2.0,6,2,1.0,0.0,3.0,0,0.0,8.0,0.0,0.25,0.28,0.306,0.5860000000000001,15.0,0.055999999999999994,0.030000000000000027,0.336,3.9473684210526314,10.526315789473683,0.375,0.28125,0.2025,382.0,0.125,0.5,0.25,18.0,0.0,2.0,21.0,76.0,72.0,15.0,2.0,1.0,6.0,0.28,0.306,3.0,0,0.0,,22.0,6,2,1.0,0.0,,6.16,6.038
2000,CL,広島東洋カープ,91493885,町田　公二郎,K.Machida,102.0,307.0,260.0,43.0,73.0,14.0,0.0,13.0,126.0,34.0,4,1,1.0,2.0,39.0,0,5.0,56.0,9.0,0.281,0.382,0.485,0.867,46.0,0.20399999999999996,0.10099999999999998,0.586,12.703583061889251,18.241042345276874,0.6964285714285714,0.31088082901554404,0.29315,543.6666666666666,0.3576923076923077,0.8724489795918368,0.281,73.0,13.0,34.0,102.0,307.0,260.0,46.0,14.0,0.0,43.0,0.382,0.485,39.0,0,5.0,,126.0,4,1,1.0,2.0,,47.197324414715716,48.174
2000,CL,横浜DeNAベイスターズ,91593866,進藤　達哉,T.Shindou,59.0,147.0,134.0,14.0,30.0,7.0,0.0,2.0,43.0,15.0,0.0,0,0.0,0.0,13.0,0,0.0,26.0,2.0,0.224,0.293,0.321,0.614,21.0,0.097,0.06899999999999998,0.39,8.843537414965986,17.687074829931973,0.5,0.2641509433962264,0.2121,399.99999999999994,0.19402985074626866,0.5283018867924528,0.224,30.0,2.0,15.0,59.0,147.0,134.0,21.0,7.0,0.0,14.0,0.293,0.321,13.0,0,0.0,,43.0,0.0,0,0.0,0.0,,12.578231292517007,12.517999999999997
2000,CL,読売ジャイアンツ,91593882,清水　崇行,T.Shimizu,115.0,431.0,388.0,65.0,105.0,25.0,1.0,11.0,165.0,46.0,11,10,18.0,2.0,21.0,0,2.0,52.0,0.0,0.271,0.31,0.425,0.735,68.0,0.15399999999999997,0.03899999999999998,0.4639999999999999,4.872389791183294,12.064965197215777,0.40384615384615385,0.2874617737003058,0.24575000000000002,451.6666666666667,0.2345360824742268,0.6996466431095406,0.271,105.0,11.0,46.0,115.0,431.0,388.0,68.0,25.0,1.0,65.0,0.31,0.425,21.0,0,2.0,,165.0,11,10,18.0,2.0,,50.831295843520785,50.535999999999994
2000,CL,横浜DeNAベイスターズ,91593888,金城　龍彦,T.Kinjou,110.0,475.0,419.0,60.0,145.0,18.0,3.0,3.0,178.0,36.0,8,7,17.0,0.0,37.0,0,2.0,58.0,6.0,0.346,0.402,0.425,0.827,121.0,0.07900000000000001,0.05600000000000005,0.481,7.7894736842105265,12.210526315789473,0.6379310344827587,0.39664804469273746,0.28715,543.6666666666667,0.18377088305489261,0.8,0.346,145.0,3.0,36.0,110.0,475.0,419.0,121.0,18.0,3.0,60.0,0.402,0.425,37.0,0,2.0,,178.0,8,7,17.0,0.0,,71.04385964912281,68.17800000000001
2000,CL,広島東洋カープ,91595111,佐竹　健太,K.Satake,22.0,2.0,2.0,0.0,0.0,0.0,0.0,0.0,0.0,0.0,0.0,0,0.0,0.0,0.0,0,0.0,1.0,0.0,0.0,0.0,0.0,0.0,0.0,0.0,0.0,0.0,0.0,50.0,0.0,0.0,0.0,0.0,0.0,0.0,0.0,0.0,0.0,0.0,22.0,2.0,2.0,0.0,0.0,0.0,0.0,0.0,0.0,0.0,0,0.0,,0.0,0.0,0,0.0,0.0,,0.0,-0.196
2000,CL,阪神タイガース,91693860,吉田　剛,T.Yoshida,65.0,174.0,149.0,17.0,36.0,3.0,1.0,2.0,47.0,13.0,3,2,7.0,1.0,16.0,0,0.0,23.0,7.0,0.242,0.313,0.315,0.628,30.0,0.07300000000000001,0.07100000000000001,0.386,9.195402298850574,13.218390804597702,0.6956521739130435,0.272,0.21960000000000002,418.0,0.19463087248322147,0.5416666666666666,0.242,36.0,2.0,13.0,65.0,174.0,149.0,30.0,3.0,1.0,17.0,0.313,0.315,16.0,0,0.0,,47.0,3,2,7.0,1.0,,14.812121212121212,15.645999999999999
2000,CL,阪神タイガース,91693885,弓長　起浩,T.Yuminaga,5.0,1.0,1.0,0.0,0.0,0.0,0.0,0.0,0.0,0.0,0.0,0,0.0,0.0,0.0,0,0.0,1.0,0.0,0.0,0.0,0.0,0.0,0.0,0.0,0.0,0.0,0.0,100.0,0.0,nan,0.0,0.0,0.0,0.0,0.0,0.0,0.0,0.0,5.0,1.0,1.0,0.0,0.0,0.0,0.0,0.0,0.0,0.0,0,0.0,,0.0,0.0,0,0.0,0.0,,0.0,-0.098
2000,CL,広島東洋カープ,91695111,C.カンバーランド,C.Cumberland,1.0,0.0,0.0,0.0,0.0,0.0,0.0,0.0,0.0,0.0,0.0,0,0.0,0.0,0.0,0,0.0,0.0,0.0,,,,0.0,0.0,0.0,0.0,,nan,nan,nan,nan,0.0,0.0,nan,nan,,0.0,0.0,0.0,1.0,0.0,0.0,0.0,0.0,0.0,0.0,,,0.0,0,0.0,,0.0,0.0,0,0.0,0.0,,nan,0.0
2000,CL,阪神タイガース,91793880,秀太,S.Shuuta（tanaka,113.0,355.0,307.0,32.0,77.0,4.0,2.0,1.0,88.0,17.0,5,6,13.0,1.0,34.0,0,0.0,51.0,9.0,0.251,0.325,0.287,0.612,70.0,0.035999999999999976,0.07400000000000001,0.361,9.577464788732394,14.366197183098592,0.6666666666666666,0.296875,0.21800000000000003,420.6666666666667,0.16612377850162866,0.5355648535564853,0.251,77.0,1.0,17.0,113.0,355.0,307.0,70.0,4.0,2.0,32.0,0.325,0.287,34.0,0,0.0,,88.0,5,6,13.0,1.0,,28.64516129032258,31.159999999999997
2000,CL,広島東洋カープ,91793882,玉木　重雄,S.Tamaki,26.0,6.0,6.0,0.0,0.0,0.0,0.0,0.0,0.0,0.0,0.0,0,0.0,0.0,0.0,0,0.0,6.0,0.0,0.0,0.0,0.0,0.0,0.0,0.0,0.0,0.0,0.0,100.0,0.0,nan,0.0,0.0,0.0,0.0,0.0,0.0,0.0,0.0,26.0,6.0,6.0,0.0,0.0,0.0,0.0,0.0,0.0,0.0,0,0.0,,0.0,0.0,0,0.0,0.0,,0.0,-0.5880000000000001
2000,CL,中日ドラゴンズ,91793886,鈴木　郁洋,F.Suzuki,42.0,67.0,62.0,9.0,14.0,4.0,0.0,1.0,21.0,10.0,1.0,1,1.0,1.0,1.0,0,2.0,16.0,1.0,0.226,0.258,0.339,0.597,9.0,0.11300000000000002,0.032,0.371,1.4925373134328357,23.88059701492537,0.0625,0.2826086956521739,0.20085000000000003,371.0,0.14516129032258066,0.5102040816326531,0.226,14.0,1.0,10.0,42.0,67.0,62.0,9.0,4.0,0.0,9.0,0.258,0.339,1.0,0,2.0,,21.0,1.0,1,1.0,1.0,,5.0,5.286
2000,CL,広島東洋カープ,91793889,田中　由基,Y.Tanaka,12.0,4.0,3.0,0.0,0.0,0.0,0.0,0.0,0.0,0.0,0.0,0,1.0,0.0,0.0,0,0.0,2.0,0.0,0.0,0.0,0.0,0.0,0.0,0.0,0.0,0.0,0.0,50.0,0.0,0.0,0.0,0.0,0.0,0.0,0.0,0.0,0.0,0.0,12.0,4.0,3.0,0.0,0.0,0.0,0.0,0.0,0.0,0.0,0,0.0,,0.0,0.0,0,1.0,0.0,,0.0,-0.29400000000000004
2000,CL,広島東洋カープ,91893883,山﨑　健,K.Yamasaki,27.0,8.0,7.0,0.0,1.0,0.0,0.0,0.0,1.0,1.0,0.0,0,1.0,0.0,0.0,0,0.0,2.0,1.0,0.143,0.143,0.143,0.286,1.0,0.0,0.0,0.143,0.0,25.0,0.0,0.2,0.1001,190.66666666666666,0.0,0.14285714285714285,0.143,1.0,0.0,1.0,27.0,8.0,7.0,1.0,0.0,0.0,0.0,0.143,0.143,0.0,0,0.0,,1.0,0.0,0,1.0,0.0,,0.14285714285714285,-0.08800000000000008
2000,CL,中日ドラゴンズ,91993862,中山　裕章,H.Nakayama,25.0,0.0,0.0,0.0,0.0,0.0,0.0,0.0,0.0,0.0,0.0,0,0.0,0.0,0.0,0,0.0,0.0,0.0,,,,0.0,0.0,0.0,0.0,,nan,nan,nan,nan,0.0,0.0,nan,nan,,0.0,0.0,0.0,25.0,0.0,0.0,0.0,0.0,0.0,0.0,,,0.0,0,0.0,,0.0,0.0,0,0.0,0.0,,nan,0.0
2000,CL,阪神タイガース,91993889,平尾　博嗣,H.Hirao,62.0,209.0,181.0,20.0,43.0,8.0,3.0,2.0,63.0,12.0,2,1,13.0,0.0,15.0,0,0.0,32.0,4.0,0.238,0.296,0.348,0.6439999999999999,30.0,0.10999999999999999,0.057999999999999996,0.4059999999999999,7.177033492822966,15.311004784688995,0.46875,0.2789115646258503,0.22019999999999998,412.0,0.19889502762430938,0.5563380281690141,0.238,43.0,2.0,12.0,62.0,209.0,181.0,30.0,8.0,3.0,20.0,0.296,0.348,15.0,0,0.0,,63.0,2,1,13.0,0.0,,18.642857142857142,18.365999999999996
2000,CL,横浜DeNAベイスターズ,93193883,鈴木尚,T.Suzukitaka（suzuki,134.0,607.0,552.0,91.0,164.0,32.0,4.0,20.0,264.0,89.0,6,0,0.0,6.0,43.0,0,6.0,85.0,15.0,0.297,0.351,0.478,0.829,108.0,0.181,0.05399999999999999,0.532,7.0840197693574956,14.00329489291598,0.5058823529411764,0.31788079470198677,0.27745,510.3333333333333,0.25905797101449274,0.7766749379652605,0.297,164.0,20.0,89.0,134.0,607.0,552.0,108.0,32.0,4.0,91.0,0.351,0.478,43.0,0,6.0,,264.0,6,0,0.0,6.0,,91.8453781512605,88.14599999999999
2000,CL,東京ヤクルトスワローズ,93195111,T.ロブロ,T.Lovullo,29.0,74.0,66.0,6.0,13.0,1.0,0.0,1.0,17.0,2.0,1,0,1.0,0.0,7.0,0,0.0,11.0,4.0,0.197,0.274,0.258,0.532,11.0,0.061,0.07700000000000001,0.335,9.45945945945946,14.864864864864865,0.6363636363636364,0.2222222222222222,0.18780000000000002,360.00000000000006,0.16666666666666666,0.42105263157894735,0.197,13.0,1.0,2.0,29.0,74.0,66.0,11.0,1.0,0.0,6.0,0.274,0.258,7.0,0,0.0,,17.0,1,0,1.0,0.0,,4.657534246575342,4.776000000000001
2000,CL,阪神タイガース,93393868,山田　勝彦,K.Yamada,45.0,102.0,94.0,6.0,30.0,4.0,1.0,2.0,42.0,11.0,0.0,0,4.0,1.0,2.0,0,1.0,21.0,2.0,0.319,0.337,0.447,0.784,23.0,0.128,0.018000000000000016,0.465,1.9607843137254901,20.588235294117645,0.09523809523809523,0.3888888888888889,0.2634,486.0,0.14893617021276595,0.6818181818181818,0.319,30.0,2.0,11.0,45.0,102.0,94.0,23.0,4.0,1.0,6.0,0.337,0.447,2.0,0,1.0,,42.0,0.0,0,4.0,1.0,,14.0,13.017999999999995
