year,league,team,player_id,player_name_ja,player_name_en,G,PA,AB,R,H,2B,3B,HR,TB,RBI,SB,CS,SH,SF,BB,IBB,HBP,SO,GDP,AVG,OBP,SLG,OPS,1B,IsoP,IsoD,IOPS,BB%,K%,BB/K,BABIP,GPA,NOI,SecA,TA,打率,安打,本塁打,打点,試合,打席,打数,単打,二塁打,三塁打,得点,出塁率,長打率,四球,敬遠,死球,三振,塁打,盗塁,盗塁死,犠打,犠飛,併殺打,RC,XR
2011,CL,横浜DeNAベイスターズ,1005114,高崎　健太郎,K.Takasaki,30.0,47.0,41.0,1.0,3.0,0.0,0.0,0.0,3.0,0.0,0.0,0,5.0,0.0,1.0,0,0.0,13.0,0.0,0.073,0.095,0.073,0.16799999999999998,3.0,0.0,0.022000000000000006,0.095,2.127659574468085,27.659574468085108,0.07692307692307693,0.10714285714285714,0.061,119.33333333333333,0.024390243902439025,0.10526315789473684,0.073,3.0,0.0,0.0,30.0,47.0,41.0,3.0,0.0,0.0,1.0,0.095,0.073,1.0,0,0.0,,3.0,0.0,0,5.0,0.0,,0.2857142857142857,-1.8940000000000001
2011,CL,東京ヤクルトスワローズ,11013884,濱中　治,O.Hamanaka,5.0,14.0,13.0,1.0,2.0,0.0,0.0,0.0,2.0,0.0,0.0,0,0.0,0.0,1.0,0,0.0,4.0,0.0,0.154,0.214,0.154,0.368,2.0,0.0,0.06,0.214,7.142857142857142,28.57142857142857,0.25,0.2222222222222222,0.1348,265.3333333333333,0.07692307692307693,0.2727272727272727,0.154,2.0,0.0,0.0,5.0,14.0,13.0,2.0,0.0,0.0,1.0,0.214,0.154,1.0,0,0.0,,2.0,0.0,0,0.0,0.0,,0.42857142857142855,0.252
2011,CL,横浜DeNAベイスターズ,11015116,田中　健二朗,K.Tanaka,1.0,0.0,0.0,0.0,0.0,0.0,0.0,0.0,0.0,0.0,0.0,0,0.0,0.0,0.0,0,0.0,0.0,0.0,,,,0.0,0.0,0.0,0.0,,nan,nan,nan,nan,0.0,0.0,nan,nan,,0.0,0.0,0.0,1.0,0.0,0.0,0.0,0.0,0.0,0.0,,,0.0,0,0.0,,0.0,0.0,0,0.0,0.0,,nan,0.0
2011,CL,東京ヤクルトスワローズ,1103882,石井　弘寿,H.Ishii,1.0,0.0,0.0,0.0,0.0,0.0,0.0,0.0,0.0,0.0,0.0,0,0.0,0.0,0.0,0,0.0,0.0,0.0,,,,0.0,0.0,0.0,0.0,,nan,nan,nan,nan,0.0,0.0,nan,nan,,0.0,0.0,0.0,1.0,0.0,0.0,0.0,0.0,0.0,0.0,,,0.0,0,0.0,,0.0,0.0,0,0.0,0.0,,nan,0.0
2011,CL,阪神タイガース,1103888,新井　貴浩,T.Arai,144.0,602.0,550.0,68.0,148.0,25.0,3.0,17.0,230.0,93.0,5,0,0.0,7.0,41.0,0,4.0,106.0,20.0,0.269,0.321,0.418,0.739,103.0,0.14899999999999997,0.05199999999999999,0.47,6.810631229235881,17.60797342192691,0.3867924528301887,0.30184331797235026,0.24895,460.33333333333337,0.22363636363636363,0.6516587677725119,0.269,148.0,17.0,93.0,144.0,602.0,550.0,103.0,25.0,3.0,68.0,0.321,0.418,41.0,0,4.0,,230.0,5,0,0.0,7.0,,73.55329949238579,72.55400000000002
2011,CL,阪神タイガース,1105112,新井　良太,R.Arai,43.0,27.0,26.0,3.0,5.0,0.0,0.0,0.0,5.0,3.0,0.0,0,0.0,0.0,1.0,0,0.0,8.0,1.0,0.192,0.222,0.192,0.41400000000000003,5.0,0.0,0.03,0.222,3.7037037037037033,29.629629629629626,0.125,0.2777777777777778,0.1479,286.00000000000006,0.038461538461538464,0.2727272727272727,0.192,5.0,0.0,3.0,43.0,27.0,26.0,5.0,0.0,0.0,3.0,0.222,0.192,1.0,0,0.0,,5.0,0.0,0,0.0,0.0,,1.1111111111111112,0.7719999999999998
2011,CL,広島東洋カープ,1105115,天谷　宗一郎,S.Amaya,100.0,187.0,167.0,15.0,35.0,6.0,3.0,1.0,50.0,12.0,8,2,3.0,0.0,14.0,0,3.0,33.0,2.0,0.21,0.283,0.299,0.582,25.0,0.089,0.07299999999999998,0.372,7.4866310160427805,17.647058823529413,0.42424242424242425,0.2556390977443609,0.2021,382.66666666666663,0.18562874251497005,0.5149253731343284,0.21,35.0,1.0,12.0,100.0,187.0,167.0,25.0,6.0,3.0,15.0,0.283,0.299,14.0,0,3.0,,50.0,8,2,3.0,0.0,,13.535911602209945,14.414000000000001
2011,CL,横浜DeNAベイスターズ,1105119,稲田　直人,N.Inada,61.0,42.0,42.0,4.0,10.0,1.0,0.0,0.0,11.0,2.0,0.0,0,0.0,0.0,0.0,0,0.0,11.0,0.0,0.238,0.238,0.262,0.5,9.0,0.02400000000000002,0.0,0.262,0.0,26.190476190476193,0.0,0.3225806451612903,0.1726,325.3333333333333,0.023809523809523808,0.34375,0.238,10.0,0.0,2.0,61.0,42.0,42.0,9.0,1.0,0.0,4.0,0.238,0.262,0.0,0,0.0,,11.0,0.0,0,0.0,0.0,,2.619047619047619,2.0839999999999996
2011,CL,東京ヤクルトスワローズ,1105131,荒木　貴裕,T.Araki,3.0,8.0,8.0,0.0,1.0,0.0,0.0,0.0,1.0,0.0,0.0,0,0.0,0.0,0.0,0,0.0,3.0,1.0,0.125,0.125,0.125,0.25,1.0,0.0,0.0,0.125,0.0,37.5,0.0,0.2,0.0875,166.66666666666666,0.0,0.125,0.125,1.0,0.0,0.0,3.0,8.0,8.0,1.0,0.0,0.0,0.0,0.125,0.125,0.0,0,0.0,,1.0,0.0,0,0.0,0.0,,0.125,-0.18600000000000005
2011,CL,横浜DeNAベイスターズ,1105133,荒波　翔,S.Aranami,28.0,92.0,86.0,11.0,22.0,1.0,1.0,0.0,25.0,1.0,6,1,5.0,0.0,1.0,0,0.0,23.0,0.0,0.256,0.264,0.291,0.5549999999999999,20.0,0.034999999999999976,0.008000000000000007,0.299,1.0869565217391304,25.0,0.043478260869565216,0.3492063492063492,0.19155,361.0,0.05813953488372093,0.421875,0.256,22.0,0.0,1.0,28.0,92.0,86.0,20.0,1.0,1.0,11.0,0.264,0.291,1.0,0,0.0,,25.0,6,1,5.0,0.0,,6.609195402298851,5.998000000000001
2011,CL,広島東洋カープ,11213880,横山　竜士,R.Yokoyama,2.0,0.0,0.0,0.0,0.0,0.0,0.0,0.0,0.0,0.0,0.0,0,0.0,0.0,0.0,0,0.0,0.0,0.0,,,,0.0,0.0,0.0,0.0,,nan,nan,nan,nan,0.0,0.0,nan,nan,,0.0,0.0,0.0,2.0,0.0,0.0,0.0,0.0,0.0,0.0,,,0.0,0,0.0,,0.0,0.0,0,0.0,0.0,,nan,0.0
2011,CL,広島東洋カープ,11213886,林　昌樹,M.Hayashi,2.0,0.0,0.0,0.0,0.0,0.0,0.0,0.0,0.0,0.0,0.0,0,0.0,0.0,0.0,0,0.0,0.0,0.0,,,,0.0,0.0,0.0,0.0,,nan,nan,nan,nan,0.0,0.0,nan,nan,,0.0,0.0,0.0,2.0,0.0,0.0,0.0,0.0,0.0,0.0,,,0.0,0,0.0,,0.0,0.0,0,0.0,0.0,,nan,0.0
2011,CL,広島東洋カープ,11215133,弦本　悠希,Y.Tsurumoto,4.0,0.0,0.0,0.0,0.0,0.0,0.0,0.0,0.0,0.0,0.0,0,0.0,0.0,0.0,0,0.0,0.0,0.0,,,,0.0,0.0,0.0,0.0,,nan,nan,nan,nan,0.0,0.0,nan,nan,,0.0,0.0,0.0,4.0,0.0,0.0,0.0,0.0,0.0,0.0,,,0.0,0,0.0,,0.0,0.0,0,0.0,0.0,,nan,0.0
2011,CL,広島東洋カープ,11315112,今井　啓介,K.Imai,11.0,6.0,6.0,1.0,2.0,0.0,0.0,0.0,2.0,0.0,0.0,0,0.0,0.0,0.0,0,0.0,4.0,0.0,0.333,0.333,0.333,0.666,2.0,0.0,0.0,0.333,0.0,66.66666666666666,0.0,1.0,0.23310000000000003,444.0,0.0,0.5,0.333,2.0,0.0,0.0,11.0,6.0,6.0,2.0,0.0,0.0,1.0,0.333,0.333,0.0,0,0.0,,2.0,0.0,0,0.0,0.0,,0.6666666666666666,0.608
2011,CL,東京ヤクルトスワローズ,11315115,石川　雅規,M.Ishikawa,27.0,58.0,46.0,2.0,5.0,0.0,0.0,0.0,5.0,1.0,0.0,0,10.0,0.0,2.0,0,0.0,13.0,0.0,0.109,0.146,0.109,0.255,5.0,0.0,0.03699999999999999,0.146,3.4482758620689653,22.413793103448278,0.15384615384615385,0.15151515151515152,0.09294999999999999,182.33333333333331,0.043478260869565216,0.17073170731707318,0.109,5.0,0.0,1.0,27.0,58.0,46.0,5.0,0.0,0.0,2.0,0.146,0.109,2.0,0,0.0,,5.0,0.0,0,10.0,0.0,,0.7291666666666666,-0.8579999999999997
2011,CL,読売ジャイアンツ,11415110,MICHEAL,M.Maikeru（nakamura,7.0,0.0,0.0,0.0,0.0,0.0,0.0,0.0,0.0,0.0,0.0,0,0.0,0.0,0.0,0,0.0,0.0,0.0,,,,0.0,0.0,0.0,0.0,,nan,nan,nan,nan,0.0,0.0,nan,nan,,0.0,0.0,0.0,7.0,0.0,0.0,0.0,0.0,0.0,0.0,,,0.0,0,0.0,,0.0,0.0,0,0.0,0.0,,nan,0.0
2011,CL,東京ヤクルトスワローズ,11415115,福川　将和,M.Fukukawa,10.0,13.0,11.0,1.0,2.0,1.0,0.0,0.0,3.0,1.0,0.0,0,0.0,0.0,2.0,0,0.0,2.0,0.0,0.182,0.308,0.273,0.581,1.0,0.09100000000000003,0.126,0.399,15.384615384615385,15.384615384615385,1.0,0.2222222222222222,0.20685,399.0,0.2727272727272727,0.5555555555555556,0.182,2.0,0.0,1.0,10.0,13.0,11.0,1.0,1.0,0.0,1.0,0.308,0.273,2.0,0,0.0,,3.0,0.0,0,0.0,0.0,,0.9230769230769231,0.9979999999999999
2011,CL,阪神タイガース,11415118,野原　祐也,Y.Nohara,4.0,4.0,4.0,0.0,0.0,0.0,0.0,0.0,0.0,0.0,0.0,0,0.0,0.0,0.0,0,0.0,1.0,0.0,0.0,0.0,0.0,0.0,0.0,0.0,0.0,0.0,0.0,25.0,0.0,0.0,0.0,0.0,0.0,0.0,0.0,0.0,0.0,0.0,4.0,4.0,4.0,0.0,0.0,0.0,0.0,0.0,0.0,0.0,0,0.0,,0.0,0.0,0,0.0,0.0,,0.0,-0.392
2011,CL,中日ドラゴンズ,11515110,雄太,Y.Yuudai（kawai,16.0,23.0,18.0,0.0,1.0,0.0,0.0,0.0,1.0,0.0,0.0,0,5.0,0.0,0.0,0,0.0,11.0,2.0,0.056,0.056,0.056,0.112,1.0,0.0,0.0,0.056,0.0,47.82608695652174,0.0,0.14285714285714285,0.0392,74.66666666666667,0.0,0.05263157894736842,0.056,1.0,0.0,0.0,16.0,23.0,18.0,1.0,0.0,0.0,0.0,0.056,0.056,0.0,0,0.0,,1.0,0.0,0,5.0,0.0,,0.05555555555555555,-1.1660000000000001
2011,CL,中日ドラゴンズ,11515112,小山　桂司,K.Oyama,51.0,102.0,82.0,7.0,23.0,4.0,1.0,1.0,32.0,10.0,1,0,3.0,1.0,16.0,0,0.0,31.0,0.0,0.28,0.394,0.39,0.784,17.0,0.10999999999999999,0.11399999999999999,0.504,15.686274509803921,30.392156862745097,0.5161290322580645,0.43137254901960786,0.27480000000000004,524.0,0.3048780487804878,0.8135593220338984,0.28,23.0,1.0,10.0,51.0,102.0,82.0,17.0,4.0,1.0,7.0,0.394,0.39,16.0,0,0.0,,32.0,1,0,3.0,1.0,,12.73469387755102,13.357999999999997
2011,CL,広島東洋カープ,11515115,大竹　寛,K.Ootake,6.0,9.0,7.0,0.0,2.0,0.0,0.0,0.0,2.0,0.0,0.0,0,2.0,0.0,0.0,0,0.0,2.0,0.0,0.286,0.286,0.286,0.572,2.0,0.0,0.0,0.286,0.0,22.22222222222222,0.0,0.4,0.2002,381.3333333333333,0.0,0.4,0.286,2.0,0.0,0.0,6.0,9.0,7.0,2.0,0.0,0.0,0.0,0.286,0.286,0.0,0,0.0,,2.0,0.0,0,2.0,0.0,,0.5714285714285714,0.51
2011,CL,中日ドラゴンズ,11515118,小熊　凌祐,R.Oguma,6.0,0.0,0.0,0.0,0.0,0.0,0.0,0.0,0.0,0.0,0.0,0,0.0,0.0,0.0,0,0.0,0.0,0.0,,,,0.0,0.0,0.0,0.0,,nan,nan,nan,nan,0.0,0.0,nan,nan,,0.0,0.0,0.0,6.0,0.0,0.0,0.0,0.0,0.0,0.0,,,0.0,0,0.0,,0.0,0.0,0,0.0,0.0,,nan,0.0
2011,CL,東京ヤクルトスワローズ,11515119,川島　亮,R.Kawashima,1.0,0.0,0.0,0.0,0.0,0.0,0.0,0.0,0.0,0.0,0.0,0,0.0,0.0,0.0,0,0.0,0.0,0.0,,,,0.0,0.0,0.0,0.0,,nan,nan,nan,nan,0.0,0.0,nan,nan,,0.0,0.0,0.0,1.0,0.0,0.0,0.0,0.0,0.0,0.0,,,0.0,0,0.0,,0.0,0.0,0,0.0,0.0,,nan,0.0
2011,CL,中日ドラゴンズ,11515133,大野　雄大,Y.Oono,1.0,1.0,1.0,0.0,1.0,0.0,0.0,0.0,1.0,0.0,0.0,0,0.0,0.0,0.0,0,0.0,0.0,0.0,1.0,1.0,1.0,2.0,1.0,0.0,0.0,1.0,0.0,0.0,nan,1.0,0.7,1333.3333333333333,0.0,nan,1.0,1.0,0.0,0.0,1.0,1.0,1.0,1.0,0.0,0.0,0.0,1.0,1.0,0.0,0,0.0,,1.0,0.0,0,0.0,0.0,,1.0,0.5
2011,CL,東京ヤクルトスワローズ,11615110,山岸　穣,M.Yamagishi,1.0,0.0,0.0,0.0,0.0,0.0,0.0,0.0,0.0,0.0,0.0,0,0.0,0.0,0.0,0,0.0,0.0,0.0,,,,0.0,0.0,0.0,0.0,,nan,nan,nan,nan,0.0,0.0,nan,nan,,0.0,0.0,0.0,1.0,0.0,0.0,0.0,0.0,0.0,0.0,,,0.0,0,0.0,,0.0,0.0,0,0.0,0.0,,nan,0.0
2011,CL,東京ヤクルトスワローズ,11615112,松井　光介,K.Matsui,27.0,3.0,3.0,0.0,0.0,0.0,0.0,0.0,0.0,0.0,0.0,0,0.0,0.0,0.0,0,0.0,0.0,0.0,0.0,0.0,0.0,0.0,0.0,0.0,0.0,0.0,0.0,0.0,nan,0.0,0.0,0.0,0.0,0.0,0.0,0.0,0.0,0.0,27.0,3.0,3.0,0.0,0.0,0.0,0.0,0.0,0.0,0.0,0,0.0,,0.0,0.0,0,0.0,0.0,,0.0,-0.29400000000000004
2011,CL,東京ヤクルトスワローズ,11615117,森岡　良介,R.Morioka,52.0,97.0,86.0,6.0,22.0,2.0,0.0,0.0,24.0,6.0,0.0,0,2.0,0.0,8.0,0,1.0,20.0,1.0,0.256,0.326,0.279,0.605,20.0,0.02300000000000002,0.07,0.349,8.24742268041237,20.618556701030926,0.4,0.3333333333333333,0.21645,419.00000000000006,0.11627906976744186,0.5076923076923077,0.256,22.0,0.0,6.0,52.0,97.0,86.0,20.0,2.0,0.0,6.0,0.326,0.279,8.0,0,1.0,,24.0,0.0,0,2.0,0.0,,7.659574468085107,8.138
2011,CL,横浜DeNAベイスターズ,11615118,細山田　武史,T.Hosoyamada,84.0,157.0,130.0,5.0,27.0,3.0,0.0,1.0,33.0,11.0,0.0,0,13.0,1.0,8.0,0,5.0,54.0,1.0,0.208,0.278,0.254,0.532,23.0,0.04600000000000001,0.07000000000000003,0.324,5.095541401273886,34.394904458598724,0.14814814814814814,0.34210526315789475,0.18860000000000002,362.6666666666667,0.1076923076923077,0.4423076923076923,0.208,27.0,1.0,11.0,84.0,157.0,130.0,23.0,3.0,0.0,5.0,0.278,0.254,8.0,0,5.0,,33.0,0.0,0,13.0,1.0,,8.369565217391305,9.296
2011,CL,東京ヤクルトスワローズ,11615131,山本　哲哉,T.Yamamoto,9.0,0.0,0.0,0.0,0.0,0.0,0.0,0.0,0.0,0.0,0.0,0,0.0,0.0,0.0,0,0.0,0.0,0.0,,,,0.0,0.0,0.0,0.0,,nan,nan,nan,nan,0.0,0.0,nan,nan,,0.0,0.0,0.0,9.0,0.0,0.0,0.0,0.0,0.0,0.0,,,0.0,0,0.0,,0.0,0.0,0,0.0,0.0,,nan,0.0
2011,CL,阪神タイガース,11715113,狩野　恵輔,K.Kanou,10.0,14.0,12.0,1.0,2.0,1.0,0.0,0.0,3.0,3.0,0,1,1.0,0.0,0.0,0,1.0,3.0,0.0,0.167,0.231,0.25,0.481,1.0,0.08299999999999999,0.064,0.314,0.0,21.428571428571427,0.0,0.2222222222222222,0.16645,314.33333333333337,0.16666666666666666,0.5,0.167,2.0,0.0,3.0,10.0,14.0,12.0,1.0,1.0,0.0,1.0,0.231,0.25,0.0,0,1.0,,3.0,0,1,1.0,0.0,,0.5,0.75
2011,CL,横浜DeNAベイスターズ,11715118,小杉　陽太,Y.Kosugi,5.0,2.0,2.0,0.0,0.0,0.0,0.0,0.0,0.0,0.0,0.0,0,0.0,0.0,0.0,0,0.0,2.0,0.0,0.0,0.0,0.0,0.0,0.0,0.0,0.0,0.0,0.0,100.0,0.0,nan,0.0,0.0,0.0,0.0,0.0,0.0,0.0,0.0,5.0,2.0,2.0,0.0,0.0,0.0,0.0,0.0,0.0,0.0,0,0.0,,0.0,0.0,0,0.0,0.0,,0.0,-0.196
2011,CL,東京ヤクルトスワローズ,11815116,林　昌勇,C.Imu,65.0,0.0,0.0,0.0,0.0,0.0,0.0,0.0,0.0,0.0,0.0,0,0.0,0.0,0.0,0,0.0,0.0,0.0,,,,0.0,0.0,0.0,0.0,,nan,nan,nan,nan,0.0,0.0,nan,nan,,0.0,0.0,0.0,65.0,0.0,0.0,0.0,0.0,0.0,0.0,,,0.0,0,0.0,,0.0,0.0,0,0.0,0.0,,nan,0.0
2011,CL,広島東洋カープ,11815131,ジオ・アルバラード,G.Alvarado,19.0,28.0,24.0,0.0,3.0,0.0,0.0,0.0,3.0,0.0,0.0,0,4.0,0.0,0.0,0,0.0,9.0,3.0,0.125,0.125,0.125,0.25,3.0,0.0,0.0,0.125,0.0,32.142857142857146,0.0,0.2,0.0875,166.66666666666666,0.0,0.125,0.125,3.0,0.0,0.0,19.0,28.0,24.0,3.0,0.0,0.0,0.0,0.125,0.125,0.0,0,0.0,,3.0,0.0,0,4.0,0.0,,0.375,-0.5580000000000003
2011,CL,阪神タイガース,11915114,小嶋　達也,T.Kojima,36.0,8.0,6.0,0.0,0.0,0.0,0.0,0.0,0.0,0.0,0.0,0,2.0,0.0,0.0,0,0.0,2.0,0.0,0.0,0.0,0.0,0.0,0.0,0.0,0.0,0.0,0.0,25.0,0.0,0.0,0.0,0.0,0.0,0.0,0.0,0.0,0.0,0.0,36.0,8.0,6.0,0.0,0.0,0.0,0.0,0.0,0.0,0.0,0,0.0,,0.0,0.0,0,2.0,0.0,,0.0,-0.5880000000000001
2011,CL,広島東洋カープ,11915116,篠田　純平,J.Shinoda,18.0,33.0,24.0,2.0,4.0,0.0,0.0,0.0,4.0,0.0,0.0,0,6.0,0.0,3.0,0,0.0,3.0,2.0,0.167,0.259,0.167,0.42600000000000005,4.0,0.0,0.092,0.259,9.090909090909092,9.090909090909092,1.0,0.19047619047619047,0.1583,314.66666666666663,0.125,0.3181818181818182,0.167,4.0,0.0,0.0,18.0,33.0,24.0,4.0,0.0,0.0,2.0,0.259,0.167,3.0,0,0.0,,4.0,0.0,0,6.0,0.0,,1.037037037037037,1.0300000000000002
2011,CL,中日ドラゴンズ,1205114,堂上　直倫,N.Donoue,62.0,123.0,115.0,6.0,24.0,4.0,0.0,2.0,34.0,10.0,0.0,0,3.0,0.0,4.0,0,1.0,18.0,5.0,0.209,0.242,0.296,0.538,18.0,0.087,0.033,0.3289999999999999,3.2520325203252036,14.634146341463413,0.2222222222222222,0.23157894736842105,0.1829,340.6666666666667,0.12173913043478261,0.40625,0.209,24.0,2.0,10.0,62.0,123.0,115.0,18.0,4.0,0.0,6.0,0.242,0.296,4.0,0,1.0,,34.0,0.0,0,3.0,0.0,,8.0,7.4919999999999956
2011,CL,広島東洋カープ,1205117,永川　勝浩,K.Nagakawa,19.0,0.0,0.0,0.0,0.0,0.0,0.0,0.0,0.0,0.0,0.0,0,0.0,0.0,0.0,0,0.0,0.0,0.0,,,,0.0,0.0,0.0,0.0,,nan,nan,nan,nan,0.0,0.0,nan,nan,,0.0,0.0,0.0,19.0,0.0,0.0,0.0,0.0,0.0,0.0,,,0.0,0,0.0,,0.0,0.0,0,0.0,0.0,,nan,0.0
2011,CL,広島東洋カープ,1305114,上野　弘文,H.Ueno,32.0,0.0,0.0,0.0,0.0,0.0,0.0,0.0,0.0,0.0,0.0,0,0.0,0.0,0.0,0,0.0,0.0,0.0,,,,0.0,0.0,0.0,0.0,,nan,nan,nan,nan,0.0,0.0,nan,nan,,0.0,0.0,0.0,32.0,0.0,0.0,0.0,0.0,0.0,0.0,,,0.0,0,0.0,,0.0,0.0,0,0.0,0.0,,nan,0.0
2011,CL,横浜DeNAベイスターズ,1305116,大田　阿斗里,A.Oota,3.0,2.0,2.0,0.0,0.0,0.0,0.0,0.0,0.0,0.0,0.0,0,0.0,0.0,0.0,0,0.0,1.0,0.0,0.0,0.0,0.0,0.0,0.0,0.0,0.0,0.0,0.0,50.0,0.0,0.0,0.0,0.0,0.0,0.0,0.0,0.0,0.0,0.0,3.0,2.0,2.0,0.0,0.0,0.0,0.0,0.0,0.0,0.0,0,0.0,,0.0,0.0,0,0.0,0.0,,0.0,-0.196
2011,CL,阪神タイガース,1305118,上本　博紀,H.Uemoto,67.0,131.0,108.0,20.0,27.0,7.0,0.0,3.0,43.0,13.0,8,3,7.0,2.0,14.0,0,0.0,27.0,0.0,0.25,0.331,0.398,0.7290000000000001,17.0,0.14800000000000002,0.08100000000000002,0.479,10.687022900763358,20.610687022900763,0.5185185185185185,0.3,0.24845,463.6666666666667,0.3055555555555556,0.7407407407407407,0.25,27.0,3.0,13.0,67.0,131.0,108.0,17.0,7.0,0.0,20.0,0.331,0.398,14.0,0,0.0,,43.0,8,3,7.0,2.0,,14.450819672131148,15.081999999999999
2011,CL,中日ドラゴンズ,1305131,大島　洋平,Y.Ooshima,96.0,355.0,300.0,25.0,73.0,6.0,4.0,3.0,96.0,18.0,8,2,19.0,2.0,29.0,0,5.0,50.0,3.0,0.243,0.318,0.32,0.638,60.0,0.07700000000000001,0.07500000000000001,0.395,8.169014084507042,14.084507042253522,0.58,0.28112449799196787,0.22310000000000002,424.6666666666667,0.18,0.5739130434782609,0.243,73.0,3.0,18.0,96.0,355.0,300.0,60.0,6.0,4.0,25.0,0.318,0.32,29.0,0,5.0,,96.0,8,2,19.0,2.0,,29.762917933130698,32.134
2011,CL,阪神タイガース,1305133,榎田　大樹,D.Enokida,62.0,0.0,0.0,0.0,0.0,0.0,0.0,0.0,0.0,0.0,0.0,0,0.0,0.0,0.0,0,0.0,0.0,0.0,,,,0.0,0.0,0.0,0.0,,nan,nan,nan,nan,0.0,0.0,nan,nan,,0.0,0.0,0.0,62.0,0.0,0.0,0.0,0.0,0.0,0.0,,,0.0,0,0.0,,0.0,0.0,0,0.0,0.0,,nan,0.0
2011,CL,読売ジャイアンツ,13115112,脇谷　亮太,R.Wakiya,53.0,167.0,154.0,12.0,27.0,3.0,2.0,0.0,34.0,10.0,7,2,4.0,1.0,6.0,0,2.0,24.0,0.0,0.175,0.215,0.221,0.436,22.0,0.04600000000000001,0.04000000000000001,0.261,3.592814371257485,14.37125748502994,0.25,0.20610687022900764,0.152,288.6666666666667,0.09740259740259741,0.3464566929133858,0.175,27.0,0.0,10.0,53.0,167.0,154.0,22.0,3.0,2.0,12.0,0.215,0.221,6.0,0,2.0,,34.0,7,2,4.0,1.0,,7.0125,5.793999999999999
2011,CL,中日ドラゴンズ,13115133,グスマン,J.Guzman,73.0,251.0,238.0,15.0,43.0,7.0,0.0,7.0,71.0,15.0,0.0,0,0.0,1.0,9.0,0,3.0,81.0,7.0,0.181,0.219,0.298,0.517,29.0,0.11699999999999999,0.038000000000000006,0.3359999999999999,3.5856573705179287,32.27091633466135,0.1111111111111111,0.23841059602649006,0.17304999999999998,318.33333333333337,0.15546218487394958,0.41089108910891087,0.181,43.0,7.0,15.0,73.0,251.0,238.0,29.0,7.0,0.0,15.0,0.219,0.298,9.0,0,3.0,,71.0,0.0,0,0.0,1.0,,14.947368421052632,14.469999999999999
2011,CL,東京ヤクルトスワローズ,13315133,W.バレンティン,W.Balentien,140.0,555.0,486.0,63.0,111.0,22.0,1.0,31.0,228.0,76.0,3,1,0.0,6.0,61.0,0,2.0,131.0,15.0,0.228,0.314,0.469,0.7829999999999999,57.0,0.24099999999999996,0.086,0.5549999999999999,10.99099099099099,23.603603603603602,0.46564885496183206,0.24242424242424243,0.25855,470.3333333333333,0.3683127572016461,0.7487179487179487,0.228,111.0,31.0,76.0,140.0,555.0,486.0,57.0,22.0,1.0,63.0,0.314,0.469,61.0,0,2.0,,228.0,3,1,0.0,6.0,,71.6928702010969,74.24000000000002
2011,CL,阪神タイガース,13515118,鄭　凱文,K.Zen,3.0,3.0,3.0,1.0,1.0,1.0,0.0,0.0,2.0,0.0,0.0,0,0.0,0.0,0.0,0,0.0,0.0,1.0,0.333,0.333,0.667,1.0,0.0,0.334,0.0,0.667,0.0,0.0,nan,0.3333333333333333,0.3166,555.3333333333334,0.3333333333333333,0.6666666666666666,0.333,1.0,0.0,0.0,3.0,3.0,3.0,0.0,1.0,0.0,1.0,0.333,0.667,0.0,0,0.0,,2.0,0.0,0,0.0,0.0,,0.6666666666666666,0.524
2011,CL,読売ジャイアンツ,13515133,R.ライアル,R.Ryal,33.0,101.0,96.0,6.0,19.0,4.0,0.0,0.0,23.0,4.0,0,1,0.0,0.0,4.0,0,1.0,31.0,2.0,0.198,0.238,0.24,0.478,15.0,0.04199999999999998,0.03999999999999998,0.2799999999999999,3.9603960396039604,30.693069306930692,0.12903225806451613,0.2923076923076923,0.1671,318.0,0.09375,0.3670886075949367,0.198,19.0,0.0,4.0,33.0,101.0,96.0,15.0,4.0,0.0,6.0,0.238,0.24,4.0,0,1.0,,23.0,0,1,0.0,0.0,,5.29,4.663999999999999
2011,CL,広島東洋カープ,1405116,松山　竜平,R.Matsuyama,68.0,204.0,196.0,15.0,53.0,6.0,1.0,3.0,70.0,19.0,0,1,0.0,0.0,8.0,0,0.0,20.0,5.0,0.27,0.299,0.357,0.6559999999999999,43.0,0.08699999999999997,0.02899999999999997,0.3859999999999999,3.9215686274509802,9.803921568627452,0.4,0.28901734104046245,0.2238,418.0,0.1326530612244898,0.5337837837837838,0.27,53.0,3.0,19.0,68.0,204.0,196.0,43.0,6.0,1.0,15.0,0.299,0.357,8.0,0,0.0,,70.0,0,1,0.0,0.0,,20.931372549019606,19.985999999999997
2011,CL,東京ヤクルトスワローズ,1405118,R.フェルナンデス,R.Fernandes,1.0,0.0,0.0,0.0,0.0,0.0,0.0,0.0,0.0,0.0,0.0,0,0.0,0.0,0.0,0,0.0,0.0,0.0,,,,0.0,0.0,0.0,0.0,,nan,nan,nan,nan,0.0,0.0,nan,nan,,0.0,0.0,0.0,1.0,0.0,0.0,0.0,0.0,0.0,0.0,,,0.0,0,0.0,,0.0,0.0,0,0.0,0.0,,nan,0.0
2011,CL,中日ドラゴンズ,1503888,英智,H.Hidenori（kuramoto,56.0,24.0,20.0,9.0,2.0,0.0,0.0,0.0,2.0,1.0,2,0,2.0,0.0,2.0,0,0.0,3.0,0.0,0.1,0.182,0.1,0.28200000000000003,2.0,0.0,0.08199999999999999,0.182,8.333333333333332,12.5,0.6666666666666666,0.11764705882352941,0.1069,215.33333333333331,0.1,0.2222222222222222,0.1,2.0,0.0,1.0,56.0,24.0,20.0,2.0,0.0,0.0,9.0,0.182,0.1,2.0,0,0.0,,2.0,2,0,2.0,0.0,,0.36363636363636365,-0.10399999999999987
2011,CL,東京ヤクルトスワローズ,1505116,加藤　幹典,M.Katou,6.0,2.0,2.0,1.0,0.0,0.0,0.0,0.0,0.0,0.0,0.0,0,0.0,0.0,0.0,0,0.0,0.0,0.0,0.0,0.0,0.0,0.0,0.0,0.0,0.0,0.0,0.0,0.0,nan,0.0,0.0,0.0,0.0,0.0,0.0,0.0,0.0,0.0,6.0,2.0,2.0,0.0,0.0,0.0,1.0,0.0,0.0,0.0,0,0.0,,0.0,0.0,0,0.0,0.0,,0.0,-0.196
2011,CL,阪神タイガース,1505119,黒瀬　春樹,H.Kurose,2.0,2.0,2.0,0.0,0.0,0.0,0.0,0.0,0.0,0.0,0.0,0,0.0,0.0,0.0,0,0.0,0.0,0.0,0.0,0.0,0.0,0.0,0.0,0.0,0.0,0.0,0.0,0.0,nan,0.0,0.0,0.0,0.0,0.0,0.0,0.0,0.0,0.0,2.0,2.0,2.0,0.0,0.0,0.0,0.0,0.0,0.0,0.0,0,0.0,,0.0,0.0,0,0.0,0.0,,0.0,-0.196
2011,CL,横浜DeNAベイスターズ,1505133,加賀美　希昇,K.Kagami,1.0,2.0,1.0,1.0,1.0,1.0,0.0,0.0,2.0,0.0,0.0,0,1.0,0.0,0.0,0,0.0,0.0,0.0,1.0,1.0,2.0,3.0,0.0,1.0,0.0,2.0,0.0,0.0,nan,1.0,0.95,1666.6666666666665,1.0,nan,1.0,1.0,0.0,0.0,1.0,2.0,1.0,0.0,1.0,0.0,1.0,1.0,2.0,0.0,0,0.0,,2.0,0.0,0,1.0,0.0,,2.0,0.72
2011,CL,読売ジャイアンツ,1605114,松本　哲也,T.Matsumoto,20.0,19.0,19.0,2.0,1.0,0.0,0.0,0.0,1.0,0.0,0.0,0,0.0,0.0,0.0,0,0.0,4.0,1.0,0.053,0.053,0.053,0.106,1.0,0.0,0.0,0.053,0.0,21.052631578947366,0.0,0.06666666666666667,0.0371,70.66666666666667,0.0,0.05263157894736842,0.053,1.0,0.0,0.0,20.0,19.0,19.0,1.0,0.0,0.0,2.0,0.053,0.053,0.0,0,0.0,,1.0,0.0,0,0.0,0.0,,0.05263157894736842,-1.264
2011,CL,横浜DeNAベイスターズ,1705114,北　篤,A.Kita,12.0,25.0,21.0,0.0,5.0,1.0,0.0,0.0,6.0,1.0,0.0,0,1.0,1.0,2.0,0,0.0,9.0,1.0,0.238,0.292,0.286,0.578,4.0,0.04799999999999999,0.05399999999999999,0.3399999999999999,8.0,36.0,0.2222222222222222,0.38461538461538464,0.20289999999999997,387.3333333333333,0.14285714285714285,0.47058823529411764,0.238,5.0,0.0,1.0,12.0,25.0,21.0,4.0,1.0,0.0,0.0,0.292,0.286,2.0,0,0.0,,6.0,0.0,0,1.0,1.0,,1.826086956521739,1.8119999999999998
2011,CL,横浜DeNAベイスターズ,1705116,小林　太志,F.Kobayashi,17.0,18.0,16.0,0.0,2.0,0.0,0.0,0.0,2.0,0.0,0.0,0,2.0,0.0,0.0,0,0.0,9.0,0.0,0.125,0.125,0.125,0.25,2.0,0.0,0.0,0.125,0.0,50.0,0.0,0.2857142857142857,0.0875,166.66666666666666,0.0,0.14285714285714285,0.125,2.0,0.0,0.0,17.0,18.0,16.0,2.0,0.0,0.0,0.0,0.125,0.125,0.0,0,0.0,,2.0,0.0,0,2.0,0.0,,0.25,-0.3720000000000001
2011,CL,広島東洋カープ,1705117,木村　昇吾,S.Kimura,106.0,349.0,293.0,30.0,76.0,6.0,1.0,0.0,84.0,17.0,3.0,3,37.0,1.0,14.0,0,4.0,53.0,6.0,0.259,0.301,0.287,0.588,69.0,0.02799999999999997,0.04199999999999998,0.3289999999999999,4.011461318051576,15.18624641833811,0.2641509433962264,0.3153526970954357,0.2072,396.6666666666667,0.08532423208191127,0.47085201793721976,0.259,76.0,0.0,17.0,106.0,349.0,293.0,69.0,6.0,1.0,30.0,0.301,0.287,14.0,0,4.0,,84.0,3.0,3,37.0,1.0,,24.62540716612378,25.073999999999995
2011,CL,横浜DeNAベイスターズ,1705119,嶋村　一輝,I.Shimamura,49.0,59.0,58.0,5.0,12.0,3.0,1.0,0.0,17.0,6.0,0.0,0,1.0,0.0,0.0,0,0.0,21.0,2.0,0.207,0.207,0.293,0.5,8.0,0.086,0.0,0.293,0.0,35.59322033898305,0.0,0.32432432432432434,0.1664,304.66666666666663,0.08620689655172414,0.3541666666666667,0.207,12.0,0.0,6.0,49.0,59.0,58.0,8.0,3.0,1.0,5.0,0.207,0.293,0.0,0,0.0,,17.0,0.0,0,1.0,0.0,,3.5172413793103448,2.692
2011,CL,横浜DeNAベイスターズ,1705131,国吉　佑樹,Y.Kuniyoshi,8.0,16.0,14.0,0.0,0.0,0.0,0.0,0.0,0.0,0.0,0.0,0,2.0,0.0,0.0,0,0.0,8.0,0.0,0.0,0.0,0.0,0.0,0.0,0.0,0.0,0.0,0.0,50.0,0.0,0.0,0.0,0.0,0.0,0.0,0.0,0.0,0.0,0.0,8.0,16.0,14.0,0.0,0.0,0.0,0.0,0.0,0.0,0.0,0,0.0,,0.0,0.0,0,2.0,0.0,,0.0,-1.372
2011,CL,東京ヤクルトスワローズ,1705133,久古　健太郎,K.Kyuuko,52.0,0.0,0.0,0.0,0.0,0.0,0.0,0.0,0.0,0.0,0.0,0,0.0,0.0,0.0,0,0.0,0.0,0.0,,,,0.0,0.0,0.0,0.0,,nan,nan,nan,nan,0.0,0.0,nan,nan,,0.0,0.0,0.0,52.0,0.0,0.0,0.0,0.0,0.0,0.0,,,0.0,0,0.0,,0.0,0.0,0,0.0,0.0,,nan,0.0
2011,CL,中日ドラゴンズ,1905119,堂上　剛裕,T.Donoue,64.0,117.0,108.0,11.0,31.0,10.0,1.0,1.0,46.0,15.0,0.0,0,0.0,0.0,7.0,0,2.0,20.0,4.0,0.287,0.342,0.426,0.768,19.0,0.139,0.05500000000000005,0.481,5.982905982905983,17.094017094017094,0.35,0.3448275862068966,0.2604,484.0,0.2037037037037037,0.6790123456790124,0.287,31.0,1.0,15.0,64.0,117.0,108.0,19.0,10.0,1.0,11.0,0.342,0.426,7.0,0,2.0,,46.0,0.0,0,0.0,0.0,,15.2,14.604
2011,CL,横浜DeNAベイスターズ,21023885,中村　紀洋,N.Nakamura,62.0,126.0,115.0,6.0,24.0,3.0,1.0,1.0,32.0,14.0,0,1,0.0,2.0,9.0,0,0.0,27.0,1.0,0.209,0.262,0.278,0.54,19.0,0.06900000000000003,0.05300000000000002,0.331,7.142857142857142,21.428571428571427,0.3333333333333333,0.25842696629213485,0.1874,354.6666666666667,0.1565217391304348,0.45652173913043476,0.209,24.0,1.0,14.0,62.0,126.0,115.0,19.0,3.0,1.0,6.0,0.262,0.278,9.0,0,0.0,,32.0,0,1,0.0,2.0,,8.516129032258064,8.371999999999998
2011,CL,読売ジャイアンツ,21025116,中井　大介,D.Nakai,2.0,2.0,2.0,0.0,0.0,0.0,0.0,0.0,0.0,0.0,0.0,0,0.0,0.0,0.0,0,0.0,1.0,0.0,0.0,0.0,0.0,0.0,0.0,0.0,0.0,0.0,0.0,50.0,0.0,0.0,0.0,0.0,0.0,0.0,0.0,0.0,0.0,0.0,2.0,2.0,2.0,0.0,0.0,0.0,0.0,0.0,0.0,0.0,0,0.0,,0.0,0.0,0,0.0,0.0,,0.0,-0.196
2011,CL,広島東洋カープ,21123888,井生　崇光,T.Iou,42.0,95.0,82.0,7.0,21.0,6.0,0.0,1.0,30.0,7.0,0.0,0,5.0,0.0,5.0,0,3.0,11.0,2.0,0.256,0.322,0.366,0.688,14.0,0.10999999999999999,0.066,0.432,5.263157894736842,11.578947368421053,0.45454545454545453,0.2857142857142857,0.2364,444.0,0.17073170731707318,0.6031746031746031,0.256,21.0,1.0,7.0,42.0,95.0,82.0,14.0,6.0,0.0,7.0,0.322,0.366,5.0,0,3.0,,30.0,0.0,0,5.0,0.0,,8.96551724137931,9.422
2011,CL,東京ヤクルトスワローズ,21125110,一場　靖弘,Y.Ichiba,5.0,0.0,0.0,0.0,0.0,0.0,0.0,0.0,0.0,0.0,0.0,0,0.0,0.0,0.0,0,0.0,0.0,0.0,,,,0.0,0.0,0.0,0.0,,nan,nan,nan,nan,0.0,0.0,nan,nan,,0.0,0.0,0.0,5.0,0.0,0.0,0.0,0.0,0.0,0.0,,,0.0,0,0.0,,0.0,0.0,0,0.0,0.0,,nan,0.0
2011,CL,読売ジャイアンツ,21125113,阿部　慎之助,S.Abe,114.0,437.0,390.0,45.0,114.0,21.0,0.0,20.0,195.0,61.0,1.0,1,2.0,1.0,35.0,0,9.0,66.0,12.0,0.292,0.363,0.5,0.863,73.0,0.20800000000000002,0.07100000000000001,0.571,8.009153318077804,15.102974828375288,0.5303030303030303,0.3081967213114754,0.28835,529.6666666666666,0.3,0.8333333333333334,0.292,114.0,20.0,61.0,114.0,437.0,390.0,73.0,21.0,0.0,45.0,0.363,0.5,35.0,0,9.0,,195.0,1.0,1,2.0,1.0,,68.36470588235294,68.07199999999999
2011,CL,中日ドラゴンズ,21125118,伊藤　準規,J.Itou,9.0,14.0,13.0,0.0,1.0,0.0,0.0,0.0,1.0,0.0,0.0,0,1.0,0.0,0.0,0,0.0,11.0,0.0,0.077,0.077,0.077,0.154,1.0,0.0,0.0,0.077,0.0,78.57142857142857,0.0,0.5,0.0539,102.66666666666667,0.0,0.08333333333333333,0.077,1.0,0.0,0.0,9.0,14.0,13.0,1.0,0.0,0.0,0.0,0.077,0.077,0.0,0,0.0,,1.0,0.0,0,1.0,0.0,,0.07692307692307693,-0.6760000000000002
2011,CL,中日ドラゴンズ,21223884,森野　将彦,M.Morino,142.0,595.0,508.0,46.0,118.0,19.0,0.0,10.0,167.0,45.0,0.0,0,13.0,5.0,64.0,0,5.0,89.0,9.0,0.232,0.321,0.329,0.65,89.0,0.097,0.089,0.418,10.756302521008404,14.957983193277311,0.7191011235955056,0.2608695652173913,0.2267,430.6666666666667,0.22244094488188976,0.5914786967418546,0.232,118.0,10.0,45.0,142.0,595.0,508.0,89.0,19.0,0.0,46.0,0.321,0.329,64.0,0,5.0,,167.0,0.0,0,13.0,5.0,,53.13636363636363,57.129999999999995
2011,CL,読売ジャイアンツ,21223886,古城　茂幸,S.Furuki,74.0,157.0,134.0,12.0,33.0,3.0,1.0,1.0,41.0,12.0,1,0,5.0,1.0,11.0,0,6.0,29.0,1.0,0.246,0.329,0.306,0.635,28.0,0.06,0.08300000000000002,0.389,7.006369426751593,18.471337579617835,0.3793103448275862,0.3047619047619048,0.22455000000000003,431.0,0.1417910447761194,0.5686274509803921,0.246,33.0,1.0,12.0,74.0,157.0,134.0,28.0,3.0,1.0,12.0,0.329,0.306,11.0,0,6.0,,41.0,1,0,5.0,1.0,,12.441379310344828,14.352
2011,CL,横浜DeNAベイスターズ,21225110,藤田　一也,K.Fujita,96.0,208.0,188.0,16.0,57.0,8.0,1.0,1.0,70.0,15.0,0.0,0,3.0,0.0,10.0,0,7.0,20.0,3.0,0.303,0.361,0.372,0.733,47.0,0.069,0.057999999999999996,0.43,4.807692307692308,9.615384615384617,0.5,0.33532934131736525,0.25545,485.0,0.12234042553191489,0.6492537313432836,0.303,57.0,1.0,15.0,96.0,208.0,188.0,47.0,8.0,1.0,16.0,0.361,0.372,10.0,0,7.0,,70.0,0.0,0,3.0,0.0,,23.68686868686869,24.512
2011,CL,東京ヤクルトスワローズ,21225113,藤本　敦士,A.Fujimoto,23.0,48.0,44.0,5.0,9.0,2.0,1.0,1.0,16.0,6.0,0,1,0.0,0.0,4.0,0,0.0,7.0,0.0,0.205,0.271,0.364,0.635,5.0,0.159,0.06600000000000003,0.43,8.333333333333332,14.583333333333334,0.5714285714285714,0.2222222222222222,0.21295000000000003,392.33333333333337,0.2727272727272727,0.6,0.205,9.0,1.0,6.0,23.0,48.0,44.0,5.0,2.0,1.0,5.0,0.271,0.364,4.0,0,0.0,,16.0,0,1,0.0,0.0,,4.333333333333333,4.49
2011,CL,中日ドラゴンズ,21225115,久本　祐一,Y.Hisamoto,10.0,3.0,2.0,0.0,0.0,0.0,0.0,0.0,0.0,0.0,0.0,0,1.0,0.0,0.0,0,0.0,2.0,0.0,0.0,0.0,0.0,0.0,0.0,0.0,0.0,0.0,0.0,66.66666666666666,0.0,nan,0.0,0.0,0.0,0.0,0.0,0.0,0.0,0.0,10.0,3.0,2.0,0.0,0.0,0.0,0.0,0.0,0.0,0.0,0,0.0,,0.0,0.0,0,1.0,0.0,,0.0,-0.196
2011,CL,阪神タイガース,21225118,西村　憲,K.Nishimura,22.0,1.0,1.0,0.0,0.0,0.0,0.0,0.0,0.0,0.0,0.0,0,0.0,0.0,0.0,0,0.0,0.0,0.0,0.0,0.0,0.0,0.0,0.0,0.0,0.0,0.0,0.0,0.0,nan,0.0,0.0,0.0,0.0,0.0,0.0,0.0,0.0,0.0,22.0,1.0,1.0,0.0,0.0,0.0,0.0,0.0,0.0,0.0,0,0.0,,0.0,0.0,0,0.0,0.0,,0.0,-0.098
2011,CL,読売ジャイアンツ,21225131,星野　真澄,M.Hoshino,3.0,0.0,0.0,0.0,0.0,0.0,0.0,0.0,0.0,0.0,0.0,0,0.0,0.0,0.0,0,0.0,0.0,0.0,,,,0.0,0.0,0.0,0.0,,nan,nan,nan,nan,0.0,0.0,nan,nan,,0.0,0.0,0.0,3.0,0.0,0.0,0.0,0.0,0.0,0.0,,,0.0,0,0.0,,0.0,0.0,0,0.0,0.0,,nan,0.0
2011,CL,中日ドラゴンズ,21323880,河原　純一,J.Kawahara,30.0,0.0,0.0,0.0,0.0,0.0,0.0,0.0,0.0,0.0,0.0,0,0.0,0.0,0.0,0,0.0,0.0,0.0,,,,0.0,0.0,0.0,0.0,,nan,nan,nan,nan,0.0,0.0,nan,nan,,0.0,0.0,0.0,30.0,0.0,0.0,0.0,0.0,0.0,0.0,,,0.0,0,0.0,,0.0,0.0,0,0.0,0.0,,nan,0.0
2011,CL,読売ジャイアンツ,21323884,小笠原　道大,M.Ogasawara,83.0,314.0,281.0,21.0,68.0,12.0,0.0,5.0,95.0,20.0,1,3,0.0,2.0,27.0,0,4.0,66.0,4.0,0.242,0.315,0.338,0.653,51.0,0.09600000000000003,0.07300000000000001,0.411,8.598726114649681,21.019108280254777,0.4090909090909091,0.2971698113207547,0.22625,427.6666666666667,0.20284697508896798,0.5944700460829493,0.242,68.0,5.0,20.0,83.0,314.0,281.0,51.0,12.0,0.0,21.0,0.315,0.338,27.0,0,4.0,,95.0,1,3,0.0,2.0,,29.301948051948052,31.236000000000004
2011,CL,広島東洋カープ,21323887,菊地原　毅,T.Kikuchihara,5.0,0.0,0.0,0.0,0.0,0.0,0.0,0.0,0.0,0.0,0.0,0,0.0,0.0,0.0,0,0.0,0.0,0.0,,,,0.0,0.0,0.0,0.0,,nan,nan,nan,nan,0.0,0.0,nan,nan,,0.0,0.0,0.0,5.0,0.0,0.0,0.0,0.0,0.0,0.0,,,0.0,0,0.0,,0.0,0.0,0,0.0,0.0,,nan,0.0
2011,CL,読売ジャイアンツ,21323888,加藤　健,K.Katou,21.0,39.0,33.0,1.0,5.0,1.0,0.0,1.0,9.0,5.0,0.0,0,1.0,0.0,5.0,0,0.0,10.0,3.0,0.152,0.263,0.273,0.536,3.0,0.12100000000000002,0.11100000000000002,0.384,12.82051282051282,25.64102564102564,0.5,0.18181818181818182,0.18660000000000002,354.00000000000006,0.2727272727272727,0.45161290322580644,0.152,5.0,1.0,5.0,21.0,39.0,33.0,3.0,1.0,0.0,1.0,0.263,0.273,5.0,0,0.0,,9.0,0.0,0,1.0,0.0,,2.3684210526315788,2.5659999999999994
2011,CL,広島東洋カープ,21425116,丸　佳浩,Y.Maru,131.0,495.0,435.0,48.0,105.0,16.0,4.0,9.0,156.0,50.0,9,6,9.0,1.0,44.0,0,6.0,105.0,2.0,0.241,0.319,0.359,0.6779999999999999,76.0,0.118,0.07800000000000001,0.437,8.88888888888889,21.21212121212121,0.41904761904761906,0.2981366459627329,0.2333,438.66666666666663,0.23218390804597702,0.6385542168674698,0.241,105.0,9.0,50.0,131.0,495.0,435.0,76.0,16.0,4.0,48.0,0.319,0.359,44.0,0,6.0,,156.0,9,6,9.0,1.0,,48.52609603340292,51.87999999999998
2011,CL,広島東洋カープ,21425117,松本　高明,T.Matsumoto,38.0,63.0,52.0,9.0,11.0,3.0,0.0,0.0,14.0,5.0,1,0,2.0,2.0,4.0,0,3.0,12.0,1.0,0.212,0.295,0.269,0.5640000000000001,8.0,0.05700000000000002,0.08299999999999999,0.352,6.349206349206349,19.047619047619047,0.3333333333333333,0.2619047619047619,0.2,384.66666666666663,0.1346153846153846,0.5,0.212,11.0,0.0,5.0,38.0,63.0,52.0,8.0,3.0,0.0,9.0,0.295,0.269,4.0,0,3.0,,14.0,1,0,2.0,2.0,,3.75,4.452000000000001
2011,CL,横浜DeNAベイスターズ,21523886,篠原　貴行,T.Shinohara,67.0,0.0,0.0,0.0,0.0,0.0,0.0,0.0,0.0,0.0,0.0,0,0.0,0.0,0.0,0,0.0,0.0,0.0,,,,0.0,0.0,0.0,0.0,,nan,nan,nan,nan,0.0,0.0,nan,nan,,0.0,0.0,0.0,67.0,0.0,0.0,0.0,0.0,0.0,0.0,,,0.0,0,0.0,,0.0,0.0,0,0.0,0.0,,nan,0.0
2011,CL,中日ドラゴンズ,21523887,佐伯　貴弘,T.Saeki,64.0,118.0,109.0,4.0,22.0,4.0,1.0,1.0,31.0,6.0,0.0,0,3.0,0.0,5.0,0,1.0,22.0,3.0,0.202,0.243,0.284,0.5269999999999999,16.0,0.08199999999999996,0.04099999999999998,0.3249999999999999,4.23728813559322,18.64406779661017,0.22727272727272727,0.2441860465116279,0.18035,337.6666666666667,0.12844036697247707,0.4111111111111111,0.202,22.0,1.0,6.0,64.0,118.0,109.0,16.0,4.0,1.0,4.0,0.243,0.284,5.0,0,1.0,,31.0,0.0,0,3.0,0.0,,7.342105263157895,6.813999999999998
2011,CL,中日ドラゴンズ,21523888,小池　正晃,M.Koike,73.0,150.0,127.0,12.0,34.0,8.0,1.0,5.0,59.0,21.0,0.0,0,8.0,0.0,12.0,0,3.0,32.0,6.0,0.268,0.345,0.465,0.81,20.0,0.197,0.07699999999999996,0.542,8.0,21.333333333333336,0.375,0.32222222222222224,0.2715,500.0,0.29133858267716534,0.7474747474747475,0.268,34.0,5.0,21.0,73.0,150.0,127.0,20.0,8.0,1.0,12.0,0.345,0.465,12.0,0,3.0,,59.0,0.0,0,8.0,0.0,,19.52517985611511,19.836
2011,CL,阪神タイガース,21525113,加藤　康介,K.Katou,4.0,0.0,0.0,0.0,0.0,0.0,0.0,0.0,0.0,0.0,0.0,0,0.0,0.0,0.0,0,0.0,0.0,0.0,,,,0.0,0.0,0.0,0.0,,nan,nan,nan,nan,0.0,0.0,nan,nan,,0.0,0.0,0.0,4.0,0.0,0.0,0.0,0.0,0.0,0.0,,,0.0,0,0.0,,0.0,0.0,0,0.0,0.0,,nan,0.0
2011,CL,横浜DeNAベイスターズ,21525131,加賀　繁,S.Kaga,29.0,14.0,13.0,0.0,2.0,0.0,0.0,0.0,2.0,0.0,0.0,0,1.0,0.0,0.0,0,0.0,5.0,0.0,0.154,0.154,0.154,0.308,2.0,0.0,0.0,0.154,0.0,35.714285714285715,0.0,0.25,0.1078,205.33333333333334,0.0,0.18181818181818182,0.154,2.0,0.0,0.0,29.0,14.0,13.0,2.0,0.0,0.0,0.0,0.154,0.154,0.0,0,0.0,,2.0,0.0,0,1.0,0.0,,0.3076923076923077,-0.07800000000000007
2011,CL,東京ヤクルトスワローズ,21625112,村中　恭兵,K.Muranaka,15.0,29.0,26.0,0.0,2.0,0.0,0.0,0.0,2.0,0.0,0.0,0,3.0,0.0,0.0,0,0.0,12.0,0.0,0.077,0.077,0.077,0.154,2.0,0.0,0.0,0.077,0.0,41.37931034482759,0.0,0.14285714285714285,0.0539,102.66666666666667,0.0,0.08333333333333333,0.077,2.0,0.0,0.0,15.0,29.0,26.0,2.0,0.0,0.0,0.0,0.077,0.077,0.0,0,0.0,,2.0,0.0,0,3.0,0.0,,0.15384615384615385,-1.3520000000000003
2011,CL,広島東洋カープ,21625115,山本　芳彦,Y.Yamamoto,17.0,27.0,27.0,0.0,9.0,1.0,0.0,0.0,10.0,2.0,0.0,0,0.0,0.0,0.0,0,0.0,4.0,1.0,0.333,0.333,0.37,0.7030000000000001,8.0,0.03699999999999998,0.0,0.37,0.0,14.814814814814813,0.0,0.391304347826087,0.24235,456.33333333333337,0.037037037037037035,0.5263157894736842,0.333,9.0,0.0,2.0,17.0,27.0,27.0,8.0,1.0,0.0,0.0,0.333,0.37,0.0,0,0.0,,10.0,0.0,0,0.0,0.0,,3.3333333333333335,2.9559999999999995
2011,CL,中日ドラゴンズ,21625116,山内　壮馬,S.Yamauchi,11.0,20.0,15.0,0.0,0.0,0.0,0.0,0.0,0.0,0.0,0.0,0,4.0,0.0,1.0,0,0.0,6.0,0.0,0.0,0.062,0.0,0.062,0.0,0.0,0.062,0.062,5.0,30.0,0.16666666666666666,0.0,0.0279,62.0,0.06666666666666667,0.06666666666666667,0.0,0.0,0.0,0.0,11.0,20.0,15.0,0.0,0.0,0.0,0.0,0.062,0.0,1.0,0,0.0,,0.0,0.0,0,4.0,0.0,,0.0,-1.14
2011,CL,中日ドラゴンズ,21625119,チェン・ウェイン,U.（chiぇn,25.0,48.0,44.0,1.0,1.0,0.0,0.0,0.0,1.0,0.0,0.0,0,3.0,0.0,1.0,0,0.0,21.0,2.0,0.023,0.044,0.023,0.067,1.0,0.0,0.020999999999999998,0.044,2.083333333333333,43.75,0.047619047619047616,0.043478260869565216,0.025549999999999996,51.666666666666664,0.022727272727272728,0.044444444444444446,0.023,1.0,0.0,0.0,25.0,48.0,44.0,1.0,0.0,0.0,1.0,0.044,0.023,1.0,0,0.0,,1.0,0.0,0,3.0,0.0,,0.044444444444444446,-3.3840000000000003
2011,CL,読売ジャイアンツ,21723882,鶴岡　一成,K.Tsuruoka,34.0,63.0,55.0,6.0,12.0,1.0,0.0,0.0,13.0,1.0,0.0,0,3.0,0.0,4.0,0,1.0,9.0,0.0,0.218,0.283,0.236,0.5189999999999999,11.0,0.017999999999999988,0.06499999999999997,0.3009999999999999,6.349206349206349,14.285714285714285,0.4444444444444444,0.2608695652173913,0.18635,361.66666666666663,0.09090909090909091,0.4186046511627907,0.218,12.0,0.0,1.0,34.0,63.0,55.0,11.0,1.0,0.0,6.0,0.283,0.236,4.0,0,1.0,,13.0,0.0,0,3.0,0.0,,3.5254237288135593,3.6559999999999997
2011,CL,横浜DeNAベイスターズ,21725112,黒羽根　利規,T.Kurobane,45.0,114.0,97.0,5.0,17.0,3.0,0.0,1.0,23.0,5.0,0.0,0,6.0,0.0,11.0,0,0.0,27.0,3.0,0.175,0.259,0.237,0.496,13.0,0.062,0.08400000000000002,0.321,9.649122807017543,23.684210526315788,0.4074074074074074,0.2318840579710145,0.1758,338.0,0.17525773195876287,0.40963855421686746,0.175,17.0,1.0,5.0,45.0,114.0,97.0,13.0,3.0,0.0,5.0,0.259,0.237,11.0,0,0.0,,23.0,0.0,0,6.0,0.0,,5.962962962962963,5.890000000000001
2011,CL,読売ジャイアンツ,21725117,久保　裕也,Y.Kubo,67.0,1.0,1.0,0.0,0.0,0.0,0.0,0.0,0.0,0.0,0.0,0,0.0,0.0,0.0,0,0.0,1.0,0.0,0.0,0.0,0.0,0.0,0.0,0.0,0.0,0.0,0.0,100.0,0.0,nan,0.0,0.0,0.0,0.0,0.0,0.0,0.0,0.0,67.0,1.0,1.0,0.0,0.0,0.0,0.0,0.0,0.0,0.0,0,0.0,,0.0,0.0,0,0.0,0.0,,0.0,-0.098
2011,CL,阪神タイガース,21725118,柴田　講平,K.Shibata,104.0,218.0,188.0,27.0,51.0,5.0,3.0,0.0,62.0,9.0,7,2,17.0,1.0,12.0,0,0.0,31.0,2.0,0.271,0.313,0.33,0.643,43.0,0.059,0.04199999999999998,0.372,5.5045871559633035,14.220183486238533,0.3870967741935484,0.3227848101265823,0.22335,423.0,0.13297872340425532,0.5467625899280576,0.271,51.0,0.0,9.0,104.0,218.0,188.0,43.0,5.0,3.0,27.0,0.313,0.33,12.0,0,0.0,,62.0,7,2,17.0,1.0,,19.53,19.113999999999997
2011,CL,東京ヤクルトスワローズ,21823888,松元　ユウイチ,Y.Matsumoto,51.0,63.0,57.0,2.0,11.0,2.0,0.0,1.0,16.0,8.0,0.0,0,0.0,0.0,6.0,0,0.0,8.0,2.0,0.193,0.27,0.281,0.551,8.0,0.08800000000000002,0.07700000000000001,0.358,9.523809523809524,12.698412698412698,0.75,0.20833333333333334,0.19175000000000003,363.6666666666667,0.19298245614035087,0.4583333333333333,0.193,11.0,1.0,8.0,51.0,63.0,57.0,8.0,2.0,0.0,2.0,0.27,0.281,6.0,0,0.0,,16.0,0.0,0,0.0,0.0,,4.317460317460317,4.351999999999999
2011,CL,広島東洋カープ,21825116,M.シュルツ,M.Schultz,19.0,0.0,0.0,0.0,0.0,0.0,0.0,0.0,0.0,0.0,0.0,0,0.0,0.0,0.0,0,0.0,0.0,0.0,,,,0.0,0.0,0.0,0.0,,nan,nan,nan,nan,0.0,0.0,nan,nan,,0.0,0.0,0.0,19.0,0.0,0.0,0.0,0.0,0.0,0.0,,,0.0,0,0.0,,0.0,0.0,0,0.0,0.0,,nan,0.0
2011,CL,広島東洋カープ,21923888,東出　輝裕,A.Higashide,137.0,601.0,543.0,60.0,151.0,17.0,3.0,0.0,174.0,27.0,8,6,18.0,2.0,35.0,0,3.0,71.0,7.0,0.278,0.324,0.32,0.644,131.0,0.04199999999999998,0.045999999999999985,0.366,5.823627287853577,11.813643926788686,0.49295774647887325,0.31856540084388185,0.2258,430.6666666666667,0.11786372007366483,0.5463659147869674,0.278,151.0,0.0,27.0,137.0,601.0,543.0,131.0,17.0,3.0,60.0,0.324,0.32,35.0,0,3.0,,174.0,8,6,18.0,2.0,,55.99307958477509,56.064
2011,CL,東京ヤクルトスワローズ,21925110,田中　浩康,H.Tanaka,142.0,619.0,511.0,57.0,129.0,13.0,2.0,1.0,149.0,40.0,2,3,62.0,3.0,40.0,0,3.0,63.0,9.0,0.252,0.309,0.292,0.601,113.0,0.03999999999999998,0.056999999999999995,0.349,6.462035541195476,10.177705977382875,0.6349206349206349,0.28444444444444444,0.21205000000000002,406.3333333333333,0.1232876712328767,0.49872122762148335,0.252,129.0,1.0,40.0,142.0,619.0,511.0,113.0,13.0,2.0,57.0,0.309,0.292,40.0,0,3.0,,149.0,2,3,62.0,3.0,,45.7005444646098,46.674
2011,CL,広島東洋カープ,21925112,梵　英心,E.Soyogi,52.0,232.0,192.0,34.0,41.0,7.0,2.0,2.0,58.0,11.0,8,4,14.0,1.0,23.0,0,2.0,34.0,2.0,0.214,0.303,0.302,0.605,30.0,0.088,0.089,0.391,9.913793103448276,14.655172413793101,0.6764705882352942,0.2484076433121019,0.21184999999999998,403.6666666666667,0.22916666666666666,0.5686274509803921,0.214,41.0,2.0,11.0,52.0,232.0,192.0,30.0,7.0,2.0,34.0,0.303,0.302,23.0,0,2.0,,58.0,8,4,14.0,1.0,,17.26511627906977,19.171999999999997
2011,CL,阪神タイガース,21925119,鳥谷　敬,T.Toritani,144.0,590.0,500.0,71.0,150.0,28.0,7.0,5.0,207.0,51.0,16,3,3.0,5.0,78.0,0,4.0,72.0,10.0,0.3,0.395,0.414,0.8089999999999999,110.0,0.11399999999999999,0.09500000000000003,0.509,13.220338983050848,12.203389830508476,1.0833333333333333,0.338785046728972,0.28125,533.0,0.276,0.8111111111111111,0.3,150.0,5.0,51.0,144.0,590.0,500.0,110.0,28.0,7.0,71.0,0.395,0.414,78.0,0,4.0,,207.0,16,3,3.0,5.0,,81.65397923875433,82.94
2011,CL,中日ドラゴンズ,23125118,T.ブランコ,T.Blanco,78.0,318.0,278.0,39.0,69.0,13.0,1.0,16.0,132.0,48.0,0.0,0,0.0,5.0,30.0,0,5.0,68.0,6.0,0.248,0.327,0.475,0.802,39.0,0.22699999999999998,0.07900000000000001,0.554,9.433962264150944,21.38364779874214,0.4411764705882353,0.2663316582914573,0.2659,485.3333333333333,0.3345323741007194,0.7767441860465116,0.248,69.0,16.0,48.0,78.0,318.0,278.0,39.0,13.0,1.0,39.0,0.327,0.475,30.0,0,5.0,,132.0,0.0,0,0.0,5.0,,42.42857142857143,44.007999999999996
2011,CL,広島東洋カープ,23125133,C.トレーシー,C.Tracy,40.0,164.0,149.0,10.0,35.0,12.0,0.0,1.0,50.0,19.0,0.0,0,0.0,2.0,11.0,0,2.0,34.0,7.0,0.235,0.293,0.336,0.629,22.0,0.10100000000000003,0.057999999999999996,0.394,6.707317073170732,20.73170731707317,0.3235294117647059,0.29310344827586204,0.21585,404.99999999999994,0.174496644295302,0.5206611570247934,0.235,35.0,1.0,19.0,40.0,164.0,149.0,22.0,12.0,0.0,10.0,0.293,0.336,11.0,0,2.0,,50.0,0.0,0,0.0,2.0,,14.375,14.198
2011,CL,読売ジャイアンツ,23725133,J.フィールズ,J.Fields,40.0,116.0,109.0,9.0,22.0,4.0,1.0,2.0,34.0,9.0,0.0,0,0.0,1.0,4.0,0,2.0,32.0,2.0,0.202,0.241,0.312,0.5529999999999999,15.0,0.10999999999999999,0.03899999999999998,0.351,3.4482758620689653,27.586206896551722,0.125,0.2631578947368421,0.18645,345.0,0.14678899082568808,0.449438202247191,0.202,22.0,2.0,9.0,40.0,116.0,109.0,15.0,4.0,1.0,9.0,0.241,0.312,4.0,0,2.0,,34.0,0.0,0,0.0,1.0,,7.823008849557522,7.753999999999998
2011,CL,読売ジャイアンツ,31035110,東野　峻,S.Touno,32.0,46.0,43.0,1.0,3.0,0.0,0.0,1.0,6.0,1.0,0.0,0,3.0,0.0,0.0,0,0.0,17.0,1.0,0.07,0.07,0.14,0.21000000000000002,2.0,0.07,0.0,0.14,0.0,36.95652173913043,0.0,0.08,0.0665,116.66666666666667,0.06976744186046512,0.14634146341463414,0.07,3.0,1.0,1.0,32.0,46.0,43.0,2.0,0.0,0.0,1.0,0.07,0.14,0.0,0,0.0,,6.0,0.0,0,3.0,0.0,,0.4186046511627907,-1.48
2011,CL,東京ヤクルトスワローズ,31035112,武内　晋一,S.Takeuchi,73.0,118.0,102.0,10.0,22.0,4.0,2.0,2.0,36.0,11.0,0.0,0,4.0,2.0,9.0,0,1.0,27.0,2.0,0.216,0.281,0.353,0.634,14.0,0.13699999999999998,0.06500000000000003,0.418,7.627118644067797,22.88135593220339,0.3333333333333333,0.26666666666666666,0.2147,398.6666666666667,0.22549019607843138,0.5609756097560976,0.216,22.0,2.0,11.0,73.0,118.0,102.0,14.0,4.0,2.0,10.0,0.281,0.353,9.0,0,1.0,,36.0,0.0,0,4.0,2.0,,10.054054054054054,10.3
2011,CL,読売ジャイアンツ,31035119,西村　健太朗,K.Nishimura,38.0,32.0,29.0,0.0,3.0,1.0,0.0,0.0,4.0,3.0,0.0,0,3.0,0.0,0.0,0,0.0,19.0,0.0,0.103,0.103,0.138,0.241,2.0,0.03500000000000002,0.0,0.138,0.0,59.375,0.0,0.3,0.08085,149.0,0.034482758620689655,0.15384615384615385,0.103,3.0,0.0,3.0,38.0,32.0,29.0,2.0,1.0,0.0,0.0,0.103,0.138,0.0,0,0.0,,4.0,0.0,0,3.0,0.0,,0.41379310344827586,-0.8280000000000001
2011,CL,東京ヤクルトスワローズ,31035133,七條　祐樹,Y.Shichijou,10.0,17.0,14.0,0.0,2.0,0.0,0.0,0.0,2.0,1.0,0.0,0,3.0,0.0,0.0,0,0.0,6.0,0.0,0.143,0.143,0.143,0.286,2.0,0.0,0.0,0.143,0.0,35.294117647058826,0.0,0.25,0.1001,190.66666666666666,0.0,0.16666666666666666,0.143,2.0,0.0,1.0,10.0,17.0,14.0,2.0,0.0,0.0,0.0,0.143,0.143,0.0,0,0.0,,2.0,0.0,0,3.0,0.0,,0.2857142857142857,-0.17600000000000016
2011,CL,読売ジャイアンツ,3105114,S.グライシンガー,S.Greisinger,9.0,14.0,14.0,0.0,1.0,0.0,0.0,0.0,1.0,0.0,0.0,0,0.0,0.0,0.0,0,0.0,6.0,0.0,0.071,0.071,0.071,0.142,1.0,0.0,0.0,0.071,0.0,42.857142857142854,0.0,0.125,0.049699999999999994,94.66666666666666,0.0,0.07692307692307693,0.071,1.0,0.0,0.0,9.0,14.0,14.0,1.0,0.0,0.0,0.0,0.071,0.071,0.0,0,0.0,,1.0,0.0,0,0.0,0.0,,0.07142857142857142,-0.774
2011,CL,読売ジャイアンツ,3105133,C.トーレス,C.Torres,6.0,9.0,9.0,0.0,0.0,0.0,0.0,0.0,0.0,0.0,0.0,0,0.0,0.0,0.0,0,0.0,9.0,0.0,0.0,0.0,0.0,0.0,0.0,0.0,0.0,0.0,0.0,100.0,0.0,nan,0.0,0.0,0.0,0.0,0.0,0.0,0.0,0.0,6.0,9.0,9.0,0.0,0.0,0.0,0.0,0.0,0.0,0.0,0,0.0,,0.0,0.0,0,0.0,0.0,,0.0,-0.882
2011,CL,広島東洋カープ,31135112,相澤　寿聡,T.Aizawa,2.0,0.0,0.0,0.0,0.0,0.0,0.0,0.0,0.0,0.0,0.0,0,0.0,0.0,0.0,0,0.0,0.0,0.0,,,,0.0,0.0,0.0,0.0,,nan,nan,nan,nan,0.0,0.0,nan,nan,,0.0,0.0,0.0,2.0,0.0,0.0,0.0,0.0,0.0,0.0,,,0.0,0,0.0,,0.0,0.0,0,0.0,0.0,,nan,0.0
2011,CL,広島東洋カープ,31135114,會澤　翼,T.Aizawa,19.0,29.0,28.0,0.0,5.0,1.0,0.0,0.0,6.0,1.0,0.0,0,0.0,0.0,0.0,0,1.0,9.0,3.0,0.179,0.207,0.214,0.421,4.0,0.035,0.027999999999999997,0.242,0.0,31.03448275862069,0.0,0.2631578947368421,0.14665,278.3333333333333,0.03571428571428571,0.2692307692307692,0.179,5.0,0.0,1.0,19.0,29.0,28.0,4.0,1.0,0.0,0.0,0.207,0.214,0.0,0,1.0,,6.0,0.0,0,0.0,0.0,,1.0714285714285714,0.7959999999999998
2011,CL,東京ヤクルトスワローズ,31135118,赤川　克紀,K.Akagawa,23.0,26.0,22.0,0.0,1.0,0.0,0.0,0.0,1.0,2.0,0.0,0,3.0,0.0,1.0,0,0.0,12.0,0.0,0.045,0.087,0.045,0.132,1.0,0.0,0.041999999999999996,0.087,3.8461538461538463,46.15384615384615,0.08333333333333333,0.1,0.0504,102.0,0.045454545454545456,0.09523809523809523,0.045,1.0,0.0,2.0,23.0,26.0,22.0,1.0,0.0,0.0,0.0,0.087,0.045,1.0,0,0.0,,1.0,0.0,0,3.0,0.0,,0.08695652173913043,-1.2280000000000002
2011,CL,東京ヤクルトスワローズ,31135119,青木　宣親,N.Aoki,144.0,643.0,583.0,73.0,170.0,18.0,5.0,4.0,210.0,44.0,8,3,0.0,0.0,51.0,0,9.0,55.0,6.0,0.292,0.358,0.36,0.718,143.0,0.068,0.066,0.426,7.931570762052877,8.553654743390357,0.9272727272727272,0.31679389312977096,0.2511,478.0,0.16123499142367068,0.6515513126491647,0.292,170.0,4.0,44.0,144.0,643.0,583.0,143.0,18.0,5.0,73.0,0.358,0.36,51.0,0,9.0,,210.0,8,3,0.0,0.0,,73.2018927444795,75.286
2011,CL,東京ヤクルトスワローズ,31233882,宮出　隆自,R.Miyade,28.0,45.0,40.0,2.0,12.0,1.0,0.0,0.0,13.0,3.0,0.0,0,0.0,0.0,5.0,0,0.0,7.0,0.0,0.3,0.378,0.325,0.7030000000000001,11.0,0.025000000000000022,0.07800000000000001,0.403,11.11111111111111,15.555555555555555,0.7142857142857143,0.36363636363636365,0.25135,486.3333333333333,0.15,0.6428571428571429,0.3,12.0,0.0,3.0,28.0,45.0,40.0,11.0,1.0,0.0,2.0,0.378,0.325,5.0,0,0.0,,13.0,0.0,0,0.0,0.0,,4.911111111111111,5.1259999999999994
2011,CL,東京ヤクルトスワローズ,31235113,畠山　和洋,K.Hatakeyama,142.0,583.0,494.0,66.0,133.0,24.0,1.0,23.0,228.0,85.0,1,0,1.0,4.0,78.0,0,6.0,94.0,10.0,0.269,0.373,0.462,0.835,85.0,0.193,0.10399999999999998,0.5660000000000001,13.379073756432247,16.123499142367066,0.8297872340425532,0.2887139107611549,0.28335,527.0,0.35020242914979755,0.8409703504043127,0.269,133.0,23.0,85.0,142.0,583.0,494.0,85.0,24.0,1.0,66.0,0.373,0.462,78.0,0,6.0,,228.0,1,0,1.0,4.0,,84.1048951048951,86.282
2011,CL,読売ジャイアンツ,31235114,円谷　英俊,H.Tsuburaya,13.0,20.0,17.0,1.0,2.0,1.0,0.0,0.0,3.0,1.0,0.0,0,1.0,0.0,1.0,0,1.0,5.0,0.0,0.118,0.211,0.176,0.387,1.0,0.057999999999999996,0.093,0.269,5.0,25.0,0.2,0.16666666666666666,0.13895,269.6666666666667,0.11764705882352941,0.3333333333333333,0.118,2.0,0.0,1.0,13.0,20.0,17.0,1.0,1.0,0.0,1.0,0.211,0.176,1.0,0,1.0,,3.0,0.0,0,1.0,0.0,,0.5,0.4099999999999999
2011,CL,広島東洋カープ,31235118,中田　廉,R.Nakata,2.0,2.0,2.0,0.0,2.0,0.0,0.0,0.0,2.0,1.0,0.0,0,0.0,0.0,0.0,0,0.0,0.0,0.0,1.0,1.0,1.0,2.0,2.0,0.0,0.0,1.0,0.0,0.0,nan,1.0,0.7,1333.3333333333333,0.0,nan,1.0,2.0,0.0,1.0,2.0,2.0,2.0,2.0,0.0,0.0,0.0,1.0,1.0,0.0,0,0.0,,2.0,0.0,0,0.0,0.0,,2.0,1.0
2011,CL,読売ジャイアンツ,31335114,隠善　智也,T.Inzen,3.0,1.0,1.0,0.0,0.0,0.0,0.0,0.0,0.0,0.0,0.0,0,0.0,0.0,0.0,0,0.0,1.0,0.0,0.0,0.0,0.0,0.0,0.0,0.0,0.0,0.0,0.0,100.0,0.0,nan,0.0,0.0,0.0,0.0,0.0,0.0,0.0,0.0,3.0,1.0,1.0,0.0,0.0,0.0,0.0,0.0,0.0,0.0,0,0.0,,0.0,0.0,0,0.0,0.0,,0.0,-0.098
2011,CL,中日ドラゴンズ,31433884,和田　一浩,K.Wada,131.0,522.0,444.0,49.0,103.0,24.0,4.0,12.0,171.0,54.0,6,3,0.0,4.0,72.0,0,2.0,64.0,12.0,0.232,0.339,0.385,0.724,63.0,0.153,0.10700000000000001,0.492,13.793103448275861,12.260536398467432,1.125,0.2446236559139785,0.24880000000000002,467.33333333333337,0.32207207207207206,0.7025495750708215,0.232,103.0,12.0,54.0,131.0,522.0,444.0,63.0,24.0,4.0,49.0,0.339,0.385,72.0,0,2.0,,171.0,6,3,0.0,4.0,,57.99418604651163,61.76200000000001
2011,CL,阪神タイガース,31433885,桧山　進次郎,S.Hiyama,69.0,69.0,62.0,1.0,17.0,2.0,0.0,1.0,22.0,8.0,0.0,0,0.0,1.0,5.0,0,1.0,17.0,1.0,0.274,0.333,0.355,0.688,14.0,0.08099999999999996,0.059,0.414,7.246376811594203,24.637681159420293,0.29411764705882354,0.35555555555555557,0.2386,451.33333333333337,0.16129032258064516,0.6086956521739131,0.274,17.0,1.0,8.0,69.0,69.0,62.0,14.0,2.0,0.0,1.0,0.333,0.355,5.0,0,1.0,,22.0,0.0,0,0.0,1.0,,7.223880597014926,7.449999999999999
2011,CL,読売ジャイアンツ,31435112,福田　聡志,S.Fukuda,6.0,4.0,3.0,0.0,0.0,0.0,0.0,0.0,0.0,0.0,0.0,0,1.0,0.0,0.0,0,0.0,1.0,0.0,0.0,0.0,0.0,0.0,0.0,0.0,0.0,0.0,0.0,25.0,0.0,0.0,0.0,0.0,0.0,0.0,0.0,0.0,0.0,0.0,6.0,4.0,3.0,0.0,0.0,0.0,0.0,0.0,0.0,0.0,0,0.0,,0.0,0.0,0,1.0,0.0,,0.0,-0.29400000000000004
2011,CL,中日ドラゴンズ,31435113,水田　圭介,K.Mizuta,14.0,19.0,15.0,0.0,2.0,0.0,0.0,0.0,2.0,0.0,0.0,0,2.0,0.0,2.0,0,0.0,1.0,0.0,0.133,0.235,0.133,0.368,2.0,0.0,0.10199999999999998,0.235,10.526315789473683,5.263157894736842,2.0,0.14285714285714285,0.139,279.3333333333333,0.13333333333333333,0.3076923076923077,0.133,2.0,0.0,0.0,14.0,19.0,15.0,2.0,0.0,0.0,0.0,0.235,0.133,2.0,0,0.0,,2.0,0.0,0,2.0,0.0,,0.47058823529411764,0.3860000000000001
2011,CL,読売ジャイアンツ,31435116,藤村　大介,D.Fujimura,119.0,407.0,352.0,40.0,78.0,7.0,0.0,0.0,85.0,15.0,28,7,30.0,3.0,20.0,0,2.0,74.0,3.0,0.222,0.265,0.241,0.506,71.0,0.01899999999999999,0.04300000000000001,0.284,4.914004914004914,18.181818181818183,0.2702702702702703,0.2775800711743772,0.1795,345.3333333333333,0.09659090909090909,0.41155234657039713,0.222,78.0,0.0,15.0,119.0,407.0,352.0,71.0,7.0,0.0,40.0,0.265,0.241,20.0,0,2.0,,85.0,28,7,30.0,3.0,,22.392473118279568,22.207999999999995
2011,CL,中日ドラゴンズ,31435118,野本　圭,K.Nomoto,78.0,174.0,159.0,18.0,36.0,8.0,2.0,2.0,54.0,15.0,0.0,0,2.0,1.0,6.0,0,6.0,40.0,3.0,0.226,0.279,0.34,0.619,24.0,0.11400000000000002,0.05300000000000002,0.393,3.4482758620689653,22.988505747126435,0.15,0.288135593220339,0.21055000000000001,392.33333333333337,0.1509433962264151,0.5238095238095238,0.226,36.0,2.0,15.0,78.0,174.0,159.0,24.0,8.0,2.0,18.0,0.279,0.34,6.0,0,6.0,,54.0,0.0,0,2.0,1.0,,13.745454545454546,14.625999999999996
2011,CL,東京ヤクルトスワローズ,31435131,松井　淳,J.Matsui,2.0,2.0,2.0,0.0,0.0,0.0,0.0,0.0,0.0,0.0,0.0,0,0.0,0.0,0.0,0,0.0,2.0,0.0,0.0,0.0,0.0,0.0,0.0,0.0,0.0,0.0,0.0,100.0,0.0,nan,0.0,0.0,0.0,0.0,0.0,0.0,0.0,0.0,2.0,2.0,2.0,0.0,0.0,0.0,0.0,0.0,0.0,0.0,0,0.0,,0.0,0.0,0,0.0,0.0,,0.0,-0.196
2011,CL,広島東洋カープ,31435133,福井　優也,Y.Fukui,28.0,43.0,42.0,0.0,4.0,0.0,0.0,0.0,4.0,0.0,0.0,0,1.0,0.0,0.0,0,0.0,25.0,0.0,0.095,0.095,0.095,0.19,4.0,0.0,0.0,0.095,0.0,58.139534883720934,0.0,0.23529411764705882,0.0665,126.66666666666667,0.0,0.10526315789473684,0.095,4.0,0.0,0.0,28.0,43.0,42.0,4.0,0.0,0.0,0.0,0.095,0.095,0.0,0,0.0,,4.0,0.0,0,1.0,0.0,,0.38095238095238093,-1.7240000000000002
2011,CL,広島東洋カープ,31533886,倉　義和,Y.Kura,55.0,135.0,108.0,9.0,20.0,1.0,0.0,0.0,21.0,8.0,0.0,0,9.0,1.0,13.0,0,4.0,25.0,3.0,0.185,0.294,0.194,0.488,19.0,0.009000000000000008,0.10899999999999999,0.303,9.62962962962963,18.51851851851852,0.52,0.23809523809523808,0.18080000000000002,358.66666666666663,0.12962962962962962,0.4175824175824176,0.185,20.0,0.0,8.0,55.0,135.0,108.0,19.0,1.0,0.0,9.0,0.294,0.194,13.0,0,4.0,,21.0,0.0,0,9.0,1.0,,5.7272727272727275,7.206000000000001
2011,CL,東京ヤクルトスワローズ,31535110,川本　良平,R.Kawamoto,42.0,83.0,75.0,7.0,13.0,1.0,1.0,2.0,22.0,4.0,1,0,1.0,0.0,5.0,0,2.0,23.0,0.0,0.173,0.244,0.293,0.5369999999999999,9.0,0.12,0.07100000000000001,0.364,6.024096385542169,27.710843373493976,0.21739130434782608,0.22,0.18305,341.6666666666667,0.18666666666666668,0.46774193548387094,0.173,13.0,2.0,4.0,42.0,83.0,75.0,9.0,1.0,1.0,7.0,0.244,0.293,5.0,0,2.0,,22.0,1,0,1.0,0.0,,4.95,5.3740000000000006
2011,CL,広島東洋カープ,31535111,栗原　健太,K.Kurihara,144.0,596.0,536.0,56.0,157.0,29.0,0.0,17.0,237.0,87.0,0,1,0.0,7.0,40.0,0,12.0,84.0,11.0,0.293,0.351,0.442,0.7929999999999999,111.0,0.14900000000000002,0.057999999999999996,0.5,6.7114093959731544,14.093959731543624,0.47619047619047616,0.3167420814479638,0.26845,498.3333333333333,0.22574626865671643,0.7435897435897436,0.293,157.0,17.0,87.0,144.0,596.0,536.0,111.0,29.0,0.0,56.0,0.351,0.442,40.0,0,12.0,,237.0,0,1,0.0,7.0,,81.05729166666667,81.05799999999999
2011,CL,東京ヤクルトスワローズ,31535115,岡本　直也,N.Okamoto,3.0,0.0,0.0,0.0,0.0,0.0,0.0,0.0,0.0,0.0,0.0,0,0.0,0.0,0.0,0,0.0,0.0,0.0,,,,0.0,0.0,0.0,0.0,,nan,nan,nan,nan,0.0,0.0,nan,nan,,0.0,0.0,0.0,3.0,0.0,0.0,0.0,0.0,0.0,0.0,,,0.0,0,0.0,,0.0,0.0,0,0.0,0.0,,nan,0.0
2011,CL,東京ヤクルトスワローズ,31535116,鬼﨑　裕司,Y.Onizaki,8.0,10.0,9.0,2.0,0.0,0.0,0.0,0.0,0.0,0.0,0.0,0,0.0,0.0,1.0,0,0.0,4.0,0.0,0.0,0.1,0.0,0.1,0.0,0.0,0.1,0.1,10.0,40.0,0.25,0.0,0.045000000000000005,100.0,0.1111111111111111,0.1111111111111111,0.0,0.0,0.0,0.0,8.0,10.0,9.0,0.0,0.0,0.0,2.0,0.1,0.0,1.0,0,0.0,,0.0,0.0,0,0.0,0.0,,0.0,-0.552
2011,CL,広島東洋カープ,31633881,前田　智徳,T.Maeda,52.0,51.0,44.0,0.0,11.0,3.0,0.0,0.0,14.0,13.0,0.0,0,0.0,1.0,5.0,0,1.0,8.0,2.0,0.25,0.333,0.318,0.651,8.0,0.068,0.08300000000000002,0.401,9.803921568627452,15.686274509803921,0.625,0.2972972972972973,0.22935,439.0,0.18181818181818182,0.5714285714285714,0.25,11.0,0.0,13.0,52.0,51.0,44.0,8.0,3.0,0.0,0.0,0.333,0.318,5.0,0,1.0,,14.0,0.0,0,0.0,1.0,,4.571428571428571,4.906000000000001
2011,CL,中日ドラゴンズ,31635114,福田　永将,N.Fukuda,12.0,17.0,17.0,3.0,4.0,0.0,0.0,2.0,10.0,2.0,0.0,0,0.0,0.0,0.0,0,0.0,7.0,1.0,0.235,0.235,0.588,0.823,2.0,0.353,0.0,0.588,0.0,41.17647058823529,0.0,0.25,0.25275,430.99999999999994,0.35294117647058826,0.7142857142857143,0.235,4.0,2.0,2.0,12.0,17.0,17.0,2.0,0.0,0.0,3.0,0.235,0.588,0.0,0,0.0,,10.0,0.0,0,0.0,0.0,,2.3529411764705883,2.606
2011,CL,中日ドラゴンズ,31635115,山井　大介,D.Yamai,10.0,14.0,13.0,1.0,4.0,2.0,0.0,0.0,6.0,1.0,0.0,0,1.0,0.0,0.0,0,0.0,4.0,0.0,0.308,0.308,0.462,0.77,2.0,0.15400000000000003,0.0,0.462,0.0,28.57142857142857,0.0,0.4444444444444444,0.2541,461.99999999999994,0.15384615384615385,0.6666666666666666,0.308,4.0,0.0,1.0,10.0,14.0,13.0,2.0,2.0,0.0,1.0,0.308,0.462,0.0,0,0.0,,6.0,0.0,0,1.0,0.0,,1.8461538461538463,1.5579999999999998
2011,CL,阪神タイガース,31733880,城島　健司,K.Joujima,38.0,144.0,132.0,7.0,25.0,3.0,0.0,5.0,43.0,13.0,0.0,0,0.0,2.0,8.0,0,2.0,16.0,5.0,0.189,0.243,0.326,0.569,17.0,0.137,0.05399999999999999,0.38,5.555555555555555,11.11111111111111,0.5,0.17699115044247787,0.19085000000000002,351.6666666666667,0.19696969696969696,0.4732142857142857,0.189,25.0,5.0,13.0,38.0,144.0,132.0,17.0,3.0,0.0,7.0,0.243,0.326,8.0,0,2.0,,43.0,0.0,0,0.0,2.0,,10.135714285714286,10.674
2011,CL,東京ヤクルトスワローズ,31735112,川端　慎吾,S.Kawabata,117.0,457.0,399.0,48.0,107.0,20.0,3.0,4.0,145.0,46.0,0.0,0,15.0,3.0,40.0,0,0.0,51.0,5.0,0.268,0.333,0.363,0.696,80.0,0.09499999999999997,0.065,0.428,8.752735229759299,11.159737417943107,0.7843137254901961,0.2968299711815562,0.2406,454.0,0.19548872180451127,0.622895622895623,0.268,107.0,4.0,46.0,117.0,457.0,399.0,80.0,20.0,3.0,48.0,0.333,0.363,40.0,0,0.0,,145.0,0.0,0,15.0,3.0,,48.55353075170843,47.86399999999999
2011,CL,読売ジャイアンツ,31735114,金刃　憲人,N.Kaneto,25.0,8.0,8.0,0.0,0.0,0.0,0.0,0.0,0.0,0.0,0.0,0,0.0,0.0,0.0,0,0.0,3.0,1.0,0.0,0.0,0.0,0.0,0.0,0.0,0.0,0.0,0.0,37.5,0.0,0.0,0.0,0.0,0.0,0.0,0.0,0.0,0.0,0.0,25.0,8.0,8.0,0.0,0.0,0.0,0.0,0.0,0.0,0.0,0,0.0,,0.0,0.0,0,0.0,0.0,,0.0,-0.784
2011,CL,読売ジャイアンツ,31933884,髙橋　信二,S.Takahashi,27.0,49.0,44.0,1.0,8.0,2.0,0.0,0.0,10.0,3.0,0,1,1.0,0.0,4.0,0,0.0,8.0,0.0,0.182,0.25,0.227,0.477,6.0,0.04500000000000001,0.068,0.295,8.16326530612245,16.3265306122449,0.5,0.2222222222222222,0.16925,325.6666666666667,0.1590909090909091,0.4166666666666667,0.182,8.0,0.0,3.0,27.0,49.0,44.0,6.0,2.0,0.0,1.0,0.25,0.227,4.0,0,0.0,,10.0,0,1,1.0,0.0,,2.5,2.4119999999999995
2011,CL,中日ドラゴンズ,31935117,小林　正人,M.Kobayashi,58.0,0.0,0.0,0.0,0.0,0.0,0.0,0.0,0.0,0.0,0.0,0,0.0,0.0,0.0,0,0.0,0.0,0.0,,,,0.0,0.0,0.0,0.0,,nan,nan,nan,nan,0.0,0.0,nan,nan,,0.0,0.0,0.0,58.0,0.0,0.0,0.0,0.0,0.0,0.0,,,0.0,0,0.0,,0.0,0.0,0,0.0,0.0,,nan,0.0
2011,CL,横浜DeNAベイスターズ,31935133,小林　寛,H.Kobayashi,6.0,4.0,0.0,0.0,0.0,0.0,0.0,0.0,0.0,0.0,0.0,0,4.0,0.0,0.0,0,0.0,0.0,0.0,,,,0.0,0.0,0.0,0.0,,0.0,0.0,nan,nan,0.0,0.0,nan,nan,,0.0,0.0,0.0,6.0,4.0,0.0,0.0,0.0,0.0,0.0,,,0.0,0,0.0,,0.0,0.0,0,4.0,0.0,,nan,0.0
2011,CL,横浜DeNAベイスターズ,3305133,ブランドン,B.Mann,12.0,4.0,4.0,0.0,1.0,0.0,0.0,0.0,1.0,0.0,0.0,0,0.0,0.0,0.0,0,0.0,3.0,0.0,0.25,0.25,0.25,0.5,1.0,0.0,0.0,0.25,0.0,75.0,0.0,1.0,0.175,333.3333333333333,0.0,0.3333333333333333,0.25,1.0,0.0,0.0,12.0,4.0,4.0,1.0,0.0,0.0,0.0,0.25,0.25,0.0,0,0.0,,1.0,0.0,0,0.0,0.0,,0.25,0.20599999999999996
2011,CL,阪神タイガース,33135112,渡辺　亮,R.Watanabe,57.0,4.0,4.0,0.0,1.0,0.0,0.0,0.0,1.0,1.0,0.0,0,0.0,0.0,0.0,0,0.0,2.0,0.0,0.25,0.25,0.25,0.5,1.0,0.0,0.0,0.25,0.0,50.0,0.0,0.5,0.175,333.3333333333333,0.0,0.3333333333333333,0.25,1.0,0.0,1.0,57.0,4.0,4.0,1.0,0.0,0.0,0.0,0.25,0.25,0.0,0,0.0,,1.0,0.0,0,0.0,0.0,,0.25,0.20599999999999996
2011,CL,広島東洋カープ,33135133,D.サファテ,D.Sarfate,57.0,0.0,0.0,0.0,0.0,0.0,0.0,0.0,0.0,0.0,0.0,0,0.0,0.0,0.0,0,0.0,0.0,0.0,,,,0.0,0.0,0.0,0.0,,nan,nan,nan,nan,0.0,0.0,nan,nan,,0.0,0.0,0.0,57.0,0.0,0.0,0.0,0.0,0.0,0.0,,,0.0,0,0.0,,0.0,0.0,0,0.0,0.0,,nan,0.0
2011,CL,中日ドラゴンズ,33335116,M.ネルソン,M.Nelson,31.0,64.0,52.0,1.0,5.0,1.0,0.0,0.0,6.0,2.0,0.0,0,9.0,0.0,3.0,0,0.0,25.0,0.0,0.096,0.145,0.115,0.26,4.0,0.019000000000000003,0.04899999999999999,0.1639999999999999,4.6875,39.0625,0.12,0.18518518518518517,0.094,183.33333333333331,0.07692307692307693,0.19148936170212766,0.096,5.0,0.0,2.0,31.0,64.0,52.0,4.0,1.0,0.0,1.0,0.145,0.115,3.0,0,0.0,,6.0,0.0,0,9.0,0.0,,0.8727272727272727,-0.8959999999999999
2011,CL,横浜DeNAベイスターズ,33535133,B.リーチ,B.Leach,8.0,13.0,13.0,1.0,4.0,1.0,0.0,0.0,5.0,1.0,0.0,0,0.0,0.0,0.0,0,0.0,6.0,1.0,0.308,0.308,0.385,0.6930000000000001,3.0,0.07700000000000001,0.0,0.385,0.0,46.15384615384615,0.0,0.5714285714285714,0.23485,436.33333333333337,0.07692307692307693,0.5,0.308,4.0,0.0,1.0,8.0,13.0,13.0,3.0,1.0,0.0,1.0,0.308,0.385,0.0,0,0.0,,5.0,0.0,0,0.0,0.0,,1.5384615384615385,1.3379999999999996
2011,CL,広島東洋カープ,3505118,D.ソリアーノ,D.Soriano,8.0,6.0,6.0,0.0,0.0,0.0,0.0,0.0,0.0,0.0,0.0,0,0.0,0.0,0.0,0,0.0,4.0,0.0,0.0,0.0,0.0,0.0,0.0,0.0,0.0,0.0,0.0,66.66666666666666,0.0,0.0,0.0,0.0,0.0,0.0,0.0,0.0,0.0,0.0,8.0,6.0,6.0,0.0,0.0,0.0,0.0,0.0,0.0,0.0,0,0.0,,0.0,0.0,0,0.0,0.0,,0.0,-0.5880000000000001
2011,CL,中日ドラゴンズ,3505133,E.ソト,E.Soto,22.0,22.0,22.0,0.0,1.0,0.0,0.0,0.0,1.0,1.0,0.0,0,0.0,0.0,0.0,0,0.0,15.0,0.0,0.045,0.045,0.045,0.09,1.0,0.0,0.0,0.045,0.0,68.18181818181817,0.0,0.14285714285714285,0.0315,60.0,0.0,0.047619047619047616,0.045,1.0,0.0,1.0,22.0,22.0,22.0,1.0,0.0,0.0,0.0,0.045,0.045,0.0,0,0.0,,1.0,0.0,0,0.0,0.0,,0.045454545454545456,-1.5580000000000003
2011,CL,横浜DeNAベイスターズ,41043886,新沼　慎二,S.Niinuma,45.0,70.0,62.0,8.0,15.0,2.0,0.0,1.0,20.0,6.0,0.0,0,2.0,0.0,5.0,0,1.0,18.0,1.0,0.242,0.309,0.323,0.632,12.0,0.08100000000000002,0.067,0.39,7.142857142857142,25.71428571428571,0.2777777777777778,0.32558139534883723,0.2198,416.6666666666667,0.16129032258064516,0.5416666666666666,0.242,15.0,1.0,6.0,45.0,70.0,62.0,12.0,2.0,0.0,8.0,0.309,0.323,5.0,0,1.0,,20.0,0.0,0,2.0,0.0,,5.970149253731344,6.254
2011,CL,阪神タイガース,41045112,鶴　直人,N.Tsuru,5.0,6.0,4.0,0.0,0.0,0.0,0.0,0.0,0.0,0.0,0.0,0,1.0,0.0,1.0,0,0.0,2.0,0.0,0.0,0.2,0.0,0.2,0.0,0.0,0.2,0.2,16.666666666666664,33.33333333333333,0.5,0.0,0.09000000000000001,200.0,0.25,0.25,0.0,0.0,0.0,0.0,5.0,6.0,4.0,0.0,0.0,0.0,0.0,0.2,0.0,1.0,0,0.0,,0.0,0.0,0,1.0,0.0,,0.0,-0.062
2011,CL,読売ジャイアンツ,41143880,サブロー,S.Saburo（oomura,48.0,111.0,103.0,10.0,25.0,5.0,0.0,1.0,33.0,9.0,0,2,1.0,0.0,7.0,0,0.0,26.0,2.0,0.243,0.291,0.32,0.611,19.0,0.07700000000000001,0.04799999999999999,0.368,6.306306306306306,23.423423423423422,0.2692307692307692,0.3157894736842105,0.21094999999999997,397.6666666666667,0.1650485436893204,0.525,0.243,25.0,1.0,9.0,48.0,111.0,103.0,19.0,5.0,0.0,10.0,0.291,0.32,7.0,0,0.0,,33.0,0,2,1.0,0.0,,9.6,9.565999999999997
2011,CL,中日ドラゴンズ,41143886,井端　弘和,H.Ibata,104.0,434.0,376.0,28.0,88.0,9.0,1.0,1.0,102.0,29.0,3.0,3,31.0,2.0,25.0,0,0.0,53.0,10.0,0.234,0.28,0.271,0.551,77.0,0.037000000000000005,0.04600000000000001,0.317,5.76036866359447,12.211981566820276,0.4716981132075472,0.26851851851851855,0.19375000000000003,370.33333333333337,0.11170212765957446,0.436241610738255,0.234,88.0,1.0,29.0,104.0,434.0,376.0,77.0,9.0,1.0,28.0,0.28,0.271,25.0,0,0.0,,102.0,3.0,3,31.0,2.0,,28.743142144638405,28.025999999999993
2011,CL,阪神タイガース,41145115,安藤　優也,Y.Andou,1.0,0.0,0.0,0.0,0.0,0.0,0.0,0.0,0.0,0.0,0.0,0,0.0,0.0,0.0,0,0.0,0.0,0.0,,,,0.0,0.0,0.0,0.0,,nan,nan,nan,nan,0.0,0.0,nan,nan,,0.0,0.0,0.0,1.0,0.0,0.0,0.0,0.0,0.0,0.0,,,0.0,0,0.0,,0.0,0.0,0,0.0,0.0,,nan,0.0
2011,CL,横浜DeNAベイスターズ,41145119,牛田　成樹,S.Ushida,45.0,0.0,0.0,0.0,0.0,0.0,0.0,0.0,0.0,0.0,0.0,0,0.0,0.0,0.0,0,0.0,0.0,0.0,,,,0.0,0.0,0.0,0.0,,nan,nan,nan,nan,0.0,0.0,nan,nan,,0.0,0.0,0.0,45.0,0.0,0.0,0.0,0.0,0.0,0.0,,,0.0,0,0.0,,0.0,0.0,0,0.0,0.0,,nan,0.0
2011,CL,横浜DeNAベイスターズ,41243888,森本　稀哲,H.Morimoto,48.0,153.0,134.0,13.0,25.0,3.0,1.0,1.0,33.0,9.0,0,1,9.0,1.0,8.0,0,1.0,42.0,4.0,0.187,0.236,0.246,0.482,20.0,0.059,0.04899999999999999,0.295,5.228758169934641,27.450980392156865,0.19047619047619047,0.2608695652173913,0.16770000000000002,318.0,0.12686567164179105,0.3805309734513274,0.187,25.0,1.0,9.0,48.0,153.0,134.0,20.0,3.0,1.0,13.0,0.236,0.246,8.0,0,1.0,,33.0,0,1,9.0,1.0,,7.669014084507042,7.107999999999999
2011,CL,阪神タイガース,41343885,金本　知憲,T.Kanemoto,122.0,372.0,348.0,27.0,76.0,11.0,1.0,12.0,125.0,31.0,1.0,1,0.0,0.0,24.0,0,0.0,53.0,5.0,0.218,0.269,0.359,0.628,52.0,0.141,0.05100000000000002,0.41,6.451612903225806,14.24731182795699,0.4528301886792453,0.22614840989399293,0.2108,388.6666666666667,0.21264367816091953,0.5415162454873647,0.218,76.0,12.0,31.0,122.0,372.0,348.0,52.0,11.0,1.0,27.0,0.269,0.359,24.0,0,0.0,,125.0,1.0,1,0.0,0.0,,33.60215053763441,33.684
2011,CL,横浜DeNAベイスターズ,41345115,江尻　慎太郎,S.Ejiri,65.0,0.0,0.0,0.0,0.0,0.0,0.0,0.0,0.0,0.0,0.0,0,0.0,0.0,0.0,0,0.0,0.0,0.0,,,,0.0,0.0,0.0,0.0,,nan,nan,nan,nan,0.0,0.0,nan,nan,,0.0,0.0,0.0,65.0,0.0,0.0,0.0,0.0,0.0,0.0,,,0.0,0,0.0,,0.0,0.0,0,0.0,0.0,,nan,0.0
2011,CL,読売ジャイアンツ,41345118,大田　泰示,T.Oota,12.0,28.0,26.0,4.0,4.0,1.0,0.0,0.0,5.0,3.0,0.0,0,1.0,1.0,0.0,0,0.0,9.0,0.0,0.154,0.148,0.192,0.33999999999999997,3.0,0.038000000000000006,-0.006000000000000005,0.186,0.0,32.142857142857146,0.0,0.2222222222222222,0.1146,212.0,0.038461538461538464,0.22727272727272727,0.154,4.0,0.0,3.0,12.0,28.0,26.0,3.0,1.0,0.0,4.0,0.148,0.192,0.0,0,0.0,,5.0,0.0,0,1.0,1.0,,0.7692307692307693,0.06399999999999961
2011,CL,東京ヤクルトスワローズ,41443880,相川　亮二,R.Aikawa,126.0,458.0,409.0,24.0,100.0,14.0,1.0,1.0,119.0,33.0,0.0,0,11.0,4.0,30.0,0,4.0,62.0,13.0,0.244,0.3,0.291,0.591,84.0,0.046999999999999986,0.055999999999999994,0.347,6.550218340611353,13.537117903930133,0.4838709677419355,0.28285714285714286,0.20775,396.99999999999994,0.1198044009779951,0.4751552795031056,0.244,100.0,1.0,33.0,126.0,458.0,409.0,84.0,14.0,1.0,24.0,0.3,0.291,30.0,0,4.0,,119.0,0.0,0,11.0,4.0,,35.239179954441916,35.498000000000005
2011,CL,横浜DeNAベイスターズ,41443885,三浦　大輔,D.Miura,18.0,40.0,35.0,0.0,3.0,0.0,0.0,0.0,3.0,0.0,0.0,0,5.0,0.0,0.0,0,0.0,14.0,0.0,0.086,0.086,0.086,0.172,3.0,0.0,0.0,0.086,0.0,35.0,0.0,0.14285714285714285,0.0602,114.66666666666666,0.0,0.09375,0.086,3.0,0.0,0.0,18.0,40.0,35.0,3.0,0.0,0.0,0.0,0.086,0.086,0.0,0,0.0,,3.0,0.0,0,5.0,0.0,,0.2571428571428571,-1.6360000000000001
2011,CL,中日ドラゴンズ,41445131,矢地　健人,K.Yachi,2.0,0.0,0.0,0.0,0.0,0.0,0.0,0.0,0.0,0.0,0.0,0,0.0,0.0,0.0,0,0.0,0.0,0.0,,,,0.0,0.0,0.0,0.0,,nan,nan,nan,nan,0.0,0.0,nan,nan,,0.0,0.0,0.0,2.0,0.0,0.0,0.0,0.0,0.0,0.0,,,0.0,0,0.0,,0.0,0.0,0,0.0,0.0,,nan,0.0
2011,CL,横浜DeNAベイスターズ,41545111,清水　直行,N.Shimizu,7.0,13.0,9.0,1.0,2.0,0.0,0.0,0.0,2.0,0.0,0.0,0,4.0,0.0,0.0,0,0.0,2.0,0.0,0.222,0.222,0.222,0.444,2.0,0.0,0.0,0.222,0.0,15.384615384615385,0.0,0.2857142857142857,0.1554,296.0,0.0,0.2857142857142857,0.222,2.0,0.0,0.0,7.0,13.0,9.0,2.0,0.0,0.0,1.0,0.222,0.222,0.0,0,0.0,,2.0,0.0,0,4.0,0.0,,0.4444444444444444,0.31399999999999995
2011,CL,阪神タイガース,41545119,小宮山　慎二,S.Komiyama,38.0,56.0,53.0,6.0,11.0,2.0,0.0,0.0,13.0,1.0,0.0,0,1.0,1.0,0.0,0,1.0,15.0,2.0,0.208,0.218,0.245,0.46299999999999997,9.0,0.037000000000000005,0.010000000000000009,0.255,0.0,26.785714285714285,0.0,0.28205128205128205,0.15935,299.66666666666663,0.03773584905660377,0.3181818181818182,0.208,11.0,0.0,1.0,38.0,56.0,53.0,9.0,2.0,0.0,6.0,0.218,0.245,0.0,0,1.0,,13.0,0.0,0,1.0,1.0,,2.69811320754717,2.153999999999999
2011,CL,阪神タイガース,41745118,蕭　一傑,I.Shou,2.0,2.0,2.0,0.0,0.0,0.0,0.0,0.0,0.0,0.0,0.0,0,0.0,0.0,0.0,0,0.0,1.0,0.0,0.0,0.0,0.0,0.0,0.0,0.0,0.0,0.0,0.0,50.0,0.0,0.0,0.0,0.0,0.0,0.0,0.0,0.0,0.0,0.0,2.0,2.0,2.0,0.0,0.0,0.0,0.0,0.0,0.0,0.0,0,0.0,,0.0,0.0,0,0.0,0.0,,0.0,-0.196
2011,CL,広島東洋カープ,41745119,白濱　裕太,Y.Shirahama,7.0,14.0,13.0,0.0,1.0,0.0,0.0,0.0,1.0,1.0,0.0,0,1.0,0.0,0.0,0,0.0,4.0,0.0,0.077,0.077,0.077,0.154,1.0,0.0,0.0,0.077,0.0,28.57142857142857,0.0,0.1111111111111111,0.0539,102.66666666666667,0.0,0.08333333333333333,0.077,1.0,0.0,1.0,7.0,14.0,13.0,1.0,0.0,0.0,0.0,0.077,0.077,0.0,0,0.0,,1.0,0.0,0,1.0,0.0,,0.07692307692307693,-0.6760000000000002
2011,CL,中日ドラゴンズ,41845112,吉見　一起,K.Yoshimi,26.0,69.0,61.0,2.0,4.0,0.0,0.0,0.0,4.0,3.0,0.0,0,4.0,0.0,4.0,0,0.0,32.0,1.0,0.066,0.123,0.066,0.189,4.0,0.0,0.056999999999999995,0.123,5.797101449275362,46.3768115942029,0.125,0.13793103448275862,0.07185,145.0,0.06557377049180328,0.13793103448275862,0.066,4.0,0.0,3.0,26.0,69.0,61.0,4.0,0.0,0.0,2.0,0.123,0.066,4.0,0,0.0,,4.0,0.0,0,4.0,0.0,,0.49230769230769234,-2.266
2011,CL,東京ヤクルトスワローズ,41943889,福地　寿樹,K.Fukuchi,40.0,65.0,58.0,13.0,9.0,2.0,1.0,0.0,13.0,5.0,10,2,3.0,0.0,2.0,0,2.0,13.0,0.0,0.155,0.21,0.224,0.434,6.0,0.069,0.05499999999999999,0.279,3.076923076923077,20.0,0.15384615384615385,0.2,0.1505,284.6666666666667,0.13793103448275862,0.3877551020408163,0.155,9.0,0.0,5.0,40.0,65.0,58.0,6.0,2.0,1.0,13.0,0.21,0.224,2.0,0,2.0,,13.0,10,2,3.0,0.0,,2.3833333333333333,2.3579999999999997
2011,CL,阪神タイガース,41945114,清水　誉,T.Shimizu,11.0,11.0,11.0,0.0,1.0,0.0,0.0,0.0,1.0,0.0,0.0,0,0.0,0.0,0.0,0,0.0,4.0,0.0,0.091,0.091,0.091,0.182,1.0,0.0,0.0,0.091,0.0,36.36363636363637,0.0,0.14285714285714285,0.0637,121.33333333333333,0.0,0.1,0.091,1.0,0.0,0.0,11.0,11.0,11.0,1.0,0.0,0.0,0.0,0.091,0.091,0.0,0,0.0,,1.0,0.0,0,0.0,0.0,,0.09090909090909091,-0.48
2011,CL,横浜DeNAベイスターズ,41945131,筒香　嘉智,Y.Tsutsugou,40.0,160.0,145.0,16.0,35.0,10.0,0.0,8.0,69.0,22.0,1,0,0.0,1.0,13.0,0,1.0,51.0,4.0,0.241,0.306,0.476,0.782,17.0,0.235,0.065,0.5409999999999999,8.125,31.874999999999996,0.2549019607843137,0.3103448275862069,0.2567,464.6666666666667,0.32413793103448274,0.7280701754385965,0.241,35.0,8.0,22.0,40.0,160.0,145.0,17.0,10.0,0.0,16.0,0.306,0.476,13.0,0,1.0,,69.0,1,0,0.0,1.0,,20.962025316455698,21.06
2011,CL,読売ジャイアンツ,43345118,L.ロメロ,L.Romero,41.0,0.0,0.0,0.0,0.0,0.0,0.0,0.0,0.0,0.0,0.0,0,0.0,0.0,0.0,0,0.0,0.0,0.0,,,,0.0,0.0,0.0,0.0,,nan,nan,nan,nan,0.0,0.0,nan,nan,,0.0,0.0,0.0,41.0,0.0,0.0,0.0,0.0,0.0,0.0,,,0.0,0,0.0,,0.0,0.0,0,0.0,0.0,,nan,0.0
2011,CL,東京ヤクルトスワローズ,51053880,宮本　慎也,S.Miyamoto,136.0,518.0,474.0,30.0,143.0,17.0,1.0,2.0,168.0,35.0,2,1,19.0,2.0,17.0,0,6.0,37.0,14.0,0.302,0.333,0.354,0.687,123.0,0.05199999999999999,0.031000000000000028,0.385,3.2818532818532815,7.142857142857142,0.4594594594594595,0.32265446224256294,0.23835,451.0,0.09071729957805907,0.5565217391304348,0.302,143.0,2.0,35.0,136.0,518.0,474.0,123.0,17.0,1.0,30.0,0.333,0.354,17.0,0,6.0,,168.0,2,1,19.0,2.0,,54.74541751527495,52.992000000000004
2011,CL,阪神タイガース,51053888,藤井　彰人,A.Fujii,99.0,298.0,265.0,19.0,59.0,9.0,1.0,2.0,76.0,15.0,1.0,1,16.0,0.0,16.0,0,1.0,48.0,10.0,0.223,0.27,0.287,0.5569999999999999,47.0,0.06399999999999997,0.047000000000000014,0.3339999999999999,5.369127516778524,16.10738255033557,0.3333333333333333,0.2651162790697674,0.19325,365.6666666666667,0.12830188679245283,0.4351851851851852,0.223,59.0,2.0,15.0,99.0,298.0,265.0,47.0,9.0,1.0,19.0,0.27,0.287,16.0,0,1.0,,76.0,1.0,1,16.0,0.0,,20.284697508896798,19.501999999999995
2011,CL,中日ドラゴンズ,51055110,中田　賢一,K.Nakata,6.0,8.0,5.0,0.0,0.0,0.0,0.0,0.0,0.0,0.0,0.0,0,2.0,0.0,1.0,0,0.0,2.0,0.0,0.0,0.167,0.0,0.167,0.0,0.0,0.167,0.167,12.5,25.0,0.5,0.0,0.07515000000000001,167.0,0.2,0.2,0.0,0.0,0.0,0.0,6.0,8.0,5.0,0.0,0.0,0.0,0.0,0.167,0.0,1.0,0,0.0,,0.0,0.0,0,2.0,0.0,,0.0,-0.15999999999999998
2011,CL,中日ドラゴンズ,51055116,谷　哲也,T.Tani,2.0,6.0,6.0,0.0,2.0,1.0,0.0,0.0,3.0,0.0,0.0,0,0.0,0.0,0.0,0,0.0,3.0,0.0,0.333,0.333,0.5,0.833,1.0,0.16699999999999998,0.0,0.5,0.0,50.0,0.0,0.6666666666666666,0.27485000000000004,499.6666666666667,0.16666666666666666,0.75,0.333,2.0,0.0,0.0,2.0,6.0,6.0,1.0,1.0,0.0,0.0,0.333,0.5,0.0,0,0.0,,3.0,0.0,0,0.0,0.0,,1.0,0.828
2011,CL,東京ヤクルトスワローズ,51055131,中澤　雅人,M.Nakazawa,1.0,0.0,0.0,0.0,0.0,0.0,0.0,0.0,0.0,0.0,0.0,0,0.0,0.0,0.0,0,0.0,0.0,0.0,,,,0.0,0.0,0.0,0.0,,nan,nan,nan,nan,0.0,0.0,nan,nan,,0.0,0.0,0.0,1.0,0.0,0.0,0.0,0.0,0.0,0.0,,,0.0,0,0.0,,0.0,0.0,0,0.0,0.0,,nan,0.0
2011,CL,広島東洋カープ,51155110,赤松　真人,M.Akamatsu,80.0,217.0,192.0,25.0,50.0,9.0,0.0,1.0,62.0,18.0,19,4,15.0,2.0,4.0,0,4.0,29.0,1.0,0.26,0.287,0.323,0.61,40.0,0.063,0.02699999999999997,0.35,1.8433179723502304,13.36405529953917,0.13793103448275862,0.29878048780487804,0.20989999999999998,394.6666666666667,0.10416666666666667,0.5174825174825175,0.26,50.0,1.0,18.0,80.0,217.0,192.0,40.0,9.0,0.0,25.0,0.287,0.323,4.0,0,4.0,,62.0,19,4,15.0,2.0,,17.081632653061224,17.364
2011,CL,中日ドラゴンズ,51155111,朝倉　健太,K.Asakura,2.0,2.0,1.0,0.0,0.0,0.0,0.0,0.0,0.0,0.0,0.0,0,1.0,0.0,0.0,0,0.0,1.0,0.0,0.0,0.0,0.0,0.0,0.0,0.0,0.0,0.0,0.0,50.0,0.0,nan,0.0,0.0,0.0,0.0,0.0,0.0,0.0,0.0,2.0,2.0,1.0,0.0,0.0,0.0,0.0,0.0,0.0,0.0,0,0.0,,0.0,0.0,0,1.0,0.0,,0.0,-0.098
2011,CL,広島東洋カープ,51155114,青木　高広,T.Aoki,76.0,0.0,0.0,0.0,0.0,0.0,0.0,0.0,0.0,0.0,0.0,0,0.0,0.0,0.0,0,0.0,0.0,0.0,,,,0.0,0.0,0.0,0.0,,nan,nan,nan,nan,0.0,0.0,nan,nan,,0.0,0.0,0.0,76.0,0.0,0.0,0.0,0.0,0.0,0.0,,,0.0,0,0.0,,0.0,0.0,0,0.0,0.0,,nan,0.0
2011,CL,阪神タイガース,51155115,浅井　良,R.Asai,63.0,75.0,65.0,6.0,9.0,4.0,0.0,0.0,13.0,5.0,0,1,2.0,1.0,6.0,0,1.0,15.0,0.0,0.138,0.219,0.2,0.41900000000000004,5.0,0.062,0.08099999999999999,0.281,8.0,20.0,0.4,0.17647058823529413,0.14855000000000002,285.6666666666667,0.16923076923076924,0.375,0.138,9.0,0.0,5.0,63.0,75.0,65.0,5.0,4.0,0.0,6.0,0.219,0.2,6.0,0,1.0,,13.0,0,1,2.0,1.0,,2.7464788732394365,2.381999999999999
2011,CL,阪神タイガース,51155131,秋山　拓巳,T.Akiyama,2.0,4.0,3.0,0.0,1.0,0.0,0.0,0.0,1.0,1.0,0.0,0,0.0,0.0,1.0,0,0.0,1.0,0.0,0.333,0.5,0.333,0.833,1.0,0.0,0.16699999999999998,0.5,25.0,25.0,1.0,0.5,0.30825,611.0,0.3333333333333333,1.0,0.333,1.0,0.0,1.0,2.0,4.0,3.0,1.0,0.0,0.0,0.0,0.5,0.333,1.0,0,0.0,,1.0,0.0,0,0.0,0.0,,0.5,0.6340000000000001
2011,CL,東京ヤクルトスワローズ,51255110,橋本　義隆,Y.Hashimoto,17.0,0.0,0.0,0.0,0.0,0.0,0.0,0.0,0.0,0.0,0.0,0,0.0,0.0,0.0,0,0.0,0.0,0.0,,,,0.0,0.0,0.0,0.0,,nan,nan,nan,nan,0.0,0.0,nan,nan,,0.0,0.0,0.0,17.0,0.0,0.0,0.0,0.0,0.0,0.0,,,0.0,0,0.0,,0.0,0.0,0,0.0,0.0,,nan,0.0
2011,CL,読売ジャイアンツ,51255114,寺内　崇幸,T.Terauchi,73.0,128.0,107.0,13.0,19.0,4.0,0.0,0.0,23.0,8.0,6,0,16.0,0.0,4.0,0,1.0,26.0,1.0,0.178,0.214,0.215,0.429,15.0,0.037000000000000005,0.036000000000000004,0.251,3.125,20.3125,0.15384615384615385,0.2345679012345679,0.15005,285.6666666666667,0.07476635514018691,0.3146067415730337,0.178,19.0,0.0,8.0,73.0,128.0,107.0,15.0,4.0,0.0,13.0,0.214,0.215,4.0,0,1.0,,23.0,6,0,16.0,0.0,,4.7657657657657655,3.405999999999999
2011,CL,東京ヤクルトスワローズ,51255118,中村　悠平,Y.Nakamura,13.0,6.0,6.0,1.0,2.0,0.0,0.0,0.0,2.0,0.0,0.0,0,0.0,0.0,0.0,0,0.0,0.0,0.0,0.333,0.333,0.333,0.666,2.0,0.0,0.0,0.333,0.0,0.0,nan,0.3333333333333333,0.23310000000000003,444.0,0.0,0.5,0.333,2.0,0.0,0.0,13.0,6.0,6.0,2.0,0.0,0.0,1.0,0.333,0.333,0.0,0,0.0,,2.0,0.0,0,0.0,0.0,,0.6666666666666666,0.608
2011,CL,中日ドラゴンズ,51255119,三瀬　幸司,K.Mise,44.0,0.0,0.0,0.0,0.0,0.0,0.0,0.0,0.0,0.0,0.0,0,0.0,0.0,0.0,0,0.0,0.0,0.0,,,,0.0,0.0,0.0,0.0,,nan,nan,nan,nan,0.0,0.0,nan,nan,,0.0,0.0,0.0,44.0,0.0,0.0,0.0,0.0,0.0,0.0,,,0.0,0,0.0,,0.0,0.0,0,0.0,0.0,,nan,0.0
2011,CL,阪神タイガース,51255131,俊介,S.Shunsuke（fujikawa,108.0,205.0,190.0,20.0,46.0,6.0,2.0,1.0,59.0,9.0,5,3,6.0,0.0,9.0,0,0.0,28.0,2.0,0.242,0.276,0.311,0.587,37.0,0.069,0.03400000000000003,0.345,4.390243902439024,13.658536585365855,0.32142857142857145,0.2795031055900621,0.20195000000000002,379.6666666666667,0.13157894736842105,0.4863013698630137,0.242,46.0,1.0,9.0,108.0,205.0,190.0,37.0,6.0,2.0,20.0,0.276,0.311,9.0,0,0.0,,59.0,5,3,6.0,0.0,,16.306532663316585,15.737999999999998
2011,CL,中日ドラゴンズ,51353888,小笠原　孝,T.Ogasawara,1.0,0.0,0.0,0.0,0.0,0.0,0.0,0.0,0.0,0.0,0.0,0,0.0,0.0,0.0,0,0.0,0.0,0.0,,,,0.0,0.0,0.0,0.0,,nan,nan,nan,nan,0.0,0.0,nan,nan,,0.0,0.0,0.0,1.0,0.0,0.0,0.0,0.0,0.0,0.0,,,0.0,0,0.0,,0.0,0.0,0,0.0,0.0,,nan,0.0
2011,CL,阪神タイガース,51355112,岩田　稔,M.Iwata,25.0,54.0,49.0,2.0,5.0,0.0,0.0,0.0,5.0,2.0,0.0,0,4.0,0.0,1.0,0,0.0,28.0,0.0,0.102,0.12,0.102,0.22199999999999998,5.0,0.0,0.018000000000000002,0.12,1.8518518518518516,51.85185185185185,0.03571428571428571,0.23809523809523808,0.0795,154.0,0.02040816326530612,0.13636363636363635,0.102,5.0,0.0,2.0,25.0,54.0,49.0,5.0,0.0,0.0,2.0,0.12,0.102,1.0,0,0.0,,5.0,0.0,0,4.0,0.0,,0.6,-1.4820000000000002
2011,CL,広島東洋カープ,51355115,石原　慶幸,Y.Ishihara,110.0,342.0,299.0,15.0,60.0,10.0,0.0,4.0,82.0,27.0,2.0,2,14.0,3.0,22.0,0,4.0,49.0,7.0,0.201,0.262,0.274,0.536,46.0,0.07300000000000001,0.061,0.335,6.432748538011696,14.327485380116958,0.4489795918367347,0.2248995983935743,0.1864,353.3333333333333,0.15384615384615385,0.44715447154471544,0.201,60.0,4.0,27.0,110.0,342.0,299.0,46.0,10.0,0.0,15.0,0.262,0.274,22.0,0,4.0,,82.0,2.0,2,14.0,3.0,,20.947040498442366,21.477999999999998
2011,CL,中日ドラゴンズ,51355118,岩田　慎司,S.Iwata,5.0,7.0,6.0,0.0,0.0,0.0,0.0,0.0,0.0,0.0,0.0,0,1.0,0.0,0.0,0,0.0,4.0,0.0,0.0,0.0,0.0,0.0,0.0,0.0,0.0,0.0,0.0,57.14285714285714,0.0,0.0,0.0,0.0,0.0,0.0,0.0,0.0,0.0,0.0,5.0,7.0,6.0,0.0,0.0,0.0,0.0,0.0,0.0,0.0,0,0.0,,0.0,0.0,0,1.0,0.0,,0.0,-0.5880000000000001
2011,CL,広島東洋カープ,51355131,今村　猛,T.Imamura,56.0,10.0,9.0,0.0,1.0,0.0,0.0,0.0,1.0,0.0,0.0,0,1.0,0.0,0.0,0,0.0,3.0,1.0,0.111,0.111,0.111,0.222,1.0,0.0,0.0,0.111,0.0,30.0,0.0,0.16666666666666666,0.0777,148.0,0.0,0.1111111111111111,0.111,1.0,0.0,0.0,56.0,10.0,9.0,1.0,0.0,0.0,0.0,0.111,0.111,0.0,0,0.0,,1.0,0.0,0,1.0,0.0,,0.1111111111111111,-0.28400000000000003
2011,CL,広島東洋カープ,51355133,岩見　優輝,Y.Iwami,8.0,0.0,0.0,0.0,0.0,0.0,0.0,0.0,0.0,0.0,0.0,0,0.0,0.0,0.0,0,0.0,0.0,0.0,,,,0.0,0.0,0.0,0.0,,nan,nan,nan,nan,0.0,0.0,nan,nan,,0.0,0.0,0.0,8.0,0.0,0.0,0.0,0.0,0.0,0.0,,,0.0,0,0.0,,0.0,0.0,0,0.0,0.0,,nan,0.0
2011,CL,東京ヤクルトスワローズ,51455110,松岡　健一,K.Matsuoka,63.0,2.0,1.0,0.0,0.0,0.0,0.0,0.0,0.0,0.0,0.0,0,1.0,0.0,0.0,0,0.0,1.0,0.0,0.0,0.0,0.0,0.0,0.0,0.0,0.0,0.0,0.0,50.0,0.0,nan,0.0,0.0,0.0,0.0,0.0,0.0,0.0,0.0,63.0,2.0,1.0,0.0,0.0,0.0,0.0,0.0,0.0,0.0,0,0.0,,0.0,0.0,0,1.0,0.0,,0.0,-0.098
2011,CL,中日ドラゴンズ,51455112,藤井　淳志,A.Fujii,20.0,58.0,50.0,7.0,12.0,2.0,0.0,0.0,14.0,3.0,1,0,5.0,0.0,1.0,0,2.0,13.0,1.0,0.24,0.283,0.28,0.563,10.0,0.040000000000000036,0.04299999999999998,0.323,1.7241379310344827,22.413793103448278,0.07692307692307693,0.32432432432432434,0.19735,376.3333333333333,0.06,0.4358974358974359,0.24,12.0,0.0,3.0,20.0,58.0,50.0,10.0,2.0,0.0,7.0,0.283,0.28,1.0,0,2.0,,14.0,1,0,5.0,0.0,,3.5686274509803924,3.7059999999999995
2011,CL,読売ジャイアンツ,51455118,橋本　到,I.Hashimoto,33.0,30.0,26.0,5.0,5.0,0.0,0.0,0.0,5.0,0.0,3,2,2.0,0.0,2.0,0,0.0,10.0,0.0,0.192,0.25,0.192,0.442,5.0,0.0,0.057999999999999996,0.25,6.666666666666667,33.33333333333333,0.2,0.3125,0.1605,314.0,0.15384615384615385,0.42857142857142855,0.192,5.0,0.0,0.0,33.0,30.0,26.0,5.0,0.0,0.0,5.0,0.25,0.192,2.0,0,0.0,,5.0,3,2,2.0,0.0,,1.25,1.4619999999999997
2011,CL,中日ドラゴンズ,51455131,松井　雅人,M.Matsui,10.0,13.0,11.0,2.0,3.0,0.0,0.0,0.0,3.0,0.0,0.0,0,2.0,0.0,0.0,0,0.0,4.0,0.0,0.273,0.273,0.273,0.546,3.0,0.0,0.0,0.273,0.0,30.76923076923077,0.0,0.42857142857142855,0.19110000000000002,364.00000000000006,0.0,0.375,0.273,3.0,0.0,0.0,10.0,13.0,11.0,3.0,0.0,0.0,2.0,0.273,0.273,0.0,0,0.0,,3.0,0.0,0,2.0,0.0,,0.8181818181818182,0.716
2011,CL,東京ヤクルトスワローズ,51555117,小野寺　力,C.Onodera,6.0,0.0,0.0,0.0,0.0,0.0,0.0,0.0,0.0,0.0,0.0,0,0.0,0.0,0.0,0,0.0,0.0,0.0,,,,0.0,0.0,0.0,0.0,,nan,nan,nan,nan,0.0,0.0,nan,nan,,0.0,0.0,0.0,6.0,0.0,0.0,0.0,0.0,0.0,0.0,,,0.0,0,0.0,,0.0,0.0,0,0.0,0.0,,nan,0.0
2011,CL,中日ドラゴンズ,51555131,小川　龍也,R.Ogawa,1.0,0.0,0.0,0.0,0.0,0.0,0.0,0.0,0.0,0.0,0.0,0,0.0,0.0,0.0,0,0.0,0.0,0.0,,,,0.0,0.0,0.0,0.0,,nan,nan,nan,nan,0.0,0.0,nan,nan,,0.0,0.0,0.0,1.0,0.0,0.0,0.0,0.0,0.0,0.0,,,0.0,0,0.0,,0.0,0.0,0,0.0,0.0,,nan,0.0
2011,CL,横浜DeNAベイスターズ,51555133,大原　慎司,S.Oohara,71.0,0.0,0.0,0.0,0.0,0.0,0.0,0.0,0.0,0.0,0.0,0,0.0,0.0,0.0,0,0.0,0.0,0.0,,,,0.0,0.0,0.0,0.0,,nan,nan,nan,nan,0.0,0.0,nan,nan,,0.0,0.0,0.0,71.0,0.0,0.0,0.0,0.0,0.0,0.0,,,0.0,0,0.0,,0.0,0.0,0,0.0,0.0,,nan,0.0
2011,CL,東京ヤクルトスワローズ,51655110,渡辺　恒樹,K.Watanabe,13.0,1.0,1.0,0.0,0.0,0.0,0.0,0.0,0.0,0.0,0.0,0,0.0,0.0,0.0,0,0.0,1.0,0.0,0.0,0.0,0.0,0.0,0.0,0.0,0.0,0.0,0.0,100.0,0.0,nan,0.0,0.0,0.0,0.0,0.0,0.0,0.0,0.0,13.0,1.0,1.0,0.0,0.0,0.0,0.0,0.0,0.0,0.0,0,0.0,,0.0,0.0,0,0.0,0.0,,0.0,-0.098
2011,CL,広島東洋カープ,51655114,前田　健太,K.Maeda,32.0,73.0,61.0,0.0,5.0,1.0,0.0,0.0,6.0,3.0,0.0,0,9.0,1.0,2.0,0,0.0,25.0,0.0,0.082,0.109,0.098,0.20700000000000002,4.0,0.016,0.026999999999999996,0.125,2.73972602739726,34.24657534246575,0.08,0.13513513513513514,0.07355,141.66666666666666,0.04918032786885246,0.14285714285714285,0.082,5.0,0.0,3.0,32.0,73.0,61.0,4.0,1.0,0.0,0.0,0.109,0.098,2.0,0,0.0,,6.0,0.0,0,9.0,1.0,,0.6666666666666666,-2.1080000000000005
2011,CL,読売ジャイアンツ,51655117,矢野　謙次,K.Yano,53.0,116.0,107.0,10.0,27.0,7.0,0.0,1.0,37.0,11.0,2,1,3.0,1.0,4.0,0,1.0,20.0,3.0,0.252,0.283,0.346,0.629,19.0,0.09399999999999997,0.030999999999999972,0.3769999999999999,3.4482758620689653,17.24137931034483,0.2,0.2988505747126437,0.21384999999999998,398.3333333333333,0.14018691588785046,0.5180722891566265,0.252,27.0,1.0,11.0,53.0,116.0,107.0,19.0,7.0,0.0,10.0,0.283,0.346,4.0,0,1.0,,37.0,2,1,3.0,1.0,,10.333333333333334,9.969999999999999
2011,CL,横浜DeNAベイスターズ,51655118,松本　啓二朗,K.Matsumoto,47.0,116.0,104.0,9.0,22.0,4.0,1.0,0.0,28.0,11.0,2.0,2,6.0,2.0,4.0,0,0.0,15.0,2.0,0.212,0.236,0.269,0.505,17.0,0.05700000000000002,0.023999999999999994,0.293,3.4482758620689653,12.931034482758621,0.26666666666666666,0.24175824175824176,0.17345,325.6666666666667,0.11538461538461539,0.40476190476190477,0.212,22.0,0.0,11.0,47.0,116.0,104.0,17.0,4.0,1.0,9.0,0.236,0.269,4.0,0,0.0,,28.0,2.0,2,6.0,2.0,,6.7407407407407405,6.063999999999998
2011,CL,読売ジャイアンツ,51753888,實松　一成,K.Sanematsu,20.0,24.0,22.0,3.0,6.0,0.0,0.0,2.0,12.0,3.0,0.0,0,2.0,0.0,0.0,0,0.0,10.0,0.0,0.273,0.273,0.545,0.8180000000000001,4.0,0.272,0.0,0.545,0.0,41.66666666666667,0.0,0.4,0.2591,454.6666666666667,0.2727272727272727,0.75,0.273,6.0,2.0,3.0,20.0,24.0,22.0,4.0,0.0,0.0,3.0,0.273,0.545,0.0,0,0.0,,12.0,0.0,0,2.0,0.0,,3.272727272727273,3.312
2011,CL,広島東洋カープ,51755116,小窪　哲也,T.Kokubo,65.0,158.0,142.0,13.0,37.0,7.0,0.0,2.0,50.0,12.0,1.0,1,9.0,0.0,3.0,0,4.0,17.0,0.0,0.261,0.295,0.352,0.647,28.0,0.09099999999999997,0.033999999999999975,0.3859999999999999,1.89873417721519,10.759493670886076,0.17647058823529413,0.2845528455284553,0.22075,412.3333333333333,0.11971830985915492,0.5523809523809524,0.261,37.0,2.0,12.0,65.0,158.0,142.0,28.0,7.0,0.0,13.0,0.295,0.352,3.0,0,4.0,,50.0,1.0,1,9.0,0.0,,13.793103448275861,14.119999999999996
2011,CL,東京ヤクルトスワローズ,51755119,佐藤　賢,M.Satou,2.0,0.0,0.0,0.0,0.0,0.0,0.0,0.0,0.0,0.0,0.0,0,0.0,0.0,0.0,0,0.0,0.0,0.0,,,,0.0,0.0,0.0,0.0,,nan,nan,nan,nan,0.0,0.0,nan,nan,,0.0,0.0,0.0,2.0,0.0,0.0,0.0,0.0,0.0,0.0,,,0.0,0,0.0,,0.0,0.0,0,0.0,0.0,,nan,0.0
2011,CL,横浜DeNAベイスターズ,51855112,山口　俊,S.Yamaguchi,59.0,0.0,0.0,0.0,0.0,0.0,0.0,0.0,0.0,0.0,0.0,0,0.0,0.0,0.0,0,0.0,0.0,0.0,,,,0.0,0.0,0.0,0.0,,nan,nan,nan,nan,0.0,0.0,nan,nan,,0.0,0.0,0.0,59.0,0.0,0.0,0.0,0.0,0.0,0.0,,,0.0,0,0.0,,0.0,0.0,0,0.0,0.0,,nan,0.0
2011,CL,読売ジャイアンツ,51953886,高橋　由伸,Y.Takahashi,95.0,301.0,256.0,35.0,63.0,13.0,0.0,15.0,121.0,37.0,0,1,1.0,0.0,40.0,0,4.0,64.0,9.0,0.246,0.357,0.473,0.83,35.0,0.22699999999999998,0.11099999999999999,0.584,13.2890365448505,21.262458471760798,0.625,0.2711864406779661,0.2789,514.6666666666666,0.38671875,0.8217821782178217,0.246,63.0,15.0,37.0,95.0,301.0,256.0,35.0,13.0,0.0,35.0,0.357,0.473,40.0,0,4.0,,121.0,0,1,1.0,0.0,,42.104729729729726,44.245999999999995
2011,CL,読売ジャイアンツ,51955114,坂本　勇人,H.Sakamoto,144.0,624.0,568.0,69.0,149.0,27.0,2.0,16.0,228.0,59.0,8,1,10.0,3.0,37.0,0,6.0,91.0,3.0,0.262,0.313,0.401,0.714,104.0,0.139,0.05099999999999999,0.452,5.929487179487179,14.583333333333334,0.4065934065934066,0.28663793103448276,0.2411,446.66666666666663,0.20598591549295775,0.6445497630331753,0.262,149.0,16.0,59.0,144.0,624.0,568.0,104.0,27.0,2.0,69.0,0.313,0.401,37.0,0,6.0,,228.0,8,1,10.0,3.0,,70.09586776859504,69.868
2011,CL,阪神タイガース,51955131,田上　健一,K.Tagami,6.0,17.0,16.0,2.0,4.0,0.0,0.0,0.0,4.0,0.0,1,0,0.0,0.0,1.0,0,0.0,5.0,0.0,0.25,0.294,0.25,0.544,4.0,0.0,0.043999999999999984,0.294,5.88235294117647,29.411764705882355,0.2,0.36363636363636365,0.1948,377.3333333333333,0.0625,0.4166666666666667,0.25,4.0,0.0,0.0,6.0,17.0,16.0,4.0,0.0,0.0,2.0,0.294,0.25,1.0,0,0.0,,4.0,1,0,0.0,0.0,,1.1764705882352942,1.154
2011,CL,読売ジャイアンツ,51955133,小山　雄輝,Y.Koyama,3.0,4.0,3.0,0.0,0.0,0.0,0.0,0.0,0.0,0.0,0.0,0,1.0,0.0,0.0,0,0.0,2.0,0.0,0.0,0.0,0.0,0.0,0.0,0.0,0.0,0.0,0.0,50.0,0.0,0.0,0.0,0.0,0.0,0.0,0.0,0.0,0.0,0.0,3.0,4.0,3.0,0.0,0.0,0.0,0.0,0.0,0.0,0.0,0,0.0,,0.0,0.0,0,1.0,0.0,,0.0,-0.29400000000000004
2011,CL,阪神タイガース,53155116,C.ブラゼル,C.Brazell,120.0,456.0,422.0,33.0,119.0,21.0,0.0,16.0,188.0,69.0,0,1,0.0,6.0,21.0,0,7.0,71.0,15.0,0.282,0.322,0.445,0.767,82.0,0.16300000000000003,0.040000000000000036,0.485,4.605263157894736,15.570175438596493,0.29577464788732394,0.3020527859237537,0.25615,470.33333333333337,0.2156398104265403,0.6823899371069182,0.282,119.0,16.0,69.0,120.0,456.0,422.0,82.0,21.0,0.0,33.0,0.322,0.445,21.0,0,7.0,,188.0,0,1,0.0,6.0,,59.41309255079007,58.885999999999996
2011,CL,阪神タイガース,53155131,M.マートン,M.Murton,142.0,606.0,579.0,66.0,180.0,24.0,1.0,13.0,245.0,60.0,6,4,1.0,1.0,24.0,0,1.0,76.0,13.0,0.311,0.339,0.423,0.762,142.0,0.11199999999999999,0.028000000000000025,0.451,3.9603960396039604,12.541254125412541,0.3157894736842105,0.34012219959266804,0.25830000000000003,480.0,0.16062176165803108,0.6650485436893204,0.311,180.0,13.0,60.0,142.0,606.0,579.0,142.0,24.0,1.0,66.0,0.339,0.423,24.0,0,1.0,,245.0,6,4,1.0,1.0,,82.88557213930348,77.908
2011,CL,横浜DeNAベイスターズ,53755133,L.ゴンザレス,L.Gonzalez,2.0,2.0,2.0,0.0,0.0,0.0,0.0,0.0,0.0,0.0,0.0,0,0.0,0.0,0.0,0,0.0,0.0,0.0,0.0,0.0,0.0,0.0,0.0,0.0,0.0,0.0,0.0,0.0,nan,0.0,0.0,0.0,0.0,0.0,0.0,0.0,0.0,0.0,2.0,2.0,2.0,0.0,0.0,0.0,0.0,0.0,0.0,0.0,0,0.0,,0.0,0.0,0,0.0,0.0,,0.0,-0.196
2011,CL,阪神タイガース,61065110,能見　篤史,A.Noumi,31.0,61.0,51.0,4.0,6.0,0.0,0.0,0.0,6.0,2.0,0.0,0,7.0,0.0,3.0,0,0.0,25.0,0.0,0.118,0.167,0.118,0.28500000000000003,6.0,0.0,0.049000000000000016,0.167,4.918032786885246,40.98360655737705,0.12,0.23076923076923078,0.10465,206.33333333333334,0.058823529411764705,0.2,0.118,6.0,0.0,2.0,31.0,61.0,51.0,6.0,0.0,0.0,4.0,0.167,0.118,3.0,0,0.0,,6.0,0.0,0,7.0,0.0,,1.0,-0.41999999999999993
2011,CL,読売ジャイアンツ,61065114,田中　大二郎,D.Tanaka,25.0,47.0,39.0,0.0,6.0,3.0,0.0,0.0,9.0,1.0,0.0,0,2.0,0.0,2.0,0,4.0,6.0,0.0,0.154,0.267,0.231,0.498,3.0,0.07700000000000001,0.11300000000000002,0.344,4.25531914893617,12.76595744680851,0.3333333333333333,0.18181818181818182,0.1779,344.0,0.1282051282051282,0.45454545454545453,0.154,6.0,0.0,1.0,25.0,47.0,39.0,3.0,3.0,0.0,0.0,0.267,0.231,2.0,0,4.0,,9.0,0.0,0,2.0,0.0,,1.7560975609756098,2.4060000000000006
2011,CL,横浜DeNAベイスターズ,61065117,武山　真吾,S.Takeyama,46.0,102.0,88.0,4.0,11.0,3.0,0.0,1.0,17.0,5.0,0.0,0,6.0,1.0,4.0,0,3.0,26.0,4.0,0.125,0.188,0.193,0.381,7.0,0.068,0.063,0.256,3.9215686274509802,25.49019607843137,0.15384615384615385,0.16129032258064516,0.13285000000000002,252.33333333333334,0.11363636363636363,0.2962962962962963,0.125,11.0,1.0,5.0,46.0,102.0,88.0,7.0,3.0,0.0,4.0,0.188,0.193,4.0,0,3.0,,17.0,0.0,0,6.0,1.0,,2.7717391304347827,1.8639999999999999
2011,CL,東京ヤクルトスワローズ,61165112,飯原　誉士,Y.Iihara,64.0,122.0,103.0,6.0,13.0,4.0,0.0,0.0,17.0,8.0,0.0,0,4.0,1.0,14.0,0,0.0,20.0,7.0,0.126,0.229,0.165,0.394,9.0,0.03900000000000001,0.10300000000000001,0.268,11.475409836065573,16.39344262295082,0.7,0.15476190476190477,0.1443,284.00000000000006,0.17475728155339806,0.31958762886597936,0.126,13.0,0.0,8.0,64.0,122.0,103.0,9.0,4.0,0.0,6.0,0.229,0.165,14.0,0,0.0,,17.0,0.0,0,4.0,1.0,,3.923076923076923,3.1799999999999997
2011,CL,広島東洋カープ,61265111,迎　祐一郎,Y.Mukae,13.0,17.0,15.0,1.0,3.0,1.0,0.0,0.0,4.0,2.0,0.0,0,1.0,0.0,1.0,0,0.0,2.0,2.0,0.2,0.25,0.267,0.517,2.0,0.067,0.04999999999999999,0.317,5.88235294117647,11.76470588235294,0.5,0.23076923076923078,0.17925000000000002,339.0,0.13333333333333333,0.35714285714285715,0.2,3.0,0.0,2.0,13.0,17.0,15.0,2.0,1.0,0.0,1.0,0.25,0.267,1.0,0,0.0,,4.0,0.0,0,1.0,0.0,,1.0,0.8739999999999997
2011,CL,中日ドラゴンズ,61265112,平田　良介,R.Hirata,113.0,376.0,330.0,39.0,84.0,15.0,6.0,11.0,144.0,38.0,1,2,7.0,0.0,38.0,0,1.0,72.0,10.0,0.255,0.333,0.436,0.769,52.0,0.181,0.07800000000000001,0.514,10.106382978723403,19.148936170212767,0.5277777777777778,0.29554655870445345,0.25885,478.33333333333337,0.30303030303030304,0.72265625,0.255,84.0,11.0,38.0,113.0,376.0,330.0,52.0,15.0,6.0,39.0,0.333,0.436,38.0,0,1.0,,144.0,1,2,7.0,0.0,,47.73913043478261,48.001999999999995
2011,CL,広島東洋カープ,61265114,中東　直己,N.Nakahigashi,64.0,34.0,34.0,7.0,7.0,1.0,0.0,0.0,8.0,1.0,3,4,0.0,0.0,0.0,0,0.0,4.0,0.0,0.206,0.206,0.235,0.44099999999999995,6.0,0.028999999999999998,0.0,0.235,0.0,11.76470588235294,0.0,0.23333333333333334,0.15144999999999997,284.3333333333333,0.14705882352941177,0.4444444444444444,0.206,7.0,0.0,1.0,64.0,34.0,34.0,6.0,1.0,0.0,7.0,0.206,0.235,0.0,0,0.0,,8.0,3,4,0.0,0.0,,1.6470588235294117,1.7939999999999996
2011,CL,阪神タイガース,61265115,平野　恵一,K.Hirano,142.0,615.0,542.0,62.0,160.0,13.0,5.0,1.0,186.0,29.0,6,7,34.0,1.0,33.0,0,5.0,67.0,6.0,0.295,0.341,0.343,0.684,141.0,0.04800000000000004,0.04600000000000004,0.389,5.365853658536586,10.894308943089431,0.4925373134328358,0.33473684210526317,0.23920000000000002,455.33333333333337,0.12177121771217712,0.595360824742268,0.295,160.0,1.0,29.0,142.0,615.0,542.0,141.0,13.0,5.0,62.0,0.341,0.343,33.0,0,5.0,,186.0,6,7,34.0,1.0,,62.431304347826085,62.86400000000001
2011,CL,横浜DeNAベイスターズ,61365113,大沼　幸二,K.Oonuma,14.0,0.0,0.0,0.0,0.0,0.0,0.0,0.0,0.0,0.0,0.0,0,0.0,0.0,0.0,0,0.0,0.0,0.0,,,,0.0,0.0,0.0,0.0,,nan,nan,nan,nan,0.0,0.0,nan,nan,,0.0,0.0,0.0,14.0,0.0,0.0,0.0,0.0,0.0,0.0,,,0.0,0,0.0,,0.0,0.0,0,0.0,0.0,,nan,0.0
2011,CL,広島東洋カープ,61365115,大島　崇行,T.Ooshima,7.0,1.0,1.0,0.0,0.0,0.0,0.0,0.0,0.0,0.0,0.0,0,0.0,0.0,0.0,0,0.0,1.0,0.0,0.0,0.0,0.0,0.0,0.0,0.0,0.0,0.0,0.0,100.0,0.0,nan,0.0,0.0,0.0,0.0,0.0,0.0,0.0,0.0,7.0,1.0,1.0,0.0,0.0,0.0,0.0,0.0,0.0,0.0,0,0.0,,0.0,0.0,0,0.0,0.0,,0.0,-0.098
2011,CL,阪神タイガース,61465112,大和,Y.Yamato（maeda,47.0,62.0,51.0,13.0,12.0,1.0,1.0,0.0,15.0,6.0,5,1,5.0,3.0,3.0,0,0.0,6.0,0.0,0.235,0.263,0.294,0.5569999999999999,10.0,0.059,0.028000000000000025,0.322,4.838709677419355,9.67741935483871,0.5,0.25,0.19185000000000002,361.0,0.13725490196078433,0.48717948717948717,0.235,12.0,0.0,6.0,47.0,62.0,51.0,10.0,1.0,1.0,13.0,0.263,0.294,3.0,0,0.0,,15.0,5,1,5.0,3.0,,4.166666666666667,4.108
2011,CL,横浜DeNAベイスターズ,61465118,藤江　均,H.Fujie,47.0,1.0,1.0,0.0,0.0,0.0,0.0,0.0,0.0,0.0,0.0,0,0.0,0.0,0.0,0,0.0,1.0,0.0,0.0,0.0,0.0,0.0,0.0,0.0,0.0,0.0,0.0,100.0,0.0,nan,0.0,0.0,0.0,0.0,0.0,0.0,0.0,0.0,47.0,1.0,1.0,0.0,0.0,0.0,0.0,0.0,0.0,0.0,0,0.0,,0.0,0.0,0,0.0,0.0,,0.0,-0.098
2011,CL,広島東洋カープ,61563880,嶋　重宣,S.Shima,54.0,141.0,125.0,13.0,32.0,9.0,1.0,2.0,49.0,8.0,1,0,0.0,1.0,14.0,0,1.0,19.0,1.0,0.256,0.333,0.392,0.7250000000000001,20.0,0.136,0.07700000000000001,0.469,9.929078014184398,13.47517730496454,0.7368421052631579,0.2857142857142857,0.24785000000000001,463.6666666666667,0.248,0.6808510638297872,0.256,32.0,2.0,8.0,54.0,141.0,125.0,20.0,9.0,1.0,13.0,0.333,0.392,14.0,0,1.0,,49.0,1,0,0.0,1.0,,16.215827338129497,16.235999999999997
2011,CL,阪神タイガース,61563884,小林宏,H.Kobayashihiro（kobayashi,42.0,0.0,0.0,0.0,0.0,0.0,0.0,0.0,0.0,0.0,0.0,0,0.0,0.0,0.0,0,0.0,0.0,0.0,,,,0.0,0.0,0.0,0.0,,nan,nan,nan,nan,0.0,0.0,nan,nan,,0.0,0.0,0.0,42.0,0.0,0.0,0.0,0.0,0.0,0.0,,,0.0,0,0.0,,0.0,0.0,0,0.0,0.0,,nan,0.0
2011,CL,阪神タイガース,61565110,久保　康友,Y.Kubo,21.0,32.0,29.0,1.0,0.0,0.0,0.0,0.0,0.0,0.0,0.0,0,3.0,0.0,0.0,0,0.0,14.0,0.0,0.0,0.0,0.0,0.0,0.0,0.0,0.0,0.0,0.0,43.75,0.0,0.0,0.0,0.0,0.0,0.0,0.0,0.0,0.0,0.0,21.0,32.0,29.0,0.0,0.0,0.0,1.0,0.0,0.0,0.0,0,0.0,,0.0,0.0,0,3.0,0.0,,0.0,-2.842
2011,CL,阪神タイガース,61565112,川﨑　雄介,Y.Kawasaki,6.0,0.0,0.0,0.0,0.0,0.0,0.0,0.0,0.0,0.0,0.0,0,0.0,0.0,0.0,0,0.0,0.0,0.0,,,,0.0,0.0,0.0,0.0,,nan,nan,nan,nan,0.0,0.0,nan,nan,,0.0,0.0,0.0,6.0,0.0,0.0,0.0,0.0,0.0,0.0,,,0.0,0,0.0,,0.0,0.0,0,0.0,0.0,,nan,0.0
2011,CL,阪神タイガース,61565116,清原　大貴,D.Kiyohara,1.0,2.0,1.0,0.0,0.0,0.0,0.0,0.0,0.0,0.0,0.0,0,1.0,0.0,0.0,0,0.0,1.0,0.0,0.0,0.0,0.0,0.0,0.0,0.0,0.0,0.0,0.0,50.0,0.0,nan,0.0,0.0,0.0,0.0,0.0,0.0,0.0,0.0,1.0,2.0,1.0,0.0,0.0,0.0,0.0,0.0,0.0,0.0,0,0.0,,0.0,0.0,0,1.0,0.0,,0.0,-0.098
2011,CL,阪神タイガース,61565119,坂　克彦,K.Saka,3.0,5.0,5.0,0.0,0.0,0.0,0.0,0.0,0.0,0.0,0.0,0,0.0,0.0,0.0,0,0.0,4.0,0.0,0.0,0.0,0.0,0.0,0.0,0.0,0.0,0.0,0.0,80.0,0.0,0.0,0.0,0.0,0.0,0.0,0.0,0.0,0.0,0.0,3.0,5.0,5.0,0.0,0.0,0.0,0.0,0.0,0.0,0.0,0,0.0,,0.0,0.0,0,0.0,0.0,,0.0,-0.49
2011,CL,東京ヤクルトスワローズ,61665116,山本　斉,H.Yamamoto,12.0,11.0,9.0,1.0,1.0,0.0,0.0,0.0,1.0,1.0,0.0,0,2.0,0.0,0.0,0,0.0,3.0,1.0,0.111,0.111,0.111,0.222,1.0,0.0,0.0,0.111,0.0,27.27272727272727,0.0,0.16666666666666666,0.0777,148.0,0.0,0.1111111111111111,0.111,1.0,0.0,1.0,12.0,11.0,9.0,1.0,0.0,0.0,1.0,0.111,0.111,0.0,0,0.0,,1.0,0.0,0,2.0,0.0,,0.1111111111111111,-0.28400000000000003
2011,CL,横浜DeNAベイスターズ,61665117,吉村　裕基,Y.Yoshimura,81.0,245.0,220.0,25.0,44.0,8.0,1.0,5.0,69.0,11.0,0,1,2.0,1.0,15.0,0,7.0,59.0,3.0,0.2,0.272,0.314,0.5860000000000001,30.0,0.11399999999999999,0.07200000000000001,0.386,6.122448979591836,24.081632653061224,0.2542372881355932,0.2484076433121019,0.20090000000000002,376.6666666666667,0.18636363636363637,0.5139664804469274,0.2,44.0,5.0,11.0,81.0,245.0,220.0,30.0,8.0,1.0,25.0,0.272,0.314,15.0,0,7.0,,69.0,0,1,2.0,1.0,,17.323404255319147,19.191999999999997
2011,CL,中日ドラゴンズ,61665133,武藤　祐太,Y.Mutou,7.0,0.0,0.0,0.0,0.0,0.0,0.0,0.0,0.0,0.0,0.0,0,0.0,0.0,0.0,0,0.0,0.0,0.0,,,,0.0,0.0,0.0,0.0,,nan,nan,nan,nan,0.0,0.0,nan,nan,,0.0,0.0,0.0,7.0,0.0,0.0,0.0,0.0,0.0,0.0,,,0.0,0,0.0,,0.0,0.0,0,0.0,0.0,,nan,0.0
2011,CL,読売ジャイアンツ,61763884,鈴木　尚広,T.Suzuki,90.0,68.0,58.0,24.0,11.0,2.0,0.0,0.0,13.0,0.0,18,5,5.0,0.0,4.0,0,1.0,13.0,3.0,0.19,0.254,0.224,0.478,9.0,0.034,0.064,0.288,5.88235294117647,19.11764705882353,0.3076923076923077,0.24444444444444444,0.1703,328.6666666666667,0.1896551724137931,0.46,0.19,11.0,0.0,0.0,90.0,68.0,58.0,9.0,2.0,0.0,24.0,0.254,0.224,4.0,0,1.0,,13.0,18,5,5.0,0.0,,3.1451612903225805,3.8840000000000003
2011,CL,中日ドラゴンズ,61765110,鈴木　義広,Y.Suzuki,55.0,1.0,1.0,0.0,0.0,0.0,0.0,0.0,0.0,0.0,0.0,0,0.0,0.0,0.0,0,0.0,1.0,0.0,0.0,0.0,0.0,0.0,0.0,0.0,0.0,0.0,0.0,100.0,0.0,nan,0.0,0.0,0.0,0.0,0.0,0.0,0.0,0.0,55.0,1.0,1.0,0.0,0.0,0.0,0.0,0.0,0.0,0.0,0,0.0,,0.0,0.0,0,0.0,0.0,,0.0,-0.098
2011,CL,横浜DeNAベイスターズ,61765115,真田　裕貴,H.Sanada,53.0,2.0,2.0,0.0,0.0,0.0,0.0,0.0,0.0,0.0,0.0,0,0.0,0.0,0.0,0,0.0,1.0,0.0,0.0,0.0,0.0,0.0,0.0,0.0,0.0,0.0,0.0,50.0,0.0,0.0,0.0,0.0,0.0,0.0,0.0,0.0,0.0,0.0,53.0,2.0,2.0,0.0,0.0,0.0,0.0,0.0,0.0,0.0,0,0.0,,0.0,0.0,0,0.0,0.0,,0.0,-0.196
2011,CL,横浜DeNAベイスターズ,61765116,佐藤　祥万,S.Satou,11.0,0.0,0.0,0.0,0.0,0.0,0.0,0.0,0.0,0.0,0.0,0,0.0,0.0,0.0,0,0.0,0.0,0.0,,,,0.0,0.0,0.0,0.0,,nan,nan,nan,nan,0.0,0.0,nan,nan,,0.0,0.0,0.0,11.0,0.0,0.0,0.0,0.0,0.0,0.0,,,0.0,0,0.0,,0.0,0.0,0,0.0,0.0,,nan,0.0
2011,CL,阪神タイガース,61765117,久保田　智之,T.Kubota,23.0,0.0,0.0,0.0,0.0,0.0,0.0,0.0,0.0,0.0,0.0,0,0.0,0.0,0.0,0,0.0,0.0,0.0,,,,0.0,0.0,0.0,0.0,,nan,nan,nan,nan,0.0,0.0,nan,nan,,0.0,0.0,0.0,23.0,0.0,0.0,0.0,0.0,0.0,0.0,,,0.0,0,0.0,,0.0,0.0,0,0.0,0.0,,nan,0.0
2011,CL,読売ジャイアンツ,61865133,J.アルバラデホ,J.Albaladejo,46.0,0.0,0.0,0.0,0.0,0.0,0.0,0.0,0.0,0.0,0.0,0,0.0,0.0,0.0,0,0.0,0.0,0.0,,,,0.0,0.0,0.0,0.0,,nan,nan,nan,nan,0.0,0.0,nan,nan,,0.0,0.0,0.0,46.0,0.0,0.0,0.0,0.0,0.0,0.0,,,0.0,0,0.0,,0.0,0.0,0,0.0,0.0,,nan,0.0
2011,CL,広島東洋カープ,61963887,豊田　清,K.Toyoda,32.0,0.0,0.0,0.0,0.0,0.0,0.0,0.0,0.0,0.0,0.0,0,0.0,0.0,0.0,0,0.0,0.0,0.0,,,,0.0,0.0,0.0,0.0,,nan,nan,nan,nan,0.0,0.0,nan,nan,,0.0,0.0,0.0,32.0,0.0,0.0,0.0,0.0,0.0,0.0,,,0.0,0,0.0,,0.0,0.0,0,0.0,0.0,,nan,0.0
2011,CL,読売ジャイアンツ,63165113,A.ラミレス,A.Ramirez,137.0,515.0,477.0,39.0,133.0,12.0,1.0,23.0,216.0,73.0,2,1,0.0,5.0,30.0,0,3.0,72.0,9.0,0.279,0.322,0.453,0.775,97.0,0.174,0.04299999999999998,0.496,5.825242718446602,13.980582524271846,0.4166666666666667,0.2842377260981912,0.25815,473.0,0.2389937106918239,0.7082152974504249,0.279,133.0,23.0,73.0,137.0,515.0,477.0,97.0,12.0,1.0,39.0,0.322,0.453,30.0,0,3.0,,216.0,2,1,0.0,5.0,,69.44378698224853,68.658
2011,CL,横浜DeNAベイスターズ,63165116,T.スレッジ,T.Sledge,95.0,373.0,339.0,45.0,88.0,15.0,0.0,20.0,163.0,57.0,0,1,0.0,4.0,26.0,0,4.0,90.0,5.0,0.26,0.316,0.481,0.7969999999999999,53.0,0.22099999999999997,0.055999999999999994,0.5369999999999999,6.970509383378016,24.128686327077748,0.28888888888888886,0.2918454935622318,0.26244999999999996,476.3333333333333,0.3008849557522124,0.7578125,0.26,88.0,20.0,57.0,95.0,373.0,339.0,53.0,15.0,0.0,45.0,0.316,0.481,26.0,0,4.0,,163.0,0,1,0.0,4.0,,50.90958904109589,51.58200000000001
2011,CL,横浜DeNAベイスターズ,63165133,C.ハミルトン,C.Hamilton,18.0,4.0,4.0,0.0,0.0,0.0,0.0,0.0,0.0,0.0,0.0,0,0.0,0.0,0.0,0,0.0,3.0,0.0,0.0,0.0,0.0,0.0,0.0,0.0,0.0,0.0,0.0,75.0,0.0,0.0,0.0,0.0,0.0,0.0,0.0,0.0,0.0,0.0,18.0,4.0,4.0,0.0,0.0,0.0,0.0,0.0,0.0,0.0,0,0.0,,0.0,0.0,0,0.0,0.0,,0.0,-0.392
2011,CL,広島東洋カープ,63765133,B.バーデン,B.Barden,64.0,242.0,210.0,18.0,59.0,10.0,0.0,3.0,78.0,20.0,0,1,0.0,2.0,25.0,0,5.0,48.0,2.0,0.281,0.368,0.371,0.739,46.0,0.08999999999999997,0.08699999999999997,0.4579999999999999,10.330578512396695,19.834710743801654,0.5208333333333334,0.34782608695652173,0.25834999999999997,491.66666666666663,0.21428571428571427,0.7124183006535948,0.281,59.0,3.0,20.0,64.0,242.0,210.0,46.0,10.0,0.0,18.0,0.368,0.371,25.0,0,5.0,,78.0,0,1,0.0,2.0,,27.880851063829788,29.801999999999992
2011,CL,広島東洋カープ,65563868,石井　琢朗,T.Ishii,61.0,106.0,92.0,11.0,23.0,2.0,2.0,1.0,32.0,4.0,0.0,0,2.0,0.0,12.0,0,0.0,13.0,1.0,0.25,0.337,0.348,0.685,18.0,0.09799999999999998,0.08700000000000002,0.435,11.320754716981133,12.264150943396226,0.9230769230769231,0.28205128205128205,0.23865,453.0,0.22826086956521738,0.6285714285714286,0.25,23.0,1.0,4.0,61.0,106.0,92.0,18.0,2.0,2.0,11.0,0.337,0.348,12.0,0,0.0,,32.0,0.0,0,2.0,0.0,,10.76923076923077,11.157999999999998
2011,CL,阪神タイガース,71073888,藤川　球児,K.Fujikawa,56.0,0.0,0.0,0.0,0.0,0.0,0.0,0.0,0.0,0.0,0.0,0,0.0,0.0,0.0,0,0.0,0.0,0.0,,,,0.0,0.0,0.0,0.0,,nan,nan,nan,nan,0.0,0.0,nan,nan,,0.0,0.0,0.0,56.0,0.0,0.0,0.0,0.0,0.0,0.0,,,0.0,0,0.0,,0.0,0.0,0,0.0,0.0,,nan,0.0
2011,CL,中日ドラゴンズ,71075131,中田　亮二,R.Nakata,26.0,50.0,46.0,1.0,11.0,1.0,0.0,0.0,12.0,2.0,1,0,1.0,0.0,2.0,0,1.0,12.0,3.0,0.239,0.286,0.261,0.5469999999999999,10.0,0.02200000000000002,0.046999999999999986,0.308,4.0,24.0,0.16666666666666666,0.3235294117647059,0.19394999999999998,373.0,0.06521739130434782,0.39473684210526316,0.239,11.0,0.0,2.0,26.0,50.0,46.0,10.0,1.0,0.0,1.0,0.286,0.261,2.0,0,1.0,,12.0,1,0,1.0,0.0,,3.25,3.28
2011,CL,横浜DeNAベイスターズ,71075133,須田　幸太,K.Suda,17.0,25.0,18.0,2.0,4.0,0.0,0.0,0.0,4.0,0.0,0.0,0,7.0,0.0,0.0,0,0.0,7.0,0.0,0.222,0.222,0.222,0.444,4.0,0.0,0.0,0.222,0.0,28.000000000000004,0.0,0.36363636363636365,0.1554,296.0,0.0,0.2857142857142857,0.222,4.0,0.0,0.0,17.0,25.0,18.0,4.0,0.0,0.0,2.0,0.222,0.222,0.0,0,0.0,,4.0,0.0,0,7.0,0.0,,0.8888888888888888,0.6279999999999999
2011,CL,中日ドラゴンズ,71173882,荒木　雅博,M.Araki,135.0,593.0,543.0,58.0,143.0,20.0,2.0,2.0,173.0,24.0,18,9,10.0,1.0,36.0,0,3.0,73.0,4.0,0.263,0.312,0.319,0.631,119.0,0.055999999999999994,0.04899999999999999,0.368,6.070826306913997,12.310286677908937,0.4931506849315068,0.3006396588486141,0.22015,418.3333333333333,0.13812154696132597,0.5470297029702971,0.263,143.0,2.0,24.0,135.0,593.0,543.0,119.0,20.0,2.0,58.0,0.312,0.319,36.0,0,3.0,,173.0,18,9,10.0,1.0,,53.483592400690846,54.150000000000006
2011,CL,中日ドラゴンズ,71175114,浅尾　拓也,T.Asao,79.0,2.0,2.0,0.0,0.0,0.0,0.0,0.0,0.0,0.0,0.0,0,0.0,0.0,0.0,0,0.0,0.0,0.0,0.0,0.0,0.0,0.0,0.0,0.0,0.0,0.0,0.0,0.0,nan,0.0,0.0,0.0,0.0,0.0,0.0,0.0,0.0,0.0,79.0,2.0,2.0,0.0,0.0,0.0,0.0,0.0,0.0,0.0,0,0.0,,0.0,0.0,0,0.0,0.0,,0.0,-0.196
2011,CL,広島東洋カープ,71275113,廣瀬　純,J.Hirose,73.0,276.0,218.0,24.0,59.0,4.0,0.0,2.0,69.0,27.0,2,0,9.0,6.0,29.0,0,14.0,36.0,11.0,0.271,0.382,0.317,0.6990000000000001,53.0,0.045999999999999985,0.11099999999999999,0.428,10.507246376811594,13.043478260869565,0.8055555555555556,0.3064516129032258,0.25115,487.6666666666667,0.17889908256880735,0.6588235294117647,0.271,59.0,2.0,27.0,73.0,276.0,218.0,53.0,4.0,0.0,24.0,0.382,0.317,29.0,0,14.0,,69.0,2,0,9.0,6.0,,24.582995951417004,30.868000000000002
2011,CL,阪神タイガース,71275131,藤原　正典,M.Fujihara,19.0,1.0,1.0,0.0,0.0,0.0,0.0,0.0,0.0,0.0,0.0,0,0.0,0.0,0.0,0,0.0,1.0,0.0,0.0,0.0,0.0,0.0,0.0,0.0,0.0,0.0,0.0,100.0,0.0,nan,0.0,0.0,0.0,0.0,0.0,0.0,0.0,0.0,19.0,1.0,1.0,0.0,0.0,0.0,0.0,0.0,0.0,0.0,0,0.0,,0.0,0.0,0,0.0,0.0,,0.0,-0.098
2011,CL,東京ヤクルトスワローズ,71375114,上田　剛史,T.Ueda,12.0,34.0,30.0,1.0,8.0,1.0,0.0,0.0,9.0,0.0,6,0,1.0,0.0,3.0,0,0.0,5.0,0.0,0.267,0.333,0.3,0.633,7.0,0.032999999999999974,0.066,0.366,8.823529411764707,14.705882352941178,0.6,0.32,0.22485,433.0,0.13333333333333333,0.5454545454545454,0.267,8.0,0.0,0.0,12.0,34.0,30.0,7.0,1.0,0.0,1.0,0.333,0.3,3.0,0,0.0,,9.0,6,0,1.0,0.0,,3.0,3.054
2011,CL,広島東洋カープ,71375118,岩本　貴裕,T.Iwamoto,60.0,193.0,179.0,12.0,40.0,7.0,1.0,3.0,58.0,15.0,0,1,3.0,3.0,8.0,0,0.0,43.0,4.0,0.223,0.253,0.324,0.577,29.0,0.101,0.03,0.354,4.145077720207254,22.279792746113987,0.18604651162790697,0.27205882352941174,0.19485000000000002,361.0,0.15083798882681565,0.46853146853146854,0.223,40.0,3.0,15.0,60.0,193.0,179.0,29.0,7.0,1.0,12.0,0.253,0.324,8.0,0,0.0,,58.0,0,1,3.0,3.0,,14.88770053475936,14.097999999999999
2011,CL,阪神タイガース,71475114,野原　将志,M.Nohara,2.0,1.0,1.0,0.0,0.0,0.0,0.0,0.0,0.0,0.0,0.0,0,0.0,0.0,0.0,0,0.0,0.0,0.0,0.0,0.0,0.0,0.0,0.0,0.0,0.0,0.0,0.0,0.0,nan,0.0,0.0,0.0,0.0,0.0,0.0,0.0,0.0,0.0,2.0,1.0,1.0,0.0,0.0,0.0,0.0,0.0,0.0,0.0,0,0.0,,0.0,0.0,0,0.0,0.0,,0.0,-0.098
2011,CL,東京ヤクルトスワローズ,71475118,日高　亮,R.Hidaka,16.0,0.0,0.0,0.0,0.0,0.0,0.0,0.0,0.0,0.0,0.0,0,0.0,0.0,0.0,0,0.0,0.0,0.0,,,,0.0,0.0,0.0,0.0,,nan,nan,nan,nan,0.0,0.0,nan,nan,,0.0,0.0,0.0,16.0,0.0,0.0,0.0,0.0,0.0,0.0,,,0.0,0,0.0,,0.0,0.0,0,0.0,0.0,,nan,0.0
2011,CL,中日ドラゴンズ,71475131,松井　佑介,Y.Matsui,4.0,8.0,8.0,0.0,1.0,0.0,0.0,0.0,1.0,0.0,0.0,0,0.0,0.0,0.0,0,0.0,4.0,0.0,0.125,0.125,0.125,0.25,1.0,0.0,0.0,0.125,0.0,50.0,0.0,0.25,0.0875,166.66666666666666,0.0,0.14285714285714285,0.125,1.0,0.0,0.0,4.0,8.0,8.0,1.0,0.0,0.0,0.0,0.125,0.125,0.0,0,0.0,,1.0,0.0,0,0.0,0.0,,0.125,-0.18600000000000005
2011,CL,横浜DeNAベイスターズ,71475133,福山　博之,H.Fukuyama,19.0,2.0,1.0,0.0,0.0,0.0,0.0,0.0,0.0,0.0,0.0,0,1.0,0.0,0.0,0,0.0,1.0,0.0,0.0,0.0,0.0,0.0,0.0,0.0,0.0,0.0,0.0,50.0,0.0,nan,0.0,0.0,0.0,0.0,0.0,0.0,0.0,0.0,19.0,2.0,1.0,0.0,0.0,0.0,0.0,0.0,0.0,0.0,0,0.0,,0.0,0.0,0,1.0,0.0,,0.0,-0.098
2011,CL,読売ジャイアンツ,71575116,加治前　竜一,R.Kajimae,6.0,9.0,9.0,1.0,2.0,0.0,0.0,0.0,2.0,0.0,0.0,0,0.0,0.0,0.0,0,0.0,3.0,0.0,0.222,0.222,0.222,0.444,2.0,0.0,0.0,0.222,0.0,33.33333333333333,0.0,0.3333333333333333,0.1554,296.0,0.0,0.2857142857142857,0.222,2.0,0.0,0.0,6.0,9.0,9.0,2.0,0.0,0.0,1.0,0.222,0.222,0.0,0,0.0,,2.0,0.0,0,0.0,0.0,,0.4444444444444444,0.31399999999999995
2011,CL,東京ヤクルトスワローズ,71675114,増渕　竜義,T.Masubuchi,27.0,46.0,35.0,1.0,2.0,0.0,0.0,0.0,2.0,2.0,0.0,0,10.0,0.0,1.0,0,0.0,15.0,0.0,0.057,0.083,0.057,0.14,2.0,0.0,0.026000000000000002,0.083,2.1739130434782608,32.608695652173914,0.06666666666666667,0.1,0.0516,102.00000000000001,0.02857142857142857,0.09090909090909091,0.057,2.0,0.0,2.0,27.0,46.0,35.0,2.0,0.0,0.0,1.0,0.083,0.057,1.0,0,0.0,,2.0,0.0,0,10.0,0.0,,0.16666666666666666,-1.904
2011,CL,阪神タイガース,71675116,森田　一成,I.Morita,20.0,34.0,32.0,2.0,8.0,3.0,1.0,1.0,16.0,5.0,0.0,0,0.0,1.0,1.0,0,0.0,8.0,0.0,0.25,0.265,0.5,0.765,3.0,0.25,0.015000000000000013,0.515,2.941176470588235,23.52941176470588,0.125,0.2916666666666667,0.24425000000000002,431.66666666666663,0.28125,0.7083333333333334,0.25,8.0,1.0,5.0,20.0,34.0,32.0,3.0,3.0,1.0,2.0,0.265,0.5,1.0,0,0.0,,16.0,0.0,0,0.0,1.0,,4.363636363636363,4.118
2011,CL,読売ジャイアンツ,71775111,高木　康成,Y.Takagi,47.0,0.0,0.0,0.0,0.0,0.0,0.0,0.0,0.0,0.0,0.0,0,0.0,0.0,0.0,0,0.0,0.0,0.0,,,,0.0,0.0,0.0,0.0,,nan,nan,nan,nan,0.0,0.0,nan,nan,,0.0,0.0,0.0,47.0,0.0,0.0,0.0,0.0,0.0,0.0,,,0.0,0,0.0,,0.0,0.0,0,0.0,0.0,,nan,0.0
2011,CL,読売ジャイアンツ,71875112,山口　鉄也,T.Yamaguchi,60.0,2.0,2.0,0.0,0.0,0.0,0.0,0.0,0.0,0.0,0.0,0,0.0,0.0,0.0,0,0.0,0.0,0.0,0.0,0.0,0.0,0.0,0.0,0.0,0.0,0.0,0.0,0.0,nan,0.0,0.0,0.0,0.0,0.0,0.0,0.0,0.0,0.0,60.0,2.0,2.0,0.0,0.0,0.0,0.0,0.0,0.0,0.0,0,0.0,,0.0,0.0,0,0.0,0.0,,0.0,-0.196
2011,CL,読売ジャイアンツ,71875119,D.ゴンザレス,D.Gonzalez,13.0,26.0,20.0,1.0,3.0,0.0,0.0,0.0,3.0,1.0,0.0,0,6.0,0.0,0.0,0,0.0,7.0,0.0,0.15,0.15,0.15,0.3,3.0,0.0,0.0,0.15,0.0,26.923076923076923,0.0,0.23076923076923078,0.10500000000000001,199.99999999999997,0.0,0.17647058823529413,0.15,3.0,0.0,1.0,13.0,26.0,20.0,3.0,0.0,0.0,1.0,0.15,0.15,0.0,0,0.0,,3.0,0.0,0,6.0,0.0,,0.45,-0.16600000000000015
2011,CL,東京ヤクルトスワローズ,71875131,T.バーネット,T.Barnette,48.0,0.0,0.0,0.0,0.0,0.0,0.0,0.0,0.0,0.0,0.0,0,0.0,0.0,0.0,0,0.0,0.0,0.0,,,,0.0,0.0,0.0,0.0,,nan,nan,nan,nan,0.0,0.0,nan,nan,,0.0,0.0,0.0,48.0,0.0,0.0,0.0,0.0,0.0,0.0,,,0.0,0,0.0,,0.0,0.0,0,0.0,0.0,,nan,0.0
2011,CL,中日ドラゴンズ,71973889,平井　正史,M.Hirai,33.0,0.0,0.0,0.0,0.0,0.0,0.0,0.0,0.0,0.0,0.0,0,0.0,0.0,0.0,0,0.0,0.0,0.0,,,,0.0,0.0,0.0,0.0,,nan,nan,nan,nan,0.0,0.0,nan,nan,,0.0,0.0,0.0,33.0,0.0,0.0,0.0,0.0,0.0,0.0,,,0.0,0,0.0,,0.0,0.0,0,0.0,0.0,,nan,0.0
2011,CL,中日ドラゴンズ,71975115,髙橋　聡文,A.Takahashi,2.0,0.0,0.0,0.0,0.0,0.0,0.0,0.0,0.0,0.0,0.0,0,0.0,0.0,0.0,0,0.0,0.0,0.0,,,,0.0,0.0,0.0,0.0,,nan,nan,nan,nan,0.0,0.0,nan,nan,,0.0,0.0,0.0,2.0,0.0,0.0,0.0,0.0,0.0,0.0,,,0.0,0,0.0,,0.0,0.0,0,0.0,0.0,,nan,0.0
2011,CL,阪神タイガース,71975116,白仁田　寛和,H.Shiranita,2.0,0.0,0.0,0.0,0.0,0.0,0.0,0.0,0.0,0.0,0.0,0,0.0,0.0,0.0,0,0.0,0.0,0.0,,,,0.0,0.0,0.0,0.0,,nan,nan,nan,nan,0.0,0.0,nan,nan,,0.0,0.0,0.0,2.0,0.0,0.0,0.0,0.0,0.0,0.0,,,0.0,0,0.0,,0.0,0.0,0,0.0,0.0,,nan,0.0
2011,CL,東京ヤクルトスワローズ,73375131,J.ホワイトセル,J.Whitesell,112.0,348.0,299.0,29.0,74.0,18.0,0.0,12.0,128.0,33.0,0.0,0,0.0,3.0,40.0,0,6.0,108.0,7.0,0.247,0.345,0.428,0.7729999999999999,44.0,0.181,0.09799999999999998,0.526,11.494252873563218,31.03448275862069,0.37037037037037035,0.34065934065934067,0.26225,487.66666666666663,0.31438127090301005,0.75,0.247,74.0,12.0,33.0,112.0,348.0,299.0,44.0,18.0,0.0,29.0,0.345,0.428,40.0,0,6.0,,128.0,0.0,0,0.0,3.0,,43.04424778761062,45.370000000000005
2011,CL,読売ジャイアンツ,81085110,野間口　貴彦,T.Nomaguchi,12.0,0.0,0.0,0.0,0.0,0.0,0.0,0.0,0.0,0.0,0.0,0,0.0,0.0,0.0,0,0.0,0.0,0.0,,,,0.0,0.0,0.0,0.0,,nan,nan,nan,nan,0.0,0.0,nan,nan,,0.0,0.0,0.0,12.0,0.0,0.0,0.0,0.0,0.0,0.0,,,0.0,0,0.0,,0.0,0.0,0,0.0,0.0,,nan,0.0
2011,CL,横浜DeNAベイスターズ,81085112,内藤　雄太,Y.Naitou,99.0,198.0,184.0,18.0,41.0,8.0,0.0,1.0,52.0,20.0,0.0,0,0.0,3.0,11.0,0,0.0,58.0,2.0,0.223,0.263,0.283,0.546,32.0,0.05999999999999997,0.04000000000000001,0.3229999999999999,5.555555555555555,29.292929292929294,0.1896551724137931,0.3125,0.1891,357.3333333333333,0.11956521739130435,0.43448275862068964,0.223,41.0,1.0,20.0,99.0,198.0,184.0,32.0,8.0,0.0,18.0,0.263,0.283,11.0,0,0.0,,52.0,0.0,0,0.0,3.0,,13.866666666666667,12.815999999999997
2011,CL,中日ドラゴンズ,81085114,田中　大輔,D.Tanaka,4.0,8.0,6.0,0.0,0.0,0.0,0.0,0.0,0.0,0.0,0.0,0,0.0,0.0,2.0,0,0.0,2.0,0.0,0.0,0.25,0.0,0.25,0.0,0.0,0.25,0.25,25.0,25.0,1.0,0.0,0.1125,250.0,0.3333333333333333,0.3333333333333333,0.0,0.0,0.0,0.0,4.0,8.0,6.0,0.0,0.0,0.0,0.0,0.25,0.0,2.0,0,0.0,,0.0,0.0,0,0.0,0.0,,0.0,0.07199999999999995
2011,CL,東京ヤクルトスワローズ,81085117,館山　昌平,S.Tateyama,26.0,63.0,54.0,2.0,4.0,1.0,0.0,0.0,5.0,1.0,0.0,0,7.0,0.0,2.0,0,0.0,30.0,1.0,0.074,0.107,0.093,0.2,3.0,0.019000000000000003,0.033,0.126,3.1746031746031744,47.61904761904761,0.06666666666666667,0.16666666666666666,0.07139999999999999,138.0,0.05555555555555555,0.13725490196078433,0.074,4.0,0.0,1.0,26.0,63.0,54.0,3.0,1.0,0.0,2.0,0.107,0.093,2.0,0,0.0,,5.0,0.0,0,7.0,0.0,,0.5357142857142857,-2.0200000000000005
2011,CL,中日ドラゴンズ,81183888,岩瀬　仁紀,H.Iwase,56.0,0.0,0.0,0.0,0.0,0.0,0.0,0.0,0.0,0.0,0.0,0,0.0,0.0,0.0,0,0.0,0.0,0.0,,,,0.0,0.0,0.0,0.0,,nan,nan,nan,nan,0.0,0.0,nan,nan,,0.0,0.0,0.0,56.0,0.0,0.0,0.0,0.0,0.0,0.0,,,0.0,0,0.0,,0.0,0.0,0,0.0,0.0,,nan,0.0
2011,CL,横浜DeNAベイスターズ,81183889,大家　友和,T.Ooka,7.0,11.0,9.0,0.0,0.0,0.0,0.0,0.0,0.0,0.0,0.0,0,2.0,0.0,0.0,0,0.0,6.0,0.0,0.0,0.0,0.0,0.0,0.0,0.0,0.0,0.0,0.0,54.54545454545454,0.0,0.0,0.0,0.0,0.0,0.0,0.0,0.0,0.0,0.0,7.0,11.0,9.0,0.0,0.0,0.0,0.0,0.0,0.0,0.0,0,0.0,,0.0,0.0,0,2.0,0.0,,0.0,-0.882
2011,CL,広島東洋カープ,81185110,梅津　智弘,T.Umetsu,23.0,0.0,0.0,0.0,0.0,0.0,0.0,0.0,0.0,0.0,0.0,0,0.0,0.0,0.0,0,0.0,0.0,0.0,,,,0.0,0.0,0.0,0.0,,nan,nan,nan,nan,0.0,0.0,nan,nan,,0.0,0.0,0.0,23.0,0.0,0.0,0.0,0.0,0.0,0.0,,,0.0,0,0.0,,0.0,0.0,0,0.0,0.0,,nan,0.0
2011,CL,中日ドラゴンズ,81185114,岩﨑　達郎,T.Iwasaki,51.0,91.0,78.0,9.0,17.0,3.0,1.0,0.0,22.0,3.0,0,1,6.0,0.0,7.0,0,0.0,13.0,1.0,0.218,0.282,0.282,0.564,13.0,0.06399999999999997,0.06399999999999997,0.346,7.6923076923076925,14.285714285714285,0.5384615384615384,0.26153846153846155,0.19739999999999996,375.99999999999994,0.16666666666666666,0.4838709677419355,0.218,17.0,0.0,3.0,51.0,91.0,78.0,13.0,3.0,1.0,9.0,0.282,0.282,7.0,0,0.0,,22.0,0,1,6.0,0.0,,6.211764705882353,6.211999999999999
2011,CL,読売ジャイアンツ,81185119,内海　哲也,T.Utsumi,29.0,59.0,56.0,1.0,7.0,0.0,0.0,0.0,7.0,1.0,0.0,0,2.0,0.0,1.0,0,0.0,24.0,0.0,0.125,0.14,0.125,0.265,7.0,0.0,0.015000000000000013,0.14,1.694915254237288,40.67796610169492,0.041666666666666664,0.21875,0.09425000000000001,181.66666666666666,0.017857142857142856,0.16326530612244897,0.125,7.0,0.0,1.0,29.0,59.0,56.0,7.0,0.0,0.0,1.0,0.14,0.125,1.0,0,0.0,,7.0,0.0,0,2.0,0.0,,0.9824561403508771,-0.9720000000000004
2011,CL,阪神タイガース,81283883,下柳　剛,T.Shimoyanagi,6.0,8.0,7.0,0.0,0.0,0.0,0.0,0.0,0.0,0.0,0.0,0,1.0,0.0,0.0,0,0.0,5.0,0.0,0.0,0.0,0.0,0.0,0.0,0.0,0.0,0.0,0.0,62.5,0.0,0.0,0.0,0.0,0.0,0.0,0.0,0.0,0.0,0.0,6.0,8.0,7.0,0.0,0.0,0.0,0.0,0.0,0.0,0.0,0,0.0,,0.0,0.0,0,1.0,0.0,,0.0,-0.686
2011,CL,読売ジャイアンツ,81385110,亀井　善行,Y.Kamei,111.0,308.0,284.0,27.0,70.0,13.0,2.0,3.0,96.0,24.0,7,1,8.0,1.0,14.0,0,1.0,43.0,5.0,0.246,0.283,0.338,0.621,52.0,0.09200000000000003,0.03699999999999998,0.375,4.545454545454546,13.96103896103896,0.32558139534883723,0.2803347280334728,0.21184999999999998,395.6666666666667,0.1443661971830986,0.5114155251141552,0.246,70.0,3.0,24.0,111.0,308.0,284.0,52.0,13.0,2.0,27.0,0.283,0.338,14.0,0,1.0,,96.0,7,1,8.0,1.0,,27.06040268456376,25.918
2011,CL,読売ジャイアンツ,81385112,越智　大祐,D.Ochi,42.0,0.0,0.0,0.0,0.0,0.0,0.0,0.0,0.0,0.0,0.0,0,0.0,0.0,0.0,0,0.0,0.0,0.0,,,,0.0,0.0,0.0,0.0,,nan,nan,nan,nan,0.0,0.0,nan,nan,,0.0,0.0,0.0,42.0,0.0,0.0,0.0,0.0,0.0,0.0,,,0.0,0,0.0,,0.0,0.0,0,0.0,0.0,,nan,0.0
2011,CL,横浜DeNAベイスターズ,81485113,山本　省吾,S.Yamamoto,21.0,19.0,16.0,0.0,2.0,0.0,0.0,0.0,2.0,0.0,0.0,0,2.0,0.0,1.0,0,0.0,7.0,0.0,0.125,0.176,0.125,0.301,2.0,0.0,0.05099999999999999,0.176,5.263157894736842,36.84210526315789,0.14285714285714285,0.2222222222222222,0.11044999999999999,217.66666666666666,0.0625,0.21428571428571427,0.125,2.0,0.0,0.0,21.0,19.0,16.0,2.0,0.0,0.0,0.0,0.176,0.125,1.0,0,0.0,,2.0,0.0,0,2.0,0.0,,0.35294117647058826,-0.04200000000000004
2011,CL,東京ヤクルトスワローズ,81485116,三輪　正義,M.Miwa,54.0,16.0,13.0,15.0,1.0,0.0,0.0,0.0,1.0,0.0,5,2,3.0,0.0,0.0,0,0.0,2.0,0.0,0.077,0.077,0.077,0.154,1.0,0.0,0.0,0.077,0.0,12.5,0.0,0.09090909090909091,0.0539,102.66666666666667,0.15384615384615385,0.25,0.077,1.0,0.0,0.0,54.0,16.0,13.0,1.0,0.0,0.0,15.0,0.077,0.077,0.0,0,0.0,,1.0,5,2,3.0,0.0,,0.07692307692307693,-0.31600000000000017
2011,CL,横浜DeNAベイスターズ,81485117,村田　修一,S.Murata,144.0,592.0,530.0,65.0,134.0,28.0,1.0,20.0,224.0,70.0,0.0,0,0.0,6.0,44.0,0,12.0,103.0,19.0,0.253,0.321,0.423,0.744,85.0,0.16999999999999998,0.068,0.491,7.4324324324324325,17.39864864864865,0.42718446601941745,0.27602905569007263,0.2502,461.99999999999994,0.2528301886792453,0.6746987951807228,0.253,134.0,20.0,70.0,144.0,592.0,530.0,85.0,28.0,1.0,65.0,0.321,0.423,44.0,0,12.0,,224.0,0.0,0,0.0,6.0,,69.46341463414635,72.172
2011,CL,横浜DeNAベイスターズ,81585110,桑原　義行,Y.Kuwahara,1.0,1.0,1.0,0.0,0.0,0.0,0.0,0.0,0.0,0.0,0.0,0,0.0,0.0,0.0,0,0.0,1.0,0.0,0.0,0.0,0.0,0.0,0.0,0.0,0.0,0.0,0.0,100.0,0.0,nan,0.0,0.0,0.0,0.0,0.0,0.0,0.0,0.0,1.0,1.0,1.0,0.0,0.0,0.0,0.0,0.0,0.0,0.0,0,0.0,,0.0,0.0,0,0.0,0.0,,0.0,-0.098
2011,CL,東京ヤクルトスワローズ,81585112,川島　慶三,K.Kawashima,40.0,54.0,46.0,8.0,12.0,0.0,0.0,0.0,12.0,3.0,3,0,1.0,1.0,4.0,0,2.0,8.0,0.0,0.261,0.34,0.261,0.601,12.0,0.0,0.07900000000000001,0.34,7.4074074074074066,14.814814814814813,0.5,0.3076923076923077,0.21825000000000003,427.00000000000006,0.08695652173913043,0.5294117647058824,0.261,12.0,0.0,3.0,40.0,54.0,46.0,12.0,0.0,0.0,8.0,0.34,0.261,4.0,0,2.0,,12.0,3,0,1.0,1.0,,3.84,4.648
2011,CL,中日ドラゴンズ,81685112,柳田　殖生,S.Yanagida,3.0,3.0,3.0,0.0,0.0,0.0,0.0,0.0,0.0,0.0,0.0,0,0.0,0.0,0.0,0,0.0,3.0,0.0,0.0,0.0,0.0,0.0,0.0,0.0,0.0,0.0,0.0,100.0,0.0,nan,0.0,0.0,0.0,0.0,0.0,0.0,0.0,0.0,3.0,3.0,3.0,0.0,0.0,0.0,0.0,0.0,0.0,0.0,0,0.0,,0.0,0.0,0,0.0,0.0,,0.0,-0.29400000000000004
2011,CL,阪神タイガース,81685117,林　威助,U.Rin,63.0,92.0,90.0,2.0,15.0,3.0,0.0,1.0,21.0,5.0,1,0,0.0,1.0,1.0,0,0.0,14.0,2.0,0.167,0.174,0.233,0.40700000000000003,11.0,0.066,0.0069999999999999785,0.24,1.0869565217391304,15.217391304347828,0.07142857142857142,0.18421052631578946,0.13655,251.66666666666666,0.07777777777777778,0.2857142857142857,0.167,15.0,1.0,5.0,63.0,92.0,90.0,11.0,3.0,0.0,2.0,0.174,0.233,1.0,0,0.0,,21.0,1,0,0.0,1.0,,3.6923076923076925,2.079999999999999
2011,CL,横浜DeNAベイスターズ,81685118,山崎　憲晴,N.Yamazaki,21.0,41.0,38.0,1.0,4.0,0.0,0.0,0.0,4.0,1.0,0,1,1.0,0.0,2.0,0,0.0,14.0,1.0,0.105,0.15,0.105,0.255,4.0,0.0,0.045,0.15,4.878048780487805,34.146341463414636,0.14285714285714285,0.16666666666666666,0.09375,185.0,0.07894736842105263,0.2,0.105,4.0,0.0,1.0,21.0,41.0,38.0,4.0,0.0,0.0,1.0,0.15,0.105,2.0,0,0.0,,4.0,0,1,1.0,0.0,,0.6,-0.492
2011,CL,阪神タイガース,81783884,関本　賢太郎,K.Sekimoto,100.0,255.0,224.0,15.0,59.0,7.0,0.0,2.0,72.0,16.0,0.0,0,0.0,0.0,28.0,0,3.0,55.0,9.0,0.263,0.353,0.321,0.6739999999999999,50.0,0.057999999999999996,0.08999999999999997,0.411,10.980392156862745,21.568627450980394,0.509090909090909,0.3413173652694611,0.23909999999999998,459.99999999999994,0.18303571428571427,0.5919540229885057,0.263,59.0,2.0,16.0,100.0,255.0,224.0,50.0,7.0,0.0,15.0,0.353,0.321,28.0,0,3.0,,72.0,0.0,0,0.0,0.0,,24.857142857142858,26.980000000000004
2011,CL,東京ヤクルトスワローズ,81785116,由規,Y.Yoshinori（satou,15.0,32.0,28.0,1.0,2.0,0.0,0.0,0.0,2.0,1.0,0.0,0,4.0,0.0,0.0,0,0.0,13.0,0.0,0.071,0.071,0.071,0.142,2.0,0.0,0.0,0.071,0.0,40.625,0.0,0.13333333333333333,0.049699999999999994,94.66666666666666,0.0,0.07692307692307693,0.071,2.0,0.0,1.0,15.0,32.0,28.0,2.0,0.0,0.0,1.0,0.071,0.071,0.0,0,0.0,,2.0,0.0,0,4.0,0.0,,0.14285714285714285,-1.548
2011,CL,阪神タイガース,81885112,若竹　竜士,R.Wakatake,2.0,0.0,0.0,0.0,0.0,0.0,0.0,0.0,0.0,0.0,0.0,0,0.0,0.0,0.0,0,0.0,0.0,0.0,,,,0.0,0.0,0.0,0.0,,nan,nan,nan,nan,0.0,0.0,nan,nan,,0.0,0.0,0.0,2.0,0.0,0.0,0.0,0.0,0.0,0.0,,,0.0,0,0.0,,0.0,0.0,0,0.0,0.0,,nan,0.0
2011,CL,横浜DeNAベイスターズ,81885114,渡辺　直人,N.Watanabe,126.0,469.0,403.0,33.0,107.0,16.0,2.0,1.0,130.0,24.0,7,5,19.0,0.0,36.0,0,11.0,73.0,13.0,0.266,0.342,0.323,0.665,88.0,0.056999999999999995,0.07600000000000001,0.399,7.675906183368871,15.56503198294243,0.4931506849315068,0.3221884498480243,0.23465000000000003,449.66666666666674,0.1588089330024814,0.5889967637540453,0.266,107.0,1.0,24.0,126.0,469.0,403.0,88.0,16.0,2.0,33.0,0.342,0.323,36.0,0,11.0,,130.0,7,5,19.0,0.0,,42.34624145785877,46.442
2011,CL,中日ドラゴンズ,81885133,カラスコ,F.Carrasco,3.0,4.0,4.0,0.0,0.0,0.0,0.0,0.0,0.0,0.0,0.0,0,0.0,0.0,0.0,0,0.0,4.0,0.0,0.0,0.0,0.0,0.0,0.0,0.0,0.0,0.0,0.0,100.0,0.0,nan,0.0,0.0,0.0,0.0,0.0,0.0,0.0,0.0,3.0,4.0,4.0,0.0,0.0,0.0,0.0,0.0,0.0,0.0,0,0.0,,0.0,0.0,0,0.0,0.0,,0.0,-0.392
2011,CL,阪神タイガース,81983888,福原　忍,S.Fukuhara,55.0,1.0,1.0,0.0,0.0,0.0,0.0,0.0,0.0,0.0,0.0,0,0.0,0.0,0.0,0,0.0,1.0,0.0,0.0,0.0,0.0,0.0,0.0,0.0,0.0,0.0,0.0,100.0,0.0,nan,0.0,0.0,0.0,0.0,0.0,0.0,0.0,0.0,55.0,1.0,1.0,0.0,0.0,0.0,0.0,0.0,0.0,0.0,0,0.0,,0.0,0.0,0,0.0,0.0,,0.0,-0.098
2011,CL,東京ヤクルトスワローズ,81985111,野口　祥順,Y.Noguchi,26.0,15.0,14.0,3.0,2.0,0.0,0.0,0.0,2.0,1.0,2.0,2,1.0,0.0,0.0,0,0.0,3.0,1.0,0.143,0.143,0.143,0.286,2.0,0.0,0.0,0.143,0.0,20.0,0.0,0.18181818181818182,0.1001,190.66666666666666,0.14285714285714285,0.3076923076923077,0.143,2.0,0.0,1.0,26.0,15.0,14.0,2.0,0.0,0.0,3.0,0.143,0.143,0.0,0,0.0,,2.0,2.0,2,1.0,0.0,,0.2857142857142857,0.18399999999999972
2011,CL,横浜DeNAベイスターズ,81985114,下園　辰哉,T.Shimozono,85.0,350.0,298.0,31.0,79.0,10.0,1.0,4.0,103.0,25.0,2.0,2,5.0,0.0,45.0,0,2.0,54.0,5.0,0.265,0.365,0.346,0.711,64.0,0.08099999999999996,0.09999999999999998,0.4459999999999999,12.857142857142856,15.428571428571427,0.8333333333333334,0.3125,0.25075000000000003,480.3333333333333,0.23825503355704697,0.6785714285714286,0.265,79.0,4.0,25.0,85.0,350.0,298.0,64.0,10.0,1.0,31.0,0.365,0.346,45.0,0,2.0,,103.0,2.0,2,5.0,0.0,,37.23615160349854,40.408
2011,CL,読売ジャイアンツ,81985133,澤村　拓一,H.Sawamura,30.0,61.0,52.0,2.0,4.0,1.0,0.0,0.0,5.0,2.0,0.0,0,6.0,0.0,3.0,0,0.0,34.0,0.0,0.077,0.127,0.096,0.223,3.0,0.019000000000000003,0.05,0.146,4.918032786885246,55.73770491803278,0.08823529411764706,0.2222222222222222,0.08115,159.0,0.07692307692307693,0.16666666666666666,0.077,4.0,0.0,2.0,30.0,61.0,52.0,3.0,1.0,0.0,2.0,0.127,0.096,3.0,0,0.0,,5.0,0.0,0,6.0,0.0,,0.6363636363636364,-1.4940000000000007
2011,CL,広島東洋カープ,83185133,B.バリントン,B.Bullington,30.0,69.0,62.0,1.0,9.0,2.0,0.0,0.0,11.0,3.0,0,1,6.0,0.0,1.0,0,0.0,25.0,1.0,0.145,0.159,0.177,0.33599999999999997,7.0,0.032,0.014000000000000012,0.191,1.4492753623188406,36.231884057971016,0.04,0.24324324324324326,0.1158,218.0,0.06451612903225806,0.24074074074074073,0.145,9.0,0.0,3.0,30.0,69.0,62.0,7.0,2.0,0.0,1.0,0.159,0.177,1.0,0,0.0,,11.0,0,1,6.0,0.0,,1.746031746031746,0.25599999999999934
2011,CL,阪神タイガース,83585114,J.スタンリッジ,J.Standridge,25.0,49.0,42.0,2.0,4.0,0.0,0.0,0.0,4.0,0.0,0.0,0,4.0,0.0,3.0,0,0.0,27.0,0.0,0.095,0.156,0.095,0.251,4.0,0.0,0.061,0.156,6.122448979591836,55.10204081632652,0.1111111111111111,0.26666666666666666,0.09395,187.66666666666669,0.07142857142857142,0.18421052631578946,0.095,4.0,0.0,0.0,25.0,49.0,42.0,4.0,0.0,0.0,2.0,0.156,0.095,3.0,0,0.0,,4.0,0.0,0,4.0,0.0,,0.6222222222222222,-0.734
2011,CL,中日ドラゴンズ,85583868,谷繁　元信,M.Tanishige,102.0,330.0,277.0,26.0,71.0,10.0,0.0,6.0,99.0,31.0,0.0,0,12.0,1.0,38.0,0,2.0,51.0,5.0,0.256,0.349,0.357,0.706,55.0,0.10099999999999998,0.09299999999999997,0.4499999999999999,11.515151515151516,15.454545454545453,0.7450980392156863,0.29411764705882354,0.2463,468.0,0.23826714801444043,0.6587677725118484,0.256,71.0,6.0,31.0,102.0,330.0,277.0,55.0,10.0,0.0,26.0,0.349,0.357,38.0,0,2.0,,99.0,0.0,0,12.0,1.0,,34.25714285714286,36.352000000000004
2011,CL,読売ジャイアンツ,91095111,藤井　秀悟,S.Fujii,1.0,1.0,1.0,0.0,0.0,0.0,0.0,0.0,0.0,0.0,0.0,0,0.0,0.0,0.0,0,0.0,0.0,0.0,0.0,0.0,0.0,0.0,0.0,0.0,0.0,0.0,0.0,0.0,nan,0.0,0.0,0.0,0.0,0.0,0.0,0.0,0.0,0.0,1.0,1.0,1.0,0.0,0.0,0.0,0.0,0.0,0.0,0.0,0,0.0,,0.0,0.0,0,0.0,0.0,,0.0,-0.098
2011,CL,東京ヤクルトスワローズ,91095114,高市　俊,S.Takaichi,1.0,1.0,1.0,0.0,1.0,0.0,0.0,0.0,1.0,0.0,0.0,0,0.0,0.0,0.0,0,0.0,0.0,0.0,1.0,1.0,1.0,2.0,1.0,0.0,0.0,1.0,0.0,0.0,nan,1.0,0.7,1333.3333333333333,0.0,nan,1.0,1.0,0.0,0.0,1.0,1.0,1.0,1.0,0.0,0.0,0.0,1.0,1.0,0.0,0,0.0,,1.0,0.0,0,0.0,0.0,,1.0,0.5
2011,CL,横浜DeNAベイスターズ,91195110,石川　雄洋,T.Ishikawa,125.0,530.0,466.0,49.0,121.0,11.0,1.0,0.0,134.0,22.0,12,7,32.0,0.0,30.0,0,2.0,95.0,8.0,0.26,0.307,0.288,0.595,109.0,0.02799999999999997,0.046999999999999986,0.3349999999999999,5.660377358490567,17.92452830188679,0.3157894736842105,0.3261455525606469,0.21015,402.99999999999994,0.1072961373390558,0.49008498583569404,0.26,121.0,0.0,22.0,125.0,530.0,466.0,109.0,11.0,1.0,49.0,0.307,0.288,30.0,0,2.0,,134.0,12,7,32.0,0.0,,40.79435483870968,41.47
2011,CL,広島東洋カープ,91195116,安部　友裕,T.Abe,8.0,20.0,20.0,3.0,3.0,0.0,0.0,0.0,3.0,0.0,0.0,0,0.0,0.0,0.0,0,0.0,6.0,0.0,0.15,0.15,0.15,0.3,3.0,0.0,0.0,0.15,0.0,30.0,0.0,0.21428571428571427,0.10500000000000001,199.99999999999997,0.0,0.17647058823529413,0.15,3.0,0.0,0.0,8.0,20.0,20.0,3.0,0.0,0.0,3.0,0.15,0.15,0.0,0,0.0,,3.0,0.0,0,0.0,0.0,,0.45,-0.16600000000000015
2011,CL,阪神タイガース,91195133,荒木　郁也,F.Araki,2.0,0.0,0.0,0.0,0.0,0.0,0.0,0.0,0.0,0.0,0.0,0,0.0,0.0,0.0,0,0.0,0.0,0.0,,,,0.0,0.0,0.0,0.0,,nan,nan,nan,nan,0.0,0.0,nan,nan,,0.0,0.0,0.0,2.0,0.0,0.0,0.0,0.0,0.0,0.0,,,0.0,0,0.0,,0.0,0.0,0,0.0,0.0,,nan,0.0
2011,CL,横浜DeNAベイスターズ,91295115,早川　大輔,D.Hayakawa,1.0,1.0,1.0,0.0,0.0,0.0,0.0,0.0,0.0,0.0,0.0,0,0.0,0.0,0.0,0,0.0,1.0,0.0,0.0,0.0,0.0,0.0,0.0,0.0,0.0,0.0,0.0,100.0,0.0,nan,0.0,0.0,0.0,0.0,0.0,0.0,0.0,0.0,1.0,1.0,1.0,0.0,0.0,0.0,0.0,0.0,0.0,0.0,0,0.0,,0.0,0.0,0,0.0,0.0,,0.0,-0.098
2011,CL,広島東洋カープ,91295133,中村　恭平,K.Nakamura,3.0,4.0,4.0,0.0,0.0,0.0,0.0,0.0,0.0,0.0,0.0,0,0.0,0.0,0.0,0,0.0,3.0,0.0,0.0,0.0,0.0,0.0,0.0,0.0,0.0,0.0,0.0,75.0,0.0,0.0,0.0,0.0,0.0,0.0,0.0,0.0,0.0,0.0,3.0,4.0,4.0,0.0,0.0,0.0,0.0,0.0,0.0,0.0,0,0.0,,0.0,0.0,0,0.0,0.0,,0.0,-0.392
2011,CL,中日ドラゴンズ,91393886,小田　幸平,K.Oda,40.0,69.0,61.0,0.0,10.0,0.0,0.0,0.0,10.0,4.0,0.0,0,3.0,0.0,5.0,0,0.0,15.0,1.0,0.164,0.227,0.164,0.391,10.0,0.0,0.063,0.227,7.246376811594203,21.73913043478261,0.3333333333333333,0.21739130434782608,0.14315,281.6666666666667,0.08196721311475409,0.28846153846153844,0.164,10.0,0.0,4.0,40.0,69.0,61.0,10.0,0.0,0.0,0.0,0.227,0.164,5.0,0,0.0,,10.0,0.0,0,3.0,0.0,,2.272727272727273,1.6520000000000001
2011,CL,阪神タイガース,91395110,岡﨑　太一,T.Okazaki,7.0,4.0,4.0,0.0,0.0,0.0,0.0,0.0,0.0,0.0,0.0,0,0.0,0.0,0.0,0,0.0,2.0,0.0,0.0,0.0,0.0,0.0,0.0,0.0,0.0,0.0,0.0,50.0,0.0,0.0,0.0,0.0,0.0,0.0,0.0,0.0,0.0,0.0,7.0,4.0,4.0,0.0,0.0,0.0,0.0,0.0,0.0,0.0,0,0.0,,0.0,0.0,0,0.0,0.0,,0.0,-0.392
2011,CL,横浜DeNAベイスターズ,91395115,井手　正太郎,S.Ide,13.0,24.0,23.0,1.0,5.0,0.0,0.0,0.0,5.0,1.0,0.0,0,1.0,0.0,0.0,0,0.0,6.0,0.0,0.217,0.217,0.217,0.434,5.0,0.0,0.0,0.217,0.0,25.0,0.0,0.29411764705882354,0.1519,289.3333333333333,0.0,0.2777777777777778,0.217,5.0,0.0,1.0,13.0,24.0,23.0,5.0,0.0,0.0,1.0,0.217,0.217,0.0,0,0.0,,5.0,0.0,0,1.0,0.0,,1.0869565217391304,0.736
2011,CL,東京ヤクルトスワローズ,91395119,押本　健彦,T.Oshimoto,65.0,2.0,2.0,0.0,0.0,0.0,0.0,0.0,0.0,0.0,0.0,0,0.0,0.0,0.0,0,0.0,1.0,0.0,0.0,0.0,0.0,0.0,0.0,0.0,0.0,0.0,0.0,50.0,0.0,0.0,0.0,0.0,0.0,0.0,0.0,0.0,0.0,0.0,65.0,2.0,2.0,0.0,0.0,0.0,0.0,0.0,0.0,0.0,0,0.0,,0.0,0.0,0,0.0,0.0,,0.0,-0.196
2011,CL,中日ドラゴンズ,91495115,前田　章宏,A.Maeda,11.0,9.0,8.0,0.0,0.0,0.0,0.0,0.0,0.0,0.0,0.0,0,0.0,0.0,1.0,0,0.0,5.0,0.0,0.0,0.111,0.0,0.111,0.0,0.0,0.111,0.111,11.11111111111111,55.55555555555556,0.2,0.0,0.04995,111.0,0.125,0.125,0.0,0.0,0.0,0.0,11.0,9.0,8.0,0.0,0.0,0.0,0.0,0.111,0.0,1.0,0,0.0,,0.0,0.0,0,0.0,0.0,,0.0,-0.454
2011,CL,横浜DeNAベイスターズ,91495131,眞下　貴之,T.Makka,5.0,5.0,5.0,0.0,0.0,0.0,0.0,0.0,0.0,0.0,0.0,0,0.0,0.0,0.0,0,0.0,5.0,0.0,0.0,0.0,0.0,0.0,0.0,0.0,0.0,0.0,0.0,100.0,0.0,nan,0.0,0.0,0.0,0.0,0.0,0.0,0.0,0.0,5.0,5.0,5.0,0.0,0.0,0.0,0.0,0.0,0.0,0.0,0,0.0,,0.0,0.0,0,0.0,0.0,,0.0,-0.49
2011,CL,横浜DeNAベイスターズ,91593888,金城　龍彦,T.Kinjou,108.0,354.0,324.0,24.0,88.0,13.0,1.0,3.0,112.0,29.0,1,0,6.0,5.0,16.0,0,3.0,35.0,8.0,0.272,0.307,0.346,0.653,71.0,0.07399999999999995,0.034999999999999976,0.3809999999999999,4.519774011299435,9.887005649717514,0.45714285714285713,0.2920962199312715,0.22465,422.3333333333333,0.12345679012345678,0.5368852459016393,0.272,88.0,3.0,29.0,108.0,354.0,324.0,71.0,13.0,1.0,24.0,0.307,0.346,16.0,0,3.0,,112.0,1,0,6.0,5.0,,34.258823529411764,33.362
2011,CL,広島東洋カープ,91595110,岸本　秀樹,H.Kishimoto,42.0,0.0,0.0,0.0,0.0,0.0,0.0,0.0,0.0,0.0,0.0,0,0.0,0.0,0.0,0,0.0,0.0,0.0,,,,0.0,0.0,0.0,0.0,,nan,nan,nan,nan,0.0,0.0,nan,nan,,0.0,0.0,0.0,42.0,0.0,0.0,0.0,0.0,0.0,0.0,,,0.0,0,0.0,,0.0,0.0,0,0.0,0.0,,nan,0.0
2011,CL,読売ジャイアンツ,91595131,小野　淳平,J.Ono,14.0,14.0,14.0,0.0,3.0,0.0,0.0,0.0,3.0,1.0,0.0,0,0.0,0.0,0.0,0,0.0,6.0,0.0,0.214,0.214,0.214,0.428,3.0,0.0,0.0,0.214,0.0,42.857142857142854,0.0,0.375,0.1498,285.3333333333333,0.0,0.2727272727272727,0.214,3.0,0.0,1.0,14.0,14.0,14.0,3.0,0.0,0.0,0.0,0.214,0.214,0.0,0,0.0,,3.0,0.0,0,0.0,0.0,,0.6428571428571429,0.42199999999999993
2011,CL,中日ドラゴンズ,91795112,木下　達生,T.Kinoshita,1.0,0.0,0.0,0.0,0.0,0.0,0.0,0.0,0.0,0.0,0.0,0,0.0,0.0,0.0,0,0.0,0.0,0.0,,,,0.0,0.0,0.0,0.0,,nan,nan,nan,nan,0.0,0.0,nan,nan,,0.0,0.0,0.0,1.0,0.0,0.0,0.0,0.0,0.0,0.0,,,0.0,0,0.0,,0.0,0.0,0,0.0,0.0,,nan,0.0
2011,CL,読売ジャイアンツ,91993884,谷　佳知,Y.Tani,83.0,142.0,135.0,9.0,37.0,4.0,1.0,0.0,43.0,7.0,2,1,1.0,2.0,4.0,0,0.0,30.0,3.0,0.274,0.291,0.319,0.61,32.0,0.044999999999999984,0.01699999999999996,0.3359999999999999,2.8169014084507045,21.12676056338028,0.13333333333333333,0.34579439252336447,0.2107,397.3333333333333,0.08148148148148149,0.4752475247524752,0.274,37.0,0.0,7.0,83.0,142.0,135.0,32.0,4.0,1.0,9.0,0.291,0.319,4.0,0,0.0,,43.0,2,1,1.0,2.0,,12.683453237410072,11.815999999999997
2011,CL,読売ジャイアンツ,91995117,紺田　敏正,T.Konta,21.0,40.0,38.0,3.0,11.0,1.0,0.0,0.0,12.0,1.0,1,2,0.0,0.0,2.0,0,0.0,6.0,0.0,0.289,0.325,0.316,0.641,10.0,0.027000000000000024,0.03600000000000003,0.352,5.0,15.0,0.3333333333333333,0.34375,0.22525,430.33333333333337,0.13157894736842105,0.5925925925925926,0.289,11.0,0.0,1.0,21.0,40.0,38.0,10.0,1.0,0.0,3.0,0.325,0.316,2.0,0,0.0,,12.0,1,2,0.0,0.0,,3.9,4.094
2011,CL,阪神タイガース,91995119,筒井　和也,K.Tsutsui,12.0,1.0,1.0,0.0,0.0,0.0,0.0,0.0,0.0,0.0,0.0,0,0.0,0.0,0.0,0,0.0,1.0,0.0,0.0,0.0,0.0,0.0,0.0,0.0,0.0,0.0,0.0,100.0,0.0,nan,0.0,0.0,0.0,0.0,0.0,0.0,0.0,0.0,12.0,1.0,1.0,0.0,0.0,0.0,0.0,0.0,0.0,0.0,0,0.0,,0.0,0.0,0,0.0,0.0,,0.0,-0.098
2011,CL,読売ジャイアンツ,91995131,長野　久義,H.Chouno,140.0,578.0,519.0,58.0,164.0,20.0,4.0,17.0,243.0,69.0,19,8,3.0,2.0,48.0,0,6.0,85.0,11.0,0.316,0.379,0.468,0.847,123.0,0.15200000000000002,0.063,0.531,8.304498269896193,14.705882352941178,0.5647058823529412,0.35083532219570407,0.28755000000000003,535.0,0.26011560693641617,0.8333333333333334,0.316,164.0,17.0,69.0,140.0,578.0,519.0,123.0,20.0,4.0,58.0,0.379,0.468,48.0,0,6.0,,243.0,19,8,3.0,2.0,,90.85714285714286,89.01000000000002
2011,CL,東京ヤクルトスワローズ,93195114,A.ガイエル,A.Guiel,11.0,34.0,29.0,3.0,4.0,2.0,0.0,1.0,9.0,4.0,0.0,0,0.0,0.0,3.0,0,2.0,11.0,1.0,0.138,0.265,0.31,0.575,1.0,0.172,0.127,0.437,8.823529411764707,32.35294117647059,0.2727272727272727,0.17647058823529413,0.19675,368.33333333333337,0.27586206896551724,0.5384615384615384,0.138,4.0,1.0,4.0,11.0,34.0,29.0,1.0,2.0,0.0,3.0,0.265,0.31,3.0,0,2.0,,9.0,0.0,0,0.0,0.0,,1.96875,2.58
2011,CL,阪神タイガース,93195131,R.メッセンジャー,R.Messenger,27.0,43.0,40.0,1.0,4.0,0.0,0.0,0.0,4.0,1.0,0.0,0,2.0,0.0,1.0,0,0.0,21.0,0.0,0.1,0.122,0.1,0.222,4.0,0.0,0.021999999999999992,0.122,2.3255813953488373,48.837209302325576,0.047619047619047616,0.21052631578947367,0.0799,155.33333333333331,0.025,0.1388888888888889,0.1,4.0,0.0,1.0,27.0,43.0,40.0,4.0,0.0,0.0,1.0,0.122,0.1,1.0,0,0.0,,4.0,0.0,0,2.0,0.0,,0.4878048780487805,-1.198
2011,CL,横浜DeNAベイスターズ,93395131,B.ハーパー,B.Harper,103.0,350.0,320.0,23.0,89.0,17.0,0.0,9.0,133.0,39.0,0.0,0,0.0,3.0,27.0,0,0.0,87.0,15.0,0.278,0.331,0.416,0.747,63.0,0.13799999999999996,0.05299999999999999,0.469,7.7142857142857135,24.857142857142858,0.3103448275862069,0.3524229074889868,0.25295,469.6666666666667,0.221875,0.6504065040650406,0.278,89.0,9.0,39.0,103.0,350.0,320.0,63.0,17.0,0.0,23.0,0.331,0.416,27.0,0,0.0,,133.0,0.0,0,0.0,3.0,,44.461095100864554,42.971999999999994
