year,league,team,player_id,player_name_ja,player_name_en,G,PA,AB,R,H,2B,3B,HR,TB,RBI,SB,CS,SH,SF,BB,IBB,HBP,SO,GDP,AVG,OBP,SLG,OPS,1B,IsoP,IsoD,IOPS,BB%,K%,BB/K,BABIP,GPA,NOI,SecA,TA,打率,安打,本塁打,打点,試合,打席,打数,単打,二塁打,三塁打,得点,出塁率,長打率,四球,敬遠,死球,三振,塁打,盗塁,盗塁死,犠打,犠飛,併殺打,RC,XR
2015,CL,横浜DeNAベイスターズ,1005114,高崎　健太郎,K.Takasaki,7.0,10.0,8.0,0.0,2.0,0.0,0.0,0.0,2.0,0.0,0.0,0,1.0,0.0,1.0,0,0.0,3.0,0.0,0.25,0.333,0.25,0.583,2.0,0.0,0.08300000000000002,0.333,10.0,30.0,0.3333333333333333,0.4,0.21235,416.3333333333333,0.125,0.5,0.25,2.0,0.0,0.0,7.0,10.0,8.0,2.0,0.0,0.0,0.0,0.333,0.25,1.0,0,0.0,,2.0,0.0,0,1.0,0.0,,0.6666666666666666,0.742
2015,CL,東京ヤクルトスワローズ,1005117,雄平,Y.Yuuhei（takai,141.0,585.0,551.0,57.0,149.0,33.0,4.0,8.0,214.0,60.0,7,4,1.0,3.0,27.0,0,3.0,82.0,7.0,0.27,0.307,0.388,0.6950000000000001,104.0,0.118,0.03699999999999998,0.425,4.615384615384616,14.017094017094017,0.32926829268292684,0.30387931034482757,0.23515,436.33333333333337,0.17422867513611615,0.6063569682151589,0.27,149.0,8.0,60.0,141.0,585.0,551.0,104.0,33.0,4.0,57.0,0.307,0.388,27.0,0,3.0,,214.0,7,4,1.0,3.0,,65.16262975778547,62.66399999999999
2015,CL,広島東洋カープ,1005139,西原　圭大,K.Nishihara,3.0,0.0,0.0,0.0,0.0,0.0,0.0,0.0,0.0,0.0,0.0,0,0.0,0.0,0.0,0,0.0,0.0,0.0,,,,0.0,0.0,0.0,0.0,,nan,nan,nan,nan,0.0,0.0,nan,nan,,0.0,0.0,0.0,3.0,0.0,0.0,0.0,0.0,0.0,0.0,,,0.0,0,0.0,,0.0,0.0,0,0.0,0.0,,nan,0.0
2015,CL,阪神タイガース,11015112,高宮　和也,K.Takamiya,52.0,0.0,0.0,0.0,0.0,0.0,0.0,0.0,0.0,0.0,0.0,0,0.0,0.0,0.0,0,0.0,0.0,0.0,,,,0.0,0.0,0.0,0.0,,nan,nan,nan,nan,0.0,0.0,nan,nan,,0.0,0.0,0.0,52.0,0.0,0.0,0.0,0.0,0.0,0.0,,,0.0,0,0.0,,0.0,0.0,0,0.0,0.0,,nan,0.0
2015,CL,横浜DeNAベイスターズ,11015116,田中　健二朗,K.Tanaka,35.0,0.0,0.0,0.0,0.0,0.0,0.0,0.0,0.0,0.0,0.0,0,0.0,0.0,0.0,0,0.0,0.0,0.0,,,,0.0,0.0,0.0,0.0,,nan,nan,nan,nan,0.0,0.0,nan,nan,,0.0,0.0,0.0,35.0,0.0,0.0,0.0,0.0,0.0,0.0,,,0.0,0,0.0,,0.0,0.0,0,0.0,0.0,,nan,0.0
2015,CL,東京ヤクルトスワローズ,11015119,成瀬　善久,Y.Naruse,14.0,26.0,24.0,0.0,4.0,1.0,0.0,0.0,5.0,0.0,0.0,0,2.0,0.0,0.0,0,0.0,8.0,0.0,0.167,0.167,0.208,0.375,3.0,0.04099999999999998,0.0,0.208,0.0,30.76923076923077,0.0,0.25,0.12715,236.33333333333334,0.041666666666666664,0.25,0.167,4.0,0.0,0.0,14.0,26.0,24.0,3.0,1.0,0.0,0.0,0.167,0.208,0.0,0,0.0,,5.0,0.0,0,2.0,0.0,,0.8333333333333334,0.2599999999999998
2015,CL,広島東洋カープ,1103888,新井　貴浩,T.Arai,125.0,480.0,426.0,52.0,117.0,22.0,2.0,7.0,164.0,57.0,3,0,0.0,4.0,48.0,0,2.0,73.0,15.0,0.275,0.348,0.385,0.733,86.0,0.10999999999999999,0.07299999999999995,0.4579999999999999,10.0,15.208333333333332,0.6575342465753424,0.3142857142857143,0.25285,476.33333333333326,0.22300469483568075,0.6604938271604939,0.275,117.0,7.0,57.0,125.0,480.0,426.0,86.0,22.0,2.0,52.0,0.348,0.385,48.0,0,2.0,,164.0,3,0,0.0,4.0,,57.08860759493671,57.218
2015,CL,阪神タイガース,1105112,新井　良太,R.Arai,93.0,162.0,150.0,10.0,29.0,8.0,0.0,4.0,49.0,19.0,0.0,0,0.0,1.0,10.0,0,1.0,41.0,3.0,0.193,0.247,0.327,0.5740000000000001,17.0,0.134,0.05399999999999999,0.381,6.172839506172839,25.308641975308642,0.24390243902439024,0.2358490566037736,0.19290000000000002,356.0,0.2,0.4838709677419355,0.193,29.0,4.0,19.0,93.0,162.0,150.0,17.0,8.0,0.0,10.0,0.247,0.327,10.0,0,1.0,,49.0,0.0,0,0.0,1.0,,11.94375,11.791999999999998
2015,CL,広島東洋カープ,1105115,天谷　宗一郎,S.Amaya,30.0,34.0,28.0,1.0,6.0,0.0,0.0,0.0,6.0,2.0,3,4,0.0,0.0,6.0,0,0.0,7.0,1.0,0.214,0.353,0.214,0.567,6.0,0.0,0.13899999999999998,0.353,17.647058823529413,20.588235294117645,0.8571428571428571,0.2857142857142857,0.21234999999999998,424.3333333333333,0.35714285714285715,0.6956521739130435,0.214,6.0,0.0,2.0,30.0,34.0,28.0,6.0,0.0,0.0,1.0,0.353,0.214,6.0,0,0.0,,6.0,3,4,0.0,0.0,,2.1176470588235294,3.544
2015,CL,東京ヤクルトスワローズ,1105131,荒木　貴裕,T.Araki,73.0,196.0,170.0,21.0,43.0,8.0,0.0,2.0,57.0,12.0,5,3,8.0,1.0,16.0,0,1.0,30.0,3.0,0.253,0.319,0.335,0.654,33.0,0.08200000000000002,0.066,0.401,8.16326530612245,15.306122448979592,0.5333333333333333,0.2949640287769784,0.2273,430.6666666666667,0.19411764705882353,0.5923076923076923,0.253,43.0,2.0,12.0,73.0,196.0,170.0,33.0,8.0,0.0,21.0,0.319,0.335,16.0,0,1.0,,57.0,5,3,8.0,1.0,,18.080645161290324,18.843999999999994
2015,CL,横浜DeNAベイスターズ,1105133,荒波　翔,S.Aranami,70.0,207.0,188.0,29.0,56.0,15.0,2.0,4.0,87.0,14.0,3.0,0,1.0,1.0,16.0,0,1.0,26.0,2.0,0.298,0.354,0.463,0.817,35.0,0.16500000000000004,0.055999999999999994,0.519,7.729468599033816,12.560386473429952,0.6153846153846154,0.3270440251572327,0.27505,508.3333333333333,0.26595744680851063,0.7985074626865671,0.298,56.0,4.0,14.0,70.0,207.0,188.0,35.0,15.0,2.0,29.0,0.354,0.463,16.0,0,1.0,,87.0,3.0,0,1.0,1.0,,30.705882352941178,29.353999999999992
2015,CL,阪神タイガース,11215137,北條　史也,F.Houjou,1.0,1.0,1.0,0.0,0.0,0.0,0.0,0.0,0.0,0.0,0.0,0,0.0,0.0,0.0,0,0.0,0.0,0.0,0.0,0.0,0.0,0.0,0.0,0.0,0.0,0.0,0.0,0.0,nan,0.0,0.0,0.0,0.0,0.0,0.0,0.0,0.0,0.0,1.0,1.0,1.0,0.0,0.0,0.0,0.0,0.0,0.0,0.0,0,0.0,,0.0,0.0,0,0.0,0.0,,0.0,-0.098
2015,CL,広島東洋カープ,11315112,今井　啓介,K.Imai,11.0,2.0,1.0,0.0,0.0,0.0,0.0,0.0,0.0,0.0,0.0,0,1.0,0.0,0.0,0,0.0,1.0,0.0,0.0,0.0,0.0,0.0,0.0,0.0,0.0,0.0,0.0,50.0,0.0,nan,0.0,0.0,0.0,0.0,0.0,0.0,0.0,0.0,11.0,2.0,1.0,0.0,0.0,0.0,0.0,0.0,0.0,0.0,0,0.0,,0.0,0.0,0,1.0,0.0,,0.0,-0.098
2015,CL,東京ヤクルトスワローズ,11315115,石川　雅規,M.Ishikawa,25.0,47.0,38.0,2.0,7.0,0.0,0.0,0.0,7.0,1.0,0.0,0,7.0,0.0,2.0,0,0.0,13.0,1.0,0.184,0.225,0.184,0.40900000000000003,7.0,0.0,0.04100000000000001,0.225,4.25531914893617,27.659574468085108,0.15384615384615385,0.28,0.14725,286.3333333333333,0.05263157894736842,0.28125,0.184,7.0,0.0,1.0,25.0,47.0,38.0,7.0,0.0,0.0,2.0,0.225,0.184,2.0,0,0.0,,7.0,0.0,0,7.0,0.0,,1.575,1.1219999999999999
2015,CL,横浜DeNAベイスターズ,11315130,石田　健大,K.Ishida,12.0,24.0,22.0,0.0,1.0,0.0,0.0,0.0,1.0,0.0,0.0,0,2.0,0.0,0.0,0,0.0,8.0,1.0,0.045,0.045,0.045,0.09,1.0,0.0,0.0,0.045,0.0,33.33333333333333,0.0,0.07142857142857142,0.0315,60.0,0.0,0.045454545454545456,0.045,1.0,0.0,0.0,12.0,24.0,22.0,1.0,0.0,0.0,0.0,0.045,0.045,0.0,0,0.0,,1.0,0.0,0,2.0,0.0,,0.045454545454545456,-1.5580000000000003
2015,CL,広島東洋カープ,11415137,美間　優槻,Y.Mima,1.0,3.0,3.0,0.0,0.0,0.0,0.0,0.0,0.0,0.0,0.0,0,0.0,0.0,0.0,0,0.0,1.0,0.0,0.0,0.0,0.0,0.0,0.0,0.0,0.0,0.0,0.0,33.33333333333333,0.0,0.0,0.0,0.0,0.0,0.0,0.0,0.0,0.0,0.0,1.0,3.0,3.0,0.0,0.0,0.0,0.0,0.0,0.0,0.0,0,0.0,,0.0,0.0,0,0.0,0.0,,0.0,-0.29400000000000004
2015,CL,横浜DeNAベイスターズ,11415139,萬谷　康平,K.Mantani,4.0,0.0,0.0,0.0,0.0,0.0,0.0,0.0,0.0,0.0,0.0,0,0.0,0.0,0.0,0,0.0,0.0,0.0,,,,0.0,0.0,0.0,0.0,,nan,nan,nan,nan,0.0,0.0,nan,nan,,0.0,0.0,0.0,4.0,0.0,0.0,0.0,0.0,0.0,0.0,,,0.0,0,0.0,,0.0,0.0,0,0.0,0.0,,nan,0.0
2015,CL,中日ドラゴンズ,11515110,雄太,Y.Yuudai（kawai,3.0,5.0,4.0,0.0,0.0,0.0,0.0,0.0,0.0,0.0,0.0,0,1.0,0.0,0.0,0,0.0,3.0,0.0,0.0,0.0,0.0,0.0,0.0,0.0,0.0,0.0,0.0,60.0,0.0,0.0,0.0,0.0,0.0,0.0,0.0,0.0,0.0,0.0,3.0,5.0,4.0,0.0,0.0,0.0,0.0,0.0,0.0,0.0,0,0.0,,0.0,0.0,0,1.0,0.0,,0.0,-0.392
2015,CL,読売ジャイアンツ,11515115,大竹　寛,K.Ootake,11.0,16.0,15.0,0.0,0.0,0.0,0.0,0.0,0.0,0.0,0.0,0,1.0,0.0,0.0,0,0.0,7.0,2.0,0.0,0.0,0.0,0.0,0.0,0.0,0.0,0.0,0.0,43.75,0.0,0.0,0.0,0.0,0.0,0.0,0.0,0.0,0.0,0.0,11.0,16.0,15.0,0.0,0.0,0.0,0.0,0.0,0.0,0.0,0,0.0,,0.0,0.0,0,1.0,0.0,,0.0,-1.47
2015,CL,中日ドラゴンズ,11515118,小熊　凌祐,R.Oguma,13.0,10.0,8.0,1.0,0.0,0.0,0.0,0.0,0.0,0.0,0.0,0,1.0,0.0,1.0,0,0.0,5.0,0.0,0.0,0.111,0.0,0.111,0.0,0.0,0.111,0.111,10.0,50.0,0.2,0.0,0.04995,111.0,0.125,0.125,0.0,0.0,0.0,0.0,13.0,10.0,8.0,0.0,0.0,0.0,1.0,0.111,0.0,1.0,0,0.0,,0.0,0.0,0,1.0,0.0,,0.0,-0.454
2015,CL,読売ジャイアンツ,11515130,岡本　和真,K.Okamoto,17.0,31.0,28.0,2.0,6.0,0.0,0.0,1.0,9.0,4.0,2,0,0.0,0.0,2.0,0,1.0,4.0,3.0,0.214,0.29,0.321,0.611,5.0,0.10700000000000001,0.07599999999999998,0.397,6.451612903225806,12.903225806451612,0.5,0.21739130434782608,0.21075,396.99999999999994,0.17857142857142858,0.48,0.214,6.0,1.0,4.0,17.0,31.0,28.0,5.0,0.0,0.0,2.0,0.29,0.321,2.0,0,1.0,,9.0,2,0,0.0,0.0,,2.4,2.7739999999999996
2015,CL,中日ドラゴンズ,11515131,岡田　俊哉,T.Okada,50.0,1.0,1.0,0.0,0.0,0.0,0.0,0.0,0.0,0.0,0.0,0,0.0,0.0,0.0,0,0.0,0.0,0.0,0.0,0.0,0.0,0.0,0.0,0.0,0.0,0.0,0.0,0.0,nan,0.0,0.0,0.0,0.0,0.0,0.0,0.0,0.0,0.0,50.0,1.0,1.0,0.0,0.0,0.0,0.0,0.0,0.0,0.0,0,0.0,,0.0,0.0,0,0.0,0.0,,0.0,-0.098
2015,CL,中日ドラゴンズ,11515133,大野　雄大,Y.Oono,28.0,69.0,62.0,0.0,7.0,1.0,0.0,0.0,8.0,2.0,0.0,0,6.0,0.0,1.0,0,0.0,30.0,0.0,0.113,0.127,0.129,0.256,6.0,0.016,0.013999999999999999,0.143,1.4492753623188406,43.47826086956522,0.03333333333333333,0.21875,0.08940000000000001,170.0,0.03225806451612903,0.16363636363636364,0.113,7.0,0.0,2.0,28.0,69.0,62.0,6.0,1.0,0.0,0.0,0.127,0.129,1.0,0,0.0,,8.0,0.0,0,6.0,0.0,,1.0158730158730158,-1.3400000000000007
2015,CL,東京ヤクルトスワローズ,11515135,ウーゴ,U.Uugo（kanabushi,1.0,0.0,0.0,0.0,0.0,0.0,0.0,0.0,0.0,0.0,0.0,0,0.0,0.0,0.0,0,0.0,0.0,0.0,,,,0.0,0.0,0.0,0.0,,nan,nan,nan,nan,0.0,0.0,nan,nan,,0.0,0.0,0.0,1.0,0.0,0.0,0.0,0.0,0.0,0.0,,,0.0,0,0.0,,0.0,0.0,0,0.0,0.0,,nan,0.0
2015,CL,東京ヤクルトスワローズ,11515137,小川　泰弘,Y.Ogawa,27.0,57.0,46.0,4.0,5.0,0.0,0.0,1.0,8.0,4.0,0.0,0,7.0,0.0,4.0,0,0.0,24.0,0.0,0.109,0.18,0.174,0.354,4.0,0.06499999999999999,0.071,0.245,7.017543859649122,42.10526315789473,0.16666666666666666,0.19047619047619047,0.1245,238.0,0.15217391304347827,0.2926829268292683,0.109,5.0,1.0,4.0,27.0,57.0,46.0,4.0,0.0,0.0,4.0,0.18,0.174,4.0,0,0.0,,8.0,0.0,0,7.0,0.0,,1.44,0.742
2015,CL,東京ヤクルトスワローズ,11615117,森岡　良介,R.Morioka,75.0,125.0,112.0,10.0,21.0,2.0,1.0,1.0,28.0,9.0,1.0,1,3.0,1.0,8.0,0,1.0,22.0,6.0,0.188,0.246,0.25,0.496,17.0,0.062,0.057999999999999996,0.308,6.4,17.599999999999998,0.36363636363636365,0.2222222222222222,0.17320000000000002,329.3333333333333,0.14285714285714285,0.3917525773195876,0.188,21.0,1.0,9.0,75.0,125.0,112.0,17.0,2.0,1.0,10.0,0.246,0.25,8.0,0,1.0,,28.0,1.0,1,3.0,1.0,,6.766666666666667,6.651999999999999
2015,CL,東京ヤクルトスワローズ,11615131,山本　哲哉,T.Yamamoto,17.0,0.0,0.0,0.0,0.0,0.0,0.0,0.0,0.0,0.0,0.0,0,0.0,0.0,0.0,0,0.0,0.0,0.0,,,,0.0,0.0,0.0,0.0,,nan,nan,nan,nan,0.0,0.0,nan,nan,,0.0,0.0,0.0,17.0,0.0,0.0,0.0,0.0,0.0,0.0,,,0.0,0,0.0,,0.0,0.0,0,0.0,0.0,,nan,0.0
2015,CL,東京ヤクルトスワローズ,11615137,谷内　亮太,R.Yachi,4.0,6.0,6.0,1.0,3.0,1.0,0.0,0.0,4.0,0.0,0.0,0,0.0,0.0,0.0,0,0.0,1.0,0.0,0.5,0.5,0.667,1.167,2.0,0.16700000000000004,0.0,0.667,0.0,16.666666666666664,0.0,0.6,0.39175000000000004,722.3333333333334,0.16666666666666666,1.3333333333333333,0.5,3.0,0.0,0.0,4.0,6.0,6.0,2.0,1.0,0.0,1.0,0.5,0.667,0.0,0,0.0,,4.0,0.0,0,0.0,0.0,,2.0,1.426
2015,CL,阪神タイガース,11715113,狩野　恵輔,K.Kanou,66.0,93.0,84.0,6.0,23.0,4.0,0.0,3.0,36.0,13.0,1,0,0.0,1.0,4.0,0,4.0,12.0,3.0,0.274,0.333,0.429,0.762,16.0,0.15499999999999997,0.059,0.488,4.301075268817205,12.903225806451612,0.3333333333333333,0.2857142857142857,0.2571,476.0,0.20238095238095238,0.6875,0.274,23.0,3.0,13.0,66.0,93.0,84.0,16.0,4.0,0.0,6.0,0.333,0.429,4.0,0,4.0,,36.0,1,0,0.0,1.0,,11.045454545454545,11.861999999999998
2015,CL,横浜DeNAベイスターズ,11715118,小杉　陽太,Y.Kosugi,27.0,3.0,3.0,0.0,0.0,0.0,0.0,0.0,0.0,0.0,0.0,0,0.0,0.0,0.0,0,0.0,3.0,0.0,0.0,0.0,0.0,0.0,0.0,0.0,0.0,0.0,0.0,100.0,0.0,nan,0.0,0.0,0.0,0.0,0.0,0.0,0.0,0.0,27.0,3.0,3.0,0.0,0.0,0.0,0.0,0.0,0.0,0.0,0,0.0,,0.0,0.0,0,0.0,0.0,,0.0,-0.29400000000000004
2015,CL,中日ドラゴンズ,11715130,金子　丈,T.Kaneko,10.0,0.0,0.0,0.0,0.0,0.0,0.0,0.0,0.0,0.0,0.0,0,0.0,0.0,0.0,0,0.0,0.0,0.0,,,,0.0,0.0,0.0,0.0,,nan,nan,nan,nan,0.0,0.0,nan,nan,,0.0,0.0,0.0,10.0,0.0,0.0,0.0,0.0,0.0,0.0,,,0.0,0,0.0,,0.0,0.0,0,0.0,0.0,,nan,0.0
2015,CL,東京ヤクルトスワローズ,11715133,川﨑　成晃,N.Kawasaki,13.0,12.0,11.0,1.0,1.0,0.0,0.0,0.0,1.0,0.0,0.0,0,0.0,0.0,1.0,0,0.0,1.0,0.0,0.091,0.167,0.091,0.258,1.0,0.0,0.07600000000000001,0.167,8.333333333333332,8.333333333333332,1.0,0.1,0.09790000000000001,197.33333333333334,0.09090909090909091,0.2,0.091,1.0,0.0,0.0,13.0,12.0,11.0,1.0,0.0,0.0,1.0,0.167,0.091,1.0,0,0.0,,1.0,0.0,0,0.0,0.0,,0.16666666666666666,-0.1499999999999999
2015,CL,読売ジャイアンツ,11715137,坂口　真規,M.Sakaguchi,1.0,3.0,3.0,0.0,0.0,0.0,0.0,0.0,0.0,0.0,0.0,0,0.0,0.0,0.0,0,0.0,0.0,0.0,0.0,0.0,0.0,0.0,0.0,0.0,0.0,0.0,0.0,0.0,nan,0.0,0.0,0.0,0.0,0.0,0.0,0.0,0.0,0.0,1.0,3.0,3.0,0.0,0.0,0.0,0.0,0.0,0.0,0.0,0,0.0,,0.0,0.0,0,0.0,0.0,,0.0,-0.29400000000000004
2015,CL,読売ジャイアンツ,11815139,L.アンダーソン,L.Anderson,83.0,260.0,234.0,20.0,59.0,14.0,0.0,7.0,94.0,31.0,1.0,1,0.0,0.0,21.0,0,5.0,37.0,5.0,0.252,0.327,0.402,0.7290000000000001,38.0,0.15000000000000002,0.07500000000000001,0.477,8.076923076923077,14.23076923076923,0.5675675675675675,0.2736842105263158,0.24765,461.0,0.24358974358974358,0.6722222222222223,0.252,59.0,7.0,31.0,83.0,260.0,234.0,38.0,14.0,0.0,20.0,0.327,0.402,21.0,0,5.0,,94.0,1.0,1,0.0,0.0,,29.49019607843137,30.769999999999992
2015,CL,阪神タイガース,11915114,小嶋　達也,T.Kojima,5.0,0.0,0.0,0.0,0.0,0.0,0.0,0.0,0.0,0.0,0.0,0,0.0,0.0,0.0,0,0.0,0.0,0.0,,,,0.0,0.0,0.0,0.0,,nan,nan,nan,nan,0.0,0.0,nan,nan,,0.0,0.0,0.0,5.0,0.0,0.0,0.0,0.0,0.0,0.0,,,0.0,0,0.0,,0.0,0.0,0,0.0,0.0,,nan,0.0
2015,CL,横浜DeNAベイスターズ,11915117,G　後藤　武敏,T.Gomesu,70.0,76.0,68.0,4.0,14.0,4.0,0.0,4.0,30.0,11.0,0.0,0,0.0,0.0,8.0,0,0.0,17.0,2.0,0.206,0.289,0.441,0.73,6.0,0.23500000000000001,0.08299999999999999,0.524,10.526315789473683,22.36842105263158,0.47058823529411764,0.2127659574468085,0.2403,435.99999999999994,0.35294117647058826,0.6785714285714286,0.206,14.0,4.0,11.0,70.0,76.0,68.0,6.0,4.0,0.0,4.0,0.289,0.441,8.0,0,0.0,,30.0,0.0,0,0.0,0.0,,8.68421052631579,8.988000000000001
2015,CL,横浜DeNAベイスターズ,11915139,砂田　毅樹,Y.Sunada,14.0,24.0,22.0,0.0,2.0,0.0,0.0,0.0,2.0,2.0,0.0,0,2.0,0.0,0.0,0,0.0,13.0,0.0,0.091,0.091,0.091,0.182,2.0,0.0,0.0,0.091,0.0,54.166666666666664,0.0,0.2222222222222222,0.0637,121.33333333333333,0.0,0.1,0.091,2.0,0.0,2.0,14.0,24.0,22.0,2.0,0.0,0.0,0.0,0.091,0.091,0.0,0,0.0,,2.0,0.0,0,2.0,0.0,,0.18181818181818182,-0.96
2015,CL,中日ドラゴンズ,1205114,堂上　直倫,N.Donoue,43.0,43.0,38.0,3.0,6.0,0.0,0.0,1.0,9.0,1.0,0.0,0,1.0,0.0,4.0,0,0.0,8.0,0.0,0.158,0.238,0.237,0.475,5.0,0.07899999999999999,0.07999999999999999,0.3169999999999999,9.30232558139535,18.6046511627907,0.5,0.1724137931034483,0.16635,317.0,0.18421052631578946,0.40625,0.158,6.0,1.0,1.0,43.0,43.0,38.0,5.0,0.0,0.0,3.0,0.238,0.237,4.0,0,0.0,,9.0,0.0,0,1.0,0.0,,2.142857142857143,2.1239999999999997
2015,CL,横浜DeNAベイスターズ,1205115,林　昌範,M.Hayashi,24.0,0.0,0.0,0.0,0.0,0.0,0.0,0.0,0.0,0.0,0.0,0,0.0,0.0,0.0,0,0.0,0.0,0.0,,,,0.0,0.0,0.0,0.0,,nan,nan,nan,nan,0.0,0.0,nan,nan,,0.0,0.0,0.0,24.0,0.0,0.0,0.0,0.0,0.0,0.0,,,0.0,0,0.0,,0.0,0.0,0,0.0,0.0,,nan,0.0
2015,CL,広島東洋カープ,1205117,永川　勝浩,K.Nagakawa,26.0,0.0,0.0,0.0,0.0,0.0,0.0,0.0,0.0,0.0,0.0,0,0.0,0.0,0.0,0,0.0,0.0,0.0,,,,0.0,0.0,0.0,0.0,,nan,nan,nan,nan,0.0,0.0,nan,nan,,0.0,0.0,0.0,26.0,0.0,0.0,0.0,0.0,0.0,0.0,,,0.0,0,0.0,,0.0,0.0,0,0.0,0.0,,nan,0.0
2015,CL,東京ヤクルトスワローズ,1205135,徳山　武陽,T.Tokuyama,39.0,3.0,2.0,0.0,0.0,0.0,0.0,0.0,0.0,1.0,0.0,0,0.0,0.0,1.0,0,0.0,1.0,1.0,0.0,0.333,0.0,0.333,0.0,0.0,0.333,0.333,33.33333333333333,33.33333333333333,1.0,0.0,0.14985,333.0,0.5,0.3333333333333333,0.0,0.0,0.0,1.0,39.0,3.0,2.0,0.0,0.0,0.0,0.0,0.333,0.0,1.0,0,0.0,,0.0,0.0,0,0.0,0.0,,0.0,0.134
2015,CL,読売ジャイアンツ,1305110,片岡　治大,Y.Kataoka,113.0,411.0,348.0,42.0,85.0,13.0,1.0,10.0,130.0,36.0,21,9,36.0,0.0,25.0,0,2.0,36.0,7.0,0.244,0.299,0.374,0.673,61.0,0.13,0.05499999999999999,0.429,6.082725060827251,8.75912408759124,0.6944444444444444,0.24834437086092714,0.22805,423.66666666666663,0.22701149425287356,0.6148148148148148,0.244,85.0,10.0,36.0,113.0,411.0,348.0,61.0,13.0,1.0,42.0,0.299,0.374,25.0,0,2.0,,130.0,21,9,36.0,0.0,,38.33780160857909,40.056
2015,CL,広島東洋カープ,1305117,江草　仁貴,H.Egusa,7.0,0.0,0.0,0.0,0.0,0.0,0.0,0.0,0.0,0.0,0.0,0,0.0,0.0,0.0,0,0.0,0.0,0.0,,,,0.0,0.0,0.0,0.0,,nan,nan,nan,nan,0.0,0.0,nan,nan,,0.0,0.0,0.0,7.0,0.0,0.0,0.0,0.0,0.0,0.0,,,0.0,0,0.0,,0.0,0.0,0,0.0,0.0,,nan,0.0
2015,CL,阪神タイガース,1305118,上本　博紀,H.Uemoto,108.0,452.0,375.0,44.0,95.0,18.0,1.0,4.0,127.0,31.0,19,11,29.0,0.0,44.0,0,4.0,69.0,1.0,0.253,0.338,0.339,0.677,72.0,0.08600000000000002,0.08500000000000002,0.424,9.734513274336283,15.265486725663715,0.6376811594202898,0.30132450331125826,0.23685,451.0,0.232,0.6619217081850534,0.253,95.0,4.0,31.0,108.0,452.0,375.0,72.0,18.0,1.0,44.0,0.338,0.339,44.0,0,4.0,,127.0,19,11,29.0,0.0,,42.13126491646778,46.14
2015,CL,読売ジャイアンツ,1305119,香月　良太,R.Katsuki,14.0,0.0,0.0,0.0,0.0,0.0,0.0,0.0,0.0,0.0,0.0,0,0.0,0.0,0.0,0,0.0,0.0,0.0,,,,0.0,0.0,0.0,0.0,,nan,nan,nan,nan,0.0,0.0,nan,nan,,0.0,0.0,0.0,14.0,0.0,0.0,0.0,0.0,0.0,0.0,,,0.0,0,0.0,,0.0,0.0,0,0.0,0.0,,nan,0.0
2015,CL,中日ドラゴンズ,1305131,大島　洋平,Y.Ooshima,142.0,620.0,565.0,70.0,147.0,20.0,4.0,6.0,193.0,27.0,22,8,10.0,1.0,39.0,0,5.0,65.0,5.0,0.26,0.313,0.342,0.655,117.0,0.08200000000000002,0.05299999999999999,0.395,6.290322580645161,10.483870967741936,0.6,0.28484848484848485,0.22635,427.0,0.16460176991150444,0.5791962174940898,0.26,147.0,6.0,27.0,142.0,620.0,565.0,117.0,20.0,4.0,70.0,0.313,0.342,39.0,0,5.0,,193.0,22,8,10.0,1.0,,59.43377483443709,60.696
2015,CL,阪神タイガース,1305133,榎田　大樹,D.Enokida,8.0,0.0,0.0,0.0,0.0,0.0,0.0,0.0,0.0,0.0,0.0,0,0.0,0.0,0.0,0,0.0,0.0,0.0,,,,0.0,0.0,0.0,0.0,,nan,nan,nan,nan,0.0,0.0,nan,nan,,0.0,0.0,0.0,8.0,0.0,0.0,0.0,0.0,0.0,0.0,,,0.0,0,0.0,,0.0,0.0,0,0.0,0.0,,nan,0.0
2015,CL,広島東洋カープ,13315130,M.ザガースキー,M.Zagurski,19.0,0.0,0.0,0.0,0.0,0.0,0.0,0.0,0.0,0.0,0.0,0,0.0,0.0,0.0,0,0.0,0.0,0.0,,,,0.0,0.0,0.0,0.0,,nan,nan,nan,nan,0.0,0.0,nan,nan,,0.0,0.0,0.0,19.0,0.0,0.0,0.0,0.0,0.0,0.0,,,0.0,0,0.0,,0.0,0.0,0,0.0,0.0,,nan,0.0
2015,CL,東京ヤクルトスワローズ,13315133,W.バレンティン,W.Balentien,15.0,52.0,43.0,4.0,8.0,2.0,0.0,1.0,13.0,6.0,0.0,0,0.0,0.0,9.0,0,0.0,14.0,1.0,0.186,0.327,0.302,0.629,5.0,0.11599999999999999,0.14100000000000001,0.443,17.307692307692307,26.923076923076923,0.6428571428571429,0.25,0.22265000000000001,427.6666666666667,0.32558139534883723,0.6111111111111112,0.186,8.0,1.0,6.0,15.0,52.0,43.0,5.0,2.0,0.0,4.0,0.327,0.302,9.0,0,0.0,,13.0,0.0,0,0.0,0.0,,4.25,4.92
2015,CL,東京ヤクルトスワローズ,13315135,L.ミレッジ,L.Milledge,24.0,81.0,76.0,3.0,16.0,2.0,1.0,1.0,23.0,9.0,0,2,0.0,0.0,5.0,0,0.0,16.0,1.0,0.211,0.259,0.303,0.562,12.0,0.092,0.048000000000000015,0.351,6.172839506172839,19.753086419753085,0.3125,0.2542372881355932,0.1923,360.0,0.18421052631578946,0.4918032786885246,0.211,16.0,1.0,9.0,24.0,81.0,76.0,12.0,2.0,1.0,3.0,0.259,0.303,5.0,0,0.0,,23.0,0,2,0.0,0.0,,5.962962962962963,6.05
2015,CL,広島東洋カープ,13515135,B.エルドレッド,B.Eldred,79.0,300.0,264.0,32.0,60.0,6.0,0.0,19.0,123.0,54.0,1,2,0.0,4.0,31.0,0,1.0,91.0,3.0,0.227,0.307,0.466,0.773,35.0,0.23900000000000002,0.07999999999999999,0.546,10.333333333333334,30.333333333333336,0.34065934065934067,0.25949367088607594,0.25465,462.33333333333337,0.36363636363636365,0.7584541062801933,0.227,60.0,19.0,54.0,79.0,300.0,264.0,35.0,6.0,0.0,32.0,0.307,0.466,31.0,0,1.0,,123.0,1,2,0.0,4.0,,37.94237288135593,40.108000000000004
2015,CL,広島東洋カープ,13715130,N.シアーホルツ,N.Schierholtz,65.0,248.0,232.0,27.0,58.0,11.0,1.0,10.0,101.0,30.0,3,2,0.0,0.0,14.0,0,2.0,67.0,0.0,0.25,0.298,0.435,0.733,36.0,0.185,0.04799999999999999,0.483,5.64516129032258,27.016129032258064,0.208955223880597,0.3096774193548387,0.24285,442.99999999999994,0.2543103448275862,0.6839080459770115,0.25,58.0,10.0,30.0,65.0,248.0,232.0,36.0,11.0,1.0,27.0,0.298,0.435,14.0,0,2.0,,101.0,3,2,0.0,0.0,,29.5609756097561,29.948
2015,CL,中日ドラゴンズ,1403862,山本昌,M.Yamamotomasa（yamamoto,2.0,0.0,0.0,0.0,0.0,0.0,0.0,0.0,0.0,0.0,0.0,0,0.0,0.0,0.0,0,0.0,0.0,0.0,,,,0.0,0.0,0.0,0.0,,nan,nan,nan,nan,0.0,0.0,nan,nan,,0.0,0.0,0.0,2.0,0.0,0.0,0.0,0.0,0.0,0.0,,,0.0,0,0.0,,0.0,0.0,0,0.0,0.0,,nan,0.0
2015,CL,広島東洋カープ,1405116,松山　竜平,R.Matsuyama,100.0,229.0,202.0,14.0,56.0,13.0,0.0,7.0,90.0,26.0,1.0,1,0.0,3.0,23.0,0,1.0,30.0,8.0,0.277,0.349,0.446,0.7949999999999999,36.0,0.16899999999999998,0.07199999999999995,0.518,10.043668122270741,13.100436681222707,0.7666666666666667,0.2916666666666667,0.26855,497.66666666666663,0.2871287128712871,0.7467532467532467,0.277,56.0,7.0,26.0,100.0,229.0,202.0,36.0,13.0,0.0,14.0,0.349,0.446,23.0,0,1.0,,90.0,1.0,1,0.0,3.0,,31.6,31.232
2015,CL,広島東洋カープ,1405130,野間　峻祥,T.Noma,127.0,188.0,170.0,21.0,41.0,7.0,6.0,1.0,63.0,10.0,8,2,6.0,1.0,10.0,0,1.0,37.0,2.0,0.241,0.286,0.371,0.657,27.0,0.13,0.044999999999999984,0.416,5.319148936170213,19.680851063829788,0.2702702702702703,0.3007518796992481,0.22144999999999998,409.66666666666663,0.2,0.5801526717557252,0.241,41.0,1.0,10.0,127.0,188.0,170.0,27.0,7.0,6.0,21.0,0.286,0.371,10.0,0,1.0,,63.0,8,2,6.0,1.0,,17.85,17.567999999999998
2015,CL,横浜DeNAベイスターズ,1405135,西森　将司,M.Nishimori,2.0,0.0,0.0,0.0,0.0,0.0,0.0,0.0,0.0,0.0,1.0,0,0.0,0.0,0.0,0,0.0,0.0,0.0,,,,0.0,0.0,0.0,0.0,,nan,nan,nan,nan,0.0,0.0,nan,nan,,0.0,0.0,0.0,2.0,0.0,0.0,0.0,0.0,0.0,0.0,,,0.0,0,0.0,,0.0,1.0,0,0.0,0.0,,nan,0.18
2015,CL,読売ジャイアンツ,1605114,松本　哲也,T.Matsumoto,44.0,37.0,34.0,8.0,5.0,1.0,0.0,0.0,6.0,0.0,3,0,1.0,0.0,2.0,0,0.0,10.0,0.0,0.147,0.194,0.176,0.37,4.0,0.028999999999999998,0.047000000000000014,0.223,5.405405405405405,27.027027027027028,0.2,0.20833333333333334,0.1313,252.66666666666666,0.08823529411764706,0.27586206896551724,0.147,5.0,0.0,0.0,44.0,37.0,34.0,4.0,1.0,0.0,8.0,0.194,0.176,2.0,0,0.0,,6.0,3,0,1.0,0.0,,1.1666666666666667,0.5379999999999998
2015,CL,阪神タイガース,1605135,松田　遼馬,R.Matsuda,30.0,1.0,1.0,0.0,1.0,0.0,0.0,0.0,1.0,0.0,0.0,0,0.0,0.0,0.0,0,0.0,0.0,0.0,1.0,1.0,1.0,2.0,1.0,0.0,0.0,1.0,0.0,0.0,nan,1.0,0.7,1333.3333333333333,0.0,nan,1.0,1.0,0.0,0.0,30.0,1.0,1.0,1.0,0.0,0.0,0.0,1.0,1.0,0.0,0,0.0,,1.0,0.0,0,0.0,0.0,,1.0,0.5
2015,CL,広島東洋カープ,1705117,木村　昇吾,S.Kimura,72.0,109.0,93.0,14.0,25.0,4.0,2.0,0.0,33.0,8.0,2,0,8.0,3.0,5.0,0,0.0,22.0,1.0,0.269,0.297,0.355,0.6519999999999999,19.0,0.08599999999999997,0.02799999999999997,0.3829999999999999,4.587155963302752,20.18348623853211,0.22727272727272727,0.33783783783783783,0.2224,415.3333333333333,0.13978494623655913,0.5507246376811594,0.269,25.0,0.0,8.0,72.0,109.0,93.0,19.0,4.0,2.0,14.0,0.297,0.355,5.0,0,0.0,,33.0,2,0,8.0,3.0,,10.10204081632653,9.445999999999998
2015,CL,横浜DeNAベイスターズ,1705131,国吉　佑樹,Y.Kuniyoshi,28.0,1.0,1.0,0.0,0.0,0.0,0.0,0.0,0.0,0.0,0.0,0,0.0,0.0,0.0,0,0.0,1.0,0.0,0.0,0.0,0.0,0.0,0.0,0.0,0.0,0.0,0.0,100.0,0.0,nan,0.0,0.0,0.0,0.0,0.0,0.0,0.0,0.0,28.0,1.0,1.0,0.0,0.0,0.0,0.0,0.0,0.0,0.0,0,0.0,,0.0,0.0,0,0.0,0.0,,0.0,-0.098
2015,CL,東京ヤクルトスワローズ,1705133,久古　健太郎,K.Kyuuko,38.0,0.0,0.0,0.0,0.0,0.0,0.0,0.0,0.0,0.0,0.0,0,0.0,0.0,0.0,0,0.0,0.0,0.0,,,,0.0,0.0,0.0,0.0,,nan,nan,nan,nan,0.0,0.0,nan,nan,,0.0,0.0,0.0,38.0,0.0,0.0,0.0,0.0,0.0,0.0,,,0.0,0,0.0,,0.0,0.0,0,0.0,0.0,,nan,0.0
2015,CL,読売ジャイアンツ,1905119,堂上　剛裕,T.Donoue,59.0,104.0,98.0,7.0,27.0,9.0,1.0,3.0,47.0,13.0,0.0,0,1.0,1.0,4.0,0,0.0,20.0,6.0,0.276,0.301,0.48,0.7809999999999999,14.0,0.20399999999999996,0.024999999999999967,0.5049999999999999,3.8461538461538463,19.230769230769234,0.2,0.3157894736842105,0.25544999999999995,460.99999999999994,0.24489795918367346,0.6623376623376623,0.276,27.0,3.0,13.0,59.0,104.0,98.0,14.0,9.0,1.0,7.0,0.301,0.48,4.0,0,0.0,,47.0,0.0,0,1.0,1.0,,14.284313725490197,13.202
2015,CL,読売ジャイアンツ,21025116,中井　大介,D.Nakai,29.0,47.0,43.0,2.0,9.0,1.0,0.0,0.0,10.0,2.0,0.0,0,1.0,0.0,2.0,0,1.0,9.0,0.0,0.209,0.261,0.233,0.494,8.0,0.02400000000000002,0.05200000000000002,0.285,4.25531914893617,19.148936170212767,0.2222222222222222,0.2647058823529412,0.17570000000000002,338.6666666666667,0.06976744186046512,0.38235294117647056,0.209,9.0,0.0,2.0,29.0,47.0,43.0,8.0,1.0,0.0,2.0,0.261,0.233,2.0,0,1.0,,10.0,0.0,0,1.0,0.0,,2.4444444444444446,2.3779999999999997
2015,CL,中日ドラゴンズ,21025135,田島　慎二,S.Tajima,64.0,0.0,0.0,0.0,0.0,0.0,0.0,0.0,0.0,0.0,0.0,0,0.0,0.0,0.0,0,0.0,0.0,0.0,,,,0.0,0.0,0.0,0.0,,nan,nan,nan,nan,0.0,0.0,nan,nan,,0.0,0.0,0.0,64.0,0.0,0.0,0.0,0.0,0.0,0.0,,,0.0,0,0.0,,0.0,0.0,0,0.0,0.0,,nan,0.0
2015,CL,中日ドラゴンズ,21025137,福谷　浩司,K.Fukutani,42.0,1.0,1.0,0.0,0.0,0.0,0.0,0.0,0.0,0.0,0.0,0,0.0,0.0,0.0,0,0.0,0.0,0.0,0.0,0.0,0.0,0.0,0.0,0.0,0.0,0.0,0.0,0.0,nan,0.0,0.0,0.0,0.0,0.0,0.0,0.0,0.0,0.0,42.0,1.0,1.0,0.0,0.0,0.0,0.0,0.0,0.0,0.0,0,0.0,,0.0,0.0,0,0.0,0.0,,0.0,-0.098
2015,CL,読売ジャイアンツ,21125113,阿部　慎之助,S.Abe,111.0,419.0,343.0,44.0,83.0,14.0,0.0,15.0,142.0,47.0,0.0,0,0.0,4.0,64.0,0,8.0,84.0,9.0,0.242,0.37,0.414,0.784,54.0,0.172,0.128,0.542,15.274463007159905,20.047732696897373,0.7619047619047619,0.27419354838709675,0.27,508.0,0.358600583090379,0.7955390334572491,0.242,83.0,15.0,47.0,111.0,419.0,343.0,54.0,14.0,0.0,44.0,0.37,0.414,64.0,0,8.0,,142.0,0.0,0,0.0,4.0,,51.287469287469285,56.959999999999994
2015,CL,中日ドラゴンズ,21125118,伊藤　準規,J.Itou,2.0,2.0,2.0,0.0,0.0,0.0,0.0,0.0,0.0,0.0,0.0,0,0.0,0.0,0.0,0,0.0,1.0,0.0,0.0,0.0,0.0,0.0,0.0,0.0,0.0,0.0,0.0,50.0,0.0,0.0,0.0,0.0,0.0,0.0,0.0,0.0,0.0,0.0,2.0,2.0,2.0,0.0,0.0,0.0,0.0,0.0,0.0,0.0,0,0.0,,0.0,0.0,0,0.0,0.0,,0.0,-0.196
2015,CL,広島東洋カープ,21125135,一岡　竜司,R.Ichioka,38.0,0.0,0.0,0.0,0.0,0.0,0.0,0.0,0.0,0.0,0.0,0,0.0,0.0,0.0,0,0.0,0.0,0.0,,,,0.0,0.0,0.0,0.0,,nan,nan,nan,nan,0.0,0.0,nan,nan,,0.0,0.0,0.0,38.0,0.0,0.0,0.0,0.0,0.0,0.0,,,0.0,0,0.0,,0.0,0.0,0,0.0,0.0,,nan,0.0
2015,CL,東京ヤクルトスワローズ,21125137,石山　泰稚,T.Ishiyama,21.0,33.0,29.0,0.0,0.0,0.0,0.0,0.0,0.0,0.0,0.0,0,4.0,0.0,0.0,0,0.0,13.0,2.0,0.0,0.0,0.0,0.0,0.0,0.0,0.0,0.0,0.0,39.39393939393939,0.0,0.0,0.0,0.0,0.0,0.0,0.0,0.0,0.0,0.0,21.0,33.0,29.0,0.0,0.0,0.0,0.0,0.0,0.0,0.0,0,0.0,,0.0,0.0,0,4.0,0.0,,0.0,-2.842
2015,CL,中日ドラゴンズ,21223884,森野　将彦,M.Morino,82.0,252.0,206.0,25.0,54.0,8.0,0.0,0.0,62.0,10.0,2,0,3.0,3.0,37.0,0,3.0,38.0,0.0,0.262,0.378,0.301,0.679,46.0,0.03899999999999998,0.11599999999999999,0.417,14.682539682539684,15.079365079365079,0.9736842105263158,0.3157894736842105,0.24535,478.3333333333333,0.21844660194174756,0.6710526315789473,0.262,54.0,0.0,10.0,82.0,252.0,206.0,46.0,8.0,0.0,25.0,0.378,0.301,37.0,0,3.0,,62.0,2,0,3.0,3.0,,23.218106995884774,27.064
2015,CL,読売ジャイアンツ,21225130,戸根　千明,C.Tone,46.0,0.0,0.0,0.0,0.0,0.0,0.0,0.0,0.0,0.0,0.0,0,0.0,0.0,0.0,0,0.0,0.0,0.0,,,,0.0,0.0,0.0,0.0,,nan,nan,nan,nan,0.0,0.0,nan,nan,,0.0,0.0,0.0,46.0,0.0,0.0,0.0,0.0,0.0,0.0,,,0.0,0,0.0,,0.0,0.0,0,0.0,0.0,,nan,0.0
2015,CL,広島東洋カープ,21225135,戸田　隆矢,T.Toda,34.0,12.0,11.0,1.0,1.0,0.0,0.0,0.0,1.0,0.0,0.0,0,1.0,0.0,0.0,0,0.0,6.0,0.0,0.091,0.091,0.091,0.182,1.0,0.0,0.0,0.091,0.0,50.0,0.0,0.2,0.0637,121.33333333333333,0.0,0.1,0.091,1.0,0.0,0.0,34.0,12.0,11.0,1.0,0.0,0.0,1.0,0.091,0.091,0.0,0,0.0,,1.0,0.0,0,1.0,0.0,,0.09090909090909091,-0.48
2015,CL,中日ドラゴンズ,21323884,小笠原　道大,M.Ogasawara,53.0,59.0,51.0,2.0,15.0,3.0,0.0,0.0,18.0,8.0,0.0,0,0.0,1.0,7.0,0,0.0,10.0,1.0,0.294,0.373,0.353,0.726,12.0,0.059,0.07900000000000001,0.432,11.864406779661017,16.94915254237288,0.7,0.35714285714285715,0.2561,490.66666666666663,0.19607843137254902,0.6756756756756757,0.294,15.0,0.0,8.0,53.0,59.0,51.0,12.0,3.0,0.0,2.0,0.373,0.353,7.0,0,0.0,,18.0,0.0,0,0.0,1.0,,6.827586206896552,6.942
2015,CL,読売ジャイアンツ,21323888,加藤　健,K.Katou,35.0,83.0,75.0,3.0,18.0,3.0,0.0,0.0,21.0,3.0,0.0,0,2.0,2.0,4.0,0,0.0,24.0,2.0,0.24,0.272,0.28,0.552,15.0,0.040000000000000036,0.03200000000000003,0.312,4.819277108433735,28.915662650602407,0.16666666666666666,0.33962264150943394,0.19240000000000002,365.33333333333337,0.09333333333333334,0.423728813559322,0.24,18.0,0.0,3.0,35.0,83.0,75.0,15.0,3.0,0.0,3.0,0.272,0.28,4.0,0,0.0,,21.0,0.0,0,2.0,2.0,,5.848101265822785,5.394
2015,CL,広島東洋カープ,21325111,河内　貴哉,T.Kawauchi,1.0,0.0,0.0,0.0,0.0,0.0,0.0,0.0,0.0,0.0,0.0,0,0.0,0.0,0.0,0,0.0,0.0,0.0,,,,0.0,0.0,0.0,0.0,,nan,nan,nan,nan,0.0,0.0,nan,nan,,0.0,0.0,0.0,1.0,0.0,0.0,0.0,0.0,0.0,0.0,,,0.0,0,0.0,,0.0,0.0,0,0.0,0.0,,nan,0.0
2015,CL,阪神タイガース,21325130,江越　大賀,T.Egoshi,56.0,176.0,168.0,21.0,36.0,8.0,3.0,5.0,65.0,16.0,2,0,0.0,0.0,6.0,0,2.0,64.0,0.0,0.214,0.25,0.387,0.637,20.0,0.17300000000000001,0.036000000000000004,0.423,3.4090909090909087,36.36363636363637,0.09375,0.31313131313131315,0.20925,379.0,0.20833333333333334,0.553030303030303,0.214,36.0,5.0,16.0,56.0,176.0,168.0,20.0,8.0,3.0,21.0,0.25,0.387,6.0,0,2.0,,65.0,2,0,0.0,0.0,,15.689655172413794,15.783999999999999
2015,CL,阪神タイガース,21325139,梅野　隆太郎,R.Umeno,56.0,149.0,138.0,16.0,33.0,9.0,1.0,4.0,56.0,18.0,0,2,4.0,0.0,6.0,0,1.0,33.0,2.0,0.239,0.276,0.406,0.682,19.0,0.16700000000000004,0.03700000000000003,0.443,4.026845637583892,22.14765100671141,0.18181818181818182,0.2871287128712871,0.2257,411.3333333333333,0.2246376811594203,0.6074766355140186,0.239,33.0,4.0,18.0,56.0,149.0,138.0,19.0,9.0,1.0,16.0,0.276,0.406,6.0,0,1.0,,56.0,0,2,4.0,0.0,,15.166666666666666,15.159999999999998
2015,CL,広島東洋カープ,21425116,丸　佳浩,Y.Maru,143.0,633.0,530.0,81.0,132.0,28.0,1.0,19.0,219.0,63.0,15,7,4.0,4.0,94.0,0,1.0,143.0,4.0,0.249,0.361,0.413,0.774,84.0,0.16399999999999998,0.11199999999999999,0.5249999999999999,14.84992101105845,22.59083728278041,0.6573426573426573,0.30376344086021506,0.2657,498.66666666666663,0.35471698113207545,0.7985074626865671,0.249,132.0,19.0,63.0,143.0,633.0,530.0,84.0,28.0,1.0,81.0,0.361,0.413,94.0,0,1.0,,219.0,15,7,4.0,4.0,,79.3173076923077,84.166
2015,CL,中日ドラゴンズ,21425130,野村　亮介,R.Nomura,3.0,0.0,0.0,0.0,0.0,0.0,0.0,0.0,0.0,0.0,0.0,0,0.0,0.0,0.0,0,0.0,0.0,0.0,,,,0.0,0.0,0.0,0.0,,nan,nan,nan,nan,0.0,0.0,nan,nan,,0.0,0.0,0.0,3.0,0.0,0.0,0.0,0.0,0.0,0.0,,,0.0,0,0.0,,0.0,0.0,0,0.0,0.0,,nan,0.0
2015,CL,広島東洋カープ,21425135,野村　祐輔,Y.Nomura,15.0,27.0,22.0,0.0,0.0,0.0,0.0,0.0,0.0,0.0,0.0,0,4.0,0.0,1.0,0,0.0,12.0,0.0,0.0,0.043,0.0,0.043,0.0,0.0,0.043,0.043,3.7037037037037033,44.44444444444444,0.08333333333333333,0.0,0.01935,43.0,0.045454545454545456,0.045454545454545456,0.0,0.0,0.0,0.0,15.0,27.0,22.0,0.0,0.0,0.0,0.0,0.043,0.0,1.0,0,0.0,,0.0,0.0,0,4.0,0.0,,0.0,-1.826
2015,CL,広島東洋カープ,21523884,黒田　博樹,H.Kuroda,26.0,56.0,47.0,1.0,3.0,1.0,0.0,0.0,4.0,1.0,0.0,0,6.0,0.0,3.0,0,0.0,25.0,0.0,0.064,0.12,0.085,0.20500000000000002,2.0,0.021000000000000005,0.055999999999999994,0.141,5.357142857142857,44.642857142857146,0.12,0.13636363636363635,0.07525,148.33333333333331,0.0851063829787234,0.1590909090909091,0.064,3.0,0.0,1.0,26.0,56.0,47.0,2.0,1.0,0.0,1.0,0.12,0.085,3.0,0,0.0,,4.0,0.0,0,6.0,0.0,,0.48,-1.6020000000000003
2015,CL,阪神タイガース,21525113,加藤　康介,K.Katou,6.0,0.0,0.0,0.0,0.0,0.0,0.0,0.0,0.0,0.0,0.0,0,0.0,0.0,0.0,0,0.0,0.0,0.0,,,,0.0,0.0,0.0,0.0,,nan,nan,nan,nan,0.0,0.0,nan,nan,,0.0,0.0,0.0,6.0,0.0,0.0,0.0,0.0,0.0,0.0,,,0.0,0,0.0,,0.0,0.0,0,0.0,0.0,,nan,0.0
2015,CL,横浜DeNAベイスターズ,21525131,加賀　繁,S.Kaga,9.0,1.0,0.0,0.0,0.0,0.0,0.0,0.0,0.0,0.0,0.0,0,1.0,0.0,0.0,0,0.0,0.0,0.0,,,,0.0,0.0,0.0,0.0,,0.0,0.0,nan,nan,0.0,0.0,nan,nan,,0.0,0.0,0.0,9.0,1.0,0.0,0.0,0.0,0.0,0.0,,,0.0,0,0.0,,0.0,0.0,0,1.0,0.0,,nan,0.0
2015,CL,阪神タイガース,21525137,金田　和之,K.Kaneda,10.0,0.0,0.0,0.0,0.0,0.0,0.0,0.0,0.0,0.0,0.0,0,0.0,0.0,0.0,0,0.0,0.0,0.0,,,,0.0,0.0,0.0,0.0,,nan,nan,nan,nan,0.0,0.0,nan,nan,,0.0,0.0,0.0,10.0,0.0,0.0,0.0,0.0,0.0,0.0,,,0.0,0,0.0,,0.0,0.0,0,0.0,0.0,,nan,0.0
2015,CL,東京ヤクルトスワローズ,21625118,八木　亮祐,R.Yagi,2.0,2.0,2.0,0.0,0.0,0.0,0.0,0.0,0.0,0.0,0.0,0,0.0,0.0,0.0,0,0.0,1.0,0.0,0.0,0.0,0.0,0.0,0.0,0.0,0.0,0.0,0.0,50.0,0.0,0.0,0.0,0.0,0.0,0.0,0.0,0.0,0.0,0.0,2.0,2.0,2.0,0.0,0.0,0.0,0.0,0.0,0.0,0.0,0,0.0,,0.0,0.0,0,0.0,0.0,,0.0,-0.196
2015,CL,読売ジャイアンツ,21625133,宮國　椋丞,R.Miyaguni,39.0,0.0,0.0,0.0,0.0,0.0,0.0,0.0,0.0,0.0,0.0,0,0.0,0.0,0.0,0,0.0,0.0,0.0,,,,0.0,0.0,0.0,0.0,,nan,nan,nan,nan,0.0,0.0,nan,nan,,0.0,0.0,0.0,39.0,0.0,0.0,0.0,0.0,0.0,0.0,,,0.0,0,0.0,,0.0,0.0,0,0.0,0.0,,nan,0.0
2015,CL,阪神タイガース,21723882,鶴岡　一成,K.Tsuruoka,70.0,179.0,153.0,16.0,35.0,8.0,0.0,1.0,46.0,15.0,0.0,0,10.0,1.0,15.0,0,0.0,43.0,2.0,0.229,0.296,0.301,0.597,26.0,0.07199999999999998,0.06699999999999998,0.368,8.379888268156424,24.022346368715084,0.3488372093023256,0.3090909090909091,0.20844999999999997,396.3333333333333,0.16993464052287582,0.5083333333333333,0.229,35.0,1.0,15.0,70.0,179.0,153.0,26.0,8.0,0.0,16.0,0.296,0.301,15.0,0,0.0,,46.0,0.0,0,10.0,1.0,,13.69047619047619,13.585999999999999
2015,CL,横浜DeNAベイスターズ,21725111,髙橋　尚成,H.Takahashi,6.0,1.0,0.0,0.0,0.0,0.0,0.0,0.0,0.0,0.0,0.0,0,0.0,0.0,1.0,0,0.0,0.0,0.0,,1.0,,1.0,0.0,0.0,1.0,,100.0,0.0,nan,nan,0.45,1000.0,nan,nan,,0.0,0.0,0.0,6.0,1.0,0.0,0.0,0.0,0.0,0.0,1.0,,1.0,0,0.0,,0.0,0.0,0,0.0,0.0,,0.0,0.33
2015,CL,横浜DeNAベイスターズ,21725112,黒羽根　利規,T.Kurobane,63.0,149.0,129.0,8.0,23.0,3.0,0.0,1.0,29.0,7.0,0,1,7.0,2.0,11.0,0,0.0,32.0,2.0,0.178,0.239,0.225,0.46399999999999997,19.0,0.047000000000000014,0.061,0.286,7.38255033557047,21.476510067114095,0.34375,0.22448979591836735,0.1638,314.0,0.13953488372093023,0.37962962962962965,0.178,23.0,1.0,7.0,63.0,149.0,129.0,19.0,3.0,0.0,8.0,0.239,0.225,11.0,0,0.0,,29.0,0,1,7.0,2.0,,7.042857142857143,6.522
2015,CL,阪神タイガース,21725118,柴田　講平,K.Shibata,20.0,49.0,42.0,2.0,8.0,1.0,0.0,0.0,9.0,2.0,0.0,0,3.0,0.0,3.0,0,1.0,15.0,0.0,0.19,0.261,0.214,0.475,7.0,0.023999999999999994,0.07100000000000001,0.285,6.122448979591836,30.612244897959183,0.2,0.2962962962962963,0.17095000000000002,332.33333333333337,0.09523809523809523,0.38235294117647056,0.19,8.0,0.0,2.0,20.0,49.0,42.0,7.0,1.0,0.0,2.0,0.261,0.214,3.0,0,1.0,,9.0,0.0,0,3.0,0.0,,2.2,2.2079999999999997
2015,CL,横浜DeNAベイスターズ,21725137,白崎　浩之,H.Shirasaki,81.0,238.0,204.0,25.0,46.0,9.0,1.0,6.0,75.0,9.0,2,4,22.0,0.0,11.0,0,1.0,45.0,1.0,0.225,0.269,0.368,0.637,30.0,0.143,0.04400000000000001,0.412,4.621848739495799,18.907563025210084,0.24444444444444444,0.26143790849673204,0.21305000000000002,391.6666666666667,0.21568627450980393,0.5723270440251572,0.225,46.0,6.0,9.0,81.0,238.0,204.0,30.0,9.0,1.0,25.0,0.269,0.368,11.0,0,1.0,,75.0,2,4,22.0,0.0,,19.88372093023256,20.355999999999995
2015,CL,東京ヤクルトスワローズ,21823888,松元　ユウイチ,Y.Matsumoto,39.0,51.0,47.0,1.0,8.0,2.0,0.0,0.0,10.0,5.0,0.0,0,0.0,1.0,3.0,0,0.0,5.0,1.0,0.17,0.216,0.213,0.429,6.0,0.04299999999999998,0.045999999999999985,0.259,5.88235294117647,9.803921568627452,0.6,0.18604651162790697,0.15045,287.0,0.10638297872340426,0.325,0.17,8.0,0.0,5.0,39.0,51.0,47.0,6.0,2.0,0.0,1.0,0.216,0.213,3.0,0,0.0,,10.0,0.0,0,0.0,1.0,,2.2,1.6079999999999997
2015,CL,読売ジャイアンツ,21825133,吉川　大幾,D.Yoshikawa,47.0,60.0,56.0,11.0,14.0,5.0,1.0,0.0,21.0,4.0,3,0,2.0,0.0,2.0,0,0.0,15.0,1.0,0.25,0.276,0.375,0.651,8.0,0.125,0.026000000000000023,0.401,3.3333333333333335,25.0,0.13333333333333333,0.34146341463414637,0.21795000000000003,401.0,0.16071428571428573,0.5348837209302325,0.25,14.0,0.0,4.0,47.0,60.0,56.0,8.0,5.0,1.0,11.0,0.276,0.375,2.0,0,0.0,,21.0,3,0,2.0,0.0,,5.793103448275862,5.184
2015,CL,東京ヤクルトスワローズ,21925110,田中　浩康,H.Tanaka,82.0,151.0,134.0,13.0,27.0,3.0,1.0,1.0,35.0,11.0,3,0,4.0,0.0,11.0,0,2.0,18.0,4.0,0.201,0.272,0.261,0.533,22.0,0.06,0.07100000000000001,0.332,7.28476821192053,11.920529801324504,0.6111111111111112,0.22608695652173913,0.18765,359.00000000000006,0.1417910447761194,0.43243243243243246,0.201,27.0,1.0,11.0,82.0,151.0,134.0,22.0,3.0,1.0,13.0,0.272,0.261,11.0,0,2.0,,35.0,3,0,4.0,0.0,,9.172413793103448,9.443999999999999
2015,CL,広島東洋カープ,21925112,梵　英心,E.Soyogi,96.0,332.0,283.0,24.0,67.0,15.0,1.0,6.0,102.0,27.0,2.0,2,10.0,2.0,36.0,0,1.0,49.0,6.0,0.237,0.323,0.36,0.683,45.0,0.123,0.08600000000000002,0.446,10.843373493975903,14.759036144578314,0.7346938775510204,0.26521739130434785,0.23535,443.0,0.2579505300353357,0.6351351351351351,0.237,67.0,6.0,27.0,96.0,332.0,283.0,45.0,15.0,1.0,24.0,0.323,0.36,36.0,0,1.0,,102.0,2.0,2,10.0,2.0,,32.93416927899686,34.382
2015,CL,阪神タイガース,21925119,鳥谷　敬,T.Toritani,143.0,646.0,551.0,69.0,155.0,21.0,4.0,6.0,202.0,42.0,9,6,2.0,3.0,89.0,0,1.0,77.0,8.0,0.281,0.38,0.367,0.747,124.0,0.08599999999999997,0.09899999999999998,0.4659999999999999,13.777089783281735,11.91950464396285,1.155844155844156,0.31634819532908703,0.26275000000000004,502.3333333333333,0.2577132486388385,0.7376237623762376,0.281,155.0,6.0,42.0,143.0,646.0,551.0,124.0,21.0,4.0,69.0,0.38,0.367,89.0,0,1.0,,202.0,9,6,2.0,3.0,,77.0125,81.892
2015,CL,東京ヤクルトスワローズ,23125130,L.オンドルセク,L.Ondrusek,72.0,0.0,0.0,0.0,0.0,0.0,0.0,0.0,0.0,0.0,0.0,0,0.0,0.0,0.0,0,0.0,0.0,0.0,,,,0.0,0.0,0.0,0.0,,nan,nan,nan,nan,0.0,0.0,nan,nan,,0.0,0.0,0.0,72.0,0.0,0.0,0.0,0.0,0.0,0.0,,,0.0,0,0.0,,0.0,0.0,0,0.0,0.0,,nan,0.0
2015,CL,中日ドラゴンズ,23325130,R.ナニータ,R.Nanita,52.0,169.0,156.0,9.0,48.0,12.0,0.0,0.0,60.0,15.0,1,0,1.0,1.0,9.0,0,2.0,24.0,4.0,0.308,0.351,0.385,0.736,36.0,0.07700000000000001,0.04299999999999998,0.428,5.325443786982249,14.201183431952662,0.375,0.3609022556390977,0.2542,479.33333333333326,0.1346153846153846,0.6339285714285714,0.308,48.0,0.0,15.0,52.0,169.0,156.0,36.0,12.0,0.0,9.0,0.351,0.385,9.0,0,2.0,,60.0,1,0,1.0,1.0,,20.727272727272727,19.686
2015,CL,広島東洋カープ,23525139,D.ヒース,D.Heath,43.0,0.0,0.0,0.0,0.0,0.0,0.0,0.0,0.0,0.0,0.0,0,0.0,0.0,0.0,0,0.0,0.0,0.0,,,,0.0,0.0,0.0,0.0,,nan,nan,nan,nan,0.0,0.0,nan,nan,,0.0,0.0,0.0,43.0,0.0,0.0,0.0,0.0,0.0,0.0,,,0.0,0,0.0,,0.0,0.0,0,0.0,0.0,,nan,0.0
2015,CL,横浜DeNAベイスターズ,23725130,D.ビロウ,D.Below,1.0,0.0,0.0,0.0,0.0,0.0,0.0,0.0,0.0,0.0,0.0,0,0.0,0.0,0.0,0,0.0,0.0,0.0,,,,0.0,0.0,0.0,0.0,,nan,nan,nan,nan,0.0,0.0,nan,nan,,0.0,0.0,0.0,1.0,0.0,0.0,0.0,0.0,0.0,0.0,,,0.0,0,0.0,,0.0,0.0,0,0.0,0.0,,nan,0.0
2015,CL,横浜DeNAベイスターズ,31035110,東野　峻,S.Touno,3.0,0.0,0.0,0.0,0.0,0.0,0.0,0.0,0.0,0.0,0.0,0,0.0,0.0,0.0,0,0.0,0.0,0.0,,,,0.0,0.0,0.0,0.0,,nan,nan,nan,nan,0.0,0.0,nan,nan,,0.0,0.0,0.0,3.0,0.0,0.0,0.0,0.0,0.0,0.0,,,0.0,0,0.0,,0.0,0.0,0,0.0,0.0,,nan,0.0
2015,CL,東京ヤクルトスワローズ,31035112,武内　晋一,S.Takeuchi,51.0,71.0,66.0,5.0,13.0,2.0,0.0,0.0,15.0,3.0,0.0,0,1.0,0.0,4.0,0,0.0,15.0,1.0,0.197,0.243,0.227,0.47,11.0,0.03,0.045999999999999985,0.273,5.633802816901409,21.12676056338028,0.26666666666666666,0.2549019607843137,0.1661,318.66666666666663,0.09090909090909091,0.35185185185185186,0.197,13.0,0.0,3.0,51.0,71.0,66.0,11.0,2.0,0.0,5.0,0.243,0.227,4.0,0,0.0,,15.0,0.0,0,1.0,0.0,,3.642857142857143,3.066
2015,CL,読売ジャイアンツ,31035119,西村　健太朗,K.Nishimura,1.0,0.0,0.0,0.0,0.0,0.0,0.0,0.0,0.0,0.0,0.0,0,0.0,0.0,0.0,0,0.0,0.0,0.0,,,,0.0,0.0,0.0,0.0,,nan,nan,nan,nan,0.0,0.0,nan,nan,,0.0,0.0,0.0,1.0,0.0,0.0,0.0,0.0,0.0,0.0,,,0.0,0,0.0,,0.0,0.0,0,0.0,0.0,,nan,0.0
2015,CL,読売ジャイアンツ,31035130,高木　勇人,H.Takagi,26.0,48.0,42.0,1.0,4.0,1.0,0.0,0.0,5.0,0.0,0.0,0,6.0,0.0,0.0,0,0.0,21.0,2.0,0.095,0.095,0.119,0.214,3.0,0.023999999999999994,0.0,0.119,0.0,43.75,0.0,0.19047619047619047,0.07250000000000001,134.66666666666666,0.023809523809523808,0.125,0.095,4.0,0.0,0.0,26.0,48.0,42.0,3.0,1.0,0.0,1.0,0.095,0.119,0.0,0,0.0,,5.0,0.0,0,6.0,0.0,,0.47619047619047616,-1.5040000000000004
2015,CL,読売ジャイアンツ,31035135,高木　京介,K.Takagi,33.0,2.0,2.0,0.0,0.0,0.0,0.0,0.0,0.0,0.0,0.0,0,0.0,0.0,0.0,0,0.0,1.0,0.0,0.0,0.0,0.0,0.0,0.0,0.0,0.0,0.0,0.0,50.0,0.0,0.0,0.0,0.0,0.0,0.0,0.0,0.0,0.0,0.0,33.0,2.0,2.0,0.0,0.0,0.0,0.0,0.0,0.0,0.0,0,0.0,,0.0,0.0,0,0.0,0.0,,0.0,-0.196
2015,CL,広島東洋カープ,31135114,會澤　翼,T.Aizawa,93.0,290.0,252.0,23.0,62.0,7.0,3.0,6.0,93.0,30.0,0,1,2.0,3.0,26.0,0,7.0,49.0,9.0,0.246,0.33,0.369,0.6990000000000001,46.0,0.123,0.08400000000000002,0.453,8.96551724137931,16.896551724137932,0.5306122448979592,0.28,0.24075000000000002,453.0,0.23015873015873015,0.6381909547738693,0.246,62.0,6.0,30.0,93.0,290.0,252.0,46.0,7.0,3.0,23.0,0.33,0.369,26.0,0,7.0,,93.0,0,1,2.0,3.0,,29.43884892086331,32.25
2015,CL,中日ドラゴンズ,31135116,赤坂　和幸,K.Akasaka,35.0,49.0,43.0,2.0,14.0,2.0,0.0,0.0,16.0,8.0,2,0,0.0,0.0,6.0,0,0.0,8.0,0.0,0.326,0.408,0.372,0.78,12.0,0.045999999999999985,0.08199999999999996,0.4539999999999999,12.244897959183673,16.3265306122449,0.75,0.4,0.27659999999999996,532.0,0.18604651162790697,0.7586206896551724,0.326,14.0,0.0,8.0,35.0,49.0,43.0,12.0,2.0,0.0,2.0,0.408,0.372,6.0,0,0.0,,16.0,2,0,0.0,0.0,,6.530612244897959,6.577999999999999
2015,CL,中日ドラゴンズ,31135131,赤田　龍一郎,R.Akada,1.0,1.0,1.0,0.0,0.0,0.0,0.0,0.0,0.0,0.0,0.0,0,0.0,0.0,0.0,0,0.0,0.0,0.0,0.0,0.0,0.0,0.0,0.0,0.0,0.0,0.0,0.0,0.0,nan,0.0,0.0,0.0,0.0,0.0,0.0,0.0,0.0,0.0,1.0,1.0,1.0,0.0,0.0,0.0,0.0,0.0,0.0,0.0,0,0.0,,0.0,0.0,0,0.0,0.0,,0.0,-0.098
2015,CL,横浜DeNAベイスターズ,31135137,赤堀　大智,D.Akahori,1.0,1.0,1.0,0.0,0.0,0.0,0.0,0.0,0.0,0.0,0.0,0,0.0,0.0,0.0,0,0.0,1.0,0.0,0.0,0.0,0.0,0.0,0.0,0.0,0.0,0.0,0.0,100.0,0.0,nan,0.0,0.0,0.0,0.0,0.0,0.0,0.0,0.0,1.0,1.0,1.0,0.0,0.0,0.0,0.0,0.0,0.0,0.0,0,0.0,,0.0,0.0,0,0.0,0.0,,0.0,-0.098
2015,CL,東京ヤクルトスワローズ,31235113,畠山　和洋,K.Hatakeyama,137.0,584.0,512.0,64.0,137.0,26.0,0.0,26.0,241.0,105.0,0.0,0,0.0,8.0,62.0,0,2.0,92.0,10.0,0.268,0.344,0.471,0.815,85.0,0.20299999999999996,0.07599999999999996,0.5469999999999999,10.616438356164384,15.753424657534246,0.6739130434782609,0.27611940298507465,0.27254999999999996,501.0,0.32421875,0.7922077922077922,0.268,137.0,26.0,105.0,137.0,584.0,512.0,85.0,26.0,0.0,64.0,0.344,0.471,62.0,0,2.0,,241.0,0.0,0,0.0,8.0,,83.55226480836237,83.03
2015,CL,広島東洋カープ,31235118,中田　廉,R.Nakata,5.0,0.0,0.0,0.0,0.0,0.0,0.0,0.0,0.0,0.0,0.0,0,0.0,0.0,0.0,0,0.0,0.0,0.0,,,,0.0,0.0,0.0,0.0,,nan,nan,nan,nan,0.0,0.0,nan,nan,,0.0,0.0,0.0,5.0,0.0,0.0,0.0,0.0,0.0,0.0,,,0.0,0,0.0,,0.0,0.0,0,0.0,0.0,,nan,0.0
2015,CL,広島東洋カープ,31235133,中﨑　翔太,S.Nakazaki,69.0,0.0,0.0,0.0,0.0,0.0,0.0,0.0,0.0,0.0,0.0,0,0.0,0.0,0.0,0,0.0,0.0,0.0,,,,0.0,0.0,0.0,0.0,,nan,nan,nan,nan,0.0,0.0,nan,nan,,0.0,0.0,0.0,69.0,0.0,0.0,0.0,0.0,0.0,0.0,,,0.0,0,0.0,,0.0,0.0,0,0.0,0.0,,nan,0.0
2015,CL,阪神タイガース,31335112,今成　亮太,R.Imanari,93.0,304.0,269.0,25.0,76.0,7.0,0.0,1.0,86.0,16.0,1.0,1,8.0,1.0,24.0,0,2.0,78.0,1.0,0.283,0.345,0.32,0.665,68.0,0.03700000000000003,0.062,0.382,7.894736842105263,25.657894736842106,0.3076923076923077,0.39267015706806285,0.23525000000000001,451.6666666666667,0.13011152416356878,0.5824742268041238,0.283,76.0,1.0,16.0,93.0,304.0,269.0,68.0,7.0,0.0,25.0,0.345,0.32,24.0,0,2.0,,86.0,1.0,1,8.0,1.0,,29.351535836177476,30.325999999999993
2015,CL,読売ジャイアンツ,31335114,隠善　智也,T.Inzen,3.0,2.0,2.0,0.0,2.0,0.0,0.0,0.0,2.0,2.0,0.0,0,0.0,0.0,0.0,0,0.0,0.0,0.0,1.0,1.0,1.0,2.0,2.0,0.0,0.0,1.0,0.0,0.0,nan,1.0,0.7,1333.3333333333333,0.0,nan,1.0,2.0,0.0,2.0,3.0,2.0,2.0,2.0,0.0,0.0,0.0,1.0,1.0,0.0,0,0.0,,2.0,0.0,0,0.0,0.0,,2.0,1.0
2015,CL,阪神タイガース,31335139,岩崎　優,S.Iwazaki,15.0,28.0,26.0,0.0,4.0,0.0,0.0,0.0,4.0,0.0,0.0,0,2.0,0.0,0.0,0,0.0,8.0,0.0,0.154,0.154,0.154,0.308,4.0,0.0,0.0,0.154,0.0,28.57142857142857,0.0,0.2222222222222222,0.1078,205.33333333333334,0.0,0.18181818181818182,0.154,4.0,0.0,0.0,15.0,28.0,26.0,4.0,0.0,0.0,0.0,0.154,0.154,0.0,0,0.0,,4.0,0.0,0,2.0,0.0,,0.6153846153846154,-0.15600000000000014
2015,CL,中日ドラゴンズ,31433884,和田　一浩,K.Wada,79.0,234.0,218.0,16.0,65.0,8.0,0.0,5.0,88.0,26.0,1,0,0.0,0.0,14.0,0,2.0,40.0,9.0,0.298,0.346,0.404,0.75,52.0,0.10600000000000004,0.04799999999999999,0.452,5.982905982905983,17.094017094017094,0.35,0.3468208092485549,0.25670000000000004,480.6666666666667,0.16972477064220184,0.6419753086419753,0.298,65.0,5.0,26.0,79.0,234.0,218.0,52.0,8.0,0.0,16.0,0.346,0.404,14.0,0,2.0,,88.0,1,0,0.0,0.0,,29.96551724137931,29.245999999999995
2015,CL,阪神タイガース,31435117,西岡　剛,T.Nishioka,50.0,196.0,172.0,20.0,45.0,8.0,0.0,2.0,59.0,14.0,1,3,0.0,1.0,22.0,0,1.0,21.0,5.0,0.262,0.347,0.343,0.69,35.0,0.08100000000000002,0.08499999999999996,0.428,11.224489795918368,10.714285714285714,1.0476190476190477,0.2866666666666667,0.2419,461.3333333333333,0.22674418604651161,0.6439393939393939,0.262,45.0,2.0,14.0,50.0,196.0,172.0,35.0,8.0,0.0,20.0,0.347,0.343,22.0,0,1.0,,59.0,1,3,0.0,1.0,,20.376288659793815,21.823999999999998
2015,CL,中日ドラゴンズ,31435118,野本　圭,K.Nomoto,10.0,16.0,14.0,1.0,2.0,1.0,0.0,0.0,3.0,0.0,0.0,0,0.0,0.0,2.0,0,0.0,6.0,0.0,0.143,0.25,0.214,0.46399999999999997,1.0,0.07100000000000001,0.10700000000000001,0.321,12.5,37.5,0.3333333333333333,0.25,0.166,321.33333333333337,0.21428571428571427,0.4166666666666667,0.143,2.0,0.0,0.0,10.0,16.0,14.0,1.0,1.0,0.0,1.0,0.25,0.214,2.0,0,0.0,,3.0,0.0,0,0.0,0.0,,0.75,0.7039999999999997
2015,CL,東京ヤクルトスワローズ,31435131,松井　淳,J.Matsui,7.0,13.0,12.0,1.0,2.0,0.0,0.0,0.0,2.0,0.0,0.0,0,0.0,0.0,0.0,0,1.0,3.0,0.0,0.167,0.231,0.167,0.398,2.0,0.0,0.064,0.231,0.0,23.076923076923077,0.0,0.2222222222222222,0.1457,286.6666666666667,0.0,0.3,0.167,2.0,0.0,0.0,7.0,13.0,12.0,2.0,0.0,0.0,1.0,0.231,0.167,0.0,0,1.0,,2.0,0.0,0,0.0,0.0,,0.3333333333333333,0.3500000000000001
2015,CL,広島東洋カープ,31435133,福井　優也,Y.Fukui,21.0,41.0,36.0,0.0,1.0,0.0,0.0,0.0,1.0,1.0,0.0,0,4.0,0.0,1.0,0,0.0,22.0,2.0,0.028,0.054,0.028,0.082,1.0,0.0,0.026,0.054,2.4390243902439024,53.65853658536586,0.045454545454545456,0.07142857142857142,0.0313,63.333333333333336,0.027777777777777776,0.05405405405405406,0.028,1.0,0.0,1.0,21.0,41.0,36.0,1.0,0.0,0.0,0.0,0.054,0.028,1.0,0,0.0,,1.0,0.0,0,4.0,0.0,,0.05405405405405406,-2.6
2015,CL,横浜DeNAベイスターズ,31435139,三上　朋也,T.Mikami,21.0,0.0,0.0,0.0,0.0,0.0,0.0,0.0,0.0,0.0,0.0,0,0.0,0.0,0.0,0,0.0,0.0,0.0,,,,0.0,0.0,0.0,0.0,,nan,nan,nan,nan,0.0,0.0,nan,nan,,0.0,0.0,0.0,21.0,0.0,0.0,0.0,0.0,0.0,0.0,,,0.0,0,0.0,,0.0,0.0,0,0.0,0.0,,nan,0.0
2015,CL,広島東洋カープ,31533886,倉　義和,Y.Kura,1.0,0.0,0.0,0.0,0.0,0.0,0.0,0.0,0.0,0.0,0.0,0,0.0,0.0,0.0,0,0.0,0.0,0.0,,,,0.0,0.0,0.0,0.0,,nan,nan,nan,nan,0.0,0.0,nan,nan,,0.0,0.0,0.0,1.0,0.0,0.0,0.0,0.0,0.0,0.0,,,0.0,0,0.0,,0.0,0.0,0,0.0,0.0,,nan,0.0
2015,CL,横浜DeNAベイスターズ,31535117,長田　秀一郎,S.Osada,45.0,0.0,0.0,0.0,0.0,0.0,0.0,0.0,0.0,0.0,0.0,0,0.0,0.0,0.0,0,0.0,0.0,0.0,,,,0.0,0.0,0.0,0.0,,nan,nan,nan,nan,0.0,0.0,nan,nan,,0.0,0.0,0.0,45.0,0.0,0.0,0.0,0.0,0.0,0.0,,,0.0,0,0.0,,0.0,0.0,0,0.0,0.0,,nan,0.0
2015,CL,中日ドラゴンズ,31635114,福田　永将,N.Fukuda,79.0,185.0,169.0,12.0,41.0,6.0,2.0,6.0,69.0,23.0,0.0,0,0.0,2.0,14.0,0,0.0,62.0,7.0,0.243,0.297,0.408,0.705,27.0,0.16499999999999998,0.05399999999999999,0.4619999999999999,7.567567567567568,33.513513513513516,0.22580645161290322,0.33980582524271846,0.23564999999999997,432.99999999999994,0.2485207100591716,0.6148148148148148,0.243,41.0,6.0,23.0,79.0,185.0,169.0,27.0,6.0,2.0,12.0,0.297,0.408,14.0,0,0.0,,69.0,0.0,0,0.0,2.0,,20.737704918032787,20.615999999999996
2015,CL,中日ドラゴンズ,31635115,山井　大介,D.Yamai,33.0,38.0,33.0,1.0,4.0,0.0,0.0,0.0,4.0,2.0,0.0,0,4.0,0.0,1.0,0,0.0,15.0,0.0,0.121,0.147,0.121,0.268,4.0,0.0,0.025999999999999995,0.147,2.631578947368421,39.473684210526315,0.06666666666666667,0.2222222222222222,0.0964,187.33333333333331,0.030303030303030304,0.1724137931034483,0.121,4.0,0.0,2.0,33.0,38.0,33.0,4.0,0.0,0.0,1.0,0.147,0.121,1.0,0,0.0,,4.0,0.0,0,4.0,0.0,,0.5882352941176471,-0.512
2015,CL,横浜DeNAベイスターズ,31635130,福地　元春,M.Fukuchi,13.0,0.0,0.0,0.0,0.0,0.0,0.0,0.0,0.0,0.0,0.0,0,0.0,0.0,0.0,0,0.0,0.0,0.0,,,,0.0,0.0,0.0,0.0,,nan,nan,nan,nan,0.0,0.0,nan,nan,,0.0,0.0,0.0,13.0,0.0,0.0,0.0,0.0,0.0,0.0,,,0.0,0,0.0,,0.0,0.0,0,0.0,0.0,,nan,0.0
2015,CL,東京ヤクルトスワローズ,31635137,山中　浩史,H.Yamanaka,9.0,15.0,14.0,0.0,2.0,0.0,0.0,0.0,2.0,1.0,0.0,0,1.0,0.0,0.0,0,0.0,8.0,2.0,0.143,0.143,0.143,0.286,2.0,0.0,0.0,0.143,0.0,53.333333333333336,0.0,0.3333333333333333,0.1001,190.66666666666666,0.0,0.14285714285714285,0.143,2.0,0.0,1.0,9.0,15.0,14.0,2.0,0.0,0.0,0.0,0.143,0.143,0.0,0,0.0,,2.0,0.0,0,1.0,0.0,,0.2857142857142857,-0.17600000000000016
2015,CL,東京ヤクルトスワローズ,31735112,川端　慎吾,S.Kawabata,143.0,632.0,581.0,87.0,195.0,34.0,1.0,8.0,255.0,57.0,4,3,2.0,2.0,43.0,0,3.0,72.0,15.0,0.336,0.383,0.439,0.8220000000000001,152.0,0.10299999999999998,0.046999999999999986,0.486,6.80379746835443,11.39240506329114,0.5972222222222222,0.3717693836978131,0.2821,529.3333333333334,0.18244406196213425,0.7581047381546134,0.336,195.0,8.0,57.0,143.0,632.0,581.0,152.0,34.0,1.0,87.0,0.383,0.439,43.0,0,3.0,,255.0,4,3,2.0,2.0,,97.25961538461539,90.93199999999999
2015,CL,阪神タイガース,31735116,桑原　謙太朗,K.Kuwahara,6.0,1.0,1.0,0.0,0.0,0.0,0.0,0.0,0.0,0.0,0.0,0,0.0,0.0,0.0,0,0.0,0.0,0.0,0.0,0.0,0.0,0.0,0.0,0.0,0.0,0.0,0.0,0.0,nan,0.0,0.0,0.0,0.0,0.0,0.0,0.0,0.0,0.0,6.0,1.0,1.0,0.0,0.0,0.0,0.0,0.0,0.0,0.0,0,0.0,,0.0,0.0,0,0.0,0.0,,0.0,-0.098
2015,CL,東京ヤクルトスワローズ,31735135,木谷　良平,R.Kiya,2.0,0.0,0.0,0.0,0.0,0.0,0.0,0.0,0.0,0.0,0.0,0,0.0,0.0,0.0,0,0.0,0.0,0.0,,,,0.0,0.0,0.0,0.0,,nan,nan,nan,nan,0.0,0.0,nan,nan,,0.0,0.0,0.0,2.0,0.0,0.0,0.0,0.0,0.0,0.0,,,0.0,0,0.0,,0.0,0.0,0,0.0,0.0,,nan,0.0
2015,CL,中日ドラゴンズ,31835139,A.エルナンデス,A.Hernandez,138.0,548.0,498.0,54.0,135.0,27.0,2.0,11.0,199.0,58.0,5,3,10.0,4.0,35.0,0,0.0,106.0,13.0,0.271,0.317,0.4,0.7170000000000001,95.0,0.129,0.045999999999999985,0.446,6.386861313868613,19.34306569343066,0.330188679245283,0.3220779220779221,0.24265,450.33333333333337,0.20481927710843373,0.6303191489361702,0.271,135.0,11.0,58.0,138.0,548.0,498.0,95.0,27.0,2.0,54.0,0.317,0.4,35.0,0,0.0,,199.0,5,3,10.0,4.0,,63.470919324577864,61.376000000000005
2015,CL,読売ジャイアンツ,31935115,杉内　俊哉,T.Sugiuchi,17.0,28.0,26.0,1.0,3.0,0.0,0.0,0.0,3.0,2.0,0.0,0,2.0,0.0,0.0,0,0.0,9.0,0.0,0.115,0.115,0.115,0.23,3.0,0.0,0.0,0.115,0.0,32.142857142857146,0.0,0.17647058823529413,0.0805,153.33333333333334,0.0,0.13043478260869565,0.115,3.0,0.0,2.0,17.0,28.0,26.0,3.0,0.0,0.0,1.0,0.115,0.115,0.0,0,0.0,,3.0,0.0,0,2.0,0.0,,0.34615384615384615,-0.754
2015,CL,横浜DeNAベイスターズ,31935133,小林　寛,H.Kobayashi,11.0,0.0,0.0,0.0,0.0,0.0,0.0,0.0,0.0,0.0,0.0,0,0.0,0.0,0.0,0,0.0,0.0,0.0,,,,0.0,0.0,0.0,0.0,,nan,nan,nan,nan,0.0,0.0,nan,nan,,0.0,0.0,0.0,11.0,0.0,0.0,0.0,0.0,0.0,0.0,,,0.0,0,0.0,,0.0,0.0,0,0.0,0.0,,nan,0.0
2015,CL,横浜DeNAベイスターズ,31935139,関根　大気,T.Sekine,55.0,159.0,144.0,14.0,32.0,2.0,5.0,1.0,47.0,10.0,8,3,6.0,1.0,8.0,0,0.0,22.0,1.0,0.222,0.261,0.326,0.587,24.0,0.10400000000000001,0.03900000000000001,0.365,5.031446540880504,13.836477987421384,0.36363636363636365,0.2540983606557377,0.19895000000000002,369.6666666666667,0.18055555555555555,0.5132743362831859,0.222,32.0,1.0,10.0,55.0,159.0,144.0,24.0,2.0,5.0,14.0,0.261,0.326,8.0,0,0.0,,47.0,8,3,6.0,1.0,,12.368421052631579,12.284
2015,CL,阪神タイガース,33135112,渡辺　亮,R.Watanabe,1.0,0.0,0.0,0.0,0.0,0.0,0.0,0.0,0.0,0.0,0.0,0,0.0,0.0,0.0,0,0.0,0.0,0.0,,,,0.0,0.0,0.0,0.0,,nan,nan,nan,nan,0.0,0.0,nan,nan,,0.0,0.0,0.0,1.0,0.0,0.0,0.0,0.0,0.0,0.0,,,0.0,0,0.0,,0.0,0.0,0,0.0,0.0,,nan,0.0
2015,CL,中日ドラゴンズ,33135130,山本　雅士,M.Yamamoto,3.0,0.0,0.0,0.0,0.0,0.0,0.0,0.0,0.0,0.0,0.0,0,0.0,0.0,0.0,0,0.0,0.0,0.0,,,,0.0,0.0,0.0,0.0,,nan,nan,nan,nan,0.0,0.0,nan,nan,,0.0,0.0,0.0,3.0,0.0,0.0,0.0,0.0,0.0,0.0,,,0.0,0,0.0,,0.0,0.0,0,0.0,0.0,,nan,0.0
2015,CL,東京ヤクルトスワローズ,33335135,O.ロマン,O.Roman,61.0,5.0,5.0,0.0,0.0,0.0,0.0,0.0,0.0,0.0,0.0,0,0.0,0.0,0.0,0,0.0,0.0,0.0,0.0,0.0,0.0,0.0,0.0,0.0,0.0,0.0,0.0,0.0,nan,0.0,0.0,0.0,0.0,0.0,0.0,0.0,0.0,0.0,61.0,5.0,5.0,0.0,0.0,0.0,0.0,0.0,0.0,0.0,0,0.0,,0.0,0.0,0,0.0,0.0,,0.0,-0.49
2015,CL,読売ジャイアンツ,33535130,A.ポレダ,A.Poreda,24.0,44.0,43.0,0.0,4.0,0.0,0.0,0.0,4.0,1.0,0.0,0,0.0,0.0,1.0,0,0.0,29.0,0.0,0.093,0.114,0.093,0.20700000000000002,4.0,0.0,0.021000000000000005,0.114,2.272727272727273,65.9090909090909,0.034482758620689655,0.2857142857142857,0.07455,145.00000000000003,0.023255813953488372,0.1282051282051282,0.093,4.0,0.0,1.0,24.0,44.0,43.0,4.0,0.0,0.0,0.0,0.114,0.093,1.0,0,0.0,,4.0,0.0,0,0.0,0.0,,0.45454545454545453,-1.492
2015,CL,読売ジャイアンツ,33735130,J.フランシスコ,J.Francisco,5.0,18.0,18.0,0.0,3.0,0.0,0.0,0.0,3.0,1.0,0.0,0,0.0,0.0,0.0,0,0.0,11.0,0.0,0.167,0.167,0.167,0.334,3.0,0.0,0.0,0.167,0.0,61.111111111111114,0.0,0.42857142857142855,0.1169,222.66666666666669,0.0,0.2,0.167,3.0,0.0,1.0,5.0,18.0,18.0,3.0,0.0,0.0,0.0,0.167,0.167,0.0,0,0.0,,3.0,0.0,0,0.0,0.0,,0.5,0.030000000000000027
2015,CL,阪神タイガース,41045112,鶴　直人,N.Tsuru,5.0,1.0,1.0,0.0,0.0,0.0,0.0,0.0,0.0,0.0,0.0,0,0.0,0.0,0.0,0,0.0,1.0,0.0,0.0,0.0,0.0,0.0,0.0,0.0,0.0,0.0,0.0,100.0,0.0,nan,0.0,0.0,0.0,0.0,0.0,0.0,0.0,0.0,5.0,1.0,1.0,0.0,0.0,0.0,0.0,0.0,0.0,0.0,0,0.0,,0.0,0.0,0,0.0,0.0,,0.0,-0.098
2015,CL,阪神タイガース,41045137,藤浪　晋太郎,S.Fujinami,28.0,69.0,57.0,2.0,8.0,2.0,0.0,0.0,10.0,6.0,0.0,0,9.0,1.0,2.0,0,0.0,31.0,0.0,0.14,0.167,0.175,0.34199999999999997,6.0,0.034999999999999976,0.026999999999999996,0.2019999999999999,2.898550724637681,44.927536231884055,0.06451612903225806,0.2962962962962963,0.1189,225.33333333333334,0.07017543859649122,0.24489795918367346,0.14,8.0,0.0,6.0,28.0,69.0,57.0,6.0,2.0,0.0,2.0,0.167,0.175,2.0,0,0.0,,10.0,0.0,0,9.0,1.0,,1.694915254237288,0.29799999999999915
2015,CL,読売ジャイアンツ,41143886,井端　弘和,H.Ibata,98.0,321.0,269.0,20.0,63.0,9.0,0.0,1.0,75.0,19.0,3.0,3,10.0,2.0,37.0,0,3.0,36.0,4.0,0.234,0.331,0.279,0.6100000000000001,53.0,0.04500000000000001,0.097,0.376,11.526479750778815,11.214953271028037,1.0277777777777777,0.26495726495726496,0.2187,424.00000000000006,0.19330855018587362,0.5619047619047619,0.234,63.0,1.0,19.0,98.0,321.0,269.0,53.0,9.0,0.0,20.0,0.331,0.279,37.0,0,3.0,,75.0,3.0,3,10.0,2.0,,24.50980392156863,27.971999999999994
2015,CL,阪神タイガース,41145115,安藤　優也,Y.Andou,50.0,0.0,0.0,0.0,0.0,0.0,0.0,0.0,0.0,0.0,0.0,0,0.0,0.0,0.0,0,0.0,0.0,0.0,,,,0.0,0.0,0.0,0.0,,nan,nan,nan,nan,0.0,0.0,nan,nan,,0.0,0.0,0.0,50.0,0.0,0.0,0.0,0.0,0.0,0.0,,,0.0,0,0.0,,0.0,0.0,0,0.0,0.0,,nan,0.0
2015,CL,東京ヤクルトスワローズ,41245133,西田　明央,A.Nishida,13.0,40.0,34.0,1.0,5.0,1.0,0.0,1.0,9.0,2.0,0.0,0,3.0,0.0,3.0,0,0.0,11.0,1.0,0.147,0.216,0.265,0.481,3.0,0.11800000000000002,0.069,0.334,7.5,27.500000000000004,0.2727272727272727,0.18181818181818182,0.16344999999999998,304.33333333333337,0.20588235294117646,0.4,0.147,5.0,1.0,2.0,13.0,40.0,34.0,3.0,1.0,0.0,1.0,0.216,0.265,3.0,0,0.0,,9.0,0.0,0,3.0,0.0,,1.945945945945946,1.8079999999999994
2015,CL,横浜DeNAベイスターズ,41245137,三嶋　一輝,K.Mishima,20.0,30.0,25.0,1.0,3.0,0.0,0.0,0.0,3.0,0.0,0.0,0,5.0,0.0,0.0,0,0.0,10.0,0.0,0.12,0.12,0.12,0.24,3.0,0.0,0.0,0.12,0.0,33.33333333333333,0.0,0.2,0.08399999999999999,160.0,0.0,0.13636363636363635,0.12,3.0,0.0,0.0,20.0,30.0,25.0,3.0,0.0,0.0,1.0,0.12,0.12,0.0,0,0.0,,3.0,0.0,0,5.0,0.0,,0.36,-0.6560000000000001
2015,CL,読売ジャイアンツ,41345118,大田　泰示,T.Oota,60.0,138.0,130.0,13.0,36.0,7.0,0.0,1.0,46.0,3.0,3,2,0.0,0.0,7.0,0,1.0,39.0,0.0,0.277,0.319,0.354,0.673,28.0,0.07699999999999996,0.04199999999999998,0.3959999999999999,5.072463768115942,28.26086956521739,0.1794871794871795,0.3888888888888889,0.23205,437.0,0.14615384615384616,0.5957446808510638,0.277,36.0,1.0,3.0,60.0,138.0,130.0,28.0,7.0,0.0,13.0,0.319,0.354,7.0,0,1.0,,46.0,3,2,0.0,0.0,,14.437956204379562,14.268
2015,CL,中日ドラゴンズ,41345130,遠藤　一星,I.Endou,41.0,165.0,140.0,16.0,38.0,4.0,0.0,4.0,54.0,14.0,3.0,3,4.0,3.0,11.0,0,7.0,25.0,1.0,0.271,0.348,0.386,0.734,30.0,0.11499999999999999,0.07699999999999996,0.4629999999999999,6.666666666666667,15.151515151515152,0.44,0.2982456140350877,0.2531,476.6666666666667,0.21428571428571427,0.7281553398058253,0.271,38.0,4.0,14.0,41.0,165.0,140.0,30.0,4.0,0.0,16.0,0.348,0.386,11.0,0,7.0,,54.0,3.0,3,4.0,3.0,,17.52317880794702,20.124000000000002
2015,CL,横浜DeNAベイスターズ,41345135,乙坂　智,T.Otosaka,52.0,138.0,124.0,11.0,28.0,1.0,2.0,3.0,42.0,10.0,2,3,4.0,1.0,9.0,0,0.0,25.0,0.0,0.226,0.276,0.339,0.615,22.0,0.11300000000000002,0.05000000000000002,0.389,6.521739130434782,18.115942028985508,0.36,0.25773195876288657,0.20895000000000002,389.0,0.20967741935483872,0.5625,0.226,28.0,3.0,10.0,52.0,138.0,124.0,22.0,1.0,2.0,11.0,0.276,0.339,9.0,0,0.0,,42.0,2,3,4.0,1.0,,11.68421052631579,12.221999999999998
2015,CL,読売ジャイアンツ,41443880,相川　亮二,R.Aikawa,40.0,114.0,99.0,11.0,31.0,3.0,2.0,4.0,50.0,17.0,1,0,2.0,1.0,12.0,0,0.0,16.0,1.0,0.313,0.384,0.505,0.889,22.0,0.192,0.07100000000000001,0.5760000000000001,10.526315789473683,14.035087719298245,0.75,0.3375,0.29905000000000004,552.3333333333334,0.31313131313131315,0.8985507246376812,0.313,31.0,4.0,17.0,40.0,114.0,99.0,22.0,3.0,2.0,11.0,0.384,0.505,12.0,0,0.0,,50.0,1,0,2.0,1.0,,19.36936936936937,18.296
2015,CL,横浜DeNAベイスターズ,41443885,三浦　大輔,D.Miura,17.0,31.0,28.0,0.0,4.0,1.0,0.0,0.0,5.0,0.0,0.0,0,3.0,0.0,0.0,0,0.0,7.0,0.0,0.143,0.143,0.179,0.32199999999999995,3.0,0.036000000000000004,0.0,0.179,0.0,22.58064516129032,0.0,0.19047619047619047,0.10909999999999999,202.66666666666666,0.03571428571428571,0.20833333333333334,0.143,4.0,0.0,0.0,17.0,31.0,28.0,3.0,1.0,0.0,0.0,0.143,0.179,0.0,0,0.0,,5.0,0.0,0,3.0,0.0,,0.7142857142857143,-0.13200000000000056
2015,CL,中日ドラゴンズ,41445130,浜田　智博,T.Hamada,1.0,0.0,0.0,0.0,0.0,0.0,0.0,0.0,0.0,0.0,0.0,0,0.0,0.0,0.0,0,0.0,0.0,0.0,,,,0.0,0.0,0.0,0.0,,nan,nan,nan,nan,0.0,0.0,nan,nan,,0.0,0.0,0.0,1.0,0.0,0.0,0.0,0.0,0.0,0.0,,,0.0,0,0.0,,0.0,0.0,0,0.0,0.0,,nan,0.0
2015,CL,中日ドラゴンズ,41545110,工藤　隆人,T.Kudou,13.0,7.0,6.0,2.0,1.0,0.0,0.0,0.0,1.0,0.0,0.0,0,0.0,0.0,1.0,0,0.0,3.0,0.0,0.167,0.286,0.167,0.45299999999999996,1.0,0.0,0.11899999999999997,0.286,14.285714285714285,42.857142857142854,0.3333333333333333,0.3333333333333333,0.17045,341.6666666666667,0.16666666666666666,0.4,0.167,1.0,0.0,0.0,13.0,7.0,6.0,1.0,0.0,0.0,2.0,0.286,0.167,1.0,0,0.0,,1.0,0.0,0,0.0,0.0,,0.2857142857142857,0.3400000000000001
2015,CL,阪神タイガース,41545119,小宮山　慎二,S.Komiyama,10.0,6.0,6.0,0.0,0.0,0.0,0.0,0.0,0.0,0.0,0.0,0,0.0,0.0,0.0,0,0.0,1.0,0.0,0.0,0.0,0.0,0.0,0.0,0.0,0.0,0.0,0.0,16.666666666666664,0.0,0.0,0.0,0.0,0.0,0.0,0.0,0.0,0.0,0.0,10.0,6.0,6.0,0.0,0.0,0.0,0.0,0.0,0.0,0.0,0,0.0,,0.0,0.0,0,0.0,0.0,,0.0,-0.5880000000000001
2015,CL,中日ドラゴンズ,41545130,加藤　匠馬,T.Katou,3.0,0.0,0.0,0.0,0.0,0.0,0.0,0.0,0.0,0.0,0.0,0,0.0,0.0,0.0,0,0.0,0.0,0.0,,,,0.0,0.0,0.0,0.0,,nan,nan,nan,nan,0.0,0.0,nan,nan,,0.0,0.0,0.0,3.0,0.0,0.0,0.0,0.0,0.0,0.0,,,0.0,0,0.0,,0.0,0.0,0,0.0,0.0,,nan,0.0
2015,CL,中日ドラゴンズ,41545139,桂　依央利,I.Katsura,47.0,113.0,105.0,8.0,24.0,1.0,1.0,2.0,33.0,7.0,1,0,5.0,0.0,3.0,0,0.0,33.0,2.0,0.229,0.25,0.314,0.5640000000000001,20.0,0.08499999999999999,0.02099999999999999,0.3349999999999999,2.6548672566371683,29.20353982300885,0.09090909090909091,0.3142857142857143,0.191,354.6666666666667,0.11428571428571428,0.43373493975903615,0.229,24.0,2.0,7.0,47.0,113.0,105.0,20.0,1.0,1.0,8.0,0.25,0.314,3.0,0,0.0,,33.0,1,0,5.0,0.0,,8.25,7.692
2015,CL,横浜DeNAベイスターズ,41743880,多村　仁志,H.Tamura,4.0,8.0,7.0,1.0,1.0,0.0,0.0,0.0,1.0,0.0,0.0,0,0.0,0.0,1.0,0,0.0,1.0,0.0,0.143,0.25,0.143,0.393,1.0,0.0,0.10700000000000001,0.25,12.5,12.5,1.0,0.16666666666666666,0.14825,297.66666666666663,0.14285714285714285,0.3333333333333333,0.143,1.0,0.0,0.0,4.0,8.0,7.0,1.0,0.0,0.0,1.0,0.25,0.143,1.0,0,0.0,,1.0,0.0,0,0.0,0.0,,0.25,0.242
2015,CL,広島東洋カープ,41745119,白濱　裕太,Y.Shirahama,1.0,0.0,0.0,0.0,0.0,0.0,0.0,0.0,0.0,0.0,0.0,0,0.0,0.0,0.0,0,0.0,0.0,0.0,,,,0.0,0.0,0.0,0.0,,nan,nan,nan,nan,0.0,0.0,nan,nan,,0.0,0.0,0.0,1.0,0.0,0.0,0.0,0.0,0.0,0.0,,,0.0,0,0.0,,0.0,0.0,0,0.0,0.0,,nan,0.0
2015,CL,読売ジャイアンツ,41745137,菅野　智之,T.Sugano,25.0,60.0,53.0,0.0,4.0,1.0,1.0,0.0,7.0,2.0,0.0,0,6.0,0.0,0.0,0,1.0,21.0,0.0,0.075,0.093,0.132,0.225,2.0,0.05700000000000001,0.018000000000000002,0.15,0.0,35.0,0.0,0.125,0.07485,137.0,0.05660377358490566,0.16326530612244897,0.075,4.0,0.0,2.0,25.0,60.0,53.0,2.0,1.0,1.0,0.0,0.093,0.132,0.0,0,1.0,,7.0,0.0,0,6.0,0.0,,0.5283018867924528,-1.7120000000000006
2015,CL,中日ドラゴンズ,41845112,吉見　一起,K.Yoshimi,8.0,17.0,15.0,0.0,2.0,0.0,0.0,0.0,2.0,0.0,0.0,0,1.0,0.0,1.0,0,0.0,6.0,0.0,0.133,0.188,0.133,0.321,2.0,0.0,0.05499999999999999,0.188,5.88235294117647,35.294117647058826,0.16666666666666666,0.2222222222222222,0.11785000000000001,232.33333333333334,0.06666666666666667,0.23076923076923078,0.133,2.0,0.0,0.0,8.0,17.0,15.0,2.0,0.0,0.0,0.0,0.188,0.133,1.0,0,0.0,,2.0,0.0,0,1.0,0.0,,0.375,0.05600000000000005
2015,CL,横浜DeNAベイスターズ,41845130,山﨑　康晃,Y.Yamasaki,58.0,0.0,0.0,0.0,0.0,0.0,0.0,0.0,0.0,0.0,0.0,0,0.0,0.0,0.0,0,0.0,0.0,0.0,,,,0.0,0.0,0.0,0.0,,nan,nan,nan,nan,0.0,0.0,nan,nan,,0.0,0.0,0.0,58.0,0.0,0.0,0.0,0.0,0.0,0.0,,,0.0,0,0.0,,0.0,0.0,0,0.0,0.0,,nan,0.0
2015,CL,阪神タイガース,41845139,M.ゴメス,M.Gomez,143.0,601.0,520.0,49.0,141.0,28.0,0.0,17.0,220.0,72.0,0,1,0.0,3.0,72.0,0,6.0,134.0,15.0,0.271,0.364,0.423,0.7869999999999999,96.0,0.15199999999999997,0.09299999999999997,0.516,11.980033277870216,22.296173044925123,0.5373134328358209,0.3333333333333333,0.26955,505.0,0.2923076923076923,0.7588832487309645,0.271,141.0,17.0,72.0,143.0,601.0,520.0,96.0,28.0,0.0,49.0,0.364,0.423,72.0,0,6.0,,220.0,0,1,0.0,3.0,,79.1554054054054,81.418
2015,CL,阪神タイガース,41945110,玉置　隆,Y.Tamaki,2.0,0.0,0.0,0.0,0.0,0.0,0.0,0.0,0.0,0.0,0.0,0,0.0,0.0,0.0,0,0.0,0.0,0.0,,,,0.0,0.0,0.0,0.0,,nan,nan,nan,nan,0.0,0.0,nan,nan,,0.0,0.0,0.0,2.0,0.0,0.0,0.0,0.0,0.0,0.0,,,0.0,0,0.0,,0.0,0.0,0,0.0,0.0,,nan,0.0
2015,CL,横浜DeNAベイスターズ,41945131,筒香　嘉智,Y.Tsutsugou,138.0,568.0,496.0,79.0,157.0,28.0,1.0,24.0,259.0,93.0,0.0,0,0.0,2.0,68.0,0,2.0,98.0,5.0,0.317,0.4,0.522,0.922,104.0,0.20500000000000002,0.08300000000000002,0.605,11.971830985915492,17.253521126760564,0.6938775510204082,0.3537234042553192,0.3105,574.0000000000001,0.34274193548387094,0.9563953488372093,0.317,157.0,24.0,93.0,138.0,568.0,496.0,104.0,28.0,1.0,79.0,0.4,0.522,68.0,0,2.0,,259.0,0.0,0,0.0,2.0,,103.32446808510639,97.638
2015,CL,読売ジャイアンツ,41945139,田口　麗斗,K.Taguchi,13.0,19.0,16.0,0.0,2.0,0.0,0.0,0.0,2.0,2.0,0.0,0,3.0,0.0,0.0,0,0.0,8.0,1.0,0.125,0.125,0.125,0.25,2.0,0.0,0.0,0.125,0.0,42.10526315789473,0.0,0.25,0.0875,166.66666666666666,0.0,0.13333333333333333,0.125,2.0,0.0,2.0,13.0,19.0,16.0,2.0,0.0,0.0,0.0,0.125,0.125,0.0,0,0.0,,2.0,0.0,0,3.0,0.0,,0.25,-0.3720000000000001
2015,CL,読売ジャイアンツ,43345139,F.セペダ,F.Cepeda,20.0,28.0,21.0,1.0,0.0,0.0,0.0,0.0,0.0,1.0,0.0,0,0.0,0.0,7.0,0,0.0,6.0,1.0,0.0,0.25,0.0,0.25,0.0,0.0,0.25,0.25,25.0,21.428571428571427,1.1666666666666667,0.0,0.1125,250.0,0.3333333333333333,0.3181818181818182,0.0,0.0,0.0,1.0,20.0,28.0,21.0,0.0,0.0,0.0,1.0,0.25,0.0,7.0,0,0.0,,0.0,0.0,0,0.0,0.0,,0.0,0.2519999999999998
2015,CL,横浜DeNAベイスターズ,43545130,Y.エレラ,Y.Herrera,52.0,1.0,1.0,0.0,0.0,0.0,0.0,0.0,0.0,0.0,0.0,0,0.0,0.0,0.0,0,0.0,1.0,0.0,0.0,0.0,0.0,0.0,0.0,0.0,0.0,0.0,0.0,100.0,0.0,nan,0.0,0.0,0.0,0.0,0.0,0.0,0.0,0.0,52.0,1.0,1.0,0.0,0.0,0.0,0.0,0.0,0.0,0.0,0,0.0,,0.0,0.0,0,0.0,0.0,,0.0,-0.098
2015,CL,阪神タイガース,51053888,藤井　彰人,A.Fujii,71.0,159.0,134.0,8.0,23.0,1.0,1.0,0.0,26.0,3.0,0.0,0,4.0,0.0,21.0,0,0.0,20.0,4.0,0.172,0.284,0.194,0.478,21.0,0.02200000000000002,0.11199999999999999,0.306,13.20754716981132,12.578616352201259,1.05,0.20175438596491227,0.1763,348.66666666666663,0.1791044776119403,0.40869565217391307,0.172,23.0,0.0,3.0,71.0,159.0,134.0,21.0,1.0,1.0,8.0,0.284,0.194,21.0,0,0.0,,26.0,0.0,0,4.0,0.0,,7.380645161290323,8.312000000000001
2015,CL,中日ドラゴンズ,51055116,谷　哲也,T.Tani,1.0,1.0,1.0,0.0,0.0,0.0,0.0,0.0,0.0,0.0,0.0,0,0.0,0.0,0.0,0,0.0,0.0,0.0,0.0,0.0,0.0,0.0,0.0,0.0,0.0,0.0,0.0,0.0,nan,0.0,0.0,0.0,0.0,0.0,0.0,0.0,0.0,0.0,1.0,1.0,1.0,0.0,0.0,0.0,0.0,0.0,0.0,0.0,0,0.0,,0.0,0.0,0,0.0,0.0,,0.0,-0.098
2015,CL,東京ヤクルトスワローズ,51055131,中澤　雅人,M.Nakazawa,35.0,0.0,0.0,0.0,0.0,0.0,0.0,0.0,0.0,0.0,0.0,0,0.0,0.0,0.0,0,0.0,0.0,0.0,,,,0.0,0.0,0.0,0.0,,nan,nan,nan,nan,0.0,0.0,nan,nan,,0.0,0.0,0.0,35.0,0.0,0.0,0.0,0.0,0.0,0.0,,,0.0,0,0.0,,0.0,0.0,0,0.0,0.0,,nan,0.0
2015,CL,阪神タイガース,51055133,島本　浩也,H.Shimamoto,19.0,0.0,0.0,0.0,0.0,0.0,0.0,0.0,0.0,0.0,0.0,0,0.0,0.0,0.0,0,0.0,0.0,0.0,,,,0.0,0.0,0.0,0.0,,nan,nan,nan,nan,0.0,0.0,nan,nan,,0.0,0.0,0.0,19.0,0.0,0.0,0.0,0.0,0.0,0.0,,,0.0,0,0.0,,0.0,0.0,0,0.0,0.0,,nan,0.0
2015,CL,横浜DeNAベイスターズ,51055135,髙城　俊人,S.Takajou,64.0,148.0,129.0,9.0,26.0,7.0,0.0,1.0,36.0,9.0,0.0,0,7.0,0.0,8.0,0,4.0,32.0,6.0,0.202,0.27,0.279,0.549,18.0,0.07700000000000001,0.068,0.347,5.405405405405405,21.62162162162162,0.25,0.2604166666666667,0.19125000000000003,363.00000000000006,0.13953488372093023,0.44036697247706424,0.202,26.0,1.0,9.0,64.0,148.0,129.0,18.0,7.0,0.0,9.0,0.27,0.279,8.0,0,4.0,,36.0,0.0,0,7.0,0.0,,8.934306569343066,9.345999999999997
2015,CL,広島東洋カープ,51155110,赤松　真人,M.Akamatsu,52.0,9.0,9.0,13.0,2.0,1.0,0.0,0.0,3.0,0.0,6,3,0.0,0.0,0.0,0,0.0,2.0,0.0,0.222,0.222,0.333,0.555,1.0,0.11100000000000002,0.0,0.333,0.0,22.22222222222222,0.0,0.2857142857142857,0.18315,333.0,0.4444444444444444,0.8571428571428571,0.222,2.0,0.0,0.0,52.0,9.0,9.0,1.0,1.0,0.0,13.0,0.222,0.333,0.0,0,0.0,,3.0,6,3,0.0,0.0,,0.6666666666666666,1.0739999999999998
2015,CL,中日ドラゴンズ,51155111,朝倉　健太,K.Asakura,4.0,0.0,0.0,0.0,0.0,0.0,0.0,0.0,0.0,0.0,0.0,0,0.0,0.0,0.0,0,0.0,0.0,0.0,,,,0.0,0.0,0.0,0.0,,nan,nan,nan,nan,0.0,0.0,nan,nan,,0.0,0.0,0.0,4.0,0.0,0.0,0.0,0.0,0.0,0.0,,,0.0,0,0.0,,0.0,0.0,0,0.0,0.0,,nan,0.0
2015,CL,阪神タイガース,51155131,秋山　拓巳,T.Akiyama,3.0,5.0,4.0,0.0,0.0,0.0,0.0,0.0,0.0,0.0,0.0,0,1.0,0.0,0.0,0,0.0,2.0,0.0,0.0,0.0,0.0,0.0,0.0,0.0,0.0,0.0,0.0,40.0,0.0,0.0,0.0,0.0,0.0,0.0,0.0,0.0,0.0,0.0,3.0,5.0,4.0,0.0,0.0,0.0,0.0,0.0,0.0,0.0,0,0.0,,0.0,0.0,0,1.0,0.0,,0.0,-0.392
2015,CL,読売ジャイアンツ,51255114,寺内　崇幸,T.Terauchi,31.0,29.0,24.0,6.0,6.0,0.0,0.0,0.0,6.0,3.0,4,0,4.0,0.0,0.0,0,1.0,6.0,0.0,0.25,0.28,0.25,0.53,6.0,0.0,0.030000000000000027,0.28,0.0,20.689655172413794,0.0,0.3333333333333333,0.18850000000000003,363.3333333333333,0.0,0.3888888888888889,0.25,6.0,0.0,3.0,31.0,29.0,24.0,6.0,0.0,0.0,6.0,0.28,0.25,0.0,0,1.0,,6.0,4,0,4.0,0.0,,1.5,1.566
2015,CL,東京ヤクルトスワローズ,51255118,中村　悠平,Y.Nakamura,136.0,502.0,442.0,36.0,102.0,14.0,0.0,2.0,122.0,33.0,3,2,14.0,2.0,40.0,0,4.0,80.0,9.0,0.231,0.299,0.276,0.575,86.0,0.04500000000000001,0.06799999999999998,0.344,7.968127490039841,15.936254980079681,0.5,0.27624309392265195,0.20355,391.0,0.14027149321266968,0.4813753581661891,0.231,102.0,2.0,33.0,136.0,502.0,442.0,86.0,14.0,0.0,36.0,0.299,0.276,40.0,0,4.0,,122.0,3,2,14.0,2.0,,35.941908713692946,37.52
2015,CL,阪神タイガース,51255131,俊介,S.Shunsuke（fujikawa,112.0,126.0,102.0,21.0,25.0,5.0,0.0,0.0,30.0,2.0,3.0,3,13.0,0.0,9.0,0,2.0,20.0,2.0,0.245,0.319,0.294,0.613,20.0,0.04899999999999999,0.07400000000000001,0.368,7.142857142857142,15.873015873015872,0.45,0.3048780487804878,0.21705000000000002,417.0,0.16666666666666666,0.5569620253164557,0.245,25.0,0.0,2.0,112.0,126.0,102.0,20.0,5.0,0.0,21.0,0.319,0.294,9.0,0,2.0,,30.0,3.0,3,13.0,0.0,,9.18918918918919,10.224
2015,CL,阪神タイガース,51255133,中谷　将大,M.Nakatani,11.0,11.0,11.0,1.0,2.0,0.0,0.0,0.0,2.0,0.0,0.0,0,0.0,0.0,0.0,0,0.0,3.0,0.0,0.182,0.182,0.182,0.364,2.0,0.0,0.0,0.182,0.0,27.27272727272727,0.0,0.25,0.1274,242.66666666666666,0.0,0.2222222222222222,0.182,2.0,0.0,0.0,11.0,11.0,11.0,2.0,0.0,0.0,1.0,0.182,0.182,0.0,0,0.0,,2.0,0.0,0,0.0,0.0,,0.36363636363636365,0.118
2015,CL,読売ジャイアンツ,51255135,土田　瑞起,M.Tsuchida,11.0,0.0,0.0,0.0,0.0,0.0,0.0,0.0,0.0,0.0,0.0,0,0.0,0.0,0.0,0,0.0,0.0,0.0,,,,0.0,0.0,0.0,0.0,,nan,nan,nan,nan,0.0,0.0,nan,nan,,0.0,0.0,0.0,11.0,0.0,0.0,0.0,0.0,0.0,0.0,,,0.0,0,0.0,,0.0,0.0,0,0.0,0.0,,nan,0.0
2015,CL,横浜DeNAベイスターズ,51255139,平田　真吾,S.Hirata,28.0,1.0,1.0,0.0,0.0,0.0,0.0,0.0,0.0,0.0,0.0,0,0.0,0.0,0.0,0,0.0,1.0,0.0,0.0,0.0,0.0,0.0,0.0,0.0,0.0,0.0,0.0,100.0,0.0,nan,0.0,0.0,0.0,0.0,0.0,0.0,0.0,0.0,28.0,1.0,1.0,0.0,0.0,0.0,0.0,0.0,0.0,0.0,0,0.0,,0.0,0.0,0,0.0,0.0,,0.0,-0.098
2015,CL,横浜DeNAベイスターズ,51353889,岡島　秀樹,H.Okajima,10.0,0.0,0.0,0.0,0.0,0.0,0.0,0.0,0.0,0.0,0.0,0,0.0,0.0,0.0,0,0.0,0.0,0.0,,,,0.0,0.0,0.0,0.0,,nan,nan,nan,nan,0.0,0.0,nan,nan,,0.0,0.0,0.0,10.0,0.0,0.0,0.0,0.0,0.0,0.0,,,0.0,0,0.0,,0.0,0.0,0,0.0,0.0,,nan,0.0
2015,CL,阪神タイガース,51355112,岩田　稔,M.Iwata,27.0,60.0,54.0,1.0,5.0,0.0,1.0,0.0,7.0,3.0,0.0,0,6.0,0.0,0.0,0,0.0,23.0,3.0,0.093,0.093,0.13,0.223,4.0,0.037000000000000005,0.0,0.13,0.0,38.333333333333336,0.0,0.16129032258064516,0.07435,136.33333333333334,0.037037037037037035,0.1346153846153846,0.093,5.0,0.0,3.0,27.0,60.0,54.0,4.0,0.0,1.0,1.0,0.093,0.13,0.0,0,0.0,,7.0,0.0,0,6.0,0.0,,0.6481481481481481,-1.7620000000000005
2015,CL,広島東洋カープ,51355115,石原　慶幸,Y.Ishihara,83.0,238.0,216.0,15.0,52.0,6.0,0.0,2.0,64.0,12.0,1,0,8.0,0.0,14.0,0,0.0,42.0,10.0,0.241,0.287,0.296,0.583,44.0,0.05499999999999999,0.045999999999999985,0.3419999999999999,5.88235294117647,17.647058823529413,0.3333333333333333,0.29069767441860467,0.20315,385.6666666666667,0.12037037037037036,0.4482758620689655,0.241,52.0,2.0,12.0,83.0,238.0,216.0,44.0,6.0,0.0,15.0,0.287,0.296,14.0,0,0.0,,64.0,1,0,8.0,0.0,,18.36521739130435,17.748
2015,CL,中日ドラゴンズ,51355118,岩田　慎司,S.Iwata,3.0,2.0,2.0,0.0,0.0,0.0,0.0,0.0,0.0,0.0,0.0,0,0.0,0.0,0.0,0,0.0,2.0,0.0,0.0,0.0,0.0,0.0,0.0,0.0,0.0,0.0,0.0,100.0,0.0,nan,0.0,0.0,0.0,0.0,0.0,0.0,0.0,0.0,3.0,2.0,2.0,0.0,0.0,0.0,0.0,0.0,0.0,0.0,0,0.0,,0.0,0.0,0,0.0,0.0,,0.0,-0.196
2015,CL,広島東洋カープ,51355131,今村　猛,T.Imamura,21.0,1.0,0.0,0.0,0.0,0.0,0.0,0.0,0.0,0.0,0.0,0,1.0,0.0,0.0,0,0.0,0.0,0.0,,,,0.0,0.0,0.0,0.0,,0.0,0.0,nan,nan,0.0,0.0,nan,nan,,0.0,0.0,0.0,21.0,1.0,0.0,0.0,0.0,0.0,0.0,,,0.0,0,0.0,,0.0,0.0,0,1.0,0.0,,nan,0.0
2015,CL,阪神タイガース,51355139,岩貞　祐太,Y.Iwasada,5.0,6.0,5.0,0.0,0.0,0.0,0.0,0.0,0.0,0.0,0.0,0,1.0,0.0,0.0,0,0.0,4.0,0.0,0.0,0.0,0.0,0.0,0.0,0.0,0.0,0.0,0.0,66.66666666666666,0.0,0.0,0.0,0.0,0.0,0.0,0.0,0.0,0.0,0.0,5.0,6.0,5.0,0.0,0.0,0.0,0.0,0.0,0.0,0.0,0,0.0,,0.0,0.0,0,1.0,0.0,,0.0,-0.49
2015,CL,東京ヤクルトスワローズ,51455110,松岡　健一,K.Matsuoka,38.0,0.0,0.0,0.0,0.0,0.0,0.0,0.0,0.0,0.0,0.0,0,0.0,0.0,0.0,0,0.0,0.0,0.0,,,,0.0,0.0,0.0,0.0,,nan,nan,nan,nan,0.0,0.0,nan,nan,,0.0,0.0,0.0,38.0,0.0,0.0,0.0,0.0,0.0,0.0,,,0.0,0,0.0,,0.0,0.0,0,0.0,0.0,,nan,0.0
2015,CL,中日ドラゴンズ,51455112,藤井　淳志,A.Fujii,118.0,315.0,275.0,28.0,81.0,9.0,3.0,6.0,114.0,45.0,3,0,11.0,4.0,23.0,0,2.0,69.0,4.0,0.295,0.349,0.415,0.764,63.0,0.12,0.05399999999999999,0.469,7.301587301587302,21.904761904761905,0.3333333333333333,0.36764705882352944,0.2608,487.33333333333326,0.20363636363636364,0.702020202020202,0.295,81.0,6.0,45.0,118.0,315.0,275.0,63.0,9.0,3.0,28.0,0.349,0.415,23.0,0,2.0,,114.0,3,0,11.0,4.0,,39.785234899328856,38.977999999999994
2015,CL,読売ジャイアンツ,51455118,橋本　到,I.Hashimoto,68.0,151.0,137.0,19.0,30.0,11.0,1.0,1.0,46.0,10.0,4,1,3.0,1.0,9.0,0,1.0,35.0,1.0,0.219,0.27,0.336,0.6060000000000001,17.0,0.11700000000000002,0.05100000000000002,0.387,5.960264900662252,23.178807947019866,0.2571428571428571,0.28431372549019607,0.20550000000000002,382.0,0.1897810218978102,0.5277777777777778,0.219,30.0,1.0,10.0,68.0,151.0,137.0,17.0,11.0,1.0,19.0,0.27,0.336,9.0,0,1.0,,46.0,4,1,3.0,1.0,,12.287671232876713,11.894000000000002
2015,CL,中日ドラゴンズ,51455131,松井　雅人,M.Matsui,51.0,146.0,133.0,4.0,18.0,4.0,0.0,0.0,22.0,7.0,2,1,6.0,0.0,5.0,0,2.0,43.0,3.0,0.135,0.179,0.165,0.344,14.0,0.03,0.043999999999999984,0.209,3.4246575342465753,29.45205479452055,0.11627906976744186,0.2,0.12179999999999999,234.0,0.07518796992481203,0.2542372881355932,0.135,18.0,0.0,7.0,51.0,146.0,133.0,14.0,4.0,0.0,4.0,0.179,0.165,5.0,0,2.0,,22.0,2,1,6.0,0.0,,3.6666666666666665,1.0999999999999996
2015,CL,横浜DeNAベイスターズ,51455137,宮﨑　敏郎,T.Miyazaki,58.0,163.0,152.0,13.0,44.0,8.0,0.0,1.0,55.0,10.0,0.0,0,0.0,1.0,6.0,0,4.0,21.0,5.0,0.289,0.331,0.362,0.6930000000000001,35.0,0.07300000000000001,0.04200000000000004,0.404,3.6809815950920246,12.883435582822086,0.2857142857142857,0.3282442748091603,0.23945,451.6666666666667,0.1118421052631579,0.5752212389380531,0.289,44.0,1.0,10.0,58.0,163.0,152.0,35.0,8.0,0.0,13.0,0.331,0.362,6.0,0,4.0,,55.0,0.0,0,0.0,1.0,,17.40506329113924,17.416
2015,CL,読売ジャイアンツ,51555118,笠原　将生,S.Kasahara,20.0,0.0,0.0,0.0,0.0,0.0,0.0,0.0,0.0,0.0,0.0,0,0.0,0.0,0.0,0,0.0,0.0,0.0,,,,0.0,0.0,0.0,0.0,,nan,nan,nan,nan,0.0,0.0,nan,nan,,0.0,0.0,0.0,20.0,0.0,0.0,0.0,0.0,0.0,0.0,,,0.0,0,0.0,,0.0,0.0,0,0.0,0.0,,nan,0.0
2015,CL,中日ドラゴンズ,51555131,小川　龍也,R.Ogawa,2.0,0.0,0.0,0.0,0.0,0.0,0.0,0.0,0.0,0.0,0.0,0,0.0,0.0,0.0,0,0.0,0.0,0.0,,,,0.0,0.0,0.0,0.0,,nan,nan,nan,nan,0.0,0.0,nan,nan,,0.0,0.0,0.0,2.0,0.0,0.0,0.0,0.0,0.0,0.0,,,0.0,0,0.0,,0.0,0.0,0,0.0,0.0,,nan,0.0
2015,CL,横浜DeNAベイスターズ,51555133,大原　慎司,S.Oohara,21.0,0.0,0.0,0.0,0.0,0.0,0.0,0.0,0.0,0.0,0.0,0,0.0,0.0,0.0,0,0.0,0.0,0.0,,,,0.0,0.0,0.0,0.0,,nan,nan,nan,nan,0.0,0.0,nan,nan,,0.0,0.0,0.0,21.0,0.0,0.0,0.0,0.0,0.0,0.0,,,0.0,0,0.0,,0.0,0.0,0,0.0,0.0,,nan,0.0
2015,CL,広島東洋カープ,51655114,前田　健太,K.Maeda,29.0,73.0,62.0,4.0,12.0,2.0,0.0,1.0,17.0,5.0,0.0,0,9.0,0.0,2.0,0,0.0,25.0,1.0,0.194,0.219,0.274,0.493,9.0,0.08000000000000002,0.024999999999999994,0.299,2.73972602739726,34.24657534246575,0.08,0.3055555555555556,0.16705,310.33333333333337,0.11290322580645161,0.37254901960784315,0.194,12.0,1.0,5.0,29.0,73.0,62.0,9.0,2.0,0.0,4.0,0.219,0.274,2.0,0,0.0,,17.0,0.0,0,9.0,0.0,,3.71875,3.139999999999999
2015,CL,読売ジャイアンツ,51655117,矢野　謙次,K.Yano,8.0,14.0,14.0,0.0,1.0,0.0,0.0,0.0,1.0,1.0,0.0,0,0.0,0.0,0.0,0,0.0,3.0,0.0,0.071,0.071,0.071,0.142,1.0,0.0,0.0,0.071,0.0,21.428571428571427,0.0,0.09090909090909091,0.049699999999999994,94.66666666666666,0.0,0.07692307692307693,0.071,1.0,0.0,1.0,8.0,14.0,14.0,1.0,0.0,0.0,0.0,0.071,0.071,0.0,0,0.0,,1.0,0.0,0,0.0,0.0,,0.07142857142857142,-0.774
2015,CL,横浜DeNAベイスターズ,51655118,松本　啓二朗,K.Matsumoto,51.0,85.0,73.0,10.0,20.0,5.0,0.0,1.0,28.0,7.0,0,1,3.0,2.0,7.0,0,0.0,19.0,2.0,0.274,0.329,0.384,0.7130000000000001,14.0,0.10999999999999999,0.05499999999999999,0.439,8.235294117647058,22.35294117647059,0.3684210526315789,0.34545454545454546,0.24405000000000002,457.0,0.2191780821917808,0.6545454545454545,0.274,20.0,1.0,7.0,51.0,85.0,73.0,14.0,5.0,0.0,10.0,0.329,0.384,7.0,0,0.0,,28.0,0,1,3.0,2.0,,9.45,9.335999999999999
2015,CL,中日ドラゴンズ,51655133,三ツ俣　大樹,T.Mitsumata,1.0,0.0,0.0,0.0,0.0,0.0,0.0,0.0,0.0,0.0,0.0,0,0.0,0.0,0.0,0,0.0,0.0,0.0,,,,0.0,0.0,0.0,0.0,,nan,nan,nan,nan,0.0,0.0,nan,nan,,0.0,0.0,0.0,1.0,0.0,0.0,0.0,0.0,0.0,0.0,,,0.0,0,0.0,,0.0,0.0,0,0.0,0.0,,nan,0.0
2015,CL,東京ヤクルトスワローズ,51655135,古野　正人,M.Furuno,27.0,14.0,10.0,1.0,1.0,0.0,0.0,0.0,1.0,2.0,0.0,0,1.0,1.0,2.0,0,0.0,6.0,0.0,0.1,0.231,0.1,0.331,1.0,0.0,0.131,0.231,14.285714285714285,42.857142857142854,0.3333333333333333,0.2,0.12895,264.33333333333337,0.2,0.3333333333333333,0.1,1.0,0.0,2.0,27.0,14.0,10.0,1.0,0.0,0.0,1.0,0.231,0.1,2.0,0,0.0,,1.0,0.0,0,1.0,1.0,,0.25,0.27800000000000014
2015,CL,中日ドラゴンズ,51655137,若松　駿太,S.Wakamatsu,23.0,47.0,41.0,0.0,3.0,0.0,0.0,0.0,3.0,1.0,0.0,0,4.0,0.0,2.0,0,0.0,24.0,0.0,0.073,0.116,0.073,0.189,3.0,0.0,0.04300000000000001,0.116,4.25531914893617,51.06382978723404,0.08333333333333333,0.17647058823529413,0.07045,140.33333333333334,0.04878048780487805,0.13157894736842105,0.073,3.0,0.0,1.0,23.0,47.0,41.0,3.0,0.0,0.0,0.0,0.116,0.073,2.0,0,0.0,,3.0,0.0,0,4.0,0.0,,0.3488372093023256,-1.564
2015,CL,読売ジャイアンツ,51753888,實松　一成,K.Sanematsu,22.0,39.0,33.0,5.0,6.0,0.0,0.0,1.0,9.0,3.0,1,0,2.0,0.0,2.0,0,2.0,9.0,0.0,0.182,0.27,0.273,0.543,5.0,0.09100000000000003,0.08800000000000002,0.361,5.128205128205128,23.076923076923077,0.2222222222222222,0.21739130434782608,0.18975000000000003,361.00000000000006,0.15151515151515152,0.48148148148148145,0.182,6.0,1.0,3.0,22.0,39.0,33.0,5.0,0.0,0.0,5.0,0.27,0.273,2.0,0,2.0,,9.0,1,0,2.0,0.0,,2.057142857142857,2.614
2015,CL,広島東洋カープ,51755116,小窪　哲也,T.Kokubo,69.0,88.0,71.0,2.0,21.0,2.0,0.0,1.0,26.0,15.0,1,0,2.0,0.0,15.0,0,0.0,18.0,2.0,0.296,0.419,0.366,0.7849999999999999,18.0,0.07,0.123,0.489,17.045454545454543,20.454545454545457,0.8333333333333334,0.38461538461538464,0.28005,540.9999999999999,0.28169014084507044,0.7884615384615384,0.296,21.0,1.0,15.0,69.0,88.0,71.0,18.0,2.0,0.0,2.0,0.419,0.366,15.0,0,0.0,,26.0,1,0,2.0,0.0,,10.883720930232558,11.929999999999998
2015,CL,横浜DeNAベイスターズ,51755135,桑原　将志,M.Kuwahara,60.0,116.0,103.0,14.0,19.0,4.0,1.0,1.0,28.0,5.0,1.0,1,8.0,0.0,5.0,0,0.0,26.0,1.0,0.184,0.222,0.272,0.494,13.0,0.08800000000000002,0.038000000000000006,0.31,4.310344827586207,22.413793103448278,0.19230769230769232,0.23684210526315788,0.1679,312.66666666666663,0.14563106796116504,0.4,0.184,19.0,1.0,5.0,60.0,116.0,103.0,13.0,4.0,1.0,14.0,0.222,0.272,5.0,0,0.0,,28.0,1.0,1,8.0,0.0,,6.222222222222222,5.457999999999997
2015,CL,横浜DeNAベイスターズ,51855112,山口　俊,S.Yamaguchi,20.0,33.0,29.0,0.0,0.0,0.0,0.0,0.0,0.0,0.0,0.0,0,4.0,0.0,0.0,0,0.0,17.0,1.0,0.0,0.0,0.0,0.0,0.0,0.0,0.0,0.0,0.0,51.515151515151516,0.0,0.0,0.0,0.0,0.0,0.0,0.0,0.0,0.0,0.0,20.0,33.0,29.0,0.0,0.0,0.0,0.0,0.0,0.0,0.0,0,0.0,,0.0,0.0,0,4.0,0.0,,0.0,-2.842
2015,CL,阪神タイガース,51855139,呉　昇桓,S.O,63.0,0.0,0.0,0.0,0.0,0.0,0.0,0.0,0.0,0.0,0.0,0,0.0,0.0,0.0,0,0.0,0.0,0.0,,,,0.0,0.0,0.0,0.0,,nan,nan,nan,nan,0.0,0.0,nan,nan,,0.0,0.0,0.0,63.0,0.0,0.0,0.0,0.0,0.0,0.0,,,0.0,0,0.0,,0.0,0.0,0,0.0,0.0,,nan,0.0
2015,CL,読売ジャイアンツ,51953886,高橋　由伸,Y.Takahashi,77.0,158.0,133.0,11.0,37.0,5.0,0.0,5.0,57.0,21.0,2,0,0.0,1.0,20.0,0,4.0,39.0,3.0,0.278,0.386,0.429,0.815,27.0,0.15099999999999997,0.10799999999999998,0.5369999999999999,12.658227848101266,24.68354430379747,0.5128205128205128,0.35555555555555557,0.28095000000000003,529.0,0.3007518796992481,0.8181818181818182,0.278,37.0,5.0,21.0,77.0,158.0,133.0,27.0,5.0,0.0,11.0,0.386,0.429,20.0,0,4.0,,57.0,2,0,0.0,1.0,,21.235294117647058,22.811999999999998
2015,CL,読売ジャイアンツ,51955114,坂本　勇人,H.Sakamoto,130.0,558.0,479.0,50.0,129.0,21.0,3.0,12.0,192.0,68.0,10,4,9.0,5.0,65.0,0,0.0,79.0,5.0,0.269,0.353,0.401,0.754,93.0,0.132,0.08399999999999996,0.485,11.648745519713263,14.157706093189965,0.8227848101265823,0.29770992366412213,0.2591,486.6666666666667,0.2755741127348643,0.7352112676056338,0.269,129.0,12.0,68.0,130.0,558.0,479.0,93.0,21.0,3.0,50.0,0.353,0.401,65.0,0,0.0,,192.0,10,4,9.0,5.0,,68.47058823529412,69.88999999999999
2015,CL,阪神タイガース,51955131,田上　健一,K.Tagami,9.0,1.0,1.0,3.0,0.0,0.0,0.0,0.0,0.0,0.0,0.0,0,0.0,0.0,0.0,0,0.0,0.0,0.0,0.0,0.0,0.0,0.0,0.0,0.0,0.0,0.0,0.0,0.0,nan,0.0,0.0,0.0,0.0,0.0,0.0,0.0,0.0,0.0,9.0,1.0,1.0,0.0,0.0,0.0,3.0,0.0,0.0,0.0,0,0.0,,0.0,0.0,0,0.0,0.0,,0.0,-0.098
2015,CL,読売ジャイアンツ,51955133,小山　雄輝,Y.Koyama,7.0,4.0,4.0,0.0,1.0,0.0,0.0,0.0,1.0,0.0,0.0,0,0.0,0.0,0.0,0,0.0,3.0,0.0,0.25,0.25,0.25,0.5,1.0,0.0,0.0,0.25,0.0,75.0,0.0,1.0,0.175,333.3333333333333,0.0,0.3333333333333333,0.25,1.0,0.0,0.0,7.0,4.0,4.0,1.0,0.0,0.0,0.0,0.25,0.25,0.0,0,0.0,,1.0,0.0,0,0.0,0.0,,0.25,0.20599999999999996
2015,CL,阪神タイガース,53155130,横山　雄哉,Y.Yokoyama,4.0,2.0,2.0,0.0,0.0,0.0,0.0,0.0,0.0,0.0,0.0,0,0.0,0.0,0.0,0,0.0,0.0,0.0,0.0,0.0,0.0,0.0,0.0,0.0,0.0,0.0,0.0,0.0,nan,0.0,0.0,0.0,0.0,0.0,0.0,0.0,0.0,0.0,4.0,2.0,2.0,0.0,0.0,0.0,0.0,0.0,0.0,0.0,0,0.0,,0.0,0.0,0,0.0,0.0,,0.0,-0.196
2015,CL,阪神タイガース,53155131,M.マートン,M.Murton,140.0,583.0,544.0,46.0,150.0,27.0,0.0,9.0,204.0,59.0,0,1,0.0,5.0,31.0,0,3.0,77.0,21.0,0.276,0.316,0.375,0.6910000000000001,114.0,0.09899999999999998,0.03999999999999998,0.415,5.317324185248713,13.20754716981132,0.4025974025974026,0.3045356371490281,0.23595,441.0,0.15808823529411764,0.5759036144578313,0.276,150.0,9.0,59.0,140.0,583.0,544.0,114.0,27.0,0.0,46.0,0.316,0.375,31.0,0,3.0,,204.0,0,1,0.0,5.0,,64.21565217391304,62.187999999999995
2015,CL,中日ドラゴンズ,53155137,H.ルナ,H.Luna,134.0,564.0,496.0,61.0,145.0,26.0,1.0,8.0,197.0,60.0,11,0,0.0,6.0,57.0,0,5.0,77.0,13.0,0.292,0.367,0.397,0.764,110.0,0.10500000000000004,0.07500000000000001,0.472,10.106382978723403,13.652482269503546,0.7402597402597403,0.328537170263789,0.26439999999999997,499.3333333333333,0.21975806451612903,0.7115384615384616,0.292,145.0,8.0,60.0,134.0,564.0,496.0,110.0,26.0,1.0,61.0,0.367,0.397,57.0,0,5.0,,197.0,11,0,0.0,6.0,,71.96021699819168,72.34200000000001
2015,CL,広島東洋カープ,53355130,K.ジョンソン,K.Johnson,28.0,64.0,60.0,5.0,9.0,1.0,0.0,0.0,10.0,1.0,0.0,0,2.0,0.0,2.0,0,0.0,29.0,0.0,0.15,0.177,0.167,0.344,8.0,0.017000000000000015,0.026999999999999996,0.194,3.125,45.3125,0.06896551724137931,0.2903225806451613,0.12140000000000001,232.66666666666666,0.05,0.23529411764705882,0.15,9.0,0.0,1.0,28.0,64.0,60.0,8.0,1.0,0.0,5.0,0.177,0.167,2.0,0,0.0,,10.0,0.0,0,2.0,0.0,,1.7741935483870968,0.3819999999999997
2015,CL,広島東洋カープ,53355139,R.ロサリオ,R.Rosario,42.0,136.0,124.0,9.0,32.0,5.0,0.0,2.0,43.0,12.0,1.0,1,0.0,0.0,11.0,0,1.0,23.0,1.0,0.258,0.324,0.347,0.671,25.0,0.08899999999999997,0.066,0.413,8.088235294117647,16.911764705882355,0.4782608695652174,0.30303030303030304,0.23255,439.66666666666663,0.18548387096774194,0.6021505376344086,0.258,32.0,2.0,12.0,42.0,136.0,124.0,25.0,5.0,0.0,9.0,0.324,0.347,11.0,0,1.0,,43.0,1.0,1,0.0,0.0,,13.696296296296296,14.104000000000001
2015,CL,読売ジャイアンツ,53555130,M.マイコラス,M.Mikolas,21.0,54.0,49.0,5.0,7.0,2.0,0.0,0.0,9.0,3.0,0,1,4.0,0.0,1.0,0,0.0,22.0,1.0,0.143,0.16,0.184,0.344,5.0,0.04100000000000001,0.017000000000000015,0.201,1.8518518518518516,40.74074074074074,0.045454545454545456,0.25925925925925924,0.11800000000000001,221.33333333333331,0.08163265306122448,0.2558139534883721,0.143,7.0,0.0,3.0,21.0,54.0,49.0,5.0,2.0,0.0,5.0,0.16,0.184,1.0,0,0.0,,9.0,0,1,4.0,0.0,,1.44,0.33399999999999874
2015,CL,東京ヤクルトスワローズ,53755130,M.デニング,M.Dening,64.0,227.0,194.0,13.0,43.0,12.0,0.0,4.0,67.0,22.0,0,1,0.0,2.0,23.0,0,8.0,43.0,2.0,0.222,0.326,0.345,0.671,27.0,0.12299999999999997,0.10400000000000001,0.4489999999999999,10.13215859030837,18.94273127753304,0.5348837209302325,0.26174496644295303,0.23295,441.0,0.24742268041237114,0.6470588235294118,0.222,43.0,4.0,22.0,64.0,227.0,194.0,27.0,12.0,0.0,13.0,0.326,0.345,23.0,0,8.0,,67.0,0,1,0.0,2.0,,20.377880184331797,23.511999999999993
2015,CL,阪神タイガース,61065110,能見　篤史,A.Noumi,27.0,59.0,54.0,2.0,7.0,1.0,0.0,0.0,8.0,2.0,0.0,0,4.0,0.0,1.0,0,0.0,27.0,3.0,0.13,0.145,0.148,0.293,6.0,0.017999999999999988,0.014999999999999986,0.1629999999999999,1.694915254237288,45.76271186440678,0.037037037037037035,0.25925925925925924,0.10225000000000001,194.33333333333334,0.037037037037037035,0.18,0.13,7.0,0.0,2.0,27.0,59.0,54.0,6.0,1.0,0.0,2.0,0.145,0.148,1.0,0,0.0,,8.0,0.0,0,4.0,0.0,,1.1636363636363636,-0.556
2015,CL,中日ドラゴンズ,61065117,武山　真吾,S.Takeyama,11.0,27.0,22.0,1.0,2.0,0.0,0.0,0.0,2.0,0.0,0.0,0,1.0,0.0,4.0,0,0.0,8.0,1.0,0.091,0.231,0.091,0.322,2.0,0.0,0.14,0.231,14.814814814814813,29.629629629629626,0.5,0.14285714285714285,0.1267,261.33333333333337,0.18181818181818182,0.2857142857142857,0.091,2.0,0.0,0.0,11.0,27.0,22.0,2.0,0.0,0.0,1.0,0.231,0.091,4.0,0,0.0,,2.0,0.0,0,1.0,0.0,,0.46153846153846156,0.3600000000000003
2015,CL,読売ジャイアンツ,61065135,田原　誠次,S.Tahara,18.0,0.0,0.0,0.0,0.0,0.0,0.0,0.0,0.0,0.0,0.0,0,0.0,0.0,0.0,0,0.0,0.0,0.0,,,,0.0,0.0,0.0,0.0,,nan,nan,nan,nan,0.0,0.0,nan,nan,,0.0,0.0,0.0,18.0,0.0,0.0,0.0,0.0,0.0,0.0,,,0.0,0,0.0,,0.0,0.0,0,0.0,0.0,,nan,0.0
2015,CL,東京ヤクルトスワローズ,61165112,飯原　誉士,Y.Iihara,18.0,34.0,32.0,2.0,7.0,1.0,0.0,0.0,8.0,3.0,0.0,0,0.0,1.0,1.0,0,0.0,9.0,1.0,0.219,0.235,0.25,0.485,6.0,0.031,0.015999999999999986,0.266,2.941176470588235,26.47058823529412,0.1111111111111111,0.2916666666666667,0.16825,318.3333333333333,0.0625,0.34615384615384615,0.219,7.0,0.0,3.0,18.0,34.0,32.0,6.0,1.0,0.0,2.0,0.235,0.25,1.0,0,0.0,,8.0,0.0,0,0.0,1.0,,1.9393939393939394,1.5999999999999996
2015,CL,東京ヤクルトスワローズ,61165114,今浪　隆博,T.Imanami,68.0,139.0,123.0,13.0,39.0,8.0,0.0,2.0,53.0,13.0,1,0,3.0,1.0,12.0,0,0.0,14.0,1.0,0.317,0.375,0.431,0.806,29.0,0.11399999999999999,0.057999999999999996,0.489,8.633093525179856,10.071942446043165,0.8571428571428571,0.3425925925925926,0.2765,518.6666666666666,0.21138211382113822,0.7647058823529411,0.317,39.0,2.0,13.0,68.0,139.0,123.0,29.0,8.0,0.0,13.0,0.375,0.431,12.0,0,0.0,,53.0,1,0,3.0,1.0,,20.022222222222222,18.867999999999995
2015,CL,横浜DeNAベイスターズ,61165137,井納　翔一,S.Inou,21.0,42.0,40.0,1.0,4.0,0.0,0.0,0.0,4.0,1.0,0.0,0,2.0,0.0,0.0,0,0.0,18.0,0.0,0.1,0.1,0.1,0.2,4.0,0.0,0.0,0.1,0.0,42.857142857142854,0.0,0.18181818181818182,0.07,133.33333333333334,0.0,0.1111111111111111,0.1,4.0,0.0,1.0,21.0,42.0,40.0,4.0,0.0,0.0,1.0,0.1,0.1,0.0,0,0.0,,4.0,0.0,0,2.0,0.0,,0.4,-1.528
2015,CL,中日ドラゴンズ,61265112,平田　良介,R.Hirata,130.0,559.0,491.0,76.0,139.0,27.0,3.0,13.0,211.0,53.0,11,7,1.0,0.0,64.0,0,3.0,86.0,5.0,0.283,0.369,0.43,0.7989999999999999,96.0,0.14700000000000002,0.08600000000000002,0.516,11.449016100178891,15.384615384615385,0.7441860465116279,0.32142857142857145,0.27355,512.3333333333333,0.29124236252545826,0.7983193277310925,0.283,139.0,13.0,53.0,130.0,559.0,491.0,96.0,27.0,3.0,76.0,0.369,0.43,64.0,0,3.0,,211.0,11,7,1.0,0.0,,77.17657657657658,78.154
2015,CL,広島東洋カープ,61265114,中東　直己,N.Nakahigashi,9.0,4.0,3.0,1.0,0.0,0.0,0.0,0.0,0.0,0.0,0.0,0,1.0,0.0,0.0,0,0.0,1.0,0.0,0.0,0.0,0.0,0.0,0.0,0.0,0.0,0.0,0.0,25.0,0.0,0.0,0.0,0.0,0.0,0.0,0.0,0.0,0.0,0.0,9.0,4.0,3.0,0.0,0.0,0.0,1.0,0.0,0.0,0.0,0,0.0,,0.0,0.0,0,1.0,0.0,,0.0,-0.29400000000000004
2015,CL,中日ドラゴンズ,61265139,又吉　克樹,K.Matayoshi,63.0,0.0,0.0,0.0,0.0,0.0,0.0,0.0,0.0,0.0,0.0,0,0.0,0.0,0.0,0,0.0,0.0,0.0,,,,0.0,0.0,0.0,0.0,,nan,nan,nan,nan,0.0,0.0,nan,nan,,0.0,0.0,0.0,63.0,0.0,0.0,0.0,0.0,0.0,0.0,,,0.0,0,0.0,,0.0,0.0,0,0.0,0.0,,nan,0.0
2015,CL,広島東洋カープ,61365139,大瀬良　大地,D.Oosera,51.0,23.0,22.0,0.0,0.0,0.0,0.0,0.0,0.0,0.0,0.0,0,0.0,0.0,1.0,0,0.0,13.0,0.0,0.0,0.043,0.0,0.043,0.0,0.0,0.043,0.043,4.3478260869565215,56.52173913043478,0.07692307692307693,0.0,0.01935,43.0,0.045454545454545456,0.045454545454545456,0.0,0.0,0.0,0.0,51.0,23.0,22.0,0.0,0.0,0.0,0.0,0.043,0.0,1.0,0,0.0,,0.0,0.0,0,0.0,0.0,,0.0,-1.826
2015,CL,阪神タイガース,61465112,大和,Y.Yamato（maeda,123.0,293.0,249.0,25.0,56.0,5.0,0.0,0.0,61.0,12.0,5,7,28.0,0.0,12.0,0,4.0,35.0,2.0,0.225,0.272,0.245,0.517,51.0,0.01999999999999999,0.047000000000000014,0.292,4.09556313993174,11.945392491467576,0.34285714285714286,0.2616822429906542,0.18365,353.6666666666667,0.0963855421686747,0.4307692307692308,0.225,56.0,0.0,12.0,123.0,293.0,249.0,51.0,5.0,0.0,25.0,0.272,0.245,12.0,0,4.0,,61.0,5,7,28.0,0.0,,15.89272030651341,16.726
2015,CL,東京ヤクルトスワローズ,61465135,比屋根　渉,W.Hiyane,84.0,240.0,209.0,42.0,48.0,6.0,0.0,3.0,63.0,9.0,6,2,10.0,0.0,17.0,0,4.0,38.0,2.0,0.23,0.3,0.301,0.601,39.0,0.07099999999999998,0.06999999999999998,0.371,7.083333333333333,15.833333333333332,0.4473684210526316,0.26785714285714285,0.21025,400.3333333333333,0.16267942583732056,0.5276073619631901,0.23,48.0,3.0,9.0,84.0,240.0,209.0,39.0,6.0,0.0,42.0,0.3,0.301,17.0,0,4.0,,63.0,6,2,10.0,0.0,,18.11946902654867,19.652
2015,CL,横浜DeNAベイスターズ,61565110,久保　康友,Y.Kubo,21.0,34.0,28.0,1.0,2.0,0.0,0.0,0.0,2.0,0.0,0.0,0,5.0,0.0,1.0,0,0.0,17.0,0.0,0.071,0.103,0.071,0.174,2.0,0.0,0.032,0.103,2.941176470588235,50.0,0.058823529411764705,0.18181818181818182,0.06409999999999999,126.66666666666664,0.03571428571428571,0.11538461538461539,0.071,2.0,0.0,0.0,21.0,34.0,28.0,2.0,0.0,0.0,1.0,0.103,0.071,1.0,0,0.0,,2.0,0.0,0,5.0,0.0,,0.20689655172413793,-1.218
2015,CL,横浜DeNAベイスターズ,61565114,梶谷　隆幸,T.Kajitani,134.0,578.0,520.0,70.0,143.0,35.0,2.0,13.0,221.0,66.0,28,13,2.0,2.0,54.0,0,0.0,132.0,4.0,0.275,0.342,0.425,0.767,93.0,0.14999999999999997,0.067,0.492,9.342560553633218,22.837370242214533,0.4090909090909091,0.3448275862068966,0.26015,483.6666666666667,0.27884615384615385,0.7559055118110236,0.275,143.0,13.0,66.0,134.0,578.0,520.0,93.0,35.0,2.0,70.0,0.342,0.425,54.0,0,0.0,,221.0,28,13,2.0,2.0,,75.84843205574913,75.714
2015,CL,阪神タイガース,61565119,坂　克彦,K.Saka,87.0,46.0,40.0,2.0,7.0,0.0,1.0,0.0,9.0,2.0,1,0,2.0,0.0,3.0,0,1.0,13.0,0.0,0.175,0.25,0.225,0.475,6.0,0.05000000000000002,0.07500000000000001,0.3,6.521739130434782,28.26086956521739,0.23076923076923078,0.25925925925925924,0.16875,325.0,0.125,0.3939393939393939,0.175,7.0,0.0,2.0,87.0,46.0,40.0,6.0,0.0,1.0,2.0,0.25,0.225,3.0,0,1.0,,9.0,1,0,2.0,0.0,,2.0930232558139537,2.1260000000000003
2015,CL,広島東洋カープ,61565135,菊池　涼介,R.Kikuchi,143.0,644.0,562.0,62.0,143.0,20.0,3.0,8.0,193.0,32.0,19,9,49.0,2.0,29.0,0,2.0,92.0,7.0,0.254,0.292,0.343,0.635,112.0,0.08900000000000002,0.03799999999999998,0.381,4.503105590062112,14.285714285714285,0.31521739130434784,0.29094827586206895,0.21715,406.3333333333333,0.15658362989323843,0.5469483568075117,0.254,143.0,8.0,32.0,143.0,644.0,562.0,112.0,20.0,3.0,62.0,0.292,0.343,29.0,0,2.0,,193.0,19,9,49.0,2.0,,56.169204737732656,55.82800000000001
2015,CL,中日ドラゴンズ,61665112,八木　智哉,T.Yagi,14.0,17.0,16.0,1.0,2.0,0.0,0.0,0.0,2.0,0.0,0.0,0,0.0,0.0,1.0,0,0.0,3.0,0.0,0.125,0.176,0.125,0.301,2.0,0.0,0.05099999999999999,0.176,5.88235294117647,17.647058823529413,0.3333333333333333,0.15384615384615385,0.11044999999999999,217.66666666666666,0.0625,0.21428571428571427,0.125,2.0,0.0,0.0,14.0,17.0,16.0,2.0,0.0,0.0,1.0,0.176,0.125,1.0,0,0.0,,2.0,0.0,0,0.0,0.0,,0.35294117647058826,-0.04200000000000004
2015,CL,読売ジャイアンツ,61665118,矢貫　俊之,T.Yanuki,3.0,0.0,0.0,0.0,0.0,0.0,0.0,0.0,0.0,0.0,0.0,0,0.0,0.0,0.0,0,0.0,0.0,0.0,,,,0.0,0.0,0.0,0.0,,nan,nan,nan,nan,0.0,0.0,nan,nan,,0.0,0.0,0.0,3.0,0.0,0.0,0.0,0.0,0.0,0.0,,,0.0,0,0.0,,0.0,0.0,0,0.0,0.0,,nan,0.0
2015,CL,中日ドラゴンズ,61665133,武藤　祐太,Y.Mutou,8.0,6.0,5.0,0.0,0.0,0.0,0.0,0.0,0.0,0.0,0.0,0,1.0,0.0,0.0,0,0.0,1.0,0.0,0.0,0.0,0.0,0.0,0.0,0.0,0.0,0.0,0.0,16.666666666666664,0.0,0.0,0.0,0.0,0.0,0.0,0.0,0.0,0.0,0.0,8.0,6.0,5.0,0.0,0.0,0.0,0.0,0.0,0.0,0.0,0,0.0,,0.0,0.0,0,1.0,0.0,,0.0,-0.49
2015,CL,読売ジャイアンツ,61763884,鈴木　尚広,T.Suzuki,65.0,22.0,17.0,22.0,5.0,1.0,0.0,1.0,9.0,4.0,10,1,2.0,0.0,2.0,0,1.0,4.0,0.0,0.294,0.4,0.529,0.929,3.0,0.23500000000000004,0.10600000000000004,0.635,9.090909090909092,18.181818181818183,0.5,0.3333333333333333,0.31225,576.3333333333334,0.4117647058823529,1.0833333333333333,0.294,5.0,1.0,4.0,65.0,22.0,17.0,3.0,1.0,0.0,22.0,0.4,0.529,2.0,0,1.0,,9.0,10,1,2.0,0.0,,3.3157894736842106,3.653999999999999
2015,CL,阪神タイガース,61765135,歳内　宏明,H.Saiuchi,29.0,0.0,0.0,0.0,0.0,0.0,0.0,0.0,0.0,0.0,0.0,0,0.0,0.0,0.0,0,0.0,0.0,0.0,,,,0.0,0.0,0.0,0.0,,nan,nan,nan,nan,0.0,0.0,nan,nan,,0.0,0.0,0.0,29.0,0.0,0.0,0.0,0.0,0.0,0.0,,,0.0,0,0.0,,0.0,0.0,0,0.0,0.0,,nan,0.0
2015,CL,中日ドラゴンズ,61765137,杉山　翔大,S.Sugiyama,64.0,161.0,153.0,8.0,28.0,3.0,0.0,3.0,40.0,17.0,1.0,1,3.0,0.0,3.0,0,2.0,33.0,3.0,0.183,0.209,0.261,0.47,22.0,0.07800000000000001,0.025999999999999995,0.287,1.8633540372670807,20.496894409937887,0.09090909090909091,0.21367521367521367,0.1593,296.0,0.10457516339869281,0.359375,0.183,28.0,3.0,17.0,64.0,161.0,153.0,22.0,3.0,0.0,8.0,0.209,0.261,3.0,0,2.0,,40.0,1.0,1,3.0,0.0,,7.948717948717949,7.059999999999999
2015,CL,東京ヤクルトスワローズ,61765139,杉浦　稔大,T.Sugiura,7.0,12.0,11.0,0.0,0.0,0.0,0.0,0.0,0.0,0.0,0.0,0,1.0,0.0,0.0,0,0.0,7.0,1.0,0.0,0.0,0.0,0.0,0.0,0.0,0.0,0.0,0.0,58.333333333333336,0.0,0.0,0.0,0.0,0.0,0.0,0.0,0.0,0.0,0.0,7.0,12.0,11.0,0.0,0.0,0.0,0.0,0.0,0.0,0.0,0,0.0,,0.0,0.0,0,1.0,0.0,,0.0,-1.078
2015,CL,阪神タイガース,61963888,福留　孝介,K.Fukudome,140.0,569.0,495.0,53.0,139.0,24.0,3.0,20.0,229.0,76.0,1,2,1.0,7.0,65.0,0,1.0,75.0,15.0,0.281,0.361,0.463,0.8240000000000001,92.0,0.182,0.07999999999999996,0.5429999999999999,11.423550087873462,13.181019332161686,0.8666666666666667,0.29238329238329236,0.2782,515.3333333333333,0.31717171717171716,0.8005390835579514,0.281,139.0,20.0,76.0,140.0,569.0,495.0,92.0,24.0,3.0,53.0,0.361,0.463,65.0,0,1.0,,229.0,1,2,1.0,7.0,,83.42142857142858,82.452
2015,CL,広島東洋カープ,61965131,堂林　翔太,S.Doubayashi,33.0,73.0,69.0,5.0,18.0,2.0,0.0,0.0,20.0,3.0,1,0,1.0,0.0,3.0,0,0.0,16.0,1.0,0.261,0.292,0.29,0.582,16.0,0.02899999999999997,0.030999999999999972,0.3209999999999999,4.10958904109589,21.91780821917808,0.1875,0.33962264150943394,0.20389999999999997,388.6666666666667,0.07246376811594203,0.4423076923076923,0.261,18.0,0.0,3.0,33.0,73.0,69.0,16.0,2.0,0.0,5.0,0.292,0.29,3.0,0,0.0,,20.0,1,0,1.0,0.0,,5.833333333333333,5.4319999999999995
2015,CL,広島東洋カープ,61965139,田中　広輔,K.Tanaka,141.0,590.0,543.0,61.0,149.0,33.0,9.0,8.0,224.0,45.0,6,7,5.0,1.0,34.0,0,7.0,105.0,8.0,0.274,0.325,0.413,0.738,99.0,0.13899999999999996,0.05099999999999999,0.4639999999999999,5.762711864406779,17.796610169491526,0.3238095238095238,0.3271461716937355,0.2495,462.6666666666667,0.2136279926335175,0.6766169154228856,0.274,149.0,8.0,45.0,141.0,590.0,543.0,99.0,33.0,9.0,61.0,0.325,0.413,34.0,0,7.0,,224.0,6,7,5.0,1.0,,71.04332755632582,70.31799999999998
2015,CL,読売ジャイアンツ,63165135,S.マシソン,S.Mathieson,63.0,0.0,0.0,0.0,0.0,0.0,0.0,0.0,0.0,0.0,0.0,0,0.0,0.0,0.0,0,0.0,0.0,0.0,,,,0.0,0.0,0.0,0.0,,nan,nan,nan,nan,0.0,0.0,nan,nan,,0.0,0.0,0.0,63.0,0.0,0.0,0.0,0.0,0.0,0.0,,,0.0,0,0.0,,0.0,0.0,0,0.0,0.0,,nan,0.0
2015,CL,横浜DeNAベイスターズ,63165139,G.モスコーソ,G.Moscoso,15.0,15.0,13.0,0.0,3.0,0.0,0.0,0.0,3.0,1.0,0.0,0,2.0,0.0,0.0,0,0.0,6.0,0.0,0.231,0.231,0.231,0.462,3.0,0.0,0.0,0.231,0.0,40.0,0.0,0.42857142857142855,0.1617,308.0,0.0,0.3,0.231,3.0,0.0,1.0,15.0,15.0,13.0,3.0,0.0,0.0,0.0,0.231,0.231,0.0,0,0.0,,3.0,0.0,0,2.0,0.0,,0.6923076923076923,0.52
2015,CL,中日ドラゴンズ,63765130,D.ネイラー,D.Naylor,10.0,17.0,14.0,2.0,1.0,0.0,0.0,1.0,4.0,1.0,0.0,0,2.0,0.0,1.0,0,0.0,9.0,0.0,0.071,0.133,0.286,0.419,0.0,0.21499999999999997,0.06200000000000001,0.348,5.88235294117647,52.94117647058824,0.1111111111111111,0.0,0.13135,228.33333333333334,0.2857142857142857,0.38461538461538464,0.071,1.0,1.0,1.0,10.0,17.0,14.0,0.0,0.0,0.0,2.0,0.133,0.286,1.0,0,0.0,,4.0,0.0,0,2.0,0.0,,0.5333333333333333,0.496
2015,CL,横浜DeNAベイスターズ,71075133,須田　幸太,K.Suda,29.0,11.0,7.0,0.0,1.0,0.0,0.0,0.0,1.0,0.0,0.0,0,3.0,0.0,1.0,0,0.0,3.0,0.0,0.143,0.25,0.143,0.393,1.0,0.0,0.10700000000000001,0.25,9.090909090909092,27.27272727272727,0.3333333333333333,0.25,0.14825,297.66666666666663,0.14285714285714285,0.3333333333333333,0.143,1.0,0.0,0.0,29.0,11.0,7.0,1.0,0.0,0.0,0.0,0.25,0.143,1.0,0,0.0,,1.0,0.0,0,3.0,0.0,,0.25,0.242
2015,CL,中日ドラゴンズ,71075137,濱田　達郎,T.Hamada,4.0,5.0,5.0,0.0,0.0,0.0,0.0,0.0,0.0,0.0,0.0,0,0.0,0.0,0.0,0,0.0,2.0,0.0,0.0,0.0,0.0,0.0,0.0,0.0,0.0,0.0,0.0,40.0,0.0,0.0,0.0,0.0,0.0,0.0,0.0,0.0,0.0,0.0,4.0,5.0,5.0,0.0,0.0,0.0,0.0,0.0,0.0,0.0,0,0.0,,0.0,0.0,0,0.0,0.0,,0.0,-0.49
2015,CL,中日ドラゴンズ,71173882,荒木　雅博,M.Araki,97.0,238.0,211.0,23.0,53.0,10.0,0.0,0.0,63.0,13.0,9,1,6.0,1.0,20.0,0,0.0,31.0,1.0,0.251,0.315,0.299,0.614,43.0,0.04799999999999999,0.064,0.363,8.403361344537815,13.025210084033615,0.6451612903225806,0.292817679558011,0.21650000000000003,414.6666666666667,0.14691943127962084,0.5283018867924528,0.251,53.0,0.0,13.0,97.0,238.0,211.0,43.0,10.0,0.0,23.0,0.315,0.299,20.0,0,0.0,,63.0,9,1,6.0,1.0,,19.90909090909091,19.995999999999995
2015,CL,中日ドラゴンズ,71175114,浅尾　拓也,T.Asao,36.0,0.0,0.0,0.0,0.0,0.0,0.0,0.0,0.0,0.0,0.0,0,0.0,0.0,0.0,0,0.0,0.0,0.0,,,,0.0,0.0,0.0,0.0,,nan,nan,nan,nan,0.0,0.0,nan,nan,,0.0,0.0,0.0,36.0,0.0,0.0,0.0,0.0,0.0,0.0,,,0.0,0,0.0,,0.0,0.0,0,0.0,0.0,,nan,0.0
2015,CL,横浜DeNAベイスターズ,71175137,安部　建輝,T.Abe,5.0,1.0,1.0,0.0,0.0,0.0,0.0,0.0,0.0,0.0,0.0,0,0.0,0.0,0.0,0,0.0,1.0,0.0,0.0,0.0,0.0,0.0,0.0,0.0,0.0,0.0,0.0,100.0,0.0,nan,0.0,0.0,0.0,0.0,0.0,0.0,0.0,0.0,5.0,1.0,1.0,0.0,0.0,0.0,0.0,0.0,0.0,0.0,0,0.0,,0.0,0.0,0,0.0,0.0,,0.0,-0.098
2015,CL,東京ヤクルトスワローズ,71375114,上田　剛史,T.Ueda,82.0,238.0,209.0,18.0,55.0,2.0,2.0,1.0,64.0,19.0,8,1,11.0,2.0,14.0,0,2.0,29.0,5.0,0.263,0.313,0.306,0.619,50.0,0.04299999999999998,0.04999999999999999,0.356,5.88235294117647,12.184873949579831,0.4827586206896552,0.2983425414364641,0.21735,415.0,0.11483253588516747,0.5094339622641509,0.263,55.0,1.0,19.0,82.0,238.0,209.0,50.0,2.0,2.0,18.0,0.313,0.306,14.0,0,2.0,,64.0,8,1,11.0,2.0,,19.80269058295964,20.328000000000003
2015,CL,横浜DeNAベイスターズ,71375116,内村　賢介,K.Uchimura,28.0,46.0,39.0,8.0,7.0,0.0,0.0,0.0,7.0,1.0,2,1,5.0,0.0,2.0,0,0.0,9.0,0.0,0.179,0.22,0.179,0.399,7.0,0.0,0.04100000000000001,0.22,4.3478260869565215,19.565217391304348,0.2222222222222222,0.23333333333333334,0.14375,279.6666666666667,0.07692307692307693,0.3125,0.179,7.0,0.0,1.0,28.0,46.0,39.0,7.0,0.0,0.0,8.0,0.22,0.179,2.0,0,0.0,,7.0,2,1,5.0,0.0,,1.5365853658536586,1.2039999999999997
2015,CL,広島東洋カープ,71375118,岩本　貴裕,T.Iwamoto,7.0,10.0,10.0,1.0,3.0,1.0,0.0,0.0,4.0,0.0,0.0,0,0.0,0.0,0.0,0,0.0,1.0,0.0,0.3,0.3,0.4,0.7,2.0,0.10000000000000003,0.0,0.4,0.0,10.0,0.0,0.3333333333333333,0.23500000000000001,433.33333333333337,0.1,0.5714285714285714,0.3,3.0,0.0,0.0,7.0,10.0,10.0,2.0,1.0,0.0,1.0,0.3,0.4,0.0,0,0.0,,4.0,0.0,0,0.0,0.0,,1.2,1.0339999999999998
2015,CL,中日ドラゴンズ,71375130,井領　雅貴,M.Iryou,9.0,7.0,7.0,1.0,0.0,0.0,0.0,0.0,0.0,0.0,1,0,0.0,0.0,0.0,0,0.0,3.0,1.0,0.0,0.0,0.0,0.0,0.0,0.0,0.0,0.0,0.0,42.857142857142854,0.0,0.0,0.0,0.0,0.0,0.0,0.0,0.0,0.0,0.0,9.0,7.0,7.0,0.0,0.0,0.0,1.0,0.0,0.0,0.0,0,0.0,,0.0,1,0,0.0,0.0,,0.0,-0.686
2015,CL,阪神タイガース,71375133,岩本　輝,A.Iwamoto,13.0,9.0,7.0,0.0,0.0,0.0,0.0,0.0,0.0,0.0,0.0,0,1.0,0.0,1.0,0,0.0,3.0,1.0,0.0,0.125,0.0,0.125,0.0,0.0,0.125,0.125,11.11111111111111,33.33333333333333,0.3333333333333333,0.0,0.05625,125.0,0.14285714285714285,0.125,0.0,0.0,0.0,0.0,13.0,9.0,7.0,0.0,0.0,0.0,0.0,0.125,0.0,1.0,0,0.0,,0.0,0.0,0,1.0,0.0,,0.0,-0.35600000000000004
2015,CL,東京ヤクルトスワローズ,71375139,岩橋　慶侍,K.Iwahashi,1.0,0.0,0.0,0.0,0.0,0.0,0.0,0.0,0.0,0.0,0.0,0,0.0,0.0,0.0,0,0.0,0.0,0.0,,,,0.0,0.0,0.0,0.0,,nan,nan,nan,nan,0.0,0.0,nan,nan,,0.0,0.0,0.0,1.0,0.0,0.0,0.0,0.0,0.0,0.0,,,0.0,0,0.0,,0.0,0.0,0,0.0,0.0,,nan,0.0
2015,CL,中日ドラゴンズ,71475131,松井　佑介,Y.Matsui,30.0,32.0,31.0,0.0,6.0,0.0,0.0,0.0,6.0,0.0,0.0,0,1.0,0.0,0.0,0,0.0,6.0,0.0,0.194,0.194,0.194,0.388,6.0,0.0,0.0,0.194,0.0,18.75,0.0,0.24,0.1358,258.66666666666663,0.0,0.24,0.194,6.0,0.0,0.0,30.0,32.0,31.0,6.0,0.0,0.0,0.0,0.194,0.194,0.0,0,0.0,,6.0,0.0,0,1.0,0.0,,1.1612903225806452,0.5499999999999998
2015,CL,中日ドラゴンズ,71475135,西川　健太郎,K.Nishikawa,6.0,0.0,0.0,0.0,0.0,0.0,0.0,0.0,0.0,0.0,0.0,0,0.0,0.0,0.0,0,0.0,0.0,0.0,,,,0.0,0.0,0.0,0.0,,nan,nan,nan,nan,0.0,0.0,nan,nan,,0.0,0.0,0.0,6.0,0.0,0.0,0.0,0.0,0.0,0.0,,,0.0,0,0.0,,0.0,0.0,0,0.0,0.0,,nan,0.0
2015,CL,横浜DeNAベイスターズ,71475139,嶺井　博希,H.Minei,74.0,208.0,186.0,18.0,44.0,8.0,1.0,5.0,69.0,26.0,0.0,0,3.0,2.0,12.0,0,5.0,46.0,2.0,0.237,0.298,0.371,0.669,30.0,0.134,0.061,0.432,5.769230769230769,22.115384615384613,0.2608695652173913,0.2846715328467153,0.22685,421.66666666666663,0.1989247311827957,0.5972222222222222,0.237,44.0,5.0,26.0,74.0,208.0,186.0,30.0,8.0,1.0,18.0,0.298,0.371,12.0,0,5.0,,69.0,0.0,0,3.0,2.0,,19.515151515151516,20.694
2015,CL,中日ドラゴンズ,71575135,亀澤　恭平,K.Kamezawa,107.0,376.0,331.0,30.0,89.0,6.0,2.0,0.0,99.0,12.0,9,8,27.0,1.0,15.0,0,2.0,44.0,3.0,0.269,0.304,0.299,0.603,81.0,0.02999999999999997,0.034999999999999976,0.3339999999999999,3.9893617021276597,11.702127659574469,0.3409090909090909,0.3090277777777778,0.21155000000000002,403.6666666666667,0.09969788519637462,0.5061224489795918,0.269,89.0,0.0,12.0,107.0,376.0,331.0,81.0,6.0,2.0,30.0,0.304,0.299,15.0,0,2.0,,99.0,9,8,27.0,1.0,,29.75722543352601,30.233999999999995
2015,CL,広島東洋カープ,71775139,九里　亜蓮,A.Kuri,7.0,2.0,2.0,0.0,0.0,0.0,0.0,0.0,0.0,0.0,0.0,0,0.0,0.0,0.0,0,0.0,2.0,0.0,0.0,0.0,0.0,0.0,0.0,0.0,0.0,0.0,0.0,100.0,0.0,nan,0.0,0.0,0.0,0.0,0.0,0.0,0.0,0.0,7.0,2.0,2.0,0.0,0.0,0.0,0.0,0.0,0.0,0.0,0,0.0,,0.0,0.0,0,0.0,0.0,,0.0,-0.196
2015,CL,読売ジャイアンツ,71875112,山口　鉄也,T.Yamaguchi,60.0,0.0,0.0,0.0,0.0,0.0,0.0,0.0,0.0,0.0,0.0,0,0.0,0.0,0.0,0,0.0,0.0,0.0,,,,0.0,0.0,0.0,0.0,,nan,nan,nan,nan,0.0,0.0,nan,nan,,0.0,0.0,0.0,60.0,0.0,0.0,0.0,0.0,0.0,0.0,,,0.0,0,0.0,,0.0,0.0,0,0.0,0.0,,nan,0.0
2015,CL,東京ヤクルトスワローズ,71875131,T.バーネット,T.Barnette,59.0,1.0,1.0,0.0,0.0,0.0,0.0,0.0,0.0,0.0,0.0,0,0.0,0.0,0.0,0,0.0,1.0,0.0,0.0,0.0,0.0,0.0,0.0,0.0,0.0,0.0,0.0,100.0,0.0,nan,0.0,0.0,0.0,0.0,0.0,0.0,0.0,0.0,59.0,1.0,1.0,0.0,0.0,0.0,0.0,0.0,0.0,0.0,0,0.0,,0.0,0.0,0,0.0,0.0,,0.0,-0.098
2015,CL,中日ドラゴンズ,71975115,髙橋　聡文,A.Takahashi,35.0,0.0,0.0,0.0,0.0,0.0,0.0,0.0,0.0,0.0,0.0,0,0.0,0.0,0.0,0,0.0,0.0,0.0,,,,0.0,0.0,0.0,0.0,,nan,nan,nan,nan,0.0,0.0,nan,nan,,0.0,0.0,0.0,35.0,0.0,0.0,0.0,0.0,0.0,0.0,,,0.0,0,0.0,,0.0,0.0,0,0.0,0.0,,nan,0.0
2015,CL,東京ヤクルトスワローズ,71975119,田中　雅彦,M.Tanaka,6.0,4.0,4.0,0.0,0.0,0.0,0.0,0.0,0.0,0.0,0.0,0,0.0,0.0,0.0,0,0.0,1.0,0.0,0.0,0.0,0.0,0.0,0.0,0.0,0.0,0.0,0.0,25.0,0.0,0.0,0.0,0.0,0.0,0.0,0.0,0.0,0.0,0.0,6.0,4.0,4.0,0.0,0.0,0.0,0.0,0.0,0.0,0.0,0,0.0,,0.0,0.0,0,0.0,0.0,,0.0,-0.392
2015,CL,広島東洋カープ,71975131,武内　久士,H.Takeuchi,1.0,0.0,0.0,0.0,0.0,0.0,0.0,0.0,0.0,0.0,0.0,0,0.0,0.0,0.0,0,0.0,0.0,0.0,,,,0.0,0.0,0.0,0.0,,nan,nan,nan,nan,0.0,0.0,nan,nan,,0.0,0.0,0.0,1.0,0.0,0.0,0.0,0.0,0.0,0.0,,,0.0,0,0.0,,0.0,0.0,0,0.0,0.0,,nan,0.0
2015,CL,横浜DeNAベイスターズ,73375116,A.バルディリス,A.Baldiris,139.0,525.0,465.0,38.0,120.0,23.0,0.0,13.0,182.0,56.0,0.0,0,0.0,5.0,43.0,0,12.0,62.0,12.0,0.258,0.333,0.391,0.724,84.0,0.133,0.07500000000000001,0.466,8.190476190476192,11.80952380952381,0.6935483870967742,0.2708860759493671,0.24760000000000001,463.33333333333337,0.22580645161290322,0.6638655462184874,0.258,120.0,13.0,56.0,139.0,525.0,465.0,84.0,23.0,0.0,38.0,0.333,0.391,43.0,0,12.0,,182.0,0.0,0,0.0,5.0,,58.39763779527559,61.620000000000005
2015,CL,東京ヤクルトスワローズ,81085117,館山　昌平,S.Tateyama,11.0,20.0,15.0,2.0,3.0,0.0,0.0,1.0,6.0,3.0,0.0,0,3.0,0.0,2.0,0,0.0,9.0,0.0,0.2,0.294,0.4,0.694,2.0,0.2,0.09399999999999997,0.494,10.0,45.0,0.2222222222222222,0.4,0.2323,427.33333333333337,0.3333333333333333,0.6666666666666666,0.2,3.0,1.0,3.0,11.0,20.0,15.0,2.0,0.0,0.0,2.0,0.294,0.4,2.0,0,0.0,,6.0,0.0,0,3.0,0.0,,1.7647058823529411,1.924
2015,CL,読売ジャイアンツ,81185119,内海　哲也,T.Utsumi,5.0,8.0,8.0,1.0,0.0,0.0,0.0,0.0,0.0,0.0,0.0,0,0.0,0.0,0.0,0,0.0,3.0,0.0,0.0,0.0,0.0,0.0,0.0,0.0,0.0,0.0,0.0,37.5,0.0,0.0,0.0,0.0,0.0,0.0,0.0,0.0,0.0,0.0,5.0,8.0,8.0,0.0,0.0,0.0,1.0,0.0,0.0,0.0,0,0.0,,0.0,0.0,0,0.0,0.0,,0.0,-0.784
2015,CL,阪神タイガース,81185130,石崎　剛,T.Ishizaki,8.0,0.0,0.0,0.0,0.0,0.0,0.0,0.0,0.0,0.0,0.0,0,0.0,0.0,0.0,0,0.0,0.0,0.0,,,,0.0,0.0,0.0,0.0,,nan,nan,nan,nan,0.0,0.0,nan,nan,,0.0,0.0,0.0,8.0,0.0,0.0,0.0,0.0,0.0,0.0,,,0.0,0,0.0,,0.0,0.0,0,0.0,0.0,,nan,0.0
2015,CL,広島東洋カープ,81185133,磯村　嘉孝,Y.Isomura,1.0,0.0,0.0,0.0,0.0,0.0,0.0,0.0,0.0,0.0,0.0,0,0.0,0.0,0.0,0,0.0,0.0,0.0,,,,0.0,0.0,0.0,0.0,,nan,nan,nan,nan,0.0,0.0,nan,nan,,0.0,0.0,0.0,1.0,0.0,0.0,0.0,0.0,0.0,0.0,,,0.0,0,0.0,,0.0,0.0,0,0.0,0.0,,nan,0.0
2015,CL,阪神タイガース,81185135,伊藤　隼太,H.Itou,63.0,150.0,135.0,10.0,34.0,7.0,0.0,2.0,47.0,12.0,0,1,1.0,3.0,11.0,0,0.0,31.0,0.0,0.252,0.302,0.348,0.6499999999999999,25.0,0.09599999999999997,0.04999999999999999,0.3979999999999999,7.333333333333333,20.666666666666668,0.3548387096774194,0.3047619047619048,0.2229,418.0,0.18518518518518517,0.5841584158415841,0.252,34.0,2.0,12.0,63.0,150.0,135.0,25.0,7.0,0.0,10.0,0.302,0.348,11.0,0,0.0,,47.0,0,1,1.0,3.0,,14.486301369863014,14.331999999999997
2015,CL,中日ドラゴンズ,81285130,友永　翔太,S.Tomonaga,7.0,20.0,18.0,0.0,1.0,0.0,0.0,0.0,1.0,0.0,2,0,1.0,0.0,1.0,0,0.0,7.0,1.0,0.056,0.105,0.056,0.161,1.0,0.0,0.048999999999999995,0.105,5.0,35.0,0.14285714285714285,0.09090909090909091,0.06125,123.66666666666666,0.05555555555555555,0.1111111111111111,0.056,1.0,0.0,0.0,7.0,20.0,18.0,1.0,0.0,0.0,0.0,0.105,0.056,1.0,0,0.0,,1.0,2,0,1.0,0.0,,0.10526315789473684,-0.8360000000000001
2015,CL,読売ジャイアンツ,81385110,亀井　善行,Y.Kamei,109.0,432.0,382.0,42.0,104.0,21.0,0.0,6.0,143.0,35.0,8,1,3.0,6.0,40.0,0,1.0,59.0,6.0,0.272,0.338,0.374,0.712,77.0,0.10199999999999998,0.066,0.44,9.25925925925926,13.657407407407407,0.6779661016949152,0.30340557275541796,0.2456,462.6666666666667,0.2094240837696335,0.6514084507042254,0.272,104.0,6.0,35.0,109.0,432.0,382.0,77.0,21.0,0.0,42.0,0.338,0.374,40.0,0,1.0,,143.0,8,1,3.0,6.0,,48.796208530805686,48.726
2015,CL,東京ヤクルトスワローズ,81485116,三輪　正義,M.Miwa,87.0,102.0,86.0,13.0,20.0,1.0,2.0,0.0,25.0,7.0,4,2,6.0,1.0,9.0,0,0.0,23.0,1.0,0.233,0.302,0.291,0.593,17.0,0.05799999999999997,0.06899999999999998,0.36,8.823529411764707,22.54901960784314,0.391304347826087,0.3125,0.20865,398.99999999999994,0.18604651162790697,0.5373134328358209,0.233,20.0,0.0,7.0,87.0,102.0,86.0,17.0,1.0,2.0,13.0,0.302,0.291,9.0,0,0.0,,25.0,4,2,6.0,1.0,,7.631578947368421,8.162
2015,CL,読売ジャイアンツ,81485117,村田　修一,S.Murata,103.0,370.0,330.0,33.0,78.0,9.0,0.0,12.0,123.0,39.0,1.0,1,2.0,2.0,28.0,0,8.0,65.0,12.0,0.236,0.31,0.373,0.683,57.0,0.137,0.07400000000000001,0.447,7.567567567567568,17.56756756756757,0.4307692307692308,0.25882352941176473,0.23275,434.33333333333337,0.22424242424242424,0.6060606060606061,0.236,78.0,12.0,39.0,103.0,370.0,330.0,57.0,9.0,0.0,33.0,0.31,0.373,28.0,0,8.0,,123.0,1.0,1,2.0,2.0,,36.41899441340782,39.62400000000001
2015,CL,阪神タイガース,81485139,山本　翔也,S.Yamamoto,7.0,2.0,2.0,0.0,0.0,0.0,0.0,0.0,0.0,0.0,0.0,0,0.0,0.0,0.0,0,0.0,0.0,0.0,0.0,0.0,0.0,0.0,0.0,0.0,0.0,0.0,0.0,0.0,nan,0.0,0.0,0.0,0.0,0.0,0.0,0.0,0.0,0.0,7.0,2.0,2.0,0.0,0.0,0.0,0.0,0.0,0.0,0.0,0,0.0,,0.0,0.0,0,0.0,0.0,,0.0,-0.196
2015,CL,横浜DeNAベイスターズ,81685112,柳田　殖生,S.Yanagida,24.0,49.0,43.0,1.0,9.0,2.0,0.0,0.0,11.0,5.0,0.0,0,3.0,0.0,1.0,0,2.0,11.0,2.0,0.209,0.261,0.256,0.517,7.0,0.047000000000000014,0.05200000000000002,0.308,2.0408163265306123,22.448979591836736,0.09090909090909091,0.28125,0.18145,346.3333333333333,0.06976744186046512,0.3888888888888889,0.209,9.0,0.0,5.0,24.0,49.0,43.0,7.0,2.0,0.0,1.0,0.261,0.256,1.0,0,2.0,,11.0,0.0,0,3.0,0.0,,2.5,2.5979999999999994
2015,CL,横浜DeNAベイスターズ,81685118,山崎　憲晴,N.Yamazaki,25.0,34.0,29.0,4.0,3.0,1.0,0.0,0.0,4.0,2.0,2,0,2.0,0.0,3.0,0,0.0,12.0,0.0,0.103,0.188,0.138,0.326,2.0,0.03500000000000002,0.085,0.223,8.823529411764707,35.294117647058826,0.25,0.17647058823529413,0.11910000000000001,234.0,0.13793103448275862,0.2692307692307692,0.103,3.0,0.0,2.0,25.0,34.0,29.0,2.0,1.0,0.0,4.0,0.188,0.138,3.0,0,0.0,,4.0,2,0,2.0,0.0,,0.75,0.16199999999999992
2015,CL,阪神タイガース,81685133,森越　祐人,Y.Morikoshi,7.0,8.0,7.0,2.0,0.0,0.0,0.0,0.0,0.0,0.0,0.0,0,0.0,0.0,1.0,0,0.0,3.0,0.0,0.0,0.125,0.0,0.125,0.0,0.0,0.125,0.125,12.5,37.5,0.3333333333333333,0.0,0.05625,125.0,0.14285714285714285,0.14285714285714285,0.0,0.0,0.0,0.0,7.0,8.0,7.0,0.0,0.0,0.0,2.0,0.125,0.0,1.0,0,0.0,,0.0,0.0,0,0.0,0.0,,0.0,-0.35600000000000004
2015,CL,阪神タイガース,81783884,関本　賢太郎,K.Sekimoto,55.0,54.0,42.0,1.0,11.0,0.0,0.0,0.0,11.0,10.0,1,0,0.0,1.0,8.0,0,3.0,10.0,1.0,0.262,0.407,0.262,0.669,11.0,0.0,0.14499999999999996,0.407,14.814814814814813,18.51851851851852,0.8,0.3333333333333333,0.24864999999999998,494.3333333333333,0.19047619047619047,0.6875,0.262,11.0,0.0,10.0,55.0,54.0,42.0,11.0,0.0,0.0,1.0,0.407,0.262,8.0,0,3.0,,11.0,1,0,0.0,1.0,,4.18,6.0920000000000005
2015,CL,広島東洋カープ,81785137,鈴木　誠也,S.Suzuki,97.0,238.0,211.0,21.0,58.0,6.0,3.0,5.0,85.0,25.0,6,7,7.0,2.0,16.0,0,2.0,38.0,3.0,0.275,0.329,0.403,0.732,44.0,0.128,0.05399999999999999,0.457,6.722689075630252,15.966386554621847,0.42105263157894735,0.31176470588235294,0.24880000000000002,463.33333333333337,0.23696682464454977,0.7051282051282052,0.275,58.0,5.0,25.0,97.0,238.0,211.0,44.0,6.0,3.0,21.0,0.329,0.403,16.0,0,2.0,,85.0,6,7,7.0,2.0,,27.709251101321588,28.845999999999997
2015,CL,中日ドラゴンズ,81785139,鈴木　翔太,S.Suzuki,2.0,1.0,1.0,0.0,0.0,0.0,0.0,0.0,0.0,0.0,0.0,0,0.0,0.0,0.0,0,0.0,0.0,0.0,0.0,0.0,0.0,0.0,0.0,0.0,0.0,0.0,0.0,0.0,nan,0.0,0.0,0.0,0.0,0.0,0.0,0.0,0.0,0.0,2.0,1.0,1.0,0.0,0.0,0.0,0.0,0.0,0.0,0.0,0,0.0,,0.0,0.0,0,0.0,0.0,,0.0,-0.098
2015,CL,横浜DeNAベイスターズ,81885130,山下　幸輝,K.Yamashita,23.0,43.0,42.0,2.0,10.0,2.0,0.0,0.0,12.0,2.0,0,1,1.0,0.0,0.0,0,0.0,12.0,0.0,0.238,0.238,0.286,0.524,8.0,0.04799999999999999,0.0,0.286,0.0,27.906976744186046,0.0,0.3333333333333333,0.17859999999999998,333.3333333333333,0.07142857142857142,0.40625,0.238,10.0,0.0,2.0,23.0,43.0,42.0,8.0,2.0,0.0,2.0,0.238,0.286,0.0,0,0.0,,12.0,0,1,1.0,0.0,,2.857142857142857,2.483999999999999
2015,CL,阪神タイガース,81983888,福原　忍,S.Fukuhara,61.0,0.0,0.0,0.0,0.0,0.0,0.0,0.0,0.0,0.0,0.0,0,0.0,0.0,0.0,0,0.0,0.0,0.0,,,,0.0,0.0,0.0,0.0,,nan,nan,nan,nan,0.0,0.0,nan,nan,,0.0,0.0,0.0,61.0,0.0,0.0,0.0,0.0,0.0,0.0,,,0.0,0,0.0,,0.0,0.0,0,0.0,0.0,,nan,0.0
2015,CL,横浜DeNAベイスターズ,81985114,下園　辰哉,T.Shimozono,53.0,84.0,74.0,8.0,21.0,4.0,0.0,1.0,28.0,8.0,0.0,0,2.0,0.0,8.0,0,0.0,14.0,2.0,0.284,0.354,0.378,0.732,16.0,0.09400000000000003,0.07,0.448,9.523809523809524,16.666666666666664,0.5714285714285714,0.3389830508474576,0.2538,480.0,0.20270270270270271,0.6545454545454545,0.284,21.0,1.0,8.0,53.0,84.0,74.0,16.0,4.0,0.0,8.0,0.354,0.378,8.0,0,0.0,,28.0,0.0,0,2.0,0.0,,9.902439024390244,9.765999999999998
2015,CL,読売ジャイアンツ,81985118,立岡　宗一郎,S.Tateoka,91.0,367.0,339.0,36.0,103.0,9.0,3.0,0.0,118.0,14.0,16,6,3.0,3.0,18.0,0,4.0,61.0,2.0,0.304,0.343,0.348,0.6910000000000001,91.0,0.043999999999999984,0.039000000000000035,0.387,4.904632152588556,16.62125340599455,0.29508196721311475,0.3665480427046263,0.24135,459.0,0.11504424778761062,0.6134453781512605,0.304,103.0,0.0,14.0,91.0,367.0,339.0,91.0,9.0,3.0,36.0,0.343,0.348,18.0,0,4.0,,118.0,16,6,3.0,3.0,,39.99439775910364,40.31199999999999
2015,CL,読売ジャイアンツ,81985133,澤村　拓一,H.Sawamura,60.0,1.0,1.0,0.0,0.0,0.0,0.0,0.0,0.0,0.0,0.0,0,0.0,0.0,0.0,0,0.0,1.0,0.0,0.0,0.0,0.0,0.0,0.0,0.0,0.0,0.0,0.0,100.0,0.0,nan,0.0,0.0,0.0,0.0,0.0,0.0,0.0,0.0,60.0,1.0,1.0,0.0,0.0,0.0,0.0,0.0,0.0,0.0,0,0.0,,0.0,0.0,0,0.0,0.0,,0.0,-0.098
2015,CL,読売ジャイアンツ,81985137,辻　東倫,H.Tsuji,2.0,4.0,3.0,0.0,0.0,0.0,0.0,0.0,0.0,0.0,0.0,0,0.0,0.0,1.0,0,0.0,0.0,0.0,0.0,0.25,0.0,0.25,0.0,0.0,0.25,0.25,25.0,0.0,nan,0.0,0.1125,250.0,0.3333333333333333,0.3333333333333333,0.0,0.0,0.0,0.0,2.0,4.0,3.0,0.0,0.0,0.0,0.0,0.25,0.0,1.0,0,0.0,,0.0,0.0,0,0.0,0.0,,0.0,0.035999999999999976
2015,CL,広島東洋カープ,83185130,J.グスマン,J.Guzman,34.0,116.0,100.0,10.0,23.0,8.0,1.0,3.0,42.0,12.0,0.0,0,0.0,0.0,15.0,0,1.0,25.0,2.0,0.23,0.336,0.42,0.756,11.0,0.18999999999999997,0.10600000000000001,0.526,12.931034482758621,21.551724137931032,0.6,0.2777777777777778,0.2562,476.0,0.34,0.7341772151898734,0.23,23.0,3.0,12.0,34.0,116.0,100.0,11.0,8.0,1.0,10.0,0.336,0.42,15.0,0,1.0,,42.0,0.0,0,0.0,0.0,,13.878260869565217,14.354000000000003
2015,CL,中日ドラゴンズ,83385130,R.バルデス,R.Valdes,22.0,45.0,45.0,2.0,6.0,2.0,0.0,0.0,8.0,2.0,0.0,0,0.0,0.0,0.0,0,0.0,13.0,1.0,0.133,0.133,0.178,0.311,4.0,0.044999999999999984,0.0,0.178,0.0,28.888888888888886,0.0,0.1875,0.10435,192.33333333333331,0.044444444444444446,0.2,0.133,6.0,0.0,2.0,22.0,45.0,45.0,4.0,2.0,0.0,2.0,0.133,0.178,0.0,0,0.0,,8.0,0.0,0,0.0,0.0,,1.0666666666666667,-0.3820000000000001
2015,CL,阪神タイガース,83585130,M.サンティアゴ,M.Santiago,3.0,5.0,5.0,0.0,0.0,0.0,0.0,0.0,0.0,0.0,0.0,0,0.0,0.0,0.0,0,0.0,2.0,0.0,0.0,0.0,0.0,0.0,0.0,0.0,0.0,0.0,0.0,40.0,0.0,0.0,0.0,0.0,0.0,0.0,0.0,0.0,0.0,0.0,3.0,5.0,5.0,0.0,0.0,0.0,0.0,0.0,0.0,0.0,0,0.0,,0.0,0.0,0,0.0,0.0,,0.0,-0.49
2015,CL,読売ジャイアンツ,83785130,A.カステヤーノス,A.Castellanos,6.0,22.0,20.0,2.0,2.0,1.0,0.0,0.0,3.0,1.0,0.0,0,0.0,0.0,2.0,0,0.0,11.0,0.0,0.1,0.182,0.15,0.33199999999999996,1.0,0.04999999999999999,0.08199999999999999,0.2319999999999999,9.090909090909092,50.0,0.18181818181818182,0.2222222222222222,0.1194,231.99999999999997,0.15,0.2777777777777778,0.1,2.0,0.0,1.0,6.0,22.0,20.0,1.0,1.0,0.0,2.0,0.182,0.15,2.0,0,0.0,,3.0,0.0,0,0.0,0.0,,0.5454545454545454,0.11599999999999988
2015,CL,中日ドラゴンズ,85583868,谷繁　元信,M.Tanishige,30.0,52.0,47.0,4.0,13.0,2.0,0.0,1.0,18.0,4.0,0.0,0,2.0,0.0,3.0,0,0.0,9.0,0.0,0.277,0.32,0.383,0.7030000000000001,10.0,0.10599999999999998,0.04299999999999998,0.426,5.769230769230769,17.307692307692307,0.3333333333333333,0.32432432432432434,0.23975000000000002,447.66666666666663,0.1702127659574468,0.6176470588235294,0.277,13.0,1.0,4.0,30.0,52.0,47.0,10.0,2.0,0.0,4.0,0.32,0.383,3.0,0,0.0,,18.0,0.0,0,2.0,0.0,,5.76,5.5379999999999985
2015,CL,中日ドラゴンズ,91095135,高橋　周平,S.Takahashi,51.0,172.0,154.0,10.0,32.0,6.0,1.0,4.0,52.0,18.0,2,1,1.0,0.0,16.0,0,1.0,42.0,5.0,0.208,0.287,0.338,0.625,21.0,0.13000000000000003,0.07899999999999999,0.417,9.30232558139535,24.418604651162788,0.38095238095238093,0.25925925925925924,0.21365,399.6666666666667,0.24025974025974026,0.5511811023622047,0.208,32.0,4.0,18.0,51.0,172.0,154.0,21.0,6.0,1.0,10.0,0.287,0.338,16.0,0,1.0,,52.0,2,1,1.0,0.0,,14.68235294117647,15.453999999999995
2015,CL,東京ヤクルトスワローズ,91095139,西浦　直亨,N.Nishiura,26.0,48.0,44.0,9.0,13.0,3.0,1.0,1.0,21.0,5.0,1,0,1.0,0.0,3.0,0,0.0,12.0,0.0,0.295,0.34,0.477,0.817,8.0,0.182,0.04500000000000004,0.522,6.25,25.0,0.25,0.3870967741935484,0.27225,499.0,0.25,0.7741935483870968,0.295,13.0,1.0,5.0,26.0,48.0,44.0,8.0,3.0,1.0,9.0,0.34,0.477,3.0,0,0.0,,21.0,1,0,1.0,0.0,,7.148936170212766,6.5920000000000005
2015,CL,横浜DeNAベイスターズ,91195110,石川　雄洋,T.Ishikawa,89.0,375.0,343.0,43.0,89.0,8.0,1.0,1.0,102.0,18.0,6,3,9.0,0.0,16.0,0,7.0,82.0,2.0,0.259,0.306,0.297,0.603,79.0,0.03799999999999998,0.046999999999999986,0.344,4.266666666666667,21.866666666666667,0.1951219512195122,0.3384615384615385,0.21194999999999997,404.99999999999994,0.09329446064139942,0.5,0.259,89.0,1.0,18.0,89.0,375.0,343.0,79.0,8.0,1.0,43.0,0.306,0.297,16.0,0,7.0,,102.0,6,3,9.0,0.0,,29.832869080779943,30.977999999999998
2015,CL,広島東洋カープ,91195116,安部　友裕,T.Abe,26.0,74.0,70.0,6.0,17.0,0.0,0.0,0.0,17.0,2.0,1,2,3.0,0.0,1.0,0,0.0,6.0,1.0,0.243,0.254,0.243,0.497,17.0,0.0,0.01100000000000001,0.254,1.3513513513513513,8.108108108108109,0.16666666666666666,0.265625,0.17504999999999998,335.0,0.04285714285714286,0.37037037037037035,0.243,17.0,0.0,2.0,26.0,74.0,70.0,17.0,0.0,0.0,6.0,0.254,0.243,1.0,0,0.0,,17.0,1,2,3.0,0.0,,4.309859154929577,3.9959999999999996
2015,CL,東京ヤクルトスワローズ,91195117,新垣　渚,N.Arakaki,15.0,24.0,20.0,1.0,4.0,1.0,0.0,0.0,5.0,2.0,0.0,0,3.0,0.0,1.0,0,0.0,7.0,1.0,0.2,0.238,0.25,0.488,3.0,0.04999999999999999,0.03799999999999998,0.288,4.166666666666666,29.166666666666668,0.14285714285714285,0.3076923076923077,0.1696,321.3333333333333,0.1,0.35294117647058826,0.2,4.0,0.0,2.0,15.0,24.0,20.0,3.0,1.0,0.0,1.0,0.238,0.25,1.0,0,0.0,,5.0,0.0,0,3.0,0.0,,1.1904761904761905,0.9819999999999998
2015,CL,広島東洋カープ,91195130,飯田　哲矢,T.Iida,16.0,0.0,0.0,0.0,0.0,0.0,0.0,0.0,0.0,0.0,0.0,0,0.0,0.0,0.0,0,0.0,0.0,0.0,,,,0.0,0.0,0.0,0.0,,nan,nan,nan,nan,0.0,0.0,nan,nan,,0.0,0.0,0.0,16.0,0.0,0.0,0.0,0.0,0.0,0.0,,,0.0,0,0.0,,0.0,0.0,0,0.0,0.0,,nan,0.0
2015,CL,阪神タイガース,91195133,荒木　郁也,F.Araki,29.0,41.0,35.0,8.0,7.0,0.0,0.0,0.0,7.0,0.0,4,0,2.0,0.0,3.0,0,1.0,7.0,1.0,0.2,0.282,0.2,0.482,7.0,0.0,0.08199999999999996,0.282,7.317073170731707,17.073170731707318,0.42857142857142855,0.25,0.1769,348.66666666666663,0.08571428571428572,0.3793103448275862,0.2,7.0,0.0,0.0,29.0,41.0,35.0,7.0,0.0,0.0,8.0,0.282,0.2,3.0,0,1.0,,7.0,4,0,2.0,0.0,,1.8421052631578947,2.076
2015,CL,東京ヤクルトスワローズ,91195139,秋吉　亮,R.Akiyoshi,74.0,0.0,0.0,0.0,0.0,0.0,0.0,0.0,0.0,0.0,0.0,0,0.0,0.0,0.0,0,0.0,0.0,0.0,,,,0.0,0.0,0.0,0.0,,nan,nan,nan,nan,0.0,0.0,nan,nan,,0.0,0.0,0.0,74.0,0.0,0.0,0.0,0.0,0.0,0.0,,,0.0,0,0.0,,0.0,0.0,0,0.0,0.0,,nan,0.0
2015,CL,東京ヤクルトスワローズ,91295130,寺田　哲也,T.Terada,1.0,0.0,0.0,0.0,0.0,0.0,0.0,0.0,0.0,0.0,0.0,0,0.0,0.0,0.0,0,0.0,0.0,0.0,,,,0.0,0.0,0.0,0.0,,nan,nan,nan,nan,0.0,0.0,nan,nan,,0.0,0.0,0.0,1.0,0.0,0.0,0.0,0.0,0.0,0.0,,,0.0,0,0.0,,0.0,0.0,0,0.0,0.0,,nan,0.0
2015,CL,阪神タイガース,91295131,二神　一人,K.Futagami,12.0,0.0,0.0,0.0,0.0,0.0,0.0,0.0,0.0,0.0,0.0,0,0.0,0.0,0.0,0,0.0,0.0,0.0,,,,0.0,0.0,0.0,0.0,,nan,nan,nan,nan,0.0,0.0,nan,nan,,0.0,0.0,0.0,12.0,0.0,0.0,0.0,0.0,0.0,0.0,,,0.0,0,0.0,,0.0,0.0,0,0.0,0.0,,nan,0.0
2015,CL,広島東洋カープ,91295133,中村　恭平,K.Nakamura,1.0,1.0,1.0,0.0,0.0,0.0,0.0,0.0,0.0,0.0,0.0,0,0.0,0.0,0.0,0,0.0,1.0,0.0,0.0,0.0,0.0,0.0,0.0,0.0,0.0,0.0,0.0,100.0,0.0,nan,0.0,0.0,0.0,0.0,0.0,0.0,0.0,0.0,1.0,1.0,1.0,0.0,0.0,0.0,0.0,0.0,0.0,0.0,0,0.0,,0.0,0.0,0,0.0,0.0,,0.0,-0.098
2015,CL,東京ヤクルトスワローズ,91295139,藤井　亮太,R.Fujii,13.0,38.0,34.0,5.0,6.0,1.0,0.0,0.0,7.0,2.0,0,1,2.0,0.0,2.0,0,0.0,13.0,1.0,0.176,0.222,0.206,0.428,5.0,0.03,0.04600000000000001,0.252,5.263157894736842,34.21052631578947,0.15384615384615385,0.2857142857142857,0.1514,290.6666666666667,0.11764705882352941,0.3448275862068966,0.176,6.0,0.0,2.0,13.0,38.0,34.0,5.0,1.0,0.0,5.0,0.222,0.206,2.0,0,0.0,,7.0,0,1,2.0,0.0,,1.5555555555555556,1.3159999999999994
2015,CL,阪神タイガース,91395110,岡﨑　太一,T.Okazaki,1.0,1.0,1.0,0.0,0.0,0.0,0.0,0.0,0.0,0.0,0.0,0,0.0,0.0,0.0,0,0.0,0.0,0.0,0.0,0.0,0.0,0.0,0.0,0.0,0.0,0.0,0.0,0.0,nan,0.0,0.0,0.0,0.0,0.0,0.0,0.0,0.0,0.0,1.0,1.0,1.0,0.0,0.0,0.0,0.0,0.0,0.0,0.0,0,0.0,,0.0,0.0,0,0.0,0.0,,0.0,-0.098
2015,CL,横浜DeNAベイスターズ,91395115,井手　正太郎,S.Ide,40.0,102.0,98.0,8.0,25.0,7.0,0.0,4.0,44.0,13.0,0.0,0,0.0,1.0,3.0,0,0.0,28.0,0.0,0.255,0.275,0.449,0.724,14.0,0.194,0.020000000000000018,0.469,2.941176470588235,27.450980392156865,0.10714285714285714,0.31343283582089554,0.23600000000000002,424.6666666666667,0.22448979591836735,0.6438356164383562,0.255,25.0,4.0,13.0,40.0,102.0,98.0,14.0,7.0,0.0,8.0,0.275,0.449,3.0,0,0.0,,44.0,0.0,0,0.0,1.0,,12.198019801980198,11.635999999999996
2015,CL,読売ジャイアンツ,91593888,金城　龍彦,T.Kinjou,36.0,95.0,90.0,9.0,21.0,3.0,0.0,1.0,27.0,10.0,1,0,1.0,0.0,3.0,0,1.0,11.0,0.0,0.233,0.266,0.3,0.5660000000000001,17.0,0.06699999999999998,0.033,0.3329999999999999,3.1578947368421053,11.578947368421053,0.2727272727272727,0.2564102564102564,0.1947,366.0,0.1,0.4492753623188406,0.233,21.0,1.0,10.0,36.0,95.0,90.0,17.0,3.0,0.0,9.0,0.266,0.3,3.0,0,1.0,,27.0,1,0,1.0,0.0,,6.967741935483871,6.6579999999999995
2015,CL,東京ヤクルトスワローズ,91595114,大引　啓次,K.Oobiki,96.0,347.0,311.0,25.0,70.0,18.0,1.0,5.0,105.0,41.0,6,3,6.0,2.0,27.0,0,1.0,56.0,5.0,0.225,0.287,0.338,0.625,46.0,0.11300000000000002,0.06199999999999997,0.4,7.780979827089338,16.138328530259365,0.48214285714285715,0.25793650793650796,0.21365,399.6666666666667,0.2090032154340836,0.5528455284552846,0.225,70.0,5.0,41.0,96.0,347.0,311.0,46.0,18.0,1.0,25.0,0.287,0.338,27.0,0,1.0,,105.0,6,3,6.0,2.0,,30.133136094674555,30.362000000000002
2015,CL,東京ヤクルトスワローズ,91595130,風張　蓮,R.Kazahari,1.0,0.0,0.0,0.0,0.0,0.0,0.0,0.0,0.0,0.0,0.0,0,0.0,0.0,0.0,0,0.0,0.0,0.0,,,,0.0,0.0,0.0,0.0,,nan,nan,nan,nan,0.0,0.0,nan,nan,,0.0,0.0,0.0,1.0,0.0,0.0,0.0,0.0,0.0,0.0,,,0.0,0,0.0,,0.0,0.0,0,0.0,0.0,,nan,0.0
2015,CL,横浜DeNAベイスターズ,91695135,飛雄馬,H.Hyuuma（matsui,59.0,135.0,116.0,14.0,26.0,9.0,1.0,1.0,40.0,9.0,1,0,15.0,0.0,3.0,0,1.0,23.0,2.0,0.224,0.25,0.345,0.595,15.0,0.12099999999999997,0.025999999999999995,0.371,2.2222222222222223,17.037037037037038,0.13043478260869565,0.2717391304347826,0.19874999999999998,365.0,0.14655172413793102,0.4782608695652174,0.224,26.0,1.0,9.0,59.0,135.0,116.0,15.0,9.0,1.0,14.0,0.25,0.345,3.0,0,1.0,,40.0,1,0,15.0,0.0,,9.747899159663865,8.96
2015,CL,横浜DeNAベイスターズ,91795130,倉本　寿彦,T.Kuramoto,102.0,265.0,245.0,11.0,51.0,4.0,0.0,2.0,61.0,20.0,0.0,0,7.0,1.0,10.0,0,2.0,60.0,8.0,0.208,0.244,0.249,0.493,45.0,0.04100000000000001,0.036000000000000004,0.285,3.7735849056603774,22.641509433962266,0.16666666666666666,0.266304347826087,0.17204999999999998,327.0,0.08163265306122448,0.3613861386138614,0.208,51.0,2.0,20.0,102.0,265.0,245.0,45.0,4.0,0.0,11.0,0.244,0.249,10.0,0,2.0,,61.0,0.0,0,7.0,1.0,,14.592156862745098,13.207999999999998
2015,CL,広島東洋カープ,91795137,下水流　昂,K.Shimozuru,5.0,10.0,10.0,0.0,2.0,0.0,0.0,0.0,2.0,0.0,0.0,0,0.0,0.0,0.0,0,0.0,3.0,0.0,0.2,0.2,0.2,0.4,2.0,0.0,0.0,0.2,0.0,30.0,0.0,0.2857142857142857,0.14,266.6666666666667,0.0,0.25,0.2,2.0,0.0,0.0,5.0,10.0,10.0,2.0,0.0,0.0,0.0,0.2,0.2,0.0,0,0.0,,2.0,0.0,0,0.0,0.0,,0.4,0.21599999999999997
2015,CL,読売ジャイアンツ,91795139,小林　誠司,S.Kobayashi,70.0,204.0,177.0,13.0,40.0,6.0,0.0,2.0,52.0,13.0,2,0,5.0,0.0,19.0,0,3.0,39.0,6.0,0.226,0.312,0.294,0.606,32.0,0.06799999999999998,0.086,0.38,9.313725490196079,19.11764705882353,0.48717948717948717,0.27941176470588236,0.21389999999999998,410.0,0.1751412429378531,0.5174825174825175,0.226,40.0,2.0,13.0,70.0,204.0,177.0,32.0,6.0,0.0,13.0,0.312,0.294,19.0,0,3.0,,52.0,2,0,5.0,0.0,,15.653061224489797,17.034
2015,CL,広島東洋カープ,91895130,薮田　和樹,K.Yabuta,6.0,8.0,7.0,0.0,0.0,0.0,0.0,0.0,0.0,0.0,0.0,0,1.0,0.0,0.0,0,0.0,5.0,0.0,0.0,0.0,0.0,0.0,0.0,0.0,0.0,0.0,0.0,62.5,0.0,0.0,0.0,0.0,0.0,0.0,0.0,0.0,0.0,0.0,6.0,8.0,7.0,0.0,0.0,0.0,0.0,0.0,0.0,0.0,0,0.0,,0.0,0.0,0,1.0,0.0,,0.0,-0.686
2015,CL,東京ヤクルトスワローズ,91895133,山田　哲人,T.Yamada,143.0,646.0,557.0,119.0,183.0,39.0,2.0,38.0,340.0,100.0,34,4,0.0,3.0,81.0,0,5.0,111.0,11.0,0.329,0.416,0.61,1.026,104.0,0.28099999999999997,0.08699999999999997,0.697,12.538699690402478,17.18266253869969,0.7297297297297297,0.35279805352798055,0.3397,619.3333333333333,0.43447037701974867,1.1168831168831168,0.329,183.0,38.0,100.0,143.0,646.0,557.0,104.0,39.0,2.0,119.0,0.416,0.61,81.0,0,5.0,,340.0,34,4,0.0,3.0,,140.68965517241378,129.32799999999997
2015,CL,阪神タイガース,91995119,筒井　和也,K.Tsutsui,6.0,0.0,0.0,0.0,0.0,0.0,0.0,0.0,0.0,0.0,0.0,0,0.0,0.0,0.0,0,0.0,0.0,0.0,,,,0.0,0.0,0.0,0.0,,nan,nan,nan,nan,0.0,0.0,nan,nan,,0.0,0.0,0.0,6.0,0.0,0.0,0.0,0.0,0.0,0.0,,,0.0,0,0.0,,0.0,0.0,0,0.0,0.0,,nan,0.0
2015,CL,読売ジャイアンツ,91995131,長野　久義,H.Chouno,130.0,479.0,434.0,49.0,109.0,20.0,3.0,15.0,180.0,52.0,3,2,5.0,2.0,34.0,0,4.0,81.0,12.0,0.251,0.31,0.415,0.725,71.0,0.16399999999999998,0.059,0.474,7.09812108559499,16.910229645093946,0.41975308641975306,0.27647058823529413,0.24325000000000002,448.33333333333337,0.2465437788018433,0.6528189910979229,0.251,109.0,15.0,52.0,130.0,479.0,434.0,71.0,20.0,3.0,49.0,0.31,0.415,34.0,0,4.0,,180.0,3,2,5.0,2.0,,55.0,55.669999999999995
2015,CL,中日ドラゴンズ,91995139,祖父江　大輔,D.Sobue,33.0,0.0,0.0,0.0,0.0,0.0,0.0,0.0,0.0,0.0,0.0,0,0.0,0.0,0.0,0,0.0,0.0,0.0,,,,0.0,0.0,0.0,0.0,,nan,nan,nan,nan,0.0,0.0,nan,nan,,0.0,0.0,0.0,33.0,0.0,0.0,0.0,0.0,0.0,0.0,,,0.0,0,0.0,,0.0,0.0,0,0.0,0.0,,nan,0.0
2015,CL,阪神タイガース,93195131,R.メッセンジャー,R.Messenger,29.0,59.0,52.0,2.0,5.0,0.0,0.0,0.0,5.0,1.0,0.0,0,7.0,0.0,0.0,0,0.0,15.0,0.0,0.096,0.096,0.096,0.192,5.0,0.0,0.0,0.096,0.0,25.423728813559322,0.0,0.13513513513513514,0.06720000000000001,128.0,0.0,0.10638297872340426,0.096,5.0,0.0,1.0,29.0,59.0,52.0,5.0,0.0,0.0,2.0,0.096,0.096,0.0,0,0.0,,5.0,0.0,0,7.0,0.0,,0.4807692307692308,-2.106
2015,CL,横浜DeNAベイスターズ,93195137,J.ロペス,J.Lopez,140.0,565.0,516.0,63.0,150.0,29.0,1.0,25.0,256.0,73.0,1.0,1,0.0,3.0,44.0,0,2.0,82.0,14.0,0.291,0.347,0.496,0.843,95.0,0.20500000000000002,0.055999999999999994,0.552,7.787610619469026,14.513274336283185,0.5365853658536586,0.30339805825242716,0.28015,512.3333333333333,0.2926356589147287,0.7973684210526316,0.291,150.0,25.0,73.0,140.0,565.0,516.0,95.0,29.0,1.0,63.0,0.347,0.496,44.0,0,2.0,,256.0,1.0,1,0.0,3.0,,88.68571428571428,84.912
2015,CL,読売ジャイアンツ,93595139,H.メンドーサ,H.Mendoza,2.0,0.0,0.0,0.0,0.0,0.0,0.0,0.0,0.0,0.0,0.0,0,0.0,0.0,0.0,0,0.0,0.0,0.0,,,,0.0,0.0,0.0,0.0,,nan,nan,nan,nan,0.0,0.0,nan,nan,,0.0,0.0,0.0,2.0,0.0,0.0,0.0,0.0,0.0,0.0,,,0.0,0,0.0,,0.0,0.0,0,0.0,0.0,,nan,0.0
2015,CL,阪神タイガース,93795130,N.ペレス,N.Perez,3.0,10.0,9.0,0.0,0.0,0.0,0.0,0.0,0.0,0.0,0.0,0,0.0,0.0,1.0,0,0.0,3.0,0.0,0.0,0.1,0.0,0.1,0.0,0.0,0.1,0.1,10.0,30.0,0.3333333333333333,0.0,0.045000000000000005,100.0,0.1111111111111111,0.1111111111111111,0.0,0.0,0.0,0.0,3.0,10.0,9.0,0.0,0.0,0.0,0.0,0.1,0.0,1.0,0,0.0,,0.0,0.0,0,0.0,0.0,,0.0,-0.552
