year,league,team,player_id,player_name_ja,player_name_en,G,PA,AB,R,H,2B,3B,HR,TB,RBI,SB,CS,SH,SF,BB,IBB,HBP,SO,GDP,AVG,OBP,SLG,OPS,1B,IsoP,IsoD,IOPS,BB%,K%,BB/K,BABIP,GPA,NOI,SecA,TA,打率,安打,本塁打,打点,試合,打席,打数,単打,二塁打,三塁打,得点,出塁率,長打率,四球,敬遠,死球,三振,塁打,盗塁,盗塁死,犠打,犠飛,併殺打,RC,XR,K,GIDP
2025,CL,広島東洋カープ,1005134,高橋　昂也,K.Takahashi,24.0,2.0,2.0,0.0,1.0,1.0,0.0,0.0,2.0,2.0,0.0,0,0.0,0.0,0.0,0,0.0,1.0,0.0,0.5,0.5,1.0,1.5,0.0,0.5,0.0,1.0,0.0,50.0,0.0,1.0,0.475,833.3333333333333,0.5,2.0,0.5,1.0,0.0,2.0,24.0,2.0,2.0,0.0,1.0,0.0,0.0,0.5,1.0,0.0,0,0.0,,2.0,0.0,0,0.0,0.0,,0.768111111111111,0.622,,
2025,CL,東京ヤクルトスワローズ,1005159,鈴木　叶,K.Suzuki,2.0,6.0,6.0,0.0,2.0,0.0,0.0,0.0,2.0,1.0,0,1,0.0,0.0,0.0,0,0.0,1.0,0.0,0.333,0.333,0.333,0.666,2.0,0.0,0.0,0.333,0.0,16.666666666666664,0.0,0.4,0.23310000000000003,444.0,-0.16666666666666666,0.4,0.333,2.0,0.0,1.0,2.0,6.0,6.0,2.0,0.0,0.0,0.0,0.333,0.333,0.0,0,0.0,,2.0,0,1,0.0,0.0,,0.29514814814814727,0.31199999999999994,,
2025,CL,読売ジャイアンツ,11015136,リチャード,R.Richado（sunagawa,77.0,253.0,232.0,17.0,49.0,7.0,0.0,11.0,89.0,39.0,1,0,0.0,2.0,13.0,0,6.0,90.0,4.0,0.211,0.269,0.384,0.653,31.0,0.17300000000000001,0.058000000000000024,0.442,5.138339920948617,35.573122529644266,0.14444444444444443,0.2857142857142857,0.21705000000000002,397.0,0.23275862068965517,0.5828877005347594,0.211,49.0,11.0,39.0,77.0,253.0,232.0,31.0,7.0,0.0,17.0,0.269,0.384,13.0,0,6.0,,89.0,1,0,0.0,2.0,,23.429612648221337,25.089999999999996,,
2025,CL,横浜DeNAベイスターズ,11015151,坂本　裕哉,Y.Sakamoto,35.0,0.0,0.0,0.0,0.0,0.0,0.0,0.0,0.0,0.0,0.0,0,0.0,0.0,0.0,0,0.0,0.0,0.0,,,,nan,0.0,,,,nan,nan,nan,nan,nan,nan,nan,nan,,0.0,0.0,0.0,35.0,0.0,0.0,0.0,0.0,0.0,0.0,,,0.0,0,0.0,,0.0,0.0,0,0.0,0.0,,nan,0.0,,
2025,CL,中日ドラゴンズ,11015153,近藤　廉,R.Kondou,16.0,0.0,0.0,0.0,0.0,0.0,0.0,0.0,0.0,0.0,0.0,0,0.0,0.0,0.0,0,0.0,0.0,0.0,,,,nan,0.0,,,,nan,nan,nan,nan,nan,nan,nan,nan,,0.0,0.0,0.0,16.0,0.0,0.0,0.0,0.0,0.0,0.0,,,0.0,0,0.0,,0.0,0.0,0,0.0,0.0,,nan,0.0,,
2025,CL,読売ジャイアンツ,1105138,泉　圭輔,K.Izumi,10.0,0.0,0.0,0.0,0.0,0.0,0.0,0.0,0.0,0.0,0.0,0,0.0,0.0,0.0,0,0.0,0.0,0.0,,,,nan,0.0,,,,nan,nan,nan,nan,nan,nan,nan,nan,,0.0,0.0,0.0,10.0,0.0,0.0,0.0,0.0,0.0,0.0,,,0.0,0,0.0,,0.0,0.0,0,0.0,0.0,,nan,0.0,,
2025,CL,阪神タイガース,1105159,石黒　佑弥,Y.Ishiguro,8.0,0.0,0.0,0.0,0.0,0.0,0.0,0.0,0.0,0.0,0.0,0,0.0,0.0,0.0,0,0.0,0.0,0.0,,,,nan,0.0,,,,nan,nan,nan,nan,nan,nan,nan,nan,,0.0,0.0,0.0,8.0,0.0,0.0,0.0,0.0,0.0,0.0,,,0.0,0,0.0,,0.0,0.0,0,0.0,0.0,,nan,0.0,,
2025,CL,読売ジャイアンツ,11215114,田中　将大,M.Tanaka,10.0,14.0,13.0,1.0,2.0,1.0,0.0,0.0,3.0,0.0,0.0,0,1.0,0.0,0.0,0,0.0,9.0,0.0,0.154,0.154,0.231,0.385,1.0,0.07700000000000001,0.0,0.231,0.0,64.28571428571429,0.0,0.5,0.12705,230.99999999999997,0.07692307692307693,0.2727272727272727,0.154,2.0,0.0,0.0,10.0,14.0,13.0,1.0,1.0,0.0,1.0,0.154,0.231,0.0,0,0.0,,3.0,0.0,0,1.0,0.0,,0.18774603174603222,0.19800000000000004,,
2025,CL,東京ヤクルトスワローズ,11315115,石川　雅規,M.Ishikawa,8.0,11.0,11.0,0.0,1.0,0.0,0.0,0.0,1.0,0.0,0.0,0,0.0,0.0,0.0,0,0.0,4.0,0.0,0.091,0.091,0.091,0.182,1.0,0.0,0.0,0.091,0.0,36.36363636363637,0.0,0.14285714285714285,0.0637,121.33333333333333,0.0,0.1,0.091,1.0,0.0,0.0,8.0,11.0,11.0,1.0,0.0,0.0,0.0,0.091,0.091,0.0,0,0.0,,1.0,0.0,0,0.0,0.0,,-0.5231111111111115,-0.43200000000000005,,
2025,CL,阪神タイガース,11315138,漆原　大晟,T.Urushihara,11.0,0.0,0.0,0.0,0.0,0.0,0.0,0.0,0.0,0.0,0.0,0,0.0,0.0,0.0,0,0.0,0.0,0.0,,,,nan,0.0,,,,nan,nan,nan,nan,nan,nan,nan,nan,,0.0,0.0,0.0,11.0,0.0,0.0,0.0,0.0,0.0,0.0,,,0.0,0,0.0,,0.0,0.0,0,0.0,0.0,,nan,0.0,,
2025,CL,広島東洋カープ,11415134,床田　寛樹,H.Tokoda,26.0,57.0,54.0,6.0,14.0,2.0,0.0,1.0,19.0,2.0,0.0,0,3.0,0.0,0.0,0,0.0,12.0,1.0,0.259,0.259,0.352,0.611,11.0,0.09299999999999997,0.0,0.352,0.0,21.052631578947366,0.0,0.3170731707317073,0.20455,376.33333333333337,0.09259259259259259,0.4634146341463415,0.259,14.0,1.0,2.0,26.0,57.0,54.0,11.0,2.0,0.0,6.0,0.259,0.352,0.0,0,0.0,,19.0,0.0,0,3.0,0.0,,4.540651072124739,4.433999999999999,,
2025,CL,読売ジャイアンツ,11515130,岡本　和真,K.Okamoto,69.0,293.0,251.0,38.0,82.0,21.0,1.0,15.0,150.0,49.0,1,1,0.0,2.0,33.0,0,7.0,33.0,5.0,0.327,0.416,0.598,1.014,45.0,0.27099999999999996,0.08899999999999997,0.6869999999999999,11.262798634812286,11.262798634812286,1.0,0.32682926829268294,0.3367,615.3333333333333,0.40239043824701193,1.0914285714285714,0.327,82.0,15.0,49.0,69.0,293.0,251.0,45.0,21.0,1.0,38.0,0.416,0.598,33.0,0,7.0,,150.0,1,1,0.0,2.0,,59.41646264694725,57.135999999999996,,
2025,CL,中日ドラゴンズ,11515131,岡田　俊哉,T.Okada,4.0,1.0,1.0,0.0,0.0,0.0,0.0,0.0,0.0,0.0,0.0,0,0.0,0.0,0.0,0,0.0,1.0,0.0,0.0,0.0,0.0,0.0,0.0,0.0,0.0,0.0,0.0,100.0,0.0,nan,0.0,0.0,0.0,0.0,0.0,0.0,0.0,0.0,4.0,1.0,1.0,0.0,0.0,0.0,0.0,0.0,0.0,0.0,0,0.0,,0.0,0.0,0,0.0,0.0,,-0.10799999999999998,-0.098,,
2025,CL,中日ドラゴンズ,11515133,大野　雄大,Y.Oono,20.0,41.0,32.0,0.0,1.0,0.0,0.0,0.0,1.0,0.0,0.0,0,8.0,0.0,1.0,0,0.0,19.0,0.0,0.031,0.061,0.031,0.092,1.0,0.0,0.03,0.061,2.4390243902439024,46.34146341463415,0.05263157894736842,0.07692307692307693,0.035199999999999995,71.33333333333333,0.03125,0.06451612903225806,0.031,1.0,0.0,0.0,20.0,41.0,32.0,1.0,0.0,0.0,0.0,0.061,0.031,1.0,0,0.0,,1.0,0.0,0,8.0,0.0,,-2.0919457994579886,-1.7820000000000003,,
2025,CL,東京ヤクルトスワローズ,11515137,小川　泰弘,Y.Ogawa,13.0,28.0,22.0,0.0,1.0,1.0,0.0,0.0,2.0,1.0,0.0,0,5.0,1.0,0.0,0,0.0,10.0,0.0,0.045,0.043,0.091,0.134,0.0,0.046,-0.0020000000000000018,0.089,0.0,35.714285714285715,0.0,0.07692307692307693,0.0421,73.33333333333333,0.045454545454545456,0.09523809523809523,0.045,1.0,0.0,1.0,13.0,28.0,22.0,0.0,1.0,0.0,0.0,0.043,0.091,0.0,0,0.0,,2.0,0.0,0,5.0,1.0,,-1.1459682539682525,-0.6799999999999999,,
2025,CL,阪神タイガース,11515155,岡留　英貴,H.Okadome,10.0,0.0,0.0,0.0,0.0,0.0,0.0,0.0,0.0,0.0,0.0,0,0.0,0.0,0.0,0,0.0,0.0,0.0,,,,nan,0.0,,,,nan,nan,nan,nan,nan,nan,nan,nan,,0.0,0.0,0.0,10.0,0.0,0.0,0.0,0.0,0.0,0.0,,,0.0,0,0.0,,0.0,0.0,0,0.0,0.0,,nan,0.0,,
2025,CL,読売ジャイアンツ,11515157,門脇　誠,M.Kadowaki,81.0,176.0,157.0,14.0,35.0,6.0,1.0,0.0,43.0,4.0,6,1,8.0,0.0,10.0,0,1.0,32.0,2.0,0.223,0.274,0.274,0.548,28.0,0.05100000000000002,0.05100000000000002,0.325,5.681818181818182,18.181818181818183,0.3125,0.28,0.19180000000000003,365.33333333333337,0.1464968152866242,0.48,0.223,35.0,0.0,4.0,81.0,176.0,157.0,28.0,6.0,1.0,14.0,0.274,0.274,10.0,0,1.0,,43.0,6,1,8.0,0.0,,12.29955303030303,12.203999999999999,,
2025,CL,東京ヤクルトスワローズ,11615134,長谷川　宙輝,H.Hasegawa,4.0,0.0,0.0,0.0,0.0,0.0,0.0,0.0,0.0,0.0,0.0,0,0.0,0.0,0.0,0,0.0,0.0,0.0,,,,nan,0.0,,,,nan,nan,nan,nan,nan,nan,nan,nan,,0.0,0.0,0.0,4.0,0.0,0.0,0.0,0.0,0.0,0.0,,,0.0,0,0.0,,0.0,0.0,0,0.0,0.0,,nan,0.0,,
2025,CL,東京ヤクルトスワローズ,11615157,橋本　星哉,S.Hashimoto,15.0,17.0,16.0,0.0,2.0,0.0,0.0,0.0,2.0,0.0,0.0,0,0.0,0.0,1.0,0,0.0,4.0,1.0,0.125,0.176,0.125,0.301,2.0,0.0,0.05099999999999999,0.176,5.88235294117647,23.52941176470588,0.25,0.16666666666666666,0.11044999999999999,217.66666666666666,0.0625,0.2,0.125,2.0,0.0,0.0,15.0,17.0,16.0,2.0,0.0,0.0,0.0,0.176,0.125,1.0,0,0.0,,2.0,0.0,0,0.0,0.0,,-0.43469281045751806,-0.32199999999999984,,
2025,CL,東京ヤクルトスワローズ,11815134,星　知弥,T.Hoshi,44.0,0.0,0.0,0.0,0.0,0.0,0.0,0.0,0.0,0.0,0.0,0,0.0,0.0,0.0,0,0.0,0.0,0.0,,,,nan,0.0,,,,nan,nan,nan,nan,nan,nan,nan,nan,,0.0,0.0,0.0,44.0,0.0,0.0,0.0,0.0,0.0,0.0,,,0.0,0,0.0,,0.0,0.0,0,0.0,0.0,,nan,0.0,,
2025,CL,東京ヤクルトスワローズ,11815136,増田　珠,S.Masuda,75.0,132.0,116.0,9.0,27.0,4.0,2.0,1.0,38.0,11.0,1,0,2.0,0.0,10.0,0,4.0,19.0,2.0,0.233,0.315,0.328,0.643,20.0,0.095,0.08199999999999999,0.41,7.575757575757576,14.393939393939394,0.5263157894736842,0.2708333333333333,0.22375,424.3333333333333,0.1896551724137931,0.5824175824175825,0.233,27.0,1.0,11.0,75.0,132.0,116.0,20.0,4.0,2.0,9.0,0.315,0.328,10.0,0,4.0,,38.0,1,0,2.0,0.0,,12.609398989898992,12.517999999999999,,
2025,CL,中日ドラゴンズ,11915130,齋藤　綱記,K.Saitou,42.0,0.0,0.0,0.0,0.0,0.0,0.0,0.0,0.0,0.0,0.0,0,0.0,0.0,0.0,0,0.0,0.0,0.0,,,,nan,0.0,,,,nan,nan,nan,nan,nan,nan,nan,nan,,0.0,0.0,0.0,42.0,0.0,0.0,0.0,0.0,0.0,0.0,,,0.0,0,0.0,,0.0,0.0,0,0.0,0.0,,nan,0.0,,
2025,CL,阪神タイガース,11915132,坂本　誠志郎,S.Sakamoto,117.0,414.0,340.0,21.0,84.0,19.0,1.0,2.0,111.0,27.0,2,2,16.0,0.0,53.0,0,5.0,91.0,6.0,0.247,0.357,0.326,0.683,62.0,0.07900000000000001,0.10999999999999999,0.436,12.80193236714976,21.980676328502415,0.5824175824175825,0.3319838056680162,0.24214999999999998,465.6666666666667,0.23529411764705882,0.6477272727272727,0.247,84.0,2.0,27.0,117.0,414.0,340.0,62.0,19.0,1.0,21.0,0.357,0.326,53.0,0,5.0,,111.0,2,2,16.0,0.0,,43.549768115942015,42.69200000000001,,
2025,CL,広島東洋カープ,11915134,坂倉　将吾,S.Sakakura,104.0,399.0,345.0,29.0,82.0,26.0,1.0,5.0,125.0,37.0,1,0,4.0,3.0,43.0,0,4.0,72.0,8.0,0.238,0.327,0.362,0.6890000000000001,50.0,0.124,0.08900000000000002,0.451,10.776942355889723,18.045112781954884,0.5972222222222222,0.28413284132841327,0.23765,447.66666666666663,0.25217391304347825,0.6383763837638377,0.238,82.0,5.0,37.0,104.0,399.0,345.0,50.0,26.0,1.0,29.0,0.327,0.362,43.0,0,4.0,,125.0,1,0,4.0,3.0,,42.30680200501246,42.184000000000005,,
2025,CL,東京ヤクルトスワローズ,11915153,木澤　尚文,N.Kizawa,42.0,0.0,0.0,0.0,0.0,0.0,0.0,0.0,0.0,0.0,0.0,0,0.0,0.0,0.0,0,0.0,0.0,0.0,,,,nan,0.0,,,,nan,nan,nan,nan,nan,nan,nan,nan,,0.0,0.0,0.0,42.0,0.0,0.0,0.0,0.0,0.0,0.0,,,0.0,0,0.0,,0.0,0.0,0,0.0,0.0,,nan,0.0,,
2025,CL,阪神タイガース,1305130,植田　海,K.Ueda,42.0,19.0,17.0,10.0,1.0,1.0,0.0,0.0,2.0,1.0,4,0,0.0,0.0,2.0,0,0.0,9.0,0.0,0.059,0.158,0.118,0.276,0.0,0.059,0.099,0.217,10.526315789473683,47.368421052631575,0.2222222222222222,0.125,0.1006,197.33333333333334,0.4117647058823529,0.5,0.059,1.0,0.0,1.0,42.0,19.0,17.0,0.0,1.0,0.0,10.0,0.158,0.118,2.0,0,0.0,,2.0,4,0,0.0,0.0,,0.46705263157894805,0.6080000000000002,,
2025,CL,中日ドラゴンズ,1305131,大島　洋平,Y.Ooshima,59.0,98.0,95.0,8.0,23.0,0.0,0.0,0.0,23.0,4.0,4,0,0.0,0.0,3.0,0,0.0,14.0,0.0,0.242,0.265,0.242,0.507,23.0,0.0,0.02300000000000002,0.265,3.061224489795918,14.285714285714285,0.21428571428571427,0.2839506172839506,0.17975000000000002,345.6666666666667,0.07368421052631578,0.4166666666666667,0.242,23.0,0.0,4.0,59.0,98.0,95.0,23.0,0.0,0.0,8.0,0.265,0.242,3.0,0,0.0,,23.0,4,0,0.0,0.0,,6.542748299319726,6.648,,
2025,CL,横浜DeNAベイスターズ,1305138,大貫　晋一,S.Oonuki,11.0,18.0,18.0,2.0,2.0,0.0,0.0,0.0,2.0,0.0,0.0,0,0.0,0.0,0.0,0,0.0,8.0,0.0,0.111,0.111,0.111,0.222,2.0,0.0,0.0,0.111,0.0,44.44444444444444,0.0,0.2,0.0777,148.0,0.0,0.125,0.111,2.0,0.0,0.0,11.0,18.0,18.0,2.0,0.0,0.0,2.0,0.111,0.111,0.0,0,0.0,,2.0,0.0,0,0.0,0.0,,-0.6422716049382711,-0.504,,
2025,CL,広島東洋カープ,13115136,山足　達也,T.Yamaashi,11.0,14.0,9.0,2.0,1.0,0.0,0.0,0.0,1.0,1.0,0.0,0,3.0,0.0,2.0,0,0.0,0.0,1.0,0.111,0.273,0.111,0.384,1.0,0.0,0.16200000000000003,0.273,14.285714285714285,0.0,nan,0.1111111111111111,0.1506,310.0,0.2222222222222222,0.3333333333333333,0.111,1.0,0.0,1.0,11.0,14.0,9.0,1.0,0.0,0.0,2.0,0.273,0.111,2.0,0,0.0,,1.0,0.0,0,3.0,0.0,,0.1453650793650798,0.2100000000000002,,
2025,CL,横浜DeNAベイスターズ,13115153,牧　秀悟,S.Maki,93.0,391.0,364.0,48.0,101.0,24.0,0.0,16.0,173.0,49.0,3,4,0.0,1.0,16.0,0,10.0,76.0,6.0,0.277,0.325,0.475,0.8,61.0,0.19799999999999995,0.04799999999999999,0.5229999999999999,4.092071611253197,19.437340153452684,0.21052631578947367,0.31135531135531136,0.265,483.3333333333333,0.23901098901098902,0.73992673992674,0.277,101.0,16.0,49.0,93.0,391.0,364.0,61.0,24.0,0.0,48.0,0.325,0.475,16.0,0,10.0,,173.0,3,4,0.0,1.0,,53.86366069906222,52.792,,
2025,CL,読売ジャイアンツ,13115157,三塚　琉生,R.Mitsuka,6.0,12.0,12.0,0.0,0.0,0.0,0.0,0.0,0.0,0.0,0.0,0,0.0,0.0,0.0,0,0.0,8.0,0.0,0.0,0.0,0.0,0.0,0.0,0.0,0.0,0.0,0.0,66.66666666666666,0.0,0.0,0.0,0.0,0.0,0.0,0.0,0.0,0.0,0.0,6.0,12.0,12.0,0.0,0.0,0.0,0.0,0.0,0.0,0.0,0,0.0,,0.0,0.0,0,0.0,0.0,,-1.2640000000000011,-1.1440000000000001,,
2025,CL,阪神タイガース,13315153,村上　頌樹,S.Murakami,26.0,61.0,53.0,0.0,4.0,0.0,0.0,0.0,4.0,0.0,0.0,0,7.0,0.0,1.0,0,0.0,31.0,1.0,0.075,0.093,0.075,0.16799999999999998,4.0,0.0,0.018000000000000002,0.093,1.639344262295082,50.81967213114754,0.03225806451612903,0.18181818181818182,0.0606,118.0,0.018867924528301886,0.1,0.075,4.0,0.0,0.0,26.0,61.0,53.0,4.0,0.0,0.0,0.0,0.093,0.075,1.0,0,0.0,,4.0,0.0,0,7.0,0.0,,-2.838040072859741,-2.4080000000000004,,
2025,CL,横浜DeNAベイスターズ,13715132,D.ビシエド,D.Viciedo,43.0,90.0,81.0,8.0,21.0,4.0,0.0,2.0,31.0,6.0,0.0,0,0.0,1.0,6.0,0,2.0,8.0,3.0,0.259,0.322,0.383,0.7050000000000001,15.0,0.124,0.063,0.446,6.666666666666667,8.88888888888889,0.75,0.2638888888888889,0.24065,449.6666666666667,0.19753086419753085,0.6190476190476191,0.259,21.0,2.0,6.0,43.0,90.0,81.0,15.0,4.0,0.0,8.0,0.322,0.383,6.0,0,2.0,,31.0,0.0,0,0.0,1.0,,9.636469135802486,9.775999999999998,,
2025,CL,横浜DeNAベイスターズ,13715159,A.ケイ,A.Kay,24.0,49.0,36.0,1.0,4.0,1.0,0.0,0.0,5.0,2.0,0.0,0,12.0,0.0,1.0,0,0.0,19.0,0.0,0.111,0.135,0.139,0.274,3.0,0.02800000000000001,0.024000000000000007,0.163,2.0408163265306123,38.775510204081634,0.05263157894736842,0.23529411764705882,0.0955,181.33333333333334,0.05555555555555555,0.1875,0.111,4.0,0.0,2.0,24.0,49.0,36.0,3.0,1.0,0.0,1.0,0.135,0.139,1.0,0,0.0,,5.0,0.0,0,12.0,0.0,,-0.16138321995465077,0.007999999999999563,,
2025,CL,広島東洋カープ,1405116,松山　竜平,R.Matsuyama,1.0,1.0,1.0,0.0,0.0,0.0,0.0,0.0,0.0,0.0,0.0,0,0.0,0.0,0.0,0,0.0,0.0,1.0,0.0,0.0,0.0,0.0,0.0,0.0,0.0,0.0,0.0,0.0,nan,0.0,0.0,0.0,0.0,0.0,0.0,0.0,0.0,0.0,1.0,1.0,1.0,0.0,0.0,0.0,0.0,0.0,0.0,0.0,0,0.0,,0.0,0.0,0,0.0,0.0,,-0.43333333333333346,-0.45999999999999996,,
2025,CL,広島東洋カープ,1405130,野間　峻祥,T.Noma,79.0,166.0,154.0,10.0,38.0,3.0,2.0,0.0,45.0,15.0,2,0,0.0,1.0,10.0,0,1.0,30.0,3.0,0.247,0.295,0.292,0.587,33.0,0.044999999999999984,0.04799999999999999,0.3399999999999999,6.024096385542169,18.072289156626507,0.3333333333333333,0.304,0.20575,392.3333333333333,0.12337662337662338,0.48739495798319327,0.247,38.0,0.0,15.0,79.0,166.0,154.0,33.0,3.0,2.0,10.0,0.295,0.292,10.0,0,1.0,,45.0,2,0,0.0,1.0,,13.24028647925033,13.420000000000005,,
2025,CL,広島東洋カープ,1405138,林　晃汰,K.Hayashi,22.0,49.0,48.0,2.0,9.0,0.0,0.0,2.0,15.0,4.0,0.0,0,0.0,0.0,1.0,0,0.0,18.0,0.0,0.188,0.204,0.312,0.516,7.0,0.124,0.015999999999999986,0.3279999999999999,2.0408163265306123,36.734693877551024,0.05555555555555555,0.25,0.1698,308.0,0.14583333333333334,0.41025641025641024,0.188,9.0,2.0,4.0,22.0,49.0,48.0,7.0,0.0,0.0,2.0,0.204,0.312,1.0,0,0.0,,15.0,0.0,0,0.0,0.0,,2.6924535147392206,3.066,,
2025,CL,横浜DeNAベイスターズ,1405139,森　唯斗,Y.Mori,2.0,2.0,2.0,0.0,0.0,0.0,0.0,0.0,0.0,0.0,0.0,0,0.0,0.0,0.0,0,0.0,2.0,0.0,0.0,0.0,0.0,0.0,0.0,0.0,0.0,0.0,0.0,100.0,0.0,nan,0.0,0.0,0.0,0.0,0.0,0.0,0.0,0.0,2.0,2.0,2.0,0.0,0.0,0.0,0.0,0.0,0.0,0.0,0,0.0,,0.0,0.0,0,0.0,0.0,,-0.21599999999999997,-0.196,,
2025,CL,広島東洋カープ,1405155,中村　健人,K.Nakamura,4.0,10.0,6.0,1.0,0.0,0.0,0.0,0.0,0.0,0.0,1,0,0.0,0.0,3.0,0,1.0,1.0,0.0,0.0,0.4,0.0,0.4,0.0,0.0,0.4,0.4,30.0,10.0,3.0,0.0,0.18000000000000002,400.0,0.6666666666666666,0.8333333333333334,0.0,0.0,0.0,0.0,4.0,10.0,6.0,0.0,0.0,0.0,1.0,0.4,0.0,3.0,0,1.0,,0.0,1,0,0.0,0.0,,0.8466666666666658,0.9920000000000001,,
2025,CL,読売ジャイアンツ,1505132,オコエ　瑠偉,R.Okoe,61.0,140.0,126.0,12.0,31.0,4.0,2.0,0.0,39.0,5.0,3,3,6.0,0.0,7.0,0,1.0,29.0,1.0,0.246,0.291,0.31,0.601,25.0,0.064,0.044999999999999984,0.355,5.0,20.714285714285715,0.2413793103448276,0.31958762886597936,0.20844999999999997,394.3333333333333,0.11904761904761904,0.5050505050505051,0.246,31.0,0.0,5.0,61.0,140.0,126.0,25.0,4.0,2.0,12.0,0.291,0.31,7.0,0,1.0,,39.0,3,3,6.0,0.0,,11.007944444444462,10.847999999999999,,
2025,CL,東京ヤクルトスワローズ,1505157,北村　恵吾,K.Kitamura,46.0,141.0,120.0,15.0,32.0,10.0,0.0,5.0,57.0,19.0,0,1,1.0,1.0,15.0,0,4.0,20.0,3.0,0.267,0.364,0.475,0.839,17.0,0.20799999999999996,0.09699999999999998,0.572,10.638297872340425,14.184397163120568,0.75,0.28125,0.28254999999999997,522.3333333333334,0.325,0.8260869565217391,0.267,32.0,5.0,19.0,46.0,141.0,120.0,17.0,10.0,0.0,15.0,0.364,0.475,15.0,0,4.0,,57.0,0,1,1.0,1.0,,20.517777777777752,20.259999999999998,,
2025,CL,読売ジャイアンツ,1605138,増田　陸,R.Masuda,87.0,286.0,264.0,22.0,61.0,10.0,0.0,5.0,86.0,21.0,0,3,3.0,3.0,13.0,0,3.0,62.0,4.0,0.231,0.272,0.326,0.5980000000000001,46.0,0.095,0.04100000000000001,0.367,4.545454545454546,21.678321678321677,0.20967741935483872,0.28,0.20390000000000003,380.6666666666667,0.13257575757575757,0.4857142857142857,0.231,61.0,5.0,21.0,87.0,286.0,264.0,46.0,10.0,0.0,22.0,0.272,0.326,13.0,0,3.0,,86.0,0,3,3.0,3.0,,21.61580108780106,22.863999999999997,,
2025,CL,東京ヤクルトスワローズ,1705132,小澤　怜史,R.Kozawa,25.0,0.0,0.0,0.0,0.0,0.0,0.0,0.0,0.0,0.0,0.0,0,0.0,0.0,0.0,0,0.0,0.0,0.0,,,,nan,0.0,,,,nan,nan,nan,nan,nan,nan,nan,nan,,0.0,0.0,0.0,25.0,0.0,0.0,0.0,0.0,0.0,0.0,,,0.0,0,0.0,,0.0,0.0,0,0.0,0.0,,nan,0.0,,
2025,CL,東京ヤクルトスワローズ,1705134,古賀　優大,Y.Koga,87.0,291.0,264.0,16.0,74.0,11.0,0.0,2.0,91.0,16.0,2,0,9.0,2.0,12.0,0,4.0,23.0,14.0,0.28,0.319,0.345,0.6639999999999999,61.0,0.06499999999999995,0.03899999999999998,0.3839999999999999,4.123711340206185,7.903780068728522,0.5217391304347826,0.2987551867219917,0.2298,434.0,0.11742424242424243,0.5343137254901961,0.28,74.0,2.0,16.0,87.0,291.0,264.0,61.0,11.0,0.0,16.0,0.319,0.345,12.0,0,4.0,,91.0,2,0,9.0,2.0,,26.269053837342483,25.735999999999997,,
2025,CL,広島東洋カープ,1705138,小園　海斗,K.Kozono,138.0,573.0,521.0,51.0,161.0,24.0,4.0,3.0,202.0,47.0,12,7,3.0,2.0,42.0,0,5.0,47.0,9.0,0.309,0.365,0.388,0.753,130.0,0.07900000000000001,0.055999999999999994,0.444,7.329842931937172,8.202443280977311,0.8936170212765957,0.33403805496828753,0.26125,494.3333333333333,0.1689059500959693,0.6941489361702128,0.309,161.0,3.0,47.0,138.0,573.0,521.0,130.0,24.0,4.0,51.0,0.365,0.388,42.0,0,5.0,,202.0,12,7,3.0,2.0,,74.51171378708545,71.414,,
2025,CL,阪神タイガース,1705155,桐敷　拓馬,T.Kirishiki,43.0,0.0,0.0,0.0,0.0,0.0,0.0,0.0,0.0,0.0,0.0,0,0.0,0.0,0.0,0,0.0,0.0,0.0,,,,nan,0.0,,,,nan,nan,nan,nan,nan,nan,nan,nan,,0.0,0.0,0.0,43.0,0.0,0.0,0.0,0.0,0.0,0.0,,,0.0,0,0.0,,0.0,0.0,0,0.0,0.0,,nan,0.0,,
2025,CL,東京ヤクルトスワローズ,1805136,宮本　丈,T.Miyamoto,80.0,106.0,89.0,4.0,23.0,4.0,0.0,0.0,27.0,9.0,1,0,2.0,0.0,14.0,0,1.0,20.0,2.0,0.258,0.365,0.303,0.6679999999999999,19.0,0.044999999999999984,0.10699999999999998,0.41,13.20754716981132,18.867924528301888,0.7,0.3333333333333333,0.24,465.99999999999994,0.21348314606741572,0.6323529411764706,0.258,23.0,0.0,9.0,80.0,106.0,89.0,19.0,4.0,0.0,4.0,0.365,0.303,14.0,0,1.0,,27.0,1,0,2.0,0.0,,11.14088050314463,10.899999999999999,,
2025,CL,中日ドラゴンズ,1905136,清水　達也,T.Shimizu,55.0,0.0,0.0,0.0,0.0,0.0,0.0,0.0,0.0,0.0,0.0,0,0.0,0.0,0.0,0,0.0,0.0,0.0,,,,nan,0.0,,,,nan,nan,nan,nan,nan,nan,nan,nan,,0.0,0.0,0.0,55.0,0.0,0.0,0.0,0.0,0.0,0.0,,,0.0,0,0.0,,0.0,0.0,0,0.0,0.0,,nan,0.0,,
2025,CL,横浜DeNAベイスターズ,1905139,平良　拳太郎,K.Taira,12.0,18.0,16.0,0.0,0.0,0.0,0.0,0.0,0.0,0.0,0.0,0,2.0,0.0,0.0,0,0.0,8.0,0.0,0.0,0.0,0.0,0.0,0.0,0.0,0.0,0.0,0.0,44.44444444444444,0.0,0.0,0.0,0.0,0.0,0.0,0.0,0.0,0.0,0.0,12.0,18.0,16.0,0.0,0.0,0.0,0.0,0.0,0.0,0.0,0,0.0,,0.0,0.0,0,2.0,0.0,,-1.581333333333335,-1.424,,
2025,CL,中日ドラゴンズ,21025157,田中　幹也,M.Tanaka,95.0,365.0,315.0,33.0,85.0,13.0,1.0,1.0,103.0,21.0,12,2,22.0,2.0,24.0,0,2.0,35.0,2.0,0.27,0.324,0.327,0.651,70.0,0.056999999999999995,0.05399999999999999,0.381,6.575342465753424,9.58904109589041,0.6857142857142857,0.298932384341637,0.22755000000000003,433.0,0.16507936507936508,0.6025641025641025,0.27,85.0,1.0,21.0,95.0,365.0,315.0,70.0,13.0,1.0,33.0,0.324,0.327,24.0,0,2.0,,103.0,12,2,22.0,2.0,,37.801409436834035,37.099999999999994,,
2025,CL,東京ヤクルトスワローズ,21125137,石山　泰稚,T.Ishiyama,42.0,0.0,0.0,0.0,0.0,0.0,0.0,0.0,0.0,0.0,0.0,0,0.0,0.0,0.0,0,0.0,0.0,0.0,,,,nan,0.0,,,,nan,nan,nan,nan,nan,nan,nan,nan,,0.0,0.0,0.0,42.0,0.0,0.0,0.0,0.0,0.0,0.0,,,0.0,0,0.0,,0.0,0.0,0,0.0,0.0,,nan,0.0,,
2025,CL,広島東洋カープ,21125151,石原　貴規,T.Ishihara,51.0,116.0,104.0,4.0,20.0,4.0,0.0,0.0,24.0,3.0,0.0,0,5.0,0.0,4.0,0,3.0,29.0,3.0,0.192,0.243,0.231,0.474,16.0,0.03900000000000001,0.05099999999999999,0.282,3.4482758620689653,25.0,0.13793103448275862,0.26666666666666666,0.1671,320.0,0.07692307692307693,0.3563218390804598,0.192,20.0,0.0,3.0,51.0,116.0,104.0,16.0,4.0,0.0,4.0,0.243,0.231,4.0,0,3.0,,24.0,0.0,0,5.0,0.0,,4.394482758620683,4.557999999999999,,
2025,CL,横浜DeNAベイスターズ,21125159,石田　裕太郎,Y.Ishida,21.0,26.0,23.0,1.0,2.0,0.0,0.0,0.0,2.0,2.0,0.0,0,2.0,0.0,1.0,0,0.0,8.0,0.0,0.087,0.125,0.087,0.212,2.0,0.0,0.038000000000000006,0.125,3.8461538461538463,30.76923076923077,0.125,0.13333333333333333,0.078,154.0,0.043478260869565216,0.14285714285714285,0.087,2.0,0.0,2.0,21.0,26.0,23.0,2.0,0.0,0.0,1.0,0.125,0.087,1.0,0,0.0,,2.0,0.0,0,2.0,0.0,,-0.7391794871794879,-0.5339999999999999,,
2025,CL,東京ヤクルトスワローズ,21225133,西川　遥輝,H.Nishikawa,49.0,134.0,115.0,10.0,20.0,3.0,1.0,0.0,25.0,6.0,1,0,2.0,0.0,16.0,0,1.0,32.0,1.0,0.174,0.28,0.217,0.497,16.0,0.04300000000000001,0.10600000000000004,0.323,11.940298507462686,23.88059701492537,0.5,0.24096385542168675,0.18025000000000002,352.33333333333337,0.19130434782608696,0.4479166666666667,0.174,20.0,0.0,6.0,49.0,134.0,115.0,16.0,3.0,1.0,10.0,0.28,0.217,16.0,0,1.0,,25.0,1,0,2.0,0.0,,7.54296517412935,8.063999999999998,,
2025,CL,横浜DeNAベイスターズ,21225136,中川　虎大,K.Nakagawa,30.0,0.0,0.0,0.0,0.0,0.0,0.0,0.0,0.0,0.0,0.0,0,0.0,0.0,0.0,0,0.0,0.0,0.0,,,,nan,0.0,,,,nan,nan,nan,nan,nan,nan,nan,nan,,0.0,0.0,0.0,30.0,0.0,0.0,0.0,0.0,0.0,0.0,,,0.0,0,0.0,,0.0,0.0,0,0.0,0.0,,nan,0.0,,
2025,CL,中日ドラゴンズ,21225137,松葉　貴大,T.Matsuba,23.0,44.0,33.0,1.0,5.0,0.0,0.0,0.0,5.0,0.0,0.0,0,8.0,0.0,2.0,0,1.0,8.0,0.0,0.152,0.222,0.152,0.374,5.0,0.0,0.07,0.222,4.545454545454546,18.181818181818183,0.25,0.2,0.1379,272.6666666666667,0.06060606060606061,0.2857142857142857,0.152,5.0,0.0,0.0,23.0,44.0,33.0,5.0,0.0,0.0,1.0,0.222,0.152,2.0,0,1.0,,5.0,0.0,0,8.0,0.0,,1.0722424242424182,1.2560000000000002,,
2025,CL,阪神タイガース,21325134,大山　悠輔,Y.Ooyama,141.0,587.0,503.0,52.0,133.0,25.0,1.0,13.0,199.0,75.0,6,3,0.0,4.0,74.0,0,6.0,96.0,16.0,0.264,0.363,0.396,0.759,94.0,0.132,0.09899999999999998,0.495,12.60647359454855,16.35434412265758,0.7708333333333334,0.3015075376884422,0.26234999999999997,495.0,0.28429423459244535,0.7326478149100257,0.264,133.0,13.0,75.0,141.0,587.0,503.0,94.0,25.0,1.0,52.0,0.363,0.396,74.0,0,6.0,,199.0,6,3,0.0,4.0,,73.58583456369479,73.57200000000002,,
2025,CL,読売ジャイアンツ,21325136,大城　卓三,T.Ooshiro,56.0,99.0,91.0,6.0,17.0,3.0,0.0,3.0,29.0,10.0,0.0,0,0.0,1.0,6.0,0,1.0,27.0,4.0,0.187,0.242,0.319,0.5609999999999999,11.0,0.132,0.05499999999999999,0.374,6.0606060606060606,27.27272727272727,0.2222222222222222,0.22580645161290322,0.18864999999999998,348.3333333333333,0.1978021978021978,0.46153846153846156,0.187,17.0,3.0,10.0,56.0,99.0,91.0,11.0,3.0,0.0,6.0,0.242,0.319,6.0,0,1.0,,29.0,0.0,0,0.0,1.0,,5.596188552188565,6.374000000000003,,
2025,CL,広島東洋カープ,21325138,大盛　穂,M.Oomori,102.0,173.0,162.0,28.0,43.0,6.0,1.0,3.0,60.0,11.0,7,2,2.0,0.0,9.0,0,0.0,42.0,2.0,0.265,0.304,0.37,0.6739999999999999,33.0,0.10499999999999998,0.03899999999999998,0.409,5.202312138728324,24.277456647398843,0.21428571428571427,0.3418803418803419,0.2293,427.33333333333337,0.19135802469135801,0.6178861788617886,0.265,43.0,3.0,11.0,102.0,173.0,162.0,33.0,6.0,1.0,28.0,0.304,0.37,9.0,0,0.0,,60.0,7,2,2.0,0.0,,18.519129094412307,18.154,,
2025,CL,阪神タイガース,21325139,梅野　隆太郎,R.Umeno,52.0,132.0,118.0,7.0,26.0,4.0,0.0,0.0,30.0,2.0,2,3,6.0,0.0,7.0,0,1.0,29.0,2.0,0.22,0.27,0.254,0.524,22.0,0.034,0.05000000000000002,0.304,5.303030303030303,21.96969696969697,0.2413793103448276,0.29213483146067415,0.185,354.6666666666667,0.0847457627118644,0.41237113402061853,0.22,26.0,0.0,2.0,52.0,132.0,118.0,22.0,4.0,0.0,7.0,0.27,0.254,7.0,0,1.0,,30.0,2,3,6.0,0.0,,6.849398989899001,6.987999999999996,,
2025,CL,読売ジャイアンツ,21425116,丸　佳浩,Y.Maru,90.0,369.0,326.0,30.0,87.0,19.0,3.0,6.0,130.0,26.0,5,4,1.0,2.0,40.0,0,0.0,57.0,5.0,0.267,0.345,0.399,0.744,59.0,0.132,0.07799999999999996,0.477,10.840108401084011,15.447154471544716,0.7017543859649122,0.30566037735849055,0.255,478.0,0.25766871165644173,0.7056451612903226,0.267,87.0,6.0,26.0,90.0,369.0,326.0,59.0,19.0,3.0,30.0,0.345,0.399,40.0,0,0.0,,130.0,5,4,1.0,2.0,,45.79272146943691,45.124,,
2025,CL,中日ドラゴンズ,21425151,橋本　侑樹,Y.Hashimoto,42.0,0.0,0.0,0.0,0.0,0.0,0.0,0.0,0.0,0.0,0.0,0,0.0,0.0,0.0,0,0.0,0.0,0.0,,,,nan,0.0,,,,nan,nan,nan,nan,nan,nan,nan,nan,,0.0,0.0,0.0,42.0,0.0,0.0,0.0,0.0,0.0,0.0,,,0.0,0,0.0,,0.0,0.0,0,0.0,0.0,,nan,0.0,,
2025,CL,横浜DeNAベイスターズ,21425153,颯,H.Hayate（nakagawa,27.0,1.0,1.0,0.0,1.0,0.0,0.0,0.0,1.0,0.0,0.0,0,0.0,0.0,0.0,0,0.0,0.0,0.0,1.0,1.0,1.0,2.0,1.0,0.0,0.0,1.0,0.0,0.0,nan,1.0,0.7,1333.3333333333333,0.0,nan,1.0,1.0,0.0,0.0,27.0,1.0,1.0,1.0,0.0,0.0,0.0,1.0,1.0,0.0,0,0.0,,1.0,0.0,0,0.0,0.0,,0.611111111111111,0.5,,
2025,CL,東京ヤクルトスワローズ,21525136,北村　拓己,T.Kitamura,62.0,132.0,116.0,9.0,22.0,3.0,0.0,3.0,34.0,7.0,0,1,6.0,0.0,6.0,0,4.0,29.0,1.0,0.19,0.254,0.293,0.5469999999999999,16.0,0.10299999999999998,0.064,0.357,4.545454545454546,21.96969696969697,0.20689655172413793,0.2261904761904762,0.18755,351.6666666666667,0.14655172413793102,0.4583333333333333,0.19,22.0,3.0,7.0,62.0,132.0,116.0,16.0,3.0,0.0,9.0,0.254,0.293,6.0,0,4.0,,34.0,0,1,6.0,0.0,,8.158575757575761,8.738000000000003,,
2025,CL,中日ドラゴンズ,21525138,勝野　昌慶,A.Katsuno,25.0,0.0,0.0,0.0,0.0,0.0,0.0,0.0,0.0,0.0,0.0,0,0.0,0.0,0.0,0,0.0,0.0,0.0,,,,nan,0.0,,,,nan,nan,nan,nan,nan,nan,nan,nan,,0.0,0.0,0.0,25.0,0.0,0.0,0.0,0.0,0.0,0.0,,,0.0,0,0.0,,0.0,0.0,0,0.0,0.0,,nan,0.0,,
2025,CL,広島東洋カープ,21625130,塹江　敦哉,A.Horie,28.0,0.0,0.0,0.0,0.0,0.0,0.0,0.0,0.0,0.0,0.0,0,0.0,0.0,0.0,0,0.0,0.0,0.0,,,,nan,0.0,,,,nan,nan,nan,nan,nan,nan,nan,nan,,0.0,0.0,0.0,28.0,0.0,0.0,0.0,0.0,0.0,0.0,,,0.0,0,0.0,,0.0,0.0,0,0.0,0.0,,nan,0.0,,
2025,CL,中日ドラゴンズ,21625134,藤嶋　健人,K.Fujishima,60.0,0.0,0.0,0.0,0.0,0.0,0.0,0.0,0.0,0.0,0.0,0,0.0,0.0,0.0,0,0.0,0.0,0.0,,,,nan,0.0,,,,nan,nan,nan,nan,nan,nan,nan,nan,,0.0,0.0,0.0,60.0,0.0,0.0,0.0,0.0,0.0,0.0,,,0.0,0,0.0,,0.0,0.0,0,0.0,0.0,,nan,0.0,,
2025,CL,読売ジャイアンツ,21625151,堀田　賢慎,K.Hotta,8.0,5.0,5.0,1.0,2.0,0.0,0.0,0.0,2.0,0.0,0.0,0,0.0,0.0,0.0,0,0.0,2.0,0.0,0.4,0.4,0.4,0.8,2.0,0.0,0.0,0.4,0.0,40.0,0.0,0.6666666666666666,0.28,533.3333333333334,0.0,0.6666666666666666,0.4,2.0,0.0,0.0,8.0,5.0,5.0,2.0,0.0,0.0,1.0,0.4,0.4,0.0,0,0.0,,2.0,0.0,0,0.0,0.0,,0.7702222222222224,0.714,,
2025,CL,中日ドラゴンズ,21625157,樋口　正修,S.Higuchi,33.0,25.0,22.0,2.0,2.0,0.0,0.0,0.0,2.0,0.0,5,3,2.0,0.0,1.0,0,0.0,8.0,0.0,0.091,0.13,0.091,0.221,2.0,0.0,0.03900000000000001,0.13,4.0,32.0,0.125,0.14285714285714285,0.08125,160.33333333333331,0.13636363636363635,0.34782608695652173,0.091,2.0,0.0,0.0,33.0,25.0,22.0,2.0,0.0,0.0,2.0,0.13,0.091,1.0,0,0.0,,2.0,5,3,2.0,0.0,,-0.825333333333333,-0.5039999999999999,,
2025,CL,東京ヤクルトスワローズ,21825138,山野辺　翔,K.Yamanobe,17.0,24.0,19.0,2.0,4.0,1.0,0.0,0.0,5.0,2.0,2,0,2.0,0.0,2.0,0,1.0,2.0,0.0,0.211,0.318,0.263,0.581,3.0,0.05200000000000002,0.10700000000000001,0.37,8.333333333333332,8.333333333333332,1.0,0.23529411764705882,0.20885,405.6666666666667,0.2631578947368421,0.6666666666666666,0.211,4.0,0.0,2.0,17.0,24.0,19.0,3.0,1.0,0.0,2.0,0.318,0.263,2.0,0,1.0,,5.0,2,0,2.0,0.0,,2.3438703703703645,2.3139999999999996,,
2025,CL,読売ジャイアンツ,21825153,平内　龍太,R.Heinai,12.0,2.0,1.0,0.0,0.0,0.0,0.0,0.0,0.0,0.0,0.0,0,1.0,0.0,0.0,0,0.0,1.0,0.0,0.0,0.0,0.0,0.0,0.0,0.0,0.0,0.0,0.0,50.0,0.0,nan,0.0,0.0,0.0,0.0,0.0,0.0,0.0,0.0,12.0,2.0,1.0,0.0,0.0,0.0,0.0,0.0,0.0,0.0,0,0.0,,0.0,0.0,0,1.0,0.0,,-0.06666666666666665,-0.058,,
2025,CL,阪神タイガース,21825155,前川　右京,U.Maegawa,69.0,209.0,195.0,11.0,48.0,10.0,1.0,1.0,63.0,15.0,0,1,0.0,0.0,8.0,0,6.0,30.0,2.0,0.246,0.297,0.323,0.62,36.0,0.07700000000000001,0.05099999999999999,0.374,3.827751196172249,14.354066985645932,0.26666666666666666,0.2865853658536585,0.21439999999999998,404.6666666666667,0.11282051282051282,0.5133333333333333,0.246,48.0,1.0,15.0,69.0,209.0,195.0,36.0,10.0,1.0,11.0,0.297,0.323,8.0,0,6.0,,63.0,0,1,0.0,0.0,,18.359353535353506,17.909999999999997,,
2025,CL,横浜DeNAベイスターズ,21825157,松尾　汐恩,S.Matsuo,77.0,191.0,176.0,19.0,44.0,5.0,0.0,4.0,61.0,18.0,1,1,0.0,3.0,9.0,0,3.0,17.0,8.0,0.25,0.293,0.347,0.6399999999999999,35.0,0.09699999999999998,0.04299999999999998,0.3899999999999999,4.712041884816754,8.900523560209423,0.5294117647058824,0.25316455696202533,0.2186,408.66666666666663,0.14772727272727273,0.524822695035461,0.25,44.0,4.0,18.0,77.0,191.0,176.0,35.0,5.0,0.0,19.0,0.293,0.347,9.0,0,3.0,,61.0,1,1,0.0,3.0,,15.92416288539846,16.933999999999994,,
2025,CL,読売ジャイアンツ,21925132,重信　慎之介,S.Shigenobu,10.0,3.0,3.0,1.0,1.0,0.0,0.0,0.0,1.0,0.0,1,0,0.0,0.0,0.0,0,0.0,2.0,0.0,0.333,0.333,0.333,0.666,1.0,0.0,0.0,0.333,0.0,66.66666666666666,0.0,1.0,0.23310000000000003,444.0,0.3333333333333333,1.0,0.333,1.0,0.0,0.0,10.0,3.0,3.0,1.0,0.0,0.0,1.0,0.333,0.333,0.0,0,0.0,,1.0,1,0,0.0,0.0,,0.5131851851851845,0.48399999999999993,,
2025,CL,東京ヤクルトスワローズ,21925139,高梨　裕稔,H.Takanashi,17.0,27.0,24.0,1.0,1.0,0.0,0.0,0.0,1.0,0.0,0.0,0,3.0,0.0,0.0,0,0.0,15.0,0.0,0.042,0.042,0.042,0.084,1.0,0.0,0.0,0.042,0.0,55.55555555555556,0.0,0.1111111111111111,0.029400000000000003,56.0,0.0,0.043478260869565216,0.042,1.0,0.0,0.0,17.0,27.0,24.0,1.0,0.0,0.0,1.0,0.042,0.042,0.0,0,0.0,,1.0,0.0,0,3.0,0.0,,-1.7871934156378622,-1.5699999999999998,,
2025,CL,読売ジャイアンツ,21925155,笹原　操希,M.Sasahara,13.0,22.0,20.0,1.0,2.0,0.0,0.0,0.0,2.0,0.0,0.0,0,0.0,0.0,2.0,0,0.0,7.0,0.0,0.1,0.182,0.1,0.28200000000000003,2.0,0.0,0.08199999999999999,0.182,9.090909090909092,31.818181818181817,0.2857142857142857,0.15384615384615385,0.1069,215.33333333333331,0.1,0.2222222222222222,0.1,2.0,0.0,0.0,13.0,22.0,20.0,2.0,0.0,0.0,1.0,0.182,0.1,2.0,0,0.0,,2.0,0.0,0,0.0,0.0,,-0.20400000000000063,0.004000000000000115,,
2025,CL,阪神タイガース,21925159,椎葉　剛,T.Shiiba,3.0,0.0,0.0,0.0,0.0,0.0,0.0,0.0,0.0,0.0,0.0,0,0.0,0.0,0.0,0,0.0,0.0,0.0,,,,nan,0.0,,,,nan,nan,nan,nan,nan,nan,nan,nan,,0.0,0.0,0.0,3.0,0.0,0.0,0.0,0.0,0.0,0.0,,,0.0,0,0.0,,0.0,0.0,0,0.0,0.0,,nan,0.0,,
2025,CL,横浜DeNAベイスターズ,23125136,山本　祐大,Y.Yamamoto,104.0,344.0,313.0,22.0,82.0,19.0,2.0,3.0,114.0,41.0,0.0,0,4.0,7.0,16.0,0,4.0,40.0,5.0,0.262,0.3,0.364,0.6639999999999999,58.0,0.10199999999999998,0.03799999999999998,0.4019999999999999,4.651162790697675,11.627906976744185,0.4,0.2851985559566787,0.226,421.3333333333333,0.15335463258785942,0.5677966101694916,0.262,82.0,3.0,41.0,104.0,344.0,313.0,58.0,19.0,2.0,22.0,0.3,0.364,16.0,0,4.0,,114.0,0.0,0,4.0,7.0,,34.834353359173065,35.66999999999999,,
2025,CL,中日ドラゴンズ,23125155,三浦　瑞樹,M.Miura,7.0,9.0,8.0,1.0,1.0,0.0,0.0,0.0,1.0,0.0,0.0,0,0.0,0.0,1.0,0,0.0,2.0,0.0,0.125,0.222,0.125,0.347,1.0,0.0,0.097,0.222,11.11111111111111,22.22222222222222,0.5,0.16666666666666666,0.13115,263.6666666666667,0.125,0.2857142857142857,0.125,1.0,0.0,0.0,7.0,9.0,8.0,1.0,0.0,0.0,1.0,0.222,0.125,1.0,0,0.0,,1.0,0.0,0,0.0,0.0,,0.11629629629629434,0.19400000000000012,,
2025,CL,横浜DeNAベイスターズ,23125159,松本　凌人,R.Matsumoto,4.0,0.0,0.0,0.0,0.0,0.0,0.0,0.0,0.0,0.0,0.0,0,0.0,0.0,0.0,0,0.0,0.0,0.0,,,,nan,0.0,,,,nan,nan,nan,nan,nan,nan,nan,nan,,0.0,0.0,0.0,4.0,0.0,0.0,0.0,0.0,0.0,0.0,,,0.0,0,0.0,,0.0,0.0,0,0.0,0.0,,nan,0.0,,
2025,CL,読売ジャイアンツ,23225157,A.バルドナード,A.Baldonado,19.0,0.0,0.0,0.0,0.0,0.0,0.0,0.0,0.0,0.0,0.0,0,0.0,0.0,0.0,0,0.0,0.0,0.0,,,,nan,0.0,,,,nan,nan,nan,nan,nan,nan,nan,nan,,0.0,0.0,0.0,19.0,0.0,0.0,0.0,0.0,0.0,0.0,,,0.0,0,0.0,,0.0,0.0,0,0.0,0.0,,nan,0.0,,
2025,CL,東京ヤクルトスワローズ,23525153,J.オスナ,J.Osuna,141.0,574.0,528.0,38.0,135.0,22.0,0.0,14.0,199.0,67.0,4,1,0.0,5.0,40.0,0,1.0,76.0,13.0,0.256,0.307,0.377,0.6839999999999999,99.0,0.121,0.05099999999999999,0.428,6.968641114982578,13.240418118466899,0.5263157894736842,0.27313769751693,0.2324,432.66666666666663,0.20265151515151514,0.5995085995085995,0.256,135.0,14.0,67.0,141.0,574.0,528.0,99.0,22.0,0.0,38.0,0.307,0.377,40.0,0,1.0,,199.0,4,1,0.0,5.0,,59.95725203252016,60.902,,
2025,CL,読売ジャイアンツ,23925134,R.マルティネス,R.Martinez,58.0,0.0,0.0,0.0,0.0,0.0,0.0,0.0,0.0,0.0,0.0,0,0.0,0.0,0.0,0,0.0,0.0,0.0,,,,nan,0.0,,,,nan,nan,nan,nan,nan,nan,nan,nan,,0.0,0.0,0.0,58.0,0.0,0.0,0.0,0.0,0.0,0.0,,,0.0,0,0.0,,0.0,0.0,0,0.0,0.0,,nan,0.0,,
2025,CL,中日ドラゴンズ,3005159,C.ロドリゲス,C.Rodriguez,20.0,34.0,29.0,3.0,6.0,1.0,0.0,0.0,7.0,1.0,0.0,0,1.0,0.0,4.0,0,0.0,11.0,1.0,0.207,0.303,0.241,0.544,5.0,0.034,0.096,0.3369999999999999,11.76470588235294,32.35294117647059,0.36363636363636365,0.3333333333333333,0.1966,383.3333333333333,0.1724137931034483,0.4583333333333333,0.207,6.0,0.0,1.0,20.0,34.0,29.0,5.0,1.0,0.0,3.0,0.303,0.241,4.0,0,0.0,,7.0,0.0,0,1.0,0.0,,2.0396862745097977,2.0919999999999996,,
2025,CL,読売ジャイアンツ,3105151,山瀬　慎之助,S.Yamase,1.0,4.0,4.0,0.0,1.0,0.0,0.0,0.0,1.0,2.0,0.0,0,0.0,0.0,0.0,0,0.0,1.0,0.0,0.25,0.25,0.25,0.5,1.0,0.0,0.0,0.25,0.0,25.0,0.0,0.3333333333333333,0.175,333.3333333333333,0.0,0.3333333333333333,0.25,1.0,0.0,2.0,1.0,4.0,4.0,1.0,0.0,0.0,0.0,0.25,0.25,0.0,0,0.0,,1.0,0.0,0,0.0,0.0,,0.21894444444444439,0.222,,
2025,CL,中日ドラゴンズ,3105157,村松　開人,K.Muramatsu,54.0,186.0,158.0,9.0,28.0,3.0,1.0,2.0,39.0,10.0,2,0,9.0,3.0,13.0,0,3.0,39.0,1.0,0.177,0.249,0.247,0.496,22.0,0.07,0.07200000000000001,0.319,6.989247311827956,20.967741935483872,0.3333333333333333,0.21666666666666667,0.1738,331.3333333333333,0.16455696202531644,0.4351145038167939,0.177,28.0,2.0,10.0,54.0,186.0,158.0,22.0,3.0,1.0,9.0,0.249,0.247,13.0,0,3.0,,39.0,2,0,9.0,3.0,,10.24284468339306,11.967999999999998,,
2025,CL,東京ヤクルトスワローズ,3105159,松本　健吾,K.Matsumoto,23.0,1.0,1.0,0.0,0.0,0.0,0.0,0.0,0.0,0.0,0.0,0,0.0,0.0,0.0,0,0.0,1.0,0.0,0.0,0.0,0.0,0.0,0.0,0.0,0.0,0.0,0.0,100.0,0.0,nan,0.0,0.0,0.0,0.0,0.0,0.0,0.0,0.0,23.0,1.0,1.0,0.0,0.0,0.0,0.0,0.0,0.0,0.0,0,0.0,,0.0,0.0,0,0.0,0.0,,-0.10799999999999998,-0.098,,
2025,CL,広島東洋カープ,31135114,會澤　翼,T.Aizawa,24.0,55.0,43.0,4.0,5.0,1.0,0.0,0.0,6.0,1.0,0,1,3.0,0.0,7.0,0,2.0,16.0,1.0,0.116,0.269,0.14,0.40900000000000003,4.0,0.024000000000000007,0.15300000000000002,0.293,12.727272727272727,29.09090909090909,0.4375,0.18518518518518517,0.15605000000000002,315.6666666666667,0.16279069767441862,0.375,0.116,5.0,0.0,1.0,24.0,55.0,43.0,4.0,1.0,0.0,4.0,0.269,0.14,7.0,0,2.0,,6.0,0,1,3.0,0.0,,1.24909090909091,1.661999999999999,,
2025,CL,広島東洋カープ,31135133,秋山　翔吾,S.Akiyama,64.0,157.0,145.0,12.0,38.0,6.0,0.0,1.0,47.0,5.0,0.0,0,1.0,0.0,9.0,0,2.0,27.0,2.0,0.262,0.314,0.324,0.638,31.0,0.062,0.05199999999999999,0.376,5.7324840764331215,17.197452229299362,0.3333333333333333,0.3162393162393162,0.2223,422.0,0.12413793103448276,0.5321100917431193,0.262,38.0,1.0,5.0,64.0,157.0,145.0,31.0,6.0,0.0,12.0,0.314,0.324,9.0,0,2.0,,47.0,0.0,0,1.0,0.0,,14.837157820240634,14.453999999999999,,
2025,CL,広島東洋カープ,31135134,アドゥワ　誠,M.Adoぅwa,4.0,3.0,3.0,0.0,0.0,0.0,0.0,0.0,0.0,0.0,0.0,0,0.0,0.0,0.0,0,0.0,2.0,0.0,0.0,0.0,0.0,0.0,0.0,0.0,0.0,0.0,0.0,66.66666666666666,0.0,0.0,0.0,0.0,0.0,0.0,0.0,0.0,0.0,0.0,4.0,3.0,3.0,0.0,0.0,0.0,0.0,0.0,0.0,0.0,0,0.0,,0.0,0.0,0,0.0,0.0,,-0.3160000000000003,-0.28600000000000003,,
2025,CL,広島東洋カープ,31235133,中﨑　翔太,S.Nakazaki,51.0,0.0,0.0,0.0,0.0,0.0,0.0,0.0,0.0,0.0,0.0,0,0.0,0.0,0.0,0,0.0,0.0,0.0,,,,nan,0.0,,,,nan,nan,nan,nan,nan,nan,nan,nan,,0.0,0.0,0.0,51.0,0.0,0.0,0.0,0.0,0.0,0.0,,,0.0,0,0.0,,0.0,0.0,0,0.0,0.0,,nan,0.0,,
2025,CL,広島東洋カープ,31235159,滝田　一希,K.Takita,7.0,0.0,0.0,0.0,0.0,0.0,0.0,0.0,0.0,0.0,0.0,0,0.0,0.0,0.0,0,0.0,0.0,0.0,,,,nan,0.0,,,,nan,nan,nan,nan,nan,nan,nan,nan,,0.0,0.0,0.0,7.0,0.0,0.0,0.0,0.0,0.0,0.0,,,0.0,0,0.0,,0.0,0.0,0,0.0,0.0,,nan,0.0,,
2025,CL,中日ドラゴンズ,31335116,岩嵜　翔,S.Iwasaki,4.0,0.0,0.0,0.0,0.0,0.0,0.0,0.0,0.0,0.0,0.0,0,0.0,0.0,0.0,0,0.0,0.0,0.0,,,,nan,0.0,,,,nan,nan,nan,nan,nan,nan,nan,nan,,0.0,0.0,0.0,4.0,0.0,0.0,0.0,0.0,0.0,0.0,,,0.0,0,0.0,,0.0,0.0,0,0.0,0.0,,nan,0.0,,
2025,CL,広島東洋カープ,31335137,上本　崇司,T.Uemoto,21.0,31.0,27.0,1.0,5.0,1.0,0.0,0.0,6.0,0.0,0.0,0,2.0,0.0,2.0,0,0.0,8.0,1.0,0.185,0.241,0.222,0.46299999999999997,4.0,0.037000000000000005,0.055999999999999994,0.278,6.451612903225806,25.806451612903224,0.25,0.2631578947368421,0.16395,315.0,0.1111111111111111,0.34782608695652173,0.185,5.0,0.0,0.0,21.0,31.0,27.0,4.0,1.0,0.0,1.0,0.241,0.222,2.0,0,0.0,,6.0,0.0,0,2.0,0.0,,1.0151827956989194,1.0659999999999996,,
2025,CL,阪神タイガース,31335139,岩崎　優,S.Iwazaki,53.0,0.0,0.0,0.0,0.0,0.0,0.0,0.0,0.0,0.0,0.0,0,0.0,0.0,0.0,0,0.0,0.0,0.0,,,,nan,0.0,,,,nan,nan,nan,nan,nan,nan,nan,nan,,0.0,0.0,0.0,53.0,0.0,0.0,0.0,0.0,0.0,0.0,,,0.0,0,0.0,,0.0,0.0,0,0.0,0.0,,nan,0.0,,
2025,CL,阪神タイガース,31335151,井上　広大,K.Inoue,1.0,3.0,3.0,0.0,0.0,0.0,0.0,0.0,0.0,0.0,1,0,0.0,0.0,0.0,0,0.0,2.0,0.0,0.0,0.0,0.0,0.0,0.0,0.0,0.0,0.0,0.0,66.66666666666666,0.0,0.0,0.0,0.0,0.3333333333333333,0.3333333333333333,0.0,0.0,0.0,0.0,1.0,3.0,3.0,0.0,0.0,0.0,0.0,0.0,0.0,0.0,0,0.0,,0.0,1,0,0.0,0.0,,-0.14533333333333376,-0.10600000000000001,,
2025,CL,横浜DeNAベイスターズ,31335159,井上　絢登,K.Inoue,12.0,31.0,29.0,2.0,5.0,0.0,0.0,2.0,11.0,7.0,0.0,0,0.0,1.0,1.0,0,0.0,6.0,0.0,0.172,0.194,0.379,0.573,3.0,0.20700000000000002,0.02200000000000002,0.401,3.225806451612903,19.35483870967742,0.16666666666666666,0.13636363636363635,0.18205,320.33333333333337,0.2413793103448276,0.5,0.172,5.0,2.0,7.0,12.0,31.0,29.0,3.0,0.0,0.0,2.0,0.194,0.379,1.0,0,0.0,,11.0,0.0,0,0.0,1.0,,2.2456774193548306,2.8819999999999997,,
2025,CL,阪神タイガース,31435155,豊田　寛,H.Toyoda,33.0,61.0,56.0,2.0,13.0,4.0,0.0,0.0,17.0,4.0,0.0,0,0.0,1.0,4.0,0,0.0,16.0,3.0,0.232,0.279,0.304,0.583,9.0,0.07199999999999998,0.047000000000000014,0.351,6.557377049180328,26.229508196721312,0.25,0.3170731707317073,0.20155,380.33333333333337,0.14285714285714285,0.45652173913043476,0.232,13.0,0.0,4.0,33.0,61.0,56.0,9.0,4.0,0.0,2.0,0.279,0.304,4.0,0,0.0,,17.0,0.0,0,0.0,1.0,,3.8519781420765113,4.002000000000001,,
2025,CL,広島東洋カープ,31435159,常廣　羽也斗,H.Tsunehiro,7.0,10.0,9.0,0.0,0.0,0.0,0.0,0.0,0.0,0.0,0.0,0,1.0,0.0,0.0,0,0.0,5.0,0.0,0.0,0.0,0.0,0.0,0.0,0.0,0.0,0.0,0.0,50.0,0.0,0.0,0.0,0.0,0.0,0.0,0.0,0.0,0.0,0.0,7.0,10.0,9.0,0.0,0.0,0.0,0.0,0.0,0.0,0.0,0,0.0,,0.0,0.0,0,1.0,0.0,,-0.8986666666666672,-0.8099999999999999,,
2025,CL,阪神タイガース,31535138,小幡　竜平,R.Obata,89.0,297.0,265.0,23.0,59.0,8.0,0.0,5.0,82.0,17.0,6,2,10.0,3.0,18.0,0,1.0,64.0,5.0,0.223,0.272,0.309,0.581,46.0,0.086,0.049000000000000016,0.358,6.0606060606060606,21.548821548821547,0.28125,0.271356783919598,0.19965,375.0,0.16981132075471697,0.5023474178403756,0.223,59.0,5.0,17.0,89.0,297.0,265.0,46.0,8.0,0.0,23.0,0.272,0.309,18.0,0,1.0,,82.0,6,2,10.0,3.0,,22.043303404414473,23.46799999999999,,
2025,CL,中日ドラゴンズ,31635110,涌井　秀章,H.Wakui,12.0,16.0,15.0,1.0,2.0,0.0,0.0,0.0,2.0,0.0,0.0,0,0.0,0.0,1.0,0,0.0,10.0,0.0,0.133,0.188,0.133,0.321,2.0,0.0,0.05499999999999999,0.188,6.25,62.5,0.1,0.4,0.11785000000000001,232.33333333333334,0.06666666666666667,0.23076923076923078,0.133,2.0,0.0,0.0,12.0,16.0,15.0,2.0,0.0,0.0,1.0,0.188,0.133,1.0,0,0.0,,2.0,0.0,0,0.0,0.0,,-0.0365000000000002,0.09000000000000008,,
2025,CL,阪神タイガース,31635134,畠　世周,S.Hatake,12.0,0.0,0.0,0.0,0.0,0.0,0.0,0.0,0.0,0.0,0.0,0,0.0,0.0,0.0,0,0.0,0.0,0.0,,,,nan,0.0,,,,nan,nan,nan,nan,nan,nan,nan,nan,,0.0,0.0,0.0,12.0,0.0,0.0,0.0,0.0,0.0,0.0,,,0.0,0,0.0,,0.0,0.0,0,0.0,0.0,,nan,0.0,,
2025,CL,横浜DeNAベイスターズ,31635157,橋本　達弥,T.Hashimoto,1.0,0.0,0.0,0.0,0.0,0.0,0.0,0.0,0.0,0.0,0.0,0,0.0,0.0,0.0,0,0.0,0.0,0.0,,,,nan,0.0,,,,nan,nan,nan,nan,nan,nan,nan,nan,,0.0,0.0,0.0,1.0,0.0,0.0,0.0,0.0,0.0,0.0,,,0.0,0,0.0,,0.0,0.0,0,0.0,0.0,,nan,0.0,,
2025,CL,読売ジャイアンツ,31635159,西舘　勇陽,Y.Nishidate,15.0,10.0,8.0,0.0,0.0,0.0,0.0,0.0,0.0,0.0,0.0,0,2.0,0.0,0.0,0,0.0,4.0,0.0,0.0,0.0,0.0,0.0,0.0,0.0,0.0,0.0,0.0,40.0,0.0,0.0,0.0,0.0,0.0,0.0,0.0,0.0,0.0,0.0,15.0,10.0,8.0,0.0,0.0,0.0,0.0,0.0,0.0,0.0,0,0.0,,0.0,0.0,0,2.0,0.0,,-0.7493333333333325,-0.672,,
2025,CL,東京ヤクルトスワローズ,31735112,川端　慎吾,S.Kawabata,2.0,2.0,2.0,0.0,1.0,1.0,0.0,0.0,2.0,0.0,0.0,0,0.0,0.0,0.0,0,0.0,0.0,0.0,0.5,0.5,1.0,1.5,0.0,0.5,0.0,1.0,0.0,0.0,nan,0.5,0.475,833.3333333333333,0.5,2.0,0.5,1.0,0.0,0.0,2.0,2.0,2.0,0.0,1.0,0.0,0.0,0.5,1.0,0.0,0,0.0,,2.0,0.0,0,0.0,0.0,,0.7777777777777775,0.63,,
2025,CL,中日ドラゴンズ,31735132,木下　拓哉,T.Kinoshita,38.0,122.0,112.0,7.0,27.0,3.0,0.0,2.0,36.0,8.0,0.0,0,2.0,0.0,8.0,0,0.0,20.0,3.0,0.241,0.292,0.321,0.613,22.0,0.08000000000000002,0.05099999999999999,0.372,6.557377049180328,16.39344262295082,0.4,0.2777777777777778,0.21165,398.99999999999994,0.15178571428571427,0.5,0.241,27.0,2.0,8.0,38.0,122.0,112.0,22.0,3.0,0.0,7.0,0.292,0.321,8.0,0,0.0,,36.0,0.0,0,2.0,0.0,,9.867205828779603,9.92,,
2025,CL,横浜DeNAベイスターズ,31735134,九鬼　隆平,R.Kuki,12.0,12.0,12.0,0.0,3.0,0.0,1.0,0.0,5.0,0.0,0.0,0,0.0,0.0,0.0,0,0.0,3.0,0.0,0.25,0.25,0.417,0.667,2.0,0.16699999999999998,0.0,0.417,0.0,25.0,0.0,0.3333333333333333,0.21675,389.0,0.16666666666666666,0.5555555555555556,0.25,3.0,0.0,0.0,12.0,12.0,12.0,2.0,0.0,1.0,0.0,0.25,0.417,0.0,0,0.0,,5.0,0.0,0,0.0,0.0,,1.24572222222222,1.206,,
2025,CL,阪神タイガース,31735138,木浪　聖也,S.Kinami,72.0,203.0,181.0,12.0,35.0,8.0,2.0,0.0,47.0,15.0,1,1,7.0,0.0,12.0,0,3.0,48.0,1.0,0.193,0.255,0.26,0.515,25.0,0.067,0.062,0.322,5.911330049261084,23.645320197044335,0.25,0.2631578947368421,0.17975000000000002,341.6666666666667,0.13259668508287292,0.42567567567567566,0.193,35.0,0.0,15.0,72.0,203.0,181.0,25.0,8.0,2.0,12.0,0.255,0.26,12.0,0,3.0,,47.0,1,1,7.0,0.0,,11.463060755336613,11.685999999999996,,
2025,CL,東京ヤクルトスワローズ,31735151,奥川　恭伸,Y.Okugawa,18.0,32.0,24.0,2.0,5.0,1.0,0.0,0.0,6.0,0.0,0.0,0,8.0,0.0,0.0,0,0.0,13.0,0.0,0.208,0.208,0.25,0.45799999999999996,4.0,0.04200000000000001,0.0,0.25,0.0,40.625,0.0,0.45454545454545453,0.15610000000000002,291.3333333333333,0.041666666666666664,0.3157894736842105,0.208,5.0,0.0,0.0,18.0,32.0,24.0,4.0,1.0,0.0,2.0,0.208,0.25,0.0,0,0.0,,6.0,0.0,0,8.0,0.0,,1.264340277777773,1.2259999999999998,,
2025,CL,読売ジャイアンツ,31735155,菊地　大稀,T.Kikuchi,7.0,0.0,0.0,0.0,0.0,0.0,0.0,0.0,0.0,0.0,0.0,0,0.0,0.0,0.0,0,0.0,0.0,0.0,,,,nan,0.0,,,,nan,nan,nan,nan,nan,nan,nan,nan,,0.0,0.0,0.0,7.0,0.0,0.0,0.0,0.0,0.0,0.0,,,0.0,0,0.0,,0.0,0.0,0,0.0,0.0,,nan,0.0,,
2025,CL,中日ドラゴンズ,31835134,細川　成也,S.Hosokawa,108.0,428.0,360.0,38.0,92.0,22.0,1.0,20.0,176.0,58.0,2,3,0.0,3.0,61.0,0,4.0,109.0,11.0,0.256,0.367,0.489,0.856,49.0,0.23299999999999998,0.11099999999999999,0.6,14.252336448598129,25.46728971962617,0.5596330275229358,0.3076923076923077,0.2874,530.0,0.4,0.8617021276595744,0.256,92.0,20.0,58.0,108.0,428.0,360.0,49.0,22.0,1.0,38.0,0.367,0.489,61.0,0,4.0,,176.0,2,3,0.0,3.0,,63.34628764278301,63.728,,
2025,CL,読売ジャイアンツ,31835157,船迫　大雅,H.Funabasama,57.0,0.0,0.0,0.0,0.0,0.0,0.0,0.0,0.0,0.0,0.0,0,0.0,0.0,0.0,0,0.0,0.0,0.0,,,,nan,0.0,,,,nan,nan,nan,nan,nan,nan,nan,nan,,0.0,0.0,0.0,57.0,0.0,0.0,0.0,0.0,0.0,0.0,,,0.0,0,0.0,,0.0,0.0,0,0.0,0.0,,nan,0.0,,
2025,CL,中日ドラゴンズ,31835159,福田　幸之介,K.Fukuda,1.0,0.0,0.0,0.0,0.0,0.0,0.0,0.0,0.0,0.0,0.0,0,0.0,0.0,0.0,0,0.0,0.0,0.0,,,,nan,0.0,,,,nan,nan,nan,nan,nan,nan,nan,nan,,0.0,0.0,0.0,1.0,0.0,0.0,0.0,0.0,0.0,0.0,,,0.0,0,0.0,,0.0,0.0,0,0.0,0.0,,nan,0.0,,
2025,CL,広島東洋カープ,31935138,島内　颯太郎,S.Shimauchi,60.0,0.0,0.0,0.0,0.0,0.0,0.0,0.0,0.0,0.0,0.0,0,0.0,0.0,0.0,0,0.0,0.0,0.0,,,,nan,0.0,,,,nan,nan,nan,nan,nan,nan,nan,nan,,0.0,0.0,0.0,60.0,0.0,0.0,0.0,0.0,0.0,0.0,,,0.0,0,0.0,,0.0,0.0,0,0.0,0.0,,nan,0.0,,
2025,CL,横浜DeNAベイスターズ,31935139,関根　大気,T.Sekine,9.0,23.0,23.0,2.0,4.0,3.0,0.0,0.0,7.0,1.0,0.0,0,0.0,0.0,0.0,0,0.0,2.0,1.0,0.174,0.174,0.304,0.478,1.0,0.13,0.0,0.304,0.0,8.695652173913043,0.0,0.19047619047619047,0.1543,275.3333333333333,0.13043478260869565,0.35,0.174,4.0,0.0,1.0,9.0,23.0,23.0,1.0,3.0,0.0,2.0,0.174,0.304,0.0,0,0.0,,7.0,0.0,0,0.0,0.0,,0.6512463768115921,0.5640000000000002,,
2025,CL,横浜DeNAベイスターズ,31935155,小園　健太,K.Kozono,1.0,1.0,1.0,0.0,0.0,0.0,0.0,0.0,0.0,0.0,0.0,0,0.0,0.0,0.0,0,0.0,1.0,0.0,0.0,0.0,0.0,0.0,0.0,0.0,0.0,0.0,0.0,100.0,0.0,nan,0.0,0.0,0.0,0.0,0.0,0.0,0.0,0.0,1.0,1.0,1.0,0.0,0.0,0.0,0.0,0.0,0.0,0.0,0,0.0,,0.0,0.0,0,0.0,0.0,,-0.10799999999999998,-0.098,,
2025,CL,横浜DeNAベイスターズ,3205159,M.フォード,M.Ford,25.0,51.0,46.0,1.0,9.0,1.0,0.0,0.0,10.0,1.0,0.0,0,0.0,0.0,5.0,0,0.0,13.0,0.0,0.196,0.275,0.217,0.492,8.0,0.02099999999999999,0.07900000000000001,0.296,9.803921568627452,25.49019607843137,0.38461538461538464,0.2727272727272727,0.17800000000000002,347.33333333333337,0.13043478260869565,0.40540540540540543,0.196,9.0,0.0,1.0,25.0,51.0,46.0,8.0,1.0,0.0,1.0,0.275,0.217,5.0,0,0.0,,10.0,0.0,0,0.0,0.0,,2.808766884531586,2.9859999999999998,,
2025,CL,読売ジャイアンツ,3305153,山﨑　伊織,I.Yamasaki,25.0,49.0,46.0,2.0,6.0,2.0,0.0,0.0,8.0,3.0,0.0,0,2.0,0.0,1.0,0,0.0,18.0,1.0,0.13,0.149,0.174,0.32299999999999995,4.0,0.043999999999999984,0.01899999999999999,0.1929999999999999,2.0408163265306123,36.734693877551024,0.05555555555555555,0.21428571428571427,0.11055,207.0,0.06521739130434782,0.21951219512195122,0.13,6.0,0.0,3.0,25.0,49.0,46.0,4.0,2.0,0.0,2.0,0.149,0.174,1.0,0,0.0,,8.0,0.0,0,2.0,0.0,,-0.43921088435374145,-0.25400000000000017,,
2025,CL,横浜DeNAベイスターズ,33135134,三森　大貴,M.Mimori,91.0,179.0,160.0,23.0,34.0,9.0,0.0,0.0,43.0,10.0,22,8,1.0,1.0,17.0,0,0.0,32.0,1.0,0.212,0.287,0.269,0.556,25.0,0.05700000000000002,0.07499999999999998,0.344,9.497206703910614,17.877094972067038,0.53125,0.26356589147286824,0.1964,376.66666666666663,0.25,0.6074074074074074,0.212,34.0,0.0,10.0,91.0,179.0,160.0,25.0,9.0,0.0,23.0,0.287,0.269,17.0,0,0.0,,43.0,22,8,1.0,1.0,,14.132625698324034,14.604000000000003,,
2025,CL,横浜DeNAベイスターズ,33135151,森　敬斗,K.Mori,28.0,75.0,72.0,4.0,11.0,0.0,1.0,0.0,13.0,4.0,0,2,0.0,1.0,2.0,0,0.0,16.0,1.0,0.153,0.173,0.181,0.354,10.0,0.027999999999999997,0.01999999999999999,0.2009999999999999,2.666666666666667,21.333333333333336,0.125,0.19298245614035087,0.1231,233.33333333333331,0.027777777777777776,0.234375,0.153,11.0,0.0,4.0,28.0,75.0,72.0,10.0,0.0,1.0,4.0,0.173,0.181,2.0,0,0.0,,13.0,0,2,0.0,1.0,,-0.34696296296297646,0.4620000000000002,,
2025,CL,読売ジャイアンツ,33135159,又木　鉄平,T.Mataki,5.0,2.0,2.0,0.0,0.0,0.0,0.0,0.0,0.0,0.0,0.0,0,0.0,0.0,0.0,0,0.0,1.0,1.0,0.0,0.0,0.0,0.0,0.0,0.0,0.0,0.0,0.0,50.0,0.0,0.0,0.0,0.0,0.0,0.0,0.0,0.0,0.0,0.0,5.0,2.0,2.0,0.0,0.0,0.0,0.0,0.0,0.0,0.0,0,0.0,,0.0,0.0,0,0.0,0.0,,-0.539666666666667,-0.558,,
2025,CL,横浜DeNAベイスターズ,33235155,H.マルセリーノ,H.Marcelino,2.0,0.0,0.0,0.0,0.0,0.0,0.0,0.0,0.0,0.0,0.0,0,0.0,0.0,0.0,0,0.0,0.0,0.0,,,,nan,0.0,,,,nan,nan,nan,nan,nan,nan,nan,nan,,0.0,0.0,0.0,2.0,0.0,0.0,0.0,0.0,0.0,0.0,,,0.0,0,0.0,,0.0,0.0,0,0.0,0.0,,nan,0.0,,
2025,CL,横浜DeNAベイスターズ,33235157,T.バウアー,T.Bauer,21.0,39.0,34.0,0.0,2.0,0.0,0.0,0.0,2.0,0.0,0.0,0,4.0,0.0,1.0,0,0.0,20.0,0.0,0.059,0.086,0.059,0.145,2.0,0.0,0.026999999999999996,0.086,2.564102564102564,51.28205128205128,0.05,0.14285714285714285,0.05345,105.66666666666666,0.029411764705882353,0.09375,0.059,2.0,0.0,0.0,21.0,39.0,34.0,2.0,0.0,0.0,0.0,0.086,0.059,1.0,0,0.0,,2.0,0.0,0,4.0,0.0,,-1.8596923076923062,-1.54,,
2025,CL,読売ジャイアンツ,33235159,E.ヘルナンデス,E.Hernandez,52.0,171.0,152.0,14.0,32.0,8.0,0.0,2.0,46.0,8.0,0,3,0.0,0.0,18.0,0,1.0,34.0,5.0,0.211,0.298,0.303,0.601,22.0,0.092,0.087,0.39,10.526315789473683,19.883040935672515,0.5294117647058824,0.25862068965517243,0.20984999999999998,398.99999999999994,0.19078947368421054,0.5078125,0.211,32.0,2.0,8.0,52.0,171.0,152.0,22.0,8.0,0.0,14.0,0.298,0.303,18.0,0,1.0,,46.0,0,3,0.0,0.0,,11.940109161793345,12.217999999999998,,
2025,CL,横浜DeNAベイスターズ,33535157,吉野　光樹,T.Yoshino,2.0,3.0,3.0,0.0,0.0,0.0,0.0,0.0,0.0,0.0,0.0,0,0.0,0.0,0.0,0,0.0,2.0,0.0,0.0,0.0,0.0,0.0,0.0,0.0,0.0,0.0,0.0,66.66666666666666,0.0,0.0,0.0,0.0,0.0,0.0,0.0,0.0,0.0,0.0,2.0,3.0,3.0,0.0,0.0,0.0,0.0,0.0,0.0,0.0,0,0.0,,0.0,0.0,0,0.0,0.0,,-0.3160000000000003,-0.28600000000000003,,
2025,CL,横浜DeNAベイスターズ,33535159,度会　隆輝,R.Watarai,86.0,301.0,270.0,24.0,65.0,10.0,2.0,6.0,97.0,25.0,0,1,4.0,2.0,24.0,0,1.0,36.0,5.0,0.241,0.303,0.359,0.6619999999999999,47.0,0.118,0.062,0.421,7.973421926910299,11.960132890365449,0.6666666666666666,0.2565217391304348,0.2261,422.66666666666663,0.2037037037037037,0.5781990521327014,0.241,65.0,6.0,25.0,86.0,301.0,270.0,47.0,10.0,2.0,24.0,0.303,0.359,24.0,0,1.0,,97.0,0,1,4.0,2.0,,29.334418604651148,29.912,,
2025,CL,阪神タイガース,33735159,J.ゲラ,J.Guerra,6.0,0.0,0.0,0.0,0.0,0.0,0.0,0.0,0.0,0.0,0.0,0,0.0,0.0,0.0,0,0.0,0.0,0.0,,,,nan,0.0,,,,nan,nan,nan,nan,nan,nan,nan,nan,,0.0,0.0,0.0,6.0,0.0,0.0,0.0,0.0,0.0,0.0,,,0.0,0,0.0,,0.0,0.0,0,0.0,0.0,,nan,0.0,,
2025,CL,阪神タイガース,3505132,R.ドリス,R.Dolis,20.0,0.0,0.0,0.0,0.0,0.0,0.0,0.0,0.0,0.0,0.0,0,0.0,0.0,0.0,0,0.0,0.0,0.0,,,,nan,0.0,,,,nan,nan,nan,nan,nan,nan,nan,nan,,0.0,0.0,0.0,20.0,0.0,0.0,0.0,0.0,0.0,0.0,,,0.0,0,0.0,,0.0,0.0,0,0.0,0.0,,nan,0.0,,
2025,CL,横浜DeNAベイスターズ,3505159,R.ウィック,R.Wick,40.0,0.0,0.0,0.0,0.0,0.0,0.0,0.0,0.0,0.0,0.0,0,0.0,0.0,0.0,0,0.0,0.0,0.0,,,,nan,0.0,,,,nan,nan,nan,nan,nan,nan,nan,nan,,0.0,0.0,0.0,40.0,0.0,0.0,0.0,0.0,0.0,0.0,,,0.0,0,0.0,,0.0,0.0,0,0.0,0.0,,nan,0.0,,
2025,CL,読売ジャイアンツ,3705157,F.グリフィン,F.Griffin,14.0,23.0,19.0,0.0,3.0,0.0,0.0,0.0,3.0,0.0,0.0,0,3.0,0.0,1.0,0,0.0,6.0,0.0,0.158,0.2,0.158,0.358,3.0,0.0,0.04200000000000001,0.2,4.3478260869565215,26.08695652173913,0.16666666666666666,0.23076923076923078,0.1295,252.6666666666667,0.05263157894736842,0.25,0.158,3.0,0.0,0.0,14.0,23.0,19.0,3.0,0.0,0.0,0.0,0.2,0.158,1.0,0,0.0,,3.0,0.0,0,3.0,0.0,,0.3689082125603882,0.4720000000000001,,
2025,CL,阪神タイガース,3905157,J.ビーズリー,J.Beasley,8.0,12.0,9.0,0.0,1.0,0.0,0.0,0.0,1.0,1.0,0.0,0,3.0,0.0,0.0,0,0.0,5.0,0.0,0.111,0.111,0.111,0.222,1.0,0.0,0.0,0.111,0.0,41.66666666666667,0.0,0.25,0.0777,148.0,0.0,0.125,0.111,1.0,0.0,1.0,8.0,12.0,9.0,1.0,0.0,0.0,0.0,0.111,0.111,0.0,0,0.0,,1.0,0.0,0,3.0,0.0,,-0.19340740740741147,-0.14,,
2025,CL,横浜DeNAベイスターズ,41045137,藤浪　晋太郎,S.Fujinami,6.0,6.0,5.0,0.0,0.0,0.0,0.0,0.0,0.0,0.0,0.0,0,1.0,0.0,0.0,0,0.0,4.0,0.0,0.0,0.0,0.0,0.0,0.0,0.0,0.0,0.0,0.0,66.66666666666666,0.0,0.0,0.0,0.0,0.0,0.0,0.0,0.0,0.0,0.0,6.0,6.0,5.0,0.0,0.0,0.0,0.0,0.0,0.0,0.0,0,0.0,,0.0,0.0,0,1.0,0.0,,-0.4906666666666677,-0.442,,
2025,CL,読売ジャイアンツ,41045138,戸郷　翔征,S.Togou,21.0,35.0,28.0,1.0,3.0,0.0,0.0,0.0,3.0,0.0,0.0,0,7.0,0.0,0.0,0,0.0,14.0,0.0,0.107,0.107,0.107,0.214,3.0,0.0,0.0,0.107,0.0,40.0,0.0,0.21428571428571427,0.0749,142.66666666666666,0.0,0.12,0.107,3.0,0.0,0.0,21.0,35.0,28.0,3.0,0.0,0.0,1.0,0.107,0.107,0.0,0,0.0,,3.0,0.0,0,7.0,0.0,,-0.7627619047619021,-0.5820000000000001,,
2025,CL,阪神タイガース,41045153,佐藤　輝明,T.Satou,139.0,597.0,537.0,83.0,149.0,34.0,4.0,40.0,311.0,102.0,10,2,0.0,3.0,57.0,0,0.0,163.0,5.0,0.277,0.345,0.579,0.9239999999999999,71.0,0.30199999999999994,0.06799999999999995,0.6469999999999999,9.547738693467336,27.30318257956449,0.3496932515337423,0.32344213649851633,0.3,537.9999999999999,0.4227188081936685,0.9569620253164557,0.277,149.0,40.0,102.0,139.0,597.0,537.0,71.0,34.0,4.0,83.0,0.345,0.579,57.0,0,0.0,,311.0,10,2,0.0,3.0,,106.52755555555552,105.31600000000003,,
2025,CL,広島東洋カープ,41045159,髙　太一,T.Taka,8.0,16.0,15.0,1.0,1.0,0.0,0.0,0.0,1.0,0.0,0.0,0,1.0,0.0,0.0,0,0.0,7.0,0.0,0.067,0.067,0.067,0.134,1.0,0.0,0.0,0.067,0.0,43.75,0.0,0.125,0.046900000000000004,89.33333333333333,0.0,0.07142857142857142,0.067,1.0,0.0,0.0,8.0,16.0,15.0,1.0,0.0,0.0,1.0,0.067,0.067,0.0,0,0.0,,1.0,0.0,0,1.0,0.0,,-0.9055000000000017,-0.776,,
2025,CL,横浜DeNAベイスターズ,41145151,伊勢　大夢,H.Ise,55.0,0.0,0.0,0.0,0.0,0.0,0.0,0.0,0.0,0.0,0.0,0,0.0,0.0,0.0,0,0.0,0.0,0.0,,,,nan,0.0,,,,nan,nan,nan,nan,nan,nan,nan,nan,,0.0,0.0,0.0,55.0,0.0,0.0,0.0,0.0,0.0,0.0,,,0.0,0,0.0,,0.0,0.0,0,0.0,0.0,,nan,0.0,,
2025,CL,阪神タイガース,41145153,石井　大智,D.Ishii,53.0,1.0,1.0,0.0,0.0,0.0,0.0,0.0,0.0,0.0,0.0,0,0.0,0.0,0.0,0,0.0,0.0,0.0,0.0,0.0,0.0,0.0,0.0,0.0,0.0,0.0,0.0,0.0,nan,0.0,0.0,0.0,0.0,0.0,0.0,0.0,0.0,0.0,53.0,1.0,1.0,0.0,0.0,0.0,0.0,0.0,0.0,0.0,0,0.0,,0.0,0.0,0,0.0,0.0,,-0.10000000000000009,-0.09,,
2025,CL,阪神タイガース,41145157,井坪　陽生,H.Itsubo,6.0,18.0,18.0,1.0,3.0,0.0,0.0,0.0,3.0,0.0,0.0,0,0.0,0.0,0.0,0,0.0,4.0,0.0,0.167,0.167,0.167,0.334,3.0,0.0,0.0,0.167,0.0,22.22222222222222,0.0,0.21428571428571427,0.1169,222.66666666666669,0.0,0.2,0.167,3.0,0.0,0.0,6.0,18.0,18.0,3.0,0.0,0.0,1.0,0.167,0.167,0.0,0,0.0,,3.0,0.0,0,0.0,0.0,,0.021333333333330984,0.118,,
2025,CL,東京ヤクルトスワローズ,41145159,石原　勇輝,Y.Ishihara,2.0,0.0,0.0,0.0,0.0,0.0,0.0,0.0,0.0,0.0,0.0,0,0.0,0.0,0.0,0,0.0,0.0,0.0,,,,nan,0.0,,,,nan,nan,nan,nan,nan,nan,nan,nan,,0.0,0.0,0.0,2.0,0.0,0.0,0.0,0.0,0.0,0.0,,,0.0,0,0.0,,0.0,0.0,0,0.0,0.0,,nan,0.0,,
2025,CL,横浜DeNAベイスターズ,41245132,戸柱　恭孝,Y.Tobashira,45.0,100.0,95.0,5.0,23.0,4.0,0.0,2.0,33.0,6.0,0.0,0,1.0,2.0,2.0,0,0.0,15.0,5.0,0.242,0.253,0.347,0.6,17.0,0.10499999999999998,0.01100000000000001,0.358,2.0,15.0,0.13333333333333333,0.2625,0.2006,368.66666666666663,0.12631578947368421,0.45454545454545453,0.242,23.0,2.0,6.0,45.0,100.0,95.0,17.0,4.0,0.0,5.0,0.253,0.347,2.0,0,0.0,,33.0,0.0,0,1.0,2.0,,6.679555555555567,7.269999999999999,,
2025,CL,横浜DeNAベイスターズ,41245137,三嶋　一輝,K.Mishima,6.0,0.0,0.0,0.0,0.0,0.0,0.0,0.0,0.0,0.0,0.0,0,0.0,0.0,0.0,0,0.0,0.0,0.0,,,,nan,0.0,,,,nan,nan,nan,nan,nan,nan,nan,nan,,0.0,0.0,0.0,6.0,0.0,0.0,0.0,0.0,0.0,0.0,,,0.0,0,0.0,,0.0,0.0,0,0.0,0.0,,nan,0.0,,
2025,CL,広島東洋カープ,41245151,玉村　昇悟,S.Tamamura,17.0,25.0,22.0,2.0,2.0,0.0,0.0,0.0,2.0,2.0,0.0,0,2.0,0.0,1.0,0,0.0,14.0,0.0,0.091,0.13,0.091,0.221,2.0,0.0,0.03900000000000001,0.13,4.0,56.00000000000001,0.07142857142857142,0.25,0.08125,160.33333333333331,0.045454545454545456,0.15,0.091,2.0,0.0,2.0,17.0,25.0,22.0,2.0,0.0,0.0,2.0,0.13,0.091,1.0,0,0.0,,2.0,0.0,0,2.0,0.0,,-0.6879999999999953,-0.49200000000000005,,
2025,CL,阪神タイガース,41245153,髙寺　望夢,N.Takatera,67.0,160.0,134.0,10.0,31.0,4.0,0.0,2.0,41.0,7.0,4,1,6.0,1.0,18.0,0,1.0,37.0,1.0,0.231,0.325,0.306,0.631,25.0,0.07499999999999998,0.094,0.4,11.25,23.125,0.4864864864864865,0.3020833333333333,0.22275,427.0,0.23134328358208955,0.6095238095238096,0.231,31.0,2.0,7.0,67.0,160.0,134.0,25.0,4.0,0.0,10.0,0.325,0.306,18.0,0,1.0,,41.0,4,1,6.0,1.0,,15.330000000000013,15.793999999999999,,
2025,CL,中日ドラゴンズ,41245157,仲地　礼亜,R.Nakachi,1.0,1.0,1.0,0.0,0.0,0.0,0.0,0.0,0.0,0.0,0.0,0,0.0,0.0,0.0,0,0.0,1.0,0.0,0.0,0.0,0.0,0.0,0.0,0.0,0.0,0.0,0.0,100.0,0.0,nan,0.0,0.0,0.0,0.0,0.0,0.0,0.0,0.0,1.0,1.0,1.0,0.0,0.0,0.0,0.0,0.0,0.0,0.0,0,0.0,,0.0,0.0,0,0.0,0.0,,-0.10799999999999998,-0.098,,
2025,CL,読売ジャイアンツ,41345135,乙坂　智,T.Otosaka,5.0,5.0,5.0,0.0,1.0,1.0,0.0,0.0,2.0,0.0,0.0,0,0.0,0.0,0.0,0,0.0,1.0,0.0,0.2,0.2,0.4,0.6000000000000001,0.0,0.2,0.0,0.4,0.0,20.0,0.0,0.25,0.19,333.33333333333337,0.2,0.5,0.2,1.0,0.0,0.0,5.0,5.0,5.0,0.0,1.0,0.0,0.0,0.2,0.4,0.0,0,0.0,,2.0,0.0,0,0.0,0.0,,0.40244444444444394,0.352,,
2025,CL,阪神タイガース,41345136,大竹　耕太郎,K.Ootake,16.0,35.0,30.0,1.0,5.0,0.0,0.0,0.0,5.0,2.0,0.0,0,4.0,0.0,1.0,0,0.0,14.0,0.0,0.167,0.194,0.167,0.361,5.0,0.0,0.026999999999999996,0.194,2.857142857142857,40.0,0.07142857142857142,0.3125,0.12905,249.66666666666669,0.03333333333333333,0.24,0.167,5.0,0.0,2.0,16.0,35.0,30.0,5.0,0.0,0.0,1.0,0.194,0.167,1.0,0,0.0,,5.0,0.0,0,4.0,0.0,,0.48857142857142577,0.6379999999999998,,
2025,CL,読売ジャイアンツ,41445136,馬場　皐輔,K.Baba,8.0,0.0,0.0,0.0,0.0,0.0,0.0,0.0,0.0,0.0,0.0,0,0.0,0.0,0.0,0,0.0,0.0,0.0,,,,nan,0.0,,,,nan,nan,nan,nan,nan,nan,nan,nan,,0.0,0.0,0.0,8.0,0.0,0.0,0.0,0.0,0.0,0.0,,,0.0,0,0.0,,0.0,0.0,0,0.0,0.0,,nan,0.0,,
2025,CL,阪神タイガース,41445153,中野　拓夢,T.Nakano,143.0,625.0,531.0,65.0,150.0,18.0,3.0,0.0,174.0,30.0,19,7,44.0,3.0,44.0,0,3.0,77.0,5.0,0.282,0.339,0.328,0.667,129.0,0.04600000000000004,0.05700000000000005,0.385,7.04,12.32,0.5714285714285714,0.3282275711159737,0.23455000000000004,448.33333333333337,0.15065913370998116,0.6106870229007634,0.282,150.0,0.0,30.0,143.0,625.0,531.0,129.0,18.0,3.0,65.0,0.339,0.328,44.0,0,3.0,,174.0,19,7,44.0,3.0,,65.36245333333329,63.854000000000006,,
2025,CL,中日ドラゴンズ,41545130,加藤　匠馬,T.Katou,47.0,75.0,64.0,4.0,15.0,1.0,0.0,1.0,19.0,6.0,0.0,0,9.0,0.0,2.0,0,0.0,17.0,2.0,0.234,0.258,0.297,0.5549999999999999,13.0,0.06299999999999997,0.023999999999999994,0.3209999999999999,2.666666666666667,22.666666666666664,0.11764705882352941,0.30434782608695654,0.19035000000000002,357.0,0.09375,0.4117647058823529,0.234,15.0,1.0,6.0,47.0,75.0,64.0,13.0,1.0,0.0,4.0,0.258,0.297,2.0,0,0.0,,19.0,0.0,0,9.0,0.0,,4.36977777777777,4.414,,
2025,CL,横浜DeNAベイスターズ,41545138,勝又　温史,A.Katsumata,7.0,9.0,9.0,0.0,3.0,0.0,0.0,0.0,3.0,0.0,0.0,0,0.0,0.0,0.0,0,0.0,1.0,0.0,0.333,0.333,0.333,0.666,3.0,0.0,0.0,0.333,0.0,11.11111111111111,0.0,0.375,0.23310000000000003,444.0,0.0,0.5,0.333,3.0,0.0,0.0,7.0,9.0,9.0,3.0,0.0,0.0,0.0,0.333,0.333,0.0,0,0.0,,3.0,0.0,0,0.0,0.0,,1.001999999999999,0.9520000000000001,,
2025,CL,東京ヤクルトスワローズ,41545151,大西　広樹,H.Oonishi,50.0,0.0,0.0,0.0,0.0,0.0,0.0,0.0,0.0,0.0,0.0,0,0.0,0.0,0.0,0,0.0,0.0,0.0,,,,nan,0.0,,,,nan,nan,nan,nan,nan,nan,nan,nan,,0.0,0.0,0.0,50.0,0.0,0.0,0.0,0.0,0.0,0.0,,,0.0,0,0.0,,0.0,0.0,0,0.0,0.0,,nan,0.0,,
2025,CL,広島東洋カープ,41545153,大道　温貴,H.Oomichi,1.0,0.0,0.0,0.0,0.0,0.0,0.0,0.0,0.0,0.0,0.0,0,0.0,0.0,0.0,0,0.0,0.0,0.0,,,,nan,0.0,,,,nan,nan,nan,nan,nan,nan,nan,nan,,0.0,0.0,0.0,1.0,0.0,0.0,0.0,0.0,0.0,0.0,,,0.0,0,0.0,,0.0,0.0,0,0.0,0.0,,nan,0.0,,
2025,CL,中日ドラゴンズ,41645132,福　敬登,H.Fuku,17.0,0.0,0.0,0.0,0.0,0.0,0.0,0.0,0.0,0.0,0.0,0,0.0,0.0,0.0,0,0.0,0.0,0.0,,,,nan,0.0,,,,nan,nan,nan,nan,nan,nan,nan,nan,,0.0,0.0,0.0,17.0,0.0,0.0,0.0,0.0,0.0,0.0,,,0.0,0,0.0,,0.0,0.0,0,0.0,0.0,,nan,0.0,,
2025,CL,阪神タイガース,41745134,才木　浩人,H.Saiki,24.0,54.0,45.0,1.0,2.0,0.0,0.0,0.0,2.0,1.0,0.0,0,7.0,0.0,2.0,0,0.0,25.0,1.0,0.044,0.085,0.044,0.129,2.0,0.0,0.04100000000000001,0.085,3.7037037037037033,46.2962962962963,0.08,0.1,0.04925,99.66666666666667,0.044444444444444446,0.09090909090909091,0.044,2.0,0.0,1.0,24.0,54.0,45.0,2.0,0.0,0.0,1.0,0.085,0.044,2.0,0,0.0,,2.0,0.0,0,7.0,0.0,,-2.9048395061728414,-2.4799999999999995,,
2025,CL,横浜DeNAベイスターズ,41845130,山﨑　康晃,Y.Yamasaki,17.0,0.0,0.0,0.0,0.0,0.0,0.0,0.0,0.0,0.0,0.0,0,0.0,0.0,0.0,0,0.0,0.0,0.0,,,,nan,0.0,,,,nan,nan,nan,nan,nan,nan,nan,nan,,0.0,0.0,0.0,17.0,0.0,0.0,0.0,0.0,0.0,0.0,,,0.0,0,0.0,,0.0,0.0,0,0.0,0.0,,nan,0.0,,
2025,CL,東京ヤクルトスワローズ,41845136,村上　宗隆,M.Murakami,56.0,224.0,187.0,34.0,51.0,7.0,0.0,22.0,124.0,47.0,4,2,0.0,3.0,32.0,0,2.0,64.0,1.0,0.273,0.379,0.663,1.042,22.0,0.39,0.10599999999999998,0.769,14.285714285714285,28.57142857142857,0.5,0.27884615384615385,0.33630000000000004,600.0,0.5721925133689839,1.1654676258992807,0.273,51.0,22.0,47.0,56.0,224.0,187.0,22.0,7.0,0.0,34.0,0.379,0.663,32.0,0,2.0,,124.0,4,2,0.0,3.0,,46.445918650793686,47.348000000000006,,
2025,CL,阪神タイガース,41845138,湯浅　京己,A.Yuasa,40.0,0.0,0.0,0.0,0.0,0.0,0.0,0.0,0.0,0.0,0.0,0,0.0,0.0,0.0,0,0.0,0.0,0.0,,,,nan,0.0,,,,nan,nan,nan,nan,nan,nan,nan,nan,,0.0,0.0,0.0,40.0,0.0,0.0,0.0,0.0,0.0,0.0,,,0.0,0,0.0,,0.0,0.0,0,0.0,0.0,,nan,0.0,,
2025,CL,広島東洋カープ,41845155,前川　誠太,S.Maekawa,28.0,56.0,54.0,1.0,10.0,3.0,0.0,0.0,13.0,9.0,0,1,0.0,0.0,2.0,0,0.0,10.0,3.0,0.185,0.214,0.241,0.45499999999999996,7.0,0.055999999999999994,0.028999999999999998,0.27,3.571428571428571,17.857142857142858,0.2,0.22727272727272727,0.15655,294.3333333333333,0.07407407407407407,0.3125,0.185,10.0,0.0,9.0,28.0,56.0,54.0,7.0,3.0,0.0,1.0,0.214,0.241,2.0,0,0.0,,13.0,0,1,0.0,0.0,,0.8018412698412689,0.8699999999999997,,
2025,CL,横浜DeNAベイスターズ,41945131,筒香　嘉智,Y.Tsutsugou,75.0,257.0,224.0,29.0,51.0,12.0,0.0,20.0,123.0,43.0,0.0,0,0.0,0.0,33.0,0,0.0,59.0,7.0,0.228,0.327,0.549,0.8760000000000001,19.0,0.32100000000000006,0.099,0.6480000000000001,12.840466926070038,22.957198443579767,0.559322033898305,0.21379310344827587,0.2844,510.0,0.46875,0.8666666666666667,0.228,51.0,20.0,43.0,75.0,257.0,224.0,19.0,12.0,0.0,29.0,0.327,0.549,33.0,0,0.0,,123.0,0.0,0,0.0,0.0,,38.90405447470812,39.52799999999999,,
2025,CL,横浜DeNAベイスターズ,41945132,柴田　竜拓,T.Shibata,70.0,32.0,22.0,4.0,2.0,0.0,0.0,0.0,2.0,0.0,1,1,6.0,0.0,4.0,0,0.0,6.0,0.0,0.091,0.231,0.091,0.322,2.0,0.0,0.14,0.231,12.5,18.75,0.6666666666666666,0.125,0.1267,261.33333333333337,0.18181818181818182,0.3333333333333333,0.091,2.0,0.0,0.0,70.0,32.0,22.0,2.0,0.0,0.0,4.0,0.231,0.091,4.0,0,0.0,,2.0,1,1,6.0,0.0,,0.36397222222222325,0.6120000000000005,,
2025,CL,東京ヤクルトスワローズ,41945139,田口　麗斗,K.Taguchi,36.0,0.0,0.0,0.0,0.0,0.0,0.0,0.0,0.0,0.0,0.0,0,0.0,0.0,0.0,0,0.0,0.0,0.0,,,,nan,0.0,,,,nan,nan,nan,nan,nan,nan,nan,nan,,0.0,0.0,0.0,36.0,0.0,0.0,0.0,0.0,0.0,0.0,,,0.0,0,0.0,,0.0,0.0,0,0.0,0.0,,nan,0.0,,
2025,CL,読売ジャイアンツ,43145136,湯浅　大,D.Yuasa,8.0,3.0,3.0,2.0,0.0,0.0,0.0,0.0,0.0,0.0,0.0,0,0.0,0.0,0.0,0,0.0,1.0,0.0,0.0,0.0,0.0,0.0,0.0,0.0,0.0,0.0,0.0,33.33333333333333,0.0,0.0,0.0,0.0,0.0,0.0,0.0,0.0,0.0,0.0,8.0,3.0,3.0,0.0,0.0,0.0,2.0,0.0,0.0,0.0,0,0.0,,0.0,0.0,0,0.0,0.0,,-0.3080000000000003,-0.278,,
2025,CL,東京ヤクルトスワローズ,43145153,丸山　翔大,S.Maruyama,8.0,0.0,0.0,0.0,0.0,0.0,0.0,0.0,0.0,0.0,0.0,0,0.0,0.0,0.0,0,0.0,0.0,0.0,,,,nan,0.0,,,,nan,nan,nan,nan,nan,nan,nan,nan,,0.0,0.0,0.0,8.0,0.0,0.0,0.0,0.0,0.0,0.0,,,0.0,0,0.0,,0.0,0.0,0,0.0,0.0,,nan,0.0,,
2025,CL,阪神タイガース,43145157,森下　翔太,S.Morishita,143.0,620.0,549.0,82.0,151.0,24.0,5.0,23.0,254.0,89.0,5,2,0.0,5.0,54.0,0,12.0,86.0,15.0,0.275,0.35,0.463,0.813,99.0,0.188,0.07499999999999996,0.538,8.709677419354838,13.870967741935484,0.627906976744186,0.2876404494382023,0.27325,504.3333333333333,0.29143897996357016,0.7831325301204819,0.275,151.0,23.0,89.0,143.0,620.0,549.0,99.0,24.0,5.0,82.0,0.35,0.463,54.0,0,12.0,,254.0,5,2,0.0,5.0,,87.68420071684591,87.592,,
2025,CL,読売ジャイアンツ,43345159,森田　駿哉,S.Morita,9.0,12.0,9.0,0.0,1.0,0.0,0.0,0.0,1.0,0.0,0.0,0,2.0,0.0,1.0,0,0.0,5.0,1.0,0.111,0.2,0.111,0.311,1.0,0.0,0.08900000000000001,0.2,8.333333333333332,41.66666666666667,0.2,0.25,0.11775000000000001,237.00000000000003,0.1111111111111111,0.2222222222222222,0.111,1.0,0.0,0.0,9.0,12.0,9.0,1.0,0.0,0.0,0.0,0.2,0.111,1.0,0,0.0,,1.0,0.0,0,2.0,0.0,,-0.26790740740740837,-0.2099999999999999,,
2025,CL,横浜DeNAベイスターズ,43745159,A.ジャクソン,A.Jackson,25.0,51.0,42.0,1.0,2.0,0.0,0.0,1.0,5.0,5.0,0.0,0,6.0,0.0,3.0,0,0.0,27.0,0.0,0.048,0.111,0.119,0.22999999999999998,1.0,0.071,0.063,0.182,5.88235294117647,52.94117647058824,0.1111111111111111,0.07142857142857142,0.0797,150.66666666666666,0.14285714285714285,0.2,0.048,2.0,1.0,5.0,25.0,51.0,42.0,1.0,0.0,0.0,1.0,0.111,0.119,3.0,0,0.0,,5.0,0.0,0,6.0,0.0,,-1.171220043572987,-0.6159999999999999,,
2025,CL,東京ヤクルトスワローズ,51055132,高橋　奎二,K.Takahashi,8.0,11.0,8.0,0.0,0.0,0.0,0.0,0.0,0.0,0.0,0.0,0,3.0,0.0,0.0,0,0.0,6.0,0.0,0.0,0.0,0.0,0.0,0.0,0.0,0.0,0.0,0.0,54.54545454545454,0.0,0.0,0.0,0.0,0.0,0.0,0.0,0.0,0.0,0.0,8.0,11.0,8.0,0.0,0.0,0.0,0.0,0.0,0.0,0.0,0,0.0,,0.0,0.0,0,3.0,0.0,,-0.724000000000002,-0.648,,
2025,CL,阪神タイガース,51055133,島本　浩也,H.Shimamoto,16.0,0.0,0.0,0.0,0.0,0.0,0.0,0.0,0.0,0.0,0.0,0,0.0,0.0,0.0,0,0.0,0.0,0.0,,,,nan,0.0,,,,nan,nan,nan,nan,nan,nan,nan,nan,,0.0,0.0,0.0,16.0,0.0,0.0,0.0,0.0,0.0,0.0,,,0.0,0,0.0,,0.0,0.0,0,0.0,0.0,,nan,0.0,,
2025,CL,阪神タイガース,51055153,榮枝　裕貴,Y.Sakaeda,8.0,9.0,9.0,1.0,2.0,0.0,0.0,0.0,2.0,1.0,0,1,0.0,0.0,0.0,0,0.0,3.0,0.0,0.222,0.222,0.222,0.444,2.0,0.0,0.0,0.222,0.0,33.33333333333333,0.0,0.3333333333333333,0.1554,296.0,-0.1111111111111111,0.25,0.222,2.0,0.0,1.0,8.0,9.0,9.0,2.0,0.0,0.0,1.0,0.222,0.222,0.0,0,0.0,,2.0,0,1,0.0,0.0,,-0.033753086419752165,0.025999999999999912,,
2025,CL,広島東洋カープ,51055155,末包　昇大,S.Suekane,123.0,477.0,437.0,40.0,106.0,18.0,3.0,11.0,163.0,62.0,2,3,0.0,5.0,33.0,0,2.0,97.0,6.0,0.243,0.296,0.373,0.669,74.0,0.13,0.05299999999999999,0.426,6.918238993710692,20.335429769392032,0.3402061855670103,0.2844311377245509,0.22644999999999998,420.3333333333333,0.2036613272311213,0.5882352941176471,0.243,106.0,11.0,62.0,123.0,477.0,437.0,74.0,18.0,3.0,40.0,0.296,0.373,33.0,0,2.0,,163.0,2,3,0.0,5.0,,47.78838015373856,49.28400000000001,,
2025,CL,横浜DeNAベイスターズ,51155136,東　克樹,K.Azuma,24.0,53.0,38.0,3.0,7.0,1.0,0.0,0.0,8.0,4.0,0.0,0,11.0,0.0,4.0,0,0.0,13.0,0.0,0.184,0.262,0.211,0.473,6.0,0.026999999999999996,0.07800000000000001,0.289,7.547169811320755,24.528301886792452,0.3076923076923077,0.28,0.17065,332.33333333333337,0.13157894736842105,0.3870967741935484,0.184,7.0,0.0,4.0,24.0,53.0,38.0,6.0,1.0,0.0,3.0,0.262,0.211,4.0,0,0.0,,8.0,0.0,0,11.0,0.0,,2.561920335429761,2.626,,
2025,CL,横浜DeNAベイスターズ,51155151,東妻　純平,J.Azuma,4.0,6.0,6.0,1.0,1.0,0.0,0.0,0.0,1.0,0.0,0.0,0,0.0,0.0,0.0,0,0.0,4.0,0.0,0.167,0.167,0.167,0.334,1.0,0.0,0.0,0.167,0.0,66.66666666666666,0.0,0.5,0.1169,222.66666666666669,0.0,0.2,0.167,1.0,0.0,0.0,4.0,6.0,6.0,1.0,0.0,0.0,1.0,0.167,0.167,0.0,0,0.0,,1.0,0.0,0,0.0,0.0,,-0.01570370370370533,0.018000000000000016,,
2025,CL,東京ヤクルトスワローズ,51155153,赤羽　由紘,Y.Akahane,103.0,290.0,258.0,22.0,54.0,11.0,1.0,2.0,73.0,19.0,5,3,12.0,2.0,18.0,0,0.0,66.0,2.0,0.209,0.259,0.283,0.542,40.0,0.07399999999999998,0.05000000000000002,0.3329999999999999,6.206896551724138,22.758620689655174,0.2727272727272727,0.2708333333333333,0.1873,353.3333333333333,0.1511627906976744,0.45933014354066987,0.209,54.0,2.0,19.0,103.0,290.0,258.0,40.0,11.0,1.0,22.0,0.259,0.283,18.0,0,0.0,,73.0,5,3,12.0,2.0,,18.567877394636014,19.491999999999997,,
2025,CL,読売ジャイアンツ,51155155,赤星　優志,Y.Akahoshi,22.0,38.0,30.0,1.0,7.0,0.0,0.0,0.0,7.0,2.0,0.0,0,5.0,0.0,3.0,0,0.0,12.0,0.0,0.233,0.303,0.233,0.536,7.0,0.0,0.06999999999999998,0.303,7.894736842105263,31.57894736842105,0.25,0.3888888888888889,0.1946,380.66666666666663,0.1,0.43478260869565216,0.233,7.0,0.0,2.0,22.0,38.0,30.0,7.0,0.0,0.0,1.0,0.303,0.233,3.0,0,0.0,,7.0,0.0,0,5.0,0.0,,2.513111111111108,2.5539999999999994,,
2025,CL,東京ヤクルトスワローズ,51255118,中村　悠平,Y.Nakamura,74.0,221.0,187.0,13.0,43.0,6.0,0.0,1.0,52.0,11.0,1,0,8.0,1.0,22.0,0,3.0,30.0,6.0,0.23,0.319,0.278,0.597,36.0,0.048000000000000015,0.089,0.367,9.95475113122172,13.574660633484163,0.7333333333333333,0.267515923566879,0.21305000000000002,411.6666666666667,0.1711229946524064,0.52,0.23,43.0,1.0,11.0,74.0,221.0,187.0,36.0,6.0,0.0,13.0,0.319,0.278,22.0,0,3.0,,52.0,1,0,8.0,1.0,,17.33344595274005,17.710000000000008,,
2025,CL,阪神タイガース,51255157,富田　蓮,R.Tomida,9.0,6.0,5.0,1.0,0.0,0.0,0.0,0.0,0.0,0.0,0.0,0,1.0,0.0,0.0,0,0.0,3.0,0.0,0.0,0.0,0.0,0.0,0.0,0.0,0.0,0.0,0.0,50.0,0.0,0.0,0.0,0.0,0.0,0.0,0.0,0.0,0.0,0.0,9.0,6.0,5.0,0.0,0.0,0.0,1.0,0.0,0.0,0.0,0,0.0,,0.0,0.0,0,1.0,0.0,,-0.4826666666666668,-0.43400000000000005,,
2025,CL,中日ドラゴンズ,51355134,梅野　雄吾,Y.Umeno,26.0,0.0,0.0,0.0,0.0,0.0,0.0,0.0,0.0,0.0,0.0,0,0.0,0.0,0.0,0,0.0,0.0,0.0,,,,nan,0.0,,,,nan,nan,nan,nan,nan,nan,nan,nan,,0.0,0.0,0.0,26.0,0.0,0.0,0.0,0.0,0.0,0.0,,,0.0,0,0.0,,0.0,0.0,0,0.0,0.0,,nan,0.0,,
2025,CL,阪神タイガース,51355139,岩貞　祐太,Y.Iwasada,29.0,0.0,0.0,0.0,0.0,0.0,0.0,0.0,0.0,0.0,0.0,0,0.0,0.0,0.0,0,0.0,0.0,0.0,,,,nan,0.0,,,,nan,nan,nan,nan,nan,nan,nan,nan,,0.0,0.0,0.0,29.0,0.0,0.0,0.0,0.0,0.0,0.0,,,0.0,0,0.0,,0.0,0.0,0,0.0,0.0,,nan,0.0,,
2025,CL,読売ジャイアンツ,51355151,井上　温大,H.Inoue,20.0,30.0,29.0,1.0,2.0,0.0,0.0,0.0,2.0,1.0,0.0,0,1.0,0.0,0.0,0,0.0,17.0,0.0,0.069,0.069,0.069,0.138,2.0,0.0,0.0,0.069,0.0,56.666666666666664,0.0,0.16666666666666666,0.04830000000000001,92.00000000000001,0.0,0.07407407407407407,0.069,2.0,0.0,1.0,20.0,30.0,29.0,2.0,0.0,0.0,1.0,0.069,0.069,0.0,0,0.0,,2.0,0.0,0,1.0,0.0,,-1.7797037037037065,-1.526,,
2025,CL,東京ヤクルトスワローズ,51355155,岩田　幸宏,Y.Iwata,126.0,401.0,357.0,43.0,95.0,8.0,5.0,0.0,113.0,13.0,14,6,13.0,1.0,24.0,0,6.0,46.0,2.0,0.266,0.322,0.317,0.639,82.0,0.05099999999999999,0.055999999999999994,0.373,5.985037406483791,11.471321695760599,0.5217391304347826,0.30448717948717946,0.22415000000000002,427.6666666666667,0.1400560224089636,0.5814814814814815,0.266,95.0,0.0,13.0,126.0,401.0,357.0,82.0,8.0,5.0,43.0,0.322,0.317,24.0,0,6.0,,113.0,14,6,13.0,1.0,,39.51582709891932,38.962,,
2025,CL,広島東洋カープ,51355157,内田　湘大,S.Uchida,6.0,10.0,9.0,0.0,2.0,1.0,0.0,0.0,3.0,0.0,0.0,0,0.0,0.0,1.0,0,0.0,4.0,0.0,0.222,0.3,0.333,0.633,1.0,0.11100000000000002,0.07799999999999999,0.411,10.0,40.0,0.25,0.4,0.21825,411.0,0.2222222222222222,0.5714285714285714,0.222,2.0,0.0,0.0,6.0,10.0,9.0,1.0,1.0,0.0,0.0,0.3,0.333,1.0,0,0.0,,3.0,0.0,0,0.0,0.0,,0.9420000000000002,0.898,,
2025,CL,横浜DeNAベイスターズ,51455137,宮﨑　敏郎,T.Miyazaki,95.0,352.0,321.0,25.0,89.0,16.0,1.0,6.0,125.0,39.0,0.0,0,0.0,2.0,28.0,0,1.0,42.0,14.0,0.277,0.335,0.389,0.724,66.0,0.11199999999999999,0.057999999999999996,0.447,7.954545454545454,11.931818181818182,0.6666666666666666,0.3018181818181818,0.24800000000000003,464.6666666666667,0.19937694704049844,0.6260162601626016,0.277,89.0,6.0,39.0,95.0,352.0,321.0,66.0,16.0,1.0,25.0,0.335,0.389,28.0,0,1.0,,125.0,0.0,0,0.0,2.0,,39.10182828282825,38.40400000000001,,
2025,CL,東京ヤクルトスワローズ,51455151,長岡　秀樹,H.Nagaoka,67.0,261.0,247.0,20.0,60.0,14.0,2.0,0.0,78.0,13.0,1,0,3.0,2.0,8.0,0,1.0,21.0,6.0,0.243,0.267,0.316,0.583,44.0,0.07300000000000001,0.02400000000000002,0.34,3.065134099616858,8.045977011494253,0.38095238095238093,0.2631578947368421,0.19915,372.33333333333337,0.10931174089068826,0.45595854922279794,0.243,60.0,0.0,13.0,67.0,261.0,247.0,44.0,14.0,2.0,20.0,0.267,0.316,8.0,0,1.0,,78.0,1,0,3.0,2.0,,19.259386973180085,19.042,,
2025,CL,中日ドラゴンズ,51455153,土田　龍空,R.Tsuchida,20.0,53.0,51.0,1.0,7.0,2.0,0.0,0.0,9.0,2.0,0.0,0,0.0,0.0,2.0,0,0.0,16.0,2.0,0.137,0.17,0.176,0.346,5.0,0.03899999999999998,0.033,0.209,3.7735849056603774,30.18867924528302,0.125,0.2,0.12050000000000001,228.66666666666669,0.0784313725490196,0.2391304347826087,0.137,7.0,0.0,2.0,20.0,53.0,51.0,5.0,2.0,0.0,1.0,0.17,0.176,2.0,0,0.0,,9.0,0.0,0,0.0,0.0,,-0.42333752620545795,-0.20799999999999996,,
2025,CL,阪神タイガース,51455155,中川　勇斗,H.Nakagawa,25.0,59.0,56.0,3.0,15.0,1.0,0.0,2.0,22.0,2.0,0.0,0,1.0,0.0,2.0,0,0.0,16.0,2.0,0.268,0.293,0.393,0.6859999999999999,12.0,0.125,0.024999999999999967,0.418,3.389830508474576,27.11864406779661,0.125,0.34210526315789475,0.2301,424.0,0.16071428571428573,0.5581395348837209,0.268,15.0,2.0,2.0,25.0,59.0,56.0,12.0,1.0,0.0,3.0,0.293,0.393,2.0,0,0.0,,22.0,0.0,0,1.0,0.0,,5.756237288135587,5.762,,
2025,CL,東京ヤクルトスワローズ,51555136,金久保　優斗,Y.Kanakubo,12.0,1.0,1.0,0.0,0.0,0.0,0.0,0.0,0.0,0.0,0.0,0,0.0,0.0,0.0,0,0.0,1.0,0.0,0.0,0.0,0.0,0.0,0.0,0.0,0.0,0.0,0.0,100.0,0.0,nan,0.0,0.0,0.0,0.0,0.0,0.0,0.0,0.0,12.0,1.0,1.0,0.0,0.0,0.0,0.0,0.0,0.0,0.0,0,0.0,,0.0,0.0,0,0.0,0.0,,-0.10799999999999998,-0.098,,
2025,CL,横浜DeNAベイスターズ,51555151,蝦名　達夫,T.Ebina,115.0,401.0,348.0,53.0,99.0,21.0,1.0,8.0,146.0,41.0,5,4,4.0,7.0,31.0,0,11.0,68.0,5.0,0.284,0.355,0.42,0.7749999999999999,69.0,0.136,0.07100000000000001,0.491,7.73067331670823,16.957605985037407,0.45588235294117646,0.32616487455197135,0.26475,495.0,0.22701149425287356,0.748062015503876,0.284,99.0,8.0,41.0,115.0,401.0,348.0,69.0,21.0,1.0,53.0,0.355,0.42,31.0,0,11.0,,146.0,5,4,4.0,7.0,,53.6043790523691,54.025999999999996,,
2025,CL,横浜DeNAベイスターズ,51555155,梶原　昂希,K.Kajiwara,61.0,170.0,163.0,21.0,40.0,9.0,1.0,2.0,57.0,10.0,6,3,0.0,1.0,4.0,0,2.0,51.0,1.0,0.245,0.271,0.35,0.621,28.0,0.10499999999999998,0.026000000000000023,0.376,2.3529411764705883,30.0,0.0784313725490196,0.34234234234234234,0.20945000000000003,387.6666666666667,0.147239263803681,0.5433070866141733,0.245,40.0,2.0,10.0,61.0,170.0,163.0,28.0,9.0,1.0,21.0,0.271,0.35,4.0,0,2.0,,57.0,6,3,0.0,1.0,,15.058823529411768,15.081999999999994,,
2025,CL,読売ジャイアンツ,51655153,中山　礼都,R.Nakayama,103.0,312.0,287.0,35.0,76.0,13.0,0.0,7.0,110.0,32.0,1,2,2.0,0.0,20.0,0,3.0,42.0,6.0,0.265,0.319,0.383,0.702,56.0,0.118,0.05399999999999999,0.437,6.41025641025641,13.461538461538462,0.47619047619047616,0.28991596638655465,0.2393,446.66666666666663,0.18466898954703834,0.6118721461187214,0.265,76.0,7.0,32.0,103.0,312.0,287.0,56.0,13.0,0.0,35.0,0.319,0.383,20.0,0,3.0,,110.0,1,2,2.0,0.0,,33.95153703703704,33.333999999999996,,
2025,CL,広島東洋カープ,51655157,長谷部　銀次,G.Hasebe,5.0,0.0,0.0,0.0,0.0,0.0,0.0,0.0,0.0,0.0,0.0,0,0.0,0.0,0.0,0,0.0,0.0,0.0,,,,nan,0.0,,,,nan,nan,nan,nan,nan,nan,nan,nan,,0.0,0.0,0.0,5.0,0.0,0.0,0.0,0.0,0.0,0.0,,,0.0,0,0.0,,0.0,0.0,0,0.0,0.0,,nan,0.0,,
2025,CL,横浜DeNAベイスターズ,51755135,桑原　将志,M.Kuwahara,106.0,447.0,398.0,48.0,113.0,17.0,2.0,6.0,152.0,27.0,10,0,10.0,0.0,30.0,0,9.0,59.0,5.0,0.284,0.348,0.382,0.73,88.0,0.09800000000000003,0.064,0.446,6.7114093959731544,13.19910514541387,0.5084745762711864,0.3213213213213213,0.2521,475.33333333333326,0.1984924623115578,0.6931034482758621,0.284,113.0,6.0,27.0,106.0,447.0,398.0,88.0,17.0,2.0,48.0,0.348,0.382,30.0,0,9.0,,152.0,10,0,10.0,0.0,,56.47275316927659,54.44800000000001,,
2025,CL,読売ジャイアンツ,51855132,増田　大輝,D.Masuda,53.0,25.0,22.0,5.0,3.0,1.0,0.0,0.0,4.0,0.0,3,2,3.0,0.0,0.0,0,0.0,7.0,0.0,0.136,0.136,0.182,0.318,2.0,0.045999999999999985,0.0,0.182,0.0,28.000000000000004,0.0,0.2,0.1067,196.66666666666669,0.09090909090909091,0.3333333333333333,0.136,3.0,0.0,0.0,53.0,25.0,22.0,2.0,1.0,0.0,5.0,0.136,0.182,0.0,0,0.0,,4.0,3,2,3.0,0.0,,-0.18755555555555503,-0.026000000000000467,,
2025,CL,東京ヤクルトスワローズ,51855136,松本　直樹,N.Matsumoto,18.0,36.0,34.0,0.0,6.0,1.0,0.0,0.0,7.0,0.0,0.0,0,0.0,0.0,2.0,0,0.0,7.0,3.0,0.176,0.222,0.206,0.428,5.0,0.03,0.04600000000000001,0.252,5.555555555555555,19.444444444444446,0.2857142857142857,0.2222222222222222,0.1514,290.6666666666667,0.08823529411764706,0.2903225806451613,0.176,6.0,0.0,0.0,18.0,36.0,34.0,5.0,1.0,0.0,0.0,0.222,0.206,2.0,0,0.0,,7.0,0.0,0,0.0,0.0,,0.12880864197530428,0.21399999999999997,,
2025,CL,横浜DeNAベイスターズ,51855138,宮城　滝太,D.Miyagi,50.0,0.0,0.0,0.0,0.0,0.0,0.0,0.0,0.0,0.0,0.0,0,0.0,0.0,0.0,0,0.0,0.0,0.0,,,,nan,0.0,,,,nan,nan,nan,nan,nan,nan,nan,nan,,0.0,0.0,0.0,50.0,0.0,0.0,0.0,0.0,0.0,0.0,,,0.0,0,0.0,,0.0,0.0,0,0.0,0.0,,nan,0.0,,
2025,CL,読売ジャイアンツ,51955114,坂本　勇人,H.Sakamoto,62.0,173.0,154.0,7.0,32.0,10.0,0.0,3.0,51.0,22.0,0.0,0,0.0,4.0,14.0,0,1.0,40.0,6.0,0.208,0.272,0.331,0.603,19.0,0.12300000000000003,0.06400000000000003,0.395,8.092485549132949,23.121387283236995,0.35,0.25217391304347825,0.20515,382.33333333333337,0.21428571428571427,0.515625,0.208,32.0,3.0,22.0,62.0,173.0,154.0,19.0,10.0,0.0,7.0,0.272,0.331,14.0,0,1.0,,51.0,0.0,0,0.0,4.0,,12.721890815671117,14.080000000000002,,
2025,CL,東京ヤクルトスワローズ,51955138,清水　昇,N.Shimizu,35.0,0.0,0.0,0.0,0.0,0.0,0.0,0.0,0.0,0.0,0.0,0,0.0,0.0,0.0,0,0.0,0.0,0.0,,,,nan,0.0,,,,nan,nan,nan,nan,nan,nan,nan,nan,,0.0,0.0,0.0,35.0,0.0,0.0,0.0,0.0,0.0,0.0,,,0.0,0,0.0,,0.0,0.0,0,0.0,0.0,,nan,0.0,,
2025,CL,東京ヤクルトスワローズ,51955157,澤井　廉,R.Sawai,27.0,77.0,75.0,3.0,14.0,4.0,0.0,1.0,21.0,3.0,0.0,0,0.0,0.0,1.0,0,1.0,27.0,1.0,0.187,0.208,0.28,0.488,9.0,0.09300000000000003,0.02099999999999999,0.301,1.2987012987012987,35.064935064935064,0.037037037037037035,0.2765957446808511,0.16360000000000002,301.3333333333333,0.10666666666666667,0.3709677419354839,0.187,14.0,1.0,3.0,27.0,77.0,75.0,9.0,4.0,0.0,3.0,0.208,0.28,1.0,0,1.0,,21.0,0.0,0,0.0,0.0,,3.2709350649350597,3.4239999999999995,,
2025,CL,読売ジャイアンツ,51955159,佐々木　俊輔,S.Sasaki,53.0,161.0,141.0,14.0,35.0,4.0,1.0,0.0,41.0,10.0,1,4,10.0,0.0,10.0,0,0.0,34.0,2.0,0.248,0.298,0.291,0.589,30.0,0.04299999999999998,0.04999999999999999,0.3409999999999999,6.211180124223603,21.11801242236025,0.29411764705882354,0.32710280373831774,0.20684999999999998,394.99999999999994,0.09219858156028368,0.4642857142857143,0.248,35.0,0.0,10.0,53.0,161.0,141.0,30.0,4.0,1.0,14.0,0.298,0.291,10.0,0,0.0,,41.0,1,4,10.0,0.0,,11.144587991718396,11.067999999999998,,
2025,CL,広島東洋カープ,53155151,森下　暢仁,M.Morishita,22.0,50.0,43.0,1.0,4.0,0.0,0.0,0.0,4.0,0.0,0.0,0,5.0,0.0,2.0,0,0.0,19.0,0.0,0.093,0.133,0.093,0.226,4.0,0.0,0.04000000000000001,0.133,4.0,38.0,0.10526315789473684,0.16666666666666666,0.08310000000000001,164.0,0.046511627906976744,0.15384615384615385,0.093,4.0,0.0,0.0,22.0,50.0,43.0,4.0,0.0,0.0,1.0,0.133,0.093,2.0,0,0.0,,4.0,0.0,0,5.0,0.0,,-1.152000000000001,-0.7819999999999998,,
2025,CL,阪神タイガース,53355157,門別　啓人,K.Monbetsu,12.0,13.0,11.0,0.0,0.0,0.0,0.0,0.0,0.0,0.0,0.0,0,2.0,0.0,0.0,0,0.0,4.0,0.0,0.0,0.0,0.0,0.0,0.0,0.0,0.0,0.0,0.0,30.76923076923077,0.0,0.0,0.0,0.0,0.0,0.0,0.0,0.0,0.0,0.0,12.0,13.0,11.0,0.0,0.0,0.0,0.0,0.0,0.0,0.0,0,0.0,,0.0,0.0,0,2.0,0.0,,-1.049333333333335,-0.9420000000000001,,
2025,CL,読売ジャイアンツ,53555153,若林　楽人,G.Wakabayashi,86.0,241.0,216.0,30.0,52.0,10.0,2.0,3.0,75.0,16.0,9,1,4.0,1.0,15.0,0,5.0,40.0,0.0,0.241,0.304,0.347,0.651,37.0,0.10599999999999998,0.063,0.41,6.224066390041494,16.59751037344398,0.375,0.28160919540229884,0.22355,419.66666666666663,0.21296296296296297,0.6303030303030303,0.241,52.0,3.0,16.0,86.0,241.0,216.0,37.0,10.0,2.0,30.0,0.304,0.347,15.0,0,5.0,,75.0,9,1,4.0,1.0,,25.737277086214817,25.650000000000006,,
2025,CL,読売ジャイアンツ,53555155,山田　龍聖,R.Yamada,2.0,0.0,0.0,0.0,0.0,0.0,0.0,0.0,0.0,0.0,0.0,0,0.0,0.0,0.0,0,0.0,0.0,0.0,,,,nan,0.0,,,,nan,nan,nan,nan,nan,nan,nan,nan,,0.0,0.0,0.0,2.0,0.0,0.0,0.0,0.0,0.0,0.0,,,0.0,0,0.0,,0.0,0.0,0,0.0,0.0,,nan,0.0,,
2025,CL,東京ヤクルトスワローズ,53555157,吉村　貢司郎,K.Yoshimura,22.0,46.0,36.0,1.0,1.0,1.0,0.0,0.0,2.0,0.0,0.0,0,8.0,0.0,2.0,0,0.0,15.0,2.0,0.028,0.079,0.056,0.135,0.0,0.028,0.051000000000000004,0.107,4.3478260869565215,32.608695652173914,0.13333333333333333,0.047619047619047616,0.04955,97.66666666666667,0.08333333333333333,0.10810810810810811,0.028,1.0,0.0,0.0,22.0,46.0,36.0,0.0,1.0,0.0,1.0,0.079,0.056,2.0,0,0.0,,2.0,0.0,0,8.0,0.0,,-2.5687584541062805,-2.29,,
2025,CL,東京ヤクルトスワローズ,53755153,D.サンタナ,D.Santana,60.0,240.0,212.0,25.0,58.0,11.0,0.0,3.0,78.0,15.0,1.0,1,0.0,0.0,25.0,0,3.0,65.0,4.0,0.274,0.358,0.368,0.726,44.0,0.09399999999999997,0.08399999999999996,0.4519999999999999,10.416666666666668,27.083333333333332,0.38461538461538464,0.3819444444444444,0.2531,480.66666666666663,0.21226415094339623,0.6729559748427673,0.274,58.0,3.0,15.0,60.0,240.0,212.0,44.0,11.0,0.0,25.0,0.358,0.368,25.0,0,3.0,,78.0,1.0,1,0.0,0.0,,28.540875000000028,27.760000000000005,,
2025,CL,中日ドラゴンズ,61065116,中田　翔,S.Nakata,26.0,69.0,63.0,4.0,10.0,3.0,0.0,2.0,19.0,4.0,0.0,0,0.0,0.0,6.0,0,0.0,13.0,1.0,0.159,0.232,0.302,0.534,5.0,0.143,0.07300000000000001,0.375,8.695652173913043,18.84057971014493,0.46153846153846156,0.16666666666666666,0.1799,332.6666666666667,0.23809523809523808,0.46296296296296297,0.159,10.0,2.0,4.0,26.0,69.0,63.0,5.0,3.0,0.0,4.0,0.232,0.302,6.0,0,0.0,,19.0,0.0,0,0.0,0.0,,3.965864734299508,4.336,,
2025,CL,阪神タイガース,61065131,原口　文仁,F.Haraguchi,16.0,17.0,16.0,1.0,1.0,0.0,0.0,0.0,1.0,2.0,0.0,0,0.0,0.0,1.0,0,0.0,5.0,2.0,0.062,0.118,0.062,0.18,1.0,0.0,0.055999999999999994,0.118,5.88235294117647,29.411764705882355,0.2,0.09090909090909091,0.0686,138.66666666666666,0.0625,0.11764705882352941,0.062,1.0,0.0,2.0,16.0,17.0,16.0,1.0,0.0,0.0,1.0,0.118,0.062,1.0,0,0.0,,1.0,0.0,0,0.0,0.0,,-1.4040000000000017,-1.2899999999999998,,
2025,CL,読売ジャイアンツ,61065136,田中　瑛斗,E.Tanaka,62.0,0.0,0.0,0.0,0.0,0.0,0.0,0.0,0.0,0.0,0.0,0,0.0,0.0,0.0,0,0.0,0.0,0.0,,,,nan,0.0,,,,nan,nan,nan,nan,nan,nan,nan,nan,,0.0,0.0,0.0,62.0,0.0,0.0,0.0,0.0,0.0,0.0,,,0.0,0,0.0,,0.0,0.0,0,0.0,0.0,,nan,0.0,,
2025,CL,広島東洋カープ,61065151,鈴木　健矢,K.Suzuki,24.0,0.0,0.0,0.0,0.0,0.0,0.0,0.0,0.0,0.0,0.0,0,0.0,0.0,0.0,0,0.0,0.0,0.0,,,,nan,0.0,,,,nan,nan,nan,nan,nan,nan,nan,nan,,0.0,0.0,0.0,24.0,0.0,0.0,0.0,0.0,0.0,0.0,,,0.0,0,0.0,,0.0,0.0,0,0.0,0.0,,nan,0.0,,
2025,CL,読売ジャイアンツ,61165153,石川　達也,T.Ishikawa,41.0,7.0,7.0,0.0,2.0,0.0,0.0,0.0,2.0,1.0,0.0,0,0.0,0.0,0.0,0,0.0,2.0,0.0,0.286,0.286,0.286,0.572,2.0,0.0,0.0,0.286,0.0,28.57142857142857,0.0,0.4,0.2002,381.3333333333333,0.0,0.4,0.286,2.0,0.0,1.0,41.0,7.0,7.0,2.0,0.0,0.0,0.0,0.286,0.286,0.0,0,0.0,,2.0,0.0,0,0.0,0.0,,0.545587301587303,0.534,,
2025,CL,中日ドラゴンズ,61165157,伊藤　茉央,M.Itou,12.0,0.0,0.0,0.0,0.0,0.0,0.0,0.0,0.0,0.0,0.0,0,0.0,0.0,0.0,0,0.0,0.0,0.0,,,,nan,0.0,,,,nan,nan,nan,nan,nan,nan,nan,nan,,0.0,0.0,0.0,12.0,0.0,0.0,0.0,0.0,0.0,0.0,,,0.0,0,0.0,,0.0,0.0,0,0.0,0.0,,nan,0.0,,
2025,CL,読売ジャイアンツ,61165159,泉口　友汰,Y.Izuguchi,133.0,573.0,512.0,67.0,154.0,23.0,3.0,6.0,201.0,39.0,4,5,7.0,3.0,47.0,0,4.0,60.0,8.0,0.301,0.362,0.393,0.755,122.0,0.09200000000000003,0.061,0.454,8.202443280977311,10.471204188481675,0.7833333333333333,0.32962138084632514,0.26115,493.0,0.181640625,0.6900269541778976,0.301,154.0,6.0,39.0,133.0,573.0,512.0,122.0,23.0,3.0,67.0,0.362,0.393,47.0,0,4.0,,201.0,4,5,7.0,3.0,,73.65472251308893,71.51000000000002,,
2025,CL,東京ヤクルトスワローズ,61265138,沼田　翔平,S.Numata,1.0,0.0,0.0,0.0,0.0,0.0,0.0,0.0,0.0,0.0,0.0,0,0.0,0.0,0.0,0,0.0,0.0,0.0,,,,nan,0.0,,,,nan,nan,nan,nan,nan,nan,nan,nan,,0.0,0.0,0.0,1.0,0.0,0.0,0.0,0.0,0.0,0.0,,,0.0,0,0.0,,0.0,0.0,0,0.0,0.0,,nan,0.0,,
2025,CL,中日ドラゴンズ,61265153,髙橋　宏斗,H.Takahashi,26.0,54.0,45.0,2.0,5.0,0.0,0.0,0.0,5.0,0.0,0.0,0,8.0,0.0,1.0,0,0.0,17.0,0.0,0.111,0.13,0.111,0.241,5.0,0.0,0.019000000000000003,0.13,1.8518518518518516,31.48148148148148,0.058823529411764705,0.17857142857142858,0.08625000000000001,167.0,0.022222222222222223,0.15,0.111,5.0,0.0,0.0,26.0,54.0,45.0,5.0,0.0,0.0,2.0,0.13,0.111,1.0,0,0.0,,5.0,0.0,0,8.0,0.0,,-0.8916790123456835,-0.5760000000000001,,
2025,CL,広島東洋カープ,61265155,田村　俊介,S.Tamura,25.0,69.0,63.0,5.0,16.0,0.0,1.0,1.0,21.0,4.0,0,1,0.0,0.0,6.0,0,0.0,14.0,1.0,0.254,0.319,0.333,0.652,14.0,0.07900000000000001,0.065,0.398,8.695652173913043,20.28985507246377,0.42857142857142855,0.3125,0.2268,430.0,0.15873015873015872,0.5510204081632653,0.254,16.0,1.0,4.0,25.0,69.0,63.0,14.0,0.0,1.0,5.0,0.319,0.333,6.0,0,0.0,,21.0,0,1,0.0,0.0,,6.383710144927527,6.488,,
2025,CL,中日ドラゴンズ,61265159,辻本　倫太郎,R.Tsujimoto,29.0,56.0,53.0,3.0,7.0,3.0,0.0,0.0,10.0,1.0,0.0,0,3.0,0.0,0.0,0,0.0,10.0,1.0,0.132,0.132,0.189,0.321,4.0,0.056999999999999995,0.0,0.189,0.0,17.857142857142858,0.0,0.16279069767441862,0.10665,195.0,0.05660377358490566,0.2127659574468085,0.132,7.0,0.0,1.0,29.0,56.0,53.0,4.0,3.0,0.0,3.0,0.132,0.189,0.0,0,0.0,,10.0,0.0,0,3.0,0.0,,-0.45492857142857446,-0.3099999999999996,,
2025,CL,中日ドラゴンズ,61365132,宇佐見　真吾,S.Usami,20.0,41.0,34.0,2.0,4.0,0.0,0.0,0.0,4.0,1.0,0.0,0,1.0,0.0,6.0,0,0.0,13.0,1.0,0.118,0.25,0.118,0.368,4.0,0.0,0.132,0.25,14.634146341463413,31.70731707317073,0.46153846153846156,0.19047619047619047,0.14200000000000002,289.3333333333333,0.17647058823529413,0.3225806451612903,0.118,4.0,0.0,1.0,20.0,41.0,34.0,4.0,0.0,0.0,2.0,0.25,0.118,6.0,0,0.0,,4.0,0.0,0,1.0,0.0,,0.5590243902438985,0.9059999999999998,,
2025,CL,広島東洋カープ,61365139,大瀬良　大地,D.Oosera,23.0,41.0,34.0,2.0,4.0,0.0,0.0,0.0,4.0,0.0,0.0,0,6.0,0.0,1.0,0,0.0,14.0,0.0,0.118,0.143,0.118,0.261,4.0,0.0,0.024999999999999994,0.143,2.4390243902439024,34.146341463414636,0.07142857142857142,0.2,0.09384999999999999,182.33333333333331,0.029411764705882353,0.16666666666666666,0.118,4.0,0.0,0.0,23.0,41.0,34.0,4.0,0.0,0.0,2.0,0.143,0.118,1.0,0,0.0,,4.0,0.0,0,6.0,0.0,,-0.4662113821138192,-0.2320000000000002,,
2025,CL,横浜DeNAベイスターズ,61365153,入江　大生,T.Irie,50.0,0.0,0.0,0.0,0.0,0.0,0.0,0.0,0.0,0.0,0.0,0,0.0,0.0,0.0,0,0.0,0.0,0.0,,,,nan,0.0,,,,nan,nan,nan,nan,nan,nan,nan,nan,,0.0,0.0,0.0,50.0,0.0,0.0,0.0,0.0,0.0,0.0,,,0.0,0,0.0,,0.0,0.0,0,0.0,0.0,,nan,0.0,,
2025,CL,広島東洋カープ,61565135,菊池　涼介,R.Kikuchi,113.0,389.0,355.0,30.0,89.0,19.0,0.0,4.0,120.0,28.0,5,3,17.0,2.0,14.0,0,1.0,70.0,5.0,0.251,0.28,0.338,0.6180000000000001,66.0,0.08700000000000002,0.029000000000000026,0.367,3.5989717223650386,17.994858611825194,0.2,0.3003533568904594,0.21050000000000002,392.66666666666674,0.1323943661971831,0.5109489051094891,0.251,89.0,4.0,28.0,113.0,389.0,355.0,66.0,19.0,0.0,30.0,0.28,0.338,14.0,0,1.0,,120.0,5,3,17.0,2.0,,32.82238560411304,32.55,,
2025,CL,阪神タイガース,61565136,楠本　泰史,T.Kusumoto,16.0,16.0,15.0,0.0,2.0,1.0,0.0,0.0,3.0,1.0,0.0,0,0.0,0.0,1.0,0,0.0,6.0,0.0,0.133,0.188,0.2,0.388,1.0,0.067,0.05499999999999999,0.255,6.25,37.5,0.16666666666666666,0.2222222222222222,0.1346,254.66666666666666,0.13333333333333333,0.3076923076923077,0.133,2.0,0.0,1.0,16.0,16.0,15.0,1.0,1.0,0.0,0.0,0.188,0.2,1.0,0,0.0,,3.0,0.0,0,0.0,0.0,,0.285499999999999,0.34199999999999997,,
2025,CL,広島東洋カープ,61765157,斉藤　優汰,Y.Saitou,2.0,1.0,1.0,0.0,0.0,0.0,0.0,0.0,0.0,0.0,0.0,0,0.0,0.0,0.0,0,0.0,1.0,0.0,0.0,0.0,0.0,0.0,0.0,0.0,0.0,0.0,0.0,100.0,0.0,nan,0.0,0.0,0.0,0.0,0.0,0.0,0.0,0.0,2.0,1.0,1.0,0.0,0.0,0.0,0.0,0.0,0.0,0.0,0,0.0,,0.0,0.0,0,0.0,0.0,,-0.10799999999999998,-0.098,,
2025,CL,東京ヤクルトスワローズ,61865132,茂木　栄五郎,E.Mogi,53.0,172.0,150.0,12.0,36.0,2.0,0.0,5.0,53.0,16.0,0,3,1.0,0.0,19.0,0,2.0,48.0,2.0,0.24,0.333,0.353,0.6859999999999999,29.0,0.11299999999999999,0.09300000000000003,0.446,11.046511627906977,27.906976744186046,0.3958333333333333,0.31958762886597936,0.2381,450.6666666666667,0.22,0.6218487394957983,0.24,36.0,5.0,16.0,53.0,172.0,150.0,29.0,2.0,0.0,12.0,0.333,0.353,19.0,0,2.0,,53.0,0,3,1.0,0.0,,17.413204134366907,17.976000000000003,,
2025,CL,中日ドラゴンズ,61865157,松山　晋也,S.Matsuyama,53.0,0.0,0.0,0.0,0.0,0.0,0.0,0.0,0.0,0.0,0.0,0,0.0,0.0,0.0,0,0.0,0.0,0.0,,,,nan,0.0,,,,nan,nan,nan,nan,nan,nan,nan,nan,,0.0,0.0,0.0,53.0,0.0,0.0,0.0,0.0,0.0,0.0,,,0.0,0,0.0,,0.0,0.0,0,0.0,0.0,,nan,0.0,,
2025,CL,広島東洋カープ,61965131,堂林　翔太,S.Doubayashi,44.0,77.0,70.0,5.0,13.0,6.0,0.0,1.0,22.0,4.0,0.0,0,1.0,0.0,6.0,0,0.0,23.0,3.0,0.186,0.25,0.314,0.5640000000000001,6.0,0.128,0.064,0.378,7.792207792207792,29.87012987012987,0.2608695652173913,0.2608695652173913,0.191,354.6666666666667,0.21428571428571427,0.4666666666666667,0.186,13.0,1.0,4.0,44.0,77.0,70.0,6.0,6.0,0.0,5.0,0.25,0.314,6.0,0,0.0,,22.0,0.0,0,1.0,0.0,,4.413593073593077,4.416000000000001,,
2025,CL,広島東洋カープ,61965139,田中　広輔,K.Tanaka,15.0,44.0,34.0,2.0,5.0,0.0,0.0,0.0,5.0,0.0,0,2,0.0,0.0,9.0,0,1.0,7.0,0.0,0.147,0.341,0.147,0.488,5.0,0.0,0.19400000000000003,0.341,20.454545454545457,15.909090909090908,1.2857142857142858,0.18518518518518517,0.1902,390.0,0.20588235294117646,0.4838709677419355,0.147,5.0,0.0,0.0,15.0,44.0,34.0,5.0,0.0,0.0,2.0,0.341,0.147,9.0,0,1.0,,5.0,0,2,0.0,0.0,,2.1466010101010085,2.5940000000000007,,
2025,CL,中日ドラゴンズ,63165134,柳　裕也,Y.Yanagi,14.0,26.0,24.0,0.0,2.0,0.0,0.0,0.0,2.0,0.0,0.0,0,1.0,0.0,1.0,0,0.0,11.0,0.0,0.083,0.12,0.083,0.203,2.0,0.0,0.03699999999999999,0.12,3.8461538461538463,42.30769230769231,0.09090909090909091,0.15384615384615385,0.07475,147.66666666666666,0.041666666666666664,0.13636363636363635,0.083,2.0,0.0,0.0,14.0,26.0,24.0,2.0,0.0,0.0,0.0,0.12,0.083,1.0,0,0.0,,2.0,0.0,0,1.0,0.0,,-0.9124615384615424,-0.688,,
2025,CL,東京ヤクルトスワローズ,63365153,山野　太一,T.Yamano,14.0,27.0,21.0,1.0,3.0,1.0,0.0,0.0,4.0,1.0,0.0,0,5.0,0.0,1.0,0,0.0,8.0,0.0,0.143,0.182,0.19,0.372,2.0,0.047000000000000014,0.03900000000000001,0.229,3.7037037037037033,29.629629629629626,0.125,0.23076923076923078,0.12940000000000002,245.33333333333334,0.09523809523809523,0.2777777777777778,0.143,3.0,0.0,1.0,14.0,27.0,21.0,2.0,1.0,0.0,1.0,0.182,0.19,1.0,0,0.0,,4.0,0.0,0,5.0,0.0,,0.5217942386831282,0.5760000000000001,,
2025,CL,阪神タイガース,71075138,近本　光司,K.Chikamoto,140.0,638.0,573.0,76.0,160.0,25.0,4.0,3.0,202.0,34.0,32,9,0.0,3.0,60.0,0,2.0,88.0,3.0,0.279,0.348,0.353,0.701,128.0,0.07399999999999995,0.06899999999999995,0.4219999999999999,9.404388714733543,13.793103448275861,0.6818181818181818,0.3237113402061856,0.24484999999999998,465.66666666666663,0.2181500872600349,0.6964705882352941,0.279,160.0,3.0,34.0,140.0,638.0,573.0,128.0,25.0,4.0,76.0,0.348,0.353,60.0,0,2.0,,202.0,32,9,0.0,3.0,,78.23449320794145,76.566,,
2025,CL,東京ヤクルトスワローズ,71175132,青柳　晃洋,K.Aoyagi,3.0,4.0,4.0,0.0,0.0,0.0,0.0,0.0,0.0,0.0,0.0,0,0.0,0.0,0.0,0,0.0,3.0,0.0,0.0,0.0,0.0,0.0,0.0,0.0,0.0,0.0,0.0,75.0,0.0,0.0,0.0,0.0,0.0,0.0,0.0,0.0,0.0,0.0,3.0,4.0,4.0,0.0,0.0,0.0,0.0,0.0,0.0,0.0,0,0.0,,0.0,0.0,0,0.0,0.0,,-0.42399999999999993,-0.384,,
2025,CL,読売ジャイアンツ,71175153,秋広　優人,Y.Akihiro,5.0,8.0,7.0,0.0,1.0,0.0,0.0,0.0,1.0,0.0,0.0,0,0.0,0.0,1.0,0,0.0,0.0,0.0,0.143,0.25,0.143,0.393,1.0,0.0,0.10700000000000001,0.25,12.5,0.0,nan,0.14285714285714285,0.14825,297.66666666666663,0.14285714285714285,0.3333333333333333,0.143,1.0,0.0,0.0,5.0,8.0,7.0,1.0,0.0,0.0,0.0,0.25,0.143,1.0,0,0.0,,1.0,0.0,0,0.0,0.0,,0.23766666666666758,0.30000000000000004,,
2025,CL,阪神タイガース,71275118,西　勇輝,Y.Nishi,1.0,1.0,1.0,0.0,0.0,0.0,0.0,0.0,0.0,0.0,0.0,0,0.0,0.0,0.0,0,0.0,1.0,0.0,0.0,0.0,0.0,0.0,0.0,0.0,0.0,0.0,0.0,100.0,0.0,nan,0.0,0.0,0.0,0.0,0.0,0.0,0.0,0.0,1.0,1.0,1.0,0.0,0.0,0.0,0.0,0.0,0.0,0.0,0,0.0,,0.0,0.0,0,0.0,0.0,,-0.10799999999999998,-0.098,,
2025,CL,東京ヤクルトスワローズ,71275151,武岡　龍世,R.Takeoka,47.0,119.0,104.0,6.0,19.0,5.0,0.0,1.0,27.0,5.0,1,0,7.0,1.0,7.0,0,0.0,23.0,0.0,0.183,0.232,0.26,0.492,13.0,0.07700000000000001,0.049000000000000016,0.309,5.88235294117647,19.327731092436977,0.30434782608695654,0.2222222222222222,0.1694,318.66666666666663,0.15384615384615385,0.4117647058823529,0.183,19.0,1.0,5.0,47.0,119.0,104.0,13.0,5.0,0.0,6.0,0.232,0.26,7.0,0,0.0,,27.0,1,0,7.0,1.0,,6.370696545284758,6.916,,
2025,CL,広島東洋カープ,71375136,遠藤　淳志,A.Endou,7.0,3.0,3.0,0.0,0.0,0.0,0.0,0.0,0.0,0.0,0.0,0,0.0,0.0,0.0,0,0.0,1.0,0.0,0.0,0.0,0.0,0.0,0.0,0.0,0.0,0.0,0.0,33.33333333333333,0.0,0.0,0.0,0.0,0.0,0.0,0.0,0.0,0.0,0.0,7.0,3.0,3.0,0.0,0.0,0.0,0.0,0.0,0.0,0.0,0,0.0,,0.0,0.0,0,0.0,0.0,,-0.3080000000000003,-0.278,,
2025,CL,阪神タイガース,71375153,伊藤　将司,M.Itou,14.0,31.0,27.0,1.0,2.0,0.0,0.0,0.0,2.0,1.0,0.0,0,4.0,0.0,0.0,0,0.0,14.0,3.0,0.074,0.074,0.074,0.148,2.0,0.0,0.0,0.074,0.0,45.16129032258064,0.0,0.15384615384615385,0.0518,98.66666666666667,0.0,0.07142857142857142,0.074,2.0,0.0,1.0,14.0,31.0,27.0,2.0,0.0,0.0,1.0,0.074,0.074,0.0,0,0.0,,2.0,0.0,0,4.0,0.0,,-2.4599283154121885,-2.312,,
2025,CL,中日ドラゴンズ,71375155,鵜飼　航丞,K.Ukai,30.0,53.0,53.0,0.0,10.0,0.0,0.0,0.0,10.0,1.0,1,0,0.0,0.0,0.0,0,0.0,13.0,1.0,0.189,0.189,0.189,0.378,10.0,0.0,0.0,0.189,0.0,24.528301886792452,0.0,0.25,0.1323,252.0,0.018867924528301886,0.25,0.189,10.0,0.0,1.0,30.0,53.0,53.0,10.0,0.0,0.0,0.0,0.189,0.189,0.0,0,0.0,,10.0,1,0,0.0,0.0,,0.6267295597484193,0.836,,
2025,CL,広島東洋カープ,71475138,羽月　隆太郎,R.Hatsuki,74.0,119.0,105.0,26.0,31.0,2.0,2.0,0.0,37.0,4.0,17,5,1.0,0.0,13.0,0,0.0,29.0,0.0,0.295,0.373,0.352,0.725,27.0,0.056999999999999995,0.07800000000000001,0.43,10.92436974789916,24.369747899159663,0.4482758620689655,0.40789473684210525,0.25585,490.33333333333337,0.29523809523809524,0.8481012658227848,0.295,31.0,0.0,4.0,74.0,119.0,105.0,27.0,2.0,2.0,26.0,0.373,0.352,13.0,0,0.0,,37.0,17,5,1.0,0.0,,16.53289635854341,16.047999999999995,,
2025,CL,東京ヤクルトスワローズ,71575134,矢崎　拓也,T.Yasaki,45.0,0.0,0.0,0.0,0.0,0.0,0.0,0.0,0.0,0.0,0.0,0,0.0,0.0,0.0,0,0.0,0.0,0.0,,,,nan,0.0,,,,nan,nan,nan,nan,nan,nan,nan,nan,,0.0,0.0,0.0,45.0,0.0,0.0,0.0,0.0,0.0,0.0,,,0.0,0,0.0,,0.0,0.0,0,0.0,0.0,,nan,0.0,,
2025,CL,横浜DeNAベイスターズ,71575136,神里　和毅,K.Kamizato,62.0,27.0,26.0,5.0,8.0,1.0,2.0,0.0,13.0,2.0,3,0,0.0,0.0,1.0,0,0.0,8.0,0.0,0.308,0.333,0.5,0.833,5.0,0.192,0.025000000000000022,0.525,3.7037037037037033,29.629629629629626,0.125,0.4444444444444444,0.27485000000000004,499.6666666666667,0.34615384615384615,0.9444444444444444,0.308,8.0,0.0,2.0,62.0,27.0,26.0,5.0,1.0,2.0,5.0,0.333,0.5,1.0,0,0.0,,13.0,3,0,0.0,0.0,,4.83733333333333,4.4959999999999996,,
2025,CL,中日ドラゴンズ,71575159,尾田　剛樹,G.Oda,28.0,5.0,5.0,7.0,0.0,0.0,0.0,0.0,0.0,0.0,5,1,0.0,0.0,0.0,0,0.0,2.0,0.0,0.0,0.0,0.0,0.0,0.0,0.0,0.0,0.0,0.0,40.0,0.0,0.0,0.0,0.0,0.8,0.8333333333333334,0.0,0.0,0.0,0.0,28.0,5.0,5.0,0.0,0.0,0.0,7.0,0.0,0.0,0.0,0,0.0,,0.0,5,1,0.0,0.0,,-0.06577777777777705,0.11399999999999982,,
2025,CL,横浜DeNAベイスターズ,71675134,浜地　真澄,M.Hamachi,3.0,0.0,0.0,0.0,0.0,0.0,0.0,0.0,0.0,0.0,0.0,0,0.0,0.0,0.0,0,0.0,0.0,0.0,,,,nan,0.0,,,,nan,nan,nan,nan,nan,nan,nan,nan,,0.0,0.0,0.0,3.0,0.0,0.0,0.0,0.0,0.0,0.0,,,0.0,0,0.0,,0.0,0.0,0,0.0,0.0,,nan,0.0,,
2025,CL,中日ドラゴンズ,71675157,濱　将乃介,S.Hama,5.0,4.0,4.0,0.0,1.0,0.0,0.0,0.0,1.0,1.0,0.0,0,0.0,0.0,0.0,0,0.0,1.0,0.0,0.25,0.25,0.25,0.5,1.0,0.0,0.0,0.25,0.0,25.0,0.0,0.3333333333333333,0.175,333.3333333333333,0.0,0.3333333333333333,0.25,1.0,0.0,1.0,5.0,4.0,4.0,1.0,0.0,0.0,0.0,0.25,0.25,0.0,0,0.0,,1.0,0.0,0,0.0,0.0,,0.21894444444444439,0.222,,
2025,CL,阪神タイガース,71775151,小野寺　暖,D.Onodera,19.0,30.0,29.0,3.0,7.0,1.0,0.0,0.0,8.0,0.0,0.0,0,0.0,0.0,1.0,0,0.0,9.0,0.0,0.241,0.267,0.276,0.543,6.0,0.03500000000000003,0.026000000000000023,0.302,3.3333333333333335,30.0,0.1111111111111111,0.35,0.18915,359.00000000000006,0.06896551724137931,0.4090909090909091,0.241,7.0,0.0,0.0,19.0,30.0,29.0,6.0,1.0,0.0,3.0,0.267,0.276,1.0,0,0.0,,8.0,0.0,0,0.0,0.0,,2.0340740740740735,2.0079999999999996,,
2025,CL,横浜DeNAベイスターズ,71875134,堀岡　隼人,H.Horioka,13.0,0.0,0.0,0.0,0.0,0.0,0.0,0.0,0.0,0.0,0.0,0,0.0,0.0,0.0,0,0.0,0.0,0.0,,,,nan,0.0,,,,nan,nan,nan,nan,nan,nan,nan,nan,,0.0,0.0,0.0,13.0,0.0,0.0,0.0,0.0,0.0,0.0,,,0.0,0,0.0,,0.0,0.0,0,0.0,0.0,,nan,0.0,,
2025,CL,中日ドラゴンズ,71875155,ブライト　健太,K.Buraito,83.0,157.0,139.0,17.0,36.0,10.0,2.0,3.0,59.0,20.0,0,2,2.0,0.0,13.0,0,3.0,40.0,3.0,0.259,0.335,0.424,0.759,21.0,0.16499999999999998,0.07600000000000001,0.5,8.280254777070063,25.477707006369428,0.325,0.34375,0.25675000000000003,476.33333333333337,0.2446043165467626,0.6944444444444444,0.259,36.0,3.0,20.0,83.0,157.0,139.0,21.0,10.0,2.0,17.0,0.335,0.424,13.0,0,3.0,,59.0,0,2,2.0,0.0,,18.868206652512384,18.28,,
2025,CL,横浜DeNAベイスターズ,71975134,佐々木　千隼,C.Sasaki,20.0,1.0,1.0,0.0,0.0,0.0,0.0,0.0,0.0,0.0,0.0,0,0.0,0.0,0.0,0,0.0,0.0,0.0,0.0,0.0,0.0,0.0,0.0,0.0,0.0,0.0,0.0,0.0,nan,0.0,0.0,0.0,0.0,0.0,0.0,0.0,0.0,0.0,20.0,1.0,1.0,0.0,0.0,0.0,0.0,0.0,0.0,0.0,0,0.0,,0.0,0.0,0,0.0,0.0,,-0.10000000000000009,-0.09,,
2025,CL,東京ヤクルトスワローズ,71975136,塩見　泰隆,Y.Shiomi,1.0,0.0,0.0,0.0,0.0,0.0,0.0,0.0,0.0,0.0,0.0,0,0.0,0.0,0.0,0,0.0,0.0,0.0,,,,nan,0.0,,,,nan,nan,nan,nan,nan,nan,nan,nan,,0.0,0.0,0.0,1.0,0.0,0.0,0.0,0.0,0.0,0.0,,,0.0,0,0.0,,0.0,0.0,0,0.0,0.0,,nan,0.0,,
2025,CL,広島東洋カープ,71975159,佐藤　啓介,K.Satou,5.0,16.0,15.0,0.0,1.0,0.0,0.0,0.0,1.0,1.0,0.0,0,0.0,0.0,1.0,0,0.0,5.0,0.0,0.067,0.125,0.067,0.192,1.0,0.0,0.057999999999999996,0.125,6.25,31.25,0.2,0.1,0.07300000000000001,147.33333333333334,0.06666666666666667,0.14285714285714285,0.067,1.0,0.0,1.0,5.0,16.0,15.0,1.0,0.0,0.0,0.0,0.125,0.067,1.0,0,0.0,,1.0,0.0,0,0.0,0.0,,-0.6219166666666673,-0.45999999999999985,,
2025,CL,中日ドラゴンズ,73175153,松木平　優太,Y.Matsukihira,1.0,1.0,1.0,1.0,0.0,0.0,0.0,0.0,0.0,0.0,0.0,0,0.0,0.0,0.0,0,0.0,0.0,0.0,0.0,0.0,0.0,0.0,0.0,0.0,0.0,0.0,0.0,0.0,nan,0.0,0.0,0.0,0.0,0.0,0.0,0.0,0.0,0.0,1.0,1.0,1.0,0.0,0.0,0.0,1.0,0.0,0.0,0.0,0,0.0,,0.0,0.0,0,0.0,0.0,,-0.10000000000000009,-0.09,,
2025,CL,広島東洋カープ,73175155,松本　竜也,R.Matsumoto,4.0,0.0,0.0,0.0,0.0,0.0,0.0,0.0,0.0,0.0,0.0,0,0.0,0.0,0.0,0,0.0,0.0,0.0,,,,nan,0.0,,,,nan,nan,nan,nan,nan,nan,nan,nan,,0.0,0.0,0.0,4.0,0.0,0.0,0.0,0.0,0.0,0.0,,,0.0,0,0.0,,0.0,0.0,0,0.0,0.0,,nan,0.0,,
2025,CL,読売ジャイアンツ,73375134,吉川　尚輝,N.Yoshikawa,107.0,455.0,404.0,33.0,112.0,15.0,3.0,3.0,142.0,32.0,8,3,2.0,3.0,41.0,0,5.0,63.0,7.0,0.277,0.349,0.351,0.7,91.0,0.07399999999999995,0.07199999999999995,0.4229999999999999,9.010989010989011,13.846153846153847,0.6507936507936508,0.3196480938416422,0.2448,465.99999999999994,0.18811881188118812,0.6490066225165563,0.277,112.0,3.0,32.0,107.0,455.0,404.0,91.0,15.0,3.0,33.0,0.349,0.351,41.0,0,5.0,,142.0,8,3,2.0,3.0,,52.23421245421247,51.676,,
2025,CL,横浜DeNAベイスターズ,73375151,T.オースティン,T.Austin,65.0,246.0,219.0,35.0,59.0,14.0,0.0,11.0,106.0,28.0,0.0,0,0.0,0.0,26.0,0,1.0,45.0,10.0,0.269,0.35,0.484,0.834,34.0,0.21499999999999997,0.08099999999999996,0.565,10.569105691056912,18.29268292682927,0.5777777777777777,0.294478527607362,0.27849999999999997,511.3333333333333,0.3333333333333333,0.7823529411764706,0.269,59.0,11.0,28.0,65.0,246.0,219.0,34.0,14.0,0.0,35.0,0.35,0.484,26.0,0,1.0,,106.0,0.0,0,0.0,0.0,,34.34529719963865,33.64,,
2025,CL,広島東洋カープ,73375153,森浦　大輔,D.Moriura,60.0,0.0,0.0,0.0,0.0,0.0,0.0,0.0,0.0,0.0,0.0,0,0.0,0.0,0.0,0,0.0,0.0,0.0,,,,nan,0.0,,,,nan,nan,nan,nan,nan,nan,nan,nan,,0.0,0.0,0.0,60.0,0.0,0.0,0.0,0.0,0.0,0.0,,,0.0,0,0.0,,0.0,0.0,0,0.0,0.0,,nan,0.0,,
2025,CL,読売ジャイアンツ,73975155,K.ケラー,K.Keller,45.0,0.0,0.0,0.0,0.0,0.0,0.0,0.0,0.0,0.0,0.0,0,0.0,0.0,0.0,0,0.0,0.0,0.0,,,,nan,0.0,,,,nan,nan,nan,nan,nan,nan,nan,nan,,0.0,0.0,0.0,45.0,0.0,0.0,0.0,0.0,0.0,0.0,,,0.0,0,0.0,,0.0,0.0,0,0.0,0.0,,nan,0.0,,
2025,CL,広島東洋カープ,73975159,T.ハーン,T.Hearn,56.0,0.0,0.0,0.0,0.0,0.0,0.0,0.0,0.0,0.0,0.0,0,0.0,0.0,0.0,0,0.0,0.0,0.0,,,,nan,0.0,,,,nan,nan,nan,nan,nan,nan,nan,nan,,0.0,0.0,0.0,56.0,0.0,0.0,0.0,0.0,0.0,0.0,,,0.0,0,0.0,,0.0,0.0,0,0.0,0.0,,nan,0.0,,
2025,CL,読売ジャイアンツ,81085155,大勢,T.Taisei（outa,62.0,0.0,0.0,0.0,0.0,0.0,0.0,0.0,0.0,0.0,0.0,0,0.0,0.0,0.0,0,0.0,0.0,0.0,,,,nan,0.0,,,,nan,nan,nan,nan,nan,nan,nan,nan,,0.0,0.0,0.0,62.0,0.0,0.0,0.0,0.0,0.0,0.0,,,0.0,0,0.0,,0.0,0.0,0,0.0,0.0,,nan,0.0,,
2025,CL,広島東洋カープ,81085157,辻　大雅,T.Tsuji,16.0,0.0,0.0,0.0,0.0,0.0,0.0,0.0,0.0,0.0,0.0,0,0.0,0.0,0.0,0,0.0,0.0,0.0,,,,nan,0.0,,,,nan,nan,nan,nan,nan,nan,nan,nan,,0.0,0.0,0.0,16.0,0.0,0.0,0.0,0.0,0.0,0.0,,,0.0,0,0.0,,0.0,0.0,0,0.0,0.0,,nan,0.0,,
2025,CL,横浜DeNAベイスターズ,81185116,伊藤　光,H.Itou,6.0,9.0,9.0,0.0,0.0,0.0,0.0,0.0,0.0,0.0,0.0,0,0.0,0.0,0.0,0,0.0,4.0,0.0,0.0,0.0,0.0,0.0,0.0,0.0,0.0,0.0,0.0,44.44444444444444,0.0,0.0,0.0,0.0,0.0,0.0,0.0,0.0,0.0,0.0,6.0,9.0,9.0,0.0,0.0,0.0,0.0,0.0,0.0,0.0,0,0.0,,0.0,0.0,0,0.0,0.0,,-0.9320000000000004,-0.842,,
2025,CL,広島東洋カープ,81185133,磯村　嘉孝,Y.Isomura,6.0,7.0,7.0,0.0,0.0,0.0,0.0,0.0,0.0,0.0,0.0,0,0.0,0.0,0.0,0,0.0,2.0,0.0,0.0,0.0,0.0,0.0,0.0,0.0,0.0,0.0,0.0,28.57142857142857,0.0,0.0,0.0,0.0,0.0,0.0,0.0,0.0,0.0,0.0,6.0,7.0,7.0,0.0,0.0,0.0,0.0,0.0,0.0,0.0,0,0.0,,0.0,0.0,0,0.0,0.0,,-0.7159999999999993,-0.6459999999999999,,
2025,CL,阪神タイガース,81185134,糸原　健斗,K.Itohara,61.0,75.0,69.0,0.0,14.0,0.0,0.0,0.0,14.0,4.0,1,0,0.0,1.0,5.0,0,0.0,16.0,1.0,0.203,0.253,0.203,0.456,14.0,0.0,0.04999999999999999,0.253,6.666666666666667,21.333333333333336,0.3125,0.25925925925925924,0.16460000000000002,320.66666666666663,0.08695652173913043,0.35714285714285715,0.203,14.0,0.0,4.0,61.0,75.0,69.0,14.0,0.0,0.0,0.0,0.253,0.203,5.0,0,0.0,,14.0,1,0,0.0,1.0,,3.190400000000011,3.801999999999999,,
2025,CL,阪神タイガース,81185157,茨木　秀俊,H.Ibaragi,2.0,0.0,0.0,0.0,0.0,0.0,0.0,0.0,0.0,0.0,0.0,0,0.0,0.0,0.0,0,0.0,0.0,0.0,,,,nan,0.0,,,,nan,nan,nan,nan,nan,nan,nan,nan,,0.0,0.0,0.0,2.0,0.0,0.0,0.0,0.0,0.0,0.0,,,0.0,0,0.0,,0.0,0.0,0,0.0,0.0,,nan,0.0,,
2025,CL,東京ヤクルトスワローズ,81185159,伊藤　琉偉,R.Itou,87.0,204.0,184.0,17.0,38.0,6.0,2.0,3.0,57.0,17.0,3,1,7.0,1.0,12.0,0,0.0,56.0,1.0,0.207,0.254,0.31,0.5640000000000001,27.0,0.10300000000000001,0.047000000000000014,0.357,5.88235294117647,27.450980392156865,0.21428571428571427,0.2777777777777778,0.1918,357.3333333333333,0.1793478260869565,0.4864864864864865,0.207,38.0,3.0,17.0,87.0,204.0,184.0,27.0,6.0,2.0,17.0,0.254,0.31,12.0,0,0.0,,57.0,3,1,7.0,1.0,,14.51555555555555,15.211999999999994,,
2025,CL,読売ジャイアンツ,81285132,中川　皓太,K.Nakagawa,63.0,0.0,0.0,0.0,0.0,0.0,0.0,0.0,0.0,0.0,0.0,0,0.0,0.0,0.0,0,0.0,0.0,0.0,,,,nan,0.0,,,,nan,nan,nan,nan,nan,nan,nan,nan,,0.0,0.0,0.0,63.0,0.0,0.0,0.0,0.0,0.0,0.0,,,0.0,0,0.0,,0.0,0.0,0,0.0,0.0,,nan,0.0,,
2025,CL,広島東洋カープ,81285136,中村　奨成,S.Nakamura,104.0,368.0,344.0,43.0,97.0,21.0,3.0,9.0,151.0,33.0,2,6,3.0,1.0,17.0,0,3.0,48.0,2.0,0.282,0.321,0.439,0.76,64.0,0.15700000000000003,0.039000000000000035,0.478,4.619565217391304,13.043478260869565,0.3541666666666667,0.3055555555555556,0.2542,467.33333333333337,0.19476744186046513,0.6784313725490196,0.282,97.0,9.0,33.0,104.0,368.0,344.0,64.0,21.0,3.0,43.0,0.321,0.439,17.0,0,3.0,,151.0,2,6,3.0,1.0,,46.9144782608696,45.57599999999999,,
2025,CL,中日ドラゴンズ,81285138,根尾　昂,A.Neo,4.0,1.0,1.0,0.0,0.0,0.0,0.0,0.0,0.0,0.0,0.0,0,0.0,0.0,0.0,0,0.0,1.0,0.0,0.0,0.0,0.0,0.0,0.0,0.0,0.0,0.0,0.0,100.0,0.0,nan,0.0,0.0,0.0,0.0,0.0,0.0,0.0,0.0,4.0,1.0,1.0,0.0,0.0,0.0,0.0,0.0,0.0,0.0,0,0.0,,0.0,0.0,0,0.0,0.0,,-0.10799999999999998,-0.098,,
2025,CL,中日ドラゴンズ,81285159,津田　啓史,K.Tsuda,5.0,3.0,3.0,0.0,0.0,0.0,0.0,0.0,0.0,0.0,0.0,0,0.0,0.0,0.0,0,0.0,3.0,0.0,0.0,0.0,0.0,0.0,0.0,0.0,0.0,0.0,0.0,100.0,0.0,nan,0.0,0.0,0.0,0.0,0.0,0.0,0.0,0.0,5.0,3.0,3.0,0.0,0.0,0.0,0.0,0.0,0.0,0.0,0,0.0,,0.0,0.0,0,0.0,0.0,,-0.3240000000000003,-0.29400000000000004,,
2025,CL,東京ヤクルトスワローズ,81385130,太田　賢吾,K.Oota,44.0,131.0,118.0,11.0,27.0,6.0,0.0,0.0,33.0,6.0,0.0,0,1.0,2.0,6.0,0,4.0,28.0,0.0,0.229,0.285,0.28,0.565,21.0,0.05100000000000002,0.055999999999999966,0.3359999999999999,4.580152671755725,21.374045801526716,0.21428571428571427,0.29347826086956524,0.19825,378.3333333333333,0.1016949152542373,0.4725274725274725,0.229,27.0,0.0,6.0,44.0,131.0,118.0,21.0,6.0,0.0,11.0,0.285,0.28,6.0,0,4.0,,33.0,0.0,0,1.0,2.0,,10.067421543681078,10.585999999999999,,
2025,CL,横浜DeNAベイスターズ,81385153,岩田　将貴,M.Iwata,3.0,0.0,0.0,0.0,0.0,0.0,0.0,0.0,0.0,0.0,0.0,0,0.0,0.0,0.0,0,0.0,0.0,0.0,,,,nan,0.0,,,,nan,nan,nan,nan,nan,nan,nan,nan,,0.0,0.0,0.0,3.0,0.0,0.0,0.0,0.0,0.0,0.0,,,0.0,0,0.0,,0.0,0.0,0,0.0,0.0,,nan,0.0,,
2025,CL,読売ジャイアンツ,81385155,岡田　悠希,Y.Okada,11.0,19.0,18.0,1.0,3.0,1.0,0.0,0.0,4.0,2.0,0.0,0,0.0,0.0,1.0,0,0.0,10.0,0.0,0.167,0.211,0.222,0.433,2.0,0.05499999999999999,0.043999999999999984,0.266,5.263157894736842,52.63157894736842,0.1,0.375,0.15045,285.0,0.1111111111111111,0.3333333333333333,0.167,3.0,0.0,2.0,11.0,19.0,18.0,2.0,1.0,0.0,1.0,0.211,0.222,1.0,0,0.0,,4.0,0.0,0,0.0,0.0,,0.5819649122807,0.6300000000000001,,
2025,CL,読売ジャイアンツ,81485157,萩尾　匡也,M.Hagio,9.0,25.0,23.0,0.0,4.0,0.0,0.0,0.0,4.0,0.0,1,0,1.0,0.0,1.0,0,0.0,5.0,0.0,0.174,0.208,0.174,0.382,4.0,0.0,0.034,0.208,4.0,20.0,0.2,0.2222222222222222,0.1371,266.0,0.08695652173913043,0.3157894736842105,0.174,4.0,0.0,0.0,9.0,25.0,23.0,4.0,0.0,0.0,0.0,0.208,0.174,1.0,0,0.0,,4.0,1,0,1.0,0.0,,0.6920000000000002,0.81,,
2025,CL,中日ドラゴンズ,81585132,川越　誠司,S.Kawagoe,28.0,43.0,37.0,2.0,7.0,1.0,0.0,0.0,8.0,0.0,0.0,0,0.0,0.0,4.0,0,2.0,12.0,0.0,0.189,0.302,0.216,0.518,6.0,0.026999999999999996,0.11299999999999999,0.3289999999999999,9.30232558139535,27.906976744186046,0.3333333333333333,0.28,0.18989999999999999,374.0,0.13513513513513514,0.4666666666666667,0.189,7.0,0.0,0.0,28.0,43.0,37.0,6.0,1.0,0.0,2.0,0.302,0.216,4.0,0,2.0,,8.0,0.0,0,0.0,0.0,,2.7957105943152385,2.9639999999999995,,
2025,CL,横浜DeNAベイスターズ,81585134,京田　陽太,Y.Kyouda,83.0,210.0,194.0,21.0,42.0,5.0,1.0,1.0,52.0,14.0,1,0,2.0,1.0,9.0,0,4.0,60.0,3.0,0.216,0.264,0.268,0.532,35.0,0.05200000000000002,0.048000000000000015,0.316,4.285714285714286,28.57142857142857,0.15,0.30597014925373134,0.18580000000000002,353.3333333333333,0.10309278350515463,0.4258064516129032,0.216,42.0,1.0,14.0,83.0,210.0,194.0,35.0,5.0,1.0,21.0,0.264,0.268,9.0,0,4.0,,52.0,1,0,2.0,1.0,,12.751513227513243,13.36,,
2025,CL,阪神タイガース,81585136,熊谷　敬宥,T.Kumagai,85.0,170.0,156.0,22.0,35.0,2.0,3.0,1.0,46.0,18.0,6,4,8.0,0.0,5.0,0,1.0,33.0,5.0,0.224,0.253,0.295,0.548,29.0,0.07099999999999998,0.028999999999999998,0.3239999999999999,2.941176470588235,19.411764705882355,0.15151515151515152,0.2786885245901639,0.1876,351.3333333333333,0.11538461538461539,0.4461538461538462,0.224,35.0,1.0,18.0,85.0,170.0,156.0,29.0,2.0,3.0,22.0,0.253,0.295,5.0,0,1.0,,46.0,6,4,8.0,0.0,,9.383006535947715,9.655999999999997,,
2025,CL,中日ドラゴンズ,81585151,岡林　勇希,Y.Okabayashi,143.0,637.0,578.0,71.0,168.0,22.0,8.0,5.0,221.0,35.0,17,5,4.0,3.0,51.0,0,1.0,57.0,1.0,0.291,0.348,0.382,0.73,133.0,0.09100000000000003,0.056999999999999995,0.439,8.006279434850864,8.948194662480377,0.8947368421052632,0.3140655105973025,0.2521,475.33333333333326,0.20069204152249134,0.6971153846153846,0.291,168.0,5.0,35.0,143.0,637.0,578.0,133.0,22.0,8.0,71.0,0.348,0.382,51.0,0,1.0,,221.0,17,5,4.0,3.0,,82.84155241583801,80.544,,
2025,CL,広島東洋カープ,81585157,久保　修,S.Kubo,17.0,14.0,13.0,1.0,2.0,2.0,0.0,0.0,4.0,0.0,1,1,0.0,0.0,1.0,0,0.0,6.0,1.0,0.154,0.214,0.308,0.522,0.0,0.154,0.06,0.368,7.142857142857142,42.857142857142854,0.16666666666666666,0.2857142857142857,0.1733,316.66666666666663,0.23076923076923078,0.46153846153846156,0.154,2.0,0.0,0.0,17.0,14.0,13.0,0.0,2.0,0.0,1.0,0.214,0.308,1.0,0,0.0,,4.0,1,1,0.0,0.0,,0.22946031746031714,0.23199999999999987,,
2025,CL,阪神タイガース,81685139,渡邉　諒,R.Watanabe,22.0,24.0,19.0,0.0,3.0,0.0,0.0,0.0,3.0,1.0,0.0,0,0.0,0.0,5.0,0,0.0,8.0,1.0,0.158,0.333,0.158,0.491,3.0,0.0,0.17500000000000002,0.333,20.833333333333336,33.33333333333333,0.625,0.2727272727272727,0.18935000000000002,385.6666666666667,0.2631578947368421,0.47058823529411764,0.158,3.0,0.0,1.0,22.0,24.0,19.0,3.0,0.0,0.0,0.0,0.333,0.158,5.0,0,0.0,,3.0,0.0,0,0.0,0.0,,1.1475740740740719,1.3260000000000005,,
2025,CL,中日ドラゴンズ,81685157,福永　裕基,H.Fukunaga,20.0,57.0,52.0,4.0,9.0,1.0,0.0,1.0,13.0,3.0,0,1,0.0,0.0,4.0,0,1.0,16.0,1.0,0.173,0.246,0.25,0.496,7.0,0.07700000000000001,0.07300000000000001,0.323,7.017543859649122,28.07017543859649,0.25,0.22857142857142856,0.17320000000000002,329.3333333333333,0.1346153846153846,0.4,0.173,9.0,1.0,3.0,20.0,57.0,52.0,7.0,1.0,0.0,4.0,0.246,0.25,4.0,0,1.0,,13.0,0,1,0.0,0.0,,2.308608187134489,2.672,,
2025,CL,中日ドラゴンズ,81785133,駿太,S.Shunta（gotou,22.0,18.0,17.0,2.0,4.0,0.0,0.0,0.0,4.0,0.0,0,1,1.0,0.0,0.0,0,0.0,7.0,0.0,0.235,0.235,0.235,0.47,4.0,0.0,0.0,0.235,0.0,38.88888888888889,0.0,0.4,0.16449999999999998,313.3333333333333,-0.058823529411764705,0.2857142857142857,0.235,4.0,0.0,0.0,22.0,18.0,17.0,4.0,0.0,0.0,2.0,0.235,0.235,0.0,0,0.0,,4.0,0,1,1.0,0.0,,0.4319999999999986,0.49399999999999983,,
2025,CL,東京ヤクルトスワローズ,81785136,阪口　皓亮,K.Sakaguchi,18.0,0.0,0.0,0.0,0.0,0.0,0.0,0.0,0.0,0.0,0.0,0,0.0,0.0,0.0,0,0.0,0.0,0.0,,,,nan,0.0,,,,nan,nan,nan,nan,nan,nan,nan,nan,,0.0,0.0,0.0,18.0,0.0,0.0,0.0,0.0,0.0,0.0,,,0.0,0,0.0,,0.0,0.0,0,0.0,0.0,,nan,0.0,,
2025,CL,中日ドラゴンズ,81785138,佐藤　龍世,R.Satou,23.0,77.0,66.0,5.0,13.0,3.0,0.0,0.0,16.0,3.0,1,0,2.0,1.0,8.0,0,0.0,20.0,2.0,0.197,0.28,0.242,0.522,10.0,0.044999999999999984,0.08300000000000002,0.325,10.38961038961039,25.97402597402597,0.4,0.2765957446808511,0.18650000000000003,360.6666666666667,0.18181818181818182,0.45454545454545453,0.197,13.0,0.0,3.0,23.0,77.0,66.0,10.0,3.0,0.0,5.0,0.28,0.242,8.0,0,0.0,,16.0,1,0,2.0,1.0,,4.429722943722936,4.840000000000001,,
2025,CL,東京ヤクルトスワローズ,81785157,坂本　拓己,T.Sakamoto,1.0,0.0,0.0,0.0,0.0,0.0,0.0,0.0,0.0,0.0,0.0,0,0.0,0.0,0.0,0,0.0,0.0,0.0,,,,nan,0.0,,,,nan,nan,nan,nan,nan,nan,nan,nan,,0.0,0.0,0.0,1.0,0.0,0.0,0.0,0.0,0.0,0.0,,,0.0,0,0.0,,0.0,0.0,0,0.0,0.0,,nan,0.0,,
2025,CL,読売ジャイアンツ,81885138,横川　凱,K.Yokogawa,25.0,14.0,11.0,0.0,0.0,0.0,0.0,0.0,0.0,0.0,0.0,0,3.0,0.0,0.0,0,0.0,4.0,0.0,0.0,0.0,0.0,0.0,0.0,0.0,0.0,0.0,0.0,28.57142857142857,0.0,0.0,0.0,0.0,0.0,0.0,0.0,0.0,0.0,0.0,25.0,14.0,11.0,0.0,0.0,0.0,0.0,0.0,0.0,0.0,0,0.0,,0.0,0.0,0,3.0,0.0,,-1.0079999999999991,-0.902,,
2025,CL,中日ドラゴンズ,83185155,味谷　大誠,T.Miya,3.0,8.0,7.0,1.0,1.0,0.0,0.0,0.0,1.0,1.0,0.0,0,0.0,1.0,0.0,0,0.0,3.0,0.0,0.143,0.125,0.143,0.268,1.0,0.0,-0.017999999999999988,0.125,0.0,37.5,0.0,0.2,0.092,172.66666666666666,0.0,0.16666666666666666,0.143,1.0,0.0,1.0,3.0,8.0,7.0,1.0,0.0,0.0,1.0,0.125,0.143,0.0,0,0.0,,1.0,0.0,0,0.0,1.0,,-0.06266666666666598,0.30599999999999994,,
2025,CL,読売ジャイアンツ,83285159,M.フルプ,M.Chlup,2.0,5.0,5.0,0.0,0.0,0.0,0.0,0.0,0.0,0.0,0.0,0,0.0,0.0,0.0,0,0.0,3.0,0.0,0.0,0.0,0.0,0.0,0.0,0.0,0.0,0.0,0.0,60.0,0.0,0.0,0.0,0.0,0.0,0.0,0.0,0.0,0.0,0.0,2.0,5.0,5.0,0.0,0.0,0.0,0.0,0.0,0.0,0.0,0,0.0,,0.0,0.0,0,0.0,0.0,,-0.5239999999999996,-0.47400000000000003,,
2025,CL,読売ジャイアンツ,91095134,高梨　雄平,Y.Takanashi,21.0,0.0,0.0,0.0,0.0,0.0,0.0,0.0,0.0,0.0,0.0,0,0.0,0.0,0.0,0,0.0,0.0,0.0,,,,nan,0.0,,,,nan,nan,nan,nan,nan,nan,nan,nan,,0.0,0.0,0.0,21.0,0.0,0.0,0.0,0.0,0.0,0.0,,,0.0,0,0.0,,0.0,0.0,0,0.0,0.0,,nan,0.0,,
2025,CL,中日ドラゴンズ,91095135,高橋　周平,S.Takahashi,41.0,101.0,94.0,1.0,22.0,5.0,0.0,0.0,27.0,8.0,0.0,0,0.0,0.0,7.0,0,0.0,21.0,2.0,0.234,0.287,0.287,0.574,17.0,0.052999999999999964,0.052999999999999964,0.3399999999999999,6.9306930693069315,20.792079207920793,0.3333333333333333,0.3013698630136986,0.20089999999999997,382.66666666666663,0.1276595744680851,0.4594594594594595,0.234,22.0,0.0,8.0,41.0,101.0,94.0,17.0,5.0,0.0,1.0,0.287,0.287,7.0,0,0.0,,27.0,0.0,0,0.0,0.0,,7.254660066006593,7.0920000000000005,,
2025,CL,阪神タイガース,91095136,髙橋　遥人,H.Takahashi,8.0,15.0,13.0,2.0,1.0,0.0,0.0,0.0,1.0,0.0,0.0,0,2.0,0.0,0.0,0,0.0,6.0,0.0,0.077,0.077,0.077,0.154,1.0,0.0,0.0,0.077,0.0,40.0,0.0,0.14285714285714285,0.0539,102.66666666666667,0.0,0.08333333333333333,0.077,1.0,0.0,0.0,8.0,15.0,13.0,1.0,0.0,0.0,2.0,0.077,0.077,0.0,0,0.0,,1.0,0.0,0,2.0,0.0,,-0.6514074074074063,-0.5480000000000002,,
2025,CL,横浜DeNAベイスターズ,91095138,知野　直人,N.Chino,8.0,20.0,17.0,3.0,3.0,1.0,0.0,1.0,7.0,2.0,0,1,0.0,0.0,3.0,0,0.0,2.0,0.0,0.176,0.3,0.412,0.712,1.0,0.236,0.124,0.536,15.0,10.0,1.5,0.14285714285714285,0.238,437.33333333333337,0.35294117647058826,0.6666666666666666,0.176,3.0,1.0,2.0,8.0,20.0,17.0,1.0,1.0,0.0,3.0,0.3,0.412,3.0,0,0.0,,7.0,0,1,0.0,0.0,,1.9397777777777776,2.084,,
2025,CL,読売ジャイアンツ,91095155,鈴木　大和,Y.Suzuki,4.0,0.0,0.0,1.0,0.0,0.0,0.0,0.0,0.0,0.0,0.0,0,0.0,0.0,0.0,0,0.0,0.0,0.0,,,,nan,0.0,,,,nan,nan,nan,nan,nan,nan,nan,nan,,0.0,0.0,0.0,4.0,0.0,0.0,0.0,0.0,0.0,1.0,,,0.0,0,0.0,,0.0,0.0,0,0.0,0.0,,nan,0.0,,
2025,CL,中日ドラゴンズ,91195138,石橋　康太,K.Ishibashi,10.0,12.0,8.0,0.0,1.0,0.0,0.0,0.0,1.0,1.0,0.0,0,1.0,0.0,3.0,0,0.0,3.0,0.0,0.125,0.364,0.125,0.489,1.0,0.0,0.239,0.364,25.0,25.0,1.0,0.2,0.19505,405.6666666666667,0.375,0.5714285714285714,0.125,1.0,0.0,1.0,10.0,12.0,8.0,1.0,0.0,0.0,0.0,0.364,0.125,3.0,0,0.0,,1.0,0.0,0,1.0,0.0,,0.8075555555555525,0.9060000000000001,,
2025,CL,中日ドラゴンズ,91195151,石川　昂弥,T.Ishikawa,22.0,75.0,72.0,6.0,10.0,2.0,0.0,1.0,15.0,5.0,0,1,0.0,0.0,2.0,0,1.0,27.0,1.0,0.139,0.173,0.208,0.381,7.0,0.06899999999999998,0.033999999999999975,0.2419999999999999,2.666666666666667,36.0,0.07407407407407407,0.20454545454545456,0.12985,242.33333333333331,0.08333333333333333,0.28125,0.139,10.0,1.0,5.0,22.0,75.0,72.0,7.0,2.0,0.0,6.0,0.173,0.208,2.0,0,1.0,,15.0,0,1,0.0,0.0,,0.4026222222222202,0.9139999999999985,,
2025,CL,読売ジャイアンツ,91195157,浅野　翔吾,S.Asano,29.0,83.0,75.0,6.0,14.0,4.0,0.0,2.0,24.0,8.0,1,0,1.0,1.0,4.0,0,2.0,17.0,1.0,0.187,0.244,0.32,0.5640000000000001,8.0,0.133,0.056999999999999995,0.377,4.819277108433735,20.481927710843372,0.23529411764705882,0.21052631578947367,0.1898,350.6666666666667,0.2,0.5,0.187,14.0,2.0,8.0,29.0,83.0,75.0,8.0,4.0,0.0,6.0,0.244,0.32,4.0,0,2.0,,24.0,1,0,1.0,1.0,,5.847054886211495,6.393999999999999,,
2025,CL,横浜DeNAベイスターズ,91195159,石上　泰輝,T.Ishikami,73.0,158.0,141.0,15.0,34.0,9.0,0.0,2.0,49.0,16.0,3,2,2.0,0.0,14.0,0,1.0,42.0,2.0,0.241,0.314,0.348,0.6619999999999999,23.0,0.10699999999999998,0.07300000000000001,0.421,8.860759493670885,26.582278481012654,0.3333333333333333,0.32989690721649484,0.2283,430.0,0.2127659574468085,0.6036036036036037,0.241,34.0,2.0,16.0,73.0,158.0,141.0,23.0,9.0,0.0,15.0,0.314,0.348,14.0,0,1.0,,49.0,3,2,2.0,0.0,,15.493814345991552,15.233999999999998,,
2025,CL,横浜DeNAベイスターズ,91295159,武田　陸玖,R.Takeda,1.0,0.0,0.0,0.0,0.0,0.0,0.0,0.0,0.0,0.0,0.0,0,0.0,0.0,0.0,0,0.0,0.0,0.0,,,,nan,0.0,,,,nan,nan,nan,nan,nan,nan,nan,nan,,0.0,0.0,0.0,1.0,0.0,0.0,0.0,0.0,0.0,0.0,,,0.0,0,0.0,,0.0,0.0,0,0.0,0.0,,nan,0.0,,
2025,CL,中日ドラゴンズ,91395132,板山　祐太郎,Y.Itayama,84.0,193.0,179.0,17.0,37.0,5.0,2.0,2.0,52.0,10.0,0.0,0,2.0,1.0,10.0,0,1.0,50.0,4.0,0.207,0.251,0.291,0.542,28.0,0.08399999999999999,0.04400000000000001,0.3349999999999999,5.181347150259067,25.906735751295333,0.2,0.2734375,0.1857,348.0,0.13966480446927373,0.4315068493150685,0.207,37.0,2.0,10.0,84.0,193.0,179.0,28.0,5.0,2.0,17.0,0.251,0.291,10.0,0,1.0,,52.0,0.0,0,2.0,1.0,,11.41194012665514,12.089999999999995,,
2025,CL,中日ドラゴンズ,91395139,上林　誠知,S.Uebayashi,134.0,517.0,486.0,52.0,131.0,21.0,4.0,17.0,211.0,52.0,27,5,6.0,1.0,20.0,0,4.0,102.0,3.0,0.27,0.303,0.434,0.737,89.0,0.16399999999999998,0.032999999999999974,0.4669999999999999,3.8684719535783367,19.729206963249517,0.19607843137254902,0.30978260869565216,0.24485,447.66666666666663,0.25102880658436216,0.721763085399449,0.27,131.0,17.0,52.0,134.0,517.0,486.0,89.0,21.0,4.0,52.0,0.303,0.434,20.0,0,4.0,,211.0,27,5,6.0,1.0,,67.44161315280456,66.41400000000002,,
2025,CL,阪神タイガース,91495134,長坂　拳弥,K.Nagasaka,1.0,1.0,1.0,0.0,0.0,0.0,0.0,0.0,0.0,0.0,0.0,0,0.0,0.0,0.0,0,0.0,0.0,1.0,0.0,0.0,0.0,0.0,0.0,0.0,0.0,0.0,0.0,0.0,nan,0.0,0.0,0.0,0.0,0.0,0.0,0.0,0.0,0.0,1.0,1.0,1.0,0.0,0.0,0.0,0.0,0.0,0.0,0.0,0,0.0,,0.0,0.0,0,0.0,0.0,,-0.43333333333333346,-0.45999999999999996,,
2025,CL,東京ヤクルトスワローズ,91495138,濱田　太貴,T.Hamada,34.0,104.0,95.0,13.0,21.0,6.0,0.0,4.0,39.0,9.0,0.0,0,0.0,0.0,5.0,0,4.0,26.0,1.0,0.221,0.288,0.411,0.699,11.0,0.18999999999999997,0.06699999999999998,0.478,4.807692307692308,25.0,0.19230769230769232,0.26153846153846155,0.23235,424.99999999999994,0.24210526315789474,0.64,0.221,21.0,4.0,9.0,34.0,104.0,95.0,11.0,6.0,0.0,13.0,0.288,0.411,5.0,0,4.0,,39.0,0.0,0,0.0,0.0,,11.339333333333343,11.402000000000001,,
2025,CL,読売ジャイアンツ,91495153,戸田　懐生,N.Toda,2.0,0.0,0.0,0.0,0.0,0.0,0.0,0.0,0.0,0.0,0.0,0,0.0,0.0,0.0,0,0.0,0.0,0.0,,,,nan,0.0,,,,nan,nan,nan,nan,nan,nan,nan,nan,,0.0,0.0,0.0,2.0,0.0,0.0,0.0,0.0,0.0,0.0,,,0.0,0,0.0,,0.0,0.0,0,0.0,0.0,,nan,0.0,,
2025,CL,東京ヤクルトスワローズ,91495157,西村　瑠伊斗,R.Nishimura,4.0,11.0,11.0,2.0,1.0,0.0,0.0,0.0,1.0,1.0,0.0,0,0.0,0.0,0.0,0,0.0,4.0,1.0,0.091,0.091,0.091,0.182,1.0,0.0,0.0,0.091,0.0,36.36363636363637,0.0,0.14285714285714285,0.0637,121.33333333333333,0.0,0.09090909090909091,0.091,1.0,0.0,1.0,4.0,11.0,11.0,1.0,0.0,0.0,2.0,0.091,0.091,0.0,0,0.0,,1.0,0.0,0,0.0,0.0,,-0.865333333333334,-0.802,,
2025,CL,読売ジャイアンツ,91595133,甲斐　拓也,T.Kai,68.0,250.0,223.0,17.0,58.0,4.0,0.0,4.0,74.0,20.0,3,1,2.0,2.0,23.0,0,0.0,58.0,8.0,0.26,0.327,0.332,0.659,50.0,0.07200000000000001,0.067,0.399,9.2,23.200000000000003,0.39655172413793105,0.3312883435582822,0.23015000000000002,437.6666666666667,0.18385650224215247,0.5747126436781609,0.26,58.0,4.0,20.0,68.0,250.0,223.0,50.0,4.0,0.0,17.0,0.327,0.332,23.0,0,0.0,,74.0,3,1,2.0,2.0,,23.574293333333344,24.225999999999992,,
2025,CL,読売ジャイアンツ,91595136,岸田　行倫,Y.Kishida,87.0,299.0,266.0,25.0,78.0,9.0,0.0,8.0,111.0,39.0,0,1,6.0,1.0,25.0,0,1.0,44.0,4.0,0.293,0.355,0.417,0.772,61.0,0.124,0.062,0.479,8.361204013377927,14.715719063545151,0.5681818181818182,0.32558139534883723,0.264,494.0,0.21428571428571427,0.7098445595854922,0.293,78.0,8.0,39.0,87.0,299.0,266.0,61.0,9.0,0.0,25.0,0.355,0.417,25.0,0,1.0,,111.0,0,1,6.0,1.0,,39.5602341137124,38.87800000000001,,
2025,CL,東京ヤクルトスワローズ,91595153,内山　壮真,S.Uchiyama,116.0,470.0,423.0,50.0,111.0,26.0,1.0,8.0,163.0,48.0,8,3,1.0,4.0,41.0,0,1.0,66.0,10.0,0.262,0.326,0.385,0.7110000000000001,76.0,0.123,0.064,0.449,8.72340425531915,14.042553191489363,0.6212121212121212,0.29178470254957506,0.24295,454.33333333333337,0.23167848699763594,0.6553846153846153,0.262,111.0,8.0,48.0,116.0,470.0,423.0,76.0,26.0,1.0,50.0,0.326,0.385,41.0,0,1.0,,163.0,8,3,1.0,4.0,,53.53718203309694,53.251999999999995,,
2025,CL,東京ヤクルトスワローズ,91695153,並木　秀尊,H.Namiki,54.0,128.0,114.0,26.0,29.0,6.0,1.0,3.0,46.0,10.0,6,2,6.0,0.0,6.0,0,2.0,15.0,0.0,0.254,0.303,0.404,0.7070000000000001,19.0,0.15000000000000002,0.04899999999999999,0.453,4.6875,11.71875,0.4,0.2708333333333333,0.23735,437.66666666666663,0.23684210526315788,0.6896551724137931,0.254,29.0,3.0,10.0,54.0,128.0,114.0,19.0,6.0,1.0,26.0,0.303,0.404,6.0,0,2.0,,46.0,6,2,6.0,0.0,,15.100373263888898,14.809999999999995,,
2025,CL,横浜DeNAベイスターズ,91695157,林　琢真,T.Hayashi,95.0,290.0,258.0,35.0,63.0,11.0,1.0,2.0,82.0,20.0,11,4,7.0,4.0,19.0,0,2.0,54.0,4.0,0.244,0.297,0.318,0.615,49.0,0.07400000000000001,0.05299999999999999,0.371,6.551724137931035,18.620689655172416,0.35185185185185186,0.2961165048543689,0.21315,402.99999999999994,0.1744186046511628,0.5615763546798029,0.244,63.0,2.0,20.0,95.0,290.0,258.0,49.0,11.0,1.0,35.0,0.297,0.318,19.0,0,2.0,,82.0,11,4,7.0,4.0,,25.530314176245213,26.478,,
2025,CL,読売ジャイアンツ,91795134,郡　拓也,T.Koori,3.0,2.0,2.0,0.0,0.0,0.0,0.0,0.0,0.0,0.0,0.0,0,0.0,0.0,0.0,0,0.0,0.0,0.0,0.0,0.0,0.0,0.0,0.0,0.0,0.0,0.0,0.0,0.0,nan,0.0,0.0,0.0,0.0,0.0,0.0,0.0,0.0,0.0,3.0,2.0,2.0,0.0,0.0,0.0,0.0,0.0,0.0,0.0,0,0.0,,0.0,0.0,0,0.0,0.0,,-0.20000000000000018,-0.18,,
2025,CL,読売ジャイアンツ,91795139,小林　誠司,S.Kobayashi,14.0,26.0,21.0,2.0,3.0,1.0,0.0,0.0,4.0,1.0,0.0,0,2.0,0.0,3.0,0,0.0,8.0,1.0,0.143,0.25,0.19,0.44,2.0,0.047000000000000014,0.10700000000000001,0.297,11.538461538461538,30.76923076923077,0.375,0.23076923076923078,0.16,313.33333333333337,0.19047619047619047,0.3684210526315789,0.143,3.0,0.0,1.0,14.0,26.0,21.0,2.0,1.0,0.0,2.0,0.25,0.19,3.0,0,0.0,,4.0,0.0,0,2.0,0.0,,0.679658119658118,0.7660000000000002,,
2025,CL,阪神タイガース,91795151,及川　雅貴,M.Oyokawa,66.0,0.0,0.0,0.0,0.0,0.0,0.0,0.0,0.0,0.0,0.0,0,0.0,0.0,0.0,0,0.0,0.0,0.0,,,,nan,0.0,,,,nan,nan,nan,nan,nan,nan,nan,nan,,0.0,0.0,0.0,66.0,0.0,0.0,0.0,0.0,0.0,0.0,,,0.0,0,0.0,,0.0,0.0,0,0.0,0.0,,nan,0.0,,
2025,CL,中日ドラゴンズ,91795159,草加　勝,S.Kusaka,1.0,1.0,1.0,0.0,0.0,0.0,0.0,0.0,0.0,0.0,0.0,0,0.0,0.0,0.0,0,0.0,1.0,0.0,0.0,0.0,0.0,0.0,0.0,0.0,0.0,0.0,0.0,100.0,0.0,nan,0.0,0.0,0.0,0.0,0.0,0.0,0.0,0.0,1.0,1.0,1.0,0.0,0.0,0.0,0.0,0.0,0.0,0.0,0,0.0,,0.0,0.0,0,0.0,0.0,,-0.10799999999999998,-0.098,,
2025,CL,東京ヤクルトスワローズ,91895133,山田　哲人,T.Yamada,108.0,377.0,338.0,25.0,78.0,17.0,0.0,12.0,131.0,37.0,3,1,0.0,4.0,33.0,0,2.0,63.0,8.0,0.231,0.3,0.388,0.688,49.0,0.157,0.06899999999999998,0.4569999999999999,8.753315649867375,16.710875331564985,0.5238095238095238,0.24719101123595505,0.232,429.33333333333337,0.2603550295857988,0.6282527881040892,0.231,78.0,12.0,37.0,108.0,377.0,338.0,49.0,17.0,0.0,25.0,0.3,0.388,33.0,0,2.0,,131.0,3,1,0.0,4.0,,39.26015325670494,40.75600000000001,,
2025,CL,広島東洋カープ,91895153,二俣　翔一,S.Futamata,54.0,130.0,118.0,12.0,22.0,4.0,1.0,3.0,37.0,6.0,1,1,2.0,1.0,8.0,0,1.0,31.0,2.0,0.186,0.242,0.314,0.556,14.0,0.128,0.055999999999999994,0.37,6.153846153846154,23.846153846153847,0.25806451612903225,0.2235294117647059,0.1874,346.6666666666667,0.19491525423728814,0.47474747474747475,0.186,22.0,3.0,6.0,54.0,130.0,118.0,14.0,4.0,1.0,12.0,0.242,0.314,8.0,0,1.0,,37.0,1,1,2.0,1.0,,8.143247863247865,8.981999999999996,,
2025,CL,広島東洋カープ,91895157,益田　武尚,T.Masuda,4.0,0.0,0.0,0.0,0.0,0.0,0.0,0.0,0.0,0.0,0.0,0,0.0,0.0,0.0,0,0.0,0.0,0.0,,,,nan,0.0,,,,nan,nan,nan,nan,nan,nan,nan,nan,,0.0,0.0,0.0,4.0,0.0,0.0,0.0,0.0,0.0,0.0,,,0.0,0,0.0,,0.0,0.0,0,0.0,0.0,,nan,0.0,,
2025,CL,読売ジャイアンツ,91995131,長野　久義,H.Chouno,17.0,24.0,22.0,1.0,3.0,0.0,0.0,0.0,3.0,0.0,0.0,0,0.0,0.0,2.0,0,0.0,8.0,0.0,0.136,0.208,0.136,0.344,3.0,0.0,0.07199999999999998,0.208,8.333333333333332,33.33333333333333,0.25,0.21428571428571427,0.1276,253.3333333333333,0.09090909090909091,0.2631578947368421,0.136,3.0,0.0,0.0,17.0,24.0,22.0,3.0,0.0,0.0,1.0,0.208,0.136,2.0,0,0.0,,3.0,0.0,0,0.0,0.0,,0.21725925925925438,0.40600000000000014,,
2025,CL,横浜DeNAベイスターズ,91995134,佐野　恵太,K.Sano,138.0,569.0,525.0,47.0,144.0,24.0,0.0,15.0,213.0,70.0,0.0,0,0.0,5.0,34.0,0,5.0,61.0,13.0,0.274,0.322,0.406,0.728,105.0,0.132,0.04799999999999999,0.454,5.975395430579964,10.720562390158172,0.5573770491803278,0.2841409691629956,0.2464,457.33333333333337,0.1961904761904762,0.6395939086294417,0.274,144.0,15.0,70.0,138.0,569.0,525.0,105.0,24.0,0.0,47.0,0.322,0.406,34.0,0,5.0,,213.0,0.0,0,0.0,5.0,,66.92405311462608,66.902,,
2025,CL,阪神タイガース,91995136,島田　海吏,K.Shimada,28.0,35.0,31.0,2.0,4.0,0.0,0.0,0.0,4.0,0.0,1,2,3.0,0.0,1.0,0,0.0,1.0,0.0,0.129,0.156,0.129,0.28500000000000003,4.0,0.0,0.026999999999999996,0.156,2.857142857142857,2.857142857142857,1.0,0.13333333333333333,0.10245,199.0,0.0,0.20689655172413793,0.129,4.0,0.0,0.0,28.0,35.0,31.0,4.0,0.0,0.0,2.0,0.156,0.129,1.0,0,0.0,,4.0,1,2,3.0,0.0,,-0.7158095238095292,-0.43799999999999994,,
2025,CL,中日ドラゴンズ,91995139,祖父江　大輔,D.Sobue,19.0,0.0,0.0,0.0,0.0,0.0,0.0,0.0,0.0,0.0,0.0,0,0.0,0.0,0.0,0,0.0,0.0,0.0,,,,nan,0.0,,,,nan,nan,nan,nan,nan,nan,nan,nan,,0.0,0.0,0.0,19.0,0.0,0.0,0.0,0.0,0.0,0.0,,,0.0,0,0.0,,0.0,0.0,0,0.0,0.0,,nan,0.0,,
2025,CL,広島東洋カープ,91995153,栗林　良吏,R.Kuribayashi,55.0,0.0,0.0,0.0,0.0,0.0,0.0,0.0,0.0,0.0,0.0,0,0.0,0.0,0.0,0,0.0,0.0,0.0,,,,nan,0.0,,,,nan,nan,nan,nan,nan,nan,nan,nan,,0.0,0.0,0.0,55.0,0.0,0.0,0.0,0.0,0.0,0.0,,,0.0,0,0.0,,0.0,0.0,0,0.0,0.0,,nan,0.0,,
2025,CL,広島東洋カープ,91995157,清水　叶人,K.Shimizu,4.0,14.0,13.0,1.0,2.0,1.0,0.0,0.0,3.0,0.0,0.0,0,0.0,0.0,1.0,0,0.0,4.0,0.0,0.154,0.214,0.231,0.445,1.0,0.07700000000000001,0.06,0.291,7.142857142857142,28.57142857142857,0.25,0.2222222222222222,0.15405,291.0,0.15384615384615385,0.36363636363636365,0.154,2.0,0.0,0.0,4.0,14.0,13.0,1.0,1.0,0.0,1.0,0.214,0.231,1.0,0,0.0,,3.0,0.0,0,0.0,0.0,,0.5120952380952382,0.538,,
2025,CL,中日ドラゴンズ,93195132,山本　泰寛,Y.Yamamoto,112.0,372.0,347.0,23.0,84.0,12.0,2.0,4.0,112.0,23.0,3,2,14.0,0.0,10.0,0,1.0,62.0,5.0,0.242,0.265,0.323,0.5880000000000001,66.0,0.08100000000000002,0.02300000000000002,0.346,2.6881720430107525,16.666666666666664,0.16129032258064516,0.2846975088967972,0.2,372.6666666666667,0.11239193083573487,0.4666666666666667,0.242,84.0,4.0,23.0,112.0,372.0,347.0,66.0,12.0,2.0,23.0,0.265,0.323,10.0,0,1.0,,112.0,3,2,14.0,0.0,,27.972960573476655,27.663999999999998,,
2025,CL,横浜DeNAベイスターズ,93195134,森原　康平,K.Morihara,30.0,0.0,0.0,0.0,0.0,0.0,0.0,0.0,0.0,0.0,0.0,0,0.0,0.0,0.0,0,0.0,0.0,0.0,,,,nan,0.0,,,,nan,nan,nan,nan,nan,nan,nan,nan,,0.0,0.0,0.0,30.0,0.0,0.0,0.0,0.0,0.0,0.0,,,0.0,0,0.0,,0.0,0.0,0,0.0,0.0,,nan,0.0,,
2025,CL,東京ヤクルトスワローズ,93195136,山本　大貴,D.Yamamoto,17.0,0.0,0.0,0.0,0.0,0.0,0.0,0.0,0.0,0.0,0.0,0,0.0,0.0,0.0,0,0.0,0.0,0.0,,,,nan,0.0,,,,nan,nan,nan,nan,nan,nan,nan,nan,,0.0,0.0,0.0,17.0,0.0,0.0,0.0,0.0,0.0,0.0,,,0.0,0,0.0,,0.0,0.0,0,0.0,0.0,,nan,0.0,,
2025,CL,東京ヤクルトスワローズ,93195155,丸山　和郁,K.Maruyama,39.0,36.0,32.0,6.0,4.0,0.0,0.0,0.0,4.0,2.0,3,1,2.0,0.0,2.0,0,0.0,12.0,0.0,0.125,0.176,0.125,0.301,4.0,0.0,0.05099999999999999,0.176,5.555555555555555,33.33333333333333,0.16666666666666666,0.2,0.11044999999999999,217.66666666666666,0.125,0.3103448275862069,0.125,4.0,0.0,2.0,39.0,36.0,32.0,4.0,0.0,0.0,6.0,0.176,0.125,2.0,0,0.0,,4.0,3,1,2.0,0.0,,0.08085185185184685,0.36400000000000027,,
2025,CL,中日ドラゴンズ,93295157,H.メヒア,H.Mejia,25.0,7.0,7.0,0.0,2.0,0.0,0.0,0.0,2.0,0.0,0.0,0,0.0,0.0,0.0,0,0.0,3.0,0.0,0.286,0.286,0.286,0.572,2.0,0.0,0.0,0.286,0.0,42.857142857142854,0.0,0.5,0.2002,381.3333333333333,0.0,0.4,0.286,2.0,0.0,0.0,25.0,7.0,7.0,2.0,0.0,0.0,0.0,0.286,0.286,0.0,0,0.0,,2.0,0.0,0,0.0,0.0,,0.5366349206349215,0.526,,
2025,CL,広島東洋カープ,93395153,矢野　雅哉,M.Yano,112.0,335.0,284.0,24.0,59.0,6.0,1.0,1.0,70.0,19.0,2,3,16.0,2.0,27.0,0,6.0,69.0,1.0,0.208,0.288,0.246,0.534,51.0,0.038000000000000006,0.07999999999999999,0.3259999999999999,8.059701492537313,20.597014925373134,0.391304347826087,0.26851851851851855,0.1911,370.0,0.13028169014084506,0.4585152838427948,0.208,59.0,1.0,19.0,112.0,335.0,284.0,51.0,6.0,1.0,24.0,0.288,0.246,27.0,0,6.0,,70.0,2,3,16.0,2.0,,21.670268656716416,23.127999999999993,,
2025,CL,広島東洋カープ,93395155,森　翔平,S.Mori,23.0,42.0,36.0,1.0,7.0,1.0,0.0,0.0,8.0,3.0,0.0,0,6.0,0.0,0.0,0,0.0,20.0,0.0,0.194,0.194,0.222,0.41600000000000004,6.0,0.027999999999999997,0.0,0.222,0.0,47.61904761904761,0.0,0.4375,0.1428,268.0,0.027777777777777776,0.27586206896551724,0.194,7.0,0.0,3.0,23.0,42.0,36.0,6.0,1.0,0.0,1.0,0.194,0.222,0.0,0,0.0,,8.0,0.0,0,6.0,0.0,,1.150592592592588,1.1899999999999997,,
2025,CL,中日ドラゴンズ,93795157,O.カリステ,O.Calixte,61.0,192.0,176.0,13.0,40.0,9.0,1.0,1.0,54.0,14.0,1.0,1,1.0,3.0,12.0,0,0.0,37.0,4.0,0.227,0.272,0.307,0.579,29.0,0.07999999999999999,0.04500000000000001,0.352,6.25,19.270833333333336,0.32432432432432434,0.2765957446808511,0.19915,374.33333333333337,0.14772727272727273,0.475177304964539,0.227,40.0,1.0,14.0,61.0,192.0,176.0,29.0,9.0,1.0,13.0,0.272,0.307,12.0,0,0.0,,54.0,1.0,1,1.0,3.0,,13.73715624999997,14.533999999999995,,
2025,CL,広島東洋カープ,43745150,ファビアン,Sandro Fabian,138,572,539,60,149,30,0,17,230,65,2,3,0,2,22,,9,84,8,0.427,0.315,0.427,0.742,102,0.0,-0.11199999999999999,-0.1123,3.8461538461538463,14.685314685314685,0.2619047619047619,0.3,0.2485,457.33333333333337,0.18923933209647495,0.655860349127182,0.427,149,17,65,138,572,539,102,30,0,60,0.315,0.427,22,,9,,230,2,3,0,2,,70.37719191919177,69.02800000000002,,
2025,CL,読売ジャイアンツ,73575150,キャベッジ,Tyler Cabbage,123,476,431,50,115,26,1,17,194,51,5,3,1,2,37,,5,144,4,0.45,0.331,0.45,0.781,71,0.0,-0.119,-0.1189,7.773109243697479,30.252100840336134,0.2569444444444444,0.3602941176470588,0.26145,481.0,0.2737819025522042,0.7461300309597523,0.45,115,17,51,123,476,431,71,26,1,50,0.331,0.45,37,,5,,194,5,3,1,2,,64.36219327731078,63.66800000000001,,
2025,CL,中日ドラゴンズ,83785150,ボスラー,Bosler,122,493,452,37,118,33,2,13,194,58,0,1,0,5,30,,6,101,5,0.429,0.312,0.429,0.741,70,0.0,-0.11699999999999999,-0.1168,6.085192697768763,20.486815415821503,0.297029702970297,0.30612244897959184,0.24764999999999998,454.99999999999994,0.2323008849557522,0.6764705882352942,0.429,118,13,58,122,493,452,70,33,2,37,0.312,0.429,30,,6,,194,0,1,0,5,,60.931908045977025,60.61200000000001,,
2025,CL,中日ドラゴンズ,,チェイビス,Michael Chavis,0,0,0,0,0,0,0,0,0,0,0,0,0,0,0,0,0,0,0,0.0,0.0,0.0,0.0,0,0.0,0.0,0.0,nan,nan,nan,nan,0.0,0.0,nan,nan,0.0,0,0,0,0,0,0,0,0,0,0,0.0,0.0,0,0,0,,0,0,0,0,0,,nan,0.0,,
2025,CL,読売ジャイアンツ,61165150,石塚裕惺,Ishizuka Yuusei,0,0,0,0,0,0,0,0,0,0,0,0,0,0,0,0,0,0,0,0.0,0.0,0.0,0.0,0,0.0,0.0,0.0,nan,nan,nan,nan,0.0,0.0,nan,nan,0.0,0,0,0,0,0,0,0,0,0,0,0.0,0.0,0,0,0,,0,0,0,0,0,,nan,0.0,,
2025,CL,読売ジャイアンツ,81385150,浦田俊輔,Urata Shunsuke,0,0,0,0,0,0,0,0,0,0,0,0,0,0,0,0,0,0,0,0.0,0.0,0.0,0.0,0,0.0,0.0,0.0,nan,nan,nan,nan,0.0,0.0,nan,nan,0.0,0,0,0,0,0,0,0,0,0,0,0.0,0.0,0,0,0,,0,0,0,0,0,,nan,0.0,,
2025,CL,読売ジャイアンツ,71175150,荒巻悠,Aramaki Yuu,0,0,0,0,0,0,0,0,0,0,0,0,0,0,0,0,0,0,0,0.0,0.0,0.0,0.0,0,0.0,0.0,0.0,nan,nan,nan,nan,0.0,0.0,nan,nan,0.0,0,0,0,0,0,0,0,0,0,0,0.0,0.0,0,0,0,,0,0,0,0,0,,nan,0.0,,
2025,CL,読売ジャイアンツ,,石田充冴,Ishida Juuza,0,0,0,0,0,0,0,0,0,0,0,0,0,0,0,0,0,0,0,0.0,0.0,0.0,0.0,0,0.0,0.0,0.0,nan,nan,nan,nan,0.0,0.0,nan,nan,0.0,0,0,0,0,0,0,0,0,0,0,0.0,0.0,0,0,0,,0,0,0,0,0,,nan,0.0,,
2025,CL,読売ジャイアンツ,13115150,宮原駿介,Miyahara Shunsuke,0,0,0,0,0,0,0,0,0,0,0,0,0,0,0,0,0,0,0,0.0,0.0,0.0,0.0,0,0.0,0.0,0.0,nan,nan,nan,nan,0.0,0.0,nan,nan,0.0,0,0,0,0,0,0,0,0,0,0,0.0,0.0,0,0,0,,0,0,0,0,0,,nan,0.0,,
2025,CL,東京ヤクルトスワローズ,91695150,中村優斗,Nakamura Yuuto,0,0,0,0,0,0,0,0,0,0,0,0,0,0,0,0,0,0,0,0.0,0.0,0.0,0.0,0,0.0,0.0,0.0,nan,nan,nan,nan,0.0,0.0,nan,nan,0.0,0,0,0,0,0,0,0,0,0,0,0.0,0.0,0,0,0,,0,0,0,0,0,,nan,0.0,,
2025,CL,東京ヤクルトスワローズ,,モイセエフ・ニキータ,Nikita Moiseev,0,0,0,0,0,0,0,0,0,0,0,0,0,0,0,0,0,0,0,0.0,0.0,0.0,0.0,0,0.0,0.0,0.0,nan,nan,nan,nan,0.0,0.0,nan,nan,0.0,0,0,0,0,0,0,0,0,0,0,0.0,0.0,0,0,0,,0,0,0,0,0,,nan,0.0,,
2025,CL,東京ヤクルトスワローズ,91295150,荘司宏太,Shouji Kouta,0,0,0,0,0,0,0,0,0,0,0,0,0,0,0,0,0,0,0,0.0,0.0,0.0,0.0,0,0.0,0.0,0.0,nan,nan,nan,nan,0.0,0.0,nan,nan,0.0,0,0,0,0,0,0,0,0,0,0,0.0,0.0,0,0,0,,0,0,0,0,0,,nan,0.0,,
2025,CL,東京ヤクルトスワローズ,01405150,田中陽翔,Tanaka Haruto,0,0,0,0,0,0,0,0,0,0,0,0,0,0,0,0,0,0,0,0.0,0.0,0.0,0.0,0,0.0,0.0,0.0,nan,nan,nan,nan,0.0,0.0,nan,nan,0.0,0,0,0,0,0,0,0,0,0,0,0.0,0.0,0,0,0,,0,0,0,0,0,,nan,0.0,,
2025,CL,東京ヤクルトスワローズ,43145150,矢野泰二郎,Yano Taijirou,0,0,0,0,0,0,0,0,0,0,0,0,0,0,0,0,0,0,0,0.0,0.0,0.0,0.0,0,0.0,0.0,0.0,nan,nan,nan,nan,0.0,0.0,nan,nan,0.0,0,0,0,0,0,0,0,0,0,0,0.0,0.0,0,0,0,,0,0,0,0,0,,nan,0.0,,
2025,CL,横浜DeNAベイスターズ,11415150,竹田祐,Takeda Yuu,0,0,0,0,0,0,0,0,0,0,0,0,0,0,0,0,0,0,0,0.0,0.0,0.0,0.0,0,0.0,0.0,0.0,nan,nan,nan,nan,0.0,0.0,nan,nan,0.0,0,0,0,0,0,0,0,0,0,0,0.0,0.0,0,0,0,,0,0,0,0,0,,nan,0.0,,
2025,CL,横浜DeNAベイスターズ,41045150,篠木健太郎,Shinogi Kentarou,0,0,0,0,0,0,0,0,0,0,0,0,0,0,0,0,0,0,0,0.0,0.0,0.0,0.0,0,0.0,0.0,0.0,nan,nan,nan,nan,0.0,0.0,nan,nan,0.0,0,0,0,0,0,0,0,0,0,0,0.0,0.0,0,0,0,,0,0,0,0,0,,nan,0.0,,
2025,CL,横浜DeNAベイスターズ,21525150,加藤響,Katou Hibiki,0,0,0,0,0,0,0,0,0,0,0,0,0,0,0,0,0,0,0,0.0,0.0,0.0,0.0,0,0.0,0.0,0.0,nan,nan,nan,nan,0.0,0.0,nan,nan,0.0,0,0,0,0,0,0,0,0,0,0,0.0,0.0,0,0,0,,0,0,0,0,0,,nan,0.0,,
2025,CL,横浜DeNAベイスターズ,63365150,若松尚輝,Wakamatsu Naoki,0,0,0,0,0,0,0,0,0,0,0,0,0,0,0,0,0,0,0,0.0,0.0,0.0,0.0,0,0.0,0.0,0.0,nan,nan,nan,nan,0.0,0.0,nan,nan,0.0,0,0,0,0,0,0,0,0,0,0,0.0,0.0,0,0,0,,0,0,0,0,0,,nan,0.0,,
2025,CL,横浜DeNAベイスターズ,91495150,田内真翔,Tanai Manato,0,0,0,0,0,0,0,0,0,0,0,0,0,0,0,0,0,0,0,0.0,0.0,0.0,0.0,0,0.0,0.0,0.0,nan,nan,nan,nan,0.0,0.0,nan,nan,0.0,0,0,0,0,0,0,0,0,0,0,0.0,0.0,0,0,0,,0,0,0,0,0,,nan,0.0,,
2025,CL,横浜DeNAベイスターズ,61965150,坂口翔颯,Sakaguchi Kasuga,0,0,0,0,0,0,0,0,0,0,0,0,0,0,0,0,0,0,0,0.0,0.0,0.0,0.0,0,0.0,0.0,0.0,nan,nan,nan,nan,0.0,0.0,nan,nan,0.0,0,0,0,0,0,0,0,0,0,0,0.0,0.0,0,0,0,,0,0,0,0,0,,nan,0.0,,
2025,CL,広島東洋カープ,11015150,佐々木泰,Sasaki Tai,0,0,0,0,0,0,0,0,0,0,2,0,0,0,0,0,0,0,0,0.0,0.0,0.0,0.0,0,0.0,0.0,0.0,nan,nan,nan,nan,0.0,0.0,nan,nan,0.0,0,0,0,0,0,0,0,0,0,0,0.0,0.0,0,0,0,,0,2,0,0,0,,nan,0.36,,
2025,CL,広島東洋カープ,71075150,佐藤柳之介,Satou Ryuunosuke,0,0,0,0,0,0,0,0,0,0,0,0,0,0,0,0,0,0,0,0.0,0.0,0.0,0.0,0,0.0,0.0,0.0,nan,nan,nan,nan,0.0,0.0,nan,nan,0.0,0,0,0,0,0,0,0,0,0,0,0.0,0.0,0,0,0,,0,0,0,0,0,,nan,0.0,,
2025,CL,広島東洋カープ,91595150,岡本駿,Okamoto Shun,0,0,0,0,0,0,0,0,0,0,0,0,0,0,0,0,0,0,0,0.0,0.0,0.0,0.0,0,0.0,0.0,0.0,nan,nan,nan,nan,0.0,0.0,nan,nan,0.0,0,0,0,0,0,0,0,0,0,0,0.0,0.0,0,0,0,,0,0,0,0,0,,nan,0.0,,
2025,CL,広島東洋カープ,,渡辺悠斗,Watanabe Yuuto,0,0,0,0,0,0,0,0,0,0,0,0,0,0,0,0,0,0,0,0.0,0.0,0.0,0.0,0,0.0,0.0,0.0,nan,nan,nan,nan,0.0,0.0,nan,nan,0.0,0,0,0,0,0,0,0,0,0,0,0.0,0.0,0,0,0,,0,0,0,0,0,,nan,0.0,,
2025,CL,広島東洋カープ,91795150,菊地ハルン,Kikuchi Harun,0,0,0,0,0,0,0,0,0,0,0,0,0,0,0,0,0,0,0,0.0,0.0,0.0,0.0,0,0.0,0.0,0.0,nan,nan,nan,nan,0.0,0.0,nan,nan,0.0,0,0,0,0,0,0,0,0,0,0,0.0,0.0,0,0,0,,0,0,0,0,0,,nan,0.0,,
2025,CL,中日ドラゴンズ,61565150,金丸夢斗,Kanemaru Yumeto,0,0,0,0,0,0,0,0,0,0,0,0,0,0,0,0,0,0,0,0.0,0.0,0.0,0.0,0,0.0,0.0,0.0,nan,nan,nan,nan,0.0,0.0,nan,nan,0.0,0,0,0,0,0,0,0,0,0,0,0.0,0.0,0,0,0,,0,0,0,0,0,,nan,0.0,,
2025,CL,中日ドラゴンズ,93395150,吉田聖弥,Yoshida Seiya,0,0,0,0,0,0,0,0,0,0,0,0,0,0,0,0,0,0,0,0.0,0.0,0.0,0.0,0,0.0,0.0,0.0,nan,nan,nan,nan,0.0,0.0,nan,nan,0.0,0,0,0,0,0,0,0,0,0,0,0.0,0.0,0,0,0,,0,0,0,0,0,,nan,0.0,,
2025,CL,中日ドラゴンズ,03105150,森駿太,Mori Shunta,0,0,0,0,0,0,0,0,0,0,0,0,0,0,0,0,0,0,0,0.0,0.0,0.0,0.0,0,0.0,0.0,0.0,nan,nan,nan,nan,0.0,0.0,nan,nan,0.0,0,0,0,0,0,0,0,0,0,0,0.0,0.0,0,0,0,,0,0,0,0,0,,nan,0.0,,
2025,CL,中日ドラゴンズ,21125150,石伊雄太,Ishii Yuuta,0,0,0,0,0,0,0,0,0,0,0,1,0,0,0,0,0,0,0,0.0,0.0,0.0,0.0,0,0.0,0.0,0.0,nan,nan,nan,nan,0.0,0.0,nan,0.0,0.0,0,0,0,0,0,0,0,0,0,0,0.0,0.0,0,0,0,,0,0,1,0,0,,nan,-0.32,,
2025,CL,中日ドラゴンズ,41245150,高橋幸佑,Takahashi Kousuke,0,0,0,0,0,0,0,0,0,0,0,0,0,0,0,0,0,0,0,0.0,0.0,0.0,0.0,0,0.0,0.0,0.0,nan,nan,nan,nan,0.0,0.0,nan,nan,0.0,0,0,0,0,0,0,0,0,0,0,0.0,0.0,0,0,0,,0,0,0,0,0,,nan,0.0,,
2025,CL,中日ドラゴンズ,,有馬恵叶,Arima Keito,0,0,0,0,0,0,0,0,0,0,0,0,0,0,0,0,0,0,0,0.0,0.0,0.0,0.0,0,0.0,0.0,0.0,nan,nan,nan,nan,0.0,0.0,nan,nan,0.0,0,0,0,0,0,0,0,0,0,0,0.0,0.0,0,0,0,,0,0,0,0,0,,nan,0.0,,
2025,CL,阪神タイガース,71375150,伊原陵人,Ihara Takato,0,0,0,0,0,0,0,0,0,0,0,0,0,0,0,0,0,0,0,0.0,0.0,0.0,0.0,0,0.0,0.0,0.0,nan,nan,nan,nan,0.0,0.0,nan,nan,0.0,0,0,0,0,0,0,0,0,0,0,0.0,0.0,0,0,0,,0,0,0,0,0,,nan,0.0,,
2025,CL,阪神タイガース,31935150,今朝丸裕喜,Kesamaru Yuuki,0,0,0,0,0,0,0,0,0,0,0,0,0,0,0,0,0,0,0,0.0,0.0,0.0,0.0,0,0.0,0.0,0.0,nan,nan,nan,nan,0.0,0.0,nan,nan,0.0,0,0,0,0,0,0,0,0,0,0,0.0,0.0,0,0,0,,0,0,0,0,0,,nan,0.0,,
2025,CL,阪神タイガース,41745150,木下里都,Kinoshita Rito,0,0,0,0,0,0,0,0,0,0,0,0,0,0,0,0,0,0,0,0.0,0.0,0.0,0.0,0,0.0,0.0,0.0,nan,nan,nan,nan,0.0,0.0,nan,nan,0.0,0,0,0,0,0,0,0,0,0,0,0.0,0.0,0,0,0,,0,0,0,0,0,,nan,0.0,,
2025,CL,阪神タイガース,41845150,町田隼乙,Machida Hayato,0,0,0,0,0,0,0,0,0,0,0,0,0,0,0,0,0,0,0,0.0,0.0,0.0,0.0,0,0.0,0.0,0.0,nan,nan,nan,nan,0.0,0.0,nan,nan,0.0,0,0,0,0,0,0,0,0,0,0,0.0,0.0,0,0,0,,0,0,0,0,0,,nan,0.0,,
2025,CL,阪神タイガース,91095150,佐野大陽,Sano Taiyou,0,0,0,0,0,0,0,0,0,0,0,0,0,0,0,0,0,0,0,0.0,0.0,0.0,0.0,0,0.0,0.0,0.0,nan,nan,nan,nan,0.0,0.0,nan,nan,0.0,0,0,0,0,0,0,0,0,0,0,0.0,0.0,0,0,0,,0,0,0,0,0,,nan,0.0,,
2025,CL,広島東洋カープ,,ドミンゲス,Dominguez,0,0,0,0,0,0,0,0,0,0,0,0,0,0,0,0,0,0,0,0.0,0.0,0.0,0.0,0,0.0,0.0,0.0,nan,nan,nan,nan,0.0,0.0,nan,nan,0.0,0,0,0,0,0,0,0,0,0,0,0.0,0.0,0,0,0,,0,0,0,0,0,,nan,0.0,,
2025,CL,広島東洋カープ,53955150,モンテロ,Montero,0,0,0,0,0,0,0,0,0,0,0,0,0,0,0,0,0,0,0,0.0,0.0,0.0,0.0,0,0.0,0.0,0.0,nan,nan,nan,nan,0.0,0.0,nan,nan,0.0,0,0,0,0,0,0,0,0,0,0,0.0,0.0,0,0,0,,0,0,0,0,0,,nan,0.0,,
2025,CL,阪神タイガース,,ネルソン,Nick Nelson,0,0,0,0,0,0,0,0,0,0,0,0,0,0,0,0,0,0,0,0.0,0.0,0.0,0.0,0,0.0,0.0,0.0,nan,nan,nan,nan,0.0,0.0,nan,nan,0.0,0,0,0,0,0,0,0,0,0,0,0.0,0.0,0,0,0,,0,0,0,0,0,,nan,0.0,,
2025,CL,阪神タイガース,,デュプランティエ,John Duplantier,0,0,0,0,0,0,0,0,0,0,0,0,0,0,0,0,0,0,0,0.0,0.0,0.0,0.0,0,0.0,0.0,0.0,nan,nan,nan,nan,0.0,0.0,nan,nan,0.0,0,0,0,0,0,0,0,0,0,0,0.0,0.0,0,0,0,,0,0,0,0,0,,nan,0.0,,
2025,CL,阪神タイガース,,ランバート,Peter Lambert,0,0,0,0,0,0,0,0,0,0,0,0,0,0,0,0,0,0,0,0.0,0.0,0.0,0.0,0,0.0,0.0,0.0,nan,nan,nan,nan,0.0,0.0,nan,nan,0.0,0,0,0,0,0,0,0,0,0,0,0.0,0.0,0,0,0,,0,0,0,0,0,,nan,0.0,,
2025,CL,阪神タイガース,,ウィンゲンター,Trey Wingenter,0,0,0,0,0,0,0,0,0,0,0,0,0,0,0,0,0,0,0,0.0,0.0,0.0,0.0,0,0.0,0.0,0.0,nan,nan,nan,nan,0.0,0.0,nan,nan,0.0,0,0,0,0,0,0,0,0,0,0,0.0,0.0,0,0,0,,0,0,0,0,0,,nan,0.0,,
2025,CL,阪神タイガース,,ハワード,Spencer Howard,0,0,0,0,0,0,0,0,0,0,0,0,0,0,0,0,0,0,0,0.0,0.0,0.0,0.0,0,0.0,0.0,0.0,nan,nan,nan,nan,0.0,0.0,nan,nan,0.0,0,0,0,0,0,0,0,0,0,0,0.0,0.0,0,0,0,,0,0,0,0,0,,nan,0.0,,
2025,CL,阪神タイガース,,ヘルナンデス,Hernandez,0,0,0,0,0,0,0,0,0,0,0,0,0,0,0,0,0,0,0,0.0,0.0,0.0,0.0,0,0.0,0.0,0.0,nan,nan,nan,nan,0.0,0.0,nan,nan,0.0,0,0,0,0,0,0,0,0,0,0,0.0,0.0,0,0,0,,0,0,0,0,0,,nan,0.0,,
2025,CL,東京ヤクルトスワローズ,,ボーマン,Bowman,0,0,0,0,0,0,0,0,0,0,0,0,0,0,0,0,0,0,0,0.0,0.0,0.0,0.0,0,0.0,0.0,0.0,nan,nan,nan,nan,0.0,0.0,nan,nan,0.0,0,0,0,0,0,0,0,0,0,0,0.0,0.0,0,0,0,,0,0,0,0,0,,nan,0.0,,
2025,CL,東京ヤクルトスワローズ,,アビラ,Avila,0,0,0,0,0,0,0,0,0,0,0,0,0,0,0,0,0,0,0,0.0,0.0,0.0,0.0,0,0.0,0.0,0.0,nan,nan,nan,nan,0.0,0.0,nan,nan,0.0,0,0,0,0,0,0,0,0,0,0,0.0,0.0,0,0,0,,0,0,0,0,0,,nan,0.0,,
2025,CL,中日ドラゴンズ,13915150,マラー,Malla,0,0,0,0,0,0,0,0,0,0,0,0,0,0,0,0,0,0,0,0.0,0.0,0.0,0.0,0,0.0,0.0,0.0,nan,nan,nan,nan,0.0,0.0,nan,nan,0.0,0,0,0,0,0,0,0,0,0,0,0.0,0.0,0,0,0,,0,0,0,0,0,,nan,0.0,,
2025,CL,中日ドラゴンズ,,ウォルターズ,Walters,0,0,0,0,0,0,0,0,0,0,0,0,0,0,0,0,0,0,0,0.0,0.0,0.0,0.0,0,0.0,0.0,0.0,nan,nan,nan,nan,0.0,0.0,nan,nan,0.0,0,0,0,0,0,0,0,0,0,0,0.0,0.0,0,0,0,,0,0,0,0,0,,nan,0.0,,
2025,CL,中日ドラゴンズ,,マルテ,Marte,0,0,0,0,0,0,0,0,0,0,0,0,0,0,0,0,0,0,0,0.0,0.0,0.0,0.0,0,0.0,0.0,0.0,nan,nan,nan,nan,0.0,0.0,nan,nan,0.0,0,0,0,0,0,0,0,0,0,0,0.0,0.0,0,0,0,,0,0,0,0,0,,nan,0.0,,
