year,league,team,player_id,player_name_ja,player_name_en,G,PA,AB,R,H,2B,3B,HR,TB,RBI,SB,CS,SH,SF,BB,IBB,HBP,SO,GDP,AVG,OBP,SLG,OPS,1B,IsoP,IsoD,IOPS,BB%,K%,BB/K,BABIP,GPA,NOI,SecA,TA,打率,安打,本塁打,打点,試合,打席,打数,単打,二塁打,三塁打,得点,出塁率,長打率,四球,敬遠,死球,三振,塁打,盗塁,盗塁死,犠打,犠飛,併殺打,RC,XR
2018,CL,東京ヤクルトスワローズ,1005117,雄平,Y.Yuuhei（takai,125.0,482.0,446.0,50.0,142.0,19.0,1.0,11.0,196.0,67.0,6,1,0.0,2.0,33.0,0,1.0,62.0,13.0,0.318,0.365,0.439,0.804,111.0,0.121,0.046999999999999986,0.486,6.846473029045644,12.863070539419086,0.532258064516129,0.34933333333333333,0.274,511.3333333333333,0.19730941704035873,0.7287066246056783,0.318,142.0,11.0,67.0,125.0,482.0,446.0,111.0,19.0,1.0,50.0,0.365,0.439,33.0,0,1.0,,196.0,6,1,0.0,2.0,,71.60751565762004,67.66800000000002
2018,CL,阪神タイガース,1005132,髙山　俊,S.Takayama,45.0,134.0,128.0,8.0,22.0,5.0,0.0,1.0,30.0,14.0,0,1,0.0,1.0,4.0,0,1.0,22.0,4.0,0.172,0.201,0.234,0.43500000000000005,16.0,0.06200000000000003,0.029000000000000026,0.263,2.9850746268656714,16.417910447761194,0.18181818181818182,0.19811320754716982,0.14895,279.0,0.1015625,0.32727272727272727,0.172,22.0,1.0,14.0,45.0,134.0,128.0,16.0,5.0,0.0,8.0,0.201,0.234,4.0,0,1.0,,30.0,0,1,0.0,1.0,,5.909090909090909,4.481999999999999
2018,CL,広島東洋カープ,1005134,高橋　昂也,K.Takahashi,6.0,5.0,5.0,0.0,1.0,0.0,0.0,0.0,1.0,0.0,0.0,0,0.0,0.0,0.0,0,0.0,2.0,0.0,0.2,0.2,0.2,0.4,1.0,0.0,0.0,0.2,0.0,40.0,0.0,0.3333333333333333,0.14,266.6666666666667,0.0,0.25,0.2,1.0,0.0,0.0,6.0,5.0,5.0,1.0,0.0,0.0,0.0,0.2,0.2,0.0,0,0.0,,1.0,0.0,0,0.0,0.0,,0.2,0.10799999999999998
2018,CL,横浜DeNAベイスターズ,11015116,田中　健二朗,K.Tanaka,11.0,0.0,0.0,0.0,0.0,0.0,0.0,0.0,0.0,0.0,0.0,0,0.0,0.0,0.0,0,0.0,0.0,0.0,,,,0.0,0.0,0.0,0.0,,nan,nan,nan,nan,0.0,0.0,nan,nan,,0.0,0.0,0.0,11.0,0.0,0.0,0.0,0.0,0.0,0.0,,,0.0,0,0.0,,0.0,0.0,0,0.0,0.0,,nan,0.0
2018,CL,広島東洋カープ,1103888,新井　貴浩,T.Arai,63.0,132.0,114.0,7.0,25.0,3.0,1.0,4.0,42.0,24.0,0.0,0,0.0,4.0,14.0,0,0.0,26.0,4.0,0.219,0.295,0.368,0.663,17.0,0.149,0.07599999999999998,0.4439999999999999,10.606060606060606,19.696969696969695,0.5384615384615384,0.23863636363636365,0.22475,417.66666666666663,0.2719298245614035,0.6021505376344086,0.219,25.0,4.0,24.0,63.0,132.0,114.0,17.0,3.0,1.0,7.0,0.295,0.368,14.0,0,0.0,,42.0,0.0,0,0.0,4.0,,12.796875,13.358000000000002
2018,CL,広島東洋カープ,1105115,天谷　宗一郎,S.Amaya,1.0,1.0,1.0,0.0,0.0,0.0,0.0,0.0,0.0,0.0,0.0,0,0.0,0.0,0.0,0,0.0,0.0,0.0,0.0,0.0,0.0,0.0,0.0,0.0,0.0,0.0,0.0,0.0,nan,0.0,0.0,0.0,0.0,0.0,0.0,0.0,0.0,0.0,1.0,1.0,1.0,0.0,0.0,0.0,0.0,0.0,0.0,0.0,0,0.0,,0.0,0.0,0,0.0,0.0,,0.0,-0.098
2018,CL,横浜DeNAベイスターズ,1105130,飯塚　悟史,S.Iizuka,9.0,15.0,15.0,0.0,2.0,1.0,0.0,0.0,3.0,0.0,0.0,0,0.0,0.0,0.0,0,0.0,9.0,0.0,0.133,0.133,0.2,0.333,1.0,0.067,0.0,0.2,0.0,60.0,0.0,0.3333333333333333,0.10985,199.66666666666666,0.06666666666666667,0.23076923076923078,0.133,2.0,0.0,0.0,9.0,15.0,15.0,1.0,1.0,0.0,0.0,0.133,0.2,0.0,0,0.0,,3.0,0.0,0,0.0,0.0,,0.4,-0.05400000000000005
2018,CL,東京ヤクルトスワローズ,1105131,荒木　貴裕,T.Araki,62.0,109.0,87.0,12.0,19.0,3.0,0.0,3.0,31.0,21.0,3,0,3.0,2.0,13.0,0,4.0,27.0,2.0,0.218,0.34,0.356,0.696,13.0,0.13799999999999998,0.12200000000000003,0.478,11.926605504587156,24.770642201834864,0.48148148148148145,0.2711864406779661,0.24200000000000002,458.6666666666667,0.28735632183908044,0.6857142857142857,0.218,19.0,3.0,21.0,62.0,109.0,87.0,13.0,3.0,0.0,12.0,0.34,0.356,13.0,0,4.0,,31.0,3,0,3.0,2.0,,9.92,11.925999999999998
2018,CL,横浜DeNAベイスターズ,1105133,荒波　翔,S.Aranami,11.0,13.0,11.0,1.0,0.0,0.0,0.0,0.0,0.0,0.0,1.0,0,0.0,0.0,2.0,0,0.0,4.0,0.0,0.0,0.154,0.0,0.154,0.0,0.0,0.154,0.154,15.384615384615385,30.76923076923077,0.5,0.0,0.0693,154.0,0.2727272727272727,0.2727272727272727,0.0,0.0,0.0,0.0,11.0,13.0,11.0,0.0,0.0,0.0,1.0,0.154,0.0,2.0,0,0.0,,0.0,1.0,0,0.0,0.0,,0.0,-0.238
2018,CL,読売ジャイアンツ,1105135,石川　慎吾,S.Ishikawa,17.0,28.0,26.0,1.0,5.0,1.0,1.0,0.0,8.0,0.0,0.0,0,0.0,0.0,2.0,0,0.0,6.0,1.0,0.192,0.25,0.308,0.558,3.0,0.11599999999999999,0.057999999999999996,0.366,7.142857142857142,21.428571428571427,0.3333333333333333,0.25,0.1895,352.6666666666667,0.19230769230769232,0.45454545454545453,0.192,5.0,0.0,0.0,17.0,28.0,26.0,3.0,1.0,1.0,1.0,0.25,0.308,2.0,0,0.0,,8.0,0.0,0,0.0,0.0,,2.0,1.8619999999999997
2018,CL,阪神タイガース,1105137,飯田　優也,Y.Iida,1.0,1.0,1.0,0.0,0.0,0.0,0.0,0.0,0.0,0.0,0.0,0,0.0,0.0,0.0,0,0.0,0.0,0.0,0.0,0.0,0.0,0.0,0.0,0.0,0.0,0.0,0.0,0.0,nan,0.0,0.0,0.0,0.0,0.0,0.0,0.0,0.0,0.0,1.0,1.0,1.0,0.0,0.0,0.0,0.0,0.0,0.0,0.0,0,0.0,,0.0,0.0,0,0.0,0.0,,0.0,-0.098
2018,CL,阪神タイガース,11215137,北條　史也,F.Houjou,62.0,266.0,239.0,34.0,77.0,8.0,1.0,1.0,90.0,20.0,1,0,4.0,3.0,19.0,0,1.0,32.0,7.0,0.322,0.37,0.377,0.747,67.0,0.05499999999999999,0.04799999999999999,0.425,7.142857142857142,12.030075187969924,0.59375,0.36363636363636365,0.26075000000000004,495.6666666666667,0.13389121338912133,0.650887573964497,0.322,77.0,1.0,20.0,62.0,266.0,239.0,67.0,8.0,1.0,34.0,0.37,0.377,19.0,0,1.0,,90.0,1,0,4.0,3.0,,33.48837209302326,32.464
2018,CL,読売ジャイアンツ,11313888,上原　浩治,K.Uehara,36.0,0.0,0.0,0.0,0.0,0.0,0.0,0.0,0.0,0.0,0.0,0,0.0,0.0,0.0,0,0.0,0.0,0.0,,,,0.0,0.0,0.0,0.0,,nan,nan,nan,nan,0.0,0.0,nan,nan,,0.0,0.0,0.0,36.0,0.0,0.0,0.0,0.0,0.0,0.0,,,0.0,0,0.0,,0.0,0.0,0,0.0,0.0,,nan,0.0
2018,CL,東京ヤクルトスワローズ,11315115,石川　雅規,M.Ishikawa,22.0,39.0,31.0,2.0,2.0,0.0,0.0,0.0,2.0,0.0,0.0,0,6.0,0.0,2.0,0,0.0,9.0,0.0,0.065,0.121,0.065,0.186,2.0,0.0,0.055999999999999994,0.121,5.128205128205128,23.076923076923077,0.2222222222222222,0.09090909090909091,0.0707,142.66666666666666,0.06451612903225806,0.13793103448275862,0.065,2.0,0.0,0.0,22.0,39.0,31.0,2.0,0.0,0.0,2.0,0.121,0.065,2.0,0,0.0,,2.0,0.0,0,6.0,0.0,,0.24242424242424243,-1.182
2018,CL,横浜DeNAベイスターズ,11315130,石田　健大,K.Ishida,23.0,27.0,25.0,1.0,1.0,0.0,0.0,0.0,1.0,0.0,0.0,0,2.0,0.0,0.0,0,0.0,14.0,0.0,0.04,0.04,0.04,0.08,1.0,0.0,0.0,0.04,0.0,51.85185185185185,0.0,0.09090909090909091,0.028000000000000004,53.333333333333336,0.0,0.041666666666666664,0.04,1.0,0.0,0.0,23.0,27.0,25.0,1.0,0.0,0.0,1.0,0.04,0.04,0.0,0,0.0,,1.0,0.0,0,2.0,0.0,,0.04,-1.8520000000000003
2018,CL,広島東洋カープ,11415137,美間　優槻,Y.Mima,30.0,38.0,36.0,2.0,5.0,0.0,0.0,0.0,5.0,1.0,0.0,0,1.0,0.0,1.0,0,0.0,11.0,2.0,0.139,0.162,0.139,0.30100000000000005,5.0,0.0,0.022999999999999993,0.162,2.631578947368421,28.947368421052634,0.09090909090909091,0.2,0.10765000000000001,208.33333333333334,0.027777777777777776,0.18181818181818182,0.139,5.0,0.0,1.0,30.0,38.0,36.0,5.0,0.0,0.0,2.0,0.162,0.139,1.0,0,0.0,,5.0,0.0,0,1.0,0.0,,0.8108108108108109,-0.20800000000000018
2018,CL,読売ジャイアンツ,11515115,大竹　寛,K.Ootake,2.0,3.0,2.0,0.0,0.0,0.0,0.0,0.0,0.0,0.0,0.0,0,1.0,0.0,0.0,0,0.0,1.0,0.0,0.0,0.0,0.0,0.0,0.0,0.0,0.0,0.0,0.0,33.33333333333333,0.0,0.0,0.0,0.0,0.0,0.0,0.0,0.0,0.0,0.0,2.0,3.0,2.0,0.0,0.0,0.0,0.0,0.0,0.0,0.0,0,0.0,,0.0,0.0,0,1.0,0.0,,0.0,-0.196
2018,CL,中日ドラゴンズ,11515118,小熊　凌祐,R.Oguma,8.0,18.0,14.0,1.0,1.0,0.0,0.0,0.0,1.0,0.0,0.0,0,2.0,0.0,2.0,0,0.0,4.0,1.0,0.071,0.188,0.071,0.259,1.0,0.0,0.117,0.188,11.11111111111111,22.22222222222222,0.5,0.1,0.10235000000000001,211.66666666666666,0.14285714285714285,0.21428571428571427,0.071,1.0,0.0,0.0,8.0,18.0,14.0,1.0,0.0,0.0,1.0,0.188,0.071,2.0,0,0.0,,1.0,0.0,0,2.0,0.0,,0.1875,-0.11399999999999988
2018,CL,読売ジャイアンツ,11515130,岡本　和真,K.Okamoto,143.0,616.0,540.0,82.0,167.0,26.0,0.0,33.0,292.0,100.0,2,1,0.0,0.0,72.0,0,4.0,120.0,11.0,0.309,0.394,0.541,0.935,108.0,0.23200000000000004,0.08500000000000002,0.6260000000000001,11.688311688311687,19.480519480519483,0.6,0.3462532299741602,0.31255,574.3333333333334,0.36666666666666664,0.9609375,0.309,167.0,33.0,100.0,143.0,616.0,540.0,108.0,26.0,0.0,82.0,0.394,0.541,72.0,0,4.0,,292.0,2,1,0.0,0.0,,114.0326797385621,108.946
2018,CL,中日ドラゴンズ,11515131,岡田　俊哉,T.Okada,27.0,0.0,0.0,0.0,0.0,0.0,0.0,0.0,0.0,0.0,0.0,0,0.0,0.0,0.0,0,0.0,0.0,0.0,,,,0.0,0.0,0.0,0.0,,nan,nan,nan,nan,0.0,0.0,nan,nan,,0.0,0.0,0.0,27.0,0.0,0.0,0.0,0.0,0.0,0.0,,,0.0,0,0.0,,0.0,0.0,0,0.0,0.0,,nan,0.0
2018,CL,中日ドラゴンズ,11515133,大野　雄大,Y.Oono,6.0,10.0,7.0,0.0,0.0,0.0,0.0,0.0,0.0,0.0,0.0,0,3.0,0.0,0.0,0,0.0,5.0,0.0,0.0,0.0,0.0,0.0,0.0,0.0,0.0,0.0,0.0,50.0,0.0,0.0,0.0,0.0,0.0,0.0,0.0,0.0,0.0,0.0,6.0,10.0,7.0,0.0,0.0,0.0,0.0,0.0,0.0,0.0,0,0.0,,0.0,0.0,0,3.0,0.0,,0.0,-0.686
2018,CL,横浜DeNAベイスターズ,11515134,笠井　崇正,T.Kasai,2.0,1.0,1.0,0.0,1.0,0.0,0.0,0.0,1.0,0.0,0.0,0,0.0,0.0,0.0,0,0.0,0.0,0.0,1.0,1.0,1.0,2.0,1.0,0.0,0.0,1.0,0.0,0.0,nan,1.0,0.7,1333.3333333333333,0.0,nan,1.0,1.0,0.0,0.0,2.0,1.0,1.0,1.0,0.0,0.0,0.0,1.0,1.0,0.0,0,0.0,,1.0,0.0,0,0.0,0.0,,1.0,0.5
2018,CL,東京ヤクルトスワローズ,11515137,小川　泰弘,Y.Ogawa,18.0,36.0,33.0,0.0,4.0,0.0,0.0,0.0,4.0,1.0,0.0,0,0.0,0.0,3.0,0,0.0,12.0,0.0,0.121,0.194,0.121,0.315,4.0,0.0,0.07300000000000001,0.194,8.333333333333332,33.33333333333333,0.25,0.19047619047619047,0.11755,234.33333333333334,0.09090909090909091,0.2413793103448276,0.121,4.0,0.0,1.0,18.0,36.0,33.0,4.0,0.0,0.0,0.0,0.194,0.121,3.0,0,0.0,,4.0,0.0,0,0.0,0.0,,0.7777777777777778,0.14800000000000013
2018,CL,東京ヤクルトスワローズ,11615131,山本　哲哉,T.Yamamoto,4.0,0.0,0.0,0.0,0.0,0.0,0.0,0.0,0.0,0.0,0.0,0,0.0,0.0,0.0,0,0.0,0.0,0.0,,,,0.0,0.0,0.0,0.0,,nan,nan,nan,nan,0.0,0.0,nan,nan,,0.0,0.0,0.0,4.0,0.0,0.0,0.0,0.0,0.0,0.0,,,0.0,0,0.0,,0.0,0.0,0,0.0,0.0,,nan,0.0
2018,CL,東京ヤクルトスワローズ,11615137,谷内　亮太,R.Yachi,36.0,46.0,45.0,5.0,10.0,3.0,0.0,0.0,13.0,7.0,0.0,0,0.0,1.0,0.0,0,0.0,9.0,1.0,0.222,0.217,0.289,0.506,7.0,0.06699999999999998,-0.0050000000000000044,0.284,0.0,19.565217391304348,0.0,0.2702702702702703,0.1699,313.33333333333337,0.06666666666666667,0.3611111111111111,0.222,10.0,0.0,7.0,36.0,46.0,45.0,7.0,3.0,0.0,5.0,0.217,0.289,0.0,0,0.0,,13.0,0.0,0,0.0,1.0,,2.888888888888889,2.23
2018,CL,阪神タイガース,11615139,陽川　尚将,N.Youkawa,75.0,299.0,274.0,27.0,69.0,16.0,5.0,6.0,113.0,48.0,5,0,0.0,1.0,17.0,0,7.0,76.0,7.0,0.252,0.311,0.412,0.723,42.0,0.15999999999999998,0.059,0.471,5.68561872909699,25.418060200668897,0.2236842105263158,0.32642487046632124,0.24295,448.33333333333337,0.22262773722627738,0.6462264150943396,0.252,69.0,6.0,48.0,75.0,299.0,274.0,42.0,16.0,5.0,27.0,0.311,0.412,17.0,0,7.0,,113.0,5,0,0.0,1.0,,33.39518900343643,34.19
2018,CL,横浜DeNAベイスターズ,11715134,京山　将弥,M.Kyouyama,13.0,25.0,23.0,1.0,0.0,0.0,0.0,0.0,0.0,0.0,0.0,0,0.0,0.0,2.0,0,0.0,12.0,0.0,0.0,0.08,0.0,0.08,0.0,0.0,0.08,0.08,8.0,48.0,0.16666666666666666,0.0,0.036000000000000004,80.0,0.08695652173913043,0.08695652173913043,0.0,0.0,0.0,0.0,13.0,25.0,23.0,0.0,0.0,0.0,1.0,0.08,0.0,2.0,0,0.0,,0.0,0.0,0,0.0,0.0,,0.0,-1.5939999999999999
2018,CL,東京ヤクルトスワローズ,11815114,山田　大樹,H.Yamada,2.0,2.0,2.0,0.0,0.0,0.0,0.0,0.0,0.0,0.0,0.0,0,0.0,0.0,0.0,0,0.0,2.0,0.0,0.0,0.0,0.0,0.0,0.0,0.0,0.0,0.0,0.0,100.0,0.0,nan,0.0,0.0,0.0,0.0,0.0,0.0,0.0,0.0,2.0,2.0,2.0,0.0,0.0,0.0,0.0,0.0,0.0,0.0,0,0.0,,0.0,0.0,0,0.0,0.0,,0.0,-0.196
2018,CL,東京ヤクルトスワローズ,11815134,星　知弥,T.Hoshi,18.0,6.0,6.0,0.0,2.0,0.0,0.0,0.0,2.0,1.0,0.0,0,0.0,0.0,0.0,0,0.0,2.0,0.0,0.333,0.333,0.333,0.666,2.0,0.0,0.0,0.333,0.0,33.33333333333333,0.0,0.5,0.23310000000000003,444.0,0.0,0.5,0.333,2.0,0.0,1.0,18.0,6.0,6.0,2.0,0.0,0.0,0.0,0.333,0.333,0.0,0,0.0,,2.0,0.0,0,0.0,0.0,,0.6666666666666666,0.608
2018,CL,横浜DeNAベイスターズ,11915117,G　後藤　武敏,T.Gomesu,1.0,1.0,1.0,0.0,0.0,0.0,0.0,0.0,0.0,0.0,0.0,0,0.0,0.0,0.0,0,0.0,1.0,0.0,0.0,0.0,0.0,0.0,0.0,0.0,0.0,0.0,0.0,100.0,0.0,nan,0.0,0.0,0.0,0.0,0.0,0.0,0.0,0.0,1.0,1.0,1.0,0.0,0.0,0.0,0.0,0.0,0.0,0.0,0,0.0,,0.0,0.0,0,0.0,0.0,,0.0,-0.098
2018,CL,阪神タイガース,11915132,坂本　誠志郎,S.Sakamoto,15.0,16.0,13.0,1.0,2.0,1.0,0.0,0.0,3.0,1.0,0.0,0,0.0,1.0,2.0,0,0.0,7.0,0.0,0.154,0.25,0.231,0.481,1.0,0.07700000000000001,0.096,0.327,12.5,43.75,0.2857142857142857,0.2857142857142857,0.17025,327.0,0.23076923076923078,0.45454545454545453,0.154,2.0,0.0,1.0,15.0,16.0,13.0,1.0,1.0,0.0,1.0,0.25,0.231,2.0,0,0.0,,3.0,0.0,0,0.0,1.0,,0.8,0.8019999999999998
2018,CL,広島東洋カープ,11915134,坂倉　将吾,S.Sakakura,9.0,9.0,8.0,1.0,1.0,1.0,0.0,0.0,2.0,1.0,0.0,0,0.0,0.0,1.0,0,0.0,1.0,0.0,0.125,0.222,0.25,0.472,0.0,0.125,0.097,0.347,11.11111111111111,11.11111111111111,1.0,0.14285714285714285,0.1624,305.33333333333337,0.25,0.42857142857142855,0.125,1.0,0.0,1.0,9.0,9.0,8.0,0.0,1.0,0.0,1.0,0.222,0.25,1.0,0,0.0,,2.0,0.0,0,0.0,0.0,,0.4444444444444444,0.364
2018,CL,横浜DeNAベイスターズ,11915139,砂田　毅樹,Y.Sunada,70.0,0.0,0.0,0.0,0.0,0.0,0.0,0.0,0.0,0.0,0.0,0,0.0,0.0,0.0,0,0.0,0.0,0.0,,,,0.0,0.0,0.0,0.0,,nan,nan,nan,nan,0.0,0.0,nan,nan,,0.0,0.0,0.0,70.0,0.0,0.0,0.0,0.0,0.0,0.0,,,0.0,0,0.0,,0.0,0.0,0,0.0,0.0,,nan,0.0
2018,CL,中日ドラゴンズ,1205114,堂上　直倫,N.Donoue,74.0,56.0,47.0,3.0,10.0,0.0,0.0,0.0,10.0,6.0,0.0,0,2.0,2.0,3.0,0,2.0,9.0,2.0,0.213,0.278,0.213,0.491,10.0,0.0,0.06500000000000003,0.278,5.357142857142857,16.071428571428573,0.3333333333333333,0.25,0.17835,349.00000000000006,0.06382978723404255,0.38461538461538464,0.213,10.0,0.0,6.0,74.0,56.0,47.0,10.0,0.0,0.0,3.0,0.278,0.213,3.0,0,2.0,,10.0,0.0,0,2.0,2.0,,2.6,3.024
2018,CL,広島東洋カープ,1205117,永川　勝浩,K.Nagakawa,22.0,0.0,0.0,0.0,0.0,0.0,0.0,0.0,0.0,0.0,0.0,0,0.0,0.0,0.0,0,0.0,0.0,0.0,,,,0.0,0.0,0.0,0.0,,nan,nan,nan,nan,0.0,0.0,nan,nan,,0.0,0.0,0.0,22.0,0.0,0.0,0.0,0.0,0.0,0.0,,,0.0,0,0.0,,0.0,0.0,0,0.0,0.0,,nan,0.0
2018,CL,阪神タイガース,1305118,上本　博紀,H.Uemoto,20.0,53.0,45.0,7.0,19.0,3.0,0.0,1.0,25.0,6.0,4,0,1.0,1.0,6.0,0,0.0,8.0,1.0,0.422,0.481,0.556,1.037,15.0,0.13400000000000006,0.059,0.615,11.320754716981133,15.09433962264151,0.75,0.4864864864864865,0.35545000000000004,666.3333333333334,0.26666666666666666,1.1481481481481481,0.422,19.0,1.0,6.0,20.0,53.0,45.0,15.0,3.0,0.0,7.0,0.481,0.556,6.0,0,0.0,,25.0,4,0,1.0,1.0,,12.254901960784315,10.532
2018,CL,阪神タイガース,1305130,植田　海,K.Ueda,104.0,243.0,198.0,29.0,38.0,1.0,0.0,0.0,39.0,1.0,19,2,18.0,0.0,25.0,0,2.0,55.0,5.0,0.192,0.289,0.197,0.486,37.0,0.0050000000000000044,0.09699999999999998,0.294,10.2880658436214,22.633744855967077,0.45454545454545453,0.26573426573426573,0.17930000000000001,354.66666666666663,0.1414141414141414,0.4121212121212121,0.192,38.0,0.0,1.0,104.0,243.0,198.0,37.0,1.0,0.0,29.0,0.289,0.197,25.0,0,2.0,,39.0,19,2,18.0,0.0,,11.01793721973094,12.809999999999999
2018,CL,中日ドラゴンズ,1305131,大島　洋平,Y.Ooshima,141.0,645.0,588.0,92.0,161.0,20.0,7.0,7.0,216.0,57.0,21,9,1.0,5.0,47.0,0,4.0,80.0,2.0,0.274,0.329,0.367,0.696,127.0,0.09299999999999997,0.05499999999999999,0.422,7.286821705426356,12.4031007751938,0.5875,0.30434782608695654,0.2398,451.33333333333337,0.18877551020408162,0.6433566433566433,0.274,161.0,7.0,57.0,141.0,645.0,588.0,127.0,20.0,7.0,92.0,0.329,0.367,47.0,0,4.0,,216.0,21,9,1.0,5.0,,70.7527559055118,71.864
2018,CL,横浜DeNAベイスターズ,1305132,今永　昇太,S.Imanaga,23.0,26.0,23.0,1.0,4.0,0.0,0.0,0.0,4.0,1.0,0.0,0,1.0,1.0,1.0,0,0.0,9.0,0.0,0.174,0.2,0.174,0.374,4.0,0.0,0.026000000000000023,0.2,3.8461538461538463,34.61538461538461,0.1111111111111111,0.26666666666666666,0.1335,258.0,0.043478260869565216,0.2631578947368421,0.174,4.0,0.0,1.0,23.0,26.0,23.0,4.0,0.0,0.0,1.0,0.2,0.174,1.0,0,0.0,,4.0,0.0,0,1.0,1.0,,0.8333333333333334,0.46799999999999997
2018,CL,東京ヤクルトスワローズ,1305136,大下　佑馬,Y.Ooshita,25.0,7.0,4.0,1.0,0.0,0.0,0.0,0.0,0.0,0.0,0.0,0,2.0,0.0,1.0,0,0.0,1.0,0.0,0.0,0.2,0.0,0.2,0.0,0.0,0.2,0.2,14.285714285714285,14.285714285714285,1.0,0.0,0.09000000000000001,200.0,0.25,0.25,0.0,0.0,0.0,0.0,25.0,7.0,4.0,0.0,0.0,0.0,1.0,0.2,0.0,1.0,0,0.0,,0.0,0.0,0,2.0,0.0,,0.0,-0.062
2018,CL,東京ヤクルトスワローズ,13315133,W.バレンティン,W.Balentien,142.0,602.0,514.0,72.0,138.0,22.0,0.0,38.0,274.0,131.0,1.0,1,0.0,3.0,85.0,0,0.0,121.0,15.0,0.268,0.37,0.533,0.903,78.0,0.265,0.10199999999999998,0.635,14.119601328903656,20.09966777408638,0.7024793388429752,0.27932960893854747,0.29975,547.6666666666666,0.43190661478599224,0.9207161125319693,0.268,138.0,38.0,131.0,142.0,602.0,514.0,78.0,22.0,0.0,72.0,0.37,0.533,85.0,0,0.0,,274.0,1.0,1,0.0,3.0,,102.00667779632721,100.94200000000002
2018,CL,読売ジャイアンツ,13315136,若林　晃弘,A.Wakabayashi,17.0,19.0,18.0,2.0,1.0,0.0,0.0,0.0,1.0,0.0,0.0,0,0.0,0.0,1.0,0,0.0,6.0,0.0,0.056,0.105,0.056,0.161,1.0,0.0,0.048999999999999995,0.105,5.263157894736842,31.57894736842105,0.16666666666666666,0.08333333333333333,0.06125,123.66666666666666,0.05555555555555555,0.11764705882352941,0.056,1.0,0.0,0.0,17.0,19.0,18.0,1.0,0.0,0.0,2.0,0.105,0.056,1.0,0,0.0,,1.0,0.0,0,0.0,0.0,,0.10526315789473684,-0.8360000000000001
2018,CL,広島東洋カープ,13515132,J.ジャクソン,J.Jackson,48.0,0.0,0.0,0.0,0.0,0.0,0.0,0.0,0.0,0.0,0.0,0,0.0,0.0,0.0,0,0.0,0.0,0.0,,,,0.0,0.0,0.0,0.0,,nan,nan,nan,nan,0.0,0.0,nan,nan,,0.0,0.0,0.0,48.0,0.0,0.0,0.0,0.0,0.0,0.0,,,0.0,0,0.0,,0.0,0.0,0,0.0,0.0,,nan,0.0
2018,CL,読売ジャイアンツ,13515134,A.カミネロ,A.Caminero,20.0,0.0,0.0,0.0,0.0,0.0,0.0,0.0,0.0,0.0,0.0,0,0.0,0.0,0.0,0,0.0,0.0,0.0,,,,0.0,0.0,0.0,0.0,,nan,nan,nan,nan,0.0,0.0,nan,nan,,0.0,0.0,0.0,20.0,0.0,0.0,0.0,0.0,0.0,0.0,,,0.0,0,0.0,,0.0,0.0,0,0.0,0.0,,nan,0.0
2018,CL,広島東洋カープ,13515135,B.エルドレッド,B.Eldred,38.0,94.0,80.0,8.0,17.0,9.0,0.0,5.0,41.0,14.0,0.0,0,0.0,0.0,11.0,0,3.0,19.0,3.0,0.212,0.33,0.512,0.8420000000000001,3.0,0.30000000000000004,0.11800000000000002,0.6300000000000001,11.702127659574469,20.212765957446805,0.5789473684210527,0.21428571428571427,0.2765,500.6666666666667,0.4375,0.8333333333333334,0.212,17.0,5.0,14.0,38.0,94.0,80.0,3.0,9.0,0.0,8.0,0.33,0.512,11.0,0,3.0,,41.0,0.0,0,0.0,0.0,,12.615384615384615,13.626000000000001
2018,CL,東京ヤクルトスワローズ,13515136,M.カラシティー,M.Carasiti,32.0,27.0,26.0,6.0,7.0,1.0,1.0,1.0,13.0,5.0,0.0,0,1.0,0.0,0.0,0,0.0,13.0,0.0,0.269,0.269,0.5,0.769,4.0,0.23099999999999998,0.0,0.5,0.0,48.148148148148145,0.0,0.5,0.24605,435.66666666666663,0.23076923076923078,0.6842105263157895,0.269,7.0,1.0,5.0,32.0,27.0,26.0,4.0,1.0,1.0,6.0,0.269,0.5,0.0,0,0.0,,13.0,0.0,0,1.0,0.0,,3.5,3.337999999999999
2018,CL,中日ドラゴンズ,13715132,D.ビシエド,D.Viciedo,135.0,582.0,512.0,91.0,178.0,26.0,1.0,26.0,284.0,99.0,3,4,0.0,4.0,51.0,0,15.0,61.0,24.0,0.348,0.419,0.555,0.974,125.0,0.20700000000000007,0.07100000000000001,0.6260000000000001,8.762886597938143,10.481099656357388,0.8360655737704918,0.3543123543123543,0.32730000000000004,604.0,0.314453125,0.9888268156424581,0.348,178.0,26.0,99.0,135.0,582.0,512.0,125.0,26.0,1.0,91.0,0.419,0.555,51.0,0,15.0,,284.0,3,4,0.0,4.0,,115.51687388987567,109.46800000000002
2018,CL,読売ジャイアンツ,13915134,マルティネス,J.Martinez,19.0,66.0,61.0,7.0,11.0,4.0,0.0,2.0,21.0,5.0,1,0,0.0,0.0,5.0,0,0.0,27.0,0.0,0.18,0.242,0.344,0.586,5.0,0.16399999999999998,0.062,0.4059999999999999,7.575757575757576,40.909090909090914,0.18518518518518517,0.28125,0.1949,356.66666666666663,0.2459016393442623,0.52,0.18,11.0,2.0,5.0,19.0,66.0,61.0,5.0,4.0,0.0,7.0,0.242,0.344,5.0,0,0.0,,21.0,1,0,0.0,0.0,,5.090909090909091,5.01
2018,CL,広島東洋カープ,1405116,松山　竜平,R.Matsuyama,124.0,446.0,397.0,46.0,120.0,25.0,2.0,12.0,185.0,74.0,2,0,0.0,5.0,42.0,0,2.0,46.0,10.0,0.302,0.368,0.466,0.8340000000000001,81.0,0.16400000000000003,0.066,0.532,9.417040358744394,10.31390134529148,0.9130434782608695,0.313953488372093,0.2821,523.3333333333334,0.2695214105793451,0.7979094076655052,0.302,120.0,12.0,74.0,124.0,446.0,397.0,81.0,25.0,2.0,46.0,0.368,0.466,42.0,0,2.0,,185.0,2,0,0.0,5.0,,68.26879271070615,65.234
2018,CL,広島東洋カープ,1405130,野間　峻祥,T.Noma,126.0,447.0,405.0,64.0,116.0,14.0,7.0,5.0,159.0,46.0,17,10,4.0,2.0,30.0,0,6.0,69.0,2.0,0.286,0.343,0.393,0.736,90.0,0.10700000000000004,0.05700000000000005,0.45,6.7114093959731544,15.436241610738255,0.43478260869565216,0.3333333333333333,0.25260000000000005,474.00000000000006,0.20493827160493827,0.7044673539518901,0.286,116.0,5.0,46.0,126.0,447.0,405.0,90.0,14.0,7.0,64.0,0.343,0.393,30.0,0,6.0,,159.0,17,10,4.0,2.0,,53.36551724137931,54.91799999999999
2018,CL,横浜DeNAベイスターズ,1405135,西森　将司,M.Nishimori,3.0,3.0,3.0,0.0,0.0,0.0,0.0,0.0,0.0,0.0,0.0,0,0.0,0.0,0.0,0,0.0,1.0,0.0,0.0,0.0,0.0,0.0,0.0,0.0,0.0,0.0,0.0,33.33333333333333,0.0,0.0,0.0,0.0,0.0,0.0,0.0,0.0,0.0,0.0,3.0,3.0,3.0,0.0,0.0,0.0,0.0,0.0,0.0,0.0,0,0.0,,0.0,0.0,0,0.0,0.0,,0.0,-0.29400000000000004
2018,CL,阪神タイガース,1605134,福永　春吾,S.Fukunaga,2.0,0.0,0.0,0.0,0.0,0.0,0.0,0.0,0.0,0.0,0.0,0,0.0,0.0,0.0,0,0.0,0.0,0.0,,,,0.0,0.0,0.0,0.0,,nan,nan,nan,nan,0.0,0.0,nan,nan,,0.0,0.0,0.0,2.0,0.0,0.0,0.0,0.0,0.0,0.0,,,0.0,0,0.0,,0.0,0.0,0,0.0,0.0,,nan,0.0
2018,CL,横浜DeNAベイスターズ,1705131,国吉　佑樹,Y.Kuniyoshi,13.0,1.0,1.0,0.0,0.0,0.0,0.0,0.0,0.0,0.0,0.0,0,0.0,0.0,0.0,0,0.0,1.0,0.0,0.0,0.0,0.0,0.0,0.0,0.0,0.0,0.0,0.0,100.0,0.0,nan,0.0,0.0,0.0,0.0,0.0,0.0,0.0,0.0,13.0,1.0,1.0,0.0,0.0,0.0,0.0,0.0,0.0,0.0,0,0.0,,0.0,0.0,0,0.0,0.0,,0.0,-0.098
2018,CL,東京ヤクルトスワローズ,1705134,古賀　優大,Y.Koga,7.0,15.0,13.0,1.0,1.0,0.0,0.0,0.0,1.0,1.0,0.0,0,1.0,0.0,1.0,0,0.0,2.0,1.0,0.077,0.143,0.077,0.21999999999999997,1.0,0.0,0.06599999999999999,0.143,6.666666666666667,13.333333333333334,0.5,0.09090909090909091,0.0836,168.66666666666666,0.07692307692307693,0.15384615384615385,0.077,1.0,0.0,1.0,7.0,15.0,13.0,1.0,0.0,0.0,1.0,0.143,0.077,1.0,0,0.0,,1.0,0.0,0,1.0,0.0,,0.14285714285714285,-0.3460000000000001
2018,CL,中日ドラゴンズ,1805132,三ツ間　卓也,T.Mitsuma,4.0,0.0,0.0,0.0,0.0,0.0,0.0,0.0,0.0,0.0,0.0,0,0.0,0.0,0.0,0,0.0,0.0,0.0,,,,0.0,0.0,0.0,0.0,,nan,nan,nan,nan,0.0,0.0,nan,nan,,0.0,0.0,0.0,4.0,0.0,0.0,0.0,0.0,0.0,0.0,,,0.0,0,0.0,,0.0,0.0,0,0.0,0.0,,nan,0.0
2018,CL,東京ヤクルトスワローズ,1805136,宮本　丈,T.Miyamoto,26.0,48.0,41.0,3.0,9.0,1.0,0.0,0.0,10.0,6.0,0.0,0,1.0,1.0,5.0,0,0.0,11.0,1.0,0.22,0.298,0.244,0.542,8.0,0.023999999999999994,0.07799999999999999,0.3219999999999999,10.416666666666668,22.916666666666664,0.45454545454545453,0.2903225806451613,0.1951,379.3333333333333,0.14634146341463414,0.45454545454545453,0.22,9.0,0.0,6.0,26.0,48.0,41.0,8.0,1.0,0.0,3.0,0.298,0.244,5.0,0,0.0,,10.0,0.0,0,1.0,1.0,,3.0434782608695654,3.234
2018,CL,中日ドラゴンズ,1905136,清水　達也,T.Shimizu,2.0,0.0,0.0,0.0,0.0,0.0,0.0,0.0,0.0,0.0,0.0,0,0.0,0.0,0.0,0,0.0,0.0,0.0,,,,0.0,0.0,0.0,0.0,,nan,nan,nan,nan,0.0,0.0,nan,nan,,0.0,0.0,0.0,2.0,0.0,0.0,0.0,0.0,0.0,0.0,,,0.0,0,0.0,,0.0,0.0,0,0.0,0.0,,nan,0.0
2018,CL,横浜DeNAベイスターズ,1905139,平良　拳太郎,K.Taira,13.0,27.0,24.0,0.0,2.0,0.0,0.0,0.0,2.0,0.0,0.0,0,2.0,0.0,1.0,0,0.0,13.0,1.0,0.083,0.12,0.083,0.203,2.0,0.0,0.03699999999999999,0.12,3.7037037037037033,48.148148148148145,0.07692307692307693,0.18181818181818182,0.07475,147.66666666666666,0.041666666666666664,0.13043478260869565,0.083,2.0,0.0,0.0,13.0,27.0,24.0,2.0,0.0,0.0,0.0,0.12,0.083,1.0,0,0.0,,2.0,0.0,0,2.0,0.0,,0.24,-0.8260000000000001
2018,CL,読売ジャイアンツ,21025116,中井　大介,D.Nakai,70.0,97.0,86.0,8.0,16.0,5.0,0.0,1.0,24.0,6.0,0.0,0,3.0,0.0,6.0,0,2.0,25.0,3.0,0.186,0.255,0.279,0.534,10.0,0.09300000000000003,0.069,0.348,6.185567010309279,25.773195876288657,0.24,0.25,0.1845,348.00000000000006,0.16279069767441862,0.4383561643835616,0.186,16.0,1.0,6.0,70.0,97.0,86.0,10.0,5.0,0.0,8.0,0.255,0.279,6.0,0,2.0,,24.0,0.0,0,3.0,0.0,,5.739130434782608,5.819999999999999
2018,CL,阪神タイガース,21025132,竹安　大知,D.Takeyasu,2.0,2.0,2.0,0.0,0.0,0.0,0.0,0.0,0.0,0.0,0.0,0,0.0,0.0,0.0,0,0.0,0.0,0.0,0.0,0.0,0.0,0.0,0.0,0.0,0.0,0.0,0.0,0.0,nan,0.0,0.0,0.0,0.0,0.0,0.0,0.0,0.0,0.0,2.0,2.0,2.0,0.0,0.0,0.0,0.0,0.0,0.0,0.0,0,0.0,,0.0,0.0,0,0.0,0.0,,0.0,-0.196
2018,CL,中日ドラゴンズ,21025135,田島　慎二,S.Tajima,30.0,0.0,0.0,0.0,0.0,0.0,0.0,0.0,0.0,0.0,0.0,0,0.0,0.0,0.0,0,0.0,0.0,0.0,,,,0.0,0.0,0.0,0.0,,nan,nan,nan,nan,0.0,0.0,nan,nan,,0.0,0.0,0.0,30.0,0.0,0.0,0.0,0.0,0.0,0.0,,,0.0,0,0.0,,0.0,0.0,0,0.0,0.0,,nan,0.0
2018,CL,中日ドラゴンズ,21025137,福谷　浩司,K.Fukutani,29.0,0.0,0.0,0.0,0.0,0.0,0.0,0.0,0.0,0.0,0.0,0,0.0,0.0,0.0,0,0.0,0.0,0.0,,,,0.0,0.0,0.0,0.0,,nan,nan,nan,nan,0.0,0.0,nan,nan,,0.0,0.0,0.0,29.0,0.0,0.0,0.0,0.0,0.0,0.0,,,0.0,0,0.0,,0.0,0.0,0,0.0,0.0,,nan,0.0
2018,CL,読売ジャイアンツ,21125113,阿部　慎之助,S.Abe,95.0,223.0,198.0,22.0,49.0,6.0,0.0,11.0,88.0,46.0,0.0,0,1.0,1.0,21.0,0,2.0,55.0,6.0,0.247,0.324,0.444,0.768,32.0,0.197,0.07700000000000001,0.521,9.417040358744394,24.663677130044842,0.38181818181818183,0.2857142857142857,0.25680000000000003,472.0,0.30303030303030304,0.7161290322580646,0.247,49.0,11.0,46.0,95.0,223.0,198.0,32.0,6.0,0.0,22.0,0.324,0.444,21.0,0,2.0,,88.0,0.0,0,1.0,1.0,,28.12785388127854,29.148
2018,CL,中日ドラゴンズ,21125118,伊藤　準規,J.Itou,11.0,0.0,0.0,0.0,0.0,0.0,0.0,0.0,0.0,0.0,0.0,0,0.0,0.0,0.0,0,0.0,0.0,0.0,,,,0.0,0.0,0.0,0.0,,nan,nan,nan,nan,0.0,0.0,nan,nan,,0.0,0.0,0.0,11.0,0.0,0.0,0.0,0.0,0.0,0.0,,,0.0,0,0.0,,0.0,0.0,0,0.0,0.0,,nan,0.0
2018,CL,広島東洋カープ,21125135,一岡　竜司,R.Ichioka,59.0,0.0,0.0,0.0,0.0,0.0,0.0,0.0,0.0,0.0,0.0,0,0.0,0.0,0.0,0,0.0,0.0,0.0,,,,0.0,0.0,0.0,0.0,,nan,nan,nan,nan,0.0,0.0,nan,nan,,0.0,0.0,0.0,59.0,0.0,0.0,0.0,0.0,0.0,0.0,,,0.0,0,0.0,,0.0,0.0,0,0.0,0.0,,nan,0.0
2018,CL,中日ドラゴンズ,21125136,石川　翔,S.Ishikawa,1.0,0.0,0.0,0.0,0.0,0.0,0.0,0.0,0.0,0.0,0.0,0,0.0,0.0,0.0,0,0.0,0.0,0.0,,,,0.0,0.0,0.0,0.0,,nan,nan,nan,nan,0.0,0.0,nan,nan,,0.0,0.0,0.0,1.0,0.0,0.0,0.0,0.0,0.0,0.0,,,0.0,0,0.0,,0.0,0.0,0,0.0,0.0,,nan,0.0
2018,CL,東京ヤクルトスワローズ,21125137,石山　泰稚,T.Ishiyama,71.0,1.0,1.0,0.0,0.0,0.0,0.0,0.0,0.0,0.0,0.0,0,0.0,0.0,0.0,0,0.0,1.0,0.0,0.0,0.0,0.0,0.0,0.0,0.0,0.0,0.0,0.0,100.0,0.0,nan,0.0,0.0,0.0,0.0,0.0,0.0,0.0,0.0,71.0,1.0,1.0,0.0,0.0,0.0,0.0,0.0,0.0,0.0,0,0.0,,0.0,0.0,0,0.0,0.0,,0.0,-0.098
2018,CL,広島東洋カープ,21225135,戸田　隆矢,T.Toda,7.0,7.0,7.0,1.0,1.0,0.0,0.0,0.0,1.0,0.0,0.0,0,0.0,0.0,0.0,0,0.0,1.0,0.0,0.143,0.143,0.143,0.286,1.0,0.0,0.0,0.143,0.0,14.285714285714285,0.0,0.16666666666666666,0.1001,190.66666666666666,0.0,0.16666666666666666,0.143,1.0,0.0,0.0,7.0,7.0,7.0,1.0,0.0,0.0,1.0,0.143,0.143,0.0,0,0.0,,1.0,0.0,0,0.0,0.0,,0.14285714285714285,-0.08800000000000008
2018,CL,阪神タイガース,21325130,江越　大賀,T.Egoshi,29.0,40.0,40.0,6.0,6.0,2.0,0.0,1.0,11.0,1.0,3,0,0.0,0.0,0.0,0,0.0,22.0,0.0,0.15,0.15,0.275,0.42500000000000004,3.0,0.12500000000000003,0.0,0.275,0.0,55.00000000000001,0.0,0.29411764705882354,0.13625,241.66666666666666,0.125,0.3235294117647059,0.15,6.0,1.0,1.0,29.0,40.0,40.0,3.0,2.0,0.0,6.0,0.15,0.275,0.0,0,0.0,,11.0,3,0,0.0,0.0,,1.65,1.0479999999999996
2018,CL,阪神タイガース,21325134,大山　悠輔,Y.Ooyama,117.0,378.0,347.0,48.0,95.0,19.0,4.0,11.0,155.0,48.0,5,3,1.0,2.0,26.0,0,2.0,54.0,14.0,0.274,0.326,0.447,0.773,61.0,0.173,0.05199999999999999,0.499,6.878306878306878,14.285714285714285,0.48148148148148145,0.29577464788732394,0.25845,475.0,0.2564841498559078,0.6992481203007519,0.274,95.0,11.0,48.0,117.0,378.0,347.0,61.0,19.0,4.0,48.0,0.326,0.447,26.0,0,2.0,,155.0,5,3,1.0,2.0,,50.28150134048257,49.26400000000001
2018,CL,読売ジャイアンツ,21325136,大城　卓三,T.Ooshiro,83.0,202.0,185.0,19.0,49.0,12.0,0.0,4.0,73.0,17.0,0,1,2.0,0.0,15.0,0,0.0,46.0,3.0,0.265,0.32,0.395,0.7150000000000001,33.0,0.13,0.05499999999999999,0.45,7.425742574257425,22.772277227722775,0.32608695652173914,0.3333333333333333,0.24275000000000002,451.6666666666667,0.21621621621621623,0.6402877697841727,0.265,49.0,4.0,17.0,83.0,202.0,185.0,33.0,12.0,0.0,19.0,0.32,0.395,15.0,0,0.0,,73.0,0,1,2.0,0.0,,23.36,22.701999999999998
2018,CL,阪神タイガース,21325139,梅野　隆太郎,R.Umeno,132.0,455.0,386.0,45.0,100.0,27.0,1.0,8.0,153.0,47.0,5,1,28.0,1.0,39.0,0,1.0,67.0,6.0,0.259,0.328,0.396,0.724,64.0,0.137,0.069,0.465,8.571428571428571,14.725274725274726,0.582089552238806,0.2948717948717949,0.2466,460.0,0.24093264248704663,0.6643835616438356,0.259,100.0,8.0,47.0,132.0,455.0,386.0,64.0,27.0,1.0,45.0,0.328,0.396,39.0,0,1.0,,153.0,5,1,28.0,1.0,,50.04,49.352000000000004
2018,CL,広島東洋カープ,21425116,丸　佳浩,Y.Maru,125.0,566.0,432.0,109.0,132.0,22.0,0.0,39.0,271.0,97.0,10.0,10,0.0,1.0,130.0,0,3.0,130.0,5.0,0.306,0.468,0.627,1.095,71.0,0.321,0.16200000000000003,0.789,22.968197879858657,22.968197879858657,1.0,0.3522727272727273,0.36735,677.0,0.6458333333333334,1.3573770491803279,0.306,132.0,39.0,97.0,125.0,566.0,432.0,71.0,22.0,0.0,109.0,0.468,0.627,130.0,0,3.0,,271.0,10.0,10,0.0,1.0,,126.33807829181495,123.78999999999999
2018,CL,広島東洋カープ,21425135,野村　祐輔,Y.Nomura,20.0,46.0,39.0,0.0,4.0,0.0,0.0,0.0,4.0,1.0,0.0,0,5.0,0.0,2.0,0,0.0,18.0,1.0,0.103,0.146,0.103,0.249,4.0,0.0,0.043,0.146,4.3478260869565215,39.130434782608695,0.1111111111111111,0.19047619047619047,0.09144999999999999,180.33333333333331,0.05128205128205128,0.16666666666666666,0.103,4.0,0.0,1.0,20.0,46.0,39.0,4.0,0.0,0.0,0.0,0.146,0.103,2.0,0,0.0,,4.0,0.0,0,5.0,0.0,,0.5853658536585366,-0.77
2018,CL,東京ヤクルトスワローズ,21425136,沼田　拓巳,T.Numata,1.0,0.0,0.0,0.0,0.0,0.0,0.0,0.0,0.0,0.0,0.0,0,0.0,0.0,0.0,0,0.0,0.0,0.0,,,,0.0,0.0,0.0,0.0,,nan,nan,nan,nan,0.0,0.0,nan,nan,,0.0,0.0,0.0,1.0,0.0,0.0,0.0,0.0,0.0,0.0,,,0.0,0,0.0,,0.0,0.0,0,0.0,0.0,,nan,0.0
2018,CL,横浜DeNAベイスターズ,21525131,加賀　繁,S.Kaga,9.0,0.0,0.0,0.0,0.0,0.0,0.0,0.0,0.0,0.0,0.0,0,0.0,0.0,0.0,0,0.0,0.0,0.0,,,,0.0,0.0,0.0,0.0,,nan,nan,nan,nan,0.0,0.0,nan,nan,,0.0,0.0,0.0,9.0,0.0,0.0,0.0,0.0,0.0,0.0,,,0.0,0,0.0,,0.0,0.0,0,0.0,0.0,,nan,0.0
2018,CL,読売ジャイアンツ,21525136,北村　拓己,T.Kitamura,1.0,1.0,1.0,0.0,0.0,0.0,0.0,0.0,0.0,0.0,0.0,0,0.0,0.0,0.0,0,0.0,0.0,0.0,0.0,0.0,0.0,0.0,0.0,0.0,0.0,0.0,0.0,0.0,nan,0.0,0.0,0.0,0.0,0.0,0.0,0.0,0.0,0.0,1.0,1.0,1.0,0.0,0.0,0.0,0.0,0.0,0.0,0.0,0,0.0,,0.0,0.0,0,0.0,0.0,,0.0,-0.098
2018,CL,東京ヤクルトスワローズ,21625112,村中　恭兵,K.Muranaka,3.0,0.0,0.0,0.0,0.0,0.0,0.0,0.0,0.0,0.0,0.0,0,0.0,0.0,0.0,0,0.0,0.0,0.0,,,,0.0,0.0,0.0,0.0,,nan,nan,nan,nan,0.0,0.0,nan,nan,,0.0,0.0,0.0,3.0,0.0,0.0,0.0,0.0,0.0,0.0,,,0.0,0,0.0,,0.0,0.0,0,0.0,0.0,,nan,0.0
2018,CL,東京ヤクルトスワローズ,21625132,廣岡　大志,T.Hirooka,45.0,125.0,115.0,11.0,24.0,6.0,0.0,2.0,36.0,10.0,0.0,0,4.0,1.0,5.0,0,0.0,36.0,2.0,0.209,0.24,0.313,0.5529999999999999,16.0,0.10400000000000001,0.031,0.344,4.0,28.799999999999997,0.1388888888888889,0.28205128205128205,0.18625,344.3333333333333,0.14782608695652175,0.44086021505376344,0.209,24.0,2.0,10.0,45.0,125.0,115.0,16.0,6.0,0.0,11.0,0.24,0.313,5.0,0,0.0,,36.0,0.0,0,4.0,1.0,,8.7,7.931999999999997
2018,CL,読売ジャイアンツ,21625133,宮國　椋丞,R.Miyaguni,29.0,0.0,0.0,0.0,0.0,0.0,0.0,0.0,0.0,0.0,0.0,0,0.0,0.0,0.0,0,0.0,0.0,0.0,,,,0.0,0.0,0.0,0.0,,nan,nan,nan,nan,0.0,0.0,nan,nan,,0.0,0.0,0.0,29.0,0.0,0.0,0.0,0.0,0.0,0.0,,,0.0,0,0.0,,0.0,0.0,0,0.0,0.0,,nan,0.0
2018,CL,中日ドラゴンズ,21625134,藤嶋　健人,K.Fujishima,19.0,19.0,15.0,3.0,1.0,0.0,0.0,0.0,1.0,0.0,0.0,0,1.0,0.0,3.0,0,0.0,5.0,1.0,0.067,0.222,0.067,0.28900000000000003,1.0,0.0,0.155,0.222,15.789473684210526,26.31578947368421,0.6,0.1,0.11665,244.33333333333334,0.2,0.26666666666666666,0.067,1.0,0.0,0.0,19.0,19.0,15.0,1.0,0.0,0.0,3.0,0.222,0.067,3.0,0,0.0,,1.0,0.0,0,1.0,0.0,,0.2222222222222222,0.11799999999999988
2018,CL,読売ジャイアンツ,21825112,陽　岱鋼,D.You,87.0,276.0,253.0,24.0,62.0,12.0,2.0,10.0,108.0,37.0,2.0,2,3.0,1.0,17.0,0,2.0,72.0,7.0,0.245,0.297,0.427,0.724,38.0,0.182,0.05199999999999999,0.479,6.159420289855073,26.08695652173913,0.2361111111111111,0.3023255813953488,0.2404,439.33333333333337,0.25691699604743085,0.6515151515151515,0.245,62.0,10.0,37.0,87.0,276.0,253.0,38.0,12.0,2.0,24.0,0.297,0.427,17.0,0,2.0,,108.0,2.0,2,3.0,1.0,,31.6,32.032
2018,CL,読売ジャイアンツ,21825133,吉川　大幾,D.Yoshikawa,97.0,23.0,18.0,21.0,3.0,0.0,0.0,0.0,3.0,0.0,7,0,3.0,0.0,2.0,0,0.0,6.0,0.0,0.167,0.25,0.167,0.41700000000000004,3.0,0.0,0.08299999999999999,0.25,8.695652173913043,26.08695652173913,0.3333333333333333,0.25,0.15425,305.66666666666663,0.1111111111111111,0.3333333333333333,0.167,3.0,0.0,0.0,97.0,23.0,18.0,3.0,0.0,0.0,21.0,0.25,0.167,2.0,0,0.0,,3.0,7,0,3.0,0.0,,0.75,0.6900000000000002
2018,CL,読売ジャイアンツ,21825137,C.マギー,C.Mcgehee,132.0,547.0,499.0,65.0,142.0,28.0,0.0,21.0,233.0,84.0,2,0,0.0,6.0,41.0,0,1.0,92.0,12.0,0.285,0.336,0.467,0.803,93.0,0.18200000000000005,0.051000000000000045,0.518,7.495429616087751,16.819012797074954,0.44565217391304346,0.3086734693877551,0.26795,491.6666666666667,0.26452905811623245,0.7452574525745257,0.285,142.0,21.0,84.0,132.0,547.0,499.0,93.0,28.0,0.0,65.0,0.336,0.467,41.0,0,1.0,,233.0,2,0,0.0,6.0,,78.96111111111111,75.77399999999999
2018,CL,横浜DeNAベイスターズ,21925110,田中　浩康,H.Tanaka,31.0,52.0,48.0,3.0,9.0,1.0,0.0,0.0,10.0,3.0,0.0,0,1.0,0.0,2.0,0,1.0,7.0,3.0,0.188,0.235,0.208,0.44299999999999995,8.0,0.01999999999999999,0.046999999999999986,0.255,3.8461538461538463,13.461538461538462,0.2857142857142857,0.21951219512195122,0.15775,304.33333333333337,0.0625,0.30952380952380953,0.188,9.0,0.0,3.0,31.0,52.0,48.0,8.0,1.0,0.0,3.0,0.235,0.208,2.0,0,1.0,,10.0,0.0,0,1.0,0.0,,2.2,1.888
2018,CL,東京ヤクルトスワローズ,21925117,坂口　智隆,T.Sakaguchi,139.0,595.0,508.0,64.0,161.0,22.0,4.0,3.0,200.0,37.0,9,7,7.0,2.0,75.0,0,3.0,60.0,15.0,0.317,0.406,0.394,0.8,132.0,0.07700000000000001,0.08900000000000002,0.483,12.605042016806722,10.084033613445378,1.25,0.3534675615212528,0.2812,537.3333333333334,0.23818897637795275,0.787292817679558,0.317,161.0,3.0,37.0,139.0,595.0,508.0,132.0,22.0,4.0,64.0,0.406,0.394,75.0,0,3.0,,200.0,9,7,7.0,2.0,,80.96054888507719,83.31400000000001
2018,CL,阪神タイガース,21925119,鳥谷　敬,T.Toritani,121.0,261.0,220.0,15.0,51.0,11.0,0.0,1.0,65.0,22.0,1.0,1,3.0,3.0,34.0,0,1.0,37.0,6.0,0.232,0.333,0.295,0.628,39.0,0.06299999999999997,0.101,0.396,13.026819923371647,14.17624521072797,0.918918918918919,0.2702702702702703,0.22360000000000002,431.33333333333337,0.22272727272727272,0.5771428571428572,0.232,51.0,1.0,22.0,121.0,261.0,220.0,39.0,11.0,0.0,15.0,0.333,0.295,34.0,0,1.0,,65.0,1.0,1,3.0,3.0,,21.751968503937007,24.028000000000002
2018,CL,読売ジャイアンツ,21925130,篠原　慎平,S.Shinohara,7.0,0.0,0.0,0.0,0.0,0.0,0.0,0.0,0.0,0.0,0.0,0,0.0,0.0,0.0,0,0.0,0.0,0.0,,,,0.0,0.0,0.0,0.0,,nan,nan,nan,nan,0.0,0.0,nan,nan,,0.0,0.0,0.0,7.0,0.0,0.0,0.0,0.0,0.0,0.0,,,0.0,0,0.0,,0.0,0.0,0,0.0,0.0,,nan,0.0
2018,CL,読売ジャイアンツ,21925132,重信　慎之介,S.Shigenobu,60.0,185.0,167.0,24.0,47.0,7.0,5.0,2.0,70.0,13.0,6,4,6.0,1.0,11.0,0,0.0,38.0,1.0,0.281,0.324,0.419,0.743,33.0,0.13799999999999996,0.04299999999999998,0.4619999999999999,5.9459459459459465,20.54054054054054,0.2894736842105263,0.3515625,0.25055,463.6666666666667,0.2275449101796407,0.7024793388429752,0.281,47.0,2.0,13.0,60.0,185.0,167.0,33.0,7.0,5.0,24.0,0.324,0.419,11.0,0,0.0,,70.0,6,4,6.0,1.0,,22.808988764044944,22.21
2018,CL,横浜DeNAベイスターズ,23125136,山本　祐大,Y.Yamamoto,2.0,1.0,1.0,1.0,1.0,0.0,0.0,1.0,4.0,2.0,0.0,0,0.0,0.0,0.0,0,0.0,0.0,0.0,1.0,1.0,4.0,5.0,0.0,3.0,0.0,4.0,0.0,0.0,nan,nan,1.45,2333.333333333333,3.0,nan,1.0,1.0,1.0,2.0,2.0,1.0,1.0,0.0,0.0,0.0,1.0,1.0,4.0,0.0,0,0.0,,4.0,0.0,0,0.0,0.0,,4.0,1.44
2018,CL,横浜DeNAベイスターズ,23325134,J.ウィーランド,J.Wieland,17.0,38.0,33.0,1.0,6.0,1.0,0.0,1.0,10.0,2.0,0.0,0,1.0,1.0,3.0,0,0.0,9.0,0.0,0.182,0.243,0.303,0.546,4.0,0.121,0.061,0.364,7.894736842105263,23.684210526315788,0.3333333333333333,0.20833333333333334,0.1851,344.0,0.21212121212121213,0.48148148148148145,0.182,6.0,1.0,2.0,17.0,38.0,33.0,4.0,1.0,0.0,1.0,0.243,0.303,3.0,0,0.0,,10.0,0.0,0,1.0,1.0,,2.5,2.5040000000000004
2018,CL,阪神タイガース,23725136,W.ロサリオ,W.Rosario,75.0,302.0,281.0,28.0,68.0,13.0,0.0,8.0,105.0,40.0,0,1,0.0,3.0,17.0,0,1.0,71.0,12.0,0.242,0.285,0.374,0.659,47.0,0.132,0.04299999999999998,0.417,5.629139072847682,23.509933774834437,0.23943661971830985,0.2926829268292683,0.22175,409.66666666666663,0.19572953736654805,0.5511111111111111,0.242,68.0,8.0,40.0,75.0,302.0,281.0,47.0,13.0,0.0,28.0,0.285,0.374,17.0,0,1.0,,105.0,0,1,0.0,3.0,,29.949664429530202,29.62599999999999
2018,CL,広島東洋カープ,23925132,X.バティスタ,X.Batista,99.0,302.0,273.0,38.0,66.0,8.0,0.0,25.0,149.0,55.0,0,1,0.0,2.0,26.0,0,1.0,81.0,6.0,0.242,0.308,0.546,0.8540000000000001,33.0,0.30400000000000005,0.066,0.6120000000000001,8.609271523178808,26.82119205298013,0.32098765432098764,0.24260355029585798,0.2751,490.0,0.40293040293040294,0.8309859154929577,0.242,66.0,25.0,55.0,99.0,302.0,273.0,33.0,8.0,0.0,38.0,0.308,0.546,26.0,0,1.0,,149.0,0,1,0.0,2.0,,45.84615384615385,47.06400000000001
2018,CL,中日ドラゴンズ,23925134,R.マルティネス,R.Martinez,7.0,9.0,9.0,0.0,1.0,0.0,0.0,0.0,1.0,0.0,0.0,0,0.0,0.0,0.0,0,0.0,5.0,0.0,0.111,0.111,0.111,0.222,1.0,0.0,0.0,0.111,0.0,55.55555555555556,0.0,0.25,0.0777,148.0,0.0,0.125,0.111,1.0,0.0,0.0,7.0,9.0,9.0,1.0,0.0,0.0,0.0,0.111,0.111,0.0,0,0.0,,1.0,0.0,0,0.0,0.0,,0.1111111111111111,-0.28400000000000003
2018,CL,広島東洋カープ,23925136,J.ヘルウェグ,J.Hellweg,7.0,0.0,0.0,0.0,0.0,0.0,0.0,0.0,0.0,0.0,0.0,0,0.0,0.0,0.0,0,0.0,0.0,0.0,,,,0.0,0.0,0.0,0.0,,nan,nan,nan,nan,0.0,0.0,nan,nan,,0.0,0.0,0.0,7.0,0.0,0.0,0.0,0.0,0.0,0.0,,,0.0,0,0.0,,0.0,0.0,0,0.0,0.0,,nan,0.0
2018,CL,東京ヤクルトスワローズ,31035112,武内　晋一,S.Takeuchi,15.0,16.0,14.0,2.0,4.0,1.0,0.0,1.0,8.0,3.0,0.0,0,0.0,0.0,2.0,0,0.0,2.0,0.0,0.286,0.375,0.571,0.946,2.0,0.285,0.08900000000000002,0.6599999999999999,12.5,12.5,1.0,0.2727272727272727,0.3115,565.3333333333334,0.42857142857142855,1.0,0.286,4.0,1.0,3.0,15.0,16.0,14.0,2.0,1.0,0.0,2.0,0.375,0.571,2.0,0,0.0,,8.0,0.0,0,0.0,0.0,,3.0,2.8400000000000003
2018,CL,中日ドラゴンズ,31035118,谷元　圭介,K.Tanimoto,8.0,0.0,0.0,0.0,0.0,0.0,0.0,0.0,0.0,0.0,0.0,0,0.0,0.0,0.0,0,0.0,0.0,0.0,,,,0.0,0.0,0.0,0.0,,nan,nan,nan,nan,0.0,0.0,nan,nan,,0.0,0.0,0.0,8.0,0.0,0.0,0.0,0.0,0.0,0.0,,,0.0,0,0.0,,0.0,0.0,0,0.0,0.0,,nan,0.0
2018,CL,読売ジャイアンツ,31035135,高木　京介,K.Takagi,3.0,0.0,0.0,0.0,0.0,0.0,0.0,0.0,0.0,0.0,0.0,0,0.0,0.0,0.0,0,0.0,0.0,0.0,,,,0.0,0.0,0.0,0.0,,nan,nan,nan,nan,0.0,0.0,nan,nan,,0.0,0.0,0.0,3.0,0.0,0.0,0.0,0.0,0.0,0.0,,,0.0,0,0.0,,0.0,0.0,0,0.0,0.0,,nan,0.0
2018,CL,中日ドラゴンズ,3105136,山本　拓実,T.Yamamoto,1.0,0.0,0.0,0.0,0.0,0.0,0.0,0.0,0.0,0.0,0.0,0,0.0,0.0,0.0,0,0.0,0.0,0.0,,,,0.0,0.0,0.0,0.0,,nan,nan,nan,nan,0.0,0.0,nan,nan,,0.0,0.0,0.0,1.0,0.0,0.0,0.0,0.0,0.0,0.0,,,0.0,0,0.0,,0.0,0.0,0,0.0,0.0,,nan,0.0
2018,CL,広島東洋カープ,31135114,會澤　翼,T.Aizawa,106.0,377.0,315.0,42.0,96.0,18.0,1.0,13.0,155.0,42.0,0.0,0,5.0,4.0,39.0,0,14.0,56.0,6.0,0.305,0.401,0.492,0.893,64.0,0.187,0.09600000000000003,0.5880000000000001,10.344827586206897,14.854111405835543,0.6964285714285714,0.332,0.30345,565.0000000000001,0.3111111111111111,0.9244444444444444,0.305,96.0,13.0,42.0,106.0,377.0,315.0,64.0,18.0,1.0,42.0,0.401,0.492,39.0,0,14.0,,155.0,0.0,0,5.0,4.0,,59.110169491525426,60.748000000000005
2018,CL,東京ヤクルトスワローズ,31135119,青木　宣親,N.Aoki,127.0,567.0,495.0,85.0,162.0,37.0,3.0,10.0,235.0,67.0,3,4,0.0,2.0,51.0,0,19.0,48.0,13.0,0.327,0.409,0.475,0.8839999999999999,112.0,0.14799999999999996,0.08199999999999996,0.5569999999999999,8.994708994708994,8.465608465608465,1.0625,0.3462414578587699,0.30279999999999996,567.3333333333333,0.2585858585858586,0.8930635838150289,0.327,162.0,10.0,67.0,127.0,567.0,495.0,112.0,37.0,3.0,85.0,0.409,0.475,51.0,0,19.0,,235.0,3,4,0.0,2.0,,91.67582417582418,91.34599999999999
2018,CL,広島東洋カープ,31135134,アドゥワ　誠,M.Adoぅwa,53.0,5.0,5.0,0.0,1.0,0.0,0.0,0.0,1.0,0.0,0.0,0,0.0,0.0,0.0,0,0.0,3.0,0.0,0.2,0.2,0.2,0.4,1.0,0.0,0.0,0.2,0.0,60.0,0.0,0.5,0.14,266.6666666666667,0.0,0.25,0.2,1.0,0.0,0.0,53.0,5.0,5.0,1.0,0.0,0.0,0.0,0.2,0.2,0.0,0,0.0,,1.0,0.0,0,0.0,0.0,,0.2,0.10799999999999998
2018,CL,中日ドラゴンズ,31233888,松坂　大輔,D.Matsuzaka,11.0,20.0,20.0,0.0,2.0,0.0,0.0,0.0,2.0,0.0,0.0,0,0.0,0.0,0.0,0,0.0,7.0,0.0,0.1,0.1,0.1,0.2,2.0,0.0,0.0,0.1,0.0,35.0,0.0,0.15384615384615385,0.07,133.33333333333334,0.0,0.1111111111111111,0.1,2.0,0.0,0.0,11.0,20.0,20.0,2.0,0.0,0.0,0.0,0.1,0.1,0.0,0,0.0,,2.0,0.0,0,0.0,0.0,,0.2,-0.764
2018,CL,東京ヤクルトスワローズ,31235113,畠山　和洋,K.Hatakeyama,75.0,155.0,129.0,9.0,32.0,6.0,0.0,5.0,53.0,27.0,0.0,0,0.0,0.0,26.0,0,0.0,23.0,4.0,0.248,0.374,0.411,0.7849999999999999,21.0,0.16299999999999998,0.126,0.5369999999999999,16.7741935483871,14.838709677419354,1.1304347826086956,0.26732673267326734,0.27105,511.0,0.3643410852713178,0.7821782178217822,0.248,32.0,5.0,27.0,75.0,155.0,129.0,21.0,6.0,0.0,9.0,0.374,0.411,26.0,0,0.0,,53.0,0.0,0,0.0,0.0,,19.83225806451613,21.094
2018,CL,広島東洋カープ,31235118,中田　廉,R.Nakata,15.0,0.0,0.0,0.0,0.0,0.0,0.0,0.0,0.0,0.0,0.0,0,0.0,0.0,0.0,0,0.0,0.0,0.0,,,,0.0,0.0,0.0,0.0,,nan,nan,nan,nan,0.0,0.0,nan,nan,,0.0,0.0,0.0,15.0,0.0,0.0,0.0,0.0,0.0,0.0,,,0.0,0,0.0,,0.0,0.0,0,0.0,0.0,,nan,0.0
2018,CL,読売ジャイアンツ,31235130,田中　貴也,T.Tanaka,1.0,0.0,0.0,0.0,0.0,0.0,0.0,0.0,0.0,0.0,0.0,0,0.0,0.0,0.0,0,0.0,0.0,0.0,,,,0.0,0.0,0.0,0.0,,nan,nan,nan,nan,0.0,0.0,nan,nan,,0.0,0.0,0.0,1.0,0.0,0.0,0.0,0.0,0.0,0.0,,,0.0,0,0.0,,0.0,0.0,0,0.0,0.0,,nan,0.0
2018,CL,横浜DeNAベイスターズ,31235132,田村　丈,J.Tamura,1.0,0.0,0.0,0.0,0.0,0.0,0.0,0.0,0.0,0.0,0.0,0,0.0,0.0,0.0,0,0.0,0.0,0.0,,,,0.0,0.0,0.0,0.0,,nan,nan,nan,nan,0.0,0.0,nan,nan,,0.0,0.0,0.0,1.0,0.0,0.0,0.0,0.0,0.0,0.0,,,0.0,0,0.0,,0.0,0.0,0,0.0,0.0,,nan,0.0
2018,CL,広島東洋カープ,31235133,中﨑　翔太,S.Nakazaki,68.0,0.0,0.0,0.0,0.0,0.0,0.0,0.0,0.0,0.0,0.0,0,0.0,0.0,0.0,0,0.0,0.0,0.0,,,,0.0,0.0,0.0,0.0,,nan,nan,nan,nan,0.0,0.0,nan,nan,,0.0,0.0,0.0,68.0,0.0,0.0,0.0,0.0,0.0,0.0,,,0.0,0,0.0,,0.0,0.0,0,0.0,0.0,,nan,0.0
2018,CL,阪神タイガース,31235136,谷川　昌希,M.Tanigawa,7.0,1.0,1.0,0.0,0.0,0.0,0.0,0.0,0.0,0.0,0.0,0,0.0,0.0,0.0,0,0.0,1.0,0.0,0.0,0.0,0.0,0.0,0.0,0.0,0.0,0.0,0.0,100.0,0.0,nan,0.0,0.0,0.0,0.0,0.0,0.0,0.0,0.0,7.0,1.0,1.0,0.0,0.0,0.0,0.0,0.0,0.0,0.0,0,0.0,,0.0,0.0,0,0.0,0.0,,0.0,-0.098
2018,CL,読売ジャイアンツ,31335135,今村　信貴,N.Imamura,13.0,30.0,25.0,0.0,1.0,0.0,0.0,0.0,1.0,2.0,0.0,0,4.0,0.0,1.0,0,0.0,16.0,0.0,0.04,0.077,0.04,0.11699999999999999,1.0,0.0,0.037,0.077,3.3333333333333335,53.333333333333336,0.0625,0.1111111111111111,0.04465,90.33333333333333,0.04,0.08333333333333333,0.04,1.0,0.0,2.0,13.0,30.0,25.0,1.0,0.0,0.0,0.0,0.077,0.04,1.0,0,0.0,,1.0,0.0,0,4.0,0.0,,0.07692307692307693,-1.5220000000000002
2018,CL,広島東洋カープ,31335137,上本　崇司,T.Uemoto,59.0,13.0,11.0,8.0,1.0,0.0,0.0,0.0,1.0,0.0,6,2,1.0,0.0,1.0,0,0.0,4.0,0.0,0.091,0.167,0.091,0.258,1.0,0.0,0.07600000000000001,0.167,7.6923076923076925,30.76923076923077,0.25,0.14285714285714285,0.09790000000000001,197.33333333333334,0.2727272727272727,0.4,0.091,1.0,0.0,0.0,59.0,13.0,11.0,1.0,0.0,0.0,8.0,0.167,0.091,1.0,0,0.0,,1.0,6,2,1.0,0.0,,0.16666666666666666,0.20999999999999996
2018,CL,阪神タイガース,31335139,岩崎　優,S.Iwazaki,61.0,1.0,0.0,0.0,0.0,0.0,0.0,0.0,0.0,0.0,0.0,0,1.0,0.0,0.0,0,0.0,0.0,0.0,,,,0.0,0.0,0.0,0.0,,0.0,0.0,nan,nan,0.0,0.0,nan,nan,,0.0,0.0,0.0,61.0,1.0,0.0,0.0,0.0,0.0,0.0,,,0.0,0,0.0,,0.0,0.0,0,1.0,0.0,,nan,0.0
2018,CL,阪神タイガース,31435117,西岡　剛,T.Nishioka,25.0,43.0,40.0,4.0,5.0,3.0,0.0,0.0,8.0,1.0,0.0,0,0.0,0.0,3.0,0,0.0,10.0,0.0,0.125,0.186,0.2,0.386,2.0,0.07500000000000001,0.061,0.261,6.976744186046512,23.25581395348837,0.3,0.16666666666666666,0.13369999999999999,252.66666666666666,0.15,0.3142857142857143,0.125,5.0,0.0,1.0,25.0,43.0,40.0,2.0,3.0,0.0,4.0,0.186,0.2,3.0,0,0.0,,8.0,0.0,0,0.0,0.0,,1.4883720930232558,0.7200000000000002
2018,CL,中日ドラゴンズ,31435118,野本　圭,K.Nomoto,8.0,8.0,8.0,0.0,1.0,1.0,0.0,0.0,2.0,1.0,0.0,0,0.0,0.0,0.0,0,0.0,1.0,0.0,0.125,0.125,0.25,0.375,0.0,0.125,0.0,0.25,0.0,12.5,0.0,0.14285714285714285,0.11875,208.33333333333331,0.125,0.2857142857142857,0.125,1.0,0.0,1.0,8.0,8.0,8.0,0.0,1.0,0.0,0.0,0.125,0.25,0.0,0,0.0,,2.0,0.0,0,0.0,0.0,,0.25,0.03399999999999992
2018,CL,広島東洋カープ,31435133,福井　優也,Y.Fukui,3.0,2.0,2.0,0.0,0.0,0.0,0.0,0.0,0.0,0.0,0.0,0,0.0,0.0,0.0,0,0.0,1.0,0.0,0.0,0.0,0.0,0.0,0.0,0.0,0.0,0.0,0.0,50.0,0.0,0.0,0.0,0.0,0.0,0.0,0.0,0.0,0.0,0.0,3.0,2.0,2.0,0.0,0.0,0.0,0.0,0.0,0.0,0.0,0,0.0,,0.0,0.0,0,0.0,0.0,,0.0,-0.196
2018,CL,横浜DeNAベイスターズ,31435139,三上　朋也,T.Mikami,65.0,0.0,0.0,0.0,0.0,0.0,0.0,0.0,0.0,0.0,0.0,0,0.0,0.0,0.0,0,0.0,0.0,0.0,,,,0.0,0.0,0.0,0.0,,nan,nan,nan,nan,0.0,0.0,nan,nan,,0.0,0.0,0.0,65.0,0.0,0.0,0.0,0.0,0.0,0.0,,,0.0,0,0.0,,0.0,0.0,0,0.0,0.0,,nan,0.0
2018,CL,阪神タイガース,31535131,岡本　洋介,Y.Okamoto,34.0,5.0,5.0,1.0,1.0,0.0,0.0,0.0,1.0,0.0,0.0,0,0.0,0.0,0.0,0,0.0,3.0,0.0,0.2,0.2,0.2,0.4,1.0,0.0,0.0,0.2,0.0,60.0,0.0,0.5,0.14,266.6666666666667,0.0,0.25,0.2,1.0,0.0,0.0,34.0,5.0,5.0,1.0,0.0,0.0,1.0,0.2,0.2,0.0,0,0.0,,1.0,0.0,0,0.0,0.0,,0.2,0.10799999999999998
2018,CL,中日ドラゴンズ,31535134,笠原　祥太郎,S.Kasahara,21.0,38.0,33.0,0.0,4.0,1.0,0.0,0.0,5.0,1.0,0.0,0,4.0,0.0,1.0,0,0.0,19.0,0.0,0.121,0.147,0.152,0.299,3.0,0.031,0.025999999999999995,0.178,2.631578947368421,50.0,0.05263157894736842,0.2857142857142857,0.10414999999999999,197.66666666666666,0.06060606060606061,0.20689655172413793,0.121,4.0,0.0,1.0,21.0,38.0,33.0,3.0,1.0,0.0,0.0,0.147,0.152,1.0,0,0.0,,5.0,0.0,0,4.0,0.0,,0.7352941176470589,-0.29200000000000026
2018,CL,中日ドラゴンズ,31635114,福田　永将,N.Fukuda,133.0,487.0,440.0,50.0,115.0,22.0,1.0,13.0,178.0,63.0,0.0,0,0.0,5.0,37.0,0,5.0,119.0,13.0,0.261,0.322,0.405,0.7270000000000001,79.0,0.14400000000000002,0.061,0.466,7.597535934291582,24.435318275154007,0.31092436974789917,0.3258785942492013,0.24615,457.0,0.22727272727272727,0.650887573964497,0.261,115.0,13.0,63.0,133.0,487.0,440.0,79.0,22.0,1.0,50.0,0.322,0.405,37.0,0,5.0,,178.0,0.0,0,0.0,5.0,,56.721174004192875,57.10999999999999
2018,CL,中日ドラゴンズ,31635115,山井　大介,D.Yamai,10.0,17.0,17.0,0.0,1.0,1.0,0.0,0.0,2.0,2.0,0.0,0,0.0,0.0,0.0,0,0.0,6.0,1.0,0.059,0.059,0.118,0.177,0.0,0.059,0.0,0.118,0.0,35.294117647058826,0.0,0.09090909090909091,0.05605,98.33333333333333,0.058823529411764705,0.11764705882352941,0.059,1.0,0.0,2.0,10.0,17.0,17.0,0.0,1.0,0.0,0.0,0.059,0.118,0.0,0,0.0,,2.0,0.0,0,0.0,0.0,,0.11764705882352941,-0.8480000000000001
2018,CL,東京ヤクルトスワローズ,31635132,原　樹理,J.Hara,30.0,36.0,34.0,5.0,6.0,1.0,0.0,0.0,7.0,2.0,0.0,0,2.0,0.0,0.0,0,0.0,14.0,0.0,0.176,0.176,0.206,0.382,5.0,0.03,0.0,0.206,0.0,38.88888888888889,0.0,0.3,0.13069999999999998,244.66666666666666,0.029411764705882353,0.25,0.176,6.0,0.0,2.0,30.0,36.0,34.0,5.0,1.0,0.0,5.0,0.176,0.206,0.0,0,0.0,,7.0,0.0,0,2.0,0.0,,1.2352941176470589,0.47599999999999953
2018,CL,読売ジャイアンツ,31635134,畠　世周,S.Hatake,9.0,1.0,1.0,0.0,0.0,0.0,0.0,0.0,0.0,0.0,0.0,0,0.0,0.0,0.0,0,0.0,1.0,0.0,0.0,0.0,0.0,0.0,0.0,0.0,0.0,0.0,0.0,100.0,0.0,nan,0.0,0.0,0.0,0.0,0.0,0.0,0.0,0.0,9.0,1.0,1.0,0.0,0.0,0.0,0.0,0.0,0.0,0.0,0,0.0,,0.0,0.0,0,0.0,0.0,,0.0,-0.098
2018,CL,東京ヤクルトスワローズ,31635137,山中　浩史,H.Yamanaka,11.0,10.0,8.0,0.0,0.0,0.0,0.0,0.0,0.0,0.0,0.0,0,2.0,0.0,0.0,0,0.0,3.0,0.0,0.0,0.0,0.0,0.0,0.0,0.0,0.0,0.0,0.0,30.0,0.0,0.0,0.0,0.0,0.0,0.0,0.0,0.0,0.0,0.0,11.0,10.0,8.0,0.0,0.0,0.0,0.0,0.0,0.0,0.0,0,0.0,,0.0,0.0,0,2.0,0.0,,0.0,-0.784
2018,CL,東京ヤクルトスワローズ,31735112,川端　慎吾,S.Kawabata,97.0,334.0,297.0,22.0,77.0,9.0,1.0,3.0,97.0,31.0,1,0,1.0,1.0,32.0,0,3.0,37.0,11.0,0.259,0.336,0.327,0.663,64.0,0.068,0.07700000000000001,0.404,9.580838323353294,11.077844311377245,0.8648648648648649,0.2868217054263566,0.23295,445.0,0.1750841750841751,0.5714285714285714,0.259,77.0,3.0,31.0,97.0,334.0,297.0,64.0,9.0,1.0,22.0,0.336,0.327,32.0,0,3.0,,97.0,1,0,1.0,1.0,,32.13677811550152,33.83
2018,CL,阪神タイガース,31735116,桑原　謙太朗,K.Kuwahara,62.0,0.0,0.0,0.0,0.0,0.0,0.0,0.0,0.0,0.0,0.0,0,0.0,0.0,0.0,0,0.0,0.0,0.0,,,,0.0,0.0,0.0,0.0,,nan,nan,nan,nan,0.0,0.0,nan,nan,,0.0,0.0,0.0,62.0,0.0,0.0,0.0,0.0,0.0,0.0,,,0.0,0,0.0,,0.0,0.0,0,0.0,0.0,,nan,0.0
2018,CL,中日ドラゴンズ,31735132,木下　拓哉,T.Kinoshita,16.0,28.0,25.0,4.0,3.0,1.0,0.0,1.0,7.0,2.0,0.0,0,0.0,0.0,3.0,0,0.0,9.0,0.0,0.12,0.214,0.28,0.494,1.0,0.16000000000000003,0.094,0.374,10.714285714285714,32.142857142857146,0.3333333333333333,0.13333333333333333,0.1663,307.33333333333337,0.28,0.45454545454545453,0.12,3.0,1.0,2.0,16.0,28.0,25.0,1.0,1.0,0.0,4.0,0.214,0.28,3.0,0,0.0,,7.0,0.0,0,0.0,0.0,,1.5,1.4940000000000002
2018,CL,読売ジャイアンツ,31735136,鍬原　拓也,T.Kuwahara,6.0,5.0,5.0,0.0,0.0,0.0,0.0,0.0,0.0,0.0,0.0,0,0.0,0.0,0.0,0,0.0,4.0,0.0,0.0,0.0,0.0,0.0,0.0,0.0,0.0,0.0,0.0,80.0,0.0,0.0,0.0,0.0,0.0,0.0,0.0,0.0,0.0,0.0,6.0,5.0,5.0,0.0,0.0,0.0,0.0,0.0,0.0,0.0,0,0.0,,0.0,0.0,0,0.0,0.0,,0.0,-0.49
2018,CL,横浜DeNAベイスターズ,31835134,細川　成也,S.Hosokawa,11.0,22.0,18.0,2.0,4.0,1.0,0.0,1.0,8.0,2.0,0.0,0,0.0,0.0,3.0,0,1.0,11.0,0.0,0.222,0.364,0.444,0.808,2.0,0.222,0.142,0.586,13.636363636363635,50.0,0.2727272727272727,0.5,0.2748,512.0,0.3888888888888889,0.8571428571428571,0.222,4.0,1.0,2.0,11.0,22.0,18.0,2.0,1.0,0.0,2.0,0.364,0.444,3.0,0,1.0,,8.0,0.0,0,0.0,0.0,,2.6666666666666665,3.1080000000000005
2018,CL,横浜DeNAベイスターズ,31935139,関根　大気,T.Sekine,29.0,26.0,25.0,4.0,7.0,2.0,1.0,0.0,11.0,3.0,2.0,2,1.0,0.0,0.0,0,0.0,6.0,0.0,0.28,0.28,0.44,0.72,4.0,0.15999999999999998,0.0,0.44,0.0,23.076923076923077,0.0,0.3684210526315789,0.23600000000000004,426.6666666666667,0.24,0.7222222222222222,0.28,7.0,0.0,3.0,29.0,26.0,25.0,4.0,2.0,1.0,4.0,0.28,0.44,0.0,0,0.0,,11.0,2.0,2,1.0,0.0,,3.08,3.0760000000000005
2018,CL,東京ヤクルトスワローズ,33135132,山崎　晃大朗,K.Yamasaki,23.0,47.0,38.0,7.0,7.0,0.0,1.0,0.0,9.0,0.0,1.0,1,3.0,0.0,6.0,0,0.0,12.0,1.0,0.184,0.295,0.237,0.532,6.0,0.05299999999999999,0.11099999999999999,0.348,12.76595744680851,25.53191489361702,0.5,0.2692307692307692,0.192,374.0,0.23684210526315788,0.5,0.184,7.0,0.0,0.0,23.0,47.0,38.0,6.0,0.0,1.0,7.0,0.295,0.237,6.0,0,0.0,,9.0,1.0,1,3.0,0.0,,2.659090909090909,3.161999999999999
2018,CL,中日ドラゴンズ,33535136,O.ガルシア,O.Garcia,27.0,56.0,54.0,1.0,7.0,0.0,0.0,0.0,7.0,2.0,0.0,0,2.0,0.0,0.0,0,0.0,20.0,2.0,0.13,0.13,0.13,0.26,7.0,0.0,0.0,0.13,0.0,35.714285714285715,0.0,0.20588235294117646,0.091,173.33333333333334,0.0,0.14285714285714285,0.13,7.0,0.0,2.0,27.0,56.0,54.0,7.0,0.0,0.0,1.0,0.13,0.13,0.0,0,0.0,,7.0,0.0,0,2.0,0.0,,0.9074074074074074,-1.1059999999999999
2018,CL,読売ジャイアンツ,33935134,C.C.メルセデス,C.Mercedes,13.0,34.0,32.0,0.0,1.0,1.0,0.0,0.0,2.0,1.0,0.0,0,2.0,0.0,0.0,0,0.0,20.0,0.0,0.031,0.031,0.062,0.093,0.0,0.031,0.0,0.062,0.0,58.82352941176471,0.0,0.08333333333333333,0.02945,51.666666666666664,0.03125,0.06451612903225806,0.031,1.0,0.0,1.0,13.0,34.0,32.0,0.0,1.0,0.0,0.0,0.031,0.062,0.0,0,0.0,,2.0,0.0,0,2.0,0.0,,0.0625,-2.3180000000000005
2018,CL,阪神タイガース,3505132,R.ドリス,R.Dolis,55.0,0.0,0.0,0.0,0.0,0.0,0.0,0.0,0.0,0.0,0.0,0,0.0,0.0,0.0,0,0.0,0.0,0.0,,,,0.0,0.0,0.0,0.0,,nan,nan,nan,nan,0.0,0.0,nan,nan,,0.0,0.0,0.0,55.0,0.0,0.0,0.0,0.0,0.0,0.0,,,0.0,0,0.0,,0.0,0.0,0,0.0,0.0,,nan,0.0
2018,CL,横浜DeNAベイスターズ,3505136,N.ソト,N.Soto,107.0,459.0,416.0,74.0,129.0,16.0,0.0,41.0,268.0,95.0,1.0,0,0.0,5.0,29.0,0,9.0,100.0,5.0,0.31,0.364,0.644,1.008,72.0,0.334,0.05399999999999999,0.698,6.318082788671024,21.78649237472767,0.29,0.3142857142857143,0.3248,578.6666666666666,0.40625,1.0513698630136987,0.31,129.0,41.0,95.0,107.0,459.0,416.0,72.0,16.0,0.0,74.0,0.364,0.644,29.0,0,9.0,,268.0,1.0,0,0.0,5.0,,95.15505617977529,91.15400000000001
2018,CL,横浜DeNAベイスターズ,3705134,S.パットン,S.Patton,58.0,2.0,2.0,0.0,0.0,0.0,0.0,0.0,0.0,0.0,0.0,0,0.0,0.0,0.0,0,0.0,2.0,0.0,0.0,0.0,0.0,0.0,0.0,0.0,0.0,0.0,0.0,100.0,0.0,nan,0.0,0.0,0.0,0.0,0.0,0.0,0.0,0.0,58.0,2.0,2.0,0.0,0.0,0.0,0.0,0.0,0.0,0.0,0,0.0,,0.0,0.0,0,0.0,0.0,,0.0,-0.196
2018,CL,東京ヤクルトスワローズ,3905136,J.ウルキデス,J.Urquidez,5.0,0.0,0.0,0.0,0.0,0.0,0.0,0.0,0.0,0.0,0.0,0,0.0,0.0,0.0,0,0.0,0.0,0.0,,,,0.0,0.0,0.0,0.0,,nan,nan,nan,nan,0.0,0.0,nan,nan,,0.0,0.0,0.0,5.0,0.0,0.0,0.0,0.0,0.0,0.0,,,0.0,0,0.0,,0.0,0.0,0,0.0,0.0,,nan,0.0
2018,CL,横浜DeNAベイスターズ,41045118,中川　大志,T.Nakagawa,47.0,62.0,57.0,3.0,13.0,4.0,0.0,2.0,23.0,7.0,0.0,0,0.0,0.0,5.0,0,0.0,21.0,3.0,0.228,0.29,0.404,0.694,7.0,0.17600000000000002,0.06199999999999997,0.4659999999999999,8.064516129032258,33.87096774193548,0.23809523809523808,0.3235294117647059,0.2315,424.66666666666663,0.2631578947368421,0.5957446808510638,0.228,13.0,2.0,7.0,47.0,62.0,57.0,7.0,4.0,0.0,3.0,0.29,0.404,5.0,0,0.0,,23.0,0.0,0,0.0,0.0,,6.67741935483871,6.598
2018,CL,東京ヤクルトスワローズ,41045135,田代　将太郎,S.Tashiro,73.0,36.0,31.0,16.0,10.0,0.0,0.0,1.0,13.0,2.0,4,3,1.0,0.0,4.0,0,0.0,9.0,0.0,0.323,0.4,0.419,0.819,9.0,0.09599999999999997,0.07700000000000001,0.496,11.11111111111111,25.0,0.4444444444444444,0.42857142857142855,0.28475,539.6666666666667,0.3225806451612903,0.9523809523809523,0.323,10.0,1.0,2.0,73.0,36.0,31.0,9.0,0.0,0.0,16.0,0.4,0.419,4.0,0,0.0,,13.0,4,3,1.0,0.0,,5.2,5.741999999999999
2018,CL,阪神タイガース,41045137,藤浪　晋太郎,S.Fujinami,13.0,26.0,23.0,2.0,4.0,2.0,0.0,1.0,9.0,5.0,0.0,0,2.0,0.0,1.0,0,0.0,15.0,0.0,0.174,0.208,0.391,0.599,1.0,0.21700000000000003,0.034,0.425,3.8461538461538463,57.692307692307686,0.06666666666666667,0.42857142857142855,0.19135000000000002,338.3333333333333,0.2608695652173913,0.5263157894736842,0.174,4.0,1.0,5.0,13.0,26.0,23.0,1.0,2.0,0.0,2.0,0.208,0.391,1.0,0,0.0,,9.0,0.0,0,2.0,0.0,,1.875,1.8479999999999999
2018,CL,中日ドラゴンズ,41145130,石川　駿,S.Ishikawa,1.0,1.0,1.0,0.0,0.0,0.0,0.0,0.0,0.0,0.0,0.0,0,0.0,0.0,0.0,0,0.0,0.0,0.0,0.0,0.0,0.0,0.0,0.0,0.0,0.0,0.0,0.0,0.0,nan,0.0,0.0,0.0,0.0,0.0,0.0,0.0,0.0,0.0,1.0,1.0,1.0,0.0,0.0,0.0,0.0,0.0,0.0,0.0,0,0.0,,0.0,0.0,0,0.0,0.0,,0.0,-0.098
2018,CL,阪神タイガース,41145135,伊藤　和雄,K.Itou,14.0,0.0,0.0,0.0,0.0,0.0,0.0,0.0,0.0,0.0,0.0,0,0.0,0.0,0.0,0,0.0,0.0,0.0,,,,0.0,0.0,0.0,0.0,,nan,nan,nan,nan,0.0,0.0,nan,nan,,0.0,0.0,0.0,14.0,0.0,0.0,0.0,0.0,0.0,0.0,,,0.0,0,0.0,,0.0,0.0,0,0.0,0.0,,nan,0.0
2018,CL,横浜DeNAベイスターズ,41245132,戸柱　恭孝,Y.Tobashira,25.0,59.0,56.0,5.0,10.0,2.0,0.0,1.0,15.0,6.0,0.0,0,1.0,0.0,2.0,0,0.0,9.0,3.0,0.179,0.207,0.268,0.475,7.0,0.08900000000000002,0.027999999999999997,0.296,3.389830508474576,15.254237288135593,0.2222222222222222,0.1956521739130435,0.16015000000000001,296.3333333333333,0.125,0.3469387755102041,0.179,10.0,1.0,6.0,25.0,59.0,56.0,7.0,2.0,0.0,5.0,0.207,0.268,2.0,0,0.0,,15.0,0.0,0,1.0,0.0,,3.103448275862069,2.531999999999999
2018,CL,東京ヤクルトスワローズ,41245133,西田　明央,A.Nishida,4.0,7.0,7.0,1.0,1.0,0.0,0.0,0.0,1.0,0.0,0.0,0,0.0,0.0,0.0,0,0.0,2.0,0.0,0.143,0.143,0.143,0.286,1.0,0.0,0.0,0.143,0.0,28.57142857142857,0.0,0.2,0.1001,190.66666666666666,0.0,0.16666666666666666,0.143,1.0,0.0,0.0,4.0,7.0,7.0,1.0,0.0,0.0,1.0,0.143,0.143,0.0,0,0.0,,1.0,0.0,0,0.0,0.0,,0.14285714285714285,-0.08800000000000008
2018,CL,横浜DeNAベイスターズ,41245137,三嶋　一輝,K.Mishima,61.0,1.0,1.0,0.0,0.0,0.0,0.0,0.0,0.0,0.0,0.0,0,0.0,0.0,0.0,0,0.0,0.0,0.0,0.0,0.0,0.0,0.0,0.0,0.0,0.0,0.0,0.0,0.0,nan,0.0,0.0,0.0,0.0,0.0,0.0,0.0,0.0,0.0,61.0,1.0,1.0,0.0,0.0,0.0,0.0,0.0,0.0,0.0,0,0.0,,0.0,0.0,0,0.0,0.0,,0.0,-0.098
2018,CL,中日ドラゴンズ,41345130,遠藤　一星,I.Endou,2.0,1.0,1.0,0.0,0.0,0.0,0.0,0.0,0.0,0.0,0.0,0,0.0,0.0,0.0,0,0.0,0.0,0.0,0.0,0.0,0.0,0.0,0.0,0.0,0.0,0.0,0.0,0.0,nan,0.0,0.0,0.0,0.0,0.0,0.0,0.0,0.0,0.0,2.0,1.0,1.0,0.0,0.0,0.0,0.0,0.0,0.0,0.0,0,0.0,,0.0,0.0,0,0.0,0.0,,0.0,-0.098
2018,CL,横浜DeNAベイスターズ,41345135,乙坂　智,T.Otosaka,73.0,109.0,93.0,16.0,19.0,2.0,0.0,0.0,21.0,7.0,3.0,3,2.0,2.0,12.0,0,0.0,22.0,0.0,0.204,0.29,0.226,0.516,17.0,0.02200000000000002,0.086,0.312,11.009174311926607,20.18348623853211,0.5454545454545454,0.2602739726027397,0.187,365.3333333333333,0.1827956989247312,0.4864864864864865,0.204,19.0,0.0,7.0,73.0,109.0,93.0,17.0,2.0,0.0,16.0,0.29,0.226,12.0,0,0.0,,21.0,3.0,3,2.0,2.0,,6.2,7.187999999999997
2018,CL,阪神タイガース,41445136,馬場　皐輔,K.Baba,2.0,2.0,2.0,0.0,0.0,0.0,0.0,0.0,0.0,0.0,0.0,0,0.0,0.0,0.0,0,0.0,1.0,0.0,0.0,0.0,0.0,0.0,0.0,0.0,0.0,0.0,0.0,50.0,0.0,0.0,0.0,0.0,0.0,0.0,0.0,0.0,0.0,0.0,2.0,2.0,2.0,0.0,0.0,0.0,0.0,0.0,0.0,0.0,0,0.0,,0.0,0.0,0,0.0,0.0,,0.0,-0.196
2018,CL,中日ドラゴンズ,41545110,工藤　隆人,T.Kudou,73.0,17.0,15.0,17.0,2.0,0.0,0.0,0.0,2.0,1.0,3,1,1.0,0.0,0.0,0,1.0,7.0,0.0,0.133,0.188,0.133,0.321,2.0,0.0,0.05499999999999999,0.188,0.0,41.17647058823529,0.0,0.25,0.11785000000000001,232.33333333333334,0.06666666666666667,0.3076923076923077,0.133,2.0,0.0,1.0,73.0,17.0,15.0,2.0,0.0,0.0,17.0,0.188,0.133,0.0,0,1.0,,2.0,3,1,1.0,0.0,,0.26666666666666666,0.236
2018,CL,中日ドラゴンズ,41545134,木下　雄介,Y.Kinoshita,14.0,0.0,0.0,0.0,0.0,0.0,0.0,0.0,0.0,0.0,0.0,0,0.0,0.0,0.0,0,0.0,0.0,0.0,,,,0.0,0.0,0.0,0.0,,nan,nan,nan,nan,0.0,0.0,nan,nan,,0.0,0.0,0.0,14.0,0.0,0.0,0.0,0.0,0.0,0.0,,,0.0,0,0.0,,0.0,0.0,0,0.0,0.0,,nan,0.0
2018,CL,中日ドラゴンズ,41645132,福　敬登,H.Fuku,1.0,0.0,0.0,0.0,0.0,0.0,0.0,0.0,0.0,0.0,0.0,0,0.0,0.0,0.0,0,0.0,0.0,0.0,,,,0.0,0.0,0.0,0.0,,nan,nan,nan,nan,0.0,0.0,nan,nan,,0.0,0.0,0.0,1.0,0.0,0.0,0.0,0.0,0.0,0.0,,,0.0,0,0.0,,0.0,0.0,0,0.0,0.0,,nan,0.0
2018,CL,阪神タイガース,41745134,才木　浩人,H.Saiki,22.0,25.0,20.0,0.0,2.0,0.0,0.0,0.0,2.0,1.0,0.0,0,3.0,0.0,1.0,0,1.0,16.0,0.0,0.1,0.182,0.1,0.28200000000000003,2.0,0.0,0.08199999999999999,0.182,4.0,64.0,0.0625,0.5,0.1069,215.33333333333331,0.05,0.2222222222222222,0.1,2.0,0.0,1.0,22.0,25.0,20.0,2.0,0.0,0.0,0.0,0.182,0.1,1.0,0,1.0,,2.0,0.0,0,3.0,0.0,,0.2857142857142857,-0.10399999999999987
2018,CL,読売ジャイアンツ,41745137,菅野　智之,T.Sugano,28.0,69.0,54.0,6.0,7.0,1.0,0.0,1.0,11.0,4.0,0.0,0,14.0,0.0,1.0,0,0.0,21.0,3.0,0.13,0.145,0.204,0.349,5.0,0.07399999999999998,0.014999999999999986,0.2189999999999999,1.4492753623188406,30.434782608695656,0.047619047619047616,0.1875,0.11624999999999999,212.99999999999997,0.09259259259259259,0.24,0.13,7.0,1.0,4.0,28.0,69.0,54.0,5.0,1.0,0.0,6.0,0.145,0.204,1.0,0,0.0,,11.0,0.0,0,14.0,0.0,,1.6,0.38400000000000034
2018,CL,中日ドラゴンズ,41845112,吉見　一起,K.Yoshimi,20.0,39.0,33.0,0.0,1.0,0.0,0.0,0.0,1.0,1.0,0.0,0,5.0,0.0,1.0,0,0.0,19.0,0.0,0.03,0.059,0.03,0.089,1.0,0.0,0.028999999999999998,0.059,2.564102564102564,48.717948717948715,0.05263157894736842,0.07142857142857142,0.03405,68.99999999999999,0.030303030303030304,0.0625,0.03,1.0,0.0,1.0,20.0,39.0,33.0,1.0,0.0,0.0,0.0,0.059,0.03,1.0,0,0.0,,1.0,0.0,0,5.0,0.0,,0.058823529411764705,-2.306
2018,CL,読売ジャイアンツ,41845114,吉川　光夫,M.Yoshikawa,23.0,33.0,27.0,2.0,1.0,0.0,0.0,0.0,1.0,0.0,0.0,0,6.0,0.0,0.0,0,0.0,15.0,0.0,0.037,0.037,0.037,0.074,1.0,0.0,0.0,0.037,0.0,45.45454545454545,0.0,0.08333333333333333,0.0259,49.333333333333336,0.0,0.038461538461538464,0.037,1.0,0.0,0.0,23.0,33.0,27.0,1.0,0.0,0.0,2.0,0.037,0.037,0.0,0,0.0,,1.0,0.0,0,6.0,0.0,,0.037037037037037035,-2.048
2018,CL,横浜DeNAベイスターズ,41845130,山﨑　康晃,Y.Yamasaki,57.0,0.0,0.0,0.0,0.0,0.0,0.0,0.0,0.0,0.0,0.0,0,0.0,0.0,0.0,0,0.0,0.0,0.0,,,,0.0,0.0,0.0,0.0,,nan,nan,nan,nan,0.0,0.0,nan,nan,,0.0,0.0,0.0,57.0,0.0,0.0,0.0,0.0,0.0,0.0,,,0.0,0,0.0,,0.0,0.0,0,0.0,0.0,,nan,0.0
2018,CL,東京ヤクルトスワローズ,41845136,村上　宗隆,M.Murakami,6.0,14.0,12.0,1.0,1.0,0.0,0.0,1.0,4.0,2.0,0.0,0,0.0,0.0,2.0,0,0.0,5.0,0.0,0.083,0.214,0.333,0.547,0.0,0.25,0.131,0.4639999999999999,14.285714285714285,35.714285714285715,0.4,0.0,0.17955,325.0,0.4166666666666667,0.5454545454545454,0.083,1.0,1.0,2.0,6.0,14.0,12.0,0.0,0.0,0.0,1.0,0.214,0.333,2.0,0,0.0,,4.0,0.0,0,0.0,0.0,,0.8571428571428571,1.022
2018,CL,横浜DeNAベイスターズ,41945131,筒香　嘉智,Y.Tsutsugou,139.0,580.0,495.0,77.0,146.0,33.0,1.0,38.0,295.0,89.0,0.0,0,0.0,3.0,80.0,0,2.0,107.0,10.0,0.295,0.393,0.596,0.989,74.0,0.301,0.09800000000000003,0.694,13.793103448275861,18.448275862068968,0.7476635514018691,0.3059490084985836,0.32585,591.6666666666666,0.4626262626262626,1.0501392757660166,0.295,146.0,38.0,89.0,139.0,580.0,495.0,74.0,33.0,1.0,77.0,0.393,0.596,80.0,0,2.0,,295.0,0.0,0,0.0,3.0,,115.94782608695652,109.37799999999999
2018,CL,横浜DeNAベイスターズ,41945132,柴田　竜拓,T.Shibata,113.0,265.0,224.0,32.0,49.0,6.0,0.0,3.0,64.0,13.0,2,1,6.0,0.0,30.0,0,5.0,45.0,3.0,0.219,0.324,0.286,0.61,40.0,0.06699999999999998,0.10500000000000001,0.391,11.320754716981133,16.9811320754717,0.6666666666666666,0.26136363636363635,0.2173,419.3333333333333,0.20535714285714285,0.5617977528089888,0.219,49.0,3.0,13.0,113.0,265.0,224.0,40.0,6.0,0.0,32.0,0.324,0.286,30.0,0,5.0,,64.0,2,1,6.0,0.0,,19.905511811023622,23.219999999999995
2018,CL,読売ジャイアンツ,41945139,田口　麗斗,K.Taguchi,16.0,25.0,20.0,1.0,4.0,1.0,0.0,0.0,5.0,1.0,0.0,0,3.0,0.0,2.0,0,0.0,8.0,1.0,0.2,0.273,0.25,0.523,3.0,0.04999999999999999,0.07300000000000001,0.323,8.0,32.0,0.25,0.3333333333333333,0.18535000000000001,356.3333333333333,0.15,0.4117647058823529,0.2,4.0,0.0,1.0,16.0,25.0,20.0,3.0,1.0,0.0,1.0,0.273,0.25,2.0,0,0.0,,5.0,0.0,0,3.0,0.0,,1.3636363636363635,1.3119999999999998
2018,CL,中日ドラゴンズ,43345136,Z.アルモンテ,Z.Almonte,132.0,546.0,498.0,56.0,160.0,37.0,0.0,15.0,242.0,77.0,1.0,1,0.0,3.0,44.0,0,1.0,95.0,16.0,0.321,0.375,0.486,0.861,108.0,0.16499999999999998,0.05399999999999999,0.54,8.058608058608058,17.399267399267398,0.4631578947368421,0.37084398976982097,0.29025,537.0,0.25502008032128515,0.8135593220338984,0.321,160.0,15.0,77.0,132.0,546.0,498.0,108.0,37.0,0.0,56.0,0.375,0.486,44.0,0,1.0,,242.0,1.0,1,0.0,3.0,,91.08487084870849,84.14600000000002
2018,CL,読売ジャイアンツ,43545134,A.ゲレーロ,A.Guerrero,82.0,323.0,287.0,34.0,70.0,17.0,0.0,15.0,132.0,40.0,2,3,0.0,1.0,29.0,0,6.0,62.0,8.0,0.244,0.325,0.46,0.785,38.0,0.21600000000000003,0.08100000000000002,0.541,8.978328173374612,19.195046439628484,0.46774193548387094,0.26066350710900477,0.26125000000000004,478.33333333333337,0.32752613240418116,0.7555555555555555,0.244,70.0,15.0,40.0,82.0,323.0,287.0,38.0,17.0,0.0,34.0,0.325,0.46,29.0,0,6.0,,132.0,2,3,0.0,1.0,,41.35443037974684,43.664
2018,CL,東京ヤクルトスワローズ,43745134,D.ブキャナン,D.Buchanan,28.0,59.0,49.0,4.0,6.0,2.0,1.0,0.0,10.0,3.0,0.0,0,9.0,0.0,0.0,0,1.0,23.0,1.0,0.122,0.14,0.204,0.344,3.0,0.08199999999999999,0.018000000000000016,0.222,0.0,38.983050847457626,0.0,0.23076923076923078,0.11400000000000002,208.00000000000003,0.08163265306122448,0.25,0.122,6.0,0.0,3.0,28.0,59.0,49.0,3.0,2.0,1.0,4.0,0.14,0.204,0.0,0,1.0,,10.0,0.0,0,9.0,0.0,,1.2244897959183674,0.0959999999999992
2018,CL,広島東洋カープ,43945132,A.メヒア,A.Mejia,22.0,44.0,41.0,6.0,11.0,2.0,0.0,3.0,22.0,7.0,1.0,1,0.0,0.0,2.0,0,1.0,12.0,2.0,0.268,0.318,0.537,0.855,6.0,0.269,0.04999999999999999,0.587,4.545454545454546,27.27272727272727,0.16666666666666666,0.3076923076923077,0.27735,497.0,0.34146341463414637,0.8125,0.268,11.0,3.0,7.0,22.0,44.0,41.0,6.0,2.0,0.0,6.0,0.318,0.537,2.0,0,1.0,,22.0,1.0,1,0.0,0.0,,6.651162790697675,6.99
2018,CL,中日ドラゴンズ,51055116,谷　哲也,T.Tani,3.0,3.0,3.0,0.0,0.0,0.0,0.0,0.0,0.0,0.0,0.0,0,0.0,0.0,0.0,0,0.0,0.0,0.0,0.0,0.0,0.0,0.0,0.0,0.0,0.0,0.0,0.0,0.0,nan,0.0,0.0,0.0,0.0,0.0,0.0,0.0,0.0,0.0,3.0,3.0,3.0,0.0,0.0,0.0,0.0,0.0,0.0,0.0,0,0.0,,0.0,0.0,0,0.0,0.0,,0.0,-0.29400000000000004
2018,CL,東京ヤクルトスワローズ,51055131,中澤　雅人,M.Nakazawa,37.0,0.0,0.0,0.0,0.0,0.0,0.0,0.0,0.0,0.0,0.0,0,0.0,0.0,0.0,0,0.0,0.0,0.0,,,,0.0,0.0,0.0,0.0,,nan,nan,nan,nan,0.0,0.0,nan,nan,,0.0,0.0,0.0,37.0,0.0,0.0,0.0,0.0,0.0,0.0,,,0.0,0,0.0,,0.0,0.0,0,0.0,0.0,,nan,0.0
2018,CL,東京ヤクルトスワローズ,51055132,高橋　奎二,K.Takahashi,3.0,3.0,3.0,0.0,0.0,0.0,0.0,0.0,0.0,0.0,0.0,0,0.0,0.0,0.0,0,0.0,2.0,0.0,0.0,0.0,0.0,0.0,0.0,0.0,0.0,0.0,0.0,66.66666666666666,0.0,0.0,0.0,0.0,0.0,0.0,0.0,0.0,0.0,0.0,3.0,3.0,3.0,0.0,0.0,0.0,0.0,0.0,0.0,0.0,0,0.0,,0.0,0.0,0,0.0,0.0,,0.0,-0.29400000000000004
2018,CL,阪神タイガース,51055133,島本　浩也,H.Shimamoto,1.0,0.0,0.0,0.0,0.0,0.0,0.0,0.0,0.0,0.0,0.0,0,0.0,0.0,0.0,0,0.0,0.0,0.0,,,,0.0,0.0,0.0,0.0,,nan,nan,nan,nan,0.0,0.0,nan,nan,,0.0,0.0,0.0,1.0,0.0,0.0,0.0,0.0,0.0,0.0,,,0.0,0,0.0,,0.0,0.0,0,0.0,0.0,,nan,0.0
2018,CL,横浜DeNAベイスターズ,51055135,髙城　俊人,S.Takajou,28.0,75.0,66.0,7.0,9.0,1.0,0.0,0.0,10.0,3.0,2,0,4.0,1.0,2.0,0,2.0,25.0,1.0,0.136,0.183,0.152,0.33499999999999996,8.0,0.015999999999999986,0.046999999999999986,0.1989999999999999,2.666666666666667,33.33333333333333,0.08,0.21428571428571427,0.12035000000000001,233.66666666666666,0.045454545454545456,0.2413793103448276,0.136,9.0,0.0,3.0,28.0,75.0,66.0,8.0,1.0,0.0,7.0,0.183,0.152,2.0,0,2.0,,10.0,2,0,4.0,1.0,,1.6176470588235294,0.45399999999999974
2018,CL,阪神タイガース,51155131,秋山　拓巳,T.Akiyama,17.0,31.0,29.0,2.0,5.0,0.0,0.0,1.0,8.0,4.0,0.0,0,2.0,0.0,0.0,0,0.0,16.0,0.0,0.172,0.172,0.276,0.448,4.0,0.10400000000000004,0.0,0.276,0.0,51.61290322580645,0.0,0.3333333333333333,0.1464,264.0,0.10344827586206896,0.3333333333333333,0.172,5.0,1.0,4.0,17.0,31.0,29.0,4.0,0.0,0.0,2.0,0.172,0.276,0.0,0,0.0,,8.0,0.0,0,2.0,0.0,,1.3793103448275863,1.0879999999999996
2018,CL,横浜DeNAベイスターズ,51155136,東　克樹,K.Azuma,24.0,54.0,45.0,0.0,4.0,1.0,0.0,0.0,5.0,1.0,0.0,0,8.0,0.0,1.0,0,0.0,24.0,1.0,0.089,0.109,0.111,0.22,3.0,0.022000000000000006,0.020000000000000004,0.131,1.8518518518518516,44.44444444444444,0.041666666666666664,0.19047619047619047,0.07680000000000001,146.0,0.044444444444444446,0.14285714285714285,0.089,4.0,0.0,1.0,24.0,54.0,45.0,3.0,1.0,0.0,0.0,0.109,0.111,1.0,0,0.0,,5.0,0.0,0,8.0,0.0,,0.5434782608695652,-1.468
2018,CL,東京ヤクルトスワローズ,51255118,中村　悠平,Y.Nakamura,123.0,401.0,341.0,32.0,72.0,9.0,1.0,5.0,98.0,26.0,2,0,22.0,2.0,31.0,0,5.0,39.0,7.0,0.211,0.285,0.287,0.572,57.0,0.07599999999999998,0.07399999999999998,0.361,7.73067331670823,9.72568578553616,0.7948717948717948,0.22408026755852842,0.2,380.66666666666663,0.16715542521994134,0.4855072463768116,0.211,72.0,5.0,26.0,123.0,401.0,341.0,57.0,9.0,1.0,32.0,0.285,0.287,31.0,0,5.0,,98.0,2,0,22.0,2.0,,27.134408602150536,28.738
2018,CL,阪神タイガース,51255131,俊介,S.Shunsuke（fujikawa,87.0,200.0,183.0,25.0,41.0,5.0,1.0,2.0,54.0,21.0,1,0,6.0,0.0,11.0,0,0.0,29.0,4.0,0.224,0.268,0.295,0.563,33.0,0.07099999999999998,0.04400000000000001,0.3389999999999999,5.5,14.499999999999998,0.3793103448275862,0.2565789473684211,0.19435000000000002,366.33333333333337,0.13114754098360656,0.4452054794520548,0.224,41.0,2.0,21.0,87.0,200.0,183.0,33.0,5.0,1.0,25.0,0.268,0.295,11.0,0,0.0,,54.0,1,0,6.0,0.0,,14.474226804123711,13.733999999999998
2018,CL,阪神タイガース,51255133,中谷　将大,M.Nakatani,77.0,246.0,222.0,24.0,51.0,6.0,2.0,5.0,76.0,26.0,0,1,1.0,3.0,17.0,0,2.0,65.0,5.0,0.23,0.287,0.342,0.629,38.0,0.11200000000000002,0.05699999999999997,0.399,6.910569105691057,26.422764227642276,0.26153846153846155,0.2967741935483871,0.21465,400.99999999999994,0.19369369369369369,0.5454545454545454,0.23,51.0,5.0,26.0,77.0,246.0,222.0,38.0,6.0,2.0,24.0,0.287,0.342,17.0,0,2.0,,76.0,0,1,1.0,3.0,,21.623430962343097,22.291999999999998
2018,CL,読売ジャイアンツ,51255134,谷岡　竜平,T.Tanioka,25.0,1.0,1.0,0.0,0.0,0.0,0.0,0.0,0.0,0.0,0.0,0,0.0,0.0,0.0,0,0.0,1.0,0.0,0.0,0.0,0.0,0.0,0.0,0.0,0.0,0.0,0.0,100.0,0.0,nan,0.0,0.0,0.0,0.0,0.0,0.0,0.0,0.0,25.0,1.0,1.0,0.0,0.0,0.0,0.0,0.0,0.0,0.0,0,0.0,,0.0,0.0,0,0.0,0.0,,0.0,-0.098
2018,CL,横浜DeNAベイスターズ,51255139,平田　真吾,S.Hirata,17.0,3.0,2.0,0.0,0.0,0.0,0.0,0.0,0.0,0.0,0.0,0,1.0,0.0,0.0,0,0.0,1.0,0.0,0.0,0.0,0.0,0.0,0.0,0.0,0.0,0.0,0.0,33.33333333333333,0.0,0.0,0.0,0.0,0.0,0.0,0.0,0.0,0.0,0.0,17.0,3.0,2.0,0.0,0.0,0.0,0.0,0.0,0.0,0.0,0,0.0,,0.0,0.0,0,1.0,0.0,,0.0,-0.196
2018,CL,阪神タイガース,51355112,岩田　稔,M.Iwata,6.0,8.0,7.0,0.0,0.0,0.0,0.0,0.0,0.0,0.0,0.0,0,0.0,0.0,1.0,0,0.0,6.0,1.0,0.0,0.125,0.0,0.125,0.0,0.0,0.125,0.125,12.5,75.0,0.16666666666666666,0.0,0.05625,125.0,0.14285714285714285,0.125,0.0,0.0,0.0,0.0,6.0,8.0,7.0,0.0,0.0,0.0,0.0,0.125,0.0,1.0,0,0.0,,0.0,0.0,0,0.0,0.0,,0.0,-0.35600000000000004
2018,CL,広島東洋カープ,51355115,石原　慶幸,Y.Ishihara,58.0,107.0,96.0,6.0,17.0,1.0,0.0,1.0,21.0,7.0,0.0,0,4.0,1.0,5.0,0,1.0,27.0,4.0,0.177,0.223,0.219,0.442,15.0,0.04200000000000001,0.04600000000000001,0.265,4.672897196261682,25.233644859813083,0.18518518518518517,0.2318840579710145,0.15510000000000002,296.0,0.09375,0.3253012048192771,0.177,17.0,1.0,7.0,58.0,107.0,96.0,15.0,1.0,0.0,6.0,0.223,0.219,5.0,0,1.0,,21.0,0.0,0,4.0,1.0,,4.574257425742574,3.8980000000000006
2018,CL,広島東洋カープ,51355131,今村　猛,T.Imamura,43.0,0.0,0.0,0.0,0.0,0.0,0.0,0.0,0.0,0.0,0.0,0,0.0,0.0,0.0,0,0.0,0.0,0.0,,,,0.0,0.0,0.0,0.0,,nan,nan,nan,nan,0.0,0.0,nan,nan,,0.0,0.0,0.0,43.0,0.0,0.0,0.0,0.0,0.0,0.0,,,0.0,0,0.0,,0.0,0.0,0,0.0,0.0,,nan,0.0
2018,CL,東京ヤクルトスワローズ,51355134,梅野　雄吾,Y.Umeno,29.0,0.0,0.0,0.0,0.0,0.0,0.0,0.0,0.0,0.0,0.0,0,0.0,0.0,0.0,0,0.0,0.0,0.0,,,,0.0,0.0,0.0,0.0,,nan,nan,nan,nan,0.0,0.0,nan,nan,,0.0,0.0,0.0,29.0,0.0,0.0,0.0,0.0,0.0,0.0,,,0.0,0,0.0,,0.0,0.0,0,0.0,0.0,,nan,0.0
2018,CL,阪神タイガース,51355139,岩貞　祐太,Y.Iwasada,23.0,42.0,36.0,0.0,0.0,0.0,0.0,0.0,0.0,0.0,0.0,0,2.0,0.0,4.0,0,0.0,23.0,0.0,0.0,0.1,0.0,0.1,0.0,0.0,0.1,0.1,9.523809523809524,54.761904761904766,0.17391304347826086,0.0,0.045000000000000005,100.0,0.1111111111111111,0.1111111111111111,0.0,0.0,0.0,0.0,23.0,42.0,36.0,0.0,0.0,0.0,0.0,0.1,0.0,4.0,0,0.0,,0.0,0.0,0,2.0,0.0,,0.0,-2.208
2018,CL,東京ヤクルトスワローズ,51455110,松岡　健一,K.Matsuoka,14.0,0.0,0.0,0.0,0.0,0.0,0.0,0.0,0.0,0.0,0.0,0,0.0,0.0,0.0,0,0.0,0.0,0.0,,,,0.0,0.0,0.0,0.0,,nan,nan,nan,nan,0.0,0.0,nan,nan,,0.0,0.0,0.0,14.0,0.0,0.0,0.0,0.0,0.0,0.0,,,0.0,0,0.0,,0.0,0.0,0,0.0,0.0,,nan,0.0
2018,CL,中日ドラゴンズ,51455112,藤井　淳志,A.Fujii,96.0,162.0,145.0,21.0,35.0,8.0,0.0,3.0,52.0,30.0,0.0,0,0.0,5.0,12.0,0,0.0,36.0,1.0,0.241,0.29,0.359,0.649,24.0,0.118,0.04899999999999999,0.408,7.4074074074074066,22.22222222222222,0.3333333333333333,0.2882882882882883,0.22025,409.66666666666663,0.2,0.5765765765765766,0.241,35.0,3.0,30.0,96.0,162.0,145.0,24.0,8.0,0.0,21.0,0.29,0.359,12.0,0,0.0,,52.0,0.0,0,0.0,5.0,,15.566878980891719,15.259999999999998
2018,CL,中日ドラゴンズ,51455131,松井　雅人,M.Matsui,92.0,260.0,218.0,18.0,50.0,7.0,1.0,2.0,65.0,22.0,0.0,0,7.0,3.0,30.0,0,2.0,51.0,5.0,0.229,0.324,0.298,0.622,40.0,0.06899999999999998,0.095,0.393,11.538461538461538,19.615384615384617,0.5882352941176471,0.2857142857142857,0.2203,423.3333333333333,0.20642201834862386,0.5606936416184971,0.229,50.0,2.0,22.0,92.0,260.0,218.0,40.0,7.0,1.0,18.0,0.324,0.298,30.0,0,2.0,,65.0,0.0,0,7.0,3.0,,20.967741935483872,23.055999999999994
2018,CL,広島東洋カープ,51455134,長井　良太,R.Nagai,4.0,0.0,0.0,0.0,0.0,0.0,0.0,0.0,0.0,0.0,0.0,0,0.0,0.0,0.0,0,0.0,0.0,0.0,,,,0.0,0.0,0.0,0.0,,nan,nan,nan,nan,0.0,0.0,nan,nan,,0.0,0.0,0.0,4.0,0.0,0.0,0.0,0.0,0.0,0.0,,,0.0,0,0.0,,0.0,0.0,0,0.0,0.0,,nan,0.0
2018,CL,横浜DeNAベイスターズ,51455137,宮﨑　敏郎,T.Miyazaki,142.0,590.0,551.0,71.0,175.0,34.0,0.0,28.0,293.0,71.0,0.0,0,0.0,0.0,38.0,0,1.0,45.0,16.0,0.318,0.363,0.532,0.895,113.0,0.21400000000000002,0.044999999999999984,0.577,6.440677966101695,7.627118644067797,0.8444444444444444,0.3075313807531381,0.29635,540.3333333333334,0.2831215970961887,0.8469387755102041,0.318,175.0,28.0,71.0,142.0,590.0,551.0,113.0,34.0,0.0,71.0,0.363,0.532,38.0,0,1.0,,293.0,0.0,0,0.0,0.0,,105.95755517826825,97.32200000000002
2018,CL,広島東洋カープ,51655130,藤井　皓哉,K.Fujii,8.0,1.0,0.0,0.0,0.0,0.0,0.0,0.0,0.0,0.0,0.0,0,1.0,0.0,0.0,0,0.0,0.0,0.0,,,,0.0,0.0,0.0,0.0,,0.0,0.0,nan,nan,0.0,0.0,nan,nan,,0.0,0.0,0.0,8.0,1.0,0.0,0.0,0.0,0.0,0.0,,,0.0,0,0.0,,0.0,0.0,0,1.0,0.0,,nan,0.0
2018,CL,横浜DeNAベイスターズ,51655134,濵口　遥大,H.Hamaguchi,19.0,30.0,22.0,0.0,1.0,0.0,0.0,0.0,1.0,1.0,0.0,0,8.0,0.0,0.0,0,0.0,13.0,0.0,0.045,0.045,0.045,0.09,1.0,0.0,0.0,0.045,0.0,43.333333333333336,0.0,0.1111111111111111,0.0315,60.0,0.0,0.047619047619047616,0.045,1.0,0.0,1.0,19.0,30.0,22.0,1.0,0.0,0.0,0.0,0.045,0.045,0.0,0,0.0,,1.0,0.0,0,8.0,0.0,,0.045454545454545456,-1.5580000000000003
2018,CL,東京ヤクルトスワローズ,51655135,古野　正人,M.Furuno,2.0,3.0,1.0,1.0,0.0,0.0,0.0,0.0,0.0,0.0,0.0,0,1.0,0.0,1.0,0,0.0,1.0,0.0,0.0,0.5,0.0,0.5,0.0,0.0,0.5,0.5,33.33333333333333,33.33333333333333,1.0,nan,0.225,500.0,1.0,1.0,0.0,0.0,0.0,0.0,2.0,3.0,1.0,0.0,0.0,0.0,1.0,0.5,0.0,1.0,0,0.0,,0.0,0.0,0,1.0,0.0,,0.0,0.232
2018,CL,広島東洋カープ,51755116,小窪　哲也,T.Kokubo,17.0,28.0,26.0,2.0,8.0,3.0,1.0,0.0,13.0,3.0,0.0,0,0.0,0.0,1.0,0,1.0,7.0,0.0,0.308,0.357,0.5,0.857,4.0,0.192,0.04899999999999999,0.5489999999999999,3.571428571428571,25.0,0.14285714285714285,0.42105263157894735,0.28564999999999996,523.6666666666666,0.23076923076923078,0.8333333333333334,0.308,8.0,0.0,3.0,17.0,28.0,26.0,4.0,3.0,1.0,2.0,0.357,0.5,1.0,0,1.0,,13.0,0.0,0,0.0,0.0,,4.333333333333333,4.096
2018,CL,横浜DeNAベイスターズ,51755135,桑原　将志,M.Kuwahara,127.0,421.0,379.0,57.0,99.0,24.0,5.0,9.0,160.0,26.0,17,3,7.0,0.0,32.0,0,3.0,71.0,3.0,0.261,0.324,0.422,0.746,61.0,0.16099999999999998,0.063,0.485,7.600950118764846,16.864608076009503,0.4507042253521127,0.3010033444816054,0.2513,464.6666666666667,0.2532981530343008,0.6996466431095406,0.261,99.0,9.0,26.0,127.0,421.0,379.0,61.0,24.0,5.0,57.0,0.324,0.422,32.0,0,3.0,,160.0,17,3,7.0,0.0,,50.99756690997567,50.59
2018,CL,読売ジャイアンツ,51855112,山口　俊,S.Yamaguchi,30.0,49.0,47.0,3.0,7.0,2.0,0.0,0.0,9.0,2.0,0.0,0,2.0,0.0,0.0,0,0.0,17.0,2.0,0.149,0.149,0.191,0.33999999999999997,5.0,0.04200000000000001,0.0,0.191,0.0,34.69387755102041,0.0,0.23333333333333334,0.1148,212.66666666666666,0.0425531914893617,0.21428571428571427,0.149,7.0,0.0,2.0,30.0,49.0,47.0,5.0,2.0,0.0,3.0,0.149,0.191,0.0,0,0.0,,9.0,0.0,0,2.0,0.0,,1.3404255319148937,0.020000000000000018
2018,CL,阪神タイガース,51855130,守屋　功輝,K.Moriya,4.0,0.0,0.0,0.0,0.0,0.0,0.0,0.0,0.0,0.0,0.0,0,0.0,0.0,0.0,0,0.0,0.0,0.0,,,,0.0,0.0,0.0,0.0,,nan,nan,nan,nan,0.0,0.0,nan,nan,,0.0,0.0,0.0,4.0,0.0,0.0,0.0,0.0,0.0,0.0,,,0.0,0,0.0,,0.0,0.0,0,0.0,0.0,,nan,0.0
2018,CL,東京ヤクルトスワローズ,51855136,松本　直樹,N.Matsumoto,6.0,5.0,5.0,1.0,0.0,0.0,0.0,0.0,0.0,0.0,0.0,0,0.0,0.0,0.0,0,0.0,2.0,0.0,0.0,0.0,0.0,0.0,0.0,0.0,0.0,0.0,0.0,40.0,0.0,0.0,0.0,0.0,0.0,0.0,0.0,0.0,0.0,0.0,6.0,5.0,5.0,0.0,0.0,0.0,1.0,0.0,0.0,0.0,0,0.0,,0.0,0.0,0,0.0,0.0,,0.0,-0.49
2018,CL,読売ジャイアンツ,51955114,坂本　勇人,H.Sakamoto,109.0,502.0,441.0,87.0,152.0,27.0,2.0,18.0,237.0,67.0,9,5,0.0,0.0,61.0,0,0.0,83.0,4.0,0.345,0.424,0.537,0.9610000000000001,105.0,0.19200000000000006,0.07900000000000001,0.6160000000000001,12.151394422310757,16.533864541832667,0.7349397590361446,0.3941176470588235,0.32505,603.0,0.3424036281179138,1.0341296928327646,0.345,152.0,18.0,67.0,109.0,502.0,441.0,105.0,27.0,2.0,87.0,0.424,0.537,61.0,0,0.0,,237.0,9,5,0.0,0.0,,100.5597609561753,92.648
2018,CL,広島東洋カープ,51955137,髙橋　大樹,H.Takahashi,6.0,16.0,15.0,1.0,5.0,1.0,0.0,0.0,6.0,0.0,0.0,0,0.0,0.0,1.0,0,0.0,4.0,1.0,0.333,0.375,0.4,0.775,4.0,0.067,0.04199999999999998,0.442,6.25,25.0,0.25,0.45454545454545453,0.26875000000000004,508.3333333333333,0.13333333333333333,0.6363636363636364,0.333,5.0,0.0,0.0,6.0,16.0,15.0,4.0,1.0,0.0,1.0,0.375,0.4,1.0,0,0.0,,6.0,0.0,0,0.0,0.0,,2.25,2.07
2018,CL,広島東洋カープ,51955139,曽根　海成,K.Sone,11.0,22.0,18.0,3.0,5.0,0.0,1.0,0.0,7.0,2.0,1,0,1.0,0.0,2.0,0,1.0,9.0,0.0,0.278,0.381,0.389,0.77,4.0,0.11099999999999999,0.10299999999999998,0.492,9.090909090909092,40.909090909090914,0.2222222222222222,0.5555555555555556,0.26870000000000005,510.6666666666667,0.2222222222222222,0.7692307692307693,0.278,5.0,0.0,2.0,11.0,22.0,18.0,4.0,0.0,1.0,3.0,0.381,0.389,2.0,0,1.0,,7.0,1,0,1.0,0.0,,2.45,2.7560000000000002
2018,CL,広島東洋カープ,53355130,K.ジョンソン,K.Johnson,24.0,53.0,45.0,3.0,4.0,0.0,0.0,0.0,4.0,2.0,0.0,0,5.0,0.0,3.0,0,0.0,22.0,2.0,0.089,0.146,0.089,0.235,4.0,0.0,0.056999999999999995,0.146,5.660377358490567,41.509433962264154,0.13636363636363635,0.17391304347826086,0.08795,175.66666666666666,0.06666666666666667,0.16279069767441862,0.089,4.0,0.0,2.0,24.0,53.0,45.0,4.0,0.0,0.0,3.0,0.146,0.089,3.0,0,0.0,,4.0,0.0,0,5.0,0.0,,0.5833333333333334,-1.0279999999999996
2018,CL,広島東洋カープ,53555136,L.カンポス,L.Campos,1.0,0.0,0.0,0.0,0.0,0.0,0.0,0.0,0.0,0.0,0.0,0,0.0,0.0,0.0,0,0.0,0.0,0.0,,,,0.0,0.0,0.0,0.0,,nan,nan,nan,nan,0.0,0.0,nan,nan,,0.0,0.0,0.0,1.0,0.0,0.0,0.0,0.0,0.0,0.0,,,0.0,0,0.0,,0.0,0.0,0,0.0,0.0,,nan,0.0
2018,CL,中日ドラゴンズ,53755136,S.モヤ,S.Moya,46.0,101.0,93.0,5.0,28.0,4.0,0.0,3.0,41.0,16.0,0,1,0.0,1.0,6.0,0,1.0,25.0,1.0,0.301,0.347,0.441,0.788,21.0,0.14,0.045999999999999985,0.487,5.9405940594059405,24.752475247524753,0.24,0.3787878787878788,0.26639999999999997,494.0,0.21505376344086022,0.7424242424242424,0.301,28.0,3.0,16.0,46.0,101.0,93.0,21.0,4.0,0.0,5.0,0.347,0.441,6.0,0,1.0,,41.0,0,1,0.0,1.0,,14.080808080808081,13.819999999999997
2018,CL,広島東洋カープ,53955136,G.フランスア,G.Franzua,47.0,7.0,6.0,1.0,0.0,0.0,0.0,0.0,0.0,1.0,0.0,0,0.0,0.0,1.0,0,0.0,5.0,0.0,0.0,0.143,0.0,0.143,0.0,0.0,0.143,0.143,14.285714285714285,71.42857142857143,0.2,0.0,0.06434999999999999,143.0,0.16666666666666666,0.16666666666666666,0.0,0.0,0.0,1.0,47.0,7.0,6.0,0.0,0.0,0.0,1.0,0.143,0.0,1.0,0,0.0,,0.0,0.0,0,0.0,0.0,,0.0,-0.25800000000000006
2018,CL,阪神タイガース,61065110,能見　篤史,A.Noumi,45.0,4.0,3.0,0.0,0.0,0.0,0.0,0.0,0.0,0.0,0.0,0,1.0,0.0,0.0,0,0.0,2.0,0.0,0.0,0.0,0.0,0.0,0.0,0.0,0.0,0.0,0.0,50.0,0.0,0.0,0.0,0.0,0.0,0.0,0.0,0.0,0.0,0.0,45.0,4.0,3.0,0.0,0.0,0.0,0.0,0.0,0.0,0.0,0,0.0,,0.0,0.0,0,1.0,0.0,,0.0,-0.29400000000000004
2018,CL,中日ドラゴンズ,61065117,武山　真吾,S.Takeyama,30.0,54.0,44.0,1.0,3.0,2.0,0.0,0.0,5.0,6.0,0.0,0,2.0,3.0,5.0,0,0.0,17.0,0.0,0.068,0.154,0.114,0.268,1.0,0.046,0.086,0.2,9.25925925925926,31.48148148148148,0.29411764705882354,0.1,0.0978,192.0,0.1590909090909091,0.24390243902439024,0.068,3.0,0.0,6.0,30.0,54.0,44.0,1.0,2.0,0.0,1.0,0.154,0.114,5.0,0,0.0,,5.0,0.0,0,2.0,3.0,,0.8163265306122449,-0.42799999999999994
2018,CL,阪神タイガース,61065131,原口　文仁,F.Haraguchi,82.0,124.0,111.0,8.0,35.0,2.0,0.0,2.0,43.0,19.0,0.0,0,0.0,0.0,8.0,0,5.0,27.0,1.0,0.315,0.387,0.387,0.774,31.0,0.07200000000000001,0.07200000000000001,0.459,6.451612903225806,21.774193548387096,0.2962962962962963,0.4024390243902439,0.27090000000000003,516.0,0.14414414414414414,0.7272727272727273,0.315,35.0,2.0,19.0,82.0,124.0,111.0,31.0,2.0,0.0,8.0,0.387,0.387,8.0,0,5.0,,43.0,0.0,0,0.0,0.0,,15.53781512605042,16.662
2018,CL,読売ジャイアンツ,61065135,田原　誠次,S.Tahara,29.0,0.0,0.0,0.0,0.0,0.0,0.0,0.0,0.0,0.0,0.0,0,0.0,0.0,0.0,0,0.0,0.0,0.0,,,,0.0,0.0,0.0,0.0,,nan,nan,nan,nan,0.0,0.0,nan,nan,,0.0,0.0,0.0,29.0,0.0,0.0,0.0,0.0,0.0,0.0,,,0.0,0,0.0,,0.0,0.0,0,0.0,0.0,,nan,0.0
2018,CL,東京ヤクルトスワローズ,61165110,鵜久森　淳志,A.Ugumori,19.0,20.0,17.0,1.0,5.0,1.0,0.0,0.0,6.0,3.0,0.0,0,0.0,2.0,1.0,0,0.0,5.0,1.0,0.294,0.3,0.353,0.653,4.0,0.059,0.006000000000000005,0.359,5.0,25.0,0.2,0.35714285714285715,0.22325,417.66666666666663,0.11764705882352941,0.5384615384615384,0.294,5.0,0.0,3.0,19.0,20.0,17.0,4.0,1.0,0.0,1.0,0.3,0.353,1.0,0,0.0,,6.0,0.0,0,0.0,2.0,,2.0,1.8739999999999997
2018,CL,中日ドラゴンズ,61165132,阿部　寿樹,T.Abe,18.0,26.0,23.0,1.0,5.0,3.0,0.0,0.0,8.0,4.0,0.0,0,0.0,0.0,3.0,0,0.0,3.0,1.0,0.217,0.308,0.348,0.6559999999999999,2.0,0.13099999999999998,0.091,0.4389999999999999,11.538461538461538,11.538461538461538,1.0,0.25,0.2256,424.0,0.2608695652173913,0.5789473684210527,0.217,5.0,0.0,4.0,18.0,26.0,23.0,2.0,3.0,0.0,1.0,0.308,0.348,3.0,0,0.0,,8.0,0.0,0,0.0,0.0,,2.4615384615384617,2.386
2018,CL,横浜DeNAベイスターズ,61165137,井納　翔一,S.Inou,24.0,16.0,16.0,1.0,3.0,0.0,0.0,0.0,3.0,1.0,0.0,0,0.0,0.0,0.0,0,0.0,5.0,0.0,0.188,0.188,0.188,0.376,3.0,0.0,0.0,0.188,0.0,31.25,0.0,0.2727272727272727,0.1316,250.66666666666666,0.0,0.23076923076923078,0.188,3.0,0.0,1.0,24.0,16.0,16.0,3.0,0.0,0.0,1.0,0.188,0.188,0.0,0,0.0,,3.0,0.0,0,0.0,0.0,,0.5625,0.22599999999999998
2018,CL,中日ドラゴンズ,61265112,平田　良介,R.Hirata,138.0,568.0,493.0,83.0,162.0,26.0,5.0,9.0,225.0,55.0,8,7,2.0,3.0,67.0,0,3.0,69.0,7.0,0.329,0.41,0.456,0.866,122.0,0.127,0.08099999999999996,0.5369999999999999,11.795774647887324,12.147887323943662,0.9710144927536232,0.3660287081339713,0.2985,562.0,0.2778904665314402,0.893491124260355,0.329,162.0,9.0,55.0,138.0,568.0,493.0,122.0,26.0,5.0,83.0,0.41,0.456,67.0,0,3.0,,225.0,8,7,2.0,3.0,,92.00892857142857,89.80199999999999
2018,CL,中日ドラゴンズ,61265139,又吉　克樹,K.Matayoshi,40.0,0.0,0.0,0.0,0.0,0.0,0.0,0.0,0.0,0.0,0.0,0,0.0,0.0,0.0,0,0.0,0.0,0.0,,,,0.0,0.0,0.0,0.0,,nan,nan,nan,nan,0.0,0.0,nan,nan,,0.0,0.0,0.0,40.0,0.0,0.0,0.0,0.0,0.0,0.0,,,0.0,0,0.0,,0.0,0.0,0,0.0,0.0,,nan,0.0
2018,CL,中日ドラゴンズ,61365118,大野　奨太,S.Oono,63.0,167.0,137.0,9.0,27.0,4.0,2.0,2.0,41.0,10.0,0.0,0,9.0,0.0,20.0,0,1.0,31.0,2.0,0.197,0.304,0.299,0.603,19.0,0.10199999999999998,0.10699999999999998,0.4059999999999999,11.976047904191617,18.562874251497004,0.6451612903225806,0.2403846153846154,0.21155000000000002,403.6666666666667,0.24817518248175183,0.5535714285714286,0.197,27.0,2.0,10.0,63.0,167.0,137.0,19.0,4.0,2.0,9.0,0.304,0.299,20.0,0,1.0,,41.0,0.0,0,9.0,0.0,,12.273885350318471,13.489999999999998
2018,CL,読売ジャイアンツ,61365132,宇佐見　真吾,S.Usami,29.0,58.0,48.0,2.0,5.0,2.0,0.0,0.0,7.0,3.0,0.0,0,0.0,0.0,10.0,0,0.0,20.0,1.0,0.104,0.259,0.146,0.405,3.0,0.041999999999999996,0.15500000000000003,0.301,17.24137931034483,34.48275862068966,0.5,0.17857142857142858,0.15305,307.66666666666663,0.25,0.38636363636363635,0.104,5.0,0.0,3.0,29.0,58.0,48.0,3.0,2.0,0.0,2.0,0.259,0.146,10.0,0,0.0,,7.0,0.0,0,0.0,0.0,,1.8103448275862069,2.026
2018,CL,阪神タイガース,61365134,尾仲　祐哉,Y.Onaka,12.0,0.0,0.0,0.0,0.0,0.0,0.0,0.0,0.0,0.0,0.0,0,0.0,0.0,0.0,0,0.0,0.0,0.0,,,,0.0,0.0,0.0,0.0,,nan,nan,nan,nan,0.0,0.0,nan,nan,,0.0,0.0,0.0,12.0,0.0,0.0,0.0,0.0,0.0,0.0,,,0.0,0,0.0,,0.0,0.0,0,0.0,0.0,,nan,0.0
2018,CL,広島東洋カープ,61365139,大瀬良　大地,D.Oosera,27.0,69.0,57.0,4.0,10.0,2.0,0.0,0.0,12.0,9.0,0.0,0,9.0,0.0,3.0,0,0.0,22.0,3.0,0.175,0.217,0.211,0.428,8.0,0.036000000000000004,0.04200000000000001,0.253,4.3478260869565215,31.88405797101449,0.13636363636363635,0.2857142857142857,0.1504,287.3333333333333,0.08771929824561403,0.3,0.175,10.0,0.0,9.0,27.0,69.0,57.0,8.0,2.0,0.0,4.0,0.217,0.211,3.0,0,0.0,,12.0,0.0,0,9.0,0.0,,2.6,1.8239999999999998
2018,CL,横浜DeNAベイスターズ,61465112,大和,Y.Yamato（maeda,113.0,435.0,394.0,54.0,96.0,24.0,3.0,2.0,132.0,27.0,10,6,9.0,3.0,24.0,0,5.0,73.0,0.0,0.244,0.293,0.335,0.628,67.0,0.09100000000000003,0.04899999999999999,0.384,5.517241379310345,16.7816091954023,0.3287671232876712,0.2919254658385093,0.2156,404.6666666666667,0.16751269035532995,0.5604026845637584,0.244,96.0,2.0,27.0,113.0,435.0,394.0,67.0,24.0,3.0,54.0,0.293,0.335,24.0,0,5.0,,132.0,10,6,9.0,3.0,,37.89473684210526,38.22599999999999
2018,CL,東京ヤクルトスワローズ,61465135,比屋根　渉,W.Hiyane,4.0,2.0,2.0,0.0,0.0,0.0,0.0,0.0,0.0,0.0,1,0,0.0,0.0,0.0,0,0.0,0.0,0.0,0.0,0.0,0.0,0.0,0.0,0.0,0.0,0.0,0.0,0.0,nan,0.0,0.0,0.0,0.0,0.0,0.0,0.0,0.0,0.0,4.0,2.0,2.0,0.0,0.0,0.0,0.0,0.0,0.0,0.0,0,0.0,,0.0,1,0,0.0,0.0,,0.0,-0.196
2018,CL,横浜DeNAベイスターズ,61565114,梶谷　隆幸,T.Kajitani,41.0,137.0,127.0,21.0,34.0,8.0,0.0,8.0,66.0,18.0,5,2,0.0,0.0,8.0,0,2.0,21.0,1.0,0.268,0.321,0.52,0.841,18.0,0.252,0.05299999999999999,0.573,5.839416058394161,15.328467153284672,0.38095238095238093,0.2653061224489796,0.27444999999999997,494.33333333333337,0.33070866141732286,0.8297872340425532,0.268,34.0,8.0,18.0,41.0,137.0,127.0,18.0,8.0,0.0,21.0,0.321,0.52,8.0,0,2.0,,66.0,5,2,0.0,0.0,,20.533333333333335,20.826
2018,CL,広島東洋カープ,61565135,菊池　涼介,R.Kikuchi,139.0,642.0,557.0,85.0,130.0,27.0,1.0,13.0,198.0,60.0,10,2,30.0,1.0,51.0,0,3.0,111.0,5.0,0.233,0.301,0.355,0.6559999999999999,89.0,0.12199999999999997,0.06799999999999998,0.4229999999999999,7.943925233644859,17.289719626168225,0.4594594594594595,0.2695852534562212,0.22419999999999998,419.3333333333333,0.21723518850987433,0.5879629629629629,0.233,130.0,13.0,60.0,139.0,642.0,557.0,89.0,27.0,1.0,85.0,0.301,0.355,51.0,0,3.0,,198.0,10,2,30.0,1.0,,58.94407894736842,60.034000000000006
2018,CL,横浜DeNAベイスターズ,61565136,楠本　泰史,T.Kusumoto,56.0,82.0,73.0,4.0,15.0,3.0,0.0,0.0,18.0,2.0,2,1,0.0,0.0,6.0,0,3.0,19.0,0.0,0.205,0.293,0.247,0.54,12.0,0.04200000000000001,0.088,0.3349999999999999,7.317073170731707,23.170731707317074,0.3157894736842105,0.2777777777777778,0.1936,375.3333333333333,0.136986301369863,0.4827586206896552,0.205,15.0,0.0,2.0,56.0,82.0,73.0,12.0,3.0,0.0,4.0,0.293,0.247,6.0,0,3.0,,18.0,2,1,0.0,0.0,,4.784810126582278,5.626
2018,CL,読売ジャイアンツ,61665114,森福　允彦,M.Morifuku,2.0,0.0,0.0,0.0,0.0,0.0,0.0,0.0,0.0,0.0,0.0,0,0.0,0.0,0.0,0,0.0,0.0,0.0,,,,0.0,0.0,0.0,0.0,,nan,nan,nan,nan,0.0,0.0,nan,nan,,0.0,0.0,0.0,2.0,0.0,0.0,0.0,0.0,0.0,0.0,,,0.0,0,0.0,,0.0,0.0,0,0.0,0.0,,nan,0.0
2018,CL,横浜DeNAベイスターズ,61665133,武藤　祐太,Y.Mutou,20.0,1.0,1.0,0.0,0.0,0.0,0.0,0.0,0.0,0.0,0.0,0,0.0,0.0,0.0,0,0.0,0.0,0.0,0.0,0.0,0.0,0.0,0.0,0.0,0.0,0.0,0.0,0.0,nan,0.0,0.0,0.0,0.0,0.0,0.0,0.0,0.0,0.0,20.0,1.0,1.0,0.0,0.0,0.0,0.0,0.0,0.0,0.0,0,0.0,,0.0,0.0,0,0.0,0.0,,0.0,-0.098
2018,CL,読売ジャイアンツ,61665139,和田　恋,R.Wada,5.0,8.0,8.0,1.0,1.0,0.0,0.0,0.0,1.0,0.0,0.0,0,0.0,0.0,0.0,0,0.0,4.0,0.0,0.125,0.125,0.125,0.25,1.0,0.0,0.0,0.125,0.0,50.0,0.0,0.25,0.0875,166.66666666666666,0.0,0.14285714285714285,0.125,1.0,0.0,0.0,5.0,8.0,8.0,1.0,0.0,0.0,1.0,0.125,0.125,0.0,0,0.0,,1.0,0.0,0,0.0,0.0,,0.125,-0.18600000000000005
2018,CL,広島東洋カープ,61765116,佐藤　祥万,S.Satou,7.0,0.0,0.0,0.0,0.0,0.0,0.0,0.0,0.0,0.0,0.0,0,0.0,0.0,0.0,0,0.0,0.0,0.0,,,,0.0,0.0,0.0,0.0,,nan,nan,nan,nan,0.0,0.0,nan,nan,,0.0,0.0,0.0,7.0,0.0,0.0,0.0,0.0,0.0,0.0,,,0.0,0,0.0,,0.0,0.0,0,0.0,0.0,,nan,0.0
2018,CL,阪神タイガース,61963888,福留　孝介,K.Fukudome,123.0,499.0,414.0,57.0,116.0,26.0,2.0,14.0,188.0,72.0,2,1,0.0,7.0,73.0,0,5.0,90.0,10.0,0.28,0.389,0.454,0.843,74.0,0.174,0.10899999999999999,0.563,14.629258517034069,18.03607214428858,0.8111111111111111,0.3217665615141956,0.28855000000000003,540.3333333333334,0.3526570048309179,0.8668831168831169,0.28,116.0,14.0,72.0,123.0,499.0,414.0,74.0,26.0,2.0,57.0,0.389,0.454,73.0,0,5.0,,188.0,2,1,0.0,7.0,,72.96098562628337,74.67599999999999
2018,CL,広島東洋カープ,61965131,堂林　翔太,S.Doubayashi,63.0,60.0,51.0,11.0,11.0,3.0,1.0,0.0,16.0,5.0,0,1,7.0,0.0,2.0,0,0.0,14.0,1.0,0.216,0.245,0.314,0.5589999999999999,7.0,0.098,0.028999999999999998,0.3429999999999999,3.3333333333333335,23.333333333333332,0.14285714285714285,0.2972972972972973,0.18875,349.6666666666667,0.1568627450980392,0.4634146341463415,0.216,11.0,0.0,5.0,63.0,60.0,51.0,7.0,3.0,1.0,11.0,0.245,0.314,2.0,0,0.0,,16.0,0,1,7.0,0.0,,3.9245283018867925,3.62
2018,CL,中日ドラゴンズ,61965136,博志,H.Hiroshi（suzuki,53.0,0.0,0.0,0.0,0.0,0.0,0.0,0.0,0.0,0.0,0.0,0,0.0,0.0,0.0,0,0.0,0.0,0.0,,,,0.0,0.0,0.0,0.0,,nan,nan,nan,nan,0.0,0.0,nan,nan,,0.0,0.0,0.0,53.0,0.0,0.0,0.0,0.0,0.0,0.0,,,0.0,0,0.0,,0.0,0.0,0,0.0,0.0,,nan,0.0
2018,CL,広島東洋カープ,61965139,田中　広輔,K.Tanaka,143.0,675.0,572.0,92.0,150.0,19.0,10.0,10.0,219.0,60.0,32,13,6.0,5.0,75.0,0,17.0,118.0,6.0,0.262,0.362,0.383,0.745,111.0,0.121,0.09999999999999998,0.483,11.11111111111111,17.48148148148148,0.635593220338983,0.311804008908686,0.25865,489.6666666666667,0.2744755244755245,0.7570093457943925,0.262,150.0,10.0,60.0,143.0,675.0,572.0,111.0,19.0,10.0,92.0,0.362,0.383,75.0,0,17.0,,219.0,32,13,6.0,5.0,,76.15919629057187,85.32400000000001
2018,CL,中日ドラゴンズ,63165134,柳　裕也,Y.Yanagi,10.0,17.0,15.0,0.0,3.0,1.0,0.0,0.0,4.0,0.0,0.0,0,2.0,0.0,0.0,0,0.0,5.0,0.0,0.2,0.2,0.267,0.467,2.0,0.067,0.0,0.267,0.0,29.411764705882355,0.0,0.3,0.15675,289.00000000000006,0.06666666666666667,0.3333333333333333,0.2,3.0,0.0,0.0,10.0,17.0,15.0,2.0,1.0,0.0,0.0,0.2,0.267,0.0,0,0.0,,4.0,0.0,0,2.0,0.0,,0.8,0.5439999999999998
2018,CL,読売ジャイアンツ,63165135,S.マシソン,S.Mathieson,34.0,0.0,0.0,0.0,0.0,0.0,0.0,0.0,0.0,0.0,0.0,0,0.0,0.0,0.0,0,0.0,0.0,0.0,,,,0.0,0.0,0.0,0.0,,nan,nan,nan,nan,0.0,0.0,nan,nan,,0.0,0.0,0.0,34.0,0.0,0.0,0.0,0.0,0.0,0.0,,,0.0,0,0.0,,0.0,0.0,0,0.0,0.0,,nan,0.0
2018,CL,横浜DeNAベイスターズ,63365134,E.エスコバー,E.Escobar,53.0,3.0,3.0,0.0,0.0,0.0,0.0,0.0,0.0,0.0,0.0,0,0.0,0.0,0.0,0,0.0,2.0,0.0,0.0,0.0,0.0,0.0,0.0,0.0,0.0,0.0,0.0,66.66666666666666,0.0,0.0,0.0,0.0,0.0,0.0,0.0,0.0,0.0,0.0,53.0,3.0,3.0,0.0,0.0,0.0,0.0,0.0,0.0,0.0,0,0.0,,0.0,0.0,0,0.0,0.0,,0.0,-0.29400000000000004
2018,CL,阪神タイガース,71073888,藤川　球児,K.Fujikawa,53.0,0.0,0.0,0.0,0.0,0.0,0.0,0.0,0.0,0.0,0.0,0,0.0,0.0,0.0,0,0.0,0.0,0.0,,,,0.0,0.0,0.0,0.0,,nan,nan,nan,nan,0.0,0.0,nan,nan,,0.0,0.0,0.0,53.0,0.0,0.0,0.0,0.0,0.0,0.0,,,0.0,0,0.0,,0.0,0.0,0,0.0,0.0,,nan,0.0
2018,CL,横浜DeNAベイスターズ,71075133,須田　幸太,K.Suda,10.0,0.0,0.0,0.0,0.0,0.0,0.0,0.0,0.0,0.0,0.0,0,0.0,0.0,0.0,0,0.0,0.0,0.0,,,,0.0,0.0,0.0,0.0,,nan,nan,nan,nan,0.0,0.0,nan,nan,,0.0,0.0,0.0,10.0,0.0,0.0,0.0,0.0,0.0,0.0,,,0.0,0,0.0,,0.0,0.0,0,0.0,0.0,,nan,0.0
2018,CL,読売ジャイアンツ,71075134,髙田　萌生,H.Takata,1.0,0.0,0.0,0.0,0.0,0.0,0.0,0.0,0.0,0.0,0.0,0,0.0,0.0,0.0,0,0.0,0.0,0.0,,,,0.0,0.0,0.0,0.0,,nan,nan,nan,nan,0.0,0.0,nan,nan,,0.0,0.0,0.0,1.0,0.0,0.0,0.0,0.0,0.0,0.0,,,0.0,0,0.0,,0.0,0.0,0,0.0,0.0,,nan,0.0
2018,CL,広島東洋カープ,71075139,中村　祐太,Y.Nakamura,9.0,13.0,10.0,1.0,2.0,1.0,0.0,0.0,3.0,1.0,0.0,0,1.0,0.0,2.0,0,0.0,3.0,0.0,0.2,0.333,0.3,0.633,1.0,0.09999999999999998,0.133,0.433,15.384615384615385,23.076923076923077,0.6666666666666666,0.2857142857142857,0.22485,433.0,0.3,0.625,0.2,2.0,0.0,1.0,9.0,13.0,10.0,1.0,1.0,0.0,1.0,0.333,0.3,2.0,0,0.0,,3.0,0.0,0,1.0,0.0,,1.0,1.0959999999999999
2018,CL,中日ドラゴンズ,71173882,荒木　雅博,M.Araki,52.0,84.0,82.0,11.0,22.0,6.0,0.0,1.0,31.0,3.0,0,2,1.0,0.0,1.0,0,0.0,13.0,2.0,0.268,0.277,0.378,0.655,15.0,0.10999999999999999,0.009000000000000008,0.387,1.1904761904761905,15.476190476190476,0.07692307692307693,0.3088235294117647,0.21915,403.0,0.14634146341463414,0.5483870967741935,0.268,22.0,1.0,3.0,52.0,84.0,82.0,15.0,6.0,0.0,11.0,0.277,0.378,1.0,0,0.0,,31.0,0,2,1.0,0.0,,8.590361445783133,8.07
2018,CL,中日ドラゴンズ,71175114,浅尾　拓也,T.Asao,10.0,0.0,0.0,0.0,0.0,0.0,0.0,0.0,0.0,0.0,0.0,0,0.0,0.0,0.0,0,0.0,0.0,0.0,,,,0.0,0.0,0.0,0.0,,nan,nan,nan,nan,0.0,0.0,nan,nan,,0.0,0.0,0.0,10.0,0.0,0.0,0.0,0.0,0.0,0.0,,,0.0,0,0.0,,0.0,0.0,0,0.0,0.0,,nan,0.0
2018,CL,阪神タイガース,71175132,青柳　晃洋,K.Aoyagi,4.0,8.0,7.0,0.0,1.0,0.0,0.0,0.0,1.0,0.0,0.0,0,0.0,0.0,0.0,0,1.0,0.0,0.0,0.143,0.25,0.143,0.393,1.0,0.0,0.10700000000000001,0.25,0.0,0.0,nan,0.14285714285714285,0.14825,297.66666666666663,0.0,0.3333333333333333,0.143,1.0,0.0,0.0,4.0,8.0,7.0,1.0,0.0,0.0,0.0,0.25,0.143,0.0,0,1.0,,1.0,0.0,0,0.0,0.0,,0.14285714285714285,0.242
2018,CL,東京ヤクルトスワローズ,71375114,上田　剛史,T.Ueda,102.0,101.0,85.0,17.0,19.0,5.0,0.0,1.0,27.0,7.0,2,1,7.0,0.0,8.0,0,1.0,12.0,1.0,0.224,0.298,0.318,0.616,13.0,0.094,0.07399999999999998,0.392,7.920792079207921,11.881188118811881,0.6666666666666666,0.25,0.2136,403.99999999999994,0.2,0.5522388059701493,0.224,19.0,1.0,7.0,102.0,101.0,85.0,13.0,5.0,0.0,17.0,0.298,0.318,8.0,0,1.0,,27.0,2,1,7.0,0.0,,7.838709677419355,8.222
2018,CL,広島東洋カープ,71375118,岩本　貴裕,T.Iwamoto,10.0,8.0,7.0,0.0,1.0,0.0,0.0,0.0,1.0,0.0,0.0,0,0.0,0.0,1.0,0,0.0,2.0,1.0,0.143,0.25,0.143,0.393,1.0,0.0,0.10700000000000001,0.25,12.5,25.0,0.5,0.2,0.14825,297.66666666666663,0.14285714285714285,0.2857142857142857,0.143,1.0,0.0,0.0,10.0,8.0,7.0,1.0,0.0,0.0,0.0,0.25,0.143,1.0,0,0.0,,1.0,0.0,0,0.0,0.0,,0.25,0.242
2018,CL,横浜DeNAベイスターズ,71475112,藤岡　好明,Y.Fujioka,15.0,1.0,1.0,0.0,0.0,0.0,0.0,0.0,0.0,0.0,0.0,0,0.0,0.0,0.0,0,0.0,1.0,0.0,0.0,0.0,0.0,0.0,0.0,0.0,0.0,0.0,0.0,100.0,0.0,nan,0.0,0.0,0.0,0.0,0.0,0.0,0.0,0.0,15.0,1.0,1.0,0.0,0.0,0.0,0.0,0.0,0.0,0.0,0,0.0,,0.0,0.0,0,0.0,0.0,,0.0,-0.098
2018,CL,中日ドラゴンズ,71475131,松井　佑介,Y.Matsui,17.0,22.0,22.0,2.0,3.0,0.0,0.0,0.0,3.0,0.0,0.0,0,0.0,0.0,0.0,0,0.0,12.0,0.0,0.136,0.136,0.136,0.272,3.0,0.0,0.0,0.136,0.0,54.54545454545454,0.0,0.3,0.0952,181.33333333333334,0.0,0.15789473684210525,0.136,3.0,0.0,0.0,17.0,22.0,22.0,3.0,0.0,0.0,2.0,0.136,0.136,0.0,0,0.0,,3.0,0.0,0,0.0,0.0,,0.4090909090909091,-0.3620000000000001
2018,CL,広島東洋カープ,71475132,西川　龍馬,R.Nishikawa,107.0,361.0,327.0,44.0,101.0,22.0,3.0,6.0,147.0,46.0,5,3,4.0,1.0,27.0,0,2.0,51.0,4.0,0.309,0.364,0.45,0.8140000000000001,70.0,0.14100000000000001,0.05499999999999999,0.505,7.479224376731302,14.127423822714682,0.5294117647058824,0.3505535055350554,0.2763,514.0,0.2324159021406728,0.7782608695652173,0.309,101.0,6.0,46.0,107.0,361.0,327.0,70.0,22.0,3.0,44.0,0.364,0.45,27.0,0,2.0,,147.0,5,3,4.0,1.0,,53.152542372881356,50.56200000000001
2018,CL,東京ヤクルトスワローズ,71475134,中尾　輝,H.Nakao,54.0,0.0,0.0,0.0,0.0,0.0,0.0,0.0,0.0,0.0,0.0,0,0.0,0.0,0.0,0,0.0,0.0,0.0,,,,0.0,0.0,0.0,0.0,,nan,nan,nan,nan,0.0,0.0,nan,nan,,0.0,0.0,0.0,54.0,0.0,0.0,0.0,0.0,0.0,0.0,,,0.0,0,0.0,,0.0,0.0,0,0.0,0.0,,nan,0.0
2018,CL,横浜DeNAベイスターズ,71475139,嶺井　博希,H.Minei,91.0,230.0,209.0,10.0,37.0,7.0,0.0,5.0,59.0,25.0,0.0,0,6.0,1.0,6.0,0,8.0,56.0,9.0,0.177,0.228,0.282,0.51,25.0,0.10499999999999998,0.05100000000000002,0.3329999999999999,2.608695652173913,24.347826086956523,0.10714285714285714,0.21476510067114093,0.1731,322.0,0.1339712918660287,0.40331491712707185,0.177,37.0,5.0,25.0,91.0,230.0,209.0,25.0,7.0,0.0,10.0,0.228,0.282,6.0,0,8.0,,59.0,0.0,0,6.0,1.0,,11.8,12.503999999999998
2018,CL,中日ドラゴンズ,71575132,小笠原　慎之介,S.Ogasawara,17.0,38.0,34.0,0.0,2.0,0.0,0.0,0.0,2.0,0.0,0.0,0,4.0,0.0,0.0,0,0.0,18.0,0.0,0.059,0.059,0.059,0.118,2.0,0.0,0.0,0.059,0.0,47.368421052631575,0.0,0.125,0.0413,78.66666666666666,0.0,0.0625,0.059,2.0,0.0,0.0,17.0,38.0,34.0,2.0,0.0,0.0,0.0,0.059,0.059,0.0,0,0.0,,2.0,0.0,0,4.0,0.0,,0.11764705882352941,-2.136
2018,CL,中日ドラゴンズ,71575135,亀澤　恭平,K.Kamezawa,110.0,206.0,185.0,21.0,53.0,2.0,2.0,0.0,59.0,8.0,5,3,3.0,0.0,17.0,0,1.0,21.0,2.0,0.286,0.35,0.319,0.669,49.0,0.03300000000000003,0.064,0.383,8.25242718446602,10.194174757281553,0.8095238095238095,0.3231707317073171,0.23725000000000002,456.3333333333333,0.14054054054054055,0.5970149253731343,0.286,53.0,0.0,8.0,110.0,206.0,185.0,49.0,2.0,2.0,21.0,0.35,0.319,17.0,0,1.0,,59.0,5,3,3.0,0.0,,20.445544554455445,21.564
2018,CL,横浜DeNAベイスターズ,71575136,神里　和毅,K.Kamizato,86.0,273.0,247.0,31.0,62.0,14.0,3.0,5.0,97.0,21.0,15,9,4.0,0.0,19.0,0,3.0,68.0,4.0,0.251,0.312,0.393,0.7050000000000001,40.0,0.14200000000000002,0.061,0.454,6.95970695970696,24.90842490842491,0.27941176470588236,0.3275862068965517,0.23865,443.0,0.2550607287449393,0.6772486772486772,0.251,62.0,5.0,21.0,86.0,273.0,247.0,40.0,14.0,3.0,31.0,0.312,0.393,19.0,0,3.0,,97.0,15,9,4.0,0.0,,29.537593984962406,31.149999999999988
2018,CL,広島東洋カープ,71775139,九里　亜蓮,A.Kuri,24.0,37.0,30.0,0.0,2.0,0.0,0.0,0.0,2.0,1.0,0.0,0,5.0,0.0,2.0,0,0.0,22.0,1.0,0.067,0.125,0.067,0.192,2.0,0.0,0.057999999999999996,0.125,5.405405405405405,59.45945945945946,0.09090909090909091,0.25,0.07300000000000001,147.33333333333334,0.06666666666666667,0.13793103448275862,0.067,2.0,0.0,1.0,24.0,37.0,30.0,2.0,0.0,0.0,0.0,0.125,0.067,2.0,0,0.0,,2.0,0.0,0,5.0,0.0,,0.25,-1.084
2018,CL,阪神タイガース,71975115,髙橋　聡文,A.Takahashi,15.0,0.0,0.0,0.0,0.0,0.0,0.0,0.0,0.0,0.0,0.0,0,0.0,0.0,0.0,0,0.0,0.0,0.0,,,,0.0,0.0,0.0,0.0,,nan,nan,nan,nan,0.0,0.0,nan,nan,,0.0,0.0,0.0,15.0,0.0,0.0,0.0,0.0,0.0,0.0,,,0.0,0,0.0,,0.0,0.0,0,0.0,0.0,,nan,0.0
2018,CL,中日ドラゴンズ,71975132,佐藤　優,Y.Satou,42.0,0.0,0.0,0.0,0.0,0.0,0.0,0.0,0.0,0.0,0.0,0,0.0,0.0,0.0,0,0.0,0.0,0.0,,,,0.0,0.0,0.0,0.0,,nan,nan,nan,nan,0.0,0.0,nan,nan,,0.0,0.0,0.0,42.0,0.0,0.0,0.0,0.0,0.0,0.0,,,0.0,0,0.0,,0.0,0.0,0,0.0,0.0,,nan,0.0
2018,CL,東京ヤクルトスワローズ,71975136,塩見　泰隆,Y.Shiomi,16.0,26.0,25.0,1.0,1.0,1.0,0.0,0.0,2.0,0.0,0.0,0,0.0,0.0,1.0,0,0.0,7.0,0.0,0.04,0.077,0.08,0.157,0.0,0.04,0.037,0.1169999999999999,3.8461538461538463,26.923076923076923,0.14285714285714285,0.05555555555555555,0.054650000000000004,103.66666666666667,0.08,0.125,0.04,1.0,0.0,0.0,16.0,26.0,25.0,0.0,1.0,0.0,1.0,0.077,0.08,1.0,0,0.0,,2.0,0.0,0,0.0,0.0,,0.15384615384615385,-1.3020000000000003
2018,CL,東京ヤクルトスワローズ,71975137,田川　賢吾,K.Tagawa,1.0,0.0,0.0,0.0,0.0,0.0,0.0,0.0,0.0,0.0,0.0,0,0.0,0.0,0.0,0,0.0,0.0,0.0,,,,0.0,0.0,0.0,0.0,,nan,nan,nan,nan,0.0,0.0,nan,nan,,0.0,0.0,0.0,1.0,0.0,0.0,0.0,0.0,0.0,0.0,,,0.0,0,0.0,,0.0,0.0,0,0.0,0.0,,nan,0.0
2018,CL,読売ジャイアンツ,73375134,吉川　尚輝,N.Yoshikawa,92.0,355.0,316.0,51.0,80.0,16.0,3.0,4.0,114.0,29.0,11,4,13.0,2.0,19.0,0,5.0,61.0,5.0,0.253,0.304,0.361,0.665,57.0,0.10799999999999998,0.05099999999999999,0.412,5.352112676056338,17.183098591549296,0.3114754098360656,0.30039525691699603,0.22705,424.3333333333333,0.18037974683544303,0.5892116182572614,0.253,80.0,4.0,29.0,92.0,355.0,316.0,57.0,16.0,3.0,51.0,0.304,0.361,19.0,0,5.0,,114.0,11,4,13.0,2.0,,33.68955223880597,34.41199999999999
2018,CL,中日ドラゴンズ,73575136,D.ジー,D.Gee,4.0,10.0,9.0,0.0,1.0,0.0,0.0,0.0,1.0,0.0,0.0,0,1.0,0.0,0.0,0,0.0,4.0,1.0,0.111,0.111,0.111,0.222,1.0,0.0,0.0,0.111,0.0,40.0,0.0,0.2,0.0777,148.0,0.0,0.1111111111111111,0.111,1.0,0.0,0.0,4.0,10.0,9.0,1.0,0.0,0.0,0.0,0.111,0.111,0.0,0,0.0,,1.0,0.0,0,1.0,0.0,,0.1111111111111111,-0.28400000000000003
2018,CL,阪神タイガース,73775136,D.モレノ,D.Moreno,8.0,0.0,0.0,0.0,0.0,0.0,0.0,0.0,0.0,0.0,0.0,0,0.0,0.0,0.0,0,0.0,0.0,0.0,,,,0.0,0.0,0.0,0.0,,nan,nan,nan,nan,0.0,0.0,nan,nan,,0.0,0.0,0.0,8.0,0.0,0.0,0.0,0.0,0.0,0.0,,,0.0,0,0.0,,0.0,0.0,0,0.0,0.0,,nan,0.0
2018,CL,東京ヤクルトスワローズ,81085117,館山　昌平,S.Tateyama,5.0,5.0,5.0,0.0,0.0,0.0,0.0,0.0,0.0,0.0,0.0,0,0.0,0.0,0.0,0,0.0,3.0,0.0,0.0,0.0,0.0,0.0,0.0,0.0,0.0,0.0,0.0,60.0,0.0,0.0,0.0,0.0,0.0,0.0,0.0,0.0,0.0,0.0,5.0,5.0,5.0,0.0,0.0,0.0,0.0,0.0,0.0,0.0,0,0.0,,0.0,0.0,0,0.0,0.0,,0.0,-0.49
2018,CL,読売ジャイアンツ,81085136,田中　俊太,S.Tanaka,99.0,261.0,228.0,20.0,55.0,6.0,3.0,2.0,73.0,12.0,6,0,10.0,0.0,23.0,0,0.0,41.0,7.0,0.241,0.311,0.32,0.631,44.0,0.07900000000000001,0.07,0.39,8.812260536398467,15.708812260536398,0.5609756097560976,0.2864864864864865,0.21994999999999998,417.6666666666667,0.17982456140350878,0.5333333333333333,0.241,55.0,2.0,12.0,99.0,261.0,228.0,44.0,6.0,3.0,20.0,0.311,0.32,23.0,0,0.0,,73.0,6,0,10.0,0.0,,22.685258964143426,22.956000000000003
2018,CL,中日ドラゴンズ,81183888,岩瀬　仁紀,H.Iwase,48.0,0.0,0.0,0.0,0.0,0.0,0.0,0.0,0.0,0.0,0.0,0,0.0,0.0,0.0,0,0.0,0.0,0.0,,,,0.0,0.0,0.0,0.0,,nan,nan,nan,nan,0.0,0.0,nan,nan,,0.0,0.0,0.0,48.0,0.0,0.0,0.0,0.0,0.0,0.0,,,0.0,0,0.0,,0.0,0.0,0,0.0,0.0,,nan,0.0
2018,CL,東京ヤクルトスワローズ,81185112,井野　卓,S.Ino,47.0,97.0,90.0,5.0,13.0,3.0,0.0,0.0,16.0,4.0,0.0,0,2.0,0.0,5.0,0,0.0,26.0,2.0,0.144,0.189,0.178,0.367,10.0,0.034,0.04500000000000001,0.223,5.154639175257731,26.804123711340207,0.19230769230769232,0.203125,0.12955,248.33333333333331,0.08888888888888889,0.26582278481012656,0.144,13.0,0.0,4.0,47.0,97.0,90.0,10.0,3.0,0.0,5.0,0.189,0.178,5.0,0,0.0,,16.0,0.0,0,2.0,0.0,,3.031578947368421,1.2640000000000002
2018,CL,横浜DeNAベイスターズ,81185116,伊藤　光,H.Itou,47.0,151.0,128.0,12.0,25.0,5.0,0.0,1.0,33.0,11.0,1.0,1,0.0,2.0,18.0,0,3.0,29.0,5.0,0.195,0.305,0.258,0.563,19.0,0.063,0.10999999999999999,0.368,11.920529801324504,19.205298013245034,0.6206896551724138,0.24,0.20175,391.0,0.2109375,0.5092592592592593,0.195,25.0,1.0,11.0,47.0,151.0,128.0,19.0,5.0,0.0,12.0,0.305,0.258,18.0,0,3.0,,33.0,1.0,1,0.0,2.0,,9.719178082191782,11.555999999999997
2018,CL,読売ジャイアンツ,81185119,内海　哲也,T.Utsumi,15.0,23.0,21.0,0.0,2.0,0.0,0.0,0.0,2.0,0.0,0.0,0,2.0,0.0,0.0,0,0.0,10.0,1.0,0.095,0.095,0.095,0.19,2.0,0.0,0.0,0.095,0.0,43.47826086956522,0.0,0.18181818181818182,0.0665,126.66666666666667,0.0,0.1,0.095,2.0,0.0,0.0,15.0,23.0,21.0,2.0,0.0,0.0,0.0,0.095,0.095,0.0,0,0.0,,2.0,0.0,0,2.0,0.0,,0.19047619047619047,-0.8620000000000001
2018,CL,阪神タイガース,81185130,石崎　剛,T.Ishizaki,12.0,1.0,1.0,0.0,0.0,0.0,0.0,0.0,0.0,0.0,0.0,0,0.0,0.0,0.0,0,0.0,1.0,0.0,0.0,0.0,0.0,0.0,0.0,0.0,0.0,0.0,0.0,100.0,0.0,nan,0.0,0.0,0.0,0.0,0.0,0.0,0.0,0.0,12.0,1.0,1.0,0.0,0.0,0.0,0.0,0.0,0.0,0.0,0,0.0,,0.0,0.0,0,0.0,0.0,,0.0,-0.098
2018,CL,広島東洋カープ,81185133,磯村　嘉孝,Y.Isomura,37.0,91.0,79.0,6.0,17.0,2.0,0.0,1.0,22.0,4.0,0.0,0,5.0,0.0,6.0,0,1.0,12.0,4.0,0.215,0.279,0.278,0.557,14.0,0.06300000000000003,0.06400000000000003,0.3420000000000001,6.593406593406594,13.186813186813188,0.5,0.24242424242424243,0.19505000000000003,371.6666666666667,0.13924050632911392,0.4393939393939394,0.215,17.0,1.0,4.0,37.0,91.0,79.0,14.0,2.0,0.0,6.0,0.279,0.278,6.0,0,1.0,,22.0,0.0,0,5.0,0.0,,5.952941176470588,6.113999999999999
2018,CL,阪神タイガース,81185134,糸原　健斗,K.Itohara,143.0,637.0,531.0,79.0,152.0,29.0,4.0,1.0,192.0,35.0,6,4,9.0,4.0,86.0,0,7.0,73.0,5.0,0.286,0.39,0.362,0.752,118.0,0.07600000000000001,0.10400000000000004,0.466,13.500784929356357,11.459968602825747,1.178082191780822,0.3275488069414317,0.266,510.6666666666667,0.2448210922787194,0.7526041666666666,0.286,152.0,1.0,35.0,143.0,637.0,531.0,118.0,29.0,4.0,79.0,0.39,0.362,86.0,0,7.0,,192.0,6,4,9.0,4.0,,74.06158833063209,79.74799999999999
2018,CL,阪神タイガース,81185135,伊藤　隼太,H.Itou,96.0,172.0,150.0,17.0,37.0,7.0,2.0,1.0,51.0,13.0,0.0,0,2.0,0.0,20.0,0,0.0,41.0,1.0,0.247,0.335,0.34,0.675,27.0,0.09300000000000003,0.08800000000000002,0.428,11.627906976744185,23.837209302325583,0.4878048780487805,0.3333333333333333,0.23575000000000002,448.33333333333337,0.22666666666666666,0.6228070175438597,0.247,37.0,1.0,13.0,96.0,172.0,150.0,27.0,7.0,2.0,17.0,0.335,0.34,20.0,0,0.0,,51.0,0.0,0,2.0,0.0,,17.1,17.586
2018,CL,読売ジャイアンツ,81285118,野上　亮磨,R.Nogami,25.0,21.0,17.0,0.0,1.0,0.0,0.0,0.0,1.0,0.0,0.0,0,2.0,0.0,2.0,0,0.0,9.0,0.0,0.059,0.158,0.059,0.217,1.0,0.0,0.099,0.158,9.523809523809524,42.857142857142854,0.2222222222222222,0.125,0.08585,177.66666666666666,0.11764705882352941,0.1875,0.059,1.0,0.0,0.0,25.0,21.0,17.0,1.0,0.0,0.0,0.0,0.158,0.059,2.0,0,0.0,,1.0,0.0,0,2.0,0.0,,0.15789473684210525,-0.4079999999999999
2018,CL,読売ジャイアンツ,81285132,中川　皓太,K.Nakagawa,30.0,2.0,2.0,0.0,0.0,0.0,0.0,0.0,0.0,0.0,0.0,0,0.0,0.0,0.0,0,0.0,1.0,0.0,0.0,0.0,0.0,0.0,0.0,0.0,0.0,0.0,0.0,50.0,0.0,0.0,0.0,0.0,0.0,0.0,0.0,0.0,0.0,0.0,30.0,2.0,2.0,0.0,0.0,0.0,0.0,0.0,0.0,0.0,0,0.0,,0.0,0.0,0,0.0,0.0,,0.0,-0.196
2018,CL,東京ヤクルトスワローズ,81285134,寺島　成輝,N.Terashima,1.0,0.0,0.0,0.0,0.0,0.0,0.0,0.0,0.0,0.0,0.0,0,0.0,0.0,0.0,0,0.0,0.0,0.0,,,,0.0,0.0,0.0,0.0,,nan,nan,nan,nan,0.0,0.0,nan,nan,,0.0,0.0,0.0,1.0,0.0,0.0,0.0,0.0,0.0,0.0,,,0.0,0,0.0,,0.0,0.0,0,0.0,0.0,,nan,0.0
2018,CL,横浜DeNAベイスターズ,81285135,中後　悠平,Y.Nakaushiro,8.0,0.0,0.0,0.0,0.0,0.0,0.0,0.0,0.0,0.0,0.0,0,0.0,0.0,0.0,0,0.0,0.0,0.0,,,,0.0,0.0,0.0,0.0,,nan,nan,nan,nan,0.0,0.0,nan,nan,,0.0,0.0,0.0,8.0,0.0,0.0,0.0,0.0,0.0,0.0,,,0.0,0,0.0,,0.0,0.0,0,0.0,0.0,,nan,0.0
2018,CL,読売ジャイアンツ,81385110,亀井　善行,Y.Kamei,123.0,461.0,422.0,47.0,107.0,20.0,0.0,13.0,166.0,49.0,4,0,0.0,1.0,36.0,0,2.0,70.0,6.0,0.254,0.315,0.393,0.708,74.0,0.139,0.061,0.454,7.809110629067245,15.184381778741866,0.5142857142857142,0.27647058823529413,0.24000000000000002,446.0,0.22511848341232227,0.6355140186915887,0.254,107.0,13.0,49.0,123.0,461.0,422.0,74.0,20.0,0.0,47.0,0.315,0.393,36.0,0,2.0,,166.0,4,0,0.0,1.0,,51.8296943231441,51.790000000000006
2018,CL,阪神タイガース,81385134,小野　泰己,T.Ono,23.0,44.0,36.0,3.0,2.0,1.0,0.0,0.0,3.0,1.0,0.0,0,7.0,0.0,1.0,0,0.0,26.0,0.0,0.056,0.081,0.083,0.164,1.0,0.027000000000000003,0.025,0.108,2.272727272727273,59.09090909090909,0.038461538461538464,0.2,0.0572,108.66666666666667,0.05555555555555555,0.11764705882352941,0.056,2.0,0.0,1.0,23.0,44.0,36.0,1.0,1.0,0.0,3.0,0.081,0.083,1.0,0,0.0,,3.0,0.0,0,7.0,0.0,,0.24324324324324326,-1.7820000000000003
2018,CL,東京ヤクルトスワローズ,81485116,三輪　正義,M.Miwa,25.0,24.0,17.0,2.0,2.0,0.0,0.0,0.0,2.0,1.0,0.0,0,5.0,0.0,2.0,0,0.0,4.0,0.0,0.118,0.211,0.118,0.32899999999999996,2.0,0.0,0.093,0.211,8.333333333333332,16.666666666666664,0.5,0.15384615384615385,0.12444999999999999,250.3333333333333,0.11764705882352941,0.26666666666666666,0.118,2.0,0.0,1.0,25.0,24.0,17.0,2.0,0.0,0.0,2.0,0.211,0.118,2.0,0,0.0,,2.0,0.0,0,5.0,0.0,,0.42105263157894735,0.19000000000000017
2018,CL,阪神タイガース,81485139,山本　翔也,S.Yamamoto,1.0,0.0,0.0,0.0,0.0,0.0,0.0,0.0,0.0,0.0,0.0,0,0.0,0.0,0.0,0,0.0,0.0,0.0,,,,0.0,0.0,0.0,0.0,,nan,nan,nan,nan,0.0,0.0,nan,nan,,0.0,0.0,0.0,1.0,0.0,0.0,0.0,0.0,0.0,0.0,,,0.0,0,0.0,,0.0,0.0,0,0.0,0.0,,nan,0.0
2018,CL,読売ジャイアンツ,81585131,河野　元貴,G.Kawano,4.0,1.0,1.0,0.0,0.0,0.0,0.0,0.0,0.0,0.0,0.0,0,0.0,0.0,0.0,0,0.0,0.0,0.0,0.0,0.0,0.0,0.0,0.0,0.0,0.0,0.0,0.0,0.0,nan,0.0,0.0,0.0,0.0,0.0,0.0,0.0,0.0,0.0,4.0,1.0,1.0,0.0,0.0,0.0,0.0,0.0,0.0,0.0,0,0.0,,0.0,0.0,0,0.0,0.0,,0.0,-0.098
2018,CL,中日ドラゴンズ,81585134,京田　陽太,Y.Kyouda,143.0,632.0,578.0,73.0,136.0,15.0,7.0,4.0,177.0,44.0,20,10,26.0,3.0,19.0,0,6.0,111.0,12.0,0.235,0.266,0.306,0.5720000000000001,110.0,0.07100000000000001,0.031000000000000028,0.337,3.0063291139240507,17.563291139240505,0.17117117117117117,0.2832618025751073,0.1962,368.0,0.12110726643598616,0.4669603524229075,0.235,136.0,4.0,44.0,143.0,632.0,578.0,110.0,15.0,7.0,73.0,0.266,0.306,19.0,0,6.0,,177.0,20,10,26.0,3.0,,45.95477386934673,45.574
2018,CL,阪神タイガース,81585136,熊谷　敬宥,T.Kumagai,19.0,18.0,13.0,10.0,3.0,0.0,0.0,0.0,3.0,2.0,3,1,3.0,0.0,2.0,0,0.0,3.0,1.0,0.231,0.333,0.231,0.5640000000000001,3.0,0.0,0.10200000000000001,0.333,11.11111111111111,16.666666666666664,0.6666666666666666,0.3,0.2076,410.00000000000006,0.23076923076923078,0.5454545454545454,0.231,3.0,0.0,2.0,19.0,18.0,13.0,3.0,0.0,0.0,10.0,0.333,0.231,2.0,0,0.0,,3.0,3,1,3.0,0.0,,1.0,1.3600000000000003
2018,CL,阪神タイガース,81685118,山崎　憲晴,N.Yamazaki,32.0,22.0,18.0,3.0,4.0,1.0,0.0,0.0,5.0,2.0,0.0,0,3.0,0.0,1.0,0,0.0,4.0,0.0,0.222,0.263,0.278,0.541,3.0,0.05600000000000002,0.04100000000000001,0.319,4.545454545454546,18.181818181818183,0.25,0.2857142857142857,0.18785000000000002,355.6666666666667,0.1111111111111111,0.42857142857142855,0.222,4.0,0.0,2.0,32.0,22.0,18.0,3.0,1.0,0.0,3.0,0.263,0.278,1.0,0,0.0,,5.0,0.0,0,3.0,0.0,,1.3157894736842106,1.1779999999999997
2018,CL,広島東洋カープ,81685132,船越　涼太,R.Funakoshi,1.0,0.0,0.0,0.0,0.0,0.0,0.0,0.0,0.0,0.0,0.0,0,0.0,0.0,0.0,0,0.0,0.0,0.0,,,,0.0,0.0,0.0,0.0,,nan,nan,nan,nan,0.0,0.0,nan,nan,,0.0,0.0,0.0,1.0,0.0,0.0,0.0,0.0,0.0,0.0,,,0.0,0,0.0,,0.0,0.0,0,0.0,0.0,,nan,0.0
2018,CL,阪神タイガース,81685133,森越　祐人,Y.Morikoshi,16.0,39.0,32.0,5.0,4.0,0.0,0.0,0.0,4.0,1.0,0,1,2.0,0.0,5.0,0,0.0,7.0,1.0,0.125,0.243,0.125,0.368,4.0,0.0,0.118,0.243,12.82051282051282,17.94871794871795,0.7142857142857143,0.16,0.1406,284.6666666666667,0.1875,0.3448275862068966,0.125,4.0,0.0,1.0,16.0,39.0,32.0,4.0,0.0,0.0,5.0,0.243,0.125,5.0,0,0.0,,4.0,0,1,2.0,0.0,,0.972972972972973,1.0860000000000003
2018,CL,東京ヤクルトスワローズ,81785116,由規,Y.Yoshinori（satou,7.0,10.0,10.0,0.0,0.0,0.0,0.0,0.0,0.0,0.0,0.0,0,0.0,0.0,0.0,0,0.0,7.0,0.0,0.0,0.0,0.0,0.0,0.0,0.0,0.0,0.0,0.0,70.0,0.0,0.0,0.0,0.0,0.0,0.0,0.0,0.0,0.0,0.0,7.0,10.0,10.0,0.0,0.0,0.0,0.0,0.0,0.0,0.0,0,0.0,,0.0,0.0,0,0.0,0.0,,0.0,-0.98
2018,CL,中日ドラゴンズ,81785130,近藤　弘基,H.Kondou,5.0,4.0,4.0,0.0,0.0,0.0,0.0,0.0,0.0,0.0,0.0,0,0.0,0.0,0.0,0,0.0,3.0,0.0,0.0,0.0,0.0,0.0,0.0,0.0,0.0,0.0,0.0,75.0,0.0,0.0,0.0,0.0,0.0,0.0,0.0,0.0,0.0,0.0,5.0,4.0,4.0,0.0,0.0,0.0,0.0,0.0,0.0,0.0,0,0.0,,0.0,0.0,0,0.0,0.0,,0.0,-0.392
2018,CL,広島東洋カープ,81785131,庄司　隼人,H.Shouji,12.0,15.0,14.0,1.0,0.0,0.0,0.0,0.0,0.0,0.0,0.0,0,0.0,0.0,1.0,0,0.0,2.0,0.0,0.0,0.067,0.0,0.067,0.0,0.0,0.067,0.067,6.666666666666667,13.333333333333334,0.5,0.0,0.030150000000000003,67.0,0.07142857142857142,0.07142857142857142,0.0,0.0,0.0,0.0,12.0,15.0,14.0,0.0,0.0,0.0,1.0,0.067,0.0,1.0,0,0.0,,0.0,0.0,0,0.0,0.0,,0.0,-1.042
2018,CL,広島東洋カープ,81785137,鈴木　誠也,S.Suzuki,124.0,520.0,422.0,86.0,135.0,32.0,2.0,30.0,261.0,94.0,4.0,4,0.0,5.0,88.0,0,5.0,116.0,4.0,0.32,0.438,0.618,1.056,71.0,0.298,0.118,0.736,16.923076923076923,22.30769230769231,0.7586206896551724,0.3736654804270463,0.3516,644.0,0.5165876777251185,1.2302405498281788,0.32,135.0,30.0,94.0,124.0,520.0,422.0,71.0,32.0,2.0,86.0,0.438,0.618,88.0,0,5.0,,261.0,4.0,4,0.0,5.0,,114.12352941176471,107.10399999999998
2018,CL,中日ドラゴンズ,81785139,鈴木　翔太,S.Suzuki,2.0,3.0,3.0,0.0,0.0,0.0,0.0,0.0,0.0,0.0,0.0,0,0.0,0.0,0.0,0,0.0,2.0,0.0,0.0,0.0,0.0,0.0,0.0,0.0,0.0,0.0,0.0,66.66666666666666,0.0,0.0,0.0,0.0,0.0,0.0,0.0,0.0,0.0,0.0,2.0,3.0,3.0,0.0,0.0,0.0,0.0,0.0,0.0,0.0,0,0.0,,0.0,0.0,0,0.0,0.0,,0.0,-0.29400000000000004
2018,CL,横浜DeNAベイスターズ,81885130,山下　幸輝,K.Yamashita,21.0,65.0,63.0,3.0,14.0,2.0,0.0,1.0,19.0,3.0,1,0,2.0,0.0,0.0,0,0.0,13.0,1.0,0.222,0.222,0.302,0.524,11.0,0.07999999999999999,0.0,0.302,0.0,20.0,0.0,0.2653061224489796,0.1754,322.66666666666663,0.07936507936507936,0.38,0.222,14.0,1.0,3.0,21.0,65.0,63.0,11.0,2.0,0.0,3.0,0.222,0.302,0.0,0,0.0,,19.0,1,0,2.0,0.0,,4.222222222222222,3.5779999999999985
2018,CL,阪神タイガース,81885132,望月　惇志,A.Mochizuki,37.0,0.0,0.0,0.0,0.0,0.0,0.0,0.0,0.0,0.0,0.0,0,0.0,0.0,0.0,0,0.0,0.0,0.0,,,,0.0,0.0,0.0,0.0,,nan,nan,nan,nan,0.0,0.0,nan,nan,,0.0,0.0,0.0,37.0,0.0,0.0,0.0,0.0,0.0,0.0,,,0.0,0,0.0,,0.0,0.0,0,0.0,0.0,,nan,0.0
2018,CL,読売ジャイアンツ,81985118,立岡　宗一郎,S.Tateoka,42.0,60.0,52.0,10.0,12.0,0.0,0.0,0.0,12.0,5.0,4,0,0.0,0.0,7.0,0,1.0,11.0,2.0,0.231,0.333,0.231,0.5640000000000001,12.0,0.0,0.10200000000000001,0.333,11.666666666666666,18.333333333333332,0.6363636363636364,0.2926829268292683,0.2076,410.00000000000006,0.1346153846153846,0.47619047619047616,0.231,12.0,0.0,5.0,42.0,60.0,52.0,12.0,0.0,0.0,10.0,0.333,0.231,7.0,0,1.0,,12.0,4,0,0.0,0.0,,3.864406779661017,4.720000000000001
2018,CL,読売ジャイアンツ,81985133,澤村　拓一,H.Sawamura,49.0,0.0,0.0,0.0,0.0,0.0,0.0,0.0,0.0,0.0,0.0,0,0.0,0.0,0.0,0,0.0,0.0,0.0,,,,0.0,0.0,0.0,0.0,,nan,nan,nan,nan,0.0,0.0,nan,nan,,0.0,0.0,0.0,49.0,0.0,0.0,0.0,0.0,0.0,0.0,,,0.0,0,0.0,,0.0,0.0,0,0.0,0.0,,nan,0.0
2018,CL,読売ジャイアンツ,81985137,辻　東倫,H.Tsuji,8.0,10.0,10.0,0.0,1.0,0.0,0.0,0.0,1.0,0.0,0.0,0,0.0,0.0,0.0,0,0.0,1.0,1.0,0.1,0.1,0.1,0.2,1.0,0.0,0.0,0.1,0.0,10.0,0.0,0.1111111111111111,0.07,133.33333333333334,0.0,0.1,0.1,1.0,0.0,0.0,8.0,10.0,10.0,1.0,0.0,0.0,0.0,0.1,0.1,0.0,0,0.0,,1.0,0.0,0,0.0,0.0,,0.1,-0.382
2018,CL,東京ヤクルトスワローズ,83585136,D.ハフ,D.Huff,35.0,22.0,20.0,0.0,2.0,1.0,0.0,0.0,3.0,0.0,0.0,0,2.0,0.0,0.0,0,0.0,13.0,0.0,0.1,0.1,0.15,0.25,1.0,0.04999999999999999,0.0,0.15,0.0,59.09090909090909,0.0,0.2857142857142857,0.0825,150.0,0.05,0.16666666666666666,0.1,2.0,0.0,0.0,35.0,22.0,20.0,1.0,1.0,0.0,0.0,0.1,0.15,0.0,0,0.0,,3.0,0.0,0,2.0,0.0,,0.3,-0.544
2018,CL,阪神タイガース,83785132,M.マテオ,M.Mateo,17.0,0.0,0.0,0.0,0.0,0.0,0.0,0.0,0.0,0.0,0.0,0,0.0,0.0,0.0,0,0.0,0.0,0.0,,,,0.0,0.0,0.0,0.0,,nan,nan,nan,nan,0.0,0.0,nan,nan,,0.0,0.0,0.0,17.0,0.0,0.0,0.0,0.0,0.0,0.0,,,0.0,0,0.0,,0.0,0.0,0,0.0,0.0,,nan,0.0
2018,CL,横浜DeNAベイスターズ,83785133,E.バリオス,E.Barrios,14.0,14.0,13.0,0.0,1.0,0.0,0.0,0.0,1.0,0.0,0.0,0,1.0,0.0,0.0,0,0.0,7.0,0.0,0.077,0.077,0.077,0.154,1.0,0.0,0.0,0.077,0.0,50.0,0.0,0.16666666666666666,0.0539,102.66666666666667,0.0,0.08333333333333333,0.077,1.0,0.0,0.0,14.0,14.0,13.0,1.0,0.0,0.0,0.0,0.077,0.077,0.0,0,0.0,,1.0,0.0,0,1.0,0.0,,0.07692307692307693,-0.6760000000000002
2018,CL,読売ジャイアンツ,83985132,S.アダメス,S.Adames,28.0,0.0,0.0,0.0,0.0,0.0,0.0,0.0,0.0,0.0,0.0,0,0.0,0.0,0.0,0,0.0,0.0,0.0,,,,0.0,0.0,0.0,0.0,,nan,nan,nan,nan,0.0,0.0,nan,nan,,0.0,0.0,0.0,28.0,0.0,0.0,0.0,0.0,0.0,0.0,,,0.0,0,0.0,,0.0,0.0,0,0.0,0.0,,nan,0.0
2018,CL,中日ドラゴンズ,83985136,J.ロドリゲス,J.Rodriguez,26.0,0.0,0.0,0.0,0.0,0.0,0.0,0.0,0.0,0.0,0.0,0,0.0,0.0,0.0,0,0.0,0.0,0.0,,,,0.0,0.0,0.0,0.0,,nan,nan,nan,nan,0.0,0.0,nan,nan,,0.0,0.0,0.0,26.0,0.0,0.0,0.0,0.0,0.0,0.0,,,0.0,0,0.0,,0.0,0.0,0,0.0,0.0,,nan,0.0
2018,CL,広島東洋カープ,91095132,高橋　樹也,M.Takahashi,9.0,4.0,4.0,0.0,0.0,0.0,0.0,0.0,0.0,0.0,0.0,0,0.0,0.0,0.0,0,0.0,2.0,0.0,0.0,0.0,0.0,0.0,0.0,0.0,0.0,0.0,0.0,50.0,0.0,0.0,0.0,0.0,0.0,0.0,0.0,0.0,0.0,0.0,9.0,4.0,4.0,0.0,0.0,0.0,0.0,0.0,0.0,0.0,0,0.0,,0.0,0.0,0,0.0,0.0,,0.0,-0.392
2018,CL,中日ドラゴンズ,91095135,高橋　周平,S.Takahashi,128.0,477.0,433.0,35.0,110.0,26.0,2.0,11.0,173.0,69.0,0.0,0,8.0,3.0,30.0,0,3.0,89.0,9.0,0.254,0.305,0.4,0.7050000000000001,71.0,0.14600000000000002,0.05099999999999999,0.451,6.289308176100629,18.658280922431867,0.33707865168539325,0.29464285714285715,0.23725000000000002,438.33333333333337,0.21478060046189376,0.6204819277108434,0.254,110.0,11.0,69.0,128.0,477.0,433.0,71.0,26.0,2.0,35.0,0.305,0.4,30.0,0,3.0,,173.0,0.0,0,8.0,3.0,,52.31101511879049,51.376000000000005
2018,CL,阪神タイガース,91095136,髙橋　遥人,H.Takahashi,6.0,12.0,11.0,0.0,1.0,0.0,0.0,0.0,1.0,0.0,0.0,0,0.0,0.0,1.0,0,0.0,8.0,0.0,0.091,0.167,0.091,0.258,1.0,0.0,0.07600000000000001,0.167,8.333333333333332,66.66666666666666,0.125,0.3333333333333333,0.09790000000000001,197.33333333333334,0.09090909090909091,0.2,0.091,1.0,0.0,0.0,6.0,12.0,11.0,1.0,0.0,0.0,0.0,0.167,0.091,1.0,0,0.0,,1.0,0.0,0,0.0,0.0,,0.16666666666666666,-0.1499999999999999
2018,CL,東京ヤクルトスワローズ,91095139,西浦　直亨,N.Nishiura,138.0,550.0,479.0,57.0,116.0,28.0,0.0,10.0,174.0,55.0,1,2,20.0,3.0,40.0,0,8.0,88.0,10.0,0.242,0.309,0.363,0.6719999999999999,78.0,0.121,0.067,0.43,7.2727272727272725,16.0,0.45454545454545453,0.2760416666666667,0.2298,430.0,0.20876826722338204,0.6005361930294906,0.242,116.0,10.0,55.0,138.0,550.0,479.0,78.0,28.0,0.0,57.0,0.309,0.363,40.0,0,8.0,,174.0,1,2,20.0,3.0,,52.30057803468208,54.18600000000001
2018,CL,横浜DeNAベイスターズ,91195110,石川　雄洋,T.Ishikawa,41.0,91.0,74.0,10.0,17.0,1.0,0.0,0.0,18.0,7.0,5,3,4.0,2.0,11.0,0,0.0,19.0,1.0,0.23,0.322,0.243,0.565,16.0,0.012999999999999984,0.092,0.3349999999999999,12.087912087912088,20.87912087912088,0.5789473684210527,0.2982456140350877,0.20565,403.0,0.20270270270270271,0.5517241379310345,0.23,17.0,0.0,7.0,41.0,91.0,74.0,16.0,1.0,0.0,10.0,0.322,0.243,11.0,0,0.0,,18.0,5,3,4.0,2.0,,5.929411764705883,7.304
2018,CL,広島東洋カープ,91195116,安部　友裕,T.Abe,72.0,252.0,220.0,32.0,52.0,11.0,4.0,4.0,83.0,24.0,7,1,7.0,2.0,21.0,0,2.0,60.0,1.0,0.236,0.306,0.377,0.683,33.0,0.14100000000000001,0.07,0.447,8.333333333333332,23.809523809523807,0.35,0.3037974683544304,0.23195,431.66666666666663,0.2409090909090909,0.6331360946745562,0.236,52.0,4.0,24.0,72.0,252.0,220.0,33.0,11.0,4.0,32.0,0.306,0.377,21.0,0,2.0,,83.0,7,1,7.0,2.0,,25.141078838174273,25.646000000000004
2018,CL,阪神タイガース,91195119,糸井　嘉男,Y.Itoi,119.0,509.0,419.0,60.0,129.0,24.0,0.0,16.0,201.0,68.0,22,3,0.0,5.0,77.0,0,8.0,63.0,9.0,0.308,0.42,0.48,0.8999999999999999,89.0,0.172,0.11199999999999999,0.592,15.12770137524558,12.37721021611002,1.2222222222222223,0.32753623188405795,0.309,580.0,0.3627684964200477,0.9665551839464883,0.308,129.0,16.0,68.0,119.0,509.0,419.0,89.0,24.0,0.0,60.0,0.42,0.48,77.0,0,8.0,,201.0,22,3,0.0,5.0,,83.47983870967742,84.99
2018,CL,広島東洋カープ,91195130,飯田　哲矢,T.Iida,14.0,0.0,0.0,0.0,0.0,0.0,0.0,0.0,0.0,0.0,0.0,0,0.0,0.0,0.0,0,0.0,0.0,0.0,,,,0.0,0.0,0.0,0.0,,nan,nan,nan,nan,0.0,0.0,nan,nan,,0.0,0.0,0.0,14.0,0.0,0.0,0.0,0.0,0.0,0.0,,,0.0,0,0.0,,0.0,0.0,0,0.0,0.0,,nan,0.0
2018,CL,読売ジャイアンツ,91195134,池田　駿,S.Ikeda,27.0,0.0,0.0,0.0,0.0,0.0,0.0,0.0,0.0,0.0,0.0,0,0.0,0.0,0.0,0,0.0,0.0,0.0,,,,0.0,0.0,0.0,0.0,,nan,nan,nan,nan,0.0,0.0,nan,nan,,0.0,0.0,0.0,27.0,0.0,0.0,0.0,0.0,0.0,0.0,,,0.0,0,0.0,,0.0,0.0,0,0.0,0.0,,nan,0.0
2018,CL,東京ヤクルトスワローズ,91195139,秋吉　亮,R.Akiyoshi,35.0,1.0,0.0,0.0,0.0,0.0,0.0,0.0,0.0,0.0,0.0,0,1.0,0.0,0.0,0,0.0,0.0,0.0,,,,0.0,0.0,0.0,0.0,,0.0,0.0,nan,nan,0.0,0.0,nan,nan,,0.0,0.0,0.0,35.0,1.0,0.0,0.0,0.0,0.0,0.0,,,0.0,0,0.0,,0.0,0.0,0,1.0,0.0,,nan,0.0
2018,CL,広島東洋カープ,91295133,中村　恭平,K.Nakamura,8.0,1.0,1.0,0.0,0.0,0.0,0.0,0.0,0.0,0.0,0.0,0,0.0,0.0,0.0,0,0.0,1.0,0.0,0.0,0.0,0.0,0.0,0.0,0.0,0.0,0.0,0.0,100.0,0.0,nan,0.0,0.0,0.0,0.0,0.0,0.0,0.0,0.0,8.0,1.0,1.0,0.0,0.0,0.0,0.0,0.0,0.0,0.0,0,0.0,,0.0,0.0,0,0.0,0.0,,0.0,-0.098
2018,CL,東京ヤクルトスワローズ,91295139,藤井　亮太,R.Fujii,38.0,59.0,51.0,10.0,14.0,2.0,0.0,0.0,16.0,4.0,1,3,2.0,0.0,5.0,0,1.0,12.0,0.0,0.275,0.351,0.314,0.665,12.0,0.03899999999999998,0.07599999999999996,0.3899999999999999,8.47457627118644,20.33898305084746,0.4166666666666667,0.358974358974359,0.23645,455.6666666666667,0.19607843137254902,0.6756756756756757,0.275,14.0,0.0,4.0,38.0,59.0,51.0,12.0,2.0,0.0,10.0,0.351,0.314,5.0,0,1.0,,16.0,1,3,2.0,0.0,,5.428571428571429,6.3340000000000005
2018,CL,阪神タイガース,91395110,岡﨑　太一,T.Okazaki,6.0,13.0,11.0,1.0,0.0,0.0,0.0,0.0,0.0,0.0,0.0,0,2.0,0.0,0.0,0,0.0,2.0,0.0,0.0,0.0,0.0,0.0,0.0,0.0,0.0,0.0,0.0,15.384615384615385,0.0,0.0,0.0,0.0,0.0,0.0,0.0,0.0,0.0,0.0,6.0,13.0,11.0,0.0,0.0,0.0,1.0,0.0,0.0,0.0,0,0.0,,0.0,0.0,0,2.0,0.0,,0.0,-1.078
2018,CL,阪神タイガース,91395132,板山　祐太郎,Y.Itayama,20.0,39.0,35.0,1.0,9.0,0.0,0.0,1.0,12.0,3.0,0.0,0,0.0,1.0,3.0,0,0.0,14.0,4.0,0.257,0.308,0.343,0.651,8.0,0.08600000000000002,0.05099999999999999,0.394,7.6923076923076925,35.8974358974359,0.21428571428571427,0.38095238095238093,0.22435,422.3333333333333,0.17142857142857143,0.5,0.257,9.0,1.0,3.0,20.0,39.0,35.0,8.0,0.0,0.0,1.0,0.308,0.343,3.0,0,0.0,,12.0,0.0,0,0.0,1.0,,3.789473684210526,3.8819999999999997
2018,CL,東京ヤクルトスワローズ,91395134,大村　孟,H.Oomura,9.0,10.0,8.0,1.0,1.0,1.0,0.0,0.0,2.0,0.0,0.0,0,0.0,0.0,2.0,0,0.0,4.0,0.0,0.125,0.3,0.25,0.55,0.0,0.125,0.175,0.425,20.0,40.0,0.5,0.25,0.1975,383.3333333333333,0.375,0.5714285714285714,0.125,1.0,0.0,0.0,9.0,10.0,8.0,0.0,1.0,0.0,1.0,0.3,0.25,2.0,0,0.0,,2.0,0.0,0,0.0,0.0,,0.6,0.6939999999999998
2018,CL,阪神タイガース,91495134,長坂　拳弥,K.Nagasaka,9.0,9.0,8.0,0.0,1.0,1.0,0.0,0.0,2.0,0.0,0.0,0,1.0,0.0,0.0,0,0.0,1.0,0.0,0.125,0.125,0.25,0.375,0.0,0.125,0.0,0.25,0.0,11.11111111111111,0.0,0.14285714285714285,0.11875,208.33333333333331,0.125,0.2857142857142857,0.125,1.0,0.0,0.0,9.0,9.0,8.0,0.0,1.0,0.0,0.0,0.125,0.25,0.0,0,0.0,,2.0,0.0,0,1.0,0.0,,0.25,0.03399999999999992
2018,CL,東京ヤクルトスワローズ,91595114,大引　啓次,K.Oobiki,47.0,136.0,123.0,15.0,43.0,5.0,0.0,5.0,63.0,15.0,0,2,3.0,0.0,10.0,0,0.0,30.0,3.0,0.35,0.398,0.512,0.91,33.0,0.16200000000000003,0.04800000000000004,0.56,7.352941176470589,22.058823529411764,0.3333333333333333,0.4318181818181818,0.30710000000000004,568.6666666666666,0.2601626016260163,0.9036144578313253,0.35,43.0,5.0,15.0,47.0,136.0,123.0,33.0,5.0,0.0,15.0,0.398,0.512,10.0,0,0.0,,63.0,0,2,3.0,0.0,,25.105263157894736,23.12
2018,CL,東京ヤクルトスワローズ,91595130,風張　蓮,R.Kazahari,54.0,3.0,3.0,0.0,0.0,0.0,0.0,0.0,0.0,0.0,0.0,0,0.0,0.0,0.0,0,0.0,1.0,0.0,0.0,0.0,0.0,0.0,0.0,0.0,0.0,0.0,0.0,33.33333333333333,0.0,0.0,0.0,0.0,0.0,0.0,0.0,0.0,0.0,0.0,54.0,3.0,3.0,0.0,0.0,0.0,0.0,0.0,0.0,0.0,0,0.0,,0.0,0.0,0,0.0,0.0,,0.0,-0.29400000000000004
2018,CL,広島東洋カープ,91595132,岡田　明丈,A.Okada,26.0,49.0,43.0,3.0,6.0,0.0,0.0,0.0,6.0,3.0,0.0,0,4.0,1.0,1.0,0,0.0,25.0,2.0,0.14,0.156,0.14,0.29600000000000004,6.0,0.0,0.015999999999999986,0.156,2.0408163265306123,51.02040816326531,0.04,0.3157894736842105,0.1052,202.66666666666666,0.023255813953488372,0.1794871794871795,0.14,6.0,0.0,3.0,26.0,49.0,43.0,6.0,0.0,0.0,3.0,0.156,0.14,1.0,0,0.0,,6.0,0.0,0,4.0,1.0,,0.9545454545454546,-0.29600000000000026
2018,CL,東京ヤクルトスワローズ,91595139,奥村　展征,N.Okumura,32.0,46.0,41.0,6.0,9.0,1.0,0.0,1.0,13.0,4.0,0.0,0,1.0,1.0,3.0,0,0.0,10.0,0.0,0.22,0.267,0.317,0.5840000000000001,7.0,0.097,0.047000000000000014,0.364,6.521739130434782,21.73913043478261,0.3,0.25806451612903225,0.19940000000000002,372.6666666666667,0.17073170731707318,0.5,0.22,9.0,1.0,4.0,32.0,46.0,41.0,7.0,1.0,0.0,6.0,0.267,0.317,3.0,0,0.0,,13.0,0.0,0,1.0,1.0,,3.5454545454545454,3.5140000000000002
2018,CL,横浜DeNAベイスターズ,91695135,飛雄馬,H.Hyuuma（matsui,4.0,8.0,7.0,0.0,1.0,0.0,0.0,0.0,1.0,0.0,0,1,0.0,0.0,1.0,0,0.0,3.0,0.0,0.143,0.25,0.143,0.393,1.0,0.0,0.10700000000000001,0.25,12.5,37.5,0.3333333333333333,0.25,0.14825,297.66666666666663,0.2857142857142857,0.5,0.143,1.0,0.0,0.0,4.0,8.0,7.0,1.0,0.0,0.0,0.0,0.25,0.143,1.0,0,0.0,,1.0,0,1,0.0,0.0,,0.25,0.42199999999999993
2018,CL,東京ヤクルトスワローズ,91795115,近藤　一樹,K.Kondou,74.0,0.0,0.0,0.0,0.0,0.0,0.0,0.0,0.0,0.0,0.0,0,0.0,0.0,0.0,0,0.0,0.0,0.0,,,,0.0,0.0,0.0,0.0,,nan,nan,nan,nan,0.0,0.0,nan,nan,,0.0,0.0,0.0,74.0,0.0,0.0,0.0,0.0,0.0,0.0,,,0.0,0,0.0,,0.0,0.0,0,0.0,0.0,,nan,0.0
2018,CL,横浜DeNAベイスターズ,91795130,倉本　寿彦,T.Kuramoto,85.0,235.0,228.0,11.0,53.0,7.0,0.0,1.0,63.0,14.0,1,2,0.0,1.0,6.0,0,0.0,51.0,5.0,0.232,0.251,0.276,0.527,45.0,0.04400000000000001,0.01899999999999999,0.295,2.553191489361702,21.70212765957447,0.11764705882352941,0.2937853107344633,0.18195,343.0,0.07894736842105263,0.39444444444444443,0.232,53.0,1.0,14.0,85.0,235.0,228.0,45.0,7.0,0.0,11.0,0.251,0.276,6.0,0,0.0,,63.0,1,2,0.0,1.0,,15.884615384615385,14.169999999999998
2018,CL,広島東洋カープ,91795137,下水流　昂,K.Shimozuru,67.0,89.0,80.0,8.0,21.0,1.0,0.0,4.0,34.0,12.0,0,1,2.0,0.0,7.0,0,0.0,25.0,5.0,0.263,0.322,0.425,0.747,16.0,0.16199999999999998,0.059,0.484,7.865168539325842,28.08988764044944,0.28,0.3333333333333333,0.25115,463.6666666666667,0.2625,0.65625,0.263,21.0,4.0,12.0,67.0,89.0,80.0,16.0,1.0,0.0,8.0,0.322,0.425,7.0,0,0.0,,34.0,0,1,2.0,0.0,,10.942528735632184,11.187999999999999
2018,CL,読売ジャイアンツ,91795139,小林　誠司,S.Kobayashi,119.0,313.0,265.0,22.0,58.0,9.0,0.0,2.0,73.0,26.0,0.0,0,16.0,1.0,27.0,0,4.0,58.0,8.0,0.219,0.3,0.275,0.575,47.0,0.05600000000000002,0.08099999999999999,0.356,8.626198083067091,18.53035143769968,0.46551724137931033,0.27184466019417475,0.20375000000000001,391.6666666666667,0.15849056603773584,0.48372093023255813,0.219,58.0,2.0,26.0,119.0,313.0,265.0,47.0,9.0,0.0,22.0,0.3,0.275,27.0,0,4.0,,73.0,0.0,0,16.0,1.0,,21.25,22.804000000000002
2018,CL,広島東洋カープ,91895130,薮田　和樹,K.Yabuta,9.0,9.0,7.0,0.0,1.0,0.0,0.0,0.0,1.0,1.0,0.0,0,2.0,0.0,0.0,0,0.0,3.0,0.0,0.143,0.143,0.143,0.286,1.0,0.0,0.0,0.143,0.0,33.33333333333333,0.0,0.25,0.1001,190.66666666666666,0.0,0.16666666666666666,0.143,1.0,0.0,1.0,9.0,9.0,7.0,1.0,0.0,0.0,0.0,0.143,0.143,0.0,0,0.0,,1.0,0.0,0,2.0,0.0,,0.14285714285714285,-0.08800000000000008
2018,CL,東京ヤクルトスワローズ,91895133,山田　哲人,T.Yamada,140.0,637.0,524.0,130.0,165.0,30.0,4.0,34.0,305.0,89.0,33,4,0.0,3.0,106.0,0,4.0,119.0,8.0,0.315,0.432,0.582,1.014,97.0,0.26699999999999996,0.11699999999999999,0.699,16.64050235478807,18.681318681318682,0.8907563025210085,0.3502673796791444,0.3399,626.0,0.4770992366412214,1.1416893732970028,0.315,165.0,34.0,89.0,140.0,637.0,524.0,97.0,30.0,4.0,130.0,0.432,0.582,106.0,0,4.0,,305.0,33,4,0.0,3.0,,131.1984126984127,125.058
2018,CL,横浜DeNAベイスターズ,91895136,宮本　秀明,S.Miyamoto,21.0,25.0,25.0,6.0,4.0,0.0,0.0,2.0,10.0,2.0,4,1,0.0,0.0,0.0,0,0.0,8.0,1.0,0.16,0.16,0.4,0.56,2.0,0.24000000000000002,0.0,0.4,0.0,32.0,0.0,0.13333333333333333,0.17200000000000001,293.3333333333333,0.28,0.5,0.16,4.0,2.0,2.0,21.0,25.0,25.0,2.0,0.0,0.0,6.0,0.16,0.4,0.0,0,0.0,,10.0,4,1,0.0,0.0,,1.6,2.0019999999999993
2018,CL,読売ジャイアンツ,91995131,長野　久義,H.Chouno,116.0,426.0,383.0,49.0,111.0,16.0,0.0,13.0,166.0,52.0,3,2,0.0,1.0,41.0,0,1.0,69.0,5.0,0.29,0.359,0.433,0.792,82.0,0.14300000000000002,0.069,0.502,9.624413145539906,16.19718309859155,0.5942028985507246,0.32450331125827814,0.2698,503.3333333333333,0.2558746736292428,0.7581227436823105,0.29,111.0,13.0,52.0,116.0,426.0,383.0,82.0,16.0,0.0,49.0,0.359,0.433,41.0,0,1.0,,166.0,3,2,0.0,1.0,,59.509433962264154,58.80399999999999
2018,CL,横浜DeNAベイスターズ,91995134,佐野　恵太,K.Sano,73.0,130.0,126.0,6.0,29.0,4.0,0.0,5.0,48.0,14.0,1,0,0.0,1.0,3.0,0,0.0,26.0,3.0,0.23,0.246,0.381,0.627,20.0,0.151,0.015999999999999986,0.397,2.307692307692308,20.0,0.11538461538461539,0.25,0.20595000000000002,373.0,0.1746031746031746,0.51,0.23,29.0,5.0,14.0,73.0,130.0,126.0,20.0,4.0,0.0,6.0,0.246,0.381,3.0,0,0.0,,48.0,1,0,0.0,1.0,,11.906976744186046,11.563999999999997
2018,CL,阪神タイガース,91995136,島田　海吏,K.Shimada,12.0,37.0,35.0,5.0,7.0,1.0,1.0,0.0,10.0,1.0,0,1,1.0,0.0,1.0,0,0.0,7.0,0.0,0.2,0.222,0.286,0.508,5.0,0.08599999999999997,0.021999999999999992,0.3079999999999999,2.7027027027027026,18.91891891891892,0.14285714285714285,0.25,0.1714,317.33333333333337,0.14285714285714285,0.42857142857142855,0.2,7.0,0.0,1.0,12.0,37.0,35.0,5.0,1.0,1.0,5.0,0.222,0.286,1.0,0,0.0,,10.0,0,1,1.0,0.0,,2.2222222222222223,2.0259999999999994
2018,CL,中日ドラゴンズ,91995139,祖父江　大輔,D.Sobue,51.0,0.0,0.0,0.0,0.0,0.0,0.0,0.0,0.0,0.0,0.0,0,0.0,0.0,0.0,0,0.0,0.0,0.0,,,,0.0,0.0,0.0,0.0,,nan,nan,nan,nan,0.0,0.0,nan,nan,,0.0,0.0,0.0,51.0,0.0,0.0,0.0,0.0,0.0,0.0,,,0.0,0,0.0,,0.0,0.0,0,0.0,0.0,,nan,0.0
2018,CL,阪神タイガース,93195131,R.メッセンジャー,R.Messenger,28.0,61.0,53.0,4.0,8.0,0.0,0.0,0.0,8.0,3.0,0.0,0,5.0,0.0,3.0,0,0.0,26.0,0.0,0.151,0.196,0.151,0.347,8.0,0.0,0.04500000000000001,0.196,4.918032786885246,42.62295081967213,0.11538461538461539,0.2962962962962963,0.12595,246.33333333333334,0.05660377358490566,0.24444444444444444,0.151,8.0,0.0,3.0,28.0,61.0,53.0,8.0,0.0,0.0,4.0,0.196,0.151,3.0,0,0.0,,8.0,0.0,0,5.0,0.0,,1.5714285714285714,0.5800000000000001
2018,CL,読売ジャイアンツ,93195132,山本　泰寛,Y.Yamamoto,38.0,120.0,102.0,15.0,26.0,4.0,1.0,0.0,32.0,3.0,2,0,3.0,0.0,13.0,0,2.0,19.0,2.0,0.255,0.35,0.314,0.6639999999999999,21.0,0.059,0.09499999999999997,0.409,10.833333333333334,15.833333333333332,0.6842105263157895,0.3132530120481928,0.236,454.6666666666667,0.18627450980392157,0.6025641025641025,0.255,26.0,0.0,3.0,38.0,120.0,102.0,21.0,4.0,1.0,15.0,0.35,0.314,13.0,0,2.0,,32.0,2,0,3.0,0.0,,10.852173913043478,11.921999999999997
2018,CL,横浜DeNAベイスターズ,93195137,J.ロペス,J.Lopez,110.0,459.0,441.0,46.0,127.0,23.0,0.0,26.0,228.0,77.0,0.0,0,0.0,1.0,16.0,0,1.0,58.0,12.0,0.288,0.314,0.517,0.831,78.0,0.22900000000000004,0.026000000000000023,0.543,3.485838779956427,12.636165577342048,0.27586206896551724,0.28212290502793297,0.27055,486.3333333333333,0.2653061224489796,0.7515337423312883,0.288,127.0,26.0,77.0,110.0,459.0,441.0,78.0,23.0,0.0,46.0,0.314,0.517,16.0,0,1.0,,228.0,0.0,0,0.0,1.0,,71.34354485776805,67.838
2018,CL,読売ジャイアンツ,93795136,T.ヤングマン,T.Jungmann,4.0,9.0,9.0,0.0,1.0,0.0,0.0,0.0,1.0,2.0,0.0,0,0.0,0.0,0.0,0,0.0,4.0,0.0,0.111,0.111,0.111,0.222,1.0,0.0,0.0,0.111,0.0,44.44444444444444,0.0,0.2,0.0777,148.0,0.0,0.125,0.111,1.0,0.0,2.0,4.0,9.0,9.0,1.0,0.0,0.0,0.0,0.111,0.111,0.0,0,0.0,,1.0,0.0,0,0.0,0.0,,0.1111111111111111,-0.28400000000000003
2018,CL,阪神タイガース,93995136,E.ナバーロ,E.Navarro,66.0,225.0,203.0,18.0,56.0,11.0,0.0,3.0,76.0,25.0,0.0,0,0.0,1.0,20.0,0,1.0,55.0,5.0,0.276,0.342,0.374,0.716,42.0,0.09799999999999998,0.066,0.44,8.88888888888889,24.444444444444443,0.36363636363636365,0.363013698630137,0.2474,466.6666666666667,0.19704433497536947,0.6381578947368421,0.276,56.0,3.0,25.0,66.0,225.0,203.0,42.0,11.0,0.0,18.0,0.342,0.374,20.0,0,1.0,,76.0,0.0,0,0.0,1.0,,25.90134529147982,25.764000000000003
