year,league,team,player_id,player_name_ja,player_name_en,G,PA,AB,R,H,2B,3B,HR,TB,RBI,SB,CS,SH,SF,BB,IBB,HBP,SO,GDP,AVG,OBP,SLG,OPS,1B,IsoP,IsoD,IOPS,BB%,K%,BB/K,BABIP,GPA,NOI,SecA,TA,打率,安打,本塁打,打点,試合,打席,打数,単打,二塁打,三塁打,得点,出塁率,長打率,四球,敬遠,死球,三振,塁打,盗塁,盗塁死,犠打,犠飛,併殺打,RC,XR
1995,CL,広島東洋カープ,1003880,山内　泰幸,Y.Yamauchi,41.0,60.0,57.0,0.0,4.0,0.0,0.0,0.0,4.0,3.0,0.0,0,3.0,0.0,0.0,0,0.0,21.0,1.0,0.07,0.07,0.07,0.14,4.0,0.0,0.0,0.07,0.0,35.0,0.0,0.1111111111111111,0.04900000000000001,93.33333333333334,0.0,0.07407407407407407,0.07,4.0,0.0,3.0,41.0,60.0,57.0,4.0,0.0,0.0,0.0,0.07,0.07,0.0,0,0.0,,4.0,0.0,0,3.0,0.0,,0.2807017543859649,-3.194
1995,CL,読売ジャイアンツ,1003889,柳沢　裕一,Y.Yanagisawa,4.0,1.0,1.0,0.0,0.0,0.0,0.0,0.0,0.0,0.0,0.0,0,0.0,0.0,0.0,0,0.0,0.0,0.0,0.0,0.0,0.0,0.0,0.0,0.0,0.0,0.0,0.0,0.0,nan,0.0,0.0,0.0,0.0,0.0,0.0,0.0,0.0,0.0,4.0,1.0,1.0,0.0,0.0,0.0,0.0,0.0,0.0,0.0,0,0.0,,0.0,0.0,0,0.0,0.0,,0.0,-0.098
1995,CL,阪神タイガース,11013847,真弓　明信,A.Mayumi,25.0,32.0,27.0,0.0,6.0,0.0,0.0,0.0,6.0,4.0,0,1,0.0,1.0,4.0,0,0.0,9.0,0.0,0.222,0.312,0.222,0.534,6.0,0.0,0.09,0.312,12.5,28.125,0.4444444444444444,0.3157894736842105,0.1959,386.0,0.18518518518518517,0.5238095238095238,0.222,6.0,0.0,4.0,25.0,32.0,27.0,6.0,0.0,0.0,0.0,0.312,0.222,4.0,0,0.0,,6.0,0,1,0.0,1.0,,1.935483870967742,2.4419999999999997
1995,CL,読売ジャイアンツ,1103860,井上　真二,S.Inoue,28.0,31.0,26.0,1.0,7.0,4.0,0.0,0.0,11.0,5.0,0.0,0,2.0,1.0,1.0,0,1.0,6.0,0.0,0.269,0.31,0.423,0.733,3.0,0.15399999999999997,0.04099999999999998,0.4639999999999999,3.225806451612903,19.35483870967742,0.16666666666666666,0.3333333333333333,0.24525000000000002,450.99999999999994,0.19230769230769232,0.6842105263157895,0.269,7.0,0.0,5.0,28.0,31.0,26.0,3.0,4.0,0.0,1.0,0.31,0.423,1.0,0,1.0,,11.0,0.0,0,2.0,1.0,,3.259259259259259,3.178
1995,CL,広島東洋カープ,1103863,井上　祐二,Y.Inoue,52.0,9.0,9.0,0.0,0.0,0.0,0.0,0.0,0.0,0.0,0.0,0,0.0,0.0,0.0,0,0.0,7.0,0.0,0.0,0.0,0.0,0.0,0.0,0.0,0.0,0.0,0.0,77.77777777777779,0.0,0.0,0.0,0.0,0.0,0.0,0.0,0.0,0.0,0.0,52.0,9.0,9.0,0.0,0.0,0.0,0.0,0.0,0.0,0.0,0,0.0,,0.0,0.0,0,0.0,0.0,,0.0,-0.882
1995,CL,阪神タイガース,1103864,猪俣　隆,T.Inomata,21.0,5.0,4.0,0.0,1.0,0.0,0.0,0.0,1.0,0.0,0.0,0,1.0,0.0,0.0,0,0.0,3.0,0.0,0.25,0.25,0.25,0.5,1.0,0.0,0.0,0.25,0.0,60.0,0.0,1.0,0.175,333.3333333333333,0.0,0.3333333333333333,0.25,1.0,0.0,0.0,21.0,5.0,4.0,1.0,0.0,0.0,0.0,0.25,0.25,0.0,0,0.0,,1.0,0.0,0,1.0,0.0,,0.25,0.20599999999999996
1995,CL,読売ジャイアンツ,1103883,元木　大介,D.Motoki,67.0,219.0,197.0,13.0,48.0,11.0,1.0,3.0,70.0,25.0,3.0,0,5.0,1.0,15.0,0,1.0,23.0,5.0,0.244,0.299,0.355,0.6539999999999999,33.0,0.11099999999999999,0.05499999999999999,0.41,6.8493150684931505,10.50228310502283,0.6521739130434783,0.2616279069767442,0.2233,417.3333333333333,0.20304568527918782,0.577922077922078,0.244,48.0,3.0,25.0,67.0,219.0,197.0,33.0,11.0,1.0,13.0,0.299,0.355,15.0,0,1.0,,70.0,3.0,0,5.0,1.0,,20.80188679245283,20.998
1995,CL,中日ドラゴンズ,1103885,井手元　健一朗,K.Idemoto,4.0,2.0,2.0,0.0,0.0,0.0,0.0,0.0,0.0,0.0,0.0,0,0.0,0.0,0.0,0,0.0,1.0,0.0,0.0,0.0,0.0,0.0,0.0,0.0,0.0,0.0,0.0,50.0,0.0,0.0,0.0,0.0,0.0,0.0,0.0,0.0,0.0,0.0,4.0,2.0,2.0,0.0,0.0,0.0,0.0,0.0,0.0,0.0,0,0.0,,0.0,0.0,0,0.0,0.0,,0.0,-0.196
1995,CL,阪神タイガース,11213864,八木　裕,H.Yagi,71.0,204.0,180.0,22.0,48.0,8.0,1.0,5.0,73.0,14.0,1,0,2.0,1.0,16.0,0,5.0,43.0,3.0,0.267,0.342,0.406,0.748,34.0,0.139,0.07500000000000001,0.481,7.8431372549019605,21.07843137254902,0.37209302325581395,0.3233082706766917,0.2554,477.33333333333337,0.22777777777777777,0.6962962962962963,0.267,48.0,5.0,14.0,71.0,204.0,180.0,34.0,8.0,1.0,22.0,0.342,0.406,16.0,0,5.0,,73.0,1,0,2.0,1.0,,23.836734693877553,24.994
1995,CL,横浜DeNAベイスターズ,11213867,畠山　準,H.Hatayama,100.0,237.0,209.0,20.0,46.0,12.0,0.0,7.0,79.0,29.0,0.0,0,2.0,1.0,24.0,0,1.0,55.0,2.0,0.22,0.302,0.378,0.6799999999999999,27.0,0.158,0.08199999999999999,0.4599999999999999,10.126582278481013,23.20675105485232,0.43636363636363634,0.2635135135135135,0.2304,428.0,0.2727272727272727,0.6303030303030303,0.22,46.0,7.0,29.0,100.0,237.0,209.0,27.0,12.0,0.0,20.0,0.302,0.378,24.0,0,1.0,,79.0,0.0,0,2.0,1.0,,23.733905579399142,24.496
1995,CL,読売ジャイアンツ,11313860,大久保　博元,H.Ookubo,14.0,25.0,24.0,2.0,4.0,1.0,0.0,1.0,8.0,2.0,0.0,0,0.0,0.0,0.0,0,1.0,8.0,0.0,0.167,0.2,0.333,0.533,2.0,0.166,0.033,0.366,0.0,32.0,0.0,0.2,0.17325000000000002,311.0,0.16666666666666666,0.45,0.167,4.0,1.0,2.0,14.0,25.0,24.0,2.0,1.0,0.0,2.0,0.2,0.333,0.0,0,1.0,,8.0,0.0,0,0.0,0.0,,1.3333333333333333,1.5300000000000002
1995,CL,東京ヤクルトスワローズ,11313864,大野　雄次,Y.Oono,46.0,33.0,29.0,2.0,8.0,2.0,0.0,1.0,13.0,11.0,0.0,0,0.0,1.0,3.0,0,0.0,9.0,2.0,0.276,0.333,0.448,0.781,5.0,0.172,0.056999999999999995,0.505,9.090909090909092,27.27272727272727,0.3333333333333333,0.35,0.26185,482.33333333333337,0.27586206896551724,0.6956521739130435,0.276,8.0,1.0,11.0,46.0,33.0,29.0,5.0,2.0,0.0,2.0,0.333,0.448,3.0,0,0.0,,13.0,0.0,0,0.0,1.0,,4.46875,4.311999999999999
1995,CL,中日ドラゴンズ,11313883,小島　弘務,H.Kojima,25.0,6.0,5.0,0.0,0.0,0.0,0.0,0.0,0.0,0.0,0.0,0,1.0,0.0,0.0,0,0.0,2.0,0.0,0.0,0.0,0.0,0.0,0.0,0.0,0.0,0.0,0.0,33.33333333333333,0.0,0.0,0.0,0.0,0.0,0.0,0.0,0.0,0.0,0.0,25.0,6.0,5.0,0.0,0.0,0.0,0.0,0.0,0.0,0.0,0,0.0,,0.0,0.0,0,1.0,0.0,,0.0,-0.49
1995,CL,横浜DeNAベイスターズ,11313885,有働　克也,K.Udou,24.0,25.0,23.0,0.0,2.0,0.0,0.0,0.0,2.0,0.0,0.0,0,1.0,0.0,1.0,0,0.0,10.0,2.0,0.087,0.125,0.087,0.212,2.0,0.0,0.038000000000000006,0.125,4.0,40.0,0.1,0.15384615384615385,0.078,154.0,0.043478260869565216,0.13043478260869565,0.087,2.0,0.0,0.0,24.0,25.0,23.0,2.0,0.0,0.0,0.0,0.125,0.087,1.0,0,0.0,,2.0,0.0,0,1.0,0.0,,0.25,-0.7280000000000002
1995,CL,東京ヤクルトスワローズ,11313887,小倉　恒,H.Ogura,7.0,0.0,0.0,0.0,0.0,0.0,0.0,0.0,0.0,0.0,0.0,0,0.0,0.0,0.0,0,0.0,0.0,0.0,,,,0.0,0.0,0.0,0.0,,nan,nan,nan,nan,0.0,0.0,nan,nan,,0.0,0.0,0.0,7.0,0.0,0.0,0.0,0.0,0.0,0.0,,,0.0,0,0.0,,0.0,0.0,0,0.0,0.0,,nan,0.0
1995,CL,読売ジャイアンツ,11513862,桑田　真澄,M.Kuwata,9.0,25.0,18.0,2.0,3.0,0.0,0.0,0.0,3.0,0.0,0.0,0,5.0,0.0,2.0,0,0.0,3.0,1.0,0.167,0.25,0.167,0.41700000000000004,3.0,0.0,0.08299999999999999,0.25,8.0,12.0,0.6666666666666666,0.2,0.15425,305.66666666666663,0.1111111111111111,0.3125,0.167,3.0,0.0,0.0,9.0,25.0,18.0,3.0,0.0,0.0,2.0,0.25,0.167,2.0,0,0.0,,3.0,0.0,0,5.0,0.0,,0.75,0.6900000000000002
1995,CL,東京ヤクルトスワローズ,11513883,岡林　洋一,Y.Okabayashi,27.0,36.0,30.0,1.0,6.0,0.0,0.0,0.0,6.0,1.0,0.0,0,6.0,0.0,0.0,0,0.0,11.0,1.0,0.2,0.2,0.2,0.4,6.0,0.0,0.0,0.2,0.0,30.555555555555557,0.0,0.3157894736842105,0.14,266.6666666666667,0.0,0.24,0.2,6.0,0.0,1.0,27.0,36.0,30.0,6.0,0.0,0.0,1.0,0.2,0.2,0.0,0,0.0,,6.0,0.0,0,6.0,0.0,,1.2,0.6479999999999997
1995,CL,東京ヤクルトスワローズ,11613881,古田　敦也,A.Furuta,130.0,551.0,487.0,88.0,143.0,18.0,1.0,21.0,226.0,76.0,6,0,5.0,7.0,46.0,0,6.0,51.0,24.0,0.294,0.357,0.464,0.821,103.0,0.17000000000000004,0.063,0.527,8.348457350272232,9.25589836660617,0.9019607843137255,0.2890995260663507,0.27665,511.66666666666674,0.2648870636550308,0.7554347826086957,0.294,143.0,21.0,76.0,130.0,551.0,487.0,103.0,18.0,1.0,88.0,0.357,0.464,46.0,0,6.0,,226.0,6,0,5.0,7.0,,80.13883677298311,79.18799999999999
1995,CL,阪神タイガース,11713883,湯舟　敏郎,T.Yufune,33.0,58.0,53.0,1.0,3.0,1.0,0.0,0.0,4.0,3.0,0.0,0,3.0,0.0,2.0,0,0.0,28.0,1.0,0.057,0.091,0.075,0.16599999999999998,2.0,0.017999999999999995,0.033999999999999996,0.1089999999999999,3.4482758620689653,48.275862068965516,0.07142857142857142,0.12,0.0597,115.99999999999999,0.05660377358490566,0.11764705882352941,0.057,3.0,0.0,3.0,33.0,58.0,53.0,2.0,1.0,0.0,1.0,0.091,0.075,2.0,0,0.0,,4.0,0.0,0,3.0,0.0,,0.36363636363636365,-2.5200000000000005
1995,CL,中日ドラゴンズ,11713887,佐藤　秀樹,H.Satou,22.0,29.0,26.0,1.0,2.0,1.0,0.0,0.0,3.0,1.0,0.0,0,3.0,0.0,0.0,0,0.0,11.0,1.0,0.077,0.077,0.115,0.192,1.0,0.038000000000000006,0.0,0.115,0.0,37.93103448275862,0.0,0.13333333333333333,0.0634,115.33333333333334,0.038461538461538464,0.12,0.077,2.0,0.0,1.0,22.0,29.0,26.0,1.0,1.0,0.0,1.0,0.077,0.115,0.0,0,0.0,,3.0,0.0,0,3.0,0.0,,0.23076923076923078,-1.1320000000000003
1995,CL,阪神タイガース,1203880,S.クールボー,S.Coolbaugh,127.0,533.0,468.0,56.0,130.0,25.0,1.0,22.0,223.0,77.0,5.0,0,2.0,6.0,53.0,0,4.0,102.0,13.0,0.278,0.352,0.476,0.828,82.0,0.19799999999999995,0.07399999999999995,0.5499999999999999,9.943714821763603,19.136960600375236,0.5196078431372549,0.30857142857142855,0.2774,510.66666666666663,0.32264957264957267,0.811965811965812,0.278,130.0,22.0,77.0,127.0,533.0,468.0,82.0,25.0,1.0,56.0,0.352,0.476,53.0,0,4.0,,223.0,5.0,0,2.0,6.0,,78.3282149712092,78.30600000000001
1995,CL,読売ジャイアンツ,1203889,J.ジョーンズ,J.Jones,6.0,9.0,8.0,0.0,2.0,0.0,0.0,0.0,2.0,0.0,0.0,0,0.0,0.0,1.0,0,0.0,2.0,0.0,0.25,0.333,0.25,0.583,2.0,0.0,0.08300000000000002,0.333,11.11111111111111,22.22222222222222,0.5,0.3333333333333333,0.21235,416.3333333333333,0.125,0.5,0.25,2.0,0.0,0.0,6.0,9.0,8.0,2.0,0.0,0.0,0.0,0.333,0.25,1.0,0,0.0,,2.0,0.0,0,0.0,0.0,,0.6666666666666666,0.742
1995,CL,広島東洋カープ,13013868,近藤　芳久,Y.Kondou,29.0,33.0,33.0,3.0,7.0,1.0,0.0,0.0,8.0,3.0,1,0,0.0,0.0,0.0,0,0.0,16.0,1.0,0.212,0.212,0.242,0.45399999999999996,6.0,0.03,0.0,0.242,0.0,48.484848484848484,0.0,0.4117647058823529,0.15589999999999998,292.66666666666663,0.030303030303030304,0.2962962962962963,0.212,7.0,0.0,3.0,29.0,33.0,33.0,6.0,1.0,0.0,3.0,0.212,0.242,0.0,0,0.0,,8.0,1,0,0.0,0.0,,1.696969696969697,1.1719999999999997
1995,CL,中日ドラゴンズ,1303848,川又　米利,Y.Kawamata,85.0,160.0,138.0,12.0,32.0,5.0,0.0,2.0,43.0,16.0,0.0,0,1.0,1.0,20.0,0,0.0,15.0,1.0,0.232,0.327,0.312,0.639,25.0,0.07999999999999999,0.095,0.407,12.5,9.375,1.3333333333333333,0.2459016393442623,0.22515000000000002,431.0,0.2246376811594203,0.5887850467289719,0.232,32.0,2.0,16.0,85.0,160.0,138.0,25.0,5.0,0.0,12.0,0.327,0.312,20.0,0,0.0,,43.0,0.0,0,1.0,1.0,,14.151898734177216,15.192000000000002
1995,CL,広島東洋カープ,1303864,紀藤　真琴,M.Kitou,33.0,61.0,53.0,5.0,11.0,2.0,0.0,1.0,16.0,6.0,0.0,0,5.0,1.0,2.0,0,0.0,19.0,1.0,0.208,0.232,0.302,0.534,8.0,0.094,0.02400000000000002,0.326,3.278688524590164,31.147540983606557,0.10526315789473684,0.29411764705882354,0.1799,332.6666666666667,0.1320754716981132,0.4186046511627907,0.208,11.0,1.0,6.0,33.0,61.0,53.0,8.0,2.0,0.0,5.0,0.232,0.302,2.0,0,0.0,,16.0,0.0,0,5.0,1.0,,3.7818181818181817,3.4239999999999986
1995,CL,東京ヤクルトスワローズ,1303865,金森　栄治,E.Kanamori,67.0,80.0,71.0,8.0,23.0,6.0,1.0,1.0,34.0,10.0,0.0,0,1.0,1.0,5.0,0,2.0,5.0,4.0,0.324,0.38,0.479,0.859,15.0,0.15499999999999997,0.055999999999999994,0.5349999999999999,6.25,6.25,1.0,0.3333333333333333,0.29075,539.6666666666666,0.22535211267605634,0.7884615384615384,0.324,23.0,1.0,10.0,67.0,80.0,71.0,15.0,6.0,1.0,8.0,0.38,0.479,5.0,0,2.0,,34.0,0.0,0,1.0,1.0,,12.526315789473685,11.905999999999999
1995,CL,中日ドラゴンズ,1303868,山﨑　武司,T.Yamasaki,66.0,233.0,203.0,28.0,59.0,10.0,0.0,16.0,117.0,39.0,0.0,0,1.0,3.0,21.0,0,5.0,56.0,5.0,0.291,0.366,0.576,0.942,33.0,0.285,0.07500000000000001,0.651,9.012875536480687,24.034334763948497,0.375,0.3208955223880597,0.3087,557.9999999999999,0.3891625615763547,0.959731543624161,0.291,59.0,16.0,39.0,66.0,233.0,203.0,33.0,10.0,0.0,28.0,0.366,0.576,21.0,0,5.0,,117.0,0.0,0,1.0,3.0,,41.785714285714285,41.20799999999999
1995,CL,中日ドラゴンズ,1303869,鹿島　忠,T.Kashima,31.0,0.0,0.0,0.0,0.0,0.0,0.0,0.0,0.0,0.0,0.0,0,0.0,0.0,0.0,0,0.0,0.0,0.0,,,,0.0,0.0,0.0,0.0,,nan,nan,nan,nan,0.0,0.0,nan,nan,,0.0,0.0,0.0,31.0,0.0,0.0,0.0,0.0,0.0,0.0,,,0.0,0,0.0,,0.0,0.0,0,0.0,0.0,,nan,0.0
1995,CL,阪神タイガース,1303880,川尻　哲郎,T.Kawajiri,31.0,50.0,40.0,4.0,4.0,0.0,0.0,0.0,4.0,1.0,0.0,0,8.0,0.0,2.0,0,0.0,11.0,0.0,0.1,0.143,0.1,0.243,4.0,0.0,0.04299999999999998,0.143,4.0,22.0,0.18181818181818182,0.13793103448275862,0.08934999999999998,176.33333333333331,0.05,0.16666666666666666,0.1,4.0,0.0,1.0,31.0,50.0,40.0,4.0,0.0,0.0,4.0,0.143,0.1,2.0,0,0.0,,4.0,0.0,0,8.0,0.0,,0.5714285714285714,-0.8679999999999999
1995,CL,横浜DeNAベイスターズ,13113883,加藤　将斗,M.Katou,13.0,5.0,4.0,0.0,0.0,0.0,0.0,0.0,0.0,0.0,0.0,0,0.0,0.0,1.0,0,0.0,2.0,0.0,0.0,0.2,0.0,0.2,0.0,0.0,0.2,0.2,20.0,40.0,0.5,0.0,0.09000000000000001,200.0,0.25,0.25,0.0,0.0,0.0,0.0,13.0,5.0,4.0,0.0,0.0,0.0,0.0,0.2,0.0,1.0,0,0.0,,0.0,0.0,0,0.0,0.0,,0.0,-0.062
1995,CL,広島東洋カープ,13113885,R.チェコ,R.Checo,41.0,75.0,66.0,3.0,5.0,0.0,0.0,0.0,5.0,1.0,0.0,0,4.0,0.0,3.0,0,2.0,44.0,1.0,0.076,0.141,0.076,0.21699999999999997,5.0,0.0,0.06499999999999999,0.141,4.0,58.666666666666664,0.06818181818181818,0.22727272727272727,0.08245,166.33333333333334,0.045454545454545456,0.16129032258064516,0.076,5.0,0.0,1.0,41.0,75.0,66.0,5.0,0.0,0.0,3.0,0.141,0.076,3.0,0,2.0,,5.0,0.0,0,4.0,0.0,,0.5797101449275363,-1.8280000000000003
1995,CL,中日ドラゴンズ,1403862,山本昌,M.Yamamotomasa（yamamoto,12.0,29.0,22.0,2.0,5.0,1.0,0.0,0.0,6.0,1.0,0.0,0,6.0,0.0,1.0,0,0.0,4.0,1.0,0.227,0.261,0.273,0.534,4.0,0.04600000000000001,0.034,0.307,3.4482758620689653,13.793103448275861,0.25,0.2777777777777778,0.18570000000000003,352.00000000000006,0.09090909090909091,0.3888888888888889,0.227,5.0,0.0,1.0,12.0,29.0,22.0,4.0,1.0,0.0,2.0,0.261,0.273,1.0,0,0.0,,6.0,0.0,0,6.0,0.0,,1.565217391304348,1.3839999999999997
1995,CL,中日ドラゴンズ,1403887,吉鶴　憲治,K.Yoshitsuru,9.0,6.0,6.0,2.0,1.0,0.0,0.0,0.0,1.0,0.0,0.0,0,0.0,0.0,0.0,0,0.0,0.0,0.0,0.167,0.167,0.167,0.334,1.0,0.0,0.0,0.167,0.0,0.0,nan,0.16666666666666666,0.1169,222.66666666666669,0.0,0.2,0.167,1.0,0.0,0.0,9.0,6.0,6.0,1.0,0.0,0.0,2.0,0.167,0.167,0.0,0,0.0,,1.0,0.0,0,0.0,0.0,,0.16666666666666666,0.010000000000000009
1995,CL,横浜DeNAベイスターズ,1503866,野村　弘樹,H.Nomura,24.0,14.0,12.0,1.0,3.0,0.0,0.0,0.0,3.0,0.0,0.0,0,1.0,0.0,1.0,0,0.0,2.0,0.0,0.25,0.308,0.25,0.558,3.0,0.0,0.057999999999999996,0.308,7.142857142857142,14.285714285714285,0.5,0.3,0.2011,391.3333333333333,0.08333333333333333,0.4444444444444444,0.25,3.0,0.0,0.0,24.0,14.0,12.0,3.0,0.0,0.0,1.0,0.308,0.25,1.0,0,0.0,,3.0,0.0,0,1.0,0.0,,0.9230769230769231,0.9480000000000001
1995,CL,中日ドラゴンズ,1503868,北村　俊介,S.Kitamura,30.0,79.0,71.0,10.0,16.0,1.0,0.0,1.0,20.0,2.0,0.0,0,0.0,0.0,6.0,0,2.0,4.0,2.0,0.225,0.304,0.282,0.586,14.0,0.05699999999999997,0.07899999999999999,0.361,7.59493670886076,5.063291139240507,1.5,0.22727272727272727,0.20729999999999998,397.99999999999994,0.14084507042253522,0.49122807017543857,0.225,16.0,1.0,2.0,30.0,79.0,71.0,14.0,1.0,0.0,10.0,0.304,0.282,6.0,0,2.0,,20.0,0.0,0,0.0,0.0,,5.714285714285714,6.41
1995,CL,広島東洋カープ,1503869,小早川　毅彦,T.Kobayakawa,66.0,135.0,113.0,8.0,27.0,6.0,0.0,2.0,39.0,14.0,1.0,0,0.0,2.0,19.0,0,1.0,28.0,3.0,0.239,0.348,0.345,0.693,19.0,0.10599999999999998,0.10899999999999999,0.4539999999999999,14.074074074074074,20.74074074074074,0.6785714285714286,0.29411764705882354,0.24284999999999998,462.99999999999994,0.2831858407079646,0.6741573033707865,0.239,27.0,2.0,14.0,66.0,135.0,113.0,19.0,6.0,0.0,8.0,0.348,0.345,19.0,0,1.0,,39.0,1.0,0,0.0,2.0,,13.590909090909092,15.052
1995,CL,横浜DeNAベイスターズ,1503887,小桧山　雅仁,M.Kohiyama,16.0,0.0,0.0,0.0,0.0,0.0,0.0,0.0,0.0,0.0,0.0,0,0.0,0.0,0.0,0,0.0,0.0,0.0,,,,0.0,0.0,0.0,0.0,,nan,nan,nan,nan,0.0,0.0,nan,nan,,0.0,0.0,0.0,16.0,0.0,0.0,0.0,0.0,0.0,0.0,,,0.0,0,0.0,,0.0,0.0,0,0.0,0.0,,nan,0.0
1995,CL,東京ヤクルトスワローズ,15213868,飯田　哲也,T.Iida,130.0,582.0,522.0,78.0,132.0,19.0,7.0,7.0,186.0,31.0,35,8,7.0,3.0,46.0,0,4.0,74.0,8.0,0.253,0.317,0.356,0.673,99.0,0.10299999999999998,0.064,0.42,7.903780068728522,12.714776632302405,0.6216216216216216,0.28153153153153154,0.23165,435.66666666666663,0.20689655172413793,0.6130653266331658,0.253,132.0,7.0,31.0,130.0,582.0,522.0,99.0,19.0,7.0,78.0,0.317,0.356,46.0,0,4.0,,186.0,35,8,7.0,3.0,,58.2887323943662,60.25999999999999
1995,CL,横浜DeNAベイスターズ,15713868,宮里　太,F.Miyazato,87.0,77.0,69.0,13.0,18.0,1.0,0.0,0.0,19.0,7.0,5,0,2.0,1.0,5.0,0,0.0,6.0,1.0,0.261,0.307,0.275,0.5820000000000001,17.0,0.014000000000000012,0.045999999999999985,0.321,6.493506493506493,7.792207792207792,0.8333333333333334,0.28125,0.2069,398.6666666666667,0.08695652173913043,0.46153846153846156,0.261,18.0,0.0,7.0,87.0,77.0,69.0,17.0,1.0,0.0,13.0,0.307,0.275,5.0,0,0.0,,19.0,5,0,2.0,1.0,,5.905405405405405,5.872000000000001
1995,CL,横浜DeNAベイスターズ,15913868,横谷　彰将,A.Yokotani,1.0,1.0,1.0,0.0,0.0,0.0,0.0,0.0,0.0,0.0,0.0,0,0.0,0.0,0.0,0,0.0,0.0,0.0,0.0,0.0,0.0,0.0,0.0,0.0,0.0,0.0,0.0,0.0,nan,0.0,0.0,0.0,0.0,0.0,0.0,0.0,0.0,0.0,1.0,1.0,1.0,0.0,0.0,0.0,0.0,0.0,0.0,0.0,0,0.0,,0.0,0.0,0,0.0,0.0,,0.0,-0.098
1995,CL,東京ヤクルトスワローズ,1603881,松元　繁,S.Matsumoto,7.0,1.0,1.0,0.0,0.0,0.0,0.0,0.0,0.0,0.0,0.0,0,0.0,0.0,0.0,0,0.0,1.0,0.0,0.0,0.0,0.0,0.0,0.0,0.0,0.0,0.0,0.0,100.0,0.0,nan,0.0,0.0,0.0,0.0,0.0,0.0,0.0,0.0,7.0,1.0,1.0,0.0,0.0,0.0,0.0,0.0,0.0,0.0,0,0.0,,0.0,0.0,0,0.0,0.0,,0.0,-0.098
1995,CL,阪神タイガース,1703883,関川　浩一,K.Sekikawa,124.0,471.0,417.0,62.0,123.0,17.0,5.0,2.0,156.0,30.0,12,0,7.0,2.0,44.0,0,1.0,74.0,2.0,0.295,0.362,0.374,0.736,99.0,0.07900000000000001,0.067,0.441,9.341825902335456,15.711252653927813,0.5945945945945946,0.35276967930029157,0.25639999999999996,486.66666666666663,0.2038369304556355,0.706081081081081,0.295,123.0,2.0,30.0,124.0,471.0,417.0,99.0,17.0,5.0,62.0,0.362,0.374,44.0,0,1.0,,156.0,12,0,7.0,2.0,,56.511930585683295,57.29799999999999
1995,CL,広島東洋カープ,1703887,鈴木　健,K.Suzuki,2.0,0.0,0.0,0.0,0.0,0.0,0.0,0.0,0.0,0.0,0.0,0,0.0,0.0,0.0,0,0.0,0.0,0.0,,,,0.0,0.0,0.0,0.0,,nan,nan,nan,nan,0.0,0.0,nan,nan,,0.0,0.0,0.0,2.0,0.0,0.0,0.0,0.0,0.0,0.0,,,0.0,0,0.0,,0.0,0.0,0,0.0,0.0,,nan,0.0
1995,CL,中日ドラゴンズ,1803881,山田　喜久夫,K.Yamada,35.0,0.0,0.0,0.0,0.0,0.0,0.0,0.0,0.0,0.0,0.0,0,0.0,0.0,0.0,0,0.0,0.0,0.0,,,,0.0,0.0,0.0,0.0,,nan,nan,nan,nan,0.0,0.0,nan,nan,,0.0,0.0,0.0,35.0,0.0,0.0,0.0,0.0,0.0,0.0,,,0.0,0,0.0,,0.0,0.0,0,0.0,0.0,,nan,0.0
1995,CL,広島東洋カープ,1803883,小林　渥司,A.Kobayashi,18.0,1.0,1.0,0.0,0.0,0.0,0.0,0.0,0.0,0.0,0.0,0,0.0,0.0,0.0,0,0.0,1.0,0.0,0.0,0.0,0.0,0.0,0.0,0.0,0.0,0.0,0.0,100.0,0.0,nan,0.0,0.0,0.0,0.0,0.0,0.0,0.0,0.0,18.0,1.0,1.0,0.0,0.0,0.0,0.0,0.0,0.0,0.0,0,0.0,,0.0,0.0,0,0.0,0.0,,0.0,-0.098
1995,CL,読売ジャイアンツ,1803885,J.ハウエル,J.Howell,66.0,258.0,219.0,35.0,61.0,10.0,0.0,14.0,113.0,41.0,1.0,0,0.0,0.0,37.0,0,2.0,66.0,2.0,0.279,0.388,0.516,0.904,37.0,0.237,0.10899999999999999,0.625,14.34108527131783,25.581395348837212,0.5606060606060606,0.3381294964028777,0.3036,560.0,0.410958904109589,0.95625,0.279,61.0,14.0,41.0,66.0,258.0,219.0,37.0,10.0,0.0,35.0,0.388,0.516,37.0,0,2.0,,113.0,1.0,0,0.0,0.0,,43.2578125,43.426
1995,CL,横浜DeNAベイスターズ,1903866,伊藤　敦規,A.Itou,19.0,10.0,10.0,0.0,2.0,1.0,0.0,0.0,3.0,1.0,0.0,0,0.0,0.0,0.0,0,0.0,4.0,0.0,0.2,0.2,0.3,0.5,1.0,0.09999999999999998,0.0,0.3,0.0,40.0,0.0,0.3333333333333333,0.165,300.0,0.1,0.375,0.2,2.0,0.0,1.0,19.0,10.0,10.0,1.0,1.0,0.0,0.0,0.2,0.3,0.0,0,0.0,,3.0,0.0,0,0.0,0.0,,0.6,0.43599999999999994
1995,CL,阪神タイガース,1903881,SHINJO,T.Shinjou（shinjou,87.0,346.0,311.0,34.0,70.0,15.0,3.0,7.0,112.0,37.0,4.0,0,2.0,2.0,26.0,0,5.0,76.0,6.0,0.225,0.294,0.36,0.6539999999999999,45.0,0.13499999999999998,0.06899999999999998,0.4289999999999999,7.514450867052023,21.965317919075144,0.34210526315789475,0.27391304347826084,0.2223,414.0,0.2315112540192926,0.5951417004048583,0.225,70.0,7.0,37.0,87.0,346.0,311.0,45.0,15.0,3.0,34.0,0.294,0.36,26.0,0,5.0,,112.0,4.0,0,2.0,2.0,,31.905044510385757,33.83199999999999
1995,CL,中日ドラゴンズ,1903889,平田　洋,H.Hirata,1.0,0.0,0.0,0.0,0.0,0.0,0.0,0.0,0.0,0.0,0.0,0,0.0,0.0,0.0,0,0.0,0.0,0.0,,,,0.0,0.0,0.0,0.0,,nan,nan,nan,nan,0.0,0.0,nan,nan,,0.0,0.0,0.0,1.0,0.0,0.0,0.0,0.0,0.0,0.0,,,0.0,0,0.0,,0.0,0.0,0,0.0,0.0,,nan,0.0
1995,CL,東京ヤクルトスワローズ,21023860,秦　真司,S.Hata,96.0,273.0,252.0,24.0,72.0,13.0,1.0,9.0,114.0,31.0,1,2,3.0,2.0,15.0,0,1.0,43.0,2.0,0.286,0.326,0.452,0.778,49.0,0.16600000000000004,0.040000000000000036,0.492,5.4945054945054945,15.75091575091575,0.3488372093023256,0.3118811881188119,0.2597,476.6666666666667,0.23412698412698413,0.7252747252747253,0.286,72.0,9.0,31.0,96.0,273.0,252.0,49.0,13.0,1.0,24.0,0.326,0.452,15.0,0,1.0,,114.0,1,2,3.0,2.0,,37.146067415730336,35.86
1995,CL,阪神タイガース,21023889,藪　恵壹,K.Yabu,28.0,69.0,59.0,5.0,5.0,1.0,0.0,0.0,6.0,3.0,0.0,0,7.0,0.0,3.0,0,0.0,24.0,2.0,0.085,0.129,0.102,0.23099999999999998,4.0,0.016999999999999987,0.044,0.146,4.3478260869565215,34.78260869565217,0.125,0.14285714285714285,0.08355,163.0,0.06779661016949153,0.16071428571428573,0.085,5.0,0.0,3.0,28.0,69.0,59.0,4.0,1.0,0.0,5.0,0.129,0.102,3.0,0,0.0,,6.0,0.0,0,7.0,0.0,,0.7741935483870968,-1.5819999999999999
1995,CL,中日ドラゴンズ,21123866,立浪　和義,K.Tatsunami,126.0,557.0,489.0,72.0,147.0,25.0,1.0,11.0,207.0,53.0,10,11,2.0,3.0,59.0,0,4.0,46.0,11.0,0.301,0.378,0.423,0.8009999999999999,110.0,0.122,0.07700000000000001,0.5,10.59245960502693,8.258527827648116,1.2826086956521738,0.31264367816091954,0.27585,519.0,0.2658486707566462,0.7960339943342776,0.301,147.0,11.0,53.0,126.0,557.0,489.0,110.0,25.0,1.0,72.0,0.378,0.423,59.0,0,4.0,,207.0,10,11,2.0,3.0,,77.81386861313868,79.13400000000001
1995,CL,中日ドラゴンズ,21123889,遠藤　政隆,M.Endou,4.0,6.0,5.0,0.0,0.0,0.0,0.0,0.0,0.0,0.0,0.0,0,1.0,0.0,0.0,0,0.0,1.0,0.0,0.0,0.0,0.0,0.0,0.0,0.0,0.0,0.0,0.0,16.666666666666664,0.0,0.0,0.0,0.0,0.0,0.0,0.0,0.0,0.0,0.0,4.0,6.0,5.0,0.0,0.0,0.0,0.0,0.0,0.0,0.0,0,0.0,,0.0,0.0,0,1.0,0.0,,0.0,-0.49
1995,CL,読売ジャイアンツ,21223869,水野　雄仁,K.Mizuno,25.0,1.0,0.0,0.0,0.0,0.0,0.0,0.0,0.0,0.0,0.0,0,1.0,0.0,0.0,0,0.0,0.0,0.0,,,,0.0,0.0,0.0,0.0,,0.0,0.0,nan,nan,0.0,0.0,nan,nan,,0.0,0.0,0.0,25.0,1.0,0.0,0.0,0.0,0.0,0.0,,,0.0,0,0.0,,0.0,0.0,0,1.0,0.0,,nan,0.0
1995,CL,横浜DeNAベイスターズ,21223880,J.シュワーズ,J.Schwarz,4.0,2.0,1.0,0.0,0.0,0.0,0.0,0.0,0.0,0.0,0.0,0,1.0,0.0,0.0,0,0.0,0.0,0.0,0.0,0.0,0.0,0.0,0.0,0.0,0.0,0.0,0.0,0.0,nan,0.0,0.0,0.0,0.0,0.0,0.0,0.0,0.0,0.0,4.0,2.0,1.0,0.0,0.0,0.0,0.0,0.0,0.0,0.0,0,0.0,,0.0,0.0,0,1.0,0.0,,0.0,-0.098
1995,CL,読売ジャイアンツ,21223887,村田　善則,Y.Murata,1.0,2.0,2.0,0.0,0.0,0.0,0.0,0.0,0.0,0.0,0.0,0,0.0,0.0,0.0,0,0.0,1.0,0.0,0.0,0.0,0.0,0.0,0.0,0.0,0.0,0.0,0.0,50.0,0.0,0.0,0.0,0.0,0.0,0.0,0.0,0.0,0.0,0.0,1.0,2.0,2.0,0.0,0.0,0.0,0.0,0.0,0.0,0.0,0,0.0,,0.0,0.0,0,0.0,0.0,,0.0,-0.196
1995,CL,阪神タイガース,21323846,久保　康生,Y.Kubo,45.0,2.0,2.0,0.0,0.0,0.0,0.0,0.0,0.0,0.0,0.0,0,0.0,0.0,0.0,0,0.0,1.0,0.0,0.0,0.0,0.0,0.0,0.0,0.0,0.0,0.0,0.0,50.0,0.0,0.0,0.0,0.0,0.0,0.0,0.0,0.0,0.0,0.0,45.0,2.0,2.0,0.0,0.0,0.0,0.0,0.0,0.0,0.0,0,0.0,,0.0,0.0,0,0.0,0.0,,0.0,-0.196
1995,CL,読売ジャイアンツ,21323869,川相　昌弘,M.Kawai,108.0,467.0,371.0,51.0,97.0,13.0,0.0,2.0,116.0,19.0,3.0,3,47.0,0.0,47.0,0,2.0,47.0,12.0,0.261,0.348,0.313,0.661,82.0,0.05199999999999999,0.08699999999999997,0.3999999999999999,10.06423982869379,10.06423982869379,1.0,0.2950310559006211,0.23485,452.3333333333333,0.18598382749326145,0.5874125874125874,0.261,97.0,2.0,19.0,108.0,467.0,371.0,82.0,13.0,0.0,51.0,0.348,0.313,47.0,0,2.0,,116.0,3.0,3,47.0,0.0,,39.961722488038276,43.098
1995,CL,読売ジャイアンツ,21323880,河原　純一,J.Kawahara,23.0,39.0,36.0,1.0,4.0,0.0,0.0,0.0,4.0,1.0,0.0,0,3.0,0.0,0.0,0,0.0,16.0,1.0,0.111,0.111,0.111,0.222,4.0,0.0,0.0,0.111,0.0,41.02564102564102,0.0,0.2,0.0777,148.0,0.0,0.12121212121212122,0.111,4.0,0.0,1.0,23.0,39.0,36.0,4.0,0.0,0.0,1.0,0.111,0.111,0.0,0,0.0,,4.0,0.0,0,3.0,0.0,,0.4444444444444444,-1.1360000000000001
1995,CL,阪神タイガース,21423862,吉田　康夫,Y.Yoshida,1.0,4.0,4.0,1.0,2.0,0.0,0.0,0.0,2.0,0.0,0.0,0,0.0,0.0,0.0,0,0.0,1.0,0.0,0.5,0.5,0.5,1.0,2.0,0.0,0.0,0.5,0.0,25.0,0.0,0.6666666666666666,0.35,666.6666666666666,0.0,1.0,0.5,2.0,0.0,0.0,1.0,4.0,4.0,2.0,0.0,0.0,1.0,0.5,0.5,0.0,0,0.0,,2.0,0.0,0,0.0,0.0,,1.0,0.804
1995,CL,広島東洋カープ,21423887,吉本　亮,R.Yoshimoto,13.0,20.0,16.0,1.0,3.0,1.0,0.0,1.0,7.0,1.0,0.0,0,0.0,0.0,4.0,0,0.0,7.0,0.0,0.188,0.35,0.438,0.788,1.0,0.25,0.16199999999999998,0.6,20.0,35.0,0.5714285714285714,0.25,0.267,496.0,0.5,0.8461538461538461,0.188,3.0,1.0,1.0,13.0,20.0,16.0,1.0,1.0,0.0,1.0,0.35,0.438,4.0,0,0.0,,7.0,0.0,0,0.0,0.0,,2.45,2.7060000000000004
1995,CL,中日ドラゴンズ,21523868,山口　幸司,K.Yamaguchi,35.0,154.0,137.0,18.0,39.0,4.0,0.0,6.0,61.0,12.0,4,3,3.0,0.0,12.0,0,2.0,22.0,1.0,0.285,0.351,0.445,0.796,29.0,0.16000000000000003,0.066,0.511,7.792207792207792,14.285714285714285,0.5454545454545454,0.30275229357798167,0.2692,499.3333333333333,0.27007299270072993,0.7878787878787878,0.285,39.0,6.0,12.0,35.0,154.0,137.0,29.0,4.0,0.0,18.0,0.351,0.445,12.0,0,2.0,,61.0,4,3,3.0,0.0,,20.879194630872483,21.576
1995,CL,横浜DeNAベイスターズ,21523881,川端　一彰,K.Kawabata,6.0,7.0,7.0,0.0,1.0,0.0,0.0,0.0,1.0,2.0,0.0,0,0.0,0.0,0.0,0,0.0,1.0,0.0,0.143,0.143,0.143,0.286,1.0,0.0,0.0,0.143,0.0,14.285714285714285,0.0,0.16666666666666666,0.1001,190.66666666666666,0.0,0.16666666666666666,0.143,1.0,0.0,2.0,6.0,7.0,7.0,1.0,0.0,0.0,0.0,0.143,0.143,0.0,0,0.0,,1.0,0.0,0,0.0,0.0,,0.14285714285714285,-0.08800000000000008
1995,CL,読売ジャイアンツ,21523885,小原沢　重頼,S.Koharazawa,17.0,2.0,2.0,0.0,0.0,0.0,0.0,0.0,0.0,0.0,0.0,0,0.0,0.0,0.0,0,0.0,2.0,0.0,0.0,0.0,0.0,0.0,0.0,0.0,0.0,0.0,0.0,100.0,0.0,nan,0.0,0.0,0.0,0.0,0.0,0.0,0.0,0.0,17.0,2.0,2.0,0.0,0.0,0.0,0.0,0.0,0.0,0.0,0,0.0,,0.0,0.0,0,0.0,0.0,,0.0,-0.196
1995,CL,横浜DeNAベイスターズ,21523887,佐伯　貴弘,T.Saeki,103.0,246.0,212.0,27.0,56.0,17.0,1.0,7.0,96.0,29.0,0,1,2.0,2.0,29.0,0,1.0,45.0,1.0,0.264,0.352,0.453,0.8049999999999999,31.0,0.189,0.08799999999999997,0.5409999999999999,11.788617886178862,18.29268292682927,0.6444444444444445,0.30246913580246915,0.27165,503.0,0.330188679245283,0.8089171974522293,0.264,56.0,7.0,29.0,103.0,246.0,212.0,31.0,17.0,1.0,27.0,0.352,0.453,29.0,0,1.0,,96.0,0,1,2.0,2.0,,33.85892116182573,33.652
1995,CL,中日ドラゴンズ,21523889,笹山　洋一,Y.Sasayama,3.0,0.0,0.0,0.0,0.0,0.0,0.0,0.0,0.0,0.0,0.0,0,0.0,0.0,0.0,0,0.0,0.0,0.0,,,,0.0,0.0,0.0,0.0,,nan,nan,nan,nan,0.0,0.0,nan,nan,,0.0,0.0,0.0,3.0,0.0,0.0,0.0,0.0,0.0,0.0,,,0.0,0,0.0,,0.0,0.0,0,0.0,0.0,,nan,0.0
1995,CL,阪神タイガース,21623860,和田　豊,Y.Wada,130.0,569.0,509.0,49.0,136.0,22.0,4.0,1.0,169.0,35.0,4.0,4,11.0,1.0,45.0,0,3.0,39.0,14.0,0.267,0.33,0.332,0.662,109.0,0.065,0.063,0.395,7.9086115992970125,6.854130052724078,1.1538461538461537,0.2872340425531915,0.23150000000000004,440.6666666666667,0.16110019646365423,0.5710594315245479,0.267,136.0,1.0,35.0,130.0,569.0,509.0,109.0,22.0,4.0,49.0,0.33,0.332,45.0,0,3.0,,169.0,4.0,4,11.0,1.0,,55.214801444043324,55.946
1995,CL,阪神タイガース,21623887,郭李　建夫,T.Kakuri,30.0,35.0,33.0,0.0,3.0,0.0,0.0,0.0,3.0,1.0,0.0,0,1.0,0.0,1.0,0,0.0,18.0,0.0,0.091,0.118,0.091,0.209,3.0,0.0,0.026999999999999996,0.118,2.857142857142857,51.42857142857142,0.05555555555555555,0.2,0.07585,148.33333333333331,0.030303030303030304,0.13333333333333333,0.091,3.0,0.0,1.0,30.0,35.0,33.0,3.0,0.0,0.0,0.0,0.118,0.091,1.0,0,0.0,,3.0,0.0,0,1.0,0.0,,0.35294117647058826,-1.1099999999999999
1995,CL,広島東洋カープ,21723881,佐々岡　真司,S.Sasaoka,46.0,33.0,30.0,2.0,6.0,3.0,0.0,0.0,9.0,5.0,0.0,0,3.0,0.0,0.0,0,0.0,12.0,0.0,0.2,0.2,0.3,0.5,3.0,0.09999999999999998,0.0,0.3,0.0,36.36363636363637,0.0,0.3333333333333333,0.165,300.0,0.1,0.375,0.2,6.0,0.0,5.0,46.0,33.0,30.0,3.0,3.0,0.0,2.0,0.2,0.3,0.0,0,0.0,,9.0,0.0,0,3.0,0.0,,1.8,1.3079999999999998
1995,CL,東京ヤクルトスワローズ,21723883,T.オマリー,T.O'malley,125.0,524.0,421.0,83.0,127.0,20.0,0.0,31.0,240.0,87.0,6.0,6,0.0,5.0,96.0,0,2.0,57.0,8.0,0.302,0.429,0.57,0.9989999999999999,76.0,0.26799999999999996,0.127,0.697,18.3206106870229,10.877862595419847,1.6842105263157894,0.28402366863905326,0.33555,619.0,0.5106888361045131,1.1390728476821192,0.302,127.0,31.0,87.0,125.0,524.0,421.0,76.0,20.0,0.0,83.0,0.429,0.57,96.0,0,2.0,,240.0,6.0,6,0.0,5.0,,103.52030947775629,101.64800000000001
1995,CL,中日ドラゴンズ,21723889,鳥越　裕介,Y.Torigoe,75.0,178.0,159.0,16.0,31.0,2.0,0.0,2.0,39.0,8.0,1,2,5.0,0.0,13.0,0,1.0,48.0,2.0,0.195,0.26,0.245,0.505,27.0,0.04999999999999999,0.065,0.31,7.303370786516854,26.96629213483146,0.2708333333333333,0.26605504587155965,0.17825000000000002,341.6666666666667,0.14465408805031446,0.4230769230769231,0.195,31.0,2.0,8.0,75.0,178.0,159.0,27.0,2.0,0.0,16.0,0.26,0.245,13.0,0,1.0,,39.0,1,2,5.0,0.0,,9.976744186046512,10.256
1995,CL,読売ジャイアンツ,21823868,後藤　孝志,K.Gotou,51.0,81.0,67.0,19.0,23.0,3.0,0.0,4.0,38.0,9.0,8,3,0.0,0.0,10.0,0,4.0,11.0,0.0,0.343,0.457,0.567,1.024,16.0,0.22399999999999992,0.11399999999999999,0.6809999999999999,12.345679012345679,13.580246913580247,0.9090909090909091,0.36538461538461536,0.3474,646.0,0.417910447761194,1.25,0.343,23.0,4.0,9.0,51.0,81.0,67.0,16.0,3.0,0.0,19.0,0.457,0.567,10.0,0,4.0,,38.0,8,3,0.0,0.0,,16.285714285714285,16.767999999999997
1995,CL,読売ジャイアンツ,21823881,吉岡　雄二,Y.Yoshioka,30.0,104.0,91.0,9.0,19.0,3.0,0.0,4.0,34.0,18.0,0.0,0,0.0,4.0,8.0,0,1.0,17.0,2.0,0.209,0.269,0.374,0.643,12.0,0.165,0.060000000000000026,0.434,7.6923076923076925,16.346153846153847,0.47058823529411764,0.20270270270270271,0.21455000000000002,393.6666666666667,0.25274725274725274,0.581081081081081,0.209,19.0,4.0,18.0,30.0,104.0,91.0,12.0,3.0,0.0,9.0,0.269,0.374,8.0,0,1.0,,34.0,0.0,0,0.0,4.0,,9.272727272727273,9.834
1995,CL,阪神タイガース,21923861,長嶋　清幸,K.Nagashima,67.0,88.0,74.0,8.0,18.0,1.0,0.0,0.0,19.0,4.0,1,0,0.0,1.0,13.0,0,0.0,18.0,2.0,0.243,0.352,0.257,0.609,17.0,0.014000000000000012,0.10899999999999999,0.366,14.772727272727273,20.454545454545457,0.7222222222222222,0.3157894736842105,0.22265,437.66666666666663,0.1891891891891892,0.5517241379310345,0.243,18.0,0.0,4.0,67.0,88.0,74.0,17.0,1.0,0.0,8.0,0.352,0.257,13.0,0,0.0,,19.0,1,0,0.0,1.0,,6.7701149425287355,8.022000000000002
1995,CL,広島東洋カープ,23423868,河田　雄祐,Y.Kawada,71.0,126.0,110.0,16.0,18.0,2.0,1.0,2.0,28.0,10.0,5,0,0.0,0.0,15.0,0,1.0,35.0,0.0,0.164,0.27,0.255,0.525,13.0,0.091,0.10600000000000001,0.361,11.904761904761903,27.77777777777778,0.42857142857142855,0.2191780821917808,0.18525000000000003,355.00000000000006,0.22727272727272727,0.4782608695652174,0.164,18.0,2.0,10.0,71.0,126.0,110.0,13.0,2.0,1.0,16.0,0.27,0.255,15.0,0,1.0,,28.0,5,0,0.0,0.0,,7.392,8.124
1995,CL,広島東洋カープ,23923868,片瀬　清利,K.Katase,16.0,10.0,10.0,0.0,2.0,0.0,0.0,0.0,2.0,0.0,0.0,0,0.0,0.0,0.0,0,0.0,3.0,0.0,0.2,0.2,0.2,0.4,2.0,0.0,0.0,0.2,0.0,30.0,0.0,0.2857142857142857,0.14,266.6666666666667,0.0,0.25,0.2,2.0,0.0,0.0,16.0,10.0,10.0,2.0,0.0,0.0,0.0,0.2,0.2,0.0,0,0.0,,2.0,0.0,0,0.0,0.0,,0.4,0.21599999999999997
1995,CL,東京ヤクルトスワローズ,25223868,城　友博,T.Jou,71.0,133.0,107.0,24.0,26.0,4.0,1.0,1.0,35.0,10.0,11,3,11.0,0.0,11.0,0,4.0,12.0,2.0,0.243,0.336,0.327,0.663,20.0,0.08400000000000002,0.09300000000000003,0.42,8.270676691729323,9.022556390977442,0.9166666666666666,0.26595744680851063,0.23295,445.0,0.21495327102803738,0.6385542168674698,0.243,26.0,1.0,10.0,71.0,133.0,107.0,20.0,4.0,1.0,24.0,0.336,0.327,11.0,0,4.0,,35.0,11,3,11.0,0.0,,10.974576271186441,12.911999999999997
1995,CL,東京ヤクルトスワローズ,25923868,川崎　憲次郎,K.Kawasaki,14.0,8.0,7.0,0.0,0.0,0.0,0.0,0.0,0.0,0.0,0.0,0,1.0,0.0,0.0,0,0.0,4.0,0.0,0.0,0.0,0.0,0.0,0.0,0.0,0.0,0.0,0.0,50.0,0.0,0.0,0.0,0.0,0.0,0.0,0.0,0.0,0.0,0.0,14.0,8.0,7.0,0.0,0.0,0.0,0.0,0.0,0.0,0.0,0,0.0,,0.0,0.0,0,1.0,0.0,,0.0,-0.686
1995,CL,広島東洋カープ,3003868,千代丸　祥士,S.Chiyomaru,2.0,4.0,4.0,0.0,0.0,0.0,0.0,0.0,0.0,0.0,1.0,0,0.0,0.0,0.0,0,0.0,3.0,0.0,0.0,0.0,0.0,0.0,0.0,0.0,0.0,0.0,0.0,75.0,0.0,0.0,0.0,0.0,0.25,0.25,0.0,0.0,0.0,0.0,2.0,4.0,4.0,0.0,0.0,0.0,0.0,0.0,0.0,0.0,0,0.0,,0.0,1.0,0,0.0,0.0,,0.0,-0.21200000000000002
1995,CL,中日ドラゴンズ,31033860,二宮　正己,M.Ninomiya,1.0,0.0,0.0,0.0,0.0,0.0,0.0,0.0,0.0,0.0,0.0,0,0.0,0.0,0.0,0,0.0,0.0,0.0,,,,0.0,0.0,0.0,0.0,,nan,nan,nan,nan,0.0,0.0,nan,nan,,0.0,0.0,0.0,1.0,0.0,0.0,0.0,0.0,0.0,0.0,,,0.0,0,0.0,,0.0,0.0,0,0.0,0.0,,nan,0.0
1995,CL,横浜DeNAベイスターズ,31033889,万永　貴司,T.Manei,42.0,49.0,43.0,9.0,7.0,0.0,1.0,1.0,12.0,1.0,2,0,1.0,0.0,5.0,0,0.0,3.0,0.0,0.163,0.25,0.279,0.529,5.0,0.11600000000000002,0.087,0.366,10.204081632653061,6.122448979591836,1.6666666666666667,0.15384615384615385,0.18225000000000002,343.0,0.23255813953488372,0.4722222222222222,0.163,7.0,1.0,1.0,42.0,49.0,43.0,5.0,0.0,1.0,9.0,0.25,0.279,5.0,0,0.0,,12.0,2,0,1.0,0.0,,3.0,3.1020000000000008
1995,CL,中日ドラゴンズ,3103885,A.パウエル,A.Powell,101.0,422.0,389.0,63.0,138.0,24.0,4.0,19.0,227.0,69.0,0.0,0,0.0,0.0,31.0,0,2.0,60.0,5.0,0.355,0.405,0.584,0.989,91.0,0.22899999999999998,0.050000000000000044,0.634,7.345971563981042,14.218009478672986,0.5166666666666667,0.38387096774193546,0.32825000000000004,599.6666666666666,0.30848329048843187,1.015625,0.355,138.0,19.0,69.0,101.0,422.0,389.0,91.0,24.0,4.0,63.0,0.405,0.584,31.0,0,2.0,,227.0,0.0,0,0.0,0.0,,91.3404761904762,80.592
1995,CL,中日ドラゴンズ,31133866,上原　晃,A.Uehara,3.0,5.0,5.0,0.0,0.0,0.0,0.0,0.0,0.0,0.0,0.0,0,0.0,0.0,0.0,0,0.0,4.0,0.0,0.0,0.0,0.0,0.0,0.0,0.0,0.0,0.0,0.0,80.0,0.0,0.0,0.0,0.0,0.0,0.0,0.0,0.0,0.0,0.0,3.0,5.0,5.0,0.0,0.0,0.0,0.0,0.0,0.0,0.0,0,0.0,,0.0,0.0,0,0.0,0.0,,0.0,-0.49
1995,CL,広島東洋カープ,31133881,秋村　謙宏,N.Akimura,15.0,2.0,1.0,0.0,0.0,0.0,0.0,0.0,0.0,0.0,0.0,0,1.0,0.0,0.0,0,0.0,1.0,0.0,0.0,0.0,0.0,0.0,0.0,0.0,0.0,0.0,0.0,50.0,0.0,nan,0.0,0.0,0.0,0.0,0.0,0.0,0.0,0.0,15.0,2.0,1.0,0.0,0.0,0.0,0.0,0.0,0.0,0.0,0,0.0,,0.0,0.0,0,1.0,0.0,,0.0,-0.098
1995,CL,東京ヤクルトスワローズ,31133885,石井　一久,K.Ishii,41.0,55.0,49.0,2.0,5.0,0.0,0.0,1.0,8.0,3.0,0.0,0,5.0,0.0,1.0,0,0.0,21.0,1.0,0.102,0.12,0.163,0.28300000000000003,4.0,0.06100000000000001,0.018000000000000002,0.181,1.8181818181818181,38.18181818181819,0.047619047619047616,0.14814814814814814,0.09475,174.33333333333334,0.08163265306122448,0.2,0.102,5.0,1.0,3.0,41.0,55.0,49.0,4.0,0.0,0.0,2.0,0.12,0.163,1.0,0,0.0,,8.0,0.0,0,5.0,0.0,,0.96,-0.5420000000000003
1995,CL,中日ドラゴンズ,31233860,彦野　利勝,T.Hikono,93.0,213.0,181.0,14.0,39.0,10.0,0.0,1.0,52.0,20.0,0,1,2.0,0.0,27.0,0,3.0,28.0,6.0,0.215,0.327,0.287,0.614,28.0,0.07199999999999998,0.11200000000000002,0.399,12.676056338028168,13.145539906103288,0.9642857142857143,0.25,0.21889999999999998,422.6666666666667,0.2265193370165746,0.5608108108108109,0.215,39.0,1.0,20.0,93.0,213.0,181.0,28.0,10.0,0.0,14.0,0.327,0.287,27.0,0,3.0,,52.0,0,1,2.0,0.0,,16.5,18.804
1995,CL,広島東洋カープ,31233883,木村　拓也,T.Kimura,7.0,7.0,7.0,1.0,0.0,0.0,0.0,0.0,0.0,0.0,0.0,0,0.0,0.0,0.0,0,0.0,3.0,0.0,0.0,0.0,0.0,0.0,0.0,0.0,0.0,0.0,0.0,42.857142857142854,0.0,0.0,0.0,0.0,0.0,0.0,0.0,0.0,0.0,0.0,7.0,7.0,7.0,0.0,0.0,0.0,1.0,0.0,0.0,0.0,0,0.0,,0.0,0.0,0,0.0,0.0,,0.0,-0.686
1995,CL,東京ヤクルトスワローズ,31233885,西岡　洋,H.Nishioka,1.0,0.0,0.0,0.0,0.0,0.0,0.0,0.0,0.0,0.0,0.0,0,0.0,0.0,0.0,0,0.0,0.0,0.0,,,,0.0,0.0,0.0,0.0,,nan,nan,nan,nan,0.0,0.0,nan,nan,,0.0,0.0,0.0,1.0,0.0,0.0,0.0,0.0,0.0,0.0,,,0.0,0,0.0,,0.0,0.0,0,0.0,0.0,,nan,0.0
1995,CL,中日ドラゴンズ,31333860,大野　久,H.Oono,28.0,33.0,27.0,4.0,5.0,2.0,0.0,1.0,10.0,5.0,2,1,2.0,1.0,3.0,0,0.0,5.0,0.0,0.185,0.258,0.37,0.628,2.0,0.185,0.07300000000000001,0.443,9.090909090909092,15.151515151515152,0.6,0.18181818181818182,0.2086,381.33333333333337,0.3333333333333333,0.6363636363636364,0.185,5.0,1.0,5.0,28.0,33.0,27.0,2.0,2.0,0.0,4.0,0.258,0.37,3.0,0,0.0,,10.0,2,1,2.0,1.0,,2.6666666666666665,2.8939999999999997
1995,CL,横浜DeNAベイスターズ,31333862,大塚　義樹,Y.Ootsuka,34.0,39.0,36.0,4.0,7.0,3.0,0.0,2.0,16.0,9.0,0.0,0,0.0,0.0,2.0,0,1.0,10.0,3.0,0.194,0.256,0.444,0.7,2.0,0.25,0.062,0.506,5.128205128205128,25.64102564102564,0.2,0.20833333333333334,0.2262,404.0,0.3055555555555556,0.59375,0.194,7.0,2.0,9.0,34.0,39.0,36.0,2.0,3.0,0.0,4.0,0.256,0.444,2.0,0,1.0,,16.0,0.0,0,0.0,0.0,,3.789473684210526,4.188000000000001
1995,CL,東京ヤクルトスワローズ,31333866,山口　重幸,S.Yamaguchi,77.0,28.0,20.0,5.0,4.0,0.0,0.0,0.0,4.0,1.0,1,0,2.0,0.0,6.0,0,0.0,3.0,0.0,0.2,0.385,0.2,0.585,4.0,0.0,0.185,0.385,21.428571428571427,10.714285714285714,2.0,0.23529411764705882,0.22325,451.6666666666667,0.3,0.625,0.2,4.0,0.0,1.0,77.0,28.0,20.0,4.0,0.0,0.0,5.0,0.385,0.2,6.0,0,0.0,,4.0,1,0,2.0,0.0,,1.5384615384615385,2.412
1995,CL,読売ジャイアンツ,31433867,槙原　寛己,H.Makihara,28.0,69.0,60.0,1.0,4.0,1.0,0.0,0.0,5.0,3.0,0.0,0,8.0,0.0,0.0,0,1.0,29.0,3.0,0.067,0.082,0.083,0.165,3.0,0.016,0.015,0.098,0.0,42.028985507246375,0.0,0.12903225806451613,0.05765000000000001,109.66666666666667,0.016666666666666666,0.1016949152542373,0.067,4.0,0.0,3.0,28.0,69.0,60.0,3.0,1.0,0.0,1.0,0.082,0.083,0.0,0,1.0,,5.0,0.0,0,8.0,0.0,,0.3333333333333333,-2.9380000000000006
1995,CL,読売ジャイアンツ,31433868,木田　優夫,M.Kida,41.0,39.0,38.0,3.0,8.0,2.0,0.0,1.0,13.0,3.0,0.0,0,1.0,0.0,0.0,0,0.0,14.0,0.0,0.211,0.211,0.342,0.553,5.0,0.13100000000000003,0.0,0.342,0.0,35.8974358974359,0.0,0.30434782608695654,0.18045,325.0,0.13157894736842105,0.43333333333333335,0.211,8.0,1.0,3.0,41.0,39.0,38.0,5.0,2.0,0.0,3.0,0.211,0.342,0.0,0,0.0,,13.0,0.0,0,1.0,0.0,,2.736842105263158,2.44
1995,CL,阪神タイガース,31433885,桧山　進次郎,S.Hiyama,115.0,338.0,305.0,34.0,76.0,17.0,2.0,8.0,121.0,36.0,3,2,4.0,3.0,20.0,0,6.0,67.0,10.0,0.249,0.305,0.397,0.702,49.0,0.14800000000000002,0.055999999999999994,0.453,5.9171597633136095,19.82248520710059,0.29850746268656714,0.2918454935622318,0.23650000000000002,437.33333333333337,0.21967213114754097,0.6234309623430963,0.249,76.0,8.0,36.0,115.0,338.0,305.0,49.0,17.0,2.0,34.0,0.305,0.397,20.0,0,6.0,,121.0,3,2,4.0,3.0,,35.74153846153846,36.838
1995,CL,東京ヤクルトスワローズ,31433887,山本　樹,T.Yamamoto,7.0,2.0,1.0,0.0,0.0,0.0,0.0,0.0,0.0,1.0,0.0,0,1.0,0.0,0.0,0,0.0,1.0,0.0,0.0,0.0,0.0,0.0,0.0,0.0,0.0,0.0,0.0,50.0,0.0,nan,0.0,0.0,0.0,0.0,0.0,0.0,0.0,1.0,7.0,2.0,1.0,0.0,0.0,0.0,0.0,0.0,0.0,0.0,0,0.0,,0.0,0.0,0,1.0,0.0,,0.0,-0.098
1995,CL,横浜DeNAベイスターズ,31533866,岡本　透,T.Okamoto,6.0,0.0,0.0,0.0,0.0,0.0,0.0,0.0,0.0,0.0,0.0,0,0.0,0.0,0.0,0,0.0,0.0,0.0,,,,0.0,0.0,0.0,0.0,,nan,nan,nan,nan,0.0,0.0,nan,nan,,0.0,0.0,0.0,6.0,0.0,0.0,0.0,0.0,0.0,0.0,,,0.0,0,0.0,,0.0,0.0,0,0.0,0.0,,nan,0.0
1995,CL,中日ドラゴンズ,31533868,酒井　忠晴,T.Sakai,54.0,63.0,58.0,6.0,15.0,2.0,0.0,0.0,17.0,2.0,1,0,1.0,0.0,4.0,0,0.0,8.0,2.0,0.259,0.306,0.293,0.599,13.0,0.033999999999999975,0.046999999999999986,0.3399999999999999,6.349206349206349,12.698412698412698,0.5,0.3,0.21094999999999997,403.6666666666667,0.10344827586206896,0.4666666666666667,0.259,15.0,0.0,2.0,54.0,63.0,58.0,13.0,2.0,0.0,6.0,0.306,0.293,4.0,0,0.0,,17.0,1,0,1.0,0.0,,5.209677419354839,5.045999999999999
1995,CL,東京ヤクルトスワローズ,31533883,小坂　勝仁,K.Osaka,8.0,2.0,1.0,0.0,0.0,0.0,0.0,0.0,0.0,0.0,0.0,0,1.0,0.0,0.0,0,0.0,0.0,0.0,0.0,0.0,0.0,0.0,0.0,0.0,0.0,0.0,0.0,0.0,nan,0.0,0.0,0.0,0.0,0.0,0.0,0.0,0.0,0.0,8.0,2.0,1.0,0.0,0.0,0.0,0.0,0.0,0.0,0.0,0,0.0,,0.0,0.0,0,1.0,0.0,,0.0,-0.098
1995,CL,読売ジャイアンツ,31633868,石毛　博史,H.Ishige,38.0,8.0,7.0,0.0,1.0,0.0,0.0,0.0,1.0,0.0,0.0,0,0.0,0.0,1.0,0,0.0,6.0,0.0,0.143,0.25,0.143,0.393,1.0,0.0,0.10700000000000001,0.25,12.5,75.0,0.16666666666666666,1.0,0.14825,297.66666666666663,0.14285714285714285,0.3333333333333333,0.143,1.0,0.0,0.0,38.0,8.0,7.0,1.0,0.0,0.0,0.0,0.25,0.143,1.0,0,0.0,,1.0,0.0,0,0.0,0.0,,0.25,0.242
1995,CL,横浜DeNAベイスターズ,31633880,M.バークベック,M.Birkbeck,8.0,13.0,13.0,0.0,0.0,0.0,0.0,0.0,0.0,0.0,0.0,0,0.0,0.0,0.0,0,0.0,6.0,1.0,0.0,0.0,0.0,0.0,0.0,0.0,0.0,0.0,0.0,46.15384615384615,0.0,0.0,0.0,0.0,0.0,0.0,0.0,0.0,0.0,0.0,8.0,13.0,13.0,0.0,0.0,0.0,0.0,0.0,0.0,0.0,0,0.0,,0.0,0.0,0,0.0,0.0,,0.0,-1.274
1995,CL,広島東洋カープ,31633881,前田　智徳,T.Maeda,25.0,99.0,86.0,15.0,22.0,4.0,1.0,4.0,40.0,11.0,3,0,0.0,1.0,10.0,0,2.0,12.0,1.0,0.256,0.343,0.465,0.808,13.0,0.20900000000000002,0.08700000000000002,0.552,10.1010101010101,12.121212121212121,0.8333333333333334,0.2535211267605634,0.2706,498.0,0.32558139534883723,0.8,0.256,22.0,4.0,11.0,25.0,99.0,86.0,13.0,4.0,1.0,15.0,0.343,0.465,10.0,0,2.0,,40.0,3,0,0.0,1.0,,13.333333333333334,13.868
1995,CL,広島東洋カープ,31733866,高　信二,S.Kou,39.0,42.0,37.0,5.0,14.0,3.0,1.0,0.0,19.0,4.0,1,0,2.0,0.0,3.0,0,0.0,6.0,1.0,0.378,0.425,0.514,0.9390000000000001,10.0,0.136,0.046999999999999986,0.5609999999999999,7.142857142857142,14.285714285714285,0.5,0.45161290322580644,0.31975,596.3333333333334,0.21621621621621623,0.9166666666666666,0.378,14.0,0.0,4.0,39.0,42.0,37.0,10.0,3.0,1.0,5.0,0.425,0.514,3.0,0,0.0,,19.0,1,0,2.0,0.0,,8.075,6.936
1995,CL,阪神タイガース,31733887,塩谷　和彦,K.Shiotani,8.0,4.0,4.0,0.0,0.0,0.0,0.0,0.0,0.0,0.0,0.0,0,0.0,0.0,0.0,0,0.0,1.0,0.0,0.0,0.0,0.0,0.0,0.0,0.0,0.0,0.0,0.0,25.0,0.0,0.0,0.0,0.0,0.0,0.0,0.0,0.0,0.0,0.0,8.0,4.0,4.0,0.0,0.0,0.0,0.0,0.0,0.0,0.0,0,0.0,,0.0,0.0,0,0.0,0.0,,0.0,-0.392
1995,CL,横浜DeNAベイスターズ,31933889,西澤　洋介,Y.Nishizawa,1.0,0.0,0.0,0.0,0.0,0.0,0.0,0.0,0.0,0.0,0.0,0,0.0,0.0,0.0,0,0.0,0.0,0.0,,,,0.0,0.0,0.0,0.0,,nan,nan,nan,nan,0.0,0.0,nan,nan,,0.0,0.0,0.0,1.0,0.0,0.0,0.0,0.0,0.0,0.0,,,0.0,0,0.0,,0.0,0.0,0,0.0,0.0,,nan,0.0
1995,CL,阪神タイガース,33133868,太田　貴,T.Oota,15.0,0.0,0.0,0.0,0.0,0.0,0.0,0.0,0.0,0.0,0.0,0,0.0,0.0,0.0,0,0.0,0.0,0.0,,,,0.0,0.0,0.0,0.0,,nan,nan,nan,nan,0.0,0.0,nan,nan,,0.0,0.0,0.0,15.0,0.0,0.0,0.0,0.0,0.0,0.0,,,0.0,0,0.0,,0.0,0.0,0,0.0,0.0,,nan,0.0
1995,CL,広島東洋カープ,33233868,西山　秀二,S.Nishiyama,83.0,236.0,199.0,19.0,42.0,10.0,4.0,5.0,75.0,27.0,5,2,11.0,1.0,22.0,0,3.0,56.0,4.0,0.211,0.298,0.377,0.675,23.0,0.166,0.087,0.4639999999999999,9.322033898305085,23.728813559322035,0.39285714285714285,0.26618705035971224,0.22835,423.66666666666663,0.2864321608040201,0.6335403726708074,0.211,42.0,5.0,27.0,83.0,236.0,199.0,23.0,10.0,4.0,19.0,0.298,0.377,22.0,0,3.0,,75.0,5,2,11.0,1.0,,21.71945701357466,23.284
1995,CL,阪神タイガース,3503868,金子　誠一,S.Kaneko,18.0,32.0,31.0,1.0,5.0,1.0,0.0,0.0,6.0,2.0,0.0,0,0.0,0.0,1.0,0,0.0,5.0,1.0,0.161,0.188,0.194,0.382,4.0,0.033,0.026999999999999996,0.221,3.125,15.625,0.2,0.19230769230769232,0.1331,252.66666666666666,0.06451612903225806,0.25925925925925924,0.161,5.0,0.0,2.0,18.0,32.0,31.0,4.0,1.0,0.0,1.0,0.188,0.194,1.0,0,0.0,,6.0,0.0,0,0.0,0.0,,1.125,0.5019999999999998
1995,CL,読売ジャイアンツ,41043881,出口　雄大,Y.Deguchi,9.0,24.0,19.0,3.0,5.0,1.0,0.0,1.0,9.0,4.0,2.0,2,0.0,0.0,5.0,0,0.0,6.0,0.0,0.263,0.417,0.474,0.891,3.0,0.21099999999999997,0.15399999999999997,0.6279999999999999,20.833333333333336,25.0,0.8333333333333334,0.3333333333333333,0.30615,575.0,0.5789473684210527,1.1428571428571428,0.263,5.0,1.0,4.0,9.0,24.0,19.0,3.0,1.0,0.0,3.0,0.417,0.474,5.0,0,0.0,,9.0,2.0,2,0.0,0.0,,3.75,4.298
1995,CL,広島東洋カープ,41043887,ジョー古河,Y.Jo,2.0,2.0,2.0,0.0,1.0,0.0,0.0,0.0,1.0,0.0,0.0,0,0.0,0.0,0.0,0,0.0,1.0,0.0,0.5,0.5,0.5,1.0,1.0,0.0,0.0,0.5,0.0,50.0,0.0,1.0,0.35,666.6666666666666,0.0,1.0,0.5,1.0,0.0,0.0,2.0,2.0,2.0,1.0,0.0,0.0,0.0,0.5,0.5,0.0,0,0.0,,1.0,0.0,0,0.0,0.0,,0.5,0.402
1995,CL,横浜DeNAベイスターズ,41143869,飯塚　富司,T.Iizuka,15.0,18.0,16.0,0.0,1.0,0.0,0.0,0.0,1.0,0.0,0.0,0,0.0,0.0,2.0,0,0.0,5.0,0.0,0.062,0.167,0.062,0.229,1.0,0.0,0.10500000000000001,0.167,11.11111111111111,27.77777777777778,0.4,0.09090909090909091,0.09065000000000001,187.66666666666669,0.125,0.2,0.062,1.0,0.0,0.0,15.0,18.0,16.0,1.0,0.0,0.0,0.0,0.167,0.062,2.0,0,0.0,,1.0,0.0,0,0.0,0.0,,0.16666666666666666,-0.30999999999999983
1995,CL,中日ドラゴンズ,41343864,神山　一義,K.Kouyama,15.0,48.0,43.0,3.0,8.0,2.0,0.0,2.0,16.0,2.0,1.0,1,1.0,0.0,4.0,0,0.0,15.0,2.0,0.186,0.255,0.372,0.627,4.0,0.186,0.069,0.441,8.333333333333332,31.25,0.26666666666666666,0.23076923076923078,0.20775,379.0,0.3023255813953488,0.5675675675675675,0.186,8.0,2.0,2.0,15.0,48.0,43.0,4.0,2.0,0.0,3.0,0.255,0.372,4.0,0,0.0,,16.0,1.0,1,1.0,0.0,,4.085106382978723,4.390000000000001
1995,CL,中日ドラゴンズ,41343865,金村　義明,Y.Kanemura,28.0,88.0,79.0,4.0,14.0,4.0,0.0,1.0,21.0,5.0,0,1,2.0,0.0,7.0,0,0.0,15.0,6.0,0.177,0.244,0.266,0.51,9.0,0.08900000000000002,0.067,0.333,7.954545454545454,17.045454545454543,0.4666666666666667,0.20634920634920634,0.1763,332.6666666666667,0.189873417721519,0.4084507042253521,0.177,14.0,1.0,5.0,28.0,88.0,79.0,9.0,4.0,0.0,4.0,0.244,0.266,7.0,0,0.0,,21.0,0,1,2.0,0.0,,5.127906976744186,4.94
1995,CL,読売ジャイアンツ,41343881,大森　剛,T.Oomori,18.0,31.0,29.0,2.0,5.0,1.0,0.0,1.0,9.0,3.0,0.0,0,0.0,0.0,0.0,0,2.0,4.0,0.0,0.172,0.226,0.31,0.536,3.0,0.138,0.05400000000000002,0.364,0.0,12.903225806451612,0.0,0.16666666666666666,0.1792,329.33333333333337,0.13793103448275862,0.4583333333333333,0.172,5.0,1.0,3.0,18.0,31.0,29.0,3.0,1.0,0.0,2.0,0.226,0.31,0.0,0,2.0,,9.0,0.0,0,0.0,0.0,,1.5517241379310345,1.967999999999999
1995,CL,中日ドラゴンズ,41343883,矢野　燿大,A.Yano,57.0,123.0,115.0,14.0,28.0,2.0,2.0,1.0,37.0,5.0,1,0,0.0,0.0,7.0,0,1.0,31.0,5.0,0.243,0.293,0.322,0.615,23.0,0.07900000000000001,0.04999999999999999,0.372,5.691056910569105,25.203252032520325,0.22580645161290322,0.3253012048192771,0.21234999999999998,400.3333333333333,0.1391304347826087,0.4891304347826087,0.243,28.0,1.0,5.0,57.0,123.0,115.0,23.0,2.0,2.0,14.0,0.293,0.322,7.0,0,1.0,,37.0,1,0,0.0,0.0,,10.614754098360656,10.574000000000002
1995,CL,広島東洋カープ,41343885,金本　知憲,T.Kanemoto,104.0,438.0,369.0,72.0,101.0,15.0,1.0,24.0,190.0,67.0,14,10,0.0,3.0,61.0,0,5.0,78.0,5.0,0.274,0.381,0.515,0.896,61.0,0.241,0.10699999999999998,0.622,13.926940639269406,17.80821917808219,0.782051282051282,0.2851851851851852,0.3002,552.6666666666666,0.43360433604336046,0.9743589743589743,0.274,101.0,24.0,67.0,104.0,438.0,369.0,61.0,15.0,1.0,72.0,0.381,0.515,61.0,0,5.0,,190.0,14,10,0.0,3.0,,71.5813953488372,74.21600000000001
1995,CL,横浜DeNAベイスターズ,41343889,川﨑　義文,Y.Kawasaki,2.0,4.0,4.0,0.0,1.0,0.0,0.0,0.0,1.0,0.0,0.0,0,0.0,0.0,0.0,0,0.0,1.0,0.0,0.25,0.25,0.25,0.5,1.0,0.0,0.0,0.25,0.0,25.0,0.0,0.3333333333333333,0.175,333.3333333333333,0.0,0.3333333333333333,0.25,1.0,0.0,0.0,2.0,4.0,4.0,1.0,0.0,0.0,0.0,0.25,0.25,0.0,0,0.0,,1.0,0.0,0,0.0,0.0,,0.25,0.20599999999999996
1995,CL,読売ジャイアンツ,41443860,宮本　和知,K.Miyamoto,21.0,36.0,31.0,1.0,9.0,2.0,0.0,0.0,11.0,0.0,0.0,0,4.0,0.0,1.0,0,0.0,9.0,2.0,0.29,0.312,0.355,0.667,7.0,0.065,0.02200000000000002,0.377,2.7777777777777777,25.0,0.1111111111111111,0.4090909090909091,0.22915,430.33333333333337,0.0967741935483871,0.5,0.29,9.0,0.0,0.0,21.0,36.0,31.0,7.0,2.0,0.0,1.0,0.312,0.355,1.0,0,0.0,,11.0,0.0,0,4.0,0.0,,3.4375,3.1139999999999994
1995,CL,横浜DeNAベイスターズ,41443885,三浦　大輔,D.Miura,27.0,54.0,46.0,2.0,6.0,0.0,0.0,0.0,6.0,3.0,0.0,0,6.0,1.0,1.0,0,0.0,22.0,1.0,0.13,0.146,0.13,0.276,6.0,0.0,0.015999999999999986,0.146,1.8518518518518516,40.74074074074074,0.045454545454545456,0.24,0.0982,189.33333333333331,0.021739130434782608,0.17073170731707318,0.13,6.0,0.0,3.0,27.0,54.0,46.0,6.0,0.0,0.0,2.0,0.146,0.13,1.0,0,0.0,,6.0,0.0,0,6.0,1.0,,0.8936170212765957,-0.5899999999999999
1995,CL,横浜DeNAベイスターズ,41543866,盛田　幸妃,K.Morita,57.0,9.0,7.0,2.0,1.0,0.0,0.0,0.0,1.0,0.0,0.0,0,1.0,0.0,1.0,0,0.0,3.0,0.0,0.143,0.25,0.143,0.393,1.0,0.0,0.10700000000000001,0.25,11.11111111111111,33.33333333333333,0.3333333333333333,0.25,0.14825,297.66666666666663,0.14285714285714285,0.3333333333333333,0.143,1.0,0.0,0.0,57.0,9.0,7.0,1.0,0.0,0.0,2.0,0.25,0.143,1.0,0,0.0,,1.0,0.0,0,1.0,0.0,,0.25,0.242
1995,CL,読売ジャイアンツ,41643868,杉山　直輝,N.Sugiyama,30.0,74.0,64.0,3.0,19.0,0.0,0.0,0.0,19.0,1.0,0.0,0,3.0,0.0,6.0,0,1.0,15.0,1.0,0.297,0.366,0.297,0.663,19.0,0.0,0.069,0.366,8.108108108108109,20.27027027027027,0.4,0.3877551020408163,0.23895,464.99999999999994,0.09375,0.5652173913043478,0.297,19.0,0.0,1.0,30.0,74.0,64.0,19.0,0.0,0.0,3.0,0.366,0.297,6.0,0,1.0,,19.0,0.0,0,3.0,0.0,,6.785714285714286,7.4
1995,CL,中日ドラゴンズ,41643885,若林　隆信,T.Wakabayashi,4.0,0.0,0.0,0.0,0.0,0.0,0.0,0.0,0.0,0.0,0.0,0,0.0,0.0,0.0,0,0.0,0.0,0.0,,,,0.0,0.0,0.0,0.0,,nan,nan,nan,nan,0.0,0.0,nan,nan,,0.0,0.0,0.0,4.0,0.0,0.0,0.0,0.0,0.0,0.0,,,0.0,0,0.0,,0.0,0.0,0,0.0,0.0,,nan,0.0
1995,CL,広島東洋カープ,41643887,L.メディーナ,L.Medina,35.0,110.0,103.0,9.0,23.0,3.0,0.0,4.0,38.0,11.0,0.0,0,0.0,1.0,5.0,0,1.0,35.0,3.0,0.223,0.264,0.369,0.633,16.0,0.146,0.04100000000000001,0.41,4.545454545454546,31.818181818181817,0.14285714285714285,0.2923076923076923,0.21105000000000002,387.0,0.1941747572815534,0.5301204819277109,0.223,23.0,4.0,11.0,35.0,110.0,103.0,16.0,3.0,0.0,9.0,0.264,0.369,5.0,0,1.0,,38.0,0.0,0,0.0,1.0,,9.851851851851851,10.059999999999999
1995,CL,読売ジャイアンツ,41743881,佐々木　明義,A.Sasaki,1.0,0.0,0.0,0.0,0.0,0.0,0.0,0.0,0.0,0.0,0.0,0,0.0,0.0,0.0,0,0.0,0.0,0.0,,,,0.0,0.0,0.0,0.0,,nan,nan,nan,nan,0.0,0.0,nan,nan,,0.0,0.0,0.0,1.0,0.0,0.0,0.0,0.0,0.0,0.0,,,0.0,0,0.0,,0.0,0.0,0,0.0,0.0,,nan,0.0
1995,CL,広島東洋カープ,41843883,瀬戸　輝信,T.Seto,78.0,241.0,203.0,24.0,52.0,8.0,0.0,2.0,66.0,22.0,2,1,15.0,1.0,20.0,0,2.0,42.0,4.0,0.256,0.327,0.325,0.652,42.0,0.069,0.07100000000000001,0.396,8.29875518672199,17.42738589211618,0.47619047619047616,0.3125,0.2284,435.33333333333337,0.1724137931034483,0.5741935483870968,0.256,52.0,2.0,22.0,78.0,241.0,203.0,42.0,8.0,0.0,24.0,0.327,0.325,20.0,0,2.0,,66.0,2,1,15.0,1.0,,21.309417040358746,22.281999999999996
1995,CL,横浜DeNAベイスターズ,41943880,福盛　和男,K.Fukumori,2.0,1.0,1.0,0.0,0.0,0.0,0.0,0.0,0.0,0.0,0.0,0,0.0,0.0,0.0,0,0.0,1.0,0.0,0.0,0.0,0.0,0.0,0.0,0.0,0.0,0.0,0.0,100.0,0.0,nan,0.0,0.0,0.0,0.0,0.0,0.0,0.0,0.0,2.0,1.0,1.0,0.0,0.0,0.0,0.0,0.0,0.0,0.0,0,0.0,,0.0,0.0,0,0.0,0.0,,0.0,-0.098
1995,CL,横浜DeNAベイスターズ,41943887,戸叶　尚,H.Tokano,11.0,0.0,0.0,0.0,0.0,0.0,0.0,0.0,0.0,0.0,0.0,0,0.0,0.0,0.0,0,0.0,0.0,0.0,,,,0.0,0.0,0.0,0.0,,nan,nan,nan,nan,0.0,0.0,nan,nan,,0.0,0.0,0.0,11.0,0.0,0.0,0.0,0.0,0.0,0.0,,,0.0,0,0.0,,0.0,0.0,0,0.0,0.0,,nan,0.0
1995,CL,広島東洋カープ,43243868,野村　謙二郎,K.Nomura,131.0,611.0,550.0,109.0,173.0,29.0,5.0,32.0,308.0,75.0,30,8,0.0,2.0,53.0,0,6.0,60.0,4.0,0.315,0.38,0.56,0.9400000000000001,107.0,0.24500000000000005,0.065,0.625,8.674304418985269,9.819967266775777,0.8833333333333333,0.3065217391304348,0.31100000000000005,566.6666666666666,0.3563636363636364,0.984251968503937,0.315,173.0,32.0,75.0,131.0,611.0,550.0,107.0,29.0,5.0,109.0,0.38,0.56,53.0,0,6.0,,308.0,30,8,0.0,2.0,,115.43615257048093,109.624
1995,CL,東京ヤクルトスワローズ,43643868,青柳　進,S.Aoyagi,4.0,5.0,5.0,0.0,1.0,0.0,0.0,0.0,1.0,0.0,0.0,0,0.0,0.0,0.0,0,0.0,1.0,0.0,0.2,0.2,0.2,0.4,1.0,0.0,0.0,0.2,0.0,20.0,0.0,0.25,0.14,266.6666666666667,0.0,0.25,0.2,1.0,0.0,0.0,4.0,5.0,5.0,1.0,0.0,0.0,0.0,0.2,0.2,0.0,0,0.0,,1.0,0.0,0,0.0,0.0,,0.2,0.10799999999999998
1995,CL,中日ドラゴンズ,43743868,松井　隆昌,T.Matsui,11.0,13.0,11.0,1.0,2.0,1.0,0.0,1.0,6.0,1.0,0.0,0,0.0,0.0,2.0,0,0.0,5.0,0.0,0.182,0.308,0.545,0.853,0.0,0.36300000000000004,0.126,0.671,15.384615384615385,38.46153846153847,0.4,0.2,0.27485000000000004,489.6666666666667,0.5454545454545454,0.8888888888888888,0.182,2.0,1.0,1.0,11.0,13.0,11.0,0.0,1.0,0.0,1.0,0.308,0.545,2.0,0,0.0,,6.0,0.0,0,0.0,0.0,,1.8461538461538463,1.9380000000000002
1995,CL,東京ヤクルトスワローズ,5003868,加藤　博人,H.Katou,40.0,3.0,3.0,0.0,1.0,0.0,0.0,0.0,1.0,0.0,0.0,0,0.0,0.0,0.0,0,0.0,2.0,0.0,0.333,0.333,0.333,0.666,1.0,0.0,0.0,0.333,0.0,66.66666666666666,0.0,1.0,0.23310000000000003,444.0,0.0,0.5,0.333,1.0,0.0,0.0,40.0,3.0,3.0,1.0,0.0,0.0,0.0,0.333,0.333,0.0,0,0.0,,1.0,0.0,0,0.0,0.0,,0.3333333333333333,0.304
1995,CL,横浜DeNAベイスターズ,51053863,原　伸樹,S.Hara,10.0,9.0,8.0,1.0,1.0,0.0,0.0,0.0,1.0,0.0,0.0,0,0.0,0.0,1.0,0,0.0,2.0,0.0,0.125,0.222,0.125,0.347,1.0,0.0,0.097,0.222,11.11111111111111,22.22222222222222,0.5,0.16666666666666666,0.13115,263.6666666666667,0.125,0.2857142857142857,0.125,1.0,0.0,0.0,10.0,9.0,8.0,1.0,0.0,0.0,1.0,0.222,0.125,1.0,0,0.0,,1.0,0.0,0,0.0,0.0,,0.2222222222222222,0.14400000000000002
1995,CL,東京ヤクルトスワローズ,51053865,宮本　賢治,K.Miyamoto,30.0,8.0,4.0,0.0,0.0,0.0,0.0,0.0,0.0,0.0,0.0,0,2.0,0.0,2.0,0,0.0,1.0,0.0,0.0,0.333,0.0,0.333,0.0,0.0,0.333,0.333,25.0,12.5,2.0,0.0,0.14985,333.0,0.5,0.5,0.0,0.0,0.0,0.0,30.0,8.0,4.0,0.0,0.0,0.0,0.0,0.333,0.0,2.0,0,0.0,,0.0,0.0,0,2.0,0.0,,0.0,0.268
1995,CL,東京ヤクルトスワローズ,51053880,宮本　慎也,S.Miyamoto,67.0,57.0,50.0,13.0,11.0,2.0,0.0,0.0,13.0,4.0,3,1,1.0,0.0,6.0,0,0.0,9.0,0.0,0.22,0.304,0.26,0.5640000000000001,9.0,0.04000000000000001,0.08399999999999999,0.344,10.526315789473683,15.789473684210526,0.6666666666666666,0.2682926829268293,0.2018,390.6666666666667,0.18,0.5128205128205128,0.22,11.0,0.0,4.0,67.0,57.0,50.0,9.0,2.0,0.0,13.0,0.304,0.26,6.0,0,0.0,,13.0,3,1,1.0,0.0,,3.9464285714285716,4.278
1995,CL,読売ジャイアンツ,51053887,西山　一宇,K.Nishiyama,20.0,5.0,2.0,1.0,0.0,0.0,0.0,0.0,0.0,0.0,0.0,0,1.0,0.0,2.0,0,0.0,2.0,0.0,0.0,0.5,0.0,0.5,0.0,0.0,0.5,0.5,40.0,40.0,1.0,nan,0.225,500.0,1.0,1.0,0.0,0.0,0.0,0.0,20.0,5.0,2.0,0.0,0.0,0.0,1.0,0.5,0.0,2.0,0,0.0,,0.0,0.0,0,1.0,0.0,,0.0,0.464
1995,CL,東京ヤクルトスワローズ,51153862,荒井　幸雄,Y.Arai,62.0,203.0,174.0,16.0,44.0,10.0,2.0,2.0,64.0,11.0,4,1,6.0,1.0,22.0,0,0.0,17.0,1.0,0.253,0.335,0.368,0.7030000000000001,30.0,0.11499999999999999,0.08200000000000002,0.45,10.83743842364532,8.374384236453201,1.2941176470588236,0.2692307692307692,0.24275000000000002,457.6666666666667,0.2471264367816092,0.6641221374045801,0.253,44.0,2.0,11.0,62.0,203.0,174.0,30.0,10.0,2.0,16.0,0.335,0.368,22.0,0,0.0,,64.0,4,1,6.0,1.0,,21.551020408163264,21.86
1995,CL,読売ジャイアンツ,51153864,阿波野　秀幸,H.Awano,24.0,3.0,3.0,0.0,0.0,0.0,0.0,0.0,0.0,0.0,0.0,0,0.0,0.0,0.0,0,0.0,3.0,0.0,0.0,0.0,0.0,0.0,0.0,0.0,0.0,0.0,0.0,100.0,0.0,nan,0.0,0.0,0.0,0.0,0.0,0.0,0.0,0.0,24.0,3.0,3.0,0.0,0.0,0.0,0.0,0.0,0.0,0.0,0,0.0,,0.0,0.0,0,0.0,0.0,,0.0,-0.29400000000000004
1995,CL,広島東洋カープ,51153881,浅井　樹,I.Asai,63.0,174.0,152.0,22.0,46.0,6.0,1.0,6.0,72.0,16.0,5,3,2.0,0.0,20.0,0,0.0,31.0,3.0,0.303,0.384,0.474,0.858,33.0,0.17099999999999999,0.08100000000000002,0.5549999999999999,11.494252873563218,17.81609195402299,0.6451612903225806,0.34782608695652173,0.2913,542.0,0.3223684210526316,0.8715596330275229,0.303,46.0,6.0,16.0,63.0,174.0,152.0,33.0,6.0,1.0,22.0,0.384,0.474,20.0,0,0.0,,72.0,5,3,2.0,0.0,,27.627906976744185,27.252000000000002
1995,CL,読売ジャイアンツ,51253865,吉村　禎章,S.Yoshimura,53.0,75.0,66.0,5.0,19.0,2.0,0.0,4.0,33.0,13.0,1,0,0.0,0.0,9.0,0,0.0,8.0,4.0,0.288,0.373,0.5,0.873,13.0,0.21200000000000002,0.08500000000000002,0.585,12.0,10.666666666666668,1.125,0.2777777777777778,0.29285,539.6666666666666,0.3484848484848485,0.8235294117647058,0.288,19.0,4.0,13.0,53.0,75.0,66.0,13.0,2.0,0.0,5.0,0.373,0.5,9.0,0,0.0,,33.0,1,0,0.0,0.0,,12.32,12.063999999999998
1995,CL,横浜DeNAベイスターズ,51253880,米　正秀,M.Yone,22.0,10.0,9.0,1.0,1.0,0.0,0.0,0.0,1.0,0.0,0.0,0,1.0,0.0,0.0,0,0.0,4.0,1.0,0.111,0.111,0.111,0.222,1.0,0.0,0.0,0.111,0.0,40.0,0.0,0.2,0.0777,148.0,0.0,0.1111111111111111,0.111,1.0,0.0,0.0,22.0,10.0,9.0,1.0,0.0,0.0,1.0,0.111,0.111,0.0,0,0.0,,1.0,0.0,0,1.0,0.0,,0.1111111111111111,-0.28400000000000003
1995,CL,読売ジャイアンツ,51253887,松井　秀喜,H.Matsui,131.0,569.0,501.0,76.0,142.0,31.0,1.0,22.0,241.0,80.0,9,7,2.0,2.0,62.0,0,2.0,93.0,12.0,0.283,0.363,0.481,0.844,88.0,0.198,0.08000000000000002,0.5609999999999999,10.896309314586995,16.34446397188049,0.6666666666666666,0.30927835051546393,0.28359999999999996,523.3333333333334,0.33532934131736525,0.8409703504043127,0.283,142.0,22.0,80.0,131.0,569.0,501.0,88.0,31.0,1.0,76.0,0.363,0.481,62.0,0,2.0,,241.0,9,7,2.0,2.0,,87.32504440497335,86.238
1995,CL,読売ジャイアンツ,51353865,岡崎　郁,K.Okazaki,84.0,259.0,233.0,23.0,48.0,6.0,2.0,3.0,67.0,14.0,2.0,2,3.0,0.0,22.0,0,1.0,37.0,7.0,0.206,0.277,0.288,0.565,37.0,0.08199999999999999,0.07100000000000004,0.359,8.494208494208493,14.285714285714285,0.5945945945945946,0.23316062176165803,0.19665,373.0,0.18454935622317598,0.4791666666666667,0.206,48.0,3.0,14.0,84.0,259.0,233.0,37.0,6.0,2.0,23.0,0.277,0.288,22.0,0,1.0,,67.0,2.0,2,3.0,0.0,,18.392156862745097,19.040000000000003
1995,CL,読売ジャイアンツ,51353889,岡島　秀樹,H.Okajima,1.0,2.0,2.0,0.0,0.0,0.0,0.0,0.0,0.0,0.0,0.0,0,0.0,0.0,0.0,0,0.0,0.0,1.0,0.0,0.0,0.0,0.0,0.0,0.0,0.0,0.0,0.0,0.0,nan,0.0,0.0,0.0,0.0,0.0,0.0,0.0,0.0,0.0,1.0,2.0,2.0,0.0,0.0,0.0,0.0,0.0,0.0,0.0,0,0.0,,0.0,0.0,0,0.0,0.0,,0.0,-0.196
1995,CL,読売ジャイアンツ,51553863,川口　和久,K.Kawaguchi,18.0,37.0,36.0,2.0,4.0,1.0,0.0,0.0,5.0,2.0,0.0,0,0.0,0.0,1.0,0,0.0,19.0,1.0,0.111,0.135,0.139,0.274,3.0,0.02800000000000001,0.024000000000000007,0.163,2.7027027027027026,51.35135135135135,0.05263157894736842,0.23529411764705882,0.0955,181.33333333333334,0.05555555555555555,0.18181818181818182,0.111,4.0,0.0,2.0,18.0,37.0,36.0,3.0,1.0,0.0,2.0,0.135,0.139,1.0,0,0.0,,5.0,0.0,0,0.0,0.0,,0.6756756756756757,-0.5860000000000003
1995,CL,中日ドラゴンズ,51553866,北野　勝則,K.Kitano,26.0,0.0,0.0,0.0,0.0,0.0,0.0,0.0,0.0,0.0,0.0,0,0.0,0.0,0.0,0,0.0,0.0,0.0,,,,0.0,0.0,0.0,0.0,,nan,nan,nan,nan,0.0,0.0,nan,nan,,0.0,0.0,0.0,26.0,0.0,0.0,0.0,0.0,0.0,0.0,,,0.0,0,0.0,,0.0,0.0,0,0.0,0.0,,nan,0.0
1995,CL,阪神タイガース,51553867,木戸　克彦,K.Kido,50.0,108.0,91.0,4.0,16.0,2.0,0.0,0.0,18.0,6.0,1,0,2.0,1.0,14.0,0,0.0,22.0,4.0,0.176,0.283,0.198,0.481,14.0,0.02200000000000002,0.10699999999999998,0.305,12.962962962962962,20.37037037037037,0.6363636363636364,0.22857142857142856,0.17685,349.0,0.17582417582417584,0.4050632911392405,0.176,16.0,0.0,6.0,50.0,108.0,91.0,14.0,2.0,0.0,4.0,0.283,0.198,14.0,0,0.0,,18.0,1,0,2.0,1.0,,5.142857142857143,5.709999999999998
1995,CL,中日ドラゴンズ,51553868,前原　博之,H.Maehara,69.0,128.0,112.0,13.0,26.0,4.0,0.0,3.0,39.0,9.0,1,0,8.0,0.0,7.0,0,1.0,24.0,4.0,0.232,0.283,0.348,0.631,19.0,0.11599999999999996,0.05099999999999996,0.3989999999999999,5.46875,18.75,0.2916666666666667,0.27058823529411763,0.21434999999999998,398.99999999999994,0.17857142857142858,0.5222222222222223,0.232,26.0,3.0,9.0,69.0,128.0,112.0,19.0,4.0,0.0,13.0,0.283,0.348,7.0,0,1.0,,39.0,1,0,8.0,0.0,,10.815126050420169,10.911999999999999
1995,CL,読売ジャイアンツ,51553880,高村　良嘉,Y.Koumura,18.0,58.0,53.0,8.0,19.0,1.0,0.0,0.0,20.0,1.0,3,2,2.0,0.0,3.0,0,0.0,11.0,0.0,0.358,0.393,0.377,0.77,18.0,0.019000000000000017,0.03500000000000003,0.412,5.172413793103448,18.96551724137931,0.2727272727272727,0.4523809523809524,0.2711,518.6666666666667,0.11320754716981132,0.7352941176470589,0.358,19.0,0.0,1.0,18.0,58.0,53.0,18.0,1.0,0.0,8.0,0.393,0.377,3.0,0,0.0,,20.0,3,2,2.0,0.0,,7.857142857142857,7.7379999999999995
1995,CL,阪神タイガース,51553881,葛西　稔,M.Kasai,16.0,6.0,4.0,0.0,0.0,0.0,0.0,0.0,0.0,1.0,0.0,0,1.0,0.0,1.0,0,0.0,3.0,0.0,0.0,0.2,0.0,0.2,0.0,0.0,0.2,0.2,16.666666666666664,50.0,0.3333333333333333,0.0,0.09000000000000001,200.0,0.25,0.25,0.0,0.0,0.0,1.0,16.0,6.0,4.0,0.0,0.0,0.0,0.0,0.2,0.0,1.0,0,0.0,,0.0,0.0,0,1.0,0.0,,0.0,-0.062
1995,CL,東京ヤクルトスワローズ,51553883,高津　臣吾,S.Takatsu,39.0,7.0,6.0,0.0,2.0,0.0,0.0,0.0,2.0,3.0,0.0,0,1.0,0.0,0.0,0,0.0,4.0,0.0,0.333,0.333,0.333,0.666,2.0,0.0,0.0,0.333,0.0,57.14285714285714,0.0,1.0,0.23310000000000003,444.0,0.0,0.5,0.333,2.0,0.0,3.0,39.0,7.0,6.0,2.0,0.0,0.0,0.0,0.333,0.333,0.0,0,0.0,,2.0,0.0,0,1.0,0.0,,0.6666666666666666,0.608
1995,CL,阪神タイガース,51553885,久慈　照嘉,T.Kuji,123.0,409.0,334.0,32.0,89.0,9.0,5.0,1.0,111.0,24.0,3,8,13.0,0.0,62.0,0,0.0,49.0,1.0,0.266,0.381,0.332,0.7130000000000001,74.0,0.066,0.11499999999999999,0.447,15.158924205378973,11.98044009779951,1.2653061224489797,0.30985915492957744,0.25445,491.6666666666667,0.2754491017964072,0.7357723577235772,0.266,89.0,1.0,24.0,123.0,409.0,334.0,74.0,9.0,5.0,32.0,0.381,0.332,62.0,0,0.0,,111.0,3,8,13.0,0.0,,42.32575757575758,48.00999999999999
1995,CL,中日ドラゴンズ,51553887,古池　拓一,T.Koike,33.0,38.0,36.0,1.0,3.0,0.0,0.0,0.0,3.0,1.0,0.0,0,2.0,0.0,0.0,0,0.0,17.0,1.0,0.083,0.083,0.083,0.166,3.0,0.0,0.0,0.083,0.0,44.73684210526316,0.0,0.15789473684210525,0.0581,110.66666666666667,0.0,0.08823529411764706,0.083,3.0,0.0,1.0,33.0,38.0,36.0,3.0,0.0,0.0,1.0,0.083,0.083,0.0,0,0.0,,3.0,0.0,0,2.0,0.0,,0.25,-1.734
1995,CL,東京ヤクルトスワローズ,51653860,吉井　理人,M.Yoshii,34.0,49.0,48.0,0.0,2.0,0.0,0.0,0.0,2.0,1.0,0.0,0,1.0,0.0,0.0,0,0.0,22.0,1.0,0.042,0.042,0.042,0.084,2.0,0.0,0.0,0.042,0.0,44.89795918367347,0.0,0.07692307692307693,0.029400000000000003,56.0,0.0,0.0425531914893617,0.042,2.0,0.0,1.0,34.0,49.0,48.0,2.0,0.0,0.0,0.0,0.042,0.042,0.0,0,0.0,,2.0,0.0,0,1.0,0.0,,0.08333333333333333,-3.508
1995,CL,横浜DeNAベイスターズ,51753864,デニー,T.Deni（deni,10.0,7.0,4.0,0.0,0.0,0.0,0.0,0.0,0.0,0.0,0.0,0,3.0,0.0,0.0,0,0.0,1.0,0.0,0.0,0.0,0.0,0.0,0.0,0.0,0.0,0.0,0.0,14.285714285714285,0.0,0.0,0.0,0.0,0.0,0.0,0.0,0.0,0.0,0.0,10.0,7.0,4.0,0.0,0.0,0.0,0.0,0.0,0.0,0.0,0,0.0,,0.0,0.0,0,3.0,0.0,,0.0,-0.392
1995,CL,広島東洋カープ,51753885,佐藤　貞治,S.Satou,1.0,0.0,0.0,0.0,0.0,0.0,0.0,0.0,0.0,0.0,0.0,0,0.0,0.0,0.0,0,0.0,0.0,0.0,,,,0.0,0.0,0.0,0.0,,nan,nan,nan,nan,0.0,0.0,nan,nan,,0.0,0.0,0.0,1.0,0.0,0.0,0.0,0.0,0.0,0.0,,,0.0,0,0.0,,0.0,0.0,0,0.0,0.0,,nan,0.0
1995,CL,阪神タイガース,51753889,高波　文一,F.Takanami,52.0,31.0,30.0,10.0,3.0,1.0,0.0,1.0,7.0,1.0,3,1,1.0,0.0,0.0,0,0.0,12.0,0.0,0.1,0.1,0.233,0.333,1.0,0.133,0.0,0.233,0.0,38.70967741935484,0.0,0.11764705882352941,0.10325000000000001,177.66666666666669,0.16666666666666666,0.2962962962962963,0.1,3.0,1.0,1.0,52.0,31.0,30.0,1.0,1.0,0.0,10.0,0.1,0.233,0.0,0,0.0,,7.0,3,1,1.0,0.0,,0.7,0.1940000000000004
1995,CL,読売ジャイアンツ,51853868,緒方　耕一,K.Ogata,17.0,35.0,32.0,6.0,8.0,1.0,0.0,0.0,9.0,1.0,1,0,0.0,0.0,3.0,0,0.0,5.0,2.0,0.25,0.314,0.281,0.595,7.0,0.031000000000000028,0.064,0.345,8.571428571428571,14.285714285714285,0.6,0.2962962962962963,0.21155000000000002,407.6666666666667,0.125,0.46153846153846156,0.25,8.0,0.0,1.0,17.0,35.0,32.0,7.0,1.0,0.0,6.0,0.314,0.281,3.0,0,0.0,,9.0,1,0,0.0,0.0,,2.8285714285714287,2.8579999999999997
1995,CL,中日ドラゴンズ,51953881,椎木　匠,T.Shiigi,27.0,66.0,60.0,5.0,13.0,4.0,0.0,2.0,23.0,6.0,0.0,0,0.0,0.0,6.0,0,0.0,13.0,4.0,0.217,0.288,0.383,0.671,7.0,0.166,0.07099999999999998,0.4539999999999999,9.090909090909092,19.696969696969695,0.46153846153846156,0.24444444444444444,0.22535,415.66666666666663,0.26666666666666666,0.5686274509803921,0.217,13.0,2.0,6.0,27.0,66.0,60.0,7.0,4.0,0.0,5.0,0.288,0.383,6.0,0,0.0,,23.0,0.0,0,0.0,0.0,,6.621212121212121,6.634
1995,CL,東京ヤクルトスワローズ,51953885,高梨　利洋,T.Takanashi,3.0,6.0,6.0,1.0,1.0,0.0,0.0,1.0,4.0,3.0,0.0,0,0.0,0.0,0.0,0,0.0,1.0,0.0,0.167,0.167,0.667,0.8340000000000001,0.0,0.5,0.0,0.667,0.0,16.666666666666664,0.0,0.0,0.2419,389.33333333333337,0.5,0.8,0.167,1.0,1.0,3.0,3.0,6.0,6.0,0.0,0.0,0.0,1.0,0.167,0.667,0.0,0,0.0,,4.0,0.0,0,0.0,0.0,,0.6666666666666666,0.95
1995,CL,阪神タイガース,51953887,竹内　昌也,Y.Takeuchi,41.0,43.0,36.0,2.0,3.0,0.0,0.0,1.0,6.0,3.0,0.0,0,6.0,0.0,0.0,0,1.0,18.0,2.0,0.083,0.108,0.167,0.275,2.0,0.084,0.024999999999999994,0.192,0.0,41.86046511627907,0.0,0.11764705882352941,0.09035,163.66666666666669,0.08333333333333333,0.2,0.083,3.0,1.0,3.0,41.0,43.0,36.0,2.0,0.0,0.0,2.0,0.108,0.167,0.0,0,1.0,,6.0,0.0,0,6.0,0.0,,0.5,-0.46399999999999997
1995,CL,横浜DeNAベイスターズ,51953889,波留　敏夫,T.Haru,100.0,434.0,378.0,59.0,117.0,14.0,2.0,5.0,150.0,29.0,9,8,7.0,2.0,43.0,0,4.0,55.0,3.0,0.31,0.384,0.397,0.781,96.0,0.08700000000000002,0.07400000000000001,0.471,9.90783410138249,12.672811059907835,0.7818181818181819,0.35,0.27205,516.3333333333333,0.2222222222222222,0.7765151515151515,0.31,117.0,5.0,29.0,100.0,434.0,378.0,96.0,14.0,2.0,59.0,0.384,0.397,43.0,0,4.0,,150.0,9,8,7.0,2.0,,57.00712589073634,58.732
1995,CL,広島東洋カープ,53253868,江藤　智,A.Etou,127.0,566.0,462.0,92.0,132.0,30.0,1.0,39.0,281.0,106.0,14,5,0.0,12.0,90.0,0,2.0,93.0,6.0,0.286,0.396,0.608,1.004,62.0,0.322,0.11000000000000004,0.718,15.901060070671377,16.431095406360424,0.967741935483871,0.2719298245614035,0.33020000000000005,598.6666666666666,0.5281385281385281,1.125,0.286,132.0,39.0,106.0,127.0,566.0,462.0,62.0,30.0,1.0,92.0,0.396,0.608,90.0,0,2.0,,281.0,14,5,0.0,12.0,,113.01086956521739,108.72
1995,CL,阪神タイガース,53553868,亀山　努,T.Kameyama,19.0,60.0,54.0,2.0,10.0,1.0,1.0,0.0,13.0,2.0,1.0,1,1.0,0.0,5.0,0,0.0,18.0,1.0,0.185,0.254,0.241,0.495,8.0,0.055999999999999994,0.069,0.31,8.333333333333332,30.0,0.2777777777777778,0.2777777777777778,0.17454999999999998,334.3333333333333,0.16666666666666666,0.4222222222222222,0.185,10.0,0.0,2.0,19.0,60.0,54.0,8.0,1.0,1.0,2.0,0.254,0.241,5.0,0,0.0,,13.0,1.0,1,1.0,0.0,,3.305084745762712,3.2779999999999996
1995,CL,阪神タイガース,53753868,村上　誠一,S.Murakami,4.0,0.0,0.0,0.0,0.0,0.0,0.0,0.0,0.0,0.0,0.0,0,0.0,0.0,0.0,0,0.0,0.0,0.0,,,,0.0,0.0,0.0,0.0,,nan,nan,nan,nan,0.0,0.0,nan,nan,,0.0,0.0,0.0,4.0,0.0,0.0,0.0,0.0,0.0,0.0,,,0.0,0,0.0,,0.0,0.0,0,0.0,0.0,,nan,0.0
1995,CL,阪神タイガース,55653868,米崎　薫臣,K.Yonezaki,12.0,10.0,10.0,1.0,3.0,1.0,0.0,0.0,4.0,1.0,0.0,0,0.0,0.0,0.0,0,0.0,3.0,0.0,0.3,0.3,0.4,0.7,2.0,0.10000000000000003,0.0,0.4,0.0,30.0,0.0,0.42857142857142855,0.23500000000000001,433.33333333333337,0.1,0.5714285714285714,0.3,3.0,0.0,1.0,12.0,10.0,10.0,2.0,1.0,0.0,1.0,0.3,0.4,0.0,0,0.0,,4.0,0.0,0,0.0,0.0,,1.2,1.0339999999999998
1995,CL,横浜DeNAベイスターズ,55953868,井上　純,J.Inoue,41.0,37.0,36.0,5.0,9.0,1.0,0.0,1.0,13.0,2.0,1.0,1,1.0,0.0,0.0,0,0.0,9.0,0.0,0.25,0.25,0.361,0.611,7.0,0.11099999999999999,0.0,0.361,0.0,24.324324324324326,0.0,0.3076923076923077,0.20274999999999999,370.33333333333337,0.1388888888888889,0.5185185185185185,0.25,9.0,1.0,2.0,41.0,37.0,36.0,7.0,1.0,0.0,5.0,0.25,0.361,0.0,0,0.0,,13.0,1.0,1,1.0,0.0,,3.25,3.194
1995,CL,横浜DeNAベイスターズ,61063885,永池　恭男,Y.Nagaike,31.0,42.0,31.0,4.0,8.0,1.0,0.0,0.0,9.0,4.0,0.0,0,4.0,0.0,6.0,0,1.0,6.0,0.0,0.258,0.395,0.29,0.685,7.0,0.03199999999999997,0.137,0.427,14.285714285714285,14.285714285714285,1.0,0.32,0.25025000000000003,491.6666666666667,0.22580645161290322,0.6956521739130435,0.258,8.0,0.0,4.0,31.0,42.0,31.0,7.0,1.0,0.0,4.0,0.395,0.29,6.0,0,1.0,,9.0,0.0,0,4.0,0.0,,3.4054054054054053,4.276
1995,CL,東京ヤクルトスワローズ,61063887,古沢　淳,J.Furusawa,3.0,7.0,7.0,0.0,1.0,0.0,0.0,0.0,1.0,0.0,0.0,0,0.0,0.0,0.0,0,0.0,2.0,0.0,0.143,0.143,0.143,0.286,1.0,0.0,0.0,0.143,0.0,28.57142857142857,0.0,0.2,0.1001,190.66666666666666,0.0,0.16666666666666666,0.143,1.0,0.0,0.0,3.0,7.0,7.0,1.0,0.0,0.0,0.0,0.143,0.143,0.0,0,0.0,,1.0,0.0,0,0.0,0.0,,0.14285714285714285,-0.08800000000000008
1995,CL,東京ヤクルトスワローズ,61063889,山部　太,F.Yamabe,38.0,60.0,57.0,1.0,12.0,3.0,1.0,0.0,17.0,7.0,0.0,0,2.0,0.0,1.0,0,0.0,26.0,0.0,0.211,0.224,0.298,0.522,8.0,0.087,0.013000000000000012,0.311,1.6666666666666667,43.333333333333336,0.038461538461538464,0.3870967741935484,0.1753,323.33333333333337,0.10526315789473684,0.4,0.211,12.0,0.0,7.0,38.0,60.0,57.0,8.0,3.0,1.0,1.0,0.224,0.298,1.0,0,0.0,,17.0,0.0,0,2.0,0.0,,3.810344827586207,3.12
1995,CL,東京ヤクルトスワローズ,61163869,池田　親興,C.Ikeda,13.0,0.0,0.0,0.0,0.0,0.0,0.0,0.0,0.0,0.0,0.0,0,0.0,0.0,0.0,0,0.0,0.0,0.0,,,,0.0,0.0,0.0,0.0,,nan,nan,nan,nan,0.0,0.0,nan,nan,,0.0,0.0,0.0,13.0,0.0,0.0,0.0,0.0,0.0,0.0,,,0.0,0,0.0,,0.0,0.0,0,0.0,0.0,,nan,0.0
1995,CL,中日ドラゴンズ,61163881,井上　一樹,K.Inoue,11.0,24.0,23.0,0.0,3.0,0.0,0.0,0.0,3.0,1.0,0.0,0,0.0,0.0,1.0,0,0.0,9.0,1.0,0.13,0.167,0.13,0.29700000000000004,3.0,0.0,0.037000000000000005,0.167,4.166666666666666,37.5,0.1111111111111111,0.21428571428571427,0.10765000000000001,210.33333333333334,0.043478260869565216,0.19047619047619047,0.13,3.0,0.0,1.0,11.0,24.0,23.0,3.0,0.0,0.0,0.0,0.167,0.13,1.0,0,0.0,,3.0,0.0,0,0.0,0.0,,0.5,-0.1299999999999999
1995,CL,阪神タイガース,61263860,古溝　克之,K.Furumizo,45.0,11.0,7.0,1.0,0.0,0.0,0.0,0.0,0.0,0.0,0.0,0,3.0,0.0,1.0,0,0.0,4.0,1.0,0.0,0.125,0.0,0.125,0.0,0.0,0.125,0.125,9.090909090909092,36.36363636363637,0.25,0.0,0.05625,125.0,0.14285714285714285,0.125,0.0,0.0,0.0,0.0,45.0,11.0,7.0,0.0,0.0,0.0,1.0,0.125,0.0,1.0,0,0.0,,0.0,0.0,0,3.0,0.0,,0.0,-0.35600000000000004
1995,CL,中日ドラゴンズ,61363868,清水　雅治,M.Shimizu,110.0,288.0,255.0,34.0,69.0,9.0,0.0,5.0,93.0,20.0,8.0,8,10.0,1.0,22.0,0,0.0,34.0,3.0,0.271,0.327,0.365,0.692,55.0,0.09399999999999997,0.055999999999999994,0.421,7.638888888888889,11.805555555555555,0.6470588235294118,0.29493087557603687,0.2384,448.6666666666667,0.21176470588235294,0.6507936507936508,0.271,69.0,5.0,20.0,110.0,288.0,255.0,55.0,9.0,0.0,34.0,0.327,0.365,22.0,0,0.0,,93.0,8.0,8,10.0,1.0,,30.552346570397113,31.651999999999987
1995,CL,東京ヤクルトスワローズ,61363880,北川　哲也,T.Kitagawa,2.0,0.0,0.0,0.0,0.0,0.0,0.0,0.0,0.0,0.0,0.0,0,0.0,0.0,0.0,0,0.0,0.0,0.0,,,,0.0,0.0,0.0,0.0,,nan,nan,nan,nan,0.0,0.0,nan,nan,,0.0,0.0,0.0,2.0,0.0,0.0,0.0,0.0,0.0,0.0,,,0.0,0,0.0,,0.0,0.0,0,0.0,0.0,,nan,0.0
1995,CL,読売ジャイアンツ,61363887,木村　龍治,R.Kimura,3.0,0.0,0.0,0.0,0.0,0.0,0.0,0.0,0.0,0.0,0.0,0,0.0,0.0,0.0,0,0.0,0.0,0.0,,,,0.0,0.0,0.0,0.0,,nan,nan,nan,nan,0.0,0.0,nan,nan,,0.0,0.0,0.0,3.0,0.0,0.0,0.0,0.0,0.0,0.0,,,0.0,0,0.0,,0.0,0.0,0,0.0,0.0,,nan,0.0
1995,CL,東京ヤクルトスワローズ,61463880,T.ブロス,T.Bross,32.0,57.0,55.0,0.0,5.0,1.0,0.0,0.0,6.0,3.0,0.0,0,2.0,0.0,0.0,0,0.0,29.0,3.0,0.091,0.091,0.109,0.2,4.0,0.018000000000000002,0.0,0.109,0.0,50.877192982456144,0.0,0.19230769230769232,0.0682,127.33333333333333,0.01818181818181818,0.11320754716981132,0.091,5.0,0.0,3.0,32.0,57.0,55.0,4.0,1.0,0.0,0.0,0.091,0.109,0.0,0,0.0,,6.0,0.0,0,2.0,0.0,,0.5454545454545454,-2.1800000000000006
1995,CL,横浜DeNAベイスターズ,61563867,駒田　徳広,N.Komada,130.0,539.0,499.0,45.0,144.0,29.0,4.0,6.0,199.0,66.0,0,1,0.0,2.0,37.0,0,1.0,78.0,20.0,0.289,0.338,0.399,0.7370000000000001,105.0,0.11000000000000004,0.049000000000000044,0.448,6.8645640074211505,14.471243042671613,0.47435897435897434,0.33093525179856115,0.25185,471.00000000000006,0.18637274549098196,0.6346666666666667,0.289,144.0,6.0,66.0,130.0,539.0,499.0,105.0,29.0,4.0,45.0,0.338,0.399,37.0,0,1.0,,199.0,0,1,0.0,2.0,,67.19962686567165,64.11000000000001
1995,CL,中日ドラゴンズ,61563868,大豊　泰昭,Y.Taihou,106.0,444.0,389.0,49.0,95.0,14.0,1.0,24.0,183.0,65.0,1,0,0.0,1.0,51.0,0,3.0,81.0,7.0,0.244,0.336,0.47,0.806,56.0,0.22599999999999998,0.09200000000000003,0.562,11.486486486486488,18.243243243243242,0.6296296296296297,0.24912280701754386,0.2687,492.6666666666667,0.35732647814910024,0.7873754152823921,0.244,95.0,24.0,65.0,106.0,444.0,389.0,56.0,14.0,1.0,49.0,0.336,0.47,51.0,0,3.0,,183.0,1,0,0.0,1.0,,60.722727272727276,62.688
1995,CL,横浜DeNAベイスターズ,61563885,斎藤　隆,T.Saitou,26.0,58.0,52.0,1.0,5.0,0.0,0.0,0.0,5.0,2.0,0.0,0,6.0,0.0,0.0,0,0.0,26.0,2.0,0.096,0.096,0.096,0.192,5.0,0.0,0.0,0.096,0.0,44.827586206896555,0.0,0.19230769230769232,0.06720000000000001,128.0,0.0,0.10204081632653061,0.096,5.0,0.0,2.0,26.0,58.0,52.0,5.0,0.0,0.0,1.0,0.096,0.096,0.0,0,0.0,,5.0,0.0,0,6.0,0.0,,0.4807692307692308,-2.106
1995,CL,中日ドラゴンズ,61663885,若林　弘泰,H.Wakabayashi,17.0,0.0,0.0,0.0,0.0,0.0,0.0,0.0,0.0,0.0,0.0,0,0.0,0.0,0.0,0,0.0,0.0,0.0,,,,0.0,0.0,0.0,0.0,,nan,nan,nan,nan,0.0,0.0,nan,nan,,0.0,0.0,0.0,17.0,0.0,0.0,0.0,0.0,0.0,0.0,,,0.0,0,0.0,,0.0,0.0,0,0.0,0.0,,nan,0.0
1995,CL,横浜DeNAベイスターズ,61663887,R.ローズ,R.Rose,130.0,552.0,492.0,76.0,155.0,32.0,4.0,22.0,261.0,97.0,3,1,0.0,6.0,38.0,0,16.0,76.0,15.0,0.315,0.379,0.53,0.909,97.0,0.21500000000000002,0.064,0.5940000000000001,6.884057971014493,13.768115942028986,0.5,0.3325,0.30305000000000004,555.6666666666666,0.29471544715447157,0.8977272727272727,0.315,155.0,22.0,97.0,130.0,552.0,492.0,97.0,32.0,4.0,76.0,0.379,0.53,38.0,0,16.0,,261.0,3,1,0.0,6.0,,95.0433962264151,92.35399999999998
1995,CL,中日ドラゴンズ,61763864,中村　武志,T.Nakamura,94.0,335.0,301.0,26.0,77.0,10.0,0.0,8.0,111.0,32.0,2,3,2.0,0.0,31.0,0,1.0,57.0,11.0,0.256,0.327,0.369,0.696,59.0,0.11299999999999999,0.07100000000000001,0.44,9.253731343283581,17.01492537313433,0.543859649122807,0.2923728813559322,0.2394,450.0,0.22591362126245848,0.6212765957446809,0.256,77.0,8.0,32.0,94.0,335.0,301.0,59.0,10.0,0.0,26.0,0.327,0.369,31.0,0,1.0,,111.0,2,3,2.0,0.0,,36.10843373493976,37.367999999999995
1995,CL,横浜DeNAベイスターズ,61763881,佐々木　主浩,K.Sasaki,47.0,8.0,8.0,0.0,1.0,0.0,0.0,0.0,1.0,2.0,0.0,0,0.0,0.0,0.0,0,0.0,5.0,1.0,0.125,0.125,0.125,0.25,1.0,0.0,0.0,0.125,0.0,62.5,0.0,0.3333333333333333,0.0875,166.66666666666666,0.0,0.125,0.125,1.0,0.0,2.0,47.0,8.0,8.0,1.0,0.0,0.0,0.0,0.125,0.125,0.0,0,0.0,,1.0,0.0,0,0.0,0.0,,0.125,-0.18600000000000005
1995,CL,阪神タイガース,61863881,吉田　浩,H.Yoshida,15.0,16.0,15.0,4.0,3.0,1.0,0.0,1.0,7.0,1.0,0.0,0,0.0,0.0,1.0,0,0.0,2.0,0.0,0.2,0.25,0.467,0.7170000000000001,1.0,0.267,0.04999999999999999,0.517,6.25,12.5,0.5,0.16666666666666666,0.22925,405.6666666666667,0.3333333333333333,0.6666666666666666,0.2,3.0,1.0,1.0,15.0,16.0,15.0,1.0,1.0,0.0,4.0,0.25,0.467,1.0,0,0.0,,7.0,0.0,0,0.0,0.0,,1.75,1.814
1995,CL,広島東洋カープ,61863883,松本　隆,T.Matsumoto,6.0,5.0,4.0,0.0,0.0,0.0,0.0,0.0,0.0,0.0,0.0,0,1.0,0.0,0.0,0,0.0,1.0,0.0,0.0,0.0,0.0,0.0,0.0,0.0,0.0,0.0,0.0,20.0,0.0,0.0,0.0,0.0,0.0,0.0,0.0,0.0,0.0,0.0,6.0,5.0,4.0,0.0,0.0,0.0,0.0,0.0,0.0,0.0,0,0.0,,0.0,0.0,0,1.0,0.0,,0.0,-0.392
1995,CL,読売ジャイアンツ,61963846,屋鋪　要,K.Yashiki,67.0,23.0,21.0,8.0,6.0,1.0,0.0,1.0,10.0,3.0,6,1,0.0,0.0,2.0,0,0.0,6.0,0.0,0.286,0.348,0.476,0.824,4.0,0.19,0.062,0.538,8.695652173913043,26.08695652173913,0.3333333333333333,0.35714285714285715,0.27559999999999996,506.6666666666666,0.3333333333333333,0.8666666666666667,0.286,6.0,1.0,3.0,67.0,23.0,21.0,4.0,1.0,0.0,8.0,0.348,0.476,2.0,0,0.0,,10.0,6,1,0.0,0.0,,3.4782608695652173,3.5300000000000002
1995,CL,阪神タイガース,61963860,仲田　幸司,K.Nakada,9.0,3.0,3.0,0.0,0.0,0.0,0.0,0.0,0.0,0.0,0.0,0,0.0,0.0,0.0,0,0.0,1.0,0.0,0.0,0.0,0.0,0.0,0.0,0.0,0.0,0.0,0.0,33.33333333333333,0.0,0.0,0.0,0.0,0.0,0.0,0.0,0.0,0.0,0.0,9.0,3.0,3.0,0.0,0.0,0.0,0.0,0.0,0.0,0.0,0,0.0,,0.0,0.0,0,0.0,0.0,,0.0,-0.29400000000000004
1995,CL,阪神タイガース,61963869,中西　清起,K.Nakanishi,33.0,3.0,2.0,0.0,0.0,0.0,0.0,0.0,0.0,0.0,0.0,0,1.0,0.0,0.0,0,0.0,1.0,0.0,0.0,0.0,0.0,0.0,0.0,0.0,0.0,0.0,0.0,33.33333333333333,0.0,0.0,0.0,0.0,0.0,0.0,0.0,0.0,0.0,0.0,33.0,3.0,2.0,0.0,0.0,0.0,0.0,0.0,0.0,0.0,0,0.0,,0.0,0.0,0,1.0,0.0,,0.0,-0.196
1995,CL,広島東洋カープ,61963881,鈴木　哲,T.Suzuki,10.0,0.0,0.0,0.0,0.0,0.0,0.0,0.0,0.0,0.0,0.0,0,0.0,0.0,0.0,0,0.0,0.0,0.0,,,,0.0,0.0,0.0,0.0,,nan,nan,nan,nan,0.0,0.0,nan,nan,,0.0,0.0,0.0,10.0,0.0,0.0,0.0,0.0,0.0,0.0,,,0.0,0,0.0,,0.0,0.0,0,0.0,0.0,,nan,0.0
1995,CL,広島東洋カープ,63063868,望月　秀継,H.Mochizuki,17.0,4.0,3.0,0.0,0.0,0.0,0.0,0.0,0.0,0.0,0.0,0,1.0,0.0,0.0,0,0.0,1.0,0.0,0.0,0.0,0.0,0.0,0.0,0.0,0.0,0.0,0.0,25.0,0.0,0.0,0.0,0.0,0.0,0.0,0.0,0.0,0.0,0.0,17.0,4.0,3.0,0.0,0.0,0.0,0.0,0.0,0.0,0.0,0,0.0,,0.0,0.0,0,1.0,0.0,,0.0,-0.29400000000000004
1995,CL,横浜DeNAベイスターズ,65163868,秋元　宏作,K.Akimoto,101.0,250.0,215.0,17.0,43.0,9.0,0.0,5.0,67.0,19.0,2,1,6.0,2.0,27.0,0,0.0,43.0,6.0,0.2,0.287,0.312,0.599,29.0,0.11199999999999999,0.08699999999999997,0.3989999999999999,10.8,17.2,0.627906976744186,0.22485207100591717,0.20715,390.99999999999994,0.24186046511627907,0.5337078651685393,0.2,43.0,5.0,19.0,101.0,250.0,215.0,29.0,9.0,0.0,17.0,0.287,0.312,27.0,0,0.0,,67.0,2,1,6.0,2.0,,19.380165289256198,20.414
1995,CL,横浜DeNAベイスターズ,65563868,石井　琢朗,T.Ishii,124.0,546.0,444.0,69.0,137.0,22.0,2.0,2.0,169.0,41.0,23,11,23.0,2.0,69.0,0,7.0,63.0,4.0,0.309,0.408,0.381,0.7889999999999999,111.0,0.07200000000000001,0.09899999999999998,0.48,12.637362637362637,11.538461538461538,1.0952380952380953,0.3543307086614173,0.27885,534.9999999999999,0.25225225225225223,0.8231511254019293,0.309,137.0,2.0,41.0,124.0,546.0,444.0,111.0,22.0,2.0,69.0,0.408,0.381,69.0,0,7.0,,169.0,23,11,23.0,2.0,,67.8635477582846,73.274
1995,CL,中日ドラゴンズ,71073860,野中　徹博,T.Nonaka,20.0,2.0,2.0,0.0,1.0,0.0,0.0,0.0,1.0,0.0,0.0,0,0.0,0.0,0.0,0,0.0,0.0,1.0,0.5,0.5,0.5,1.0,1.0,0.0,0.0,0.5,0.0,0.0,nan,0.5,0.35,666.6666666666666,0.0,0.5,0.5,1.0,0.0,0.0,20.0,2.0,2.0,1.0,0.0,0.0,0.0,0.5,0.5,0.0,0,0.0,,1.0,0.0,0,0.0,0.0,,0.5,0.402
1995,CL,読売ジャイアンツ,71073863,原　辰徳,T.Hara,70.0,160.0,144.0,13.0,29.0,8.0,0.0,6.0,55.0,15.0,2,1,1.0,1.0,13.0,0,1.0,29.0,5.0,0.201,0.27,0.382,0.652,15.0,0.181,0.069,0.451,8.125,18.125,0.4482758620689655,0.20909090909090908,0.21700000000000003,397.3333333333333,0.2777777777777778,0.5833333333333334,0.201,29.0,6.0,15.0,70.0,160.0,144.0,15.0,8.0,0.0,13.0,0.27,0.382,13.0,0,1.0,,55.0,2,1,1.0,1.0,,14.713375796178344,15.43
1995,CL,中日ドラゴンズ,71073887,野口　茂樹,S.Noguchi,31.0,40.0,39.0,1.0,2.0,0.0,0.0,0.0,2.0,1.0,0.0,0,1.0,0.0,0.0,0,0.0,27.0,1.0,0.051,0.051,0.051,0.102,2.0,0.0,0.0,0.051,0.0,67.5,0.0,0.16666666666666666,0.035699999999999996,67.99999999999999,0.0,0.05263157894736842,0.051,2.0,0.0,1.0,31.0,40.0,39.0,2.0,0.0,0.0,1.0,0.051,0.051,0.0,0,0.0,,2.0,0.0,0,1.0,0.0,,0.10256410256410256,-2.6260000000000003
1995,CL,広島東洋カープ,71173866,音　重鎮,S.Oto,118.0,442.0,404.0,49.0,108.0,15.0,2.0,9.0,154.0,49.0,4,5,3.0,5.0,28.0,0,2.0,68.0,13.0,0.267,0.314,0.381,0.6950000000000001,82.0,0.11399999999999999,0.046999999999999986,0.428,6.334841628959276,15.384615384615385,0.4117647058823529,0.29819277108433734,0.23655,441.0,0.19554455445544555,0.6116504854368932,0.267,108.0,9.0,49.0,118.0,442.0,404.0,82.0,15.0,2.0,49.0,0.314,0.381,28.0,0,2.0,,154.0,4,5,3.0,5.0,,48.48148148148148,48.632
1995,CL,中日ドラゴンズ,71173868,今中　慎二,S.Imanaka,28.0,67.0,63.0,3.0,8.0,2.0,0.0,0.0,10.0,1.0,0.0,0,3.0,0.0,1.0,0,0.0,43.0,0.0,0.127,0.141,0.159,0.3,6.0,0.032,0.013999999999999985,0.173,1.4925373134328357,64.17910447761194,0.023255813953488372,0.4,0.10319999999999999,193.99999999999997,0.047619047619047616,0.2,0.127,8.0,0.0,1.0,28.0,67.0,63.0,6.0,2.0,0.0,3.0,0.141,0.159,1.0,0,0.0,,10.0,0.0,0,3.0,0.0,,1.40625,-0.620000000000001
1995,CL,読売ジャイアンツ,71173883,吉原　孝介,K.Yoshihara,21.0,20.0,18.0,3.0,1.0,0.0,0.0,0.0,1.0,1.0,0.0,0,1.0,1.0,0.0,0,0.0,4.0,1.0,0.056,0.053,0.056,0.109,1.0,0.0,-0.0030000000000000027,0.053,0.0,20.0,0.0,0.06666666666666667,0.03785,71.66666666666667,0.0,0.05555555555555555,0.056,1.0,0.0,1.0,21.0,20.0,18.0,1.0,0.0,0.0,3.0,0.053,0.056,0.0,0,0.0,,1.0,0.0,0,1.0,1.0,,0.05555555555555555,-1.1660000000000001
1995,CL,中日ドラゴンズ,71173885,市原　圭,K.Ichihara,10.0,18.0,17.0,3.0,4.0,0.0,0.0,0.0,4.0,0.0,1,0,0.0,0.0,1.0,0,0.0,6.0,1.0,0.235,0.278,0.235,0.513,4.0,0.0,0.04300000000000004,0.278,5.555555555555555,33.33333333333333,0.16666666666666666,0.36363636363636365,0.18385,356.3333333333333,0.058823529411764705,0.35714285714285715,0.235,4.0,0.0,0.0,10.0,18.0,17.0,4.0,0.0,0.0,3.0,0.278,0.235,1.0,0,0.0,,4.0,1,0,0.0,0.0,,1.1111111111111112,1.056
1995,CL,横浜DeNAベイスターズ,71173887,五十嵐　英樹,H.Igarashi,41.0,37.0,30.0,0.0,2.0,0.0,0.0,0.0,2.0,1.0,0.0,0,4.0,0.0,3.0,0,0.0,22.0,0.0,0.067,0.152,0.067,0.219,2.0,0.0,0.08499999999999999,0.152,8.108108108108109,59.45945945945946,0.13636363636363635,0.25,0.08515,174.33333333333334,0.1,0.17857142857142858,0.067,2.0,0.0,1.0,41.0,37.0,30.0,2.0,0.0,0.0,0.0,0.152,0.067,3.0,0,0.0,,2.0,0.0,0,4.0,0.0,,0.30303030303030304,-0.7540000000000002
1995,CL,阪神タイガース,71173889,井上　貴朗,T.Inoue,8.0,0.0,0.0,0.0,0.0,0.0,0.0,0.0,0.0,0.0,0.0,0,0.0,0.0,0.0,0,0.0,0.0,0.0,,,,0.0,0.0,0.0,0.0,,nan,nan,nan,nan,0.0,0.0,nan,nan,,0.0,0.0,0.0,8.0,0.0,0.0,0.0,0.0,0.0,0.0,,,0.0,0,0.0,,0.0,0.0,0,0.0,0.0,,nan,0.0
1995,CL,読売ジャイアンツ,71273860,広澤　克実,K.Hirosawa,131.0,512.0,446.0,55.0,107.0,18.0,3.0,20.0,191.0,72.0,6,1,0.0,4.0,58.0,0,4.0,88.0,14.0,0.24,0.33,0.428,0.758,66.0,0.188,0.09000000000000002,0.518,11.328125,17.1875,0.6590909090909091,0.2543859649122807,0.2555,472.6666666666667,0.32062780269058294,0.7195467422096318,0.24,107.0,20.0,72.0,131.0,512.0,446.0,66.0,18.0,3.0,55.0,0.33,0.428,58.0,0,4.0,,191.0,6,1,0.0,4.0,,62.529761904761905,65.298
1995,CL,読売ジャイアンツ,71273880,S.マック,S.Mack,120.0,540.0,477.0,79.0,131.0,18.0,0.0,20.0,209.0,52.0,12,9,0.0,1.0,52.0,0,10.0,78.0,9.0,0.275,0.357,0.438,0.7949999999999999,93.0,0.16299999999999998,0.08199999999999996,0.52,9.62962962962963,14.444444444444443,0.6666666666666666,0.29210526315789476,0.27015,503.0,0.2914046121593291,0.7887323943661971,0.275,131.0,20.0,52.0,120.0,540.0,477.0,93.0,18.0,0.0,79.0,0.357,0.438,52.0,0,10.0,,209.0,12,9,0.0,1.0,,72.30056710775047,76.432
1995,CL,広島東洋カープ,71273881,仁平　馨,K.Nihei,34.0,66.0,61.0,8.0,19.0,1.0,0.0,2.0,26.0,9.0,1.0,1,1.0,1.0,2.0,0,1.0,15.0,2.0,0.311,0.338,0.426,0.764,16.0,0.11499999999999999,0.027000000000000024,0.453,3.0303030303030303,22.727272727272727,0.13333333333333333,0.37777777777777777,0.2586,480.0,0.16393442622950818,0.6818181818181818,0.311,19.0,2.0,9.0,34.0,66.0,61.0,16.0,1.0,0.0,8.0,0.338,0.426,2.0,0,1.0,,26.0,1.0,1,1.0,1.0,,8.666666666666666,8.654
1995,CL,中日ドラゴンズ,71373885,落合　英二,E.Ochiai,32.0,26.0,24.0,0.0,3.0,0.0,0.0,0.0,3.0,0.0,0.0,0,2.0,0.0,0.0,0,0.0,7.0,0.0,0.125,0.125,0.125,0.25,3.0,0.0,0.0,0.125,0.0,26.923076923076923,0.0,0.17647058823529413,0.0875,166.66666666666666,0.0,0.14285714285714285,0.125,3.0,0.0,0.0,32.0,26.0,24.0,3.0,0.0,0.0,0.0,0.125,0.125,0.0,0,0.0,,3.0,0.0,0,2.0,0.0,,0.375,-0.5580000000000003
1995,CL,広島東洋カープ,71473862,山田　和利,K.Yamada,94.0,343.0,304.0,31.0,82.0,15.0,1.0,12.0,135.0,53.0,2,5,7.0,1.0,26.0,0,5.0,67.0,7.0,0.27,0.336,0.444,0.78,54.0,0.174,0.066,0.51,7.580174927113703,19.533527696793,0.3880597014925373,0.30973451327433627,0.2622,484.0,0.27631578947368424,0.7467248908296943,0.27,82.0,12.0,53.0,94.0,343.0,304.0,54.0,15.0,1.0,31.0,0.336,0.444,26.0,0,5.0,,135.0,2,5,7.0,1.0,,44.18181818181818,45.494
1995,CL,阪神タイガース,71473867,御子柴　進,S.Mikoshiba,5.0,0.0,0.0,0.0,0.0,0.0,0.0,0.0,0.0,0.0,0.0,0,0.0,0.0,0.0,0,0.0,0.0,0.0,,,,0.0,0.0,0.0,0.0,,nan,nan,nan,nan,0.0,0.0,nan,nan,,0.0,0.0,0.0,5.0,0.0,0.0,0.0,0.0,0.0,0.0,,,0.0,0,0.0,,0.0,0.0,0,0.0,0.0,,nan,0.0
1995,CL,東京ヤクルトスワローズ,71473885,増田　政行,M.Masuda,1.0,0.0,0.0,0.0,0.0,0.0,0.0,0.0,0.0,0.0,0.0,0,0.0,0.0,0.0,0,0.0,0.0,0.0,,,,0.0,0.0,0.0,0.0,,nan,nan,nan,nan,0.0,0.0,nan,nan,,0.0,0.0,0.0,1.0,0.0,0.0,0.0,0.0,0.0,0.0,,,0.0,0,0.0,,0.0,0.0,0,0.0,0.0,,nan,0.0
1995,CL,読売ジャイアンツ,71573881,柏田　貴史,T.Kashiwada,2.0,0.0,0.0,0.0,0.0,0.0,0.0,0.0,0.0,0.0,0.0,0,0.0,0.0,0.0,0,0.0,0.0,0.0,,,,0.0,0.0,0.0,0.0,,nan,nan,nan,nan,0.0,0.0,nan,nan,,0.0,0.0,0.0,2.0,0.0,0.0,0.0,0.0,0.0,0.0,,,0.0,0,0.0,,0.0,0.0,0,0.0,0.0,,nan,0.0
1995,CL,東京ヤクルトスワローズ,71573883,伊林　厚志,A.Ibayashi,4.0,0.0,0.0,0.0,0.0,0.0,0.0,0.0,0.0,0.0,0.0,0,0.0,0.0,0.0,0,0.0,0.0,0.0,,,,0.0,0.0,0.0,0.0,,nan,nan,nan,nan,0.0,0.0,nan,nan,,0.0,0.0,0.0,4.0,0.0,0.0,0.0,0.0,0.0,0.0,,,0.0,0,0.0,,0.0,0.0,0,0.0,0.0,,nan,0.0
1995,CL,中日ドラゴンズ,71673881,松井　達徳,T.Matsui,26.0,57.0,53.0,8.0,13.0,3.0,1.0,1.0,21.0,3.0,0.0,0,0.0,0.0,4.0,0,0.0,9.0,2.0,0.245,0.298,0.396,0.694,8.0,0.15100000000000002,0.05299999999999999,0.449,7.017543859649122,15.789473684210526,0.4444444444444444,0.27906976744186046,0.2331,430.0,0.22641509433962265,0.5952380952380952,0.245,13.0,1.0,3.0,26.0,57.0,53.0,8.0,3.0,1.0,8.0,0.298,0.396,4.0,0,0.0,,21.0,0.0,0,0.0,0.0,,6.2631578947368425,6.040000000000001
1995,CL,中日ドラゴンズ,71673887,M.ホール,M.Hall,50.0,191.0,178.0,20.0,42.0,5.0,0.0,12.0,83.0,35.0,2,1,0.0,4.0,9.0,0,0.0,28.0,7.0,0.236,0.267,0.466,0.7330000000000001,25.0,0.23000000000000004,0.031000000000000028,0.497,4.712041884816754,14.659685863874344,0.32142857142857145,0.2112676056338028,0.23665000000000003,422.3333333333333,0.28651685393258425,0.6503496503496503,0.236,42.0,12.0,35.0,50.0,191.0,178.0,25.0,5.0,0.0,20.0,0.267,0.466,9.0,0,0.0,,83.0,2,1,0.0,4.0,,22.636363636363637,23.201999999999998
1995,CL,東京ヤクルトスワローズ,71773864,土橋　勝征,K.Dobashi,129.0,520.0,459.0,66.0,129.0,32.0,1.0,9.0,190.0,54.0,7,6,10.0,1.0,44.0,0,6.0,51.0,12.0,0.281,0.351,0.414,0.7649999999999999,87.0,0.13299999999999995,0.06999999999999995,0.4839999999999999,8.461538461538462,9.807692307692308,0.8627450980392157,0.3,0.26145,489.0,0.24183006535947713,0.7192982456140351,0.281,129.0,9.0,54.0,129.0,520.0,459.0,87.0,32.0,1.0,66.0,0.351,0.414,44.0,0,6.0,,190.0,7,6,10.0,1.0,,65.3479125248509,65.77999999999999
1995,CL,広島東洋カープ,71773880,高橋　建,K.Takahashi,45.0,20.0,18.0,0.0,0.0,0.0,0.0,0.0,0.0,0.0,0.0,0,2.0,0.0,0.0,0,0.0,10.0,0.0,0.0,0.0,0.0,0.0,0.0,0.0,0.0,0.0,0.0,50.0,0.0,0.0,0.0,0.0,0.0,0.0,0.0,0.0,0.0,0.0,45.0,20.0,18.0,0.0,0.0,0.0,0.0,0.0,0.0,0.0,0,0.0,,0.0,0.0,0,2.0,0.0,,0.0,-1.764
1995,CL,阪神タイガース,71773883,山﨑　一玄,K.Yamazaki,18.0,25.0,22.0,2.0,5.0,0.0,1.0,0.0,7.0,0.0,0.0,0,2.0,0.0,1.0,0,0.0,4.0,0.0,0.227,0.261,0.318,0.579,4.0,0.091,0.034,0.352,4.0,16.0,0.25,0.2777777777777778,0.19695000000000001,367.0,0.13636363636363635,0.47058823529411764,0.227,5.0,0.0,0.0,18.0,25.0,22.0,4.0,0.0,1.0,2.0,0.261,0.318,1.0,0,0.0,,7.0,0.0,0,2.0,0.0,,1.826086956521739,1.704
1995,CL,中日ドラゴンズ,71773887,神野　純一,J.Jinno,25.0,59.0,55.0,3.0,16.0,3.0,0.0,1.0,22.0,6.0,0.0,0,0.0,0.0,4.0,0,0.0,15.0,1.0,0.291,0.339,0.4,0.7390000000000001,12.0,0.10900000000000004,0.04800000000000004,0.448,6.779661016949152,25.423728813559322,0.26666666666666666,0.38461538461538464,0.25255000000000005,472.33333333333337,0.18181818181818182,0.65,0.291,16.0,1.0,6.0,25.0,59.0,55.0,12.0,3.0,0.0,3.0,0.339,0.4,4.0,0,0.0,,22.0,0.0,0,0.0,0.0,,7.4576271186440675,7.098
1995,CL,広島東洋カープ,71873883,高橋　英樹,H.Takahashi,4.0,0.0,0.0,0.0,0.0,0.0,0.0,0.0,0.0,0.0,0.0,0,0.0,0.0,0.0,0,0.0,0.0,0.0,,,,0.0,0.0,0.0,0.0,,nan,nan,nan,nan,0.0,0.0,nan,nan,,0.0,0.0,0.0,4.0,0.0,0.0,0.0,0.0,0.0,0.0,,,0.0,0,0.0,,0.0,0.0,0,0.0,0.0,,nan,0.0
1995,CL,横浜DeNAベイスターズ,71973860,高橋　眞裕,M.Takahashi,68.0,96.0,84.0,20.0,22.0,6.0,0.0,1.0,31.0,6.0,2,1,3.0,0.0,9.0,0,0.0,18.0,3.0,0.262,0.333,0.369,0.702,15.0,0.10699999999999998,0.07100000000000001,0.44,9.375,18.75,0.5,0.3230769230769231,0.2421,456.0,0.2261904761904762,0.6307692307692307,0.262,22.0,1.0,6.0,68.0,96.0,84.0,15.0,6.0,0.0,20.0,0.333,0.369,9.0,0,0.0,,31.0,2,1,3.0,0.0,,10.333333333333334,10.334
1995,CL,阪神タイガース,73373868,岩田　徹,T.Iwata,15.0,26.0,24.0,4.0,6.0,2.0,0.0,0.0,8.0,1.0,0.0,0,0.0,0.0,2.0,0,0.0,4.0,1.0,0.25,0.308,0.333,0.641,4.0,0.08300000000000002,0.057999999999999996,0.391,7.6923076923076925,15.384615384615385,0.5,0.3,0.22185,419.0,0.16666666666666666,0.5263157894736842,0.25,6.0,0.0,1.0,15.0,26.0,24.0,4.0,2.0,0.0,4.0,0.308,0.333,2.0,0,0.0,,8.0,0.0,0,0.0,0.0,,2.4615384615384617,2.3359999999999994
1995,CL,中日ドラゴンズ,73373881,種田　仁,H.Taneda,89.0,275.0,244.0,25.0,55.0,10.0,0.0,8.0,89.0,22.0,8,3,9.0,1.0,20.0,0,1.0,48.0,3.0,0.225,0.286,0.365,0.651,37.0,0.13999999999999999,0.06099999999999997,0.4259999999999999,7.2727272727272725,17.454545454545457,0.4166666666666667,0.24867724867724866,0.21994999999999998,407.66666666666663,0.2336065573770492,0.5885416666666666,0.225,55.0,8.0,22.0,89.0,275.0,244.0,37.0,10.0,0.0,25.0,0.286,0.365,20.0,0,1.0,,89.0,8,3,9.0,1.0,,25.28409090909091,26.167999999999996
1995,CL,阪神タイガース,73573868,星野　おさむ,O.Hoshino,67.0,143.0,127.0,23.0,43.0,5.0,0.0,2.0,54.0,12.0,3,2,3.0,1.0,10.0,0,2.0,24.0,6.0,0.339,0.393,0.425,0.8180000000000001,36.0,0.08599999999999997,0.05399999999999999,0.479,6.993006993006993,16.783216783216783,0.4166666666666667,0.4019607843137255,0.2831,534.6666666666666,0.18110236220472442,0.7555555555555555,0.339,43.0,2.0,12.0,67.0,143.0,127.0,36.0,5.0,0.0,23.0,0.393,0.425,10.0,0,2.0,,54.0,3,2,3.0,1.0,,20.89051094890511,20.567999999999998
1995,CL,東京ヤクルトスワローズ,73973868,広永　益隆,Y.Hironaga,39.0,52.0,47.0,3.0,9.0,1.0,0.0,2.0,16.0,9.0,0.0,0,0.0,0.0,5.0,0,0.0,15.0,0.0,0.191,0.269,0.34,0.609,6.0,0.14900000000000002,0.07800000000000001,0.418,9.615384615384617,28.846153846153843,0.3333333333333333,0.23333333333333334,0.20605,382.33333333333337,0.2553191489361702,0.5526315789473685,0.191,9.0,2.0,9.0,39.0,52.0,47.0,6.0,1.0,0.0,3.0,0.269,0.34,5.0,0,0.0,,16.0,0.0,0,0.0,0.0,,4.3076923076923075,4.526
1995,CL,横浜DeNAベイスターズ,75573868,田辺　学,M.Tanabe,29.0,26.0,22.0,0.0,2.0,0.0,0.0,0.0,2.0,0.0,0.0,0,2.0,0.0,2.0,0,0.0,15.0,0.0,0.091,0.167,0.091,0.258,2.0,0.0,0.07600000000000001,0.167,7.6923076923076925,57.692307692307686,0.13333333333333333,0.2857142857142857,0.09790000000000001,197.33333333333334,0.09090909090909091,0.2,0.091,2.0,0.0,0.0,29.0,26.0,22.0,2.0,0.0,0.0,0.0,0.167,0.091,2.0,0,0.0,,2.0,0.0,0,2.0,0.0,,0.3333333333333333,-0.2999999999999998
1995,CL,横浜DeNAベイスターズ,81083864,森山　良二,R.Moriyama,5.0,1.0,1.0,0.0,0.0,0.0,0.0,0.0,0.0,0.0,0.0,0,0.0,0.0,0.0,0,0.0,1.0,0.0,0.0,0.0,0.0,0.0,0.0,0.0,0.0,0.0,0.0,100.0,0.0,nan,0.0,0.0,0.0,0.0,0.0,0.0,0.0,0.0,5.0,1.0,1.0,0.0,0.0,0.0,0.0,0.0,0.0,0.0,0,0.0,,0.0,0.0,0,0.0,0.0,,0.0,-0.098
1995,CL,広島東洋カープ,81083889,山根　雅仁,M.Yamane,6.0,1.0,1.0,0.0,0.0,0.0,0.0,0.0,0.0,0.0,0.0,0,0.0,0.0,0.0,0,0.0,1.0,0.0,0.0,0.0,0.0,0.0,0.0,0.0,0.0,0.0,0.0,100.0,0.0,nan,0.0,0.0,0.0,0.0,0.0,0.0,0.0,0.0,6.0,1.0,1.0,0.0,0.0,0.0,0.0,0.0,0.0,0.0,0,0.0,,0.0,0.0,0,0.0,0.0,,0.0,-0.098
1995,CL,読売ジャイアンツ,81183848,落合　博満,H.Ochiai,117.0,483.0,399.0,64.0,124.0,15.0,1.0,17.0,192.0,65.0,1,0,0.0,8.0,73.0,0,3.0,87.0,17.0,0.311,0.414,0.481,0.895,91.0,0.16999999999999998,0.10299999999999998,0.584,15.113871635610765,18.012422360248447,0.8390804597701149,0.35313531353135313,0.30655,574.3333333333334,0.3533834586466165,0.9178082191780822,0.311,124.0,17.0,65.0,117.0,483.0,399.0,91.0,15.0,1.0,64.0,0.414,0.481,73.0,0,3.0,,192.0,1,0,0.0,8.0,,80.13559322033899,79.94999999999999
1995,CL,阪神タイガース,81183863,石嶺　和彦,K.Ishimine,97.0,318.0,287.0,24.0,69.0,17.0,1.0,9.0,115.0,33.0,1.0,1,0.0,7.0,21.0,0,3.0,42.0,16.0,0.24,0.292,0.401,0.6930000000000001,42.0,0.16100000000000003,0.05199999999999999,0.453,6.60377358490566,13.20754716981132,0.5,0.24691358024691357,0.23165,425.66666666666663,0.23693379790940766,0.5982905982905983,0.24,69.0,9.0,33.0,97.0,318.0,287.0,42.0,17.0,1.0,24.0,0.292,0.401,21.0,0,3.0,,115.0,1.0,1,0.0,7.0,,33.603896103896105,33.976
1995,CL,東京ヤクルトスワローズ,81183869,池山　隆寛,T.Ikeyama,130.0,521.0,456.0,64.0,120.0,24.0,2.0,19.0,205.0,70.0,8,5,0.0,3.0,56.0,0,6.0,105.0,14.0,0.263,0.349,0.45,0.7989999999999999,75.0,0.187,0.08599999999999997,0.536,10.748560460652591,20.153550863723606,0.5333333333333333,0.30149253731343284,0.26955,499.0,0.3201754385964912,0.7771428571428571,0.263,120.0,19.0,70.0,130.0,521.0,456.0,75.0,24.0,2.0,64.0,0.349,0.45,56.0,0,6.0,,205.0,8,5,0.0,3.0,,70.46875,72.65200000000002
1995,CL,読売ジャイアンツ,81183880,織田　淳哉,J.Orita,16.0,0.0,0.0,0.0,0.0,0.0,0.0,0.0,0.0,0.0,0.0,0,0.0,0.0,0.0,0,0.0,0.0,0.0,,,,0.0,0.0,0.0,0.0,,nan,nan,nan,nan,0.0,0.0,nan,nan,,0.0,0.0,0.0,16.0,0.0,0.0,0.0,0.0,0.0,0.0,,,0.0,0,0.0,,0.0,0.0,0,0.0,0.0,,nan,0.0
1995,CL,横浜DeNAベイスターズ,81183889,大家　友和,T.Ooka,4.0,3.0,2.0,0.0,0.0,0.0,0.0,0.0,0.0,0.0,0.0,0,1.0,0.0,0.0,0,0.0,1.0,0.0,0.0,0.0,0.0,0.0,0.0,0.0,0.0,0.0,0.0,33.33333333333333,0.0,0.0,0.0,0.0,0.0,0.0,0.0,0.0,0.0,0.0,4.0,3.0,2.0,0.0,0.0,0.0,0.0,0.0,0.0,0.0,0,0.0,,0.0,0.0,0,1.0,0.0,,0.0,-0.196
1995,CL,読売ジャイアンツ,81283868,橋本　清,K.Hashimoto,19.0,3.0,2.0,0.0,0.0,0.0,0.0,0.0,0.0,0.0,0.0,0,1.0,0.0,0.0,0,0.0,1.0,0.0,0.0,0.0,0.0,0.0,0.0,0.0,0.0,0.0,0.0,33.33333333333333,0.0,0.0,0.0,0.0,0.0,0.0,0.0,0.0,0.0,0.0,19.0,3.0,2.0,0.0,0.0,0.0,0.0,0.0,0.0,0.0,0,0.0,,0.0,0.0,0,1.0,0.0,,0.0,-0.196
1995,CL,読売ジャイアンツ,81283869,村田　真一,S.Murata,116.0,387.0,339.0,29.0,90.0,16.0,0.0,13.0,145.0,38.0,0.0,0,6.0,1.0,38.0,0,3.0,77.0,12.0,0.265,0.344,0.428,0.772,61.0,0.16299999999999998,0.07899999999999996,0.5069999999999999,9.819121447028424,19.896640826873384,0.4935064935064935,0.308,0.2618,486.66666666666663,0.2743362831858407,0.7126436781609196,0.265,90.0,13.0,38.0,116.0,387.0,339.0,61.0,16.0,0.0,29.0,0.344,0.428,38.0,0,3.0,,145.0,0.0,0,6.0,1.0,,49.23076923076923,49.867999999999995
1995,CL,阪神タイガース,81283887,山下　和輝,K.Yamashita,2.0,4.0,3.0,0.0,0.0,0.0,0.0,0.0,0.0,0.0,0.0,0,0.0,0.0,1.0,0,0.0,0.0,0.0,0.0,0.25,0.0,0.25,0.0,0.0,0.25,0.25,25.0,0.0,nan,0.0,0.1125,250.0,0.3333333333333333,0.3333333333333333,0.0,0.0,0.0,0.0,2.0,4.0,3.0,0.0,0.0,0.0,0.0,0.25,0.0,1.0,0,0.0,,0.0,0.0,0,0.0,0.0,,0.0,0.035999999999999976
1995,CL,読売ジャイアンツ,81383860,岸川　勝也,K.Kishikawa,44.0,65.0,55.0,3.0,13.0,3.0,0.0,1.0,19.0,6.0,1,0,0.0,0.0,10.0,0,0.0,13.0,1.0,0.236,0.354,0.345,0.699,9.0,0.10899999999999999,0.118,0.4629999999999999,15.384615384615385,20.0,0.7692307692307693,0.2926829268292683,0.24555,469.0,0.2909090909090909,0.6744186046511628,0.236,13.0,1.0,6.0,44.0,65.0,55.0,9.0,3.0,0.0,3.0,0.354,0.345,10.0,0,0.0,,19.0,1,0,0.0,0.0,,6.723076923076923,7.284
1995,CL,中日ドラゴンズ,81383863,郭　源治,G.Kaku,26.0,23.0,20.0,2.0,2.0,0.0,0.0,0.0,2.0,0.0,0.0,0,2.0,0.0,1.0,0,0.0,7.0,0.0,0.1,0.143,0.1,0.243,2.0,0.0,0.04299999999999998,0.143,4.3478260869565215,30.434782608695656,0.14285714285714285,0.15384615384615385,0.08934999999999998,176.33333333333331,0.05,0.16666666666666666,0.1,2.0,0.0,0.0,26.0,23.0,20.0,2.0,0.0,0.0,2.0,0.143,0.1,1.0,0,0.0,,2.0,0.0,0,2.0,0.0,,0.2857142857142857,-0.43399999999999994
1995,CL,東京ヤクルトスワローズ,81383866,橋上　秀樹,H.Hashigami,34.0,67.0,57.0,7.0,17.0,4.0,0.0,2.0,27.0,8.0,1.0,1,0.0,0.0,10.0,0,0.0,8.0,2.0,0.298,0.403,0.474,0.877,11.0,0.176,0.10500000000000004,0.579,14.925373134328357,11.940298507462686,1.25,0.3191489361702128,0.29985,561.0,0.3684210526315789,0.9047619047619048,0.298,17.0,2.0,8.0,34.0,67.0,57.0,11.0,4.0,0.0,7.0,0.403,0.474,10.0,0,0.0,,27.0,1.0,1,0.0,0.0,,10.880597014925373,10.819999999999999
1995,CL,阪神タイガース,81383880,北川　博敏,H.Kitagawa,13.0,21.0,16.0,1.0,2.0,0.0,0.0,0.0,2.0,0.0,0.0,0,2.0,0.0,3.0,0,0.0,4.0,1.0,0.125,0.263,0.125,0.388,2.0,0.0,0.138,0.263,14.285714285714285,19.047619047619047,0.75,0.16666666666666666,0.1496,304.6666666666667,0.1875,0.3333333333333333,0.125,2.0,0.0,0.0,13.0,21.0,16.0,2.0,0.0,0.0,1.0,0.263,0.125,3.0,0,0.0,,2.0,0.0,0,2.0,0.0,,0.5263157894736842,0.6179999999999999
1995,CL,横浜DeNAベイスターズ,81383889,河原　隆一,R.Kawahara,14.0,1.0,1.0,0.0,0.0,0.0,0.0,0.0,0.0,0.0,0.0,0,0.0,0.0,0.0,0,0.0,1.0,0.0,0.0,0.0,0.0,0.0,0.0,0.0,0.0,0.0,0.0,100.0,0.0,nan,0.0,0.0,0.0,0.0,0.0,0.0,0.0,0.0,14.0,1.0,1.0,0.0,0.0,0.0,0.0,0.0,0.0,0.0,0,0.0,,0.0,0.0,0,0.0,0.0,,0.0,-0.098
1995,CL,中日ドラゴンズ,81483880,モンテ,R.Monteleone,12.0,12.0,11.0,0.0,1.0,0.0,0.0,0.0,1.0,0.0,0.0,0,1.0,0.0,0.0,0,0.0,4.0,0.0,0.091,0.091,0.091,0.182,1.0,0.0,0.0,0.091,0.0,33.33333333333333,0.0,0.14285714285714285,0.0637,121.33333333333333,0.0,0.1,0.091,1.0,0.0,0.0,12.0,12.0,11.0,1.0,0.0,0.0,0.0,0.091,0.091,0.0,0,0.0,,1.0,0.0,0,1.0,0.0,,0.09090909090909091,-0.48
1995,CL,東京ヤクルトスワローズ,81483889,H.ミューレン,H.Meulens,130.0,506.0,438.0,74.0,107.0,16.0,0.0,29.0,210.0,80.0,6,5,0.0,4.0,60.0,0,4.0,134.0,16.0,0.244,0.338,0.479,0.817,62.0,0.235,0.09400000000000003,0.573,11.857707509881422,26.48221343873518,0.44776119402985076,0.27956989247311825,0.27185000000000004,497.6666666666667,0.3835616438356164,0.8040345821325648,0.244,107.0,29.0,80.0,130.0,506.0,438.0,62.0,16.0,0.0,74.0,0.338,0.479,60.0,0,4.0,,210.0,6,5,0.0,4.0,,70.42168674698796,73.86200000000001
1995,CL,広島東洋カープ,81583866,緒方　孝市,K.Ogata,101.0,335.0,272.0,56.0,86.0,11.0,2.0,10.0,131.0,43.0,47,7,4.0,3.0,50.0,0,6.0,45.0,3.0,0.316,0.429,0.482,0.911,63.0,0.16599999999999998,0.11299999999999999,0.595,14.925373134328357,13.432835820895523,1.1111111111111112,0.34545454545454546,0.31355,589.6666666666666,0.375,1.0264550264550265,0.316,86.0,10.0,43.0,101.0,335.0,272.0,63.0,11.0,2.0,56.0,0.429,0.482,50.0,0,6.0,,131.0,47,7,4.0,3.0,,55.32919254658385,57.412
1995,CL,読売ジャイアンツ,81583869,斎藤　雅樹,M.Saitou,29.0,83.0,70.0,3.0,8.0,0.0,0.0,1.0,11.0,7.0,0.0,0,9.0,0.0,4.0,0,0.0,26.0,1.0,0.114,0.162,0.157,0.319,7.0,0.043,0.048,0.205,4.819277108433735,31.32530120481928,0.15384615384615385,0.16279069767441862,0.11215,214.33333333333334,0.1,0.23809523809523808,0.114,8.0,1.0,7.0,29.0,83.0,70.0,7.0,0.0,0.0,3.0,0.162,0.157,4.0,0,0.0,,11.0,0.0,0,9.0,0.0,,1.7837837837837838,0.18399999999999928
1995,CL,広島東洋カープ,81583887,佐藤　剛,T.Satou,6.0,0.0,0.0,0.0,0.0,0.0,0.0,0.0,0.0,0.0,0.0,0,0.0,0.0,0.0,0,0.0,0.0,0.0,,,,0.0,0.0,0.0,0.0,,nan,nan,nan,nan,0.0,0.0,nan,nan,,0.0,0.0,0.0,6.0,0.0,0.0,0.0,0.0,0.0,0.0,,,0.0,0,0.0,,0.0,0.0,0,0.0,0.0,,nan,0.0
1995,CL,横浜DeNAベイスターズ,81683887,G.ブラッグス,G.Braggs,110.0,480.0,407.0,75.0,111.0,23.0,0.0,24.0,206.0,72.0,4,1,0.0,1.0,59.0,0,13.0,102.0,8.0,0.273,0.381,0.506,0.887,64.0,0.23299999999999998,0.10799999999999998,0.614,12.291666666666666,21.25,0.5784313725490197,0.30851063829787234,0.29795000000000005,549.6666666666666,0.3808353808353808,0.9177631578947368,0.273,111.0,24.0,72.0,110.0,480.0,407.0,64.0,23.0,0.0,75.0,0.381,0.506,59.0,0,13.0,,206.0,4,1,0.0,1.0,,75.15021459227468,78.05200000000002
1995,CL,横浜DeNAベイスターズ,81783868,島田　直也,N.Shimada,46.0,10.0,8.0,0.0,1.0,0.0,0.0,0.0,1.0,0.0,0.0,0,2.0,0.0,0.0,0,0.0,3.0,0.0,0.125,0.125,0.125,0.25,1.0,0.0,0.0,0.125,0.0,30.0,0.0,0.2,0.0875,166.66666666666666,0.0,0.14285714285714285,0.125,1.0,0.0,0.0,46.0,10.0,8.0,1.0,0.0,0.0,0.0,0.125,0.125,0.0,0,0.0,,1.0,0.0,0,2.0,0.0,,0.125,-0.18600000000000005
1995,CL,中日ドラゴンズ,81883881,与田　剛士,T.Yoda,5.0,1.0,1.0,0.0,0.0,0.0,0.0,0.0,0.0,0.0,0.0,0,0.0,0.0,0.0,0,0.0,0.0,0.0,0.0,0.0,0.0,0.0,0.0,0.0,0.0,0.0,0.0,0.0,nan,0.0,0.0,0.0,0.0,0.0,0.0,0.0,0.0,0.0,5.0,1.0,1.0,0.0,0.0,0.0,0.0,0.0,0.0,0.0,0,0.0,,0.0,0.0,0,0.0,0.0,,0.0,-0.098
1995,CL,読売ジャイアンツ,81983864,福王　昭仁,A.Fukuou,62.0,82.0,71.0,3.0,13.0,1.0,1.0,0.0,16.0,5.0,1,0,5.0,1.0,5.0,0,0.0,5.0,0.0,0.183,0.234,0.225,0.459,11.0,0.04200000000000001,0.05100000000000002,0.276,6.097560975609756,6.097560975609756,1.0,0.19402985074626866,0.16155,309.0,0.11267605633802817,0.3620689655172414,0.183,13.0,0.0,5.0,62.0,82.0,71.0,11.0,1.0,1.0,3.0,0.234,0.225,5.0,0,0.0,,16.0,1,0,5.0,1.0,,3.789473684210526,3.226
1995,CL,東京ヤクルトスワローズ,81983866,山内　嘉弘,Y.Yamauchi,11.0,1.0,1.0,0.0,1.0,0.0,0.0,0.0,1.0,0.0,0.0,0,0.0,0.0,0.0,0,0.0,0.0,0.0,1.0,1.0,1.0,2.0,1.0,0.0,0.0,1.0,0.0,0.0,nan,1.0,0.7,1333.3333333333333,0.0,nan,1.0,1.0,0.0,0.0,11.0,1.0,1.0,1.0,0.0,0.0,0.0,1.0,1.0,0.0,0,0.0,,1.0,0.0,0,0.0,0.0,,1.0,0.5
1995,CL,広島東洋カープ,83283868,佐藤　裕幸,H.Satou,2.0,2.0,2.0,1.0,0.0,0.0,0.0,0.0,0.0,0.0,0.0,0,0.0,0.0,0.0,0,0.0,0.0,0.0,0.0,0.0,0.0,0.0,0.0,0.0,0.0,0.0,0.0,0.0,nan,0.0,0.0,0.0,0.0,0.0,0.0,0.0,0.0,0.0,2.0,2.0,2.0,0.0,0.0,0.0,1.0,0.0,0.0,0.0,0,0.0,,0.0,0.0,0,0.0,0.0,,0.0,-0.196
1995,CL,阪神タイガース,83383868,鮎川　義文,Y.Ayukawa,46.0,71.0,60.0,6.0,13.0,2.0,1.0,0.0,17.0,4.0,2,0,2.0,2.0,6.0,0,0.0,22.0,1.0,0.217,0.279,0.283,0.562,10.0,0.06599999999999998,0.06200000000000003,0.345,8.450704225352112,30.985915492957744,0.2727272727272727,0.325,0.19630000000000003,373.33333333333337,0.16666666666666666,0.4791666666666667,0.217,13.0,0.0,4.0,46.0,71.0,60.0,10.0,2.0,1.0,6.0,0.279,0.283,6.0,0,0.0,,17.0,2,0,2.0,2.0,,4.893939393939394,4.853999999999999
1995,CL,広島東洋カープ,83783868,御船　英之,H.Mifune,46.0,52.0,47.0,4.0,14.0,4.0,0.0,0.0,18.0,6.0,0.0,0,1.0,0.0,2.0,0,2.0,13.0,2.0,0.298,0.353,0.383,0.736,10.0,0.08500000000000002,0.05499999999999999,0.438,3.8461538461538463,25.0,0.15384615384615385,0.4117647058823529,0.2546,480.6666666666667,0.1276595744680851,0.6285714285714286,0.298,14.0,0.0,6.0,46.0,52.0,47.0,10.0,4.0,0.0,4.0,0.353,0.383,2.0,0,2.0,,18.0,0.0,0,1.0,0.0,,5.877551020408164,5.965999999999999
1995,CL,横浜DeNAベイスターズ,85583868,谷繁　元信,M.Tanishige,93.0,203.0,181.0,16.0,45.0,7.0,1.0,6.0,72.0,21.0,1,0,5.0,0.0,17.0,0,0.0,39.0,2.0,0.249,0.313,0.398,0.7110000000000001,31.0,0.14900000000000002,0.064,0.462,8.374384236453201,19.21182266009852,0.4358974358974359,0.2867647058823529,0.24035,445.66666666666663,0.2430939226519337,0.644927536231884,0.249,45.0,6.0,21.0,93.0,203.0,181.0,31.0,7.0,1.0,16.0,0.313,0.398,17.0,0,0.0,,72.0,1,0,5.0,0.0,,22.545454545454547,22.501999999999995
1995,CL,広島東洋カープ,91093867,西田　真二,S.Nishida,5.0,5.0,5.0,0.0,2.0,0.0,0.0,0.0,2.0,0.0,0.0,0,0.0,0.0,0.0,0,0.0,2.0,0.0,0.4,0.4,0.4,0.8,2.0,0.0,0.0,0.4,0.0,40.0,0.0,0.6666666666666666,0.28,533.3333333333334,0.0,0.6666666666666666,0.4,2.0,0.0,0.0,5.0,5.0,5.0,2.0,0.0,0.0,0.0,0.4,0.4,0.0,0,0.0,,2.0,0.0,0,0.0,0.0,,0.8,0.706
1995,CL,中日ドラゴンズ,91093869,仁村　徹,T.Nimura,80.0,247.0,224.0,23.0,58.0,3.0,0.0,8.0,85.0,30.0,0.0,0,2.0,2.0,18.0,0,1.0,35.0,9.0,0.259,0.314,0.379,0.6930000000000001,47.0,0.12,0.05499999999999999,0.434,7.28744939271255,14.17004048582996,0.5142857142857142,0.273224043715847,0.23605,440.33333333333337,0.20089285714285715,0.5942857142857143,0.259,58.0,8.0,30.0,80.0,247.0,224.0,47.0,3.0,0.0,23.0,0.314,0.379,18.0,0,1.0,,85.0,0.0,0,2.0,2.0,,26.694214876033058,27.182000000000002
1995,CL,広島東洋カープ,91193844,大野　豊,Y.Oono,27.0,37.0,35.0,2.0,3.0,0.0,0.0,0.0,3.0,1.0,0.0,0,1.0,1.0,0.0,0,0.0,16.0,1.0,0.086,0.083,0.086,0.16899999999999998,3.0,0.0,-0.002999999999999989,0.083,0.0,43.24324324324324,0.0,0.15,0.05885,111.66666666666666,0.0,0.09090909090909091,0.086,3.0,0.0,1.0,27.0,37.0,35.0,3.0,0.0,0.0,2.0,0.083,0.086,0.0,0,0.0,,3.0,0.0,0,1.0,1.0,,0.2571428571428571,-1.6360000000000001
1995,CL,東京ヤクルトスワローズ,91193862,伊東　昭光,A.Itou,43.0,32.0,26.0,1.0,4.0,0.0,0.0,0.0,4.0,2.0,0.0,0,5.0,0.0,1.0,0,0.0,11.0,0.0,0.154,0.185,0.154,0.33899999999999997,4.0,0.0,0.031,0.185,3.125,34.375,0.09090909090909091,0.26666666666666666,0.12175,236.33333333333334,0.038461538461538464,0.22727272727272727,0.154,4.0,0.0,2.0,43.0,32.0,26.0,4.0,0.0,0.0,1.0,0.185,0.154,1.0,0,0.0,,4.0,0.0,0,5.0,0.0,,0.7407407407407407,0.17399999999999993
1995,CL,中日ドラゴンズ,91193866,小森　哲也,T.Komori,34.0,73.0,66.0,10.0,16.0,2.0,0.0,0.0,18.0,2.0,2,3,3.0,0.0,4.0,0,0.0,9.0,1.0,0.242,0.286,0.273,0.5589999999999999,14.0,0.031000000000000028,0.043999999999999984,0.317,5.47945205479452,12.32876712328767,0.4444444444444444,0.2807017543859649,0.19695,377.0,0.13636363636363635,0.49019607843137253,0.242,16.0,0.0,2.0,34.0,73.0,66.0,14.0,2.0,0.0,10.0,0.286,0.273,4.0,0,0.0,,18.0,2,3,3.0,0.0,,5.142857142857143,5.4
1995,CL,東京ヤクルトスワローズ,91193880,稲葉　篤紀,A.Inaba,67.0,248.0,215.0,22.0,66.0,10.0,0.0,8.0,100.0,40.0,3,2,2.0,1.0,25.0,0,5.0,33.0,5.0,0.307,0.39,0.465,0.855,48.0,0.15800000000000003,0.08300000000000002,0.548,10.080645161290322,13.306451612903224,0.7575757575757576,0.3314285714285714,0.29175,545.0,0.2837209302325581,0.8571428571428571,0.307,66.0,8.0,40.0,67.0,248.0,215.0,48.0,10.0,0.0,22.0,0.39,0.465,25.0,0,5.0,,100.0,3,2,2.0,1.0,,37.916666666666664,38.378
1995,CL,広島東洋カープ,91193887,池田　郁夫,I.Ikeda,4.0,0.0,0.0,0.0,0.0,0.0,0.0,0.0,0.0,0.0,0.0,0,0.0,0.0,0.0,0,0.0,0.0,0.0,,,,0.0,0.0,0.0,0.0,,nan,nan,nan,nan,0.0,0.0,nan,nan,,0.0,0.0,0.0,4.0,0.0,0.0,0.0,0.0,0.0,0.0,,,0.0,0,0.0,,0.0,0.0,0,0.0,0.0,,nan,0.0
1995,CL,東京ヤクルトスワローズ,91293864,山田　勉,T.Yamada,42.0,10.0,10.0,1.0,2.0,0.0,0.0,1.0,5.0,2.0,0.0,0,0.0,0.0,0.0,0,0.0,3.0,0.0,0.2,0.2,0.5,0.7,1.0,0.3,0.0,0.5,0.0,30.0,0.0,0.16666666666666666,0.21500000000000002,366.6666666666667,0.3,0.625,0.2,2.0,1.0,2.0,42.0,10.0,10.0,1.0,0.0,0.0,1.0,0.2,0.5,0.0,0,0.0,,5.0,0.0,0,0.0,0.0,,1.0,1.156
1995,CL,阪神タイガース,91293880,グレン,G.Davis,120.0,501.0,453.0,47.0,116.0,25.0,1.0,23.0,212.0,77.0,1.0,1,0.0,6.0,40.0,0,2.0,79.0,15.0,0.256,0.315,0.468,0.783,67.0,0.21200000000000002,0.059,0.527,7.984031936127744,15.768463073852296,0.5063291139240507,0.2605042016806723,0.25875000000000004,471.0,0.30242825607064017,0.7244318181818182,0.256,116.0,23.0,77.0,120.0,501.0,453.0,67.0,25.0,1.0,47.0,0.315,0.468,40.0,0,2.0,,212.0,1.0,1,0.0,6.0,,67.08316430020284,66.674
1995,CL,東京ヤクルトスワローズ,91293881,野口　寿浩,T.Noguchi,18.0,9.0,9.0,3.0,2.0,1.0,0.0,1.0,6.0,5.0,0.0,0,0.0,0.0,0.0,0,0.0,2.0,0.0,0.222,0.222,0.667,0.889,0.0,0.44500000000000006,0.0,0.667,0.0,22.22222222222222,0.0,0.16666666666666666,0.26665,444.33333333333337,0.4444444444444444,0.8571428571428571,0.222,2.0,1.0,5.0,18.0,9.0,9.0,0.0,1.0,0.0,3.0,0.222,0.667,0.0,0,0.0,,6.0,0.0,0,0.0,0.0,,1.3333333333333333,1.4740000000000002
1995,CL,阪神タイガース,91293885,萩原　誠,M.Hagiwara,54.0,138.0,117.0,7.0,23.0,3.0,1.0,4.0,40.0,11.0,0,1,3.0,0.0,17.0,0,1.0,30.0,1.0,0.197,0.304,0.342,0.646,15.0,0.14500000000000002,0.10699999999999998,0.449,12.318840579710146,21.73913043478261,0.5666666666666667,0.2289156626506024,0.2223,418.0,0.29914529914529914,0.6210526315789474,0.197,23.0,4.0,11.0,54.0,138.0,117.0,15.0,3.0,1.0,7.0,0.304,0.342,17.0,0,1.0,,40.0,0,1,3.0,0.0,,11.940298507462687,13.368000000000002
1995,CL,東京ヤクルトスワローズ,91293887,真中　満,M.Manaka,99.0,137.0,126.0,14.0,27.0,1.0,1.0,1.0,33.0,13.0,10,3,6.0,0.0,4.0,0,1.0,8.0,5.0,0.214,0.244,0.262,0.506,24.0,0.048000000000000015,0.03,0.292,2.9197080291970803,5.839416058394161,0.5,0.2222222222222222,0.1753,331.3333333333333,0.10317460317460317,0.3942307692307692,0.214,27.0,1.0,13.0,99.0,137.0,126.0,24.0,1.0,1.0,14.0,0.244,0.262,4.0,0,1.0,,33.0,10,3,6.0,0.0,,7.869230769230769,7.688000000000001
1995,CL,読売ジャイアンツ,91393862,岡田　展和,H.Okada,27.0,2.0,2.0,0.0,0.0,0.0,0.0,0.0,0.0,0.0,0.0,0,0.0,0.0,0.0,0,0.0,2.0,0.0,0.0,0.0,0.0,0.0,0.0,0.0,0.0,0.0,0.0,100.0,0.0,nan,0.0,0.0,0.0,0.0,0.0,0.0,0.0,0.0,27.0,2.0,2.0,0.0,0.0,0.0,0.0,0.0,0.0,0.0,0,0.0,,0.0,0.0,0,0.0,0.0,,0.0,-0.196
1995,CL,横浜DeNAベイスターズ,91493860,松浦　宏明,H.Matsuura,9.0,1.0,1.0,0.0,0.0,0.0,0.0,0.0,0.0,0.0,0.0,0,0.0,0.0,0.0,0,0.0,1.0,0.0,0.0,0.0,0.0,0.0,0.0,0.0,0.0,0.0,0.0,100.0,0.0,nan,0.0,0.0,0.0,0.0,0.0,0.0,0.0,0.0,9.0,1.0,1.0,0.0,0.0,0.0,0.0,0.0,0.0,0.0,0,0.0,,0.0,0.0,0,0.0,0.0,,0.0,-0.098
1995,CL,広島東洋カープ,91493885,町田　公二郎,K.Machida,69.0,155.0,138.0,16.0,36.0,5.0,0.0,8.0,65.0,22.0,2,1,2.0,0.0,14.0,0,1.0,36.0,2.0,0.261,0.333,0.471,0.804,23.0,0.20999999999999996,0.07200000000000001,0.5429999999999999,9.032258064516128,23.225806451612904,0.3888888888888889,0.2978723404255319,0.2676,490.0,0.3188405797101449,0.7788461538461539,0.261,36.0,8.0,22.0,69.0,155.0,138.0,23.0,5.0,0.0,16.0,0.333,0.471,14.0,0,1.0,,65.0,2,1,2.0,0.0,,21.38157894736842,21.753999999999998
1995,CL,横浜DeNAベイスターズ,91593866,進藤　達哉,T.Shindou,126.0,456.0,368.0,47.0,80.0,10.0,4.0,11.0,131.0,31.0,5,2,20.0,2.0,62.0,0,4.0,55.0,12.0,0.217,0.335,0.356,0.6910000000000001,55.0,0.13899999999999998,0.11800000000000002,0.474,13.596491228070176,12.06140350877193,1.1272727272727272,0.22697368421052633,0.23975000000000002,453.6666666666667,0.3125,0.6633333333333333,0.217,80.0,11.0,31.0,126.0,456.0,368.0,55.0,10.0,4.0,47.0,0.335,0.356,62.0,0,4.0,,131.0,5,2,20.0,2.0,,43.26046511627907,48.616
1995,CL,東京ヤクルトスワローズ,91593889,斎藤　充弘,M.Saitou,6.0,2.0,2.0,0.0,0.0,0.0,0.0,0.0,0.0,0.0,0.0,0,0.0,0.0,0.0,0,0.0,1.0,0.0,0.0,0.0,0.0,0.0,0.0,0.0,0.0,0.0,0.0,50.0,0.0,0.0,0.0,0.0,0.0,0.0,0.0,0.0,0.0,0.0,6.0,2.0,2.0,0.0,0.0,0.0,0.0,0.0,0.0,0.0,0,0.0,,0.0,0.0,0,0.0,0.0,,0.0,-0.196
1995,CL,中日ドラゴンズ,91693881,松永　幸男,Y.Matsunaga,17.0,5.0,5.0,0.0,1.0,0.0,0.0,0.0,1.0,0.0,0.0,0,0.0,0.0,0.0,0,0.0,1.0,0.0,0.2,0.2,0.2,0.4,1.0,0.0,0.0,0.2,0.0,20.0,0.0,0.25,0.14,266.6666666666667,0.0,0.25,0.2,1.0,0.0,0.0,17.0,5.0,5.0,1.0,0.0,0.0,0.0,0.2,0.2,0.0,0,0.0,,1.0,0.0,0,0.0,0.0,,0.2,0.10799999999999998
1995,CL,阪神タイガース,91693885,弓長　起浩,T.Yuminaga,33.0,0.0,0.0,0.0,0.0,0.0,0.0,0.0,0.0,0.0,0.0,0,0.0,0.0,0.0,0,0.0,0.0,0.0,,,,0.0,0.0,0.0,0.0,,nan,nan,nan,nan,0.0,0.0,nan,nan,,0.0,0.0,0.0,33.0,0.0,0.0,0.0,0.0,0.0,0.0,,,0.0,0,0.0,,0.0,0.0,0,0.0,0.0,,nan,0.0
1995,CL,広島東洋カープ,91793860,正田　耕三,K.Shouda,124.0,537.0,449.0,62.0,123.0,17.0,2.0,3.0,153.0,38.0,7,4,29.0,3.0,54.0,0,2.0,56.0,6.0,0.274,0.352,0.341,0.6930000000000001,101.0,0.067,0.07799999999999996,0.419,10.05586592178771,10.42830540037244,0.9642857142857143,0.3053435114503817,0.24364999999999998,465.6666666666667,0.19599109131403117,0.641566265060241,0.274,123.0,3.0,38.0,124.0,537.0,449.0,101.0,17.0,2.0,62.0,0.352,0.341,54.0,0,2.0,,153.0,7,4,29.0,3.0,,53.8389662027833,56.39200000000002
1995,CL,阪神タイガース,91793880,秀太,S.Shuuta（tanaka,3.0,2.0,2.0,0.0,0.0,0.0,0.0,0.0,0.0,0.0,0.0,0,0.0,0.0,0.0,0,0.0,1.0,0.0,0.0,0.0,0.0,0.0,0.0,0.0,0.0,0.0,0.0,50.0,0.0,0.0,0.0,0.0,0.0,0.0,0.0,0.0,0.0,0.0,3.0,2.0,2.0,0.0,0.0,0.0,0.0,0.0,0.0,0.0,0,0.0,,0.0,0.0,0,0.0,0.0,,0.0,-0.196
1995,CL,広島東洋カープ,91893883,山﨑　健,K.Yamasaki,2.0,3.0,2.0,0.0,0.0,0.0,0.0,0.0,0.0,0.0,0.0,0,1.0,0.0,0.0,0,0.0,1.0,0.0,0.0,0.0,0.0,0.0,0.0,0.0,0.0,0.0,0.0,33.33333333333333,0.0,0.0,0.0,0.0,0.0,0.0,0.0,0.0,0.0,0.0,2.0,3.0,2.0,0.0,0.0,0.0,0.0,0.0,0.0,0.0,0,0.0,,0.0,0.0,0,1.0,0.0,,0.0,-0.196
1995,CL,中日ドラゴンズ,91993862,中山　裕章,H.Nakayama,44.0,4.0,1.0,2.0,1.0,0.0,0.0,0.0,1.0,0.0,0.0,0,3.0,0.0,0.0,0,0.0,0.0,0.0,1.0,1.0,1.0,2.0,1.0,0.0,0.0,1.0,0.0,0.0,nan,1.0,0.7,1333.3333333333333,0.0,nan,1.0,1.0,0.0,0.0,44.0,4.0,1.0,1.0,0.0,0.0,2.0,1.0,1.0,0.0,0,0.0,,1.0,0.0,0,3.0,0.0,,1.0,0.5
1995,CL,横浜DeNAベイスターズ,91993887,田中　敏昭,T.Tanaka,2.0,0.0,0.0,0.0,0.0,0.0,0.0,0.0,0.0,0.0,0.0,0,0.0,0.0,0.0,0,0.0,0.0,0.0,,,,0.0,0.0,0.0,0.0,,nan,nan,nan,nan,0.0,0.0,nan,nan,,0.0,0.0,0.0,2.0,0.0,0.0,0.0,0.0,0.0,0.0,,,0.0,0,0.0,,0.0,0.0,0,0.0,0.0,,nan,0.0
1995,CL,阪神タイガース,91993889,平尾　博嗣,H.Hirao,35.0,49.0,42.0,4.0,8.0,2.0,0.0,1.0,13.0,6.0,0,1,1.0,1.0,5.0,0,0.0,12.0,0.0,0.19,0.271,0.31,0.581,5.0,0.12,0.08100000000000002,0.391,10.204081632653061,24.489795918367346,0.4166666666666667,0.23333333333333334,0.19945000000000002,374.33333333333337,0.2619047619047619,0.5588235294117647,0.19,8.0,1.0,6.0,35.0,49.0,42.0,5.0,2.0,0.0,4.0,0.271,0.31,5.0,0,0.0,,13.0,0,1,1.0,1.0,,3.595744680851064,3.8779999999999997
1995,CL,横浜DeNAベイスターズ,93193883,鈴木尚,T.Suzukitaka（suzuki,117.0,372.0,336.0,48.0,95.0,20.0,1.0,14.0,159.0,58.0,3,1,1.0,5.0,28.0,0,2.0,65.0,6.0,0.283,0.337,0.473,0.81,60.0,0.19,0.05400000000000005,0.527,7.526881720430108,17.473118279569892,0.4307692307692308,0.30916030534351147,0.26990000000000003,494.6666666666667,0.2767857142857143,0.7692307692307693,0.283,95.0,14.0,58.0,117.0,372.0,336.0,60.0,20.0,1.0,48.0,0.337,0.473,28.0,0,2.0,,159.0,3,1,1.0,5.0,,53.72802197802198,52.062000000000005
1995,CL,阪神タイガース,93393868,山田　勝彦,K.Yamada,30.0,19.0,16.0,0.0,1.0,0.0,0.0,0.0,1.0,0.0,0.0,0,1.0,0.0,2.0,0,0.0,7.0,0.0,0.062,0.167,0.062,0.229,1.0,0.0,0.10500000000000001,0.167,10.526315789473683,36.84210526315789,0.2857142857142857,0.1111111111111111,0.09065000000000001,187.66666666666669,0.125,0.2,0.062,1.0,0.0,0.0,30.0,19.0,16.0,1.0,0.0,0.0,0.0,0.167,0.062,2.0,0,0.0,,1.0,0.0,0,1.0,0.0,,0.16666666666666666,-0.30999999999999983
1995,CL,広島東洋カープ,93793868,小早川　幸二,K.Kobayakawa,31.0,0.0,0.0,0.0,0.0,0.0,0.0,0.0,0.0,0.0,0.0,0,0.0,0.0,0.0,0,0.0,0.0,0.0,,,,0.0,0.0,0.0,0.0,,nan,nan,nan,nan,0.0,0.0,nan,nan,,0.0,0.0,0.0,31.0,0.0,0.0,0.0,0.0,0.0,0.0,,,0.0,0,0.0,,0.0,0.0,0,0.0,0.0,,nan,0.0
