year,league,team,player_id,player_name_ja,player_name_en,G,PA,AB,R,H,2B,3B,HR,TB,RBI,SB,CS,SH,SF,BB,IBB,HBP,SO,GDP,AVG,OBP,SLG,OPS,1B,IsoP,IsoD,IOPS,BB%,K%,BB/K,BABIP,GPA,NOI,SecA,TA,打率,安打,本塁打,打点,試合,打席,打数,単打,二塁打,三塁打,得点,出塁率,長打率,四球,敬遠,死球,三振,塁打,盗塁,盗塁死,犠打,犠飛,併殺打,RC,XR
2005,CL,読売ジャイアンツ,1003884,堀田　一郎,I.Horita,71.0,74.0,64.0,11.0,16.0,1.0,0.0,0.0,17.0,6.0,2,1,2.0,1.0,2.0,0,5.0,17.0,0.0,0.25,0.319,0.266,0.585,15.0,0.016000000000000014,0.069,0.335,2.7027027027027026,22.972972972972975,0.11764705882352941,0.3333333333333333,0.21005000000000001,407.6666666666667,0.0625,0.5208333333333334,0.25,16.0,0.0,6.0,71.0,74.0,64.0,15.0,1.0,0.0,11.0,0.319,0.266,2.0,0,5.0,,17.0,2,1,2.0,1.0,,4.636363636363637,6.006
2005,CL,横浜DeNAベイスターズ,1003888,古木　克明,K.Furuki,65.0,116.0,105.0,10.0,26.0,5.0,1.0,2.0,39.0,10.0,1,2,0.0,0.0,8.0,0,3.0,35.0,1.0,0.248,0.319,0.371,0.69,18.0,0.123,0.07100000000000001,0.442,6.896551724137931,30.17241379310345,0.22857142857142856,0.35294117647058826,0.2363,442.66666666666663,0.21904761904761905,0.65,0.248,26.0,2.0,10.0,65.0,116.0,105.0,18.0,5.0,1.0,10.0,0.319,0.371,8.0,0,3.0,,39.0,1,2,0.0,0.0,,11.734513274336283,12.767999999999997
2005,CL,中日ドラゴンズ,1003889,柳沢　裕一,Y.Yanagisawa,14.0,18.0,18.0,2.0,2.0,0.0,0.0,0.0,2.0,0.0,0.0,0,0.0,0.0,0.0,0,0.0,8.0,0.0,0.111,0.111,0.111,0.222,2.0,0.0,0.0,0.111,0.0,44.44444444444444,0.0,0.2,0.0777,148.0,0.0,0.125,0.111,2.0,0.0,0.0,14.0,18.0,18.0,2.0,0.0,0.0,2.0,0.111,0.111,0.0,0,0.0,,2.0,0.0,0,0.0,0.0,,0.2222222222222222,-0.5680000000000001
2005,CL,東京ヤクルトスワローズ,1005117,雄平,Y.Yuuhei（takai,18.0,18.0,13.0,1.0,2.0,0.0,0.0,1.0,5.0,2.0,0.0,0,4.0,0.0,1.0,0,0.0,9.0,1.0,0.154,0.214,0.385,0.599,1.0,0.231,0.06,0.445,5.555555555555555,50.0,0.1111111111111111,0.3333333333333333,0.19255,342.3333333333333,0.3076923076923077,0.5,0.154,2.0,1.0,2.0,18.0,18.0,13.0,1.0,0.0,0.0,1.0,0.214,0.385,1.0,0,0.0,,5.0,0.0,0,4.0,0.0,,1.0714285714285714,1.192
2005,CL,阪神タイガース,11013884,濱中　治,O.Hamanaka,78.0,125.0,109.0,9.0,31.0,3.0,2.0,1.0,41.0,20.0,0,1,0.0,2.0,12.0,0,2.0,36.0,2.0,0.284,0.36,0.376,0.736,25.0,0.09200000000000003,0.07600000000000001,0.452,9.6,28.799999999999997,0.3333333333333333,0.40540540540540543,0.256,485.33333333333326,0.21100917431192662,0.7,0.284,31.0,1.0,20.0,78.0,125.0,109.0,25.0,3.0,2.0,9.0,0.36,0.376,12.0,0,2.0,,41.0,0,1,0.0,2.0,,14.570247933884298,15.336000000000004
2005,CL,東京ヤクルトスワローズ,1103882,石井　弘寿,H.Ishii,61.0,0.0,0.0,0.0,0.0,0.0,0.0,0.0,0.0,0.0,0.0,0,0.0,0.0,0.0,0,0.0,0.0,0.0,,,,0.0,0.0,0.0,0.0,,nan,nan,nan,nan,0.0,0.0,nan,nan,,0.0,0.0,0.0,61.0,0.0,0.0,0.0,0.0,0.0,0.0,,,0.0,0,0.0,,0.0,0.0,0,0.0,0.0,,nan,0.0
2005,CL,読売ジャイアンツ,1103883,元木　大介,D.Motoki,41.0,120.0,105.0,9.0,32.0,4.0,0.0,0.0,36.0,8.0,1.0,1,4.0,1.0,9.0,0,1.0,21.0,2.0,0.305,0.362,0.343,0.7050000000000001,28.0,0.038000000000000034,0.056999999999999995,0.4,7.5,17.5,0.42857142857142855,0.3764705882352941,0.24864999999999998,476.3333333333333,0.13333333333333333,0.6266666666666667,0.305,32.0,0.0,8.0,41.0,120.0,105.0,28.0,4.0,0.0,9.0,0.362,0.343,9.0,0,1.0,,36.0,1.0,1,4.0,1.0,,12.947368421052632,13.206
2005,CL,阪神タイガース,1103886,井川　慶,K.Igawa,27.0,67.0,53.0,2.0,4.0,0.0,0.0,0.0,4.0,3.0,0.0,0,9.0,0.0,5.0,0,0.0,28.0,0.0,0.075,0.155,0.075,0.22999999999999998,4.0,0.0,0.08,0.155,7.462686567164178,41.7910447761194,0.17857142857142858,0.16,0.08850000000000001,180.0,0.09433962264150944,0.1836734693877551,0.075,4.0,0.0,3.0,27.0,67.0,53.0,4.0,0.0,0.0,2.0,0.155,0.075,5.0,0,0.0,,4.0,0.0,0,9.0,0.0,,0.6206896551724138,-1.1520000000000001
2005,CL,広島東洋カープ,1103888,新井　貴浩,T.Arai,142.0,587.0,541.0,91.0,165.0,30.0,1.0,43.0,326.0,94.0,3.0,3,1.0,3.0,37.0,0,5.0,126.0,16.0,0.305,0.353,0.603,0.956,91.0,0.298,0.04799999999999999,0.651,6.303236797274275,21.465076660988075,0.29365079365079366,0.3253333333333333,0.3096,553.9999999999999,0.37153419593345655,0.9464285714285714,0.305,165.0,43.0,94.0,142.0,587.0,541.0,91.0,30.0,1.0,91.0,0.353,0.603,37.0,0,5.0,,326.0,3.0,3,1.0,3.0,,113.93079584775087,107.61200000000001
2005,CL,広島東洋カープ,1105115,天谷　宗一郎,S.Amaya,2.0,2.0,2.0,0.0,0.0,0.0,0.0,0.0,0.0,0.0,1,0,0.0,0.0,0.0,0,0.0,1.0,0.0,0.0,0.0,0.0,0.0,0.0,0.0,0.0,0.0,0.0,50.0,0.0,0.0,0.0,0.0,0.0,0.0,0.0,0.0,0.0,0.0,2.0,2.0,2.0,0.0,0.0,0.0,0.0,0.0,0.0,0.0,0,0.0,,0.0,1,0,0.0,0.0,,0.0,-0.196
2005,CL,横浜DeNAベイスターズ,1105117,飯田　龍一郎,R.Iida,1.0,0.0,0.0,0.0,0.0,0.0,0.0,0.0,0.0,0.0,0.0,0,0.0,0.0,0.0,0,0.0,0.0,0.0,,,,0.0,0.0,0.0,0.0,,nan,nan,nan,nan,0.0,0.0,nan,nan,,0.0,0.0,0.0,1.0,0.0,0.0,0.0,0.0,0.0,0.0,,,0.0,0,0.0,,0.0,0.0,0,0.0,0.0,,nan,0.0
2005,CL,広島東洋カープ,11213880,横山　竜士,R.Yokoyama,29.0,0.0,0.0,0.0,0.0,0.0,0.0,0.0,0.0,0.0,0.0,0,0.0,0.0,0.0,0,0.0,0.0,0.0,,,,0.0,0.0,0.0,0.0,,nan,nan,nan,nan,0.0,0.0,nan,nan,,0.0,0.0,0.0,29.0,0.0,0.0,0.0,0.0,0.0,0.0,,,0.0,0,0.0,,0.0,0.0,0,0.0,0.0,,nan,0.0
2005,CL,東京ヤクルトスワローズ,11213884,三澤　興一,K.Misawa,2.0,0.0,0.0,0.0,0.0,0.0,0.0,0.0,0.0,0.0,0.0,0,0.0,0.0,0.0,0,0.0,0.0,0.0,,,,0.0,0.0,0.0,0.0,,nan,nan,nan,nan,0.0,0.0,nan,nan,,0.0,0.0,0.0,2.0,0.0,0.0,0.0,0.0,0.0,0.0,,,0.0,0,0.0,,0.0,0.0,0,0.0,0.0,,nan,0.0
2005,CL,広島東洋カープ,11213886,林　昌樹,M.Hayashi,5.0,0.0,0.0,0.0,0.0,0.0,0.0,0.0,0.0,0.0,0.0,0,0.0,0.0,0.0,0,0.0,0.0,0.0,,,,0.0,0.0,0.0,0.0,,nan,nan,nan,nan,0.0,0.0,nan,nan,,0.0,0.0,0.0,5.0,0.0,0.0,0.0,0.0,0.0,0.0,,,0.0,0,0.0,,0.0,0.0,0,0.0,0.0,,nan,0.0
2005,CL,阪神タイガース,11215110,橋本　健太郎,K.Hashimoto,51.0,1.0,1.0,0.0,0.0,0.0,0.0,0.0,0.0,0.0,0.0,0,0.0,0.0,0.0,0,0.0,1.0,0.0,0.0,0.0,0.0,0.0,0.0,0.0,0.0,0.0,0.0,100.0,0.0,nan,0.0,0.0,0.0,0.0,0.0,0.0,0.0,0.0,51.0,1.0,1.0,0.0,0.0,0.0,0.0,0.0,0.0,0.0,0,0.0,,0.0,0.0,0,0.0,0.0,,0.0,-0.098
2005,CL,横浜DeNAベイスターズ,11215115,野中　信吾,S.Nonaka,30.0,7.0,6.0,8.0,1.0,0.0,1.0,0.0,3.0,1.0,1.0,1,1.0,0.0,0.0,0,0.0,2.0,0.0,0.167,0.167,0.5,0.667,0.0,0.33299999999999996,0.0,0.5,0.0,28.57142857142857,0.0,0.25,0.20015,333.6666666666667,0.5,0.8,0.167,1.0,0.0,1.0,30.0,7.0,6.0,0.0,0.0,1.0,8.0,0.167,0.5,0.0,0,0.0,,3.0,1.0,1,1.0,0.0,,0.5,0.73
2005,CL,東京ヤクルトスワローズ,11313884,岩村　明憲,A.Iwamura,144.0,618.0,548.0,83.0,175.0,31.0,4.0,30.0,304.0,102.0,6,3,0.0,5.0,63.0,0,2.0,146.0,2.0,0.319,0.388,0.555,0.9430000000000001,110.0,0.23600000000000004,0.069,0.6240000000000001,10.194174757281553,23.624595469255663,0.4315068493150685,0.38461538461538464,0.31335,573.0000000000001,0.35583941605839414,0.992,0.319,175.0,30.0,102.0,144.0,618.0,548.0,110.0,31.0,4.0,83.0,0.388,0.555,63.0,0,2.0,,304.0,6,3,0.0,5.0,,118.41571194762685,110.11599999999996
2005,CL,読売ジャイアンツ,11313888,上原　浩治,K.Uehara,27.0,60.0,52.0,1.0,4.0,0.0,0.0,0.0,4.0,0.0,0.0,0,8.0,0.0,0.0,0,0.0,12.0,1.0,0.077,0.077,0.077,0.154,4.0,0.0,0.0,0.077,0.0,20.0,0.0,0.1,0.0539,102.66666666666667,0.0,0.08163265306122448,0.077,4.0,0.0,0.0,27.0,60.0,52.0,4.0,0.0,0.0,1.0,0.077,0.077,0.0,0,0.0,,4.0,0.0,0,8.0,0.0,,0.3076923076923077,-2.7040000000000006
2005,CL,東京ヤクルトスワローズ,11315115,石川　雅規,M.Ishikawa,26.0,49.0,47.0,4.0,8.0,0.0,0.0,0.0,8.0,3.0,0.0,0,2.0,0.0,0.0,0,0.0,13.0,0.0,0.17,0.17,0.17,0.34,8.0,0.0,0.0,0.17,0.0,26.53061224489796,0.0,0.23529411764705882,0.11900000000000002,226.66666666666669,0.0,0.20512820512820512,0.17,8.0,0.0,3.0,26.0,49.0,47.0,8.0,0.0,0.0,4.0,0.17,0.17,0.0,0,0.0,,8.0,0.0,0,2.0,0.0,,1.3617021276595744,0.17799999999999994
2005,CL,読売ジャイアンツ,11415113,三浦　貴,T.Miura,19.0,26.0,23.0,3.0,5.0,1.0,0.0,0.0,6.0,1.0,0.0,0,0.0,0.0,1.0,0,2.0,8.0,0.0,0.217,0.308,0.261,0.569,4.0,0.04400000000000001,0.091,0.352,3.8461538461538463,30.76923076923077,0.125,0.3333333333333333,0.20385,395.0,0.08695652173913043,0.5,0.217,5.0,0.0,1.0,19.0,26.0,23.0,4.0,1.0,0.0,3.0,0.308,0.261,1.0,0,2.0,,6.0,0.0,0,0.0,0.0,,1.5,1.946
2005,CL,東京ヤクルトスワローズ,11415115,福川　将和,M.Fukukawa,2.0,2.0,2.0,0.0,0.0,0.0,0.0,0.0,0.0,0.0,0.0,0,0.0,0.0,0.0,0,0.0,1.0,0.0,0.0,0.0,0.0,0.0,0.0,0.0,0.0,0.0,0.0,50.0,0.0,0.0,0.0,0.0,0.0,0.0,0.0,0.0,0.0,0.0,2.0,2.0,2.0,0.0,0.0,0.0,0.0,0.0,0.0,0.0,0,0.0,,0.0,0.0,0,0.0,0.0,,0.0,-0.196
2005,CL,阪神タイガース,11415117,中村　泰広,Y.Nakamura,2.0,0.0,0.0,0.0,0.0,0.0,0.0,0.0,0.0,0.0,0.0,0,0.0,0.0,0.0,0,0.0,0.0,0.0,,,,0.0,0.0,0.0,0.0,,nan,nan,nan,nan,0.0,0.0,nan,nan,,0.0,0.0,0.0,2.0,0.0,0.0,0.0,0.0,0.0,0.0,,,0.0,0,0.0,,0.0,0.0,0,0.0,0.0,,nan,0.0
2005,CL,読売ジャイアンツ,11513862,桑田　真澄,M.Kuwata,12.0,16.0,15.0,0.0,1.0,0.0,0.0,0.0,1.0,1.0,0.0,0,0.0,1.0,0.0,0,0.0,8.0,0.0,0.067,0.062,0.067,0.129,1.0,0.0,-0.0050000000000000044,0.062,0.0,50.0,0.0,0.125,0.04465,84.33333333333333,0.0,0.07142857142857142,0.067,1.0,0.0,1.0,12.0,16.0,15.0,1.0,0.0,0.0,0.0,0.062,0.067,0.0,0,0.0,,1.0,0.0,0,0.0,1.0,,0.06666666666666667,-0.8720000000000001
2005,CL,中日ドラゴンズ,11515110,雄太,Y.Yuudai（kawai,4.0,3.0,3.0,0.0,0.0,0.0,0.0,0.0,0.0,0.0,0.0,0,0.0,0.0,0.0,0,0.0,2.0,0.0,0.0,0.0,0.0,0.0,0.0,0.0,0.0,0.0,0.0,66.66666666666666,0.0,0.0,0.0,0.0,0.0,0.0,0.0,0.0,0.0,0.0,4.0,3.0,3.0,0.0,0.0,0.0,0.0,0.0,0.0,0.0,0,0.0,,0.0,0.0,0,0.0,0.0,,0.0,-0.29400000000000004
2005,CL,中日ドラゴンズ,11515113,岡本　真或,S.Okamoto,57.0,2.0,1.0,0.0,0.0,0.0,0.0,0.0,0.0,0.0,0.0,0,1.0,0.0,0.0,0,0.0,0.0,0.0,0.0,0.0,0.0,0.0,0.0,0.0,0.0,0.0,0.0,0.0,nan,0.0,0.0,0.0,0.0,0.0,0.0,0.0,0.0,0.0,57.0,2.0,1.0,0.0,0.0,0.0,0.0,0.0,0.0,0.0,0,0.0,,0.0,0.0,0,1.0,0.0,,0.0,-0.098
2005,CL,広島東洋カープ,11515115,大竹　寛,K.Ootake,29.0,50.0,45.0,2.0,7.0,1.0,0.0,0.0,8.0,3.0,0.0,0,4.0,0.0,1.0,0,0.0,24.0,1.0,0.156,0.174,0.178,0.352,6.0,0.021999999999999992,0.017999999999999988,0.1959999999999999,2.0,48.0,0.041666666666666664,0.3333333333333333,0.12279999999999999,233.33333333333331,0.044444444444444446,0.23076923076923078,0.156,7.0,0.0,3.0,29.0,50.0,45.0,6.0,1.0,0.0,2.0,0.174,0.178,1.0,0,0.0,,8.0,0.0,0,4.0,0.0,,1.391304347826087,0.3259999999999996
2005,CL,東京ヤクルトスワローズ,11515119,川島　亮,R.Kawashima,20.0,35.0,30.0,3.0,10.0,1.0,0.0,0.0,11.0,0.0,0.0,0,3.0,0.0,2.0,0,0.0,6.0,0.0,0.333,0.375,0.367,0.742,9.0,0.033999999999999975,0.04199999999999998,0.409,5.714285714285714,17.142857142857142,0.3333333333333333,0.4166666666666667,0.2605,497.33333333333337,0.1,0.65,0.333,10.0,0.0,0.0,20.0,35.0,30.0,9.0,1.0,0.0,3.0,0.375,0.367,2.0,0,0.0,,11.0,0.0,0,3.0,0.0,,4.125,3.92
2005,CL,東京ヤクルトスワローズ,11613881,古田　敦也,A.Furuta,96.0,357.0,329.0,29.0,85.0,15.0,0.0,5.0,115.0,33.0,1,0,1.0,3.0,19.0,0,5.0,54.0,8.0,0.258,0.306,0.35,0.6559999999999999,65.0,0.09199999999999997,0.04799999999999999,0.3979999999999999,5.322128851540616,15.126050420168067,0.35185185185185186,0.29304029304029305,0.22519999999999998,422.66666666666663,0.14893617021276595,0.5515873015873016,0.258,85.0,5.0,33.0,96.0,357.0,329.0,65.0,15.0,0.0,29.0,0.306,0.35,19.0,0,5.0,,115.0,1,0,1.0,3.0,,34.367816091954026,34.507999999999996
2005,CL,中日ドラゴンズ,11615117,森岡　良介,R.Morioka,2.0,1.0,1.0,0.0,0.0,0.0,0.0,0.0,0.0,0.0,0.0,0,0.0,0.0,0.0,0,0.0,0.0,0.0,0.0,0.0,0.0,0.0,0.0,0.0,0.0,0.0,0.0,0.0,nan,0.0,0.0,0.0,0.0,0.0,0.0,0.0,0.0,0.0,2.0,1.0,1.0,0.0,0.0,0.0,0.0,0.0,0.0,0.0,0,0.0,,0.0,0.0,0,0.0,0.0,,0.0,-0.098
2005,CL,東京ヤクルトスワローズ,11713880,城石　憲之,N.Shiroishi,130.0,389.0,359.0,25.0,92.0,18.0,1.0,2.0,118.0,30.0,2.0,2,10.0,0.0,19.0,0,1.0,66.0,9.0,0.256,0.296,0.329,0.625,71.0,0.07300000000000001,0.03999999999999998,0.369,4.884318766066838,16.966580976863753,0.2878787878787879,0.30927835051546393,0.21544999999999997,405.6666666666667,0.1309192200557103,0.5072463768115942,0.256,92.0,2.0,30.0,130.0,389.0,359.0,71.0,18.0,1.0,25.0,0.296,0.329,19.0,0,1.0,,118.0,2.0,2,10.0,0.0,,34.65079365079365,33.17400000000001
2005,CL,広島東洋カープ,11715110,小島　心二郎,S.Kojima,2.0,3.0,3.0,0.0,0.0,0.0,0.0,0.0,0.0,0.0,0.0,0,0.0,0.0,0.0,0,0.0,2.0,0.0,0.0,0.0,0.0,0.0,0.0,0.0,0.0,0.0,0.0,66.66666666666666,0.0,0.0,0.0,0.0,0.0,0.0,0.0,0.0,0.0,0.0,2.0,3.0,3.0,0.0,0.0,0.0,0.0,0.0,0.0,0.0,0,0.0,,0.0,0.0,0,0.0,0.0,,0.0,-0.29400000000000004
2005,CL,広島東洋カープ,11715111,末永　真史,M.Suenaga,65.0,77.0,72.0,11.0,20.0,1.0,0.0,2.0,27.0,7.0,4,1,0.0,1.0,3.0,0,1.0,17.0,0.0,0.278,0.312,0.375,0.687,17.0,0.09699999999999998,0.033999999999999975,0.409,3.896103896103896,22.07792207792208,0.17647058823529413,0.3333333333333333,0.23415,437.0,0.1527777777777778,0.6153846153846154,0.278,20.0,2.0,7.0,65.0,77.0,72.0,17.0,1.0,0.0,11.0,0.312,0.375,3.0,0,1.0,,27.0,4,1,0.0,1.0,,8.28,8.504000000000001
2005,CL,阪神タイガース,11715113,狩野　恵輔,K.Kanou,2.0,1.0,1.0,0.0,0.0,0.0,0.0,0.0,0.0,0.0,0.0,0,0.0,0.0,0.0,0,0.0,1.0,0.0,0.0,0.0,0.0,0.0,0.0,0.0,0.0,0.0,0.0,100.0,0.0,nan,0.0,0.0,0.0,0.0,0.0,0.0,0.0,0.0,2.0,1.0,1.0,0.0,0.0,0.0,0.0,0.0,0.0,0.0,0,0.0,,0.0,0.0,0,0.0,0.0,,0.0,-0.098
2005,CL,広島東洋カープ,11815119,J.フェリシアーノ,J.Feliciano,5.0,2.0,2.0,0.0,0.0,0.0,0.0,0.0,0.0,0.0,0.0,0,0.0,0.0,0.0,0,0.0,2.0,0.0,0.0,0.0,0.0,0.0,0.0,0.0,0.0,0.0,0.0,100.0,0.0,nan,0.0,0.0,0.0,0.0,0.0,0.0,0.0,0.0,5.0,2.0,2.0,0.0,0.0,0.0,0.0,0.0,0.0,0.0,0,0.0,,0.0,0.0,0,0.0,0.0,,0.0,-0.196
2005,CL,阪神タイガース,11913882,中村　豊,Y.Nakamura,49.0,31.0,30.0,10.0,13.0,0.0,0.0,1.0,16.0,4.0,0,1,0.0,0.0,1.0,0,0.0,3.0,1.0,0.433,0.452,0.533,0.9850000000000001,12.0,0.10000000000000003,0.019000000000000017,0.552,3.225806451612903,9.67741935483871,0.3333333333333333,0.46153846153846156,0.33665,629.6666666666667,0.16666666666666666,1.0,0.433,13.0,1.0,4.0,49.0,31.0,30.0,12.0,0.0,0.0,10.0,0.452,0.533,1.0,0,0.0,,16.0,0,1,0.0,0.0,,7.225806451612903,6.283999999999999
2005,CL,横浜DeNAベイスターズ,1205111,南　竜介,R.Minami,18.0,10.0,9.0,2.0,1.0,0.0,0.0,0.0,1.0,0.0,0.0,0,1.0,0.0,0.0,0,0.0,3.0,0.0,0.111,0.111,0.111,0.222,1.0,0.0,0.0,0.111,0.0,30.0,0.0,0.16666666666666666,0.0777,148.0,0.0,0.125,0.111,1.0,0.0,0.0,18.0,10.0,9.0,1.0,0.0,0.0,2.0,0.111,0.111,0.0,0,0.0,,1.0,0.0,0,1.0,0.0,,0.1111111111111111,-0.28400000000000003
2005,CL,阪神タイガース,1205113,藤田　太陽,T.Fujita,4.0,3.0,3.0,0.0,0.0,0.0,0.0,0.0,0.0,0.0,0.0,0,0.0,0.0,0.0,0,0.0,2.0,0.0,0.0,0.0,0.0,0.0,0.0,0.0,0.0,0.0,0.0,66.66666666666666,0.0,0.0,0.0,0.0,0.0,0.0,0.0,0.0,0.0,0.0,4.0,3.0,3.0,0.0,0.0,0.0,0.0,0.0,0.0,0.0,0,0.0,,0.0,0.0,0,0.0,0.0,,0.0,-0.29400000000000004
2005,CL,読売ジャイアンツ,1205115,林　昌範,M.Hayashi,54.0,3.0,3.0,0.0,2.0,0.0,0.0,0.0,2.0,2.0,0.0,0,0.0,0.0,0.0,0,0.0,1.0,0.0,0.667,0.667,0.667,1.334,2.0,0.0,0.0,0.667,0.0,33.33333333333333,0.0,1.0,0.46690000000000004,889.3333333333334,0.0,2.0,0.667,2.0,0.0,2.0,54.0,3.0,3.0,2.0,0.0,0.0,0.0,0.667,0.667,0.0,0,0.0,,2.0,0.0,0,0.0,0.0,,1.3333333333333333,0.902
2005,CL,広島東洋カープ,1205117,永川　勝浩,K.Nagakawa,57.0,1.0,1.0,0.0,0.0,0.0,0.0,0.0,0.0,0.0,0.0,0,0.0,0.0,0.0,0,0.0,1.0,0.0,0.0,0.0,0.0,0.0,0.0,0.0,0.0,0.0,0.0,100.0,0.0,nan,0.0,0.0,0.0,0.0,0.0,0.0,0.0,0.0,57.0,1.0,1.0,0.0,0.0,0.0,0.0,0.0,0.0,0.0,0,0.0,,0.0,0.0,0,0.0,0.0,,0.0,-0.098
2005,CL,横浜DeNAベイスターズ,1303882,門倉　健,K.Kadokura,32.0,61.0,55.0,0.0,6.0,1.0,0.0,0.0,7.0,4.0,0.0,0,4.0,0.0,2.0,0,0.0,36.0,2.0,0.109,0.14,0.127,0.267,5.0,0.018000000000000002,0.031000000000000014,0.158,3.278688524590164,59.01639344262295,0.05555555555555555,0.3157894736842105,0.09475000000000001,182.33333333333334,0.05454545454545454,0.17647058823529413,0.109,6.0,0.0,4.0,32.0,61.0,55.0,5.0,1.0,0.0,0.0,0.14,0.127,2.0,0,0.0,,7.0,0.0,0,4.0,0.0,,0.9824561403508771,-0.9220000000000006
2005,CL,阪神タイガース,1303885,片岡　篤史,A.Kataoka,50.0,73.0,57.0,8.0,12.0,1.0,0.0,1.0,16.0,7.0,0.0,0,0.0,1.0,15.0,0,0.0,17.0,0.0,0.211,0.37,0.281,0.651,10.0,0.07000000000000003,0.159,0.44,20.54794520547945,23.28767123287671,0.8823529411764706,0.275,0.23675000000000002,463.6666666666667,0.3333333333333333,0.6888888888888889,0.211,12.0,1.0,7.0,50.0,73.0,57.0,10.0,1.0,0.0,8.0,0.37,0.281,15.0,0,0.0,,16.0,0.0,0,0.0,1.0,,6.0,7.699999999999999
2005,CL,阪神タイガース,1305117,江草　仁貴,H.Egusa,51.0,4.0,4.0,0.0,0.0,0.0,0.0,0.0,0.0,0.0,0.0,0,0.0,0.0,0.0,0,0.0,3.0,1.0,0.0,0.0,0.0,0.0,0.0,0.0,0.0,0.0,0.0,75.0,0.0,0.0,0.0,0.0,0.0,0.0,0.0,0.0,0.0,0.0,51.0,4.0,4.0,0.0,0.0,0.0,0.0,0.0,0.0,0.0,0,0.0,,0.0,0.0,0,0.0,0.0,,0.0,-0.392
2005,CL,東京ヤクルトスワローズ,13315110,R.ガトームソン,R.Guttormson,16.0,30.0,27.0,1.0,4.0,1.0,0.0,1.0,8.0,3.0,0.0,0,2.0,0.0,0.0,0,1.0,13.0,1.0,0.148,0.179,0.296,0.475,2.0,0.148,0.031,0.3269999999999999,0.0,43.333333333333336,0.0,0.23076923076923078,0.15455,277.6666666666667,0.14814814814814814,0.375,0.148,4.0,1.0,3.0,16.0,30.0,27.0,2.0,1.0,0.0,1.0,0.179,0.296,0.0,0,1.0,,8.0,0.0,0,2.0,0.0,,1.1851851851851851,1.2360000000000002
2005,CL,中日ドラゴンズ,1403862,山本昌,M.Yamamotomasa（yamamoto,22.0,36.0,23.0,0.0,0.0,0.0,0.0,0.0,0.0,0.0,0.0,0,10.0,0.0,3.0,0,0.0,14.0,1.0,0.0,0.115,0.0,0.115,0.0,0.0,0.115,0.115,8.333333333333332,38.88888888888889,0.21428571428571427,0.0,0.051750000000000004,115.0,0.13043478260869565,0.125,0.0,0.0,0.0,0.0,22.0,36.0,23.0,0.0,0.0,0.0,0.0,0.115,0.0,3.0,0,0.0,,0.0,0.0,0,10.0,0.0,,0.0,-1.264
2005,CL,東京ヤクルトスワローズ,1405110,丸山　貴史,T.Maruyama,2.0,2.0,1.0,0.0,0.0,0.0,0.0,0.0,0.0,0.0,0.0,0,1.0,0.0,0.0,0,0.0,1.0,0.0,0.0,0.0,0.0,0.0,0.0,0.0,0.0,0.0,0.0,50.0,0.0,nan,0.0,0.0,0.0,0.0,0.0,0.0,0.0,0.0,2.0,2.0,1.0,0.0,0.0,0.0,0.0,0.0,0.0,0.0,0,0.0,,0.0,0.0,0,1.0,0.0,,0.0,-0.098
2005,CL,阪神タイガース,1405111,吉野　誠,M.Yoshino,12.0,0.0,0.0,0.0,0.0,0.0,0.0,0.0,0.0,0.0,0.0,0,0.0,0.0,0.0,0,0.0,0.0,0.0,,,,0.0,0.0,0.0,0.0,,nan,nan,nan,nan,0.0,0.0,nan,nan,,0.0,0.0,0.0,12.0,0.0,0.0,0.0,0.0,0.0,0.0,,,0.0,0,0.0,,0.0,0.0,0,0.0,0.0,,nan,0.0
2005,CL,読売ジャイアンツ,1503880,斉藤　宜之,T.Saitou,46.0,112.0,108.0,13.0,26.0,4.0,1.0,1.0,35.0,8.0,1.0,1,0.0,1.0,2.0,0,1.0,11.0,4.0,0.241,0.259,0.324,0.583,20.0,0.08300000000000002,0.018000000000000016,0.342,1.7857142857142856,9.821428571428571,0.18181818181818182,0.25773195876288657,0.19755,367.0,0.1111111111111111,0.45348837209302323,0.241,26.0,1.0,8.0,46.0,112.0,108.0,20.0,4.0,1.0,13.0,0.259,0.324,2.0,0,1.0,,35.0,1.0,1,0.0,1.0,,8.909090909090908,8.493999999999998
2005,CL,中日ドラゴンズ,1503888,英智,H.Hidenori（kuramoto,81.0,61.0,52.0,14.0,4.0,0.0,0.0,0.0,4.0,5.0,3,1,3.0,1.0,4.0,0,1.0,12.0,1.0,0.077,0.155,0.077,0.23199999999999998,4.0,0.0,0.078,0.155,6.557377049180328,19.672131147540984,0.3333333333333333,0.0975609756097561,0.08900000000000001,180.66666666666666,0.09615384615384616,0.20408163265306123,0.077,4.0,0.0,5.0,81.0,61.0,52.0,4.0,0.0,0.0,14.0,0.155,0.077,4.0,0,1.0,,4.0,3,1,3.0,1.0,,0.5714285714285714,-0.8740000000000001
2005,CL,読売ジャイアンツ,1505111,佐藤　宏志,H.Satou,20.0,0.0,0.0,0.0,0.0,0.0,0.0,0.0,0.0,0.0,0.0,0,0.0,0.0,0.0,0,0.0,0.0,0.0,,,,0.0,0.0,0.0,0.0,,nan,nan,nan,nan,0.0,0.0,nan,nan,,0.0,0.0,0.0,20.0,0.0,0.0,0.0,0.0,0.0,0.0,,,0.0,0,0.0,,0.0,0.0,0,0.0,0.0,,nan,0.0
2005,CL,東京ヤクルトスワローズ,15313868,鈴木　健,K.Suzuki,81.0,305.0,274.0,25.0,69.0,12.0,0.0,6.0,99.0,32.0,0,1,0.0,3.0,25.0,0,3.0,42.0,12.0,0.252,0.318,0.361,0.679,51.0,0.10899999999999999,0.066,0.427,8.19672131147541,13.77049180327869,0.5952380952380952,0.27510917030567683,0.23335,438.33333333333337,0.20437956204379562,0.5898617511520737,0.252,69.0,6.0,32.0,81.0,305.0,274.0,51.0,12.0,0.0,25.0,0.318,0.361,25.0,0,3.0,,99.0,0,1,0.0,3.0,,31.123745819397993,32.11
2005,CL,読売ジャイアンツ,1605110,G.キャプラー,G.Kapler,38.0,120.0,111.0,11.0,17.0,1.0,1.0,3.0,29.0,6.0,0.0,0,0.0,0.0,9.0,0,0.0,19.0,4.0,0.153,0.217,0.261,0.478,12.0,0.10800000000000001,0.064,0.325,7.5,15.833333333333332,0.47368421052631576,0.15730337078651685,0.1629,304.0,0.1891891891891892,0.3877551020408163,0.153,17.0,3.0,6.0,38.0,120.0,111.0,12.0,1.0,1.0,11.0,0.217,0.261,9.0,0,0.0,,29.0,0.0,0,0.0,0.0,,6.283333333333333,5.838000000000001
2005,CL,読売ジャイアンツ,1903888,二岡　智宏,T.Nioka,139.0,593.0,539.0,64.0,162.0,25.0,0.0,16.0,235.0,58.0,3,0,5.0,3.0,37.0,0,9.0,79.0,13.0,0.301,0.354,0.436,0.79,121.0,0.135,0.05299999999999999,0.489,6.239460370994941,13.322091062394604,0.46835443037974683,0.32662192393736017,0.2683,499.3333333333333,0.20408163265306123,0.7205128205128205,0.301,162.0,16.0,58.0,139.0,593.0,539.0,121.0,25.0,0.0,64.0,0.354,0.436,37.0,0,9.0,,235.0,3,0,5.0,3.0,,81.18923611111111,79.774
2005,CL,広島東洋カープ,1905110,田中　敬人,H.Tanaka,14.0,0.0,0.0,0.0,0.0,0.0,0.0,0.0,0.0,0.0,0.0,0,0.0,0.0,0.0,0,0.0,0.0,0.0,,,,0.0,0.0,0.0,0.0,,nan,nan,nan,nan,0.0,0.0,nan,nan,,0.0,0.0,0.0,14.0,0.0,0.0,0.0,0.0,0.0,0.0,,,0.0,0,0.0,,0.0,0.0,0,0.0,0.0,,nan,0.0
2005,CL,中日ドラゴンズ,1905119,堂上　剛裕,T.Donoue,1.0,1.0,1.0,0.0,0.0,0.0,0.0,0.0,0.0,0.0,0.0,0,0.0,0.0,0.0,0,0.0,1.0,0.0,0.0,0.0,0.0,0.0,0.0,0.0,0.0,0.0,0.0,100.0,0.0,nan,0.0,0.0,0.0,0.0,0.0,0.0,0.0,0.0,1.0,1.0,1.0,0.0,0.0,0.0,0.0,0.0,0.0,0.0,0,0.0,,0.0,0.0,0,0.0,0.0,,0.0,-0.098
2005,CL,阪神タイガース,21023884,前川　勝彦,K.Maekawa,2.0,0.0,0.0,0.0,0.0,0.0,0.0,0.0,0.0,0.0,0.0,0,0.0,0.0,0.0,0,0.0,0.0,0.0,,,,0.0,0.0,0.0,0.0,,nan,nan,nan,nan,0.0,0.0,nan,nan,,0.0,0.0,0.0,2.0,0.0,0.0,0.0,0.0,0.0,0.0,,,0.0,0,0.0,,0.0,0.0,0,0.0,0.0,,nan,0.0
2005,CL,横浜DeNAベイスターズ,21025110,那須野　巧,T.Nasuno,8.0,3.0,2.0,1.0,0.0,0.0,0.0,0.0,0.0,0.0,0.0,0,0.0,0.0,1.0,0,0.0,2.0,0.0,0.0,0.333,0.0,0.333,0.0,0.0,0.333,0.333,33.33333333333333,66.66666666666666,0.5,nan,0.14985,333.0,0.5,0.5,0.0,0.0,0.0,0.0,8.0,3.0,2.0,0.0,0.0,0.0,1.0,0.333,0.0,1.0,0,0.0,,0.0,0.0,0,0.0,0.0,,0.0,0.134
2005,CL,中日ドラゴンズ,21123866,立浪　和義,K.Tatsunami,138.0,580.0,501.0,57.0,127.0,25.0,1.0,9.0,181.0,56.0,2,0,0.0,6.0,68.0,0,5.0,76.0,15.0,0.253,0.345,0.361,0.706,92.0,0.10799999999999998,0.09199999999999997,0.4529999999999999,11.724137931034482,13.10344827586207,0.8947368421052632,0.2796208530805687,0.2455,465.3333333333333,0.2435129740518962,0.6529562982005142,0.253,127.0,9.0,56.0,138.0,580.0,501.0,92.0,25.0,1.0,57.0,0.345,0.361,68.0,0,5.0,,181.0,2,0,0.0,6.0,,62.0298769771529,65.438
2005,CL,中日ドラゴンズ,21123880,大西　崇之,T.Oonishi,49.0,73.0,65.0,7.0,16.0,3.0,1.0,0.0,21.0,12.0,0.0,0,3.0,0.0,4.0,0,1.0,14.0,1.0,0.246,0.3,0.323,0.623,12.0,0.07700000000000001,0.05399999999999999,0.377,5.47945205479452,19.17808219178082,0.2857142857142857,0.3137254901960784,0.21575,407.6666666666667,0.13846153846153847,0.52,0.246,16.0,0.0,12.0,49.0,73.0,65.0,12.0,3.0,1.0,7.0,0.3,0.323,4.0,0,1.0,,21.0,0.0,0,3.0,0.0,,6.086956521739131,6.047999999999999
2005,CL,広島東洋カープ,21123888,井生　崇光,T.Iou,4.0,3.0,3.0,0.0,1.0,0.0,0.0,0.0,1.0,0.0,1,0,0.0,0.0,0.0,0,0.0,1.0,0.0,0.333,0.333,0.333,0.666,1.0,0.0,0.0,0.333,0.0,33.33333333333333,0.0,0.5,0.23310000000000003,444.0,0.0,0.5,0.333,1.0,0.0,0.0,4.0,3.0,3.0,1.0,0.0,0.0,0.0,0.333,0.333,0.0,0,0.0,,1.0,1,0,0.0,0.0,,0.3333333333333333,0.304
2005,CL,中日ドラゴンズ,21123889,遠藤　政隆,M.Endou,13.0,1.0,1.0,0.0,0.0,0.0,0.0,0.0,0.0,0.0,0.0,0,0.0,0.0,0.0,0,0.0,1.0,0.0,0.0,0.0,0.0,0.0,0.0,0.0,0.0,0.0,0.0,100.0,0.0,nan,0.0,0.0,0.0,0.0,0.0,0.0,0.0,0.0,13.0,1.0,1.0,0.0,0.0,0.0,0.0,0.0,0.0,0.0,0,0.0,,0.0,0.0,0,0.0,0.0,,0.0,-0.098
2005,CL,読売ジャイアンツ,21125113,阿部　慎之助,S.Abe,130.0,534.0,476.0,56.0,143.0,16.0,0.0,26.0,237.0,86.0,0,2,0.0,6.0,51.0,0,1.0,78.0,15.0,0.3,0.365,0.498,0.863,101.0,0.198,0.065,0.563,9.550561797752808,14.606741573033707,0.6538461538461539,0.30952380952380953,0.28875,531.0,0.3088235294117647,0.8362068965517241,0.3,143.0,26.0,86.0,130.0,534.0,476.0,101.0,16.0,0.0,56.0,0.365,0.498,51.0,0,1.0,,237.0,0,2,0.0,6.0,,87.24478178368122,84.34599999999999
2005,CL,読売ジャイアンツ,21125119,岩舘　学,M.Iwadate,14.0,20.0,18.0,2.0,2.0,0.0,0.0,0.0,2.0,1.0,0.0,0,0.0,0.0,2.0,0,0.0,8.0,1.0,0.111,0.2,0.111,0.311,2.0,0.0,0.08900000000000001,0.2,10.0,40.0,0.25,0.2,0.11775000000000001,237.00000000000003,0.1111111111111111,0.23529411764705882,0.111,2.0,0.0,1.0,14.0,20.0,18.0,2.0,0.0,0.0,2.0,0.2,0.111,2.0,0,0.0,,2.0,0.0,0,0.0,0.0,,0.4,0.09200000000000008
2005,CL,中日ドラゴンズ,21223882,渡邉　博幸,H.Watanabe,104.0,88.0,81.0,7.0,22.0,4.0,0.0,1.0,29.0,10.0,1,0,2.0,0.0,4.0,0,1.0,19.0,1.0,0.272,0.314,0.358,0.6719999999999999,17.0,0.08599999999999997,0.04199999999999998,0.3999999999999999,4.545454545454546,21.59090909090909,0.21052631578947367,0.3442622950819672,0.2308,433.33333333333337,0.13580246913580246,0.5666666666666667,0.272,22.0,1.0,10.0,104.0,88.0,81.0,17.0,4.0,0.0,7.0,0.314,0.358,4.0,0,1.0,,29.0,1,0,2.0,0.0,,8.870588235294118,8.687999999999999
2005,CL,中日ドラゴンズ,21223884,森野　将彦,M.Morino,118.0,388.0,358.0,42.0,96.0,26.0,1.0,9.0,151.0,46.0,2,1,1.0,2.0,25.0,0,2.0,70.0,11.0,0.268,0.318,0.422,0.74,60.0,0.15399999999999997,0.04999999999999999,0.472,6.443298969072164,18.04123711340206,0.35714285714285715,0.3096085409252669,0.2486,458.6666666666667,0.22625698324022347,0.6556776556776557,0.268,96.0,9.0,46.0,118.0,388.0,358.0,60.0,26.0,1.0,42.0,0.318,0.422,25.0,0,2.0,,151.0,2,1,1.0,2.0,,47.70496083550914,46.134
2005,CL,読売ジャイアンツ,21223887,村田　善則,Y.Murata,32.0,107.0,98.0,5.0,24.0,5.0,0.0,0.0,29.0,7.0,0.0,0,1.0,1.0,6.0,0,1.0,19.0,8.0,0.245,0.292,0.296,0.588,19.0,0.05099999999999999,0.046999999999999986,0.3429999999999999,5.607476635514018,17.75700934579439,0.3157894736842105,0.3,0.20539999999999997,390.6666666666667,0.11224489795918367,0.43902439024390244,0.245,24.0,0.0,7.0,32.0,107.0,98.0,19.0,5.0,0.0,5.0,0.292,0.296,6.0,0,1.0,,29.0,0.0,0,1.0,1.0,,8.365384615384615,8.158
2005,CL,広島東洋カープ,21223888,森笠　繁,S.Morikasa,90.0,176.0,170.0,22.0,52.0,14.0,0.0,2.0,72.0,15.0,2,1,2.0,0.0,3.0,0,1.0,23.0,3.0,0.306,0.322,0.424,0.746,36.0,0.118,0.016000000000000014,0.44,1.7045454545454544,13.068181818181818,0.13043478260869565,0.3448275862068966,0.2509,463.33333333333337,0.1411764705882353,0.6363636363636364,0.306,52.0,2.0,15.0,90.0,176.0,170.0,36.0,14.0,0.0,22.0,0.322,0.424,3.0,0,1.0,,72.0,2,1,2.0,0.0,,22.890173410404625,20.895999999999994
2005,CL,横浜DeNAベイスターズ,21225110,藤田　一也,K.Fujita,12.0,9.0,9.0,1.0,1.0,0.0,0.0,0.0,1.0,1.0,0.0,0,0.0,0.0,0.0,0,0.0,4.0,0.0,0.111,0.111,0.111,0.222,1.0,0.0,0.0,0.111,0.0,44.44444444444444,0.0,0.2,0.0777,148.0,0.0,0.125,0.111,1.0,0.0,1.0,12.0,9.0,9.0,1.0,0.0,0.0,1.0,0.111,0.111,0.0,0,0.0,,1.0,0.0,0,0.0,0.0,,0.1111111111111111,-0.28400000000000003
2005,CL,阪神タイガース,21225113,藤本　敦士,A.Fujimoto,119.0,400.0,357.0,36.0,89.0,14.0,2.0,1.0,110.0,36.0,3,1,7.0,2.0,33.0,0,1.0,40.0,7.0,0.249,0.313,0.308,0.621,72.0,0.059,0.064,0.372,8.25,10.0,0.825,0.27672955974842767,0.21785,415.6666666666667,0.15406162464985995,0.5272727272727272,0.249,89.0,1.0,36.0,119.0,400.0,357.0,72.0,14.0,2.0,36.0,0.313,0.308,33.0,0,1.0,,110.0,3,1,7.0,2.0,,34.41025641025641,34.73599999999999
2005,CL,中日ドラゴンズ,21225115,久本　祐一,Y.Hisamoto,18.0,0.0,0.0,0.0,0.0,0.0,0.0,0.0,0.0,0.0,0.0,0,0.0,0.0,0.0,0,0.0,0.0,0.0,,,,0.0,0.0,0.0,0.0,,nan,nan,nan,nan,0.0,0.0,nan,nan,,0.0,0.0,0.0,18.0,0.0,0.0,0.0,0.0,0.0,0.0,,,0.0,0,0.0,,0.0,0.0,0,0.0,0.0,,nan,0.0
2005,CL,中日ドラゴンズ,21323869,川相　昌弘,M.Kawai,69.0,24.0,17.0,1.0,5.0,2.0,0.0,0.0,7.0,6.0,0.0,0,7.0,0.0,0.0,0,0.0,5.0,0.0,0.294,0.294,0.412,0.706,3.0,0.118,0.0,0.412,0.0,20.833333333333336,0.0,0.4166666666666667,0.2353,431.33333333333337,0.11764705882352941,0.5833333333333334,0.294,5.0,0.0,6.0,69.0,24.0,17.0,3.0,2.0,0.0,1.0,0.294,0.412,0.0,0,0.0,,7.0,0.0,0,7.0,0.0,,2.0588235294117645,1.7639999999999998
2005,CL,横浜DeNAベイスターズ,21325113,内川　聖一,S.Uchikawa,90.0,262.0,234.0,33.0,64.0,11.0,0.0,5.0,90.0,23.0,1.0,1,6.0,1.0,19.0,0,2.0,36.0,10.0,0.274,0.332,0.385,0.7170000000000001,48.0,0.11099999999999999,0.057999999999999996,0.443,7.251908396946565,13.740458015267176,0.5277777777777778,0.30412371134020616,0.24565,460.33333333333337,0.19658119658119658,0.6222222222222222,0.274,64.0,5.0,23.0,90.0,262.0,234.0,48.0,11.0,0.0,33.0,0.332,0.385,19.0,0,2.0,,90.0,1.0,1,6.0,1.0,,29.525691699604742,29.570000000000004
2005,CL,読売ジャイアンツ,21423886,山田　真介,S.Yamada,1.0,3.0,3.0,0.0,0.0,0.0,0.0,0.0,0.0,0.0,0.0,0,0.0,0.0,0.0,0,0.0,2.0,1.0,0.0,0.0,0.0,0.0,0.0,0.0,0.0,0.0,0.0,66.66666666666666,0.0,0.0,0.0,0.0,0.0,0.0,0.0,0.0,0.0,0.0,1.0,3.0,3.0,0.0,0.0,0.0,0.0,0.0,0.0,0.0,0,0.0,,0.0,0.0,0,0.0,0.0,,0.0,-0.29400000000000004
2005,CL,読売ジャイアンツ,21425110,三木　均,H.Miki,4.0,0.0,0.0,0.0,0.0,0.0,0.0,0.0,0.0,0.0,0.0,0,0.0,0.0,0.0,0,0.0,0.0,0.0,,,,0.0,0.0,0.0,0.0,,nan,nan,nan,nan,0.0,0.0,nan,nan,,0.0,0.0,0.0,4.0,0.0,0.0,0.0,0.0,0.0,0.0,,,0.0,0,0.0,,0.0,0.0,0,0.0,0.0,,nan,0.0
2005,CL,東京ヤクルトスワローズ,21425111,米野　智人,T.Yoneno,34.0,70.0,62.0,6.0,9.0,0.0,0.0,1.0,12.0,4.0,2,0,5.0,1.0,1.0,0,1.0,18.0,0.0,0.145,0.169,0.194,0.363,8.0,0.049000000000000016,0.02400000000000002,0.218,1.4285714285714286,25.71428571428571,0.05555555555555555,0.18181818181818182,0.12455000000000001,233.66666666666669,0.06451612903225806,0.2641509433962264,0.145,9.0,1.0,4.0,34.0,70.0,62.0,8.0,0.0,0.0,6.0,0.169,0.194,1.0,0,1.0,,12.0,2,0,5.0,1.0,,1.9047619047619047,0.9059999999999997
2005,CL,広島東洋カープ,21425117,松本　高明,T.Matsumoto,28.0,60.0,54.0,10.0,14.0,0.0,0.0,0.0,14.0,1.0,2.0,2,0.0,0.0,5.0,0,1.0,18.0,0.0,0.259,0.333,0.259,0.5920000000000001,14.0,0.0,0.07400000000000001,0.333,8.333333333333332,30.0,0.2777777777777778,0.3888888888888889,0.2146,419.3333333333333,0.12962962962962962,0.55,0.259,14.0,0.0,1.0,28.0,60.0,54.0,14.0,0.0,0.0,10.0,0.333,0.259,5.0,0,1.0,,14.0,2.0,2,0.0,0.0,,4.508474576271187,5.42
2005,CL,広島東洋カープ,21523884,黒田　博樹,H.Kuroda,29.0,67.0,61.0,3.0,4.0,0.0,1.0,0.0,6.0,2.0,1,0,4.0,0.0,2.0,0,0.0,31.0,0.0,0.066,0.095,0.098,0.193,3.0,0.032,0.028999999999999998,0.127,2.9850746268656714,46.26865671641791,0.06451612903225806,0.13333333333333333,0.06725,127.66666666666667,0.06557377049180328,0.14035087719298245,0.066,4.0,0.0,2.0,29.0,67.0,61.0,3.0,0.0,1.0,3.0,0.095,0.098,2.0,0,0.0,,6.0,1,0,4.0,0.0,,0.5714285714285714,-2.386
2005,CL,横浜DeNAベイスターズ,21523887,佐伯　貴弘,T.Saeki,146.0,640.0,578.0,74.0,157.0,28.0,2.0,19.0,246.0,88.0,5,3,0.0,2.0,57.0,0,3.0,119.0,18.0,0.272,0.339,0.426,0.765,108.0,0.15399999999999997,0.067,0.493,8.90625,18.59375,0.4789915966386555,0.31221719457013575,0.25905,481.0,0.2577854671280277,0.7038724373576309,0.272,157.0,19.0,88.0,146.0,640.0,578.0,108.0,28.0,2.0,74.0,0.339,0.426,57.0,0,3.0,,246.0,5,3,0.0,2.0,,82.90393700787402,82.68199999999999
2005,CL,横浜DeNAベイスターズ,21523888,小池　正晃,M.Koike,129.0,492.0,404.0,66.0,98.0,16.0,0.0,20.0,174.0,53.0,0,1,37.0,5.0,42.0,0,4.0,95.0,9.0,0.243,0.316,0.431,0.747,62.0,0.188,0.07300000000000001,0.504,8.536585365853659,19.308943089430894,0.4421052631578947,0.2653061224489796,0.24995,459.6666666666667,0.29455445544554454,0.7015873015873015,0.243,98.0,20.0,53.0,129.0,492.0,404.0,62.0,16.0,0.0,66.0,0.316,0.431,42.0,0,4.0,,174.0,0,1,37.0,5.0,,54.61883408071749,56.69200000000001
2005,CL,横浜DeNAベイスターズ,21625110,M.クルーン,M.Kroon,55.0,0.0,0.0,0.0,0.0,0.0,0.0,0.0,0.0,0.0,0.0,0,0.0,0.0,0.0,0,0.0,0.0,0.0,,,,0.0,0.0,0.0,0.0,,nan,nan,nan,nan,0.0,0.0,nan,nan,,0.0,0.0,0.0,55.0,0.0,0.0,0.0,0.0,0.0,0.0,,,0.0,0,0.0,,0.0,0.0,0,0.0,0.0,,nan,0.0
2005,CL,東京ヤクルトスワローズ,21625117,吉川　昌宏,M.Yoshikawa,61.0,0.0,0.0,0.0,0.0,0.0,0.0,0.0,0.0,0.0,0.0,0,0.0,0.0,0.0,0,0.0,0.0,0.0,,,,0.0,0.0,0.0,0.0,,nan,nan,nan,nan,0.0,0.0,nan,nan,,0.0,0.0,0.0,61.0,0.0,0.0,0.0,0.0,0.0,0.0,,,0.0,0,0.0,,0.0,0.0,0,0.0,0.0,,nan,0.0
2005,CL,中日ドラゴンズ,21625119,チェン・ウェイン,U.（chiぇn,10.0,3.0,3.0,0.0,1.0,0.0,0.0,0.0,1.0,0.0,0.0,0,0.0,0.0,0.0,0,0.0,0.0,1.0,0.333,0.333,0.333,0.666,1.0,0.0,0.0,0.333,0.0,0.0,nan,0.3333333333333333,0.23310000000000003,444.0,0.0,0.3333333333333333,0.333,1.0,0.0,0.0,10.0,3.0,3.0,1.0,0.0,0.0,0.0,0.333,0.333,0.0,0,0.0,,1.0,0.0,0,0.0,0.0,,0.3333333333333333,0.304
2005,CL,広島東洋カープ,21723881,佐々岡　真司,S.Sasaoka,30.0,7.0,7.0,0.0,1.0,0.0,0.0,0.0,1.0,1.0,0.0,0,0.0,0.0,0.0,0,0.0,3.0,0.0,0.143,0.143,0.143,0.286,1.0,0.0,0.0,0.143,0.0,42.857142857142854,0.0,0.25,0.1001,190.66666666666666,0.0,0.16666666666666666,0.143,1.0,0.0,1.0,30.0,7.0,7.0,1.0,0.0,0.0,0.0,0.143,0.143,0.0,0,0.0,,1.0,0.0,0,0.0,0.0,,0.14285714285714285,-0.08800000000000008
2005,CL,横浜DeNAベイスターズ,21723882,鶴岡　一成,K.Tsuruoka,24.0,30.0,28.0,3.0,8.0,2.0,0.0,1.0,13.0,2.0,0.0,0,0.0,0.0,1.0,0,1.0,4.0,3.0,0.286,0.333,0.464,0.797,5.0,0.17800000000000005,0.04700000000000004,0.5110000000000001,3.3333333333333335,13.333333333333334,0.25,0.30434782608695654,0.26585000000000003,487.6666666666667,0.21428571428571427,0.6521739130434783,0.286,8.0,1.0,2.0,24.0,30.0,28.0,5.0,2.0,0.0,3.0,0.333,0.464,1.0,0,1.0,,13.0,0.0,0,0.0,0.0,,4.0344827586206895,4.08
2005,CL,中日ドラゴンズ,21725110,澤井　道久,M.Sawai,46.0,22.0,18.0,19.0,1.0,0.0,1.0,0.0,3.0,0.0,4,1,0.0,0.0,4.0,0,0.0,3.0,0.0,0.056,0.227,0.167,0.394,0.0,0.11100000000000002,0.171,0.338,18.181818181818183,13.636363636363635,1.3333333333333333,0.06666666666666667,0.1439,282.6666666666667,0.3888888888888889,0.47058823529411764,0.056,1.0,0.0,0.0,46.0,22.0,18.0,0.0,0.0,1.0,19.0,0.227,0.167,4.0,0,0.0,,3.0,4,1,0.0,0.0,,0.6818181818181818,0.8740000000000003
2005,CL,読売ジャイアンツ,21725111,髙橋　尚成,H.Takahashi,28.0,48.0,41.0,2.0,10.0,0.0,0.0,0.0,10.0,3.0,0.0,0,5.0,0.0,2.0,0,0.0,16.0,0.0,0.244,0.279,0.244,0.523,10.0,0.0,0.03500000000000003,0.279,4.166666666666666,33.33333333333333,0.125,0.4,0.18655000000000002,360.3333333333333,0.04878048780487805,0.3870967741935484,0.244,10.0,0.0,3.0,28.0,48.0,41.0,10.0,0.0,0.0,2.0,0.279,0.244,2.0,0,0.0,,10.0,0.0,0,5.0,0.0,,2.7906976744186047,2.622
2005,CL,読売ジャイアンツ,21725117,久保　裕也,Y.Kubo,64.0,4.0,3.0,0.0,0.0,0.0,0.0,0.0,0.0,0.0,0.0,0,1.0,0.0,0.0,0,0.0,2.0,0.0,0.0,0.0,0.0,0.0,0.0,0.0,0.0,0.0,0.0,50.0,0.0,0.0,0.0,0.0,0.0,0.0,0.0,0.0,0.0,0.0,64.0,4.0,3.0,0.0,0.0,0.0,0.0,0.0,0.0,0.0,0,0.0,,0.0,0.0,0,1.0,0.0,,0.0,-0.29400000000000004
2005,CL,読売ジャイアンツ,21823868,後藤　孝志,K.Gotou,1.0,1.0,1.0,0.0,0.0,0.0,0.0,0.0,0.0,0.0,0.0,0,0.0,0.0,0.0,0,0.0,0.0,0.0,0.0,0.0,0.0,0.0,0.0,0.0,0.0,0.0,0.0,0.0,nan,0.0,0.0,0.0,0.0,0.0,0.0,0.0,0.0,0.0,1.0,1.0,1.0,0.0,0.0,0.0,0.0,0.0,0.0,0.0,0,0.0,,0.0,0.0,0,0.0,0.0,,0.0,-0.098
2005,CL,東京ヤクルトスワローズ,21823888,松元　ユウイチ,Y.Matsumoto,75.0,151.0,137.0,10.0,33.0,6.0,0.0,2.0,45.0,13.0,0.0,0,2.0,1.0,8.0,0,3.0,23.0,2.0,0.241,0.295,0.328,0.623,25.0,0.08700000000000002,0.05399999999999999,0.382,5.298013245033113,15.2317880794702,0.34782608695652173,0.2743362831858407,0.21475,404.3333333333333,0.145985401459854,0.5283018867924528,0.241,33.0,2.0,13.0,75.0,151.0,137.0,25.0,6.0,0.0,10.0,0.295,0.328,8.0,0,3.0,,45.0,0.0,0,2.0,1.0,,12.724137931034482,13.137999999999998
2005,CL,阪神タイガース,21825117,A.シーツ,A.Sheets,137.0,614.0,560.0,98.0,162.0,38.0,1.0,19.0,259.0,85.0,1,2,1.0,4.0,46.0,0,3.0,145.0,15.0,0.289,0.344,0.463,0.8069999999999999,104.0,0.17400000000000004,0.05499999999999999,0.518,7.491856677524431,23.615635179153095,0.31724137931034485,0.3575,0.27055,498.3333333333333,0.25892857142857145,0.7506053268765133,0.289,162.0,19.0,85.0,137.0,614.0,560.0,104.0,38.0,1.0,98.0,0.344,0.463,46.0,0,3.0,,259.0,1,2,1.0,4.0,,88.8976897689769,85.286
2005,CL,広島東洋カープ,21923880,福井　敬治,K.Fukui,73.0,92.0,87.0,11.0,25.0,6.0,0.0,1.0,34.0,5.0,0,1,1.0,0.0,3.0,0,1.0,15.0,3.0,0.287,0.319,0.391,0.71,18.0,0.10400000000000004,0.03200000000000003,0.423,3.260869565217391,16.304347826086957,0.2,0.3380281690140845,0.24130000000000001,449.33333333333337,0.14942528735632185,0.6,0.287,25.0,1.0,5.0,73.0,92.0,87.0,18.0,6.0,0.0,11.0,0.319,0.391,3.0,0,1.0,,34.0,0,1,1.0,0.0,,10.577777777777778,10.183999999999997
2005,CL,読売ジャイアンツ,21923882,原　俊介,S.Hara,9.0,17.0,16.0,1.0,2.0,0.0,0.0,0.0,2.0,1.0,0.0,0,0.0,0.0,1.0,0,0.0,5.0,1.0,0.125,0.176,0.125,0.301,2.0,0.0,0.05099999999999999,0.176,5.88235294117647,29.411764705882355,0.2,0.18181818181818182,0.11044999999999999,217.66666666666666,0.0625,0.2,0.125,2.0,0.0,1.0,9.0,17.0,16.0,2.0,0.0,0.0,1.0,0.176,0.125,1.0,0,0.0,,2.0,0.0,0,0.0,0.0,,0.35294117647058826,-0.04200000000000004
2005,CL,広島東洋カープ,21923888,東出　輝裕,A.Higashide,39.0,75.0,67.0,8.0,14.0,2.0,0.0,1.0,19.0,3.0,2,3,3.0,0.0,5.0,0,0.0,16.0,2.0,0.209,0.264,0.284,0.548,11.0,0.07499999999999998,0.05500000000000002,0.3389999999999999,6.666666666666667,21.333333333333336,0.3125,0.26,0.1898,358.6666666666667,0.19402985074626866,0.4909090909090909,0.209,14.0,1.0,3.0,39.0,75.0,67.0,11.0,2.0,0.0,8.0,0.264,0.284,5.0,0,0.0,,19.0,2,3,3.0,0.0,,5.013888888888889,5.376
2005,CL,東京ヤクルトスワローズ,21925110,田中　浩康,H.Tanaka,6.0,4.0,4.0,0.0,2.0,1.0,0.0,0.0,3.0,0.0,1,0,0.0,0.0,0.0,0,0.0,1.0,0.0,0.5,0.5,0.75,1.25,1.0,0.25,0.0,0.75,0.0,25.0,0.0,0.6666666666666666,0.4125,750.0,0.25,1.5,0.5,2.0,0.0,0.0,6.0,4.0,4.0,1.0,1.0,0.0,0.0,0.5,0.75,0.0,0,0.0,,3.0,1,0,0.0,0.0,,1.5,1.024
2005,CL,東京ヤクルトスワローズ,21925115,田中　充,T.Tanaka,3.0,0.0,0.0,0.0,0.0,0.0,0.0,0.0,0.0,0.0,0.0,0,0.0,0.0,0.0,0,0.0,0.0,0.0,,,,0.0,0.0,0.0,0.0,,nan,nan,nan,nan,0.0,0.0,nan,nan,,0.0,0.0,0.0,3.0,0.0,0.0,0.0,0.0,0.0,0.0,,,0.0,0,0.0,,0.0,0.0,0,0.0,0.0,,nan,0.0
2005,CL,阪神タイガース,21925119,鳥谷　敬,T.Toritani,146.0,646.0,572.0,82.0,159.0,27.0,1.0,9.0,215.0,52.0,5.0,5,10.0,4.0,53.0,0,6.0,115.0,11.0,0.278,0.343,0.376,0.7190000000000001,122.0,0.09799999999999998,0.065,0.441,8.204334365325078,17.80185758513932,0.4608695652173913,0.33185840707964603,0.24835000000000002,468.33333333333337,0.1993006993006993,0.6580188679245284,0.278,159.0,9.0,52.0,146.0,646.0,572.0,122.0,27.0,1.0,82.0,0.343,0.376,53.0,0,6.0,,215.0,5.0,5,10.0,4.0,,72.928,74.336
2005,CL,横浜DeNAベイスターズ,31033889,万永　貴司,T.Manei,58.0,61.0,54.0,9.0,15.0,4.0,0.0,0.0,19.0,3.0,0.0,0,4.0,0.0,1.0,0,2.0,12.0,1.0,0.278,0.316,0.352,0.6679999999999999,11.0,0.07399999999999995,0.03799999999999998,0.3899999999999999,1.639344262295082,19.672131147540984,0.08333333333333333,0.35714285714285715,0.2302,433.33333333333337,0.09259259259259259,0.55,0.278,15.0,0.0,3.0,58.0,61.0,54.0,11.0,4.0,0.0,9.0,0.316,0.352,1.0,0,2.0,,19.0,0.0,0,4.0,0.0,,5.527272727272727,5.547999999999999
2005,CL,東京ヤクルトスワローズ,31035111,花田　真人,M.Hanada,41.0,1.0,1.0,0.0,0.0,0.0,0.0,0.0,0.0,0.0,0.0,0,0.0,0.0,0.0,0,0.0,1.0,0.0,0.0,0.0,0.0,0.0,0.0,0.0,0.0,0.0,0.0,100.0,0.0,nan,0.0,0.0,0.0,0.0,0.0,0.0,0.0,0.0,41.0,1.0,1.0,0.0,0.0,0.0,0.0,0.0,0.0,0.0,0,0.0,,0.0,0.0,0,0.0,0.0,,0.0,-0.098
2005,CL,中日ドラゴンズ,31035113,鉄平,T.Teppei（tsuchiya,2.0,0.0,0.0,0.0,0.0,0.0,0.0,0.0,0.0,0.0,0.0,0,0.0,0.0,0.0,0,0.0,0.0,0.0,,,,0.0,0.0,0.0,0.0,,nan,nan,nan,nan,0.0,0.0,nan,nan,,0.0,0.0,0.0,2.0,0.0,0.0,0.0,0.0,0.0,0.0,,,0.0,0,0.0,,0.0,0.0,0,0.0,0.0,,nan,0.0
2005,CL,読売ジャイアンツ,31035119,西村　健太朗,K.Nishimura,12.0,10.0,9.0,0.0,1.0,1.0,0.0,0.0,2.0,1.0,0.0,0,1.0,0.0,0.0,0,0.0,4.0,1.0,0.111,0.111,0.222,0.333,0.0,0.111,0.0,0.222,0.0,40.0,0.0,0.2,0.10545,185.0,0.1111111111111111,0.2222222222222222,0.111,1.0,0.0,1.0,12.0,10.0,9.0,0.0,1.0,0.0,0.0,0.111,0.222,0.0,0,0.0,,2.0,0.0,0,1.0,0.0,,0.2222222222222222,-0.06400000000000006
2005,CL,横浜DeNAベイスターズ,3105110,M.ホルツ,M.Holtz,44.0,0.0,0.0,0.0,0.0,0.0,0.0,0.0,0.0,0.0,0.0,0,0.0,0.0,0.0,0,0.0,0.0,0.0,,,,0.0,0.0,0.0,0.0,,nan,nan,nan,nan,0.0,0.0,nan,nan,,0.0,0.0,0.0,44.0,0.0,0.0,0.0,0.0,0.0,0.0,,,0.0,0,0.0,,0.0,0.0,0,0.0,0.0,,nan,0.0
2005,CL,東京ヤクルトスワローズ,31135119,青木　宣親,N.Aoki,144.0,649.0,588.0,100.0,202.0,26.0,4.0,3.0,245.0,28.0,29,7,18.0,1.0,37.0,0,5.0,113.0,5.0,0.344,0.387,0.417,0.804,169.0,0.07300000000000001,0.04300000000000004,0.46,5.701078582434515,17.41140215716487,0.3274336283185841,0.42071881606765327,0.2784,526.0,0.14795918367346939,0.7519181585677749,0.344,202.0,3.0,28.0,144.0,649.0,588.0,169.0,26.0,4.0,100.0,0.387,0.417,37.0,0,5.0,,245.0,29,7,18.0,1.0,,93.688,88.99199999999999
2005,CL,東京ヤクルトスワローズ,31233882,宮出　隆自,R.Miyade,99.0,304.0,275.0,39.0,88.0,14.0,1.0,8.0,128.0,46.0,5,2,2.0,1.0,22.0,0,4.0,54.0,4.0,0.32,0.377,0.465,0.8420000000000001,65.0,0.14500000000000002,0.056999999999999995,0.522,7.236842105263158,17.763157894736842,0.4074074074074074,0.37383177570093457,0.2859,532.0,0.23272727272727273,0.8167539267015707,0.32,88.0,8.0,46.0,99.0,304.0,275.0,65.0,14.0,1.0,39.0,0.377,0.465,22.0,0,4.0,,128.0,5,2,2.0,1.0,,47.407407407407405,45.754
2005,CL,広島東洋カープ,31233883,木村　拓也,T.Kimura,111.0,354.0,313.0,32.0,77.0,9.0,0.0,2.0,92.0,16.0,3,5,13.0,0.0,26.0,0,2.0,41.0,9.0,0.246,0.308,0.294,0.602,66.0,0.04799999999999999,0.062,0.356,7.344632768361582,11.581920903954803,0.6341463414634146,0.2777777777777778,0.2121,406.0,0.14696485623003194,0.5102040816326531,0.246,77.0,2.0,16.0,111.0,354.0,313.0,66.0,9.0,0.0,32.0,0.308,0.294,26.0,0,2.0,,92.0,3,5,13.0,0.0,,27.952802359882007,29.372
2005,CL,阪神タイガース,31233887,牧野　塁,R.Makino,2.0,0.0,0.0,0.0,0.0,0.0,0.0,0.0,0.0,0.0,0.0,0,0.0,0.0,0.0,0,0.0,0.0,0.0,,,,0.0,0.0,0.0,0.0,,nan,nan,nan,nan,0.0,0.0,nan,nan,,0.0,0.0,0.0,2.0,0.0,0.0,0.0,0.0,0.0,0.0,,,0.0,0,0.0,,0.0,0.0,0,0.0,0.0,,nan,0.0
2005,CL,広島東洋カープ,31235111,松本　奉文,T.Matsumoto,30.0,46.0,33.0,7.0,10.0,4.0,0.0,1.0,17.0,6.0,0.0,0,2.0,0.0,5.0,0,6.0,12.0,1.0,0.303,0.477,0.515,0.992,5.0,0.21200000000000002,0.174,0.6890000000000001,10.869565217391305,26.08695652173913,0.4166666666666667,0.45,0.34340000000000004,648.6666666666666,0.36363636363636365,1.1666666666666667,0.303,10.0,1.0,6.0,30.0,46.0,33.0,5.0,4.0,0.0,7.0,0.477,0.515,5.0,0,6.0,,17.0,0.0,0,2.0,0.0,,6.7105263157894735,8.196000000000002
2005,CL,東京ヤクルトスワローズ,31235113,畠山　和洋,K.Hatakeyama,11.0,13.0,11.0,1.0,2.0,0.0,0.0,1.0,5.0,2.0,0.0,0,0.0,0.0,2.0,0,0.0,5.0,0.0,0.182,0.308,0.455,0.763,1.0,0.273,0.126,0.581,15.384615384615385,38.46153846153847,0.4,0.2,0.25235,459.6666666666667,0.45454545454545453,0.7777777777777778,0.182,2.0,1.0,2.0,11.0,13.0,11.0,1.0,0.0,0.0,1.0,0.308,0.455,2.0,0,0.0,,5.0,0.0,0,0.0,0.0,,1.5384615384615385,1.718
2005,CL,広島東洋カープ,31335119,尾形　佳紀,Y.Ogata,47.0,216.0,198.0,28.0,60.0,9.0,1.0,6.0,89.0,21.0,9,3,1.0,0.0,15.0,0,2.0,44.0,3.0,0.303,0.358,0.449,0.8069999999999999,44.0,0.14600000000000002,0.05499999999999999,0.504,6.944444444444445,20.37037037037037,0.3409090909090909,0.36486486486486486,0.27335,507.6666666666667,0.23737373737373738,0.7730496453900709,0.303,60.0,6.0,21.0,47.0,216.0,198.0,44.0,9.0,1.0,28.0,0.358,0.449,15.0,0,2.0,,89.0,9,3,1.0,0.0,,31.338028169014084,30.785999999999994
2005,CL,阪神タイガース,31433885,桧山　進次郎,S.Hiyama,119.0,342.0,302.0,29.0,84.0,19.0,0.0,8.0,127.0,40.0,1.0,1,1.0,3.0,29.0,0,7.0,66.0,4.0,0.278,0.352,0.421,0.7729999999999999,57.0,0.14299999999999996,0.07399999999999995,0.4949999999999999,8.47953216374269,19.298245614035086,0.4393939393939394,0.329004329004329,0.26365,492.3333333333333,0.24172185430463577,0.7387387387387387,0.278,84.0,8.0,40.0,119.0,342.0,302.0,57.0,19.0,0.0,29.0,0.352,0.421,29.0,0,7.0,,127.0,1.0,1,1.0,3.0,,43.35649546827795,44.396
2005,CL,東京ヤクルトスワローズ,31433887,山本　樹,T.Yamamoto,9.0,0.0,0.0,0.0,0.0,0.0,0.0,0.0,0.0,0.0,0.0,0,0.0,0.0,0.0,0,0.0,0.0,0.0,,,,0.0,0.0,0.0,0.0,,nan,nan,nan,nan,0.0,0.0,nan,nan,,0.0,0.0,0.0,9.0,0.0,0.0,0.0,0.0,0.0,0.0,,,0.0,0,0.0,,0.0,0.0,0,0.0,0.0,,nan,0.0
2005,CL,広島東洋カープ,31533886,倉　義和,Y.Kura,109.0,306.0,267.0,18.0,56.0,8.0,1.0,4.0,78.0,22.0,1,0,15.0,3.0,16.0,0,5.0,42.0,7.0,0.21,0.265,0.292,0.5569999999999999,43.0,0.08199999999999999,0.05500000000000002,0.347,5.228758169934641,13.725490196078432,0.38095238095238093,0.23214285714285715,0.19225,362.3333333333333,0.14232209737827714,0.4541284403669725,0.21,56.0,4.0,22.0,109.0,306.0,267.0,43.0,8.0,1.0,18.0,0.265,0.292,16.0,0,5.0,,78.0,1,0,15.0,3.0,,19.84452296819788,20.311999999999994
2005,CL,読売ジャイアンツ,31533887,黒田　哲史,S.Kuroda,42.0,45.0,43.0,10.0,9.0,1.0,0.0,0.0,10.0,7.0,2,0,1.0,0.0,1.0,0,0.0,11.0,1.0,0.209,0.227,0.233,0.46,8.0,0.02400000000000002,0.018000000000000016,0.251,2.2222222222222223,24.444444444444443,0.09090909090909091,0.28125,0.16040000000000001,304.6666666666667,0.046511627906976744,0.3142857142857143,0.209,9.0,0.0,7.0,42.0,45.0,43.0,8.0,1.0,0.0,10.0,0.227,0.233,1.0,0,0.0,,10.0,2,0,1.0,0.0,,2.272727272727273,1.7179999999999995
2005,CL,読売ジャイアンツ,31533889,小久保　裕紀,H.Kokubo,142.0,592.0,524.0,77.0,147.0,25.0,0.0,34.0,274.0,87.0,1.0,1,0.0,1.0,62.0,0,5.0,114.0,11.0,0.281,0.361,0.523,0.884,88.0,0.242,0.07999999999999996,0.603,10.472972972972974,19.256756756756758,0.543859649122807,0.29973474801061006,0.2932,535.3333333333334,0.36259541984732824,0.8814432989690721,0.281,147.0,34.0,87.0,142.0,592.0,524.0,88.0,25.0,0.0,77.0,0.361,0.523,62.0,0,5.0,,274.0,1.0,1,0.0,1.0,,97.7235494880546,96.304
2005,CL,広島東洋カープ,31535111,栗原　健太,K.Kurihara,77.0,274.0,254.0,31.0,82.0,16.0,0.0,15.0,143.0,43.0,0,1,1.0,1.0,17.0,0,1.0,63.0,12.0,0.323,0.366,0.563,0.9289999999999999,51.0,0.23999999999999994,0.04299999999999998,0.6059999999999999,6.204379562043796,22.99270072992701,0.2698412698412698,0.3785310734463277,0.30545,553.6666666666666,0.3110236220472441,0.8804347826086957,0.323,82.0,15.0,43.0,77.0,274.0,254.0,51.0,16.0,0.0,31.0,0.366,0.563,17.0,0,1.0,,143.0,0,1,1.0,1.0,,52.239852398523986,47.88399999999999
2005,CL,阪神タイガース,31535113,沖原　佳典,Y.Okihara,3.0,3.0,2.0,0.0,0.0,0.0,0.0,0.0,0.0,0.0,3,3,0.0,0.0,1.0,0,0.0,0.0,0.0,0.0,0.333,0.0,0.333,0.0,0.0,0.333,0.333,33.33333333333333,0.0,nan,0.0,0.14985,333.0,0.5,0.5,0.0,0.0,0.0,0.0,3.0,3.0,2.0,0.0,0.0,0.0,0.0,0.333,0.0,1.0,0,0.0,,0.0,3,3,0.0,0.0,,0.0,0.134
2005,CL,広島東洋カープ,31633881,前田　智徳,T.Maeda,146.0,590.0,540.0,77.0,172.0,25.0,1.0,32.0,295.0,87.0,1,2,0.0,0.0,44.0,0,6.0,43.0,9.0,0.319,0.376,0.546,0.922,114.0,0.22700000000000004,0.056999999999999995,0.603,7.457627118644068,7.288135593220339,1.0232558139534884,0.3010752688172043,0.3057,558.0,0.31296296296296294,0.9204244031830239,0.319,172.0,32.0,87.0,146.0,590.0,540.0,114.0,25.0,1.0,77.0,0.376,0.546,44.0,0,6.0,,295.0,1,2,0.0,0.0,,109.10958904109589,102.91600000000003
2005,CL,横浜DeNAベイスターズ,31635113,吉見　祐治,Y.Yoshimi,12.0,17.0,11.0,1.0,2.0,0.0,0.0,0.0,2.0,1.0,0.0,0,6.0,0.0,0.0,0,0.0,4.0,0.0,0.182,0.182,0.182,0.364,2.0,0.0,0.0,0.182,0.0,23.52941176470588,0.0,0.2857142857142857,0.1274,242.66666666666666,0.0,0.2222222222222222,0.182,2.0,0.0,1.0,12.0,17.0,11.0,2.0,0.0,0.0,1.0,0.182,0.182,0.0,0,0.0,,2.0,0.0,0,6.0,0.0,,0.36363636363636365,0.118
2005,CL,中日ドラゴンズ,31635115,山井　大介,D.Yamai,27.0,28.0,24.0,0.0,2.0,1.0,0.0,0.0,3.0,2.0,0.0,0,4.0,0.0,0.0,0,0.0,11.0,0.0,0.083,0.083,0.125,0.20800000000000002,1.0,0.041999999999999996,0.0,0.125,0.0,39.285714285714285,0.0,0.15384615384615385,0.0686,124.66666666666667,0.041666666666666664,0.13636363636363635,0.083,2.0,0.0,2.0,27.0,28.0,24.0,1.0,1.0,0.0,0.0,0.083,0.125,0.0,0,0.0,,3.0,0.0,0,4.0,0.0,,0.25,-0.9360000000000002
2005,CL,読売ジャイアンツ,31635119,S.マレン,S.Mullen,22.0,26.0,22.0,0.0,2.0,0.0,0.0,0.0,2.0,0.0,0.0,0,3.0,0.0,0.0,0,1.0,12.0,0.0,0.091,0.13,0.091,0.221,2.0,0.0,0.03900000000000001,0.13,0.0,46.15384615384615,0.0,0.2,0.08125,160.33333333333331,0.0,0.15,0.091,2.0,0.0,0.0,22.0,26.0,22.0,2.0,0.0,0.0,0.0,0.13,0.091,0.0,0,1.0,,2.0,0.0,0,3.0,0.0,,0.18181818181818182,-0.6299999999999999
2005,CL,中日ドラゴンズ,31735110,小山　良男,Y.Koyama,5.0,10.0,10.0,0.0,2.0,1.0,0.0,0.0,3.0,1.0,0.0,0,0.0,0.0,0.0,0,0.0,3.0,0.0,0.2,0.2,0.3,0.5,1.0,0.09999999999999998,0.0,0.3,0.0,30.0,0.0,0.2857142857142857,0.165,300.0,0.1,0.375,0.2,2.0,0.0,1.0,5.0,10.0,10.0,1.0,1.0,0.0,0.0,0.2,0.3,0.0,0,0.0,,3.0,0.0,0,0.0,0.0,,0.6,0.43599999999999994
2005,CL,読売ジャイアンツ,31835110,D.ミセリ,D.Miceli,4.0,0.0,0.0,0.0,0.0,0.0,0.0,0.0,0.0,0.0,0.0,0,0.0,0.0,0.0,0,0.0,0.0,0.0,,,,0.0,0.0,0.0,0.0,,nan,nan,nan,nan,0.0,0.0,nan,nan,,0.0,0.0,0.0,4.0,0.0,0.0,0.0,0.0,0.0,0.0,,,0.0,0,0.0,,0.0,0.0,0,0.0,0.0,,nan,0.0
2005,CL,阪神タイガース,31835117,J.ウィリアムス,J.Williams,75.0,2.0,2.0,0.0,0.0,0.0,0.0,0.0,0.0,0.0,0.0,0,0.0,0.0,0.0,0,0.0,1.0,0.0,0.0,0.0,0.0,0.0,0.0,0.0,0.0,0.0,0.0,50.0,0.0,0.0,0.0,0.0,0.0,0.0,0.0,0.0,0.0,0.0,75.0,2.0,2.0,0.0,0.0,0.0,0.0,0.0,0.0,0.0,0,0.0,,0.0,0.0,0,0.0,0.0,,0.0,-0.196
2005,CL,横浜DeNAベイスターズ,31835119,C.バワーズ,C.Bowers,18.0,37.0,31.0,1.0,3.0,0.0,0.0,0.0,3.0,1.0,0.0,0,5.0,0.0,1.0,0,0.0,17.0,0.0,0.097,0.125,0.097,0.222,3.0,0.0,0.027999999999999997,0.125,2.7027027027027026,45.94594594594595,0.058823529411764705,0.21428571428571427,0.0805,157.33333333333331,0.03225806451612903,0.14285714285714285,0.097,3.0,0.0,1.0,18.0,37.0,31.0,3.0,0.0,0.0,1.0,0.125,0.097,1.0,0,0.0,,3.0,0.0,0,5.0,0.0,,0.375,-0.9140000000000001
2005,CL,読売ジャイアンツ,31933882,仁志　敏久,T.Nishi,128.0,522.0,484.0,50.0,130.0,13.0,0.0,11.0,176.0,45.0,5,7,7.0,3.0,27.0,0,1.0,70.0,11.0,0.269,0.307,0.364,0.671,106.0,0.09499999999999997,0.03799999999999998,0.4019999999999999,5.172413793103448,13.409961685823754,0.38571428571428573,0.29310344827586204,0.22915,428.33333333333337,0.1652892561983471,0.5780821917808219,0.269,130.0,11.0,45.0,128.0,522.0,484.0,106.0,13.0,0.0,50.0,0.307,0.364,27.0,0,1.0,,176.0,5,7,7.0,3.0,,54.07436399217221,54.008
2005,CL,中日ドラゴンズ,31933886,高橋　光信,M.Takahashi,72.0,80.0,69.0,3.0,17.0,4.0,0.0,3.0,30.0,14.0,0.0,0,0.0,1.0,7.0,0,2.0,14.0,2.0,0.246,0.329,0.435,0.764,10.0,0.189,0.08300000000000002,0.518,8.75,17.5,0.5,0.2641509433962264,0.25680000000000003,474.0,0.2898550724637681,0.7222222222222222,0.246,17.0,3.0,14.0,72.0,80.0,69.0,10.0,4.0,0.0,3.0,0.329,0.435,7.0,0,2.0,,30.0,0.0,0,0.0,1.0,,9.473684210526315,10.074
2005,CL,中日ドラゴンズ,31935117,小林　正人,M.Kobayashi,4.0,0.0,0.0,0.0,0.0,0.0,0.0,0.0,0.0,0.0,0.0,0,0.0,0.0,0.0,0,0.0,0.0,0.0,,,,0.0,0.0,0.0,0.0,,nan,nan,nan,nan,0.0,0.0,nan,nan,,0.0,0.0,0.0,4.0,0.0,0.0,0.0,0.0,0.0,0.0,,,0.0,0,0.0,,0.0,0.0,0,0.0,0.0,,nan,0.0
2005,CL,読売ジャイアンツ,33233868,西山　秀二,S.Nishiyama,13.0,19.0,18.0,2.0,2.0,0.0,0.0,0.0,2.0,0.0,0.0,0,0.0,0.0,1.0,0,0.0,6.0,1.0,0.111,0.158,0.111,0.269,2.0,0.0,0.047,0.158,5.263157894736842,31.57894736842105,0.16666666666666666,0.16666666666666666,0.09885,195.0,0.05555555555555555,0.17647058823529413,0.111,2.0,0.0,0.0,13.0,19.0,18.0,2.0,0.0,0.0,2.0,0.158,0.111,1.0,0,0.0,,2.0,0.0,0,0.0,0.0,,0.3157894736842105,-0.238
2005,CL,広島東洋カープ,33535117,T.デイビー,T.Davey,18.0,35.0,34.0,0.0,1.0,0.0,0.0,0.0,1.0,0.0,0.0,0,1.0,0.0,0.0,0,0.0,9.0,1.0,0.029,0.029,0.029,0.058,1.0,0.0,0.0,0.029,0.0,25.71428571428571,0.0,0.04,0.020300000000000002,38.66666666666667,0.0,0.029411764705882353,0.029,1.0,0.0,0.0,18.0,35.0,34.0,1.0,0.0,0.0,0.0,0.029,0.029,0.0,0,0.0,,1.0,0.0,0,1.0,0.0,,0.029411764705882353,-2.734
2005,CL,中日ドラゴンズ,41043884,幕田　賢治,K.Makuta,7.0,1.0,1.0,1.0,0.0,0.0,0.0,0.0,0.0,0.0,0.0,0,0.0,0.0,0.0,0,0.0,1.0,0.0,0.0,0.0,0.0,0.0,0.0,0.0,0.0,0.0,0.0,100.0,0.0,nan,0.0,0.0,0.0,0.0,0.0,0.0,0.0,0.0,7.0,1.0,1.0,0.0,0.0,0.0,1.0,0.0,0.0,0.0,0,0.0,,0.0,0.0,0,0.0,0.0,,0.0,-0.098
2005,CL,横浜DeNAベイスターズ,41043886,新沼　慎二,S.Niinuma,4.0,3.0,2.0,0.0,0.0,0.0,0.0,0.0,0.0,0.0,0.0,0,0.0,0.0,1.0,0,0.0,0.0,0.0,0.0,0.333,0.0,0.333,0.0,0.0,0.333,0.333,33.33333333333333,0.0,nan,0.0,0.14985,333.0,0.5,0.5,0.0,0.0,0.0,0.0,4.0,3.0,2.0,0.0,0.0,0.0,0.0,0.333,0.0,1.0,0,0.0,,0.0,0.0,0,0.0,0.0,,0.0,0.134
2005,CL,読売ジャイアンツ,41045113,中村　隼人,H.Nakamura,6.0,0.0,0.0,0.0,0.0,0.0,0.0,0.0,0.0,0.0,0.0,0,0.0,0.0,0.0,0,0.0,0.0,0.0,,,,0.0,0.0,0.0,0.0,,nan,nan,nan,nan,0.0,0.0,nan,nan,,0.0,0.0,0.0,6.0,0.0,0.0,0.0,0.0,0.0,0.0,,,0.0,0,0.0,,0.0,0.0,0,0.0,0.0,,nan,0.0
2005,CL,中日ドラゴンズ,41143886,井端　弘和,H.Ibata,146.0,659.0,560.0,87.0,181.0,22.0,5.0,6.0,231.0,63.0,22,8,19.0,2.0,72.0,0,6.0,77.0,11.0,0.323,0.405,0.412,0.817,148.0,0.08899999999999997,0.08200000000000002,0.494,10.925644916540213,11.684370257966616,0.935064935064935,0.3653444676409186,0.28525,542.3333333333334,0.23214285714285715,0.8128205128205128,0.323,181.0,6.0,63.0,146.0,659.0,560.0,148.0,22.0,5.0,87.0,0.405,0.412,72.0,0,6.0,,231.0,22,8,19.0,2.0,,92.47310126582279,93.71800000000002
2005,CL,東京ヤクルトスワローズ,41143888,石堂　克利,K.Ishidou,6.0,7.0,5.0,1.0,1.0,0.0,0.0,0.0,1.0,0.0,0.0,0,1.0,0.0,1.0,0,0.0,1.0,0.0,0.2,0.333,0.2,0.533,1.0,0.0,0.133,0.333,14.285714285714285,14.285714285714285,1.0,0.25,0.19985000000000003,399.6666666666667,0.2,0.5,0.2,1.0,0.0,0.0,6.0,7.0,5.0,1.0,0.0,0.0,1.0,0.333,0.2,1.0,0,0.0,,1.0,0.0,0,1.0,0.0,,0.3333333333333333,0.43800000000000006
2005,CL,東京ヤクルトスワローズ,41145110,上原　厚治郎,K.Uehara,3.0,0.0,0.0,0.0,0.0,0.0,0.0,0.0,0.0,0.0,0.0,0,0.0,0.0,0.0,0,0.0,0.0,0.0,,,,0.0,0.0,0.0,0.0,,nan,nan,nan,nan,0.0,0.0,nan,nan,,0.0,0.0,0.0,3.0,0.0,0.0,0.0,0.0,0.0,0.0,,,0.0,0,0.0,,0.0,0.0,0,0.0,0.0,,nan,0.0
2005,CL,阪神タイガース,41145115,安藤　優也,Y.Andou,24.0,47.0,43.0,2.0,5.0,1.0,0.0,0.0,6.0,3.0,0.0,0,3.0,0.0,1.0,0,0.0,22.0,0.0,0.116,0.136,0.14,0.276,4.0,0.024000000000000007,0.020000000000000004,0.16,2.127659574468085,46.808510638297875,0.045454545454545456,0.23809523809523808,0.09620000000000001,182.66666666666669,0.046511627906976744,0.18421052631578946,0.116,5.0,0.0,3.0,24.0,47.0,43.0,4.0,1.0,0.0,2.0,0.136,0.14,1.0,0,0.0,,6.0,0.0,0,3.0,0.0,,0.8181818181818182,-0.6740000000000004
2005,CL,横浜DeNAベイスターズ,41145119,牛田　成樹,S.Ushida,2.0,0.0,0.0,0.0,0.0,0.0,0.0,0.0,0.0,0.0,0.0,0,0.0,0.0,0.0,0,0.0,0.0,0.0,,,,0.0,0.0,0.0,0.0,,nan,nan,nan,nan,0.0,0.0,nan,nan,,0.0,0.0,0.0,2.0,0.0,0.0,0.0,0.0,0.0,0.0,,,0.0,0,0.0,,0.0,0.0,0,0.0,0.0,,nan,0.0
2005,CL,読売ジャイアンツ,41245117,長田　昌浩,M.Nagata,5.0,7.0,7.0,0.0,0.0,0.0,0.0,0.0,0.0,0.0,0.0,0,0.0,0.0,0.0,0,0.0,1.0,0.0,0.0,0.0,0.0,0.0,0.0,0.0,0.0,0.0,0.0,14.285714285714285,0.0,0.0,0.0,0.0,0.0,0.0,0.0,0.0,0.0,0.0,5.0,7.0,7.0,0.0,0.0,0.0,0.0,0.0,0.0,0.0,0,0.0,,0.0,0.0,0,0.0,0.0,,0.0,-0.686
2005,CL,読売ジャイアンツ,41343862,清原　和博,K.Kiyohara,96.0,375.0,321.0,42.0,68.0,6.0,0.0,22.0,140.0,52.0,0,1,0.0,3.0,41.0,0,10.0,111.0,6.0,0.212,0.317,0.436,0.753,40.0,0.224,0.10500000000000001,0.541,10.933333333333334,29.599999999999998,0.36936936936936937,0.24083769633507854,0.25165,462.33333333333337,0.35514018691588783,0.7413127413127413,0.212,68.0,22.0,52.0,96.0,375.0,321.0,40.0,6.0,0.0,42.0,0.317,0.436,41.0,0,10.0,,140.0,0,1,0.0,3.0,,42.15469613259668,48.21600000000001
2005,CL,阪神タイガース,41343883,矢野　燿大,A.Yano,138.0,550.0,499.0,53.0,135.0,26.0,0.0,19.0,218.0,71.0,1.0,1,9.0,2.0,32.0,0,8.0,113.0,12.0,0.271,0.323,0.437,0.76,90.0,0.16599999999999998,0.05199999999999999,0.489,5.818181818181818,20.545454545454543,0.2831858407079646,0.3143631436314363,0.2546,468.6666666666667,0.23246492985971945,0.6888297872340425,0.271,135.0,19.0,71.0,138.0,550.0,499.0,90.0,26.0,0.0,53.0,0.323,0.437,32.0,0,8.0,,218.0,1.0,1,9.0,2.0,,68.56120527306967,68.78800000000001
2005,CL,阪神タイガース,41343885,金本　知憲,T.Kanemoto,146.0,662.0,559.0,120.0,183.0,35.0,3.0,40.0,344.0,125.0,3,1,0.0,2.0,98.0,0,3.0,86.0,6.0,0.327,0.429,0.615,1.044,105.0,0.288,0.10199999999999998,0.717,14.803625377643503,12.990936555891238,1.1395348837209303,0.32873563218390806,0.3468,634.0,0.46511627906976744,1.1675392670157068,0.327,183.0,40.0,125.0,146.0,662.0,559.0,105.0,35.0,3.0,120.0,0.429,0.615,98.0,0,3.0,,344.0,3,1,0.0,2.0,,147.12937595129375,135.082
2005,CL,中日ドラゴンズ,41343886,川上　憲伸,K.Kawakami,25.0,56.0,49.0,1.0,2.0,0.0,0.0,1.0,5.0,2.0,0.0,0,3.0,0.0,4.0,0,0.0,22.0,2.0,0.041,0.113,0.102,0.215,1.0,0.06099999999999999,0.07200000000000001,0.174,7.142857142857142,39.285714285714285,0.18181818181818182,0.038461538461538464,0.07635,147.0,0.14285714285714285,0.1836734693877551,0.041,2.0,1.0,2.0,25.0,56.0,49.0,1.0,0.0,0.0,1.0,0.113,0.102,4.0,0,0.0,,5.0,0.0,0,3.0,0.0,,0.5660377358490566,-1.346
2005,CL,横浜DeNAベイスターズ,41443880,相川　亮二,R.Aikawa,144.0,559.0,498.0,38.0,129.0,20.0,0.0,8.0,173.0,46.0,0,2,9.0,7.0,39.0,0,6.0,90.0,13.0,0.259,0.316,0.347,0.663,101.0,0.08799999999999997,0.056999999999999995,0.4039999999999999,6.976744186046512,16.100178890876567,0.43333333333333335,0.2972972972972973,0.22895,431.66666666666663,0.1706827309236948,0.5759162303664922,0.259,129.0,8.0,46.0,144.0,559.0,498.0,101.0,20.0,0.0,38.0,0.316,0.347,39.0,0,6.0,,173.0,0,2,9.0,7.0,,54.12290502793296,55.46800000000001
2005,CL,横浜DeNAベイスターズ,41443885,三浦　大輔,D.Miura,28.0,66.0,57.0,2.0,9.0,1.0,0.0,0.0,10.0,1.0,0.0,0,9.0,0.0,0.0,0,0.0,19.0,1.0,0.158,0.158,0.175,0.33299999999999996,8.0,0.016999999999999987,0.0,0.175,0.0,28.78787878787879,0.0,0.23684210526315788,0.11485,216.33333333333331,0.017543859649122806,0.20408163265306123,0.158,9.0,0.0,1.0,28.0,66.0,57.0,8.0,1.0,0.0,2.0,0.158,0.175,0.0,0,0.0,,10.0,0.0,0,9.0,0.0,,1.5789473684210527,0.015999999999999126
2005,CL,広島東洋カープ,41445119,J.ベイル,J.Bale,51.0,0.0,0.0,0.0,0.0,0.0,0.0,0.0,0.0,0.0,0.0,0,0.0,0.0,0.0,0,0.0,0.0,0.0,,,,0.0,0.0,0.0,0.0,,nan,nan,nan,nan,0.0,0.0,nan,nan,,0.0,0.0,0.0,51.0,0.0,0.0,0.0,0.0,0.0,0.0,,,0.0,0,0.0,,0.0,0.0,0,0.0,0.0,,nan,0.0
2005,CL,読売ジャイアンツ,41545115,鴨志田　貴司,T.Kamoshida,5.0,0.0,0.0,0.0,0.0,0.0,0.0,0.0,0.0,0.0,0.0,0,0.0,0.0,0.0,0,0.0,0.0,0.0,,,,0.0,0.0,0.0,0.0,,nan,nan,nan,nan,0.0,0.0,nan,nan,,0.0,0.0,0.0,5.0,0.0,0.0,0.0,0.0,0.0,0.0,,,0.0,0,0.0,,0.0,0.0,0,0.0,0.0,,nan,0.0
2005,CL,横浜DeNAベイスターズ,41545117,加藤　武治,T.Katou,46.0,12.0,9.0,0.0,0.0,0.0,0.0,0.0,0.0,0.0,0.0,0,3.0,0.0,0.0,0,0.0,5.0,1.0,0.0,0.0,0.0,0.0,0.0,0.0,0.0,0.0,0.0,41.66666666666667,0.0,0.0,0.0,0.0,0.0,0.0,0.0,0.0,0.0,0.0,46.0,12.0,9.0,0.0,0.0,0.0,0.0,0.0,0.0,0.0,0,0.0,,0.0,0.0,0,3.0,0.0,,0.0,-0.882
2005,CL,阪神タイガース,41645110,S.スペンサー,S.Spencer,108.0,313.0,276.0,27.0,67.0,16.0,0.0,9.0,110.0,33.0,0,1,0.0,2.0,34.0,0,1.0,70.0,8.0,0.243,0.326,0.399,0.7250000000000001,42.0,0.15600000000000003,0.08300000000000002,0.482,10.86261980830671,22.364217252396166,0.4857142857142857,0.2914572864321608,0.24645,459.0,0.2826086956521739,0.6728110599078341,0.243,67.0,9.0,33.0,108.0,313.0,276.0,42.0,16.0,0.0,27.0,0.326,0.399,34.0,0,1.0,,110.0,0,1,0.0,2.0,,35.83870967741935,36.728
2005,CL,横浜DeNAベイスターズ,41743880,多村　仁志,H.Tamura,117.0,499.0,450.0,71.0,137.0,26.0,2.0,31.0,260.0,79.0,2,4,0.0,1.0,43.0,0,4.0,108.0,6.0,0.304,0.369,0.578,0.947,78.0,0.27399999999999997,0.065,0.643,8.617234468937877,21.64328657314629,0.39814814814814814,0.33974358974358976,0.31055,561.6666666666666,0.37777777777777777,0.9749216300940439,0.304,137.0,31.0,79.0,117.0,499.0,450.0,78.0,26.0,2.0,71.0,0.369,0.578,43.0,0,4.0,,260.0,2,4,0.0,1.0,,94.9290060851927,89.99600000000001
2005,CL,東京ヤクルトスワローズ,41743884,杉本　友,Y.Sugimoto,1.0,0.0,0.0,0.0,0.0,0.0,0.0,0.0,0.0,0.0,0.0,0,0.0,0.0,0.0,0,0.0,0.0,0.0,,,,0.0,0.0,0.0,0.0,,nan,nan,nan,nan,0.0,0.0,nan,nan,,0.0,0.0,0.0,1.0,0.0,0.0,0.0,0.0,0.0,0.0,,,0.0,0,0.0,,0.0,0.0,0,0.0,0.0,,nan,0.0
2005,CL,東京ヤクルトスワローズ,41745113,坂元　弥太郎,Y.Sakamoto,5.0,1.0,1.0,0.0,0.0,0.0,0.0,0.0,0.0,0.0,0.0,0,0.0,0.0,0.0,0,0.0,0.0,0.0,0.0,0.0,0.0,0.0,0.0,0.0,0.0,0.0,0.0,0.0,nan,0.0,0.0,0.0,0.0,0.0,0.0,0.0,0.0,0.0,5.0,1.0,1.0,0.0,0.0,0.0,0.0,0.0,0.0,0.0,0,0.0,,0.0,0.0,0,0.0,0.0,,0.0,-0.098
2005,CL,広島東洋カープ,41943888,広池　浩司,K.Hiroike,41.0,3.0,3.0,0.0,1.0,0.0,0.0,0.0,1.0,0.0,1,0,0.0,0.0,0.0,0,0.0,1.0,1.0,0.333,0.333,0.333,0.666,1.0,0.0,0.0,0.333,0.0,33.33333333333333,0.0,0.5,0.23310000000000003,444.0,0.0,0.3333333333333333,0.333,1.0,0.0,0.0,41.0,3.0,3.0,1.0,0.0,0.0,0.0,0.333,0.333,0.0,0,0.0,,1.0,1,0,0.0,0.0,,0.3333333333333333,0.304
2005,CL,広島東洋カープ,41943889,福地　寿樹,K.Fukuchi,30.0,11.0,11.0,9.0,2.0,0.0,0.0,0.0,2.0,0.0,8,1,0.0,0.0,0.0,0,0.0,1.0,0.0,0.182,0.182,0.182,0.364,2.0,0.0,0.0,0.182,0.0,9.090909090909092,0.0,0.2,0.1274,242.66666666666666,0.09090909090909091,0.3333333333333333,0.182,2.0,0.0,0.0,30.0,11.0,11.0,2.0,0.0,0.0,9.0,0.182,0.182,0.0,0,0.0,,2.0,8,1,0.0,0.0,,0.36363636363636365,0.29799999999999993
2005,CL,広島東洋カープ,41945113,玉山　健太,K.Tamayama,1.0,0.0,0.0,0.0,0.0,0.0,0.0,0.0,0.0,0.0,0.0,0,0.0,0.0,0.0,0,0.0,0.0,0.0,,,,0.0,0.0,0.0,0.0,,nan,nan,nan,nan,0.0,0.0,nan,nan,,0.0,0.0,0.0,1.0,0.0,0.0,0.0,0.0,0.0,0.0,,,0.0,0,0.0,,0.0,0.0,0,0.0,0.0,,nan,0.0
2005,CL,広島東洋カープ,43243868,野村　謙二郎,K.Nomura,106.0,297.0,272.0,19.0,75.0,14.0,0.0,4.0,101.0,29.0,1,0,4.0,2.0,18.0,0,1.0,42.0,7.0,0.276,0.321,0.371,0.692,57.0,0.09499999999999997,0.044999999999999984,0.416,6.0606060606060606,14.14141414141414,0.42857142857142855,0.31140350877192985,0.2372,444.66666666666663,0.16176470588235295,0.5882352941176471,0.276,75.0,4.0,29.0,106.0,297.0,272.0,57.0,14.0,0.0,19.0,0.321,0.371,18.0,0,1.0,,101.0,1,0,4.0,2.0,,32.389655172413796,31.304
2005,CL,東京ヤクルトスワローズ,51053880,宮本　慎也,S.Miyamoto,135.0,608.0,547.0,71.0,145.0,19.0,2.0,7.0,189.0,47.0,5,2,22.0,1.0,26.0,0,12.0,88.0,10.0,0.265,0.312,0.346,0.6579999999999999,117.0,0.08099999999999996,0.046999999999999986,0.3929999999999999,4.276315789473684,14.473684210526317,0.29545454545454547,0.304635761589404,0.2269,427.33333333333337,0.1316270566727605,0.5558252427184466,0.265,145.0,7.0,47.0,135.0,608.0,547.0,117.0,19.0,2.0,71.0,0.312,0.346,26.0,0,12.0,,189.0,5,2,22.0,1.0,,56.403141361256544,57.84400000000001
2005,CL,横浜DeNAベイスターズ,51053886,土肥　義弘,Y.Doi,26.0,51.0,41.0,2.0,3.0,1.0,0.0,0.0,4.0,2.0,0.0,0,7.0,0.0,3.0,0,0.0,25.0,1.0,0.073,0.136,0.098,0.234,2.0,0.02500000000000001,0.06300000000000001,0.161,5.88235294117647,49.01960784313725,0.12,0.1875,0.0857,168.66666666666669,0.0975609756097561,0.1794871794871795,0.073,3.0,0.0,2.0,26.0,51.0,41.0,2.0,1.0,0.0,2.0,0.136,0.098,3.0,0,0.0,,4.0,0.0,0,7.0,0.0,,0.5454545454545454,-1.0140000000000002
2005,CL,中日ドラゴンズ,51055110,中田　賢一,K.Nakata,15.0,31.0,25.0,1.0,2.0,1.0,0.0,0.0,3.0,0.0,0.0,0,5.0,0.0,1.0,0,0.0,16.0,1.0,0.08,0.115,0.12,0.235,1.0,0.039999999999999994,0.035,0.155,3.225806451612903,51.61290322580645,0.0625,0.2222222222222222,0.08175,155.0,0.08,0.16666666666666666,0.08,2.0,0.0,0.0,15.0,31.0,25.0,1.0,1.0,0.0,1.0,0.115,0.12,1.0,0,0.0,,3.0,0.0,0,5.0,0.0,,0.34615384615384615,-0.704
2005,CL,阪神タイガース,51055117,杉山　直久,N.Sugiyama,23.0,41.0,32.0,3.0,4.0,1.0,0.0,0.0,5.0,1.0,0.0,0,5.0,0.0,2.0,0,2.0,18.0,0.0,0.125,0.222,0.156,0.378,3.0,0.031,0.097,0.253,4.878048780487805,43.90243902439025,0.1111111111111111,0.2857142857142857,0.1389,274.0,0.09375,0.32142857142857145,0.125,4.0,0.0,1.0,23.0,41.0,32.0,3.0,1.0,0.0,3.0,0.222,0.156,2.0,0,2.0,,5.0,0.0,0,5.0,0.0,,0.8823529411764706,0.7959999999999998
2005,CL,広島東洋カープ,51055119,仁部　智,S.Nibe,7.0,0.0,0.0,0.0,0.0,0.0,0.0,0.0,0.0,0.0,0.0,0,0.0,0.0,0.0,0,0.0,0.0,0.0,,,,0.0,0.0,0.0,0.0,,nan,nan,nan,nan,0.0,0.0,nan,nan,,0.0,0.0,0.0,7.0,0.0,0.0,0.0,0.0,0.0,0.0,,,0.0,0,0.0,,0.0,0.0,0,0.0,0.0,,nan,0.0
2005,CL,広島東洋カープ,51153881,浅井　樹,I.Asai,80.0,118.0,98.0,11.0,26.0,6.0,0.0,0.0,32.0,9.0,3,0,1.0,1.0,17.0,0,1.0,29.0,2.0,0.265,0.376,0.327,0.7030000000000001,20.0,0.062,0.11099999999999999,0.438,14.40677966101695,24.576271186440678,0.5862068965517241,0.37142857142857144,0.25095,485.0,0.23469387755102042,0.6756756756756757,0.265,26.0,0.0,9.0,80.0,118.0,98.0,20.0,6.0,0.0,11.0,0.376,0.327,17.0,0,1.0,,32.0,3,0,1.0,1.0,,11.965217391304348,13.204
2005,CL,阪神タイガース,51155110,赤松　真人,M.Akamatsu,2.0,0.0,0.0,1.0,0.0,0.0,0.0,0.0,0.0,0.0,1.0,1,0.0,0.0,0.0,0,0.0,0.0,0.0,,,,0.0,0.0,0.0,0.0,,nan,nan,nan,nan,0.0,0.0,nan,nan,,0.0,0.0,0.0,2.0,0.0,0.0,0.0,0.0,0.0,1.0,,,0.0,0,0.0,,0.0,1.0,1,0.0,0.0,,nan,0.18
2005,CL,中日ドラゴンズ,51155111,朝倉　健太,K.Asakura,16.0,29.0,26.0,0.0,1.0,1.0,0.0,0.0,2.0,2.0,0.0,0,2.0,1.0,0.0,0,0.0,17.0,0.0,0.038,0.037,0.077,0.11399999999999999,0.0,0.039,-0.0010000000000000009,0.076,0.0,58.620689655172406,0.0,0.1,0.0359,62.666666666666664,0.038461538461538464,0.08,0.038,1.0,0.0,2.0,16.0,29.0,26.0,0.0,1.0,0.0,0.0,0.037,0.077,0.0,0,0.0,,2.0,0.0,0,2.0,1.0,,0.07692307692307693,-1.7300000000000002
2005,CL,阪神タイガース,51155115,浅井　良,R.Asai,35.0,49.0,48.0,8.0,12.0,3.0,0.0,1.0,18.0,3.0,1,0,1.0,0.0,0.0,0,0.0,6.0,1.0,0.25,0.25,0.375,0.625,8.0,0.125,0.0,0.375,0.0,12.244897959183673,0.0,0.2682926829268293,0.20625,375.0,0.125,0.4864864864864865,0.25,12.0,1.0,3.0,35.0,49.0,48.0,8.0,3.0,0.0,8.0,0.25,0.375,0.0,0,0.0,,18.0,1,0,1.0,0.0,,4.5,4.071999999999999
2005,CL,東京ヤクルトスワローズ,51353884,宇野　雅美,M.Uno,6.0,0.0,0.0,0.0,0.0,0.0,0.0,0.0,0.0,0.0,0.0,0,0.0,0.0,0.0,0,0.0,0.0,0.0,,,,0.0,0.0,0.0,0.0,,nan,nan,nan,nan,0.0,0.0,nan,nan,,0.0,0.0,0.0,6.0,0.0,0.0,0.0,0.0,0.0,0.0,,,0.0,0,0.0,,0.0,0.0,0,0.0,0.0,,nan,0.0
2005,CL,中日ドラゴンズ,51353888,小笠原　孝,T.Ogasawara,5.0,4.0,3.0,0.0,0.0,0.0,0.0,0.0,0.0,0.0,0.0,0,1.0,0.0,0.0,0,0.0,2.0,0.0,0.0,0.0,0.0,0.0,0.0,0.0,0.0,0.0,0.0,50.0,0.0,0.0,0.0,0.0,0.0,0.0,0.0,0.0,0.0,0.0,5.0,4.0,3.0,0.0,0.0,0.0,0.0,0.0,0.0,0.0,0,0.0,,0.0,0.0,0,1.0,0.0,,0.0,-0.29400000000000004
2005,CL,読売ジャイアンツ,51353889,岡島　秀樹,H.Okajima,42.0,0.0,0.0,0.0,0.0,0.0,0.0,0.0,0.0,0.0,0.0,0,0.0,0.0,0.0,0,0.0,0.0,0.0,,,,0.0,0.0,0.0,0.0,,nan,nan,nan,nan,0.0,0.0,nan,nan,,0.0,0.0,0.0,42.0,0.0,0.0,0.0,0.0,0.0,0.0,,,0.0,0,0.0,,0.0,0.0,0,0.0,0.0,,nan,0.0
2005,CL,広島東洋カープ,51355115,石原　慶幸,Y.Ishihara,74.0,194.0,174.0,13.0,42.0,6.0,0.0,2.0,54.0,12.0,0.0,0,3.0,2.0,11.0,0,4.0,29.0,6.0,0.241,0.298,0.31,0.608,34.0,0.069,0.056999999999999995,0.367,5.670103092783505,14.948453608247423,0.3793103448275862,0.27586206896551724,0.2116,401.3333333333333,0.13218390804597702,0.5,0.241,42.0,2.0,12.0,74.0,194.0,174.0,34.0,6.0,0.0,13.0,0.298,0.31,11.0,0,4.0,,54.0,0.0,0,3.0,2.0,,15.47027027027027,16.214
2005,CL,広島東洋カープ,51453888,山﨑　浩司,K.Yamasaki,96.0,247.0,208.0,23.0,53.0,4.0,0.0,1.0,60.0,9.0,1,0,31.0,1.0,4.0,0,3.0,40.0,3.0,0.255,0.278,0.288,0.5660000000000001,48.0,0.032999999999999974,0.02300000000000002,0.311,1.6194331983805668,16.194331983805668,0.1,0.30952380952380953,0.1971,374.0,0.052884615384615384,0.4240506329113924,0.255,53.0,1.0,9.0,96.0,247.0,208.0,48.0,4.0,0.0,23.0,0.278,0.288,4.0,0,3.0,,60.0,1,0,31.0,1.0,,16.132075471698112,15.439999999999998
2005,CL,東京ヤクルトスワローズ,51455110,松岡　健一,K.Matsuoka,4.0,8.0,6.0,0.0,0.0,0.0,0.0,0.0,0.0,0.0,0.0,0,2.0,0.0,0.0,0,0.0,2.0,0.0,0.0,0.0,0.0,0.0,0.0,0.0,0.0,0.0,0.0,25.0,0.0,0.0,0.0,0.0,0.0,0.0,0.0,0.0,0.0,0.0,4.0,8.0,6.0,0.0,0.0,0.0,0.0,0.0,0.0,0.0,0,0.0,,0.0,0.0,0,2.0,0.0,,0.0,-0.5880000000000001
2005,CL,阪神タイガース,51455115,藤原　通,T.Fujiwara,1.0,0.0,0.0,0.0,0.0,0.0,0.0,0.0,0.0,0.0,0.0,0,0.0,0.0,0.0,0,0.0,0.0,0.0,,,,0.0,0.0,0.0,0.0,,nan,nan,nan,nan,0.0,0.0,nan,nan,,0.0,0.0,0.0,1.0,0.0,0.0,0.0,0.0,0.0,0.0,,,0.0,0,0.0,,0.0,0.0,0,0.0,0.0,,nan,0.0
2005,CL,読売ジャイアンツ,51553865,工藤　公康,K.Kudou,24.0,42.0,41.0,2.0,3.0,1.0,0.0,0.0,4.0,0.0,0.0,0,1.0,0.0,0.0,0,0.0,21.0,3.0,0.073,0.073,0.098,0.17099999999999999,2.0,0.02500000000000001,0.0,0.098,0.0,50.0,0.0,0.15,0.05735,105.66666666666666,0.024390243902439025,0.0975609756097561,0.073,3.0,0.0,0.0,24.0,42.0,41.0,2.0,1.0,0.0,2.0,0.073,0.098,0.0,0,0.0,,4.0,0.0,0,1.0,0.0,,0.2926829268292683,-2.0040000000000004
2005,CL,阪神タイガース,51553882,佐久本　昌広,M.Sakumoto,1.0,0.0,0.0,0.0,0.0,0.0,0.0,0.0,0.0,0.0,0.0,0,0.0,0.0,0.0,0,0.0,0.0,0.0,,,,0.0,0.0,0.0,0.0,,nan,nan,nan,nan,0.0,0.0,nan,nan,,0.0,0.0,0.0,1.0,0.0,0.0,0.0,0.0,0.0,0.0,,,0.0,0,0.0,,0.0,0.0,0,0.0,0.0,,nan,0.0
2005,CL,横浜DeNAベイスターズ,51553884,川村　丈夫,T.Kawamura,56.0,2.0,2.0,0.0,0.0,0.0,0.0,0.0,0.0,0.0,0.0,0,0.0,0.0,0.0,0,0.0,2.0,0.0,0.0,0.0,0.0,0.0,0.0,0.0,0.0,0.0,0.0,100.0,0.0,nan,0.0,0.0,0.0,0.0,0.0,0.0,0.0,0.0,56.0,2.0,2.0,0.0,0.0,0.0,0.0,0.0,0.0,0.0,0,0.0,,0.0,0.0,0,0.0,0.0,,0.0,-0.196
2005,CL,阪神タイガース,51553885,久慈　照嘉,T.Kuji,3.0,2.0,1.0,1.0,0.0,0.0,0.0,0.0,0.0,0.0,0.0,0,1.0,0.0,0.0,0,0.0,0.0,0.0,0.0,0.0,0.0,0.0,0.0,0.0,0.0,0.0,0.0,0.0,nan,0.0,0.0,0.0,0.0,0.0,0.0,0.0,0.0,0.0,3.0,2.0,1.0,0.0,0.0,0.0,1.0,0.0,0.0,0.0,0,0.0,,0.0,0.0,0,1.0,0.0,,0.0,-0.098
2005,CL,広島東洋カープ,51553886,小林　幹英,K.Kobayashi,2.0,0.0,0.0,0.0,0.0,0.0,0.0,0.0,0.0,0.0,0.0,0,0.0,0.0,0.0,0,0.0,0.0,0.0,,,,0.0,0.0,0.0,0.0,,nan,nan,nan,nan,0.0,0.0,nan,nan,,0.0,0.0,0.0,2.0,0.0,0.0,0.0,0.0,0.0,0.0,,,0.0,0,0.0,,0.0,0.0,0,0.0,0.0,,nan,0.0
2005,CL,東京ヤクルトスワローズ,51553888,河端　龍,R.Kawabata,34.0,2.0,1.0,0.0,0.0,0.0,0.0,0.0,0.0,0.0,0.0,0,1.0,0.0,0.0,0,0.0,1.0,0.0,0.0,0.0,0.0,0.0,0.0,0.0,0.0,0.0,0.0,50.0,0.0,nan,0.0,0.0,0.0,0.0,0.0,0.0,0.0,0.0,34.0,2.0,1.0,0.0,0.0,0.0,0.0,0.0,0.0,0.0,0,0.0,,0.0,0.0,0,1.0,0.0,,0.0,-0.098
2005,CL,読売ジャイアンツ,51555111,後藤　光貴,M.Gotou,5.0,4.0,2.0,0.0,0.0,0.0,0.0,0.0,0.0,0.0,0.0,0,2.0,0.0,0.0,0,0.0,0.0,0.0,0.0,0.0,0.0,0.0,0.0,0.0,0.0,0.0,0.0,0.0,nan,0.0,0.0,0.0,0.0,0.0,0.0,0.0,0.0,0.0,5.0,4.0,2.0,0.0,0.0,0.0,0.0,0.0,0.0,0.0,0,0.0,,0.0,0.0,0,2.0,0.0,,0.0,-0.196
2005,CL,読売ジャイアンツ,51655117,矢野　謙次,K.Yano,85.0,228.0,203.0,27.0,57.0,7.0,1.0,7.0,87.0,14.0,2,1,11.0,1.0,9.0,0,4.0,30.0,5.0,0.281,0.323,0.429,0.752,42.0,0.14799999999999996,0.04199999999999998,0.471,3.9473684210526314,13.157894736842104,0.3,0.2994011976047904,0.2526,465.99999999999994,0.19704433497536947,0.6688741721854304,0.281,57.0,7.0,14.0,85.0,228.0,203.0,42.0,7.0,1.0,27.0,0.323,0.429,9.0,0,4.0,,87.0,2,1,11.0,1.0,,27.08490566037736,27.321999999999996
2005,CL,広島東洋カープ,51753884,澤﨑　俊和,T.Sawazaki,2.0,0.0,0.0,0.0,0.0,0.0,0.0,0.0,0.0,0.0,0.0,0,0.0,0.0,0.0,0,0.0,0.0,0.0,,,,0.0,0.0,0.0,0.0,,nan,nan,nan,nan,0.0,0.0,nan,nan,,0.0,0.0,0.0,2.0,0.0,0.0,0.0,0.0,0.0,0.0,,,0.0,0,0.0,,0.0,0.0,0,0.0,0.0,,nan,0.0
2005,CL,中日ドラゴンズ,51755110,金剛　弘樹,H.Kongou,9.0,0.0,0.0,0.0,0.0,0.0,0.0,0.0,0.0,0.0,0.0,0,0.0,0.0,0.0,0,0.0,0.0,0.0,,,,0.0,0.0,0.0,0.0,,nan,nan,nan,nan,0.0,0.0,nan,nan,,0.0,0.0,0.0,9.0,0.0,0.0,0.0,0.0,0.0,0.0,,,0.0,0,0.0,,0.0,0.0,0,0.0,0.0,,nan,0.0
2005,CL,読売ジャイアンツ,51755111,十川　孝富,T.Sogawa,27.0,17.0,16.0,3.0,3.0,0.0,0.0,1.0,6.0,1.0,0.0,0,0.0,0.0,1.0,0,0.0,7.0,2.0,0.188,0.235,0.375,0.61,2.0,0.187,0.046999999999999986,0.422,5.88235294117647,41.17647058823529,0.14285714285714285,0.25,0.1995,360.0,0.25,0.4666666666666667,0.188,3.0,1.0,1.0,27.0,17.0,16.0,2.0,0.0,0.0,3.0,0.235,0.375,1.0,0,0.0,,6.0,0.0,0,0.0,0.0,,1.411764705882353,1.496
2005,CL,東京ヤクルトスワローズ,51755119,佐藤　賢,M.Satou,32.0,1.0,1.0,0.0,0.0,0.0,0.0,0.0,0.0,0.0,0.0,0,0.0,0.0,0.0,0,0.0,1.0,0.0,0.0,0.0,0.0,0.0,0.0,0.0,0.0,0.0,0.0,100.0,0.0,nan,0.0,0.0,0.0,0.0,0.0,0.0,0.0,0.0,32.0,1.0,1.0,0.0,0.0,0.0,0.0,0.0,0.0,0.0,0,0.0,,0.0,0.0,0,0.0,0.0,,0.0,-0.098
2005,CL,中日ドラゴンズ,51855117,タイロン・ウッズ,T.Woods,135.0,584.0,506.0,92.0,155.0,20.0,0.0,38.0,289.0,103.0,3,0,0.0,4.0,67.0,0,7.0,139.0,24.0,0.306,0.392,0.571,0.963,97.0,0.26499999999999996,0.08600000000000002,0.657,11.472602739726028,23.8013698630137,0.48201438848920863,0.35135135135135137,0.31915,582.3333333333334,0.39723320158102765,0.968,0.306,155.0,38.0,103.0,135.0,584.0,506.0,97.0,20.0,0.0,92.0,0.392,0.571,67.0,0,7.0,,289.0,3,0,0.0,4.0,,111.96858638743456,107.64200000000002
2005,CL,読売ジャイアンツ,51953886,高橋　由伸,Y.Takahashi,88.0,360.0,325.0,50.0,97.0,15.0,0.0,17.0,163.0,41.0,1,0,0.0,0.0,30.0,0,5.0,54.0,8.0,0.298,0.367,0.502,0.869,65.0,0.20400000000000001,0.069,0.571,8.333333333333332,15.0,0.5555555555555556,0.31496062992125984,0.29064999999999996,534.3333333333334,0.2953846153846154,0.8389830508474576,0.298,97.0,17.0,41.0,88.0,360.0,325.0,65.0,15.0,0.0,50.0,0.367,0.502,30.0,0,5.0,,163.0,1,0,0.0,0.0,,58.31267605633803,56.986
2005,CL,読売ジャイアンツ,53253868,江藤　智,A.Etou,81.0,111.0,93.0,7.0,16.0,4.0,0.0,0.0,20.0,4.0,0.0,0,0.0,2.0,16.0,0,0.0,25.0,3.0,0.172,0.288,0.215,0.503,12.0,0.04300000000000001,0.11599999999999999,0.3309999999999999,14.414414414414415,22.52252252252252,0.64,0.22857142857142856,0.18334999999999999,359.66666666666663,0.21505376344086022,0.45,0.172,16.0,0.0,4.0,81.0,111.0,93.0,12.0,4.0,0.0,7.0,0.288,0.215,16.0,0,0.0,,20.0,0.0,0,0.0,2.0,,5.871559633027523,6.614
2005,CL,読売ジャイアンツ,53355110,J.B.ミアディッチ,J.Miadich,15.0,0.0,0.0,0.0,0.0,0.0,0.0,0.0,0.0,0.0,0.0,0,0.0,0.0,0.0,0,0.0,0.0,0.0,,,,0.0,0.0,0.0,0.0,,nan,nan,nan,nan,0.0,0.0,nan,nan,,0.0,0.0,0.0,15.0,0.0,0.0,0.0,0.0,0.0,0.0,,,0.0,0,0.0,,0.0,0.0,0,0.0,0.0,,nan,0.0
2005,CL,中日ドラゴンズ,53355117,アレックス,A.Ochoa,137.0,574.0,524.0,59.0,141.0,24.0,0.0,18.0,219.0,78.0,2,1,0.0,3.0,41.0,0,6.0,103.0,16.0,0.269,0.328,0.418,0.746,99.0,0.14899999999999997,0.059,0.477,7.142857142857142,17.94425087108014,0.39805825242718446,0.30295566502463056,0.2521,467.33333333333337,0.22900763358778625,0.6691729323308271,0.269,141.0,18.0,78.0,137.0,574.0,524.0,99.0,24.0,0.0,59.0,0.328,0.418,41.0,0,6.0,,219.0,2,1,0.0,3.0,,70.54513274336283,70.85600000000002
2005,CL,東京ヤクルトスワローズ,61063888,本郷　宏樹,H.Hongou,2.0,2.0,2.0,0.0,0.0,0.0,0.0,0.0,0.0,0.0,0.0,0,0.0,0.0,0.0,0,0.0,1.0,0.0,0.0,0.0,0.0,0.0,0.0,0.0,0.0,0.0,0.0,50.0,0.0,0.0,0.0,0.0,0.0,0.0,0.0,0.0,0.0,0.0,2.0,2.0,2.0,0.0,0.0,0.0,0.0,0.0,0.0,0.0,0,0.0,,0.0,0.0,0,0.0,0.0,,0.0,-0.196
2005,CL,東京ヤクルトスワローズ,61063889,山部　太,F.Yamabe,40.0,0.0,0.0,0.0,0.0,0.0,0.0,0.0,0.0,0.0,0.0,0,0.0,0.0,0.0,0,0.0,0.0,0.0,,,,0.0,0.0,0.0,0.0,,nan,nan,nan,nan,0.0,0.0,nan,nan,,0.0,0.0,0.0,40.0,0.0,0.0,0.0,0.0,0.0,0.0,,,0.0,0,0.0,,0.0,0.0,0,0.0,0.0,,nan,0.0
2005,CL,阪神タイガース,61065110,能見　篤史,A.Noumi,16.0,20.0,18.0,0.0,0.0,0.0,0.0,0.0,0.0,1.0,0.0,0,2.0,0.0,0.0,0,0.0,7.0,0.0,0.0,0.0,0.0,0.0,0.0,0.0,0.0,0.0,0.0,35.0,0.0,0.0,0.0,0.0,0.0,0.0,0.0,0.0,0.0,1.0,16.0,20.0,18.0,0.0,0.0,0.0,0.0,0.0,0.0,0.0,0,0.0,,0.0,0.0,0,2.0,0.0,,0.0,-1.764
2005,CL,東京ヤクルトスワローズ,61065111,本間　忠,T.Honma,11.0,2.0,1.0,0.0,0.0,0.0,0.0,0.0,0.0,0.0,0.0,0,1.0,0.0,0.0,0,0.0,1.0,0.0,0.0,0.0,0.0,0.0,0.0,0.0,0.0,0.0,0.0,50.0,0.0,nan,0.0,0.0,0.0,0.0,0.0,0.0,0.0,0.0,11.0,2.0,1.0,0.0,0.0,0.0,0.0,0.0,0.0,0.0,0,0.0,,0.0,0.0,0,1.0,0.0,,0.0,-0.098
2005,CL,中日ドラゴンズ,61163881,井上　一樹,K.Inoue,107.0,263.0,245.0,30.0,74.0,14.0,1.0,10.0,120.0,38.0,3,1,0.0,4.0,13.0,0,1.0,40.0,4.0,0.302,0.335,0.49,0.825,49.0,0.188,0.03300000000000003,0.523,4.942965779467681,15.209125475285171,0.325,0.32160804020100503,0.27325,498.33333333333337,0.24489795918367346,0.7714285714285715,0.302,74.0,10.0,38.0,107.0,263.0,245.0,49.0,14.0,1.0,30.0,0.335,0.49,13.0,0,1.0,,120.0,3,1,0.0,4.0,,40.46511627906977,38.062
2005,CL,阪神タイガース,61163884,今岡　誠,M.Imaoka,146.0,630.0,559.0,71.0,156.0,26.0,2.0,29.0,273.0,147.0,1.0,1,0.0,9.0,57.0,0,5.0,88.0,21.0,0.279,0.346,0.488,0.834,99.0,0.20899999999999996,0.06699999999999995,0.5549999999999999,9.047619047619047,13.968253968253968,0.6477272727272727,0.28159645232815966,0.2777,508.66666666666663,0.31305903398926654,0.7924528301886793,0.279,156.0,29.0,147.0,146.0,630.0,559.0,99.0,26.0,2.0,71.0,0.346,0.488,57.0,0,5.0,,273.0,1.0,1,0.0,9.0,,94.39772727272727,93.20600000000002
2005,CL,読売ジャイアンツ,61265110,星　孝典,T.Hoshi,2.0,3.0,3.0,0.0,1.0,0.0,0.0,0.0,1.0,0.0,0.0,0,0.0,0.0,0.0,0,0.0,0.0,0.0,0.333,0.333,0.333,0.666,1.0,0.0,0.0,0.333,0.0,0.0,nan,0.3333333333333333,0.23310000000000003,444.0,0.0,0.5,0.333,1.0,0.0,0.0,2.0,3.0,3.0,1.0,0.0,0.0,0.0,0.333,0.333,0.0,0,0.0,,1.0,0.0,0,0.0,0.0,,0.3333333333333333,0.304
2005,CL,横浜DeNAベイスターズ,61265119,吉川　輝昭,T.Yoshikawa,26.0,4.0,3.0,0.0,0.0,0.0,0.0,0.0,0.0,0.0,0.0,0,1.0,0.0,0.0,0,0.0,3.0,0.0,0.0,0.0,0.0,0.0,0.0,0.0,0.0,0.0,0.0,75.0,0.0,nan,0.0,0.0,0.0,0.0,0.0,0.0,0.0,0.0,26.0,4.0,3.0,0.0,0.0,0.0,0.0,0.0,0.0,0.0,0,0.0,,0.0,0.0,0,1.0,0.0,,0.0,-0.29400000000000004
2005,CL,東京ヤクルトスワローズ,61363884,小野　公誠,K.Ono,62.0,178.0,164.0,15.0,33.0,5.0,0.0,7.0,59.0,18.0,1,0,4.0,2.0,8.0,0,0.0,44.0,6.0,0.201,0.236,0.36,0.596,21.0,0.15899999999999997,0.034999999999999976,0.3949999999999999,4.49438202247191,24.719101123595504,0.18181818181818182,0.22608695652173913,0.19619999999999999,356.0,0.2073170731707317,0.48905109489051096,0.201,33.0,7.0,18.0,62.0,178.0,164.0,21.0,5.0,0.0,15.0,0.236,0.36,8.0,0,0.0,,59.0,1,0,4.0,2.0,,14.063953488372093,13.982
2005,CL,中日ドラゴンズ,61365110,鎌田　圭司,K.Kamata,5.0,1.0,1.0,1.0,0.0,0.0,0.0,0.0,0.0,0.0,1,0,0.0,0.0,0.0,0,0.0,1.0,0.0,0.0,0.0,0.0,0.0,0.0,0.0,0.0,0.0,0.0,100.0,0.0,nan,0.0,0.0,0.0,0.0,0.0,0.0,0.0,0.0,5.0,1.0,1.0,0.0,0.0,0.0,1.0,0.0,0.0,0.0,0,0.0,,0.0,1,0,0.0,0.0,,0.0,-0.098
2005,CL,横浜DeNAベイスターズ,61365111,木塚　敦志,A.Kizuka,58.0,0.0,0.0,0.0,0.0,0.0,0.0,0.0,0.0,0.0,0.0,0,0.0,0.0,0.0,0,0.0,0.0,0.0,,,,0.0,0.0,0.0,0.0,,nan,nan,nan,nan,0.0,0.0,nan,nan,,0.0,0.0,0.0,58.0,0.0,0.0,0.0,0.0,0.0,0.0,,,0.0,0,0.0,,0.0,0.0,0,0.0,0.0,,nan,0.0
2005,CL,広島東洋カープ,61365115,大島　崇行,T.Ooshima,7.0,9.0,7.0,0.0,0.0,0.0,0.0,0.0,0.0,0.0,0,1,2.0,0.0,0.0,0,0.0,4.0,0.0,0.0,0.0,0.0,0.0,0.0,0.0,0.0,0.0,0.0,44.44444444444444,0.0,0.0,0.0,0.0,0.14285714285714285,0.14285714285714285,0.0,0.0,0.0,0.0,7.0,9.0,7.0,0.0,0.0,0.0,0.0,0.0,0.0,0.0,0,0.0,,0.0,0,1,2.0,0.0,,0.0,-0.506
2005,CL,広島東洋カープ,61563880,嶋　重宣,S.Shima,144.0,625.0,560.0,77.0,161.0,23.0,0.0,27.0,265.0,77.0,4,2,0.0,7.0,53.0,0,5.0,112.0,10.0,0.287,0.35,0.473,0.823,111.0,0.186,0.063,0.536,8.48,17.919999999999998,0.4732142857142857,0.3130841121495327,0.27575,507.6666666666666,0.2839285714285714,0.7946210268948656,0.287,161.0,27.0,77.0,144.0,625.0,560.0,111.0,23.0,0.0,77.0,0.35,0.473,53.0,0,5.0,,265.0,4,2,0.0,7.0,,92.51223491027733,91.338
2005,CL,横浜DeNAベイスターズ,61563885,斎藤　隆,T.Saitou,21.0,35.0,33.0,0.0,2.0,0.0,0.0,0.0,2.0,0.0,0.0,0,1.0,0.0,1.0,0,0.0,18.0,0.0,0.061,0.088,0.061,0.149,2.0,0.0,0.026999999999999996,0.088,2.857142857142857,51.42857142857142,0.05555555555555555,0.13333333333333333,0.054849999999999996,108.33333333333333,0.030303030303030304,0.0967741935483871,0.061,2.0,0.0,0.0,21.0,35.0,33.0,2.0,0.0,0.0,0.0,0.088,0.061,1.0,0,0.0,,2.0,0.0,0,1.0,0.0,,0.17647058823529413,-1.7080000000000002
2005,CL,東京ヤクルトスワローズ,61563887,佐藤　真一,S.Satou,7.0,15.0,14.0,0.0,3.0,1.0,0.0,0.0,4.0,0.0,0,1,0.0,0.0,1.0,0,0.0,2.0,2.0,0.214,0.267,0.286,0.5529999999999999,2.0,0.07199999999999998,0.05300000000000002,0.3389999999999999,6.666666666666667,13.333333333333334,0.5,0.25,0.19165,362.3333333333333,0.21428571428571427,0.46153846153846156,0.214,3.0,0.0,0.0,7.0,15.0,14.0,2.0,1.0,0.0,0.0,0.267,0.286,1.0,0,0.0,,4.0,0,1,0.0,0.0,,1.0666666666666667,1.152
2005,CL,阪神タイガース,61565115,喜田　剛,G.Kida,3.0,8.0,8.0,1.0,2.0,0.0,0.0,0.0,2.0,0.0,0.0,0,0.0,0.0,0.0,0,0.0,1.0,0.0,0.25,0.25,0.25,0.5,2.0,0.0,0.0,0.25,0.0,12.5,0.0,0.2857142857142857,0.175,333.3333333333333,0.0,0.3333333333333333,0.25,2.0,0.0,0.0,3.0,8.0,8.0,2.0,0.0,0.0,1.0,0.25,0.25,0.0,0,0.0,,2.0,0.0,0,0.0,0.0,,0.5,0.4119999999999999
2005,CL,阪神タイガース,61665110,ダーウィン,D.Cubillan,4.0,2.0,2.0,0.0,0.0,0.0,0.0,0.0,0.0,0.0,0.0,0,0.0,0.0,0.0,0,0.0,2.0,0.0,0.0,0.0,0.0,0.0,0.0,0.0,0.0,0.0,0.0,100.0,0.0,nan,0.0,0.0,0.0,0.0,0.0,0.0,0.0,0.0,4.0,2.0,2.0,0.0,0.0,0.0,0.0,0.0,0.0,0.0,0,0.0,,0.0,0.0,0,0.0,0.0,,0.0,-0.196
2005,CL,横浜DeNAベイスターズ,61763881,佐々木　主浩,K.Sasaki,9.0,0.0,0.0,0.0,0.0,0.0,0.0,0.0,0.0,0.0,0.0,0,0.0,0.0,0.0,0,0.0,0.0,0.0,,,,0.0,0.0,0.0,0.0,,nan,nan,nan,nan,0.0,0.0,nan,nan,,0.0,0.0,0.0,9.0,0.0,0.0,0.0,0.0,0.0,0.0,,,0.0,0,0.0,,0.0,0.0,0,0.0,0.0,,nan,0.0
2005,CL,読売ジャイアンツ,61763884,鈴木　尚広,T.Suzuki,27.0,107.0,99.0,19.0,30.0,7.0,0.0,1.0,40.0,5.0,11,3,5.0,0.0,3.0,0,0.0,15.0,1.0,0.303,0.324,0.404,0.728,22.0,0.10100000000000003,0.02100000000000002,0.425,2.803738317757009,14.018691588785046,0.2,0.3493975903614458,0.24680000000000002,458.6666666666667,0.16161616161616163,0.6571428571428571,0.303,30.0,1.0,5.0,27.0,107.0,99.0,22.0,7.0,0.0,19.0,0.324,0.404,3.0,0,0.0,,40.0,11,3,5.0,0.0,,12.941176470588236,12.247999999999998
2005,CL,中日ドラゴンズ,61765110,鈴木　義広,Y.Suzuki,47.0,9.0,8.0,0.0,0.0,0.0,0.0,0.0,0.0,0.0,0.0,0,1.0,0.0,0.0,0,0.0,6.0,0.0,0.0,0.0,0.0,0.0,0.0,0.0,0.0,0.0,0.0,66.66666666666666,0.0,0.0,0.0,0.0,0.0,0.0,0.0,0.0,0.0,0.0,47.0,9.0,8.0,0.0,0.0,0.0,0.0,0.0,0.0,0.0,0,0.0,,0.0,0.0,0,1.0,0.0,,0.0,-0.784
2005,CL,読売ジャイアンツ,61765115,真田　裕貴,H.Sanada,4.0,0.0,0.0,0.0,0.0,0.0,0.0,0.0,0.0,0.0,0.0,0,0.0,0.0,0.0,0,0.0,0.0,0.0,,,,0.0,0.0,0.0,0.0,,nan,nan,nan,nan,0.0,0.0,nan,nan,,0.0,0.0,0.0,4.0,0.0,0.0,0.0,0.0,0.0,0.0,,,0.0,0,0.0,,0.0,0.0,0,0.0,0.0,,nan,0.0
2005,CL,阪神タイガース,61765117,久保田　智之,T.Kubota,68.0,4.0,4.0,0.0,0.0,0.0,0.0,0.0,0.0,0.0,0.0,0,0.0,0.0,0.0,0,0.0,3.0,0.0,0.0,0.0,0.0,0.0,0.0,0.0,0.0,0.0,0.0,75.0,0.0,0.0,0.0,0.0,0.0,0.0,0.0,0.0,0.0,0.0,68.0,4.0,4.0,0.0,0.0,0.0,0.0,0.0,0.0,0.0,0,0.0,,0.0,0.0,0,0.0,0.0,,0.0,-0.392
2005,CL,中日ドラゴンズ,61865110,L.マルティネス,L.Martinez,18.0,38.0,35.0,1.0,2.0,0.0,0.0,0.0,2.0,1.0,0.0,0,3.0,0.0,0.0,0,0.0,24.0,1.0,0.057,0.057,0.057,0.114,2.0,0.0,0.0,0.057,0.0,63.1578947368421,0.0,0.18181818181818182,0.039900000000000005,76.0,0.0,0.058823529411764705,0.057,2.0,0.0,1.0,18.0,38.0,35.0,2.0,0.0,0.0,1.0,0.057,0.057,0.0,0,0.0,,2.0,0.0,0,3.0,0.0,,0.11428571428571428,-2.234
2005,CL,中日ドラゴンズ,61963888,福留　孝介,K.Fukudome,142.0,612.0,515.0,102.0,169.0,39.0,6.0,28.0,304.0,103.0,13,5,0.0,3.0,93.0,0,1.0,128.0,8.0,0.328,0.43,0.59,1.02,96.0,0.26199999999999996,0.10199999999999998,0.692,15.196078431372548,20.915032679738562,0.7265625,0.38950276243093923,0.34099999999999997,626.6666666666667,0.4524271844660194,1.1384180790960452,0.328,169.0,28.0,103.0,142.0,612.0,515.0,96.0,39.0,6.0,102.0,0.43,0.59,93.0,0,1.0,,304.0,13,5,0.0,3.0,,131.0,120.652
2005,CL,中日ドラゴンズ,61965119,中村　公治,K.Nakamura,20.0,32.0,29.0,4.0,4.0,0.0,1.0,0.0,6.0,3.0,0,1,0.0,0.0,3.0,0,0.0,8.0,0.0,0.138,0.219,0.207,0.426,3.0,0.06899999999999998,0.08099999999999999,0.288,9.375,25.0,0.375,0.19047619047619047,0.1503,288.0,0.20689655172413793,0.4,0.138,4.0,0.0,3.0,20.0,32.0,29.0,3.0,0.0,1.0,4.0,0.219,0.207,3.0,0,0.0,,6.0,0,1,0.0,0.0,,1.3125,1.2600000000000002
2005,CL,広島東洋カープ,63165110,E.フランコ,E.Franco,15.0,48.0,48.0,0.0,11.0,2.0,0.0,0.0,13.0,1.0,0.0,0,0.0,0.0,0.0,0,0.0,13.0,3.0,0.229,0.229,0.271,0.5,9.0,0.04200000000000001,0.0,0.271,0.0,27.083333333333332,0.0,0.3142857142857143,0.1708,319.33333333333337,0.041666666666666664,0.325,0.229,11.0,0.0,1.0,15.0,48.0,48.0,9.0,2.0,0.0,0.0,0.229,0.271,0.0,0,0.0,,13.0,0.0,0,0.0,0.0,,2.9791666666666665,2.313999999999999
2005,CL,東京ヤクルトスワローズ,63165113,A.ラミレス,A.Ramirez,146.0,629.0,596.0,70.0,168.0,19.0,1.0,32.0,285.0,104.0,5,1,0.0,3.0,23.0,0,7.0,121.0,13.0,0.282,0.315,0.478,0.7929999999999999,116.0,0.196,0.03300000000000003,0.511,3.6565977742448332,19.236883942766294,0.19008264462809918,0.30493273542600896,0.26125,474.3333333333333,0.23657718120805368,0.7165532879818595,0.282,168.0,32.0,104.0,146.0,629.0,596.0,116.0,19.0,1.0,70.0,0.315,0.478,23.0,0,7.0,,285.0,5,1,0.0,3.0,,87.94022617124394,86.93600000000002
2005,CL,読売ジャイアンツ,63463868,前田　幸長,Y.Maeda,50.0,0.0,0.0,0.0,0.0,0.0,0.0,0.0,0.0,0.0,0.0,0,0.0,0.0,0.0,0,0.0,0.0,0.0,,,,0.0,0.0,0.0,0.0,,nan,nan,nan,nan,0.0,0.0,nan,nan,,0.0,0.0,0.0,50.0,0.0,0.0,0.0,0.0,0.0,0.0,,,0.0,0,0.0,,0.0,0.0,0,0.0,0.0,,nan,0.0
2005,CL,横浜DeNAベイスターズ,65563868,石井　琢朗,T.Ishii,146.0,688.0,612.0,95.0,156.0,22.0,2.0,8.0,206.0,40.0,18,7,7.0,1.0,61.0,0,7.0,77.0,6.0,0.255,0.329,0.337,0.666,124.0,0.08200000000000002,0.07400000000000001,0.411,8.866279069767442,11.19186046511628,0.7922077922077922,0.2803030303030303,0.2323,441.33333333333337,0.19281045751633988,0.6082251082251082,0.255,156.0,8.0,40.0,146.0,688.0,612.0,124.0,22.0,2.0,95.0,0.329,0.337,61.0,0,7.0,,206.0,18,7,7.0,1.0,,66.42199108469539,70.452
2005,CL,中日ドラゴンズ,71073887,野口　茂樹,S.Noguchi,13.0,23.0,22.0,1.0,1.0,0.0,0.0,0.0,1.0,0.0,0.0,0,0.0,0.0,1.0,0,0.0,10.0,0.0,0.045,0.087,0.045,0.132,1.0,0.0,0.041999999999999996,0.087,4.3478260869565215,43.47826086956522,0.1,0.08333333333333333,0.0504,102.0,0.045454545454545456,0.09523809523809523,0.045,1.0,0.0,0.0,13.0,23.0,22.0,1.0,0.0,0.0,1.0,0.087,0.045,1.0,0,0.0,,1.0,0.0,0,0.0,0.0,,0.08695652173913043,-1.2280000000000002
2005,CL,阪神タイガース,71073888,藤川　球児,K.Fujikawa,80.0,2.0,2.0,0.0,0.0,0.0,0.0,0.0,0.0,0.0,0.0,0,0.0,0.0,0.0,0,0.0,2.0,0.0,0.0,0.0,0.0,0.0,0.0,0.0,0.0,0.0,0.0,100.0,0.0,nan,0.0,0.0,0.0,0.0,0.0,0.0,0.0,0.0,80.0,2.0,2.0,0.0,0.0,0.0,0.0,0.0,0.0,0.0,0,0.0,,0.0,0.0,0,0.0,0.0,,0.0,-0.196
2005,CL,中日ドラゴンズ,71075113,中里　篤史,A.Nakazato,2.0,1.0,1.0,0.0,0.0,0.0,0.0,0.0,0.0,0.0,0.0,0,0.0,0.0,0.0,0,0.0,1.0,0.0,0.0,0.0,0.0,0.0,0.0,0.0,0.0,0.0,0.0,100.0,0.0,nan,0.0,0.0,0.0,0.0,0.0,0.0,0.0,0.0,2.0,1.0,1.0,0.0,0.0,0.0,0.0,0.0,0.0,0.0,0,0.0,,0.0,0.0,0,0.0,0.0,,0.0,-0.098
2005,CL,中日ドラゴンズ,71173882,荒木　雅博,M.Araki,145.0,674.0,623.0,88.0,181.0,22.0,3.0,2.0,215.0,41.0,42,11,6.0,4.0,36.0,0,5.0,74.0,13.0,0.291,0.332,0.345,0.677,154.0,0.05399999999999999,0.041000000000000036,0.386,5.341246290801187,10.979228486646884,0.4864864864864865,0.3248638838475499,0.23565,447.0,0.13001605136436598,0.5868131868131868,0.291,181.0,2.0,41.0,145.0,674.0,623.0,154.0,22.0,3.0,88.0,0.332,0.345,36.0,0,5.0,,215.0,42,11,6.0,4.0,,70.79666160849773,71.034
2005,CL,中日ドラゴンズ,71175110,石井　裕也,Y.Ishii,24.0,4.0,4.0,0.0,1.0,1.0,0.0,0.0,2.0,2.0,0.0,0,0.0,0.0,0.0,0,0.0,1.0,0.0,0.25,0.25,0.5,0.75,0.0,0.25,0.0,0.5,0.0,25.0,0.0,0.3333333333333333,0.2375,416.66666666666663,0.25,0.6666666666666666,0.25,1.0,0.0,2.0,24.0,4.0,4.0,0.0,1.0,0.0,0.0,0.25,0.5,0.0,0,0.0,,2.0,0.0,0,0.0,0.0,,0.5,0.42599999999999993
2005,CL,中日ドラゴンズ,71175119,石川　賢,S.Ishikawa,2.0,0.0,0.0,0.0,0.0,0.0,0.0,0.0,0.0,0.0,0.0,0,0.0,0.0,0.0,0,0.0,0.0,0.0,,,,0.0,0.0,0.0,0.0,,nan,nan,nan,nan,0.0,0.0,nan,nan,,0.0,0.0,0.0,2.0,0.0,0.0,0.0,0.0,0.0,0.0,,,0.0,0,0.0,,0.0,0.0,0,0.0,0.0,,nan,0.0
2005,CL,広島東洋カープ,71275113,廣瀬　純,J.Hirose,43.0,43.0,39.0,4.0,12.0,2.0,0.0,0.0,14.0,2.0,0,1,0.0,1.0,2.0,0,1.0,14.0,1.0,0.308,0.349,0.359,0.708,10.0,0.05099999999999999,0.04099999999999998,0.3999999999999999,4.651162790697675,32.55813953488372,0.14285714285714285,0.46153846153846156,0.2468,468.66666666666663,0.1282051282051282,0.6428571428571429,0.308,12.0,0.0,2.0,43.0,43.0,39.0,10.0,2.0,0.0,4.0,0.349,0.359,2.0,0,1.0,,14.0,0,1,0.0,1.0,,4.780487804878049,4.9639999999999995
2005,CL,横浜DeNAベイスターズ,71275115,秦　裕二,Y.Hata,14.0,5.0,5.0,1.0,1.0,0.0,0.0,0.0,1.0,0.0,0.0,0,0.0,0.0,0.0,0,0.0,3.0,0.0,0.2,0.2,0.2,0.4,1.0,0.0,0.0,0.2,0.0,60.0,0.0,0.5,0.14,266.6666666666667,0.0,0.25,0.2,1.0,0.0,0.0,14.0,5.0,5.0,1.0,0.0,0.0,1.0,0.2,0.2,0.0,0,0.0,,1.0,0.0,0,0.0,0.0,,0.2,0.10799999999999998
2005,CL,中日ドラゴンズ,71373885,落合　英二,E.Ochiai,31.0,8.0,6.0,0.0,2.0,0.0,0.0,0.0,2.0,0.0,0.0,0,2.0,0.0,0.0,0,0.0,3.0,0.0,0.333,0.333,0.333,0.666,2.0,0.0,0.0,0.333,0.0,37.5,0.0,0.6666666666666666,0.23310000000000003,444.0,0.0,0.5,0.333,2.0,0.0,0.0,31.0,8.0,6.0,2.0,0.0,0.0,0.0,0.333,0.333,0.0,0,0.0,,2.0,0.0,0,2.0,0.0,,0.6666666666666666,0.608
2005,CL,阪神タイガース,71375111,葛城　育郎,I.Katsuragi,1.0,1.0,1.0,0.0,0.0,0.0,0.0,0.0,0.0,0.0,0.0,0,0.0,0.0,0.0,0,0.0,0.0,0.0,0.0,0.0,0.0,0.0,0.0,0.0,0.0,0.0,0.0,0.0,nan,0.0,0.0,0.0,0.0,0.0,0.0,0.0,0.0,0.0,1.0,1.0,1.0,0.0,0.0,0.0,0.0,0.0,0.0,0.0,0,0.0,,0.0,0.0,0,0.0,0.0,,0.0,-0.098
2005,CL,広島東洋カープ,71575113,甲斐　雅人,M.Kai,4.0,8.0,8.0,1.0,2.0,0.0,0.0,0.0,2.0,0.0,0.0,0,0.0,0.0,0.0,0,0.0,2.0,0.0,0.25,0.25,0.25,0.5,2.0,0.0,0.0,0.25,0.0,25.0,0.0,0.3333333333333333,0.175,333.3333333333333,0.0,0.3333333333333333,0.25,2.0,0.0,0.0,4.0,8.0,8.0,2.0,0.0,0.0,1.0,0.25,0.25,0.0,0,0.0,,2.0,0.0,0,0.0,0.0,,0.5,0.4119999999999999
2005,CL,横浜DeNAベイスターズ,71575115,小田嶋　正邦,M.Odajima,7.0,9.0,8.0,0.0,1.0,0.0,0.0,0.0,1.0,0.0,0.0,0,0.0,0.0,1.0,0,0.0,2.0,0.0,0.125,0.222,0.125,0.347,1.0,0.0,0.097,0.222,11.11111111111111,22.22222222222222,0.5,0.16666666666666666,0.13115,263.6666666666667,0.125,0.2857142857142857,0.125,1.0,0.0,0.0,7.0,9.0,8.0,1.0,0.0,0.0,0.0,0.222,0.125,1.0,0,0.0,,1.0,0.0,0,0.0,0.0,,0.2222222222222222,0.14400000000000002
2005,CL,横浜DeNAベイスターズ,71675110,K.ウィット,K.Witt,25.0,68.0,64.0,4.0,11.0,1.0,1.0,4.0,26.0,7.0,0.0,0,0.0,1.0,3.0,0,0.0,28.0,2.0,0.172,0.206,0.406,0.612,5.0,0.23400000000000004,0.034,0.44,4.411764705882353,41.17647058823529,0.10714285714285714,0.21212121212121213,0.19419999999999998,341.3333333333333,0.28125,0.5272727272727272,0.172,11.0,4.0,7.0,25.0,68.0,64.0,5.0,1.0,1.0,4.0,0.206,0.406,3.0,0,0.0,,26.0,0.0,0,0.0,1.0,,5.432835820895522,5.816
2005,CL,東京ヤクルトスワローズ,71773864,土橋　勝征,K.Dobashi,101.0,276.0,247.0,19.0,64.0,11.0,0.0,3.0,84.0,14.0,0,1,5.0,1.0,20.0,0,3.0,29.0,9.0,0.259,0.321,0.34,0.661,50.0,0.08100000000000002,0.062,0.402,7.246376811594203,10.507246376811594,0.6896551724137931,0.2824074074074074,0.22945,434.33333333333337,0.1659919028340081,0.5625,0.259,64.0,3.0,14.0,101.0,276.0,247.0,50.0,11.0,0.0,19.0,0.321,0.34,20.0,0,3.0,,84.0,0,1,5.0,1.0,,26.426966292134832,27.076000000000004
2005,CL,広島東洋カープ,71773880,高橋　建,K.Takahashi,14.0,5.0,4.0,0.0,0.0,0.0,0.0,0.0,0.0,0.0,0.0,0,1.0,0.0,0.0,0,0.0,4.0,0.0,0.0,0.0,0.0,0.0,0.0,0.0,0.0,0.0,0.0,80.0,0.0,nan,0.0,0.0,0.0,0.0,0.0,0.0,0.0,0.0,14.0,5.0,4.0,0.0,0.0,0.0,0.0,0.0,0.0,0.0,0,0.0,,0.0,0.0,0,1.0,0.0,,0.0,-0.392
2005,CL,読売ジャイアンツ,71775117,木佐貫　洋,H.Kisanuki,14.0,0.0,0.0,0.0,0.0,0.0,0.0,0.0,0.0,0.0,0.0,0,0.0,0.0,0.0,0,0.0,0.0,0.0,,,,0.0,0.0,0.0,0.0,,nan,nan,nan,nan,0.0,0.0,nan,nan,,0.0,0.0,0.0,14.0,0.0,0.0,0.0,0.0,0.0,0.0,,,0.0,0,0.0,,0.0,0.0,0,0.0,0.0,,nan,0.0
2005,CL,中日ドラゴンズ,71775119,佐藤　充,M.Satou,3.0,7.0,6.0,0.0,2.0,0.0,0.0,0.0,2.0,0.0,0.0,0,1.0,0.0,0.0,0,0.0,4.0,0.0,0.333,0.333,0.333,0.666,2.0,0.0,0.0,0.333,0.0,57.14285714285714,0.0,1.0,0.23310000000000003,444.0,0.0,0.5,0.333,2.0,0.0,0.0,3.0,7.0,6.0,2.0,0.0,0.0,0.0,0.333,0.333,0.0,0,0.0,,2.0,0.0,0,1.0,0.0,,0.6666666666666666,0.608
2005,CL,東京ヤクルトスワローズ,71875110,A.リグス,A.Riggs,107.0,329.0,310.0,49.0,95.0,25.0,1.0,14.0,164.0,44.0,4,3,0.0,2.0,15.0,0,2.0,64.0,9.0,0.306,0.34,0.529,0.869,55.0,0.22300000000000003,0.03400000000000003,0.5630000000000001,4.5592705167173255,19.45288753799392,0.234375,0.34615384615384615,0.28525,516.3333333333333,0.2806451612903226,0.8214285714285714,0.306,95.0,14.0,44.0,107.0,329.0,310.0,55.0,25.0,1.0,49.0,0.34,0.529,15.0,0,2.0,,164.0,4,3,0.0,2.0,,55.50769230769231,51.78000000000001
2005,CL,東京ヤクルトスワローズ,71875119,D.ゴンザレス,D.Gonzalez,27.0,22.0,19.0,4.0,5.0,3.0,0.0,0.0,8.0,4.0,0.0,0,2.0,0.0,0.0,0,1.0,4.0,0.0,0.263,0.3,0.421,0.721,2.0,0.15799999999999997,0.03699999999999998,0.4579999999999999,0.0,18.181818181818183,0.0,0.3333333333333333,0.24025000000000002,440.33333333333337,0.15789473684210525,0.6428571428571429,0.263,5.0,0.0,4.0,27.0,22.0,19.0,2.0,3.0,0.0,4.0,0.3,0.421,0.0,0,1.0,,8.0,0.0,0,2.0,0.0,,2.1052631578947367,2.1180000000000003
2005,CL,広島東洋カープ,71973882,長谷川　昌幸,M.Hasegawa,24.0,16.0,14.0,0.0,2.0,1.0,0.0,0.0,3.0,0.0,0.0,0,2.0,0.0,0.0,0,0.0,8.0,0.0,0.143,0.143,0.214,0.357,1.0,0.07100000000000001,0.0,0.214,0.0,50.0,0.0,0.3333333333333333,0.11784999999999998,214.33333333333331,0.07142857142857142,0.25,0.143,2.0,0.0,0.0,24.0,16.0,14.0,1.0,1.0,0.0,0.0,0.143,0.214,0.0,0,0.0,,3.0,0.0,0,2.0,0.0,,0.42857142857142855,0.04399999999999982
2005,CL,中日ドラゴンズ,71973889,平井　正史,M.Hirai,55.0,1.0,0.0,0.0,0.0,0.0,0.0,0.0,0.0,0.0,0.0,0,0.0,0.0,1.0,0,0.0,0.0,0.0,,1.0,,1.0,0.0,0.0,1.0,,100.0,0.0,nan,nan,0.45,1000.0,nan,nan,,0.0,0.0,0.0,55.0,1.0,0.0,0.0,0.0,0.0,0.0,1.0,,1.0,0,0.0,,0.0,0.0,0,0.0,0.0,,0.0,0.33
2005,CL,中日ドラゴンズ,71975115,髙橋　聡文,A.Takahashi,61.0,1.0,1.0,0.0,0.0,0.0,0.0,0.0,0.0,0.0,0.0,0,0.0,0.0,0.0,0,0.0,1.0,0.0,0.0,0.0,0.0,0.0,0.0,0.0,0.0,0.0,0.0,100.0,0.0,nan,0.0,0.0,0.0,0.0,0.0,0.0,0.0,0.0,61.0,1.0,1.0,0.0,0.0,0.0,0.0,0.0,0.0,0.0,0,0.0,,0.0,0.0,0,0.0,0.0,,0.0,-0.098
2005,CL,横浜DeNAベイスターズ,73373881,種田　仁,H.Taneda,145.0,606.0,529.0,66.0,164.0,24.0,1.0,9.0,217.0,61.0,7,3,10.0,2.0,60.0,0,5.0,62.0,16.0,0.31,0.384,0.41,0.794,130.0,0.09999999999999998,0.07400000000000001,0.484,9.900990099009901,10.231023102310232,0.967741935483871,0.33695652173913043,0.2753,520.6666666666666,0.21928166351606806,0.7480314960629921,0.31,164.0,9.0,61.0,145.0,606.0,529.0,130.0,24.0,1.0,66.0,0.384,0.41,60.0,0,5.0,,217.0,7,3,10.0,2.0,,82.52631578947368,82.5
2005,CL,広島東洋カープ,73375110,K.レイボーン,K.Rayborn,11.0,21.0,18.0,0.0,1.0,0.0,0.0,0.0,1.0,1.0,0.0,0,2.0,0.0,1.0,0,0.0,12.0,0.0,0.056,0.105,0.056,0.161,1.0,0.0,0.048999999999999995,0.105,4.761904761904762,57.14285714285714,0.08333333333333333,0.16666666666666666,0.06125,123.66666666666666,0.05555555555555555,0.11764705882352941,0.056,1.0,0.0,1.0,11.0,21.0,18.0,1.0,0.0,0.0,0.0,0.105,0.056,1.0,0,0.0,,1.0,0.0,0,2.0,0.0,,0.10526315789473684,-0.8360000000000001
2005,CL,東京ヤクルトスワローズ,81083882,三木　肇,H.Miki,23.0,11.0,11.0,4.0,4.0,0.0,1.0,0.0,6.0,1.0,1,0,0.0,0.0,0.0,0,0.0,2.0,0.0,0.364,0.364,0.545,0.909,3.0,0.18100000000000005,0.0,0.545,0.0,18.181818181818183,0.0,0.4444444444444444,0.30005000000000004,545.6666666666666,0.18181818181818182,0.8571428571428571,0.364,4.0,0.0,1.0,23.0,11.0,11.0,3.0,0.0,1.0,4.0,0.364,0.545,0.0,0,0.0,,6.0,1,0,0.0,0.0,,2.1818181818181817,1.854
2005,CL,読売ジャイアンツ,81085110,野間口　貴彦,T.Nomaguchi,11.0,11.0,9.0,1.0,1.0,0.0,0.0,0.0,1.0,0.0,0.0,0,2.0,0.0,0.0,0,0.0,5.0,0.0,0.111,0.111,0.111,0.222,1.0,0.0,0.0,0.111,0.0,45.45454545454545,0.0,0.25,0.0777,148.0,0.0,0.125,0.111,1.0,0.0,0.0,11.0,11.0,9.0,1.0,0.0,0.0,1.0,0.111,0.111,0.0,0,0.0,,1.0,0.0,0,2.0,0.0,,0.1111111111111111,-0.28400000000000003
2005,CL,阪神タイガース,81085111,前田　忠節,T.Maeda,3.0,0.0,0.0,0.0,0.0,0.0,0.0,0.0,0.0,0.0,0.0,0,0.0,0.0,0.0,0,0.0,0.0,0.0,,,,0.0,0.0,0.0,0.0,,nan,nan,nan,nan,0.0,0.0,nan,nan,,0.0,0.0,0.0,3.0,0.0,0.0,0.0,0.0,0.0,0.0,,,0.0,0,0.0,,0.0,0.0,0,0.0,0.0,,nan,0.0
2005,CL,東京ヤクルトスワローズ,81085117,館山　昌平,S.Tateyama,26.0,49.0,43.0,2.0,6.0,0.0,0.0,0.0,6.0,2.0,0.0,0,5.0,0.0,1.0,0,0.0,26.0,1.0,0.14,0.159,0.14,0.29900000000000004,6.0,0.0,0.01899999999999999,0.159,2.0408163265306123,53.06122448979592,0.038461538461538464,0.35294117647058826,0.10655,205.66666666666666,0.023255813953488372,0.18421052631578946,0.14,6.0,0.0,2.0,26.0,49.0,43.0,6.0,0.0,0.0,2.0,0.159,0.14,1.0,0,0.0,,6.0,0.0,0,5.0,0.0,,0.9545454545454546,-0.29600000000000026
2005,CL,中日ドラゴンズ,81183882,大友　進,S.Ootomo,18.0,30.0,27.0,2.0,5.0,0.0,0.0,0.0,5.0,1.0,0.0,0,0.0,0.0,3.0,0,0.0,6.0,0.0,0.185,0.267,0.185,0.452,5.0,0.0,0.08200000000000002,0.267,10.0,20.0,0.5,0.23809523809523808,0.1664,328.6666666666667,0.1111111111111111,0.36363636363636365,0.185,5.0,0.0,1.0,18.0,30.0,27.0,5.0,0.0,0.0,2.0,0.267,0.185,3.0,0,0.0,,5.0,0.0,0,0.0,0.0,,1.3333333333333333,1.334
2005,CL,中日ドラゴンズ,81183888,岩瀬　仁紀,H.Iwase,60.0,1.0,1.0,0.0,0.0,0.0,0.0,0.0,0.0,0.0,0.0,0,0.0,0.0,0.0,0,0.0,1.0,0.0,0.0,0.0,0.0,0.0,0.0,0.0,0.0,0.0,0.0,100.0,0.0,nan,0.0,0.0,0.0,0.0,0.0,0.0,0.0,0.0,60.0,1.0,1.0,0.0,0.0,0.0,0.0,0.0,0.0,0.0,0,0.0,,0.0,0.0,0,0.0,0.0,,0.0,-0.098
2005,CL,広島東洋カープ,81185110,梅津　智弘,T.Umetsu,33.0,1.0,1.0,0.0,0.0,0.0,0.0,0.0,0.0,0.0,0.0,0,0.0,0.0,0.0,0,0.0,1.0,0.0,0.0,0.0,0.0,0.0,0.0,0.0,0.0,0.0,0.0,100.0,0.0,nan,0.0,0.0,0.0,0.0,0.0,0.0,0.0,0.0,33.0,1.0,1.0,0.0,0.0,0.0,0.0,0.0,0.0,0.0,0,0.0,,0.0,0.0,0,0.0,0.0,,0.0,-0.098
2005,CL,読売ジャイアンツ,81185119,内海　哲也,T.Utsumi,26.0,28.0,27.0,1.0,3.0,0.0,0.0,0.0,3.0,0.0,0.0,0,1.0,0.0,0.0,0,0.0,17.0,0.0,0.111,0.111,0.111,0.222,3.0,0.0,0.0,0.111,0.0,60.71428571428571,0.0,0.3,0.0777,148.0,0.0,0.125,0.111,3.0,0.0,0.0,26.0,28.0,27.0,3.0,0.0,0.0,1.0,0.111,0.111,0.0,0,0.0,,3.0,0.0,0,1.0,0.0,,0.3333333333333333,-0.8520000000000003
2005,CL,阪神タイガース,81283883,下柳　剛,T.Shimoyanagi,24.0,43.0,36.0,1.0,4.0,0.0,0.0,0.0,4.0,1.0,0.0,0,7.0,0.0,0.0,0,0.0,18.0,2.0,0.111,0.111,0.111,0.222,4.0,0.0,0.0,0.111,0.0,41.86046511627907,0.0,0.2222222222222222,0.0777,148.0,0.0,0.11764705882352941,0.111,4.0,0.0,1.0,24.0,43.0,36.0,4.0,0.0,0.0,1.0,0.111,0.111,0.0,0,0.0,,4.0,0.0,0,7.0,0.0,,0.4444444444444444,-1.1360000000000001
2005,CL,横浜DeNAベイスターズ,81285111,村西　哲幸,T.Muranishi,4.0,0.0,0.0,0.0,0.0,0.0,0.0,0.0,0.0,0.0,0.0,0,0.0,0.0,0.0,0,0.0,0.0,0.0,,,,0.0,0.0,0.0,0.0,,nan,nan,nan,nan,0.0,0.0,nan,nan,,0.0,0.0,0.0,4.0,0.0,0.0,0.0,0.0,0.0,0.0,,,0.0,0,0.0,,0.0,0.0,0,0.0,0.0,,nan,0.0
2005,CL,読売ジャイアンツ,81383886,川中　基嗣,M.Kawanaka,55.0,101.0,93.0,12.0,26.0,3.0,0.0,5.0,44.0,14.0,1,0,0.0,0.0,6.0,0,2.0,10.0,1.0,0.28,0.337,0.473,0.81,18.0,0.19299999999999995,0.056999999999999995,0.53,5.9405940594059405,9.900990099009901,0.6,0.2692307692307692,0.26990000000000003,494.6666666666667,0.25806451612903225,0.7647058823529411,0.28,26.0,5.0,14.0,55.0,101.0,93.0,18.0,3.0,0.0,12.0,0.337,0.473,6.0,0,2.0,,44.0,1,0,0.0,0.0,,14.222222222222221,14.434000000000001
2005,CL,読売ジャイアンツ,81385110,亀井　善行,Y.Kamei,20.0,45.0,42.0,1.0,6.0,2.0,0.0,0.0,8.0,1.0,0.0,0,1.0,0.0,1.0,0,1.0,15.0,0.0,0.143,0.182,0.19,0.372,4.0,0.047000000000000014,0.03900000000000001,0.229,2.2222222222222223,33.33333333333333,0.06666666666666667,0.2222222222222222,0.12940000000000002,245.33333333333334,0.07142857142857142,0.2777777777777778,0.143,6.0,0.0,1.0,20.0,45.0,42.0,4.0,2.0,0.0,1.0,0.182,0.19,1.0,0,1.0,,8.0,0.0,0,1.0,0.0,,1.302325581395349,0.5719999999999996
2005,CL,広島東洋カープ,81385111,木村　考壱朗,K.Kimura,27.0,35.0,31.0,2.0,7.0,0.0,0.0,1.0,10.0,3.0,0.0,0,1.0,0.0,3.0,0,0.0,6.0,1.0,0.226,0.294,0.323,0.617,6.0,0.097,0.06799999999999998,0.391,8.571428571428571,17.142857142857142,0.5,0.25,0.21305000000000002,401.6666666666667,0.1935483870967742,0.52,0.226,7.0,1.0,3.0,27.0,35.0,31.0,6.0,0.0,0.0,2.0,0.294,0.323,3.0,0,0.0,,10.0,0.0,0,1.0,0.0,,2.9411764705882355,3.0779999999999994
2005,CL,中日ドラゴンズ,81385119,川岸　強,T.Kawagishi,23.0,1.0,1.0,0.0,0.0,0.0,0.0,0.0,0.0,0.0,0.0,0,0.0,0.0,0.0,0,0.0,0.0,0.0,0.0,0.0,0.0,0.0,0.0,0.0,0.0,0.0,0.0,0.0,nan,0.0,0.0,0.0,0.0,0.0,0.0,0.0,0.0,0.0,23.0,1.0,1.0,0.0,0.0,0.0,0.0,0.0,0.0,0.0,0,0.0,,0.0,0.0,0,0.0,0.0,,0.0,-0.098
2005,CL,広島東洋カープ,81485110,森　跳二,C.Mori,15.0,0.0,0.0,0.0,0.0,0.0,0.0,0.0,0.0,0.0,0.0,0,0.0,0.0,0.0,0,0.0,0.0,0.0,,,,0.0,0.0,0.0,0.0,,nan,nan,nan,nan,0.0,0.0,nan,nan,,0.0,0.0,0.0,15.0,0.0,0.0,0.0,0.0,0.0,0.0,,,0.0,0,0.0,,0.0,0.0,0,0.0,0.0,,nan,0.0
2005,CL,横浜DeNAベイスターズ,81485117,村田　修一,S.Murata,136.0,539.0,477.0,60.0,120.0,32.0,2.0,24.0,228.0,82.0,1.0,1,3.0,4.0,44.0,0,11.0,124.0,15.0,0.252,0.326,0.478,0.804,62.0,0.22599999999999998,0.07400000000000001,0.552,8.16326530612245,23.00556586270872,0.3548387096774194,0.2882882882882883,0.2662,485.3333333333333,0.32075471698113206,0.7634408602150538,0.252,120.0,24.0,82.0,136.0,539.0,477.0,62.0,32.0,2.0,60.0,0.326,0.478,44.0,0,11.0,,228.0,1.0,1,3.0,4.0,,71.76967370441459,74.02400000000002
2005,CL,広島東洋カープ,81583866,緒方　孝市,K.Ogata,122.0,490.0,431.0,60.0,132.0,22.0,2.0,21.0,221.0,57.0,3,5,2.0,3.0,46.0,0,8.0,65.0,2.0,0.306,0.381,0.513,0.894,87.0,0.20700000000000002,0.07500000000000001,0.5880000000000001,9.387755102040817,13.26530612244898,0.7076923076923077,0.31896551724137934,0.2997,552.0,0.3248259860788863,0.9302325581395349,0.306,132.0,21.0,57.0,122.0,490.0,431.0,87.0,22.0,2.0,60.0,0.381,0.513,46.0,0,8.0,,221.0,3,5,2.0,3.0,,82.46960167714884,81.078
2005,CL,読売ジャイアンツ,81583888,酒井　順也,J.Sakai,9.0,0.0,0.0,0.0,0.0,0.0,0.0,0.0,0.0,0.0,0.0,0,0.0,0.0,0.0,0,0.0,0.0,0.0,,,,0.0,0.0,0.0,0.0,,nan,nan,nan,nan,0.0,0.0,nan,nan,,0.0,0.0,0.0,9.0,0.0,0.0,0.0,0.0,0.0,0.0,,,0.0,0,0.0,,0.0,0.0,0,0.0,0.0,,nan,0.0
2005,CL,読売ジャイアンツ,81585111,條辺　剛,T.Joube,4.0,0.0,0.0,0.0,0.0,0.0,0.0,0.0,0.0,0.0,0.0,0,0.0,0.0,0.0,0,0.0,0.0,0.0,,,,0.0,0.0,0.0,0.0,,nan,nan,nan,nan,0.0,0.0,nan,nan,,0.0,0.0,0.0,4.0,0.0,0.0,0.0,0.0,0.0,0.0,,,0.0,0,0.0,,0.0,0.0,0,0.0,0.0,,nan,0.0
2005,CL,阪神タイガース,81585119,桟原　将司,M.Sajikihara,26.0,5.0,4.0,0.0,0.0,0.0,0.0,0.0,0.0,0.0,0.0,0,1.0,0.0,0.0,0,0.0,3.0,0.0,0.0,0.0,0.0,0.0,0.0,0.0,0.0,0.0,0.0,60.0,0.0,0.0,0.0,0.0,0.0,0.0,0.0,0.0,0.0,0.0,26.0,5.0,4.0,0.0,0.0,0.0,0.0,0.0,0.0,0.0,0,0.0,,0.0,0.0,0,1.0,0.0,,0.0,-0.392
2005,CL,阪神タイガース,81685110,J.ブラウン,J.Brown,11.0,7.0,7.0,0.0,0.0,0.0,0.0,0.0,0.0,0.0,0.0,0,0.0,0.0,0.0,0,0.0,4.0,0.0,0.0,0.0,0.0,0.0,0.0,0.0,0.0,0.0,0.0,57.14285714285714,0.0,0.0,0.0,0.0,0.0,0.0,0.0,0.0,0.0,0.0,11.0,7.0,7.0,0.0,0.0,0.0,0.0,0.0,0.0,0.0,0,0.0,,0.0,0.0,0,0.0,0.0,,0.0,-0.686
2005,CL,中日ドラゴンズ,81685115,ドミンゴ,D.Guzman,3.0,3.0,3.0,0.0,0.0,0.0,0.0,0.0,0.0,0.0,0.0,0,0.0,0.0,0.0,0,0.0,1.0,0.0,0.0,0.0,0.0,0.0,0.0,0.0,0.0,0.0,0.0,33.33333333333333,0.0,0.0,0.0,0.0,0.0,0.0,0.0,0.0,0.0,0.0,3.0,3.0,3.0,0.0,0.0,0.0,0.0,0.0,0.0,0.0,0,0.0,,0.0,0.0,0,0.0,0.0,,0.0,-0.29400000000000004
2005,CL,阪神タイガース,81685117,林　威助,U.Rin,8.0,14.0,12.0,3.0,5.0,0.0,0.0,1.0,8.0,2.0,0.0,0,0.0,0.0,2.0,0,0.0,1.0,0.0,0.417,0.5,0.667,1.167,4.0,0.25000000000000006,0.08300000000000002,0.75,14.285714285714285,7.142857142857142,2.0,0.4,0.39175000000000004,722.3333333333334,0.4166666666666667,1.4285714285714286,0.417,5.0,1.0,2.0,8.0,14.0,12.0,4.0,0.0,0.0,3.0,0.5,0.667,2.0,0,0.0,,8.0,0.0,0,0.0,0.0,,4.0,3.4139999999999997
2005,CL,阪神タイガース,81783884,関本　賢太郎,K.Sekimoto,97.0,266.0,229.0,37.0,68.0,13.0,1.0,0.0,83.0,24.0,1.0,1,11.0,2.0,23.0,0,1.0,46.0,4.0,0.297,0.361,0.362,0.723,54.0,0.065,0.064,0.426,8.646616541353383,17.293233082706767,0.5,0.3675675675675676,0.25295,481.66666666666663,0.1703056768558952,0.6545454545454545,0.297,68.0,0.0,24.0,97.0,266.0,229.0,54.0,13.0,1.0,37.0,0.361,0.362,23.0,0,1.0,,83.0,1.0,1,11.0,2.0,,29.97222222222222,29.722
2005,CL,横浜DeNAベイスターズ,81785110,染田　賢作,K.Someda,1.0,0.0,0.0,0.0,0.0,0.0,0.0,0.0,0.0,0.0,0.0,0,0.0,0.0,0.0,0,0.0,0.0,0.0,,,,0.0,0.0,0.0,0.0,,nan,nan,nan,nan,0.0,0.0,nan,nan,,0.0,0.0,0.0,1.0,0.0,0.0,0.0,0.0,0.0,0.0,,,0.0,0,0.0,,0.0,0.0,0,0.0,0.0,,nan,0.0
2005,CL,東京ヤクルトスワローズ,81785115,志田　宗大,M.Shida,26.0,27.0,25.0,7.0,3.0,0.0,0.0,0.0,3.0,3.0,1,0,1.0,0.0,0.0,0,1.0,7.0,1.0,0.12,0.154,0.12,0.274,3.0,0.0,0.034,0.154,0.0,25.925925925925924,0.0,0.16666666666666666,0.0993,194.0,0.0,0.17391304347826086,0.12,3.0,0.0,3.0,26.0,27.0,25.0,3.0,0.0,0.0,7.0,0.154,0.12,0.0,0,1.0,,3.0,1,0,1.0,0.0,,0.36,-0.32600000000000007
2005,CL,横浜DeNAベイスターズ,81785117,河野　友軌,Y.Kouno,3.0,1.0,1.0,0.0,0.0,0.0,0.0,0.0,0.0,0.0,0.0,0,0.0,0.0,0.0,0,0.0,1.0,0.0,0.0,0.0,0.0,0.0,0.0,0.0,0.0,0.0,0.0,100.0,0.0,nan,0.0,0.0,0.0,0.0,0.0,0.0,0.0,0.0,3.0,1.0,1.0,0.0,0.0,0.0,0.0,0.0,0.0,0.0,0,0.0,,0.0,0.0,0,0.0,0.0,,0.0,-0.098
2005,CL,阪神タイガース,81983888,福原　忍,S.Fukuhara,28.0,45.0,37.0,1.0,2.0,0.0,0.0,0.0,2.0,2.0,0.0,0,5.0,0.0,3.0,0,0.0,18.0,5.0,0.054,0.125,0.054,0.179,2.0,0.0,0.07100000000000001,0.125,6.666666666666667,40.0,0.16666666666666666,0.10526315789473684,0.06975,143.0,0.08108108108108109,0.125,0.054,2.0,0.0,2.0,28.0,45.0,37.0,2.0,0.0,0.0,1.0,0.125,0.054,3.0,0,0.0,,2.0,0.0,0,5.0,0.0,,0.25,-1.4400000000000002
2005,CL,読売ジャイアンツ,83385113,B.シコースキー,B.Sikorski,70.0,3.0,3.0,1.0,1.0,1.0,0.0,0.0,2.0,2.0,0.0,0,0.0,0.0,0.0,0,0.0,1.0,0.0,0.333,0.333,0.667,1.0,0.0,0.334,0.0,0.667,0.0,33.33333333333333,0.0,0.5,0.3166,555.3333333333334,0.3333333333333333,1.0,0.333,1.0,0.0,2.0,70.0,3.0,3.0,0.0,1.0,0.0,1.0,0.333,0.667,0.0,0,0.0,,2.0,0.0,0,0.0,0.0,,0.6666666666666666,0.524
2005,CL,中日ドラゴンズ,85583868,谷繁　元信,M.Tanishige,141.0,537.0,449.0,58.0,105.0,22.0,0.0,14.0,169.0,65.0,3,2,8.0,6.0,69.0,0,5.0,106.0,10.0,0.234,0.338,0.376,0.714,69.0,0.142,0.10400000000000001,0.48,12.849162011173185,19.73929236499069,0.6509433962264151,0.2716417910447761,0.2461,463.33333333333337,0.30066815144766146,0.692090395480226,0.234,105.0,14.0,65.0,141.0,537.0,449.0,69.0,22.0,0.0,58.0,0.338,0.376,69.0,0,5.0,,169.0,3,2,8.0,6.0,,56.76833976833977,61.568
2005,CL,東京ヤクルトスワローズ,91095111,藤井　秀悟,S.Fujii,30.0,50.0,47.0,1.0,6.0,0.0,0.0,0.0,6.0,2.0,0.0,0,2.0,0.0,1.0,0,0.0,17.0,0.0,0.128,0.146,0.128,0.274,6.0,0.0,0.017999999999999988,0.146,2.0,34.0,0.058823529411764705,0.2,0.0977,188.66666666666666,0.02127659574468085,0.17073170731707318,0.128,6.0,0.0,2.0,30.0,50.0,47.0,6.0,0.0,0.0,1.0,0.146,0.128,1.0,0,0.0,,6.0,0.0,0,2.0,0.0,,0.875,-0.6879999999999997
2005,CL,広島東洋カープ,91095119,比嘉　寿光,T.Higa,8.0,17.0,16.0,3.0,3.0,1.0,0.0,1.0,7.0,2.0,0.0,0,0.0,0.0,1.0,0,0.0,4.0,0.0,0.188,0.235,0.438,0.673,1.0,0.25,0.046999999999999986,0.485,5.88235294117647,23.52941176470588,0.25,0.18181818181818182,0.21525,381.0,0.3125,0.6153846153846154,0.188,3.0,1.0,2.0,8.0,17.0,16.0,1.0,1.0,0.0,3.0,0.235,0.438,1.0,0,0.0,,7.0,0.0,0,0.0,0.0,,1.6470588235294117,1.7160000000000002
2005,CL,東京ヤクルトスワローズ,91193886,五十嵐　亮太,R.Igarashi,49.0,1.0,0.0,0.0,0.0,0.0,0.0,0.0,0.0,0.0,0.0,0,1.0,0.0,0.0,0,0.0,0.0,0.0,,,,0.0,0.0,0.0,0.0,,0.0,0.0,nan,nan,0.0,0.0,nan,nan,,0.0,0.0,0.0,49.0,1.0,0.0,0.0,0.0,0.0,0.0,,,0.0,0,0.0,,0.0,0.0,0,1.0,0.0,,nan,0.0
2005,CL,阪神タイガース,91195113,赤星　憲広,N.Akahoshi,145.0,689.0,601.0,119.0,190.0,15.0,9.0,1.0,226.0,38.0,60,12,8.0,3.0,69.0,0,8.0,90.0,3.0,0.316,0.392,0.376,0.768,165.0,0.06,0.07600000000000001,0.452,10.014513788098693,13.062409288824384,0.7666666666666667,0.3684210526315789,0.2704,517.3333333333333,0.194675540765391,0.7608695652173914,0.316,190.0,1.0,38.0,145.0,689.0,601.0,165.0,15.0,9.0,119.0,0.392,0.376,69.0,0,8.0,,226.0,60,12,8.0,3.0,,87.36417910447761,91.392
2005,CL,広島東洋カープ,91195115,天野　浩一,K.Amano,14.0,0.0,0.0,0.0,0.0,0.0,0.0,0.0,0.0,0.0,0.0,0,0.0,0.0,0.0,0,0.0,0.0,0.0,,,,0.0,0.0,0.0,0.0,,nan,nan,nan,nan,0.0,0.0,nan,nan,,0.0,0.0,0.0,14.0,0.0,0.0,0.0,0.0,0.0,0.0,,,0.0,0,0.0,,0.0,0.0,0,0.0,0.0,,nan,0.0
2005,CL,阪神タイガース,91293881,野口　寿浩,T.Noguchi,18.0,32.0,31.0,2.0,5.0,2.0,0.0,0.0,7.0,1.0,0.0,0,0.0,0.0,1.0,0,0.0,11.0,0.0,0.161,0.188,0.226,0.41400000000000003,3.0,0.065,0.026999999999999996,0.253,3.125,34.375,0.09090909090909091,0.25,0.1411,263.3333333333333,0.0967741935483871,0.3076923076923077,0.161,5.0,0.0,1.0,18.0,32.0,31.0,3.0,2.0,0.0,2.0,0.188,0.226,1.0,0,0.0,,7.0,0.0,0,0.0,0.0,,1.3125,0.722
2005,CL,東京ヤクルトスワローズ,91293887,真中　満,M.Manaka,99.0,244.0,225.0,20.0,68.0,12.0,0.0,5.0,95.0,28.0,2,1,3.0,1.0,15.0,0,0.0,29.0,11.0,0.302,0.344,0.422,0.766,51.0,0.12,0.04199999999999998,0.4639999999999999,6.147540983606557,11.885245901639344,0.5172413793103449,0.328125,0.2603,484.66666666666663,0.19111111111111112,0.6607142857142857,0.302,68.0,5.0,28.0,99.0,244.0,225.0,51.0,12.0,0.0,20.0,0.344,0.422,15.0,0,0.0,,95.0,2,1,3.0,1.0,,32.854166666666664,31.084000000000003
2005,CL,東京ヤクルトスワローズ,91293889,度会　博文,H.Watarai,45.0,64.0,60.0,1.0,7.0,1.0,0.0,0.0,8.0,0.0,0,1,3.0,0.0,1.0,0,0.0,10.0,0.0,0.117,0.131,0.133,0.264,6.0,0.016,0.013999999999999999,0.147,1.5625,15.625,0.1,0.14,0.0922,175.33333333333334,0.05,0.18867924528301888,0.117,7.0,0.0,0.0,45.0,64.0,60.0,6.0,1.0,0.0,1.0,0.131,0.133,1.0,0,0.0,,8.0,0,1,3.0,0.0,,1.0491803278688525,-0.9640000000000004
2005,CL,横浜DeNAベイスターズ,91295117,龍太郎,R.Ryoutarou（doi,13.0,10.0,9.0,1.0,0.0,0.0,0.0,0.0,0.0,0.0,0.0,0,0.0,0.0,1.0,0,0.0,6.0,2.0,0.0,0.1,0.0,0.1,0.0,0.0,0.1,0.1,10.0,60.0,0.16666666666666666,0.0,0.045000000000000005,100.0,0.1111111111111111,0.09090909090909091,0.0,0.0,0.0,0.0,13.0,10.0,9.0,0.0,0.0,0.0,1.0,0.1,0.0,1.0,0,0.0,,0.0,0.0,0,0.0,0.0,,0.0,-0.552
2005,CL,読売ジャイアンツ,91393886,小田　幸平,K.Oda,31.0,66.0,62.0,4.0,13.0,2.0,0.0,0.0,15.0,5.0,0,1,3.0,0.0,0.0,0,1.0,17.0,1.0,0.21,0.222,0.242,0.46399999999999997,11.0,0.032,0.01200000000000001,0.254,0.0,25.757575757575758,0.0,0.28888888888888886,0.1604,302.66666666666663,0.04838709677419355,0.34,0.21,13.0,0.0,5.0,31.0,66.0,62.0,11.0,2.0,0.0,4.0,0.222,0.242,0.0,0,1.0,,15.0,0,1,3.0,0.0,,3.1451612903225805,2.647999999999999
2005,CL,広島東洋カープ,91393888,小山田　保裕,Y.Oyamada,18.0,33.0,27.0,0.0,0.0,0.0,0.0,0.0,0.0,0.0,0.0,0,6.0,0.0,0.0,0,0.0,16.0,1.0,0.0,0.0,0.0,0.0,0.0,0.0,0.0,0.0,0.0,48.484848484848484,0.0,0.0,0.0,0.0,0.0,0.0,0.0,0.0,0.0,0.0,18.0,33.0,27.0,0.0,0.0,0.0,0.0,0.0,0.0,0.0,0,0.0,,0.0,0.0,0,6.0,0.0,,0.0,-2.646
2005,CL,阪神タイガース,91395111,上坂　太一郎,T.Kamisaka,25.0,18.0,13.0,1.0,2.0,1.0,0.0,0.0,3.0,1.0,0.0,0,3.0,0.0,2.0,0,0.0,1.0,0.0,0.154,0.267,0.231,0.498,1.0,0.07700000000000001,0.11300000000000002,0.344,11.11111111111111,5.555555555555555,2.0,0.16666666666666666,0.1779,344.0,0.23076923076923078,0.45454545454545453,0.154,2.0,0.0,1.0,25.0,18.0,13.0,1.0,1.0,0.0,1.0,0.267,0.231,2.0,0,0.0,,3.0,0.0,0,3.0,0.0,,0.8,0.8019999999999998
2005,CL,阪神タイガース,91493885,町田　公二郎,K.Machida,34.0,37.0,32.0,3.0,6.0,1.0,0.0,0.0,7.0,3.0,0.0,0,0.0,0.0,4.0,0,1.0,9.0,1.0,0.188,0.297,0.219,0.516,5.0,0.031,0.10899999999999999,0.3279999999999999,10.81081081081081,24.324324324324326,0.4444444444444444,0.2608695652173913,0.18839999999999998,370.0,0.15625,0.4444444444444444,0.188,6.0,0.0,3.0,34.0,37.0,32.0,5.0,1.0,0.0,3.0,0.297,0.219,4.0,0,1.0,,7.0,0.0,0,0.0,0.0,,1.9444444444444444,2.322
2005,CL,中日ドラゴンズ,91495115,前田　章宏,A.Maeda,8.0,7.0,6.0,0.0,0.0,0.0,0.0,0.0,0.0,1.0,0.0,0,0.0,0.0,1.0,0,0.0,1.0,0.0,0.0,0.143,0.0,0.143,0.0,0.0,0.143,0.143,14.285714285714285,14.285714285714285,1.0,0.0,0.06434999999999999,143.0,0.16666666666666666,0.16666666666666666,0.0,0.0,0.0,1.0,8.0,7.0,6.0,0.0,0.0,0.0,0.0,0.143,0.0,1.0,0,0.0,,0.0,0.0,0,0.0,0.0,,0.0,-0.25800000000000006
2005,CL,読売ジャイアンツ,91593882,清水　崇行,T.Shimizu,127.0,531.0,490.0,76.0,147.0,24.0,3.0,15.0,222.0,50.0,4,3,5.0,3.0,32.0,0,1.0,44.0,5.0,0.3,0.342,0.453,0.795,105.0,0.15300000000000002,0.04200000000000004,0.495,6.0263653483992465,8.286252354048965,0.7272727272727273,0.30414746543778803,0.26715,493.0,0.22448979591836735,0.7413793103448276,0.3,147.0,15.0,50.0,127.0,531.0,490.0,105.0,24.0,3.0,76.0,0.342,0.453,32.0,0,1.0,,222.0,4,3,5.0,3.0,,76.1264367816092,72.316
2005,CL,横浜DeNAベイスターズ,91593888,金城　龍彦,T.Kinjou,144.0,642.0,590.0,70.0,191.0,30.0,1.0,12.0,259.0,87.0,1,2,5.0,8.0,32.0,0,7.0,63.0,6.0,0.324,0.361,0.439,0.8,148.0,0.11499999999999999,0.03699999999999998,0.476,4.984423676012461,9.813084112149532,0.5079365079365079,0.3422562141491396,0.2722,507.3333333333333,0.17288135593220338,0.7407407407407407,0.324,191.0,12.0,87.0,144.0,642.0,590.0,148.0,30.0,1.0,70.0,0.361,0.439,32.0,0,7.0,,259.0,1,2,5.0,8.0,,92.85691318327974,88.048
2005,CL,横浜DeNAベイスターズ,91595110,岸本　秀樹,H.Kishimoto,15.0,1.0,1.0,0.0,0.0,0.0,0.0,0.0,0.0,0.0,0.0,0,0.0,0.0,0.0,0,0.0,1.0,0.0,0.0,0.0,0.0,0.0,0.0,0.0,0.0,0.0,0.0,100.0,0.0,nan,0.0,0.0,0.0,0.0,0.0,0.0,0.0,0.0,15.0,1.0,1.0,0.0,0.0,0.0,0.0,0.0,0.0,0.0,0,0.0,,0.0,0.0,0,0.0,0.0,,0.0,-0.098
2005,CL,広島東洋カープ,91595111,佐竹　健太,K.Satake,50.0,0.0,0.0,0.0,0.0,0.0,0.0,0.0,0.0,0.0,0.0,0,0.0,0.0,0.0,0,0.0,0.0,0.0,,,,0.0,0.0,0.0,0.0,,nan,nan,nan,nan,0.0,0.0,nan,nan,,0.0,0.0,0.0,50.0,0.0,0.0,0.0,0.0,0.0,0.0,,,0.0,0,0.0,,0.0,0.0,0,0.0,0.0,,nan,0.0
2005,CL,読売ジャイアンツ,91693882,T.ローズ,T.Rhodes,101.0,445.0,379.0,54.0,91.0,9.0,0.0,27.0,181.0,70.0,2,0,0.0,7.0,55.0,0,4.0,125.0,12.0,0.24,0.337,0.478,0.815,55.0,0.238,0.09700000000000003,0.575,12.359550561797752,28.08988764044944,0.44,0.27350427350427353,0.27115,496.33333333333337,0.38258575197889183,0.8,0.24,91.0,27.0,70.0,101.0,445.0,379.0,55.0,9.0,0.0,54.0,0.337,0.478,55.0,0,4.0,,181.0,2,0,0.0,7.0,,60.88940092165899,64.10599999999998
2005,CL,広島東洋カープ,91695119,G.ラロッカ,G.Larocca,80.0,296.0,267.0,40.0,81.0,12.0,1.0,18.0,149.0,56.0,0.0,0,0.0,1.0,18.0,0,10.0,30.0,8.0,0.303,0.368,0.558,0.926,50.0,0.25500000000000006,0.065,0.623,6.081081081081082,10.135135135135135,0.6,0.2863636363636364,0.30510000000000004,554.0,0.32209737827715357,0.9123711340206185,0.303,81.0,18.0,56.0,80.0,296.0,267.0,50.0,12.0,1.0,40.0,0.368,0.558,18.0,0,10.0,,149.0,0.0,0,0.0,1.0,,51.757894736842104,51.61199999999999
2005,CL,阪神タイガース,91793880,秀太,S.Shuuta（tanaka,46.0,6.0,5.0,3.0,0.0,0.0,0.0,0.0,0.0,0.0,0,2,1.0,0.0,0.0,0,0.0,2.0,0.0,0.0,0.0,0.0,0.0,0.0,0.0,0.0,0.0,0.0,33.33333333333333,0.0,0.0,0.0,0.0,0.4,0.4,0.0,0.0,0.0,0.0,46.0,6.0,5.0,0.0,0.0,0.0,3.0,0.0,0.0,0.0,0,0.0,,0.0,0,2,1.0,0.0,,0.0,-0.13
2005,CL,横浜DeNAベイスターズ,91795117,北川　隼行,T.Kitagawa,5.0,3.0,3.0,0.0,1.0,0.0,0.0,0.0,1.0,0.0,0.0,0,0.0,0.0,0.0,0,0.0,1.0,0.0,0.333,0.333,0.333,0.666,1.0,0.0,0.0,0.333,0.0,33.33333333333333,0.0,0.5,0.23310000000000003,444.0,0.0,0.5,0.333,1.0,0.0,0.0,5.0,3.0,3.0,1.0,0.0,0.0,0.0,0.333,0.333,0.0,0,0.0,,1.0,0.0,0,0.0,0.0,,0.3333333333333333,0.304
2005,CL,広島東洋カープ,91895110,M.ロマノ,M.Romano,27.0,16.0,13.0,2.0,2.0,0.0,0.0,0.0,2.0,2.0,0.0,0,2.0,0.0,1.0,0,0.0,11.0,0.0,0.154,0.214,0.154,0.368,2.0,0.0,0.06,0.214,6.25,68.75,0.09090909090909091,1.0,0.1348,265.3333333333333,0.07692307692307693,0.2727272727272727,0.154,2.0,0.0,2.0,27.0,16.0,13.0,2.0,0.0,0.0,2.0,0.214,0.154,1.0,0,0.0,,2.0,0.0,0,2.0,0.0,,0.42857142857142855,0.252
2005,CL,読売ジャイアンツ,91995113,伊達　昌司,M.Date,7.0,0.0,0.0,0.0,0.0,0.0,0.0,0.0,0.0,0.0,0.0,0,0.0,0.0,0.0,0,0.0,0.0,0.0,,,,0.0,0.0,0.0,0.0,,nan,nan,nan,nan,0.0,0.0,nan,nan,,0.0,0.0,0.0,7.0,0.0,0.0,0.0,0.0,0.0,0.0,,,0.0,0,0.0,,0.0,0.0,0,0.0,0.0,,nan,0.0
2005,CL,阪神タイガース,91995119,筒井　和也,K.Tsutsui,1.0,1.0,1.0,0.0,1.0,0.0,0.0,0.0,1.0,0.0,0.0,0,0.0,0.0,0.0,0,0.0,0.0,0.0,1.0,1.0,1.0,2.0,1.0,0.0,0.0,1.0,0.0,0.0,nan,1.0,0.7,1333.3333333333333,0.0,nan,1.0,1.0,0.0,0.0,1.0,1.0,1.0,1.0,0.0,0.0,0.0,1.0,1.0,0.0,0,0.0,,1.0,0.0,0,0.0,0.0,,1.0,0.5
2005,CL,横浜DeNAベイスターズ,93193883,鈴木尚,T.Suzukitaka（suzuki,65.0,86.0,79.0,2.0,17.0,3.0,0.0,0.0,20.0,9.0,0.0,0,0.0,1.0,4.0,0,2.0,23.0,1.0,0.215,0.267,0.253,0.52,14.0,0.038000000000000006,0.05200000000000002,0.305,4.651162790697675,26.744186046511626,0.17391304347826086,0.2982456140350877,0.1834,351.3333333333333,0.08860759493670886,0.4126984126984127,0.215,17.0,0.0,9.0,65.0,86.0,79.0,14.0,3.0,0.0,2.0,0.267,0.253,4.0,0,2.0,,20.0,0.0,0,0.0,1.0,,5.0602409638554215,5.064
