year,league,team,player_id,player_name_ja,player_name_en,G,PA,AB,R,H,2B,3B,HR,TB,RBI,SB,CS,SH,SF,BB,IBB,HBP,SO,GDP,AVG,OBP,SLG,OPS,1B,IsoP,IsoD,IOPS,BB%,K%,BB/K,BABIP,GPA,NOI,SecA,TA,打率,安打,本塁打,打点,試合,打席,打数,単打,二塁打,三塁打,得点,出塁率,長打率,四球,敬遠,死球,三振,塁打,盗塁,盗塁死,犠打,犠飛,併殺打,RC,XR
2003,PL,埼玉西武ライオンズ,1003882,細見　和史,K.Hosomi,2.0,0.0,0.0,0.0,0.0,0.0,0.0,0.0,0.0,0.0,0.0,0,0.0,0.0,0.0,0,0.0,0.0,0.0,,,,0.0,0.0,0.0,0.0,,nan,nan,nan,nan,0.0,0.0,nan,nan,,0.0,0.0,0.0,2.0,0.0,0.0,0.0,0.0,0.0,0.0,,,0.0,0,0.0,,0.0,0.0,0,0.0,0.0,,nan,0.0
2003,PL,埼玉西武ライオンズ,1005113,中島　宏之,H.Nakajima,44.0,98.0,89.0,12.0,23.0,3.0,1.0,4.0,40.0,11.0,2.0,0,0.0,0.0,5.0,0,4.0,22.0,0.0,0.258,0.327,0.449,0.776,15.0,0.191,0.069,0.518,5.1020408163265305,22.448979591836736,0.22727272727272727,0.30158730158730157,0.2594,476.6666666666667,0.2696629213483146,0.7727272727272727,0.258,23.0,4.0,11.0,44.0,98.0,89.0,15.0,3.0,1.0,12.0,0.327,0.449,5.0,0,4.0,,40.0,2.0,0,0.0,0.0,,11.914893617021276,13.322
2003,PL,大阪近鉄バファローズ,11013886,寺村　友和,T.Teramura,3.0,0.0,0.0,0.0,0.0,0.0,0.0,0.0,0.0,0.0,0.0,0,0.0,0.0,0.0,0,0.0,0.0,0.0,,,,0.0,0.0,0.0,0.0,,nan,nan,nan,nan,0.0,0.0,nan,nan,,0.0,0.0,0.0,3.0,0.0,0.0,0.0,0.0,0.0,0.0,,,0.0,0,0.0,,0.0,0.0,0,0.0,0.0,,nan,0.0
2003,PL,大阪近鉄バファローズ,11013889,的山　哲也,T.Matoyama,94.0,253.0,200.0,23.0,40.0,8.0,0.0,5.0,63.0,26.0,0,1,23.0,5.0,24.0,0,1.0,43.0,4.0,0.2,0.283,0.315,0.598,27.0,0.11499999999999999,0.08299999999999996,0.3979999999999999,9.486166007905137,16.99604743083004,0.5581395348837209,0.2229299363057325,0.2061,387.99999999999994,0.24,0.5426829268292683,0.2,40.0,5.0,26.0,94.0,253.0,200.0,27.0,8.0,0.0,23.0,0.283,0.315,24.0,0,1.0,,63.0,0,1,23.0,5.0,,18.0,19.209999999999994
2003,PL,千葉ロッテマリーンズ,11015115,辻　俊哉,T.Tsuji,4.0,5.0,5.0,0.0,0.0,0.0,0.0,0.0,0.0,1.0,0.0,0,0.0,0.0,0.0,0,0.0,2.0,0.0,0.0,0.0,0.0,0.0,0.0,0.0,0.0,0.0,0.0,40.0,0.0,0.0,0.0,0.0,0.0,0.0,0.0,0.0,0.0,1.0,4.0,5.0,5.0,0.0,0.0,0.0,0.0,0.0,0.0,0.0,0,0.0,,0.0,0.0,0,0.0,0.0,,0.0,-0.49
2003,PL,オリックス・バファローズ,11015117,塩屋　大輔,D.Shioya,3.0,0.0,0.0,0.0,0.0,0.0,0.0,0.0,0.0,0.0,0.0,0,0.0,0.0,0.0,0,0.0,0.0,0.0,,,,0.0,0.0,0.0,0.0,,nan,nan,nan,nan,0.0,0.0,nan,nan,,0.0,0.0,0.0,3.0,0.0,0.0,0.0,0.0,0.0,0.0,,,0.0,0,0.0,,0.0,0.0,0,0.0,0.0,,nan,0.0
2003,PL,大阪近鉄バファローズ,1103884,礒部　公一,K.Isobe,135.0,516.0,444.0,56.0,128.0,26.0,3.0,12.0,196.0,72.0,5.0,0,8.0,5.0,55.0,0,4.0,60.0,17.0,0.288,0.368,0.441,0.8089999999999999,87.0,0.15300000000000002,0.08000000000000002,0.521,10.65891472868217,11.627906976744185,0.9166666666666666,0.3076923076923077,0.27585,515.0,0.2882882882882883,0.7807807807807807,0.288,128.0,12.0,72.0,135.0,516.0,444.0,87.0,26.0,3.0,56.0,0.368,0.441,55.0,0,4.0,,196.0,5.0,0,8.0,5.0,,71.87975951903807,72.022
2003,PL,大阪近鉄バファローズ,1105111,岩隈　久志,H.Iwakuma,27.0,0.0,0.0,0.0,0.0,0.0,0.0,0.0,0.0,0.0,0.0,0,0.0,0.0,0.0,0,0.0,0.0,0.0,,,,0.0,0.0,0.0,0.0,,nan,nan,nan,nan,0.0,0.0,nan,nan,,0.0,0.0,0.0,27.0,0.0,0.0,0.0,0.0,0.0,0.0,,,0.0,0,0.0,,0.0,0.0,0,0.0,0.0,,nan,0.0
2003,PL,大阪近鉄バファローズ,11213884,三澤　興一,K.Misawa,48.0,0.0,0.0,0.0,0.0,0.0,0.0,0.0,0.0,0.0,0.0,0,0.0,0.0,0.0,0,0.0,0.0,0.0,,,,0.0,0.0,0.0,0.0,,nan,nan,nan,nan,0.0,0.0,nan,nan,,0.0,0.0,0.0,48.0,0.0,0.0,0.0,0.0,0.0,0.0,,,0.0,0,0.0,,0.0,0.0,0,0.0,0.0,,nan,0.0
2003,PL,福岡ソフトバンクホークス,11213889,吉武　真太郎,S.Yoshitake,42.0,0.0,0.0,0.0,0.0,0.0,0.0,0.0,0.0,0.0,0.0,0,0.0,0.0,0.0,0,0.0,0.0,0.0,,,,0.0,0.0,0.0,0.0,,nan,nan,nan,nan,0.0,0.0,nan,nan,,0.0,0.0,0.0,42.0,0.0,0.0,0.0,0.0,0.0,0.0,,,0.0,0,0.0,,0.0,0.0,0,0.0,0.0,,nan,0.0
2003,PL,福岡ソフトバンクホークス,11215111,松田　匡司,M.Matsuda,56.0,80.0,71.0,3.0,9.0,1.0,1.0,0.0,12.0,0.0,0.0,0,5.0,0.0,4.0,0,0.0,22.0,2.0,0.127,0.173,0.169,0.34199999999999997,7.0,0.04200000000000001,0.045999999999999985,0.215,5.0,27.500000000000004,0.18181818181818182,0.1836734693877551,0.12010000000000001,229.33333333333334,0.09859154929577464,0.25,0.127,9.0,0.0,0.0,56.0,80.0,71.0,7.0,1.0,1.0,3.0,0.173,0.169,4.0,0,0.0,,12.0,0.0,0,5.0,0.0,,2.08,0.5039999999999996
2003,PL,埼玉西武ライオンズ,11215113,野田　浩輔,K.Noda,36.0,75.0,63.0,8.0,14.0,5.0,0.0,1.0,22.0,7.0,0.0,0,3.0,1.0,6.0,0,2.0,16.0,0.0,0.222,0.306,0.349,0.655,8.0,0.12699999999999997,0.08399999999999999,0.4329999999999999,8.0,21.333333333333336,0.375,0.2765957446808511,0.22494999999999998,422.3333333333333,0.2222222222222222,0.6122448979591837,0.222,14.0,1.0,7.0,36.0,75.0,63.0,8.0,5.0,0.0,8.0,0.306,0.349,6.0,0,2.0,,22.0,0.0,0,3.0,1.0,,6.3768115942028984,6.877999999999999
2003,PL,オリックス・バファローズ,11313880,嘉㔟　敏弘,T.Kase,9.0,0.0,0.0,0.0,0.0,0.0,0.0,0.0,0.0,0.0,0.0,0,0.0,0.0,0.0,0,0.0,0.0,0.0,,,,0.0,0.0,0.0,0.0,,nan,nan,nan,nan,0.0,0.0,nan,nan,,0.0,0.0,0.0,9.0,0.0,0.0,0.0,0.0,0.0,0.0,,,0.0,0,0.0,,0.0,0.0,0,0.0,0.0,,nan,0.0
2003,PL,オリックス・バファローズ,11313887,小倉　恒,H.Ogura,51.0,0.0,0.0,0.0,0.0,0.0,0.0,0.0,0.0,0.0,0.0,0,0.0,0.0,0.0,0,0.0,0.0,0.0,,,,0.0,0.0,0.0,0.0,,nan,nan,nan,nan,0.0,0.0,nan,nan,,0.0,0.0,0.0,51.0,0.0,0.0,0.0,0.0,0.0,0.0,,,0.0,0,0.0,,0.0,0.0,0,0.0,0.0,,nan,0.0
2003,PL,大阪近鉄バファローズ,11313889,大村　直之,N.Oomura,136.0,615.0,550.0,94.0,165.0,34.0,7.0,16.0,261.0,61.0,27,10,7.0,8.0,40.0,0,10.0,77.0,7.0,0.3,0.354,0.475,0.829,108.0,0.175,0.05399999999999999,0.5289999999999999,6.504065040650407,12.520325203252034,0.5194805194805194,0.3204301075268817,0.27805,512.3333333333333,0.26545454545454544,0.8188775510204082,0.3,165.0,16.0,61.0,136.0,615.0,550.0,108.0,34.0,7.0,94.0,0.354,0.475,40.0,0,10.0,,261.0,27,10,7.0,8.0,,90.6864406779661,89.37
2003,PL,オリックス・バファローズ,11513888,川越　英隆,H.Kawagoe,7.0,0.0,0.0,0.0,0.0,0.0,0.0,0.0,0.0,0.0,0.0,0,0.0,0.0,0.0,0,0.0,0.0,0.0,,,,0.0,0.0,0.0,0.0,,nan,nan,nan,nan,0.0,0.0,nan,nan,,0.0,0.0,0.0,7.0,0.0,0.0,0.0,0.0,0.0,0.0,,,0.0,0,0.0,,0.0,0.0,0,0.0,0.0,,nan,0.0
2003,PL,オリックス・バファローズ,11515111,窪田　淳,A.Kubota,7.0,0.0,0.0,0.0,0.0,0.0,0.0,0.0,0.0,0.0,0.0,0,0.0,0.0,0.0,0,0.0,0.0,0.0,,,,0.0,0.0,0.0,0.0,,nan,nan,nan,nan,0.0,0.0,nan,nan,,0.0,0.0,0.0,7.0,0.0,0.0,0.0,0.0,0.0,0.0,,,0.0,0,0.0,,0.0,0.0,0,0.0,0.0,,nan,0.0
2003,PL,福岡ソフトバンクホークス,11613883,村松　有人,A.Muramatsu,109.0,510.0,463.0,85.0,150.0,29.0,13.0,6.0,223.0,57.0,32,10,5.0,4.0,35.0,0,3.0,67.0,5.0,0.324,0.372,0.482,0.854,102.0,0.15799999999999997,0.04799999999999999,0.53,6.862745098039216,13.137254901960786,0.5223880597014925,0.36548223350253806,0.2879,532.6666666666666,0.2548596112311015,0.8522012578616353,0.324,150.0,6.0,57.0,109.0,510.0,463.0,102.0,29.0,13.0,85.0,0.372,0.482,35.0,0,3.0,,223.0,32,10,5.0,4.0,,82.84136546184739,77.70599999999999
2003,PL,オリックス・バファローズ,11615115,本柳　和也,K.Motoyanagi,40.0,0.0,0.0,0.0,0.0,0.0,0.0,0.0,0.0,0.0,0.0,0,0.0,0.0,0.0,0,0.0,0.0,0.0,,,,0.0,0.0,0.0,0.0,,nan,nan,nan,nan,0.0,0.0,nan,nan,,0.0,0.0,0.0,40.0,0.0,0.0,0.0,0.0,0.0,0.0,,,0.0,0,0.0,,0.0,0.0,0,0.0,0.0,,nan,0.0
2003,PL,埼玉西武ライオンズ,11713882,髙木　大成,T.Takagi,56.0,136.0,118.0,16.0,28.0,3.0,2.0,6.0,53.0,20.0,2,0,0.0,3.0,15.0,0,0.0,25.0,1.0,0.237,0.316,0.449,0.765,17.0,0.21200000000000002,0.07900000000000001,0.528,11.029411764705882,18.38235294117647,0.6,0.24444444444444444,0.25445,465.6666666666667,0.3389830508474576,0.7472527472527473,0.237,28.0,6.0,20.0,56.0,136.0,118.0,17.0,3.0,2.0,16.0,0.316,0.449,15.0,0,0.0,,53.0,2,0,0.0,3.0,,17.13533834586466,17.51
2003,PL,オリックス・バファローズ,11713884,佐竹　学,M.Satake,23.0,15.0,14.0,1.0,1.0,0.0,0.0,0.0,1.0,0.0,0.0,0,0.0,0.0,1.0,0,0.0,2.0,1.0,0.071,0.133,0.071,0.20400000000000001,1.0,0.0,0.06200000000000001,0.133,6.666666666666667,13.333333333333334,0.5,0.08333333333333333,0.0776,156.66666666666669,0.07142857142857142,0.14285714285714285,0.071,1.0,0.0,0.0,23.0,15.0,14.0,1.0,0.0,0.0,1.0,0.133,0.071,1.0,0,0.0,,1.0,0.0,0,0.0,0.0,,0.13333333333333333,-0.44399999999999995
2003,PL,埼玉西武ライオンズ,11813881,宮地　克彦,K.Miyaji,25.0,60.0,53.0,5.0,10.0,3.0,0.0,0.0,13.0,6.0,2,0,4.0,0.0,3.0,0,0.0,12.0,1.0,0.189,0.232,0.245,0.477,7.0,0.055999999999999994,0.04300000000000001,0.288,5.0,20.0,0.25,0.24390243902439024,0.16565000000000002,313.66666666666663,0.11320754716981132,0.36363636363636365,0.189,10.0,0.0,6.0,25.0,60.0,53.0,7.0,3.0,0.0,5.0,0.232,0.245,3.0,0,0.0,,13.0,2,0,4.0,0.0,,3.017857142857143,2.436
2003,PL,オリックス・バファローズ,11815113,具　臺晟,D.Ku,19.0,0.0,0.0,0.0,0.0,0.0,0.0,0.0,0.0,0.0,0.0,0,0.0,0.0,0.0,0,0.0,0.0,0.0,,,,0.0,0.0,0.0,0.0,,nan,nan,nan,nan,0.0,0.0,nan,nan,,0.0,0.0,0.0,19.0,0.0,0.0,0.0,0.0,0.0,0.0,,,0.0,0,0.0,,0.0,0.0,0,0.0,0.0,,nan,0.0
2003,PL,福岡ソフトバンクホークス,11815117,和田　毅,T.Wada,26.0,0.0,0.0,0.0,0.0,0.0,0.0,0.0,0.0,0.0,0.0,0,0.0,0.0,0.0,0,0.0,0.0,0.0,,,,0.0,0.0,0.0,0.0,,nan,nan,nan,nan,0.0,0.0,nan,nan,,0.0,0.0,0.0,26.0,0.0,0.0,0.0,0.0,0.0,0.0,,,0.0,0,0.0,,0.0,0.0,0,0.0,0.0,,nan,0.0
2003,PL,オリックス・バファローズ,11913884,副島　孔太,K.Soejima,60.0,103.0,88.0,6.0,19.0,4.0,1.0,0.0,25.0,12.0,0,2,0.0,1.0,14.0,0,0.0,23.0,1.0,0.216,0.32,0.284,0.604,14.0,0.06799999999999998,0.10400000000000001,0.388,13.592233009708737,22.330097087378643,0.6086956521739131,0.2878787878787879,0.21500000000000002,414.6666666666667,0.25,0.5857142857142857,0.216,19.0,0.0,12.0,60.0,103.0,88.0,14.0,4.0,1.0,6.0,0.32,0.284,14.0,0,0.0,,25.0,0,2,0.0,1.0,,8.088235294117647,9.137999999999998
2003,PL,北海道日本ハムファイターズ,11915111,田中　賢介,K.Tanaka,52.0,114.0,102.0,10.0,22.0,4.0,1.0,1.0,31.0,16.0,1.0,1,2.0,2.0,6.0,0,2.0,30.0,0.0,0.216,0.268,0.304,0.5720000000000001,16.0,0.088,0.05200000000000002,0.356,5.263157894736842,26.31578947368421,0.2,0.2876712328767123,0.1966,369.33333333333337,0.1568627450980392,0.5,0.216,22.0,1.0,16.0,52.0,114.0,102.0,16.0,4.0,1.0,10.0,0.268,0.304,6.0,0,2.0,,31.0,1.0,1,2.0,2.0,,8.037037037037036,8.34
2003,PL,埼玉西武ライオンズ,11915117,G　後藤　武敏,T.Gomesu,101.0,272.0,252.0,30.0,66.0,15.0,1.0,11.0,116.0,44.0,1,2,0.0,1.0,17.0,0,2.0,57.0,9.0,0.262,0.312,0.46,0.772,39.0,0.198,0.04999999999999999,0.51,6.25,20.955882352941178,0.2982456140350877,0.2972972972972973,0.2554,465.33333333333337,0.27380952380952384,0.7025641025641025,0.262,66.0,11.0,44.0,101.0,272.0,252.0,39.0,15.0,1.0,30.0,0.312,0.46,17.0,0,2.0,,116.0,1,2,0.0,1.0,,35.79182156133829,35.581999999999994
2003,PL,千葉ロッテマリーンズ,1203886,藤田　宗一,S.Fujita,28.0,0.0,0.0,0.0,0.0,0.0,0.0,0.0,0.0,0.0,0.0,0,0.0,0.0,0.0,0,0.0,0.0,0.0,,,,0.0,0.0,0.0,0.0,,nan,nan,nan,nan,0.0,0.0,nan,nan,,0.0,0.0,0.0,28.0,0.0,0.0,0.0,0.0,0.0,0.0,,,0.0,0,0.0,,0.0,0.0,0,0.0,0.0,,nan,0.0
2003,PL,北海道日本ハムファイターズ,1203887,武藤　潤一郎,J.Mutou,2.0,0.0,0.0,0.0,0.0,0.0,0.0,0.0,0.0,0.0,0.0,0,0.0,0.0,0.0,0,0.0,0.0,0.0,,,,0.0,0.0,0.0,0.0,,nan,nan,nan,nan,0.0,0.0,nan,nan,,0.0,0.0,0.0,2.0,0.0,0.0,0.0,0.0,0.0,0.0,,,0.0,0,0.0,,0.0,0.0,0,0.0,0.0,,nan,0.0
2003,PL,オリックス・バファローズ,1303868,山﨑　武司,T.Yamasaki,110.0,401.0,358.0,42.0,83.0,21.0,1.0,22.0,172.0,68.0,0.0,0,0.0,4.0,36.0,0,3.0,95.0,11.0,0.232,0.304,0.48,0.784,39.0,0.24799999999999997,0.07199999999999998,0.5519999999999999,8.977556109725686,23.690773067331673,0.37894736842105264,0.24897959183673468,0.25680000000000003,463.99999999999994,0.34916201117318435,0.7377622377622378,0.232,83.0,22.0,68.0,110.0,401.0,358.0,39.0,21.0,1.0,42.0,0.304,0.48,36.0,0,3.0,,172.0,0.0,0,0.0,4.0,,51.9492385786802,53.260000000000005
2003,PL,大阪近鉄バファローズ,1303882,門倉　健,K.Kadokura,20.0,0.0,0.0,0.0,0.0,0.0,0.0,0.0,0.0,0.0,0.0,0,0.0,0.0,0.0,0,0.0,0.0,0.0,,,,0.0,0.0,0.0,0.0,,nan,nan,nan,nan,0.0,0.0,nan,nan,,0.0,0.0,0.0,20.0,0.0,0.0,0.0,0.0,0.0,0.0,,,0.0,0,0.0,,0.0,0.0,0,0.0,0.0,,nan,0.0
2003,PL,北海道日本ハムファイターズ,1303886,小田　智之,T.Oda,10.0,12.0,11.0,1.0,1.0,0.0,0.0,0.0,1.0,1.0,0.0,0,0.0,0.0,1.0,0,0.0,2.0,1.0,0.091,0.167,0.091,0.258,1.0,0.0,0.07600000000000001,0.167,8.333333333333332,16.666666666666664,0.5,0.1111111111111111,0.09790000000000001,197.33333333333334,0.09090909090909091,0.18181818181818182,0.091,1.0,0.0,1.0,10.0,12.0,11.0,1.0,0.0,0.0,1.0,0.167,0.091,1.0,0,0.0,,1.0,0.0,0,0.0,0.0,,0.16666666666666666,-0.1499999999999999
2003,PL,千葉ロッテマリーンズ,1305115,今江　年晶,T.Imae,5.0,6.0,6.0,0.0,2.0,1.0,0.0,0.0,3.0,1.0,0.0,0,0.0,0.0,0.0,0,0.0,2.0,0.0,0.333,0.333,0.5,0.833,1.0,0.16699999999999998,0.0,0.5,0.0,33.33333333333333,0.0,0.5,0.27485000000000004,499.6666666666667,0.16666666666666666,0.75,0.333,2.0,0.0,1.0,5.0,6.0,6.0,1.0,1.0,0.0,0.0,0.333,0.5,0.0,0,0.0,,3.0,0.0,0,0.0,0.0,,1.0,0.828
2003,PL,福岡ソフトバンクホークス,13115117,B.ナイト,B.Knight,16.0,0.0,0.0,0.0,0.0,0.0,0.0,0.0,0.0,0.0,0.0,0,0.0,0.0,0.0,0,0.0,0.0,0.0,,,,0.0,0.0,0.0,0.0,,nan,nan,nan,nan,0.0,0.0,nan,nan,,0.0,0.0,0.0,16.0,0.0,0.0,0.0,0.0,0.0,0.0,,,0.0,0,0.0,,0.0,0.0,0,0.0,0.0,,nan,0.0
2003,PL,福岡ソフトバンクホークス,13515117,J.ズレータ,J.Zuleta,67.0,250.0,214.0,33.0,57.0,14.0,0.0,13.0,110.0,43.0,0,1,0.0,2.0,24.0,0,10.0,62.0,7.0,0.266,0.364,0.514,0.878,30.0,0.248,0.09799999999999998,0.612,9.6,24.8,0.3870967741935484,0.3120567375886525,0.2923,535.3333333333334,0.3644859813084112,0.8841463414634146,0.266,57.0,13.0,43.0,67.0,250.0,214.0,30.0,14.0,0.0,33.0,0.364,0.514,24.0,0,10.0,,110.0,0,1,0.0,2.0,,37.436974789915965,39.81399999999999
2003,PL,千葉ロッテマリーンズ,13813868,初芝　清,K.Hatsushiba,63.0,135.0,125.0,11.0,39.0,13.0,1.0,4.0,66.0,26.0,1,0,0.0,1.0,9.0,0,0.0,17.0,1.0,0.312,0.356,0.528,0.884,21.0,0.21600000000000003,0.043999999999999984,0.5720000000000001,6.666666666666667,12.592592592592592,0.5294117647058824,0.3333333333333333,0.2922,532.0,0.288,0.8620689655172413,0.312,39.0,4.0,26.0,63.0,135.0,125.0,21.0,13.0,1.0,11.0,0.356,0.528,9.0,0,0.0,,66.0,1,0,0.0,1.0,,23.64179104477612,21.201999999999995
2003,PL,埼玉西武ライオンズ,1605111,ミンチェ,M.Minchiぇ（shuu,19.0,0.0,0.0,0.0,0.0,0.0,0.0,0.0,0.0,0.0,0.0,0,0.0,0.0,0.0,0,0.0,0.0,0.0,,,,0.0,0.0,0.0,0.0,,nan,nan,nan,nan,0.0,0.0,nan,nan,,0.0,0.0,0.0,19.0,0.0,0.0,0.0,0.0,0.0,0.0,,,0.0,0,0.0,,0.0,0.0,0,0.0,0.0,,nan,0.0
2003,PL,オリックス・バファローズ,1605115,山本　拓司,T.Yamamoto,26.0,0.0,0.0,0.0,0.0,0.0,0.0,0.0,0.0,0.0,0.0,0,0.0,0.0,0.0,0,0.0,0.0,0.0,,,,0.0,0.0,0.0,0.0,,nan,nan,nan,nan,0.0,0.0,nan,nan,,0.0,0.0,0.0,26.0,0.0,0.0,0.0,0.0,0.0,0.0,,,0.0,0,0.0,,0.0,0.0,0,0.0,0.0,,nan,0.0
2003,PL,千葉ロッテマリーンズ,1703884,清水　将海,M.Shimizu,91.0,209.0,182.0,13.0,38.0,7.0,1.0,2.0,53.0,17.0,0.0,0,10.0,1.0,14.0,0,2.0,28.0,8.0,0.209,0.271,0.291,0.562,28.0,0.08199999999999999,0.06200000000000003,0.353,6.698564593301436,13.397129186602871,0.5,0.23529411764705882,0.1947,368.0,0.15934065934065933,0.45394736842105265,0.209,38.0,2.0,17.0,91.0,209.0,182.0,28.0,7.0,1.0,13.0,0.271,0.291,14.0,0,2.0,,53.0,0.0,0,10.0,1.0,,14.061224489795919,14.127999999999998
2003,PL,オリックス・バファローズ,1703889,玉木　朋孝,T.Tamaki,29.0,18.0,16.0,4.0,1.0,1.0,0.0,0.0,2.0,0.0,0.0,0,1.0,0.0,1.0,0,0.0,7.0,1.0,0.062,0.118,0.125,0.243,0.0,0.063,0.055999999999999994,0.181,5.555555555555555,38.88888888888889,0.14285714285714285,0.1111111111111111,0.08435000000000001,159.66666666666666,0.125,0.1875,0.062,1.0,0.0,0.0,29.0,18.0,16.0,0.0,1.0,0.0,4.0,0.118,0.125,1.0,0,0.0,,2.0,0.0,0,1.0,0.0,,0.23529411764705882,-0.41999999999999993
2003,PL,埼玉西武ライオンズ,1903887,田原　晃司,K.Tahara,9.0,21.0,19.0,3.0,4.0,0.0,0.0,0.0,4.0,1.0,0.0,0,1.0,0.0,1.0,0,0.0,4.0,1.0,0.211,0.25,0.211,0.46099999999999997,4.0,0.0,0.03900000000000001,0.25,4.761904761904762,19.047619047619047,0.25,0.26666666666666666,0.16525,320.33333333333337,0.05263157894736842,0.3125,0.211,4.0,0.0,1.0,9.0,21.0,19.0,4.0,0.0,0.0,3.0,0.25,0.211,1.0,0,0.0,,4.0,0.0,0,1.0,0.0,,1.0,0.8600000000000001
2003,PL,大阪近鉄バファローズ,21023882,益田　大介,D.Masuda,77.0,109.0,94.0,24.0,26.0,4.0,0.0,7.0,51.0,19.0,2,1,0.0,0.0,15.0,0,0.0,27.0,2.0,0.277,0.376,0.543,0.919,15.0,0.266,0.09899999999999998,0.642,13.761467889908257,24.770642201834864,0.5555555555555556,0.31666666666666665,0.30495000000000005,557.0,0.43617021276595747,0.9571428571428572,0.277,26.0,7.0,19.0,77.0,109.0,94.0,15.0,4.0,0.0,24.0,0.376,0.543,15.0,0,0.0,,51.0,2,1,0.0,0.0,,19.18348623853211,18.926
2003,PL,大阪近鉄バファローズ,21023883,五十嵐　章人,A.Igarashi,2.0,2.0,1.0,0.0,1.0,1.0,0.0,0.0,2.0,1.0,0.0,0,0.0,1.0,0.0,0,0.0,0.0,0.0,1.0,0.5,2.0,2.5,0.0,1.0,-0.5,1.5,0.0,0.0,nan,0.5,0.725,1166.6666666666665,1.0,nan,1.0,1.0,0.0,1.0,2.0,2.0,1.0,0.0,1.0,0.0,0.0,0.5,2.0,0.0,0,0.0,,2.0,0.0,0,0.0,1.0,,2.0,0.72
2003,PL,大阪近鉄バファローズ,21023884,前川　勝彦,K.Maekawa,16.0,0.0,0.0,0.0,0.0,0.0,0.0,0.0,0.0,0.0,0.0,0,0.0,0.0,0.0,0,0.0,0.0,0.0,,,,0.0,0.0,0.0,0.0,,nan,nan,nan,nan,0.0,0.0,nan,nan,,0.0,0.0,0.0,16.0,0.0,0.0,0.0,0.0,0.0,0.0,,,0.0,0,0.0,,0.0,0.0,0,0.0,0.0,,nan,0.0
2003,PL,大阪近鉄バファローズ,21023885,中村　紀洋,N.Nakamura,117.0,456.0,381.0,54.0,90.0,14.0,1.0,23.0,175.0,67.0,1.0,1,0.0,2.0,72.0,0,1.0,96.0,18.0,0.236,0.357,0.459,0.8160000000000001,52.0,0.22300000000000003,0.121,0.5800000000000001,15.789473684210526,21.052631578947366,0.75,0.2537878787878788,0.2754,510.0,0.4146981627296588,0.8058252427184466,0.236,90.0,23.0,67.0,117.0,456.0,381.0,52.0,14.0,1.0,54.0,0.357,0.459,72.0,0,1.0,,175.0,1.0,1,0.0,2.0,,62.58278145695364,65.992
2003,PL,福岡ソフトバンクホークス,21025113,中村　浩一,K.Nakamura,1.0,2.0,2.0,1.0,1.0,0.0,0.0,0.0,1.0,0.0,0.0,0,0.0,0.0,0.0,0,0.0,0.0,0.0,0.5,0.5,0.5,1.0,1.0,0.0,0.0,0.5,0.0,0.0,nan,0.5,0.35,666.6666666666666,0.0,1.0,0.5,1.0,0.0,0.0,1.0,2.0,2.0,1.0,0.0,0.0,1.0,0.5,0.5,0.0,0,0.0,,1.0,0.0,0,0.0,0.0,,0.5,0.402
2003,PL,オリックス・バファローズ,21123882,今村　文昭,F.Imamura,11.0,0.0,0.0,0.0,0.0,0.0,0.0,0.0,0.0,0.0,0.0,0,0.0,0.0,0.0,0,0.0,0.0,0.0,,,,0.0,0.0,0.0,0.0,,nan,nan,nan,nan,0.0,0.0,nan,nan,,0.0,0.0,0.0,11.0,0.0,0.0,0.0,0.0,0.0,0.0,,,0.0,0,0.0,,0.0,0.0,0,0.0,0.0,,nan,0.0
2003,PL,オリックス・バファローズ,21125111,岩下　修壱,S.Iwashita,20.0,0.0,0.0,0.0,0.0,0.0,0.0,0.0,0.0,0.0,0.0,0,0.0,0.0,0.0,0,0.0,0.0,0.0,,,,0.0,0.0,0.0,0.0,,nan,nan,nan,nan,0.0,0.0,nan,nan,,0.0,0.0,0.0,20.0,0.0,0.0,0.0,0.0,0.0,0.0,,,0.0,0,0.0,,0.0,0.0,0,0.0,0.0,,nan,0.0
2003,PL,大阪近鉄バファローズ,21125115,有銘　兼久,K.Arime,18.0,0.0,0.0,0.0,0.0,0.0,0.0,0.0,0.0,0.0,0.0,0,0.0,0.0,0.0,0,0.0,0.0,0.0,,,,0.0,0.0,0.0,0.0,,nan,nan,nan,nan,0.0,0.0,nan,nan,,0.0,0.0,0.0,18.0,0.0,0.0,0.0,0.0,0.0,0.0,,,0.0,0,0.0,,0.0,0.0,0,0.0,0.0,,nan,0.0
2003,PL,北海道日本ハムファイターズ,21223886,古城　茂幸,S.Furuki,36.0,89.0,78.0,14.0,21.0,5.0,0.0,0.0,26.0,3.0,1.0,1,5.0,0.0,6.0,0,0.0,18.0,1.0,0.269,0.321,0.333,0.654,16.0,0.064,0.05199999999999999,0.385,6.741573033707865,20.224719101123593,0.3333333333333333,0.35,0.2277,432.0,0.15384615384615385,0.5689655172413793,0.269,21.0,0.0,3.0,36.0,89.0,78.0,16.0,5.0,0.0,14.0,0.321,0.333,6.0,0,0.0,,26.0,1.0,1,5.0,0.0,,8.357142857142858,8.174
2003,PL,北海道日本ハムファイターズ,21323884,小笠原　道大,M.Ogasawara,128.0,546.0,445.0,83.0,160.0,34.0,1.0,31.0,289.0,100.0,8,3,0.0,3.0,93.0,0,5.0,65.0,13.0,0.36,0.473,0.649,1.1219999999999999,94.0,0.28900000000000003,0.11299999999999999,0.762,17.032967032967033,11.904761904761903,1.4307692307692308,0.3664772727272727,0.3751,689.3333333333334,0.5056179775280899,1.308724832214765,0.36,160.0,31.0,100.0,128.0,546.0,445.0,94.0,34.0,1.0,83.0,0.473,0.649,93.0,0,5.0,,289.0,8,3,0.0,3.0,,135.90520446096653,122.10999999999999
2003,PL,千葉ロッテマリーンズ,21323886,於保　浩己,H.Oho,5.0,12.0,11.0,2.0,3.0,0.0,0.0,0.0,3.0,0.0,0.0,0,0.0,0.0,0.0,0,1.0,1.0,2.0,0.273,0.333,0.273,0.6060000000000001,3.0,0.0,0.06,0.333,0.0,8.333333333333332,0.0,0.3,0.21810000000000002,424.00000000000006,0.0,0.4,0.273,3.0,0.0,0.0,5.0,12.0,11.0,3.0,0.0,0.0,2.0,0.333,0.273,0.0,0,1.0,,3.0,0.0,0,0.0,0.0,,0.8181818181818182,1.046
2003,PL,北海道日本ハムファイターズ,21323889,金子　誠,M.Kaneko,117.0,409.0,373.0,42.0,91.0,19.0,2.0,3.0,123.0,33.0,8,6,6.0,5.0,22.0,0,3.0,61.0,10.0,0.244,0.288,0.33,0.618,67.0,0.08600000000000002,0.043999999999999984,0.374,5.378973105134474,14.91442542787286,0.36065573770491804,0.2802547770700637,0.2121,397.99999999999994,0.16085790884718498,0.5273972602739726,0.244,91.0,3.0,33.0,117.0,409.0,373.0,67.0,19.0,2.0,42.0,0.288,0.33,22.0,0,3.0,,123.0,8,6,6.0,5.0,,35.187341772151896,35.273999999999994
2003,PL,オリックス・バファローズ,21425115,牧田　勝吾,S.Makita,2.0,4.0,4.0,0.0,0.0,0.0,0.0,0.0,0.0,0.0,0.0,0,0.0,0.0,0.0,0,0.0,1.0,0.0,0.0,0.0,0.0,0.0,0.0,0.0,0.0,0.0,0.0,25.0,0.0,0.0,0.0,0.0,0.0,0.0,0.0,0.0,0.0,0.0,2.0,4.0,4.0,0.0,0.0,0.0,0.0,0.0,0.0,0.0,0,0.0,,0.0,0.0,0,0.0,0.0,,0.0,-0.392
2003,PL,福岡ソフトバンクホークス,21523886,篠原　貴行,T.Shinohara,30.0,0.0,0.0,0.0,0.0,0.0,0.0,0.0,0.0,0.0,0.0,0,0.0,0.0,0.0,0,0.0,0.0,0.0,,,,0.0,0.0,0.0,0.0,,nan,nan,nan,nan,0.0,0.0,nan,nan,,0.0,0.0,0.0,30.0,0.0,0.0,0.0,0.0,0.0,0.0,,,0.0,0,0.0,,0.0,0.0,0,0.0,0.0,,nan,0.0
2003,PL,千葉ロッテマリーンズ,21525113,加藤　康介,K.Katou,7.0,0.0,0.0,0.0,0.0,0.0,0.0,0.0,0.0,0.0,0.0,0,0.0,0.0,0.0,0,0.0,0.0,0.0,,,,0.0,0.0,0.0,0.0,,nan,nan,nan,nan,0.0,0.0,nan,nan,,0.0,0.0,0.0,7.0,0.0,0.0,0.0,0.0,0.0,0.0,,,0.0,0,0.0,,0.0,0.0,0,0.0,0.0,,nan,0.0
2003,PL,オリックス・バファローズ,21525117,加藤　大輔,D.Katou,43.0,0.0,0.0,0.0,0.0,0.0,0.0,0.0,0.0,0.0,0.0,0,0.0,0.0,0.0,0,0.0,0.0,0.0,,,,0.0,0.0,0.0,0.0,,nan,nan,nan,nan,0.0,0.0,nan,nan,,0.0,0.0,0.0,43.0,0.0,0.0,0.0,0.0,0.0,0.0,,,0.0,0,0.0,,0.0,0.0,0,0.0,0.0,,nan,0.0
2003,PL,福岡ソフトバンクホークス,21723889,鳥越　裕介,Y.Torigoe,115.0,316.0,264.0,31.0,56.0,7.0,0.0,1.0,66.0,25.0,5,4,18.0,1.0,28.0,0,5.0,87.0,5.0,0.212,0.299,0.25,0.5489999999999999,48.0,0.038000000000000006,0.087,0.3369999999999999,8.860759493670885,27.531645569620256,0.3218390804597701,0.3107344632768362,0.19705,382.3333333333333,0.1590909090909091,0.4835680751173709,0.212,56.0,1.0,25.0,115.0,316.0,264.0,48.0,7.0,0.0,31.0,0.299,0.25,28.0,0,5.0,,66.0,5,4,18.0,1.0,,18.986301369863014,21.706000000000003
2003,PL,北海道日本ハムファイターズ,21725113,駒居　鉄平,T.Komai,1.0,1.0,1.0,0.0,0.0,0.0,0.0,0.0,0.0,0.0,0.0,0,0.0,0.0,0.0,0,0.0,1.0,0.0,0.0,0.0,0.0,0.0,0.0,0.0,0.0,0.0,0.0,100.0,0.0,nan,0.0,0.0,0.0,0.0,0.0,0.0,0.0,0.0,1.0,1.0,1.0,0.0,0.0,0.0,0.0,0.0,0.0,0.0,0,0.0,,0.0,0.0,0,0.0,0.0,,0.0,-0.098
2003,PL,大阪近鉄バファローズ,21725115,佐藤　和宏,K.Satou,1.0,0.0,0.0,0.0,0.0,0.0,0.0,0.0,0.0,0.0,0.0,0,0.0,0.0,0.0,0,0.0,0.0,0.0,,,,0.0,0.0,0.0,0.0,,nan,nan,nan,nan,0.0,0.0,nan,nan,,0.0,0.0,0.0,1.0,0.0,0.0,0.0,0.0,0.0,0.0,,,0.0,0,0.0,,0.0,0.0,0,0.0,0.0,,nan,0.0
2003,PL,大阪近鉄バファローズ,21823881,吉岡　雄二,Y.Yoshioka,126.0,479.0,433.0,63.0,130.0,25.0,1.0,18.0,211.0,60.0,3,5,2.0,2.0,39.0,0,3.0,91.0,10.0,0.3,0.361,0.487,0.848,86.0,0.187,0.061,0.548,8.1419624217119,18.997912317327767,0.42857142857142855,0.34355828220858897,0.2842,523.3333333333334,0.28868360277136257,0.8242811501597445,0.3,130.0,18.0,60.0,126.0,479.0,433.0,86.0,25.0,1.0,63.0,0.361,0.487,39.0,0,3.0,,211.0,3,5,2.0,2.0,,75.54872881355932,73.026
2003,PL,北海道日本ハムファイターズ,21825115,D.T.クローマー,D.Cromer,50.0,203.0,184.0,20.0,37.0,5.0,1.0,7.0,65.0,25.0,1,3,0.0,0.0,16.0,0,3.0,67.0,1.0,0.201,0.276,0.353,0.629,24.0,0.15199999999999997,0.07500000000000001,0.428,7.8817733990147785,33.004926108374384,0.23880597014925373,0.2727272727272727,0.21245000000000003,393.6666666666667,0.2554347826086957,0.5878378378378378,0.201,37.0,7.0,25.0,50.0,203.0,184.0,24.0,5.0,1.0,20.0,0.276,0.353,16.0,0,3.0,,65.0,1,3,0.0,0.0,,17.225,19.124000000000002
2003,PL,千葉ロッテマリーンズ,21923889,福浦　和也,K.Fukuura,140.0,623.0,567.0,75.0,172.0,50.0,1.0,21.0,287.0,76.0,2,3,1.0,5.0,48.0,0,2.0,89.0,22.0,0.303,0.357,0.506,0.863,100.0,0.203,0.05399999999999999,0.56,7.704654895666131,14.285714285714285,0.5393258426966292,0.3268398268398268,0.28715,525.6666666666666,0.2927689594356261,0.815347721822542,0.303,172.0,21.0,76.0,140.0,623.0,567.0,100.0,50.0,1.0,75.0,0.357,0.506,48.0,0,2.0,,287.0,2,3,1.0,5.0,,102.66666666666667,95.60999999999999
2003,PL,千葉ロッテマリーンズ,21925113,田中　良平,R.Tanaka,5.0,0.0,0.0,0.0,0.0,0.0,0.0,0.0,0.0,0.0,0.0,0,0.0,0.0,0.0,0,0.0,0.0,0.0,,,,0.0,0.0,0.0,0.0,,nan,nan,nan,nan,0.0,0.0,nan,nan,,0.0,0.0,0.0,5.0,0.0,0.0,0.0,0.0,0.0,0.0,,,0.0,0,0.0,,0.0,0.0,0,0.0,0.0,,nan,0.0
2003,PL,大阪近鉄バファローズ,21925117,坂口　智隆,T.Sakaguchi,1.0,6.0,5.0,0.0,1.0,0.0,0.0,0.0,1.0,0.0,0,1,0.0,0.0,1.0,0,0.0,2.0,0.0,0.2,0.333,0.2,0.533,1.0,0.0,0.133,0.333,16.666666666666664,33.33333333333333,0.5,0.3333333333333333,0.19985000000000003,399.6666666666667,0.4,0.75,0.2,1.0,0.0,0.0,1.0,6.0,5.0,1.0,0.0,0.0,0.0,0.333,0.2,1.0,0,0.0,,1.0,0,1,0.0,0.0,,0.3333333333333333,0.618
2003,PL,千葉ロッテマリーンズ,23125113,D.メイ,D.May,30.0,128.0,118.0,13.0,29.0,8.0,0.0,5.0,52.0,19.0,0.0,0,0.0,0.0,10.0,0,0.0,13.0,2.0,0.246,0.305,0.441,0.746,16.0,0.195,0.059,0.5,7.8125,10.15625,0.7692307692307693,0.24,0.2475,451.99999999999994,0.2796610169491525,0.6813186813186813,0.246,29.0,5.0,19.0,30.0,128.0,118.0,16.0,8.0,0.0,13.0,0.305,0.441,10.0,0,0.0,,52.0,0.0,0,0.0,0.0,,15.84375,15.538000000000002
2003,PL,大阪近鉄バファローズ,23325117,B.マレット,B.Mallette,4.0,0.0,0.0,0.0,0.0,0.0,0.0,0.0,0.0,0.0,0.0,0,0.0,0.0,0.0,0,0.0,0.0,0.0,,,,0.0,0.0,0.0,0.0,,nan,nan,nan,nan,0.0,0.0,nan,nan,,0.0,0.0,0.0,4.0,0.0,0.0,0.0,0.0,0.0,0.0,,,0.0,0,0.0,,0.0,0.0,0,0.0,0.0,,nan,0.0
2003,PL,千葉ロッテマリーンズ,27123868,垣内　哲也,T.Kakiuchi,17.0,29.0,24.0,1.0,3.0,0.0,0.0,1.0,6.0,2.0,0.0,0,0.0,0.0,5.0,0,0.0,12.0,1.0,0.125,0.276,0.25,0.526,2.0,0.125,0.15100000000000002,0.401,17.24137931034483,41.37931034482759,0.4166666666666667,0.18181818181818182,0.18670000000000003,359.3333333333333,0.3333333333333333,0.5,0.125,3.0,1.0,2.0,17.0,29.0,24.0,2.0,0.0,0.0,1.0,0.276,0.25,5.0,0,0.0,,6.0,0.0,0,0.0,0.0,,1.6551724137931034,2.0319999999999996
2003,PL,埼玉西武ライオンズ,31033886,鳥谷部　健一,K.Toriyabe,4.0,0.0,0.0,0.0,0.0,0.0,0.0,0.0,0.0,0.0,0.0,0,0.0,0.0,0.0,0,0.0,0.0,0.0,,,,0.0,0.0,0.0,0.0,,nan,nan,nan,nan,0.0,0.0,nan,nan,,0.0,0.0,0.0,4.0,0.0,0.0,0.0,0.0,0.0,0.0,,,0.0,0,0.0,,0.0,0.0,0,0.0,0.0,,nan,0.0
2003,PL,北海道日本ハムファイターズ,31033887,西浦　克拓,K.Nishiura,44.0,102.0,91.0,15.0,26.0,6.0,0.0,6.0,50.0,13.0,0.0,0,2.0,0.0,9.0,0,0.0,22.0,2.0,0.286,0.35,0.549,0.899,14.0,0.26300000000000007,0.064,0.613,8.823529411764707,21.568627450980394,0.4090909090909091,0.31746031746031744,0.29475,533.0,0.3626373626373626,0.8805970149253731,0.286,26.0,6.0,13.0,44.0,102.0,91.0,14.0,6.0,0.0,15.0,0.35,0.549,9.0,0,0.0,,50.0,0.0,0,2.0,0.0,,17.5,16.56
2003,PL,オリックス・バファローズ,31035115,竜太郎,R.Ryuutarou（tsuji,79.0,205.0,194.0,24.0,49.0,8.0,1.0,7.0,80.0,18.0,3,2,3.0,0.0,4.0,0,4.0,32.0,3.0,0.253,0.282,0.412,0.694,33.0,0.15899999999999997,0.02899999999999997,0.4409999999999999,1.951219512195122,15.609756097560975,0.125,0.2709677419354839,0.2299,419.3333333333333,0.19072164948453607,0.6081081081081081,0.253,49.0,7.0,18.0,79.0,205.0,194.0,33.0,8.0,1.0,24.0,0.282,0.412,4.0,0,4.0,,80.0,3,2,3.0,0.0,,21.414141414141415,22.169999999999995
2003,PL,大阪近鉄バファローズ,31035117,下山　真二,S.Shimoyama,35.0,72.0,63.0,11.0,19.0,7.0,0.0,3.0,35.0,9.0,2,1,1.0,0.0,6.0,0,2.0,22.0,0.0,0.302,0.38,0.556,0.936,9.0,0.25400000000000006,0.07800000000000001,0.6340000000000001,8.333333333333332,30.555555555555557,0.2727272727272727,0.42105263157894735,0.31000000000000005,565.3333333333334,0.36507936507936506,1.0,0.302,19.0,3.0,9.0,35.0,72.0,63.0,9.0,7.0,0.0,11.0,0.38,0.556,6.0,0,2.0,,35.0,2,1,1.0,0.0,,12.681159420289855,12.367999999999999
2003,PL,オリックス・バファローズ,31133888,相川　良太,R.Aikawa,22.0,58.0,53.0,11.0,18.0,3.0,1.0,3.0,32.0,7.0,0,1,0.0,0.0,5.0,0,0.0,11.0,0.0,0.34,0.397,0.604,1.001,11.0,0.26399999999999996,0.056999999999999995,0.661,8.620689655172415,18.96551724137931,0.45454545454545453,0.38461538461538464,0.32965,598.3333333333334,0.37735849056603776,1.0857142857142856,0.34,18.0,3.0,7.0,22.0,58.0,53.0,11.0,3.0,1.0,11.0,0.397,0.604,5.0,0,0.0,,32.0,0,1,0.0,0.0,,12.689655172413794,11.42
2003,PL,埼玉西武ライオンズ,31133889,石井　貴,T.Ishii,6.0,0.0,0.0,0.0,0.0,0.0,0.0,0.0,0.0,0.0,0.0,0,0.0,0.0,0.0,0,0.0,0.0,0.0,,,,0.0,0.0,0.0,0.0,,nan,nan,nan,nan,0.0,0.0,nan,nan,,0.0,0.0,0.0,6.0,0.0,0.0,0.0,0.0,0.0,0.0,,,0.0,0,0.0,,0.0,0.0,0,0.0,0.0,,nan,0.0
2003,PL,埼玉西武ライオンズ,31135111,青木　勇人,H.Aoki,4.0,0.0,0.0,0.0,0.0,0.0,0.0,0.0,0.0,0.0,0.0,0,0.0,0.0,0.0,0,0.0,0.0,0.0,,,,0.0,0.0,0.0,0.0,,nan,nan,nan,nan,0.0,0.0,nan,nan,,0.0,0.0,0.0,4.0,0.0,0.0,0.0,0.0,0.0,0.0,,,0.0,0,0.0,,0.0,0.0,0,0.0,0.0,,nan,0.0
2003,PL,オリックス・バファローズ,31135113,相木　崇,T.Aiki,9.0,0.0,0.0,0.0,0.0,0.0,0.0,0.0,0.0,0.0,0.0,0,0.0,0.0,0.0,0,0.0,0.0,0.0,,,,0.0,0.0,0.0,0.0,,nan,nan,nan,nan,0.0,0.0,nan,nan,,0.0,0.0,0.0,9.0,0.0,0.0,0.0,0.0,0.0,0.0,,,0.0,0,0.0,,0.0,0.0,0,0.0,0.0,,nan,0.0
2003,PL,大阪近鉄バファローズ,31135115,朝井　秀樹,H.Asai,2.0,0.0,0.0,0.0,0.0,0.0,0.0,0.0,0.0,0.0,0.0,0,0.0,0.0,0.0,0,0.0,0.0,0.0,,,,0.0,0.0,0.0,0.0,,nan,nan,nan,nan,0.0,0.0,nan,nan,,0.0,0.0,0.0,2.0,0.0,0.0,0.0,0.0,0.0,0.0,,,0.0,0,0.0,,0.0,0.0,0,0.0,0.0,,nan,0.0
2003,PL,千葉ロッテマリーンズ,31135117,浅間　敬太,K.Asama,2.0,0.0,0.0,0.0,0.0,0.0,0.0,0.0,0.0,0.0,0.0,0,0.0,0.0,0.0,0,0.0,0.0,0.0,,,,0.0,0.0,0.0,0.0,,nan,nan,nan,nan,0.0,0.0,nan,nan,,0.0,0.0,0.0,2.0,0.0,0.0,0.0,0.0,0.0,0.0,,,0.0,0,0.0,,0.0,0.0,0,0.0,0.0,,nan,0.0
2003,PL,オリックス・バファローズ,31233887,牧野　塁,R.Makino,49.0,0.0,0.0,0.0,0.0,0.0,0.0,0.0,0.0,0.0,0.0,0,0.0,0.0,0.0,0,0.0,0.0,0.0,,,,0.0,0.0,0.0,0.0,,nan,nan,nan,nan,0.0,0.0,nan,nan,,0.0,0.0,0.0,49.0,0.0,0.0,0.0,0.0,0.0,0.0,,,0.0,0,0.0,,0.0,0.0,0,0.0,0.0,,nan,0.0
2003,PL,埼玉西武ライオンズ,31233888,松坂　大輔,D.Matsuzaka,29.0,0.0,0.0,0.0,0.0,0.0,0.0,0.0,0.0,0.0,0.0,0,0.0,0.0,0.0,0,0.0,0.0,0.0,,,,0.0,0.0,0.0,0.0,,nan,nan,nan,nan,0.0,0.0,nan,nan,,0.0,0.0,0.0,29.0,0.0,0.0,0.0,0.0,0.0,0.0,,,0.0,0,0.0,,0.0,0.0,0,0.0,0.0,,nan,0.0
2003,PL,北海道日本ハムファイターズ,31333881,岩本　勉,T.Iwamoto,17.0,0.0,0.0,0.0,0.0,0.0,0.0,0.0,0.0,0.0,0.0,0,0.0,0.0,0.0,0,0.0,0.0,0.0,,,,0.0,0.0,0.0,0.0,,nan,nan,nan,nan,0.0,0.0,nan,nan,,0.0,0.0,0.0,17.0,0.0,0.0,0.0,0.0,0.0,0.0,,,0.0,0,0.0,,0.0,0.0,0,0.0,0.0,,nan,0.0
2003,PL,福岡ソフトバンクホークス,31333887,大越　基,M.Ookoshi,35.0,19.0,18.0,5.0,4.0,1.0,0.0,0.0,5.0,3.0,3,0,0.0,0.0,1.0,0,0.0,6.0,0.0,0.222,0.263,0.278,0.541,3.0,0.05600000000000002,0.04100000000000001,0.319,5.263157894736842,31.57894736842105,0.16666666666666666,0.3333333333333333,0.18785000000000002,355.6666666666667,0.1111111111111111,0.42857142857142855,0.222,4.0,0.0,3.0,35.0,19.0,18.0,3.0,1.0,0.0,5.0,0.263,0.278,1.0,0,0.0,,5.0,3,0,0.0,0.0,,1.3157894736842106,1.1779999999999997
2003,PL,埼玉西武ライオンズ,31335111,貝塚　政秀,M.Kaizuka,8.0,12.0,12.0,0.0,0.0,0.0,0.0,0.0,0.0,0.0,0.0,0,0.0,0.0,0.0,0,0.0,5.0,0.0,0.0,0.0,0.0,0.0,0.0,0.0,0.0,0.0,0.0,41.66666666666667,0.0,0.0,0.0,0.0,0.0,0.0,0.0,0.0,0.0,0.0,8.0,12.0,12.0,0.0,0.0,0.0,0.0,0.0,0.0,0.0,0,0.0,,0.0,0.0,0,0.0,0.0,,0.0,-1.1760000000000002
2003,PL,埼玉西武ライオンズ,31433884,和田　一浩,K.Wada,126.0,540.0,468.0,87.0,162.0,34.0,5.0,30.0,296.0,89.0,8,5,0.0,3.0,66.0,0,3.0,46.0,10.0,0.346,0.428,0.632,1.06,93.0,0.28600000000000003,0.08200000000000002,0.714,12.222222222222221,8.518518518518519,1.434782608695652,0.3341772151898734,0.3506,638.6666666666667,0.43803418803418803,1.1708860759493671,0.346,162.0,30.0,89.0,126.0,540.0,468.0,93.0,34.0,5.0,87.0,0.428,0.632,66.0,0,3.0,,296.0,8,5,0.0,3.0,,126.38202247191012,113.06200000000001
2003,PL,埼玉西武ライオンズ,31435113,水田　圭介,K.Mizuta,6.0,9.0,7.0,0.0,0.0,0.0,0.0,0.0,0.0,1.0,0.0,0,1.0,1.0,0.0,0,0.0,2.0,0.0,0.0,0.0,0.0,0.0,0.0,0.0,0.0,0.0,0.0,22.22222222222222,0.0,0.0,0.0,0.0,0.0,0.0,0.0,0.0,0.0,1.0,6.0,9.0,7.0,0.0,0.0,0.0,0.0,0.0,0.0,0.0,0,0.0,,0.0,0.0,0,1.0,1.0,,0.0,-0.686
2003,PL,千葉ロッテマリーンズ,31435117,西岡　剛,T.Nishioka,7.0,11.0,9.0,3.0,3.0,2.0,0.0,0.0,5.0,1.0,0.0,0,0.0,0.0,2.0,0,0.0,1.0,0.0,0.333,0.455,0.556,1.0110000000000001,1.0,0.22300000000000003,0.122,0.678,18.181818181818183,9.090909090909092,2.0,0.375,0.34375,640.3333333333334,0.4444444444444444,1.1666666666666667,0.333,3.0,0.0,1.0,7.0,11.0,9.0,1.0,2.0,0.0,3.0,0.455,0.556,2.0,0,0.0,,5.0,0.0,0,0.0,0.0,,2.272727272727273,2.012
2003,PL,埼玉西武ライオンズ,31535117,長田　秀一郎,S.Osada,46.0,0.0,0.0,0.0,0.0,0.0,0.0,0.0,0.0,0.0,0.0,0,0.0,0.0,0.0,0,0.0,0.0,0.0,,,,0.0,0.0,0.0,0.0,,nan,nan,nan,nan,0.0,0.0,nan,nan,,0.0,0.0,0.0,46.0,0.0,0.0,0.0,0.0,0.0,0.0,,,0.0,0,0.0,,0.0,0.0,0,0.0,0.0,,nan,0.0
2003,PL,福岡ソフトバンクホークス,31733880,城島　健司,K.Joujima,140.0,628.0,551.0,101.0,182.0,39.0,2.0,34.0,327.0,119.0,9,4,2.0,7.0,53.0,0,15.0,50.0,22.0,0.33,0.399,0.593,0.992,107.0,0.26299999999999996,0.069,0.6619999999999999,8.439490445859873,7.961783439490445,1.06,0.31223628691983124,0.3278,596.6666666666666,0.3666061705989111,1.020460358056266,0.33,182.0,34.0,119.0,140.0,628.0,551.0,107.0,39.0,2.0,101.0,0.399,0.593,53.0,0,15.0,,327.0,9,4,2.0,7.0,,127.22682119205298,119.618
2003,PL,福岡ソフトバンクホークス,31733882,高橋　和幸,K.Takahashi,26.0,73.0,70.0,11.0,18.0,1.0,1.0,0.0,21.0,3.0,0,1,1.0,0.0,2.0,0,0.0,11.0,1.0,0.257,0.278,0.3,0.5780000000000001,16.0,0.04299999999999998,0.02100000000000002,0.321,2.73972602739726,15.068493150684931,0.18181818181818182,0.3050847457627119,0.2001,378.0,0.08571428571428572,0.4528301886792453,0.257,18.0,0.0,3.0,26.0,73.0,70.0,16.0,1.0,1.0,11.0,0.278,0.3,2.0,0,0.0,,21.0,0,1,1.0,0.0,,5.833333333333333,5.504000000000001
2003,PL,オリックス・バファローズ,31733887,塩谷　和彦,K.Shiotani,123.0,483.0,436.0,58.0,134.0,15.0,1.0,8.0,175.0,46.0,7,4,5.0,4.0,37.0,0,1.0,74.0,13.0,0.307,0.36,0.401,0.761,110.0,0.09400000000000003,0.05299999999999999,0.454,7.6604554865424435,15.320910973084887,0.5,0.35195530726256985,0.26225,493.6666666666667,0.18807339449541285,0.6888888888888889,0.307,134.0,8.0,46.0,123.0,483.0,436.0,110.0,15.0,1.0,58.0,0.36,0.401,37.0,0,1.0,,175.0,7,4,5.0,4.0,,63.266384778012686,62.024
2003,PL,千葉ロッテマリーンズ,31733888,里崎　智也,T.Satozaki,78.0,253.0,213.0,28.0,68.0,13.0,2.0,8.0,109.0,39.0,0,1,6.0,5.0,22.0,0,7.0,45.0,4.0,0.319,0.393,0.512,0.905,45.0,0.193,0.07400000000000001,0.5860000000000001,8.695652173913043,17.786561264822133,0.4888888888888889,0.36363636363636365,0.30485,563.6666666666666,0.3004694835680751,0.9328859060402684,0.319,68.0,8.0,39.0,78.0,253.0,213.0,45.0,13.0,2.0,28.0,0.393,0.512,22.0,0,7.0,,109.0,0,1,6.0,5.0,,41.744680851063826,40.99999999999999
2003,PL,北海道日本ハムファイターズ,31733889,関根　裕之,H.Sekine,34.0,0.0,0.0,0.0,0.0,0.0,0.0,0.0,0.0,0.0,0.0,0,0.0,0.0,0.0,0,0.0,0.0,0.0,,,,0.0,0.0,0.0,0.0,,nan,nan,nan,nan,0.0,0.0,nan,nan,,0.0,0.0,0.0,34.0,0.0,0.0,0.0,0.0,0.0,0.0,,,0.0,0,0.0,,0.0,0.0,0,0.0,0.0,,nan,0.0
2003,PL,千葉ロッテマリーンズ,31735117,神田　義英,Y.Kanda,10.0,0.0,0.0,0.0,0.0,0.0,0.0,0.0,0.0,0.0,0.0,0,0.0,0.0,0.0,0,0.0,0.0,0.0,,,,0.0,0.0,0.0,0.0,,nan,nan,nan,nan,0.0,0.0,nan,nan,,0.0,0.0,0.0,10.0,0.0,0.0,0.0,0.0,0.0,0.0,,,0.0,0,0.0,,0.0,0.0,0,0.0,0.0,,nan,0.0
2003,PL,北海道日本ハムファイターズ,31835115,C.シールバック,C.Seelbach,16.0,0.0,0.0,0.0,0.0,0.0,0.0,0.0,0.0,0.0,0.0,0,0.0,0.0,0.0,0,0.0,0.0,0.0,,,,0.0,0.0,0.0,0.0,,nan,nan,nan,nan,0.0,0.0,nan,nan,,0.0,0.0,0.0,16.0,0.0,0.0,0.0,0.0,0.0,0.0,,,0.0,0,0.0,,0.0,0.0,0,0.0,0.0,,nan,0.0
2003,PL,北海道日本ハムファイターズ,31933884,髙橋　信二,S.Takahashi,105.0,336.0,309.0,34.0,81.0,16.0,1.0,12.0,135.0,49.0,3,0,5.0,2.0,15.0,0,5.0,73.0,4.0,0.262,0.305,0.437,0.742,52.0,0.175,0.04299999999999998,0.48,4.464285714285714,21.726190476190478,0.2054794520547945,0.3053097345132743,0.2465,450.6666666666667,0.22330097087378642,0.6681034482758621,0.262,81.0,12.0,49.0,105.0,336.0,309.0,52.0,16.0,1.0,34.0,0.305,0.437,15.0,0,5.0,,135.0,3,0,5.0,2.0,,40.0,40.096
2003,PL,福岡ソフトバンクホークス,31933887,田口　昌徳,M.Taguchi,10.0,13.0,10.0,2.0,2.0,1.0,0.0,1.0,6.0,2.0,0.0,0,0.0,0.0,3.0,0,0.0,3.0,1.0,0.2,0.385,0.6,0.985,0.0,0.39999999999999997,0.185,0.7849999999999999,23.076923076923077,23.076923076923077,1.0,0.16666666666666666,0.32325000000000004,585.0,0.7,1.0,0.2,2.0,1.0,2.0,10.0,13.0,10.0,0.0,1.0,0.0,2.0,0.385,0.6,3.0,0,0.0,,6.0,0.0,0,0.0,0.0,,2.3076923076923075,2.3660000000000005
2003,PL,福岡ソフトバンクホークス,31935111,田中　総司,S.Tanaka,2.0,0.0,0.0,0.0,0.0,0.0,0.0,0.0,0.0,0.0,0.0,0,0.0,0.0,0.0,0,0.0,0.0,0.0,,,,0.0,0.0,0.0,0.0,,nan,nan,nan,nan,0.0,0.0,nan,nan,,0.0,0.0,0.0,2.0,0.0,0.0,0.0,0.0,0.0,0.0,,,0.0,0,0.0,,0.0,0.0,0,0.0,0.0,,nan,0.0
2003,PL,福岡ソフトバンクホークス,31935115,杉内　俊哉,T.Sugiuchi,27.0,0.0,0.0,0.0,0.0,0.0,0.0,0.0,0.0,0.0,0.0,0,0.0,0.0,0.0,0,0.0,0.0,0.0,,,,0.0,0.0,0.0,0.0,,nan,nan,nan,nan,0.0,0.0,nan,nan,,0.0,0.0,0.0,27.0,0.0,0.0,0.0,0.0,0.0,0.0,,,0.0,0,0.0,,0.0,0.0,0,0.0,0.0,,nan,0.0
2003,PL,千葉ロッテマリーンズ,3305117,J.フェルナンデス,J.Fernandez,126.0,537.0,478.0,83.0,145.0,30.0,1.0,32.0,273.0,100.0,5.0,0,0.0,2.0,54.0,0,3.0,106.0,16.0,0.303,0.376,0.571,0.947,82.0,0.26799999999999996,0.07300000000000001,0.6439999999999999,10.05586592178771,19.73929236499069,0.5094339622641509,0.3304093567251462,0.31195,566.3333333333334,0.3912133891213389,0.9598853868194842,0.303,145.0,32.0,100.0,126.0,537.0,478.0,82.0,30.0,1.0,83.0,0.376,0.571,54.0,0,3.0,,273.0,5.0,0,0.0,2.0,,102.11842105263158,96.796
2003,PL,福岡ソフトバンクホークス,33135117,B.ネルソン,B.Nelson,54.0,176.0,167.0,18.0,38.0,7.0,0.0,3.0,54.0,17.0,2.0,2,0.0,2.0,7.0,0,0.0,29.0,8.0,0.228,0.256,0.323,0.579,28.0,0.095,0.027999999999999997,0.351,3.977272727272727,16.477272727272727,0.2413793103448276,0.25547445255474455,0.19595,363.6666666666667,0.1497005988023952,0.45985401459854014,0.228,38.0,3.0,17.0,54.0,176.0,167.0,28.0,7.0,0.0,18.0,0.256,0.323,7.0,0,0.0,,54.0,2.0,2,0.0,2.0,,13.96551724137931,13.387999999999996
2003,PL,大阪近鉄バファローズ,35433868,赤堀　元之,M.Akahori,1.0,0.0,0.0,0.0,0.0,0.0,0.0,0.0,0.0,0.0,0.0,0,0.0,0.0,0.0,0,0.0,0.0,0.0,,,,0.0,0.0,0.0,0.0,,nan,nan,nan,nan,0.0,0.0,nan,nan,,0.0,0.0,0.0,1.0,0.0,0.0,0.0,0.0,0.0,0.0,,,0.0,0,0.0,,0.0,0.0,0,0.0,0.0,,nan,0.0
2003,PL,福岡ソフトバンクホークス,41043881,出口　雄大,Y.Deguchi,60.0,142.0,125.0,30.0,32.0,9.0,2.0,3.0,54.0,14.0,3,0,2.0,2.0,13.0,0,0.0,34.0,1.0,0.256,0.321,0.432,0.753,18.0,0.176,0.065,0.497,9.15492957746479,23.943661971830984,0.38235294117647056,0.32222222222222224,0.25245,464.99999999999994,0.28,0.7127659574468085,0.256,32.0,3.0,14.0,60.0,142.0,125.0,18.0,9.0,2.0,30.0,0.321,0.432,13.0,0,0.0,,54.0,3,0,2.0,2.0,,17.608695652173914,17.056
2003,PL,福岡ソフトバンクホークス,41043882,松本　輝,A.Matsumoto,2.0,0.0,0.0,0.0,0.0,0.0,0.0,0.0,0.0,0.0,0.0,0,0.0,0.0,0.0,0,0.0,0.0,0.0,,,,0.0,0.0,0.0,0.0,,nan,nan,nan,nan,0.0,0.0,nan,nan,,0.0,0.0,0.0,2.0,0.0,0.0,0.0,0.0,0.0,0.0,,,0.0,0,0.0,,0.0,0.0,0,0.0,0.0,,nan,0.0
2003,PL,埼玉西武ライオンズ,41043888,星野　智樹,T.Hoshino,8.0,0.0,0.0,0.0,0.0,0.0,0.0,0.0,0.0,0.0,0.0,0,0.0,0.0,0.0,0,0.0,0.0,0.0,,,,0.0,0.0,0.0,0.0,,nan,nan,nan,nan,0.0,0.0,nan,nan,,0.0,0.0,0.0,8.0,0.0,0.0,0.0,0.0,0.0,0.0,,,0.0,0,0.0,,0.0,0.0,0,0.0,0.0,,nan,0.0
2003,PL,北海道日本ハムファイターズ,41045113,中村　隼人,H.Nakamura,4.0,0.0,0.0,0.0,0.0,0.0,0.0,0.0,0.0,0.0,0.0,0,0.0,0.0,0.0,0,0.0,0.0,0.0,,,,0.0,0.0,0.0,0.0,,nan,nan,nan,nan,0.0,0.0,nan,nan,,0.0,0.0,0.0,4.0,0.0,0.0,0.0,0.0,0.0,0.0,,,0.0,0,0.0,,0.0,0.0,0,0.0,0.0,,nan,0.0
2003,PL,大阪近鉄バファローズ,41045115,長坂　健冶,K.Nagasaka,3.0,5.0,4.0,0.0,0.0,0.0,0.0,0.0,0.0,0.0,0.0,0,0.0,0.0,0.0,0,1.0,1.0,1.0,0.0,0.2,0.0,0.2,0.0,0.0,0.2,0.2,0.0,20.0,0.0,0.0,0.09000000000000001,200.0,0.0,0.2,0.0,0.0,0.0,0.0,3.0,5.0,4.0,0.0,0.0,0.0,0.0,0.2,0.0,0.0,0,1.0,,0.0,0.0,0,0.0,0.0,,0.0,-0.062
2003,PL,北海道日本ハムファイターズ,41045117,武田　久,H.Takeda,13.0,0.0,0.0,0.0,0.0,0.0,0.0,0.0,0.0,0.0,0.0,0,0.0,0.0,0.0,0,0.0,0.0,0.0,,,,0.0,0.0,0.0,0.0,,nan,nan,nan,nan,0.0,0.0,nan,nan,,0.0,0.0,0.0,13.0,0.0,0.0,0.0,0.0,0.0,0.0,,,0.0,0,0.0,,0.0,0.0,0,0.0,0.0,,nan,0.0
2003,PL,千葉ロッテマリーンズ,41143880,サブロー,S.Saburo（oomura,80.0,333.0,286.0,44.0,78.0,23.0,1.0,10.0,133.0,46.0,4,7,13.0,4.0,24.0,0,6.0,66.0,2.0,0.273,0.338,0.465,0.803,44.0,0.192,0.065,0.53,7.207207207207207,19.81981981981982,0.36363636363636365,0.3177570093457944,0.26835000000000003,493.0,0.3006993006993007,0.8095238095238095,0.273,78.0,10.0,46.0,80.0,333.0,286.0,44.0,23.0,1.0,44.0,0.338,0.465,24.0,0,6.0,,133.0,4,7,13.0,4.0,,43.76129032258064,44.775999999999996
2003,PL,千葉ロッテマリーンズ,41143882,伊与田　一範,K.Iyoda,29.0,37.0,34.0,6.0,6.0,0.0,0.0,2.0,12.0,3.0,1.0,1,1.0,1.0,0.0,0,1.0,13.0,1.0,0.176,0.194,0.353,0.5469999999999999,4.0,0.177,0.018000000000000016,0.371,0.0,35.13513513513514,0.0,0.2,0.17554999999999998,311.66666666666663,0.20588235294117646,0.4827586206896552,0.176,6.0,2.0,3.0,29.0,37.0,34.0,4.0,0.0,0.0,6.0,0.194,0.353,0.0,0,1.0,,12.0,1.0,1,1.0,1.0,,2.1176470588235294,2.6459999999999995
2003,PL,埼玉西武ライオンズ,41145111,内薗　直樹,N.Uchizono,4.0,0.0,0.0,0.0,0.0,0.0,0.0,0.0,0.0,0.0,0.0,0,0.0,0.0,0.0,0,0.0,0.0,0.0,,,,0.0,0.0,0.0,0.0,,nan,nan,nan,nan,0.0,0.0,nan,nan,,0.0,0.0,0.0,4.0,0.0,0.0,0.0,0.0,0.0,0.0,,,0.0,0,0.0,,0.0,0.0,0,0.0,0.0,,nan,0.0
2003,PL,大阪近鉄バファローズ,41145113,阿部　真宏,M.Abe,111.0,447.0,398.0,58.0,116.0,28.0,1.0,6.0,164.0,43.0,6,0,11.0,4.0,33.0,0,1.0,37.0,7.0,0.291,0.344,0.412,0.756,81.0,0.121,0.05299999999999999,0.4649999999999999,7.38255033557047,8.277404921700224,0.8918918918918919,0.3064066852367688,0.2578,481.33333333333326,0.20351758793969849,0.6851211072664359,0.291,116.0,6.0,43.0,111.0,447.0,398.0,81.0,28.0,1.0,58.0,0.344,0.412,33.0,0,1.0,,164.0,6,0,11.0,4.0,,56.696055684454755,53.924
2003,PL,福岡ソフトバンクホークス,41243868,吉田　修司,S.Yoshida,53.0,0.0,0.0,0.0,0.0,0.0,0.0,0.0,0.0,0.0,0.0,0,0.0,0.0,0.0,0,0.0,0.0,0.0,,,,0.0,0.0,0.0,0.0,,nan,nan,nan,nan,0.0,0.0,nan,nan,,0.0,0.0,0.0,53.0,0.0,0.0,0.0,0.0,0.0,0.0,,,0.0,0,0.0,,0.0,0.0,0,0.0,0.0,,nan,0.0
2003,PL,千葉ロッテマリーンズ,41243881,橋本　武広,T.Hashimoto,23.0,0.0,0.0,0.0,0.0,0.0,0.0,0.0,0.0,0.0,0.0,0,0.0,0.0,0.0,0,0.0,0.0,0.0,,,,0.0,0.0,0.0,0.0,,nan,nan,nan,nan,0.0,0.0,nan,nan,,0.0,0.0,0.0,23.0,0.0,0.0,0.0,0.0,0.0,0.0,,,0.0,0,0.0,,0.0,0.0,0,0.0,0.0,,nan,0.0
2003,PL,福岡ソフトバンクホークス,41243886,星野　順治,J.Hoshino,2.0,0.0,0.0,0.0,0.0,0.0,0.0,0.0,0.0,0.0,0.0,0,0.0,0.0,0.0,0,0.0,0.0,0.0,,,,0.0,0.0,0.0,0.0,,nan,nan,nan,nan,0.0,0.0,nan,nan,,0.0,0.0,0.0,2.0,0.0,0.0,0.0,0.0,0.0,0.0,,,0.0,0,0.0,,0.0,0.0,0,0.0,0.0,,nan,0.0
2003,PL,北海道日本ハムファイターズ,41243888,森本　稀哲,H.Morimoto,61.0,151.0,133.0,21.0,26.0,2.0,1.0,4.0,42.0,16.0,3,2,3.0,0.0,14.0,0,1.0,48.0,2.0,0.195,0.277,0.316,0.593,19.0,0.121,0.08200000000000002,0.398,9.271523178807946,31.788079470198678,0.2916666666666667,0.2716049382716049,0.20365,382.33333333333337,0.24060150375939848,0.5412844036697247,0.195,26.0,4.0,16.0,61.0,151.0,133.0,19.0,2.0,1.0,21.0,0.277,0.316,14.0,0,1.0,,42.0,3,2,3.0,0.0,,11.428571428571429,12.564
2003,PL,大阪近鉄バファローズ,41245111,宮本　大輔,D.Miyamoto,4.0,0.0,0.0,0.0,0.0,0.0,0.0,0.0,0.0,0.0,0.0,0,0.0,0.0,0.0,0,0.0,0.0,0.0,,,,0.0,0.0,0.0,0.0,,nan,nan,nan,nan,0.0,0.0,nan,nan,,0.0,0.0,0.0,4.0,0.0,0.0,0.0,0.0,0.0,0.0,,,0.0,0,0.0,,0.0,0.0,0,0.0,0.0,,nan,0.0
2003,PL,埼玉西武ライオンズ,41245113,帆足　和幸,K.Hoashi,34.0,0.0,0.0,0.0,0.0,0.0,0.0,0.0,0.0,0.0,0.0,0,0.0,0.0,0.0,0,0.0,0.0,0.0,,,,0.0,0.0,0.0,0.0,,nan,nan,nan,nan,0.0,0.0,nan,nan,,0.0,0.0,0.0,34.0,0.0,0.0,0.0,0.0,0.0,0.0,,,0.0,0,0.0,,0.0,0.0,0,0.0,0.0,,nan,0.0
2003,PL,福岡ソフトバンクホークス,41343884,岡本　劼能,K.Okamoto,54.0,0.0,0.0,0.0,0.0,0.0,0.0,0.0,0.0,0.0,0.0,0,0.0,0.0,0.0,0,0.0,0.0,0.0,,,,0.0,0.0,0.0,0.0,,nan,nan,nan,nan,0.0,0.0,nan,nan,,0.0,0.0,0.0,54.0,0.0,0.0,0.0,0.0,0.0,0.0,,,0.0,0,0.0,,0.0,0.0,0,0.0,0.0,,nan,0.0
2003,PL,福岡ソフトバンクホークス,41345111,川﨑　宗則,M.Kawasaki,133.0,568.0,493.0,78.0,145.0,17.0,9.0,2.0,186.0,51.0,30,16,28.0,2.0,41.0,0,4.0,74.0,8.0,0.294,0.352,0.377,0.729,117.0,0.08300000000000002,0.057999999999999996,0.435,7.21830985915493,13.028169014084506,0.5540540540540541,0.3412887828162291,0.25265,477.6666666666667,0.19878296146044624,0.6938202247191011,0.294,145.0,2.0,51.0,133.0,568.0,493.0,117.0,17.0,9.0,78.0,0.352,0.377,41.0,0,4.0,,186.0,30,16,28.0,2.0,,64.78651685393258,66.60599999999998
2003,PL,北海道日本ハムファイターズ,41345115,江尻　慎太郎,S.Ejiri,3.0,0.0,0.0,0.0,0.0,0.0,0.0,0.0,0.0,0.0,0.0,0,0.0,0.0,0.0,0,0.0,0.0,0.0,,,,0.0,0.0,0.0,0.0,,nan,nan,nan,nan,0.0,0.0,nan,nan,,0.0,0.0,0.0,3.0,0.0,0.0,0.0,0.0,0.0,0.0,,,0.0,0,0.0,,0.0,0.0,0,0.0,0.0,,nan,0.0
2003,PL,大阪近鉄バファローズ,41345117,大西　宏明,H.Oonishi,1.0,3.0,3.0,0.0,0.0,0.0,0.0,0.0,0.0,0.0,0.0,0,0.0,0.0,0.0,0,0.0,1.0,1.0,0.0,0.0,0.0,0.0,0.0,0.0,0.0,0.0,0.0,33.33333333333333,0.0,0.0,0.0,0.0,0.0,0.0,0.0,0.0,0.0,0.0,1.0,3.0,3.0,0.0,0.0,0.0,0.0,0.0,0.0,0.0,0,0.0,,0.0,0.0,0,0.0,0.0,,0.0,-0.29400000000000004
2003,PL,福岡ソフトバンクホークス,41445113,秋親,A.Akichika（yamada,24.0,0.0,0.0,0.0,0.0,0.0,0.0,0.0,0.0,0.0,0.0,0,0.0,0.0,0.0,0,0.0,0.0,0.0,,,,0.0,0.0,0.0,0.0,,nan,nan,nan,nan,0.0,0.0,nan,nan,,0.0,0.0,0.0,24.0,0.0,0.0,0.0,0.0,0.0,0.0,,,0.0,0,0.0,,0.0,0.0,0,0.0,0.0,,nan,0.0
2003,PL,北海道日本ハムファイターズ,41543880,櫻井　幸博,Y.Sakurai,17.0,0.0,0.0,0.0,0.0,0.0,0.0,0.0,0.0,0.0,0.0,0,0.0,0.0,0.0,0,0.0,0.0,0.0,,,,0.0,0.0,0.0,0.0,,nan,nan,nan,nan,0.0,0.0,nan,nan,,0.0,0.0,0.0,17.0,0.0,0.0,0.0,0.0,0.0,0.0,,,0.0,0,0.0,,0.0,0.0,0,0.0,0.0,,nan,0.0
2003,PL,千葉ロッテマリーンズ,41543884,小坂　誠,M.Kosaka,134.0,592.0,516.0,67.0,133.0,21.0,7.0,3.0,177.0,40.0,27,7,19.0,3.0,53.0,0,1.0,84.0,5.0,0.258,0.326,0.343,0.669,102.0,0.08500000000000002,0.068,0.411,8.952702702702704,14.18918918918919,0.6309523809523809,0.30092592592592593,0.23245,440.33333333333337,0.20155038759689922,0.6134020618556701,0.258,133.0,3.0,40.0,134.0,592.0,516.0,102.0,21.0,7.0,67.0,0.326,0.343,53.0,0,1.0,,177.0,27,7,19.0,3.0,,57.85940246045694,59.266
2003,PL,埼玉西武ライオンズ,41543886,芝﨑　和広,K.Shibasaki,13.0,0.0,0.0,0.0,0.0,0.0,0.0,0.0,0.0,0.0,0.0,0,0.0,0.0,0.0,0,0.0,0.0,0.0,,,,0.0,0.0,0.0,0.0,,nan,nan,nan,nan,0.0,0.0,nan,nan,,0.0,0.0,0.0,13.0,0.0,0.0,0.0,0.0,0.0,0.0,,,0.0,0,0.0,,0.0,0.0,0,0.0,0.0,,nan,0.0
2003,PL,福岡ソフトバンクホークス,41543889,佐藤　誠,M.Satou,31.0,0.0,0.0,0.0,0.0,0.0,0.0,0.0,0.0,0.0,0.0,0,0.0,0.0,0.0,0,0.0,0.0,0.0,,,,0.0,0.0,0.0,0.0,,nan,nan,nan,nan,0.0,0.0,nan,nan,,0.0,0.0,0.0,31.0,0.0,0.0,0.0,0.0,0.0,0.0,,,0.0,0,0.0,,0.0,0.0,0,0.0,0.0,,nan,0.0
2003,PL,千葉ロッテマリーンズ,41545111,清水　直行,N.Shimizu,28.0,0.0,0.0,0.0,0.0,0.0,0.0,0.0,0.0,0.0,0.0,0,0.0,0.0,0.0,0,0.0,0.0,0.0,,,,0.0,0.0,0.0,0.0,,nan,nan,nan,nan,0.0,0.0,nan,nan,,0.0,0.0,0.0,28.0,0.0,0.0,0.0,0.0,0.0,0.0,,,0.0,0,0.0,,0.0,0.0,0,0.0,0.0,,nan,0.0
2003,PL,大阪近鉄バファローズ,41643883,水口　栄二,E.Mizuguchi,96.0,350.0,304.0,36.0,88.0,9.0,2.0,5.0,116.0,38.0,0.0,0,19.0,1.0,25.0,0,1.0,41.0,5.0,0.289,0.344,0.382,0.726,72.0,0.09300000000000003,0.05499999999999999,0.437,7.142857142857142,11.714285714285715,0.6097560975609756,0.3204633204633205,0.25029999999999997,471.33333333333326,0.17434210526315788,0.6425339366515838,0.289,88.0,5.0,38.0,96.0,350.0,304.0,72.0,9.0,2.0,36.0,0.344,0.382,25.0,0,1.0,,116.0,0.0,0,19.0,1.0,,39.8419452887538,39.17199999999999
2003,PL,埼玉西武ライオンズ,41645113,A.カブレラ,A.Cabrera,124.0,533.0,457.0,85.0,148.0,24.0,0.0,50.0,322.0,112.0,2,3,0.0,1.0,68.0,0,7.0,106.0,14.0,0.324,0.418,0.705,1.123,74.0,0.38099999999999995,0.09399999999999997,0.7989999999999999,12.757973733583489,19.887429643527206,0.6415094339622641,0.32450331125827814,0.36434999999999995,653.0,0.5361050328227571,1.238390092879257,0.324,148.0,50.0,112.0,124.0,533.0,457.0,74.0,24.0,0.0,85.0,0.418,0.705,68.0,0,7.0,,322.0,2,3,0.0,1.0,,132.48,121.288
2003,PL,北海道日本ハムファイターズ,41743862,田中　幸雄,Y.Tanaka,78.0,264.0,240.0,31.0,66.0,11.0,1.0,9.0,106.0,32.0,3,0,1.0,0.0,20.0,0,3.0,50.0,8.0,0.275,0.338,0.442,0.78,45.0,0.16699999999999998,0.063,0.505,7.575757575757576,18.939393939393938,0.4,0.3149171270718232,0.2626,485.33333333333337,0.25,0.7087912087912088,0.275,66.0,9.0,32.0,78.0,264.0,240.0,45.0,11.0,1.0,31.0,0.338,0.442,20.0,0,3.0,,106.0,3,0,1.0,0.0,,35.06153846153846,34.958000000000006
2003,PL,オリックス・バファローズ,41743882,土井　雅弘,M.Doi,27.0,0.0,0.0,0.0,0.0,0.0,0.0,0.0,0.0,0.0,0.0,0,0.0,0.0,0.0,0,0.0,0.0,0.0,,,,0.0,0.0,0.0,0.0,,nan,nan,nan,nan,0.0,0.0,nan,nan,,0.0,0.0,0.0,27.0,0.0,0.0,0.0,0.0,0.0,0.0,,,0.0,0,0.0,,0.0,0.0,0,0.0,0.0,,nan,0.0
2003,PL,大阪近鉄バファローズ,41743886,高須　洋介,Y.Takasu,17.0,29.0,24.0,3.0,3.0,2.0,0.0,0.0,5.0,3.0,0.0,0,2.0,0.0,3.0,0,0.0,4.0,0.0,0.125,0.222,0.208,0.43,1.0,0.08299999999999999,0.097,0.305,10.344827586206897,13.793103448275861,0.75,0.15,0.1519,291.3333333333333,0.20833333333333334,0.38095238095238093,0.125,3.0,0.0,3.0,17.0,29.0,24.0,1.0,2.0,0.0,3.0,0.222,0.208,3.0,0,0.0,,5.0,0.0,0,2.0,0.0,,1.1111111111111112,0.8719999999999994
2003,PL,北海道日本ハムファイターズ,41743888,立石　尚行,N.Tateishi,40.0,0.0,0.0,0.0,0.0,0.0,0.0,0.0,0.0,0.0,0.0,0,0.0,0.0,0.0,0,0.0,0.0,0.0,,,,0.0,0.0,0.0,0.0,,nan,nan,nan,nan,0.0,0.0,nan,nan,,0.0,0.0,0.0,40.0,0.0,0.0,0.0,0.0,0.0,0.0,,,0.0,0,0.0,,0.0,0.0,0,0.0,0.0,,nan,0.0
2003,PL,千葉ロッテマリーンズ,41843886,N.ミンチー,N.Minchey,30.0,0.0,0.0,0.0,0.0,0.0,0.0,0.0,0.0,0.0,0.0,0,0.0,0.0,0.0,0,0.0,0.0,0.0,,,,0.0,0.0,0.0,0.0,,nan,nan,nan,nan,0.0,0.0,nan,nan,,0.0,0.0,0.0,30.0,0.0,0.0,0.0,0.0,0.0,0.0,,,0.0,0,0.0,,0.0,0.0,0,0.0,0.0,,nan,0.0
2003,PL,千葉ロッテマリーンズ,41845117,リック,R.Short,127.0,519.0,472.0,61.0,143.0,32.0,0.0,12.0,211.0,58.0,3.0,3,0.0,2.0,39.0,0,6.0,60.0,18.0,0.303,0.362,0.447,0.8089999999999999,99.0,0.14400000000000002,0.059,0.506,7.514450867052023,11.560693641618498,0.65,0.32587064676616917,0.27465,511.0,0.2330508474576271,0.7463976945244957,0.303,143.0,12.0,58.0,127.0,519.0,472.0,99.0,32.0,0.0,61.0,0.362,0.447,39.0,0,6.0,,211.0,3.0,3,0.0,2.0,,75.15068493150685,72.96799999999999
2003,PL,北海道日本ハムファイターズ,41943868,藤島　誠剛,S.Fujishima,21.0,49.0,42.0,6.0,12.0,3.0,0.0,3.0,24.0,6.0,0.0,0,0.0,0.0,5.0,0,2.0,13.0,3.0,0.286,0.388,0.571,0.959,6.0,0.285,0.10200000000000004,0.673,10.204081632653061,26.53061224489796,0.38461538461538464,0.34615384615384615,0.31735,578.3333333333334,0.40476190476190477,0.9393939393939394,0.286,12.0,3.0,6.0,21.0,49.0,42.0,6.0,3.0,0.0,6.0,0.388,0.571,5.0,0,2.0,,24.0,0.0,0,0.0,0.0,,8.680851063829786,8.850000000000001
2003,PL,千葉ロッテマリーンズ,41943882,原井　和也,K.Harai,82.0,54.0,44.0,12.0,11.0,3.0,2.0,0.0,18.0,5.0,2,1,4.0,1.0,5.0,0,0.0,6.0,2.0,0.25,0.32,0.409,0.729,6.0,0.15899999999999997,0.07,0.479,9.25925925925926,11.11111111111111,0.8333333333333334,0.28205128205128205,0.24625000000000002,456.33333333333337,0.29545454545454547,0.6857142857142857,0.25,11.0,0.0,5.0,82.0,54.0,44.0,6.0,3.0,2.0,12.0,0.32,0.409,5.0,0,0.0,,18.0,2,1,4.0,1.0,,5.877551020408164,5.836
2003,PL,埼玉西武ライオンズ,41943883,犬伏　稔昌,T.Inubushi,26.0,33.0,30.0,0.0,7.0,0.0,0.0,0.0,7.0,0.0,0.0,0,0.0,0.0,3.0,0,0.0,11.0,0.0,0.233,0.303,0.233,0.536,7.0,0.0,0.06999999999999998,0.303,9.090909090909092,33.33333333333333,0.2727272727272727,0.3684210526315789,0.1946,380.66666666666663,0.1,0.43478260869565216,0.233,7.0,0.0,0.0,26.0,33.0,30.0,7.0,0.0,0.0,0.0,0.303,0.233,3.0,0,0.0,,7.0,0.0,0,0.0,0.0,,2.121212121212121,2.236
2003,PL,千葉ロッテマリーンズ,41943886,代田　建紀,T.Daita,33.0,38.0,32.0,13.0,4.0,0.0,0.0,0.0,4.0,1.0,4,1,2.0,0.0,2.0,0,2.0,8.0,0.0,0.125,0.222,0.125,0.347,4.0,0.0,0.097,0.222,5.263157894736842,21.052631578947366,0.25,0.16666666666666666,0.13115,263.6666666666667,0.09375,0.32142857142857145,0.125,4.0,0.0,1.0,33.0,38.0,32.0,4.0,0.0,0.0,13.0,0.222,0.125,2.0,0,2.0,,4.0,4,1,2.0,0.0,,0.7058823529411765,0.7560000000000002
2003,PL,オリックス・バファローズ,41943887,戸叶　尚,H.Tokano,34.0,0.0,0.0,0.0,0.0,0.0,0.0,0.0,0.0,0.0,0.0,0,0.0,0.0,0.0,0,0.0,0.0,0.0,,,,0.0,0.0,0.0,0.0,,nan,nan,nan,nan,0.0,0.0,nan,nan,,0.0,0.0,0.0,34.0,0.0,0.0,0.0,0.0,0.0,0.0,,,0.0,0,0.0,,0.0,0.0,0,0.0,0.0,,nan,0.0
2003,PL,大阪近鉄バファローズ,43345113,J.パウエル,J.Powell,28.0,0.0,0.0,0.0,0.0,0.0,0.0,0.0,0.0,0.0,0.0,0,0.0,0.0,0.0,0,0.0,0.0,0.0,,,,0.0,0.0,0.0,0.0,,nan,nan,nan,nan,0.0,0.0,nan,nan,,0.0,0.0,0.0,28.0,0.0,0.0,0.0,0.0,0.0,0.0,,,0.0,0,0.0,,0.0,0.0,0,0.0,0.0,,nan,0.0
2003,PL,埼玉西武ライオンズ,51053886,土肥　義弘,Y.Doi,40.0,0.0,0.0,0.0,0.0,0.0,0.0,0.0,0.0,0.0,0.0,0,0.0,0.0,0.0,0,0.0,0.0,0.0,,,,0.0,0.0,0.0,0.0,,nan,nan,nan,nan,0.0,0.0,nan,nan,,0.0,0.0,0.0,40.0,0.0,0.0,0.0,0.0,0.0,0.0,,,0.0,0,0.0,,0.0,0.0,0,0.0,0.0,,nan,0.0
2003,PL,大阪近鉄バファローズ,51053888,藤井　彰人,A.Fujii,73.0,190.0,166.0,13.0,32.0,4.0,2.0,1.0,43.0,13.0,2,1,14.0,1.0,7.0,0,2.0,24.0,2.0,0.193,0.233,0.259,0.492,25.0,0.066,0.04000000000000001,0.299,3.684210526315789,12.631578947368421,0.2916666666666667,0.21830985915492956,0.16960000000000003,319.33333333333337,0.1144578313253012,0.3897058823529412,0.193,32.0,1.0,13.0,73.0,190.0,166.0,25.0,4.0,2.0,13.0,0.233,0.259,7.0,0,2.0,,43.0,2,1,14.0,1.0,,9.693641618497109,8.918000000000001
2003,PL,千葉ロッテマリーンズ,51055113,長崎　伸一,S.Nagasaki,3.0,0.0,0.0,0.0,0.0,0.0,0.0,0.0,0.0,0.0,0.0,0,0.0,0.0,0.0,0,0.0,0.0,0.0,,,,0.0,0.0,0.0,0.0,,nan,nan,nan,nan,0.0,0.0,nan,nan,,0.0,0.0,0.0,3.0,0.0,0.0,0.0,0.0,0.0,0.0,,,0.0,0,0.0,,0.0,0.0,0,0.0,0.0,,nan,0.0
2003,PL,北海道日本ハムファイターズ,51153880,厚澤　和幸,K.Atsuzawa,3.0,0.0,0.0,0.0,0.0,0.0,0.0,0.0,0.0,0.0,0.0,0,0.0,0.0,0.0,0,0.0,0.0,0.0,,,,0.0,0.0,0.0,0.0,,nan,nan,nan,nan,0.0,0.0,nan,nan,,0.0,0.0,0.0,3.0,0.0,0.0,0.0,0.0,0.0,0.0,,,0.0,0,0.0,,0.0,0.0,0,0.0,0.0,,nan,0.0
2003,PL,福岡ソフトバンクホークス,51153884,井口　資仁,T.Iguchi,135.0,617.0,515.0,112.0,175.0,37.0,1.0,27.0,295.0,109.0,42,6,1.0,6.0,81.0,0,14.0,81.0,10.0,0.34,0.438,0.573,1.011,110.0,0.23299999999999993,0.09799999999999998,0.6709999999999999,13.12803889789303,13.12803889789303,1.0,0.3583535108958838,0.34035,629.0,0.40194174757281553,1.1314285714285715,0.34,175.0,27.0,109.0,135.0,617.0,515.0,110.0,37.0,1.0,112.0,0.438,0.573,81.0,0,14.0,,295.0,42,6,1.0,6.0,,126.71140939597315,120.67000000000002
2003,PL,埼玉西武ライオンズ,51153888,赤田　将吾,S.Akada,46.0,94.0,88.0,24.0,22.0,7.0,3.0,1.0,38.0,13.0,4,1,1.0,0.0,5.0,0,0.0,19.0,0.0,0.25,0.29,0.432,0.722,11.0,0.182,0.03999999999999998,0.472,5.319148936170213,20.212765957446805,0.2631578947368421,0.3088235294117647,0.2385,433.99999999999994,0.25,0.6666666666666666,0.25,22.0,1.0,13.0,46.0,94.0,88.0,11.0,7.0,3.0,24.0,0.29,0.432,5.0,0,0.0,,38.0,4,1,1.0,0.0,,11.03225806451613,10.462
2003,PL,北海道日本ハムファイターズ,51153889,井出　竜也,T.Ide,82.0,210.0,189.0,26.0,49.0,14.0,0.0,4.0,75.0,20.0,3,0,0.0,0.0,21.0,0,0.0,46.0,1.0,0.259,0.333,0.397,0.73,31.0,0.138,0.07400000000000001,0.471,10.0,21.904761904761905,0.45652173913043476,0.3237410071942446,0.24910000000000002,465.33333333333337,0.24867724867724866,0.6808510638297872,0.259,49.0,4.0,20.0,82.0,210.0,189.0,31.0,14.0,0.0,26.0,0.333,0.397,21.0,0,0.0,,75.0,3,0,0.0,0.0,,25.0,24.549999999999997
2003,PL,大阪近鉄バファローズ,51155113,愛敬　尚史,H.Aikyou,38.0,0.0,0.0,0.0,0.0,0.0,0.0,0.0,0.0,0.0,0.0,0,0.0,0.0,0.0,0,0.0,0.0,0.0,,,,0.0,0.0,0.0,0.0,,nan,nan,nan,nan,0.0,0.0,nan,nan,,0.0,0.0,0.0,38.0,0.0,0.0,0.0,0.0,0.0,0.0,,,0.0,0,0.0,,0.0,0.0,0,0.0,0.0,,nan,0.0
2003,PL,大阪近鉄バファローズ,51155117,阿部　健太,K.Abe,5.0,0.0,0.0,0.0,0.0,0.0,0.0,0.0,0.0,0.0,0.0,0,0.0,0.0,0.0,0,0.0,0.0,0.0,,,,0.0,0.0,0.0,0.0,,nan,nan,nan,nan,0.0,0.0,nan,nan,,0.0,0.0,0.0,5.0,0.0,0.0,0.0,0.0,0.0,0.0,,,0.0,0,0.0,,0.0,0.0,0,0.0,0.0,,nan,0.0
2003,PL,大阪近鉄バファローズ,51253866,吉田　豊彦,T.Yoshida,60.0,0.0,0.0,0.0,0.0,0.0,0.0,0.0,0.0,0.0,0.0,0,0.0,0.0,0.0,0,0.0,0.0,0.0,,,,0.0,0.0,0.0,0.0,,nan,nan,nan,nan,0.0,0.0,nan,nan,,0.0,0.0,0.0,60.0,0.0,0.0,0.0,0.0,0.0,0.0,,,0.0,0,0.0,,0.0,0.0,0,0.0,0.0,,nan,0.0
2003,PL,大阪近鉄バファローズ,51353882,岡本　晃,A.Okamoto,45.0,0.0,0.0,0.0,0.0,0.0,0.0,0.0,0.0,0.0,0.0,0,0.0,0.0,0.0,0,0.0,0.0,0.0,,,,0.0,0.0,0.0,0.0,,nan,nan,nan,nan,0.0,0.0,nan,nan,,0.0,0.0,0.0,45.0,0.0,0.0,0.0,0.0,0.0,0.0,,,0.0,0,0.0,,0.0,0.0,0,0.0,0.0,,nan,0.0
2003,PL,オリックス・バファローズ,51353887,大島　公一,K.Ooshima,109.0,439.0,369.0,53.0,105.0,20.0,1.0,0.0,127.0,20.0,9,4,16.0,1.0,46.0,0,7.0,50.0,4.0,0.285,0.374,0.344,0.718,84.0,0.059,0.08900000000000002,0.433,10.478359908883828,11.389521640091116,0.92,0.328125,0.25429999999999997,488.66666666666663,0.1951219512195122,0.6865671641791045,0.285,105.0,0.0,20.0,109.0,439.0,369.0,84.0,20.0,1.0,53.0,0.374,0.344,46.0,0,7.0,,127.0,9,4,16.0,1.0,,46.209638554216866,49.778000000000006
2003,PL,北海道日本ハムファイターズ,51355113,井場　友和,T.Iba,3.0,0.0,0.0,0.0,0.0,0.0,0.0,0.0,0.0,0.0,0.0,0,0.0,0.0,0.0,0,0.0,0.0,0.0,,,,0.0,0.0,0.0,0.0,,nan,nan,nan,nan,0.0,0.0,nan,nan,,0.0,0.0,0.0,3.0,0.0,0.0,0.0,0.0,0.0,0.0,,,0.0,0,0.0,,0.0,0.0,0,0.0,0.0,,nan,0.0
2003,PL,大阪近鉄バファローズ,51453888,山﨑　浩司,K.Yamasaki,1.0,5.0,5.0,1.0,0.0,0.0,0.0,0.0,0.0,0.0,0.0,0,0.0,0.0,0.0,0,0.0,1.0,0.0,0.0,0.0,0.0,0.0,0.0,0.0,0.0,0.0,0.0,20.0,0.0,0.0,0.0,0.0,0.0,0.0,0.0,0.0,0.0,0.0,1.0,5.0,5.0,0.0,0.0,0.0,1.0,0.0,0.0,0.0,0,0.0,,0.0,0.0,0,0.0,0.0,,0.0,-0.49
2003,PL,大阪近鉄バファローズ,51455111,山下　勝充,K.Yamashita,24.0,62.0,57.0,4.0,15.0,5.0,0.0,0.0,20.0,5.0,2,0,0.0,0.0,5.0,0,0.0,13.0,2.0,0.263,0.323,0.351,0.6739999999999999,10.0,0.08799999999999997,0.06,0.411,8.064516129032258,20.967741935483872,0.38461538461538464,0.3409090909090909,0.2331,440.0,0.17543859649122806,0.5681818181818182,0.263,15.0,0.0,5.0,24.0,62.0,57.0,10.0,5.0,0.0,4.0,0.323,0.351,5.0,0,0.0,,20.0,2,0,0.0,0.0,,6.451612903225806,6.1339999999999995
2003,PL,埼玉西武ライオンズ,51455113,三井　浩二,K.Mitsui,41.0,0.0,0.0,0.0,0.0,0.0,0.0,0.0,0.0,0.0,0.0,0,0.0,0.0,0.0,0,0.0,0.0,0.0,,,,0.0,0.0,0.0,0.0,,nan,nan,nan,nan,0.0,0.0,nan,nan,,0.0,0.0,0.0,41.0,0.0,0.0,0.0,0.0,0.0,0.0,,,0.0,0,0.0,,0.0,0.0,0,0.0,0.0,,nan,0.0
2003,PL,千葉ロッテマリーンズ,51455117,早坂　圭介,K.Hayasaka,14.0,4.0,4.0,5.0,0.0,0.0,0.0,0.0,0.0,0.0,2,1,0.0,0.0,0.0,0,0.0,3.0,0.0,0.0,0.0,0.0,0.0,0.0,0.0,0.0,0.0,0.0,75.0,0.0,0.0,0.0,0.0,0.25,0.25,0.0,0.0,0.0,0.0,14.0,4.0,4.0,0.0,0.0,0.0,5.0,0.0,0.0,0.0,0,0.0,,0.0,2,1,0.0,0.0,,0.0,-0.21200000000000002
2003,PL,埼玉西武ライオンズ,51555111,後藤　光貴,M.Gotou,23.0,0.0,0.0,0.0,0.0,0.0,0.0,0.0,0.0,0.0,0.0,0,0.0,0.0,0.0,0,0.0,0.0,0.0,,,,0.0,0.0,0.0,0.0,,nan,nan,nan,nan,0.0,0.0,nan,nan,,0.0,0.0,0.0,23.0,0.0,0.0,0.0,0.0,0.0,0.0,,,0.0,0,0.0,,0.0,0.0,0,0.0,0.0,,nan,0.0
2003,PL,オリックス・バファローズ,51555115,小川　裕介,Y.Ogawa,2.0,0.0,0.0,0.0,0.0,0.0,0.0,0.0,0.0,0.0,0.0,0,0.0,0.0,0.0,0,0.0,0.0,0.0,,,,0.0,0.0,0.0,0.0,,nan,nan,nan,nan,0.0,0.0,nan,nan,,0.0,0.0,0.0,2.0,0.0,0.0,0.0,0.0,0.0,0.0,,,0.0,0,0.0,,0.0,0.0,0,0.0,0.0,,nan,0.0
2003,PL,埼玉西武ライオンズ,51555117,小野寺　力,C.Onodera,2.0,0.0,0.0,0.0,0.0,0.0,0.0,0.0,0.0,0.0,0.0,0,0.0,0.0,0.0,0,0.0,0.0,0.0,,,,0.0,0.0,0.0,0.0,,nan,nan,nan,nan,0.0,0.0,nan,nan,,0.0,0.0,0.0,2.0,0.0,0.0,0.0,0.0,0.0,0.0,,,0.0,0,0.0,,0.0,0.0,0,0.0,0.0,,nan,0.0
2003,PL,オリックス・バファローズ,51653860,吉井　理人,M.Yoshii,24.0,0.0,0.0,0.0,0.0,0.0,0.0,0.0,0.0,0.0,0.0,0,0.0,0.0,0.0,0,0.0,0.0,0.0,,,,0.0,0.0,0.0,0.0,,nan,nan,nan,nan,0.0,0.0,nan,nan,,0.0,0.0,0.0,24.0,0.0,0.0,0.0,0.0,0.0,0.0,,,0.0,0,0.0,,0.0,0.0,0,0.0,0.0,,nan,0.0
2003,PL,オリックス・バファローズ,51653883,佐野　慈紀,S.Sano,2.0,0.0,0.0,0.0,0.0,0.0,0.0,0.0,0.0,0.0,0.0,0,0.0,0.0,0.0,0,0.0,0.0,0.0,,,,0.0,0.0,0.0,0.0,,nan,nan,nan,nan,0.0,0.0,nan,nan,,0.0,0.0,0.0,2.0,0.0,0.0,0.0,0.0,0.0,0.0,,,0.0,0,0.0,,0.0,0.0,0,0.0,0.0,,nan,0.0
2003,PL,北海道日本ハムファイターズ,51655115,山口　弘佑,K.Yamaguchi,14.0,0.0,0.0,0.0,0.0,0.0,0.0,0.0,0.0,0.0,0.0,0,0.0,0.0,0.0,0,0.0,0.0,0.0,,,,0.0,0.0,0.0,0.0,,nan,nan,nan,nan,0.0,0.0,nan,nan,,0.0,0.0,0.0,14.0,0.0,0.0,0.0,0.0,0.0,0.0,,,0.0,0,0.0,,0.0,0.0,0,0.0,0.0,,nan,0.0
2003,PL,埼玉西武ライオンズ,51753880,高木　浩之,H.Takagi,116.0,401.0,350.0,49.0,90.0,14.0,2.0,3.0,117.0,26.0,3,2,11.0,1.0,36.0,0,3.0,20.0,8.0,0.257,0.331,0.334,0.665,71.0,0.07700000000000001,0.07400000000000001,0.408,8.977556109725686,4.987531172069826,1.8,0.2652439024390244,0.23245,442.33333333333337,0.18571428571428572,0.5895522388059702,0.257,90.0,3.0,26.0,116.0,401.0,350.0,71.0,14.0,2.0,49.0,0.331,0.334,36.0,0,3.0,,117.0,3,2,11.0,1.0,,38.19170984455958,39.72999999999999
2003,PL,北海道日本ハムファイターズ,51753888,實松　一成,K.Sanematsu,44.0,102.0,92.0,6.0,9.0,2.0,0.0,3.0,20.0,8.0,0,1,3.0,0.0,3.0,0,4.0,51.0,3.0,0.098,0.162,0.217,0.379,4.0,0.119,0.064,0.281,2.941176470588235,50.0,0.058823529411764705,0.15789473684210525,0.12715,234.33333333333334,0.16304347826086957,0.32558139534883723,0.098,9.0,3.0,8.0,44.0,102.0,92.0,4.0,2.0,0.0,6.0,0.162,0.217,3.0,0,4.0,,20.0,0,1,3.0,0.0,,2.526315789473684,2.1159999999999997
2003,PL,埼玉西武ライオンズ,51753889,高波　文一,F.Takanami,81.0,86.0,76.0,13.0,15.0,4.0,1.0,0.0,21.0,9.0,8,5,4.0,2.0,3.0,0,1.0,11.0,2.0,0.197,0.232,0.276,0.508,10.0,0.07900000000000001,0.035,0.311,3.488372093023256,12.790697674418606,0.2727272727272727,0.22388059701492538,0.1734,324.0,0.18421052631578946,0.47619047619047616,0.197,15.0,0.0,9.0,81.0,86.0,76.0,10.0,4.0,1.0,13.0,0.232,0.276,3.0,0,1.0,,21.0,8,5,4.0,2.0,,4.784810126582278,5.162
2003,PL,オリックス・バファローズ,51855115,S.シェルドン,S.Sheldon,60.0,251.0,233.0,27.0,59.0,9.0,0.0,8.0,92.0,24.0,4,3,0.0,0.0,16.0,0,2.0,65.0,9.0,0.253,0.307,0.395,0.702,42.0,0.14200000000000002,0.05399999999999999,0.449,6.374501992031872,25.89641434262948,0.24615384615384617,0.31875,0.2369,438.66666666666663,0.22317596566523606,0.6174863387978142,0.253,59.0,8.0,24.0,60.0,251.0,233.0,42.0,9.0,0.0,27.0,0.307,0.395,16.0,0,2.0,,92.0,4,3,0.0,0.0,,27.710843373493976,28.427999999999997
2003,PL,埼玉西武ライオンズ,51953880,西口　文也,F.Nishiguchi,14.0,0.0,0.0,0.0,0.0,0.0,0.0,0.0,0.0,0.0,0.0,0,0.0,0.0,0.0,0,0.0,0.0,0.0,,,,0.0,0.0,0.0,0.0,,nan,nan,nan,nan,0.0,0.0,nan,nan,,0.0,0.0,0.0,14.0,0.0,0.0,0.0,0.0,0.0,0.0,,,0.0,0,0.0,,0.0,0.0,0,0.0,0.0,,nan,0.0
2003,PL,埼玉西武ライオンズ,51953881,椎木　匠,T.Shiigi,1.0,1.0,1.0,0.0,0.0,0.0,0.0,0.0,0.0,0.0,0.0,0,0.0,0.0,0.0,0,0.0,1.0,0.0,0.0,0.0,0.0,0.0,0.0,0.0,0.0,0.0,0.0,100.0,0.0,nan,0.0,0.0,0.0,0.0,0.0,0.0,0.0,0.0,1.0,1.0,1.0,0.0,0.0,0.0,0.0,0.0,0.0,0.0,0,0.0,,0.0,0.0,0,0.0,0.0,,0.0,-0.098
2003,PL,北海道日本ハムファイターズ,51953884,高橋　憲幸,N.Takahashi,55.0,0.0,0.0,0.0,0.0,0.0,0.0,0.0,0.0,0.0,0.0,0,0.0,0.0,0.0,0,0.0,0.0,0.0,,,,0.0,0.0,0.0,0.0,,nan,nan,nan,nan,0.0,0.0,nan,nan,,0.0,0.0,0.0,55.0,0.0,0.0,0.0,0.0,0.0,0.0,,,0.0,0,0.0,,0.0,0.0,0,0.0,0.0,,nan,0.0
2003,PL,千葉ロッテマリーンズ,51953889,波留　敏夫,T.Haru,50.0,144.0,111.0,15.0,22.0,4.0,0.0,0.0,26.0,5.0,1.0,1,10.0,2.0,19.0,0,2.0,22.0,6.0,0.198,0.321,0.234,0.555,18.0,0.036000000000000004,0.123,0.357,13.194444444444445,15.277777777777779,0.8636363636363636,0.24175824175824176,0.20295,399.0,0.21621621621621623,0.5052631578947369,0.198,22.0,0.0,5.0,50.0,144.0,111.0,18.0,4.0,0.0,15.0,0.321,0.234,19.0,0,2.0,,26.0,1.0,1,10.0,2.0,,8.2,10.267999999999999
2003,PL,福岡ソフトバンクホークス,51955111,瑞季,M.Mizuki（tanaka,25.0,31.0,30.0,4.0,8.0,3.0,0.0,0.0,11.0,3.0,1,0,0.0,0.0,1.0,0,0.0,6.0,0.0,0.267,0.29,0.367,0.657,5.0,0.09999999999999998,0.022999999999999965,0.3899999999999999,3.225806451612903,19.35483870967742,0.16666666666666666,0.3333333333333333,0.22225,412.3333333333333,0.13333333333333333,0.5454545454545454,0.267,8.0,0.0,3.0,25.0,31.0,30.0,5.0,3.0,0.0,4.0,0.29,0.367,1.0,0,0.0,,11.0,1,0,0.0,0.0,,3.193548387096774,2.834
2003,PL,埼玉西武ライオンズ,5303868,上田　浩明,H.Ueda,87.0,44.0,38.0,15.0,5.0,0.0,0.0,0.0,5.0,5.0,0.0,0,4.0,0.0,2.0,0,0.0,12.0,0.0,0.132,0.175,0.132,0.307,5.0,0.0,0.04299999999999998,0.175,4.545454545454546,27.27272727272727,0.16666666666666666,0.19230769230769232,0.11175,219.0,0.05263157894736842,0.21212121212121213,0.132,5.0,0.0,5.0,87.0,44.0,38.0,5.0,0.0,0.0,15.0,0.175,0.132,2.0,0,0.0,,5.0,0.0,0,4.0,0.0,,0.875,-0.07399999999999984
2003,PL,千葉ロッテマリーンズ,55953868,井上　純,J.Inoue,74.0,276.0,254.0,34.0,72.0,19.0,4.0,6.0,117.0,23.0,4,2,7.0,1.0,13.0,0,1.0,55.0,2.0,0.283,0.32,0.461,0.781,43.0,0.17800000000000005,0.03700000000000003,0.498,4.710144927536232,19.92753623188406,0.23636363636363636,0.3402061855670103,0.25925000000000004,473.6666666666667,0.23622047244094488,0.7228260869565217,0.283,72.0,6.0,23.0,74.0,276.0,254.0,43.0,19.0,4.0,34.0,0.32,0.461,13.0,0,1.0,,117.0,4,2,7.0,1.0,,37.247191011235955,35.123999999999995
2003,PL,福岡ソフトバンクホークス,61063884,松中　信彦,N.Matsunaka,135.0,590.0,494.0,99.0,160.0,31.0,1.0,30.0,283.0,123.0,2,0,0.0,3.0,81.0,0,12.0,69.0,12.0,0.324,0.429,0.573,1.002,98.0,0.24899999999999994,0.10499999999999998,0.6779999999999999,13.728813559322035,11.694915254237289,1.173913043478261,0.32663316582914576,0.3363,620.0,0.41295546558704455,1.0867052023121386,0.324,160.0,30.0,123.0,135.0,590.0,494.0,98.0,31.0,1.0,99.0,0.429,0.573,81.0,0,12.0,,283.0,2,0,0.0,3.0,,118.61391304347826,113.518
2003,PL,大阪近鉄バファローズ,61063885,永池　恭男,Y.Nagaike,34.0,47.0,39.0,9.0,11.0,3.0,1.0,0.0,16.0,6.0,0.0,0,2.0,0.0,6.0,0,0.0,7.0,2.0,0.282,0.378,0.41,0.788,7.0,0.128,0.09600000000000003,0.506,12.76595744680851,14.893617021276595,0.8571428571428571,0.34375,0.2726,514.6666666666666,0.28205128205128205,0.7333333333333333,0.282,11.0,0.0,6.0,34.0,47.0,39.0,7.0,3.0,1.0,9.0,0.378,0.41,6.0,0,0.0,,16.0,0.0,0,2.0,0.0,,6.044444444444444,5.936
2003,PL,埼玉西武ライオンズ,61163880,小関　竜也,T.Ozeki,113.0,457.0,397.0,48.0,111.0,12.0,5.0,1.0,136.0,33.0,9,3,32.0,3.0,21.0,0,4.0,38.0,7.0,0.28,0.32,0.343,0.663,93.0,0.063,0.03999999999999998,0.383,4.595185995623632,8.315098468271334,0.5526315789473685,0.3047091412742382,0.22975,434.33333333333337,0.12342569269521411,0.5597269624573379,0.28,111.0,1.0,33.0,113.0,457.0,397.0,93.0,12.0,5.0,48.0,0.32,0.343,21.0,0,4.0,,136.0,9,3,32.0,3.0,,42.94736842105263,42.542
2003,PL,北海道日本ハムファイターズ,61163885,上田　佳範,Y.Ueda,81.0,203.0,177.0,21.0,44.0,9.0,0.0,4.0,65.0,17.0,2,3,2.0,0.0,22.0,0,2.0,50.0,4.0,0.249,0.338,0.367,0.7050000000000001,31.0,0.118,0.08900000000000002,0.456,10.83743842364532,24.63054187192118,0.44,0.3252032520325203,0.24385,460.33333333333337,0.2598870056497175,0.6715328467153284,0.249,44.0,4.0,17.0,81.0,203.0,177.0,31.0,9.0,0.0,21.0,0.338,0.367,22.0,0,2.0,,65.0,2,3,2.0,0.0,,21.55778894472362,23.166000000000004
2003,PL,北海道日本ハムファイターズ,61163888,伊藤　剛,T.Itou,4.0,0.0,0.0,0.0,0.0,0.0,0.0,0.0,0.0,0.0,0.0,0,0.0,0.0,0.0,0,0.0,0.0,0.0,,,,0.0,0.0,0.0,0.0,,nan,nan,nan,nan,0.0,0.0,nan,nan,,0.0,0.0,0.0,4.0,0.0,0.0,0.0,0.0,0.0,0.0,,,0.0,0,0.0,,0.0,0.0,0,0.0,0.0,,nan,0.0
2003,PL,千葉ロッテマリーンズ,61163889,大塚　明,A.Ootsuka,13.0,38.0,36.0,4.0,5.0,1.0,1.0,0.0,8.0,1.0,0.0,0,0.0,1.0,1.0,0,0.0,10.0,1.0,0.139,0.158,0.222,0.38,3.0,0.08299999999999999,0.01899999999999999,0.241,2.631578947368421,26.31578947368421,0.1,0.18518518518518517,0.1266,231.99999999999997,0.1111111111111111,0.28125,0.139,5.0,0.0,1.0,13.0,38.0,36.0,3.0,1.0,1.0,4.0,0.158,0.222,1.0,0,0.0,,8.0,0.0,0,0.0,1.0,,1.2972972972972974,0.5519999999999996
2003,PL,福岡ソフトバンクホークス,61165115,飯島　一彦,K.Iijima,1.0,0.0,0.0,0.0,0.0,0.0,0.0,0.0,0.0,0.0,0.0,0,0.0,0.0,0.0,0,0.0,0.0,0.0,,,,0.0,0.0,0.0,0.0,,nan,nan,nan,nan,0.0,0.0,nan,nan,,0.0,0.0,0.0,1.0,0.0,0.0,0.0,0.0,0.0,0.0,,,0.0,0,0.0,,0.0,0.0,0,0.0,0.0,,nan,0.0
2003,PL,埼玉西武ライオンズ,61263886,前田　和之,K.Maeda,17.0,0.0,0.0,0.0,0.0,0.0,0.0,0.0,0.0,0.0,0.0,0,0.0,0.0,0.0,0,0.0,0.0,0.0,,,,0.0,0.0,0.0,0.0,,nan,nan,nan,nan,0.0,0.0,nan,nan,,0.0,0.0,0.0,17.0,0.0,0.0,0.0,0.0,0.0,0.0,,,0.0,0,0.0,,0.0,0.0,0,0.0,0.0,,nan,0.0
2003,PL,オリックス・バファローズ,61265111,迎　祐一郎,Y.Mukae,3.0,2.0,2.0,0.0,0.0,0.0,0.0,0.0,0.0,0.0,0.0,0,0.0,0.0,0.0,0,0.0,2.0,0.0,0.0,0.0,0.0,0.0,0.0,0.0,0.0,0.0,0.0,100.0,0.0,nan,0.0,0.0,0.0,0.0,0.0,0.0,0.0,0.0,3.0,2.0,2.0,0.0,0.0,0.0,0.0,0.0,0.0,0.0,0,0.0,,0.0,0.0,0,0.0,0.0,,0.0,-0.196
2003,PL,オリックス・バファローズ,61265115,平野　恵一,K.Hirano,53.0,176.0,155.0,17.0,39.0,8.0,2.0,1.0,54.0,9.0,3,4,9.0,0.0,11.0,0,1.0,43.0,3.0,0.252,0.305,0.348,0.653,28.0,0.09599999999999997,0.05299999999999999,0.4009999999999999,6.25,24.431818181818183,0.2558139534883721,0.34234234234234234,0.22425,421.0,0.1935483870967742,0.5882352941176471,0.252,39.0,1.0,9.0,53.0,176.0,155.0,28.0,8.0,2.0,17.0,0.305,0.348,11.0,0,1.0,,54.0,3,4,9.0,0.0,,16.265060240963855,16.592
2003,PL,オリックス・バファローズ,61363886,川口　知哉,T.Kawaguchi,1.0,0.0,0.0,0.0,0.0,0.0,0.0,0.0,0.0,0.0,0.0,0,0.0,0.0,0.0,0,0.0,0.0,0.0,,,,0.0,0.0,0.0,0.0,,nan,nan,nan,nan,0.0,0.0,nan,nan,,0.0,0.0,0.0,1.0,0.0,0.0,0.0,0.0,0.0,0.0,,,0.0,0,0.0,,0.0,0.0,0,0.0,0.0,,nan,0.0
2003,PL,埼玉西武ライオンズ,61365113,大沼　幸二,K.Oonuma,14.0,0.0,0.0,0.0,0.0,0.0,0.0,0.0,0.0,0.0,0.0,0,0.0,0.0,0.0,0,0.0,0.0,0.0,,,,0.0,0.0,0.0,0.0,,nan,nan,nan,nan,0.0,0.0,nan,nan,,0.0,0.0,0.0,14.0,0.0,0.0,0.0,0.0,0.0,0.0,,,0.0,0,0.0,,0.0,0.0,0,0.0,0.0,,nan,0.0
2003,PL,福岡ソフトバンクホークス,61463887,渡辺　正和,M.Watanabe,46.0,0.0,0.0,0.0,0.0,0.0,0.0,0.0,0.0,0.0,0.0,0,0.0,0.0,0.0,0,0.0,0.0,0.0,,,,0.0,0.0,0.0,0.0,,nan,nan,nan,nan,0.0,0.0,nan,nan,,0.0,0.0,0.0,46.0,0.0,0.0,0.0,0.0,0.0,0.0,,,0.0,0,0.0,,0.0,0.0,0,0.0,0.0,,nan,0.0
2003,PL,大阪近鉄バファローズ,61465115,三木　仁,M.Miki,2.0,8.0,8.0,0.0,3.0,1.0,0.0,0.0,4.0,1.0,0.0,0,0.0,0.0,0.0,0,0.0,3.0,0.0,0.375,0.375,0.5,0.875,2.0,0.125,0.0,0.5,0.0,37.5,0.0,0.6,0.29375,541.6666666666666,0.125,0.8,0.375,3.0,0.0,1.0,2.0,8.0,8.0,2.0,1.0,0.0,0.0,0.375,0.5,0.0,0,0.0,,4.0,0.0,0,0.0,0.0,,1.5,1.23
2003,PL,大阪近鉄バファローズ,61563882,関口　伊織,I.Sekiguchi,1.0,0.0,0.0,0.0,0.0,0.0,0.0,0.0,0.0,0.0,0.0,0,0.0,0.0,0.0,0,0.0,0.0,0.0,,,,0.0,0.0,0.0,0.0,,nan,nan,nan,nan,0.0,0.0,nan,nan,,0.0,0.0,0.0,1.0,0.0,0.0,0.0,0.0,0.0,0.0,,,0.0,0,0.0,,0.0,0.0,0,0.0,0.0,,nan,0.0
2003,PL,千葉ロッテマリーンズ,61563884,小林宏,H.Kobayashihiro（kobayashi,50.0,0.0,0.0,0.0,0.0,0.0,0.0,0.0,0.0,0.0,0.0,0,0.0,0.0,0.0,0,0.0,0.0,0.0,,,,0.0,0.0,0.0,0.0,,nan,nan,nan,nan,0.0,0.0,nan,nan,,0.0,0.0,0.0,50.0,0.0,0.0,0.0,0.0,0.0,0.0,,,0.0,0,0.0,,0.0,0.0,0,0.0,0.0,,nan,0.0
2003,PL,北海道日本ハムファイターズ,61563886,清水　章夫,A.Shimizu,50.0,0.0,0.0,0.0,0.0,0.0,0.0,0.0,0.0,0.0,0.0,0,0.0,0.0,0.0,0,0.0,0.0,0.0,,,,0.0,0.0,0.0,0.0,,nan,nan,nan,nan,0.0,0.0,nan,nan,,0.0,0.0,0.0,50.0,0.0,0.0,0.0,0.0,0.0,0.0,,,0.0,0,0.0,,0.0,0.0,0,0.0,0.0,,nan,0.0
2003,PL,千葉ロッテマリーンズ,61563888,小林　雅英,M.Kobayashi,44.0,0.0,0.0,0.0,0.0,0.0,0.0,0.0,0.0,0.0,0.0,0,0.0,0.0,0.0,0,0.0,0.0,0.0,,,,0.0,0.0,0.0,0.0,,nan,nan,nan,nan,0.0,0.0,nan,nan,,0.0,0.0,0.0,44.0,0.0,0.0,0.0,0.0,0.0,0.0,,,0.0,0,0.0,,0.0,0.0,0,0.0,0.0,,nan,0.0
2003,PL,北海道日本ハムファイターズ,61565111,正田　樹,I.Shouda,26.0,0.0,0.0,0.0,0.0,0.0,0.0,0.0,0.0,0.0,0.0,0,0.0,0.0,0.0,0,0.0,0.0,0.0,,,,0.0,0.0,0.0,0.0,,nan,nan,nan,nan,0.0,0.0,nan,nan,,0.0,0.0,0.0,26.0,0.0,0.0,0.0,0.0,0.0,0.0,,,0.0,0,0.0,,0.0,0.0,0,0.0,0.0,,nan,0.0
2003,PL,北海道日本ハムファイターズ,61565113,加藤　竜人,T.Katou,19.0,0.0,0.0,0.0,0.0,0.0,0.0,0.0,0.0,0.0,0.0,0,0.0,0.0,0.0,0,0.0,0.0,0.0,,,,0.0,0.0,0.0,0.0,,nan,nan,nan,nan,0.0,0.0,nan,nan,,0.0,0.0,0.0,19.0,0.0,0.0,0.0,0.0,0.0,0.0,,,0.0,0,0.0,,0.0,0.0,0,0.0,0.0,,nan,0.0
2003,PL,北海道日本ハムファイターズ,61763883,野村　貴仁,T.Nomura,6.0,0.0,0.0,0.0,0.0,0.0,0.0,0.0,0.0,0.0,0.0,0,0.0,0.0,0.0,0,0.0,0.0,0.0,,,,0.0,0.0,0.0,0.0,,nan,nan,nan,nan,0.0,0.0,nan,nan,,0.0,0.0,0.0,6.0,0.0,0.0,0.0,0.0,0.0,0.0,,,0.0,0,0.0,,0.0,0.0,0,0.0,0.0,,nan,0.0
2003,PL,北海道日本ハムファイターズ,61763888,建山　義紀,Y.Tateyama,32.0,0.0,0.0,0.0,0.0,0.0,0.0,0.0,0.0,0.0,0.0,0,0.0,0.0,0.0,0,0.0,0.0,0.0,,,,0.0,0.0,0.0,0.0,,nan,nan,nan,nan,0.0,0.0,nan,nan,,0.0,0.0,0.0,32.0,0.0,0.0,0.0,0.0,0.0,0.0,,,0.0,0,0.0,,0.0,0.0,0,0.0,0.0,,nan,0.0
2003,PL,埼玉西武ライオンズ,61765111,高山　久,H.Takayama,4.0,9.0,8.0,0.0,0.0,0.0,0.0,0.0,0.0,0.0,0.0,0,0.0,0.0,1.0,0,0.0,4.0,0.0,0.0,0.111,0.0,0.111,0.0,0.0,0.111,0.111,11.11111111111111,44.44444444444444,0.25,0.0,0.04995,111.0,0.125,0.125,0.0,0.0,0.0,0.0,4.0,9.0,8.0,0.0,0.0,0.0,0.0,0.111,0.0,1.0,0,0.0,,0.0,0.0,0,0.0,0.0,,0.0,-0.454
2003,PL,埼玉西武ライオンズ,61765113,佐藤　友亮,T.Satou,85.0,236.0,205.0,24.0,59.0,13.0,3.0,2.0,84.0,22.0,4,1,15.0,0.0,15.0,0,1.0,28.0,6.0,0.288,0.339,0.41,0.749,41.0,0.122,0.051000000000000045,0.461,6.3559322033898304,11.864406779661017,0.5357142857142857,0.32571428571428573,0.25505,475.6666666666667,0.2,0.6644736842105263,0.288,59.0,2.0,22.0,85.0,236.0,205.0,41.0,13.0,3.0,24.0,0.339,0.41,15.0,0,1.0,,84.0,4,1,15.0,0.0,,28.254545454545454,27.012
2003,PL,北海道日本ハムファイターズ,61865111,C.ミラバル,C.Mirabal,31.0,0.0,0.0,0.0,0.0,0.0,0.0,0.0,0.0,0.0,0.0,0,0.0,0.0,0.0,0,0.0,0.0,0.0,,,,0.0,0.0,0.0,0.0,,nan,nan,nan,nan,0.0,0.0,nan,nan,,0.0,0.0,0.0,31.0,0.0,0.0,0.0,0.0,0.0,0.0,,,0.0,0,0.0,,0.0,0.0,0,0.0,0.0,,nan,0.0
2003,PL,福岡ソフトバンクホークス,61865117,M.スクルメタ,M.Skrmetta,18.0,0.0,0.0,0.0,0.0,0.0,0.0,0.0,0.0,0.0,0.0,0,0.0,0.0,0.0,0,0.0,0.0,0.0,,,,0.0,0.0,0.0,0.0,,nan,nan,nan,nan,0.0,0.0,nan,nan,,0.0,0.0,0.0,18.0,0.0,0.0,0.0,0.0,0.0,0.0,,,0.0,0,0.0,,0.0,0.0,0,0.0,0.0,,nan,0.0
2003,PL,福岡ソフトバンクホークス,61963886,辻　武史,T.Tsuji,17.0,29.0,28.0,0.0,4.0,1.0,0.0,0.0,5.0,4.0,0,1,0.0,0.0,0.0,0,1.0,5.0,1.0,0.143,0.172,0.179,0.351,3.0,0.036000000000000004,0.028999999999999998,0.208,0.0,17.24137931034483,0.0,0.17391304347826086,0.12215,231.66666666666666,0.07142857142857142,0.28,0.143,4.0,0.0,4.0,17.0,29.0,28.0,3.0,1.0,0.0,0.0,0.172,0.179,0.0,0,1.0,,5.0,0,1,0.0,0.0,,0.7142857142857143,0.37799999999999967
2003,PL,埼玉西武ライオンズ,61963887,豊田　清,K.Toyoda,58.0,0.0,0.0,0.0,0.0,0.0,0.0,0.0,0.0,0.0,0.0,0,0.0,0.0,0.0,0,0.0,0.0,0.0,,,,0.0,0.0,0.0,0.0,,nan,nan,nan,nan,0.0,0.0,nan,nan,,0.0,0.0,0.0,58.0,0.0,0.0,0.0,0.0,0.0,0.0,,,0.0,0,0.0,,0.0,0.0,0,0.0,0.0,,nan,0.0
2003,PL,オリックス・バファローズ,61963889,福留　宏紀,H.Fukutome,10.0,22.0,20.0,3.0,5.0,1.0,0.0,1.0,9.0,3.0,0.0,0,1.0,0.0,1.0,0,0.0,10.0,0.0,0.25,0.286,0.45,0.736,3.0,0.2,0.035999999999999976,0.486,4.545454545454546,45.45454545454545,0.1,0.4444444444444444,0.24119999999999997,435.99999999999994,0.25,0.6666666666666666,0.25,5.0,1.0,3.0,10.0,22.0,20.0,3.0,1.0,0.0,3.0,0.286,0.45,1.0,0,0.0,,9.0,0.0,0,1.0,0.0,,2.5714285714285716,2.5199999999999996
2003,PL,埼玉西武ライオンズ,63165115,張　誌家,Z.Chan,22.0,0.0,0.0,0.0,0.0,0.0,0.0,0.0,0.0,0.0,0.0,0,0.0,0.0,0.0,0,0.0,0.0,0.0,,,,0.0,0.0,0.0,0.0,,nan,nan,nan,nan,0.0,0.0,nan,nan,,0.0,0.0,0.0,22.0,0.0,0.0,0.0,0.0,0.0,0.0,,,0.0,0,0.0,,0.0,0.0,0,0.0,0.0,,nan,0.0
2003,PL,大阪近鉄バファローズ,63365117,N.ロドリゲス,N.Rodriguez,7.0,0.0,0.0,0.0,0.0,0.0,0.0,0.0,0.0,0.0,0.0,0,0.0,0.0,0.0,0,0.0,0.0,0.0,,,,0.0,0.0,0.0,0.0,,nan,nan,nan,nan,0.0,0.0,nan,nan,,0.0,0.0,0.0,7.0,0.0,0.0,0.0,0.0,0.0,0.0,,,0.0,0,0.0,,0.0,0.0,0,0.0,0.0,,nan,0.0
2003,PL,千葉ロッテマリーンズ,63663868,福澤　洋一,Y.Fukuzawa,1.0,1.0,1.0,0.0,1.0,0.0,0.0,0.0,1.0,0.0,0.0,0,0.0,0.0,0.0,0,0.0,0.0,0.0,1.0,1.0,1.0,2.0,1.0,0.0,0.0,1.0,0.0,0.0,nan,1.0,0.7,1333.3333333333333,0.0,nan,1.0,1.0,0.0,0.0,1.0,1.0,1.0,1.0,0.0,0.0,0.0,1.0,1.0,0.0,0,0.0,,1.0,0.0,0,0.0,0.0,,1.0,0.5
2003,PL,埼玉西武ライオンズ,71073884,古屋　剛,T.Furuya,4.0,12.0,11.0,0.0,2.0,0.0,0.0,0.0,2.0,0.0,0.0,0,1.0,0.0,0.0,0,0.0,1.0,1.0,0.182,0.182,0.182,0.364,2.0,0.0,0.0,0.182,0.0,8.333333333333332,0.0,0.2,0.1274,242.66666666666666,0.0,0.2,0.182,2.0,0.0,0.0,4.0,12.0,11.0,2.0,0.0,0.0,0.0,0.182,0.182,0.0,0,0.0,,2.0,0.0,0,1.0,0.0,,0.36363636363636365,0.118
2003,PL,福岡ソフトバンクホークス,71073886,永井　智浩,T.Nagai,6.0,0.0,0.0,0.0,0.0,0.0,0.0,0.0,0.0,0.0,0.0,0,0.0,0.0,0.0,0,0.0,0.0,0.0,,,,0.0,0.0,0.0,0.0,,nan,nan,nan,nan,0.0,0.0,nan,nan,,0.0,0.0,0.0,6.0,0.0,0.0,0.0,0.0,0.0,0.0,,,0.0,0,0.0,,0.0,0.0,0,0.0,0.0,,nan,0.0
2003,PL,オリックス・バファローズ,71073889,三輪　隆,T.Miwa,60.0,141.0,133.0,19.0,41.0,5.0,0.0,8.0,70.0,17.0,0.0,0,4.0,0.0,2.0,0,2.0,17.0,5.0,0.308,0.328,0.526,0.8540000000000001,28.0,0.21800000000000003,0.020000000000000018,0.546,1.4184397163120568,12.056737588652481,0.11764705882352941,0.3055555555555556,0.2791,503.3333333333334,0.23308270676691728,0.7628865979381443,0.308,41.0,8.0,17.0,60.0,141.0,133.0,28.0,5.0,0.0,19.0,0.328,0.526,2.0,0,2.0,,70.0,0.0,0,4.0,0.0,,22.296296296296298,21.424
2003,PL,埼玉西武ライオンズ,71173865,伊東　勤,T.Itou,73.0,205.0,190.0,13.0,32.0,7.0,0.0,3.0,48.0,12.0,0,1,3.0,0.0,11.0,0,1.0,31.0,2.0,0.168,0.218,0.253,0.471,22.0,0.08499999999999999,0.04999999999999999,0.303,5.365853658536586,15.121951219512194,0.3548387096774194,0.1858974358974359,0.16135,302.33333333333337,0.14736842105263157,0.38125,0.168,32.0,3.0,12.0,73.0,205.0,190.0,22.0,7.0,0.0,13.0,0.218,0.253,11.0,0,1.0,,48.0,0,1,3.0,0.0,,10.26865671641791,9.016
2003,PL,オリックス・バファローズ,71173883,吉原　孝介,K.Yoshihara,2.0,3.0,2.0,1.0,1.0,0.0,0.0,0.0,1.0,0.0,0.0,0,0.0,0.0,1.0,0,0.0,0.0,0.0,0.5,0.667,0.5,1.167,1.0,0.0,0.16700000000000004,0.667,33.33333333333333,0.0,nan,0.5,0.42515000000000003,833.6666666666666,0.5,2.0,0.5,1.0,0.0,0.0,2.0,3.0,2.0,1.0,0.0,0.0,1.0,0.667,0.5,1.0,0,0.0,,1.0,0.0,0,0.0,0.0,,0.6666666666666666,0.7320000000000001
2003,PL,北海道日本ハムファイターズ,71173886,飯山　裕志,Y.Iiyama,4.0,1.0,1.0,1.0,0.0,0.0,0.0,0.0,0.0,0.0,0.0,0,0.0,0.0,0.0,0,0.0,0.0,0.0,0.0,0.0,0.0,0.0,0.0,0.0,0.0,0.0,0.0,0.0,nan,0.0,0.0,0.0,0.0,0.0,0.0,0.0,0.0,0.0,4.0,1.0,1.0,0.0,0.0,0.0,1.0,0.0,0.0,0.0,0,0.0,,0.0,0.0,0,0.0,0.0,,0.0,-0.098
2003,PL,北海道日本ハムファイターズ,71173888,阿久根　鋼吉,K.Akune,82.0,228.0,202.0,26.0,50.0,5.0,2.0,0.0,59.0,12.0,2.0,2,4.0,1.0,15.0,0,6.0,62.0,1.0,0.248,0.317,0.292,0.609,43.0,0.043999999999999984,0.069,0.361,6.578947368421052,27.192982456140353,0.24193548387096775,0.3546099290780142,0.21565,414.3333333333333,0.12871287128712872,0.5359477124183006,0.248,50.0,0.0,12.0,82.0,228.0,202.0,43.0,5.0,2.0,26.0,0.317,0.292,15.0,0,6.0,,59.0,2.0,2,4.0,1.0,,17.672811059907833,19.573999999999998
2003,PL,千葉ロッテマリーンズ,71173889,井上　貴朗,T.Inoue,9.0,0.0,0.0,0.0,0.0,0.0,0.0,0.0,0.0,0.0,0.0,0,0.0,0.0,0.0,0,0.0,0.0,0.0,,,,0.0,0.0,0.0,0.0,,nan,nan,nan,nan,0.0,0.0,nan,nan,,0.0,0.0,0.0,9.0,0.0,0.0,0.0,0.0,0.0,0.0,,,0.0,0,0.0,,0.0,0.0,0,0.0,0.0,,nan,0.0
2003,PL,千葉ロッテマリーンズ,71273882,薮田　安彦,Y.Yabuta,17.0,0.0,0.0,0.0,0.0,0.0,0.0,0.0,0.0,0.0,0.0,0,0.0,0.0,0.0,0,0.0,0.0,0.0,,,,0.0,0.0,0.0,0.0,,nan,nan,nan,nan,0.0,0.0,nan,nan,,0.0,0.0,0.0,17.0,0.0,0.0,0.0,0.0,0.0,0.0,,,0.0,0,0.0,,0.0,0.0,0,0.0,0.0,,nan,0.0
2003,PL,オリックス・バファローズ,71273885,萩原　淳,J.Hagiwara,42.0,0.0,0.0,0.0,0.0,0.0,0.0,0.0,0.0,0.0,0.0,0,0.0,0.0,0.0,0,0.0,0.0,0.0,,,,0.0,0.0,0.0,0.0,,nan,nan,nan,nan,0.0,0.0,nan,nan,,0.0,0.0,0.0,42.0,0.0,0.0,0.0,0.0,0.0,0.0,,,0.0,0,0.0,,0.0,0.0,0,0.0,0.0,,nan,0.0
2003,PL,大阪近鉄バファローズ,71273888,松本　拓也,T.Matsumoto,2.0,0.0,0.0,0.0,0.0,0.0,0.0,0.0,0.0,0.0,0.0,0,0.0,0.0,0.0,0,0.0,0.0,0.0,,,,0.0,0.0,0.0,0.0,,nan,nan,nan,nan,0.0,0.0,nan,nan,,0.0,0.0,0.0,2.0,0.0,0.0,0.0,0.0,0.0,0.0,,,0.0,0,0.0,,0.0,0.0,0,0.0,0.0,,nan,0.0
2003,PL,福岡ソフトバンクホークス,71275111,的場　直樹,N.Matoba,1.0,1.0,1.0,0.0,0.0,0.0,0.0,0.0,0.0,0.0,0.0,0,0.0,0.0,0.0,0,0.0,1.0,0.0,0.0,0.0,0.0,0.0,0.0,0.0,0.0,0.0,0.0,100.0,0.0,nan,0.0,0.0,0.0,0.0,0.0,0.0,0.0,0.0,1.0,1.0,1.0,0.0,0.0,0.0,0.0,0.0,0.0,0.0,0,0.0,,0.0,0.0,0,0.0,0.0,,0.0,-0.098
2003,PL,大阪近鉄バファローズ,71373869,加藤　伸一,S.Katou,16.0,0.0,0.0,0.0,0.0,0.0,0.0,0.0,0.0,0.0,0.0,0,0.0,0.0,0.0,0,0.0,0.0,0.0,,,,0.0,0.0,0.0,0.0,,nan,nan,nan,nan,0.0,0.0,nan,nan,,0.0,0.0,0.0,16.0,0.0,0.0,0.0,0.0,0.0,0.0,,,0.0,0,0.0,,0.0,0.0,0,0.0,0.0,,nan,0.0
2003,PL,北海道日本ハムファイターズ,71373880,金村　曉,S.Kanemura,26.0,0.0,0.0,0.0,0.0,0.0,0.0,0.0,0.0,0.0,0.0,0,0.0,0.0,0.0,0,0.0,0.0,0.0,,,,0.0,0.0,0.0,0.0,,nan,nan,nan,nan,0.0,0.0,nan,nan,,0.0,0.0,0.0,26.0,0.0,0.0,0.0,0.0,0.0,0.0,,,0.0,0,0.0,,0.0,0.0,0,0.0,0.0,,nan,0.0
2003,PL,福岡ソフトバンクホークス,71373882,斉藤　和巳,K.Saitou,26.0,0.0,0.0,0.0,0.0,0.0,0.0,0.0,0.0,0.0,0.0,0,0.0,0.0,0.0,0,0.0,0.0,0.0,,,,0.0,0.0,0.0,0.0,,nan,nan,nan,nan,0.0,0.0,nan,nan,,0.0,0.0,0.0,26.0,0.0,0.0,0.0,0.0,0.0,0.0,,,0.0,0,0.0,,0.0,0.0,0,0.0,0.0,,nan,0.0
2003,PL,千葉ロッテマリーンズ,71373889,小野　晋吾,S.Ono,10.0,0.0,0.0,0.0,0.0,0.0,0.0,0.0,0.0,0.0,0.0,0,0.0,0.0,0.0,0,0.0,0.0,0.0,,,,0.0,0.0,0.0,0.0,,nan,nan,nan,nan,0.0,0.0,nan,nan,,0.0,0.0,0.0,10.0,0.0,0.0,0.0,0.0,0.0,0.0,,,0.0,0,0.0,,0.0,0.0,0,0.0,0.0,,nan,0.0
2003,PL,オリックス・バファローズ,71375111,葛城　育郎,I.Katsuragi,114.0,325.0,283.0,46.0,71.0,19.0,0.0,9.0,117.0,30.0,3,2,4.0,3.0,34.0,0,1.0,83.0,6.0,0.251,0.33,0.413,0.743,43.0,0.16199999999999998,0.07900000000000001,0.492,10.461538461538462,25.538461538461537,0.40963855421686746,0.31958762886597936,0.25175000000000003,467.6666666666667,0.28975265017667845,0.7064220183486238,0.251,71.0,9.0,30.0,114.0,325.0,283.0,43.0,19.0,0.0,46.0,0.33,0.413,34.0,0,1.0,,117.0,3,2,4.0,3.0,,38.753943217665615,39.274
2003,PL,大阪近鉄バファローズ,71475111,吉川　勝成,K.Yoshikawa,4.0,0.0,0.0,0.0,0.0,0.0,0.0,0.0,0.0,0.0,0.0,0,0.0,0.0,0.0,0,0.0,0.0,0.0,,,,0.0,0.0,0.0,0.0,,nan,nan,nan,nan,0.0,0.0,nan,nan,,0.0,0.0,0.0,4.0,0.0,0.0,0.0,0.0,0.0,0.0,,,0.0,0,0.0,,0.0,0.0,0,0.0,0.0,,nan,0.0
2003,PL,埼玉西武ライオンズ,71475115,細川　亨,T.Hosokawa,93.0,216.0,195.0,21.0,39.0,12.0,1.0,5.0,68.0,14.0,1,2,9.0,0.0,9.0,0,2.0,64.0,4.0,0.2,0.243,0.349,0.592,21.0,0.14899999999999997,0.04299999999999998,0.3919999999999999,4.166666666666666,29.629629629629626,0.140625,0.2698412698412698,0.1966,359.3333333333333,0.20512820512820512,0.50625,0.2,39.0,5.0,14.0,93.0,216.0,195.0,21.0,12.0,1.0,21.0,0.243,0.349,9.0,0,2.0,,68.0,1,2,9.0,0.0,,16.0,16.081999999999997
2003,PL,オリックス・バファローズ,71475117,マック鈴木,M.Makkusuzuki（suzuki,29.0,0.0,0.0,0.0,0.0,0.0,0.0,0.0,0.0,0.0,0.0,0,0.0,0.0,0.0,0,0.0,0.0,0.0,,,,0.0,0.0,0.0,0.0,,nan,nan,nan,nan,0.0,0.0,nan,nan,,0.0,0.0,0.0,29.0,0.0,0.0,0.0,0.0,0.0,0.0,,,0.0,0,0.0,,0.0,0.0,0,0.0,0.0,,nan,0.0
2003,PL,オリックス・バファローズ,71573880,五島　裕二,Y.Goshima,20.0,28.0,22.0,0.0,4.0,1.0,0.0,0.0,5.0,2.0,0.0,0,0.0,1.0,4.0,0,1.0,6.0,1.0,0.182,0.321,0.227,0.548,3.0,0.04500000000000001,0.139,0.366,14.285714285714285,21.428571428571427,0.6666666666666666,0.23529411764705882,0.2012,396.6666666666667,0.22727272727272727,0.5263157894736842,0.182,4.0,0.0,2.0,20.0,28.0,22.0,3.0,1.0,0.0,0.0,0.321,0.227,4.0,0,1.0,,5.0,0.0,0,0.0,1.0,,1.5384615384615385,2.106
2003,PL,千葉ロッテマリーンズ,71573882,澤井　良輔,R.Sawai,26.0,69.0,61.0,7.0,17.0,3.0,0.0,2.0,26.0,9.0,0,1,0.0,0.0,6.0,0,2.0,11.0,1.0,0.279,0.362,0.426,0.788,12.0,0.14699999999999996,0.08299999999999996,0.5089999999999999,8.695652173913043,15.942028985507244,0.5454545454545454,0.3125,0.2694,504.0,0.26229508196721313,0.7777777777777778,0.279,17.0,2.0,9.0,26.0,69.0,61.0,12.0,3.0,0.0,7.0,0.362,0.426,6.0,0,2.0,,26.0,0,1,0.0,0.0,,8.925373134328359,9.547999999999998
2003,PL,大阪近鉄バファローズ,71573887,小池　秀郎,H.Koike,65.0,0.0,0.0,0.0,0.0,0.0,0.0,0.0,0.0,0.0,0.0,0,0.0,0.0,0.0,0,0.0,0.0,0.0,,,,0.0,0.0,0.0,0.0,,nan,nan,nan,nan,0.0,0.0,nan,nan,,0.0,0.0,0.0,65.0,0.0,0.0,0.0,0.0,0.0,0.0,,,0.0,0,0.0,,0.0,0.0,0,0.0,0.0,,nan,0.0
2003,PL,北海道日本ハムファイターズ,71575111,佐々木　貴賀,K.Sasaki,20.0,0.0,0.0,0.0,0.0,0.0,0.0,0.0,0.0,0.0,0.0,0,0.0,0.0,0.0,0,0.0,0.0,0.0,,,,0.0,0.0,0.0,0.0,,nan,nan,nan,nan,0.0,0.0,nan,nan,,0.0,0.0,0.0,20.0,0.0,0.0,0.0,0.0,0.0,0.0,,,0.0,0,0.0,,0.0,0.0,0,0.0,0.0,,nan,0.0
2003,PL,千葉ロッテマリーンズ,71675113,渡辺　俊介,S.Watanabe,20.0,0.0,0.0,0.0,0.0,0.0,0.0,0.0,0.0,0.0,0.0,0,0.0,0.0,0.0,0,0.0,0.0,0.0,,,,0.0,0.0,0.0,0.0,,nan,nan,nan,nan,0.0,0.0,nan,nan,,0.0,0.0,0.0,20.0,0.0,0.0,0.0,0.0,0.0,0.0,,,0.0,0,0.0,,0.0,0.0,0,0.0,0.0,,nan,0.0
2003,PL,オリックス・バファローズ,71773884,塩崎　真,M.Shiozaki,56.0,155.0,129.0,13.0,29.0,9.0,0.0,1.0,41.0,8.0,2,0,13.0,1.0,12.0,0,0.0,31.0,3.0,0.225,0.289,0.318,0.607,19.0,0.093,0.06399999999999997,0.382,7.741935483870968,20.0,0.3870967741935484,0.2857142857142857,0.20955000000000001,394.99999999999994,0.18604651162790697,0.5145631067961165,0.225,29.0,1.0,8.0,56.0,155.0,129.0,19.0,9.0,0.0,13.0,0.289,0.318,12.0,0,0.0,,41.0,2,0,13.0,1.0,,11.921985815602836,11.580000000000002
2003,PL,埼玉西武ライオンズ,71773888,柴田　博之,H.Shibata,71.0,193.0,160.0,21.0,48.0,3.0,1.0,1.0,56.0,9.0,18,7,16.0,0.0,17.0,0,0.0,21.0,0.0,0.3,0.367,0.35,0.717,43.0,0.04999999999999999,0.067,0.417,8.808290155440414,10.880829015544041,0.8095238095238095,0.34057971014492755,0.25265,483.66666666666663,0.2,0.7142857142857143,0.3,48.0,1.0,9.0,71.0,193.0,160.0,43.0,3.0,1.0,21.0,0.367,0.35,17.0,0,0.0,,56.0,18,7,16.0,0.0,,20.56497175141243,22.034
2003,PL,千葉ロッテマリーンズ,71773889,立川　隆史,T.Tachikawa,94.0,332.0,292.0,34.0,70.0,14.0,3.0,7.0,111.0,31.0,3,1,5.0,1.0,29.0,0,5.0,72.0,3.0,0.24,0.318,0.38,0.698,46.0,0.14,0.07800000000000001,0.458,8.734939759036145,21.686746987951807,0.4027777777777778,0.29439252336448596,0.2381,444.66666666666663,0.24315068493150685,0.6488888888888888,0.24,70.0,7.0,31.0,94.0,332.0,292.0,46.0,14.0,3.0,34.0,0.318,0.38,29.0,0,5.0,,111.0,3,1,5.0,1.0,,34.23364485981308,35.92399999999999
2003,PL,オリックス・バファローズ,71775113,北川　智規,T.Kitagawa,10.0,0.0,0.0,0.0,0.0,0.0,0.0,0.0,0.0,0.0,0.0,0,0.0,0.0,0.0,0,0.0,0.0,0.0,,,,0.0,0.0,0.0,0.0,,nan,nan,nan,nan,0.0,0.0,nan,nan,,0.0,0.0,0.0,10.0,0.0,0.0,0.0,0.0,0.0,0.0,,,0.0,0,0.0,,0.0,0.0,0,0.0,0.0,,nan,0.0
2003,PL,オリックス・バファローズ,71775115,後藤　光尊,M.Gotou,99.0,341.0,318.0,42.0,85.0,15.0,5.0,9.0,137.0,29.0,7,11,6.0,0.0,10.0,0,7.0,68.0,5.0,0.267,0.304,0.431,0.735,56.0,0.16399999999999998,0.03699999999999998,0.4679999999999999,2.932551319648094,19.941348973607038,0.14705882352941177,0.3153526970954357,0.24455,447.66666666666663,0.22955974842767296,0.6932773109243697,0.267,85.0,9.0,29.0,99.0,341.0,318.0,56.0,15.0,5.0,42.0,0.304,0.431,10.0,0,7.0,,137.0,7,11,6.0,0.0,,39.67987804878049,41.715999999999994
2003,PL,北海道日本ハムファイターズ,71875117,A.エチェバリア,A.Echevarria,110.0,474.0,429.0,64.0,118.0,24.0,0.0,31.0,235.0,84.0,1,2,0.0,1.0,27.0,0,17.0,113.0,16.0,0.275,0.342,0.548,0.8900000000000001,63.0,0.273,0.067,0.615,5.69620253164557,23.839662447257385,0.23893805309734514,0.3041958041958042,0.29090000000000005,524.6666666666667,0.34032634032634035,0.8593272171253823,0.275,118.0,31.0,84.0,110.0,474.0,429.0,63.0,24.0,0.0,64.0,0.342,0.548,27.0,0,17.0,,235.0,1,2,0.0,1.0,,74.72587719298245,77.822
2003,PL,埼玉西武ライオンズ,71973881,潮崎　哲也,T.Shiozaki,37.0,0.0,0.0,0.0,0.0,0.0,0.0,0.0,0.0,0.0,0.0,0,0.0,0.0,0.0,0,0.0,0.0,0.0,,,,0.0,0.0,0.0,0.0,,nan,nan,nan,nan,0.0,0.0,nan,nan,,0.0,0.0,0.0,37.0,0.0,0.0,0.0,0.0,0.0,0.0,,,0.0,0,0.0,,0.0,0.0,0,0.0,0.0,,nan,0.0
2003,PL,千葉ロッテマリーンズ,71973888,寺本　四郎,S.Teramoto,2.0,3.0,3.0,1.0,1.0,0.0,0.0,0.0,1.0,0.0,0.0,0,0.0,0.0,0.0,0,0.0,2.0,0.0,0.333,0.333,0.333,0.666,1.0,0.0,0.0,0.333,0.0,66.66666666666666,0.0,1.0,0.23310000000000003,444.0,0.0,0.5,0.333,1.0,0.0,0.0,2.0,3.0,3.0,1.0,0.0,0.0,1.0,0.333,0.333,0.0,0,0.0,,1.0,0.0,0,0.0,0.0,,0.3333333333333333,0.304
2003,PL,北海道日本ハムファイターズ,71975117,小谷野　栄一,E.Koyano,4.0,9.0,8.0,0.0,1.0,0.0,0.0,0.0,1.0,0.0,0.0,0,0.0,0.0,1.0,0,0.0,1.0,0.0,0.125,0.222,0.125,0.347,1.0,0.0,0.097,0.222,11.11111111111111,11.11111111111111,1.0,0.14285714285714285,0.13115,263.6666666666667,0.125,0.2857142857142857,0.125,1.0,0.0,0.0,4.0,9.0,8.0,1.0,0.0,0.0,0.0,0.222,0.125,1.0,0,0.0,,1.0,0.0,0,0.0,0.0,,0.2222222222222222,0.14400000000000002
2003,PL,大阪近鉄バファローズ,73175117,K.バーン,K.Beirne,30.0,0.0,0.0,0.0,0.0,0.0,0.0,0.0,0.0,0.0,0.0,0,0.0,0.0,0.0,0,0.0,0.0,0.0,,,,0.0,0.0,0.0,0.0,,nan,nan,nan,nan,0.0,0.0,nan,nan,,0.0,0.0,0.0,30.0,0.0,0.0,0.0,0.0,0.0,0.0,,,0.0,0,0.0,,0.0,0.0,0,0.0,0.0,,nan,0.0
2003,PL,大阪近鉄バファローズ,73573868,星野　おさむ,O.Hoshino,111.0,370.0,325.0,43.0,89.0,10.0,2.0,12.0,139.0,51.0,10,1,5.0,1.0,36.0,0,3.0,49.0,3.0,0.274,0.351,0.428,0.7789999999999999,65.0,0.15399999999999997,0.07699999999999996,0.5049999999999999,9.72972972972973,13.243243243243244,0.7346938775510204,0.29056603773584905,0.26495,493.66666666666663,0.2676923076923077,0.7489539748953975,0.274,89.0,12.0,51.0,111.0,370.0,325.0,65.0,10.0,2.0,43.0,0.351,0.428,36.0,0,3.0,,139.0,10,1,5.0,1.0,,48.13019390581717,48.98200000000001
2003,PL,オリックス・バファローズ,73575117,J.フィリップス,J.Phillips,7.0,0.0,0.0,0.0,0.0,0.0,0.0,0.0,0.0,0.0,0.0,0,0.0,0.0,0.0,0,0.0,0.0,0.0,,,,0.0,0.0,0.0,0.0,,nan,nan,nan,nan,0.0,0.0,nan,nan,,0.0,0.0,0.0,7.0,0.0,0.0,0.0,0.0,0.0,0.0,,,0.0,0,0.0,,0.0,0.0,0,0.0,0.0,,nan,0.0
2003,PL,千葉ロッテマリーンズ,73873868,堀　幸一,K.Hori,130.0,539.0,470.0,78.0,140.0,24.0,0.0,22.0,230.0,78.0,3,4,4.0,6.0,54.0,0,5.0,80.0,9.0,0.298,0.372,0.489,0.861,94.0,0.191,0.07400000000000001,0.563,10.018552875695732,14.842300556586272,0.675,0.3155080213903743,0.28964999999999996,535.0,0.3148936170212766,0.8643067846607669,0.298,140.0,22.0,78.0,130.0,539.0,470.0,94.0,24.0,0.0,78.0,0.372,0.489,54.0,0,5.0,,230.0,3,4,4.0,6.0,,85.1526717557252,83.81
2003,PL,大阪近鉄バファローズ,81083880,山村　宏樹,H.Yamamura,7.0,0.0,0.0,0.0,0.0,0.0,0.0,0.0,0.0,0.0,0.0,0,0.0,0.0,0.0,0,0.0,0.0,0.0,,,,0.0,0.0,0.0,0.0,,nan,nan,nan,nan,0.0,0.0,nan,nan,,0.0,0.0,0.0,7.0,0.0,0.0,0.0,0.0,0.0,0.0,,,0.0,0,0.0,,0.0,0.0,0,0.0,0.0,,nan,0.0
2003,PL,大阪近鉄バファローズ,81085111,前田　忠節,T.Maeda,95.0,80.0,68.0,14.0,15.0,3.0,0.0,0.0,18.0,3.0,2,1,7.0,0.0,4.0,0,1.0,9.0,2.0,0.221,0.274,0.265,0.539,12.0,0.04400000000000001,0.05300000000000002,0.318,5.0,11.25,0.4444444444444444,0.2542372881355932,0.18955,362.3333333333333,0.11764705882352941,0.43636363636363634,0.221,15.0,0.0,3.0,95.0,80.0,68.0,12.0,3.0,0.0,14.0,0.274,0.265,4.0,0,1.0,,18.0,2,1,7.0,0.0,,4.75,4.796
2003,PL,埼玉西武ライオンズ,81085115,中村　剛也,T.Nakamura,4.0,14.0,12.0,0.0,2.0,1.0,0.0,0.0,3.0,2.0,1,0,0.0,0.0,2.0,0,0.0,6.0,1.0,0.167,0.286,0.25,0.536,1.0,0.08299999999999999,0.11899999999999997,0.369,14.285714285714285,42.857142857142854,0.3333333333333333,0.3333333333333333,0.19119999999999998,369.3333333333333,0.25,0.45454545454545453,0.167,2.0,0.0,2.0,4.0,14.0,12.0,1.0,1.0,0.0,0.0,0.286,0.25,2.0,0,0.0,,3.0,1,0,0.0,0.0,,0.8571428571428571,0.8999999999999999
2003,PL,埼玉西武ライオンズ,81183882,大友　進,S.Ootomo,14.0,31.0,28.0,2.0,3.0,2.0,0.0,0.0,5.0,0.0,0.0,0,0.0,0.0,3.0,0,0.0,5.0,1.0,0.107,0.194,0.179,0.373,1.0,0.072,0.08700000000000001,0.266,9.67741935483871,16.129032258064516,0.6,0.13043478260869565,0.13205,253.66666666666666,0.17857142857142858,0.3076923076923077,0.107,3.0,0.0,0.0,14.0,31.0,28.0,1.0,2.0,0.0,2.0,0.194,0.179,3.0,0,0.0,,5.0,0.0,0,0.0,0.0,,0.967741935483871,0.47999999999999954
2003,PL,埼玉西武ライオンズ,81185111,大島　裕行,H.Ooshima,96.0,273.0,254.0,29.0,78.0,18.0,0.0,7.0,117.0,33.0,2,1,0.0,2.0,16.0,0,1.0,53.0,6.0,0.307,0.348,0.461,0.8089999999999999,53.0,0.15400000000000003,0.04099999999999998,0.502,5.86080586080586,19.413919413919416,0.3018867924528302,0.3622448979591837,0.27185,501.6666666666667,0.2204724409448819,0.7417582417582418,0.307,78.0,7.0,33.0,96.0,273.0,254.0,53.0,18.0,0.0,29.0,0.348,0.461,16.0,0,1.0,,117.0,2,1,0.0,2.0,,40.733333333333334,38.081999999999994
2003,PL,福岡ソフトバンクホークス,81185113,荒金　久雄,H.Arakane,28.0,23.0,23.0,7.0,4.0,1.0,0.0,0.0,5.0,0.0,1,0,0.0,0.0,0.0,0,0.0,5.0,0.0,0.174,0.174,0.217,0.391,3.0,0.04300000000000001,0.0,0.217,0.0,21.73913043478261,0.0,0.2222222222222222,0.13255,246.33333333333331,0.043478260869565216,0.2631578947368421,0.174,4.0,0.0,0.0,28.0,23.0,23.0,3.0,1.0,0.0,7.0,0.174,0.217,0.0,0,0.0,,5.0,1,0,0.0,0.0,,0.8695652173913043,0.35799999999999965
2003,PL,福岡ソフトバンクホークス,81185117,稲嶺　誉,H.Inamine,2.0,8.0,8.0,2.0,2.0,0.0,0.0,0.0,2.0,0.0,1,0,0.0,0.0,0.0,0,0.0,3.0,0.0,0.25,0.25,0.25,0.5,2.0,0.0,0.0,0.25,0.0,37.5,0.0,0.4,0.175,333.3333333333333,0.0,0.3333333333333333,0.25,2.0,0.0,0.0,2.0,8.0,8.0,2.0,0.0,0.0,2.0,0.25,0.25,0.0,0,0.0,,2.0,1,0,0.0,0.0,,0.5,0.4119999999999999
2003,PL,北海道日本ハムファイターズ,81283885,林　孝哉,T.Hayashi,4.0,7.0,7.0,1.0,2.0,0.0,0.0,0.0,2.0,2.0,0.0,0,0.0,0.0,0.0,0,0.0,1.0,0.0,0.286,0.286,0.286,0.572,2.0,0.0,0.0,0.286,0.0,14.285714285714285,0.0,0.3333333333333333,0.2002,381.3333333333333,0.0,0.4,0.286,2.0,0.0,2.0,4.0,7.0,7.0,2.0,0.0,0.0,1.0,0.286,0.286,0.0,0,0.0,,2.0,0.0,0,0.0,0.0,,0.5714285714285714,0.51
2003,PL,千葉ロッテマリーンズ,81383864,佐藤　幸彦,Y.Satou,24.0,42.0,38.0,1.0,8.0,3.0,0.0,0.0,11.0,5.0,0.0,0,0.0,0.0,4.0,0,0.0,6.0,1.0,0.211,0.286,0.289,0.575,5.0,0.07799999999999999,0.07499999999999998,0.364,9.523809523809524,14.285714285714285,0.6666666666666666,0.25,0.20094999999999996,382.3333333333333,0.18421052631578946,0.4838709677419355,0.211,8.0,0.0,5.0,24.0,42.0,38.0,5.0,3.0,0.0,1.0,0.286,0.289,4.0,0,0.0,,11.0,0.0,0,0.0,0.0,,3.142857142857143,3.0400000000000005
2003,PL,大阪近鉄バファローズ,81383880,北川　博敏,H.Kitagawa,99.0,359.0,317.0,57.0,98.0,23.0,1.0,13.0,162.0,50.0,5,0,1.0,3.0,37.0,0,1.0,38.0,7.0,0.309,0.38,0.511,0.891,61.0,0.202,0.07100000000000001,0.5820000000000001,10.30640668523677,10.584958217270195,0.9736842105263158,0.3159851301115242,0.29875,550.3333333333334,0.3186119873817035,0.8849557522123894,0.309,98.0,13.0,50.0,99.0,359.0,317.0,61.0,23.0,1.0,57.0,0.38,0.511,37.0,0,1.0,,162.0,5,0,1.0,3.0,,61.779661016949156,57.897999999999996
2003,PL,千葉ロッテマリーンズ,81383882,黒木　詢士,J.Kuroki,4.0,0.0,0.0,0.0,0.0,0.0,0.0,0.0,0.0,0.0,0.0,0,0.0,0.0,0.0,0,0.0,0.0,0.0,,,,0.0,0.0,0.0,0.0,,nan,nan,nan,nan,0.0,0.0,nan,nan,,0.0,0.0,0.0,4.0,0.0,0.0,0.0,0.0,0.0,0.0,,,0.0,0,0.0,,0.0,0.0,0,0.0,0.0,,nan,0.0
2003,PL,千葉ロッテマリーンズ,81383888,川井　貴志,T.Kawai,54.0,0.0,0.0,0.0,0.0,0.0,0.0,0.0,0.0,0.0,0.0,0,0.0,0.0,0.0,0,0.0,0.0,0.0,,,,0.0,0.0,0.0,0.0,,nan,nan,nan,nan,0.0,0.0,nan,nan,,0.0,0.0,0.0,54.0,0.0,0.0,0.0,0.0,0.0,0.0,,,0.0,0,0.0,,0.0,0.0,0,0.0,0.0,,nan,0.0
2003,PL,千葉ロッテマリーンズ,81483886,渡辺　正人,M.Watanabe,104.0,191.0,160.0,20.0,35.0,7.0,3.0,7.0,69.0,26.0,2,0,18.0,2.0,9.0,0,2.0,51.0,2.0,0.219,0.266,0.431,0.6970000000000001,18.0,0.212,0.047000000000000014,0.478,4.712041884816754,26.701570680628272,0.17647058823529413,0.2692307692307692,0.22745,409.6666666666667,0.26875,0.6299212598425197,0.219,35.0,7.0,26.0,104.0,191.0,160.0,18.0,7.0,3.0,20.0,0.266,0.431,9.0,0,2.0,,69.0,2,0,18.0,2.0,,17.964497041420117,18.62
2003,PL,大阪近鉄バファローズ,81485113,山本　省吾,S.Yamamoto,25.0,0.0,0.0,0.0,0.0,0.0,0.0,0.0,0.0,0.0,0.0,0,0.0,0.0,0.0,0,0.0,0.0,0.0,,,,0.0,0.0,0.0,0.0,,nan,nan,nan,nan,0.0,0.0,nan,nan,,0.0,0.0,0.0,25.0,0.0,0.0,0.0,0.0,0.0,0.0,,,0.0,0,0.0,,0.0,0.0,0,0.0,0.0,,nan,0.0
2003,PL,千葉ロッテマリーンズ,81583864,高木　晃次,K.Takagi,10.0,0.0,0.0,0.0,0.0,0.0,0.0,0.0,0.0,0.0,0.0,0,0.0,0.0,0.0,0,0.0,0.0,0.0,,,,0.0,0.0,0.0,0.0,,nan,nan,nan,nan,0.0,0.0,nan,nan,,0.0,0.0,0.0,10.0,0.0,0.0,0.0,0.0,0.0,0.0,,,0.0,0,0.0,,0.0,0.0,0,0.0,0.0,,nan,0.0
2003,PL,北海道日本ハムファイターズ,81583880,島田　一輝,K.Shimada,88.0,252.0,238.0,29.0,63.0,7.0,2.0,11.0,107.0,49.0,0.0,0,1.0,3.0,9.0,0,1.0,53.0,14.0,0.265,0.291,0.45,0.741,43.0,0.185,0.025999999999999968,0.476,3.571428571428571,21.03174603174603,0.16981132075471697,0.2937853107344633,0.24345,440.99999999999994,0.22268907563025211,0.6190476190476191,0.265,63.0,11.0,49.0,88.0,252.0,238.0,43.0,7.0,2.0,29.0,0.291,0.45,9.0,0,1.0,,107.0,0.0,0,1.0,3.0,,31.190283400809715,30.60999999999999
2003,PL,千葉ロッテマリーンズ,81585115,喜多　隆志,T.Kita,34.0,50.0,47.0,5.0,11.0,1.0,1.0,0.0,14.0,1.0,1,0,2.0,0.0,1.0,0,0.0,13.0,1.0,0.234,0.25,0.298,0.548,9.0,0.06399999999999997,0.015999999999999986,0.3139999999999999,2.0,26.0,0.07692307692307693,0.3235294117647059,0.187,349.3333333333333,0.0851063829787234,0.40540540540540543,0.234,11.0,0.0,1.0,34.0,50.0,47.0,9.0,1.0,1.0,5.0,0.25,0.298,1.0,0,0.0,,14.0,1,0,2.0,0.0,,3.5,3.062
2003,PL,北海道日本ハムファイターズ,81585117,鎌倉　健,K.Kamakura,2.0,0.0,0.0,0.0,0.0,0.0,0.0,0.0,0.0,0.0,0.0,0,0.0,0.0,0.0,0,0.0,0.0,0.0,,,,0.0,0.0,0.0,0.0,,nan,nan,nan,nan,0.0,0.0,nan,nan,,0.0,0.0,0.0,2.0,0.0,0.0,0.0,0.0,0.0,0.0,,,0.0,0,0.0,,0.0,0.0,0,0.0,0.0,,nan,0.0
2003,PL,大阪近鉄バファローズ,81783868,島田　直也,N.Shimada,3.0,0.0,0.0,0.0,0.0,0.0,0.0,0.0,0.0,0.0,0.0,0,0.0,0.0,0.0,0,0.0,0.0,0.0,,,,0.0,0.0,0.0,0.0,,nan,nan,nan,nan,0.0,0.0,nan,nan,,0.0,0.0,0.0,3.0,0.0,0.0,0.0,0.0,0.0,0.0,,,0.0,0,0.0,,0.0,0.0,0,0.0,0.0,,nan,0.0
2003,PL,埼玉西武ライオンズ,81883883,水尾　嘉孝,Y.Mizuo,2.0,0.0,0.0,0.0,0.0,0.0,0.0,0.0,0.0,0.0,0.0,0,0.0,0.0,0.0,0,0.0,0.0,0.0,,,,0.0,0.0,0.0,0.0,,nan,nan,nan,nan,0.0,0.0,nan,nan,,0.0,0.0,0.0,2.0,0.0,0.0,0.0,0.0,0.0,0.0,,,0.0,0,0.0,,0.0,0.0,0,0.0,0.0,,nan,0.0
2003,PL,福岡ソフトバンクホークス,81885113,P.バルデス,P.Valdes,124.0,534.0,453.0,72.0,141.0,24.0,2.0,26.0,247.0,104.0,1.0,1,0.0,10.0,64.0,0,7.0,64.0,16.0,0.311,0.397,0.545,0.9420000000000001,89.0,0.23400000000000004,0.08600000000000002,0.631,11.985018726591761,11.985018726591761,1.0,0.30831099195710454,0.3149,578.6666666666666,0.37748344370860926,0.9725609756097561,0.311,141.0,26.0,104.0,124.0,534.0,453.0,89.0,24.0,2.0,72.0,0.397,0.545,64.0,0,7.0,,247.0,1.0,1,0.0,10.0,,97.94003868471954,94.334
2003,PL,福岡ソフトバンクホークス,81885117,陳　文賓,U.Chin,2.0,4.0,4.0,0.0,0.0,0.0,0.0,0.0,0.0,0.0,0.0,0,0.0,0.0,0.0,0,0.0,1.0,0.0,0.0,0.0,0.0,0.0,0.0,0.0,0.0,0.0,0.0,25.0,0.0,0.0,0.0,0.0,0.0,0.0,0.0,0.0,0.0,0.0,2.0,4.0,4.0,0.0,0.0,0.0,0.0,0.0,0.0,0.0,0,0.0,,0.0,0.0,0,0.0,0.0,,0.0,-0.392
2003,PL,福岡ソフトバンクホークス,81983880,本間　満,M.Honma,88.0,143.0,119.0,20.0,27.0,3.0,1.0,0.0,32.0,12.0,3,2,4.0,0.0,19.0,0,1.0,39.0,1.0,0.227,0.338,0.269,0.607,23.0,0.04200000000000001,0.11100000000000002,0.38,13.286713286713287,27.27272727272727,0.48717948717948717,0.3375,0.21935000000000002,427.6666666666667,0.2184873949579832,0.5806451612903226,0.227,27.0,0.0,12.0,88.0,143.0,119.0,23.0,3.0,1.0,20.0,0.338,0.269,19.0,0,1.0,,32.0,3,2,4.0,0.0,,10.666666666666666,12.644
2003,PL,オリックス・バファローズ,81983882,日高　剛,T.Hidaka,118.0,355.0,321.0,29.0,86.0,14.0,2.0,9.0,131.0,37.0,0,1,10.0,3.0,16.0,0,5.0,69.0,3.0,0.268,0.31,0.408,0.718,61.0,0.13999999999999996,0.04199999999999998,0.4499999999999999,4.507042253521127,19.43661971830986,0.2318840579710145,0.3130081300813008,0.2415,445.99999999999994,0.19314641744548286,0.6428571428571429,0.268,86.0,9.0,37.0,118.0,355.0,321.0,61.0,14.0,2.0,29.0,0.31,0.408,16.0,0,5.0,,131.0,0,1,10.0,3.0,,39.64985163204748,39.699999999999996
2003,PL,北海道日本ハムファイターズ,81983883,奈良原　浩,H.Narahara,109.0,376.0,317.0,40.0,82.0,24.0,3.0,0.0,112.0,32.0,12,4,16.0,4.0,35.0,0,4.0,70.0,3.0,0.259,0.336,0.353,0.6890000000000001,55.0,0.09399999999999997,0.07700000000000001,0.43,9.308510638297872,18.617021276595743,0.5,0.32669322709163345,0.23945,453.6666666666667,0.21766561514195584,0.6512605042016807,0.259,82.0,0.0,32.0,109.0,376.0,317.0,55.0,24.0,3.0,40.0,0.336,0.353,35.0,0,4.0,,112.0,12,4,16.0,4.0,,37.22727272727273,38.459999999999994
2003,PL,北海道日本ハムファイターズ,81983886,坪井　智哉,T.Tsuboi,123.0,500.0,443.0,70.0,146.0,26.0,3.0,5.0,193.0,40.0,13,5,5.0,0.0,46.0,0,6.0,79.0,10.0,0.33,0.4,0.436,0.8360000000000001,112.0,0.10599999999999998,0.07,0.506,9.2,15.8,0.5822784810126582,0.39275766016713093,0.28900000000000003,545.3333333333334,0.22121896162528218,0.8143322475570033,0.33,146.0,5.0,40.0,123.0,500.0,443.0,112.0,26.0,3.0,70.0,0.4,0.436,46.0,0,6.0,,193.0,13,5,5.0,0.0,,75.77914110429448,73.994
2003,PL,埼玉西武ライオンズ,81983889,松井　稼頭央,K.Matsui,140.0,655.0,587.0,104.0,179.0,36.0,4.0,33.0,322.0,84.0,13,10,3.0,6.0,55.0,0,4.0,124.0,4.0,0.305,0.365,0.549,0.914,106.0,0.24400000000000005,0.06,0.609,8.396946564885496,18.931297709923665,0.4435483870967742,0.3348623853211009,0.3015,548.0,0.3543441226575809,0.9490291262135923,0.305,179.0,33.0,84.0,140.0,655.0,587.0,106.0,36.0,4.0,104.0,0.365,0.549,55.0,0,4.0,,322.0,13,10,3.0,6.0,,117.3644859813084,111.886
2003,PL,千葉ロッテマリーンズ,83385113,B.シコースキー,B.Sikorski,47.0,0.0,0.0,0.0,0.0,0.0,0.0,0.0,0.0,0.0,0.0,0,0.0,0.0,0.0,0,0.0,0.0,0.0,,,,0.0,0.0,0.0,0.0,,nan,nan,nan,nan,0.0,0.0,nan,nan,,0.0,0.0,0.0,47.0,0.0,0.0,0.0,0.0,0.0,0.0,,,0.0,0,0.0,,0.0,0.0,0,0.0,0.0,,nan,0.0
2003,PL,福岡ソフトバンクホークス,91093881,田之上　慶三郎,K.Tanoue,3.0,0.0,0.0,0.0,0.0,0.0,0.0,0.0,0.0,0.0,0.0,0,0.0,0.0,0.0,0,0.0,0.0,0.0,,,,0.0,0.0,0.0,0.0,,nan,nan,nan,nan,0.0,0.0,nan,nan,,0.0,0.0,0.0,3.0,0.0,0.0,0.0,0.0,0.0,0.0,,,0.0,0,0.0,,0.0,0.0,0,0.0,0.0,,nan,0.0
2003,PL,千葉ロッテマリーンズ,91093882,舩木　聖士,S.Funaki,16.0,0.0,0.0,0.0,0.0,0.0,0.0,0.0,0.0,0.0,0.0,0,0.0,0.0,0.0,0,0.0,0.0,0.0,,,,0.0,0.0,0.0,0.0,,nan,nan,nan,nan,0.0,0.0,nan,nan,,0.0,0.0,0.0,16.0,0.0,0.0,0.0,0.0,0.0,0.0,,,0.0,0,0.0,,0.0,0.0,0,0.0,0.0,,nan,0.0
2003,PL,大阪近鉄バファローズ,91093888,藤﨑　紘範,H.Fujisaki,5.0,0.0,0.0,0.0,0.0,0.0,0.0,0.0,0.0,0.0,0.0,0,0.0,0.0,0.0,0,0.0,0.0,0.0,,,,0.0,0.0,0.0,0.0,,nan,nan,nan,nan,0.0,0.0,nan,nan,,0.0,0.0,0.0,5.0,0.0,0.0,0.0,0.0,0.0,0.0,,,0.0,0,0.0,,0.0,0.0,0,0.0,0.0,,nan,0.0
2003,PL,千葉ロッテマリーンズ,91093889,諸積　兼司,K.Morozumi,46.0,95.0,84.0,11.0,18.0,2.0,1.0,0.0,22.0,6.0,4,1,2.0,0.0,8.0,0,1.0,16.0,3.0,0.214,0.29,0.262,0.552,15.0,0.048000000000000015,0.07599999999999998,0.3379999999999999,8.421052631578947,16.842105263157894,0.5,0.2647058823529412,0.196,377.3333333333333,0.15476190476190477,0.463768115942029,0.214,18.0,0.0,6.0,46.0,95.0,84.0,15.0,2.0,1.0,11.0,0.29,0.262,8.0,0,1.0,,22.0,4,1,2.0,0.0,,6.217391304347826,6.662000000000001
2003,PL,福岡ソフトバンクホークス,91095115,寺原　隼人,H.Terahara,18.0,0.0,0.0,0.0,0.0,0.0,0.0,0.0,0.0,0.0,0.0,0,0.0,0.0,0.0,0,0.0,0.0,0.0,,,,0.0,0.0,0.0,0.0,,nan,nan,nan,nan,0.0,0.0,nan,nan,,0.0,0.0,0.0,18.0,0.0,0.0,0.0,0.0,0.0,0.0,,,0.0,0,0.0,,0.0,0.0,0,0.0,0.0,,nan,0.0
2003,PL,埼玉西武ライオンズ,91193884,石井　義人,Y.Ishii,8.0,12.0,12.0,0.0,5.0,2.0,0.0,0.0,7.0,2.0,0.0,0,0.0,0.0,0.0,0,0.0,4.0,0.0,0.417,0.417,0.583,1.0,3.0,0.16599999999999998,0.0,0.583,0.0,33.33333333333333,0.0,0.625,0.3334,611.3333333333333,0.16666666666666666,1.0,0.417,5.0,0.0,2.0,8.0,12.0,12.0,3.0,2.0,0.0,0.0,0.417,0.583,0.0,0,0.0,,7.0,0.0,0,0.0,0.0,,2.9166666666666665,2.254
2003,PL,福岡ソフトバンクホークス,91195117,新垣　渚,N.Arakaki,18.0,0.0,0.0,0.0,0.0,0.0,0.0,0.0,0.0,0.0,0.0,0,0.0,0.0,0.0,0,0.0,0.0,0.0,,,,0.0,0.0,0.0,0.0,,nan,nan,nan,nan,0.0,0.0,nan,nan,,0.0,0.0,0.0,18.0,0.0,0.0,0.0,0.0,0.0,0.0,,,0.0,0,0.0,,0.0,0.0,0,0.0,0.0,,nan,0.0
2003,PL,北海道日本ハムファイターズ,91293883,石本　努,T.Ishimoto,99.0,351.0,308.0,45.0,76.0,12.0,1.0,0.0,90.0,20.0,20,6,10.0,0.0,33.0,0,0.0,63.0,2.0,0.247,0.32,0.292,0.612,63.0,0.044999999999999984,0.07300000000000001,0.365,9.401709401709402,17.94871794871795,0.5238095238095238,0.31020408163265306,0.21700000000000003,417.3333333333333,0.17207792207792208,0.5512820512820513,0.247,76.0,0.0,20.0,99.0,351.0,308.0,63.0,12.0,1.0,45.0,0.32,0.292,33.0,0,0.0,,90.0,20,6,10.0,0.0,,28.7683284457478,30.413999999999998
2003,PL,埼玉西武ライオンズ,91293884,森　慎二,S.Mori,61.0,0.0,0.0,0.0,0.0,0.0,0.0,0.0,0.0,0.0,0.0,0,0.0,0.0,0.0,0,0.0,0.0,0.0,,,,0.0,0.0,0.0,0.0,,nan,nan,nan,nan,0.0,0.0,nan,nan,,0.0,0.0,0.0,61.0,0.0,0.0,0.0,0.0,0.0,0.0,,,0.0,0,0.0,,0.0,0.0,0,0.0,0.0,,nan,0.0
2003,PL,福岡ソフトバンクホークス,91293888,水田　章雄,A.Mizuta,15.0,0.0,0.0,0.0,0.0,0.0,0.0,0.0,0.0,0.0,0.0,0,0.0,0.0,0.0,0,0.0,0.0,0.0,,,,0.0,0.0,0.0,0.0,,nan,nan,nan,nan,0.0,0.0,nan,nan,,0.0,0.0,0.0,15.0,0.0,0.0,0.0,0.0,0.0,0.0,,,0.0,0,0.0,,0.0,0.0,0,0.0,0.0,,nan,0.0
2003,PL,オリックス・バファローズ,91295115,早川　大輔,D.Hayakawa,19.0,13.0,12.0,5.0,4.0,2.0,0.0,0.0,6.0,1.0,0,2,0.0,0.0,1.0,0,0.0,4.0,0.0,0.333,0.385,0.5,0.885,2.0,0.16699999999999998,0.05199999999999999,0.552,7.6923076923076925,30.76923076923077,0.25,0.5,0.29825,551.6666666666666,0.4166666666666667,1.125,0.333,4.0,0.0,1.0,19.0,13.0,12.0,2.0,2.0,0.0,5.0,0.385,0.5,1.0,0,0.0,,6.0,0,2,0.0,0.0,,2.3076923076923075,2.346
2003,PL,大阪近鉄バファローズ,91393880,憲史,K.Kenshi（kawaguchi,93.0,289.0,252.0,41.0,71.0,20.0,2.0,9.0,122.0,37.0,1,2,2.0,2.0,31.0,0,2.0,53.0,5.0,0.282,0.362,0.484,0.846,40.0,0.202,0.08000000000000002,0.5640000000000001,10.726643598615917,18.33910034602076,0.5849056603773585,0.3229166666666667,0.2839,523.3333333333334,0.3333333333333333,0.8440860215053764,0.282,71.0,9.0,37.0,93.0,289.0,252.0,40.0,20.0,2.0,41.0,0.362,0.484,31.0,0,2.0,,122.0,1,2,2.0,2.0,,43.97173144876325,42.952
2003,PL,オリックス・バファローズ,91393887,金田　政彦,M.Kaneda,14.0,0.0,0.0,0.0,0.0,0.0,0.0,0.0,0.0,0.0,0.0,0,0.0,0.0,0.0,0,0.0,0.0,0.0,,,,0.0,0.0,0.0,0.0,,nan,nan,nan,nan,0.0,0.0,nan,nan,,0.0,0.0,0.0,14.0,0.0,0.0,0.0,0.0,0.0,0.0,,,0.0,0,0.0,,0.0,0.0,0,0.0,0.0,,nan,0.0
2003,PL,大阪近鉄バファローズ,91493886,森谷　昭仁,A.Moritani,13.0,18.0,15.0,3.0,3.0,0.0,0.0,0.0,3.0,0.0,4,1,0.0,0.0,2.0,0,1.0,3.0,0.0,0.2,0.333,0.2,0.533,3.0,0.0,0.133,0.333,11.11111111111111,16.666666666666664,0.6666666666666666,0.25,0.19985000000000003,399.6666666666667,0.2,0.5833333333333334,0.2,3.0,0.0,0.0,13.0,18.0,15.0,3.0,0.0,0.0,3.0,0.333,0.2,2.0,0,1.0,,3.0,4,1,0.0,0.0,,0.8823529411764706,1.4940000000000002
2003,PL,福岡ソフトバンクホークス,91493888,吉本　亮,R.Yoshimoto,5.0,10.0,10.0,0.0,1.0,0.0,0.0,0.0,1.0,1.0,1,0,0.0,0.0,0.0,0,0.0,1.0,0.0,0.1,0.1,0.1,0.2,1.0,0.0,0.0,0.1,0.0,10.0,0.0,0.1111111111111111,0.07,133.33333333333334,0.0,0.1111111111111111,0.1,1.0,0.0,1.0,5.0,10.0,10.0,1.0,0.0,0.0,0.0,0.1,0.1,0.0,0,0.0,,1.0,1,0,0.0,0.0,,0.1,-0.382
2003,PL,北海道日本ハムファイターズ,91495111,吉崎　勝,M.Yoshizaki,22.0,0.0,0.0,0.0,0.0,0.0,0.0,0.0,0.0,0.0,0.0,0,0.0,0.0,0.0,0,0.0,0.0,0.0,,,,0.0,0.0,0.0,0.0,,nan,nan,nan,nan,0.0,0.0,nan,nan,,0.0,0.0,0.0,22.0,0.0,0.0,0.0,0.0,0.0,0.0,,,0.0,0,0.0,,0.0,0.0,0,0.0,0.0,,nan,0.0
2003,PL,オリックス・バファローズ,91495117,前田　大輔,D.Maeda,50.0,68.0,61.0,9.0,17.0,3.0,0.0,1.0,23.0,8.0,2,1,0.0,0.0,6.0,0,1.0,13.0,2.0,0.279,0.353,0.377,0.73,13.0,0.09799999999999998,0.07399999999999995,0.4509999999999999,8.823529411764707,19.11764705882353,0.46153846153846156,0.3404255319148936,0.2531,478.6666666666667,0.21311475409836064,0.6739130434782609,0.279,17.0,1.0,8.0,50.0,68.0,61.0,13.0,3.0,0.0,9.0,0.353,0.377,6.0,0,1.0,,23.0,2,1,0.0,0.0,,7.895522388059701,8.277999999999999
2003,PL,オリックス・バファローズ,91593866,進藤　達哉,T.Shindou,75.0,134.0,122.0,14.0,25.0,5.0,0.0,5.0,45.0,12.0,2,1,1.0,0.0,10.0,0,1.0,34.0,3.0,0.205,0.271,0.369,0.64,15.0,0.164,0.06600000000000003,0.435,7.462686567164178,25.37313432835821,0.29411764705882354,0.24096385542168675,0.2142,394.0,0.2540983606557377,0.57,0.205,25.0,5.0,12.0,75.0,134.0,122.0,15.0,5.0,0.0,14.0,0.271,0.369,10.0,0,1.0,,45.0,2,1,1.0,0.0,,11.931818181818182,12.603999999999996
2003,PL,福岡ソフトバンクホークス,91593884,倉野　信次,S.Kurano,6.0,0.0,0.0,0.0,0.0,0.0,0.0,0.0,0.0,0.0,0.0,0,0.0,0.0,0.0,0,0.0,0.0,0.0,,,,0.0,0.0,0.0,0.0,,nan,nan,nan,nan,0.0,0.0,nan,nan,,0.0,0.0,0.0,6.0,0.0,0.0,0.0,0.0,0.0,0.0,,,0.0,0,0.0,,0.0,0.0,0,0.0,0.0,,nan,0.0
2003,PL,オリックス・バファローズ,91593887,小林　宏,H.Kobayashi,19.0,0.0,0.0,0.0,0.0,0.0,0.0,0.0,0.0,0.0,0.0,0,0.0,0.0,0.0,0,0.0,0.0,0.0,,,,0.0,0.0,0.0,0.0,,nan,nan,nan,nan,0.0,0.0,nan,nan,,0.0,0.0,0.0,19.0,0.0,0.0,0.0,0.0,0.0,0.0,,,0.0,0,0.0,,0.0,0.0,0,0.0,0.0,,nan,0.0
2003,PL,大阪近鉄バファローズ,91693882,T.ローズ,T.Rhodes,138.0,614.0,508.0,94.0,140.0,16.0,0.0,51.0,309.0,117.0,7,1,0.0,6.0,98.0,0,2.0,137.0,10.0,0.276,0.391,0.608,0.999,73.0,0.33199999999999996,0.11499999999999999,0.723,15.960912052117262,22.31270358306189,0.7153284671532847,0.27300613496932513,0.32795,593.6666666666666,0.5275590551181102,1.0846560846560847,0.276,140.0,51.0,117.0,138.0,614.0,508.0,73.0,16.0,0.0,94.0,0.391,0.608,98.0,0,2.0,,309.0,7,1,0.0,6.0,,121.35643564356435,118.576
2003,PL,北海道日本ハムファイターズ,91793868,芝草　宇宙,H.Shibakusa,58.0,0.0,0.0,0.0,0.0,0.0,0.0,0.0,0.0,0.0,0.0,0,0.0,0.0,0.0,0,0.0,0.0,0.0,,,,0.0,0.0,0.0,0.0,,nan,nan,nan,nan,0.0,0.0,nan,nan,,0.0,0.0,0.0,58.0,0.0,0.0,0.0,0.0,0.0,0.0,,,0.0,0,0.0,,0.0,0.0,0,0.0,0.0,,nan,0.0
2003,PL,福岡ソフトバンクホークス,91793884,柴原　洋,H.Shibahara,112.0,479.0,426.0,71.0,142.0,26.0,0.0,4.0,180.0,53.0,11,2,7.0,6.0,38.0,0,2.0,60.0,9.0,0.333,0.386,0.423,0.8089999999999999,112.0,0.08999999999999997,0.05299999999999999,0.476,7.933194154488518,12.526096033402922,0.6333333333333333,0.375,0.27945000000000003,527.0,0.18309859154929578,0.757679180887372,0.333,142.0,4.0,53.0,112.0,479.0,426.0,112.0,26.0,0.0,71.0,0.386,0.423,38.0,0,2.0,,180.0,11,2,7.0,6.0,,69.82758620689656,66.208
2003,PL,大阪近鉄バファローズ,91793886,鈴木　郁洋,F.Suzuki,12.0,10.0,10.0,1.0,1.0,0.0,0.0,1.0,4.0,2.0,0.0,0,0.0,0.0,0.0,0,0.0,3.0,0.0,0.1,0.1,0.4,0.5,0.0,0.30000000000000004,0.0,0.4,0.0,30.0,0.0,0.0,0.14500000000000002,233.33333333333334,0.3,0.4444444444444444,0.1,1.0,1.0,2.0,12.0,10.0,10.0,0.0,0.0,0.0,1.0,0.1,0.4,0.0,0,0.0,,4.0,0.0,0,0.0,0.0,,0.4,0.5579999999999999
2003,PL,大阪近鉄バファローズ,91795111,鷹野　史寿,F.Takano,40.0,84.0,74.0,16.0,17.0,4.0,0.0,5.0,36.0,11.0,0.0,0,0.0,0.0,8.0,0,2.0,19.0,2.0,0.23,0.321,0.486,0.8069999999999999,8.0,0.256,0.091,0.577,9.523809523809524,22.61904761904762,0.42105263157894735,0.24,0.26595,483.0,0.36486486486486486,0.7796610169491526,0.23,17.0,5.0,11.0,40.0,84.0,74.0,8.0,4.0,0.0,16.0,0.321,0.486,8.0,0,2.0,,36.0,0.0,0,0.0,0.0,,10.975609756097562,11.793999999999999
2003,PL,北海道日本ハムファイターズ,91795113,木元　邦之,K.Kimoto,102.0,404.0,373.0,61.0,112.0,16.0,0.0,14.0,170.0,59.0,8,3,0.0,0.0,29.0,0,2.0,93.0,9.0,0.3,0.354,0.456,0.81,82.0,0.15600000000000003,0.05399999999999999,0.51,7.1782178217821775,23.01980198019802,0.3118279569892473,0.3684210526315789,0.2733,506.0,0.24128686327077747,0.7555555555555555,0.3,112.0,14.0,59.0,102.0,404.0,373.0,82.0,16.0,0.0,61.0,0.354,0.456,29.0,0,2.0,,170.0,8,3,0.0,0.0,,59.62686567164179,57.872
2003,PL,大阪近鉄バファローズ,91795115,近藤　一樹,K.Kondou,1.0,0.0,0.0,0.0,0.0,0.0,0.0,0.0,0.0,0.0,0.0,0,0.0,0.0,0.0,0,0.0,0.0,0.0,,,,0.0,0.0,0.0,0.0,,nan,nan,nan,nan,0.0,0.0,nan,nan,,0.0,0.0,0.0,1.0,0.0,0.0,0.0,0.0,0.0,0.0,,,0.0,0,0.0,,0.0,0.0,0,0.0,0.0,,nan,0.0
2003,PL,千葉ロッテマリーンズ,91893883,山﨑　健,K.Yamasaki,9.0,0.0,0.0,0.0,0.0,0.0,0.0,0.0,0.0,0.0,0.0,0,0.0,0.0,0.0,0,0.0,0.0,0.0,,,,0.0,0.0,0.0,0.0,,nan,nan,nan,nan,0.0,0.0,nan,nan,,0.0,0.0,0.0,9.0,0.0,0.0,0.0,0.0,0.0,0.0,,,0.0,0,0.0,,0.0,0.0,0,0.0,0.0,,nan,0.0
2003,PL,オリックス・バファローズ,91895117,J.オーティズ,J.Ortiz,127.0,517.0,470.0,70.0,120.0,29.0,2.0,33.0,252.0,86.0,4.0,4,2.0,5.0,36.0,0,4.0,84.0,13.0,0.255,0.311,0.536,0.847,56.0,0.281,0.055999999999999994,0.5920000000000001,6.963249516441006,16.247582205029012,0.42857142857142855,0.2430167597765363,0.27395,489.6666666666667,0.3659574468085106,0.8154269972451791,0.255,120.0,33.0,86.0,127.0,517.0,470.0,56.0,29.0,2.0,70.0,0.311,0.536,36.0,0,4.0,,252.0,4.0,4,2.0,5.0,,77.69169960474308,78.1
2003,PL,千葉ロッテマリーンズ,91993880,橋本　将,T.Hashimoto,41.0,93.0,78.0,4.0,15.0,2.0,1.0,1.0,22.0,8.0,0,1,1.0,2.0,12.0,0,0.0,25.0,0.0,0.192,0.293,0.282,0.575,11.0,0.08999999999999997,0.10099999999999998,0.3829999999999999,12.903225806451612,26.881720430107524,0.48,0.25925925925925924,0.20234999999999997,386.99999999999994,0.2564102564102564,0.5555555555555556,0.192,15.0,1.0,8.0,41.0,93.0,78.0,11.0,2.0,1.0,4.0,0.293,0.282,12.0,0,0.0,,22.0,0,1,1.0,2.0,,6.6,7.385999999999998
2003,PL,オリックス・バファローズ,91993884,谷　佳知,Y.Tani,137.0,606.0,540.0,86.0,189.0,37.0,1.0,21.0,291.0,92.0,9,2,0.0,7.0,58.0,0,1.0,41.0,18.0,0.35,0.409,0.539,0.948,130.0,0.18900000000000006,0.059,0.5980000000000001,9.570957095709572,6.765676567656766,1.4146341463414633,0.3463917525773196,0.3188,588.6666666666666,0.3,0.9539295392953929,0.35,189.0,21.0,92.0,137.0,606.0,540.0,130.0,37.0,1.0,86.0,0.409,0.539,58.0,0,1.0,,291.0,9,2,0.0,7.0,,120.19565217391305,108.35200000000003
2003,PL,大阪近鉄バファローズ,91993885,髙村　祐,H.Takamura,39.0,0.0,0.0,0.0,0.0,0.0,0.0,0.0,0.0,0.0,0.0,0,0.0,0.0,0.0,0,0.0,0.0,0.0,,,,0.0,0.0,0.0,0.0,,nan,nan,nan,nan,0.0,0.0,nan,nan,,0.0,0.0,0.0,39.0,0.0,0.0,0.0,0.0,0.0,0.0,,,0.0,0,0.0,,0.0,0.0,0,0.0,0.0,,nan,0.0
2003,PL,オリックス・バファローズ,91993888,徳元　敏,S.Tokumoto,26.0,0.0,0.0,0.0,0.0,0.0,0.0,0.0,0.0,0.0,0.0,0,0.0,0.0,0.0,0,0.0,0.0,0.0,,,,0.0,0.0,0.0,0.0,,nan,nan,nan,nan,0.0,0.0,nan,nan,,0.0,0.0,0.0,26.0,0.0,0.0,0.0,0.0,0.0,0.0,,,0.0,0,0.0,,0.0,0.0,0,0.0,0.0,,nan,0.0
2003,PL,埼玉西武ライオンズ,91993889,平尾　博嗣,H.Hirao,68.0,198.0,172.0,28.0,49.0,10.0,0.0,7.0,80.0,32.0,3,0,4.0,2.0,20.0,0,0.0,41.0,2.0,0.285,0.356,0.465,0.821,32.0,0.18000000000000005,0.07100000000000001,0.536,10.1010101010101,20.707070707070706,0.4878048780487805,0.3333333333333333,0.27645000000000003,511.0,0.29651162790697677,0.8,0.285,49.0,7.0,32.0,68.0,198.0,172.0,32.0,10.0,0.0,28.0,0.356,0.465,20.0,0,0.0,,80.0,3,0,4.0,2.0,,28.75,27.826
2003,PL,千葉ロッテマリーンズ,91995111,戸部　浩,H.Tobe,35.0,0.0,0.0,0.0,0.0,0.0,0.0,0.0,0.0,0.0,0.0,0,0.0,0.0,0.0,0,0.0,0.0,0.0,,,,0.0,0.0,0.0,0.0,,nan,nan,nan,nan,0.0,0.0,nan,nan,,0.0,0.0,0.0,35.0,0.0,0.0,0.0,0.0,0.0,0.0,,,0.0,0,0.0,,0.0,0.0,0,0.0,0.0,,nan,0.0
2003,PL,北海道日本ハムファイターズ,91995113,伊達　昌司,M.Date,51.0,0.0,0.0,0.0,0.0,0.0,0.0,0.0,0.0,0.0,0.0,0,0.0,0.0,0.0,0,0.0,0.0,0.0,,,,0.0,0.0,0.0,0.0,,nan,nan,nan,nan,0.0,0.0,nan,nan,,0.0,0.0,0.0,51.0,0.0,0.0,0.0,0.0,0.0,0.0,,,0.0,0,0.0,,0.0,0.0,0,0.0,0.0,,nan,0.0
2003,PL,北海道日本ハムファイターズ,91995117,紺田　敏正,T.Konta,2.0,5.0,5.0,1.0,2.0,0.0,1.0,0.0,4.0,0.0,0.0,0,0.0,0.0,0.0,0,0.0,1.0,0.0,0.4,0.4,0.8,1.2000000000000002,1.0,0.4,0.0,0.8,0.0,20.0,0.0,0.5,0.38,666.6666666666667,0.4,1.3333333333333333,0.4,2.0,0.0,0.0,2.0,5.0,5.0,1.0,0.0,1.0,1.0,0.4,0.8,0.0,0,0.0,,4.0,0.0,0,0.0,0.0,,1.6,1.246
2003,PL,埼玉西武ライオンズ,93195113,S.マクレーン,S.Mcclain,131.0,484.0,418.0,55.0,94.0,19.0,0.0,26.0,191.0,69.0,2,3,0.0,2.0,64.0,0,0.0,103.0,6.0,0.225,0.326,0.457,0.783,49.0,0.232,0.101,0.558,13.223140495867769,21.280991735537192,0.6213592233009708,0.23367697594501718,0.26095,478.33333333333337,0.3923444976076555,0.7818181818181819,0.225,94.0,26.0,69.0,131.0,484.0,418.0,49.0,19.0,0.0,55.0,0.326,0.457,64.0,0,0.0,,191.0,2,3,0.0,2.0,,62.60995850622407,65.52800000000002
2003,PL,オリックス・バファローズ,93195117,R.ブラウン,R.Brown,128.0,554.0,482.0,72.0,148.0,28.0,0.0,28.0,260.0,93.0,19,11,0.0,3.0,62.0,0,7.0,83.0,19.0,0.307,0.392,0.539,0.931,92.0,0.23200000000000004,0.08500000000000002,0.6240000000000001,11.191335740072201,14.981949458483754,0.7469879518072289,0.32085561497326204,0.31115000000000004,571.6666666666666,0.38381742738589214,0.9631728045325779,0.307,148.0,28.0,93.0,128.0,554.0,482.0,92.0,28.0,0.0,72.0,0.392,0.539,62.0,0,7.0,,260.0,19,11,0.0,3.0,,100.36764705882354,98.49799999999999
2003,PL,北海道日本ハムファイターズ,93393868,山田　勝彦,K.Yamada,40.0,82.0,77.0,7.0,13.0,1.0,0.0,1.0,17.0,8.0,1,0,2.0,0.0,3.0,0,0.0,15.0,3.0,0.169,0.2,0.221,0.42100000000000004,11.0,0.05199999999999999,0.031,0.252,3.6585365853658534,18.29268292682927,0.2,0.19672131147540983,0.14525000000000002,273.6666666666667,0.09090909090909091,0.29850746268656714,0.169,13.0,1.0,8.0,40.0,82.0,77.0,11.0,1.0,0.0,7.0,0.2,0.221,3.0,0,0.0,,17.0,1,0,2.0,0.0,,3.4,2.378
2003,PL,福岡ソフトバンクホークス,93993868,大道　典嘉,N.Oomichi,117.0,403.0,367.0,37.0,103.0,24.0,0.0,4.0,139.0,51.0,0,1,12.0,3.0,21.0,0,0.0,44.0,18.0,0.281,0.317,0.379,0.696,75.0,0.09799999999999998,0.035999999999999976,0.415,5.2109181141439205,10.918114143920596,0.4772727272727273,0.30745341614906835,0.2374,443.33333333333337,0.15803814713896458,0.5709219858156028,0.281,103.0,4.0,51.0,117.0,403.0,367.0,75.0,24.0,0.0,37.0,0.317,0.379,21.0,0,0.0,,139.0,0,1,12.0,3.0,,44.422680412371136,41.778000000000006
