player_id,name_ja,has_cache,has_meta,profile_ok,roman_ok,reasons
01005134,高橋 昂也,True,True,True,True,
01005137,東浜 巨,True,True,True,True,
01005153,佐々木　健,True,True,True,True,
01005157,田中 晴也,True,True,True,True,
01005159,鈴木 叶,True,True,True,True,
01105134,池田 隆英,True,True,True,True,
01105135,石川 慎吾,True,True,True,True,
01105138,泉 圭輔,True,True,True,True,
01105150,安德 駿,True,True,True,True,
01105151,石塚 綜一郎,True,True,True,True,
01105152,飯田 琉斗,True,True,True,True,
01105153,阿部 翔太,True,True,True,True,
01105155,有薗 直輝,True,True,True,True,
01105159,石黒 佑弥,True,True,True,True,
01205118,西野 勇士,True,True,True,True,
01205138,中村 稔弥,True,True,True,True,
01205150,庄子 雄大,True,True,True,True,
01205152,谷端 将伍,True,True,True,True,
01205155,達 孝太,True,True,True,True,
01305130,植田 海,True,True,True,True,
01305131,大島 洋平,True,True,True,True,
01305138,大貫 晋一,True,True,True,True,
01305152,エドポロ ケイン,True,True,True,True,
01305153,井上 朋也,True,True,True,True,
01305157,大津 亮介,True,True,True,True,
01305159,宇都宮 葵星,True,True,True,True,
01405130,野間 峻祥,True,True,True,True,
01405138,林 晃汰,True,True,True,True,
01405150,田中 陽翔,True,True,True,True,
01405152,西川 篤夢,True,True,True,True,
01505118,辛島 航,True,True,True,True,
01505136,北浦 竜次,True,True,True,True,
01505150,片山 楽生,True,True,True,True,
01505151,大関 友久,True,True,True,True,
01505152,岡村 了樹,True,True,True,True,
01505155,上川畑 大悟,True,True,True,True,
01505157,北村 恵吾,True,True,True,True,
01605132,平沼 翔太,True,True,True,True,
01605138,増田 陸,True,True,True,True,
01605152,冨士 隼斗,True,True,True,True,
01605157,林 優樹,True,True,True,True,
01605159,日當 直喜,True,True,True,True,
01705130,栗原 陵矢,True,True,True,True,
01705132,小澤 怜史,True,True,True,True,
01705134,古賀 優大,True,True,True,True,
01705138,小園 海斗,True,True,True,True,
01705152,窪田 洋祐,True,True,True,True,
01705155,桐敷 拓馬,True,True,True,True,
01805136,宮本 丈,True,True,True,True,
01805150,藤田 琉生,True,True,True,True,
01805151,武藤 敦貴,True,True,True,True,
01805152,増居 翔太,True,True,True,True,
01905134,澤田 圭佑,True,True,True,True,
01905136,清水 達也,True,True,True,True,
01905138,鈴木 翔天,True,True,True,True,
01905139,平良 拳太郎,True,True,True,True,
01905151,黒川 史陽,True,True,True,True,
01905152,櫻井 ユウヤ,True,True,True,True,
03005150,Ｌ．ボイト,True,True,True,True,
03005157,Ｅ．ルシアーノ,True,True,True,True,
03005159,Ｃ．ロドリゲス,True,True,True,True,
03105136,山本 拓実,True,True,True,True,
03105150,森 駿太,True,True,True,True,
03105151,山瀬 慎之助,True,True,True,True,
03105157,村松 開人,True,True,True,True,
03105159,松本 健吾,True,True,True,True,
03305150,吉納 翼,True,True,True,True,
03305152,Ｊ．カスティーヨ,True,True,True,True,
03305153,山﨑 伊織,True,True,True,True,
03505132,Ｒ．ドリス,True,True,True,True,
03505136,Ｎ．ソト,True,True,True,True,
03505152,Ｓ．ジェリー,True,True,True,True,
03505155,横山 楓,True,True,True,True,
03705152,Ｄ．モレッタ,True,True,True,True,
03905152,Ｓ．ロング,True,True,True,True,
1003884,堀田　一郎,True,True,True,True,
1003886,中谷　仁,True,True,True,True,
1003888,古木　克明,True,True,True,True,
1003889,柳沢　裕一,True,True,True,True,
1005112,田中　靖洋,True,True,True,True,
1005113,中島　宏之,True,True,True,True,
1005114,高崎　健太郎,True,True,True,True,
1005116,豊島　明好,True,True,True,True,
1005117,雄平,True,True,True,True,
1005130,髙濱　祐仁,True,True,True,True,
1005132,髙山　俊,True,True,True,True,
1005133,千賀　滉大,True,True,True,True,
1005134,高橋　昂也,True,True,True,True,
1005135,武田　翔太,True,True,True,True,
1005136,高橋　礼,True,True,True,True,
1005137,東浜　巨,True,True,True,True,
1005138,土居　豪人,True,True,True,True,
1005139,西原　圭大,True,True,True,True,
1005153,佐々木　健,True,True,True,True,
1005157,田中　晴也,True,True,True,True,
1005159,鈴木　叶,True,True,True,True,
11013882,平下　晃司,True,True,True,True,
11013884,濱中　治,True,True,True,True,
11013889,的山　哲也,True,True,True,True,
11015110,手嶌　智,True,True,True,True,
11015112,高宮　和也,True,True,True,True,
11015115,辻　俊哉,True,True,True,True,
11015116,田中　健二朗,True,True,True,True,
11015119,成瀬　善久,True,True,True,True,
11015130,瀬川　隼郎,True,True,True,True,
11015132,関谷　亮太,True,True,True,True,
11015133,塩見　貴洋,True,True,True,True,
11015136,リチャード,True,True,True,True,
11015137,戸田　亮,True,True,True,True,
11015138,辰己 涼介,True,True,True,True,
11015139,東明　大貴,True,True,True,True,
11015150,佐々木 泰,True,True,True,True,
11015151,坂本 裕哉,True,True,True,True,
11015152,島田 舜也,True,True,True,True,
11015153,近藤 廉,True,True,True,True,
11015155,代木　大和,True,True,True,True,
11015157,平良 竜哉,True,True,True,True,
11015159,進藤 勇也,True,True,True,True,
1103882,石井　弘寿,True,True,True,True,
1103883,元木　大介,True,True,True,True,
1103884,礒部　公一,True,True,True,True,
1103886,井川　慶,True,True,True,True,
1103888,新井　貴浩,True,True,True,True,
1105110,市川　卓,True,True,True,True,
1105111,岩隈　久志,True,True,True,True,
1105112,新井　良太,True,True,True,True,
1105113,東　和政,True,True,True,True,
1105115,天谷　宗一郎,True,True,True,True,
1105117,飯田　龍一郎,True,True,True,True,
1105118,井坂　亮平,True,True,True,True,
1105119,稲田　直人,True,True,True,True,
1105130,飯塚　悟史,True,True,True,True,
1105131,荒木　貴裕,True,True,True,True,
1105132,赤間　謙,True,True,True,True,
1105133,荒波　翔,True,True,True,True,
1105134,池田　隆英,True,True,True,True,
1105135,石川　慎吾,True,True,True,True,
1105136,石井　将希,True,True,True,True,
1105137,飯田　優也,True,True,True,True,
1105138,泉　圭輔,True,True,True,True,
1105151,石塚　綜一郎,True,True,True,True,
1105153,阿部　翔太,True,True,True,True,
1105155,有薗　直輝,True,True,True,True,
1105159,石黒　佑弥,True,True,True,True,
11213880,横山　竜士,True,True,True,True,
11213884,三澤　興一,True,True,True,True,
11213886,林　昌樹,True,True,True,True,
11213889,吉武　真太郎,True,True,True,True,
11215110,橋本　健太郎,True,True,True,True,
11215112,中谷　翼,True,True,True,True,
11215113,野田　浩輔,True,True,True,True,
11215114,田中 将大,True,True,True,True,
11215115,野中　信吾,True,True,True,True,
11215116,中村 晃,True,True,True,True,
11215118,中島 卓也,True,True,True,True,
11215119,馬原　孝浩,True,True,True,True,
11215131,平井　諒,True,True,True,True,
11215132,谷川原 健太,True,True,True,True,
11215133,弦本　悠希,True,True,True,True,
11215134,田中 和基,True,True,True,True,
11215135,塚田　正義,True,True,True,True,
11215137,北條　史也,True,True,True,True,
11215138,直江　大輔,True,True,True,True,
11215151,髙部 瑛斗,True,True,True,True,
11215153,佐野　如一,True,True,True,True,
11215155,髙木 翔斗,True,True,True,True,
11313884,岩村　明憲,True,True,True,True,
11313887,小倉　恒,True,True,True,True,
11313888,上原　浩治,True,True,True,True,
11313889,大村　直之,True,True,True,True,
11315110,江川　智晃,True,True,True,True,
11315112,今井　啓介,True,True,True,True,
11315114,岩﨑　哲也,True,True,True,True,
11315115,石川 雅規,True,True,True,True,
11315116,伊藤　義弘,True,True,True,True,
11315117,伊代野　貴照,True,True,True,True,
11315118,伊原　正樹,True,True,True,True,
11315130,石田 健大,True,True,True,True,
11315131,伊東　昂大,True,True,True,True,
11315132,綾部　翔,True,True,True,True,
11315134,今井　順之助,True,True,True,True,
11315136,伊藤　翔,True,True,True,True,
11315138,漆原　大晟,True,True,True,True,
11315139,井上　晴哉,True,True,True,True,
11315150,一條 力真,True,True,True,True,
11315152,伊藤 大晟,True,True,True,True,
11315153,五十幡 亮汰,True,True,True,True,
11315157,イヒネ イツア,True,True,True,True,
11315159,糸川 亮太,True,True,True,True,
11413888,矢野　英司,True,True,True,True,
11415110,MICHEAL,True,True,True,True,
11415111,山北　茂利,True,True,True,True,
11415112,深田　拓也,True,True,True,True,
11415113,三浦　貴,True,True,True,True,
11415114,西川　明,True,True,True,True,
11415115,福川　将和,True,True,True,True,
11415117,中村　泰広,True,True,True,True,
11415118,野原　祐也,True,True,True,True,
11415130,中島　彰吾,True,True,True,True,
11415133,深江　真登,True,True,True,True,
11415134,床田 寛樹,True,True,True,True,
11415135,永江　恭平,True,True,True,True,
11415137,美間　優槻,True,True,True,True,
11415138,野村　大樹,True,True,True,True,
11415139,萬谷　康平,True,True,True,True,
11415150,竹田 祐,True,True,True,True,
11415151,津留﨑 大成,True,True,True,True,
11415153,田上　奏大,True,True,True,True,
11415157,名原 典彦,True,True,True,True,
11415159,津田 淳哉,True,True,True,True,
11513862,桑田　真澄,True,True,True,True,
11513888,川越　英隆,True,True,True,True,
11515110,雄太,True,True,True,True,
11515112,小山　桂司,True,True,True,True,
11515113,岡本　真或,True,True,True,True,
11515114,大﨑　雄太朗,True,True,True,True,
11515115,大竹　寛,True,True,True,True,
11515116,小瀬　浩之,True,True,True,True,
11515117,尾崎　匡哉,True,True,True,True,
11515118,小熊　凌祐,True,True,True,True,
11515119,川島　亮,True,True,True,True,
11515130,岡本　和真,True,True,True,True,
11515131,岡田　俊哉,True,True,True,True,
11515132,大城 滉二,True,True,True,True,
11515133,大野 雄大,True,True,True,True,
11515134,笠井　崇正,True,True,True,True,
11515135,ウーゴ,True,True,True,True,
11515137,小川 泰弘,True,True,True,True,
11515138,小島 和哉,True,True,True,True,
11515139,岡 大海,True,True,True,True,
11515150,江原 雅裕,True,True,True,True,
11515151,梅林 優貴,True,True,True,True,
11515152,大塚 瑠晏,True,True,True,True,
11515153,上田　洸太朗,True,True,True,True,
11515155,岡留 英貴,True,True,True,True,
11515157,門脇 誠,True,True,True,True,
11515159,大山 凌,True,True,True,True,
11613881,古田　敦也,True,True,True,True,
11613883,村松　有人,True,True,True,True,
11615110,山岸　穣,True,True,True,True,
11615112,松井　光介,True,True,True,True,
11615114,福田　秀平,True,True,True,True,
11615115,本柳　和也,True,True,True,True,
11615116,村田　和哉,True,True,True,True,
11615117,森岡　良介,True,True,True,True,
11615118,細山田　武史,True,True,True,True,
11615130,福田　将儀,True,True,True,True,
11615131,山本　哲哉,True,True,True,True,
11615134,長谷川 宙輝,True,True,True,True,
11615135,藤岡　貴裕,True,True,True,True,
11615137,谷内　亮太,True,True,True,True,
11615138,福田　俊,True,True,True,True,
11615139,陽川　尚将,True,True,True,True,
11615151,平野　大和,True,True,True,True,
11615153,中村　亮太,True,True,True,True,
11615155,野村 勇,True,True,True,True,
11615157,橋本 星哉,True,True,True,True,
11713880,城石　憲之,True,True,True,True,
11713882,髙木　大成,True,True,True,True,
11713884,佐竹　学,True,True,True,True,
11713886,正津　英志,True,True,True,True,
11715110,小島　心二郎,True,True,True,True,
11715111,末永　真史,True,True,True,True,
11715112,河田　寿司,True,True,True,True,
11715113,狩野　恵輔,True,True,True,True,
11715114,金子　洋平,True,True,True,True,
11715118,小杉　陽太,True,True,True,True,
11715130,金子　丈,True,True,True,True,
11715131,川原　弘之,True,True,True,True,
11715132,川瀬 晃,True,True,True,True,
11715133,川﨑　成晃,True,True,True,True,
11715134,京山　将弥,True,True,True,True,
11715135,北川　倫太郎,True,True,True,True,
11715136,蔵本　治孝,True,True,True,True,
11715137,坂口　真規,True,True,True,True,
11715138,川原　陸,True,True,True,True,
11715139,岸里　亮佑,True,True,True,True,
11715151,小川　一平,True,True,True,True,
11715152,金子 京介,True,True,True,True,
11715153,小川 龍成,True,True,True,True,
11715155,川村 友斗,True,True,True,True,
11813881,宮地　克彦,True,True,True,True,
11815110,C.ブランボー,True,True,True,True,
11815114,山田　大樹,True,True,True,True,
11815116,林　昌勇,True,True,True,True,
11815117,和田　毅,True,True,True,True,
11815118,山本　和作,True,True,True,True,
11815119,J.フェリシアーノ,True,True,True,True,
11815130,宗 佑磨,True,True,True,True,
11815131,ジオ・アルバラード,True,True,True,True,
11815132,堀内 謙伍,True,True,True,True,
11815134,星 知弥,True,True,True,True,
11815135,三好　匠,True,True,True,True,
11815136,増田 珠,True,True,True,True,
11815137,R.スピリー,True,True,True,True,
11815138,万波 中正,True,True,True,True,
11815139,L.アンダーソン,True,True,True,True,
11815150,廣澤 優,True,True,True,True,
11815155,福永 奨,True,True,True,True,
11815159,福島 圭音,True,True,True,True,
11913882,中村　豊,True,True,True,True,
11915110,高橋　徹,True,True,True,True,
11915111,田中　賢介,True,True,True,True,
11915112,佐藤　亮太,True,True,True,True,
11915114,小嶋　達也,True,True,True,True,
11915116,篠田　純平,True,True,True,True,
11915117,G　後藤　武敏,True,True,True,True,
11915130,齋藤 綱記,True,True,True,True,
11915132,坂本 誠志郎,True,True,True,True,
11915133,小林　敦,True,True,True,True,
11915134,坂倉 将吾,True,True,True,True,
11915135,佐藤　達也,True,True,True,True,
11915136,櫻井　周斗,True,True,True,True,
11915137,髙田　知季,True,True,True,True,
11915139,砂田　毅樹,True,True,True,True,
11915151,川野　涼太,True,True,True,True,
11915153,木澤 尚文,True,True,True,True,
11915155,小木田　敦也,True,True,True,True,
11915159,坂井 陽翔,True,True,True,True,
1203886,藤田　宗一,True,True,True,True,
1205110,普久原　淳一,True,True,True,True,
1205111,南　竜介,True,True,True,True,
1205112,根元　俊一,True,True,True,True,
1205113,藤田　太陽,True,True,True,True,
1205114,堂上　直倫,True,True,True,True,
1205115,林　昌範,True,True,True,True,
1205116,長谷部　康平,True,True,True,True,
1205117,永川　勝浩,True,True,True,True,
1205118,西野　勇士,True,True,True,True,
1205119,山崎　敏,True,True,True,True,
1205130,戸川　大輔,True,True,True,True,
1205131,古川　秀一,True,True,True,True,
1205134,田村　伊知郎,True,True,True,True,
1205135,徳山　武陽,True,True,True,True,
1205137,松永　昂大,True,True,True,True,
1205138,中村　稔弥,True,True,True,True,
1205151,田部　隼人,True,True,True,True,
1205153,高田　孝一,True,True,True,True,
1205155,達　孝太,True,True,True,True,
13015132,エリアン,True,True,True,True,
13015134,R.サントス,True,True,True,True,
13015136,K.マーティン,True,True,True,True,
13015153,Ｊ．ティマ,True,True,True,True,
13015155,N.ターリー,True,True,True,True,
13015157,M.ペイトン,True,True,True,True,
1303864,紀藤　真琴,True,True,True,True,
1303868,山﨑　武司,True,True,True,True,
1303880,川尻　哲郎,True,True,True,True,
1303882,門倉　健,True,True,True,True,
1303885,片岡　篤史,True,True,True,True,
1303886,小田　智之,True,True,True,True,
1305110,片岡　治大,True,True,True,True,
1305112,梅原　伸亮,True,True,True,True,
1305113,上村　和裕,True,True,True,True,
1305114,上野　弘文,True,True,True,True,
1305115,今江　年晶,True,True,True,True,
1305116,大田　阿斗里,True,True,True,True,
1305117,江草　仁貴,True,True,True,True,
1305118,上本　博紀,True,True,True,True,
1305119,香月　良太,True,True,True,True,
1305130,植田　海,True,True,True,True,
1305131,大島　洋平,True,True,True,True,
1305132,今永　昇太,True,True,True,True,
1305133,榎田　大樹,True,True,True,True,
1305136,大下　佑馬,True,True,True,True,
1305137,大谷　翔平,True,True,True,True,
1305138,大貫　晋一,True,True,True,True,
1305139,内田　靖人,True,True,True,True,
1305151,上野　響平,True,True,True,True,
1305153,井上　朋也,True,True,True,True,
1305155,大里　昂生,True,True,True,True,
1305157,大津　亮介,True,True,True,True,
13115110,J.カブレラ,True,True,True,True,
13115112,脇谷　亮太,True,True,True,True,
13115114,伊藤　秀範,True,True,True,True,
13115116,ジェイジェイ,True,True,True,True,
13115117,B.ナイト,True,True,True,True,
13115118,J.デントナ,True,True,True,True,
13115130,山田　遥楓,True,True,True,True,
13115131,黄　志龍,True,True,True,True,
13115133,グスマン,True,True,True,True,
13115135,C.カーター,True,True,True,True,
13115136,山足　達也,True,True,True,True,
13115138,吉田 輝星,True,True,True,True,
13115139,C.ナーブソン,True,True,True,True,
13115150,宮原 駿介,True,True,True,True,
13115151,本前　郁也,True,True,True,True,
13115153,牧 秀悟,True,True,True,True,
13115155,松井　友飛,True,True,True,True,
13115157,三塚 琉生,True,True,True,True,
13115159,前田 悠伍,True,True,True,True,
13215132,M.ブロードウェイ,True,True,True,True,
13215155,R.マクブルーム,True,True,True,True,
13215157,Ｌ．ペルドモ,True,True,True,True,
13315110,R.ガトームソン,True,True,True,True,
13315112,インチェ,True,True,True,True,
13315114,C.ニコースキー,True,True,True,True,
13315116,W.アブレイユ,True,True,True,True,
13315117,G.ラス,True,True,True,True,
13315118,C.ランビン,True,True,True,True,
13315130,M.ザガースキー,True,True,True,True,
13315131,JDダービン,True,True,True,True,
13315132,吉田　凌,True,True,True,True,
13315133,W.バレンティン,True,True,True,True,
13315135,L.ミレッジ,True,True,True,True,
13315136,若林　晃弘,True,True,True,True,
13315137,キラ・カアイフエ,True,True,True,True,
13315138,Z.ニール,True,True,True,True,
13315139,C.ランサム,True,True,True,True,
13315150,山城 航太郎,True,True,True,True,
13315151,E.ウレーニャ,True,True,True,True,
13315153,村上 頌樹,True,True,True,True,
13315155,宮森　智志,True,True,True,True,
13415155,Ｒ．オスナ,True,True,True,True,
13415157,M.ブロッソー,True,True,True,True,
13515112,S.ソニア,True,True,True,True,
13515113,K.ホッジス,True,True,True,True,
13515114,B.スウィーニー,True,True,True,True,
13515116,J.ブラウワー,True,True,True,True,
13515117,J.ズレータ,True,True,True,True,
13515118,鄭　凱文,True,True,True,True,
13515130,R.バンデンハーク,True,True,True,True,
13515132,J.ジャクソン,True,True,True,True,
13515133,R.ライアル,True,True,True,True,
13515134,A.カミネロ,True,True,True,True,
13515135,B.エルドレッド,True,True,True,True,
13515136,M.カラシティー,True,True,True,True,
13515138,I.モタ,True,True,True,True,
13515139,Y.グリエル,True,True,True,True,
13515150,渡邉 悠斗,True,True,True,True,
13515153,山本　一輝,True,True,True,True,
13515157,吉田 賢吾,True,True,True,True,
13515159,ワォーターズ,True,True,True,True,
13715114,マットホワイト,True,True,True,True,
13715130,N.シアーホルツ,True,True,True,True,
13715132,Ｄ．ビシエド,True,True,True,True,
13715134,B.シュリッター,True,True,True,True,
13715136,M.ボルシンガー,True,True,True,True,
13715138,E.モンティージャ,True,True,True,True,
13715150,Ｊ．デュプランティエ,True,True,True,True,
13715151,S.ノリン,True,True,True,True,
13715152,Ｃ．ヒュンメル,True,True,True,True,
13715157,J.B.ウェンデルケン,True,True,True,True,
13715159,A.ケイ,True,True,True,True,
13813868,初芝　清,True,True,True,True,
13915130,A.ムリーロ,True,True,True,True,
13915132,B.モレル,True,True,True,True,
13915133,Y.ブラゾバン,True,True,True,True,
13915134,マルティネス,True,True,True,True,
13915150,Ｋ．マラー,True,True,True,True,
13915151,A.ロドリゲス,True,True,True,True,
13915152,Ｊ．リランソ,True,True,True,True,
13915153,D.ネバラスカス,True,True,True,True,
13915157,L.セデーニョ,True,True,True,True,
13915159,J.ダイクストラ,True,True,True,True,
1403862,山本昌,True,True,True,True,
1405110,丸山　貴史,True,True,True,True,
1405111,吉野　誠,True,True,True,True,
1405112,星野　八千穂,True,True,True,True,
1405116,松山　竜平,True,True,True,True,
1405118,R.フェルナンデス,True,True,True,True,
1405130,野間　峻祥,True,True,True,True,
1405131,松下　建太,True,True,True,True,
1405132,野川　拓斗,True,True,True,True,
1405133,星野　大地,True,True,True,True,
1405134,中塚　駿太,True,True,True,True,
1405135,西森　将司,True,True,True,True,
1405136,西村　凌,True,True,True,True,
1405138,林　晃汰,True,True,True,True,
1405139,森　唯斗,True,True,True,True,
1405151,韮澤　雄也,True,True,True,True,
1405155,中村　健人,True,True,True,True,
1405157,野口　恭佑,True,True,True,True,
1503880,斉藤　宜之,True,True,True,True,
1503888,英智,True,True,True,True,
1505110,木村　正太,True,True,True,True,
1505111,佐藤　宏志,True,True,True,True,
1505112,金村　大裕,True,True,True,True,
1505114,大嶺　祐太,True,True,True,True,
1505116,加藤　幹典,True,True,True,True,
1505118,辛島　航,True,True,True,True,
1505119,黒瀬　春樹,True,True,True,True,
1505130,笠谷　俊介,True,True,True,True,
1505132,オコエ　瑠偉,True,True,True,True,
1505133,加賀美　希昇,True,True,True,True,
1505134,神戸　文也,True,True,True,True,
1505136,北浦　竜次,True,True,True,True,
1505137,金子　侑司,True,True,True,True,
1505138,片山　雄哉,True,True,True,True,
1505151,大関　友久,True,True,True,True,
1505155,上川畑　大悟,True,True,True,True,
1505157,北村　恵吾,True,True,True,True,
15213868,飯田　哲也,True,True,True,True,
15313868,鈴木　健,True,True,True,True,
1605110,G.キャプラー,True,True,True,True,
1605111,ミンチェ,True,True,True,True,
1605112,三橋　直樹,True,True,True,True,
1605114,松本　哲也,True,True,True,True,
1605117,横山　徹也,True,True,True,True,
1605118,丈武,True,True,True,True,
1605131,J.カスティーヨ,True,True,True,True,
1605132,平沼　翔太,True,True,True,True,
1605133,美馬　学,True,True,True,True,
1605134,福永　春吾,True,True,True,True,
1605135,松田　遼馬,True,True,True,True,
1605136,福田　周平,True,True,True,True,
1605137,D.カブレラ,True,True,True,True,
1605138,増田　陸,True,True,True,True,
1605139,吉田　雄人,True,True,True,True,
1605159,日當　直喜,True,True,True,True,
1703883,関川　浩一,True,True,True,True,
1703884,清水　将海,True,True,True,True,
1703889,玉木　朋孝,True,True,True,True,
1705110,佐藤　剛士,True,True,True,True,
1705112,草野　大輔,True,True,True,True,
1705114,北　篤,True,True,True,True,
1705115,桜井　広大,True,True,True,True,
1705116,小林　太志,True,True,True,True,
1705117,木村　昇吾,True,True,True,True,
1705118,坂田　遼,True,True,True,True,
1705119,嶋村　一輝,True,True,True,True,
1705130,栗原　陵矢,True,True,True,True,
1705131,国吉　佑樹,True,True,True,True,
1705132,小澤　怜史,True,True,True,True,
1705133,久古　健太郎,True,True,True,True,
1705134,古賀　優大,True,True,True,True,
1705135,駒月　仁人,True,True,True,True,
1705136,近藤　弘樹,True,True,True,True,
1705137,下妻　貴寛,True,True,True,True,
1705138,小園　海斗,True,True,True,True,
1705151,片岡　奨人,True,True,True,True,
1705155,桐敷　拓馬,True,True,True,True,
17915159,能登 嵩都,True,True,True,True,
1805110,C.ライト,True,True,True,True,
1805112,山本　歩,True,True,True,True,
1805114,横川　史学,True,True,True,True,
1805116,S.シーボル,True,True,True,True,
1805118,李　恵踐,True,True,True,True,
1805131,J.ヒューバー,True,True,True,True,
1805132,三ツ間　卓也,True,True,True,True,
1805136,宮本　丈,True,True,True,True,
1805138,山下　航汰,True,True,True,True,
1805139,L.クルーズ,True,True,True,True,
1805151,武藤　敦貴,True,True,True,True,
1805153,古川　裕大,True,True,True,True,
1805157,松井　颯,True,True,True,True,
1903881,SHINJO,True,True,True,True,
1903884,谷中　真二,True,True,True,True,
1903885,田口　壮,True,True,True,True,
1903886,ユウキ,True,True,True,True,
1903887,田原　晃司,True,True,True,True,
1903888,二岡　智宏,True,True,True,True,
1905110,田中　敬人,True,True,True,True,
1905114,嶋　基宏,True,True,True,True,
1905115,田﨑　昌弘,True,True,True,True,
1905116,関口　雄大,True,True,True,True,
1905118,髙島　祥平,True,True,True,True,
1905119,堂上　剛裕,True,True,True,True,
1905130,佐野　泰雄,True,True,True,True,
1905131,土本　恭平,True,True,True,True,
1905133,斎藤　佑樹,True,True,True,True,
1905134,澤田　圭佑,True,True,True,True,
1905136,清水　達也,True,True,True,True,
1905137,田面　巧二郎,True,True,True,True,
1905138,鈴木　翔天,True,True,True,True,
1905139,平良　拳太郎,True,True,True,True,
1905151,黒川　史陽,True,True,True,True,
21023882,益田　大介,True,True,True,True,
21023884,前川　勝彦,True,True,True,True,
21023885,中村　紀洋,True,True,True,True,
21023889,藪　恵壹,True,True,True,True,
21025110,那須野　巧,True,True,True,True,
21025111,塀内　久雄,True,True,True,True,
21025114,高森　勇旗,True,True,True,True,
21025116,中井　大介,True,True,True,True,
21025118,堂上　隼人,True,True,True,True,
21025130,竹下　真吾,True,True,True,True,
21025131,中村　勝,True,True,True,True,
21025132,竹安　大知,True,True,True,True,
21025135,田島　慎二,True,True,True,True,
21025136,髙松 渡,True,True,True,True,
21025137,福谷 浩司,True,True,True,True,
21025139,西宮　悠介,True,True,True,True,
21025152,鈴木 豪太,True,True,True,True,
21025153,佐藤　奨真,True,True,True,True,
21025155,隅田 知一郎,True,True,True,True,
21025157,田中 幹也,True,True,True,True,
2103847,大竹 風雅,False,True,True,True,
2112130,藤原 大翔,False,True,True,True,
21123866,立浪　和義,True,True,True,True,
21123880,大西　崇之,True,True,True,True,
21123888,井生　崇光,True,True,True,True,
21123889,遠藤　政隆,True,True,True,True,
21125110,一場　靖弘,True,True,True,True,
21125111,岩下　修壱,True,True,True,True,
21125113,阿部　慎之助,True,True,True,True,
21125114,糸数　敬作,True,True,True,True,
21125115,有銘　兼久,True,True,True,True,
21125116,石川　俊介,True,True,True,True,
21125118,伊藤　準規,True,True,True,True,
21125119,岩舘　学,True,True,True,True,
21125133,池ノ内　亮介,True,True,True,True,
21125134,石井 一成,True,True,True,True,
21125135,一岡　竜司,True,True,True,True,
21125136,石川　翔,True,True,True,True,
21125137,石山 泰稚,True,True,True,True,
21125138,市川　悠太,True,True,True,True,
21125139,阿知羅　拓馬,True,True,True,True,
21125150,石伊 雄太,True,True,True,True,
21125151,石原 貴規,True,True,True,True,
21125153,池谷　蒼大,True,True,True,True,
21125155,池田 来翔,True,True,True,True,
21125157,生海,True,True,True,True,
21125159,石田 裕太郎,True,True,True,True,
21223882,渡邉　博幸,True,True,True,True,
21223884,森野　将彦,True,True,True,True,
21223886,古城　茂幸,True,True,True,True,
21223887,村田　善則,True,True,True,True,
21223888,森笠　繁,True,True,True,True,
21225110,藤田　一也,True,True,True,True,
21225111,宮﨑　一彰,True,True,True,True,
21225113,藤本　敦士,True,True,True,True,
21225114,永井　怜,True,True,True,True,
21225115,久本　祐一,True,True,True,True,
21225116,服部　泰卓,True,True,True,True,
21225117,中島　俊哉,True,True,True,True,
21225118,西村　憲,True,True,True,True,
21225130,戸根　千明,True,True,True,True,
21225131,星野　真澄,True,True,True,True,
21225132,東條　大樹,True,True,True,True,
21225133,西川 遥輝,True,True,True,True,
21225135,戸田　隆矢,True,True,True,True,
21225136,中川 虎大,True,True,True,True,
21225137,松葉 貴大,True,True,True,True,
21225138,中山　翔太,True,True,True,True,
21225139,二木　康太,True,True,True,True,
21225152,田和 廉,True,True,True,True,
21323869,川相　昌弘,True,True,True,True,
21323880,河原　純一,True,True,True,True,
21323884,小笠原　道大,True,True,True,True,
21323887,菊地原　毅,True,True,True,True,
21323888,加藤　健,True,True,True,True,
21323889,金子　誠,True,True,True,True,
21325110,加藤　領健,True,True,True,True,
21325111,河内　貴哉,True,True,True,True,
21325113,内川　聖一,True,True,True,True,
21325114,植村　祐介,True,True,True,True,
21325119,歌藤　達夫,True,True,True,True,
21325130,江越　大賀,True,True,True,True,
21325132,呉　念庭,True,True,True,True,
21325133,榎下　陽大,True,True,True,True,
21325134,大山 悠輔,True,True,True,True,
21325135,岡島　豪郎,True,True,True,True,
21325136,大城 卓三,True,True,True,True,
21325137,大塚　尚仁,True,True,True,True,
21325138,大盛 穂,True,True,True,True,
21325139,梅野 隆太郎,True,True,True,True,
21325150,岩崎 峻典,True,True,True,True,
21325151,上間　永遠,True,True,True,True,
21325153,今川 優馬,True,True,True,True,
21325157,大野 稼頭央,True,True,True,True,
21423886,山田　真介,True,True,True,True,
21425110,三木　均,True,True,True,True,
21425111,米野　智人,True,True,True,True,
21425112,細谷　圭,True,True,True,True,
21425114,長谷川　勇也,True,True,True,True,
21425115,牧田　勝吾,True,True,True,True,
21425116,丸 佳浩,True,True,True,True,
21425117,松本　高明,True,True,True,True,
21425118,福元　淳史,True,True,True,True,
21425119,M.フランコ,True,True,True,True,
21425130,野村　亮介,True,True,True,True,
21425131,美沢　将,True,True,True,True,
21425135,野村　祐輔,True,True,True,True,
21425136,沼田　拓巳,True,True,True,True,
21425137,森本　将太,True,True,True,True,
21425138,板東　湧梧,True,True,True,True,
21425139,山川 穂高,True,True,True,True,
21425151,橋本 侑樹,True,True,True,True,
21425152,野上 士耀,True,True,True,True,
21425153,中川 颯,True,True,True,True,
21425159,中島 大輔,True,True,True,True,
21523884,黒田　博樹,True,True,True,True,
21523886,篠原　貴行,True,True,True,True,
21523887,佐伯　貴弘,True,True,True,True,
21523888,小池　正晃,True,True,True,True,
21525113,加藤　康介,True,True,True,True,
21525114,荻野　忠寛,True,True,True,True,
21525115,神内　靖,True,True,True,True,
21525116,唐川 侑己,True,True,True,True,
21525117,加藤　大輔,True,True,True,True,
21525118,金　無英,True,True,True,True,
21525130,香月　一也,True,True,True,True,
21525131,加賀　繁,True,True,True,True,
21525132,柿沼 友哉,True,True,True,True,
21525134,菊沢　竜佑,True,True,True,True,
21525135,川崎　貴弘,True,True,True,True,
21525136,北村　拓己,True,True,True,True,
21525137,金田　和之,True,True,True,True,
21525138,勝野 昌慶,True,True,True,True,
21525139,加治屋 蓮,True,True,True,True,
21525150,加藤 響,True,True,True,True,
21525152,奥村 頼人,True,True,True,True,
21525153,大曲　錬,True,True,True,True,
21625110,M.クルーン,True,True,True,True,
21625112,村中　恭兵,True,True,True,True,
21625113,B.カーライル,True,True,True,True,
21625114,宮﨑　充登,True,True,True,True,
21625115,山本　芳彦,True,True,True,True,
21625116,山内　壮馬,True,True,True,True,
21625117,吉川　昌宏,True,True,True,True,
21625118,八木　亮祐,True,True,True,True,
21625119,チェン・ウェイン,True,True,True,True,
21625130,塹江 敦哉,True,True,True,True,
21625131,金　泰均,True,True,True,True,
21625132,廣岡 大志,True,True,True,True,
21625133,宮國　椋丞,True,True,True,True,
21625134,藤嶋 健人,True,True,True,True,
21625135,松本 剛,True,True,True,True,
21625136,藤井　黎來,True,True,True,True,
21625137,M.クラーク,True,True,True,True,
21625139,吉原　正平,True,True,True,True,
21625150,西川 史礁,True,True,True,True,
21625151,堀田 賢慎,True,True,True,True,
21625152,藤井 健翔,True,True,True,True,
21625157,樋口 正修,True,True,True,True,
21723881,佐々岡　真司,True,True,True,True,
21723882,鶴岡　一成,True,True,True,True,
21723889,鳥越　裕介,True,True,True,True,
21725110,澤井　道久,True,True,True,True,
21725111,髙橋　尚成,True,True,True,True,
21725112,黒羽根　利規,True,True,True,True,
21725114,衣川　篤史,True,True,True,True,
21725116,斉藤　彰吾,True,True,True,True,
21725117,久保　裕也,True,True,True,True,
21725118,柴田　講平,True,True,True,True,
21725119,庄田　隆弘,True,True,True,True,
21725130,桒原　樹,True,True,True,True,
21725131,小関　翔太,True,True,True,True,
21725133,熊代　聖人,True,True,True,True,
21725134,小林　慶祐,True,True,True,True,
21725136,齋藤　俊介,True,True,True,True,
21725137,白崎　浩之,True,True,True,True,
21725138,齋藤 友貴哉,True,True,True,True,
21725139,今野 龍太,True,True,True,True,
21725151,勝俣　翔貴,True,True,True,True,
21725155,黒田 将矢,True,True,True,True,
21725157,才木 海翔,True,True,True,True,
21725159,古謝 樹,True,True,True,True,
21823868,後藤　孝志,True,True,True,True,
21823881,吉岡　雄二,True,True,True,True,
21823888,松元　ユウイチ,True,True,True,True,
21825110,V.パスクチ,True,True,True,True,
21825112,陽　岱鋼,True,True,True,True,
21825114,横山　龍之介,True,True,True,True,
21825116,M.シュルツ,True,True,True,True,
21825117,A.シーツ,True,True,True,True,
21825118,L.ウォーランド,True,True,True,True,
21825130,山﨑 福也,True,True,True,True,
21825131,J.フィオレンティーノ,True,True,True,True,
21825132,南川　忠亮,True,True,True,True,
21825133,吉川　大幾,True,True,True,True,
21825134,松原　聖弥,True,True,True,True,
21825137,C.マギー,True,True,True,True,
21825138,山野辺 翔,True,True,True,True,
21825139,M.クロッタ,True,True,True,True,
21825153,平内 龍太,True,True,True,True,
21825155,前川 右京,True,True,True,True,
21825157,松尾 汐恩,True,True,True,True,
21923880,福井　敬治,True,True,True,True,
21923882,原　俊介,True,True,True,True,
21923888,東出　輝裕,True,True,True,True,
21923889,福浦　和也,True,True,True,True,
21925110,田中　浩康,True,True,True,True,
21925112,梵　英心,True,True,True,True,
21925114,清水　昭信,True,True,True,True,
21925115,田中　充,True,True,True,True,
21925116,髙濱　卓也,True,True,True,True,
21925117,坂口　智隆,True,True,True,True,
21925119,鳥谷　敬,True,True,True,True,
21925130,篠原　慎平,True,True,True,True,
21925131,土屋　朋弘,True,True,True,True,
21925132,重信　慎之介,True,True,True,True,
21925136,周東 佑京,True,True,True,True,
21925139,高梨 裕稔,True,True,True,True,
21925150,齋藤 大翔,True,True,True,True,
21925151,郡司 裕也,True,True,True,True,
21925152,櫻井 頼之介,True,True,True,True,
21925153,元　謙太,True,True,True,True,
21925157,荘司 康誠,True,True,True,True,
21925159,椎葉 剛,True,True,True,True,
23025132,C.サターホワイト,True,True,True,True,
23025134,J.ロジャース,True,True,True,True,
23025153,S.ハイネマン,True,True,True,True,
23025157,Y.ロペス,True,True,True,True,
23125110,E.アルモンテ,True,True,True,True,
23125112,G.グローバー,True,True,True,True,
23125114,L.ゴンザレス,True,True,True,True,
23125116,M.レストビッチ,True,True,True,True,
23125118,T.ブランコ,True,True,True,True,
23125130,L.オンドルセク,True,True,True,True,
23125132,横山　弘樹,True,True,True,True,
23125133,C.トレーシー,True,True,True,True,
23125136,山本 祐大,True,True,True,True,
23125138,R.クック,True,True,True,True,
23125151,横山 陸人,True,True,True,True,
23125152,山崎 太陽,True,True,True,True,
23125153,豆田 泰志,True,True,True,True,
23125155,三浦 瑞樹,True,True,True,True,
23125157,モンテル,True,True,True,True,
23125159,松本 凌人,True,True,True,True,
23225157,Ａ．バルドナード,True,True,True,True,
23225159,C.モンテス,True,True,True,True,
23325110,姜　建銘,True,True,True,True,
23325114,林　恩宇,True,True,True,True,
23325116,ウィルソン,True,True,True,True,
23325118,E.アルフォンゾ,True,True,True,True,
23325130,R.ナニータ,True,True,True,True,
23325131,H.ペン,True,True,True,True,
23325132,J.アマダー,True,True,True,True,
23325134,J.ウィーランド,True,True,True,True,
23325135,B.ペニー,True,True,True,True,
23325136,A.アルバース,True,True,True,True,
23325137,B.ミルズ,True,True,True,True,
23325138,J.ブラッシュ,True,True,True,True,
23325139,L.ファンミル,True,True,True,True,
23325151,M.クック,True,True,True,True,
23325152,Ａ．カナリオ,True,True,True,True,
23325155,八木 彬,True,True,True,True,
23325159,百﨑 蒼生,True,True,True,True,
23525112,E.バレント,True,True,True,True,
23525114,W.オビスポ,True,True,True,True,
23525118,S.ランドルフ,True,True,True,True,
23525130,B.レアード,True,True,True,True,
23525132,Y.ナバーロ,True,True,True,True,
23525133,チェン・グァンユウ,True,True,True,True,
23525134,D.グリーン,True,True,True,True,
23525135,B.アレン,True,True,True,True,
23525136,O.ディクソン,True,True,True,True,
23525138,王　柏融,True,True,True,True,
23525139,D.ヒース,True,True,True,True,
23525151,C.スパンジェンバーグ,True,True,True,True,
23525152,徐 若熙,True,True,True,True,
23525153,Ｊ．オスナ,True,True,True,True,
23525155,吉川　雄大,True,True,True,True,
23525157,渡辺 翔太,True,True,True,True,
23525159,J.エスパーダ,True,True,True,True,
23725130,D.ビロウ,True,True,True,True,
23725132,L.ペレス,True,True,True,True,
23725133,J.フィールズ,True,True,True,True,
23725134,J.パラデス,True,True,True,True,
23725136,W.ロサリオ,True,True,True,True,
23725138,L.マーティン,True,True,True,True,
23725150,Ｓ．ハワード,True,True,True,True,
23725151,J.ピレラ,True,True,True,True,
23725153,J.スモーク,True,True,True,True,
23725155,D.エンス,True,True,True,True,
23725159,J.シャイナー,True,True,True,True,
23925132,X.バティスタ,True,True,True,True,
23925134,Ｒ．マルティネス,True,True,True,True,
23925136,J.ヘルウェグ,True,True,True,True,
23925152,Ａ．ワイナンス,True,True,True,True,
23925153,M.ロハス・ジュニア,True,True,True,True,
23925157,D.ピーターズ,True,True,True,True,
23925159,P.マーフィー,True,True,True,True,
27123868,垣内　哲也,True,True,True,True,
3005134,C.リベロ,True,True,True,True,
3005159,C.ロドリゲス,True,True,True,True,
31033889,万永　貴司,True,True,True,True,
31035110,東野　峻,True,True,True,True,
31035111,花田　真人,True,True,True,True,
31035112,武内　晋一,True,True,True,True,
31035113,鉄平,True,True,True,True,
31035115,竜太郎,True,True,True,True,
31035117,下山　真二,True,True,True,True,
31035118,谷元　圭介,True,True,True,True,
31035119,西村　健太朗,True,True,True,True,
31035130,高木　勇人,True,True,True,True,
31035132,高野　圭佑,True,True,True,True,
31035133,七條　祐樹,True,True,True,True,
31035134,鈴木　将平,True,True,True,True,
31035135,高木　京介,True,True,True,True,
31035136,平良 海馬,True,True,True,True,
31035137,西川　拓喜,True,True,True,True,
31035138,田中　法彦,True,True,True,True,
31035139,豊田　拓矢,True,True,True,True,
31035150,佐藤 爽,True,True,True,True,
31035151,佐々木　朗希,True,True,True,True,
31035157,高野 脩汰,True,True,True,True,
3105110,M.ホルツ,True,True,True,True,
3105112,A.グラマン,True,True,True,True,
3105114,S.グライシンガー,True,True,True,True,
3105115,J.ワズディン,True,True,True,True,
3105116,C.ルイス,True,True,True,True,
3105118,B.ファルケンボーグ,True,True,True,True,
3105130,Z.ウィーラー,True,True,True,True,
3105131,J.モリーヨ,True,True,True,True,
3105132,横尾　俊建,True,True,True,True,
3105133,C.トーレス,True,True,True,True,
3105134,森山　恵佑,True,True,True,True,
3105135,E.ヘルマン,True,True,True,True,
3105136,山本　拓実,True,True,True,True,
3105137,M.アブレイユ,True,True,True,True,
3105138,T.エップラー,True,True,True,True,
3105139,J.ミランダ,True,True,True,True,
3105151,山瀬　慎之助,True,True,True,True,
3105155,三浦　銀二,True,True,True,True,
3105157,村松　開人,True,True,True,True,
3105159,松本　健吾,True,True,True,True,
31133885,石井　一久,True,True,True,True,
31133888,相川　良太,True,True,True,True,
31133889,石井　貴,True,True,True,True,
31135110,青松　慶侑,True,True,True,True,
31135111,青木　勇人,True,True,True,True,
31135112,相澤　寿聡,True,True,True,True,
31135113,相木　崇,True,True,True,True,
31135114,會澤 翼,True,True,True,True,
31135115,朝井　秀樹,True,True,True,True,
31135116,赤坂　和幸,True,True,True,True,
31135118,赤川　克紀,True,True,True,True,
31135119,青木　宣親,True,True,True,True,
31135130,淺間 大基,True,True,True,True,
31135131,赤田　龍一郎,True,True,True,True,
31135133,秋山 翔吾,True,True,True,True,
31135134,アドゥワ 誠,True,True,True,True,
31135135,安達　了一,True,True,True,True,
31135137,赤堀　大智,True,True,True,True,
31135138,東妻 勇輔,True,True,True,True,
31135139,相沢　晋,True,True,True,True,
31135152,赤木 晴哉,True,True,True,True,
31135159,青野 拓海,True,True,True,True,
31233882,宮出　隆自,True,True,True,True,
31233883,木村　拓也,True,True,True,True,
31233884,宮越　徹,True,True,True,True,
31233887,牧野　塁,True,True,True,True,
31233888,松坂　大輔,True,True,True,True,
31235110,橋本　太郎,True,True,True,True,
31235111,松本　奉文,True,True,True,True,
31235112,中山　慎也,True,True,True,True,
31235113,畠山　和洋,True,True,True,True,
31235114,円谷　英俊,True,True,True,True,
31235118,中田　廉,True,True,True,True,
31235130,田中 貴也,True,True,True,True,
31235131,福田　岳洋,True,True,True,True,
31235132,田村　丈,True,True,True,True,
31235133,中﨑 翔太,True,True,True,True,
31235134,田中 正義,True,True,True,True,
31235135,辻　孟彦,True,True,True,True,
31235136,谷川　昌希,True,True,True,True,
31235137,星野　雄大,True,True,True,True,
31235139,肘井　竜蔵,True,True,True,True,
31235150,嶋村 麟士朗,True,True,True,True,
31235151,瀧中 瞭太,True,True,True,True,
31235152,髙橋 隆慶,True,True,True,True,
31235159,滝田 一希,True,True,True,True,
31333881,岩本　勉,True,True,True,True,
31335111,貝塚　政秀,True,True,True,True,
31335112,今成　亮太,True,True,True,True,
31335113,稲嶺　茂夫,True,True,True,True,
31335114,隠善　智也,True,True,True,True,
31335116,岩嵜 翔,True,True,True,True,
31335118,岩﨑　恭平,True,True,True,True,
31335119,尾形　佳紀,True,True,True,True,
31335130,伊東　亮大,True,True,True,True,
31335131,今宮 健太,True,True,True,True,
31335132,井口　和朋,True,True,True,True,
31335133,乾　真大,True,True,True,True,
31335134,今井　達也,True,True,True,True,
31335135,今村　信貴,True,True,True,True,
31335137,上本　崇司,True,True,True,True,
31335139,岩崎 優,True,True,True,True,
31335151,井上 広大,True,True,True,True,
31335152,伊藤 樹,True,True,True,True,
31335157,入山 海斗,True,True,True,True,
31335159,井上 絢登,True,True,True,True,
31433868,木田　優夫,True,True,True,True,
31433884,和田　一浩,True,True,True,True,
31433885,桧山　進次郎,True,True,True,True,
31433887,山本　樹,True,True,True,True,
31435111,山口　和男,True,True,True,True,
31435112,福田　聡志,True,True,True,True,
31435113,水田　圭介,True,True,True,True,
31435114,西﨑　聡,True,True,True,True,
31435116,藤村　大介,True,True,True,True,
31435117,西岡　剛,True,True,True,True,
31435118,野本　圭,True,True,True,True,
31435119,渡部　龍一,True,True,True,True,
31435131,松井　淳,True,True,True,True,
31435133,福井　優也,True,True,True,True,
31435134,土肥　星也,True,True,True,True,
31435136,西浦　颯大,True,True,True,True,
31435137,宮川　将,True,True,True,True,
31435138,野村 佑希,True,True,True,True,
31435139,三上　朋也,True,True,True,True,
31435155,豊田 寛,True,True,True,True,
31435157,奈良間 大己,True,True,True,True,
31435159,常廣 羽也斗,True,True,True,True,
31533868,酒井　忠晴,True,True,True,True,
31533880,黒木　知宏,True,True,True,True,
31533886,倉　義和,True,True,True,True,
31533887,黒田　哲史,True,True,True,True,
31533889,小久保　裕紀,True,True,True,True,
31535110,川本　良平,True,True,True,True,
31535111,栗原　健太,True,True,True,True,
31535112,片山　博視,True,True,True,True,
31535113,沖原　佳典,True,True,True,True,
31535115,岡本　直也,True,True,True,True,
31535116,鬼﨑　裕司,True,True,True,True,
31535117,長田　秀一郎,True,True,True,True,
31535119,城所　龍磨,True,True,True,True,
31535130,小田　裕也,True,True,True,True,
31535131,岡本　洋介,True,True,True,True,
31535132,愛斗,True,True,True,True,
31535133,大原　淳也,True,True,True,True,
31535134,笠原　祥太郎,True,True,True,True,
31535135,釜田　佳直,True,True,True,True,
31535138,小幡 竜平,True,True,True,True,
31535139,岡田　雅利,True,True,True,True,
31535153,宇田川　優希,True,True,True,True,
31633881,前田　智徳,True,True,True,True,
31635110,涌井 秀章,True,True,True,True,
31635112,松崎　伸吾,True,True,True,True,
31635113,吉見　祐治,True,True,True,True,
31635114,福田　永将,True,True,True,True,
31635115,山井　大介,True,True,True,True,
31635116,村田　透,True,True,True,True,
31635117,森本　学,True,True,True,True,
31635119,S.マレン,True,True,True,True,
31635130,福地　元春,True,True,True,True,
31635132,原　樹理,True,True,True,True,
31635133,丸毛　謙一,True,True,True,True,
31635134,畠 世周,True,True,True,True,
31635137,山中　浩史,True,True,True,True,
31635138,藤原 恭大,True,True,True,True,
31635139,横田　慎太郎,True,True,True,True,
31635150,中込 陽翔,True,True,True,True,
31635151,平間　隼人,True,True,True,True,
31635152,早瀬 朔,True,True,True,True,
31635153,中森 俊介,True,True,True,True,
31635155,長谷川　威展,True,True,True,True,
31635157,橋本 達弥,True,True,True,True,
31635159,西舘 勇陽,True,True,True,True,
31733880,城島　健司,True,True,True,True,
31733881,小宮山　悟,True,True,True,True,
31733887,塩谷　和彦,True,True,True,True,
31733888,里崎　智也,True,True,True,True,
31735110,小山　良男,True,True,True,True,
31735112,川端　慎吾,True,True,True,True,
31735113,鎌田　祐哉,True,True,True,True,
31735114,金刃　憲人,True,True,True,True,
31735116,桑原　謙太朗,True,True,True,True,
31735117,神田　義英,True,True,True,True,
31735119,G.G.佐藤,True,True,True,True,
31735132,木下 拓哉,True,True,True,True,
31735134,九鬼 隆平,True,True,True,True,
31735135,木谷　良平,True,True,True,True,
31735136,鍬原　拓也,True,True,True,True,
31735137,佐藤　勇,True,True,True,True,
31735138,木浪 聖也,True,True,True,True,
31735150,川口　冬弥,True,True,True,True,
31735151,奥川 恭伸,True,True,True,True,
31735152,川田 悠慎,True,True,True,True,
31735153,小沼　健太,True,True,True,True,
31735155,菊地 大稀,True,True,True,True,
31735157,古賀 康誠,True,True,True,True,
31833888,R.ペタジーニ,True,True,True,True,
31835110,D.ミセリ,True,True,True,True,
31835112,柳瀬　明宏,True,True,True,True,
31835116,D.ウィリアムス,True,True,True,True,
31835117,J.ウィリアムス,True,True,True,True,
31835118,山本　徹矢,True,True,True,True,
31835119,C.バワーズ,True,True,True,True,
31835130,百瀬　大騎,True,True,True,True,
31835131,セサル,True,True,True,True,
31835132,本田　圭佑,True,True,True,True,
31835133,柳田 悠岐,True,True,True,True,
31835134,細川 成也,True,True,True,True,
31835135,武藤　好貴,True,True,True,True,
31835137,M.ソコロビッチ,True,True,True,True,
31835138,水谷 瞬,True,True,True,True,
31835139,A.エルナンデス,True,True,True,True,
31835152,堀越 啓太,True,True,True,True,
31835153,早川 隆久,True,True,True,True,
31835155,福元　悠真,True,True,True,True,
31835157,船迫 大雅,True,True,True,True,
31835159,福田 幸之介,True,True,True,True,
31933882,仁志　敏久,True,True,True,True,
31933884,髙橋　信二,True,True,True,True,
31933886,高橋　光信,True,True,True,True,
31933887,田口　昌徳,True,True,True,True,
31935110,髙橋　秀聡,True,True,True,True,
31935114,小松　聖,True,True,True,True,
31935115,杉内　俊哉,True,True,True,True,
31935117,小林　正人,True,True,True,True,
31935119,須永　英輝,True,True,True,True,
31935131,高堀　和也,True,True,True,True,
31935132,桜井　俊貴,True,True,True,True,
31935133,小林　寛,True,True,True,True,
31935137,髙橋　朋己,True,True,True,True,
31935138,島内 颯太郎,True,True,True,True,
31935139,関根 大気,True,True,True,True,
31935150,今朝丸 裕喜,True,True,True,True,
31935151,菊田　拡和,True,True,True,True,
31935153,喜多　隆介,True,True,True,True,
31935155,小園 健太,True,True,True,True,
3205155,J.マッカーシー,True,True,True,True,
3205157,J.マーベル,True,True,True,True,
3205159,M.フォード,True,True,True,True,
33035132,J.A.ガルシア,True,True,True,True,
33035134,C.マレーロ,True,True,True,True,
33035153,A.エチェバリア,True,True,True,True,
33035157,C.ホーキンス,True,True,True,True,
33035159,M.ヤフーレ,True,True,True,True,
3305110,R.サイモン,True,True,True,True,
3305114,ホセロ,True,True,True,True,
3305116,R.オルティズ,True,True,True,True,
3305117,J.フェルナンデス,True,True,True,True,
3305131,F.カラバイヨ,True,True,True,True,
3305132,渡辺　勝,True,True,True,True,
3305133,ブランドン,True,True,True,True,
3305134,E.アラウホ,True,True,True,True,
3305135,V.ディアス,True,True,True,True,
3305136,O.アルシア,True,True,True,True,
3305137,P.オセゲラ,True,True,True,True,
3305138,A.ブセニッツ,True,True,True,True,
3305151,R.ギャレット,True,True,True,True,
3305153,山﨑　伊織,True,True,True,True,
3305155,森木　大智,True,True,True,True,
33135110,T.バティスタ,True,True,True,True,
33135112,渡辺　亮,True,True,True,True,
33135114,C.アレン,True,True,True,True,
33135116,L.フォード,True,True,True,True,
33135118,S.ドーマン,True,True,True,True,
33135130,山本　雅士,True,True,True,True,
33135132,山崎　晃大朗,True,True,True,True,
33135133,D.サファテ,True,True,True,True,
33135134,三森 大貴,True,True,True,True,
33135135,E.ゴンザレス,True,True,True,True,
33135137,F.ルイス,True,True,True,True,
33135138,吉田　大成,True,True,True,True,
33135139,C.ハフマン,True,True,True,True,
33135150,麦谷 祐介,True,True,True,True,
33135151,森 敬斗,True,True,True,True,
33135152,皆川 岳飛,True,True,True,True,
33135155,松浦 慶斗,True,True,True,True,
33135159,又木 鉄平,True,True,True,True,
33233868,西山　秀二,True,True,True,True,
33235155,Ｈ．マルセリーノ,True,True,True,True,
33235157,T.バウアー,True,True,True,True,
33235159,E.ヘルナンデス,True,True,True,True,
33335110,A.トレーシー,True,True,True,True,
33335112,D.J.カラスコ,True,True,True,True,
33335114,J.フェルナンデス,True,True,True,True,
33335116,M.ネルソン,True,True,True,True,
33335118,J.レスター,True,True,True,True,
33335130,G.サンチェス,True,True,True,True,
33335131,R.ルイーズ,True,True,True,True,
33335132,吉持　亮汰,True,True,True,True,
33335133,朴　贊浩,True,True,True,True,
33335134,山﨑 颯一郎,True,True,True,True,
33335135,O.ロマン,True,True,True,True,
33335136,和田 康士朗,True,True,True,True,
33335137,W.マドリガル,True,True,True,True,
33335138,J.バーベイト,True,True,True,True,
33335139,G.レイノルズ,True,True,True,True,
33335150,山中 稜真,True,True,True,True,
33335151,A.エスコバー,True,True,True,True,
33335153,元山 飛優,True,True,True,True,
33335155,椋木 蓮,True,True,True,True,
33435155,P.レビーラ,True,True,True,True,
33435157,Ｄ．ヘルナンデス,True,True,True,True,
33535112,W.オバミュラー,True,True,True,True,
33535114,A.グリーン,True,True,True,True,
33535116,M.グウィン,True,True,True,True,
33535117,T.デイビー,True,True,True,True,
33535118,T.リンデン,True,True,True,True,
33535130,A.ポレダ,True,True,True,True,
33535132,J.アルメンゴ,True,True,True,True,
33535133,B.リーチ,True,True,True,True,
33535134,F.ガルセス,True,True,True,True,
33535135,A.マエストリ,True,True,True,True,
33535136,O.ガルシア,True,True,True,True,
33535139,R.クルーズ,True,True,True,True,
33535151,M.シエラ,True,True,True,True,
33535153,山本 大斗,True,True,True,True,
33535155,山下　輝,True,True,True,True,
33535157,吉野 光樹,True,True,True,True,
33535159,度会 隆輝,True,True,True,True,
33735114,M.ジョーンズ,True,True,True,True,
33735130,J.フランシスコ,True,True,True,True,
33735136,N.マルティネス,True,True,True,True,
33735151,D.バーヘイゲン,True,True,True,True,
33735153,サイスニード,True,True,True,True,
33735155,Ａ．アルメンタ,True,True,True,True,
33735157,R.エスピナル,True,True,True,True,
33735159,J.ゲラ,True,True,True,True,
33935132,R.リズ,True,True,True,True,
33935134,C.C.メルセデス,True,True,True,True,
33935136,Y.タバーレス,True,True,True,True,
33935151,Y.ロドリゲス,True,True,True,True,
33935152,林 安可,True,True,True,True,
33935153,K.バード,True,True,True,True,
33935155,C.ギッテンス,True,True,True,True,
33935157,J.ティノコ,True,True,True,True,
33935159,A.ディカーソン,True,True,True,True,
3505112,M.ワトソン,True,True,True,True,
3505118,D.ソリアーノ,True,True,True,True,
3505130,W.ルブラン,True,True,True,True,
3505132,R.ドリス,True,True,True,True,
3505133,E.ソト,True,True,True,True,
3505134,P.クライン,True,True,True,True,
3505135,W.レデズマ,True,True,True,True,
3505136,N.ソト,True,True,True,True,
3505138,E.ロメロ,True,True,True,True,
3505139,A.デスパイネ,True,True,True,True,
3505151,T.スコット,True,True,True,True,
3505153,R.アルカンタラ,True,True,True,True,
3505155,横山　楓,True,True,True,True,
3505159,R.ウィック,True,True,True,True,
37035159,牧野 憲伸,True,True,True,True,
3705132,Z.ペトリック,True,True,True,True,
3705133,B.スケールズ,True,True,True,True,
3705134,S.パットン,True,True,True,True,
3705138,Y.ソラーテ,True,True,True,True,
3705151,T.ヒギンス,True,True,True,True,
3705155,A.ウォーカー,True,True,True,True,
3705157,F.グリフィン,True,True,True,True,
3905132,J.ゴームズ,True,True,True,True,
3905134,R.ペーニャ,True,True,True,True,
3905136,J.ウルキデス,True,True,True,True,
3905153,R.ロドリゲス,True,True,True,True,
3905155,A.J.コール,True,True,True,True,
3905157,J.ビーズリー,True,True,True,True,
41043881,出口　雄大,True,True,True,True,
41043882,松本　輝,True,True,True,True,
41043884,幕田　賢治,True,True,True,True,
41043886,新沼　慎二,True,True,True,True,
41043888,星野　智樹,True,True,True,True,
41045110,西谷　尚徳,True,True,True,True,
41045112,鶴　直人,True,True,True,True,
41045113,中村　隼人,True,True,True,True,
41045114,髙谷　裕亮,True,True,True,True,
41045115,長坂　健冶,True,True,True,True,
41045116,中尾　敏浩,True,True,True,True,
41045117,武田　久,True,True,True,True,
41045118,中川　大志,True,True,True,True,
41045131,西田　哲朗,True,True,True,True,
41045133,谷口　雄也,True,True,True,True,
41045135,田代　将太郎,True,True,True,True,
41045136,田嶋 大樹,True,True,True,True,
41045137,藤浪 晋太郎,True,True,True,True,
41045138,戸郷 翔征,True,True,True,True,
41045139,白村　明弘,True,True,True,True,
41045150,篠木 健太郎,True,True,True,True,
41045151,杉山　晃基,True,True,True,True,
41045153,佐藤 輝明,True,True,True,True,
41045159,髙 太一,True,True,True,True,
41143880,サブロー,True,True,True,True,
41143886,井端　弘和,True,True,True,True,
41143888,石堂　克利,True,True,True,True,
41145110,上原　厚治郎,True,True,True,True,
41145113,阿部　真宏,True,True,True,True,
41145115,安藤　優也,True,True,True,True,
41145118,井藤　真吾,True,True,True,True,
41145119,牛田　成樹,True,True,True,True,
41145130,石川　駿,True,True,True,True,
41145132,足立　祐一,True,True,True,True,
41145134,石垣 勝海,True,True,True,True,
41145135,伊藤　和雄,True,True,True,True,
41145136,マルク,True,True,True,True,
41145138,伊藤 裕季也,True,True,True,True,
41145139,石川　歩,True,True,True,True,
41145151,伊勢 大夢,True,True,True,True,
41145152,石井 巧,True,True,True,True,
41145153,石井 大智,True,True,True,True,
41145155,池田 陵真,True,True,True,True,
41145157,井坪 陽生,True,True,True,True,
41145159,石原 勇輝,True,True,True,True,
41243868,吉田　修司,True,True,True,True,
41243886,星野　順治,True,True,True,True,
41243888,森本　稀哲,True,True,True,True,
41245111,宮本　大輔,True,True,True,True,
41245113,帆足　和幸,True,True,True,True,
41245114,中郷　大樹,True,True,True,True,
41245117,長田　昌浩,True,True,True,True,
41245118,新田　玄気,True,True,True,True,
41245130,外崎 修汰,True,True,True,True,
41245131,前田　祐二,True,True,True,True,
41245132,戸柱 恭孝,True,True,True,True,
41245133,西田　明央,True,True,True,True,
41245134,張　奕,True,True,True,True,
41245135,冨田　康祐,True,True,True,True,
41245136,永野　将司,True,True,True,True,
41245137,三嶋　一輝,True,True,True,True,
41245138,生田目 翼,True,True,True,True,
41245139,古川　侑利,True,True,True,True,
41245150,高橋 幸佑,True,True,True,True,
41245151,玉村 昇悟,True,True,True,True,
41245153,髙寺 望夢,True,True,True,True,
41245157,仲地 礼亜,True,True,True,True,
41343862,清原　和博,True,True,True,True,
41343883,矢野　燿大,True,True,True,True,
41343884,岡本　劼能,True,True,True,True,
41343885,金本　知憲,True,True,True,True,
41343886,川上　憲伸,True,True,True,True,
41343888,金澤　健人,True,True,True,True,
41345110,金子　千尋,True,True,True,True,
41345111,川﨑　宗則,True,True,True,True,
41345113,大久保　勝信,True,True,True,True,
41345115,江尻　慎太郎,True,True,True,True,
41345116,大場　翔太,True,True,True,True,
41345117,大西　宏明,True,True,True,True,
41345118,大田　泰示,True,True,True,True,
41345119,金森　敬之,True,True,True,True,
41345130,遠藤　一星,True,True,True,True,
41345131,大谷　智久,True,True,True,True,
41345132,上原 健太,True,True,True,True,
41345133,榎本　葵,True,True,True,True,
41345134,岡﨑　大輔,True,True,True,True,
41345135,乙坂　智,True,True,True,True,
41345136,大竹 耕太郎,True,True,True,True,
41345137,大場　達也,True,True,True,True,
41345139,浦野　博司,True,True,True,True,
41345151,宇草　孔基,True,True,True,True,
41345153,入江 大樹,True,True,True,True,
41345159,大内 誠弥,True,True,True,True,
41443880,相川　亮二,True,True,True,True,
41443885,三浦　大輔,True,True,True,True,
41443886,吉川　元浩,True,True,True,True,
41445111,G.アリアス,True,True,True,True,
41445112,本多　雄一,True,True,True,True,
41445113,秋親,True,True,True,True,
41445114,原　拓也,True,True,True,True,
41445116,宮西 尚生,True,True,True,True,
41445119,J.ベイル,True,True,True,True,
41445130,浜田　智博,True,True,True,True,
41445131,矢地　健人,True,True,True,True,
41445132,野田　昇吾,True,True,True,True,
41445133,牧田　和久,True,True,True,True,
41445134,西口 直人,True,True,True,True,
41445135,土生　翔平,True,True,True,True,
41445136,馬場　皐輔,True,True,True,True,
41445137,森本　龍弥,True,True,True,True,
41445151,長谷川　凌汰,True,True,True,True,
41445152,能戸 輝夢,True,True,True,True,
41445153,中野 拓夢,True,True,True,True,
41445155,中山　誠吾,True,True,True,True,
41445159,仲田 侑仁,True,True,True,True,
41543884,小坂　誠,True,True,True,True,
41543886,芝﨑　和広,True,True,True,True,
41543889,佐藤　誠,True,True,True,True,
41545110,工藤　隆人,True,True,True,True,
41545111,清水　直行,True,True,True,True,
41545114,角中 勝也,True,True,True,True,
41545115,鴨志田　貴司,True,True,True,True,
41545116,菊池　保則,True,True,True,True,
41545117,加藤　武治,True,True,True,True,
41545118,木村　優太,True,True,True,True,
41545119,小宮山　慎二,True,True,True,True,
41545130,加藤 匠馬,True,True,True,True,
41545131,加藤　政義,True,True,True,True,
41545132,加藤 貴之,True,True,True,True,
41545134,木下　雄介,True,True,True,True,
41545135,川端　崇義,True,True,True,True,
41545136,清宮 幸太郎,True,True,True,True,
41545137,河野　秀数,True,True,True,True,
41545138,勝又 温史,True,True,True,True,
41545139,桂　依央利,True,True,True,True,
41545151,大西 広樹,True,True,True,True,
41545152,小田 康一郎,True,True,True,True,
41545153,大道 温貴,True,True,True,True,
41545157,木村 光,True,True,True,True,
41643883,水口　栄二,True,True,True,True,
41645110,S.スペンサー,True,True,True,True,
41645112,森山　周,True,True,True,True,
41645113,A.カブレラ,True,True,True,True,
41645114,宮本　賢,True,True,True,True,
41645116,山崎　正貴,True,True,True,True,
41645117,吉田　圭,True,True,True,True,
41645118,柳川　洋平,True,True,True,True,
41645119,D.セラフィニ,True,True,True,True,
41645131,B.ケッペル,True,True,True,True,
41645132,福 敬登,True,True,True,True,
41645133,宮﨑　祐樹,True,True,True,True,
41645136,藤岡 裕大,True,True,True,True,
41645137,B.コンラッド,True,True,True,True,
41645138,松田　進,True,True,True,True,
41645139,若月 健矢,True,True,True,True,
41645151,前　佑囲斗,True,True,True,True,
41645152,藤川 敦也,True,True,True,True,
41645153,根本　悠楓,True,True,True,True,
41645155,廣畑 敦也,True,True,True,True,
41645157,日髙 暖己,True,True,True,True,
41645159,平山 功太,True,True,True,True,
41743862,田中　幸雄,True,True,True,True,
41743880,多村　仁志,True,True,True,True,
41743884,杉本　友,True,True,True,True,
41743886,高須　洋介,True,True,True,True,
41743888,立石　尚行,True,True,True,True,
41745110,塩川　達也,True,True,True,True,
41745112,小斉　祐輔,True,True,True,True,
41745113,坂元　弥太郎,True,True,True,True,
41745114,木村　文紀,True,True,True,True,
41745115,佐藤　吉宏,True,True,True,True,
41745118,蕭　一傑,True,True,True,True,
41745119,白濱　裕太,True,True,True,True,
41745133,黒沢　翔太,True,True,True,True,
41745134,才木 浩人,True,True,True,True,
41745135,近藤 健介,True,True,True,True,
41745136,齊藤　大将,True,True,True,True,
41745137,菅野　智之,True,True,True,True,
41745138,坂本 光士郎,True,True,True,True,
41745150,木下 里都,True,True,True,True,
41745152,小島 大河,True,True,True,True,
41745153,川瀬 堅斗,True,True,True,True,
41745155,黒原 拓未,True,True,True,True,
41745157,齋藤 響介,True,True,True,True,
41745159,古田島 成龍,True,True,True,True,
41845110,L.ロペス,True,True,True,True,
41845112,吉見　一起,True,True,True,True,
41845114,吉川　光夫,True,True,True,True,
41845116,A.バーンサイド,True,True,True,True,
41845117,リック,True,True,True,True,
41845118,J.ジャマーノ,True,True,True,True,
41845130,山﨑 康晃,True,True,True,True,
41845131,C.ブーチェック,True,True,True,True,
41845132,村林 一輝,True,True,True,True,
41845136,村上　宗隆,True,True,True,True,
41845138,湯浅 京己,True,True,True,True,
41845139,M.ゴメス,True,True,True,True,
41845150,町田 隼乙,True,True,True,True,
41845151,村西　良太,True,True,True,True,
41845152,松川 玲央,True,True,True,True,
41845155,前川 誠太,True,True,True,True,
41845157,松本 晴,True,True,True,True,
41943880,福盛　和男,True,True,True,True,
41943886,代田　建紀,True,True,True,True,
41943887,戸叶　尚,True,True,True,True,
41943888,広池　浩司,True,True,True,True,
41943889,福地　寿樹,True,True,True,True,
41945110,玉置　隆,True,True,True,True,
41945113,玉山　健太,True,True,True,True,
41945114,清水　誉,True,True,True,True,
41945116,武隈　祥太,True,True,True,True,
41945118,岳野　竜也,True,True,True,True,
41945119,中川　裕貴,True,True,True,True,
41945130,島袋　洋奨,True,True,True,True,
41945131,筒香 嘉智,True,True,True,True,
41945132,柴田 竜拓,True,True,True,True,
41945135,白根　尚貴,True,True,True,True,
41945136,菅野　剛士,True,True,True,True,
41945137,田村 龍弘,True,True,True,True,
41945138,清宮　虎多朗,True,True,True,True,
41945139,田口 麗斗,True,True,True,True,
41945150,坂井 遼,True,True,True,True,
41945152,佐藤 龍月,True,True,True,True,
41945155,佐藤 隼輔,True,True,True,True,
43045132,S.デラバー,True,True,True,True,
43045155,ボー・タカハシ,True,True,True,True,
43145110,A.マイエット,True,True,True,True,
43145112,S.ダグラス,True,True,True,True,
43145114,ジャン,True,True,True,True,
43145116,D.ホールトン,True,True,True,True,
43145118,T.マストニー,True,True,True,True,
43145130,V.ガラテ,True,True,True,True,
43145131,王　溢正,True,True,True,True,
43145135,J.ボウカー,True,True,True,True,
43145136,湯浅 大,True,True,True,True,
43145137,相内　誠,True,True,True,True,
43145139,L.メンドーサ,True,True,True,True,
43145150,矢野 泰二郎,True,True,True,True,
43145151,吉田　大喜,True,True,True,True,
43145152,山城 京平,True,True,True,True,
43145153,丸山 翔大,True,True,True,True,
43145157,森下 翔太,True,True,True,True,
43243868,野村　謙二郎,True,True,True,True,
43245157,E.ロドリゲス,True,True,True,True,
43245159,Ｊ．ダウンズ,True,True,True,True,
43345110,C.リー,True,True,True,True,
43345112,F.ディアス,True,True,True,True,
43345113,J.パウエル,True,True,True,True,
43345114,アダム,True,True,True,True,
43345116,J.ボッツ,True,True,True,True,
43345118,L.ロメロ,True,True,True,True,
43345130,J.ハーミッダ,True,True,True,True,
43345131,V.チューク,True,True,True,True,
43345132,ギャレット,True,True,True,True,
43345133,M.ヘスマン,True,True,True,True,
43345134,M.ウエスト,True,True,True,True,
43345135,O.サラサー,True,True,True,True,
43345136,Z.アルモンテ,True,True,True,True,
43345138,S.マクガフ,True,True,True,True,
43345139,F.セペダ,True,True,True,True,
43345150,林 冠臣,True,True,True,True,
43345151,L.ゴンサレス,True,True,True,True,
43345153,山下 舜平大,True,True,True,True,
43345155,YG安田,True,True,True,True,
43345157,山田 陽翔,True,True,True,True,
43345159,森田 駿哉,True,True,True,True,
43545112,林　羿豪,True,True,True,True,
43545114,E.カリダ,True,True,True,True,
43545130,Y.エレラ,True,True,True,True,
43545132,A.バース,True,True,True,True,
43545133,R.スパイアー,True,True,True,True,
43545134,A.ゲレーロ,True,True,True,True,
43545135,B.ダックワース,True,True,True,True,
43545136,M.ドミンゲス,True,True,True,True,
43545139,N.エバンス,True,True,True,True,
43545151,Y.ディアス,True,True,True,True,
43545152,Ｆ．ターノック,True,True,True,True,
43545153,M.ガーバー,True,True,True,True,
43545155,吉野 創士,True,True,True,True,
43545157,A.アキーノ,True,True,True,True,
43545159,Ａ．エスピノーザ,True,True,True,True,
43745132,B.ボグセビック,True,True,True,True,
43745133,R.マルハーン,True,True,True,True,
43745134,D.ブキャナン,True,True,True,True,
43745136,B.ロドリゲス,True,True,True,True,
43745150,Ｓ．ファビアン,True,True,True,True,
43745151,J.フローレス,True,True,True,True,
43745152,Ｓ．ラオ,True,True,True,True,
43745153,M.ダーモディ,True,True,True,True,
43745155,B.オグレディ,True,True,True,True,
43745159,Ａ．ジャクソン,True,True,True,True,
43945132,A.メヒア,True,True,True,True,
43945136,D.ローチ,True,True,True,True,
43945152,Ｒ．カストロ,True,True,True,True,
43945153,F.ロメロ,True,True,True,True,
43945155,ジャンセン・ウィティ,True,True,True,True,
43945157,T.ビーディ,True,True,True,True,
43945159,Ａ．マチャド,True,True,True,True,
51053880,宮本　慎也,True,True,True,True,
51053886,土肥　義弘,True,True,True,True,
51053888,藤井　彰人,True,True,True,True,
51055110,中田　賢一,True,True,True,True,
51055116,谷　哲也,True,True,True,True,
51055117,杉山　直久,True,True,True,True,
51055119,仁部　智,True,True,True,True,
51055130,髙木　伴,True,True,True,True,
51055131,中澤　雅人,True,True,True,True,
51055132,高橋 奎二,True,True,True,True,
51055133,島本 浩也,True,True,True,True,
51055135,髙城　俊人,True,True,True,True,
51055136,田浦　文丸,True,True,True,True,
51055137,則本 昂大,True,True,True,True,
51055138,田宮 裕涼,True,True,True,True,
51055150,佐藤 太陽,True,True,True,True,
51055151,佐藤 一磨,True,True,True,True,
51055153,榮枝 裕貴,True,True,True,True,
51055155,末包 昇大,True,True,True,True,
51153881,浅井　樹,True,True,True,True,
51153884,井口　資仁,True,True,True,True,
51153888,赤田　将吾,True,True,True,True,
51153889,井出　竜也,True,True,True,True,
51155110,赤松　真人,True,True,True,True,
51155111,朝倉　健太,True,True,True,True,
51155112,会田　有志,True,True,True,True,
51155113,愛敬　尚史,True,True,True,True,
51155114,青木　高広,True,True,True,True,
51155115,浅井　良,True,True,True,True,
51155116,浅沼　寿紀,True,True,True,True,
51155117,阿部　健太,True,True,True,True,
51155118,浅村 栄斗,True,True,True,True,
51155119,明石　健志,True,True,True,True,
51155130,有原 航平,True,True,True,True,
51155131,秋山　拓巳,True,True,True,True,
51155134,有吉　優樹,True,True,True,True,
51155136,東 克樹,True,True,True,True,
51155138,荒西　祐大,True,True,True,True,
51155139,相原　和友,True,True,True,True,
51155150,浅利 太門,True,True,True,True,
51155151,東妻 純平,True,True,True,True,
51155152,秋山 俊,True,True,True,True,
51155153,赤羽 由紘,True,True,True,True,
51155155,赤星 優志,True,True,True,True,
51155157,青山 美夏人,True,True,True,True,
51253866,吉田　豊彦,True,True,True,True,
51255110,橋本　義隆,True,True,True,True,
51255114,寺内　崇幸,True,True,True,True,
51255118,中村 悠平,True,True,True,True,
51255119,三瀬　幸司,True,True,True,True,
51255131,俊介,True,True,True,True,
51255132,多和田　真三郎,True,True,True,True,
51255133,中谷　将大,True,True,True,True,
51255134,谷岡　竜平,True,True,True,True,
51255135,土田　瑞起,True,True,True,True,
51255136,綱島　龍生,True,True,True,True,
51255137,真砂　勇介,True,True,True,True,
51255138,中川 圭太,True,True,True,True,
51255139,平田　真吾,True,True,True,True,
51255150,清水 大暉,True,True,True,True,
51255152,髙谷 舟,True,True,True,True,
51255155,滝澤 夏央,True,True,True,True,
51255157,富田 蓮,True,True,True,True,
51255159,武内 夏暉,True,True,True,True,
51353884,宇野　雅美,True,True,True,True,
51353887,大島　公一,True,True,True,True,
51353888,小笠原　孝,True,True,True,True,
51353889,岡島　秀樹,True,True,True,True,
51355110,大廣　翔治,True,True,True,True,
51355112,岩田　稔,True,True,True,True,
51355113,井場　友和,True,True,True,True,
51355114,上園　啓史,True,True,True,True,
51355115,石原　慶幸,True,True,True,True,
51355116,植松　優友,True,True,True,True,
51355118,岩田　慎司,True,True,True,True,
51355119,岡本　篤志,True,True,True,True,
51355130,入野　貴大,True,True,True,True,
51355131,今村　猛,True,True,True,True,
51355132,石岡　諒太,True,True,True,True,
51355133,岩見　優輝,True,True,True,True,
51355134,梅野 雄吾,True,True,True,True,
51355135,上沢 直之,True,True,True,True,
51355136,岩見　政暉,True,True,True,True,
51355139,岩貞 祐太,True,True,True,True,
51355151,井上 温大,True,True,True,True,
51355152,稲川 竜汰,True,True,True,True,
51355153,伊藤 大海,True,True,True,True,
51355155,岩田 幸宏,True,True,True,True,
51355157,内田 湘大,True,True,True,True,
51355159,岩井 俊介,True,True,True,True,
51453888,山﨑　浩司,True,True,True,True,
51455110,松岡　健一,True,True,True,True,
51455111,山下　勝充,True,True,True,True,
51455112,藤井　淳志,True,True,True,True,
51455113,三井　浩二,True,True,True,True,
51455114,仁藤　拓馬,True,True,True,True,
51455115,藤原　通,True,True,True,True,
51455116,藤原　良平,True,True,True,True,
51455117,早坂　圭介,True,True,True,True,
51455118,橋本　到,True,True,True,True,
51455119,李　承燁,True,True,True,True,
51455130,中村 奨吾,True,True,True,True,
51455131,松井　雅人,True,True,True,True,
51455132,成田　翔,True,True,True,True,
51455134,長井　良太,True,True,True,True,
51455136,西川 愛也,True,True,True,True,
51455137,宮﨑 敏郎,True,True,True,True,
51455139,三木　亮,True,True,True,True,
51455150,龍山 暖,True,True,True,True,
51455151,長岡 秀樹,True,True,True,True,
51455152,中西 聖輝,True,True,True,True,
51455153,土田 龍空,True,True,True,True,
51455155,中川 勇斗,True,True,True,True,
51455159,寺地 隆成,True,True,True,True,
51553865,工藤　公康,True,True,True,True,
51553882,佐久本　昌広,True,True,True,True,
51553883,高津　臣吾,True,True,True,True,
51553884,川村　丈夫,True,True,True,True,
51553885,久慈　照嘉,True,True,True,True,
51553886,小林　幹英,True,True,True,True,
51553888,河端　龍,True,True,True,True,
51555110,菊地　和正,True,True,True,True,
51555111,後藤　光貴,True,True,True,True,
51555112,甲藤　啓介,True,True,True,True,
51555113,小野　剛,True,True,True,True,
51555114,大隣　憲司,True,True,True,True,
51555117,小野寺　力,True,True,True,True,
51555118,笠原　将生,True,True,True,True,
51555130,小野 郁,True,True,True,True,
51555131,小川　龍也,True,True,True,True,
51555133,大原　慎司,True,True,True,True,
51555134,加藤　脩平,True,True,True,True,
51555135,釜元　豪,True,True,True,True,
51555136,金久保　優斗,True,True,True,True,
51555137,鍵谷　陽平,True,True,True,True,
51555138,甲斐野 央,True,True,True,True,
51555139,岡本　健,True,True,True,True,
51555151,蝦名 達夫,True,True,True,True,
51555153,内 星龍,True,True,True,True,
51555155,梶原 昂希,True,True,True,True,
51555157,金村 尚真,True,True,True,True,
51555159,奥村　光一,True,True,True,True,
51653860,吉井　理人,True,True,True,True,
51655110,渡辺　恒樹,True,True,True,True,
51655112,松田　宣浩,True,True,True,True,
51655114,前田 健太,True,True,True,True,
51655117,矢野　謙次,True,True,True,True,
51655118,松本　啓二朗,True,True,True,True,
51655130,藤井 皓哉,True,True,True,True,
51655131,李　机浩,True,True,True,True,
51655133,三ツ俣　大樹,True,True,True,True,
51655134,濵口　遥大,True,True,True,True,
51655135,古野　正人,True,True,True,True,
51655136,廣澤　伸哉,True,True,True,True,
51655137,若松　駿太,True,True,True,True,
51655138,古谷　拓郎,True,True,True,True,
51655139,横山　貴明,True,True,True,True,
51655151,福田　光輝,True,True,True,True,
51655152,半田 南十,True,True,True,True,
51655153,中山 礼都,True,True,True,True,
51655155,羽田 慎之介,True,True,True,True,
51655157,長谷部 銀次,True,True,True,True,
51655159,土生　翔太,True,True,True,True,
51753864,デニー,True,True,True,True,
51753880,高木　浩之,True,True,True,True,
51753884,澤﨑　俊和,True,True,True,True,
51753888,實松　一成,True,True,True,True,
51753889,高波　文一,True,True,True,True,
51755110,金剛　弘樹,True,True,True,True,
51755111,十川　孝富,True,True,True,True,
51755112,岸田　護,True,True,True,True,
51755115,栗山 巧,True,True,True,True,
51755116,小窪　哲也,True,True,True,True,
51755118,小松　剛,True,True,True,True,
51755119,佐藤　賢,True,True,True,True,
51755131,菊池　雄星,True,True,True,True,
51755132,熊原　健人,True,True,True,True,
51755134,黒木 優太,True,True,True,True,
51755135,桑原 将志,True,True,True,True,
51755136,鈴木　康平,True,True,True,True,
51755137,佐藤　峻一,True,True,True,True,
51755138,宜保 翔,True,True,True,True,
51755155,北山 亘基,True,True,True,True,
51755157,児玉 亮涼,True,True,True,True,
51855112,山口　俊,True,True,True,True,
51855114,山本　一徳,True,True,True,True,
51855116,M.ウッド,True,True,True,True,
51855117,タイロン・ウッズ,True,True,True,True,
51855119,B.コーリー,True,True,True,True,
51855130,守屋　功輝,True,True,True,True,
51855131,E.デラクルス,True,True,True,True,
51855132,増田 大輝,True,True,True,True,
51855134,堀 瑞輝,True,True,True,True,
51855136,松本 直樹,True,True,True,True,
51855137,B.ディクソン,True,True,True,True,
51855138,宮城 滝太,True,True,True,True,
51855139,呉　昇桓,True,True,True,True,
51855151,宮川　哲,True,True,True,True,
51855153,福島　章太,True,True,True,True,
51855157,古川 雄大,True,True,True,True,
51953880,西口　文也,True,True,True,True,
51953881,椎木　匠,True,True,True,True,
51953886,高橋　由伸,True,True,True,True,
51955114,坂本 勇人,True,True,True,True,
51955119,竹岡　和宏,True,True,True,True,
51955130,坂寄　晴一,True,True,True,True,
51955131,田上　健一,True,True,True,True,
51955133,小山　雄輝,True,True,True,True,
51955134,坂本　工宜,True,True,True,True,
51955136,椎野　新,True,True,True,True,
51955137,髙橋　大樹,True,True,True,True,
51955138,清水 昇,True,True,True,True,
51955139,曽根　海成,True,True,True,True,
51955151,岸 潤一郎,True,True,True,True,
51955152,齊藤 汰直,True,True,True,True,
51955153,来田 涼斗,True,True,True,True,
51955155,小森 航大郎,True,True,True,True,
51955157,澤井 廉,True,True,True,True,
51955159,佐々木 俊輔,True,True,True,True,
5303868,上田　浩明,True,True,True,True,
53055132,ジェフン,True,True,True,True,
53055134,J.コラレス,True,True,True,True,
53055153,G.スパークマン,True,True,True,True,
53055155,R.ヌニエス,True,True,True,True,
53055157,D.マキノン,True,True,True,True,
53055159,J.ヤン,True,True,True,True,
53155110,デイモン,True,True,True,True,
53155112,C.オクスプリング,True,True,True,True,
53155114,李　炳圭,True,True,True,True,
53155116,C.ブラゼル,True,True,True,True,
53155118,G.バーナムJr.,True,True,True,True,
53155130,横山　雄哉,True,True,True,True,
53155131,M.マートン,True,True,True,True,
53155133,R.ザラテ,True,True,True,True,
53155135,L.テレーロ,True,True,True,True,
53155136,山口　翔,True,True,True,True,
53155137,H.ルナ,True,True,True,True,
53155138,渡邉 勇太朗,True,True,True,True,
53155139,Z.フィリップス,True,True,True,True,
53155150,宗山 塁,True,True,True,True,
53155151,森下 暢仁,True,True,True,True,
53155152,宮下 朝陽,True,True,True,True,
53155155,松川 虎生,True,True,True,True,
53155157,宮内　春輝,True,True,True,True,
53253868,江藤　智,True,True,True,True,
53255155,J.マルモレホス,True,True,True,True,
53355110,J.B.ミアディッチ,True,True,True,True,
53355112,陽　耀勲,True,True,True,True,
53355114,B.ブキャナン,True,True,True,True,
53355117,アレックス,True,True,True,True,
53355118,K.ロー,True,True,True,True,
53355130,K.ジョンソン,True,True,True,True,
53355133,K.ヒメネス,True,True,True,True,
53355134,山本　由伸,True,True,True,True,
53355135,A.カストロ,True,True,True,True,
53355136,渡邉　啓太,True,True,True,True,
53355137,T.コーコラン,True,True,True,True,
53355138,K.バルガス,True,True,True,True,
53355139,R.ロサリオ,True,True,True,True,
53355150,陽 柏翔,True,True,True,True,
53355151,J.エドワーズ,True,True,True,True,
53355152,Ｆ．ウィットリー,True,True,True,True,
53355153,森　博人,True,True,True,True,
53355157,門別 啓人,True,True,True,True,
53355159,明瀬 諒介,True,True,True,True,
53455155,I.クロール,True,True,True,True,
53555112,R.グリン,True,True,True,True,
53555114,呉　偲佑,True,True,True,True,
53555118,A.フィリップス,True,True,True,True,
53555130,M.マイコラス,True,True,True,True,
53555132,R.スアレス,True,True,True,True,
53555133,A.レルー,True,True,True,True,
53555134,A.キャンデラリオ,True,True,True,True,
53555135,B.クレイマー,True,True,True,True,
53555136,L.カンポス,True,True,True,True,
53555138,J.レイビン,True,True,True,True,
53555139,J.バトラー,True,True,True,True,
53555150,Ｔ．ウィンゲンター,True,True,True,True,
53555151,J.T.シャギワ,True,True,True,True,
53555152,Ｒ．コントレラス,True,True,True,True,
53555153,若林 楽人,True,True,True,True,
53555155,山田 龍聖,True,True,True,True,
53555157,吉村 貢司郎,True,True,True,True,
53555159,J.アギラー,True,True,True,True,
53755114,A.バス,True,True,True,True,
53755130,M.デニング,True,True,True,True,
53755132,J.ブリガム,True,True,True,True,
53755133,L.ゴンザレス,True,True,True,True,
53755134,A.シリアコ,True,True,True,True,
53755136,S.モヤ,True,True,True,True,
53755138,Ｃ．スチュワート・ジュニア,True,True,True,True,
53755150,Ｔ．ネビン,True,True,True,True,
53755151,G.パーラ,True,True,True,True,
53755152,Ｂ．マタ,True,True,True,True,
53755153,Ｄ．サンタナ,True,True,True,True,
53755155,D.アンダーソン,True,True,True,True,
53755159,F.コルデロ,True,True,True,True,
53955132,J.ルーキ,True,True,True,True,
53955134,R.メンデス,True,True,True,True,
53955136,G.フランスア,True,True,True,True,
53955150,Ｅ．モンテロ,True,True,True,True,
53955151,R.コルニエル,True,True,True,True,
53955152,Ｊ．ルイーズ,True,True,True,True,
53955153,C.レイ,True,True,True,True,
53955155,B.クリスキー,True,True,True,True,
53955157,M.デビッドソン,True,True,True,True,
53955159,C.トーマス,True,True,True,True,
55953868,井上　純,True,True,True,True,
57955159,早川 太貴,True,True,True,True,
61063884,松中　信彦,True,True,True,True,
61063885,永池　恭男,True,True,True,True,
61063888,本郷　宏樹,True,True,True,True,
61063889,山部　太,True,True,True,True,
61065110,能見　篤史,True,True,True,True,
61065111,本間　忠,True,True,True,True,
61065112,栂野　雅史,True,True,True,True,
61065113,西﨑　伸洋,True,True,True,True,
61065114,田中　大二郎,True,True,True,True,
61065116,中田　翔,True,True,True,True,
61065117,武山　真吾,True,True,True,True,
61065118,中﨑　雄太,True,True,True,True,
61065119,松坂　健太,True,True,True,True,
61065130,立田　将太,True,True,True,True,
61065131,原口　文仁,True,True,True,True,
61065133,塚原　頌平,True,True,True,True,
61065135,田原　誠次,True,True,True,True,
61065136,田中 瑛斗,True,True,True,True,
61065137,伏見 寅威,True,True,True,True,
61065138,富山 凌雅,True,True,True,True,
61065150,篠原 響,True,True,True,True,
61065151,鈴木 健矢,True,True,True,True,
61065152,鈴木 蓮吾,True,True,True,True,
61065155,泰 勝利,True,True,True,True,
61065157,茶野 篤政,True,True,True,True,
61065159,髙島 泰都,True,True,True,True,
61163880,小関　竜也,True,True,True,True,
61163881,井上　一樹,True,True,True,True,
61163884,今岡　誠,True,True,True,True,
61163885,上田　佳範,True,True,True,True,
61163888,伊藤　剛,True,True,True,True,
61163889,大塚　明,True,True,True,True,
61165110,鵜久森　淳志,True,True,True,True,
61165112,飯原　誉士,True,True,True,True,
61165114,今浪　隆博,True,True,True,True,
61165116,伊志嶺　忠,True,True,True,True,
61165118,井上　雄介,True,True,True,True,
61165119,内　竜也,True,True,True,True,
61165130,石川　直也,True,True,True,True,
61165131,石川　貢,True,True,True,True,
61165132,阿部 寿樹,True,True,True,True,
61165133,伊志嶺　翔大,True,True,True,True,
61165134,石原 彪,True,True,True,True,
61165135,伊藤　拓郎,True,True,True,True,
61165137,井納　翔一,True,True,True,True,
61165139,石川 柊太,True,True,True,True,
61165150,石塚 裕惺,True,True,True,True,
61165152,石垣 元気,True,True,True,True,
61165153,石川 達也,True,True,True,True,
61165157,伊藤 茉央,True,True,True,True,
61165159,泉口 友汰,True,True,True,True,
61263884,矢野　諭,True,True,True,True,
61265110,星　孝典,True,True,True,True,
61265111,迎　祐一郎,True,True,True,True,
61265112,平田　良介,True,True,True,True,
61265113,牧田　明久,True,True,True,True,
61265114,中東　直己,True,True,True,True,
61265115,平野　恵一,True,True,True,True,
61265116,聖澤　諒,True,True,True,True,
61265118,二保　旭,True,True,True,True,
61265119,吉川　輝昭,True,True,True,True,
61265130,土肥　寛昌,True,True,True,True,
61265132,オスカル,True,True,True,True,
61265133,林﨑　遼,True,True,True,True,
61265137,水口　大地,True,True,True,True,
61265138,沼田 翔平,True,True,True,True,
61265139,又吉　克樹,True,True,True,True,
61265151,柘植 世那,True,True,True,True,
61265153,髙橋 宏斗,True,True,True,True,
61265155,田村 俊介,True,True,True,True,
61265157,中村 貴浩,True,True,True,True,
61265159,辻本 倫太郎,True,True,True,True,
61363884,小野　公誠,True,True,True,True,
61365110,鎌田　圭司,True,True,True,True,
61365111,木塚　敦志,True,True,True,True,
61365112,T-岡田,True,True,True,True,
61365113,大沼　幸二,True,True,True,True,
61365115,大島　崇行,True,True,True,True,
61365117,大野　隆治,True,True,True,True,
61365118,大野　奨太,True,True,True,True,
61365119,金子　圭輔,True,True,True,True,
61365131,大塚　豊,True,True,True,True,
61365132,宇佐見 真吾,True,True,True,True,
61365133,江村　直也,True,True,True,True,
61365134,尾仲　祐哉,True,True,True,True,
61365135,海田　智行,True,True,True,True,
61365136,尾形 崇斗,True,True,True,True,
61365137,大累　進,True,True,True,True,
61365138,奥村　政稔,True,True,True,True,
61365139,大瀬良 大地,True,True,True,True,
61365150,宇野 真仁朗,True,True,True,True,
61365152,大川 慈英,True,True,True,True,
61365153,入江 大生,True,True,True,True,
61465110,光原　逸裕,True,True,True,True,
61465112,大和,True,True,True,True,
61465113,山村　路直,True,True,True,True,
61465118,藤江　均,True,True,True,True,
61465119,ベニー,True,True,True,True,
61465131,山田 修義,True,True,True,True,
61465133,牧原 大成,True,True,True,True,
61465135,比屋根　渉,True,True,True,True,
61465137,屋宜　照悟,True,True,True,True,
61465138,左澤　優,True,True,True,True,
61465150,寺西 成騎,True,True,True,True,
61465151,浜屋 将太,True,True,True,True,
61465152,花田 旭,True,True,True,True,
61465153,仲三 優太,True,True,True,True,
61465155,西垣 雅矢,True,True,True,True,
61563880,嶋　重宣,True,True,True,True,
61563884,小林宏,True,True,True,True,
61563885,斎藤　隆,True,True,True,True,
61563886,清水　章夫,True,True,True,True,
61563887,佐藤　真一,True,True,True,True,
61563888,小林　雅英,True,True,True,True,
61565110,久保　康友,True,True,True,True,
61565111,正田　樹,True,True,True,True,
61565112,川﨑　雄介,True,True,True,True,
61565114,梶谷　隆幸,True,True,True,True,
61565115,喜田　剛,True,True,True,True,
61565116,清原　大貴,True,True,True,True,
61565117,金澤　岳,True,True,True,True,
61565119,坂　克彦,True,True,True,True,
61565130,加藤　正志,True,True,True,True,
61565132,角屋　龍太,True,True,True,True,
61565135,菊池 涼介,True,True,True,True,
61565136,楠本　泰史,True,True,True,True,
61565139,金子　一輝,True,True,True,True,
61565150,金丸 夢斗,True,True,True,True,
61565151,岡野　祐一郎,True,True,True,True,
61565152,片山 皓心,True,True,True,True,
61665110,ダーウィン,True,True,True,True,
61665112,八木　智哉,True,True,True,True,
61665114,森福　允彦,True,True,True,True,
61665116,山本　斉,True,True,True,True,
61665117,吉村　裕基,True,True,True,True,
61665118,矢貫　俊之,True,True,True,True,
61665130,松本 裕樹,True,True,True,True,
61665133,武藤　祐太,True,True,True,True,
61665134,藤平 尚真,True,True,True,True,
61665136,本田　仁海,True,True,True,True,
61665137,V.パディーヤ,True,True,True,True,
61665138,松本　友,True,True,True,True,
61665139,和田　恋,True,True,True,True,
61665151,松岡　洸希,True,True,True,True,
61665152,藤森 海斗,True,True,True,True,
61665155,深沢 鳳介,True,True,True,True,
61665157,蛭間 拓哉,True,True,True,True,
61665159,廣瀨 隆太,True,True,True,True,
61763864,中村　武志,True,True,True,True,
61763881,佐々木　主浩,True,True,True,True,
61763884,鈴木　尚広,True,True,True,True,
61763888,建山　義紀,True,True,True,True,
61765110,鈴木　義広,True,True,True,True,
61765111,高山　久,True,True,True,True,
61765112,齊藤　信介,True,True,True,True,
61765113,佐藤　友亮,True,True,True,True,
61765115,真田　裕貴,True,True,True,True,
61765116,佐藤　祥万,True,True,True,True,
61765117,久保田　智之,True,True,True,True,
61765119,新里　賢,True,True,True,True,
61765133,小池　翔大,True,True,True,True,
61765134,酒居 知史,True,True,True,True,
61765135,歳内　宏明,True,True,True,True,
61765136,齊藤　誠人,True,True,True,True,
61765137,杉山　翔大,True,True,True,True,
61765139,杉浦 稔大,True,True,True,True,
61765152,小濱 佑斗,True,True,True,True,
61765153,河村 説人,True,True,True,True,
61765155,畔柳 亨丞,True,True,True,True,
61765157,斉藤 優汰,True,True,True,True,
61765159,権田 琉成,True,True,True,True,
61865110,L.マルティネス,True,True,True,True,
61865111,C.ミラバル,True,True,True,True,
61865112,吉見　太一,True,True,True,True,
61865114,吉原　道臣,True,True,True,True,
61865116,L.ビグビー,True,True,True,True,
61865117,M.スクルメタ,True,True,True,True,
61865118,D.ジョンソン,True,True,True,True,
61865131,C.フォッサム,True,True,True,True,
61865132,茂木 栄五郎,True,True,True,True,
61865133,J.アルバラデホ,True,True,True,True,
61865134,丸山　泰資,True,True,True,True,
61865135,李　大浩,True,True,True,True,
61865136,森　遼大朗,True,True,True,True,
61865137,N.モーガン,True,True,True,True,
61865138,弓削　隼人,True,True,True,True,
61865139,A.ゴメス,True,True,True,True,
61865151,望月　大希,True,True,True,True,
61865152,松下 歩叶,True,True,True,True,
61865153,細川 凌平,True,True,True,True,
61865157,松山 晋也,True,True,True,True,
61865159,細野 晴希,True,True,True,True,
61963886,辻　武史,True,True,True,True,
61963887,豊田　清,True,True,True,True,
61963888,福留　孝介,True,True,True,True,
61965110,ダルビッシュ　有,True,True,True,True,
61965112,高木　啓充,True,True,True,True,
61965114,下窪　陽介,True,True,True,True,
61965115,田上　秀則,True,True,True,True,
61965117,鞘師　智也,True,True,True,True,
61965118,巽　真悟,True,True,True,True,
61965119,中村　公治,True,True,True,True,
61965130,清水 優心,True,True,True,True,
61965131,堂林 翔太,True,True,True,True,
61965132,杉本 裕太郎,True,True,True,True,
61965134,進藤　拓也,True,True,True,True,
61965136,博志,True,True,True,True,
61965138,髙橋　優貴,True,True,True,True,
61965139,田中　広輔,True,True,True,True,
61965150,坂口 翔颯,True,True,True,True,
61965151,小深田 大翔,True,True,True,True,
61965152,繁永 晟,True,True,True,True,
61965153,小林　樹斗,True,True,True,True,
61965157,杉澤 龍,True,True,True,True,
61965159,下村 海翔,True,True,True,True,
63065132,F.ペレス,True,True,True,True,
63065153,C.バルガス,True,True,True,True,
63065155,Ｇ．ポランコ,True,True,True,True,
63065157,J.ニックス,True,True,True,True,
63165110,E.フランコ,True,True,True,True,
63165112,J.ディロン,True,True,True,True,
63165113,A.ラミレス,True,True,True,True,
63165114,J.ジョンソン,True,True,True,True,
63165116,T.スレッジ,True,True,True,True,
63165118,K.メンチ,True,True,True,True,
63165130,郭　俊麟,True,True,True,True,
63165131,F.バイナム,True,True,True,True,
63165132,吉田　正尚,True,True,True,True,
63165133,C.ハミルトン,True,True,True,True,
63165134,柳 裕也,True,True,True,True,
63165135,S.マシソン,True,True,True,True,
63165136,與座 海人,True,True,True,True,
63165137,C.ラルー,True,True,True,True,
63165138,P.ジョンソン,True,True,True,True,
63165139,G.モスコーソ,True,True,True,True,
63165150,山縣 秀,True,True,True,True,
63165152,大聖,True,True,True,True,
63165153,水上　由伸,True,True,True,True,
63165155,水野 達稀,True,True,True,True,
63165159,宮國 凌空,True,True,True,True,
63265155,P.キブレハン,True,True,True,True,
63265157,C.ブルワー,True,True,True,True,
63265159,D.カイケル,True,True,True,True,
63365112,J.マシーアス,True,True,True,True,
63365116,J.コロンカ,True,True,True,True,
63365118,L.ヒメネス,True,True,True,True,
63365130,E.バスケス,True,True,True,True,
63365132,E.コーディエ,True,True,True,True,
63365133,M.ホフパワー,True,True,True,True,
63365134,E.エスコバー,True,True,True,True,
63365135,J.ハウザー,True,True,True,True,
63365136,E.オルモス,True,True,True,True,
63365138,J.マルテ,True,True,True,True,
63365139,アンソニー・カーター,True,True,True,True,
63365150,若松 尚輝,True,True,True,True,
63365151,J.サンズ,True,True,True,True,
63365152,Ｊ．キハダ,True,True,True,True,
63365153,山野 太一,True,True,True,True,
63365155,柳川 大晟,True,True,True,True,
63365159,山田 脩也,True,True,True,True,
63463868,前田　幸長,True,True,True,True,
63565114,GG,True,True,True,True,
63565133,カルロス・ロサ,True,True,True,True,
63565134,P.コーク,True,True,True,True,
63565136,M.トンキン,True,True,True,True,
63565151,N.ディプラン,True,True,True,True,
63565152,Ｂ．ダルベック,True,True,True,True,
63565153,R.カスティーヨ,True,True,True,True,
63565155,渡部 遼人,True,True,True,True,
63565157,W.アストゥディーヨ,True,True,True,True,
63765130,D.ネイラー,True,True,True,True,
63765132,C.マーティン,True,True,True,True,
63765133,B.バーデン,True,True,True,True,
63765134,R.ブレイシア,True,True,True,True,
63765136,N.ワグナー,True,True,True,True,
63765151,J.ボーア,True,True,True,True,
63765152,Ｃ．ラグズデール,True,True,True,True,
63765153,B.ディクソン,True,True,True,True,
63765155,G.ガルシア,True,True,True,True,
63765157,J.コットン,True,True,True,True,
63765159,A.スティーブンソン,True,True,True,True,
63965134,Ｌ．モイネロ,True,True,True,True,
63965136,A.ミランダ,True,True,True,True,
63965150,Ｎ．ウォルターズ,True,True,True,True,
63965153,L.ワカマツ,True,True,True,True,
63965155,A.スアレス,True,True,True,True,
63965157,M.フランコ,True,True,True,True,
65563868,石井　琢朗,True,True,True,True,
71073887,野口　茂樹,True,True,True,True,
71073888,藤川　球児,True,True,True,True,
71075110,中西　健太,True,True,True,True,
71075112,武田　勝,True,True,True,True,
71075113,中里　篤史,True,True,True,True,
71075114,ダース　ローマシュ匡,True,True,True,True,
71075130,髙橋 光成,True,True,True,True,
71075131,中田　亮二,True,True,True,True,
71075132,髙橋　純平,True,True,True,True,
71075133,須田　幸太,True,True,True,True,
71075134,髙田　萌生,True,True,True,True,
71075136,高木　渉,True,True,True,True,
71075137,濱田　達郎,True,True,True,True,
71075138,近本 光司,True,True,True,True,
71075139,中村 祐太,True,True,True,True,
71075150,佐藤 柳之介,True,True,True,True,
71075151,佐藤 都志也,True,True,True,True,
71075155,菅井 信也,True,True,True,True,
71075157,辰見 鴻之介,True,True,True,True,
71173882,荒木　雅博,True,True,True,True,
71173886,飯山　裕志,True,True,True,True,
71175110,石井　裕也,True,True,True,True,
71175112,相原　勝幸,True,True,True,True,
71175113,青野　毅,True,True,True,True,
71175114,浅尾　拓也,True,True,True,True,
71175116,阿部　和成,True,True,True,True,
71175118,有馬　翔,True,True,True,True,
71175119,石川　賢,True,True,True,True,
71175130,安樂　智大,True,True,True,True,
71175132,青柳 晃洋,True,True,True,True,
71175133,阿部　俊人,True,True,True,True,
71175134,飯田　大祐,True,True,True,True,
71175136,東 晃平,True,True,True,True,
71175137,安部　建輝,True,True,True,True,
71175138,粟津　凱士,True,True,True,True,
71175150,荒巻 悠,True,True,True,True,
71175153,秋広 優人,True,True,True,True,
71273882,薮田　安彦,True,True,True,True,
71273885,萩原　淳,True,True,True,True,
71275111,的場　直樹,True,True,True,True,
71275112,西村　弥,True,True,True,True,
71275113,廣瀬　純,True,True,True,True,
71275115,秦　裕二,True,True,True,True,
71275117,鶴岡　慎也,True,True,True,True,
71275118,西 勇輝,True,True,True,True,
71275131,藤原　正典,True,True,True,True,
71275132,茶谷 健太,True,True,True,True,
71275134,種市 篤暉,True,True,True,True,
71275135,堤　裕貴,True,True,True,True,
71275136,寺岡　寛治,True,True,True,True,
71275137,増田　達至,True,True,True,True,
71275138,中熊　大智,True,True,True,True,
71275139,福倉　健太郎,True,True,True,True,
71275151,武岡 龍世,True,True,True,True,
71275152,竹丸 和幸,True,True,True,True,
71275153,鈴木 昭汰,True,True,True,True,
71275157,友杉 篤輝,True,True,True,True,
71373880,金村　曉,True,True,True,True,
71373882,斉藤　和巳,True,True,True,True,
71373885,落合　英二,True,True,True,True,
71373888,小椋　真介,True,True,True,True,
71373889,小野　晋吾,True,True,True,True,
71375110,大松　尚逸,True,True,True,True,
71375111,葛城　育郎,True,True,True,True,
71375112,銀次,True,True,True,True,
71375114,上田　剛史,True,True,True,True,
71375116,内村　賢介,True,True,True,True,
71375117,上本　達之,True,True,True,True,
71375118,岩本　貴裕,True,True,True,True,
71375119,小川　将俊,True,True,True,True,
71375130,井領　雅貴,True,True,True,True,
71375131,岩尾　利弘,True,True,True,True,
71375132,石橋　良太,True,True,True,True,
71375133,岩本　輝,True,True,True,True,
71375134,大江 竜聖,True,True,True,True,
71375135,江柄子　裕樹,True,True,True,True,
71375136,遠藤 淳志,True,True,True,True,
71375137,江村　将也,True,True,True,True,
71375138,太田 光,True,True,True,True,
71375139,岩橋　慶侍,True,True,True,True,
71375150,伊原 陵人,True,True,True,True,
71375151,井上　広輝,True,True,True,True,
71375153,伊藤 将司,True,True,True,True,
71375155,鵜飼 航丞,True,True,True,True,
71375159,上田 希由翔,True,True,True,True,
71475110,松家　卓弘,True,True,True,True,
71475111,吉川　勝成,True,True,True,True,
71475112,藤岡　好明,True,True,True,True,
71475113,山崎　勝己,True,True,True,True,
71475114,野原　将志,True,True,True,True,
71475115,細川　亨,True,True,True,True,
71475116,古川　祐樹,True,True,True,True,
71475118,日高　亮,True,True,True,True,
71475131,松井　佑介,True,True,True,True,
71475132,西川 龍馬,True,True,True,True,
71475133,福山　博之,True,True,True,True,
71475134,中尾　輝,True,True,True,True,
71475135,西川　健太郎,True,True,True,True,
71475136,西巻　賢二,True,True,True,True,
71475138,羽月　隆太郎,True,True,True,True,
71475139,嶺井 博希,True,True,True,True,
71475150,立松 由宇,True,True,True,True,
71475159,東松 快征,True,True,True,True,
71573880,五島　裕二,True,True,True,True,
71573887,小池　秀郎,True,True,True,True,
71573889,斉藤　秀光,True,True,True,True,
71575111,佐々木　貴賀,True,True,True,True,
71575113,甲斐　雅人,True,True,True,True,
71575115,小田嶋　正邦,True,True,True,True,
71575116,加治前　竜一,True,True,True,True,
71575117,裕次郎,True,True,True,True,
71575118,香月　良仁,True,True,True,True,
71575131,荻野　貴司,True,True,True,True,
71575132,小笠原　慎之介,True,True,True,True,
71575134,拓也,True,True,True,True,
71575135,亀澤　恭平,True,True,True,True,
71575136,神里 和毅,True,True,True,True,
71575137,笠原　大芽,True,True,True,True,
71575138,柿木　蓮,True,True,True,True,
71575139,奥浪　鏡,True,True,True,True,
71575153,内間　拓馬,True,True,True,True,
71575157,河野　佳,True,True,True,True,
71575159,尾田 剛樹,True,True,True,True,
71675110,K.ウィット,True,True,True,True,
71675112,松永　浩典,True,True,True,True,
71675113,渡辺　俊介,True,True,True,True,
71675114,増渕　竜義,True,True,True,True,
71675116,森田　一成,True,True,True,True,
71675118,宮田　和希,True,True,True,True,
71675131,B.ウルフ,True,True,True,True,
71675132,姫野　優也,True,True,True,True,
71675134,浜地　真澄,True,True,True,True,
71675135,益田 直也,True,True,True,True,
71675137,M.アコスタ,True,True,True,True,
71675138,牧野 翔矢,True,True,True,True,
71675139,吉田　一将,True,True,True,True,
71675152,平川 蓮,True,True,True,True,
71675157,濱 将乃介,True,True,True,True,
71773864,土橋　勝征,True,True,True,True,
71773880,高橋　建,True,True,True,True,
71773884,塩崎　真,True,True,True,True,
71773888,柴田　博之,True,True,True,True,
71775110,齋藤　俊雄,True,True,True,True,
71775111,高木　康成,True,True,True,True,
71775112,木谷　寿巳,True,True,True,True,
71775114,菊地　正法,True,True,True,True,
71775115,後藤　光尊,True,True,True,True,
71775116,小林　賢司,True,True,True,True,
71775117,木佐貫　洋,True,True,True,True,
71775119,佐藤　充,True,True,True,True,
71775131,鬼屋敷　正人,True,True,True,True,
71775132,黒瀬　健太,True,True,True,True,
71775134,源田 壮亮,True,True,True,True,
71775135,小石　博孝,True,True,True,True,
71775136,ケムナ 誠,True,True,True,True,
71775137,島井　寛仁,True,True,True,True,
71775138,久保　拓眞,True,True,True,True,
71775139,九里 亜蓮,True,True,True,True,
71775151,小野寺 暖,True,True,True,True,
71775152,九谷 瑠,True,True,True,True,
71775155,木村 大成,True,True,True,True,
71775157,小孫　竜二,True,True,True,True,
71775159,木村 優人,True,True,True,True,
71873888,J.パーラ,True,True,True,True,
71875110,A.リグス,True,True,True,True,
71875112,山口　鉄也,True,True,True,True,
71875114,山本　淳,True,True,True,True,
71875116,M.キニー,True,True,True,True,
71875119,D.ゴンザレス,True,True,True,True,
71875130,八百板　卓丸,True,True,True,True,
71875131,T.バーネット,True,True,True,True,
71875133,山下　斐紹,True,True,True,True,
71875134,堀岡 隼人,True,True,True,True,
71875135,森内　壽春,True,True,True,True,
71875136,宮台　康平,True,True,True,True,
71875138,森脇　亮介,True,True,True,True,
71875139,C.カーペンター,True,True,True,True,
71875151,宮城 大弥,True,True,True,True,
71875153,藤井 聖,True,True,True,True,
71875155,ブライト 健太,True,True,True,True,
71875157,前田 純,True,True,True,True,
71973882,長谷川　昌幸,True,True,True,True,
71973888,寺本　四郎,True,True,True,True,
71973889,平井　正史,True,True,True,True,
71975110,竹原　直隆,True,True,True,True,
71975112,鈴木　将光,True,True,True,True,
71975115,髙橋　聡文,True,True,True,True,
71975116,白仁田　寛和,True,True,True,True,
71975117,小谷野　栄一,True,True,True,True,
71975119,田中　雅彦,True,True,True,True,
71975131,武内　久士,True,True,True,True,
71975132,佐藤　優,True,True,True,True,
71975134,佐々木 千隼,True,True,True,True,
71975135,島内　宏明,True,True,True,True,
71975136,塩見 泰隆,True,True,True,True,
71975137,田川　賢吾,True,True,True,True,
71975138,正隨　優弥,True,True,True,True,
71975139,園部　聡,True,True,True,True,
71975152,阪上 翔也,True,True,True,True,
71975155,阪口 樂,True,True,True,True,
71975159,佐藤 啓介,True,True,True,True,
73075132,F.ポーリーノ,True,True,True,True,
73075134,S.ファイフ,True,True,True,True,
73075153,D.アルバレス,True,True,True,True,
73075155,B.バレラ,True,True,True,True,
73075157,J.ミエセス,True,True,True,True,
73075159,Ｆ．レイエス,True,True,True,True,
73175112,C.ギッセル,True,True,True,True,
73175114,L.カーター,True,True,True,True,
73175116,H.ボカチカ,True,True,True,True,
73175117,K.バーン,True,True,True,True,
73175118,N.パヤノ,True,True,True,True,
73175131,B.マーフィー,True,True,True,True,
73175134,宗接　唯人,True,True,True,True,
73175135,ニック,True,True,True,True,
73175136,山﨑　剛,True,True,True,True,
73175137,V.ロッティーノ,True,True,True,True,
73175138,渡邊 佳明,True,True,True,True,
73175139,T.ブラックリー,True,True,True,True,
73175150,村上 泰斗,True,True,True,True,
73175151,柳町 達,True,True,True,True,
73175152,毛利 海大,True,True,True,True,
73175153,松木平 優太,True,True,True,True,
73175155,松本 竜也,True,True,True,True,
73175157,宮﨑 颯,True,True,True,True,
73175159,松田　啄磨,True,True,True,True,
73275155,J.ワゲスパック,True,True,True,True,
73275157,A.ハンソン,True,True,True,True,
73373881,種田　仁,True,True,True,True,
73375110,K.レイボーン,True,True,True,True,
73375112,C.ガルバ,True,True,True,True,
73375114,R.ボーグルソン,True,True,True,True,
73375116,A.バルディリス,True,True,True,True,
73375131,J.ホワイトセル,True,True,True,True,
73375132,渡邉　大樹,True,True,True,True,
73375133,A.フィガロ,True,True,True,True,
73375134,吉川 尚輝,True,True,True,True,
73375135,R.ピント,True,True,True,True,
73375136,渡邊　佑樹,True,True,True,True,
73375137,K.レイ,True,True,True,True,
73375138,J.ハンコック,True,True,True,True,
73375151,T.オースティン,True,True,True,True,
73375152,Ｊ．ウレーニャ,True,True,True,True,
73375153,森浦 大輔,True,True,True,True,
73375157,矢澤 宏太,True,True,True,True,
73375159,村田　賢一,True,True,True,True,
73475155,C.メネズ,True,True,True,True,
73573868,星野　おさむ,True,True,True,True,
73575112,J.ミラー,True,True,True,True,
73575114,S.ラミレス,True,True,True,True,
73575130,ミゲル・メヒア,True,True,True,True,
73575132,宋 家豪,True,True,True,True,
73575134,E.キャンベル,True,True,True,True,
73575135,D.モルケン,True,True,True,True,
73575136,D.ジー,True,True,True,True,
73575138,K.レグナルト,True,True,True,True,
73575139,Z.ラッツ,True,True,True,True,
73575150,Ｔ．キャベッジ,True,True,True,True,
73575151,A.ジョーンズ,True,True,True,True,
73575152,Ｍ．サノー,True,True,True,True,
73575153,渡部　健人,True,True,True,True,
73575159,Ａ．アブレウ,True,True,True,True,
73775130,M.ライブリー,True,True,True,True,
73775132,M.ヘイグ,True,True,True,True,
73775133,L.ガルシア,True,True,True,True,
73775134,M.ダフィー,True,True,True,True,
73775136,D.モレノ,True,True,True,True,
73775138,S.ソリス,True,True,True,True,
73775151,M.ピープルズ,True,True,True,True,
73775152,Ｃ．マッカスカー,True,True,True,True,
73775155,M.アンドリース,True,True,True,True,
73775157,L.カスティーヨ,True,True,True,True,
73775159,J.コルデロ,True,True,True,True,
73873868,堀　幸一,True,True,True,True,
73975132,J.ロマック,True,True,True,True,
73975134,S.ロメロ,True,True,True,True,
73975136,Ａ．マルティネス,True,True,True,True,
73975150,Ｅ．ラミレス,True,True,True,True,
73975152,Ｅ．ルーカス,True,True,True,True,
73975153,R.ロサリオ,True,True,True,True,
73975155,K.ケラー,True,True,True,True,
73975157,S.ノイジー,True,True,True,True,
73975159,Ｔ．ハーン,True,True,True,True,
77575159,下川 隼佑,True,True,True,True,
81083880,山村　宏樹,True,True,True,True,
81083882,三木　肇,True,True,True,True,
81083888,牧谷　宇佐美,True,True,True,True,
81085110,野間口　貴彦,True,True,True,True,
81085111,前田　忠節,True,True,True,True,
81085112,内藤　雄太,True,True,True,True,
81085114,田中　大輔,True,True,True,True,
81085115,中村 剛也,True,True,True,True,
81085116,中田　祥多,True,True,True,True,
81085117,館山　昌平,True,True,True,True,
81085118,仲澤　広基,True,True,True,True,
81085119,松村　豊司,True,True,True,True,
81085130,田中　英祐,True,True,True,True,
81085131,比嘉　幹貴,True,True,True,True,
81085132,田中　豊樹,True,True,True,True,
81085133,靍岡　賢二郎,True,True,True,True,
81085136,田中　俊太,True,True,True,True,
81085137,古本　武尊,True,True,True,True,
81085138,頓宮 裕真,True,True,True,True,
81085139,濱矢　廣大,True,True,True,True,
81085150,柴田 獅子,True,True,True,True,
81085152,髙木 快大,True,True,True,True,
81085153,佐藤　蓮,True,True,True,True,
81085155,大勢,True,True,True,True,
81085157,辻 大雅,True,True,True,True,
81183882,大友　進,True,True,True,True,
81183884,入来　祐作,True,True,True,True,
81183888,岩瀬　仁紀,True,True,True,True,
81183889,大家　友和,True,True,True,True,
81185110,梅津　智弘,True,True,True,True,
81185111,大島　裕行,True,True,True,True,
81185112,井野　卓,True,True,True,True,
81185113,荒金　久雄,True,True,True,True,
81185114,岩﨑　達郎,True,True,True,True,
81185116,伊藤 光,True,True,True,True,
81185117,稲嶺　誉,True,True,True,True,
81185118,猪本　健太郎,True,True,True,True,
81185119,内海　哲也,True,True,True,True,
81185130,石崎　剛,True,True,True,True,
81185131,市川　友也,True,True,True,True,
81185133,磯村　嘉孝,True,True,True,True,
81185134,糸原 健斗,True,True,True,True,
81185135,伊藤　隼太,True,True,True,True,
81185136,伊藤　康祐,True,True,True,True,
81185137,井上　公志,True,True,True,True,
81185138,梅津　晃大,True,True,True,True,
81185139,石川 亮,True,True,True,True,
81185150,石見 颯真,True,True,True,True,
81185157,茨木 秀俊,True,True,True,True,
81185159,伊藤 琉偉,True,True,True,True,
81283883,下柳　剛,True,True,True,True,
81283885,林　孝哉,True,True,True,True,
81285110,星　秀和,True,True,True,True,
81285111,村西　哲幸,True,True,True,True,
81285112,平野 佳寿,True,True,True,True,
81285114,中村　真人,True,True,True,True,
81285116,平野　将光,True,True,True,True,
81285117,長峰　昌司,True,True,True,True,
81285118,野上　亮磨,True,True,True,True,
81285119,由田　慎太郎,True,True,True,True,
81285130,友永　翔太,True,True,True,True,
81285131,増井　浩俊,True,True,True,True,
81285132,中川 皓太,True,True,True,True,
81285134,寺島　成輝,True,True,True,True,
81285135,中後　悠平,True,True,True,True,
81285136,中村 奨成,True,True,True,True,
81285137,溝脇　隼人,True,True,True,True,
81285138,根尾 昂,True,True,True,True,
81285139,松井　裕樹,True,True,True,True,
81285151,津森 宥紀,True,True,True,True,
81285155,徳山　壮磨,True,True,True,True,
81383880,北川　博敏,True,True,True,True,
81383885,河本　育之,True,True,True,True,
81383886,川中　基嗣,True,True,True,True,
81383888,川井　貴志,True,True,True,True,
81385110,亀井　善行,True,True,True,True,
81385111,木村　考壱朗,True,True,True,True,
81385112,越智　大祐,True,True,True,True,
81385113,岡上　和典,True,True,True,True,
81385115,大須賀　允,True,True,True,True,
81385116,岡本　秀寛,True,True,True,True,
81385117,大原　秉秀,True,True,True,True,
81385118,岡田　幸文,True,True,True,True,
81385119,川岸　強,True,True,True,True,
81385130,太田　賢吾,True,True,True,True,
81385131,大嶺　翔太,True,True,True,True,
81385132,大木　貴将,True,True,True,True,
81385133,大石　達也,True,True,True,True,
81385134,小野　泰己,True,True,True,True,
81385137,緒方　凌介,True,True,True,True,
81385138,小郷 裕哉,True,True,True,True,
81385139,大山　暁史,True,True,True,True,
81385150,浦田 俊輔,True,True,True,True,
81385151,海野 隆司,True,True,True,True,
81385152,大栄 利哉,True,True,True,True,
81385153,岩田 将貴,True,True,True,True,
81385155,岡田 悠希,True,True,True,True,
81385157,加藤　豪将,True,True,True,True,
81385159,大谷 輝龍,True,True,True,True,
81483886,渡辺　正人,True,True,True,True,
81485110,森　跳二,True,True,True,True,
81485112,枡田　慎太郎,True,True,True,True,
81485113,山本　省吾,True,True,True,True,
81485114,深町　亮介,True,True,True,True,
81485116,三輪　正義,True,True,True,True,
81485117,村田　修一,True,True,True,True,
81485118,藤原　紘通,True,True,True,True,
81485130,フェルナンド,True,True,True,True,
81485131,山室　公志郎,True,True,True,True,
81485132,長谷川　潤,True,True,True,True,
81485139,山本　翔也,True,True,True,True,
81485151,樋口　龍之介,True,True,True,True,
81485155,野口 智哉,True,True,True,True,
81485157,萩尾 匡也,True,True,True,True,
81485159,成田 晴風,True,True,True,True,
81583864,高木　晃次,True,True,True,True,
81583866,緒方　孝市,True,True,True,True,
81583880,島田　一輝,True,True,True,True,
81583884,小山　伸一郎,True,True,True,True,
81583888,酒井　順也,True,True,True,True,
81585110,桑原　義行,True,True,True,True,
81585111,條辺　剛,True,True,True,True,
81585112,川島　慶三,True,True,True,True,
81585116,久米　勇紀,True,True,True,True,
81585117,鎌倉　健,True,True,True,True,
81585118,楠城　祐介,True,True,True,True,
81585119,桟原　将司,True,True,True,True,
81585131,河野　元貴,True,True,True,True,
81585132,川越 誠司,True,True,True,True,
81585134,京田 陽太,True,True,True,True,
81585136,熊谷 敬宥,True,True,True,True,
81585137,公文　克彦,True,True,True,True,
81585138,上茶谷 大河,True,True,True,True,
81585139,金平　将至,True,True,True,True,
81585150,狩生 聖真,True,True,True,True,
81585151,岡林 勇希,True,True,True,True,
81585152,勝田 成,True,True,True,True,
81585153,緒方 理貢,True,True,True,True,
81585157,久保 修,True,True,True,True,
81685110,J.ブラウン,True,True,True,True,
81685112,柳田　殖生,True,True,True,True,
81685115,ドミンゴ,True,True,True,True,
81685116,S.アッチソン,True,True,True,True,
81685117,林　威助,True,True,True,True,
81685118,山崎　憲晴,True,True,True,True,
81685130,宮﨑　敦次,True,True,True,True,
81685132,船越　涼太,True,True,True,True,
81685133,森越　祐人,True,True,True,True,
81685134,古谷　優人,True,True,True,True,
81685135,三家　和真,True,True,True,True,
81685137,A.ジョーンズ,True,True,True,True,
81685138,松本 航,True,True,True,True,
81685139,渡邉　諒,True,True,True,True,
81685150,廣池 康志郎,True,True,True,True,
81685152,藤原 聡大,True,True,True,True,
81685153,長谷川 信哉,True,True,True,True,
81685155,福島 蓮,True,True,True,True,
81685157,福永 裕基,True,True,True,True,
81783884,関本　賢太郎,True,True,True,True,
81785110,染田　賢作,True,True,True,True,
81785112,齊藤　悠葵,True,True,True,True,
81785114,神戸　拓光,True,True,True,True,
81785115,志田　宗大,True,True,True,True,
81785116,由規,True,True,True,True,
81785117,河野　友軌,True,True,True,True,
81785118,杉谷　拳士,True,True,True,True,
81785119,杉原　洋,True,True,True,True,
81785130,近藤　弘基,True,True,True,True,
81785131,庄司　隼人,True,True,True,True,
81785132,近藤　大亮,True,True,True,True,
81785133,駿太,True,True,True,True,
81785134,榊原　翼,True,True,True,True,
81785136,阪口 皓亮,True,True,True,True,
81785137,鈴木　誠也,True,True,True,True,
81785138,佐藤　龍世,True,True,True,True,
81785139,鈴木　翔太,True,True,True,True,
81785150,工藤 泰成,True,True,True,True,
81785151,河野 竜生,True,True,True,True,
81785153,川原田　純平,True,True,True,True,
81785155,古賀 悠斗,True,True,True,True,
81785157,坂本 拓己,True,True,True,True,
81885110,P.フェリシアーノ,True,True,True,True,
81885112,若竹　竜士,True,True,True,True,
81885114,渡辺　直人,True,True,True,True,
81885116,T.ヒューズ,True,True,True,True,
81885118,M.チルダース,True,True,True,True,
81885130,山下　幸輝,True,True,True,True,
81885131,D.ブラウン,True,True,True,True,
81885132,望月　惇志,True,True,True,True,
81885133,カラスコ,True,True,True,True,
81885134,水野　滉也,True,True,True,True,
81885135,R.ウィリアムス,True,True,True,True,
81885136,安田 尚憲,True,True,True,True,
81885137,B.ラヘア,True,True,True,True,
81885138,横川 凱,True,True,True,True,
81885139,C.セドン,True,True,True,True,
81885150,宮崎 竜成,True,True,True,True,
81885151,持丸 泰輝,True,True,True,True,
81885155,正木 智也,True,True,True,True,
81885159,堀 柊那,True,True,True,True,
81983880,本間　満,True,True,True,True,
81983882,日高　剛,True,True,True,True,
81983883,奈良原　浩,True,True,True,True,
81983886,坪井　智哉,True,True,True,True,
81983888,福原　忍,True,True,True,True,
81983889,松井　稼頭央,True,True,True,True,
81985111,野口　祥順,True,True,True,True,
81985112,高口　隆行,True,True,True,True,
81985114,下園　辰哉,True,True,True,True,
81985116,多田野　数人,True,True,True,True,
81985118,立岡　宗一郎,True,True,True,True,
81985130,鈴木　優,True,True,True,True,
81985131,戸村　健次,True,True,True,True,
81985132,鈴木　昂平,True,True,True,True,
81985133,澤村　拓一,True,True,True,True,
81985134,菅原　秀,True,True,True,True,
81985135,鈴木 大地,True,True,True,True,
81985136,鈴木　遼太郎,True,True,True,True,
81985137,辻　東倫,True,True,True,True,
81985138,滝野　要,True,True,True,True,
81985151,小峯　新陸,True,True,True,True,
81985152,篠﨑 国忠,True,True,True,True,
81985155,柴田 大地,True,True,True,True,
81985157,曽谷 龍平,True,True,True,True,
81985159,庄司 陽斗,True,True,True,True,
83085132,C.ペゲーロ,True,True,True,True,
83085155,C.ポンセ,True,True,True,True,
83085157,M.ゴンザレス,True,True,True,True,
83185110,B.トーマス,True,True,True,True,
83185112,J.リーファー,True,True,True,True,
83185116,デ　ラ　ロサ,True,True,True,True,
83185118,D.ラズナー,True,True,True,True,
83185130,J.グスマン,True,True,True,True,
83185131,E.スタルツ,True,True,True,True,
83185132,吉田　侑樹,True,True,True,True,
83185133,B.バリントン,True,True,True,True,
83185134,山岡 泰輔,True,True,True,True,
83185135,K.ミコライオ,True,True,True,True,
83185137,B.ボイヤー,True,True,True,True,
83185138,A.スアレス,True,True,True,True,
83185139,K.ユーキリス,True,True,True,True,
83185150,山口 廉王,True,True,True,True,
83185151,G.イノーア,True,True,True,True,
83185152,横田 蒼和,True,True,True,True,
83185153,三好　大倫,True,True,True,True,
83185155,味谷 大誠,True,True,True,True,
83185159,宮崎 一樹,True,True,True,True,
83285157,M.フェリス,True,True,True,True,
83385112,V.マルテ,True,True,True,True,
83385113,B.シコースキー,True,True,True,True,
83385114,F.グラセスキ,True,True,True,True,
83385116,C.リーソップ,True,True,True,True,
83385118,J.ムニス,True,True,True,True,
83385130,R.バルデス,True,True,True,True,
83385132,C.C.リー,True,True,True,True,
83385133,E.マクレーン,True,True,True,True,
83385134,R.オーレンドルフ,True,True,True,True,
83385135,T.ドイル,True,True,True,True,
83385136,F.カスティーヨ,True,True,True,True,
83385138,J.メネセス,True,True,True,True,
83385139,E.メヒア,True,True,True,True,
83385150,渡部 聖弥,True,True,True,True,
83385151,A.サンチェス,True,True,True,True,
83385152,Ａ．コックス,True,True,True,True,
83385153,山村 崇嘉,True,True,True,True,
83385157,吉川 悠斗,True,True,True,True,
83385159,横山 聖哉,True,True,True,True,
83585114,J.スタンリッジ,True,True,True,True,
83585130,M.サンティアゴ,True,True,True,True,
83585132,A.バンヘッケン,True,True,True,True,
83585133,R.サンチェス,True,True,True,True,
83585134,K.ジェンセン,True,True,True,True,
83585136,D.ハフ,True,True,True,True,
83585138,J.サンタナ,True,True,True,True,
83585152,Ｃ．ディベイニー,True,True,True,True,
83585153,K.クロン,True,True,True,True,
83585155,A.アルカンタラ,True,True,True,True,
83585157,T.アンバギー,True,True,True,True,
83585159,A.ガルシア,True,True,True,True,
83785130,A.カステヤーノス,True,True,True,True,
83785132,M.マテオ,True,True,True,True,
83785133,E.バリオス,True,True,True,True,
83785134,G.ヘルメン,True,True,True,True,
83785136,Y.グラシアル,True,True,True,True,
83785150,Ｊ．ボスラー,True,True,True,True,
83785151,M.ムーア,True,True,True,True,
83785153,E.テームズ,True,True,True,True,
83785155,F.ガルビス,True,True,True,True,
83785157,F.シュウィンデル,True,True,True,True,
83785159,孫 易磊,True,True,True,True,
83985132,S.アダメス,True,True,True,True,
83985134,O.コラス,True,True,True,True,
83985136,J.ロドリゲス,True,True,True,True,
83985152,Ｌ．リン,True,True,True,True,
83985155,B.スミス,True,True,True,True,
83985157,L.ブリンソン,True,True,True,True,
85583868,谷繁　元信,True,True,True,True,
91093881,田之上　慶三郎,True,True,True,True,
91093888,藤﨑　紘範,True,True,True,True,
91093889,諸積　兼司,True,True,True,True,
91095110,中村　一生,True,True,True,True,
91095111,藤井　秀悟,True,True,True,True,
91095113,仲澤　忠厚,True,True,True,True,
91095114,高市　俊,True,True,True,True,
91095115,寺原　隼人,True,True,True,True,
91095118,土屋　健二,True,True,True,True,
91095119,比嘉　寿光,True,True,True,True,
91095132,高橋　樹也,True,True,True,True,
91095134,高梨 雄平,True,True,True,True,
91095135,高橋 周平,True,True,True,True,
91095136,髙橋 遥人,True,True,True,True,
91095138,知野 直人,True,True,True,True,
91095139,西浦　直亨,True,True,True,True,
91095150,佐野 大陽,True,True,True,True,
91095151,佐藤 直樹,True,True,True,True,
91095152,新保 茉良,True,True,True,True,
91095153,笹川 吉康,True,True,True,True,
91095157,田中 千晴,True,True,True,True,
91095159,杉山 遙希,True,True,True,True,
91193880,稲葉　篤紀,True,True,True,True,
91193884,石井　義人,True,True,True,True,
91193886,五十嵐　亮太,True,True,True,True,
91195110,石川　雄洋,True,True,True,True,
91195112,青山　浩二,True,True,True,True,
91195113,赤星　憲広,True,True,True,True,
91195115,天野　浩一,True,True,True,True,
91195116,安部　友裕,True,True,True,True,
91195117,新垣　渚,True,True,True,True,
91195119,糸井　嘉男,True,True,True,True,
91195130,飯田　哲矢,True,True,True,True,
91195131,阿南　徹,True,True,True,True,
91195132,青山　大紀,True,True,True,True,
91195133,荒木　郁也,True,True,True,True,
91195134,池田　駿,True,True,True,True,
91195137,新垣　勇人,True,True,True,True,
91195138,石橋 康太,True,True,True,True,
91195139,秋吉　亮,True,True,True,True,
91195150,有馬 惠叶,True,True,True,True,
91195151,石川 昂弥,True,True,True,True,
91195157,浅野 翔吾,True,True,True,True,
91195159,石上 泰輝,True,True,True,True,
91293881,野口　寿浩,True,True,True,True,
91293882,横山　道哉,True,True,True,True,
91293883,石本　努,True,True,True,True,
91293884,森　慎二,True,True,True,True,
91293887,真中　満,True,True,True,True,
91293888,水田　章雄,True,True,True,True,
91293889,度会　博文,True,True,True,True,
91295110,平石　洋介,True,True,True,True,
91295112,西山　道隆,True,True,True,True,
91295114,李　杜軒,True,True,True,True,
91295115,早川　大輔,True,True,True,True,
91295116,根本　朋久,True,True,True,True,
91295117,龍太郎,True,True,True,True,
91295118,西川　雅人,True,True,True,True,
91295130,寺田　哲也,True,True,True,True,
91295131,二神　一人,True,True,True,True,
91295133,中村　恭平,True,True,True,True,
91295134,玉井 大翔,True,True,True,True,
91295135,十亀　剣,True,True,True,True,
91295139,藤井　亮太,True,True,True,True,
91295150,荘司 宏太,True,True,True,True,
91295151,立野　和明,True,True,True,True,
91295152,立石 正広,True,True,True,True,
91295153,ブランドン,True,True,True,True,
91295155,竹山　日向,True,True,True,True,
91295157,内藤 鵬,True,True,True,True,
91295159,武田 陸玖,True,True,True,True,
91393880,憲史,True,True,True,True,
91393882,カツノリ,True,True,True,True,
91393886,小田　幸平,True,True,True,True,
91393887,金田　政彦,True,True,True,True,
91393888,小山田　保裕,True,True,True,True,
91395110,岡﨑　太一,True,True,True,True,
91395111,上坂　太一郎,True,True,True,True,
91395114,上野　貴久,True,True,True,True,
91395115,井手　正太郎,True,True,True,True,
91395116,梅田　尚通,True,True,True,True,
91395118,上野　大樹,True,True,True,True,
91395119,押本　健彦,True,True,True,True,
91395130,岩下　大輝,True,True,True,True,
91395131,運天　ジョン・クレイトン,True,True,True,True,
91395132,板山 祐太郎,True,True,True,True,
91395134,大村　孟,True,True,True,True,
91395135,大嶋　匠,True,True,True,True,
91395138,太田 椋,True,True,True,True,
91395139,上林 誠知,True,True,True,True,
91395151,植田 将太,True,True,True,True,
91395152,岩城 颯空,True,True,True,True,
91395153,伊藤 優輔,True,True,True,True,
91395159,上田 大河,True,True,True,True,
91493885,町田　公二郎,True,True,True,True,
91493886,森谷　昭仁,True,True,True,True,
91493888,吉本　亮,True,True,True,True,
91495111,吉崎　勝,True,True,True,True,
91495112,古谷　拓哉,True,True,True,True,
91495115,前田　章宏,True,True,True,True,
91495116,松山　傑,True,True,True,True,
91495117,前田　大輔,True,True,True,True,
91495130,西野 真弘,True,True,True,True,
91495131,眞下　貴之,True,True,True,True,
91495134,長坂 拳弥,True,True,True,True,
91495135,西田　直斗,True,True,True,True,
91495136,西村　天裕,True,True,True,True,
91495137,森　雄大,True,True,True,True,
91495138,濱田 太貴,True,True,True,True,
91495139,森 友哉,True,True,True,True,
91495150,田内 真翔,True,True,True,True,
91495151,西　純矢,True,True,True,True,
91495152,成瀬 脩人,True,True,True,True,
91495153,戸田　懐生,True,True,True,True,
91495155,仲田 慶介,True,True,True,True,
91495157,西村 瑠伊斗,True,True,True,True,
91593882,清水　崇行,True,True,True,True,
91593884,倉野　信次,True,True,True,True,
91593886,笹川　隆,True,True,True,True,
91593887,小林　宏,True,True,True,True,
91593888,金城　龍彦,True,True,True,True,
91595110,岸本　秀樹,True,True,True,True,
91595111,佐竹　健太,True,True,True,True,
91595114,大引　啓次,True,True,True,True,
91595115,梶本　勇介,True,True,True,True,
91595116,梶本　達哉,True,True,True,True,
91595119,呉本　成徳,True,True,True,True,
91595130,風張　蓮,True,True,True,True,
91595131,小野　淳平,True,True,True,True,
91595132,岡田　明丈,True,True,True,True,
91595133,甲斐 拓也,True,True,True,True,
91595135,嘉弥真　新也,True,True,True,True,
91595136,岸田 行倫,True,True,True,True,
91595137,加藤　翔平,True,True,True,True,
91595139,奥村　展征,True,True,True,True,
91595150,岡本 駿,True,True,True,True,
91595151,大下　誠一郎,True,True,True,True,
91595152,岡城 快生,True,True,True,True,
91595153,内山 壮真,True,True,True,True,
91595157,菊地 吏玖,True,True,True,True,
91693882,T.ローズ,True,True,True,True,
91695110,K.ガルシア,True,True,True,True,
91695114,松本　幸大,True,True,True,True,
91695119,G.ラロッカ,True,True,True,True,
91695131,エドガー,True,True,True,True,
91695132,平沢 大河,True,True,True,True,
91695133,南　昌輝,True,True,True,True,
91695134,平井　克典,True,True,True,True,
91695135,飛雄馬,True,True,True,True,
91695137,A.アブレイユ,True,True,True,True,
91695138,益子 京右,True,True,True,True,
91695139,吉田　裕太,True,True,True,True,
91695150,中村 優斗,True,True,True,True,
91695151,藤田 健斗,True,True,True,True,
91695153,並木 秀尊,True,True,True,True,
91695157,林 琢真,True,True,True,True,
91695159,早坂 響,True,True,True,True,
91793864,中嶋　聡,True,True,True,True,
91793880,秀太,True,True,True,True,
91793882,玉木　重雄,True,True,True,True,
91793884,柴原　洋,True,True,True,True,
91793886,鈴木　郁洋,True,True,True,True,
91795110,定岡　卓摩,True,True,True,True,
91795111,鷹野　史寿,True,True,True,True,
91795112,木下　達生,True,True,True,True,
91795113,木元　邦之,True,True,True,True,
91795114,岸 孝之,True,True,True,True,
91795115,近藤　一樹,True,True,True,True,
91795117,北川　隼行,True,True,True,True,
91795118,榊原　諒,True,True,True,True,
91795130,倉本　寿彦,True,True,True,True,
91795131,清田　育宏,True,True,True,True,
91795132,國場　翼,True,True,True,True,
91795134,郡 拓也,True,True,True,True,
91795135,小島　脩平,True,True,True,True,
91795137,下水流　昂,True,True,True,True,
91795139,小林 誠司,True,True,True,True,
91795150,菊地 ハルン,True,True,True,True,
91795151,及川 雅貴,True,True,True,True,
91795152,工藤 泰己,True,True,True,True,
91795155,京本　眞,True,True,True,True,
91795159,草加 勝,True,True,True,True,
91893883,山﨑　健,True,True,True,True,
91895110,M.ロマノ,True,True,True,True,
91895112,山崎　隆広,True,True,True,True,
91895115,F.セギノール,True,True,True,True,
91895116,B.コズロースキー,True,True,True,True,
91895117,J.オーティズ,True,True,True,True,
91895118,C.アギーラ,True,True,True,True,
91895130,薮田　和樹,True,True,True,True,
91895131,バルデス,True,True,True,True,
91895132,松本　直晃,True,True,True,True,
91895133,山田 哲人,True,True,True,True,
91895136,宮本　秀明,True,True,True,True,
91895137,B.ブラッドリー,True,True,True,True,
91895138,山口 航輝,True,True,True,True,
91895139,B.カニザレス,True,True,True,True,
91895150,冨士 大和,True,True,True,True,
91895151,宮田　輝星,True,True,True,True,
91895153,二俣 翔一,True,True,True,True,
91895155,古市 尊,True,True,True,True,
91895157,益田 武尚,True,True,True,True,
91895159,藤田 悠太郎,True,True,True,True,
91993880,橋本　将,True,True,True,True,
91993884,谷　佳知,True,True,True,True,
91993885,髙村　祐,True,True,True,True,
91993886,ミツル,True,True,True,True,
91993888,徳元　敏,True,True,True,True,
91993889,平尾　博嗣,True,True,True,True,
91995110,田中　彰,True,True,True,True,
91995111,戸部　浩,True,True,True,True,
91995112,炭谷 銀仁朗,True,True,True,True,
91995113,伊達　昌司,True,True,True,True,
91995114,佐藤　賢治,True,True,True,True,
91995117,紺田　敏正,True,True,True,True,
91995118,攝津　正,True,True,True,True,
91995119,筒井　和也,True,True,True,True,
91995130,佐野　皓大,True,True,True,True,
91995131,長野　久義,True,True,True,True,
91995133,齊藤　勝,True,True,True,True,
91995134,佐野 恵太,True,True,True,True,
91995135,縞田　拓弥,True,True,True,True,
91995136,島田 海吏,True,True,True,True,
91995137,武田　健吾,True,True,True,True,
91995138,杉山 一樹,True,True,True,True,
91995139,祖父江　大輔,True,True,True,True,
91995151,紅林 弘太郎,True,True,True,True,
91995152,相良 雅斗,True,True,True,True,
91995153,栗林 良吏,True,True,True,True,
91995157,清水 叶人,True,True,True,True,
91995159,澤柳　亮太郎,True,True,True,True,
93095132,L.セプティモ,True,True,True,True,
93095134,Y.ドレイク,True,True,True,True,
93095150,Ｏ．ゴンザレス,True,True,True,True,
93095153,R.ラベロ,True,True,True,True,
93095155,J.ビドル,True,True,True,True,
93095157,Y.メンデス,True,True,True,True,
93095159,M.レイノルズ,True,True,True,True,
93193883,鈴木尚,True,True,True,True,
93193888,S.オバンドー,True,True,True,True,
93195112,J.グラボースキー,True,True,True,True,
93195113,S.マクレーン,True,True,True,True,
93195114,A.ガイエル,True,True,True,True,
93195116,D.リオス,True,True,True,True,
93195118,R.バレット,True,True,True,True,
93195130,イ・デウン,True,True,True,True,
93195131,R.メッセンジャー,True,True,True,True,
93195132,山本 泰寛,True,True,True,True,
93195134,森原 康平,True,True,True,True,
93195135,W.ペーニャ,True,True,True,True,
93195136,山本　大貴,True,True,True,True,
93195137,J.ロペス,True,True,True,True,
93195138,渡邉 陸,True,True,True,True,
93195139,M.ボウデン,True,True,True,True,
93195150,モイセエフ ニキータ,True,True,True,True,
93195152,森 陽樹,True,True,True,True,
93195153,松本　隆之介,True,True,True,True,
93195155,丸山 和郁,True,True,True,True,
93295155,M.シューメーカー,True,True,True,True,
93295157,Ｈ．メヒア,True,True,True,True,
93393868,山田　勝彦,True,True,True,True,
93395110,J.スチュワート,True,True,True,True,
93395114,D.ホリンズ,True,True,True,True,
93395116,E.ヤング,True,True,True,True,
93395117,J.ベバリン,True,True,True,True,
93395130,A.セラテリ,True,True,True,True,
93395131,B.ハーパー,True,True,True,True,
93395134,廖　任磊,True,True,True,True,
93395135,J.ソーサ,True,True,True,True,
93395136,渡邉　雄大,True,True,True,True,
93395137,J.トーマス,True,True,True,True,
93395138,C.ビヤヌエバ,True,True,True,True,
93395139,Y.ベタンコート,True,True,True,True,
93395150,吉田 聖弥,True,True,True,True,
93395151,J.ガンケル,True,True,True,True,
93395153,矢野 雅哉,True,True,True,True,
93395155,森 翔平,True,True,True,True,
93395157,山浅　龍之介,True,True,True,True,
93395159,村田 怜音,True,True,True,True,
93495155,R.ガゼルマン,True,True,True,True,
93595114,R.クルス,True,True,True,True,
93595118,J.ベイリス,True,True,True,True,
93595132,K.デイビーズ,True,True,True,True,
93595134,P.ギルメット,True,True,True,True,
93595135,D.マシス,True,True,True,True,
93595136,T.シェッパーズ,True,True,True,True,
93595138,C.ローレンス,True,True,True,True,
93595139,H.メンドーサ,True,True,True,True,
93595150,古林 睿煬,True,True,True,True,
93595151,D.J.ジョンソン,True,True,True,True,
93595152,Ｂ．シーモア,True,True,True,True,
93595153,R.アーリン,True,True,True,True,
93595155,山本 恵大,True,True,True,True,
93795130,N.ペレス,True,True,True,True,
93795132,B.ヘーゲンズ,True,True,True,True,
93795134,F.ハーマン,True,True,True,True,
93795136,T.ヤングマン,True,True,True,True,
93795138,R.デラロサ,True,True,True,True,
93795151,T.ビエイラ,True,True,True,True,
93795153,K.シャッケルフォード,True,True,True,True,
93795155,A.ウィルカーソン,True,True,True,True,
93795157,Ｏ．カリステ,True,True,True,True,
93795159,A.ザバラ,True,True,True,True,
93993868,大道　典嘉,True,True,True,True,
93995132,P.ミッシュ,True,True,True,True,
93995134,J.ロンドン,True,True,True,True,
93995136,E.ナバーロ,True,True,True,True,
93995152,Ｓ．レイノルズ,True,True,True,True,
93995155,T.ゲレーロ,True,True,True,True,
93995157,M.バニュエロス,True,True,True,True,
93995159,T.ハッチ,True,True,True,True,
