npb_player_id,status,birth_date_raw,pro_debut_raw,career_raw
"01005134","ok","1998年9月27日","2016年ドラフト2位","花咲徳栄高"
"01005137","ok","1990年6月20日","2012年ドラフト1位","沖縄尚学高 - 亜細亜大"
"01005153","ok","1996年5月13日","2020年ドラフト2位","木造高 - 富士大 - NTT東日本"
"01005157","ok","2004年6月6日","2022年ドラフト3位","日本文理高"
"01005159","ok","2006年3月21日","2023年ドラフト4位","常葉大菊川高"
"01105134","ok","1994年10月1日","2016年ドラフト2位","創価高 - 創価大"
"01105135","ok","1993年4月27日","2011年ドラフト3位","東大阪大柏原高"
"01105138","ok","1997年3月2日","2018年ドラフト6位","金沢西高 - 金沢星稜大"
"01105150","ok","2002年5月18日","2024年ドラフト3位","久留米商 - 富士大"
"01105151","ok","2001年6月7日","2019年育成選手ドラフト1位","黒沢尻工"
"01105152","ok","1999年6月24日","2025年ドラフト7位","向上高 - 横浜商科大 - ENEOS"
"01105153","ok","1992年11月3日","2020年ドラフト6位","酒田南高 - 成美大 - 日本生命"
"01105155","ok","2003年5月21日","2021年ドラフト2位","千葉学芸高"
"01105159","ok","2001年6月20日","2023年ドラフト5位","星城高 - JR西日本"
"01205118","ok","1991年3月6日","2008年育成選手ドラフト5位","新湊高"
"01205138","ok","1996年7月8日","2018年ドラフト5位","清峰高 - 亜細亜大"
"01205150","ok","2002年10月2日","2024年ドラフト2位","横浜高 - 神奈川大"
"01205152","ok","2004年3月17日","2025年ドラフト2位","星稜高 - 日本大"
"01205155","ok","2004年3月27日","2021年ドラフト1位","天理高"
"01305130","ok","1996年4月19日","2014年ドラフト5位","近江高"
"01305131","ok","1985年11月9日","2009年ドラフト5位","享栄高 - 駒沢大 - 日本生命"
"01305138","ok","1994年2月3日","2018年ドラフト3位","桐陽高 - 日本体育大 - 新日鉄住金鹿島"
"01305152","ok","2003年7月2日","2025年ドラフト2位","日本航空高 - 大阪学院大"
"01305153","ok","2003年1月28日","2020年ドラフト1位","花咲徳栄高"
"01305157","ok","1999年1月13日","2022年ドラフト2位","九州産大九州高 - 帝京大 - 日本製鉄鹿島"
"01305159","ok","2004年6月23日","2023年育成選手ドラフト3位","松山工 - 四国・愛媛"
"01405130","ok","1993年1月28日","2014年ドラフト1位","村野工 - 中部学院大"
"01405138","ok","2000年11月16日","2018年ドラフト3位","智弁和歌山高"
"01405150","ok","2006年6月25日","2024年ドラフト4位","高崎健康福祉大高崎高"
"01405152","ok","2007年12月28日","2025年ドラフト6位","神村学園高伊賀"
"01505118","ok","1990年10月18日","2008年ドラフト6位","飯塚高"
"01505136","ok","2000年1月12日","2017年ドラフト5位","白鴎大足利高"
"01505150","ok","2002年10月7日","2024年ドラフト6位","白樺学園高 - NTT東日本"
"01505151","ok","1997年12月14日","2019年育成選手ドラフト2位","土浦湖北高 - 仙台大"
"01505152","ok","2007年5月3日","2025年ドラフト6位","富島高"
"01505155","ok","1997年1月12日","2021年ドラフト9位","倉敷商 - 日本大 - NTT東日本"
"01505157","ok","2000年12月18日","2022年ドラフト5位","近江高 - 中央大"
"01605132","ok","1997年8月16日","2015年ドラフト4位","敦賀気比高"
"01605138","ok","2000年6月17日","2018年ドラフト2位","明秀学園日立高"
"01605152","ok","2002年3月10日","2025年ドラフト5位","大宮東高 - 平成国際大 - 日本通運"
"01605157","ok","2001年10月29日","2022年ドラフト6位","近江高 - 西濃運輸"
"01605159","ok","2005年7月6日","2023年ドラフト3位","東海大菅生高"
"01705130","ok","1996年7月4日","2014年ドラフト2位","春江工"
"01705132","ok","1998年3月9日","2015年ドラフト2位","日大三島高"
"01705134","ok","1998年8月7日","2016年ドラフト5位","明徳義塾高"
"01705138","ok","2000年6月7日","2018年ドラフト1位","報徳学園高"
"01705152","ok","2007年7月31日","2025年ドラフト4位","札幌日大高"
"01705155","ok","1999年6月20日","2021年ドラフト3位","本庄東高 - 新潟医療福祉大"
"01805136","ok","1995年4月3日","2017年ドラフト6位","履正社高 - 奈良学園大"
"01805150","ok","2006年11月17日","2024年ドラフト2位","東海大相模高"
"01805151","ok","2001年6月15日","2019年ドラフト4位","都城東高"
"01805152","ok","2000年5月25日","2025年ドラフト4位","彦根東高 - 慶応大 - トヨタ自動車"
"01905134","ok","1994年4月27日","2016年ドラフト8位","大阪桐蔭高 - 立教大"
"01905136","ok","1999年11月3日","2017年ドラフト4位","花咲徳栄高"
"01905138","ok","1996年8月19日","2018年ドラフト8位","向上高 - 富士大"
"01905139","ok","1995年7月12日","2013年ドラフト5位","北山高"
"01905151","ok","2001年4月17日","2019年ドラフト2位","智弁和歌山高"
"01905152","ok","2007年6月30日","2025年ドラフト4位","昌平高"
"03005150","ok","1991年2月13日","","ミズーリ州大 - カージナルス - ヤンキース - パドレス - ナショナルズ - ブルワーズ"
"03005157","ok","2000年2月15日","","ビタリーナモルダンデクルーズ校 - ブルージェイズ"
"03005159","ok","2002年3月31日","","エスクエラエイデ高 - キューバ・ビジャクララ"
"03105136","ok","2000年1月31日","2017年ドラフト6位","市立西宮高"
"03105150","ok","2006年12月25日","2024年ドラフト3位","桐光学園高"
"03105151","ok","2001年5月4日","2019年ドラフト5位","星稜高"
"03105157","ok","2001年1月6日","2022年ドラフト2位","静岡高 - 明治大"
"03105159","ok","1999年4月14日","2023年ドラフト2位","東海大菅生高 - 亜細亜大 - トヨタ自動車"
"03305150","ok","2002年8月16日","2024年ドラフト5位","東邦高 - 早稲田大"
"03305152","ok","1996年1月10日","","ウニダエドゥカティーバタレントデポルティーバカマグアン校 - パドレス - ダイヤモンドバックス - メッツ - マリナーズ - オリオールズ"
"03305153","ok","1998年10月10日","2020年ドラフト2位","明石商 - 東海大"
"03505132","ok","1988年1月10日","","ディビナプロビデンシア校 - カブス"
"03505136","ok","1989年2月28日","","マリスタデグアイナボ高 - レッズ"
"03505152","ok","1997年5月7日","","ケンタッキー大 - ジャイアンツ"
"03505155","ok","1997年12月28日","2021年ドラフト6位","宮崎学園高 - 国学院大 - セガサミー"
"03705152","ok","1996年4月15日","","ビクトルエステバンロレンソ校 - レッズ - パイレーツ"
"03905152","ok","1995年7月8日","","カリフォルニア州大サクラメント校 - ジャイアンツ - アスレチックス - ロイヤルズ"
"1003884","ok","1974年4月18日","1996年ドラフト6位","北海高 - 中央大"
"1003886","ok","1979年5月5日","1997年ドラフト1位","智弁和歌山高"
"1003888","ok","1980年11月10日","1998年ドラフト1位","豊田大谷高"
"1003889","ok","1971年8月2日","1993年ドラフト2位","松商学園高 - 明治大"
"1005112","ok","1987年6月21日","2005年高校生ドラフト4巡目","加賀高"
"1005113","ok","1982年7月31日","2000年ドラフト5位","伊丹北高"
"1005114","ok","1985年6月24日","2006年大学生・社会人ドラフト希望枠","熊本・鎮西高 - 日産自動車"
"1005116","ok","1990年1月16日","2007年高校生ドラフト6巡目","北陸大谷高"
"1005117","ok","1984年6月25日","2002年ドラフト1巡目","東北高"
"1005130","ok","1996年8月8日","2014年ドラフト7位","横浜高"
"1005132","ok","1993年4月18日","2015年ドラフト1位","日大三高 - 明治大"
"1005133","ok","1993年1月30日","2010年育成選手ドラフト4位","蒲郡高"
"1005134","ok","1998年9月27日","2016年ドラフト2位","花咲徳栄高"
"1005135","ok","1993年4月3日","2011年ドラフト1位","宮崎日大高"
"1005136","ok","1995年11月2日","2017年ドラフト2位","専大松戸高 - 専修大"
"1005137","ok","1990年6月20日","2012年ドラフト1位","沖縄尚学高 - 亜細亜大"
"1005138","ok","2000年4月2日","2018年ドラフト8位","松山聖陵高"
"1005139","ok","1988年9月29日","2013年ドラフト4位","今治北高 - 関西外国語大 - ニチダイ"
"1005153","ok","1996年5月13日","2020年ドラフト2位","木造高 - 富士大 - NTT東日本"
"1005157","ok","2004年6月6日","2022年ドラフト3位","日本文理高"
"1005159","ok","2006年3月21日","2023年ドラフト4位","常葉大菊川高"
"11013882","ok","1978年2月1日","1995年ドラフト5位","日南学園高"
"11013884","ok","1978年7月9日","1996年ドラフト3位","南部高"
"11013889","ok","1970年10月1日","1993年ドラフト4位","福崎高 - 新日鉄広畑"
"11015110","ok","1982年6月16日","2004年ドラフト自由枠","拓大紅陵高 - 新日本石油"
"11015112","ok","1981年12月4日","2005年大学生・社会人ドラフト希望枠","大体大浪商高 - 徳山大 - ホンダ鈴鹿"
"11015115","ok","1979年7月14日","2001年ドラフト5巡目","甲府工 - 国士舘大"
"11015116","ok","1989年9月18日","2007年高校生ドラフト1巡目","常葉菊川高"
"11015119","ok","1985年10月13日","2003年ドラフト6巡目","横浜高"
"11015130","ok","1986年10月21日","2014年ドラフト5位","北海高 - 室蘭シャークス"
"11015132","ok","1991年5月10日","2015年ドラフト2位","日大三高 - 明治大 - JR東日本"
"11015133","ok","1988年9月6日","2010年ドラフト1位","帝京五高 - 八戸大"
"11015136","ok","1999年6月18日","2017年育成選手ドラフト3位","沖縄尚学高"
"11015137","ok","1988年9月4日","2012年ドラフト6位","東京・大成高 - 高千穂大 - JR東日本"
"11015138","ok","1996年12月27日","2018年ドラフト1位","社高 - 立命館大"
"11015139","ok","1989年6月15日","2013年ドラフト2位","富田高 - 桐蔭横浜大 - 富士重工"
"11015150","ok","2002年12月24日","2024年ドラフト1位","県立岐阜商 - 青山学院大"
"11015151","ok","1997年7月28日","2019年ドラフト2位","福岡大大濠高 - 立命館大"
"11015152","ok","2003年4月30日","2025年ドラフト2位","木更津総合高 - 東洋大"
"11015153","ok","1998年9月22日","2020年育成選手ドラフト1位","豊南高 - 札幌学院大"
"11015155","ok","2003年9月8日","2021年ドラフト6位","明徳義塾高"
"11015157","ok","1998年7月9日","2022年ドラフト5位","前原高 - 九州共立大 - NTT西日本"
"11015159","ok","2002年3月10日","2023年ドラフト2位","筑陽学園高 - 上武大"
"1103882","ok","1977年9月14日","1995年ドラフト4位","東京学館高"
"1103883","ok","1971年12月30日","1990年ドラフト1位","上宮高"
"1103884","ok","1974年3月12日","1996年ドラフト3位","西条農 - 三菱重工広島"
"1103886","ok","1979年7月13日","1997年ドラフト2位","水戸商"
"1103888","ok","1977年1月30日","1998年ドラフト6位","広島工 - 駒沢大"
"1105110","ok","1986年6月7日","2004年ドラフト5巡目","菰野高"
"1105111","ok","1981年4月12日","1999年ドラフト5位","堀越高"
"1105112","ok","1983年8月16日","2005年大学生・社会人ドラフト4巡目","広陵高 - 駒沢大"
"1105113","ok","1982年6月1日","2000年ドラフト4位","宿毛高"
"1105115","ok","1983年11月8日","2001年ドラフト9巡目","福井商"
"1105117","ok","1985年3月15日","2002年ドラフト7巡目","育英高"
"1105118","ok","1984年10月19日","2008年ドラフト3位","藤代高 - 中央大 - 住友金属鹿島"
"1105119","ok","1979年11月6日","2003年ドラフト5巡目","広陵高 - 駒沢大 - NKK - JFE西日本"
"1105130","ok","1996年10月11日","2014年ドラフト7位","日本文理高"
"1105131","ok","1987年7月26日","2009年ドラフト3位","帝京三高 - 近畿大"
"1105132","ok","1990年11月14日","2015年ドラフト9位","東海大山形高 - 東海大 - 鷺宮製作所"
"1105133","ok","1986年1月25日","2010年ドラフト3位","横浜高 - 東海大 - トヨタ自動車"
"1105134","ok","1994年10月1日","2016年ドラフト2位","創価高 - 創価大"
"1105135","ok","1993年4月27日","2011年ドラフト3位","東大阪大柏原高"
"1105136","ok","1995年7月12日","2017年育成選手ドラフト1位","桐生第一高 - 上武大"
"1105137","ok","1990年11月27日","2012年育成選手ドラフト3位","神戸弘陵高 - 東京農業大生産学部"
"1105138","ok","1997年3月2日","2018年ドラフト6位","金沢西高 - 金沢星稜大"
"1105151","ok","2001年6月7日","2019年育成選手ドラフト1位","黒沢尻工"
"1105153","ok","1992年11月3日","2020年ドラフト6位","酒田南高 - 成美大 - 日本生命"
"1105155","ok","2003年5月21日","2021年ドラフト2位","千葉学芸高"
"1105159","ok","2001年6月20日","2023年ドラフト5位","星城高 - JR西日本"
"11213880","ok","1976年6月11日","1994年ドラフト5位","福井商"
"11213884","ok","1974年6月8日","1996年ドラフト3位","帝京高 - 早稲田大"
"11213886","ok","1979年11月28日","1997年ドラフト3位","興誠高"
"11213889","ok","1975年6月3日","1993年ドラフト4位","国東高"
"11215110","ok","1980年4月28日","2004年ドラフト4巡目","久御山高 - 東北福祉大 - 日本新薬"
"11215112","ok","1984年9月30日","2005年育成選手ドラフト1巡目","仙台育英高 - 立命館大中退 - 四国・愛媛"
"11215113","ok","1977年12月4日","2000年ドラフト6位","八代東高 - 新日鉄君津"
"11215114","ok","1988年11月1日","2006年高校生ドラフト1巡目","駒大苫小牧高"
"11215115","ok","1983年9月24日","2001年ドラフト5巡目","神埼高"
"11215116","ok","1989年11月5日","2007年高校生ドラフト3巡目","帝京高"
"11215118","ok","1991年1月11日","2008年ドラフト5位","福岡工"
"11215119","ok","1981年12月8日","2003年ドラフト自由枠","熊本市立高 - 九州共立大"
"11215131","ok","1991年4月23日","2009年ドラフト4位","帝京五高"
"11215132","ok","1997年4月16日","2015年ドラフト3位","豊橋中央高"
"11215133","ok","1989年6月16日","2010年ドラフト7位","生光学園高 - 大阪商業大中退 - 四国・徳島"
"11215134","ok","1994年8月8日","2016年ドラフト3位","西南学院高 - 立教大"
"11215135","ok","1989年7月23日","2011年ドラフト3位","古河一高 - 白鴎大"
"11215137","ok","1994年7月29日","2012年ドラフト2位","光星学院高"
"11215138","ok","2000年6月20日","2018年ドラフト3位","松商学園高"
"11215151","ok","1997年12月11日","2019年ドラフト3位","東海大甲府高 - 国士舘大"
"11215153","ok","1998年9月2日","2020年育成選手ドラフト5位","霞ヶ浦高 - 仙台大"
"11215155","ok","2003年8月12日","2021年ドラフト7位","県立岐阜商"
"11313884","ok","1979年2月9日","1996年ドラフト2位","宇和島東高"
"11313887","ok","1970年8月10日","1992年ドラフト7位","鹿沼商工 - 全足利"
"11313888","ok","1975年4月3日","1998年ドラフト1位","東海大仰星高 - 大阪体育大"
"11313889","ok","1976年2月13日","1993年ドラフト3位","育英高"
"11315110","ok","1986年10月31日","2004年ドラフト1巡目","宇治山田商"
"11315112","ok","1987年5月24日","2005年高校生ドラフト2巡目","中越高"
"11315114","ok","1982年10月13日","2006年大学生・社会人ドラフト5巡目","行田工 - 国士舘大 - 三菱重工横浜硬式野球クラブ"
"11315115","ok","1980年1月22日","2001年ドラフト自由枠","秋田商 - 青山学院大"
"11315116","ok","1982年6月2日","2007年大学生・社会人ドラフト4巡目","東福岡高 - 国学院大 - JR東海"
"11315117","ok","1980年10月29日","2002年ドラフト10巡目","沼津学園高 - ローソン"
"11315118","ok","1986年11月4日","2008年ドラフト2位","岡山県共生高 - 関西国際大"
"11315130","ok","1993年3月1日","2014年ドラフト2位","広島工 - 法政大"
"11315131","ok","1991年7月25日","2009年ドラフト5位","盛岡大付高"
"11315132","ok","1997年4月25日","2015年ドラフト5位","霞ヶ浦高"
"11315134","ok","1998年5月25日","2016年ドラフト9位","岐阜・中京高"
"11315136","ok","1999年2月10日","2017年ドラフト3位","横芝敬愛高 - 四国・徳島"
"11315138","ok","1996年9月10日","2018年育成選手ドラフト1位","新潟明訓高 - 新潟医療福祉大"
"11315139","ok","1989年7月3日","2013年ドラフト5位","崇徳高 - 中央大 - 日本生命"
"11315150","ok","2003年2月10日","2024年ドラフト3位","常総学院高 - 東洋大"
"11315152","ok","2007年10月27日","2025年ドラフト5位","れいめい高"
"11315153","ok","1998年11月27日","2020年ドラフト2位","佐野日大高 - 中央大"
"11315157","ok","2004年9月2日","2022年ドラフト1位","誉高"
"11315159","ok","1998年4月30日","2023年ドラフト7位","川之江高 - 立正大 - ENEOS"
"11413888","ok","1976年6月15日","1998年ドラフト2位","横浜高 - 法政大"
"11415110","ok","1976年9月6日","2004年ドラフト4巡目","サウスアラバマ大 - ツインズ - ブルージェイズ"
"11415111","ok","1978年1月6日","1999年ドラフト3位","岐阜・中京商 - トヨタ自動車"
"11415112","ok","1983年4月23日","2005年大学生・社会人ドラフト6巡目","静岡高 - 中京大"
"11415113","ok","1978年5月21日","2000年ドラフト3位","浦和学院高 - 東洋大"
"11415114","ok","1984年4月2日","2006年大学生・社会人ドラフト7巡目","三重高 - 法政大"
"11415115","ok","1976年12月29日","2001年ドラフト5巡目","大体大浪商高 - 東京農業大生産学部 - 三菱自動車岡崎"
"11415117","ok","1978年9月19日","2002年ドラフト4巡目","奈良・郡山高 - 慶応大 - 日本IBM野洲"
"11415118","ok","1985年1月7日","2008年育成選手ドラフト1位","大宮東高 - 国士舘大 - BC・富山"
"11415130","ok","1992年6月15日","2014年育成選手ドラフト1位","大牟田高 - 福岡大"
"11415133","ok","1987年9月5日","2010年ドラフト5位","松商学園高 - 龍谷大 - 関西・明石"
"11415134","ok","1995年3月1日","2016年ドラフト3位","箕面学園高 - 中部学院大"
"11415135","ok","1993年5月7日","2011年ドラフト4位","長崎・海星高"
"11415137","ok","1994年5月26日","2012年ドラフト5位","鳴門渦潮高"
"11415138","ok","2000年9月10日","2018年ドラフト3位","早稲田実"
"11415139","ok","1987年8月28日","2013年育成選手ドラフト2位","阪南大高 - 阪南大 - シティライト岡山 - ミキハウスREDS"
"11415150","ok","1999年7月5日","2024年ドラフト1位","履正社高 - 明治大 - 三菱重工West"
"11415151","ok","1997年10月10日","2019年ドラフト3位","慶応高 - 慶応大"
"11415153","ok","2002年11月26日","2020年ドラフト5位","履正社高"
"11415157","ok","2000年6月24日","2022年育成選手ドラフト1位","瀬戸内高 - 青森大"
"11415159","ok","2001年8月27日","2023年ドラフト6位","高田商 - 大阪経済大"
"11513862","ok","1968年4月1日","1985年ドラフト1位","PL学園高"
"11513888","ok","1973年6月8日","1998年ドラフト2位","学法石川高 - 青山学院大 - 日産自動車"
"11515110","ok","1980年6月17日","2004年ドラフト4巡目","上田西高 - 大東文化大 - 日本通運"
"11515112","ok","1980年11月19日","2005年大学生・社会人ドラフト5巡目","秋田経法大付高 - 秋田経法大中退 - シダックス"
"11515113","ok","1974年10月21日","2000年ドラフト4位","峰山高 - 佐藤工務店 - 阿部企業 - ヤオハンジャパン - アムウェイ・レッドソックス - ヤマハ"
"11515114","ok","1984年10月18日","2006年大学生・社会人ドラフト6巡目","常総学院高 - 青山学院大"
"11515115","ok","1983年5月21日","2001年ドラフト1巡目","浦和学院高"
"11515116","ok","1985年9月2日","2007年大学生・社会人ドラフト3巡目","尽誠学園高 - 近畿大"
"11515117","ok","1984年6月2日","2002年ドラフト1巡目","報徳学園高"
"11515118","ok","1990年8月11日","2008年ドラフト6位","近江高"
"11515119","ok","1981年9月9日","2003年ドラフト自由枠","千葉経大付高 - 八戸大"
"11515130","ok","1996年6月30日","2014年ドラフト1位","智弁学園高"
"11515131","ok","1991年12月5日","2009年ドラフト1位","智弁和歌山高"
"11515132","ok","1993年6月14日","2015年ドラフト3位","興南高 - 立教大"
"11515133","ok","1988年9月26日","2010年ドラフト1位","京都外大西高 - 佛教大"
"11515134","ok","1994年8月7日","2016年育成選手ドラフト1位","旭川西高 - 早稲田大 - BC・信濃"
"11515135","ok","1989年5月22日","2011年育成選手ドラフト2位","佐野日大高 - 白鴎大"
"11515137","ok","1990年5月16日","2012年ドラフト2位","愛知・成章高 - 創価大"
"11515138","ok","1996年7月7日","2018年ドラフト3位","浦和学院高 - 早稲田大"
"11515139","ok","1991年7月15日","2013年ドラフト3位","倉敷商 - 明治大"
"11515150","ok","2000年8月3日","2024年ドラフト4位","天理高 - 国学院大 - 日鉄ステンレス"
"11515151","ok","1998年3月14日","2019年ドラフト6位","高陽東高 - 広島文化学園大"
"11515152","ok","2003年10月26日","2025年ドラフト3位","東海大相模高 - 東海大"
"11515153","ok","2002年9月6日","2020年育成選手ドラフト2位","享栄高"
"11515155","ok","1999年11月7日","2021年ドラフト5位","沖縄尚学高 - 亜細亜大"
"11515157","ok","2001年1月24日","2022年ドラフト4位","創価高 - 創価大"
"11515159","ok","2002年3月27日","2023年ドラフト6位","白鴎大足利高 - 東日本国際大"
"11613881","ok","1965年8月6日","1989年ドラフト2位","川西明峰高 - 立命館大 - トヨタ自動車"
"11613883","ok","1972年12月12日","1990年ドラフト6位","星稜高"
"11615110","ok","1982年8月17日","2004年ドラフト4巡目","福井商 - 青山学院大"
"11615112","ok","1978年8月24日","2005年大学生・社会人ドラフト3巡目","横浜高 - 亜細亜大 - JR東日本"
"11615114","ok","1989年2月10日","2006年高校生ドラフト1巡目","多摩大聖ヶ丘高"
"11615115","ok","1976年11月5日","2001年ドラフト9巡目","春日部共栄高 - 城西大 - 日本通運"
"11615116","ok","1985年7月23日","2007年大学生・社会人ドラフト4巡目","市立船橋高 - 中央大"
"11615117","ok","1984年7月15日","2002年ドラフト1巡目","明徳義塾高"
"11615118","ok","1986年4月29日","2008年ドラフト4位","鹿児島城西高 - 早稲田大"
"11615130","ok","1992年4月17日","2014年ドラフト3位","習志野高 - 中央大"
"11615131","ok","1985年9月4日","2009年ドラフト2位","南部高 - 近畿大 - 三菱重工神戸"
"11615134","ok","1998年8月23日","2016年育成選手ドラフト2位","聖徳学園高"
"11615135","ok","1989年7月17日","2011年ドラフト1位","桐生第一高 - 東洋大"
"11615137","ok","1991年2月3日","2012年ドラフト6位","金沢西高 - 国学院大"
"11615138","ok","1996年12月14日","2018年ドラフト7位","横浜創学館高 - 星槎道都大"
"11615139","ok","1991年7月17日","2013年ドラフト3位","金光大阪高 - 東京農業大"
"11615151","ok","2001年8月7日","2019年育成選手ドラフト4位","日章学園高"
"11615153","ok","1998年5月18日","2020年育成選手ドラフト8位","千葉経大付高 - 東京農業大北海道オホーツク"
"11615155","ok","1996年12月1日","2021年ドラフト4位","藤井学園寒川高 - 拓殖大 - NTT西日本"
"11615157","ok","2000年9月18日","2022年育成選手ドラフト1位","興国高 - 中央学院大"
"11713880","ok","1973年4月17日","1994年ドラフト5位","春日部共栄高 - 青山学院大中退"
"11713882","ok","1973年12月7日","1995年ドラフト1位","桐蔭学園高 - 慶応大"
"11713884","ok","1974年10月27日","1996年ドラフト4位","東海大四高 - 東海大"
"11713886","ok","1972年11月13日","1997年ドラフト3位","福井・大野高 - 龍谷大 - NTT北陸"
"11715110","ok","1982年6月11日","2004年ドラフト5巡目","国士舘高 - 国士舘大"
"11715111","ok","1981年6月8日","1999年ドラフト4位","佐賀東高"
"11715112","ok","1979年12月5日","2005年大学生・社会人ドラフト4巡目","文徳高 - 三菱重工長崎"
"11715113","ok","1982年12月17日","2000年ドラフト3位","前橋工"
"11715114","ok","1981年12月4日","2006年大学生・社会人ドラフト6巡目","国士舘高 - 青山学院大 - ホンダ"
"11715118","ok","1985年12月8日","2008年ドラフト5位","二松学舎大付高 - 亜細亜大中退 - JR東日本"
"11715130","ok","1993年2月25日","2014年ドラフト9位","大阪学院大高 - 大阪商業大"
"11715131","ok","1991年8月23日","2009年ドラフト2位","福岡大大濠高"
"11715132","ok","1997年9月15日","2015年ドラフト6位","大分商"
"11715133","ok","1986年3月30日","2010年ドラフト6位","鹿児島商 - 福岡大 - 熊本ゴールデンラークス"
"11715134","ok","1998年7月4日","2016年ドラフト4位","近江高"
"11715135","ok","1993年6月21日","2011年ドラフト5位","明徳義塾高"
"11715136","ok","1995年5月16日","2017年ドラフト3位","神戸国際大付高 - 岡山商科大"
"11715137","ok","1990年9月29日","2012年ドラフト5位","智弁和歌山高 - 東海大"
"11715138","ok","2000年12月12日","2018年ドラフト5位","創成館高"
"11715139","ok","1995年4月3日","2013年ドラフト7位","花巻東高"
"11715151","ok","1997年6月3日","2019年ドラフト6位","県立横須賀工 - 東海大九州キャンパス"
"11715152","ok","2004年1月18日","2025年育成選手ドラフト4位","盛岡大付高 - 神奈川大"
"11715153","ok","1998年4月5日","2020年ドラフト3位","前橋育英高 - 国学院大"
"11715155","ok","1999年8月13日","2021年育成選手ドラフト2位","北海高 - 仙台大"
"11813881","ok","1971年8月28日","1989年ドラフト4位","尽誠学園高"
"11815110","ok","1974年4月21日","","デラウェア大 - レンジャーズ - ロッキーズ - 韓国・現代"
"11815114","ok","1988年7月30日","2006年育成選手ドラフト1巡目","つくば秀英高"
"11815116","ok","1976年6月4日","","真興高 - 韓国・ヘテ - 韓国・三星"
"11815117","ok","1981年2月21日","2002年ドラフト自由枠","浜田高 - 早稲田大"
"11815118","ok","1986年9月21日","2008年育成選手ドラフト3位","尼崎工 - 大阪経済大"
"11815119","ok","1980年4月6日","","コレーヒオサンチェス高"
"11815130","ok","1996年6月7日","2014年ドラフト2位","横浜隼人高"
"11815131","ok","1978年1月24日","","ホセパブロアビラ高 - 台湾・誠泰 - 米マイナー - 台湾・統一"
"11815132","ok","1997年4月15日","2015年ドラフト4位","静岡高"
"11815134","ok","1994年4月15日","2016年ドラフト2位","宇都宮工 - 明治大"
"11815135","ok","1993年6月7日","2011年ドラフト3位","九州国際大付高"
"11815136","ok","1999年5月21日","2017年ドラフト3位","横浜高"
"11815137","ok","1979年9月5日","","カリフォルニア大サンタバーバラ校 - ロッキーズ"
"11815138","ok","2000年4月7日","2018年ドラフト4位","横浜高"
"11815139","ok","1982年3月30日","","マヌエルファハルド大 - 米マイナー"
"11815150","ok","2001年4月27日","2024年育成選手ドラフト2位","日大三高 - JFE東日本 - 四国・愛媛"
"11815155","ok","1999年7月28日","2021年ドラフト3位","横浜高 - 国学院大"
"11815159","ok","2001年10月6日","2023年育成選手ドラフト2位","聖望学園高 - 白鴎大"
"11913882","ok","1973年4月23日","1995年ドラフト1位","上宮高 - 明治大"
"11915110","ok","1987年2月23日","2004年ドラフト3巡目","横浜創学館高"
"11915111","ok","1981年5月20日","1999年ドラフト2位","東福岡高"
"11915112","ok","1983年9月2日","2005年大学生・社会人ドラフト7巡目","長野日大高 - 国学院大"
"11915114","ok","1985年10月7日","2006年大学生・社会人ドラフト希望枠","遊学館高 - 大阪ガス"
"11915116","ok","1985年4月20日","2007年大学生・社会人ドラフト1巡目","前橋商 - 日本大"
"11915117","ok","1980年6月5日","2002年ドラフト自由枠","横浜高 - 法政大"
"11915130","ok","1996年12月18日","2014年ドラフト5位","北照高"
"11915132","ok","1993年11月10日","2015年ドラフト2位","履正社高 - 明治大"
"11915133","ok","1986年2月24日","2010年ドラフト3位","東海大相模高 - 東海大 - 七十七銀行"
"11915134","ok","1998年5月29日","2016年ドラフト4位","日大三高"
"11915135","ok","1986年7月26日","2011年ドラフト3位","大宮武蔵野高 - 東海大北海道キャンパス - ホンダ"
"11915136","ok","1999年6月25日","2017年ドラフト5位","日大三高"
"11915137","ok","1990年5月6日","2012年ドラフト3位","岡山理大付高 - 亜細亜大"
"11915139","ok","1995年7月20日","2013年育成選手ドラフト1位","明桜高"
"11915151","ok","2001年6月28日","2019年ドラフト4位","九州学院高"
"11915153","ok","1998年4月25日","2020年ドラフト1位","慶応高 - 慶応大"
"11915155","ok","1998年10月10日","2021年ドラフト7位","角館高 - TDK"
"11915159","ok","2005年4月5日","2023年ドラフト2位","滝川二高"
"1203886","ok","1972年10月17日","1997年ドラフト3位","島原中央高 - 西濃運輸"
"1205110","ok","1983年1月13日","2004年ドラフト12巡目","桐蔭学園高 - 法政大"
"1205111","ok","1981年7月9日","1999年ドラフト5位","報徳学園高"
"1205112","ok","1983年7月8日","2005年大学生・社会人ドラフト3巡目","花咲徳栄高 - 東北福祉大"
"1205113","ok","1979年11月1日","2000年ドラフト1位","新屋高 - 川崎製鉄千葉"
"1205114","ok","1988年9月23日","2006年高校生ドラフト1巡目","愛工大名電高"
"1205115","ok","1983年9月19日","2001年ドラフト7巡目","市立船橋高"
"1205116","ok","1985年5月21日","2007年大学生・社会人ドラフト1巡目","杜若高 - 愛知工業大"
"1205117","ok","1980年12月14日","2002年ドラフト自由枠","新庄高 - 亜細亜大"
"1205118","ok","1991年3月6日","2008年育成選手ドラフト5位","新湊高"
"1205119","ok","1981年4月8日","2003年ドラフト自由枠","勢多農林高 - 平成国際大"
"1205130","ok","1996年4月29日","2014年育成選手ドラフト1位","北海高"
"1205131","ok","1987年7月15日","2009年ドラフト1位","清峰高 - 日本文理大"
"1205134","ok","1994年9月19日","2016年ドラフト6位","報徳学園高 - 立教大"
"1205135","ok","1989年7月21日","2011年育成選手ドラフト1位","三田学園高 - 立命館大"
"1205137","ok","1988年4月16日","2012年ドラフト1位","高松商 - 関西国際大 - 大阪ガス"
"1205138","ok","1996年7月8日","2018年ドラフト5位","清峰高 - 亜細亜大"
"1205151","ok","2001年12月22日","2019年ドラフト5位","開星高"
"1205153","ok","1998年6月3日","2020年ドラフト2位","平塚学園高 - 法政大"
"1205155","ok","2004年3月27日","2021年ドラフト1位","天理高"
"13015132","ok","1985年2月1日","","セントロアカデミコロジャース高 - ドジャース - ブルワーズ"
"13015134","ok","1987年9月15日","","マニュエルファハルドキューバ国立体育大 - キューバ・グランマ"
"13015136","ok","1991年1月18日","","テキサスA&M大 - レッドソックス"
"13015153","ok","2004年9月25日","","フアンホセドゥアルテ校"
"13015155","ok","1989年9月11日","","ハーバードウエストレイク高 - ツインズ - パイレーツ"
"13015157","ok","1991年12月7日","","テキサス大 - レッズ - ホワイトソックス"
"1303864","ok","1965年5月12日","1983年ドラフト3位","中京高"
"1303868","ok","1968年11月7日","1986年ドラフト2位","愛工大名電高"
"1303880","ok","1969年1月5日","1994年ドラフト4位","日大二高 - 亜細亜大 - 日産自動車"
"1303882","ok","1973年7月29日","1995年ドラフト2位","聖望学園高 - 東北福祉大"
"1303885","ok","1969年6月27日","1991年ドラフト2位","PL学園高 - 同志社大"
"1303886","ok","1979年5月19日","1997年ドラフト2位","興誠高"
"1305110","ok","1983年2月17日","2004年ドラフト3巡目","宇都宮学園高 - 東京ガス"
"1305112","ok","1983年9月13日","2005年大学生・社会人ドラフト4巡目","金光大阪高 - 京都学園大"
"1305113","ok","1983年2月20日","2000年ドラフト3位","北照高"
"1305114","ok","1981年4月10日","2006年大学生・社会人ドラフト3巡目","樟南高 - トヨタ自動車"
"1305115","ok","1983年8月26日","2001年ドラフト3巡目","PL学園高"
"1305116","ok","1989年8月12日","2007年高校生ドラフト3巡目","帝京高"
"1305117","ok","1980年9月3日","2002年ドラフト自由枠","盈進高 - 専修大"
"1305118","ok","1986年7月4日","2008年ドラフト3位","広陵高 - 早稲田大"
"1305119","ok","1982年7月27日","2003年ドラフト自由枠","柳川高 - 東芝"
"1305130","ok","1996年4月19日","2014年ドラフト5位","近江高"
"1305131","ok","1985年11月9日","2009年ドラフト5位","享栄高 - 駒沢大 - 日本生命"
"1305132","ok","1993年9月1日","2015年ドラフト1位","北筑高 - 駒沢大"
"1305133","ok","1986年8月7日","2010年ドラフト1位","小林西高 - 福岡大 - 東京ガス"
"1305136","ok","1992年7月6日","2017年ドラフト2位","崇徳高 - 亜細亜大 - 三菱重工広島"
"1305137","ok","1994年7月5日","2012年ドラフト1位","花巻東高"
"1305138","ok","1994年2月3日","2018年ドラフト3位","桐陽高 - 日本体育大 - 新日鉄住金鹿島"
"1305139","ok","1995年5月30日","2013年ドラフト2位","常総学院高"
"1305151","ok","2001年4月26日","2019年ドラフト3位","京都国際高"
"1305153","ok","2003年1月28日","2020年ドラフト1位","花咲徳栄高"
"1305155","ok","1999年7月7日","2021年育成選手ドラフト3位","盛岡大付高 - 東北福祉大"
"1305157","ok","1999年1月13日","2022年ドラフト2位","九州産大九州高 - 帝京大 - 日本製鉄鹿島"
"13115110","ok","1972年12月8日","","コンフェナルコ高 - インディアンス - ドジャース - マリナーズ"
"13115112","ok","1981年11月4日","2005年大学生・社会人ドラフト5巡目","柳ヶ浦高 - 日本文理大 - NTT西日本"
"13115114","ok","1982年8月22日","2006年育成選手ドラフト1巡目","駒場学園高 - ホンダ - 四国・香川"
"13115116","ok","1979年7月31日","","ルイス大 - パイレーツ - アスレチックス"
"13115117","ok","1975年10月1日","","ベンチュラ大 - ヤンキース"
"13115118","ok","1982年5月12日","","ウェイクフォレスト大 - ダイヤモンドバックス"
"13115130","ok","1996年9月30日","2014年ドラフト5位","佐賀工"
"13115131","ok","1989年2月22日","","台湾・国立体育大"
"13115133","ok","1984年11月24日","","リセオエウヘニオマリアデホスト高 - ドジャース - デビルレイズ"
"13115135","ok","1982年9月16日","","スタンフォード大 - レッドソックス - メッツ"
"13115136","ok","1993年10月26日","2017年ドラフト8位","大阪桐蔭高 - 立命館大 - ホンダ鈴鹿"
"13115138","ok","2001年1月12日","2018年ドラフト1位","金足農"
"13115139","ok","1981年12月20日","","TCロバーソン高 - カージナルス - ブルワーズ"
"13115150","ok","2002年9月12日","2024年ドラフト5位","静岡学園高 - 東海大静岡キャンパス"
"13115151","ok","1997年10月2日","2019年育成選手ドラフト1位","札幌光星高 - 北翔大"
"13115153","ok","1998年4月21日","2020年ドラフト2位","松本第一高 - 中央大"
"13115155","ok","1999年10月11日","2021年ドラフト5位","穴水高 - 金沢学院大"
"13115157","ok","2004年5月10日","2022年育成選手ドラフト6位","桐生第一高"
"13115159","ok","2005年8月4日","2023年ドラフト1位","大阪桐蔭高"
"13215132","ok","1987年3月30日","","ポープカウンティー高 - ジャイアンツ"
"13215155","ok","1992年4月9日","","ウエストバージニア大 - ロイヤルズ"
"13215157","ok","1993年5月9日","","パドレス - ブルワーズ"
"13315110","ok","1977年1月11日","","エドモンズコミュニティー大 - 米マイナー"
"13315112","ok","1981年5月1日","","高苑工商 - 台湾・高屏 - 台湾・誠泰"
"13315114","ok","1973年3月9日","","セントジョンズ大 - レッズ - タイガース - アストロズ - タイガース - メッツ - レンジャーズ - ブレーブス - ヤンキース - ナショナルズ"
"13315116","ok","1977年4月5日","","コティア高 - オリオールズ - ナショナルズ"
"13315117","ok","1973年1月10日","","ミシシッピ州大 - ドジャース - ツインズ - 韓国・起亜 - 韓国・斗山"
"13315118","ok","1979年6月7日","","ルイジアナ大ラファイエット校 - 米マイナー"
"13315130","ok","1983年1月27日","","カンザス大 - フィリーズ - ダイヤモンドバックス - パイレーツ - ヤンキース"
"13315131","ok","1982年2月24日","","コロナド高 - ツインズ - ダイヤモンドバックス - フィリーズ"
"13315132","ok","1997年6月20日","2015年ドラフト5位","東海大相模高"
"13315133","ok","1984年7月2日","","セントポールコーリション - マリナーズ - レッズ"
"13315135","ok","1985年4月5日","","レイクウッドランチ高 - メッツ - ナショナルズ - パイレーツ - ホワイトソックス"
"13315136","ok","1993年8月26日","2017年ドラフト6位","桐蔭学園高 - 法政大 - JX-ENEOS"
"13315137","ok","1984年3月29日","","イオラニ高 - ロイヤルズ - アスレチックス"
"13315138","ok","1988年11月9日","","サムヒューストン州大 - ハワード大 - オクラホマ大 - アスレチックス - ドジャース"
"13315139","ok","1976年2月17日","","グランドキャニオン大 - ジャイアンツ - アストロズ - ヤンキース - フィリーズ - ダイヤモンドバックス - ブルワーズ - ダイヤモンドバックス - パドレス - カブス"
"13315150","ok","2002年9月3日","2024年ドラフト6位","福岡大大濠高 - 法政大"
"13315151","ok","1999年5月27日","","クロスオーバー高 - 米マイナー"
"13315153","ok","1998年6月25日","2020年ドラフト5位","智弁学園高 - 東洋大"
"13315155","ok","1998年5月28日","2021年育成選手ドラフト1位","呉商 - 流通経済大 - 四国・高知"
"13415155","ok","1995年2月7日","","ホセマリアモレロスパボン高 - ブルージェイズ - アストロズ"
"13415157","ok","1994年3月15日","","オークランド大 - レイズ - ブルワーズ"
"13515112","ok","1976年7月5日","","ルイジアナ工大 - 米マイナー"
"13515113","ok","1973年6月24日","","クラインオーク高 - マリナーズ"
"13515114","ok","1974年6月13日","","マーシー大 - マリナーズ - パドレス"
"13515116","ok","1972年12月29日","","ミネソタ大 - インディアンス - レッズ - エクスポズ - ジャイアンツ - ブレーブス - オリオールズ - パドレス - ヤンキース"
"13515117","ok","1975年3月28日","","パナマ工大 - カブス"
"13515118","ok","1988年7月26日","","中国文化大"
"13515130","ok","1985年5月22日","","セントジョージ短大 - マーリンズ - オリオールズ - パイレーツ - 韓国・三星"
"13515132","ok","1987年10月27日","","ファーマン大 - パドレス"
"13515133","ok","1983年3月16日","","オクラホマ州大 - ダイヤモンドバックス"
"13515134","ok","1987年6月16日","","ブエンパストール大 - マーリンズ - パイレーツ - マリナーズ"
"13515135","ok","1980年7月12日","","フロリダインターナショナル大 - パイレーツ - ロッキーズ - タイガース"
"13515136","ok","1991年7月23日","","セントジョンズ大 - ロッキーズ"
"13515138","ok","1996年1月3日","","ベセル高 - 米マイナー"
"13515139","ok","1984年6月9日","","エイドリノサラバリア高 - キューバ・サンクティスピリトゥス - キューバ・インドゥストリアレス"
"13515150","ok","2002年7月7日","2024年ドラフト4位","堀越高 - 富士大"
"13515153","ok","1998年6月28日","2020年ドラフト6位","東郷高 - 中京大"
"13515157","ok","2001年1月18日","2022年ドラフト6位","横浜商大高 - 桐蔭横浜大"
"13515159","ok","2005年10月14日","2023年ドラフト4位","日本ウェルネス沖縄高"
"13715114","ok","1977年8月19日","","クレムソン大 - レッドソックス - マリナーズ - ナショナルズ"
"13715130","ok","1984年2月15日","","シャボー大 - ジャイアンツ - フィリーズ - カブス - ナショナルズ"
"13715132","ok","1989年3月10日","","エスクエラデポルテエスパ高 - ホワイトソックス"
"13715134","ok","1985年12月21日","","チャールストンカレッジ - カブス"
"13715136","ok","1988年1月29日","","アーカンソー大 - ダイヤモンドバックス - ドジャース - ブルージェイズ"
"13715138","ok","1995年10月2日","","ウルピーナゴンザレス高"
"13715150","ok","1994年7月11日","","ライス大 - ダイヤモンドバックス"
"13715151","ok","1989年12月26日","","サンジャシント大 - ブルージェイズ - アスレチックス"
"13715152","ok","1994年11月28日","","ポートランド大 - ダイヤモンドバックス - マリナーズ - アストロズ - オリオールズ - アストロズ"
"13715157","ok","1993年3月24日","","ミドルジョージア大 - アスレチックス - ダイヤモンドバックス"
"13715159","ok","1995年3月21日","","コネチカット大 - ブルージェイズ - カブス - メッツ"
"13813868","ok","1967年2月26日","1988年ドラフト4位","二松学舎大付高 - 東芝府中"
"13915130","ok","1982年5月5日","","バハカリフォルニア大 - 米マイナー"
"13915132","ok","1987年4月21日","","カリフォルニア州工大 - ホワイトソックス - パイレーツ"
"13915133","ok","1980年11月6日","","サバナデパレンケ高 - ドジャース - ダイヤモンドバックス"
"13915134","ok","1993年3月29日","","ディビナプロビデンシア高 - 米マイナー"
"13915150","ok","1997年10月7日","","ジェスイト大プレパラトリー高 - ブレーブス - アスレチックス"
"13915151","ok","1991年11月18日","","セントロエデュカティボロスパルマレス高 - 米マイナー"
"13915152","ok","1995年3月7日","","コレヒオヌエバエスペランサ高 - 米マイナー"
"13915153","ok","1993年1月14日","","ソウシオ13オシオス高 - パイレーツ"
"13915157","ok","1998年8月22日","","リセオヴィルヘンデルロサリオ高 - 米マイナー"
"13915159","ok","1990年11月22日","","ルイジアナ州大 - 米マイナー"
"1403862","ok","1965年8月11日","1983年ドラフト5位","日大藤沢高"
"1405110","ok","1986年6月28日","2004年ドラフト6巡目","愛工大名電高"
"1405111","ok","1977年11月19日","1999年ドラフト2位","大宮東高 - 日本大"
"1405112","ok","1980年5月8日","2005年大学生・社会人ドラフト7巡目","丸子実 - 岐阜聖徳学園大 - JR北海道"
"1405116","ok","1985年9月18日","2007年大学生・社会人ドラフト4巡目","鹿屋中央高 - 九州国際大"
"1405118","ok","1986年4月23日","2008年育成選手ドラフト1位","カントリーキッズ高 - 白鴎大"
"1405130","ok","1993年1月28日","2014年ドラフト1位","村野工 - 中部学院大"
"1405131","ok","1987年8月17日","2009年ドラフト5位","明徳義塾高 - 早稲田大"
"1405132","ok","1991年9月6日","2015年ドラフト7位","川口青陵高 - 城西国際大 - 鷺宮製作所"
"1405133","ok","1993年3月13日","2010年ドラフト4位","岡山東商"
"1405134","ok","1994年12月26日","2016年ドラフト2位","つくば秀英高 - 白鴎大"
"1405135","ok","1987年12月29日","2011年育成選手ドラフト2位","北照高 - ホンダ - 四国・香川"
"1405136","ok","1996年2月21日","2017年ドラフト5位","青森山田高 - SUBARU"
"1405138","ok","2000年11月16日","2018年ドラフト3位","智弁和歌山高"
"1405139","ok","1992年1月8日","2013年ドラフト2位","海部高 - 三菱自動車倉敷オーシャンズ"
"1405151","ok","2001年5月20日","2019年ドラフト4位","花咲徳栄高"
"1405155","ok","1997年5月21日","2021年ドラフト3位","中京大中京高 - 慶応大 - トヨタ自動車"
"1405157","ok","2000年7月17日","2022年育成選手ドラフト1位","創成館高 - 九州産業大"
"1503880","ok","1976年6月10日","1994年ドラフト4位","横浜高"
"1503888","ok","1976年5月9日","1998年ドラフト4位","県立岐阜商 - 名城大"
"1505110","ok","1986年5月24日","2004年ドラフト5巡目","一関一高"
"1505111","ok","1977年8月11日","1999年ドラフト3位","瀬戸内高 - 亜細亜大"
"1505112","ok","1983年6月13日","2005年大学生・社会人ドラフト3巡目","上宮高 - 大阪商業大"
"1505114","ok","1988年6月16日","2006年高校生ドラフト1巡目","八重山商工"
"1505116","ok","1985年6月4日","2007年大学生・社会人ドラフト1巡目","川和高 - 慶応大"
"1505118","ok","1990年10月18日","2008年ドラフト6位","飯塚高"
"1505119","ok","1985年4月15日","2003年ドラフト2巡目","県立岐阜商"
"1505130","ok","1997年3月17日","2014年ドラフト4位","大分商"
"1505132","ok","1997年7月21日","2015年ドラフト1位","関東第一高"
"1505133","ok","1988年9月5日","2010年ドラフト2位","桐蔭学園高 - 法政大"
"1505134","ok","1994年5月9日","2016年育成選手ドラフト3位","前橋育英高 - 立正大"
"1505136","ok","2000年1月12日","2017年ドラフト5位","白鴎大足利高"
"1505137","ok","1990年4月24日","2012年ドラフト3位","立命館宇治高 - 立命館大"
"1505138","ok","1994年6月18日","2018年育成選手ドラフト1位","刈谷工 - 至学館短大 - BC・福井"
"1505151","ok","1997年12月14日","2019年育成選手ドラフト2位","土浦湖北高 - 仙台大"
"1505155","ok","1997年1月12日","2021年ドラフト9位","倉敷商 - 日本大 - NTT東日本"
"1505157","ok","2000年12月18日","2022年ドラフト5位","近江高 - 中央大"
"15213868","ok","1968年5月18日","1986年ドラフト4位","拓大紅陵高"
"15313868","ok","1970年1月13日","1987年ドラフト1位","浦和学院高"
"1605110","ok","1975年7月31日","","ムーアパーク大 - タイガース - レンジャーズ - ロッキーズ - レッドソックス"
"1605111","ok","1976年12月1日","","中正高工 - 台湾・台中"
"1605112","ok","1980年12月2日","2005年大学生・社会人ドラフト4巡目","向上高 - 関東学院大 - 日産自動車"
"1605114","ok","1984年7月3日","2006年育成選手ドラフト3巡目","山梨学院大付高 - 専修大"
"1605117","ok","1984年6月26日","2002年ドラフト6巡目","福知山成美高"
"1605118","ok","1980年11月29日","2008年育成選手ドラフト1位","山梨学院大付高 - 江藤野球塾 - 三菱自動車岡崎 - 米独立リーグ - 四国・香川"
"1605131","ok","1981年3月19日","","ラスメルセデス高 - パイレーツ - ジャイアンツ - アストロズ - 台湾・統一"
"1605132","ok","1997年8月16日","2015年ドラフト4位","敦賀気比高"
"1605133","ok","1986年9月19日","2010年ドラフト2位","藤代高 - 中央大 - 東京ガス"
"1605134","ok","1994年5月14日","2016年ドラフト6位","クラーク記念国際高 - 関西・06 - 四国・徳島"
"1605135","ok","1994年2月8日","2011年ドラフト5位","波佐見高"
"1605136","ok","1992年8月8日","2017年ドラフト3位","広陵高 - 明治大 - NTT東日本"
"1605137","ok","1981年5月28日","","ガストンフェルナンドデリネス高 - オリオールズ - ナショナルズ - ダイヤモンドバックス"
"1605138","ok","2000年6月17日","2018年ドラフト2位","明秀学園日立高"
"1605139","ok","1995年4月21日","2013年ドラフト5位","北照高"
"1605159","ok","2005年7月6日","2023年ドラフト3位","東海大菅生高"
"1703883","ok","1969年4月1日","1990年ドラフト2位","桐蔭学園高 - 駒沢大"
"1703884","ok","1975年1月9日","1996年ドラフト1位","東京農大二高 - 青山学院大"
"1703889","ok","1975年6月13日","1993年ドラフト3位","修徳高"
"1705110","ok","1986年5月16日","2004年ドラフト1巡目","秋田商"
"1705112","ok","1976年12月4日","2005年大学生・社会人ドラフト8巡目","延岡学園高 - NTT東京 - NTT九州 - ホンダ熊本"
"1705114","ok","1988年11月26日","2006年高校生ドラフト1巡目","小松工"
"1705115","ok","1983年7月1日","2001年ドラフト4巡目","PL学園高"
"1705116","ok","1983年5月11日","2007年大学生・社会人ドラフト1巡目","富岡高 - 立教大 - JR東日本"
"1705117","ok","1980年4月16日","2002年ドラフト11巡目","尽誠学園高 - 愛知学院大"
"1705118","ok","1986年10月2日","2008年ドラフト4位","横浜創学館高 - 函館大"
"1705119","ok","1981年10月13日","2003年ドラフト4巡目","宇部商 - 九州国際大"
"1705130","ok","1996年7月4日","2014年ドラフト2位","春江工"
"1705131","ok","1991年9月24日","2009年育成選手ドラフト1位","秀岳館高"
"1705132","ok","1998年3月9日","2015年ドラフト2位","日大三島高"
"1705133","ok","1986年5月16日","2010年ドラフト5位","国士舘高 - 青山学院大 - 日産自動車 - 日本製紙石巻"
"1705134","ok","1998年8月7日","2016年ドラフト5位","明徳義塾高"
"1705135","ok","1993年4月21日","2011年ドラフト3位","塔南高"
"1705136","ok","1995年6月27日","2017年ドラフト1位","安佐北高 - 岡山商科大"
"1705137","ok","1994年4月15日","2012年ドラフト4位","酒田南高"
"1705138","ok","2000年6月7日","2018年ドラフト1位","報徳学園高"
"1705151","ok","1997年11月16日","2019年ドラフト7位","札幌日大高 - 東日本国際大"
"1705155","ok","1999年6月20日","2021年ドラフト3位","本庄東高 - 新潟医療福祉大"
"17915159","ok","2001年9月29日","2025年ドラフト5位","旭川大高 - 桐蔭横浜大"
"1805110","ok","1977年6月6日","","カウリーカウンティーコミュニティー大 - 米マイナー - 台湾・ラニュー"
"1805112","ok","1983年7月28日","2005年大学生・社会人ドラフト5巡目","三田学園高 - 関西学院大"
"1805114","ok","1984年12月3日","2006年大学生・社会人ドラフト4巡目","常総学院高 - 青山学院大"
"1805116","ok","1975年5月17日","","ウエストバージニア大 - ヤンキース - カージナルス"
"1805118","ok","1979年3月12日","","釜山商 - 韓国・OB - 韓国・斗山"
"1805131","ok","1982年7月1日","","ビーコンヒルカレッジ高 - ロイヤルズ - パドレス - ツインズ"
"1805132","ok","1992年7月22日","2015年育成選手ドラフト3位","高崎健康福祉大高崎高 - 高千穂大 - BC・武蔵"
"1805136","ok","1995年4月3日","2017年ドラフト6位","履正社高 - 奈良学園大"
"1805138","ok","2000年11月15日","2018年育成選手ドラフト1位","高崎健康福祉大高崎高"
"1805139","ok","1984年2月10日","","エスクエラセクンダリアテクニカヌメロ5高 - パイレーツ - ブルワーズ - ドジャース - ヤンキース"
"1805151","ok","2001年6月15日","2019年ドラフト4位","都城東高"
"1805153","ok","1998年6月19日","2020年ドラフト3位","久留米商 - 上武大"
"1805157","ok","2000年9月14日","2022年育成選手ドラフト1位","花咲徳栄高 - 明星大"
"1903881","ok","1972年1月28日","1989年ドラフト5位","西日本短大付高"
"1903884","ok","1973年5月15日","1996年ドラフト3位","泉州高 - 小西酒造"
"1903885","ok","1969年7月2日","1991年ドラフト1位","西宮北高 - 関西学院大"
"1903886","ok","1979年6月12日","1997年ドラフト5位","杜若高"
"1903887","ok","1975年2月26日","1992年ドラフト6位","泉州高"
"1903888","ok","1976年4月29日","1998年ドラフト2位","広陵高 - 近畿大"
"1905110","ok","1979年8月26日","2004年ドラフト8巡目","別府大付高 - 駒沢大 - NKK - JFE西日本"
"1905114","ok","1984年12月13日","2006年大学生・社会人ドラフト3巡目","中京大中京高 - 国学院大"
"1905115","ok","1974年9月30日","2001年ドラフト5巡目","大分・高田高 - 九州工業大 - JR九州"
"1905116","ok","1985年8月26日","2007年育成選手ドラフト1巡目","宇都宮北高 - 滋賀大"
"1905118","ok","1990年8月4日","2008年ドラフト4位","帝京高"
"1905119","ok","1985年5月27日","2003年ドラフト6巡目","愛工大名電高"
"1905130","ok","1993年1月18日","2014年ドラフト2位","和光高 - 平成国際大"
"1905131","ok","1985年10月13日","2009年ドラフト3位","土岐商 - 専修大 - JR東海"
"1905133","ok","1988年6月6日","2010年ドラフト1位","早稲田実 - 早稲田大"
"1905134","ok","1994年4月27日","2016年ドラフト8位","大阪桐蔭高 - 立教大"
"1905136","ok","1999年11月3日","2017年ドラフト4位","花咲徳栄高"
"1905137","ok","1990年12月9日","2012年ドラフト3位","桐生商 - 日産自動車 - JFE東日本"
"1905138","ok","1996年8月19日","2018年ドラフト8位","向上高 - 富士大"
"1905139","ok","1995年7月12日","2013年ドラフト5位","北山高"
"1905151","ok","2001年4月17日","2019年ドラフト2位","智弁和歌山高"
"21023882","ok","1973年9月27日","1995年ドラフト6位","滝川二高 - 龍谷大"
"21023884","ok","1978年9月25日","1996年ドラフト1位","PL学園高"
"21023885","ok","1973年7月24日","1991年ドラフト4位","渋谷高"
"21023889","ok","1968年9月28日","1993年ドラフト1位","新宮高 - 東京経済大 - 朝日生命"
"21025110","ok","1982年10月4日","2004年ドラフト自由枠","駒場学園高 - 日本大"
"21025111","ok","1981年7月7日","1999年ドラフト4位","三瓶高"
"21025114","ok","1988年5月18日","2006年高校生ドラフト4巡目","岐阜・中京高"
"21025116","ok","1989年11月27日","2007年高校生ドラフト3巡目","宇治山田商"
"21025118","ok","1982年3月12日","2008年育成選手ドラフト5位","武相高 - 横浜商科大 - 日産自動車 - 四国・香川"
"21025130","ok","1990年10月20日","2014年ドラフト1位","福岡・八幡高 - 九州共立大 - ヤマハ"
"21025131","ok","1991年12月11日","2009年ドラフト1位","春日部共栄高"
"21025132","ok","1994年9月27日","2015年ドラフト3位","伊東商 - 熊本ゴールデンラークス"
"21025135","ok","1989年12月21日","2011年ドラフト3位","中部大一高 - 東海学園大"
"21025136","ok","1999年7月2日","2017年ドラフト3位","滝川二高"
"21025137","ok","1991年1月9日","2012年ドラフト1位","愛知・横須賀高 - 慶応大"
"21025139","ok","1991年5月1日","2013年ドラフト5位","佐野日大高 - 横浜商科大"
"21025152","ok","2003年8月31日","2025年ドラフト3位","東海大静岡翔洋高 - 大阪商業大"
"21025153","ok","1998年6月2日","2020年育成選手ドラフト4位","関東第一高 - 専修大"
"21025155","ok","1999年8月20日","2021年ドラフト1位","波佐見高 - 西日本工大"
"21025157","ok","2000年11月28日","2022年ドラフト6位","東海大菅生高 - 亜細亜大"
"2103847","ok","1999年8月22日","2021年ドラフト5位","光南高 - 東北福祉大"
"2112130","ok","2005年12月26日","2023年育成選手ドラフト6位","飯塚高"
"21123866","ok","1969年8月19日","1987年ドラフト1位","PL学園高"
"21123880","ok","1971年7月2日","1994年ドラフト6位","大阪桐蔭高 - 鹿児島商工 - 亜細亜大中退 - 天城ベースボール・クラブ - ヤオハンジャパン"
"21123888","ok","1981年3月12日","1998年ドラフト2位","東筑高"
"21123889","ok","1972年9月20日","1993年ドラフト4位","日大明誠高 - 熊谷組"
"21125110","ok","1982年7月5日","2004年ドラフト自由枠","桐生第一高 - 明治大"
"21125111","ok","1973年6月2日","1999年ドラフト4位","浜松工 - 三菱自動車岡崎"
"21125113","ok","1979年3月20日","2000年ドラフト1位","安田学園高 - 中央大"
"21125114","ok","1984年11月7日","2006年大学生・社会人ドラフト3巡目","中部商 - 亜細亜大"
"21125115","ok","1978年9月27日","2001年ドラフト3巡目","浦添商 - 大仙 - 九州三菱自動車"
"21125116","ok","1985年8月12日","2007年大学生・社会人ドラフト3巡目","葛生高 - 上武大"
"21125118","ok","1991年1月7日","2008年ドラフト2位","岐阜城北高"
"21125119","ok","1981年4月14日","2003年ドラフト5巡目","成田高 - 東洋大"
"21125133","ok","1988年11月22日","2010年育成選手ドラフト2位","岐阜・中京高 - 中京学院大"
"21125134","ok","1994年5月6日","2016年ドラフト2位","作新学院高 - 早稲田大"
"21125135","ok","1991年1月11日","2011年ドラフト3位","藤蔭高 - 沖データコンピュータ教育学院"
"21125136","ok","1999年12月14日","2017年ドラフト2位","青藍泰斗高"
"21125137","ok","1988年9月1日","2012年ドラフト1位","金足農 - 東北福祉大 - ヤマハ"
"21125138","ok","2001年3月29日","2018年ドラフト3位","明徳義塾高"
"21125139","ok","1992年11月20日","2013年ドラフト4位","大垣日大高 - JR東日本"
"21125150","ok","2000年8月18日","2024年ドラフト4位","近大工高専 - 近畿大工学部 - 日本生命"
"21125151","ok","1998年2月3日","2019年ドラフト5位","創志学園高 - 天理大"
"21125153","ok","1999年8月2日","2020年ドラフト5位","静岡高 - ヤマハ"
"21125155","ok","1999年12月11日","2021年ドラフト2位","習志野高 - 国士舘大"
"21125157","ok","2000年7月11日","2022年ドラフト3位","九州国際大付高 - 東北福祉大"
"21125159","ok","2002年1月22日","2023年ドラフト5位","静清高 - 中央大"
"21223882","ok","1970年6月29日","1995年ドラフト4位","日大藤沢高 - 日本大 - 三菱自動車川崎"
"21223884","ok","1978年7月28日","1996年ドラフト2位","東海大相模高"
"21223886","ok","1976年1月12日","1997年ドラフト5位","中央学院高 - 国士舘大"
"21223887","ok","1974年4月24日","1992年ドラフト5位","佐世保実"
"21223888","ok","1976年10月4日","1998年ドラフト4位","国学院久我山高 - 関東学院大"
"21225110","ok","1982年7月3日","2004年ドラフト4巡目","鳴門一高 - 近畿大"
"21225111","ok","1975年4月24日","1999年ドラフト7位","明徳義塾高 - 法政大 - いすゞ自動車 - 米独立リーグ"
"21225113","ok","1977年10月4日","2000年ドラフト7位","育英高 - 亜細亜大中退 - 甲賀総合科学専門学校 - デュプロ"
"21225114","ok","1984年9月27日","2006年大学生・社会人ドラフト1巡目","東京農大二高 - 東洋大"
"21225115","ok","1979年3月14日","2001年ドラフト4巡目","大阪・柏原高 - 亜細亜大 - 河合楽器"
"21225116","ok","1982年9月10日","2007年大学生・社会人ドラフト1巡目","川島高 - 駒沢大 - トヨタ自動車"
"21225117","ok","1980年6月10日","2002年ドラフト8巡目","福岡工大付高 - 九州国際大"
"21225118","ok","1986年12月4日","2008年ドラフト4位","福岡工大城東高 - 九州産業大"
"21225130","ok","1992年10月17日","2014年ドラフト2位","石見智翠館高 - 日本大"
"21225131","ok","1984年4月4日","2009年育成選手ドラフト1位","埼玉栄高 - 愛知工業大 - バイタルネット - BC・信濃"
"21225132","ok","1991年8月15日","2015年ドラフト4位","桐光学園高 - 青山学院大 - JR東日本"
"21225133","ok","1992年4月16日","2010年ドラフト2位","智弁和歌山高"
"21225135","ok","1993年6月10日","2011年ドラフト3位","樟南高"
"21225136","ok","1999年10月2日","2017年育成選手ドラフト1位","箕島高"
"21225137","ok","1990年8月14日","2012年ドラフト1位","東洋大姫路高 - 大阪体育大"
"21225138","ok","1996年9月22日","2018年ドラフト2位","履正社高 - 法政大"
"21225139","ok","1995年8月1日","2013年ドラフト6位","鹿児島情報高"
"21225152","ok","2003年5月2日","2025年ドラフト2位","早稲田実 - 早稲田大"
"21323869","ok","1964年9月27日","1982年ドラフト4位","岡山南高"
"21323880","ok","1973年1月22日","1994年ドラフト1位","川崎北高 - 駒沢大"
"21323884","ok","1973年10月25日","1996年ドラフト3位","暁星国際高 - NTT関東"
"21323887","ok","1975年3月7日","1992年ドラフト2位","相武台高"
"21323888","ok","1981年3月23日","1998年ドラフト3位","新発田農"
"21323889","ok","1975年11月8日","1993年ドラフト3位","常総学院高"
"21325110","ok","1982年5月31日","2004年ドラフト6巡目","PL学園高 - 青山学院大"
"21325111","ok","1982年1月6日","1999年ドラフト1位","国学院久我山高"
"21325113","ok","1982年8月4日","2000年ドラフト1位","大分工"
"21325114","ok","1988年7月5日","2006年高校生ドラフト3巡目","北照高"
"21325119","ok","1978年6月15日","2003年ドラフト自由枠","奈良大付高 - 東北福祉大 - ヤマハ"
"21325130","ok","1993年3月12日","2014年ドラフト3位","長崎・海星高 - 駒沢大"
"21325132","ok","1993年6月7日","2015年ドラフト7位","岡山県共生高 - 第一工業大"
"21325133","ok","1988年7月21日","2010年ドラフト4位","鹿児島工 - 九州産業大"
"21325134","ok","1994年12月19日","2016年ドラフト1位","つくば秀英高 - 白鴎大"
"21325135","ok","1989年9月7日","2011年ドラフト4位","関東学園大付高 - 白鴎大"
"21325136","ok","1993年2月11日","2017年ドラフト3位","東海大相模高 - 東海大 - NTT西日本"
"21325137","ok","1994年10月13日","2012年ドラフト3位","九州学院高"
"21325138","ok","1996年8月31日","2018年育成選手ドラフト1位","飛龍高 - 静岡産業大"
"21325139","ok","1991年6月17日","2013年ドラフト4位","福岡工大城東高 - 福岡大"
"21325150","ok","2003年3月11日","2024年ドラフト6位","履正社高 - 東洋大"
"21325151","ok","2001年1月31日","2019年ドラフト7位","柳ヶ浦高 - 四国・徳島"
"21325153","ok","1997年1月25日","2020年ドラフト6位","東海大四高 - 東海大北海道キャンパス - JFE東日本"
"21325157","ok","2004年8月6日","2022年ドラフト4位","大島高"
"21423886","ok","1979年6月15日","1997年ドラフト3位","上宮高"
"21425110","ok","1982年8月8日","2004年ドラフト自由枠","飛翔館高 - 八戸大"
"21425111","ok","1982年1月21日","1999年ドラフト3位","北照高"
"21425112","ok","1988年1月17日","2005年高校生ドラフト4巡目","太田市立商"
"21425114","ok","1984年12月22日","2006年大学生・社会人ドラフト5巡目","酒田南高 - 専修大"
"21425115","ok","1974年4月13日","2001年ドラフト11巡目","島田商 - 愛知学院大 - 日本通運"
"21425116","ok","1989年4月11日","2007年高校生ドラフト3巡目","千葉経大付高"
"21425117","ok","1984年4月12日","2002年ドラフト5巡目","帝京高"
"21425118","ok","1983年8月24日","2008年育成選手ドラフト4位","市立船橋高 - 中央大 - NOMOベースボールクラブ"
"21425119","ok","1969年8月19日","","ウエストレイク高 - カブス - メッツ - ブレーブス"
"21425130","ok","1993年7月9日","2014年ドラフト1位","静清高 - 三菱日立パワーシステムズ横浜"
"21425131","ok","1988年3月3日","2009年ドラフト2位","喜界高 - 第一工業大"
"21425135","ok","1989年6月24日","2011年ドラフト1位","広陵高 - 明治大"
"21425136","ok","1994年3月4日","2017年ドラフト8位","大垣日大高 - 名古屋産業大中退 - エディオン愛工大OBブリッツ - 米マイナー - BC・群馬 - BC・石川"
"21425137","ok","1992年5月25日","2012年ドラフト5位","福井工大福井高 - BC・福井"
"21425138","ok","1995年12月27日","2018年ドラフト4位","鳴門高 - JR東日本"
"21425139","ok","1991年11月23日","2013年ドラフト2位","中部商 - 富士大"
"21425151","ok","1998年1月8日","2019年ドラフト2位","大垣日大高 - 大阪商業大"
"21425152","ok","2007年5月23日","2025年ドラフト7位","明秀学園日立高"
"21425153","ok","1998年10月10日","2020年ドラフト4位","桐光学園高 - 立教大"
"21425159","ok","2001年6月4日","2023年ドラフト6位","龍谷大平安高 - 青山学院大"
"21523884","ok","1975年2月10日","1996年ドラフト2位","上宮高 - 専修大"
"21523886","ok","1976年9月7日","1997年ドラフト2位","沖学園高 - 三菱重工長崎"
"21523887","ok","1970年4月18日","1992年ドラフト2位","尽誠学園高 - 大阪商業大"
"21523888","ok","1980年5月15日","1998年ドラフト6位","横浜高"
"21525113","ok","1978年7月2日","2000年ドラフト2位","清水商 - 日本大"
"21525114","ok","1982年4月26日","2006年大学生・社会人ドラフト4巡目","桜美林高 - 神奈川大 - 日立製作所"
"21525115","ok","1983年8月12日","2001年ドラフト4巡目","延岡学園高"
"21525116","ok","1989年7月5日","2007年高校生ドラフト1巡目","成田高"
"21525117","ok","1980年7月27日","2002年ドラフト自由枠","九州国際大付高 - 神奈川大"
"21525118","ok","1985年11月22日","2008年ドラフト6位","早鞆高 - 福岡経済大 - 四国・福岡"
"21525130","ok","1996年4月16日","2014年ドラフト5位","大阪桐蔭高"
"21525131","ok","1985年4月13日","2009年ドラフト2位","埼玉平成高 - 上武大 - 住友金属鹿島"
"21525132","ok","1993年5月12日","2015年育成選手ドラフト2位","誠恵高 - 日本大国際関係学部"
"21525134","ok","1988年5月16日","2016年ドラフト6位","秋田高 - 立教大 - 横浜金港クラブ - 米独立リーグ - 相双リテック"
"21525135","ok","1993年8月2日","2011年ドラフト5位","津東高"
"21525136","ok","1995年8月29日","2017年ドラフト4位","星稜高 - 亜細亜大"
"21525137","ok","1990年9月18日","2012年ドラフト5位","都城商 - 大阪学院大"
"21525138","ok","1997年6月12日","2018年ドラフト3位","土岐商 - 三菱重工名古屋"
"21525139","ok","1991年11月25日","2013年ドラフト1位","宮崎・福島高 - JR九州"
"21525150","ok","2002年6月15日","2024年ドラフト3位","東海大相模高 - 東洋大 - 四国・徳島"
"21525152","ok","2007年9月8日","2025年ドラフト3位","横浜高"
"21525153","ok","1998年5月21日","2020年ドラフト5位","西日本短大付高 - 福岡大"
"21625110","ok","1973年4月2日","","シャドーマウンテン高 - パドレス - レッズ - ロッキーズ"
"21625112","ok","1987年10月25日","2005年高校生ドラフト1巡目","東海大甲府高"
"21625113","ok","1977年12月21日","","ベルビューイースト高 - パドレス"
"21625114","ok","1978年9月6日","2006年大学生・社会人ドラフト希望枠","智弁和歌山高 - ホンダ鈴鹿"
"21625115","ok","1983年11月6日","2001年ドラフト7巡目","和歌山工"
"21625116","ok","1985年7月1日","2007年大学生・社会人ドラフト1巡目","杜若高 - 名城大"
"21625117","ok","1978年6月29日","2002年ドラフト8巡目","明徳義塾高 - 亜細亜大 - ローソン"
"21625118","ok","1990年9月29日","2008年ドラフト2位","享栄高"
"21625119","ok","1985年7月21日","","台湾・国立体育大"
"21625130","ok","1997年2月21日","2014年ドラフト3位","高松北高"
"21625131","ok","1982年5月29日","","天安北一高 - 韓国・ハンファ"
"21625132","ok","1997年4月9日","2015年ドラフト2位","智弁学園高"
"21625133","ok","1992年4月17日","2010年ドラフト2位","糸満高"
"21625134","ok","1998年5月8日","2016年ドラフト5位","東邦高"
"21625135","ok","1993年8月11日","2011年ドラフト2位","帝京高"
"21625136","ok","1999年9月17日","2017年育成選手ドラフト2位","大曲工"
"21625137","ok","1986年12月10日","","ルイジアナ州大 - 米マイナー"
"21625139","ok","1989年9月14日","2013年ドラフト4位","東筑紫学園高 - 東京農業大 - 日本生命"
"21625150","ok","2003年3月25日","2024年ドラフト1位","龍谷大平安高 - 青山学院大"
"21625151","ok","2001年5月21日","2019年ドラフト1位","青森山田高"
"21625152","ok","2007年8月15日","2025年ドラフト6位","浦和学院高"
"21625157","ok","1998年11月17日","2022年育成選手ドラフト3位","北本高 - 駿河台大 - BC・埼玉"
"21723881","ok","1967年8月26日","1989年ドラフト1位","浜田商 - NTT中国"
"21723882","ok","1977年5月30日","1995年ドラフト5位","神港学園高"
"21723889","ok","1971年7月1日","1993年ドラフト2位","臼杵高 - 明治大"
"21725110","ok","1979年6月25日","2004年ドラフト11巡目","豊川高 - 東海理化"
"21725111","ok","1975年4月2日","1999年ドラフト1位","修徳高 - 駒沢大 - 東芝"
"21725112","ok","1987年6月2日","2005年高校生ドラフト3巡目","日大藤沢高"
"21725114","ok","1981年3月20日","2006年大学生・社会人ドラフト4巡目","大商学園高 - 岐阜聖徳学園大 - 昭和コンクリート - 住友金属鹿島"
"21725116","ok","1989年5月14日","2007年高校生ドラフト7巡目","春日部共栄高"
"21725117","ok","1980年5月23日","2002年ドラフト自由枠","沖学園高 - 東海大"
"21725118","ok","1986年7月17日","2008年ドラフト2位","福岡工大城東高 - 国際武道大"
"21725119","ok","1979年11月9日","2003年ドラフト6巡目","智弁学園高 - 明治大 - シダックス"
"21725130","ok","1996年7月4日","2014年ドラフト5位","常葉菊川高"
"21725131","ok","1991年9月6日","2009年ドラフト3位","東筑紫学園高"
"21725133","ok","1989年4月18日","2010年ドラフト6位","今治西高 - 日産自動車 - 王子製紙"
"21725134","ok","1992年11月2日","2016年ドラフト5位","八千代松陰高 - 東京情報大 - 日本生命"
"21725136","ok","1994年1月7日","2017年ドラフト4位","成田高 - 立教大 - JX-ENEOS"
"21725137","ok","1990年8月20日","2012年ドラフト1位","埼玉栄高 - 駒沢大"
"21725138","ok","1995年1月5日","2018年ドラフト4位","山形中央高 - 桐蔭横浜大 - ホンダ"
"21725139","ok","1995年5月11日","2013年ドラフト9位","岩出山高"
"21725151","ok","1997年7月20日","2019年ドラフト5位","東海大菅生高 - 国際武道大"
"21725155","ok","2004年1月24日","2021年ドラフト5位","八戸工大一高"
"21725157","ok","2000年6月10日","2022年育成選手ドラフト2位","北海道栄高 - 大阪経済大"
"21725159","ok","2001年8月18日","2023年ドラフト1位","湘南学院高 - 桐蔭横浜大"
"21823868","ok","1969年5月14日","1987年ドラフト2位","中京高"
"21823881","ok","1971年7月29日","1989年ドラフト3位","帝京高"
"21823888","ok","1980年12月18日","","ルイス州高"
"21825110","ok","1978年11月17日","","オクラホマ大 - エクスポズ"
"21825112","ok","1987年1月17日","2005年高校生ドラフト1巡目","福岡第一高"
"21825114","ok","1988年9月29日","2006年高校生ドラフト4巡目","日本文理高"
"21825116","ok","1979年11月28日","","ロヨラメリーマウント大 - ダイヤモンドバックス"
"21825117","ok","1971年11月19日","","ルイジアナ州大 - マリナーズ - パドレス - エンゼルス - レッドソックス - デビルレイズ"
"21825118","ok","1976年11月7日","","カンザス大 - ロイヤルズ - カブス - フィリーズ"
"21825130","ok","1992年9月9日","2014年ドラフト1位","日大三高 - 明治大"
"21825131","ok","1983年4月14日","","フロリダアトランティック大 - オリオールズ - アスレチックス - オリオールズ"
"21825132","ok","1992年1月13日","2015年ドラフト5位","高松工芸高 - JR四国"
"21825133","ok","1992年8月21日","2010年ドラフト2位","PL学園高"
"21825134","ok","1995年1月26日","2016年育成選手ドラフト5位","仙台育英高 - 明星大"
"21825137","ok","1982年10月12日","","カリフォルニア州大フレズノ校 - カブス - ブルワーズ - パイレーツ - ヤンキース"
"21825138","ok","1994年5月24日","2018年ドラフト3位","桐蔭学園高 - 桜美林大 - 三菱自動車岡崎"
"21825139","ok","1984年9月25日","","フロリダアトランティック大 - パイレーツ"
"21825153","ok","1998年8月1日","2020年ドラフト1位","神戸国際大付高 - 亜細亜大"
"21825155","ok","2003年5月18日","2021年ドラフト4位","智弁学園高"
"21825157","ok","2004年7月6日","2022年ドラフト1位","大阪桐蔭高"
"21923880","ok","1976年5月12日","1994年ドラフト3位","智弁学園高"
"21923882","ok","1977年8月30日","1995年ドラフト1位","東海大相模高"
"21923888","ok","1980年8月21日","1998年ドラフト1位","敦賀気比高"
"21923889","ok","1975年12月14日","1993年ドラフト7位","習志野高"
"21925110","ok","1982年5月24日","2004年ドラフト自由枠","尽誠学園高 - 早稲田大"
"21925112","ok","1980年10月11日","2005年大学生・社会人ドラフト3巡目","三次高 - 駒沢大 - 日産自動車"
"21925114","ok","1983年10月26日","2006年大学生・社会人ドラフト6巡目","三重高 - 名城大"
"21925115","ok","1975年6月3日","2001年ドラフト4巡目","浦和学院高 - 東洋大 - NTT関東 - NTT東日本"
"21925116","ok","1989年7月6日","2007年高校生ドラフト1巡目","横浜高"
"21925117","ok","1984年7月7日","2002年ドラフト1巡目","神戸国際大付高"
"21925119","ok","1981年6月26日","2003年ドラフト自由枠","聖望学園高 - 早稲田大"
"21925130","ok","1990年6月13日","2014年育成選手ドラフト1位","今治精華高 - 四国・愛媛 - 四国・香川"
"21925131","ok","1985年8月18日","2009年ドラフト5位","箕島高 - 名古屋商科大 - シティライト岡山"
"21925132","ok","1993年4月17日","2015年ドラフト2位","早稲田実 - 早稲田大"
"21925136","ok","1996年2月10日","2017年育成選手ドラフト2位","東京農大二高 - 東京農業大北海道オホーツク"
"21925139","ok","1991年6月5日","2013年ドラフト4位","土気高 - 山梨学院大"
"21925150","ok","2007年1月27日","2024年ドラフト1位","石川・金沢高"
"21925151","ok","1997年12月27日","2019年ドラフト4位","仙台育英高 - 慶応大"
"21925152","ok","2003年7月21日","2025年ドラフト2位","聖カタリナ学園高 - 東北福祉大"
"21925153","ok","2002年5月17日","2020年ドラフト2位","岐阜・中京高"
"21925157","ok","2000年10月13日","2022年ドラフト1位","新潟明訓高 - 立教大"
"21925159","ok","2002年3月18日","2023年ドラフト2位","島原中央高 - ミキハウス - 四国・徳島"
"23025132","ok","1987年1月27日","","ミシシッピ大 - 米マイナー"
"23025134","ok","1988年3月13日","","コロンバス州大 - ブルワーズ - パイレーツ"
"23025153","ok","1992年12月4日","","オレゴン大 - レンジャーズ - レッズ"
"23025157","ok","1993年1月2日","","ESPAクララツェトキン校 - ダイヤモンドバックス - メッツ"
"23125110","ok","1978年2月1日","","サントドミンゴ高 - ヤンキース"
"23125112","ok","1976年12月3日","","デランド高 - ブルージェイズ - ホワイトソックス - エンゼルス - ブルワーズ"
"23125114","ok","1979年6月26日","","サンアントニオ高 - ロッキーズ"
"23125116","ok","1979年1月3日","","メイヨー高 - ツインズ - ロッキーズ - パイレーツ - カブス - ナショナルズ"
"23125118","ok","1980年11月10日","","サンアグスティン高 - ナショナルズ"
"23125130","ok","1985年2月13日","","マクレナンコミュニティー大 - レッズ"
"23125132","ok","1992年3月12日","2015年ドラフト2位","宮崎日大高 - 桐蔭横浜大 - NTT東日本"
"23125133","ok","1980年5月22日","","イーストカロライナ大 - ダイヤモンドバックス - カブス - マーリンズ"
"23125136","ok","1998年9月11日","2017年ドラフト9位","京都翔英高 - BC・滋賀"
"23125138","ok","1987年6月30日","","サザンカリフォルニア大 - ダイヤモンドバックス - アスレチックス - レッドソックス - マリナーズ"
"23125151","ok","2001年8月5日","2019年ドラフト4位","専大松戸高"
"23125152","ok","2003年7月6日","2025年ドラフト3位","帝京五高 - 創価大"
"23125153","ok","2003年1月15日","2020年育成選手ドラフト4位","浦和実"
"23125155","ok","1999年9月2日","2021年育成選手ドラフト4位","盛岡大付高 - 東北福祉大"
"23125157","ok","2000年3月18日","2022年育成選手ドラフト2位","金光大阪高 - OBC高島 - 琉球ブルーオーシャンズ - 四国・徳島"
"23125159","ok","2001年12月5日","2023年ドラフト2位","神戸国際大付高 - 名城大"
"23225157","ok","1993年2月1日","","サンホゼラサール校 - ナショナルズ"
"23225159","ok","1996年10月7日","","サウスフロリダ大 - ロッキーズ"
"23325110","ok","1985年5月27日","","国立台湾体育学院"
"23325114","ok","1981年3月25日","","国立台湾体育学院 - 台湾・誠泰"
"23325116","ok","1978年5月20日","","アリロパウリノ高 - ホワイトソックス - マリナーズ - パドレス - ドジャース - 韓国・起亜"
"23325118","ok","1973年11月8日","","セシリオアコスト高 - メッツ - ジャイアンツ - エンゼルス - ブルージェイズ"
"23325130","ok","1981年6月12日","","フロリダインターナショナル大 - 米マイナー"
"23325131","ok","1984年10月13日","","サンタナ高 - オリオールズ - マーリンズ - パイレーツ"
"23325132","ok","1987年1月19日","","セシーテ第一高 - 米マイナー"
"23325134","ok","1990年1月21日","","ビショップマノーグ高 - パドレス - ドジャース - マリナーズ"
"23325135","ok","1978年5月24日","","ブロークンアロー高 - マーリンズ - ドジャース - レッドソックス - ジャイアンツ - カージナルス - タイガース"
"23325136","ok","1985年10月6日","","ケンタッキー大 - ツインズ - 韓国・ハンファ - ブルージェイズ - ツインズ - マリナーズ"
"23325137","ok","1985年3月5日","","アリゾナ大 - ブルージェイズ - エンゼルス"
"23325138","ok","1989年7月4日","","マイアミデード大 - パドレス - エンゼルス"
"23325139","ok","1984年9月15日","","エラスムス大 - オランダ・HCAW - 米マイナー"
"23325151","ok","1990年11月2日","","ルイビル大 - ダイヤモンドバックス"
"23325152","ok","2000年5月7日","","リセオセクンダリオホセマルティ高 - カブス - パイレーツ"
"23325155","ok","1997年5月26日","2021年ドラフト5位","八戸学院光星高 - 東北福祉大 - 三菱重工West"
"23325159","ok","2005年9月11日","2023年ドラフト4位","東海大熊本星翔高"
"23525112","ok","1977年4月4日","","カリフォルニア大ロサンゼルス校 - フィリーズ - レッズ - メッツ"
"23525114","ok","1984年9月26日","","フラジャントンデモンテシーノ高 - 米マイナー"
"23525118","ok","1974年5月1日","","テキサス大 - ダイヤモンドバックス - アストロズ"
"23525130","ok","1987年9月11日","","サイプレス大 - ヤンキース - アストロズ"
"23525132","ok","1987年10月31日","","カリダデルコブレ高 - レッドソックス - ロイヤルズ - パイレーツ - オリオールズ - 韓国・三星"
"23525133","ok","1990年10月29日","","台湾・国立体育大"
"23525134","ok","1989年6月30日","","バリー大 - 米マイナー"
"23525135","ok","1986年2月12日","","モンゴメリー高 - ダイヤモンドバックス - アスレチックス - レイズ"
"23525136","ok","1990年2月9日","","ソノマ州大 - ドジャース"
"23525138","ok","1993年9月9日","","中国文化大 - 台湾・ラミゴ"
"23525139","ok","1985年8月28日","","テネシー大 - ホワイトソックス"
"23525151","ok","1991年3月16日","","インディアンリバーコミュニティ大 - パドレス - ブルワーズ"
"23525152","ok","2000年11月1日","","平鎮高 - 台湾・味全"
"23525153","ok","1992年12月12日","","ヌエストラセニョーラデファテマ高 - パイレーツ"
"23525155","ok","1996年12月12日","2021年ドラフト7位","広陵高 - 東海大 - JFE西日本"
"23525157","ok","2000年10月29日","2022年ドラフト3位","北九州高 - 九州産業大"
"23525159","ok","1997年2月22日","","ホセコラーゾコロン高 - パドレス"
"23725130","ok","1985年11月15日","","レイクミシガン大 - タイガース - マーリンズ - 韓国・起亜"
"23725132","ok","1985年1月20日","","ブルージェイズ"
"23725133","ok","1982年12月14日","","オクラホマ州大 - ホワイトソックス - ロイヤルズ"
"23725134","ok","1988年11月25日","","エドガーメルセデスベースボールアカデミー - アストロズ - ロイヤルズ - オリオールズ - ブルージェイズ - フィリーズ"
"23725136","ok","1989年2月23日","","イライアスロドリゲス高 - ロッキーズ - 韓国・ハンファ"
"23725138","ok","1988年3月6日","","マニュエルファハルドキューバ国立体育大 - レンジャーズ - マリナーズ - カブス - タイガース - インディアンス"
"23725150","ok","1996年7月28日","","カリフォルニア州工大 - フィリーズ - レンジャーズ - ジャイアンツ - ガーディアンズ"
"23725151","ok","1989年11月21日","","マヌエルセグンドサンチェスマノ高 - ヤンキース - パドレス - フィリーズ"
"23725153","ok","1986年12月5日","","サウスカロライナ大 - レンジャーズ - マリナーズ - ブルージェイズ - ブルワーズ - ジャイアンツ"
"23725155","ok","1991年5月16日","","セントラルミシガン大 - ツインズ - レイズ"
"23725159","ok","1995年8月13日","","ヒューストン大 - 米マイナー"
"23925132","ok","1992年1月18日","","サンタルシア中高 - 米マイナー"
"23925134","ok","1996年10月11日","","エイデデピナルデルリオ高 - キューバ・ピナルデルリオ"
"23925136","ok","1988年10月29日","","フロリダコミュニティーカレッジ - ブルワーズ"
"23925152","ok","1995年8月10日","","キャンベル大 - ブレーブス - ヤンキース"
"23925153","ok","1990年5月24日","","ワバッシュバレー大 - 米マイナー - 韓国・KT"
"23925157","ok","1992年8月31日","","テキサス大オースティン校 - マーリンズ - エンゼルス - パイレーツ"
"23925159","ok","1995年6月10日","","ハミルトン高 - ブルージェイズ - ナショナルズ"
"27123868","ok","1970年6月6日","1988年ドラフト3位","日高高中津分校"
"3005134","ok","1988年5月20日","","マリアレデスマ高 - レッドソックス"
"3005159","ok","2002年3月31日","","エスクエラエイデ高 - キューバ・ビジャクララ"
"31033889","ok","1972年7月7日","1993年ドラフト6位","姫路工 - 中山製鋼"
"31035110","ok","1986年7月11日","2004年ドラフト7巡目","鉾田一高"
"31035111","ok","1977年10月25日","1999年ドラフト5位","柳川高 - 中央大"
"31035112","ok","1983年12月10日","2005年大学生・社会人ドラフト希望枠","智弁和歌山高 - 早稲田大"
"31035113","ok","1982年12月27日","2000年ドラフト5位","津久見高"
"31035115","ok","1976年6月8日","2001年ドラフト8巡目","松商学園高 - 明治大 - ヤマハ"
"31035117","ok","1975年12月1日","2002年ドラフト8巡目","社高 - 立命館大 - 日本生命"
"31035118","ok","1985年1月28日","2008年ドラフト7位","稲生高 - 中部大 - バイタルネット"
"31035119","ok","1985年5月10日","2003年ドラフト2巡目","広陵高"
"31035130","ok","1989年7月13日","2014年ドラフト3位","三重・海星高 - 三菱重工名古屋"
"31035132","ok","1991年12月28日","2015年ドラフト7位","呉工 - 四国学院大 - JR西日本"
"31035133","ok","1984年7月10日","2010年ドラフト2位","延岡工 - 日産自動車九州 - 伯和ビクトリーズ"
"31035134","ok","1998年5月20日","2016年ドラフト4位","静岡高"
"31035135","ok","1989年9月5日","2011年ドラフト4位","星稜高 - 国学院大"
"31035136","ok","1999年11月15日","2017年ドラフト4位","八重山商工"
"31035137","ok","1987年8月15日","2012年育成選手ドラフト2位","三島高 - 白鴎大 - BC・福井"
"31035138","ok","2000年10月19日","2018年ドラフト5位","菰野高"
"31035139","ok","1987年3月28日","2013年ドラフト3位","浦和学院高 - 上武大 - TDK"
"31035150","ok","2003年2月9日","2024年育成選手ドラフト4位","札幌山の手高 - 星槎道都大"
"31035151","ok","2001年11月3日","2019年ドラフト1位","大船渡高"
"31035157","ok","1998年8月13日","2022年ドラフト4位","出雲商 - 関西大 - 日本通運"
"3105110","ok","1972年10月10日","","クレムソン大 - エンゼルス - アスレチックス - パドレス"
"3105112","ok","1977年11月17日","","インディアナ州大 - ヤンキース"
"3105114","ok","1975年7月29日","","バージニア大 - タイガース - ツインズ - ブレーブス - 韓国・起亜"
"3105115","ok","1972年8月5日","","フロリダ州大 - アスレチックス - レッドソックス - ロッキーズ - オリオールズ"
"3105116","ok","1979年8月2日","","ベーカーズフィールド短大 - レンジャーズ - タイガース - アスレチックス"
"3105118","ok","1978年1月18日","","レッドモンド高 - オリオールズ - ドジャース - パドレス - カージナルス - ドジャース - パドレス"
"3105130","ok","1987年1月16日","","ウォーレス州コミュニティ大 - ヤンキース"
"3105131","ok","1983年11月5日","","ゴルレオノイッグ高 - ロッキーズ - ツインズ"
"3105132","ok","1993年5月27日","2015年ドラフト6位","日大三高 - 慶応大"
"3105133","ok","1982年10月22日","","カンザス州大 - ホワイトソックス"
"3105134","ok","1994年5月2日","2016年ドラフト4位","星稜高 - 専修大"
"3105135","ok","1978年1月26日","","サンペドロデマコリス高 - アスレチックス - レンジャーズ - ロイヤルズ - レンジャーズ"
"3105136","ok","2000年1月31日","2017年ドラフト6位","市立西宮高"
"3105137","ok","1979年1月2日","","マタンサス大 - 米マイナー"
"3105138","ok","1993年1月5日","","サムヒューストン州大 - 米マイナー"
"3105139","ok","1983年4月25日","","ナンシーウランガ大 - ヤンキース - ダイヤモンドバックス"
"3105151","ok","2001年5月4日","2019年ドラフト5位","星稜高"
"3105155","ok","1999年12月30日","2021年ドラフト4位","福岡大大濠高 - 法政大"
"3105157","ok","2001年1月6日","2022年ドラフト2位","静岡高 - 明治大"
"3105159","ok","1999年4月14日","2023年ドラフト2位","東海大菅生高 - 亜細亜大 - トヨタ自動車"
"31133885","ok","1973年9月9日","1991年ドラフト1位","東京学館浦安高"
"31133888","ok","1977年1月18日","1998年ドラフト3位","暁星国際高 - 東海大"
"31133889","ok","1971年8月25日","1993年ドラフト1位","藤嶺藤沢高 - 三菱重工横浜"
"31135110","ok","1986年12月7日","2004年ドラフト7巡目","上宮太子高"
"31135111","ok","1977年5月6日","1999年ドラフト6位","修徳高 - 同志社大"
"31135112","ok","1987年12月14日","2005年高校生ドラフト4巡目","太田市立商"
"31135113","ok","1978年5月16日","2000年ドラフト4位","熊本市立商 - 福岡大"
"31135114","ok","1988年4月13日","2006年高校生ドラフト3巡目","水戸短大付高"
"31135115","ok","1984年1月1日","2001年ドラフト1巡目","PL学園高"
"31135116","ok","1989年9月4日","2007年高校生ドラフト1巡目","浦和学院高"
"31135118","ok","1990年7月31日","2008年ドラフト1位","宮崎商"
"31135119","ok","1982年1月5日","2003年ドラフト4巡目","日向高 - 早稲田大"
"31135130","ok","1996年6月21日","2014年ドラフト3位","横浜高"
"31135131","ok","1988年1月7日","2009年育成選手ドラフト2位","静岡学園高 - 愛知大"
"31135133","ok","1988年4月16日","2010年ドラフト3位","横浜創学館高 - 八戸大"
"31135134","ok","1998年10月2日","2016年ドラフト5位","松山聖陵高"
"31135135","ok","1988年1月7日","2011年ドラフト1位","榛名高 - 上武大 - 東芝"
"31135137","ok","1987年4月13日","2012年ドラフト4位","掛川西高 - 立正大 - セガサミー"
"31135138","ok","1996年4月4日","2018年ドラフト2位","智弁和歌山高 - 日本体育大"
"31135139","ok","1987年6月3日","2013年ドラフト8位","巻高 - 石巻専修大 - 日本製紙石巻"
"31135152","ok","2003年10月5日","2025年ドラフト5位","天理高 - 佛教大"
"31135159","ok","2005年7月26日","2023年ドラフト8位","氷見高"
"31233882","ok","1977年8月18日","1995年ドラフト2位","宇和島東高"
"31233883","ok","1972年4月15日","1990年ドラフト外","宮崎南高"
"31233884","ok","1978年4月7日","1996年ドラフト8位","奈良・郡山高"
"31233887","ok","1974年7月17日","1992年ドラフト3位","山梨学院大付高"
"31233888","ok","1980年9月13日","1998年ドラフト1位","横浜高"
"31235110","ok","1986年4月21日","2004年ドラフト7巡目","大体大浪商高"
"31235111","ok","1977年5月1日","1999年ドラフト7位","崇徳高 - 亜細亜大"
"31235112","ok","1982年2月22日","2005年大学生・社会人ドラフト5巡目","桐生南高 - 城西大 - JR東海"
"31235113","ok","1982年9月13日","2000年ドラフト5位","専大北上高"
"31235114","ok","1984年9月17日","2006年大学生・社会人ドラフト4巡目","横浜高 - 青山学院大"
"31235118","ok","1990年7月21日","2008年ドラフト2位","広陵高"
"31235130","ok","1992年8月27日","2014年育成選手ドラフト3位","八重山商工 - 山梨学院大"
"31235131","ok","1983年4月9日","2009年ドラフト5位","大谷高 - 高知大 - リッツベースボールクラブ - 四国・香川"
"31235132","ok","1992年11月20日","2015年育成選手ドラフト3位","関大北陽高 - 関西学院大"
"31235133","ok","1992年8月10日","2010年ドラフト6位","日南学園高"
"31235134","ok","1994年7月19日","2016年ドラフト1位","創価高 - 創価大"
"31235135","ok","1989年7月27日","2011年ドラフト4位","京都外大西高 - 日本体育大"
"31235136","ok","1992年10月6日","2017年ドラフト5位","筑陽学園高 - 東京農業大 - 九州三菱自動車"
"31235137","ok","1988年10月19日","2012年ドラフト5位","岡山東商 - 日産自動車九州 - 伯和ビクトリーズ - 四国・香川"
"31235139","ok","1995年11月13日","2013年育成選手ドラフト1位","北条高"
"31235150","ok","2003年7月13日","2024年育成選手ドラフト2位","高知商 - 四国・高知"
"31235151","ok","1994年12月20日","2019年ドラフト6位","高島高 - 龍谷大 - ホンダ鈴鹿"
"31235152","ok","2001年12月21日","2025年ドラフト5位","明秀学園日立高 - 中央大 - JR東日本"
"31235159","ok","2001年12月28日","2023年ドラフト3位","寿都高 - 星槎道都大"
"31333881","ok","1971年5月11日","1989年ドラフト2位","阪南大高"
"31335111","ok","1974年12月25日","1999年ドラフト5位","長崎日大高 - 三菱重工長崎"
"31335112","ok","1987年10月6日","2005年高校生ドラフト4巡目","浦和学院高"
"31335113","ok","1978年8月13日","2000年ドラフト7位","東海大相模高 - 東海大"
"31335114","ok","1984年6月5日","2006年育成選手ドラフト4巡目","広島国際学院高 - 広島国際学院大"
"31335116","ok","1989年10月21日","2007年高校生ドラフト1巡目","市立船橋高"
"31335118","ok","1986年4月4日","2008年ドラフト3位","東海大相模高 - 東海大"
"31335119","ok","1978年8月5日","2003年ドラフト4巡目","日大藤沢高 - 日本大 - ホンダ"
"31335130","ok","1989年7月27日","2014年ドラフト7位","桐光学園高 - 武蔵大 - 日本製紙石巻"
"31335131","ok","1991年7月15日","2009年ドラフト1位","明豊高"
"31335132","ok","1994年1月7日","2015年ドラフト3位","武相高 - 東京農業大北海道オホーツク"
"31335133","ok","1988年12月8日","2010年ドラフト3位","東洋大姫路高 - 東洋大"
"31335134","ok","1998年5月9日","2016年ドラフト1位","作新学院高"
"31335135","ok","1994年3月15日","2011年ドラフト2位","太成学院大高"
"31335137","ok","1990年8月22日","2012年ドラフト3位","広陵高 - 明治大"
"31335139","ok","1991年6月19日","2013年ドラフト6位","清水東高 - 国士舘大"
"31335151","ok","2001年8月12日","2019年ドラフト2位","履正社高"
"31335152","ok","2003年8月24日","2025年ドラフト2位","仙台育英高 - 早稲田大"
"31335157","ok","2000年5月26日","2022年育成選手ドラフト3位","日高高中津分校 - 東北福祉大"
"31335159","ok","2000年2月23日","2023年ドラフト6位","久留米商 - 福岡大 - 四国・徳島"
"31433868","ok","1968年9月12日","1986年ドラフト1位","日大明誠高"
"31433884","ok","1972年6月19日","1996年ドラフト4位","県立岐阜商 - 東北福祉大 - 神戸製鋼"
"31433885","ok","1969年7月1日","1991年ドラフト4位","平安高 - 東洋大"
"31433887","ok","1970年8月31日","1992年ドラフト4位","玉野光南高 - 龍谷大"
"31435111","ok","1974年5月11日","1999年ドラフト1位","広島・山陽高 - 広島電機大 - 三菱自動車岡崎"
"31435112","ok","1983年9月12日","2005年大学生・社会人ドラフト希望枠","伊都高 - 東北福祉大"
"31435113","ok","1980年11月4日","2000年ドラフト7位","大阪桐蔭高 - プリンスホテル"
"31435114","ok","1982年8月1日","2006年大学生・社会人ドラフト3巡目","糸島高 - 九州国際大 - JR北海道"
"31435116","ok","1989年7月25日","2007年高校生ドラフト1巡目","熊本工"
"31435117","ok","1984年7月27日","2002年ドラフト1巡目","大阪桐蔭高"
"31435118","ok","1984年7月7日","2008年ドラフト1位","岡山南高 - 駒沢大 - 日本通運"
"31435119","ok","1985年10月2日","2003年ドラフト7巡目","札幌第一高"
"31435131","ok","1987年11月27日","2009年ドラフト5位","横浜商大高 - 日本大国際関係学部"
"31435133","ok","1988年2月8日","2010年ドラフト1位","済美高 - 早稲田大"
"31435134","ok","1995年7月7日","2016年ドラフト4位","尽誠学園高 - 大阪ガス"
"31435136","ok","1999年5月21日","2017年ドラフト6位","明徳義塾高"
"31435137","ok","1990年10月19日","2012年育成選手ドラフト1位","大体大浪商高 - 大阪体育大"
"31435138","ok","2000年6月26日","2018年ドラフト2位","花咲徳栄高"
"31435139","ok","1989年4月10日","2013年ドラフト4位","県立岐阜商 - 法政大 - JX-ENEOS"
"31435155","ok","1997年4月28日","2021年ドラフト6位","東海大相模高 - 国際武道大 - 日立製作所"
"31435157","ok","2000年5月8日","2022年ドラフト5位","常葉大菊川高 - 立正大"
"31435159","ok","2001年9月18日","2023年ドラフト1位","大分舞鶴高 - 青山学院大"
"31533868","ok","1970年6月21日","1988年ドラフト5位","修徳高"
"31533880","ok","1973年12月13日","1994年ドラフト2位","延岡学園高 - 新王子製紙春日井"
"31533886","ok","1975年7月27日","1997年ドラフト5位","京都成章高 - 京都産業大"
"31533887","ok","1975年1月11日","1992年ドラフト4位","村野工"
"31533889","ok","1971年10月8日","1993年ドラフト2位","星林高 - 青山学院大"
"31535110","ok","1982年4月28日","2004年ドラフト4巡目","崇徳高 - 亜細亜大"
"31535111","ok","1982年1月8日","1999年ドラフト3位","日大山形高"
"31535112","ok","1987年4月19日","2005年高校生ドラフト1巡目","報徳学園高"
"31535113","ok","1972年7月27日","2000年ドラフト6位","西条高 - 亜細亜大 - NTT関東 - NTT東日本"
"31535115","ok","1983年7月28日","2001年ドラフト4巡目","岡山理大付高"
"31535116","ok","1983年4月7日","2007年大学生・社会人ドラフト3巡目","佐賀工 - 関東学院大 - 富士重工"
"31535117","ok","1980年5月6日","2002年ドラフト自由枠","鎌倉学園高 - 慶応大"
"31535119","ok","1985年9月24日","2003年ドラフト2巡目","岐阜・中京高"
"31535130","ok","1989年11月4日","2014年ドラフト8位","九州学院高 - 東洋大 - 日本生命"
"31535131","ok","1985年9月27日","2009年ドラフト6位","南部高 - 国士舘大 - ヤマハ"
"31535132","ok","1997年4月6日","2015年ドラフト4位","花咲徳栄高"
"31535133","ok","1984年6月26日","2010年ドラフト7位","佐賀学園高 - 九州共立大 - ヒタチエクスプレス - アークバリアドリームクラブ - 四国・香川"
"31535134","ok","1995年3月17日","2016年ドラフト4位","新津高 - 新潟医療福祉大"
"31535135","ok","1993年10月26日","2011年ドラフト2位","石川・金沢高"
"31535138","ok","2000年9月21日","2018年ドラフト2位","延岡学園高"
"31535139","ok","1989年6月30日","2013年ドラフト6位","大阪桐蔭高 - 大阪ガス"
"31535153","ok","1998年11月10日","2020年育成選手ドラフト3位","八潮南高 - 仙台大"
"31633881","ok","1971年6月14日","1989年ドラフト4位","熊本工"
"31635110","ok","1986年6月21日","2004年ドラフト1巡目","横浜高"
"31635112","ok","1983年9月17日","2005年大学生・社会人ドラフト1巡目","光星学院高 - 東北福祉大"
"31635113","ok","1978年5月21日","2000年ドラフト2位","星林高 - 東北福祉大"
"31635114","ok","1988年7月23日","2006年高校生ドラフト3巡目","横浜高"
"31635115","ok","1978年5月10日","2001年ドラフト6巡目","神戸弘陵高 - 奈良産業大 - 河合楽器"
"31635116","ok","1985年5月20日","2007年大学生・社会人ドラフト1巡目","大体大浪商高 - 大阪体育大"
"31635117","ok","1978年1月6日","2002年ドラフト6巡目","大阪桐蔭高 - 福井工業大 - シダックス"
"31635119","ok","1975年1月17日","","ダラスバプティスト大 - ロイヤルズ - ドジャース"
"31635130","ok","1990年6月21日","2014年ドラフト4位","自由ケ丘高 - 九州共立大 - 三菱日立パワーシステムズ横浜"
"31635132","ok","1993年7月19日","2015年ドラフト1位","東洋大姫路高 - 東洋大"
"31635133","ok","1988年8月2日","2010年育成選手ドラフト8位","大阪桐蔭高 - 大阪経済大"
"31635134","ok","1994年5月31日","2016年ドラフト2位","近大福山高 - 近畿大"
"31635137","ok","1985年9月9日","2012年ドラフト6位","必由館高 - 九州東海大 - ホンダ熊本"
"31635138","ok","2000年5月6日","2018年ドラフト1位","大阪桐蔭高"
"31635139","ok","1995年6月9日","2013年ドラフト2位","鹿児島実"
"31635150","ok","2002年1月23日","2024年ドラフト3位","山梨学院高 - 山梨学院大 - 四国・徳島"
"31635151","ok","1996年12月16日","2019年育成選手ドラフト1位","鳴門渦潮高 - 四国・徳島"
"31635152","ok","2007年8月30日","2025年ドラフト4位","神村学園高"
"31635153","ok","2002年5月29日","2020年ドラフト2位","明石商"
"31635155","ok","1999年8月9日","2021年ドラフト6位","花咲徳栄高 - 金沢学院大"
"31635157","ok","2000年7月18日","2022年ドラフト5位","長田高 - 慶応大"
"31635159","ok","2002年3月11日","2023年ドラフト1位","花巻東高 - 中央大"
"31733880","ok","1976年6月8日","1994年ドラフト1位","別府大付高"
"31733881","ok","1965年9月15日","1989年ドラフト1位","芝浦工大柏高 - 早稲田大"
"31733887","ok","1974年5月27日","1992年ドラフト6位","神港学園高"
"31733888","ok","1976年5月20日","1998年ドラフト2位","鳴門工 - 帝京大"
"31735110","ok","1980年7月14日","2004年ドラフト8巡目","横浜高 - 亜細亜大 - JR東日本"
"31735112","ok","1987年10月16日","2005年高校生ドラフト3巡目","市立和歌山商"
"31735113","ok","1978年11月30日","2000年ドラフト2位","秋田経法大付高 - 早稲田大"
"31735114","ok","1984年4月10日","2006年大学生・社会人ドラフト希望枠","市立尼崎高 - 立命館大"
"31735116","ok","1985年10月29日","2007年大学生・社会人ドラフト3巡目","津田学園高 - 奈良産業大"
"31735117","ok","1979年2月27日","2002年ドラフト4巡目","高松商 - 川崎製鉄水島"
"31735119","ok","1978年8月9日","2003年ドラフト7巡目","桐蔭学園高 - 法政大 - 米マイナー"
"31735132","ok","1991年12月18日","2015年ドラフト3位","高知高 - 法政大 - トヨタ自動車"
"31735134","ok","1998年9月5日","2016年ドラフト3位","秀岳館高"
"31735135","ok","1989年4月7日","2011年ドラフト2位","小倉高 - 日本文理大"
"31735136","ok","1996年3月26日","2017年ドラフト1位","北陸高 - 中央大"
"31735137","ok","1994年9月18日","2012年ドラフト5位","光南高"
"31735138","ok","1994年6月15日","2018年ドラフト3位","青森山田高 - 亜細亜大 - ホンダ"
"31735150","ok","1999年10月26日","2024年育成選手ドラフト6位","東海大菅生高 - 城西国際大 - ハナマウイ - 四国・徳島"
"31735151","ok","2001年4月16日","2019年ドラフト1位","星稜高"
"31735152","ok","2002年2月20日","2025年ドラフト6位","高知高 - 京都産業大 - 四国銀行"
"31735153","ok","1998年6月11日","2020年育成選手ドラフト2位","東総工 - BC・武蔵 - BC・茨城"
"31735155","ok","1999年6月2日","2021年育成選手ドラフト6位","佐渡高 - 桐蔭横浜大"
"31735157","ok","2004年9月3日","2022年育成選手ドラフト2位","下関国際高"
"31833888","ok","1971年6月2日","","アントニオホセ大 - アストロズ - パドレス - メッツ - レッズ"
"31835110","ok","1970年9月9日","","フィリップス高 - パイレーツ - タイガース - パドレス - マーリンズ - ロッキーズ - レンジャーズ - ロッキーズ - インディアンス - ヤンキース - アストロズ"
"31835112","ok","1983年7月8日","2005年大学生・社会人ドラフト6巡目","如水館高 - 龍谷大"
"31835116","ok","1979年3月12日","","デラウェア工科短大 - パイレーツ - レッズ - メッツ"
"31835117","ok","1972年6月6日","","サウスイースタンルイジアナ大 - ドジャース"
"31835118","ok","1990年6月6日","2008年ドラフト5位","神戸国際大付高"
"31835119","ok","1978年2月10日","","チーフランド高 - 米マイナー"
"31835130","ok","1997年3月11日","2014年ドラフト6位","松本第一高"
"31835131","ok","1976年9月27日","","ドンフォアン高 - 米マイナー"
"31835132","ok","1993年4月24日","2015年ドラフト6位","東北学院高 - 東北学院大"
"31835133","ok","1988年10月9日","2010年ドラフト2位","広島商 - 広島経済大"
"31835134","ok","1998年8月4日","2016年ドラフト5位","明秀学園日立高"
"31835135","ok","1987年7月22日","2011年ドラフト1位","札幌藻岩高 - 中京大 - JR北海道"
"31835137","ok","1986年7月24日","","ファンヘルマンロスシーオ高 - オリオールズ - カブス"
"31835138","ok","2001年3月9日","2018年ドラフト5位","石見智翠館高"
"31835139","ok","1982年10月30日","","サンホセフェアレグリア高 - メッツ - ナショナルズ - メッツ - インディアンス - アストロズ"
"31835152","ok","2003年7月15日","2025年ドラフト4位","花咲徳栄高 - 東北福祉大"
"31835153","ok","1998年7月6日","2020年ドラフト1位","木更津総合高 - 早稲田大"
"31835155","ok","1999年12月1日","2021年ドラフト6位","智弁学園高 - 大阪商業大"
"31835157","ok","1996年10月16日","2022年ドラフト5位","聖光学院高 - 東日本国際大 - 西濃運輸"
"31835159","ok","2005年8月11日","2023年ドラフト4位","履正社高"
"31933882","ok","1971年10月4日","1995年ドラフト2位","常総学院高 - 早稲田大 - 日本生命"
"31933884","ok","1978年8月7日","1996年ドラフト7位","津山工"
"31933886","ok","1975年7月7日","1997年ドラフト6位","横浜高 - 国際武道大"
"31933887","ok","1970年8月26日","1992年ドラフト4位","藤代紫水高 - 駒沢大"
"31935110","ok","1982年8月26日","2004年ドラフト5巡目","盾津高 - 九州共立大"
"31935114","ok","1981年10月29日","2006年大学生・社会人ドラフト希望枠","勿来工 - 国士舘大 - JR九州"
"31935115","ok","1980年10月30日","2001年ドラフト3巡目","鹿児島実 - 三菱重工長崎"
"31935117","ok","1980年8月21日","2002年ドラフト6巡目","桐生第一高 - 東海大"
"31935119","ok","1985年10月28日","2003年ドラフト2巡目","浦和学院高"
"31935131","ok","1987年6月11日","2009年ドラフト4位","砺波工 - 三菱自動車岡崎"
"31935132","ok","1993年10月21日","2015年ドラフト1位","北須磨高 - 立命館大"
"31935133","ok","1989年1月21日","2010年ドラフト4位","江の川高 - 大阪学院大"
"31935137","ok","1988年11月16日","2012年ドラフト4位","加藤学園高 - 岐阜聖徳学園大 - 西濃運輸"
"31935138","ok","1996年10月14日","2018年ドラフト2位","光陵高 - 九州共立大"
"31935139","ok","1995年6月28日","2013年ドラフト5位","東邦高"
"31935150","ok","2006年6月2日","2024年ドラフト2位","報徳学園高"
"31935151","ok","2001年7月23日","2019年ドラフト3位","常総学院高"
"31935153","ok","1998年8月25日","2020年育成選手ドラフト2位","小松大谷高 - 京都先端科学大"
"31935155","ok","2003年4月9日","2021年ドラフト1位","市立和歌山高"
"3205155","ok","1994年2月23日","","バージニア大 - ジャイアンツ"
"3205157","ok","1993年9月17日","","デューク大 - パイレーツ"
"3205159","ok","1992年7月4日","","プリンストン大 - ヤンキース - ジャイアンツ - マリナーズ - ブレーブス - エンゼルス - マリナーズ - レッズ"
"33035132","ok","1993年3月2日","","マリナサムエルノブレスポーツ学校 - キューバ・シエゴデアビラ"
"33035134","ok","1988年7月2日","","モンシニョールエドワードペース高 - ナショナルズ - ジャイアンツ"
"33035153","ok","1989年4月15日","","ホセアントニオアルスアガ高 - ブルージェイズ - マーリンズ - レイズ - パイレーツ - ヤンキース - メッツ - ブレーブス"
"33035157","ok","1993年11月12日","","メアリーキャロル高 - 米マイナー"
"33035159","ok","1998年5月1日","","ETIフアンイグナシオバルブエナ高 - ヤンキース - パイレーツ"
"3305110","ok","1975年5月26日","","ファンパブロデュラテ工高 - ブレーブス - タイガース - パイレーツ - カブス - パイレーツ - デビルレイズ"
"3305114","ok","1980年4月13日","","ホセホアキンペレス短大 - ロイヤルズ"
"3305116","ok","1973年5月23日","","エイスインターメディアン高 - エンゼルス - レッズ - ナショナルズ - ツインズ - ロッキーズ"
"3305117","ok","1974年11月2日","","エバンヘリコ高 - エクスポズ - エンゼルス - 韓国・SK"
"3305131","ok","1983年10月21日","","UEネグライボリタ高 - 米マイナー - 四国・高知 - BC・群馬"
"3305132","ok","1993年10月14日","2015年育成選手ドラフト6位","東海大相模高 - 東海大"
"3305133","ok","1984年5月16日","","マウントレーニア高 - 米マイナー"
"3305134","ok","1991年7月15日","","バタジャナバルデルラゴ高 - フィリーズ"
"3305135","ok","1981年12月10日","","グレイソンカウンティー大 - メッツ - レンジャーズ - 韓国・ハンファ"
"3305136","ok","1991年5月9日","","ホセラモンコルネホ高 - ツインズ - レイズ - マーリンズ - パドレス"
"3305137","ok","1984年1月6日","","カリフォルニア大ロサンゼルス校 - 米マイナー"
"3305138","ok","1990年8月22日","","ケネソー州大 - ツインズ"
"3305151","ok","1993年1月2日","","ミルズエドウィンゴッドウィン高 - バージニア州軍事学校 - タイガース"
"3305153","ok","1998年10月10日","2020年ドラフト2位","明石商 - 東海大"
"3305155","ok","2003年4月17日","2021年ドラフト1位","高知高"
"33135110","ok","1973年12月9日","","ホアンジーザスレイジェス高 - アスレチックス - ダイヤモンドバックス - ブルージェイズ - オリオールズ - エクスポズ"
"33135112","ok","1982年2月10日","2005年大学生・社会人ドラフト4巡目","鳴門工 - 同志社大 - 日本生命"
"33135114","ok","1975年2月6日","","テキサスA&M大 - ツインズ - インディアンス - マーリンズ - レンジャーズ"
"33135116","ok","1976年8月12日","","ダラスバプティスト大 - ツインズ"
"33135118","ok","1978年2月13日","","ルイジアナ大ラファイエット校 - ロッキーズ - ロイヤルズ - デビルレイズ - レイズ"
"33135130","ok","1994年11月3日","2014年ドラフト8位","安芸南高 - 四国・徳島"
"33135132","ok","1993年8月11日","2015年ドラフト5位","青森山田高 - 日本大"
"33135133","ok","1981年4月9日","","アリゾナ州大 - ブルワーズ - アストロズ - オリオールズ"
"33135134","ok","1999年2月21日","2016年ドラフト4位","青森山田高"
"33135135","ok","1982年7月14日","","オネバットアドカテバ高 - ダイヤモンドバックス - パドレス - レッドソックス - タイガース"
"33135137","ok","1980年12月9日","","サザン大 - ジャイアンツ - ブルージェイズ - レッズ - メッツ"
"33135138","ok","1995年3月7日","2018年ドラフト8位","佼成学園高 - 明治大 - 明治安田生命"
"33135139","ok","1985年4月29日","","テキサスクリスチャン大 - ヤンキース"
"33135150","ok","2002年7月27日","2024年ドラフト1位","大崎中央高 - 富士大"
"33135151","ok","2002年1月28日","2019年ドラフト1位","桐蔭学園高"
"33135152","ok","2003年4月30日","2025年ドラフト4位","前橋育英高 - 中央大"
"33135155","ok","2003年7月1日","2021年ドラフト7位","大阪桐蔭高"
"33135159","ok","1999年2月12日","2023年ドラフト5位","日川高 - 東京情報大 - 日本生命"
"33233868","ok","1967年7月7日","1985年ドラフト4位","上宮高"
"33235155","ok","2002年6月16日","","ヘネーロペレス高 - 米マイナー"
"33235157","ok","1991年1月17日","","カリフォルニア大ロサンゼルス校 - ダイヤモンドバックス - インディアンス - レッズ - ドジャース"
"33235159","ok","1994年11月21日","","アメリコルーゴ校 - レンジャーズ"
"33335110","ok","1973年12月11日","","ボーリンググリーン州大 - エクスポズ - ロッキーズ"
"33335112","ok","1977年4月12日","","ピマコミュニティー大 - ロイヤルズ"
"33335114","ok","1972年2月2日","","カリフォルニア州大フレズノ校 - レッズ - アストロズ - ブルワーズ"
"33335116","ok","1982年4月21日","","セルヒオアウグストベラス高 - 米マイナー - イスラエル・モディン"
"33335118","ok","1979年2月7日","","メンフィス大 - カブス - オリオールズ"
"33335130","ok","1983年9月2日","","マイアミ大 - マーリンズ - パイレーツ"
"33335131","ok","1977年10月19日","","ベルビュー大 - ツインズ - ブルージェイズ"
"33335132","ok","1993年11月4日","2015年ドラフト2位","広陵高 - 大阪商業大"
"33335133","ok","1973年6月30日","","漢陽大 - ドジャース - レンジャーズ - パドレス - メッツ - ドジャース - フィリーズ - ヤンキース - パイレーツ"
"33335134","ok","1998年6月15日","2016年ドラフト6位","敦賀気比高"
"33335135","ok","1978年11月28日","","インディアンヒルズコミュニティー大 - 米マイナー - 台湾・兄弟"
"33335136","ok","1999年1月14日","2017年育成選手ドラフト1位","小川高 - BC・富山"
"33335137","ok","1984年3月21日","","エバンヘリナロドリゲス高 - レンジャーズ"
"33335138","ok","1992年7月11日","","フェリックスバレーラ高 - ヤンキース - パイレーツ - タイガース"
"33335139","ok","1985年7月3日","","スタンフォード大 - ロッキーズ - レッズ"
"33335150","ok","2000年12月14日","2024年ドラフト4位","木更津総合高 - 青山学院大 - 三菱重工East"
"33335151","ok","1986年12月16日","","カルアオ高 - ブルワーズ - ロイヤルズ"
"33335153","ok","1998年12月4日","2020年ドラフト4位","佐久長聖高 - 東北福祉大"
"33335155","ok","2000年1月22日","2021年ドラフト1位","高川学園高 - 東北福祉大"
"33435155","ok","1999年3月23日","","エイデスポーツ専門学校 - キューバ・グアンタナモ"
"33435157","ok","1996年12月17日","","ボリバリアーノサンフランシスコデアシス高 - レッドソックス"
"33535112","ok","1976年12月22日","","アイオワ大 - ロイヤルズ - ブルワーズ"
"33535114","ok","1977年7月7日","","ケンタッキー大 - ダイヤモンドバックス"
"33535116","ok","1977年11月4日","","ライス大 - エンゼルス"
"33535117","ok","1973年9月11日","","ヘンリーフォードコミュニティー大 - ブルージェイズ - マリナーズ - パドレス"
"33535118","ok","1980年6月30日","","ルイジアナ州大 - ジャイアンツ - マーリンズ"
"33535130","ok","1986年10月1日","","サンフランシスコ大 - ホワイトソックス - パドレス - レンジャーズ"
"33535132","ok","1986年12月8日","","エドビルヘブラボカスティージョ高 - ダイヤモンドバックス - アスレチックス"
"33535133","ok","1982年11月18日","","デルタ州大 - ドジャース"
"33535134","ok","1990年1月17日","","エスクエラベイシカサイナグア高 - パドレス"
"33535135","ok","1985年6月1日","","ピサ大 - イタリア・サンマリノ - 米マイナー - オーストラリア・ブリスベン - イタリア・リミニ - 四国・香川"
"33535136","ok","1989年8月2日","","エスクエラエスパ高 - ドジャース - ロイヤルズ"
"33535139","ok","1986年11月1日","","ディビナプロビデンシア高 - アストロズ"
"33535151","ok","1988年9月24日","","イバングスマンクラン高 - ブルージェイズ - ホワイトソックス - ナショナルズ"
"33535153","ok","2002年8月9日","2020年育成選手ドラフト3位","開星高"
"33535155","ok","1999年9月12日","2021年ドラフト1位","木更津総合高 - 法政大"
"33535157","ok","1998年7月19日","2022年ドラフト2位","九州学院高 - 上武大 - トヨタ自動車"
"33535159","ok","2002年10月4日","2023年ドラフト1位","横浜高 - ENEOS"
"33735114","ok","1977年10月15日","","アリゾナ州大 - 米マイナー"
"33735130","ok","1987年6月24日","","レッズ - ブレーブス - ブルワーズ - ブルージェイズ"
"33735136","ok","1990年8月5日","","フォーダム大 - レンジャーズ"
"33735151","ok","1990年10月22日","","バンダービルト大 - タイガース"
"33735153","ok","1992年10月1日","","ダラスバプティスト大 - アストロズ"
"33735155","ok","2004年6月26日","","テクニカNo.13高 - メキシカンリーグ"
"33735157","ok","1991年10月6日","","リシオミルグロスヘルナンデス高 - レッドソックス - レッズ"
"33735159","ok","1995年9月25日","","セントロエドゥカティーボクルトゥラルビリンゲエゼル校 - パドレス - レイズ - ブルワーズ - レイズ"
"33935132","ok","1983年10月6日","","ガストンフェルナンデスデリーネ高 - オリオールズ - 韓国・LG - パイレーツ"
"33935134","ok","1994年3月8日","","ヌエバエスペランサ高 - 米マイナー"
"33935136","ok","1994年11月8日","","コレヒオサンタナ高 - 米マイナー"
"33935151","ok","1997年3月10日","","エスクエラアルマンドメストレ高 - キューバ・カマグエイ"
"33935152","ok","1997年5月19日","","中国文化大 - 台湾・統一"
"33935153","ok","1993年4月12日","","フラグラー大 - レンジャーズ"
"33935155","ok","1994年2月4日","","グレイソン大 - ヤンキース"
"33935157","ok","1995年4月30日","","ボリバルバラカンス高 - ロッキーズ - マーリンズ - ロッキーズ - レンジャーズ"
"33935159","ok","1990年5月26日","","インディアナ大ブルーミントン校 - パドレス - ジャイアンツ - ブレーブス"
"3505112","ok","1978年9月5日","","ザビエル大 - メッツ - アスレチックス"
"3505118","ok","1982年12月30日","","セントラルデルエステ大 - 中国・広東 - 四国・高知 - 四国・長崎 - 四国・徳島"
"3505130","ok","1984年8月7日","","アラバマ大 - パドレス - マーリンズ - アストロズ - エンゼルス - ヤンキース - エンゼルス"
"3505132","ok","1988年1月10日","","ディビナプロビデンシア校 - カブス"
"3505133","ok","1982年8月20日","","ラファエルマリアバウル高 - 米マイナー - イタリア・コドーニョ"
"3505134","ok","1989年4月30日","","ヤングスタウン州大 - レンジャーズ - フィリーズ"
"3505135","ok","1981年1月21日","","ハルディン高 - タイガース - ブレーブス - パドレス - ダイヤモンドバックス - ナショナルズ - パイレーツ - ブルージェイズ"
"3505136","ok","1989年2月28日","","マリスタデグアイナボ高 - レッズ"
"3505138","ok","1991年1月24日","","ラモンエミリオヒメネス高 - レイズ - ナショナルズ - パイレーツ - ロイヤルズ"
"3505139","ok","1986年6月17日","","マニュエルファハルドキューバ国立体育大 - キューバ・グランマ"
"3505151","ok","1992年6月1日","","ノーターデイム高 - マリナーズ - オリオールズ"
"3505153","ok","1992年12月4日","","リセオエマバラングエル高 - アスレチックス - 韓国・KT - 韓国・斗山"
"3505155","ok","1997年12月28日","2021年ドラフト6位","宮崎学園高 - 国学院大 - セガサミー"
"3505159","ok","1992年11月9日","","サイプレス大 - パドレス - カブス"
"37035159","ok","1999年9月19日","2025年育成選手ドラフト1位","白樺学園高 - 富士大 - BC・信濃"
"3705132","ok","1989年7月29日","","ノースウエスタンオハイオ大 - 米マイナー"
"3705133","ok","1977年10月4日","","ミシガン大 - カブス"
"3705134","ok","1988年2月20日","","サザンイリノイ大エドワーズビル校 - レンジャーズ - カブス"
"3705138","ok","1987年7月3日","","トーマスアルバエディソン高 - ヤンキース - パドレス - ブルージェイズ - ジャイアンツ"
"3705151","ok","1991年4月22日","","ランシングコミュニティ大 - 米マイナー"
"3705155","ok","1991年10月18日","","ジャクソンビル大 - 米マイナー"
"3705157","ok","1995年7月27日","","ザファーストアカデミー - ロイヤルズ - ブルージェイズ"
"3905132","ok","1980年11月22日","","サンタローザ短大 - デビルレイズ - レイズ - レッズ - ナショナルズ - アスレチックス - レッドソックス - アスレチックス - ブレーブス - ロイヤルズ"
"3905134","ok","1985年7月18日","","プエンテス高 - ヤンキース - ブレーブス - ジャイアンツ"
"3905136","ok","1982年9月12日","","アリゾナ州大 - 米マイナー"
"3905153","ok","1992年4月17日","","フアンイシドロペレス高 - タイガース"
"3905155","ok","1992年1月5日","","オビエド高 - ナショナルズ - ヤンキース - インディアンス - ブルージェイズ"
"3905157","ok","1995年11月20日","","クレムソン大 - ダイヤモンドバックス - ブルージェイズ"
"41043881","ok","1971年9月23日","1989年ドラフト外","神戸弘陵高"
"41043882","ok","1977年8月30日","1995年ドラフト2位","熊本工"
"41043884","ok","1978年5月5日","1996年ドラフト3位","横浜高"
"41043886","ok","1979年6月22日","1997年ドラフト2位","仙台育英高"
"41043888","ok","1977年7月29日","1998年ドラフト3位","四日市工 - プリンスホテル"
"41045110","ok","1982年5月6日","2004年ドラフト4巡目","鷲宮高 - 明治大"
"41045112","ok","1987年4月25日","2005年高校生ドラフト1巡目","近大付高"
"41045113","ok","1975年8月22日","2000年ドラフト4位","長崎日大高 - 創価大 - 本田技研"
"41045114","ok","1981年11月13日","2006年大学生・社会人ドラフト3巡目","小山北桜高 - 富士重工 - 白鴎大"
"41045115","ok","1977年10月29日","2001年ドラフト8巡目","横浜商 - 横浜商科大 - 日本IBM野洲"
"41045116","ok","1982年11月12日","2007年大学生・社会人ドラフト5巡目","PL学園高 - 青山学院大 - JR東日本"
"41045117","ok","1978年10月14日","2002年ドラフト4巡目","生光学園高 - 駒沢大 - 日本通運"
"41045118","ok","1990年6月8日","2008年ドラフト2位","愛知・桜丘高"
"41045131","ok","1991年9月4日","2009年ドラフト2位","関大一高"
"41045133","ok","1992年6月1日","2010年ドラフト5位","愛工大名電高"
"41045135","ok","1989年12月13日","2011年ドラフト5位","東海大四高 - 八戸大"
"41045136","ok","1996年8月3日","2017年ドラフト1位","佐野日大高 - JR東日本"
"41045137","ok","1994年4月12日","2012年ドラフト1位","大阪桐蔭高"
"41045138","ok","2000年4月4日","2018年ドラフト6位","聖心ウルスラ学園高"
"41045139","ok","1991年12月11日","2013年ドラフト6位","慶応高 - 慶応大"
"41045150","ok","2002年5月7日","2024年ドラフト2位","木更津総合高 - 法政大"
"41045151","ok","1997年6月25日","2019年ドラフト3位","盛岡大付高 - 創価大"
"41045153","ok","1999年3月13日","2020年ドラフト1位","仁川学院高 - 近畿大"
"41045159","ok","2001年7月26日","2023年ドラフト2位","広陵高 - 大阪商業大"
"41143880","ok","1976年6月1日","1994年ドラフト1位","PL学園高"
"41143886","ok","1975年5月12日","1997年ドラフト5位","堀越高 - 亜細亜大"
"41143888","ok","1980年4月18日","1998年ドラフト1位","愛工大名電高"
"41145110","ok","1983年6月12日","2004年ドラフト5巡目","興南高 - 沖縄電力"
"41145113","ok","1978年5月12日","2000年ドラフト4位","横浜高 - 法政大"
"41145115","ok","1977年12月27日","2001年ドラフト自由枠","大分雄城台高 - 法政大 - トヨタ自動車"
"41145118","ok","1990年5月27日","2008年ドラフト7位","中京大中京高"
"41145119","ok","1981年12月6日","2003年ドラフト4巡目","徳島商 - 明治大"
"41145130","ok","1990年5月26日","2014年ドラフト4位","北大津高 - 明治大 - JX-ENEOS"
"41145132","ok","1989年9月22日","2015年ドラフト6位","桜美林高 - 神奈川大 - パナソニック"
"41145134","ok","1998年9月21日","2016年ドラフト3位","酒田南高"
"41145135","ok","1989年12月13日","2011年ドラフト4位","坂戸西高 - 東京国際大"
"41145136","ok","1995年7月18日","2017年育成選手ドラフト2位","東邦高 - 龍谷大"
"41145138","ok","1996年8月30日","2018年ドラフト2位","日大三高 - 立正大"
"41145139","ok","1988年4月11日","2013年ドラフト1位","富山・滑川高 - 中部大 - 東京ガス"
"41145151","ok","1998年3月7日","2019年ドラフト3位","九州学院高 - 明治大"
"41145152","ok","2002年3月2日","2025年ドラフト6位","作新学院高 - 中央大 - NTT東日本"
"41145153","ok","1997年7月29日","2020年ドラフト8位","秋田工高専 - 四国・高知"
"41145155","ok","2003年8月24日","2021年ドラフト5位","大阪桐蔭高"
"41145157","ok","2005年3月17日","2022年ドラフト3位","関東第一高"
"41145159","ok","2001年8月30日","2023年ドラフト3位","広陵高 - 明治大"
"41243868","ok","1966年11月29日","1988年ドラフト1位","滝高 - 北海道拓殖銀行"
"41243886","ok","1974年6月18日","1997年ドラフト4位","新潟商 - NKK"
"41243888","ok","1981年1月31日","1998年ドラフト4位","帝京高"
"41245111","ok","1981年10月2日","1999年ドラフト1位","延岡学園高"
"41245113","ok","1979年7月15日","2000年ドラフト3位","三井高 - 九州三菱自動車"
"41245114","ok","1984年9月21日","2006年大学生・社会人ドラフト6巡目","那賀高 - JR四国"
"41245117","ok","1984年6月10日","2002年ドラフト4巡目","東海大望洋高"
"41245118","ok","1982年8月22日","2008年ドラフト5位","高松商 - 中央大 - パナソニック"
"41245130","ok","1992年12月20日","2014年ドラフト3位","弘前実 - 富士大"
"41245131","ok","1986年1月10日","2009年ドラフト4位","富田林高 - 龍谷大 - BC・福井"
"41245132","ok","1990年4月11日","2015年ドラフト4位","鹿屋中央高 - 駒沢大 - NTT西日本"
"41245133","ok","1992年4月28日","2010年ドラフト3位","北照高"
"41245134","ok","1994年2月26日","2016年育成選手ドラフト1位","福岡第一高 - 日本経済大"
"41245135","ok","1988年4月24日","2011年育成選手ドラフト1位","PL学園高 - 青山学院大中退 - 四国・香川"
"41245136","ok","1993年3月2日","2017年ドラフト6位","日出暘谷高 - 九州国際大 - ホンダ"
"41245137","ok","1990年5月7日","2012年ドラフト2位","福岡工 - 法政大"
"41245138","ok","1995年2月19日","2018年ドラフト3位","水戸工 - 流通経済大 - 日本通運"
"41245139","ok","1995年9月8日","2013年ドラフト4位","有田工"
"41245150","ok","2006年12月31日","2024年ドラフト5位","北照高"
"41245151","ok","2001年4月16日","2019年ドラフト6位","丹生高"
"41245153","ok","2002年10月17日","2020年ドラフト7位","上田西高"
"41245157","ok","2001年2月15日","2022年ドラフト1位","嘉手納高 - 沖縄大"
"41343862","ok","1967年8月18日","1985年ドラフト1位","PL学園高"
"41343883","ok","1968年12月6日","1990年ドラフト2位","桜宮高 - 東北福祉大"
"41343884","ok","1973年6月9日","1996年ドラフト5位","柳ヶ浦高 - 東芝"
"41343885","ok","1968年4月3日","1991年ドラフト4位","広陵高 - 東北福祉大"
"41343886","ok","1975年6月22日","1997年ドラフト1位","徳島商 - 明治大"
"41343888","ok","1979年1月12日","1998年ドラフト2位","磯原高 - NTT関東"
"41345110","ok","1983年11月8日","2004年ドラフト自由枠","長野商 - トヨタ自動車"
"41345111","ok","1981年6月3日","1999年ドラフト4位","鹿児島工"
"41345113","ok","1976年9月13日","2000年ドラフト2位","日高高 - 立命館大 - 松下電器"
"41345115","ok","1977年4月30日","2001年ドラフト自由枠","仙台二高 - 早稲田大"
"41345116","ok","1985年6月27日","2007年大学生・社会人ドラフト1巡目","八千代松陰高 - 東洋大"
"41345117","ok","1980年4月28日","2002年ドラフト7巡目","PL学園高 - 近畿大"
"41345118","ok","1990年6月9日","2008年ドラフト1位","東海大相模高"
"41345119","ok","1985年7月24日","2003年ドラフト6巡目","東海大菅生高"
"41345130","ok","1989年3月23日","2014年ドラフト7位","駒場学園高 - 中央大 - 東京ガス"
"41345131","ok","1985年2月14日","2009年ドラフト2位","報徳学園高 - 早稲田大 - トヨタ自動車"
"41345132","ok","1994年3月29日","2015年ドラフト1位","広陵高 - 明治大"
"41345133","ok","1992年7月24日","2010年ドラフト4位","九州国際大付高"
"41345134","ok","1998年9月17日","2016年ドラフト3位","花咲徳栄高"
"41345135","ok","1994年1月6日","2011年ドラフト5位","横浜高"
"41345136","ok","1995年6月29日","2017年育成選手ドラフト4位","済々黌高 - 早稲田大"
"41345137","ok","1989年3月10日","2012年ドラフト7位","市立川崎高 - 鶴見大 - 日立製作所"
"41345139","ok","1989年7月22日","2013年ドラフト2位","浜松工 - 愛知学院大 - セガサミー"
"41345151","ok","1997年4月17日","2019年ドラフト2位","常総学院高 - 法政大"
"41345153","ok","2002年6月6日","2020年ドラフト5位","仙台育英高"
"41345159","ok","2006年3月9日","2023年ドラフト7位","日本ウェルネス宮城高"
"41443880","ok","1976年7月11日","1994年ドラフト5位","東京学館高"
"41443885","ok","1973年12月25日","1991年ドラフト6位","高田商"
"41443886","ok","1979年7月29日","1997年ドラフト4位","東京農大二高"
"41445111","ok","1972年3月12日","","アリゾナ大 - エンゼルス - パドレス"
"41445112","ok","1984年11月19日","2005年大学生・社会人ドラフト5巡目","鹿児島実 - 三菱重工名古屋"
"41445113","ok","1978年9月19日","2000年ドラフト2位","北嵯峨高 - 立命館大"
"41445114","ok","1984年5月18日","2006年大学生・社会人ドラフト4巡目","東海大相模高 - 関東学院大"
"41445116","ok","1985年6月2日","2007年大学生・社会人ドラフト3巡目","市立尼崎高 - 関西学院大"
"41445119","ok","1974年5月22日","","サザンミシシッピ大 - ブルージェイズ - オリオールズ - レッズ"
"41445130","ok","1992年10月1日","2014年ドラフト2位","宮崎工 - 九州産業大"
"41445131","ok","1988年1月15日","2009年育成選手ドラフト1位","高岡第一高 - 高岡法科大"
"41445132","ok","1993年6月27日","2015年ドラフト3位","鹿児島実 - 西濃運輸"
"41445133","ok","1984年11月10日","2010年ドラフト2位","静清工 - 平成国際大 - 日本通運"
"41445134","ok","1996年11月14日","2016年ドラフト10位","山本高 - 甲賀健康医療専門学校"
"41445135","ok","1989年8月16日","2011年ドラフト4位","広陵高 - 早稲田大"
"41445136","ok","1995年5月18日","2017年ドラフト1位","仙台育英高 - 仙台大"
"41445137","ok","1994年6月12日","2012年ドラフト2位","高岡第一高"
"41445151","ok","1995年11月8日","2019年育成選手ドラフト3位","福井商 - 龍谷大 - BC・新潟"
"41445152","ok","2007年5月15日","2025年ドラフト4位","明秀学園日立高"
"41445153","ok","1996年6月28日","2020年ドラフト6位","日大山形高 - 東北福祉大 - 三菱自動車岡崎"
"41445155","ok","1999年5月9日","2021年ドラフト6位","青藍泰斗高 - 白鴎大"
"41445159","ok","2005年7月31日","2023年ドラフト4位","沖縄尚学高"
"41543884","ok","1973年7月2日","1996年ドラフト5位","柴田高 - JR東日本東北"
"41543886","ok","1971年4月4日","1997年ドラフト6位","日高高中津分校 - 大和銀行"
"41543889","ok","1975年6月12日","1993年ドラフト5位","駒大岩見沢高"
"41545110","ok","1981年3月30日","2004年ドラフト9巡目","弘前実 - 青森大 - JR東日本"
"41545111","ok","1975年11月24日","1999年ドラフト2位","報徳学園高 - 日本大 - 東芝府中 - 東芝"
"41545114","ok","1987年5月25日","2006年大学生・社会人ドラフト7巡目","日本航空二高 - 四国・高知"
"41545115","ok","1983年12月29日","2001年ドラフト3巡目","水戸短大付高"
"41545116","ok","1989年9月18日","2007年高校生ドラフト4巡目","常磐大高"
"41545117","ok","1978年3月24日","2002年ドラフト4巡目","山形南高 - 東京学芸大 - 三菱ふそう川崎"
"41545118","ok","1985年5月21日","2008年ドラフト1位","秋田経法大付高 - 東京ガス"
"41545119","ok","1985年11月26日","2003年ドラフト5巡目","横浜隼人高"
"41545130","ok","1992年4月29日","2014年ドラフト5位","三重高 - 青山学院大"
"41545131","ok","1987年4月28日","2009年ドラフト3位","東北高 - 九州国際大"
"41545132","ok","1992年6月3日","2015年ドラフト2位","拓大紅陵高 - 新日鉄住金かずさマジック"
"41545134","ok","1993年10月10日","2016年育成選手ドラフト1位","生光学園高 - 四国・徳島"
"41545135","ok","1985年2月4日","2011年ドラフト8位","東海大相模高 - 国際武道大 - JR東日本"
"41545136","ok","1999年5月25日","2017年ドラフト1位","早稲田実"
"41545137","ok","1987年12月14日","2012年ドラフト7位","山城高 - 佛教大 - 新日鉄住金広畑"
"41545138","ok","2000年5月22日","2018年ドラフト4位","日大鶴ヶ丘高"
"41545139","ok","1991年7月9日","2013年ドラフト3位","太成学院大高 - 大阪商業大"
"41545151","ok","1997年11月8日","2019年ドラフト4位","大商大高 - 大阪商業大"
"41545152","ok","2003年8月15日","2025年ドラフト1位","中京高 - 青山学院大"
"41545153","ok","1999年1月20日","2020年ドラフト3位","春日部共栄高 - 八戸学院大"
"41545157","ok","2000年7月2日","2022年育成選手ドラフト3位","奈良大付高 - 佛教大"
"41643883","ok","1969年1月9日","1990年ドラフト2位","松山商 - 早稲田大"
"41645110","ok","1972年2月20日","","グラニットヒルズ高 - ヤンキース - インディアンス - レンジャーズ - メッツ"
"41645112","ok","1981年8月11日","2005年大学生・社会人ドラフト4巡目","報徳学園高 - 大阪産業大 - ヤマハ"
"41645113","ok","1971年12月24日","","アンドレベロ高 - 台湾・和信 - ダイヤモンドバックス"
"41645114","ok","1984年7月18日","2006年大学生・社会人ドラフト希望枠","関西高 - 早稲田大"
"41645116","ok","1989年5月9日","2007年高校生ドラフト4巡目","市立船橋高"
"41645117","ok","1984年7月4日","2002年ドラフト2巡目","帝京高"
"41645118","ok","1986年2月25日","2008年育成選手ドラフト3位","平塚学園高 - 新日本石油 - 西多摩倶楽部 - BC・福井"
"41645119","ok","1974年1月25日","","スタンフォード大 - ツインズ - カブス - パドレス - パイレーツ - 台湾・中信 - レッズ"
"41645131","ok","1982年6月11日","","デスメットヘスート高 - ロイヤルズ - ロッキーズ - ツインズ"
"41645132","ok","1992年6月16日","2015年ドラフト4位","神戸西高 - JR九州"
"41645133","ok","1986年11月29日","2010年ドラフト3位","長崎日大高 - 亜細亜大 - セガサミー"
"41645136","ok","1993年8月8日","2017年ドラフト2位","岡山理大付高 - 亜細亜大 - トヨタ自動車"
"41645137","ok","1980年1月16日","","アリゾナ州大 - アスレチックス - ブレーブス - ブルワーズ - レイズ"
"41645138","ok","1994年8月29日","2018年ドラフト7位","国学院久我山高 - 中央大 - ホンダ"
"41645139","ok","1995年10月4日","2013年ドラフト3位","花咲徳栄高"
"41645151","ok","2001年8月13日","2019年ドラフト4位","津田学園高"
"41645152","ok","2007年10月23日","2025年ドラフト1位","延岡学園高"
"41645153","ok","2003年3月31日","2020年ドラフト5位","苫小牧中央高"
"41645155","ok","1997年12月3日","2021年ドラフト3位","玉野光南高 - 帝京大 - 三菱自動車倉敷オーシャンズ"
"41645157","ok","2004年9月16日","2022年ドラフト5位","富島高"
"41645159","ok","2004年3月16日","2023年育成選手ドラフト7位","瀬戸内高 - ベイサイド・千葉"
"41743862","ok","1967年12月14日","1985年ドラフト3位","都城高"
"41743880","ok","1977年3月28日","1994年ドラフト4位","横浜高"
"41743884","ok","1973年6月19日","1996年ドラフト1位","川越高 - 筑波大"
"41743886","ok","1976年2月9日","1997年ドラフト2位","石川・金沢高 - 青山学院大"
"41743888","ok","1970年5月14日","1998年ドラフト3位","市立船橋高 - NTT関東"
"41745110","ok","1983年3月15日","2004年ドラフト5巡目","神戸国際大付高 - 東北福祉大"
"41745112","ok","1983年4月30日","2005年育成選手ドラフト1巡目","PL学園高 - 東京農業大生産学部"
"41745113","ok","1982年5月24日","2000年ドラフト4位","浦和学院高"
"41745114","ok","1988年9月13日","2006年高校生ドラフト1巡目","埼玉栄高"
"41745115","ok","1983年6月20日","2001年ドラフト4巡目","鳥栖高"
"41745118","ok","1986年1月2日","2008年ドラフト1位","日南学園高 - 奈良産業大"
"41745119","ok","1985年10月31日","2003年ドラフト1巡目","広陵高"
"41745133","ok","1988年8月5日","2010年育成選手ドラフト1位","秩父高 - 城西国際大"
"41745134","ok","1998年11月7日","2016年ドラフト3位","須磨翔風高"
"41745135","ok","1993年8月9日","2011年ドラフト4位","横浜高"
"41745136","ok","1995年6月3日","2017年ドラフト1位","桐蔭学園高 - 明治大"
"41745137","ok","1989年10月11日","2012年ドラフト1位","東海大相模高 - 東海大"
"41745138","ok","1994年9月9日","2018年ドラフト5位","如水館高 - 日本文理大 - 新日鉄住金広畑"
"41745150","ok","2001年1月27日","2024年ドラフト3位","福岡舞鶴高 - 福岡大 - KMGホールディングス"
"41745152","ok","2003年10月27日","2025年ドラフト1位","東海大相模高 - 明治大"
"41745153","ok","2002年6月18日","2020年育成選手ドラフト1位","大分商"
"41745155","ok","1999年11月29日","2021年ドラフト1位","智弁和歌山高 - 関西学院大"
"41745157","ok","2004年11月18日","2022年ドラフト3位","盛岡中央高"
"41745159","ok","1999年6月29日","2023年ドラフト6位","取手松陽高 - 中央学院大 - 日本通運"
"41845110","ok","1973年10月5日","","コースタルカロライナ大 - ブルージェイズ - エクスポズ"
"41845112","ok","1984年9月19日","2005年大学生・社会人ドラフト希望枠","金光大阪高 - トヨタ自動車"
"41845114","ok","1988年4月6日","2006年高校生ドラフト1巡目","広陵高"
"41845116","ok","1977年3月15日","","セントラリアンカレッジ高 - 米マイナー"
"41845117","ok","1972年12月6日","","ウエスタンイリノイ大 - 米マイナー"
"41845118","ok","1982年8月6日","","クレアモント高 - パドレス - レッズ - パドレス"
"41845130","ok","1992年10月2日","2014年ドラフト1位","帝京高 - 亜細亜大"
"41845131","ok","1978年10月24日","","オーバーン大 - エンゼルス - パイレーツ"
"41845132","ok","1997年10月6日","2015年ドラフト7位","大塚高"
"41845136","ok","2000年2月2日","2017年ドラフト1位","九州学院高"
"41845138","ok","1999年7月17日","2018年ドラフト6位","聖光学院高 - BC・富山"
"41845139","ok","1984年9月7日","","ペドロホセ高 - レッドソックス"
"41845150","ok","2003年4月3日","2024年ドラフト4位","光明相模原高 - BC・埼玉"
"41845151","ok","1997年6月6日","2019年ドラフト3位","津名高 - 近畿大"
"41845152","ok","2004年3月26日","2025年ドラフト2位","関西高 - 城西大"
"41845155","ok","2003年4月4日","2021年育成選手ドラフト2位","敦賀気比高"
"41845157","ok","2001年2月24日","2022年ドラフト5位","樟南高 - 亜細亜大"
"41943880","ok","1976年8月4日","1994年ドラフト3位","都城高"
"41943886","ok","1974年2月11日","1997年ドラフト6位","藤嶺藤沢高 - 城西大 - 朝日生命"
"41943887","ok","1975年2月4日","1992年ドラフト5位","佐野商"
"41943888","ok","1973年8月29日","1998年ドラフト8位","立教高 - 立教大 - 全日空"
"41943889","ok","1975年12月17日","1993年ドラフト4位","杵島商"
"41945110","ok","1986年9月11日","2004年ドラフト9巡目","市立和歌山商"
"41945113","ok","1982年12月24日","2000年ドラフト3位","山梨学院大付高"
"41945114","ok","1984年4月23日","2006年大学生・社会人ドラフト4巡目","小野高 - 関西学院大"
"41945116","ok","1989年11月24日","2007年高校生ドラフト4巡目","旭川工"
"41945118","ok","1986年5月14日","2008年ドラフト5位","九州産大九州産高 - 福岡大"
"41945119","ok","1985年4月26日","2003年ドラフト1巡目","岐阜・中京高"
"41945130","ok","1992年10月24日","2014年ドラフト5位","興南高 - 中央大"
"41945131","ok","1991年11月26日","2009年ドラフト1位","横浜高"
"41945132","ok","1993年12月16日","2015年ドラフト3位","岡山理大付高 - 国学院大"
"41945135","ok","1993年4月28日","2011年ドラフト4位","開星高"
"41945136","ok","1993年5月6日","2017年ドラフト4位","東海大相模高 - 明治大 - 日立製作所"
"41945137","ok","1994年5月13日","2012年ドラフト3位","光星学院高"
"41945138","ok","2000年5月26日","2018年育成選手ドラフト1位","八千代松陰高"
"41945139","ok","1995年9月14日","2013年ドラフト3位","広島新庄高"
"41945150","ok","2006年5月8日","2024年ドラフト4位","関東第一高"
"41945152","ok","2007年7月13日","2025年ドラフト3位","高崎健康福祉大高崎高"
"41945155","ok","2000年1月3日","2021年ドラフト2位","仙台高 - 筑波大"
"43045132","ok","1983年7月17日","","ボランティア州コミュニティー大 - マリナーズ - ブルージェイズ - レッズ"
"43045155","ok","1997年1月23日","","アングロプルデンティーノ高 - 米マイナー - 韓国・起亜"
"43145110","ok","1977年9月26日","","セントラルアリゾナ短大 - ホワイトソックス - レンジャーズ - インディアンス - レッズ"
"43145112","ok","1979年4月28日","","アンテロープバレー高 - オリオールズ - ブルージェイズ - タイガース"
"43145114","ok","1975年6月22日","","ニカヤグワ高 - オリオールズ - デビルレイズ - レンジャーズ - カージナルス - タイガース - エンゼルス - レッズ"
"43145116","ok","1979年8月12日","","パシフィック大 - ドジャース"
"43145118","ok","1981年2月4日","","ファーマン大 - インディアンス"
"43145130","ok","1984年9月25日","","エスケラペドロムゲルサ高 - ナショナルズ - 台湾・義大"
"43145131","ok","1985年10月9日","","中国文化大 - 台湾・ラニュー"
"43145135","ok","1983年7月8日","","カリフォルニア州大ロングビーチ校 - ジャイアンツ - パイレーツ - フィリーズ"
"43145136","ok","2000年1月24日","2017年ドラフト8位","高崎健康福祉大高崎高"
"43145137","ok","1994年7月23日","2012年ドラフト2位","千葉国際高"
"43145139","ok","1983年10月31日","","フストシエラ高 - レンジャーズ - ロイヤルズ"
"43145150","ok","2002年5月22日","2024年ドラフト5位","済美高 - 四国・愛媛"
"43145151","ok","1997年7月27日","2019年ドラフト2位","大冠高 - 日本体育大"
"43145152","ok","2003年9月20日","2025年ドラフト3位","興南高 - 亜細亜大"
"43145153","ok","1998年8月22日","2020年育成選手ドラフト4位","小倉工 - 西日本工大"
"43145157","ok","2000年8月14日","2022年ドラフト1位","東海大相模高 - 中央大"
"43243868","ok","1966年9月19日","1988年ドラフト1位","佐伯鶴城高 - 駒沢大"
"43245157","ok","1998年3月31日","","セナペック高 - タイガース - レイズ"
"43245159","ok","1998年7月27日","","モンシニョールエドワードペース高 - レッドソックス - ナショナルズ"
"43345110","ok","1974年12月26日","","ノースカロライナ州大 - レンジャーズ"
"43345112","ok","1980年7月27日","","ディビッドオルティス高 - ホワイトソックス"
"43345113","ok","1976年6月18日","","ハイランド高 - エクスポズ"
"43345114","ok","1971年12月6日","","ザビエル大 - パイレーツ - レッドソックス - パドレス - レッドソックス - レンジャーズ"
"43345116","ok","1980年7月26日","","グレンデール短大 - レンジャーズ"
"43345118","ok","1984年4月12日","","シモンボリバール高 - 米マイナー"
"43345130","ok","1984年1月30日","","ウィーラー高 - マーリンズ - レッドソックス - アスレチックス - レッズ - パドレス"
"43345131","ok","1978年12月19日","","セントトーマス大 - ブルージェイズ - ジャイアンツ - インディアンス"
"43345132","ok","1981年6月21日","","アンドリュー高 - ツインズ - パイレーツ - マーリンズ - ヤンキース"
"43345133","ok","1978年3月5日","","マターデイ高 - ブレーブス - タイガース - メッツ"
"43345134","ok","1988年11月21日","","ベレア高 - レンジャーズ - ドジャース"
"43345135","ok","1978年6月27日","","マラカイ高 - タイガース - オリオールズ - パドレス"
"43345136","ok","1989年6月10日","","セナペック高 - ヤンキース"
"43345138","ok","1989年10月31日","","オレゴン大 - マーリンズ"
"43345139","ok","1980年4月8日","","エイドリノサラバリア高 - キューバ・サンクティスピリトゥス"
"43345150","ok","2002年12月30日","2024年ドラフト4位","日南学園高 - 日本経済大"
"43345151","ok","1992年1月17日","","リセオマリアパスクワル高 - 米マイナー"
"43345153","ok","2002年7月16日","2020年ドラフト1位","福岡大大濠高"
"43345155","ok","2000年3月3日","2021年ドラフト2位","須磨翔風高 - 愛知大"
"43345157","ok","2004年5月9日","2022年ドラフト5位","近江高"
"43345159","ok","1997年2月11日","2023年ドラフト2位","富山商 - 法政大 - ホンダ鈴鹿"
"43545112","ok","1991年1月2日","","台中市西苑高級中"
"43545114","ok","1983年10月28日","","ラモンマティウスメジャ中"
"43545130","ok","1981年4月28日","","デフェンソレスデルアンダ高 - パイレーツ - エンゼルス"
"43545132","ok","1987年11月1日","","ウェイン州大 - パドレス - アストロズ - レンジャーズ"
"43545133","ok","1979年7月24日","","ラドフォード大 - ロッキーズ"
"43545134","ok","1986年11月20日","","エスクエラデポルテエイデ高 - ドジャース"
"43545135","ok","1976年1月23日","","カリフォルニア州大フラートン校 - フィリーズ - アストロズ - ロイヤルズ"
"43545136","ok","1989年8月28日","","チャッツワース高 - マーリンズ - アストロズ"
"43545139","ok","1986年1月30日","","セントメアリーズ高 - メッツ - ダイヤモンドバックス"
"43545151","ok","1999年6月10日","","ボリバリアーノドロレス高"
"43545152","ok","1998年11月24日","","リバービュー高 - ブレーブス - アスレチックス - マーリンズ"
"43545153","ok","1992年7月8日","","クレイトン大 - タイガース - ジャイアンツ"
"43545155","ok","2003年10月27日","2021年ドラフト1位","昌平高"
"43545157","ok","1994年4月22日","","セナペック高 - レッズ"
"43545159","ok","1998年3月9日","","UEホセマリアエスパーニャ高 - カブス"
"43745132","ok","1984年2月18日","","テュレーン大 - アストロズ - カブス - フィリーズ"
"43745133","ok","1980年11月29日","","サウスアラバマ大 - 米マイナー"
"43745134","ok","1989年5月11日","","ジョージア州大 - フィリーズ"
"43745136","ok","1991年7月6日","","エヴァンジェリーナロドリゲス高 - 米マイナー"
"43745150","ok","1998年3月6日","","ハポン中高 - レンジャーズ"
"43745151","ok","1989年6月4日","","UEマリアモンテソーリ高 - 米マイナー - BC・富山"
"43745152","ok","1999年8月14日","","セントロスアペック通信高 - マリナーズ - ナショナルズ"
"43745153","ok","1990年7月4日","","アイオワ大 - ブルージェイズ - カブス"
"43745155","ok","1992年5月17日","","ラトガーズ大 - レッズ - レイズ - パドレス"
"43745159","ok","1996年5月1日","","ユタ大 - ドジャース - パイレーツ"
"43945132","ok","1993年3月10日","","サンファンバウティスタデラサジェ中高 - 米マイナー"
"43945136","ok","1989年12月14日","","サザンネバダ大 - パドレス - カブス - マリナーズ - 韓国・KT"
"43945152","ok","1999年3月21日","","ビタリナモルダンデクルス校 - パイレーツ - フィリーズ"
"43945153","ok","1994年12月24日","","リセオペドロエンリケスウレーニャ高 - ツインズ"
"43945155","ok","1990年1月4日","","テキサスクリスチャン大 - 米マイナー"
"43945157","ok","1993年5月23日","","バンダービルト大 - ジャイアンツ - パイレーツ"
"43945159","ok","1993年4月22日","","ウニダッドエデュカティバウラマ高 - ロイヤルズ - ナショナルズ"
"51053880","ok","1970年11月5日","1994年ドラフト2位","PL学園高 - 同志社大 - プリンスホテル"
"51053886","ok","1976年9月1日","1997年ドラフト4位","春日部共栄高 - プリンスホテル"
"51053888","ok","1976年6月18日","1998年ドラフト2位","近大付高 - 近畿大"
"51055110","ok","1982年5月11日","2004年ドラフト2巡目","福岡・八幡高 - 北九州市立大"
"51055116","ok","1985年7月9日","2007年大学生・社会人ドラフト3巡目","鳴門工 - 日立製作所"
"51055117","ok","1980年12月25日","2002年ドラフト自由枠","東舞鶴高 - 龍谷大"
"51055119","ok","1980年1月10日","2003年ドラフト5巡目","本荘高 - 東北学院大 - TDK"
"51055130","ok","1990年6月1日","2014年ドラフト4位","市立川口高 - 東京農業大 - NTT東日本"
"51055131","ok","1985年2月16日","2009年ドラフト1位","富山商 - 中央大 - トヨタ自動車"
"51055132","ok","1997年5月14日","2015年ドラフト3位","龍谷大平安高"
"51055133","ok","1993年2月14日","2010年育成選手ドラフト2位","福知山成美高"
"51055135","ok","1993年5月3日","2011年ドラフト2位","九州国際大付高"
"51055136","ok","1999年9月21日","2017年ドラフト5位","秀岳館高"
"51055137","ok","1990年12月17日","2012年ドラフト2位","滋賀・八幡商 - 三重中京大"
"51055138","ok","2000年6月13日","2018年ドラフト6位","成田高"
"51055150","ok","2002年5月19日","2024年育成選手ドラフト2位","浜松商 - 神奈川大"
"51055151","ok","2001年4月16日","2019年育成選手ドラフト1位","横浜隼人高"
"51055153","ok","1998年5月16日","2020年ドラフト4位","高知高 - 立命館大"
"51055155","ok","1996年5月27日","2021年ドラフト6位","高松商 - 東洋大 - 大阪ガス"
"51153881","ok","1971年12月14日","1989年ドラフト6位","富山商"
"51153884","ok","1974年12月4日","1996年ドラフト1位","国学院久我山高 - 青山学院大"
"51153888","ok","1980年9月1日","1998年ドラフト2位","日南学園高"
"51153889","ok","1971年4月19日","1993年ドラフト2位","吉田高 - 日本通運"
"51155110","ok","1982年9月6日","2004年ドラフト6巡目","平安高 - 立命館大"
"51155111","ok","1981年6月11日","1999年ドラフト1位","東邦高"
"51155112","ok","1984年1月30日","2005年大学生・社会人ドラフト7巡目","佐野日大高 - 中央大"
"51155113","ok","1976年12月4日","2000年ドラフト2位","金光第一高 - 帝京大 - 松下電器"
"51155114","ok","1981年11月26日","2006年大学生・社会人ドラフト4巡目","県立岐阜商 - 愛知大 - 日産自動車"
"51155115","ok","1979年7月19日","2001年ドラフト自由枠","桐蔭学園高 - 法政大"
"51155116","ok","1989年7月21日","2007年高校生ドラフト7巡目","旭川南高"
"51155117","ok","1984年9月8日","2002年ドラフト4巡目","松山商"
"51155118","ok","1990年11月12日","2008年ドラフト3位","大阪桐蔭高"
"51155119","ok","1986年1月9日","2003年ドラフト4巡目","山梨学院大付高"
"51155130","ok","1992年8月11日","2014年ドラフト1位","広陵高 - 早稲田大"
"51155131","ok","1991年4月26日","2009年ドラフト4位","西条高"
"51155134","ok","1991年3月12日","2016年ドラフト5位","東金高 - 東京情報大 - 九州三菱自動車"
"51155136","ok","1995年11月29日","2017年ドラフト1位","愛工大名電高 - 立命館大"
"51155138","ok","1992年8月25日","2018年ドラフト3位","玉名工 - ホンダ熊本"
"51155139","ok","1989年10月27日","2013年ドラフト7位","東陵高 - 東北福祉大 - 七十七銀行"
"51155150","ok","2002年9月6日","2024年ドラフト3位","興国高 - 明治大"
"51155151","ok","2001年7月3日","2019年ドラフト4位","智弁和歌山高"
"51155152","ok","2003年4月20日","2025年ドラフト3位","仙台育英高 - 中京大"
"51155153","ok","2000年6月29日","2020年育成選手ドラフト2位","日本ウェルネス信州筑北高 - BC・信濃"
"51155155","ok","1999年7月2日","2021年ドラフト3位","日大鶴ヶ丘高 - 日本大"
"51155157","ok","2000年7月19日","2022年ドラフト4位","横浜隼人高 - 亜細亜大"
"51253866","ok","1966年9月4日","1987年ドラフト1位","国東高 - 本田技研熊本"
"51255110","ok","1979年12月6日","2004年ドラフト3巡目","岡山学芸館高 - 中央大 - ホンダ"
"51255114","ok","1983年5月27日","2006年大学生・社会人ドラフト6巡目","栃木工 - JR東日本"
"51255118","ok","1990年6月17日","2008年ドラフト3位","福井商"
"51255119","ok","1976年3月11日","2003年ドラフト7巡目","観音寺一高 - 岡山理科大 - NTT西日本中国野球クラブ"
"51255131","ok","1987年8月17日","2009年ドラフト5位","広陵高 - 近畿大"
"51255132","ok","1993年4月13日","2015年ドラフト1位","中部商 - 富士大"
"51255133","ok","1993年1月5日","2010年ドラフト3位","福岡工大城東高"
"51255134","ok","1996年3月21日","2016年ドラフト3位","成立学園高 - 東芝"
"51255135","ok","1990年1月1日","2011年育成選手ドラフト2位","長崎・鎮西学院高 - 四国・長崎 - 四国・愛媛"
"51255136","ok","2000年1月21日","2017年ドラフト6位","糸魚川白嶺高"
"51255137","ok","1994年5月4日","2012年ドラフト4位","西城陽高"
"51255138","ok","1996年4月12日","2018年ドラフト7位","PL学園高 - 東洋大"
"51255139","ok","1989年8月29日","2013年ドラフト2位","豊北高 - 北九州市立大 - ホンダ熊本"
"51255150","ok","2006年7月17日","2024年ドラフト4位","前橋商"
"51255152","ok","2003年7月27日","2025年ドラフト5位","札幌日大高 - 北海学園大"
"51255155","ok","2003年8月13日","2021年育成選手ドラフト2位","関根学園高"
"51255157","ok","2001年9月6日","2022年ドラフト6位","大垣商 - 三菱自動車岡崎"
"51255159","ok","2001年7月21日","2023年ドラフト1位","八幡南高 - 国学院大"
"51353884","ok","1978年5月2日","1996年ドラフト5位","花園高"
"51353887","ok","1967年6月17日","1992年ドラフト5位","法政二高 - 法政大 - 日本生命"
"51353888","ok","1976年11月29日","1998年ドラフト3位","市立船橋高 - 明治大"
"51353889","ok","1975年12月25日","1993年ドラフト3位","東山高"
"51355110","ok","1982年7月29日","2004年ドラフト6巡目","桐生第一高 - 東洋大"
"51355112","ok","1983年10月31日","2005年大学生・社会人ドラフト希望枠","大阪桐蔭高 - 関西大"
"51355113","ok","1976年8月27日","2000年ドラフト1位","九州学院高 - 福岡大 - 富士重工"
"51355114","ok","1984年6月30日","2006年大学生・社会人ドラフト3巡目","東福岡高 - 武蔵大"
"51355115","ok","1979年9月7日","2001年ドラフト4巡目","県立岐阜商 - 東北福祉大"
"51355116","ok","1989年11月27日","2007年高校生ドラフト3巡目","金光大阪高"
"51355118","ok","1987年1月27日","2008年ドラフト5位","東邦高 - 明治大"
"51355119","ok","1981年5月20日","2003年ドラフト6巡目","三重・海星高 - 明治大"
"51355130","ok","1988年11月26日","2014年ドラフト5位","岡豊高 - 四国・愛媛 - 四国・徳島"
"51355131","ok","1991年4月17日","2009年ドラフト1位","清峰高"
"51355132","ok","1992年5月25日","2015年ドラフト6位","神戸国際大付高 - JR東日本"
"51355133","ok","1987年1月25日","2010年ドラフト3位","熊本工 - 亜細亜大 - 大阪ガス"
"51355134","ok","1999年1月13日","2016年ドラフト3位","九州産大九州産高"
"51355135","ok","1994年2月6日","2011年ドラフト6位","専大松戸高"
"51355136","ok","1994年7月10日","2017年ドラフト2位","比叡山高 - 慶応大"
"51355139","ok","1991年9月5日","2013年ドラフト1位","必由館高 - 横浜商科大"
"51355151","ok","2001年5月13日","2019年ドラフト4位","前橋商"
"51355152","ok","2004年2月25日","2025年ドラフト2位","折尾愛真高 - 九州共立大"
"51355153","ok","1997年8月31日","2020年ドラフト1位","駒大苫小牧高 - 苫小牧駒沢大"
"51355155","ok","1997年7月31日","2021年育成選手ドラフト1位","東洋大姫路高 - ミキハウス - BC・信濃"
"51355157","ok","2004年9月22日","2022年ドラフト2位","利根商"
"51355159","ok","2001年7月30日","2023年ドラフト2位","京都翔英高 - 名城大"
"51453888","ok","1980年10月31日","1998年ドラフト3位","大産大付高"
"51455110","ok","1982年6月7日","2004年ドラフト自由枠","東海大二高 - 九州東海大"
"51455111","ok","1977年5月19日","1999年ドラフト4位","近大付高 - 近畿大"
"51455112","ok","1981年5月20日","2005年大学生・社会人ドラフト3巡目","豊橋東高 - 筑波大 - NTT西日本"
"51455113","ok","1973年9月15日","2000年ドラフト2位","足寄高 - 新日鉄室蘭 - 新日鉄広畑"
"51455114","ok","1988年7月13日","2006年高校生ドラフト4巡目","島田商"
"51455115","ok","1979年6月18日","2001年ドラフト6巡目","神港学園高 - 立命館大"
"51455116","ok","1986年2月15日","2007年大学生・社会人ドラフト3巡目","鳥取城北高 - 第一工業大"
"51455117","ok","1984年6月19日","2002年ドラフト8巡目","横浜商工"
"51455118","ok","1990年4月28日","2008年ドラフト4位","仙台育英高"
"51455119","ok","1976年8月18日","","慶北高 - 韓国・三星"
"51455130","ok","1992年5月28日","2014年ドラフト1位","天理高 - 早稲田大"
"51455131","ok","1987年11月19日","2009年ドラフト7位","桐生第一高 - 上武大"
"51455132","ok","1998年2月3日","2015年ドラフト3位","秋田商"
"51455134","ok","1999年1月15日","2016年ドラフト6位","つくば秀英高"
"51455136","ok","1999年6月10日","2017年ドラフト2位","花咲徳栄高"
"51455137","ok","1988年12月12日","2012年ドラフト6位","厳木高 - 日本文理大 - セガサミー"
"51455139","ok","1991年10月25日","2013年ドラフト3位","遊学館高 - 上武大"
"51455150","ok","2006年5月13日","2024年ドラフト6位","エナジックスポーツ高"
"51455151","ok","2001年9月26日","2019年ドラフト5位","八千代松陰高"
"51455152","ok","2003年12月18日","2025年ドラフト1位","智弁和歌山高 - 青山学院大"
"51455153","ok","2002年12月30日","2020年ドラフト3位","近江高"
"51455155","ok","2004年1月27日","2021年ドラフト7位","京都国際高"
"51455159","ok","2005年8月19日","2023年ドラフト5位","明徳義塾高"
"51553865","ok","1963年5月5日","1981年ドラフト6位","名古屋電気高"
"51553882","ok","1974年7月15日","1995年ドラフト4位","久留米工大付高 - 大和銀行"
"51553883","ok","1968年11月25日","1990年ドラフト3位","広島工 - 亜細亜大"
"51553884","ok","1972年4月30日","1996年ドラフト1位","厚木高 - 立教大 - 日本石油"
"51553885","ok","1969年4月19日","1991年ドラフト2位","東海大甲府高 - 日本石油"
"51553886","ok","1974年1月29日","1997年ドラフト4位","新潟明訓高 - 専修大 - プリンスホテル"
"51553888","ok","1976年11月10日","1998年ドラフト5位","西城陽高 - 龍谷大"
"51555110","ok","1982年6月27日","2004年ドラフト6巡目","樹徳高 - 上武大"
"51555111","ok","1974年8月27日","1999年ドラフト7位","鯖江高 - 新日鉄堺 - 大和銀行"
"51555112","ok","1983年11月12日","2005年大学生・社会人ドラフト4巡目","高知高 - 近畿大"
"51555113","ok","1978年5月6日","2000年ドラフト7位","桐蔭学園高 - 武蔵大"
"51555114","ok","1984年11月19日","2006年大学生・社会人ドラフト希望枠","京都学園高 - 近畿大"
"51555117","ok","1980年11月26日","2002年ドラフト4巡目","鴻巣高 - 常磐大"
"51555118","ok","1991年1月9日","2008年ドラフト5位","福岡工大城東高"
"51555130","ok","1996年10月23日","2014年ドラフト2位","西日本短大付高"
"51555131","ok","1991年9月3日","2009年ドラフト2位","千葉英和高"
"51555133","ok","1985年6月30日","2010年ドラフト5位","明秀学園日立高 - 常磐大 - TDK"
"51555134","ok","1999年3月28日","2016年育成選手ドラフト2位","磐田東高"
"51555135","ok","1993年9月3日","2011年育成選手ドラフト1位","西陵高"
"51555136","ok","1999年11月4日","2017年ドラフト5位","東海大市原望洋高"
"51555137","ok","1990年9月23日","2012年ドラフト3位","北海高 - 中央大"
"51555138","ok","1996年11月16日","2018年ドラフト1位","東洋大姫路高 - 東洋大"
"51555139","ok","1992年10月29日","2013年ドラフト3位","神戸国際大付高 - 新日鉄住金かずさマジック"
"51555151","ok","1997年9月20日","2019年ドラフト6位","青森商 - 青森大"
"51555153","ok","2002年4月24日","2020年ドラフト6位","履正社高"
"51555155","ok","1999年9月19日","2021年ドラフト6位","大分雄城台高 - 神奈川大"
"51555157","ok","2000年8月29日","2022年ドラフト2位","岡山学芸館高 - 富士大"
"51555159","ok","1999年12月24日","2023年育成選手ドラフト6位","東海大静岡翔洋高 - 東海大 - BC・群馬"
"51653860","ok","1965年4月20日","1983年ドラフト2位","箕島高"
"51655110","ok","1978年5月17日","2004年ドラフト2巡目","相洋高 - 東京農業大 - NTT東日本"
"51655112","ok","1983年5月17日","2005年大学生・社会人ドラフト希望枠","岐阜・中京高 - 亜細亜大"
"51655114","ok","1988年4月11日","2006年高校生ドラフト1巡目","PL学園高"
"51655117","ok","1980年9月21日","2002年ドラフト6巡目","国学院久我山高 - 国学院大"
"51655118","ok","1986年6月24日","2008年ドラフト1位","千葉経大付高 - 早稲田大"
"51655130","ok","1996年7月29日","2014年ドラフト4位","おかやま山陽高"
"51655131","ok","1981年11月25日","","大邱高 - 韓国・ハンファ"
"51655133","ok","1992年5月11日","2010年ドラフト2位","修徳高"
"51655134","ok","1995年3月16日","2016年ドラフト1位","三養基高 - 神奈川大"
"51655135","ok","1986年9月27日","2011年ドラフト6位","報徳学園高 - 龍谷大 - 日産自動車 - 三菱重工神戸"
"51655136","ok","1999年8月11日","2017年ドラフト7位","大分商"
"51655137","ok","1995年2月28日","2012年ドラフト7位","祐誠高"
"51655138","ok","2000年4月21日","2018年ドラフト6位","習志野高"
"51655139","ok","1991年4月10日","2013年ドラフト6位","聖光学院高 - 早稲田大"
"51655151","ok","1997年11月16日","2019年ドラフト5位","大阪桐蔭高 - 法政大"
"51655152","ok","2007年5月10日","2025年ドラフト4位","日大藤沢高"
"51655153","ok","2002年4月12日","2020年ドラフト3位","中京大中京高"
"51655155","ok","2003年12月25日","2021年ドラフト4位","八王子学園八王子高"
"51655157","ok","1998年7月29日","2022年ドラフト6位","中京大中京高 - 慶応大 - トヨタ自動車"
"51655159","ok","2001年3月10日","2023年ドラフト5位","横浜高 - 桜美林大 - BC・茨城"
"51753864","ok","1967年9月21日","1986年ドラフト1位","興南高"
"51753880","ok","1972年10月14日","1994年ドラフト4位","享栄高 - 駒沢大"
"51753884","ok","1974年9月21日","1996年ドラフト1位","志学館高 - 青山学院大"
"51753888","ok","1981年1月18日","1998年ドラフト1位","佐賀学園高"
"51753889","ok","1975年11月3日","1993年ドラフト3位","熊本工"
"51755110","ok","1979年2月12日","2004年ドラフト9巡目","帝京高 - 立正大 - 朝日生命 - 日本通運"
"51755111","ok","1977年5月29日","1999年ドラフト6位","香川西高 - 大阪商業大"
"51755112","ok","1981年5月10日","2005年大学生・社会人ドラフト3巡目","履正社高 - 東北福祉大 - NTT西日本"
"51755115","ok","1983年9月3日","2001年ドラフト4巡目","育英高"
"51755116","ok","1985年4月12日","2007年大学生・社会人ドラフト3巡目","PL学園高 - 青山学院大"
"51755118","ok","1986年9月26日","2008年ドラフト3位","室戸高 - 法政大"
"51755119","ok","1981年12月6日","2003年ドラフト6巡目","羽黒高 - 明治大"
"51755131","ok","1991年6月17日","2009年ドラフト1位","花巻東高"
"51755132","ok","1993年10月19日","2015年ドラフト2位","柴田高 - 仙台大"
"51755134","ok","1994年8月16日","2016年ドラフト2位","橘学苑高 - 立正大"
"51755135","ok","1993年7月21日","2011年ドラフト4位","福知山成美高"
"51755136","ok","1994年1月21日","2017年ドラフト2位","千葉明徳高 - 国際武道大 - 日立製作所"
"51755137","ok","1991年1月8日","2012年ドラフト2位","北見柏陽高 - 道都大"
"51755138","ok","2000年11月26日","2018年ドラフト5位","KBC学園未来高沖縄"
"51755155","ok","1999年4月10日","2021年ドラフト8位","京都成章高 - 京都産業大"
"51755157","ok","1998年7月10日","2022年ドラフト6位","文徳高 - 九州産業大 - 大阪ガス"
"51855112","ok","1987年7月11日","2005年高校生ドラフト1巡目","柳ヶ浦高"
"51855114","ok","1983年6月13日","2006年大学生・社会人ドラフト5巡目","安来高 - 早稲田大"
"51855116","ok","1980年4月26日","","ノースフロリダ大 - アスレチックス - ロイヤルズ - レンジャーズ"
"51855117","ok","1969年8月19日","","エルナンド高 - 米マイナー - 韓国・OB - 韓国・斗山"
"51855119","ok","1973年10月21日","","ピアース短大 - ダイヤモンドバックス - ドジャース"
"51855130","ok","1993年11月25日","2014年ドラフト4位","倉敷工 - ホンダ鈴鹿"
"51855131","ok","1984年3月12日","","フアンパブロデュアルテ高 - タイガース - マーリンズ - パドレス"
"51855132","ok","1993年7月29日","2015年育成選手ドラフト1位","小松島高 - 四国・徳島"
"51855134","ok","1998年5月10日","2016年ドラフト1位","広島新庄高"
"51855136","ok","1993年10月17日","2017年ドラフト7位","丸亀高 - 立教大 - 西濃運輸"
"51855137","ok","1984年11月3日","","タスカラム大 - カージナルス"
"51855138","ok","2000年7月15日","2018年育成選手ドラフト1位","滋賀学園高"
"51855139","ok","1982年7月15日","","檀国大 - 韓国・三星"
"51855151","ok","1995年10月10日","2019年ドラフト1位","東海大山形高 - 上武大 - 東芝"
"51855153","ok","2002年10月24日","2020年ドラフト4位","倉敷工"
"51855157","ok","2004年5月25日","2022年ドラフト2位","佐伯鶴城高"
"51953880","ok","1972年9月26日","1994年ドラフト3位","県立和歌山商 - 立正大"
"51953881","ok","1971年7月25日","1989年ドラフト外","南陽工"
"51953886","ok","1975年4月3日","1997年ドラフト1位","桐蔭学園高 - 慶応大"
"51955114","ok","1988年12月14日","2006年高校生ドラフト1巡目","光星学院高"
"51955119","ok","1975年1月25日","2003年ドラフト8巡目","守山高 - 近畿大 - 日本IBM野洲 - 中山硬式野球クラブ - 米マイナー"
"51955130","ok","1990年4月5日","2014年ドラフト6位","鉾田一高 - 国士舘大 - JR東日本"
"51955131","ok","1987年12月12日","2009年育成選手ドラフト2位","創価高 - 創価大"
"51955133","ok","1988年12月5日","2010年ドラフト4位","大府高 - 天理大"
"51955134","ok","1994年8月19日","2016年育成選手ドラフト4位","関西学院高 - 関西学院大"
"51955136","ok","1995年10月10日","2017年ドラフト4位","村上桜ヶ丘高 - 国士舘大"
"51955137","ok","1994年5月11日","2012年ドラフト1位","龍谷大平安高"
"51955138","ok","1996年10月15日","2018年ドラフト1位","帝京高 - 国学院大"
"51955139","ok","1995年4月24日","2013年育成選手ドラフト3位","京都国際高"
"51955151","ok","1996年12月8日","2019年ドラフト8位","明徳義塾高 - 四国・徳島"
"51955152","ok","2003年12月7日","2025年ドラフト2位","武庫荘総合高 - 亜細亜大"
"51955153","ok","2002年10月16日","2020年ドラフト3位","明石商"
"51955155","ok","2003年4月30日","2021年ドラフト4位","宇部工"
"51955157","ok","2000年5月31日","2022年ドラフト3位","中京大中京高 - 中京大"
"51955159","ok","1999年11月6日","2023年ドラフト3位","帝京高 - 東洋大 - 日立製作所"
"5303868","ok","1969年4月30日","1987年ドラフト2位","北陽高"
"53055132","ok","1990年10月29日","","龍馬高 - 米マイナー - 四国・徳島"
"53055134","ok","1990年5月25日","","カリフォルニア州大ドミンゲスヒルズ校 - 米マイナー - 三菱日立パワーシステムズ横浜 - BC・富山"
"53055153","ok","1992年5月11日","","ワートンカウンティ短大 - ブルージェイズ - ロイヤルズ"
"53055155","ok","1994年4月4日","","リブレエスコラリダッド高 - アスレチックス - レンジャーズ - オリオールズ - タイガース"
"53055157","ok","1994年12月15日","","ハートフォード大 - エンゼルス - アスレチックス"
"53055159","ok","1996年8月17日","","エスクエラメルセデスラウラアギアール高 - 米マイナー"
"53155110","ok","1974年1月5日","","オクラホマ大 - ジャイアンツ"
"53155112","ok","1977年5月13日","","イプスウィッチ州高 - パドレス"
"53155114","ok","1974年10月25日","","檀国大 - 韓国・LG"
"53155116","ok","1980年5月10日","","ジェファーソンデービス高 - メッツ - ロイヤルズ"
"53155118","ok","1974年10月13日","","クレムソン大 - 米マイナー - 台湾・ラニュー"
"53155130","ok","1994年2月21日","2014年ドラフト1位","山形中央高 - 新日鉄住金鹿島"
"53155131","ok","1981年10月3日","","ジョージア工大 - カブス - アスレチックス - ロッキーズ"
"53155133","ok","1987年2月1日","","ウデセーザースメタ高 - 米マイナー - BC・群馬"
"53155135","ok","1980年5月18日","","バーニーモーガン高 - ダイヤモンドバックス - オリオールズ - ホワイトソックス"
"53155136","ok","1999年4月28日","2017年ドラフト2位","熊本工"
"53155137","ok","1980年2月1日","","リセオホセマルティン高 - カージナルス - インディアンス - ブルージェイズ - マーリンズ - フィリーズ"
"53155138","ok","2000年9月21日","2018年ドラフト2位","浦和学院高"
"53155139","ok","1986年9月21日","","サクラメント市大 - オリオールズ - マーリンズ"
"53155150","ok","2003年2月27日","2024年ドラフト1位","広陵高 - 明治大"
"53155151","ok","1997年8月25日","2019年ドラフト1位","大分商 - 明治大"
"53155152","ok","2004年1月26日","2025年ドラフト3位","北海高 - 東洋大"
"53155155","ok","2003年10月20日","2021年ドラフト1位","市立和歌山高"
"53155157","ok","1996年5月25日","2022年ドラフト6位","多古高 - 明星大 - 日本製紙石巻"
"53253868","ok","1970年4月15日","1988年ドラフト5位","東京・関東高"
"53255155","ok","1993年1月2日","","サウスブロワード高 - マリナーズ"
"53355110","ok","1976年2月3日","","サンディエゴ大 - エンゼルス"
"53355112","ok","1983年1月22日","","中国文化大"
"53355114","ok","1973年7月21日","","バージニア大 - ツインズ - パドレス - メッツ"
"53355117","ok","1972年3月29日","","ハイアレア・マイアミレイクス高 - メッツ - ツインズ - ブルワーズ - レッズ - ロッキーズ - ブルワーズ - エンゼルス"
"53355118","ok","1981年9月10日","","カリフォルニア州大ノースリッジ校 - レンジャーズ"
"53355130","ok","1984年10月14日","","ウィチタ州大 - パイレーツ - ツインズ"
"53355133","ok","1980年10月27日","","サントドミンゴ自治大付高 - カージナルス - 韓国・斗山"
"53355134","ok","1998年8月17日","2016年ドラフト4位","都城高"
"53355135","ok","1982年11月14日","","ウエスタンオクラホマ州大 - 米マイナー"
"53355136","ok","1993年9月13日","2017年ドラフト5位","いわき光洋高 - 神奈川工科大 - NTT東日本"
"53355137","ok","1978年4月15日","","ガルフコーストコミュニティー大 - デビルレイズ"
"53355138","ok","1990年8月1日","","ルイスエルナイズベローネ高 - ツインズ"
"53355139","ok","1989年3月29日","","ペダゴヒコ中高 - 米マイナー"
"53355150","ok","2005年1月23日","2024年ドラフト6位","明秀学園日立高 - BC・茨城"
"53355151","ok","1988年1月8日","","ケラー高 - レンジャーズ - パドレス - インディアンス"
"53355152","ok","1997年9月15日","","アラモハイツ高 - アストロズ - レイズ"
"53355153","ok","1998年5月25日","2020年ドラフト2位","豊川高 - 日本体育大"
"53355157","ok","2004年7月10日","2022年ドラフト2位","東海大札幌高"
"53355159","ok","2005年8月25日","2023年ドラフト4位","鹿児島城西高"
"53455155","ok","1991年5月9日","","ニュークアバレー高 - ナショナルズ - タイガース - ブレーブス - エンゼルス - タイガース"
"53555112","ok","1974年11月1日","","バージニアミリタリー大 - レンジャーズ - 韓国・三星 - ブルージェイズ - アスレチックス"
"53555114","ok","1982年5月24日","","美和中学 - 合作金庫 - 台湾・ラニュー"
"53555118","ok","1977年4月6日","","アラバマ大 - ヤンキース - レッズ - メッツ - レッズ"
"53555130","ok","1988年8月23日","","ノバサウスイースタン大 - パドレス - レンジャーズ"
"53555132","ok","1991年3月1日","","セシリオアコスタ高 - メキシカンリーグ"
"53555133","ok","1982年10月28日","","ノーザン高 - ブレーブス - ロイヤルズ"
"53555134","ok","1982年5月28日","","サンタクララ高 - メキシカンリーグ"
"53555135","ok","1979年10月28日","","カリフォルニア州大ロングビーチ校 - アスレチックス"
"53555136","ok","1987年7月17日","","バジェデルモンボイ大 - パドレス - ブルージェイズ"
"53555138","ok","1988年1月21日","","チャッツワース高 - ドジャース - ブレーブス"
"53555139","ok","1986年3月12日","","ニューオーリンズ大 - レンジャーズ - カージナルス"
"53555150","ok","1994年4月15日","","オーバーン大 - パドレス - タイガース - レッドソックス - カブス"
"53555151","ok","1990年12月3日","","ライス大 - ツインズ - ドジャース"
"53555152","ok","1999年11月7日","","エスクエラエドゥアルドクゥストディオ校 - パイレーツ - エンゼルス - オリオールズ - ロッキーズ"
"53555153","ok","1998年4月13日","2020年ドラフト4位","駒大苫小牧高 - 駒沢大"
"53555155","ok","2000年9月7日","2021年ドラフト2位","高岡商 - JR東日本"
"53555157","ok","1998年1月19日","2022年ドラフト1位","日大豊山高 - 国学院大 - 東芝"
"53555159","ok","1990年6月30日","","クリストレイ高 - インディアンス - ブルワーズ - レイズ - マーリンズ - オリオールズ - アスレチックス"
"53755114","ok","1981年7月31日","","アラバマ大ハンツビル校 - 米マイナー"
"53755130","ok","1988年8月17日","","ダグラーレイクス高 - 米マイナー - BC・新潟"
"53755132","ok","1988年2月10日","","セントラルフロリダクリスチャン高 - ブレーブス"
"53755133","ok","1983年2月27日","","フロリダエアーアカデミー高 - 米マイナー"
"53755134","ok","1987年6月16日","","ソルアナノラン高 - 米マイナー - BC・石川"
"53755136","ok","1991年8月9日","","セナペック高 - タイガース"
"53755138","ok","1999年11月2日","","イースタンフロリダ州大"
"53755150","ok","1997年5月29日","","パウウェイ高 - オリオールズ - タイガース - アスレチックス"
"53755151","ok","1987年5月6日","","フランシスコプルガル高 - ダイヤモンドバックス - ブルワーズ - オリオールズ - ロッキーズ - ジャイアンツ - ナショナルズ"
"53755152","ok","1999年5月3日","","マダリアガUEP校 - 米マイナー"
"53755153","ok","1992年8月5日","","シャーロットアマリー高 - アストロズ - ブルワーズ - マリナーズ - インディアンス"
"53755155","ok","1994年3月22日","","ガレナ高 - フィリーズ - ホワイトソックス - レンジャーズ"
"53755159","ok","1994年9月2日","","インスティテュートポリテクニコデアズア高 - パドレス - ロイヤルズ - レッドソックス - ヤンキース"
"53955132","ok","1984年12月5日","","ノーザンケンタッキー大 - マリナーズ - レイズ"
"53955134","ok","1990年7月25日","","リックガストンフェルナンデス高 - レンジャーズ - レッドソックス"
"53955136","ok","1993年9月25日","","セナペック高 - 米マイナー"
"53955150","ok","1998年8月17日","","サンホセフェイアレグリア中高 - ロッキーズ"
"53955151","ok","1995年6月23日","","ファウストヒメネスサンティアゴ高 - 米マイナー"
"53955152","ok","1994年10月21日","","パドレス - ホワイトソックス - ダイヤモンドバックス - フィリーズ - ブレーブス"
"53955153","ok","1990年7月1日","","インディアナ州大 - パドレス - マーリンズ - カブス"
"53955155","ok","1994年2月3日","","サザンカリフォルニア大 - ヤンキース - オリオールズ"
"53955157","ok","1991年3月26日","","ユカイパ高 - ダイヤモンドバックス - ホワイトソックス - レッズ - ダイヤモンドバックス - アスレチックス"
"53955159","ok","1994年10月8日","","オクラホマ大 - アスレチックス"
"55953868","ok","1970年6月8日","1988年ドラフト3位","東陵高"
"57955159","ok","1999年12月18日","2024年育成選手ドラフト3位","大麻高 - 小樽商科大 - ウイン北広島"
"61063884","ok","1973年12月26日","1996年ドラフト2位","八代第一高 - 新日鉄君津"
"61063885","ok","1973年10月5日","1991年ドラフト2位","福岡工大付高"
"61063888","ok","1976年9月14日","1998年ドラフト4位","比叡山高 - 龍谷大"
"61063889","ok","1971年1月4日","1993年ドラフト1位","八幡浜工 - NTT四国"
"61065110","ok","1979年5月28日","2004年ドラフト自由枠","鳥取城北高 - 大阪ガス"
"61065111","ok","1977年8月5日","1999年ドラフト6位","日本文理高 - 野田サンダース"
"61065112","ok","1984年10月19日","2005年大学生・社会人ドラフト3巡目","桐蔭学園高 - 新日本石油ENEOS"
"61065113","ok","1982年4月8日","2000年ドラフト6位","糸島高"
"61065114","ok","1988年4月29日","2006年高校生ドラフト3巡目","東海大相模高"
"61065116","ok","1989年4月22日","2007年高校生ドラフト1巡目","大阪桐蔭高"
"61065117","ok","1984年6月22日","2002年ドラフト10巡目","享栄高"
"61065118","ok","1991年3月11日","2008年ドラフト1位","日南学園高"
"61065119","ok","1985年8月16日","2003年ドラフト5巡目","東海大仰星高"
"61065130","ok","1996年6月4日","2014年ドラフト6位","大和広陵高"
"61065131","ok","1992年3月3日","2009年ドラフト6位","帝京高"
"61065133","ok","1992年7月8日","2010年ドラフト4位","つくば秀英高"
"61065135","ok","1989年9月2日","2011年ドラフト7位","聖心ウルスラ学園高 - 三菱自動車倉敷オーシャンズ"
"61065136","ok","1999年7月13日","2017年ドラフト3位","柳ヶ浦高"
"61065137","ok","1990年5月12日","2012年ドラフト3位","東海大四高 - 東海大"
"61065138","ok","1997年5月3日","2018年ドラフト4位","九州国際大付高 - トヨタ自動車"
"61065150","ok","2006年9月20日","2024年ドラフト5位","福井工大福井高"
"61065151","ok","1997年12月11日","2019年ドラフト4位","木更津総合高 - JX-ENEOS"
"61065152","ok","2007年8月18日","2025年ドラフト5位","東海大甲府高"
"61065155","ok","2003年11月11日","2021年ドラフト4位","神村学園高"
"61065157","ok","1999年8月4日","2022年育成選手ドラフト4位","中京学院大中京高 - 名古屋商科大 - 四国・徳島"
"61065159","ok","1999年12月3日","2023年ドラフト5位","滝川西高 - 明治大 - 王子"
"61163880","ok","1976年7月24日","1994年ドラフト2位","国学院栃木高"
"61163881","ok","1971年7月25日","1989年ドラフト2位","鹿児島商"
"61163884","ok","1974年9月11日","1996年ドラフト1位","PL学園高 - 東洋大"
"61163885","ok","1973年11月18日","1991年ドラフト1位","松商学園高"
"61163888","ok","1976年12月17日","1998年ドラフト6位","日大明誠高 - NTT関東"
"61163889","ok","1975年4月28日","1993年ドラフト3位","別府羽室台高"
"61165110","ok","1987年2月1日","2004年ドラフト8巡目","済美高"
"61165112","ok","1983年4月26日","2005年大学生・社会人ドラフト5巡目","小山高 - 白鴎大"
"61165114","ok","1984年7月6日","2006年大学生・社会人ドラフト7巡目","平安高 - 明治大"
"61165116","ok","1985年6月22日","2007年大学生・社会人ドラフト3巡目","北谷高 - 東京情報大"
"61165118","ok","1986年9月5日","2008年ドラフト4位","千葉経大付高 - 青山学院大"
"61165119","ok","1985年7月13日","2003年ドラフト1巡目","川崎工"
"61165130","ok","1996年7月11日","2014年ドラフト4位","山形中央高"
"61165131","ok","1991年6月16日","2009年ドラフト4位","東邦高"
"61165132","ok","1989年12月3日","2015年ドラフト5位","一関一高 - 明治大 - ホンダ"
"61165133","ok","1988年5月12日","2010年ドラフト1位","沖縄尚学高 - 東海大"
"61165134","ok","1999年3月8日","2016年ドラフト8位","京都翔英高"
"61165135","ok","1993年4月2日","2011年ドラフト9位","帝京高"
"61165137","ok","1986年5月1日","2012年ドラフト3位","木更津総合高 - 上武大 - NTT東日本"
"61165139","ok","1991年12月27日","2013年育成選手ドラフト1位","総合工科高 - 創価大"
"61165150","ok","2006年4月6日","2024年ドラフト1位","花咲徳栄高"
"61165152","ok","2007年8月16日","2025年ドラフト1位","高崎健康福祉大高崎高"
"61165153","ok","1998年4月15日","2020年育成選手ドラフト1位","横浜高 - 法政大"
"61165157","ok","2000年11月19日","2022年ドラフト4位","喜多方高 - 東京農業大北海道オホーツク"
"61165159","ok","1999年5月17日","2023年ドラフト4位","大阪桐蔭高 - 青山学院大 - NTT西日本"
"61263884","ok","1978年4月25日","1996年ドラフト1位","帝京五高"
"61265110","ok","1982年5月4日","2004年ドラフト6巡目","仙台育英高 - 東北学院大"
"61265111","ok","1981年12月22日","1999年ドラフト3位","伊万里商"
"61265112","ok","1988年3月23日","2005年高校生ドラフト1巡目","大阪桐蔭高"
"61265113","ok","1982年6月3日","2000年ドラフト5位","鯖江高"
"61265114","ok","1981年10月5日","2006年大学生・社会人ドラフト5巡目","広島工 - 東亜大 - JR西日本 - ホンダ鈴鹿"
"61265115","ok","1979年4月7日","2001年ドラフト自由枠","桐蔭学園高 - 東海大"
"61265116","ok","1985年11月3日","2007年大学生・社会人ドラフト4巡目","松代高 - 国学院大"
"61265118","ok","1990年5月18日","2008年育成選手ドラフト2位","九州国際大付高"
"61265119","ok","1981年11月13日","2003年ドラフト自由枠","厳木高 - 日本文理大"
"61265130","ok","1990年11月16日","2014年ドラフト6位","埼玉栄高 - 東洋大 - ホンダ鈴鹿"
"61265132","ok","1991年3月28日","2015年ドラフト6位","カントリーキッズ高 - 白鴎大 - ホンダ"
"61265133","ok","1988年6月12日","2010年ドラフト5位","東洋大姫路高 - 東洋大"
"61265137","ok","1989年6月28日","2012年育成選手ドラフト1位","大村工 - 四国・長崎 - 四国・香川"
"61265138","ok","2000年6月24日","2018年育成選手ドラフト3位","旭川大高"
"61265139","ok","1990年11月4日","2013年ドラフト2位","西原高 - 環太平洋大 - 四国・香川"
"61265151","ok","1997年6月3日","2019年ドラフト5位","高崎健康福祉大高崎高 - ホンダ鈴鹿"
"61265153","ok","2002年8月9日","2020年ドラフト1位","中京大中京高"
"61265155","ok","2003年8月25日","2021年ドラフト4位","愛工大名電高"
"61265157","ok","2000年4月9日","2022年育成選手ドラフト2位","九州国際大付高 - 九州産業大"
"61265159","ok","2001年8月11日","2023年ドラフト3位","北海高 - 仙台大"
"61363884","ok","1974年7月11日","1996年ドラフト4位","聖望学園高 - 東北福祉大"
"61365110","ok","1979年3月26日","2004年ドラフト10巡目","豊田大谷高 - 名城大 - トヨタ自動車"
"61365111","ok","1977年7月19日","1999年ドラフト2位","浦和学院高 - 明治大"
"61365112","ok","1988年2月9日","2005年高校生ドラフト1巡目","履正社高"
"61365113","ok","1979年7月3日","2000年ドラフト1位","尽誠学園高 - プリンスホテル"
"61365115","ok","1983年12月20日","2001年ドラフト3巡目","山梨学院大付高"
"61365117","ok","1980年5月11日","2002年ドラフト5巡目","東福岡高 - 日本大"
"61365118","ok","1987年1月13日","2008年ドラフト1位","岐阜総合学園高 - 東洋大"
"61365119","ok","1985年7月23日","2003年ドラフト6巡目","志学館高"
"61365131","ok","1987年12月20日","2009年ドラフト2位","創価高 - 創価大"
"61365132","ok","1993年6月4日","2015年ドラフト4位","市立柏高 - 城西国際大"
"61365133","ok","1992年5月6日","2010年ドラフト5位","大阪桐蔭高"
"61365134","ok","1995年1月31日","2016年ドラフト6位","高稜高 - 広島経済大"
"61365135","ok","1987年9月2日","2011年ドラフト4位","賀茂高 - 駒沢大 - 日本生命"
"61365136","ok","1999年5月15日","2017年育成選手ドラフト1位","学法石川高"
"61365137","ok","1990年8月31日","2012年ドラフト2位","駒大苫小牧高 - 道都大"
"61365138","ok","1992年8月14日","2018年ドラフト7位","大分・中津商 - 九州国際大 - 三菱重工長崎 - 三菱日立パワーシステムズ"
"61365139","ok","1991年6月17日","2013年ドラフト1位","長崎日大高 - 九州共立大"
"61365150","ok","2006年7月5日","2024年ドラフト4位","早稲田実"
"61365152","ok","2003年10月28日","2025年ドラフト1位","常総学院高 - 明治大"
"61365153","ok","1998年8月26日","2020年ドラフト1位","作新学院高 - 明治大"
"61465110","ok","1980年10月11日","2004年ドラフト2巡目","報徳学園高 - 京都産業大 - JR東海"
"61465112","ok","1987年11月5日","2005年高校生ドラフト4巡目","樟南高"
"61465113","ok","1978年12月5日","2000年ドラフト1位","松山中央高 - 九州共立大"
"61465118","ok","1986年1月27日","2008年ドラフト2位","上宮太子高 - NOMOベースボールクラブ - 東邦ガス"
"61465119","ok","1971年12月28日","","ハワイパシフィック大 - メッツ - ロッキーズ - レッドソックス"
"61465131","ok","1991年9月19日","2009年ドラフト3位","敦賀気比高"
"61465133","ok","1992年10月15日","2010年育成選手ドラフト5位","熊本・城北高"
"61465135","ok","1987年6月20日","2011年ドラフト3位","沖縄尚学高 - 城西大 - 日本製紙石巻"
"61465137","ok","1989年3月29日","2012年ドラフト6位","中部商 - 国士舘大 - JX-ENEOS"
"61465138","ok","1994年12月28日","2018年ドラフト6位","横浜隼人高 - 横浜商科大 - JX-ENEOS"
"61465150","ok","2002年10月18日","2024年ドラフト2位","星稜高 - 日本体育大"
"61465151","ok","1999年1月26日","2019年ドラフト2位","樟南高 - 三菱日立パワーシステムズ"
"61465152","ok","2003年4月23日","2025年ドラフト6位","大阪桐蔭高 - 東洋大"
"61465153","ok","2002年10月22日","2020年ドラフト7位","大阪桐蔭高"
"61465155","ok","1999年6月21日","2021年ドラフト6位","報徳学園高 - 早稲田大"
"61563880","ok","1976年6月16日","1994年ドラフト2位","東北高"
"61563884","ok","1978年6月4日","1996年ドラフト4位","春日部共栄高"
"61563885","ok","1970年2月14日","1991年ドラフト1位","東北高 - 東北福祉大"
"61563886","ok","1975年9月9日","1997年ドラフト1位","大阪高 - 近畿大"
"61563887","ok","1965年8月7日","1992年ドラフト4位","東海大四高 - 東海大 - 北海道拓殖銀行"
"61563888","ok","1974年5月24日","1998年ドラフト1位","都留高 - 日本体育大 - 東京ガス"
"61565110","ok","1980年8月6日","2004年ドラフト自由枠","関大一高 - 松下電器"
"61565111","ok","1981年11月3日","1999年ドラフト1位","桐生第一高"
"61565112","ok","1982年2月17日","2005年大学生・社会人ドラフト4巡目","宮崎南高 - 九州東海大 - ホンダ熊本"
"61565114","ok","1988年8月28日","2006年高校生ドラフト3巡目","開星高"
"61565115","ok","1979年10月25日","2001年ドラフト7巡目","沖学園高 - 福岡大"
"61565116","ok","1989年6月11日","2007年高校生ドラフト4巡目","常総学院高"
"61565117","ok","1984年5月5日","2002年ドラフト6巡目","矢板中央高"
"61565119","ok","1985年9月6日","2003年ドラフト4巡目","常総学院高"
"61565130","ok","1989年9月7日","2014年ドラフト6位","東京実 - 鶴見大 - JR東日本東北"
"61565132","ok","1990年10月18日","2015年ドラフト8位","富田高 - 名城大 - ジェイプロジェクト"
"61565135","ok","1990年3月11日","2011年ドラフト2位","武蔵工大二高 - 中京学院大"
"61565136","ok","1995年7月7日","2017年ドラフト8位","花咲徳栄高 - 東北福祉大"
"61565139","ok","1995年5月29日","2013年ドラフト4位","日大藤沢高"
"61565150","ok","2003年2月1日","2024年ドラフト1位","神港橘高 - 関西大"
"61565151","ok","1994年4月16日","2019年ドラフト3位","聖光学院高 - 青山学院大 - 東芝"
"61565152","ok","1998年10月31日","2025年ドラフト4位","日立一高 - 桐蔭横浜大 - ホンダ"
"61665110","ok","1972年11月15日","","ENB高 - ブルージェイズ - レンジャーズ - エクスポズ - オリオールズ"
"61665112","ok","1983年11月7日","2005年大学生・社会人ドラフト希望枠","日本航空高 - 創価大"
"61665114","ok","1986年7月29日","2006年大学生・社会人ドラフト4巡目","豊川高 - シダックス"
"61665116","ok","1989年7月10日","2007年高校生ドラフト3巡目","酒田南高"
"61665117","ok","1984年6月14日","2002年ドラフト5巡目","東福岡高"
"61665118","ok","1983年12月15日","2008年ドラフト3位","仙台育英高 - 常磐大 - 三菱ふそう川崎"
"61665130","ok","1996年4月14日","2014年ドラフト1位","盛岡大付高"
"61665133","ok","1989年6月14日","2010年ドラフト3位","飯能南高 - ホンダ"
"61665134","ok","1998年9月21日","2016年ドラフト1位","横浜高"
"61665136","ok","1999年7月27日","2017年ドラフト4位","星槎国際湘南高"
"61665137","ok","1977年9月27日","","ルーベンダリオ高 - ダイヤモンドバックス - フィリーズ - レンジャーズ - ドジャース - レッドソックス"
"61665138","ok","1995年2月5日","2018年育成選手ドラフト2位","東福岡高 - 明治学院大 - BC・福井"
"61665139","ok","1995年9月26日","2013年ドラフト2位","高知高"
"61665151","ok","2000年8月31日","2019年ドラフト3位","桶川西高 - BC・武蔵"
"61665152","ok","2007年6月27日","2025年ドラフト5位","明徳義塾高"
"61665155","ok","2003年11月5日","2021年ドラフト5位","専大松戸高"
"61665157","ok","2000年9月8日","2022年ドラフト1位","浦和学院高 - 早稲田大"
"61665159","ok","2001年4月7日","2023年ドラフト3位","慶応高 - 慶応大"
"61763864","ok","1967年3月17日","1984年ドラフト1位","花園高"
"61763881","ok","1968年2月22日","1989年ドラフト1位","東北高 - 東北福祉大"
"61763884","ok","1978年4月27日","1996年ドラフト4位","相馬高"
"61763888","ok","1975年12月26日","1998年ドラフト2位","東海大仰星高 - 甲賀総合科学専門学校 - 松下電器"
"61765110","ok","1983年1月5日","2004年ドラフト5巡目","多度津工 - 中部大"
"61765111","ok","1981年11月16日","1999年ドラフト1位","九州学院高"
"61765112","ok","1982年2月12日","2005年大学生・社会人ドラフト6巡目","高松一高 - 龍谷大 - NTT西日本"
"61765113","ok","1978年6月13日","2000年ドラフト4位","慶応高 - 慶応大"
"61765115","ok","1984年2月7日","2001年ドラフト1巡目","姫路工"
"61765116","ok","1989年8月18日","2007年高校生ドラフト4巡目","文星芸大付高"
"61765117","ok","1981年1月30日","2002年ドラフト5巡目","埼玉・滑川高 - 常磐大"
"61765119","ok","1981年4月12日","2003年ドラフト5巡目","浪速高 - 法政大"
"61765133","ok","1988年6月24日","2010年ドラフト4位","常総学院高 - 青山学院大"
"61765134","ok","1993年1月2日","2016年ドラフト2位","龍谷大平安高 - 大阪体育大 - 大阪ガス"
"61765135","ok","1993年7月19日","2011年ドラフト2位","聖光学院高"
"61765136","ok","1995年8月7日","2017年育成選手ドラフト2位","札幌光星高 - 北海道教育大岩見沢校"
"61765137","ok","1991年2月10日","2012年ドラフト4位","東総工 - 早稲田大"
"61765139","ok","1992年2月25日","2013年ドラフト1位","帯広大谷高 - 国学院大"
"61765152","ok","2001年10月5日","2025年ドラフト5位","中部商 - 沖縄電力"
"61765153","ok","1997年6月18日","2020年ドラフト4位","白樺学園高 - 星槎道都大"
"61765155","ok","2003年5月3日","2021年ドラフト5位","中京大中京高"
"61765157","ok","2004年5月27日","2022年ドラフト1位","苫小牧中央高"
"61765159","ok","2000年1月28日","2023年ドラフト7位","上田西高 - 明星大 - TDK"
"61865110","ok","1980年1月20日","","カンデラリア中 - ブルワーズ"
"61865111","ok","1973年4月24日","","バーゲンカウンティーテクニカル高 - 米独立リーグ - 台湾・嘉南 - 台湾・和信"
"61865112","ok","1980年7月23日","2005年大学生・社会人ドラフト3巡目","京都成章高 - 立命館大 - サンワード貿易"
"61865114","ok","1981年10月29日","2006年大学生・社会人ドラフト6巡目","日大豊山高 - 日本大 - ホンダ"
"61865116","ok","1977年11月4日","","ボール州大 - オリオールズ - ロッキーズ - カージナルス"
"61865117","ok","1972年11月6日","","ジャクソンビル大 - エクスポズ - パイレーツ"
"61865118","ok","1979年8月10日","","ネブラスカ大 - アスレチックス - レイズ"
"61865131","ok","1978年1月6日","","テキサスA&M大 - レッドソックス - ダイヤモンドバックス - デビルレイズ - タイガース - メッツ"
"61865132","ok","1994年2月14日","2015年ドラフト3位","桐蔭学園高 - 早稲田大"
"61865133","ok","1982年10月30日","","マイアミデードコミュニティー大 - ナショナルズ - ヤンキース"
"61865134","ok","1995年2月5日","2016年ドラフト6位","東邦高 - 東海大"
"61865135","ok","1982年6月21日","","慶南高 - 韓国・ロッテ"
"61865136","ok","1999年4月22日","2017年育成選手ドラフト2位","都城商"
"61865137","ok","1980年7月2日","","ワラワラコミュニティー大 - パイレーツ - ナショナルズ - ブルワーズ"
"61865138","ok","1994年4月6日","2018年ドラフト4位","佐野日大高 - 日本大 - SUBARU"
"61865139","ok","1978年8月8日","","リセオヘネラルホセカブレラ高 - ロイヤルズ - タイガース"
"61865151","ok","1998年2月1日","2019年ドラフト5位","市立船橋高 - 創価大"
"61865152","ok","2003年4月14日","2025年ドラフト1位","桐蔭学園高 - 法政大"
"61865153","ok","2002年4月25日","2020年ドラフト4位","智弁和歌山高"
"61865157","ok","2000年6月23日","2022年育成選手ドラフト1位","八戸学院野辺地西高 - 八戸学院大"
"61865159","ok","2002年2月26日","2023年ドラフト1位","東亜学園高 - 東洋大"
"61963886","ok","1979年6月12日","1997年ドラフト5位","星稜高"
"61963887","ok","1971年2月2日","1992年ドラフト3位","鈴鹿高 - 同朋大"
"61963888","ok","1977年4月26日","1998年ドラフト1位","PL学園高 - 日本生命"
"61965110","ok","1986年8月16日","2004年ドラフト1巡目","東北高"
"61965112","ok","1983年9月16日","2005年大学生・社会人ドラフト4巡目","宇和島東高 - 大阪体育大"
"61965114","ok","1979年1月21日","2006年大学生・社会人ドラフト5巡目","鹿児島実 - 日本大 - 日本通運"
"61965115","ok","1980年3月20日","2001年ドラフト3巡目","大産大付高 - 九州共立大"
"61965117","ok","1980年5月6日","2002年ドラフト4巡目","報徳学園高 - 東海大"
"61965118","ok","1987年1月10日","2008年ドラフト1位","新宮高 - 近畿大"
"61965119","ok","1981年5月6日","2003年ドラフト5巡目","滝川二高 - 東北福祉大"
"61965130","ok","1996年5月22日","2014年ドラフト2位","九州国際大付高"
"61965131","ok","1991年8月17日","2009年ドラフト2位","中京大中京高"
"61965132","ok","1991年4月5日","2015年ドラフト10位","徳島商 - 青山学院大 - JR西日本"
"61965134","ok","1992年7月16日","2016年ドラフト8位","西仙北高 - 横浜商科大 - JR東日本"
"61965136","ok","1997年3月22日","2017年ドラフト1位","磐田東高 - ヤマハ"
"61965138","ok","1997年2月1日","2018年ドラフト1位","東海大菅生高 - 八戸学院大"
"61965139","ok","1989年7月3日","2013年ドラフト3位","東海大相模高 - 東海大 - JR東日本"
"61965150","ok","2002年9月12日","2024年ドラフト6位","報徳学園高 - 国学院大"
"61965151","ok","1995年9月28日","2019年ドラフト1位","神戸国際大付高 - 近畿大 - 大阪ガス"
"61965152","ok","2003年4月25日","2025年ドラフト3位","大阪桐蔭高 - 中央大"
"61965153","ok","2003年1月16日","2020年ドラフト4位","智弁和歌山高"
"61965157","ok","2000年6月2日","2022年ドラフト4位","東北高 - 東北福祉大"
"61965159","ok","2002年3月27日","2023年ドラフト1位","九州国際大付高 - 青山学院大"
"63065132","ok","1984年11月14日","","エスクエラデデポルテ高 - 米マイナー"
"63065153","ok","1991年12月30日","","セントロエスコラルニニョスエロエスデチャプルテペク高 - パドレス - BC・茨城"
"63065155","ok","1991年9月14日","","セナペック高 - パイレーツ"
"63065157","ok","1996年1月9日","","IMGアカデミー - パドレス"
"63165110","ok","1980年11月25日","","ラエスタンシア高 - 米マイナー - 中国・広東"
"63165112","ok","1975年8月2日","","テキサス工大 - マーリンズ"
"63165113","ok","1974年10月3日","","サンアントニオデパウラ高 - インディアンス - パイレーツ"
"63165114","ok","1973年10月27日","","コナー高 - パイレーツ - デビルレイズ - オリオールズ - タイガース - インディアンス - レッドソックス - レッズ"
"63165116","ok","1977年3月18日","","カリフォルニア州大ロングビーチ校 - エクスポズ - ナショナルズ - パドレス"
"63165118","ok","1978年1月7日","","デラウェア大 - レンジャーズ - ブルワーズ - ブルージェイズ"
"63165130","ok","1992年2月2日","","国立台湾体育運動大"
"63165131","ok","1980年3月15日","","ピットコミュニティー大 - アスレチックス - カブス - オリオールズ"
"63165132","ok","1993年7月15日","2015年ドラフト1位","敦賀気比高 - 青山学院大"
"63165133","ok","1982年6月15日","","ペンシルバニア州大 - 米マイナー"
"63165134","ok","1994年4月22日","2016年ドラフト1位","横浜高 - 明治大"
"63165135","ok","1984年2月27日","","アルダーグローブコミュニティー高 - フィリーズ"
"63165136","ok","1995年9月15日","2017年ドラフト5位","沖縄尚学高 - 岐阜経済大"
"63165137","ok","1984年4月14日","","ウィンスロップ大 - マーリンズ - パイレーツ"
"63165138","ok","1991年5月10日","","ミズーリ州大 - カブス - ジャイアンツ"
"63165139","ok","1983年11月14日","","ラスニエベス高 - レンジャーズ - アスレチックス - ロッキーズ - ジャイアンツ"
"63165150","ok","2002年5月1日","2024年ドラフト5位","早大学院高 - 早稲田大"
"63165152","ok","2002年1月29日","2025年ドラフト7位","鶴岡東高 - 太成学院大 - ホンダ鈴鹿"
"63165153","ok","1998年7月13日","2020年育成選手ドラフト5位","帝京三高 - 四国学院大"
"63165155","ok","2000年7月30日","2021年ドラフト3位","丸亀城西高 - JR四国"
"63165159","ok","2005年8月7日","2023年育成選手ドラフト3位","東邦高"
"63265155","ok","1989年12月22日","","ラトガーズ大 - パドレス - レッズ - ダイヤモンドバックス - パドレス"
"63265157","ok","1992年10月29日","","カントン高 - パドレス - レッドソックス - ヤンキース"
"63265159","ok","1988年1月1日","","アーカンソー大 - アストロズ - ブレーブス - ホワイトソックス - ダイヤモンドバックス - レンジャーズ - ツインズ - ブルワーズ"
"63365112","ok","1972年1月25日","","トーマスガブリルテクニカル高 - タイガース - エクスポズ - カブス"
"63365116","ok","1980年7月3日","","サウスレイク高 - カブス - レンジャーズ"
"63365118","ok","1982年5月7日","","アゲドフェリペアルバラード高 - 米マイナー"
"63365130","ok","1983年11月7日","","レジーノカミロ高 - ダイヤモンドバックス - ツインズ - 台湾・義大"
"63365132","ok","1986年2月25日","","サザンドア高 - ジャイアンツ - マーリンズ"
"63365133","ok","1980年3月1日","","ラマー大 - カブス"
"63365134","ok","1992年4月22日","","インスティテゥトディオセサノバルキシメト高 - レッドソックス - ダイヤモンドバックス"
"63365135","ok","1984年3月30日","","イリノイバレーコミュニティー大 - 米マイナー"
"63365136","ok","1990年4月12日","","バーミングハム高 - マーリンズ - マリナーズ"
"63365138","ok","1991年6月21日","","セナペックラロマーナ高 - タイガース - エンゼルス"
"63365139","ok","1986年4月4日","","ジョージアペリメター大 - 米マイナー"
"63365150","ok","2000年5月10日","2024年ドラフト4位","札幌第一高 - 札幌学院大 - 四国・高知"
"63365151","ok","1987年9月28日","","カトーバ大 - ドジャース - レイズ - インディアンス - ホワイトソックス - 韓国・ネクセン - 韓国・キウム"
"63365152","ok","1995年11月9日","","フランシスコデミランダ高 - マーリンズ - エンゼルス"
"63365153","ok","1999年3月24日","2020年ドラフト2位","高川学園高 - 東北福祉大"
"63365155","ok","2003年8月21日","2021年育成選手ドラフト3位","九州国際大付高"
"63365159","ok","2005年8月20日","2023年ドラフト3位","仙台育英高"
"63463868","ok","1970年8月26日","1988年ドラフト1位","福岡第一高"
"63565114","ok","1975年1月8日","","コレグロラチニータ高 - カブス - デビルレイズ - レッドソックス - メッツ - ブルワーズ"
"63565133","ok","1984年9月21日","","ロイヤルズ - ダイヤモンドバックス"
"63565134","ok","1982年7月19日","","サンウォーキーンデルタ大 - ヤンキース - タイガース - カブス - ブルージェイズ - ヤンキース - パイレーツ"
"63565136","ok","1989年11月19日","","パルムデール高 - ツインズ"
"63565151","ok","1993年12月30日","","ベリーズ高 - 米マイナー"
"63565152","ok","1995年6月29日","","アリゾナ大 - レッドソックス - ホワイトソックス"
"63565153","ok","1987年7月9日","","マキシモゴメスバエス大 - レッドソックス"
"63565155","ok","1999年9月2日","2021年ドラフト4位","桐光学園高 - 慶応大"
"63565157","ok","1991年10月14日","","ヘネラルアンブロシオラザ高 - ツインズ - マーリンズ"
"63765130","ok","1986年5月31日","","アングリカンチャーチグラマー高 - 米マイナー - 四国・香川"
"63765132","ok","1986年6月2日","","マクレナンコミュニティー大 - ロッキーズ - ヤンキース"
"63765133","ok","1981年4月2日","","オレゴン州大 - ダイヤモンドバックス - カージナルス - マーリンズ"
"63765134","ok","1987年8月26日","","ウェザーフォード大 - エンゼルス"
"63765136","ok","1984年1月1日","","ノースダコタ州大 - アスレチックス - ブルージェイズ"
"63765151","ok","1988年5月28日","","ジョージメイソン大 - マーリンズ - フィリーズ - エンゼルス"
"63765152","ok","1998年5月25日","","サウスフロリダ大 - オリオールズ"
"63765153","ok","1992年1月29日","","アリゾナ大 - レッズ - タイガース"
"63765155","ok","2000年7月1日","","マヌエルファハルド体育大 - キューバ・グランマ"
"63765157","ok","1992年1月19日","","イーストカロライナ大 - アスレチックス - レンジャーズ - ツインズ - ジャイアンツ"
"63765159","ok","1994年6月1日","","ルイジアナ州大 - ナショナルズ - ツインズ"
"63965134","ok","1995年12月8日","","エイデデピナールデルリオ高 - キューバ・ピナールデルリオ"
"63965136","ok","1989年1月10日","","カミロシエンフエゴス高 - オリオールズ - マリナーズ"
"63965150","ok","1997年5月18日","","リンデール高 - エンゼルス"
"63965153","ok","1996年10月10日","","ケーラー高 - 米マイナー"
"63965155","ok","1992年9月11日","","マイアミ大 - ジャイアンツ - 韓国・LG"
"63965157","ok","1992年8月26日","","アルタグラシアベニテス高 - フィリーズ - ロイヤルズ - オリオールズ - ナショナルズ"
"65563868","ok","1970年8月25日","1988年ドラフト外","足利工"
"71073887","ok","1974年5月13日","1992年ドラフト3位","丹原高"
"71073888","ok","1980年7月21日","1998年ドラフト1位","高知商"
"71075110","ok","1986年4月10日","2004年ドラフト4巡目","北大津高"
"71075112","ok","1978年7月10日","2005年大学生・社会人ドラフト4巡目","関東第一高 - 立正大 - シダックス"
"71075113","ok","1982年9月12日","2000年ドラフト1位","春日部共栄高"
"71075114","ok","1988年12月15日","2006年高校生ドラフト4巡目","関西高"
"71075130","ok","1997年2月3日","2014年ドラフト1位","前橋育英高"
"71075131","ok","1987年11月3日","2009年ドラフト3位","明徳義塾高 - 亜細亜大"
"71075132","ok","1997年5月8日","2015年ドラフト1位","県立岐阜商"
"71075133","ok","1986年7月31日","2010年ドラフト1位","土浦湖北高 - 早稲田大 - JFE東日本"
"71075134","ok","1998年7月4日","2016年ドラフト5位","創志学園高"
"71075136","ok","1999年12月6日","2017年育成選手ドラフト1位","真颯館高"
"71075137","ok","1994年8月4日","2012年ドラフト2位","愛工大名電高"
"71075138","ok","1994年11月9日","2018年ドラフト1位","社高 - 関西学院大 - 大阪ガス"
"71075139","ok","1995年8月31日","2013年ドラフト5位","関東第一高"
"71075150","ok","2002年11月1日","2024年ドラフト2位","東陵高 - 富士大"
"71075151","ok","1998年1月27日","2019年ドラフト2位","聖光学院高 - 東洋大"
"71075155","ok","2003年6月28日","2021年育成選手ドラフト3位","山本学園高"
"71075157","ok","2000年11月24日","2022年育成選手ドラフト1位","香住丘高 - 西南学院大"
"71173882","ok","1977年9月13日","1995年ドラフト1位","熊本工"
"71173886","ok","1979年7月13日","1997年ドラフト4位","れいめい高"
"71175110","ok","1981年7月4日","2004年ドラフト6巡目","横浜商工 - 三菱重工横浜硬式野球クラブ"
"71175112","ok","1983年7月24日","2005年大学生・社会人ドラフト6巡目","沖縄水産高 - 富士大"
"71175113","ok","1983年1月12日","2000年ドラフト5位","樟南高"
"71175114","ok","1984年10月22日","2006年大学生・社会人ドラフト3巡目","常滑北高 - 日本福祉大"
"71175116","ok","1989年5月19日","2007年高校生ドラフト4巡目","大牟田高"
"71175118","ok","1990年6月5日","2008年ドラフト4位","日南学園高"
"71175119","ok","1981年6月1日","2003年ドラフト3巡目","函館工 - 八戸大"
"71175130","ok","1996年11月4日","2014年ドラフト1位","済美高"
"71175132","ok","1993年12月11日","2015年ドラフト5位","川崎工科高 - 帝京大"
"71175133","ok","1988年12月23日","2010年ドラフト3位","花咲徳栄高 - 東北福祉大"
"71175134","ok","1990年9月19日","2016年ドラフト7位","常総学院高 - 中央大 - ホンダ鈴鹿"
"71175136","ok","1999年12月14日","2017年育成選手ドラフト2位","神戸弘陵高"
"71175137","ok","1986年9月3日","2012年ドラフト5位","近大付高 - 近畿大 - NTT西日本"
"71175138","ok","1997年3月1日","2018年ドラフト4位","山本学園高 - 東日本国際大"
"71175150","ok","2002年12月23日","2024年ドラフト3位","祐誠高 - 上武大"
"71175153","ok","2002年9月17日","2020年ドラフト5位","二松学舎大付高"
"71273882","ok","1973年6月19日","1995年ドラフト2位","上宮高 - 新日鉄広畑"
"71273885","ok","1973年8月20日","1991年ドラフト2位","東海大甲府高"
"71275111","ok","1977年5月9日","1999年ドラフト3位","上宮高 - 明治大"
"71275112","ok","1983年9月8日","2005年大学生・社会人ドラフト5巡目","沖縄尚学高 - 東京情報大"
"71275113","ok","1979年3月29日","2000年ドラフト2位","佐伯鶴城高 - 法政大"
"71275115","ok","1983年6月3日","2001年ドラフト1巡目","智弁学園高"
"71275117","ok","1981年4月11日","2002年ドラフト8巡目","樟南高 - 三菱重工横浜硬式野球クラブ"
"71275118","ok","1990年11月10日","2008年ドラフト3位","菰野高"
"71275131","ok","1988年1月14日","2009年ドラフト2位","県立岐阜商 - 立命館大"
"71275132","ok","1998年1月16日","2015年ドラフト4位","帝京三高"
"71275134","ok","1998年9月7日","2016年ドラフト6位","八戸工大一高"
"71275135","ok","1993年9月21日","2011年ドラフト6位","龍谷高"
"71275136","ok","1992年12月3日","2017年ドラフト7位","東海大五高 - 九州共立大 - 九州三菱自動車 - BC・石川"
"71275137","ok","1988年4月23日","2012年ドラフト1位","柳学園高 - 福井工業大 - NTT西日本"
"71275138","ok","1996年8月27日","2018年育成選手ドラフト3位","九州学院高 - 徳山大"
"71275139","ok","1991年8月3日","2013年ドラフト7位","鹿屋中央高 - 第一工業大"
"71275151","ok","2001年5月28日","2019年ドラフト6位","八戸学院光星高"
"71275152","ok","2002年2月26日","2025年ドラフト1位","崇徳高 - 城西大 - 鷺宮製作所"
"71275153","ok","1998年9月7日","2020年ドラフト1位","常総学院高 - 法政大"
"71275157","ok","2000年11月7日","2022年ドラフト2位","立正大淞南高 - 天理大"
"71373880","ok","1976年4月19日","1994年ドラフト1位","仙台育英高"
"71373882","ok","1977年11月30日","1995年ドラフト1位","南京都高"
"71373885","ok","1969年7月25日","1991年ドラフト1位","作新学院高 - 日本大"
"71373888","ok","1980年8月1日","1998年ドラフト3位","福岡工大付高"
"71373889","ok","1975年4月7日","1993年ドラフト6位","御殿場西高"
"71375110","ok","1982年6月16日","2004年ドラフト5巡目","石川・金沢高 - 東海大"
"71375111","ok","1977年9月28日","1999年ドラフト2位","倉敷商 - 立命館大"
"71375112","ok","1988年2月24日","2005年高校生ドラフト3巡目","盛岡中央高"
"71375114","ok","1988年10月2日","2006年高校生ドラフト3巡目","関西高"
"71375116","ok","1986年3月17日","2007年育成選手ドラフト1巡目","山梨学院大付高 - JFE西日本 - BC・石川"
"71375117","ok","1980年11月8日","2002年ドラフト6巡目","宇部商 - 協和発酵"
"71375118","ok","1986年4月18日","2008年ドラフト1位","広島商 - 亜細亜大"
"71375119","ok","1979年1月18日","2003年ドラフト8巡目","浦和学院高 - 東洋大 - 日本通運"
"71375130","ok","1989年11月4日","2014年ドラフト6位","桐蔭学園高 - JX-ENEOS"
"71375131","ok","1987年7月20日","2009年ドラフト3位","津久見高 - 別府大"
"71375132","ok","1991年6月6日","2015年ドラフト5位","明徳義塾高 - 拓殖大 - ホンダ"
"71375133","ok","1992年10月21日","2010年ドラフト4位","南陽工"
"71375134","ok","1999年1月15日","2016年ドラフト6位","二松学舎大付高"
"71375135","ok","1986年11月14日","2011年ドラフト6位","つくば秀英高 - 明治大 - 東芝"
"71375136","ok","1999年4月8日","2017年ドラフト5位","霞ヶ浦高"
"71375137","ok","1987年7月5日","2012年ドラフト4位","佐野日大高 - 日本大 - ワイテック"
"71375138","ok","1996年10月14日","2018年ドラフト2位","広陵高 - 大阪商業大"
"71375139","ok","1991年4月23日","2013年ドラフト4位","京都すばる高 - 京都産業大"
"71375150","ok","2000年8月7日","2024年ドラフト1位","智弁学園高 - 大阪商業大 - NTT西日本"
"71375151","ok","2001年7月17日","2019年ドラフト6位","日大三高"
"71375153","ok","1996年5月8日","2020年ドラフト2位","横浜高 - 国際武道大 - JR東日本"
"71375155","ok","1999年5月30日","2021年ドラフト2位","中京大中京高 - 駒沢大"
"71375159","ok","2001年8月12日","2023年ドラフト1位","愛知産大三河高 - 明治大"
"71475110","ok","1982年7月29日","2004年ドラフト9巡目","高松高 - 東京大"
"71475111","ok","1977年4月28日","1999年ドラフト9位","天理高 - 龍谷大"
"71475112","ok","1985年3月12日","2005年大学生・社会人ドラフト3巡目","宮崎日大高 - JR九州"
"71475113","ok","1982年8月16日","2000年ドラフト4位","報徳学園高"
"71475114","ok","1988年4月4日","2006年高校生ドラフト1巡目","長崎日大高"
"71475115","ok","1980年1月4日","2001年ドラフト自由枠","青森北高 - 青森大"
"71475116","ok","1985年4月5日","2007年大学生・社会人ドラフト3巡目","春日部共栄高 - 明治大"
"71475118","ok","1990年7月19日","2008年ドラフト4位","日本文理大付高"
"71475131","ok","1987年7月10日","2009年ドラフト4位","大商大堺高 - 東京農業大"
"71475132","ok","1994年12月10日","2015年ドラフト5位","敦賀気比高 - 王子"
"71475133","ok","1989年3月27日","2010年ドラフト6位","大東高 - 大阪商業大"
"71475134","ok","1994年9月14日","2016年ドラフト4位","杜若高 - 名古屋経済大"
"71475135","ok","1993年4月18日","2011年ドラフト2位","星稜高"
"71475136","ok","1999年4月22日","2017年ドラフト6位","仙台育英高"
"71475138","ok","2000年4月19日","2018年ドラフト7位","神村学園高"
"71475139","ok","1991年6月4日","2013年ドラフト3位","沖縄尚学高 - 亜細亜大"
"71475150","ok","1999年2月5日","2024年ドラフト6位","藤代高 - 立正大 - 日本生命"
"71475159","ok","2005年4月29日","2023年ドラフト3位","享栄高"
"71573880","ok","1976年4月20日","1994年ドラフト3位","山梨学院大付高"
"71573887","ok","1969年3月18日","1992年ドラフト1位","信州工 - 亜細亜大 - 松下電器"
"71573889","ok","1975年4月18日","1993年ドラフト3位","横浜商大高"
"71575111","ok","1981年9月15日","1999年ドラフト4位","高松西高"
"71575113","ok","1982年4月12日","2000年ドラフト4位","高鍋高"
"71575115","ok","1979年4月12日","2001年ドラフト3巡目","東海大山形高 - 東海大"
"71575116","ok","1985年4月6日","2007年大学生・社会人ドラフト4巡目","智弁学園高 - 東海大"
"71575117","ok","1984年5月7日","2002年ドラフト3巡目","明徳義塾高"
"71575118","ok","1984年1月22日","2008年ドラフト6位","柳川高 - 第一経済大 - 熊本ゴールデンラークス"
"71575131","ok","1985年10月21日","2009年ドラフト1位","奈良・郡山高 - 関西学院大 - トヨタ自動車"
"71575132","ok","1997年10月8日","2015年ドラフト1位","東海大相模高"
"71575134","ok","1994年12月31日","2016年ドラフト1位","慶応高 - 慶応大"
"71575135","ok","1988年10月15日","2011年育成選手ドラフト2位","作陽高 - 環太平洋大 - 四国・香川"
"71575136","ok","1994年1月17日","2017年ドラフト2位","糸満高 - 中央大 - 日本生命"
"71575137","ok","1995年1月20日","2012年ドラフト5位","福岡工大城東高"
"71575138","ok","2000年6月25日","2018年ドラフト5位","大阪桐蔭高"
"71575139","ok","1995年8月29日","2013年ドラフト6位","創志学園高"
"71575153","ok","1998年11月21日","2020年ドラフト4位","宜野座高 - 亜細亜大"
"71575157","ok","2001年8月23日","2022年ドラフト5位","広陵高 - 大阪ガス"
"71575159","ok","2000年8月3日","2023年育成選手ドラフト3位","高野山高 - 大阪観光大 - BC・栃木"
"71675110","ok","1976年1月5日","","ビショップケニー高 - ブルージェイズ - パドレス - タイガース"
"71675112","ok","1984年2月24日","2005年大学生・社会人ドラフト希望枠","長崎・海星高 - 三菱重工長崎"
"71675113","ok","1976年8月27日","2000年ドラフト4位","国学院栃木高 - 国学院大 - 新日鉄君津"
"71675114","ok","1988年5月3日","2006年高校生ドラフト1巡目","鷲宮高"
"71675116","ok","1989年8月4日","2007年高校生ドラフト3巡目","関西高"
"71675118","ok","1988年11月16日","2008年ドラフト6位","福泉高 - 甲賀健康医療専門学校"
"71675131","ok","1980年11月29日","","サーバイト高 - ブルージェイズ"
"71675132","ok","1997年4月2日","2015年ドラフト8位","大阪偕星学園高"
"71675134","ok","1998年5月25日","2016年ドラフト4位","福岡大大濠高"
"71675135","ok","1989年10月25日","2011年ドラフト4位","市立和歌山商 - 関西国際大"
"71675137","ok","1981年5月1日","","ハコバウリオラソリス高 - ブレーブス - メッツ"
"71675138","ok","2001年3月4日","2018年ドラフト5位","遊学館高"
"71675139","ok","1989年9月24日","2013年ドラフト1位","青森山田高 - 日本大 - JR東日本"
"71675152","ok","2004年3月31日","2025年ドラフト1位","札幌国際情報高 - 仙台大"
"71675157","ok","2000年5月3日","2022年ドラフト5位","東海大甲府高 - 四国・高知 - 日本海・福井"
"71773864","ok","1968年12月5日","1986年ドラフト2位","印旛高"
"71773880","ok","1969年4月16日","1994年ドラフト4位","横浜高 - 拓殖大 - トヨタ自動車"
"71773884","ok","1973年6月29日","1996年ドラフト3位","熊本工 - 新日鉄広畑"
"71773888","ok","1976年7月8日","1998年ドラフト4位","栗東高 - 東北福祉大"
"71775110","ok","1983年12月23日","2004年ドラフト10巡目","豊田大谷高 - 三菱自動車岡崎"
"71775111","ok","1982年3月30日","1999年ドラフト2位","静岡高"
"71775112","ok","1980年10月15日","2005年大学生・社会人ドラフト6巡目","近江高 - 東北福祉大 - 王子製紙"
"71775114","ok","1984年9月9日","2006年大学生・社会人ドラフト4巡目","富士宮東高 - 三菱自動車岡崎 - 東邦ガス"
"71775115","ok","1978年7月27日","2001年ドラフト10巡目","秋田高 - 川崎製鉄千葉"
"71775116","ok","1985年7月3日","2007年大学生・社会人ドラフト1巡目","酒田南高 - 青山学院大"
"71775117","ok","1980年5月17日","2002年ドラフト自由枠","川内高 - 亜細亜大"
"71775119","ok","1978年4月29日","2003年ドラフト4巡目","坂戸西高 - 日本体育大 - 日本生命"
"71775131","ok","1991年6月19日","2009年ドラフト2位","近大工高専"
"71775132","ok","1997年8月12日","2015年ドラフト5位","初芝橋本高"
"71775134","ok","1993年2月16日","2016年ドラフト3位","大分商 - 愛知学院大 - トヨタ自動車"
"71775135","ok","1987年4月13日","2011年ドラフト2位","鶴崎工 - 立正大 - NTT東日本"
"71775136","ok","1995年6月5日","2017年ドラフト3位","日南高 - 日本文理大"
"71775137","ok","1990年6月19日","2012年ドラフト5位","西原高 - ビッグ開発ベースボールクラブ - 熊本ゴールデンラークス"
"71775138","ok","1996年7月27日","2018年ドラフト7位","自由ケ丘高 - 九州共立大"
"71775139","ok","1991年9月1日","2013年ドラフト2位","岡山理大付高 - 亜細亜大"
"71775151","ok","1998年3月17日","2019年育成選手ドラフト1位","京都翔英高 - 大阪商業大"
"71775152","ok","1999年11月5日","2025年ドラフト6位","堅田高 - 大阪大谷大 - 矢場とんブースターズ - 王子"
"71775155","ok","2003年9月12日","2021年ドラフト3位","北海高"
"71775157","ok","1997年9月15日","2022年ドラフト2位","遊学館高 - 創価大 - 鷺宮製作所"
"71775159","ok","2005年6月1日","2023年ドラフト3位","霞ヶ浦高"
"71873888","ok","1972年11月28日","","ハカグア高 - ドジャース - ツインズ - 韓国・三星"
"71875110","ok","1972年10月4日","","サウスカロライナ大エーケン校 - ドジャース - パドレス - エンゼルス"
"71875112","ok","1983年11月11日","2005年育成選手ドラフト1巡目","横浜商 - 米マイナー"
"71875114","ok","1982年4月16日","2006年大学生・社会人ドラフト3巡目","東海大相模高 - 国際武道大 - TDK千曲川"
"71875116","ok","1976年12月16日","","バンガー高 - ツインズ - ブルワーズ - ロイヤルズ - ジャイアンツ"
"71875119","ok","1978年12月21日","","アドルフィナイリサリー高 - メッツ - デビルレイズ"
"71875130","ok","1997年1月17日","2014年育成選手ドラフト1位","聖光学院高"
"71875131","ok","1983年11月9日","","アリゾナ州大 - 米マイナー"
"71875133","ok","1992年11月16日","2010年ドラフト1位","習志野高"
"71875134","ok","1998年9月11日","2016年育成選手ドラフト7位","青森山田高"
"71875135","ok","1985年1月2日","2011年ドラフト5位","八戸工大一高 - 青森大 - JR東日本東北"
"71875136","ok","1995年7月1日","2017年ドラフト7位","湘南高 - 東京大"
"71875138","ok","1992年7月13日","2018年ドラフト6位","塔南高 - 日本大 - セガサミー"
"71875139","ok","1985年12月26日","","ケント州大 - カブス - レッドソックス"
"71875151","ok","2001年8月25日","2019年ドラフト1位","興南高"
"71875153","ok","1996年10月3日","2020年ドラフト3位","富士市立高 - 東洋大 - JX-ENEOS"
"71875155","ok","1999年5月7日","2021年ドラフト1位","葛飾野高 - 上武大"
"71875157","ok","2000年6月4日","2022年育成選手ドラフト10位","中部商 - 日本文理大"
"71973882","ok","1977年7月16日","1995年ドラフト1位","市立銚子高"
"71973888","ok","1980年7月25日","1998年ドラフト4位","明徳義塾高"
"71973889","ok","1975年4月21日","1993年ドラフト1位","宇和島東高"
"71975110","ok","1980年4月21日","2004年ドラフト4巡目","関西高 - 城西大 - 三菱自動車岡崎"
"71975112","ok","1987年4月8日","2005年高校生ドラフト1巡目","遊学館高"
"71975115","ok","1983年5月29日","2001年ドラフト8巡目","高岡第一高"
"71975116","ok","1985年10月2日","2007年大学生・社会人ドラフト1巡目","糸島高 - 福岡大"
"71975117","ok","1980年10月10日","2002年ドラフト5巡目","創価高 - 創価大"
"71975119","ok","1982年1月9日","2003年ドラフト4巡目","PL学園高 - 近畿大"
"71975131","ok","1987年11月29日","2009年ドラフト3位","徳島・城東高 - 法政大"
"71975132","ok","1993年6月29日","2015年ドラフト2位","古川学園高 - 東北福祉大"
"71975134","ok","1994年6月8日","2016年ドラフト1位","日野高 - 桜美林大"
"71975135","ok","1990年2月2日","2011年ドラフト6位","星稜高 - 明治大"
"71975136","ok","1993年6月12日","2017年ドラフト4位","武相高 - 帝京大 - JX-ENEOS"
"71975137","ok","1994年5月22日","2012年ドラフト3位","高知中央高"
"71975138","ok","1996年4月2日","2018年ドラフト6位","大阪桐蔭高 - 亜細亜大"
"71975139","ok","1995年11月10日","2013年ドラフト4位","聖光学院高"
"71975152","ok","2003年11月1日","2025年ドラフト7位","神戸国際大付高 - 近畿大"
"71975155","ok","2003年6月24日","2021年ドラフト4位","岐阜第一高"
"71975159","ok","2001年5月24日","2023年育成選手ドラフト2位","中京大中京高 - 静岡大"
"73075132","ok","1983年10月5日","","ビセンテサリアス高 - アストロズ - ロッキーズ - ロイヤルズ - ホワイトソックス"
"73075134","ok","1986年10月4日","","ユタ大 - ドジャース"
"73075153","ok","1988年11月7日","","カマグエイ大 - オリオールズ - BC・茨城"
"73075155","ok","1992年1月8日","","リセオホセアンドレスカスティーヨ高 - カージナルス - ドジャース - オリオールズ - ヤンキース - ブルージェイズ"
"73075157","ok","1995年7月13日","","ラビクトリア校 - 米マイナー"
"73075159","ok","1995年7月7日","","リセオアリーロパウリーノ高 - パドレス - インディアンス - ガーディアンズ - カブス - ロイヤルズ"
"73175112","ok","1978年1月4日","","ハドソンズベイ高 - ロッキーズ"
"73175114","ok","1974年12月18日","","マナティー短大 - ロイヤルズ - デビルレイズ - ドジャース"
"73175116","ok","1976年3月4日","","レックスビル高 - ドジャース - タイガース - マリナーズ - アスレチックス - パドレス"
"73175117","ok","1974年1月1日","","テキサスA&M大 - ホワイトソックス - ブルージェイズ - ドジャース"
"73175118","ok","1982年11月13日","","エスクエラベセスダ高 - 米マイナー"
"73175131","ok","1981年5月9日","","カリフォルニア州大ノースリッジ校 - ダイヤモンドバックス - ブルージェイズ"
"73175134","ok","1994年7月6日","2016年ドラフト7位","神戸国際大付高 - 亜細亜大"
"73175135","ok","1982年5月3日","","ルイジアナ州大 - カージナルス"
"73175136","ok","1995年12月29日","2017年ドラフト3位","日章学園高 - 国学院大"
"73175137","ok","1980年4月7日","","ウィスコンシン大ラクロス校 - ブルワーズ - マーリンズ - メッツ - インディアンス"
"73175138","ok","1997年1月8日","2018年ドラフト6位","横浜高 - 明治大"
"73175139","ok","1982年11月4日","","チェルトナム高 - マリナーズ - ジャイアンツ - 韓国・起亜 - ジャイアンツ - アスレチックス - アストロズ - レンジャーズ"
"73175150","ok","2007年2月20日","2024年ドラフト1位","神戸弘陵高"
"73175151","ok","1997年4月20日","2019年ドラフト5位","慶応高 - 慶応大"
"73175152","ok","2003年9月14日","2025年ドラフト2位","福岡大大濠高 - 明治大"
"73175153","ok","2003年2月24日","2020年育成選手ドラフト3位","精華高"
"73175155","ok","1999年9月18日","2021年ドラフト5位","智弁学園高 - ホンダ鈴鹿"
"73175157","ok","2000年6月14日","2022年育成選手ドラフト8位","埼玉栄高 - 東京農業大"
"73175159","ok","2002年2月26日","2023年ドラフト5位","大冠高 - 大阪産業大"
"73275155","ok","1993年11月5日","","ミシシッピ大 - ブルージェイズ"
"73275157","ok","1992年10月22日","","セナペックラロマーナ高 - パイレーツ - ホワイトソックス - ジャイアンツ - ブルージェイズ - BC・茨城"
"73373881","ok","1971年7月18日","1989年ドラフト6位","上宮高"
"73375110","ok","1974年11月22日","","サウスアラバマ大 - 米マイナー"
"73375112","ok","1977年3月28日","","パルマルデジャケ中 - 米マイナー - 台湾・第一"
"73375114","ok","1977年7月22日","","カッツタウン大 - ジャイアンツ - パイレーツ"
"73375116","ok","1983年1月5日","","サンフランシスコデサレス高 - 米マイナー"
"73375131","ok","1982年4月14日","","ロヨラメリーマウント大 - ダイヤモンドバックス"
"73375132","ok","1997年6月7日","2015年ドラフト6位","専大松戸高"
"73375133","ok","1984年7月7日","","リセオホセガブリエルガルシア高 - タイガース"
"73375134","ok","1995年2月8日","2016年ドラフト1位","岐阜・中京高 - 中京学院大"
"73375135","ok","1982年7月8日","","オチョデディシェンブレ高 - マーリンズ"
"73375136","ok","1995年11月8日","2017年ドラフト4位","富士学苑高 - 横浜商科大"
"73375137","ok","1974年11月27日","","ロズウェル高 - ロイヤルズ - ブレーブス - 韓国・SK - 台湾・ラニュー - 台湾・ラミゴ"
"73375138","ok","1990年10月28日","","リンカーントレイル大 - カブス"
"73375151","ok","1991年9月6日","","ヘリテージ高 - ヤンキース - ツインズ - ジャイアンツ - ブルワーズ"
"73375152","ok","1991年9月12日","","エクスエラフアンパブロドゥアルテ校 - マーリンズ - タイガース - ブルワーズ - ロッキーズ - ホワイトソックス - レンジャーズ - メッツ - ブルージェイズ - ドジャース - ツインズ - エンゼルス"
"73375153","ok","1998年6月15日","2020年ドラフト2位","天理高 - 天理大"
"73375157","ok","2000年8月2日","2022年ドラフト1位","藤嶺藤沢高 - 日本体育大"
"73375159","ok","2001年8月31日","2023年ドラフト4位","春日部共栄高 - 明治大"
"73475155","ok","1995年5月29日","","マスターズ大 - ジャイアンツ - カブス"
"73573868","ok","1970年5月4日","1988年ドラフト外","埼玉・福岡高"
"73575112","ok","1977年8月27日","","ロサンゼルスハーバー短大 - ブルージェイズ"
"73575114","ok","1978年8月15日","","リセオプラムレフォルマ高 - ナショナルズ"
"73575130","ok","1988年1月19日","","ペンサコーラ短大 - 米マイナー - 台湾・兄弟 - 台湾・ラミゴ"
"73575132","ok","1992年9月6日","","台湾・国立体育大"
"73575134","ok","1987年4月9日","","ボストンカレッジ - メッツ"
"73575135","ok","1984年8月21日","","レスブリッジコミュニティー大 - 米マイナー"
"73575136","ok","1986年4月28日","","テキサス大アーリントン校 - メッツ - ロイヤルズ - レンジャーズ - ツインズ"
"73575138","ok","1988年12月13日","","ロードアイランド大 - 米マイナー"
"73575139","ok","1986年6月3日","","アルバニア大 - メッツ"
"73575150","ok","1997年5月3日","","グレインジャー高 - エンゼルス - アストロズ"
"73575151","ok","1985年8月1日","","サミュエルモールス高 - マリナーズ - オリオールズ - ダイヤモンドバックス"
"73575152","ok","1993年5月11日","","ラパロマ高 - ツインズ - エンゼルス"
"73575153","ok","1998年12月26日","2020年ドラフト1位","日本ウェルネス高 - 桐蔭横浜大"
"73575159","ok","1995年9月26日","","ルイスホセアントワーヌ高 - ヤンキース - レンジャーズ - ロイヤルズ - ヤンキース"
"73775130","ok","1985年9月7日","","カリフォルニア州大サクラメント校 - 米マイナー"
"73775132","ok","1985年8月20日","","オクラホマ州大 - パイレーツ - ブルージェイズ"
"73775133","ok","1978年11月5日","","プリパラトリアボケーショナル高 - 米マイナー"
"73775134","ok","1989年2月6日","","テネシー大 - アストロズ"
"73775136","ok","1987年7月21日","","イゲローテ高 - ヤンキース - レイズ"
"73775138","ok","1988年8月10日","","サンディエゴ大 - ナショナルズ"
"73775151","ok","1991年9月5日","","ウエスタンオクラホマ州大 - 米マイナー"
"73775152","ok","1998年5月22日","","オクラホマ州大 - ツインズ"
"73775155","ok","1989年8月28日","","カリフォルニア大リバーサイド校 - レイズ - ダイヤモンドバックス - エンゼルス - レッドソックス - マリナーズ"
"73775157","ok","1995年3月10日","","リセオパドレファンティノ高 - タイガース"
"73775159","ok","1991年10月19日","","ポリテクニコアナリリアムスミランダ高 - ナショナルズ - ブルージェイズ - ホワイトソックス - ヤンキース"
"73873868","ok","1969年4月2日","1987年ドラフト3位","長崎・海星高"
"73975132","ok","1985年9月30日","","ABルーカス高 - ドジャース - ダイヤモンドバックス"
"73975134","ok","1988年10月17日","","オレゴン州大 - マリナーズ"
"73975136","ok","1996年5月28日","","コマンダンテマヌエルピティファハルド体育大 - キューバ・マタンサス"
"73975150","ok","1994年7月15日","","セナペック高 - マーリンズ"
"73975152","ok","1996年9月23日","","ペパーダイン大 - アスレチックス - タイガース - ブルージェイズ"
"73975153","ok","1994年5月18日","","グレガリオルペロン高 - ツインズ - カブス - ロイヤルズ"
"73975155","ok","1993年4月28日","","サウスイースタンルイジアナ大 - マーリンズ - エンゼルス - パイレーツ"
"73975157","ok","1994年12月10日","","オクラホマ大 - アスレチックス - ドジャース - アスレチックス"
"73975159","ok","1994年8月30日","","オクラホマバプティスト大 - レンジャーズ - ブレーブス - ロイヤルズ"
"77575159","ok","2000年3月22日","2024年育成選手ドラフト3位","湘南工大付高 - 神奈川工科大"
"81083880","ok","1976年5月2日","1994年ドラフト1位","甲府工"
"81083882","ok","1977年4月25日","1995年ドラフト1位","上宮高"
"81083888","ok","1980年5月1日","1998年ドラフト2位","旭川実"
"81085110","ok","1983年5月31日","2004年ドラフト自由枠","関西創価高 - 創価大中退 - シダックス"
"81085111","ok","1977年10月4日","1999年ドラフト3位","PL学園高 - 東洋大"
"81085112","ok","1983年11月29日","2005年大学生・社会人ドラフト3巡目","横浜商工 - 八戸大"
"81085114","ok","1984年12月18日","2006年大学生・社会人ドラフト希望枠","如水館高 - 東洋大"
"81085115","ok","1983年8月15日","2001年ドラフト2巡目","大阪桐蔭高"
"81085116","ok","1990年2月22日","2007年高校生ドラフト6巡目","鳴門工"
"81085117","ok","1981年3月17日","2002年ドラフト3巡目","日大藤沢高 - 日本大"
"81085118","ok","1987年1月22日","2008年ドラフト6位","東海大甲府高 - 国際武道大"
"81085119","ok","1981年6月5日","2003年ドラフト6巡目","玉川高 - 立命館大"
"81085130","ok","1992年4月2日","2014年ドラフト2位","白陵高 - 京都大"
"81085131","ok","1982年12月7日","2009年ドラフト2位","コザ高 - 国際武道大 - 日立製作所"
"81085132","ok","1993年12月1日","2015年ドラフト5位","佐賀商 - 日本文理大"
"81085133","ok","1987年7月7日","2010年ドラフト8位","春日部共栄高 - 日本体育大 - 四国・愛媛"
"81085136","ok","1993年8月18日","2017年ドラフト5位","東海大相模高 - 東海大 - 日立製作所"
"81085137","ok","1990年12月4日","2012年ドラフト3位","福岡大大濠高 - 龍谷大"
"81085138","ok","1996年11月17日","2018年ドラフト2位","岡山理大付高 - 亜細亜大"
"81085139","ok","1993年2月27日","2013年ドラフト3位","日高高中津分校 - ホンダ鈴鹿"
"81085150","ok","2006年4月18日","2024年ドラフト1位","福岡大大濠高"
"81085152","ok","2004年3月19日","2025年ドラフト7位","栄徳高 - 中京大"
"81085153","ok","1998年4月11日","2020年ドラフト3位","飛龍高 - 上武大"
"81085155","ok","1999年6月29日","2021年ドラフト1位","西脇工 - 関西国際大"
"81085157","ok","2004年8月29日","2022年育成選手ドラフト3位","二松学舎大付高"
"81183882","ok","1974年6月18日","1995年ドラフト2位","日立工 - 東京ガス"
"81183884","ok","1972年8月13日","1996年ドラフト1位","PL学園高 - 亜細亜大 - 本田技研"
"81183888","ok","1974年11月10日","1998年ドラフト2位","西尾東高 - 愛知大 - NTT東海"
"81183889","ok","1976年3月18日","1993年ドラフト3位","京都成章高"
"81185110","ok","1983年3月3日","2004年ドラフト6巡目","上山明新館高 - 国学院大"
"81185111","ok","1981年6月15日","1999年ドラフト3位","埼玉栄高"
"81185112","ok","1983年11月23日","2005年大学生・社会人ドラフト7巡目","前橋工 - 東北福祉大"
"81185113","ok","1978年8月1日","2000年ドラフト5位","PL学園高 - 青山学院大"
"81185114","ok","1984年12月28日","2006年大学生・社会人ドラフト5巡目","横浜商大高 - 新日本石油ENEOS"
"81185116","ok","1989年4月23日","2007年高校生ドラフト3巡目","明徳義塾高"
"81185117","ok","1980年10月21日","2002年ドラフト8巡目","沖縄水産高 - 東京農業大生産学部"
"81185118","ok","1990年12月23日","2008年育成選手ドラフト4位","熊本・鎮西高"
"81185119","ok","1982年4月29日","2003年ドラフト自由枠","敦賀気比高 - 東京ガス"
"81185130","ok","1990年9月9日","2014年ドラフト2位","三和高 - 新日鉄住金鹿島"
"81185131","ok","1985年5月9日","2009年ドラフト4位","東海大相模高 - 東海大 - 鷺宮製作所"
"81185133","ok","1992年11月1日","2010年ドラフト5位","中京大中京高"
"81185134","ok","1992年11月11日","2016年ドラフト5位","開星高 - 明治大 - JX-ENEOS"
"81185135","ok","1989年5月8日","2011年ドラフト1位","中京大中京高 - 慶応大"
"81185136","ok","2000年2月3日","2017年ドラフト5位","中京大中京高"
"81185137","ok","1988年8月21日","2012年ドラフト6位","育英高 - 岐阜聖徳学園大 - シティライト岡山"
"81185138","ok","1996年10月24日","2018年ドラフト2位","仙台育英高 - 東洋大"
"81185139","ok","1995年7月20日","2013年ドラフト8位","帝京高"
"81185150","ok","2006年6月10日","2024年ドラフト5位","愛工大名電高"
"81185157","ok","2004年6月8日","2022年ドラフト4位","帝京長岡高"
"81185159","ok","2002年9月11日","2023年ドラフト5位","東京農大二高 - BC・新潟"
"81283883","ok","1968年5月16日","1990年ドラフト4位","瓊浦高 - 八幡大中退 - 新日鉄君津"
"81283885","ok","1973年6月1日","1991年ドラフト7位","箕島高"
"81285110","ok","1986年11月10日","2004年ドラフト5巡目","前橋工"
"81285111","ok","1981年8月6日","1999年ドラフト3位","比叡山高"
"81285112","ok","1984年3月8日","2005年大学生・社会人ドラフト希望枠","鳥羽高 - 京都産業大"
"81285114","ok","1982年2月2日","2006年育成選手ドラフト2巡目","智弁学園高 - 近畿大 - シダックス"
"81285116","ok","1983年6月28日","2007年大学生・社会人ドラフト1巡目","浦和実 - 平成国際大 - JR東日本東北"
"81285117","ok","1984年8月8日","2002年ドラフト5巡目","水戸商"
"81285118","ok","1987年6月15日","2008年ドラフト2位","神村学園高 - 日産自動車"
"81285119","ok","1981年7月20日","2003年ドラフト8巡目","桐蔭学園高 - 早稲田大"
"81285130","ok","1991年4月1日","2014年ドラフト3位","東海大相模高 - 国際武道大 - 日本通運"
"81285131","ok","1984年6月26日","2009年ドラフト5位","静岡高 - 駒沢大 - 東芝"
"81285132","ok","1994年2月24日","2015年ドラフト7位","広島・山陽高 - 東海大"
"81285134","ok","1998年7月30日","2016年ドラフト1位","履正社高"
"81285135","ok","1989年9月17日","2011年ドラフト2位","近大新宮高 - 近畿大"
"81285136","ok","1999年6月6日","2017年ドラフト1位","広陵高"
"81285137","ok","1994年5月17日","2012年ドラフト5位","九州学院高"
"81285138","ok","2000年4月19日","2018年ドラフト1位","大阪桐蔭高"
"81285139","ok","1995年10月30日","2013年ドラフト1位","桐光学園高"
"81285151","ok","1998年1月21日","2019年ドラフト3位","和歌山東高 - 東北福祉大"
"81285155","ok","1999年6月6日","2021年ドラフト2位","大阪桐蔭高 - 早稲田大"
"81383880","ok","1972年5月27日","1994年ドラフト2位","大宮東高 - 日本大"
"81383885","ok","1967年10月21日","1991年ドラフト2位","田布施工 - 新日鉄光"
"81383886","ok","1973年12月19日","1997年ドラフト2位","東山高 - 東洋大 - 日本通運"
"81383888","ok","1976年9月16日","1998年ドラフト3位","大阪桐蔭高 - 城西大"
"81385110","ok","1982年7月28日","2004年ドラフト4巡目","上宮太子高 - 中央大"
"81385111","ok","1977年10月5日","1999年ドラフト2位","帝京三高 - 日本通運"
"81385112","ok","1983年6月30日","2005年大学生・社会人ドラフト4巡目","新田高 - 早稲田大"
"81385113","ok","1979年1月4日","2000年ドラフト7位","九州産大九州高 - 東海大"
"81385115","ok","1980年3月8日","2001年ドラフト6巡目","前橋工 - 東北福祉大"
"81385116","ok","1983年4月19日","2007年大学生・社会人ドラフト4巡目","鳴門一高 - 川崎製鉄水島 - JFE西日本"
"81385117","ok","1984年4月16日","2002年ドラフト5巡目","福知山成美高"
"81385118","ok","1984年7月6日","2008年育成選手ドラフト6位","作新学院高 - 全足利クラブ"
"81385119","ok","1979年9月12日","2003年ドラフト7巡目","桐蔭学園高 - 駒沢大 - トヨタ自動車"
"81385130","ok","1997年1月19日","2014年ドラフト8位","川越工"
"81385131","ok","1991年9月17日","2009年ドラフト3位","八重山商工"
"81385132","ok","1991年11月22日","2015年育成選手ドラフト1位","拓大紅陵高 - 四国・香川"
"81385133","ok","1988年10月10日","2010年ドラフト1位","福岡大大濠高 - 早稲田大"
"81385134","ok","1994年5月30日","2016年ドラフト2位","折尾愛真高 - 富士大"
"81385137","ok","1990年8月25日","2012年ドラフト6位","PL学園高 - 東洋大"
"81385138","ok","1996年8月3日","2018年ドラフト7位","関西高 - 立正大"
"81385139","ok","1988年10月6日","2013年ドラフト8位","別府青山高 - 亜細亜大 - セガサミー"
"81385150","ok","2002年8月30日","2024年ドラフト2位","長崎・海星高 - 九州産業大"
"81385151","ok","1997年7月15日","2019年ドラフト2位","関西高 - 東海大"
"81385152","ok","2007年4月23日","2025年ドラフト4位","学法石川高"
"81385153","ok","1998年6月16日","2020年育成選手ドラフト1位","九州産大九州高 - 九州産業大"
"81385155","ok","2000年1月19日","2021年ドラフト5位","龍谷大平安高 - 法政大"
"81385157","ok","1994年10月8日","2022年ドラフト3位","ランチョバーナード高 - ブルージェイズ"
"81385159","ok","2000年7月11日","2023年ドラフト2位","小松大谷高 - JFE東日本 - 伏木海陸運送 - 日本海・富山"
"81483886","ok","1979年4月3日","1997年ドラフト1位","上宮高"
"81485110","ok","1982年4月15日","2004年ドラフト3巡目","生駒高 - 関西外国語大"
"81485112","ok","1987年7月8日","2005年高校生ドラフト4巡目","智弁学園高"
"81485113","ok","1978年5月28日","2000年ドラフト1位","星稜高 - 慶応大"
"81485114","ok","1984年10月25日","2006年大学生・社会人ドラフト7巡目","中京大中京高 - 中京大"
"81485116","ok","1984年1月23日","2007年大学生・社会人ドラフト6巡目","下関中央工 - 山口産業 - 四国・香川"
"81485117","ok","1980年12月28日","2002年ドラフト自由枠","東福岡高 - 日本大"
"81485118","ok","1985年1月15日","2008年ドラフト1位","長崎南山高 - 福岡大 - NTT西日本"
"81485130","ok","1992年4月13日","2014年ドラフト4位","桐生第一高 - 白鴎大"
"81485131","ok","1987年7月14日","2009年育成選手ドラフト1位","桐光学園高 - 青山学院大"
"81485132","ok","1991年6月15日","2015年育成選手ドラフト8位","成立学園高 - 金沢学院大 - BC・石川"
"81485139","ok","1988年10月12日","2013年ドラフト5位","福井工大福井高 - 法政大 - 王子"
"81485151","ok","1994年7月4日","2019年育成選手ドラフト2位","横浜高 - 立正大 - BC・新潟"
"81485155","ok","1999年9月20日","2021年ドラフト2位","鳴門渦潮高 - 関西大"
"81485157","ok","2000年12月28日","2022年ドラフト2位","文徳高 - 慶応大"
"81485159","ok","2006年2月27日","2023年ドラフト4位","弘前工"
"81583864","ok","1968年5月10日","1986年ドラフト1位","横芝敬愛高"
"81583866","ok","1968年12月25日","1986年ドラフト3位","鳥栖高"
"81583880","ok","1969年9月19日","1994年ドラフト4位","柏井高 - 東京農業大 - NTT関東"
"81583884","ok","1978年6月13日","1996年ドラフト1位","明野高"
"81583888","ok","1981年3月4日","1998年ドラフト5位","矢上高"
"81585110","ok","1982年6月15日","2004年ドラフト8巡目","日大豊山高 - 日本大"
"81585111","ok","1981年6月8日","1999年ドラフト5位","阿南工"
"81585112","ok","1983年10月5日","2005年大学生・社会人ドラフト3巡目","佐世保実 - 九州国際大"
"81585116","ok","1985年9月10日","2007年大学生・社会人ドラフト3巡目","桐生第一高 - 明治大"
"81585117","ok","1984年11月25日","2002年ドラフト3巡目","川之江高"
"81585118","ok","1984年1月27日","2008年ドラフト5位","小倉高 - 青山学院大 - パナソニック"
"81585119","ok","1982年8月21日","2003年ドラフト4巡目","大阪桐蔭高 - 新日鉄広畑"
"81585131","ok","1991年6月14日","2009年育成選手ドラフト2位","九州国際大付高"
"81585132","ok","1993年6月30日","2015年ドラフト2位","北海高 - 北海学園大"
"81585134","ok","1994年4月20日","2016年ドラフト2位","青森山田高 - 日本大"
"81585136","ok","1995年11月10日","2017年ドラフト3位","仙台育英高 - 立教大"
"81585137","ok","1992年3月4日","2012年ドラフト4位","高知高 - 大阪ガス"
"81585138","ok","1996年8月31日","2018年ドラフト1位","京都学園高 - 東洋大"
"81585139","ok","1991年3月24日","2013年ドラフト5位","高岡第一高 - 東海理化"
"81585150","ok","2006年12月25日","2024年ドラフト3位","佐伯鶴城高"
"81585151","ok","2002年2月22日","2019年ドラフト5位","菰野高"
"81585152","ok","2003年6月21日","2025年ドラフト3位","関大北陽高 - 近畿大"
"81585153","ok","1998年9月22日","2020年育成選手ドラフト5位","京都外大西高 - 駒沢大"
"81585157","ok","2000年9月29日","2022年ドラフト7位","石見智翠館高 - 大阪観光大"
"81685110","ok","1977年3月31日","","メリディアン短大 - レッドソックス"
"81685112","ok","1982年3月31日","2005年大学生・社会人ドラフト5巡目","福知山商 - デュプロ - NOMOベースボールクラブ"
"81685115","ok","1975年4月5日","","ミグア高サンクリストバル - パドレス - 台湾・和信"
"81685116","ok","1976年3月29日","","テキサスクリスチャン大 - マリナーズ - ジャイアンツ"
"81685117","ok","1979年1月22日","2002年ドラフト7巡目","柳川高 - 近畿大"
"81685118","ok","1986年12月13日","2008年ドラフト3位","埼玉栄高 - 横浜商科大"
"81685130","ok","1992年12月8日","2014年ドラフト6位","下関国際高 - 広島国際学院大"
"81685132","ok","1993年11月26日","2015年ドラフト4位","市立柏高 - 王子"
"81685133","ok","1988年8月11日","2010年ドラフト4位","愛知啓成高 - 名城大"
"81685134","ok","1999年2月19日","2016年ドラフト2位","江陵高"
"81685135","ok","1993年8月13日","2011年育成選手ドラフト4位","市立和歌山高"
"81685137","ok","1977年4月23日","","セントポールズ高 - ブレーブス - ドジャース - レンジャーズ - ホワイトソックス - ヤンキース"
"81685138","ok","1996年11月28日","2018年ドラフト1位","明石商 - 日本体育大"
"81685139","ok","1995年4月30日","2013年ドラフト1位","東海大甲府高"
"81685150","ok","2002年9月16日","2024年ドラフト5位","都城農 - 東海大九州キャンパス"
"81685152","ok","2003年11月20日","2025年ドラフト1位","水口高 - 花園大"
"81685153","ok","2002年5月17日","2020年育成選手ドラフト2位","敦賀気比高"
"81685155","ok","2003年4月25日","2021年育成選手ドラフト1位","八戸西高"
"81685157","ok","1996年9月16日","2022年ドラフト7位","天理高 - 専修大 - 日本新薬"
"81783884","ok","1978年8月26日","1996年ドラフト2位","天理高"
"81785110","ok","1982年6月21日","2004年ドラフト自由枠","奈良・郡山高 - 同志社大"
"81785112","ok","1987年6月20日","2005年高校生ドラフト3巡目","福井商"
"81785114","ok","1985年2月23日","2006年大学生・社会人ドラフト3巡目","土浦日大高 - 流通経済大"
"81785115","ok","1979年6月16日","2001年ドラフト8巡目","仙台育英高 - 青山学院大"
"81785116","ok","1989年12月5日","2007年高校生ドラフト1巡目","仙台育英高"
"81785117","ok","1980年11月1日","2002年ドラフト8巡目","狭山清陵高 - 法政大"
"81785118","ok","1991年2月4日","2008年ドラフト6位","帝京高"
"81785119","ok","1985年5月31日","2003年ドラフト3巡目","開星高"
"81785130","ok","1993年2月12日","2014年育成選手ドラフト4位","享栄高 - 名城大"
"81785131","ok","1991年6月21日","2009年ドラフト4位","常葉橘高"
"81785132","ok","1991年5月29日","2015年ドラフト2位","浪速高 - 大阪商業大 - パナソニック"
"81785133","ok","1993年3月5日","2010年ドラフト1位","前橋商"
"81785134","ok","1998年8月25日","2016年育成選手ドラフト2位","浦和学院高"
"81785136","ok","1999年8月15日","2017年ドラフト3位","北海高"
"81785137","ok","1994年8月18日","2012年ドラフト2位","二松学舎大付高"
"81785138","ok","1997年1月15日","2018年ドラフト7位","北海高 - 富士大"
"81785139","ok","1995年6月16日","2013年ドラフト1位","聖隷クリストファー高"
"81785150","ok","2001年11月19日","2024年育成選手ドラフト1位","明桜高 - 東京国際大 - 四国・徳島"
"81785151","ok","1998年5月30日","2019年ドラフト1位","鳴門高 - JFE西日本"
"81785153","ok","2002年5月21日","2020年ドラフト4位","青森山田高"
"81785155","ok","1999年9月10日","2021年ドラフト3位","福岡大大濠高 - 中央大"
"81785157","ok","2004年7月6日","2022年ドラフト4位","知内高"
"81885110","ok","1976年8月25日","","ホセアレグリア高 - メッツ"
"81885112","ok","1987年10月10日","2005年高校生ドラフト3巡目","育英高"
"81885114","ok","1980年10月15日","2006年大学生・社会人ドラフト5巡目","牛久高 - 城西大 - 三菱ふそう川崎"
"81885116","ok","1978年5月25日","","カウリーカウンティーコミュニティー大 - レンジャーズ - ナショナルズ"
"81885118","ok","1978年12月3日","","ウエストサイド高 - ブルワーズ - ブレーブス"
"81885130","ok","1993年1月31日","2014年ドラフト5位","関東第一高 - 国学院大"
"81885131","ok","1978年3月27日","","マルボロセントラル高 - ロイヤルズ - アスレチックス"
"81885132","ok","1997年8月2日","2015年ドラフト4位","横浜創学館高"
"81885133","ok","1987年2月14日","","フランシスコグレゴリオビジニ高 - 米マイナー - ドミニカ・メトロ"
"81885134","ok","1994年6月1日","2016年ドラフト2位","札幌日大高 - 東海大北海道キャンパス"
"81885135","ok","1975年9月18日","","ラマー大 - マリナーズ - パドレス - ロッキーズ - ホワイトソックス - レッドソックス"
"81885136","ok","1999年4月15日","2017年ドラフト1位","履正社高"
"81885137","ok","1982年11月5日","","セントピーターズバーグ大 - マリナーズ - カブス"
"81885138","ok","2000年8月30日","2018年ドラフト4位","大阪桐蔭高"
"81885139","ok","1983年10月13日","","キャニオン高 - マーリンズ - マリナーズ - インディアンス - 韓国・SK"
"81885150","ok","2000年12月9日","2024年ドラフト2位","創志学園高 - 立命館大 - ヤマハ"
"81885151","ok","2001年10月26日","2019年育成選手ドラフト1位","旭川大高"
"81885155","ok","1999年11月5日","2021年ドラフト2位","慶応高 - 慶応大"
"81885159","ok","2005年7月16日","2023年ドラフト4位","報徳学園高"
"81983880","ok","1972年8月25日","1994年ドラフト3位","駒大岩見沢高 - 駒沢大"
"81983882","ok","1977年8月15日","1995年ドラフト3位","九州国際大付高"
"81983883","ok","1968年5月16日","1990年ドラフト2位","帝京高 - 青山学院大"
"81983886","ok","1974年2月19日","1997年ドラフト4位","PL学園高 - 青山学院大 - 東芝"
"81983888","ok","1976年12月28日","1998年ドラフト3位","広陵高 - 東洋大"
"81983889","ok","1975年10月23日","1993年ドラフト3位","PL学園高"
"81985111","ok","1981年5月16日","1999年ドラフト1位","藤代高"
"81985112","ok","1983年8月23日","2005年大学生・社会人ドラフト6巡目","創価高 - 創価大"
"81985114","ok","1984年11月22日","2006年大学生・社会人ドラフト4巡目","宮崎日大高 - 九州国際大"
"81985116","ok","1980年4月25日","2007年大学生・社会人ドラフト1巡目","八千代松陰高 - 立教大 - インディアンス"
"81985118","ok","1990年5月18日","2008年ドラフト2位","熊本・鎮西高"
"81985130","ok","1997年2月5日","2014年ドラフト9位","雪谷高"
"81985131","ok","1987年10月20日","2009年ドラフト1位","立教新座高 - 立教大"
"81985132","ok","1991年6月20日","2015年ドラフト7位","東海大菅生高 - 東海大 - 三菱重工名古屋"
"81985133","ok","1988年4月3日","2010年ドラフト1位","佐野日大高 - 中央大"
"81985134","ok","1994年4月5日","2016年ドラフト4位","福井工大福井高 - 大阪体育大"
"81985135","ok","1989年8月18日","2011年ドラフト3位","桐蔭学園高 - 東洋大"
"81985136","ok","1996年2月18日","2017年ドラフト6位","石巻西高 - 東北学院大"
"81985137","ok","1994年8月11日","2012年ドラフト3位","菰野高"
"81985138","ok","1996年7月8日","2018年ドラフト6位","大垣日大高 - 大阪商業大"
"81985151","ok","2001年12月1日","2019年育成選手ドラフト2位","鹿児島城西高"
"81985152","ok","2005年6月12日","2025年ドラフト3位","修徳高 - 四国・徳島"
"81985155","ok","1997年11月7日","2021年ドラフト3位","日体荏原高 - 日本体育大 - 日本通運"
"81985157","ok","2000年11月30日","2022年ドラフト1位","明桜高 - 白鴎大"
"81985159","ok","2001年5月31日","2023年育成選手ドラフト4位","聖和学園高 - 青森大"
"83085132","ok","1987年2月22日","","ロサリオデファティマ高 - マリナーズ - ロイヤルズ - レンジャーズ - レッドソックス"
"83085155","ok","1994年4月25日","","カリフォルニア州工大ポモナ校 - パイレーツ"
"83085157","ok","1989年3月14日","","ラセイヨ高 - アストロズ - ツインズ - レッドソックス - アストロズ - ヤンキース"
"83185110","ok","1977年10月12日","","ミッチェル高 - ツインズ"
"83185112","ok","1974年8月17日","","カリフォルニア州大ロングビーチ校 - ホワイトソックス - エクスポズ - デビルレイズ - ブルワーズ - インディアンス"
"83185116","ok","1977年1月28日","","エスクエラパドレガルシア高 - エクスポズ - ジャイアンツ"
"83185118","ok","1981年1月13日","","ネバダ大 - ナショナルズ - ヤンキース"
"83185130","ok","1984年6月14日","","ベルトランサナブリア大 - ジャイアンツ - パドレス - アストロズ"
"83185131","ok","1979年12月9日","","ベセル大 - ドジャース"
"83185132","ok","1994年2月16日","2015年ドラフト7位","東海大仰星高 - 東海大"
"83185133","ok","1980年9月30日","","ボール州大 - パイレーツ - インディアンス - ブルージェイズ - ロイヤルズ"
"83185134","ok","1995年9月22日","2016年ドラフト1位","瀬戸内高 - 東京ガス"
"83185135","ok","1984年5月10日","","ユタバレー州大 - オリオールズ - ダイヤモンドバックス"
"83185137","ok","1981年7月11日","","ウォルトン高 - ブレーブス - カージナルス - ダイヤモンドバックス - メッツ"
"83185138","ok","1989年10月8日","","ヘススデナザレ高 - ジャイアンツ"
"83185139","ok","1979年3月15日","","シンシナティ大 - レッドソックス - ホワイトソックス - ヤンキース"
"83185150","ok","2006年5月14日","2024年ドラフト3位","仙台育英高"
"83185151","ok","1993年5月26日","","リセオドンペペアルバレズ高 - メッツ - オリオールズ"
"83185152","ok","2007年10月24日","2025年ドラフト5位","山村学園高"
"83185153","ok","1997年9月28日","2020年ドラフト6位","三本松高 - JFE西日本"
"83185155","ok","2003年6月14日","2021年ドラフト4位","花咲徳栄高"
"83185159","ok","2001年8月30日","2023年ドラフト3位","山梨学院高 - 山梨学院大"
"83285157","ok","1993年6月28日","","カチケエンリキージョ校 - アストロズ - パイレーツ - レッズ - レッドソックス - アスレチックス - レッドソックス"
"83385112","ok","1980年11月8日","","リセオホセデュオ高"
"83385113","ok","1974年7月27日","","ウエスタンミシガン大 - レンジャーズ"
"83385114","ok","1979年8月20日","","ジョージワシントン高 - マーリンズ"
"83385116","ok","1982年11月4日","","バロンコリアー高 - マーリンズ - エンゼルス - ブレーブス"
"83385118","ok","1976年1月28日","","ESPAマノエルパームイ高 - 米マイナー"
"83385130","ok","1977年11月27日","","マルコアントニアラフェ高 - メッツ - カージナルス - ヤンキース - フィリーズ - アストロズ"
"83385132","ok","1986年10月21日","","屏東高 - 台北市立体育学院 - インディアンス"
"83385133","ok","1982年11月4日","","フェザーリバー大 - カージナルス"
"83385134","ok","1982年8月8日","","プリンストン大 - ヤンキース - パイレーツ - パドレス - ナショナルズ - レンジャーズ - レッズ"
"83385135","ok","1985年11月2日","","ボストンカレッジ - 米マイナー"
"83385136","ok","1989年2月19日","","エクスエラベイシカメルセデスラウラアギアール高 - ドジャース"
"83385138","ok","1992年5月6日","","ベローナ高 - 米マイナー"
"83385139","ok","1985年12月2日","","サグラドコラソンデヘスス高 - 米マイナー"
"83385150","ok","2002年8月31日","2024年ドラフト2位","広陵高 - 大阪商業大"
"83385151","ok","1989年11月28日","","サントドミンゴ自治大 - パイレーツ - 韓国・SK"
"83385152","ok","1997年3月28日","","マーサー大 - ロイヤルズ - ブレーブス"
"83385153","ok","2002年9月28日","2020年ドラフト3位","東海大相模高"
"83385157","ok","2005年3月14日","2022年育成選手ドラフト1位","浦和麗明高"
"83385159","ok","2005年10月28日","2023年ドラフト1位","上田西高"
"83585114","ok","1978年11月9日","","ヒューイットトラスビル高 - デビルレイズ - レンジャーズ - レッズ - ロイヤルズ"
"83585130","ok","1984年12月16日","","バトンルージュコミュニティー大 - 米マイナー - 韓国・SK"
"83585132","ok","1979年7月31日","","ホランド高 - タイガース - 台湾・誠泰 - 韓国・ネクセン"
"83585133","ok","1984年4月28日","","JSA高 - パイレーツ - ヤンキース"
"83585134","ok","1988年5月20日","","セントメリーズカレッジ - ダイヤモンドバックス"
"83585136","ok","1984年8月22日","","カリフォルニア大ロサンゼルス校 - インディアンス - ヤンキース - ジャイアンツ - ヤンキース - ドジャース - エンゼルス - 韓国・LG"
"83585138","ok","1994年8月16日","","パドレボルボン中 - 米マイナー"
"83585152","ok","1997年4月13日","","イーロン大 - パイレーツ"
"83585153","ok","1993年2月17日","","テキサスクリスチャン大 - ダイヤモンドバックス"
"83585155","ok","1991年10月29日","","コレヒオプロフェソルペゲロ高 - カブス - アスレチックス - レッズ"
"83585157","ok","1994年10月24日","","セントピーターズバーグ大 - ヤンキース"
"83585159","ok","2000年9月5日","","セナペック高 - 米マイナー"
"83785130","ok","1986年8月4日","","ベルモントアビー大 - ドジャース"
"83785132","ok","1984年4月18日","","サンタアナ高 - カブス - パドレス"
"83785133","ok","1988年10月11日","","アルベルトスミス高 - 米マイナー - 関西・神戸"
"83785134","ok","1987年9月23日","","ヒカヤグア高 - メッツ - カブス - ロッキーズ"
"83785136","ok","1985年10月14日","","アントニオマセオ大 - キューバ・マタンサス - 米独立リーグ"
"83785150","ok","1993年9月6日","","ノースイースタン大 - ジャイアンツ - レッズ - マリナーズ"
"83785151","ok","1989年6月18日","","モリアーティ高 - レイズ - ジャイアンツ - レンジャーズ - タイガース"
"83785153","ok","1986年11月10日","","ペパーダイン大 - ブルージェイズ - マリナーズ - 韓国・NC - ブルワーズ - ナショナルズ"
"83785155","ok","1989年11月14日","","UEコレヒオサンフランシスコハビエル高 - フィリーズ - パドレス - ブルージェイズ - レッズ - オリオールズ - フィリーズ"
"83785157","ok","1992年6月29日","","セントジョーンズ大 - ロイヤルズ - アスレチックス - カブス"
"83785159","ok","2005年2月10日","","中国文化大"
"83985132","ok","1994年9月27日","","コバデナ高 - 米マイナー"
"83985134","ok","1998年9月17日","","エイデデサンティアゴデクーバ高 - キューバ・サンティアゴデクーバ"
"83985136","ok","1991年11月14日","","マテルナルリリ高 - フィリーズ"
"83985152","ok","1997年6月26日","","アリゾナ州大 - 米マイナー"
"83985155","ok","1990年4月12日","","オクラホマ大 - パドレス - ロイヤルズ - ブルワーズ - ジャイアンツ - アスレチックス"
"83985157","ok","1994年5月8日","","コーラルスプリングス高 - ブルワーズ - マーリンズ - ジャイアンツ"
"85583868","ok","1970年12月21日","1988年ドラフト1位","江の川高"
"91093881","ok","1971年9月17日","1989年ドラフト外","指宿商"
"91093888","ok","1980年5月21日","1998年ドラフト5位","宮崎第一高"
"91093889","ok","1969年5月29日","1993年ドラフト5位","学法石川高 - 法政大 - 日立製作所"
"91095110","ok","1982年4月2日","2004年ドラフト7巡目","東海大浦安高 - 国際武道大"
"91095111","ok","1977年5月12日","1999年ドラフト2位","今治西高 - 早稲田大"
"91095113","ok","1982年9月1日","2000年ドラフト7位","敦賀気比高"
"91095114","ok","1984年7月9日","2006年大学生・社会人ドラフト希望枠","帝京高 - 青山学院大"
"91095115","ok","1983年10月9日","2001年ドラフト1巡目","日南学園高"
"91095118","ok","1990年10月4日","2008年ドラフト4位","横浜高"
"91095119","ok","1981年4月19日","2003年ドラフト3巡目","沖縄尚学高 - 早稲田大"
"91095132","ok","1997年6月21日","2015年ドラフト3位","花巻東高"
"91095134","ok","1992年7月13日","2016年ドラフト9位","川越東高 - 早稲田大 - JX-ENEOS"
"91095135","ok","1994年1月18日","2011年ドラフト1位","東海大甲府高"
"91095136","ok","1995年11月7日","2017年ドラフト2位","常葉橘高 - 亜細亜大"
"91095138","ok","1999年2月16日","2018年ドラフト6位","第一学院高 - BC・新潟"
"91095139","ok","1991年4月11日","2013年ドラフト2位","天理高 - 法政大"
"91095150","ok","2002年2月14日","2024年ドラフト5位","常葉橘高 - 中部大 - 日本海・富山"
"91095151","ok","1998年9月3日","2019年ドラフト1位","報徳学園高 - JR西日本"
"91095152","ok","2003年11月29日","2025年ドラフト5位","瀬戸内高 - 東北福祉大"
"91095153","ok","2002年5月31日","2020年ドラフト2位","横浜商"
"91095157","ok","2000年9月21日","2022年ドラフト3位","浪速高 - 国学院大"
"91095159","ok","2005年9月23日","2023年ドラフト3位","横浜高"
"91193880","ok","1972年8月3日","1994年ドラフト3位","中京高 - 法政大"
"91193884","ok","1978年7月12日","1996年ドラフト4位","浦和学院高"
"91193886","ok","1979年5月28日","1997年ドラフト2位","敬愛学園高"
"91195110","ok","1986年7月10日","2004年ドラフト6巡目","横浜高"
"91195112","ok","1983年8月12日","2005年大学生・社会人ドラフト3巡目","函館工 - 八戸大"
"91195113","ok","1976年4月10日","2000年ドラフト4位","大府高 - 亜細亜大 - JR東日本"
"91195115","ok","1979年4月12日","2001年ドラフト10巡目","高松東高 - 四国学院大"
"91195116","ok","1989年6月24日","2007年高校生ドラフト1巡目","福岡工大城東高"
"91195117","ok","1980年5月9日","2002年ドラフト自由枠","沖縄水産高 - 九州共立大"
"91195119","ok","1981年7月31日","2003年ドラフト自由枠","宮津高 - 近畿大"
"91195130","ok","1991年3月28日","2014年ドラフト6位","藤沢翔陵高 - 亜細亜大 - JR東日本"
"91195131","ok","1984年7月28日","2009年ドラフト5位","大阪・柏原高 - 城西大 - 日本通運"
"91195132","ok","1994年11月28日","2015年ドラフト4位","智弁学園高 - トヨタ自動車"
"91195133","ok","1988年4月25日","2010年ドラフト5位","日大三高 - 明治大"
"91195134","ok","1992年11月29日","2016年ドラフト4位","新潟明訓高 - 専修大 - ヤマハ"
"91195137","ok","1985年10月21日","2012年ドラフト5位","国士舘高 - 横浜商科大 - 東芝"
"91195138","ok","2000年12月7日","2018年ドラフト4位","関東第一高"
"91195139","ok","1989年3月21日","2013年ドラフト3位","足立新田高 - 中央学院大 - パナソニック"
"91195150","ok","2006年9月20日","2024年ドラフト6位","聖カタリナ学園高"
"91195151","ok","2001年6月22日","2019年ドラフト1位","東邦高"
"91195157","ok","2004年11月24日","2022年ドラフト1位","高松商"
"91195159","ok","2001年5月18日","2023年ドラフト4位","徳島商 - 東洋大"
"91293881","ok","1971年6月24日","1989年ドラフト外","習志野高"
"91293882","ok","1977年6月1日","1995年ドラフト3位","横浜高"
"91293883","ok","1973年2月4日","1990年ドラフト2位","別府大付高"
"91293884","ok","1974年9月12日","1996年ドラフト2位","岩国工 - 新日鉄光 - 新日鉄君津"
"91293887","ok","1971年1月6日","1992年ドラフト3位","宇都宮学園高 - 日本大"
"91293888","ok","1973年7月11日","1998年ドラフト5位","清教学園高 - 立命館大 - 大和銀行"
"91293889","ok","1972年1月26日","1993年ドラフト3位","八千代松陰高 - 中央学院大"
"91295110","ok","1980年4月23日","2004年ドラフト7巡目","PL学園高 - 同志社大 - トヨタ自動車"
"91295112","ok","1980年1月9日","2005年育成選手ドラフト2巡目","松山商 - 城西大 - 昭和コンクリート - 四国・愛媛"
"91295114","ok","1988年4月21日","2006年高校生ドラフト4巡目","岡山県共生高"
"91295115","ok","1975年6月3日","2001年ドラフト5巡目","県立船橋高 - 立教大 - 本田技研"
"91295116","ok","1986年3月21日","2007年大学生・社会人ドラフト3巡目","帝京安積高 - 横浜商科大"
"91295117","ok","1981年1月11日","2002年ドラフト自由枠","高知高 - 法政大"
"91295118","ok","1982年6月17日","2008年ドラフト5位","岡山理大付高 - 大阪学院大 - 三菱重工神戸 - 四国・愛媛"
"91295130","ok","1987年4月2日","2014年ドラフト4位","作新学院高 - 作新学院大 - BC・新潟 - 四国・香川"
"91295131","ok","1987年6月3日","2009年ドラフト1位","高知高 - 法政大"
"91295133","ok","1989年3月22日","2010年ドラフト2位","立正大淞南高 - 富士大"
"91295134","ok","1992年6月16日","2016年ドラフト8位","旭川実 - 東京農業大北海道オホーツク - 新日鉄住金かずさマジック"
"91295135","ok","1987年11月7日","2011年ドラフト1位","愛工大名電高 - 日本大 - JR東日本"
"91295139","ok","1988年9月30日","2013年ドラフト6位","高砂南高 - 東海大海洋学部 - シティライト岡山"
"91295150","ok","2000年5月22日","2024年ドラフト3位","駿台甲府高 - 国士舘大 - セガサミー"
"91295151","ok","1998年4月3日","2019年ドラフト2位","中部大一高 - 東海理化"
"91295152","ok","2003年11月1日","2025年ドラフト1位","高川学園高 - 創価大"
"91295153","ok","1998年6月15日","2020年ドラフト6位","沖縄・石川高 - 東京農業大北海道オホーツク"
"91295155","ok","2003年11月2日","2021年ドラフト5位","享栄高"
"91295157","ok","2004年10月5日","2022年ドラフト2位","日本航空石川高"
"91295159","ok","2005年6月6日","2023年ドラフト3位","山形中央高"
"91393880","ok","1976年6月28日","1994年ドラフト4位","柳川高"
"91393882","ok","1973年7月23日","1995年ドラフト3位","堀越高 - 明治大"
"91393886","ok","1977年3月15日","1997年ドラフト4位","兵庫・市川高 - 三菱重工神戸"
"91393887","ok","1969年4月30日","1992年ドラフト2位","大分・高田高 - 日産自動車九州"
"91393888","ok","1976年7月27日","1998年ドラフト5位","土浦日大高 - 城西大"
"91395110","ok","1983年6月20日","2004年ドラフト自由枠","智弁学園高 - 松下電器"
"91395111","ok","1977年4月14日","1999年ドラフト5位","享栄高 - 王子製紙春日井"
"91395114","ok","1982年12月9日","2006年大学生・社会人ドラフト3巡目","帝京高 - 東洋大 - NTT東日本"
"91395115","ok","1983年10月10日","2001年ドラフト8巡目","日南学園高"
"91395116","ok","1989年6月28日","2007年高校生ドラフト5巡目","鯖江高"
"91395118","ok","1986年10月13日","2008年ドラフト3位","帝京高 - 東洋大"
"91395119","ok","1982年10月28日","2003年ドラフト4巡目","中央学院高 - 日産自動車"
"91395130","ok","1996年10月2日","2014年ドラフト3位","星稜高"
"91395131","ok","1992年3月27日","2009年ドラフト4位","浦添工"
"91395132","ok","1994年3月27日","2015年ドラフト6位","成立学園高 - 亜細亜大"
"91395134","ok","1991年12月21日","2016年育成選手ドラフト1位","東筑高 - 福岡教育大 - 九州三菱自動車 - BC・石川"
"91395135","ok","1990年2月14日","2011年ドラフト7位","新島学園高 - 早稲田大"
"91395138","ok","2001年2月14日","2018年ドラフト1位","天理高"
"91395139","ok","1995年8月1日","2013年ドラフト4位","仙台育英高"
"91395151","ok","1997年12月18日","2019年育成選手ドラフト2位","慶応高 - 慶応大"
"91395152","ok","2003年9月17日","2025年ドラフト2位","富山商 - 中央大"
"91395153","ok","1997年1月14日","2020年ドラフト4位","小山台高 - 中央大 - 三菱パワー"
"91395159","ok","2001年11月15日","2023年ドラフト2位","大商大高 - 大阪商業大"
"91493885","ok","1969年12月11日","1991年ドラフト1位","明徳義塾高 - 専修大"
"91493886","ok","1979年10月8日","1997年ドラフト3位","豊川高"
"91493888","ok","1980年5月8日","1998年ドラフト1位","九州学院高"
"91495111","ok","1978年10月4日","1999年ドラフト3位","東山高 - ミキハウス"
"91495112","ok","1981年7月14日","2005年大学生・社会人ドラフト5巡目","駒大岩見沢高 - 駒沢大 - 日本通運"
"91495115","ok","1983年6月19日","2001年ドラフト1巡目","中京大中京高"
"91495116","ok","1989年9月8日","2007年高校生ドラフト5巡目","横浜商大高"
"91495117","ok","1979年9月14日","2002年ドラフト4巡目","多度津工 - 駒沢大 - 神戸製鋼"
"91495130","ok","1990年8月2日","2014年ドラフト7位","東海大浦安高 - 国際武道大 - JR東日本"
"91495131","ok","1991年4月19日","2009年ドラフト4位","東海大望洋高"
"91495134","ok","1994年4月28日","2016年ドラフト7位","高崎健康福祉大高崎高 - 東北福祉大"
"91495135","ok","1993年4月26日","2011年ドラフト3位","大阪桐蔭高"
"91495136","ok","1993年5月6日","2017年ドラフト2位","和歌山商 - 帝京大 - NTT東日本"
"91495137","ok","1994年8月19日","2012年ドラフト1位","東福岡高"
"91495138","ok","2000年9月4日","2018年ドラフト4位","明豊高"
"91495139","ok","1995年8月8日","2013年ドラフト1位","大阪桐蔭高"
"91495150","ok","2007年3月6日","2024年ドラフト5位","おかやま山陽高"
"91495151","ok","2001年9月13日","2019年ドラフト1位","創志学園高"
"91495152","ok","2001年5月23日","2025年ドラフト5位","東海大菅生高 - 東海大 - NTT西日本"
"91495153","ok","2000年7月22日","2020年育成選手ドラフト7位","KTCおおぞら高 - 四国・徳島"
"91495155","ok","1999年7月25日","2021年育成選手ドラフト14位","福岡大大濠高 - 福岡大"
"91495157","ok","2004年7月1日","2022年ドラフト2位","京都外大西高"
"91593882","ok","1973年10月23日","1995年ドラフト3位","浦和学院高 - 東洋大"
"91593884","ok","1974年9月15日","1996年ドラフト4位","宇治山田高 - 青山学院大"
"91593886","ok","1979年11月8日","1997年ドラフト6位","東海大菅生高"
"91593887","ok","1970年11月30日","1992年ドラフト1位","崇徳高 - 広島経済大"
"91593888","ok","1976年7月27日","1998年ドラフト5位","近大付高 - 住友金属"
"91595110","ok","1982年10月18日","2004年ドラフト5巡目","平安高 - 近畿大"
"91595111","ok","1978年10月23日","1999年ドラフト5位","広陵高 - NKK"
"91595114","ok","1984年6月29日","2006年大学生・社会人ドラフト3巡目","浪速高 - 法政大"
"91595115","ok","1983年12月18日","2001年ドラフト2巡目","専大北上高"
"91595116","ok","1986年8月21日","2007年育成選手ドラフト1巡目","西脇高 - 四国・愛媛"
"91595119","ok","1981年4月8日","2003年ドラフト5巡目","松商学園高 - 明治大"
"91595130","ok","1993年2月26日","2014年ドラフト2位","伊保内高 - 東京農業大北海道オホーツク"
"91595131","ok","1987年4月5日","2009年ドラフト5位","大分商 - 日本文理大"
"91595132","ok","1993年10月18日","2015年ドラフト1位","大商大高 - 大阪商業大"
"91595133","ok","1992年11月5日","2010年育成選手ドラフト6位","楊志館高"
"91595135","ok","1989年11月23日","2011年ドラフト5位","八重山農林高 - ビッグ開発ベースボールクラブ - JX-ENEOS"
"91595136","ok","1996年10月10日","2017年ドラフト2位","報徳学園高 - 大阪ガス"
"91595137","ok","1991年3月28日","2012年ドラフト4位","春日部東高 - 上武大"
"91595139","ok","1995年5月26日","2013年ドラフト4位","日大山形高"
"91595150","ok","2002年6月12日","2024年ドラフト3位","徳島・城南高 - 甲南大"
"91595151","ok","1997年11月3日","2019年育成選手ドラフト6位","白鴎大足利高 - 白鴎大"
"91595152","ok","2003年6月23日","2025年ドラフト3位","岡山一宮高 - 筑波大"
"91595153","ok","2002年6月30日","2020年ドラフト3位","星稜高"
"91595157","ok","2000年6月13日","2022年ドラフト1位","札幌大谷高 - 専修大"
"91693882","ok","1968年8月21日","","ウエスタンヒルズ高 - アストロズ - カブス - レッドソックス"
"91695110","ok","1975年10月29日","","アビエルタ高 - ドジャース - ダイヤモンドバックス - タイガース - オリオールズ - インディアンス - ヤンキース - インディアンス - ヤンキース - メッツ - オリオールズ"
"91695114","ok","1980年12月23日","2006年大学生・社会人ドラフト8巡目","育英高 - デュプロ"
"91695119","ok","1972年11月10日","","マサチューセッツ大 - パドレス - インディアンス"
"91695131","ok","1978年6月14日","","サンディエゴ州大 - パドレス"
"91695132","ok","1997年12月24日","2015年ドラフト1位","仙台育英高"
"91695133","ok","1989年1月18日","2010年ドラフト2位","県立和歌山商 - 立正大"
"91695134","ok","1991年12月20日","2016年ドラフト5位","飛龍高 - 愛知産業大 - ホンダ鈴鹿"
"91695135","ok","1991年3月17日","2011年ドラフト7位","江の川高 - 三菱重工広島"
"91695137","ok","1989年10月24日","","セントラルデエステ大 - 米マイナー"
"91695138","ok","2000年12月27日","2018年ドラフト5位","青藍泰斗高"
"91695139","ok","1991年7月21日","2013年ドラフト2位","日大三高 - 立正大"
"91695150","ok","2003年2月8日","2024年ドラフト1位","諫早農 - 愛知工業大"
"91695151","ok","2001年10月18日","2019年ドラフト5位","中京学院大中京高"
"91695153","ok","1999年3月23日","2020年ドラフト5位","市立川口高 - 独協大"
"91695157","ok","2000年8月24日","2022年ドラフト3位","東邦高 - 駒沢大"
"91695159","ok","2005年7月26日","2023年ドラフト4位","幕張総合高"
"91793864","ok","1969年3月27日","1986年ドラフト3位","鷹巣農林高"
"91793880","ok","1977年2月23日","1994年ドラフト3位","熊本工"
"91793882","ok","1971年2月25日","1995年ドラフト3位","カスペルリベロ高 - 三菱自動車川崎"
"91793884","ok","1974年5月23日","1996年ドラフト3位","北九州高 - 九州共立大"
"91793886","ok","1975年5月23日","1997年ドラフト4位","仙台育英高 - 東北福祉大"
"91795110","ok","1986年10月17日","2004年ドラフト7巡目","福岡工大城東高"
"91795111","ok","1973年8月10日","1999年ドラフト6位","浦和学院高 - 国士舘大 - 日産自動車"
"91795112","ok","1987年11月28日","2005年高校生ドラフト3巡目","東邦高"
"91795113","ok","1978年10月7日","2000年ドラフト2位","京都西高 - 龍谷大"
"91795114","ok","1984年12月4日","2006年大学生・社会人ドラフト希望枠","名取北高 - 東北学院大"
"91795115","ok","1983年7月8日","2001年ドラフト7巡目","日大三高"
"91795117","ok","1979年1月8日","2002年ドラフト6巡目","大阪桐蔭高 - 法政大 - 川崎製鉄水島"
"91795118","ok","1985年8月4日","2008年ドラフト2位","岐阜・中京高 - 三菱自動車岡崎 - 関西国際大"
"91795130","ok","1991年1月7日","2014年ドラフト3位","横浜高 - 創価大 - 日本新薬"
"91795131","ok","1986年2月11日","2009年ドラフト4位","市立柏高 - 東洋大 - NTT東日本"
"91795132","ok","1993年12月5日","2015年ドラフト8位","具志川高 - 第一工業大"
"91795134","ok","1998年4月25日","2016年ドラフト7位","帝京高"
"91795135","ok","1987年6月5日","2011年ドラフト7位","桐生第一高 - 東洋大 - 住友金属鹿島"
"91795137","ok","1988年4月23日","2012年ドラフト4位","横浜高 - 青山学院大 - ホンダ"
"91795139","ok","1989年6月7日","2013年ドラフト1位","広陵高 - 同志社大 - 日本生命"
"91795150","ok","2007年1月21日","2024年ドラフト5位","千葉学芸高"
"91795151","ok","2001年4月18日","2019年ドラフト3位","横浜高"
"91795152","ok","2003年9月29日","2025年ドラフト4位","北海高 - 北海学園大"
"91795155","ok","2004年2月6日","2021年育成選手ドラフト7位","明豊高"
"91795159","ok","2001年11月21日","2023年ドラフト1位","創志学園高 - 亜細亜大"
"91893883","ok","1972年10月21日","1990年ドラフト4位","関東第一高"
"91895110","ok","1972年3月3日","","テュレーン大 - ブルージェイズ"
"91895112","ok","1976年10月11日","2005年大学生・社会人ドラフト9巡目","静岡商 - NTT西日本"
"91895115","ok","1975年1月19日","","アルミランテデボカスデルトロ高 - エクスポズ"
"91895116","ok","1980年8月16日","","サンタフェコミュニティー大 - レンジャーズ"
"91895117","ok","1977年6月13日","","コレヒオカポティヨ高 - アスレチックス - ロッキーズ"
"91895118","ok","1979年2月23日","","マックイーン高 - マーリンズ - メッツ"
"91895130","ok","1992年8月7日","2014年ドラフト2位","岡山理大付高 - 亜細亜大"
"91895131","ok","1980年2月8日","","アリロパウリノ高 - 米マイナー"
"91895132","ok","1990年11月14日","2015年ドラフト10位","東海大翔洋高 - 環太平洋大 - 養和会 - 四国・香川"
"91895133","ok","1992年7月16日","2010年ドラフト1位","履正社高"
"91895136","ok","1996年7月24日","2017年ドラフト7位","秀岳館高 - パナソニック"
"91895137","ok","1985年9月25日","","フットヒル高 - オリオールズ - ダイヤモンドバックス"
"91895138","ok","2000年8月18日","2018年ドラフト4位","明桜高"
"91895139","ok","1979年11月21日","","マヌエルペルムイ高 - ブレーブス"
"91895150","ok","2006年8月26日","2024年育成選手ドラフト1位","大宮東高"
"91895151","ok","1997年12月2日","2019年育成選手ドラフト1位","出水中央高 - 福岡大"
"91895153","ok","2002年10月21日","2020年育成選手ドラフト1位","磐田東高"
"91895155","ok","2002年6月15日","2021年育成選手ドラフト1位","高松南高 - 四国・徳島"
"91895157","ok","1998年10月6日","2022年ドラフト3位","嘉穂高 - 北九州市立大 - 東京ガス"
"91895159","ok","2005年6月3日","2023年ドラフト7位","福岡大大濠高"
"91993880","ok","1976年5月1日","1994年ドラフト3位","宇和島東高"
"91993884","ok","1973年2月9日","1996年ドラフト2位","尽誠学園高 - 大阪商業大 - 三菱自動車岡崎"
"91993885","ok","1969年9月2日","1991年ドラフト1位","宇都宮南高 - 法政大"
"91993886","ok","1979年9月6日","1997年ドラフト4位","西京商"
"91993888","ok","1976年9月20日","1998年ドラフト5位","沖縄水産高 - 東京農業大生産学部"
"91993889","ok","1975年12月31日","1993年ドラフト2位","大宮東高"
"91995110","ok","1982年10月23日","2004年ドラフト5巡目","創価高 - 法政大"
"91995111","ok","1974年7月15日","1999年ドラフト3位","樹徳高 - 日本大 - 東芝府中 - 東芝"
"91995112","ok","1987年7月19日","2005年高校生ドラフト1巡目","平安高"
"91995113","ok","1975年8月23日","2000年ドラフト2位","法政二高 - 法政大 - プリンスホテル"
"91995114","ok","1988年8月26日","2006年高校生ドラフト2巡目","横浜高"
"91995117","ok","1980年8月12日","2002年ドラフト6巡目","高岡商 - 国士舘大"
"91995118","ok","1982年6月1日","2008年ドラフト5位","秋田経法大付高 - JR東日本東北"
"91995119","ok","1981年10月5日","2003年ドラフト自由枠","松山北高 - 愛知学院大"
"91995130","ok","1996年9月2日","2014年ドラフト3位","大分高"
"91995131","ok","1984年12月6日","2009年ドラフト1位","筑陽学園高 - 日本大 - ホンダ"
"91995133","ok","1988年1月6日","2010年ドラフト6位","修徳高 - セガサミー"
"91995134","ok","1994年11月28日","2016年ドラフト9位","広陵高 - 明治大"
"91995135","ok","1987年1月22日","2011年ドラフト2位","東福岡高 - 日本大 - JR東日本"
"91995136","ok","1996年2月6日","2017年ドラフト4位","九州学院高 - 上武大"
"91995137","ok","1994年4月18日","2012年ドラフト4位","自由ケ丘高"
"91995138","ok","1997年12月7日","2018年ドラフト2位","駿河総合高 - 三菱重工広島"
"91995139","ok","1987年8月11日","2013年ドラフト5位","愛知高 - 愛知大 - トヨタ自動車"
"91995151","ok","2002年2月7日","2019年ドラフト2位","駿河総合高"
"91995152","ok","2003年9月24日","2025年ドラフト4位","豊田大谷高 - 岐阜協立大"
"91995153","ok","1996年7月9日","2020年ドラフト1位","愛知黎明高 - 名城大 - トヨタ自動車"
"91995157","ok","2004年7月6日","2022年ドラフト4位","高崎健康福祉大高崎高"
"91995159","ok","2000年3月8日","2023年ドラフト5位","明治学院東村山高 - 明治学院大 - ロキテクノ富山"
"93095132","ok","1985年7月7日","","ラモンマティアスメジャ高 - ホワイトソックス"
"93095134","ok","1990年4月12日","","アウレリオヤネット高 - 米マイナー"
"93095150","ok","1998年1月10日","","パドレボルボン高 - ガーディアンズ - パドレス"
"93095153","ok","1992年4月24日","","ハイアリア高 - カージナルス"
"93095155","ok","1991年10月22日","","ジャーマンタウンフレンズ高 - ブレーブス - マリナーズ - レンジャーズ - レッズ - ブレーブス"
"93095157","ok","1995年1月17日","","ビセンテエミリオソーホ校 - レンジャーズ"
"93095159","ok","1990年12月3日","","アーカンソー大 - メッツ - ナショナルズ - ロイヤルズ - メッツ - レッズ"
"93193883","ok","1972年4月10日","1990年ドラフト4位","横浜高"
"93193888","ok","1970年1月23日","","プリネルシクロデパナマ高 - オリオールズ - エクスポズ"
"93195112","ok","1976年5月24日","","コネチカット大 - アスレチックス - ドジャース"
"93195113","ok","1972年5月19日","","アタスカデロ高 - デビルレイズ"
"93195114","ok","1972年10月5日","","クワントレン大 - ロイヤルズ - ヤンキース"
"93195116","ok","1972年11月11日","","マイアミ大 - ヤンキース - ロイヤルズ - 韓国・起亜 - 韓国・斗山"
"93195118","ok","1981年3月9日","","サンディエゴ大 - 米マイナー"
"93195130","ok","1989年3月23日","","信一高 - 米マイナー"
"93195131","ok","1981年8月13日","","スパークス高 - マーリンズ - ジャイアンツ - マリナーズ"
"93195132","ok","1993年10月10日","2015年ドラフト5位","慶応高 - 慶応大"
"93195134","ok","1991年12月26日","2016年ドラフト5位","広島・山陽高 - 近畿大工学部 - 新日鉄住金広畑"
"93195135","ok","1982年1月23日","","ラグナサラダ高 - レッズ - レッドソックス - ナショナルズ - ダイヤモンドバックス - マリナーズ"
"93195136","ok","1995年11月10日","2017年ドラフト3位","北星学園大付高 - 三菱自動車岡崎"
"93195137","ok","1983年11月24日","","ヘススラファエルアルボルノス高 - マリナーズ - ロッキーズ - マーリンズ - インディアンス - ホワイトソックス"
"93195138","ok","2000年9月24日","2018年育成選手ドラフト1位","神村学園高"
"93195139","ok","1986年9月9日","","ワウボンシーバレー高 - レッドソックス - カブス"
"93195150","ok","2006年11月29日","2024年ドラフト2位","豊川高"
"93195152","ok","2007年8月1日","2025年ドラフト2位","大阪桐蔭高"
"93195153","ok","2002年7月31日","2020年ドラフト3位","横浜高"
"93195155","ok","1999年7月18日","2021年ドラフト2位","前橋育英高 - 明治大"
"93295155","ok","1986年9月27日","","イースタンミシガン大 - エンゼルス - ブルージェイズ - ツインズ"
"93295157","ok","1997年3月3日","","アンヘルルビオ高 - マーリンズ - ダイヤモンドバックス"
"93393868","ok","1969年7月2日","1987年ドラフト3位","東邦高"
"93395110","ok","1978年12月5日","","メンフィス大 - ホワイトソックス"
"93395114","ok","1974年6月12日","","バジェホ高 - ブレーブス - ドジャース - ブレーブス - デビルレイズ"
"93395116","ok","1977年1月5日","","バックネル大 - フィリーズ"
"93395117","ok","1973年11月27日","","ウエスタンカロライナ大 - インディアンス - タイガース"
"93395130","ok","1983年2月27日","","シートンホール大 - 米マイナー"
"93395131","ok","1981年7月31日","","スコッツデールコミュニティー大 - 米マイナー"
"93395134","ok","1993年8月30日","2016年ドラフト7位","岡山県共生高 - 米マイナー - 開南大"
"93395135","ok","1977年4月28日","","サンホセデメンドーサ高 - デビルレイズ - ブレーブス - カージナルス - メッツ - ナショナルズ - マーリンズ"
"93395136","ok","1991年9月19日","2017年育成選手ドラフト6位","中越高 - 青山学院大 - BC・新潟"
"93395137","ok","1984年1月18日","","ヤングスタウン州大 - マリナーズ - パイレーツ - レッドソックス - ヤンキース"
"93395138","ok","1991年6月19日","","ハリスコ州第25共学高 - パドレス"
"93395139","ok","1982年1月31日","","エディーエクトルルイスペレス高 - マリナーズ - ロイヤルズ - ブルワーズ - ロイヤルズ - ブルワーズ"
"93395150","ok","2002年5月23日","2024年ドラフト2位","伊万里農林高 - 西濃運輸"
"93395151","ok","1991年12月30日","","ウエストチェスター大 - 米マイナー"
"93395153","ok","1998年12月16日","2020年ドラフト6位","育英高 - 亜細亜大"
"93395155","ok","1998年1月1日","2021年ドラフト2位","鳥取商 - 関西大 - 三菱重工West"
"93395157","ok","2004年4月21日","2022年ドラフト4位","聖光学院高"
"93395159","ok","2001年8月4日","2023年ドラフト6位","相可高 - 皇学館大"
"93495155","ok","1993年7月18日","","ウエストチェスター高 - メッツ - カブス"
"93595114","ok","1977年5月19日","","ミラグロエルナンデス高 - 米マイナー"
"93595118","ok","1980年8月13日","","トリニティー大 - ロイヤルズ - パイレーツ"
"93595132","ok","1983年9月9日","","ストックブリッジ高 - ブレーブス - ロイヤルズ - ヤンキース"
"93595134","ok","1987年7月27日","","アリゾナ大 - インディアンス - オリオールズ - レイズ - ブルワーズ"
"93595135","ok","1983年6月7日","","ミズーリ大 - レンジャーズ - 韓国・三星"
"93595136","ok","1987年1月17日","","カリフォルニア州大フレズノ校 - レンジャーズ"
"93595138","ok","1987年10月28日","","オルブライト大 - ブルージェイズ - マリナーズ"
"93595139","ok","1994年3月5日","","フラディオアルバレスガラン高 - キューバ・イスラデラフベントゥ"
"93595150","ok","2000年6月12日","","平鎮高 - 台湾・統一"
"93595151","ok","1989年8月30日","","ウエスタンオレゴン大 - ロッキーズ"
"93595152","ok","1998年10月7日","","ウェイクフォレスト大 - レイズ"
"93595153","ok","1990年10月8日","","スコッツバレー高 - パドレス - パイレーツ - ブレーブス"
"93595155","ok","1999年8月6日","2021年育成選手ドラフト9位","国士舘高 - 明星大"
"93795130","ok","1987年11月16日","","ラモンマティアメヤ高 - 米マイナー - BC・石川"
"93795132","ok","1989年5月12日","","マーセド大 - ダイヤモンドバックス"
"93795134","ok","1984年5月30日","","ハーバード大 - インディアンス - フィリーズ"
"93795136","ok","1989年12月18日","","テキサス大 - ブルワーズ"
"93795138","ok","1989年3月4日","","エルボニートデサンイシドロ高 - ドジャース - レッドソックス - ダイヤモンドバックス"
"93795151","ok","1993年1月7日","","カントリーキッズ高 - マリナーズ - ホワイトソックス"
"93795153","ok","1989年4月7日","","マーシャル大 - レッズ"
"93795155","ok","1989年5月24日","","カンバーランド大 - ブルワーズ"
"93795157","ok","1992年2月3日","","エスクエラエチリアぺピン高 - ロイヤルズ - ジャイアンツ"
"93795159","ok","1996年12月21日","","ソンリサデエスペランサ高 - マーリンズ"
"93993868","ok","1969年10月28日","1987年ドラフト4位","明野高"
"93995132","ok","1981年8月18日","","ウエスタンミシガン大 - ジャイアンツ - メッツ - 台湾・ラミゴ"
"93995134","ok","1988年2月16日","","リセオアレハンドロウンボルト高 - カージナルス - ロッキーズ - オリオールズ - パイレーツ"
"93995136","ok","1986年5月14日","","ネバダ大ラスベガス校 - エンゼルス - タイガース - カブス"
"93995152","ok","1998年4月19日","","レドンドユニオン高 - パドレス"
"93995155","ok","1991年1月9日","","ドミンゴベンケスビオホ高 - パドレス - マーリンズ"
"93995157","ok","1991年3月13日","","CBTIS159高 - ブレーブス - ホワイトソックス - 台湾・富邦 - ヤンキース - パイレーツ"
"93995159","ok","1994年9月29日","","オクラホマ州大 - ブルージェイズ - パイレーツ"
