issue,player_id,name_ja,team,has_batting,has_pitching,in_roster_2026,category,row_count,years_sample
empty_player_id,,アコスタ,読売ジャイアンツ,False,True,,needs_player_id,2,2013
empty_player_id,,アダメス,読売ジャイアンツ,False,True,,needs_player_id,4,2018
empty_player_id,,アッチソン,阪神タイガース,False,True,,needs_player_id,4,2008
empty_player_id,,アドゥワ 誠,広島東洋カープ,False,True,,needs_player_id,8,2018
empty_player_id,,アビラ,東京ヤクルトスワローズ,True,False,,needs_player_id,1,2025
empty_player_id,,アブレイユ,千葉ロッテマリーンズ,False,True,,needs_player_id,2,2008
empty_player_id,,アブレイユ,埼玉西武ライオンズ,False,True,,needs_player_id,2,2024
empty_player_id,,アラウホ,中日ドラゴンズ,False,True,,needs_player_id,2,2017
empty_player_id,,アルカンタラ,阪神タイガース,False,True,,needs_player_id,4,2021
empty_player_id,,アルバラデホ,読売ジャイアンツ,False,True,,needs_player_id,2,2011
empty_player_id,,アルバース,オリックス・バファローズ,False,True,,needs_player_id,6,2018
empty_player_id,,アンソニー・カーター,北海道日本ハムファイターズ,False,True,,needs_player_id,2,2014
empty_player_id,,アンダーソン,広島東洋カープ,False,True,,needs_player_id,4,2022
empty_player_id,,アンドリース,読売ジャイアンツ,False,True,,needs_player_id,2,2022
empty_player_id,,アーリン,北海道日本ハムファイターズ,False,True,,needs_player_id,2,2021
empty_player_id,,イノーア,東京ヤクルトスワローズ,False,True,,needs_player_id,2,2020
empty_player_id,,インチェ,東北楽天ゴールデンイーグルス,False,True,,needs_player_id,6,2006
empty_player_id,,イ・デウン,千葉ロッテマリーンズ,False,True,,needs_player_id,4,2015
empty_player_id,,ウィック,横浜DeNAベイスターズ,False,True,,needs_player_id,2,2024
empty_player_id,,ウィリアムス,埼玉西武ライオンズ,False,True,,needs_player_id,6,2012
empty_player_id,,ウィリアムス,阪神タイガース,False,True,,needs_player_id,10,2005
empty_player_id,,ウィルカーソン,阪神タイガース,False,True,,needs_player_id,2,2022
empty_player_id,,ウィンゲンター,阪神タイガース,True,False,,needs_player_id,1,2025
empty_player_id,,ウィーランド,横浜DeNAベイスターズ,False,True,,needs_player_id,4,2017
empty_player_id,,ウェンデルケン,横浜DeNAベイスターズ,False,True,,needs_player_id,4,2023
empty_player_id,,ウォルターズ,中日ドラゴンズ,True,False,,needs_player_id,1,2025
empty_player_id,,ウルキデス,東京ヤクルトスワローズ,False,True,,needs_player_id,2,2018
empty_player_id,,ウルフ,北海道日本ハムファイターズ,False,True,,needs_player_id,8,2010
empty_player_id,,ウルフ,埼玉西武ライオンズ,False,True,,needs_player_id,6,2016
empty_player_id,,ウルフ,福岡ソフトバンクホークス,False,True,,needs_player_id,4,2014
empty_player_id,,ウーゴ,東京ヤクルトスワローズ,False,True,,needs_player_id,2,2012
empty_player_id,,エスコバー,北海道日本ハムファイターズ,False,True,,needs_player_id,2,2017
empty_player_id,,エスコバー,横浜DeNAベイスターズ,False,True,,needs_player_id,14,2017
empty_player_id,,エスパーダ,東京ヤクルトスワローズ,False,True,,needs_player_id,2,2024
empty_player_id,,エスピナル,東京ヤクルトスワローズ,False,True,,needs_player_id,2,2023
empty_player_id,,エスピノーザ,オリックス・バファローズ,False,True,,needs_player_id,2,2024
empty_player_id,,エップラー,オリックス・バファローズ,False,True,,needs_player_id,2,2019
empty_player_id,,エドワーズ,阪神タイガース,False,True,,needs_player_id,4,2020
empty_player_id,,エレラ,横浜DeNAベイスターズ,False,True,,needs_player_id,2,2015
empty_player_id,,エンス,埼玉西武ライオンズ,False,True,,needs_player_id,4,2022
empty_player_id,,オクスプリング,阪神タイガース,False,True,,needs_player_id,2,2006
empty_player_id,,オスカル,広島東洋カープ,False,True,,needs_player_id,4,2016
empty_player_id,,オスナ,千葉ロッテマリーンズ,False,True,,needs_player_id,2,2022
empty_player_id,,オスナ,東京ヤクルトスワローズ,True,False,,needs_player_id,1,2025
empty_player_id,,オスナ,福岡ソフトバンクホークス,False,True,,needs_player_id,4,2023
empty_player_id,,オセゲラ,福岡ソフトバンクホークス,False,True,,needs_player_id,4,2013
empty_player_id,,オビスポ,北海道日本ハムファイターズ,False,True,,needs_player_id,2,2011
empty_player_id,,オビスポ,読売ジャイアンツ,False,True,,needs_player_id,6,2007
empty_player_id,,オリバレス,オリックス・バファローズ,True,False,,needs_player_id,1,2025
empty_player_id,,オルモス,千葉ロッテマリーンズ,False,True,,needs_player_id,2,2018
empty_player_id,,オンドルセク,東京ヤクルトスワローズ,False,True,,needs_player_id,4,2015
empty_player_id,,オーレンドルフ,東京ヤクルトスワローズ,False,True,,needs_player_id,2,2017
empty_player_id,,カイケル,千葉ロッテマリーンズ,False,True,,needs_player_id,2,2024
empty_player_id,,カスティーヨ,オリックス・バファローズ,False,True,,needs_player_id,2,2024
empty_player_id,,カスティーヨ,千葉ロッテマリーンズ,False,True,,needs_player_id,2,2023
empty_player_id,,カスティーヨ,埼玉西武ライオンズ,False,True,,needs_player_id,2,2018
empty_player_id,,カストロ,福岡ソフトバンクホークス,False,True,,needs_player_id,2,2012
empty_player_id,,カブレラ,中日ドラゴンズ,False,True,,needs_player_id,4,2013
empty_player_id,,カミネロ,読売ジャイアンツ,False,True,,needs_player_id,4,2017
empty_player_id,,カラシティー,東京ヤクルトスワローズ,False,True,,needs_player_id,2,2018
empty_player_id,,カラスコ,福岡ソフトバンクホークス,False,True,,needs_player_id,2,2006
empty_player_id,,カリダ,広島東洋カープ,False,True,,needs_player_id,2,2007
empty_player_id,,カルロス・ロサ,千葉ロッテマリーンズ,False,True,,needs_player_id,10,2011
empty_player_id,,カンポス,広島東洋カープ,False,True,,needs_player_id,2,2018
empty_player_id,,カーペンター,東京ヤクルトスワローズ,False,True,,needs_player_id,2,2014
empty_player_id,,カーライル,北海道日本ハムファイターズ,False,True,,needs_player_id,2,2010
empty_player_id,,ガゼルマン,横浜DeNAベイスターズ,False,True,,needs_player_id,4,2022
empty_player_id,,ガトームソン,東京ヤクルトスワローズ,False,True,,needs_player_id,4,2005
empty_player_id,,ガトームソン,福岡ソフトバンクホークス,False,True,,needs_player_id,4,2007
empty_player_id,,ガラテ,北海道日本ハムファイターズ,False,True,,needs_player_id,2,2015
empty_player_id,,ガルシア,中日ドラゴンズ,False,True,,needs_player_id,2,2018
empty_player_id,,ガルシア,阪神タイガース,False,True,,needs_player_id,4,2019
empty_player_id,,ガルセス,埼玉西武ライオンズ,False,True,,needs_player_id,2,2017
empty_player_id,,ガルバ,中日ドラゴンズ,False,True,,needs_player_id,2,2006
empty_player_id,,ガンケル,福岡ソフトバンクホークス,False,True,,needs_player_id,2,2023
empty_player_id,,ガンケル,阪神タイガース,False,True,,needs_player_id,6,2020
empty_player_id,,キニー,埼玉西武ライオンズ,False,True,,needs_player_id,2,2008
empty_player_id,,キャベッジ,読売ジャイアンツ,True,False,,needs_player_id,2,2025
empty_player_id,,キャンデラリオ,埼玉西武ライオンズ,False,True,,needs_player_id,2,2017
empty_player_id,,ギッセル,埼玉西武ライオンズ,False,True,,needs_player_id,4,2006
empty_player_id,,ギャレット,埼玉西武ライオンズ,False,True,,needs_player_id,4,2020
empty_player_id,,ギルメット,東京ヤクルトスワローズ,False,True,,needs_player_id,2,2017
empty_player_id,,クック,東京ヤクルトスワローズ,False,True,,needs_player_id,2,2020
empty_player_id,,クック,読売ジャイアンツ,False,True,,needs_player_id,2,2019
empty_player_id,,クライン,横浜DeNAベイスターズ,False,True,,needs_player_id,2,2017
empty_player_id,,クリスキー,埼玉西武ライオンズ,False,True,,needs_player_id,2,2023
empty_player_id,,クリスキー,横浜DeNAベイスターズ,False,True,,needs_player_id,2,2022
empty_player_id,,クルス,中日ドラゴンズ,False,True,,needs_player_id,2,2007
empty_player_id,,クルーズ,東北楽天ゴールデンイーグルス,False,True,,needs_player_id,4,2014
empty_player_id,,クルーン,読売ジャイアンツ,False,True,,needs_player_id,6,2008
empty_player_id,,クレイマー,横浜DeNAベイスターズ,False,True,,needs_player_id,2,2012
empty_player_id,,クロッタ,北海道日本ハムファイターズ,False,True,,needs_player_id,4,2014
empty_player_id,,クロール,読売ジャイアンツ,False,True,,needs_player_id,2,2022
empty_player_id,,グウィン,東北楽天ゴールデンイーグルス,False,True,,needs_player_id,4,2008
empty_player_id,,グライシンガー,千葉ロッテマリーンズ,False,True,,needs_player_id,4,2012
empty_player_id,,グライシンガー,東京ヤクルトスワローズ,False,True,,needs_player_id,2,2007
empty_player_id,,グライシンガー,読売ジャイアンツ,False,True,,needs_player_id,8,2008
empty_player_id,,グラセスキ,中日ドラゴンズ,False,True,,needs_player_id,2,2007
empty_player_id,,グラマン,埼玉西武ライオンズ,False,True,,needs_player_id,12,2006
empty_player_id,,グリフィン,読売ジャイアンツ,False,True,,needs_player_id,4,2023
empty_player_id,,グリン,北海道日本ハムファイターズ,False,True,,needs_player_id,4,2007
empty_player_id,,グリン,東北楽天ゴールデンイーグルス,False,True,,needs_player_id,2,2006
empty_player_id,,グローバー,読売ジャイアンツ,False,True,,needs_player_id,2,2006
empty_player_id,,ケイ,横浜DeNAベイスターズ,False,True,,needs_player_id,2,2024
empty_player_id,,ケッペル,北海道日本ハムファイターズ,False,True,,needs_player_id,8,2010
empty_player_id,,ケムナ 誠,広島東洋カープ,False,True,,needs_player_id,12,2019
empty_player_id,,ケラー,読売ジャイアンツ,False,True,,needs_player_id,2,2024
empty_player_id,,ケラー,阪神タイガース,False,True,,needs_player_id,2,2022
empty_player_id,,ゲラ,阪神タイガース,False,True,,needs_player_id,2,2024
empty_player_id,,ゲレーロ,千葉ロッテマリーンズ,True,True,,needs_player_id,3,2022
empty_player_id,,コズロースキー,広島東洋カープ,False,True,,needs_player_id,4,2008
empty_player_id,,コットン,オリックス・バファローズ,False,True,,needs_player_id,2,2023
empty_player_id,,コラレス,東北楽天ゴールデンイーグルス,False,True,,needs_player_id,2,2017
empty_player_id,,コルデロ,千葉ロッテマリーンズ,False,True,,needs_player_id,2,2024
empty_player_id,,コルニエル,広島東洋カープ,False,True,,needs_player_id,8,2021
empty_player_id,,コーコラン,横浜DeNAベイスターズ,False,True,,needs_player_id,2,2013
empty_player_id,,コーリー,千葉ロッテマリーンズ,False,True,,needs_player_id,2,2010
empty_player_id,,コール,東京ヤクルトスワローズ,False,True,,needs_player_id,2,2022
empty_player_id,,ゴンサレス,中日ドラゴンズ,False,True,,needs_player_id,2,2020
empty_player_id,,ゴンザレス,千葉ロッテマリーンズ,False,True,,needs_player_id,2,2013
empty_player_id,,ゴンザレス,埼玉西武ライオンズ,False,True,,needs_player_id,2,2012
empty_player_id,,ゴンザレス,東京ヤクルトスワローズ,False,True,,needs_player_id,6,2005
empty_player_id,,ゴンザレス,読売ジャイアンツ,False,True,,needs_player_id,8,2009
empty_player_id,,サイスニード,東京ヤクルトスワローズ,False,True,,needs_player_id,8,2021
empty_player_id,,サターホワイト,阪神タイガース,False,True,,needs_player_id,2,2016
empty_player_id,,サファテ,埼玉西武ライオンズ,False,True,,needs_player_id,2,2013
empty_player_id,,サファテ,広島東洋カープ,False,True,,needs_player_id,4,2011
empty_player_id,,サファテ,福岡ソフトバンクホークス,False,True,,needs_player_id,10,2014
empty_player_id,,サモンズ,千葉ロッテマリーンズ,True,False,,needs_player_id,1,2025
empty_player_id,,サンチェス,東北楽天ゴールデンイーグルス,False,True,,needs_player_id,2,2011
empty_player_id,,サンチェス,読売ジャイアンツ,False,True,,needs_player_id,4,2020
empty_player_id,,サンティアゴ,阪神タイガース,False,True,,needs_player_id,2,2015
empty_player_id,,サンティアゴ・ラミレス,中日ドラゴンズ,False,True,,needs_player_id,2,2007
empty_player_id,,ザガースキー,広島東洋カープ,False,True,,needs_player_id,2,2015
empty_player_id,,ザガースキー,横浜DeNAベイスターズ,False,True,,needs_player_id,2,2016
empty_player_id,,ザバラ,北海道日本ハムファイターズ,False,True,,needs_player_id,2,2024
empty_player_id,,ザラテ,阪神タイガース,False,True,,needs_player_id,4,2012
empty_player_id,,シェッパーズ,千葉ロッテマリーンズ,False,True,,needs_player_id,2,2018
empty_player_id,,シコースキー,千葉ロッテマリーンズ,False,True,,needs_player_id,4,2008
empty_player_id,,シコースキー,埼玉西武ライオンズ,False,True,,needs_player_id,4,2010
empty_player_id,,シコースキー,東京ヤクルトスワローズ,False,True,,needs_player_id,2,2007
empty_player_id,,シコースキー,読売ジャイアンツ,False,True,,needs_player_id,2,2005
empty_player_id,,シャッケルフォード,横浜DeNAベイスターズ,False,True,,needs_player_id,2,2021
empty_player_id,,シュリッター,埼玉西武ライオンズ,False,True,,needs_player_id,2,2017
empty_player_id,,シュルツ,広島東洋カープ,False,True,,needs_player_id,8,2008
empty_player_id,,シューメーカー,読売ジャイアンツ,False,True,,needs_player_id,2,2022
empty_player_id,,ジェン,阪神タイガース,False,True,,needs_player_id,4,2009
empty_player_id,,ジオ,広島東洋カープ,False,True,,needs_player_id,4,2010
empty_player_id,,ジオ,横浜DeNAベイスターズ,False,True,,needs_player_id,2,2012
empty_player_id,,ジャクソン,千葉ロッテマリーンズ,False,True,,needs_player_id,2,2020
empty_player_id,,ジャクソン,広島東洋カープ,False,True,,needs_player_id,6,2016
empty_player_id,,ジャクソン,横浜DeNAベイスターズ,False,True,,needs_player_id,2,2024
empty_player_id,,ジャマーノ,福岡ソフトバンクホークス,False,True,,needs_player_id,2,2009
empty_player_id,,ジャン,阪神タイガース,False,True,,needs_player_id,2,2007
empty_player_id,,ジョンソン,埼玉西武ライオンズ,False,True,,needs_player_id,2,2007
empty_player_id,,ジョンソン,広島東洋カープ,False,True,,needs_player_id,10,2015
empty_player_id,,ジョンソン,東北楽天ゴールデンイーグルス,False,True,,needs_player_id,2,2020
empty_player_id,,ジョンソン,阪神タイガース,False,True,,needs_player_id,2,2019
empty_player_id,,ジョーダン,中日ドラゴンズ,False,True,,needs_player_id,4,2016
empty_player_id,,ジー,中日ドラゴンズ,False,True,,needs_player_id,2,2018
empty_player_id,,スアレス,東京ヤクルトスワローズ,False,True,,needs_player_id,8,2019
empty_player_id,,スアレス,福岡ソフトバンクホークス,False,True,,needs_player_id,6,2016
empty_player_id,,スアレス,阪神タイガース,False,True,,needs_player_id,4,2020
empty_player_id,,スウィーニー,北海道日本ハムファイターズ,False,True,,needs_player_id,6,2007
empty_player_id,,スクルメタ,東北楽天ゴールデンイーグルス,False,True,,needs_player_id,2,2005
empty_player_id,,スコット,広島東洋カープ,False,True,,needs_player_id,2,2020
empty_player_id,,スタルツ,広島東洋カープ,False,True,,needs_player_id,2,2010
empty_player_id,,スタンドリッジ,福岡ソフトバンクホークス,False,True,,needs_player_id,4,2007
empty_player_id,,スタンリッジ,千葉ロッテマリーンズ,False,True,,needs_player_id,4,2016
empty_player_id,,スタンリッジ,福岡ソフトバンクホークス,False,True,,needs_player_id,4,2014
empty_player_id,,スタンリッジ,阪神タイガース,False,True,,needs_player_id,8,2010
empty_player_id,,スチュワート・ジュニア,福岡ソフトバンクホークス,False,True,,needs_player_id,6,2021
empty_player_id,,スパイアー,東北楽天ゴールデンイーグルス,False,True,,needs_player_id,2,2011
empty_player_id,,スパークマン,オリックス・バファローズ,False,True,,needs_player_id,2,2021
empty_player_id,,スミス,埼玉西武ライオンズ,False,True,,needs_player_id,2,2022
empty_player_id,,セデーニョ,埼玉西武ライオンズ,True,False,,needs_player_id,1,2025
empty_player_id,,セドン,読売ジャイアンツ,False,True,,needs_player_id,2,2014
empty_player_id,,セプティモ,中日ドラゴンズ,False,True,,needs_player_id,2,2016
empty_player_id,,セラフィニ,千葉ロッテマリーンズ,False,True,,needs_player_id,2,2005
empty_player_id,,ソコロビッチ,広島東洋カープ,False,True,,needs_player_id,2,2013
empty_player_id,,ソト,中日ドラゴンズ,False,True,,needs_player_id,4,2011
empty_player_id,,ソト,横浜DeNAベイスターズ,False,True,,needs_player_id,4,2013
empty_player_id,,ソリアーノ,広島東洋カープ,False,True,,needs_player_id,4,2010
empty_player_id,,ソリス,横浜DeNAベイスターズ,False,True,,needs_player_id,2,2019
empty_player_id,,ソーサ,中日ドラゴンズ,False,True,,needs_player_id,2,2012
empty_player_id,,ソーサ,横浜DeNAベイスターズ,False,True,,needs_player_id,4,2013
empty_player_id,,タバーレス,中日ドラゴンズ,False,True,,needs_player_id,2,2022
empty_player_id,,ターリー,広島東洋カープ,False,True,,needs_player_id,4,2022
empty_player_id,,ターリー,東北楽天ゴールデンイーグルス,False,True,,needs_player_id,2,2024
empty_player_id,,ダイクストラ,千葉ロッテマリーンズ,False,True,,needs_player_id,2,2024
empty_player_id,,ダグラス,広島東洋カープ,False,True,,needs_player_id,2,2006
empty_player_id,,ダグラス,東京ヤクルトスワローズ,False,True,,needs_player_id,2,2008
empty_player_id,,ダックワース,東北楽天ゴールデンイーグルス,False,True,,needs_player_id,4,2012
empty_player_id,,ダルビッシュ 有,北海道日本ハムファイターズ,False,True,,needs_player_id,14,2005
empty_player_id,,ダーウィン,阪神タイガース,False,True,,needs_player_id,6,2005
empty_player_id,,ダース ローマシュ匡,北海道日本ハムファイターズ,False,True,,needs_player_id,4,2008
empty_player_id,,ダービン,福岡ソフトバンクホークス,False,True,,needs_player_id,2,2010
empty_player_id,,ダーモディ,埼玉西武ライオンズ,False,True,,needs_player_id,2,2021
empty_player_id,,チェイビス,中日ドラゴンズ,True,False,,needs_player_id,1,2025
empty_player_id,,チェン,中日ドラゴンズ,False,True,,needs_player_id,10,2005
empty_player_id,,チェン・ウェイン,千葉ロッテマリーンズ,False,True,,needs_player_id,2,2020
empty_player_id,,チェン・ウェイン,阪神タイガース,False,True,,needs_player_id,2,2021
empty_player_id,,チェン・グァンユウ,千葉ロッテマリーンズ,False,True,,needs_player_id,12,2015
empty_player_id,,チューク,広島東洋カープ,False,True,,needs_player_id,2,2010
empty_player_id,,チルダース,東北楽天ゴールデンイーグルス,False,True,,needs_player_id,2,2009
empty_player_id,,ティノコ,埼玉西武ライオンズ,False,True,,needs_player_id,2,2023
empty_player_id,,ディアス,オリックス・バファローズ,True,False,,needs_player_id,1,2025
empty_player_id,,ディアス,北海道日本ハムファイターズ,False,True,,needs_player_id,2,2006
empty_player_id,,ディアス,横浜DeNAベイスターズ,False,True,,needs_player_id,2,2024
empty_player_id,,ディクソン,オリックス・バファローズ,False,True,,needs_player_id,6,2018
empty_player_id,,ディプラン,読売ジャイアンツ,False,True,,needs_player_id,2,2020
empty_player_id,,デイビー,広島東洋カープ,False,True,,needs_player_id,2,2005
empty_player_id,,デイビーズ,東京ヤクルトスワローズ,False,True,,needs_player_id,2,2016
empty_player_id,,デニー,中日ドラゴンズ,False,True,,needs_player_id,2,2007
empty_player_id,,デニー友利,中日ドラゴンズ,False,True,,needs_player_id,2,2006
empty_player_id,,デュプランティエ,阪神タイガース,True,False,,needs_player_id,1,2025
empty_player_id,,デラクルス,東京ヤクルトスワローズ,False,True,,needs_player_id,2,2010
empty_player_id,,デラバー,広島東洋カープ,False,True,,needs_player_id,2,2016
empty_player_id,,デラロサ,読売ジャイアンツ,False,True,,needs_player_id,8,2019
empty_player_id,,トンキン,北海道日本ハムファイターズ,False,True,,needs_player_id,2,2018
empty_player_id,,トーマス,北海道日本ハムファイターズ,False,True,,needs_player_id,6,2005
empty_player_id,,トーレス,読売ジャイアンツ,False,True,,needs_player_id,2,2011
empty_player_id,,ドイル,福岡ソフトバンクホークス,False,True,,needs_player_id,2,2012
empty_player_id,,ドミンゲス,広島東洋カープ,True,False,,needs_player_id,1,2025
empty_player_id,,ドミンゴ,中日ドラゴンズ,False,True,,needs_player_id,4,2005
empty_player_id,,ドミンゴ,東北楽天ゴールデンイーグルス,False,True,,needs_player_id,4,2007
empty_player_id,,ドリス,阪神タイガース,False,True,,needs_player_id,8,2016
empty_player_id,,ドーマン,広島東洋カープ,False,True,,needs_player_id,2,2009
empty_player_id,,ナイト,北海道日本ハムファイターズ,False,True,,needs_player_id,2,2005
empty_player_id,,ナーブソン,東京ヤクルトスワローズ,False,True,,needs_player_id,2,2014
empty_player_id,,ニコースキー,福岡ソフトバンクホークス,False,True,,needs_player_id,4,2007
empty_player_id,,ニックス,オリックス・バファローズ,False,True,,needs_player_id,2,2023
empty_player_id,,ニール,埼玉西武ライオンズ,False,True,,needs_player_id,6,2019
empty_player_id,,ネイラー,中日ドラゴンズ,False,True,,needs_player_id,4,2015
empty_player_id,,ネバラスカス,広島東洋カープ,False,True,,needs_player_id,2,2021
empty_player_id,,ネビン,埼玉西武ライオンズ,True,False,,needs_player_id,2,2025
empty_player_id,,ネルソン,中日ドラゴンズ,False,True,,needs_player_id,10,2008
empty_player_id,,ネルソン,阪神タイガース,True,False,,needs_player_id,1,2025
empty_player_id,,ノリン,埼玉西武ライオンズ,False,True,,needs_player_id,2,2020
empty_player_id,,ハウザー,東北楽天ゴールデンイーグルス,False,True,,needs_player_id,4,2012
empty_player_id,,ハッチ,広島東洋カープ,False,True,,needs_player_id,2,2024
empty_player_id,,ハフ,東京ヤクルトスワローズ,False,True,,needs_player_id,4,2018
empty_player_id,,ハミルトン,横浜DeNAベイスターズ,False,True,,needs_player_id,2,2012
empty_player_id,,ハワード,阪神タイガース,True,False,,needs_player_id,1,2025
empty_player_id,,ハンコック,北海道日本ハムファイターズ,False,True,,needs_player_id,2,2019
empty_player_id,,ハーマン,千葉ロッテマリーンズ,False,True,,needs_player_id,4,2020
empty_player_id,,ハーマン,東北楽天ゴールデンイーグルス,False,True,,needs_player_id,6,2017
empty_player_id,,ハーン,広島東洋カープ,False,True,,needs_player_id,2,2024
empty_player_id,,バウアー,横浜DeNAベイスターズ,False,True,,needs_player_id,2,2023
empty_player_id,,バス,東北楽天ゴールデンイーグルス,False,True,,needs_player_id,2,2007
empty_player_id,,バスケス,埼玉西武ライオンズ,False,True,,needs_player_id,4,2015
empty_player_id,,バニュエロス,東北楽天ゴールデンイーグルス,False,True,,needs_player_id,2,2023
empty_player_id,,バリオス,横浜DeNAベイスターズ,False,True,,needs_player_id,4,2018
empty_player_id,,バリオス,福岡ソフトバンクホークス,False,True,,needs_player_id,8,2013
empty_player_id,,バリントン,広島東洋カープ,False,True,,needs_player_id,8,2011
empty_player_id,,バルガス,オリックス・バファローズ,False,True,,needs_player_id,4,2021
empty_player_id,,バルデス,中日ドラゴンズ,False,True,,needs_player_id,8,2010
empty_player_id,,バルドナード,読売ジャイアンツ,False,True,,needs_player_id,4,2023
empty_player_id,,バレット,東京ヤクルトスワローズ,False,True,,needs_player_id,2,2009
empty_player_id,,バンデンハーク,東京ヤクルトスワローズ,False,True,,needs_player_id,2,2021
empty_player_id,,バンデンハーク,福岡ソフトバンクホークス,False,True,,needs_player_id,12,2015
empty_player_id,,バンヘッケン,埼玉西武ライオンズ,False,True,,needs_player_id,2,2016
empty_player_id,,バース,北海道日本ハムファイターズ,False,True,,needs_player_id,2,2016
empty_player_id,,バード,広島東洋カープ,False,True,,needs_player_id,2,2021
empty_player_id,,バーネット,東京ヤクルトスワローズ,False,True,,needs_player_id,12,2010
empty_player_id,,バーヘイゲン,北海道日本ハムファイターズ,False,True,,needs_player_id,6,2020
empty_player_id,,バーベイト,北海道日本ハムファイターズ,False,True,,needs_player_id,2,2019
empty_player_id,,バーン,千葉ロッテマリーンズ,False,True,,needs_player_id,2,2006
empty_player_id,,バーンサイド,読売ジャイアンツ,False,True,,needs_player_id,2,2008
empty_player_id,,パウエル,福岡ソフトバンクホークス,False,True,,needs_player_id,2,2008
empty_player_id,,パウエル,読売ジャイアンツ,False,True,,needs_player_id,4,2006
empty_player_id,,パットン,横浜DeNAベイスターズ,False,True,,needs_player_id,8,2017
empty_player_id,,パディーヤ,福岡ソフトバンクホークス,False,True,,needs_player_id,2,2013
empty_player_id,,パヤノ,中日ドラゴンズ,False,True,,needs_player_id,4,2009
empty_player_id,,ヒギンス,オリックス・バファローズ,False,True,,needs_player_id,4,2020
empty_player_id,,ヒメネス,東北楽天ゴールデンイーグルス,False,True,,needs_player_id,4,2011
empty_player_id,,ヒース,埼玉西武ライオンズ,False,True,,needs_player_id,4,2018
empty_player_id,,ヒース,広島東洋カープ,False,True,,needs_player_id,4,2014
empty_player_id,,ビエイラ,読売ジャイアンツ,False,True,,needs_player_id,6,2020
empty_player_id,,ビドル,オリックス・バファローズ,False,True,,needs_player_id,2,2022
empty_player_id,,ビロウ,横浜DeNAベイスターズ,False,True,,needs_player_id,2,2015
empty_player_id,,ビーズリー,阪神タイガース,False,True,,needs_player_id,4,2023
empty_player_id,,ビーディ,読売ジャイアンツ,False,True,,needs_player_id,2,2023
empty_player_id,,ピント,福岡ソフトバンクホークス,False,True,,needs_player_id,2,2012
empty_player_id,,ピーターズ,東京ヤクルトスワローズ,False,True,,needs_player_id,2,2023
empty_player_id,,ピープルズ,横浜DeNAベイスターズ,False,True,,needs_player_id,6,2020
empty_player_id,,ファイフ,埼玉西武ライオンズ,False,True,,needs_player_id,2,2017
empty_player_id,,ファビアン,広島東洋カープ,True,False,,needs_player_id,2,2025
empty_player_id,,ファルケンボーグ,東北楽天ゴールデンイーグルス,False,True,,needs_player_id,2,2014
empty_player_id,,ファルケンボーグ,福岡ソフトバンクホークス,False,True,,needs_player_id,10,2009
empty_player_id,,ファンミル,東北楽天ゴールデンイーグルス,False,True,,needs_player_id,2,2014
empty_player_id,,フィリップス,広島東洋カープ,False,True,,needs_player_id,2,2014
empty_player_id,,フェリシアーノ,広島東洋カープ,False,True,,needs_player_id,4,2005
empty_player_id,,フェリシアーノ,福岡ソフトバンクホークス,False,True,,needs_player_id,2,2005
empty_player_id,,フェリス,中日ドラゴンズ,False,True,,needs_player_id,4,2023
empty_player_id,,フェルナンデス,広島東洋カープ,False,True,,needs_player_id,2,2007
empty_player_id,,フェルナンデス,東京ヤクルトスワローズ,False,True,,needs_player_id,4,2011
empty_player_id,,フォッサム,阪神タイガース,False,True,,needs_player_id,2,2010
empty_player_id,,フランスア,広島東洋カープ,False,True,,needs_player_id,10,2018
empty_player_id,,フローレス,千葉ロッテマリーンズ,False,True,,needs_player_id,4,2020
empty_player_id,,ブキャナン,東京ヤクルトスワローズ,False,True,,needs_player_id,6,2017
empty_player_id,,ブセニッツ,東北楽天ゴールデンイーグルス,False,True,,needs_player_id,8,2019
empty_player_id,,ブラウワー,広島東洋カープ,False,True,,needs_player_id,2,2008
empty_player_id,,ブラウン,阪神タイガース,False,True,,needs_player_id,2,2005
empty_player_id,,ブラゾバン,福岡ソフトバンクホークス,False,True,,needs_player_id,2,2011
empty_player_id,,ブラックリー,東北楽天ゴールデンイーグルス,False,True,,needs_player_id,2,2014
empty_player_id,,ブラッドリー,中日ドラゴンズ,False,True,,needs_player_id,2,2013
empty_player_id,,ブランドン,千葉ロッテマリーンズ,False,True,,needs_player_id,2,2019
empty_player_id,,ブランドン,横浜DeNAベイスターズ,False,True,,needs_player_id,2,2012
empty_player_id,,ブリガム,東北楽天ゴールデンイーグルス,False,True,,needs_player_id,2,2016
empty_player_id,,ブルワー,阪神タイガース,False,True,,needs_player_id,2,2023
empty_player_id,,ブレイシア,広島東洋カープ,False,True,,needs_player_id,2,2017
empty_player_id,,ブロードウェイ,横浜DeNAベイスターズ,False,True,,needs_player_id,2,2016
empty_player_id,,ヘルウェグ,広島東洋カープ,False,True,,needs_player_id,4,2018
empty_player_id,,ヘルナンデス,福岡ソフトバンクホークス,False,True,,needs_player_id,4,2023
empty_player_id,,ヘルナンデス,阪神タイガース,True,False,,needs_player_id,1,2025
empty_player_id,,ヘーゲンズ,広島東洋カープ,False,True,,needs_player_id,4,2016
empty_player_id,,ベイリス,埼玉西武ライオンズ,False,True,,needs_player_id,2,2009
empty_player_id,,ベイル,広島東洋カープ,False,True,,needs_player_id,6,2005
empty_player_id,,ペトリック,横浜DeNAベイスターズ,False,True,,needs_player_id,2,2016
empty_player_id,,ペニー,福岡ソフトバンクホークス,False,True,,needs_player_id,2,2012
empty_player_id,,ペルドモ,オリックス・バファローズ,False,True,,needs_player_id,2,2024
empty_player_id,,ペルドモ,千葉ロッテマリーンズ,False,True,,needs_player_id,2,2023
empty_player_id,,ペレス,東京ヤクルトスワローズ,False,True,,needs_player_id,2,2016
empty_player_id,,ペン,千葉ロッテマリーンズ,False,True,,needs_player_id,6,2010
empty_player_id,,ホッジス,東北楽天ゴールデンイーグルス,False,True,,needs_player_id,2,2005
empty_player_id,,ホールトン,福岡ソフトバンクホークス,False,True,,needs_player_id,8,2008
empty_player_id,,ホールトン,読売ジャイアンツ,False,True,,needs_player_id,4,2012
empty_player_id,,ボイヤー,阪神タイガース,False,True,,needs_player_id,2,2013
empty_player_id,,ボウデン,埼玉西武ライオンズ,False,True,,needs_player_id,2,2014
empty_player_id,,ボスラー,中日ドラゴンズ,True,False,,needs_player_id,2,2025
empty_player_id,,ボルシンガー,千葉ロッテマリーンズ,False,True,,needs_player_id,4,2018
empty_player_id,,ボーグルソン,阪神タイガース,False,True,,needs_player_id,4,2007
empty_player_id,,ボーマン,東京ヤクルトスワローズ,True,False,,needs_player_id,1,2025
empty_player_id,,ボー・タカハシ,埼玉西武ライオンズ,False,True,,needs_player_id,6,2022
empty_player_id,,ポレダ,読売ジャイアンツ,False,True,,needs_player_id,4,2015
empty_player_id,,ポンセ,北海道日本ハムファイターズ,False,True,,needs_player_id,4,2022
empty_player_id,,ポンセ,東北楽天ゴールデンイーグルス,False,True,,needs_player_id,2,2024
empty_player_id,,ポーリーノ,埼玉西武ライオンズ,False,True,,needs_player_id,2,2016
empty_player_id,,マイエット,東北楽天ゴールデンイーグルス,False,True,,needs_player_id,2,2005
empty_player_id,,マイコラス,読売ジャイアンツ,False,True,,needs_player_id,6,2015
empty_player_id,,マクガフ,東京ヤクルトスワローズ,False,True,,needs_player_id,8,2019
empty_player_id,,マシス,千葉ロッテマリーンズ,False,True,,needs_player_id,2,2012
empty_player_id,,マシソン,読売ジャイアンツ,False,True,,needs_player_id,16,2012
empty_player_id,,マチャド,オリックス・バファローズ,False,True,,needs_player_id,2,2024
empty_player_id,,マテオ,阪神タイガース,False,True,,needs_player_id,6,2016
empty_player_id,,マドリガル,中日ドラゴンズ,False,True,,needs_player_id,2,2013
empty_player_id,,マラー,中日ドラゴンズ,True,False,,needs_player_id,1,2025
empty_player_id,,マルク,中日ドラゴンズ,False,True,,needs_player_id,4,2020
empty_player_id,,マルテ,中日ドラゴンズ,True,False,,needs_player_id,1,2025
empty_player_id,,マルテ,広島東洋カープ,False,True,,needs_player_id,6,2006
empty_player_id,,マルティネス,中日ドラゴンズ,False,True,,needs_player_id,8,2005
empty_player_id,,マルティネス,北海道日本ハムファイターズ,False,True,,needs_player_id,4,2018
empty_player_id,,マルティネス,福岡ソフトバンクホークス,False,True,,needs_player_id,2,2021
empty_player_id,,マレン,読売ジャイアンツ,False,True,,needs_player_id,2,2005
empty_player_id,,マーティン,北海道日本ハムファイターズ,False,True,,needs_player_id,4,2016
empty_player_id,,マーティン,埼玉西武ライオンズ,False,True,,needs_player_id,4,2018
empty_player_id,,マーフィー,北海道日本ハムファイターズ,False,True,,needs_player_id,2,2024
empty_player_id,,マーフィー,千葉ロッテマリーンズ,False,True,,needs_player_id,4,2010
empty_player_id,,マーベル,北海道日本ハムファイターズ,False,True,,needs_player_id,2,2023
empty_player_id,,ミアディッチ,読売ジャイアンツ,False,True,,needs_player_id,2,2005
empty_player_id,,ミゲル・メヒア,埼玉西武ライオンズ,False,True,,needs_player_id,2,2015
empty_player_id,,ミコライオ,広島東洋カープ,False,True,,needs_player_id,6,2012
empty_player_id,,ミコライオ,東北楽天ゴールデンイーグルス,False,True,,needs_player_id,2,2016
empty_player_id,,ミセリ,読売ジャイアンツ,False,True,,needs_player_id,2,2005
empty_player_id,,ミラバル,北海道日本ハムファイターズ,False,True,,needs_player_id,2,2005
empty_player_id,,ミランダ,福岡ソフトバンクホークス,False,True,,needs_player_id,4,2018
empty_player_id,,ミラー,千葉ロッテマリーンズ,False,True,,needs_player_id,2,2006
empty_player_id,,ミンチェ,埼玉西武ライオンズ,False,True,,needs_player_id,2,2011
empty_player_id,,ムーア,福岡ソフトバンクホークス,False,True,,needs_player_id,2,2020
empty_player_id,,メッセンジャー,阪神タイガース,False,True,,needs_player_id,20,2010
empty_player_id,,メネズ,北海道日本ハムファイターズ,False,True,,needs_player_id,4,2022
empty_player_id,,メヒア,中日ドラゴンズ,False,True,,needs_player_id,4,2023
empty_player_id,,メルセデス,千葉ロッテマリーンズ,False,True,,needs_player_id,4,2023
empty_player_id,,メルセデス,読売ジャイアンツ,False,True,,needs_player_id,10,2018
empty_player_id,,メンデス,読売ジャイアンツ,False,True,,needs_player_id,4,2023
empty_player_id,,メンデス,阪神タイガース,False,True,,needs_player_id,2,2017
empty_player_id,,メンドーサ,北海道日本ハムファイターズ,False,True,,needs_player_id,8,2014
empty_player_id,,メンドーサ,読売ジャイアンツ,False,True,,needs_player_id,4,2015
empty_player_id,,メンドーサ,阪神タイガース,False,True,,needs_player_id,2,2017
empty_player_id,,モイセエフ・ニキータ,東京ヤクルトスワローズ,True,False,,needs_player_id,1,2025
empty_player_id,,モイネロ,福岡ソフトバンクホークス,False,True,,needs_player_id,16,2017
empty_player_id,,モスコーソ,横浜DeNAベイスターズ,False,True,,needs_player_id,6,2014
empty_player_id,,モリーヨ,東北楽天ゴールデンイーグルス,False,True,,needs_player_id,2,2010
empty_player_id,,モルケン,北海道日本ハムファイターズ,False,True,,needs_player_id,4,2012
empty_player_id,,モレノ,阪神タイガース,False,True,,needs_player_id,2,2018
empty_player_id,,モンティージャ,広島東洋カープ,False,True,,needs_player_id,4,2019
empty_player_id,,モンテロ,広島東洋カープ,True,False,,needs_player_id,1,2025
empty_player_id,,ヤフーレ,東京ヤクルトスワローズ,False,True,,needs_player_id,2,2024
empty_player_id,,ヤフーレ,東北楽天ゴールデンイーグルス,True,False,,needs_player_id,1,2025
empty_player_id,,ヤン,埼玉西武ライオンズ,False,True,,needs_player_id,2,2024
empty_player_id,,ヤングマン,読売ジャイアンツ,False,True,,needs_player_id,4,2018
empty_player_id,,ユウキ,東京ヤクルトスワローズ,False,True,,needs_player_id,4,2009
empty_player_id,,ライト,埼玉西武ライオンズ,False,True,,needs_player_id,2,2005
empty_player_id,,ライブリー,北海道日本ハムファイターズ,False,True,,needs_player_id,2,2015
empty_player_id,,ラス,東北楽天ゴールデンイーグルス,False,True,,needs_player_id,2,2005
empty_player_id,,ラズナー,東北楽天ゴールデンイーグルス,False,True,,needs_player_id,10,2009
empty_player_id,,ラミレス,埼玉西武ライオンズ,True,False,,needs_player_id,1,2025
empty_player_id,,ラルー,東京ヤクルトスワローズ,False,True,,needs_player_id,2,2013
empty_player_id,,ランバート,阪神タイガース,True,False,,needs_player_id,1,2025
empty_player_id,,リオス,東京ヤクルトスワローズ,False,True,,needs_player_id,2,2008
empty_player_id,,リズ,東北楽天ゴールデンイーグルス,False,True,,needs_player_id,2,2016
empty_player_id,,リー,北海道日本ハムファイターズ,False,True,,needs_player_id,4,2005
empty_player_id,,リーソップ,阪神タイガース,False,True,,needs_player_id,2,2008
empty_player_id,,ルイス,広島東洋カープ,False,True,,needs_player_id,4,2008
empty_player_id,,ルブラン,埼玉西武ライオンズ,False,True,,needs_player_id,2,2015
empty_player_id,,ルーキ,東京ヤクルトスワローズ,False,True,,needs_player_id,4,2016
empty_player_id,,レイ,東北楽天ゴールデンイーグルス,False,True,,needs_player_id,6,2013
empty_player_id,,レイ,福岡ソフトバンクホークス,False,True,,needs_player_id,4,2021
empty_player_id,,レイエス,北海道日本ハムファイターズ,True,False,,needs_player_id,2,2025
empty_player_id,,レイノルズ,埼玉西武ライオンズ,False,True,,needs_player_id,2,2014
empty_player_id,,レイビン,千葉ロッテマリーンズ,False,True,,needs_player_id,2,2019
empty_player_id,,レイボーン,広島東洋カープ,False,True,,needs_player_id,2,2005
empty_player_id,,レグナルト,広島東洋カープ,False,True,,needs_player_id,2,2019
empty_player_id,,レデズマ,千葉ロッテマリーンズ,False,True,,needs_player_id,4,2012
empty_player_id,,レルー,福岡ソフトバンクホークス,False,True,,needs_player_id,2,2011
empty_player_id,,ロサリオ,中日ドラゴンズ,False,True,,needs_player_id,2,2021
empty_player_id,,ロドリゲス,中日ドラゴンズ,False,True,,needs_player_id,10,2018
empty_player_id,,ロドリゲス,北海道日本ハムファイターズ,False,True,,needs_player_id,12,2018
empty_player_id,,ロドリゲス,東京ヤクルトスワローズ,False,True,,needs_player_id,4,2023
empty_player_id,,ロペス,読売ジャイアンツ,False,True,,needs_player_id,2,2023
empty_player_id,,ロマノ,広島東洋カープ,False,True,,needs_player_id,4,2005
empty_player_id,,ロマン,東京ヤクルトスワローズ,False,True,,needs_player_id,8,2012
empty_player_id,,ロメロ,中日ドラゴンズ,False,True,,needs_player_id,2,2019
empty_player_id,,ロメロ,千葉ロッテマリーンズ,False,True,,needs_player_id,4,2021
empty_player_id,,ロメロ,横浜DeNAベイスターズ,False,True,,needs_player_id,4,2021
empty_player_id,,ロメロ,福岡ソフトバンクホークス,False,True,,needs_player_id,2,2012
empty_player_id,,ロメロ,読売ジャイアンツ,False,True,,needs_player_id,6,2010
empty_player_id,,ロンドン,中日ドラゴンズ,False,True,,needs_player_id,2,2017
empty_player_id,,ロー,福岡ソフトバンクホークス,False,True,,needs_player_id,2,2009
empty_player_id,,ローチ,オリックス・バファローズ,False,True,,needs_player_id,2,2018
empty_player_id,,ローレンス,広島東洋カープ,False,True,,needs_player_id,2,2019
empty_player_id,,ワグナー,埼玉西武ライオンズ,False,True,,needs_player_id,2,2018
empty_player_id,,ワゲスパック,オリックス・バファローズ,False,True,,needs_player_id,4,2022
empty_player_id,,ワズディン,埼玉西武ライオンズ,False,True,,needs_player_id,2,2009
empty_player_id,,一場 靖弘,東京ヤクルトスワローズ,False,True,,needs_player_id,4,2009
empty_player_id,,一場 靖弘,東北楽天ゴールデンイーグルス,False,True,,needs_player_id,8,2005
empty_player_id,,一岡 竜司,広島東洋カープ,False,True,,needs_player_id,18,2014
empty_player_id,,一岡 竜司,読売ジャイアンツ,False,True,,needs_player_id,4,2012
empty_player_id,,一條力真,千葉ロッテマリーンズ,True,False,,needs_player_id,1,2025
empty_player_id,,七條 祐樹,東京ヤクルトスワローズ,False,True,,needs_player_id,8,2011
empty_player_id,,万波　中正,北海道日本ハムファイターズ,True,False,,needs_player_id,2,2025
empty_player_id,,三ツ間 卓也,中日ドラゴンズ,False,True,,needs_player_id,10,2017
empty_player_id,,三上 朋也,横浜DeNAベイスターズ,False,True,,needs_player_id,18,2014
empty_player_id,,三上 朋也,読売ジャイアンツ,False,True,,needs_player_id,2,2023
empty_player_id,,三井 浩二,埼玉西武ライオンズ,False,True,,needs_player_id,10,2005
empty_player_id,,三嶋 一輝,横浜DeNAベイスターズ,False,True,,needs_player_id,24,2013
empty_player_id,,三木 均,読売ジャイアンツ,False,True,,needs_player_id,4,2005
empty_player_id,,三浦 大輔,横浜DeNAベイスターズ,False,True,,needs_player_id,10,2012
empty_player_id,,三浦 瑞樹,福岡ソフトバンクホークス,False,True,,needs_player_id,2,2024
empty_player_id,,三浦 銀二,横浜DeNAベイスターズ,False,True,,needs_player_id,4,2022
empty_player_id,,三澤 興一,東京ヤクルトスワローズ,False,True,,needs_player_id,2,2005
empty_player_id,,三瀬 幸司,中日ドラゴンズ,False,True,,needs_player_id,10,2010
empty_player_id,,三瀬 幸司,福岡ソフトバンクホークス,False,True,,needs_player_id,12,2005
empty_player_id,,上原 健太,北海道日本ハムファイターズ,False,True,,needs_player_id,18,2016
empty_player_id,,上原 厚治郎,東京ヤクルトスワローズ,False,True,,needs_player_id,6,2005
empty_player_id,,上原 浩治,読売ジャイアンツ,False,True,,needs_player_id,10,2005
empty_player_id,,上園 啓史,東北楽天ゴールデンイーグルス,False,True,,needs_player_id,6,2012
empty_player_id,,上園 啓史,阪神タイガース,False,True,,needs_player_id,8,2007
empty_player_id,,上林　誠知,中日ドラゴンズ,True,False,,needs_player_id,1,2025
empty_player_id,,上沢 直之,北海道日本ハムファイターズ,False,True,,needs_player_id,18,2014
empty_player_id,,上田 大河,埼玉西武ライオンズ,False,True,,needs_player_id,2,2024
empty_player_id,,上田 洸太朗,中日ドラゴンズ,False,True,,needs_player_id,4,2022
empty_player_id,,上茶谷 大河,横浜DeNAベイスターズ,False,True,,needs_player_id,12,2019
empty_player_id,,上野 大樹,千葉ロッテマリーンズ,False,True,,needs_player_id,14,2009
empty_player_id,,上野 弘文,広島東洋カープ,False,True,,needs_player_id,14,2007
empty_player_id,,上野 貴久,読売ジャイアンツ,False,True,,needs_player_id,2,2010
empty_player_id,,上間 永遠,埼玉西武ライオンズ,False,True,,needs_player_id,2,2021
empty_player_id,,下柳 剛,東北楽天ゴールデンイーグルス,False,True,,needs_player_id,2,2012
empty_player_id,,下柳 剛,阪神タイガース,False,True,,needs_player_id,14,2005
empty_player_id,,中塚 駿太,埼玉西武ライオンズ,False,True,,needs_player_id,6,2017
empty_player_id,,中尾 輝,東京ヤクルトスワローズ,False,True,,needs_player_id,8,2017
empty_player_id,,中島　大輔,東北楽天ゴールデンイーグルス,True,False,,needs_player_id,2,2025
empty_player_id,,中島 彰吾,東京ヤクルトスワローズ,False,True,,needs_player_id,4,2016
empty_player_id,,中崎 翔太,広島東洋カープ,False,True,,needs_player_id,8,2012
empty_player_id,,中崎 雄太,埼玉西武ライオンズ,False,True,,needs_player_id,2,2013
empty_player_id,,中川　圭太,オリックス・バファローズ,True,False,,needs_player_id,2,2025
empty_player_id,,中川 皓太,読売ジャイアンツ,False,True,,needs_player_id,16,2016
empty_player_id,,中川 虎大,横浜DeNAベイスターズ,False,True,,needs_player_id,12,2019
empty_player_id,,中川 颯,オリックス・バファローズ,False,True,,needs_player_id,2,2021
empty_player_id,,中川 颯,横浜DeNAベイスターズ,False,True,,needs_player_id,2,2024
empty_player_id,,中後 悠平,千葉ロッテマリーンズ,False,True,,needs_player_id,6,2012
empty_player_id,,中後 悠平,横浜DeNAベイスターズ,False,True,,needs_player_id,4,2018
empty_player_id,,中村 亮太,福岡ソフトバンクホークス,False,True,,needs_player_id,4,2022
empty_player_id,,中村優斗,東京ヤクルトスワローズ,True,False,,needs_player_id,1,2025
empty_player_id,,中村 勝,オリックス・バファローズ,False,True,,needs_player_id,2,2022
empty_player_id,,中村 勝,北海道日本ハムファイターズ,False,True,,needs_player_id,18,2010
empty_player_id,,中村 恭平,広島東洋カープ,False,True,,needs_player_id,16,2011
empty_player_id,,中村 泰広,阪神タイガース,False,True,,needs_player_id,6,2005
empty_player_id,,中村 祐太,埼玉西武ライオンズ,False,True,,needs_player_id,2,2024
empty_player_id,,中村 祐太,広島東洋カープ,False,True,,needs_player_id,12,2017
empty_player_id,,中村 稔弥,千葉ロッテマリーンズ,False,True,,needs_player_id,12,2019
empty_player_id,,中村 隼人,読売ジャイアンツ,False,True,,needs_player_id,2,2005
empty_player_id,,中森 俊介,千葉ロッテマリーンズ,False,True,,needs_player_id,4,2023
empty_player_id,,中澤 雅人,東京ヤクルトスワローズ,False,True,,needs_player_id,22,2010
empty_player_id,,中田 廉,広島東洋カープ,False,True,,needs_player_id,24,2010
empty_player_id,,中田 賢一,中日ドラゴンズ,False,True,,needs_player_id,18,2005
empty_player_id,,中田 賢一,福岡ソフトバンクホークス,False,True,,needs_player_id,12,2014
empty_player_id,,中田 賢一,阪神タイガース,False,True,,needs_player_id,2,2020
empty_player_id,,中込陽翔,東北楽天ゴールデンイーグルス,True,False,,needs_player_id,1,2025
empty_player_id,,中郷 大樹,千葉ロッテマリーンズ,False,True,,needs_player_id,12,2007
empty_player_id,,中郷 大樹,埼玉西武ライオンズ,False,True,,needs_player_id,2,2014
empty_player_id,,中里 篤史,中日ドラゴンズ,False,True,,needs_player_id,8,2005
empty_player_id,,中里 篤史,読売ジャイアンツ,False,True,,needs_player_id,2,2010
empty_player_id,,中野　拓夢,阪神タイガース,True,False,,needs_player_id,1,2025
empty_player_id,,中﨑 翔太,広島東洋カープ,False,True,,needs_player_id,18,2016
empty_player_id,,中﨑 雄太,埼玉西武ライオンズ,False,True,,needs_player_id,2,2016
empty_player_id,,丸山 泰資,中日ドラゴンズ,False,True,,needs_player_id,2,2017
empty_player_id,,丸山 翔大,東京ヤクルトスワローズ,False,True,,needs_player_id,4,2023
empty_player_id,,丸山 貴史,東京ヤクルトスワローズ,False,True,,needs_player_id,8,2005
empty_player_id,,久保 康友,千葉ロッテマリーンズ,False,True,,needs_player_id,8,2005
empty_player_id,,久保 康友,横浜DeNAベイスターズ,False,True,,needs_player_id,8,2014
empty_player_id,,久保 康友,阪神タイガース,False,True,,needs_player_id,10,2009
empty_player_id,,久保 拓眞,東京ヤクルトスワローズ,False,True,,needs_player_id,8,2019
empty_player_id,,久保田 智之,阪神タイガース,False,True,,needs_player_id,18,2005
empty_player_id,,久保 裕也,東北楽天ゴールデンイーグルス,False,True,,needs_player_id,8,2017
empty_player_id,,久保 裕也,横浜DeNAベイスターズ,False,True,,needs_player_id,2,2016
empty_player_id,,久保 裕也,読売ジャイアンツ,False,True,,needs_player_id,18,2005
empty_player_id,,久古 健太郎,東京ヤクルトスワローズ,False,True,,needs_player_id,14,2011
empty_player_id,,久本 祐一,中日ドラゴンズ,False,True,,needs_player_id,12,2005
empty_player_id,,久本 祐一,広島東洋カープ,False,True,,needs_player_id,6,2013
empty_player_id,,久米 勇紀,福岡ソフトバンクホークス,False,True,,needs_player_id,6,2008
empty_player_id,,九里 亜蓮,広島東洋カープ,False,True,,needs_player_id,22,2014
empty_player_id,,乾 真大,北海道日本ハムファイターズ,False,True,,needs_player_id,10,2011
empty_player_id,,乾 真大,読売ジャイアンツ,False,True,,needs_player_id,4,2016
empty_player_id,,二保 旭,千葉ロッテマリーンズ,False,True,,needs_player_id,2,2024
empty_player_id,,二保 旭,福岡ソフトバンクホークス,False,True,,needs_player_id,14,2012
empty_player_id,,二保 旭,阪神タイガース,False,True,,needs_player_id,2,2021
empty_player_id,,二木 康太,千葉ロッテマリーンズ,False,True,,needs_player_id,16,2015
empty_player_id,,二神 一人,阪神タイガース,False,True,,needs_player_id,6,2012
empty_player_id,,五十嵐 亮太,東京ヤクルトスワローズ,False,True,,needs_player_id,12,2005
empty_player_id,,五十嵐 亮太,福岡ソフトバンクホークス,False,True,,needs_player_id,12,2013
empty_player_id,,井上 公志,中日ドラゴンズ,False,True,,needs_player_id,2,2013
empty_player_id,,井上 広輝,埼玉西武ライオンズ,False,True,,needs_player_id,2,2021
empty_player_id,,井上 温大,読売ジャイアンツ,False,True,,needs_player_id,6,2022
empty_player_id,,井上 雄介,東北楽天ゴールデンイーグルス,False,True,,needs_player_id,4,2010
empty_player_id,,井口 和朋,オリックス・バファローズ,False,True,,needs_player_id,2,2024
empty_player_id,,井口 和朋,北海道日本ハムファイターズ,False,True,,needs_player_id,16,2016
empty_player_id,,井坂 亮平,東北楽天ゴールデンイーグルス,False,True,,needs_player_id,6,2009
empty_player_id,,井場 友和,北海道日本ハムファイターズ,False,True,,needs_player_id,2,2005
empty_player_id,,井川 慶,阪神タイガース,False,True,,needs_player_id,4,2005
empty_player_id,,井納 翔一,横浜DeNAベイスターズ,False,True,,needs_player_id,16,2013
empty_player_id,,井納 翔一,読売ジャイアンツ,False,True,,needs_player_id,4,2021
empty_player_id,,京山 将弥,横浜DeNAベイスターズ,False,True,,needs_player_id,12,2018
empty_player_id,,京本 眞,読売ジャイアンツ,False,True,,needs_player_id,2,2024
empty_player_id,,仁部 智,広島東洋カープ,False,True,,needs_player_id,2,2005
empty_player_id,,今井 啓介,広島東洋カープ,False,True,,needs_player_id,16,2009
empty_player_id,,今井 達也,埼玉西武ライオンズ,False,True,,needs_player_id,14,2018
empty_player_id,,今朝丸裕喜,阪神タイガース,True,False,,needs_player_id,1,2025
empty_player_id,,今村 信貴,読売ジャイアンツ,False,True,,needs_player_id,22,2013
empty_player_id,,今村 猛,広島東洋カープ,False,True,,needs_player_id,22,2010
empty_player_id,,今永 昇太,横浜DeNAベイスターズ,False,True,,needs_player_id,16,2016
empty_player_id,,今野 龍太,東京ヤクルトスワローズ,False,True,,needs_player_id,10,2020
empty_player_id,,今野 龍太,東北楽天ゴールデンイーグルス,False,True,,needs_player_id,10,2014
empty_player_id,,代木 大和,読売ジャイアンツ,False,True,,needs_player_id,2,2023
empty_player_id,,仲地 礼亜,中日ドラゴンズ,False,True,,needs_player_id,4,2023
empty_player_id,,伊代野 貴照,阪神タイガース,False,True,,needs_player_id,4,2006
empty_player_id,,伊勢 大夢,横浜DeNAベイスターズ,False,True,,needs_player_id,10,2020
empty_player_id,,伊原陵人,阪神タイガース,True,False,,needs_player_id,1,2025
empty_player_id,,伊東 昂大,広島東洋カープ,False,True,,needs_player_id,2,2010
empty_player_id,,伊藤 優輔,読売ジャイアンツ,False,True,,needs_player_id,2,2024
empty_player_id,,伊藤 剛,北海道日本ハムファイターズ,False,True,,needs_player_id,8,2006
empty_player_id,,伊藤 和雄,阪神タイガース,False,True,,needs_player_id,12,2012
empty_player_id,,伊藤 大海,北海道日本ハムファイターズ,False,True,,needs_player_id,8,2021
empty_player_id,,伊藤 将司,阪神タイガース,False,True,,needs_player_id,8,2021
empty_player_id,,伊藤 拓郎,横浜DeNAベイスターズ,False,True,,needs_player_id,2,2012
empty_player_id,,伊藤 準規,中日ドラゴンズ,False,True,,needs_player_id,20,2009
empty_player_id,,伊藤 秀範,東京ヤクルトスワローズ,False,True,,needs_player_id,4,2007
empty_player_id,,伊藤 義弘,千葉ロッテマリーンズ,False,True,,needs_player_id,16,2008
empty_player_id,,伊藤 翔,埼玉西武ライオンズ,False,True,,needs_player_id,8,2018
empty_player_id,,伊藤 茉央,東北楽天ゴールデンイーグルス,False,True,,needs_player_id,4,2023
empty_player_id,,伊達 昌司,読売ジャイアンツ,False,True,,needs_player_id,2,2005
empty_player_id,,会田 有志,読売ジャイアンツ,False,True,,needs_player_id,4,2007
empty_player_id,,佐々岡 真司,広島東洋カープ,False,True,,needs_player_id,6,2005
empty_player_id,,佐々木 健,埼玉西武ライオンズ,False,True,,needs_player_id,6,2021
empty_player_id,,佐々木 千隼,千葉ロッテマリーンズ,False,True,,needs_player_id,12,2017
empty_player_id,,佐々木 千隼,横浜DeNAベイスターズ,False,True,,needs_player_id,2,2024
empty_player_id,,佐々木 朗希,千葉ロッテマリーンズ,False,True,,needs_player_id,8,2021
empty_player_id,,佐々木泰,広島東洋カープ,True,False,,needs_player_id,1,2025
empty_player_id,,佐々木 貴賀,北海道日本ハムファイターズ,False,True,,needs_player_id,2,2005
empty_player_id,,佐久本 昌広,阪神タイガース,False,True,,needs_player_id,2,2005
empty_player_id,,佐竹 健太,広島東洋カープ,False,True,,needs_player_id,6,2005
empty_player_id,,佐竹 健太,東北楽天ゴールデンイーグルス,False,True,,needs_player_id,10,2008
empty_player_id,,佐藤 一磨,オリックス・バファローズ,False,True,,needs_player_id,2,2024
empty_player_id,,佐藤 亮太,中日ドラゴンズ,False,True,,needs_player_id,6,2006
empty_player_id,,佐藤 優,中日ドラゴンズ,False,True,,needs_player_id,14,2016
empty_player_id,,佐藤 充,中日ドラゴンズ,False,True,,needs_player_id,8,2005
empty_player_id,,佐藤 剛士,広島東洋カープ,False,True,,needs_player_id,2,2006
empty_player_id,,佐藤 勇,埼玉西武ライオンズ,False,True,,needs_player_id,2,2016
empty_player_id,,佐藤 奨真,千葉ロッテマリーンズ,False,True,,needs_player_id,2,2022
empty_player_id,,佐藤 宏志,東北楽天ゴールデンイーグルス,False,True,,needs_player_id,4,2007
empty_player_id,,佐藤 宏志,読売ジャイアンツ,False,True,,needs_player_id,4,2005
empty_player_id,,佐藤柳之介,広島東洋カープ,True,False,,needs_player_id,1,2025
empty_player_id,,佐藤 祥万,広島東洋カープ,False,True,,needs_player_id,6,2016
empty_player_id,,佐藤 祥万,横浜DeNAベイスターズ,False,True,,needs_player_id,4,2012
empty_player_id,,佐藤 蓮,阪神タイガース,False,True,,needs_player_id,2,2024
empty_player_id,,佐藤 誠,福岡ソフトバンクホークス,False,True,,needs_player_id,10,2005
empty_player_id,,佐藤 賢,東京ヤクルトスワローズ,False,True,,needs_player_id,14,2005
empty_player_id,,佐藤　輝明,阪神タイガース,True,False,,needs_player_id,1,2025
empty_player_id,,佐藤 隼輔,埼玉西武ライオンズ,False,True,,needs_player_id,6,2022
empty_player_id,,佐野大陽,阪神タイガース,True,False,,needs_player_id,1,2025
empty_player_id,,佐野　恵太,横浜DeNAベイスターズ,True,False,,needs_player_id,1,2025
empty_player_id,,佐野 泰雄,埼玉西武ライオンズ,False,True,,needs_player_id,16,2015
empty_player_id,,倉野 信次,福岡ソフトバンクホークス,False,True,,needs_player_id,4,2005
empty_player_id,,光原 逸裕,千葉ロッテマリーンズ,False,True,,needs_player_id,2,2011
empty_player_id,,入来 祐作,北海道日本ハムファイターズ,False,True,,needs_player_id,2,2005
empty_player_id,,入江 大生,横浜DeNAベイスターズ,False,True,,needs_player_id,6,2021
empty_player_id,,入野 貴大,東北楽天ゴールデンイーグルス,False,True,,needs_player_id,6,2015
empty_player_id,,八木 亮祐,東京ヤクルトスワローズ,False,True,,needs_player_id,10,2012
empty_player_id,,八木 彬,千葉ロッテマリーンズ,False,True,,needs_player_id,6,2022
empty_player_id,,八木 智哉,中日ドラゴンズ,False,True,,needs_player_id,6,2015
empty_player_id,,八木 智哉,北海道日本ハムファイターズ,False,True,,needs_player_id,14,2006
empty_player_id,,公文 克彦,北海道日本ハムファイターズ,False,True,,needs_player_id,10,2017
empty_player_id,,公文 克彦,埼玉西武ライオンズ,False,True,,needs_player_id,6,2021
empty_player_id,,公文 克彦,読売ジャイアンツ,False,True,,needs_player_id,4,2013
empty_player_id,,内山　壮真,東京ヤクルトスワローズ,True,False,,needs_player_id,1,2025
empty_player_id,,内 星龍,東北楽天ゴールデンイーグルス,False,True,,needs_player_id,4,2023
empty_player_id,,内海 哲也,埼玉西武ライオンズ,False,True,,needs_player_id,6,2020
empty_player_id,,内海 哲也,読売ジャイアンツ,False,True,,needs_player_id,28,2005
empty_player_id,,内 竜也,千葉ロッテマリーンズ,False,True,,needs_player_id,22,2006
empty_player_id,,内間 拓馬,東北楽天ゴールデンイーグルス,False,True,,needs_player_id,4,2021
empty_player_id,,冨田 康祐,横浜DeNAベイスターズ,False,True,,needs_player_id,2,2013
empty_player_id,,則本 昂大,東北楽天ゴールデンイーグルス,False,True,,needs_player_id,24,2013
empty_player_id,,前 佑囲斗,オリックス・バファローズ,False,True,,needs_player_id,4,2023
empty_player_id,,前川 勝彦,阪神タイガース,False,True,,needs_player_id,2,2005
empty_player_id,,前田 健太,広島東洋カープ,False,True,,needs_player_id,16,2008
empty_player_id,,前田 幸長,読売ジャイアンツ,False,True,,needs_player_id,6,2005
empty_player_id,,前田 悠伍,福岡ソフトバンクホークス,False,True,,needs_player_id,2,2024
empty_player_id,,前田 純,福岡ソフトバンクホークス,False,True,,needs_player_id,2,2024
empty_player_id,,加治屋 蓮,福岡ソフトバンクホークス,False,True,,needs_player_id,10,2016
empty_player_id,,加治屋 蓮,阪神タイガース,False,True,,needs_player_id,8,2021
empty_player_id,,加藤 大輔,東北楽天ゴールデンイーグルス,False,True,,needs_player_id,4,2012
empty_player_id,,加藤 幹典,東京ヤクルトスワローズ,False,True,,needs_player_id,8,2008
empty_player_id,,加藤 康介,千葉ロッテマリーンズ,False,True,,needs_player_id,4,2005
empty_player_id,,加藤 康介,阪神タイガース,False,True,,needs_player_id,10,2011
empty_player_id,,加藤 拓也,広島東洋カープ,False,True,,needs_player_id,2,2017
empty_player_id,,加藤 正志,東北楽天ゴールデンイーグルス,False,True,,needs_player_id,4,2015
empty_player_id,,加藤 武治,北海道日本ハムファイターズ,False,True,,needs_player_id,2,2010
empty_player_id,,加藤 貴之,北海道日本ハムファイターズ,False,True,,needs_player_id,18,2016
empty_player_id,,加藤響,横浜DeNAベイスターズ,True,False,,needs_player_id,1,2025
empty_player_id,,加賀 繁,横浜DeNAベイスターズ,False,True,,needs_player_id,14,2012
empty_player_id,,加賀美 希昇,横浜DeNAベイスターズ,False,True,,needs_player_id,6,2012
empty_player_id,,勝野 昌慶,中日ドラゴンズ,False,True,,needs_player_id,12,2019
empty_player_id,,北山 亘基,北海道日本ハムファイターズ,False,True,,needs_player_id,6,2022
empty_player_id,,北村 拓己,読売ジャイアンツ,False,True,,needs_player_id,2,2023
empty_player_id,,北浦 竜次,北海道日本ハムファイターズ,False,True,,needs_player_id,14,2018
empty_player_id,,十亀 剣,埼玉西武ライオンズ,False,True,,needs_player_id,22,2012
empty_player_id,,千賀 滉大,福岡ソフトバンクホークス,False,True,,needs_player_id,22,2012
empty_player_id,,南川 忠亮,埼玉西武ライオンズ,False,True,,needs_player_id,8,2016
empty_player_id,,南 昌輝,千葉ロッテマリーンズ,False,True,,needs_player_id,18,2012
empty_player_id,,原 樹理,東京ヤクルトスワローズ,False,True,,needs_player_id,16,2016
empty_player_id,,又吉 克樹,中日ドラゴンズ,False,True,,needs_player_id,16,2014
empty_player_id,,又吉 克樹,福岡ソフトバンクホークス,False,True,,needs_player_id,6,2022
empty_player_id,,又木 鉄平,読売ジャイアンツ,False,True,,needs_player_id,2,2024
empty_player_id,,及川 雅貴,阪神タイガース,False,True,,needs_player_id,8,2021
empty_player_id,,古川 侑利,北海道日本ハムファイターズ,False,True,,needs_player_id,2,2022
empty_player_id,,古川 侑利,東北楽天ゴールデンイーグルス,False,True,,needs_player_id,10,2014
empty_player_id,,古川 侑利,福岡ソフトバンクホークス,False,True,,needs_player_id,2,2023
empty_player_id,,古川 侑利,読売ジャイアンツ,False,True,,needs_player_id,6,2019
empty_player_id,,古川 祐樹,読売ジャイアンツ,False,True,,needs_player_id,2,2009
empty_player_id,,古田島 成龍,オリックス・バファローズ,False,True,,needs_player_id,2,2024
empty_player_id,,古謝 樹,東北楽天ゴールデンイーグルス,False,True,,needs_player_id,2,2024
empty_player_id,,古谷 優人,福岡ソフトバンクホークス,False,True,,needs_player_id,4,2020
empty_player_id,,古谷 拓哉,千葉ロッテマリーンズ,False,True,,needs_player_id,18,2006
empty_player_id,,古谷 拓郎,千葉ロッテマリーンズ,False,True,,needs_player_id,2,2020
empty_player_id,,古賀輝希,埼玉西武ライオンズ,True,False,,needs_player_id,1,2025
empty_player_id,,古野 正人,東京ヤクルトスワローズ,False,True,,needs_player_id,10,2013
empty_player_id,,吉井 理人,千葉ロッテマリーンズ,False,True,,needs_player_id,2,2007
empty_player_id,,吉原 正平,千葉ロッテマリーンズ,False,True,,needs_player_id,2,2014
empty_player_id,,吉崎 勝,北海道日本ハムファイターズ,False,True,,needs_player_id,2,2005
empty_player_id,,吉崎 勝,東北楽天ゴールデンイーグルス,False,True,,needs_player_id,4,2007
empty_player_id,,吉川 光夫,北海道日本ハムファイターズ,False,True,,needs_player_id,24,2007
empty_player_id,,吉川 光夫,埼玉西武ライオンズ,False,True,,needs_player_id,2,2021
empty_player_id,,吉川 光夫,読売ジャイアンツ,False,True,,needs_player_id,6,2017
empty_player_id,,吉川　尚輝,読売ジャイアンツ,True,False,,needs_player_id,1,2025
empty_player_id,,吉川 昌宏,東京ヤクルトスワローズ,False,True,,needs_player_id,12,2005
empty_player_id,,吉川 輝昭,横浜DeNAベイスターズ,False,True,,needs_player_id,2,2013
empty_player_id,,吉川 輝昭,福岡ソフトバンクホークス,False,True,,needs_player_id,6,2010
empty_player_id,,吉川 雄大,東北楽天ゴールデンイーグルス,False,True,,needs_player_id,4,2022
empty_player_id,,吉村 貢司郎,東京ヤクルトスワローズ,False,True,,needs_player_id,4,2023
empty_player_id,,吉武 真太郎,福岡ソフトバンクホークス,False,True,,needs_player_id,4,2005
empty_player_id,,吉武 真太郎,読売ジャイアンツ,False,True,,needs_player_id,4,2007
empty_player_id,,吉田 一将,オリックス・バファローズ,False,True,,needs_player_id,6,2018
empty_player_id,,吉田 侑樹,北海道日本ハムファイターズ,False,True,,needs_player_id,8,2017
empty_player_id,,吉田 修司,福岡ソフトバンクホークス,False,True,,needs_player_id,2,2006
empty_player_id,,吉田 凌,オリックス・バファローズ,False,True,,needs_player_id,10,2019
empty_player_id,,吉田 凌,千葉ロッテマリーンズ,False,True,,needs_player_id,2,2024
empty_player_id,,吉田 大喜,東京ヤクルトスワローズ,False,True,,needs_player_id,6,2020
empty_player_id,,吉田聖弥,中日ドラゴンズ,True,False,,needs_player_id,1,2025
empty_player_id,,吉田 豊彦,東北楽天ゴールデンイーグルス,False,True,,needs_player_id,6,2005
empty_player_id,,吉田 輝星,オリックス・バファローズ,False,True,,needs_player_id,2,2024
empty_player_id,,吉田 輝星,北海道日本ハムファイターズ,False,True,,needs_player_id,10,2019
empty_player_id,,吉納翼,東北楽天ゴールデンイーグルス,True,False,,needs_player_id,1,2025
empty_player_id,,吉見 一起,中日ドラゴンズ,False,True,,needs_player_id,30,2006
empty_player_id,,吉見 祐治,千葉ロッテマリーンズ,False,True,,needs_player_id,8,2010
empty_player_id,,吉野 光樹,横浜DeNAベイスターズ,False,True,,needs_player_id,2,2024
empty_player_id,,吉野 誠,阪神タイガース,False,True,,needs_player_id,6,2005
empty_player_id,,呉 偲佑,千葉ロッテマリーンズ,False,True,,needs_player_id,2,2008
empty_player_id,,呉 昇桓,阪神タイガース,False,True,,needs_player_id,4,2014
empty_player_id,,和田 毅,福岡ソフトバンクホークス,False,True,,needs_player_id,30,2005
empty_player_id,,唐川 侑己,千葉ロッテマリーンズ,False,True,,needs_player_id,34,2008
empty_player_id,,嘉弥真 新也,東京ヤクルトスワローズ,False,True,,needs_player_id,2,2024
empty_player_id,,嘉弥真 新也,福岡ソフトバンクホークス,False,True,,needs_player_id,24,2012
empty_player_id,,国吉 佑樹,千葉ロッテマリーンズ,False,True,,needs_player_id,8,2021
empty_player_id,,国吉 佑樹,横浜DeNAベイスターズ,False,True,,needs_player_id,20,2012
empty_player_id,,國場 翼,埼玉西武ライオンズ,False,True,,needs_player_id,6,2016
empty_player_id,,土居 豪人,千葉ロッテマリーンズ,False,True,,needs_player_id,2,2021
empty_player_id,,土屋 健二,北海道日本ハムファイターズ,False,True,,needs_player_id,4,2010
empty_player_id,,土屋 健二,横浜DeNAベイスターズ,False,True,,needs_player_id,4,2013
empty_player_id,,土屋 朋弘,東北楽天ゴールデンイーグルス,False,True,,needs_player_id,8,2010
empty_player_id,,土本 恭平,読売ジャイアンツ,False,True,,needs_player_id,2,2010
empty_player_id,,土生 翔太,中日ドラゴンズ,False,True,,needs_player_id,2,2024
empty_player_id,,土田 瑞起,読売ジャイアンツ,False,True,,needs_player_id,6,2014
empty_player_id,,土肥 寛昌,東京ヤクルトスワローズ,False,True,,needs_player_id,4,2016
empty_player_id,,土肥 星也,千葉ロッテマリーンズ,False,True,,needs_player_id,10,2017
empty_player_id,,土肥 義弘,埼玉西武ライオンズ,False,True,,needs_player_id,4,2009
empty_player_id,,坂井遼,千葉ロッテマリーンズ,True,False,,needs_player_id,1,2025
empty_player_id,,坂井 陽翔,東北楽天ゴールデンイーグルス,False,True,,needs_player_id,2,2024
empty_player_id,,坂元 弥太郎,北海道日本ハムファイターズ,False,True,,needs_player_id,4,2008
empty_player_id,,坂元 弥太郎,埼玉西武ライオンズ,False,True,,needs_player_id,4,2011
empty_player_id,,坂元 弥太郎,東京ヤクルトスワローズ,False,True,,needs_player_id,6,2005
empty_player_id,,坂口翔颯,横浜DeNAベイスターズ,True,False,,needs_player_id,1,2025
empty_player_id,,坂本 光士郎,千葉ロッテマリーンズ,False,True,,needs_player_id,6,2022
empty_player_id,,坂本 光士郎,東京ヤクルトスワローズ,False,True,,needs_player_id,8,2019
empty_player_id,,坂本 工宜,読売ジャイアンツ,False,True,,needs_player_id,2,2019
empty_player_id,,坂本 裕哉,横浜DeNAベイスターズ,False,True,,needs_player_id,10,2020
empty_player_id,,堀岡 隼人,横浜DeNAベイスターズ,False,True,,needs_player_id,2,2024
empty_player_id,,堀岡 隼人,読売ジャイアンツ,False,True,,needs_player_id,6,2019
empty_player_id,,堀 瑞輝,北海道日本ハムファイターズ,False,True,,needs_player_id,16,2017
empty_player_id,,堀田 賢慎,読売ジャイアンツ,False,True,,needs_player_id,6,2022
empty_player_id,,塩見 貴洋,東北楽天ゴールデンイーグルス,False,True,,needs_player_id,22,2011
empty_player_id,,塹江 敦哉,広島東洋カープ,False,True,,needs_player_id,14,2016
empty_player_id,,増井 浩俊,オリックス・バファローズ,False,True,,needs_player_id,10,2018
empty_player_id,,増井 浩俊,北海道日本ハムファイターズ,False,True,,needs_player_id,16,2010
empty_player_id,,増渕 竜義,東京ヤクルトスワローズ,False,True,,needs_player_id,14,2007
empty_player_id,,増田 大輝,読売ジャイアンツ,False,True,,needs_player_id,2,2020
empty_player_id,,増田 達至,埼玉西武ライオンズ,False,True,,needs_player_id,24,2013
empty_player_id,,多和田 真三郎,埼玉西武ライオンズ,False,True,,needs_player_id,8,2016
empty_player_id,,多田野 数人,北海道日本ハムファイターズ,False,True,,needs_player_id,14,2008
empty_player_id,,大下 佑馬,東京ヤクルトスワローズ,False,True,,needs_player_id,10,2018
empty_player_id,,大勢,読売ジャイアンツ,False,True,,needs_player_id,6,2022
empty_player_id,,大原 慎司,横浜DeNAベイスターズ,False,True,,needs_player_id,10,2012
empty_player_id,,大場 翔太,福岡ソフトバンクホークス,False,True,,needs_player_id,14,2008
empty_player_id,,大場 達也,東京ヤクルトスワローズ,False,True,,needs_player_id,2,2013
empty_player_id,,大塚 尚仁,東北楽天ゴールデンイーグルス,False,True,,needs_player_id,4,2015
empty_player_id,,大塚 豊,北海道日本ハムファイターズ,False,True,,needs_player_id,8,2011
empty_player_id,,大山 凌,福岡ソフトバンクホークス,False,True,,needs_player_id,2,2024
empty_player_id,,大山　悠輔,阪神タイガース,True,False,,needs_player_id,1,2025
empty_player_id,,大山 暁史,オリックス・バファローズ,False,True,,needs_player_id,2,2018
empty_player_id,,大島 崇行,広島東洋カープ,False,True,,needs_player_id,16,2005
empty_player_id,,大嶺 祐太,千葉ロッテマリーンズ,False,True,,needs_player_id,24,2007
empty_player_id,,大曲 錬,埼玉西武ライオンズ,False,True,,needs_player_id,6,2021
empty_player_id,,大江 竜聖,読売ジャイアンツ,False,True,,needs_player_id,12,2019
empty_player_id,,大沼 幸二,埼玉西武ライオンズ,False,True,,needs_player_id,12,2005
empty_player_id,,大津 亮介,福岡ソフトバンクホークス,False,True,,needs_player_id,4,2023
empty_player_id,,大瀬良 大地,広島東洋カープ,False,True,,needs_player_id,22,2014
empty_player_id,,大田 阿斗里,横浜DeNAベイスターズ,False,True,,needs_player_id,4,2013
empty_player_id,,大石 達也,埼玉西武ライオンズ,False,True,,needs_player_id,14,2012
empty_player_id,,大竹 寛,広島東洋カープ,False,True,,needs_player_id,18,2005
empty_player_id,,大竹 寛,読売ジャイアンツ,False,True,,needs_player_id,16,2014
empty_player_id,,大竹 耕太郎,福岡ソフトバンクホークス,False,True,,needs_player_id,10,2018
empty_player_id,,大竹 耕太郎,阪神タイガース,False,True,,needs_player_id,4,2023
empty_player_id,,大西 広樹,東京ヤクルトスワローズ,False,True,,needs_player_id,10,2020
empty_player_id,,大谷 智久,千葉ロッテマリーンズ,False,True,,needs_player_id,20,2010
empty_player_id,,大谷 翔平,北海道日本ハムファイターズ,False,True,,needs_player_id,10,2013
empty_player_id,,大谷 輝龍,千葉ロッテマリーンズ,False,True,,needs_player_id,2,2024
empty_player_id,,大貫 晋一,横浜DeNAベイスターズ,False,True,,needs_player_id,12,2019
empty_player_id,,大道 温貴,広島東洋カープ,False,True,,needs_player_id,8,2021
empty_player_id,,大野 雄大,中日ドラゴンズ,False,True,,needs_player_id,28,2011
empty_player_id,,大関 友久,福岡ソフトバンクホークス,False,True,,needs_player_id,8,2021
empty_player_id,,大隣 憲司,千葉ロッテマリーンズ,False,True,,needs_player_id,2,2018
empty_player_id,,大隣 憲司,福岡ソフトバンクホークス,False,True,,needs_player_id,22,2007
empty_player_id,,天野 浩一,広島東洋カープ,False,True,,needs_player_id,2,2005
empty_player_id,,太田　椋,オリックス・バファローズ,True,False,,needs_player_id,2,2025
empty_player_id,,太陽,阪神タイガース,False,True,,needs_player_id,8,2005
empty_player_id,,奥川 恭伸,東京ヤクルトスワローズ,False,True,,needs_player_id,8,2020
empty_player_id,,奥村 政稔,福岡ソフトバンクホークス,False,True,,needs_player_id,6,2019
empty_player_id,,姜 建銘,読売ジャイアンツ,False,True,,needs_player_id,4,2006
empty_player_id,,宇田川 優希,オリックス・バファローズ,False,True,,needs_player_id,6,2022
empty_player_id,,宇野真仁朗,福岡ソフトバンクホークス,True,False,,needs_player_id,1,2025
empty_player_id,,宇野 雅美,東京ヤクルトスワローズ,False,True,,needs_player_id,2,2005
empty_player_id,,守屋 功輝,阪神タイガース,False,True,,needs_player_id,12,2016
empty_player_id,,安徳駿,福岡ソフトバンクホークス,True,False,,needs_player_id,1,2025
empty_player_id,,安樂 智大,東北楽天ゴールデンイーグルス,False,True,,needs_player_id,18,2015
empty_player_id,,安藤 優也,阪神タイガース,False,True,,needs_player_id,26,2005
empty_player_id,,安部 建輝,横浜DeNAベイスターズ,False,True,,needs_player_id,6,2013
empty_player_id,,宋 家豪,東北楽天ゴールデンイーグルス,False,True,,needs_player_id,16,2017
empty_player_id,,宗山　塁,東北楽天ゴールデンイーグルス,True,False,,needs_player_id,3,2025
empty_player_id,,宮内 春輝,北海道日本ハムファイターズ,False,True,,needs_player_id,2,2023
empty_player_id,,宮原駿介,読売ジャイアンツ,True,False,,needs_player_id,1,2025
empty_player_id,,宮台 康平,北海道日本ハムファイターズ,False,True,,needs_player_id,2,2018
empty_player_id,,宮台 康平,東京ヤクルトスワローズ,False,True,,needs_player_id,2,2022
empty_player_id,,宮國 椋丞,横浜DeNAベイスターズ,False,True,,needs_player_id,6,2021
empty_player_id,,宮國 椋丞,読売ジャイアンツ,False,True,,needs_player_id,18,2012
empty_player_id,,宮城 大弥,オリックス・バファローズ,False,True,,needs_player_id,10,2020
empty_player_id,,宮城 滝太,横浜DeNAベイスターズ,False,True,,needs_player_id,4,2023
empty_player_id,,宮崎 充登,広島東洋カープ,False,True,,needs_player_id,4,2007
empty_player_id,,宮崎竜成,千葉ロッテマリーンズ,True,False,,needs_player_id,1,2025
empty_player_id,,宮川 哲,埼玉西武ライオンズ,False,True,,needs_player_id,8,2020
empty_player_id,,宮川 哲,東京ヤクルトスワローズ,False,True,,needs_player_id,2,2024
empty_player_id,,宮川 将,東北楽天ゴールデンイーグルス,False,True,,needs_player_id,6,2013
empty_player_id,,宮本 賢,北海道日本ハムファイターズ,False,True,,needs_player_id,6,2008
empty_player_id,,宮森 智志,東北楽天ゴールデンイーグルス,False,True,,needs_player_id,6,2022
empty_player_id,,宮田 和希,埼玉西武ライオンズ,False,True,,needs_player_id,10,2009
empty_player_id,,宮西 尚生,北海道日本ハムファイターズ,False,True,,needs_player_id,34,2008
empty_player_id,,宮越 徹,埼玉西武ライオンズ,False,True,,needs_player_id,6,2005
empty_player_id,,宮﨑 敦次,千葉ロッテマリーンズ,False,True,,needs_player_id,4,2016
empty_player_id,,富山 凌雅,オリックス・バファローズ,False,True,,needs_player_id,10,2019
empty_player_id,,富田 蓮,阪神タイガース,False,True,,needs_player_id,4,2023
empty_player_id,,寺原 隼人,東京ヤクルトスワローズ,False,True,,needs_player_id,2,2019
empty_player_id,,寺原 隼人,福岡ソフトバンクホークス,False,True,,needs_player_id,16,2005
empty_player_id,,寺地　隆成,千葉ロッテマリーンズ,True,False,,needs_player_id,2,2025
empty_player_id,,寺岡 寛治,東北楽天ゴールデンイーグルス,False,True,,needs_player_id,4,2019
empty_player_id,,寺島 成輝,東京ヤクルトスワローズ,False,True,,needs_player_id,10,2017
empty_player_id,,寺田 哲也,東京ヤクルトスワローズ,False,True,,needs_player_id,4,2015
empty_player_id,,寺西成騎,オリックス・バファローズ,True,False,,needs_player_id,1,2025
empty_player_id,,小倉 恒,東北楽天ゴールデンイーグルス,False,True,,needs_player_id,8,2005
empty_player_id,,小園 健太,横浜DeNAベイスターズ,False,True,,needs_player_id,2,2024
empty_player_id,,小園　海斗,広島東洋カープ,True,False,,needs_player_id,1,2025
empty_player_id,,小孫 竜二,東北楽天ゴールデンイーグルス,False,True,,needs_player_id,4,2023
empty_player_id,,小宮山 悟,千葉ロッテマリーンズ,False,True,,needs_player_id,10,2005
empty_player_id,,小山 伸一郎,東北楽天ゴールデンイーグルス,False,True,,needs_player_id,22,2005
empty_player_id,,小山田 保裕,広島東洋カープ,False,True,,needs_player_id,6,2005
empty_player_id,,小山 雄輝,東北楽天ゴールデンイーグルス,False,True,,needs_player_id,2,2017
empty_player_id,,小山 雄輝,読売ジャイアンツ,False,True,,needs_player_id,12,2011
empty_player_id,,小峯 新陸,東北楽天ゴールデンイーグルス,False,True,,needs_player_id,2,2022
empty_player_id,,小島 和哉,千葉ロッテマリーンズ,False,True,,needs_player_id,12,2019
empty_player_id,,小島 心二郎,広島東洋カープ,False,True,,needs_player_id,4,2007
empty_player_id,,小島 紳二郎,広島東洋カープ,False,True,,needs_player_id,4,2005
empty_player_id,,小嶋 達也,阪神タイガース,False,True,,needs_player_id,16,2007
empty_player_id,,小川 一平,阪神タイガース,False,True,,needs_player_id,6,2020
empty_player_id,,小川 泰弘,東京ヤクルトスワローズ,False,True,,needs_player_id,24,2013
empty_player_id,,小川 龍也,中日ドラゴンズ,False,True,,needs_player_id,14,2011
empty_player_id,,小川 龍也,埼玉西武ライオンズ,False,True,,needs_player_id,8,2018
empty_player_id,,小木田 敦也,オリックス・バファローズ,False,True,,needs_player_id,6,2022
empty_player_id,,小杉 陽太,横浜DeNAベイスターズ,False,True,,needs_player_id,10,2012
empty_player_id,,小松 剛,広島東洋カープ,False,True,,needs_player_id,4,2009
empty_player_id,,小林 太志,横浜DeNAベイスターズ,False,True,,needs_player_id,6,2012
empty_player_id,,小林宏,千葉ロッテマリーンズ,False,True,,needs_player_id,2,2010
empty_player_id,,小林宏,埼玉西武ライオンズ,False,True,,needs_player_id,2,2014
empty_player_id,,小林 宏,東北楽天ゴールデンイーグルス,False,True,,needs_player_id,2,2005
empty_player_id,,小林宏,阪神タイガース,False,True,,needs_player_id,2,2011
empty_player_id,,小林 宏之,千葉ロッテマリーンズ,False,True,,needs_player_id,10,2005
empty_player_id,,小林 寛,横浜DeNAベイスターズ,False,True,,needs_player_id,8,2013
empty_player_id,,小林 幹英,広島東洋カープ,False,True,,needs_player_id,2,2005
empty_player_id,,小林 慶祐,オリックス・バファローズ,False,True,,needs_player_id,6,2018
empty_player_id,,小林 慶祐,阪神タイガース,False,True,,needs_player_id,8,2020
empty_player_id,,小林 敦,千葉ロッテマリーンズ,False,True,,needs_player_id,2,2011
empty_player_id,,小林 樹斗,広島東洋カープ,False,True,,needs_player_id,4,2021
empty_player_id,,小林正,中日ドラゴンズ,False,True,,needs_player_id,2,2012
empty_player_id,,小林 正人,中日ドラゴンズ,False,True,,needs_player_id,18,2005
empty_player_id,,小林 雅英,千葉ロッテマリーンズ,False,True,,needs_player_id,6,2005
empty_player_id,,小林 雅英,読売ジャイアンツ,False,True,,needs_player_id,2,2010
empty_player_id,,小椋 真介,福岡ソフトバンクホークス,False,True,,needs_player_id,8,2007
empty_player_id,,小池 秀郎,東北楽天ゴールデンイーグルス,False,True,,needs_player_id,2,2005
empty_player_id,,小沼 健太,千葉ロッテマリーンズ,False,True,,needs_player_id,4,2022
empty_player_id,,小澤 怜史,東京ヤクルトスワローズ,False,True,,needs_player_id,6,2022
empty_player_id,,小澤 怜史,福岡ソフトバンクホークス,False,True,,needs_player_id,2,2017
empty_player_id,,小熊 凌祐,中日ドラゴンズ,False,True,,needs_player_id,18,2011
empty_player_id,,小石 博孝,埼玉西武ライオンズ,False,True,,needs_player_id,16,2012
empty_player_id,,小笠原 孝,中日ドラゴンズ,False,True,,needs_player_id,16,2005
empty_player_id,,小笠原 慎之介,中日ドラゴンズ,False,True,,needs_player_id,18,2016
empty_player_id,,小野 剛,埼玉西武ライオンズ,False,True,,needs_player_id,2,2006
empty_player_id,,小野寺 力,埼玉西武ライオンズ,False,True,,needs_player_id,12,2005
empty_player_id,,小野寺 力,東京ヤクルトスワローズ,False,True,,needs_player_id,4,2011
empty_player_id,,小野 晋吾,千葉ロッテマリーンズ,False,True,,needs_player_id,16,2005
empty_player_id,,小野 泰己,オリックス・バファローズ,False,True,,needs_player_id,2,2023
empty_player_id,,小野 泰己,阪神タイガース,False,True,,needs_player_id,10,2017
empty_player_id,,小野 淳平,広島東洋カープ,False,True,,needs_player_id,6,2013
empty_player_id,,小野 淳平,読売ジャイアンツ,False,True,,needs_player_id,4,2011
empty_player_id,,小野 郁,千葉ロッテマリーンズ,False,True,,needs_player_id,10,2020
empty_player_id,,小野 郁,東北楽天ゴールデンイーグルス,False,True,,needs_player_id,10,2015
empty_player_id,,尚成,横浜DeNAベイスターズ,False,True,,needs_player_id,2,2014
empty_player_id,,尾仲 祐哉,東京ヤクルトスワローズ,False,True,,needs_player_id,4,2023
empty_player_id,,尾仲 祐哉,横浜DeNAベイスターズ,False,True,,needs_player_id,2,2017
empty_player_id,,尾仲 祐哉,阪神タイガース,False,True,,needs_player_id,8,2018
empty_player_id,,尾形 崇斗,福岡ソフトバンクホークス,False,True,,needs_player_id,10,2020
empty_player_id,,屋宜 照悟,北海道日本ハムファイターズ,False,True,,needs_player_id,4,2013
empty_player_id,,屋宜 照悟,東京ヤクルトスワローズ,False,True,,needs_player_id,4,2017
empty_player_id,,山下 舜平大,オリックス・バファローズ,False,True,,needs_player_id,4,2023
empty_player_id,,山下 輝,東京ヤクルトスワローズ,False,True,,needs_player_id,2,2022
empty_player_id,,山中 浩史,東京ヤクルトスワローズ,False,True,,needs_player_id,14,2014
empty_player_id,,山中 浩史,福岡ソフトバンクホークス,False,True,,needs_player_id,4,2013
empty_player_id,,山中稜真,オリックス・バファローズ,True,False,,needs_player_id,1,2025
empty_player_id,,山井 大介,中日ドラゴンズ,False,True,,needs_player_id,32,2005
empty_player_id,,山内 壮馬,中日ドラゴンズ,False,True,,needs_player_id,14,2008
empty_player_id,,山内 壮馬,東北楽天ゴールデンイーグルス,False,True,,needs_player_id,2,2016
empty_player_id,,山北 茂利,千葉ロッテマリーンズ,False,True,,needs_player_id,4,2005
empty_player_id,,山口 俊,横浜DeNAベイスターズ,False,True,,needs_player_id,10,2012
empty_player_id,,山口 俊,読売ジャイアンツ,False,True,,needs_player_id,10,2017
empty_player_id,,山口廉王,オリックス・バファローズ,True,False,,needs_player_id,1,2025
empty_player_id,,山口 翔,広島東洋カープ,False,True,,needs_player_id,2,2019
empty_player_id,,山口 鉄也,読売ジャイアンツ,False,True,,needs_player_id,22,2007
empty_player_id,,山城航太郎,北海道日本ハムファイターズ,True,False,,needs_player_id,1,2025
empty_player_id,,山室 公志郎,千葉ロッテマリーンズ,False,True,,needs_player_id,2,2010
empty_player_id,,山岡 泰輔,オリックス・バファローズ,False,True,,needs_player_id,14,2018
empty_player_id,,山岸 穣,埼玉西武ライオンズ,False,True,,needs_player_id,10,2005
empty_player_id,,山岸 穣,東京ヤクルトスワローズ,False,True,,needs_player_id,4,2010
empty_player_id,,山崎 健,千葉ロッテマリーンズ,False,True,,needs_player_id,2,2005
empty_player_id,,山崎 康晃,横浜DeNAベイスターズ,False,True,,needs_player_id,2,2015
empty_player_id,,山崎 敏,埼玉西武ライオンズ,False,True,,needs_player_id,6,2005
empty_player_id,,山川　穂高,福岡ソフトバンクホークス,True,False,,needs_player_id,2,2025
empty_player_id,,山本 一徳,北海道日本ハムファイターズ,False,True,,needs_player_id,6,2007
empty_player_id,,山本 一徳,千葉ロッテマリーンズ,False,True,,needs_player_id,2,2011
empty_player_id,,山本 一輝,読売ジャイアンツ,False,True,,needs_player_id,2,2022
empty_player_id,,山本 哲哉,東京ヤクルトスワローズ,False,True,,needs_player_id,14,2011
empty_player_id,,山本 大貴,千葉ロッテマリーンズ,False,True,,needs_player_id,4,2018
empty_player_id,,山本 大貴,東京ヤクルトスワローズ,False,True,,needs_player_id,6,2022
empty_player_id,,山本 徹矢,千葉ロッテマリーンズ,False,True,,needs_player_id,2,2011
empty_player_id,,山本 拓実,中日ドラゴンズ,False,True,,needs_player_id,12,2018
empty_player_id,,山本 拓実,北海道日本ハムファイターズ,False,True,,needs_player_id,4,2023
empty_player_id,,山本 斉,東京ヤクルトスワローズ,False,True,,needs_player_id,6,2009
empty_player_id,,山本昌,中日ドラゴンズ,False,True,,needs_player_id,20,2005
empty_player_id,,山本 樹,東京ヤクルトスワローズ,False,True,,needs_player_id,2,2005
empty_player_id,,山本 歩,埼玉西武ライオンズ,False,True,,needs_player_id,2,2007
empty_player_id,,山本 淳,埼玉西武ライオンズ,False,True,,needs_player_id,8,2009
empty_player_id,,山本 由伸,オリックス・バファローズ,False,True,,needs_player_id,12,2018
empty_player_id,,山本 省吾,横浜DeNAベイスターズ,False,True,,needs_player_id,2,2012
empty_player_id,,山本 省吾,福岡ソフトバンクホークス,False,True,,needs_player_id,2,2013
empty_player_id,,山本 翔也,阪神タイガース,False,True,,needs_player_id,10,2014
empty_player_id,,山本 雅士,中日ドラゴンズ,False,True,,needs_player_id,2,2015
empty_player_id,,山村 宏樹,東北楽天ゴールデンイーグルス,False,True,,needs_player_id,12,2005
empty_player_id,,山村 路直,福岡ソフトバンクホークス,False,True,,needs_player_id,6,2005
empty_player_id,,山田 修義,オリックス・バファローズ,False,True,,needs_player_id,14,2018
empty_player_id,,山田 大樹,東京ヤクルトスワローズ,False,True,,needs_player_id,6,2018
empty_player_id,,山田 大樹,福岡ソフトバンクホークス,False,True,,needs_player_id,14,2010
empty_player_id,,山田 秋親,福岡ソフトバンクホークス,False,True,,needs_player_id,6,2005
empty_player_id,,山県秀,北海道日本ハムファイターズ,True,False,,needs_player_id,1,2025
empty_player_id,,山部 太,東京ヤクルトスワローズ,False,True,,needs_player_id,4,2005
empty_player_id,,山野 太一,東京ヤクルトスワローズ,False,True,,needs_player_id,6,2021
empty_player_id,,山﨑 伊織,読売ジャイアンツ,False,True,,needs_player_id,6,2022
empty_player_id,,山﨑 康晃,横浜DeNAベイスターズ,False,True,,needs_player_id,18,2016
empty_player_id,,山﨑 福也,オリックス・バファローズ,False,True,,needs_player_id,12,2018
empty_player_id,,山﨑 福也,北海道日本ハムファイターズ,False,True,,needs_player_id,2,2024
empty_player_id,,山﨑 颯一郎,オリックス・バファローズ,False,True,,needs_player_id,8,2021
empty_player_id,,岡島 秀樹,北海道日本ハムファイターズ,False,True,,needs_player_id,2,2006
empty_player_id,,岡島 秀樹,横浜DeNAベイスターズ,False,True,,needs_player_id,2,2015
empty_player_id,,岡島 秀樹,福岡ソフトバンクホークス,False,True,,needs_player_id,4,2012
empty_player_id,,岡島 秀樹,読売ジャイアンツ,False,True,,needs_player_id,2,2005
empty_player_id,,岡本 健,福岡ソフトバンクホークス,False,True,,needs_player_id,6,2016
empty_player_id,,岡本 劼能,福岡ソフトバンクホークス,False,True,,needs_player_id,2,2005
empty_player_id,,岡本 慎也,埼玉西武ライオンズ,False,True,,needs_player_id,2,2009
empty_player_id,,岡本 洋介,埼玉西武ライオンズ,False,True,,needs_player_id,14,2010
empty_player_id,,岡本 洋介,阪神タイガース,False,True,,needs_player_id,4,2018
empty_player_id,,岡本 直也,東京ヤクルトスワローズ,False,True,,needs_player_id,2,2011
empty_player_id,,岡本 真也,中日ドラゴンズ,False,True,,needs_player_id,6,2005
empty_player_id,,岡本 真也,埼玉西武ライオンズ,False,True,,needs_player_id,2,2008
empty_player_id,,岡本 秀寛,東京ヤクルトスワローズ,False,True,,needs_player_id,4,2008
empty_player_id,,岡本 篤志,埼玉西武ライオンズ,False,True,,needs_player_id,22,2005
empty_player_id,,岡本駿,広島東洋カープ,True,False,,needs_player_id,1,2025
empty_player_id,,岡林　勇希,中日ドラゴンズ,True,False,,needs_player_id,1,2025
empty_player_id,,岡田 俊哉,中日ドラゴンズ,False,True,,needs_player_id,20,2013
empty_player_id,,岡田 明丈,広島東洋カープ,False,True,,needs_player_id,8,2016
empty_player_id,,岡留 英貴,阪神タイガース,False,True,,needs_player_id,4,2023
empty_player_id,,岡野 祐一郎,中日ドラゴンズ,False,True,,needs_player_id,8,2020
empty_player_id,,岩下 修壱,北海道日本ハムファイターズ,False,True,,needs_player_id,2,2006
empty_player_id,,岩下 大輝,千葉ロッテマリーンズ,False,True,,needs_player_id,14,2018
empty_player_id,,岩井 俊介,福岡ソフトバンクホークス,False,True,,needs_player_id,2,2024
empty_player_id,,岩尾 利弘,埼玉西武ライオンズ,False,True,,needs_player_id,10,2010
empty_player_id,,岩崎 優,阪神タイガース,False,True,,needs_player_id,22,2014
empty_player_id,,岩崎 哲也,埼玉西武ライオンズ,False,True,,needs_player_id,10,2007
empty_player_id,,岩崎峻典,福岡ソフトバンクホークス,True,False,,needs_player_id,1,2025
empty_player_id,,岩嵜 翔,中日ドラゴンズ,False,True,,needs_player_id,4,2022
empty_player_id,,岩嵜 翔,福岡ソフトバンクホークス,False,True,,needs_player_id,28,2008
empty_player_id,,岩本 勉,北海道日本ハムファイターズ,False,True,,needs_player_id,2,2005
empty_player_id,,岩本 輝,オリックス・バファローズ,False,True,,needs_player_id,4,2018
empty_player_id,,岩本 輝,阪神タイガース,False,True,,needs_player_id,8,2012
empty_player_id,,岩橋 慶侍,東京ヤクルトスワローズ,False,True,,needs_player_id,8,2014
empty_player_id,,岩瀬 仁紀,中日ドラゴンズ,False,True,,needs_player_id,26,2005
empty_player_id,,岩田 慎司,中日ドラゴンズ,False,True,,needs_player_id,14,2010
empty_player_id,,岩田 稔,阪神タイガース,False,True,,needs_player_id,30,2006
empty_player_id,,岩見 優輝,広島東洋カープ,False,True,,needs_player_id,4,2011
empty_player_id,,岩貞 祐太,阪神タイガース,False,True,,needs_player_id,22,2014
empty_player_id,,岩隈 久志,東北楽天ゴールデンイーグルス,False,True,,needs_player_id,14,2005
empty_player_id,,岸 孝之,埼玉西武ライオンズ,False,True,,needs_player_id,20,2007
empty_player_id,,岸 孝之,東北楽天ゴールデンイーグルス,False,True,,needs_player_id,16,2017
empty_player_id,,岸本 秀樹,広島東洋カープ,False,True,,needs_player_id,8,2008
empty_player_id,,岸田 護,オリックス・バファローズ,False,True,,needs_player_id,4,2018
empty_player_id,,島内 颯太郎,広島東洋カープ,False,True,,needs_player_id,12,2019
empty_player_id,,島本 浩也,阪神タイガース,False,True,,needs_player_id,14,2015
empty_player_id,,島袋 洋奨,福岡ソフトバンクホークス,False,True,,needs_player_id,2,2015
empty_player_id,,川上 憲伸,中日ドラゴンズ,False,True,,needs_player_id,14,2005
empty_player_id,,川井 貴志,千葉ロッテマリーンズ,False,True,,needs_player_id,2,2005
empty_player_id,,川井 貴志,東北楽天ゴールデンイーグルス,False,True,,needs_player_id,20,2006
empty_player_id,,川井 進,中日ドラゴンズ,False,True,,needs_player_id,4,2005
empty_player_id,,川井 雄太,中日ドラゴンズ,False,True,,needs_player_id,6,2009
empty_player_id,,川原 弘之,福岡ソフトバンクホークス,False,True,,needs_player_id,10,2012
empty_player_id,,川原 陸,阪神タイガース,False,True,,needs_player_id,2,2024
empty_player_id,,川尻 哲郎,東北楽天ゴールデンイーグルス,False,True,,needs_player_id,2,2005
empty_player_id,,川岸 強,中日ドラゴンズ,False,True,,needs_player_id,2,2005
empty_player_id,,川岸 強,東北楽天ゴールデンイーグルス,False,True,,needs_player_id,10,2007
empty_player_id,,川島 亮,東京ヤクルトスワローズ,False,True,,needs_player_id,14,2005
empty_player_id,,川崎 貴弘,中日ドラゴンズ,False,True,,needs_player_id,2,2013
empty_player_id,,川崎 雄介,千葉ロッテマリーンズ,False,True,,needs_player_id,8,2006
empty_player_id,,川崎 雄介,埼玉西武ライオンズ,False,True,,needs_player_id,2,2013
empty_player_id,,川崎 雄介,阪神タイガース,False,True,,needs_player_id,6,2010
empty_player_id,,川瀬 堅斗,オリックス・バファローズ,False,True,,needs_player_id,2,2024
empty_player_id,,川越 英隆,千葉ロッテマリーンズ,False,True,,needs_player_id,4,2010
empty_player_id,,工藤 公康,埼玉西武ライオンズ,False,True,,needs_player_id,2,2010
empty_player_id,,工藤 公康,読売ジャイアンツ,False,True,,needs_player_id,4,2005
empty_player_id,,左澤 優,オリックス・バファローズ,False,True,,needs_player_id,4,2019
empty_player_id,,巽 真悟,福岡ソフトバンクホークス,False,True,,needs_player_id,12,2009
empty_player_id,,市川 悠太,東京ヤクルトスワローズ,False,True,,needs_player_id,4,2022
empty_player_id,,帆足 和幸,埼玉西武ライオンズ,False,True,,needs_player_id,14,2005
empty_player_id,,帆足 和幸,福岡ソフトバンクホークス,False,True,,needs_player_id,8,2012
empty_player_id,,常廣 羽也斗,広島東洋カープ,False,True,,needs_player_id,2,2024
empty_player_id,,平井 克典,埼玉西武ライオンズ,False,True,,needs_player_id,16,2017
empty_player_id,,平井 正史,中日ドラゴンズ,False,True,,needs_player_id,16,2005
empty_player_id,,平井 諒,東京ヤクルトスワローズ,False,True,,needs_player_id,10,2012
empty_player_id,,平内 龍太,読売ジャイアンツ,False,True,,needs_player_id,8,2021
empty_player_id,,平田 真吾,横浜DeNAベイスターズ,False,True,,needs_player_id,18,2014
empty_player_id,,平良 拳太郎,横浜DeNAベイスターズ,False,True,,needs_player_id,14,2017
empty_player_id,,平良 拳太郎,読売ジャイアンツ,False,True,,needs_player_id,2,2016
empty_player_id,,平良 海馬,埼玉西武ライオンズ,False,True,,needs_player_id,12,2019
empty_player_id,,平野 佳寿,オリックス・バファローズ,False,True,,needs_player_id,8,2021
empty_player_id,,平野 将光,埼玉西武ライオンズ,False,True,,needs_player_id,12,2008
empty_player_id,,広池康志郎,千葉ロッテマリーンズ,True,False,,needs_player_id,1,2025
empty_player_id,,広池 浩司,広島東洋カープ,False,True,,needs_player_id,10,2005
empty_player_id,,庄子雄大,福岡ソフトバンクホークス,True,False,,needs_player_id,1,2025
empty_player_id,,床田 寛樹,広島東洋カープ,False,True,,needs_player_id,14,2017
empty_player_id,,廖 任磊,埼玉西武ライオンズ,False,True,,needs_player_id,2,2019
empty_player_id,,廣岡　大志,オリックス・バファローズ,True,False,,needs_player_id,2,2025
empty_player_id,,廣畑 敦也,千葉ロッテマリーンズ,False,True,,needs_player_id,6,2022
empty_player_id,,建山 義紀,北海道日本ハムファイターズ,False,True,,needs_player_id,12,2005
empty_player_id,,建山 義紀,阪神タイガース,False,True,,needs_player_id,2,2014
empty_player_id,,弓削 隼人,東北楽天ゴールデンイーグルス,False,True,,needs_player_id,12,2019
empty_player_id,,弦本 悠希,広島東洋カープ,False,True,,needs_player_id,2,2011
empty_player_id,,張 奕,オリックス・バファローズ,False,True,,needs_player_id,8,2019
empty_player_id,,張 奕,埼玉西武ライオンズ,False,True,,needs_player_id,2,2023
empty_player_id,,後藤 光貴,読売ジャイアンツ,False,True,,needs_player_id,2,2005
empty_player_id,,徳元 敏,東北楽天ゴールデンイーグルス,False,True,,needs_player_id,6,2005
empty_player_id,,徳山一翔,東北楽天ゴールデンイーグルス,True,False,,needs_player_id,1,2025
empty_player_id,,徳山 壮磨,横浜DeNAベイスターズ,False,True,,needs_player_id,2,2024
empty_player_id,,徳山 武陽,東京ヤクルトスワローズ,False,True,,needs_player_id,8,2013
empty_player_id,,愛敬 尚史,東北楽天ゴールデンイーグルス,False,True,,needs_player_id,4,2005
empty_player_id,,成瀬 善久,オリックス・バファローズ,False,True,,needs_player_id,2,2019
empty_player_id,,成瀬 善久,千葉ロッテマリーンズ,False,True,,needs_player_id,18,2006
empty_player_id,,成瀬 善久,東京ヤクルトスワローズ,False,True,,needs_player_id,6,2015
empty_player_id,,成田 翔,千葉ロッテマリーンズ,False,True,,needs_player_id,8,2017
empty_player_id,,成田 翔,東京ヤクルトスワローズ,False,True,,needs_player_id,2,2023
empty_player_id,,戸叶 尚,東北楽天ゴールデンイーグルス,False,True,,needs_player_id,2,2005
empty_player_id,,戸村 健次,東北楽天ゴールデンイーグルス,False,True,,needs_player_id,20,2010
empty_player_id,,戸根 千明,広島東洋カープ,False,True,,needs_player_id,2,2023
empty_player_id,,戸根 千明,読売ジャイアンツ,False,True,,needs_player_id,12,2015
empty_player_id,,戸田 懐生,読売ジャイアンツ,False,True,,needs_player_id,4,2021
empty_player_id,,戸田 隆矢,広島東洋カープ,False,True,,needs_player_id,14,2012
empty_player_id,,戸部 浩,東北楽天ゴールデンイーグルス,False,True,,needs_player_id,2,2007
empty_player_id,,戸郷 翔征,読売ジャイアンツ,False,True,,needs_player_id,12,2019
empty_player_id,,手嶌 智,千葉ロッテマリーンズ,False,True,,needs_player_id,2,2005
empty_player_id,,才木 浩人,阪神タイガース,False,True,,needs_player_id,12,2017
empty_player_id,,才木 海翔,オリックス・バファローズ,False,True,,needs_player_id,2,2024
empty_player_id,,押本 健彦,北海道日本ハムファイターズ,False,True,,needs_player_id,6,2005
empty_player_id,,押本 健彦,東京ヤクルトスワローズ,False,True,,needs_player_id,14,2008
empty_player_id,,攝津 正,福岡ソフトバンクホークス,False,True,,needs_player_id,20,2009
empty_player_id,,斉藤 和巳,福岡ソフトバンクホークス,False,True,,needs_player_id,6,2005
empty_player_id,,斎藤 佑樹,北海道日本ハムファイターズ,False,True,,needs_player_id,20,2011
empty_player_id,,斎藤大翔,埼玉西武ライオンズ,True,False,,needs_player_id,1,2025
empty_player_id,,斎藤 隆,東北楽天ゴールデンイーグルス,False,True,,needs_player_id,6,2013
empty_player_id,,新垣 勇人,北海道日本ハムファイターズ,False,True,,needs_player_id,12,2013
empty_player_id,,新垣 渚,東京ヤクルトスワローズ,False,True,,needs_player_id,6,2014
empty_player_id,,新垣 渚,福岡ソフトバンクホークス,False,True,,needs_player_id,14,2005
empty_player_id,,日當 直喜,東北楽天ゴールデンイーグルス,False,True,,needs_player_id,2,2024
empty_player_id,,日高 亮,東京ヤクルトスワローズ,False,True,,needs_player_id,8,2011
empty_player_id,,日高 亮,福岡ソフトバンクホークス,False,True,,needs_player_id,2,2014
empty_player_id,,早川 隆久,東北楽天ゴールデンイーグルス,False,True,,needs_player_id,8,2021
empty_player_id,,星 知弥,東京ヤクルトスワローズ,False,True,,needs_player_id,16,2017
empty_player_id,,星野 八千穂,北海道日本ハムファイターズ,False,True,,needs_player_id,2,2008
empty_player_id,,星野 大地,福岡ソフトバンクホークス,False,True,,needs_player_id,4,2013
empty_player_id,,星野 智樹,埼玉西武ライオンズ,False,True,,needs_player_id,16,2005
empty_player_id,,星野 智樹,東北楽天ゴールデンイーグルス,False,True,,needs_player_id,2,2013
empty_player_id,,星野 真澄,読売ジャイアンツ,False,True,,needs_player_id,6,2010
empty_player_id,,星野 順治,福岡ソフトバンクホークス,False,True,,needs_player_id,8,2005
empty_player_id,,曽谷 龍平,オリックス・バファローズ,False,True,,needs_player_id,4,2023
empty_player_id,,有原 航平,北海道日本ハムファイターズ,False,True,,needs_player_id,12,2015
empty_player_id,,有原 航平,福岡ソフトバンクホークス,False,True,,needs_player_id,4,2023
empty_player_id,,有吉 優樹,千葉ロッテマリーンズ,False,True,,needs_player_id,8,2017
empty_player_id,,有吉 優樹,横浜DeNAベイスターズ,False,True,,needs_player_id,4,2021
empty_player_id,,有銘 兼久,東北楽天ゴールデンイーグルス,False,True,,needs_player_id,16,2005
empty_player_id,,有馬恵叶,中日ドラゴンズ,True,False,,needs_player_id,1,2025
empty_player_id,,有馬 翔,福岡ソフトバンクホークス,False,True,,needs_player_id,2,2013
empty_player_id,,服部 泰卓,千葉ロッテマリーンズ,False,True,,needs_player_id,8,2010
empty_player_id,,望月 大希,北海道日本ハムファイターズ,False,True,,needs_player_id,6,2020
empty_player_id,,望月 惇志,阪神タイガース,False,True,,needs_player_id,8,2016
empty_player_id,,朝井 秀樹,東北楽天ゴールデンイーグルス,False,True,,needs_player_id,12,2005
empty_player_id,,朝井 秀樹,読売ジャイアンツ,False,True,,needs_player_id,2,2010
empty_player_id,,朝倉 健太,中日ドラゴンズ,False,True,,needs_player_id,22,2005
empty_player_id,,木下 達生,中日ドラゴンズ,False,True,,needs_player_id,2,2011
empty_player_id,,木下 達生,北海道日本ハムファイターズ,False,True,,needs_player_id,4,2006
empty_player_id,,木下里都,阪神タイガース,True,False,,needs_player_id,1,2025
empty_player_id,,木下 雄介,中日ドラゴンズ,False,True,,needs_player_id,6,2018
empty_player_id,,木佐貫 洋,北海道日本ハムファイターズ,False,True,,needs_player_id,6,2013
empty_player_id,,木佐貫 洋,読売ジャイアンツ,False,True,,needs_player_id,10,2005
empty_player_id,,木村 優太,千葉ロッテマリーンズ,False,True,,needs_player_id,6,2014
empty_player_id,,木村 光,福岡ソフトバンクホークス,False,True,,needs_player_id,2,2024
empty_player_id,,木村 文和,埼玉西武ライオンズ,False,True,,needs_player_id,4,2007
empty_player_id,,木村 文紀,埼玉西武ライオンズ,False,True,,needs_player_id,4,2011
empty_player_id,,木村 正太,読売ジャイアンツ,False,True,,needs_player_id,2,2009
empty_player_id,,木村 雄太,千葉ロッテマリーンズ,False,True,,needs_player_id,4,2011
empty_player_id,,木澤 尚文,東京ヤクルトスワローズ,False,True,,needs_player_id,6,2022
empty_player_id,,木田 優夫,北海道日本ハムファイターズ,False,True,,needs_player_id,6,2010
empty_player_id,,木田 優夫,東京ヤクルトスワローズ,False,True,,needs_player_id,8,2006
empty_player_id,,木谷 寿巳,東北楽天ゴールデンイーグルス,False,True,,needs_player_id,6,2008
empty_player_id,,木谷 良平,東京ヤクルトスワローズ,False,True,,needs_player_id,8,2013
empty_player_id,,末包　昇大,広島東洋カープ,True,False,,needs_player_id,1,2025
empty_player_id,,本前 郁也,千葉ロッテマリーンズ,False,True,,needs_player_id,6,2021
empty_player_id,,本田 仁海,オリックス・バファローズ,False,True,,needs_player_id,10,2020
empty_player_id,,本田 圭佑,埼玉西武ライオンズ,False,True,,needs_player_id,18,2016
empty_player_id,,本間 忠,東京ヤクルトスワローズ,False,True,,needs_player_id,2,2005
empty_player_id,,杉内 俊哉,福岡ソフトバンクホークス,False,True,,needs_player_id,14,2005
empty_player_id,,杉内 俊哉,読売ジャイアンツ,False,True,,needs_player_id,8,2012
empty_player_id,,杉山 一樹,福岡ソフトバンクホークス,False,True,,needs_player_id,10,2019
empty_player_id,,杉山 晃基,東京ヤクルトスワローズ,False,True,,needs_player_id,4,2021
empty_player_id,,杉山 直久,阪神タイガース,False,True,,needs_player_id,12,2005
empty_player_id,,杉山 遙希,埼玉西武ライオンズ,False,True,,needs_player_id,2,2024
empty_player_id,,杉本 友,東京ヤクルトスワローズ,False,True,,needs_player_id,2,2005
empty_player_id,,杉本　裕太郎,オリックス・バファローズ,True,False,,needs_player_id,2,2025
empty_player_id,,杉浦 稔大,北海道日本ハムファイターズ,False,True,,needs_player_id,14,2018
empty_player_id,,杉浦 稔大,東京ヤクルトスワローズ,False,True,,needs_player_id,8,2014
empty_player_id,,李 恵踐,東京ヤクルトスワローズ,False,True,,needs_player_id,4,2009
empty_player_id,,村上泰斗,福岡ソフトバンクホークス,True,False,,needs_player_id,1,2025
empty_player_id,,村上 頌樹,阪神タイガース,False,True,,needs_player_id,6,2021
empty_player_id,,村中 恭兵,東京ヤクルトスワローズ,False,True,,needs_player_id,22,2006
empty_player_id,,村林　一輝,東北楽天ゴールデンイーグルス,True,False,,needs_player_id,2,2025
empty_player_id,,村田 賢一,福岡ソフトバンクホークス,False,True,,needs_player_id,2,2024
empty_player_id,,村田 透,北海道日本ハムファイターズ,False,True,,needs_player_id,10,2017
empty_player_id,,村西 良太,オリックス・バファローズ,False,True,,needs_player_id,10,2020
empty_player_id,,東 克樹,横浜DeNAベイスターズ,False,True,,needs_player_id,12,2018
empty_player_id,,東 和政,埼玉西武ライオンズ,False,True,,needs_player_id,4,2005
empty_player_id,,東妻 勇輔,千葉ロッテマリーンズ,False,True,,needs_player_id,12,2019
empty_player_id,,東山玲士,オリックス・バファローズ,True,False,,needs_player_id,1,2025
empty_player_id,,東明 大貴,オリックス・バファローズ,False,True,,needs_player_id,6,2018
empty_player_id,,東 晃平,オリックス・バファローズ,False,True,,needs_player_id,6,2022
empty_player_id,,東條 大樹,千葉ロッテマリーンズ,False,True,,needs_player_id,16,2016
empty_player_id,,東浜 巨,福岡ソフトバンクホークス,False,True,,needs_player_id,24,2013
empty_player_id,,東野 峻,横浜DeNAベイスターズ,False,True,,needs_player_id,2,2015
empty_player_id,,東野 峻,読売ジャイアンツ,False,True,,needs_player_id,12,2007
empty_player_id,,松下 建太,埼玉西武ライオンズ,False,True,,needs_player_id,2,2013
empty_player_id,,松井 光介,東京ヤクルトスワローズ,False,True,,needs_player_id,16,2006
empty_player_id,,松井 友飛,東北楽天ゴールデンイーグルス,False,True,,needs_player_id,6,2022
empty_player_id,,松井 裕樹,東北楽天ゴールデンイーグルス,False,True,,needs_player_id,20,2014
empty_player_id,,松井 颯,読売ジャイアンツ,False,True,,needs_player_id,4,2023
empty_player_id,,松坂 大輔,中日ドラゴンズ,False,True,,needs_player_id,4,2018
empty_player_id,,松坂 大輔,埼玉西武ライオンズ,False,True,,needs_player_id,6,2005
empty_player_id,,松坂 大輔,福岡ソフトバンクホークス,False,True,,needs_player_id,2,2016
empty_player_id,,松家 卓弘,北海道日本ハムファイターズ,False,True,,needs_player_id,2,2010
empty_player_id,,松山 晋也,中日ドラゴンズ,False,True,,needs_player_id,4,2023
empty_player_id,,松岡 健一,東京ヤクルトスワローズ,False,True,,needs_player_id,28,2005
empty_player_id,,松岡 洸希,埼玉西武ライオンズ,False,True,,needs_player_id,4,2020
empty_player_id,,松崎 伸吾,東北楽天ゴールデンイーグルス,False,True,,needs_player_id,10,2006
empty_player_id,,松木平 優太,中日ドラゴンズ,False,True,,needs_player_id,2,2024
empty_player_id,,松本 健吾,東京ヤクルトスワローズ,False,True,,needs_player_id,2,2024
empty_player_id,,松本 凌人,横浜DeNAベイスターズ,False,True,,needs_player_id,2,2024
empty_player_id,,松本 幸大,千葉ロッテマリーンズ,False,True,,needs_player_id,8,2008
empty_player_id,,松本 晴,福岡ソフトバンクホークス,False,True,,needs_player_id,4,2023
empty_player_id,,松本 直晃,埼玉西武ライオンズ,False,True,,needs_player_id,6,2016
empty_player_id,,松本 竜也,広島東洋カープ,False,True,,needs_player_id,6,2022
empty_player_id,,松本 航,埼玉西武ライオンズ,False,True,,needs_player_id,12,2019
empty_player_id,,松本 裕樹,福岡ソフトバンクホークス,False,True,,needs_player_id,18,2016
empty_player_id,,松本 輝,東北楽天ゴールデンイーグルス,False,True,,needs_player_id,8,2007
empty_player_id,,松本 輝,福岡ソフトバンクホークス,False,True,,needs_player_id,2,2005
empty_player_id,,松本 隆之介,横浜DeNAベイスターズ,False,True,,needs_player_id,2,2024
empty_player_id,,松永 昂大,千葉ロッテマリーンズ,False,True,,needs_player_id,16,2013
empty_player_id,,松永 浩典,埼玉西武ライオンズ,False,True,,needs_player_id,12,2006
empty_player_id,,松浦 慶斗,北海道日本ハムファイターズ,False,True,,needs_player_id,4,2022
empty_player_id,,松田 啄磨,東北楽天ゴールデンイーグルス,False,True,,needs_player_id,2,2024
empty_player_id,,松田 遼馬,福岡ソフトバンクホークス,False,True,,needs_player_id,4,2018
empty_player_id,,松田 遼馬,阪神タイガース,False,True,,needs_player_id,10,2013
empty_player_id,,松葉 貴大,オリックス・バファローズ,False,True,,needs_player_id,4,2018
empty_player_id,,松葉 貴大,中日ドラゴンズ,False,True,,needs_player_id,12,2019
empty_player_id,,板東 湧梧,福岡ソフトバンクホークス,False,True,,needs_player_id,8,2020
empty_player_id,,林 イー豪,読売ジャイアンツ,False,True,,needs_player_id,2,2010
empty_player_id,,林冠臣,埼玉西武ライオンズ,True,False,,needs_player_id,1,2025
empty_player_id,,林 恩宇,東北楽天ゴールデンイーグルス,False,True,,needs_player_id,2,2007
empty_player_id,,林 昌勇,東京ヤクルトスワローズ,False,True,,needs_player_id,10,2008
empty_player_id,,林 昌樹,広島東洋カープ,False,True,,needs_player_id,14,2005
empty_player_id,,林 昌範,北海道日本ハムファイターズ,False,True,,needs_player_id,6,2009
empty_player_id,,林 昌範,横浜DeNAベイスターズ,False,True,,needs_player_id,8,2012
empty_player_id,,林 昌範,読売ジャイアンツ,False,True,,needs_player_id,8,2005
empty_player_id,,柳川 大晟,北海道日本ハムファイターズ,False,True,,needs_player_id,2,2024
empty_player_id,,柳川 洋平,福岡ソフトバンクホークス,False,True,,needs_player_id,2,2011
empty_player_id,,柳瀬 明宏,福岡ソフトバンクホークス,False,True,,needs_player_id,18,2006
empty_player_id,,柳瀬 明宏,阪神タイガース,False,True,,needs_player_id,2,2017
empty_player_id,,柳町　達,福岡ソフトバンクホークス,True,False,,needs_player_id,2,2025
empty_player_id,,柳 裕也,中日ドラゴンズ,False,True,,needs_player_id,16,2017
empty_player_id,,柴田 大地,東京ヤクルトスワローズ,False,True,,needs_player_id,4,2022
empty_player_id,,柴田獅子,北海道日本ハムファイターズ,True,False,,needs_player_id,1,2025
empty_player_id,,柿木 蓮,北海道日本ハムファイターズ,False,True,,needs_player_id,2,2022
empty_player_id,,栂野 雅史,東北楽天ゴールデンイーグルス,False,True,,needs_player_id,2,2010
empty_player_id,,栂野 雅史,読売ジャイアンツ,False,True,,needs_player_id,6,2006
empty_player_id,,栗林 良吏,広島東洋カープ,False,True,,needs_player_id,8,2021
empty_player_id,,根尾 昂,中日ドラゴンズ,False,True,,needs_player_id,6,2022
empty_player_id,,根本 悠楓,北海道日本ハムファイターズ,False,True,,needs_player_id,6,2022
empty_player_id,,根本 朋久,北海道日本ハムファイターズ,False,True,,needs_player_id,6,2011
empty_player_id,,根本 朋久,千葉ロッテマリーンズ,False,True,,needs_player_id,6,2008
empty_player_id,,桐敷 拓馬,阪神タイガース,False,True,,needs_player_id,6,2022
empty_player_id,,桑原　将志,横浜DeNAベイスターズ,True,False,,needs_player_id,1,2025
empty_player_id,,桑原 謙太朗,阪神タイガース,False,True,,needs_player_id,12,2015
empty_player_id,,桑田 真澄,読売ジャイアンツ,False,True,,needs_player_id,4,2005
empty_player_id,,桜井 俊貴,読売ジャイアンツ,False,True,,needs_player_id,12,2016
empty_player_id,,桟原 将司,阪神タイガース,False,True,,needs_player_id,10,2005
empty_player_id,,梅原 伸亮,広島東洋カープ,False,True,,needs_player_id,2,2006
empty_player_id,,梅津 晃大,中日ドラゴンズ,False,True,,needs_player_id,10,2019
empty_player_id,,梅津 智弘,広島東洋カープ,False,True,,needs_player_id,20,2005
empty_player_id,,梅津 智弘,東北楽天ゴールデンイーグルス,False,True,,needs_player_id,2,2015
empty_player_id,,梅野 雄吾,中日ドラゴンズ,False,True,,needs_player_id,2,2024
empty_player_id,,梅野 雄吾,東京ヤクルトスワローズ,False,True,,needs_player_id,14,2017
empty_player_id,,條辺 剛,読売ジャイアンツ,False,True,,needs_player_id,2,2005
empty_player_id,,森下 暢仁,広島東洋カープ,False,True,,needs_player_id,10,2020
empty_player_id,,森下　翔太,阪神タイガース,True,False,,needs_player_id,1,2025
empty_player_id,,森内 壽春,北海道日本ハムファイターズ,False,True,,needs_player_id,8,2012
empty_player_id,,森 博人,中日ドラゴンズ,False,True,,needs_player_id,4,2021
empty_player_id,,森原 康平,東北楽天ゴールデンイーグルス,False,True,,needs_player_id,12,2017
empty_player_id,,森原 康平,横浜DeNAベイスターズ,False,True,,needs_player_id,6,2022
empty_player_id,,森 唯斗,横浜DeNAベイスターズ,False,True,,needs_player_id,2,2024
empty_player_id,,森 唯斗,福岡ソフトバンクホークス,False,True,,needs_player_id,20,2014
empty_player_id,,森 慎二,埼玉西武ライオンズ,False,True,,needs_player_id,2,2005
empty_player_id,,森木 大智,阪神タイガース,False,True,,needs_player_id,2,2022
empty_player_id,,森浦 大輔,広島東洋カープ,False,True,,needs_player_id,8,2021
empty_player_id,,森福 允彦,福岡ソフトバンクホークス,False,True,,needs_player_id,20,2007
empty_player_id,,森福 允彦,読売ジャイアンツ,False,True,,needs_player_id,6,2017
empty_player_id,,森 翔平,広島東洋カープ,False,True,,needs_player_id,6,2022
empty_player_id,,森脇 亮介,埼玉西武ライオンズ,False,True,,needs_player_id,10,2019
empty_player_id,,森 跳二,広島東洋カープ,False,True,,needs_player_id,10,2005
empty_player_id,,森 遼大朗,千葉ロッテマリーンズ,False,True,,needs_player_id,4,2022
empty_player_id,,森 雄大,東北楽天ゴールデンイーグルス,False,True,,needs_player_id,8,2014
empty_player_id,,森駿太,中日ドラゴンズ,True,False,,needs_player_id,1,2025
empty_player_id,,椋木 蓮,オリックス・バファローズ,False,True,,needs_player_id,4,2022
empty_player_id,,植村 祐介,北海道日本ハムファイターズ,False,True,,needs_player_id,6,2008
empty_player_id,,植松 優友,千葉ロッテマリーンズ,False,True,,needs_player_id,2,2015
empty_player_id,,椎野 新,福岡ソフトバンクホークス,False,True,,needs_player_id,10,2018
empty_player_id,,榊原 翼,オリックス・バファローズ,False,True,,needs_player_id,8,2018
empty_player_id,,榊原 諒,北海道日本ハムファイターズ,False,True,,needs_player_id,10,2009
empty_player_id,,榎下 陽大,北海道日本ハムファイターズ,False,True,,needs_player_id,10,2011
empty_player_id,,榎田 大樹,埼玉西武ライオンズ,False,True,,needs_player_id,6,2018
empty_player_id,,榎田 大樹,阪神タイガース,False,True,,needs_player_id,14,2011
empty_player_id,,横山 弘樹,広島東洋カープ,False,True,,needs_player_id,2,2016
empty_player_id,,横山 楓,オリックス・バファローズ,False,True,,needs_player_id,2,2023
empty_player_id,,横山 竜士,広島東洋カープ,False,True,,needs_player_id,20,2005
empty_player_id,,横山 貴明,東北楽天ゴールデンイーグルス,False,True,,needs_player_id,6,2014
empty_player_id,,横山 道哉,北海道日本ハムファイターズ,False,True,,needs_player_id,2,2005
empty_player_id,,横山 陸人,千葉ロッテマリーンズ,False,True,,needs_player_id,8,2021
empty_player_id,,横山 雄哉,阪神タイガース,False,True,,needs_player_id,8,2015
empty_player_id,,横山 龍之介,阪神タイガース,False,True,,needs_player_id,2,2010
empty_player_id,,横川 凱,読売ジャイアンツ,False,True,,needs_player_id,10,2020
empty_player_id,,橋本 侑樹,中日ドラゴンズ,False,True,,needs_player_id,10,2020
empty_player_id,,橋本 健太郎,千葉ロッテマリーンズ,False,True,,needs_player_id,6,2009
empty_player_id,,橋本 健太郎,阪神タイガース,False,True,,needs_player_id,8,2005
empty_player_id,,橋本 義隆,北海道日本ハムファイターズ,False,True,,needs_player_id,6,2005
empty_player_id,,橋本 義隆,東京ヤクルトスワローズ,False,True,,needs_player_id,6,2009
empty_player_id,,橋本 義隆,東北楽天ゴールデンイーグルス,False,True,,needs_player_id,2,2012
empty_player_id,,櫻井 周斗,東北楽天ゴールデンイーグルス,False,True,,needs_player_id,2,2024
empty_player_id,,櫻井 周斗,横浜DeNAベイスターズ,False,True,,needs_player_id,6,2019
empty_player_id,,歌藤 達夫,北海道日本ハムファイターズ,False,True,,needs_player_id,4,2007
empty_player_id,,正津 英志,埼玉西武ライオンズ,False,True,,needs_player_id,10,2005
empty_player_id,,正田 樹,北海道日本ハムファイターズ,False,True,,needs_player_id,2,2005
empty_player_id,,正田 樹,東京ヤクルトスワローズ,False,True,,needs_player_id,4,2012
empty_player_id,,武内 久士,広島東洋カープ,False,True,,needs_player_id,6,2010
empty_player_id,,武内 夏暉,埼玉西武ライオンズ,False,True,,needs_player_id,2,2024
empty_player_id,,武田 久,北海道日本ハムファイターズ,False,True,,needs_player_id,24,2005
empty_player_id,,武田 勝,北海道日本ハムファイターズ,False,True,,needs_player_id,22,2006
empty_player_id,,武田 翔太,福岡ソフトバンクホークス,False,True,,needs_player_id,24,2012
empty_player_id,,武藤 好貴,東北楽天ゴールデンイーグルス,False,True,,needs_player_id,8,2012
empty_player_id,,武藤 祐太,中日ドラゴンズ,False,True,,needs_player_id,12,2011
empty_player_id,,武藤 祐太,横浜DeNAベイスターズ,False,True,,needs_player_id,8,2018
empty_player_id,,武隈 祥太,埼玉西武ライオンズ,False,True,,needs_player_id,26,2009
empty_player_id,,歳内 宏明,東京ヤクルトスワローズ,False,True,,needs_player_id,2,2020
empty_player_id,,歳内 宏明,阪神タイガース,False,True,,needs_player_id,10,2012
empty_player_id,,比嘉 幹貴,オリックス・バファローズ,False,True,,needs_player_id,14,2018
empty_player_id,,水上 由伸,埼玉西武ライオンズ,False,True,,needs_player_id,8,2021
empty_player_id,,水田 章雄,福岡ソフトバンクホークス,False,True,,needs_player_id,10,2006
empty_player_id,,水野 滉也,横浜DeNAベイスターズ,False,True,,needs_player_id,2,2017
empty_player_id,,永井 怜,東北楽天ゴールデンイーグルス,False,True,,needs_player_id,18,2007
empty_player_id,,永川 勝浩,広島東洋カープ,False,True,,needs_player_id,26,2005
empty_player_id,,永野 将司,千葉ロッテマリーンズ,False,True,,needs_player_id,6,2018
empty_player_id,,江原雅裕,東北楽天ゴールデンイーグルス,True,False,,needs_player_id,1,2025
empty_player_id,,江尻 慎太郎,北海道日本ハムファイターズ,False,True,,needs_player_id,10,2005
empty_player_id,,江尻 慎太郎,横浜DeNAベイスターズ,False,True,,needs_player_id,2,2012
empty_player_id,,江尻 慎太郎,福岡ソフトバンクホークス,False,True,,needs_player_id,4,2013
empty_player_id,,江村 将也,東京ヤクルトスワローズ,False,True,,needs_player_id,4,2013
empty_player_id,,江柄子 裕樹,読売ジャイアンツ,False,True,,needs_player_id,10,2012
empty_player_id,,江草 仁貴,埼玉西武ライオンズ,False,True,,needs_player_id,2,2011
empty_player_id,,江草 仁貴,広島東洋カープ,False,True,,needs_player_id,10,2012
empty_player_id,,江草 仁貴,阪神タイガース,False,True,,needs_player_id,12,2005
empty_player_id,,池ノ内 亮介,広島東洋カープ,False,True,,needs_player_id,2,2014
empty_player_id,,池田 隆英,北海道日本ハムファイターズ,False,True,,needs_player_id,8,2021
empty_player_id,,池田 隆英,東北楽天ゴールデンイーグルス,False,True,,needs_player_id,2,2018
empty_player_id,,池田 駿,東北楽天ゴールデンイーグルス,False,True,,needs_player_id,2,2020
empty_player_id,,池田 駿,読売ジャイアンツ,False,True,,needs_player_id,6,2017
empty_player_id,,池谷 蒼大,横浜DeNAベイスターズ,False,True,,needs_player_id,4,2021
empty_player_id,,河内 貴哉,広島東洋カープ,False,True,,needs_player_id,12,2006
empty_player_id,,河原 純一,中日ドラゴンズ,False,True,,needs_player_id,6,2009
empty_player_id,,河原 純一,埼玉西武ライオンズ,False,True,,needs_player_id,4,2005
empty_player_id,,河本 育之,東北楽天ゴールデンイーグルス,False,True,,needs_player_id,6,2005
empty_player_id,,河村 説人,千葉ロッテマリーンズ,False,True,,needs_player_id,4,2021
empty_player_id,,河端 龍,東京ヤクルトスワローズ,False,True,,needs_player_id,4,2005
empty_player_id,,河野 佳,広島東洋カープ,False,True,,needs_player_id,4,2023
empty_player_id,,河野 秀数,北海道日本ハムファイターズ,False,True,,needs_player_id,4,2013
empty_player_id,,河野 竜生,北海道日本ハムファイターズ,False,True,,needs_player_id,10,2020
empty_player_id,,沼田 拓巳,東京ヤクルトスワローズ,False,True,,needs_player_id,2,2018
empty_player_id,,沼田 翔平,読売ジャイアンツ,False,True,,needs_player_id,4,2020
empty_player_id,,泉口　友汰,読売ジャイアンツ,True,False,,needs_player_id,1,2025
empty_player_id,,泉 圭輔,福岡ソフトバンクホークス,False,True,,needs_player_id,10,2019
empty_player_id,,泉 圭輔,読売ジャイアンツ,False,True,,needs_player_id,2,2024
empty_player_id,,津森 宥紀,福岡ソフトバンクホークス,False,True,,needs_player_id,10,2020
empty_player_id,,津留﨑 大成,東北楽天ゴールデンイーグルス,False,True,,needs_player_id,10,2020
empty_player_id,,浅利太門,北海道日本ハムファイターズ,True,False,,needs_player_id,1,2025
empty_player_id,,浅尾 拓也,中日ドラゴンズ,False,True,,needs_player_id,22,2007
empty_player_id,,浜地 真澄,阪神タイガース,False,True,,needs_player_id,12,2019
empty_player_id,,浜屋 将太,埼玉西武ライオンズ,False,True,,needs_player_id,6,2020
empty_player_id,,浜田 智博,中日ドラゴンズ,False,True,,needs_player_id,2,2015
empty_player_id,,浦田俊輔,読売ジャイアンツ,True,False,,needs_player_id,1,2025
empty_player_id,,浦野 博司,北海道日本ハムファイターズ,False,True,,needs_player_id,12,2014
empty_player_id,,海田 智行,オリックス・バファローズ,False,True,,needs_player_id,8,2018
empty_player_id,,涌井 秀章,中日ドラゴンズ,False,True,,needs_player_id,4,2023
empty_player_id,,涌井 秀章,千葉ロッテマリーンズ,False,True,,needs_player_id,12,2014
empty_player_id,,涌井 秀章,埼玉西武ライオンズ,False,True,,needs_player_id,18,2005
empty_player_id,,涌井 秀章,東北楽天ゴールデンイーグルス,False,True,,needs_player_id,6,2020
empty_player_id,,深田 拓也,読売ジャイアンツ,False,True,,needs_player_id,4,2007
empty_player_id,,深町 亮介,読売ジャイアンツ,False,True,,needs_player_id,2,2007
empty_player_id,,清原 大貴,阪神タイガース,False,True,,needs_player_id,4,2011
empty_player_id,,清宮　幸太郎,北海道日本ハムファイターズ,True,False,,needs_player_id,2,2025
empty_player_id,,清宮 虎多朗,東北楽天ゴールデンイーグルス,False,True,,needs_player_id,2,2024
empty_player_id,,清水大暉,北海道日本ハムファイターズ,True,False,,needs_player_id,1,2025
empty_player_id,,清水 昇,東京ヤクルトスワローズ,False,True,,needs_player_id,12,2019
empty_player_id,,清水 昭信,中日ドラゴンズ,False,True,,needs_player_id,8,2008
empty_player_id,,清水 直行,千葉ロッテマリーンズ,False,True,,needs_player_id,10,2005
empty_player_id,,清水 章夫,北海道日本ハムファイターズ,False,True,,needs_player_id,2,2006
empty_player_id,,清水 達也,中日ドラゴンズ,False,True,,needs_player_id,14,2018
empty_player_id,,渡辺 亮,阪神タイガース,False,True,,needs_player_id,18,2007
empty_player_id,,渡辺 俊介,千葉ロッテマリーンズ,False,True,,needs_player_id,18,2005
empty_player_id,,渡辺 恒樹,東京ヤクルトスワローズ,False,True,,needs_player_id,6,2010
empty_player_id,,渡辺悠斗,広島東洋カープ,True,False,,needs_player_id,1,2025
empty_player_id,,渡辺 翔太,東北楽天ゴールデンイーグルス,False,True,,needs_player_id,4,2023
empty_player_id,,渡邉 勇太朗,埼玉西武ライオンズ,False,True,,needs_player_id,8,2021
empty_player_id,,渡邉 啓太,千葉ロッテマリーンズ,False,True,,needs_player_id,2,2018
empty_player_id,,渡邉 恒樹,東北楽天ゴールデンイーグルス,False,True,,needs_player_id,10,2005
empty_player_id,,渡邉 雄大,福岡ソフトバンクホークス,False,True,,needs_player_id,4,2020
empty_player_id,,渡邉 雄大,阪神タイガース,False,True,,needs_player_id,2,2022
empty_player_id,,渡邊 佑樹,東北楽天ゴールデンイーグルス,False,True,,needs_player_id,6,2019
empty_player_id,,渡部　聖弥,埼玉西武ライオンズ,True,False,,needs_player_id,3,2025
empty_player_id,,湯浅 京己,阪神タイガース,False,True,,needs_player_id,6,2021
empty_player_id,,滝田 一希,広島東洋カープ,False,True,,needs_player_id,2,2024
empty_player_id,,漆原 大晟,オリックス・バファローズ,False,True,,needs_player_id,6,2020
empty_player_id,,漆原 大晟,阪神タイガース,False,True,,needs_player_id,2,2024
empty_player_id,,澤崎 俊和,広島東洋カープ,False,True,,needs_player_id,2,2005
empty_player_id,,澤村 拓一,千葉ロッテマリーンズ,False,True,,needs_player_id,6,2020
empty_player_id,,澤村 拓一,読売ジャイアンツ,False,True,,needs_player_id,18,2011
empty_player_id,,澤柳 亮太郎,福岡ソフトバンクホークス,False,True,,needs_player_id,2,2024
empty_player_id,,澤田 圭佑,オリックス・バファローズ,False,True,,needs_player_id,8,2018
empty_player_id,,澤田 圭佑,千葉ロッテマリーンズ,False,True,,needs_player_id,4,2023
empty_player_id,,濱田 達郎,中日ドラゴンズ,False,True,,needs_player_id,8,2014
empty_player_id,,濱矢 廣大,東北楽天ゴールデンイーグルス,False,True,,needs_player_id,10,2014
empty_player_id,,濱矢 廣大,横浜DeNAベイスターズ,False,True,,needs_player_id,2,2019
empty_player_id,,濵口 遥大,横浜DeNAベイスターズ,False,True,,needs_player_id,16,2017
empty_player_id,,瀧中 瞭太,東北楽天ゴールデンイーグルス,False,True,,needs_player_id,10,2020
empty_player_id,,瀬川 隼郎,北海道日本ハムファイターズ,False,True,,needs_player_id,4,2015
empty_player_id,,熊原 健人,東北楽天ゴールデンイーグルス,False,True,,needs_player_id,2,2019
empty_player_id,,熊原 健人,横浜DeNAベイスターズ,False,True,,needs_player_id,4,2016
empty_player_id,,片山 博視,東北楽天ゴールデンイーグルス,False,True,,needs_player_id,12,2008
empty_player_id,,片山楽生,オリックス・バファローズ,True,False,,needs_player_id,1,2025
empty_player_id,,牛田 成樹,横浜DeNAベイスターズ,False,True,,needs_player_id,2,2012
empty_player_id,,牧原　大成,福岡ソフトバンクホークス,True,False,,needs_player_id,2,2025
empty_player_id,,牧田 和久,埼玉西武ライオンズ,False,True,,needs_player_id,14,2011
empty_player_id,,牧田 和久,東北楽天ゴールデンイーグルス,False,True,,needs_player_id,4,2020
empty_player_id,,牧野 塁,広島東洋カープ,False,True,,needs_player_id,4,2008
empty_player_id,,牧野 塁,東北楽天ゴールデンイーグルス,False,True,,needs_player_id,6,2006
empty_player_id,,牧野 塁,阪神タイガース,False,True,,needs_player_id,2,2005
empty_player_id,,狩生聖真,埼玉西武ライオンズ,True,False,,needs_player_id,1,2025
empty_player_id,,玉井 大翔,北海道日本ハムファイターズ,False,True,,needs_player_id,14,2017
empty_player_id,,玉山 健太,広島東洋カープ,False,True,,needs_player_id,2,2005
empty_player_id,,玉木 重雄,東北楽天ゴールデンイーグルス,False,True,,needs_player_id,2,2005
empty_player_id,,玉村 昇悟,広島東洋カープ,False,True,,needs_player_id,8,2021
empty_player_id,,玉置 隆,阪神タイガース,False,True,,needs_player_id,12,2006
empty_player_id,,王 溢正,横浜DeNAベイスターズ,False,True,,needs_player_id,2,2012
empty_player_id,,生田目 翼,北海道日本ハムファイターズ,False,True,,needs_player_id,12,2019
empty_player_id,,田上 奏大,福岡ソフトバンクホークス,False,True,,needs_player_id,2,2022
empty_player_id,,田中 健二朗,横浜DeNAベイスターズ,False,True,,needs_player_id,20,2012
empty_player_id,,田中 充,東京ヤクルトスワローズ,False,True,,needs_player_id,6,2005
empty_player_id,,田中 千晴,読売ジャイアンツ,False,True,,needs_player_id,4,2023
empty_player_id,,田中 将大,東北楽天ゴールデンイーグルス,False,True,,needs_player_id,22,2007
empty_player_id,,田中 敬人,広島東洋カープ,False,True,,needs_player_id,4,2005
empty_player_id,,田中 晴也,千葉ロッテマリーンズ,False,True,,needs_player_id,2,2024
empty_player_id,,田中 正義,北海道日本ハムファイターズ,False,True,,needs_player_id,4,2023
empty_player_id,,田中 正義,福岡ソフトバンクホークス,False,True,,needs_player_id,8,2018
empty_player_id,,田中 法彦,広島東洋カープ,False,True,,needs_player_id,2,2020
empty_player_id,,田中 瑛斗,北海道日本ハムファイターズ,False,True,,needs_player_id,8,2019
empty_player_id,,田中 英祐,千葉ロッテマリーンズ,False,True,,needs_player_id,2,2015
empty_player_id,,田中 豊樹,北海道日本ハムファイターズ,False,True,,needs_player_id,6,2016
empty_player_id,,田中 豊樹,読売ジャイアンツ,False,True,,needs_player_id,6,2020
empty_player_id,,田中陽翔,東京ヤクルトスワローズ,True,False,,needs_player_id,1,2025
empty_player_id,,田中 靖洋,千葉ロッテマリーンズ,False,True,,needs_player_id,14,2016
empty_player_id,,田中 靖洋,埼玉西武ライオンズ,False,True,,needs_player_id,8,2010
empty_player_id,,田之上 慶三郎,福岡ソフトバンクホークス,False,True,,needs_player_id,6,2005
empty_player_id,,田内真翔,横浜DeNAベイスターズ,True,False,,needs_player_id,1,2025
empty_player_id,,田原 誠次,読売ジャイアンツ,False,True,,needs_player_id,16,2012
empty_player_id,,田口 麗斗,東京ヤクルトスワローズ,False,True,,needs_player_id,8,2021
empty_player_id,,田口 麗斗,読売ジャイアンツ,False,True,,needs_player_id,12,2015
empty_player_id,,田島 慎二,中日ドラゴンズ,False,True,,needs_player_id,24,2012
empty_player_id,,田崎 昌弘,埼玉西武ライオンズ,False,True,,needs_player_id,4,2005
empty_player_id,,田嶋 大樹,オリックス・バファローズ,False,True,,needs_player_id,14,2018
empty_player_id,,田川 賢吾,東京ヤクルトスワローズ,False,True,,needs_player_id,4,2018
empty_player_id,,田村 丈,横浜DeNAベイスターズ,False,True,,needs_player_id,2,2018
empty_player_id,,田村 伊知郎,埼玉西武ライオンズ,False,True,,needs_player_id,16,2017
empty_player_id,,田浦 文丸,福岡ソフトバンクホークス,False,True,,needs_player_id,10,2019
empty_player_id,,田面 巧二郎,阪神タイガース,False,True,,needs_player_id,2,2016
empty_player_id,,由規,東京ヤクルトスワローズ,False,True,,needs_player_id,14,2008
empty_player_id,,由規,東北楽天ゴールデンイーグルス,False,True,,needs_player_id,2,2019
empty_player_id,,甲斐野 央,埼玉西武ライオンズ,False,True,,needs_player_id,2,2024
empty_player_id,,甲斐野 央,福岡ソフトバンクホークス,False,True,,needs_player_id,8,2019
empty_player_id,,甲藤 啓介,福岡ソフトバンクホークス,False,True,,needs_player_id,10,2007
empty_player_id,,町田隼乙,阪神タイガース,True,False,,needs_player_id,1,2025
empty_player_id,,畔柳 亨丞,北海道日本ハムファイターズ,False,True,,needs_player_id,4,2022
empty_player_id,,畠 世周,読売ジャイアンツ,False,True,,needs_player_id,14,2017
empty_player_id,,白仁田 寛和,阪神タイガース,False,True,,needs_player_id,6,2011
empty_player_id,,白村 明弘,北海道日本ハムファイターズ,False,True,,needs_player_id,10,2014
empty_player_id,,益田 武尚,広島東洋カープ,False,True,,needs_player_id,4,2023
empty_player_id,,益田 直也,千葉ロッテマリーンズ,False,True,,needs_player_id,26,2012
empty_player_id,,直江 大輔,読売ジャイアンツ,False,True,,needs_player_id,8,2020
empty_player_id,,相内 誠,埼玉西武ライオンズ,False,True,,needs_player_id,4,2018
empty_player_id,,相原 勝幸,千葉ロッテマリーンズ,False,True,,needs_player_id,6,2006
empty_player_id,,相原 和友,東北楽天ゴールデンイーグルス,False,True,,needs_player_id,6,2014
empty_player_id,,相木 崇,阪神タイガース,False,True,,needs_player_id,4,2006
empty_player_id,,相沢 晋,東北楽天ゴールデンイーグルス,False,True,,needs_player_id,2,2015
empty_player_id,,相澤 寿聡,広島東洋カープ,False,True,,needs_player_id,4,2010
empty_player_id,,真田 裕貴,東京ヤクルトスワローズ,False,True,,needs_player_id,2,2014
empty_player_id,,真田 裕貴,読売ジャイアンツ,False,True,,needs_player_id,8,2005
empty_player_id,,矢地 健人,中日ドラゴンズ,False,True,,needs_player_id,8,2010
empty_player_id,,矢地 健人,千葉ロッテマリーンズ,False,True,,needs_player_id,2,2015
empty_player_id,,矢崎 拓也,広島東洋カープ,False,True,,needs_player_id,12,2019
empty_player_id,,矢澤 宏太,北海道日本ハムファイターズ,False,True,,needs_player_id,4,2023
empty_player_id,,矢貫 俊之,北海道日本ハムファイターズ,False,True,,needs_player_id,12,2010
empty_player_id,,矢貫 俊之,読売ジャイアンツ,False,True,,needs_player_id,4,2015
empty_player_id,,矢野泰二郎,東京ヤクルトスワローズ,True,False,,needs_player_id,1,2025
empty_player_id,,矢野 英司,東北楽天ゴールデンイーグルス,False,True,,needs_player_id,2,2005
empty_player_id,,矢野 諭,北海道日本ハムファイターズ,False,True,,needs_player_id,2,2005
empty_player_id,,石井 一久,埼玉西武ライオンズ,False,True,,needs_player_id,12,2008
empty_player_id,,石井 一久,東京ヤクルトスワローズ,False,True,,needs_player_id,4,2006
empty_player_id,,石井 大智,阪神タイガース,False,True,,needs_player_id,8,2021
empty_player_id,,石井 将希,阪神タイガース,False,True,,needs_player_id,2,2020
empty_player_id,,石井 弘寿,東京ヤクルトスワローズ,False,True,,needs_player_id,6,2005
empty_player_id,,石井 裕也,中日ドラゴンズ,False,True,,needs_player_id,6,2005
empty_player_id,,石井 裕也,北海道日本ハムファイターズ,False,True,,needs_player_id,18,2010
empty_player_id,,石井 貴,埼玉西武ライオンズ,False,True,,needs_player_id,6,2005
empty_player_id,,石伊雄太,中日ドラゴンズ,True,False,,needs_player_id,1,2025
empty_player_id,,石原 勇輝,東京ヤクルトスワローズ,False,True,,needs_player_id,2,2024
empty_player_id,,石堂 克利,東京ヤクルトスワローズ,False,True,,needs_player_id,2,2005
empty_player_id,,石塚裕惺,読売ジャイアンツ,True,False,,needs_player_id,1,2025
empty_player_id,,石山 泰稚,東京ヤクルトスワローズ,False,True,,needs_player_id,24,2013
empty_player_id,,石崎 剛,千葉ロッテマリーンズ,False,True,,needs_player_id,4,2019
empty_player_id,,石崎 剛,阪神タイガース,False,True,,needs_player_id,10,2015
empty_player_id,,石川 俊介,阪神タイガース,False,True,,needs_player_id,6,2008
empty_player_id,,石川 柊太,福岡ソフトバンクホークス,False,True,,needs_player_id,16,2017
empty_player_id,,石川 歩,千葉ロッテマリーンズ,False,True,,needs_player_id,20,2014
empty_player_id,,石川 直也,北海道日本ハムファイターズ,False,True,,needs_player_id,12,2016
empty_player_id,,石川 翔,中日ドラゴンズ,False,True,,needs_player_id,2,2018
empty_player_id,,石川 賢,中日ドラゴンズ,False,True,,needs_player_id,4,2005
empty_player_id,,石川 達也,横浜DeNAベイスターズ,False,True,,needs_player_id,6,2022
empty_player_id,,石川 雅規,東京ヤクルトスワローズ,False,True,,needs_player_id,40,2005
empty_player_id,,石橋 良太,東北楽天ゴールデンイーグルス,False,True,,needs_player_id,12,2016
empty_player_id,,石田 健大,横浜DeNAベイスターズ,False,True,,needs_player_id,20,2015
empty_player_id,,石田充冴,読売ジャイアンツ,True,False,,needs_player_id,1,2025
empty_player_id,,石田 裕太郎,横浜DeNAベイスターズ,False,True,,needs_player_id,2,2024
empty_player_id,,石見颯真,福岡ソフトバンクホークス,True,False,,needs_player_id,1,2025
empty_player_id,,石黒 佑弥,阪神タイガース,False,True,,needs_player_id,2,2024
empty_player_id,,砂田 毅樹,中日ドラゴンズ,False,True,,needs_player_id,2,2023
empty_player_id,,砂田 毅樹,横浜DeNAベイスターズ,False,True,,needs_player_id,16,2015
empty_player_id,,祖父江 大輔,中日ドラゴンズ,False,True,,needs_player_id,22,2014
empty_player_id,,神内 靖,横浜DeNAベイスターズ,False,True,,needs_player_id,2,2013
empty_player_id,,神内 靖,福岡ソフトバンクホークス,False,True,,needs_player_id,14,2005
empty_player_id,,神戸 文也,オリックス・バファローズ,False,True,,needs_player_id,4,2019
empty_player_id,,神田 義英,千葉ロッテマリーンズ,False,True,,needs_player_id,8,2005
empty_player_id,,福井 優也,広島東洋カープ,False,True,,needs_player_id,16,2011
empty_player_id,,福井 優也,東北楽天ゴールデンイーグルス,False,True,,needs_player_id,8,2019
empty_player_id,,福倉 健太郎,埼玉西武ライオンズ,False,True,,needs_player_id,4,2015
empty_player_id,,福原 忍,阪神タイガース,False,True,,needs_player_id,24,2005
empty_player_id,,福地 元春,横浜DeNAベイスターズ,False,True,,needs_player_id,4,2015
empty_player_id,,福山 博之,東北楽天ゴールデンイーグルス,False,True,,needs_player_id,20,2013
empty_player_id,,福山 博之,横浜DeNAベイスターズ,False,True,,needs_player_id,2,2012
empty_player_id,,福島 章太,中日ドラゴンズ,False,True,,needs_player_id,2,2023
empty_player_id,,福島 蓮,北海道日本ハムファイターズ,False,True,,needs_player_id,2,2024
empty_player_id,,福 敬登,中日ドラゴンズ,False,True,,needs_player_id,18,2016
empty_player_id,,福永 春吾,阪神タイガース,False,True,,needs_player_id,8,2017
empty_player_id,,福田 俊,北海道日本ハムファイターズ,False,True,,needs_player_id,10,2020
empty_player_id,,福田 岳洋,横浜DeNAベイスターズ,False,True,,needs_player_id,4,2012
empty_player_id,,福田 聡志,読売ジャイアンツ,False,True,,needs_player_id,18,2006
empty_player_id,,福盛 和男,東北楽天ゴールデンイーグルス,False,True,,needs_player_id,10,2005
empty_player_id,,福谷 浩司,中日ドラゴンズ,False,True,,needs_player_id,24,2013
empty_player_id,,秋吉 亮,北海道日本ハムファイターズ,False,True,,needs_player_id,6,2019
empty_player_id,,秋吉 亮,東京ヤクルトスワローズ,False,True,,needs_player_id,10,2014
empty_player_id,,秋吉 亮,福岡ソフトバンクホークス,False,True,,needs_player_id,2,2022
empty_player_id,,秋山 拓巳,阪神タイガース,False,True,,needs_player_id,28,2010
empty_player_id,,秋親,千葉ロッテマリーンズ,False,True,,needs_player_id,2,2010
empty_player_id,,種市 篤暉,千葉ロッテマリーンズ,False,True,,needs_player_id,12,2018
empty_player_id,,立松由宇,千葉ロッテマリーンズ,True,False,,needs_player_id,1,2025
empty_player_id,,立田 将太,北海道日本ハムファイターズ,False,True,,needs_player_id,2,2018
empty_player_id,,立石 尚行,北海道日本ハムファイターズ,False,True,,needs_player_id,4,2005
empty_player_id,,立野 和明,北海道日本ハムファイターズ,False,True,,needs_player_id,6,2021
empty_player_id,,竹下 真吾,東京ヤクルトスワローズ,False,True,,needs_player_id,2,2016
empty_player_id,,竹安 大知,オリックス・バファローズ,False,True,,needs_player_id,10,2019
empty_player_id,,竹安 大知,阪神タイガース,False,True,,needs_player_id,4,2017
empty_player_id,,竹山 日向,東京ヤクルトスワローズ,False,True,,needs_player_id,2,2022
empty_player_id,,竹岡 和宏,福岡ソフトバンクホークス,False,True,,needs_player_id,8,2005
empty_player_id,,竹田祐,横浜DeNAベイスターズ,True,False,,needs_player_id,1,2025
empty_player_id,,笠井 崇正,横浜DeNAベイスターズ,False,True,,needs_player_id,8,2018
empty_player_id,,笠原 大芽,福岡ソフトバンクホークス,False,True,,needs_player_id,4,2017
empty_player_id,,笠原 将生,読売ジャイアンツ,False,True,,needs_player_id,8,2012
empty_player_id,,笠原 祥太郎,中日ドラゴンズ,False,True,,needs_player_id,10,2017
empty_player_id,,笠原 祥太郎,横浜DeNAベイスターズ,False,True,,needs_player_id,2,2023
empty_player_id,,笠谷 俊介,福岡ソフトバンクホークス,False,True,,needs_player_id,14,2017
empty_player_id,,筒井 和也,阪神タイガース,False,True,,needs_player_id,22,2005
empty_player_id,,篠原 慎平,読売ジャイアンツ,False,True,,needs_player_id,4,2017
empty_player_id,,篠原 貴行,横浜DeNAベイスターズ,False,True,,needs_player_id,2,2012
empty_player_id,,篠原 貴行,福岡ソフトバンクホークス,False,True,,needs_player_id,8,2005
empty_player_id,,篠原響,埼玉西武ライオンズ,True,False,,needs_player_id,1,2025
empty_player_id,,篠木健太郎,横浜DeNAベイスターズ,True,False,,needs_player_id,1,2025
empty_player_id,,篠田 純平,広島東洋カープ,False,True,,needs_player_id,14,2008
empty_player_id,,粟津 凱士,埼玉西武ライオンズ,False,True,,needs_player_id,2,2019
empty_player_id,,糸川 亮太,埼玉西武ライオンズ,False,True,,needs_player_id,2,2024
empty_player_id,,糸数 敬作,北海道日本ハムファイターズ,False,True,,needs_player_id,8,2009
empty_player_id,,紀藤 真琴,東北楽天ゴールデンイーグルス,False,True,,needs_player_id,2,2005
empty_player_id,,紅林　弘太郎,オリックス・バファローズ,True,False,,needs_player_id,2,2025
empty_player_id,,細野 晴希,北海道日本ハムファイターズ,False,True,,needs_player_id,2,2024
empty_player_id,,綾部 翔,横浜DeNAベイスターズ,False,True,,needs_player_id,2,2017
empty_player_id,,美馬 学,千葉ロッテマリーンズ,False,True,,needs_player_id,10,2020
empty_player_id,,美馬 学,東北楽天ゴールデンイーグルス,False,True,,needs_player_id,18,2011
empty_player_id,,羽田 慎之介,埼玉西武ライオンズ,False,True,,needs_player_id,2,2024
empty_player_id,,能見 篤史,オリックス・バファローズ,False,True,,needs_player_id,4,2021
empty_player_id,,能見 篤史,阪神タイガース,False,True,,needs_player_id,32,2005
empty_player_id,,與座 海人,埼玉西武ライオンズ,False,True,,needs_player_id,10,2020
empty_player_id,,船迫 大雅,読売ジャイアンツ,False,True,,needs_player_id,4,2023
empty_player_id,,芝崎 和広,埼玉西武ライオンズ,False,True,,needs_player_id,2,2005
empty_player_id,,花田 真人,東京ヤクルトスワローズ,False,True,,needs_player_id,10,2005
empty_player_id,,若松尚輝,横浜DeNAベイスターズ,True,False,,needs_player_id,1,2025
empty_player_id,,若松 駿太,中日ドラゴンズ,False,True,,needs_player_id,8,2014
empty_player_id,,若竹 竜士,北海道日本ハムファイターズ,False,True,,needs_player_id,2,2012
empty_player_id,,若竹 竜士,阪神タイガース,False,True,,needs_player_id,6,2007
empty_player_id,,荒巻悠,読売ジャイアンツ,True,False,,needs_player_id,1,2025
empty_player_id,,荒西 祐大,オリックス・バファローズ,False,True,,needs_player_id,4,2019
empty_player_id,,荘司宏太,東京ヤクルトスワローズ,True,False,,needs_player_id,1,2025
empty_player_id,,荘司 康誠,東北楽天ゴールデンイーグルス,False,True,,needs_player_id,4,2023
empty_player_id,,荻野 忠寛,千葉ロッテマリーンズ,False,True,,needs_player_id,10,2007
empty_player_id,,菅井 信也,埼玉西武ライオンズ,False,True,,needs_player_id,2,2024
empty_player_id,,菅原 秀,東北楽天ゴールデンイーグルス,False,True,,needs_player_id,8,2017
empty_player_id,,菅野 智之,読売ジャイアンツ,False,True,,needs_player_id,24,2013
empty_player_id,,菊地ハルン,広島東洋カープ,True,False,,needs_player_id,1,2025
empty_player_id,,菊地原 毅,広島東洋カープ,False,True,,needs_player_id,6,2011
empty_player_id,,菊地 吏玖,千葉ロッテマリーンズ,False,True,,needs_player_id,4,2023
empty_player_id,,菊地 和正,北海道日本ハムファイターズ,False,True,,needs_player_id,10,2005
empty_player_id,,菊地 和正,横浜DeNAベイスターズ,False,True,,needs_player_id,6,2012
empty_player_id,,菊地 大稀,読売ジャイアンツ,False,True,,needs_player_id,4,2022
empty_player_id,,菊地 正法,中日ドラゴンズ,False,True,,needs_player_id,4,2007
empty_player_id,,菊池 保則,広島東洋カープ,False,True,,needs_player_id,8,2019
empty_player_id,,菊池 保則,東北楽天ゴールデンイーグルス,False,True,,needs_player_id,18,2010
empty_player_id,,菊池 雄星,埼玉西武ライオンズ,False,True,,needs_player_id,16,2011
empty_player_id,,菊沢 竜佑,東京ヤクルトスワローズ,False,True,,needs_player_id,2,2017
empty_player_id,,萩原 淳,北海道日本ハムファイターズ,False,True,,needs_player_id,2,2007
empty_player_id,,萩原 淳,東京ヤクルトスワローズ,False,True,,needs_player_id,4,2008
empty_player_id,,萬谷 康平,横浜DeNAベイスターズ,False,True,,needs_player_id,4,2014
empty_player_id,,落合 英二,中日ドラゴンズ,False,True,,needs_player_id,4,2005
empty_player_id,,蔵本 治孝,東京ヤクルトスワローズ,False,True,,needs_player_id,2,2019
empty_player_id,,蕭 一傑,阪神タイガース,False,True,,needs_player_id,2,2011
empty_player_id,,薮田 和樹,広島東洋カープ,False,True,,needs_player_id,18,2015
empty_player_id,,薮田 安彦,千葉ロッテマリーンズ,False,True,,needs_player_id,12,2005
empty_player_id,,藤井 皓哉,広島東洋カープ,False,True,,needs_player_id,6,2017
empty_player_id,,藤井 皓哉,福岡ソフトバンクホークス,False,True,,needs_player_id,6,2022
empty_player_id,,藤井 秀悟,北海道日本ハムファイターズ,False,True,,needs_player_id,4,2008
empty_player_id,,藤井 秀悟,東京ヤクルトスワローズ,False,True,,needs_player_id,6,2005
empty_player_id,,藤井 秀悟,横浜DeNAベイスターズ,False,True,,needs_player_id,4,2012
empty_player_id,,藤井 秀悟,読売ジャイアンツ,False,True,,needs_player_id,4,2010
empty_player_id,,藤井 聖,東北楽天ゴールデンイーグルス,False,True,,needs_player_id,6,2022
empty_player_id,,藤井 黎來,広島東洋カープ,False,True,,needs_player_id,6,2020
empty_player_id,,藤原　恭大,千葉ロッテマリーンズ,True,False,,needs_player_id,2,2025
empty_player_id,,藤原 正典,阪神タイガース,False,True,,needs_player_id,8,2010
empty_player_id,,藤原 紘通,東北楽天ゴールデンイーグルス,False,True,,needs_player_id,6,2009
empty_player_id,,藤原 良平,埼玉西武ライオンズ,False,True,,needs_player_id,14,2011
empty_player_id,,藤岡 好明,北海道日本ハムファイターズ,False,True,,needs_player_id,6,2014
empty_player_id,,藤岡 好明,横浜DeNAベイスターズ,False,True,,needs_player_id,10,2016
empty_player_id,,藤岡 好明,福岡ソフトバンクホークス,False,True,,needs_player_id,16,2006
empty_player_id,,藤岡 貴裕,北海道日本ハムファイターズ,False,True,,needs_player_id,4,2018
empty_player_id,,藤岡 貴裕,千葉ロッテマリーンズ,False,True,,needs_player_id,12,2012
empty_player_id,,藤岡 貴裕,読売ジャイアンツ,False,True,,needs_player_id,2,2020
empty_player_id,,藤崎 紘範,東北楽天ゴールデンイーグルス,False,True,,needs_player_id,4,2005
empty_player_id,,藤嶋 健人,中日ドラゴンズ,False,True,,needs_player_id,14,2018
empty_player_id,,藤川 球児,阪神タイガース,False,True,,needs_player_id,26,2005
empty_player_id,,藤平 尚真,東北楽天ゴールデンイーグルス,False,True,,needs_player_id,14,2017
empty_player_id,,藤江 均,東北楽天ゴールデンイーグルス,False,True,,needs_player_id,2,2015
empty_player_id,,藤江 均,横浜DeNAベイスターズ,False,True,,needs_player_id,6,2012
empty_player_id,,藤浪 晋太郎,阪神タイガース,False,True,,needs_player_id,20,2013
empty_player_id,,藤田 太陽,埼玉西武ライオンズ,False,True,,needs_player_id,8,2009
empty_player_id,,藤田 太陽,東京ヤクルトスワローズ,False,True,,needs_player_id,2,2013
empty_player_id,,藤田 太陽,阪神タイガース,False,True,,needs_player_id,2,2009
empty_player_id,,藤田 宗一,千葉ロッテマリーンズ,False,True,,needs_player_id,6,2005
empty_player_id,,藤田 宗一,福岡ソフトバンクホークス,False,True,,needs_player_id,2,2011
empty_player_id,,藤田 宗一,読売ジャイアンツ,False,True,,needs_player_id,4,2008
empty_player_id,,藤田琉生,北海道日本ハムファイターズ,True,False,,needs_player_id,1,2025
empty_player_id,,藪 恵壹,東北楽天ゴールデンイーグルス,False,True,,needs_player_id,2,2010
empty_player_id,,西 勇輝,オリックス・バファローズ,False,True,,needs_player_id,2,2018
empty_player_id,,西 勇輝,阪神タイガース,False,True,,needs_player_id,12,2019
empty_player_id,,西原 圭大,広島東洋カープ,False,True,,needs_player_id,6,2014
empty_player_id,,西口 文也,埼玉西武ライオンズ,False,True,,needs_player_id,22,2005
empty_player_id,,西口 直人,東北楽天ゴールデンイーグルス,False,True,,needs_player_id,8,2018
empty_player_id,,西垣 雅矢,東北楽天ゴールデンイーグルス,False,True,,needs_player_id,6,2022
empty_player_id,,西宮 悠介,東北楽天ゴールデンイーグルス,False,True,,needs_player_id,12,2014
empty_player_id,,西山 道隆,福岡ソフトバンクホークス,False,True,,needs_player_id,6,2006
empty_player_id,,西崎 聡,東京ヤクルトスワローズ,False,True,,needs_player_id,6,2007
empty_player_id,,西川 健太郎,中日ドラゴンズ,False,True,,needs_player_id,6,2012
empty_player_id,,西川　史礁,千葉ロッテマリーンズ,True,False,,needs_player_id,3,2025
empty_player_id,,西川　愛也,埼玉西武ライオンズ,True,False,,needs_player_id,2,2025
empty_player_id,,西村 健太朗,読売ジャイアンツ,False,True,,needs_player_id,26,2005
empty_player_id,,西村 天裕,北海道日本ハムファイターズ,False,True,,needs_player_id,10,2018
empty_player_id,,西村 天裕,千葉ロッテマリーンズ,False,True,,needs_player_id,4,2023
empty_player_id,,西村 憲,阪神タイガース,False,True,,needs_player_id,8,2009
empty_player_id,,西 純矢,阪神タイガース,False,True,,needs_player_id,8,2021
empty_player_id,,西舘 勇陽,読売ジャイアンツ,False,True,,needs_player_id,2,2024
empty_player_id,,西野 勇士,千葉ロッテマリーンズ,False,True,,needs_player_id,20,2013
empty_player_id,,許 銘傑,埼玉西武ライオンズ,False,True,,needs_player_id,12,2005
empty_player_id,,誠,埼玉西武ライオンズ,False,True,,needs_player_id,6,2014
empty_player_id,,谷中 真二,埼玉西武ライオンズ,False,True,,needs_player_id,6,2008
empty_player_id,,谷中 真二,東北楽天ゴールデンイーグルス,False,True,,needs_player_id,6,2005
empty_player_id,,谷元 圭介,中日ドラゴンズ,False,True,,needs_player_id,14,2017
empty_player_id,,谷元 圭介,北海道日本ハムファイターズ,False,True,,needs_player_id,18,2009
empty_player_id,,谷岡 竜平,読売ジャイアンツ,False,True,,needs_player_id,4,2017
empty_player_id,,谷川 昌希,北海道日本ハムファイターズ,False,True,,needs_player_id,4,2021
empty_player_id,,谷川 昌希,阪神タイガース,False,True,,needs_player_id,6,2018
empty_player_id,,豆田 泰志,埼玉西武ライオンズ,False,True,,needs_player_id,4,2023
empty_player_id,,豊島 明好,北海道日本ハムファイターズ,False,True,,needs_player_id,2,2008
empty_player_id,,豊田 拓矢,埼玉西武ライオンズ,False,True,,needs_player_id,8,2014
empty_player_id,,豊田 清,埼玉西武ライオンズ,False,True,,needs_player_id,2,2005
empty_player_id,,豊田 清,広島東洋カープ,False,True,,needs_player_id,2,2011
empty_player_id,,豊田 清,読売ジャイアンツ,False,True,,needs_player_id,10,2006
empty_player_id,,赤坂 和幸,中日ドラゴンズ,False,True,,needs_player_id,2,2008
empty_player_id,,赤川 克紀,東京ヤクルトスワローズ,False,True,,needs_player_id,12,2009
empty_player_id,,赤星 優志,読売ジャイアンツ,False,True,,needs_player_id,6,2022
empty_player_id,,赤間 謙,横浜DeNAベイスターズ,False,True,,needs_player_id,2,2019
empty_player_id,,越智 大祐,読売ジャイアンツ,False,True,,needs_player_id,10,2008
empty_player_id,,辛島 航,東北楽天ゴールデンイーグルス,False,True,,needs_player_id,26,2009
empty_player_id,,辻 孟彦,中日ドラゴンズ,False,True,,needs_player_id,2,2013
empty_player_id,,近本　光司,阪神タイガース,True,False,,needs_player_id,1,2025
empty_player_id,,近藤 一樹,東京ヤクルトスワローズ,False,True,,needs_player_id,10,2016
empty_player_id,,近藤 大亮,オリックス・バファローズ,False,True,,needs_player_id,8,2018
empty_player_id,,近藤 廉,中日ドラゴンズ,False,True,,needs_player_id,4,2021
empty_player_id,,近藤 弘樹,東京ヤクルトスワローズ,False,True,,needs_player_id,2,2021
empty_player_id,,近藤 弘樹,東北楽天ゴールデンイーグルス,False,True,,needs_player_id,6,2018
empty_player_id,,進藤 拓也,横浜DeNAベイスターズ,False,True,,needs_player_id,8,2017
empty_player_id,,運天 ジョン・クレイトン,北海道日本ハムファイターズ,False,True,,needs_player_id,2,2011
empty_player_id,,達 孝太,北海道日本ハムファイターズ,False,True,,needs_player_id,4,2022
empty_player_id,,遠藤 政隆,中日ドラゴンズ,False,True,,needs_player_id,2,2005
empty_player_id,,遠藤 政隆,東京ヤクルトスワローズ,False,True,,needs_player_id,2,2007
empty_player_id,,遠藤 淳志,広島東洋カープ,False,True,,needs_player_id,12,2019
empty_player_id,,郭 俊麟,埼玉西武ライオンズ,False,True,,needs_player_id,8,2015
empty_player_id,,鄭 凱文,横浜DeNAベイスターズ,False,True,,needs_player_id,2,2013
empty_player_id,,鄭 凱文,阪神タイガース,False,True,,needs_player_id,4,2011
empty_player_id,,酒井 順也,読売ジャイアンツ,False,True,,needs_player_id,4,2005
empty_player_id,,酒居 知史,千葉ロッテマリーンズ,False,True,,needs_player_id,6,2017
empty_player_id,,酒居 知史,東北楽天ゴールデンイーグルス,False,True,,needs_player_id,10,2020
empty_player_id,,野上 亮磨,埼玉西武ライオンズ,False,True,,needs_player_id,18,2009
empty_player_id,,野上 亮磨,読売ジャイアンツ,False,True,,needs_player_id,6,2018
empty_player_id,,野口 茂樹,中日ドラゴンズ,False,True,,needs_player_id,2,2005
empty_player_id,,野口 茂樹,読売ジャイアンツ,False,True,,needs_player_id,4,2006
empty_player_id,,野川 拓斗,横浜DeNAベイスターズ,False,True,,needs_player_id,2,2016
empty_player_id,,野村 亮介,中日ドラゴンズ,False,True,,needs_player_id,2,2015
empty_player_id,,野村 祐輔,広島東洋カープ,False,True,,needs_player_id,26,2012
empty_player_id,,野田 昇吾,埼玉西武ライオンズ,False,True,,needs_player_id,10,2016
empty_player_id,,野間口 貴彦,読売ジャイアンツ,False,True,,needs_player_id,16,2005
empty_player_id,,金丸夢斗,中日ドラゴンズ,True,False,,needs_player_id,1,2025
empty_player_id,,金久保 優斗,東京ヤクルトスワローズ,False,True,,needs_player_id,10,2020
empty_player_id,,金伏 ウーゴ,東京ヤクルトスワローズ,False,True,,needs_player_id,2,2015
empty_player_id,,金刃 憲人,東北楽天ゴールデンイーグルス,False,True,,needs_player_id,10,2013
empty_player_id,,金刃 憲人,読売ジャイアンツ,False,True,,needs_player_id,10,2007
empty_player_id,,金剛 弘樹,中日ドラゴンズ,False,True,,needs_player_id,8,2005
empty_player_id,,金子 丈,中日ドラゴンズ,False,True,,needs_player_id,4,2015
empty_player_id,,金子 千尋,オリックス・バファローズ,False,True,,needs_player_id,2,2018
empty_player_id,,金子 千尋,北海道日本ハムファイターズ,False,True,,needs_player_id,2,2022
empty_player_id,,金子 弌大,北海道日本ハムファイターズ,False,True,,needs_player_id,6,2019
empty_player_id,,金平 将至,北海道日本ハムファイターズ,False,True,,needs_player_id,6,2014
empty_player_id,,金村 大裕,阪神タイガース,False,True,,needs_player_id,2,2009
empty_player_id,,金村 尚真,北海道日本ハムファイターズ,False,True,,needs_player_id,4,2023
empty_player_id,,金村 曉,北海道日本ハムファイターズ,False,True,,needs_player_id,6,2005
empty_player_id,,金村 曉,阪神タイガース,False,True,,needs_player_id,6,2008
empty_player_id,,金森 敬之,北海道日本ハムファイターズ,False,True,,needs_player_id,8,2007
empty_player_id,,金森 敬之,千葉ロッテマリーンズ,False,True,,needs_player_id,6,2014
empty_player_id,,金澤 健人,北海道日本ハムファイターズ,False,True,,needs_player_id,4,2007
empty_player_id,,金澤 健人,福岡ソフトバンクホークス,False,True,,needs_player_id,8,2010
empty_player_id,,金澤 健人,阪神タイガース,False,True,,needs_player_id,2,2006
empty_player_id,,金 無英,東北楽天ゴールデンイーグルス,False,True,,needs_player_id,2,2016
empty_player_id,,金 無英,福岡ソフトバンクホークス,False,True,,needs_player_id,10,2009
empty_player_id,,金田 和之,オリックス・バファローズ,False,True,,needs_player_id,8,2018
empty_player_id,,金田 和之,阪神タイガース,False,True,,needs_player_id,6,2014
empty_player_id,,金田 政彦,東北楽天ゴールデンイーグルス,False,True,,needs_player_id,4,2005
empty_player_id,,釜田 佳直,東北楽天ゴールデンイーグルス,False,True,,needs_player_id,20,2012
empty_player_id,,鈴木 健矢,北海道日本ハムファイターズ,False,True,,needs_player_id,10,2020
empty_player_id,,鈴木 優,オリックス・バファローズ,False,True,,needs_player_id,6,2019
empty_player_id,,鈴木 博志,オリックス・バファローズ,False,True,,needs_player_id,2,2024
empty_player_id,,鈴木 博志,中日ドラゴンズ,False,True,,needs_player_id,12,2018
empty_player_id,,鈴木 康平,読売ジャイアンツ,False,True,,needs_player_id,2,2023
empty_player_id,,鈴木 昭汰,千葉ロッテマリーンズ,False,True,,needs_player_id,8,2021
empty_player_id,,鈴木 義広,中日ドラゴンズ,False,True,,needs_player_id,20,2005
empty_player_id,,鈴木 翔天,東北楽天ゴールデンイーグルス,False,True,,needs_player_id,10,2020
empty_player_id,,鈴木 翔太,中日ドラゴンズ,False,True,,needs_player_id,8,2014
empty_player_id,,鈴木 遼太郎,北海道日本ハムファイターズ,False,True,,needs_player_id,2,2019
empty_player_id,,鍬原 拓也,読売ジャイアンツ,False,True,,needs_player_id,10,2018
empty_player_id,,鍵谷 陽平,北海道日本ハムファイターズ,False,True,,needs_player_id,16,2013
empty_player_id,,鍵谷 陽平,読売ジャイアンツ,False,True,,needs_player_id,10,2019
empty_player_id,,鎌倉 健,北海道日本ハムファイターズ,False,True,,needs_player_id,4,2005
empty_player_id,,鎌田 祐哉,東京ヤクルトスワローズ,False,True,,needs_player_id,8,2006
empty_player_id,,長井 良太,広島東洋カープ,False,True,,needs_player_id,2,2018
empty_player_id,,長峰 昌司,中日ドラゴンズ,False,True,,needs_player_id,10,2006
empty_player_id,,長田 秀一郎,埼玉西武ライオンズ,False,True,,needs_player_id,18,2005
empty_player_id,,長田 秀一郎,横浜DeNAベイスターズ,False,True,,needs_player_id,8,2013
empty_player_id,,長谷川　信哉,埼玉西武ライオンズ,True,False,,needs_player_id,2,2025
empty_player_id,,長谷川 凌汰,北海道日本ハムファイターズ,False,True,,needs_player_id,2,2021
empty_player_id,,長谷川 威展,北海道日本ハムファイターズ,False,True,,needs_player_id,4,2022
empty_player_id,,長谷川 威展,福岡ソフトバンクホークス,False,True,,needs_player_id,2,2024
empty_player_id,,長谷川 宙輝,東京ヤクルトスワローズ,False,True,,needs_player_id,8,2020
empty_player_id,,長谷川 昌幸,広島東洋カープ,False,True,,needs_player_id,12,2005
empty_player_id,,長谷川 潤,読売ジャイアンツ,False,True,,needs_player_id,2,2016
empty_player_id,,長谷部 康平,東北楽天ゴールデンイーグルス,False,True,,needs_player_id,16,2008
empty_player_id,,長谷部 銀次,広島東洋カープ,False,True,,needs_player_id,2,2024
empty_player_id,,門倉 健,読売ジャイアンツ,False,True,,needs_player_id,4,2007
empty_player_id,,門別 啓人,阪神タイガース,False,True,,needs_player_id,4,2023
empty_player_id,,関谷 亮太,千葉ロッテマリーンズ,False,True,,needs_player_id,6,2016
empty_player_id,,阪口 皓亮,東京ヤクルトスワローズ,False,True,,needs_player_id,4,2023
empty_player_id,,阪口 皓亮,横浜DeNAベイスターズ,False,True,,needs_player_id,8,2019
empty_player_id,,阿南 徹,読売ジャイアンツ,False,True,,needs_player_id,4,2013
empty_player_id,,阿斗里,横浜DeNAベイスターズ,False,True,,needs_player_id,2,2012
empty_player_id,,阿知羅 拓馬,中日ドラゴンズ,False,True,,needs_player_id,6,2016
empty_player_id,,阿部 健太,東京ヤクルトスワローズ,False,True,,needs_player_id,6,2012
empty_player_id,,阿部 健太,阪神タイガース,False,True,,needs_player_id,4,2008
empty_player_id,,阿部 和成,千葉ロッテマリーンズ,False,True,,needs_player_id,16,2011
empty_player_id,,阿部 翔太,オリックス・バファローズ,False,True,,needs_player_id,8,2021
empty_player_id,,陳 冠宇,横浜DeNAベイスターズ,False,True,,needs_player_id,2,2014
empty_player_id,,陽柏翔,東北楽天ゴールデンイーグルス,True,False,,needs_player_id,1,2025
empty_player_id,,陽 耀勲,福岡ソフトバンクホークス,False,True,,needs_player_id,10,2006
empty_player_id,,隅田 知一郎,埼玉西武ライオンズ,False,True,,needs_player_id,6,2022
empty_player_id,,雄太,中日ドラゴンズ,False,True,,needs_player_id,10,2012
empty_player_id,,青山 大紀,オリックス・バファローズ,False,True,,needs_player_id,2,2018
empty_player_id,,青山 浩二,東北楽天ゴールデンイーグルス,False,True,,needs_player_id,30,2006
empty_player_id,,青山 美夏人,埼玉西武ライオンズ,False,True,,needs_player_id,4,2023
empty_player_id,,青木 勇人,埼玉西武ライオンズ,False,True,,needs_player_id,2,2005
empty_player_id,,青木 勇人,広島東洋カープ,False,True,,needs_player_id,10,2006
empty_player_id,,青木 高広,広島東洋カープ,False,True,,needs_player_id,10,2007
empty_player_id,,青木 高広,読売ジャイアンツ,False,True,,needs_player_id,4,2013
empty_player_id,,青柳 晃洋,阪神タイガース,False,True,,needs_player_id,18,2016
empty_player_id,,須永 英輝,北海道日本ハムファイターズ,False,True,,needs_player_id,12,2005
empty_player_id,,須永 英輝,読売ジャイアンツ,False,True,,needs_player_id,2,2014
empty_player_id,,須田 幸太,横浜DeNAベイスターズ,False,True,,needs_player_id,14,2012
empty_player_id,,頓宮　裕真,オリックス・バファローズ,True,False,,needs_player_id,2,2025
empty_player_id,,風張 蓮,東京ヤクルトスワローズ,False,True,,needs_player_id,12,2015
empty_player_id,,風張 蓮,横浜DeNAベイスターズ,False,True,,needs_player_id,2,2021
empty_player_id,,飯塚 悟史,横浜DeNAベイスターズ,False,True,,needs_player_id,6,2017
empty_player_id,,飯田 優也,オリックス・バファローズ,False,True,,needs_player_id,2,2020
empty_player_id,,飯田 優也,福岡ソフトバンクホークス,False,True,,needs_player_id,10,2014
empty_player_id,,飯田 優也,阪神タイガース,False,True,,needs_player_id,4,2018
empty_player_id,,飯田 哲矢,広島東洋カープ,False,True,,needs_player_id,8,2015
empty_player_id,,館山 昌平,東京ヤクルトスワローズ,False,True,,needs_player_id,28,2005
empty_player_id,,香月 良仁,千葉ロッテマリーンズ,False,True,,needs_player_id,12,2010
empty_player_id,,香月 良太,読売ジャイアンツ,False,True,,needs_player_id,6,2013
empty_player_id,,馬原 孝浩,福岡ソフトバンクホークス,False,True,,needs_player_id,14,2005
empty_player_id,,馬場 皐輔,読売ジャイアンツ,False,True,,needs_player_id,2,2024
empty_player_id,,馬場 皐輔,阪神タイガース,False,True,,needs_player_id,12,2018
empty_player_id,,高井 雄平,東京ヤクルトスワローズ,False,True,,needs_player_id,10,2005
empty_player_id,,高堀 和也,東北楽天ゴールデンイーグルス,False,True,,needs_player_id,4,2012
empty_player_id,,高宮 和也,阪神タイガース,False,True,,needs_player_id,8,2013
empty_player_id,,高島 祥平,中日ドラゴンズ,False,True,,needs_player_id,2,2010
empty_player_id,,高崎 健太郎,横浜DeNAベイスターズ,False,True,,needs_player_id,10,2012
empty_player_id,,高市 俊,東京ヤクルトスワローズ,False,True,,needs_player_id,10,2007
empty_player_id,,高木 京介,読売ジャイアンツ,False,True,,needs_player_id,20,2012
empty_player_id,,高木 勇人,埼玉西武ライオンズ,False,True,,needs_player_id,4,2018
empty_player_id,,高木 勇人,読売ジャイアンツ,False,True,,needs_player_id,6,2015
empty_player_id,,高木 啓充,東京ヤクルトスワローズ,False,True,,needs_player_id,8,2006
empty_player_id,,高木 康成,読売ジャイアンツ,False,True,,needs_player_id,8,2010
empty_player_id,,高木 晃次,千葉ロッテマリーンズ,False,True,,needs_player_id,10,2005
empty_player_id,,高村 祐,東北楽天ゴールデンイーグルス,False,True,,needs_player_id,2,2005
empty_player_id,,高梨 裕稔,北海道日本ハムファイターズ,False,True,,needs_player_id,8,2015
empty_player_id,,高梨 裕稔,東京ヤクルトスワローズ,False,True,,needs_player_id,12,2019
empty_player_id,,高梨 雄平,東北楽天ゴールデンイーグルス,False,True,,needs_player_id,6,2017
empty_player_id,,高梨 雄平,読売ジャイアンツ,False,True,,needs_player_id,10,2020
empty_player_id,,高橋 光成,埼玉西武ライオンズ,False,True,,needs_player_id,2,2015
empty_player_id,,高橋 奎二,東京ヤクルトスワローズ,False,True,,needs_player_id,14,2018
empty_player_id,,高橋 尚成,横浜DeNAベイスターズ,False,True,,needs_player_id,2,2015
empty_player_id,,高橋 尚成,読売ジャイアンツ,False,True,,needs_player_id,10,2005
empty_player_id,,高橋幸佑,中日ドラゴンズ,True,False,,needs_player_id,1,2025
empty_player_id,,高橋 建,広島東洋カープ,False,True,,needs_player_id,10,2005
empty_player_id,,高橋 徹,福岡ソフトバンクホークス,False,True,,needs_player_id,2,2010
empty_player_id,,高橋 昂也,広島東洋カープ,False,True,,needs_player_id,6,2018
empty_player_id,,高橋 朋己,埼玉西武ライオンズ,False,True,,needs_player_id,6,2013
empty_player_id,,高橋 樹也,広島東洋カープ,False,True,,needs_player_id,8,2017
empty_player_id,,高橋 礼,福岡ソフトバンクホークス,False,True,,needs_player_id,12,2018
empty_player_id,,高橋 礼,読売ジャイアンツ,False,True,,needs_player_id,2,2024
empty_player_id,,高橋 秀聡,福岡ソフトバンクホークス,False,True,,needs_player_id,12,2005
empty_player_id,,高橋 聡文,中日ドラゴンズ,False,True,,needs_player_id,22,2005
empty_player_id,,高津 臣吾,東京ヤクルトスワローズ,False,True,,needs_player_id,4,2006
empty_player_id,,高田 孝一,東北楽天ゴールデンイーグルス,False,True,,needs_player_id,8,2021
empty_player_id,,高野 圭佑,千葉ロッテマリーンズ,False,True,,needs_player_id,8,2016
empty_player_id,,高野 圭佑,阪神タイガース,False,True,,needs_player_id,2,2019
empty_player_id,,高野 脩汰,千葉ロッテマリーンズ,False,True,,needs_player_id,4,2023
empty_player_id,,髙 太一,広島東洋カープ,False,True,,needs_player_id,2,2024
empty_player_id,,髙島 泰都,オリックス・バファローズ,False,True,,needs_player_id,2,2024
empty_player_id,,髙橋 優貴,読売ジャイアンツ,False,True,,needs_player_id,10,2019
empty_player_id,,髙橋 光成,埼玉西武ライオンズ,False,True,,needs_player_id,18,2016
empty_player_id,,髙橋 宏斗,中日ドラゴンズ,False,True,,needs_player_id,6,2022
empty_player_id,,髙橋 朋己,埼玉西武ライオンズ,False,True,,needs_player_id,6,2016
empty_player_id,,髙橋 純平,福岡ソフトバンクホークス,False,True,,needs_player_id,6,2017
empty_player_id,,髙橋 聡文,阪神タイガース,False,True,,needs_player_id,8,2016
empty_player_id,,髙橋 遥人,阪神タイガース,False,True,,needs_player_id,10,2018
empty_player_id,,髙田 萌生,東北楽天ゴールデンイーグルス,False,True,,needs_player_id,4,2021
empty_player_id,,髙田 萌生,読売ジャイアンツ,False,True,,needs_player_id,4,2018
empty_player_id,,鴨志田 貴司,読売ジャイアンツ,False,True,,needs_player_id,4,2005
empty_player_id,,鶴 直人,阪神タイガース,False,True,,needs_player_id,18,2008
empty_player_id,,麦谷祐介,オリックス・バファローズ,True,False,,needs_player_id,1,2025
empty_player_id,,黄 志龍,読売ジャイアンツ,False,True,,needs_player_id,2,2010
empty_player_id,,黒原 拓未,広島東洋カープ,False,True,,needs_player_id,6,2022
empty_player_id,,黒木 優太,オリックス・バファローズ,False,True,,needs_player_id,6,2018
empty_player_id,,黒木 優太,北海道日本ハムファイターズ,False,True,,needs_player_id,2,2024
empty_player_id,,黒木 知宏,千葉ロッテマリーンズ,False,True,,needs_player_id,6,2005
empty_player_id,,黒沢 翔太,千葉ロッテマリーンズ,False,True,,needs_player_id,10,2013
empty_player_id,,黒田 博樹,広島東洋カープ,False,True,,needs_player_id,10,2005
empty_player_id,,齊藤 信介,中日ドラゴンズ,False,True,,needs_player_id,6,2006
empty_player_id,,齊藤 勝,北海道日本ハムファイターズ,False,True,,needs_player_id,4,2013
empty_player_id,,齊藤 大将,埼玉西武ライオンズ,False,True,,needs_player_id,6,2018
empty_player_id,,齊藤 悠葵,広島東洋カープ,False,True,,needs_player_id,12,2006
empty_player_id,,齋藤 俊介,横浜DeNAベイスターズ,False,True,,needs_player_id,2,2019
empty_player_id,,齋藤 友貴哉,北海道日本ハムファイターズ,False,True,,needs_player_id,2,2024
empty_player_id,,齋藤 友貴哉,阪神タイガース,False,True,,needs_player_id,8,2019
empty_player_id,,齋藤 綱記,オリックス・バファローズ,False,True,,needs_player_id,10,2018
empty_player_id,,齋藤 綱記,中日ドラゴンズ,False,True,,needs_player_id,4,2023
empty_player_id,,齋藤 綱記,北海道日本ハムファイターズ,False,True,,needs_player_id,2,2023
empty_player_id,,齋藤 響介,オリックス・バファローズ,False,True,,needs_player_id,4,2023
empty_player_id,,龍山暖,埼玉西武ライオンズ,True,False,,needs_player_id,1,2025
empty_player_id,,Ｂ．ロドリゲス,北海道日本ハムファイターズ,False,True,,needs_player_id,2,2021
empty_player_id,,Ｃ．Ｃ．リー,埼玉西武ライオンズ,False,True,,needs_player_id,2,2016
empty_player_id,,ＤＪ．ジョンソン,広島東洋カープ,False,True,,needs_player_id,2,2020
empty_player_id,,ＧＧ,読売ジャイアンツ,False,True,,needs_player_id,2,2007
empty_player_id,,Ｊ．Ｔ．シャギワ,東北楽天ゴールデンイーグルス,False,True,,needs_player_id,2,2020
empty_player_id,,Ｋ－鈴木,オリックス・バファローズ,False,True,,needs_player_id,10,2018
empty_player_id,,Ｋ．ケラー,阪神タイガース,False,True,,needs_player_id,2,2023
empty_player_id,,Ｋ．ジョンソン,広島東洋カープ,False,True,,needs_player_id,2,2020
empty_player_id,,Ｍ．中村,読売ジャイアンツ,False,True,,needs_player_id,2,2009
empty_player_id,,ＭＩＣＨＥＡＬ,北海道日本ハムファイターズ,False,True,,needs_player_id,8,2005
empty_player_id,,ＭＩＣＨＥＡＬ,埼玉西武ライオンズ,False,True,,needs_player_id,2,2012
empty_player_id,,ＭＩＣＨＥＡＬ,読売ジャイアンツ,False,True,,needs_player_id,4,2010
empty_player_id,,Ｒ．マルティネス,中日ドラゴンズ,False,True,,needs_player_id,10,2018
